"Header Size"           ,15              
"Model Name"            ,"DL850EV       "
"Comment"               ,"                         "
"BlockNumber"           ,1               
"TraceName"             ,"Vgate         ","Vds           ","Id            "
"BlockSize"             ,4004            ,4004            ,4004            
"VUnit"                 ,"V             ","V             ","A             "
"SampleRate"            ,20000000.000000 ,20000000.000000 ,20000000.000000 
"HResolution"           ,5.000000e-08    ,5.000000e-08    ,5.000000e-08    
"HOffset"               ,-6.000000e-05   ,-6.000000e-05   ,-6.000000e-05   
"HUnit"                 ,"s             ","s             ","s             "
"DisplayPointNo."       ,1               ,1               ,1               
"PhaseShift"            ,1               ,1               ,1               
"Date"                  ,"2026/05/15    ","2026/05/15    ","2026/05/15    "
"Time"                  ,"13:47:07.38686304","13:47:07.38686304","13:47:07.38686304"

13:47:07.38680304, 0.0000E+00, 1.1067E+01, 1.4667E+00,
13:47:07.38680309, 6.6667E-02, 1.1133E+01, 1.6000E+00,
13:47:07.38680314, 0.0000E+00, 1.1067E+01, 1.8667E+00,
13:47:07.38680319, 6.6667E-02, 1.1067E+01, 1.3333E+00,
13:47:07.38680324, 0.0000E+00, 1.1200E+01, 1.3333E+00,
13:47:07.38680329, 0.0000E+00, 1.1133E+01, 1.6000E+00,
13:47:07.38680334, 6.6667E-02, 1.1333E+01, 1.6000E+00,
13:47:07.38680339, 3.3333E-02, 1.1067E+01, 1.3333E+00,
13:47:07.38680344, 0.0000E+00, 1.0933E+01, 1.4667E+00,
13:47:07.38680349, 0.0000E+00, 1.1133E+01, 1.3333E+00,
13:47:07.38680354, 0.0000E+00, 1.1067E+01, 1.3333E+00,
13:47:07.38680359, 3.3333E-02, 1.1067E+01, 1.3333E+00,
13:47:07.38680364,-3.3333E-02, 1.1000E+01, 1.3333E+00,
13:47:07.38680369, 0.0000E+00, 1.1200E+01, 1.6000E+00,
13:47:07.38680374, 0.0000E+00, 1.1200E+01, 1.4667E+00,
13:47:07.38680379, 3.3333E-02, 1.1067E+01, 1.3333E+00,
13:47:07.38680384, 3.3333E-02, 1.1067E+01, 1.2000E+00,
13:47:07.38680389,-3.3333E-02, 1.1133E+01, 1.0667E+00,
13:47:07.38680394,-3.3333E-02, 1.1200E+01, 1.4667E+00,
13:47:07.38680399, 0.0000E+00, 1.1067E+01, 1.4667E+00,
13:47:07.38680404, 6.6667E-02, 1.1133E+01, 1.4667E+00,
13:47:07.38680409, 0.0000E+00, 1.0933E+01, 1.3333E+00,
13:47:07.38680414, 0.0000E+00, 1.1067E+01, 1.6000E+00,
13:47:07.38680419, 6.6667E-02, 1.1067E+01, 1.6000E+00,
13:47:07.38680424, 0.0000E+00, 1.1067E+01, 1.3333E+00,
13:47:07.38680429,-3.3333E-02, 1.1067E+01, 1.6000E+00,
13:47:07.38680434, 0.0000E+00, 1.1067E+01, 1.6000E+00,
13:47:07.38680439, 3.3333E-02, 1.1067E+01, 1.4667E+00,
13:47:07.38680444, 0.0000E+00, 1.1200E+01, 1.4667E+00,
13:47:07.38680449, 1.0000E-01, 1.1000E+01, 1.2000E+00,
13:47:07.38680454, 6.6667E-02, 1.1133E+01, 1.8667E+00,
13:47:07.38680459, 3.3333E-02, 1.1133E+01, 1.4667E+00,
13:47:07.38680464,-3.3333E-02, 1.1067E+01, 1.3333E+00,
13:47:07.38680469, 6.6667E-02, 1.1067E+01, 1.2000E+00,
13:47:07.38680474, 3.3333E-02, 1.1000E+01, 1.6000E+00,
13:47:07.38680479, 3.3333E-02, 1.1000E+01, 1.3333E+00,
13:47:07.38680484, 3.3333E-02, 1.1067E+01, 1.4667E+00,
13:47:07.38680489, 0.0000E+00, 1.1267E+01, 1.4667E+00,
13:47:07.38680494, 1.0000E-01, 1.1333E+01, 1.4667E+00,
13:47:07.38680499,-3.3333E-02, 1.1067E+01, 1.6000E+00,
13:47:07.38680504,-3.3333E-02, 1.1067E+01, 1.4667E+00,
13:47:07.38680509, 1.0000E-01, 1.1133E+01, 1.7333E+00,
13:47:07.38680514, 6.6667E-02, 1.1133E+01, 1.4667E+00,
13:47:07.38680519, 3.3333E-02, 1.1133E+01, 1.7333E+00,
13:47:07.38680524, 0.0000E+00, 1.1200E+01, 1.3333E+00,
13:47:07.38680529, 1.0000E-01, 1.1067E+01, 1.4667E+00,
13:47:07.38680534, 0.0000E+00, 1.1067E+01, 1.4667E+00,
13:47:07.38680539,-6.6667E-02, 1.1000E+01, 1.3333E+00,
13:47:07.38680544, 0.0000E+00, 1.1200E+01, 1.6000E+00,
13:47:07.38680549, 0.0000E+00, 1.1067E+01, 1.3333E+00,
13:47:07.38680554,-3.3333E-02, 1.1000E+01, 1.8667E+00,
13:47:07.38680559, 3.3333E-02, 1.0933E+01, 1.6000E+00,
13:47:07.38680564, 0.0000E+00, 1.1133E+01, 1.4667E+00,
13:47:07.38680569, 1.0000E-01, 1.1000E+01, 1.6000E+00,
13:47:07.38680574, 6.6667E-02, 1.1133E+01, 1.3333E+00,
13:47:07.38680579,-1.0000E-01, 1.1067E+01, 1.3333E+00,
13:47:07.38680584,-3.3333E-02, 1.1200E+01, 1.4667E+00,
13:47:07.38680589, 0.0000E+00, 1.1000E+01, 1.3333E+00,
13:47:07.38680594, 0.0000E+00, 1.0933E+01, 1.4667E+00,
13:47:07.38680599, 0.0000E+00, 1.1267E+01, 1.6000E+00,
13:47:07.38680604,-6.6667E-02, 1.1200E+01, 1.4667E+00,
13:47:07.38680609,-6.6667E-02, 1.1200E+01, 1.4667E+00,
13:47:07.38680614, 0.0000E+00, 1.1200E+01, 1.3333E+00,
13:47:07.38680619, 0.0000E+00, 1.1133E+01, 1.3333E+00,
13:47:07.38680624, 3.3333E-02, 1.1000E+01, 1.3333E+00,
13:47:07.38680629, 0.0000E+00, 1.1200E+01, 1.6000E+00,
13:47:07.38680634, 1.0000E-01, 1.1000E+01, 1.3333E+00,
13:47:07.38680639,-3.3333E-02, 1.1067E+01, 1.6000E+00,
13:47:07.38680644, 0.0000E+00, 1.1067E+01, 1.2000E+00,
13:47:07.38680649, 6.6667E-02, 1.1067E+01, 1.2000E+00,
13:47:07.38680654, 0.0000E+00, 1.1067E+01, 1.4667E+00,
13:47:07.38680659,-3.3333E-02, 1.1133E+01, 1.7333E+00,
13:47:07.38680664, 0.0000E+00, 1.1067E+01, 1.7333E+00,
13:47:07.38680669, 6.6667E-02, 1.1133E+01, 1.4667E+00,
13:47:07.38680674,-3.3333E-02, 1.1067E+01, 1.3333E+00,
13:47:07.38680679, 3.3333E-02, 1.1133E+01, 1.3333E+00,
13:47:07.38680684,-3.3333E-02, 1.1067E+01, 1.4667E+00,
13:47:07.38680689, 3.3333E-02, 1.1067E+01, 9.3333E-01,
13:47:07.38680694, 6.6667E-02, 1.1067E+01, 1.3333E+00,
13:47:07.38680699, 3.3333E-02, 1.1200E+01, 1.7333E+00,
13:47:07.38680704, 0.0000E+00, 1.1133E+01, 1.8667E+00,
13:47:07.38680709, 0.0000E+00, 1.1000E+01, 1.6000E+00,
13:47:07.38680714, 0.0000E+00, 1.1133E+01, 1.7333E+00,
13:47:07.38680719,-6.6667E-02, 1.1133E+01, 1.3333E+00,
13:47:07.38680724, 3.3333E-02, 1.1067E+01, 1.6000E+00,
13:47:07.38680729, 0.0000E+00, 1.1200E+01, 1.4667E+00,
13:47:07.38680734,-3.3333E-02, 1.1000E+01, 1.7333E+00,
13:47:07.38680739, 6.6667E-02, 1.1000E+01, 1.3333E+00,
13:47:07.38680744, 3.3333E-02, 1.1067E+01, 1.4667E+00,
13:47:07.38680749,-6.6667E-02, 1.1067E+01, 1.3333E+00,
13:47:07.38680754,-3.3333E-02, 1.1200E+01, 1.6000E+00,
13:47:07.38680759, 6.6667E-02, 1.1133E+01, 1.6000E+00,
13:47:07.38680764, 3.3333E-02, 1.1067E+01, 1.7333E+00,
13:47:07.38680769, 3.3333E-02, 1.1067E+01, 1.3333E+00,
13:47:07.38680774, 0.0000E+00, 1.1133E+01, 1.0667E+00,
13:47:07.38680779,-3.3333E-02, 1.1267E+01, 1.4667E+00,
13:47:07.38680784, 6.6667E-02, 1.1067E+01, 1.3333E+00,
13:47:07.38680789,-6.6667E-02, 1.1133E+01, 1.3333E+00,
13:47:07.38680794, 0.0000E+00, 1.1067E+01, 1.3333E+00,
13:47:07.38680799, 0.0000E+00, 1.1200E+01, 1.4667E+00,
13:47:07.38680804, 0.0000E+00, 1.1067E+01, 1.4667E+00,
13:47:07.38680809, 3.3333E-02, 1.1200E+01, 1.6000E+00,
13:47:07.38680814, 0.0000E+00, 1.1133E+01, 1.6000E+00,
13:47:07.38680819, 3.3333E-02, 1.1133E+01, 1.6000E+00,
13:47:07.38680824, 6.6667E-02, 1.1133E+01, 1.6000E+00,
13:47:07.38680829,-3.3333E-02, 1.1000E+01, 1.4667E+00,
13:47:07.38680834,-3.3333E-02, 1.1067E+01, 1.6000E+00,
13:47:07.38680839,-3.3333E-02, 1.1000E+01, 1.8667E+00,
13:47:07.38680844, 3.3333E-02, 1.1067E+01, 1.6000E+00,
13:47:07.38680849, 6.6667E-02, 1.1133E+01, 1.4667E+00,
13:47:07.38680854, 0.0000E+00, 1.1200E+01, 1.4667E+00,
13:47:07.38680859, 0.0000E+00, 1.1067E+01, 1.7333E+00,
13:47:07.38680864, 0.0000E+00, 1.1067E+01, 1.2000E+00,
13:47:07.38680869, 0.0000E+00, 1.1200E+01, 1.6000E+00,
13:47:07.38680874, 0.0000E+00, 1.1000E+01, 1.3333E+00,
13:47:07.38680879, 3.3333E-02, 1.1200E+01, 1.3333E+00,
13:47:07.38680884, 6.6667E-02, 1.1067E+01, 1.2000E+00,
13:47:07.38680889, 6.6667E-02, 1.1000E+01, 1.6000E+00,
13:47:07.38680894,-3.3333E-02, 1.1133E+01, 1.6000E+00,
13:47:07.38680899,-6.6667E-02, 1.1200E+01, 1.3333E+00,
13:47:07.38680904, 3.3333E-02, 1.1133E+01, 1.7333E+00,
13:47:07.38680909, 6.6667E-02, 1.1067E+01, 1.6000E+00,
13:47:07.38680914, 0.0000E+00, 1.1067E+01, 1.3333E+00,
13:47:07.38680919, 3.3333E-02, 1.1133E+01, 1.4667E+00,
13:47:07.38680924,-6.6667E-02, 1.1133E+01, 1.4667E+00,
13:47:07.38680929,-3.3333E-02, 1.1067E+01, 1.3333E+00,
13:47:07.38680934,-6.6667E-02, 1.0933E+01, 1.3333E+00,
13:47:07.38680939, 3.3333E-02, 1.1133E+01, 1.3333E+00,
13:47:07.38680944, 0.0000E+00, 1.1133E+01, 1.3333E+00,
13:47:07.38680949, 0.0000E+00, 1.1133E+01, 1.3333E+00,
13:47:07.38680954, 6.6667E-02, 1.1067E+01, 1.6000E+00,
13:47:07.38680959, 0.0000E+00, 1.1067E+01, 1.4667E+00,
13:47:07.38680964, 6.6667E-02, 1.1067E+01, 1.6000E+00,
13:47:07.38680969, 0.0000E+00, 1.1067E+01, 1.3333E+00,
13:47:07.38680974, 1.0000E-01, 1.1133E+01, 1.2000E+00,
13:47:07.38680979, 0.0000E+00, 1.1000E+01, 1.7333E+00,
13:47:07.38680984, 1.0000E-01, 1.0933E+01, 1.3333E+00,
13:47:07.38680989,-3.3333E-02, 1.1133E+01, 1.3333E+00,
13:47:07.38680994, 0.0000E+00, 1.1067E+01, 1.2000E+00,
13:47:07.38680999, 0.0000E+00, 1.1200E+01, 1.6000E+00,
13:47:07.38681004,-3.3333E-02, 1.1067E+01, 1.4667E+00,
13:47:07.38681009, 0.0000E+00, 1.1200E+01, 1.6000E+00,
13:47:07.38681014, 0.0000E+00, 1.1000E+01, 1.6000E+00,
13:47:07.38681019,-3.3333E-02, 1.1067E+01, 1.7333E+00,
13:47:07.38681024,-3.3333E-02, 1.1000E+01, 1.2000E+00,
13:47:07.38681029, 0.0000E+00, 1.1067E+01, 1.4667E+00,
13:47:07.38681034,-3.3333E-02, 1.1133E+01, 1.3333E+00,
13:47:07.38681039, 6.6667E-02, 1.1067E+01, 1.4667E+00,
13:47:07.38681044,-3.3333E-02, 1.1133E+01, 1.6000E+00,
13:47:07.38681049, 0.0000E+00, 1.1067E+01, 1.6000E+00,
13:47:07.38681054, 3.3333E-02, 1.1133E+01, 1.4667E+00,
13:47:07.38681059, 0.0000E+00, 1.1200E+01, 1.6000E+00,
13:47:07.38681064, 0.0000E+00, 1.1067E+01, 1.3333E+00,
13:47:07.38681069, 0.0000E+00, 1.1000E+01, 1.3333E+00,
13:47:07.38681074, 3.3333E-02, 1.1067E+01, 1.0667E+00,
13:47:07.38681079, 3.3333E-02, 1.1133E+01, 1.6000E+00,
13:47:07.38681084, 0.0000E+00, 1.1133E+01, 1.6000E+00,
13:47:07.38681089,-3.3333E-02, 1.1067E+01, 1.4667E+00,
13:47:07.38681094, 3.3333E-02, 1.1067E+01, 1.0667E+00,
13:47:07.38681099, 0.0000E+00, 1.1267E+01, 1.6000E+00,
13:47:07.38681104, 3.3333E-02, 1.1000E+01, 1.7333E+00,
13:47:07.38681109, 0.0000E+00, 1.1000E+01, 1.4667E+00,
13:47:07.38681114, 3.3333E-02, 1.1067E+01, 1.4667E+00,
13:47:07.38681119, 0.0000E+00, 1.1267E+01, 1.4667E+00,
13:47:07.38681124,-3.3333E-02, 1.1133E+01, 1.4667E+00,
13:47:07.38681129, 6.6667E-02, 1.1133E+01, 1.3333E+00,
13:47:07.38681134,-3.3333E-02, 1.1000E+01, 1.4667E+00,
13:47:07.38681139, 0.0000E+00, 1.1267E+01, 1.7333E+00,
13:47:07.38681144, 0.0000E+00, 1.1067E+01, 1.3333E+00,
13:47:07.38681149,-3.3333E-02, 1.1133E+01, 1.3333E+00,
13:47:07.38681154, 3.3333E-02, 1.1000E+01, 1.4667E+00,
13:47:07.38681159, 0.0000E+00, 1.1133E+01, 1.6000E+00,
13:47:07.38681164, 0.0000E+00, 1.1000E+01, 1.6000E+00,
13:47:07.38681169, 3.3333E-02, 1.1133E+01, 1.3333E+00,
13:47:07.38681174, 0.0000E+00, 1.1067E+01, 1.2000E+00,
13:47:07.38681179, 0.0000E+00, 1.1067E+01, 1.4667E+00,
13:47:07.38681184, 0.0000E+00, 1.1067E+01, 1.6000E+00,
13:47:07.38681189, 0.0000E+00, 1.1200E+01, 1.7333E+00,
13:47:07.38681194, 1.3333E-01, 1.1133E+01, 1.7333E+00,
13:47:07.38681199, 3.3333E-02, 1.1133E+01, 1.8667E+00,
13:47:07.38681204, 0.0000E+00, 1.1067E+01, 1.3333E+00,
13:47:07.38681209, 3.3333E-02, 1.1067E+01, 1.4667E+00,
13:47:07.38681214, 3.3333E-02, 1.1267E+01, 1.2000E+00,
13:47:07.38681219, 3.3333E-02, 1.1000E+01, 1.7333E+00,
13:47:07.38681224, 0.0000E+00, 1.1133E+01, 1.3333E+00,
13:47:07.38681229, 0.0000E+00, 1.1200E+01, 1.3333E+00,
13:47:07.38681234, 6.6667E-02, 1.1200E+01, 1.6000E+00,
13:47:07.38681239, 6.6667E-02, 1.1200E+01, 1.4667E+00,
13:47:07.38681244, 0.0000E+00, 1.1133E+01, 1.7333E+00,
13:47:07.38681249, 0.0000E+00, 1.1067E+01, 1.6000E+00,
13:47:07.38681254, 1.0000E-01, 1.1133E+01, 1.7333E+00,
13:47:07.38681259,-3.3333E-02, 1.1133E+01, 1.3333E+00,
13:47:07.38681264,-3.3333E-02, 1.1067E+01, 1.4667E+00,
13:47:07.38681269, 6.6667E-02, 1.1200E+01, 1.2000E+00,
13:47:07.38681274, 3.3333E-02, 1.1000E+01, 1.4667E+00,
13:47:07.38681279, 6.6667E-02, 1.1133E+01, 1.6000E+00,
13:47:07.38681284,-3.3333E-02, 1.1000E+01, 1.7333E+00,
13:47:07.38681289, 3.3333E-02, 1.1000E+01, 1.4667E+00,
13:47:07.38681294, 0.0000E+00, 1.1133E+01, 1.2000E+00,
13:47:07.38681299,-6.6667E-02, 1.1200E+01, 1.8667E+00,
13:47:07.38681304, 3.3333E-02, 1.1133E+01, 1.3333E+00,
13:47:07.38681309, 3.3333E-02, 1.1000E+01, 1.2000E+00,
13:47:07.38681314, 6.6667E-02, 1.1200E+01, 1.3333E+00,
13:47:07.38681319, 0.0000E+00, 1.1133E+01, 1.6000E+00,
13:47:07.38681324, 3.3333E-02, 1.1133E+01, 1.3333E+00,
13:47:07.38681329,-3.3333E-02, 1.1133E+01, 1.4667E+00,
13:47:07.38681334, 6.6667E-02, 1.1200E+01, 1.4667E+00,
13:47:07.38681339, 3.3333E-02, 1.1000E+01, 1.3333E+00,
13:47:07.38681344,-3.3333E-02, 1.1067E+01, 1.7333E+00,
13:47:07.38681349, 6.6667E-02, 1.1133E+01, 1.4667E+00,
13:47:07.38681354, 0.0000E+00, 1.1000E+01, 1.6000E+00,
13:47:07.38681359, 0.0000E+00, 1.1133E+01, 1.4667E+00,
13:47:07.38681364, 3.3333E-02, 1.1133E+01, 1.4667E+00,
13:47:07.38681369, 0.0000E+00, 1.1133E+01, 1.3333E+00,
13:47:07.38681374, 3.3333E-02, 1.0867E+01, 1.3333E+00,
13:47:07.38681379, 6.6667E-02, 1.1067E+01, 1.4667E+00,
13:47:07.38681384, 3.3333E-02, 1.1067E+01, 1.7333E+00,
13:47:07.38681389, 6.6667E-02, 1.1133E+01, 1.6000E+00,
13:47:07.38681394, 0.0000E+00, 1.1000E+01, 1.2000E+00,
13:47:07.38681399, 6.6667E-02, 1.1067E+01, 1.4667E+00,
13:47:07.38681404,-6.6667E-02, 1.1200E+01, 1.7333E+00,
13:47:07.38681409, 0.0000E+00, 1.1000E+01, 1.6000E+00,
13:47:07.38681414,-3.3333E-02, 1.1133E+01, 1.4667E+00,
13:47:07.38681419, 3.3333E-02, 1.1133E+01, 1.6000E+00,
13:47:07.38681424, 3.3333E-02, 1.1000E+01, 1.3333E+00,
13:47:07.38681429, 3.3333E-02, 1.0933E+01, 1.3333E+00,
13:47:07.38681434, 6.6667E-02, 1.1067E+01, 1.6000E+00,
13:47:07.38681439, 0.0000E+00, 1.1000E+01, 1.3333E+00,
13:47:07.38681444,-3.3333E-02, 1.1200E+01, 1.7333E+00,
13:47:07.38681449, 0.0000E+00, 1.1133E+01, 1.6000E+00,
13:47:07.38681454, 3.3333E-02, 1.1067E+01, 1.2000E+00,
13:47:07.38681459, 3.3333E-02, 1.1067E+01, 1.7333E+00,
13:47:07.38681464, 0.0000E+00, 1.1000E+01, 1.6000E+00,
13:47:07.38681469,-3.3333E-02, 1.1000E+01, 1.3333E+00,
13:47:07.38681474, 6.6667E-02, 1.1000E+01, 1.3333E+00,
13:47:07.38681479, 3.3333E-02, 1.1000E+01, 1.3333E+00,
13:47:07.38681484, 3.3333E-02, 1.0933E+01, 1.4667E+00,
13:47:07.38681489, 0.0000E+00, 1.1067E+01, 1.7333E+00,
13:47:07.38681494, 6.6667E-02, 1.0933E+01, 1.7333E+00,
13:47:07.38681499, 0.0000E+00, 1.1067E+01, 1.7333E+00,
13:47:07.38681504,-3.3333E-02, 1.1067E+01, 1.7333E+00,
13:47:07.38681509,-3.3333E-02, 1.1133E+01, 1.2000E+00,
13:47:07.38681514, 0.0000E+00, 1.1000E+01, 1.4667E+00,
13:47:07.38681519,-3.3333E-02, 1.1067E+01, 1.4667E+00,
13:47:07.38681524, 6.6667E-02, 1.1133E+01, 1.6000E+00,
13:47:07.38681529, 0.0000E+00, 1.1133E+01, 1.4667E+00,
13:47:07.38681534,-3.3333E-02, 1.1067E+01, 1.6000E+00,
13:47:07.38681539,-6.6667E-02, 1.1133E+01, 1.6000E+00,
13:47:07.38681544, 3.3333E-02, 1.1133E+01, 1.8667E+00,
13:47:07.38681549,-3.3333E-02, 1.1200E+01, 1.4667E+00,
13:47:07.38681554, 0.0000E+00, 1.1133E+01, 1.3333E+00,
13:47:07.38681559, 1.0000E-01, 1.1000E+01, 1.6000E+00,
13:47:07.38681564, 0.0000E+00, 1.1133E+01, 1.8667E+00,
13:47:07.38681569, 3.3333E-02, 1.1133E+01, 1.6000E+00,
13:47:07.38681574, 6.6667E-02, 1.1000E+01, 1.3333E+00,
13:47:07.38681579, 0.0000E+00, 1.1067E+01, 1.4667E+00,
13:47:07.38681584, 6.6667E-02, 1.1067E+01, 1.6000E+00,
13:47:07.38681589, 3.3333E-02, 1.1000E+01, 1.6000E+00,
13:47:07.38681594, 0.0000E+00, 1.1067E+01, 1.6000E+00,
13:47:07.38681599, 0.0000E+00, 1.1200E+01, 1.6000E+00,
13:47:07.38681604, 1.0000E-01, 1.0800E+01, 1.3333E+00,
13:47:07.38681609, 0.0000E+00, 1.1000E+01, 1.6000E+00,
13:47:07.38681614, 3.3333E-02, 1.1067E+01, 1.4667E+00,
13:47:07.38681619, 0.0000E+00, 1.1000E+01, 1.3333E+00,
13:47:07.38681624,-3.3333E-02, 1.1067E+01, 1.3333E+00,
13:47:07.38681629, 1.0000E-01, 1.1133E+01, 1.3333E+00,
13:47:07.38681634, 3.3333E-02, 1.1200E+01, 1.4667E+00,
13:47:07.38681639, 0.0000E+00, 1.1133E+01, 1.8667E+00,
13:47:07.38681644, 0.0000E+00, 1.1267E+01, 1.3333E+00,
13:47:07.38681649, 3.3333E-02, 1.1200E+01, 1.8667E+00,
13:47:07.38681654,-3.3333E-02, 1.1200E+01, 1.6000E+00,
13:47:07.38681659, 0.0000E+00, 1.1067E+01, 1.6000E+00,
13:47:07.38681664, 0.0000E+00, 1.1067E+01, 1.2000E+00,
13:47:07.38681669, 6.6667E-02, 1.0933E+01, 1.4667E+00,
13:47:07.38681674,-3.3333E-02, 1.1067E+01, 1.3333E+00,
13:47:07.38681679, 3.3333E-02, 1.1067E+01, 1.3333E+00,
13:47:07.38681684, 0.0000E+00, 1.0933E+01, 2.0000E+00,
13:47:07.38681689,-3.3333E-02, 1.1133E+01, 1.4667E+00,
13:47:07.38681694, 0.0000E+00, 1.1200E+01, 1.6000E+00,
13:47:07.38681699,-3.3333E-02, 1.1000E+01, 1.4667E+00,
13:47:07.38681704, 0.0000E+00, 1.1133E+01, 1.3333E+00,
13:47:07.38681709, 3.3333E-02, 1.0867E+01, 1.3333E+00,
13:47:07.38681714, 3.3333E-02, 1.1067E+01, 1.3333E+00,
13:47:07.38681719,-3.3333E-02, 1.0933E+01, 1.3333E+00,
13:47:07.38681724, 3.3333E-02, 1.1000E+01, 1.4667E+00,
13:47:07.38681729, 0.0000E+00, 1.1133E+01, 1.4667E+00,
13:47:07.38681734, 0.0000E+00, 1.1000E+01, 1.6000E+00,
13:47:07.38681739, 3.3333E-02, 1.1067E+01, 1.7333E+00,
13:47:07.38681744, 3.3333E-02, 1.1067E+01, 1.6000E+00,
13:47:07.38681749, 3.3333E-02, 1.1133E+01, 1.7333E+00,
13:47:07.38681754, 0.0000E+00, 1.1000E+01, 1.6000E+00,
13:47:07.38681759, 1.0000E-01, 1.1067E+01, 1.6000E+00,
13:47:07.38681764, 3.3333E-02, 1.1067E+01, 1.6000E+00,
13:47:07.38681769, 0.0000E+00, 1.1067E+01, 1.6000E+00,
13:47:07.38681774, 6.6667E-02, 1.1200E+01, 1.3333E+00,
13:47:07.38681779, 0.0000E+00, 1.1000E+01, 1.3333E+00,
13:47:07.38681784, 0.0000E+00, 1.1133E+01, 1.4667E+00,
13:47:07.38681789, 6.6667E-02, 1.1133E+01, 1.3333E+00,
13:47:07.38681794, 3.3333E-02, 1.1067E+01, 1.2000E+00,
13:47:07.38681799, 3.3333E-02, 1.1000E+01, 1.7333E+00,
13:47:07.38681804, 3.3333E-02, 1.1133E+01, 1.3333E+00,
13:47:07.38681809, 3.3333E-02, 1.1133E+01, 1.4667E+00,
13:47:07.38681814,-3.3333E-02, 1.1000E+01, 1.3333E+00,
13:47:07.38681819,-3.3333E-02, 1.1067E+01, 1.4667E+00,
13:47:07.38681824, 6.6667E-02, 1.1000E+01, 1.3333E+00,
13:47:07.38681829, 3.3333E-02, 1.1067E+01, 1.6000E+00,
13:47:07.38681834, 0.0000E+00, 1.1200E+01, 1.4667E+00,
13:47:07.38681839,-6.6667E-02, 1.1067E+01, 1.2000E+00,
13:47:07.38681844, 3.3333E-02, 1.1133E+01, 1.6000E+00,
13:47:07.38681849,-6.6667E-02, 1.1133E+01, 1.7333E+00,
13:47:07.38681854, 1.0000E-01, 1.1067E+01, 1.4667E+00,
13:47:07.38681859, 3.3333E-02, 1.1133E+01, 1.4667E+00,
13:47:07.38681864, 3.3333E-02, 1.1067E+01, 1.3333E+00,
13:47:07.38681869, 0.0000E+00, 1.1200E+01, 1.6000E+00,
13:47:07.38681874,-3.3333E-02, 1.1133E+01, 1.3333E+00,
13:47:07.38681879,-6.6667E-02, 1.1133E+01, 1.6000E+00,
13:47:07.38681884, 3.3333E-02, 1.1133E+01, 1.6000E+00,
13:47:07.38681889, 0.0000E+00, 1.1000E+01, 1.0667E+00,
13:47:07.38681894, 0.0000E+00, 1.1133E+01, 1.3333E+00,
13:47:07.38681899, 3.3333E-02, 1.0867E+01, 1.4667E+00,
13:47:07.38681904, 0.0000E+00, 1.1200E+01, 1.4667E+00,
13:47:07.38681909, 0.0000E+00, 1.1200E+01, 1.4667E+00,
13:47:07.38681914, 6.6667E-02, 1.1067E+01, 1.3333E+00,
13:47:07.38681919, 0.0000E+00, 1.1133E+01, 1.3333E+00,
13:47:07.38681924,-6.6667E-02, 1.1067E+01, 2.0000E+00,
13:47:07.38681929,-3.3333E-02, 1.1067E+01, 1.2000E+00,
13:47:07.38681934,-3.3333E-02, 1.1133E+01, 1.4667E+00,
13:47:07.38681939, 6.6667E-02, 1.0933E+01, 1.4667E+00,
13:47:07.38681944, 0.0000E+00, 1.1133E+01, 1.3333E+00,
13:47:07.38681949,-3.3333E-02, 1.1067E+01, 1.3333E+00,
13:47:07.38681954, 0.0000E+00, 1.1133E+01, 1.3333E+00,
13:47:07.38681959, 3.3333E-02, 1.1067E+01, 1.7333E+00,
13:47:07.38681964, 6.6667E-02, 1.1000E+01, 1.6000E+00,
13:47:07.38681969, 3.3333E-02, 1.1133E+01, 1.6000E+00,
13:47:07.38681974,-3.3333E-02, 1.1067E+01, 1.3333E+00,
13:47:07.38681979, 6.6667E-02, 1.1133E+01, 2.0000E+00,
13:47:07.38681984, 0.0000E+00, 1.1200E+01, 1.3333E+00,
13:47:07.38681989,-3.3333E-02, 1.1200E+01, 1.7333E+00,
13:47:07.38681994, 3.3333E-02, 1.1267E+01, 1.6000E+00,
13:47:07.38681999,-3.3333E-02, 1.1067E+01, 1.4667E+00,
13:47:07.38682004, 1.0000E-01, 1.1133E+01, 1.6000E+00,
13:47:07.38682009, 6.6667E-02, 1.1000E+01, 1.4667E+00,
13:47:07.38682014, 0.0000E+00, 1.1333E+01, 1.2000E+00,
13:47:07.38682019, 3.3333E-02, 1.1067E+01, 1.8667E+00,
13:47:07.38682024,-3.3333E-02, 1.1067E+01, 1.7333E+00,
13:47:07.38682029, 0.0000E+00, 1.1000E+01, 1.4667E+00,
13:47:07.38682034,-6.6667E-02, 1.1067E+01, 1.4667E+00,
13:47:07.38682039, 3.3333E-02, 1.1133E+01, 1.3333E+00,
13:47:07.38682044,-3.3333E-02, 1.1200E+01, 1.4667E+00,
13:47:07.38682049, 0.0000E+00, 1.1067E+01, 1.6000E+00,
13:47:07.38682054,-6.6667E-02, 1.1200E+01, 1.2000E+00,
13:47:07.38682059,-3.3333E-02, 1.1133E+01, 1.4667E+00,
13:47:07.38682064, 6.6667E-02, 1.1133E+01, 1.4667E+00,
13:47:07.38682069,-6.6667E-02, 1.1133E+01, 1.8667E+00,
13:47:07.38682074, 3.3333E-02, 1.1200E+01, 1.3333E+00,
13:47:07.38682079, 3.3333E-02, 1.1133E+01, 1.3333E+00,
13:47:07.38682084,-3.3333E-02, 1.1067E+01, 1.2000E+00,
13:47:07.38682089,-6.6667E-02, 1.1200E+01, 1.6000E+00,
13:47:07.38682094, 3.3333E-02, 1.1067E+01, 1.4667E+00,
13:47:07.38682099,-3.3333E-02, 1.1133E+01, 1.6000E+00,
13:47:07.38682104, 6.6667E-02, 1.1200E+01, 1.4667E+00,
13:47:07.38682109,-3.3333E-02, 1.1000E+01, 1.2000E+00,
13:47:07.38682114, 6.6667E-02, 1.1133E+01, 1.6000E+00,
13:47:07.38682119, 0.0000E+00, 1.1133E+01, 1.3333E+00,
13:47:07.38682124,-3.3333E-02, 1.1067E+01, 1.6000E+00,
13:47:07.38682129,-3.3333E-02, 1.1067E+01, 1.6000E+00,
13:47:07.38682134,-3.3333E-02, 1.1200E+01, 1.0667E+00,
13:47:07.38682139,-3.3333E-02, 1.1067E+01, 1.2000E+00,
13:47:07.38682144, 0.0000E+00, 1.1133E+01, 1.4667E+00,
13:47:07.38682149, 0.0000E+00, 1.1133E+01, 1.6000E+00,
13:47:07.38682154, 3.3333E-02, 1.1133E+01, 1.6000E+00,
13:47:07.38682159, 3.3333E-02, 1.0933E+01, 1.3333E+00,
13:47:07.38682164, 3.3333E-02, 1.1067E+01, 1.4667E+00,
13:47:07.38682169, 6.6667E-02, 1.1067E+01, 1.3333E+00,
13:47:07.38682174, 0.0000E+00, 1.1200E+01, 1.6000E+00,
13:47:07.38682179, 6.6667E-02, 1.1067E+01, 1.6000E+00,
13:47:07.38682184,-3.3333E-02, 1.1000E+01, 1.7333E+00,
13:47:07.38682189, 6.6667E-02, 1.1000E+01, 1.3333E+00,
13:47:07.38682194, 3.3333E-02, 1.1067E+01, 1.3333E+00,
13:47:07.38682199, 0.0000E+00, 1.1133E+01, 1.4667E+00,
13:47:07.38682204,-3.3333E-02, 1.1200E+01, 1.4667E+00,
13:47:07.38682209, 3.3333E-02, 1.1067E+01, 1.6000E+00,
13:47:07.38682214,-3.3333E-02, 1.1200E+01, 1.3333E+00,
13:47:07.38682219, 3.3333E-02, 1.1133E+01, 1.6000E+00,
13:47:07.38682224, 3.3333E-02, 1.1133E+01, 1.4667E+00,
13:47:07.38682229,-3.3333E-02, 1.1200E+01, 1.2000E+00,
13:47:07.38682234, 0.0000E+00, 1.1000E+01, 1.2000E+00,
13:47:07.38682239, 0.0000E+00, 1.1000E+01, 1.8667E+00,
13:47:07.38682244, 6.6667E-02, 1.1067E+01, 1.4667E+00,
13:47:07.38682249, 0.0000E+00, 1.1133E+01, 1.7333E+00,
13:47:07.38682254, 3.3333E-02, 1.1067E+01, 1.6000E+00,
13:47:07.38682259, 3.3333E-02, 1.1133E+01, 1.4667E+00,
13:47:07.38682264, 3.3333E-02, 1.1267E+01, 1.6000E+00,
13:47:07.38682269, 0.0000E+00, 1.1200E+01, 1.3333E+00,
13:47:07.38682274,-6.6667E-02, 1.1267E+01, 1.3333E+00,
13:47:07.38682279, 3.3333E-02, 1.1133E+01, 1.3333E+00,
13:47:07.38682284, 3.3333E-02, 1.1067E+01, 1.4667E+00,
13:47:07.38682289, 1.0000E-01, 1.1133E+01, 1.4667E+00,
13:47:07.38682294,-3.3333E-02, 1.1133E+01, 1.3333E+00,
13:47:07.38682299, 0.0000E+00, 1.1133E+01, 1.4667E+00,
13:47:07.38682304, 0.0000E+00, 1.1200E+01, 1.3333E+00,
13:47:07.38682309,-3.3333E-02, 1.1067E+01, 1.6000E+00,
13:47:07.38682314, 3.3333E-02, 1.1067E+01, 1.6000E+00,
13:47:07.38682319,-3.3333E-02, 1.1200E+01, 1.3333E+00,
13:47:07.38682324, 0.0000E+00, 1.1133E+01, 1.4667E+00,
13:47:07.38682329, 0.0000E+00, 1.1067E+01, 1.3333E+00,
13:47:07.38682334, 1.0000E-01, 1.1067E+01, 1.3333E+00,
13:47:07.38682339, 0.0000E+00, 1.1000E+01, 1.4667E+00,
13:47:07.38682344,-3.3333E-02, 1.1067E+01, 1.3333E+00,
13:47:07.38682349, 0.0000E+00, 1.1267E+01, 1.3333E+00,
13:47:07.38682354, 0.0000E+00, 1.0933E+01, 1.4667E+00,
13:47:07.38682359, 3.3333E-02, 1.1133E+01, 1.8667E+00,
13:47:07.38682364, 0.0000E+00, 1.1000E+01, 1.6000E+00,
13:47:07.38682369,-6.6667E-02, 1.1067E+01, 1.4667E+00,
13:47:07.38682374, 0.0000E+00, 1.1200E+01, 1.6000E+00,
13:47:07.38682379, 3.3333E-02, 1.1133E+01, 1.4667E+00,
13:47:07.38682384,-3.3333E-02, 1.1067E+01, 1.6000E+00,
13:47:07.38682389, 6.6667E-02, 1.1000E+01, 1.0667E+00,
13:47:07.38682394, 3.3333E-02, 1.1200E+01, 1.4667E+00,
13:47:07.38682399,-3.3333E-02, 1.1067E+01, 1.4667E+00,
13:47:07.38682404, 3.3333E-02, 1.1200E+01, 1.4667E+00,
13:47:07.38682409, 0.0000E+00, 1.1133E+01, 1.7333E+00,
13:47:07.38682414, 0.0000E+00, 1.1133E+01, 1.4667E+00,
13:47:07.38682419, 3.3333E-02, 1.1067E+01, 1.7333E+00,
13:47:07.38682424,-3.3333E-02, 1.1067E+01, 1.4667E+00,
13:47:07.38682429, 3.3333E-02, 1.1000E+01, 1.7333E+00,
13:47:07.38682434, 3.3333E-02, 1.1133E+01, 1.4667E+00,
13:47:07.38682439, 1.0000E-01, 1.1067E+01, 1.3333E+00,
13:47:07.38682444, 6.6667E-02, 1.1067E+01, 1.4667E+00,
13:47:07.38682449, 3.3333E-02, 1.1067E+01, 1.2000E+00,
13:47:07.38682454, 6.6667E-02, 1.1200E+01, 1.4667E+00,
13:47:07.38682459,-3.3333E-02, 1.1067E+01, 1.4667E+00,
13:47:07.38682464, 6.6667E-02, 1.1000E+01, 1.6000E+00,
13:47:07.38682469, 6.6667E-02, 1.1133E+01, 1.2000E+00,
13:47:07.38682474,-3.3333E-02, 1.1067E+01, 1.8667E+00,
13:47:07.38682479, 3.3333E-02, 1.1200E+01, 1.3333E+00,
13:47:07.38682484, 3.3333E-02, 1.1133E+01, 1.6000E+00,
13:47:07.38682489, 0.0000E+00, 1.1067E+01, 1.7333E+00,
13:47:07.38682494,-3.3333E-02, 1.1067E+01, 1.4667E+00,
13:47:07.38682499, 0.0000E+00, 1.1133E+01, 1.7333E+00,
13:47:07.38682504, 3.3333E-02, 1.1067E+01, 1.6000E+00,
13:47:07.38682509, 0.0000E+00, 1.1133E+01, 1.3333E+00,
13:47:07.38682514,-6.6667E-02, 1.1067E+01, 1.3333E+00,
13:47:07.38682519, 0.0000E+00, 1.1133E+01, 1.6000E+00,
13:47:07.38682524, 3.3333E-02, 1.1200E+01, 1.7333E+00,
13:47:07.38682529, 0.0000E+00, 1.1200E+01, 1.3333E+00,
13:47:07.38682534, 3.3333E-02, 1.1200E+01, 1.3333E+00,
13:47:07.38682539, 0.0000E+00, 1.1067E+01, 1.4667E+00,
13:47:07.38682544,-3.3333E-02, 1.1000E+01, 1.3333E+00,
13:47:07.38682549, 3.3333E-02, 1.1133E+01, 1.4667E+00,
13:47:07.38682554, 0.0000E+00, 1.1133E+01, 1.6000E+00,
13:47:07.38682559,-3.3333E-02, 1.1067E+01, 1.8667E+00,
13:47:07.38682564, 0.0000E+00, 1.1067E+01, 1.6000E+00,
13:47:07.38682569, 3.3333E-02, 1.1133E+01, 1.3333E+00,
13:47:07.38682574, 3.3333E-02, 1.1133E+01, 1.6000E+00,
13:47:07.38682579,-3.3333E-02, 1.1067E+01, 1.4667E+00,
13:47:07.38682584, 0.0000E+00, 1.1000E+01, 1.2000E+00,
13:47:07.38682589, 3.3333E-02, 1.1133E+01, 1.6000E+00,
13:47:07.38682594, 3.3333E-02, 1.1133E+01, 1.4667E+00,
13:47:07.38682599,-6.6667E-02, 1.1133E+01, 1.4667E+00,
13:47:07.38682604,-6.6667E-02, 1.1067E+01, 1.2000E+00,
13:47:07.38682609, 0.0000E+00, 1.0867E+01, 1.4667E+00,
13:47:07.38682614,-3.3333E-02, 1.1000E+01, 1.4667E+00,
13:47:07.38682619, 0.0000E+00, 1.1000E+01, 1.6000E+00,
13:47:07.38682624, 6.6667E-02, 1.1133E+01, 1.2000E+00,
13:47:07.38682629,-6.6667E-02, 1.1067E+01, 1.3333E+00,
13:47:07.38682634, 3.3333E-02, 1.1200E+01, 1.4667E+00,
13:47:07.38682639, 6.6667E-02, 1.1067E+01, 1.4667E+00,
13:47:07.38682644, 0.0000E+00, 1.1133E+01, 1.6000E+00,
13:47:07.38682649,-6.6667E-02, 1.1000E+01, 1.6000E+00,
13:47:07.38682654,-3.3333E-02, 1.1133E+01, 1.7333E+00,
13:47:07.38682659, 0.0000E+00, 1.1067E+01, 1.7333E+00,
13:47:07.38682664, 3.3333E-02, 1.1133E+01, 1.7333E+00,
13:47:07.38682669, 0.0000E+00, 1.1067E+01, 1.6000E+00,
13:47:07.38682674, 6.6667E-02, 1.1200E+01, 1.3333E+00,
13:47:07.38682679, 0.0000E+00, 1.1067E+01, 1.6000E+00,
13:47:07.38682684, 3.3333E-02, 1.1067E+01, 1.3333E+00,
13:47:07.38682689,-1.0000E-01, 1.1333E+01, 1.6000E+00,
13:47:07.38682694, 3.3333E-02, 1.1200E+01, 1.6000E+00,
13:47:07.38682699,-3.3333E-02, 1.1000E+01, 1.4667E+00,
13:47:07.38682704,-1.0000E-01, 1.1067E+01, 1.7333E+00,
13:47:07.38682709, 6.6667E-02, 1.1000E+01, 2.0000E+00,
13:47:07.38682714,-6.6667E-02, 1.1067E+01, 1.4667E+00,
13:47:07.38682719,-3.3333E-02, 1.1067E+01, 1.4667E+00,
13:47:07.38682724, 3.3333E-02, 1.1133E+01, 1.6000E+00,
13:47:07.38682729, 3.3333E-02, 1.1067E+01, 1.6000E+00,
13:47:07.38682734, 3.3333E-02, 1.1133E+01, 1.7333E+00,
13:47:07.38682739, 3.3333E-02, 1.1067E+01, 1.4667E+00,
13:47:07.38682744, 3.3333E-02, 1.0933E+01, 1.6000E+00,
13:47:07.38682749, 3.3333E-02, 1.1067E+01, 1.4667E+00,
13:47:07.38682754, 3.3333E-02, 1.1000E+01, 1.3333E+00,
13:47:07.38682759, 6.6667E-02, 1.1067E+01, 1.7333E+00,
13:47:07.38682764, 3.3333E-02, 1.1133E+01, 1.4667E+00,
13:47:07.38682769, 0.0000E+00, 1.1133E+01, 1.4667E+00,
13:47:07.38682774, 0.0000E+00, 1.1267E+01, 1.2000E+00,
13:47:07.38682779,-3.3333E-02, 1.1133E+01, 1.2000E+00,
13:47:07.38682784, 3.3333E-02, 1.1133E+01, 1.3333E+00,
13:47:07.38682789, 0.0000E+00, 1.1133E+01, 1.3333E+00,
13:47:07.38682794,-3.3333E-02, 1.1067E+01, 1.4667E+00,
13:47:07.38682799,-6.6667E-02, 1.1133E+01, 1.6000E+00,
13:47:07.38682804, 0.0000E+00, 1.1133E+01, 1.4667E+00,
13:47:07.38682809, 3.3333E-02, 1.1000E+01, 1.7333E+00,
13:47:07.38682814, 0.0000E+00, 1.1133E+01, 1.6000E+00,
13:47:07.38682819, 0.0000E+00, 1.1067E+01, 1.4667E+00,
13:47:07.38682824, 3.3333E-02, 1.0867E+01, 1.6000E+00,
13:47:07.38682829,-3.3333E-02, 1.1067E+01, 1.6000E+00,
13:47:07.38682834,-3.3333E-02, 1.1133E+01, 1.8667E+00,
13:47:07.38682839,-3.3333E-02, 1.1067E+01, 1.6000E+00,
13:47:07.38682844, 3.3333E-02, 1.1200E+01, 1.2000E+00,
13:47:07.38682849, 0.0000E+00, 1.1133E+01, 1.7333E+00,
13:47:07.38682854,-3.3333E-02, 1.1000E+01, 1.8667E+00,
13:47:07.38682859, 3.3333E-02, 1.1200E+01, 1.4667E+00,
13:47:07.38682864, 0.0000E+00, 1.1067E+01, 1.7333E+00,
13:47:07.38682869, 3.3333E-02, 1.1133E+01, 1.6000E+00,
13:47:07.38682874, 3.3333E-02, 1.1133E+01, 1.4667E+00,
13:47:07.38682879, 3.3333E-02, 1.1000E+01, 1.7333E+00,
13:47:07.38682884, 0.0000E+00, 1.1133E+01, 1.3333E+00,
13:47:07.38682889, 0.0000E+00, 1.0933E+01, 1.4667E+00,
13:47:07.38682894, 0.0000E+00, 1.1000E+01, 1.4667E+00,
13:47:07.38682899, 0.0000E+00, 1.0933E+01, 1.6000E+00,
13:47:07.38682904,-3.3333E-02, 1.1000E+01, 1.7333E+00,
13:47:07.38682909,-3.3333E-02, 1.1067E+01, 1.3333E+00,
13:47:07.38682914, 6.6667E-02, 1.1000E+01, 1.4667E+00,
13:47:07.38682919,-3.3333E-02, 1.1000E+01, 1.7333E+00,
13:47:07.38682924,-3.3333E-02, 1.1267E+01, 1.6000E+00,
13:47:07.38682929,-3.3333E-02, 1.1133E+01, 1.6000E+00,
13:47:07.38682934,-6.6667E-02, 1.1133E+01, 1.6000E+00,
13:47:07.38682939, 3.3333E-02, 1.1133E+01, 1.6000E+00,
13:47:07.38682944,-6.6667E-02, 1.1267E+01, 1.3333E+00,
13:47:07.38682949, 6.6667E-02, 1.1067E+01, 1.6000E+00,
13:47:07.38682954, 0.0000E+00, 1.1133E+01, 1.6000E+00,
13:47:07.38682959,-3.3333E-02, 1.1067E+01, 1.2000E+00,
13:47:07.38682964, 0.0000E+00, 1.1067E+01, 1.4667E+00,
13:47:07.38682969, 0.0000E+00, 1.1067E+01, 1.4667E+00,
13:47:07.38682974, 0.0000E+00, 1.1133E+01, 1.2000E+00,
13:47:07.38682979,-3.3333E-02, 1.1067E+01, 1.7333E+00,
13:47:07.38682984, 3.3333E-02, 1.1133E+01, 1.3333E+00,
13:47:07.38682989,-3.3333E-02, 1.0800E+01, 1.7333E+00,
13:47:07.38682994, 0.0000E+00, 1.1000E+01, 1.4667E+00,
13:47:07.38682999,-3.3333E-02, 1.1133E+01, 1.7333E+00,
13:47:07.38683004, 0.0000E+00, 1.1267E+01, 1.4667E+00,
13:47:07.38683009, 0.0000E+00, 1.1000E+01, 1.6000E+00,
13:47:07.38683014, 0.0000E+00, 1.1133E+01, 1.3333E+00,
13:47:07.38683019, 3.3333E-02, 1.1200E+01, 1.3333E+00,
13:47:07.38683024,-3.3333E-02, 1.1200E+01, 1.3333E+00,
13:47:07.38683029, 0.0000E+00, 1.0933E+01, 1.3333E+00,
13:47:07.38683034, 3.3333E-02, 1.0933E+01, 1.6000E+00,
13:47:07.38683039, 6.6667E-02, 1.1067E+01, 1.7333E+00,
13:47:07.38683044, 3.3333E-02, 1.1000E+01, 1.4667E+00,
13:47:07.38683049,-3.3333E-02, 1.1067E+01, 1.7333E+00,
13:47:07.38683054, 3.3333E-02, 1.1133E+01, 1.3333E+00,
13:47:07.38683059, 3.3333E-02, 1.1067E+01, 1.6000E+00,
13:47:07.38683064, 3.3333E-02, 1.1067E+01, 1.3333E+00,
13:47:07.38683069, 3.3333E-02, 1.1133E+01, 1.8667E+00,
13:47:07.38683074, 3.3333E-02, 1.1000E+01, 1.2000E+00,
13:47:07.38683079,-6.6667E-02, 1.1000E+01, 1.3333E+00,
13:47:07.38683084,-3.3333E-02, 1.1067E+01, 1.6000E+00,
13:47:07.38683089, 0.0000E+00, 1.1067E+01, 1.7333E+00,
13:47:07.38683094, 0.0000E+00, 1.1133E+01, 1.6000E+00,
13:47:07.38683099, 0.0000E+00, 1.1133E+01, 1.3333E+00,
13:47:07.38683104, 0.0000E+00, 1.1200E+01, 1.4667E+00,
13:47:07.38683109, 3.3333E-02, 1.1067E+01, 1.6000E+00,
13:47:07.38683114,-3.3333E-02, 1.1067E+01, 1.3333E+00,
13:47:07.38683119, 0.0000E+00, 1.1067E+01, 1.3333E+00,
13:47:07.38683124, 0.0000E+00, 1.1067E+01, 1.6000E+00,
13:47:07.38683129, 3.3333E-02, 1.1067E+01, 1.3333E+00,
13:47:07.38683134, 0.0000E+00, 1.1000E+01, 1.4667E+00,
13:47:07.38683139, 0.0000E+00, 1.1133E+01, 1.6000E+00,
13:47:07.38683144, 0.0000E+00, 1.0933E+01, 1.6000E+00,
13:47:07.38683149, 3.3333E-02, 1.1200E+01, 1.4667E+00,
13:47:07.38683154, 6.6667E-02, 1.1267E+01, 1.3333E+00,
13:47:07.38683159, 3.3333E-02, 1.1000E+01, 1.2000E+00,
13:47:07.38683164, 0.0000E+00, 1.1067E+01, 1.6000E+00,
13:47:07.38683169, 1.0000E-01, 1.1267E+01, 1.7333E+00,
13:47:07.38683174, 3.3333E-02, 1.1133E+01, 1.7333E+00,
13:47:07.38683179, 3.3333E-02, 1.0933E+01, 1.3333E+00,
13:47:07.38683184, 3.3333E-02, 1.1133E+01, 1.7333E+00,
13:47:07.38683189, 3.3333E-02, 1.1133E+01, 1.7333E+00,
13:47:07.38683194, 0.0000E+00, 1.1200E+01, 1.7333E+00,
13:47:07.38683199, 3.3333E-02, 1.1067E+01, 1.2000E+00,
13:47:07.38683204, 3.3333E-02, 1.1133E+01, 1.6000E+00,
13:47:07.38683209, 0.0000E+00, 1.1000E+01, 1.4667E+00,
13:47:07.38683214, 3.3333E-02, 1.1133E+01, 1.8667E+00,
13:47:07.38683219, 6.6667E-02, 1.1067E+01, 1.4667E+00,
13:47:07.38683224, 0.0000E+00, 1.1000E+01, 1.7333E+00,
13:47:07.38683229,-3.3333E-02, 1.1067E+01, 1.6000E+00,
13:47:07.38683234, 3.3333E-02, 1.1000E+01, 1.7333E+00,
13:47:07.38683239, 3.3333E-02, 1.1067E+01, 1.7333E+00,
13:47:07.38683244, 1.0000E-01, 1.1200E+01, 1.8667E+00,
13:47:07.38683249, 3.3333E-02, 1.1133E+01, 1.7333E+00,
13:47:07.38683254, 3.3333E-02, 1.1133E+01, 1.7333E+00,
13:47:07.38683259, 1.0000E-01, 1.0933E+01, 1.3333E+00,
13:47:07.38683264, 6.6667E-02, 1.1067E+01, 1.4667E+00,
13:47:07.38683269,-3.3333E-02, 1.1200E+01, 1.4667E+00,
13:47:07.38683274,-3.3333E-02, 1.1067E+01, 1.6000E+00,
13:47:07.38683279, 3.3333E-02, 1.1133E+01, 1.6000E+00,
13:47:07.38683284, 0.0000E+00, 1.1133E+01, 1.4667E+00,
13:47:07.38683289, 6.6667E-02, 1.1067E+01, 1.7333E+00,
13:47:07.38683294, 3.3333E-02, 1.1133E+01, 1.4667E+00,
13:47:07.38683299, 0.0000E+00, 1.1133E+01, 1.8667E+00,
13:47:07.38683304, 0.0000E+00, 1.1000E+01, 1.6000E+00,
13:47:07.38683309, 0.0000E+00, 1.1133E+01, 1.4667E+00,
13:47:07.38683314, 3.3333E-02, 1.1067E+01, 1.6000E+00,
13:47:07.38683319, 0.0000E+00, 1.1067E+01, 1.2000E+00,
13:47:07.38683324, 0.0000E+00, 1.1133E+01, 1.3333E+00,
13:47:07.38683329, 3.3333E-02, 1.1000E+01, 1.4667E+00,
13:47:07.38683334,-3.3333E-02, 1.1133E+01, 1.6000E+00,
13:47:07.38683339, 6.6667E-02, 1.1067E+01, 2.0000E+00,
13:47:07.38683344, 6.6667E-02, 1.1200E+01, 1.4667E+00,
13:47:07.38683349, 6.6667E-02, 1.1200E+01, 1.6000E+00,
13:47:07.38683354, 0.0000E+00, 1.1133E+01, 1.4667E+00,
13:47:07.38683359, 6.6667E-02, 1.1000E+01, 1.7333E+00,
13:47:07.38683364, 0.0000E+00, 1.1067E+01, 1.3333E+00,
13:47:07.38683369, 3.3333E-02, 1.1000E+01, 1.3333E+00,
13:47:07.38683374,-3.3333E-02, 1.1000E+01, 1.2000E+00,
13:47:07.38683379,-3.3333E-02, 1.1067E+01, 1.4667E+00,
13:47:07.38683384, 0.0000E+00, 1.1067E+01, 1.4667E+00,
13:47:07.38683389, 6.6667E-02, 1.1000E+01, 1.7333E+00,
13:47:07.38683394, 6.6667E-02, 1.1133E+01, 1.4667E+00,
13:47:07.38683399, 3.3333E-02, 1.1000E+01, 1.6000E+00,
13:47:07.38683404,-3.3333E-02, 1.1067E+01, 1.2000E+00,
13:47:07.38683409, 0.0000E+00, 1.1133E+01, 1.3333E+00,
13:47:07.38683414, 3.3333E-02, 1.1133E+01, 1.4667E+00,
13:47:07.38683419, 0.0000E+00, 1.1267E+01, 1.4667E+00,
13:47:07.38683424,-6.6667E-02, 1.1000E+01, 1.4667E+00,
13:47:07.38683429, 3.3333E-02, 1.1000E+01, 1.6000E+00,
13:47:07.38683434, 0.0000E+00, 1.1133E+01, 1.7333E+00,
13:47:07.38683439,-3.3333E-02, 1.1200E+01, 1.7333E+00,
13:47:07.38683444, 3.3333E-02, 1.1133E+01, 1.3333E+00,
13:47:07.38683449, 0.0000E+00, 1.1067E+01, 1.4667E+00,
13:47:07.38683454, 3.3333E-02, 1.1067E+01, 1.4667E+00,
13:47:07.38683459, 6.6667E-02, 1.1000E+01, 1.4667E+00,
13:47:07.38683464, 3.3333E-02, 1.0933E+01, 1.7333E+00,
13:47:07.38683469, 0.0000E+00, 1.1000E+01, 2.0000E+00,
13:47:07.38683474,-1.0000E-01, 1.1133E+01, 1.4667E+00,
13:47:07.38683479, 0.0000E+00, 1.1067E+01, 1.7333E+00,
13:47:07.38683484,-3.3333E-02, 1.1067E+01, 1.3333E+00,
13:47:07.38683489, 3.3333E-02, 1.1200E+01, 1.4667E+00,
13:47:07.38683494, 0.0000E+00, 1.1133E+01, 1.6000E+00,
13:47:07.38683499,-3.3333E-02, 1.1067E+01, 1.3333E+00,
13:47:07.38683504, 3.3333E-02, 1.1133E+01, 1.4667E+00,
13:47:07.38683509,-6.6667E-02, 1.0933E+01, 1.3333E+00,
13:47:07.38683514,-1.0000E-01, 1.1000E+01, 1.2000E+00,
13:47:07.38683519, 0.0000E+00, 1.1067E+01, 1.3333E+00,
13:47:07.38683524, 0.0000E+00, 1.1133E+01, 1.7333E+00,
13:47:07.38683529, 0.0000E+00, 1.1133E+01, 1.7333E+00,
13:47:07.38683534, 0.0000E+00, 1.1133E+01, 1.3333E+00,
13:47:07.38683539, 3.3333E-02, 1.1133E+01, 1.4667E+00,
13:47:07.38683544, 3.3333E-02, 1.0933E+01, 1.4667E+00,
13:47:07.38683549, 0.0000E+00, 1.1267E+01, 1.3333E+00,
13:47:07.38683554, 0.0000E+00, 1.1133E+01, 1.4667E+00,
13:47:07.38683559, 3.3333E-02, 1.1133E+01, 1.7333E+00,
13:47:07.38683564, 3.3333E-02, 1.1133E+01, 1.7333E+00,
13:47:07.38683569,-3.3333E-02, 1.1067E+01, 1.6000E+00,
13:47:07.38683574, 6.6667E-02, 1.1200E+01, 1.3333E+00,
13:47:07.38683579, 0.0000E+00, 1.1000E+01, 1.7333E+00,
13:47:07.38683584, 0.0000E+00, 1.1133E+01, 1.6000E+00,
13:47:07.38683589,-3.3333E-02, 1.1067E+01, 1.4667E+00,
13:47:07.38683594, 0.0000E+00, 1.1200E+01, 1.3333E+00,
13:47:07.38683599,-3.3333E-02, 1.1067E+01, 1.3333E+00,
13:47:07.38683604,-3.3333E-02, 1.1067E+01, 1.4667E+00,
13:47:07.38683609,-3.3333E-02, 1.1000E+01, 1.6000E+00,
13:47:07.38683614, 6.6667E-02, 1.1200E+01, 1.3333E+00,
13:47:07.38683619, 3.3333E-02, 1.1200E+01, 1.4667E+00,
13:47:07.38683624,-3.3333E-02, 1.1067E+01, 1.7333E+00,
13:47:07.38683629, 1.0000E-01, 1.1133E+01, 1.4667E+00,
13:47:07.38683634, 3.3333E-02, 1.1133E+01, 1.4667E+00,
13:47:07.38683639, 0.0000E+00, 1.1000E+01, 1.4667E+00,
13:47:07.38683644, 0.0000E+00, 1.1133E+01, 1.4667E+00,
13:47:07.38683649,-3.3333E-02, 1.1067E+01, 1.6000E+00,
13:47:07.38683654, 3.3333E-02, 1.1133E+01, 1.3333E+00,
13:47:07.38683659,-3.3333E-02, 1.1067E+01, 1.2000E+00,
13:47:07.38683664,-3.3333E-02, 1.1133E+01, 1.4667E+00,
13:47:07.38683669, 3.3333E-02, 1.1067E+01, 1.8667E+00,
13:47:07.38683674, 0.0000E+00, 1.1133E+01, 1.3333E+00,
13:47:07.38683679, 3.3333E-02, 1.1133E+01, 1.6000E+00,
13:47:07.38683684, 3.3333E-02, 1.1133E+01, 1.4667E+00,
13:47:07.38683689, 0.0000E+00, 1.1067E+01, 1.6000E+00,
13:47:07.38683694,-3.3333E-02, 1.1067E+01, 1.3333E+00,
13:47:07.38683699, 3.3333E-02, 1.1067E+01, 1.3333E+00,
13:47:07.38683704, 3.3333E-02, 1.1067E+01, 1.4667E+00,
13:47:07.38683709,-3.3333E-02, 1.1133E+01, 1.3333E+00,
13:47:07.38683714, 0.0000E+00, 1.1200E+01, 1.3333E+00,
13:47:07.38683719, 3.3333E-02, 1.1067E+01, 1.6000E+00,
13:47:07.38683724, 6.6667E-02, 1.1067E+01, 1.6000E+00,
13:47:07.38683729, 6.6667E-02, 1.1200E+01, 1.6000E+00,
13:47:07.38683734, 6.6667E-02, 1.1200E+01, 1.7333E+00,
13:47:07.38683739, 0.0000E+00, 1.1133E+01, 1.2000E+00,
13:47:07.38683744, 3.3333E-02, 1.1133E+01, 1.2000E+00,
13:47:07.38683749, 0.0000E+00, 1.1133E+01, 1.2000E+00,
13:47:07.38683754, 0.0000E+00, 1.1000E+01, 1.7333E+00,
13:47:07.38683759, 0.0000E+00, 1.1067E+01, 1.8667E+00,
13:47:07.38683764,-3.3333E-02, 1.1200E+01, 1.2000E+00,
13:47:07.38683769, 0.0000E+00, 1.1000E+01, 1.2000E+00,
13:47:07.38683774, 3.3333E-02, 1.1200E+01, 1.4667E+00,
13:47:07.38683779, 0.0000E+00, 1.0933E+01, 1.7333E+00,
13:47:07.38683784,-6.6667E-02, 1.1067E+01, 1.6000E+00,
13:47:07.38683789,-3.3333E-02, 1.1133E+01, 1.4667E+00,
13:47:07.38683794, 0.0000E+00, 1.1200E+01, 1.2000E+00,
13:47:07.38683799,-3.3333E-02, 1.1000E+01, 1.6000E+00,
13:47:07.38683804, 0.0000E+00, 1.1200E+01, 1.3333E+00,
13:47:07.38683809, 0.0000E+00, 1.0867E+01, 1.4667E+00,
13:47:07.38683814, 0.0000E+00, 1.1067E+01, 1.4667E+00,
13:47:07.38683819,-3.3333E-02, 1.1000E+01, 1.6000E+00,
13:47:07.38683824, 3.3333E-02, 1.1067E+01, 1.8667E+00,
13:47:07.38683829,-3.3333E-02, 1.1200E+01, 1.6000E+00,
13:47:07.38683834,-6.6667E-02, 1.1067E+01, 1.4667E+00,
13:47:07.38683839, 0.0000E+00, 1.1133E+01, 1.6000E+00,
13:47:07.38683844,-6.6667E-02, 1.1133E+01, 1.6000E+00,
13:47:07.38683849,-3.3333E-02, 1.1000E+01, 1.6000E+00,
13:47:07.38683854, 6.6667E-02, 1.1067E+01, 1.4667E+00,
13:47:07.38683859, 0.0000E+00, 1.1133E+01, 1.2000E+00,
13:47:07.38683864, 0.0000E+00, 1.1067E+01, 1.6000E+00,
13:47:07.38683869, 0.0000E+00, 1.0933E+01, 1.4667E+00,
13:47:07.38683874, 3.3333E-02, 1.0933E+01, 1.4667E+00,
13:47:07.38683879, 3.3333E-02, 1.1067E+01, 1.4667E+00,
13:47:07.38683884, 3.3333E-02, 1.1067E+01, 1.3333E+00,
13:47:07.38683889, 0.0000E+00, 1.1133E+01, 1.4667E+00,
13:47:07.38683894, 3.3333E-02, 1.1000E+01, 1.2000E+00,
13:47:07.38683899, 0.0000E+00, 1.1067E+01, 1.3333E+00,
13:47:07.38683904,-3.3333E-02, 1.1200E+01, 1.3333E+00,
13:47:07.38683909, 1.0000E-01, 1.1133E+01, 1.3333E+00,
13:47:07.38683914, 0.0000E+00, 1.1200E+01, 1.6000E+00,
13:47:07.38683919,-3.3333E-02, 1.1133E+01, 1.3333E+00,
13:47:07.38683924, 3.3333E-02, 1.1133E+01, 1.4667E+00,
13:47:07.38683929,-3.3333E-02, 1.1133E+01, 1.3333E+00,
13:47:07.38683934, 6.6667E-02, 1.1133E+01, 1.6000E+00,
13:47:07.38683939, 0.0000E+00, 1.1067E+01, 1.4667E+00,
13:47:07.38683944,-6.6667E-02, 1.1000E+01, 1.3333E+00,
13:47:07.38683949,-3.3333E-02, 1.1200E+01, 1.3333E+00,
13:47:07.38683954, 0.0000E+00, 1.1200E+01, 1.3333E+00,
13:47:07.38683959,-3.3333E-02, 1.1133E+01, 1.3333E+00,
13:47:07.38683964, 0.0000E+00, 1.1200E+01, 1.7333E+00,
13:47:07.38683969, 3.3333E-02, 1.1000E+01, 1.8667E+00,
13:47:07.38683974,-3.3333E-02, 1.1200E+01, 1.7333E+00,
13:47:07.38683979, 1.0000E-01, 1.1000E+01, 1.3333E+00,
13:47:07.38683984, 3.3333E-02, 1.1067E+01, 1.3333E+00,
13:47:07.38683989, 0.0000E+00, 1.1000E+01, 1.4667E+00,
13:47:07.38683994,-3.3333E-02, 1.1133E+01, 1.3333E+00,
13:47:07.38683999, 3.3333E-02, 1.1067E+01, 1.6000E+00,
13:47:07.38684004, 0.0000E+00, 1.1133E+01, 1.8667E+00,
13:47:07.38684009, 0.0000E+00, 1.1067E+01, 1.3333E+00,
13:47:07.38684014, 6.6667E-02, 1.1133E+01, 1.4667E+00,
13:47:07.38684019, 3.3333E-02, 1.1000E+01, 1.3333E+00,
13:47:07.38684024, 0.0000E+00, 1.0933E+01, 1.4667E+00,
13:47:07.38684029, 0.0000E+00, 1.0933E+01, 1.4667E+00,
13:47:07.38684034,-6.6667E-02, 1.1067E+01, 1.8667E+00,
13:47:07.38684039,-3.3333E-02, 1.1067E+01, 1.2000E+00,
13:47:07.38684044, 3.3333E-02, 1.0933E+01, 1.4667E+00,
13:47:07.38684049, 0.0000E+00, 1.1000E+01, 1.6000E+00,
13:47:07.38684054, 0.0000E+00, 1.1067E+01, 1.3333E+00,
13:47:07.38684059, 3.3333E-02, 1.0933E+01, 1.4667E+00,
13:47:07.38684064, 0.0000E+00, 1.1067E+01, 1.8667E+00,
13:47:07.38684069, 0.0000E+00, 1.1000E+01, 1.2000E+00,
13:47:07.38684074, 3.3333E-02, 1.1067E+01, 1.7333E+00,
13:47:07.38684079,-6.6667E-02, 1.1267E+01, 1.4667E+00,
13:47:07.38684084, 3.3333E-02, 1.1000E+01, 1.7333E+00,
13:47:07.38684089,-3.3333E-02, 1.1133E+01, 1.3333E+00,
13:47:07.38684094, 0.0000E+00, 1.1000E+01, 1.3333E+00,
13:47:07.38684099, 6.6667E-02, 1.1067E+01, 1.2000E+00,
13:47:07.38684104, 3.3333E-02, 1.1133E+01, 1.4667E+00,
13:47:07.38684109, 3.3333E-02, 1.1000E+01, 1.4667E+00,
13:47:07.38684114,-3.3333E-02, 1.1000E+01, 1.2000E+00,
13:47:07.38684119, 1.0000E-01, 1.1133E+01, 1.4667E+00,
13:47:07.38684124, 0.0000E+00, 1.1000E+01, 1.3333E+00,
13:47:07.38684129, 3.3333E-02, 1.1133E+01, 1.4667E+00,
13:47:07.38684134,-3.3333E-02, 1.1067E+01, 1.6000E+00,
13:47:07.38684139,-3.3333E-02, 1.1133E+01, 1.4667E+00,
13:47:07.38684144, 6.6667E-02, 1.1133E+01, 1.6000E+00,
13:47:07.38684149,-3.3333E-02, 1.1000E+01, 1.4667E+00,
13:47:07.38684154, 3.3333E-02, 1.1200E+01, 1.4667E+00,
13:47:07.38684159, 3.3333E-02, 1.1000E+01, 1.6000E+00,
13:47:07.38684164, 6.6667E-02, 1.1000E+01, 1.6000E+00,
13:47:07.38684169, 6.6667E-02, 1.1200E+01, 1.7333E+00,
13:47:07.38684174, 3.3333E-02, 1.1067E+01, 1.2000E+00,
13:47:07.38684179, 3.3333E-02, 1.1133E+01, 1.4667E+00,
13:47:07.38684184,-6.6667E-02, 1.1000E+01, 1.2000E+00,
13:47:07.38684189, 6.6667E-02, 1.1067E+01, 1.7333E+00,
13:47:07.38684194, 6.6667E-02, 1.1133E+01, 1.6000E+00,
13:47:07.38684199,-3.3333E-02, 1.1200E+01, 1.6000E+00,
13:47:07.38684204,-3.3333E-02, 1.0933E+01, 1.4667E+00,
13:47:07.38684209, 3.3333E-02, 1.1067E+01, 1.7333E+00,
13:47:07.38684214,-3.3333E-02, 1.1133E+01, 1.6000E+00,
13:47:07.38684219,-6.6667E-02, 1.1200E+01, 1.4667E+00,
13:47:07.38684224, 3.3333E-02, 1.1067E+01, 1.2000E+00,
13:47:07.38684229,-3.3333E-02, 1.1133E+01, 1.3333E+00,
13:47:07.38684234, 3.3333E-02, 1.1267E+01, 1.3333E+00,
13:47:07.38684239, 1.0000E-01, 1.1067E+01, 1.4667E+00,
13:47:07.38684244, 3.3333E-02, 1.0933E+01, 1.7333E+00,
13:47:07.38684249, 0.0000E+00, 1.1067E+01, 1.4667E+00,
13:47:07.38684254, 3.3333E-02, 1.1133E+01, 1.7333E+00,
13:47:07.38684259, 3.3333E-02, 1.1000E+01, 1.4667E+00,
13:47:07.38684264, 6.6667E-02, 1.1267E+01, 1.7333E+00,
13:47:07.38684269,-3.3333E-02, 1.1133E+01, 1.4667E+00,
13:47:07.38684274, 0.0000E+00, 1.1133E+01, 1.4667E+00,
13:47:07.38684279, 0.0000E+00, 1.1200E+01, 1.2000E+00,
13:47:07.38684284, 3.3333E-02, 1.1000E+01, 1.3333E+00,
13:47:07.38684289,-3.3333E-02, 1.1200E+01, 1.2000E+00,
13:47:07.38684294, 0.0000E+00, 1.1267E+01, 1.0667E+00,
13:47:07.38684299, 0.0000E+00, 1.1133E+01, 1.6000E+00,
13:47:07.38684304,-3.3333E-02, 1.1200E+01, 1.7333E+00,
13:47:07.38684309, 0.0000E+00, 1.1067E+01, 1.3333E+00,
13:47:07.38684314,-3.3333E-02, 1.1200E+01, 1.6000E+00,
13:47:07.38684319, 0.0000E+00, 1.0933E+01, 1.3333E+00,
13:47:07.38684324,-3.3333E-02, 1.1067E+01, 1.3333E+00,
13:47:07.38684329,-3.3333E-02, 1.1067E+01, 1.4667E+00,
13:47:07.38684334, 3.3333E-02, 1.1133E+01, 1.6000E+00,
13:47:07.38684339, 3.3333E-02, 1.1133E+01, 1.4667E+00,
13:47:07.38684344,-3.3333E-02, 1.1000E+01, 1.2000E+00,
13:47:07.38684349, 6.6667E-02, 1.1133E+01, 1.3333E+00,
13:47:07.38684354, 0.0000E+00, 1.1067E+01, 1.4667E+00,
13:47:07.38684359,-3.3333E-02, 1.1067E+01, 1.3333E+00,
13:47:07.38684364, 6.6667E-02, 1.1133E+01, 1.6000E+00,
13:47:07.38684369, 3.3333E-02, 1.1200E+01, 1.6000E+00,
13:47:07.38684374, 0.0000E+00, 1.1133E+01, 1.4667E+00,
13:47:07.38684379,-6.6667E-02, 1.1200E+01, 1.6000E+00,
13:47:07.38684384, 0.0000E+00, 1.1067E+01, 1.2000E+00,
13:47:07.38684389, 0.0000E+00, 1.1267E+01, 1.3333E+00,
13:47:07.38684394,-6.6667E-02, 1.1067E+01, 1.8667E+00,
13:47:07.38684399, 3.3333E-02, 1.1067E+01, 1.4667E+00,
13:47:07.38684404, 0.0000E+00, 1.1200E+01, 1.4667E+00,
13:47:07.38684409, 6.6667E-02, 1.1067E+01, 1.6000E+00,
13:47:07.38684414,-3.3333E-02, 1.1200E+01, 1.6000E+00,
13:47:07.38684419, 3.3333E-02, 1.1200E+01, 1.3333E+00,
13:47:07.38684424,-3.3333E-02, 1.1067E+01, 1.3333E+00,
13:47:07.38684429, 3.3333E-02, 1.1067E+01, 1.4667E+00,
13:47:07.38684434, 0.0000E+00, 1.1000E+01, 1.3333E+00,
13:47:07.38684439, 0.0000E+00, 1.0933E+01, 1.3333E+00,
13:47:07.38684444, 0.0000E+00, 1.1133E+01, 1.7333E+00,
13:47:07.38684449,-3.3333E-02, 1.1200E+01, 1.3333E+00,
13:47:07.38684454, 0.0000E+00, 1.1200E+01, 1.6000E+00,
13:47:07.38684459, 6.6667E-02, 1.1067E+01, 1.4667E+00,
13:47:07.38684464, 3.3333E-02, 1.1067E+01, 1.6000E+00,
13:47:07.38684469,-3.3333E-02, 1.1133E+01, 1.6000E+00,
13:47:07.38684474,-3.3333E-02, 1.1133E+01, 1.0667E+00,
13:47:07.38684479, 0.0000E+00, 1.1067E+01, 1.4667E+00,
13:47:07.38684484, 3.3333E-02, 1.1067E+01, 1.3333E+00,
13:47:07.38684489, 3.3333E-02, 1.1133E+01, 1.4667E+00,
13:47:07.38684494, 6.6667E-02, 1.1000E+01, 1.6000E+00,
13:47:07.38684499, 0.0000E+00, 1.1067E+01, 1.6000E+00,
13:47:07.38684504, 3.3333E-02, 1.1067E+01, 1.6000E+00,
13:47:07.38684509, 0.0000E+00, 1.0933E+01, 1.6000E+00,
13:47:07.38684514,-3.3333E-02, 1.1200E+01, 1.2000E+00,
13:47:07.38684519,-6.6667E-02, 1.1067E+01, 1.4667E+00,
13:47:07.38684524,-3.3333E-02, 1.1067E+01, 1.4667E+00,
13:47:07.38684529,-3.3333E-02, 1.1133E+01, 1.4667E+00,
13:47:07.38684534, 6.6667E-02, 1.1133E+01, 1.6000E+00,
13:47:07.38684539, 0.0000E+00, 1.1067E+01, 1.3333E+00,
13:47:07.38684544, 3.3333E-02, 1.1133E+01, 1.2000E+00,
13:47:07.38684549, 3.3333E-02, 1.1067E+01, 1.6000E+00,
13:47:07.38684554, 3.3333E-02, 1.1133E+01, 1.8667E+00,
13:47:07.38684559, 3.3333E-02, 1.1133E+01, 1.4667E+00,
13:47:07.38684564, 3.3333E-02, 1.1067E+01, 1.2000E+00,
13:47:07.38684569, 0.0000E+00, 1.0933E+01, 1.3333E+00,
13:47:07.38684574, 3.3333E-02, 1.1133E+01, 1.4667E+00,
13:47:07.38684579, 6.6667E-02, 1.1200E+01, 1.4667E+00,
13:47:07.38684584, 3.3333E-02, 1.1200E+01, 1.3333E+00,
13:47:07.38684589, 3.3333E-02, 1.1067E+01, 1.3333E+00,
13:47:07.38684594, 0.0000E+00, 1.1200E+01, 1.3333E+00,
13:47:07.38684599, 0.0000E+00, 1.0933E+01, 1.6000E+00,
13:47:07.38684604, 3.3333E-02, 1.1067E+01, 1.4667E+00,
13:47:07.38684609,-3.3333E-02, 1.1000E+01, 1.3333E+00,
13:47:07.38684614, 3.3333E-02, 1.1000E+01, 1.3333E+00,
13:47:07.38684619, 0.0000E+00, 1.1133E+01, 1.3333E+00,
13:47:07.38684624, 0.0000E+00, 1.1000E+01, 1.3333E+00,
13:47:07.38684629, 3.3333E-02, 1.1067E+01, 1.4667E+00,
13:47:07.38684634, 3.3333E-02, 1.1000E+01, 1.0667E+00,
13:47:07.38684639, 3.3333E-02, 1.1133E+01, 1.6000E+00,
13:47:07.38684644, 0.0000E+00, 1.0933E+01, 1.4667E+00,
13:47:07.38684649, 6.6667E-02, 1.1000E+01, 1.4667E+00,
13:47:07.38684654,-3.3333E-02, 1.1267E+01, 1.6000E+00,
13:47:07.38684659, 0.0000E+00, 1.1067E+01, 1.3333E+00,
13:47:07.38684664, 3.3333E-02, 1.1200E+01, 1.6000E+00,
13:47:07.38684669, 3.3333E-02, 1.1200E+01, 1.6000E+00,
13:47:07.38684674, 6.6667E-02, 1.1067E+01, 1.4667E+00,
13:47:07.38684679, 0.0000E+00, 1.1000E+01, 1.4667E+00,
13:47:07.38684684,-3.3333E-02, 1.1067E+01, 1.6000E+00,
13:47:07.38684689, 0.0000E+00, 1.1200E+01, 1.6000E+00,
13:47:07.38684694, 3.3333E-02, 1.1133E+01, 1.6000E+00,
13:47:07.38684699, 0.0000E+00, 1.1200E+01, 1.6000E+00,
13:47:07.38684704, 0.0000E+00, 1.1133E+01, 1.6000E+00,
13:47:07.38684709, 3.3333E-02, 1.1200E+01, 1.6000E+00,
13:47:07.38684714, 0.0000E+00, 1.1067E+01, 1.3333E+00,
13:47:07.38684719, 6.6667E-02, 1.1000E+01, 1.6000E+00,
13:47:07.38684724, 3.3333E-02, 1.1067E+01, 1.3333E+00,
13:47:07.38684729, 3.3333E-02, 1.1200E+01, 1.6000E+00,
13:47:07.38684734, 3.3333E-02, 1.1133E+01, 1.6000E+00,
13:47:07.38684739, 6.6667E-02, 1.0933E+01, 1.4667E+00,
13:47:07.38684744, 1.0000E-01, 1.1000E+01, 1.2000E+00,
13:47:07.38684749, 0.0000E+00, 1.1067E+01, 1.4667E+00,
13:47:07.38684754, 0.0000E+00, 1.1000E+01, 1.4667E+00,
13:47:07.38684759, 0.0000E+00, 1.1267E+01, 1.4667E+00,
13:47:07.38684764, 0.0000E+00, 1.1067E+01, 1.4667E+00,
13:47:07.38684769, 3.3333E-02, 1.1200E+01, 1.2000E+00,
13:47:07.38684774,-3.3333E-02, 1.1067E+01, 1.3333E+00,
13:47:07.38684779,-6.6667E-02, 1.1133E+01, 1.3333E+00,
13:47:07.38684784, 0.0000E+00, 1.1133E+01, 1.4667E+00,
13:47:07.38684789, 6.6667E-02, 1.1200E+01, 1.8667E+00,
13:47:07.38684794, 0.0000E+00, 1.1067E+01, 1.4667E+00,
13:47:07.38684799, 3.3333E-02, 1.1200E+01, 1.6000E+00,
13:47:07.38684804, 0.0000E+00, 1.1000E+01, 1.2000E+00,
13:47:07.38684809, 0.0000E+00, 1.1267E+01, 1.4667E+00,
13:47:07.38684814, 0.0000E+00, 1.1133E+01, 1.4667E+00,
13:47:07.38684819, 0.0000E+00, 1.1000E+01, 1.6000E+00,
13:47:07.38684824,-3.3333E-02, 1.1133E+01, 1.4667E+00,
13:47:07.38684829, 1.0000E-01, 1.1200E+01, 1.6000E+00,
13:47:07.38684834, 3.3333E-02, 1.1067E+01, 1.6000E+00,
13:47:07.38684839, 3.3333E-02, 1.1133E+01, 1.4667E+00,
13:47:07.38684844,-3.3333E-02, 1.1067E+01, 1.6000E+00,
13:47:07.38684849, 1.3333E-01, 1.1133E+01, 1.6000E+00,
13:47:07.38684854, 0.0000E+00, 1.1267E+01, 1.3333E+00,
13:47:07.38684859, 0.0000E+00, 1.1067E+01, 1.0667E+00,
13:47:07.38684864, 3.3333E-02, 1.1133E+01, 1.4667E+00,
13:47:07.38684869,-3.3333E-02, 1.1133E+01, 1.4667E+00,
13:47:07.38684874,-3.3333E-02, 1.1067E+01, 1.7333E+00,
13:47:07.38684879,-3.3333E-02, 1.1000E+01, 1.7333E+00,
13:47:07.38684884, 6.6667E-02, 1.1067E+01, 1.7333E+00,
13:47:07.38684889,-6.6667E-02, 1.1067E+01, 1.6000E+00,
13:47:07.38684894,-3.3333E-02, 1.1067E+01, 1.6000E+00,
13:47:07.38684899, 6.6667E-02, 1.1067E+01, 1.6000E+00,
13:47:07.38684904, 3.3333E-02, 1.1133E+01, 1.4667E+00,
13:47:07.38684909, 3.3333E-02, 1.1000E+01, 1.0667E+00,
13:47:07.38684914,-6.6667E-02, 1.1067E+01, 1.3333E+00,
13:47:07.38684919, 0.0000E+00, 1.1133E+01, 1.4667E+00,
13:47:07.38684924,-3.3333E-02, 1.1200E+01, 1.4667E+00,
13:47:07.38684929, 6.6667E-02, 1.1067E+01, 1.3333E+00,
13:47:07.38684934, 3.3333E-02, 1.1133E+01, 1.4667E+00,
13:47:07.38684939, 3.3333E-02, 1.1133E+01, 1.7333E+00,
13:47:07.38684944, 0.0000E+00, 1.1067E+01, 1.6000E+00,
13:47:07.38684949, 0.0000E+00, 1.1133E+01, 1.4667E+00,
13:47:07.38684954,-3.3333E-02, 1.1200E+01, 1.4667E+00,
13:47:07.38684959, 3.3333E-02, 1.0933E+01, 1.3333E+00,
13:47:07.38684964, 0.0000E+00, 1.1133E+01, 1.3333E+00,
13:47:07.38684969, 0.0000E+00, 1.1133E+01, 1.6000E+00,
13:47:07.38684974, 3.3333E-02, 1.1067E+01, 1.4667E+00,
13:47:07.38684979, 3.3333E-02, 1.1000E+01, 1.2000E+00,
13:47:07.38684984, 0.0000E+00, 1.1000E+01, 1.3333E+00,
13:47:07.38684989, 3.3333E-02, 1.1067E+01, 1.4667E+00,
13:47:07.38684994, 0.0000E+00, 1.1133E+01, 1.8667E+00,
13:47:07.38684999, 3.3333E-02, 1.1133E+01, 1.4667E+00,
13:47:07.38685004, 3.3333E-02, 1.1000E+01, 1.4667E+00,
13:47:07.38685009, 3.3333E-02, 1.1000E+01, 1.6000E+00,
13:47:07.38685014,-6.6667E-02, 1.1000E+01, 1.2000E+00,
13:47:07.38685019, 3.3333E-02, 1.1067E+01, 1.3333E+00,
13:47:07.38685024,-3.3333E-02, 1.1067E+01, 1.4667E+00,
13:47:07.38685029, 3.3333E-02, 1.1133E+01, 1.3333E+00,
13:47:07.38685034, 0.0000E+00, 1.1000E+01, 1.3333E+00,
13:47:07.38685039, 0.0000E+00, 1.1200E+01, 1.4667E+00,
13:47:07.38685044, 0.0000E+00, 1.1133E+01, 1.3333E+00,
13:47:07.38685049, 3.3333E-02, 1.1067E+01, 1.3333E+00,
13:47:07.38685054, 3.3333E-02, 1.1133E+01, 1.6000E+00,
13:47:07.38685059, 1.3333E-01, 1.1067E+01, 1.6000E+00,
13:47:07.38685064, 0.0000E+00, 1.1067E+01, 1.4667E+00,
13:47:07.38685069,-3.3333E-02, 1.1133E+01, 1.4667E+00,
13:47:07.38685074, 6.6667E-02, 1.1067E+01, 1.3333E+00,
13:47:07.38685079,-3.3333E-02, 1.1133E+01, 1.8667E+00,
13:47:07.38685084, 0.0000E+00, 1.1067E+01, 1.3333E+00,
13:47:07.38685089, 0.0000E+00, 1.1133E+01, 1.4667E+00,
13:47:07.38685094, 0.0000E+00, 1.1067E+01, 1.4667E+00,
13:47:07.38685099,-3.3333E-02, 1.1133E+01, 1.6000E+00,
13:47:07.38685104,-3.3333E-02, 1.1133E+01, 1.3333E+00,
13:47:07.38685109,-3.3333E-02, 1.1000E+01, 1.3333E+00,
13:47:07.38685114,-3.3333E-02, 1.1067E+01, 1.4667E+00,
13:47:07.38685119, 0.0000E+00, 1.1067E+01, 1.3333E+00,
13:47:07.38685124, 0.0000E+00, 1.1133E+01, 1.4667E+00,
13:47:07.38685129, 0.0000E+00, 1.1067E+01, 1.7333E+00,
13:47:07.38685134, 3.3333E-02, 1.1133E+01, 1.6000E+00,
13:47:07.38685139,-6.6667E-02, 1.1000E+01, 1.4667E+00,
13:47:07.38685144, 3.3333E-02, 1.1133E+01, 1.8667E+00,
13:47:07.38685149, 0.0000E+00, 1.1067E+01, 1.3333E+00,
13:47:07.38685154, 0.0000E+00, 1.1200E+01, 1.6000E+00,
13:47:07.38685159, 0.0000E+00, 1.1067E+01, 1.3333E+00,
13:47:07.38685164, 3.3333E-02, 1.1133E+01, 1.6000E+00,
13:47:07.38685169, 3.3333E-02, 1.1200E+01, 1.4667E+00,
13:47:07.38685174, 3.3333E-02, 1.1067E+01, 1.4667E+00,
13:47:07.38685179, 0.0000E+00, 1.1200E+01, 1.3333E+00,
13:47:07.38685184, 6.6667E-02, 1.1267E+01, 1.4667E+00,
13:47:07.38685189, 0.0000E+00, 1.1133E+01, 1.6000E+00,
13:47:07.38685194, 3.3333E-02, 1.1000E+01, 1.6000E+00,
13:47:07.38685199, 0.0000E+00, 1.1267E+01, 1.3333E+00,
13:47:07.38685204, 0.0000E+00, 1.1067E+01, 1.6000E+00,
13:47:07.38685209, 1.0000E-01, 1.1067E+01, 1.3333E+00,
13:47:07.38685214,-3.3333E-02, 1.1133E+01, 1.4667E+00,
13:47:07.38685219, 0.0000E+00, 1.1067E+01, 1.4667E+00,
13:47:07.38685224, 0.0000E+00, 1.1200E+01, 1.6000E+00,
13:47:07.38685229, 0.0000E+00, 1.1067E+01, 1.6000E+00,
13:47:07.38685234,-6.6667E-02, 1.1133E+01, 1.3333E+00,
13:47:07.38685239,-3.3333E-02, 1.0933E+01, 1.6000E+00,
13:47:07.38685244, 3.3333E-02, 1.1000E+01, 1.4667E+00,
13:47:07.38685249, 0.0000E+00, 1.1067E+01, 1.4667E+00,
13:47:07.38685254, 3.3333E-02, 1.1067E+01, 1.3333E+00,
13:47:07.38685259, 0.0000E+00, 1.1067E+01, 1.6000E+00,
13:47:07.38685264, 6.6667E-02, 1.1133E+01, 1.4667E+00,
13:47:07.38685269,-3.3333E-02, 1.1333E+01, 1.6000E+00,
13:47:07.38685274, 3.3333E-02, 1.1067E+01, 1.2000E+00,
13:47:07.38685279, 6.6667E-02, 1.1133E+01, 1.4667E+00,
13:47:07.38685284,-1.0000E-01, 1.1000E+01, 1.4667E+00,
13:47:07.38685289,-3.3333E-02, 1.1133E+01, 1.6000E+00,
13:47:07.38685294, 3.3333E-02, 1.1000E+01, 1.4667E+00,
13:47:07.38685299, 3.3333E-02, 1.1067E+01, 1.3333E+00,
13:47:07.38685304, 3.3333E-02, 1.1000E+01, 1.7333E+00,
13:47:07.38685309, 3.3333E-02, 1.1067E+01, 1.2000E+00,
13:47:07.38685314, 0.0000E+00, 1.1133E+01, 1.2000E+00,
13:47:07.38685319, 6.6667E-02, 1.1000E+01, 1.6000E+00,
13:47:07.38685324, 3.3333E-02, 1.1067E+01, 1.3333E+00,
13:47:07.38685329, 6.6667E-02, 1.1133E+01, 1.6000E+00,
13:47:07.38685334, 0.0000E+00, 1.1133E+01, 1.6000E+00,
13:47:07.38685339, 3.3333E-02, 1.1067E+01, 1.3333E+00,
13:47:07.38685344, 3.3333E-02, 1.1133E+01, 1.7333E+00,
13:47:07.38685349, 3.3333E-02, 1.1000E+01, 1.6000E+00,
13:47:07.38685354,-3.3333E-02, 1.1133E+01, 1.6000E+00,
13:47:07.38685359, 0.0000E+00, 1.1133E+01, 1.3333E+00,
13:47:07.38685364,-3.3333E-02, 1.1133E+01, 1.3333E+00,
13:47:07.38685369, 6.6667E-02, 1.1133E+01, 1.2000E+00,
13:47:07.38685374, 3.3333E-02, 1.1133E+01, 1.7333E+00,
13:47:07.38685379, 3.3333E-02, 1.1133E+01, 1.4667E+00,
13:47:07.38685384, 3.3333E-02, 1.1067E+01, 1.3333E+00,
13:47:07.38685389, 6.6667E-02, 1.1067E+01, 1.3333E+00,
13:47:07.38685394, 0.0000E+00, 1.1000E+01, 1.3333E+00,
13:47:07.38685399, 3.3333E-02, 1.1133E+01, 1.3333E+00,
13:47:07.38685404, 0.0000E+00, 1.1133E+01, 1.3333E+00,
13:47:07.38685409, 6.6667E-02, 1.1067E+01, 1.4667E+00,
13:47:07.38685414, 3.3333E-02, 1.1067E+01, 1.3333E+00,
13:47:07.38685419, 3.3333E-02, 1.1067E+01, 1.6000E+00,
13:47:07.38685424, 0.0000E+00, 1.1067E+01, 1.6000E+00,
13:47:07.38685429, 0.0000E+00, 1.1200E+01, 1.4667E+00,
13:47:07.38685434, 0.0000E+00, 1.0933E+01, 1.6000E+00,
13:47:07.38685439, 0.0000E+00, 1.1200E+01, 1.4667E+00,
13:47:07.38685444, 3.3333E-02, 1.1067E+01, 1.4667E+00,
13:47:07.38685449, 3.3333E-02, 1.1200E+01, 1.2000E+00,
13:47:07.38685454, 0.0000E+00, 1.1133E+01, 1.4667E+00,
13:47:07.38685459, 0.0000E+00, 1.1000E+01, 1.3333E+00,
13:47:07.38685464,-6.6667E-02, 1.1133E+01, 1.4667E+00,
13:47:07.38685469,-3.3333E-02, 1.1133E+01, 1.6000E+00,
13:47:07.38685474, 3.3333E-02, 1.1133E+01, 1.8667E+00,
13:47:07.38685479,-3.3333E-02, 1.0933E+01, 1.6000E+00,
13:47:07.38685484, 3.3333E-02, 1.1133E+01, 1.3333E+00,
13:47:07.38685489,-6.6667E-02, 1.1067E+01, 1.6000E+00,
13:47:07.38685494, 6.6667E-02, 1.1000E+01, 1.4667E+00,
13:47:07.38685499, 0.0000E+00, 1.1200E+01, 1.3333E+00,
13:47:07.38685504, 3.3333E-02, 1.1133E+01, 1.2000E+00,
13:47:07.38685509, 0.0000E+00, 1.1067E+01, 1.6000E+00,
13:47:07.38685514, 0.0000E+00, 1.1067E+01, 1.4667E+00,
13:47:07.38685519,-6.6667E-02, 1.1000E+01, 1.6000E+00,
13:47:07.38685524, 0.0000E+00, 1.1200E+01, 1.2000E+00,
13:47:07.38685529,-3.3333E-02, 1.1200E+01, 1.4667E+00,
13:47:07.38685534,-3.3333E-02, 1.1000E+01, 1.7333E+00,
13:47:07.38685539, 0.0000E+00, 1.1067E+01, 1.3333E+00,
13:47:07.38685544, 0.0000E+00, 1.1067E+01, 1.4667E+00,
13:47:07.38685549, 0.0000E+00, 1.1000E+01, 1.2000E+00,
13:47:07.38685554, 0.0000E+00, 1.1067E+01, 1.2000E+00,
13:47:07.38685559, 3.3333E-02, 1.1267E+01, 1.7333E+00,
13:47:07.38685564,-3.3333E-02, 1.1067E+01, 1.4667E+00,
13:47:07.38685569,-3.3333E-02, 1.1067E+01, 1.4667E+00,
13:47:07.38685574,-6.6667E-02, 1.1267E+01, 1.6000E+00,
13:47:07.38685579, 0.0000E+00, 1.1067E+01, 1.4667E+00,
13:47:07.38685584, 3.3333E-02, 1.1133E+01, 1.3333E+00,
13:47:07.38685589,-3.3333E-02, 1.1133E+01, 1.3333E+00,
13:47:07.38685594, 3.3333E-02, 1.1067E+01, 1.4667E+00,
13:47:07.38685599, 6.6667E-02, 1.1133E+01, 1.4667E+00,
13:47:07.38685604,-3.3333E-02, 1.1133E+01, 1.4667E+00,
13:47:07.38685609, 3.3333E-02, 1.1133E+01, 1.3333E+00,
13:47:07.38685614, 3.3333E-02, 1.1067E+01, 1.4667E+00,
13:47:07.38685619, 3.3333E-02, 1.1000E+01, 1.4667E+00,
13:47:07.38685624, 0.0000E+00, 1.1000E+01, 1.4667E+00,
13:47:07.38685629, 0.0000E+00, 1.1067E+01, 1.7333E+00,
13:47:07.38685634, 3.3333E-02, 1.1133E+01, 1.7333E+00,
13:47:07.38685639, 0.0000E+00, 1.1067E+01, 1.4667E+00,
13:47:07.38685644,-3.3333E-02, 1.1067E+01, 1.6000E+00,
13:47:07.38685649, 6.6667E-02, 1.1133E+01, 1.3333E+00,
13:47:07.38685654, 0.0000E+00, 1.1133E+01, 1.2000E+00,
13:47:07.38685659, 1.3333E-01, 1.1067E+01, 1.6000E+00,
13:47:07.38685664,-6.6667E-02, 1.1067E+01, 1.4667E+00,
13:47:07.38685669,-3.3333E-02, 1.1000E+01, 1.6000E+00,
13:47:07.38685674,-3.3333E-02, 1.1067E+01, 1.7333E+00,
13:47:07.38685679, 0.0000E+00, 1.1000E+01, 1.7333E+00,
13:47:07.38685684, 3.3333E-02, 1.1000E+01, 1.4667E+00,
13:47:07.38685689, 6.6667E-02, 1.1133E+01, 1.7333E+00,
13:47:07.38685694, 0.0000E+00, 1.1067E+01, 1.7333E+00,
13:47:07.38685699, 0.0000E+00, 1.1133E+01, 1.6000E+00,
13:47:07.38685704, 3.3333E-02, 1.0933E+01, 1.4667E+00,
13:47:07.38685709, 3.3333E-02, 1.1067E+01, 1.6000E+00,
13:47:07.38685714, 0.0000E+00, 1.1133E+01, 1.7333E+00,
13:47:07.38685719, 3.3333E-02, 1.1000E+01, 1.3333E+00,
13:47:07.38685724,-3.3333E-02, 1.1000E+01, 1.6000E+00,
13:47:07.38685729,-3.3333E-02, 1.1000E+01, 1.7333E+00,
13:47:07.38685734, 0.0000E+00, 1.1200E+01, 1.4667E+00,
13:47:07.38685739, 6.6667E-02, 1.1067E+01, 1.4667E+00,
13:47:07.38685744, 0.0000E+00, 1.1133E+01, 1.3333E+00,
13:47:07.38685749,-3.3333E-02, 1.0867E+01, 1.2000E+00,
13:47:07.38685754, 0.0000E+00, 1.1000E+01, 1.6000E+00,
13:47:07.38685759, 3.3333E-02, 1.1067E+01, 1.7333E+00,
13:47:07.38685764, 0.0000E+00, 1.1067E+01, 1.6000E+00,
13:47:07.38685769, 3.3333E-02, 1.1200E+01, 1.3333E+00,
13:47:07.38685774, 0.0000E+00, 1.1133E+01, 1.6000E+00,
13:47:07.38685779, 1.0000E-01, 1.1133E+01, 1.4667E+00,
13:47:07.38685784, 3.3333E-02, 1.1200E+01, 1.4667E+00,
13:47:07.38685789, 0.0000E+00, 1.1067E+01, 1.4667E+00,
13:47:07.38685794, 3.3333E-02, 1.1067E+01, 1.4667E+00,
13:47:07.38685799, 6.6667E-02, 1.1067E+01, 1.6000E+00,
13:47:07.38685804, 6.6667E-02, 1.1000E+01, 1.4667E+00,
13:47:07.38685809, 3.3333E-02, 1.1067E+01, 1.7333E+00,
13:47:07.38685814, 3.3333E-02, 1.1133E+01, 1.7333E+00,
13:47:07.38685819,-3.3333E-02, 1.1133E+01, 1.4667E+00,
13:47:07.38685824, 3.3333E-02, 1.1200E+01, 1.7333E+00,
13:47:07.38685829, 0.0000E+00, 1.1133E+01, 1.3333E+00,
13:47:07.38685834, 0.0000E+00, 1.1267E+01, 1.4667E+00,
13:47:07.38685839,-3.3333E-02, 1.1067E+01, 1.3333E+00,
13:47:07.38685844, 6.6667E-02, 1.1067E+01, 1.7333E+00,
13:47:07.38685849,-3.3333E-02, 1.1067E+01, 1.3333E+00,
13:47:07.38685854,-3.3333E-02, 1.1133E+01, 1.4667E+00,
13:47:07.38685859,-3.3333E-02, 1.1067E+01, 1.6000E+00,
13:47:07.38685864,-3.3333E-02, 1.1000E+01, 1.6000E+00,
13:47:07.38685869,-3.3333E-02, 1.1200E+01, 1.6000E+00,
13:47:07.38685874,-3.3333E-02, 1.1067E+01, 1.7333E+00,
13:47:07.38685879, 3.3333E-02, 1.1000E+01, 1.6000E+00,
13:47:07.38685884, 3.3333E-02, 1.1200E+01, 1.7333E+00,
13:47:07.38685889,-6.6667E-02, 1.1000E+01, 1.4667E+00,
13:47:07.38685894, 0.0000E+00, 1.1200E+01, 1.0667E+00,
13:47:07.38685899, 3.3333E-02, 1.1200E+01, 1.3333E+00,
13:47:07.38685904,-6.6667E-02, 1.1133E+01, 1.4667E+00,
13:47:07.38685909,-3.3333E-02, 1.1067E+01, 1.7333E+00,
13:47:07.38685914, 0.0000E+00, 1.1000E+01, 1.7333E+00,
13:47:07.38685919,-3.3333E-02, 1.1067E+01, 1.7333E+00,
13:47:07.38685924, 0.0000E+00, 1.1067E+01, 1.3333E+00,
13:47:07.38685929, 0.0000E+00, 1.1000E+01, 1.3333E+00,
13:47:07.38685934, 3.3333E-02, 1.0933E+01, 1.2000E+00,
13:47:07.38685939, 3.3333E-02, 1.0933E+01, 1.4667E+00,
13:47:07.38685944, 0.0000E+00, 1.1067E+01, 1.2000E+00,
13:47:07.38685949, 3.3333E-02, 1.0933E+01, 1.3333E+00,
13:47:07.38685954, 6.6667E-02, 1.1133E+01, 1.3333E+00,
13:47:07.38685959,-6.6667E-02, 1.1067E+01, 1.6000E+00,
13:47:07.38685964, 0.0000E+00, 1.0933E+01, 1.7333E+00,
13:47:07.38685969, 6.6667E-02, 1.1067E+01, 1.3333E+00,
13:47:07.38685974,-3.3333E-02, 1.1267E+01, 1.4667E+00,
13:47:07.38685979,-6.6667E-02, 1.1133E+01, 1.3333E+00,
13:47:07.38685984, 3.3333E-02, 1.1133E+01, 1.2000E+00,
13:47:07.38685989, 6.6667E-02, 1.1067E+01, 1.4667E+00,
13:47:07.38685994,-3.3333E-02, 1.1000E+01, 1.4667E+00,
13:47:07.38685999, 3.3333E-02, 1.1200E+01, 1.3333E+00,
13:47:07.38686004, 6.6667E-02, 1.1000E+01, 1.2000E+00,
13:47:07.38686009,-6.6667E-02, 1.1200E+01, 1.6000E+00,
13:47:07.38686014, 3.3333E-02, 1.1267E+01, 1.6000E+00,
13:47:07.38686019,-3.3333E-02, 1.1000E+01, 1.6000E+00,
13:47:07.38686024,-3.3333E-02, 1.1067E+01, 1.2000E+00,
13:47:07.38686029, 3.3333E-02, 1.1133E+01, 1.3333E+00,
13:47:07.38686034, 3.3333E-02, 1.0933E+01, 1.6000E+00,
13:47:07.38686039,-3.3333E-02, 1.1067E+01, 1.0667E+00,
13:47:07.38686044, 3.3333E-02, 1.1133E+01, 1.7333E+00,
13:47:07.38686049, 0.0000E+00, 1.1067E+01, 1.6000E+00,
13:47:07.38686054,-3.3333E-02, 1.1000E+01, 1.4667E+00,
13:47:07.38686059,-3.3333E-02, 1.1133E+01, 1.3333E+00,
13:47:07.38686064, 3.3333E-02, 1.1067E+01, 1.6000E+00,
13:47:07.38686069, 0.0000E+00, 1.1133E+01, 1.3333E+00,
13:47:07.38686074, 3.3333E-02, 1.1133E+01, 1.4667E+00,
13:47:07.38686079, 6.6667E-02, 1.1000E+01, 1.2000E+00,
13:47:07.38686084, 0.0000E+00, 1.1067E+01, 1.4667E+00,
13:47:07.38686089, 3.3333E-02, 1.1067E+01, 1.0667E+00,
13:47:07.38686094,-3.3333E-02, 1.1133E+01, 1.2000E+00,
13:47:07.38686099, 6.6667E-02, 1.1000E+01, 1.2000E+00,
13:47:07.38686104,-3.3333E-02, 1.1000E+01, 1.4667E+00,
13:47:07.38686109, 0.0000E+00, 1.0933E+01, 1.6000E+00,
13:47:07.38686114, 0.0000E+00, 1.1133E+01, 1.6000E+00,
13:47:07.38686119, 3.3333E-02, 1.1067E+01, 1.4667E+00,
13:47:07.38686124, 0.0000E+00, 1.1067E+01, 1.7333E+00,
13:47:07.38686129, 0.0000E+00, 1.1000E+01, 1.6000E+00,
13:47:07.38686134, 0.0000E+00, 1.1133E+01, 1.3333E+00,
13:47:07.38686139, 3.3333E-02, 1.1067E+01, 1.6000E+00,
13:47:07.38686144,-3.3333E-02, 1.1133E+01, 1.4667E+00,
13:47:07.38686149, 0.0000E+00, 1.1267E+01, 1.6000E+00,
13:47:07.38686154, 3.3333E-02, 1.1000E+01, 1.8667E+00,
13:47:07.38686159, 3.3333E-02, 1.1000E+01, 1.4667E+00,
13:47:07.38686164, 0.0000E+00, 1.1000E+01, 1.4667E+00,
13:47:07.38686169, 3.3333E-02, 1.1067E+01, 1.4667E+00,
13:47:07.38686174, 0.0000E+00, 1.1067E+01, 1.2000E+00,
13:47:07.38686179, 3.3333E-02, 1.1200E+01, 1.4667E+00,
13:47:07.38686184, 6.6667E-02, 1.1067E+01, 1.2000E+00,
13:47:07.38686189, 3.3333E-02, 1.1200E+01, 1.3333E+00,
13:47:07.38686194, 0.0000E+00, 1.1067E+01, 1.4667E+00,
13:47:07.38686199,-3.3333E-02, 1.1067E+01, 1.4667E+00,
13:47:07.38686204, 0.0000E+00, 1.1267E+01, 1.4667E+00,
13:47:07.38686209, 3.3333E-02, 1.1133E+01, 1.3333E+00,
13:47:07.38686214,-3.3333E-02, 1.1133E+01, 1.3333E+00,
13:47:07.38686219,-3.3333E-02, 1.1067E+01, 1.4667E+00,
13:47:07.38686224, 3.3333E-02, 1.1000E+01, 1.4667E+00,
13:47:07.38686229, 0.0000E+00, 1.1067E+01, 1.6000E+00,
13:47:07.38686234,-3.3333E-02, 1.1067E+01, 1.0667E+00,
13:47:07.38686239, 3.3333E-02, 1.1200E+01, 1.4667E+00,
13:47:07.38686244,-3.3333E-02, 1.1067E+01, 1.7333E+00,
13:47:07.38686249, 0.0000E+00, 1.1000E+01, 1.7333E+00,
13:47:07.38686254, 0.0000E+00, 1.1200E+01, 1.6000E+00,
13:47:07.38686259, 0.0000E+00, 1.0933E+01, 1.3333E+00,
13:47:07.38686264, 3.3333E-02, 1.1200E+01, 1.0667E+00,
13:47:07.38686269, 3.3333E-02, 1.1067E+01, 1.4667E+00,
13:47:07.38686274,-3.3333E-02, 1.1000E+01, 1.7333E+00,
13:47:07.38686279, 0.0000E+00, 1.1200E+01, 1.3333E+00,
13:47:07.38686284, 0.0000E+00, 1.1067E+01, 1.4667E+00,
13:47:07.38686289, 0.0000E+00, 1.1133E+01, 1.3333E+00,
13:47:07.38686294,-3.3333E-02, 1.1133E+01, 1.3333E+00,
13:47:07.38686299, 5.6667E-01, 1.1067E+01, 1.4667E+00,
13:47:07.38686304, 2.4000E+00, 1.1133E+01, 1.4667E+00,
13:47:07.38686309, 4.8000E+00, 1.0267E+01, 1.4667E+00,
13:47:07.38686314, 5.7333E+00, 9.0667E+00, 1.4667E+00,
13:47:07.38686319, 5.6333E+00, 9.1333E+00, 1.2000E+00,
13:47:07.38686324, 5.6000E+00, 9.2667E+00, 1.4667E+00,
13:47:07.38686329, 5.6000E+00, 9.6000E+00, 1.2000E+00,
13:47:07.38686334, 5.6000E+00, 9.4000E+00, 1.4667E+00,
13:47:07.38686339, 5.5000E+00, 9.3333E+00, 2.1333E+00,
13:47:07.38686344, 5.5333E+00, 9.6000E+00, 2.6667E+00,
13:47:07.38686349, 5.5667E+00, 9.6000E+00, 3.0667E+00,
13:47:07.38686354, 5.6333E+00, 9.4667E+00, 3.8667E+00,
13:47:07.38686359, 5.5667E+00, 9.4000E+00, 3.8667E+00,
13:47:07.38686364, 5.5667E+00, 9.5333E+00, 4.2667E+00,
13:47:07.38686369, 5.6667E+00, 9.3333E+00, 4.6667E+00,
13:47:07.38686374, 5.5667E+00, 9.5333E+00, 4.9333E+00,
13:47:07.38686379, 5.6667E+00, 9.4000E+00, 5.4667E+00,
13:47:07.38686384, 5.6667E+00, 9.4667E+00, 6.2667E+00,
13:47:07.38686389, 5.5000E+00, 9.4667E+00, 6.6667E+00,
13:47:07.38686394, 5.6000E+00, 9.4000E+00, 6.9333E+00,
13:47:07.38686399, 5.6000E+00, 9.4667E+00, 7.4667E+00,
13:47:07.38686404, 5.6667E+00, 9.3333E+00, 7.7333E+00,
13:47:07.38686409, 5.6333E+00, 9.4667E+00, 7.8667E+00,
13:47:07.38686414, 5.6667E+00, 9.4667E+00, 9.0667E+00,
13:47:07.38686419, 5.7000E+00, 9.4667E+00, 8.9333E+00,
13:47:07.38686424, 5.6667E+00, 9.4667E+00, 9.7333E+00,
13:47:07.38686429, 5.7000E+00, 9.4667E+00, 1.0000E+01,
13:47:07.38686434, 5.6667E+00, 9.5333E+00, 1.0933E+01,
13:47:07.38686439, 5.6000E+00, 9.5333E+00, 1.1200E+01,
13:47:07.38686444, 5.7000E+00, 9.4000E+00, 1.1600E+01,
13:47:07.38686449, 5.6667E+00, 9.4667E+00, 1.2000E+01,
13:47:07.38686454, 5.6667E+00, 9.4000E+00, 1.2667E+01,
13:47:07.38686459, 5.6000E+00, 9.6667E+00, 1.3067E+01,
13:47:07.38686464, 5.7333E+00, 9.4667E+00, 1.3200E+01,
13:47:07.38686469, 5.7000E+00, 9.4000E+00, 1.3467E+01,
13:47:07.38686474, 5.7000E+00, 9.6000E+00, 1.4133E+01,
13:47:07.38686479, 5.6667E+00, 9.6000E+00, 1.4933E+01,
13:47:07.38686484, 5.6000E+00, 9.5333E+00, 1.5067E+01,
13:47:07.38686489, 5.6667E+00, 9.5333E+00, 1.5733E+01,
13:47:07.38686494, 5.6667E+00, 9.6000E+00, 1.6000E+01,
13:47:07.38686499, 5.7333E+00, 9.4667E+00, 1.6400E+01,
13:47:07.38686504, 5.7333E+00, 9.4667E+00, 1.7067E+01,
13:47:07.38686509, 5.7000E+00, 9.4667E+00, 1.7333E+01,
13:47:07.38686514, 5.7333E+00, 9.3333E+00, 1.7600E+01,
13:47:07.38686519, 5.7667E+00, 9.6000E+00, 1.8400E+01,
13:47:07.38686524, 5.7333E+00, 9.6000E+00, 1.8533E+01,
13:47:07.38686529, 5.7333E+00, 9.4667E+00, 1.8800E+01,
13:47:07.38686534, 5.7333E+00, 9.4667E+00, 1.9200E+01,
13:47:07.38686539, 5.7333E+00, 9.4667E+00, 1.9867E+01,
13:47:07.38686544, 5.8000E+00, 9.6000E+00, 2.0400E+01,
13:47:07.38686549, 5.7333E+00, 9.5333E+00, 2.0667E+01,
13:47:07.38686554, 5.7333E+00, 9.4667E+00, 2.1200E+01,
13:47:07.38686559, 5.8000E+00, 9.4667E+00, 2.1600E+01,
13:47:07.38686564, 5.7667E+00, 9.4000E+00, 2.1867E+01,
13:47:07.38686569, 5.8000E+00, 9.4667E+00, 2.2400E+01,
13:47:07.38686574, 5.8000E+00, 9.5333E+00, 2.2533E+01,
13:47:07.38686579, 5.8333E+00, 9.4667E+00, 2.3200E+01,
13:47:07.38686584, 5.7667E+00, 9.6667E+00, 2.3600E+01,
13:47:07.38686589, 5.8000E+00, 9.5333E+00, 2.3733E+01,
13:47:07.38686594, 5.7667E+00, 9.6667E+00, 2.4133E+01,
13:47:07.38686599, 5.7667E+00, 9.5333E+00, 2.4667E+01,
13:47:07.38686604, 5.8333E+00, 9.6000E+00, 2.4800E+01,
13:47:07.38686609, 5.8000E+00, 9.4667E+00, 2.5333E+01,
13:47:07.38686614, 5.8333E+00, 9.6667E+00, 2.5867E+01,
13:47:07.38686619, 5.8000E+00, 9.6000E+00, 2.6133E+01,
13:47:07.38686624, 5.8000E+00, 9.6000E+00, 2.6533E+01,
13:47:07.38686629, 5.8667E+00, 9.4000E+00, 2.6800E+01,
13:47:07.38686634, 5.8333E+00, 9.6000E+00, 2.7600E+01,
13:47:07.38686639, 5.8333E+00, 9.6667E+00, 2.7600E+01,
13:47:07.38686644, 5.8333E+00, 9.6667E+00, 2.8000E+01,
13:47:07.38686649, 5.9000E+00, 9.6667E+00, 2.8400E+01,
13:47:07.38686654, 5.9000E+00, 9.5333E+00, 2.8933E+01,
13:47:07.38686659, 5.9333E+00, 9.7333E+00, 2.9200E+01,
13:47:07.38686664, 5.8333E+00, 9.6667E+00, 2.9333E+01,
13:47:07.38686669, 5.8333E+00, 9.6667E+00, 2.9867E+01,
13:47:07.38686674, 5.8667E+00, 9.6000E+00, 2.9733E+01,
13:47:07.38686679, 5.9000E+00, 9.6667E+00, 3.0533E+01,
13:47:07.38686684, 5.8667E+00, 9.4667E+00, 3.0800E+01,
13:47:07.38686689, 5.9000E+00, 9.6667E+00, 3.0933E+01,
13:47:07.38686694, 5.9667E+00, 9.7333E+00, 3.1733E+01,
13:47:07.38686699, 5.8667E+00, 9.6000E+00, 3.2400E+01,
13:47:07.38686704, 5.9000E+00, 9.5333E+00, 3.2267E+01,
13:47:07.38686709, 5.9333E+00, 9.6667E+00, 3.2667E+01,
13:47:07.38686714, 5.9333E+00, 9.6667E+00, 3.2933E+01,
13:47:07.38686719, 5.8667E+00, 9.7333E+00, 3.3200E+01,
13:47:07.38686724, 5.8667E+00, 9.8000E+00, 3.3467E+01,
13:47:07.38686729, 5.9000E+00, 9.6667E+00, 3.4000E+01,
13:47:07.38686734, 5.9000E+00, 9.8000E+00, 3.4133E+01,
13:47:07.38686739, 5.9000E+00, 9.8000E+00, 3.4400E+01,
13:47:07.38686744, 5.9667E+00, 9.7333E+00, 3.4800E+01,
13:47:07.38686749, 5.9667E+00, 9.7333E+00, 3.5200E+01,
13:47:07.38686754, 5.9333E+00, 9.7333E+00, 3.5733E+01,
13:47:07.38686759, 5.8667E+00, 9.7333E+00, 3.6133E+01,
13:47:07.38686764, 5.9333E+00, 9.6667E+00, 3.6133E+01,
13:47:07.38686769, 5.9333E+00, 9.6667E+00, 3.6400E+01,
13:47:07.38686774, 5.9333E+00, 9.8000E+00, 3.6800E+01,
13:47:07.38686779, 5.9667E+00, 9.6667E+00, 3.7067E+01,
13:47:07.38686784, 5.9333E+00, 9.8667E+00, 3.7200E+01,
13:47:07.38686789, 6.0000E+00, 9.8667E+00, 3.7867E+01,
13:47:07.38686794, 5.9667E+00, 9.8667E+00, 3.8133E+01,
13:47:07.38686799, 5.9667E+00, 9.8000E+00, 3.8133E+01,
13:47:07.38686804, 6.0000E+00, 9.9333E+00, 3.8533E+01,
13:47:07.38686809, 6.0000E+00, 9.8000E+00, 3.8800E+01,
13:47:07.38686814, 6.0333E+00, 9.8667E+00, 3.8933E+01,
13:47:07.38686819, 6.0333E+00, 9.9333E+00, 3.9333E+01,
13:47:07.38686824, 5.9000E+00, 9.8000E+00, 3.9600E+01,
13:47:07.38686829, 5.9667E+00, 9.8667E+00, 3.9600E+01,
13:47:07.38686834, 5.9667E+00, 9.9333E+00, 4.0133E+01,
13:47:07.38686839, 6.0000E+00, 9.8667E+00, 4.0400E+01,
13:47:07.38686844, 6.0000E+00, 9.9333E+00, 4.0400E+01,
13:47:07.38686849, 6.0333E+00, 1.0000E+01, 4.1200E+01,
13:47:07.38686854, 6.0000E+00, 9.9333E+00, 4.1467E+01,
13:47:07.38686859, 6.0333E+00, 9.9333E+00, 4.1333E+01,
13:47:07.38686864, 6.0000E+00, 9.9333E+00, 4.1733E+01,
13:47:07.38686869, 5.9667E+00, 9.9333E+00, 4.1733E+01,
13:47:07.38686874, 6.0000E+00, 9.8000E+00, 4.2133E+01,
13:47:07.38686879, 5.9667E+00, 1.0000E+01, 4.2133E+01,
13:47:07.38686884, 6.0000E+00, 1.0000E+01, 4.2667E+01,
13:47:07.38686889, 6.0000E+00, 9.9333E+00, 4.2667E+01,
13:47:07.38686894, 6.0667E+00, 1.0000E+01, 4.3200E+01,
13:47:07.38686899, 6.0000E+00, 1.0000E+01, 4.3200E+01,
13:47:07.38686904, 5.9667E+00, 9.9333E+00, 4.3333E+01,
13:47:07.38686909, 6.0000E+00, 9.9333E+00, 4.3600E+01,
13:47:07.38686914, 5.9333E+00, 1.0000E+01, 4.3600E+01,
13:47:07.38686919, 5.9667E+00, 1.0200E+01, 4.4133E+01,
13:47:07.38686924, 6.0333E+00, 1.0000E+01, 4.4533E+01,
13:47:07.38686929, 6.0333E+00, 1.0000E+01, 4.4533E+01,
13:47:07.38686934, 6.1000E+00, 1.0000E+01, 4.4800E+01,
13:47:07.38686939, 6.1000E+00, 1.0067E+01, 4.4933E+01,
13:47:07.38686944, 6.0333E+00, 1.0133E+01, 4.5333E+01,
13:47:07.38686949, 6.0667E+00, 1.0000E+01, 4.5200E+01,
13:47:07.38686954, 6.0667E+00, 1.0000E+01, 4.5733E+01,
13:47:07.38686959, 6.1000E+00, 1.0133E+01, 4.6000E+01,
13:47:07.38686964, 6.0667E+00, 1.0200E+01, 4.5867E+01,
13:47:07.38686969, 5.9333E+00, 1.0000E+01, 4.6133E+01,
13:47:07.38686974, 6.0667E+00, 1.0133E+01, 4.6000E+01,
13:47:07.38686979, 6.1000E+00, 1.0133E+01, 4.6533E+01,
13:47:07.38686984, 6.1000E+00, 1.0200E+01, 4.6667E+01,
13:47:07.38686989, 6.0333E+00, 1.0067E+01, 4.6800E+01,
13:47:07.38686994, 6.0333E+00, 1.0200E+01, 4.6933E+01,
13:47:07.38686999, 6.0333E+00, 1.0200E+01, 4.7200E+01,
13:47:07.38687004, 6.1000E+00, 1.0267E+01, 4.7200E+01,
13:47:07.38687009, 6.1000E+00, 1.0267E+01, 4.7467E+01,
13:47:07.38687014, 6.0333E+00, 1.0133E+01, 4.7733E+01,
13:47:07.38687019, 6.0667E+00, 1.0133E+01, 4.8000E+01,
13:47:07.38687024, 6.0333E+00, 1.0200E+01, 4.8000E+01,
13:47:07.38687029, 6.0667E+00, 1.0333E+01, 4.8267E+01,
13:47:07.38687034, 6.1000E+00, 1.0333E+01, 4.8267E+01,
13:47:07.38687039, 6.0667E+00, 1.0267E+01, 4.8533E+01,
13:47:07.38687044, 6.1000E+00, 1.0267E+01, 4.8667E+01,
13:47:07.38687049, 6.1000E+00, 1.0400E+01, 4.8667E+01,
13:47:07.38687054, 6.1000E+00, 1.0333E+01, 4.8667E+01,
13:47:07.38687059, 6.1000E+00, 1.0333E+01, 4.9067E+01,
13:47:07.38687064, 6.0333E+00, 1.0533E+01, 4.9200E+01,
13:47:07.38687069, 6.1000E+00, 1.0467E+01, 4.9067E+01,
13:47:07.38687074, 6.0667E+00, 1.0400E+01, 4.9467E+01,
13:47:07.38687079, 6.0667E+00, 1.0200E+01, 4.9600E+01,
13:47:07.38687084, 6.0333E+00, 1.0267E+01, 4.9867E+01,
13:47:07.38687089, 6.1000E+00, 1.0400E+01, 4.9867E+01,
13:47:07.38687094, 6.0667E+00, 1.0267E+01, 5.0000E+01,
13:47:07.38687099, 6.1667E+00, 1.0467E+01, 5.0000E+01,
13:47:07.38687104, 6.0333E+00, 1.0333E+01, 5.0133E+01,
13:47:07.38687109, 6.0333E+00, 1.0467E+01, 5.0400E+01,
13:47:07.38687114, 6.1000E+00, 1.0467E+01, 5.0267E+01,
13:47:07.38687119, 6.1333E+00, 1.0400E+01, 5.0533E+01,
13:47:07.38687124, 6.1333E+00, 1.0467E+01, 5.0533E+01,
13:47:07.38687129, 6.1000E+00, 1.0533E+01, 5.0800E+01,
13:47:07.38687134, 6.1333E+00, 1.0467E+01, 5.0667E+01,
13:47:07.38687139, 6.1000E+00, 1.0467E+01, 5.0800E+01,
13:47:07.38687144, 6.1000E+00, 1.0467E+01, 5.0933E+01,
13:47:07.38687149, 6.1000E+00, 1.0533E+01, 5.1333E+01,
13:47:07.38687154, 6.1000E+00, 1.0467E+01, 5.1067E+01,
13:47:07.38687159, 6.1000E+00, 1.0533E+01, 5.1067E+01,
13:47:07.38687164, 6.0667E+00, 1.0667E+01, 5.1200E+01,
13:47:07.38687169, 6.1000E+00, 1.0667E+01, 5.1200E+01,
13:47:07.38687174, 6.0333E+00, 1.0600E+01, 5.1333E+01,
13:47:07.38687179, 6.1000E+00, 1.0533E+01, 5.1333E+01,
13:47:07.38687184, 6.1000E+00, 1.0600E+01, 5.1467E+01,
13:47:07.38687189, 6.1000E+00, 1.0600E+01, 5.1333E+01,
13:47:07.38687194, 6.0667E+00, 1.0600E+01, 5.1333E+01,
13:47:07.38687199, 6.1000E+00, 1.0667E+01, 5.1600E+01,
13:47:07.38687204, 6.0667E+00, 1.0600E+01, 5.1600E+01,
13:47:07.38687209, 6.1000E+00, 1.0533E+01, 5.1733E+01,
13:47:07.38687214, 6.0667E+00, 1.0667E+01, 5.1467E+01,
13:47:07.38687219, 6.1000E+00, 1.0533E+01, 5.1867E+01,
13:47:07.38687224, 6.1000E+00, 1.0667E+01, 5.1867E+01,
13:47:07.38687229, 6.1000E+00, 1.0533E+01, 5.2000E+01,
13:47:07.38687234, 6.1333E+00, 1.0667E+01, 5.2000E+01,
13:47:07.38687239, 6.1000E+00, 1.0667E+01, 5.2533E+01,
13:47:07.38687244, 6.1000E+00, 1.0667E+01, 5.2133E+01,
13:47:07.38687249, 6.1000E+00, 1.0733E+01, 5.2133E+01,
13:47:07.38687254, 6.0667E+00, 1.0667E+01, 5.2400E+01,
13:47:07.38687259, 6.0667E+00, 1.0667E+01, 5.2133E+01,
13:47:07.38687264, 6.1000E+00, 1.0667E+01, 5.2667E+01,
13:47:07.38687269, 6.0667E+00, 1.0867E+01, 5.2133E+01,
13:47:07.38687274, 6.1000E+00, 1.0733E+01, 5.2533E+01,
13:47:07.38687279, 6.1000E+00, 1.0667E+01, 5.2400E+01,
13:47:07.38687284, 6.1333E+00, 1.0667E+01, 5.2533E+01,
13:47:07.38687289, 6.1000E+00, 1.0800E+01, 5.2133E+01,
13:47:07.38687294, 6.1000E+00, 1.0800E+01, 5.2533E+01,
13:47:07.38687299, 6.1000E+00, 1.0667E+01, 5.2533E+01,
13:47:07.38687304, 6.0667E+00, 1.0733E+01, 5.2267E+01,
13:47:07.38687309, 6.1000E+00, 1.0800E+01, 5.2267E+01,
13:47:07.38687314, 6.1000E+00, 1.0733E+01, 5.2533E+01,
13:47:07.38687319, 6.1000E+00, 1.0867E+01, 5.2667E+01,
13:47:07.38687324, 6.1000E+00, 1.0667E+01, 5.2800E+01,
13:47:07.38687329, 6.1333E+00, 1.0733E+01, 5.2533E+01,
13:47:07.38687334, 6.0667E+00, 1.0733E+01, 5.2533E+01,
13:47:07.38687339, 6.1333E+00, 1.0800E+01, 5.2533E+01,
13:47:07.38687344, 6.1000E+00, 1.0667E+01, 5.2400E+01,
13:47:07.38687349, 6.0000E+00, 1.0800E+01, 5.2400E+01,
13:47:07.38687354, 6.0333E+00, 1.0667E+01, 5.2667E+01,
13:47:07.38687359, 6.1000E+00, 1.0800E+01, 5.2133E+01,
13:47:07.38687364, 6.0667E+00, 1.0733E+01, 5.2267E+01,
13:47:07.38687369, 6.1000E+00, 1.0733E+01, 5.2267E+01,
13:47:07.38687374, 6.1000E+00, 1.0933E+01, 5.2400E+01,
13:47:07.38687379, 6.1000E+00, 1.0733E+01, 5.2533E+01,
13:47:07.38687384, 6.0667E+00, 1.0933E+01, 5.2400E+01,
13:47:07.38687389, 6.1000E+00, 1.0867E+01, 5.2133E+01,
13:47:07.38687394, 6.1333E+00, 1.0667E+01, 5.2267E+01,
13:47:07.38687399, 6.1000E+00, 1.0933E+01, 5.2400E+01,
13:47:07.38687404, 6.1333E+00, 1.0867E+01, 5.2400E+01,
13:47:07.38687409, 6.1000E+00, 1.0867E+01, 5.2000E+01,
13:47:07.38687414, 6.1000E+00, 1.0800E+01, 5.2133E+01,
13:47:07.38687419, 6.1333E+00, 1.0733E+01, 5.2133E+01,
13:47:07.38687424, 6.1667E+00, 1.0867E+01, 5.2133E+01,
13:47:07.38687429, 6.1000E+00, 1.1067E+01, 5.2267E+01,
13:47:07.38687434, 6.1333E+00, 1.1000E+01, 5.2133E+01,
13:47:07.38687439, 6.1000E+00, 1.0867E+01, 5.2267E+01,
13:47:07.38687444, 6.1000E+00, 1.1000E+01, 5.2133E+01,
13:47:07.38687449, 6.1000E+00, 1.0867E+01, 5.1733E+01,
13:47:07.38687454, 6.1333E+00, 1.1000E+01, 5.2000E+01,
13:47:07.38687459, 6.1000E+00, 1.0867E+01, 5.1600E+01,
13:47:07.38687464, 6.1667E+00, 1.0867E+01, 5.1867E+01,
13:47:07.38687469, 6.1000E+00, 1.0800E+01, 5.1733E+01,
13:47:07.38687474, 6.1333E+00, 1.1000E+01, 5.1867E+01,
13:47:07.38687479, 6.1000E+00, 1.1000E+01, 5.2133E+01,
13:47:07.38687484, 6.1000E+00, 1.1067E+01, 5.1600E+01,
13:47:07.38687489, 6.0333E+00, 1.0933E+01, 5.1733E+01,
13:47:07.38687494, 6.1000E+00, 1.1067E+01, 5.1333E+01,
13:47:07.38687499, 6.1000E+00, 1.1000E+01, 5.1600E+01,
13:47:07.38687504, 6.0667E+00, 1.0867E+01, 5.1333E+01,
13:47:07.38687509, 6.1000E+00, 1.1000E+01, 5.1333E+01,
13:47:07.38687514, 6.1000E+00, 1.1000E+01, 5.1333E+01,
13:47:07.38687519, 6.0667E+00, 1.1000E+01, 5.1333E+01,
13:47:07.38687524, 6.1000E+00, 1.1000E+01, 5.1467E+01,
13:47:07.38687529, 6.1000E+00, 1.0867E+01, 5.1333E+01,
13:47:07.38687534, 6.0667E+00, 1.0933E+01, 5.1333E+01,
13:47:07.38687539, 6.1000E+00, 1.1067E+01, 5.1200E+01,
13:47:07.38687544, 6.1000E+00, 1.0933E+01, 5.0933E+01,
13:47:07.38687549, 6.0667E+00, 1.1067E+01, 5.1200E+01,
13:47:07.38687554, 6.1000E+00, 1.1067E+01, 5.1200E+01,
13:47:07.38687559, 6.1000E+00, 1.0867E+01, 5.0800E+01,
13:47:07.38687564, 6.1000E+00, 1.1000E+01, 5.1200E+01,
13:47:07.38687569, 6.1000E+00, 1.1067E+01, 5.0933E+01,
13:47:07.38687574, 6.1000E+00, 1.1067E+01, 5.0667E+01,
13:47:07.38687579, 6.1000E+00, 1.1067E+01, 5.0400E+01,
13:47:07.38687584, 6.0667E+00, 1.1067E+01, 5.0533E+01,
13:47:07.38687589, 6.1000E+00, 1.1000E+01, 5.0400E+01,
13:47:07.38687594, 6.0667E+00, 1.1067E+01, 5.0133E+01,
13:47:07.38687599, 6.1000E+00, 1.1000E+01, 5.0133E+01,
13:47:07.38687604, 6.1000E+00, 1.1133E+01, 5.0267E+01,
13:47:07.38687609, 6.1000E+00, 1.1200E+01, 5.0133E+01,
13:47:07.38687614, 6.1000E+00, 1.0867E+01, 5.0267E+01,
13:47:07.38687619, 6.0667E+00, 1.1067E+01, 4.9867E+01,
13:47:07.38687624, 6.1000E+00, 1.1000E+01, 4.9867E+01,
13:47:07.38687629, 6.0000E+00, 1.1067E+01, 4.9867E+01,
13:47:07.38687634, 6.0667E+00, 1.1133E+01, 4.9733E+01,
13:47:07.38687639, 6.0333E+00, 1.1000E+01, 4.9333E+01,
13:47:07.38687644, 6.0667E+00, 1.1000E+01, 4.9733E+01,
13:47:07.38687649, 6.0333E+00, 1.1067E+01, 4.9467E+01,
13:47:07.38687654, 6.0667E+00, 1.1133E+01, 4.9467E+01,
13:47:07.38687659, 6.1000E+00, 1.1133E+01, 4.9200E+01,
13:47:07.38687664, 6.0667E+00, 1.1067E+01, 4.9467E+01,
13:47:07.38687669, 6.0667E+00, 1.1200E+01, 4.9600E+01,
13:47:07.38687674, 6.0000E+00, 1.1133E+01, 4.9333E+01,
13:47:07.38687679, 6.0333E+00, 1.1067E+01, 4.8933E+01,
13:47:07.38687684, 6.0667E+00, 1.1000E+01, 4.8933E+01,
13:47:07.38687689, 6.0667E+00, 1.1133E+01, 4.8933E+01,
13:47:07.38687694, 6.1333E+00, 1.1133E+01, 4.8933E+01,
13:47:07.38687699, 6.0333E+00, 1.1133E+01, 4.9067E+01,
13:47:07.38687704, 6.0667E+00, 1.1200E+01, 4.8800E+01,
13:47:07.38687709, 6.1000E+00, 1.1133E+01, 4.8667E+01,
13:47:07.38687714, 6.0333E+00, 1.1000E+01, 4.8667E+01,
13:47:07.38687719, 6.1000E+00, 1.1133E+01, 4.8400E+01,
13:47:07.38687724, 6.1000E+00, 1.1067E+01, 4.8667E+01,
13:47:07.38687729, 6.0667E+00, 1.1133E+01, 4.8533E+01,
13:47:07.38687734, 6.0000E+00, 1.1267E+01, 4.8400E+01,
13:47:07.38687739, 6.0667E+00, 1.1200E+01, 4.8400E+01,
13:47:07.38687744, 6.1000E+00, 1.1133E+01, 4.8133E+01,
13:47:07.38687749, 6.0667E+00, 1.1200E+01, 4.7467E+01,
13:47:07.38687754, 6.1000E+00, 1.1133E+01, 4.8133E+01,
13:47:07.38687759, 6.0333E+00, 1.1000E+01, 4.7867E+01,
13:47:07.38687764, 6.1000E+00, 1.1000E+01, 4.7867E+01,
13:47:07.38687769, 6.1333E+00, 1.1067E+01, 4.7467E+01,
13:47:07.38687774, 6.0667E+00, 1.1133E+01, 4.7467E+01,
13:47:07.38687779, 6.0333E+00, 1.1067E+01, 4.7600E+01,
13:47:07.38687784, 6.0333E+00, 1.1133E+01, 4.7333E+01,
13:47:07.38687789, 6.0667E+00, 1.1000E+01, 4.7333E+01,
13:47:07.38687794, 6.0667E+00, 1.1200E+01, 4.7600E+01,
13:47:07.38687799, 6.0000E+00, 1.1200E+01, 4.7067E+01,
13:47:07.38687804, 6.1000E+00, 1.1067E+01, 4.6933E+01,
13:47:07.38687809, 6.0333E+00, 1.1067E+01, 4.7067E+01,
13:47:07.38687814, 6.1000E+00, 1.1267E+01, 4.7067E+01,
13:47:07.38687819, 6.1000E+00, 1.1133E+01, 4.7067E+01,
13:47:07.38687824, 6.0000E+00, 1.1067E+01, 4.6933E+01,
13:47:07.38687829, 6.0333E+00, 1.1133E+01, 4.6667E+01,
13:47:07.38687834, 6.0000E+00, 1.1200E+01, 4.6800E+01,
13:47:07.38687839, 6.1000E+00, 1.1133E+01, 4.6533E+01,
13:47:07.38687844, 6.0333E+00, 1.1133E+01, 4.6533E+01,
13:47:07.38687849, 6.0000E+00, 1.1067E+01, 4.6267E+01,
13:47:07.38687854, 6.0333E+00, 1.1067E+01, 4.5867E+01,
13:47:07.38687859, 6.0667E+00, 1.1133E+01, 4.6267E+01,
13:47:07.38687864, 6.1000E+00, 1.1133E+01, 4.6133E+01,
13:47:07.38687869, 6.0333E+00, 1.1267E+01, 4.6000E+01,
13:47:07.38687874, 6.0333E+00, 1.1067E+01, 4.6000E+01,
13:47:07.38687879, 6.0333E+00, 1.1133E+01, 4.5867E+01,
13:47:07.38687884, 6.0333E+00, 1.1200E+01, 4.5867E+01,
13:47:07.38687889, 6.0667E+00, 1.0933E+01, 4.5733E+01,
13:47:07.38687894, 6.0667E+00, 1.1000E+01, 4.5733E+01,
13:47:07.38687899, 6.0333E+00, 1.1133E+01, 4.5600E+01,
13:47:07.38687904, 6.0333E+00, 1.1200E+01, 4.5200E+01,
13:47:07.38687909, 6.0667E+00, 1.1067E+01, 4.5467E+01,
13:47:07.38687914, 6.1000E+00, 1.1000E+01, 4.5467E+01,
13:47:07.38687919, 6.0667E+00, 1.1067E+01, 4.5333E+01,
13:47:07.38687924, 6.0333E+00, 1.1133E+01, 4.4933E+01,
13:47:07.38687929, 5.9667E+00, 1.1133E+01, 4.4667E+01,
13:47:07.38687934, 6.0000E+00, 1.1133E+01, 4.4800E+01,
13:47:07.38687939, 6.0333E+00, 1.1000E+01, 4.5067E+01,
13:47:07.38687944, 6.0667E+00, 1.1133E+01, 4.4667E+01,
13:47:07.38687949, 6.0667E+00, 1.1133E+01, 4.4667E+01,
13:47:07.38687954, 6.0333E+00, 1.1000E+01, 4.4667E+01,
13:47:07.38687959, 6.0000E+00, 1.1067E+01, 4.4533E+01,
13:47:07.38687964, 6.0000E+00, 1.1133E+01, 4.4800E+01,
13:47:07.38687969, 6.0333E+00, 1.1133E+01, 4.4533E+01,
13:47:07.38687974, 5.9667E+00, 1.1200E+01, 4.4533E+01,
13:47:07.38687979, 6.0333E+00, 1.1067E+01, 4.4533E+01,
13:47:07.38687984, 6.0667E+00, 1.1000E+01, 4.4133E+01,
13:47:07.38687989, 6.0667E+00, 1.0933E+01, 4.4133E+01,
13:47:07.38687994, 6.0333E+00, 1.1200E+01, 4.4400E+01,
13:47:07.38687999, 6.0333E+00, 1.1267E+01, 4.4133E+01,
13:47:07.38688004, 5.9667E+00, 1.1267E+01, 4.4133E+01,
13:47:07.38688009, 6.1000E+00, 1.1133E+01, 4.4133E+01,
13:47:07.38688014, 5.9667E+00, 1.1133E+01, 4.4133E+01,
13:47:07.38688019, 6.0333E+00, 1.1067E+01, 4.3867E+01,
13:47:07.38688024, 6.0333E+00, 1.1000E+01, 4.3600E+01,
13:47:07.38688029, 5.9667E+00, 1.1000E+01, 4.3467E+01,
13:47:07.38688034, 6.0333E+00, 1.1133E+01, 4.3600E+01,
13:47:07.38688039, 5.9667E+00, 1.1000E+01, 4.3600E+01,
13:47:07.38688044, 6.0000E+00, 1.1000E+01, 4.3067E+01,
13:47:07.38688049, 5.9667E+00, 1.1067E+01, 4.3467E+01,
13:47:07.38688054, 5.9333E+00, 1.1133E+01, 4.3600E+01,
13:47:07.38688059, 6.0000E+00, 1.1200E+01, 4.3067E+01,
13:47:07.38688064, 5.9333E+00, 1.1000E+01, 4.3067E+01,
13:47:07.38688069, 6.0333E+00, 1.1067E+01, 4.3067E+01,
13:47:07.38688074, 6.0667E+00, 1.1267E+01, 4.3067E+01,
13:47:07.38688079, 6.0333E+00, 1.0933E+01, 4.3067E+01,
13:47:07.38688084, 6.0333E+00, 1.1067E+01, 4.3067E+01,
13:47:07.38688089, 5.9667E+00, 1.1200E+01, 4.2800E+01,
13:47:07.38688094, 6.0667E+00, 1.1067E+01, 4.3067E+01,
13:47:07.38688099, 6.0000E+00, 1.1200E+01, 4.2933E+01,
13:47:07.38688104, 6.0333E+00, 1.1067E+01, 4.3067E+01,
13:47:07.38688109, 5.9667E+00, 1.1067E+01, 4.2800E+01,
13:47:07.38688114, 6.0000E+00, 1.0933E+01, 4.2933E+01,
13:47:07.38688119, 6.0000E+00, 1.1000E+01, 4.2267E+01,
13:47:07.38688124, 6.0333E+00, 1.1133E+01, 4.2400E+01,
13:47:07.38688129, 5.9667E+00, 1.1067E+01, 4.2267E+01,
13:47:07.38688134, 5.9333E+00, 1.0867E+01, 4.2267E+01,
13:47:07.38688139, 6.0000E+00, 1.0867E+01, 4.2400E+01,
13:47:07.38688144, 6.0000E+00, 1.1067E+01, 4.2267E+01,
13:47:07.38688149, 6.0000E+00, 1.1133E+01, 4.2133E+01,
13:47:07.38688154, 5.9667E+00, 1.1133E+01, 4.2000E+01,
13:47:07.38688159, 5.9333E+00, 1.1067E+01, 4.1867E+01,
13:47:07.38688164, 5.9333E+00, 1.1067E+01, 4.2133E+01,
13:47:07.38688169, 5.9333E+00, 1.1000E+01, 4.1867E+01,
13:47:07.38688174, 6.0000E+00, 1.1067E+01, 4.1867E+01,
13:47:07.38688179, 6.0000E+00, 1.1133E+01, 4.2133E+01,
13:47:07.38688184, 6.0667E+00, 1.1067E+01, 4.1867E+01,
13:47:07.38688189, 5.9667E+00, 1.1000E+01, 4.2000E+01,
13:47:07.38688194, 6.0333E+00, 1.1067E+01, 4.1600E+01,
13:47:07.38688199, 5.9333E+00, 1.1067E+01, 4.1733E+01,
13:47:07.38688204, 5.9667E+00, 1.1000E+01, 4.1733E+01,
13:47:07.38688209, 5.9667E+00, 1.1000E+01, 4.1600E+01,
13:47:07.38688214, 6.0333E+00, 1.1000E+01, 4.1467E+01,
13:47:07.38688219, 6.0333E+00, 1.1067E+01, 4.1867E+01,
13:47:07.38688224, 5.9667E+00, 1.0933E+01, 4.1467E+01,
13:47:07.38688229, 6.0667E+00, 1.0933E+01, 4.1200E+01,
13:47:07.38688234, 6.0333E+00, 1.0933E+01, 4.1200E+01,
13:47:07.38688239, 5.9333E+00, 1.0933E+01, 4.1467E+01,
13:47:07.38688244, 5.9667E+00, 1.1000E+01, 4.1600E+01,
13:47:07.38688249, 5.9667E+00, 1.1000E+01, 4.1067E+01,
13:47:07.38688254, 5.9333E+00, 1.1067E+01, 4.1600E+01,
13:47:07.38688259, 6.0000E+00, 1.1000E+01, 4.1200E+01,
13:47:07.38688264, 6.0000E+00, 1.0800E+01, 4.1600E+01,
13:47:07.38688269, 6.0333E+00, 1.1000E+01, 4.0800E+01,
13:47:07.38688274, 6.0000E+00, 1.0933E+01, 4.0933E+01,
13:47:07.38688279, 5.9667E+00, 1.0933E+01, 4.1200E+01,
13:47:07.38688284, 6.0000E+00, 1.1000E+01, 4.0933E+01,
13:47:07.38688289, 5.9000E+00, 1.1000E+01, 4.0933E+01,
13:47:07.38688294, 5.9667E+00, 1.0933E+01, 4.1200E+01,
13:47:07.38688299, 6.0333E+00, 1.1000E+01, 4.1067E+01,
13:47:07.38688304, 6.0333E+00, 1.0800E+01, 4.1067E+01,
13:47:07.38688309, 6.0000E+00, 1.0933E+01, 4.0933E+01,
13:47:07.38688314, 5.9667E+00, 1.1000E+01, 4.1067E+01,
13:47:07.38688319, 6.0000E+00, 1.0867E+01, 4.0667E+01,
13:47:07.38688324, 6.0000E+00, 1.1000E+01, 4.1067E+01,
13:47:07.38688329, 6.0000E+00, 1.1000E+01, 4.0533E+01,
13:47:07.38688334, 5.9333E+00, 1.1067E+01, 4.1067E+01,
13:47:07.38688339, 6.0000E+00, 1.0933E+01, 4.0667E+01,
13:47:07.38688344, 5.9667E+00, 1.1000E+01, 4.0667E+01,
13:47:07.38688349, 5.9333E+00, 1.0867E+01, 4.0933E+01,
13:47:07.38688354, 6.0000E+00, 1.1000E+01, 4.0533E+01,
13:47:07.38688359, 6.0000E+00, 1.0933E+01, 4.0933E+01,
13:47:07.38688364, 5.9667E+00, 1.1067E+01, 4.0667E+01,
13:47:07.38688369, 6.0333E+00, 1.0933E+01, 4.0667E+01,
13:47:07.38688374, 5.9667E+00, 1.1000E+01, 4.0800E+01,
13:47:07.38688379, 6.0333E+00, 1.1067E+01, 4.0533E+01,
13:47:07.38688384, 5.9667E+00, 1.0867E+01, 4.0267E+01,
13:47:07.38688389, 5.9667E+00, 1.0733E+01, 4.0533E+01,
13:47:07.38688394, 5.9333E+00, 1.0867E+01, 4.0400E+01,
13:47:07.38688399, 6.0000E+00, 1.1000E+01, 4.0667E+01,
13:47:07.38688404, 6.0000E+00, 1.0933E+01, 4.0533E+01,
13:47:07.38688409, 5.9000E+00, 1.0800E+01, 4.0400E+01,
13:47:07.38688414, 5.9667E+00, 1.0867E+01, 4.0533E+01,
13:47:07.38688419, 5.9667E+00, 1.0800E+01, 4.0400E+01,
13:47:07.38688424, 5.9667E+00, 1.0867E+01, 4.0400E+01,
13:47:07.38688429, 6.0333E+00, 1.0800E+01, 4.0667E+01,
13:47:07.38688434, 6.0333E+00, 1.0933E+01, 4.0400E+01,
13:47:07.38688439, 5.9667E+00, 1.1000E+01, 4.0533E+01,
13:47:07.38688444, 6.0000E+00, 1.0800E+01, 4.0400E+01,
13:47:07.38688449, 5.9667E+00, 1.0867E+01, 4.0400E+01,
13:47:07.38688454, 5.9667E+00, 1.0800E+01, 4.0400E+01,
13:47:07.38688459, 5.9000E+00, 1.0800E+01, 4.0400E+01,
13:47:07.38688464, 6.0000E+00, 1.0867E+01, 4.0533E+01,
13:47:07.38688469, 5.9667E+00, 1.0933E+01, 4.0267E+01,
13:47:07.38688474, 6.0000E+00, 1.0933E+01, 4.0133E+01,
13:47:07.38688479, 6.0000E+00, 1.0933E+01, 4.0400E+01,
13:47:07.38688484, 6.0000E+00, 1.0933E+01, 4.0267E+01,
13:47:07.38688489, 5.9333E+00, 1.0933E+01, 4.0400E+01,
13:47:07.38688494, 5.9333E+00, 1.0800E+01, 4.0133E+01,
13:47:07.38688499, 6.0333E+00, 1.0867E+01, 4.0400E+01,
13:47:07.38688504, 6.0000E+00, 1.0867E+01, 4.0533E+01,
13:47:07.38688509, 5.9000E+00, 1.0867E+01, 4.0533E+01,
13:47:07.38688514, 6.0333E+00, 1.0933E+01, 4.0400E+01,
13:47:07.38688519, 5.9667E+00, 1.0733E+01, 4.0400E+01,
13:47:07.38688524, 5.9333E+00, 1.0733E+01, 4.0267E+01,
13:47:07.38688529, 5.9333E+00, 1.0867E+01, 4.0267E+01,
13:47:07.38688534, 5.9667E+00, 1.0933E+01, 4.0267E+01,
13:47:07.38688539, 5.9000E+00, 1.0800E+01, 4.0133E+01,
13:47:07.38688544, 5.9333E+00, 1.0800E+01, 4.0400E+01,
13:47:07.38688549, 5.9333E+00, 1.0933E+01, 4.0533E+01,
13:47:07.38688554, 6.0333E+00, 1.0867E+01, 4.0400E+01,
13:47:07.38688559, 6.0000E+00, 1.0733E+01, 4.0133E+01,
13:47:07.38688564, 6.0000E+00, 1.0733E+01, 4.0400E+01,
13:47:07.38688569, 5.9667E+00, 1.0933E+01, 4.0133E+01,
13:47:07.38688574, 5.9000E+00, 1.0933E+01, 4.0400E+01,
13:47:07.38688579, 5.9333E+00, 1.0933E+01, 4.0267E+01,
13:47:07.38688584, 5.8667E+00, 1.0800E+01, 4.0267E+01,
13:47:07.38688589, 6.0000E+00, 1.0800E+01, 4.0400E+01,
13:47:07.38688594, 6.0000E+00, 1.0800E+01, 4.0400E+01,
13:47:07.38688599, 5.9667E+00, 1.0733E+01, 4.0267E+01,
13:47:07.38688604, 6.0000E+00, 1.0800E+01, 4.0267E+01,
13:47:07.38688609, 5.9667E+00, 1.0867E+01, 4.0533E+01,
13:47:07.38688614, 5.9667E+00, 1.0800E+01, 4.0400E+01,
13:47:07.38688619, 5.9333E+00, 1.0933E+01, 4.0400E+01,
13:47:07.38688624, 6.0000E+00, 1.0867E+01, 4.0133E+01,
13:47:07.38688629, 5.9333E+00, 1.0867E+01, 4.0133E+01,
13:47:07.38688634, 5.9667E+00, 1.0667E+01, 4.0400E+01,
13:47:07.38688639, 5.9667E+00, 1.0800E+01, 4.0400E+01,
13:47:07.38688644, 5.9333E+00, 1.0667E+01, 4.0400E+01,
13:47:07.38688649, 6.0000E+00, 1.0867E+01, 4.0400E+01,
13:47:07.38688654, 5.9000E+00, 1.0733E+01, 4.0000E+01,
13:47:07.38688659, 6.0000E+00, 1.0867E+01, 4.0533E+01,
13:47:07.38688664, 6.0000E+00, 1.0733E+01, 4.0533E+01,
13:47:07.38688669, 5.9667E+00, 1.0800E+01, 4.0667E+01,
13:47:07.38688674, 6.0333E+00, 1.0933E+01, 4.0400E+01,
13:47:07.38688679, 6.0000E+00, 1.0800E+01, 4.0400E+01,
13:47:07.38688684, 6.0000E+00, 1.0667E+01, 4.0667E+01,
13:47:07.38688689, 5.9333E+00, 1.0667E+01, 4.0667E+01,
13:47:07.38688694, 6.0000E+00, 1.0733E+01, 4.0400E+01,
13:47:07.38688699, 5.9667E+00, 1.0733E+01, 4.0800E+01,
13:47:07.38688704, 5.9667E+00, 1.0867E+01, 4.0533E+01,
13:47:07.38688709, 6.0333E+00, 1.0733E+01, 4.0400E+01,
13:47:07.38688714, 6.0000E+00, 1.0933E+01, 4.0400E+01,
13:47:07.38688719, 6.0000E+00, 1.0733E+01, 4.0400E+01,
13:47:07.38688724, 5.9000E+00, 1.0733E+01, 4.0400E+01,
13:47:07.38688729, 5.9667E+00, 1.0867E+01, 4.0800E+01,
13:47:07.38688734, 5.9667E+00, 1.0667E+01, 4.1067E+01,
13:47:07.38688739, 5.9667E+00, 1.0733E+01, 4.0667E+01,
13:47:07.38688744, 5.9333E+00, 1.0867E+01, 4.0800E+01,
13:47:07.38688749, 5.9667E+00, 1.0933E+01, 4.0533E+01,
13:47:07.38688754, 5.9667E+00, 1.0733E+01, 4.0400E+01,
13:47:07.38688759, 6.0000E+00, 1.0733E+01, 4.0533E+01,
13:47:07.38688764, 5.9667E+00, 1.0933E+01, 4.0933E+01,
13:47:07.38688769, 6.0000E+00, 1.0800E+01, 4.0400E+01,
13:47:07.38688774, 5.9667E+00, 1.0800E+01, 4.0800E+01,
13:47:07.38688779, 6.0000E+00, 1.0733E+01, 4.1200E+01,
13:47:07.38688784, 6.0000E+00, 1.0800E+01, 4.0800E+01,
13:47:07.38688789, 5.9667E+00, 1.0733E+01, 4.0533E+01,
13:47:07.38688794, 6.0000E+00, 1.0733E+01, 4.0400E+01,
13:47:07.38688799, 5.9000E+00, 1.0667E+01, 4.0933E+01,
13:47:07.38688804, 6.0333E+00, 1.0733E+01, 4.0667E+01,
13:47:07.38688809, 5.9667E+00, 1.0800E+01, 4.0533E+01,
13:47:07.38688814, 6.0333E+00, 1.0867E+01, 4.0533E+01,
13:47:07.38688819, 6.0000E+00, 1.0667E+01, 4.0667E+01,
13:47:07.38688824, 6.0000E+00, 1.0800E+01, 4.0933E+01,
13:47:07.38688829, 5.9667E+00, 1.0733E+01, 4.0667E+01,
13:47:07.38688834, 5.9667E+00, 1.0733E+01, 4.0800E+01,
13:47:07.38688839, 5.9333E+00, 1.0867E+01, 4.1067E+01,
13:47:07.38688844, 5.9333E+00, 1.0733E+01, 4.0667E+01,
13:47:07.38688849, 6.0000E+00, 1.0800E+01, 4.0667E+01,
13:47:07.38688854, 5.9333E+00, 1.0733E+01, 4.0800E+01,
13:47:07.38688859, 6.0333E+00, 1.0800E+01, 4.0933E+01,
13:47:07.38688864, 6.0667E+00, 1.0733E+01, 4.0933E+01,
13:47:07.38688869, 5.9667E+00, 1.0800E+01, 4.1067E+01,
13:47:07.38688874, 6.0000E+00, 1.0733E+01, 4.1067E+01,
13:47:07.38688879, 6.0000E+00, 1.0667E+01, 4.0667E+01,
13:47:07.38688884, 6.0333E+00, 1.0733E+01, 4.1200E+01,
13:47:07.38688889, 6.0000E+00, 1.0867E+01, 4.1333E+01,
13:47:07.38688894, 5.9667E+00, 1.0733E+01, 4.1333E+01,
13:47:07.38688899, 5.9667E+00, 1.0733E+01, 4.1067E+01,
13:47:07.38688904, 6.0000E+00, 1.0667E+01, 4.1067E+01,
13:47:07.38688909, 6.0000E+00, 1.0800E+01, 4.1067E+01,
13:47:07.38688914, 6.0000E+00, 1.0733E+01, 4.1333E+01,
13:47:07.38688919, 6.0000E+00, 1.0667E+01, 4.0933E+01,
13:47:07.38688924, 5.9333E+00, 1.0733E+01, 4.1200E+01,
13:47:07.38688929, 6.0333E+00, 1.0800E+01, 4.1600E+01,
13:47:07.38688934, 5.9333E+00, 1.0667E+01, 4.1467E+01,
13:47:07.38688939, 6.0000E+00, 1.0733E+01, 4.1200E+01,
13:47:07.38688944, 6.0333E+00, 1.0800E+01, 4.1467E+01,
13:47:07.38688949, 6.0333E+00, 1.0800E+01, 4.1467E+01,
13:47:07.38688954, 6.0000E+00, 1.0867E+01, 4.1733E+01,
13:47:07.38688959, 5.9667E+00, 1.0667E+01, 4.1200E+01,
13:47:07.38688964, 6.0333E+00, 1.0867E+01, 4.1333E+01,
13:47:07.38688969, 5.9667E+00, 1.0733E+01, 4.1600E+01,
13:47:07.38688974, 5.9333E+00, 1.0667E+01, 4.1867E+01,
13:47:07.38688979, 5.9667E+00, 1.0800E+01, 4.1333E+01,
13:47:07.38688984, 5.9667E+00, 1.0667E+01, 4.1600E+01,
13:47:07.38688989, 6.0000E+00, 1.0667E+01, 4.1733E+01,
13:47:07.38688994, 5.9000E+00, 1.0733E+01, 4.1600E+01,
13:47:07.38688999, 5.9333E+00, 1.0800E+01, 4.1600E+01,
13:47:07.38689004, 6.0333E+00, 1.0867E+01, 4.1200E+01,
13:47:07.38689009, 6.0333E+00, 1.0800E+01, 4.1200E+01,
13:47:07.38689014, 6.0667E+00, 1.0667E+01, 4.1600E+01,
13:47:07.38689019, 6.0000E+00, 1.0667E+01, 4.1467E+01,
13:47:07.38689024, 5.9667E+00, 1.0667E+01, 4.1733E+01,
13:47:07.38689029, 5.9667E+00, 1.0667E+01, 4.1733E+01,
13:47:07.38689034, 5.9667E+00, 1.0800E+01, 4.1867E+01,
13:47:07.38689039, 6.0667E+00, 1.0800E+01, 4.1600E+01,
13:47:07.38689044, 6.0333E+00, 1.0867E+01, 4.1733E+01,
13:47:07.38689049, 5.9667E+00, 1.0800E+01, 4.1867E+01,
13:47:07.38689054, 6.0333E+00, 1.0800E+01, 4.1733E+01,
13:47:07.38689059, 5.9667E+00, 1.0800E+01, 4.1733E+01,
13:47:07.38689064, 6.0333E+00, 1.0733E+01, 4.1733E+01,
13:47:07.38689069, 6.0333E+00, 1.0733E+01, 4.2000E+01,
13:47:07.38689074, 5.9667E+00, 1.0667E+01, 4.1867E+01,
13:47:07.38689079, 5.9667E+00, 1.0667E+01, 4.1867E+01,
13:47:07.38689084, 5.9333E+00, 1.0800E+01, 4.2000E+01,
13:47:07.38689089, 6.0333E+00, 1.0667E+01, 4.1733E+01,
13:47:07.38689094, 6.0000E+00, 1.0933E+01, 4.1867E+01,
13:47:07.38689099, 6.0000E+00, 1.0667E+01, 4.2133E+01,
13:47:07.38689104, 5.9667E+00, 1.0667E+01, 4.1867E+01,
13:47:07.38689109, 6.0000E+00, 1.0667E+01, 4.2133E+01,
13:47:07.38689114, 6.0000E+00, 1.0733E+01, 4.2000E+01,
13:47:07.38689119, 6.0000E+00, 1.0667E+01, 4.1733E+01,
13:47:07.38689124, 6.0667E+00, 1.0733E+01, 4.2133E+01,
13:47:07.38689129, 6.0000E+00, 1.0800E+01, 4.2267E+01,
13:47:07.38689134, 6.0333E+00, 1.0733E+01, 4.2133E+01,
13:47:07.38689139, 6.0000E+00, 1.0733E+01, 4.2133E+01,
13:47:07.38689144, 5.9333E+00, 1.0933E+01, 4.1867E+01,
13:47:07.38689149, 6.0000E+00, 1.0800E+01, 4.2133E+01,
13:47:07.38689154, 6.0000E+00, 1.0867E+01, 4.2267E+01,
13:47:07.38689159, 5.9667E+00, 1.0733E+01, 4.2133E+01,
13:47:07.38689164, 5.9667E+00, 1.0933E+01, 4.1867E+01,
13:47:07.38689169, 5.9333E+00, 1.0800E+01, 4.2267E+01,
13:47:07.38689174, 6.0000E+00, 1.0667E+01, 4.2267E+01,
13:47:07.38689179, 6.0000E+00, 1.0800E+01, 4.2533E+01,
13:47:07.38689184, 5.9333E+00, 1.0733E+01, 4.2000E+01,
13:47:07.38689189, 6.0000E+00, 1.0933E+01, 4.2000E+01,
13:47:07.38689194, 6.0000E+00, 1.0867E+01, 4.2400E+01,
13:47:07.38689199, 6.1000E+00, 1.0867E+01, 4.2133E+01,
13:47:07.38689204, 5.9667E+00, 1.0800E+01, 4.2533E+01,
13:47:07.38689209, 5.9667E+00, 1.0800E+01, 4.2533E+01,
13:47:07.38689214, 6.0000E+00, 1.0733E+01, 4.2400E+01,
13:47:07.38689219, 5.9333E+00, 1.0733E+01, 4.2267E+01,
13:47:07.38689224, 6.0333E+00, 1.0867E+01, 4.2533E+01,
13:47:07.38689229, 6.0000E+00, 1.0800E+01, 4.2267E+01,
13:47:07.38689234, 6.0000E+00, 1.0800E+01, 4.2533E+01,
13:47:07.38689239, 6.0000E+00, 1.0800E+01, 4.2667E+01,
13:47:07.38689244, 6.0000E+00, 1.0733E+01, 4.2533E+01,
13:47:07.38689249, 6.0333E+00, 1.0733E+01, 4.2533E+01,
13:47:07.38689254, 6.0000E+00, 1.0733E+01, 4.2533E+01,
13:47:07.38689259, 6.0000E+00, 1.0733E+01, 4.2267E+01,
13:47:07.38689264, 6.0333E+00, 1.0667E+01, 4.2667E+01,
13:47:07.38689269, 5.9667E+00, 1.0800E+01, 4.2400E+01,
13:47:07.38689274, 6.0000E+00, 1.0733E+01, 4.2800E+01,
13:47:07.38689279, 6.0000E+00, 1.0733E+01, 4.2800E+01,
13:47:07.38689284, 6.0000E+00, 1.0667E+01, 4.2667E+01,
13:47:07.38689289, 5.9333E+00, 1.0867E+01, 4.2667E+01,
13:47:07.38689294, 6.0333E+00, 1.0733E+01, 4.2667E+01,
13:47:07.38689299, 6.0667E+00, 1.0733E+01, 4.2933E+01,
13:47:07.38689304, 5.9667E+00, 1.0733E+01, 4.2400E+01,
13:47:07.38689309, 6.0000E+00, 1.0800E+01, 4.2533E+01,
13:47:07.38689314, 6.1000E+00, 1.0867E+01, 4.2800E+01,
13:47:07.38689319, 5.9667E+00, 1.0800E+01, 4.2933E+01,
13:47:07.38689324, 6.0000E+00, 1.0733E+01, 4.2800E+01,
13:47:07.38689329, 5.9667E+00, 1.0733E+01, 4.2667E+01,
13:47:07.38689334, 6.0333E+00, 1.0733E+01, 4.2800E+01,
13:47:07.38689339, 5.9333E+00, 1.0800E+01, 4.2533E+01,
13:47:07.38689344, 6.0667E+00, 1.0733E+01, 4.2667E+01,
13:47:07.38689349, 6.0333E+00, 1.0867E+01, 4.2800E+01,
13:47:07.38689354, 5.9333E+00, 1.0667E+01, 4.2800E+01,
13:47:07.38689359, 6.0333E+00, 1.0933E+01, 4.2800E+01,
13:47:07.38689364, 6.0000E+00, 1.0867E+01, 4.2933E+01,
13:47:07.38689369, 6.0333E+00, 1.0733E+01, 4.2933E+01,
13:47:07.38689374, 6.0667E+00, 1.0733E+01, 4.3067E+01,
13:47:07.38689379, 5.9667E+00, 1.0733E+01, 4.2800E+01,
13:47:07.38689384, 5.9667E+00, 1.0667E+01, 4.2667E+01,
13:47:07.38689389, 6.0333E+00, 1.0733E+01, 4.2533E+01,
13:47:07.38689394, 6.0333E+00, 1.0733E+01, 4.2933E+01,
13:47:07.38689399, 6.0667E+00, 1.0667E+01, 4.3067E+01,
13:47:07.38689404, 5.9667E+00, 1.0800E+01, 4.2933E+01,
13:47:07.38689409, 6.0667E+00, 1.0733E+01, 4.2667E+01,
13:47:07.38689414, 5.9667E+00, 1.0867E+01, 4.2933E+01,
13:47:07.38689419, 5.9333E+00, 1.0867E+01, 4.3067E+01,
13:47:07.38689424, 6.0000E+00, 1.0667E+01, 4.3067E+01,
13:47:07.38689429, 6.0000E+00, 1.0933E+01, 4.2933E+01,
13:47:07.38689434, 5.9667E+00, 1.0733E+01, 4.3067E+01,
13:47:07.38689439, 6.0000E+00, 1.0733E+01, 4.3067E+01,
13:47:07.38689444, 6.0667E+00, 1.0867E+01, 4.3067E+01,
13:47:07.38689449, 5.9667E+00, 1.0733E+01, 4.2800E+01,
13:47:07.38689454, 6.0667E+00, 1.0867E+01, 4.2933E+01,
13:47:07.38689459, 5.9667E+00, 1.0867E+01, 4.2800E+01,
13:47:07.38689464, 6.0000E+00, 1.0733E+01, 4.3067E+01,
13:47:07.38689469, 5.9667E+00, 1.0933E+01, 4.3333E+01,
13:47:07.38689474, 6.0333E+00, 1.0800E+01, 4.2933E+01,
13:47:07.38689479, 5.9667E+00, 1.0733E+01, 4.3067E+01,
13:47:07.38689484, 6.0333E+00, 1.1000E+01, 4.2800E+01,
13:47:07.38689489, 5.9333E+00, 1.0733E+01, 4.2933E+01,
13:47:07.38689494, 6.0333E+00, 1.0867E+01, 4.2933E+01,
13:47:07.38689499, 6.0333E+00, 1.0800E+01, 4.2800E+01,
13:47:07.38689504, 6.0000E+00, 1.0733E+01, 4.3067E+01,
13:47:07.38689509, 6.0333E+00, 1.0933E+01, 4.2933E+01,
13:47:07.38689514, 6.0333E+00, 1.0667E+01, 4.3067E+01,
13:47:07.38689519, 5.9667E+00, 1.0867E+01, 4.3067E+01,
13:47:07.38689524, 6.0000E+00, 1.0800E+01, 4.3067E+01,
13:47:07.38689529, 6.0333E+00, 1.0667E+01, 4.2933E+01,
13:47:07.38689534, 6.1000E+00, 1.0733E+01, 4.3067E+01,
13:47:07.38689539, 6.0000E+00, 1.0867E+01, 4.3067E+01,
13:47:07.38689544, 5.9667E+00, 1.0867E+01, 4.2800E+01,
13:47:07.38689549, 6.0000E+00, 1.0667E+01, 4.3200E+01,
13:47:07.38689554, 6.0667E+00, 1.0867E+01, 4.3200E+01,
13:47:07.38689559, 6.0333E+00, 1.0933E+01, 4.3067E+01,
13:47:07.38689564, 5.9667E+00, 1.0800E+01, 4.3200E+01,
13:47:07.38689569, 6.0000E+00, 1.0867E+01, 4.3200E+01,
13:47:07.38689574, 6.0000E+00, 1.0800E+01, 4.2933E+01,
13:47:07.38689579, 6.0000E+00, 1.0667E+01, 4.2933E+01,
13:47:07.38689584, 6.0333E+00, 1.0933E+01, 4.2933E+01,
13:47:07.38689589, 6.0333E+00, 1.0733E+01, 4.2933E+01,
13:47:07.38689594, 6.0000E+00, 1.0867E+01, 4.3200E+01,
13:47:07.38689599, 5.9667E+00, 1.0733E+01, 4.3200E+01,
13:47:07.38689604, 6.0000E+00, 1.0800E+01, 4.2933E+01,
13:47:07.38689609, 6.0000E+00, 1.0733E+01, 4.3200E+01,
13:47:07.38689614, 6.0000E+00, 1.0867E+01, 4.3200E+01,
13:47:07.38689619, 6.0000E+00, 1.0800E+01, 4.3067E+01,
13:47:07.38689624, 5.9667E+00, 1.0800E+01, 4.3067E+01,
13:47:07.38689629, 6.0000E+00, 1.0733E+01, 4.3067E+01,
13:47:07.38689634, 5.9667E+00, 1.0867E+01, 4.3067E+01,
13:47:07.38689639, 6.0333E+00, 1.0733E+01, 4.2667E+01,
13:47:07.38689644, 5.9667E+00, 1.0800E+01, 4.2933E+01,
13:47:07.38689649, 6.0333E+00, 1.0800E+01, 4.3200E+01,
13:47:07.38689654, 5.9667E+00, 1.0733E+01, 4.3067E+01,
13:47:07.38689659, 6.0000E+00, 1.0867E+01, 4.3200E+01,
13:47:07.38689664, 6.0667E+00, 1.0733E+01, 4.3200E+01,
13:47:07.38689669, 6.0333E+00, 1.0733E+01, 4.3200E+01,
13:47:07.38689674, 6.0333E+00, 1.0800E+01, 4.3333E+01,
13:47:07.38689679, 6.0667E+00, 1.0867E+01, 4.3200E+01,
13:47:07.38689684, 6.0333E+00, 1.0800E+01, 4.3067E+01,
13:47:07.38689689, 6.0333E+00, 1.0733E+01, 4.3067E+01,
13:47:07.38689694, 5.9667E+00, 1.0733E+01, 4.3200E+01,
13:47:07.38689699, 6.0000E+00, 1.0667E+01, 4.3467E+01,
13:47:07.38689704, 6.0667E+00, 1.0800E+01, 4.3067E+01,
13:47:07.38689709, 5.9667E+00, 1.0867E+01, 4.2933E+01,
13:47:07.38689714, 6.0000E+00, 1.0733E+01, 4.3467E+01,
13:47:07.38689719, 6.0333E+00, 1.0867E+01, 4.3200E+01,
13:47:07.38689724, 5.9333E+00, 1.0800E+01, 4.3067E+01,
13:47:07.38689729, 6.0333E+00, 1.0800E+01, 4.3200E+01,
13:47:07.38689734, 6.0667E+00, 1.0733E+01, 4.3067E+01,
13:47:07.38689739, 6.0333E+00, 1.0800E+01, 4.3067E+01,
13:47:07.38689744, 5.9333E+00, 1.0800E+01, 4.3067E+01,
13:47:07.38689749, 6.0000E+00, 1.0733E+01, 4.3200E+01,
13:47:07.38689754, 6.0333E+00, 1.0933E+01, 4.3067E+01,
13:47:07.38689759, 6.0000E+00, 1.0800E+01, 4.3200E+01,
13:47:07.38689764, 5.9667E+00, 1.0800E+01, 4.3200E+01,
13:47:07.38689769, 5.9667E+00, 1.0933E+01, 4.3067E+01,
13:47:07.38689774, 6.0000E+00, 1.0800E+01, 4.3067E+01,
13:47:07.38689779, 6.0000E+00, 1.0867E+01, 4.3200E+01,
13:47:07.38689784, 6.0667E+00, 1.0800E+01, 4.3067E+01,
13:47:07.38689789, 5.9667E+00, 1.0667E+01, 4.3067E+01,
13:47:07.38689794, 5.9000E+00, 1.0867E+01, 4.3067E+01,
13:47:07.38689799, 6.0667E+00, 1.0800E+01, 4.3067E+01,
13:47:07.38689804, 6.0000E+00, 1.0800E+01, 4.3200E+01,
13:47:07.38689809, 6.0000E+00, 1.0800E+01, 4.3333E+01,
13:47:07.38689814, 6.0667E+00, 1.0733E+01, 4.3333E+01,
13:47:07.38689819, 6.0000E+00, 1.0733E+01, 4.2800E+01,
13:47:07.38689824, 6.0667E+00, 1.0933E+01, 4.3067E+01,
13:47:07.38689829, 6.0333E+00, 1.0800E+01, 4.3067E+01,
13:47:07.38689834, 6.0000E+00, 1.0800E+01, 4.3067E+01,
13:47:07.38689839, 5.9333E+00, 1.0667E+01, 4.2800E+01,
13:47:07.38689844, 5.9667E+00, 1.0867E+01, 4.3200E+01,
13:47:07.38689849, 6.0333E+00, 1.0933E+01, 4.3067E+01,
13:47:07.38689854, 6.0333E+00, 1.0933E+01, 4.3200E+01,
13:47:07.38689859, 6.0000E+00, 1.0867E+01, 4.3333E+01,
13:47:07.38689864, 6.0000E+00, 1.0933E+01, 4.3467E+01,
13:47:07.38689869, 5.9667E+00, 1.0800E+01, 4.3200E+01,
13:47:07.38689874, 5.9667E+00, 1.0800E+01, 4.3333E+01,
13:47:07.38689879, 6.0000E+00, 1.0867E+01, 4.2933E+01,
13:47:07.38689884, 6.0000E+00, 1.0867E+01, 4.3067E+01,
13:47:07.38689889, 6.0000E+00, 1.0933E+01, 4.3333E+01,
13:47:07.38689894, 6.0333E+00, 1.0867E+01, 4.3067E+01,
13:47:07.38689899, 6.0333E+00, 1.0800E+01, 4.3067E+01,
13:47:07.38689904, 6.0667E+00, 1.0800E+01, 4.3067E+01,
13:47:07.38689909, 6.0667E+00, 1.0667E+01, 4.3200E+01,
13:47:07.38689914, 5.9667E+00, 1.0867E+01, 4.2800E+01,
13:47:07.38689919, 6.0333E+00, 1.0800E+01, 4.3200E+01,
13:47:07.38689924, 6.0000E+00, 1.0933E+01, 4.3067E+01,
13:47:07.38689929, 6.0333E+00, 1.0867E+01, 4.2933E+01,
13:47:07.38689934, 6.0667E+00, 1.0733E+01, 4.2933E+01,
13:47:07.38689939, 6.0000E+00, 1.0867E+01, 4.3200E+01,
13:47:07.38689944, 6.0000E+00, 1.0933E+01, 4.3200E+01,
13:47:07.38689949, 6.0000E+00, 1.0800E+01, 4.3200E+01,
13:47:07.38689954, 5.9667E+00, 1.0667E+01, 4.3067E+01,
13:47:07.38689959, 6.0333E+00, 1.0733E+01, 4.3200E+01,
13:47:07.38689964, 6.0333E+00, 1.0933E+01, 4.3067E+01,
13:47:07.38689969, 5.9333E+00, 1.0933E+01, 4.2933E+01,
13:47:07.38689974, 6.0333E+00, 1.0800E+01, 4.3067E+01,
13:47:07.38689979, 6.0333E+00, 1.0867E+01, 4.2933E+01,
13:47:07.38689984, 6.0000E+00, 1.0800E+01, 4.2800E+01,
13:47:07.38689989, 6.0000E+00, 1.0867E+01, 4.3067E+01,
13:47:07.38689994, 6.0333E+00, 1.0800E+01, 4.3067E+01,
13:47:07.38689999, 5.9333E+00, 1.0800E+01, 4.3067E+01,
13:47:07.38690004, 6.0333E+00, 1.0667E+01, 4.3067E+01,
13:47:07.38690009, 6.0000E+00, 1.0933E+01, 4.3067E+01,
13:47:07.38690014, 6.0333E+00, 1.0867E+01, 4.3200E+01,
13:47:07.38690019, 5.9667E+00, 1.0867E+01, 4.3067E+01,
13:47:07.38690024, 6.0000E+00, 1.0867E+01, 4.3333E+01,
13:47:07.38690029, 6.0333E+00, 1.0867E+01, 4.2800E+01,
13:47:07.38690034, 6.0000E+00, 1.0733E+01, 4.3067E+01,
13:47:07.38690039, 6.0333E+00, 1.0867E+01, 4.3067E+01,
13:47:07.38690044, 5.9667E+00, 1.0733E+01, 4.3067E+01,
13:47:07.38690049, 6.0667E+00, 1.0867E+01, 4.3200E+01,
13:47:07.38690054, 6.0000E+00, 1.0667E+01, 4.3200E+01,
13:47:07.38690059, 5.9333E+00, 1.0867E+01, 4.3067E+01,
13:47:07.38690064, 6.0000E+00, 1.0733E+01, 4.3067E+01,
13:47:07.38690069, 6.0333E+00, 1.0867E+01, 4.3067E+01,
13:47:07.38690074, 5.9667E+00, 1.0733E+01, 4.3067E+01,
13:47:07.38690079, 5.9667E+00, 1.0867E+01, 4.2800E+01,
13:47:07.38690084, 6.0667E+00, 1.0800E+01, 4.2667E+01,
13:47:07.38690089, 6.0000E+00, 1.0867E+01, 4.3067E+01,
13:47:07.38690094, 6.0667E+00, 1.0800E+01, 4.3067E+01,
13:47:07.38690099, 5.9667E+00, 1.0667E+01, 4.3067E+01,
13:47:07.38690104, 6.0000E+00, 1.0933E+01, 4.3067E+01,
13:47:07.38690109, 6.0000E+00, 1.0867E+01, 4.3067E+01,
13:47:07.38690114, 6.0333E+00, 1.0867E+01, 4.2933E+01,
13:47:07.38690119, 6.0667E+00, 1.0867E+01, 4.2800E+01,
13:47:07.38690124, 5.9667E+00, 1.0800E+01, 4.2800E+01,
13:47:07.38690129, 6.0000E+00, 1.0933E+01, 4.2667E+01,
13:47:07.38690134, 6.0000E+00, 1.0733E+01, 4.2667E+01,
13:47:07.38690139, 6.0000E+00, 1.0800E+01, 4.2800E+01,
13:47:07.38690144, 6.0333E+00, 1.0800E+01, 4.3200E+01,
13:47:07.38690149, 6.0333E+00, 1.0667E+01, 4.2667E+01,
13:47:07.38690154, 6.0333E+00, 1.1000E+01, 4.3067E+01,
13:47:07.38690159, 5.9667E+00, 1.0867E+01, 4.2800E+01,
13:47:07.38690164, 6.0333E+00, 1.0800E+01, 4.2667E+01,
13:47:07.38690169, 5.9667E+00, 1.0800E+01, 4.2933E+01,
13:47:07.38690174, 6.0000E+00, 1.0933E+01, 4.2800E+01,
13:47:07.38690179, 5.9667E+00, 1.0867E+01, 4.2667E+01,
13:47:07.38690184, 5.9667E+00, 1.0933E+01, 4.2933E+01,
13:47:07.38690189, 5.9667E+00, 1.0800E+01, 4.2667E+01,
13:47:07.38690194, 6.0333E+00, 1.0867E+01, 4.3067E+01,
13:47:07.38690199, 6.1000E+00, 1.0933E+01, 4.2667E+01,
13:47:07.38690204, 6.0333E+00, 1.0733E+01, 4.3067E+01,
13:47:07.38690209, 5.9667E+00, 1.0867E+01, 4.3067E+01,
13:47:07.38690214, 6.0667E+00, 1.0667E+01, 4.3067E+01,
13:47:07.38690219, 5.9667E+00, 1.0800E+01, 4.2933E+01,
13:47:07.38690224, 5.9667E+00, 1.0867E+01, 4.3067E+01,
13:47:07.38690229, 6.0000E+00, 1.0933E+01, 4.2800E+01,
13:47:07.38690234, 6.0333E+00, 1.0933E+01, 4.2667E+01,
13:47:07.38690239, 5.9333E+00, 1.0800E+01, 4.2800E+01,
13:47:07.38690244, 6.0000E+00, 1.0867E+01, 4.2933E+01,
13:47:07.38690249, 6.0333E+00, 1.0800E+01, 4.2800E+01,
13:47:07.38690254, 6.0000E+00, 1.0867E+01, 4.2933E+01,
13:47:07.38690259, 5.9667E+00, 1.0867E+01, 4.2800E+01,
13:47:07.38690264, 6.0333E+00, 1.0867E+01, 4.2933E+01,
13:47:07.38690269, 5.9333E+00, 1.0800E+01, 4.2800E+01,
13:47:07.38690274, 6.0333E+00, 1.0933E+01, 4.2933E+01,
13:47:07.38690279, 5.9667E+00, 1.0733E+01, 4.2533E+01,
13:47:07.38690284, 6.0333E+00, 1.0867E+01, 4.2667E+01,
13:47:07.38690289, 6.0000E+00, 1.0733E+01, 4.2933E+01,
13:47:07.38690294, 6.0000E+00, 1.0733E+01, 4.2667E+01,
13:47:07.38690299, 5.9667E+00, 1.0867E+01, 4.3067E+01,
13:47:07.38690304, 6.0000E+00, 1.0867E+01, 4.2667E+01,
13:47:07.38690309, 6.0000E+00, 1.0933E+01, 4.2800E+01,
13:47:07.38690314, 6.0667E+00, 1.0800E+01, 4.2667E+01,
13:47:07.38690319, 6.0000E+00, 1.0800E+01, 4.2667E+01,
13:47:07.38690324, 5.9000E+00, 1.0867E+01, 4.2400E+01,
13:47:07.38690329, 6.0000E+00, 1.0667E+01, 4.2800E+01,
13:47:07.38690334, 6.0000E+00, 1.0867E+01, 4.2800E+01,
13:47:07.38690339, 6.0000E+00, 1.0933E+01, 4.2533E+01,
13:47:07.38690344, 5.9667E+00, 1.0800E+01, 4.2800E+01,
13:47:07.38690349, 6.0333E+00, 1.0733E+01, 4.2667E+01,
13:47:07.38690354, 6.0000E+00, 1.0867E+01, 4.2933E+01,
13:47:07.38690359, 6.0333E+00, 1.0800E+01, 4.2533E+01,
13:47:07.38690364, 5.9667E+00, 1.0933E+01, 4.2933E+01,
13:47:07.38690369, 5.9333E+00, 1.0800E+01, 4.2800E+01,
13:47:07.38690374, 6.0333E+00, 1.0800E+01, 4.2800E+01,
13:47:07.38690379, 6.0000E+00, 1.1000E+01, 4.2667E+01,
13:47:07.38690384, 6.0667E+00, 1.0733E+01, 4.2400E+01,
13:47:07.38690389, 6.0333E+00, 1.0667E+01, 4.2667E+01,
13:47:07.38690394, 6.0667E+00, 1.0867E+01, 4.2800E+01,
13:47:07.38690399, 6.0333E+00, 1.0933E+01, 4.2800E+01,
13:47:07.38690404, 6.0000E+00, 1.0800E+01, 4.2667E+01,
13:47:07.38690409, 5.9667E+00, 1.0733E+01, 4.3067E+01,
13:47:07.38690414, 6.0667E+00, 1.0733E+01, 4.2667E+01,
13:47:07.38690419, 5.9667E+00, 1.0800E+01, 4.2267E+01,
13:47:07.38690424, 6.0000E+00, 1.0733E+01, 4.2533E+01,
13:47:07.38690429, 5.9667E+00, 1.0667E+01, 4.2800E+01,
13:47:07.38690434, 6.0000E+00, 1.0800E+01, 4.2800E+01,
13:47:07.38690439, 6.0333E+00, 1.0933E+01, 4.3067E+01,
13:47:07.38690444, 5.9667E+00, 1.0867E+01, 4.2933E+01,
13:47:07.38690449, 6.0000E+00, 1.0933E+01, 4.2800E+01,
13:47:07.38690454, 6.0000E+00, 1.0933E+01, 4.2667E+01,
13:47:07.38690459, 5.9667E+00, 1.1000E+01, 4.2667E+01,
13:47:07.38690464, 6.0000E+00, 1.1000E+01, 4.2533E+01,
13:47:07.38690469, 6.0000E+00, 1.0933E+01, 4.2800E+01,
13:47:07.38690474, 5.9667E+00, 1.0733E+01, 4.2533E+01,
13:47:07.38690479, 6.0667E+00, 1.0733E+01, 4.2400E+01,
13:47:07.38690484, 6.0333E+00, 1.0800E+01, 4.2667E+01,
13:47:07.38690489, 5.9333E+00, 1.0800E+01, 4.2533E+01,
13:47:07.38690494, 5.9667E+00, 1.0667E+01, 4.2667E+01,
13:47:07.38690499, 5.9667E+00, 1.0867E+01, 4.2533E+01,
13:47:07.38690504, 6.0333E+00, 1.0933E+01, 4.2533E+01,
13:47:07.38690509, 5.9667E+00, 1.0800E+01, 4.2400E+01,
13:47:07.38690514, 5.9667E+00, 1.0867E+01, 4.2533E+01,
13:47:07.38690519, 6.0000E+00, 1.0867E+01, 4.2667E+01,
13:47:07.38690524, 5.9000E+00, 1.0667E+01, 4.2667E+01,
13:47:07.38690529, 5.9667E+00, 1.0800E+01, 4.2667E+01,
13:47:07.38690534, 6.0000E+00, 1.0800E+01, 4.2933E+01,
13:47:07.38690539, 6.0000E+00, 1.0933E+01, 4.2533E+01,
13:47:07.38690544, 6.0000E+00, 1.0867E+01, 4.2667E+01,
13:47:07.38690549, 6.0000E+00, 1.0800E+01, 4.2800E+01,
13:47:07.38690554, 5.9667E+00, 1.1000E+01, 4.2667E+01,
13:47:07.38690559, 6.0333E+00, 1.0867E+01, 4.2400E+01,
13:47:07.38690564, 5.9333E+00, 1.0867E+01, 4.2667E+01,
13:47:07.38690569, 5.9333E+00, 1.0733E+01, 4.2533E+01,
13:47:07.38690574, 6.0000E+00, 1.0733E+01, 4.2533E+01,
13:47:07.38690579, 5.9333E+00, 1.0800E+01, 4.2800E+01,
13:47:07.38690584, 6.0000E+00, 1.0800E+01, 4.2800E+01,
13:47:07.38690589, 6.0000E+00, 1.0867E+01, 4.2400E+01,
13:47:07.38690594, 6.0000E+00, 1.0867E+01, 4.2667E+01,
13:47:07.38690599, 5.9667E+00, 1.0867E+01, 4.2533E+01,
13:47:07.38690604, 5.9333E+00, 1.0867E+01, 4.2667E+01,
13:47:07.38690609, 5.9000E+00, 1.0867E+01, 4.2400E+01,
13:47:07.38690614, 6.0000E+00, 1.0800E+01, 4.2400E+01,
13:47:07.38690619, 6.0333E+00, 1.0867E+01, 4.2933E+01,
13:47:07.38690624, 5.9667E+00, 1.0867E+01, 4.2267E+01,
13:47:07.38690629, 6.0333E+00, 1.0933E+01, 4.2533E+01,
13:47:07.38690634, 6.0000E+00, 1.0800E+01, 4.2400E+01,
13:47:07.38690639, 6.0000E+00, 1.0800E+01, 4.2667E+01,
13:47:07.38690644, 5.9667E+00, 1.0933E+01, 4.2400E+01,
13:47:07.38690649, 6.0333E+00, 1.0933E+01, 4.2533E+01,
13:47:07.38690654, 5.9667E+00, 1.0800E+01, 4.2667E+01,
13:47:07.38690659, 6.0000E+00, 1.0733E+01, 4.2533E+01,
13:47:07.38690664, 5.9333E+00, 1.0667E+01, 4.2533E+01,
13:47:07.38690669, 5.9667E+00, 1.0933E+01, 4.2400E+01,
13:47:07.38690674, 6.0000E+00, 1.0800E+01, 4.2667E+01,
13:47:07.38690679, 5.9667E+00, 1.0867E+01, 4.2667E+01,
13:47:07.38690684, 6.0333E+00, 1.0733E+01, 4.2667E+01,
13:47:07.38690689, 5.9667E+00, 1.0800E+01, 4.2800E+01,
13:47:07.38690694, 5.9667E+00, 1.1000E+01, 4.2533E+01,
13:47:07.38690699, 6.0000E+00, 1.0933E+01, 4.2533E+01,
13:47:07.38690704, 5.9000E+00, 1.0933E+01, 4.2533E+01,
13:47:07.38690709, 5.9000E+00, 1.0867E+01, 4.2533E+01,
13:47:07.38690714, 6.0000E+00, 1.0867E+01, 4.2267E+01,
13:47:07.38690719, 5.9667E+00, 1.0733E+01, 4.2533E+01,
13:47:07.38690724, 6.0333E+00, 1.0867E+01, 4.2667E+01,
13:47:07.38690729, 5.9667E+00, 1.0933E+01, 4.2667E+01,
13:47:07.38690734, 6.1000E+00, 1.0933E+01, 4.2800E+01,
13:47:07.38690739, 6.0000E+00, 1.0800E+01, 4.2667E+01,
13:47:07.38690744, 6.0000E+00, 1.0800E+01, 4.2800E+01,
13:47:07.38690749, 6.0000E+00, 1.0800E+01, 4.2400E+01,
13:47:07.38690754, 6.0667E+00, 1.0800E+01, 4.2400E+01,
13:47:07.38690759, 5.9000E+00, 1.0800E+01, 4.2800E+01,
13:47:07.38690764, 5.9333E+00, 1.0800E+01, 4.2533E+01,
13:47:07.38690769, 6.0667E+00, 1.0800E+01, 4.2267E+01,
13:47:07.38690774, 5.9667E+00, 1.0933E+01, 4.2533E+01,
13:47:07.38690779, 6.0000E+00, 1.0800E+01, 4.2933E+01,
13:47:07.38690784, 5.9333E+00, 1.0867E+01, 4.2667E+01,
13:47:07.38690789, 6.0333E+00, 1.0867E+01, 4.2667E+01,
13:47:07.38690794, 5.9667E+00, 1.0867E+01, 4.2667E+01,
13:47:07.38690799, 6.0000E+00, 1.0867E+01, 4.2267E+01,
13:47:07.38690804, 5.9667E+00, 1.0800E+01, 4.2400E+01,
13:47:07.38690809, 6.0000E+00, 1.0800E+01, 4.2133E+01,
13:47:07.38690814, 6.0333E+00, 1.0933E+01, 4.2400E+01,
13:47:07.38690819, 6.0667E+00, 1.1000E+01, 4.2400E+01,
13:47:07.38690824, 6.1000E+00, 1.0933E+01, 4.2533E+01,
13:47:07.38690829, 6.0000E+00, 1.0800E+01, 4.2400E+01,
13:47:07.38690834, 6.0333E+00, 1.0867E+01, 4.2667E+01,
13:47:07.38690839, 6.0000E+00, 1.0867E+01, 4.2667E+01,
13:47:07.38690844, 6.0000E+00, 1.0933E+01, 4.2533E+01,
13:47:07.38690849, 6.0333E+00, 1.0733E+01, 4.2667E+01,
13:47:07.38690854, 5.9333E+00, 1.0933E+01, 4.2533E+01,
13:47:07.38690859, 6.0333E+00, 1.0867E+01, 4.2400E+01,
13:47:07.38690864, 6.0000E+00, 1.0867E+01, 4.2533E+01,
13:47:07.38690869, 6.0333E+00, 1.0867E+01, 4.2800E+01,
13:47:07.38690874, 6.0333E+00, 1.0933E+01, 4.2533E+01,
13:47:07.38690879, 6.0000E+00, 1.0867E+01, 4.2933E+01,
13:47:07.38690884, 6.0000E+00, 1.0733E+01, 4.2667E+01,
13:47:07.38690889, 5.9667E+00, 1.0867E+01, 4.2933E+01,
13:47:07.38690894, 6.0000E+00, 1.0867E+01, 4.2400E+01,
13:47:07.38690899, 6.0333E+00, 1.1000E+01, 4.2133E+01,
13:47:07.38690904, 6.0333E+00, 1.0933E+01, 4.2400E+01,
13:47:07.38690909, 6.0333E+00, 1.0733E+01, 4.2400E+01,
13:47:07.38690914, 5.9333E+00, 1.0867E+01, 4.2533E+01,
13:47:07.38690919, 5.9667E+00, 1.0800E+01, 4.2667E+01,
13:47:07.38690924, 6.0333E+00, 1.0867E+01, 4.2133E+01,
13:47:07.38690929, 6.0000E+00, 1.0800E+01, 4.2533E+01,
13:47:07.38690934, 6.0667E+00, 1.0800E+01, 4.2667E+01,
13:47:07.38690939, 6.0000E+00, 1.0800E+01, 4.2400E+01,
13:47:07.38690944, 5.9667E+00, 1.0800E+01, 4.2667E+01,
13:47:07.38690949, 6.0333E+00, 1.0733E+01, 4.2667E+01,
13:47:07.38690954, 5.9667E+00, 1.0867E+01, 4.2533E+01,
13:47:07.38690959, 6.0000E+00, 1.0800E+01, 4.2533E+01,
13:47:07.38690964, 6.0000E+00, 1.0800E+01, 4.2400E+01,
13:47:07.38690969, 6.0000E+00, 1.0800E+01, 4.2533E+01,
13:47:07.38690974, 5.9667E+00, 1.0933E+01, 4.2800E+01,
13:47:07.38690979, 6.1000E+00, 1.0933E+01, 4.2667E+01,
13:47:07.38690984, 6.0000E+00, 1.0867E+01, 4.2533E+01,
13:47:07.38690989, 5.9333E+00, 1.0867E+01, 4.2533E+01,
13:47:07.38690994, 5.9667E+00, 1.0933E+01, 4.2400E+01,
13:47:07.38690999, 6.0333E+00, 1.0733E+01, 4.2667E+01,
13:47:07.38691004, 5.9333E+00, 1.0733E+01, 4.2667E+01,
13:47:07.38691009, 5.9333E+00, 1.0800E+01, 4.2533E+01,
13:47:07.38691014, 5.9333E+00, 1.0867E+01, 4.2533E+01,
13:47:07.38691019, 5.9667E+00, 1.0800E+01, 4.2800E+01,
13:47:07.38691024, 5.9333E+00, 1.0867E+01, 4.2933E+01,
13:47:07.38691029, 5.9667E+00, 1.0867E+01, 4.2533E+01,
13:47:07.38691034, 6.0333E+00, 1.0733E+01, 4.2400E+01,
13:47:07.38691039, 5.9667E+00, 1.0667E+01, 4.2533E+01,
13:47:07.38691044, 6.0333E+00, 1.0800E+01, 4.2400E+01,
13:47:07.38691049, 6.0000E+00, 1.0733E+01, 4.2267E+01,
13:47:07.38691054, 6.0333E+00, 1.0733E+01, 4.2800E+01,
13:47:07.38691059, 5.9667E+00, 1.0800E+01, 4.2667E+01,
13:47:07.38691064, 6.0000E+00, 1.0800E+01, 4.2533E+01,
13:47:07.38691069, 6.0333E+00, 1.0667E+01, 4.2533E+01,
13:47:07.38691074, 6.0333E+00, 1.0867E+01, 4.2400E+01,
13:47:07.38691079, 5.9667E+00, 1.0733E+01, 4.2267E+01,
13:47:07.38691084, 5.9333E+00, 1.0867E+01, 4.2933E+01,
13:47:07.38691089, 5.9000E+00, 1.0933E+01, 4.2267E+01,
13:47:07.38691094, 5.9667E+00, 1.0733E+01, 4.2400E+01,
13:47:07.38691099, 6.0667E+00, 1.0733E+01, 4.2533E+01,
13:47:07.38691104, 5.9667E+00, 1.0600E+01, 4.2533E+01,
13:47:07.38691109, 6.0667E+00, 1.0867E+01, 4.2533E+01,
13:47:07.38691114, 5.9667E+00, 1.0800E+01, 4.2533E+01,
13:47:07.38691119, 6.0667E+00, 1.0733E+01, 4.2800E+01,
13:47:07.38691124, 6.0000E+00, 1.0867E+01, 4.2800E+01,
13:47:07.38691129, 6.0333E+00, 1.0800E+01, 4.2667E+01,
13:47:07.38691134, 6.0000E+00, 1.0867E+01, 4.2533E+01,
13:47:07.38691139, 6.0333E+00, 1.0733E+01, 4.2533E+01,
13:47:07.38691144, 5.9333E+00, 1.0733E+01, 4.2400E+01,
13:47:07.38691149, 6.0000E+00, 1.0933E+01, 4.2800E+01,
13:47:07.38691154, 6.0333E+00, 1.0933E+01, 4.2667E+01,
13:47:07.38691159, 6.0333E+00, 1.0800E+01, 4.2667E+01,
13:47:07.38691164, 6.0000E+00, 1.0800E+01, 4.2400E+01,
13:47:07.38691169, 6.0000E+00, 1.0800E+01, 4.2933E+01,
13:47:07.38691174, 6.0333E+00, 1.0733E+01, 4.2667E+01,
13:47:07.38691179, 6.0667E+00, 1.0733E+01, 4.2267E+01,
13:47:07.38691184, 5.9667E+00, 1.0733E+01, 4.2533E+01,
13:47:07.38691189, 6.0000E+00, 1.0667E+01, 4.2400E+01,
13:47:07.38691194, 6.0333E+00, 1.0867E+01, 4.2533E+01,
13:47:07.38691199, 6.0000E+00, 1.0867E+01, 4.2267E+01,
13:47:07.38691204, 6.0000E+00, 1.0867E+01, 4.2400E+01,
13:47:07.38691209, 5.9667E+00, 1.0933E+01, 4.2533E+01,
13:47:07.38691214, 6.0667E+00, 1.0867E+01, 4.2667E+01,
13:47:07.38691219, 6.0333E+00, 1.0867E+01, 4.2533E+01,
13:47:07.38691224, 6.0333E+00, 1.0800E+01, 4.2533E+01,
13:47:07.38691229, 6.0000E+00, 1.0733E+01, 4.2667E+01,
13:47:07.38691234, 5.9333E+00, 1.0933E+01, 4.2533E+01,
13:47:07.38691239, 5.9667E+00, 1.0800E+01, 4.2533E+01,
13:47:07.38691244, 6.0333E+00, 1.0867E+01, 4.2400E+01,
13:47:07.38691249, 6.0000E+00, 1.0933E+01, 4.2533E+01,
13:47:07.38691254, 6.0333E+00, 1.0800E+01, 4.2267E+01,
13:47:07.38691259, 5.9667E+00, 1.0800E+01, 4.2533E+01,
13:47:07.38691264, 6.0000E+00, 1.0867E+01, 4.2800E+01,
13:47:07.38691269, 5.9667E+00, 1.0933E+01, 4.2533E+01,
13:47:07.38691274, 6.0000E+00, 1.0933E+01, 4.2667E+01,
13:47:07.38691279, 6.0000E+00, 1.0667E+01, 4.2667E+01,
13:47:07.38691284, 6.0667E+00, 1.0867E+01, 4.2667E+01,
13:47:07.38691289, 6.0000E+00, 1.0800E+01, 4.2533E+01,
13:47:07.38691294, 5.9667E+00, 1.0667E+01, 4.2667E+01,
13:47:07.38691299, 5.9000E+00, 1.0933E+01, 4.2400E+01,
13:47:07.38691304, 6.0333E+00, 1.0733E+01, 4.2533E+01,
13:47:07.38691309, 6.0333E+00, 1.0867E+01, 4.2800E+01,
13:47:07.38691314, 6.0000E+00, 1.0800E+01, 4.3067E+01,
13:47:07.38691319, 6.0000E+00, 1.0667E+01, 4.2667E+01,
13:47:07.38691324, 6.0000E+00, 1.0933E+01, 4.2800E+01,
13:47:07.38691329, 6.0333E+00, 1.0733E+01, 4.2800E+01,
13:47:07.38691334, 6.0000E+00, 1.0933E+01, 4.2800E+01,
13:47:07.38691339, 6.0667E+00, 1.1000E+01, 4.2667E+01,
13:47:07.38691344, 6.0333E+00, 1.0867E+01, 4.2533E+01,
13:47:07.38691349, 5.9667E+00, 1.0867E+01, 4.2667E+01,
13:47:07.38691354, 6.0667E+00, 1.0867E+01, 4.2667E+01,
13:47:07.38691359, 6.0000E+00, 1.0733E+01, 4.2800E+01,
13:47:07.38691364, 6.0000E+00, 1.0933E+01, 4.2533E+01,
13:47:07.38691369, 5.9667E+00, 1.0733E+01, 4.2533E+01,
13:47:07.38691374, 6.0000E+00, 1.0933E+01, 4.2667E+01,
13:47:07.38691379, 5.9333E+00, 1.0800E+01, 4.2667E+01,
13:47:07.38691384, 6.0333E+00, 1.0867E+01, 4.2267E+01,
13:47:07.38691389, 6.0333E+00, 1.0933E+01, 4.2800E+01,
13:47:07.38691394, 5.9333E+00, 1.0800E+01, 4.2933E+01,
13:47:07.38691399, 6.0667E+00, 1.0933E+01, 4.2400E+01,
13:47:07.38691404, 6.1000E+00, 1.0800E+01, 4.2800E+01,
13:47:07.38691409, 6.0333E+00, 1.0933E+01, 4.2667E+01,
13:47:07.38691414, 6.0000E+00, 1.0867E+01, 4.2800E+01,
13:47:07.38691419, 6.0667E+00, 1.0800E+01, 4.2533E+01,
13:47:07.38691424, 6.0000E+00, 1.0800E+01, 4.2267E+01,
13:47:07.38691429, 6.0000E+00, 1.0867E+01, 4.2667E+01,
13:47:07.38691434, 6.0000E+00, 1.0800E+01, 4.2533E+01,
13:47:07.38691439, 6.0667E+00, 1.0733E+01, 4.2667E+01,
13:47:07.38691444, 6.0333E+00, 1.0733E+01, 4.2933E+01,
13:47:07.38691449, 6.0333E+00, 1.0733E+01, 4.2400E+01,
13:47:07.38691454, 6.0333E+00, 1.0933E+01, 4.2800E+01,
13:47:07.38691459, 6.0000E+00, 1.0867E+01, 4.2933E+01,
13:47:07.38691464, 6.0000E+00, 1.0800E+01, 4.3067E+01,
13:47:07.38691469, 5.9667E+00, 1.0800E+01, 4.2800E+01,
13:47:07.38691474, 6.0333E+00, 1.0667E+01, 4.2800E+01,
13:47:07.38691479, 5.9667E+00, 1.0933E+01, 4.2800E+01,
13:47:07.38691484, 6.0000E+00, 1.0667E+01, 4.2667E+01,
13:47:07.38691489, 6.0333E+00, 1.0933E+01, 4.2667E+01,
13:47:07.38691494, 6.0333E+00, 1.0867E+01, 4.2533E+01,
13:47:07.38691499, 6.0333E+00, 1.0933E+01, 4.2667E+01,
13:47:07.38691504, 6.0000E+00, 1.0800E+01, 4.2400E+01,
13:47:07.38691509, 5.9667E+00, 1.0867E+01, 4.2933E+01,
13:47:07.38691514, 5.9667E+00, 1.0733E+01, 4.2800E+01,
13:47:07.38691519, 6.0333E+00, 1.0867E+01, 4.2667E+01,
13:47:07.38691524, 6.0667E+00, 1.0867E+01, 4.2800E+01,
13:47:07.38691529, 6.0333E+00, 1.0800E+01, 4.3067E+01,
13:47:07.38691534, 6.0333E+00, 1.0933E+01, 4.2667E+01,
13:47:07.38691539, 5.9667E+00, 1.0867E+01, 4.2667E+01,
13:47:07.38691544, 6.0333E+00, 1.0933E+01, 4.2400E+01,
13:47:07.38691549, 5.9667E+00, 1.0867E+01, 4.2400E+01,
13:47:07.38691554, 5.9333E+00, 1.0800E+01, 4.3067E+01,
13:47:07.38691559, 6.0000E+00, 1.0800E+01, 4.2667E+01,
13:47:07.38691564, 6.0000E+00, 1.0800E+01, 4.2667E+01,
13:47:07.38691569, 5.9667E+00, 1.0867E+01, 4.2400E+01,
13:47:07.38691574, 5.9333E+00, 1.0667E+01, 4.2267E+01,
13:47:07.38691579, 6.0333E+00, 1.0733E+01, 4.2800E+01,
13:47:07.38691584, 5.9667E+00, 1.1000E+01, 4.2533E+01,
13:47:07.38691589, 6.0000E+00, 1.0800E+01, 4.2800E+01,
13:47:07.38691594, 6.0333E+00, 1.0733E+01, 4.2800E+01,
13:47:07.38691599, 6.0333E+00, 1.0867E+01, 4.2533E+01,
13:47:07.38691604, 6.0333E+00, 1.0867E+01, 4.2800E+01,
13:47:07.38691609, 5.9333E+00, 1.0933E+01, 4.2667E+01,
13:47:07.38691614, 5.9333E+00, 1.0867E+01, 4.2800E+01,
13:47:07.38691619, 5.9667E+00, 1.0867E+01, 4.3067E+01,
13:47:07.38691624, 6.0333E+00, 1.0867E+01, 4.2533E+01,
13:47:07.38691629, 6.0333E+00, 1.1000E+01, 4.2667E+01,
13:47:07.38691634, 6.0000E+00, 1.0800E+01, 4.2533E+01,
13:47:07.38691639, 5.9667E+00, 1.0867E+01, 4.2667E+01,
13:47:07.38691644, 6.0000E+00, 1.0800E+01, 4.2400E+01,
13:47:07.38691649, 6.0333E+00, 1.0733E+01, 4.3067E+01,
13:47:07.38691654, 5.9667E+00, 1.0800E+01, 4.2400E+01,
13:47:07.38691659, 6.0333E+00, 1.0933E+01, 4.2933E+01,
13:47:07.38691664, 6.0000E+00, 1.0800E+01, 4.2667E+01,
13:47:07.38691669, 6.0333E+00, 1.0867E+01, 4.2667E+01,
13:47:07.38691674, 6.0000E+00, 1.0867E+01, 4.2800E+01,
13:47:07.38691679, 6.0333E+00, 1.0800E+01, 4.2533E+01,
13:47:07.38691684, 6.0000E+00, 1.0733E+01, 4.2800E+01,
13:47:07.38691689, 6.0333E+00, 1.0867E+01, 4.2933E+01,
13:47:07.38691694, 6.0333E+00, 1.0800E+01, 4.2667E+01,
13:47:07.38691699, 6.0333E+00, 1.0933E+01, 4.2800E+01,
13:47:07.38691704, 6.0667E+00, 1.0800E+01, 4.3067E+01,
13:47:07.38691709, 6.0000E+00, 1.0667E+01, 4.3067E+01,
13:47:07.38691714, 6.0333E+00, 1.0800E+01, 4.2533E+01,
13:47:07.38691719, 6.0333E+00, 1.0733E+01, 4.2800E+01,
13:47:07.38691724, 5.9333E+00, 1.0933E+01, 4.2400E+01,
13:47:07.38691729, 6.0000E+00, 1.0733E+01, 4.2800E+01,
13:47:07.38691734, 6.0000E+00, 1.0867E+01, 4.2400E+01,
13:47:07.38691739, 5.9667E+00, 1.0733E+01, 4.2667E+01,
13:47:07.38691744, 6.0667E+00, 1.0933E+01, 4.2667E+01,
13:47:07.38691749, 6.0333E+00, 1.0800E+01, 4.2800E+01,
13:47:07.38691754, 5.9667E+00, 1.0733E+01, 4.2800E+01,
13:47:07.38691759, 5.9000E+00, 1.1000E+01, 4.2533E+01,
13:47:07.38691764, 6.0000E+00, 1.0733E+01, 4.2933E+01,
13:47:07.38691769, 5.9667E+00, 1.0867E+01, 4.2933E+01,
13:47:07.38691774, 5.9667E+00, 1.0933E+01, 4.2800E+01,
13:47:07.38691779, 6.0000E+00, 1.0733E+01, 4.2933E+01,
13:47:07.38691784, 6.0000E+00, 1.0800E+01, 4.2933E+01,
13:47:07.38691789, 6.0333E+00, 1.0867E+01, 4.2667E+01,
13:47:07.38691794, 5.9333E+00, 1.0733E+01, 4.2667E+01,
13:47:07.38691799, 6.0000E+00, 1.0800E+01, 4.2800E+01,
13:47:07.38691804, 6.0000E+00, 1.0800E+01, 4.2933E+01,
13:47:07.38691809, 6.0333E+00, 1.0800E+01, 4.2933E+01,
13:47:07.38691814, 6.0000E+00, 1.0800E+01, 4.2667E+01,
13:47:07.38691819, 5.9667E+00, 1.0867E+01, 4.2800E+01,
13:47:07.38691824, 6.0667E+00, 1.0800E+01, 4.2267E+01,
13:47:07.38691829, 5.9667E+00, 1.0933E+01, 4.2667E+01,
13:47:07.38691834, 6.0667E+00, 1.0867E+01, 4.2667E+01,
13:47:07.38691839, 6.0333E+00, 1.0933E+01, 4.2800E+01,
13:47:07.38691844, 6.0000E+00, 1.0800E+01, 4.2533E+01,
13:47:07.38691849, 6.0000E+00, 1.0667E+01, 4.2800E+01,
13:47:07.38691854, 6.0333E+00, 1.0800E+01, 4.2533E+01,
13:47:07.38691859, 6.0000E+00, 1.0933E+01, 4.2933E+01,
13:47:07.38691864, 5.9333E+00, 1.0867E+01, 4.2933E+01,
13:47:07.38691869, 5.9667E+00, 1.0867E+01, 4.2800E+01,
13:47:07.38691874, 6.0333E+00, 1.0867E+01, 4.2400E+01,
13:47:07.38691879, 6.0333E+00, 1.0933E+01, 4.2800E+01,
13:47:07.38691884, 6.0333E+00, 1.0800E+01, 4.2667E+01,
13:47:07.38691889, 6.0333E+00, 1.0800E+01, 4.2667E+01,
13:47:07.38691894, 5.9667E+00, 1.0800E+01, 4.2667E+01,
13:47:07.38691899, 5.9667E+00, 1.0800E+01, 4.2533E+01,
13:47:07.38691904, 6.0667E+00, 1.0800E+01, 4.2933E+01,
13:47:07.38691909, 6.0000E+00, 1.0800E+01, 4.2667E+01,
13:47:07.38691914, 6.0333E+00, 1.0800E+01, 4.2667E+01,
13:47:07.38691919, 5.9667E+00, 1.0867E+01, 4.2667E+01,
13:47:07.38691924, 5.9333E+00, 1.1000E+01, 4.2800E+01,
13:47:07.38691929, 6.0000E+00, 1.0800E+01, 4.2667E+01,
13:47:07.38691934, 5.9333E+00, 1.0733E+01, 4.2933E+01,
13:47:07.38691939, 6.0000E+00, 1.0733E+01, 4.2800E+01,
13:47:07.38691944, 6.0667E+00, 1.0800E+01, 4.2800E+01,
13:47:07.38691949, 5.9667E+00, 1.0867E+01, 4.2667E+01,
13:47:07.38691954, 6.0333E+00, 1.0800E+01, 4.2800E+01,
13:47:07.38691959, 5.9667E+00, 1.0733E+01, 4.2933E+01,
13:47:07.38691964, 5.9667E+00, 1.0800E+01, 4.2533E+01,
13:47:07.38691969, 5.9333E+00, 1.0733E+01, 4.2533E+01,
13:47:07.38691974, 6.0000E+00, 1.0867E+01, 4.2800E+01,
13:47:07.38691979, 5.9667E+00, 1.0867E+01, 4.2933E+01,
13:47:07.38691984, 6.0000E+00, 1.0867E+01, 4.2533E+01,
13:47:07.38691989, 6.0667E+00, 1.0933E+01, 4.2667E+01,
13:47:07.38691994, 6.0000E+00, 1.0667E+01, 4.3067E+01,
13:47:07.38691999, 6.0333E+00, 1.0733E+01, 4.2667E+01,
13:47:07.38692004, 5.9667E+00, 1.0667E+01, 4.2533E+01,
13:47:07.38692009, 6.0000E+00, 1.0867E+01, 4.2800E+01,
13:47:07.38692014, 6.0000E+00, 1.0867E+01, 4.2800E+01,
13:47:07.38692019, 5.9667E+00, 1.1000E+01, 4.2667E+01,
13:47:07.38692024, 5.9667E+00, 1.0933E+01, 4.2933E+01,
13:47:07.38692029, 6.0333E+00, 1.0733E+01, 4.2800E+01,
13:47:07.38692034, 6.0000E+00, 1.0867E+01, 4.2800E+01,
13:47:07.38692039, 6.0333E+00, 1.0933E+01, 4.2800E+01,
13:47:07.38692044, 6.0000E+00, 1.0867E+01, 4.2800E+01,
13:47:07.38692049, 5.9667E+00, 1.0867E+01, 4.2800E+01,
13:47:07.38692054, 5.9333E+00, 1.0867E+01, 4.2533E+01,
13:47:07.38692059, 5.9667E+00, 1.0733E+01, 4.2667E+01,
13:47:07.38692064, 6.0000E+00, 1.0867E+01, 4.2400E+01,
13:47:07.38692069, 6.0667E+00, 1.0867E+01, 4.2667E+01,
13:47:07.38692074, 5.9000E+00, 1.0933E+01, 4.2533E+01,
13:47:07.38692079, 6.0667E+00, 1.0667E+01, 4.2800E+01,
13:47:07.38692084, 5.9667E+00, 1.0733E+01, 4.2400E+01,
13:47:07.38692089, 6.0667E+00, 1.0867E+01, 4.2933E+01,
13:47:07.38692094, 5.9667E+00, 1.0800E+01, 4.3067E+01,
13:47:07.38692099, 5.9333E+00, 1.0667E+01, 4.2533E+01,
13:47:07.38692104, 5.9667E+00, 1.0733E+01, 4.2800E+01,
13:47:07.38692109, 6.0000E+00, 1.0667E+01, 4.2800E+01,
13:47:07.38692114, 5.9000E+00, 1.0867E+01, 4.2667E+01,
13:47:07.38692119, 5.9667E+00, 1.0933E+01, 4.2533E+01,
13:47:07.38692124, 6.0333E+00, 1.0667E+01, 4.2533E+01,
13:47:07.38692129, 6.0667E+00, 1.0867E+01, 4.2800E+01,
13:47:07.38692134, 6.0000E+00, 1.0733E+01, 4.2933E+01,
13:47:07.38692139, 6.0000E+00, 1.0867E+01, 4.2933E+01,
13:47:07.38692144, 6.0333E+00, 1.0800E+01, 4.2667E+01,
13:47:07.38692149, 5.9667E+00, 1.0733E+01, 4.2800E+01,
13:47:07.38692154, 6.0333E+00, 1.0933E+01, 4.2667E+01,
13:47:07.38692159, 6.0000E+00, 1.0800E+01, 4.2933E+01,
13:47:07.38692164, 6.0333E+00, 1.0867E+01, 4.2533E+01,
13:47:07.38692169, 6.0000E+00, 1.0867E+01, 4.2800E+01,
13:47:07.38692174, 5.9667E+00, 1.0867E+01, 4.2800E+01,
13:47:07.38692179, 5.9333E+00, 1.0800E+01, 4.2667E+01,
13:47:07.38692184, 6.0333E+00, 1.0800E+01, 4.2667E+01,
13:47:07.38692189, 5.9667E+00, 1.0800E+01, 4.2800E+01,
13:47:07.38692194, 5.9333E+00, 1.0867E+01, 4.2800E+01,
13:47:07.38692199, 5.9667E+00, 1.0733E+01, 4.2933E+01,
13:47:07.38692204, 6.0000E+00, 1.0933E+01, 4.2800E+01,
13:47:07.38692209, 6.1000E+00, 1.0933E+01, 4.2800E+01,
13:47:07.38692214, 6.0333E+00, 1.0800E+01, 4.2667E+01,
13:47:07.38692219, 6.0000E+00, 1.0733E+01, 4.2800E+01,
13:47:07.38692224, 6.0000E+00, 1.0733E+01, 4.2800E+01,
13:47:07.38692229, 5.9667E+00, 1.0867E+01, 4.2933E+01,
13:47:07.38692234, 6.0667E+00, 1.0867E+01, 4.2667E+01,
13:47:07.38692239, 5.9333E+00, 1.0867E+01, 4.2800E+01,
13:47:07.38692244, 6.0333E+00, 1.0733E+01, 4.2800E+01,
13:47:07.38692249, 6.0000E+00, 1.0800E+01, 4.2667E+01,
13:47:07.38692254, 5.9667E+00, 1.0800E+01, 4.2933E+01,
13:47:07.38692259, 6.0000E+00, 1.0733E+01, 4.2800E+01,
13:47:07.38692264, 6.0333E+00, 1.0867E+01, 4.2800E+01,
13:47:07.38692269, 6.0333E+00, 1.0867E+01, 4.2800E+01,
13:47:07.38692274, 6.0667E+00, 1.0867E+01, 4.2933E+01,
13:47:07.38692279, 6.0000E+00, 1.0867E+01, 4.2667E+01,
13:47:07.38692284, 5.9667E+00, 1.0933E+01, 4.2800E+01,
13:47:07.38692289, 5.9667E+00, 1.0733E+01, 4.2533E+01,
13:47:07.38692294, 5.9667E+00, 1.0933E+01, 4.2933E+01,
13:47:07.38692299, 5.9667E+00, 1.0800E+01, 4.2800E+01,
13:47:07.38692304, 6.0667E+00, 1.0800E+01, 4.2533E+01,
13:47:07.38692309, 6.0000E+00, 1.0800E+01, 4.2533E+01,
13:47:07.38692314, 6.1000E+00, 1.0867E+01, 4.2933E+01,
13:47:07.38692319, 6.0667E+00, 1.0800E+01, 4.2533E+01,
13:47:07.38692324, 6.0333E+00, 1.0800E+01, 4.2533E+01,
13:47:07.38692329, 5.9667E+00, 1.0867E+01, 4.3067E+01,
13:47:07.38692334, 6.0333E+00, 1.0933E+01, 4.2933E+01,
13:47:07.38692339, 5.9667E+00, 1.0800E+01, 4.2800E+01,
13:47:07.38692344, 5.9000E+00, 1.0867E+01, 4.2667E+01,
13:47:07.38692349, 6.0667E+00, 1.0933E+01, 4.2800E+01,
13:47:07.38692354, 5.9667E+00, 1.1000E+01, 4.2933E+01,
13:47:07.38692359, 5.9667E+00, 1.0800E+01, 4.2800E+01,
13:47:07.38692364, 6.0667E+00, 1.0733E+01, 4.2800E+01,
13:47:07.38692369, 6.0333E+00, 1.0733E+01, 4.2667E+01,
13:47:07.38692374, 5.9000E+00, 1.0733E+01, 4.2800E+01,
13:47:07.38692379, 5.9333E+00, 1.0667E+01, 4.2800E+01,
13:47:07.38692384, 5.9667E+00, 1.0933E+01, 4.2533E+01,
13:47:07.38692389, 6.0000E+00, 1.0867E+01, 4.2933E+01,
13:47:07.38692394, 6.0667E+00, 1.0733E+01, 4.2667E+01,
13:47:07.38692399, 5.9667E+00, 1.0867E+01, 4.2533E+01,
13:47:07.38692404, 6.0333E+00, 1.0800E+01, 4.2533E+01,
13:47:07.38692409, 6.0000E+00, 1.0867E+01, 4.2800E+01,
13:47:07.38692414, 6.0333E+00, 1.0800E+01, 4.2667E+01,
13:47:07.38692419, 6.0333E+00, 1.0867E+01, 4.2533E+01,
13:47:07.38692424, 6.0333E+00, 1.0800E+01, 4.2667E+01,
13:47:07.38692429, 5.9667E+00, 1.0800E+01, 4.2800E+01,
13:47:07.38692434, 5.9667E+00, 1.0933E+01, 4.2400E+01,
13:47:07.38692439, 5.9667E+00, 1.0800E+01, 4.2800E+01,
13:47:07.38692444, 6.0000E+00, 1.1000E+01, 4.2800E+01,
13:47:07.38692449, 6.0333E+00, 1.0800E+01, 4.2667E+01,
13:47:07.38692454, 5.9333E+00, 1.0867E+01, 4.2667E+01,
13:47:07.38692459, 6.0333E+00, 1.0867E+01, 4.2400E+01,
13:47:07.38692464, 6.0000E+00, 1.0800E+01, 4.2800E+01,
13:47:07.38692469, 5.9667E+00, 1.0800E+01, 4.2800E+01,
13:47:07.38692474, 5.9333E+00, 1.0867E+01, 4.2800E+01,
13:47:07.38692479, 5.9667E+00, 1.0733E+01, 4.2667E+01,
13:47:07.38692484, 5.9667E+00, 1.0800E+01, 4.2800E+01,
13:47:07.38692489, 5.9333E+00, 1.0933E+01, 4.2933E+01,
13:47:07.38692494, 6.0000E+00, 1.0733E+01, 4.2533E+01,
13:47:07.38692499, 6.0000E+00, 1.0867E+01, 4.2533E+01,
13:47:07.38692504, 6.0333E+00, 1.0867E+01, 4.2667E+01,
13:47:07.38692509, 6.0000E+00, 1.0933E+01, 4.3067E+01,
13:47:07.38692514, 6.0333E+00, 1.0867E+01, 4.2667E+01,
13:47:07.38692519, 6.0000E+00, 1.0933E+01, 4.2933E+01,
13:47:07.38692524, 6.0667E+00, 1.0933E+01, 4.2933E+01,
13:47:07.38692529, 5.9333E+00, 1.0933E+01, 4.2800E+01,
13:47:07.38692534, 5.9667E+00, 1.0933E+01, 4.2667E+01,
13:47:07.38692539, 6.0667E+00, 1.0800E+01, 4.3067E+01,
13:47:07.38692544, 5.8667E+00, 1.0867E+01, 4.2933E+01,
13:47:07.38692549, 6.0000E+00, 1.0667E+01, 4.2800E+01,
13:47:07.38692554, 6.0333E+00, 1.0800E+01, 4.2667E+01,
13:47:07.38692559, 6.0333E+00, 1.0800E+01, 4.2933E+01,
13:47:07.38692564, 5.9333E+00, 1.0733E+01, 4.2667E+01,
13:47:07.38692569, 5.9333E+00, 1.0733E+01, 4.2800E+01,
13:47:07.38692574, 5.9333E+00, 1.0867E+01, 4.2933E+01,
13:47:07.38692579, 6.0667E+00, 1.0867E+01, 4.3067E+01,
13:47:07.38692584, 5.9667E+00, 1.0667E+01, 4.2800E+01,
13:47:07.38692589, 6.0333E+00, 1.0800E+01, 4.2533E+01,
13:47:07.38692594, 6.0000E+00, 1.0867E+01, 4.2800E+01,
13:47:07.38692599, 6.0000E+00, 1.0800E+01, 4.2667E+01,
13:47:07.38692604, 6.0333E+00, 1.0867E+01, 4.2400E+01,
13:47:07.38692609, 5.9000E+00, 1.0667E+01, 4.2800E+01,
13:47:07.38692614, 5.9667E+00, 1.0933E+01, 4.2533E+01,
13:47:07.38692619, 6.0000E+00, 1.0733E+01, 4.2933E+01,
13:47:07.38692624, 6.0667E+00, 1.0867E+01, 4.2533E+01,
13:47:07.38692629, 6.0333E+00, 1.0667E+01, 4.2933E+01,
13:47:07.38692634, 5.9667E+00, 1.0733E+01, 4.2667E+01,
13:47:07.38692639, 5.9667E+00, 1.0867E+01, 4.2400E+01,
13:47:07.38692644, 6.0333E+00, 1.0733E+01, 4.2933E+01,
13:47:07.38692649, 6.0333E+00, 1.0733E+01, 4.2800E+01,
13:47:07.38692654, 6.0000E+00, 1.0800E+01, 4.2267E+01,
13:47:07.38692659, 5.9667E+00, 1.1000E+01, 4.2933E+01,
13:47:07.38692664, 6.0333E+00, 1.0800E+01, 4.2533E+01,
13:47:07.38692669, 5.9667E+00, 1.0867E+01, 4.2800E+01,
13:47:07.38692674, 5.9333E+00, 1.0867E+01, 4.2667E+01,
13:47:07.38692679, 5.9333E+00, 1.0733E+01, 4.3067E+01,
13:47:07.38692684, 5.9333E+00, 1.0933E+01, 4.3067E+01,
13:47:07.38692689, 6.0000E+00, 1.0867E+01, 4.2800E+01,
13:47:07.38692694, 5.9667E+00, 1.0800E+01, 4.2800E+01,
13:47:07.38692699, 5.9667E+00, 1.0800E+01, 4.2400E+01,
13:47:07.38692704, 6.0333E+00, 1.0867E+01, 4.2533E+01,
13:47:07.38692709, 5.9000E+00, 1.0800E+01, 4.2533E+01,
13:47:07.38692714, 6.0333E+00, 1.0800E+01, 4.2533E+01,
13:47:07.38692719, 5.8667E+00, 1.0867E+01, 4.2667E+01,
13:47:07.38692724, 5.9333E+00, 1.0867E+01, 4.2933E+01,
13:47:07.38692729, 6.0667E+00, 1.0867E+01, 4.2800E+01,
13:47:07.38692734, 6.0333E+00, 1.0933E+01, 4.2667E+01,
13:47:07.38692739, 6.0000E+00, 1.0800E+01, 4.2800E+01,
13:47:07.38692744, 6.0667E+00, 1.0800E+01, 4.2667E+01,
13:47:07.38692749, 5.9667E+00, 1.1000E+01, 4.2667E+01,
13:47:07.38692754, 6.0667E+00, 1.0867E+01, 4.2800E+01,
13:47:07.38692759, 6.0333E+00, 1.0800E+01, 4.3067E+01,
13:47:07.38692764, 6.0333E+00, 1.0800E+01, 4.2667E+01,
13:47:07.38692769, 5.9667E+00, 1.0733E+01, 4.2800E+01,
13:47:07.38692774, 5.9667E+00, 1.0800E+01, 4.3067E+01,
13:47:07.38692779, 6.0333E+00, 1.0800E+01, 4.2800E+01,
13:47:07.38692784, 5.9667E+00, 1.0733E+01, 4.2667E+01,
13:47:07.38692789, 6.0667E+00, 1.0867E+01, 4.3067E+01,
13:47:07.38692794, 6.0000E+00, 1.0800E+01, 4.2667E+01,
13:47:07.38692799, 6.0333E+00, 1.0867E+01, 4.2533E+01,
13:47:07.38692804, 6.0000E+00, 1.0867E+01, 4.2533E+01,
13:47:07.38692809, 6.0333E+00, 1.0800E+01, 4.2800E+01,
13:47:07.38692814, 5.9667E+00, 1.0667E+01, 4.2800E+01,
13:47:07.38692819, 6.0667E+00, 1.0800E+01, 4.2667E+01,
13:47:07.38692824, 6.0000E+00, 1.0800E+01, 4.2533E+01,
13:47:07.38692829, 5.9667E+00, 1.1000E+01, 4.2667E+01,
13:47:07.38692834, 6.0333E+00, 1.0800E+01, 4.2667E+01,
13:47:07.38692839, 5.9667E+00, 1.0733E+01, 4.2933E+01,
13:47:07.38692844, 6.0000E+00, 1.0867E+01, 4.2667E+01,
13:47:07.38692849, 6.0333E+00, 1.0867E+01, 4.2800E+01,
13:47:07.38692854, 6.0000E+00, 1.0733E+01, 4.2667E+01,
13:47:07.38692859, 6.0000E+00, 1.0867E+01, 4.2533E+01,
13:47:07.38692864, 5.9333E+00, 1.0867E+01, 4.2667E+01,
13:47:07.38692869, 5.9333E+00, 1.0867E+01, 4.2933E+01,
13:47:07.38692874, 6.0333E+00, 1.0933E+01, 4.2667E+01,
13:47:07.38692879, 6.0000E+00, 1.0800E+01, 4.2667E+01,
13:47:07.38692884, 5.9667E+00, 1.0867E+01, 4.2933E+01,
13:47:07.38692889, 6.0333E+00, 1.0800E+01, 4.2800E+01,
13:47:07.38692894, 5.9333E+00, 1.0800E+01, 4.2667E+01,
13:47:07.38692899, 6.0333E+00, 1.0933E+01, 4.2267E+01,
13:47:07.38692904, 5.9667E+00, 1.0867E+01, 4.2667E+01,
13:47:07.38692909, 5.9667E+00, 1.0800E+01, 4.2933E+01,
13:47:07.38692914, 5.9667E+00, 1.0867E+01, 4.2800E+01,
13:47:07.38692919, 5.9333E+00, 1.0800E+01, 4.2800E+01,
13:47:07.38692924, 6.0667E+00, 1.0733E+01, 4.3067E+01,
13:47:07.38692929, 6.0333E+00, 1.0867E+01, 4.3067E+01,
13:47:07.38692934, 6.0000E+00, 1.0800E+01, 4.2800E+01,
13:47:07.38692939, 6.0667E+00, 1.0800E+01, 4.2667E+01,
13:47:07.38692944, 6.0000E+00, 1.0867E+01, 4.2267E+01,
13:47:07.38692949, 5.9333E+00, 1.0933E+01, 4.2133E+01,
13:47:07.38692954, 5.9667E+00, 1.0800E+01, 4.2667E+01,
13:47:07.38692959, 5.9333E+00, 1.0733E+01, 4.2800E+01,
13:47:07.38692964, 5.9000E+00, 1.0933E+01, 4.2800E+01,
13:47:07.38692969, 6.0667E+00, 1.0933E+01, 4.2667E+01,
13:47:07.38692974, 5.9333E+00, 1.0733E+01, 4.2933E+01,
13:47:07.38692979, 6.0333E+00, 1.0800E+01, 4.2800E+01,
13:47:07.38692984, 6.0000E+00, 1.0733E+01, 4.2533E+01,
13:47:07.38692989, 6.0000E+00, 1.0800E+01, 4.2667E+01,
13:47:07.38692994, 5.9333E+00, 1.0800E+01, 4.2667E+01,
13:47:07.38692999, 5.9667E+00, 1.0867E+01, 4.2400E+01,
13:47:07.38693004, 6.0000E+00, 1.0800E+01, 4.2533E+01,
13:47:07.38693009, 5.9667E+00, 1.0800E+01, 4.2667E+01,
13:47:07.38693014, 5.9667E+00, 1.0800E+01, 4.2667E+01,
13:47:07.38693019, 6.0333E+00, 1.0933E+01, 4.2667E+01,
13:47:07.38693024, 5.9333E+00, 1.0733E+01, 4.2933E+01,
13:47:07.38693029, 5.9667E+00, 1.0933E+01, 4.2933E+01,
13:47:07.38693034, 6.0333E+00, 1.0800E+01, 4.2800E+01,
13:47:07.38693039, 6.0667E+00, 1.0800E+01, 4.2800E+01,
13:47:07.38693044, 6.0000E+00, 1.0733E+01, 4.2533E+01,
13:47:07.38693049, 6.0000E+00, 1.0800E+01, 4.2800E+01,
13:47:07.38693054, 5.9667E+00, 1.0800E+01, 4.2933E+01,
13:47:07.38693059, 6.0333E+00, 1.0867E+01, 4.2800E+01,
13:47:07.38693064, 6.0000E+00, 1.0933E+01, 4.3067E+01,
13:47:07.38693069, 6.0000E+00, 1.0800E+01, 4.2800E+01,
13:47:07.38693074, 6.0667E+00, 1.0800E+01, 4.2667E+01,
13:47:07.38693079, 6.0000E+00, 1.0800E+01, 4.2800E+01,
13:47:07.38693084, 6.0333E+00, 1.0733E+01, 4.2667E+01,
13:47:07.38693089, 6.0000E+00, 1.0800E+01, 4.2400E+01,
13:47:07.38693094, 5.9667E+00, 1.0667E+01, 4.2667E+01,
13:47:07.38693099, 6.0000E+00, 1.0733E+01, 4.2533E+01,
13:47:07.38693104, 6.0667E+00, 1.0800E+01, 4.2533E+01,
13:47:07.38693109, 6.0000E+00, 1.0867E+01, 4.3067E+01,
13:47:07.38693114, 6.0000E+00, 1.0800E+01, 4.2800E+01,
13:47:07.38693119, 6.0000E+00, 1.0800E+01, 4.3067E+01,
13:47:07.38693124, 6.0333E+00, 1.0800E+01, 4.2667E+01,
13:47:07.38693129, 6.0333E+00, 1.0733E+01, 4.2933E+01,
13:47:07.38693134, 6.0000E+00, 1.0867E+01, 4.2667E+01,
13:47:07.38693139, 6.0000E+00, 1.0933E+01, 4.2800E+01,
13:47:07.38693144, 6.0000E+00, 1.0800E+01, 4.2400E+01,
13:47:07.38693149, 6.0000E+00, 1.0867E+01, 4.2933E+01,
13:47:07.38693154, 6.0000E+00, 1.0867E+01, 4.2800E+01,
13:47:07.38693159, 5.9333E+00, 1.0733E+01, 4.2667E+01,
13:47:07.38693164, 6.0333E+00, 1.0867E+01, 4.2667E+01,
13:47:07.38693169, 5.9667E+00, 1.0733E+01, 4.2933E+01,
13:47:07.38693174, 6.0333E+00, 1.0867E+01, 4.2800E+01,
13:47:07.38693179, 6.0333E+00, 1.0733E+01, 4.2400E+01,
13:47:07.38693184, 6.0000E+00, 1.0800E+01, 4.2667E+01,
13:47:07.38693189, 5.9333E+00, 1.0800E+01, 4.2667E+01,
13:47:07.38693194, 6.1000E+00, 1.1000E+01, 4.2533E+01,
13:47:07.38693199, 5.9667E+00, 1.0867E+01, 4.3067E+01,
13:47:07.38693204, 5.9667E+00, 1.0667E+01, 4.2933E+01,
13:47:07.38693209, 6.0333E+00, 1.0733E+01, 4.2267E+01,
13:47:07.38693214, 6.0000E+00, 1.0800E+01, 4.2933E+01,
13:47:07.38693219, 5.9667E+00, 1.0733E+01, 4.2667E+01,
13:47:07.38693224, 6.0333E+00, 1.0800E+01, 4.2667E+01,
13:47:07.38693229, 6.0333E+00, 1.0867E+01, 4.2667E+01,
13:47:07.38693234, 6.0333E+00, 1.1067E+01, 4.2533E+01,
13:47:07.38693239, 6.0000E+00, 1.0800E+01, 4.2667E+01,
13:47:07.38693244, 5.9667E+00, 1.0733E+01, 4.2667E+01,
13:47:07.38693249, 6.0000E+00, 1.0867E+01, 4.2667E+01,
13:47:07.38693254, 5.9667E+00, 1.0867E+01, 4.2667E+01,
13:47:07.38693259, 6.0000E+00, 1.0800E+01, 4.2800E+01,
13:47:07.38693264, 5.9667E+00, 1.0800E+01, 4.2800E+01,
13:47:07.38693269, 5.9667E+00, 1.0867E+01, 4.2800E+01,
13:47:07.38693274, 6.0333E+00, 1.0867E+01, 4.2533E+01,
13:47:07.38693279, 6.0333E+00, 1.0800E+01, 4.2800E+01,
13:47:07.38693284, 6.0000E+00, 1.0867E+01, 4.2533E+01,
13:47:07.38693289, 6.0333E+00, 1.0867E+01, 4.2667E+01,
13:47:07.38693294, 5.9667E+00, 1.0800E+01, 4.2667E+01,
13:47:07.38693299, 5.9333E+00, 1.0800E+01, 4.2933E+01,
13:47:07.38693304, 6.0000E+00, 1.1000E+01, 4.2667E+01,
13:47:07.38693309, 5.9667E+00, 1.0800E+01, 4.3067E+01,
13:47:07.38693314, 5.9667E+00, 1.0733E+01, 4.3067E+01,
13:47:07.38693319, 6.0333E+00, 1.1000E+01, 4.2667E+01,
13:47:07.38693324, 5.9333E+00, 1.0800E+01, 4.2800E+01,
13:47:07.38693329, 6.0000E+00, 1.0733E+01, 4.2667E+01,
13:47:07.38693334, 6.0333E+00, 1.0867E+01, 4.2800E+01,
13:47:07.38693339, 6.0333E+00, 1.0867E+01, 4.2533E+01,
13:47:07.38693344, 5.9333E+00, 1.0867E+01, 4.2933E+01,
13:47:07.38693349, 6.0000E+00, 1.0800E+01, 4.2933E+01,
13:47:07.38693354, 6.0333E+00, 1.0733E+01, 4.2667E+01,
13:47:07.38693359, 6.0000E+00, 1.0867E+01, 4.2800E+01,
13:47:07.38693364, 5.9667E+00, 1.0667E+01, 4.2933E+01,
13:47:07.38693369, 6.0333E+00, 1.0867E+01, 4.2533E+01,
13:47:07.38693374, 6.0667E+00, 1.0800E+01, 4.2800E+01,
13:47:07.38693379, 6.0000E+00, 1.0800E+01, 4.2533E+01,
13:47:07.38693384, 5.9667E+00, 1.0667E+01, 4.2800E+01,
13:47:07.38693389, 5.9667E+00, 1.1000E+01, 4.2933E+01,
13:47:07.38693394, 5.9333E+00, 1.0933E+01, 4.2400E+01,
13:47:07.38693399, 6.0667E+00, 1.0733E+01, 4.2800E+01,
13:47:07.38693404, 6.0000E+00, 1.0733E+01, 4.2533E+01,
13:47:07.38693409, 5.9333E+00, 1.0800E+01, 4.2933E+01,
13:47:07.38693414, 6.0667E+00, 1.0800E+01, 4.2800E+01,
13:47:07.38693419, 6.0000E+00, 1.0867E+01, 4.2667E+01,
13:47:07.38693424, 6.0000E+00, 1.0867E+01, 4.2533E+01,
13:47:07.38693429, 6.0000E+00, 1.0667E+01, 4.2667E+01,
13:47:07.38693434, 5.9667E+00, 1.0933E+01, 4.2533E+01,
13:47:07.38693439, 5.9333E+00, 1.0733E+01, 4.2667E+01,
13:47:07.38693444, 6.0333E+00, 1.0733E+01, 4.2533E+01,
13:47:07.38693449, 6.0333E+00, 1.0800E+01, 4.2400E+01,
13:47:07.38693454, 6.0333E+00, 1.0733E+01, 4.2800E+01,
13:47:07.38693459, 5.9667E+00, 1.1000E+01, 4.2800E+01,
13:47:07.38693464, 6.0333E+00, 1.0667E+01, 4.2533E+01,
13:47:07.38693469, 6.0333E+00, 1.0867E+01, 4.2400E+01,
13:47:07.38693474, 6.0000E+00, 1.1000E+01, 4.2667E+01,
13:47:07.38693479, 5.9667E+00, 1.0867E+01, 4.2667E+01,
13:47:07.38693484, 5.9333E+00, 1.0733E+01, 4.2533E+01,
13:47:07.38693489, 5.9667E+00, 1.0800E+01, 4.2533E+01,
13:47:07.38693494, 5.9667E+00, 1.0933E+01, 4.2533E+01,
13:47:07.38693499, 5.9333E+00, 1.0933E+01, 4.2533E+01,
13:47:07.38693504, 5.9667E+00, 1.0867E+01, 4.2933E+01,
13:47:07.38693509, 5.9667E+00, 1.0800E+01, 4.2933E+01,
13:47:07.38693514, 5.9333E+00, 1.0867E+01, 4.2667E+01,
13:47:07.38693519, 6.0000E+00, 1.0867E+01, 4.2533E+01,
13:47:07.38693524, 5.9333E+00, 1.0867E+01, 4.2933E+01,
13:47:07.38693529, 6.0000E+00, 1.0867E+01, 4.2533E+01,
13:47:07.38693534, 6.0333E+00, 1.0867E+01, 4.2800E+01,
13:47:07.38693539, 6.0000E+00, 1.0867E+01, 4.2667E+01,
13:47:07.38693544, 5.9667E+00, 1.0733E+01, 4.2533E+01,
13:47:07.38693549, 6.0000E+00, 1.0867E+01, 4.2800E+01,
13:47:07.38693554, 6.0000E+00, 1.0800E+01, 4.2933E+01,
13:47:07.38693559, 6.0000E+00, 1.0800E+01, 4.2800E+01,
13:47:07.38693564, 6.0000E+00, 1.1067E+01, 4.2933E+01,
13:47:07.38693569, 6.0000E+00, 1.0667E+01, 4.2400E+01,
13:47:07.38693574, 6.0000E+00, 1.0800E+01, 4.2533E+01,
13:47:07.38693579, 5.9333E+00, 1.0667E+01, 4.2933E+01,
13:47:07.38693584, 5.9667E+00, 1.0867E+01, 4.2400E+01,
13:47:07.38693589, 5.9667E+00, 1.0800E+01, 4.2667E+01,
13:47:07.38693594, 6.0000E+00, 1.0867E+01, 4.3067E+01,
13:47:07.38693599, 6.0667E+00, 1.0867E+01, 4.2667E+01,
13:47:07.38693604, 6.0333E+00, 1.0800E+01, 4.2800E+01,
13:47:07.38693609, 6.0000E+00, 1.0867E+01, 4.3067E+01,
13:47:07.38693614, 6.0000E+00, 1.0800E+01, 4.2667E+01,
13:47:07.38693619, 6.0333E+00, 1.0867E+01, 4.2667E+01,
13:47:07.38693624, 6.0000E+00, 1.0867E+01, 4.2800E+01,
13:47:07.38693629, 5.9667E+00, 1.0800E+01, 4.2667E+01,
13:47:07.38693634, 6.0000E+00, 1.0733E+01, 4.2800E+01,
13:47:07.38693639, 6.0000E+00, 1.0733E+01, 4.2533E+01,
13:47:07.38693644, 6.0333E+00, 1.0667E+01, 4.3067E+01,
13:47:07.38693649, 6.0000E+00, 1.1000E+01, 4.2933E+01,
13:47:07.38693654, 6.0333E+00, 1.0933E+01, 4.2800E+01,
13:47:07.38693659, 6.0333E+00, 1.0933E+01, 4.2800E+01,
13:47:07.38693664, 6.0333E+00, 1.1000E+01, 4.2267E+01,
13:47:07.38693669, 6.0000E+00, 1.0933E+01, 4.2800E+01,
13:47:07.38693674, 5.9667E+00, 1.0800E+01, 4.2667E+01,
13:47:07.38693679, 6.0333E+00, 1.0733E+01, 4.2533E+01,
13:47:07.38693684, 5.9667E+00, 1.0733E+01, 4.2667E+01,
13:47:07.38693689, 5.9667E+00, 1.0800E+01, 4.3067E+01,
13:47:07.38693694, 5.9667E+00, 1.0733E+01, 4.2933E+01,
13:47:07.38693699, 6.0333E+00, 1.0867E+01, 4.2800E+01,
13:47:07.38693704, 5.9667E+00, 1.0733E+01, 4.2667E+01,
13:47:07.38693709, 5.9667E+00, 1.0800E+01, 4.3067E+01,
13:47:07.38693714, 6.0333E+00, 1.0933E+01, 4.2667E+01,
13:47:07.38693719, 6.0000E+00, 1.0733E+01, 4.2800E+01,
13:47:07.38693724, 5.9333E+00, 1.0800E+01, 4.2800E+01,
13:47:07.38693729, 6.0333E+00, 1.0800E+01, 4.2400E+01,
13:47:07.38693734, 5.9333E+00, 1.0800E+01, 4.2933E+01,
13:47:07.38693739, 6.0000E+00, 1.0667E+01, 4.2800E+01,
13:47:07.38693744, 5.9667E+00, 1.0800E+01, 4.2800E+01,
13:47:07.38693749, 6.0667E+00, 1.0867E+01, 4.2667E+01,
13:47:07.38693754, 6.0333E+00, 1.0800E+01, 4.2933E+01,
13:47:07.38693759, 6.0667E+00, 1.0800E+01, 4.2533E+01,
13:47:07.38693764, 6.0000E+00, 1.0933E+01, 4.2800E+01,
13:47:07.38693769, 6.0000E+00, 1.0733E+01, 4.2667E+01,
13:47:07.38693774, 6.0000E+00, 1.0800E+01, 4.2933E+01,
13:47:07.38693779, 5.8667E+00, 1.0867E+01, 4.2533E+01,
13:47:07.38693784, 6.0000E+00, 1.0867E+01, 4.2267E+01,
13:47:07.38693789, 5.9000E+00, 1.0933E+01, 4.2533E+01,
13:47:07.38693794, 6.0333E+00, 1.0800E+01, 4.2667E+01,
13:47:07.38693799, 6.0333E+00, 1.0867E+01, 4.2800E+01,
13:47:07.38693804, 6.0333E+00, 1.0867E+01, 4.3067E+01,
13:47:07.38693809, 5.9667E+00, 1.0800E+01, 4.2800E+01,
13:47:07.38693814, 6.0333E+00, 1.0867E+01, 4.2800E+01,
13:47:07.38693819, 6.0000E+00, 1.0800E+01, 4.2667E+01,
13:47:07.38693824, 6.0000E+00, 1.0867E+01, 4.2533E+01,
13:47:07.38693829, 6.0000E+00, 1.0867E+01, 4.2400E+01,
13:47:07.38693834, 6.0000E+00, 1.0800E+01, 4.2667E+01,
13:47:07.38693839, 6.0000E+00, 1.0733E+01, 4.2667E+01,
13:47:07.38693844, 5.9667E+00, 1.0733E+01, 4.2933E+01,
13:47:07.38693849, 6.0000E+00, 1.0867E+01, 4.2400E+01,
13:47:07.38693854, 6.0333E+00, 1.0800E+01, 4.2800E+01,
13:47:07.38693859, 5.9333E+00, 1.0867E+01, 4.2800E+01,
13:47:07.38693864, 6.0000E+00, 1.0867E+01, 4.2667E+01,
13:47:07.38693869, 5.9667E+00, 1.0800E+01, 4.2800E+01,
13:47:07.38693874, 6.0000E+00, 1.0800E+01, 4.2800E+01,
13:47:07.38693879, 5.9667E+00, 1.0733E+01, 4.2667E+01,
13:47:07.38693884, 5.9667E+00, 1.0800E+01, 4.2933E+01,
13:47:07.38693889, 6.0667E+00, 1.0867E+01, 4.2800E+01,
13:47:07.38693894, 6.0333E+00, 1.0733E+01, 4.2800E+01,
13:47:07.38693899, 6.0333E+00, 1.0867E+01, 4.2933E+01,
13:47:07.38693904, 6.0667E+00, 1.0733E+01, 4.2800E+01,
13:47:07.38693909, 6.0000E+00, 1.0800E+01, 4.2933E+01,
13:47:07.38693914, 5.9000E+00, 1.0800E+01, 4.2400E+01,
13:47:07.38693919, 6.0667E+00, 1.0867E+01, 4.2667E+01,
13:47:07.38693924, 6.0000E+00, 1.0867E+01, 4.2667E+01,
13:47:07.38693929, 6.0000E+00, 1.0933E+01, 4.3067E+01,
13:47:07.38693934, 6.0000E+00, 1.0867E+01, 4.2800E+01,
13:47:07.38693939, 5.9667E+00, 1.0933E+01, 4.2667E+01,
13:47:07.38693944, 6.0333E+00, 1.0800E+01, 4.3067E+01,
13:47:07.38693949, 5.9667E+00, 1.1000E+01, 4.2933E+01,
13:47:07.38693954, 5.9000E+00, 1.0800E+01, 4.2800E+01,
13:47:07.38693959, 5.9667E+00, 1.0800E+01, 4.2400E+01,
13:47:07.38693964, 6.0333E+00, 1.0733E+01, 4.2533E+01,
13:47:07.38693969, 6.0333E+00, 1.0800E+01, 4.2400E+01,
13:47:07.38693974, 6.0000E+00, 1.0800E+01, 4.2800E+01,
13:47:07.38693979, 5.9333E+00, 1.0800E+01, 4.2667E+01,
13:47:07.38693984, 6.0000E+00, 1.0800E+01, 4.2933E+01,
13:47:07.38693989, 5.9667E+00, 1.0800E+01, 4.2933E+01,
13:47:07.38693994, 5.9667E+00, 1.0800E+01, 4.2933E+01,
13:47:07.38693999, 6.0000E+00, 1.0867E+01, 4.2933E+01,
13:47:07.38694004, 5.9667E+00, 1.0867E+01, 4.2667E+01,
13:47:07.38694009, 5.9667E+00, 1.0667E+01, 4.2800E+01,
13:47:07.38694014, 6.0000E+00, 1.0667E+01, 4.2667E+01,
13:47:07.38694019, 5.9667E+00, 1.0667E+01, 4.2533E+01,
13:47:07.38694024, 6.0000E+00, 1.0800E+01, 4.2933E+01,
13:47:07.38694029, 6.0667E+00, 1.0800E+01, 4.2933E+01,
13:47:07.38694034, 6.0333E+00, 1.0733E+01, 4.2933E+01,
13:47:07.38694039, 6.0000E+00, 1.0667E+01, 4.2800E+01,
13:47:07.38694044, 6.0000E+00, 1.0800E+01, 4.2933E+01,
13:47:07.38694049, 5.9667E+00, 1.0800E+01, 4.3067E+01,
13:47:07.38694054, 5.9667E+00, 1.0867E+01, 4.2933E+01,
13:47:07.38694059, 6.0333E+00, 1.1000E+01, 4.2667E+01,
13:47:07.38694064, 5.9667E+00, 1.0733E+01, 4.2667E+01,
13:47:07.38694069, 5.9667E+00, 1.0933E+01, 4.2533E+01,
13:47:07.38694074, 5.9667E+00, 1.0867E+01, 4.2933E+01,
13:47:07.38694079, 6.0000E+00, 1.0800E+01, 4.2800E+01,
13:47:07.38694084, 6.0000E+00, 1.0933E+01, 4.2667E+01,
13:47:07.38694089, 6.0000E+00, 1.0933E+01, 4.2667E+01,
13:47:07.38694094, 6.0000E+00, 1.0867E+01, 4.2933E+01,
13:47:07.38694099, 5.9667E+00, 1.0867E+01, 4.2933E+01,
13:47:07.38694104, 6.0000E+00, 1.0867E+01, 4.2533E+01,
13:47:07.38694109, 5.9667E+00, 1.0933E+01, 4.2800E+01,
13:47:07.38694114, 5.9333E+00, 1.0933E+01, 4.2800E+01,
13:47:07.38694119, 6.0667E+00, 1.0800E+01, 4.2533E+01,
13:47:07.38694124, 6.0000E+00, 1.0733E+01, 4.2667E+01,
13:47:07.38694129, 5.9667E+00, 1.0800E+01, 4.2533E+01,
13:47:07.38694134, 6.0000E+00, 1.0867E+01, 4.2533E+01,
13:47:07.38694139, 6.0000E+00, 1.0867E+01, 4.2667E+01,
13:47:07.38694144, 6.0000E+00, 1.0867E+01, 4.2933E+01,
13:47:07.38694149, 5.9667E+00, 1.0733E+01, 4.2933E+01,
13:47:07.38694154, 6.0000E+00, 1.0933E+01, 4.2533E+01,
13:47:07.38694159, 5.9667E+00, 1.0867E+01, 4.2533E+01,
13:47:07.38694164, 6.0000E+00, 1.0800E+01, 4.3067E+01,
13:47:07.38694169, 6.0000E+00, 1.1000E+01, 4.2800E+01,
13:47:07.38694174, 6.0333E+00, 1.0733E+01, 4.2533E+01,
13:47:07.38694179, 5.9333E+00, 1.0800E+01, 4.2800E+01,
13:47:07.38694184, 5.9333E+00, 1.0733E+01, 4.3067E+01,
13:47:07.38694189, 5.9667E+00, 1.0667E+01, 4.2533E+01,
13:47:07.38694194, 4.3667E+00, 1.2933E+01, 4.2800E+01,
13:47:07.38694199, 3.0333E+00, 1.5933E+01, 4.2933E+01,
13:47:07.38694204, 2.4333E+00, 1.3867E+01, 4.2800E+01,
13:47:07.38694209, 1.3667E+00, 1.3400E+01, 4.2400E+01,
13:47:07.38694214, 1.3000E+00, 1.3467E+01, 4.2000E+01,
13:47:07.38694219, 1.2667E+00, 1.3400E+01, 4.1467E+01,
13:47:07.38694224, 1.2333E+00, 1.3400E+01, 4.1067E+01,
13:47:07.38694229, 1.2333E+00, 1.3400E+01, 4.0800E+01,
13:47:07.38694234, 1.1000E+00, 1.3400E+01, 3.9600E+01,
13:47:07.38694239, 1.2000E+00, 1.3400E+01, 3.9067E+01,
13:47:07.38694244, 1.1667E+00, 1.3333E+01, 3.8400E+01,
13:47:07.38694249, 1.2000E+00, 1.3267E+01, 3.7467E+01,
13:47:07.38694254, 1.0667E+00, 1.3333E+01, 3.6533E+01,
13:47:07.38694259, 1.1333E+00, 1.3200E+01, 3.5867E+01,
13:47:07.38694264, 1.1000E+00, 1.3067E+01, 3.4933E+01,
13:47:07.38694269, 1.0667E+00, 1.3133E+01, 3.4800E+01,
13:47:07.38694274, 1.0667E+00, 1.3200E+01, 3.3867E+01,
13:47:07.38694279, 1.0333E+00, 1.3067E+01, 3.2933E+01,
13:47:07.38694284, 1.0667E+00, 1.3067E+01, 3.2133E+01,
13:47:07.38694289, 1.0667E+00, 1.3133E+01, 3.1467E+01,
13:47:07.38694294, 1.1000E+00, 1.3133E+01, 3.0800E+01,
13:47:07.38694299, 9.6667E-01, 1.3067E+01, 3.0133E+01,
13:47:07.38694304, 9.6667E-01, 1.3067E+01, 2.9333E+01,
13:47:07.38694309, 1.0000E+00, 1.3000E+01, 2.8933E+01,
13:47:07.38694314, 9.6667E-01, 1.3000E+01, 2.8000E+01,
13:47:07.38694319, 1.0000E+00, 1.2933E+01, 2.7600E+01,
13:47:07.38694324, 9.3333E-01, 1.3133E+01, 2.6933E+01,
13:47:07.38694329, 9.6667E-01, 1.3000E+01, 2.6000E+01,
13:47:07.38694334, 9.6667E-01, 1.3133E+01, 2.5600E+01,
13:47:07.38694339, 1.0000E+00, 1.2867E+01, 2.5333E+01,
13:47:07.38694344, 9.3333E-01, 1.2933E+01, 2.4533E+01,
13:47:07.38694349, 9.3333E-01, 1.3067E+01, 2.3600E+01,
13:47:07.38694354, 9.3333E-01, 1.2933E+01, 2.2800E+01,
13:47:07.38694359, 9.0000E-01, 1.2867E+01, 2.2533E+01,
13:47:07.38694364, 9.3333E-01, 1.2933E+01, 2.2000E+01,
13:47:07.38694369, 9.0000E-01, 1.2867E+01, 2.1467E+01,
13:47:07.38694374, 9.0000E-01, 1.2667E+01, 2.0667E+01,
13:47:07.38694379, 9.3333E-01, 1.2800E+01, 2.0267E+01,
13:47:07.38694384, 8.3333E-01, 1.2867E+01, 1.9733E+01,
13:47:07.38694389, 8.0000E-01, 1.2733E+01, 1.9600E+01,
13:47:07.38694394, 8.0000E-01, 1.2733E+01, 1.8800E+01,
13:47:07.38694399, 8.0000E-01, 1.2733E+01, 1.8133E+01,
13:47:07.38694404, 8.6667E-01, 1.2800E+01, 1.7600E+01,
13:47:07.38694409, 8.0000E-01, 1.2667E+01, 1.7333E+01,
13:47:07.38694414, 8.0000E-01, 1.2733E+01, 1.6667E+01,
13:47:07.38694419, 7.6667E-01, 1.2733E+01, 1.6400E+01,
13:47:07.38694424, 7.0000E-01, 1.2733E+01, 1.5733E+01,
13:47:07.38694429, 7.6667E-01, 1.2733E+01, 1.5467E+01,
13:47:07.38694434, 6.6667E-01, 1.2533E+01, 1.5333E+01,
13:47:07.38694439, 8.0000E-01, 1.2600E+01, 1.4400E+01,
13:47:07.38694444, 6.6667E-01, 1.2600E+01, 1.4133E+01,
13:47:07.38694449, 7.0000E-01, 1.2467E+01, 1.3600E+01,
13:47:07.38694454, 7.6667E-01, 1.2533E+01, 1.2933E+01,
13:47:07.38694459, 6.6667E-01, 1.2667E+01, 1.2800E+01,
13:47:07.38694464, 6.6667E-01, 1.2533E+01, 1.2400E+01,
13:47:07.38694469, 7.6667E-01, 1.2533E+01, 1.1867E+01,
13:47:07.38694474, 7.0000E-01, 1.2533E+01, 1.1200E+01,
13:47:07.38694479, 7.0000E-01, 1.2467E+01, 1.1200E+01,
13:47:07.38694484, 6.6667E-01, 1.2600E+01, 1.0533E+01,
13:47:07.38694489, 7.0000E-01, 1.2533E+01, 1.0133E+01,
13:47:07.38694494, 6.3333E-01, 1.2333E+01, 9.7333E+00,
13:47:07.38694499, 6.6667E-01, 1.2467E+01, 9.3333E+00,
13:47:07.38694504, 6.6667E-01, 1.2467E+01, 8.9333E+00,
13:47:07.38694509, 6.3333E-01, 1.2467E+01, 8.8000E+00,
13:47:07.38694514, 6.6667E-01, 1.2467E+01, 8.1333E+00,
13:47:07.38694519, 6.6667E-01, 1.2267E+01, 8.1333E+00,
13:47:07.38694524, 6.3333E-01, 1.2333E+01, 7.6000E+00,
13:47:07.38694529, 6.6667E-01, 1.2267E+01, 7.3333E+00,
13:47:07.38694534, 6.0000E-01, 1.2267E+01, 7.0667E+00,
13:47:07.38694539, 6.3333E-01, 1.2133E+01, 6.2667E+00,
13:47:07.38694544, 6.0000E-01, 1.2400E+01, 6.0000E+00,
13:47:07.38694549, 5.6667E-01, 1.2333E+01, 5.4667E+00,
13:47:07.38694554, 5.6667E-01, 1.2333E+01, 5.0667E+00,
13:47:07.38694559, 6.3333E-01, 1.2400E+01, 4.8000E+00,
13:47:07.38694564, 6.3333E-01, 1.2267E+01, 4.5333E+00,
13:47:07.38694569, 5.6667E-01, 1.2200E+01, 4.0000E+00,
13:47:07.38694574, 6.0000E-01, 1.2000E+01, 3.6000E+00,
13:47:07.38694579, 5.6667E-01, 1.2200E+01, 3.4667E+00,
13:47:07.38694584, 5.6667E-01, 1.2133E+01, 3.2000E+00,
13:47:07.38694589, 5.6667E-01, 1.2133E+01, 3.2000E+00,
13:47:07.38694594, 6.0000E-01, 1.2200E+01, 2.5333E+00,
13:47:07.38694599, 5.3333E-01, 1.2133E+01, 2.0000E+00,
13:47:07.38694604, 5.6667E-01, 1.2200E+01, 2.0000E+00,
13:47:07.38694609, 6.3333E-01, 1.2200E+01, 2.0000E+00,
13:47:07.38694614, 5.6667E-01, 1.2133E+01, 1.7333E+00,
13:47:07.38694619, 5.3333E-01, 1.2067E+01, 1.0667E+00,
13:47:07.38694624, 5.6667E-01, 1.2000E+01, 9.3333E-01,
13:47:07.38694629, 5.6667E-01, 1.2000E+01, 8.0000E-01,
13:47:07.38694634, 5.3333E-01, 1.2067E+01, 6.6667E-01,
13:47:07.38694639, 5.0000E-01, 1.2200E+01, 1.3333E-01,
13:47:07.38694644, 5.3333E-01, 1.2000E+01,-1.3333E-01,
13:47:07.38694649, 5.0000E-01, 1.1933E+01,-1.3333E-01,
13:47:07.38694654, 4.6667E-01, 1.2133E+01,-5.3333E-01,
13:47:07.38694659, 5.6667E-01, 1.2000E+01,-9.3333E-01,
13:47:07.38694664, 5.3333E-01, 1.1933E+01,-9.3333E-01,
13:47:07.38694669, 5.6667E-01, 1.1800E+01,-1.3333E+00,
13:47:07.38694674, 5.3333E-01, 1.1800E+01,-1.6000E+00,
13:47:07.38694679, 5.3333E-01, 1.2000E+01,-1.7333E+00,
13:47:07.38694684, 5.3333E-01, 1.1933E+01,-2.0000E+00,
13:47:07.38694689, 4.0000E-01, 1.1867E+01,-2.1333E+00,
13:47:07.38694694, 5.0000E-01, 1.1867E+01,-2.2667E+00,
13:47:07.38694699, 4.6667E-01, 1.1733E+01,-2.4000E+00,
13:47:07.38694704, 5.6667E-01, 1.1667E+01,-2.9333E+00,
13:47:07.38694709, 4.0000E-01, 1.1667E+01,-2.9333E+00,
13:47:07.38694714, 5.0000E-01, 1.1867E+01,-3.3333E+00,
13:47:07.38694719, 5.3333E-01, 1.1600E+01,-3.2000E+00,
13:47:07.38694724, 4.3333E-01, 1.1733E+01,-3.4667E+00,
13:47:07.38694729, 4.6667E-01, 1.1667E+01,-3.6000E+00,
13:47:07.38694734, 4.3333E-01, 1.1667E+01,-3.8667E+00,
13:47:07.38694739, 5.3333E-01, 1.1733E+01,-4.0000E+00,
13:47:07.38694744, 4.0000E-01, 1.1600E+01,-4.1333E+00,
13:47:07.38694749, 4.6667E-01, 1.1667E+01,-4.2667E+00,
13:47:07.38694754, 4.3333E-01, 1.1733E+01,-4.2667E+00,
13:47:07.38694759, 4.3333E-01, 1.1667E+01,-4.5333E+00,
13:47:07.38694764, 4.6667E-01, 1.1467E+01,-4.9333E+00,
13:47:07.38694769, 4.0000E-01, 1.1533E+01,-4.8000E+00,
13:47:07.38694774, 4.3333E-01, 1.1533E+01,-4.9333E+00,
13:47:07.38694779, 4.6667E-01, 1.1533E+01,-4.9333E+00,
13:47:07.38694784, 4.6667E-01, 1.1733E+01,-4.9333E+00,
13:47:07.38694789, 4.0000E-01, 1.1667E+01,-5.4667E+00,
13:47:07.38694794, 4.3333E-01, 1.1400E+01,-5.0667E+00,
13:47:07.38694799, 4.0000E-01, 1.1333E+01,-5.3333E+00,
13:47:07.38694804, 4.6667E-01, 1.1533E+01,-5.7333E+00,
13:47:07.38694809, 4.0000E-01, 1.1400E+01,-5.7333E+00,
13:47:07.38694814, 5.0000E-01, 1.1400E+01,-5.4667E+00,
13:47:07.38694819, 4.0000E-01, 1.1400E+01,-6.0000E+00,
13:47:07.38694824, 4.6667E-01, 1.1467E+01,-6.1333E+00,
13:47:07.38694829, 3.6667E-01, 1.1333E+01,-5.7333E+00,
13:47:07.38694834, 4.0000E-01, 1.1400E+01,-6.1333E+00,
13:47:07.38694839, 4.6667E-01, 1.1400E+01,-6.1333E+00,
13:47:07.38694844, 3.6667E-01, 1.1400E+01,-6.1333E+00,
13:47:07.38694849, 4.3333E-01, 1.1333E+01,-6.5333E+00,
13:47:07.38694854, 4.6667E-01, 1.1333E+01,-6.4000E+00,
13:47:07.38694859, 4.6667E-01, 1.1267E+01,-6.5333E+00,
13:47:07.38694864, 3.6667E-01, 1.1400E+01,-6.4000E+00,
13:47:07.38694869, 4.0000E-01, 1.1333E+01,-6.4000E+00,
13:47:07.38694874, 3.3333E-01, 1.1267E+01,-6.8000E+00,
13:47:07.38694879, 4.0000E-01, 1.1200E+01,-6.4000E+00,
13:47:07.38694884, 3.6667E-01, 1.1333E+01,-6.5333E+00,
13:47:07.38694889, 4.3333E-01, 1.1333E+01,-7.0667E+00,
13:47:07.38694894, 3.6667E-01, 1.1267E+01,-6.9333E+00,
13:47:07.38694899, 3.6667E-01, 1.1200E+01,-6.9333E+00,
13:47:07.38694904, 4.3333E-01, 1.1333E+01,-6.9333E+00,
13:47:07.38694909, 3.3333E-01, 1.1133E+01,-6.9333E+00,
13:47:07.38694914, 3.3333E-01, 1.1133E+01,-6.6667E+00,
13:47:07.38694919, 4.0000E-01, 1.1333E+01,-6.6667E+00,
13:47:07.38694924, 3.3333E-01, 1.1200E+01,-6.6667E+00,
13:47:07.38694929, 4.0000E-01, 1.1200E+01,-7.0667E+00,
13:47:07.38694934, 3.6667E-01, 1.1133E+01,-7.2000E+00,
13:47:07.38694939, 4.0000E-01, 1.1133E+01,-7.0667E+00,
13:47:07.38694944, 4.3333E-01, 1.1133E+01,-7.0667E+00,
13:47:07.38694949, 3.3333E-01, 1.1067E+01,-7.3333E+00,
13:47:07.38694954, 4.3333E-01, 1.1133E+01,-6.9333E+00,
13:47:07.38694959, 4.0000E-01, 1.1000E+01,-6.8000E+00,
13:47:07.38694964, 3.3333E-01, 1.1000E+01,-6.8000E+00,
13:47:07.38694969, 3.0000E-01, 1.1067E+01,-6.5333E+00,
13:47:07.38694974, 2.6667E-01, 1.1267E+01,-7.0667E+00,
13:47:07.38694979, 3.0000E-01, 1.1067E+01,-6.6667E+00,
13:47:07.38694984, 3.6667E-01, 1.1067E+01,-7.0667E+00,
13:47:07.38694989, 3.6667E-01, 1.1133E+01,-6.8000E+00,
13:47:07.38694994, 3.3333E-01, 1.1000E+01,-6.6667E+00,
13:47:07.38694999, 3.0000E-01, 1.0933E+01,-6.8000E+00,
13:47:07.38695004, 3.6667E-01, 1.1133E+01,-6.9333E+00,
13:47:07.38695009, 3.3333E-01, 1.0933E+01,-6.8000E+00,
13:47:07.38695014, 3.0000E-01, 1.1067E+01,-6.6667E+00,
13:47:07.38695019, 3.3333E-01, 1.1200E+01,-7.0667E+00,
13:47:07.38695024, 2.3333E-01, 1.1000E+01,-6.5333E+00,
13:47:07.38695029, 3.3333E-01, 1.0933E+01,-6.8000E+00,
13:47:07.38695034, 2.6667E-01, 1.1000E+01,-6.6667E+00,
13:47:07.38695039, 3.0000E-01, 1.1000E+01,-6.8000E+00,
13:47:07.38695044, 4.0000E-01, 1.0933E+01,-6.8000E+00,
13:47:07.38695049, 3.3333E-01, 1.1200E+01,-6.6667E+00,
13:47:07.38695054, 3.3333E-01, 1.1000E+01,-6.2667E+00,
13:47:07.38695059, 2.3333E-01, 1.0800E+01,-6.5333E+00,
13:47:07.38695064, 3.3333E-01, 1.0933E+01,-6.4000E+00,
13:47:07.38695069, 3.6667E-01, 1.0867E+01,-6.2667E+00,
13:47:07.38695074, 3.0000E-01, 1.1000E+01,-6.1333E+00,
13:47:07.38695079, 3.3333E-01, 1.0867E+01,-6.5333E+00,
13:47:07.38695084, 2.3333E-01, 1.1000E+01,-6.1333E+00,
13:47:07.38695089, 3.6667E-01, 1.0867E+01,-6.4000E+00,
13:47:07.38695094, 2.6667E-01, 1.0933E+01,-6.1333E+00,
13:47:07.38695099, 3.0000E-01, 1.0933E+01,-6.2667E+00,
13:47:07.38695104, 3.0000E-01, 1.1067E+01,-6.0000E+00,
13:47:07.38695109, 3.0000E-01, 1.0867E+01,-6.0000E+00,
13:47:07.38695114, 2.6667E-01, 1.0867E+01,-6.0000E+00,
13:47:07.38695119, 2.3333E-01, 1.0867E+01,-5.6000E+00,
13:47:07.38695124, 3.6667E-01, 1.0867E+01,-5.8667E+00,
13:47:07.38695129, 2.6667E-01, 1.0867E+01,-5.8667E+00,
13:47:07.38695134, 2.6667E-01, 1.0933E+01,-5.7333E+00,
13:47:07.38695139, 3.3333E-01, 1.0867E+01,-5.7333E+00,
13:47:07.38695144, 3.6667E-01, 1.0933E+01,-5.6000E+00,
13:47:07.38695149, 2.6667E-01, 1.1000E+01,-5.4667E+00,
13:47:07.38695154, 2.0000E-01, 1.0867E+01,-5.0667E+00,
13:47:07.38695159, 3.0000E-01, 1.0800E+01,-4.9333E+00,
13:47:07.38695164, 2.6667E-01, 1.1000E+01,-5.0667E+00,
13:47:07.38695169, 3.3333E-01, 1.0800E+01,-4.9333E+00,
13:47:07.38695174, 2.3333E-01, 1.0933E+01,-4.9333E+00,
13:47:07.38695179, 2.6667E-01, 1.0933E+01,-5.0667E+00,
13:47:07.38695184, 2.6667E-01, 1.0867E+01,-4.9333E+00,
13:47:07.38695189, 3.6667E-01, 1.0867E+01,-5.0667E+00,
13:47:07.38695194, 3.0000E-01, 1.0933E+01,-4.9333E+00,
13:47:07.38695199, 2.6667E-01, 1.0867E+01,-4.5333E+00,
13:47:07.38695204, 3.0000E-01, 1.0933E+01,-4.4000E+00,
13:47:07.38695209, 3.0000E-01, 1.0733E+01,-4.5333E+00,
13:47:07.38695214, 2.3333E-01, 1.0800E+01,-4.6667E+00,
13:47:07.38695219, 2.3333E-01, 1.0733E+01,-4.2667E+00,
13:47:07.38695224, 2.6667E-01, 1.0867E+01,-4.4000E+00,
13:47:07.38695229, 3.3333E-01, 1.0933E+01,-4.1333E+00,
13:47:07.38695234, 3.0000E-01, 1.0800E+01,-4.1333E+00,
13:47:07.38695239, 3.0000E-01, 1.0800E+01,-3.8667E+00,
13:47:07.38695244, 2.6667E-01, 1.0800E+01,-3.6000E+00,
13:47:07.38695249, 2.3333E-01, 1.0733E+01,-3.8667E+00,
13:47:07.38695254, 2.6667E-01, 1.0733E+01,-3.6000E+00,
13:47:07.38695259, 3.0000E-01, 1.0867E+01,-3.4667E+00,
13:47:07.38695264, 2.3333E-01, 1.0733E+01,-3.3333E+00,
13:47:07.38695269, 2.3333E-01, 1.0867E+01,-3.3333E+00,
13:47:07.38695274, 3.0000E-01, 1.0667E+01,-3.2000E+00,
13:47:07.38695279, 2.0000E-01, 1.0800E+01,-3.4667E+00,
13:47:07.38695284, 3.0000E-01, 1.0800E+01,-3.7333E+00,
13:47:07.38695289, 2.6667E-01, 1.0867E+01,-3.2000E+00,
13:47:07.38695294, 2.6667E-01, 1.0733E+01,-3.2000E+00,
13:47:07.38695299, 2.6667E-01, 1.0867E+01,-2.8000E+00,
13:47:07.38695304, 2.0000E-01, 1.0667E+01,-2.8000E+00,
13:47:07.38695309, 2.3333E-01, 1.0933E+01,-2.6667E+00,
13:47:07.38695314, 2.0000E-01, 1.0733E+01,-2.4000E+00,
13:47:07.38695319, 2.3333E-01, 1.0867E+01,-2.4000E+00,
13:47:07.38695324, 2.6667E-01, 1.0800E+01,-2.9333E+00,
13:47:07.38695329, 2.3333E-01, 1.0800E+01,-2.2667E+00,
13:47:07.38695334, 2.6667E-01, 1.0667E+01,-2.4000E+00,
13:47:07.38695339, 2.6667E-01, 1.0667E+01,-2.4000E+00,
13:47:07.38695344, 2.6667E-01, 1.0867E+01,-2.2667E+00,
13:47:07.38695349, 2.6667E-01, 1.0867E+01,-2.0000E+00,
13:47:07.38695354, 2.6667E-01, 1.0733E+01,-2.1333E+00,
13:47:07.38695359, 2.3333E-01, 1.0800E+01,-1.7333E+00,
13:47:07.38695364, 2.0000E-01, 1.0733E+01,-1.8667E+00,
13:47:07.38695369, 3.6667E-01, 1.0933E+01,-2.2667E+00,
13:47:07.38695374, 2.3333E-01, 1.0800E+01,-1.6000E+00,
13:47:07.38695379, 2.3333E-01, 1.0733E+01,-1.8667E+00,
13:47:07.38695384, 2.6667E-01, 1.0733E+01,-1.7333E+00,
13:47:07.38695389, 2.6667E-01, 1.0867E+01,-1.7333E+00,
13:47:07.38695394, 2.3333E-01, 1.0733E+01,-1.0667E+00,
13:47:07.38695399, 2.0000E-01, 1.0800E+01,-1.7333E+00,
13:47:07.38695404, 2.6667E-01, 1.0800E+01,-1.0667E+00,
13:47:07.38695409, 2.3333E-01, 1.0800E+01,-1.2000E+00,
13:47:07.38695414, 3.0000E-01, 1.0800E+01,-9.3333E-01,
13:47:07.38695419, 3.0000E-01, 1.0667E+01,-9.3333E-01,
13:47:07.38695424, 2.6667E-01, 1.0933E+01,-1.0667E+00,
13:47:07.38695429, 2.3333E-01, 1.0800E+01,-8.0000E-01,
13:47:07.38695434, 2.6667E-01, 1.0733E+01,-6.6667E-01,
13:47:07.38695439, 3.3333E-01, 1.0733E+01,-6.6667E-01,
13:47:07.38695444, 2.3333E-01, 1.0867E+01,-8.0000E-01,
13:47:07.38695449, 2.3333E-01, 1.0867E+01,-4.0000E-01,
13:47:07.38695454, 2.6667E-01, 1.0667E+01,-4.0000E-01,
13:47:07.38695459, 2.0000E-01, 1.0733E+01, 0.0000E+00,
13:47:07.38695464, 2.6667E-01, 1.0733E+01, 0.0000E+00,
13:47:07.38695469, 2.0000E-01, 1.0800E+01,-1.3333E-01,
13:47:07.38695474, 3.0000E-01, 1.0667E+01,-2.6667E-01,
13:47:07.38695479, 2.0000E-01, 1.0933E+01, 1.3333E-01,
13:47:07.38695484, 2.6667E-01, 1.0867E+01, 1.3333E-01,
13:47:07.38695489, 2.6667E-01, 1.0800E+01, 1.3333E-01,
13:47:07.38695494, 3.3333E-01, 1.0667E+01, 1.3333E-01,
13:47:07.38695499, 2.0000E-01, 1.0800E+01, 5.3333E-01,
13:47:07.38695504, 2.6667E-01, 1.0867E+01, 4.0000E-01,
13:47:07.38695509, 2.6667E-01, 1.0800E+01, 6.6667E-01,
13:47:07.38695514, 2.6667E-01, 1.0733E+01, 6.6667E-01,
13:47:07.38695519, 2.6667E-01, 1.0667E+01, 2.6667E-01,
13:47:07.38695524, 2.3333E-01, 1.0867E+01, 6.6667E-01,
13:47:07.38695529, 2.3333E-01, 1.0800E+01, 4.0000E-01,
13:47:07.38695534, 2.6667E-01, 1.0800E+01, 8.0000E-01,
13:47:07.38695539, 2.6667E-01, 1.0733E+01, 6.6667E-01,
13:47:07.38695544, 2.6667E-01, 1.0800E+01, 9.3333E-01,
13:47:07.38695549, 3.0000E-01, 1.0867E+01, 9.3333E-01,
13:47:07.38695554, 2.3333E-01, 1.0933E+01, 9.3333E-01,
13:47:07.38695559, 2.6667E-01, 1.0933E+01, 8.0000E-01,
13:47:07.38695564, 2.3333E-01, 1.1000E+01, 1.0667E+00,
13:47:07.38695569, 2.6667E-01, 1.0867E+01, 1.3333E+00,
13:47:07.38695574, 3.3333E-01, 1.0867E+01, 1.3333E+00,
13:47:07.38695579, 2.0000E-01, 1.0933E+01, 1.2000E+00,
13:47:07.38695584, 2.0000E-01, 1.0933E+01, 1.4667E+00,
13:47:07.38695589, 2.6667E-01, 1.1067E+01, 1.3333E+00,
13:47:07.38695594, 2.0000E-01, 1.1000E+01, 1.6000E+00,
13:47:07.38695599, 2.6667E-01, 1.0867E+01, 1.3333E+00,
13:47:07.38695604, 2.3333E-01, 1.0867E+01, 1.6000E+00,
13:47:07.38695609, 1.3333E-01, 1.0867E+01, 1.8667E+00,
13:47:07.38695614, 3.3333E-01, 1.0867E+01, 2.0000E+00,
13:47:07.38695619, 2.6667E-01, 1.0933E+01, 1.7333E+00,
13:47:07.38695624, 2.6667E-01, 1.0867E+01, 1.8667E+00,
13:47:07.38695629, 2.6667E-01, 1.0933E+01, 1.6000E+00,
13:47:07.38695634, 2.6667E-01, 1.1000E+01, 2.0000E+00,
13:47:07.38695639, 3.0000E-01, 1.0933E+01, 2.0000E+00,
13:47:07.38695644, 2.0000E-01, 1.0867E+01, 2.1333E+00,
13:47:07.38695649, 3.0000E-01, 1.0867E+01, 2.2667E+00,
13:47:07.38695654, 2.6667E-01, 1.0933E+01, 2.1333E+00,
13:47:07.38695659, 3.0000E-01, 1.1067E+01, 2.1333E+00,
13:47:07.38695664, 2.6667E-01, 1.0800E+01, 2.1333E+00,
13:47:07.38695669, 2.6667E-01, 1.1067E+01, 2.2667E+00,
13:47:07.38695674, 2.3333E-01, 1.0933E+01, 2.2667E+00,
13:47:07.38695679, 2.3333E-01, 1.0800E+01, 2.4000E+00,
13:47:07.38695684, 2.3333E-01, 1.1000E+01, 2.4000E+00,
13:47:07.38695689, 2.0000E-01, 1.1000E+01, 2.1333E+00,
13:47:07.38695694, 2.0000E-01, 1.1000E+01, 2.8000E+00,
13:47:07.38695699, 3.0000E-01, 1.0933E+01, 2.4000E+00,
13:47:07.38695704, 2.0000E-01, 1.0933E+01, 2.8000E+00,
13:47:07.38695709, 3.0000E-01, 1.0800E+01, 2.5333E+00,
13:47:07.38695714, 3.0000E-01, 1.1133E+01, 2.6667E+00,
13:47:07.38695719, 3.0000E-01, 1.0933E+01, 2.8000E+00,
13:47:07.38695724, 2.3333E-01, 1.0933E+01, 2.8000E+00,
13:47:07.38695729, 2.3333E-01, 1.0933E+01, 2.6667E+00,
13:47:07.38695734, 2.0000E-01, 1.0933E+01, 2.2667E+00,
13:47:07.38695739, 3.0000E-01, 1.0933E+01, 2.6667E+00,
13:47:07.38695744, 2.0000E-01, 1.1067E+01, 2.9333E+00,
13:47:07.38695749, 2.0000E-01, 1.0933E+01, 2.8000E+00,
13:47:07.38695754, 2.3333E-01, 1.1000E+01, 2.9333E+00,
13:47:07.38695759, 3.0000E-01, 1.0933E+01, 2.9333E+00,
13:47:07.38695764, 2.6667E-01, 1.1067E+01, 2.2667E+00,
13:47:07.38695769, 2.3333E-01, 1.1000E+01, 2.6667E+00,
13:47:07.38695774, 2.6667E-01, 1.1067E+01, 2.9333E+00,
13:47:07.38695779, 2.6667E-01, 1.1000E+01, 2.6667E+00,
13:47:07.38695784, 2.0000E-01, 1.1000E+01, 3.2000E+00,
13:47:07.38695789, 2.6667E-01, 1.0933E+01, 3.0667E+00,
13:47:07.38695794, 2.0000E-01, 1.1067E+01, 3.2000E+00,
13:47:07.38695799, 2.6667E-01, 1.1000E+01, 3.0667E+00,
13:47:07.38695804, 3.0000E-01, 1.1133E+01, 3.3333E+00,
13:47:07.38695809, 2.0000E-01, 1.1000E+01, 3.2000E+00,
13:47:07.38695814, 2.0000E-01, 1.1000E+01, 3.3333E+00,
13:47:07.38695819, 3.0000E-01, 1.1067E+01, 3.0667E+00,
13:47:07.38695824, 2.0000E-01, 1.1000E+01, 3.3333E+00,
13:47:07.38695829, 2.6667E-01, 1.1000E+01, 3.2000E+00,
13:47:07.38695834, 2.0000E-01, 1.1000E+01, 3.0667E+00,
13:47:07.38695839, 2.6667E-01, 1.1067E+01, 2.9333E+00,
13:47:07.38695844, 2.3333E-01, 1.0933E+01, 3.0667E+00,
13:47:07.38695849, 2.6667E-01, 1.0933E+01, 2.8000E+00,
13:47:07.38695854, 2.3333E-01, 1.1067E+01, 3.2000E+00,
13:47:07.38695859, 2.6667E-01, 1.1133E+01, 3.4667E+00,
13:47:07.38695864, 2.3333E-01, 1.1067E+01, 2.9333E+00,
13:47:07.38695869, 2.0000E-01, 1.1000E+01, 3.2000E+00,
13:47:07.38695874, 3.0000E-01, 1.1200E+01, 3.0667E+00,
13:47:07.38695879, 2.6667E-01, 1.1067E+01, 3.4667E+00,
13:47:07.38695884, 2.6667E-01, 1.1133E+01, 3.2000E+00,
13:47:07.38695889, 2.3333E-01, 1.1000E+01, 3.4667E+00,
13:47:07.38695894, 3.0000E-01, 1.1133E+01, 3.4667E+00,
13:47:07.38695899, 2.6667E-01, 1.1067E+01, 3.4667E+00,
13:47:07.38695904, 2.0000E-01, 1.1000E+01, 3.3333E+00,
13:47:07.38695909, 3.0000E-01, 1.1067E+01, 3.4667E+00,
13:47:07.38695914, 3.0000E-01, 1.1067E+01, 3.4667E+00,
13:47:07.38695919, 2.6667E-01, 1.1133E+01, 3.3333E+00,
13:47:07.38695924, 2.6667E-01, 1.1200E+01, 3.3333E+00,
13:47:07.38695929, 2.6667E-01, 1.0933E+01, 3.4667E+00,
13:47:07.38695934, 2.3333E-01, 1.1000E+01, 3.4667E+00,
13:47:07.38695939, 2.3333E-01, 1.1133E+01, 3.7333E+00,
13:47:07.38695944, 2.6667E-01, 1.0867E+01, 3.7333E+00,
13:47:07.38695949, 2.3333E-01, 1.1133E+01, 3.2000E+00,
13:47:07.38695954, 2.3333E-01, 1.1133E+01, 3.4667E+00,
13:47:07.38695959, 2.3333E-01, 1.1000E+01, 3.3333E+00,
13:47:07.38695964, 2.0000E-01, 1.1067E+01, 3.3333E+00,
13:47:07.38695969, 2.6667E-01, 1.0933E+01, 3.3333E+00,
13:47:07.38695974, 2.0000E-01, 1.1133E+01, 3.3333E+00,
13:47:07.38695979, 2.6667E-01, 1.1067E+01, 3.4667E+00,
13:47:07.38695984, 2.0000E-01, 1.1000E+01, 3.4667E+00,
13:47:07.38695989, 2.3333E-01, 1.1067E+01, 3.4667E+00,
13:47:07.38695994, 2.3333E-01, 1.1200E+01, 3.4667E+00,
13:47:07.38695999, 2.6667E-01, 1.1267E+01, 3.6000E+00,
13:47:07.38696004, 3.0000E-01, 1.1067E+01, 3.4667E+00,
13:47:07.38696009, 2.0000E-01, 1.1267E+01, 3.2000E+00,
13:47:07.38696014, 2.6667E-01, 1.1133E+01, 3.0667E+00,
13:47:07.38696019, 2.3333E-01, 1.1000E+01, 3.4667E+00,
13:47:07.38696024, 2.3333E-01, 1.1067E+01, 3.4667E+00,
13:47:07.38696029, 2.6667E-01, 1.0933E+01, 3.4667E+00,
13:47:07.38696034, 2.0000E-01, 1.1067E+01, 3.3333E+00,
13:47:07.38696039, 3.3333E-01, 1.1200E+01, 3.2000E+00,
13:47:07.38696044, 3.0000E-01, 1.1267E+01, 3.2000E+00,
13:47:07.38696049, 2.3333E-01, 1.1067E+01, 3.3333E+00,
13:47:07.38696054, 2.3333E-01, 1.1067E+01, 3.2000E+00,
13:47:07.38696059, 2.3333E-01, 1.1333E+01, 3.3333E+00,
13:47:07.38696064, 2.3333E-01, 1.1200E+01, 3.3333E+00,
13:47:07.38696069, 2.3333E-01, 1.1133E+01, 3.0667E+00,
13:47:07.38696074, 2.3333E-01, 1.1200E+01, 3.4667E+00,
13:47:07.38696079, 2.0000E-01, 1.0933E+01, 3.4667E+00,
13:47:07.38696084, 2.6667E-01, 1.1133E+01, 3.4667E+00,
13:47:07.38696089, 2.0000E-01, 1.1067E+01, 3.3333E+00,
13:47:07.38696094, 2.0000E-01, 1.1200E+01, 3.3333E+00,
13:47:07.38696099, 2.3333E-01, 1.1200E+01, 3.2000E+00,
13:47:07.38696104, 2.6667E-01, 1.1200E+01, 3.3333E+00,
13:47:07.38696109, 2.3333E-01, 1.1067E+01, 2.9333E+00,
13:47:07.38696114, 2.6667E-01, 1.1133E+01, 3.3333E+00,
13:47:07.38696119, 2.0000E-01, 1.1067E+01, 3.4667E+00,
13:47:07.38696124, 2.0000E-01, 1.1133E+01, 3.0667E+00,
13:47:07.38696129, 2.6667E-01, 1.1200E+01, 3.0667E+00,
13:47:07.38696134, 2.3333E-01, 1.1267E+01, 3.2000E+00,
13:47:07.38696139, 2.3333E-01, 1.1200E+01, 3.3333E+00,
13:47:07.38696144, 2.0000E-01, 1.1200E+01, 3.0667E+00,
13:47:07.38696149, 2.3333E-01, 1.1067E+01, 3.2000E+00,
13:47:07.38696154, 2.3333E-01, 1.1133E+01, 3.3333E+00,
13:47:07.38696159, 2.3333E-01, 1.1067E+01, 2.6667E+00,
13:47:07.38696164, 2.3333E-01, 1.1200E+01, 3.0667E+00,
13:47:07.38696169, 2.6667E-01, 1.1200E+01, 3.0667E+00,
13:47:07.38696174, 3.0000E-01, 1.1000E+01, 2.8000E+00,
13:47:07.38696179, 2.3333E-01, 1.1067E+01, 3.2000E+00,
13:47:07.38696184, 2.0000E-01, 1.1133E+01, 2.9333E+00,
13:47:07.38696189, 2.3333E-01, 1.1133E+01, 3.0667E+00,
13:47:07.38696194, 2.0000E-01, 1.1133E+01, 3.0667E+00,
13:47:07.38696199, 2.6667E-01, 1.1133E+01, 3.0667E+00,
13:47:07.38696204, 2.6667E-01, 1.1200E+01, 2.6667E+00,
13:47:07.38696209, 2.3333E-01, 1.1200E+01, 2.9333E+00,
13:47:07.38696214, 2.3333E-01, 1.1000E+01, 2.9333E+00,
13:47:07.38696219, 2.0000E-01, 1.1200E+01, 2.8000E+00,
13:47:07.38696224, 2.6667E-01, 1.1067E+01, 3.0667E+00,
13:47:07.38696229, 2.0000E-01, 1.1133E+01, 3.0667E+00,
13:47:07.38696234, 2.0000E-01, 1.1200E+01, 2.5333E+00,
13:47:07.38696239, 2.6667E-01, 1.1200E+01, 2.8000E+00,
13:47:07.38696244, 2.0000E-01, 1.1000E+01, 2.8000E+00,
13:47:07.38696249, 2.6667E-01, 1.1000E+01, 2.6667E+00,
13:47:07.38696254, 2.6667E-01, 1.1067E+01, 2.5333E+00,
13:47:07.38696259, 2.6667E-01, 1.1267E+01, 2.5333E+00,
13:47:07.38696264, 2.6667E-01, 1.1133E+01, 2.5333E+00,
13:47:07.38696269, 2.6667E-01, 1.1133E+01, 2.8000E+00,
13:47:07.38696274, 1.3333E-01, 1.1000E+01, 3.0667E+00,
13:47:07.38696279, 2.0000E-01, 1.1133E+01, 2.6667E+00,
13:47:07.38696284, 3.0000E-01, 1.1067E+01, 2.4000E+00,
13:47:07.38696289, 2.0000E-01, 1.1267E+01, 2.6667E+00,
13:47:07.38696294, 2.6667E-01, 1.1067E+01, 2.6667E+00,
13:47:07.38696299, 2.3333E-01, 1.1133E+01, 2.2667E+00,
13:47:07.38696304, 2.6667E-01, 1.1200E+01, 2.4000E+00,
13:47:07.38696309, 2.0000E-01, 1.1200E+01, 2.2667E+00,
13:47:07.38696314, 2.3333E-01, 1.1267E+01, 2.2667E+00,
13:47:07.38696319, 1.6667E-01, 1.1133E+01, 2.4000E+00,
13:47:07.38696324, 2.3333E-01, 1.0933E+01, 2.8000E+00,
13:47:07.38696329, 2.0000E-01, 1.1067E+01, 2.4000E+00,
13:47:07.38696334, 2.3333E-01, 1.1133E+01, 2.4000E+00,
13:47:07.38696339, 2.0000E-01, 1.1067E+01, 2.4000E+00,
13:47:07.38696344, 2.3333E-01, 1.1200E+01, 2.5333E+00,
13:47:07.38696349, 3.0000E-01, 1.1133E+01, 2.2667E+00,
13:47:07.38696354, 2.3333E-01, 1.1200E+01, 2.4000E+00,
13:47:07.38696359, 2.3333E-01, 1.1067E+01, 2.4000E+00,
13:47:07.38696364, 2.0000E-01, 1.1000E+01, 2.1333E+00,
13:47:07.38696369, 2.0000E-01, 1.1133E+01, 2.1333E+00,
13:47:07.38696374, 2.3333E-01, 1.1000E+01, 2.4000E+00,
13:47:07.38696379, 2.6667E-01, 1.1133E+01, 2.4000E+00,
13:47:07.38696384, 2.0000E-01, 1.1067E+01, 2.0000E+00,
13:47:07.38696389, 2.0000E-01, 1.1067E+01, 2.0000E+00,
13:47:07.38696394, 2.0000E-01, 1.1067E+01, 2.1333E+00,
13:47:07.38696399, 2.6667E-01, 1.1200E+01, 2.1333E+00,
13:47:07.38696404, 2.0000E-01, 1.1067E+01, 2.0000E+00,
13:47:07.38696409, 2.0000E-01, 1.1133E+01, 2.1333E+00,
13:47:07.38696414, 2.3333E-01, 1.1333E+01, 2.0000E+00,
13:47:07.38696419, 2.0000E-01, 1.1133E+01, 2.0000E+00,
13:47:07.38696424, 2.0000E-01, 1.1200E+01, 2.0000E+00,
13:47:07.38696429, 2.0000E-01, 1.1067E+01, 2.0000E+00,
13:47:07.38696434, 2.0000E-01, 1.1267E+01, 2.0000E+00,
13:47:07.38696439, 2.3333E-01, 1.1067E+01, 2.0000E+00,
13:47:07.38696444, 2.0000E-01, 1.1133E+01, 2.0000E+00,
13:47:07.38696449, 2.3333E-01, 1.1133E+01, 2.0000E+00,
13:47:07.38696454, 1.6667E-01, 1.1133E+01, 2.1333E+00,
13:47:07.38696459, 2.0000E-01, 1.1067E+01, 2.1333E+00,
13:47:07.38696464, 2.0000E-01, 1.1267E+01, 2.0000E+00,
13:47:07.38696469, 2.3333E-01, 1.1200E+01, 1.8667E+00,
13:47:07.38696474, 1.3333E-01, 1.1133E+01, 2.0000E+00,
13:47:07.38696479, 1.6667E-01, 1.1133E+01, 2.0000E+00,
13:47:07.38696484, 2.3333E-01, 1.1133E+01, 2.1333E+00,
13:47:07.38696489, 2.0000E-01, 1.1067E+01, 1.7333E+00,
13:47:07.38696494, 2.0000E-01, 1.1000E+01, 2.0000E+00,
13:47:07.38696499, 2.0000E-01, 1.1133E+01, 1.8667E+00,
13:47:07.38696504, 1.6667E-01, 1.1133E+01, 1.8667E+00,
13:47:07.38696509, 2.0000E-01, 1.1200E+01, 1.7333E+00,
13:47:07.38696514, 2.0000E-01, 1.1133E+01, 1.8667E+00,
13:47:07.38696519, 2.0000E-01, 1.1133E+01, 2.0000E+00,
13:47:07.38696524, 2.0000E-01, 1.1067E+01, 2.0000E+00,
13:47:07.38696529, 2.0000E-01, 1.1133E+01, 1.7333E+00,
13:47:07.38696534, 1.6667E-01, 1.1133E+01, 1.8667E+00,
13:47:07.38696539, 2.6667E-01, 1.1133E+01, 1.6000E+00,
13:47:07.38696544, 2.0000E-01, 1.1133E+01, 1.7333E+00,
13:47:07.38696549, 1.3333E-01, 1.1000E+01, 1.8667E+00,
13:47:07.38696554, 1.3333E-01, 1.1200E+01, 1.7333E+00,
13:47:07.38696559, 1.3333E-01, 1.1200E+01, 1.7333E+00,
13:47:07.38696564, 2.0000E-01, 1.1067E+01, 1.6000E+00,
13:47:07.38696569, 2.0000E-01, 1.1200E+01, 1.7333E+00,
13:47:07.38696574, 2.3333E-01, 1.1133E+01, 1.3333E+00,
13:47:07.38696579, 2.3333E-01, 1.1200E+01, 1.6000E+00,
13:47:07.38696584, 2.3333E-01, 1.1200E+01, 1.6000E+00,
13:47:07.38696589, 1.6667E-01, 1.1133E+01, 1.6000E+00,
13:47:07.38696594, 2.6667E-01, 1.1200E+01, 2.0000E+00,
13:47:07.38696599, 1.6667E-01, 1.1200E+01, 1.7333E+00,
13:47:07.38696604, 2.0000E-01, 1.1133E+01, 2.0000E+00,
13:47:07.38696609, 2.0000E-01, 1.1133E+01, 1.6000E+00,
13:47:07.38696614, 2.0000E-01, 1.1133E+01, 1.7333E+00,
13:47:07.38696619, 2.0000E-01, 1.1133E+01, 1.3333E+00,
13:47:07.38696624, 2.3333E-01, 1.1067E+01, 1.2000E+00,
13:47:07.38696629, 3.0000E-01, 1.1200E+01, 1.4667E+00,
13:47:07.38696634, 2.0000E-01, 1.1133E+01, 1.3333E+00,
13:47:07.38696639, 2.0000E-01, 1.1067E+01, 1.4667E+00,
13:47:07.38696644, 2.0000E-01, 1.1333E+01, 1.3333E+00,
13:47:07.38696649, 1.6667E-01, 1.1200E+01, 1.3333E+00,
13:47:07.38696654, 1.3333E-01, 1.1133E+01, 1.8667E+00,
13:47:07.38696659, 1.6667E-01, 1.1000E+01, 1.4667E+00,
13:47:07.38696664, 2.3333E-01, 1.1067E+01, 1.3333E+00,
13:47:07.38696669, 2.0000E-01, 1.1133E+01, 1.3333E+00,
13:47:07.38696674, 1.6667E-01, 1.1133E+01, 1.0667E+00,
13:47:07.38696679, 2.6667E-01, 1.1000E+01, 1.4667E+00,
13:47:07.38696684, 2.0000E-01, 1.1267E+01, 1.3333E+00,
13:47:07.38696689, 2.0000E-01, 1.1133E+01, 1.6000E+00,
13:47:07.38696694, 2.0000E-01, 1.1000E+01, 1.3333E+00,
13:47:07.38696699, 6.6667E-02, 1.1200E+01, 1.3333E+00,
13:47:07.38696704, 1.6667E-01, 1.1067E+01, 1.0667E+00,
13:47:07.38696709, 1.3333E-01, 1.1133E+01, 9.3333E-01,
13:47:07.38696714, 2.3333E-01, 1.1133E+01, 1.3333E+00,
13:47:07.38696719, 2.0000E-01, 1.1000E+01, 1.4667E+00,
13:47:07.38696724, 2.0000E-01, 1.1200E+01, 1.6000E+00,
13:47:07.38696729, 1.6667E-01, 1.1133E+01, 1.3333E+00,
13:47:07.38696734, 2.3333E-01, 1.1133E+01, 1.0667E+00,
13:47:07.38696739, 1.6667E-01, 1.1000E+01, 1.0667E+00,
13:47:07.38696744, 2.0000E-01, 1.1133E+01, 1.4667E+00,
13:47:07.38696749, 2.0000E-01, 1.1133E+01, 1.3333E+00,
13:47:07.38696754, 2.3333E-01, 1.1133E+01, 1.3333E+00,
13:47:07.38696759, 2.3333E-01, 1.1200E+01, 1.2000E+00,
13:47:07.38696764, 1.6667E-01, 1.1133E+01, 1.4667E+00,
13:47:07.38696769, 2.0000E-01, 1.1133E+01, 1.4667E+00,
13:47:07.38696774, 2.0000E-01, 1.1200E+01, 1.2000E+00,
13:47:07.38696779, 2.3333E-01, 1.1000E+01, 1.3333E+00,
13:47:07.38696784, 2.0000E-01, 1.1200E+01, 1.0667E+00,
13:47:07.38696789, 2.0000E-01, 1.1200E+01, 1.3333E+00,
13:47:07.38696794, 2.0000E-01, 1.1000E+01, 1.0667E+00,
13:47:07.38696799, 2.3333E-01, 1.1267E+01, 1.2000E+00,
13:47:07.38696804, 1.6667E-01, 1.1067E+01, 1.0667E+00,
13:47:07.38696809, 2.0000E-01, 1.1133E+01, 1.0667E+00,
13:47:07.38696814, 2.3333E-01, 1.1067E+01, 1.4667E+00,
13:47:07.38696819, 2.0000E-01, 1.1133E+01, 1.3333E+00,
13:47:07.38696824, 2.0000E-01, 1.1333E+01, 1.4667E+00,
13:47:07.38696829, 2.0000E-01, 1.1067E+01, 1.2000E+00,
13:47:07.38696834, 2.0000E-01, 1.1133E+01, 8.0000E-01,
13:47:07.38696839, 2.0000E-01, 1.1133E+01, 9.3333E-01,
13:47:07.38696844, 1.6667E-01, 1.1200E+01, 1.2000E+00,
13:47:07.38696849, 2.0000E-01, 1.1267E+01, 1.3333E+00,
13:47:07.38696854, 2.3333E-01, 1.1267E+01, 1.2000E+00,
13:47:07.38696859, 2.0000E-01, 1.1200E+01, 9.3333E-01,
13:47:07.38696864, 2.0000E-01, 1.1133E+01, 1.4667E+00,
13:47:07.38696869, 2.0000E-01, 1.1200E+01, 1.2000E+00,
13:47:07.38696874, 2.0000E-01, 1.1133E+01, 1.3333E+00,
13:47:07.38696879, 1.0000E-01, 1.1067E+01, 9.3333E-01,
13:47:07.38696884, 2.0000E-01, 1.1067E+01, 1.0667E+00,
13:47:07.38696889, 1.6667E-01, 1.1067E+01, 1.2000E+00,
13:47:07.38696894, 2.0000E-01, 1.1200E+01, 1.2000E+00,
13:47:07.38696899, 1.0000E-01, 1.1067E+01, 1.3333E+00,
13:47:07.38696904, 2.0000E-01, 1.1200E+01, 1.3333E+00,
13:47:07.38696909, 2.0000E-01, 1.1133E+01, 1.3333E+00,
13:47:07.38696914, 2.0000E-01, 1.1133E+01, 1.3333E+00,
13:47:07.38696919, 1.6667E-01, 1.1133E+01, 1.2000E+00,
13:47:07.38696924, 2.3333E-01, 1.1067E+01, 1.2000E+00,
13:47:07.38696929, 1.3333E-01, 1.1133E+01, 8.0000E-01,
13:47:07.38696934, 1.6667E-01, 1.1133E+01, 1.3333E+00,
13:47:07.38696939, 1.6667E-01, 1.1000E+01, 1.2000E+00,
13:47:07.38696944, 2.0000E-01, 1.1200E+01, 9.3333E-01,
13:47:07.38696949, 2.0000E-01, 1.1067E+01, 1.3333E+00,
13:47:07.38696954, 1.0000E-01, 1.1000E+01, 1.2000E+00,
13:47:07.38696959, 2.3333E-01, 1.1200E+01, 1.3333E+00,
13:47:07.38696964, 2.0000E-01, 1.1133E+01, 1.6000E+00,
13:47:07.38696969, 1.6667E-01, 1.1133E+01, 9.3333E-01,
13:47:07.38696974, 2.3333E-01, 1.1067E+01, 1.2000E+00,
13:47:07.38696979, 1.6667E-01, 1.1133E+01, 1.0667E+00,
13:47:07.38696984, 1.6667E-01, 1.1000E+01, 1.2000E+00,
13:47:07.38696989, 2.0000E-01, 1.1067E+01, 9.3333E-01,
13:47:07.38696994, 1.6667E-01, 1.0933E+01, 1.2000E+00,
13:47:07.38696999, 2.0000E-01, 1.1000E+01, 1.2000E+00,
13:47:07.38697004, 2.0000E-01, 1.1000E+01, 1.0667E+00,
13:47:07.38697009, 2.0000E-01, 1.1000E+01, 1.3333E+00,
13:47:07.38697014, 2.3333E-01, 1.1067E+01, 1.3333E+00,
13:47:07.38697019, 2.0000E-01, 1.1133E+01, 1.3333E+00,
13:47:07.38697024, 2.0000E-01, 1.1067E+01, 1.3333E+00,
13:47:07.38697029, 2.0000E-01, 1.1133E+01, 1.2000E+00,
13:47:07.38697034, 2.0000E-01, 1.1000E+01, 1.2000E+00,
13:47:07.38697039, 1.6667E-01, 1.1067E+01, 1.2000E+00,
13:47:07.38697044, 2.0000E-01, 1.1133E+01, 1.0667E+00,
13:47:07.38697049, 2.0000E-01, 1.1067E+01, 1.0667E+00,
13:47:07.38697054, 1.0000E-01, 1.1133E+01, 1.3333E+00,
13:47:07.38697059, 1.6667E-01, 1.1067E+01, 1.3333E+00,
13:47:07.38697064, 2.0000E-01, 1.1133E+01, 1.7333E+00,
13:47:07.38697069, 2.3333E-01, 1.1200E+01, 1.3333E+00,
13:47:07.38697074, 1.6667E-01, 1.1200E+01, 1.3333E+00,
13:47:07.38697079, 2.0000E-01, 1.1067E+01, 1.2000E+00,
13:47:07.38697084, 2.0000E-01, 1.1133E+01, 1.3333E+00,
13:47:07.38697089, 1.6667E-01, 1.1000E+01, 1.3333E+00,
13:47:07.38697094, 2.0000E-01, 1.1133E+01, 1.3333E+00,
13:47:07.38697099, 1.6667E-01, 1.1133E+01, 1.4667E+00,
13:47:07.38697104, 1.6667E-01, 1.1133E+01, 1.2000E+00,
13:47:07.38697109, 2.0000E-01, 1.1067E+01, 1.4667E+00,
13:47:07.38697114, 2.0000E-01, 1.1067E+01, 1.2000E+00,
13:47:07.38697119, 2.0000E-01, 1.1067E+01, 1.4667E+00,
13:47:07.38697124, 2.0000E-01, 1.0933E+01, 1.2000E+00,
13:47:07.38697129, 2.0000E-01, 1.1067E+01, 1.3333E+00,
13:47:07.38697134, 2.0000E-01, 1.1067E+01, 1.0667E+00,
13:47:07.38697139, 2.0000E-01, 1.0933E+01, 1.3333E+00,
13:47:07.38697144, 1.6667E-01, 1.1000E+01, 1.6000E+00,
13:47:07.38697149, 2.0000E-01, 1.0933E+01, 1.6000E+00,
13:47:07.38697154, 2.0000E-01, 1.1133E+01, 9.3333E-01,
13:47:07.38697159, 1.6667E-01, 1.1200E+01, 1.7333E+00,
13:47:07.38697164, 1.6667E-01, 1.1133E+01, 1.2000E+00,
13:47:07.38697169, 1.6667E-01, 1.1200E+01, 1.3333E+00,
13:47:07.38697174, 2.0000E-01, 1.1000E+01, 1.0667E+00,
13:47:07.38697179, 2.0000E-01, 1.0933E+01, 1.0667E+00,
13:47:07.38697184, 1.3333E-01, 1.1133E+01, 1.4667E+00,
13:47:07.38697189, 2.6667E-01, 1.1067E+01, 1.0667E+00,
13:47:07.38697194, 1.6667E-01, 1.1067E+01, 1.2000E+00,
13:47:07.38697199, 1.3333E-01, 1.1133E+01, 1.2000E+00,
13:47:07.38697204, 2.0000E-01, 1.1000E+01, 1.4667E+00,
13:47:07.38697209, 1.6667E-01, 1.1133E+01, 1.3333E+00,
13:47:07.38697214, 1.6667E-01, 1.1000E+01, 1.3333E+00,
13:47:07.38697219, 2.0000E-01, 1.1133E+01, 1.3333E+00,
13:47:07.38697224, 1.6667E-01, 1.1067E+01, 1.2000E+00,
13:47:07.38697229, 2.3333E-01, 1.1067E+01, 1.3333E+00,
13:47:07.38697234, 1.6667E-01, 1.1133E+01, 1.4667E+00,
13:47:07.38697239, 1.3333E-01, 1.1067E+01, 1.6000E+00,
13:47:07.38697244, 1.3333E-01, 1.1067E+01, 1.3333E+00,
13:47:07.38697249, 1.6667E-01, 1.1067E+01, 1.4667E+00,
13:47:07.38697254, 1.3333E-01, 1.1200E+01, 1.3333E+00,
13:47:07.38697259, 1.6667E-01, 1.1200E+01, 1.6000E+00,
13:47:07.38697264, 2.0000E-01, 1.0933E+01, 1.3333E+00,
13:47:07.38697269, 1.3333E-01, 1.1133E+01, 1.7333E+00,
13:47:07.38697274, 1.3333E-01, 1.1067E+01, 1.4667E+00,
13:47:07.38697279, 1.6667E-01, 1.1133E+01, 1.2000E+00,
13:47:07.38697284, 1.6667E-01, 1.1133E+01, 1.6000E+00,
13:47:07.38697289, 1.3333E-01, 1.1067E+01, 1.6000E+00,
13:47:07.38697294, 2.0000E-01, 1.1133E+01, 1.2000E+00,
13:47:07.38697299, 2.0000E-01, 1.1067E+01, 1.4667E+00,
13:47:07.38697304, 1.6667E-01, 1.0933E+01, 1.7333E+00,
13:47:07.38697309, 1.6667E-01, 1.1067E+01, 1.6000E+00,
13:47:07.38697314, 2.0000E-01, 1.1067E+01, 1.4667E+00,
13:47:07.38697319, 1.6667E-01, 1.1133E+01, 1.4667E+00,
13:47:07.38697324, 1.3333E-01, 1.1133E+01, 1.4667E+00,
13:47:07.38697329, 6.6667E-02, 1.1133E+01, 1.3333E+00,
13:47:07.38697334, 2.0000E-01, 1.1267E+01, 1.2000E+00,
13:47:07.38697339, 2.0000E-01, 1.1133E+01, 1.3333E+00,
13:47:07.38697344, 2.0000E-01, 1.1067E+01, 1.4667E+00,
13:47:07.38697349, 1.6667E-01, 1.1000E+01, 1.2000E+00,
13:47:07.38697354, 1.6667E-01, 1.1000E+01, 1.7333E+00,
13:47:07.38697359, 1.3333E-01, 1.1067E+01, 1.7333E+00,
13:47:07.38697364, 1.3333E-01, 1.1133E+01, 1.7333E+00,
13:47:07.38697369, 1.6667E-01, 1.1000E+01, 1.4667E+00,
13:47:07.38697374, 1.6667E-01, 1.1067E+01, 1.3333E+00,
13:47:07.38697379, 2.0000E-01, 1.1200E+01, 1.4667E+00,
13:47:07.38697384, 1.3333E-01, 1.1133E+01, 1.6000E+00,
13:47:07.38697389, 1.0000E-01, 1.1200E+01, 1.6000E+00,
13:47:07.38697394, 2.0000E-01, 1.1067E+01, 1.6000E+00,
13:47:07.38697399, 2.0000E-01, 1.1000E+01, 1.3333E+00,
13:47:07.38697404, 1.6667E-01, 1.1267E+01, 1.4667E+00,
13:47:07.38697409, 1.6667E-01, 1.0933E+01, 1.3333E+00,
13:47:07.38697414, 3.3333E-02, 1.1067E+01, 1.3333E+00,
13:47:07.38697419, 1.6667E-01, 1.1133E+01, 1.4667E+00,
13:47:07.38697424, 1.0000E-01, 1.1067E+01, 1.7333E+00,
13:47:07.38697429, 2.0000E-01, 1.1000E+01, 1.6000E+00,
13:47:07.38697434, 1.6667E-01, 1.1133E+01, 1.4667E+00,
13:47:07.38697439, 2.0000E-01, 1.1067E+01, 1.7333E+00,
13:47:07.38697444, 2.0000E-01, 1.1133E+01, 1.6000E+00,
13:47:07.38697449, 2.0000E-01, 1.1067E+01, 1.8667E+00,
13:47:07.38697454, 2.0000E-01, 1.1133E+01, 1.7333E+00,
13:47:07.38697459, 2.0000E-01, 1.1000E+01, 1.4667E+00,
13:47:07.38697464, 1.3333E-01, 1.1133E+01, 1.3333E+00,
13:47:07.38697469, 1.3333E-01, 1.1133E+01, 1.4667E+00,
13:47:07.38697474, 1.6667E-01, 1.0933E+01, 1.3333E+00,
13:47:07.38697479, 1.6667E-01, 1.1133E+01, 1.3333E+00,
13:47:07.38697484, 1.3333E-01, 1.1067E+01, 1.6000E+00,
13:47:07.38697489, 1.6667E-01, 1.1000E+01, 1.8667E+00,
13:47:07.38697494, 2.0000E-01, 1.1000E+01, 1.3333E+00,
13:47:07.38697499, 6.6667E-02, 1.1067E+01, 1.6000E+00,
13:47:07.38697504, 1.3333E-01, 1.1067E+01, 1.3333E+00,
13:47:07.38697509, 1.3333E-01, 1.1000E+01, 1.8667E+00,
13:47:07.38697514, 2.0000E-01, 1.1133E+01, 1.4667E+00,
13:47:07.38697519, 1.3333E-01, 1.1200E+01, 1.4667E+00,
13:47:07.38697524, 2.0000E-01, 1.1067E+01, 1.7333E+00,
13:47:07.38697529, 1.6667E-01, 1.1133E+01, 1.4667E+00,
13:47:07.38697534, 2.0000E-01, 1.1000E+01, 1.4667E+00,
13:47:07.38697539, 1.3333E-01, 1.1200E+01, 1.7333E+00,
13:47:07.38697544, 2.0000E-01, 1.1133E+01, 1.4667E+00,
13:47:07.38697549, 1.6667E-01, 1.1067E+01, 1.8667E+00,
13:47:07.38697554, 1.0000E-01, 1.1067E+01, 1.3333E+00,
13:47:07.38697559, 2.0000E-01, 1.1200E+01, 1.4667E+00,
13:47:07.38697564, 1.0000E-01, 1.1000E+01, 1.3333E+00,
13:47:07.38697569, 2.0000E-01, 1.1000E+01, 1.6000E+00,
13:47:07.38697574, 1.3333E-01, 1.1200E+01, 1.4667E+00,
13:47:07.38697579, 2.0000E-01, 1.1067E+01, 1.3333E+00,
13:47:07.38697584, 1.6667E-01, 1.1067E+01, 1.4667E+00,
13:47:07.38697589, 1.6667E-01, 1.1067E+01, 1.8667E+00,
13:47:07.38697594, 2.0000E-01, 1.1333E+01, 1.8667E+00,
13:47:07.38697599, 1.6667E-01, 1.1067E+01, 1.7333E+00,
13:47:07.38697604, 2.0000E-01, 1.1200E+01, 1.8667E+00,
13:47:07.38697609, 1.3333E-01, 1.1133E+01, 1.7333E+00,
13:47:07.38697614, 1.0000E-01, 1.1000E+01, 1.2000E+00,
13:47:07.38697619, 1.0000E-01, 1.1000E+01, 1.7333E+00,
13:47:07.38697624, 2.0000E-01, 1.1133E+01, 1.7333E+00,
13:47:07.38697629, 1.6667E-01, 1.1200E+01, 1.4667E+00,
13:47:07.38697634, 1.6667E-01, 1.1133E+01, 1.7333E+00,
13:47:07.38697639, 1.3333E-01, 1.1067E+01, 1.6000E+00,
13:47:07.38697644, 2.0000E-01, 1.1133E+01, 2.0000E+00,
13:47:07.38697649, 1.0000E-01, 1.1067E+01, 1.7333E+00,
13:47:07.38697654, 2.0000E-01, 1.1000E+01, 1.4667E+00,
13:47:07.38697659, 1.6667E-01, 1.1133E+01, 1.7333E+00,
13:47:07.38697664, 1.3333E-01, 1.1000E+01, 1.8667E+00,
13:47:07.38697669, 1.0000E-01, 1.1200E+01, 1.3333E+00,
13:47:07.38697674, 1.3333E-01, 1.1133E+01, 1.6000E+00,
13:47:07.38697679, 1.3333E-01, 1.1133E+01, 1.8667E+00,
13:47:07.38697684, 1.6667E-01, 1.0933E+01, 1.8667E+00,
13:47:07.38697689, 1.6667E-01, 1.1067E+01, 1.7333E+00,
13:47:07.38697694, 1.0000E-01, 1.1133E+01, 1.4667E+00,
13:47:07.38697699, 6.6667E-02, 1.1067E+01, 1.7333E+00,
13:47:07.38697704, 1.0000E-01, 1.1200E+01, 1.6000E+00,
13:47:07.38697709, 1.3333E-01, 1.1067E+01, 1.3333E+00,
13:47:07.38697714, 1.6667E-01, 1.1067E+01, 1.6000E+00,
13:47:07.38697719, 1.6667E-01, 1.1000E+01, 1.7333E+00,
13:47:07.38697724, 1.0000E-01, 1.0933E+01, 1.6000E+00,
13:47:07.38697729, 2.0000E-01, 1.1000E+01, 1.7333E+00,
13:47:07.38697734, 1.3333E-01, 1.1000E+01, 1.7333E+00,
13:47:07.38697739, 2.0000E-01, 1.1133E+01, 1.7333E+00,
13:47:07.38697744, 1.6667E-01, 1.1067E+01, 1.6000E+00,
13:47:07.38697749, 1.3333E-01, 1.1133E+01, 1.7333E+00,
13:47:07.38697754, 1.3333E-01, 1.1267E+01, 1.8667E+00,
13:47:07.38697759, 1.3333E-01, 1.0933E+01, 1.7333E+00,
13:47:07.38697764, 6.6667E-02, 1.1133E+01, 1.8667E+00,
13:47:07.38697769, 1.3333E-01, 1.1133E+01, 1.7333E+00,
13:47:07.38697774, 1.6667E-01, 1.0867E+01, 1.4667E+00,
13:47:07.38697779, 2.0000E-01, 1.1133E+01, 1.7333E+00,
13:47:07.38697784, 2.0000E-01, 1.1000E+01, 1.7333E+00,
13:47:07.38697789, 1.3333E-01, 1.1067E+01, 1.6000E+00,
13:47:07.38697794, 1.6667E-01, 1.1067E+01, 1.7333E+00,
13:47:07.38697799, 1.3333E-01, 1.1133E+01, 1.7333E+00,
13:47:07.38697804, 1.3333E-01, 1.0933E+01, 1.6000E+00,
13:47:07.38697809, 6.6667E-02, 1.1200E+01, 1.6000E+00,
13:47:07.38697814, 1.0000E-01, 1.1067E+01, 1.8667E+00,
13:47:07.38697819, 2.0000E-01, 1.1067E+01, 1.7333E+00,
13:47:07.38697824, 1.6667E-01, 1.1133E+01, 1.3333E+00,
13:47:07.38697829, 1.6667E-01, 1.1000E+01, 1.8667E+00,
13:47:07.38697834, 1.6667E-01, 1.1133E+01, 1.6000E+00,
13:47:07.38697839, 1.3333E-01, 1.1000E+01, 1.8667E+00,
13:47:07.38697844, 2.0000E-01, 1.1133E+01, 1.7333E+00,
13:47:07.38697849, 1.3333E-01, 1.1133E+01, 1.4667E+00,
13:47:07.38697854, 1.3333E-01, 1.1133E+01, 1.6000E+00,
13:47:07.38697859, 2.0000E-01, 1.0933E+01, 1.6000E+00,
13:47:07.38697864, 1.3333E-01, 1.1067E+01, 1.6000E+00,
13:47:07.38697869, 1.3333E-01, 1.1133E+01, 1.6000E+00,
13:47:07.38697874, 1.6667E-01, 1.1200E+01, 1.7333E+00,
13:47:07.38697879, 2.0000E-01, 1.1000E+01, 1.7333E+00,
13:47:07.38697884, 1.6667E-01, 1.1133E+01, 1.4667E+00,
13:47:07.38697889, 1.3333E-01, 1.1200E+01, 1.6000E+00,
13:47:07.38697894, 1.6667E-01, 1.1133E+01, 1.7333E+00,
13:47:07.38697899, 2.0000E-01, 1.1200E+01, 1.7333E+00,
13:47:07.38697904, 1.0000E-01, 1.1067E+01, 1.7333E+00,
13:47:07.38697909, 1.6667E-01, 1.1067E+01, 1.4667E+00,
13:47:07.38697914, 1.6667E-01, 1.1067E+01, 1.6000E+00,
13:47:07.38697919, 2.0000E-01, 1.1000E+01, 1.6000E+00,
13:47:07.38697924, 1.3333E-01, 1.1133E+01, 2.0000E+00,
13:47:07.38697929, 1.6667E-01, 1.1133E+01, 1.8667E+00,
13:47:07.38697934, 1.0000E-01, 1.1000E+01, 1.6000E+00,
13:47:07.38697939, 1.0000E-01, 1.1000E+01, 1.6000E+00,
13:47:07.38697944, 2.0000E-01, 1.1000E+01, 2.0000E+00,
13:47:07.38697949, 3.3333E-02, 1.1000E+01, 1.8667E+00,
13:47:07.38697954, 1.6667E-01, 1.1067E+01, 1.7333E+00,
13:47:07.38697959, 1.6667E-01, 1.1133E+01, 1.0667E+00,
13:47:07.38697964, 1.3333E-01, 1.1133E+01, 1.7333E+00,
13:47:07.38697969, 2.0000E-01, 1.1133E+01, 1.8667E+00,
13:47:07.38697974, 1.6667E-01, 1.1067E+01, 1.7333E+00,
13:47:07.38697979, 1.6667E-01, 1.1067E+01, 1.7333E+00,
13:47:07.38697984, 1.0000E-01, 1.0867E+01, 2.0000E+00,
13:47:07.38697989, 2.0000E-01, 1.1200E+01, 1.6000E+00,
13:47:07.38697994, 1.0000E-01, 1.0933E+01, 1.6000E+00,
13:47:07.38697999, 1.6667E-01, 1.1133E+01, 1.6000E+00,
13:47:07.38698004, 3.3333E-02, 1.1133E+01, 1.6000E+00,
13:47:07.38698009, 1.6667E-01, 1.0933E+01, 1.7333E+00,
13:47:07.38698014, 2.0000E-01, 1.1000E+01, 1.4667E+00,
13:47:07.38698019, 2.0000E-01, 1.1000E+01, 1.8667E+00,
13:47:07.38698024, 2.0000E-01, 1.1067E+01, 1.6000E+00,
13:47:07.38698029, 2.0000E-01, 1.1067E+01, 1.6000E+00,
13:47:07.38698034, 1.3333E-01, 1.1067E+01, 2.0000E+00,
13:47:07.38698039, 1.0000E-01, 1.1200E+01, 1.6000E+00,
13:47:07.38698044, 1.0000E-01, 1.1000E+01, 1.7333E+00,
13:47:07.38698049, 1.6667E-01, 1.1200E+01, 1.4667E+00,
13:47:07.38698054, 1.0000E-01, 1.1067E+01, 1.7333E+00,
13:47:07.38698059, 2.0000E-01, 1.1067E+01, 1.8667E+00,
13:47:07.38698064, 1.3333E-01, 1.1133E+01, 1.6000E+00,
13:47:07.38698069, 1.3333E-01, 1.1000E+01, 1.6000E+00,
13:47:07.38698074, 1.0000E-01, 1.1067E+01, 1.7333E+00,
13:47:07.38698079, 1.6667E-01, 1.1067E+01, 1.6000E+00,
13:47:07.38698084, 1.3333E-01, 1.1133E+01, 2.0000E+00,
13:47:07.38698089, 1.6667E-01, 1.1133E+01, 1.3333E+00,
13:47:07.38698094, 1.6667E-01, 1.1000E+01, 1.6000E+00,
13:47:07.38698099, 2.0000E-01, 1.1067E+01, 1.8667E+00,
13:47:07.38698104, 1.3333E-01, 1.1000E+01, 1.6000E+00,
13:47:07.38698109, 1.3333E-01, 1.1067E+01, 1.7333E+00,
13:47:07.38698114, 1.3333E-01, 1.1133E+01, 1.8667E+00,
13:47:07.38698119, 1.6667E-01, 1.1000E+01, 1.7333E+00,
13:47:07.38698124, 2.0000E-01, 1.1000E+01, 1.6000E+00,
13:47:07.38698129, 1.6667E-01, 1.1000E+01, 1.7333E+00,
13:47:07.38698134, 1.0000E-01, 1.1133E+01, 1.8667E+00,
13:47:07.38698139, 1.6667E-01, 1.1133E+01, 1.8667E+00,
13:47:07.38698144, 1.6667E-01, 1.1067E+01, 1.7333E+00,
13:47:07.38698149, 1.6667E-01, 1.1067E+01, 1.7333E+00,
13:47:07.38698154, 1.3333E-01, 1.1067E+01, 1.7333E+00,
13:47:07.38698159, 1.3333E-01, 1.1200E+01, 1.4667E+00,
13:47:07.38698164, 2.0000E-01, 1.1000E+01, 1.4667E+00,
13:47:07.38698169, 1.0000E-01, 1.1133E+01, 1.6000E+00,
13:47:07.38698174, 1.3333E-01, 1.1000E+01, 1.6000E+00,
13:47:07.38698179, 1.3333E-01, 1.1067E+01, 1.7333E+00,
13:47:07.38698184, 1.0000E-01, 1.1133E+01, 1.6000E+00,
13:47:07.38698189, 1.0000E-01, 1.1333E+01, 1.6000E+00,
13:47:07.38698194, 1.0000E-01, 1.1133E+01, 1.4667E+00,
13:47:07.38698199, 2.0000E-01, 1.1000E+01, 1.6000E+00,
13:47:07.38698204, 1.3333E-01, 1.1200E+01, 1.4667E+00,
13:47:07.38698209, 1.3333E-01, 1.1067E+01, 1.7333E+00,
13:47:07.38698214, 1.6667E-01, 1.0933E+01, 1.3333E+00,
13:47:07.38698219, 1.0000E-01, 1.1133E+01, 1.3333E+00,
13:47:07.38698224, 1.6667E-01, 1.1267E+01, 1.6000E+00,
13:47:07.38698229, 1.6667E-01, 1.1067E+01, 1.6000E+00,
13:47:07.38698234, 6.6667E-02, 1.1067E+01, 1.6000E+00,
13:47:07.38698239, 1.0000E-01, 1.1067E+01, 1.6000E+00,
13:47:07.38698244, 1.3333E-01, 1.1000E+01, 1.7333E+00,
13:47:07.38698249, 1.0000E-01, 1.0933E+01, 1.6000E+00,
13:47:07.38698254, 1.0000E-01, 1.0867E+01, 1.8667E+00,
13:47:07.38698259, 2.0000E-01, 1.1000E+01, 1.4667E+00,
13:47:07.38698264, 1.6667E-01, 1.1067E+01, 1.7333E+00,
13:47:07.38698269, 1.6667E-01, 1.1133E+01, 1.4667E+00,
13:47:07.38698274, 1.0000E-01, 1.1067E+01, 1.8667E+00,
13:47:07.38698279, 1.3333E-01, 1.1133E+01, 2.0000E+00,
13:47:07.38698284, 3.3333E-02, 1.1067E+01, 1.6000E+00,
13:47:07.38698289, 6.6667E-02, 1.1067E+01, 1.7333E+00,
13:47:07.38698294, 1.3333E-01, 1.1133E+01, 1.7333E+00,
13:47:07.38698299, 1.3333E-01, 1.1067E+01, 1.4667E+00,
13:47:07.38698304, 1.6667E-01, 1.1067E+01, 1.6000E+00,
13:47:07.38698309, 1.3333E-01, 1.1000E+01, 1.4667E+00,
13:47:07.38698314, 1.3333E-01, 1.1200E+01, 1.4667E+00,
13:47:07.38698319, 1.0000E-01, 1.1133E+01, 1.8667E+00,
13:47:07.38698324, 1.0000E-01, 1.0867E+01, 1.6000E+00,
13:47:07.38698329, 6.6667E-02, 1.1267E+01, 1.8667E+00,
13:47:07.38698334, 1.3333E-01, 1.1133E+01, 1.7333E+00,
13:47:07.38698339, 1.0000E-01, 1.1000E+01, 1.8667E+00,
13:47:07.38698344, 1.3333E-01, 1.1067E+01, 1.2000E+00,
13:47:07.38698349, 1.0000E-01, 1.1000E+01, 1.7333E+00,
13:47:07.38698354, 1.0000E-01, 1.1067E+01, 1.7333E+00,
13:47:07.38698359, 6.6667E-02, 1.1200E+01, 1.4667E+00,
13:47:07.38698364, 1.6667E-01, 1.1133E+01, 1.4667E+00,
13:47:07.38698369, 1.0000E-01, 1.1200E+01, 1.6000E+00,
13:47:07.38698374, 1.0000E-01, 1.1133E+01, 1.3333E+00,
13:47:07.38698379, 1.0000E-01, 1.1200E+01, 1.7333E+00,
13:47:07.38698384, 1.3333E-01, 1.0933E+01, 1.3333E+00,
13:47:07.38698389, 1.6667E-01, 1.1067E+01, 1.4667E+00,
13:47:07.38698394, 1.6667E-01, 1.1067E+01, 1.4667E+00,
13:47:07.38698399, 1.0000E-01, 1.1067E+01, 1.4667E+00,
13:47:07.38698404, 1.6667E-01, 1.1000E+01, 1.4667E+00,
13:47:07.38698409, 1.6667E-01, 1.1067E+01, 1.7333E+00,
13:47:07.38698414, 1.3333E-01, 1.1067E+01, 1.6000E+00,
13:47:07.38698419, 1.6667E-01, 1.1067E+01, 1.7333E+00,
13:47:07.38698424, 1.3333E-01, 1.1133E+01, 1.8667E+00,
13:47:07.38698429, 1.0000E-01, 1.1067E+01, 2.0000E+00,
13:47:07.38698434, 1.0000E-01, 1.1000E+01, 1.6000E+00,
13:47:07.38698439, 1.0000E-01, 1.1133E+01, 1.3333E+00,
13:47:07.38698444, 1.3333E-01, 1.1000E+01, 1.3333E+00,
13:47:07.38698449, 1.3333E-01, 1.1067E+01, 1.3333E+00,
13:47:07.38698454, 1.3333E-01, 1.1067E+01, 1.3333E+00,
13:47:07.38698459, 1.6667E-01, 1.1067E+01, 1.3333E+00,
13:47:07.38698464, 1.3333E-01, 1.1000E+01, 1.7333E+00,
13:47:07.38698469, 1.0000E-01, 1.1133E+01, 1.6000E+00,
13:47:07.38698474, 1.3333E-01, 1.1000E+01, 1.8667E+00,
13:47:07.38698479, 6.6667E-02, 1.1133E+01, 1.7333E+00,
13:47:07.38698484, 1.0000E-01, 1.0933E+01, 1.7333E+00,
13:47:07.38698489, 1.6667E-01, 1.1200E+01, 1.4667E+00,
13:47:07.38698494, 1.6667E-01, 1.1000E+01, 1.6000E+00,
13:47:07.38698499, 1.6667E-01, 1.1067E+01, 1.6000E+00,
13:47:07.38698504, 3.3333E-02, 1.1133E+01, 1.6000E+00,
13:47:07.38698509, 1.6667E-01, 1.1067E+01, 1.4667E+00,
13:47:07.38698514, 1.6667E-01, 1.1067E+01, 1.7333E+00,
13:47:07.38698519, 1.3333E-01, 1.1067E+01, 1.7333E+00,
13:47:07.38698524, 1.0000E-01, 1.1067E+01, 1.6000E+00,
13:47:07.38698529, 1.0000E-01, 1.1133E+01, 1.4667E+00,
13:47:07.38698534, 1.3333E-01, 1.1133E+01, 1.4667E+00,
13:47:07.38698539, 1.6667E-01, 1.1200E+01, 1.3333E+00,
13:47:07.38698544, 1.0000E-01, 1.1067E+01, 1.2000E+00,
13:47:07.38698549, 1.3333E-01, 1.1067E+01, 1.3333E+00,
13:47:07.38698554, 1.6667E-01, 1.1067E+01, 1.4667E+00,
13:47:07.38698559, 1.3333E-01, 1.1133E+01, 1.4667E+00,
13:47:07.38698564, 6.6667E-02, 1.1133E+01, 1.6000E+00,
13:47:07.38698569, 1.0000E-01, 1.1067E+01, 1.4667E+00,
13:47:07.38698574, 6.6667E-02, 1.1067E+01, 1.7333E+00,
13:47:07.38698579, 1.3333E-01, 1.1067E+01, 1.3333E+00,
13:47:07.38698584, 6.6667E-02, 1.1133E+01, 1.3333E+00,
13:47:07.38698589, 2.0000E-01, 1.1133E+01, 1.6000E+00,
13:47:07.38698594, 1.0000E-01, 1.1133E+01, 1.3333E+00,
13:47:07.38698599, 1.0000E-01, 1.1133E+01, 1.8667E+00,
13:47:07.38698604, 1.3333E-01, 1.1067E+01, 1.7333E+00,
13:47:07.38698609, 1.0000E-01, 1.1000E+01, 1.3333E+00,
13:47:07.38698614, 2.0000E-01, 1.1133E+01, 1.4667E+00,
13:47:07.38698619, 3.3333E-02, 1.1067E+01, 1.3333E+00,
13:47:07.38698624, 1.0000E-01, 1.1067E+01, 1.6000E+00,
13:47:07.38698629, 6.6667E-02, 1.1067E+01, 1.2000E+00,
13:47:07.38698634, 1.3333E-01, 1.1133E+01, 1.3333E+00,
13:47:07.38698639, 1.3333E-01, 1.1067E+01, 1.3333E+00,
13:47:07.38698644, 1.6667E-01, 1.1067E+01, 1.4667E+00,
13:47:07.38698649, 1.6667E-01, 1.1133E+01, 1.6000E+00,
13:47:07.38698654, 1.3333E-01, 1.1067E+01, 1.0667E+00,
13:47:07.38698659, 1.6667E-01, 1.1067E+01, 1.8667E+00,
13:47:07.38698664, 1.0000E-01, 1.1200E+01, 1.7333E+00,
13:47:07.38698669, 1.6667E-01, 1.1333E+01, 2.0000E+00,
13:47:07.38698674, 1.6667E-01, 1.0933E+01, 1.7333E+00,
13:47:07.38698679, 1.3333E-01, 1.1000E+01, 1.3333E+00,
13:47:07.38698684, 1.3333E-01, 1.1000E+01, 1.6000E+00,
13:47:07.38698689, 1.3333E-01, 1.1200E+01, 1.2000E+00,
13:47:07.38698694, 1.6667E-01, 1.1000E+01, 1.3333E+00,
13:47:07.38698699, 1.3333E-01, 1.1067E+01, 1.4667E+00,
13:47:07.38698704, 3.3333E-02, 1.1000E+01, 1.6000E+00,
13:47:07.38698709, 1.3333E-01, 1.1067E+01, 1.4667E+00,
13:47:07.38698714, 6.6667E-02, 1.1133E+01, 1.7333E+00,
13:47:07.38698719, 6.6667E-02, 1.1000E+01, 1.6000E+00,
13:47:07.38698724, 1.6667E-01, 1.1067E+01, 1.3333E+00,
13:47:07.38698729, 6.6667E-02, 1.1000E+01, 1.2000E+00,
13:47:07.38698734, 1.0000E-01, 1.0933E+01, 1.2000E+00,
13:47:07.38698739, 1.0000E-01, 1.1133E+01, 1.2000E+00,
13:47:07.38698744, 1.6667E-01, 1.1200E+01, 1.8667E+00,
13:47:07.38698749, 1.3333E-01, 1.1067E+01, 1.7333E+00,
13:47:07.38698754, 1.0000E-01, 1.1067E+01, 1.4667E+00,
13:47:07.38698759, 1.6667E-01, 1.1067E+01, 1.6000E+00,
13:47:07.38698764, 6.6667E-02, 1.1000E+01, 1.6000E+00,
13:47:07.38698769, 1.0000E-01, 1.1000E+01, 1.7333E+00,
13:47:07.38698774, 1.0000E-01, 1.1067E+01, 1.4667E+00,
13:47:07.38698779, 1.0000E-01, 1.1067E+01, 1.4667E+00,
13:47:07.38698784, 1.3333E-01, 1.1067E+01, 1.2000E+00,
13:47:07.38698789, 1.3333E-01, 1.1067E+01, 1.4667E+00,
13:47:07.38698794, 1.3333E-01, 1.1133E+01, 1.4667E+00,
13:47:07.38698799, 3.3333E-02, 1.1133E+01, 1.4667E+00,
13:47:07.38698804, 1.0000E-01, 1.1067E+01, 1.6000E+00,
13:47:07.38698809, 1.3333E-01, 1.1133E+01, 1.7333E+00,
13:47:07.38698814, 1.0000E-01, 1.0933E+01, 1.6000E+00,
13:47:07.38698819, 0.0000E+00, 1.1000E+01, 1.8667E+00,
13:47:07.38698824, 1.0000E-01, 1.1000E+01, 1.4667E+00,
13:47:07.38698829, 1.6667E-01, 1.1133E+01, 1.7333E+00,
13:47:07.38698834, 1.3333E-01, 1.1000E+01, 1.7333E+00,
13:47:07.38698839, 1.6667E-01, 1.1000E+01, 1.7333E+00,
13:47:07.38698844, 1.0000E-01, 1.1067E+01, 1.6000E+00,
13:47:07.38698849, 1.0000E-01, 1.1067E+01, 1.4667E+00,
13:47:07.38698854, 6.6667E-02, 1.1067E+01, 1.6000E+00,
13:47:07.38698859, 1.3333E-01, 1.1067E+01, 1.8667E+00,
13:47:07.38698864, 1.3333E-01, 1.1000E+01, 1.7333E+00,
13:47:07.38698869, 1.6667E-01, 1.1133E+01, 1.7333E+00,
13:47:07.38698874, 6.6667E-02, 1.1067E+01, 1.3333E+00,
13:47:07.38698879, 1.3333E-01, 1.1133E+01, 1.0667E+00,
13:47:07.38698884, 1.3333E-01, 1.1067E+01, 1.4667E+00,
13:47:07.38698889, 1.6667E-01, 1.1067E+01, 1.4667E+00,
13:47:07.38698894, 6.6667E-02, 1.1000E+01, 1.4667E+00,
13:47:07.38698899, 6.6667E-02, 1.1000E+01, 1.8667E+00,
13:47:07.38698904, 6.6667E-02, 1.1000E+01, 1.4667E+00,
13:47:07.38698909, 1.0000E-01, 1.1133E+01, 1.8667E+00,
13:47:07.38698914, 1.3333E-01, 1.0933E+01, 1.8667E+00,
13:47:07.38698919, 6.6667E-02, 1.1133E+01, 1.7333E+00,
13:47:07.38698924, 1.0000E-01, 1.1067E+01, 1.4667E+00,
13:47:07.38698929, 1.3333E-01, 1.1067E+01, 1.4667E+00,
13:47:07.38698934, 1.6667E-01, 1.1067E+01, 1.4667E+00,
13:47:07.38698939, 1.0000E-01, 1.1200E+01, 1.6000E+00,
13:47:07.38698944, 1.0000E-01, 1.1133E+01, 1.6000E+00,
13:47:07.38698949, 1.0000E-01, 1.1000E+01, 1.3333E+00,
13:47:07.38698954, 1.3333E-01, 1.1000E+01, 1.3333E+00,
13:47:07.38698959, 3.3333E-02, 1.1000E+01, 1.7333E+00,
13:47:07.38698964, 6.6667E-02, 1.1000E+01, 1.6000E+00,
13:47:07.38698969, 6.6667E-02, 1.1067E+01, 1.2000E+00,
13:47:07.38698974, 1.3333E-01, 1.1067E+01, 1.8667E+00,
13:47:07.38698979, 6.6667E-02, 1.1133E+01, 1.2000E+00,
13:47:07.38698984, 1.3333E-01, 1.1133E+01, 1.4667E+00,
13:47:07.38698989, 2.0000E-01, 1.1133E+01, 1.2000E+00,
13:47:07.38698994, 2.0000E-01, 1.1000E+01, 1.3333E+00,
13:47:07.38698999, 6.6667E-02, 1.1133E+01, 1.6000E+00,
13:47:07.38699004, 1.0000E-01, 1.1000E+01, 1.6000E+00,
13:47:07.38699009, 1.0000E-01, 1.1133E+01, 1.6000E+00,
13:47:07.38699014, 1.3333E-01, 1.1133E+01, 1.7333E+00,
13:47:07.38699019, 6.6667E-02, 1.1133E+01, 1.4667E+00,
13:47:07.38699024, 1.0000E-01, 1.0867E+01, 1.4667E+00,
13:47:07.38699029, 1.3333E-01, 1.1000E+01, 1.6000E+00,
13:47:07.38699034, 1.3333E-01, 1.1267E+01, 1.4667E+00,
13:47:07.38699039, 1.0000E-01, 1.1067E+01, 1.6000E+00,
13:47:07.38699044, 3.3333E-02, 1.1200E+01, 1.6000E+00,
13:47:07.38699049, 6.6667E-02, 1.1067E+01, 1.6000E+00,
13:47:07.38699054, 0.0000E+00, 1.1000E+01, 1.2000E+00,
13:47:07.38699059, 6.6667E-02, 1.1067E+01, 1.8667E+00,
13:47:07.38699064, 6.6667E-02, 1.1067E+01, 1.4667E+00,
13:47:07.38699069, 1.3333E-01, 1.1267E+01, 1.4667E+00,
13:47:07.38699074, 1.3333E-01, 1.1133E+01, 1.4667E+00,
13:47:07.38699079, 1.3333E-01, 1.0933E+01, 1.3333E+00,
13:47:07.38699084, 1.0000E-01, 1.0933E+01, 1.4667E+00,
13:47:07.38699089, 6.6667E-02, 1.1067E+01, 1.3333E+00,
13:47:07.38699094, 1.0000E-01, 1.1067E+01, 1.4667E+00,
13:47:07.38699099, 1.0000E-01, 1.1067E+01, 1.3333E+00,
13:47:07.38699104, 1.0000E-01, 1.1133E+01, 1.8667E+00,
13:47:07.38699109, 6.6667E-02, 1.1067E+01, 1.4667E+00,
13:47:07.38699114, 3.3333E-02, 1.1067E+01, 1.3333E+00,
13:47:07.38699119, 6.6667E-02, 1.1067E+01, 1.4667E+00,
13:47:07.38699124, 1.3333E-01, 1.1267E+01, 1.3333E+00,
13:47:07.38699129, 1.0000E-01, 1.1133E+01, 1.3333E+00,
13:47:07.38699134, 1.0000E-01, 1.1133E+01, 1.4667E+00,
13:47:07.38699139, 6.6667E-02, 1.1067E+01, 1.8667E+00,
13:47:07.38699144, 6.6667E-02, 1.1133E+01, 1.7333E+00,
13:47:07.38699149, 1.0000E-01, 1.1000E+01, 1.7333E+00,
13:47:07.38699154, 6.6667E-02, 1.1067E+01, 1.4667E+00,
13:47:07.38699159, 1.0000E-01, 1.1000E+01, 1.7333E+00,
13:47:07.38699164, 1.0000E-01, 1.1067E+01, 1.6000E+00,
13:47:07.38699169, 1.0000E-01, 1.1133E+01, 1.6000E+00,
13:47:07.38699174, 1.6667E-01, 1.1200E+01, 1.3333E+00,
13:47:07.38699179, 1.3333E-01, 1.1133E+01, 1.3333E+00,
13:47:07.38699184, 3.3333E-02, 1.1200E+01, 1.3333E+00,
13:47:07.38699189, 1.6667E-01, 1.1133E+01, 1.4667E+00,
13:47:07.38699194, 1.3333E-01, 1.1000E+01, 1.7333E+00,
13:47:07.38699199, 6.6667E-02, 1.1067E+01, 1.7333E+00,
13:47:07.38699204, 6.6667E-02, 1.1133E+01, 1.6000E+00,
13:47:07.38699209, 6.6667E-02, 1.1200E+01, 1.4667E+00,
13:47:07.38699214, 1.0000E-01, 1.1067E+01, 1.6000E+00,
13:47:07.38699219, 1.3333E-01, 1.1133E+01, 1.4667E+00,
13:47:07.38699224, 1.3333E-01, 1.1067E+01, 1.6000E+00,
13:47:07.38699229, 1.0000E-01, 1.1067E+01, 1.3333E+00,
13:47:07.38699234, 1.0000E-01, 1.1133E+01, 1.6000E+00,
13:47:07.38699239, 1.3333E-01, 1.1067E+01, 1.3333E+00,
13:47:07.38699244, 1.0000E-01, 1.1200E+01, 1.4667E+00,
13:47:07.38699249, 1.0000E-01, 1.1000E+01, 1.7333E+00,
13:47:07.38699254, 6.6667E-02, 1.1200E+01, 1.7333E+00,
13:47:07.38699259, 1.0000E-01, 1.1200E+01, 1.6000E+00,
13:47:07.38699264, 3.3333E-02, 1.1067E+01, 1.4667E+00,
13:47:07.38699269, 1.0000E-01, 1.1067E+01, 1.4667E+00,
13:47:07.38699274, 1.0000E-01, 1.1067E+01, 1.7333E+00,
13:47:07.38699279, 6.6667E-02, 1.1133E+01, 1.3333E+00,
13:47:07.38699284, 1.0000E-01, 1.1000E+01, 1.2000E+00,
13:47:07.38699289, 6.6667E-02, 1.0933E+01, 1.2000E+00,
13:47:07.38699294, 1.0000E-01, 1.0933E+01, 1.6000E+00,
13:47:07.38699299, 1.3333E-01, 1.1133E+01, 1.4667E+00,
13:47:07.38699304, 1.0000E-01, 1.1133E+01, 1.6000E+00,
13:47:07.38699309, 1.0000E-01, 1.1133E+01, 1.2000E+00,
13:47:07.38699314, 1.3333E-01, 1.1067E+01, 1.3333E+00,
13:47:07.38699319, 1.0000E-01, 1.1067E+01, 1.3333E+00,
13:47:07.38699324, 1.0000E-01, 1.1133E+01, 1.3333E+00,
13:47:07.38699329, 1.6667E-01, 1.1000E+01, 1.4667E+00,
13:47:07.38699334, 3.3333E-02, 1.1000E+01, 1.2000E+00,
13:47:07.38699339, 1.3333E-01, 1.1067E+01, 1.7333E+00,
13:47:07.38699344, 1.0000E-01, 1.1133E+01, 1.4667E+00,
13:47:07.38699349, 1.3333E-01, 1.1000E+01, 1.8667E+00,
13:47:07.38699354, 1.3333E-01, 1.1000E+01, 1.6000E+00,
13:47:07.38699359, 1.3333E-01, 1.1133E+01, 1.6000E+00,
13:47:07.38699364, 1.6667E-01, 1.1067E+01, 1.3333E+00,
13:47:07.38699369, 1.3333E-01, 1.1000E+01, 1.6000E+00,
13:47:07.38699374, 6.6667E-02, 1.1133E+01, 1.2000E+00,
13:47:07.38699379, 1.0000E-01, 1.1067E+01, 1.6000E+00,
13:47:07.38699384, 1.3333E-01, 1.1067E+01, 1.4667E+00,
13:47:07.38699389, 3.3333E-02, 1.1067E+01, 1.3333E+00,
13:47:07.38699394, 6.6667E-02, 1.1067E+01, 1.3333E+00,
13:47:07.38699399, 1.3333E-01, 1.1000E+01, 1.6000E+00,
13:47:07.38699404, 1.3333E-01, 1.1067E+01, 1.6000E+00,
13:47:07.38699409, 1.3333E-01, 1.1133E+01, 1.7333E+00,
13:47:07.38699414, 1.6667E-01, 1.1200E+01, 1.4667E+00,
13:47:07.38699419, 1.3333E-01, 1.1133E+01, 1.2000E+00,
13:47:07.38699424, 1.3333E-01, 1.1200E+01, 1.4667E+00,
13:47:07.38699429, 6.6667E-02, 1.1000E+01, 1.4667E+00,
13:47:07.38699434, 6.6667E-02, 1.0933E+01, 1.2000E+00,
13:47:07.38699439, 1.3333E-01, 1.1133E+01, 1.6000E+00,
13:47:07.38699444, 6.6667E-02, 1.1067E+01, 1.4667E+00,
13:47:07.38699449, 1.0000E-01, 1.1067E+01, 2.0000E+00,
13:47:07.38699454, 1.6667E-01, 1.1200E+01, 1.4667E+00,
13:47:07.38699459, 1.3333E-01, 1.1133E+01, 1.6000E+00,
13:47:07.38699464, 1.0000E-01, 1.1200E+01, 1.6000E+00,
13:47:07.38699469, 3.3333E-02, 1.1067E+01, 1.6000E+00,
13:47:07.38699474, 1.0000E-01, 1.1067E+01, 1.0667E+00,
13:47:07.38699479, 1.3333E-01, 1.1067E+01, 1.6000E+00,
13:47:07.38699484, 1.0000E-01, 1.1133E+01, 1.4667E+00,
13:47:07.38699489, 6.6667E-02, 1.1000E+01, 1.4667E+00,
13:47:07.38699494, 1.6667E-01, 1.1133E+01, 1.6000E+00,
13:47:07.38699499, 1.0000E-01, 1.1067E+01, 1.6000E+00,
13:47:07.38699504, 1.6667E-01, 1.1067E+01, 1.6000E+00,
13:47:07.38699509, 6.6667E-02, 1.1133E+01, 1.6000E+00,
13:47:07.38699514, 6.6667E-02, 1.1067E+01, 1.3333E+00,
13:47:07.38699519, 3.3333E-02, 1.1133E+01, 1.3333E+00,
13:47:07.38699524, 1.3333E-01, 1.1133E+01, 1.4667E+00,
13:47:07.38699529, 1.0000E-01, 1.1133E+01, 1.2000E+00,
13:47:07.38699534, 3.3333E-02, 1.1000E+01, 1.6000E+00,
13:47:07.38699539, 3.3333E-02, 1.1133E+01, 1.6000E+00,
13:47:07.38699544, 3.3333E-02, 1.1200E+01, 1.3333E+00,
13:47:07.38699549, 1.0000E-01, 1.1133E+01, 1.7333E+00,
13:47:07.38699554, 1.3333E-01, 1.1200E+01, 1.4667E+00,
13:47:07.38699559, 1.0000E-01, 1.1133E+01, 1.7333E+00,
13:47:07.38699564, 1.3333E-01, 1.1067E+01, 1.4667E+00,
13:47:07.38699569, 6.6667E-02, 1.1000E+01, 1.6000E+00,
13:47:07.38699574, 1.0000E-01, 1.1067E+01, 1.4667E+00,
13:47:07.38699579, 1.0000E-01, 1.0933E+01, 1.6000E+00,
13:47:07.38699584, 6.6667E-02, 1.1067E+01, 1.6000E+00,
13:47:07.38699589, 6.6667E-02, 1.1133E+01, 1.4667E+00,
13:47:07.38699594, 1.0000E-01, 1.1200E+01, 1.8667E+00,
13:47:07.38699599, 1.3333E-01, 1.1133E+01, 1.8667E+00,
13:47:07.38699604, 1.0000E-01, 1.1000E+01, 1.7333E+00,
13:47:07.38699609, 6.6667E-02, 1.1000E+01, 1.8667E+00,
13:47:07.38699614, 1.0000E-01, 1.1067E+01, 1.4667E+00,
13:47:07.38699619, 3.3333E-02, 1.0933E+01, 1.8667E+00,
13:47:07.38699624, 6.6667E-02, 1.1133E+01, 1.2000E+00,
13:47:07.38699629, 1.0000E-01, 1.0867E+01, 1.4667E+00,
13:47:07.38699634, 6.6667E-02, 1.1200E+01, 1.7333E+00,
13:47:07.38699639, 1.0000E-01, 1.1133E+01, 1.6000E+00,
13:47:07.38699644, 1.6667E-01, 1.1133E+01, 1.4667E+00,
13:47:07.38699649, 1.3333E-01, 1.1067E+01, 1.7333E+00,
13:47:07.38699654, 1.3333E-01, 1.1067E+01, 1.4667E+00,
13:47:07.38699659, 1.0000E-01, 1.1200E+01, 1.4667E+00,
13:47:07.38699664, 1.0000E-01, 1.1000E+01, 1.4667E+00,
13:47:07.38699669, 6.6667E-02, 1.1067E+01, 1.6000E+00,
13:47:07.38699674, 6.6667E-02, 1.1000E+01, 1.3333E+00,
13:47:07.38699679, 1.0000E-01, 1.1067E+01, 1.7333E+00,
13:47:07.38699684, 3.3333E-02, 1.1067E+01, 1.6000E+00,
13:47:07.38699689, 1.0000E-01, 1.1000E+01, 1.7333E+00,
13:47:07.38699694, 1.6667E-01, 1.1067E+01, 1.4667E+00,
13:47:07.38699699, 1.3333E-01, 1.1133E+01, 1.6000E+00,
13:47:07.38699704, 3.3333E-02, 1.1133E+01, 1.6000E+00,
13:47:07.38699709, 1.0000E-01, 1.1200E+01, 1.7333E+00,
13:47:07.38699714, 6.6667E-02, 1.1000E+01, 1.4667E+00,
13:47:07.38699719,-3.3333E-02, 1.1067E+01, 1.6000E+00,
13:47:07.38699724, 1.0000E-01, 1.1067E+01, 1.6000E+00,
13:47:07.38699729, 1.0000E-01, 1.1000E+01, 1.4667E+00,
13:47:07.38699734, 0.0000E+00, 1.1133E+01, 1.4667E+00,
13:47:07.38699739, 1.6667E-01, 1.1000E+01, 1.7333E+00,
13:47:07.38699744, 1.3333E-01, 1.1200E+01, 1.4667E+00,
13:47:07.38699749, 1.3333E-01, 1.1200E+01, 1.2000E+00,
13:47:07.38699754, 1.3333E-01, 1.1000E+01, 1.6000E+00,
13:47:07.38699759, 3.3333E-02, 1.1067E+01, 1.4667E+00,
13:47:07.38699764, 1.0000E-01, 1.1000E+01, 1.3333E+00,
13:47:07.38699769, 1.3333E-01, 1.0933E+01, 1.6000E+00,
13:47:07.38699774, 1.0000E-01, 1.1067E+01, 1.2000E+00,
13:47:07.38699779, 3.3333E-02, 1.1067E+01, 1.7333E+00,
13:47:07.38699784, 1.3333E-01, 1.1000E+01, 1.6000E+00,
13:47:07.38699789, 6.6667E-02, 1.1133E+01, 1.6000E+00,
13:47:07.38699794, 6.6667E-02, 1.1133E+01, 1.6000E+00,
13:47:07.38699799, 1.3333E-01, 1.1000E+01, 1.7333E+00,
13:47:07.38699804, 6.6667E-02, 1.1067E+01, 1.4667E+00,
13:47:07.38699809, 6.6667E-02, 1.1067E+01, 1.6000E+00,
13:47:07.38699814, 6.6667E-02, 1.1000E+01, 1.4667E+00,
13:47:07.38699819, 1.0000E-01, 1.1267E+01, 1.3333E+00,
13:47:07.38699824, 6.6667E-02, 1.1133E+01, 1.7333E+00,
13:47:07.38699829, 3.3333E-02, 1.1000E+01, 1.6000E+00,
13:47:07.38699834, 6.6667E-02, 1.1067E+01, 1.4667E+00,
13:47:07.38699839, 1.3333E-01, 1.1200E+01, 1.4667E+00,
13:47:07.38699844, 1.0000E-01, 1.1133E+01, 1.6000E+00,
13:47:07.38699849, 1.0000E-01, 1.0933E+01, 1.6000E+00,
13:47:07.38699854, 3.3333E-02, 1.1067E+01, 1.3333E+00,
13:47:07.38699859, 3.3333E-02, 1.1067E+01, 1.3333E+00,
13:47:07.38699864, 0.0000E+00, 1.1000E+01, 1.4667E+00,
13:47:07.38699869, 0.0000E+00, 1.1000E+01, 1.6000E+00,
13:47:07.38699874, 0.0000E+00, 1.1067E+01, 1.3333E+00,
13:47:07.38699879, 1.0000E-01, 1.1067E+01, 1.2000E+00,
13:47:07.38699884, 1.3333E-01, 1.1133E+01, 1.7333E+00,
13:47:07.38699889, 1.0000E-01, 1.1000E+01, 1.4667E+00,
13:47:07.38699894, 1.0000E-01, 1.1000E+01, 1.4667E+00,
13:47:07.38699899, 1.6667E-01, 1.1200E+01, 1.6000E+00,
13:47:07.38699904, 1.3333E-01, 1.1133E+01, 1.6000E+00,
13:47:07.38699909, 6.6667E-02, 1.1067E+01, 1.6000E+00,
13:47:07.38699914, 1.0000E-01, 1.1067E+01, 1.3333E+00,
13:47:07.38699919, 6.6667E-02, 1.1000E+01, 1.7333E+00,
13:47:07.38699924, 6.6667E-02, 1.1133E+01, 1.4667E+00,
13:47:07.38699929, 0.0000E+00, 1.1067E+01, 1.8667E+00,
13:47:07.38699934, 1.0000E-01, 1.1133E+01, 1.4667E+00,
13:47:07.38699939, 1.3333E-01, 1.1067E+01, 1.6000E+00,
13:47:07.38699944, 1.0000E-01, 1.1067E+01, 1.8667E+00,
13:47:07.38699949, 1.0000E-01, 1.1200E+01, 1.3333E+00,
13:47:07.38699954, 1.3333E-01, 1.1133E+01, 1.6000E+00,
13:47:07.38699959, 1.0000E-01, 1.1000E+01, 1.4667E+00,
13:47:07.38699964, 1.0000E-01, 1.1133E+01, 1.6000E+00,
13:47:07.38699969, 6.6667E-02, 1.1067E+01, 1.4667E+00,
13:47:07.38699974, 3.3333E-02, 1.1200E+01, 1.6000E+00,
13:47:07.38699979, 6.6667E-02, 1.1133E+01, 1.7333E+00,
13:47:07.38699984, 6.6667E-02, 1.1067E+01, 1.4667E+00,
13:47:07.38699989, 1.3333E-01, 1.1067E+01, 1.8667E+00,
13:47:07.38699994, 1.0000E-01, 1.1067E+01, 1.3333E+00,
13:47:07.38699999, 1.3333E-01, 1.1000E+01, 1.4667E+00,
13:47:07.38700004, 0.0000E+00, 1.1067E+01, 1.3333E+00,
13:47:07.38700009, 6.6667E-02, 1.1000E+01, 1.3333E+00,
13:47:07.38700014, 6.6667E-02, 1.1067E+01, 1.6000E+00,
13:47:07.38700019, 1.0000E-01, 1.1000E+01, 1.6000E+00,
13:47:07.38700024, 6.6667E-02, 1.1133E+01, 1.6000E+00,
13:47:07.38700029,-3.3333E-02, 1.1067E+01, 1.3333E+00,
13:47:07.38700034, 1.3333E-01, 1.1133E+01, 1.6000E+00,
13:47:07.38700039, 1.3333E-01, 1.1000E+01, 1.7333E+00,
13:47:07.38700044, 6.6667E-02, 1.1000E+01, 1.2000E+00,
13:47:07.38700049,-3.3333E-02, 1.1200E+01, 1.2000E+00,
13:47:07.38700054, 1.0000E-01, 1.1000E+01, 1.2000E+00,
13:47:07.38700059, 6.6667E-02, 1.1133E+01, 9.3333E-01,
13:47:07.38700064, 3.3333E-02, 1.1067E+01, 1.2000E+00,
13:47:07.38700069, 6.6667E-02, 1.1133E+01, 1.7333E+00,
13:47:07.38700074, 6.6667E-02, 1.1200E+01, 1.7333E+00,
13:47:07.38700079, 1.6667E-01, 1.1200E+01, 1.6000E+00,
13:47:07.38700084, 1.0000E-01, 1.0933E+01, 1.6000E+00,
13:47:07.38700089, 6.6667E-02, 1.1067E+01, 1.2000E+00,
13:47:07.38700094, 6.6667E-02, 1.1133E+01, 1.0667E+00,
13:47:07.38700099, 6.6667E-02, 1.1067E+01, 1.4667E+00,
13:47:07.38700104, 3.3333E-02, 1.1133E+01, 1.7333E+00,
13:47:07.38700109, 1.0000E-01, 1.1133E+01, 1.7333E+00,
13:47:07.38700114, 1.3333E-01, 1.1000E+01, 1.2000E+00,
13:47:07.38700119, 1.3333E-01, 1.1133E+01, 1.4667E+00,
13:47:07.38700124, 3.3333E-02, 1.1133E+01, 1.8667E+00,
13:47:07.38700129, 1.3333E-01, 1.1200E+01, 1.6000E+00,
13:47:07.38700134, 1.3333E-01, 1.1133E+01, 2.0000E+00,
13:47:07.38700139, 1.3333E-01, 1.1133E+01, 1.7333E+00,
13:47:07.38700144, 3.3333E-02, 1.1133E+01, 1.6000E+00,
13:47:07.38700149, 1.0000E-01, 1.1067E+01, 1.4667E+00,
13:47:07.38700154, 0.0000E+00, 1.1133E+01, 1.4667E+00,
13:47:07.38700159, 6.6667E-02, 1.1067E+01, 1.2000E+00,
13:47:07.38700164, 1.3333E-01, 1.0933E+01, 1.8667E+00,
13:47:07.38700169, 1.0000E-01, 1.1133E+01, 1.0667E+00,
13:47:07.38700174, 1.0000E-01, 1.1133E+01, 1.3333E+00,
13:47:07.38700179, 6.6667E-02, 1.1067E+01, 1.4667E+00,
13:47:07.38700184, 3.3333E-02, 1.0867E+01, 1.7333E+00,
13:47:07.38700189, 0.0000E+00, 1.1000E+01, 1.7333E+00,
13:47:07.38700194, 3.3333E-02, 1.1133E+01, 1.8667E+00,
13:47:07.38700199, 6.6667E-02, 1.1000E+01, 1.2000E+00,
13:47:07.38700204, 0.0000E+00, 1.1133E+01, 1.6000E+00,
13:47:07.38700209, 3.3333E-02, 1.1200E+01, 1.6000E+00,
13:47:07.38700214, 1.0000E-01, 1.0933E+01, 1.6000E+00,
13:47:07.38700219, 3.3333E-02, 1.1133E+01, 1.4667E+00,
13:47:07.38700224, 0.0000E+00, 1.1200E+01, 1.6000E+00,
13:47:07.38700229, 1.0000E-01, 1.1133E+01, 1.4667E+00,
13:47:07.38700234, 1.0000E-01, 1.1133E+01, 1.3333E+00,
13:47:07.38700239, 1.0000E-01, 1.1133E+01, 1.3333E+00,
13:47:07.38700244, 6.6667E-02, 1.0933E+01, 1.3333E+00,
13:47:07.38700249, 1.0000E-01, 1.1000E+01, 1.3333E+00,
13:47:07.38700254, 6.6667E-02, 1.1067E+01, 1.4667E+00,
13:47:07.38700259, 1.3333E-01, 1.1067E+01, 1.4667E+00,
13:47:07.38700264, 6.6667E-02, 1.1133E+01, 1.4667E+00,
13:47:07.38700269, 1.3333E-01, 1.1000E+01, 1.6000E+00,
13:47:07.38700274, 1.0000E-01, 1.1000E+01, 1.3333E+00,
13:47:07.38700279, 1.0000E-01, 1.1067E+01, 1.4667E+00,
13:47:07.38700284, 6.6667E-02, 1.1067E+01, 1.4667E+00,
13:47:07.38700289, 1.0000E-01, 1.1333E+01, 1.4667E+00,
13:47:07.38700294, 3.3333E-02, 1.1067E+01, 1.3333E+00,
13:47:07.38700299, 1.0000E-01, 1.1333E+01, 1.3333E+00,
13:47:07.38700304, 6.6667E-02, 1.1133E+01, 1.4667E+00,
13:47:07.38700309, 0.0000E+00, 1.1000E+01, 1.4667E+00,
13:47:07.38700314, 1.0000E-01, 1.0867E+01, 1.3333E+00,
13:47:07.38700319, 1.0000E-01, 1.1133E+01, 1.3333E+00,
