"Header Size"           ,15              
"Model Name"            ,"DL850EV       "
"Comment"               ,"                         "
"BlockNumber"           ,1               
"TraceName"             ,"Vgate         ","Vds           ","Id            "
"BlockSize"             ,4004            ,4004            ,4004            
"VUnit"                 ,"V             ","V             ","A             "
"SampleRate"            ,20000000.000000 ,20000000.000000 ,20000000.000000 
"HResolution"           ,5.000000e-08    ,5.000000e-08    ,5.000000e-08    
"HOffset"               ,-6.000000e-05   ,-6.000000e-05   ,-6.000000e-05   
"HUnit"                 ,"s             ","s             ","s             "
"DisplayPointNo."       ,1               ,1               ,1               
"PhaseShift"            ,1               ,1               ,1               
"Date"                  ,"2026/05/15    ","2026/05/15    ","2026/05/15    "
"Time"                  ,"17:13:15.70624922","17:13:15.70624922","17:13:15.70624922"

17:13:15.70618922, 0.0000E+00, 2.5067E+01, 1.2000E+00,
17:13:15.70618927,-6.6667E-02, 2.4933E+01, 1.2000E+00,
17:13:15.70618932, 0.0000E+00, 2.5067E+01, 1.0667E+00,
17:13:15.70618937, 6.6667E-02, 2.5000E+01, 1.0667E+00,
17:13:15.70618942,-3.3333E-02, 2.5067E+01, 1.2000E+00,
17:13:15.70618947, 0.0000E+00, 2.5067E+01, 1.2000E+00,
17:13:15.70618952, 0.0000E+00, 2.5000E+01, 1.3333E+00,
17:13:15.70618957, 3.3333E-02, 2.4933E+01, 1.3333E+00,
17:13:15.70618962, 6.6667E-02, 2.5067E+01, 1.3333E+00,
17:13:15.70618967, 1.0000E-01, 2.5067E+01, 1.3333E+00,
17:13:15.70618972, 3.3333E-02, 2.5000E+01, 1.3333E+00,
17:13:15.70618977, 0.0000E+00, 2.5067E+01, 9.3333E-01,
17:13:15.70618982, 6.6667E-02, 2.5067E+01, 1.2000E+00,
17:13:15.70618987, 3.3333E-02, 2.4933E+01, 1.2000E+00,
17:13:15.70618992,-6.6667E-02, 2.5067E+01, 1.2000E+00,
17:13:15.70618997,-3.3333E-02, 2.5067E+01, 1.3333E+00,
17:13:15.70619002, 6.6667E-02, 2.5000E+01, 1.3333E+00,
17:13:15.70619007, 3.3333E-02, 2.5000E+01, 1.3333E+00,
17:13:15.70619012, 0.0000E+00, 2.5067E+01, 1.3333E+00,
17:13:15.70619017, 0.0000E+00, 2.5067E+01, 1.2000E+00,
17:13:15.70619022, 0.0000E+00, 2.5000E+01, 1.0667E+00,
17:13:15.70619027, 3.3333E-02, 2.4933E+01, 1.0667E+00,
17:13:15.70619032, 1.0000E-01, 2.5000E+01, 1.2000E+00,
17:13:15.70619037, 3.3333E-02, 2.4933E+01, 1.3333E+00,
17:13:15.70619042,-3.3333E-02, 2.5067E+01, 1.3333E+00,
17:13:15.70619047, 0.0000E+00, 2.5067E+01, 9.3333E-01,
17:13:15.70619052, 0.0000E+00, 2.5067E+01, 1.4667E+00,
17:13:15.70619057, 6.6667E-02, 2.5000E+01, 1.3333E+00,
17:13:15.70619062, 6.6667E-02, 2.4933E+01, 1.2000E+00,
17:13:15.70619067,-3.3333E-02, 2.5000E+01, 1.3333E+00,
17:13:15.70619072, 0.0000E+00, 2.5000E+01, 9.3333E-01,
17:13:15.70619077, 0.0000E+00, 2.4933E+01, 1.2000E+00,
17:13:15.70619082, 0.0000E+00, 2.5000E+01, 1.4667E+00,
17:13:15.70619087, 3.3333E-02, 2.5067E+01, 1.0667E+00,
17:13:15.70619092, 3.3333E-02, 2.5000E+01, 1.2000E+00,
17:13:15.70619097, 3.3333E-02, 2.5067E+01, 1.6000E+00,
17:13:15.70619102, 6.6667E-02, 2.5000E+01, 1.3333E+00,
17:13:15.70619107, 0.0000E+00, 2.5000E+01, 1.3333E+00,
17:13:15.70619112, 3.3333E-02, 2.5000E+01, 1.2000E+00,
17:13:15.70619117, 1.0000E-01, 2.5000E+01, 1.2000E+00,
17:13:15.70619122, 1.0000E-01, 2.4933E+01, 1.0667E+00,
17:13:15.70619127, 6.6667E-02, 2.5067E+01, 1.2000E+00,
17:13:15.70619132,-6.6667E-02, 2.5067E+01, 1.0667E+00,
17:13:15.70619137,-3.3333E-02, 2.5067E+01, 1.4667E+00,
17:13:15.70619142, 6.6667E-02, 2.5133E+01, 1.2000E+00,
17:13:15.70619147, 3.3333E-02, 2.4933E+01, 1.2000E+00,
17:13:15.70619152, 0.0000E+00, 2.5067E+01, 1.2000E+00,
17:13:15.70619157,-3.3333E-02, 2.5067E+01, 1.6000E+00,
17:13:15.70619162, 1.0000E-01, 2.5000E+01, 1.2000E+00,
17:13:15.70619167, 3.3333E-02, 2.5000E+01, 1.0667E+00,
17:13:15.70619172,-6.6667E-02, 2.5000E+01, 9.3333E-01,
17:13:15.70619177, 6.6667E-02, 2.4933E+01, 1.3333E+00,
17:13:15.70619182, 0.0000E+00, 2.5067E+01, 1.2000E+00,
17:13:15.70619187,-3.3333E-02, 2.5067E+01, 1.2000E+00,
17:13:15.70619192, 0.0000E+00, 2.5067E+01, 1.4667E+00,
17:13:15.70619197, 3.3333E-02, 2.5067E+01, 1.2000E+00,
17:13:15.70619202,-3.3333E-02, 2.5067E+01, 1.3333E+00,
17:13:15.70619207, 3.3333E-02, 2.4933E+01, 1.6000E+00,
17:13:15.70619212, 3.3333E-02, 2.5067E+01, 1.0667E+00,
17:13:15.70619217, 0.0000E+00, 2.5067E+01, 1.2000E+00,
17:13:15.70619222, 3.3333E-02, 2.5067E+01, 8.0000E-01,
17:13:15.70619227,-6.6667E-02, 2.5133E+01, 1.0667E+00,
17:13:15.70619232, 0.0000E+00, 2.4933E+01, 1.2000E+00,
17:13:15.70619237, 3.3333E-02, 2.4933E+01, 1.2000E+00,
17:13:15.70619242,-6.6667E-02, 2.5000E+01, 1.4667E+00,
17:13:15.70619247, 6.6667E-02, 2.5200E+01, 1.0667E+00,
17:13:15.70619252, 3.3333E-02, 2.5067E+01, 1.3333E+00,
17:13:15.70619257, 3.3333E-02, 2.5067E+01, 1.2000E+00,
17:13:15.70619262, 0.0000E+00, 2.4933E+01, 1.4667E+00,
17:13:15.70619267,-3.3333E-02, 2.5067E+01, 1.2000E+00,
17:13:15.70619272, 3.3333E-02, 2.4933E+01, 1.4667E+00,
17:13:15.70619277, 3.3333E-02, 2.5067E+01, 1.0667E+00,
17:13:15.70619282, 3.3333E-02, 2.5067E+01, 1.3333E+00,
17:13:15.70619287,-3.3333E-02, 2.5067E+01, 1.4667E+00,
17:13:15.70619292, 0.0000E+00, 2.5200E+01, 1.2000E+00,
17:13:15.70619297, 0.0000E+00, 2.5067E+01, 1.6000E+00,
17:13:15.70619302, 3.3333E-02, 2.5067E+01, 1.3333E+00,
17:13:15.70619307, 0.0000E+00, 2.5000E+01, 1.3333E+00,
17:13:15.70619312, 6.6667E-02, 2.5000E+01, 1.0667E+00,
17:13:15.70619317, 0.0000E+00, 2.5067E+01, 1.3333E+00,
17:13:15.70619322, 3.3333E-02, 2.4933E+01, 1.3333E+00,
17:13:15.70619327,-3.3333E-02, 2.5000E+01, 1.4667E+00,
17:13:15.70619332, 3.3333E-02, 2.5067E+01, 1.2000E+00,
17:13:15.70619337, 0.0000E+00, 2.5000E+01, 1.2000E+00,
17:13:15.70619342, 3.3333E-02, 2.4933E+01, 1.2000E+00,
17:13:15.70619347, 3.3333E-02, 2.4933E+01, 1.0667E+00,
17:13:15.70619352, 0.0000E+00, 2.5067E+01, 1.3333E+00,
17:13:15.70619357, 3.3333E-02, 2.5000E+01, 1.0667E+00,
17:13:15.70619362, 3.3333E-02, 2.5067E+01, 1.3333E+00,
17:13:15.70619367,-3.3333E-02, 2.5067E+01, 1.0667E+00,
17:13:15.70619372,-3.3333E-02, 2.5000E+01, 1.3333E+00,
17:13:15.70619377, 3.3333E-02, 2.5000E+01, 1.2000E+00,
17:13:15.70619382,-6.6667E-02, 2.5067E+01, 1.0667E+00,
17:13:15.70619387,-6.6667E-02, 2.5067E+01, 1.3333E+00,
17:13:15.70619392,-3.3333E-02, 2.5000E+01, 1.4667E+00,
17:13:15.70619397,-1.0000E-01, 2.5067E+01, 1.2000E+00,
17:13:15.70619402, 3.3333E-02, 2.4867E+01, 1.3333E+00,
17:13:15.70619407, 6.6667E-02, 2.5067E+01, 1.2000E+00,
17:13:15.70619412, 0.0000E+00, 2.5067E+01, 1.2000E+00,
17:13:15.70619417, 6.6667E-02, 2.5067E+01, 1.0667E+00,
17:13:15.70619422, 0.0000E+00, 2.5067E+01, 1.2000E+00,
17:13:15.70619427, 3.3333E-02, 2.5067E+01, 9.3333E-01,
17:13:15.70619432, 3.3333E-02, 2.5067E+01, 1.0667E+00,
17:13:15.70619437,-6.6667E-02, 2.4933E+01, 1.2000E+00,
17:13:15.70619442, 1.0000E-01, 2.5000E+01, 1.0667E+00,
17:13:15.70619447, 3.3333E-02, 2.5067E+01, 1.3333E+00,
17:13:15.70619452, 0.0000E+00, 2.5067E+01, 1.2000E+00,
17:13:15.70619457, 0.0000E+00, 2.5067E+01, 1.3333E+00,
17:13:15.70619462, 3.3333E-02, 2.5133E+01, 1.4667E+00,
17:13:15.70619467,-3.3333E-02, 2.5000E+01, 1.2000E+00,
17:13:15.70619472,-3.3333E-02, 2.4867E+01, 1.4667E+00,
17:13:15.70619477,-3.3333E-02, 2.5000E+01, 1.2000E+00,
17:13:15.70619482, 0.0000E+00, 2.5067E+01, 1.0667E+00,
17:13:15.70619487, 0.0000E+00, 2.4933E+01, 1.2000E+00,
17:13:15.70619492, 3.3333E-02, 2.5000E+01, 1.2000E+00,
17:13:15.70619497, 6.6667E-02, 2.4933E+01, 1.3333E+00,
17:13:15.70619502, 3.3333E-02, 2.5000E+01, 1.0667E+00,
17:13:15.70619507,-6.6667E-02, 2.4933E+01, 9.3333E-01,
17:13:15.70619512, 3.3333E-02, 2.4933E+01, 1.3333E+00,
17:13:15.70619517,-3.3333E-02, 2.4933E+01, 1.2000E+00,
17:13:15.70619522, 0.0000E+00, 2.5000E+01, 1.3333E+00,
17:13:15.70619527, 3.3333E-02, 2.5067E+01, 1.0667E+00,
17:13:15.70619532, 3.3333E-02, 2.5067E+01, 1.0667E+00,
17:13:15.70619537, 0.0000E+00, 2.5067E+01, 1.2000E+00,
17:13:15.70619542, 3.3333E-02, 2.5000E+01, 1.0667E+00,
17:13:15.70619547, 3.3333E-02, 2.5000E+01, 1.4667E+00,
17:13:15.70619552, 3.3333E-02, 2.5000E+01, 1.2000E+00,
17:13:15.70619557, 0.0000E+00, 2.5067E+01, 1.6000E+00,
17:13:15.70619562,-3.3333E-02, 2.4933E+01, 1.2000E+00,
17:13:15.70619567, 0.0000E+00, 2.5067E+01, 1.0667E+00,
17:13:15.70619572, 1.3333E-01, 2.5067E+01, 1.4667E+00,
17:13:15.70619577, 6.6667E-02, 2.5067E+01, 1.0667E+00,
17:13:15.70619582, 3.3333E-02, 2.5067E+01, 1.3333E+00,
17:13:15.70619587, 3.3333E-02, 2.5000E+01, 1.3333E+00,
17:13:15.70619592, 6.6667E-02, 2.5067E+01, 1.4667E+00,
17:13:15.70619597,-3.3333E-02, 2.5000E+01, 1.2000E+00,
17:13:15.70619602, 0.0000E+00, 2.5000E+01, 1.3333E+00,
17:13:15.70619607, 0.0000E+00, 2.5067E+01, 1.2000E+00,
17:13:15.70619612, 3.3333E-02, 2.5000E+01, 1.2000E+00,
17:13:15.70619617, 0.0000E+00, 2.5067E+01, 1.0667E+00,
17:13:15.70619622, 6.6667E-02, 2.5067E+01, 9.3333E-01,
17:13:15.70619627,-3.3333E-02, 2.4933E+01, 1.0667E+00,
17:13:15.70619632, 0.0000E+00, 2.5067E+01, 1.0667E+00,
17:13:15.70619637, 0.0000E+00, 2.5000E+01, 9.3333E-01,
17:13:15.70619642, 3.3333E-02, 2.4933E+01, 1.2000E+00,
17:13:15.70619647,-3.3333E-02, 2.5067E+01, 8.0000E-01,
17:13:15.70619652, 3.3333E-02, 2.5067E+01, 1.4667E+00,
17:13:15.70619657, 0.0000E+00, 2.5000E+01, 1.3333E+00,
17:13:15.70619662, 6.6667E-02, 2.5067E+01, 1.3333E+00,
17:13:15.70619667, 3.3333E-02, 2.5000E+01, 9.3333E-01,
17:13:15.70619672, 0.0000E+00, 2.5067E+01, 1.0667E+00,
17:13:15.70619677, 3.3333E-02, 2.5067E+01, 1.4667E+00,
17:13:15.70619682, 0.0000E+00, 2.5067E+01, 1.2000E+00,
17:13:15.70619687, 3.3333E-02, 2.5000E+01, 8.0000E-01,
17:13:15.70619692, 0.0000E+00, 2.5000E+01, 1.3333E+00,
17:13:15.70619697, 6.6667E-02, 2.5067E+01, 1.2000E+00,
17:13:15.70619702,-6.6667E-02, 2.4933E+01, 1.3333E+00,
17:13:15.70619707, 3.3333E-02, 2.5000E+01, 1.3333E+00,
17:13:15.70619712, 3.3333E-02, 2.5067E+01, 1.2000E+00,
17:13:15.70619717, 6.6667E-02, 2.5067E+01, 9.3333E-01,
17:13:15.70619722, 0.0000E+00, 2.4867E+01, 1.0667E+00,
17:13:15.70619727, 6.6667E-02, 2.4933E+01, 1.3333E+00,
17:13:15.70619732, 6.6667E-02, 2.5067E+01, 1.6000E+00,
17:13:15.70619737, 3.3333E-02, 2.5000E+01, 1.2000E+00,
17:13:15.70619742, 3.3333E-02, 2.5067E+01, 1.3333E+00,
17:13:15.70619747, 3.3333E-02, 2.5067E+01, 1.0667E+00,
17:13:15.70619752, 3.3333E-02, 2.5067E+01, 9.3333E-01,
17:13:15.70619757,-3.3333E-02, 2.5067E+01, 1.2000E+00,
17:13:15.70619762,-3.3333E-02, 2.5067E+01, 1.2000E+00,
17:13:15.70619767, 0.0000E+00, 2.5067E+01, 9.3333E-01,
17:13:15.70619772, 0.0000E+00, 2.4933E+01, 1.0667E+00,
17:13:15.70619777, 3.3333E-02, 2.5067E+01, 1.2000E+00,
17:13:15.70619782, 0.0000E+00, 2.5067E+01, 1.4667E+00,
17:13:15.70619787, 6.6667E-02, 2.4933E+01, 1.2000E+00,
17:13:15.70619792, 0.0000E+00, 2.5067E+01, 1.0667E+00,
17:13:15.70619797, 0.0000E+00, 2.5000E+01, 1.3333E+00,
17:13:15.70619802,-3.3333E-02, 2.5000E+01, 1.4667E+00,
17:13:15.70619807, 0.0000E+00, 2.5067E+01, 1.3333E+00,
17:13:15.70619812, 0.0000E+00, 2.5067E+01, 8.0000E-01,
17:13:15.70619817, 0.0000E+00, 2.5067E+01, 1.2000E+00,
17:13:15.70619822, 3.3333E-02, 2.4800E+01, 1.2000E+00,
17:13:15.70619827, 0.0000E+00, 2.5000E+01, 1.2000E+00,
17:13:15.70619832, 3.3333E-02, 2.5000E+01, 1.2000E+00,
17:13:15.70619837, 0.0000E+00, 2.5000E+01, 1.2000E+00,
17:13:15.70619842, 3.3333E-02, 2.5000E+01, 1.4667E+00,
17:13:15.70619847, 6.6667E-02, 2.5067E+01, 1.4667E+00,
17:13:15.70619852, 0.0000E+00, 2.5000E+01, 1.3333E+00,
17:13:15.70619857, 1.0000E-01, 2.5067E+01, 1.0667E+00,
17:13:15.70619862, 6.6667E-02, 2.5067E+01, 8.0000E-01,
17:13:15.70619867, 3.3333E-02, 2.5067E+01, 1.3333E+00,
17:13:15.70619872,-3.3333E-02, 2.5133E+01, 1.2000E+00,
17:13:15.70619877,-6.6667E-02, 2.5000E+01, 1.3333E+00,
17:13:15.70619882, 0.0000E+00, 2.5000E+01, 1.4667E+00,
17:13:15.70619887, 6.6667E-02, 2.5067E+01, 1.4667E+00,
17:13:15.70619892, 0.0000E+00, 2.5000E+01, 1.2000E+00,
17:13:15.70619897,-3.3333E-02, 2.5067E+01, 1.2000E+00,
17:13:15.70619902, 0.0000E+00, 2.5067E+01, 1.0667E+00,
17:13:15.70619907, 3.3333E-02, 2.5000E+01, 1.2000E+00,
17:13:15.70619912, 0.0000E+00, 2.5067E+01, 1.4667E+00,
17:13:15.70619917, 6.6667E-02, 2.5067E+01, 9.3333E-01,
17:13:15.70619922,-3.3333E-02, 2.4933E+01, 1.3333E+00,
17:13:15.70619927, 0.0000E+00, 2.5067E+01, 1.2000E+00,
17:13:15.70619932, 0.0000E+00, 2.5067E+01, 1.3333E+00,
17:13:15.70619937, 6.6667E-02, 2.5067E+01, 1.6000E+00,
17:13:15.70619942, 6.6667E-02, 2.5067E+01, 1.4667E+00,
17:13:15.70619947, 0.0000E+00, 2.4933E+01, 1.2000E+00,
17:13:15.70619952, 3.3333E-02, 2.5067E+01, 1.2000E+00,
17:13:15.70619957, 0.0000E+00, 2.5067E+01, 9.3333E-01,
17:13:15.70619962, 0.0000E+00, 2.5000E+01, 1.0667E+00,
17:13:15.70619967, 3.3333E-02, 2.5067E+01, 1.0667E+00,
17:13:15.70619972, 3.3333E-02, 2.5133E+01, 9.3333E-01,
17:13:15.70619977, 0.0000E+00, 2.5067E+01, 1.2000E+00,
17:13:15.70619982, 3.3333E-02, 2.4933E+01, 1.4667E+00,
17:13:15.70619987, 0.0000E+00, 2.5067E+01, 1.2000E+00,
17:13:15.70619992, 6.6667E-02, 2.5067E+01, 9.3333E-01,
17:13:15.70619997,-3.3333E-02, 2.5067E+01, 1.3333E+00,
17:13:15.70620002, 0.0000E+00, 2.4933E+01, 1.3333E+00,
17:13:15.70620007,-6.6667E-02, 2.5067E+01, 1.0667E+00,
17:13:15.70620012,-3.3333E-02, 2.4867E+01, 1.2000E+00,
17:13:15.70620017, 3.3333E-02, 2.5133E+01, 1.2000E+00,
17:13:15.70620022, 3.3333E-02, 2.4933E+01, 1.2000E+00,
17:13:15.70620027,-3.3333E-02, 2.4933E+01, 1.2000E+00,
17:13:15.70620032, 3.3333E-02, 2.5067E+01, 1.3333E+00,
17:13:15.70620037, 0.0000E+00, 2.5000E+01, 1.2000E+00,
17:13:15.70620042,-3.3333E-02, 2.5000E+01, 1.2000E+00,
17:13:15.70620047, 3.3333E-02, 2.5067E+01, 1.4667E+00,
17:13:15.70620052, 0.0000E+00, 2.5067E+01, 1.0667E+00,
17:13:15.70620057, 3.3333E-02, 2.5067E+01, 1.2000E+00,
17:13:15.70620062, 3.3333E-02, 2.5067E+01, 9.3333E-01,
17:13:15.70620067, 3.3333E-02, 2.5067E+01, 1.2000E+00,
17:13:15.70620072, 3.3333E-02, 2.4933E+01, 9.3333E-01,
17:13:15.70620077, 6.6667E-02, 2.5067E+01, 1.4667E+00,
17:13:15.70620082, 6.6667E-02, 2.4933E+01, 1.2000E+00,
17:13:15.70620087, 3.3333E-02, 2.5067E+01, 1.0667E+00,
17:13:15.70620092, 3.3333E-02, 2.5067E+01, 1.2000E+00,
17:13:15.70620097, 0.0000E+00, 2.5067E+01, 1.2000E+00,
17:13:15.70620102,-3.3333E-02, 2.5067E+01, 9.3333E-01,
17:13:15.70620107,-3.3333E-02, 2.4933E+01, 1.2000E+00,
17:13:15.70620112,-3.3333E-02, 2.5000E+01, 1.3333E+00,
17:13:15.70620117, 6.6667E-02, 2.5133E+01, 1.3333E+00,
17:13:15.70620122, 3.3333E-02, 2.5067E+01, 1.3333E+00,
17:13:15.70620127, 3.3333E-02, 2.5000E+01, 1.3333E+00,
17:13:15.70620132, 1.3333E-01, 2.5067E+01, 1.0667E+00,
17:13:15.70620137,-3.3333E-02, 2.5000E+01, 1.3333E+00,
17:13:15.70620142, 0.0000E+00, 2.4933E+01, 1.3333E+00,
17:13:15.70620147, 3.3333E-02, 2.5000E+01, 8.0000E-01,
17:13:15.70620152, 6.6667E-02, 2.5067E+01, 1.0667E+00,
17:13:15.70620157,-3.3333E-02, 2.4933E+01, 1.2000E+00,
17:13:15.70620162, 0.0000E+00, 2.4867E+01, 1.3333E+00,
17:13:15.70620167, 0.0000E+00, 2.5067E+01, 6.6667E-01,
17:13:15.70620172, 0.0000E+00, 2.5067E+01, 1.3333E+00,
17:13:15.70620177,-6.6667E-02, 2.5067E+01, 1.2000E+00,
17:13:15.70620182,-3.3333E-02, 2.5067E+01, 1.3333E+00,
17:13:15.70620187, 0.0000E+00, 2.5000E+01, 1.2000E+00,
17:13:15.70620192,-3.3333E-02, 2.5067E+01, 1.2000E+00,
17:13:15.70620197, 0.0000E+00, 2.5000E+01, 1.0667E+00,
17:13:15.70620202, 3.3333E-02, 2.5133E+01, 1.0667E+00,
17:13:15.70620207,-3.3333E-02, 2.5067E+01, 1.2000E+00,
17:13:15.70620212, 3.3333E-02, 2.4933E+01, 1.3333E+00,
17:13:15.70620217, 0.0000E+00, 2.4867E+01, 1.2000E+00,
17:13:15.70620222, 3.3333E-02, 2.5133E+01, 9.3333E-01,
17:13:15.70620227,-6.6667E-02, 2.5000E+01, 1.3333E+00,
17:13:15.70620232, 3.3333E-02, 2.5133E+01, 1.2000E+00,
17:13:15.70620237, 3.3333E-02, 2.5133E+01, 9.3333E-01,
17:13:15.70620242, 3.3333E-02, 2.5067E+01, 9.3333E-01,
17:13:15.70620247,-3.3333E-02, 2.5067E+01, 1.0667E+00,
17:13:15.70620252, 0.0000E+00, 2.4933E+01, 1.2000E+00,
17:13:15.70620257, 3.3333E-02, 2.5000E+01, 1.2000E+00,
17:13:15.70620262, 3.3333E-02, 2.5000E+01, 1.2000E+00,
17:13:15.70620267, 0.0000E+00, 2.5067E+01, 6.6667E-01,
17:13:15.70620272, 3.3333E-02, 2.5000E+01, 1.2000E+00,
17:13:15.70620277, 6.6667E-02, 2.5067E+01, 1.4667E+00,
17:13:15.70620282, 0.0000E+00, 2.5067E+01, 1.2000E+00,
17:13:15.70620287,-3.3333E-02, 2.5000E+01, 1.2000E+00,
17:13:15.70620292, 3.3333E-02, 2.5067E+01, 9.3333E-01,
17:13:15.70620297, 0.0000E+00, 2.5000E+01, 1.0667E+00,
17:13:15.70620302, 3.3333E-02, 2.5067E+01, 1.2000E+00,
17:13:15.70620307, 3.3333E-02, 2.4933E+01, 1.3333E+00,
17:13:15.70620312, 0.0000E+00, 2.4933E+01, 9.3333E-01,
17:13:15.70620317, 3.3333E-02, 2.5067E+01, 1.2000E+00,
17:13:15.70620322, 1.0000E-01, 2.5067E+01, 1.0667E+00,
17:13:15.70620327, 3.3333E-02, 2.5133E+01, 1.3333E+00,
17:13:15.70620332, 0.0000E+00, 2.5133E+01, 1.2000E+00,
17:13:15.70620337, 0.0000E+00, 2.5067E+01, 9.3333E-01,
17:13:15.70620342, 3.3333E-02, 2.5000E+01, 8.0000E-01,
17:13:15.70620347, 0.0000E+00, 2.4933E+01, 1.3333E+00,
17:13:15.70620352, 3.3333E-02, 2.5067E+01, 1.3333E+00,
17:13:15.70620357, 0.0000E+00, 2.5067E+01, 8.0000E-01,
17:13:15.70620362, 1.0000E-01, 2.5067E+01, 1.4667E+00,
17:13:15.70620367, 3.3333E-02, 2.5267E+01, 1.3333E+00,
17:13:15.70620372, 3.3333E-02, 2.5000E+01, 1.3333E+00,
17:13:15.70620377, 0.0000E+00, 2.4867E+01, 1.2000E+00,
17:13:15.70620382, 6.6667E-02, 2.5067E+01, 1.2000E+00,
17:13:15.70620387,-3.3333E-02, 2.4933E+01, 1.0667E+00,
17:13:15.70620392, 6.6667E-02, 2.4933E+01, 9.3333E-01,
17:13:15.70620397, 3.3333E-02, 2.5067E+01, 9.3333E-01,
17:13:15.70620402,-1.0000E-01, 2.5067E+01, 1.0667E+00,
17:13:15.70620407, 3.3333E-02, 2.5133E+01, 1.0667E+00,
17:13:15.70620412, 0.0000E+00, 2.5067E+01, 9.3333E-01,
17:13:15.70620417,-3.3333E-02, 2.5000E+01, 6.6667E-01,
17:13:15.70620422, 0.0000E+00, 2.4933E+01, 1.4667E+00,
17:13:15.70620427,-3.3333E-02, 2.5000E+01, 8.0000E-01,
17:13:15.70620432, 3.3333E-02, 2.4933E+01, 1.3333E+00,
17:13:15.70620437, 0.0000E+00, 2.5000E+01, 1.2000E+00,
17:13:15.70620442, 1.0000E-01, 2.5000E+01, 1.3333E+00,
17:13:15.70620447, 0.0000E+00, 2.5067E+01, 1.2000E+00,
17:13:15.70620452, 3.3333E-02, 2.5067E+01, 1.2000E+00,
17:13:15.70620457, 6.6667E-02, 2.5067E+01, 9.3333E-01,
17:13:15.70620462, 6.6667E-02, 2.5067E+01, 1.0667E+00,
17:13:15.70620467,-6.6667E-02, 2.5067E+01, 1.2000E+00,
17:13:15.70620472, 3.3333E-02, 2.5067E+01, 1.0667E+00,
17:13:15.70620477,-3.3333E-02, 2.5067E+01, 1.2000E+00,
17:13:15.70620482,-3.3333E-02, 2.5000E+01, 1.2000E+00,
17:13:15.70620487, 6.6667E-02, 2.4933E+01, 1.0667E+00,
17:13:15.70620492, 0.0000E+00, 2.5067E+01, 1.0667E+00,
17:13:15.70620497, 0.0000E+00, 2.5067E+01, 1.2000E+00,
17:13:15.70620502, 0.0000E+00, 2.5067E+01, 9.3333E-01,
17:13:15.70620507, 6.6667E-02, 2.5067E+01, 1.2000E+00,
17:13:15.70620512, 3.3333E-02, 2.4933E+01, 1.2000E+00,
17:13:15.70620517,-6.6667E-02, 2.5067E+01, 1.0667E+00,
17:13:15.70620522, 6.6667E-02, 2.5000E+01, 1.2000E+00,
17:13:15.70620527, 0.0000E+00, 2.5000E+01, 8.0000E-01,
17:13:15.70620532,-3.3333E-02, 2.4867E+01, 6.6667E-01,
17:13:15.70620537,-3.3333E-02, 2.5067E+01, 1.6000E+00,
17:13:15.70620542,-6.6667E-02, 2.5000E+01, 1.2000E+00,
17:13:15.70620547, 3.3333E-02, 2.5067E+01, 1.0667E+00,
17:13:15.70620552, 0.0000E+00, 2.5000E+01, 1.0667E+00,
17:13:15.70620557, 0.0000E+00, 2.5067E+01, 1.3333E+00,
17:13:15.70620562, 6.6667E-02, 2.5000E+01, 1.3333E+00,
17:13:15.70620567, 3.3333E-02, 2.5000E+01, 9.3333E-01,
17:13:15.70620572,-3.3333E-02, 2.5067E+01, 9.3333E-01,
17:13:15.70620577, 0.0000E+00, 2.5067E+01, 1.3333E+00,
17:13:15.70620582,-3.3333E-02, 2.5067E+01, 1.0667E+00,
17:13:15.70620587, 0.0000E+00, 2.5067E+01, 1.4667E+00,
17:13:15.70620592,-3.3333E-02, 2.5067E+01, 1.0667E+00,
17:13:15.70620597, 3.3333E-02, 2.5067E+01, 1.2000E+00,
17:13:15.70620602, 3.3333E-02, 2.5067E+01, 1.2000E+00,
17:13:15.70620607, 6.6667E-02, 2.5067E+01, 1.3333E+00,
17:13:15.70620612, 0.0000E+00, 2.5133E+01, 1.0667E+00,
17:13:15.70620617,-3.3333E-02, 2.5067E+01, 1.3333E+00,
17:13:15.70620622, 6.6667E-02, 2.5067E+01, 1.2000E+00,
17:13:15.70620627, 3.3333E-02, 2.5067E+01, 1.0667E+00,
17:13:15.70620632, 3.3333E-02, 2.5133E+01, 1.0667E+00,
17:13:15.70620637, 0.0000E+00, 2.4867E+01, 9.3333E-01,
17:13:15.70620642, 0.0000E+00, 2.5067E+01, 1.0667E+00,
17:13:15.70620647, 0.0000E+00, 2.5000E+01, 1.4667E+00,
17:13:15.70620652,-1.3333E-01, 2.5067E+01, 9.3333E-01,
17:13:15.70620657, 6.6667E-02, 2.5000E+01, 1.2000E+00,
17:13:15.70620662, 0.0000E+00, 2.5067E+01, 1.2000E+00,
17:13:15.70620667, 3.3333E-02, 2.5000E+01, 1.2000E+00,
17:13:15.70620672, 0.0000E+00, 2.4933E+01, 9.3333E-01,
17:13:15.70620677, 6.6667E-02, 2.5067E+01, 1.3333E+00,
17:13:15.70620682,-3.3333E-02, 2.5000E+01, 1.2000E+00,
17:13:15.70620687, 0.0000E+00, 2.5000E+01, 1.2000E+00,
17:13:15.70620692, 3.3333E-02, 2.5067E+01, 9.3333E-01,
17:13:15.70620697, 3.3333E-02, 2.5067E+01, 1.0667E+00,
17:13:15.70620702, 6.6667E-02, 2.5000E+01, 1.3333E+00,
17:13:15.70620707, 6.6667E-02, 2.5067E+01, 1.2000E+00,
17:13:15.70620712,-6.6667E-02, 2.5067E+01, 1.3333E+00,
17:13:15.70620717, 0.0000E+00, 2.5133E+01, 1.2000E+00,
17:13:15.70620722, 3.3333E-02, 2.5000E+01, 1.4667E+00,
17:13:15.70620727, 6.6667E-02, 2.5133E+01, 1.2000E+00,
17:13:15.70620732, 0.0000E+00, 2.5067E+01, 1.0667E+00,
17:13:15.70620737, 3.3333E-02, 2.5000E+01, 1.3333E+00,
17:13:15.70620742, 0.0000E+00, 2.5067E+01, 9.3333E-01,
17:13:15.70620747, 0.0000E+00, 2.5000E+01, 1.2000E+00,
17:13:15.70620752, 3.3333E-02, 2.4933E+01, 9.3333E-01,
17:13:15.70620757, 0.0000E+00, 2.5067E+01, 9.3333E-01,
17:13:15.70620762, 0.0000E+00, 2.5067E+01, 1.2000E+00,
17:13:15.70620767, 3.3333E-02, 2.5067E+01, 1.2000E+00,
17:13:15.70620772,-3.3333E-02, 2.5067E+01, 1.0667E+00,
17:13:15.70620777,-3.3333E-02, 2.5067E+01, 1.0667E+00,
17:13:15.70620782, 0.0000E+00, 2.5133E+01, 1.3333E+00,
17:13:15.70620787, 0.0000E+00, 2.5067E+01, 1.0667E+00,
17:13:15.70620792, 1.0000E-01, 2.5067E+01, 1.2000E+00,
17:13:15.70620797, 0.0000E+00, 2.5067E+01, 1.3333E+00,
17:13:15.70620802, 6.6667E-02, 2.5067E+01, 1.3333E+00,
17:13:15.70620807, 3.3333E-02, 2.5067E+01, 1.2000E+00,
17:13:15.70620812, 3.3333E-02, 2.5067E+01, 1.3333E+00,
17:13:15.70620817,-3.3333E-02, 2.5067E+01, 1.0667E+00,
17:13:15.70620822,-1.0000E-01, 2.5067E+01, 1.2000E+00,
17:13:15.70620827, 3.3333E-02, 2.5000E+01, 9.3333E-01,
17:13:15.70620832,-3.3333E-02, 2.5067E+01, 1.0667E+00,
17:13:15.70620837, 0.0000E+00, 2.5067E+01, 1.2000E+00,
17:13:15.70620842, 6.6667E-02, 2.4933E+01, 1.2000E+00,
17:13:15.70620847, 3.3333E-02, 2.5000E+01, 1.3333E+00,
17:13:15.70620852,-6.6667E-02, 2.5067E+01, 8.0000E-01,
17:13:15.70620857,-3.3333E-02, 2.5067E+01, 1.0667E+00,
17:13:15.70620862, 6.6667E-02, 2.5067E+01, 1.3333E+00,
17:13:15.70620867, 3.3333E-02, 2.5000E+01, 1.3333E+00,
17:13:15.70620872,-3.3333E-02, 2.5133E+01, 1.3333E+00,
17:13:15.70620877,-6.6667E-02, 2.4933E+01, 1.0667E+00,
17:13:15.70620882, 3.3333E-02, 2.5000E+01, 1.3333E+00,
17:13:15.70620887, 3.3333E-02, 2.5067E+01, 1.3333E+00,
17:13:15.70620892, 0.0000E+00, 2.5067E+01, 1.0667E+00,
17:13:15.70620897, 0.0000E+00, 2.5000E+01, 1.0667E+00,
17:13:15.70620902, 3.3333E-02, 2.5000E+01, 1.2000E+00,
17:13:15.70620907, 0.0000E+00, 2.5067E+01, 1.4667E+00,
17:13:15.70620912, 6.6667E-02, 2.5000E+01, 9.3333E-01,
17:13:15.70620917,-6.6667E-02, 2.5067E+01, 1.2000E+00,
17:13:15.70620922, 0.0000E+00, 2.5067E+01, 1.2000E+00,
17:13:15.70620927, 0.0000E+00, 2.4933E+01, 1.3333E+00,
17:13:15.70620932, 3.3333E-02, 2.5067E+01, 1.2000E+00,
17:13:15.70620937, 3.3333E-02, 2.5067E+01, 1.4667E+00,
17:13:15.70620942, 0.0000E+00, 2.5067E+01, 1.2000E+00,
17:13:15.70620947,-3.3333E-02, 2.5067E+01, 9.3333E-01,
17:13:15.70620952, 0.0000E+00, 2.5000E+01, 8.0000E-01,
17:13:15.70620957, 3.3333E-02, 2.5067E+01, 1.3333E+00,
17:13:15.70620962,-3.3333E-02, 2.5067E+01, 1.2000E+00,
17:13:15.70620967, 0.0000E+00, 2.5000E+01, 1.2000E+00,
17:13:15.70620972, 6.6667E-02, 2.5133E+01, 1.0667E+00,
17:13:15.70620977,-3.3333E-02, 2.4933E+01, 1.2000E+00,
17:13:15.70620982, 6.6667E-02, 2.5000E+01, 1.2000E+00,
17:13:15.70620987, 1.0000E-01, 2.5067E+01, 9.3333E-01,
17:13:15.70620992, 0.0000E+00, 2.5067E+01, 1.3333E+00,
17:13:15.70620997, 6.6667E-02, 2.5067E+01, 1.6000E+00,
17:13:15.70621002, 6.6667E-02, 2.5000E+01, 9.3333E-01,
17:13:15.70621007, 6.6667E-02, 2.5000E+01, 1.3333E+00,
17:13:15.70621012, 3.3333E-02, 2.5067E+01, 1.0667E+00,
17:13:15.70621017, 6.6667E-02, 2.5067E+01, 1.2000E+00,
17:13:15.70621022,-3.3333E-02, 2.5000E+01, 1.2000E+00,
17:13:15.70621027, 6.6667E-02, 2.5000E+01, 1.2000E+00,
17:13:15.70621032,-3.3333E-02, 2.5067E+01, 1.2000E+00,
17:13:15.70621037, 3.3333E-02, 2.5067E+01, 1.0667E+00,
17:13:15.70621042,-3.3333E-02, 2.5067E+01, 1.2000E+00,
17:13:15.70621047,-6.6667E-02, 2.5133E+01, 1.0667E+00,
17:13:15.70621052, 0.0000E+00, 2.5000E+01, 1.0667E+00,
17:13:15.70621057,-6.6667E-02, 2.5067E+01, 1.3333E+00,
17:13:15.70621062, 6.6667E-02, 2.5067E+01, 1.0667E+00,
17:13:15.70621067, 0.0000E+00, 2.5067E+01, 1.2000E+00,
17:13:15.70621072,-3.3333E-02, 2.5000E+01, 1.3333E+00,
17:13:15.70621077, 1.0000E-01, 2.5133E+01, 9.3333E-01,
17:13:15.70621082, 6.6667E-02, 2.5200E+01, 9.3333E-01,
17:13:15.70621087, 6.6667E-02, 2.4933E+01, 1.4667E+00,
17:13:15.70621092,-3.3333E-02, 2.4933E+01, 1.4667E+00,
17:13:15.70621097, 3.3333E-02, 2.5000E+01, 1.0667E+00,
17:13:15.70621102, 0.0000E+00, 2.5000E+01, 9.3333E-01,
17:13:15.70621107, 3.3333E-02, 2.5067E+01, 1.0667E+00,
17:13:15.70621112, 3.3333E-02, 2.5000E+01, 1.4667E+00,
17:13:15.70621117,-3.3333E-02, 2.5000E+01, 9.3333E-01,
17:13:15.70621122, 3.3333E-02, 2.5067E+01, 1.2000E+00,
17:13:15.70621127, 3.3333E-02, 2.5067E+01, 1.2000E+00,
17:13:15.70621132, 0.0000E+00, 2.5067E+01, 1.0667E+00,
17:13:15.70621137, 3.3333E-02, 2.4933E+01, 1.0667E+00,
17:13:15.70621142, 0.0000E+00, 2.5067E+01, 1.0667E+00,
17:13:15.70621147,-3.3333E-02, 2.5000E+01, 1.2000E+00,
17:13:15.70621152, 6.6667E-02, 2.5000E+01, 1.0667E+00,
17:13:15.70621157, 3.3333E-02, 2.4933E+01, 9.3333E-01,
17:13:15.70621162, 0.0000E+00, 2.5067E+01, 1.0667E+00,
17:13:15.70621167, 6.6667E-02, 2.5067E+01, 1.2000E+00,
17:13:15.70621172, 3.3333E-02, 2.5067E+01, 1.0667E+00,
17:13:15.70621177, 3.3333E-02, 2.5133E+01, 1.2000E+00,
17:13:15.70621182, 0.0000E+00, 2.5067E+01, 1.2000E+00,
17:13:15.70621187, 3.3333E-02, 2.5067E+01, 1.0667E+00,
17:13:15.70621192, 0.0000E+00, 2.5000E+01, 1.3333E+00,
17:13:15.70621197, 0.0000E+00, 2.4933E+01, 1.0667E+00,
17:13:15.70621202, 3.3333E-02, 2.4933E+01, 1.0667E+00,
17:13:15.70621207, 0.0000E+00, 2.5000E+01, 1.2000E+00,
17:13:15.70621212, 6.6667E-02, 2.5000E+01, 1.2000E+00,
17:13:15.70621217, 3.3333E-02, 2.5067E+01, 1.2000E+00,
17:13:15.70621222, 1.0000E-01, 2.5067E+01, 1.2000E+00,
17:13:15.70621227, 0.0000E+00, 2.5067E+01, 9.3333E-01,
17:13:15.70621232, 0.0000E+00, 2.5133E+01, 1.2000E+00,
17:13:15.70621237, 1.3333E-01, 2.5067E+01, 1.3333E+00,
17:13:15.70621242,-3.3333E-02, 2.5000E+01, 9.3333E-01,
17:13:15.70621247, 0.0000E+00, 2.5000E+01, 1.3333E+00,
17:13:15.70621252, 3.3333E-02, 2.5067E+01, 1.2000E+00,
17:13:15.70621257, 3.3333E-02, 2.5067E+01, 1.4667E+00,
17:13:15.70621262, 0.0000E+00, 2.5067E+01, 1.0667E+00,
17:13:15.70621267, 0.0000E+00, 2.4933E+01, 1.3333E+00,
17:13:15.70621272,-6.6667E-02, 2.5067E+01, 1.3333E+00,
17:13:15.70621277, 6.6667E-02, 2.5067E+01, 1.0667E+00,
17:13:15.70621282, 0.0000E+00, 2.5000E+01, 1.3333E+00,
17:13:15.70621287,-3.3333E-02, 2.4933E+01, 1.0667E+00,
17:13:15.70621292,-6.6667E-02, 2.4933E+01, 1.3333E+00,
17:13:15.70621297, 6.6667E-02, 2.5067E+01, 1.2000E+00,
17:13:15.70621302, 3.3333E-02, 2.5067E+01, 1.2000E+00,
17:13:15.70621307, 3.3333E-02, 2.5067E+01, 1.3333E+00,
17:13:15.70621312, 6.6667E-02, 2.5067E+01, 9.3333E-01,
17:13:15.70621317, 0.0000E+00, 2.5000E+01, 1.0667E+00,
17:13:15.70621322, 6.6667E-02, 2.4867E+01, 1.3333E+00,
17:13:15.70621327, 3.3333E-02, 2.5000E+01, 1.0667E+00,
17:13:15.70621332, 0.0000E+00, 2.5067E+01, 1.2000E+00,
17:13:15.70621337, 3.3333E-02, 2.5067E+01, 1.2000E+00,
17:13:15.70621342, 0.0000E+00, 2.5000E+01, 1.3333E+00,
17:13:15.70621347,-3.3333E-02, 2.5067E+01, 1.3333E+00,
17:13:15.70621352, 0.0000E+00, 2.5000E+01, 1.2000E+00,
17:13:15.70621357,-3.3333E-02, 2.5067E+01, 1.3333E+00,
17:13:15.70621362, 3.3333E-02, 2.4933E+01, 1.3333E+00,
17:13:15.70621367, 1.0000E-01, 2.5067E+01, 1.0667E+00,
17:13:15.70621372, 0.0000E+00, 2.5000E+01, 1.2000E+00,
17:13:15.70621377, 3.3333E-02, 2.5067E+01, 1.3333E+00,
17:13:15.70621382, 6.6667E-02, 2.5067E+01, 1.2000E+00,
17:13:15.70621387,-3.3333E-02, 2.5000E+01, 1.3333E+00,
17:13:15.70621392, 3.3333E-02, 2.5067E+01, 1.3333E+00,
17:13:15.70621397, 0.0000E+00, 2.5000E+01, 1.0667E+00,
17:13:15.70621402, 3.3333E-02, 2.5067E+01, 1.0667E+00,
17:13:15.70621407, 3.3333E-02, 2.5067E+01, 9.3333E-01,
17:13:15.70621412, 1.0000E-01, 2.5133E+01, 1.2000E+00,
17:13:15.70621417, 0.0000E+00, 2.5067E+01, 1.2000E+00,
17:13:15.70621422, 3.3333E-02, 2.5000E+01, 1.0667E+00,
17:13:15.70621427, 0.0000E+00, 2.4933E+01, 1.3333E+00,
17:13:15.70621432, 3.3333E-02, 2.5067E+01, 9.3333E-01,
17:13:15.70621437, 0.0000E+00, 2.5067E+01, 1.0667E+00,
17:13:15.70621442, 3.3333E-02, 2.5067E+01, 1.2000E+00,
17:13:15.70621447, 3.3333E-02, 2.5067E+01, 1.3333E+00,
17:13:15.70621452, 0.0000E+00, 2.4933E+01, 1.6000E+00,
17:13:15.70621457,-3.3333E-02, 2.5067E+01, 1.2000E+00,
17:13:15.70621462, 3.3333E-02, 2.5000E+01, 1.0667E+00,
17:13:15.70621467, 3.3333E-02, 2.5067E+01, 1.0667E+00,
17:13:15.70621472, 6.6667E-02, 2.5133E+01, 1.4667E+00,
17:13:15.70621477, 3.3333E-02, 2.5067E+01, 8.0000E-01,
17:13:15.70621482, 0.0000E+00, 2.5067E+01, 1.2000E+00,
17:13:15.70621487,-6.6667E-02, 2.5000E+01, 1.4667E+00,
17:13:15.70621492,-3.3333E-02, 2.5067E+01, 1.3333E+00,
17:13:15.70621497,-3.3333E-02, 2.5000E+01, 1.2000E+00,
17:13:15.70621502, 0.0000E+00, 2.5000E+01, 1.3333E+00,
17:13:15.70621507, 3.3333E-02, 2.5067E+01, 1.6000E+00,
17:13:15.70621512, 3.3333E-02, 2.5067E+01, 1.2000E+00,
17:13:15.70621517, 1.0000E-01, 2.5067E+01, 1.3333E+00,
17:13:15.70621522, 0.0000E+00, 2.5067E+01, 1.3333E+00,
17:13:15.70621527,-6.6667E-02, 2.5067E+01, 1.3333E+00,
17:13:15.70621532, 3.3333E-02, 2.5067E+01, 1.2000E+00,
17:13:15.70621537,-3.3333E-02, 2.5067E+01, 1.3333E+00,
17:13:15.70621542, 3.3333E-02, 2.5067E+01, 1.3333E+00,
17:13:15.70621547, 0.0000E+00, 2.4867E+01, 1.0667E+00,
17:13:15.70621552, 0.0000E+00, 2.5067E+01, 1.2000E+00,
17:13:15.70621557, 0.0000E+00, 2.5067E+01, 9.3333E-01,
17:13:15.70621562, 0.0000E+00, 2.5000E+01, 1.3333E+00,
17:13:15.70621567, 1.0000E-01, 2.5000E+01, 1.2000E+00,
17:13:15.70621572, 0.0000E+00, 2.5067E+01, 1.0667E+00,
17:13:15.70621577,-3.3333E-02, 2.4933E+01, 1.2000E+00,
17:13:15.70621582, 3.3333E-02, 2.5067E+01, 1.4667E+00,
17:13:15.70621587, 0.0000E+00, 2.5133E+01, 1.0667E+00,
17:13:15.70621592, 6.6667E-02, 2.5067E+01, 1.2000E+00,
17:13:15.70621597, 3.3333E-02, 2.5067E+01, 1.3333E+00,
17:13:15.70621602, 1.0000E-01, 2.5133E+01, 1.0667E+00,
17:13:15.70621607,-3.3333E-02, 2.5000E+01, 1.2000E+00,
17:13:15.70621612, 3.3333E-02, 2.5067E+01, 1.4667E+00,
17:13:15.70621617,-3.3333E-02, 2.5067E+01, 1.3333E+00,
17:13:15.70621622,-3.3333E-02, 2.5133E+01, 1.3333E+00,
17:13:15.70621627, 0.0000E+00, 2.5000E+01, 9.3333E-01,
17:13:15.70621632, 0.0000E+00, 2.5067E+01, 1.3333E+00,
17:13:15.70621637, 0.0000E+00, 2.5067E+01, 9.3333E-01,
17:13:15.70621642, 0.0000E+00, 2.5000E+01, 1.0667E+00,
17:13:15.70621647, 1.3333E-01, 2.5000E+01, 1.4667E+00,
17:13:15.70621652, 3.3333E-02, 2.5067E+01, 9.3333E-01,
17:13:15.70621657, 3.3333E-02, 2.5000E+01, 1.4667E+00,
17:13:15.70621662,-6.6667E-02, 2.5000E+01, 1.0667E+00,
17:13:15.70621667, 0.0000E+00, 2.5067E+01, 1.4667E+00,
17:13:15.70621672, 6.6667E-02, 2.5067E+01, 1.2000E+00,
17:13:15.70621677, 3.3333E-02, 2.5000E+01, 9.3333E-01,
17:13:15.70621682, 0.0000E+00, 2.5067E+01, 1.2000E+00,
17:13:15.70621687, 0.0000E+00, 2.5000E+01, 1.4667E+00,
17:13:15.70621692, 3.3333E-02, 2.4867E+01, 1.3333E+00,
17:13:15.70621697, 6.6667E-02, 2.5000E+01, 1.3333E+00,
17:13:15.70621702, 0.0000E+00, 2.5000E+01, 9.3333E-01,
17:13:15.70621707,-3.3333E-02, 2.5067E+01, 1.0667E+00,
17:13:15.70621712, 0.0000E+00, 2.5067E+01, 1.3333E+00,
17:13:15.70621717, 6.6667E-02, 2.5000E+01, 1.2000E+00,
17:13:15.70621722, 3.3333E-02, 2.5067E+01, 1.0667E+00,
17:13:15.70621727, 3.3333E-02, 2.4933E+01, 1.2000E+00,
17:13:15.70621732, 3.3333E-02, 2.5000E+01, 1.3333E+00,
17:13:15.70621737, 0.0000E+00, 2.5067E+01, 1.0667E+00,
17:13:15.70621742, 6.6667E-02, 2.5067E+01, 1.2000E+00,
17:13:15.70621747, 0.0000E+00, 2.5067E+01, 1.2000E+00,
17:13:15.70621752, 6.6667E-02, 2.5067E+01, 1.3333E+00,
17:13:15.70621757, 3.3333E-02, 2.5067E+01, 6.6667E-01,
17:13:15.70621762, 6.6667E-02, 2.5067E+01, 9.3333E-01,
17:13:15.70621767,-3.3333E-02, 2.5067E+01, 1.2000E+00,
17:13:15.70621772, 0.0000E+00, 2.4933E+01, 1.4667E+00,
17:13:15.70621777,-6.6667E-02, 2.5067E+01, 1.3333E+00,
17:13:15.70621782, 0.0000E+00, 2.5067E+01, 1.3333E+00,
17:13:15.70621787,-3.3333E-02, 2.5067E+01, 1.2000E+00,
17:13:15.70621792, 0.0000E+00, 2.5133E+01, 1.3333E+00,
17:13:15.70621797, 0.0000E+00, 2.4933E+01, 1.3333E+00,
17:13:15.70621802, 6.6667E-02, 2.4933E+01, 1.2000E+00,
17:13:15.70621807, 3.3333E-02, 2.4933E+01, 1.2000E+00,
17:13:15.70621812, 1.0000E-01, 2.5133E+01, 1.0667E+00,
17:13:15.70621817, 3.3333E-02, 2.5000E+01, 1.0667E+00,
17:13:15.70621822, 3.3333E-02, 2.5067E+01, 9.3333E-01,
17:13:15.70621827,-3.3333E-02, 2.5000E+01, 1.0667E+00,
17:13:15.70621832, 0.0000E+00, 2.5067E+01, 1.2000E+00,
17:13:15.70621837, 3.3333E-02, 2.5067E+01, 1.2000E+00,
17:13:15.70621842, 0.0000E+00, 2.5067E+01, 1.2000E+00,
17:13:15.70621847, 0.0000E+00, 2.4933E+01, 1.0667E+00,
17:13:15.70621852, 0.0000E+00, 2.4867E+01, 1.2000E+00,
17:13:15.70621857,-3.3333E-02, 2.5067E+01, 8.0000E-01,
17:13:15.70621862, 3.3333E-02, 2.5067E+01, 1.3333E+00,
17:13:15.70621867, 6.6667E-02, 2.5067E+01, 1.0667E+00,
17:13:15.70621872,-6.6667E-02, 2.5067E+01, 1.0667E+00,
17:13:15.70621877, 0.0000E+00, 2.5000E+01, 1.0667E+00,
17:13:15.70621882,-3.3333E-02, 2.5133E+01, 1.4667E+00,
17:13:15.70621887, 3.3333E-02, 2.5000E+01, 1.2000E+00,
17:13:15.70621892, 0.0000E+00, 2.5000E+01, 1.2000E+00,
17:13:15.70621897, 3.3333E-02, 2.5000E+01, 1.0667E+00,
17:13:15.70621902, 0.0000E+00, 2.5200E+01, 1.3333E+00,
17:13:15.70621907, 6.6667E-02, 2.5067E+01, 1.2000E+00,
17:13:15.70621912,-3.3333E-02, 2.5000E+01, 1.2000E+00,
17:13:15.70621917,-3.3333E-02, 2.5000E+01, 1.2000E+00,
17:13:15.70621922, 3.3333E-02, 2.5000E+01, 1.3333E+00,
17:13:15.70621927, 3.3333E-02, 2.4933E+01, 8.0000E-01,
17:13:15.70621932, 0.0000E+00, 2.5067E+01, 1.3333E+00,
17:13:15.70621937,-3.3333E-02, 2.5067E+01, 1.6000E+00,
17:13:15.70621942,-3.3333E-02, 2.4933E+01, 1.2000E+00,
17:13:15.70621947, 6.6667E-02, 2.4867E+01, 1.3333E+00,
17:13:15.70621952, 3.3333E-02, 2.5067E+01, 9.3333E-01,
17:13:15.70621957, 6.6667E-02, 2.5067E+01, 1.4667E+00,
17:13:15.70621962, 0.0000E+00, 2.5000E+01, 1.3333E+00,
17:13:15.70621967,-3.3333E-02, 2.5000E+01, 1.0667E+00,
17:13:15.70621972, 0.0000E+00, 2.5133E+01, 1.2000E+00,
17:13:15.70621977, 0.0000E+00, 2.5067E+01, 1.2000E+00,
17:13:15.70621982,-3.3333E-02, 2.5000E+01, 1.2000E+00,
17:13:15.70621987, 0.0000E+00, 2.5067E+01, 1.2000E+00,
17:13:15.70621992, 0.0000E+00, 2.4933E+01, 1.0667E+00,
17:13:15.70621997,-3.3333E-02, 2.5067E+01, 1.0667E+00,
17:13:15.70622002, 0.0000E+00, 2.5067E+01, 1.2000E+00,
17:13:15.70622007,-3.3333E-02, 2.5000E+01, 1.2000E+00,
17:13:15.70622012, 0.0000E+00, 2.5067E+01, 1.2000E+00,
17:13:15.70622017,-3.3333E-02, 2.5000E+01, 1.0667E+00,
17:13:15.70622022, 0.0000E+00, 2.5000E+01, 1.3333E+00,
17:13:15.70622027, 0.0000E+00, 2.5067E+01, 1.4667E+00,
17:13:15.70622032,-3.3333E-02, 2.5067E+01, 1.3333E+00,
17:13:15.70622037, 3.3333E-02, 2.5067E+01, 1.4667E+00,
17:13:15.70622042, 6.6667E-02, 2.5067E+01, 1.2000E+00,
17:13:15.70622047, 3.3333E-02, 2.5067E+01, 1.3333E+00,
17:13:15.70622052, 3.3333E-02, 2.5000E+01, 1.0667E+00,
17:13:15.70622057, 0.0000E+00, 2.5067E+01, 9.3333E-01,
17:13:15.70622062,-6.6667E-02, 2.4933E+01, 1.2000E+00,
17:13:15.70622067,-1.0000E-01, 2.5067E+01, 1.2000E+00,
17:13:15.70622072, 6.6667E-02, 2.5067E+01, 1.3333E+00,
17:13:15.70622077, 6.6667E-02, 2.5067E+01, 1.4667E+00,
17:13:15.70622082, 1.0000E-01, 2.4933E+01, 1.3333E+00,
17:13:15.70622087, 3.3333E-02, 2.5000E+01, 1.3333E+00,
17:13:15.70622092, 3.3333E-02, 2.5000E+01, 1.2000E+00,
17:13:15.70622097, 3.3333E-02, 2.5067E+01, 1.0667E+00,
17:13:15.70622102,-3.3333E-02, 2.5067E+01, 1.2000E+00,
17:13:15.70622107, 0.0000E+00, 2.5067E+01, 1.2000E+00,
17:13:15.70622112, 0.0000E+00, 2.5000E+01, 9.3333E-01,
17:13:15.70622117, 0.0000E+00, 2.5067E+01, 1.4667E+00,
17:13:15.70622122, 3.3333E-02, 2.5000E+01, 1.4667E+00,
17:13:15.70622127,-6.6667E-02, 2.5067E+01, 1.0667E+00,
17:13:15.70622132, 1.0000E-01, 2.5000E+01, 1.3333E+00,
17:13:15.70622137, 6.6667E-02, 2.4933E+01, 1.2000E+00,
17:13:15.70622142,-3.3333E-02, 2.4933E+01, 1.0667E+00,
17:13:15.70622147, 3.3333E-02, 2.4933E+01, 9.3333E-01,
17:13:15.70622152, 3.3333E-02, 2.5000E+01, 1.0667E+00,
17:13:15.70622157,-3.3333E-02, 2.5000E+01, 1.0667E+00,
17:13:15.70622162, 0.0000E+00, 2.5067E+01, 9.3333E-01,
17:13:15.70622167,-3.3333E-02, 2.5067E+01, 1.0667E+00,
17:13:15.70622172,-3.3333E-02, 2.5067E+01, 1.2000E+00,
17:13:15.70622177, 3.3333E-02, 2.5067E+01, 9.3333E-01,
17:13:15.70622182, 6.6667E-02, 2.5133E+01, 1.0667E+00,
17:13:15.70622187, 0.0000E+00, 2.5067E+01, 8.0000E-01,
17:13:15.70622192, 0.0000E+00, 2.4867E+01, 1.2000E+00,
17:13:15.70622197, 3.3333E-02, 2.4867E+01, 9.3333E-01,
17:13:15.70622202, 3.3333E-02, 2.5067E+01, 1.2000E+00,
17:13:15.70622207, 3.3333E-02, 2.5067E+01, 1.0667E+00,
17:13:15.70622212, 0.0000E+00, 2.5067E+01, 1.3333E+00,
17:13:15.70622217, 3.3333E-02, 2.5067E+01, 1.0667E+00,
17:13:15.70622222, 0.0000E+00, 2.5000E+01, 1.2000E+00,
17:13:15.70622227, 6.6667E-02, 2.5067E+01, 1.2000E+00,
17:13:15.70622232, 6.6667E-02, 2.5067E+01, 1.0667E+00,
17:13:15.70622237, 6.6667E-02, 2.4933E+01, 1.2000E+00,
17:13:15.70622242,-3.3333E-02, 2.5067E+01, 1.3333E+00,
17:13:15.70622247,-3.3333E-02, 2.4933E+01, 1.3333E+00,
17:13:15.70622252, 6.6667E-02, 2.5067E+01, 1.2000E+00,
17:13:15.70622257,-3.3333E-02, 2.5000E+01, 1.0667E+00,
17:13:15.70622262, 6.6667E-02, 2.5000E+01, 1.2000E+00,
17:13:15.70622267, 0.0000E+00, 2.5067E+01, 1.3333E+00,
17:13:15.70622272, 0.0000E+00, 2.5000E+01, 1.4667E+00,
17:13:15.70622277,-3.3333E-02, 2.5067E+01, 1.6000E+00,
17:13:15.70622282,-3.3333E-02, 2.4933E+01, 9.3333E-01,
17:13:15.70622287, 6.6667E-02, 2.5067E+01, 1.3333E+00,
17:13:15.70622292, 0.0000E+00, 2.5067E+01, 8.0000E-01,
17:13:15.70622297,-3.3333E-02, 2.4933E+01, 9.3333E-01,
17:13:15.70622302, 0.0000E+00, 2.5067E+01, 1.2000E+00,
17:13:15.70622307, 6.6667E-02, 2.5067E+01, 1.3333E+00,
17:13:15.70622312,-3.3333E-02, 2.5000E+01, 9.3333E-01,
17:13:15.70622317, 0.0000E+00, 2.5000E+01, 1.3333E+00,
17:13:15.70622322, 3.3333E-02, 2.5067E+01, 1.4667E+00,
17:13:15.70622327, 3.3333E-02, 2.5000E+01, 1.3333E+00,
17:13:15.70622332,-3.3333E-02, 2.4867E+01, 1.2000E+00,
17:13:15.70622337, 0.0000E+00, 2.5067E+01, 1.0667E+00,
17:13:15.70622342, 3.3333E-02, 2.5000E+01, 9.3333E-01,
17:13:15.70622347,-6.6667E-02, 2.5000E+01, 1.0667E+00,
17:13:15.70622352, 1.0000E-01, 2.5067E+01, 1.4667E+00,
17:13:15.70622357, 3.3333E-02, 2.5133E+01, 1.0667E+00,
17:13:15.70622362,-3.3333E-02, 2.5067E+01, 1.4667E+00,
17:13:15.70622367, 0.0000E+00, 2.5000E+01, 1.4667E+00,
17:13:15.70622372, 0.0000E+00, 2.5067E+01, 1.3333E+00,
17:13:15.70622377, 3.3333E-02, 2.5067E+01, 1.2000E+00,
17:13:15.70622382, 6.6667E-02, 2.5067E+01, 1.3333E+00,
17:13:15.70622387, 0.0000E+00, 2.4933E+01, 1.3333E+00,
17:13:15.70622392, 3.3333E-02, 2.5067E+01, 1.0667E+00,
17:13:15.70622397,-6.6667E-02, 2.5067E+01, 1.2000E+00,
17:13:15.70622402, 3.3333E-02, 2.5000E+01, 1.0667E+00,
17:13:15.70622407,-3.3333E-02, 2.5000E+01, 1.2000E+00,
17:13:15.70622412, 3.3333E-02, 2.5133E+01, 1.0667E+00,
17:13:15.70622417, 6.6667E-02, 2.5067E+01, 1.2000E+00,
17:13:15.70622422, 6.6667E-02, 2.5000E+01, 1.2000E+00,
17:13:15.70622427, 6.6667E-02, 2.5000E+01, 1.0667E+00,
17:13:15.70622432,-6.6667E-02, 2.5000E+01, 1.0667E+00,
17:13:15.70622437,-3.3333E-02, 2.5067E+01, 9.3333E-01,
17:13:15.70622442,-6.6667E-02, 2.5067E+01, 9.3333E-01,
17:13:15.70622447,-3.3333E-02, 2.5133E+01, 8.0000E-01,
17:13:15.70622452, 1.0000E-01, 2.5067E+01, 1.0667E+00,
17:13:15.70622457, 3.3333E-02, 2.5000E+01, 1.2000E+00,
17:13:15.70622462, 3.3333E-02, 2.5067E+01, 1.3333E+00,
17:13:15.70622467, 6.6667E-02, 2.4933E+01, 1.4667E+00,
17:13:15.70622472, 3.3333E-02, 2.5067E+01, 1.3333E+00,
17:13:15.70622477, 3.3333E-02, 2.5000E+01, 8.0000E-01,
17:13:15.70622482,-6.6667E-02, 2.5067E+01, 1.3333E+00,
17:13:15.70622487, 0.0000E+00, 2.5067E+01, 1.2000E+00,
17:13:15.70622492, 6.6667E-02, 2.5000E+01, 1.6000E+00,
17:13:15.70622497, 3.3333E-02, 2.5067E+01, 9.3333E-01,
17:13:15.70622502, 0.0000E+00, 2.5067E+01, 1.0667E+00,
17:13:15.70622507,-6.6667E-02, 2.4933E+01, 1.0667E+00,
17:13:15.70622512, 6.6667E-02, 2.5000E+01, 1.2000E+00,
17:13:15.70622517,-3.3333E-02, 2.5067E+01, 9.3333E-01,
17:13:15.70622522,-3.3333E-02, 2.5000E+01, 1.3333E+00,
17:13:15.70622527,-3.3333E-02, 2.4933E+01, 9.3333E-01,
17:13:15.70622532, 3.3333E-02, 2.5067E+01, 1.0667E+00,
17:13:15.70622537, 6.6667E-02, 2.4933E+01, 1.4667E+00,
17:13:15.70622542, 6.6667E-02, 2.4933E+01, 1.0667E+00,
17:13:15.70622547,-3.3333E-02, 2.5067E+01, 1.2000E+00,
17:13:15.70622552, 0.0000E+00, 2.5000E+01, 1.3333E+00,
17:13:15.70622557, 0.0000E+00, 2.4933E+01, 8.0000E-01,
17:13:15.70622562, 6.6667E-02, 2.5000E+01, 1.0667E+00,
17:13:15.70622567, 0.0000E+00, 2.5000E+01, 9.3333E-01,
17:13:15.70622572, 3.3333E-02, 2.5067E+01, 1.6000E+00,
17:13:15.70622577, 3.3333E-02, 2.5067E+01, 1.3333E+00,
17:13:15.70622582,-3.3333E-02, 2.5000E+01, 1.2000E+00,
17:13:15.70622587, 6.6667E-02, 2.5000E+01, 1.0667E+00,
17:13:15.70622592,-6.6667E-02, 2.5067E+01, 1.2000E+00,
17:13:15.70622597, 0.0000E+00, 2.5067E+01, 1.2000E+00,
17:13:15.70622602, 0.0000E+00, 2.5000E+01, 1.6000E+00,
17:13:15.70622607, 0.0000E+00, 2.5067E+01, 1.2000E+00,
17:13:15.70622612, 6.6667E-02, 2.5000E+01, 1.0667E+00,
17:13:15.70622617, 3.3333E-02, 2.5067E+01, 1.0667E+00,
17:13:15.70622622, 3.3333E-02, 2.5067E+01, 1.3333E+00,
17:13:15.70622627, 3.3333E-02, 2.5133E+01, 9.3333E-01,
17:13:15.70622632, 0.0000E+00, 2.5000E+01, 8.0000E-01,
17:13:15.70622637,-3.3333E-02, 2.5000E+01, 8.0000E-01,
17:13:15.70622642, 6.6667E-02, 2.5067E+01, 1.2000E+00,
17:13:15.70622647,-3.3333E-02, 2.5067E+01, 1.2000E+00,
17:13:15.70622652, 6.6667E-02, 2.5000E+01, 1.2000E+00,
17:13:15.70622657, 6.6667E-02, 2.4933E+01, 1.0667E+00,
17:13:15.70622662, 0.0000E+00, 2.5000E+01, 1.3333E+00,
17:13:15.70622667, 3.3333E-02, 2.5133E+01, 1.3333E+00,
17:13:15.70622672, 6.6667E-02, 2.5133E+01, 1.0667E+00,
17:13:15.70622677, 3.3333E-02, 2.5000E+01, 8.0000E-01,
17:13:15.70622682, 0.0000E+00, 2.4933E+01, 1.0667E+00,
17:13:15.70622687, 0.0000E+00, 2.5133E+01, 1.2000E+00,
17:13:15.70622692,-3.3333E-02, 2.5067E+01, 9.3333E-01,
17:13:15.70622697, 3.3333E-02, 2.5067E+01, 1.2000E+00,
17:13:15.70622702, 3.3333E-02, 2.5067E+01, 1.0667E+00,
17:13:15.70622707, 3.3333E-02, 2.5067E+01, 1.4667E+00,
17:13:15.70622712, 3.3333E-02, 2.5067E+01, 1.0667E+00,
17:13:15.70622717, 3.3333E-02, 2.4933E+01, 1.2000E+00,
17:13:15.70622722,-3.3333E-02, 2.4933E+01, 1.4667E+00,
17:13:15.70622727,-3.3333E-02, 2.5067E+01, 1.2000E+00,
17:13:15.70622732, 3.3333E-02, 2.4800E+01, 1.2000E+00,
17:13:15.70622737, 3.3333E-02, 2.4933E+01, 1.2000E+00,
17:13:15.70622742,-6.6667E-02, 2.5000E+01, 1.0667E+00,
17:13:15.70622747, 0.0000E+00, 2.5067E+01, 1.4667E+00,
17:13:15.70622752, 0.0000E+00, 2.5000E+01, 1.3333E+00,
17:13:15.70622757, 3.3333E-02, 2.5000E+01, 1.0667E+00,
17:13:15.70622762, 3.3333E-02, 2.5067E+01, 1.4667E+00,
17:13:15.70622767, 0.0000E+00, 2.5000E+01, 1.2000E+00,
17:13:15.70622772, 3.3333E-02, 2.5067E+01, 1.0667E+00,
17:13:15.70622777, 0.0000E+00, 2.5067E+01, 9.3333E-01,
17:13:15.70622782, 0.0000E+00, 2.5067E+01, 1.0667E+00,
17:13:15.70622787, 3.3333E-02, 2.5067E+01, 1.2000E+00,
17:13:15.70622792, 6.6667E-02, 2.5067E+01, 1.4667E+00,
17:13:15.70622797, 0.0000E+00, 2.5067E+01, 1.2000E+00,
17:13:15.70622802, 3.3333E-02, 2.5067E+01, 1.0667E+00,
17:13:15.70622807, 0.0000E+00, 2.5067E+01, 1.2000E+00,
17:13:15.70622812, 0.0000E+00, 2.4933E+01, 1.0667E+00,
17:13:15.70622817, 0.0000E+00, 2.5000E+01, 1.3333E+00,
17:13:15.70622822,-3.3333E-02, 2.5067E+01, 1.2000E+00,
17:13:15.70622827,-6.6667E-02, 2.5000E+01, 1.2000E+00,
17:13:15.70622832, 0.0000E+00, 2.5067E+01, 9.3333E-01,
17:13:15.70622837,-3.3333E-02, 2.5067E+01, 9.3333E-01,
17:13:15.70622842, 0.0000E+00, 2.5067E+01, 1.2000E+00,
17:13:15.70622847, 6.6667E-02, 2.5067E+01, 1.2000E+00,
17:13:15.70622852, 0.0000E+00, 2.4933E+01, 9.3333E-01,
17:13:15.70622857, 3.3333E-02, 2.5000E+01, 9.3333E-01,
17:13:15.70622862,-3.3333E-02, 2.5067E+01, 1.0667E+00,
17:13:15.70622867, 3.3333E-02, 2.4933E+01, 1.2000E+00,
17:13:15.70622872, 0.0000E+00, 2.5067E+01, 1.3333E+00,
17:13:15.70622877, 3.3333E-02, 2.4933E+01, 9.3333E-01,
17:13:15.70622882, 0.0000E+00, 2.5000E+01, 1.0667E+00,
17:13:15.70622887, 0.0000E+00, 2.5133E+01, 9.3333E-01,
17:13:15.70622892, 0.0000E+00, 2.5067E+01, 1.2000E+00,
17:13:15.70622897, 0.0000E+00, 2.4933E+01, 1.2000E+00,
17:13:15.70622902, 3.3333E-02, 2.5067E+01, 9.3333E-01,
17:13:15.70622907,-3.3333E-02, 2.5000E+01, 8.0000E-01,
17:13:15.70622912, 3.3333E-02, 2.5133E+01, 1.2000E+00,
17:13:15.70622917, 3.3333E-02, 2.5067E+01, 1.2000E+00,
17:13:15.70622922, 0.0000E+00, 2.5067E+01, 9.3333E-01,
17:13:15.70622927, 0.0000E+00, 2.4933E+01, 1.4667E+00,
17:13:15.70622932, 3.3333E-02, 2.5000E+01, 1.3333E+00,
17:13:15.70622937, 3.3333E-02, 2.5000E+01, 1.0667E+00,
17:13:15.70622942,-3.3333E-02, 2.5067E+01, 1.2000E+00,
17:13:15.70622947, 3.3333E-02, 2.5067E+01, 1.4667E+00,
17:13:15.70622952,-6.6667E-02, 2.5067E+01, 1.2000E+00,
17:13:15.70622957, 3.3333E-02, 2.5067E+01, 1.2000E+00,
17:13:15.70622962, 6.6667E-02, 2.5133E+01, 9.3333E-01,
17:13:15.70622967, 0.0000E+00, 2.5067E+01, 1.0667E+00,
17:13:15.70622972,-3.3333E-02, 2.4933E+01, 1.2000E+00,
17:13:15.70622977, 0.0000E+00, 2.5067E+01, 6.6667E-01,
17:13:15.70622982, 6.6667E-02, 2.4933E+01, 1.3333E+00,
17:13:15.70622987, 3.3333E-02, 2.5067E+01, 1.3333E+00,
17:13:15.70622992, 0.0000E+00, 2.4933E+01, 1.2000E+00,
17:13:15.70622997, 6.6667E-02, 2.5067E+01, 1.3333E+00,
17:13:15.70623002, 3.3333E-02, 2.5000E+01, 1.0667E+00,
17:13:15.70623007,-3.3333E-02, 2.4867E+01, 1.6000E+00,
17:13:15.70623012, 0.0000E+00, 2.5067E+01, 1.2000E+00,
17:13:15.70623017, 0.0000E+00, 2.5067E+01, 1.2000E+00,
17:13:15.70623022,-6.6667E-02, 2.5067E+01, 1.0667E+00,
17:13:15.70623027, 3.3333E-02, 2.5067E+01, 1.2000E+00,
17:13:15.70623032, 6.6667E-02, 2.5000E+01, 1.2000E+00,
17:13:15.70623037,-3.3333E-02, 2.5000E+01, 1.2000E+00,
17:13:15.70623042, 3.3333E-02, 2.5000E+01, 1.3333E+00,
17:13:15.70623047, 6.6667E-02, 2.5067E+01, 1.0667E+00,
17:13:15.70623052,-6.6667E-02, 2.5000E+01, 9.3333E-01,
17:13:15.70623057,-6.6667E-02, 2.5067E+01, 1.2000E+00,
17:13:15.70623062, 6.6667E-02, 2.5000E+01, 1.2000E+00,
17:13:15.70623067, 1.0000E-01, 2.5067E+01, 1.0667E+00,
17:13:15.70623072, 0.0000E+00, 2.4867E+01, 8.0000E-01,
17:13:15.70623077, 3.3333E-02, 2.5000E+01, 1.2000E+00,
17:13:15.70623082,-3.3333E-02, 2.5067E+01, 1.0667E+00,
17:13:15.70623087, 6.6667E-02, 2.5067E+01, 1.0667E+00,
17:13:15.70623092, 1.0000E-01, 2.5067E+01, 1.2000E+00,
17:13:15.70623097, 3.3333E-02, 2.5067E+01, 1.4667E+00,
17:13:15.70623102, 0.0000E+00, 2.5067E+01, 1.4667E+00,
17:13:15.70623107,-3.3333E-02, 2.5200E+01, 1.6000E+00,
17:13:15.70623112,-3.3333E-02, 2.5067E+01, 1.2000E+00,
17:13:15.70623117, 3.3333E-02, 2.5000E+01, 1.2000E+00,
17:13:15.70623122,-3.3333E-02, 2.5133E+01, 1.0667E+00,
17:13:15.70623127, 3.3333E-02, 2.5067E+01, 9.3333E-01,
17:13:15.70623132, 3.3333E-02, 2.4867E+01, 1.2000E+00,
17:13:15.70623137,-3.3333E-02, 2.5067E+01, 1.0667E+00,
17:13:15.70623142, 6.6667E-02, 2.5133E+01, 1.3333E+00,
17:13:15.70623147, 6.6667E-02, 2.4933E+01, 1.3333E+00,
17:13:15.70623152, 3.3333E-02, 2.5000E+01, 1.3333E+00,
17:13:15.70623157,-3.3333E-02, 2.5067E+01, 1.0667E+00,
17:13:15.70623162, 3.3333E-02, 2.4867E+01, 1.4667E+00,
17:13:15.70623167,-3.3333E-02, 2.4933E+01, 1.3333E+00,
17:13:15.70623172, 3.3333E-02, 2.5000E+01, 1.2000E+00,
17:13:15.70623177,-3.3333E-02, 2.4933E+01, 9.3333E-01,
17:13:15.70623182, 0.0000E+00, 2.5000E+01, 1.0667E+00,
17:13:15.70623187,-3.3333E-02, 2.5067E+01, 1.2000E+00,
17:13:15.70623192, 6.6667E-02, 2.5133E+01, 1.2000E+00,
17:13:15.70623197, 0.0000E+00, 2.5067E+01, 1.2000E+00,
17:13:15.70623202, 1.0000E-01, 2.5200E+01, 1.2000E+00,
17:13:15.70623207, 0.0000E+00, 2.5067E+01, 1.3333E+00,
17:13:15.70623212, 0.0000E+00, 2.5000E+01, 1.0667E+00,
17:13:15.70623217, 6.6667E-02, 2.5067E+01, 1.0667E+00,
17:13:15.70623222,-3.3333E-02, 2.5067E+01, 1.0667E+00,
17:13:15.70623227, 6.6667E-02, 2.4933E+01, 1.0667E+00,
17:13:15.70623232,-3.3333E-02, 2.4867E+01, 1.0667E+00,
17:13:15.70623237, 1.0000E-01, 2.5067E+01, 1.3333E+00,
17:13:15.70623242,-3.3333E-02, 2.5067E+01, 1.4667E+00,
17:13:15.70623247, 6.6667E-02, 2.5067E+01, 1.4667E+00,
17:13:15.70623252, 3.3333E-02, 2.5067E+01, 1.6000E+00,
17:13:15.70623257, 3.3333E-02, 2.5067E+01, 9.3333E-01,
17:13:15.70623262, 0.0000E+00, 2.5000E+01, 6.6667E-01,
17:13:15.70623267, 0.0000E+00, 2.5067E+01, 8.0000E-01,
17:13:15.70623272, 0.0000E+00, 2.5000E+01, 9.3333E-01,
17:13:15.70623277, 1.0000E-01, 2.5000E+01, 1.3333E+00,
17:13:15.70623282, 0.0000E+00, 2.5067E+01, 1.2000E+00,
17:13:15.70623287, 3.3333E-02, 2.5067E+01, 1.2000E+00,
17:13:15.70623292, 0.0000E+00, 2.5067E+01, 1.4667E+00,
17:13:15.70623297, 0.0000E+00, 2.5067E+01, 1.4667E+00,
17:13:15.70623302,-3.3333E-02, 2.5000E+01, 1.3333E+00,
17:13:15.70623307,-6.6667E-02, 2.5067E+01, 1.3333E+00,
17:13:15.70623312,-6.6667E-02, 2.5067E+01, 1.0667E+00,
17:13:15.70623317, 0.0000E+00, 2.5000E+01, 1.0667E+00,
17:13:15.70623322, 1.3333E-01, 2.5067E+01, 1.2000E+00,
17:13:15.70623327,-3.3333E-02, 2.5067E+01, 9.3333E-01,
17:13:15.70623332,-6.6667E-02, 2.5000E+01, 1.3333E+00,
17:13:15.70623337, 3.3333E-02, 2.4867E+01, 1.0667E+00,
17:13:15.70623342, 0.0000E+00, 2.5067E+01, 1.0667E+00,
17:13:15.70623347, 3.3333E-02, 2.4933E+01, 1.2000E+00,
17:13:15.70623352, 3.3333E-02, 2.5133E+01, 1.2000E+00,
17:13:15.70623357, 0.0000E+00, 2.5067E+01, 1.0667E+00,
17:13:15.70623362, 3.3333E-02, 2.4933E+01, 1.2000E+00,
17:13:15.70623367, 3.3333E-02, 2.4933E+01, 1.2000E+00,
17:13:15.70623372, 0.0000E+00, 2.5067E+01, 1.0667E+00,
17:13:15.70623377, 0.0000E+00, 2.5067E+01, 1.0667E+00,
17:13:15.70623382, 3.3333E-02, 2.5067E+01, 1.6000E+00,
17:13:15.70623387, 0.0000E+00, 2.5067E+01, 1.4667E+00,
17:13:15.70623392, 0.0000E+00, 2.5067E+01, 9.3333E-01,
17:13:15.70623397, 0.0000E+00, 2.5067E+01, 1.2000E+00,
17:13:15.70623402,-3.3333E-02, 2.5067E+01, 1.0667E+00,
17:13:15.70623407,-6.6667E-02, 2.5067E+01, 1.3333E+00,
17:13:15.70623412, 0.0000E+00, 2.5000E+01, 1.0667E+00,
17:13:15.70623417, 6.6667E-02, 2.5000E+01, 1.3333E+00,
17:13:15.70623422, 3.3333E-02, 2.4933E+01, 1.3333E+00,
17:13:15.70623427,-3.3333E-02, 2.5067E+01, 1.3333E+00,
17:13:15.70623432, 6.6667E-02, 2.5067E+01, 1.4667E+00,
17:13:15.70623437, 3.3333E-02, 2.5067E+01, 1.2000E+00,
17:13:15.70623442, 0.0000E+00, 2.5067E+01, 1.2000E+00,
17:13:15.70623447, 0.0000E+00, 2.5067E+01, 1.2000E+00,
17:13:15.70623452,-3.3333E-02, 2.5067E+01, 1.3333E+00,
17:13:15.70623457, 6.6667E-02, 2.5067E+01, 1.3333E+00,
17:13:15.70623462,-6.6667E-02, 2.5067E+01, 9.3333E-01,
17:13:15.70623467, 6.6667E-02, 2.5000E+01, 1.2000E+00,
17:13:15.70623472, 6.6667E-02, 2.5000E+01, 1.3333E+00,
17:13:15.70623477, 1.0000E-01, 2.5067E+01, 1.2000E+00,
17:13:15.70623482, 0.0000E+00, 2.5067E+01, 1.4667E+00,
17:13:15.70623487, 6.6667E-02, 2.5133E+01, 1.3333E+00,
17:13:15.70623492,-3.3333E-02, 2.5000E+01, 1.0667E+00,
17:13:15.70623497,-3.3333E-02, 2.5000E+01, 1.0667E+00,
17:13:15.70623502, 3.3333E-02, 2.4867E+01, 1.2000E+00,
17:13:15.70623507, 0.0000E+00, 2.5067E+01, 1.3333E+00,
17:13:15.70623512,-3.3333E-02, 2.5133E+01, 1.2000E+00,
17:13:15.70623517, 3.3333E-02, 2.5067E+01, 1.0667E+00,
17:13:15.70623522, 0.0000E+00, 2.4933E+01, 1.6000E+00,
17:13:15.70623527, 1.0000E-01, 2.5067E+01, 1.0667E+00,
17:13:15.70623532, 0.0000E+00, 2.5000E+01, 1.2000E+00,
17:13:15.70623537, 0.0000E+00, 2.5000E+01, 9.3333E-01,
17:13:15.70623542,-3.3333E-02, 2.5067E+01, 1.2000E+00,
17:13:15.70623547,-6.6667E-02, 2.5000E+01, 1.0667E+00,
17:13:15.70623552, 0.0000E+00, 2.4933E+01, 9.3333E-01,
17:13:15.70623557,-3.3333E-02, 2.5000E+01, 1.3333E+00,
17:13:15.70623562, 3.3333E-02, 2.5000E+01, 1.0667E+00,
17:13:15.70623567, 6.6667E-02, 2.5000E+01, 1.0667E+00,
17:13:15.70623572, 3.3333E-02, 2.5067E+01, 1.0667E+00,
17:13:15.70623577, 0.0000E+00, 2.5000E+01, 1.0667E+00,
17:13:15.70623582,-3.3333E-02, 2.5067E+01, 1.3333E+00,
17:13:15.70623587, 6.6667E-02, 2.4933E+01, 1.3333E+00,
17:13:15.70623592, 0.0000E+00, 2.5067E+01, 1.0667E+00,
17:13:15.70623597,-3.3333E-02, 2.5067E+01, 1.2000E+00,
17:13:15.70623602,-3.3333E-02, 2.5067E+01, 1.0667E+00,
17:13:15.70623607,-3.3333E-02, 2.5000E+01, 9.3333E-01,
17:13:15.70623612, 3.3333E-02, 2.5000E+01, 9.3333E-01,
17:13:15.70623617, 0.0000E+00, 2.5067E+01, 1.0667E+00,
17:13:15.70623622, 3.3333E-02, 2.5067E+01, 1.3333E+00,
17:13:15.70623627, 0.0000E+00, 2.5000E+01, 9.3333E-01,
17:13:15.70623632, 0.0000E+00, 2.5067E+01, 1.2000E+00,
17:13:15.70623637, 1.0000E-01, 2.5067E+01, 9.3333E-01,
17:13:15.70623642, 0.0000E+00, 2.5067E+01, 1.2000E+00,
17:13:15.70623647, 0.0000E+00, 2.5000E+01, 9.3333E-01,
17:13:15.70623652, 0.0000E+00, 2.4867E+01, 1.0667E+00,
17:13:15.70623657, 0.0000E+00, 2.4933E+01, 1.0667E+00,
17:13:15.70623662,-1.0000E-01, 2.5000E+01, 1.2000E+00,
17:13:15.70623667,-3.3333E-02, 2.5067E+01, 1.2000E+00,
17:13:15.70623672, 0.0000E+00, 2.4933E+01, 1.3333E+00,
17:13:15.70623677,-3.3333E-02, 2.5000E+01, 9.3333E-01,
17:13:15.70623682, 3.3333E-02, 2.5067E+01, 1.3333E+00,
17:13:15.70623687, 0.0000E+00, 2.4933E+01, 1.2000E+00,
17:13:15.70623692, 6.6667E-02, 2.5067E+01, 1.2000E+00,
17:13:15.70623697, 0.0000E+00, 2.5067E+01, 1.4667E+00,
17:13:15.70623702,-1.0000E-01, 2.5067E+01, 1.3333E+00,
17:13:15.70623707, 3.3333E-02, 2.4933E+01, 1.3333E+00,
17:13:15.70623712, 0.0000E+00, 2.5067E+01, 1.3333E+00,
17:13:15.70623717,-3.3333E-02, 2.5133E+01, 1.2000E+00,
17:13:15.70623722, 3.3333E-02, 2.4933E+01, 1.4667E+00,
17:13:15.70623727,-3.3333E-02, 2.5133E+01, 1.2000E+00,
17:13:15.70623732, 3.3333E-02, 2.5067E+01, 1.2000E+00,
17:13:15.70623737, 0.0000E+00, 2.5067E+01, 1.3333E+00,
17:13:15.70623742, 0.0000E+00, 2.5067E+01, 1.2000E+00,
17:13:15.70623747,-3.3333E-02, 2.5000E+01, 1.2000E+00,
17:13:15.70623752, 0.0000E+00, 2.4933E+01, 1.2000E+00,
17:13:15.70623757, 3.3333E-02, 2.4933E+01, 9.3333E-01,
17:13:15.70623762, 6.6667E-02, 2.5133E+01, 1.3333E+00,
17:13:15.70623767, 0.0000E+00, 2.5000E+01, 1.2000E+00,
17:13:15.70623772, 6.6667E-02, 2.5067E+01, 1.2000E+00,
17:13:15.70623777, 6.6667E-02, 2.5067E+01, 1.3333E+00,
17:13:15.70623782, 6.6667E-02, 2.5067E+01, 1.3333E+00,
17:13:15.70623787,-6.6667E-02, 2.5000E+01, 1.2000E+00,
17:13:15.70623792, 6.6667E-02, 2.5067E+01, 1.3333E+00,
17:13:15.70623797, 3.3333E-02, 2.4933E+01, 1.0667E+00,
17:13:15.70623802, 6.6667E-02, 2.4933E+01, 1.0667E+00,
17:13:15.70623807,-3.3333E-02, 2.5067E+01, 1.0667E+00,
17:13:15.70623812, 3.3333E-02, 2.4933E+01, 1.0667E+00,
17:13:15.70623817, 6.6667E-02, 2.5067E+01, 1.0667E+00,
17:13:15.70623822, 3.3333E-02, 2.5000E+01, 1.3333E+00,
17:13:15.70623827, 3.3333E-02, 2.5000E+01, 1.0667E+00,
17:13:15.70623832, 0.0000E+00, 2.4933E+01, 1.2000E+00,
17:13:15.70623837, 0.0000E+00, 2.5000E+01, 9.3333E-01,
17:13:15.70623842,-3.3333E-02, 2.5200E+01, 1.0667E+00,
17:13:15.70623847, 3.3333E-02, 2.5000E+01, 1.0667E+00,
17:13:15.70623852, 3.3333E-02, 2.5067E+01, 1.0667E+00,
17:13:15.70623857, 6.6667E-02, 2.5067E+01, 9.3333E-01,
17:13:15.70623862, 0.0000E+00, 2.4933E+01, 1.2000E+00,
17:13:15.70623867, 3.3333E-02, 2.4933E+01, 1.3333E+00,
17:13:15.70623872, 0.0000E+00, 2.5067E+01, 8.0000E-01,
17:13:15.70623877, 0.0000E+00, 2.5067E+01, 9.3333E-01,
17:13:15.70623882, 0.0000E+00, 2.4933E+01, 1.0667E+00,
17:13:15.70623887, 0.0000E+00, 2.5000E+01, 1.0667E+00,
17:13:15.70623892, 0.0000E+00, 2.5000E+01, 1.0667E+00,
17:13:15.70623897, 3.3333E-02, 2.5133E+01, 1.2000E+00,
17:13:15.70623902,-3.3333E-02, 2.5067E+01, 1.0667E+00,
17:13:15.70623907, 0.0000E+00, 2.5067E+01, 8.0000E-01,
17:13:15.70623912, 3.3333E-02, 2.5067E+01, 1.0667E+00,
17:13:15.70623917, 0.0000E+00, 2.5067E+01, 1.3333E+00,
17:13:15.70623922, 3.3333E-02, 2.5000E+01, 1.3333E+00,
17:13:15.70623927,-3.3333E-02, 2.5133E+01, 1.7333E+00,
17:13:15.70623932,-3.3333E-02, 2.4933E+01, 1.3333E+00,
17:13:15.70623937, 3.3333E-02, 2.5000E+01, 1.0667E+00,
17:13:15.70623942, 0.0000E+00, 2.5067E+01, 1.3333E+00,
17:13:15.70623947,-3.3333E-02, 2.5067E+01, 8.0000E-01,
17:13:15.70623952, 6.6667E-02, 2.5067E+01, 1.0667E+00,
17:13:15.70623957, 0.0000E+00, 2.5067E+01, 1.3333E+00,
17:13:15.70623962, 0.0000E+00, 2.4933E+01, 1.3333E+00,
17:13:15.70623967, 6.6667E-02, 2.5000E+01, 1.3333E+00,
17:13:15.70623972, 6.6667E-02, 2.5000E+01, 1.3333E+00,
17:13:15.70623977, 0.0000E+00, 2.5000E+01, 1.2000E+00,
17:13:15.70623982, 0.0000E+00, 2.4933E+01, 1.0667E+00,
17:13:15.70623987,-3.3333E-02, 2.5067E+01, 1.6000E+00,
17:13:15.70623992, 3.3333E-02, 2.5000E+01, 1.3333E+00,
17:13:15.70623997, 6.6667E-02, 2.5000E+01, 1.4667E+00,
17:13:15.70624002, 6.6667E-02, 2.4933E+01, 1.0667E+00,
17:13:15.70624007, 3.3333E-02, 2.5067E+01, 1.3333E+00,
17:13:15.70624012, 3.3333E-02, 2.5133E+01, 1.4667E+00,
17:13:15.70624017, 0.0000E+00, 2.4933E+01, 1.4667E+00,
17:13:15.70624022, 3.3333E-02, 2.5067E+01, 1.4667E+00,
17:13:15.70624027, 3.3333E-02, 2.5000E+01, 1.0667E+00,
17:13:15.70624032, 3.3333E-02, 2.5067E+01, 1.0667E+00,
17:13:15.70624037, 0.0000E+00, 2.5067E+01, 1.4667E+00,
17:13:15.70624042, 3.3333E-02, 2.5000E+01, 9.3333E-01,
17:13:15.70624047, 3.3333E-02, 2.4933E+01, 9.3333E-01,
17:13:15.70624052, 3.3333E-02, 2.5000E+01, 1.4667E+00,
17:13:15.70624057, 3.3333E-02, 2.5067E+01, 1.2000E+00,
17:13:15.70624062, 0.0000E+00, 2.5000E+01, 1.3333E+00,
17:13:15.70624067, 3.3333E-02, 2.5133E+01, 1.0667E+00,
17:13:15.70624072, 3.3333E-02, 2.5067E+01, 8.0000E-01,
17:13:15.70624077, 3.3333E-02, 2.5067E+01, 1.6000E+00,
17:13:15.70624082, 0.0000E+00, 2.5067E+01, 1.2000E+00,
17:13:15.70624087, 3.3333E-02, 2.5000E+01, 1.2000E+00,
17:13:15.70624092, 0.0000E+00, 2.5000E+01, 8.0000E-01,
17:13:15.70624097,-3.3333E-02, 2.5133E+01, 8.0000E-01,
17:13:15.70624102, 0.0000E+00, 2.5133E+01, 9.3333E-01,
17:13:15.70624107, 3.3333E-02, 2.4933E+01, 1.2000E+00,
17:13:15.70624112, 3.3333E-02, 2.5000E+01, 1.3333E+00,
17:13:15.70624117, 1.0000E-01, 2.4933E+01, 1.2000E+00,
17:13:15.70624122,-3.3333E-02, 2.5067E+01, 9.3333E-01,
17:13:15.70624127, 3.3333E-02, 2.5067E+01, 1.3333E+00,
17:13:15.70624132, 3.3333E-02, 2.5067E+01, 9.3333E-01,
17:13:15.70624137, 6.6667E-02, 2.5067E+01, 1.0667E+00,
17:13:15.70624142, 3.3333E-02, 2.5000E+01, 1.2000E+00,
17:13:15.70624147, 3.3333E-02, 2.5067E+01, 1.2000E+00,
17:13:15.70624152,-3.3333E-02, 2.5067E+01, 1.0667E+00,
17:13:15.70624157, 0.0000E+00, 2.5067E+01, 1.0667E+00,
17:13:15.70624162, 3.3333E-02, 2.5000E+01, 1.0667E+00,
17:13:15.70624167,-6.6667E-02, 2.4933E+01, 1.3333E+00,
17:13:15.70624172, 0.0000E+00, 2.5267E+01, 1.2000E+00,
17:13:15.70624177, 3.3333E-02, 2.5067E+01, 1.0667E+00,
17:13:15.70624182, 6.6667E-02, 2.4933E+01, 1.0667E+00,
17:13:15.70624187, 0.0000E+00, 2.4867E+01, 9.3333E-01,
17:13:15.70624192, 6.6667E-02, 2.5067E+01, 1.2000E+00,
17:13:15.70624197, 3.3333E-02, 2.5000E+01, 1.0667E+00,
17:13:15.70624202, 0.0000E+00, 2.5000E+01, 9.3333E-01,
17:13:15.70624207, 0.0000E+00, 2.5067E+01, 1.0667E+00,
17:13:15.70624212,-3.3333E-02, 2.5067E+01, 1.0667E+00,
17:13:15.70624217,-3.3333E-02, 2.5067E+01, 1.3333E+00,
17:13:15.70624222, 0.0000E+00, 2.5067E+01, 1.2000E+00,
17:13:15.70624227, 0.0000E+00, 2.5067E+01, 1.2000E+00,
17:13:15.70624232, 3.3333E-02, 2.4867E+01, 1.0667E+00,
17:13:15.70624237,-3.3333E-02, 2.5067E+01, 1.0667E+00,
17:13:15.70624242, 6.6667E-02, 2.5067E+01, 1.0667E+00,
17:13:15.70624247, 0.0000E+00, 2.5000E+01, 1.3333E+00,
17:13:15.70624252, 6.6667E-02, 2.5067E+01, 1.4667E+00,
17:13:15.70624257, 0.0000E+00, 2.5067E+01, 1.2000E+00,
17:13:15.70624262,-3.3333E-02, 2.4933E+01, 1.3333E+00,
17:13:15.70624267,-3.3333E-02, 2.4933E+01, 1.4667E+00,
17:13:15.70624272, 6.6667E-02, 2.5067E+01, 1.0667E+00,
17:13:15.70624277, 0.0000E+00, 2.5067E+01, 1.3333E+00,
17:13:15.70624282,-3.3333E-02, 2.5067E+01, 8.0000E-01,
17:13:15.70624287,-3.3333E-02, 2.5000E+01, 1.2000E+00,
17:13:15.70624292, 0.0000E+00, 2.5067E+01, 1.3333E+00,
17:13:15.70624297, 3.3333E-02, 2.5000E+01, 1.2000E+00,
17:13:15.70624302, 6.6667E-02, 2.5000E+01, 9.3333E-01,
17:13:15.70624307, 3.3333E-02, 2.5067E+01, 1.2000E+00,
17:13:15.70624312, 6.6667E-02, 2.5000E+01, 1.2000E+00,
17:13:15.70624317, 0.0000E+00, 2.5067E+01, 1.2000E+00,
17:13:15.70624322, 3.3333E-02, 2.5067E+01, 1.2000E+00,
17:13:15.70624327, 3.3333E-02, 2.5133E+01, 1.3333E+00,
17:13:15.70624332, 0.0000E+00, 2.5067E+01, 1.2000E+00,
17:13:15.70624337, 1.0000E-01, 2.5000E+01, 1.2000E+00,
17:13:15.70624342, 6.6667E-02, 2.5000E+01, 1.2000E+00,
17:13:15.70624347, 0.0000E+00, 2.5067E+01, 1.2000E+00,
17:13:15.70624352, 6.6667E-02, 2.5000E+01, 9.3333E-01,
17:13:15.70624357, 0.0000E+00, 2.5067E+01, 1.3333E+00,
17:13:15.70624362,-6.6667E-02, 2.5000E+01, 1.2000E+00,
17:13:15.70624367, 0.0000E+00, 2.5000E+01, 1.2000E+00,
17:13:15.70624372, 3.3333E-02, 2.4933E+01, 1.2000E+00,
17:13:15.70624377, 3.3333E-02, 2.5133E+01, 1.2000E+00,
17:13:15.70624382, 3.3333E-02, 2.5067E+01, 1.0667E+00,
17:13:15.70624387, 6.6667E-02, 2.5000E+01, 9.3333E-01,
17:13:15.70624392, 3.3333E-02, 2.4933E+01, 1.0667E+00,
17:13:15.70624397, 1.0000E-01, 2.5067E+01, 1.4667E+00,
17:13:15.70624402, 6.6667E-02, 2.5067E+01, 1.4667E+00,
17:13:15.70624407, 0.0000E+00, 2.5067E+01, 1.2000E+00,
17:13:15.70624412, 3.3333E-02, 2.5067E+01, 1.2000E+00,
17:13:15.70624417, 6.6667E-02, 2.5067E+01, 1.2000E+00,
17:13:15.70624422, 0.0000E+00, 2.5067E+01, 1.4667E+00,
17:13:15.70624427, 0.0000E+00, 2.5000E+01, 1.3333E+00,
17:13:15.70624432, 3.3333E-02, 2.5067E+01, 9.3333E-01,
17:13:15.70624437,-3.3333E-02, 2.5000E+01, 1.3333E+00,
17:13:15.70624442, 6.6667E-02, 2.5067E+01, 1.2000E+00,
17:13:15.70624447, 0.0000E+00, 2.5067E+01, 1.2000E+00,
17:13:15.70624452,-3.3333E-02, 2.5067E+01, 1.3333E+00,
17:13:15.70624457, 3.3333E-02, 2.5067E+01, 1.3333E+00,
17:13:15.70624462,-6.6667E-02, 2.5000E+01, 9.3333E-01,
17:13:15.70624467, 0.0000E+00, 2.5067E+01, 1.2000E+00,
17:13:15.70624472, 0.0000E+00, 2.4933E+01, 1.3333E+00,
17:13:15.70624477, 0.0000E+00, 2.5067E+01, 9.3333E-01,
17:13:15.70624482, 0.0000E+00, 2.5067E+01, 1.3333E+00,
17:13:15.70624487, 6.6667E-02, 2.5067E+01, 1.2000E+00,
17:13:15.70624492, 0.0000E+00, 2.5000E+01, 1.3333E+00,
17:13:15.70624497, 6.6667E-02, 2.5067E+01, 1.3333E+00,
17:13:15.70624502,-3.3333E-02, 2.5067E+01, 1.2000E+00,
17:13:15.70624507,-3.3333E-02, 2.5000E+01, 1.4667E+00,
17:13:15.70624512,-3.3333E-02, 2.5000E+01, 1.2000E+00,
17:13:15.70624517, 6.6667E-02, 2.5000E+01, 9.3333E-01,
17:13:15.70624522, 3.3333E-02, 2.5000E+01, 1.4667E+00,
17:13:15.70624527,-3.3333E-02, 2.5067E+01, 1.0667E+00,
17:13:15.70624532, 0.0000E+00, 2.4933E+01, 1.3333E+00,
17:13:15.70624537, 0.0000E+00, 2.5000E+01, 1.0667E+00,
17:13:15.70624542, 0.0000E+00, 2.5067E+01, 1.2000E+00,
17:13:15.70624547,-3.3333E-02, 2.5067E+01, 1.0667E+00,
17:13:15.70624552, 0.0000E+00, 2.5067E+01, 1.2000E+00,
17:13:15.70624557, 0.0000E+00, 2.5067E+01, 9.3333E-01,
17:13:15.70624562, 0.0000E+00, 2.5000E+01, 1.0667E+00,
17:13:15.70624567, 6.6667E-02, 2.5067E+01, 1.3333E+00,
17:13:15.70624572, 6.6667E-02, 2.5133E+01, 1.3333E+00,
17:13:15.70624577, 0.0000E+00, 2.5067E+01, 1.3333E+00,
17:13:15.70624582, 3.3333E-02, 2.5000E+01, 9.3333E-01,
17:13:15.70624587, 3.3333E-02, 2.4867E+01, 8.0000E-01,
17:13:15.70624592, 3.3333E-02, 2.5000E+01, 1.0667E+00,
17:13:15.70624597, 0.0000E+00, 2.5000E+01, 1.0667E+00,
17:13:15.70624602, 3.3333E-02, 2.4867E+01, 1.2000E+00,
17:13:15.70624607, 0.0000E+00, 2.5067E+01, 1.3333E+00,
17:13:15.70624612,-3.3333E-02, 2.5133E+01, 9.3333E-01,
17:13:15.70624617, 0.0000E+00, 2.5133E+01, 1.2000E+00,
17:13:15.70624622, 0.0000E+00, 2.5000E+01, 1.3333E+00,
17:13:15.70624627, 0.0000E+00, 2.4933E+01, 1.2000E+00,
17:13:15.70624632, 0.0000E+00, 2.5000E+01, 1.3333E+00,
17:13:15.70624637,-3.3333E-02, 2.5067E+01, 9.3333E-01,
17:13:15.70624642,-3.3333E-02, 2.5000E+01, 1.2000E+00,
17:13:15.70624647, 0.0000E+00, 2.5067E+01, 1.2000E+00,
17:13:15.70624652, 3.3333E-02, 2.5000E+01, 1.3333E+00,
17:13:15.70624657, 0.0000E+00, 2.4933E+01, 9.3333E-01,
17:13:15.70624662, 6.6667E-02, 2.5067E+01, 1.4667E+00,
17:13:15.70624667, 3.3333E-02, 2.5000E+01, 1.3333E+00,
17:13:15.70624672, 0.0000E+00, 2.5067E+01, 9.3333E-01,
17:13:15.70624677, 0.0000E+00, 2.5133E+01, 1.0667E+00,
17:13:15.70624682, 3.3333E-02, 2.5067E+01, 1.0667E+00,
17:13:15.70624687, 3.3333E-02, 2.5133E+01, 1.3333E+00,
17:13:15.70624692, 6.6667E-02, 2.5000E+01, 9.3333E-01,
17:13:15.70624697, 0.0000E+00, 2.5000E+01, 9.3333E-01,
17:13:15.70624702, 3.3333E-02, 2.5067E+01, 1.3333E+00,
17:13:15.70624707, 3.3333E-02, 2.5067E+01, 1.3333E+00,
17:13:15.70624712, 0.0000E+00, 2.5000E+01, 1.0667E+00,
17:13:15.70624717,-3.3333E-02, 2.5067E+01, 1.0667E+00,
17:13:15.70624722, 3.3333E-02, 2.5133E+01, 1.0667E+00,
17:13:15.70624727, 0.0000E+00, 2.5000E+01, 1.2000E+00,
17:13:15.70624732, 3.3333E-02, 2.4800E+01, 1.3333E+00,
17:13:15.70624737, 0.0000E+00, 2.5000E+01, 1.2000E+00,
17:13:15.70624742,-3.3333E-02, 2.5000E+01, 1.0667E+00,
17:13:15.70624747, 3.3333E-02, 2.5000E+01, 1.2000E+00,
17:13:15.70624752, 0.0000E+00, 2.5000E+01, 1.3333E+00,
17:13:15.70624757,-6.6667E-02, 2.5067E+01, 1.2000E+00,
17:13:15.70624762, 6.6667E-02, 2.5067E+01, 1.3333E+00,
17:13:15.70624767, 6.6667E-02, 2.5067E+01, 1.2000E+00,
17:13:15.70624772, 0.0000E+00, 2.4933E+01, 1.0667E+00,
17:13:15.70624777, 3.3333E-02, 2.5067E+01, 1.0667E+00,
17:13:15.70624782, 0.0000E+00, 2.5000E+01, 1.2000E+00,
17:13:15.70624787,-3.3333E-02, 2.4933E+01, 9.3333E-01,
17:13:15.70624792, 6.6667E-02, 2.4933E+01, 1.4667E+00,
17:13:15.70624797, 0.0000E+00, 2.5067E+01, 1.3333E+00,
17:13:15.70624802,-3.3333E-02, 2.5000E+01, 1.3333E+00,
17:13:15.70624807,-3.3333E-02, 2.5067E+01, 1.4667E+00,
17:13:15.70624812, 3.3333E-02, 2.5000E+01, 1.6000E+00,
17:13:15.70624817, 3.3333E-02, 2.5067E+01, 1.0667E+00,
17:13:15.70624822, 3.3333E-02, 2.5000E+01, 1.2000E+00,
17:13:15.70624827, 6.6667E-02, 2.5000E+01, 1.0667E+00,
17:13:15.70624832, 0.0000E+00, 2.5067E+01, 1.4667E+00,
17:13:15.70624837, 6.6667E-02, 2.5067E+01, 1.0667E+00,
17:13:15.70624842,-6.6667E-02, 2.5067E+01, 1.2000E+00,
17:13:15.70624847,-3.3333E-02, 2.4933E+01, 1.3333E+00,
17:13:15.70624852,-6.6667E-02, 2.5067E+01, 1.2000E+00,
17:13:15.70624857, 1.0000E-01, 2.4867E+01, 1.3333E+00,
17:13:15.70624862, 6.6667E-02, 2.4933E+01, 1.2000E+00,
17:13:15.70624867, 3.3333E-02, 2.5000E+01, 1.3333E+00,
17:13:15.70624872, 3.3333E-02, 2.5000E+01, 9.3333E-01,
17:13:15.70624877, 0.0000E+00, 2.4933E+01, 1.2000E+00,
17:13:15.70624882, 0.0000E+00, 2.5000E+01, 1.2000E+00,
17:13:15.70624887, 0.0000E+00, 2.5067E+01, 1.0667E+00,
17:13:15.70624892, 0.0000E+00, 2.5067E+01, 1.4667E+00,
17:13:15.70624897, 0.0000E+00, 2.5067E+01, 1.0667E+00,
17:13:15.70624902, 6.6667E-02, 2.4933E+01, 1.3333E+00,
17:13:15.70624907, 3.3333E-02, 2.5133E+01, 1.0667E+00,
17:13:15.70624912, 0.0000E+00, 2.5067E+01, 1.3333E+00,
17:13:15.70624917, 2.0000E-01, 2.5000E+01, 1.2000E+00,
17:13:15.70624922, 1.3333E+00, 2.5067E+01, 1.2000E+00,
17:13:15.70624927, 3.6000E+00, 2.5000E+01, 8.0000E-01,
17:13:15.70624932, 5.8667E+00, 2.2733E+01, 1.0667E+00,
17:13:15.70624937, 5.8667E+00, 2.3000E+01, 1.0667E+00,
17:13:15.70624942, 5.7000E+00, 2.3200E+01, 1.3333E+00,
17:13:15.70624947, 5.6000E+00, 2.3533E+01, 1.0667E+00,
17:13:15.70624952, 5.5667E+00, 2.3467E+01, 1.6000E+00,
17:13:15.70624957, 5.5333E+00, 2.3267E+01, 2.0000E+00,
17:13:15.70624962, 5.5667E+00, 2.3533E+01, 2.1333E+00,
17:13:15.70624967, 5.6000E+00, 2.3400E+01, 2.6667E+00,
17:13:15.70624972, 5.6333E+00, 2.3333E+01, 2.9333E+00,
17:13:15.70624977, 5.5667E+00, 2.3400E+01, 3.4667E+00,
17:13:15.70624982, 5.5667E+00, 2.3333E+01, 4.0000E+00,
17:13:15.70624987, 5.5667E+00, 2.3267E+01, 4.5333E+00,
17:13:15.70624992, 5.5667E+00, 2.3133E+01, 4.8000E+00,
17:13:15.70624997, 5.6000E+00, 2.3200E+01, 5.4667E+00,
17:13:15.70625002, 5.6667E+00, 2.3133E+01, 5.7333E+00,
17:13:15.70625007, 5.6000E+00, 2.3133E+01, 6.2667E+00,
17:13:15.70625012, 5.5667E+00, 2.2933E+01, 6.9333E+00,
17:13:15.70625017, 5.7000E+00, 2.3000E+01, 7.2000E+00,
17:13:15.70625022, 5.6667E+00, 2.2867E+01, 7.8667E+00,
17:13:15.70625027, 5.7000E+00, 2.2867E+01, 8.2667E+00,
17:13:15.70625032, 5.6000E+00, 2.2867E+01, 9.2000E+00,
17:13:15.70625037, 5.6667E+00, 2.2733E+01, 9.8667E+00,
17:13:15.70625042, 5.7333E+00, 2.2933E+01, 1.0667E+01,
17:13:15.70625047, 5.6000E+00, 2.2800E+01, 1.0667E+01,
17:13:15.70625052, 5.7000E+00, 2.2733E+01, 1.1467E+01,
17:13:15.70625057, 5.7333E+00, 2.2733E+01, 1.2267E+01,
17:13:15.70625062, 5.6667E+00, 2.2867E+01, 1.2667E+01,
17:13:15.70625067, 5.7000E+00, 2.2667E+01, 1.3333E+01,
17:13:15.70625072, 5.7333E+00, 2.2733E+01, 1.4000E+01,
17:13:15.70625077, 5.7000E+00, 2.2667E+01, 1.4667E+01,
17:13:15.70625082, 5.6333E+00, 2.2600E+01, 1.5600E+01,
17:13:15.70625087, 5.6000E+00, 2.2533E+01, 1.6000E+01,
17:13:15.70625092, 5.6333E+00, 2.2600E+01, 1.6800E+01,
17:13:15.70625097, 5.7333E+00, 2.2600E+01, 1.7333E+01,
17:13:15.70625102, 5.7333E+00, 2.2600E+01, 1.8267E+01,
17:13:15.70625107, 5.6667E+00, 2.2400E+01, 1.8533E+01,
17:13:15.70625112, 5.7000E+00, 2.2333E+01, 1.9600E+01,
17:13:15.70625117, 5.7333E+00, 2.2467E+01, 2.0267E+01,
17:13:15.70625122, 5.7333E+00, 2.2333E+01, 2.1200E+01,
17:13:15.70625127, 5.7333E+00, 2.2400E+01, 2.2000E+01,
17:13:15.70625132, 5.7667E+00, 2.2333E+01, 2.2533E+01,
17:13:15.70625137, 5.7667E+00, 2.2400E+01, 2.3333E+01,
17:13:15.70625142, 5.7333E+00, 2.2333E+01, 2.3733E+01,
17:13:15.70625147, 5.8667E+00, 2.2467E+01, 2.4667E+01,
17:13:15.70625152, 5.8333E+00, 2.2467E+01, 2.5333E+01,
17:13:15.70625157, 5.8333E+00, 2.2333E+01, 2.6133E+01,
17:13:15.70625162, 5.7667E+00, 2.2333E+01, 2.6933E+01,
17:13:15.70625167, 5.8333E+00, 2.2600E+01, 2.7333E+01,
17:13:15.70625172, 5.8333E+00, 2.2400E+01, 2.8000E+01,
17:13:15.70625177, 5.8333E+00, 2.2333E+01, 2.8933E+01,
17:13:15.70625182, 5.8333E+00, 2.2400E+01, 2.9733E+01,
17:13:15.70625187, 5.8000E+00, 2.2533E+01, 3.0267E+01,
17:13:15.70625192, 5.9000E+00, 2.2467E+01, 3.1200E+01,
17:13:15.70625197, 5.8000E+00, 2.2533E+01, 3.2133E+01,
17:13:15.70625202, 5.8333E+00, 2.2400E+01, 3.2267E+01,
17:13:15.70625207, 5.8667E+00, 2.2467E+01, 3.3333E+01,
17:13:15.70625212, 5.9333E+00, 2.2533E+01, 3.3600E+01,
17:13:15.70625217, 5.8333E+00, 2.2600E+01, 3.4533E+01,
17:13:15.70625222, 5.8333E+00, 2.2600E+01, 3.4933E+01,
17:13:15.70625227, 5.7667E+00, 2.2600E+01, 3.6000E+01,
17:13:15.70625232, 5.8333E+00, 2.2667E+01, 3.6400E+01,
17:13:15.70625237, 5.8333E+00, 2.2667E+01, 3.7200E+01,
17:13:15.70625242, 5.9667E+00, 2.2800E+01, 3.7600E+01,
17:13:15.70625247, 5.8667E+00, 2.2867E+01, 3.8667E+01,
17:13:15.70625252, 5.9000E+00, 2.2600E+01, 3.8800E+01,
17:13:15.70625257, 5.9333E+00, 2.2733E+01, 3.9467E+01,
17:13:15.70625262, 5.9667E+00, 2.2800E+01, 4.0133E+01,
17:13:15.70625267, 5.8667E+00, 2.2800E+01, 4.0533E+01,
17:13:15.70625272, 5.9333E+00, 2.2867E+01, 4.1067E+01,
17:13:15.70625277, 5.8667E+00, 2.2867E+01, 4.1600E+01,
17:13:15.70625282, 5.8667E+00, 2.2867E+01, 4.2133E+01,
17:13:15.70625287, 5.9667E+00, 2.2933E+01, 4.3067E+01,
17:13:15.70625292, 5.9667E+00, 2.2933E+01, 4.3467E+01,
17:13:15.70625297, 5.9667E+00, 2.3000E+01, 4.4000E+01,
17:13:15.70625302, 5.9667E+00, 2.3067E+01, 4.4133E+01,
17:13:15.70625307, 6.0000E+00, 2.3067E+01, 4.4933E+01,
17:13:15.70625312, 5.9667E+00, 2.3067E+01, 4.5333E+01,
17:13:15.70625317, 5.9333E+00, 2.3067E+01, 4.6000E+01,
17:13:15.70625322, 5.9667E+00, 2.3333E+01, 4.6400E+01,
17:13:15.70625327, 5.9667E+00, 2.3200E+01, 4.6667E+01,
17:13:15.70625332, 5.9333E+00, 2.3200E+01, 4.7200E+01,
17:13:15.70625337, 6.0000E+00, 2.3200E+01, 4.7733E+01,
17:13:15.70625342, 5.9667E+00, 2.3267E+01, 4.8133E+01,
17:13:15.70625347, 6.0000E+00, 2.3467E+01, 4.8667E+01,
17:13:15.70625352, 5.9333E+00, 2.3400E+01, 4.8800E+01,
17:13:15.70625357, 5.9333E+00, 2.3400E+01, 4.9067E+01,
17:13:15.70625362, 6.0000E+00, 2.3467E+01, 4.9867E+01,
17:13:15.70625367, 5.9333E+00, 2.3533E+01, 5.0000E+01,
17:13:15.70625372, 5.9667E+00, 2.3533E+01, 5.0133E+01,
17:13:15.70625377, 5.9667E+00, 2.3667E+01, 5.1067E+01,
17:13:15.70625382, 5.9000E+00, 2.3733E+01, 5.1333E+01,
17:13:15.70625387, 6.0333E+00, 2.3600E+01, 5.1333E+01,
17:13:15.70625392, 5.9667E+00, 2.3733E+01, 5.1600E+01,
17:13:15.70625397, 6.0000E+00, 2.3667E+01, 5.2000E+01,
17:13:15.70625402, 6.0333E+00, 2.3867E+01, 5.2267E+01,
17:13:15.70625407, 6.0000E+00, 2.3800E+01, 5.2533E+01,
17:13:15.70625412, 6.0000E+00, 2.3867E+01, 5.2933E+01,
17:13:15.70625417, 5.9333E+00, 2.3933E+01, 5.2933E+01,
17:13:15.70625422, 5.9667E+00, 2.3933E+01, 5.3467E+01,
17:13:15.70625427, 5.9667E+00, 2.4067E+01, 5.3600E+01,
17:13:15.70625432, 6.0333E+00, 2.4200E+01, 5.4133E+01,
17:13:15.70625437, 6.0667E+00, 2.4067E+01, 5.4133E+01,
17:13:15.70625442, 6.0000E+00, 2.4067E+01, 5.4400E+01,
17:13:15.70625447, 6.0000E+00, 2.4200E+01, 5.4533E+01,
17:13:15.70625452, 6.0667E+00, 2.4267E+01, 5.4533E+01,
17:13:15.70625457, 6.0333E+00, 2.4200E+01, 5.4800E+01,
17:13:15.70625462, 6.0333E+00, 2.4400E+01, 5.5067E+01,
17:13:15.70625467, 5.9667E+00, 2.4333E+01, 5.5333E+01,
17:13:15.70625472, 6.0333E+00, 2.4400E+01, 5.4933E+01,
17:13:15.70625477, 6.0333E+00, 2.4400E+01, 5.5333E+01,
17:13:15.70625482, 6.0333E+00, 2.4400E+01, 5.5867E+01,
17:13:15.70625487, 6.0000E+00, 2.4400E+01, 5.5733E+01,
17:13:15.70625492, 6.1000E+00, 2.4600E+01, 5.5867E+01,
17:13:15.70625497, 6.1000E+00, 2.4600E+01, 5.5867E+01,
17:13:15.70625502, 6.0333E+00, 2.4667E+01, 5.5867E+01,
17:13:15.70625507, 6.0000E+00, 2.4733E+01, 5.5733E+01,
17:13:15.70625512, 6.0333E+00, 2.4733E+01, 5.6133E+01,
17:13:15.70625517, 6.0333E+00, 2.4733E+01, 5.6133E+01,
17:13:15.70625522, 6.0000E+00, 2.4667E+01, 5.5867E+01,
17:13:15.70625527, 5.9667E+00, 2.4733E+01, 5.6133E+01,
17:13:15.70625532, 6.0667E+00, 2.4800E+01, 5.6267E+01,
17:13:15.70625537, 6.0000E+00, 2.4867E+01, 5.6133E+01,
17:13:15.70625542, 6.0667E+00, 2.4933E+01, 5.6133E+01,
17:13:15.70625547, 6.0333E+00, 2.5067E+01, 5.6000E+01,
17:13:15.70625552, 6.0000E+00, 2.4800E+01, 5.6000E+01,
17:13:15.70625557, 6.0000E+00, 2.5067E+01, 5.5867E+01,
17:13:15.70625562, 6.0000E+00, 2.5067E+01, 5.6133E+01,
17:13:15.70625567, 6.0000E+00, 2.5067E+01, 5.5867E+01,
17:13:15.70625572, 6.0333E+00, 2.5133E+01, 5.5733E+01,
17:13:15.70625577, 6.1000E+00, 2.5200E+01, 5.5600E+01,
17:13:15.70625582, 5.9667E+00, 2.5067E+01, 5.5600E+01,
17:13:15.70625587, 5.9667E+00, 2.5067E+01, 5.5467E+01,
17:13:15.70625592, 6.0333E+00, 2.5200E+01, 5.5333E+01,
17:13:15.70625597, 6.0000E+00, 2.5133E+01, 5.5333E+01,
17:13:15.70625602, 6.0333E+00, 2.5200E+01, 5.5067E+01,
17:13:15.70625607, 6.0333E+00, 2.5400E+01, 5.5067E+01,
17:13:15.70625612, 6.0000E+00, 2.5200E+01, 5.4800E+01,
17:13:15.70625617, 5.9667E+00, 2.5400E+01, 5.4800E+01,
17:13:15.70625622, 5.9333E+00, 2.5533E+01, 5.4533E+01,
17:13:15.70625627, 6.0000E+00, 2.5533E+01, 5.4400E+01,
17:13:15.70625632, 6.0333E+00, 2.5400E+01, 5.4400E+01,
17:13:15.70625637, 5.9667E+00, 2.5533E+01, 5.4133E+01,
17:13:15.70625642, 6.0333E+00, 2.5333E+01, 5.4400E+01,
17:13:15.70625647, 5.9667E+00, 2.5533E+01, 5.3600E+01,
17:13:15.70625652, 6.0000E+00, 2.5467E+01, 5.3333E+01,
17:13:15.70625657, 6.0000E+00, 2.5600E+01, 5.3200E+01,
17:13:15.70625662, 5.9667E+00, 2.5667E+01, 5.3200E+01,
17:13:15.70625667, 5.9667E+00, 2.5733E+01, 5.2800E+01,
17:13:15.70625672, 6.0000E+00, 2.5733E+01, 5.2533E+01,
17:13:15.70625677, 5.9667E+00, 2.5667E+01, 5.2267E+01,
17:13:15.70625682, 6.0000E+00, 2.5733E+01, 5.2000E+01,
17:13:15.70625687, 6.0000E+00, 2.5600E+01, 5.1733E+01,
17:13:15.70625692, 5.9667E+00, 2.5800E+01, 5.1467E+01,
17:13:15.70625697, 6.0000E+00, 2.5800E+01, 5.1333E+01,
17:13:15.70625702, 5.9667E+00, 2.5733E+01, 5.0800E+01,
17:13:15.70625707, 5.9333E+00, 2.5667E+01, 5.0800E+01,
17:13:15.70625712, 5.9667E+00, 2.5800E+01, 5.0267E+01,
17:13:15.70625717, 5.9667E+00, 2.5800E+01, 5.0133E+01,
17:13:15.70625722, 5.9333E+00, 2.5867E+01, 5.0000E+01,
17:13:15.70625727, 5.9667E+00, 2.5800E+01, 4.9333E+01,
17:13:15.70625732, 5.9667E+00, 2.5867E+01, 4.9467E+01,
17:13:15.70625737, 6.0333E+00, 2.5867E+01, 4.9067E+01,
17:13:15.70625742, 5.9333E+00, 2.5733E+01, 4.8667E+01,
17:13:15.70625747, 6.0000E+00, 2.5867E+01, 4.8533E+01,
17:13:15.70625752, 5.9667E+00, 2.5800E+01, 4.8133E+01,
17:13:15.70625757, 5.9333E+00, 2.5933E+01, 4.7600E+01,
17:13:15.70625762, 5.9333E+00, 2.5800E+01, 4.7200E+01,
17:13:15.70625767, 5.9000E+00, 2.5867E+01, 4.7200E+01,
17:13:15.70625772, 5.8667E+00, 2.5867E+01, 4.6533E+01,
17:13:15.70625777, 5.9667E+00, 2.5867E+01, 4.6133E+01,
17:13:15.70625782, 5.9333E+00, 2.5800E+01, 4.6267E+01,
17:13:15.70625787, 5.9333E+00, 2.5867E+01, 4.5867E+01,
17:13:15.70625792, 5.9667E+00, 2.5800E+01, 4.5600E+01,
17:13:15.70625797, 5.8333E+00, 2.5933E+01, 4.5200E+01,
17:13:15.70625802, 5.9000E+00, 2.5800E+01, 4.4667E+01,
17:13:15.70625807, 5.9000E+00, 2.5867E+01, 4.4400E+01,
17:13:15.70625812, 5.8667E+00, 2.5800E+01, 4.4533E+01,
17:13:15.70625817, 5.9333E+00, 2.5867E+01, 4.4000E+01,
17:13:15.70625822, 5.9333E+00, 2.5800E+01, 4.3600E+01,
17:13:15.70625827, 5.9333E+00, 2.5800E+01, 4.3200E+01,
17:13:15.70625832, 6.0000E+00, 2.5867E+01, 4.2933E+01,
17:13:15.70625837, 5.9000E+00, 2.5867E+01, 4.2667E+01,
17:13:15.70625842, 5.9333E+00, 2.5800E+01, 4.2267E+01,
17:13:15.70625847, 5.8667E+00, 2.5800E+01, 4.1867E+01,
17:13:15.70625852, 5.9000E+00, 2.5800E+01, 4.1733E+01,
17:13:15.70625857, 5.9000E+00, 2.5933E+01, 4.1600E+01,
17:13:15.70625862, 5.8333E+00, 2.5733E+01, 4.1333E+01,
17:13:15.70625867, 5.9000E+00, 2.5800E+01, 4.0933E+01,
17:13:15.70625872, 5.9000E+00, 2.5800E+01, 4.0533E+01,
17:13:15.70625877, 5.9333E+00, 2.5800E+01, 4.0400E+01,
17:13:15.70625882, 5.8333E+00, 2.5800E+01, 4.0000E+01,
17:13:15.70625887, 5.8667E+00, 2.5733E+01, 3.9867E+01,
17:13:15.70625892, 5.8667E+00, 2.5667E+01, 3.9467E+01,
17:13:15.70625897, 5.8000E+00, 2.5800E+01, 3.9200E+01,
17:13:15.70625902, 5.8333E+00, 2.5800E+01, 3.9067E+01,
17:13:15.70625907, 5.8667E+00, 2.5667E+01, 3.8267E+01,
17:13:15.70625912, 5.8667E+00, 2.5733E+01, 3.8667E+01,
17:13:15.70625917, 5.9000E+00, 2.5667E+01, 3.8133E+01,
17:13:15.70625922, 5.8667E+00, 2.5667E+01, 3.8267E+01,
17:13:15.70625927, 5.9333E+00, 2.5600E+01, 3.8000E+01,
17:13:15.70625932, 5.8000E+00, 2.5733E+01, 3.7333E+01,
17:13:15.70625937, 5.9667E+00, 2.5667E+01, 3.7067E+01,
17:13:15.70625942, 5.9000E+00, 2.5667E+01, 3.7200E+01,
17:13:15.70625947, 5.9000E+00, 2.5533E+01, 3.6533E+01,
17:13:15.70625952, 5.8667E+00, 2.5600E+01, 3.6533E+01,
17:13:15.70625957, 5.9000E+00, 2.5533E+01, 3.6400E+01,
17:13:15.70625962, 5.8333E+00, 2.5467E+01, 3.6000E+01,
17:13:15.70625967, 5.9667E+00, 2.5533E+01, 3.6267E+01,
17:13:15.70625972, 5.8333E+00, 2.5533E+01, 3.5733E+01,
17:13:15.70625977, 5.8667E+00, 2.5667E+01, 3.5467E+01,
17:13:15.70625982, 5.8333E+00, 2.5467E+01, 3.5467E+01,
17:13:15.70625987, 5.8667E+00, 2.5467E+01, 3.5333E+01,
17:13:15.70625992, 5.8000E+00, 2.5533E+01, 3.5067E+01,
17:13:15.70625997, 5.8000E+00, 2.5400E+01, 3.4800E+01,
17:13:15.70626002, 5.8000E+00, 2.5400E+01, 3.4800E+01,
17:13:15.70626007, 5.8667E+00, 2.5267E+01, 3.4667E+01,
17:13:15.70626012, 5.8333E+00, 2.5400E+01, 3.4400E+01,
17:13:15.70626017, 5.8667E+00, 2.5333E+01, 3.4533E+01,
17:13:15.70626022, 5.9333E+00, 2.5333E+01, 3.4267E+01,
17:13:15.70626027, 5.8000E+00, 2.5333E+01, 3.4000E+01,
17:13:15.70626032, 5.8667E+00, 2.5200E+01, 3.4000E+01,
17:13:15.70626037, 5.8333E+00, 2.5333E+01, 3.3733E+01,
17:13:15.70626042, 5.8000E+00, 2.5133E+01, 3.3867E+01,
17:13:15.70626047, 5.8333E+00, 2.5267E+01, 3.3600E+01,
17:13:15.70626052, 5.9333E+00, 2.5067E+01, 3.3600E+01,
17:13:15.70626057, 5.8667E+00, 2.5133E+01, 3.3333E+01,
17:13:15.70626062, 5.9333E+00, 2.5067E+01, 3.3333E+01,
17:13:15.70626067, 5.9333E+00, 2.5267E+01, 3.3467E+01,
17:13:15.70626072, 5.8667E+00, 2.5200E+01, 3.3333E+01,
17:13:15.70626077, 5.8000E+00, 2.5067E+01, 3.3067E+01,
17:13:15.70626082, 5.8667E+00, 2.5133E+01, 3.2533E+01,
17:13:15.70626087, 5.8333E+00, 2.5067E+01, 3.3067E+01,
17:13:15.70626092, 5.8000E+00, 2.5067E+01, 3.2800E+01,
17:13:15.70626097, 5.8667E+00, 2.5067E+01, 3.2667E+01,
17:13:15.70626102, 5.9000E+00, 2.5000E+01, 3.2800E+01,
17:13:15.70626107, 5.8333E+00, 2.5000E+01, 3.2533E+01,
17:13:15.70626112, 5.8000E+00, 2.5067E+01, 3.2800E+01,
17:13:15.70626117, 5.8333E+00, 2.5067E+01, 3.2667E+01,
17:13:15.70626122, 5.8333E+00, 2.5000E+01, 3.2667E+01,
17:13:15.70626127, 5.8000E+00, 2.4933E+01, 3.2800E+01,
17:13:15.70626132, 5.8000E+00, 2.5000E+01, 3.2267E+01,
17:13:15.70626137, 5.7667E+00, 2.4867E+01, 3.2400E+01,
17:13:15.70626142, 5.8667E+00, 2.4800E+01, 3.2533E+01,
17:13:15.70626147, 5.8667E+00, 2.4733E+01, 3.2533E+01,
17:13:15.70626152, 5.9000E+00, 2.4867E+01, 3.2933E+01,
17:13:15.70626157, 5.8667E+00, 2.4733E+01, 3.2667E+01,
17:13:15.70626162, 5.8333E+00, 2.4867E+01, 3.2267E+01,
17:13:15.70626167, 5.8000E+00, 2.4867E+01, 3.2533E+01,
17:13:15.70626172, 5.8333E+00, 2.4800E+01, 3.3067E+01,
17:13:15.70626177, 5.8000E+00, 2.4867E+01, 3.2667E+01,
17:13:15.70626182, 5.9000E+00, 2.4667E+01, 3.2800E+01,
17:13:15.70626187, 5.8333E+00, 2.4600E+01, 3.3200E+01,
17:13:15.70626192, 5.8667E+00, 2.4733E+01, 3.2667E+01,
17:13:15.70626197, 5.8667E+00, 2.4667E+01, 3.2800E+01,
17:13:15.70626202, 5.7333E+00, 2.4667E+01, 3.3067E+01,
17:13:15.70626207, 5.8667E+00, 2.4733E+01, 3.3067E+01,
17:13:15.70626212, 5.8333E+00, 2.4733E+01, 3.2933E+01,
17:13:15.70626217, 5.8333E+00, 2.4600E+01, 3.3200E+01,
17:13:15.70626222, 5.9333E+00, 2.4667E+01, 3.3333E+01,
17:13:15.70626227, 5.8000E+00, 2.4667E+01, 3.3333E+01,
17:13:15.70626232, 5.8667E+00, 2.4600E+01, 3.3333E+01,
17:13:15.70626237, 5.8000E+00, 2.4667E+01, 3.3333E+01,
17:13:15.70626242, 5.8333E+00, 2.4467E+01, 3.3600E+01,
17:13:15.70626247, 5.8000E+00, 2.4533E+01, 3.3867E+01,
17:13:15.70626252, 5.7667E+00, 2.4467E+01, 3.3600E+01,
17:13:15.70626257, 5.8667E+00, 2.4467E+01, 3.3600E+01,
17:13:15.70626262, 5.8333E+00, 2.4533E+01, 3.4267E+01,
17:13:15.70626267, 5.8333E+00, 2.4600E+01, 3.4133E+01,
17:13:15.70626272, 5.8667E+00, 2.4267E+01, 3.4000E+01,
17:13:15.70626277, 5.8667E+00, 2.4467E+01, 3.4133E+01,
17:13:15.70626282, 5.8667E+00, 2.4467E+01, 3.4133E+01,
17:13:15.70626287, 5.7667E+00, 2.4467E+01, 3.4267E+01,
17:13:15.70626292, 5.8667E+00, 2.4400E+01, 3.4533E+01,
17:13:15.70626297, 5.9000E+00, 2.4400E+01, 3.4667E+01,
17:13:15.70626302, 5.8333E+00, 2.4400E+01, 3.4933E+01,
17:13:15.70626307, 5.9000E+00, 2.4533E+01, 3.5200E+01,
17:13:15.70626312, 5.9667E+00, 2.4467E+01, 3.4933E+01,
17:13:15.70626317, 5.8333E+00, 2.4467E+01, 3.5200E+01,
17:13:15.70626322, 5.8667E+00, 2.4333E+01, 3.5467E+01,
17:13:15.70626327, 5.8000E+00, 2.4400E+01, 3.5333E+01,
17:13:15.70626332, 5.9000E+00, 2.4333E+01, 3.5600E+01,
17:13:15.70626337, 5.8000E+00, 2.4467E+01, 3.5467E+01,
17:13:15.70626342, 5.8333E+00, 2.4467E+01, 3.5867E+01,
17:13:15.70626347, 5.8667E+00, 2.4400E+01, 3.5733E+01,
17:13:15.70626352, 5.9000E+00, 2.4467E+01, 3.5867E+01,
17:13:15.70626357, 5.8667E+00, 2.4533E+01, 3.6667E+01,
17:13:15.70626362, 5.9667E+00, 2.4400E+01, 3.6533E+01,
17:13:15.70626367, 5.8333E+00, 2.4400E+01, 3.6400E+01,
17:13:15.70626372, 5.9000E+00, 2.4400E+01, 3.6533E+01,
17:13:15.70626377, 5.9000E+00, 2.4400E+01, 3.6667E+01,
17:13:15.70626382, 5.9000E+00, 2.4333E+01, 3.6800E+01,
17:13:15.70626387, 5.8000E+00, 2.4267E+01, 3.6933E+01,
17:13:15.70626392, 5.9333E+00, 2.4400E+01, 3.7200E+01,
17:13:15.70626397, 5.8667E+00, 2.4400E+01, 3.7333E+01,
17:13:15.70626402, 5.8667E+00, 2.4267E+01, 3.7467E+01,
17:13:15.70626407, 5.8667E+00, 2.4400E+01, 3.7600E+01,
17:13:15.70626412, 5.9000E+00, 2.4400E+01, 3.7600E+01,
17:13:15.70626417, 5.9667E+00, 2.4467E+01, 3.7733E+01,
17:13:15.70626422, 5.9333E+00, 2.4333E+01, 3.8000E+01,
17:13:15.70626427, 5.9333E+00, 2.4400E+01, 3.8267E+01,
17:13:15.70626432, 5.8667E+00, 2.4400E+01, 3.8400E+01,
17:13:15.70626437, 5.8333E+00, 2.4400E+01, 3.8400E+01,
17:13:15.70626442, 5.9000E+00, 2.4400E+01, 3.8533E+01,
17:13:15.70626447, 5.9333E+00, 2.4400E+01, 3.8667E+01,
17:13:15.70626452, 5.9333E+00, 2.4400E+01, 3.8800E+01,
17:13:15.70626457, 6.0000E+00, 2.4400E+01, 3.9067E+01,
17:13:15.70626462, 5.9000E+00, 2.4533E+01, 3.9200E+01,
17:13:15.70626467, 5.9000E+00, 2.4400E+01, 3.9200E+01,
17:13:15.70626472, 5.8667E+00, 2.4400E+01, 3.9467E+01,
17:13:15.70626477, 5.9000E+00, 2.4400E+01, 3.9333E+01,
17:13:15.70626482, 5.9000E+00, 2.4400E+01, 3.9467E+01,
17:13:15.70626487, 5.8000E+00, 2.4400E+01, 3.9733E+01,
17:13:15.70626492, 5.9000E+00, 2.4533E+01, 3.9867E+01,
17:13:15.70626497, 5.8000E+00, 2.4400E+01, 4.0267E+01,
17:13:15.70626502, 5.8667E+00, 2.4400E+01, 4.0267E+01,
17:13:15.70626507, 5.9333E+00, 2.4400E+01, 4.0400E+01,
17:13:15.70626512, 5.8333E+00, 2.4400E+01, 4.0533E+01,
17:13:15.70626517, 5.9000E+00, 2.4467E+01, 4.0533E+01,
17:13:15.70626522, 5.8667E+00, 2.4533E+01, 4.0667E+01,
17:13:15.70626527, 5.9000E+00, 2.4400E+01, 4.0400E+01,
17:13:15.70626532, 5.8667E+00, 2.4467E+01, 4.0800E+01,
17:13:15.70626537, 5.9000E+00, 2.4467E+01, 4.0933E+01,
17:13:15.70626542, 5.9333E+00, 2.4400E+01, 4.1067E+01,
17:13:15.70626547, 5.9000E+00, 2.4600E+01, 4.1200E+01,
17:13:15.70626552, 5.9333E+00, 2.4400E+01, 4.1067E+01,
17:13:15.70626557, 5.8667E+00, 2.4400E+01, 4.1733E+01,
17:13:15.70626562, 5.9667E+00, 2.4400E+01, 4.1200E+01,
17:13:15.70626567, 6.0333E+00, 2.4400E+01, 4.1467E+01,
17:13:15.70626572, 5.9000E+00, 2.4600E+01, 4.1733E+01,
17:13:15.70626577, 5.9333E+00, 2.4533E+01, 4.1733E+01,
17:13:15.70626582, 5.9333E+00, 2.4467E+01, 4.1600E+01,
17:13:15.70626587, 5.9000E+00, 2.4533E+01, 4.1600E+01,
17:13:15.70626592, 5.9667E+00, 2.4533E+01, 4.1867E+01,
17:13:15.70626597, 6.0000E+00, 2.4467E+01, 4.2133E+01,
17:13:15.70626602, 5.9333E+00, 2.4467E+01, 4.2267E+01,
17:13:15.70626607, 5.9000E+00, 2.4533E+01, 4.2400E+01,
17:13:15.70626612, 5.9667E+00, 2.4733E+01, 4.2400E+01,
17:13:15.70626617, 5.9333E+00, 2.4533E+01, 4.2267E+01,
17:13:15.70626622, 5.8667E+00, 2.4533E+01, 4.2667E+01,
17:13:15.70626627, 5.9667E+00, 2.4600E+01, 4.2533E+01,
17:13:15.70626632, 5.9000E+00, 2.4667E+01, 4.2533E+01,
17:13:15.70626637, 5.9667E+00, 2.4667E+01, 4.2400E+01,
17:13:15.70626642, 6.0000E+00, 2.4733E+01, 4.2533E+01,
17:13:15.70626647, 5.9000E+00, 2.4600E+01, 4.2667E+01,
17:13:15.70626652, 5.9667E+00, 2.4667E+01, 4.3067E+01,
17:13:15.70626657, 5.9000E+00, 2.4600E+01, 4.2933E+01,
17:13:15.70626662, 5.8667E+00, 2.4733E+01, 4.2933E+01,
17:13:15.70626667, 5.9667E+00, 2.4800E+01, 4.3067E+01,
17:13:15.70626672, 5.8667E+00, 2.4600E+01, 4.3067E+01,
17:13:15.70626677, 5.8333E+00, 2.4600E+01, 4.3067E+01,
17:13:15.70626682, 5.9333E+00, 2.4600E+01, 4.2933E+01,
17:13:15.70626687, 5.9333E+00, 2.4800E+01, 4.3067E+01,
17:13:15.70626692, 5.9000E+00, 2.4733E+01, 4.3200E+01,
17:13:15.70626697, 5.9333E+00, 2.4733E+01, 4.3333E+01,
17:13:15.70626702, 5.9000E+00, 2.4800E+01, 4.3067E+01,
17:13:15.70626707, 5.9000E+00, 2.4533E+01, 4.3467E+01,
17:13:15.70626712, 5.8667E+00, 2.4867E+01, 4.3600E+01,
17:13:15.70626717, 5.9000E+00, 2.4733E+01, 4.3067E+01,
17:13:15.70626722, 5.9667E+00, 2.4667E+01, 4.3467E+01,
17:13:15.70626727, 5.9333E+00, 2.4733E+01, 4.3333E+01,
17:13:15.70626732, 5.8667E+00, 2.4933E+01, 4.3467E+01,
17:13:15.70626737, 5.8667E+00, 2.4800E+01, 4.3333E+01,
17:13:15.70626742, 5.9000E+00, 2.4933E+01, 4.3333E+01,
17:13:15.70626747, 5.9333E+00, 2.4800E+01, 4.3733E+01,
17:13:15.70626752, 5.9000E+00, 2.4800E+01, 4.3733E+01,
17:13:15.70626757, 5.9000E+00, 2.5000E+01, 4.3467E+01,
17:13:15.70626762, 5.9667E+00, 2.4867E+01, 4.3600E+01,
17:13:15.70626767, 5.9000E+00, 2.4933E+01, 4.3333E+01,
17:13:15.70626772, 5.9000E+00, 2.4800E+01, 4.3333E+01,
17:13:15.70626777, 5.9333E+00, 2.4733E+01, 4.3600E+01,
17:13:15.70626782, 5.9000E+00, 2.5000E+01, 4.3333E+01,
17:13:15.70626787, 5.9333E+00, 2.5000E+01, 4.3467E+01,
17:13:15.70626792, 5.8667E+00, 2.4867E+01, 4.3333E+01,
17:13:15.70626797, 5.9000E+00, 2.4933E+01, 4.3067E+01,
17:13:15.70626802, 6.0000E+00, 2.4933E+01, 4.3467E+01,
17:13:15.70626807, 5.9667E+00, 2.5000E+01, 4.3067E+01,
17:13:15.70626812, 5.9667E+00, 2.4867E+01, 4.3067E+01,
17:13:15.70626817, 5.9000E+00, 2.5067E+01, 4.3067E+01,
17:13:15.70626822, 5.9333E+00, 2.5067E+01, 4.3067E+01,
17:13:15.70626827, 5.8667E+00, 2.5000E+01, 4.3200E+01,
17:13:15.70626832, 5.9333E+00, 2.5067E+01, 4.3067E+01,
17:13:15.70626837, 5.9000E+00, 2.5067E+01, 4.3067E+01,
17:13:15.70626842, 5.9333E+00, 2.4867E+01, 4.3333E+01,
17:13:15.70626847, 5.9333E+00, 2.5067E+01, 4.3333E+01,
17:13:15.70626852, 5.9000E+00, 2.5000E+01, 4.3067E+01,
17:13:15.70626857, 5.9000E+00, 2.5000E+01, 4.3067E+01,
17:13:15.70626862, 5.8667E+00, 2.5067E+01, 4.2933E+01,
17:13:15.70626867, 5.8667E+00, 2.4933E+01, 4.2800E+01,
17:13:15.70626872, 5.9667E+00, 2.5067E+01, 4.3067E+01,
17:13:15.70626877, 5.9000E+00, 2.4933E+01, 4.2800E+01,
17:13:15.70626882, 5.9667E+00, 2.5067E+01, 4.2667E+01,
17:13:15.70626887, 5.9000E+00, 2.5067E+01, 4.2800E+01,
17:13:15.70626892, 5.9000E+00, 2.5067E+01, 4.2800E+01,
17:13:15.70626897, 5.9000E+00, 2.5067E+01, 4.2933E+01,
17:13:15.70626902, 5.9000E+00, 2.5067E+01, 4.2800E+01,
17:13:15.70626907, 6.0000E+00, 2.5067E+01, 4.2533E+01,
17:13:15.70626912, 5.9000E+00, 2.5000E+01, 4.2533E+01,
17:13:15.70626917, 5.8333E+00, 2.4933E+01, 4.2667E+01,
17:13:15.70626922, 5.9333E+00, 2.5133E+01, 4.2533E+01,
17:13:15.70626927, 5.9000E+00, 2.5000E+01, 4.2533E+01,
17:13:15.70626932, 5.9333E+00, 2.5067E+01, 4.2400E+01,
17:13:15.70626937, 5.9667E+00, 2.5200E+01, 4.2000E+01,
17:13:15.70626942, 5.9000E+00, 2.5067E+01, 4.2267E+01,
17:13:15.70626947, 5.9000E+00, 2.5067E+01, 4.2267E+01,
17:13:15.70626952, 5.9000E+00, 2.5000E+01, 4.2133E+01,
17:13:15.70626957, 5.9000E+00, 2.5000E+01, 4.1867E+01,
17:13:15.70626962, 5.9000E+00, 2.5067E+01, 4.2000E+01,
17:13:15.70626967, 5.9333E+00, 2.5067E+01, 4.2000E+01,
17:13:15.70626972, 5.9333E+00, 2.5067E+01, 4.1867E+01,
17:13:15.70626977, 5.9333E+00, 2.5067E+01, 4.1600E+01,
17:13:15.70626982, 5.9333E+00, 2.5067E+01, 4.1733E+01,
17:13:15.70626987, 5.8667E+00, 2.5133E+01, 4.2000E+01,
17:13:15.70626992, 5.8667E+00, 2.5000E+01, 4.1733E+01,
17:13:15.70626997, 5.9000E+00, 2.5067E+01, 4.1600E+01,
17:13:15.70627002, 5.9333E+00, 2.5133E+01, 4.1600E+01,
17:13:15.70627007, 5.9667E+00, 2.5067E+01, 4.1600E+01,
17:13:15.70627012, 5.8667E+00, 2.5067E+01, 4.1333E+01,
17:13:15.70627017, 5.9000E+00, 2.5067E+01, 4.1333E+01,
17:13:15.70627022, 5.9000E+00, 2.5067E+01, 4.1200E+01,
17:13:15.70627027, 5.8667E+00, 2.5067E+01, 4.0933E+01,
17:13:15.70627032, 5.9000E+00, 2.5067E+01, 4.1067E+01,
17:13:15.70627037, 5.9333E+00, 2.5133E+01, 4.1067E+01,
17:13:15.70627042, 5.9000E+00, 2.5067E+01, 4.1067E+01,
17:13:15.70627047, 5.9667E+00, 2.5067E+01, 4.0800E+01,
17:13:15.70627052, 5.8667E+00, 2.5000E+01, 4.1067E+01,
17:13:15.70627057, 5.9000E+00, 2.5067E+01, 4.0933E+01,
17:13:15.70627062, 5.9000E+00, 2.5133E+01, 4.0933E+01,
17:13:15.70627067, 5.8667E+00, 2.5000E+01, 4.0533E+01,
17:13:15.70627072, 5.9333E+00, 2.5133E+01, 4.0533E+01,
17:13:15.70627077, 5.9333E+00, 2.5067E+01, 4.0400E+01,
17:13:15.70627082, 5.9000E+00, 2.5200E+01, 4.0533E+01,
17:13:15.70627087, 5.9000E+00, 2.5067E+01, 4.0400E+01,
17:13:15.70627092, 5.9333E+00, 2.5067E+01, 4.0400E+01,
17:13:15.70627097, 5.9000E+00, 2.5067E+01, 4.0400E+01,
17:13:15.70627102, 5.8667E+00, 2.5133E+01, 4.0400E+01,
17:13:15.70627107, 5.9333E+00, 2.5000E+01, 4.0133E+01,
17:13:15.70627112, 5.9667E+00, 2.5067E+01, 4.0000E+01,
17:13:15.70627117, 5.9000E+00, 2.5067E+01, 4.0133E+01,
17:13:15.70627122, 5.9000E+00, 2.5067E+01, 4.0133E+01,
17:13:15.70627127, 5.8667E+00, 2.5067E+01, 4.0267E+01,
17:13:15.70627132, 5.9000E+00, 2.4933E+01, 4.0133E+01,
17:13:15.70627137, 5.9333E+00, 2.5067E+01, 4.0133E+01,
17:13:15.70627142, 5.8667E+00, 2.5000E+01, 3.9733E+01,
17:13:15.70627147, 5.9000E+00, 2.5000E+01, 4.0133E+01,
17:13:15.70627152, 5.9000E+00, 2.5067E+01, 3.9867E+01,
17:13:15.70627157, 5.8667E+00, 2.5067E+01, 3.9467E+01,
17:13:15.70627162, 5.8333E+00, 2.5067E+01, 3.9600E+01,
17:13:15.70627167, 5.9000E+00, 2.4933E+01, 3.9733E+01,
17:13:15.70627172, 5.9000E+00, 2.5067E+01, 3.9733E+01,
17:13:15.70627177, 5.9333E+00, 2.4867E+01, 3.9467E+01,
17:13:15.70627182, 5.9000E+00, 2.5000E+01, 3.9333E+01,
17:13:15.70627187, 5.9000E+00, 2.5067E+01, 3.9733E+01,
17:13:15.70627192, 5.9000E+00, 2.4867E+01, 3.9600E+01,
17:13:15.70627197, 5.8667E+00, 2.4867E+01, 3.9200E+01,
17:13:15.70627202, 5.8667E+00, 2.5000E+01, 3.9200E+01,
17:13:15.70627207, 5.8667E+00, 2.5000E+01, 3.9200E+01,
17:13:15.70627212, 5.9000E+00, 2.5000E+01, 3.9200E+01,
17:13:15.70627217, 5.8667E+00, 2.5000E+01, 3.9200E+01,
17:13:15.70627222, 5.9333E+00, 2.5000E+01, 3.9067E+01,
17:13:15.70627227, 5.9333E+00, 2.5000E+01, 3.8933E+01,
17:13:15.70627232, 5.8333E+00, 2.5000E+01, 3.9067E+01,
17:13:15.70627237, 5.9000E+00, 2.4933E+01, 3.9333E+01,
17:13:15.70627242, 5.8667E+00, 2.5067E+01, 3.9067E+01,
17:13:15.70627247, 5.8667E+00, 2.4800E+01, 3.9067E+01,
17:13:15.70627252, 5.8667E+00, 2.5133E+01, 3.8800E+01,
17:13:15.70627257, 5.8667E+00, 2.5067E+01, 3.9067E+01,
17:13:15.70627262, 5.9000E+00, 2.4933E+01, 3.8800E+01,
17:13:15.70627267, 5.8667E+00, 2.4933E+01, 3.9200E+01,
17:13:15.70627272, 5.9333E+00, 2.4933E+01, 3.8933E+01,
17:13:15.70627277, 5.8333E+00, 2.4933E+01, 3.8800E+01,
17:13:15.70627282, 5.9333E+00, 2.4933E+01, 3.9067E+01,
17:13:15.70627287, 5.8667E+00, 2.5000E+01, 3.8933E+01,
17:13:15.70627292, 5.9333E+00, 2.5000E+01, 3.8933E+01,
17:13:15.70627297, 5.8667E+00, 2.4867E+01, 3.8800E+01,
17:13:15.70627302, 5.8667E+00, 2.4933E+01, 3.9067E+01,
17:13:15.70627307, 5.9000E+00, 2.4733E+01, 3.8800E+01,
17:13:15.70627312, 5.9000E+00, 2.5000E+01, 3.8533E+01,
17:13:15.70627317, 5.8667E+00, 2.4800E+01, 3.8933E+01,
17:13:15.70627322, 5.8333E+00, 2.4933E+01, 3.8667E+01,
17:13:15.70627327, 5.9000E+00, 2.4933E+01, 3.8800E+01,
17:13:15.70627332, 5.9667E+00, 2.4800E+01, 3.8800E+01,
17:13:15.70627337, 5.9000E+00, 2.4867E+01, 3.8667E+01,
17:13:15.70627342, 5.8333E+00, 2.4933E+01, 3.9200E+01,
17:13:15.70627347, 5.9000E+00, 2.5000E+01, 3.8800E+01,
17:13:15.70627352, 5.8333E+00, 2.4867E+01, 3.8400E+01,
17:13:15.70627357, 5.8333E+00, 2.4933E+01, 3.8533E+01,
17:13:15.70627362, 5.9333E+00, 2.4867E+01, 3.8800E+01,
17:13:15.70627367, 5.8667E+00, 2.4867E+01, 3.8933E+01,
17:13:15.70627372, 5.9000E+00, 2.4800E+01, 3.8667E+01,
17:13:15.70627377, 5.9333E+00, 2.4800E+01, 3.8533E+01,
17:13:15.70627382, 5.9333E+00, 2.4733E+01, 3.8533E+01,
17:13:15.70627387, 5.8333E+00, 2.4800E+01, 3.8667E+01,
17:13:15.70627392, 5.8000E+00, 2.4733E+01, 3.8667E+01,
17:13:15.70627397, 5.9333E+00, 2.4867E+01, 3.8667E+01,
17:13:15.70627402, 5.8667E+00, 2.4933E+01, 3.8667E+01,
17:13:15.70627407, 5.9000E+00, 2.4867E+01, 3.8267E+01,
17:13:15.70627412, 5.8667E+00, 2.4733E+01, 3.8800E+01,
17:13:15.70627417, 5.9000E+00, 2.4933E+01, 3.8933E+01,
17:13:15.70627422, 5.9333E+00, 2.4933E+01, 3.8800E+01,
17:13:15.70627427, 5.8667E+00, 2.4800E+01, 3.8933E+01,
17:13:15.70627432, 5.9000E+00, 2.4733E+01, 3.8667E+01,
17:13:15.70627437, 5.9000E+00, 2.4800E+01, 3.8933E+01,
17:13:15.70627442, 5.8667E+00, 2.4933E+01, 3.9067E+01,
17:13:15.70627447, 5.8667E+00, 2.4867E+01, 3.9067E+01,
17:13:15.70627452, 5.9000E+00, 2.4933E+01, 3.8800E+01,
17:13:15.70627457, 5.9333E+00, 2.4867E+01, 3.9067E+01,
17:13:15.70627462, 5.9000E+00, 2.4800E+01, 3.9067E+01,
17:13:15.70627467, 5.8667E+00, 2.4667E+01, 3.9067E+01,
17:13:15.70627472, 5.8333E+00, 2.4800E+01, 3.9067E+01,
17:13:15.70627477, 5.8000E+00, 2.4667E+01, 3.9067E+01,
17:13:15.70627482, 5.8333E+00, 2.4867E+01, 3.9200E+01,
17:13:15.70627487, 5.8667E+00, 2.4733E+01, 3.9067E+01,
17:13:15.70627492, 5.8000E+00, 2.4800E+01, 3.9067E+01,
17:13:15.70627497, 5.9000E+00, 2.4800E+01, 3.9067E+01,
17:13:15.70627502, 5.9000E+00, 2.4600E+01, 3.9067E+01,
17:13:15.70627507, 5.9000E+00, 2.4867E+01, 3.9200E+01,
17:13:15.70627512, 5.9333E+00, 2.4800E+01, 3.9067E+01,
17:13:15.70627517, 5.8667E+00, 2.4800E+01, 3.9200E+01,
17:13:15.70627522, 5.9333E+00, 2.4667E+01, 3.9333E+01,
17:13:15.70627527, 5.9333E+00, 2.4800E+01, 3.9600E+01,
17:13:15.70627532, 5.9000E+00, 2.4800E+01, 3.9067E+01,
17:13:15.70627537, 5.8667E+00, 2.4733E+01, 3.9333E+01,
17:13:15.70627542, 5.8667E+00, 2.4667E+01, 3.9467E+01,
17:13:15.70627547, 5.8667E+00, 2.4933E+01, 3.9467E+01,
17:13:15.70627552, 5.9000E+00, 2.4800E+01, 3.9067E+01,
17:13:15.70627557, 5.9667E+00, 2.4800E+01, 3.9333E+01,
17:13:15.70627562, 5.8667E+00, 2.4867E+01, 3.9333E+01,
17:13:15.70627567, 5.9000E+00, 2.4800E+01, 3.9333E+01,
17:13:15.70627572, 5.8667E+00, 2.4867E+01, 3.9600E+01,
17:13:15.70627577, 5.8667E+00, 2.4733E+01, 3.9333E+01,
17:13:15.70627582, 5.8667E+00, 2.4733E+01, 3.9467E+01,
17:13:15.70627587, 5.9000E+00, 2.4733E+01, 3.9600E+01,
17:13:15.70627592, 5.8667E+00, 2.4800E+01, 3.9600E+01,
17:13:15.70627597, 5.9000E+00, 2.4733E+01, 3.9867E+01,
17:13:15.70627602, 5.9000E+00, 2.4733E+01, 3.9600E+01,
17:13:15.70627607, 5.9000E+00, 2.4733E+01, 3.9733E+01,
17:13:15.70627612, 5.8333E+00, 2.4800E+01, 3.9600E+01,
17:13:15.70627617, 5.9000E+00, 2.4867E+01, 3.9733E+01,
17:13:15.70627622, 5.8333E+00, 2.4733E+01, 4.0000E+01,
17:13:15.70627627, 5.8667E+00, 2.4667E+01, 3.9333E+01,
17:13:15.70627632, 5.8667E+00, 2.4867E+01, 4.0000E+01,
17:13:15.70627637, 5.8667E+00, 2.4733E+01, 3.9867E+01,
17:13:15.70627642, 5.8667E+00, 2.4933E+01, 4.0133E+01,
17:13:15.70627647, 5.9000E+00, 2.4733E+01, 3.9867E+01,
17:13:15.70627652, 5.9333E+00, 2.4733E+01, 3.9600E+01,
17:13:15.70627657, 5.9333E+00, 2.4733E+01, 3.9733E+01,
17:13:15.70627662, 5.8667E+00, 2.4733E+01, 4.0133E+01,
17:13:15.70627667, 5.9000E+00, 2.4733E+01, 4.0000E+01,
17:13:15.70627672, 5.9000E+00, 2.4733E+01, 4.0000E+01,
17:13:15.70627677, 5.8333E+00, 2.4733E+01, 4.0267E+01,
17:13:15.70627682, 5.8000E+00, 2.4800E+01, 4.0267E+01,
17:13:15.70627687, 5.9333E+00, 2.4867E+01, 4.0133E+01,
17:13:15.70627692, 5.9333E+00, 2.4800E+01, 4.0000E+01,
17:13:15.70627697, 5.9000E+00, 2.4800E+01, 4.0267E+01,
17:13:15.70627702, 5.9333E+00, 2.4733E+01, 4.0267E+01,
17:13:15.70627707, 5.9000E+00, 2.4733E+01, 4.0400E+01,
17:13:15.70627712, 5.8667E+00, 2.4733E+01, 4.0133E+01,
17:13:15.70627717, 5.9000E+00, 2.4867E+01, 4.0267E+01,
17:13:15.70627722, 5.8333E+00, 2.4800E+01, 4.0400E+01,
17:13:15.70627727, 5.8667E+00, 2.4867E+01, 4.0133E+01,
17:13:15.70627732, 5.9333E+00, 2.4733E+01, 4.0267E+01,
17:13:15.70627737, 6.0000E+00, 2.4800E+01, 4.0133E+01,
17:13:15.70627742, 5.8667E+00, 2.4733E+01, 4.0400E+01,
17:13:15.70627747, 5.9333E+00, 2.4733E+01, 4.0400E+01,
17:13:15.70627752, 5.9667E+00, 2.4867E+01, 4.0267E+01,
17:13:15.70627757, 5.9000E+00, 2.4867E+01, 4.0400E+01,
17:13:15.70627762, 5.9000E+00, 2.4800E+01, 4.0400E+01,
17:13:15.70627767, 5.8333E+00, 2.4800E+01, 4.0400E+01,
17:13:15.70627772, 5.9667E+00, 2.4800E+01, 4.0267E+01,
17:13:15.70627777, 5.9000E+00, 2.4733E+01, 4.0400E+01,
17:13:15.70627782, 5.8667E+00, 2.4800E+01, 4.0800E+01,
17:13:15.70627787, 5.9333E+00, 2.4733E+01, 4.0533E+01,
17:13:15.70627792, 5.8667E+00, 2.4733E+01, 4.0533E+01,
17:13:15.70627797, 5.9333E+00, 2.4667E+01, 4.0533E+01,
17:13:15.70627802, 5.9000E+00, 2.4800E+01, 4.0400E+01,
17:13:15.70627807, 5.9667E+00, 2.4867E+01, 4.0667E+01,
17:13:15.70627812, 5.9333E+00, 2.4800E+01, 4.0667E+01,
17:13:15.70627817, 5.9000E+00, 2.4733E+01, 4.0933E+01,
17:13:15.70627822, 5.9000E+00, 2.4800E+01, 4.0533E+01,
17:13:15.70627827, 5.8333E+00, 2.4800E+01, 4.0533E+01,
17:13:15.70627832, 5.8667E+00, 2.4867E+01, 4.0800E+01,
17:13:15.70627837, 5.8667E+00, 2.4867E+01, 4.0533E+01,
17:13:15.70627842, 5.8667E+00, 2.4867E+01, 4.0667E+01,
17:13:15.70627847, 5.9000E+00, 2.4667E+01, 4.0933E+01,
17:13:15.70627852, 5.9667E+00, 2.4933E+01, 4.0800E+01,
17:13:15.70627857, 5.9000E+00, 2.4800E+01, 4.0667E+01,
17:13:15.70627862, 5.9333E+00, 2.4800E+01, 4.1067E+01,
17:13:15.70627867, 5.8667E+00, 2.4933E+01, 4.0800E+01,
17:13:15.70627872, 5.9000E+00, 2.4800E+01, 4.0800E+01,
17:13:15.70627877, 5.9333E+00, 2.4867E+01, 4.0933E+01,
17:13:15.70627882, 5.9000E+00, 2.4800E+01, 4.0800E+01,
17:13:15.70627887, 5.9333E+00, 2.4733E+01, 4.0667E+01,
17:13:15.70627892, 5.9333E+00, 2.4667E+01, 4.0800E+01,
17:13:15.70627897, 5.9000E+00, 2.4800E+01, 4.1067E+01,
17:13:15.70627902, 6.0000E+00, 2.4933E+01, 4.0933E+01,
17:13:15.70627907, 5.8667E+00, 2.4800E+01, 4.1200E+01,
17:13:15.70627912, 5.8333E+00, 2.4867E+01, 4.0667E+01,
17:13:15.70627917, 5.9333E+00, 2.4867E+01, 4.0933E+01,
17:13:15.70627922, 5.9333E+00, 2.4733E+01, 4.0933E+01,
17:13:15.70627927, 5.9667E+00, 2.4800E+01, 4.1067E+01,
17:13:15.70627932, 5.8667E+00, 2.4733E+01, 4.0933E+01,
17:13:15.70627937, 5.9000E+00, 2.4800E+01, 4.0933E+01,
17:13:15.70627942, 5.9000E+00, 2.4800E+01, 4.1067E+01,
17:13:15.70627947, 5.9333E+00, 2.4800E+01, 4.0667E+01,
17:13:15.70627952, 5.9333E+00, 2.4933E+01, 4.1067E+01,
17:13:15.70627957, 5.8667E+00, 2.4800E+01, 4.0933E+01,
17:13:15.70627962, 6.0000E+00, 2.4867E+01, 4.1200E+01,
17:13:15.70627967, 5.8667E+00, 2.4933E+01, 4.1200E+01,
17:13:15.70627972, 5.9333E+00, 2.4867E+01, 4.1067E+01,
17:13:15.70627977, 5.9000E+00, 2.4733E+01, 4.1067E+01,
17:13:15.70627982, 5.9667E+00, 2.4800E+01, 4.0933E+01,
17:13:15.70627987, 5.9333E+00, 2.4733E+01, 4.1200E+01,
17:13:15.70627992, 5.9333E+00, 2.4800E+01, 4.0933E+01,
17:13:15.70627997, 5.9000E+00, 2.4867E+01, 4.0933E+01,
17:13:15.70628002, 5.8667E+00, 2.4933E+01, 4.0667E+01,
17:13:15.70628007, 5.8667E+00, 2.4867E+01, 4.1067E+01,
17:13:15.70628012, 5.8667E+00, 2.4867E+01, 4.1200E+01,
17:13:15.70628017, 5.9000E+00, 2.4933E+01, 4.1067E+01,
17:13:15.70628022, 5.9333E+00, 2.4867E+01, 4.1333E+01,
17:13:15.70628027, 5.9000E+00, 2.4800E+01, 4.1200E+01,
17:13:15.70628032, 5.9000E+00, 2.4867E+01, 4.0667E+01,
17:13:15.70628037, 5.9333E+00, 2.4867E+01, 4.0933E+01,
17:13:15.70628042, 5.9000E+00, 2.4867E+01, 4.0667E+01,
17:13:15.70628047, 5.9000E+00, 2.4933E+01, 4.0933E+01,
17:13:15.70628052, 5.8667E+00, 2.4867E+01, 4.0933E+01,
17:13:15.70628057, 5.8667E+00, 2.5000E+01, 4.0933E+01,
17:13:15.70628062, 5.9333E+00, 2.5000E+01, 4.0800E+01,
17:13:15.70628067, 5.9000E+00, 2.4933E+01, 4.1200E+01,
17:13:15.70628072, 5.8333E+00, 2.5067E+01, 4.1067E+01,
17:13:15.70628077, 5.9667E+00, 2.4867E+01, 4.0933E+01,
17:13:15.70628082, 5.9333E+00, 2.4800E+01, 4.0933E+01,
17:13:15.70628087, 5.9000E+00, 2.5000E+01, 4.0800E+01,
17:13:15.70628092, 5.8667E+00, 2.5000E+01, 4.0800E+01,
17:13:15.70628097, 5.9333E+00, 2.4867E+01, 4.0800E+01,
17:13:15.70628102, 5.8667E+00, 2.4933E+01, 4.0800E+01,
17:13:15.70628107, 5.9000E+00, 2.4933E+01, 4.0800E+01,
17:13:15.70628112, 5.9333E+00, 2.4867E+01, 4.1067E+01,
17:13:15.70628117, 5.9000E+00, 2.4933E+01, 4.0933E+01,
17:13:15.70628122, 5.9000E+00, 2.4933E+01, 4.0667E+01,
17:13:15.70628127, 5.9000E+00, 2.4867E+01, 4.0400E+01,
17:13:15.70628132, 5.9333E+00, 2.4867E+01, 4.0933E+01,
17:13:15.70628137, 5.9000E+00, 2.4733E+01, 4.0933E+01,
17:13:15.70628142, 5.8667E+00, 2.5000E+01, 4.0800E+01,
17:13:15.70628147, 5.8667E+00, 2.5067E+01, 4.1067E+01,
17:13:15.70628152, 5.8667E+00, 2.5067E+01, 4.0800E+01,
17:13:15.70628157, 5.9000E+00, 2.4867E+01, 4.0667E+01,
17:13:15.70628162, 5.9667E+00, 2.4867E+01, 4.0533E+01,
17:13:15.70628167, 5.9000E+00, 2.4733E+01, 4.0933E+01,
17:13:15.70628172, 5.8333E+00, 2.4933E+01, 4.0933E+01,
17:13:15.70628177, 5.8667E+00, 2.4933E+01, 4.0533E+01,
17:13:15.70628182, 5.9000E+00, 2.4867E+01, 4.0533E+01,
17:13:15.70628187, 5.8667E+00, 2.4933E+01, 4.0533E+01,
17:13:15.70628192, 5.9333E+00, 2.4933E+01, 4.0667E+01,
17:13:15.70628197, 5.8667E+00, 2.4867E+01, 4.0533E+01,
17:13:15.70628202, 5.8667E+00, 2.4933E+01, 4.0400E+01,
17:13:15.70628207, 5.8667E+00, 2.4933E+01, 4.0533E+01,
17:13:15.70628212, 5.8667E+00, 2.4933E+01, 4.0667E+01,
17:13:15.70628217, 5.8333E+00, 2.4867E+01, 4.0533E+01,
17:13:15.70628222, 5.8667E+00, 2.4867E+01, 4.0667E+01,
17:13:15.70628227, 5.8667E+00, 2.4800E+01, 4.0533E+01,
17:13:15.70628232, 5.8667E+00, 2.5000E+01, 4.0400E+01,
17:13:15.70628237, 5.9333E+00, 2.5000E+01, 4.0400E+01,
17:13:15.70628242, 5.8667E+00, 2.5000E+01, 4.0400E+01,
17:13:15.70628247, 5.9333E+00, 2.4867E+01, 4.0533E+01,
17:13:15.70628252, 5.8667E+00, 2.5067E+01, 4.0533E+01,
17:13:15.70628257, 5.8667E+00, 2.4800E+01, 4.0400E+01,
17:13:15.70628262, 5.9333E+00, 2.5000E+01, 4.0533E+01,
17:13:15.70628267, 5.9000E+00, 2.4733E+01, 4.0667E+01,
17:13:15.70628272, 6.0000E+00, 2.5000E+01, 4.0533E+01,
17:13:15.70628277, 5.9000E+00, 2.4867E+01, 4.0400E+01,
17:13:15.70628282, 5.9000E+00, 2.4933E+01, 4.0533E+01,
17:13:15.70628287, 5.8667E+00, 2.4933E+01, 4.0533E+01,
17:13:15.70628292, 5.9000E+00, 2.4933E+01, 4.0533E+01,
17:13:15.70628297, 5.8667E+00, 2.4933E+01, 4.0267E+01,
17:13:15.70628302, 5.9667E+00, 2.4867E+01, 4.0267E+01,
17:13:15.70628307, 5.9000E+00, 2.5000E+01, 4.0400E+01,
17:13:15.70628312, 5.9333E+00, 2.4867E+01, 4.0400E+01,
17:13:15.70628317, 5.8667E+00, 2.5000E+01, 4.0400E+01,
17:13:15.70628322, 5.8667E+00, 2.4800E+01, 4.0400E+01,
17:13:15.70628327, 5.9000E+00, 2.4867E+01, 4.0400E+01,
17:13:15.70628332, 5.9333E+00, 2.5000E+01, 4.0400E+01,
17:13:15.70628337, 5.8667E+00, 2.4800E+01, 4.0267E+01,
17:13:15.70628342, 5.8667E+00, 2.4800E+01, 4.0133E+01,
17:13:15.70628347, 5.8667E+00, 2.4867E+01, 4.0400E+01,
17:13:15.70628352, 5.8000E+00, 2.4867E+01, 4.0267E+01,
17:13:15.70628357, 5.9000E+00, 2.4800E+01, 4.0400E+01,
17:13:15.70628362, 5.9000E+00, 2.4933E+01, 4.0400E+01,
17:13:15.70628367, 5.9000E+00, 2.4867E+01, 4.0133E+01,
17:13:15.70628372, 5.9333E+00, 2.4933E+01, 4.0000E+01,
17:13:15.70628377, 5.9000E+00, 2.4867E+01, 4.0267E+01,
17:13:15.70628382, 5.9667E+00, 2.4733E+01, 3.9867E+01,
17:13:15.70628387, 5.9000E+00, 2.4867E+01, 3.9867E+01,
17:13:15.70628392, 5.8667E+00, 2.4867E+01, 4.0400E+01,
17:13:15.70628397, 5.8333E+00, 2.4933E+01, 4.0533E+01,
17:13:15.70628402, 5.9000E+00, 2.4933E+01, 4.0267E+01,
17:13:15.70628407, 5.8667E+00, 2.4800E+01, 4.0267E+01,
17:13:15.70628412, 5.8667E+00, 2.4867E+01, 4.0000E+01,
17:13:15.70628417, 5.9667E+00, 2.4933E+01, 4.0400E+01,
17:13:15.70628422, 5.9000E+00, 2.4933E+01, 4.0133E+01,
17:13:15.70628427, 5.9333E+00, 2.4800E+01, 4.0267E+01,
17:13:15.70628432, 5.9333E+00, 2.4933E+01, 4.0400E+01,
17:13:15.70628437, 5.8000E+00, 2.4867E+01, 4.0267E+01,
17:13:15.70628442, 5.9000E+00, 2.4867E+01, 4.0267E+01,
17:13:15.70628447, 5.9000E+00, 2.4867E+01, 4.0400E+01,
17:13:15.70628452, 5.9333E+00, 2.4933E+01, 4.0267E+01,
17:13:15.70628457, 5.8333E+00, 2.4800E+01, 4.0267E+01,
17:13:15.70628462, 5.8667E+00, 2.4933E+01, 4.0133E+01,
17:13:15.70628467, 5.9333E+00, 2.4867E+01, 4.0133E+01,
17:13:15.70628472, 5.9333E+00, 2.4933E+01, 4.0000E+01,
17:13:15.70628477, 5.9333E+00, 2.4933E+01, 3.9867E+01,
17:13:15.70628482, 5.8333E+00, 2.4933E+01, 4.0000E+01,
17:13:15.70628487, 5.9000E+00, 2.4800E+01, 4.0267E+01,
17:13:15.70628492, 5.8667E+00, 2.4867E+01, 4.0400E+01,
17:13:15.70628497, 5.8667E+00, 2.4800E+01, 4.0000E+01,
17:13:15.70628502, 5.9333E+00, 2.4667E+01, 4.0000E+01,
17:13:15.70628507, 5.9000E+00, 2.4933E+01, 4.0267E+01,
17:13:15.70628512, 5.9000E+00, 2.5000E+01, 4.0267E+01,
17:13:15.70628517, 5.9667E+00, 2.4933E+01, 4.0133E+01,
17:13:15.70628522, 5.9000E+00, 2.4800E+01, 3.9733E+01,
17:13:15.70628527, 5.9000E+00, 2.5000E+01, 3.9733E+01,
17:13:15.70628532, 5.8667E+00, 2.4800E+01, 4.0133E+01,
17:13:15.70628537, 5.9000E+00, 2.4800E+01, 3.9867E+01,
17:13:15.70628542, 5.8333E+00, 2.4933E+01, 4.0000E+01,
17:13:15.70628547, 5.9000E+00, 2.4933E+01, 4.0000E+01,
17:13:15.70628552, 5.9333E+00, 2.4933E+01, 4.0000E+01,
17:13:15.70628557, 5.9000E+00, 2.4933E+01, 4.0267E+01,
17:13:15.70628562, 5.8667E+00, 2.4800E+01, 4.0133E+01,
17:13:15.70628567, 5.8667E+00, 2.4867E+01, 4.0000E+01,
17:13:15.70628572, 5.9333E+00, 2.4867E+01, 3.9867E+01,
17:13:15.70628577, 6.0000E+00, 2.4933E+01, 4.0000E+01,
17:13:15.70628582, 5.9000E+00, 2.4867E+01, 4.0000E+01,
17:13:15.70628587, 5.9000E+00, 2.4733E+01, 4.0400E+01,
17:13:15.70628592, 5.9000E+00, 2.4933E+01, 3.9733E+01,
17:13:15.70628597, 5.9333E+00, 2.5067E+01, 4.0267E+01,
17:13:15.70628602, 5.9000E+00, 2.4800E+01, 4.0267E+01,
17:13:15.70628607, 5.9000E+00, 2.4933E+01, 4.0267E+01,
17:13:15.70628612, 5.9000E+00, 2.4933E+01, 3.9733E+01,
17:13:15.70628617, 5.9333E+00, 2.4867E+01, 4.0133E+01,
17:13:15.70628622, 5.8333E+00, 2.4867E+01, 3.9867E+01,
17:13:15.70628627, 5.8333E+00, 2.5000E+01, 3.9867E+01,
17:13:15.70628632, 5.8667E+00, 2.4867E+01, 3.9867E+01,
17:13:15.70628637, 5.9000E+00, 2.4867E+01, 4.0400E+01,
17:13:15.70628642, 5.9000E+00, 2.4867E+01, 4.0267E+01,
17:13:15.70628647, 5.9000E+00, 2.4733E+01, 4.0267E+01,
17:13:15.70628652, 5.8667E+00, 2.4733E+01, 4.0267E+01,
17:13:15.70628657, 5.9667E+00, 2.4933E+01, 4.0267E+01,
17:13:15.70628662, 5.9333E+00, 2.4867E+01, 3.9600E+01,
17:13:15.70628667, 5.9000E+00, 2.4933E+01, 4.0000E+01,
17:13:15.70628672, 5.9000E+00, 2.4933E+01, 4.0133E+01,
17:13:15.70628677, 5.9333E+00, 2.4933E+01, 3.9867E+01,
17:13:15.70628682, 5.8000E+00, 2.5000E+01, 4.0133E+01,
17:13:15.70628687, 5.9000E+00, 2.4733E+01, 4.0000E+01,
17:13:15.70628692, 5.9333E+00, 2.4800E+01, 4.0267E+01,
17:13:15.70628697, 5.8667E+00, 2.5000E+01, 4.0267E+01,
17:13:15.70628702, 5.8667E+00, 2.4867E+01, 4.0400E+01,
17:13:15.70628707, 5.9333E+00, 2.4933E+01, 4.0000E+01,
17:13:15.70628712, 5.9333E+00, 2.4867E+01, 4.0000E+01,
17:13:15.70628717, 5.9000E+00, 2.4867E+01, 4.0000E+01,
17:13:15.70628722, 5.9000E+00, 2.4800E+01, 4.0267E+01,
17:13:15.70628727, 5.8667E+00, 2.4867E+01, 4.0000E+01,
17:13:15.70628732, 5.8667E+00, 2.4800E+01, 4.0267E+01,
17:13:15.70628737, 5.8667E+00, 2.4933E+01, 4.0267E+01,
17:13:15.70628742, 5.8667E+00, 2.4800E+01, 4.0400E+01,
17:13:15.70628747, 5.9000E+00, 2.4800E+01, 4.0400E+01,
17:13:15.70628752, 5.9000E+00, 2.4800E+01, 4.0267E+01,
17:13:15.70628757, 5.9667E+00, 2.4800E+01, 4.0000E+01,
17:13:15.70628762, 5.9000E+00, 2.4933E+01, 4.0000E+01,
17:13:15.70628767, 5.9667E+00, 2.4733E+01, 4.0000E+01,
17:13:15.70628772, 5.8333E+00, 2.4867E+01, 4.0000E+01,
17:13:15.70628777, 5.8667E+00, 2.4867E+01, 4.0267E+01,
17:13:15.70628782, 5.8667E+00, 2.4800E+01, 4.0133E+01,
17:13:15.70628787, 5.8667E+00, 2.5000E+01, 4.0000E+01,
17:13:15.70628792, 5.9000E+00, 2.4800E+01, 4.0133E+01,
17:13:15.70628797, 5.8667E+00, 2.4800E+01, 4.0133E+01,
17:13:15.70628802, 5.9000E+00, 2.4867E+01, 4.0267E+01,
17:13:15.70628807, 5.8667E+00, 2.4867E+01, 4.0133E+01,
17:13:15.70628812, 6.0000E+00, 2.4867E+01, 4.0267E+01,
17:13:15.70628817, 5.9000E+00, 2.4800E+01, 4.0400E+01,
17:13:15.70628822, 5.9000E+00, 2.4867E+01, 4.0267E+01,
17:13:15.70628827, 5.9000E+00, 2.4800E+01, 4.0267E+01,
17:13:15.70628832, 5.9333E+00, 2.4867E+01, 4.0400E+01,
17:13:15.70628837, 5.9000E+00, 2.4800E+01, 4.0133E+01,
17:13:15.70628842, 5.9333E+00, 2.4733E+01, 4.0267E+01,
17:13:15.70628847, 5.8333E+00, 2.4933E+01, 4.0400E+01,
17:13:15.70628852, 5.9000E+00, 2.5067E+01, 4.0400E+01,
17:13:15.70628857, 5.8667E+00, 2.4800E+01, 4.0267E+01,
17:13:15.70628862, 5.9000E+00, 2.4733E+01, 4.0133E+01,
17:13:15.70628867, 5.9333E+00, 2.4867E+01, 4.0400E+01,
17:13:15.70628872, 5.8667E+00, 2.4933E+01, 4.0400E+01,
17:13:15.70628877, 5.8667E+00, 2.4733E+01, 4.0267E+01,
17:13:15.70628882, 5.9333E+00, 2.4733E+01, 4.0267E+01,
17:13:15.70628887, 5.9000E+00, 2.4867E+01, 4.0400E+01,
17:13:15.70628892, 5.8667E+00, 2.4800E+01, 4.0133E+01,
17:13:15.70628897, 5.9333E+00, 2.4867E+01, 4.0400E+01,
17:13:15.70628902, 5.8667E+00, 2.4867E+01, 4.0133E+01,
17:13:15.70628907, 5.9000E+00, 2.4733E+01, 4.0400E+01,
17:13:15.70628912, 5.8667E+00, 2.4933E+01, 4.0400E+01,
17:13:15.70628917, 5.7667E+00, 2.4933E+01, 4.0667E+01,
17:13:15.70628922, 5.8667E+00, 2.4933E+01, 4.0400E+01,
17:13:15.70628927, 5.8333E+00, 2.4933E+01, 4.0400E+01,
17:13:15.70628932, 5.9000E+00, 2.4733E+01, 4.0400E+01,
17:13:15.70628937, 5.8667E+00, 2.4800E+01, 4.0267E+01,
17:13:15.70628942, 5.9000E+00, 2.4933E+01, 4.0400E+01,
17:13:15.70628947, 5.9000E+00, 2.4733E+01, 4.0400E+01,
17:13:15.70628952, 5.9333E+00, 2.4800E+01, 4.0267E+01,
17:13:15.70628957, 5.8333E+00, 2.4867E+01, 4.0267E+01,
17:13:15.70628962, 5.8667E+00, 2.5000E+01, 4.0400E+01,
17:13:15.70628967, 5.8667E+00, 2.4933E+01, 4.0400E+01,
17:13:15.70628972, 5.8333E+00, 2.4867E+01, 4.0400E+01,
17:13:15.70628977, 5.9000E+00, 2.4733E+01, 4.0400E+01,
17:13:15.70628982, 5.8000E+00, 2.5000E+01, 4.0400E+01,
17:13:15.70628987, 5.9000E+00, 2.4867E+01, 4.0267E+01,
17:13:15.70628992, 5.9667E+00, 2.4733E+01, 4.0400E+01,
17:13:15.70628997, 5.9000E+00, 2.4867E+01, 4.0533E+01,
17:13:15.70629002, 5.9333E+00, 2.4867E+01, 4.0400E+01,
17:13:15.70629007, 5.9000E+00, 2.4800E+01, 4.0400E+01,
17:13:15.70629012, 5.9333E+00, 2.4867E+01, 4.0400E+01,
17:13:15.70629017, 5.9000E+00, 2.4867E+01, 4.0533E+01,
17:13:15.70629022, 5.9667E+00, 2.4867E+01, 4.0400E+01,
17:13:15.70629027, 5.9000E+00, 2.4800E+01, 4.0533E+01,
17:13:15.70629032, 5.8667E+00, 2.4867E+01, 4.0400E+01,
17:13:15.70629037, 5.8667E+00, 2.4800E+01, 4.0533E+01,
17:13:15.70629042, 5.8667E+00, 2.4867E+01, 4.0400E+01,
17:13:15.70629047, 5.9667E+00, 2.4867E+01, 4.0400E+01,
17:13:15.70629052, 5.9000E+00, 2.4733E+01, 4.0533E+01,
17:13:15.70629057, 5.8000E+00, 2.4933E+01, 4.0267E+01,
17:13:15.70629062, 5.8333E+00, 2.4933E+01, 4.0533E+01,
17:13:15.70629067, 5.8667E+00, 2.4867E+01, 4.0267E+01,
17:13:15.70629072, 5.8333E+00, 2.4933E+01, 4.0533E+01,
17:13:15.70629077, 5.9667E+00, 2.4800E+01, 4.0400E+01,
17:13:15.70629082, 5.9000E+00, 2.4800E+01, 4.0400E+01,
17:13:15.70629087, 5.9333E+00, 2.4867E+01, 4.0667E+01,
17:13:15.70629092, 5.9000E+00, 2.4867E+01, 4.0667E+01,
17:13:15.70629097, 5.9333E+00, 2.4867E+01, 4.0533E+01,
17:13:15.70629102, 5.8000E+00, 2.4933E+01, 4.0400E+01,
17:13:15.70629107, 5.8667E+00, 2.4933E+01, 4.0800E+01,
17:13:15.70629112, 5.8333E+00, 2.4800E+01, 4.0400E+01,
17:13:15.70629117, 5.8333E+00, 2.4800E+01, 4.0400E+01,
17:13:15.70629122, 5.9333E+00, 2.4933E+01, 4.0533E+01,
17:13:15.70629127, 5.9333E+00, 2.4867E+01, 4.0800E+01,
17:13:15.70629132, 5.8333E+00, 2.4867E+01, 4.0400E+01,
17:13:15.70629137, 5.9333E+00, 2.4800E+01, 4.0533E+01,
17:13:15.70629142, 5.9333E+00, 2.4800E+01, 4.0400E+01,
17:13:15.70629147, 5.9333E+00, 2.4867E+01, 4.0400E+01,
17:13:15.70629152, 5.9000E+00, 2.4800E+01, 4.0533E+01,
17:13:15.70629157, 5.8667E+00, 2.4800E+01, 4.0400E+01,
17:13:15.70629162, 5.8333E+00, 2.4867E+01, 4.0533E+01,
17:13:15.70629167, 5.8333E+00, 2.4933E+01, 4.0400E+01,
17:13:15.70629172, 5.9333E+00, 2.4867E+01, 4.0533E+01,
17:13:15.70629177, 5.9000E+00, 2.4933E+01, 4.0933E+01,
17:13:15.70629182, 5.9000E+00, 2.4867E+01, 4.0400E+01,
17:13:15.70629187, 5.8333E+00, 2.5000E+01, 4.0400E+01,
17:13:15.70629192, 5.8667E+00, 2.4867E+01, 4.0800E+01,
17:13:15.70629197, 5.9333E+00, 2.4800E+01, 4.0400E+01,
17:13:15.70629202, 5.9000E+00, 2.4867E+01, 4.0533E+01,
17:13:15.70629207, 5.8667E+00, 2.4867E+01, 4.0533E+01,
17:13:15.70629212, 5.9000E+00, 2.5000E+01, 4.0533E+01,
17:13:15.70629217, 5.9333E+00, 2.4933E+01, 4.0267E+01,
17:13:15.70629222, 5.9333E+00, 2.4867E+01, 4.0400E+01,
17:13:15.70629227, 5.9000E+00, 2.4800E+01, 4.0800E+01,
17:13:15.70629232, 5.8667E+00, 2.5000E+01, 4.0533E+01,
17:13:15.70629237, 5.8333E+00, 2.4867E+01, 4.0400E+01,
17:13:15.70629242, 5.9000E+00, 2.4800E+01, 4.0400E+01,
17:13:15.70629247, 5.8667E+00, 2.4867E+01, 4.0400E+01,
17:13:15.70629252, 5.9333E+00, 2.4867E+01, 4.0400E+01,
17:13:15.70629257, 5.9000E+00, 2.4933E+01, 4.0667E+01,
17:13:15.70629262, 5.9000E+00, 2.4733E+01, 4.0800E+01,
17:13:15.70629267, 5.8667E+00, 2.4867E+01, 4.0533E+01,
17:13:15.70629272, 6.0000E+00, 2.4867E+01, 4.0667E+01,
17:13:15.70629277, 5.8667E+00, 2.4800E+01, 4.0267E+01,
17:13:15.70629282, 5.9000E+00, 2.4867E+01, 4.0533E+01,
17:13:15.70629287, 5.9333E+00, 2.4933E+01, 4.0267E+01,
17:13:15.70629292, 5.9000E+00, 2.4867E+01, 4.0533E+01,
17:13:15.70629297, 5.8667E+00, 2.4800E+01, 4.0400E+01,
17:13:15.70629302, 5.8000E+00, 2.4867E+01, 4.0400E+01,
17:13:15.70629307, 5.9000E+00, 2.4800E+01, 4.0800E+01,
17:13:15.70629312, 5.9333E+00, 2.4867E+01, 4.0400E+01,
17:13:15.70629317, 5.9333E+00, 2.4867E+01, 4.0800E+01,
17:13:15.70629322, 5.9000E+00, 2.4933E+01, 4.0400E+01,
17:13:15.70629327, 5.8333E+00, 2.4933E+01, 4.0400E+01,
17:13:15.70629332, 5.8667E+00, 2.4933E+01, 4.0800E+01,
17:13:15.70629337, 5.9333E+00, 2.5000E+01, 4.0667E+01,
17:13:15.70629342, 6.0000E+00, 2.4867E+01, 4.0533E+01,
17:13:15.70629347, 5.9000E+00, 2.4800E+01, 4.0400E+01,
17:13:15.70629352, 5.8667E+00, 2.4933E+01, 4.0400E+01,
17:13:15.70629357, 5.8667E+00, 2.4867E+01, 4.0400E+01,
17:13:15.70629362, 5.9000E+00, 2.4733E+01, 4.0667E+01,
17:13:15.70629367, 5.8667E+00, 2.4867E+01, 4.0533E+01,
17:13:15.70629372, 5.9000E+00, 2.4867E+01, 4.0400E+01,
17:13:15.70629377, 5.8667E+00, 2.4933E+01, 4.0667E+01,
17:13:15.70629382, 5.9333E+00, 2.4733E+01, 4.0400E+01,
17:13:15.70629387, 5.8667E+00, 2.4800E+01, 4.0400E+01,
17:13:15.70629392, 5.9667E+00, 2.4733E+01, 4.0267E+01,
17:13:15.70629397, 5.9333E+00, 2.4800E+01, 4.0667E+01,
17:13:15.70629402, 5.9000E+00, 2.4867E+01, 4.0400E+01,
17:13:15.70629407, 5.9333E+00, 2.4867E+01, 4.0533E+01,
17:13:15.70629412, 5.8667E+00, 2.4867E+01, 4.0400E+01,
17:13:15.70629417, 5.9333E+00, 2.4867E+01, 4.0400E+01,
17:13:15.70629422, 5.8667E+00, 2.4867E+01, 4.0267E+01,
17:13:15.70629427, 5.8667E+00, 2.5000E+01, 4.0667E+01,
17:13:15.70629432, 5.9000E+00, 2.4800E+01, 4.0667E+01,
17:13:15.70629437, 5.9000E+00, 2.4933E+01, 4.0400E+01,
17:13:15.70629442, 5.9000E+00, 2.5000E+01, 4.0400E+01,
17:13:15.70629447, 5.8667E+00, 2.4733E+01, 4.0400E+01,
17:13:15.70629452, 5.8667E+00, 2.4867E+01, 4.0400E+01,
17:13:15.70629457, 5.9000E+00, 2.4867E+01, 4.0400E+01,
17:13:15.70629462, 5.8667E+00, 2.4733E+01, 4.0400E+01,
17:13:15.70629467, 5.8667E+00, 2.4867E+01, 4.0667E+01,
17:13:15.70629472, 5.8667E+00, 2.4933E+01, 4.0400E+01,
17:13:15.70629477, 5.9000E+00, 2.4933E+01, 4.0400E+01,
17:13:15.70629482, 5.9000E+00, 2.4867E+01, 4.0533E+01,
17:13:15.70629487, 5.8667E+00, 2.5000E+01, 4.0133E+01,
17:13:15.70629492, 5.8333E+00, 2.4800E+01, 4.0267E+01,
17:13:15.70629497, 5.8667E+00, 2.5000E+01, 4.0267E+01,
17:13:15.70629502, 5.9333E+00, 2.4800E+01, 4.0400E+01,
17:13:15.70629507, 5.8667E+00, 2.5000E+01, 4.0667E+01,
17:13:15.70629512, 5.9000E+00, 2.4933E+01, 4.0533E+01,
17:13:15.70629517, 5.9000E+00, 2.4733E+01, 4.0400E+01,
17:13:15.70629522, 5.9000E+00, 2.5000E+01, 4.0400E+01,
17:13:15.70629527, 5.9000E+00, 2.4867E+01, 4.0800E+01,
17:13:15.70629532, 5.8667E+00, 2.4800E+01, 4.0400E+01,
17:13:15.70629537, 5.9000E+00, 2.4867E+01, 4.0400E+01,
17:13:15.70629542, 5.9667E+00, 2.4933E+01, 4.0533E+01,
17:13:15.70629547, 5.8667E+00, 2.4867E+01, 4.0267E+01,
17:13:15.70629552, 5.8667E+00, 2.5000E+01, 4.0133E+01,
17:13:15.70629557, 5.9333E+00, 2.4867E+01, 4.0533E+01,
17:13:15.70629562, 5.9000E+00, 2.4933E+01, 4.0400E+01,
17:13:15.70629567, 5.9000E+00, 2.4867E+01, 4.0400E+01,
17:13:15.70629572, 5.8667E+00, 2.4933E+01, 4.0533E+01,
17:13:15.70629577, 5.8667E+00, 2.4933E+01, 4.0667E+01,
17:13:15.70629582, 5.9000E+00, 2.4800E+01, 4.0400E+01,
17:13:15.70629587, 5.9000E+00, 2.4867E+01, 4.0400E+01,
17:13:15.70629592, 5.9000E+00, 2.4867E+01, 4.0400E+01,
17:13:15.70629597, 5.9000E+00, 2.4867E+01, 4.0400E+01,
17:13:15.70629602, 5.8000E+00, 2.4933E+01, 4.0133E+01,
17:13:15.70629607, 5.9000E+00, 2.4800E+01, 4.0400E+01,
17:13:15.70629612, 5.9000E+00, 2.4933E+01, 4.0400E+01,
17:13:15.70629617, 5.8333E+00, 2.4800E+01, 4.0400E+01,
17:13:15.70629622, 5.9000E+00, 2.4867E+01, 4.0267E+01,
17:13:15.70629627, 5.8667E+00, 2.4800E+01, 4.0400E+01,
17:13:15.70629632, 5.9000E+00, 2.4867E+01, 4.0667E+01,
17:13:15.70629637, 5.9333E+00, 2.4933E+01, 4.0133E+01,
17:13:15.70629642, 5.9333E+00, 2.5000E+01, 4.0267E+01,
17:13:15.70629647, 5.8667E+00, 2.4800E+01, 4.0133E+01,
17:13:15.70629652, 5.9000E+00, 2.4867E+01, 4.0400E+01,
17:13:15.70629657, 5.9333E+00, 2.4867E+01, 4.0533E+01,
17:13:15.70629662, 5.9000E+00, 2.5067E+01, 4.0667E+01,
17:13:15.70629667, 5.9333E+00, 2.4867E+01, 4.0400E+01,
17:13:15.70629672, 5.9333E+00, 2.4867E+01, 4.0400E+01,
17:13:15.70629677, 5.9333E+00, 2.4933E+01, 4.0400E+01,
17:13:15.70629682, 5.9000E+00, 2.4867E+01, 4.0667E+01,
17:13:15.70629687, 5.8333E+00, 2.4867E+01, 4.0133E+01,
17:13:15.70629692, 5.8333E+00, 2.4800E+01, 4.0400E+01,
17:13:15.70629697, 5.9000E+00, 2.4933E+01, 4.0267E+01,
17:13:15.70629702, 5.9667E+00, 2.4800E+01, 4.0400E+01,
17:13:15.70629707, 5.9000E+00, 2.4800E+01, 4.0133E+01,
17:13:15.70629712, 5.9000E+00, 2.4933E+01, 4.0400E+01,
17:13:15.70629717, 5.9333E+00, 2.4867E+01, 4.0133E+01,
17:13:15.70629722, 5.9333E+00, 2.4933E+01, 4.0667E+01,
17:13:15.70629727, 5.8667E+00, 2.4933E+01, 4.0400E+01,
17:13:15.70629732, 5.8667E+00, 2.4867E+01, 4.0400E+01,
17:13:15.70629737, 5.9000E+00, 2.4933E+01, 4.0400E+01,
17:13:15.70629742, 5.9333E+00, 2.4933E+01, 4.0267E+01,
17:13:15.70629747, 5.9000E+00, 2.5067E+01, 4.0267E+01,
17:13:15.70629752, 5.9000E+00, 2.5000E+01, 4.0400E+01,
17:13:15.70629757, 5.8333E+00, 2.4800E+01, 4.0400E+01,
17:13:15.70629762, 5.9333E+00, 2.4867E+01, 4.0533E+01,
17:13:15.70629767, 5.8000E+00, 2.4867E+01, 4.0400E+01,
17:13:15.70629772, 5.9333E+00, 2.4867E+01, 4.0400E+01,
17:13:15.70629777, 5.9333E+00, 2.4933E+01, 4.0267E+01,
17:13:15.70629782, 5.8667E+00, 2.5000E+01, 4.0133E+01,
17:13:15.70629787, 5.8667E+00, 2.5067E+01, 4.0133E+01,
17:13:15.70629792, 5.9000E+00, 2.4800E+01, 4.0267E+01,
17:13:15.70629797, 5.9000E+00, 2.4867E+01, 4.0533E+01,
17:13:15.70629802, 5.8667E+00, 2.4933E+01, 4.0267E+01,
17:13:15.70629807, 5.9000E+00, 2.4800E+01, 4.0400E+01,
17:13:15.70629812, 5.9000E+00, 2.4733E+01, 4.0533E+01,
17:13:15.70629817, 5.9000E+00, 2.4867E+01, 4.0400E+01,
17:13:15.70629822, 5.8667E+00, 2.4933E+01, 4.0400E+01,
17:13:15.70629827, 5.9000E+00, 2.4867E+01, 4.0267E+01,
17:13:15.70629832, 5.8667E+00, 2.5000E+01, 4.0400E+01,
17:13:15.70629837, 5.8667E+00, 2.4867E+01, 4.0267E+01,
17:13:15.70629842, 5.8667E+00, 2.4867E+01, 4.0267E+01,
17:13:15.70629847, 5.9333E+00, 2.4733E+01, 4.0533E+01,
17:13:15.70629852, 5.9333E+00, 2.4800E+01, 4.0667E+01,
17:13:15.70629857, 5.8667E+00, 2.4800E+01, 4.0400E+01,
17:13:15.70629862, 5.8667E+00, 2.4867E+01, 4.0267E+01,
17:13:15.70629867, 5.8333E+00, 2.4933E+01, 4.0267E+01,
17:13:15.70629872, 5.9000E+00, 2.4800E+01, 4.0400E+01,
17:13:15.70629877, 5.8667E+00, 2.4933E+01, 4.0400E+01,
17:13:15.70629882, 5.8000E+00, 2.4867E+01, 4.0267E+01,
17:13:15.70629887, 5.8000E+00, 2.4933E+01, 4.0400E+01,
17:13:15.70629892, 5.9333E+00, 2.5000E+01, 4.0400E+01,
17:13:15.70629897, 5.8667E+00, 2.4933E+01, 4.0267E+01,
17:13:15.70629902, 5.9000E+00, 2.4800E+01, 4.0400E+01,
17:13:15.70629907, 5.9667E+00, 2.4933E+01, 4.0400E+01,
17:13:15.70629912, 5.8667E+00, 2.5000E+01, 4.0667E+01,
17:13:15.70629917, 5.9000E+00, 2.4933E+01, 4.0267E+01,
17:13:15.70629922, 5.9000E+00, 2.4933E+01, 4.0400E+01,
17:13:15.70629927, 5.8667E+00, 2.4800E+01, 4.0267E+01,
17:13:15.70629932, 5.9000E+00, 2.4733E+01, 4.0267E+01,
17:13:15.70629937, 5.8333E+00, 2.4867E+01, 4.0267E+01,
17:13:15.70629942, 5.8000E+00, 2.4867E+01, 4.0667E+01,
17:13:15.70629947, 5.9667E+00, 2.4867E+01, 4.0133E+01,
17:13:15.70629952, 5.8667E+00, 2.4867E+01, 4.0400E+01,
17:13:15.70629957, 5.9000E+00, 2.4867E+01, 4.0400E+01,
17:13:15.70629962, 5.8667E+00, 2.4867E+01, 4.0800E+01,
17:13:15.70629967, 5.9000E+00, 2.4867E+01, 4.0400E+01,
17:13:15.70629972, 5.9000E+00, 2.4733E+01, 4.0533E+01,
17:13:15.70629977, 5.8667E+00, 2.4800E+01, 4.0400E+01,
17:13:15.70629982, 5.9000E+00, 2.4933E+01, 4.0267E+01,
17:13:15.70629987, 5.8000E+00, 2.4733E+01, 4.0133E+01,
17:13:15.70629992, 5.8667E+00, 2.4933E+01, 4.0400E+01,
17:13:15.70629997, 5.9333E+00, 2.4867E+01, 4.0533E+01,
17:13:15.70630002, 5.8333E+00, 2.4800E+01, 4.0400E+01,
17:13:15.70630007, 5.8333E+00, 2.4867E+01, 4.0400E+01,
17:13:15.70630012, 5.9000E+00, 2.4800E+01, 4.0400E+01,
17:13:15.70630017, 5.9000E+00, 2.4933E+01, 4.0667E+01,
17:13:15.70630022, 5.8667E+00, 2.4800E+01, 4.0400E+01,
17:13:15.70630027, 5.9000E+00, 2.4867E+01, 4.0267E+01,
17:13:15.70630032, 5.8667E+00, 2.4800E+01, 4.0400E+01,
17:13:15.70630037, 5.9000E+00, 2.4800E+01, 4.0533E+01,
17:13:15.70630042, 5.9667E+00, 2.4867E+01, 4.0267E+01,
17:13:15.70630047, 5.8333E+00, 2.4800E+01, 4.0400E+01,
17:13:15.70630052, 5.9000E+00, 2.4800E+01, 4.0667E+01,
17:13:15.70630057, 5.8667E+00, 2.4933E+01, 4.0267E+01,
17:13:15.70630062, 5.9333E+00, 2.4867E+01, 4.0400E+01,
17:13:15.70630067, 5.8667E+00, 2.4933E+01, 4.0400E+01,
17:13:15.70630072, 5.9000E+00, 2.4800E+01, 4.0400E+01,
17:13:15.70630077, 5.9333E+00, 2.4867E+01, 4.0400E+01,
17:13:15.70630082, 5.8667E+00, 2.5067E+01, 4.0400E+01,
17:13:15.70630087, 5.8667E+00, 2.4867E+01, 4.0400E+01,
17:13:15.70630092, 5.9333E+00, 2.5000E+01, 4.0533E+01,
17:13:15.70630097, 5.9333E+00, 2.4933E+01, 4.0133E+01,
17:13:15.70630102, 5.8667E+00, 2.4800E+01, 4.0667E+01,
17:13:15.70630107, 5.9000E+00, 2.4867E+01, 4.0400E+01,
17:13:15.70630112, 5.9667E+00, 2.4733E+01, 4.0400E+01,
17:13:15.70630117, 5.9000E+00, 2.4867E+01, 4.0400E+01,
17:13:15.70630122, 5.9000E+00, 2.5067E+01, 4.0400E+01,
17:13:15.70630127, 5.8333E+00, 2.4867E+01, 4.0400E+01,
17:13:15.70630132, 5.9333E+00, 2.4733E+01, 4.0400E+01,
17:13:15.70630137, 5.9000E+00, 2.4867E+01, 4.0400E+01,
17:13:15.70630142, 5.9333E+00, 2.4933E+01, 4.0400E+01,
17:13:15.70630147, 5.9333E+00, 2.4867E+01, 4.0267E+01,
17:13:15.70630152, 5.9333E+00, 2.4800E+01, 4.0533E+01,
17:13:15.70630157, 5.8667E+00, 2.4867E+01, 4.0267E+01,
17:13:15.70630162, 5.9333E+00, 2.4867E+01, 4.0533E+01,
17:13:15.70630167, 5.9000E+00, 2.4933E+01, 4.0400E+01,
17:13:15.70630172, 5.8000E+00, 2.4867E+01, 4.0533E+01,
17:13:15.70630177, 5.8667E+00, 2.5000E+01, 4.0667E+01,
17:13:15.70630182, 5.8667E+00, 2.4867E+01, 4.0533E+01,
17:13:15.70630187, 5.9000E+00, 2.4867E+01, 4.0267E+01,
17:13:15.70630192, 5.8333E+00, 2.5000E+01, 4.0800E+01,
17:13:15.70630197, 5.9000E+00, 2.4933E+01, 4.0400E+01,
17:13:15.70630202, 5.9333E+00, 2.4867E+01, 4.0533E+01,
17:13:15.70630207, 5.8333E+00, 2.4800E+01, 4.0667E+01,
17:13:15.70630212, 5.9667E+00, 2.4800E+01, 4.0400E+01,
17:13:15.70630217, 5.8667E+00, 2.4867E+01, 4.0400E+01,
17:13:15.70630222, 5.8667E+00, 2.4800E+01, 4.0267E+01,
17:13:15.70630227, 5.9333E+00, 2.4867E+01, 4.0267E+01,
17:13:15.70630232, 5.8333E+00, 2.4667E+01, 4.0533E+01,
17:13:15.70630237, 5.8333E+00, 2.4933E+01, 4.0533E+01,
17:13:15.70630242, 5.8667E+00, 2.4933E+01, 4.0533E+01,
17:13:15.70630247, 5.9000E+00, 2.4800E+01, 4.0400E+01,
17:13:15.70630252, 5.9000E+00, 2.4933E+01, 4.0400E+01,
17:13:15.70630257, 5.9667E+00, 2.4867E+01, 4.0400E+01,
17:13:15.70630262, 5.8667E+00, 2.4867E+01, 4.0533E+01,
17:13:15.70630267, 5.8333E+00, 2.4867E+01, 4.0533E+01,
17:13:15.70630272, 5.9333E+00, 2.4933E+01, 4.0400E+01,
17:13:15.70630277, 5.8667E+00, 2.4867E+01, 4.0267E+01,
17:13:15.70630282, 5.9333E+00, 2.4800E+01, 4.0267E+01,
17:13:15.70630287, 5.9667E+00, 2.4800E+01, 4.0267E+01,
17:13:15.70630292, 5.9333E+00, 2.4867E+01, 4.0267E+01,
17:13:15.70630297, 5.9333E+00, 2.4933E+01, 4.0400E+01,
17:13:15.70630302, 5.8667E+00, 2.4867E+01, 4.0533E+01,
17:13:15.70630307, 5.8667E+00, 2.4800E+01, 4.0400E+01,
17:13:15.70630312, 5.8333E+00, 2.4867E+01, 4.0533E+01,
17:13:15.70630317, 5.9000E+00, 2.5000E+01, 4.0533E+01,
17:13:15.70630322, 5.8667E+00, 2.5000E+01, 4.0267E+01,
17:13:15.70630327, 5.8333E+00, 2.4733E+01, 4.0400E+01,
17:13:15.70630332, 5.9000E+00, 2.4800E+01, 4.0533E+01,
17:13:15.70630337, 5.9333E+00, 2.4800E+01, 4.0400E+01,
17:13:15.70630342, 5.8667E+00, 2.4933E+01, 4.0400E+01,
17:13:15.70630347, 5.9333E+00, 2.4800E+01, 4.0400E+01,
17:13:15.70630352, 5.9000E+00, 2.4867E+01, 4.0400E+01,
17:13:15.70630357, 5.9667E+00, 2.4867E+01, 4.0400E+01,
17:13:15.70630362, 5.9000E+00, 2.4933E+01, 4.0667E+01,
17:13:15.70630367, 5.8667E+00, 2.4933E+01, 4.0533E+01,
17:13:15.70630372, 5.9000E+00, 2.5067E+01, 4.0667E+01,
17:13:15.70630377, 5.8667E+00, 2.5067E+01, 4.0400E+01,
17:13:15.70630382, 5.9000E+00, 2.4867E+01, 4.0400E+01,
17:13:15.70630387, 5.8667E+00, 2.4933E+01, 4.0667E+01,
17:13:15.70630392, 5.9333E+00, 2.4867E+01, 4.0533E+01,
17:13:15.70630397, 5.9333E+00, 2.4867E+01, 4.0667E+01,
17:13:15.70630402, 5.8667E+00, 2.4867E+01, 4.0533E+01,
17:13:15.70630407, 5.9333E+00, 2.5067E+01, 4.0533E+01,
17:13:15.70630412, 5.8667E+00, 2.4667E+01, 4.0667E+01,
17:13:15.70630417, 5.9000E+00, 2.4800E+01, 4.0533E+01,
17:13:15.70630422, 5.8667E+00, 2.4733E+01, 4.0400E+01,
17:13:15.70630427, 5.8333E+00, 2.4933E+01, 4.0267E+01,
17:13:15.70630432, 5.8667E+00, 2.4867E+01, 4.0533E+01,
17:13:15.70630437, 5.9333E+00, 2.4933E+01, 4.0400E+01,
17:13:15.70630442, 5.9333E+00, 2.4800E+01, 4.0533E+01,
17:13:15.70630447, 5.9000E+00, 2.4933E+01, 4.0400E+01,
17:13:15.70630452, 5.9000E+00, 2.4933E+01, 4.0533E+01,
17:13:15.70630457, 5.8000E+00, 2.4667E+01, 4.0267E+01,
17:13:15.70630462, 5.8333E+00, 2.4867E+01, 4.0667E+01,
17:13:15.70630467, 5.9333E+00, 2.4933E+01, 4.0533E+01,
17:13:15.70630472, 5.8333E+00, 2.4800E+01, 4.0400E+01,
17:13:15.70630477, 5.9333E+00, 2.4933E+01, 4.0533E+01,
17:13:15.70630482, 5.9000E+00, 2.4867E+01, 4.0400E+01,
17:13:15.70630487, 5.9333E+00, 2.5000E+01, 4.0533E+01,
17:13:15.70630492, 5.8667E+00, 2.4733E+01, 4.0533E+01,
17:13:15.70630497, 5.8667E+00, 2.4867E+01, 4.0667E+01,
17:13:15.70630502, 5.8667E+00, 2.4800E+01, 4.0933E+01,
17:13:15.70630507, 5.9000E+00, 2.4933E+01, 4.0800E+01,
17:13:15.70630512, 5.9000E+00, 2.4933E+01, 4.0667E+01,
17:13:15.70630517, 5.9000E+00, 2.4933E+01, 4.0400E+01,
17:13:15.70630522, 5.9000E+00, 2.4867E+01, 4.0667E+01,
17:13:15.70630527, 5.8667E+00, 2.4933E+01, 4.0400E+01,
17:13:15.70630532, 5.8667E+00, 2.5067E+01, 4.0400E+01,
17:13:15.70630537, 5.9333E+00, 2.4733E+01, 4.0933E+01,
17:13:15.70630542, 5.9000E+00, 2.4867E+01, 4.0533E+01,
17:13:15.70630547, 5.9000E+00, 2.4867E+01, 4.0667E+01,
17:13:15.70630552, 5.8333E+00, 2.4933E+01, 4.0400E+01,
17:13:15.70630557, 5.9333E+00, 2.5067E+01, 4.0533E+01,
17:13:15.70630562, 5.9000E+00, 2.4867E+01, 4.0267E+01,
17:13:15.70630567, 5.9667E+00, 2.4800E+01, 4.0533E+01,
17:13:15.70630572, 5.8667E+00, 2.4867E+01, 4.0667E+01,
17:13:15.70630577, 5.9333E+00, 2.4867E+01, 4.0000E+01,
17:13:15.70630582, 5.9667E+00, 2.4867E+01, 4.0400E+01,
17:13:15.70630587, 5.8667E+00, 2.4800E+01, 4.0800E+01,
17:13:15.70630592, 5.9333E+00, 2.4733E+01, 4.0400E+01,
17:13:15.70630597, 5.9667E+00, 2.5067E+01, 4.0667E+01,
17:13:15.70630602, 5.9333E+00, 2.4867E+01, 4.0800E+01,
17:13:15.70630607, 5.8667E+00, 2.4800E+01, 4.0533E+01,
17:13:15.70630612, 5.9000E+00, 2.4867E+01, 4.0400E+01,
17:13:15.70630617, 5.8333E+00, 2.4600E+01, 4.0400E+01,
17:13:15.70630622, 5.9333E+00, 2.4933E+01, 4.0400E+01,
17:13:15.70630627, 5.8667E+00, 2.4867E+01, 4.0267E+01,
17:13:15.70630632, 5.8667E+00, 2.4867E+01, 4.0533E+01,
17:13:15.70630637, 5.9333E+00, 2.4800E+01, 4.0267E+01,
17:13:15.70630642, 5.9000E+00, 2.4800E+01, 4.0533E+01,
17:13:15.70630647, 5.8667E+00, 2.4933E+01, 4.0400E+01,
17:13:15.70630652, 5.8667E+00, 2.4800E+01, 4.0800E+01,
17:13:15.70630657, 5.9000E+00, 2.4933E+01, 4.0667E+01,
17:13:15.70630662, 5.8333E+00, 2.4800E+01, 4.0400E+01,
17:13:15.70630667, 5.9333E+00, 2.4867E+01, 4.0667E+01,
17:13:15.70630672, 5.9333E+00, 2.4867E+01, 4.0400E+01,
17:13:15.70630677, 5.9333E+00, 2.4867E+01, 4.0400E+01,
17:13:15.70630682, 5.8333E+00, 2.5067E+01, 4.0133E+01,
17:13:15.70630687, 5.8667E+00, 2.4867E+01, 4.0533E+01,
17:13:15.70630692, 5.9333E+00, 2.5067E+01, 4.0400E+01,
17:13:15.70630697, 5.9000E+00, 2.5000E+01, 4.0400E+01,
17:13:15.70630702, 5.9000E+00, 2.4800E+01, 4.0400E+01,
17:13:15.70630707, 5.9000E+00, 2.4867E+01, 4.0400E+01,
17:13:15.70630712, 5.8667E+00, 2.4867E+01, 4.0667E+01,
17:13:15.70630717, 5.9333E+00, 2.4933E+01, 4.0267E+01,
17:13:15.70630722, 5.9333E+00, 2.4800E+01, 4.0667E+01,
17:13:15.70630727, 5.9000E+00, 2.4800E+01, 4.0533E+01,
17:13:15.70630732, 5.9333E+00, 2.4933E+01, 4.0533E+01,
17:13:15.70630737, 5.8667E+00, 2.4733E+01, 4.0533E+01,
17:13:15.70630742, 5.9333E+00, 2.4933E+01, 4.0800E+01,
17:13:15.70630747, 5.8667E+00, 2.4933E+01, 4.0667E+01,
17:13:15.70630752, 5.9333E+00, 2.4733E+01, 4.0533E+01,
17:13:15.70630757, 6.0000E+00, 2.4933E+01, 4.0400E+01,
17:13:15.70630762, 5.9333E+00, 2.4933E+01, 4.0133E+01,
17:13:15.70630767, 5.9667E+00, 2.4867E+01, 4.0533E+01,
17:13:15.70630772, 5.9333E+00, 2.4933E+01, 4.0267E+01,
17:13:15.70630777, 5.8667E+00, 2.4933E+01, 4.0400E+01,
17:13:15.70630782, 5.8667E+00, 2.5000E+01, 4.0533E+01,
17:13:15.70630787, 5.9000E+00, 2.4867E+01, 4.0400E+01,
17:13:15.70630792, 5.9000E+00, 2.5000E+01, 4.0400E+01,
17:13:15.70630797, 5.8667E+00, 2.4933E+01, 4.0533E+01,
17:13:15.70630802, 5.8667E+00, 2.4867E+01, 4.0533E+01,
17:13:15.70630807, 5.9667E+00, 2.5000E+01, 4.0400E+01,
17:13:15.70630812, 5.9333E+00, 2.4800E+01, 4.0400E+01,
17:13:15.70630817, 5.9000E+00, 2.4800E+01, 4.0400E+01,
17:13:15.70630822, 5.9667E+00, 2.4800E+01, 4.0267E+01,
17:13:15.70630827, 5.9000E+00, 2.4867E+01, 4.0400E+01,
17:13:15.70630832, 5.9000E+00, 2.4933E+01, 4.0400E+01,
17:13:15.70630837, 5.7667E+00, 2.4800E+01, 4.0400E+01,
17:13:15.70630842, 5.9000E+00, 2.4800E+01, 4.0533E+01,
17:13:15.70630847, 5.8000E+00, 2.4867E+01, 4.0533E+01,
17:13:15.70630852, 5.9333E+00, 2.5000E+01, 4.0533E+01,
17:13:15.70630857, 5.8333E+00, 2.4867E+01, 4.0533E+01,
17:13:15.70630862, 5.9333E+00, 2.4867E+01, 4.0533E+01,
17:13:15.70630867, 5.9000E+00, 2.4933E+01, 4.0400E+01,
17:13:15.70630872, 5.8667E+00, 2.4867E+01, 4.0400E+01,
17:13:15.70630877, 5.9000E+00, 2.4800E+01, 4.0400E+01,
17:13:15.70630882, 5.8667E+00, 2.4733E+01, 4.0667E+01,
17:13:15.70630887, 5.8333E+00, 2.5000E+01, 4.0533E+01,
17:13:15.70630892, 5.9667E+00, 2.4800E+01, 4.0800E+01,
17:13:15.70630897, 5.8000E+00, 2.4867E+01, 4.0400E+01,
17:13:15.70630902, 5.9000E+00, 2.4800E+01, 4.0400E+01,
17:13:15.70630907, 5.8667E+00, 2.4867E+01, 4.0400E+01,
17:13:15.70630912, 5.9333E+00, 2.4800E+01, 4.0400E+01,
17:13:15.70630917, 5.8667E+00, 2.4800E+01, 4.0533E+01,
17:13:15.70630922, 5.8667E+00, 2.5000E+01, 4.0267E+01,
17:13:15.70630927, 5.9000E+00, 2.4933E+01, 4.0400E+01,
17:13:15.70630932, 5.8667E+00, 2.4800E+01, 4.0533E+01,
17:13:15.70630937, 5.9333E+00, 2.4867E+01, 4.0400E+01,
17:13:15.70630942, 5.8333E+00, 2.4933E+01, 4.0400E+01,
17:13:15.70630947, 5.8667E+00, 2.4867E+01, 4.0533E+01,
17:13:15.70630952, 5.7667E+00, 2.4867E+01, 4.0533E+01,
17:13:15.70630957, 5.8667E+00, 2.4867E+01, 4.0533E+01,
17:13:15.70630962, 5.8667E+00, 2.4867E+01, 4.0667E+01,
17:13:15.70630967, 5.9667E+00, 2.4933E+01, 4.0667E+01,
17:13:15.70630972, 5.8667E+00, 2.4867E+01, 4.0533E+01,
17:13:15.70630977, 5.9333E+00, 2.5067E+01, 4.0267E+01,
17:13:15.70630982, 5.8667E+00, 2.4933E+01, 4.0533E+01,
17:13:15.70630987, 5.8333E+00, 2.5000E+01, 4.0533E+01,
17:13:15.70630992, 5.8333E+00, 2.4867E+01, 4.0400E+01,
17:13:15.70630997, 5.9000E+00, 2.4800E+01, 4.0400E+01,
17:13:15.70631002, 5.9000E+00, 2.4867E+01, 4.0267E+01,
17:13:15.70631007, 5.8000E+00, 2.4867E+01, 4.0400E+01,
17:13:15.70631012, 5.9000E+00, 2.4800E+01, 4.0400E+01,
17:13:15.70631017, 5.8667E+00, 2.4933E+01, 4.0533E+01,
17:13:15.70631022, 5.9333E+00, 2.4933E+01, 4.0267E+01,
17:13:15.70631027, 5.9667E+00, 2.4867E+01, 4.0400E+01,
17:13:15.70631032, 5.9000E+00, 2.4867E+01, 4.0267E+01,
17:13:15.70631037, 5.8667E+00, 2.4867E+01, 4.0533E+01,
17:13:15.70631042, 5.7667E+00, 2.4933E+01, 4.0400E+01,
17:13:15.70631047, 5.9333E+00, 2.4800E+01, 4.0400E+01,
17:13:15.70631052, 5.8333E+00, 2.4867E+01, 4.0267E+01,
17:13:15.70631057, 5.8667E+00, 2.4933E+01, 4.0533E+01,
17:13:15.70631062, 5.9333E+00, 2.5000E+01, 4.0667E+01,
17:13:15.70631067, 5.9000E+00, 2.4733E+01, 4.0533E+01,
17:13:15.70631072, 5.9000E+00, 2.5000E+01, 4.0400E+01,
17:13:15.70631077, 5.9000E+00, 2.4867E+01, 4.0533E+01,
17:13:15.70631082, 5.8333E+00, 2.4800E+01, 4.0533E+01,
17:13:15.70631087, 5.9667E+00, 2.4867E+01, 4.0400E+01,
17:13:15.70631092, 5.8333E+00, 2.4867E+01, 4.0533E+01,
17:13:15.70631097, 5.8000E+00, 2.4800E+01, 4.0667E+01,
17:13:15.70631102, 5.9333E+00, 2.4933E+01, 4.0133E+01,
17:13:15.70631107, 6.0000E+00, 2.4800E+01, 4.0400E+01,
17:13:15.70631112, 5.9333E+00, 2.4867E+01, 4.0400E+01,
17:13:15.70631117, 5.9000E+00, 2.4867E+01, 4.0400E+01,
17:13:15.70631122, 5.8667E+00, 2.5000E+01, 4.0400E+01,
17:13:15.70631127, 5.8667E+00, 2.4800E+01, 4.0667E+01,
17:13:15.70631132, 5.9333E+00, 2.5000E+01, 4.0533E+01,
17:13:15.70631137, 5.8667E+00, 2.4867E+01, 4.0400E+01,
17:13:15.70631142, 5.9333E+00, 2.4733E+01, 4.0400E+01,
17:13:15.70631147, 5.9000E+00, 2.4867E+01, 4.0800E+01,
17:13:15.70631152, 5.8667E+00, 2.4867E+01, 4.0400E+01,
17:13:15.70631157, 5.8667E+00, 2.4867E+01, 4.0533E+01,
17:13:15.70631162, 5.9000E+00, 2.4867E+01, 4.0400E+01,
17:13:15.70631167, 5.8667E+00, 2.4867E+01, 4.0267E+01,
17:13:15.70631172, 5.8333E+00, 2.4933E+01, 4.0667E+01,
17:13:15.70631177, 5.8667E+00, 2.4867E+01, 4.0533E+01,
17:13:15.70631182, 5.9333E+00, 2.4933E+01, 4.0267E+01,
17:13:15.70631187, 5.9000E+00, 2.4800E+01, 4.0667E+01,
17:13:15.70631192, 5.8333E+00, 2.4800E+01, 4.0400E+01,
17:13:15.70631197, 5.9333E+00, 2.4933E+01, 4.0533E+01,
17:13:15.70631202, 5.9000E+00, 2.4867E+01, 4.0400E+01,
17:13:15.70631207, 5.8333E+00, 2.4800E+01, 4.0400E+01,
17:13:15.70631212, 5.9000E+00, 2.4733E+01, 4.0400E+01,
17:13:15.70631217, 5.8667E+00, 2.4667E+01, 4.0400E+01,
17:13:15.70631222, 5.8667E+00, 2.4933E+01, 4.0533E+01,
17:13:15.70631227, 5.8667E+00, 2.4867E+01, 4.0533E+01,
17:13:15.70631232, 5.8333E+00, 2.4867E+01, 4.0667E+01,
17:13:15.70631237, 5.9000E+00, 2.4800E+01, 4.0400E+01,
17:13:15.70631242, 5.9000E+00, 2.4933E+01, 4.0267E+01,
17:13:15.70631247, 5.8667E+00, 2.4867E+01, 4.0667E+01,
17:13:15.70631252, 5.9000E+00, 2.4867E+01, 4.0400E+01,
17:13:15.70631257, 5.9000E+00, 2.4933E+01, 4.0267E+01,
17:13:15.70631262, 5.8667E+00, 2.4933E+01, 4.0400E+01,
17:13:15.70631267, 5.8667E+00, 2.5067E+01, 4.0400E+01,
17:13:15.70631272, 5.8667E+00, 2.4667E+01, 4.0400E+01,
17:13:15.70631277, 5.8333E+00, 2.4933E+01, 4.0933E+01,
17:13:15.70631282, 5.9000E+00, 2.4800E+01, 4.0533E+01,
17:13:15.70631287, 5.9000E+00, 2.4800E+01, 4.0400E+01,
17:13:15.70631292, 5.8667E+00, 2.4867E+01, 4.0533E+01,
17:13:15.70631297, 5.8667E+00, 2.4800E+01, 4.0400E+01,
17:13:15.70631302, 5.8333E+00, 2.4867E+01, 4.0800E+01,
17:13:15.70631307, 5.8000E+00, 2.4867E+01, 4.0533E+01,
17:13:15.70631312, 5.9333E+00, 2.4867E+01, 4.0400E+01,
17:13:15.70631317, 5.8333E+00, 2.4933E+01, 4.0533E+01,
17:13:15.70631322, 5.9000E+00, 2.4867E+01, 4.0400E+01,
17:13:15.70631327, 5.8667E+00, 2.4933E+01, 4.0800E+01,
17:13:15.70631332, 5.8667E+00, 2.4867E+01, 4.0533E+01,
17:13:15.70631337, 5.9000E+00, 2.4867E+01, 4.0400E+01,
17:13:15.70631342, 5.8667E+00, 2.4867E+01, 4.0533E+01,
17:13:15.70631347, 5.9000E+00, 2.4800E+01, 4.0533E+01,
17:13:15.70631352, 5.8667E+00, 2.4733E+01, 4.0667E+01,
17:13:15.70631357, 5.9000E+00, 2.4733E+01, 4.0533E+01,
17:13:15.70631362, 5.9000E+00, 2.4933E+01, 4.0533E+01,
17:13:15.70631367, 5.8333E+00, 2.4800E+01, 4.0533E+01,
17:13:15.70631372, 5.8667E+00, 2.4867E+01, 4.0533E+01,
17:13:15.70631377, 5.8667E+00, 2.4800E+01, 4.0667E+01,
17:13:15.70631382, 5.9000E+00, 2.4933E+01, 4.0533E+01,
17:13:15.70631387, 5.9000E+00, 2.5067E+01, 4.0533E+01,
17:13:15.70631392, 5.9000E+00, 2.4867E+01, 4.0400E+01,
17:13:15.70631397, 5.9333E+00, 2.4867E+01, 4.0400E+01,
17:13:15.70631402, 5.8667E+00, 2.4867E+01, 4.0533E+01,
17:13:15.70631407, 5.9000E+00, 2.4867E+01, 4.0400E+01,
17:13:15.70631412, 5.9333E+00, 2.4867E+01, 4.0533E+01,
17:13:15.70631417, 5.8667E+00, 2.4933E+01, 4.0400E+01,
17:13:15.70631422, 5.9000E+00, 2.4867E+01, 4.0533E+01,
17:13:15.70631427, 5.9667E+00, 2.4733E+01, 4.0400E+01,
17:13:15.70631432, 5.9000E+00, 2.4933E+01, 4.0533E+01,
17:13:15.70631437, 5.9000E+00, 2.5067E+01, 4.0400E+01,
17:13:15.70631442, 5.8667E+00, 2.5000E+01, 4.0533E+01,
17:13:15.70631447, 5.9000E+00, 2.4867E+01, 4.0400E+01,
17:13:15.70631452, 5.9000E+00, 2.4867E+01, 4.0267E+01,
17:13:15.70631457, 5.9000E+00, 2.4867E+01, 4.0533E+01,
17:13:15.70631462, 5.8667E+00, 2.5000E+01, 4.0400E+01,
17:13:15.70631467, 5.9333E+00, 2.4867E+01, 4.0800E+01,
17:13:15.70631472, 5.9000E+00, 2.4733E+01, 4.0533E+01,
17:13:15.70631477, 5.8667E+00, 2.4933E+01, 4.0800E+01,
17:13:15.70631482, 5.8000E+00, 2.4933E+01, 4.0667E+01,
17:13:15.70631487, 5.8667E+00, 2.4800E+01, 4.0533E+01,
17:13:15.70631492, 5.8667E+00, 2.4733E+01, 4.0400E+01,
17:13:15.70631497, 5.8667E+00, 2.5000E+01, 4.0533E+01,
17:13:15.70631502, 5.9333E+00, 2.5067E+01, 4.0400E+01,
17:13:15.70631507, 5.8333E+00, 2.4733E+01, 4.0667E+01,
17:13:15.70631512, 5.8667E+00, 2.4800E+01, 4.0400E+01,
17:13:15.70631517, 5.8667E+00, 2.4867E+01, 4.0400E+01,
17:13:15.70631522, 5.9000E+00, 2.4867E+01, 4.0533E+01,
17:13:15.70631527, 5.9667E+00, 2.4867E+01, 4.0400E+01,
17:13:15.70631532, 5.8667E+00, 2.4867E+01, 4.0400E+01,
17:13:15.70631537, 5.9000E+00, 2.4933E+01, 4.0800E+01,
17:13:15.70631542, 5.9000E+00, 2.4733E+01, 4.0400E+01,
17:13:15.70631547, 5.9000E+00, 2.5000E+01, 4.0400E+01,
17:13:15.70631552, 5.8333E+00, 2.4867E+01, 4.0667E+01,
17:13:15.70631557, 5.9333E+00, 2.4867E+01, 4.0267E+01,
17:13:15.70631562, 5.8667E+00, 2.4933E+01, 4.0400E+01,
17:13:15.70631567, 5.9000E+00, 2.4867E+01, 4.0400E+01,
17:13:15.70631572, 5.8667E+00, 2.4933E+01, 4.0533E+01,
17:13:15.70631577, 5.8667E+00, 2.4933E+01, 4.0667E+01,
17:13:15.70631582, 5.8667E+00, 2.4800E+01, 4.0533E+01,
17:13:15.70631587, 5.9000E+00, 2.4933E+01, 4.0400E+01,
17:13:15.70631592, 5.9000E+00, 2.4933E+01, 4.0267E+01,
17:13:15.70631597, 5.9333E+00, 2.5000E+01, 4.0800E+01,
17:13:15.70631602, 5.8667E+00, 2.4933E+01, 4.0667E+01,
17:13:15.70631607, 5.9000E+00, 2.4933E+01, 4.0533E+01,
17:13:15.70631612, 5.8333E+00, 2.4933E+01, 4.0533E+01,
17:13:15.70631617, 5.9000E+00, 2.4733E+01, 4.0533E+01,
17:13:15.70631622, 5.8667E+00, 2.4800E+01, 4.0667E+01,
17:13:15.70631627, 5.8333E+00, 2.4800E+01, 4.0800E+01,
17:13:15.70631632, 5.9667E+00, 2.4933E+01, 4.0667E+01,
17:13:15.70631637, 5.9333E+00, 2.4933E+01, 4.0667E+01,
17:13:15.70631642, 5.9000E+00, 2.4933E+01, 4.0400E+01,
17:13:15.70631647, 5.9000E+00, 2.4800E+01, 4.0400E+01,
17:13:15.70631652, 5.8333E+00, 2.4867E+01, 4.0533E+01,
17:13:15.70631657, 5.9333E+00, 2.4867E+01, 4.0400E+01,
17:13:15.70631662, 5.9333E+00, 2.4867E+01, 4.0667E+01,
17:13:15.70631667, 5.8667E+00, 2.4800E+01, 4.0400E+01,
17:13:15.70631672, 5.9000E+00, 2.5000E+01, 4.0533E+01,
17:13:15.70631677, 5.8333E+00, 2.5000E+01, 4.0667E+01,
17:13:15.70631682, 5.8333E+00, 2.4867E+01, 4.0533E+01,
17:13:15.70631687, 5.9333E+00, 2.4800E+01, 4.0667E+01,
17:13:15.70631692, 5.9667E+00, 2.4800E+01, 4.0400E+01,
17:13:15.70631697, 5.8667E+00, 2.4800E+01, 4.0400E+01,
17:13:15.70631702, 5.9000E+00, 2.4933E+01, 4.0400E+01,
17:13:15.70631707, 5.9000E+00, 2.4800E+01, 4.0533E+01,
17:13:15.70631712, 5.8333E+00, 2.4933E+01, 4.0800E+01,
17:13:15.70631717, 5.9333E+00, 2.4933E+01, 4.0400E+01,
17:13:15.70631722, 5.9333E+00, 2.4933E+01, 4.0400E+01,
17:13:15.70631727, 5.9333E+00, 2.4800E+01, 4.0533E+01,
17:13:15.70631732, 5.8333E+00, 2.4867E+01, 4.0533E+01,
17:13:15.70631737, 5.9333E+00, 2.4933E+01, 4.0667E+01,
17:13:15.70631742, 5.9000E+00, 2.4933E+01, 4.0533E+01,
17:13:15.70631747, 5.8667E+00, 2.4867E+01, 4.0533E+01,
17:13:15.70631752, 5.8667E+00, 2.4933E+01, 4.0400E+01,
17:13:15.70631757, 5.8667E+00, 2.4733E+01, 4.0400E+01,
17:13:15.70631762, 5.8667E+00, 2.4933E+01, 4.0400E+01,
17:13:15.70631767, 5.9000E+00, 2.4933E+01, 4.0533E+01,
17:13:15.70631772, 5.9000E+00, 2.4867E+01, 4.0800E+01,
17:13:15.70631777, 5.9333E+00, 2.4800E+01, 4.0400E+01,
17:13:15.70631782, 5.8667E+00, 2.4800E+01, 4.0400E+01,
17:13:15.70631787, 5.9000E+00, 2.4933E+01, 4.0400E+01,
17:13:15.70631792, 5.8667E+00, 2.4800E+01, 4.0400E+01,
17:13:15.70631797, 5.8333E+00, 2.4800E+01, 4.0800E+01,
17:13:15.70631802, 5.8000E+00, 2.4733E+01, 4.0533E+01,
17:13:15.70631807, 5.8667E+00, 2.4867E+01, 4.0533E+01,
17:13:15.70631812, 5.8667E+00, 2.4733E+01, 4.0667E+01,
17:13:15.70631817, 5.9000E+00, 2.4867E+01, 4.0400E+01,
17:13:15.70631822, 5.8667E+00, 2.4867E+01, 4.0400E+01,
17:13:15.70631827, 5.9333E+00, 2.4867E+01, 4.0800E+01,
17:13:15.70631832, 5.9333E+00, 2.4800E+01, 4.0533E+01,
17:13:15.70631837, 5.9000E+00, 2.4867E+01, 4.0400E+01,
17:13:15.70631842, 5.9333E+00, 2.4867E+01, 4.0800E+01,
17:13:15.70631847, 5.8667E+00, 2.4867E+01, 4.0400E+01,
17:13:15.70631852, 5.9000E+00, 2.4867E+01, 4.0667E+01,
17:13:15.70631857, 5.8667E+00, 2.4867E+01, 4.0533E+01,
17:13:15.70631862, 5.9000E+00, 2.4933E+01, 4.0933E+01,
17:13:15.70631867, 5.9000E+00, 2.5067E+01, 4.0533E+01,
17:13:15.70631872, 5.9667E+00, 2.4933E+01, 4.0800E+01,
17:13:15.70631877, 5.8667E+00, 2.4867E+01, 4.0400E+01,
17:13:15.70631882, 5.9333E+00, 2.4800E+01, 4.0533E+01,
17:13:15.70631887, 5.9000E+00, 2.4800E+01, 4.0400E+01,
17:13:15.70631892, 5.9333E+00, 2.4867E+01, 4.0400E+01,
17:13:15.70631897, 5.8667E+00, 2.4733E+01, 4.0667E+01,
17:13:15.70631902, 5.8667E+00, 2.4933E+01, 4.0533E+01,
17:13:15.70631907, 5.9000E+00, 2.4867E+01, 4.0667E+01,
17:13:15.70631912, 5.9333E+00, 2.4933E+01, 4.0400E+01,
17:13:15.70631917, 5.8333E+00, 2.4933E+01, 4.0800E+01,
17:13:15.70631922, 5.9333E+00, 2.4867E+01, 4.0533E+01,
17:13:15.70631927, 5.8667E+00, 2.4933E+01, 4.0533E+01,
17:13:15.70631932, 5.8667E+00, 2.4867E+01, 4.0400E+01,
17:13:15.70631937, 5.9000E+00, 2.4800E+01, 4.0533E+01,
17:13:15.70631942, 5.9333E+00, 2.4867E+01, 4.0533E+01,
17:13:15.70631947, 5.9000E+00, 2.4733E+01, 4.0533E+01,
17:13:15.70631952, 5.9000E+00, 2.4800E+01, 4.0667E+01,
17:13:15.70631957, 5.8333E+00, 2.4867E+01, 4.0933E+01,
17:13:15.70631962, 5.9333E+00, 2.5000E+01, 4.0400E+01,
17:13:15.70631967, 5.8667E+00, 2.4733E+01, 4.0400E+01,
17:13:15.70631972, 5.9333E+00, 2.4800E+01, 4.0533E+01,
17:13:15.70631977, 5.8667E+00, 2.5000E+01, 4.0400E+01,
17:13:15.70631982, 5.9000E+00, 2.4800E+01, 4.0400E+01,
17:13:15.70631987, 5.8667E+00, 2.4800E+01, 4.0400E+01,
17:13:15.70631992, 5.8333E+00, 2.4867E+01, 4.0400E+01,
17:13:15.70631997, 5.8333E+00, 2.4867E+01, 4.0400E+01,
17:13:15.70632002, 5.8333E+00, 2.4667E+01, 4.0400E+01,
17:13:15.70632007, 5.8667E+00, 2.4867E+01, 4.0400E+01,
17:13:15.70632012, 5.8667E+00, 2.4733E+01, 4.0667E+01,
17:13:15.70632017, 5.9333E+00, 2.4867E+01, 4.0533E+01,
17:13:15.70632022, 5.9333E+00, 2.4800E+01, 4.0267E+01,
17:13:15.70632027, 5.8667E+00, 2.5000E+01, 4.0400E+01,
17:13:15.70632032, 5.9333E+00, 2.4867E+01, 4.0667E+01,
17:13:15.70632037, 5.9000E+00, 2.5067E+01, 4.0400E+01,
17:13:15.70632042, 5.8667E+00, 2.4867E+01, 4.0400E+01,
17:13:15.70632047, 5.9667E+00, 2.4933E+01, 4.0800E+01,
17:13:15.70632052, 5.9000E+00, 2.4933E+01, 4.0667E+01,
17:13:15.70632057, 5.9667E+00, 2.4933E+01, 4.0800E+01,
17:13:15.70632062, 5.9000E+00, 2.4933E+01, 4.0400E+01,
17:13:15.70632067, 5.9333E+00, 2.4933E+01, 4.0667E+01,
17:13:15.70632072, 5.9000E+00, 2.4867E+01, 4.0400E+01,
17:13:15.70632077, 5.9333E+00, 2.4800E+01, 4.0533E+01,
17:13:15.70632082, 5.8333E+00, 2.4867E+01, 4.0667E+01,
17:13:15.70632087, 5.8667E+00, 2.4800E+01, 4.0800E+01,
17:13:15.70632092, 5.9000E+00, 2.4867E+01, 4.0667E+01,
17:13:15.70632097, 5.9000E+00, 2.5067E+01, 4.0667E+01,
17:13:15.70632102, 5.9000E+00, 2.5000E+01, 4.0533E+01,
17:13:15.70632107, 5.9000E+00, 2.4800E+01, 4.0533E+01,
17:13:15.70632112, 5.9000E+00, 2.4867E+01, 4.0400E+01,
17:13:15.70632117, 5.9333E+00, 2.4800E+01, 4.0400E+01,
17:13:15.70632122, 5.8667E+00, 2.4867E+01, 4.0400E+01,
17:13:15.70632127, 5.9000E+00, 2.4800E+01, 4.0400E+01,
17:13:15.70632132, 5.8667E+00, 2.4800E+01, 4.0533E+01,
17:13:15.70632137, 5.9000E+00, 2.4867E+01, 4.0400E+01,
17:13:15.70632142, 5.9000E+00, 2.4933E+01, 4.0800E+01,
17:13:15.70632147, 5.8333E+00, 2.4867E+01, 4.0667E+01,
17:13:15.70632152, 5.8333E+00, 2.4800E+01, 4.0667E+01,
17:13:15.70632157, 5.9333E+00, 2.4867E+01, 4.0667E+01,
17:13:15.70632162, 5.9000E+00, 2.4800E+01, 4.0533E+01,
17:13:15.70632167, 5.9000E+00, 2.4867E+01, 4.0533E+01,
17:13:15.70632172, 5.9000E+00, 2.4733E+01, 4.0400E+01,
17:13:15.70632177, 5.9000E+00, 2.4800E+01, 4.0533E+01,
17:13:15.70632182, 5.8333E+00, 2.4867E+01, 4.0667E+01,
17:13:15.70632187, 5.9000E+00, 2.4933E+01, 4.0533E+01,
17:13:15.70632192, 5.9667E+00, 2.4933E+01, 4.0400E+01,
17:13:15.70632197, 5.8667E+00, 2.4933E+01, 4.0800E+01,
17:13:15.70632202, 5.8000E+00, 2.4933E+01, 4.0400E+01,
17:13:15.70632207, 5.9000E+00, 2.4800E+01, 4.0533E+01,
17:13:15.70632212, 5.8667E+00, 2.4867E+01, 4.0400E+01,
17:13:15.70632217, 5.8667E+00, 2.4800E+01, 4.0400E+01,
17:13:15.70632222, 5.8667E+00, 2.4800E+01, 4.0400E+01,
17:13:15.70632227, 5.9000E+00, 2.4933E+01, 4.0800E+01,
17:13:15.70632232, 5.8333E+00, 2.4867E+01, 4.0667E+01,
17:13:15.70632237, 5.8333E+00, 2.4933E+01, 4.0400E+01,
17:13:15.70632242, 5.8333E+00, 2.4800E+01, 4.0667E+01,
17:13:15.70632247, 5.9000E+00, 2.4867E+01, 4.0667E+01,
17:13:15.70632252, 5.9000E+00, 2.4867E+01, 4.0533E+01,
17:13:15.70632257, 5.9667E+00, 2.4800E+01, 4.0533E+01,
17:13:15.70632262, 5.9667E+00, 2.4933E+01, 4.0400E+01,
17:13:15.70632267, 5.9000E+00, 2.4933E+01, 4.0400E+01,
17:13:15.70632272, 5.9000E+00, 2.4867E+01, 4.0533E+01,
17:13:15.70632277, 5.8000E+00, 2.4800E+01, 4.0400E+01,
17:13:15.70632282, 5.9000E+00, 2.4867E+01, 4.0533E+01,
17:13:15.70632287, 5.9000E+00, 2.5000E+01, 4.0533E+01,
17:13:15.70632292, 5.8667E+00, 2.4800E+01, 4.0667E+01,
17:13:15.70632297, 5.8667E+00, 2.4933E+01, 4.0667E+01,
17:13:15.70632302, 5.9000E+00, 2.4867E+01, 4.0533E+01,
17:13:15.70632307, 5.8667E+00, 2.4667E+01, 4.0533E+01,
17:13:15.70632312, 5.9333E+00, 2.4733E+01, 4.0533E+01,
17:13:15.70632317, 5.9000E+00, 2.4867E+01, 4.0667E+01,
17:13:15.70632322, 5.9333E+00, 2.4933E+01, 4.0400E+01,
17:13:15.70632327, 5.8667E+00, 2.4867E+01, 4.0400E+01,
17:13:15.70632332, 5.9000E+00, 2.4733E+01, 4.0667E+01,
17:13:15.70632337, 5.8667E+00, 2.4933E+01, 4.0400E+01,
17:13:15.70632342, 5.8667E+00, 2.4867E+01, 4.0533E+01,
17:13:15.70632347, 5.9000E+00, 2.4800E+01, 4.0800E+01,
17:13:15.70632352, 5.9333E+00, 2.4933E+01, 4.0533E+01,
17:13:15.70632357, 5.9000E+00, 2.4800E+01, 4.0400E+01,
17:13:15.70632362, 5.8667E+00, 2.4733E+01, 4.0533E+01,
17:13:15.70632367, 5.9333E+00, 2.4800E+01, 4.0533E+01,
17:13:15.70632372, 5.9667E+00, 2.5000E+01, 4.0400E+01,
17:13:15.70632377, 5.8667E+00, 2.4800E+01, 4.0400E+01,
17:13:15.70632382, 5.8667E+00, 2.4867E+01, 4.0800E+01,
17:13:15.70632387, 5.9333E+00, 2.4867E+01, 4.0533E+01,
17:13:15.70632392, 5.8667E+00, 2.4867E+01, 4.0400E+01,
17:13:15.70632397, 5.8667E+00, 2.4667E+01, 4.0667E+01,
17:13:15.70632402, 5.8333E+00, 2.4800E+01, 4.0533E+01,
17:13:15.70632407, 5.9333E+00, 2.4933E+01, 4.0800E+01,
17:13:15.70632412, 5.8333E+00, 2.4867E+01, 4.0400E+01,
17:13:15.70632417, 5.8333E+00, 2.4867E+01, 4.0667E+01,
17:13:15.70632422, 5.8333E+00, 2.4800E+01, 4.0667E+01,
17:13:15.70632427, 5.9000E+00, 2.4867E+01, 4.0533E+01,
17:13:15.70632432, 5.9000E+00, 2.4867E+01, 4.0400E+01,
17:13:15.70632437, 5.8667E+00, 2.5000E+01, 4.0400E+01,
17:13:15.70632442, 5.8333E+00, 2.4933E+01, 4.0667E+01,
17:13:15.70632447, 5.9000E+00, 2.4733E+01, 4.0667E+01,
17:13:15.70632452, 5.9000E+00, 2.4867E+01, 4.0400E+01,
17:13:15.70632457, 5.8667E+00, 2.4800E+01, 4.0533E+01,
17:13:15.70632462, 5.9000E+00, 2.4733E+01, 4.0400E+01,
17:13:15.70632467, 5.8333E+00, 2.4867E+01, 4.0667E+01,
17:13:15.70632472, 5.8333E+00, 2.5000E+01, 4.0667E+01,
17:13:15.70632477, 5.9333E+00, 2.4867E+01, 4.0667E+01,
17:13:15.70632482, 5.9000E+00, 2.4867E+01, 4.0533E+01,
17:13:15.70632487, 5.8333E+00, 2.4933E+01, 4.0533E+01,
17:13:15.70632492, 5.8667E+00, 2.4933E+01, 4.0400E+01,
17:13:15.70632497, 5.9000E+00, 2.4800E+01, 4.0400E+01,
17:13:15.70632502, 5.8667E+00, 2.4733E+01, 4.0533E+01,
17:13:15.70632507, 5.9333E+00, 2.4867E+01, 4.0400E+01,
17:13:15.70632512, 5.9000E+00, 2.4800E+01, 4.0400E+01,
17:13:15.70632517, 5.9000E+00, 2.4733E+01, 4.0533E+01,
17:13:15.70632522, 5.8667E+00, 2.4867E+01, 4.0800E+01,
17:13:15.70632527, 5.9000E+00, 2.4933E+01, 4.0667E+01,
17:13:15.70632532, 5.8667E+00, 2.4867E+01, 4.0533E+01,
17:13:15.70632537, 5.9000E+00, 2.4867E+01, 4.0667E+01,
17:13:15.70632542, 5.9000E+00, 2.4933E+01, 4.0800E+01,
17:13:15.70632547, 5.9000E+00, 2.4933E+01, 4.0533E+01,
17:13:15.70632552, 5.8667E+00, 2.4800E+01, 4.0667E+01,
17:13:15.70632557, 5.9333E+00, 2.4733E+01, 4.0400E+01,
17:13:15.70632562, 5.8333E+00, 2.4733E+01, 4.0400E+01,
17:13:15.70632567, 5.8000E+00, 2.5000E+01, 4.0267E+01,
17:13:15.70632572, 5.8667E+00, 2.4733E+01, 4.0400E+01,
17:13:15.70632577, 5.8667E+00, 2.4933E+01, 4.0400E+01,
17:13:15.70632582, 5.9000E+00, 2.4933E+01, 4.0400E+01,
17:13:15.70632587, 5.9000E+00, 2.4933E+01, 4.0667E+01,
17:13:15.70632592, 5.9000E+00, 2.4933E+01, 4.0400E+01,
17:13:15.70632597, 5.8000E+00, 2.4867E+01, 4.0667E+01,
17:13:15.70632602, 5.9000E+00, 2.4867E+01, 4.0667E+01,
17:13:15.70632607, 5.9000E+00, 2.4800E+01, 4.0400E+01,
17:13:15.70632612, 5.8000E+00, 2.4867E+01, 4.0933E+01,
17:13:15.70632617, 5.8000E+00, 2.4867E+01, 4.0400E+01,
17:13:15.70632622, 5.9000E+00, 2.4867E+01, 4.0400E+01,
17:13:15.70632627, 5.9333E+00, 2.4867E+01, 4.0667E+01,
17:13:15.70632632, 5.8333E+00, 2.4733E+01, 4.0400E+01,
17:13:15.70632637, 5.9000E+00, 2.4867E+01, 4.0667E+01,
17:13:15.70632642, 5.9000E+00, 2.4867E+01, 4.0400E+01,
17:13:15.70632647, 5.9000E+00, 2.4933E+01, 4.0800E+01,
17:13:15.70632652, 5.9000E+00, 2.4933E+01, 4.0267E+01,
17:13:15.70632657, 5.9333E+00, 2.4800E+01, 4.0400E+01,
17:13:15.70632662, 5.9000E+00, 2.4933E+01, 4.0400E+01,
17:13:15.70632667, 5.9667E+00, 2.4933E+01, 4.0400E+01,
17:13:15.70632672, 5.9000E+00, 2.4933E+01, 4.0933E+01,
17:13:15.70632677, 5.8667E+00, 2.4867E+01, 4.0533E+01,
17:13:15.70632682, 5.8667E+00, 2.4800E+01, 4.0400E+01,
17:13:15.70632687, 5.9000E+00, 2.4933E+01, 4.0933E+01,
17:13:15.70632692, 5.8667E+00, 2.5000E+01, 4.0400E+01,
17:13:15.70632697, 5.9333E+00, 2.4867E+01, 4.0533E+01,
17:13:15.70632702, 5.9333E+00, 2.4933E+01, 4.0533E+01,
17:13:15.70632707, 5.8333E+00, 2.4800E+01, 4.0400E+01,
17:13:15.70632712, 5.8667E+00, 2.4733E+01, 4.0533E+01,
17:13:15.70632717, 5.8667E+00, 2.4933E+01, 4.0267E+01,
17:13:15.70632722, 5.9333E+00, 2.4867E+01, 4.0267E+01,
17:13:15.70632727, 5.8333E+00, 2.4867E+01, 4.0667E+01,
17:13:15.70632732, 5.9333E+00, 2.4867E+01, 4.0667E+01,
17:13:15.70632737, 5.9333E+00, 2.4933E+01, 4.0267E+01,
17:13:15.70632742, 5.9667E+00, 2.4933E+01, 4.0800E+01,
17:13:15.70632747, 5.8667E+00, 2.4800E+01, 4.0400E+01,
17:13:15.70632752, 5.9000E+00, 2.4933E+01, 4.0667E+01,
17:13:15.70632757, 5.8667E+00, 2.4800E+01, 4.0400E+01,
17:13:15.70632762, 5.8667E+00, 2.4867E+01, 4.0400E+01,
17:13:15.70632767, 5.8333E+00, 2.4933E+01, 4.0533E+01,
17:13:15.70632772, 5.9000E+00, 2.4933E+01, 4.0667E+01,
17:13:15.70632777, 5.8667E+00, 2.4867E+01, 4.0800E+01,
17:13:15.70632782, 5.9333E+00, 2.4800E+01, 4.0533E+01,
17:13:15.70632787, 5.9333E+00, 2.4933E+01, 4.0533E+01,
17:13:15.70632792, 5.8667E+00, 2.4933E+01, 4.0800E+01,
17:13:15.70632797, 5.8333E+00, 2.4867E+01, 4.0667E+01,
17:13:15.70632802, 5.8667E+00, 2.4867E+01, 4.0400E+01,
17:13:15.70632807, 5.8000E+00, 2.5067E+01, 4.0400E+01,
17:13:15.70632812, 5.3667E+00, 2.5533E+01, 4.0400E+01,
17:13:15.70632817, 3.0333E+00, 2.9400E+01, 4.0667E+01,
17:13:15.70632822, 2.4667E+00, 2.7133E+01, 4.0800E+01,
17:13:15.70632827, 1.2667E+00, 2.7000E+01, 4.0400E+01,
17:13:15.70632832, 1.1333E+00, 2.6933E+01, 4.0267E+01,
17:13:15.70632837, 1.0333E+00, 2.6933E+01, 3.9733E+01,
17:13:15.70632842, 1.1333E+00, 2.7000E+01, 3.9067E+01,
17:13:15.70632847, 1.0667E+00, 2.7200E+01, 3.8800E+01,
17:13:15.70632852, 1.0667E+00, 2.7200E+01, 3.8000E+01,
17:13:15.70632857, 1.0000E+00, 2.7133E+01, 3.7333E+01,
17:13:15.70632862, 9.6667E-01, 2.7133E+01, 3.6933E+01,
17:13:15.70632867, 9.6667E-01, 2.7200E+01, 3.6533E+01,
17:13:15.70632872, 9.6667E-01, 2.7333E+01, 3.5333E+01,
17:13:15.70632877, 1.0000E+00, 2.7267E+01, 3.4933E+01,
17:13:15.70632882, 1.0000E+00, 2.7400E+01, 3.4533E+01,
17:13:15.70632887, 9.6667E-01, 2.7600E+01, 3.3600E+01,
17:13:15.70632892, 9.6667E-01, 2.7600E+01, 3.2933E+01,
17:13:15.70632897, 9.0000E-01, 2.7600E+01, 3.2133E+01,
17:13:15.70632902, 9.0000E-01, 2.7733E+01, 3.1467E+01,
17:13:15.70632907, 9.0000E-01, 2.7800E+01, 3.0667E+01,
17:13:15.70632912, 9.3333E-01, 2.7733E+01, 2.9867E+01,
17:13:15.70632917, 9.3333E-01, 2.7800E+01, 2.8800E+01,
17:13:15.70632922, 9.0000E-01, 2.7800E+01, 2.8000E+01,
17:13:15.70632927, 9.3333E-01, 2.7867E+01, 2.7467E+01,
17:13:15.70632932, 9.0000E-01, 2.7867E+01, 2.6667E+01,
17:13:15.70632937, 8.6667E-01, 2.7867E+01, 2.5467E+01,
17:13:15.70632942, 8.3333E-01, 2.7933E+01, 2.4533E+01,
17:13:15.70632947, 8.6667E-01, 2.7867E+01, 2.3467E+01,
17:13:15.70632952, 8.0000E-01, 2.7933E+01, 2.2800E+01,
17:13:15.70632957, 8.0000E-01, 2.7933E+01, 2.2133E+01,
17:13:15.70632962, 8.6667E-01, 2.8000E+01, 2.1200E+01,
17:13:15.70632967, 7.0000E-01, 2.8067E+01, 2.0133E+01,
17:13:15.70632972, 8.3333E-01, 2.7867E+01, 1.9467E+01,
17:13:15.70632977, 8.0000E-01, 2.8200E+01, 1.8267E+01,
17:13:15.70632982, 7.0000E-01, 2.8067E+01, 1.7867E+01,
17:13:15.70632987, 7.0000E-01, 2.8133E+01, 1.6667E+01,
17:13:15.70632992, 7.0000E-01, 2.8067E+01, 1.5733E+01,
17:13:15.70632997, 6.6667E-01, 2.8067E+01, 1.4800E+01,
17:13:15.70633002, 7.3333E-01, 2.8133E+01, 1.3733E+01,
17:13:15.70633007, 7.3333E-01, 2.8000E+01, 1.3067E+01,
17:13:15.70633012, 6.6667E-01, 2.8133E+01, 1.1867E+01,
17:13:15.70633017, 7.3333E-01, 2.7933E+01, 1.1200E+01,
17:13:15.70633022, 6.6667E-01, 2.7933E+01, 1.0400E+01,
17:13:15.70633027, 6.3333E-01, 2.7933E+01, 9.6000E+00,
17:13:15.70633032, 6.3333E-01, 2.7933E+01, 8.8000E+00,
17:13:15.70633037, 6.3333E-01, 2.7800E+01, 7.8667E+00,
17:13:15.70633042, 6.3333E-01, 2.7800E+01, 6.9333E+00,
17:13:15.70633047, 5.3333E-01, 2.7800E+01, 6.0000E+00,
17:13:15.70633052, 6.6667E-01, 2.7800E+01, 5.2000E+00,
17:13:15.70633057, 6.0000E-01, 2.7933E+01, 4.5333E+00,
17:13:15.70633062, 6.0000E-01, 2.7667E+01, 3.7333E+00,
17:13:15.70633067, 5.6667E-01, 2.7800E+01, 3.0667E+00,
17:13:15.70633072, 6.0000E-01, 2.7600E+01, 2.2667E+00,
17:13:15.70633077, 5.6667E-01, 2.7467E+01, 1.4667E+00,
17:13:15.70633082, 5.6667E-01, 2.7467E+01, 8.0000E-01,
17:13:15.70633087, 5.3333E-01, 2.7400E+01,-1.3333E-01,
17:13:15.70633092, 4.6667E-01, 2.7400E+01,-6.6667E-01,
17:13:15.70633097, 5.6667E-01, 2.7333E+01,-1.4667E+00,
17:13:15.70633102, 5.6667E-01, 2.7333E+01,-2.4000E+00,
17:13:15.70633107, 5.0000E-01, 2.7267E+01,-3.0667E+00,
17:13:15.70633112, 5.6667E-01, 2.7133E+01,-3.2000E+00,
17:13:15.70633117, 5.3333E-01, 2.7067E+01,-4.1333E+00,
17:13:15.70633122, 5.6667E-01, 2.7133E+01,-4.6667E+00,
17:13:15.70633127, 5.3333E-01, 2.7000E+01,-5.3333E+00,
17:13:15.70633132, 5.6667E-01, 2.6933E+01,-5.7333E+00,
17:13:15.70633137, 4.6667E-01, 2.7000E+01,-6.5333E+00,
17:13:15.70633142, 4.6667E-01, 2.6867E+01,-7.2000E+00,
17:13:15.70633147, 4.0000E-01, 2.6867E+01,-7.6000E+00,
17:13:15.70633152, 5.3333E-01, 2.6667E+01,-8.0000E+00,
17:13:15.70633157, 4.3333E-01, 2.6667E+01,-8.4000E+00,
17:13:15.70633162, 4.6667E-01, 2.6467E+01,-9.2000E+00,
17:13:15.70633167, 5.3333E-01, 2.6533E+01,-9.2000E+00,
17:13:15.70633172, 4.3333E-01, 2.6400E+01,-1.0133E+01,
17:13:15.70633177, 5.0000E-01, 2.6400E+01,-1.0133E+01,
17:13:15.70633182, 3.6667E-01, 2.6200E+01,-1.0667E+01,
17:13:15.70633187, 4.3333E-01, 2.6400E+01,-1.1333E+01,
17:13:15.70633192, 3.6667E-01, 2.6333E+01,-1.1600E+01,
17:13:15.70633197, 4.3333E-01, 2.6133E+01,-1.1733E+01,
17:13:15.70633202, 4.3333E-01, 2.6067E+01,-1.2133E+01,
17:13:15.70633207, 4.3333E-01, 2.5867E+01,-1.2800E+01,
17:13:15.70633212, 4.0000E-01, 2.5933E+01,-1.3067E+01,
17:13:15.70633217, 4.3333E-01, 2.5867E+01,-1.3067E+01,
17:13:15.70633222, 4.0000E-01, 2.5800E+01,-1.3333E+01,
17:13:15.70633227, 4.3333E-01, 2.5867E+01,-1.3733E+01,
17:13:15.70633232, 4.0000E-01, 2.5800E+01,-1.3733E+01,
17:13:15.70633237, 3.3333E-01, 2.5600E+01,-1.3867E+01,
17:13:15.70633242, 3.6667E-01, 2.5533E+01,-1.4267E+01,
17:13:15.70633247, 4.0000E-01, 2.5400E+01,-1.4400E+01,
17:13:15.70633252, 3.3333E-01, 2.5400E+01,-1.4667E+01,
17:13:15.70633257, 4.0000E-01, 2.5267E+01,-1.4533E+01,
17:13:15.70633262, 4.0000E-01, 2.5400E+01,-1.4933E+01,
17:13:15.70633267, 4.0000E-01, 2.5200E+01,-1.4933E+01,
17:13:15.70633272, 3.6667E-01, 2.5200E+01,-1.5067E+01,
17:13:15.70633277, 4.0000E-01, 2.5200E+01,-1.4800E+01,
17:13:15.70633282, 3.6667E-01, 2.5000E+01,-1.5200E+01,
17:13:15.70633287, 3.0000E-01, 2.5133E+01,-1.5333E+01,
17:13:15.70633292, 3.0000E-01, 2.5067E+01,-1.5467E+01,
17:13:15.70633297, 3.3333E-01, 2.5000E+01,-1.5600E+01,
17:13:15.70633302, 3.0000E-01, 2.4867E+01,-1.5067E+01,
17:13:15.70633307, 3.6667E-01, 2.4867E+01,-1.5200E+01,
17:13:15.70633312, 4.0000E-01, 2.4733E+01,-1.5333E+01,
17:13:15.70633317, 3.0000E-01, 2.4733E+01,-1.5067E+01,
17:13:15.70633322, 3.6667E-01, 2.4533E+01,-1.4933E+01,
17:13:15.70633327, 3.6667E-01, 2.4667E+01,-1.4933E+01,
17:13:15.70633332, 3.3333E-01, 2.4600E+01,-1.4667E+01,
17:13:15.70633337, 4.0000E-01, 2.4533E+01,-1.4800E+01,
17:13:15.70633342, 3.0000E-01, 2.4600E+01,-1.4533E+01,
17:13:15.70633347, 3.3333E-01, 2.4467E+01,-1.4400E+01,
17:13:15.70633352, 3.3333E-01, 2.4467E+01,-1.4400E+01,
17:13:15.70633357, 3.0000E-01, 2.4400E+01,-1.4133E+01,
17:13:15.70633362, 2.6667E-01, 2.4333E+01,-1.4133E+01,
17:13:15.70633367, 2.6667E-01, 2.4333E+01,-1.3867E+01,
17:13:15.70633372, 2.6667E-01, 2.4267E+01,-1.3600E+01,
17:13:15.70633377, 2.3333E-01, 2.4400E+01,-1.3333E+01,
17:13:15.70633382, 3.3333E-01, 2.4333E+01,-1.3067E+01,
17:13:15.70633387, 3.3333E-01, 2.4267E+01,-1.2933E+01,
17:13:15.70633392, 3.3333E-01, 2.4133E+01,-1.2667E+01,
17:13:15.70633397, 3.3333E-01, 2.4267E+01,-1.2667E+01,
17:13:15.70633402, 3.0000E-01, 2.4133E+01,-1.2133E+01,
17:13:15.70633407, 3.3333E-01, 2.4133E+01,-1.2000E+01,
17:13:15.70633412, 2.6667E-01, 2.4200E+01,-1.1600E+01,
17:13:15.70633417, 3.3333E-01, 2.4000E+01,-1.1333E+01,
17:13:15.70633422, 2.6667E-01, 2.4133E+01,-1.1067E+01,
17:13:15.70633427, 2.3333E-01, 2.3933E+01,-1.0533E+01,
17:13:15.70633432, 2.6667E-01, 2.4067E+01,-1.0533E+01,
17:13:15.70633437, 2.6667E-01, 2.4067E+01,-1.0000E+01,
17:13:15.70633442, 3.3333E-01, 2.4133E+01,-1.0000E+01,
17:13:15.70633447, 3.0000E-01, 2.3933E+01,-9.3333E+00,
17:13:15.70633452, 3.0000E-01, 2.3800E+01,-9.0667E+00,
17:13:15.70633457, 3.3333E-01, 2.3933E+01,-8.4000E+00,
17:13:15.70633462, 2.6667E-01, 2.3867E+01,-8.2667E+00,
17:13:15.70633467, 3.0000E-01, 2.3867E+01,-8.2667E+00,
17:13:15.70633472, 3.0000E-01, 2.3800E+01,-7.4667E+00,
17:13:15.70633477, 2.6667E-01, 2.3933E+01,-7.2000E+00,
17:13:15.70633482, 3.3333E-01, 2.3800E+01,-6.6667E+00,
17:13:15.70633487, 3.3333E-01, 2.3733E+01,-6.5333E+00,
17:13:15.70633492, 2.6667E-01, 2.3800E+01,-6.2667E+00,
17:13:15.70633497, 3.3333E-01, 2.3867E+01,-6.0000E+00,
17:13:15.70633502, 2.6667E-01, 2.4067E+01,-5.4667E+00,
17:13:15.70633507, 2.3333E-01, 2.3800E+01,-4.9333E+00,
17:13:15.70633512, 2.6667E-01, 2.3800E+01,-4.4000E+00,
17:13:15.70633517, 3.0000E-01, 2.3867E+01,-4.1333E+00,
17:13:15.70633522, 2.3333E-01, 2.3800E+01,-3.6000E+00,
17:13:15.70633527, 2.3333E-01, 2.3800E+01,-3.3333E+00,
17:13:15.70633532, 2.6667E-01, 2.4000E+01,-3.4667E+00,
17:13:15.70633537, 2.3333E-01, 2.3933E+01,-2.8000E+00,
17:13:15.70633542, 3.3333E-01, 2.3867E+01,-2.2667E+00,
17:13:15.70633547, 3.3333E-01, 2.3933E+01,-2.0000E+00,
17:13:15.70633552, 3.0000E-01, 2.4000E+01,-1.3333E+00,
17:13:15.70633557, 2.6667E-01, 2.3867E+01,-1.2000E+00,
17:13:15.70633562, 3.0000E-01, 2.3933E+01,-8.0000E-01,
17:13:15.70633567, 2.0000E-01, 2.3933E+01,-6.6667E-01,
17:13:15.70633572, 2.6667E-01, 2.3867E+01,-2.6667E-01,
17:13:15.70633577, 2.3333E-01, 2.3933E+01, 1.3333E-01,
17:13:15.70633582, 3.0000E-01, 2.4000E+01, 4.0000E-01,
17:13:15.70633587, 3.0000E-01, 2.3800E+01, 8.0000E-01,
17:13:15.70633592, 2.3333E-01, 2.4067E+01, 8.0000E-01,
17:13:15.70633597, 2.6667E-01, 2.4000E+01, 1.7333E+00,
17:13:15.70633602, 2.3333E-01, 2.4133E+01, 1.7333E+00,
17:13:15.70633607, 2.3333E-01, 2.4000E+01, 2.1333E+00,
17:13:15.70633612, 3.3333E-01, 2.4133E+01, 2.6667E+00,
17:13:15.70633617, 2.6667E-01, 2.4133E+01, 3.0667E+00,
17:13:15.70633622, 3.0000E-01, 2.4133E+01, 3.2000E+00,
17:13:15.70633627, 2.6667E-01, 2.4000E+01, 3.4667E+00,
17:13:15.70633632, 3.3333E-01, 2.4067E+01, 3.8667E+00,
17:13:15.70633637, 3.0000E-01, 2.4133E+01, 4.1333E+00,
17:13:15.70633642, 3.0000E-01, 2.4200E+01, 4.0000E+00,
17:13:15.70633647, 3.0000E-01, 2.4267E+01, 4.6667E+00,
17:13:15.70633652, 3.0000E-01, 2.4200E+01, 4.8000E+00,
17:13:15.70633657, 2.3333E-01, 2.4000E+01, 5.0667E+00,
17:13:15.70633662, 2.3333E-01, 2.4267E+01, 5.2000E+00,
17:13:15.70633667, 2.3333E-01, 2.4333E+01, 5.7333E+00,
17:13:15.70633672, 3.3333E-01, 2.4467E+01, 5.8667E+00,
17:13:15.70633677, 2.6667E-01, 2.4267E+01, 6.1333E+00,
17:13:15.70633682, 3.0000E-01, 2.4400E+01, 6.1333E+00,
17:13:15.70633687, 2.3333E-01, 2.4400E+01, 6.5333E+00,
17:13:15.70633692, 3.0000E-01, 2.4467E+01, 6.5333E+00,
17:13:15.70633697, 3.3333E-01, 2.4400E+01, 6.9333E+00,
17:13:15.70633702, 2.6667E-01, 2.4467E+01, 7.2000E+00,
17:13:15.70633707, 2.0000E-01, 2.4400E+01, 7.2000E+00,
17:13:15.70633712, 3.0000E-01, 2.4533E+01, 7.4667E+00,
17:13:15.70633717, 3.0000E-01, 2.4467E+01, 7.7333E+00,
17:13:15.70633722, 2.3333E-01, 2.4400E+01, 7.8667E+00,
17:13:15.70633727, 2.3333E-01, 2.4467E+01, 7.7333E+00,
17:13:15.70633732, 2.0000E-01, 2.4467E+01, 8.2667E+00,
17:13:15.70633737, 2.3333E-01, 2.4533E+01, 8.0000E+00,
17:13:15.70633742, 2.6667E-01, 2.4733E+01, 8.1333E+00,
17:13:15.70633747, 3.0000E-01, 2.4733E+01, 8.2667E+00,
17:13:15.70633752, 2.6667E-01, 2.4667E+01, 8.6667E+00,
17:13:15.70633757, 3.6667E-01, 2.4600E+01, 8.6667E+00,
17:13:15.70633762, 2.6667E-01, 2.4667E+01, 8.9333E+00,
17:13:15.70633767, 2.3333E-01, 2.4867E+01, 8.8000E+00,
17:13:15.70633772, 2.6667E-01, 2.4867E+01, 8.8000E+00,
17:13:15.70633777, 3.3333E-01, 2.4867E+01, 8.9333E+00,
17:13:15.70633782, 2.6667E-01, 2.4933E+01, 8.6667E+00,
17:13:15.70633787, 3.6667E-01, 2.4933E+01, 8.9333E+00,
17:13:15.70633792, 2.6667E-01, 2.4933E+01, 8.9333E+00,
17:13:15.70633797, 2.6667E-01, 2.5000E+01, 8.9333E+00,
17:13:15.70633802, 3.0000E-01, 2.4933E+01, 8.9333E+00,
17:13:15.70633807, 2.6667E-01, 2.5067E+01, 9.0667E+00,
17:13:15.70633812, 2.3333E-01, 2.5000E+01, 9.3333E+00,
17:13:15.70633817, 2.3333E-01, 2.5067E+01, 9.4667E+00,
17:13:15.70633822, 3.0000E-01, 2.4933E+01, 9.2000E+00,
17:13:15.70633827, 2.6667E-01, 2.5067E+01, 9.0667E+00,
17:13:15.70633832, 3.0000E-01, 2.5067E+01, 9.2000E+00,
17:13:15.70633837, 3.3333E-01, 2.5000E+01, 9.3333E+00,
17:13:15.70633842, 2.6667E-01, 2.5067E+01, 8.9333E+00,
17:13:15.70633847, 3.6667E-01, 2.5067E+01, 9.0667E+00,
17:13:15.70633852, 3.0000E-01, 2.5267E+01, 9.2000E+00,
17:13:15.70633857, 3.6667E-01, 2.5133E+01, 9.0667E+00,
17:13:15.70633862, 2.6667E-01, 2.5200E+01, 8.9333E+00,
17:13:15.70633867, 3.0000E-01, 2.5067E+01, 8.9333E+00,
17:13:15.70633872, 3.0000E-01, 2.5267E+01, 8.8000E+00,
17:13:15.70633877, 3.0000E-01, 2.5133E+01, 8.6667E+00,
17:13:15.70633882, 2.6667E-01, 2.5267E+01, 8.6667E+00,
17:13:15.70633887, 2.6667E-01, 2.5400E+01, 8.8000E+00,
17:13:15.70633892, 3.3333E-01, 2.5467E+01, 8.6667E+00,
17:13:15.70633897, 2.6667E-01, 2.5400E+01, 8.0000E+00,
17:13:15.70633902, 2.6667E-01, 2.5400E+01, 8.2667E+00,
17:13:15.70633907, 2.3333E-01, 2.5467E+01, 8.1333E+00,
17:13:15.70633912, 2.6667E-01, 2.5333E+01, 8.0000E+00,
17:13:15.70633917, 2.6667E-01, 2.5533E+01, 7.8667E+00,
17:13:15.70633922, 2.3333E-01, 2.5333E+01, 7.6000E+00,
17:13:15.70633927, 3.0000E-01, 2.5467E+01, 7.4667E+00,
17:13:15.70633932, 3.0000E-01, 2.5333E+01, 7.4667E+00,
17:13:15.70633937, 3.0000E-01, 2.5467E+01, 7.3333E+00,
17:13:15.70633942, 2.6667E-01, 2.5467E+01, 7.6000E+00,
17:13:15.70633947, 3.0000E-01, 2.5467E+01, 7.4667E+00,
17:13:15.70633952, 2.6667E-01, 2.5533E+01, 7.3333E+00,
17:13:15.70633957, 2.6667E-01, 2.5600E+01, 7.4667E+00,
17:13:15.70633962, 3.0000E-01, 2.5467E+01, 6.9333E+00,
17:13:15.70633967, 3.0000E-01, 2.5467E+01, 6.6667E+00,
17:13:15.70633972, 3.0000E-01, 2.5667E+01, 6.2667E+00,
17:13:15.70633977, 3.0000E-01, 2.5733E+01, 6.1333E+00,
17:13:15.70633982, 3.3333E-01, 2.5467E+01, 6.1333E+00,
17:13:15.70633987, 3.0000E-01, 2.5467E+01, 6.0000E+00,
17:13:15.70633992, 3.3333E-01, 2.5667E+01, 6.1333E+00,
17:13:15.70633997, 2.6667E-01, 2.5400E+01, 5.6000E+00,
17:13:15.70634002, 2.0000E-01, 2.5600E+01, 5.6000E+00,
17:13:15.70634007, 2.3333E-01, 2.5400E+01, 5.3333E+00,
17:13:15.70634012, 2.0000E-01, 2.5400E+01, 5.2000E+00,
17:13:15.70634017, 3.0000E-01, 2.5533E+01, 5.0667E+00,
17:13:15.70634022, 3.0000E-01, 2.5533E+01, 4.9333E+00,
17:13:15.70634027, 2.3333E-01, 2.5533E+01, 4.6667E+00,
17:13:15.70634032, 3.0000E-01, 2.5667E+01, 4.6667E+00,
17:13:15.70634037, 2.6667E-01, 2.5667E+01, 4.2667E+00,
17:13:15.70634042, 2.6667E-01, 2.5533E+01, 4.1333E+00,
17:13:15.70634047, 2.3333E-01, 2.5533E+01, 4.1333E+00,
17:13:15.70634052, 2.6667E-01, 2.5600E+01, 4.2667E+00,
17:13:15.70634057, 3.0000E-01, 2.5533E+01, 3.4667E+00,
17:13:15.70634062, 3.0000E-01, 2.5667E+01, 3.4667E+00,
17:13:15.70634067, 2.6667E-01, 2.5533E+01, 3.3333E+00,
17:13:15.70634072, 3.0000E-01, 2.5600E+01, 2.9333E+00,
17:13:15.70634077, 2.6667E-01, 2.5733E+01, 2.8000E+00,
17:13:15.70634082, 3.3333E-01, 2.5667E+01, 2.9333E+00,
17:13:15.70634087, 2.3333E-01, 2.5667E+01, 3.2000E+00,
17:13:15.70634092, 3.0000E-01, 2.5600E+01, 2.8000E+00,
17:13:15.70634097, 2.6667E-01, 2.5667E+01, 2.4000E+00,
17:13:15.70634102, 3.0000E-01, 2.5667E+01, 2.4000E+00,
17:13:15.70634107, 3.0000E-01, 2.5600E+01, 2.1333E+00,
17:13:15.70634112, 2.3333E-01, 2.5600E+01, 2.2667E+00,
17:13:15.70634117, 3.3333E-01, 2.5600E+01, 1.7333E+00,
17:13:15.70634122, 2.6667E-01, 2.5467E+01, 1.4667E+00,
17:13:15.70634127, 2.6667E-01, 2.5667E+01, 1.4667E+00,
17:13:15.70634132, 3.0000E-01, 2.5467E+01, 1.2000E+00,
17:13:15.70634137, 2.6667E-01, 2.5667E+01, 1.2000E+00,
17:13:15.70634142, 2.6667E-01, 2.5533E+01, 1.2000E+00,
17:13:15.70634147, 3.0000E-01, 2.5467E+01, 1.0667E+00,
17:13:15.70634152, 3.3333E-01, 2.5400E+01, 8.0000E-01,
17:13:15.70634157, 2.6667E-01, 2.5533E+01, 6.6667E-01,
17:13:15.70634162, 3.0000E-01, 2.5467E+01, 6.6667E-01,
17:13:15.70634167, 2.3333E-01, 2.5400E+01, 0.0000E+00,
17:13:15.70634172, 2.6667E-01, 2.5600E+01, 1.3333E-01,
17:13:15.70634177, 2.6667E-01, 2.5467E+01, 0.0000E+00,
17:13:15.70634182, 3.0000E-01, 2.5400E+01, 0.0000E+00,
17:13:15.70634187, 2.3333E-01, 2.5533E+01,-1.3333E-01,
17:13:15.70634192, 2.6667E-01, 2.5467E+01,-2.6667E-01,
17:13:15.70634197, 2.0000E-01, 2.5267E+01,-5.3333E-01,
17:13:15.70634202, 2.3333E-01, 2.5533E+01,-6.6667E-01,
17:13:15.70634207, 3.0000E-01, 2.5333E+01,-6.6667E-01,
17:13:15.70634212, 2.6667E-01, 2.5400E+01,-8.0000E-01,
17:13:15.70634217, 2.3333E-01, 2.5267E+01,-1.0667E+00,
17:13:15.70634222, 3.0000E-01, 2.5333E+01,-1.0667E+00,
17:13:15.70634227, 2.3333E-01, 2.5200E+01,-1.2000E+00,
17:13:15.70634232, 2.3333E-01, 2.5333E+01,-1.0667E+00,
17:13:15.70634237, 2.3333E-01, 2.5200E+01,-1.0667E+00,
17:13:15.70634242, 2.6667E-01, 2.5267E+01,-1.2000E+00,
17:13:15.70634247, 2.0000E-01, 2.5133E+01,-1.0667E+00,
17:13:15.70634252, 2.3333E-01, 2.5333E+01,-1.2000E+00,
17:13:15.70634257, 3.3333E-01, 2.5200E+01,-1.3333E+00,
17:13:15.70634262, 3.3333E-01, 2.5333E+01,-1.2000E+00,
17:13:15.70634267, 3.0000E-01, 2.5067E+01,-1.8667E+00,
17:13:15.70634272, 2.6667E-01, 2.5200E+01,-1.4667E+00,
17:13:15.70634277, 3.0000E-01, 2.5067E+01,-2.0000E+00,
17:13:15.70634282, 2.3333E-01, 2.5133E+01,-1.6000E+00,
17:13:15.70634287, 2.0000E-01, 2.5200E+01,-1.7333E+00,
17:13:15.70634292, 2.3333E-01, 2.5067E+01,-1.8667E+00,
17:13:15.70634297, 2.3333E-01, 2.5200E+01,-1.8667E+00,
17:13:15.70634302, 2.3333E-01, 2.5067E+01,-2.0000E+00,
17:13:15.70634307, 2.0000E-01, 2.5067E+01,-2.0000E+00,
17:13:15.70634312, 2.0000E-01, 2.5067E+01,-1.8667E+00,
17:13:15.70634317, 3.0000E-01, 2.5000E+01,-2.2667E+00,
17:13:15.70634322, 2.6667E-01, 2.5067E+01,-2.0000E+00,
17:13:15.70634327, 2.6667E-01, 2.5067E+01,-2.1333E+00,
17:13:15.70634332, 2.3333E-01, 2.5067E+01,-2.0000E+00,
17:13:15.70634337, 2.6667E-01, 2.5067E+01,-2.0000E+00,
17:13:15.70634342, 2.3333E-01, 2.5133E+01,-2.0000E+00,
17:13:15.70634347, 2.0000E-01, 2.5133E+01,-2.0000E+00,
17:13:15.70634352, 2.0000E-01, 2.5133E+01,-2.0000E+00,
17:13:15.70634357, 2.3333E-01, 2.5067E+01,-2.2667E+00,
17:13:15.70634362, 2.0000E-01, 2.5000E+01,-2.1333E+00,
17:13:15.70634367, 2.0000E-01, 2.5000E+01,-2.1333E+00,
17:13:15.70634372, 2.6667E-01, 2.5067E+01,-2.0000E+00,
17:13:15.70634377, 2.3333E-01, 2.4867E+01,-2.0000E+00,
17:13:15.70634382, 2.0000E-01, 2.5000E+01,-2.0000E+00,
17:13:15.70634387, 2.3333E-01, 2.4933E+01,-2.0000E+00,
17:13:15.70634392, 1.3333E-01, 2.5000E+01,-1.7333E+00,
17:13:15.70634397, 2.0000E-01, 2.4867E+01,-1.6000E+00,
17:13:15.70634402, 2.3333E-01, 2.5000E+01,-2.0000E+00,
17:13:15.70634407, 2.6667E-01, 2.5000E+01,-1.8667E+00,
17:13:15.70634412, 2.0000E-01, 2.4867E+01,-2.0000E+00,
17:13:15.70634417, 2.3333E-01, 2.5000E+01,-2.1333E+00,
17:13:15.70634422, 2.3333E-01, 2.4933E+01,-1.7333E+00,
17:13:15.70634427, 2.3333E-01, 2.4733E+01,-2.0000E+00,
17:13:15.70634432, 2.3333E-01, 2.4867E+01,-1.8667E+00,
17:13:15.70634437, 2.6667E-01, 2.4800E+01,-2.0000E+00,
17:13:15.70634442, 2.0000E-01, 2.4867E+01,-1.3333E+00,
17:13:15.70634447, 2.3333E-01, 2.4800E+01,-1.4667E+00,
17:13:15.70634452, 2.3333E-01, 2.4800E+01,-1.3333E+00,
17:13:15.70634457, 2.3333E-01, 2.4933E+01,-1.6000E+00,
17:13:15.70634462, 2.3333E-01, 2.4800E+01,-1.7333E+00,
17:13:15.70634467, 2.0000E-01, 2.4733E+01,-1.2000E+00,
17:13:15.70634472, 2.0000E-01, 2.4667E+01,-1.3333E+00,
17:13:15.70634477, 2.0000E-01, 2.4800E+01,-1.2000E+00,
17:13:15.70634482, 2.0000E-01, 2.4733E+01,-9.3333E-01,
17:13:15.70634487, 2.3333E-01, 2.4733E+01,-1.0667E+00,
17:13:15.70634492, 3.3333E-01, 2.4667E+01,-8.0000E-01,
17:13:15.70634497, 2.0000E-01, 2.4800E+01,-8.0000E-01,
17:13:15.70634502, 2.3333E-01, 2.4800E+01,-1.3333E+00,
17:13:15.70634507, 1.6667E-01, 2.4867E+01,-9.3333E-01,
17:13:15.70634512, 2.3333E-01, 2.4800E+01,-8.0000E-01,
17:13:15.70634517, 1.6667E-01, 2.4933E+01,-6.6667E-01,
17:13:15.70634522, 2.0000E-01, 2.4933E+01,-8.0000E-01,
17:13:15.70634527, 2.0000E-01, 2.5000E+01,-9.3333E-01,
17:13:15.70634532, 2.0000E-01, 2.4867E+01,-5.3333E-01,
17:13:15.70634537, 2.0000E-01, 2.4800E+01,-4.0000E-01,
17:13:15.70634542, 2.0000E-01, 2.4800E+01,-2.6667E-01,
17:13:15.70634547, 2.0000E-01, 2.4733E+01,-5.3333E-01,
17:13:15.70634552, 2.0000E-01, 2.4800E+01,-1.3333E-01,
17:13:15.70634557, 2.6667E-01, 2.4800E+01,-2.6667E-01,
17:13:15.70634562, 2.3333E-01, 2.4800E+01, 0.0000E+00,
17:13:15.70634567, 2.3333E-01, 2.4667E+01, 2.6667E-01,
17:13:15.70634572, 2.0000E-01, 2.4800E+01, 2.6667E-01,
17:13:15.70634577, 2.0000E-01, 2.4667E+01, 4.0000E-01,
17:13:15.70634582, 1.6667E-01, 2.4800E+01, 6.6667E-01,
17:13:15.70634587, 2.0000E-01, 2.4667E+01, 5.3333E-01,
17:13:15.70634592, 2.0000E-01, 2.4733E+01, 2.6667E-01,
17:13:15.70634597, 1.6667E-01, 2.4800E+01, 6.6667E-01,
17:13:15.70634602, 2.3333E-01, 2.4733E+01, 5.3333E-01,
17:13:15.70634607, 2.3333E-01, 2.4733E+01, 6.6667E-01,
17:13:15.70634612, 2.3333E-01, 2.4800E+01, 6.6667E-01,
17:13:15.70634617, 2.0000E-01, 2.4867E+01, 8.0000E-01,
17:13:15.70634622, 2.3333E-01, 2.4800E+01, 8.0000E-01,
17:13:15.70634627, 2.0000E-01, 2.4867E+01, 9.3333E-01,
17:13:15.70634632, 2.0000E-01, 2.4800E+01, 1.2000E+00,
17:13:15.70634637, 2.3333E-01, 2.4800E+01, 1.4667E+00,
17:13:15.70634642, 2.0000E-01, 2.4867E+01, 1.2000E+00,
17:13:15.70634647, 1.6667E-01, 2.4800E+01, 1.0667E+00,
17:13:15.70634652, 2.3333E-01, 2.4667E+01, 1.2000E+00,
17:13:15.70634657, 2.0000E-01, 2.4800E+01, 1.6000E+00,
17:13:15.70634662, 2.0000E-01, 2.4867E+01, 1.4667E+00,
17:13:15.70634667, 2.0000E-01, 2.4733E+01, 1.3333E+00,
17:13:15.70634672, 1.3333E-01, 2.4867E+01, 1.7333E+00,
17:13:15.70634677, 2.0000E-01, 2.4667E+01, 2.0000E+00,
17:13:15.70634682, 2.0000E-01, 2.4733E+01, 1.6000E+00,
17:13:15.70634687, 2.3333E-01, 2.4800E+01, 2.1333E+00,
17:13:15.70634692, 2.0000E-01, 2.4800E+01, 2.1333E+00,
17:13:15.70634697, 2.3333E-01, 2.4733E+01, 1.8667E+00,
17:13:15.70634702, 2.3333E-01, 2.4800E+01, 1.4667E+00,
17:13:15.70634707, 2.3333E-01, 2.4867E+01, 2.0000E+00,
17:13:15.70634712, 2.3333E-01, 2.4733E+01, 2.0000E+00,
17:13:15.70634717, 1.6667E-01, 2.4800E+01, 2.2667E+00,
17:13:15.70634722, 2.3333E-01, 2.4733E+01, 2.0000E+00,
17:13:15.70634727, 2.0000E-01, 2.4933E+01, 2.4000E+00,
17:13:15.70634732, 2.0000E-01, 2.4867E+01, 2.5333E+00,
17:13:15.70634737, 2.0000E-01, 2.4933E+01, 2.4000E+00,
17:13:15.70634742, 2.0000E-01, 2.5000E+01, 2.4000E+00,
17:13:15.70634747, 1.3333E-01, 2.5067E+01, 2.6667E+00,
17:13:15.70634752, 2.0000E-01, 2.4933E+01, 2.5333E+00,
17:13:15.70634757, 2.6667E-01, 2.4867E+01, 2.0000E+00,
17:13:15.70634762, 1.6667E-01, 2.5067E+01, 2.2667E+00,
17:13:15.70634767, 2.0000E-01, 2.5000E+01, 2.4000E+00,
17:13:15.70634772, 2.0000E-01, 2.4867E+01, 2.9333E+00,
17:13:15.70634777, 2.0000E-01, 2.4867E+01, 2.8000E+00,
17:13:15.70634782, 1.6667E-01, 2.4933E+01, 3.0667E+00,
17:13:15.70634787, 1.6667E-01, 2.4867E+01, 2.6667E+00,
17:13:15.70634792, 2.0000E-01, 2.4933E+01, 2.6667E+00,
17:13:15.70634797, 2.0000E-01, 2.5067E+01, 2.8000E+00,
17:13:15.70634802, 2.3333E-01, 2.4933E+01, 2.5333E+00,
17:13:15.70634807, 2.3333E-01, 2.4933E+01, 2.9333E+00,
17:13:15.70634812, 2.0000E-01, 2.4933E+01, 2.8000E+00,
17:13:15.70634817, 1.6667E-01, 2.4800E+01, 2.5333E+00,
17:13:15.70634822, 1.6667E-01, 2.4933E+01, 3.2000E+00,
17:13:15.70634827, 1.6667E-01, 2.4867E+01, 2.8000E+00,
17:13:15.70634832, 2.0000E-01, 2.5067E+01, 3.2000E+00,
17:13:15.70634837, 2.0000E-01, 2.5000E+01, 2.9333E+00,
17:13:15.70634842, 2.0000E-01, 2.4933E+01, 2.9333E+00,
17:13:15.70634847, 2.0000E-01, 2.4867E+01, 2.8000E+00,
17:13:15.70634852, 2.0000E-01, 2.4933E+01, 3.0667E+00,
17:13:15.70634857, 1.6667E-01, 2.5000E+01, 3.2000E+00,
17:13:15.70634862, 2.0000E-01, 2.5000E+01, 3.2000E+00,
17:13:15.70634867, 2.0000E-01, 2.5067E+01, 3.0667E+00,
17:13:15.70634872, 1.6667E-01, 2.5067E+01, 2.9333E+00,
17:13:15.70634877, 1.6667E-01, 2.5067E+01, 2.9333E+00,
17:13:15.70634882, 2.0000E-01, 2.5067E+01, 2.8000E+00,
17:13:15.70634887, 2.3333E-01, 2.5067E+01, 3.0667E+00,
17:13:15.70634892, 1.3333E-01, 2.5067E+01, 2.8000E+00,
17:13:15.70634897, 2.0000E-01, 2.5067E+01, 2.6667E+00,
17:13:15.70634902, 2.0000E-01, 2.5000E+01, 3.0667E+00,
17:13:15.70634907, 1.6667E-01, 2.5067E+01, 2.9333E+00,
17:13:15.70634912, 3.0000E-01, 2.4933E+01, 3.0667E+00,
17:13:15.70634917, 2.0000E-01, 2.5067E+01, 2.9333E+00,
17:13:15.70634922, 2.0000E-01, 2.5067E+01, 2.4000E+00,
17:13:15.70634927, 1.6667E-01, 2.5067E+01, 3.0667E+00,
17:13:15.70634932, 2.0000E-01, 2.5067E+01, 2.6667E+00,
17:13:15.70634937, 2.0000E-01, 2.5133E+01, 2.9333E+00,
17:13:15.70634942, 2.6667E-01, 2.5067E+01, 2.9333E+00,
17:13:15.70634947, 1.6667E-01, 2.5000E+01, 2.8000E+00,
17:13:15.70634952, 2.6667E-01, 2.5067E+01, 2.9333E+00,
17:13:15.70634957, 2.6667E-01, 2.5067E+01, 2.6667E+00,
17:13:15.70634962, 2.0000E-01, 2.5267E+01, 2.6667E+00,
17:13:15.70634967, 2.0000E-01, 2.5067E+01, 2.4000E+00,
17:13:15.70634972, 1.6667E-01, 2.5067E+01, 2.4000E+00,
17:13:15.70634977, 2.0000E-01, 2.5067E+01, 2.5333E+00,
17:13:15.70634982, 2.0000E-01, 2.5133E+01, 2.8000E+00,
17:13:15.70634987, 2.0000E-01, 2.5067E+01, 2.5333E+00,
17:13:15.70634992, 2.0000E-01, 2.5067E+01, 2.5333E+00,
17:13:15.70634997, 2.0000E-01, 2.5267E+01, 2.2667E+00,
17:13:15.70635002, 2.3333E-01, 2.5133E+01, 2.5333E+00,
17:13:15.70635007, 2.0000E-01, 2.5133E+01, 2.4000E+00,
17:13:15.70635012, 2.0000E-01, 2.5067E+01, 2.5333E+00,
17:13:15.70635017, 2.0000E-01, 2.5067E+01, 2.2667E+00,
17:13:15.70635022, 1.6667E-01, 2.5200E+01, 2.1333E+00,
17:13:15.70635027, 2.0000E-01, 2.5067E+01, 2.6667E+00,
17:13:15.70635032, 2.3333E-01, 2.5067E+01, 2.5333E+00,
17:13:15.70635037, 2.0000E-01, 2.5067E+01, 2.4000E+00,
17:13:15.70635042, 2.3333E-01, 2.5200E+01, 2.1333E+00,
17:13:15.70635047, 2.0000E-01, 2.5067E+01, 2.2667E+00,
17:13:15.70635052, 1.3333E-01, 2.5133E+01, 2.1333E+00,
17:13:15.70635057, 2.0000E-01, 2.5067E+01, 2.0000E+00,
17:13:15.70635062, 2.0000E-01, 2.5000E+01, 2.0000E+00,
17:13:15.70635067, 2.0000E-01, 2.5067E+01, 2.2667E+00,
17:13:15.70635072, 2.0000E-01, 2.5267E+01, 2.0000E+00,
17:13:15.70635077, 1.6667E-01, 2.5067E+01, 2.1333E+00,
17:13:15.70635082, 2.0000E-01, 2.5067E+01, 2.0000E+00,
17:13:15.70635087, 2.0000E-01, 2.5067E+01, 2.0000E+00,
17:13:15.70635092, 2.0000E-01, 2.5267E+01, 2.0000E+00,
17:13:15.70635097, 2.0000E-01, 2.5067E+01, 2.0000E+00,
17:13:15.70635102, 3.0000E-01, 2.5067E+01, 1.8667E+00,
17:13:15.70635107, 2.0000E-01, 2.5067E+01, 1.8667E+00,
17:13:15.70635112, 1.6667E-01, 2.5200E+01, 1.8667E+00,
17:13:15.70635117, 1.6667E-01, 2.5133E+01, 1.7333E+00,
17:13:15.70635122, 2.0000E-01, 2.5067E+01, 2.0000E+00,
17:13:15.70635127, 1.0000E-01, 2.5067E+01, 1.8667E+00,
17:13:15.70635132, 2.0000E-01, 2.5067E+01, 1.2000E+00,
17:13:15.70635137, 1.3333E-01, 2.5067E+01, 1.4667E+00,
17:13:15.70635142, 2.0000E-01, 2.5067E+01, 1.3333E+00,
17:13:15.70635147, 2.0000E-01, 2.5133E+01, 1.2000E+00,
17:13:15.70635152, 2.0000E-01, 2.5067E+01, 1.4667E+00,
17:13:15.70635157, 2.0000E-01, 2.5000E+01, 1.3333E+00,
17:13:15.70635162, 2.0000E-01, 2.5200E+01, 1.2000E+00,
17:13:15.70635167, 2.0000E-01, 2.5067E+01, 1.2000E+00,
17:13:15.70635172, 2.0000E-01, 2.5067E+01, 1.3333E+00,
17:13:15.70635177, 2.0000E-01, 2.5200E+01, 1.0667E+00,
17:13:15.70635182, 2.0000E-01, 2.5333E+01, 1.4667E+00,
17:13:15.70635187, 2.0000E-01, 2.5200E+01, 9.3333E-01,
17:13:15.70635192, 1.6667E-01, 2.5133E+01, 1.0667E+00,
17:13:15.70635197, 1.6667E-01, 2.5067E+01, 1.3333E+00,
17:13:15.70635202, 1.3333E-01, 2.5133E+01, 1.0667E+00,
17:13:15.70635207, 2.0000E-01, 2.5133E+01, 1.0667E+00,
17:13:15.70635212, 2.0000E-01, 2.5267E+01, 9.3333E-01,
17:13:15.70635217, 2.0000E-01, 2.5133E+01, 9.3333E-01,
17:13:15.70635222, 2.0000E-01, 2.5133E+01, 1.0667E+00,
17:13:15.70635227, 2.0000E-01, 2.5267E+01, 9.3333E-01,
17:13:15.70635232, 2.0000E-01, 2.5133E+01, 9.3333E-01,
17:13:15.70635237, 2.0000E-01, 2.5067E+01, 9.3333E-01,
17:13:15.70635242, 1.6667E-01, 2.5000E+01, 8.0000E-01,
17:13:15.70635247, 1.6667E-01, 2.5200E+01, 9.3333E-01,
17:13:15.70635252, 1.6667E-01, 2.5133E+01, 8.0000E-01,
17:13:15.70635257, 2.0000E-01, 2.5133E+01, 8.0000E-01,
17:13:15.70635262, 1.6667E-01, 2.5067E+01, 9.3333E-01,
17:13:15.70635267, 2.0000E-01, 2.5200E+01, 8.0000E-01,
17:13:15.70635272, 2.0000E-01, 2.5067E+01, 8.0000E-01,
17:13:15.70635277, 2.0000E-01, 2.5133E+01, 6.6667E-01,
17:13:15.70635282, 1.6667E-01, 2.5067E+01, 5.3333E-01,
17:13:15.70635287, 2.6667E-01, 2.5000E+01, 6.6667E-01,
17:13:15.70635292, 1.3333E-01, 2.5133E+01, 6.6667E-01,
17:13:15.70635297, 2.0000E-01, 2.4933E+01, 6.6667E-01,
17:13:15.70635302, 2.0000E-01, 2.5200E+01, 6.6667E-01,
17:13:15.70635307, 1.6667E-01, 2.5067E+01, 9.3333E-01,
17:13:15.70635312, 2.0000E-01, 2.5133E+01, 8.0000E-01,
17:13:15.70635317, 2.0000E-01, 2.5067E+01, 6.6667E-01,
17:13:15.70635322, 2.0000E-01, 2.5067E+01, 4.0000E-01,
17:13:15.70635327, 1.3333E-01, 2.5000E+01, 6.6667E-01,
17:13:15.70635332, 2.0000E-01, 2.5067E+01, 5.3333E-01,
17:13:15.70635337, 2.0000E-01, 2.5067E+01, 8.0000E-01,
17:13:15.70635342, 2.0000E-01, 2.5133E+01, 5.3333E-01,
17:13:15.70635347, 1.6667E-01, 2.5133E+01, 5.3333E-01,
17:13:15.70635352, 2.0000E-01, 2.5000E+01, 5.3333E-01,
17:13:15.70635357, 1.6667E-01, 2.5000E+01, 6.6667E-01,
17:13:15.70635362, 2.0000E-01, 2.5067E+01, 6.6667E-01,
17:13:15.70635367, 1.6667E-01, 2.5067E+01, 2.6667E-01,
17:13:15.70635372, 2.0000E-01, 2.5067E+01, 6.6667E-01,
17:13:15.70635377, 2.3333E-01, 2.5000E+01, 6.6667E-01,
17:13:15.70635382, 2.0000E-01, 2.5000E+01, 6.6667E-01,
17:13:15.70635387, 2.0000E-01, 2.5000E+01, 5.3333E-01,
17:13:15.70635392, 1.6667E-01, 2.5000E+01, 6.6667E-01,
17:13:15.70635397, 1.6667E-01, 2.5000E+01, 5.3333E-01,
17:13:15.70635402, 2.3333E-01, 2.5067E+01, 6.6667E-01,
17:13:15.70635407, 2.0000E-01, 2.5067E+01, 6.6667E-01,
17:13:15.70635412, 2.0000E-01, 2.5000E+01, 8.0000E-01,
17:13:15.70635417, 2.0000E-01, 2.4933E+01, 6.6667E-01,
17:13:15.70635422, 2.0000E-01, 2.4867E+01, 6.6667E-01,
17:13:15.70635427, 2.0000E-01, 2.5000E+01, 2.6667E-01,
17:13:15.70635432, 2.0000E-01, 2.5000E+01, 6.6667E-01,
17:13:15.70635437, 2.0000E-01, 2.5000E+01, 5.3333E-01,
17:13:15.70635442, 1.6667E-01, 2.5067E+01, 5.3333E-01,
17:13:15.70635447, 1.6667E-01, 2.5000E+01, 2.6667E-01,
17:13:15.70635452, 1.6667E-01, 2.5067E+01, 6.6667E-01,
17:13:15.70635457, 2.0000E-01, 2.4800E+01, 5.3333E-01,
17:13:15.70635462, 2.3333E-01, 2.4933E+01, 6.6667E-01,
17:13:15.70635467, 2.0000E-01, 2.5000E+01, 6.6667E-01,
17:13:15.70635472, 6.6667E-02, 2.5067E+01, 9.3333E-01,
17:13:15.70635477, 2.0000E-01, 2.5000E+01, 6.6667E-01,
17:13:15.70635482, 2.0000E-01, 2.5067E+01, 8.0000E-01,
17:13:15.70635487, 1.6667E-01, 2.4933E+01, 4.0000E-01,
17:13:15.70635492, 1.3333E-01, 2.5000E+01, 6.6667E-01,
17:13:15.70635497, 1.6667E-01, 2.5067E+01, 6.6667E-01,
17:13:15.70635502, 1.3333E-01, 2.5000E+01, 5.3333E-01,
17:13:15.70635507, 1.3333E-01, 2.5000E+01, 6.6667E-01,
17:13:15.70635512, 1.6667E-01, 2.5067E+01, 6.6667E-01,
17:13:15.70635517, 1.6667E-01, 2.4933E+01, 6.6667E-01,
17:13:15.70635522, 1.6667E-01, 2.5000E+01, 8.0000E-01,
17:13:15.70635527, 2.3333E-01, 2.4800E+01, 6.6667E-01,
17:13:15.70635532, 2.0000E-01, 2.5000E+01, 6.6667E-01,
17:13:15.70635537, 1.0000E-01, 2.5000E+01, 5.3333E-01,
17:13:15.70635542, 2.0000E-01, 2.5000E+01, 8.0000E-01,
17:13:15.70635547, 1.6667E-01, 2.5067E+01, 6.6667E-01,
17:13:15.70635552, 1.3333E-01, 2.5067E+01, 6.6667E-01,
17:13:15.70635557, 2.0000E-01, 2.5067E+01, 8.0000E-01,
17:13:15.70635562, 1.6667E-01, 2.5067E+01, 8.0000E-01,
17:13:15.70635567, 2.0000E-01, 2.5000E+01, 1.0667E+00,
17:13:15.70635572, 1.3333E-01, 2.5067E+01, 1.2000E+00,
17:13:15.70635577, 1.0000E-01, 2.4933E+01, 9.3333E-01,
17:13:15.70635582, 2.0000E-01, 2.4933E+01, 1.0667E+00,
17:13:15.70635587, 1.6667E-01, 2.4933E+01, 8.0000E-01,
17:13:15.70635592, 1.6667E-01, 2.4933E+01, 9.3333E-01,
17:13:15.70635597, 1.6667E-01, 2.4933E+01, 1.0667E+00,
17:13:15.70635602, 1.0000E-01, 2.5000E+01, 1.2000E+00,
17:13:15.70635607, 1.6667E-01, 2.4867E+01, 1.2000E+00,
17:13:15.70635612, 1.3333E-01, 2.5067E+01, 1.3333E+00,
17:13:15.70635617, 1.0000E-01, 2.5067E+01, 8.0000E-01,
17:13:15.70635622, 2.0000E-01, 2.5067E+01, 9.3333E-01,
17:13:15.70635627, 1.3333E-01, 2.5000E+01, 1.0667E+00,
17:13:15.70635632, 1.3333E-01, 2.5000E+01, 1.2000E+00,
17:13:15.70635637, 2.0000E-01, 2.5067E+01, 8.0000E-01,
17:13:15.70635642, 1.3333E-01, 2.4933E+01, 1.2000E+00,
17:13:15.70635647, 2.0000E-01, 2.4933E+01, 1.3333E+00,
17:13:15.70635652, 2.0000E-01, 2.5067E+01, 1.4667E+00,
17:13:15.70635657, 1.0000E-01, 2.4867E+01, 1.0667E+00,
17:13:15.70635662, 2.0000E-01, 2.4933E+01, 1.0667E+00,
17:13:15.70635667, 2.0000E-01, 2.4867E+01, 1.2000E+00,
17:13:15.70635672, 1.0000E-01, 2.4733E+01, 1.3333E+00,
17:13:15.70635677, 1.6667E-01, 2.4933E+01, 1.2000E+00,
17:13:15.70635682, 1.0000E-01, 2.4867E+01, 9.3333E-01,
17:13:15.70635687, 2.0000E-01, 2.5000E+01, 1.3333E+00,
17:13:15.70635692, 1.0000E-01, 2.4867E+01, 1.0667E+00,
17:13:15.70635697, 1.6667E-01, 2.5067E+01, 1.2000E+00,
17:13:15.70635702, 2.0000E-01, 2.5000E+01, 1.2000E+00,
17:13:15.70635707, 1.6667E-01, 2.5000E+01, 1.3333E+00,
17:13:15.70635712, 1.0000E-01, 2.4867E+01, 1.4667E+00,
17:13:15.70635717, 1.6667E-01, 2.5000E+01, 1.3333E+00,
17:13:15.70635722, 1.6667E-01, 2.4933E+01, 1.2000E+00,
17:13:15.70635727, 2.0000E-01, 2.4867E+01, 1.3333E+00,
17:13:15.70635732, 1.0000E-01, 2.5067E+01, 1.4667E+00,
17:13:15.70635737, 2.0000E-01, 2.5067E+01, 1.4667E+00,
17:13:15.70635742, 1.6667E-01, 2.4867E+01, 1.3333E+00,
17:13:15.70635747, 1.3333E-01, 2.4867E+01, 1.4667E+00,
17:13:15.70635752, 1.6667E-01, 2.5067E+01, 1.4667E+00,
17:13:15.70635757, 2.0000E-01, 2.5000E+01, 1.3333E+00,
17:13:15.70635762, 1.3333E-01, 2.5000E+01, 1.6000E+00,
17:13:15.70635767, 1.0000E-01, 2.5067E+01, 1.6000E+00,
17:13:15.70635772, 1.6667E-01, 2.4933E+01, 1.3333E+00,
17:13:15.70635777, 1.6667E-01, 2.4933E+01, 1.6000E+00,
17:13:15.70635782, 2.0000E-01, 2.5000E+01, 1.4667E+00,
17:13:15.70635787, 1.6667E-01, 2.4933E+01, 1.4667E+00,
17:13:15.70635792, 1.6667E-01, 2.4867E+01, 1.4667E+00,
17:13:15.70635797, 1.6667E-01, 2.5000E+01, 1.6000E+00,
17:13:15.70635802, 1.3333E-01, 2.5133E+01, 1.3333E+00,
17:13:15.70635807, 2.0000E-01, 2.5067E+01, 1.6000E+00,
17:13:15.70635812, 1.3333E-01, 2.4933E+01, 2.0000E+00,
17:13:15.70635817, 2.0000E-01, 2.5000E+01, 1.4667E+00,
17:13:15.70635822, 1.3333E-01, 2.4933E+01, 1.4667E+00,
17:13:15.70635827, 1.3333E-01, 2.5000E+01, 1.4667E+00,
17:13:15.70635832, 1.0000E-01, 2.4933E+01, 1.6000E+00,
17:13:15.70635837, 2.3333E-01, 2.5067E+01, 1.6000E+00,
17:13:15.70635842, 1.6667E-01, 2.4933E+01, 1.6000E+00,
17:13:15.70635847, 1.3333E-01, 2.5000E+01, 1.4667E+00,
17:13:15.70635852, 1.3333E-01, 2.5067E+01, 1.7333E+00,
17:13:15.70635857, 1.6667E-01, 2.4933E+01, 1.4667E+00,
17:13:15.70635862, 1.3333E-01, 2.5000E+01, 1.8667E+00,
17:13:15.70635867, 1.6667E-01, 2.4867E+01, 2.0000E+00,
17:13:15.70635872, 1.3333E-01, 2.4867E+01, 1.6000E+00,
17:13:15.70635877, 1.3333E-01, 2.5067E+01, 1.3333E+00,
17:13:15.70635882, 1.6667E-01, 2.5067E+01, 1.4667E+00,
17:13:15.70635887, 2.0000E-01, 2.5067E+01, 2.0000E+00,
17:13:15.70635892, 1.3333E-01, 2.5000E+01, 1.4667E+00,
17:13:15.70635897, 1.6667E-01, 2.5067E+01, 1.8667E+00,
17:13:15.70635902, 2.0000E-01, 2.5000E+01, 1.7333E+00,
17:13:15.70635907, 1.6667E-01, 2.5000E+01, 1.8667E+00,
17:13:15.70635912, 1.6667E-01, 2.5067E+01, 1.4667E+00,
17:13:15.70635917, 1.6667E-01, 2.4867E+01, 1.8667E+00,
17:13:15.70635922, 1.3333E-01, 2.4933E+01, 1.6000E+00,
17:13:15.70635927, 1.6667E-01, 2.5133E+01, 1.6000E+00,
17:13:15.70635932, 1.6667E-01, 2.4867E+01, 1.6000E+00,
17:13:15.70635937, 1.3333E-01, 2.5067E+01, 1.4667E+00,
17:13:15.70635942, 1.6667E-01, 2.5000E+01, 1.8667E+00,
17:13:15.70635947, 1.3333E-01, 2.5067E+01, 1.7333E+00,
17:13:15.70635952, 1.6667E-01, 2.5067E+01, 1.7333E+00,
17:13:15.70635957, 2.0000E-01, 2.5000E+01, 1.7333E+00,
17:13:15.70635962, 2.0000E-01, 2.5067E+01, 1.8667E+00,
17:13:15.70635967, 1.3333E-01, 2.4933E+01, 2.0000E+00,
17:13:15.70635972, 1.6667E-01, 2.4933E+01, 1.4667E+00,
17:13:15.70635977, 1.3333E-01, 2.5067E+01, 1.4667E+00,
17:13:15.70635982, 1.6667E-01, 2.5000E+01, 1.6000E+00,
17:13:15.70635987, 1.6667E-01, 2.4933E+01, 1.6000E+00,
17:13:15.70635992, 1.0000E-01, 2.5000E+01, 1.4667E+00,
17:13:15.70635997, 1.6667E-01, 2.5067E+01, 1.6000E+00,
17:13:15.70636002, 2.0000E-01, 2.5000E+01, 1.7333E+00,
17:13:15.70636007, 1.6667E-01, 2.5200E+01, 1.7333E+00,
17:13:15.70636012, 1.6667E-01, 2.4933E+01, 1.7333E+00,
17:13:15.70636017, 1.6667E-01, 2.5067E+01, 1.0667E+00,
17:13:15.70636022, 1.6667E-01, 2.5000E+01, 1.4667E+00,
17:13:15.70636027, 1.6667E-01, 2.5067E+01, 1.6000E+00,
17:13:15.70636032, 1.3333E-01, 2.4933E+01, 1.8667E+00,
17:13:15.70636037, 1.6667E-01, 2.4933E+01, 1.4667E+00,
17:13:15.70636042, 2.0000E-01, 2.5000E+01, 1.7333E+00,
17:13:15.70636047, 1.6667E-01, 2.4867E+01, 1.4667E+00,
17:13:15.70636052, 1.6667E-01, 2.5000E+01, 1.6000E+00,
17:13:15.70636057, 2.0000E-01, 2.5067E+01, 1.4667E+00,
17:13:15.70636062, 6.6667E-02, 2.5067E+01, 1.6000E+00,
17:13:15.70636067, 1.3333E-01, 2.5067E+01, 1.3333E+00,
17:13:15.70636072, 1.6667E-01, 2.5067E+01, 1.4667E+00,
17:13:15.70636077, 1.0000E-01, 2.5067E+01, 1.4667E+00,
17:13:15.70636082, 2.0000E-01, 2.5000E+01, 1.3333E+00,
17:13:15.70636087, 1.0000E-01, 2.5067E+01, 1.4667E+00,
17:13:15.70636092, 1.6667E-01, 2.5067E+01, 1.3333E+00,
17:13:15.70636097, 1.6667E-01, 2.5133E+01, 1.4667E+00,
17:13:15.70636102, 1.3333E-01, 2.5067E+01, 1.4667E+00,
17:13:15.70636107, 1.3333E-01, 2.5000E+01, 1.0667E+00,
17:13:15.70636112, 1.3333E-01, 2.5067E+01, 1.3333E+00,
17:13:15.70636117, 1.0000E-01, 2.5067E+01, 9.3333E-01,
17:13:15.70636122, 2.0000E-01, 2.5133E+01, 1.4667E+00,
17:13:15.70636127, 1.3333E-01, 2.5067E+01, 1.3333E+00,
17:13:15.70636132, 1.3333E-01, 2.4867E+01, 1.3333E+00,
17:13:15.70636137, 1.3333E-01, 2.5067E+01, 1.3333E+00,
17:13:15.70636142, 1.3333E-01, 2.5000E+01, 1.3333E+00,
17:13:15.70636147, 1.3333E-01, 2.5067E+01, 1.4667E+00,
17:13:15.70636152, 1.3333E-01, 2.5000E+01, 1.3333E+00,
17:13:15.70636157, 1.3333E-01, 2.5200E+01, 1.4667E+00,
17:13:15.70636162, 1.0000E-01, 2.5000E+01, 1.3333E+00,
17:13:15.70636167, 1.6667E-01, 2.5000E+01, 1.2000E+00,
17:13:15.70636172, 1.6667E-01, 2.5000E+01, 1.3333E+00,
17:13:15.70636177, 1.0000E-01, 2.5000E+01, 1.2000E+00,
17:13:15.70636182, 1.0000E-01, 2.5000E+01, 1.4667E+00,
17:13:15.70636187, 1.6667E-01, 2.4933E+01, 1.0667E+00,
17:13:15.70636192, 1.6667E-01, 2.5067E+01, 1.0667E+00,
17:13:15.70636197, 1.0000E-01, 2.5067E+01, 1.2000E+00,
17:13:15.70636202, 1.3333E-01, 2.5067E+01, 1.3333E+00,
17:13:15.70636207, 6.6667E-02, 2.4933E+01, 1.0667E+00,
17:13:15.70636212, 1.6667E-01, 2.4933E+01, 1.3333E+00,
17:13:15.70636217, 1.0000E-01, 2.4867E+01, 1.2000E+00,
17:13:15.70636222, 1.6667E-01, 2.5000E+01, 1.2000E+00,
17:13:15.70636227, 1.3333E-01, 2.5000E+01, 1.2000E+00,
17:13:15.70636232, 1.6667E-01, 2.5067E+01, 1.4667E+00,
17:13:15.70636237, 2.0000E-01, 2.4933E+01, 1.0667E+00,
17:13:15.70636242, 1.3333E-01, 2.5067E+01, 1.3333E+00,
17:13:15.70636247, 1.3333E-01, 2.5067E+01, 1.2000E+00,
17:13:15.70636252, 1.3333E-01, 2.5000E+01, 1.2000E+00,
17:13:15.70636257, 1.6667E-01, 2.5067E+01, 1.2000E+00,
17:13:15.70636262, 6.6667E-02, 2.5067E+01, 1.3333E+00,
17:13:15.70636267, 1.6667E-01, 2.5067E+01, 1.2000E+00,
17:13:15.70636272, 1.6667E-01, 2.5000E+01, 1.4667E+00,
17:13:15.70636277, 1.3333E-01, 2.4933E+01, 1.2000E+00,
17:13:15.70636282, 1.0000E-01, 2.5000E+01, 1.3333E+00,
17:13:15.70636287, 1.3333E-01, 2.5067E+01, 1.4667E+00,
17:13:15.70636292, 1.6667E-01, 2.5000E+01, 1.0667E+00,
17:13:15.70636297, 1.6667E-01, 2.4933E+01, 9.3333E-01,
17:13:15.70636302, 2.0000E-01, 2.5000E+01, 1.0667E+00,
17:13:15.70636307, 6.6667E-02, 2.4867E+01, 1.6000E+00,
17:13:15.70636312, 1.6667E-01, 2.4933E+01, 1.0667E+00,
17:13:15.70636317, 2.0000E-01, 2.4933E+01, 6.6667E-01,
17:13:15.70636322, 1.3333E-01, 2.5000E+01, 1.0667E+00,
17:13:15.70636327, 1.3333E-01, 2.5000E+01, 1.0667E+00,
17:13:15.70636332, 1.6667E-01, 2.5000E+01, 1.3333E+00,
17:13:15.70636337, 1.6667E-01, 2.5000E+01, 1.0667E+00,
17:13:15.70636342, 2.0000E-01, 2.5067E+01, 1.0667E+00,
17:13:15.70636347, 1.6667E-01, 2.5067E+01, 1.2000E+00,
17:13:15.70636352, 1.6667E-01, 2.5000E+01, 1.0667E+00,
17:13:15.70636357, 1.3333E-01, 2.5000E+01, 1.0667E+00,
17:13:15.70636362, 2.0000E-01, 2.5000E+01, 9.3333E-01,
17:13:15.70636367, 1.0000E-01, 2.5067E+01, 1.0667E+00,
17:13:15.70636372, 2.0000E-01, 2.5000E+01, 9.3333E-01,
17:13:15.70636377, 1.3333E-01, 2.4933E+01, 9.3333E-01,
17:13:15.70636382, 1.6667E-01, 2.5067E+01, 1.2000E+00,
17:13:15.70636387, 1.6667E-01, 2.5067E+01, 1.2000E+00,
17:13:15.70636392, 1.6667E-01, 2.5067E+01, 1.2000E+00,
17:13:15.70636397, 1.6667E-01, 2.5000E+01, 1.3333E+00,
17:13:15.70636402, 1.0000E-01, 2.5067E+01, 8.0000E-01,
17:13:15.70636407, 1.6667E-01, 2.4933E+01, 1.3333E+00,
17:13:15.70636412, 1.0000E-01, 2.4867E+01, 1.0667E+00,
17:13:15.70636417, 1.6667E-01, 2.4933E+01, 1.2000E+00,
17:13:15.70636422, 1.3333E-01, 2.5000E+01, 1.2000E+00,
17:13:15.70636427, 1.6667E-01, 2.4933E+01, 1.2000E+00,
17:13:15.70636432, 1.3333E-01, 2.5067E+01, 9.3333E-01,
17:13:15.70636437, 1.0000E-01, 2.5067E+01, 1.3333E+00,
17:13:15.70636442, 2.0000E-01, 2.5000E+01, 1.2000E+00,
17:13:15.70636447, 1.6667E-01, 2.5067E+01, 1.0667E+00,
17:13:15.70636452, 1.0000E-01, 2.4867E+01, 6.6667E-01,
17:13:15.70636457, 1.3333E-01, 2.5067E+01, 9.3333E-01,
17:13:15.70636462, 1.0000E-01, 2.5067E+01, 1.3333E+00,
17:13:15.70636467, 1.0000E-01, 2.4933E+01, 1.0667E+00,
17:13:15.70636472, 2.0000E-01, 2.5067E+01, 1.0667E+00,
17:13:15.70636477, 1.3333E-01, 2.5067E+01, 1.0667E+00,
17:13:15.70636482, 1.6667E-01, 2.5000E+01, 1.0667E+00,
17:13:15.70636487, 1.0000E-01, 2.5067E+01, 1.3333E+00,
17:13:15.70636492, 1.6667E-01, 2.4933E+01, 9.3333E-01,
17:13:15.70636497, 1.6667E-01, 2.4867E+01, 1.0667E+00,
17:13:15.70636502, 1.0000E-01, 2.5000E+01, 9.3333E-01,
17:13:15.70636507, 6.6667E-02, 2.5000E+01, 1.3333E+00,
17:13:15.70636512, 6.6667E-02, 2.5067E+01, 1.2000E+00,
17:13:15.70636517, 1.6667E-01, 2.5000E+01, 1.2000E+00,
17:13:15.70636522, 1.0000E-01, 2.4867E+01, 1.2000E+00,
17:13:15.70636527, 1.6667E-01, 2.5067E+01, 8.0000E-01,
17:13:15.70636532, 1.3333E-01, 2.4933E+01, 1.2000E+00,
17:13:15.70636537, 2.0000E-01, 2.5067E+01, 1.0667E+00,
17:13:15.70636542, 1.0000E-01, 2.4933E+01, 1.2000E+00,
17:13:15.70636547, 1.0000E-01, 2.5000E+01, 1.2000E+00,
17:13:15.70636552, 1.6667E-01, 2.5067E+01, 1.0667E+00,
17:13:15.70636557, 1.3333E-01, 2.4933E+01, 1.0667E+00,
17:13:15.70636562, 1.3333E-01, 2.4933E+01, 1.3333E+00,
17:13:15.70636567, 1.0000E-01, 2.5000E+01, 6.6667E-01,
17:13:15.70636572, 1.0000E-01, 2.5000E+01, 9.3333E-01,
17:13:15.70636577, 1.3333E-01, 2.5067E+01, 1.2000E+00,
17:13:15.70636582, 1.3333E-01, 2.4933E+01, 1.3333E+00,
17:13:15.70636587, 1.3333E-01, 2.5000E+01, 9.3333E-01,
17:13:15.70636592, 1.6667E-01, 2.5067E+01, 1.2000E+00,
17:13:15.70636597, 1.0000E-01, 2.5000E+01, 1.0667E+00,
17:13:15.70636602, 1.6667E-01, 2.5067E+01, 1.0667E+00,
17:13:15.70636607, 6.6667E-02, 2.5067E+01, 1.0667E+00,
17:13:15.70636612, 1.6667E-01, 2.4933E+01, 1.0667E+00,
17:13:15.70636617, 1.3333E-01, 2.5000E+01, 1.2000E+00,
17:13:15.70636622, 1.0000E-01, 2.4933E+01, 1.3333E+00,
17:13:15.70636627, 1.0000E-01, 2.5000E+01, 1.0667E+00,
17:13:15.70636632, 1.0000E-01, 2.5067E+01, 1.3333E+00,
17:13:15.70636637, 1.6667E-01, 2.5067E+01, 1.3333E+00,
17:13:15.70636642, 1.3333E-01, 2.5067E+01, 1.2000E+00,
17:13:15.70636647, 1.3333E-01, 2.5000E+01, 1.3333E+00,
17:13:15.70636652, 1.3333E-01, 2.4933E+01, 9.3333E-01,
17:13:15.70636657, 3.3333E-02, 2.4933E+01, 9.3333E-01,
17:13:15.70636662, 1.0000E-01, 2.5000E+01, 1.3333E+00,
17:13:15.70636667, 6.6667E-02, 2.5067E+01, 1.3333E+00,
17:13:15.70636672, 1.3333E-01, 2.4933E+01, 1.0667E+00,
17:13:15.70636677, 1.6667E-01, 2.5000E+01, 1.2000E+00,
17:13:15.70636682, 2.0000E-01, 2.4933E+01, 1.2000E+00,
17:13:15.70636687, 1.3333E-01, 2.5067E+01, 9.3333E-01,
17:13:15.70636692, 3.3333E-02, 2.5067E+01, 1.2000E+00,
17:13:15.70636697, 1.3333E-01, 2.5067E+01, 1.2000E+00,
17:13:15.70636702, 1.3333E-01, 2.4933E+01, 1.2000E+00,
17:13:15.70636707, 1.3333E-01, 2.4933E+01, 1.0667E+00,
17:13:15.70636712, 1.6667E-01, 2.4933E+01, 1.2000E+00,
17:13:15.70636717, 1.6667E-01, 2.5067E+01, 1.3333E+00,
17:13:15.70636722, 1.3333E-01, 2.5000E+01, 1.2000E+00,
17:13:15.70636727, 1.3333E-01, 2.5000E+01, 1.3333E+00,
17:13:15.70636732, 1.0000E-01, 2.5000E+01, 1.3333E+00,
17:13:15.70636737, 1.6667E-01, 2.4933E+01, 1.0667E+00,
17:13:15.70636742, 1.6667E-01, 2.4867E+01, 1.4667E+00,
17:13:15.70636747, 1.0000E-01, 2.4933E+01, 8.0000E-01,
17:13:15.70636752, 6.6667E-02, 2.5067E+01, 1.0667E+00,
17:13:15.70636757, 1.3333E-01, 2.5000E+01, 1.3333E+00,
17:13:15.70636762, 1.3333E-01, 2.5067E+01, 1.0667E+00,
17:13:15.70636767, 1.6667E-01, 2.5067E+01, 1.3333E+00,
17:13:15.70636772, 1.3333E-01, 2.5067E+01, 1.2000E+00,
17:13:15.70636777, 1.3333E-01, 2.5000E+01, 1.2000E+00,
17:13:15.70636782, 1.0000E-01, 2.5067E+01, 1.2000E+00,
17:13:15.70636787, 1.3333E-01, 2.5000E+01, 1.2000E+00,
17:13:15.70636792, 1.0000E-01, 2.5000E+01, 1.2000E+00,
17:13:15.70636797, 1.0000E-01, 2.5000E+01, 1.3333E+00,
17:13:15.70636802, 1.3333E-01, 2.5000E+01, 1.3333E+00,
17:13:15.70636807, 1.3333E-01, 2.5000E+01, 1.0667E+00,
17:13:15.70636812, 1.3333E-01, 2.4933E+01, 1.3333E+00,
17:13:15.70636817, 1.6667E-01, 2.5000E+01, 1.7333E+00,
17:13:15.70636822, 1.3333E-01, 2.5000E+01, 1.2000E+00,
17:13:15.70636827, 1.3333E-01, 2.5000E+01, 1.2000E+00,
17:13:15.70636832, 1.0000E-01, 2.5000E+01, 1.3333E+00,
17:13:15.70636837, 1.6667E-01, 2.5000E+01, 1.2000E+00,
17:13:15.70636842, 6.6667E-02, 2.5067E+01, 1.4667E+00,
17:13:15.70636847, 6.6667E-02, 2.5067E+01, 1.6000E+00,
17:13:15.70636852, 3.3333E-02, 2.5067E+01, 9.3333E-01,
17:13:15.70636857, 1.3333E-01, 2.5000E+01, 1.3333E+00,
17:13:15.70636862, 2.0000E-01, 2.5067E+01, 1.2000E+00,
17:13:15.70636867, 1.0000E-01, 2.5000E+01, 1.4667E+00,
17:13:15.70636872, 1.6667E-01, 2.5067E+01, 1.6000E+00,
17:13:15.70636877, 1.3333E-01, 2.5133E+01, 1.6000E+00,
17:13:15.70636882, 1.0000E-01, 2.5067E+01, 1.3333E+00,
17:13:15.70636887, 3.3333E-02, 2.5000E+01, 1.6000E+00,
17:13:15.70636892, 1.6667E-01, 2.5000E+01, 1.2000E+00,
17:13:15.70636897, 1.3333E-01, 2.5000E+01, 1.3333E+00,
17:13:15.70636902, 6.6667E-02, 2.5000E+01, 1.7333E+00,
17:13:15.70636907, 1.3333E-01, 2.5133E+01, 1.6000E+00,
17:13:15.70636912, 1.6667E-01, 2.5067E+01, 1.4667E+00,
17:13:15.70636917, 1.0000E-01, 2.4933E+01, 1.3333E+00,
17:13:15.70636922, 1.6667E-01, 2.5067E+01, 1.4667E+00,
17:13:15.70636927, 1.3333E-01, 2.5067E+01, 1.2000E+00,
17:13:15.70636932, 1.6667E-01, 2.5000E+01, 1.0667E+00,
17:13:15.70636937, 6.6667E-02, 2.5067E+01, 1.2000E+00,
17:13:15.70636942, 1.0000E-01, 2.5000E+01, 1.3333E+00,
17:13:15.70636947, 1.3333E-01, 2.5000E+01, 1.0667E+00,
17:13:15.70636952, 1.3333E-01, 2.5067E+01, 1.3333E+00,
17:13:15.70636957, 2.0000E-01, 2.5067E+01, 1.3333E+00,
17:13:15.70636962, 1.0000E-01, 2.5067E+01, 1.3333E+00,
17:13:15.70636967, 6.6667E-02, 2.5067E+01, 1.3333E+00,
17:13:15.70636972, 1.0000E-01, 2.4933E+01, 1.2000E+00,
17:13:15.70636977, 1.3333E-01, 2.5000E+01, 1.6000E+00,
17:13:15.70636982, 1.0000E-01, 2.4933E+01, 1.0667E+00,
17:13:15.70636987, 1.3333E-01, 2.5067E+01, 1.2000E+00,
17:13:15.70636992, 1.3333E-01, 2.5000E+01, 9.3333E-01,
17:13:15.70636997, 3.3333E-02, 2.5067E+01, 1.0667E+00,
17:13:15.70637002, 1.0000E-01, 2.4933E+01, 1.7333E+00,
17:13:15.70637007, 1.0000E-01, 2.4933E+01, 1.2000E+00,
17:13:15.70637012, 6.6667E-02, 2.5067E+01, 1.4667E+00,
17:13:15.70637017, 1.6667E-01, 2.4933E+01, 1.4667E+00,
17:13:15.70637022, 1.3333E-01, 2.5067E+01, 1.7333E+00,
17:13:15.70637027, 1.0000E-01, 2.5000E+01, 1.4667E+00,
17:13:15.70637032, 6.6667E-02, 2.4933E+01, 1.3333E+00,
17:13:15.70637037, 1.6667E-01, 2.5000E+01, 1.0667E+00,
17:13:15.70637042, 6.6667E-02, 2.5067E+01, 1.4667E+00,
17:13:15.70637047, 1.0000E-01, 2.4933E+01, 1.0667E+00,
17:13:15.70637052, 6.6667E-02, 2.5067E+01, 1.2000E+00,
17:13:15.70637057, 1.0000E-01, 2.5000E+01, 1.0667E+00,
17:13:15.70637062, 1.3333E-01, 2.5067E+01, 1.4667E+00,
17:13:15.70637067, 6.6667E-02, 2.5067E+01, 1.3333E+00,
17:13:15.70637072, 1.3333E-01, 2.5000E+01, 1.4667E+00,
17:13:15.70637077, 0.0000E+00, 2.5000E+01, 1.6000E+00,
17:13:15.70637082, 1.3333E-01, 2.5000E+01, 1.6000E+00,
17:13:15.70637087, 1.0000E-01, 2.5067E+01, 1.2000E+00,
17:13:15.70637092, 1.0000E-01, 2.5000E+01, 1.3333E+00,
17:13:15.70637097, 6.6667E-02, 2.5000E+01, 1.2000E+00,
17:13:15.70637102, 1.6667E-01, 2.5067E+01, 1.4667E+00,
17:13:15.70637107, 1.0000E-01, 2.5067E+01, 1.4667E+00,
17:13:15.70637112, 1.3333E-01, 2.5067E+01, 1.3333E+00,
17:13:15.70637117, 2.0000E-01, 2.4933E+01, 1.3333E+00,
17:13:15.70637122, 1.6667E-01, 2.5067E+01, 1.0667E+00,
17:13:15.70637127, 6.6667E-02, 2.5000E+01, 1.3333E+00,
17:13:15.70637132, 1.0000E-01, 2.5067E+01, 1.0667E+00,
17:13:15.70637137, 1.6667E-01, 2.5067E+01, 1.7333E+00,
17:13:15.70637142, 1.3333E-01, 2.5067E+01, 9.3333E-01,
17:13:15.70637147, 3.3333E-02, 2.5067E+01, 1.3333E+00,
17:13:15.70637152, 1.0000E-01, 2.4933E+01, 1.3333E+00,
17:13:15.70637157, 1.0000E-01, 2.5067E+01, 1.0667E+00,
17:13:15.70637162, 1.0000E-01, 2.4933E+01, 1.2000E+00,
17:13:15.70637167, 6.6667E-02, 2.5067E+01, 9.3333E-01,
17:13:15.70637172, 6.6667E-02, 2.5000E+01, 1.3333E+00,
17:13:15.70637177, 3.3333E-02, 2.5200E+01, 1.3333E+00,
17:13:15.70637182, 0.0000E+00, 2.5067E+01, 1.2000E+00,
17:13:15.70637187, 1.6667E-01, 2.5133E+01, 1.0667E+00,
17:13:15.70637192, 1.0000E-01, 2.5000E+01, 1.0667E+00,
17:13:15.70637197, 1.3333E-01, 2.4933E+01, 1.0667E+00,
17:13:15.70637202, 6.6667E-02, 2.4933E+01, 1.4667E+00,
17:13:15.70637207, 1.0000E-01, 2.4933E+01, 1.3333E+00,
17:13:15.70637212, 6.6667E-02, 2.4933E+01, 1.3333E+00,
17:13:15.70637217, 3.3333E-02, 2.5000E+01, 1.2000E+00,
17:13:15.70637222, 1.0000E-01, 2.4867E+01, 1.3333E+00,
17:13:15.70637227, 1.6667E-01, 2.5000E+01, 1.4667E+00,
17:13:15.70637232, 1.0000E-01, 2.5067E+01, 1.2000E+00,
17:13:15.70637237, 1.6667E-01, 2.5000E+01, 1.3333E+00,
17:13:15.70637242, 2.0000E-01, 2.5067E+01, 1.2000E+00,
17:13:15.70637247, 3.3333E-02, 2.5067E+01, 1.2000E+00,
17:13:15.70637252, 1.3333E-01, 2.5000E+01, 1.4667E+00,
17:13:15.70637257, 1.0000E-01, 2.5067E+01, 1.2000E+00,
17:13:15.70637262, 6.6667E-02, 2.4933E+01, 1.0667E+00,
17:13:15.70637267, 1.0000E-01, 2.5067E+01, 1.3333E+00,
17:13:15.70637272, 3.3333E-02, 2.5000E+01, 1.4667E+00,
17:13:15.70637277, 1.0000E-01, 2.5133E+01, 1.4667E+00,
17:13:15.70637282, 1.3333E-01, 2.5067E+01, 1.0667E+00,
17:13:15.70637287, 1.3333E-01, 2.4933E+01, 1.2000E+00,
17:13:15.70637292, 1.0000E-01, 2.5000E+01, 1.3333E+00,
17:13:15.70637297, 1.6667E-01, 2.5000E+01, 1.3333E+00,
17:13:15.70637302, 1.6667E-01, 2.5067E+01, 1.2000E+00,
17:13:15.70637307, 3.3333E-02, 2.5067E+01, 1.0667E+00,
17:13:15.70637312, 1.0000E-01, 2.5067E+01, 1.3333E+00,
17:13:15.70637317, 6.6667E-02, 2.5067E+01, 1.2000E+00,
17:13:15.70637322, 1.3333E-01, 2.4933E+01, 1.4667E+00,
17:13:15.70637327, 3.3333E-02, 2.5000E+01, 1.2000E+00,
17:13:15.70637332, 1.0000E-01, 2.5067E+01, 1.0667E+00,
17:13:15.70637337, 1.3333E-01, 2.5067E+01, 9.3333E-01,
17:13:15.70637342, 1.3333E-01, 2.5067E+01, 1.3333E+00,
17:13:15.70637347, 2.0000E-01, 2.5067E+01, 1.0667E+00,
17:13:15.70637352, 1.0000E-01, 2.5067E+01, 1.2000E+00,
17:13:15.70637357, 1.3333E-01, 2.4933E+01, 1.3333E+00,
17:13:15.70637362, 6.6667E-02, 2.5067E+01, 1.0667E+00,
17:13:15.70637367, 1.6667E-01, 2.5067E+01, 1.0667E+00,
17:13:15.70637372, 6.6667E-02, 2.5067E+01, 1.2000E+00,
17:13:15.70637377, 6.6667E-02, 2.4933E+01, 1.2000E+00,
17:13:15.70637382, 1.3333E-01, 2.5067E+01, 1.2000E+00,
17:13:15.70637387, 1.0000E-01, 2.5067E+01, 9.3333E-01,
17:13:15.70637392, 6.6667E-02, 2.5067E+01, 9.3333E-01,
17:13:15.70637397, 6.6667E-02, 2.5067E+01, 1.3333E+00,
17:13:15.70637402, 1.6667E-01, 2.4933E+01, 1.0667E+00,
17:13:15.70637407, 1.0000E-01, 2.5000E+01, 1.2000E+00,
17:13:15.70637412, 1.0000E-01, 2.5000E+01, 1.3333E+00,
17:13:15.70637417, 0.0000E+00, 2.5067E+01, 1.2000E+00,
17:13:15.70637422, 1.0000E-01, 2.4933E+01, 1.0667E+00,
17:13:15.70637427, 1.3333E-01, 2.5133E+01, 6.6667E-01,
17:13:15.70637432, 6.6667E-02, 2.4933E+01, 1.3333E+00,
17:13:15.70637437, 6.6667E-02, 2.5000E+01, 1.0667E+00,
17:13:15.70637442, 1.0000E-01, 2.4933E+01, 1.2000E+00,
17:13:15.70637447, 1.0000E-01, 2.4867E+01, 9.3333E-01,
17:13:15.70637452, 1.0000E-01, 2.5000E+01, 1.3333E+00,
17:13:15.70637457, 1.3333E-01, 2.5000E+01, 1.2000E+00,
17:13:15.70637462, 1.3333E-01, 2.5000E+01, 1.3333E+00,
17:13:15.70637467, 1.3333E-01, 2.5000E+01, 1.0667E+00,
17:13:15.70637472, 1.6667E-01, 2.5000E+01, 1.2000E+00,
17:13:15.70637477, 1.3333E-01, 2.5067E+01, 9.3333E-01,
17:13:15.70637482, 1.3333E-01, 2.5067E+01, 1.3333E+00,
17:13:15.70637487, 6.6667E-02, 2.4933E+01, 1.4667E+00,
17:13:15.70637492, 6.6667E-02, 2.5067E+01, 1.2000E+00,
17:13:15.70637497, 6.6667E-02, 2.5000E+01, 1.2000E+00,
17:13:15.70637502, 1.0000E-01, 2.5067E+01, 1.0667E+00,
17:13:15.70637507, 3.3333E-02, 2.5067E+01, 1.0667E+00,
17:13:15.70637512, 6.6667E-02, 2.4933E+01, 1.0667E+00,
17:13:15.70637517, 1.6667E-01, 2.5000E+01, 1.3333E+00,
17:13:15.70637522, 1.0000E-01, 2.5000E+01, 1.2000E+00,
17:13:15.70637527, 1.0000E-01, 2.4800E+01, 1.4667E+00,
17:13:15.70637532, 2.0000E-01, 2.5067E+01, 9.3333E-01,
17:13:15.70637537, 6.6667E-02, 2.5067E+01, 8.0000E-01,
17:13:15.70637542, 1.0000E-01, 2.5067E+01, 1.0667E+00,
17:13:15.70637547, 1.0000E-01, 2.5067E+01, 1.2000E+00,
17:13:15.70637552, 1.0000E-01, 2.5067E+01, 1.2000E+00,
17:13:15.70637557, 1.3333E-01, 2.4933E+01, 1.2000E+00,
17:13:15.70637562, 1.0000E-01, 2.5067E+01, 1.0667E+00,
17:13:15.70637567, 6.6667E-02, 2.5067E+01, 1.2000E+00,
17:13:15.70637572, 3.3333E-02, 2.5067E+01, 8.0000E-01,
17:13:15.70637577, 1.3333E-01, 2.5067E+01, 1.0667E+00,
17:13:15.70637582, 1.3333E-01, 2.5000E+01, 1.4667E+00,
17:13:15.70637587, 1.3333E-01, 2.4933E+01, 1.0667E+00,
17:13:15.70637592, 1.0000E-01, 2.5067E+01, 1.2000E+00,
17:13:15.70637597, 1.6667E-01, 2.5067E+01, 1.3333E+00,
17:13:15.70637602, 1.0000E-01, 2.5067E+01, 1.2000E+00,
17:13:15.70637607, 6.6667E-02, 2.5133E+01, 1.3333E+00,
17:13:15.70637612, 3.3333E-02, 2.5067E+01, 1.6000E+00,
17:13:15.70637617, 1.0000E-01, 2.5067E+01, 9.3333E-01,
17:13:15.70637622, 1.3333E-01, 2.5067E+01, 1.3333E+00,
17:13:15.70637627, 1.3333E-01, 2.5067E+01, 1.0667E+00,
17:13:15.70637632, 1.0000E-01, 2.5000E+01, 1.3333E+00,
17:13:15.70637637, 6.6667E-02, 2.5133E+01, 1.2000E+00,
17:13:15.70637642, 6.6667E-02, 2.5000E+01, 9.3333E-01,
17:13:15.70637647, 6.6667E-02, 2.5000E+01, 1.6000E+00,
17:13:15.70637652, 1.0000E-01, 2.5067E+01, 1.2000E+00,
17:13:15.70637657, 1.3333E-01, 2.5000E+01, 1.3333E+00,
17:13:15.70637662, 3.3333E-02, 2.5067E+01, 1.3333E+00,
17:13:15.70637667, 1.3333E-01, 2.5067E+01, 1.3333E+00,
17:13:15.70637672, 1.0000E-01, 2.5067E+01, 1.2000E+00,
17:13:15.70637677, 1.6667E-01, 2.5000E+01, 1.4667E+00,
17:13:15.70637682, 1.3333E-01, 2.4867E+01, 1.3333E+00,
17:13:15.70637687, 1.0000E-01, 2.5067E+01, 1.3333E+00,
17:13:15.70637692, 3.3333E-02, 2.5067E+01, 1.2000E+00,
17:13:15.70637697, 6.6667E-02, 2.5067E+01, 1.0667E+00,
17:13:15.70637702, 1.0000E-01, 2.5067E+01, 1.3333E+00,
17:13:15.70637707, 6.6667E-02, 2.5067E+01, 1.0667E+00,
17:13:15.70637712, 1.6667E-01, 2.4933E+01, 1.4667E+00,
17:13:15.70637717, 6.6667E-02, 2.5133E+01, 1.7333E+00,
17:13:15.70637722, 6.6667E-02, 2.5133E+01, 1.2000E+00,
17:13:15.70637727, 1.0000E-01, 2.5000E+01, 1.3333E+00,
17:13:15.70637732, 1.0000E-01, 2.4933E+01, 1.3333E+00,
17:13:15.70637737, 6.6667E-02, 2.5067E+01, 1.3333E+00,
17:13:15.70637742, 1.3333E-01, 2.5067E+01, 1.6000E+00,
17:13:15.70637747, 1.3333E-01, 2.5067E+01, 1.2000E+00,
17:13:15.70637752, 1.3333E-01, 2.5000E+01, 1.2000E+00,
17:13:15.70637757, 1.3333E-01, 2.5067E+01, 1.3333E+00,
17:13:15.70637762, 1.0000E-01, 2.4867E+01, 1.0667E+00,
17:13:15.70637767, 1.6667E-01, 2.4933E+01, 1.0667E+00,
17:13:15.70637772, 1.3333E-01, 2.4867E+01, 1.2000E+00,
17:13:15.70637777, 6.6667E-02, 2.5067E+01, 1.2000E+00,
17:13:15.70637782, 1.0000E-01, 2.5067E+01, 1.2000E+00,
17:13:15.70637787, 1.0000E-01, 2.4933E+01, 1.3333E+00,
17:13:15.70637792, 1.0000E-01, 2.5067E+01, 1.3333E+00,
17:13:15.70637797, 1.3333E-01, 2.4867E+01, 1.4667E+00,
17:13:15.70637802, 6.6667E-02, 2.5133E+01, 1.3333E+00,
17:13:15.70637807, 1.3333E-01, 2.5000E+01, 1.3333E+00,
17:13:15.70637812, 1.0000E-01, 2.4933E+01, 1.3333E+00,
17:13:15.70637817, 3.3333E-02, 2.4933E+01, 1.3333E+00,
17:13:15.70637822, 6.6667E-02, 2.5000E+01, 9.3333E-01,
17:13:15.70637827, 3.3333E-02, 2.5000E+01, 1.0667E+00,
17:13:15.70637832, 1.0000E-01, 2.5000E+01, 1.3333E+00,
17:13:15.70637837, 0.0000E+00, 2.5000E+01, 1.2000E+00,
17:13:15.70637842, 6.6667E-02, 2.5067E+01, 1.3333E+00,
17:13:15.70637847, 3.3333E-02, 2.5067E+01, 1.2000E+00,
17:13:15.70637852, 6.6667E-02, 2.5067E+01, 1.3333E+00,
17:13:15.70637857, 6.6667E-02, 2.4867E+01, 1.2000E+00,
17:13:15.70637862, 3.3333E-02, 2.5067E+01, 9.3333E-01,
17:13:15.70637867, 1.0000E-01, 2.5000E+01, 1.0667E+00,
17:13:15.70637872, 1.3333E-01, 2.5067E+01, 1.4667E+00,
17:13:15.70637877, 1.3333E-01, 2.5067E+01, 1.2000E+00,
17:13:15.70637882, 0.0000E+00, 2.5000E+01, 1.4667E+00,
17:13:15.70637887, 1.3333E-01, 2.5000E+01, 9.3333E-01,
17:13:15.70637892, 1.0000E-01, 2.5000E+01, 1.2000E+00,
17:13:15.70637897, 1.0000E-01, 2.5067E+01, 1.3333E+00,
17:13:15.70637902, 1.0000E-01, 2.4933E+01, 1.3333E+00,
17:13:15.70637907, 6.6667E-02, 2.5067E+01, 1.0667E+00,
17:13:15.70637912, 6.6667E-02, 2.5067E+01, 1.2000E+00,
17:13:15.70637917, 1.0000E-01, 2.4933E+01, 1.2000E+00,
17:13:15.70637922, 1.3333E-01, 2.5000E+01, 1.0667E+00,
17:13:15.70637927, 3.3333E-02, 2.4933E+01, 1.2000E+00,
17:13:15.70637932, 1.0000E-01, 2.5067E+01, 9.3333E-01,
17:13:15.70637937, 6.6667E-02, 2.5200E+01, 1.3333E+00,
17:13:15.70637942, 6.6667E-02, 2.5067E+01, 1.3333E+00,
17:13:15.70637947, 1.0000E-01, 2.5067E+01, 1.2000E+00,
17:13:15.70637952, 0.0000E+00, 2.5067E+01, 1.3333E+00,
17:13:15.70637957, 1.0000E-01, 2.5133E+01, 1.0667E+00,
17:13:15.70637962, 1.3333E-01, 2.5000E+01, 1.2000E+00,
17:13:15.70637967, 1.3333E-01, 2.5000E+01, 1.2000E+00,
17:13:15.70637972, 1.3333E-01, 2.5000E+01, 9.3333E-01,
17:13:15.70637977, 1.6667E-01, 2.5000E+01, 9.3333E-01,
17:13:15.70637982, 6.6667E-02, 2.5067E+01, 1.3333E+00,
17:13:15.70637987, 1.0000E-01, 2.5067E+01, 1.3333E+00,
17:13:15.70637992, 1.3333E-01, 2.5000E+01, 1.4667E+00,
17:13:15.70637997, 3.3333E-02, 2.5067E+01, 1.0667E+00,
17:13:15.70638002, 3.3333E-02, 2.5067E+01, 1.2000E+00,
17:13:15.70638007, 1.3333E-01, 2.5067E+01, 1.2000E+00,
17:13:15.70638012, 6.6667E-02, 2.5067E+01, 1.2000E+00,
17:13:15.70638017, 1.0000E-01, 2.5067E+01, 1.2000E+00,
17:13:15.70638022, 3.3333E-02, 2.5067E+01, 1.2000E+00,
17:13:15.70638027, 6.6667E-02, 2.4933E+01, 1.3333E+00,
17:13:15.70638032, 3.3333E-02, 2.4933E+01, 1.0667E+00,
17:13:15.70638037, 3.3333E-02, 2.5067E+01, 1.0667E+00,
17:13:15.70638042, 1.0000E-01, 2.5067E+01, 1.2000E+00,
17:13:15.70638047, 0.0000E+00, 2.5067E+01, 1.3333E+00,
17:13:15.70638052, 6.6667E-02, 2.5067E+01, 1.3333E+00,
17:13:15.70638057, 1.6667E-01, 2.5067E+01, 1.0667E+00,
17:13:15.70638062, 1.0000E-01, 2.5067E+01, 1.3333E+00,
17:13:15.70638067, 3.3333E-02, 2.4933E+01, 1.0667E+00,
17:13:15.70638072, 1.3333E-01, 2.5000E+01, 1.3333E+00,
17:13:15.70638077, 6.6667E-02, 2.5000E+01, 1.3333E+00,
17:13:15.70638082, 0.0000E+00, 2.5000E+01, 1.2000E+00,
17:13:15.70638087, 6.6667E-02, 2.5000E+01, 1.2000E+00,
17:13:15.70638092, 1.0000E-01, 2.5067E+01, 1.2000E+00,
17:13:15.70638097, 1.0000E-01, 2.4933E+01, 1.2000E+00,
17:13:15.70638102, 6.6667E-02, 2.5000E+01, 1.0667E+00,
17:13:15.70638107, 3.3333E-02, 2.5000E+01, 1.3333E+00,
17:13:15.70638112, 1.6667E-01, 2.5000E+01, 1.4667E+00,
17:13:15.70638117, 1.0000E-01, 2.5067E+01, 1.3333E+00,
17:13:15.70638122, 6.6667E-02, 2.5000E+01, 1.4667E+00,
17:13:15.70638127, 1.0000E-01, 2.5000E+01, 1.2000E+00,
17:13:15.70638132, 1.3333E-01, 2.5067E+01, 1.4667E+00,
17:13:15.70638137, 6.6667E-02, 2.5067E+01, 1.2000E+00,
17:13:15.70638142, 1.0000E-01, 2.5067E+01, 1.4667E+00,
17:13:15.70638147, 1.3333E-01, 2.5067E+01, 1.4667E+00,
17:13:15.70638152, 6.6667E-02, 2.5067E+01, 9.3333E-01,
17:13:15.70638157, 3.3333E-02, 2.5000E+01, 1.4667E+00,
17:13:15.70638162, 1.0000E-01, 2.5000E+01, 1.2000E+00,
17:13:15.70638167, 6.6667E-02, 2.4933E+01, 1.0667E+00,
17:13:15.70638172, 6.6667E-02, 2.5000E+01, 1.0667E+00,
17:13:15.70638177, 1.3333E-01, 2.5067E+01, 1.4667E+00,
17:13:15.70638182, 0.0000E+00, 2.5067E+01, 1.2000E+00,
17:13:15.70638187, 3.3333E-02, 2.5067E+01, 1.4667E+00,
17:13:15.70638192,-3.3333E-02, 2.5067E+01, 1.0667E+00,
17:13:15.70638197, 1.3333E-01, 2.5067E+01, 1.3333E+00,
17:13:15.70638202, 6.6667E-02, 2.5067E+01, 9.3333E-01,
17:13:15.70638207, 6.6667E-02, 2.5067E+01, 1.2000E+00,
17:13:15.70638212, 6.6667E-02, 2.5067E+01, 1.2000E+00,
17:13:15.70638217, 6.6667E-02, 2.5000E+01, 1.2000E+00,
17:13:15.70638222, 3.3333E-02, 2.5067E+01, 1.3333E+00,
17:13:15.70638227, 6.6667E-02, 2.5067E+01, 1.3333E+00,
17:13:15.70638232, 6.6667E-02, 2.4933E+01, 1.3333E+00,
17:13:15.70638237, 3.3333E-02, 2.5067E+01, 1.2000E+00,
17:13:15.70638242, 3.3333E-02, 2.4800E+01, 1.2000E+00,
17:13:15.70638247, 6.6667E-02, 2.5000E+01, 1.0667E+00,
17:13:15.70638252, 3.3333E-02, 2.5000E+01, 1.2000E+00,
17:13:15.70638257, 1.0000E-01, 2.5000E+01, 9.3333E-01,
17:13:15.70638262, 6.6667E-02, 2.5067E+01, 1.2000E+00,
17:13:15.70638267, 1.0000E-01, 2.5000E+01, 1.0667E+00,
17:13:15.70638272, 6.6667E-02, 2.5000E+01, 1.3333E+00,
17:13:15.70638277, 3.3333E-02, 2.5067E+01, 1.2000E+00,
17:13:15.70638282, 3.3333E-02, 2.5000E+01, 1.7333E+00,
17:13:15.70638287, 0.0000E+00, 2.5067E+01, 1.0667E+00,
17:13:15.70638292, 6.6667E-02, 2.5000E+01, 1.4667E+00,
17:13:15.70638297, 0.0000E+00, 2.5000E+01, 1.3333E+00,
17:13:15.70638302, 1.3333E-01, 2.5133E+01, 8.0000E-01,
17:13:15.70638307, 1.0000E-01, 2.5067E+01, 1.0667E+00,
17:13:15.70638312, 1.0000E-01, 2.5200E+01, 1.3333E+00,
17:13:15.70638317, 3.3333E-02, 2.5000E+01, 1.4667E+00,
17:13:15.70638322, 1.0000E-01, 2.5067E+01, 1.0667E+00,
17:13:15.70638327, 6.6667E-02, 2.5000E+01, 1.3333E+00,
17:13:15.70638332, 1.0000E-01, 2.5000E+01, 1.3333E+00,
17:13:15.70638337, 6.6667E-02, 2.5000E+01, 1.6000E+00,
17:13:15.70638342, 1.0000E-01, 2.5067E+01, 1.0667E+00,
17:13:15.70638347, 1.6667E-01, 2.5000E+01, 1.3333E+00,
17:13:15.70638352, 3.3333E-02, 2.4933E+01, 9.3333E-01,
17:13:15.70638357, 6.6667E-02, 2.5067E+01, 8.0000E-01,
17:13:15.70638362, 1.3333E-01, 2.5067E+01, 1.3333E+00,
17:13:15.70638367, 1.0000E-01, 2.5067E+01, 1.0667E+00,
17:13:15.70638372, 1.6667E-01, 2.5067E+01, 1.0667E+00,
17:13:15.70638377, 1.0000E-01, 2.5067E+01, 1.2000E+00,
17:13:15.70638382, 1.0000E-01, 2.5067E+01, 1.2000E+00,
17:13:15.70638387, 1.3333E-01, 2.5067E+01, 9.3333E-01,
17:13:15.70638392, 6.6667E-02, 2.4933E+01, 1.2000E+00,
17:13:15.70638397, 1.3333E-01, 2.5000E+01, 8.0000E-01,
17:13:15.70638402, 6.6667E-02, 2.5000E+01, 1.2000E+00,
17:13:15.70638407, 3.3333E-02, 2.5067E+01, 1.0667E+00,
17:13:15.70638412, 6.6667E-02, 2.5067E+01, 9.3333E-01,
17:13:15.70638417, 6.6667E-02, 2.5000E+01, 8.0000E-01,
17:13:15.70638422, 0.0000E+00, 2.5067E+01, 1.0667E+00,
17:13:15.70638427, 6.6667E-02, 2.5067E+01, 1.2000E+00,
17:13:15.70638432, 1.0000E-01, 2.4933E+01, 1.2000E+00,
17:13:15.70638437, 3.3333E-02, 2.5067E+01, 9.3333E-01,
17:13:15.70638442, 1.3333E-01, 2.5000E+01, 9.3333E-01,
17:13:15.70638447, 6.6667E-02, 2.5067E+01, 1.3333E+00,
17:13:15.70638452, 3.3333E-02, 2.5133E+01, 1.0667E+00,
17:13:15.70638457, 6.6667E-02, 2.5067E+01, 1.2000E+00,
17:13:15.70638462, 1.0000E-01, 2.4933E+01, 1.2000E+00,
17:13:15.70638467, 3.3333E-02, 2.5067E+01, 1.3333E+00,
17:13:15.70638472, 6.6667E-02, 2.5000E+01, 1.0667E+00,
17:13:15.70638477, 0.0000E+00, 2.5133E+01, 1.3333E+00,
17:13:15.70638482, 3.3333E-02, 2.5067E+01, 1.2000E+00,
17:13:15.70638487, 6.6667E-02, 2.5067E+01, 1.3333E+00,
17:13:15.70638492, 0.0000E+00, 2.5067E+01, 1.6000E+00,
17:13:15.70638497, 6.6667E-02, 2.5067E+01, 1.2000E+00,
17:13:15.70638502, 1.3333E-01, 2.5067E+01, 1.3333E+00,
17:13:15.70638507, 6.6667E-02, 2.5067E+01, 1.0667E+00,
17:13:15.70638512, 6.6667E-02, 2.5000E+01, 1.2000E+00,
17:13:15.70638517, 3.3333E-02, 2.5067E+01, 1.3333E+00,
17:13:15.70638522, 6.6667E-02, 2.5000E+01, 1.0667E+00,
17:13:15.70638527, 1.0000E-01, 2.5067E+01, 1.6000E+00,
17:13:15.70638532, 1.0000E-01, 2.4867E+01, 8.0000E-01,
17:13:15.70638537, 6.6667E-02, 2.5000E+01, 1.3333E+00,
17:13:15.70638542, 3.3333E-02, 2.5067E+01, 1.2000E+00,
17:13:15.70638547, 1.6667E-01, 2.5000E+01, 1.2000E+00,
17:13:15.70638552, 6.6667E-02, 2.4933E+01, 1.2000E+00,
17:13:15.70638557, 6.6667E-02, 2.5067E+01, 1.2000E+00,
17:13:15.70638562, 6.6667E-02, 2.5067E+01, 1.2000E+00,
17:13:15.70638567, 6.6667E-02, 2.5067E+01, 1.2000E+00,
17:13:15.70638572, 1.3333E-01, 2.5000E+01, 1.2000E+00,
17:13:15.70638577, 1.0000E-01, 2.5067E+01, 1.3333E+00,
17:13:15.70638582, 1.0000E-01, 2.5000E+01, 1.0667E+00,
17:13:15.70638587, 3.3333E-02, 2.5067E+01, 1.3333E+00,
17:13:15.70638592, 1.3333E-01, 2.5067E+01, 1.6000E+00,
17:13:15.70638597, 6.6667E-02, 2.5133E+01, 1.2000E+00,
17:13:15.70638602, 1.0000E-01, 2.5000E+01, 1.3333E+00,
17:13:15.70638607, 3.3333E-02, 2.4933E+01, 1.0667E+00,
17:13:15.70638612, 3.3333E-02, 2.5067E+01, 1.0667E+00,
17:13:15.70638617, 3.3333E-02, 2.5067E+01, 1.0667E+00,
17:13:15.70638622, 3.3333E-02, 2.5067E+01, 1.4667E+00,
17:13:15.70638627, 1.0000E-01, 2.5067E+01, 1.2000E+00,
17:13:15.70638632, 6.6667E-02, 2.5067E+01, 1.0667E+00,
17:13:15.70638637, 6.6667E-02, 2.5067E+01, 1.3333E+00,
17:13:15.70638642, 6.6667E-02, 2.5067E+01, 1.0667E+00,
17:13:15.70638647, 3.3333E-02, 2.5000E+01, 1.2000E+00,
17:13:15.70638652, 6.6667E-02, 2.4933E+01, 1.2000E+00,
17:13:15.70638657, 1.0000E-01, 2.5000E+01, 1.2000E+00,
17:13:15.70638662, 1.3333E-01, 2.4933E+01, 1.0667E+00,
17:13:15.70638667, 6.6667E-02, 2.5067E+01, 9.3333E-01,
17:13:15.70638672, 6.6667E-02, 2.5067E+01, 1.2000E+00,
17:13:15.70638677, 6.6667E-02, 2.5000E+01, 1.3333E+00,
17:13:15.70638682, 6.6667E-02, 2.5000E+01, 1.2000E+00,
17:13:15.70638687, 1.6667E-01, 2.5000E+01, 1.2000E+00,
17:13:15.70638692, 3.3333E-02, 2.5067E+01, 1.3333E+00,
17:13:15.70638697, 1.6667E-01, 2.5000E+01, 1.2000E+00,
17:13:15.70638702, 3.3333E-02, 2.5000E+01, 1.2000E+00,
17:13:15.70638707, 1.3333E-01, 2.5000E+01, 9.3333E-01,
17:13:15.70638712, 1.0000E-01, 2.5067E+01, 1.0667E+00,
17:13:15.70638717, 1.3333E-01, 2.5200E+01, 1.3333E+00,
17:13:15.70638722, 6.6667E-02, 2.5067E+01, 1.4667E+00,
17:13:15.70638727, 1.3333E-01, 2.5133E+01, 9.3333E-01,
17:13:15.70638732, 6.6667E-02, 2.5067E+01, 1.0667E+00,
17:13:15.70638737, 6.6667E-02, 2.5000E+01, 1.2000E+00,
17:13:15.70638742, 1.0000E-01, 2.5067E+01, 1.2000E+00,
17:13:15.70638747, 6.6667E-02, 2.5067E+01, 1.3333E+00,
17:13:15.70638752, 3.3333E-02, 2.5000E+01, 1.3333E+00,
17:13:15.70638757,-3.3333E-02, 2.5067E+01, 1.2000E+00,
17:13:15.70638762, 3.3333E-02, 2.4933E+01, 1.3333E+00,
17:13:15.70638767, 6.6667E-02, 2.4933E+01, 1.2000E+00,
17:13:15.70638772, 3.3333E-02, 2.5000E+01, 1.3333E+00,
17:13:15.70638777, 3.3333E-02, 2.4867E+01, 1.6000E+00,
17:13:15.70638782, 1.3333E-01, 2.5000E+01, 1.3333E+00,
17:13:15.70638787, 6.6667E-02, 2.5000E+01, 1.3333E+00,
17:13:15.70638792, 3.3333E-02, 2.5000E+01, 1.4667E+00,
17:13:15.70638797, 3.3333E-02, 2.5000E+01, 1.2000E+00,
17:13:15.70638802, 3.3333E-02, 2.4867E+01, 1.3333E+00,
17:13:15.70638807, 3.3333E-02, 2.5067E+01, 1.0667E+00,
17:13:15.70638812, 6.6667E-02, 2.4867E+01, 1.0667E+00,
17:13:15.70638817, 1.3333E-01, 2.4933E+01, 1.3333E+00,
17:13:15.70638822, 3.3333E-02, 2.4933E+01, 1.4667E+00,
17:13:15.70638827, 0.0000E+00, 2.4867E+01, 1.2000E+00,
17:13:15.70638832, 1.0000E-01, 2.5000E+01, 9.3333E-01,
17:13:15.70638837, 3.3333E-02, 2.4933E+01, 9.3333E-01,
17:13:15.70638842, 1.0000E-01, 2.5067E+01, 1.3333E+00,
17:13:15.70638847, 3.3333E-02, 2.5000E+01, 6.6667E-01,
17:13:15.70638852, 6.6667E-02, 2.4867E+01, 1.0667E+00,
17:13:15.70638857,-3.3333E-02, 2.5000E+01, 1.2000E+00,
17:13:15.70638862, 6.6667E-02, 2.5000E+01, 1.3333E+00,
17:13:15.70638867, 3.3333E-02, 2.4933E+01, 1.2000E+00,
17:13:15.70638872, 6.6667E-02, 2.5067E+01, 1.2000E+00,
17:13:15.70638877, 6.6667E-02, 2.5000E+01, 1.3333E+00,
17:13:15.70638882, 1.0000E-01, 2.4733E+01, 1.4667E+00,
17:13:15.70638887, 6.6667E-02, 2.4933E+01, 1.0667E+00,
17:13:15.70638892,-3.3333E-02, 2.5000E+01, 1.4667E+00,
17:13:15.70638897, 0.0000E+00, 2.4933E+01, 1.0667E+00,
17:13:15.70638902, 6.6667E-02, 2.5000E+01, 9.3333E-01,
17:13:15.70638907, 3.3333E-02, 2.5067E+01, 1.3333E+00,
17:13:15.70638912, 3.3333E-02, 2.5000E+01, 1.3333E+00,
17:13:15.70638917, 6.6667E-02, 2.5067E+01, 1.0667E+00,
17:13:15.70638922, 1.0000E-01, 2.5067E+01, 1.4667E+00,
17:13:15.70638927, 6.6667E-02, 2.4933E+01, 1.4667E+00,
17:13:15.70638932, 1.3333E-01, 2.5067E+01, 1.3333E+00,
17:13:15.70638937, 1.0000E-01, 2.5067E+01, 1.0667E+00,
