"Header Size"           ,15              
"Model Name"            ,"DL850EV       "
"Comment"               ,"                         "
"BlockNumber"           ,1               
"TraceName"             ,"Vgate         ","Vds           ","Id            "
"BlockSize"             ,4004            ,4004            ,4004            
"VUnit"                 ,"V             ","V             ","A             "
"SampleRate"            ,20000000.000000 ,20000000.000000 ,20000000.000000 
"HResolution"           ,5.000000e-08    ,5.000000e-08    ,5.000000e-08    
"HOffset"               ,-2.000000e-05   ,-2.000000e-05   ,-2.000000e-05   
"HUnit"                 ,"s             ","s             ","s             "
"DisplayPointNo."       ,1               ,1               ,1               
"PhaseShift"            ,1               ,1               ,1               
"Date"                  ,"2026/05/18    ","2026/05/18    ","2026/05/18    "
"Time"                  ,"19:11:31.95317959","19:11:31.95317959","19:11:31.95317959"

19:11:31.95315959, 6.6667E-02, 9.9333E+00, 1.7333E+00,
19:11:31.95315964, 3.3333E-02, 1.0000E+01, 1.6000E+00,
19:11:31.95315969, 3.3333E-02, 1.0000E+01, 1.4667E+00,
19:11:31.95315974, 3.3333E-02, 1.0067E+01, 1.4667E+00,
19:11:31.95315979, 0.0000E+00, 1.0000E+01, 1.7333E+00,
19:11:31.95315984, 0.0000E+00, 1.0000E+01, 1.4667E+00,
19:11:31.95315989, 1.0000E-01, 1.0000E+01, 1.2000E+00,
19:11:31.95315994, 6.6667E-02, 9.9333E+00, 1.6000E+00,
19:11:31.95315999, 0.0000E+00, 9.9333E+00, 1.3333E+00,
19:11:31.95316004, 3.3333E-02, 1.0067E+01, 1.3333E+00,
19:11:31.95316009, 6.6667E-02, 1.0067E+01, 1.2000E+00,
19:11:31.95316014, 0.0000E+00, 1.0000E+01, 1.6000E+00,
19:11:31.95316019,-3.3333E-02, 9.9333E+00, 1.3333E+00,
19:11:31.95316024,-3.3333E-02, 9.9333E+00, 1.7333E+00,
19:11:31.95316029,-6.6667E-02, 1.0067E+01, 1.3333E+00,
19:11:31.95316034,-3.3333E-02, 9.9333E+00, 1.2000E+00,
19:11:31.95316039, 1.0000E-01, 1.0067E+01, 1.4667E+00,
19:11:31.95316044, 6.6667E-02, 1.0067E+01, 1.4667E+00,
19:11:31.95316049, 6.6667E-02, 9.9333E+00, 1.6000E+00,
19:11:31.95316054,-3.3333E-02, 1.0067E+01, 1.2000E+00,
19:11:31.95316059,-3.3333E-02, 1.0067E+01, 1.7333E+00,
19:11:31.95316064, 6.6667E-02, 1.0000E+01, 1.2000E+00,
19:11:31.95316069, 1.3333E-01, 1.0067E+01, 1.4667E+00,
19:11:31.95316074, 3.3333E-02, 1.0133E+01, 1.4667E+00,
19:11:31.95316079, 0.0000E+00, 1.0000E+01, 1.4667E+00,
19:11:31.95316084,-6.6667E-02, 9.9333E+00, 1.3333E+00,
19:11:31.95316089,-3.3333E-02, 9.9333E+00, 1.4667E+00,
19:11:31.95316094, 3.3333E-02, 1.0067E+01, 1.4667E+00,
19:11:31.95316099, 3.3333E-02, 1.0000E+01, 1.7333E+00,
19:11:31.95316104, 3.3333E-02, 1.0000E+01, 1.6000E+00,
19:11:31.95316109, 3.3333E-02, 9.9333E+00, 1.4667E+00,
19:11:31.95316114,-1.0000E-01, 1.0133E+01, 1.3333E+00,
19:11:31.95316119,-6.6667E-02, 1.0067E+01, 1.4667E+00,
19:11:31.95316124, 0.0000E+00, 1.0067E+01, 1.3333E+00,
19:11:31.95316129, 3.3333E-02, 1.0000E+01, 1.3333E+00,
19:11:31.95316134,-3.3333E-02, 9.9333E+00, 1.2000E+00,
19:11:31.95316139, 1.0000E-01, 1.0133E+01, 1.7333E+00,
19:11:31.95316144, 3.3333E-02, 9.9333E+00, 1.4667E+00,
19:11:31.95316149, 3.3333E-02, 1.0133E+01, 1.4667E+00,
19:11:31.95316154, 3.3333E-02, 1.0000E+01, 1.8667E+00,
19:11:31.95316159,-6.6667E-02, 9.9333E+00, 1.7333E+00,
19:11:31.95316164, 0.0000E+00, 9.9333E+00, 1.2000E+00,
19:11:31.95316169, 3.3333E-02, 1.0067E+01, 1.3333E+00,
19:11:31.95316174, 1.0000E-01, 1.0200E+01, 1.2000E+00,
19:11:31.95316179, 0.0000E+00, 1.0000E+01, 1.0667E+00,
19:11:31.95316184,-3.3333E-02, 1.0000E+01, 1.4667E+00,
19:11:31.95316189, 6.6667E-02, 1.0067E+01, 1.4667E+00,
19:11:31.95316194, 3.3333E-02, 1.0000E+01, 1.7333E+00,
19:11:31.95316199, 3.3333E-02, 1.0000E+01, 1.3333E+00,
19:11:31.95316204, 3.3333E-02, 9.9333E+00, 1.4667E+00,
19:11:31.95316209, 3.3333E-02, 1.0000E+01, 1.4667E+00,
19:11:31.95316214, 0.0000E+00, 1.0133E+01, 1.6000E+00,
19:11:31.95316219, 6.6667E-02, 1.0067E+01, 1.4667E+00,
19:11:31.95316224, 0.0000E+00, 1.0000E+01, 1.7333E+00,
19:11:31.95316229, 3.3333E-02, 1.0000E+01, 1.3333E+00,
19:11:31.95316234, 0.0000E+00, 9.9333E+00, 1.0667E+00,
19:11:31.95316239, 3.3333E-02, 9.9333E+00, 1.4667E+00,
19:11:31.95316244, 0.0000E+00, 9.9333E+00, 1.7333E+00,
19:11:31.95316249, 3.3333E-02, 1.0067E+01, 1.2000E+00,
19:11:31.95316254, 6.6667E-02, 9.9333E+00, 1.3333E+00,
19:11:31.95316259,-6.6667E-02, 1.0067E+01, 1.2000E+00,
19:11:31.95316264, 0.0000E+00, 9.9333E+00, 1.2000E+00,
19:11:31.95316269, 3.3333E-02, 1.0067E+01, 1.6000E+00,
19:11:31.95316274,-6.6667E-02, 1.0000E+01, 1.3333E+00,
19:11:31.95316279, 6.6667E-02, 1.0000E+01, 1.3333E+00,
19:11:31.95316284, 0.0000E+00, 1.0000E+01, 1.4667E+00,
19:11:31.95316289, 3.3333E-02, 1.0067E+01, 1.3333E+00,
19:11:31.95316294, 3.3333E-02, 1.0067E+01, 1.0667E+00,
19:11:31.95316299, 6.6667E-02, 1.0133E+01, 1.6000E+00,
19:11:31.95316304, 3.3333E-02, 1.0067E+01, 1.6000E+00,
19:11:31.95316309, 0.0000E+00, 1.0133E+01, 1.3333E+00,
19:11:31.95316314, 3.3333E-02, 1.0067E+01, 1.0667E+00,
19:11:31.95316319,-3.3333E-02, 1.0000E+01, 1.3333E+00,
19:11:31.95316324,-3.3333E-02, 9.9333E+00, 1.7333E+00,
19:11:31.95316329, 6.6667E-02, 9.9333E+00, 1.6000E+00,
19:11:31.95316334, 0.0000E+00, 1.0000E+01, 1.0667E+00,
19:11:31.95316339, 0.0000E+00, 1.0133E+01, 1.0667E+00,
19:11:31.95316344, 6.6667E-02, 9.9333E+00, 1.4667E+00,
19:11:31.95316349, 0.0000E+00, 1.0000E+01, 1.3333E+00,
19:11:31.95316354, 3.3333E-02, 1.0067E+01, 1.4667E+00,
19:11:31.95316359,-3.3333E-02, 1.0000E+01, 1.7333E+00,
19:11:31.95316364, 1.0000E-01, 1.0000E+01, 1.2000E+00,
19:11:31.95316369,-3.3333E-02, 9.9333E+00, 1.3333E+00,
19:11:31.95316374, 0.0000E+00, 1.0067E+01, 1.6000E+00,
19:11:31.95316379, 3.3333E-02, 9.9333E+00, 1.3333E+00,
19:11:31.95316384, 0.0000E+00, 9.9333E+00, 1.2000E+00,
19:11:31.95316389, 6.6667E-02, 1.0000E+01, 1.7333E+00,
19:11:31.95316394, 3.3333E-02, 1.0000E+01, 1.3333E+00,
19:11:31.95316399, 0.0000E+00, 1.0133E+01, 1.4667E+00,
19:11:31.95316404,-6.6667E-02, 9.9333E+00, 1.4667E+00,
19:11:31.95316409, 3.3333E-02, 1.0000E+01, 1.3333E+00,
19:11:31.95316414, 3.3333E-02, 1.0000E+01, 1.3333E+00,
19:11:31.95316419, 6.6667E-02, 1.0000E+01, 1.4667E+00,
19:11:31.95316424,-3.3333E-02, 9.9333E+00, 1.8667E+00,
19:11:31.95316429, 0.0000E+00, 1.0000E+01, 1.3333E+00,
19:11:31.95316434, 3.3333E-02, 1.0067E+01, 1.3333E+00,
19:11:31.95316439, 6.6667E-02, 9.9333E+00, 1.4667E+00,
19:11:31.95316444, 3.3333E-02, 9.9333E+00, 1.7333E+00,
19:11:31.95316449,-3.3333E-02, 1.0000E+01, 1.4667E+00,
19:11:31.95316454,-6.6667E-02, 9.9333E+00, 1.4667E+00,
19:11:31.95316459, 3.3333E-02, 1.0000E+01, 1.2000E+00,
19:11:31.95316464, 0.0000E+00, 1.0133E+01, 1.3333E+00,
19:11:31.95316469,-3.3333E-02, 1.0000E+01, 1.2000E+00,
19:11:31.95316474, 3.3333E-02, 1.0067E+01, 1.3333E+00,
19:11:31.95316479, 0.0000E+00, 1.0200E+01, 1.4667E+00,
19:11:31.95316484, 3.3333E-02, 9.9333E+00, 1.6000E+00,
19:11:31.95316489, 0.0000E+00, 1.0000E+01, 1.7333E+00,
19:11:31.95316494, 3.3333E-02, 1.0000E+01, 1.4667E+00,
19:11:31.95316499, 0.0000E+00, 1.0133E+01, 1.4667E+00,
19:11:31.95316504, 3.3333E-02, 1.0200E+01, 1.3333E+00,
19:11:31.95316509, 3.3333E-02, 1.0000E+01, 1.2000E+00,
19:11:31.95316514, 6.6667E-02, 9.9333E+00, 1.3333E+00,
19:11:31.95316519, 3.3333E-02, 1.0133E+01, 1.6000E+00,
19:11:31.95316524, 3.3333E-02, 1.0000E+01, 1.4667E+00,
19:11:31.95316529,-3.3333E-02, 1.0000E+01, 1.2000E+00,
19:11:31.95316534, 6.6667E-02, 1.0067E+01, 1.6000E+00,
19:11:31.95316539,-3.3333E-02, 1.0000E+01, 1.3333E+00,
19:11:31.95316544, 0.0000E+00, 1.0000E+01, 1.6000E+00,
19:11:31.95316549,-3.3333E-02, 9.9333E+00, 1.3333E+00,
19:11:31.95316554, 3.3333E-02, 9.9333E+00, 1.4667E+00,
19:11:31.95316559,-3.3333E-02, 9.9333E+00, 1.2000E+00,
19:11:31.95316564, 0.0000E+00, 9.9333E+00, 1.4667E+00,
19:11:31.95316569, 0.0000E+00, 9.9333E+00, 1.6000E+00,
19:11:31.95316574,-3.3333E-02, 1.0067E+01, 1.6000E+00,
19:11:31.95316579, 3.3333E-02, 1.0133E+01, 1.2000E+00,
19:11:31.95316584, 6.6667E-02, 9.9333E+00, 1.8667E+00,
19:11:31.95316589, 6.6667E-02, 9.9333E+00, 1.4667E+00,
19:11:31.95316594, 0.0000E+00, 1.0067E+01, 1.4667E+00,
19:11:31.95316599, 0.0000E+00, 9.9333E+00, 1.8667E+00,
19:11:31.95316604, 0.0000E+00, 1.0133E+01, 1.3333E+00,
19:11:31.95316609, 3.3333E-02, 1.0067E+01, 1.4667E+00,
19:11:31.95316614, 6.6667E-02, 9.9333E+00, 1.4667E+00,
19:11:31.95316619,-3.3333E-02, 9.9333E+00, 1.2000E+00,
19:11:31.95316624,-3.3333E-02, 9.9333E+00, 1.6000E+00,
19:11:31.95316629, 6.6667E-02, 1.0067E+01, 1.4667E+00,
19:11:31.95316634, 6.6667E-02, 9.9333E+00, 1.4667E+00,
19:11:31.95316639,-3.3333E-02, 1.0000E+01, 1.3333E+00,
19:11:31.95316644,-3.3333E-02, 1.0000E+01, 1.6000E+00,
19:11:31.95316649,-3.3333E-02, 1.0067E+01, 1.6000E+00,
19:11:31.95316654, 1.0000E-01, 1.0133E+01, 1.7333E+00,
19:11:31.95316659, 3.3333E-02, 1.0000E+01, 1.7333E+00,
19:11:31.95316664,-3.3333E-02, 1.0000E+01, 1.4667E+00,
19:11:31.95316669, 0.0000E+00, 1.0133E+01, 1.4667E+00,
19:11:31.95316674, 0.0000E+00, 1.0067E+01, 1.4667E+00,
19:11:31.95316679, 1.0000E-01, 1.0067E+01, 1.4667E+00,
19:11:31.95316684, 3.3333E-02, 1.0000E+01, 1.6000E+00,
19:11:31.95316689, 0.0000E+00, 9.9333E+00, 1.4667E+00,
19:11:31.95316694, 3.3333E-02, 9.9333E+00, 1.6000E+00,
19:11:31.95316699,-3.3333E-02, 1.0000E+01, 1.2000E+00,
19:11:31.95316704, 3.3333E-02, 9.9333E+00, 1.6000E+00,
19:11:31.95316709, 0.0000E+00, 1.0000E+01, 1.4667E+00,
19:11:31.95316714, 3.3333E-02, 1.0067E+01, 1.3333E+00,
19:11:31.95316719, 6.6667E-02, 9.9333E+00, 1.2000E+00,
19:11:31.95316724, 3.3333E-02, 9.9333E+00, 1.6000E+00,
19:11:31.95316729,-6.6667E-02, 9.9333E+00, 1.4667E+00,
19:11:31.95316734, 3.3333E-02, 1.0067E+01, 1.6000E+00,
19:11:31.95316739, 0.0000E+00, 1.0000E+01, 1.3333E+00,
19:11:31.95316744, 0.0000E+00, 9.9333E+00, 1.3333E+00,
19:11:31.95316749,-3.3333E-02, 9.9333E+00, 1.3333E+00,
19:11:31.95316754,-3.3333E-02, 1.0133E+01, 1.4667E+00,
19:11:31.95316759, 6.6667E-02, 1.0000E+01, 1.6000E+00,
19:11:31.95316764, 6.6667E-02, 1.0067E+01, 1.4667E+00,
19:11:31.95316769, 0.0000E+00, 1.0067E+01, 1.6000E+00,
19:11:31.95316774, 0.0000E+00, 1.0000E+01, 1.4667E+00,
19:11:31.95316779, 3.3333E-02, 1.0000E+01, 1.4667E+00,
19:11:31.95316784, 0.0000E+00, 9.9333E+00, 1.7333E+00,
19:11:31.95316789, 3.3333E-02, 1.0067E+01, 1.2000E+00,
19:11:31.95316794,-3.3333E-02, 1.0067E+01, 1.4667E+00,
19:11:31.95316799, 0.0000E+00, 1.0133E+01, 1.6000E+00,
19:11:31.95316804, 0.0000E+00, 9.9333E+00, 1.7333E+00,
19:11:31.95316809, 6.6667E-02, 1.0067E+01, 1.4667E+00,
19:11:31.95316814, 3.3333E-02, 9.9333E+00, 1.6000E+00,
19:11:31.95316819, 6.6667E-02, 9.9333E+00, 1.6000E+00,
19:11:31.95316824, 0.0000E+00, 1.0200E+01, 1.3333E+00,
19:11:31.95316829, 3.3333E-02, 1.0067E+01, 1.4667E+00,
19:11:31.95316834,-3.3333E-02, 1.0000E+01, 1.7333E+00,
19:11:31.95316839, 0.0000E+00, 9.9333E+00, 1.6000E+00,
19:11:31.95316844, 3.3333E-02, 1.0000E+01, 1.2000E+00,
19:11:31.95316849, 0.0000E+00, 9.9333E+00, 1.4667E+00,
19:11:31.95316854, 3.3333E-02, 9.9333E+00, 1.2000E+00,
19:11:31.95316859, 6.6667E-02, 1.0000E+01, 1.4667E+00,
19:11:31.95316864, 6.6667E-02, 1.0000E+01, 1.6000E+00,
19:11:31.95316869, 3.3333E-02, 1.0133E+01, 1.3333E+00,
19:11:31.95316874, 0.0000E+00, 1.0067E+01, 1.7333E+00,
19:11:31.95316879,-3.3333E-02, 1.0000E+01, 1.7333E+00,
19:11:31.95316884, 0.0000E+00, 9.9333E+00, 1.3333E+00,
19:11:31.95316889,-3.3333E-02, 1.0000E+01, 1.3333E+00,
19:11:31.95316894, 1.0000E-01, 1.0000E+01, 1.6000E+00,
19:11:31.95316899, 0.0000E+00, 9.9333E+00, 1.6000E+00,
19:11:31.95316904, 3.3333E-02, 1.0000E+01, 1.6000E+00,
19:11:31.95316909, 3.3333E-02, 1.0067E+01, 1.0667E+00,
19:11:31.95316914,-1.0000E-01, 1.0067E+01, 1.2000E+00,
19:11:31.95316919,-6.6667E-02, 1.0067E+01, 1.4667E+00,
19:11:31.95316924, 0.0000E+00, 1.0067E+01, 1.7333E+00,
19:11:31.95316929, 3.3333E-02, 1.0067E+01, 1.4667E+00,
19:11:31.95316934,-3.3333E-02, 9.9333E+00, 1.6000E+00,
19:11:31.95316939, 3.3333E-02, 1.0000E+01, 1.4667E+00,
19:11:31.95316944, 0.0000E+00, 1.0000E+01, 1.2000E+00,
19:11:31.95316949,-6.6667E-02, 9.9333E+00, 1.2000E+00,
19:11:31.95316954, 3.3333E-02, 1.0000E+01, 1.3333E+00,
19:11:31.95316959, 6.6667E-02, 1.0000E+01, 1.7333E+00,
19:11:31.95316964, 0.0000E+00, 1.0000E+01, 1.7333E+00,
19:11:31.95316969, 0.0000E+00, 9.9333E+00, 1.7333E+00,
19:11:31.95316974, 0.0000E+00, 1.0000E+01, 1.7333E+00,
19:11:31.95316979,-3.3333E-02, 9.9333E+00, 1.4667E+00,
19:11:31.95316984, 6.6667E-02, 1.0000E+01, 1.3333E+00,
19:11:31.95316989, 0.0000E+00, 9.9333E+00, 1.3333E+00,
19:11:31.95316994, 0.0000E+00, 1.0067E+01, 1.3333E+00,
19:11:31.95316999, 0.0000E+00, 1.0000E+01, 1.2000E+00,
19:11:31.95317004, 3.3333E-02, 9.9333E+00, 1.4667E+00,
19:11:31.95317009,-6.6667E-02, 9.9333E+00, 1.3333E+00,
19:11:31.95317014, 6.6667E-02, 1.0067E+01, 1.2000E+00,
19:11:31.95317019, 3.3333E-02, 1.0000E+01, 1.3333E+00,
19:11:31.95317024, 0.0000E+00, 9.9333E+00, 1.3333E+00,
19:11:31.95317029, 0.0000E+00, 1.0000E+01, 1.4667E+00,
19:11:31.95317034,-3.3333E-02, 1.0067E+01, 1.3333E+00,
19:11:31.95317039, 3.3333E-02, 1.0000E+01, 1.2000E+00,
19:11:31.95317044, 3.3333E-02, 1.0000E+01, 1.4667E+00,
19:11:31.95317049, 0.0000E+00, 1.0067E+01, 1.4667E+00,
19:11:31.95317054, 6.6667E-02, 1.0000E+01, 1.3333E+00,
19:11:31.95317059, 0.0000E+00, 9.9333E+00, 1.2000E+00,
19:11:31.95317064,-3.3333E-02, 1.0067E+01, 1.0667E+00,
19:11:31.95317069, 0.0000E+00, 1.0000E+01, 1.6000E+00,
19:11:31.95317074, 0.0000E+00, 1.0000E+01, 1.3333E+00,
19:11:31.95317079, 6.6667E-02, 1.0067E+01, 1.4667E+00,
19:11:31.95317084, 3.3333E-02, 1.0133E+01, 1.2000E+00,
19:11:31.95317089, 3.3333E-02, 1.0067E+01, 1.2000E+00,
19:11:31.95317094,-3.3333E-02, 1.0067E+01, 1.6000E+00,
19:11:31.95317099, 6.6667E-02, 9.9333E+00, 1.3333E+00,
19:11:31.95317104, 1.0000E-01, 1.0000E+01, 1.6000E+00,
19:11:31.95317109, 0.0000E+00, 1.0000E+01, 1.6000E+00,
19:11:31.95317114,-3.3333E-02, 1.0000E+01, 1.6000E+00,
19:11:31.95317119, 3.3333E-02, 1.0000E+01, 1.6000E+00,
19:11:31.95317124, 0.0000E+00, 1.0000E+01, 1.6000E+00,
19:11:31.95317129,-3.3333E-02, 9.9333E+00, 1.2000E+00,
19:11:31.95317134, 6.6667E-02, 1.0067E+01, 1.7333E+00,
19:11:31.95317139, 6.6667E-02, 1.0000E+01, 1.4667E+00,
19:11:31.95317144, 0.0000E+00, 9.9333E+00, 1.6000E+00,
19:11:31.95317149, 3.3333E-02, 1.0067E+01, 1.2000E+00,
19:11:31.95317154, 0.0000E+00, 9.9333E+00, 1.2000E+00,
19:11:31.95317159, 0.0000E+00, 9.9333E+00, 1.2000E+00,
19:11:31.95317164, 0.0000E+00, 9.9333E+00, 1.3333E+00,
19:11:31.95317169, 6.6667E-02, 1.0067E+01, 1.4667E+00,
19:11:31.95317174, 0.0000E+00, 9.9333E+00, 1.3333E+00,
19:11:31.95317179, 0.0000E+00, 9.9333E+00, 1.3333E+00,
19:11:31.95317184, 3.3333E-02, 1.0067E+01, 1.0667E+00,
19:11:31.95317189,-3.3333E-02, 9.9333E+00, 1.3333E+00,
19:11:31.95317194,-3.3333E-02, 1.0067E+01, 1.4667E+00,
19:11:31.95317199,-6.6667E-02, 9.9333E+00, 1.4667E+00,
19:11:31.95317204, 6.6667E-02, 1.0000E+01, 1.7333E+00,
19:11:31.95317209, 6.6667E-02, 1.0067E+01, 1.3333E+00,
19:11:31.95317214,-3.3333E-02, 1.0067E+01, 1.4667E+00,
19:11:31.95317219, 3.3333E-02, 9.9333E+00, 1.3333E+00,
19:11:31.95317224,-6.6667E-02, 9.9333E+00, 1.7333E+00,
19:11:31.95317229, 0.0000E+00, 1.0067E+01, 1.6000E+00,
19:11:31.95317234, 6.6667E-02, 1.0000E+01, 1.3333E+00,
19:11:31.95317239,-3.3333E-02, 1.0133E+01, 1.6000E+00,
19:11:31.95317244, 0.0000E+00, 1.0067E+01, 1.3333E+00,
19:11:31.95317249, 6.6667E-02, 1.0000E+01, 1.4667E+00,
19:11:31.95317254, 0.0000E+00, 9.9333E+00, 1.6000E+00,
19:11:31.95317259, 0.0000E+00, 1.0067E+01, 1.6000E+00,
19:11:31.95317264, 3.3333E-02, 1.0067E+01, 1.7333E+00,
19:11:31.95317269, 0.0000E+00, 1.0067E+01, 1.6000E+00,
19:11:31.95317274, 3.3333E-02, 9.9333E+00, 1.0667E+00,
19:11:31.95317279, 1.6667E-01, 9.9333E+00, 1.3333E+00,
19:11:31.95317284, 0.0000E+00, 9.9333E+00, 1.3333E+00,
19:11:31.95317289,-6.6667E-02, 9.9333E+00, 1.2000E+00,
19:11:31.95317294, 0.0000E+00, 1.0000E+01, 1.6000E+00,
19:11:31.95317299, 0.0000E+00, 1.0133E+01, 1.6000E+00,
19:11:31.95317304, 0.0000E+00, 1.0000E+01, 1.2000E+00,
19:11:31.95317309, 0.0000E+00, 1.0133E+01, 1.2000E+00,
19:11:31.95317314,-3.3333E-02, 1.0067E+01, 1.8667E+00,
19:11:31.95317319, 0.0000E+00, 1.0067E+01, 1.7333E+00,
19:11:31.95317324,-3.3333E-02, 1.0067E+01, 1.3333E+00,
19:11:31.95317329, 0.0000E+00, 9.9333E+00, 1.2000E+00,
19:11:31.95317334, 0.0000E+00, 1.0067E+01, 1.4667E+00,
19:11:31.95317339, 0.0000E+00, 1.0067E+01, 1.3333E+00,
19:11:31.95317344, 0.0000E+00, 9.9333E+00, 1.3333E+00,
19:11:31.95317349, 3.3333E-02, 1.0067E+01, 1.4667E+00,
19:11:31.95317354,-3.3333E-02, 9.9333E+00, 1.7333E+00,
19:11:31.95317359, 3.3333E-02, 1.0000E+01, 1.4667E+00,
19:11:31.95317364, 3.3333E-02, 9.9333E+00, 1.4667E+00,
19:11:31.95317369, 0.0000E+00, 9.9333E+00, 1.3333E+00,
19:11:31.95317374, 0.0000E+00, 9.9333E+00, 1.2000E+00,
19:11:31.95317379, 0.0000E+00, 1.0000E+01, 1.4667E+00,
19:11:31.95317384, 3.3333E-02, 1.0000E+01, 1.4667E+00,
19:11:31.95317389, 0.0000E+00, 9.9333E+00, 1.0667E+00,
19:11:31.95317394, 0.0000E+00, 1.0067E+01, 1.4667E+00,
19:11:31.95317399, 0.0000E+00, 9.9333E+00, 1.8667E+00,
19:11:31.95317404, 3.3333E-02, 9.9333E+00, 1.7333E+00,
19:11:31.95317409, 0.0000E+00, 1.0000E+01, 1.6000E+00,
19:11:31.95317414, 3.3333E-02, 9.9333E+00, 1.7333E+00,
19:11:31.95317419,-3.3333E-02, 1.0133E+01, 1.4667E+00,
19:11:31.95317424, 3.3333E-02, 9.9333E+00, 1.6000E+00,
19:11:31.95317429, 3.3333E-02, 1.0067E+01, 1.4667E+00,
19:11:31.95317434,-3.3333E-02, 9.9333E+00, 1.3333E+00,
19:11:31.95317439, 6.6667E-02, 1.0067E+01, 1.2000E+00,
19:11:31.95317444, 3.3333E-02, 1.0000E+01, 1.2000E+00,
19:11:31.95317449,-3.3333E-02, 1.0000E+01, 1.6000E+00,
19:11:31.95317454,-6.6667E-02, 9.9333E+00, 1.3333E+00,
19:11:31.95317459, 3.3333E-02, 9.9333E+00, 1.3333E+00,
19:11:31.95317464, 3.3333E-02, 1.0067E+01, 1.4667E+00,
19:11:31.95317469,-3.3333E-02, 9.9333E+00, 1.4667E+00,
19:11:31.95317474, 0.0000E+00, 9.9333E+00, 1.8667E+00,
19:11:31.95317479, 0.0000E+00, 9.9333E+00, 1.2000E+00,
19:11:31.95317484, 0.0000E+00, 1.0000E+01, 1.3333E+00,
19:11:31.95317489, 1.0000E-01, 1.0000E+01, 1.2000E+00,
19:11:31.95317494, 3.3333E-02, 9.9333E+00, 1.3333E+00,
19:11:31.95317499, 3.3333E-02, 1.0000E+01, 1.4667E+00,
19:11:31.95317504, 0.0000E+00, 1.0000E+01, 1.4667E+00,
19:11:31.95317509,-3.3333E-02, 1.0067E+01, 1.4667E+00,
19:11:31.95317514, 0.0000E+00, 9.9333E+00, 1.3333E+00,
19:11:31.95317519, 3.3333E-02, 1.0067E+01, 1.7333E+00,
19:11:31.95317524, 1.0000E-01, 9.9333E+00, 1.7333E+00,
19:11:31.95317529, 3.3333E-02, 1.0067E+01, 1.4667E+00,
19:11:31.95317534,-6.6667E-02, 1.0067E+01, 1.4667E+00,
19:11:31.95317539, 3.3333E-02, 1.0133E+01, 1.4667E+00,
19:11:31.95317544, 3.3333E-02, 1.0000E+01, 1.2000E+00,
19:11:31.95317549, 3.3333E-02, 1.0067E+01, 1.6000E+00,
19:11:31.95317554, 3.3333E-02, 1.0133E+01, 1.6000E+00,
19:11:31.95317559,-6.6667E-02, 1.0067E+01, 1.2000E+00,
19:11:31.95317564,-3.3333E-02, 1.0000E+01, 1.3333E+00,
19:11:31.95317569, 6.6667E-02, 9.9333E+00, 1.4667E+00,
19:11:31.95317574, 0.0000E+00, 1.0067E+01, 1.6000E+00,
19:11:31.95317579, 3.3333E-02, 1.0000E+01, 1.2000E+00,
19:11:31.95317584, 6.6667E-02, 1.0000E+01, 1.3333E+00,
19:11:31.95317589, 0.0000E+00, 1.0067E+01, 1.4667E+00,
19:11:31.95317594, 3.3333E-02, 1.0000E+01, 1.6000E+00,
19:11:31.95317599, 3.3333E-02, 9.9333E+00, 1.7333E+00,
19:11:31.95317604, 1.0000E-01, 1.0067E+01, 1.7333E+00,
19:11:31.95317609, 0.0000E+00, 1.0000E+01, 1.7333E+00,
19:11:31.95317614,-3.3333E-02, 9.9333E+00, 1.6000E+00,
19:11:31.95317619, 1.0000E-01, 9.9333E+00, 1.3333E+00,
19:11:31.95317624,-6.6667E-02, 1.0133E+01, 1.2000E+00,
19:11:31.95317629, 3.3333E-02, 1.0000E+01, 1.4667E+00,
19:11:31.95317634,-6.6667E-02, 1.0000E+01, 1.4667E+00,
19:11:31.95317639, 0.0000E+00, 1.0000E+01, 1.6000E+00,
19:11:31.95317644, 0.0000E+00, 1.0000E+01, 1.6000E+00,
19:11:31.95317649,-3.3333E-02, 1.0000E+01, 1.8667E+00,
19:11:31.95317654, 3.3333E-02, 9.8667E+00, 1.6000E+00,
19:11:31.95317659, 3.3333E-02, 1.0067E+01, 1.4667E+00,
19:11:31.95317664, 0.0000E+00, 1.0067E+01, 1.4667E+00,
19:11:31.95317669, 0.0000E+00, 1.0067E+01, 1.4667E+00,
19:11:31.95317674, 3.3333E-02, 1.0000E+01, 1.6000E+00,
19:11:31.95317679,-3.3333E-02, 1.0000E+01, 1.4667E+00,
19:11:31.95317684, 3.3333E-02, 9.9333E+00, 1.0667E+00,
19:11:31.95317689, 3.3333E-02, 9.9333E+00, 1.3333E+00,
19:11:31.95317694, 6.6667E-02, 9.9333E+00, 1.4667E+00,
19:11:31.95317699, 0.0000E+00, 1.0067E+01, 1.6000E+00,
19:11:31.95317704, 0.0000E+00, 1.0000E+01, 1.4667E+00,
19:11:31.95317709,-6.6667E-02, 1.0067E+01, 1.7333E+00,
19:11:31.95317714, 3.3333E-02, 1.0133E+01, 1.3333E+00,
19:11:31.95317719, 0.0000E+00, 1.0000E+01, 1.3333E+00,
19:11:31.95317724, 3.3333E-02, 1.0000E+01, 1.3333E+00,
19:11:31.95317729,-3.3333E-02, 1.0000E+01, 1.3333E+00,
19:11:31.95317734, 3.3333E-02, 1.0067E+01, 1.3333E+00,
19:11:31.95317739, 0.0000E+00, 9.9333E+00, 1.7333E+00,
19:11:31.95317744,-6.6667E-02, 1.0000E+01, 1.3333E+00,
19:11:31.95317749,-6.6667E-02, 9.9333E+00, 1.6000E+00,
19:11:31.95317754, 0.0000E+00, 9.9333E+00, 1.3333E+00,
19:11:31.95317759, 3.3333E-02, 1.0000E+01, 1.6000E+00,
19:11:31.95317764,-6.6667E-02, 1.0000E+01, 1.6000E+00,
19:11:31.95317769, 3.3333E-02, 1.0067E+01, 1.4667E+00,
19:11:31.95317774,-3.3333E-02, 1.0067E+01, 1.6000E+00,
19:11:31.95317779, 0.0000E+00, 1.0067E+01, 1.4667E+00,
19:11:31.95317784, 3.3333E-02, 9.9333E+00, 1.3333E+00,
19:11:31.95317789,-6.6667E-02, 9.9333E+00, 1.6000E+00,
19:11:31.95317794, 6.6667E-02, 9.9333E+00, 1.8667E+00,
19:11:31.95317799, 0.0000E+00, 9.9333E+00, 1.6000E+00,
19:11:31.95317804, 6.6667E-02, 9.9333E+00, 1.4667E+00,
19:11:31.95317809,-6.6667E-02, 1.0000E+01, 1.4667E+00,
19:11:31.95317814,-3.3333E-02, 9.9333E+00, 1.7333E+00,
19:11:31.95317819, 3.3333E-02, 1.0000E+01, 1.3333E+00,
19:11:31.95317824, 3.3333E-02, 9.9333E+00, 1.2000E+00,
19:11:31.95317829,-6.6667E-02, 9.9333E+00, 1.4667E+00,
19:11:31.95317834, 3.3333E-02, 9.9333E+00, 1.3333E+00,
19:11:31.95317839,-3.3333E-02, 9.9333E+00, 1.7333E+00,
19:11:31.95317844,-3.3333E-02, 1.0000E+01, 1.4667E+00,
19:11:31.95317849,-1.0000E-01, 1.0133E+01, 1.7333E+00,
19:11:31.95317854, 1.3333E-01, 1.0000E+01, 1.4667E+00,
19:11:31.95317859, 3.3333E-02, 1.0000E+01, 1.3333E+00,
19:11:31.95317864, 6.6667E-02, 1.0000E+01, 1.2000E+00,
19:11:31.95317869,-3.3333E-02, 1.0067E+01, 1.3333E+00,
19:11:31.95317874, 3.3333E-02, 1.0000E+01, 1.2000E+00,
19:11:31.95317879, 3.3333E-02, 1.0133E+01, 1.6000E+00,
19:11:31.95317884, 0.0000E+00, 1.0133E+01, 1.3333E+00,
19:11:31.95317889, 6.6667E-02, 1.0000E+01, 1.4667E+00,
19:11:31.95317894, 0.0000E+00, 1.0067E+01, 1.7333E+00,
19:11:31.95317899, 0.0000E+00, 1.0000E+01, 1.8667E+00,
19:11:31.95317904, 0.0000E+00, 1.0200E+01, 1.7333E+00,
19:11:31.95317909, 6.6667E-02, 9.9333E+00, 1.6000E+00,
19:11:31.95317914, 0.0000E+00, 1.0000E+01, 1.3333E+00,
19:11:31.95317919, 3.3333E-02, 9.9333E+00, 1.6000E+00,
19:11:31.95317924,-3.3333E-02, 1.0067E+01, 1.4667E+00,
19:11:31.95317929, 0.0000E+00, 1.0000E+01, 1.4667E+00,
19:11:31.95317934,-3.3333E-02, 1.0067E+01, 1.4667E+00,
19:11:31.95317939,-3.3333E-02, 9.9333E+00, 1.7333E+00,
19:11:31.95317944, 3.3333E-02, 9.9333E+00, 1.3333E+00,
19:11:31.95317949, 0.0000E+00, 1.0067E+01, 1.2000E+00,
19:11:31.95317954, 5.0000E-01, 1.0067E+01, 1.8667E+00,
19:11:31.95317959, 2.6667E+00, 1.0000E+01, 1.6000E+00,
19:11:31.95317964, 4.5333E+00, 1.0000E+01, 1.4667E+00,
19:11:31.95317969, 4.9667E+00, 1.0067E+01, 1.7333E+00,
19:11:31.95317974, 4.9000E+00, 1.0000E+01, 1.3333E+00,
19:11:31.95317979, 4.9000E+00, 1.0067E+01, 1.4667E+00,
19:11:31.95317984, 4.9333E+00, 1.0000E+01, 1.7333E+00,
19:11:31.95317989, 4.8333E+00, 1.0067E+01, 1.6000E+00,
19:11:31.95317994, 4.8667E+00, 1.0000E+01, 1.7333E+00,
19:11:31.95317999, 4.8333E+00, 1.0067E+01, 1.7333E+00,
19:11:31.95318004, 4.7667E+00, 1.0133E+01, 1.6000E+00,
19:11:31.95318009, 4.8000E+00, 1.0000E+01, 1.8667E+00,
19:11:31.95318014, 4.7667E+00, 1.0000E+01, 1.2000E+00,
19:11:31.95318019, 4.8000E+00, 1.0067E+01, 1.4667E+00,
19:11:31.95318024, 4.7333E+00, 9.9333E+00, 1.4667E+00,
19:11:31.95318029, 4.7667E+00, 1.0067E+01, 1.7333E+00,
19:11:31.95318034, 4.6667E+00, 9.8667E+00, 1.2000E+00,
19:11:31.95318039, 4.7667E+00, 1.0000E+01, 1.3333E+00,
19:11:31.95318044, 4.6667E+00, 1.0067E+01, 1.6000E+00,
19:11:31.95318049, 4.6333E+00, 1.0067E+01, 9.3333E-01,
19:11:31.95318054, 4.6667E+00, 1.0000E+01, 1.4667E+00,
19:11:31.95318059, 4.6333E+00, 1.0000E+01, 1.4667E+00,
19:11:31.95318064, 4.6000E+00, 1.0067E+01, 1.0667E+00,
19:11:31.95318069, 4.6000E+00, 1.0000E+01, 1.3333E+00,
19:11:31.95318074, 4.5333E+00, 1.0000E+01, 1.4667E+00,
19:11:31.95318079, 4.5667E+00, 1.0067E+01, 1.0667E+00,
19:11:31.95318084, 4.5333E+00, 9.8667E+00, 1.2000E+00,
19:11:31.95318089, 4.5333E+00, 1.0000E+01, 1.6000E+00,
19:11:31.95318094, 4.5000E+00, 1.0067E+01, 1.6000E+00,
19:11:31.95318099, 4.5667E+00, 1.0000E+01, 1.3333E+00,
19:11:31.95318104, 4.5000E+00, 1.0000E+01, 1.4667E+00,
19:11:31.95318109, 4.4333E+00, 9.9333E+00, 1.4667E+00,
19:11:31.95318114, 4.4667E+00, 9.9333E+00, 1.6000E+00,
19:11:31.95318119, 4.4667E+00, 1.0067E+01, 1.4667E+00,
19:11:31.95318124, 4.4000E+00, 1.0133E+01, 1.4667E+00,
19:11:31.95318129, 4.3667E+00, 9.9333E+00, 1.3333E+00,
19:11:31.95318134, 4.3667E+00, 1.0067E+01, 1.4667E+00,
19:11:31.95318139, 4.3333E+00, 9.9333E+00, 1.4667E+00,
19:11:31.95318144, 4.4333E+00, 9.9333E+00, 1.7333E+00,
19:11:31.95318149, 4.3333E+00, 1.0000E+01, 1.4667E+00,
19:11:31.95318154, 4.2667E+00, 1.0000E+01, 1.7333E+00,
19:11:31.95318159, 4.2667E+00, 9.9333E+00, 1.6000E+00,
19:11:31.95318164, 4.3000E+00, 9.9333E+00, 1.2000E+00,
19:11:31.95318169, 4.3333E+00, 1.0000E+01, 1.2000E+00,
19:11:31.95318174, 4.2333E+00, 1.0000E+01, 1.6000E+00,
19:11:31.95318179, 4.2333E+00, 1.0067E+01, 1.4667E+00,
19:11:31.95318184, 4.2000E+00, 9.9333E+00, 1.7333E+00,
19:11:31.95318189, 4.2333E+00, 1.0000E+01, 1.4667E+00,
19:11:31.95318194, 4.2000E+00, 1.0067E+01, 1.3333E+00,
19:11:31.95318199, 4.1000E+00, 9.9333E+00, 1.2000E+00,
19:11:31.95318204, 4.1667E+00, 9.9333E+00, 1.4667E+00,
19:11:31.95318209, 4.1667E+00, 9.9333E+00, 1.4667E+00,
19:11:31.95318214, 4.1333E+00, 1.0000E+01, 1.3333E+00,
19:11:31.95318219, 4.1000E+00, 1.0000E+01, 1.3333E+00,
19:11:31.95318224, 4.0667E+00, 9.9333E+00, 1.3333E+00,
19:11:31.95318229, 4.1000E+00, 1.0000E+01, 1.3333E+00,
19:11:31.95318234, 4.1333E+00, 9.9333E+00, 1.6000E+00,
19:11:31.95318239, 3.9667E+00, 1.0133E+01, 1.4667E+00,
19:11:31.95318244, 4.0333E+00, 1.0000E+01, 1.7333E+00,
19:11:31.95318249, 4.1667E+00, 1.0067E+01, 1.7333E+00,
19:11:31.95318254, 4.2000E+00, 9.9333E+00, 1.3333E+00,
19:11:31.95318259, 4.0667E+00, 1.0067E+01, 1.2000E+00,
19:11:31.95318264, 4.1000E+00, 1.0000E+01, 1.4667E+00,
19:11:31.95318269, 4.0667E+00, 1.0067E+01, 1.4667E+00,
19:11:31.95318274, 4.0667E+00, 1.0067E+01, 1.4667E+00,
19:11:31.95318279, 4.0333E+00, 9.9333E+00, 1.7333E+00,
19:11:31.95318284, 4.0667E+00, 1.0133E+01, 1.6000E+00,
19:11:31.95318289, 4.0667E+00, 1.0200E+01, 1.4667E+00,
19:11:31.95318294, 4.1000E+00, 9.9333E+00, 1.3333E+00,
19:11:31.95318299, 4.1000E+00, 1.0000E+01, 1.3333E+00,
19:11:31.95318304, 4.1000E+00, 1.0067E+01, 1.6000E+00,
19:11:31.95318309, 4.0333E+00, 9.9333E+00, 1.6000E+00,
19:11:31.95318314, 4.0667E+00, 1.0000E+01, 1.4667E+00,
19:11:31.95318319, 4.1000E+00, 9.8667E+00, 1.4667E+00,
19:11:31.95318324, 4.0667E+00, 1.0133E+01, 1.6000E+00,
19:11:31.95318329, 4.0667E+00, 9.9333E+00, 1.7333E+00,
19:11:31.95318334, 4.0667E+00, 1.0067E+01, 1.7333E+00,
19:11:31.95318339, 4.1000E+00, 1.0267E+01, 1.6000E+00,
19:11:31.95318344, 4.1667E+00, 9.9333E+00, 1.6000E+00,
19:11:31.95318349, 4.1333E+00, 9.9333E+00, 1.4667E+00,
19:11:31.95318354, 4.1000E+00, 9.9333E+00, 1.4667E+00,
19:11:31.95318359, 4.1667E+00, 1.0000E+01, 1.6000E+00,
19:11:31.95318364, 4.1000E+00, 1.0067E+01, 1.6000E+00,
19:11:31.95318369, 4.0667E+00, 9.9333E+00, 1.3333E+00,
19:11:31.95318374, 4.1333E+00, 1.0133E+01, 1.6000E+00,
19:11:31.95318379, 4.1333E+00, 1.0000E+01, 1.8667E+00,
19:11:31.95318384, 4.0667E+00, 1.0000E+01, 1.7333E+00,
19:11:31.95318389, 4.0667E+00, 9.9333E+00, 1.3333E+00,
19:11:31.95318394, 4.1000E+00, 1.0000E+01, 1.3333E+00,
19:11:31.95318399, 4.0667E+00, 1.0000E+01, 1.2000E+00,
19:11:31.95318404, 4.0667E+00, 9.9333E+00, 1.2000E+00,
19:11:31.95318409, 4.1333E+00, 1.0000E+01, 1.4667E+00,
19:11:31.95318414, 4.1333E+00, 1.0000E+01, 1.4667E+00,
19:11:31.95318419, 4.1000E+00, 1.0000E+01, 1.6000E+00,
19:11:31.95318424, 4.0667E+00, 1.0000E+01, 1.7333E+00,
19:11:31.95318429, 4.1333E+00, 1.0000E+01, 1.4667E+00,
19:11:31.95318434, 4.1000E+00, 1.0133E+01, 1.6000E+00,
19:11:31.95318439, 4.1000E+00, 9.9333E+00, 1.3333E+00,
19:11:31.95318444, 4.1000E+00, 9.9333E+00, 1.4667E+00,
19:11:31.95318449, 4.2333E+00, 9.9333E+00, 1.3333E+00,
19:11:31.95318454, 4.0000E+00, 1.0067E+01, 1.3333E+00,
19:11:31.95318459, 4.0333E+00, 1.0000E+01, 1.7333E+00,
19:11:31.95318464, 4.1000E+00, 1.0000E+01, 1.4667E+00,
19:11:31.95318469, 4.1000E+00, 1.0000E+01, 1.3333E+00,
19:11:31.95318474, 4.0667E+00, 1.0067E+01, 1.2000E+00,
19:11:31.95318479, 4.1667E+00, 9.9333E+00, 1.3333E+00,
19:11:31.95318484, 4.1333E+00, 1.0067E+01, 1.4667E+00,
19:11:31.95318489, 4.1000E+00, 9.9333E+00, 1.4667E+00,
19:11:31.95318494, 4.1000E+00, 1.0000E+01, 1.4667E+00,
19:11:31.95318499, 4.1333E+00, 9.9333E+00, 1.7333E+00,
19:11:31.95318504, 4.1000E+00, 1.0000E+01, 1.4667E+00,
19:11:31.95318509, 4.0000E+00, 1.0000E+01, 1.3333E+00,
19:11:31.95318514, 4.1000E+00, 1.0133E+01, 1.8667E+00,
19:11:31.95318519, 4.0000E+00, 1.0000E+01, 1.2000E+00,
19:11:31.95318524, 4.1000E+00, 1.0067E+01, 1.6000E+00,
19:11:31.95318529, 4.1000E+00, 1.0067E+01, 1.7333E+00,
19:11:31.95318534, 4.0667E+00, 9.9333E+00, 1.4667E+00,
19:11:31.95318539, 4.1000E+00, 1.0000E+01, 1.7333E+00,
19:11:31.95318544, 4.1000E+00, 1.0067E+01, 1.4667E+00,
19:11:31.95318549, 4.0667E+00, 1.0000E+01, 1.6000E+00,
19:11:31.95318554, 4.1000E+00, 1.0067E+01, 1.3333E+00,
19:11:31.95318559, 4.0333E+00, 1.0067E+01, 1.7333E+00,
19:11:31.95318564, 4.1000E+00, 1.0000E+01, 1.2000E+00,
19:11:31.95318569, 4.0333E+00, 1.0000E+01, 1.3333E+00,
19:11:31.95318574, 4.0667E+00, 1.0067E+01, 1.4667E+00,
19:11:31.95318579, 4.1000E+00, 1.0067E+01, 1.7333E+00,
19:11:31.95318584, 4.1000E+00, 1.0000E+01, 1.7333E+00,
19:11:31.95318589, 4.1000E+00, 1.0000E+01, 1.6000E+00,
19:11:31.95318594, 4.0667E+00, 9.9333E+00, 1.3333E+00,
19:11:31.95318599, 4.1333E+00, 1.0000E+01, 1.3333E+00,
19:11:31.95318604, 4.1000E+00, 1.0000E+01, 1.2000E+00,
19:11:31.95318609, 4.0667E+00, 9.9333E+00, 1.3333E+00,
19:11:31.95318614, 4.0667E+00, 9.9333E+00, 1.6000E+00,
19:11:31.95318619, 4.0667E+00, 9.9333E+00, 1.4667E+00,
19:11:31.95318624, 4.0667E+00, 1.0067E+01, 1.6000E+00,
19:11:31.95318629, 4.0333E+00, 9.9333E+00, 1.6000E+00,
19:11:31.95318634, 4.1000E+00, 1.0067E+01, 1.8667E+00,
19:11:31.95318639, 4.1333E+00, 9.9333E+00, 1.0667E+00,
19:11:31.95318644, 4.1000E+00, 9.9333E+00, 1.6000E+00,
19:11:31.95318649, 4.1000E+00, 1.0067E+01, 1.6000E+00,
19:11:31.95318654, 4.1000E+00, 1.0000E+01, 1.2000E+00,
19:11:31.95318659, 4.0667E+00, 9.9333E+00, 1.7333E+00,
19:11:31.95318664, 4.0333E+00, 1.0067E+01, 1.3333E+00,
19:11:31.95318669, 4.0667E+00, 1.0067E+01, 1.6000E+00,
19:11:31.95318674, 4.0000E+00, 1.0133E+01, 1.6000E+00,
19:11:31.95318679, 4.1000E+00, 1.0200E+01, 1.7333E+00,
19:11:31.95318684, 4.0667E+00, 1.0067E+01, 1.7333E+00,
19:11:31.95318689, 4.0333E+00, 9.9333E+00, 1.6000E+00,
19:11:31.95318694, 4.0667E+00, 1.0067E+01, 1.2000E+00,
19:11:31.95318699, 4.0333E+00, 9.9333E+00, 1.3333E+00,
19:11:31.95318704, 4.0333E+00, 9.9333E+00, 1.6000E+00,
19:11:31.95318709, 4.1000E+00, 1.0000E+01, 1.3333E+00,
19:11:31.95318714, 4.1000E+00, 1.0000E+01, 1.2000E+00,
19:11:31.95318719, 4.0667E+00, 9.9333E+00, 1.2000E+00,
19:11:31.95318724, 4.1333E+00, 9.9333E+00, 1.6000E+00,
19:11:31.95318729, 4.1667E+00, 1.0000E+01, 1.6000E+00,
19:11:31.95318734, 4.1667E+00, 1.0000E+01, 1.2000E+00,
19:11:31.95318739, 4.1667E+00, 1.0067E+01, 1.3333E+00,
19:11:31.95318744, 4.1333E+00, 1.0133E+01, 1.3333E+00,
19:11:31.95318749, 4.1000E+00, 1.0133E+01, 1.4667E+00,
19:11:31.95318754, 4.1000E+00, 1.0000E+01, 1.3333E+00,
19:11:31.95318759, 4.1333E+00, 1.0067E+01, 1.4667E+00,
19:11:31.95318764, 4.0000E+00, 9.9333E+00, 1.6000E+00,
19:11:31.95318769, 4.1667E+00, 1.0000E+01, 1.4667E+00,
19:11:31.95318774, 4.0667E+00, 9.9333E+00, 1.3333E+00,
19:11:31.95318779, 4.1333E+00, 1.0000E+01, 1.4667E+00,
19:11:31.95318784, 4.1667E+00, 9.9333E+00, 1.4667E+00,
19:11:31.95318789, 4.0667E+00, 1.0000E+01, 1.2000E+00,
19:11:31.95318794, 4.1333E+00, 1.0067E+01, 1.3333E+00,
19:11:31.95318799, 4.1333E+00, 9.9333E+00, 1.7333E+00,
19:11:31.95318804, 4.0333E+00, 1.0000E+01, 1.2000E+00,
19:11:31.95318809, 4.0667E+00, 9.9333E+00, 1.4667E+00,
19:11:31.95318814, 4.1333E+00, 1.0133E+01, 1.4667E+00,
19:11:31.95318819, 4.0333E+00, 1.0067E+01, 1.4667E+00,
19:11:31.95318824, 4.0667E+00, 1.0067E+01, 1.7333E+00,
19:11:31.95318829, 4.0667E+00, 9.9333E+00, 1.4667E+00,
19:11:31.95318834, 4.1667E+00, 1.0067E+01, 1.4667E+00,
19:11:31.95318839, 4.1000E+00, 1.0067E+01, 1.3333E+00,
19:11:31.95318844, 4.1000E+00, 1.0000E+01, 1.6000E+00,
19:11:31.95318849, 4.1000E+00, 1.0067E+01, 1.4667E+00,
19:11:31.95318854, 4.0667E+00, 1.0200E+01, 1.8667E+00,
19:11:31.95318859, 4.1667E+00, 1.0067E+01, 1.3333E+00,
19:11:31.95318864, 4.1667E+00, 1.0000E+01, 1.6000E+00,
19:11:31.95318869, 4.1000E+00, 1.0067E+01, 1.8667E+00,
19:11:31.95318874, 4.0000E+00, 1.0000E+01, 1.6000E+00,
19:11:31.95318879, 4.0333E+00, 1.0067E+01, 1.6000E+00,
19:11:31.95318884, 4.1000E+00, 1.0000E+01, 1.3333E+00,
19:11:31.95318889, 4.0667E+00, 9.9333E+00, 1.3333E+00,
19:11:31.95318894, 4.1333E+00, 1.0067E+01, 1.7333E+00,
19:11:31.95318899, 4.1333E+00, 1.0000E+01, 1.6000E+00,
19:11:31.95318904, 4.1000E+00, 1.0133E+01, 1.6000E+00,
19:11:31.95318909, 4.1000E+00, 9.9333E+00, 1.6000E+00,
19:11:31.95318914, 4.1000E+00, 9.9333E+00, 1.2000E+00,
19:11:31.95318919, 4.1000E+00, 1.0067E+01, 1.2000E+00,
19:11:31.95318924, 4.1333E+00, 1.0000E+01, 1.6000E+00,
19:11:31.95318929, 4.1333E+00, 1.0000E+01, 1.3333E+00,
19:11:31.95318934, 4.0667E+00, 1.0067E+01, 1.6000E+00,
19:11:31.95318939, 4.0000E+00, 1.0133E+01, 1.3333E+00,
19:11:31.95318944, 4.1333E+00, 9.9333E+00, 1.4667E+00,
19:11:31.95318949, 4.0667E+00, 1.0067E+01, 1.8667E+00,
19:11:31.95318954, 4.0333E+00, 1.0067E+01, 1.4667E+00,
19:11:31.95318959, 4.1000E+00, 1.0000E+01, 1.6000E+00,
19:11:31.95318964, 4.1000E+00, 1.0000E+01, 1.6000E+00,
19:11:31.95318969, 4.1333E+00, 1.0000E+01, 1.4667E+00,
19:11:31.95318974, 4.1333E+00, 1.0000E+01, 1.6000E+00,
19:11:31.95318979, 4.1000E+00, 1.0000E+01, 1.7333E+00,
19:11:31.95318984, 4.1333E+00, 1.0133E+01, 1.3333E+00,
19:11:31.95318989, 4.0667E+00, 1.0000E+01, 1.6000E+00,
19:11:31.95318994, 4.1000E+00, 1.0000E+01, 1.3333E+00,
19:11:31.95318999, 4.0333E+00, 1.0067E+01, 1.0667E+00,
19:11:31.95319004, 4.1333E+00, 1.0000E+01, 1.3333E+00,
19:11:31.95319009, 4.1000E+00, 9.9333E+00, 1.3333E+00,
19:11:31.95319014, 4.0667E+00, 1.0067E+01, 1.4667E+00,
19:11:31.95319019, 4.1667E+00, 9.9333E+00, 1.7333E+00,
19:11:31.95319024, 4.1667E+00, 9.9333E+00, 1.6000E+00,
19:11:31.95319029, 4.1667E+00, 1.0067E+01, 1.3333E+00,
19:11:31.95319034, 4.1333E+00, 9.9333E+00, 1.6000E+00,
19:11:31.95319039, 4.1333E+00, 1.0000E+01, 1.3333E+00,
19:11:31.95319044, 4.1667E+00, 1.0000E+01, 1.7333E+00,
19:11:31.95319049, 4.0667E+00, 1.0067E+01, 1.2000E+00,
19:11:31.95319054, 4.1000E+00, 1.0000E+01, 1.7333E+00,
19:11:31.95319059, 4.1000E+00, 1.0000E+01, 1.7333E+00,
19:11:31.95319064, 4.1333E+00, 1.0000E+01, 1.7333E+00,
19:11:31.95319069, 4.1667E+00, 9.9333E+00, 1.4667E+00,
19:11:31.95319074, 4.0667E+00, 1.0133E+01, 1.4667E+00,
19:11:31.95319079, 4.1333E+00, 1.0067E+01, 1.6000E+00,
19:11:31.95319084, 4.1667E+00, 1.0067E+01, 1.4667E+00,
19:11:31.95319089, 4.1333E+00, 1.0067E+01, 1.7333E+00,
19:11:31.95319094, 4.1000E+00, 9.9333E+00, 1.7333E+00,
19:11:31.95319099, 4.0667E+00, 9.9333E+00, 1.6000E+00,
19:11:31.95319104, 4.1000E+00, 1.0067E+01, 1.4667E+00,
19:11:31.95319109, 4.1333E+00, 9.9333E+00, 1.8667E+00,
19:11:31.95319114, 4.0667E+00, 9.9333E+00, 1.6000E+00,
19:11:31.95319119, 4.1000E+00, 1.0000E+01, 1.6000E+00,
19:11:31.95319124, 4.1000E+00, 9.9333E+00, 1.4667E+00,
19:11:31.95319129, 4.1333E+00, 1.0000E+01, 1.4667E+00,
19:11:31.95319134, 4.0667E+00, 1.0000E+01, 1.7333E+00,
19:11:31.95319139, 4.1000E+00, 1.0000E+01, 1.0667E+00,
19:11:31.95319144, 4.1000E+00, 1.0067E+01, 1.2000E+00,
19:11:31.95319149, 4.2000E+00, 1.0067E+01, 1.3333E+00,
19:11:31.95319154, 4.1000E+00, 1.0000E+01, 1.7333E+00,
19:11:31.95319159, 4.2000E+00, 1.0000E+01, 1.6000E+00,
19:11:31.95319164, 4.1333E+00, 1.0067E+01, 1.7333E+00,
19:11:31.95319169, 4.0667E+00, 1.0000E+01, 1.6000E+00,
19:11:31.95319174, 4.1333E+00, 1.0067E+01, 1.4667E+00,
19:11:31.95319179, 4.1000E+00, 1.0067E+01, 1.4667E+00,
19:11:31.95319184, 4.0667E+00, 1.0067E+01, 1.4667E+00,
19:11:31.95319189, 4.1333E+00, 1.0067E+01, 1.2000E+00,
19:11:31.95319194, 4.1000E+00, 1.0000E+01, 1.3333E+00,
19:11:31.95319199, 4.1333E+00, 1.0067E+01, 1.3333E+00,
19:11:31.95319204, 4.1000E+00, 9.9333E+00, 1.6000E+00,
19:11:31.95319209, 4.1000E+00, 1.0067E+01, 1.6000E+00,
19:11:31.95319214, 4.1000E+00, 1.0000E+01, 1.4667E+00,
19:11:31.95319219, 4.1333E+00, 1.0067E+01, 1.2000E+00,
19:11:31.95319224, 4.1333E+00, 1.0067E+01, 1.4667E+00,
19:11:31.95319229, 4.1667E+00, 1.0267E+01, 1.6000E+00,
19:11:31.95319234, 4.0667E+00, 1.0133E+01, 1.4667E+00,
19:11:31.95319239, 4.0333E+00, 1.0000E+01, 1.3333E+00,
19:11:31.95319244, 4.1667E+00, 1.0133E+01, 1.4667E+00,
19:11:31.95319249, 4.1333E+00, 1.0000E+01, 1.6000E+00,
19:11:31.95319254, 4.1000E+00, 1.0067E+01, 1.3333E+00,
19:11:31.95319259, 4.1333E+00, 9.9333E+00, 1.2000E+00,
19:11:31.95319264, 4.1667E+00, 1.0067E+01, 1.4667E+00,
19:11:31.95319269, 4.2000E+00, 9.9333E+00, 1.7333E+00,
19:11:31.95319274, 4.1000E+00, 1.0067E+01, 1.6000E+00,
19:11:31.95319279, 4.1333E+00, 1.0067E+01, 1.4667E+00,
19:11:31.95319284, 4.1667E+00, 1.0000E+01, 1.4667E+00,
19:11:31.95319289, 4.1333E+00, 1.0000E+01, 1.4667E+00,
19:11:31.95319294, 4.1333E+00, 9.9333E+00, 1.3333E+00,
19:11:31.95319299, 4.1333E+00, 9.9333E+00, 1.6000E+00,
19:11:31.95319304, 4.1333E+00, 1.0000E+01, 1.7333E+00,
19:11:31.95319309, 4.1667E+00, 9.9333E+00, 1.4667E+00,
19:11:31.95319314, 4.1667E+00, 9.9333E+00, 1.4667E+00,
19:11:31.95319319, 4.1000E+00, 9.9333E+00, 1.3333E+00,
19:11:31.95319324, 4.1000E+00, 1.0000E+01, 1.2000E+00,
19:11:31.95319329, 4.0667E+00, 1.0000E+01, 1.6000E+00,
19:11:31.95319334, 4.1333E+00, 1.0000E+01, 1.6000E+00,
19:11:31.95319339, 4.0667E+00, 1.0067E+01, 1.4667E+00,
19:11:31.95319344, 4.1333E+00, 1.0067E+01, 1.7333E+00,
19:11:31.95319349, 4.1667E+00, 9.9333E+00, 1.6000E+00,
19:11:31.95319354, 4.1333E+00, 1.0067E+01, 1.7333E+00,
19:11:31.95319359, 4.1000E+00, 1.0133E+01, 1.6000E+00,
19:11:31.95319364, 4.0667E+00, 9.9333E+00, 1.4667E+00,
19:11:31.95319369, 4.1333E+00, 1.0067E+01, 1.6000E+00,
19:11:31.95319374, 4.1333E+00, 1.0000E+01, 1.4667E+00,
19:11:31.95319379, 4.0667E+00, 1.0200E+01, 1.8667E+00,
19:11:31.95319384, 4.1000E+00, 9.9333E+00, 1.3333E+00,
19:11:31.95319389, 4.0667E+00, 1.0067E+01, 1.0667E+00,
19:11:31.95319394, 4.0667E+00, 1.0000E+01, 1.6000E+00,
19:11:31.95319399, 4.0667E+00, 1.0000E+01, 1.3333E+00,
19:11:31.95319404, 4.1333E+00, 9.9333E+00, 1.4667E+00,
19:11:31.95319409, 4.1000E+00, 1.0000E+01, 1.4667E+00,
19:11:31.95319414, 4.0333E+00, 1.0067E+01, 1.7333E+00,
19:11:31.95319419, 4.1667E+00, 1.0000E+01, 1.3333E+00,
19:11:31.95319424, 4.1000E+00, 1.0000E+01, 1.3333E+00,
19:11:31.95319429, 4.0333E+00, 1.0067E+01, 1.4667E+00,
19:11:31.95319434, 4.1333E+00, 1.0067E+01, 1.4667E+00,
19:11:31.95319439, 4.0667E+00, 1.0067E+01, 1.4667E+00,
19:11:31.95319444, 4.0667E+00, 1.0000E+01, 1.4667E+00,
19:11:31.95319449, 4.1000E+00, 1.0067E+01, 1.3333E+00,
19:11:31.95319454, 4.1000E+00, 1.0067E+01, 1.6000E+00,
19:11:31.95319459, 4.1333E+00, 1.0000E+01, 1.6000E+00,
19:11:31.95319464, 4.0667E+00, 9.9333E+00, 1.4667E+00,
19:11:31.95319469, 4.1667E+00, 1.0067E+01, 1.0667E+00,
19:11:31.95319474, 4.1000E+00, 1.0067E+01, 1.0667E+00,
19:11:31.95319479, 4.0333E+00, 1.0133E+01, 1.3333E+00,
19:11:31.95319484, 4.1333E+00, 1.0067E+01, 1.3333E+00,
19:11:31.95319489, 4.1333E+00, 1.0067E+01, 1.6000E+00,
19:11:31.95319494, 4.1000E+00, 9.9333E+00, 1.4667E+00,
19:11:31.95319499, 4.1000E+00, 1.0133E+01, 1.6000E+00,
19:11:31.95319504, 4.1333E+00, 1.0200E+01, 1.4667E+00,
19:11:31.95319509, 4.1667E+00, 9.9333E+00, 1.8667E+00,
19:11:31.95319514, 4.1333E+00, 1.0133E+01, 1.4667E+00,
19:11:31.95319519, 4.1333E+00, 1.0067E+01, 1.2000E+00,
19:11:31.95319524, 4.0667E+00, 1.0000E+01, 1.7333E+00,
19:11:31.95319529, 4.2000E+00, 1.0133E+01, 1.3333E+00,
19:11:31.95319534, 4.1000E+00, 1.0000E+01, 1.6000E+00,
19:11:31.95319539, 4.1000E+00, 9.9333E+00, 1.2000E+00,
19:11:31.95319544, 4.1000E+00, 1.0067E+01, 1.6000E+00,
19:11:31.95319549, 4.1000E+00, 1.0000E+01, 1.7333E+00,
19:11:31.95319554, 4.1333E+00, 1.0000E+01, 1.4667E+00,
19:11:31.95319559, 4.1000E+00, 1.0200E+01, 1.6000E+00,
19:11:31.95319564, 4.1000E+00, 9.9333E+00, 1.4667E+00,
19:11:31.95319569, 4.1333E+00, 9.9333E+00, 1.3333E+00,
19:11:31.95319574, 4.1000E+00, 9.9333E+00, 1.6000E+00,
19:11:31.95319579, 4.1000E+00, 9.9333E+00, 1.2000E+00,
19:11:31.95319584, 4.1000E+00, 9.9333E+00, 1.3333E+00,
19:11:31.95319589, 4.0333E+00, 9.9333E+00, 1.4667E+00,
19:11:31.95319594, 4.1333E+00, 1.0133E+01, 1.6000E+00,
19:11:31.95319599, 4.1000E+00, 1.0000E+01, 1.3333E+00,
19:11:31.95319604, 4.1333E+00, 1.0000E+01, 1.4667E+00,
19:11:31.95319609, 4.2000E+00, 1.0133E+01, 1.6000E+00,
19:11:31.95319614, 4.1667E+00, 1.0067E+01, 1.2000E+00,
19:11:31.95319619, 4.1667E+00, 1.0067E+01, 1.2000E+00,
19:11:31.95319624, 4.1000E+00, 9.9333E+00, 1.4667E+00,
19:11:31.95319629, 4.1333E+00, 1.0000E+01, 1.3333E+00,
19:11:31.95319634, 4.0667E+00, 9.9333E+00, 1.6000E+00,
19:11:31.95319639, 4.1000E+00, 9.9333E+00, 1.4667E+00,
19:11:31.95319644, 4.2000E+00, 1.0000E+01, 1.3333E+00,
19:11:31.95319649, 4.1000E+00, 1.0000E+01, 1.4667E+00,
19:11:31.95319654, 4.1000E+00, 1.0000E+01, 1.6000E+00,
19:11:31.95319659, 4.1667E+00, 9.9333E+00, 1.6000E+00,
19:11:31.95319664, 4.0667E+00, 1.0000E+01, 1.7333E+00,
19:11:31.95319669, 4.1333E+00, 1.0067E+01, 1.6000E+00,
19:11:31.95319674, 4.1000E+00, 1.0000E+01, 1.3333E+00,
19:11:31.95319679, 4.1333E+00, 1.0000E+01, 1.3333E+00,
19:11:31.95319684, 4.1333E+00, 1.0000E+01, 1.3333E+00,
19:11:31.95319689, 4.1000E+00, 9.8667E+00, 1.4667E+00,
19:11:31.95319694, 4.1667E+00, 1.0000E+01, 1.6000E+00,
19:11:31.95319699, 4.1667E+00, 1.0000E+01, 1.4667E+00,
19:11:31.95319704, 4.1000E+00, 1.0133E+01, 1.3333E+00,
19:11:31.95319709, 4.0333E+00, 1.0000E+01, 1.4667E+00,
19:11:31.95319714, 4.1000E+00, 1.0000E+01, 1.7333E+00,
19:11:31.95319719, 4.1000E+00, 1.0000E+01, 1.4667E+00,
19:11:31.95319724, 4.0333E+00, 9.9333E+00, 1.3333E+00,
19:11:31.95319729, 4.0667E+00, 9.9333E+00, 1.2000E+00,
19:11:31.95319734, 4.1333E+00, 1.0067E+01, 1.3333E+00,
19:11:31.95319739, 4.1000E+00, 1.0000E+01, 1.2000E+00,
19:11:31.95319744, 4.1667E+00, 1.0200E+01, 1.6000E+00,
19:11:31.95319749, 4.0667E+00, 9.9333E+00, 1.4667E+00,
19:11:31.95319754, 4.1333E+00, 1.0067E+01, 1.6000E+00,
19:11:31.95319759, 4.0333E+00, 1.0067E+01, 1.4667E+00,
19:11:31.95319764, 4.0667E+00, 9.9333E+00, 1.3333E+00,
19:11:31.95319769, 4.2000E+00, 1.0000E+01, 1.8667E+00,
19:11:31.95319774, 4.1333E+00, 1.0000E+01, 1.4667E+00,
19:11:31.95319779, 4.1000E+00, 9.9333E+00, 1.4667E+00,
19:11:31.95319784, 4.1667E+00, 1.0133E+01, 1.3333E+00,
19:11:31.95319789, 4.1000E+00, 1.0000E+01, 1.0667E+00,
19:11:31.95319794, 4.1333E+00, 1.0000E+01, 1.6000E+00,
19:11:31.95319799, 4.1000E+00, 1.0067E+01, 1.3333E+00,
19:11:31.95319804, 4.1000E+00, 1.0000E+01, 1.6000E+00,
19:11:31.95319809, 4.1000E+00, 1.0000E+01, 1.4667E+00,
19:11:31.95319814, 4.0667E+00, 9.8667E+00, 1.4667E+00,
19:11:31.95319819, 4.1000E+00, 1.0200E+01, 1.6000E+00,
19:11:31.95319824, 4.0667E+00, 1.0000E+01, 1.6000E+00,
19:11:31.95319829, 4.1000E+00, 1.0000E+01, 1.6000E+00,
19:11:31.95319834, 4.0667E+00, 9.9333E+00, 1.0667E+00,
19:11:31.95319839, 4.1667E+00, 1.0000E+01, 1.4667E+00,
19:11:31.95319844, 4.1333E+00, 9.9333E+00, 1.7333E+00,
19:11:31.95319849, 4.1333E+00, 1.0067E+01, 1.4667E+00,
19:11:31.95319854, 4.1000E+00, 1.0000E+01, 1.3333E+00,
19:11:31.95319859, 4.1333E+00, 1.0000E+01, 1.7333E+00,
19:11:31.95319864, 4.1333E+00, 9.9333E+00, 1.4667E+00,
19:11:31.95319869, 4.0667E+00, 9.9333E+00, 1.6000E+00,
19:11:31.95319874, 4.1667E+00, 1.0133E+01, 1.4667E+00,
19:11:31.95319879, 4.0667E+00, 1.0000E+01, 1.3333E+00,
19:11:31.95319884, 4.1333E+00, 1.0000E+01, 1.7333E+00,
19:11:31.95319889, 4.1333E+00, 1.0133E+01, 1.6000E+00,
19:11:31.95319894, 4.0667E+00, 9.9333E+00, 1.7333E+00,
19:11:31.95319899, 4.0333E+00, 1.0067E+01, 1.8667E+00,
19:11:31.95319904, 4.1000E+00, 9.9333E+00, 1.4667E+00,
19:11:31.95319909, 4.0667E+00, 1.0067E+01, 1.4667E+00,
19:11:31.95319914, 4.0667E+00, 9.9333E+00, 1.0667E+00,
19:11:31.95319919, 4.0667E+00, 1.0067E+01, 1.3333E+00,
19:11:31.95319924, 4.0333E+00, 1.0000E+01, 1.3333E+00,
19:11:31.95319929, 4.1333E+00, 9.9333E+00, 1.6000E+00,
19:11:31.95319934, 4.1333E+00, 1.0000E+01, 1.2000E+00,
19:11:31.95319939, 4.1333E+00, 9.9333E+00, 1.3333E+00,
19:11:31.95319944, 4.1333E+00, 9.9333E+00, 1.3333E+00,
19:11:31.95319949, 4.1000E+00, 1.0000E+01, 1.2000E+00,
19:11:31.95319954, 4.1667E+00, 1.0000E+01, 1.3333E+00,
19:11:31.95319959, 4.1000E+00, 1.0000E+01, 1.4667E+00,
19:11:31.95319964, 4.1000E+00, 9.9333E+00, 1.3333E+00,
19:11:31.95319969, 4.1000E+00, 9.9333E+00, 1.6000E+00,
19:11:31.95319974, 4.1667E+00, 1.0067E+01, 1.3333E+00,
19:11:31.95319979, 4.1000E+00, 1.0133E+01, 1.3333E+00,
19:11:31.95319984, 4.0333E+00, 9.9333E+00, 1.6000E+00,
19:11:31.95319989, 4.0667E+00, 1.0067E+01, 1.4667E+00,
19:11:31.95319994, 4.0333E+00, 9.9333E+00, 1.3333E+00,
19:11:31.95319999, 4.0667E+00, 1.0067E+01, 1.4667E+00,
19:11:31.95320004, 4.1000E+00, 1.0133E+01, 1.2000E+00,
19:11:31.95320009, 4.0667E+00, 1.0067E+01, 1.3333E+00,
19:11:31.95320014, 4.1000E+00, 1.0133E+01, 1.3333E+00,
19:11:31.95320019, 4.1333E+00, 1.0133E+01, 1.3333E+00,
19:11:31.95320024, 4.1000E+00, 1.0000E+01, 1.4667E+00,
19:11:31.95320029, 4.1333E+00, 1.0067E+01, 1.3333E+00,
19:11:31.95320034, 4.1000E+00, 1.0000E+01, 1.6000E+00,
19:11:31.95320039, 4.1333E+00, 1.0067E+01, 1.8667E+00,
19:11:31.95320044, 4.1333E+00, 1.0000E+01, 1.6000E+00,
19:11:31.95320049, 4.1000E+00, 1.0133E+01, 1.8667E+00,
19:11:31.95320054, 4.0667E+00, 9.9333E+00, 1.4667E+00,
19:11:31.95320059, 4.1333E+00, 1.0133E+01, 1.4667E+00,
19:11:31.95320064, 4.0333E+00, 1.0067E+01, 1.2000E+00,
19:11:31.95320069, 4.1667E+00, 1.0000E+01, 1.0667E+00,
19:11:31.95320074, 4.1333E+00, 9.9333E+00, 1.6000E+00,
19:11:31.95320079, 4.1333E+00, 1.0133E+01, 1.3333E+00,
19:11:31.95320084, 4.1000E+00, 9.9333E+00, 1.3333E+00,
19:11:31.95320089, 4.1333E+00, 1.0133E+01, 1.4667E+00,
19:11:31.95320094, 4.1333E+00, 1.0000E+01, 1.7333E+00,
19:11:31.95320099, 4.1000E+00, 1.0067E+01, 1.7333E+00,
19:11:31.95320104, 4.1667E+00, 1.0133E+01, 1.3333E+00,
19:11:31.95320109, 4.0667E+00, 1.0067E+01, 1.4667E+00,
19:11:31.95320114, 4.1000E+00, 1.0067E+01, 1.3333E+00,
19:11:31.95320119, 4.1000E+00, 1.0000E+01, 1.4667E+00,
19:11:31.95320124, 4.1333E+00, 9.9333E+00, 1.7333E+00,
19:11:31.95320129, 4.1000E+00, 1.0000E+01, 1.3333E+00,
19:11:31.95320134, 4.0667E+00, 1.0133E+01, 1.6000E+00,
19:11:31.95320139, 4.0333E+00, 1.0000E+01, 1.3333E+00,
19:11:31.95320144, 4.0333E+00, 1.0000E+01, 1.4667E+00,
19:11:31.95320149, 4.0667E+00, 9.9333E+00, 1.7333E+00,
19:11:31.95320154, 4.1000E+00, 9.9333E+00, 1.6000E+00,
19:11:31.95320159, 4.1333E+00, 9.9333E+00, 1.2000E+00,
19:11:31.95320164, 4.1333E+00, 9.9333E+00, 1.0667E+00,
19:11:31.95320169, 4.1000E+00, 1.0067E+01, 1.2000E+00,
19:11:31.95320174, 4.1667E+00, 9.9333E+00, 1.4667E+00,
19:11:31.95320179, 4.1000E+00, 1.0000E+01, 1.7333E+00,
19:11:31.95320184, 4.1000E+00, 1.0000E+01, 1.4667E+00,
19:11:31.95320189, 4.1000E+00, 1.0067E+01, 1.4667E+00,
19:11:31.95320194, 4.1000E+00, 9.9333E+00, 1.6000E+00,
19:11:31.95320199, 4.0667E+00, 1.0000E+01, 1.7333E+00,
19:11:31.95320204, 4.1667E+00, 1.0067E+01, 1.4667E+00,
19:11:31.95320209, 4.0667E+00, 1.0000E+01, 1.2000E+00,
19:11:31.95320214, 4.1333E+00, 9.9333E+00, 1.3333E+00,
19:11:31.95320219, 4.1333E+00, 1.0000E+01, 1.3333E+00,
19:11:31.95320224, 4.1000E+00, 1.0000E+01, 1.0667E+00,
19:11:31.95320229, 4.0333E+00, 9.9333E+00, 1.4667E+00,
19:11:31.95320234, 4.1000E+00, 1.0000E+01, 1.3333E+00,
19:11:31.95320239, 4.0667E+00, 1.0133E+01, 1.6000E+00,
19:11:31.95320244, 4.0667E+00, 1.0067E+01, 1.8667E+00,
19:11:31.95320249, 4.1000E+00, 1.0000E+01, 1.3333E+00,
19:11:31.95320254, 4.1000E+00, 9.9333E+00, 1.3333E+00,
19:11:31.95320259, 4.1333E+00, 1.0067E+01, 1.7333E+00,
19:11:31.95320264, 4.1667E+00, 1.0133E+01, 1.2000E+00,
19:11:31.95320269, 4.1333E+00, 1.0067E+01, 1.7333E+00,
19:11:31.95320274, 4.1000E+00, 1.0067E+01, 1.4667E+00,
19:11:31.95320279, 4.0667E+00, 1.0067E+01, 1.3333E+00,
19:11:31.95320284, 4.1000E+00, 1.0000E+01, 1.7333E+00,
19:11:31.95320289, 4.0333E+00, 1.0000E+01, 1.4667E+00,
19:11:31.95320294, 4.0667E+00, 1.0133E+01, 1.4667E+00,
19:11:31.95320299, 4.1000E+00, 9.9333E+00, 1.7333E+00,
19:11:31.95320304, 4.1000E+00, 1.0000E+01, 1.7333E+00,
19:11:31.95320309, 4.1000E+00, 1.0000E+01, 1.6000E+00,
19:11:31.95320314, 4.2000E+00, 1.0000E+01, 1.6000E+00,
19:11:31.95320319, 4.2000E+00, 9.9333E+00, 1.6000E+00,
19:11:31.95320324, 4.0667E+00, 1.0000E+01, 1.3333E+00,
19:11:31.95320329, 4.1667E+00, 1.0067E+01, 1.7333E+00,
19:11:31.95320334, 4.0667E+00, 1.0000E+01, 1.6000E+00,
19:11:31.95320339, 4.0667E+00, 1.0000E+01, 1.7333E+00,
19:11:31.95320344, 4.1333E+00, 1.0000E+01, 1.3333E+00,
19:11:31.95320349, 4.1000E+00, 9.9333E+00, 1.3333E+00,
19:11:31.95320354, 4.1000E+00, 1.0000E+01, 1.6000E+00,
19:11:31.95320359, 4.1333E+00, 1.0067E+01, 1.2000E+00,
19:11:31.95320364, 4.1333E+00, 1.0000E+01, 1.3333E+00,
19:11:31.95320369, 4.1333E+00, 1.0067E+01, 1.0667E+00,
19:11:31.95320374, 4.1667E+00, 1.0067E+01, 1.7333E+00,
19:11:31.95320379, 4.0333E+00, 9.9333E+00, 1.3333E+00,
19:11:31.95320384, 4.1333E+00, 9.8667E+00, 1.3333E+00,
19:11:31.95320389, 4.0667E+00, 1.0067E+01, 1.3333E+00,
19:11:31.95320394, 4.0667E+00, 9.9333E+00, 1.6000E+00,
19:11:31.95320399, 4.1000E+00, 1.0000E+01, 1.6000E+00,
19:11:31.95320404, 4.1000E+00, 1.0067E+01, 1.3333E+00,
19:11:31.95320409, 4.1000E+00, 1.0000E+01, 1.6000E+00,
19:11:31.95320414, 4.1667E+00, 1.0000E+01, 1.6000E+00,
19:11:31.95320419, 4.0667E+00, 1.0000E+01, 1.2000E+00,
19:11:31.95320424, 4.1000E+00, 9.9333E+00, 1.6000E+00,
19:11:31.95320429, 4.1667E+00, 1.0000E+01, 1.4667E+00,
19:11:31.95320434, 4.1000E+00, 1.0067E+01, 1.3333E+00,
19:11:31.95320439, 4.0667E+00, 1.0067E+01, 1.4667E+00,
19:11:31.95320444, 4.0667E+00, 1.0200E+01, 1.8667E+00,
19:11:31.95320449, 4.1000E+00, 1.0133E+01, 1.7333E+00,
19:11:31.95320454, 4.1000E+00, 1.0133E+01, 1.4667E+00,
19:11:31.95320459, 4.1000E+00, 1.0067E+01, 1.3333E+00,
19:11:31.95320464, 4.2000E+00, 1.0000E+01, 1.4667E+00,
19:11:31.95320469, 4.0667E+00, 1.0000E+01, 1.3333E+00,
19:11:31.95320474, 4.0667E+00, 1.0000E+01, 1.6000E+00,
19:11:31.95320479, 4.1000E+00, 1.0000E+01, 1.6000E+00,
19:11:31.95320484, 4.0000E+00, 1.0000E+01, 1.7333E+00,
19:11:31.95320489, 4.1333E+00, 1.0133E+01, 1.3333E+00,
19:11:31.95320494, 4.1667E+00, 1.0067E+01, 1.2000E+00,
19:11:31.95320499, 4.0667E+00, 9.9333E+00, 1.7333E+00,
19:11:31.95320504, 4.1000E+00, 1.0000E+01, 1.4667E+00,
19:11:31.95320509, 4.1667E+00, 9.9333E+00, 1.6000E+00,
19:11:31.95320514, 4.1000E+00, 1.0000E+01, 1.4667E+00,
19:11:31.95320519, 4.1000E+00, 1.0267E+01, 1.4667E+00,
19:11:31.95320524, 4.1000E+00, 9.9333E+00, 1.8667E+00,
19:11:31.95320529, 4.1000E+00, 9.9333E+00, 1.8667E+00,
19:11:31.95320534, 4.1000E+00, 1.0000E+01, 1.6000E+00,
19:11:31.95320539, 4.0333E+00, 9.9333E+00, 1.7333E+00,
19:11:31.95320544, 4.1000E+00, 1.0000E+01, 1.3333E+00,
19:11:31.95320549, 4.0667E+00, 1.0133E+01, 1.4667E+00,
19:11:31.95320554, 4.0333E+00, 1.0133E+01, 1.4667E+00,
19:11:31.95320559, 4.1333E+00, 9.9333E+00, 1.4667E+00,
19:11:31.95320564, 4.0667E+00, 1.0000E+01, 1.6000E+00,
19:11:31.95320569, 4.0000E+00, 9.9333E+00, 1.8667E+00,
19:11:31.95320574, 4.0667E+00, 1.0000E+01, 1.6000E+00,
19:11:31.95320579, 4.1667E+00, 9.9333E+00, 1.4667E+00,
19:11:31.95320584, 4.1667E+00, 1.0000E+01, 1.7333E+00,
19:11:31.95320589, 4.1333E+00, 9.9333E+00, 1.6000E+00,
19:11:31.95320594, 4.1000E+00, 1.0000E+01, 1.8667E+00,
19:11:31.95320599, 4.1333E+00, 1.0067E+01, 1.6000E+00,
19:11:31.95320604, 4.0667E+00, 1.0067E+01, 1.8667E+00,
19:11:31.95320609, 4.2000E+00, 1.0067E+01, 1.4667E+00,
19:11:31.95320614, 4.0667E+00, 1.0067E+01, 1.4667E+00,
19:11:31.95320619, 4.1000E+00, 1.0000E+01, 1.4667E+00,
19:11:31.95320624, 4.1000E+00, 1.0000E+01, 1.8667E+00,
19:11:31.95320629, 4.0667E+00, 1.0000E+01, 1.6000E+00,
19:11:31.95320634, 4.1000E+00, 9.9333E+00, 1.6000E+00,
19:11:31.95320639, 4.0667E+00, 9.9333E+00, 1.7333E+00,
19:11:31.95320644, 4.0667E+00, 1.0067E+01, 1.4667E+00,
19:11:31.95320649, 4.1000E+00, 1.0067E+01, 1.4667E+00,
19:11:31.95320654, 4.1333E+00, 1.0267E+01, 1.4667E+00,
19:11:31.95320659, 4.0333E+00, 1.0000E+01, 1.3333E+00,
19:11:31.95320664, 4.1000E+00, 1.0000E+01, 1.3333E+00,
19:11:31.95320669, 4.1333E+00, 1.0000E+01, 1.8667E+00,
19:11:31.95320674, 4.0667E+00, 1.0067E+01, 1.6000E+00,
19:11:31.95320679, 4.1333E+00, 1.0000E+01, 1.6000E+00,
19:11:31.95320684, 4.1333E+00, 9.9333E+00, 1.2000E+00,
19:11:31.95320689, 4.1333E+00, 1.0067E+01, 1.6000E+00,
19:11:31.95320694, 4.1333E+00, 9.9333E+00, 1.3333E+00,
19:11:31.95320699, 4.0667E+00, 9.9333E+00, 1.4667E+00,
19:11:31.95320704, 4.0667E+00, 1.0067E+01, 1.3333E+00,
19:11:31.95320709, 4.0667E+00, 1.0000E+01, 1.4667E+00,
19:11:31.95320714, 4.1000E+00, 1.0067E+01, 1.6000E+00,
19:11:31.95320719, 4.1333E+00, 9.9333E+00, 1.3333E+00,
19:11:31.95320724, 4.1000E+00, 9.9333E+00, 1.4667E+00,
19:11:31.95320729, 4.0667E+00, 9.9333E+00, 1.3333E+00,
19:11:31.95320734, 4.1000E+00, 1.0067E+01, 1.7333E+00,
19:11:31.95320739, 4.1333E+00, 1.0000E+01, 1.4667E+00,
19:11:31.95320744, 4.1333E+00, 1.0067E+01, 1.3333E+00,
19:11:31.95320749, 4.1333E+00, 1.0067E+01, 1.4667E+00,
19:11:31.95320754, 4.1000E+00, 9.9333E+00, 1.3333E+00,
19:11:31.95320759, 4.1333E+00, 1.0000E+01, 1.6000E+00,
19:11:31.95320764, 4.1000E+00, 9.9333E+00, 1.6000E+00,
19:11:31.95320769, 4.1000E+00, 1.0067E+01, 1.7333E+00,
19:11:31.95320774, 4.1000E+00, 1.0133E+01, 1.3333E+00,
19:11:31.95320779, 4.1667E+00, 1.0000E+01, 1.7333E+00,
19:11:31.95320784, 4.0333E+00, 1.0200E+01, 1.6000E+00,
19:11:31.95320789, 4.1000E+00, 1.0067E+01, 1.6000E+00,
19:11:31.95320794, 4.1667E+00, 1.0067E+01, 1.6000E+00,
19:11:31.95320799, 4.1667E+00, 1.0067E+01, 1.0667E+00,
19:11:31.95320804, 4.0667E+00, 9.9333E+00, 1.4667E+00,
19:11:31.95320809, 4.1333E+00, 9.9333E+00, 1.6000E+00,
19:11:31.95320814, 4.0667E+00, 1.0067E+01, 1.6000E+00,
19:11:31.95320819, 4.1000E+00, 9.9333E+00, 1.3333E+00,
19:11:31.95320824, 4.1667E+00, 1.0067E+01, 1.8667E+00,
19:11:31.95320829, 4.1333E+00, 9.9333E+00, 1.6000E+00,
19:11:31.95320834, 4.1667E+00, 1.0000E+01, 1.6000E+00,
19:11:31.95320839, 4.1333E+00, 1.0000E+01, 1.6000E+00,
19:11:31.95320844, 4.1667E+00, 1.0067E+01, 1.2000E+00,
19:11:31.95320849, 4.1000E+00, 9.9333E+00, 1.4667E+00,
19:11:31.95320854, 4.1000E+00, 1.0000E+01, 1.7333E+00,
19:11:31.95320859, 4.1333E+00, 1.0067E+01, 1.7333E+00,
19:11:31.95320864, 4.0667E+00, 9.9333E+00, 1.7333E+00,
19:11:31.95320869, 4.0000E+00, 1.0000E+01, 1.8667E+00,
19:11:31.95320874, 4.1000E+00, 1.0067E+01, 1.6000E+00,
19:11:31.95320879, 4.1000E+00, 1.0000E+01, 1.6000E+00,
19:11:31.95320884, 4.1333E+00, 1.0000E+01, 1.4667E+00,
19:11:31.95320889, 4.1333E+00, 1.0133E+01, 1.6000E+00,
19:11:31.95320894, 4.1667E+00, 9.9333E+00, 1.3333E+00,
19:11:31.95320899, 4.1333E+00, 1.0000E+01, 1.3333E+00,
19:11:31.95320904, 4.1000E+00, 1.0133E+01, 1.4667E+00,
19:11:31.95320909, 4.1000E+00, 1.0200E+01, 1.6000E+00,
19:11:31.95320914, 4.0333E+00, 1.0000E+01, 1.3333E+00,
19:11:31.95320919, 4.1000E+00, 9.9333E+00, 1.7333E+00,
19:11:31.95320924, 4.0667E+00, 1.0000E+01, 1.4667E+00,
19:11:31.95320929, 4.1667E+00, 1.0067E+01, 1.4667E+00,
19:11:31.95320934, 4.0667E+00, 1.0067E+01, 1.6000E+00,
19:11:31.95320939, 4.1667E+00, 9.9333E+00, 1.4667E+00,
19:11:31.95320944, 4.1000E+00, 1.0067E+01, 1.4667E+00,
19:11:31.95320949, 4.1000E+00, 1.0000E+01, 1.2000E+00,
19:11:31.95320954, 4.1667E+00, 1.0000E+01, 1.3333E+00,
19:11:31.95320959, 4.0667E+00, 1.0000E+01, 1.7333E+00,
19:11:31.95320964, 4.1333E+00, 9.9333E+00, 1.6000E+00,
19:11:31.95320969, 4.0000E+00, 1.0000E+01, 1.3333E+00,
19:11:31.95320974, 4.1000E+00, 1.0133E+01, 1.3333E+00,
19:11:31.95320979, 4.1000E+00, 1.0000E+01, 1.3333E+00,
19:11:31.95320984, 4.1000E+00, 9.9333E+00, 1.2000E+00,
19:11:31.95320989, 4.1000E+00, 1.0000E+01, 1.6000E+00,
19:11:31.95320994, 4.1000E+00, 9.9333E+00, 1.7333E+00,
19:11:31.95320999, 4.1333E+00, 1.0000E+01, 1.8667E+00,
19:11:31.95321004, 4.0667E+00, 1.0067E+01, 1.3333E+00,
19:11:31.95321009, 4.1667E+00, 9.9333E+00, 1.7333E+00,
19:11:31.95321014, 4.1000E+00, 9.9333E+00, 1.4667E+00,
19:11:31.95321019, 4.1000E+00, 1.0000E+01, 1.6000E+00,
19:11:31.95321024, 4.1000E+00, 1.0000E+01, 1.6000E+00,
19:11:31.95321029, 4.1333E+00, 9.9333E+00, 1.7333E+00,
19:11:31.95321034, 4.1000E+00, 9.9333E+00, 1.3333E+00,
19:11:31.95321039, 4.1000E+00, 1.0000E+01, 1.4667E+00,
19:11:31.95321044, 4.1333E+00, 9.9333E+00, 1.8667E+00,
19:11:31.95321049, 4.1333E+00, 1.0133E+01, 1.6000E+00,
19:11:31.95321054, 4.1333E+00, 9.9333E+00, 1.4667E+00,
19:11:31.95321059, 4.1333E+00, 9.9333E+00, 1.6000E+00,
19:11:31.95321064, 4.1333E+00, 1.0067E+01, 1.2000E+00,
19:11:31.95321069, 4.0667E+00, 9.9333E+00, 1.4667E+00,
19:11:31.95321074, 4.0667E+00, 1.0000E+01, 1.6000E+00,
19:11:31.95321079, 4.0667E+00, 9.8667E+00, 1.6000E+00,
19:11:31.95321084, 4.1333E+00, 1.0000E+01, 1.6000E+00,
19:11:31.95321089, 4.1667E+00, 1.0133E+01, 1.4667E+00,
19:11:31.95321094, 4.0333E+00, 1.0067E+01, 1.7333E+00,
19:11:31.95321099, 4.0333E+00, 1.0133E+01, 1.4667E+00,
19:11:31.95321104, 4.1667E+00, 1.0067E+01, 1.7333E+00,
19:11:31.95321109, 4.1333E+00, 1.0067E+01, 1.6000E+00,
19:11:31.95321114, 4.1667E+00, 1.0000E+01, 1.4667E+00,
19:11:31.95321119, 4.1000E+00, 1.0000E+01, 1.6000E+00,
19:11:31.95321124, 4.1333E+00, 1.0067E+01, 1.6000E+00,
19:11:31.95321129, 4.1333E+00, 9.9333E+00, 1.6000E+00,
19:11:31.95321134, 4.1333E+00, 9.9333E+00, 1.3333E+00,
19:11:31.95321139, 4.1000E+00, 9.9333E+00, 1.4667E+00,
19:11:31.95321144, 4.1000E+00, 1.0000E+01, 1.7333E+00,
19:11:31.95321149, 4.0000E+00, 9.9333E+00, 1.3333E+00,
19:11:31.95321154, 4.1000E+00, 1.0000E+01, 1.7333E+00,
19:11:31.95321159, 4.1333E+00, 9.9333E+00, 1.7333E+00,
19:11:31.95321164, 4.0333E+00, 1.0000E+01, 1.6000E+00,
19:11:31.95321169, 4.1333E+00, 1.0000E+01, 1.8667E+00,
19:11:31.95321174, 4.1000E+00, 9.9333E+00, 1.4667E+00,
19:11:31.95321179, 4.0667E+00, 9.9333E+00, 1.3333E+00,
19:11:31.95321184, 4.1000E+00, 1.0000E+01, 1.4667E+00,
19:11:31.95321189, 4.0667E+00, 9.9333E+00, 1.4667E+00,
19:11:31.95321194, 4.1333E+00, 1.0000E+01, 1.3333E+00,
19:11:31.95321199, 4.0667E+00, 1.0133E+01, 1.6000E+00,
19:11:31.95321204, 4.1000E+00, 9.9333E+00, 1.7333E+00,
19:11:31.95321209, 4.1000E+00, 9.9333E+00, 1.3333E+00,
19:11:31.95321214, 4.0667E+00, 1.0000E+01, 1.0667E+00,
19:11:31.95321219, 4.0000E+00, 9.9333E+00, 1.2000E+00,
19:11:31.95321224, 4.1000E+00, 1.0000E+01, 1.4667E+00,
19:11:31.95321229, 4.1667E+00, 1.0000E+01, 1.2000E+00,
19:11:31.95321234, 4.1333E+00, 1.0067E+01, 1.2000E+00,
19:11:31.95321239, 4.1000E+00, 1.0000E+01, 1.6000E+00,
19:11:31.95321244, 4.1333E+00, 1.0067E+01, 1.2000E+00,
19:11:31.95321249, 4.0667E+00, 9.8667E+00, 1.8667E+00,
19:11:31.95321254, 4.1333E+00, 9.9333E+00, 1.4667E+00,
19:11:31.95321259, 4.1000E+00, 1.0067E+01, 1.4667E+00,
19:11:31.95321264, 4.1000E+00, 1.0000E+01, 1.6000E+00,
19:11:31.95321269, 4.1000E+00, 1.0067E+01, 1.6000E+00,
19:11:31.95321274, 4.1000E+00, 9.9333E+00, 1.3333E+00,
19:11:31.95321279, 4.1333E+00, 1.0067E+01, 1.2000E+00,
19:11:31.95321284, 4.1333E+00, 9.9333E+00, 1.3333E+00,
19:11:31.95321289, 4.1000E+00, 1.0067E+01, 1.3333E+00,
19:11:31.95321294, 4.0333E+00, 1.0000E+01, 1.2000E+00,
19:11:31.95321299, 4.0333E+00, 9.9333E+00, 1.2000E+00,
19:11:31.95321304, 4.1000E+00, 9.9333E+00, 1.3333E+00,
19:11:31.95321309, 4.1000E+00, 1.0000E+01, 1.6000E+00,
19:11:31.95321314, 4.1333E+00, 1.0133E+01, 1.6000E+00,
19:11:31.95321319, 4.1333E+00, 1.0067E+01, 1.6000E+00,
19:11:31.95321324, 4.1000E+00, 1.0000E+01, 1.4667E+00,
19:11:31.95321329, 4.1000E+00, 1.0067E+01, 1.2000E+00,
19:11:31.95321334, 4.1000E+00, 9.9333E+00, 1.3333E+00,
19:11:31.95321339, 4.0667E+00, 9.9333E+00, 1.3333E+00,
19:11:31.95321344, 4.1000E+00, 1.0000E+01, 1.4667E+00,
19:11:31.95321349, 4.0333E+00, 1.0133E+01, 1.3333E+00,
19:11:31.95321354, 4.1667E+00, 1.0000E+01, 1.7333E+00,
19:11:31.95321359, 4.0667E+00, 1.0000E+01, 1.7333E+00,
19:11:31.95321364, 4.1333E+00, 1.0000E+01, 1.3333E+00,
19:11:31.95321369, 4.1000E+00, 9.8667E+00, 1.6000E+00,
19:11:31.95321374, 4.1333E+00, 1.0000E+01, 1.4667E+00,
19:11:31.95321379, 4.1000E+00, 1.0067E+01, 1.8667E+00,
19:11:31.95321384, 4.1000E+00, 9.9333E+00, 1.2000E+00,
19:11:31.95321389, 4.1333E+00, 1.0000E+01, 1.3333E+00,
19:11:31.95321394, 4.0667E+00, 1.0133E+01, 1.7333E+00,
19:11:31.95321399, 4.1333E+00, 9.9333E+00, 1.4667E+00,
19:11:31.95321404, 4.1333E+00, 9.9333E+00, 1.4667E+00,
19:11:31.95321409, 4.1333E+00, 9.9333E+00, 1.6000E+00,
19:11:31.95321414, 4.1000E+00, 1.0000E+01, 1.4667E+00,
19:11:31.95321419, 4.1000E+00, 9.9333E+00, 1.6000E+00,
19:11:31.95321424, 4.1333E+00, 9.9333E+00, 1.3333E+00,
19:11:31.95321429, 4.1000E+00, 1.0000E+01, 1.2000E+00,
19:11:31.95321434, 4.1000E+00, 9.9333E+00, 1.4667E+00,
19:11:31.95321439, 4.0667E+00, 1.0067E+01, 1.4667E+00,
19:11:31.95321444, 3.9667E+00, 1.0067E+01, 1.2000E+00,
19:11:31.95321449, 4.0667E+00, 9.9333E+00, 1.3333E+00,
19:11:31.95321454, 4.1333E+00, 1.0000E+01, 1.6000E+00,
19:11:31.95321459, 4.0667E+00, 9.9333E+00, 1.3333E+00,
19:11:31.95321464, 4.1333E+00, 9.9333E+00, 1.6000E+00,
19:11:31.95321469, 4.1667E+00, 1.0067E+01, 1.3333E+00,
19:11:31.95321474, 4.0333E+00, 1.0067E+01, 1.3333E+00,
19:11:31.95321479, 4.1000E+00, 9.8667E+00, 1.4667E+00,
19:11:31.95321484, 4.0333E+00, 1.0067E+01, 1.3333E+00,
19:11:31.95321489, 4.0667E+00, 1.0067E+01, 1.4667E+00,
19:11:31.95321494, 4.1000E+00, 1.0133E+01, 1.3333E+00,
19:11:31.95321499, 4.1333E+00, 1.0000E+01, 1.6000E+00,
19:11:31.95321504, 4.0333E+00, 1.0067E+01, 1.7333E+00,
19:11:31.95321509, 4.1000E+00, 1.0000E+01, 1.3333E+00,
19:11:31.95321514, 4.0667E+00, 9.9333E+00, 1.4667E+00,
19:11:31.95321519, 4.1000E+00, 9.9333E+00, 1.2000E+00,
19:11:31.95321524, 4.1667E+00, 9.9333E+00, 1.4667E+00,
19:11:31.95321529, 4.1667E+00, 1.0067E+01, 1.3333E+00,
19:11:31.95321534, 4.0667E+00, 1.0067E+01, 1.6000E+00,
19:11:31.95321539, 4.0667E+00, 1.0000E+01, 1.4667E+00,
19:11:31.95321544, 4.1000E+00, 1.0133E+01, 1.7333E+00,
19:11:31.95321549, 4.1000E+00, 9.9333E+00, 1.7333E+00,
19:11:31.95321554, 4.0333E+00, 9.9333E+00, 1.6000E+00,
19:11:31.95321559, 4.0667E+00, 9.9333E+00, 1.4667E+00,
19:11:31.95321564, 4.0667E+00, 1.0133E+01, 1.3333E+00,
19:11:31.95321569, 4.0667E+00, 1.0000E+01, 1.4667E+00,
19:11:31.95321574, 4.0667E+00, 9.9333E+00, 1.6000E+00,
19:11:31.95321579, 4.0667E+00, 1.0067E+01, 1.3333E+00,
19:11:31.95321584, 4.1000E+00, 1.0067E+01, 1.7333E+00,
19:11:31.95321589, 4.0333E+00, 1.0067E+01, 1.2000E+00,
19:11:31.95321594, 4.0667E+00, 1.0000E+01, 1.3333E+00,
19:11:31.95321599, 4.1333E+00, 1.0000E+01, 1.7333E+00,
19:11:31.95321604, 4.1000E+00, 1.0000E+01, 1.3333E+00,
19:11:31.95321609, 4.1333E+00, 9.9333E+00, 1.6000E+00,
19:11:31.95321614, 4.1000E+00, 9.9333E+00, 1.7333E+00,
19:11:31.95321619, 4.1333E+00, 1.0133E+01, 1.4667E+00,
19:11:31.95321624, 4.1333E+00, 1.0000E+01, 1.4667E+00,
19:11:31.95321629, 4.1333E+00, 1.0000E+01, 1.6000E+00,
19:11:31.95321634, 4.1000E+00, 9.9333E+00, 1.2000E+00,
19:11:31.95321639, 4.0667E+00, 1.0067E+01, 2.0000E+00,
19:11:31.95321644, 4.1000E+00, 1.0000E+01, 1.3333E+00,
19:11:31.95321649, 4.1667E+00, 1.0000E+01, 1.3333E+00,
19:11:31.95321654, 4.1000E+00, 9.9333E+00, 1.3333E+00,
19:11:31.95321659, 4.1000E+00, 9.9333E+00, 1.6000E+00,
19:11:31.95321664, 4.1000E+00, 9.9333E+00, 1.6000E+00,
19:11:31.95321669, 4.2000E+00, 1.0133E+01, 1.2000E+00,
19:11:31.95321674, 4.0333E+00, 1.0267E+01, 1.6000E+00,
19:11:31.95321679, 4.1000E+00, 9.9333E+00, 1.7333E+00,
19:11:31.95321684, 4.0333E+00, 9.9333E+00, 1.4667E+00,
19:11:31.95321689, 4.1333E+00, 9.9333E+00, 1.4667E+00,
19:11:31.95321694, 4.1000E+00, 1.0133E+01, 1.4667E+00,
19:11:31.95321699, 4.1000E+00, 1.0067E+01, 1.6000E+00,
19:11:31.95321704, 4.1000E+00, 9.9333E+00, 1.6000E+00,
19:11:31.95321709, 4.1667E+00, 9.9333E+00, 1.3333E+00,
19:11:31.95321714, 4.1333E+00, 9.9333E+00, 1.6000E+00,
19:11:31.95321719, 4.0667E+00, 1.0000E+01, 1.3333E+00,
19:11:31.95321724, 4.1667E+00, 1.0133E+01, 1.2000E+00,
19:11:31.95321729, 4.0667E+00, 1.0133E+01, 1.7333E+00,
19:11:31.95321734, 4.1667E+00, 1.0067E+01, 1.7333E+00,
19:11:31.95321739, 4.1000E+00, 9.9333E+00, 1.3333E+00,
19:11:31.95321744, 4.1000E+00, 1.0067E+01, 1.6000E+00,
19:11:31.95321749, 4.1000E+00, 9.9333E+00, 1.6000E+00,
19:11:31.95321754, 4.1333E+00, 1.0133E+01, 1.4667E+00,
19:11:31.95321759, 4.1000E+00, 1.0067E+01, 1.4667E+00,
19:11:31.95321764, 4.0667E+00, 1.0000E+01, 1.3333E+00,
19:11:31.95321769, 4.2000E+00, 1.0067E+01, 1.4667E+00,
19:11:31.95321774, 4.0333E+00, 9.9333E+00, 1.7333E+00,
19:11:31.95321779, 4.0333E+00, 1.0067E+01, 1.4667E+00,
19:11:31.95321784, 4.1667E+00, 1.0000E+01, 1.4667E+00,
19:11:31.95321789, 4.1000E+00, 1.0000E+01, 1.3333E+00,
19:11:31.95321794, 4.0667E+00, 9.9333E+00, 1.6000E+00,
19:11:31.95321799, 4.1333E+00, 1.0000E+01, 1.3333E+00,
19:11:31.95321804, 4.1000E+00, 1.0200E+01, 1.6000E+00,
19:11:31.95321809, 4.1000E+00, 1.0067E+01, 1.6000E+00,
19:11:31.95321814, 4.1667E+00, 1.0000E+01, 1.4667E+00,
19:11:31.95321819, 4.1333E+00, 1.0133E+01, 1.7333E+00,
19:11:31.95321824, 4.1000E+00, 1.0000E+01, 1.3333E+00,
19:11:31.95321829, 4.0667E+00, 1.0000E+01, 1.2000E+00,
19:11:31.95321834, 4.1000E+00, 9.9333E+00, 1.4667E+00,
19:11:31.95321839, 4.2000E+00, 1.0133E+01, 1.6000E+00,
19:11:31.95321844, 4.1333E+00, 9.8667E+00, 1.6000E+00,
19:11:31.95321849, 4.1667E+00, 1.0000E+01, 1.4667E+00,
19:11:31.95321854, 4.0333E+00, 1.0067E+01, 1.6000E+00,
19:11:31.95321859, 4.1000E+00, 1.0133E+01, 1.3333E+00,
19:11:31.95321864, 4.1000E+00, 1.0133E+01, 1.6000E+00,
19:11:31.95321869, 4.0667E+00, 9.9333E+00, 1.3333E+00,
19:11:31.95321874, 4.0333E+00, 1.0000E+01, 1.4667E+00,
19:11:31.95321879, 4.1000E+00, 1.0067E+01, 1.8667E+00,
19:11:31.95321884, 4.0667E+00, 9.9333E+00, 1.6000E+00,
19:11:31.95321889, 4.0667E+00, 1.0000E+01, 1.3333E+00,
19:11:31.95321894, 4.0667E+00, 9.9333E+00, 1.6000E+00,
19:11:31.95321899, 4.0333E+00, 9.9333E+00, 1.6000E+00,
19:11:31.95321904, 4.0667E+00, 1.0000E+01, 1.7333E+00,
19:11:31.95321909, 4.1000E+00, 1.0200E+01, 1.6000E+00,
19:11:31.95321914, 4.1000E+00, 1.0067E+01, 1.6000E+00,
19:11:31.95321919, 4.0667E+00, 1.0067E+01, 1.2000E+00,
19:11:31.95321924, 4.0667E+00, 1.0000E+01, 1.6000E+00,
19:11:31.95321929, 4.0333E+00, 1.0000E+01, 1.6000E+00,
19:11:31.95321934, 4.0667E+00, 1.0133E+01, 1.3333E+00,
19:11:31.95321939, 4.0667E+00, 1.0133E+01, 1.6000E+00,
19:11:31.95321944, 4.1333E+00, 1.0067E+01, 1.6000E+00,
19:11:31.95321949, 4.1333E+00, 1.0000E+01, 1.3333E+00,
19:11:31.95321954, 4.1000E+00, 1.0133E+01, 1.4667E+00,
19:11:31.95321959, 4.1333E+00, 9.9333E+00, 1.6000E+00,
19:11:31.95321964, 4.1667E+00, 1.0067E+01, 1.2000E+00,
19:11:31.95321969, 4.0667E+00, 9.9333E+00, 1.6000E+00,
19:11:31.95321974, 4.1000E+00, 9.9333E+00, 1.4667E+00,
19:11:31.95321979, 4.1333E+00, 1.0067E+01, 1.6000E+00,
19:11:31.95321984, 4.1333E+00, 9.9333E+00, 1.4667E+00,
19:11:31.95321989, 4.1667E+00, 1.0133E+01, 1.6000E+00,
19:11:31.95321994, 4.1667E+00, 1.0067E+01, 1.6000E+00,
19:11:31.95321999, 4.1333E+00, 1.0067E+01, 1.4667E+00,
19:11:31.95322004, 4.0667E+00, 9.9333E+00, 1.6000E+00,
19:11:31.95322009, 4.1000E+00, 9.9333E+00, 1.2000E+00,
19:11:31.95322014, 4.1000E+00, 1.0000E+01, 1.6000E+00,
19:11:31.95322019, 4.0333E+00, 1.0200E+01, 1.6000E+00,
19:11:31.95322024, 4.0000E+00, 1.0000E+01, 1.4667E+00,
19:11:31.95322029, 4.1333E+00, 1.0133E+01, 1.6000E+00,
19:11:31.95322034, 4.0667E+00, 1.0067E+01, 1.6000E+00,
19:11:31.95322039, 4.1333E+00, 1.0133E+01, 1.6000E+00,
19:11:31.95322044, 4.1333E+00, 9.9333E+00, 1.7333E+00,
19:11:31.95322049, 4.1333E+00, 1.0067E+01, 1.4667E+00,
19:11:31.95322054, 4.1000E+00, 1.0000E+01, 1.3333E+00,
19:11:31.95322059, 4.0667E+00, 1.0067E+01, 1.0667E+00,
19:11:31.95322064, 4.0333E+00, 1.0067E+01, 1.2000E+00,
19:11:31.95322069, 4.1333E+00, 1.0067E+01, 1.6000E+00,
19:11:31.95322074, 4.1333E+00, 1.0067E+01, 1.4667E+00,
19:11:31.95322079, 4.1333E+00, 9.9333E+00, 1.4667E+00,
19:11:31.95322084, 4.1333E+00, 9.9333E+00, 1.6000E+00,
19:11:31.95322089, 4.1333E+00, 1.0067E+01, 1.6000E+00,
19:11:31.95322094, 4.1000E+00, 1.0000E+01, 1.4667E+00,
19:11:31.95322099, 4.1000E+00, 1.0267E+01, 1.6000E+00,
19:11:31.95322104, 4.1000E+00, 1.0000E+01, 1.3333E+00,
19:11:31.95322109, 4.0667E+00, 1.0000E+01, 1.4667E+00,
19:11:31.95322114, 4.0667E+00, 1.0000E+01, 1.4667E+00,
19:11:31.95322119, 4.1000E+00, 9.9333E+00, 1.6000E+00,
19:11:31.95322124, 4.0667E+00, 1.0067E+01, 1.4667E+00,
19:11:31.95322129, 4.1000E+00, 1.0133E+01, 1.4667E+00,
19:11:31.95322134, 4.1333E+00, 9.9333E+00, 1.4667E+00,
19:11:31.95322139, 4.1333E+00, 1.0067E+01, 1.2000E+00,
19:11:31.95322144, 4.2000E+00, 9.9333E+00, 1.3333E+00,
19:11:31.95322149, 4.2000E+00, 1.0000E+01, 1.4667E+00,
19:11:31.95322154, 4.1333E+00, 9.9333E+00, 1.2000E+00,
19:11:31.95322159, 4.1333E+00, 9.9333E+00, 1.3333E+00,
19:11:31.95322164, 4.0667E+00, 1.0000E+01, 1.6000E+00,
19:11:31.95322169, 4.1333E+00, 1.0000E+01, 1.6000E+00,
19:11:31.95322174, 4.1333E+00, 1.0067E+01, 1.3333E+00,
19:11:31.95322179, 4.1333E+00, 9.9333E+00, 1.8667E+00,
19:11:31.95322184, 4.1333E+00, 1.0067E+01, 1.7333E+00,
19:11:31.95322189, 4.1333E+00, 1.0000E+01, 1.4667E+00,
19:11:31.95322194, 4.1000E+00, 9.9333E+00, 1.6000E+00,
19:11:31.95322199, 4.1000E+00, 1.0067E+01, 1.7333E+00,
19:11:31.95322204, 4.0667E+00, 1.0067E+01, 1.2000E+00,
19:11:31.95322209, 4.1667E+00, 9.9333E+00, 1.6000E+00,
19:11:31.95322214, 4.0667E+00, 1.0200E+01, 1.6000E+00,
19:11:31.95322219, 4.0667E+00, 1.0000E+01, 1.6000E+00,
19:11:31.95322224, 4.1000E+00, 1.0067E+01, 1.4667E+00,
19:11:31.95322229, 4.1333E+00, 9.9333E+00, 1.6000E+00,
19:11:31.95322234, 4.1333E+00, 9.9333E+00, 1.7333E+00,
19:11:31.95322239, 4.1000E+00, 1.0000E+01, 1.4667E+00,
19:11:31.95322244, 4.0667E+00, 1.0067E+01, 1.3333E+00,
19:11:31.95322249, 4.1000E+00, 1.0200E+01, 1.6000E+00,
19:11:31.95322254, 4.0333E+00, 1.0000E+01, 1.3333E+00,
19:11:31.95322259, 3.9667E+00, 1.0000E+01, 1.4667E+00,
19:11:31.95322264, 4.1000E+00, 1.0067E+01, 1.6000E+00,
19:11:31.95322269, 4.0333E+00, 1.0000E+01, 1.8667E+00,
19:11:31.95322274, 4.1000E+00, 1.0000E+01, 1.6000E+00,
19:11:31.95322279, 4.1667E+00, 9.9333E+00, 1.4667E+00,
19:11:31.95322284, 4.1667E+00, 1.0000E+01, 1.4667E+00,
19:11:31.95322289, 4.0667E+00, 9.9333E+00, 1.3333E+00,
19:11:31.95322294, 4.0667E+00, 1.0067E+01, 1.6000E+00,
19:11:31.95322299, 4.1667E+00, 1.0000E+01, 1.2000E+00,
19:11:31.95322304, 4.1333E+00, 1.0000E+01, 1.8667E+00,
19:11:31.95322309, 4.1000E+00, 1.0067E+01, 1.2000E+00,
19:11:31.95322314, 4.2000E+00, 1.0000E+01, 1.4667E+00,
19:11:31.95322319, 4.1000E+00, 1.0000E+01, 1.6000E+00,
19:11:31.95322324, 4.1000E+00, 9.9333E+00, 1.6000E+00,
19:11:31.95322329, 4.1000E+00, 9.9333E+00, 1.7333E+00,
19:11:31.95322334, 4.1333E+00, 1.0067E+01, 1.7333E+00,
19:11:31.95322339, 4.1000E+00, 1.0067E+01, 2.0000E+00,
19:11:31.95322344, 4.0667E+00, 1.0000E+01, 1.6000E+00,
19:11:31.95322349, 4.1000E+00, 1.0067E+01, 1.3333E+00,
19:11:31.95322354, 4.0667E+00, 1.0000E+01, 1.6000E+00,
19:11:31.95322359, 4.1333E+00, 1.0000E+01, 1.7333E+00,
19:11:31.95322364, 4.0667E+00, 1.0000E+01, 1.3333E+00,
19:11:31.95322369, 4.1000E+00, 9.9333E+00, 1.3333E+00,
19:11:31.95322374, 4.0000E+00, 9.9333E+00, 1.8667E+00,
19:11:31.95322379, 4.0333E+00, 1.0067E+01, 1.6000E+00,
19:11:31.95322384, 4.0667E+00, 1.0133E+01, 1.4667E+00,
19:11:31.95322389, 4.1000E+00, 1.0000E+01, 1.7333E+00,
19:11:31.95322394, 4.1000E+00, 1.0000E+01, 1.3333E+00,
19:11:31.95322399, 4.0667E+00, 9.9333E+00, 1.3333E+00,
19:11:31.95322404, 4.1333E+00, 9.9333E+00, 1.6000E+00,
19:11:31.95322409, 4.0667E+00, 1.0067E+01, 1.6000E+00,
19:11:31.95322414, 4.1333E+00, 9.9333E+00, 1.6000E+00,
19:11:31.95322419, 4.0667E+00, 1.0067E+01, 1.3333E+00,
19:11:31.95322424, 4.1000E+00, 9.8667E+00, 1.6000E+00,
19:11:31.95322429, 4.1333E+00, 1.0067E+01, 1.6000E+00,
19:11:31.95322434, 4.1000E+00, 1.0000E+01, 1.3333E+00,
19:11:31.95322439, 4.1333E+00, 9.9333E+00, 1.2000E+00,
19:11:31.95322444, 4.0667E+00, 1.0133E+01, 1.3333E+00,
19:11:31.95322449, 4.0667E+00, 9.8667E+00, 1.7333E+00,
19:11:31.95322454, 4.0667E+00, 1.0067E+01, 1.6000E+00,
19:11:31.95322459, 4.0667E+00, 1.0000E+01, 1.4667E+00,
19:11:31.95322464, 4.1333E+00, 1.0000E+01, 1.7333E+00,
19:11:31.95322469, 4.1000E+00, 9.9333E+00, 1.4667E+00,
19:11:31.95322474, 4.1333E+00, 1.0133E+01, 1.7333E+00,
19:11:31.95322479, 4.0667E+00, 9.9333E+00, 1.6000E+00,
19:11:31.95322484, 4.0667E+00, 1.0000E+01, 1.3333E+00,
19:11:31.95322489, 4.1333E+00, 1.0000E+01, 1.3333E+00,
19:11:31.95322494, 4.1333E+00, 1.0067E+01, 1.7333E+00,
19:11:31.95322499, 4.1333E+00, 1.0000E+01, 1.6000E+00,
19:11:31.95322504, 4.1667E+00, 9.9333E+00, 1.3333E+00,
19:11:31.95322509, 4.0667E+00, 9.9333E+00, 1.4667E+00,
19:11:31.95322514, 4.1333E+00, 1.0000E+01, 1.4667E+00,
19:11:31.95322519, 4.1333E+00, 1.0000E+01, 1.6000E+00,
19:11:31.95322524, 4.0667E+00, 1.0067E+01, 1.7333E+00,
19:11:31.95322529, 4.0000E+00, 1.0200E+01, 1.4667E+00,
19:11:31.95322534, 4.1000E+00, 9.9333E+00, 1.8667E+00,
19:11:31.95322539, 4.1333E+00, 9.9333E+00, 1.2000E+00,
19:11:31.95322544, 4.0667E+00, 9.9333E+00, 1.3333E+00,
19:11:31.95322549, 4.0333E+00, 9.9333E+00, 1.4667E+00,
19:11:31.95322554, 4.0667E+00, 1.0067E+01, 1.6000E+00,
19:11:31.95322559, 4.1000E+00, 9.9333E+00, 1.4667E+00,
19:11:31.95322564, 4.1000E+00, 1.0133E+01, 1.3333E+00,
19:11:31.95322569, 4.1333E+00, 1.0000E+01, 1.6000E+00,
19:11:31.95322574, 4.1333E+00, 1.0200E+01, 1.3333E+00,
19:11:31.95322579, 4.1667E+00, 1.0067E+01, 1.7333E+00,
19:11:31.95322584, 4.1000E+00, 9.9333E+00, 1.3333E+00,
19:11:31.95322589, 4.1333E+00, 1.0133E+01, 1.4667E+00,
19:11:31.95322594, 4.1333E+00, 1.0067E+01, 1.7333E+00,
19:11:31.95322599, 4.1333E+00, 9.9333E+00, 2.0000E+00,
19:11:31.95322604, 4.1333E+00, 9.9333E+00, 1.3333E+00,
19:11:31.95322609, 4.1667E+00, 9.9333E+00, 1.3333E+00,
19:11:31.95322614, 4.1000E+00, 1.0067E+01, 1.4667E+00,
19:11:31.95322619, 4.1333E+00, 9.9333E+00, 1.7333E+00,
19:11:31.95322624, 4.1333E+00, 9.8667E+00, 2.0000E+00,
19:11:31.95322629, 4.0333E+00, 9.9333E+00, 1.6000E+00,
19:11:31.95322634, 4.1000E+00, 1.0067E+01, 1.4667E+00,
19:11:31.95322639, 4.1000E+00, 1.0000E+01, 1.3333E+00,
19:11:31.95322644, 4.1333E+00, 1.0067E+01, 1.3333E+00,
19:11:31.95322649, 4.0000E+00, 9.9333E+00, 1.6000E+00,
19:11:31.95322654, 4.1000E+00, 1.0000E+01, 1.3333E+00,
19:11:31.95322659, 4.1333E+00, 9.9333E+00, 1.2000E+00,
19:11:31.95322664, 4.1333E+00, 1.0067E+01, 1.6000E+00,
19:11:31.95322669, 4.1000E+00, 9.9333E+00, 1.2000E+00,
19:11:31.95322674, 4.1667E+00, 1.0000E+01, 1.6000E+00,
19:11:31.95322679, 4.1000E+00, 9.9333E+00, 1.4667E+00,
19:11:31.95322684, 4.1000E+00, 1.0133E+01, 1.4667E+00,
19:11:31.95322689, 4.0333E+00, 9.9333E+00, 1.7333E+00,
19:11:31.95322694, 4.1333E+00, 9.9333E+00, 1.3333E+00,
19:11:31.95322699, 4.1333E+00, 1.0000E+01, 1.3333E+00,
19:11:31.95322704, 4.1333E+00, 9.9333E+00, 1.3333E+00,
19:11:31.95322709, 4.1333E+00, 1.0067E+01, 1.7333E+00,
19:11:31.95322714, 4.0667E+00, 1.0067E+01, 1.4667E+00,
19:11:31.95322719, 4.1333E+00, 1.0000E+01, 1.6000E+00,
19:11:31.95322724, 4.1333E+00, 9.9333E+00, 1.4667E+00,
19:11:31.95322729, 4.1333E+00, 9.9333E+00, 1.6000E+00,
19:11:31.95322734, 4.1000E+00, 1.0000E+01, 1.0667E+00,
19:11:31.95322739, 4.0667E+00, 1.0067E+01, 1.2000E+00,
19:11:31.95322744, 4.1333E+00, 1.0000E+01, 1.7333E+00,
19:11:31.95322749, 4.1000E+00, 1.0000E+01, 1.3333E+00,
19:11:31.95322754, 4.1000E+00, 1.0067E+01, 1.3333E+00,
19:11:31.95322759, 4.1667E+00, 1.0067E+01, 1.6000E+00,
19:11:31.95322764, 4.1000E+00, 1.0000E+01, 1.6000E+00,
19:11:31.95322769, 4.1333E+00, 1.0200E+01, 1.3333E+00,
19:11:31.95322774, 4.1667E+00, 1.0000E+01, 1.3333E+00,
19:11:31.95322779, 4.1667E+00, 1.0000E+01, 1.3333E+00,
19:11:31.95322784, 4.0333E+00, 1.0000E+01, 1.7333E+00,
19:11:31.95322789, 4.1000E+00, 1.0000E+01, 1.6000E+00,
19:11:31.95322794, 4.0333E+00, 1.0200E+01, 1.6000E+00,
19:11:31.95322799, 4.1000E+00, 1.0067E+01, 1.3333E+00,
19:11:31.95322804, 4.1333E+00, 1.0000E+01, 1.4667E+00,
19:11:31.95322809, 4.0333E+00, 9.9333E+00, 1.3333E+00,
19:11:31.95322814, 4.1000E+00, 9.9333E+00, 1.4667E+00,
19:11:31.95322819, 4.1333E+00, 1.0000E+01, 1.4667E+00,
19:11:31.95322824, 4.0333E+00, 1.0067E+01, 1.3333E+00,
19:11:31.95322829, 4.0667E+00, 9.9333E+00, 1.2000E+00,
19:11:31.95322834, 4.0667E+00, 9.9333E+00, 1.3333E+00,
19:11:31.95322839, 4.0667E+00, 1.0000E+01, 1.6000E+00,
19:11:31.95322844, 4.1000E+00, 1.0067E+01, 1.7333E+00,
19:11:31.95322849, 4.1667E+00, 9.9333E+00, 1.6000E+00,
19:11:31.95322854, 4.1333E+00, 1.0067E+01, 1.6000E+00,
19:11:31.95322859, 4.1000E+00, 9.9333E+00, 1.4667E+00,
19:11:31.95322864, 4.0667E+00, 9.9333E+00, 1.6000E+00,
19:11:31.95322869, 4.0667E+00, 9.9333E+00, 1.6000E+00,
19:11:31.95322874, 4.0667E+00, 1.0067E+01, 1.3333E+00,
19:11:31.95322879, 4.0667E+00, 1.0000E+01, 1.4667E+00,
19:11:31.95322884, 4.0667E+00, 1.0000E+01, 1.4667E+00,
19:11:31.95322889, 4.0667E+00, 1.0067E+01, 1.2000E+00,
19:11:31.95322894, 4.1000E+00, 1.0000E+01, 1.4667E+00,
19:11:31.95322899, 4.1333E+00, 1.0133E+01, 1.7333E+00,
19:11:31.95322904, 4.1000E+00, 1.0133E+01, 1.7333E+00,
19:11:31.95322909, 4.0333E+00, 9.9333E+00, 1.4667E+00,
19:11:31.95322914, 4.1000E+00, 9.9333E+00, 1.6000E+00,
19:11:31.95322919, 4.1000E+00, 1.0000E+01, 1.4667E+00,
19:11:31.95322924, 4.0667E+00, 1.0000E+01, 1.4667E+00,
19:11:31.95322929, 4.1000E+00, 9.9333E+00, 1.2000E+00,
19:11:31.95322934, 4.0000E+00, 1.0000E+01, 1.3333E+00,
19:11:31.95322939, 4.1000E+00, 1.0000E+01, 1.3333E+00,
19:11:31.95322944, 4.1333E+00, 1.0067E+01, 1.3333E+00,
19:11:31.95322949, 4.1667E+00, 1.0000E+01, 1.3333E+00,
19:11:31.95322954, 4.0667E+00, 1.0067E+01, 1.4667E+00,
19:11:31.95322959, 4.1000E+00, 1.0067E+01, 1.6000E+00,
19:11:31.95322964, 4.1667E+00, 1.0000E+01, 1.4667E+00,
19:11:31.95322969, 4.1333E+00, 9.9333E+00, 1.4667E+00,
19:11:31.95322974, 4.1000E+00, 9.9333E+00, 1.4667E+00,
19:11:31.95322979, 4.0333E+00, 1.0067E+01, 1.4667E+00,
19:11:31.95322984, 4.0667E+00, 1.0067E+01, 1.4667E+00,
19:11:31.95322989, 4.1000E+00, 9.9333E+00, 1.4667E+00,
19:11:31.95322994, 4.1000E+00, 1.0067E+01, 1.3333E+00,
19:11:31.95322999, 4.1667E+00, 9.8667E+00, 1.2000E+00,
19:11:31.95323004, 4.0667E+00, 1.0067E+01, 1.3333E+00,
19:11:31.95323009, 4.0667E+00, 9.9333E+00, 1.4667E+00,
19:11:31.95323014, 4.0667E+00, 1.0000E+01, 1.6000E+00,
19:11:31.95323019, 4.0667E+00, 1.0067E+01, 1.2000E+00,
19:11:31.95323024, 4.1000E+00, 1.0067E+01, 1.3333E+00,
19:11:31.95323029, 4.1000E+00, 1.0000E+01, 1.0667E+00,
19:11:31.95323034, 4.1000E+00, 1.0067E+01, 1.3333E+00,
19:11:31.95323039, 4.0667E+00, 9.9333E+00, 1.3333E+00,
19:11:31.95323044, 4.0333E+00, 1.0000E+01, 1.4667E+00,
19:11:31.95323049, 4.1333E+00, 9.9333E+00, 1.4667E+00,
19:11:31.95323054, 4.1667E+00, 9.9333E+00, 1.6000E+00,
19:11:31.95323059, 4.1000E+00, 1.0000E+01, 1.3333E+00,
19:11:31.95323064, 4.1333E+00, 1.0000E+01, 1.4667E+00,
19:11:31.95323069, 4.1667E+00, 1.0200E+01, 1.6000E+00,
19:11:31.95323074, 4.1000E+00, 1.0000E+01, 1.3333E+00,
19:11:31.95323079, 4.0667E+00, 9.9333E+00, 1.4667E+00,
19:11:31.95323084, 4.1333E+00, 9.9333E+00, 1.0667E+00,
19:11:31.95323089, 4.2000E+00, 1.0000E+01, 1.7333E+00,
19:11:31.95323094, 4.1000E+00, 9.9333E+00, 1.7333E+00,
19:11:31.95323099, 4.1667E+00, 1.0067E+01, 1.8667E+00,
19:11:31.95323104, 4.1000E+00, 1.0000E+01, 1.6000E+00,
19:11:31.95323109, 4.1333E+00, 9.9333E+00, 1.3333E+00,
19:11:31.95323114, 4.1333E+00, 1.0067E+01, 1.4667E+00,
19:11:31.95323119, 4.1000E+00, 1.0133E+01, 1.7333E+00,
19:11:31.95323124, 4.1000E+00, 1.0067E+01, 1.7333E+00,
19:11:31.95323129, 4.0333E+00, 9.9333E+00, 1.3333E+00,
19:11:31.95323134, 4.1333E+00, 1.0000E+01, 1.3333E+00,
19:11:31.95323139, 4.1333E+00, 1.0000E+01, 1.7333E+00,
19:11:31.95323144, 4.1000E+00, 1.0067E+01, 1.4667E+00,
19:11:31.95323149, 4.2000E+00, 1.0000E+01, 1.8667E+00,
19:11:31.95323154, 4.1000E+00, 1.0000E+01, 1.6000E+00,
19:11:31.95323159, 4.1000E+00, 1.0133E+01, 1.4667E+00,
19:11:31.95323164, 4.0667E+00, 9.9333E+00, 1.4667E+00,
19:11:31.95323169, 4.0667E+00, 1.0000E+01, 1.6000E+00,
19:11:31.95323174, 4.1000E+00, 1.0000E+01, 1.4667E+00,
19:11:31.95323179, 4.1000E+00, 1.0000E+01, 1.6000E+00,
19:11:31.95323184, 4.0667E+00, 9.9333E+00, 1.3333E+00,
19:11:31.95323189, 4.0667E+00, 1.0200E+01, 1.3333E+00,
19:11:31.95323194, 4.1000E+00, 1.0000E+01, 2.0000E+00,
19:11:31.95323199, 4.0667E+00, 1.0000E+01, 1.6000E+00,
19:11:31.95323204, 4.1000E+00, 1.0000E+01, 1.3333E+00,
19:11:31.95323209, 4.1000E+00, 9.9333E+00, 1.2000E+00,
19:11:31.95323214, 4.0667E+00, 1.0000E+01, 1.7333E+00,
19:11:31.95323219, 4.1333E+00, 9.9333E+00, 1.3333E+00,
19:11:31.95323224, 4.1333E+00, 1.0000E+01, 1.7333E+00,
19:11:31.95323229, 4.0333E+00, 1.0000E+01, 1.6000E+00,
19:11:31.95323234, 4.0667E+00, 1.0133E+01, 1.6000E+00,
19:11:31.95323239, 4.2333E+00, 1.0000E+01, 1.4667E+00,
19:11:31.95323244, 4.0667E+00, 9.9333E+00, 1.7333E+00,
19:11:31.95323249, 4.2000E+00, 1.0000E+01, 1.4667E+00,
19:11:31.95323254, 4.0667E+00, 9.9333E+00, 1.7333E+00,
19:11:31.95323259, 4.0667E+00, 1.0067E+01, 1.6000E+00,
19:11:31.95323264, 4.1333E+00, 1.0067E+01, 1.6000E+00,
19:11:31.95323269, 4.1333E+00, 1.0133E+01, 1.6000E+00,
19:11:31.95323274, 4.1000E+00, 1.0000E+01, 1.4667E+00,
19:11:31.95323279, 4.1000E+00, 1.0000E+01, 1.4667E+00,
19:11:31.95323284, 4.1667E+00, 9.9333E+00, 1.4667E+00,
19:11:31.95323289, 4.1000E+00, 9.9333E+00, 1.6000E+00,
19:11:31.95323294, 4.1000E+00, 1.0000E+01, 1.7333E+00,
19:11:31.95323299, 4.1000E+00, 9.9333E+00, 1.4667E+00,
19:11:31.95323304, 4.0667E+00, 9.9333E+00, 1.6000E+00,
19:11:31.95323309, 4.0667E+00, 1.0133E+01, 1.4667E+00,
19:11:31.95323314, 4.0333E+00, 1.0000E+01, 1.4667E+00,
19:11:31.95323319, 4.0667E+00, 1.0000E+01, 1.4667E+00,
19:11:31.95323324, 4.0667E+00, 1.0000E+01, 1.6000E+00,
19:11:31.95323329, 4.1333E+00, 1.0067E+01, 1.4667E+00,
19:11:31.95323334, 4.1000E+00, 1.0133E+01, 1.6000E+00,
19:11:31.95323339, 4.1000E+00, 1.0000E+01, 1.6000E+00,
19:11:31.95323344, 4.1333E+00, 9.9333E+00, 1.6000E+00,
19:11:31.95323349, 4.1667E+00, 9.9333E+00, 1.4667E+00,
19:11:31.95323354, 4.1000E+00, 9.9333E+00, 2.0000E+00,
19:11:31.95323359, 4.1333E+00, 9.9333E+00, 1.2000E+00,
19:11:31.95323364, 4.0667E+00, 1.0000E+01, 1.2000E+00,
19:11:31.95323369, 4.0667E+00, 9.9333E+00, 1.4667E+00,
19:11:31.95323374, 4.1000E+00, 1.0067E+01, 1.7333E+00,
19:11:31.95323379, 4.0667E+00, 1.0067E+01, 1.3333E+00,
19:11:31.95323384, 4.1000E+00, 1.0000E+01, 1.6000E+00,
19:11:31.95323389, 4.0667E+00, 9.9333E+00, 1.7333E+00,
19:11:31.95323394, 4.0333E+00, 9.9333E+00, 1.6000E+00,
19:11:31.95323399, 4.1000E+00, 1.0067E+01, 1.6000E+00,
19:11:31.95323404, 4.0333E+00, 1.0133E+01, 1.6000E+00,
19:11:31.95323409, 4.0667E+00, 1.0067E+01, 1.6000E+00,
19:11:31.95323414, 4.1000E+00, 1.0000E+01, 1.3333E+00,
19:11:31.95323419, 4.0667E+00, 1.0067E+01, 1.7333E+00,
19:11:31.95323424, 4.1000E+00, 9.9333E+00, 1.6000E+00,
19:11:31.95323429, 4.1000E+00, 1.0000E+01, 1.3333E+00,
19:11:31.95323434, 4.1333E+00, 1.0067E+01, 1.6000E+00,
19:11:31.95323439, 4.0667E+00, 1.0067E+01, 1.6000E+00,
19:11:31.95323444, 4.1000E+00, 1.0000E+01, 1.4667E+00,
19:11:31.95323449, 4.1000E+00, 1.0000E+01, 1.3333E+00,
19:11:31.95323454, 4.0333E+00, 1.0067E+01, 1.4667E+00,
19:11:31.95323459, 4.0000E+00, 1.0000E+01, 1.3333E+00,
19:11:31.95323464, 4.0667E+00, 9.9333E+00, 1.3333E+00,
19:11:31.95323469, 4.0667E+00, 9.9333E+00, 1.4667E+00,
19:11:31.95323474, 4.1000E+00, 1.0067E+01, 1.2000E+00,
19:11:31.95323479, 4.1000E+00, 1.0000E+01, 1.4667E+00,
19:11:31.95323484, 4.1000E+00, 9.9333E+00, 1.4667E+00,
19:11:31.95323489, 4.0667E+00, 9.9333E+00, 1.2000E+00,
19:11:31.95323494, 4.0333E+00, 9.8000E+00, 1.8667E+00,
19:11:31.95323499, 4.0667E+00, 1.0000E+01, 1.3333E+00,
19:11:31.95323504, 4.0667E+00, 1.0000E+01, 1.4667E+00,
19:11:31.95323509, 4.1000E+00, 1.0067E+01, 1.6000E+00,
19:11:31.95323514, 4.1000E+00, 1.0000E+01, 1.6000E+00,
19:11:31.95323519, 4.1000E+00, 1.0067E+01, 1.2000E+00,
19:11:31.95323524, 4.1000E+00, 1.0000E+01, 1.2000E+00,
19:11:31.95323529, 4.1000E+00, 1.0000E+01, 1.3333E+00,
19:11:31.95323534, 4.0667E+00, 1.0000E+01, 1.4667E+00,
19:11:31.95323539, 4.1000E+00, 9.9333E+00, 1.6000E+00,
19:11:31.95323544, 4.0667E+00, 1.0067E+01, 1.4667E+00,
19:11:31.95323549, 4.1000E+00, 1.0067E+01, 1.3333E+00,
19:11:31.95323554, 4.1333E+00, 9.9333E+00, 1.4667E+00,
19:11:31.95323559, 4.0667E+00, 9.9333E+00, 1.2000E+00,
19:11:31.95323564, 4.0667E+00, 9.9333E+00, 1.2000E+00,
19:11:31.95323569, 4.0667E+00, 9.9333E+00, 1.3333E+00,
19:11:31.95323574, 4.1000E+00, 9.9333E+00, 1.6000E+00,
19:11:31.95323579, 4.1000E+00, 1.0000E+01, 1.6000E+00,
19:11:31.95323584, 4.1000E+00, 9.9333E+00, 1.4667E+00,
19:11:31.95323589, 4.1333E+00, 9.9333E+00, 1.6000E+00,
19:11:31.95323594, 4.1000E+00, 9.9333E+00, 1.6000E+00,
19:11:31.95323599, 4.1000E+00, 1.0067E+01, 1.6000E+00,
19:11:31.95323604, 4.0333E+00, 1.0067E+01, 1.3333E+00,
19:11:31.95323609, 4.0333E+00, 1.0000E+01, 1.4667E+00,
19:11:31.95323614, 4.1667E+00, 1.0000E+01, 1.3333E+00,
19:11:31.95323619, 4.1000E+00, 9.9333E+00, 1.3333E+00,
19:11:31.95323624, 4.1667E+00, 1.0067E+01, 1.6000E+00,
19:11:31.95323629, 4.1000E+00, 9.9333E+00, 1.7333E+00,
19:11:31.95323634, 4.1333E+00, 9.9333E+00, 1.6000E+00,
19:11:31.95323639, 4.1667E+00, 9.9333E+00, 2.0000E+00,
19:11:31.95323644, 4.0000E+00, 1.0000E+01, 1.8667E+00,
19:11:31.95323649, 4.0333E+00, 1.0067E+01, 1.3333E+00,
19:11:31.95323654, 4.1333E+00, 1.0000E+01, 1.3333E+00,
19:11:31.95323659, 4.1333E+00, 1.0000E+01, 1.3333E+00,
19:11:31.95323664, 4.1000E+00, 1.0067E+01, 1.3333E+00,
19:11:31.95323669, 4.1000E+00, 1.0000E+01, 1.3333E+00,
19:11:31.95323674, 4.0667E+00, 1.0067E+01, 1.8667E+00,
19:11:31.95323679, 4.1333E+00, 1.0067E+01, 1.6000E+00,
19:11:31.95323684, 4.1000E+00, 9.9333E+00, 1.0667E+00,
19:11:31.95323689, 4.0333E+00, 1.0000E+01, 1.7333E+00,
19:11:31.95323694, 4.0333E+00, 1.0000E+01, 1.4667E+00,
19:11:31.95323699, 4.0667E+00, 1.0133E+01, 1.3333E+00,
19:11:31.95323704, 4.1333E+00, 1.0000E+01, 1.3333E+00,
19:11:31.95323709, 4.1333E+00, 1.0067E+01, 1.7333E+00,
19:11:31.95323714, 4.0333E+00, 1.0067E+01, 1.3333E+00,
19:11:31.95323719, 4.0667E+00, 1.0000E+01, 1.3333E+00,
19:11:31.95323724, 4.1667E+00, 1.0000E+01, 1.2000E+00,
19:11:31.95323729, 4.1333E+00, 9.9333E+00, 1.7333E+00,
19:11:31.95323734, 4.1333E+00, 1.0000E+01, 1.6000E+00,
19:11:31.95323739, 4.0667E+00, 9.9333E+00, 1.3333E+00,
19:11:31.95323744, 4.0333E+00, 1.0000E+01, 1.4667E+00,
19:11:31.95323749, 4.1000E+00, 9.9333E+00, 1.3333E+00,
19:11:31.95323754, 4.1000E+00, 1.0133E+01, 1.4667E+00,
19:11:31.95323759, 4.1333E+00, 1.0133E+01, 1.6000E+00,
19:11:31.95323764, 4.0667E+00, 1.0000E+01, 2.0000E+00,
19:11:31.95323769, 4.1333E+00, 9.9333E+00, 1.2000E+00,
19:11:31.95323774, 4.1667E+00, 1.0000E+01, 1.4667E+00,
19:11:31.95323779, 4.0667E+00, 1.0133E+01, 1.3333E+00,
19:11:31.95323784, 4.0667E+00, 1.0000E+01, 1.4667E+00,
19:11:31.95323789, 4.1000E+00, 1.0000E+01, 1.6000E+00,
19:11:31.95323794, 4.0667E+00, 9.9333E+00, 1.3333E+00,
19:11:31.95323799, 4.1000E+00, 9.9333E+00, 1.3333E+00,
19:11:31.95323804, 4.0333E+00, 1.0133E+01, 1.4667E+00,
19:11:31.95323809, 4.1000E+00, 1.0000E+01, 1.4667E+00,
19:11:31.95323814, 4.1333E+00, 1.0067E+01, 1.4667E+00,
19:11:31.95323819, 4.1000E+00, 1.0067E+01, 1.4667E+00,
19:11:31.95323824, 4.1667E+00, 1.0000E+01, 1.4667E+00,
19:11:31.95323829, 4.1333E+00, 1.0000E+01, 1.3333E+00,
19:11:31.95323834, 4.2000E+00, 9.9333E+00, 1.3333E+00,
19:11:31.95323839, 4.0667E+00, 1.0000E+01, 1.4667E+00,
19:11:31.95323844, 4.1333E+00, 9.9333E+00, 1.3333E+00,
19:11:31.95323849, 4.1000E+00, 1.0000E+01, 1.4667E+00,
19:11:31.95323854, 4.0333E+00, 1.0133E+01, 1.0667E+00,
19:11:31.95323859, 4.1000E+00, 1.0133E+01, 1.6000E+00,
19:11:31.95323864, 4.1000E+00, 1.0067E+01, 1.6000E+00,
19:11:31.95323869, 4.1333E+00, 1.0067E+01, 1.6000E+00,
19:11:31.95323874, 4.1000E+00, 1.0000E+01, 1.6000E+00,
19:11:31.95323879, 4.0667E+00, 1.0133E+01, 1.6000E+00,
19:11:31.95323884, 4.0333E+00, 1.0067E+01, 1.6000E+00,
19:11:31.95323889, 4.0667E+00, 1.0000E+01, 1.7333E+00,
19:11:31.95323894, 4.1000E+00, 1.0133E+01, 1.6000E+00,
19:11:31.95323899, 4.1000E+00, 9.9333E+00, 1.4667E+00,
19:11:31.95323904, 4.1000E+00, 1.0000E+01, 1.2000E+00,
19:11:31.95323909, 4.1000E+00, 1.0133E+01, 1.4667E+00,
19:11:31.95323914, 4.0667E+00, 9.9333E+00, 1.0667E+00,
19:11:31.95323919, 4.1000E+00, 1.0000E+01, 1.2000E+00,
19:11:31.95323924, 4.1667E+00, 1.0067E+01, 1.3333E+00,
19:11:31.95323929, 4.0667E+00, 9.9333E+00, 1.3333E+00,
19:11:31.95323934, 4.0333E+00, 1.0133E+01, 1.4667E+00,
19:11:31.95323939, 4.1333E+00, 1.0000E+01, 1.3333E+00,
19:11:31.95323944, 4.1000E+00, 1.0067E+01, 1.4667E+00,
19:11:31.95323949, 4.1333E+00, 1.0000E+01, 1.6000E+00,
19:11:31.95323954, 4.1333E+00, 1.0000E+01, 1.4667E+00,
19:11:31.95323959, 4.1000E+00, 9.9333E+00, 1.0667E+00,
19:11:31.95323964, 4.1000E+00, 9.9333E+00, 1.4667E+00,
19:11:31.95323969, 4.0667E+00, 9.9333E+00, 1.3333E+00,
19:11:31.95323974, 4.1333E+00, 1.0067E+01, 1.3333E+00,
19:11:31.95323979, 4.1333E+00, 1.0000E+01, 1.4667E+00,
19:11:31.95323984, 4.1000E+00, 1.0000E+01, 1.7333E+00,
19:11:31.95323989, 4.0667E+00, 9.9333E+00, 1.3333E+00,
19:11:31.95323994, 4.0667E+00, 1.0133E+01, 1.4667E+00,
19:11:31.95323999, 4.1000E+00, 9.9333E+00, 1.4667E+00,
19:11:31.95324004, 4.0667E+00, 1.0067E+01, 1.3333E+00,
19:11:31.95324009, 4.1000E+00, 1.0133E+01, 1.4667E+00,
19:11:31.95324014, 4.1333E+00, 9.9333E+00, 1.6000E+00,
19:11:31.95324019, 4.1333E+00, 1.0067E+01, 1.4667E+00,
19:11:31.95324024, 4.1000E+00, 1.0067E+01, 1.4667E+00,
19:11:31.95324029, 4.1000E+00, 1.0000E+01, 1.7333E+00,
19:11:31.95324034, 4.0667E+00, 1.0000E+01, 1.4667E+00,
19:11:31.95324039, 4.1667E+00, 1.0067E+01, 1.3333E+00,
19:11:31.95324044, 4.1000E+00, 9.9333E+00, 1.6000E+00,
19:11:31.95324049, 4.1000E+00, 1.0067E+01, 1.7333E+00,
19:11:31.95324054, 4.1000E+00, 9.9333E+00, 1.3333E+00,
19:11:31.95324059, 4.0667E+00, 1.0000E+01, 1.3333E+00,
19:11:31.95324064, 4.0667E+00, 1.0000E+01, 1.3333E+00,
19:11:31.95324069, 4.1000E+00, 9.9333E+00, 1.4667E+00,
19:11:31.95324074, 4.1000E+00, 1.0067E+01, 1.3333E+00,
19:11:31.95324079, 4.1000E+00, 9.9333E+00, 1.4667E+00,
19:11:31.95324084, 4.1333E+00, 1.0000E+01, 1.7333E+00,
19:11:31.95324089, 4.0667E+00, 1.0000E+01, 1.4667E+00,
19:11:31.95324094, 4.1000E+00, 1.0133E+01, 1.2000E+00,
19:11:31.95324099, 4.0667E+00, 1.0000E+01, 1.8667E+00,
19:11:31.95324104, 4.1667E+00, 1.0000E+01, 1.3333E+00,
19:11:31.95324109, 4.0667E+00, 9.9333E+00, 1.3333E+00,
19:11:31.95324114, 4.1333E+00, 9.9333E+00, 1.4667E+00,
19:11:31.95324119, 4.1333E+00, 9.9333E+00, 1.7333E+00,
19:11:31.95324124, 4.1000E+00, 1.0000E+01, 1.7333E+00,
19:11:31.95324129, 4.0333E+00, 1.0133E+01, 1.6000E+00,
19:11:31.95324134, 4.0667E+00, 1.0200E+01, 1.3333E+00,
19:11:31.95324139, 4.1667E+00, 1.0067E+01, 1.6000E+00,
19:11:31.95324144, 4.1667E+00, 1.0000E+01, 1.2000E+00,
19:11:31.95324149, 4.1000E+00, 9.9333E+00, 1.3333E+00,
19:11:31.95324154, 4.1000E+00, 1.0000E+01, 1.2000E+00,
19:11:31.95324159, 4.1000E+00, 9.8667E+00, 1.3333E+00,
19:11:31.95324164, 4.0667E+00, 1.0000E+01, 1.3333E+00,
19:11:31.95324169, 4.1000E+00, 1.0000E+01, 1.3333E+00,
19:11:31.95324174, 4.1333E+00, 1.0000E+01, 1.7333E+00,
19:11:31.95324179, 4.1000E+00, 1.0000E+01, 1.4667E+00,
19:11:31.95324184, 4.1000E+00, 1.0000E+01, 1.3333E+00,
19:11:31.95324189, 4.0667E+00, 9.9333E+00, 1.6000E+00,
19:11:31.95324194, 4.1000E+00, 1.0133E+01, 1.3333E+00,
19:11:31.95324199, 4.0667E+00, 9.9333E+00, 1.3333E+00,
19:11:31.95324204, 4.1000E+00, 1.0067E+01, 1.6000E+00,
19:11:31.95324209, 4.1000E+00, 9.9333E+00, 1.3333E+00,
19:11:31.95324214, 4.1000E+00, 1.0067E+01, 1.2000E+00,
19:11:31.95324219, 4.0333E+00, 1.0000E+01, 2.0000E+00,
19:11:31.95324224, 4.0333E+00, 9.9333E+00, 1.3333E+00,
19:11:31.95324229, 4.1667E+00, 1.0067E+01, 1.3333E+00,
19:11:31.95324234, 4.0667E+00, 1.0000E+01, 1.6000E+00,
19:11:31.95324239, 4.1000E+00, 1.0000E+01, 1.3333E+00,
19:11:31.95324244, 4.1667E+00, 1.0000E+01, 1.4667E+00,
19:11:31.95324249, 4.1000E+00, 9.9333E+00, 1.4667E+00,
19:11:31.95324254, 4.1333E+00, 1.0067E+01, 1.6000E+00,
19:11:31.95324259, 4.1000E+00, 1.0000E+01, 1.7333E+00,
19:11:31.95324264, 4.0667E+00, 9.9333E+00, 9.3333E-01,
19:11:31.95324269, 4.0667E+00, 1.0000E+01, 1.7333E+00,
19:11:31.95324274, 4.0667E+00, 1.0067E+01, 1.8667E+00,
19:11:31.95324279, 4.1333E+00, 9.9333E+00, 1.7333E+00,
19:11:31.95324284, 4.0000E+00, 1.0133E+01, 1.6000E+00,
19:11:31.95324289, 4.2000E+00, 1.0067E+01, 1.6000E+00,
19:11:31.95324294, 4.1333E+00, 9.9333E+00, 1.3333E+00,
19:11:31.95324299, 4.1333E+00, 9.9333E+00, 1.2000E+00,
19:11:31.95324304, 4.1667E+00, 1.0133E+01, 1.2000E+00,
19:11:31.95324309, 4.1000E+00, 1.0000E+01, 1.6000E+00,
19:11:31.95324314, 4.1333E+00, 1.0067E+01, 1.6000E+00,
19:11:31.95324319, 4.0667E+00, 1.0000E+01, 1.6000E+00,
19:11:31.95324324, 4.1000E+00, 1.0000E+01, 1.6000E+00,
19:11:31.95324329, 4.0667E+00, 1.0000E+01, 1.8667E+00,
19:11:31.95324334, 4.1333E+00, 1.0133E+01, 1.2000E+00,
19:11:31.95324339, 4.1333E+00, 1.0067E+01, 1.6000E+00,
19:11:31.95324344, 4.1333E+00, 1.0000E+01, 1.3333E+00,
19:11:31.95324349, 4.1333E+00, 9.9333E+00, 1.3333E+00,
19:11:31.95324354, 4.1333E+00, 1.0067E+01, 1.3333E+00,
19:11:31.95324359, 4.1333E+00, 1.0067E+01, 1.3333E+00,
19:11:31.95324364, 4.0000E+00, 1.0067E+01, 1.3333E+00,
19:11:31.95324369, 4.0667E+00, 1.0000E+01, 1.6000E+00,
19:11:31.95324374, 4.1000E+00, 9.9333E+00, 1.4667E+00,
19:11:31.95324379, 4.1000E+00, 9.9333E+00, 1.6000E+00,
19:11:31.95324384, 4.1000E+00, 1.0000E+01, 1.6000E+00,
19:11:31.95324389, 4.1000E+00, 1.0067E+01, 1.0667E+00,
19:11:31.95324394, 4.1000E+00, 1.0000E+01, 1.3333E+00,
19:11:31.95324399, 4.1000E+00, 1.0000E+01, 1.6000E+00,
19:11:31.95324404, 4.1333E+00, 1.0067E+01, 1.6000E+00,
19:11:31.95324409, 4.1333E+00, 1.0067E+01, 1.4667E+00,
19:11:31.95324414, 4.0333E+00, 1.0000E+01, 1.4667E+00,
19:11:31.95324419, 4.0667E+00, 1.0067E+01, 1.7333E+00,
19:11:31.95324424, 4.2000E+00, 1.0067E+01, 1.3333E+00,
19:11:31.95324429, 4.0667E+00, 1.0000E+01, 1.7333E+00,
19:11:31.95324434, 4.1333E+00, 9.9333E+00, 1.6000E+00,
19:11:31.95324439, 4.1000E+00, 1.0000E+01, 1.4667E+00,
19:11:31.95324444, 4.1000E+00, 1.0000E+01, 1.6000E+00,
19:11:31.95324449, 4.1667E+00, 9.9333E+00, 1.4667E+00,
19:11:31.95324454, 4.0333E+00, 9.9333E+00, 1.3333E+00,
19:11:31.95324459, 4.1000E+00, 1.0067E+01, 1.8667E+00,
19:11:31.95324464, 4.0667E+00, 1.0000E+01, 1.8667E+00,
19:11:31.95324469, 4.1000E+00, 1.0000E+01, 1.6000E+00,
19:11:31.95324474, 4.0667E+00, 1.0067E+01, 1.7333E+00,
19:11:31.95324479, 4.1667E+00, 1.0000E+01, 1.6000E+00,
19:11:31.95324484, 4.0333E+00, 1.0000E+01, 1.2000E+00,
19:11:31.95324489, 4.0667E+00, 1.0000E+01, 1.4667E+00,
19:11:31.95324494, 4.1333E+00, 9.9333E+00, 1.3333E+00,
19:11:31.95324499, 4.1000E+00, 1.0000E+01, 1.4667E+00,
19:11:31.95324504, 4.0667E+00, 9.9333E+00, 1.3333E+00,
19:11:31.95324509, 4.0333E+00, 1.0067E+01, 1.2000E+00,
19:11:31.95324514, 4.0667E+00, 1.0000E+01, 1.6000E+00,
19:11:31.95324519, 4.1333E+00, 1.0133E+01, 1.2000E+00,
19:11:31.95324524, 4.0333E+00, 9.9333E+00, 1.2000E+00,
19:11:31.95324529, 4.1000E+00, 1.0067E+01, 1.6000E+00,
19:11:31.95324534, 4.0667E+00, 9.9333E+00, 1.6000E+00,
19:11:31.95324539, 4.1667E+00, 9.9333E+00, 1.7333E+00,
19:11:31.95324544, 4.0667E+00, 1.0067E+01, 1.7333E+00,
19:11:31.95324549, 4.1000E+00, 9.9333E+00, 1.3333E+00,
19:11:31.95324554, 4.1333E+00, 1.0000E+01, 1.6000E+00,
19:11:31.95324559, 4.1000E+00, 1.0000E+01, 1.6000E+00,
19:11:31.95324564, 4.0667E+00, 1.0133E+01, 1.6000E+00,
19:11:31.95324569, 4.0667E+00, 9.9333E+00, 1.6000E+00,
19:11:31.95324574, 4.0333E+00, 1.0000E+01, 1.6000E+00,
19:11:31.95324579, 4.0667E+00, 1.0067E+01, 1.2000E+00,
19:11:31.95324584, 4.1000E+00, 1.0067E+01, 1.4667E+00,
19:11:31.95324589, 4.0667E+00, 9.9333E+00, 1.6000E+00,
19:11:31.95324594, 4.0667E+00, 1.0067E+01, 1.6000E+00,
19:11:31.95324599, 4.1333E+00, 1.0067E+01, 1.2000E+00,
19:11:31.95324604, 4.1333E+00, 1.0067E+01, 1.3333E+00,
19:11:31.95324609, 4.0667E+00, 9.9333E+00, 1.4667E+00,
19:11:31.95324614, 4.1000E+00, 9.9333E+00, 1.7333E+00,
19:11:31.95324619, 4.0667E+00, 9.9333E+00, 1.6000E+00,
19:11:31.95324624, 4.0667E+00, 1.0067E+01, 1.7333E+00,
19:11:31.95324629, 4.1667E+00, 1.0000E+01, 1.4667E+00,
19:11:31.95324634, 4.0333E+00, 1.0133E+01, 1.6000E+00,
19:11:31.95324639, 4.1333E+00, 1.0067E+01, 1.7333E+00,
19:11:31.95324644, 4.1000E+00, 9.9333E+00, 1.4667E+00,
19:11:31.95324649, 4.1000E+00, 1.0067E+01, 1.3333E+00,
19:11:31.95324654, 4.0667E+00, 1.0067E+01, 1.4667E+00,
19:11:31.95324659, 4.0333E+00, 9.9333E+00, 1.4667E+00,
19:11:31.95324664, 4.1000E+00, 1.0067E+01, 1.3333E+00,
19:11:31.95324669, 4.0667E+00, 1.0067E+01, 1.6000E+00,
19:11:31.95324674, 4.1000E+00, 1.0000E+01, 1.3333E+00,
19:11:31.95324679, 4.1333E+00, 9.9333E+00, 1.3333E+00,
19:11:31.95324684, 4.1667E+00, 1.0000E+01, 1.6000E+00,
19:11:31.95324689, 4.0667E+00, 1.0000E+01, 1.6000E+00,
19:11:31.95324694, 4.0667E+00, 9.9333E+00, 1.4667E+00,
19:11:31.95324699, 4.1000E+00, 1.0067E+01, 1.4667E+00,
19:11:31.95324704, 4.0667E+00, 1.0000E+01, 1.7333E+00,
19:11:31.95324709, 4.1000E+00, 9.8667E+00, 1.6000E+00,
19:11:31.95324714, 4.1000E+00, 9.9333E+00, 1.6000E+00,
19:11:31.95324719, 4.1333E+00, 9.9333E+00, 1.7333E+00,
19:11:31.95324724, 4.0667E+00, 1.0000E+01, 1.6000E+00,
19:11:31.95324729, 4.1667E+00, 1.0067E+01, 1.0667E+00,
19:11:31.95324734, 4.0667E+00, 9.9333E+00, 1.2000E+00,
19:11:31.95324739, 4.1333E+00, 1.0133E+01, 1.3333E+00,
19:11:31.95324744, 4.0667E+00, 1.0000E+01, 1.4667E+00,
19:11:31.95324749, 4.1000E+00, 9.9333E+00, 1.3333E+00,
19:11:31.95324754, 4.1333E+00, 9.9333E+00, 1.2000E+00,
19:11:31.95324759, 4.0667E+00, 1.0000E+01, 1.4667E+00,
19:11:31.95324764, 4.1333E+00, 1.0067E+01, 1.3333E+00,
19:11:31.95324769, 4.1333E+00, 1.0000E+01, 1.4667E+00,
19:11:31.95324774, 4.0667E+00, 9.9333E+00, 1.2000E+00,
19:11:31.95324779, 4.1667E+00, 1.0133E+01, 1.4667E+00,
19:11:31.95324784, 4.0333E+00, 9.9333E+00, 1.3333E+00,
19:11:31.95324789, 4.1000E+00, 1.0000E+01, 1.6000E+00,
19:11:31.95324794, 4.0333E+00, 1.0067E+01, 1.6000E+00,
19:11:31.95324799, 4.0667E+00, 9.9333E+00, 1.4667E+00,
19:11:31.95324804, 4.1000E+00, 1.0067E+01, 1.3333E+00,
19:11:31.95324809, 4.1000E+00, 1.0000E+01, 1.4667E+00,
19:11:31.95324814, 4.1333E+00, 1.0067E+01, 1.7333E+00,
19:11:31.95324819, 4.1667E+00, 9.9333E+00, 1.4667E+00,
19:11:31.95324824, 4.0000E+00, 1.0000E+01, 1.4667E+00,
19:11:31.95324829, 4.0333E+00, 9.9333E+00, 1.4667E+00,
19:11:31.95324834, 4.1667E+00, 9.9333E+00, 1.4667E+00,
19:11:31.95324839, 4.1333E+00, 1.0000E+01, 1.3333E+00,
19:11:31.95324844, 4.0333E+00, 1.0000E+01, 1.6000E+00,
19:11:31.95324849, 4.0333E+00, 9.9333E+00, 1.3333E+00,
19:11:31.95324854, 3.9667E+00, 9.9333E+00, 1.6000E+00,
19:11:31.95324859, 4.1000E+00, 1.0000E+01, 1.3333E+00,
19:11:31.95324864, 4.1000E+00, 1.0000E+01, 1.6000E+00,
19:11:31.95324869, 4.1333E+00, 1.0000E+01, 1.4667E+00,
19:11:31.95324874, 4.1667E+00, 1.0000E+01, 1.7333E+00,
19:11:31.95324879, 4.1667E+00, 1.0067E+01, 1.7333E+00,
19:11:31.95324884, 4.1000E+00, 1.0000E+01, 1.4667E+00,
19:11:31.95324889, 4.0667E+00, 1.0067E+01, 1.3333E+00,
19:11:31.95324894, 4.1000E+00, 1.0067E+01, 1.3333E+00,
19:11:31.95324899, 4.1000E+00, 9.9333E+00, 1.2000E+00,
19:11:31.95324904, 4.1000E+00, 1.0000E+01, 1.3333E+00,
19:11:31.95324909, 4.1667E+00, 1.0067E+01, 1.0667E+00,
19:11:31.95324914, 4.1000E+00, 1.0133E+01, 1.3333E+00,
19:11:31.95324919, 4.1333E+00, 1.0000E+01, 1.0667E+00,
19:11:31.95324924, 4.0333E+00, 9.9333E+00, 9.3333E-01,
19:11:31.95324929, 4.0667E+00, 1.0000E+01, 1.3333E+00,
19:11:31.95324934, 4.1000E+00, 1.0067E+01, 1.4667E+00,
19:11:31.95324939, 4.0333E+00, 1.0000E+01, 1.4667E+00,
19:11:31.95324944, 4.0333E+00, 1.0000E+01, 1.8667E+00,
19:11:31.95324949, 4.1000E+00, 1.0000E+01, 1.6000E+00,
19:11:31.95324954, 4.1000E+00, 9.9333E+00, 1.0667E+00,
19:11:31.95324959, 4.0667E+00, 1.0067E+01, 1.3333E+00,
19:11:31.95324964, 4.0667E+00, 1.0067E+01, 1.7333E+00,
19:11:31.95324969, 4.2000E+00, 1.0133E+01, 1.4667E+00,
19:11:31.95324974, 4.1333E+00, 1.0067E+01, 1.4667E+00,
19:11:31.95324979, 4.1000E+00, 1.0000E+01, 1.2000E+00,
19:11:31.95324984, 4.0667E+00, 1.0000E+01, 1.4667E+00,
19:11:31.95324989, 4.0333E+00, 9.9333E+00, 1.4667E+00,
19:11:31.95324994, 4.1000E+00, 1.0000E+01, 1.7333E+00,
19:11:31.95324999, 4.1000E+00, 9.9333E+00, 1.3333E+00,
19:11:31.95325004, 4.1000E+00, 1.0000E+01, 1.4667E+00,
19:11:31.95325009, 4.0667E+00, 9.9333E+00, 1.2000E+00,
19:11:31.95325014, 4.0667E+00, 9.9333E+00, 1.2000E+00,
19:11:31.95325019, 4.1000E+00, 9.9333E+00, 1.4667E+00,
19:11:31.95325024, 4.1000E+00, 1.0067E+01, 1.4667E+00,
19:11:31.95325029, 4.0667E+00, 1.0000E+01, 1.7333E+00,
19:11:31.95325034, 4.1000E+00, 1.0067E+01, 1.4667E+00,
19:11:31.95325039, 4.0333E+00, 1.0067E+01, 1.4667E+00,
19:11:31.95325044, 4.0667E+00, 1.0000E+01, 1.4667E+00,
19:11:31.95325049, 4.0667E+00, 9.9333E+00, 1.3333E+00,
19:11:31.95325054, 4.0667E+00, 1.0000E+01, 1.6000E+00,
19:11:31.95325059, 4.1000E+00, 9.9333E+00, 1.0667E+00,
19:11:31.95325064, 4.1333E+00, 9.9333E+00, 1.4667E+00,
19:11:31.95325069, 4.0667E+00, 1.0000E+01, 1.4667E+00,
19:11:31.95325074, 4.1667E+00, 9.9333E+00, 1.6000E+00,
19:11:31.95325079, 4.1333E+00, 9.9333E+00, 1.6000E+00,
19:11:31.95325084, 4.1000E+00, 1.0000E+01, 1.4667E+00,
19:11:31.95325089, 4.2000E+00, 9.9333E+00, 1.2000E+00,
19:11:31.95325094, 4.1667E+00, 1.0067E+01, 1.4667E+00,
19:11:31.95325099, 4.0333E+00, 1.0000E+01, 1.6000E+00,
19:11:31.95325104, 4.1667E+00, 9.9333E+00, 1.4667E+00,
19:11:31.95325109, 4.1333E+00, 1.0000E+01, 1.3333E+00,
19:11:31.95325114, 4.1333E+00, 1.0000E+01, 1.6000E+00,
19:11:31.95325119, 4.1000E+00, 1.0000E+01, 1.2000E+00,
19:11:31.95325124, 4.0667E+00, 9.9333E+00, 1.3333E+00,
19:11:31.95325129, 4.1000E+00, 9.9333E+00, 1.4667E+00,
19:11:31.95325134, 4.1000E+00, 9.9333E+00, 1.4667E+00,
19:11:31.95325139, 4.2000E+00, 1.0000E+01, 1.4667E+00,
19:11:31.95325144, 4.0667E+00, 1.0133E+01, 1.3333E+00,
19:11:31.95325149, 4.1000E+00, 1.0200E+01, 1.6000E+00,
19:11:31.95325154, 4.1667E+00, 9.9333E+00, 1.4667E+00,
19:11:31.95325159, 4.1333E+00, 9.9333E+00, 1.6000E+00,
19:11:31.95325164, 4.1333E+00, 9.9333E+00, 1.2000E+00,
19:11:31.95325169, 4.1000E+00, 1.0000E+01, 1.4667E+00,
19:11:31.95325174, 4.0667E+00, 9.9333E+00, 1.4667E+00,
19:11:31.95325179, 4.0667E+00, 9.9333E+00, 2.0000E+00,
19:11:31.95325184, 4.1000E+00, 1.0000E+01, 1.4667E+00,
19:11:31.95325189, 4.1000E+00, 9.9333E+00, 1.7333E+00,
19:11:31.95325194, 4.1000E+00, 9.9333E+00, 1.6000E+00,
19:11:31.95325199, 4.0333E+00, 1.0000E+01, 1.4667E+00,
19:11:31.95325204, 4.1333E+00, 1.0000E+01, 1.4667E+00,
19:11:31.95325209, 4.0667E+00, 9.9333E+00, 1.3333E+00,
19:11:31.95325214, 4.1333E+00, 1.0067E+01, 1.4667E+00,
19:11:31.95325219, 4.0667E+00, 1.0067E+01, 1.3333E+00,
19:11:31.95325224, 4.1000E+00, 1.0000E+01, 1.4667E+00,
19:11:31.95325229, 4.1000E+00, 9.9333E+00, 1.4667E+00,
19:11:31.95325234, 4.1000E+00, 1.0000E+01, 1.4667E+00,
19:11:31.95325239, 4.0667E+00, 1.0000E+01, 1.6000E+00,
19:11:31.95325244, 4.1000E+00, 1.0000E+01, 1.7333E+00,
19:11:31.95325249, 4.1000E+00, 1.0067E+01, 1.6000E+00,
19:11:31.95325254, 4.0667E+00, 1.0000E+01, 1.6000E+00,
19:11:31.95325259, 4.1333E+00, 1.0067E+01, 1.6000E+00,
19:11:31.95325264, 4.2000E+00, 1.0067E+01, 1.0667E+00,
19:11:31.95325269, 4.1333E+00, 1.0067E+01, 1.2000E+00,
19:11:31.95325274, 4.0667E+00, 1.0000E+01, 1.4667E+00,
19:11:31.95325279, 4.0667E+00, 1.0000E+01, 1.6000E+00,
19:11:31.95325284, 4.1000E+00, 1.0067E+01, 1.4667E+00,
19:11:31.95325289, 4.1000E+00, 1.0000E+01, 1.6000E+00,
19:11:31.95325294, 4.0333E+00, 1.0000E+01, 1.4667E+00,
19:11:31.95325299, 4.1333E+00, 9.9333E+00, 1.7333E+00,
19:11:31.95325304, 4.1667E+00, 1.0067E+01, 1.4667E+00,
19:11:31.95325309, 4.2000E+00, 1.0000E+01, 1.6000E+00,
19:11:31.95325314, 4.1333E+00, 1.0000E+01, 1.7333E+00,
19:11:31.95325319, 4.0333E+00, 9.9333E+00, 1.7333E+00,
19:11:31.95325324, 4.0667E+00, 1.0067E+01, 1.4667E+00,
19:11:31.95325329, 4.0667E+00, 1.0000E+01, 1.7333E+00,
19:11:31.95325334, 4.0667E+00, 1.0133E+01, 1.6000E+00,
19:11:31.95325339, 4.1667E+00, 1.0000E+01, 1.3333E+00,
19:11:31.95325344, 4.1333E+00, 9.9333E+00, 1.6000E+00,
19:11:31.95325349, 4.1000E+00, 1.0000E+01, 1.3333E+00,
19:11:31.95325354, 4.1000E+00, 9.9333E+00, 1.4667E+00,
19:11:31.95325359, 4.1000E+00, 1.0000E+01, 1.0667E+00,
19:11:31.95325364, 4.1333E+00, 9.9333E+00, 1.4667E+00,
19:11:31.95325369, 4.1333E+00, 1.0067E+01, 1.4667E+00,
19:11:31.95325374, 4.1000E+00, 1.0000E+01, 1.6000E+00,
19:11:31.95325379, 4.0667E+00, 1.0200E+01, 1.0667E+00,
19:11:31.95325384, 4.1000E+00, 9.9333E+00, 1.6000E+00,
19:11:31.95325389, 4.1000E+00, 1.0000E+01, 1.7333E+00,
19:11:31.95325394, 4.1667E+00, 1.0067E+01, 1.4667E+00,
19:11:31.95325399, 4.1333E+00, 1.0000E+01, 1.6000E+00,
19:11:31.95325404, 4.1667E+00, 1.0067E+01, 1.4667E+00,
19:11:31.95325409, 4.1000E+00, 1.0067E+01, 1.2000E+00,
19:11:31.95325414, 4.0667E+00, 9.9333E+00, 1.3333E+00,
19:11:31.95325419, 4.1000E+00, 9.9333E+00, 1.4667E+00,
19:11:31.95325424, 4.1000E+00, 1.0133E+01, 1.4667E+00,
19:11:31.95325429, 4.0667E+00, 1.0067E+01, 1.3333E+00,
19:11:31.95325434, 4.2000E+00, 1.0000E+01, 1.3333E+00,
19:11:31.95325439, 4.1667E+00, 9.9333E+00, 1.3333E+00,
19:11:31.95325444, 4.1333E+00, 9.9333E+00, 1.7333E+00,
19:11:31.95325449, 4.1000E+00, 1.0067E+01, 1.2000E+00,
19:11:31.95325454, 4.1000E+00, 1.0067E+01, 1.4667E+00,
19:11:31.95325459, 4.0667E+00, 1.0067E+01, 1.4667E+00,
19:11:31.95325464, 4.1333E+00, 1.0067E+01, 1.3333E+00,
19:11:31.95325469, 4.1000E+00, 1.0000E+01, 1.0667E+00,
19:11:31.95325474, 4.1000E+00, 1.0067E+01, 1.7333E+00,
19:11:31.95325479, 4.0667E+00, 1.0067E+01, 1.2000E+00,
19:11:31.95325484, 4.1333E+00, 9.9333E+00, 1.3333E+00,
19:11:31.95325489, 4.1333E+00, 1.0000E+01, 1.3333E+00,
19:11:31.95325494, 4.1000E+00, 1.0067E+01, 1.3333E+00,
19:11:31.95325499, 4.1333E+00, 1.0067E+01, 1.4667E+00,
19:11:31.95325504, 4.0667E+00, 9.9333E+00, 1.2000E+00,
19:11:31.95325509, 4.0667E+00, 1.0067E+01, 1.6000E+00,
19:11:31.95325514, 4.0667E+00, 1.0000E+01, 1.0667E+00,
19:11:31.95325519, 4.0667E+00, 1.0067E+01, 1.4667E+00,
19:11:31.95325524, 4.0667E+00, 9.9333E+00, 1.6000E+00,
19:11:31.95325529, 4.1000E+00, 1.0067E+01, 1.7333E+00,
19:11:31.95325534, 4.0667E+00, 1.0000E+01, 1.6000E+00,
19:11:31.95325539, 4.0333E+00, 1.0067E+01, 1.6000E+00,
19:11:31.95325544, 4.1000E+00, 9.9333E+00, 1.8667E+00,
19:11:31.95325549, 4.1333E+00, 1.0067E+01, 1.3333E+00,
19:11:31.95325554, 4.1333E+00, 1.0067E+01, 1.2000E+00,
19:11:31.95325559, 4.1000E+00, 9.9333E+00, 1.6000E+00,
19:11:31.95325564, 4.1667E+00, 1.0000E+01, 1.6000E+00,
19:11:31.95325569, 4.0667E+00, 1.0133E+01, 1.4667E+00,
19:11:31.95325574, 4.1000E+00, 1.0000E+01, 1.4667E+00,
19:11:31.95325579, 4.1333E+00, 1.0067E+01, 1.7333E+00,
19:11:31.95325584, 4.1000E+00, 1.0133E+01, 1.4667E+00,
19:11:31.95325589, 4.1333E+00, 9.9333E+00, 1.7333E+00,
19:11:31.95325594, 4.1667E+00, 9.9333E+00, 1.7333E+00,
19:11:31.95325599, 4.0333E+00, 1.0133E+01, 1.6000E+00,
19:11:31.95325604, 4.1333E+00, 1.0067E+01, 1.3333E+00,
19:11:31.95325609, 4.0333E+00, 9.9333E+00, 1.4667E+00,
19:11:31.95325614, 4.1667E+00, 9.9333E+00, 1.6000E+00,
19:11:31.95325619, 4.1000E+00, 1.0133E+01, 1.3333E+00,
19:11:31.95325624, 4.1667E+00, 1.0067E+01, 1.6000E+00,
19:11:31.95325629, 4.1000E+00, 1.0000E+01, 1.4667E+00,
19:11:31.95325634, 4.0333E+00, 1.0067E+01, 1.6000E+00,
19:11:31.95325639, 4.1000E+00, 1.0133E+01, 1.3333E+00,
19:11:31.95325644, 4.0333E+00, 1.0067E+01, 1.3333E+00,
19:11:31.95325649, 4.1000E+00, 1.0000E+01, 1.3333E+00,
19:11:31.95325654, 4.0333E+00, 1.0000E+01, 1.3333E+00,
19:11:31.95325659, 4.0667E+00, 1.0067E+01, 1.3333E+00,
19:11:31.95325664, 4.1333E+00, 9.9333E+00, 1.4667E+00,
19:11:31.95325669, 4.1000E+00, 1.0067E+01, 1.6000E+00,
19:11:31.95325674, 4.1000E+00, 1.0067E+01, 1.6000E+00,
19:11:31.95325679, 4.0667E+00, 9.9333E+00, 1.3333E+00,
19:11:31.95325684, 4.0667E+00, 9.9333E+00, 1.3333E+00,
19:11:31.95325689, 4.1000E+00, 1.0133E+01, 1.3333E+00,
19:11:31.95325694, 4.1000E+00, 1.0133E+01, 1.4667E+00,
19:11:31.95325699, 4.1667E+00, 1.0067E+01, 1.4667E+00,
19:11:31.95325704, 4.0333E+00, 1.0067E+01, 1.2000E+00,
19:11:31.95325709, 4.0333E+00, 1.0000E+01, 1.4667E+00,
19:11:31.95325714, 4.0333E+00, 9.9333E+00, 1.6000E+00,
19:11:31.95325719, 4.1000E+00, 1.0067E+01, 1.7333E+00,
19:11:31.95325724, 4.0667E+00, 9.9333E+00, 1.4667E+00,
19:11:31.95325729, 4.0667E+00, 9.9333E+00, 1.4667E+00,
19:11:31.95325734, 4.1667E+00, 9.9333E+00, 1.4667E+00,
19:11:31.95325739, 4.1333E+00, 1.0000E+01, 1.7333E+00,
19:11:31.95325744, 4.1000E+00, 1.0000E+01, 1.7333E+00,
19:11:31.95325749, 4.0667E+00, 1.0000E+01, 1.6000E+00,
19:11:31.95325754, 4.1000E+00, 9.8667E+00, 1.4667E+00,
19:11:31.95325759, 4.1333E+00, 1.0000E+01, 1.4667E+00,
19:11:31.95325764, 3.9667E+00, 1.0067E+01, 1.6000E+00,
19:11:31.95325769, 4.1000E+00, 1.0000E+01, 1.3333E+00,
19:11:31.95325774, 4.0667E+00, 1.0000E+01, 1.4667E+00,
19:11:31.95325779, 4.0667E+00, 1.0000E+01, 1.2000E+00,
19:11:31.95325784, 4.1000E+00, 1.0000E+01, 1.4667E+00,
19:11:31.95325789, 4.1667E+00, 1.0000E+01, 1.7333E+00,
19:11:31.95325794, 4.1333E+00, 1.0000E+01, 1.6000E+00,
19:11:31.95325799, 4.0667E+00, 9.9333E+00, 1.3333E+00,
19:11:31.95325804, 4.1000E+00, 9.9333E+00, 1.3333E+00,
19:11:31.95325809, 4.0667E+00, 1.0067E+01, 1.3333E+00,
19:11:31.95325814, 4.0667E+00, 9.9333E+00, 1.2000E+00,
19:11:31.95325819, 4.0667E+00, 1.0000E+01, 1.4667E+00,
19:11:31.95325824, 4.1667E+00, 1.0067E+01, 1.3333E+00,
19:11:31.95325829, 4.1000E+00, 9.9333E+00, 1.3333E+00,
19:11:31.95325834, 4.1000E+00, 1.0000E+01, 1.6000E+00,
19:11:31.95325839, 4.1000E+00, 1.0067E+01, 1.4667E+00,
19:11:31.95325844, 4.0333E+00, 1.0133E+01, 1.7333E+00,
19:11:31.95325849, 7.3333E-01, 1.0000E+01, 1.3333E+00,
19:11:31.95325854, 1.6667E-01, 1.0000E+01, 1.3333E+00,
19:11:31.95325859, 2.0000E-01, 1.0000E+01, 1.3333E+00,
19:11:31.95325864, 2.0000E-01, 1.0000E+01, 1.2000E+00,
19:11:31.95325869, 2.0000E-01, 9.9333E+00, 1.4667E+00,
19:11:31.95325874, 2.0000E-01, 9.9333E+00, 1.0667E+00,
19:11:31.95325879, 2.3333E-01, 1.0000E+01, 1.4667E+00,
19:11:31.95325884, 1.6667E-01, 9.9333E+00, 1.4667E+00,
19:11:31.95325889, 2.0000E-01, 9.9333E+00, 1.8667E+00,
19:11:31.95325894, 2.3333E-01, 9.9333E+00, 1.4667E+00,
19:11:31.95325899, 1.6667E-01, 1.0000E+01, 1.4667E+00,
19:11:31.95325904, 2.6667E-01, 1.0067E+01, 1.3333E+00,
19:11:31.95325909, 2.3333E-01, 1.0000E+01, 1.2000E+00,
19:11:31.95325914, 2.0000E-01, 1.0067E+01, 1.3333E+00,
19:11:31.95325919, 2.0000E-01, 1.0133E+01, 1.4667E+00,
19:11:31.95325924, 2.0000E-01, 1.0000E+01, 1.3333E+00,
19:11:31.95325929, 1.6667E-01, 1.0000E+01, 1.4667E+00,
19:11:31.95325934, 2.0000E-01, 1.0000E+01, 1.3333E+00,
19:11:31.95325939, 1.6667E-01, 1.0000E+01, 1.4667E+00,
19:11:31.95325944, 2.0000E-01, 1.0067E+01, 1.3333E+00,
19:11:31.95325949, 2.0000E-01, 1.0000E+01, 1.3333E+00,
19:11:31.95325954, 2.0000E-01, 1.0000E+01, 1.0667E+00,
19:11:31.95325959, 2.0000E-01, 9.9333E+00, 1.2000E+00,
19:11:31.95325964, 2.6667E-01, 1.0000E+01, 1.3333E+00,
19:11:31.95325969, 2.0000E-01, 1.0133E+01, 1.3333E+00,
19:11:31.95325974, 2.0000E-01, 1.0067E+01, 1.7333E+00,
19:11:31.95325979, 2.3333E-01, 1.0067E+01, 1.4667E+00,
19:11:31.95325984, 1.6667E-01, 1.0067E+01, 1.4667E+00,
19:11:31.95325989, 2.0000E-01, 1.0000E+01, 1.7333E+00,
19:11:31.95325994, 1.6667E-01, 9.9333E+00, 1.6000E+00,
19:11:31.95325999, 2.0000E-01, 9.9333E+00, 1.7333E+00,
19:11:31.95326004, 2.0000E-01, 9.9333E+00, 1.6000E+00,
19:11:31.95326009, 2.0000E-01, 1.0067E+01, 1.6000E+00,
19:11:31.95326014, 2.0000E-01, 1.0000E+01, 1.7333E+00,
19:11:31.95326019, 2.0000E-01, 1.0267E+01, 1.3333E+00,
19:11:31.95326024, 1.6667E-01, 1.0067E+01, 1.8667E+00,
19:11:31.95326029, 2.0000E-01, 9.8667E+00, 1.2000E+00,
19:11:31.95326034, 1.6667E-01, 9.8667E+00, 1.2000E+00,
19:11:31.95326039, 2.0000E-01, 1.0000E+01, 1.3333E+00,
19:11:31.95326044, 2.0000E-01, 9.9333E+00, 1.0667E+00,
19:11:31.95326049, 2.0000E-01, 9.9333E+00, 1.2000E+00,
19:11:31.95326054, 2.0000E-01, 9.9333E+00, 1.2000E+00,
19:11:31.95326059, 1.3333E-01, 9.9333E+00, 1.4667E+00,
19:11:31.95326064, 1.6667E-01, 1.0067E+01, 1.6000E+00,
19:11:31.95326069, 2.0000E-01, 1.0000E+01, 1.4667E+00,
19:11:31.95326074, 2.0000E-01, 1.0000E+01, 1.3333E+00,
19:11:31.95326079, 2.0000E-01, 9.9333E+00, 1.4667E+00,
19:11:31.95326084, 2.0000E-01, 9.9333E+00, 1.7333E+00,
19:11:31.95326089, 1.3333E-01, 9.9333E+00, 1.2000E+00,
19:11:31.95326094, 2.0000E-01, 1.0133E+01, 1.3333E+00,
19:11:31.95326099, 2.0000E-01, 1.0000E+01, 1.6000E+00,
19:11:31.95326104, 1.0000E-01, 1.0000E+01, 1.3333E+00,
19:11:31.95326109, 2.0000E-01, 1.0067E+01, 1.4667E+00,
19:11:31.95326114, 2.0000E-01, 9.9333E+00, 1.3333E+00,
19:11:31.95326119, 2.0000E-01, 1.0067E+01, 1.6000E+00,
19:11:31.95326124, 2.0000E-01, 1.0133E+01, 1.6000E+00,
19:11:31.95326129, 1.0000E-01, 1.0067E+01, 1.7333E+00,
19:11:31.95326134, 1.6667E-01, 1.0067E+01, 1.4667E+00,
19:11:31.95326139, 1.6667E-01, 1.0133E+01, 1.3333E+00,
19:11:31.95326144, 1.6667E-01, 1.0000E+01, 1.4667E+00,
19:11:31.95326149, 1.6667E-01, 9.9333E+00, 1.3333E+00,
19:11:31.95326154, 1.3333E-01, 1.0067E+01, 1.6000E+00,
19:11:31.95326159, 1.0000E-01, 9.9333E+00, 1.6000E+00,
19:11:31.95326164, 1.6667E-01, 1.0000E+01, 1.7333E+00,
19:11:31.95326169, 2.0000E-01, 1.0000E+01, 1.6000E+00,
19:11:31.95326174, 2.0000E-01, 1.0000E+01, 1.6000E+00,
19:11:31.95326179, 2.0000E-01, 1.0067E+01, 1.6000E+00,
19:11:31.95326184, 1.6667E-01, 9.9333E+00, 1.0667E+00,
19:11:31.95326189, 1.6667E-01, 9.9333E+00, 1.6000E+00,
19:11:31.95326194, 1.3333E-01, 1.0000E+01, 1.4667E+00,
19:11:31.95326199, 1.0000E-01, 1.0067E+01, 1.3333E+00,
19:11:31.95326204, 2.3333E-01, 1.0000E+01, 1.3333E+00,
19:11:31.95326209, 2.0000E-01, 9.9333E+00, 1.6000E+00,
19:11:31.95326214, 2.0000E-01, 9.9333E+00, 1.3333E+00,
19:11:31.95326219, 1.6667E-01, 1.0000E+01, 1.4667E+00,
19:11:31.95326224, 2.0000E-01, 1.0067E+01, 1.8667E+00,
19:11:31.95326229, 2.0000E-01, 1.0067E+01, 1.3333E+00,
19:11:31.95326234, 1.3333E-01, 1.0000E+01, 1.3333E+00,
19:11:31.95326239, 1.0000E-01, 1.0067E+01, 1.7333E+00,
19:11:31.95326244, 1.3333E-01, 1.0067E+01, 1.6000E+00,
19:11:31.95326249, 2.0000E-01, 1.0000E+01, 1.2000E+00,
19:11:31.95326254, 2.0000E-01, 1.0067E+01, 1.3333E+00,
19:11:31.95326259, 1.3333E-01, 1.0000E+01, 1.6000E+00,
19:11:31.95326264, 2.0000E-01, 9.9333E+00, 1.6000E+00,
19:11:31.95326269, 1.6667E-01, 9.9333E+00, 1.7333E+00,
19:11:31.95326274, 2.0000E-01, 1.0067E+01, 1.6000E+00,
19:11:31.95326279, 1.3333E-01, 9.9333E+00, 1.7333E+00,
19:11:31.95326284, 2.0000E-01, 1.0067E+01, 1.6000E+00,
19:11:31.95326289, 1.6667E-01, 1.0000E+01, 1.3333E+00,
19:11:31.95326294, 2.0000E-01, 1.0067E+01, 1.3333E+00,
19:11:31.95326299, 1.3333E-01, 1.0067E+01, 1.2000E+00,
19:11:31.95326304, 2.0000E-01, 9.9333E+00, 1.4667E+00,
19:11:31.95326309, 1.6667E-01, 1.0000E+01, 1.4667E+00,
19:11:31.95326314, 2.0000E-01, 1.0067E+01, 1.4667E+00,
19:11:31.95326319, 1.3333E-01, 1.0000E+01, 1.7333E+00,
19:11:31.95326324, 1.6667E-01, 1.0067E+01, 1.4667E+00,
19:11:31.95326329, 1.6667E-01, 1.0000E+01, 1.7333E+00,
19:11:31.95326334, 1.3333E-01, 1.0000E+01, 1.4667E+00,
19:11:31.95326339, 1.0000E-01, 1.0067E+01, 1.4667E+00,
19:11:31.95326344, 1.3333E-01, 1.0000E+01, 1.4667E+00,
19:11:31.95326349, 6.6667E-02, 9.9333E+00, 1.2000E+00,
19:11:31.95326354, 1.3333E-01, 9.9333E+00, 1.7333E+00,
19:11:31.95326359, 2.0000E-01, 9.9333E+00, 1.4667E+00,
19:11:31.95326364, 1.0000E-01, 1.0000E+01, 1.4667E+00,
19:11:31.95326369, 1.3333E-01, 1.0000E+01, 1.3333E+00,
19:11:31.95326374, 2.0000E-01, 1.0000E+01, 1.4667E+00,
19:11:31.95326379, 1.0000E-01, 9.9333E+00, 1.3333E+00,
19:11:31.95326384, 1.3333E-01, 1.0067E+01, 1.6000E+00,
19:11:31.95326389, 1.3333E-01, 1.0000E+01, 1.4667E+00,
19:11:31.95326394, 1.3333E-01, 1.0067E+01, 1.6000E+00,
19:11:31.95326399, 2.0000E-01, 9.9333E+00, 1.4667E+00,
19:11:31.95326404, 1.0000E-01, 9.9333E+00, 1.6000E+00,
19:11:31.95326409, 1.6667E-01, 9.9333E+00, 1.8667E+00,
19:11:31.95326414, 1.6667E-01, 9.9333E+00, 1.6000E+00,
19:11:31.95326419, 1.3333E-01, 1.0000E+01, 1.3333E+00,
19:11:31.95326424, 1.6667E-01, 1.0000E+01, 1.3333E+00,
19:11:31.95326429, 1.6667E-01, 1.0000E+01, 1.6000E+00,
19:11:31.95326434, 1.3333E-01, 1.0067E+01, 1.4667E+00,
19:11:31.95326439, 1.6667E-01, 1.0000E+01, 1.6000E+00,
19:11:31.95326444, 1.3333E-01, 1.0000E+01, 1.2000E+00,
19:11:31.95326449, 1.0000E-01, 1.0000E+01, 1.0667E+00,
19:11:31.95326454, 1.6667E-01, 1.0067E+01, 1.4667E+00,
19:11:31.95326459, 1.0000E-01, 1.0067E+01, 1.4667E+00,
19:11:31.95326464, 1.3333E-01, 9.9333E+00, 2.0000E+00,
19:11:31.95326469, 1.3333E-01, 1.0000E+01, 1.3333E+00,
19:11:31.95326474, 1.6667E-01, 9.9333E+00, 1.4667E+00,
19:11:31.95326479, 1.3333E-01, 1.0067E+01, 1.7333E+00,
19:11:31.95326484, 1.3333E-01, 1.0067E+01, 1.6000E+00,
19:11:31.95326489, 1.3333E-01, 1.0067E+01, 1.3333E+00,
19:11:31.95326494, 1.3333E-01, 1.0133E+01, 1.8667E+00,
19:11:31.95326499, 1.6667E-01, 1.0067E+01, 1.6000E+00,
19:11:31.95326504, 1.3333E-01, 9.9333E+00, 1.3333E+00,
19:11:31.95326509, 1.0000E-01, 1.0067E+01, 1.4667E+00,
19:11:31.95326514, 1.0000E-01, 1.0000E+01, 1.4667E+00,
19:11:31.95326519, 1.3333E-01, 9.9333E+00, 1.3333E+00,
19:11:31.95326524, 1.6667E-01, 9.9333E+00, 1.2000E+00,
19:11:31.95326529, 1.3333E-01, 1.0067E+01, 1.3333E+00,
19:11:31.95326534, 1.6667E-01, 1.0000E+01, 1.8667E+00,
19:11:31.95326539, 1.3333E-01, 1.0000E+01, 1.6000E+00,
19:11:31.95326544, 1.6667E-01, 9.9333E+00, 1.3333E+00,
19:11:31.95326549, 2.0000E-01, 9.9333E+00, 1.7333E+00,
19:11:31.95326554, 1.0000E-01, 9.9333E+00, 1.4667E+00,
19:11:31.95326559, 6.6667E-02, 1.0000E+01, 1.2000E+00,
19:11:31.95326564, 1.6667E-01, 1.0133E+01, 1.2000E+00,
19:11:31.95326569, 1.0000E-01, 9.9333E+00, 1.4667E+00,
19:11:31.95326574, 2.0000E-01, 1.0133E+01, 1.6000E+00,
19:11:31.95326579, 1.0000E-01, 9.9333E+00, 1.6000E+00,
19:11:31.95326584, 1.6667E-01, 1.0000E+01, 1.4667E+00,
19:11:31.95326589, 2.0000E-01, 9.9333E+00, 1.3333E+00,
19:11:31.95326594, 1.3333E-01, 9.9333E+00, 1.4667E+00,
19:11:31.95326599, 1.6667E-01, 9.9333E+00, 1.6000E+00,
19:11:31.95326604, 1.6667E-01, 9.9333E+00, 1.6000E+00,
19:11:31.95326609, 2.0000E-01, 1.0067E+01, 2.0000E+00,
19:11:31.95326614, 2.0000E-01, 9.9333E+00, 1.6000E+00,
19:11:31.95326619, 6.6667E-02, 1.0067E+01, 1.3333E+00,
19:11:31.95326624, 1.0000E-01, 1.0067E+01, 1.4667E+00,
19:11:31.95326629, 1.3333E-01, 1.0067E+01, 1.6000E+00,
19:11:31.95326634, 1.0000E-01, 9.9333E+00, 1.2000E+00,
19:11:31.95326639, 1.6667E-01, 1.0000E+01, 1.6000E+00,
19:11:31.95326644, 1.0000E-01, 1.0067E+01, 1.4667E+00,
19:11:31.95326649, 6.6667E-02, 9.9333E+00, 1.3333E+00,
19:11:31.95326654, 2.0000E-01, 1.0000E+01, 1.0667E+00,
19:11:31.95326659, 1.0000E-01, 9.9333E+00, 1.4667E+00,
19:11:31.95326664, 1.0000E-01, 1.0000E+01, 1.7333E+00,
19:11:31.95326669, 1.3333E-01, 1.0000E+01, 1.4667E+00,
19:11:31.95326674, 6.6667E-02, 1.0000E+01, 1.4667E+00,
19:11:31.95326679, 1.3333E-01, 9.9333E+00, 1.2000E+00,
19:11:31.95326684, 1.3333E-01, 9.9333E+00, 1.2000E+00,
19:11:31.95326689, 1.3333E-01, 1.0000E+01, 1.3333E+00,
19:11:31.95326694, 2.0000E-01, 1.0067E+01, 1.6000E+00,
19:11:31.95326699, 1.0000E-01, 1.0000E+01, 1.3333E+00,
19:11:31.95326704, 1.6667E-01, 1.0067E+01, 1.3333E+00,
19:11:31.95326709, 1.0000E-01, 9.9333E+00, 1.2000E+00,
19:11:31.95326714, 1.6667E-01, 1.0067E+01, 1.4667E+00,
19:11:31.95326719, 6.6667E-02, 9.9333E+00, 1.6000E+00,
19:11:31.95326724, 1.3333E-01, 1.0067E+01, 1.4667E+00,
19:11:31.95326729, 1.3333E-01, 1.0067E+01, 1.2000E+00,
19:11:31.95326734, 1.0000E-01, 9.9333E+00, 1.7333E+00,
19:11:31.95326739, 1.3333E-01, 9.9333E+00, 1.2000E+00,
19:11:31.95326744, 1.6667E-01, 9.9333E+00, 1.3333E+00,
19:11:31.95326749, 1.3333E-01, 9.9333E+00, 1.6000E+00,
19:11:31.95326754, 1.0000E-01, 1.0067E+01, 1.4667E+00,
19:11:31.95326759, 1.6667E-01, 1.0000E+01, 1.6000E+00,
19:11:31.95326764, 6.6667E-02, 1.0067E+01, 1.3333E+00,
19:11:31.95326769, 6.6667E-02, 1.0000E+01, 1.2000E+00,
19:11:31.95326774, 1.6667E-01, 9.9333E+00, 1.4667E+00,
19:11:31.95326779, 6.6667E-02, 9.9333E+00, 1.2000E+00,
19:11:31.95326784, 1.3333E-01, 1.0067E+01, 1.4667E+00,
19:11:31.95326789, 1.3333E-01, 1.0000E+01, 1.2000E+00,
19:11:31.95326794, 1.0000E-01, 1.0067E+01, 1.3333E+00,
19:11:31.95326799, 1.3333E-01, 1.0000E+01, 1.4667E+00,
19:11:31.95326804, 6.6667E-02, 1.0000E+01, 1.4667E+00,
19:11:31.95326809, 6.6667E-02, 1.0000E+01, 1.6000E+00,
19:11:31.95326814, 3.3333E-02, 1.0067E+01, 1.6000E+00,
19:11:31.95326819, 6.6667E-02, 1.0000E+01, 1.4667E+00,
19:11:31.95326824, 1.0000E-01, 1.0067E+01, 1.4667E+00,
19:11:31.95326829, 1.3333E-01, 1.0067E+01, 1.6000E+00,
19:11:31.95326834, 1.3333E-01, 9.9333E+00, 1.4667E+00,
19:11:31.95326839, 1.0000E-01, 1.0000E+01, 1.6000E+00,
19:11:31.95326844, 1.0000E-01, 9.9333E+00, 1.4667E+00,
19:11:31.95326849, 1.3333E-01, 9.9333E+00, 1.4667E+00,
19:11:31.95326854, 1.0000E-01, 9.9333E+00, 1.7333E+00,
19:11:31.95326859, 3.3333E-02, 1.0067E+01, 1.3333E+00,
19:11:31.95326864, 1.0000E-01, 1.0067E+01, 1.3333E+00,
19:11:31.95326869, 3.3333E-02, 9.9333E+00, 1.3333E+00,
19:11:31.95326874, 1.3333E-01, 1.0067E+01, 1.3333E+00,
19:11:31.95326879, 1.6667E-01, 1.0000E+01, 1.4667E+00,
19:11:31.95326884, 1.3333E-01, 1.0000E+01, 1.6000E+00,
19:11:31.95326889, 1.3333E-01, 9.9333E+00, 1.4667E+00,
19:11:31.95326894, 1.3333E-01, 1.0000E+01, 1.4667E+00,
19:11:31.95326899, 3.3333E-02, 1.0067E+01, 1.4667E+00,
19:11:31.95326904, 1.0000E-01, 1.0000E+01, 1.8667E+00,
19:11:31.95326909, 1.0000E-01, 1.0067E+01, 1.3333E+00,
19:11:31.95326914, 1.0000E-01, 1.0000E+01, 1.6000E+00,
19:11:31.95326919, 1.3333E-01, 1.0067E+01, 1.4667E+00,
19:11:31.95326924, 1.0000E-01, 1.0000E+01, 1.4667E+00,
19:11:31.95326929, 6.6667E-02, 1.0067E+01, 1.6000E+00,
19:11:31.95326934, 1.6667E-01, 1.0000E+01, 1.2000E+00,
19:11:31.95326939, 1.3333E-01, 1.0000E+01, 1.3333E+00,
19:11:31.95326944, 1.3333E-01, 9.8667E+00, 1.6000E+00,
19:11:31.95326949, 0.0000E+00, 1.0000E+01, 1.4667E+00,
19:11:31.95326954, 1.3333E-01, 1.0133E+01, 1.4667E+00,
19:11:31.95326959, 1.0000E-01, 9.9333E+00, 1.4667E+00,
19:11:31.95326964, 6.6667E-02, 1.0067E+01, 1.3333E+00,
19:11:31.95326969, 1.3333E-01, 9.9333E+00, 1.3333E+00,
19:11:31.95326974, 1.0000E-01, 9.9333E+00, 1.4667E+00,
19:11:31.95326979, 1.3333E-01, 1.0000E+01, 1.2000E+00,
19:11:31.95326984, 1.6667E-01, 1.0000E+01, 1.3333E+00,
19:11:31.95326989, 1.6667E-01, 1.0000E+01, 1.6000E+00,
19:11:31.95326994, 6.6667E-02, 1.0067E+01, 1.4667E+00,
19:11:31.95326999, 1.0000E-01, 1.0067E+01, 1.7333E+00,
19:11:31.95327004, 6.6667E-02, 1.0133E+01, 1.4667E+00,
19:11:31.95327009, 1.0000E-01, 1.0000E+01, 1.6000E+00,
19:11:31.95327014, 1.0000E-01, 1.0000E+01, 1.3333E+00,
19:11:31.95327019, 1.0000E-01, 1.0067E+01, 1.4667E+00,
19:11:31.95327024, 6.6667E-02, 1.0000E+01, 1.2000E+00,
19:11:31.95327029, 1.3333E-01, 1.0067E+01, 1.3333E+00,
19:11:31.95327034, 1.6667E-01, 1.0067E+01, 1.3333E+00,
19:11:31.95327039, 1.3333E-01, 1.0000E+01, 1.7333E+00,
19:11:31.95327044, 0.0000E+00, 1.0067E+01, 1.7333E+00,
19:11:31.95327049, 3.3333E-02, 9.9333E+00, 1.6000E+00,
19:11:31.95327054, 1.0000E-01, 1.0133E+01, 1.3333E+00,
19:11:31.95327059, 1.0000E-01, 1.0067E+01, 1.4667E+00,
19:11:31.95327064, 1.0000E-01, 1.0000E+01, 1.4667E+00,
19:11:31.95327069, 3.3333E-02, 1.0133E+01, 1.3333E+00,
19:11:31.95327074, 1.3333E-01, 1.0133E+01, 1.6000E+00,
19:11:31.95327079, 1.0000E-01, 9.9333E+00, 1.2000E+00,
19:11:31.95327084, 1.0000E-01, 1.0067E+01, 1.3333E+00,
19:11:31.95327089, 6.6667E-02, 1.0067E+01, 1.6000E+00,
19:11:31.95327094, 6.6667E-02, 1.0067E+01, 1.6000E+00,
19:11:31.95327099, 3.3333E-02, 1.0067E+01, 1.7333E+00,
19:11:31.95327104, 6.6667E-02, 1.0000E+01, 1.6000E+00,
19:11:31.95327109, 1.3333E-01, 9.9333E+00, 1.4667E+00,
19:11:31.95327114, 3.3333E-02, 1.0000E+01, 1.3333E+00,
19:11:31.95327119, 1.3333E-01, 9.9333E+00, 1.2000E+00,
19:11:31.95327124, 1.0000E-01, 1.0000E+01, 1.4667E+00,
19:11:31.95327129, 1.0000E-01, 1.0200E+01, 1.3333E+00,
19:11:31.95327134, 3.3333E-02, 1.0067E+01, 1.2000E+00,
19:11:31.95327139, 6.6667E-02, 1.0000E+01, 1.3333E+00,
19:11:31.95327144, 3.3333E-02, 1.0000E+01, 1.3333E+00,
19:11:31.95327149, 1.0000E-01, 1.0067E+01, 1.4667E+00,
19:11:31.95327154, 1.3333E-01, 9.9333E+00, 1.4667E+00,
19:11:31.95327159, 1.0000E-01, 1.0133E+01, 1.4667E+00,
19:11:31.95327164, 6.6667E-02, 9.9333E+00, 1.6000E+00,
19:11:31.95327169, 1.3333E-01, 9.9333E+00, 1.6000E+00,
19:11:31.95327174, 1.0000E-01, 1.0000E+01, 1.4667E+00,
19:11:31.95327179, 6.6667E-02, 9.9333E+00, 1.3333E+00,
19:11:31.95327184, 1.3333E-01, 1.0133E+01, 1.6000E+00,
19:11:31.95327189, 1.3333E-01, 9.9333E+00, 1.3333E+00,
19:11:31.95327194, 1.0000E-01, 1.0067E+01, 1.6000E+00,
19:11:31.95327199, 1.0000E-01, 1.0000E+01, 1.4667E+00,
19:11:31.95327204, 1.0000E-01, 1.0000E+01, 1.3333E+00,
19:11:31.95327209, 1.0000E-01, 9.9333E+00, 1.3333E+00,
19:11:31.95327214, 1.3333E-01, 1.0000E+01, 1.2000E+00,
19:11:31.95327219, 3.3333E-02, 1.0133E+01, 1.3333E+00,
19:11:31.95327224, 1.0000E-01, 1.0000E+01, 1.2000E+00,
19:11:31.95327229, 6.6667E-02, 1.0000E+01, 1.6000E+00,
19:11:31.95327234, 1.0000E-01, 1.0133E+01, 1.3333E+00,
19:11:31.95327239, 1.0000E-01, 1.0000E+01, 1.2000E+00,
19:11:31.95327244, 1.0000E-01, 1.0200E+01, 1.7333E+00,
19:11:31.95327249, 1.0000E-01, 9.9333E+00, 1.4667E+00,
19:11:31.95327254, 6.6667E-02, 9.9333E+00, 1.4667E+00,
19:11:31.95327259, 1.0000E-01, 1.0000E+01, 1.3333E+00,
19:11:31.95327264, 1.6667E-01, 1.0067E+01, 1.4667E+00,
19:11:31.95327269, 1.0000E-01, 1.0067E+01, 1.7333E+00,
19:11:31.95327274, 1.0000E-01, 1.0067E+01, 1.4667E+00,
19:11:31.95327279, 1.3333E-01, 9.9333E+00, 1.0667E+00,
19:11:31.95327284, 6.6667E-02, 1.0000E+01, 1.6000E+00,
19:11:31.95327289, 1.3333E-01, 1.0067E+01, 1.6000E+00,
19:11:31.95327294, 6.6667E-02, 1.0000E+01, 1.4667E+00,
19:11:31.95327299, 1.3333E-01, 1.0000E+01, 1.3333E+00,
19:11:31.95327304, 1.0000E-01, 9.9333E+00, 1.6000E+00,
19:11:31.95327309, 1.0000E-01, 9.9333E+00, 1.0667E+00,
19:11:31.95327314, 1.0000E-01, 1.0067E+01, 1.2000E+00,
19:11:31.95327319, 6.6667E-02, 1.0000E+01, 1.3333E+00,
19:11:31.95327324, 1.3333E-01, 9.9333E+00, 1.3333E+00,
19:11:31.95327329, 6.6667E-02, 1.0000E+01, 1.6000E+00,
19:11:31.95327334, 6.6667E-02, 9.9333E+00, 1.6000E+00,
19:11:31.95327339, 1.0000E-01, 1.0067E+01, 1.2000E+00,
19:11:31.95327344, 3.3333E-02, 1.0067E+01, 1.7333E+00,
19:11:31.95327349, 6.6667E-02, 9.9333E+00, 1.4667E+00,
19:11:31.95327354, 3.3333E-02, 9.9333E+00, 1.4667E+00,
19:11:31.95327359, 6.6667E-02, 9.9333E+00, 1.3333E+00,
19:11:31.95327364, 1.3333E-01, 1.0000E+01, 1.4667E+00,
19:11:31.95327369, 1.3333E-01, 1.0000E+01, 1.3333E+00,
19:11:31.95327374, 1.0000E-01, 1.0000E+01, 1.4667E+00,
19:11:31.95327379, 1.0000E-01, 1.0000E+01, 1.4667E+00,
19:11:31.95327384, 3.3333E-02, 1.0067E+01, 1.7333E+00,
19:11:31.95327389, 3.3333E-02, 1.0067E+01, 1.6000E+00,
19:11:31.95327394, 1.0000E-01, 1.0067E+01, 1.6000E+00,
19:11:31.95327399, 2.0000E-01, 1.0000E+01, 1.6000E+00,
19:11:31.95327404, 6.6667E-02, 9.9333E+00, 1.4667E+00,
19:11:31.95327409, 3.3333E-02, 1.0000E+01, 1.2000E+00,
19:11:31.95327414, 1.6667E-01, 1.0267E+01, 1.4667E+00,
19:11:31.95327419, 1.0000E-01, 1.0067E+01, 1.4667E+00,
19:11:31.95327424, 1.0000E-01, 1.0067E+01, 1.6000E+00,
19:11:31.95327429, 1.0000E-01, 9.9333E+00, 1.7333E+00,
19:11:31.95327434, 0.0000E+00, 1.0000E+01, 1.6000E+00,
19:11:31.95327439, 3.3333E-02, 1.0000E+01, 1.3333E+00,
19:11:31.95327444, 6.6667E-02, 1.0000E+01, 1.7333E+00,
19:11:31.95327449, 6.6667E-02, 9.9333E+00, 1.6000E+00,
19:11:31.95327454, 6.6667E-02, 1.0133E+01, 1.4667E+00,
19:11:31.95327459, 6.6667E-02, 1.0000E+01, 1.2000E+00,
19:11:31.95327464, 1.3333E-01, 1.0000E+01, 1.4667E+00,
19:11:31.95327469, 1.0000E-01, 1.0000E+01, 1.4667E+00,
19:11:31.95327474, 6.6667E-02, 1.0000E+01, 1.2000E+00,
19:11:31.95327479, 1.0000E-01, 1.0000E+01, 1.6000E+00,
19:11:31.95327484, 3.3333E-02, 1.0067E+01, 2.0000E+00,
19:11:31.95327489, 6.6667E-02, 9.9333E+00, 1.4667E+00,
19:11:31.95327494, 6.6667E-02, 1.0000E+01, 1.0667E+00,
19:11:31.95327499, 1.0000E-01, 9.9333E+00, 1.6000E+00,
19:11:31.95327504, 1.0000E-01, 1.0000E+01, 1.4667E+00,
19:11:31.95327509, 1.0000E-01, 1.0000E+01, 1.0667E+00,
19:11:31.95327514, 1.3333E-01, 9.9333E+00, 1.6000E+00,
19:11:31.95327519, 6.6667E-02, 1.0000E+01, 1.4667E+00,
19:11:31.95327524, 0.0000E+00, 1.0133E+01, 1.3333E+00,
19:11:31.95327529, 3.3333E-02, 9.9333E+00, 1.3333E+00,
19:11:31.95327534, 6.6667E-02, 1.0000E+01, 1.4667E+00,
19:11:31.95327539, 6.6667E-02, 9.9333E+00, 1.7333E+00,
19:11:31.95327544, 6.6667E-02, 9.9333E+00, 1.2000E+00,
19:11:31.95327549, 6.6667E-02, 1.0000E+01, 1.2000E+00,
19:11:31.95327554, 1.0000E-01, 1.0000E+01, 1.4667E+00,
19:11:31.95327559, 6.6667E-02, 1.0000E+01, 1.6000E+00,
19:11:31.95327564, 1.3333E-01, 1.0000E+01, 1.4667E+00,
19:11:31.95327569, 0.0000E+00, 9.9333E+00, 1.6000E+00,
19:11:31.95327574, 6.6667E-02, 9.9333E+00, 1.4667E+00,
19:11:31.95327579, 0.0000E+00, 1.0067E+01, 1.7333E+00,
19:11:31.95327584, 1.0000E-01, 9.9333E+00, 1.2000E+00,
19:11:31.95327589, 6.6667E-02, 1.0000E+01, 1.7333E+00,
19:11:31.95327594, 3.3333E-02, 1.0067E+01, 1.4667E+00,
19:11:31.95327599, 1.0000E-01, 1.0000E+01, 1.4667E+00,
19:11:31.95327604, 6.6667E-02, 1.0133E+01, 1.2000E+00,
19:11:31.95327609, 3.3333E-02, 1.0133E+01, 1.2000E+00,
19:11:31.95327614,-3.3333E-02, 9.9333E+00, 1.8667E+00,
19:11:31.95327619, 1.0000E-01, 1.0000E+01, 1.6000E+00,
19:11:31.95327624, 6.6667E-02, 1.0133E+01, 1.6000E+00,
19:11:31.95327629, 0.0000E+00, 1.0133E+01, 1.6000E+00,
19:11:31.95327634, 3.3333E-02, 1.0067E+01, 1.7333E+00,
19:11:31.95327639, 0.0000E+00, 9.9333E+00, 1.6000E+00,
19:11:31.95327644, 6.6667E-02, 9.9333E+00, 1.6000E+00,
19:11:31.95327649, 3.3333E-02, 1.0000E+01, 1.6000E+00,
19:11:31.95327654, 6.6667E-02, 1.0133E+01, 1.0667E+00,
19:11:31.95327659, 1.0000E-01, 1.0000E+01, 1.4667E+00,
19:11:31.95327664, 6.6667E-02, 1.0000E+01, 1.6000E+00,
19:11:31.95327669, 1.0000E-01, 1.0000E+01, 1.4667E+00,
19:11:31.95327674, 3.3333E-02, 9.9333E+00, 1.3333E+00,
19:11:31.95327679, 3.3333E-02, 1.0000E+01, 1.7333E+00,
19:11:31.95327684, 1.0000E-01, 9.9333E+00, 1.6000E+00,
19:11:31.95327689, 6.6667E-02, 1.0067E+01, 1.3333E+00,
19:11:31.95327694, 6.6667E-02, 1.0000E+01, 1.4667E+00,
19:11:31.95327699, 0.0000E+00, 9.9333E+00, 1.4667E+00,
19:11:31.95327704, 1.3333E-01, 1.0000E+01, 1.6000E+00,
19:11:31.95327709, 3.3333E-02, 1.0133E+01, 1.4667E+00,
19:11:31.95327714, 1.0000E-01, 9.9333E+00, 1.3333E+00,
19:11:31.95327719, 6.6667E-02, 9.9333E+00, 1.6000E+00,
19:11:31.95327724, 0.0000E+00, 1.0067E+01, 1.6000E+00,
19:11:31.95327729, 3.3333E-02, 1.0000E+01, 1.3333E+00,
19:11:31.95327734, 0.0000E+00, 9.9333E+00, 1.6000E+00,
19:11:31.95327739, 3.3333E-02, 9.9333E+00, 1.4667E+00,
19:11:31.95327744, 1.3333E-01, 1.0000E+01, 1.4667E+00,
19:11:31.95327749, 3.3333E-02, 9.9333E+00, 1.3333E+00,
19:11:31.95327754, 6.6667E-02, 1.0000E+01, 1.0667E+00,
19:11:31.95327759, 3.3333E-02, 1.0000E+01, 1.6000E+00,
19:11:31.95327764, 3.3333E-02, 1.0067E+01, 1.3333E+00,
19:11:31.95327769, 1.0000E-01, 1.0067E+01, 1.2000E+00,
19:11:31.95327774, 6.6667E-02, 1.0067E+01, 1.7333E+00,
19:11:31.95327779, 6.6667E-02, 9.9333E+00, 1.4667E+00,
19:11:31.95327784, 1.0000E-01, 1.0067E+01, 1.3333E+00,
19:11:31.95327789, 6.6667E-02, 9.9333E+00, 1.4667E+00,
19:11:31.95327794, 3.3333E-02, 9.9333E+00, 1.3333E+00,
19:11:31.95327799, 6.6667E-02, 1.0000E+01, 1.3333E+00,
19:11:31.95327804, 3.3333E-02, 1.0000E+01, 9.3333E-01,
19:11:31.95327809, 1.3333E-01, 1.0000E+01, 1.3333E+00,
19:11:31.95327814, 3.3333E-02, 1.0000E+01, 1.6000E+00,
19:11:31.95327819, 3.3333E-02, 9.9333E+00, 1.6000E+00,
19:11:31.95327824, 1.0000E-01, 9.9333E+00, 1.4667E+00,
19:11:31.95327829, 6.6667E-02, 1.0067E+01, 1.2000E+00,
19:11:31.95327834, 0.0000E+00, 1.0000E+01, 1.6000E+00,
19:11:31.95327839, 6.6667E-02, 1.0000E+01, 1.4667E+00,
19:11:31.95327844, 3.3333E-02, 1.0067E+01, 1.2000E+00,
19:11:31.95327849, 1.0000E-01, 1.0000E+01, 1.4667E+00,
19:11:31.95327854, 3.3333E-02, 1.0067E+01, 1.4667E+00,
19:11:31.95327859, 6.6667E-02, 1.0067E+01, 1.4667E+00,
19:11:31.95327864, 0.0000E+00, 1.0067E+01, 1.4667E+00,
19:11:31.95327869, 6.6667E-02, 1.0133E+01, 1.3333E+00,
19:11:31.95327874, 3.3333E-02, 1.0067E+01, 1.6000E+00,
19:11:31.95327879, 3.3333E-02, 9.9333E+00, 1.6000E+00,
19:11:31.95327884, 1.0000E-01, 1.0133E+01, 1.6000E+00,
19:11:31.95327889, 3.3333E-02, 9.9333E+00, 1.3333E+00,
19:11:31.95327894, 6.6667E-02, 9.9333E+00, 1.7333E+00,
19:11:31.95327899, 1.0000E-01, 1.0067E+01, 1.6000E+00,
19:11:31.95327904, 0.0000E+00, 1.0000E+01, 1.6000E+00,
19:11:31.95327909, 0.0000E+00, 9.9333E+00, 1.6000E+00,
19:11:31.95327914, 3.3333E-02, 1.0000E+01, 1.6000E+00,
19:11:31.95327919, 3.3333E-02, 1.0133E+01, 1.4667E+00,
19:11:31.95327924, 0.0000E+00, 1.0067E+01, 1.4667E+00,
19:11:31.95327929, 3.3333E-02, 9.9333E+00, 1.4667E+00,
19:11:31.95327934, 1.3333E-01, 9.9333E+00, 1.4667E+00,
19:11:31.95327939, 3.3333E-02, 1.0000E+01, 1.6000E+00,
19:11:31.95327944, 1.0000E-01, 9.9333E+00, 1.6000E+00,
19:11:31.95327949, 6.6667E-02, 1.0000E+01, 1.3333E+00,
19:11:31.95327954, 6.6667E-02, 1.0067E+01, 1.0667E+00,
19:11:31.95327959, 6.6667E-02, 1.0000E+01, 1.4667E+00,
19:11:31.95327964, 6.6667E-02, 1.0067E+01, 1.2000E+00,
19:11:31.95327969, 6.6667E-02, 1.0000E+01, 1.6000E+00,
19:11:31.95327974, 3.3333E-02, 9.9333E+00, 1.4667E+00,
19:11:31.95327979, 3.3333E-02, 1.0000E+01, 1.3333E+00,
19:11:31.95327984, 1.3333E-01, 9.9333E+00, 1.4667E+00,
19:11:31.95327989, 6.6667E-02, 9.9333E+00, 1.7333E+00,
19:11:31.95327994, 1.3333E-01, 9.9333E+00, 1.2000E+00,
19:11:31.95327999, 6.6667E-02, 1.0067E+01, 1.0667E+00,
19:11:31.95328004, 1.0000E-01, 9.9333E+00, 1.4667E+00,
19:11:31.95328009, 3.3333E-02, 1.0067E+01, 1.6000E+00,
19:11:31.95328014, 3.3333E-02, 1.0133E+01, 1.2000E+00,
19:11:31.95328019,-3.3333E-02, 1.0000E+01, 1.7333E+00,
19:11:31.95328024, 1.0000E-01, 1.0000E+01, 1.6000E+00,
19:11:31.95328029, 6.6667E-02, 1.0067E+01, 1.3333E+00,
19:11:31.95328034, 3.3333E-02, 9.9333E+00, 1.3333E+00,
19:11:31.95328039, 1.6667E-01, 9.9333E+00, 1.4667E+00,
19:11:31.95328044, 3.3333E-02, 1.0067E+01, 1.4667E+00,
19:11:31.95328049, 6.6667E-02, 9.9333E+00, 1.7333E+00,
19:11:31.95328054, 6.6667E-02, 9.9333E+00, 1.4667E+00,
19:11:31.95328059, 6.6667E-02, 1.0067E+01, 1.7333E+00,
19:11:31.95328064, 3.3333E-02, 1.0000E+01, 1.3333E+00,
19:11:31.95328069, 1.0000E-01, 1.0067E+01, 1.3333E+00,
19:11:31.95328074, 6.6667E-02, 1.0067E+01, 1.2000E+00,
19:11:31.95328079, 1.0000E-01, 9.9333E+00, 1.4667E+00,
19:11:31.95328084, 1.0000E-01, 9.9333E+00, 1.3333E+00,
19:11:31.95328089,-3.3333E-02, 1.0000E+01, 1.4667E+00,
19:11:31.95328094, 6.6667E-02, 1.0000E+01, 1.2000E+00,
19:11:31.95328099, 6.6667E-02, 1.0067E+01, 1.3333E+00,
19:11:31.95328104, 3.3333E-02, 1.0133E+01, 1.3333E+00,
19:11:31.95328109,-3.3333E-02, 9.9333E+00, 1.4667E+00,
19:11:31.95328114, 6.6667E-02, 9.9333E+00, 1.4667E+00,
19:11:31.95328119, 0.0000E+00, 1.0000E+01, 1.6000E+00,
19:11:31.95328124, 6.6667E-02, 1.0000E+01, 1.6000E+00,
19:11:31.95328129, 3.3333E-02, 1.0000E+01, 1.4667E+00,
19:11:31.95328134, 6.6667E-02, 1.0000E+01, 1.7333E+00,
19:11:31.95328139, 6.6667E-02, 9.9333E+00, 1.6000E+00,
19:11:31.95328144, 1.0000E-01, 1.0000E+01, 1.2000E+00,
19:11:31.95328149, 1.3333E-01, 9.9333E+00, 1.3333E+00,
19:11:31.95328154, 1.0000E-01, 1.0000E+01, 1.4667E+00,
19:11:31.95328159, 1.0000E-01, 9.9333E+00, 1.4667E+00,
19:11:31.95328164, 6.6667E-02, 9.9333E+00, 1.4667E+00,
19:11:31.95328169, 3.3333E-02, 1.0133E+01, 1.3333E+00,
19:11:31.95328174, 3.3333E-02, 1.0067E+01, 1.3333E+00,
19:11:31.95328179, 6.6667E-02, 1.0133E+01, 1.3333E+00,
19:11:31.95328184, 0.0000E+00, 9.9333E+00, 1.4667E+00,
19:11:31.95328189, 6.6667E-02, 1.0000E+01, 1.4667E+00,
19:11:31.95328194, 6.6667E-02, 9.9333E+00, 1.3333E+00,
19:11:31.95328199, 3.3333E-02, 9.9333E+00, 1.2000E+00,
19:11:31.95328204, 0.0000E+00, 9.9333E+00, 1.3333E+00,
19:11:31.95328209, 3.3333E-02, 1.0000E+01, 1.4667E+00,
19:11:31.95328214, 3.3333E-02, 1.0000E+01, 1.4667E+00,
19:11:31.95328219, 3.3333E-02, 1.0067E+01, 1.6000E+00,
19:11:31.95328224, 1.3333E-01, 1.0067E+01, 1.7333E+00,
19:11:31.95328229, 6.6667E-02, 1.0067E+01, 1.3333E+00,
19:11:31.95328234, 3.3333E-02, 1.0133E+01, 1.3333E+00,
19:11:31.95328239, 0.0000E+00, 9.9333E+00, 1.8667E+00,
19:11:31.95328244, 3.3333E-02, 9.8667E+00, 1.3333E+00,
19:11:31.95328249, 0.0000E+00, 1.0067E+01, 1.8667E+00,
19:11:31.95328254, 6.6667E-02, 1.0000E+01, 1.4667E+00,
19:11:31.95328259, 3.3333E-02, 1.0000E+01, 1.6000E+00,
19:11:31.95328264, 6.6667E-02, 1.0000E+01, 1.3333E+00,
19:11:31.95328269, 1.0000E-01, 1.0000E+01, 1.7333E+00,
19:11:31.95328274, 6.6667E-02, 1.0133E+01, 1.6000E+00,
19:11:31.95328279, 3.3333E-02, 1.0000E+01, 1.2000E+00,
19:11:31.95328284, 6.6667E-02, 1.0067E+01, 1.3333E+00,
19:11:31.95328289, 0.0000E+00, 1.0067E+01, 1.3333E+00,
19:11:31.95328294, 3.3333E-02, 1.0000E+01, 1.4667E+00,
19:11:31.95328299, 6.6667E-02, 1.0067E+01, 1.6000E+00,
19:11:31.95328304,-6.6667E-02, 9.9333E+00, 1.7333E+00,
19:11:31.95328309, 1.3333E-01, 9.9333E+00, 1.3333E+00,
19:11:31.95328314, 6.6667E-02, 1.0000E+01, 1.2000E+00,
19:11:31.95328319, 1.3333E-01, 1.0067E+01, 1.6000E+00,
19:11:31.95328324, 6.6667E-02, 1.0067E+01, 1.4667E+00,
19:11:31.95328329, 3.3333E-02, 1.0067E+01, 1.2000E+00,
19:11:31.95328334, 6.6667E-02, 1.0000E+01, 1.4667E+00,
19:11:31.95328339, 6.6667E-02, 9.8667E+00, 1.7333E+00,
19:11:31.95328344,-3.3333E-02, 1.0067E+01, 1.4667E+00,
19:11:31.95328349, 1.0000E-01, 9.9333E+00, 1.4667E+00,
19:11:31.95328354, 6.6667E-02, 1.0067E+01, 1.3333E+00,
19:11:31.95328359, 3.3333E-02, 9.9333E+00, 1.6000E+00,
19:11:31.95328364, 1.0000E-01, 9.9333E+00, 1.4667E+00,
19:11:31.95328369, 6.6667E-02, 9.9333E+00, 1.4667E+00,
19:11:31.95328374, 6.6667E-02, 1.0067E+01, 1.4667E+00,
19:11:31.95328379, 6.6667E-02, 1.0067E+01, 1.3333E+00,
19:11:31.95328384, 3.3333E-02, 9.9333E+00, 1.3333E+00,
19:11:31.95328389, 6.6667E-02, 9.9333E+00, 1.7333E+00,
19:11:31.95328394, 3.3333E-02, 1.0000E+01, 1.7333E+00,
19:11:31.95328399, 6.6667E-02, 1.0133E+01, 1.3333E+00,
19:11:31.95328404, 3.3333E-02, 1.0067E+01, 1.7333E+00,
19:11:31.95328409, 1.6667E-01, 1.0000E+01, 1.6000E+00,
19:11:31.95328414, 6.6667E-02, 1.0000E+01, 1.6000E+00,
19:11:31.95328419, 3.3333E-02, 1.0133E+01, 1.2000E+00,
19:11:31.95328424, 3.3333E-02, 1.0267E+01, 1.4667E+00,
19:11:31.95328429, 0.0000E+00, 1.0133E+01, 1.4667E+00,
19:11:31.95328434, 6.6667E-02, 1.0133E+01, 1.6000E+00,
19:11:31.95328439, 6.6667E-02, 9.9333E+00, 1.8667E+00,
19:11:31.95328444, 0.0000E+00, 1.0067E+01, 1.3333E+00,
19:11:31.95328449, 3.3333E-02, 9.9333E+00, 1.2000E+00,
19:11:31.95328454, 6.6667E-02, 1.0000E+01, 1.7333E+00,
19:11:31.95328459, 1.0000E-01, 1.0067E+01, 1.3333E+00,
19:11:31.95328464, 1.0000E-01, 9.9333E+00, 1.6000E+00,
19:11:31.95328469, 6.6667E-02, 1.0067E+01, 1.4667E+00,
19:11:31.95328474, 6.6667E-02, 1.0000E+01, 1.3333E+00,
19:11:31.95328479, 6.6667E-02, 1.0000E+01, 1.7333E+00,
19:11:31.95328484, 3.3333E-02, 1.0000E+01, 1.7333E+00,
19:11:31.95328489, 3.3333E-02, 9.9333E+00, 1.6000E+00,
19:11:31.95328494, 3.3333E-02, 9.9333E+00, 1.6000E+00,
19:11:31.95328499, 3.3333E-02, 1.0133E+01, 1.3333E+00,
19:11:31.95328504,-6.6667E-02, 1.0000E+01, 1.4667E+00,
19:11:31.95328509, 1.0000E-01, 1.0000E+01, 1.6000E+00,
19:11:31.95328514, 1.3333E-01, 1.0000E+01, 1.4667E+00,
19:11:31.95328519, 6.6667E-02, 9.9333E+00, 1.7333E+00,
19:11:31.95328524, 3.3333E-02, 1.0067E+01, 1.3333E+00,
19:11:31.95328529, 3.3333E-02, 9.9333E+00, 1.2000E+00,
19:11:31.95328534, 6.6667E-02, 9.9333E+00, 1.3333E+00,
19:11:31.95328539,-3.3333E-02, 1.0067E+01, 1.6000E+00,
19:11:31.95328544, 6.6667E-02, 1.0067E+01, 1.4667E+00,
19:11:31.95328549, 0.0000E+00, 9.9333E+00, 1.3333E+00,
19:11:31.95328554, 0.0000E+00, 1.0133E+01, 1.6000E+00,
19:11:31.95328559, 0.0000E+00, 9.9333E+00, 1.3333E+00,
19:11:31.95328564, 6.6667E-02, 9.9333E+00, 1.7333E+00,
19:11:31.95328569, 6.6667E-02, 9.9333E+00, 1.7333E+00,
19:11:31.95328574, 1.0000E-01, 1.0000E+01, 1.7333E+00,
19:11:31.95328579, 0.0000E+00, 1.0067E+01, 1.7333E+00,
19:11:31.95328584, 3.3333E-02, 1.0000E+01, 1.4667E+00,
19:11:31.95328589, 6.6667E-02, 1.0067E+01, 1.6000E+00,
19:11:31.95328594,-3.3333E-02, 9.9333E+00, 1.4667E+00,
19:11:31.95328599,-3.3333E-02, 1.0067E+01, 1.7333E+00,
19:11:31.95328604, 3.3333E-02, 1.0000E+01, 1.4667E+00,
19:11:31.95328609, 3.3333E-02, 1.0000E+01, 1.4667E+00,
19:11:31.95328614, 1.0000E-01, 1.0000E+01, 1.2000E+00,
19:11:31.95328619, 1.3333E-01, 1.0000E+01, 1.3333E+00,
19:11:31.95328624, 6.6667E-02, 9.9333E+00, 1.3333E+00,
19:11:31.95328629, 3.3333E-02, 1.0067E+01, 1.2000E+00,
19:11:31.95328634, 3.3333E-02, 9.9333E+00, 1.3333E+00,
19:11:31.95328639, 1.0000E-01, 9.9333E+00, 1.7333E+00,
19:11:31.95328644, 0.0000E+00, 1.0000E+01, 1.8667E+00,
19:11:31.95328649, 3.3333E-02, 1.0000E+01, 1.7333E+00,
19:11:31.95328654, 1.0000E-01, 1.0067E+01, 1.6000E+00,
19:11:31.95328659, 1.3333E-01, 1.0067E+01, 1.6000E+00,
19:11:31.95328664, 3.3333E-02, 1.0000E+01, 1.3333E+00,
19:11:31.95328669, 3.3333E-02, 1.0133E+01, 1.3333E+00,
19:11:31.95328674,-3.3333E-02, 9.9333E+00, 1.3333E+00,
19:11:31.95328679, 0.0000E+00, 9.9333E+00, 1.3333E+00,
19:11:31.95328684, 6.6667E-02, 9.9333E+00, 1.4667E+00,
19:11:31.95328689, 6.6667E-02, 1.0000E+01, 1.6000E+00,
19:11:31.95328694, 6.6667E-02, 9.9333E+00, 1.4667E+00,
19:11:31.95328699, 3.3333E-02, 1.0067E+01, 1.3333E+00,
19:11:31.95328704, 6.6667E-02, 1.0067E+01, 1.6000E+00,
19:11:31.95328709, 1.0000E-01, 1.0133E+01, 1.6000E+00,
19:11:31.95328714, 3.3333E-02, 1.0067E+01, 1.8667E+00,
19:11:31.95328719, 1.3333E-01, 1.0067E+01, 1.7333E+00,
19:11:31.95328724, 0.0000E+00, 9.9333E+00, 1.3333E+00,
19:11:31.95328729,-3.3333E-02, 1.0000E+01, 1.7333E+00,
19:11:31.95328734, 6.6667E-02, 9.9333E+00, 1.8667E+00,
19:11:31.95328739, 6.6667E-02, 1.0000E+01, 1.6000E+00,
19:11:31.95328744, 1.0000E-01, 1.0000E+01, 1.2000E+00,
19:11:31.95328749, 6.6667E-02, 1.0067E+01, 1.6000E+00,
19:11:31.95328754, 6.6667E-02, 1.0000E+01, 1.4667E+00,
19:11:31.95328759, 6.6667E-02, 1.0000E+01, 1.6000E+00,
19:11:31.95328764, 0.0000E+00, 9.9333E+00, 1.3333E+00,
19:11:31.95328769, 3.3333E-02, 1.0000E+01, 1.6000E+00,
19:11:31.95328774, 3.3333E-02, 1.0000E+01, 1.3333E+00,
19:11:31.95328779, 0.0000E+00, 9.9333E+00, 1.6000E+00,
19:11:31.95328784, 3.3333E-02, 9.9333E+00, 1.3333E+00,
19:11:31.95328789, 0.0000E+00, 9.9333E+00, 1.3333E+00,
19:11:31.95328794, 6.6667E-02, 1.0133E+01, 1.3333E+00,
19:11:31.95328799, 1.0000E-01, 9.9333E+00, 1.6000E+00,
19:11:31.95328804, 6.6667E-02, 1.0000E+01, 1.7333E+00,
19:11:31.95328809, 6.6667E-02, 1.0000E+01, 1.3333E+00,
19:11:31.95328814, 3.3333E-02, 9.9333E+00, 1.3333E+00,
19:11:31.95328819, 6.6667E-02, 9.9333E+00, 1.2000E+00,
19:11:31.95328824, 1.0000E-01, 9.9333E+00, 1.7333E+00,
19:11:31.95328829,-6.6667E-02, 9.9333E+00, 1.4667E+00,
19:11:31.95328834, 3.3333E-02, 1.0000E+01, 1.7333E+00,
19:11:31.95328839, 3.3333E-02, 1.0000E+01, 1.4667E+00,
19:11:31.95328844, 6.6667E-02, 1.0133E+01, 1.4667E+00,
19:11:31.95328849, 3.3333E-02, 9.9333E+00, 1.7333E+00,
19:11:31.95328854,-3.3333E-02, 1.0067E+01, 1.7333E+00,
19:11:31.95328859, 3.3333E-02, 9.9333E+00, 1.4667E+00,
19:11:31.95328864, 3.3333E-02, 1.0000E+01, 1.3333E+00,
19:11:31.95328869, 1.0000E-01, 1.0067E+01, 1.2000E+00,
19:11:31.95328874, 6.6667E-02, 9.9333E+00, 1.2000E+00,
19:11:31.95328879, 0.0000E+00, 9.9333E+00, 1.0667E+00,
19:11:31.95328884, 6.6667E-02, 9.9333E+00, 1.7333E+00,
19:11:31.95328889, 1.0000E-01, 1.0000E+01, 1.4667E+00,
19:11:31.95328894, 1.3333E-01, 1.0200E+01, 1.6000E+00,
19:11:31.95328899, 3.3333E-02, 1.0133E+01, 1.7333E+00,
19:11:31.95328904, 0.0000E+00, 1.0133E+01, 1.6000E+00,
19:11:31.95328909, 0.0000E+00, 9.9333E+00, 1.4667E+00,
19:11:31.95328914, 0.0000E+00, 1.0067E+01, 1.3333E+00,
19:11:31.95328919, 0.0000E+00, 1.0000E+01, 1.0667E+00,
19:11:31.95328924,-3.3333E-02, 1.0000E+01, 1.6000E+00,
19:11:31.95328929, 3.3333E-02, 1.0000E+01, 1.3333E+00,
19:11:31.95328934, 1.0000E-01, 1.0067E+01, 1.3333E+00,
19:11:31.95328939, 1.0000E-01, 1.0000E+01, 1.2000E+00,
19:11:31.95328944, 0.0000E+00, 1.0000E+01, 1.2000E+00,
19:11:31.95328949, 3.3333E-02, 1.0000E+01, 1.4667E+00,
19:11:31.95328954, 6.6667E-02, 1.0067E+01, 1.3333E+00,
19:11:31.95328959,-3.3333E-02, 9.9333E+00, 1.3333E+00,
19:11:31.95328964, 0.0000E+00, 9.9333E+00, 1.4667E+00,
19:11:31.95328969, 3.3333E-02, 1.0000E+01, 1.7333E+00,
19:11:31.95328974,-3.3333E-02, 1.0000E+01, 1.7333E+00,
19:11:31.95328979, 1.0000E-01, 1.0067E+01, 1.8667E+00,
19:11:31.95328984, 6.6667E-02, 1.0000E+01, 1.7333E+00,
19:11:31.95328989, 6.6667E-02, 1.0067E+01, 1.4667E+00,
19:11:31.95328994, 3.3333E-02, 9.9333E+00, 1.8667E+00,
19:11:31.95328999, 3.3333E-02, 1.0000E+01, 1.4667E+00,
19:11:31.95329004, 6.6667E-02, 9.9333E+00, 1.3333E+00,
19:11:31.95329009, 6.6667E-02, 1.0067E+01, 1.3333E+00,
19:11:31.95329014, 0.0000E+00, 9.9333E+00, 1.4667E+00,
19:11:31.95329019,-3.3333E-02, 9.9333E+00, 1.3333E+00,
19:11:31.95329024, 3.3333E-02, 1.0067E+01, 1.2000E+00,
19:11:31.95329029, 1.0000E-01, 1.0067E+01, 1.3333E+00,
19:11:31.95329034, 1.0000E-01, 1.0133E+01, 1.8667E+00,
19:11:31.95329039, 1.0000E-01, 9.9333E+00, 1.7333E+00,
19:11:31.95329044, 3.3333E-02, 9.9333E+00, 1.7333E+00,
19:11:31.95329049, 1.0000E-01, 1.0000E+01, 1.6000E+00,
19:11:31.95329054, 3.3333E-02, 1.0000E+01, 1.3333E+00,
19:11:31.95329059, 6.6667E-02, 1.0000E+01, 1.3333E+00,
19:11:31.95329064, 3.3333E-02, 1.0000E+01, 1.3333E+00,
19:11:31.95329069, 3.3333E-02, 1.0067E+01, 1.2000E+00,
19:11:31.95329074, 3.3333E-02, 1.0067E+01, 1.4667E+00,
19:11:31.95329079, 6.6667E-02, 1.0067E+01, 1.3333E+00,
19:11:31.95329084, 1.0000E-01, 1.0067E+01, 1.4667E+00,
19:11:31.95329089, 3.3333E-02, 1.0067E+01, 1.7333E+00,
19:11:31.95329094, 6.6667E-02, 1.0000E+01, 1.4667E+00,
19:11:31.95329099,-3.3333E-02, 1.0133E+01, 1.3333E+00,
19:11:31.95329104, 1.0000E-01, 1.0000E+01, 1.4667E+00,
19:11:31.95329109, 3.3333E-02, 9.9333E+00, 1.6000E+00,
19:11:31.95329114, 0.0000E+00, 1.0067E+01, 1.4667E+00,
19:11:31.95329119, 0.0000E+00, 9.9333E+00, 1.3333E+00,
19:11:31.95329124, 1.3333E-01, 9.9333E+00, 1.6000E+00,
19:11:31.95329129, 3.3333E-02, 1.0067E+01, 1.4667E+00,
19:11:31.95329134, 3.3333E-02, 1.0067E+01, 1.4667E+00,
19:11:31.95329139, 3.3333E-02, 1.0067E+01, 1.7333E+00,
19:11:31.95329144, 3.3333E-02, 9.8667E+00, 1.6000E+00,
19:11:31.95329149, 3.3333E-02, 9.9333E+00, 1.6000E+00,
19:11:31.95329154, 3.3333E-02, 1.0067E+01, 1.7333E+00,
19:11:31.95329159, 3.3333E-02, 1.0000E+01, 1.3333E+00,
19:11:31.95329164,-3.3333E-02, 1.0067E+01, 1.7333E+00,
19:11:31.95329169, 1.0000E-01, 1.0000E+01, 1.6000E+00,
19:11:31.95329174, 3.3333E-02, 1.0067E+01, 1.4667E+00,
19:11:31.95329179, 1.0000E-01, 1.0000E+01, 1.6000E+00,
19:11:31.95329184, 0.0000E+00, 1.0067E+01, 1.3333E+00,
19:11:31.95329189, 3.3333E-02, 9.9333E+00, 1.6000E+00,
19:11:31.95329194, 6.6667E-02, 1.0000E+01, 1.4667E+00,
19:11:31.95329199, 0.0000E+00, 1.0000E+01, 1.4667E+00,
19:11:31.95329204, 0.0000E+00, 9.9333E+00, 1.4667E+00,
19:11:31.95329209,-3.3333E-02, 9.9333E+00, 1.4667E+00,
19:11:31.95329214, 6.6667E-02, 1.0000E+01, 1.6000E+00,
19:11:31.95329219, 6.6667E-02, 1.0133E+01, 1.4667E+00,
19:11:31.95329224, 3.3333E-02, 9.9333E+00, 1.6000E+00,
19:11:31.95329229, 0.0000E+00, 1.0067E+01, 1.6000E+00,
19:11:31.95329234, 1.0000E-01, 1.0000E+01, 1.6000E+00,
19:11:31.95329239, 6.6667E-02, 1.0000E+01, 1.3333E+00,
19:11:31.95329244, 0.0000E+00, 9.9333E+00, 1.2000E+00,
19:11:31.95329249, 1.0000E-01, 1.0000E+01, 1.6000E+00,
19:11:31.95329254,-6.6667E-02, 1.0067E+01, 1.3333E+00,
19:11:31.95329259, 3.3333E-02, 1.0000E+01, 1.6000E+00,
19:11:31.95329264, 1.0000E-01, 1.0067E+01, 1.2000E+00,
19:11:31.95329269, 3.3333E-02, 1.0067E+01, 1.2000E+00,
19:11:31.95329274, 3.3333E-02, 9.9333E+00, 1.4667E+00,
19:11:31.95329279, 6.6667E-02, 1.0067E+01, 1.7333E+00,
19:11:31.95329284, 6.6667E-02, 1.0067E+01, 1.4667E+00,
19:11:31.95329289, 3.3333E-02, 9.9333E+00, 1.7333E+00,
19:11:31.95329294, 1.3333E-01, 1.0133E+01, 1.6000E+00,
19:11:31.95329299, 3.3333E-02, 9.9333E+00, 1.7333E+00,
19:11:31.95329304, 6.6667E-02, 1.0000E+01, 1.4667E+00,
19:11:31.95329309, 6.6667E-02, 9.9333E+00, 1.4667E+00,
19:11:31.95329314, 3.3333E-02, 1.0067E+01, 1.3333E+00,
19:11:31.95329319, 6.6667E-02, 9.9333E+00, 1.6000E+00,
19:11:31.95329324,-3.3333E-02, 9.9333E+00, 1.3333E+00,
19:11:31.95329329, 0.0000E+00, 9.9333E+00, 1.6000E+00,
19:11:31.95329334,-3.3333E-02, 9.9333E+00, 1.4667E+00,
19:11:31.95329339, 3.3333E-02, 9.9333E+00, 1.4667E+00,
19:11:31.95329344, 3.3333E-02, 9.9333E+00, 1.2000E+00,
19:11:31.95329349,-3.3333E-02, 9.9333E+00, 1.6000E+00,
19:11:31.95329354, 0.0000E+00, 9.9333E+00, 1.2000E+00,
19:11:31.95329359, 1.0000E-01, 1.0133E+01, 1.3333E+00,
19:11:31.95329364, 3.3333E-02, 1.0133E+01, 1.4667E+00,
19:11:31.95329369, 0.0000E+00, 9.9333E+00, 1.3333E+00,
19:11:31.95329374, 3.3333E-02, 1.0000E+01, 1.3333E+00,
19:11:31.95329379, 6.6667E-02, 1.0000E+01, 1.3333E+00,
19:11:31.95329384, 0.0000E+00, 1.0000E+01, 1.6000E+00,
19:11:31.95329389, 3.3333E-02, 9.9333E+00, 1.4667E+00,
19:11:31.95329394, 3.3333E-02, 1.0000E+01, 1.4667E+00,
19:11:31.95329399, 3.3333E-02, 1.0067E+01, 1.4667E+00,
19:11:31.95329404,-3.3333E-02, 1.0000E+01, 1.2000E+00,
19:11:31.95329409, 3.3333E-02, 1.0000E+01, 1.6000E+00,
19:11:31.95329414,-3.3333E-02, 1.0000E+01, 1.6000E+00,
19:11:31.95329419, 1.0000E-01, 1.0000E+01, 1.6000E+00,
19:11:31.95329424, 3.3333E-02, 1.0000E+01, 1.3333E+00,
19:11:31.95329429, 6.6667E-02, 9.9333E+00, 1.4667E+00,
19:11:31.95329434, 6.6667E-02, 9.9333E+00, 1.4667E+00,
19:11:31.95329439, 6.6667E-02, 9.9333E+00, 1.7333E+00,
19:11:31.95329444, 3.3333E-02, 1.0067E+01, 1.4667E+00,
19:11:31.95329449, 3.3333E-02, 9.9333E+00, 1.6000E+00,
19:11:31.95329454, 0.0000E+00, 9.9333E+00, 1.6000E+00,
19:11:31.95329459, 3.3333E-02, 9.9333E+00, 1.4667E+00,
19:11:31.95329464, 1.0000E-01, 1.0067E+01, 1.4667E+00,
19:11:31.95329469, 3.3333E-02, 9.9333E+00, 1.6000E+00,
19:11:31.95329474, 0.0000E+00, 9.9333E+00, 1.4667E+00,
19:11:31.95329479, 1.3333E-01, 1.0000E+01, 1.7333E+00,
19:11:31.95329484, 0.0000E+00, 1.0000E+01, 1.6000E+00,
19:11:31.95329489,-3.3333E-02, 1.0000E+01, 1.7333E+00,
19:11:31.95329494, 0.0000E+00, 1.0067E+01, 1.4667E+00,
19:11:31.95329499, 0.0000E+00, 1.0067E+01, 1.4667E+00,
19:11:31.95329504, 6.6667E-02, 1.0067E+01, 1.2000E+00,
19:11:31.95329509, 0.0000E+00, 1.0133E+01, 1.2000E+00,
19:11:31.95329514, 6.6667E-02, 9.9333E+00, 1.4667E+00,
19:11:31.95329519, 3.3333E-02, 1.0000E+01, 1.4667E+00,
19:11:31.95329524, 6.6667E-02, 1.0067E+01, 1.3333E+00,
19:11:31.95329529, 3.3333E-02, 1.0067E+01, 1.0667E+00,
19:11:31.95329534, 1.3333E-01, 1.0000E+01, 1.4667E+00,
19:11:31.95329539, 3.3333E-02, 1.0000E+01, 1.6000E+00,
19:11:31.95329544, 0.0000E+00, 1.0000E+01, 1.3333E+00,
19:11:31.95329549, 3.3333E-02, 1.0000E+01, 1.4667E+00,
19:11:31.95329554, 3.3333E-02, 1.0000E+01, 1.6000E+00,
19:11:31.95329559, 1.0000E-01, 9.9333E+00, 1.2000E+00,
19:11:31.95329564, 1.3333E-01, 1.0067E+01, 1.7333E+00,
19:11:31.95329569, 0.0000E+00, 9.9333E+00, 1.4667E+00,
19:11:31.95329574, 3.3333E-02, 9.9333E+00, 1.2000E+00,
19:11:31.95329579, 1.3333E-01, 9.9333E+00, 1.4667E+00,
19:11:31.95329584, 0.0000E+00, 1.0000E+01, 1.4667E+00,
19:11:31.95329589, 6.6667E-02, 1.0067E+01, 1.3333E+00,
19:11:31.95329594, 0.0000E+00, 9.9333E+00, 1.3333E+00,
19:11:31.95329599, 0.0000E+00, 1.0000E+01, 1.7333E+00,
19:11:31.95329604, 0.0000E+00, 1.0000E+01, 1.3333E+00,
19:11:31.95329609, 6.6667E-02, 1.0000E+01, 1.7333E+00,
19:11:31.95329614,-3.3333E-02, 1.0067E+01, 1.3333E+00,
19:11:31.95329619, 1.0000E-01, 1.0133E+01, 1.4667E+00,
19:11:31.95329624, 3.3333E-02, 1.0000E+01, 1.7333E+00,
19:11:31.95329629, 6.6667E-02, 1.0000E+01, 1.4667E+00,
19:11:31.95329634, 3.3333E-02, 1.0067E+01, 1.8667E+00,
19:11:31.95329639, 6.6667E-02, 9.9333E+00, 1.3333E+00,
19:11:31.95329644, 6.6667E-02, 1.0000E+01, 1.7333E+00,
19:11:31.95329649,-3.3333E-02, 9.9333E+00, 1.0667E+00,
19:11:31.95329654, 1.0000E-01, 1.0067E+01, 1.3333E+00,
19:11:31.95329659, 1.0000E-01, 1.0133E+01, 1.7333E+00,
19:11:31.95329664, 6.6667E-02, 9.9333E+00, 1.4667E+00,
19:11:31.95329669, 3.3333E-02, 1.0000E+01, 1.4667E+00,
19:11:31.95329674, 3.3333E-02, 1.0000E+01, 1.3333E+00,
19:11:31.95329679, 6.6667E-02, 1.0000E+01, 1.4667E+00,
19:11:31.95329684, 0.0000E+00, 1.0067E+01, 1.4667E+00,
19:11:31.95329689, 0.0000E+00, 1.0000E+01, 1.7333E+00,
19:11:31.95329694, 6.6667E-02, 9.9333E+00, 1.4667E+00,
19:11:31.95329699, 0.0000E+00, 1.0000E+01, 1.4667E+00,
19:11:31.95329704, 3.3333E-02, 9.9333E+00, 1.4667E+00,
19:11:31.95329709, 3.3333E-02, 1.0000E+01, 1.3333E+00,
19:11:31.95329714, 0.0000E+00, 9.9333E+00, 1.3333E+00,
19:11:31.95329719, 3.3333E-02, 1.0067E+01, 1.7333E+00,
19:11:31.95329724, 3.3333E-02, 9.9333E+00, 1.3333E+00,
19:11:31.95329729, 6.6667E-02, 1.0000E+01, 1.4667E+00,
19:11:31.95329734,-3.3333E-02, 9.9333E+00, 1.6000E+00,
19:11:31.95329739, 3.3333E-02, 9.9333E+00, 1.4667E+00,
19:11:31.95329744,-3.3333E-02, 9.9333E+00, 1.3333E+00,
19:11:31.95329749, 0.0000E+00, 9.9333E+00, 1.3333E+00,
19:11:31.95329754, 6.6667E-02, 9.9333E+00, 1.3333E+00,
19:11:31.95329759, 1.0000E-01, 9.9333E+00, 1.6000E+00,
19:11:31.95329764, 0.0000E+00, 1.0067E+01, 1.7333E+00,
19:11:31.95329769, 3.3333E-02, 9.9333E+00, 1.3333E+00,
19:11:31.95329774,-3.3333E-02, 1.0067E+01, 1.4667E+00,
19:11:31.95329779, 3.3333E-02, 9.9333E+00, 1.8667E+00,
19:11:31.95329784, 0.0000E+00, 9.9333E+00, 1.2000E+00,
19:11:31.95329789, 3.3333E-02, 9.9333E+00, 1.2000E+00,
19:11:31.95329794, 6.6667E-02, 9.9333E+00, 1.3333E+00,
19:11:31.95329799, 3.3333E-02, 1.0000E+01, 1.4667E+00,
19:11:31.95329804, 1.3333E-01, 1.0000E+01, 1.6000E+00,
19:11:31.95329809, 0.0000E+00, 1.0000E+01, 1.4667E+00,
19:11:31.95329814, 3.3333E-02, 9.9333E+00, 1.6000E+00,
19:11:31.95329819, 3.3333E-02, 1.0133E+01, 1.7333E+00,
19:11:31.95329824, 3.3333E-02, 9.9333E+00, 1.6000E+00,
19:11:31.95329829, 3.3333E-02, 1.0000E+01, 1.7333E+00,
19:11:31.95329834,-3.3333E-02, 1.0067E+01, 1.3333E+00,
19:11:31.95329839, 3.3333E-02, 1.0000E+01, 1.3333E+00,
19:11:31.95329844, 0.0000E+00, 1.0000E+01, 1.3333E+00,
19:11:31.95329849,-6.6667E-02, 9.8667E+00, 1.6000E+00,
19:11:31.95329854, 3.3333E-02, 9.9333E+00, 1.6000E+00,
19:11:31.95329859, 6.6667E-02, 1.0133E+01, 1.4667E+00,
19:11:31.95329864, 3.3333E-02, 1.0067E+01, 1.4667E+00,
19:11:31.95329869, 3.3333E-02, 9.9333E+00, 1.8667E+00,
19:11:31.95329874, 0.0000E+00, 9.9333E+00, 1.7333E+00,
19:11:31.95329879, 3.3333E-02, 1.0067E+01, 1.2000E+00,
19:11:31.95329884, 3.3333E-02, 1.0133E+01, 1.6000E+00,
19:11:31.95329889, 0.0000E+00, 1.0000E+01, 1.3333E+00,
19:11:31.95329894, 6.6667E-02, 1.0067E+01, 1.6000E+00,
19:11:31.95329899,-6.6667E-02, 1.0000E+01, 1.6000E+00,
19:11:31.95329904, 3.3333E-02, 1.0067E+01, 1.4667E+00,
19:11:31.95329909, 6.6667E-02, 1.0067E+01, 1.4667E+00,
19:11:31.95329914, 6.6667E-02, 1.0067E+01, 1.6000E+00,
19:11:31.95329919, 0.0000E+00, 1.0000E+01, 1.4667E+00,
19:11:31.95329924, 1.0000E-01, 9.9333E+00, 1.4667E+00,
19:11:31.95329929,-1.3333E-01, 1.0000E+01, 1.7333E+00,
19:11:31.95329934, 6.6667E-02, 1.0000E+01, 1.7333E+00,
19:11:31.95329939,-3.3333E-02, 1.0067E+01, 1.3333E+00,
19:11:31.95329944, 6.6667E-02, 1.0000E+01, 1.3333E+00,
19:11:31.95329949, 0.0000E+00, 1.0000E+01, 1.4667E+00,
19:11:31.95329954, 1.0000E-01, 1.0000E+01, 1.3333E+00,
19:11:31.95329959, 3.3333E-02, 1.0000E+01, 1.2000E+00,
19:11:31.95329964, 6.6667E-02, 1.0000E+01, 1.4667E+00,
19:11:31.95329969, 3.3333E-02, 1.0000E+01, 1.3333E+00,
19:11:31.95329974, 0.0000E+00, 1.0000E+01, 1.7333E+00,
19:11:31.95329979, 0.0000E+00, 9.9333E+00, 1.2000E+00,
19:11:31.95329984, 6.6667E-02, 9.9333E+00, 1.4667E+00,
19:11:31.95329989,-3.3333E-02, 1.0067E+01, 1.3333E+00,
19:11:31.95329994,-3.3333E-02, 9.9333E+00, 1.7333E+00,
19:11:31.95329999, 0.0000E+00, 9.9333E+00, 1.3333E+00,
19:11:31.95330004, 0.0000E+00, 1.0067E+01, 1.3333E+00,
19:11:31.95330009, 0.0000E+00, 1.0067E+01, 1.6000E+00,
19:11:31.95330014, 0.0000E+00, 1.0067E+01, 1.3333E+00,
19:11:31.95330019, 3.3333E-02, 1.0067E+01, 1.4667E+00,
19:11:31.95330024, 3.3333E-02, 9.9333E+00, 1.4667E+00,
19:11:31.95330029, 6.6667E-02, 9.9333E+00, 1.6000E+00,
19:11:31.95330034, 6.6667E-02, 1.0133E+01, 1.3333E+00,
19:11:31.95330039, 6.6667E-02, 9.9333E+00, 1.3333E+00,
19:11:31.95330044, 0.0000E+00, 1.0133E+01, 1.4667E+00,
19:11:31.95330049, 0.0000E+00, 1.0067E+01, 1.4667E+00,
19:11:31.95330054, 6.6667E-02, 1.0000E+01, 1.3333E+00,
19:11:31.95330059, 6.6667E-02, 9.9333E+00, 1.7333E+00,
19:11:31.95330064, 3.3333E-02, 1.0000E+01, 1.2000E+00,
19:11:31.95330069, 0.0000E+00, 1.0133E+01, 1.3333E+00,
19:11:31.95330074,-3.3333E-02, 1.0067E+01, 1.3333E+00,
19:11:31.95330079, 3.3333E-02, 1.0067E+01, 1.4667E+00,
19:11:31.95330084, 0.0000E+00, 1.0000E+01, 1.7333E+00,
19:11:31.95330089,-3.3333E-02, 1.0067E+01, 1.3333E+00,
19:11:31.95330094, 1.0000E-01, 9.9333E+00, 1.3333E+00,
19:11:31.95330099, 0.0000E+00, 1.0067E+01, 1.6000E+00,
19:11:31.95330104,-6.6667E-02, 1.0067E+01, 1.7333E+00,
19:11:31.95330109,-3.3333E-02, 1.0000E+01, 1.6000E+00,
19:11:31.95330114, 0.0000E+00, 1.0067E+01, 1.3333E+00,
19:11:31.95330119, 3.3333E-02, 1.0133E+01, 1.7333E+00,
19:11:31.95330124, 3.3333E-02, 1.0067E+01, 1.3333E+00,
19:11:31.95330129, 3.3333E-02, 9.9333E+00, 1.6000E+00,
19:11:31.95330134, 1.3333E-01, 9.9333E+00, 1.2000E+00,
19:11:31.95330139, 0.0000E+00, 1.0000E+01, 1.3333E+00,
19:11:31.95330144, 3.3333E-02, 1.0067E+01, 1.3333E+00,
19:11:31.95330149, 0.0000E+00, 1.0133E+01, 1.3333E+00,
19:11:31.95330154, 1.0000E-01, 1.0067E+01, 1.3333E+00,
19:11:31.95330159, 3.3333E-02, 1.0000E+01, 1.6000E+00,
19:11:31.95330164, 6.6667E-02, 1.0067E+01, 1.4667E+00,
19:11:31.95330169, 0.0000E+00, 9.9333E+00, 1.6000E+00,
19:11:31.95330174, 0.0000E+00, 1.0000E+01, 1.3333E+00,
19:11:31.95330179, 3.3333E-02, 9.9333E+00, 1.7333E+00,
19:11:31.95330184, 0.0000E+00, 1.0000E+01, 1.4667E+00,
19:11:31.95330189, 6.6667E-02, 1.0000E+01, 1.4667E+00,
19:11:31.95330194, 6.6667E-02, 9.9333E+00, 1.4667E+00,
19:11:31.95330199, 1.0000E-01, 9.9333E+00, 1.8667E+00,
19:11:31.95330204, 3.3333E-02, 1.0067E+01, 1.3333E+00,
19:11:31.95330209, 0.0000E+00, 9.9333E+00, 1.7333E+00,
19:11:31.95330214, 3.3333E-02, 1.0000E+01, 1.7333E+00,
19:11:31.95330219, 0.0000E+00, 9.9333E+00, 1.7333E+00,
19:11:31.95330224,-3.3333E-02, 9.9333E+00, 1.4667E+00,
19:11:31.95330229, 3.3333E-02, 1.0000E+01, 1.3333E+00,
19:11:31.95330234, 1.0000E-01, 9.9333E+00, 1.3333E+00,
19:11:31.95330239, 3.3333E-02, 9.9333E+00, 1.6000E+00,
19:11:31.95330244, 6.6667E-02, 1.0067E+01, 1.3333E+00,
19:11:31.95330249, 3.3333E-02, 9.9333E+00, 1.6000E+00,
19:11:31.95330254, 6.6667E-02, 1.0067E+01, 1.6000E+00,
19:11:31.95330259,-3.3333E-02, 1.0133E+01, 1.6000E+00,
19:11:31.95330264,-6.6667E-02, 1.0000E+01, 1.4667E+00,
19:11:31.95330269,-3.3333E-02, 1.0133E+01, 1.2000E+00,
19:11:31.95330274, 3.3333E-02, 9.9333E+00, 1.2000E+00,
19:11:31.95330279, 0.0000E+00, 1.0000E+01, 1.4667E+00,
19:11:31.95330284, 0.0000E+00, 1.0067E+01, 1.6000E+00,
19:11:31.95330289, 0.0000E+00, 1.0067E+01, 1.7333E+00,
19:11:31.95330294, 3.3333E-02, 1.0000E+01, 1.6000E+00,
19:11:31.95330299, 3.3333E-02, 9.9333E+00, 1.3333E+00,
19:11:31.95330304, 0.0000E+00, 1.0067E+01, 1.6000E+00,
19:11:31.95330309,-3.3333E-02, 1.0067E+01, 1.6000E+00,
19:11:31.95330314, 0.0000E+00, 1.0067E+01, 1.6000E+00,
19:11:31.95330319, 0.0000E+00, 9.9333E+00, 1.4667E+00,
19:11:31.95330324, 3.3333E-02, 9.9333E+00, 1.7333E+00,
19:11:31.95330329, 3.3333E-02, 9.9333E+00, 1.4667E+00,
19:11:31.95330334, 0.0000E+00, 1.0200E+01, 1.6000E+00,
19:11:31.95330339, 3.3333E-02, 1.0000E+01, 1.4667E+00,
19:11:31.95330344, 6.6667E-02, 1.0000E+01, 1.7333E+00,
19:11:31.95330349, 3.3333E-02, 1.0000E+01, 1.4667E+00,
19:11:31.95330354, 0.0000E+00, 1.0000E+01, 1.7333E+00,
19:11:31.95330359, 6.6667E-02, 1.0067E+01, 1.6000E+00,
19:11:31.95330364, 0.0000E+00, 9.9333E+00, 1.4667E+00,
19:11:31.95330369, 1.0000E-01, 1.0000E+01, 1.2000E+00,
19:11:31.95330374, 6.6667E-02, 9.9333E+00, 1.6000E+00,
19:11:31.95330379, 0.0000E+00, 9.9333E+00, 1.6000E+00,
19:11:31.95330384, 3.3333E-02, 1.0000E+01, 1.7333E+00,
19:11:31.95330389, 1.0000E-01, 1.0067E+01, 1.6000E+00,
19:11:31.95330394, 6.6667E-02, 1.0267E+01, 1.3333E+00,
19:11:31.95330399, 0.0000E+00, 1.0133E+01, 1.7333E+00,
19:11:31.95330404, 1.0000E-01, 9.9333E+00, 1.6000E+00,
19:11:31.95330409, 3.3333E-02, 1.0067E+01, 1.4667E+00,
19:11:31.95330414,-3.3333E-02, 9.9333E+00, 1.6000E+00,
19:11:31.95330419, 6.6667E-02, 1.0000E+01, 1.6000E+00,
19:11:31.95330424, 0.0000E+00, 9.9333E+00, 1.7333E+00,
19:11:31.95330429, 0.0000E+00, 9.9333E+00, 1.2000E+00,
19:11:31.95330434, 6.6667E-02, 9.9333E+00, 1.3333E+00,
19:11:31.95330439, 1.3333E-01, 1.0133E+01, 1.4667E+00,
19:11:31.95330444, 3.3333E-02, 1.0133E+01, 1.3333E+00,
19:11:31.95330449, 0.0000E+00, 1.0067E+01, 1.2000E+00,
19:11:31.95330454,-3.3333E-02, 9.9333E+00, 1.6000E+00,
19:11:31.95330459, 3.3333E-02, 1.0000E+01, 1.3333E+00,
19:11:31.95330464, 0.0000E+00, 9.9333E+00, 1.2000E+00,
19:11:31.95330469, 3.3333E-02, 1.0000E+01, 1.6000E+00,
19:11:31.95330474, 0.0000E+00, 1.0200E+01, 1.4667E+00,
19:11:31.95330479,-3.3333E-02, 9.9333E+00, 1.4667E+00,
19:11:31.95330484, 6.6667E-02, 9.9333E+00, 1.0667E+00,
19:11:31.95330489, 3.3333E-02, 1.0067E+01, 1.3333E+00,
19:11:31.95330494, 0.0000E+00, 1.0200E+01, 1.3333E+00,
19:11:31.95330499, 0.0000E+00, 1.0133E+01, 1.3333E+00,
19:11:31.95330504, 3.3333E-02, 1.0067E+01, 1.6000E+00,
19:11:31.95330509, 0.0000E+00, 1.0067E+01, 1.6000E+00,
19:11:31.95330514, 3.3333E-02, 1.0067E+01, 1.3333E+00,
19:11:31.95330519, 1.3333E-01, 1.0000E+01, 1.0667E+00,
19:11:31.95330524, 3.3333E-02, 1.0133E+01, 1.4667E+00,
19:11:31.95330529, 6.6667E-02, 1.0000E+01, 1.7333E+00,
19:11:31.95330534, 0.0000E+00, 1.0000E+01, 1.4667E+00,
19:11:31.95330539,-3.3333E-02, 9.9333E+00, 1.7333E+00,
19:11:31.95330544, 0.0000E+00, 1.0000E+01, 1.6000E+00,
19:11:31.95330549, 0.0000E+00, 1.0000E+01, 1.3333E+00,
19:11:31.95330554,-3.3333E-02, 9.9333E+00, 1.4667E+00,
19:11:31.95330559, 0.0000E+00, 1.0000E+01, 1.4667E+00,
19:11:31.95330564, 3.3333E-02, 1.0000E+01, 1.3333E+00,
19:11:31.95330569, 0.0000E+00, 9.9333E+00, 1.4667E+00,
19:11:31.95330574, 0.0000E+00, 1.0000E+01, 1.2000E+00,
19:11:31.95330579, 0.0000E+00, 9.9333E+00, 1.4667E+00,
19:11:31.95330584,-3.3333E-02, 9.9333E+00, 1.3333E+00,
19:11:31.95330589, 1.0000E-01, 1.0067E+01, 1.4667E+00,
19:11:31.95330594, 0.0000E+00, 1.0000E+01, 1.4667E+00,
19:11:31.95330599,-3.3333E-02, 1.0067E+01, 1.7333E+00,
19:11:31.95330604, 3.3333E-02, 1.0000E+01, 1.3333E+00,
19:11:31.95330609, 3.3333E-02, 1.0000E+01, 1.7333E+00,
19:11:31.95330614, 0.0000E+00, 1.0067E+01, 1.6000E+00,
19:11:31.95330619, 3.3333E-02, 1.0000E+01, 1.6000E+00,
19:11:31.95330624, 6.6667E-02, 1.0000E+01, 1.6000E+00,
19:11:31.95330629, 0.0000E+00, 1.0133E+01, 1.3333E+00,
19:11:31.95330634, 3.3333E-02, 1.0133E+01, 1.4667E+00,
19:11:31.95330639, 6.6667E-02, 1.0000E+01, 1.7333E+00,
19:11:31.95330644, 0.0000E+00, 1.0067E+01, 1.3333E+00,
19:11:31.95330649, 0.0000E+00, 9.9333E+00, 1.4667E+00,
19:11:31.95330654, 0.0000E+00, 9.9333E+00, 1.4667E+00,
19:11:31.95330659, 0.0000E+00, 9.9333E+00, 1.2000E+00,
19:11:31.95330664, 6.6667E-02, 9.9333E+00, 1.2000E+00,
19:11:31.95330669, 6.6667E-02, 1.0000E+01, 1.4667E+00,
19:11:31.95330674, 6.6667E-02, 1.0067E+01, 1.6000E+00,
19:11:31.95330679, 0.0000E+00, 1.0000E+01, 1.2000E+00,
19:11:31.95330684, 6.6667E-02, 1.0000E+01, 1.2000E+00,
19:11:31.95330689,-3.3333E-02, 9.9333E+00, 1.0667E+00,
19:11:31.95330694,-3.3333E-02, 1.0133E+01, 1.7333E+00,
19:11:31.95330699,-6.6667E-02, 9.9333E+00, 1.6000E+00,
19:11:31.95330704,-3.3333E-02, 1.0067E+01, 1.6000E+00,
19:11:31.95330709, 0.0000E+00, 1.0067E+01, 1.2000E+00,
19:11:31.95330714, 6.6667E-02, 1.0067E+01, 1.4667E+00,
19:11:31.95330719,-3.3333E-02, 9.9333E+00, 1.3333E+00,
19:11:31.95330724, 6.6667E-02, 1.0000E+01, 1.2000E+00,
19:11:31.95330729, 3.3333E-02, 1.0067E+01, 1.3333E+00,
19:11:31.95330734, 0.0000E+00, 9.9333E+00, 1.6000E+00,
19:11:31.95330739, 3.3333E-02, 1.0067E+01, 1.4667E+00,
19:11:31.95330744, 3.3333E-02, 1.0133E+01, 1.6000E+00,
19:11:31.95330749,-3.3333E-02, 1.0000E+01, 1.7333E+00,
19:11:31.95330754, 0.0000E+00, 9.9333E+00, 1.3333E+00,
19:11:31.95330759, 3.3333E-02, 1.0067E+01, 1.4667E+00,
19:11:31.95330764, 1.0000E-01, 1.0000E+01, 1.4667E+00,
19:11:31.95330769,-3.3333E-02, 1.0067E+01, 1.3333E+00,
19:11:31.95330774, 1.0000E-01, 1.0133E+01, 1.4667E+00,
19:11:31.95330779, 6.6667E-02, 1.0067E+01, 1.3333E+00,
19:11:31.95330784, 6.6667E-02, 1.0067E+01, 1.4667E+00,
19:11:31.95330789,-3.3333E-02, 1.0000E+01, 1.3333E+00,
19:11:31.95330794, 0.0000E+00, 1.0000E+01, 1.6000E+00,
19:11:31.95330799, 0.0000E+00, 1.0067E+01, 1.2000E+00,
19:11:31.95330804, 0.0000E+00, 9.9333E+00, 1.4667E+00,
19:11:31.95330809,-3.3333E-02, 1.0133E+01, 1.6000E+00,
19:11:31.95330814, 0.0000E+00, 9.9333E+00, 1.6000E+00,
19:11:31.95330819, 0.0000E+00, 1.0067E+01, 1.3333E+00,
19:11:31.95330824,-3.3333E-02, 9.9333E+00, 1.3333E+00,
19:11:31.95330829, 3.3333E-02, 1.0200E+01, 1.7333E+00,
19:11:31.95330834,-3.3333E-02, 9.9333E+00, 1.3333E+00,
19:11:31.95330839, 0.0000E+00, 1.0133E+01, 1.6000E+00,
19:11:31.95330844, 0.0000E+00, 1.0000E+01, 1.3333E+00,
19:11:31.95330849, 0.0000E+00, 1.0067E+01, 1.4667E+00,
19:11:31.95330854, 6.6667E-02, 1.0000E+01, 1.7333E+00,
19:11:31.95330859, 0.0000E+00, 1.0000E+01, 1.4667E+00,
19:11:31.95330864, 1.0000E-01, 1.0067E+01, 1.4667E+00,
19:11:31.95330869, 1.0000E-01, 9.9333E+00, 1.3333E+00,
19:11:31.95330874, 6.6667E-02, 1.0067E+01, 1.2000E+00,
19:11:31.95330879, 0.0000E+00, 9.9333E+00, 1.3333E+00,
19:11:31.95330884, 0.0000E+00, 1.0133E+01, 1.6000E+00,
19:11:31.95330889,-3.3333E-02, 1.0067E+01, 1.6000E+00,
19:11:31.95330894, 6.6667E-02, 9.9333E+00, 1.6000E+00,
19:11:31.95330899, 6.6667E-02, 9.9333E+00, 1.4667E+00,
19:11:31.95330904, 0.0000E+00, 9.9333E+00, 1.2000E+00,
19:11:31.95330909, 0.0000E+00, 9.9333E+00, 1.2000E+00,
19:11:31.95330914, 3.3333E-02, 9.9333E+00, 1.4667E+00,
19:11:31.95330919, 0.0000E+00, 1.0067E+01, 1.6000E+00,
19:11:31.95330924, 0.0000E+00, 1.0067E+01, 1.3333E+00,
19:11:31.95330929,-3.3333E-02, 1.0000E+01, 1.4667E+00,
19:11:31.95330934, 0.0000E+00, 1.0000E+01, 1.4667E+00,
19:11:31.95330939, 3.3333E-02, 9.9333E+00, 1.6000E+00,
19:11:31.95330944,-6.6667E-02, 9.8667E+00, 1.3333E+00,
19:11:31.95330949, 0.0000E+00, 1.0000E+01, 1.8667E+00,
19:11:31.95330954, 3.3333E-02, 9.9333E+00, 1.3333E+00,
19:11:31.95330959, 1.0000E-01, 1.0000E+01, 1.3333E+00,
19:11:31.95330964, 0.0000E+00, 1.0000E+01, 1.4667E+00,
19:11:31.95330969, 6.6667E-02, 9.9333E+00, 1.4667E+00,
19:11:31.95330974, 0.0000E+00, 1.0133E+01, 1.6000E+00,
19:11:31.95330979, 3.3333E-02, 1.0000E+01, 1.2000E+00,
19:11:31.95330984, 0.0000E+00, 9.9333E+00, 1.4667E+00,
19:11:31.95330989,-3.3333E-02, 1.0067E+01, 1.6000E+00,
19:11:31.95330994, 3.3333E-02, 1.0000E+01, 1.6000E+00,
19:11:31.95330999, 6.6667E-02, 1.0000E+01, 1.6000E+00,
19:11:31.95331004, 3.3333E-02, 9.9333E+00, 1.6000E+00,
19:11:31.95331009, 3.3333E-02, 1.0067E+01, 1.3333E+00,
19:11:31.95331014, 3.3333E-02, 1.0067E+01, 1.2000E+00,
19:11:31.95331019, 0.0000E+00, 1.0067E+01, 1.2000E+00,
19:11:31.95331024,-3.3333E-02, 1.0067E+01, 1.6000E+00,
19:11:31.95331029, 0.0000E+00, 9.9333E+00, 1.6000E+00,
19:11:31.95331034, 3.3333E-02, 1.0067E+01, 1.7333E+00,
19:11:31.95331039,-3.3333E-02, 1.0000E+01, 1.3333E+00,
19:11:31.95331044, 0.0000E+00, 9.9333E+00, 1.4667E+00,
19:11:31.95331049, 3.3333E-02, 1.0067E+01, 1.4667E+00,
19:11:31.95331054, 6.6667E-02, 1.0000E+01, 1.3333E+00,
19:11:31.95331059, 3.3333E-02, 1.0067E+01, 1.4667E+00,
19:11:31.95331064, 3.3333E-02, 1.0133E+01, 1.6000E+00,
19:11:31.95331069, 0.0000E+00, 9.9333E+00, 1.2000E+00,
19:11:31.95331074, 0.0000E+00, 1.0000E+01, 1.6000E+00,
19:11:31.95331079,-3.3333E-02, 9.9333E+00, 1.6000E+00,
19:11:31.95331084, 6.6667E-02, 9.9333E+00, 1.3333E+00,
19:11:31.95331089, 0.0000E+00, 1.0000E+01, 1.3333E+00,
19:11:31.95331094, 0.0000E+00, 9.9333E+00, 1.6000E+00,
19:11:31.95331099, 1.0000E-01, 9.9333E+00, 1.2000E+00,
19:11:31.95331104, 1.3333E-01, 9.9333E+00, 1.4667E+00,
19:11:31.95331109, 1.0000E-01, 9.9333E+00, 1.7333E+00,
19:11:31.95331114, 3.3333E-02, 1.0000E+01, 1.7333E+00,
19:11:31.95331119, 3.3333E-02, 9.8000E+00, 1.3333E+00,
19:11:31.95331124, 3.3333E-02, 1.0000E+01, 1.6000E+00,
19:11:31.95331129, 0.0000E+00, 1.0000E+01, 1.3333E+00,
19:11:31.95331134, 0.0000E+00, 1.0067E+01, 1.3333E+00,
19:11:31.95331139, 3.3333E-02, 1.0000E+01, 1.8667E+00,
19:11:31.95331144, 3.3333E-02, 1.0067E+01, 1.6000E+00,
19:11:31.95331149, 3.3333E-02, 9.9333E+00, 1.6000E+00,
19:11:31.95331154, 1.0000E-01, 1.0067E+01, 1.0667E+00,
19:11:31.95331159, 3.3333E-02, 9.9333E+00, 1.0667E+00,
19:11:31.95331164,-3.3333E-02, 1.0267E+01, 1.2000E+00,
19:11:31.95331169, 0.0000E+00, 1.0000E+01, 1.4667E+00,
19:11:31.95331174, 0.0000E+00, 1.0067E+01, 1.3333E+00,
19:11:31.95331179, 6.6667E-02, 1.0000E+01, 1.8667E+00,
19:11:31.95331184, 0.0000E+00, 1.0200E+01, 1.2000E+00,
19:11:31.95331189, 1.0000E-01, 1.0000E+01, 1.6000E+00,
19:11:31.95331194, 6.6667E-02, 9.9333E+00, 1.6000E+00,
19:11:31.95331199, 3.3333E-02, 9.9333E+00, 1.3333E+00,
19:11:31.95331204, 3.3333E-02, 1.0000E+01, 1.2000E+00,
19:11:31.95331209, 3.3333E-02, 9.9333E+00, 1.6000E+00,
19:11:31.95331214,-3.3333E-02, 9.9333E+00, 1.0667E+00,
19:11:31.95331219, 0.0000E+00, 1.0000E+01, 1.7333E+00,
19:11:31.95331224, 3.3333E-02, 1.0000E+01, 1.3333E+00,
19:11:31.95331229,-6.6667E-02, 1.0067E+01, 1.6000E+00,
19:11:31.95331234, 6.6667E-02, 9.9333E+00, 1.4667E+00,
19:11:31.95331239, 3.3333E-02, 9.9333E+00, 1.4667E+00,
19:11:31.95331244, 3.3333E-02, 1.0000E+01, 1.3333E+00,
19:11:31.95331249, 6.6667E-02, 1.0000E+01, 1.4667E+00,
19:11:31.95331254, 6.6667E-02, 9.9333E+00, 1.3333E+00,
19:11:31.95331259, 0.0000E+00, 1.0000E+01, 1.3333E+00,
19:11:31.95331264, 1.0000E-01, 9.8667E+00, 1.2000E+00,
19:11:31.95331269, 3.3333E-02, 1.0000E+01, 1.4667E+00,
19:11:31.95331274, 0.0000E+00, 1.0000E+01, 1.4667E+00,
19:11:31.95331279, 0.0000E+00, 1.0000E+01, 1.4667E+00,
19:11:31.95331284, 6.6667E-02, 1.0067E+01, 1.6000E+00,
19:11:31.95331289, 1.0000E-01, 9.9333E+00, 1.7333E+00,
19:11:31.95331294, 6.6667E-02, 1.0000E+01, 1.7333E+00,
19:11:31.95331299, 0.0000E+00, 9.9333E+00, 1.7333E+00,
19:11:31.95331304, 3.3333E-02, 1.0067E+01, 1.0667E+00,
19:11:31.95331309, 3.3333E-02, 1.0000E+01, 1.4667E+00,
19:11:31.95331314, 0.0000E+00, 9.9333E+00, 1.3333E+00,
19:11:31.95331319, 1.0000E-01, 1.0000E+01, 1.3333E+00,
19:11:31.95331324, 0.0000E+00, 1.0000E+01, 1.4667E+00,
19:11:31.95331329, 0.0000E+00, 9.9333E+00, 1.4667E+00,
19:11:31.95331334, 3.3333E-02, 9.9333E+00, 1.4667E+00,
19:11:31.95331339, 3.3333E-02, 9.9333E+00, 1.8667E+00,
19:11:31.95331344, 6.6667E-02, 9.9333E+00, 1.6000E+00,
19:11:31.95331349, 0.0000E+00, 1.0067E+01, 1.6000E+00,
19:11:31.95331354, 6.6667E-02, 1.0000E+01, 1.7333E+00,
19:11:31.95331359,-3.3333E-02, 1.0000E+01, 1.7333E+00,
19:11:31.95331364,-3.3333E-02, 1.0067E+01, 1.7333E+00,
19:11:31.95331369, 0.0000E+00, 1.0000E+01, 1.4667E+00,
19:11:31.95331374, 0.0000E+00, 1.0133E+01, 1.3333E+00,
19:11:31.95331379, 0.0000E+00, 1.0067E+01, 1.4667E+00,
19:11:31.95331384,-3.3333E-02, 1.0000E+01, 1.4667E+00,
19:11:31.95331389, 6.6667E-02, 1.0067E+01, 1.4667E+00,
19:11:31.95331394, 0.0000E+00, 9.9333E+00, 1.4667E+00,
19:11:31.95331399, 3.3333E-02, 1.0067E+01, 1.6000E+00,
19:11:31.95331404, 6.6667E-02, 1.0000E+01, 1.2000E+00,
19:11:31.95331409, 3.3333E-02, 1.0000E+01, 1.3333E+00,
19:11:31.95331414,-3.3333E-02, 1.0067E+01, 1.7333E+00,
19:11:31.95331419, 6.6667E-02, 1.0067E+01, 1.4667E+00,
19:11:31.95331424, 1.0000E-01, 1.0000E+01, 1.6000E+00,
19:11:31.95331429, 0.0000E+00, 9.8667E+00, 1.3333E+00,
19:11:31.95331434, 0.0000E+00, 1.0067E+01, 1.6000E+00,
19:11:31.95331439, 3.3333E-02, 9.9333E+00, 1.3333E+00,
19:11:31.95331444, 3.3333E-02, 1.0000E+01, 1.2000E+00,
19:11:31.95331449, 3.3333E-02, 1.0000E+01, 1.6000E+00,
19:11:31.95331454, 1.0000E-01, 1.0067E+01, 1.2000E+00,
19:11:31.95331459, 0.0000E+00, 1.0000E+01, 1.2000E+00,
19:11:31.95331464, 0.0000E+00, 1.0200E+01, 1.4667E+00,
19:11:31.95331469, 6.6667E-02, 1.0133E+01, 1.6000E+00,
19:11:31.95331474,-1.0000E-01, 9.9333E+00, 1.2000E+00,
19:11:31.95331479, 6.6667E-02, 1.0000E+01, 1.3333E+00,
19:11:31.95331484, 3.3333E-02, 1.0133E+01, 1.6000E+00,
19:11:31.95331489, 1.0000E-01, 9.9333E+00, 1.4667E+00,
19:11:31.95331494, 3.3333E-02, 9.9333E+00, 1.4667E+00,
19:11:31.95331499,-3.3333E-02, 9.9333E+00, 1.3333E+00,
19:11:31.95331504, 3.3333E-02, 1.0067E+01, 1.2000E+00,
19:11:31.95331509, 0.0000E+00, 1.0000E+01, 1.6000E+00,
19:11:31.95331514,-3.3333E-02, 1.0000E+01, 1.6000E+00,
19:11:31.95331519,-3.3333E-02, 1.0000E+01, 1.6000E+00,
19:11:31.95331524, 3.3333E-02, 1.0000E+01, 1.4667E+00,
19:11:31.95331529, 3.3333E-02, 9.9333E+00, 1.6000E+00,
19:11:31.95331534, 0.0000E+00, 9.9333E+00, 1.6000E+00,
19:11:31.95331539, 3.3333E-02, 1.0067E+01, 1.4667E+00,
19:11:31.95331544, 0.0000E+00, 1.0067E+01, 1.2000E+00,
19:11:31.95331549, 0.0000E+00, 1.0000E+01, 1.2000E+00,
19:11:31.95331554, 3.3333E-02, 1.0000E+01, 1.3333E+00,
19:11:31.95331559,-3.3333E-02, 9.9333E+00, 1.7333E+00,
19:11:31.95331564,-3.3333E-02, 9.9333E+00, 1.6000E+00,
19:11:31.95331569, 3.3333E-02, 9.9333E+00, 1.6000E+00,
19:11:31.95331574, 3.3333E-02, 9.9333E+00, 1.3333E+00,
19:11:31.95331579, 3.3333E-02, 1.0000E+01, 1.6000E+00,
19:11:31.95331584, 3.3333E-02, 1.0067E+01, 1.3333E+00,
19:11:31.95331589, 6.6667E-02, 1.0000E+01, 1.3333E+00,
19:11:31.95331594, 0.0000E+00, 9.9333E+00, 1.3333E+00,
19:11:31.95331599, 3.3333E-02, 9.9333E+00, 1.6000E+00,
19:11:31.95331604,-3.3333E-02, 1.0000E+01, 1.3333E+00,
19:11:31.95331609, 0.0000E+00, 1.0067E+01, 1.6000E+00,
19:11:31.95331614, 3.3333E-02, 9.9333E+00, 1.6000E+00,
19:11:31.95331619, 1.0000E-01, 1.0067E+01, 1.3333E+00,
19:11:31.95331624, 0.0000E+00, 9.9333E+00, 1.7333E+00,
19:11:31.95331629, 1.0000E-01, 1.0133E+01, 1.4667E+00,
19:11:31.95331634, 0.0000E+00, 1.0067E+01, 1.6000E+00,
19:11:31.95331639,-3.3333E-02, 9.9333E+00, 1.3333E+00,
19:11:31.95331644, 0.0000E+00, 1.0067E+01, 1.8667E+00,
19:11:31.95331649, 0.0000E+00, 1.0000E+01, 1.4667E+00,
19:11:31.95331654,-3.3333E-02, 1.0067E+01, 1.4667E+00,
19:11:31.95331659, 3.3333E-02, 9.9333E+00, 1.6000E+00,
19:11:31.95331664, 0.0000E+00, 1.0067E+01, 1.3333E+00,
19:11:31.95331669, 0.0000E+00, 1.0067E+01, 1.4667E+00,
19:11:31.95331674, 0.0000E+00, 1.0067E+01, 1.3333E+00,
19:11:31.95331679, 1.0000E-01, 1.0000E+01, 1.4667E+00,
19:11:31.95331684, 6.6667E-02, 9.9333E+00, 1.6000E+00,
19:11:31.95331689, 1.0000E-01, 1.0000E+01, 1.3333E+00,
19:11:31.95331694, 0.0000E+00, 9.9333E+00, 1.3333E+00,
19:11:31.95331699,-3.3333E-02, 9.7333E+00, 1.4667E+00,
19:11:31.95331704,-6.6667E-02, 1.0000E+01, 1.0667E+00,
19:11:31.95331709, 6.6667E-02, 1.0000E+01, 1.3333E+00,
19:11:31.95331714, 0.0000E+00, 1.0000E+01, 1.3333E+00,
19:11:31.95331719,-6.6667E-02, 1.0067E+01, 1.6000E+00,
19:11:31.95331724, 3.3333E-02, 1.0133E+01, 1.7333E+00,
19:11:31.95331729, 0.0000E+00, 1.0000E+01, 1.6000E+00,
19:11:31.95331734,-3.3333E-02, 1.0000E+01, 1.4667E+00,
19:11:31.95331739, 3.3333E-02, 9.9333E+00, 1.6000E+00,
19:11:31.95331744, 6.6667E-02, 1.0067E+01, 1.3333E+00,
19:11:31.95331749,-3.3333E-02, 9.9333E+00, 1.4667E+00,
19:11:31.95331754, 3.3333E-02, 9.9333E+00, 1.6000E+00,
19:11:31.95331759, 3.3333E-02, 1.0000E+01, 1.3333E+00,
19:11:31.95331764, 3.3333E-02, 1.0133E+01, 1.6000E+00,
19:11:31.95331769, 0.0000E+00, 1.0067E+01, 1.6000E+00,
19:11:31.95331774, 1.0000E-01, 1.0000E+01, 1.7333E+00,
19:11:31.95331779, 0.0000E+00, 1.0000E+01, 1.4667E+00,
19:11:31.95331784, 0.0000E+00, 9.9333E+00, 1.6000E+00,
19:11:31.95331789,-3.3333E-02, 1.0000E+01, 1.0667E+00,
19:11:31.95331794, 3.3333E-02, 9.9333E+00, 1.3333E+00,
19:11:31.95331799, 0.0000E+00, 1.0067E+01, 1.0667E+00,
19:11:31.95331804,-3.3333E-02, 9.9333E+00, 1.3333E+00,
19:11:31.95331809, 3.3333E-02, 1.0133E+01, 1.6000E+00,
19:11:31.95331814, 6.6667E-02, 1.0000E+01, 1.4667E+00,
19:11:31.95331819, 0.0000E+00, 1.0067E+01, 1.6000E+00,
19:11:31.95331824, 6.6667E-02, 9.9333E+00, 1.2000E+00,
19:11:31.95331829, 3.3333E-02, 1.0067E+01, 1.3333E+00,
19:11:31.95331834, 1.0000E-01, 1.0067E+01, 1.3333E+00,
19:11:31.95331839, 0.0000E+00, 1.0067E+01, 1.6000E+00,
19:11:31.95331844,-3.3333E-02, 1.0000E+01, 1.4667E+00,
19:11:31.95331849, 0.0000E+00, 1.0000E+01, 1.2000E+00,
19:11:31.95331854, 0.0000E+00, 1.0000E+01, 1.4667E+00,
19:11:31.95331859, 0.0000E+00, 9.9333E+00, 1.6000E+00,
19:11:31.95331864, 0.0000E+00, 9.9333E+00, 1.8667E+00,
19:11:31.95331869, 0.0000E+00, 1.0067E+01, 1.3333E+00,
19:11:31.95331874, 6.6667E-02, 1.0000E+01, 1.3333E+00,
19:11:31.95331879, 0.0000E+00, 1.0000E+01, 1.3333E+00,
19:11:31.95331884, 3.3333E-02, 1.0000E+01, 8.0000E-01,
19:11:31.95331889, 0.0000E+00, 9.9333E+00, 1.3333E+00,
19:11:31.95331894, 3.3333E-02, 1.0133E+01, 1.3333E+00,
19:11:31.95331899, 3.3333E-02, 1.0000E+01, 1.3333E+00,
19:11:31.95331904, 3.3333E-02, 1.0000E+01, 1.3333E+00,
19:11:31.95331909, 3.3333E-02, 1.0133E+01, 1.4667E+00,
19:11:31.95331914, 3.3333E-02, 1.0067E+01, 1.7333E+00,
19:11:31.95331919, 6.6667E-02, 1.0067E+01, 1.6000E+00,
19:11:31.95331924, 6.6667E-02, 1.0000E+01, 1.4667E+00,
19:11:31.95331929, 1.0000E-01, 9.9333E+00, 1.4667E+00,
19:11:31.95331934,-3.3333E-02, 9.9333E+00, 1.6000E+00,
19:11:31.95331939,-6.6667E-02, 1.0000E+01, 1.3333E+00,
19:11:31.95331944, 6.6667E-02, 1.0000E+01, 1.2000E+00,
19:11:31.95331949, 3.3333E-02, 1.0067E+01, 1.3333E+00,
19:11:31.95331954, 6.6667E-02, 1.0000E+01, 1.3333E+00,
19:11:31.95331959, 3.3333E-02, 1.0067E+01, 1.6000E+00,
19:11:31.95331964, 3.3333E-02, 9.9333E+00, 1.4667E+00,
19:11:31.95331969, 3.3333E-02, 1.0133E+01, 1.6000E+00,
19:11:31.95331974, 6.6667E-02, 1.0067E+01, 1.2000E+00,
19:11:31.95331979, 0.0000E+00, 9.9333E+00, 1.6000E+00,
19:11:31.95331984, 0.0000E+00, 1.0133E+01, 1.3333E+00,
19:11:31.95331989, 0.0000E+00, 9.9333E+00, 1.2000E+00,
19:11:31.95331994, 3.3333E-02, 1.0000E+01, 1.3333E+00,
19:11:31.95331999, 0.0000E+00, 1.0000E+01, 1.4667E+00,
19:11:31.95332004, 6.6667E-02, 1.0200E+01, 1.8667E+00,
19:11:31.95332009, 6.6667E-02, 1.0133E+01, 1.3333E+00,
19:11:31.95332014, 3.3333E-02, 1.0133E+01, 1.3333E+00,
19:11:31.95332019, 6.6667E-02, 1.0067E+01, 1.3333E+00,
19:11:31.95332024, 0.0000E+00, 1.0000E+01, 1.2000E+00,
19:11:31.95332029,-3.3333E-02, 1.0000E+01, 1.6000E+00,
19:11:31.95332034, 0.0000E+00, 9.9333E+00, 1.0667E+00,
19:11:31.95332039, 3.3333E-02, 1.0067E+01, 1.3333E+00,
19:11:31.95332044, 0.0000E+00, 1.0067E+01, 1.3333E+00,
19:11:31.95332049,-3.3333E-02, 1.0067E+01, 1.3333E+00,
19:11:31.95332054, 0.0000E+00, 1.0000E+01, 1.4667E+00,
19:11:31.95332059,-3.3333E-02, 1.0133E+01, 1.6000E+00,
19:11:31.95332064, 3.3333E-02, 1.0000E+01, 1.6000E+00,
19:11:31.95332069, 3.3333E-02, 9.9333E+00, 1.3333E+00,
19:11:31.95332074,-6.6667E-02, 9.9333E+00, 1.3333E+00,
19:11:31.95332079,-3.3333E-02, 1.0000E+01, 1.4667E+00,
19:11:31.95332084,-1.0000E-01, 1.0067E+01, 1.6000E+00,
19:11:31.95332089, 3.3333E-02, 1.0067E+01, 1.3333E+00,
19:11:31.95332094, 0.0000E+00, 9.9333E+00, 1.0667E+00,
19:11:31.95332099, 0.0000E+00, 9.9333E+00, 1.4667E+00,
19:11:31.95332104, 6.6667E-02, 9.9333E+00, 1.7333E+00,
19:11:31.95332109, 3.3333E-02, 9.9333E+00, 1.6000E+00,
19:11:31.95332114, 6.6667E-02, 1.0000E+01, 1.6000E+00,
19:11:31.95332119,-6.6667E-02, 1.0000E+01, 1.2000E+00,
19:11:31.95332124, 0.0000E+00, 1.0000E+01, 1.6000E+00,
19:11:31.95332129, 6.6667E-02, 1.0067E+01, 1.0667E+00,
19:11:31.95332134, 0.0000E+00, 1.0000E+01, 1.6000E+00,
19:11:31.95332139, 3.3333E-02, 1.0000E+01, 1.4667E+00,
19:11:31.95332144, 3.3333E-02, 1.0000E+01, 1.7333E+00,
19:11:31.95332149, 1.3333E-01, 1.0000E+01, 1.3333E+00,
19:11:31.95332154, 1.0000E-01, 1.0133E+01, 1.6000E+00,
19:11:31.95332159,-3.3333E-02, 1.0067E+01, 1.4667E+00,
19:11:31.95332164,-3.3333E-02, 1.0000E+01, 1.2000E+00,
19:11:31.95332169, 3.3333E-02, 1.0000E+01, 1.3333E+00,
19:11:31.95332174, 0.0000E+00, 9.9333E+00, 1.3333E+00,
19:11:31.95332179, 3.3333E-02, 1.0000E+01, 1.6000E+00,
19:11:31.95332184, 3.3333E-02, 1.0067E+01, 1.0667E+00,
19:11:31.95332189, 0.0000E+00, 1.0000E+01, 1.3333E+00,
19:11:31.95332194, 3.3333E-02, 1.0067E+01, 1.3333E+00,
19:11:31.95332199, 0.0000E+00, 1.0067E+01, 1.7333E+00,
19:11:31.95332204, 6.6667E-02, 9.9333E+00, 1.4667E+00,
19:11:31.95332209, 3.3333E-02, 9.9333E+00, 1.6000E+00,
19:11:31.95332214, 6.6667E-02, 9.9333E+00, 1.6000E+00,
19:11:31.95332219, 3.3333E-02, 1.0067E+01, 1.2000E+00,
19:11:31.95332224, 0.0000E+00, 1.0067E+01, 1.2000E+00,
19:11:31.95332229, 0.0000E+00, 1.0000E+01, 1.3333E+00,
19:11:31.95332234, 0.0000E+00, 1.0067E+01, 1.4667E+00,
19:11:31.95332239, 6.6667E-02, 1.0067E+01, 1.2000E+00,
19:11:31.95332244, 0.0000E+00, 1.0000E+01, 1.7333E+00,
19:11:31.95332249, 6.6667E-02, 1.0000E+01, 1.7333E+00,
19:11:31.95332254, 3.3333E-02, 1.0133E+01, 1.2000E+00,
19:11:31.95332259, 6.6667E-02, 1.0133E+01, 1.4667E+00,
19:11:31.95332264, 0.0000E+00, 1.0000E+01, 1.3333E+00,
19:11:31.95332269, 3.3333E-02, 1.0067E+01, 1.4667E+00,
19:11:31.95332274, 3.3333E-02, 9.9333E+00, 1.4667E+00,
19:11:31.95332279, 0.0000E+00, 9.9333E+00, 1.3333E+00,
19:11:31.95332284, 3.3333E-02, 1.0067E+01, 1.3333E+00,
19:11:31.95332289, 3.3333E-02, 1.0000E+01, 1.4667E+00,
19:11:31.95332294, 3.3333E-02, 1.0067E+01, 1.2000E+00,
19:11:31.95332299, 3.3333E-02, 9.9333E+00, 1.4667E+00,
19:11:31.95332304, 3.3333E-02, 9.9333E+00, 1.7333E+00,
19:11:31.95332309,-3.3333E-02, 1.0067E+01, 1.6000E+00,
19:11:31.95332314, 6.6667E-02, 9.9333E+00, 1.6000E+00,
19:11:31.95332319, 0.0000E+00, 1.0067E+01, 1.3333E+00,
19:11:31.95332324,-3.3333E-02, 1.0000E+01, 1.3333E+00,
19:11:31.95332329, 0.0000E+00, 9.9333E+00, 1.4667E+00,
19:11:31.95332334, 3.3333E-02, 9.9333E+00, 1.4667E+00,
19:11:31.95332339, 6.6667E-02, 1.0067E+01, 1.6000E+00,
19:11:31.95332344,-3.3333E-02, 9.9333E+00, 1.7333E+00,
19:11:31.95332349, 6.6667E-02, 1.0000E+01, 1.4667E+00,
19:11:31.95332354, 3.3333E-02, 9.9333E+00, 1.3333E+00,
19:11:31.95332359, 6.6667E-02, 1.0000E+01, 1.4667E+00,
19:11:31.95332364, 3.3333E-02, 1.0067E+01, 1.6000E+00,
19:11:31.95332369, 0.0000E+00, 1.0000E+01, 1.6000E+00,
19:11:31.95332374, 3.3333E-02, 1.0000E+01, 1.2000E+00,
19:11:31.95332379, 3.3333E-02, 9.9333E+00, 1.4667E+00,
19:11:31.95332384, 0.0000E+00, 1.0000E+01, 1.6000E+00,
19:11:31.95332389, 6.6667E-02, 1.0067E+01, 1.4667E+00,
19:11:31.95332394, 3.3333E-02, 1.0133E+01, 1.3333E+00,
19:11:31.95332399, 6.6667E-02, 1.0000E+01, 1.6000E+00,
19:11:31.95332404, 0.0000E+00, 9.9333E+00, 1.6000E+00,
19:11:31.95332409, 3.3333E-02, 1.0067E+01, 1.4667E+00,
19:11:31.95332414,-3.3333E-02, 1.0000E+01, 1.6000E+00,
19:11:31.95332419, 0.0000E+00, 1.0067E+01, 1.2000E+00,
19:11:31.95332424,-3.3333E-02, 1.0067E+01, 1.3333E+00,
19:11:31.95332429, 6.6667E-02, 9.9333E+00, 1.3333E+00,
19:11:31.95332434, 0.0000E+00, 9.9333E+00, 1.6000E+00,
19:11:31.95332439, 6.6667E-02, 9.9333E+00, 1.3333E+00,
19:11:31.95332444, 6.6667E-02, 1.0000E+01, 1.7333E+00,
19:11:31.95332449, 0.0000E+00, 1.0067E+01, 1.4667E+00,
19:11:31.95332454,-6.6667E-02, 1.0000E+01, 1.6000E+00,
19:11:31.95332459,-6.6667E-02, 9.9333E+00, 1.3333E+00,
19:11:31.95332464,-3.3333E-02, 1.0133E+01, 1.7333E+00,
19:11:31.95332469, 0.0000E+00, 1.0000E+01, 1.4667E+00,
19:11:31.95332474,-3.3333E-02, 1.0000E+01, 1.2000E+00,
19:11:31.95332479,-3.3333E-02, 1.0067E+01, 1.3333E+00,
19:11:31.95332484, 3.3333E-02, 9.9333E+00, 1.2000E+00,
19:11:31.95332489, 3.3333E-02, 1.0000E+01, 1.6000E+00,
19:11:31.95332494, 3.3333E-02, 9.9333E+00, 1.4667E+00,
19:11:31.95332499, 6.6667E-02, 9.9333E+00, 1.7333E+00,
19:11:31.95332504, 3.3333E-02, 9.9333E+00, 1.7333E+00,
19:11:31.95332509, 1.0000E-01, 9.9333E+00, 1.7333E+00,
19:11:31.95332514, 0.0000E+00, 1.0000E+01, 1.6000E+00,
19:11:31.95332519, 0.0000E+00, 1.0000E+01, 1.3333E+00,
19:11:31.95332524, 0.0000E+00, 1.0067E+01, 1.2000E+00,
19:11:31.95332529, 3.3333E-02, 9.9333E+00, 1.4667E+00,
19:11:31.95332534, 3.3333E-02, 1.0133E+01, 1.3333E+00,
19:11:31.95332539, 6.6667E-02, 9.9333E+00, 1.3333E+00,
19:11:31.95332544,-3.3333E-02, 1.0067E+01, 1.7333E+00,
19:11:31.95332549, 0.0000E+00, 1.0000E+01, 1.6000E+00,
19:11:31.95332554, 0.0000E+00, 9.9333E+00, 1.3333E+00,
19:11:31.95332559, 0.0000E+00, 1.0000E+01, 1.7333E+00,
19:11:31.95332564, 0.0000E+00, 9.9333E+00, 1.8667E+00,
19:11:31.95332569, 0.0000E+00, 1.0200E+01, 1.3333E+00,
19:11:31.95332574, 3.3333E-02, 9.9333E+00, 1.4667E+00,
19:11:31.95332579, 0.0000E+00, 1.0067E+01, 1.6000E+00,
19:11:31.95332584, 6.6667E-02, 9.9333E+00, 1.4667E+00,
19:11:31.95332589, 3.3333E-02, 1.0067E+01, 1.3333E+00,
19:11:31.95332594,-6.6667E-02, 9.9333E+00, 1.6000E+00,
19:11:31.95332599, 0.0000E+00, 1.0000E+01, 1.6000E+00,
19:11:31.95332604, 1.6667E-01, 1.0000E+01, 1.3333E+00,
19:11:31.95332609,-6.6667E-02, 1.0000E+01, 1.3333E+00,
19:11:31.95332614, 0.0000E+00, 1.0067E+01, 1.3333E+00,
19:11:31.95332619,-3.3333E-02, 1.0000E+01, 1.4667E+00,
19:11:31.95332624, 1.0000E-01, 9.9333E+00, 1.3333E+00,
19:11:31.95332629, 6.6667E-02, 1.0000E+01, 1.2000E+00,
19:11:31.95332634, 3.3333E-02, 1.0000E+01, 1.6000E+00,
19:11:31.95332639, 6.6667E-02, 9.8667E+00, 1.3333E+00,
19:11:31.95332644, 3.3333E-02, 1.0067E+01, 1.3333E+00,
19:11:31.95332649,-1.0000E-01, 1.0000E+01, 1.2000E+00,
19:11:31.95332654, 6.6667E-02, 9.9333E+00, 1.4667E+00,
19:11:31.95332659, 0.0000E+00, 9.9333E+00, 1.6000E+00,
19:11:31.95332664, 0.0000E+00, 1.0000E+01, 1.4667E+00,
19:11:31.95332669,-3.3333E-02, 9.9333E+00, 1.4667E+00,
19:11:31.95332674, 3.3333E-02, 9.9333E+00, 1.3333E+00,
19:11:31.95332679,-6.6667E-02, 9.9333E+00, 1.4667E+00,
19:11:31.95332684, 6.6667E-02, 1.0000E+01, 1.2000E+00,
19:11:31.95332689, 6.6667E-02, 9.9333E+00, 1.6000E+00,
19:11:31.95332694, 6.6667E-02, 9.9333E+00, 1.6000E+00,
19:11:31.95332699, 0.0000E+00, 9.9333E+00, 1.6000E+00,
19:11:31.95332704, 0.0000E+00, 1.0000E+01, 1.6000E+00,
19:11:31.95332709, 0.0000E+00, 1.0000E+01, 1.6000E+00,
19:11:31.95332714,-3.3333E-02, 9.9333E+00, 1.3333E+00,
19:11:31.95332719, 0.0000E+00, 9.9333E+00, 9.3333E-01,
19:11:31.95332724, 6.6667E-02, 1.0067E+01, 1.6000E+00,
19:11:31.95332729, 3.3333E-02, 9.9333E+00, 1.3333E+00,
19:11:31.95332734, 3.3333E-02, 1.0000E+01, 1.4667E+00,
19:11:31.95332739, 3.3333E-02, 1.0000E+01, 1.4667E+00,
19:11:31.95332744, 3.3333E-02, 1.0067E+01, 1.6000E+00,
19:11:31.95332749, 0.0000E+00, 1.0000E+01, 1.7333E+00,
19:11:31.95332754,-6.6667E-02, 1.0133E+01, 1.3333E+00,
19:11:31.95332759, 3.3333E-02, 9.8000E+00, 1.4667E+00,
19:11:31.95332764, 0.0000E+00, 1.0067E+01, 1.2000E+00,
19:11:31.95332769, 3.3333E-02, 9.9333E+00, 1.4667E+00,
19:11:31.95332774, 0.0000E+00, 1.0067E+01, 1.3333E+00,
19:11:31.95332779, 3.3333E-02, 9.9333E+00, 1.6000E+00,
19:11:31.95332784, 3.3333E-02, 9.9333E+00, 1.3333E+00,
19:11:31.95332789, 0.0000E+00, 1.0067E+01, 1.6000E+00,
19:11:31.95332794, 1.3333E-01, 1.0000E+01, 1.7333E+00,
19:11:31.95332799, 3.3333E-02, 1.0133E+01, 1.7333E+00,
19:11:31.95332804, 3.3333E-02, 1.0067E+01, 1.3333E+00,
19:11:31.95332809, 6.6667E-02, 1.0133E+01, 1.3333E+00,
19:11:31.95332814, 0.0000E+00, 9.9333E+00, 1.2000E+00,
19:11:31.95332819, 0.0000E+00, 9.9333E+00, 1.3333E+00,
19:11:31.95332824, 1.3333E-01, 1.0133E+01, 1.7333E+00,
19:11:31.95332829, 6.6667E-02, 1.0067E+01, 1.2000E+00,
19:11:31.95332834, 0.0000E+00, 1.0000E+01, 1.4667E+00,
19:11:31.95332839, 0.0000E+00, 1.0000E+01, 1.3333E+00,
19:11:31.95332844,-3.3333E-02, 1.0067E+01, 1.2000E+00,
19:11:31.95332849, 3.3333E-02, 9.9333E+00, 1.6000E+00,
19:11:31.95332854, 0.0000E+00, 1.0000E+01, 1.2000E+00,
19:11:31.95332859, 3.3333E-02, 1.0000E+01, 1.6000E+00,
19:11:31.95332864, 0.0000E+00, 1.0067E+01, 1.2000E+00,
19:11:31.95332869, 0.0000E+00, 1.0000E+01, 1.4667E+00,
19:11:31.95332874, 3.3333E-02, 1.0067E+01, 1.2000E+00,
19:11:31.95332879, 6.6667E-02, 9.9333E+00, 1.7333E+00,
19:11:31.95332884, 6.6667E-02, 9.9333E+00, 1.6000E+00,
19:11:31.95332889, 3.3333E-02, 1.0000E+01, 1.7333E+00,
19:11:31.95332894, 3.3333E-02, 1.0067E+01, 1.4667E+00,
19:11:31.95332899, 3.3333E-02, 1.0000E+01, 1.4667E+00,
19:11:31.95332904, 3.3333E-02, 9.9333E+00, 1.4667E+00,
19:11:31.95332909,-3.3333E-02, 1.0067E+01, 1.3333E+00,
19:11:31.95332914, 3.3333E-02, 1.0000E+01, 1.4667E+00,
19:11:31.95332919,-3.3333E-02, 9.9333E+00, 1.3333E+00,
19:11:31.95332924, 3.3333E-02, 1.0067E+01, 9.3333E-01,
19:11:31.95332929, 3.3333E-02, 9.9333E+00, 1.8667E+00,
19:11:31.95332934,-6.6667E-02, 1.0067E+01, 1.3333E+00,
19:11:31.95332939,-3.3333E-02, 1.0067E+01, 1.4667E+00,
19:11:31.95332944, 6.6667E-02, 9.9333E+00, 1.8667E+00,
19:11:31.95332949, 0.0000E+00, 1.0000E+01, 1.4667E+00,
19:11:31.95332954, 0.0000E+00, 1.0067E+01, 1.3333E+00,
19:11:31.95332959, 3.3333E-02, 9.9333E+00, 1.2000E+00,
19:11:31.95332964, 3.3333E-02, 9.8667E+00, 1.3333E+00,
19:11:31.95332969, 3.3333E-02, 9.9333E+00, 1.2000E+00,
19:11:31.95332974, 6.6667E-02, 1.0067E+01, 1.2000E+00,
19:11:31.95332979, 1.0000E-01, 1.0067E+01, 1.6000E+00,
19:11:31.95332984, 6.6667E-02, 1.0067E+01, 2.0000E+00,
19:11:31.95332989,-3.3333E-02, 1.0000E+01, 1.2000E+00,
19:11:31.95332994,-6.6667E-02, 9.9333E+00, 1.3333E+00,
19:11:31.95332999, 0.0000E+00, 1.0000E+01, 1.4667E+00,
19:11:31.95333004, 6.6667E-02, 9.9333E+00, 1.3333E+00,
19:11:31.95333009, 3.3333E-02, 1.0000E+01, 1.6000E+00,
19:11:31.95333014, 6.6667E-02, 1.0133E+01, 1.6000E+00,
19:11:31.95333019, 0.0000E+00, 1.0067E+01, 1.3333E+00,
19:11:31.95333024, 6.6667E-02, 1.0067E+01, 1.4667E+00,
19:11:31.95333029,-3.3333E-02, 1.0000E+01, 1.3333E+00,
19:11:31.95333034, 3.3333E-02, 9.9333E+00, 1.4667E+00,
19:11:31.95333039, 0.0000E+00, 1.0000E+01, 1.2000E+00,
19:11:31.95333044, 0.0000E+00, 1.0067E+01, 1.6000E+00,
19:11:31.95333049, 0.0000E+00, 1.0000E+01, 1.7333E+00,
19:11:31.95333054, 6.6667E-02, 9.9333E+00, 1.3333E+00,
19:11:31.95333059, 0.0000E+00, 9.9333E+00, 1.0667E+00,
19:11:31.95333064,-3.3333E-02, 9.9333E+00, 1.6000E+00,
19:11:31.95333069,-3.3333E-02, 1.0000E+01, 1.4667E+00,
19:11:31.95333074,-3.3333E-02, 9.9333E+00, 1.4667E+00,
19:11:31.95333079, 6.6667E-02, 9.9333E+00, 1.6000E+00,
19:11:31.95333084, 3.3333E-02, 1.0067E+01, 1.6000E+00,
19:11:31.95333089, 3.3333E-02, 1.0133E+01, 1.2000E+00,
19:11:31.95333094, 0.0000E+00, 1.0133E+01, 1.7333E+00,
19:11:31.95333099,-3.3333E-02, 9.9333E+00, 1.4667E+00,
19:11:31.95333104, 1.0000E-01, 1.0067E+01, 1.6000E+00,
19:11:31.95333109, 1.0000E-01, 1.0000E+01, 1.4667E+00,
19:11:31.95333114, 0.0000E+00, 1.0000E+01, 1.4667E+00,
19:11:31.95333119, 3.3333E-02, 1.0000E+01, 1.4667E+00,
19:11:31.95333124, 3.3333E-02, 1.0067E+01, 1.7333E+00,
19:11:31.95333129,-6.6667E-02, 1.0067E+01, 1.6000E+00,
19:11:31.95333134, 3.3333E-02, 9.9333E+00, 1.3333E+00,
19:11:31.95333139, 6.6667E-02, 1.0133E+01, 1.4667E+00,
19:11:31.95333144,-3.3333E-02, 1.0067E+01, 1.6000E+00,
19:11:31.95333149, 3.3333E-02, 9.9333E+00, 1.3333E+00,
19:11:31.95333154, 0.0000E+00, 1.0000E+01, 1.4667E+00,
19:11:31.95333159, 6.6667E-02, 1.0067E+01, 1.3333E+00,
19:11:31.95333164, 0.0000E+00, 1.0133E+01, 1.3333E+00,
19:11:31.95333169, 0.0000E+00, 1.0000E+01, 1.6000E+00,
19:11:31.95333174, 1.0000E-01, 1.0067E+01, 1.8667E+00,
19:11:31.95333179, 1.3333E-01, 1.0000E+01, 1.7333E+00,
19:11:31.95333184, 0.0000E+00, 1.0000E+01, 1.8667E+00,
19:11:31.95333189, 0.0000E+00, 1.0000E+01, 1.6000E+00,
19:11:31.95333194, 3.3333E-02, 9.9333E+00, 1.0667E+00,
19:11:31.95333199, 3.3333E-02, 1.0000E+01, 1.6000E+00,
19:11:31.95333204, 0.0000E+00, 1.0067E+01, 1.3333E+00,
19:11:31.95333209,-6.6667E-02, 1.0000E+01, 1.2000E+00,
19:11:31.95333214, 3.3333E-02, 9.9333E+00, 1.4667E+00,
19:11:31.95333219, 3.3333E-02, 1.0200E+01, 1.6000E+00,
19:11:31.95333224,-6.6667E-02, 1.0000E+01, 1.0667E+00,
19:11:31.95333229, 6.6667E-02, 9.9333E+00, 1.3333E+00,
19:11:31.95333234,-6.6667E-02, 1.0000E+01, 1.4667E+00,
19:11:31.95333239, 6.6667E-02, 9.9333E+00, 1.4667E+00,
19:11:31.95333244, 0.0000E+00, 9.9333E+00, 1.6000E+00,
19:11:31.95333249,-3.3333E-02, 9.9333E+00, 1.3333E+00,
19:11:31.95333254,-3.3333E-02, 1.0000E+01, 1.6000E+00,
19:11:31.95333259, 0.0000E+00, 9.9333E+00, 1.2000E+00,
19:11:31.95333264, 6.6667E-02, 9.9333E+00, 1.3333E+00,
19:11:31.95333269, 0.0000E+00, 1.0067E+01, 1.7333E+00,
19:11:31.95333274, 3.3333E-02, 1.0067E+01, 1.6000E+00,
19:11:31.95333279,-3.3333E-02, 1.0067E+01, 1.6000E+00,
19:11:31.95333284, 0.0000E+00, 1.0067E+01, 1.4667E+00,
19:11:31.95333289,-3.3333E-02, 9.9333E+00, 1.6000E+00,
19:11:31.95333294,-3.3333E-02, 1.0067E+01, 1.4667E+00,
19:11:31.95333299, 3.3333E-02, 9.9333E+00, 1.3333E+00,
19:11:31.95333304, 3.3333E-02, 1.0000E+01, 1.2000E+00,
19:11:31.95333309, 3.3333E-02, 1.0000E+01, 1.4667E+00,
19:11:31.95333314,-3.3333E-02, 9.9333E+00, 1.6000E+00,
19:11:31.95333319, 3.3333E-02, 1.0000E+01, 1.3333E+00,
19:11:31.95333324,-6.6667E-02, 1.0067E+01, 1.4667E+00,
19:11:31.95333329, 6.6667E-02, 1.0067E+01, 1.6000E+00,
19:11:31.95333334, 3.3333E-02, 9.9333E+00, 1.6000E+00,
19:11:31.95333339, 0.0000E+00, 1.0000E+01, 1.6000E+00,
19:11:31.95333344,-3.3333E-02, 1.0000E+01, 1.3333E+00,
19:11:31.95333349, 0.0000E+00, 9.9333E+00, 1.3333E+00,
19:11:31.95333354, 3.3333E-02, 1.0000E+01, 1.4667E+00,
19:11:31.95333359, 6.6667E-02, 1.0000E+01, 1.4667E+00,
19:11:31.95333364, 3.3333E-02, 9.9333E+00, 1.3333E+00,
19:11:31.95333369, 6.6667E-02, 1.0133E+01, 1.6000E+00,
19:11:31.95333374, 0.0000E+00, 1.0067E+01, 1.6000E+00,
19:11:31.95333379,-3.3333E-02, 1.0133E+01, 1.4667E+00,
19:11:31.95333384, 3.3333E-02, 9.9333E+00, 1.6000E+00,
19:11:31.95333389, 3.3333E-02, 1.0000E+01, 1.3333E+00,
19:11:31.95333394,-3.3333E-02, 1.0067E+01, 1.3333E+00,
19:11:31.95333399,-3.3333E-02, 1.0067E+01, 1.0667E+00,
19:11:31.95333404, 3.3333E-02, 1.0133E+01, 1.2000E+00,
19:11:31.95333409, 3.3333E-02, 1.0000E+01, 1.3333E+00,
19:11:31.95333414, 3.3333E-02, 1.0067E+01, 1.6000E+00,
19:11:31.95333419, 6.6667E-02, 9.9333E+00, 1.7333E+00,
19:11:31.95333424, 0.0000E+00, 1.0133E+01, 1.6000E+00,
19:11:31.95333429, 3.3333E-02, 9.9333E+00, 1.2000E+00,
19:11:31.95333434, 6.6667E-02, 9.9333E+00, 1.4667E+00,
19:11:31.95333439, 3.3333E-02, 1.0000E+01, 1.6000E+00,
19:11:31.95333444, 6.6667E-02, 1.0200E+01, 1.3333E+00,
19:11:31.95333449,-6.6667E-02, 9.9333E+00, 1.4667E+00,
19:11:31.95333454, 3.3333E-02, 9.9333E+00, 1.4667E+00,
19:11:31.95333459,-6.6667E-02, 1.0200E+01, 1.4667E+00,
19:11:31.95333464, 1.0000E-01, 1.0067E+01, 1.7333E+00,
19:11:31.95333469, 0.0000E+00, 1.0067E+01, 1.7333E+00,
19:11:31.95333474, 0.0000E+00, 9.9333E+00, 1.6000E+00,
19:11:31.95333479, 6.6667E-02, 1.0067E+01, 1.6000E+00,
19:11:31.95333484, 0.0000E+00, 1.0133E+01, 1.6000E+00,
19:11:31.95333489, 3.3333E-02, 1.0000E+01, 1.7333E+00,
19:11:31.95333494, 1.3333E-01, 1.0067E+01, 1.4667E+00,
19:11:31.95333499, 3.3333E-02, 9.9333E+00, 1.3333E+00,
19:11:31.95333504, 6.6667E-02, 1.0000E+01, 1.2000E+00,
19:11:31.95333509,-3.3333E-02, 1.0000E+01, 1.4667E+00,
19:11:31.95333514, 6.6667E-02, 1.0067E+01, 1.6000E+00,
19:11:31.95333519, 6.6667E-02, 1.0000E+01, 1.4667E+00,
19:11:31.95333524,-6.6667E-02, 1.0067E+01, 1.6000E+00,
19:11:31.95333529, 3.3333E-02, 1.0000E+01, 1.8667E+00,
19:11:31.95333534, 3.3333E-02, 1.0067E+01, 1.4667E+00,
19:11:31.95333539, 0.0000E+00, 9.9333E+00, 1.7333E+00,
19:11:31.95333544, 3.3333E-02, 1.0000E+01, 1.4667E+00,
19:11:31.95333549,-3.3333E-02, 1.0000E+01, 1.3333E+00,
19:11:31.95333554,-3.3333E-02, 1.0067E+01, 1.2000E+00,
19:11:31.95333559, 3.3333E-02, 9.9333E+00, 1.7333E+00,
19:11:31.95333564, 3.3333E-02, 9.9333E+00, 1.6000E+00,
19:11:31.95333569, 3.3333E-02, 1.0133E+01, 1.4667E+00,
19:11:31.95333574, 3.3333E-02, 1.0067E+01, 1.6000E+00,
19:11:31.95333579, 3.3333E-02, 9.9333E+00, 1.3333E+00,
19:11:31.95333584, 0.0000E+00, 1.0000E+01, 1.7333E+00,
19:11:31.95333589, 3.3333E-02, 9.9333E+00, 1.3333E+00,
19:11:31.95333594, 3.3333E-02, 9.9333E+00, 1.4667E+00,
19:11:31.95333599, 3.3333E-02, 9.9333E+00, 1.2000E+00,
19:11:31.95333604,-3.3333E-02, 1.0133E+01, 1.3333E+00,
19:11:31.95333609, 3.3333E-02, 1.0000E+01, 1.3333E+00,
19:11:31.95333614, 0.0000E+00, 9.9333E+00, 1.7333E+00,
19:11:31.95333619,-3.3333E-02, 9.9333E+00, 1.6000E+00,
19:11:31.95333624, 3.3333E-02, 1.0000E+01, 1.6000E+00,
19:11:31.95333629, 0.0000E+00, 9.9333E+00, 1.3333E+00,
19:11:31.95333634, 6.6667E-02, 1.0000E+01, 1.0667E+00,
19:11:31.95333639,-1.0000E-01, 1.0000E+01, 1.4667E+00,
19:11:31.95333644, 6.6667E-02, 9.9333E+00, 1.4667E+00,
19:11:31.95333649,-3.3333E-02, 1.0000E+01, 1.3333E+00,
19:11:31.95333654, 3.3333E-02, 9.9333E+00, 1.4667E+00,
19:11:31.95333659, 0.0000E+00, 1.0000E+01, 1.4667E+00,
19:11:31.95333664, 0.0000E+00, 9.9333E+00, 1.4667E+00,
19:11:31.95333669,-6.6667E-02, 9.9333E+00, 1.7333E+00,
19:11:31.95333674, 3.3333E-02, 1.0000E+01, 1.6000E+00,
19:11:31.95333679, 6.6667E-02, 9.9333E+00, 1.6000E+00,
19:11:31.95333684, 0.0000E+00, 9.9333E+00, 1.4667E+00,
19:11:31.95333689, 6.6667E-02, 9.9333E+00, 1.4667E+00,
19:11:31.95333694, 0.0000E+00, 9.8667E+00, 1.6000E+00,
19:11:31.95333699, 3.3333E-02, 1.0067E+01, 1.4667E+00,
19:11:31.95333704, 6.6667E-02, 9.9333E+00, 1.4667E+00,
19:11:31.95333709,-3.3333E-02, 9.9333E+00, 1.3333E+00,
19:11:31.95333714, 0.0000E+00, 1.0133E+01, 1.6000E+00,
19:11:31.95333719, 0.0000E+00, 1.0000E+01, 1.8667E+00,
19:11:31.95333724, 3.3333E-02, 1.0133E+01, 1.3333E+00,
19:11:31.95333729, 6.6667E-02, 1.0133E+01, 1.6000E+00,
19:11:31.95333734, 0.0000E+00, 1.0000E+01, 1.6000E+00,
19:11:31.95333739, 3.3333E-02, 9.9333E+00, 1.4667E+00,
19:11:31.95333744, 0.0000E+00, 1.0067E+01, 1.3333E+00,
19:11:31.95333749, 3.3333E-02, 9.9333E+00, 1.6000E+00,
19:11:31.95333754, 0.0000E+00, 1.0000E+01, 1.6000E+00,
19:11:31.95333759, 3.3333E-02, 1.0067E+01, 1.6000E+00,
19:11:31.95333764, 0.0000E+00, 1.0133E+01, 1.4667E+00,
19:11:31.95333769, 3.3333E-02, 9.9333E+00, 1.6000E+00,
19:11:31.95333774,-3.3333E-02, 9.9333E+00, 1.2000E+00,
19:11:31.95333779, 1.0000E-01, 1.0067E+01, 1.2000E+00,
19:11:31.95333784, 0.0000E+00, 9.9333E+00, 1.4667E+00,
19:11:31.95333789, 1.0000E-01, 1.0067E+01, 1.3333E+00,
19:11:31.95333794, 0.0000E+00, 9.9333E+00, 1.4667E+00,
19:11:31.95333799, 0.0000E+00, 1.0067E+01, 1.8667E+00,
19:11:31.95333804,-1.0000E-01, 9.9333E+00, 1.4667E+00,
19:11:31.95333809,-3.3333E-02, 9.9333E+00, 1.3333E+00,
19:11:31.95333814, 0.0000E+00, 9.9333E+00, 1.7333E+00,
19:11:31.95333819, 0.0000E+00, 9.9333E+00, 1.6000E+00,
19:11:31.95333824, 3.3333E-02, 9.9333E+00, 1.6000E+00,
19:11:31.95333829, 3.3333E-02, 9.9333E+00, 1.2000E+00,
19:11:31.95333834, 3.3333E-02, 1.0067E+01, 1.7333E+00,
19:11:31.95333839, 0.0000E+00, 1.0000E+01, 1.4667E+00,
19:11:31.95333844, 0.0000E+00, 1.0067E+01, 1.4667E+00,
19:11:31.95333849, 3.3333E-02, 1.0000E+01, 1.6000E+00,
19:11:31.95333854,-3.3333E-02, 1.0067E+01, 1.3333E+00,
19:11:31.95333859,-6.6667E-02, 1.0000E+01, 1.4667E+00,
19:11:31.95333864, 3.3333E-02, 1.0000E+01, 1.6000E+00,
19:11:31.95333869,-6.6667E-02, 9.9333E+00, 1.7333E+00,
19:11:31.95333874, 6.6667E-02, 1.0067E+01, 1.6000E+00,
19:11:31.95333879, 3.3333E-02, 1.0000E+01, 1.3333E+00,
19:11:31.95333884, 6.6667E-02, 1.0067E+01, 1.7333E+00,
19:11:31.95333889, 3.3333E-02, 1.0067E+01, 1.3333E+00,
19:11:31.95333894, 0.0000E+00, 1.0067E+01, 1.4667E+00,
19:11:31.95333899, 0.0000E+00, 1.0133E+01, 1.6000E+00,
19:11:31.95333904, 3.3333E-02, 9.8000E+00, 1.4667E+00,
19:11:31.95333909, 3.3333E-02, 1.0000E+01, 1.7333E+00,
19:11:31.95333914,-3.3333E-02, 9.9333E+00, 1.6000E+00,
19:11:31.95333919, 3.3333E-02, 9.8667E+00, 1.6000E+00,
19:11:31.95333924, 0.0000E+00, 1.0133E+01, 1.3333E+00,
19:11:31.95333929, 6.6667E-02, 1.0067E+01, 1.3333E+00,
19:11:31.95333934, 3.3333E-02, 1.0067E+01, 1.4667E+00,
19:11:31.95333939, 0.0000E+00, 1.0067E+01, 1.6000E+00,
19:11:31.95333944, 3.3333E-02, 1.0067E+01, 1.4667E+00,
19:11:31.95333949, 1.0000E-01, 1.0067E+01, 1.6000E+00,
19:11:31.95333954,-3.3333E-02, 1.0000E+01, 1.6000E+00,
19:11:31.95333959, 0.0000E+00, 1.0067E+01, 1.3333E+00,
19:11:31.95333964,-3.3333E-02, 9.9333E+00, 1.3333E+00,
19:11:31.95333969, 6.6667E-02, 9.9333E+00, 1.3333E+00,
19:11:31.95333974, 0.0000E+00, 1.0000E+01, 1.6000E+00,
19:11:31.95333979, 0.0000E+00, 1.0000E+01, 1.3333E+00,
19:11:31.95333984, 0.0000E+00, 1.0000E+01, 1.7333E+00,
19:11:31.95333989, 6.6667E-02, 1.0133E+01, 1.6000E+00,
19:11:31.95333994, 0.0000E+00, 9.9333E+00, 1.6000E+00,
19:11:31.95333999, 3.3333E-02, 1.0133E+01, 1.6000E+00,
19:11:31.95334004, 3.3333E-02, 1.0067E+01, 1.8667E+00,
19:11:31.95334009, 3.3333E-02, 1.0000E+01, 1.3333E+00,
19:11:31.95334014, 0.0000E+00, 9.9333E+00, 1.2000E+00,
19:11:31.95334019, 0.0000E+00, 1.0000E+01, 1.4667E+00,
19:11:31.95334024, 6.6667E-02, 9.9333E+00, 1.3333E+00,
19:11:31.95334029, 0.0000E+00, 1.0133E+01, 1.3333E+00,
19:11:31.95334034, 3.3333E-02, 1.0067E+01, 1.6000E+00,
19:11:31.95334039, 6.6667E-02, 1.0067E+01, 1.4667E+00,
19:11:31.95334044, 3.3333E-02, 9.9333E+00, 1.7333E+00,
19:11:31.95334049, 0.0000E+00, 1.0067E+01, 1.6000E+00,
19:11:31.95334054,-1.0000E-01, 1.0000E+01, 1.7333E+00,
19:11:31.95334059, 6.6667E-02, 9.9333E+00, 1.4667E+00,
19:11:31.95334064, 0.0000E+00, 1.0067E+01, 1.7333E+00,
19:11:31.95334069, 0.0000E+00, 1.0067E+01, 1.6000E+00,
19:11:31.95334074, 3.3333E-02, 9.9333E+00, 1.2000E+00,
19:11:31.95334079, 6.6667E-02, 9.9333E+00, 1.2000E+00,
19:11:31.95334084, 0.0000E+00, 1.0067E+01, 1.6000E+00,
19:11:31.95334089, 3.3333E-02, 9.9333E+00, 1.6000E+00,
19:11:31.95334094, 3.3333E-02, 9.9333E+00, 1.6000E+00,
19:11:31.95334099, 0.0000E+00, 1.0067E+01, 1.8667E+00,
19:11:31.95334104,-6.6667E-02, 1.0000E+01, 1.6000E+00,
19:11:31.95334109,-6.6667E-02, 1.0000E+01, 1.3333E+00,
19:11:31.95334114, 1.0000E-01, 1.0000E+01, 1.4667E+00,
19:11:31.95334119, 3.3333E-02, 9.8667E+00, 1.3333E+00,
19:11:31.95334124, 3.3333E-02, 1.0000E+01, 1.2000E+00,
19:11:31.95334129, 0.0000E+00, 1.0200E+01, 1.4667E+00,
19:11:31.95334134, 6.6667E-02, 1.0000E+01, 1.4667E+00,
19:11:31.95334139, 3.3333E-02, 9.9333E+00, 1.6000E+00,
19:11:31.95334144, 3.3333E-02, 9.9333E+00, 1.7333E+00,
19:11:31.95334149, 3.3333E-02, 9.9333E+00, 1.4667E+00,
19:11:31.95334154,-3.3333E-02, 1.0000E+01, 1.3333E+00,
19:11:31.95334159, 3.3333E-02, 1.0000E+01, 1.8667E+00,
19:11:31.95334164, 6.6667E-02, 1.0067E+01, 1.4667E+00,
19:11:31.95334169, 0.0000E+00, 1.0133E+01, 1.6000E+00,
19:11:31.95334174, 6.6667E-02, 1.0000E+01, 1.6000E+00,
19:11:31.95334179, 0.0000E+00, 1.0000E+01, 1.6000E+00,
19:11:31.95334184, 1.0000E-01, 9.9333E+00, 1.2000E+00,
19:11:31.95334189, 0.0000E+00, 1.0000E+01, 1.3333E+00,
19:11:31.95334194, 3.3333E-02, 1.0000E+01, 1.2000E+00,
19:11:31.95334199,-3.3333E-02, 9.9333E+00, 1.6000E+00,
19:11:31.95334204, 3.3333E-02, 1.0000E+01, 1.4667E+00,
19:11:31.95334209,-3.3333E-02, 1.0067E+01, 1.7333E+00,
19:11:31.95334214, 6.6667E-02, 1.0067E+01, 1.3333E+00,
19:11:31.95334219, 3.3333E-02, 1.0000E+01, 1.3333E+00,
19:11:31.95334224, 6.6667E-02, 1.0067E+01, 1.3333E+00,
19:11:31.95334229, 3.3333E-02, 9.9333E+00, 1.4667E+00,
19:11:31.95334234,-3.3333E-02, 9.8000E+00, 1.6000E+00,
19:11:31.95334239, 0.0000E+00, 1.0000E+01, 1.6000E+00,
19:11:31.95334244,-3.3333E-02, 1.0000E+01, 1.4667E+00,
19:11:31.95334249, 3.3333E-02, 1.0000E+01, 1.4667E+00,
19:11:31.95334254, 3.3333E-02, 1.0133E+01, 1.7333E+00,
19:11:31.95334259, 3.3333E-02, 1.0000E+01, 1.7333E+00,
19:11:31.95334264, 3.3333E-02, 1.0067E+01, 1.6000E+00,
19:11:31.95334269, 3.3333E-02, 9.9333E+00, 1.3333E+00,
19:11:31.95334274, 0.0000E+00, 1.0067E+01, 1.4667E+00,
19:11:31.95334279, 3.3333E-02, 1.0067E+01, 1.4667E+00,
19:11:31.95334284,-3.3333E-02, 9.9333E+00, 1.8667E+00,
19:11:31.95334289, 3.3333E-02, 1.0000E+01, 1.3333E+00,
19:11:31.95334294, 0.0000E+00, 1.0067E+01, 1.3333E+00,
19:11:31.95334299, 3.3333E-02, 1.0000E+01, 1.3333E+00,
19:11:31.95334304, 3.3333E-02, 1.0133E+01, 1.6000E+00,
19:11:31.95334309, 0.0000E+00, 1.0000E+01, 1.6000E+00,
19:11:31.95334314,-3.3333E-02, 9.9333E+00, 1.4667E+00,
19:11:31.95334319, 6.6667E-02, 1.0000E+01, 1.4667E+00,
19:11:31.95334324, 0.0000E+00, 9.9333E+00, 1.4667E+00,
19:11:31.95334329, 3.3333E-02, 1.0133E+01, 1.3333E+00,
19:11:31.95334334, 3.3333E-02, 9.9333E+00, 1.3333E+00,
19:11:31.95334339, 0.0000E+00, 1.0133E+01, 1.3333E+00,
19:11:31.95334344, 0.0000E+00, 1.0000E+01, 1.4667E+00,
19:11:31.95334349, 6.6667E-02, 9.9333E+00, 1.6000E+00,
19:11:31.95334354, 1.0000E-01, 9.9333E+00, 1.4667E+00,
19:11:31.95334359, 0.0000E+00, 1.0000E+01, 1.4667E+00,
19:11:31.95334364, 0.0000E+00, 9.9333E+00, 1.3333E+00,
19:11:31.95334369, 3.3333E-02, 1.0000E+01, 1.2000E+00,
19:11:31.95334374, 0.0000E+00, 1.0067E+01, 1.3333E+00,
19:11:31.95334379, 3.3333E-02, 9.9333E+00, 1.2000E+00,
19:11:31.95334384, 0.0000E+00, 1.0000E+01, 1.6000E+00,
19:11:31.95334389, 3.3333E-02, 1.0000E+01, 1.4667E+00,
19:11:31.95334394,-3.3333E-02, 1.0067E+01, 1.4667E+00,
19:11:31.95334399, 6.6667E-02, 1.0000E+01, 1.7333E+00,
19:11:31.95334404, 6.6667E-02, 1.0067E+01, 1.4667E+00,
19:11:31.95334409, 0.0000E+00, 1.0000E+01, 1.3333E+00,
19:11:31.95334414, 1.0000E-01, 1.0067E+01, 1.3333E+00,
19:11:31.95334419, 3.3333E-02, 9.9333E+00, 1.3333E+00,
19:11:31.95334424, 0.0000E+00, 1.0000E+01, 1.4667E+00,
19:11:31.95334429, 0.0000E+00, 1.0000E+01, 1.2000E+00,
19:11:31.95334434, 3.3333E-02, 9.9333E+00, 1.2000E+00,
19:11:31.95334439,-3.3333E-02, 9.9333E+00, 1.7333E+00,
19:11:31.95334444,-3.3333E-02, 1.0000E+01, 1.2000E+00,
19:11:31.95334449, 3.3333E-02, 1.0067E+01, 1.6000E+00,
19:11:31.95334454, 1.0000E-01, 1.0000E+01, 1.3333E+00,
19:11:31.95334459,-1.0000E-01, 1.0000E+01, 1.6000E+00,
19:11:31.95334464, 1.0000E-01, 1.0133E+01, 1.4667E+00,
19:11:31.95334469, 3.3333E-02, 1.0067E+01, 1.2000E+00,
19:11:31.95334474,-3.3333E-02, 9.9333E+00, 1.3333E+00,
19:11:31.95334479,-3.3333E-02, 1.0000E+01, 1.0667E+00,
19:11:31.95334484, 3.3333E-02, 1.0067E+01, 1.2000E+00,
19:11:31.95334489, 0.0000E+00, 1.0067E+01, 1.4667E+00,
19:11:31.95334494, 6.6667E-02, 1.0000E+01, 1.6000E+00,
19:11:31.95334499, 0.0000E+00, 1.0200E+01, 1.3333E+00,
19:11:31.95334504,-6.6667E-02, 1.0000E+01, 1.6000E+00,
19:11:31.95334509,-6.6667E-02, 9.9333E+00, 1.6000E+00,
19:11:31.95334514, 3.3333E-02, 1.0000E+01, 1.6000E+00,
19:11:31.95334519, 0.0000E+00, 1.0000E+01, 1.6000E+00,
19:11:31.95334524,-3.3333E-02, 9.9333E+00, 1.6000E+00,
19:11:31.95334529, 3.3333E-02, 9.9333E+00, 1.3333E+00,
19:11:31.95334534, 6.6667E-02, 1.0000E+01, 1.3333E+00,
19:11:31.95334539, 6.6667E-02, 1.0000E+01, 1.6000E+00,
19:11:31.95334544,-3.3333E-02, 1.0067E+01, 1.2000E+00,
19:11:31.95334549, 0.0000E+00, 9.9333E+00, 1.4667E+00,
19:11:31.95334554, 6.6667E-02, 1.0000E+01, 1.4667E+00,
19:11:31.95334559, 0.0000E+00, 1.0133E+01, 1.3333E+00,
19:11:31.95334564, 6.6667E-02, 1.0000E+01, 1.0667E+00,
19:11:31.95334569,-1.0000E-01, 1.0000E+01, 1.3333E+00,
19:11:31.95334574,-3.3333E-02, 1.0067E+01, 1.3333E+00,
19:11:31.95334579, 3.3333E-02, 1.0000E+01, 1.6000E+00,
19:11:31.95334584, 3.3333E-02, 9.9333E+00, 1.7333E+00,
19:11:31.95334589, 0.0000E+00, 1.0000E+01, 1.6000E+00,
19:11:31.95334594, 1.0000E-01, 1.0000E+01, 1.4667E+00,
19:11:31.95334599, 0.0000E+00, 9.9333E+00, 1.3333E+00,
19:11:31.95334604, 1.0000E-01, 9.9333E+00, 1.6000E+00,
19:11:31.95334609, 0.0000E+00, 1.0067E+01, 1.3333E+00,
19:11:31.95334614, 0.0000E+00, 9.9333E+00, 9.3333E-01,
19:11:31.95334619, 3.3333E-02, 1.0000E+01, 1.6000E+00,
19:11:31.95334624, 3.3333E-02, 1.0067E+01, 1.6000E+00,
19:11:31.95334629, 3.3333E-02, 1.0000E+01, 1.6000E+00,
19:11:31.95334634, 6.6667E-02, 9.9333E+00, 1.4667E+00,
19:11:31.95334639,-3.3333E-02, 1.0200E+01, 1.4667E+00,
19:11:31.95334644, 6.6667E-02, 1.0133E+01, 1.6000E+00,
19:11:31.95334649, 0.0000E+00, 1.0067E+01, 1.4667E+00,
19:11:31.95334654, 3.3333E-02, 9.9333E+00, 1.3333E+00,
19:11:31.95334659, 0.0000E+00, 9.9333E+00, 1.6000E+00,
19:11:31.95334664, 0.0000E+00, 9.9333E+00, 1.7333E+00,
19:11:31.95334669, 3.3333E-02, 1.0000E+01, 1.7333E+00,
19:11:31.95334674,-3.3333E-02, 1.0000E+01, 1.4667E+00,
19:11:31.95334679, 0.0000E+00, 1.0000E+01, 1.4667E+00,
19:11:31.95334684,-6.6667E-02, 9.9333E+00, 1.7333E+00,
19:11:31.95334689, 6.6667E-02, 1.0067E+01, 1.4667E+00,
19:11:31.95334694,-6.6667E-02, 1.0000E+01, 1.4667E+00,
19:11:31.95334699, 3.3333E-02, 1.0133E+01, 1.7333E+00,
19:11:31.95334704, 3.3333E-02, 1.0067E+01, 1.4667E+00,
19:11:31.95334709,-3.3333E-02, 1.0067E+01, 1.4667E+00,
19:11:31.95334714, 0.0000E+00, 1.0000E+01, 1.4667E+00,
19:11:31.95334719, 3.3333E-02, 1.0067E+01, 1.4667E+00,
19:11:31.95334724, 0.0000E+00, 1.0000E+01, 1.7333E+00,
19:11:31.95334729, 0.0000E+00, 1.0133E+01, 1.7333E+00,
19:11:31.95334734, 3.3333E-02, 9.9333E+00, 1.6000E+00,
19:11:31.95334739, 0.0000E+00, 9.9333E+00, 1.6000E+00,
19:11:31.95334744, 0.0000E+00, 1.0133E+01, 1.4667E+00,
19:11:31.95334749, 3.3333E-02, 9.9333E+00, 1.4667E+00,
19:11:31.95334754, 0.0000E+00, 1.0067E+01, 1.6000E+00,
19:11:31.95334759,-6.6667E-02, 9.9333E+00, 1.4667E+00,
19:11:31.95334764, 3.3333E-02, 9.9333E+00, 1.0667E+00,
19:11:31.95334769, 0.0000E+00, 1.0067E+01, 1.6000E+00,
19:11:31.95334774,-3.3333E-02, 9.9333E+00, 1.3333E+00,
19:11:31.95334779, 3.3333E-02, 9.9333E+00, 1.4667E+00,
19:11:31.95334784, 6.6667E-02, 1.0067E+01, 1.3333E+00,
19:11:31.95334789,-3.3333E-02, 9.9333E+00, 1.7333E+00,
19:11:31.95334794, 1.0000E-01, 1.0000E+01, 1.3333E+00,
19:11:31.95334799, 0.0000E+00, 1.0067E+01, 1.3333E+00,
19:11:31.95334804, 6.6667E-02, 1.0000E+01, 1.3333E+00,
19:11:31.95334809,-3.3333E-02, 9.8667E+00, 1.3333E+00,
19:11:31.95334814,-6.6667E-02, 1.0000E+01, 1.3333E+00,
19:11:31.95334819, 3.3333E-02, 1.0000E+01, 1.4667E+00,
19:11:31.95334824, 0.0000E+00, 1.0133E+01, 1.4667E+00,
19:11:31.95334829,-3.3333E-02, 1.0200E+01, 1.2000E+00,
19:11:31.95334834, 6.6667E-02, 1.0000E+01, 1.7333E+00,
19:11:31.95334839,-3.3333E-02, 1.0133E+01, 1.3333E+00,
19:11:31.95334844, 6.6667E-02, 1.0067E+01, 1.6000E+00,
19:11:31.95334849, 6.6667E-02, 9.9333E+00, 1.3333E+00,
19:11:31.95334854, 6.6667E-02, 1.0133E+01, 1.3333E+00,
19:11:31.95334859, 3.3333E-02, 1.0000E+01, 1.6000E+00,
19:11:31.95334864, 0.0000E+00, 1.0000E+01, 1.3333E+00,
19:11:31.95334869, 6.6667E-02, 9.9333E+00, 1.4667E+00,
19:11:31.95334874, 3.3333E-02, 9.9333E+00, 1.4667E+00,
19:11:31.95334879, 6.6667E-02, 9.9333E+00, 1.3333E+00,
19:11:31.95334884,-3.3333E-02, 9.9333E+00, 1.6000E+00,
19:11:31.95334889, 0.0000E+00, 1.0000E+01, 1.6000E+00,
19:11:31.95334894, 1.3333E-01, 9.9333E+00, 1.7333E+00,
19:11:31.95334899, 3.3333E-02, 1.0000E+01, 1.3333E+00,
19:11:31.95334904, 6.6667E-02, 1.0133E+01, 1.4667E+00,
19:11:31.95334909, 0.0000E+00, 1.0000E+01, 1.4667E+00,
19:11:31.95334914, 3.3333E-02, 1.0000E+01, 1.7333E+00,
19:11:31.95334919, 3.3333E-02, 1.0067E+01, 1.4667E+00,
19:11:31.95334924, 0.0000E+00, 1.0200E+01, 1.7333E+00,
19:11:31.95334929, 3.3333E-02, 1.0000E+01, 1.7333E+00,
19:11:31.95334934, 6.6667E-02, 9.9333E+00, 1.3333E+00,
19:11:31.95334939, 6.6667E-02, 1.0067E+01, 1.6000E+00,
19:11:31.95334944, 0.0000E+00, 9.9333E+00, 1.6000E+00,
19:11:31.95334949,-3.3333E-02, 9.9333E+00, 1.6000E+00,
19:11:31.95334954, 6.6667E-02, 1.0000E+01, 1.2000E+00,
19:11:31.95334959, 6.6667E-02, 1.0133E+01, 1.3333E+00,
19:11:31.95334964, 0.0000E+00, 1.0000E+01, 1.4667E+00,
19:11:31.95334969, 3.3333E-02, 9.9333E+00, 1.7333E+00,
19:11:31.95334974, 3.3333E-02, 1.0067E+01, 1.8667E+00,
19:11:31.95334979, 3.3333E-02, 1.0067E+01, 1.4667E+00,
19:11:31.95334984,-3.3333E-02, 9.9333E+00, 1.4667E+00,
19:11:31.95334989, 6.6667E-02, 1.0000E+01, 1.6000E+00,
19:11:31.95334994, 0.0000E+00, 1.0000E+01, 1.2000E+00,
19:11:31.95334999, 6.6667E-02, 1.0000E+01, 1.4667E+00,
19:11:31.95335004, 3.3333E-02, 1.0133E+01, 1.7333E+00,
19:11:31.95335009, 3.3333E-02, 1.0067E+01, 1.3333E+00,
19:11:31.95335014, 0.0000E+00, 1.0000E+01, 1.7333E+00,
19:11:31.95335019,-3.3333E-02, 9.9333E+00, 1.7333E+00,
19:11:31.95335024, 3.3333E-02, 1.0000E+01, 1.3333E+00,
19:11:31.95335029, 3.3333E-02, 1.0000E+01, 1.4667E+00,
19:11:31.95335034, 6.6667E-02, 1.0000E+01, 1.6000E+00,
19:11:31.95335039,-3.3333E-02, 9.9333E+00, 1.6000E+00,
19:11:31.95335044, 0.0000E+00, 9.9333E+00, 1.4667E+00,
19:11:31.95335049, 0.0000E+00, 1.0000E+01, 1.6000E+00,
19:11:31.95335054, 0.0000E+00, 1.0000E+01, 1.4667E+00,
19:11:31.95335059,-3.3333E-02, 9.9333E+00, 1.4667E+00,
19:11:31.95335064, 3.3333E-02, 1.0000E+01, 1.6000E+00,
19:11:31.95335069, 3.3333E-02, 9.9333E+00, 1.3333E+00,
19:11:31.95335074, 0.0000E+00, 1.0067E+01, 1.6000E+00,
19:11:31.95335079, 3.3333E-02, 1.0067E+01, 1.6000E+00,
19:11:31.95335084,-6.6667E-02, 1.0067E+01, 1.7333E+00,
19:11:31.95335089, 6.6667E-02, 9.9333E+00, 1.7333E+00,
19:11:31.95335094, 6.6667E-02, 1.0000E+01, 1.4667E+00,
19:11:31.95335099, 0.0000E+00, 9.9333E+00, 1.3333E+00,
19:11:31.95335104, 3.3333E-02, 1.0133E+01, 1.3333E+00,
19:11:31.95335109, 3.3333E-02, 1.0000E+01, 1.4667E+00,
19:11:31.95335114, 0.0000E+00, 9.9333E+00, 1.2000E+00,
19:11:31.95335119, 0.0000E+00, 9.9333E+00, 1.6000E+00,
19:11:31.95335124, 0.0000E+00, 9.9333E+00, 1.3333E+00,
19:11:31.95335129, 3.3333E-02, 1.0133E+01, 1.6000E+00,
19:11:31.95335134, 6.6667E-02, 9.9333E+00, 1.4667E+00,
19:11:31.95335139, 0.0000E+00, 9.9333E+00, 1.6000E+00,
19:11:31.95335144, 0.0000E+00, 9.9333E+00, 1.4667E+00,
19:11:31.95335149, 0.0000E+00, 1.0000E+01, 1.6000E+00,
19:11:31.95335154,-3.3333E-02, 9.9333E+00, 1.6000E+00,
19:11:31.95335159, 3.3333E-02, 1.0000E+01, 1.4667E+00,
19:11:31.95335164, 0.0000E+00, 1.0067E+01, 1.3333E+00,
19:11:31.95335169,-3.3333E-02, 1.0000E+01, 1.2000E+00,
19:11:31.95335174, 6.6667E-02, 1.0067E+01, 1.6000E+00,
19:11:31.95335179,-6.6667E-02, 9.9333E+00, 1.6000E+00,
19:11:31.95335184, 3.3333E-02, 1.0000E+01, 1.6000E+00,
19:11:31.95335189, 6.6667E-02, 9.9333E+00, 1.4667E+00,
19:11:31.95335194, 3.3333E-02, 1.0000E+01, 1.2000E+00,
19:11:31.95335199, 6.6667E-02, 9.9333E+00, 1.6000E+00,
19:11:31.95335204, 0.0000E+00, 9.8667E+00, 1.3333E+00,
19:11:31.95335209, 0.0000E+00, 1.0067E+01, 1.2000E+00,
19:11:31.95335214, 0.0000E+00, 9.9333E+00, 1.6000E+00,
19:11:31.95335219, 0.0000E+00, 1.0000E+01, 1.3333E+00,
19:11:31.95335224, 1.3333E-01, 1.0067E+01, 1.6000E+00,
19:11:31.95335229, 6.6667E-02, 1.0000E+01, 1.3333E+00,
19:11:31.95335234, 0.0000E+00, 1.0000E+01, 1.4667E+00,
19:11:31.95335239, 6.6667E-02, 1.0067E+01, 1.4667E+00,
19:11:31.95335244, 1.3333E-01, 1.0000E+01, 1.3333E+00,
19:11:31.95335249,-3.3333E-02, 1.0000E+01, 1.6000E+00,
19:11:31.95335254, 0.0000E+00, 1.0000E+01, 1.3333E+00,
19:11:31.95335259, 6.6667E-02, 9.9333E+00, 1.4667E+00,
19:11:31.95335264, 0.0000E+00, 1.0067E+01, 1.7333E+00,
19:11:31.95335269, 3.3333E-02, 9.9333E+00, 1.6000E+00,
19:11:31.95335274, 6.6667E-02, 1.0000E+01, 1.8667E+00,
19:11:31.95335279, 0.0000E+00, 1.0067E+01, 1.3333E+00,
19:11:31.95335284,-3.3333E-02, 1.0000E+01, 1.2000E+00,
19:11:31.95335289,-3.3333E-02, 1.0067E+01, 1.6000E+00,
19:11:31.95335294, 6.6667E-02, 9.9333E+00, 1.3333E+00,
19:11:31.95335299, 0.0000E+00, 1.0000E+01, 1.3333E+00,
19:11:31.95335304, 0.0000E+00, 1.0000E+01, 1.4667E+00,
19:11:31.95335309, 0.0000E+00, 1.0067E+01, 1.6000E+00,
19:11:31.95335314, 3.3333E-02, 1.0000E+01, 1.7333E+00,
19:11:31.95335319, 6.6667E-02, 1.0000E+01, 1.7333E+00,
19:11:31.95335324, 0.0000E+00, 9.9333E+00, 1.8667E+00,
19:11:31.95335329,-3.3333E-02, 9.9333E+00, 1.6000E+00,
19:11:31.95335334, 0.0000E+00, 1.0133E+01, 1.3333E+00,
19:11:31.95335339, 0.0000E+00, 1.0067E+01, 1.4667E+00,
19:11:31.95335344,-3.3333E-02, 1.0000E+01, 1.4667E+00,
19:11:31.95335349,-1.0000E-01, 9.9333E+00, 1.3333E+00,
19:11:31.95335354, 3.3333E-02, 9.9333E+00, 1.6000E+00,
19:11:31.95335359, 0.0000E+00, 1.0133E+01, 1.6000E+00,
19:11:31.95335364, 0.0000E+00, 9.9333E+00, 1.6000E+00,
19:11:31.95335369, 6.6667E-02, 1.0000E+01, 1.7333E+00,
19:11:31.95335374, 3.3333E-02, 9.9333E+00, 1.7333E+00,
19:11:31.95335379, 3.3333E-02, 9.9333E+00, 1.8667E+00,
19:11:31.95335384, 3.3333E-02, 9.9333E+00, 1.0667E+00,
19:11:31.95335389, 1.0000E-01, 1.0067E+01, 1.3333E+00,
19:11:31.95335394, 0.0000E+00, 9.9333E+00, 1.3333E+00,
19:11:31.95335399, 6.6667E-02, 9.9333E+00, 1.3333E+00,
19:11:31.95335404,-3.3333E-02, 1.0000E+01, 1.4667E+00,
19:11:31.95335409, 0.0000E+00, 1.0067E+01, 1.4667E+00,
19:11:31.95335414, 3.3333E-02, 1.0133E+01, 1.2000E+00,
19:11:31.95335419, 3.3333E-02, 1.0067E+01, 1.2000E+00,
19:11:31.95335424, 3.3333E-02, 1.0067E+01, 1.2000E+00,
19:11:31.95335429, 6.6667E-02, 1.0067E+01, 1.6000E+00,
19:11:31.95335434,-3.3333E-02, 1.0000E+01, 1.4667E+00,
19:11:31.95335439, 0.0000E+00, 9.8000E+00, 1.6000E+00,
19:11:31.95335444, 0.0000E+00, 1.0067E+01, 1.4667E+00,
19:11:31.95335449, 0.0000E+00, 1.0067E+01, 1.7333E+00,
19:11:31.95335454, 6.6667E-02, 1.0000E+01, 1.4667E+00,
19:11:31.95335459, 0.0000E+00, 9.9333E+00, 1.6000E+00,
19:11:31.95335464, 6.6667E-02, 9.9333E+00, 1.6000E+00,
19:11:31.95335469, 3.3333E-02, 1.0000E+01, 1.2000E+00,
19:11:31.95335474,-3.3333E-02, 1.0000E+01, 1.4667E+00,
19:11:31.95335479, 3.3333E-02, 9.9333E+00, 1.6000E+00,
19:11:31.95335484, 3.3333E-02, 1.0067E+01, 1.4667E+00,
19:11:31.95335489,-3.3333E-02, 1.0267E+01, 1.2000E+00,
19:11:31.95335494,-6.6667E-02, 1.0133E+01, 1.2000E+00,
19:11:31.95335499, 0.0000E+00, 1.0133E+01, 1.0667E+00,
19:11:31.95335504,-3.3333E-02, 1.0000E+01, 1.4667E+00,
19:11:31.95335509, 3.3333E-02, 9.9333E+00, 1.7333E+00,
19:11:31.95335514,-6.6667E-02, 1.0067E+01, 1.6000E+00,
19:11:31.95335519, 6.6667E-02, 9.9333E+00, 1.4667E+00,
19:11:31.95335524, 0.0000E+00, 1.0000E+01, 1.7333E+00,
19:11:31.95335529, 0.0000E+00, 1.0000E+01, 1.6000E+00,
19:11:31.95335534,-3.3333E-02, 1.0000E+01, 1.3333E+00,
19:11:31.95335539,-3.3333E-02, 1.0067E+01, 1.2000E+00,
19:11:31.95335544, 0.0000E+00, 1.0000E+01, 1.2000E+00,
19:11:31.95335549,-3.3333E-02, 1.0067E+01, 1.7333E+00,
19:11:31.95335554, 6.6667E-02, 9.9333E+00, 1.4667E+00,
19:11:31.95335559, 3.3333E-02, 1.0000E+01, 1.3333E+00,
19:11:31.95335564, 3.3333E-02, 1.0133E+01, 1.3333E+00,
19:11:31.95335569,-1.0000E-01, 1.0133E+01, 1.3333E+00,
19:11:31.95335574, 6.6667E-02, 1.0000E+01, 1.4667E+00,
19:11:31.95335579,-3.3333E-02, 9.9333E+00, 1.7333E+00,
19:11:31.95335584,-6.6667E-02, 9.9333E+00, 1.6000E+00,
19:11:31.95335589, 3.3333E-02, 1.0067E+01, 1.4667E+00,
19:11:31.95335594, 1.0000E-01, 1.0000E+01, 1.6000E+00,
19:11:31.95335599, 3.3333E-02, 9.9333E+00, 1.4667E+00,
19:11:31.95335604, 3.3333E-02, 9.9333E+00, 1.3333E+00,
19:11:31.95335609, 6.6667E-02, 9.9333E+00, 1.3333E+00,
19:11:31.95335614, 0.0000E+00, 1.0000E+01, 1.4667E+00,
19:11:31.95335619, 0.0000E+00, 1.0000E+01, 1.6000E+00,
19:11:31.95335624, 6.6667E-02, 1.0067E+01, 1.2000E+00,
19:11:31.95335629, 3.3333E-02, 9.9333E+00, 1.6000E+00,
19:11:31.95335634,-6.6667E-02, 1.0000E+01, 1.4667E+00,
19:11:31.95335639, 0.0000E+00, 9.9333E+00, 1.3333E+00,
19:11:31.95335644, 3.3333E-02, 1.0000E+01, 1.0667E+00,
19:11:31.95335649, 0.0000E+00, 1.0000E+01, 1.4667E+00,
19:11:31.95335654, 3.3333E-02, 1.0000E+01, 1.3333E+00,
19:11:31.95335659,-3.3333E-02, 1.0067E+01, 1.3333E+00,
19:11:31.95335664,-3.3333E-02, 1.0000E+01, 1.4667E+00,
19:11:31.95335669, 3.3333E-02, 1.0067E+01, 1.4667E+00,
19:11:31.95335674, 3.3333E-02, 1.0000E+01, 1.4667E+00,
19:11:31.95335679,-6.6667E-02, 1.0067E+01, 1.4667E+00,
19:11:31.95335684, 0.0000E+00, 1.0000E+01, 1.2000E+00,
19:11:31.95335689, 6.6667E-02, 1.0000E+01, 1.6000E+00,
19:11:31.95335694,-3.3333E-02, 9.9333E+00, 1.6000E+00,
19:11:31.95335699, 3.3333E-02, 9.9333E+00, 1.7333E+00,
19:11:31.95335704, 3.3333E-02, 1.0067E+01, 1.8667E+00,
19:11:31.95335709, 3.3333E-02, 9.9333E+00, 1.3333E+00,
19:11:31.95335714, 3.3333E-02, 1.0067E+01, 1.3333E+00,
19:11:31.95335719,-3.3333E-02, 1.0000E+01, 1.4667E+00,
19:11:31.95335724, 6.6667E-02, 1.0267E+01, 1.4667E+00,
19:11:31.95335729, 1.0000E-01, 9.9333E+00, 1.0667E+00,
19:11:31.95335734, 0.0000E+00, 1.0000E+01, 1.4667E+00,
19:11:31.95335739, 3.3333E-02, 9.9333E+00, 1.3333E+00,
19:11:31.95335744, 3.3333E-02, 9.9333E+00, 1.3333E+00,
19:11:31.95335749, 1.0000E-01, 1.0000E+01, 1.2000E+00,
19:11:31.95335754, 0.0000E+00, 1.0067E+01, 1.2000E+00,
19:11:31.95335759, 3.3333E-02, 1.0067E+01, 1.8667E+00,
19:11:31.95335764, 3.3333E-02, 9.9333E+00, 1.3333E+00,
19:11:31.95335769, 3.3333E-02, 1.0133E+01, 1.7333E+00,
19:11:31.95335774,-1.0000E-01, 1.0067E+01, 1.3333E+00,
19:11:31.95335779, 6.6667E-02, 9.9333E+00, 1.4667E+00,
19:11:31.95335784, 6.6667E-02, 1.0000E+01, 1.3333E+00,
19:11:31.95335789, 6.6667E-02, 1.0000E+01, 1.2000E+00,
19:11:31.95335794,-6.6667E-02, 1.0000E+01, 1.3333E+00,
19:11:31.95335799, 3.3333E-02, 9.9333E+00, 1.6000E+00,
19:11:31.95335804, 6.6667E-02, 1.0000E+01, 1.3333E+00,
19:11:31.95335809, 3.3333E-02, 9.9333E+00, 1.6000E+00,
19:11:31.95335814, 3.3333E-02, 1.0067E+01, 1.7333E+00,
19:11:31.95335819,-3.3333E-02, 9.9333E+00, 1.7333E+00,
19:11:31.95335824,-3.3333E-02, 1.0000E+01, 1.4667E+00,
19:11:31.95335829, 0.0000E+00, 1.0000E+01, 1.3333E+00,
19:11:31.95335834, 6.6667E-02, 9.9333E+00, 1.3333E+00,
19:11:31.95335839, 6.6667E-02, 9.9333E+00, 1.3333E+00,
19:11:31.95335844,-1.0000E-01, 1.0000E+01, 1.6000E+00,
19:11:31.95335849, 3.3333E-02, 9.9333E+00, 1.3333E+00,
19:11:31.95335854, 1.3333E-01, 1.0000E+01, 1.6000E+00,
19:11:31.95335859, 0.0000E+00, 1.0000E+01, 1.3333E+00,
19:11:31.95335864, 6.6667E-02, 1.0067E+01, 1.6000E+00,
19:11:31.95335869, 0.0000E+00, 9.9333E+00, 1.3333E+00,
19:11:31.95335874, 3.3333E-02, 1.0133E+01, 1.3333E+00,
19:11:31.95335879, 3.3333E-02, 1.0067E+01, 1.2000E+00,
19:11:31.95335884, 3.3333E-02, 1.0000E+01, 1.3333E+00,
19:11:31.95335889, 6.6667E-02, 9.9333E+00, 1.6000E+00,
19:11:31.95335894, 0.0000E+00, 1.0000E+01, 1.4667E+00,
19:11:31.95335899, 6.6667E-02, 1.0067E+01, 1.6000E+00,
19:11:31.95335904, 3.3333E-02, 1.0000E+01, 1.3333E+00,
19:11:31.95335909, 0.0000E+00, 1.0000E+01, 1.3333E+00,
19:11:31.95335914, 0.0000E+00, 9.9333E+00, 1.3333E+00,
19:11:31.95335919, 0.0000E+00, 1.0067E+01, 1.3333E+00,
19:11:31.95335924, 0.0000E+00, 1.0067E+01, 1.3333E+00,
19:11:31.95335929, 3.3333E-02, 9.8667E+00, 1.2000E+00,
19:11:31.95335934, 0.0000E+00, 1.0000E+01, 1.3333E+00,
19:11:31.95335939, 0.0000E+00, 1.0000E+01, 1.3333E+00,
19:11:31.95335944,-3.3333E-02, 1.0133E+01, 1.3333E+00,
19:11:31.95335949, 0.0000E+00, 9.9333E+00, 1.3333E+00,
19:11:31.95335954,-3.3333E-02, 1.0067E+01, 1.4667E+00,
19:11:31.95335959, 3.3333E-02, 1.0067E+01, 1.7333E+00,
19:11:31.95335964, 0.0000E+00, 1.0000E+01, 1.6000E+00,
19:11:31.95335969, 3.3333E-02, 1.0000E+01, 1.4667E+00,
19:11:31.95335974, 0.0000E+00, 9.9333E+00, 1.6000E+00,
