"Header Size"           ,15              
"Model Name"            ,"DL850EV       "
"Comment"               ,"                         "
"BlockNumber"           ,1               
"TraceName"             ,"Vgate         ","Vds           ","Id            "
"BlockSize"             ,4004            ,4004            ,4004            
"VUnit"                 ,"V             ","V             ","A             "
"SampleRate"            ,20000000.000000 ,20000000.000000 ,20000000.000000 
"HResolution"           ,5.000000e-08    ,5.000000e-08    ,5.000000e-08    
"HOffset"               ,-4.000000e-05   ,-4.000000e-05   ,-4.000000e-05   
"HUnit"                 ,"s             ","s             ","s             "
"DisplayPointNo."       ,1               ,1               ,1               
"PhaseShift"            ,1               ,1               ,1               
"Date"                  ,"2026/04/15    ","2026/04/15    ","2026/04/15    "
"Time"                  ,"12:51:35.15252335","12:51:35.15252335","12:51:35.15252335"

12:51:35.15248335, 0.0000E+00, 3.8667E-01, 0.0000E+00,
12:51:35.15248340, 0.0000E+00, 3.4667E-01, 0.0000E+00,
12:51:35.15248345,-1.0000E-01, 3.7333E-01,-3.3333E-01,
12:51:35.15248350, 6.6667E-02, 3.4667E-01, 3.3333E-01,
12:51:35.15248355, 6.6667E-02, 3.4667E-01,-6.6667E-01,
12:51:35.15248360, 0.0000E+00, 3.4667E-01,-3.3333E-01,
12:51:35.15248365, 3.3333E-02, 3.3333E-01, 0.0000E+00,
12:51:35.15248370, 3.3333E-02, 3.6000E-01, 6.6667E-01,
12:51:35.15248375, 0.0000E+00, 3.4667E-01,-6.6667E-01,
12:51:35.15248380, 0.0000E+00, 3.2000E-01,-3.3333E-01,
12:51:35.15248385,-3.3333E-02, 3.4667E-01,-3.3333E-01,
12:51:35.15248390, 3.3333E-02, 3.3333E-01, 0.0000E+00,
12:51:35.15248395, 6.6667E-02, 3.6000E-01, 0.0000E+00,
12:51:35.15248400,-3.3333E-02, 3.4667E-01, 0.0000E+00,
12:51:35.15248405, 3.3333E-02, 3.6000E-01,-6.6667E-01,
12:51:35.15248410, 6.6667E-02, 3.4667E-01,-3.3333E-01,
12:51:35.15248415, 3.3333E-02, 3.4667E-01, 3.3333E-01,
12:51:35.15248420, 3.3333E-02, 3.4667E-01,-3.3333E-01,
12:51:35.15248425, 0.0000E+00, 3.4667E-01, 0.0000E+00,
12:51:35.15248430, 0.0000E+00, 3.4667E-01, 6.6667E-01,
12:51:35.15248435,-3.3333E-02, 3.7333E-01, 3.3333E-01,
12:51:35.15248440, 0.0000E+00, 3.7333E-01,-3.3333E-01,
12:51:35.15248445,-1.0000E-01, 3.4667E-01, 6.6667E-01,
12:51:35.15248450, 6.6667E-02, 3.7333E-01,-3.3333E-01,
12:51:35.15248455, 6.6667E-02, 3.6000E-01,-6.6667E-01,
12:51:35.15248460, 3.3333E-02, 3.6000E-01, 3.3333E-01,
12:51:35.15248465,-6.6667E-02, 3.6000E-01, 6.6667E-01,
12:51:35.15248470, 6.6667E-02, 3.6000E-01, 0.0000E+00,
12:51:35.15248475, 0.0000E+00, 3.4667E-01,-3.3333E-01,
12:51:35.15248480, 0.0000E+00, 3.6000E-01, 0.0000E+00,
12:51:35.15248485, 6.6667E-02, 3.7333E-01, 0.0000E+00,
12:51:35.15248490, 3.3333E-02, 3.7333E-01, 0.0000E+00,
12:51:35.15248495, 0.0000E+00, 3.6000E-01, 3.3333E-01,
12:51:35.15248500, 6.6667E-02, 3.4667E-01, 6.6667E-01,
12:51:35.15248505, 3.3333E-02, 3.4667E-01,-6.6667E-01,
12:51:35.15248510, 3.3333E-02, 3.4667E-01, 6.6667E-01,
12:51:35.15248515, 1.0000E-01, 3.6000E-01, 0.0000E+00,
12:51:35.15248520, 3.3333E-02, 3.6000E-01, 6.6667E-01,
12:51:35.15248525, 1.0000E-01, 3.4667E-01,-3.3333E-01,
12:51:35.15248530,-3.3333E-02, 3.3333E-01, 0.0000E+00,
12:51:35.15248535, 6.6667E-02, 3.4667E-01, 0.0000E+00,
12:51:35.15248540,-3.3333E-02, 3.4667E-01, 3.3333E-01,
12:51:35.15248545, 3.3333E-02, 3.4667E-01, 3.3333E-01,
12:51:35.15248550,-1.0000E-01, 3.6000E-01,-3.3333E-01,
12:51:35.15248555, 3.3333E-02, 3.4667E-01, 0.0000E+00,
12:51:35.15248560, 0.0000E+00, 3.3333E-01, 0.0000E+00,
12:51:35.15248565, 3.3333E-02, 3.4667E-01, 1.0000E+00,
12:51:35.15248570, 0.0000E+00, 3.4667E-01, 0.0000E+00,
12:51:35.15248575, 3.3333E-02, 3.2000E-01, 3.3333E-01,
12:51:35.15248580, 0.0000E+00, 3.4667E-01, 6.6667E-01,
12:51:35.15248585, 0.0000E+00, 3.6000E-01,-3.3333E-01,
12:51:35.15248590, 3.3333E-02, 3.6000E-01, 3.3333E-01,
12:51:35.15248595, 0.0000E+00, 3.7333E-01,-3.3333E-01,
12:51:35.15248600,-3.3333E-02, 3.4667E-01,-3.3333E-01,
12:51:35.15248605, 0.0000E+00, 3.3333E-01, 3.3333E-01,
12:51:35.15248610, 6.6667E-02, 3.7333E-01, 0.0000E+00,
12:51:35.15248615, 3.3333E-02, 3.4667E-01, 0.0000E+00,
12:51:35.15248620, 6.6667E-02, 3.4667E-01,-3.3333E-01,
12:51:35.15248625, 3.3333E-02, 3.4667E-01, 3.3333E-01,
12:51:35.15248630, 3.3333E-02, 3.2000E-01,-1.0000E+00,
12:51:35.15248635,-6.6667E-02, 3.3333E-01,-3.3333E-01,
12:51:35.15248640, 3.3333E-02, 3.4667E-01, 6.6667E-01,
12:51:35.15248645, 0.0000E+00, 3.4667E-01, 0.0000E+00,
12:51:35.15248650, 0.0000E+00, 3.3333E-01, 0.0000E+00,
12:51:35.15248655, 3.3333E-02, 3.6000E-01,-3.3333E-01,
12:51:35.15248660, 3.3333E-02, 3.4667E-01, 0.0000E+00,
12:51:35.15248665, 3.3333E-02, 3.6000E-01, 0.0000E+00,
12:51:35.15248670,-3.3333E-02, 3.3333E-01, 0.0000E+00,
12:51:35.15248675, 6.6667E-02, 3.4667E-01, 0.0000E+00,
12:51:35.15248680, 0.0000E+00, 3.4667E-01, 0.0000E+00,
12:51:35.15248685, 1.3333E-01, 3.4667E-01,-3.3333E-01,
12:51:35.15248690,-3.3333E-02, 3.7333E-01, 0.0000E+00,
12:51:35.15248695, 3.3333E-02, 3.6000E-01, 0.0000E+00,
12:51:35.15248700, 3.3333E-02, 3.4667E-01, 0.0000E+00,
12:51:35.15248705, 6.6667E-02, 3.4667E-01, 0.0000E+00,
12:51:35.15248710, 0.0000E+00, 3.7333E-01,-3.3333E-01,
12:51:35.15248715,-3.3333E-02, 3.6000E-01, 3.3333E-01,
12:51:35.15248720, 0.0000E+00, 3.6000E-01,-1.0000E+00,
12:51:35.15248725,-6.6667E-02, 3.4667E-01, 0.0000E+00,
12:51:35.15248730, 3.3333E-02, 3.4667E-01, 0.0000E+00,
12:51:35.15248735, 3.3333E-02, 3.4667E-01, 0.0000E+00,
12:51:35.15248740, 3.3333E-02, 3.4667E-01,-3.3333E-01,
12:51:35.15248745, 3.3333E-02, 3.4667E-01, 3.3333E-01,
12:51:35.15248750, 0.0000E+00, 3.7333E-01,-3.3333E-01,
12:51:35.15248755, 0.0000E+00, 3.4667E-01, 3.3333E-01,
12:51:35.15248760, 6.6667E-02, 3.4667E-01, 0.0000E+00,
12:51:35.15248765, 0.0000E+00, 3.4667E-01, 6.6667E-01,
12:51:35.15248770,-3.3333E-02, 3.4667E-01, 0.0000E+00,
12:51:35.15248775, 6.6667E-02, 3.4667E-01, 0.0000E+00,
12:51:35.15248780, 0.0000E+00, 3.4667E-01, 6.6667E-01,
12:51:35.15248785, 3.3333E-02, 3.4667E-01, 6.6667E-01,
12:51:35.15248790, 0.0000E+00, 3.3333E-01, 0.0000E+00,
12:51:35.15248795, 3.3333E-02, 3.6000E-01, 0.0000E+00,
12:51:35.15248800, 6.6667E-02, 3.6000E-01, 3.3333E-01,
12:51:35.15248805, 6.6667E-02, 3.4667E-01, 6.6667E-01,
12:51:35.15248810, 0.0000E+00, 3.4667E-01, 0.0000E+00,
12:51:35.15248815,-3.3333E-02, 3.7333E-01,-3.3333E-01,
12:51:35.15248820, 1.0000E-01, 3.4667E-01,-6.6667E-01,
12:51:35.15248825, 3.3333E-02, 3.4667E-01, 0.0000E+00,
12:51:35.15248830,-3.3333E-02, 3.4667E-01,-6.6667E-01,
12:51:35.15248835, 0.0000E+00, 3.4667E-01, 3.3333E-01,
12:51:35.15248840, 0.0000E+00, 3.4667E-01, 0.0000E+00,
12:51:35.15248845, 0.0000E+00, 3.7333E-01, 0.0000E+00,
12:51:35.15248850, 0.0000E+00, 3.3333E-01, 0.0000E+00,
12:51:35.15248855, 3.3333E-02, 3.2000E-01,-3.3333E-01,
12:51:35.15248860, 3.3333E-02, 3.4667E-01, 3.3333E-01,
12:51:35.15248865,-1.0000E-01, 3.6000E-01, 6.6667E-01,
12:51:35.15248870, 3.3333E-02, 3.4667E-01,-6.6667E-01,
12:51:35.15248875, 0.0000E+00, 3.4667E-01, 3.3333E-01,
12:51:35.15248880,-3.3333E-02, 3.4667E-01,-3.3333E-01,
12:51:35.15248885,-6.6667E-02, 3.6000E-01,-3.3333E-01,
12:51:35.15248890, 6.6667E-02, 3.6000E-01, 0.0000E+00,
12:51:35.15248895, 0.0000E+00, 3.4667E-01,-3.3333E-01,
12:51:35.15248900, 6.6667E-02, 3.6000E-01, 3.3333E-01,
12:51:35.15248905,-3.3333E-02, 3.6000E-01, 3.3333E-01,
12:51:35.15248910, 0.0000E+00, 3.6000E-01, 3.3333E-01,
12:51:35.15248915, 0.0000E+00, 3.4667E-01, 3.3333E-01,
12:51:35.15248920,-6.6667E-02, 3.3333E-01,-6.6667E-01,
12:51:35.15248925,-3.3333E-02, 3.4667E-01, 6.6667E-01,
12:51:35.15248930,-3.3333E-02, 3.4667E-01, 0.0000E+00,
12:51:35.15248935, 3.3333E-02, 3.7333E-01,-3.3333E-01,
12:51:35.15248940, 6.6667E-02, 3.6000E-01,-3.3333E-01,
12:51:35.15248945, 6.6667E-02, 3.4667E-01, 6.6667E-01,
12:51:35.15248950, 6.6667E-02, 3.4667E-01,-3.3333E-01,
12:51:35.15248955, 0.0000E+00, 3.6000E-01, 6.6667E-01,
12:51:35.15248960,-3.3333E-02, 3.6000E-01, 3.3333E-01,
12:51:35.15248965, 3.3333E-02, 3.3333E-01, 3.3333E-01,
12:51:35.15248970, 0.0000E+00, 3.6000E-01,-3.3333E-01,
12:51:35.15248975, 3.3333E-02, 3.6000E-01,-6.6667E-01,
12:51:35.15248980, 0.0000E+00, 3.4667E-01, 3.3333E-01,
12:51:35.15248985, 6.6667E-02, 3.4667E-01,-3.3333E-01,
12:51:35.15248990, 3.3333E-02, 3.6000E-01, 3.3333E-01,
12:51:35.15248995,-3.3333E-02, 3.3333E-01, 6.6667E-01,
12:51:35.15249000, 3.3333E-02, 3.4667E-01, 3.3333E-01,
12:51:35.15249005, 0.0000E+00, 3.7333E-01, 6.6667E-01,
12:51:35.15249010, 1.0000E-01, 3.6000E-01, 0.0000E+00,
12:51:35.15249015, 0.0000E+00, 3.4667E-01, 3.3333E-01,
12:51:35.15249020,-6.6667E-02, 3.4667E-01,-3.3333E-01,
12:51:35.15249025, 3.3333E-02, 3.6000E-01, 0.0000E+00,
12:51:35.15249030, 0.0000E+00, 3.2000E-01, 0.0000E+00,
12:51:35.15249035, 6.6667E-02, 3.4667E-01, 0.0000E+00,
12:51:35.15249040, 3.3333E-02, 3.6000E-01, 3.3333E-01,
12:51:35.15249045, 0.0000E+00, 3.4667E-01, 6.6667E-01,
12:51:35.15249050, 3.3333E-02, 3.4667E-01, 0.0000E+00,
12:51:35.15249055,-1.0000E-01, 3.4667E-01,-6.6667E-01,
12:51:35.15249060,-3.3333E-02, 3.4667E-01,-3.3333E-01,
12:51:35.15249065, 3.3333E-02, 3.3333E-01, 0.0000E+00,
12:51:35.15249070, 0.0000E+00, 3.4667E-01,-3.3333E-01,
12:51:35.15249075, 6.6667E-02, 3.8667E-01, 6.6667E-01,
12:51:35.15249080, 0.0000E+00, 3.8667E-01,-6.6667E-01,
12:51:35.15249085, 0.0000E+00, 3.4667E-01,-6.6667E-01,
12:51:35.15249090, 0.0000E+00, 3.7333E-01, 0.0000E+00,
12:51:35.15249095, 0.0000E+00, 3.3333E-01, 3.3333E-01,
12:51:35.15249100, 0.0000E+00, 3.4667E-01,-3.3333E-01,
12:51:35.15249105, 0.0000E+00, 3.3333E-01,-3.3333E-01,
12:51:35.15249110, 3.3333E-02, 3.6000E-01, 0.0000E+00,
12:51:35.15249115, 3.3333E-02, 3.6000E-01, 3.3333E-01,
12:51:35.15249120, 3.3333E-02, 3.4667E-01,-6.6667E-01,
12:51:35.15249125, 6.6667E-02, 3.6000E-01,-3.3333E-01,
12:51:35.15249130, 3.3333E-02, 3.2000E-01, 0.0000E+00,
12:51:35.15249135,-3.3333E-02, 3.4667E-01,-3.3333E-01,
12:51:35.15249140, 6.6667E-02, 3.4667E-01, 0.0000E+00,
12:51:35.15249145,-6.6667E-02, 3.7333E-01, 6.6667E-01,
12:51:35.15249150, 6.6667E-02, 3.4667E-01,-3.3333E-01,
12:51:35.15249155, 6.6667E-02, 3.7333E-01, 3.3333E-01,
12:51:35.15249160, 3.3333E-02, 3.4667E-01,-3.3333E-01,
12:51:35.15249165, 0.0000E+00, 3.4667E-01,-3.3333E-01,
12:51:35.15249170,-6.6667E-02, 3.4667E-01,-3.3333E-01,
12:51:35.15249175, 3.3333E-02, 3.4667E-01, 3.3333E-01,
12:51:35.15249180, 0.0000E+00, 3.4667E-01, 0.0000E+00,
12:51:35.15249185,-6.6667E-02, 3.4667E-01, 3.3333E-01,
12:51:35.15249190, 3.3333E-02, 3.8667E-01, 0.0000E+00,
12:51:35.15249195, 3.3333E-02, 3.4667E-01, 0.0000E+00,
12:51:35.15249200, 0.0000E+00, 3.4667E-01, 0.0000E+00,
12:51:35.15249205, 3.3333E-02, 3.4667E-01,-6.6667E-01,
12:51:35.15249210, 0.0000E+00, 3.3333E-01,-3.3333E-01,
12:51:35.15249215, 0.0000E+00, 3.8667E-01, 3.3333E-01,
12:51:35.15249220, 0.0000E+00, 3.6000E-01,-3.3333E-01,
12:51:35.15249225, 3.3333E-02, 3.4667E-01, 0.0000E+00,
12:51:35.15249230, 6.6667E-02, 3.7333E-01, 3.3333E-01,
12:51:35.15249235, 0.0000E+00, 3.7333E-01,-6.6667E-01,
12:51:35.15249240, 6.6667E-02, 3.7333E-01,-3.3333E-01,
12:51:35.15249245, 0.0000E+00, 3.4667E-01, 0.0000E+00,
12:51:35.15249250, 0.0000E+00, 3.6000E-01,-3.3333E-01,
12:51:35.15249255,-3.3333E-02, 3.4667E-01, 3.3333E-01,
12:51:35.15249260, 3.3333E-02, 3.6000E-01, 0.0000E+00,
12:51:35.15249265, 0.0000E+00, 3.6000E-01, 0.0000E+00,
12:51:35.15249270, 6.6667E-02, 3.4667E-01, 0.0000E+00,
12:51:35.15249275, 3.3333E-02, 3.4667E-01, 3.3333E-01,
12:51:35.15249280, 0.0000E+00, 3.4667E-01, 3.3333E-01,
12:51:35.15249285, 0.0000E+00, 3.4667E-01, 0.0000E+00,
12:51:35.15249290, 0.0000E+00, 3.4667E-01, 3.3333E-01,
12:51:35.15249295, 3.3333E-02, 3.4667E-01, 1.0000E+00,
12:51:35.15249300, 0.0000E+00, 3.4667E-01, 6.6667E-01,
12:51:35.15249305,-3.3333E-02, 3.4667E-01, 3.3333E-01,
12:51:35.15249310,-3.3333E-02, 3.4667E-01, 3.3333E-01,
12:51:35.15249315, 1.0000E-01, 3.7333E-01, 0.0000E+00,
12:51:35.15249320, 3.3333E-02, 3.6000E-01, 0.0000E+00,
12:51:35.15249325, 3.3333E-02, 3.4667E-01, 3.3333E-01,
12:51:35.15249330, 3.3333E-02, 3.4667E-01,-6.6667E-01,
12:51:35.15249335, 3.3333E-02, 3.4667E-01,-6.6667E-01,
12:51:35.15249340,-3.3333E-02, 3.3333E-01, 3.3333E-01,
12:51:35.15249345, 3.3333E-02, 3.6000E-01,-3.3333E-01,
12:51:35.15249350,-6.6667E-02, 3.7333E-01, 0.0000E+00,
12:51:35.15249355, 1.3333E-01, 3.4667E-01, 3.3333E-01,
12:51:35.15249360, 6.6667E-02, 3.4667E-01,-6.6667E-01,
12:51:35.15249365, 0.0000E+00, 3.8667E-01, 3.3333E-01,
12:51:35.15249370, 6.6667E-02, 3.7333E-01,-6.6667E-01,
12:51:35.15249375,-6.6667E-02, 3.6000E-01,-3.3333E-01,
12:51:35.15249380, 0.0000E+00, 3.6000E-01, 0.0000E+00,
12:51:35.15249385, 6.6667E-02, 3.4667E-01, 3.3333E-01,
12:51:35.15249390, 3.3333E-02, 3.4667E-01, 6.6667E-01,
12:51:35.15249395,-3.3333E-02, 3.4667E-01, 3.3333E-01,
12:51:35.15249400, 0.0000E+00, 3.4667E-01,-3.3333E-01,
12:51:35.15249405, 0.0000E+00, 3.7333E-01,-3.3333E-01,
12:51:35.15249410, 3.3333E-02, 3.3333E-01, 3.3333E-01,
12:51:35.15249415,-1.0000E-01, 3.4667E-01, 6.6667E-01,
12:51:35.15249420, 6.6667E-02, 3.4667E-01, 3.3333E-01,
12:51:35.15249425, 0.0000E+00, 3.3333E-01, 0.0000E+00,
12:51:35.15249430, 0.0000E+00, 3.6000E-01, 0.0000E+00,
12:51:35.15249435, 3.3333E-02, 3.4667E-01,-3.3333E-01,
12:51:35.15249440, 3.3333E-02, 3.4667E-01,-3.3333E-01,
12:51:35.15249445, 0.0000E+00, 3.4667E-01,-3.3333E-01,
12:51:35.15249450, 3.3333E-02, 3.4667E-01,-6.6667E-01,
12:51:35.15249455, 1.0000E-01, 3.4667E-01,-6.6667E-01,
12:51:35.15249460,-3.3333E-02, 3.6000E-01, 6.6667E-01,
12:51:35.15249465, 3.3333E-02, 3.6000E-01, 0.0000E+00,
12:51:35.15249470, 6.6667E-02, 3.4667E-01,-1.0000E+00,
12:51:35.15249475, 0.0000E+00, 3.4667E-01, 0.0000E+00,
12:51:35.15249480, 6.6667E-02, 3.4667E-01, 0.0000E+00,
12:51:35.15249485, 0.0000E+00, 3.4667E-01, 3.3333E-01,
12:51:35.15249490, 3.3333E-02, 3.3333E-01,-6.6667E-01,
12:51:35.15249495, 3.3333E-02, 3.4667E-01, 0.0000E+00,
12:51:35.15249500, 3.3333E-02, 3.4667E-01,-3.3333E-01,
12:51:35.15249505,-3.3333E-02, 3.4667E-01, 3.3333E-01,
12:51:35.15249510, 3.3333E-02, 3.8667E-01, 3.3333E-01,
12:51:35.15249515, 0.0000E+00, 3.4667E-01, 3.3333E-01,
12:51:35.15249520, 3.3333E-02, 3.4667E-01, 3.3333E-01,
12:51:35.15249525,-3.3333E-02, 3.4667E-01,-6.6667E-01,
12:51:35.15249530, 0.0000E+00, 3.4667E-01,-3.3333E-01,
12:51:35.15249535, 0.0000E+00, 3.4667E-01, 0.0000E+00,
12:51:35.15249540, 0.0000E+00, 3.3333E-01, 0.0000E+00,
12:51:35.15249545, 3.3333E-02, 3.4667E-01, 0.0000E+00,
12:51:35.15249550, 0.0000E+00, 3.6000E-01, 3.3333E-01,
12:51:35.15249555, 3.3333E-02, 3.6000E-01,-3.3333E-01,
12:51:35.15249560, 0.0000E+00, 3.4667E-01,-3.3333E-01,
12:51:35.15249565,-6.6667E-02, 3.4667E-01, 0.0000E+00,
12:51:35.15249570, 3.3333E-02, 3.4667E-01, 0.0000E+00,
12:51:35.15249575, 3.3333E-02, 3.4667E-01, 0.0000E+00,
12:51:35.15249580,-6.6667E-02, 3.2000E-01,-3.3333E-01,
12:51:35.15249585,-6.6667E-02, 3.4667E-01,-6.6667E-01,
12:51:35.15249590, 3.3333E-02, 3.4667E-01, 3.3333E-01,
12:51:35.15249595, 0.0000E+00, 3.3333E-01,-3.3333E-01,
12:51:35.15249600, 3.3333E-02, 3.7333E-01, 3.3333E-01,
12:51:35.15249605,-3.3333E-02, 3.6000E-01, 0.0000E+00,
12:51:35.15249610, 1.0000E-01, 3.4667E-01, 3.3333E-01,
12:51:35.15249615, 3.3333E-02, 3.4667E-01, 3.3333E-01,
12:51:35.15249620, 0.0000E+00, 3.6000E-01, 0.0000E+00,
12:51:35.15249625, 0.0000E+00, 3.4667E-01, 0.0000E+00,
12:51:35.15249630,-3.3333E-02, 3.4667E-01, 0.0000E+00,
12:51:35.15249635, 0.0000E+00, 3.6000E-01,-6.6667E-01,
12:51:35.15249640,-3.3333E-02, 3.4667E-01, 0.0000E+00,
12:51:35.15249645, 3.3333E-02, 3.4667E-01,-6.6667E-01,
12:51:35.15249650, 3.3333E-02, 3.4667E-01,-3.3333E-01,
12:51:35.15249655, 3.3333E-02, 3.3333E-01, 1.0000E+00,
12:51:35.15249660, 1.0000E-01, 3.4667E-01, 0.0000E+00,
12:51:35.15249665, 3.3333E-02, 3.7333E-01, 0.0000E+00,
12:51:35.15249670, 0.0000E+00, 3.4667E-01, 0.0000E+00,
12:51:35.15249675, 3.3333E-02, 3.3333E-01, 3.3333E-01,
12:51:35.15249680, 0.0000E+00, 3.4667E-01, 0.0000E+00,
12:51:35.15249685, 3.3333E-02, 3.3333E-01, 0.0000E+00,
12:51:35.15249690, 0.0000E+00, 3.6000E-01, 0.0000E+00,
12:51:35.15249695, 3.3333E-02, 3.4667E-01, 0.0000E+00,
12:51:35.15249700, 6.6667E-02, 3.6000E-01, 0.0000E+00,
12:51:35.15249705, 3.3333E-02, 3.4667E-01,-3.3333E-01,
12:51:35.15249710, 6.6667E-02, 3.6000E-01,-6.6667E-01,
12:51:35.15249715, 1.3333E-01, 3.6000E-01, 3.3333E-01,
12:51:35.15249720, 0.0000E+00, 3.4667E-01, 6.6667E-01,
12:51:35.15249725, 3.3333E-02, 3.4667E-01,-6.6667E-01,
12:51:35.15249730, 3.3333E-02, 3.3333E-01, 0.0000E+00,
12:51:35.15249735, 1.0000E-01, 3.4667E-01, 3.3333E-01,
12:51:35.15249740, 6.6667E-02, 3.6000E-01, 3.3333E-01,
12:51:35.15249745, 1.0000E-01, 3.4667E-01,-6.6667E-01,
12:51:35.15249750, 0.0000E+00, 3.6000E-01, 3.3333E-01,
12:51:35.15249755, 6.6667E-02, 3.4667E-01,-3.3333E-01,
12:51:35.15249760, 3.3333E-02, 3.6000E-01, 0.0000E+00,
12:51:35.15249765,-6.6667E-02, 3.6000E-01,-3.3333E-01,
12:51:35.15249770, 3.3333E-02, 3.8667E-01, 0.0000E+00,
12:51:35.15249775, 0.0000E+00, 3.4667E-01, 0.0000E+00,
12:51:35.15249780, 3.3333E-02, 3.7333E-01, 3.3333E-01,
12:51:35.15249785, 3.3333E-02, 3.4667E-01, 0.0000E+00,
12:51:35.15249790,-6.6667E-02, 3.4667E-01,-3.3333E-01,
12:51:35.15249795, 0.0000E+00, 3.3333E-01,-3.3333E-01,
12:51:35.15249800, 1.6667E-01, 3.4667E-01, 3.3333E-01,
12:51:35.15249805, 6.6667E-02, 3.4667E-01, 0.0000E+00,
12:51:35.15249810, 0.0000E+00, 3.4667E-01,-6.6667E-01,
12:51:35.15249815, 0.0000E+00, 3.4667E-01,-3.3333E-01,
12:51:35.15249820, 0.0000E+00, 3.4667E-01, 0.0000E+00,
12:51:35.15249825, 3.3333E-02, 3.4667E-01,-1.3333E+00,
12:51:35.15249830,-3.3333E-02, 3.4667E-01, 3.3333E-01,
12:51:35.15249835, 3.3333E-02, 3.4667E-01, 3.3333E-01,
12:51:35.15249840, 3.3333E-02, 3.4667E-01, 0.0000E+00,
12:51:35.15249845, 0.0000E+00, 3.6000E-01,-6.6667E-01,
12:51:35.15249850, 6.6667E-02, 3.4667E-01,-3.3333E-01,
12:51:35.15249855, 0.0000E+00, 3.6000E-01,-3.3333E-01,
12:51:35.15249860, 1.0000E-01, 3.2000E-01, 6.6667E-01,
12:51:35.15249865, 0.0000E+00, 3.4667E-01,-6.6667E-01,
12:51:35.15249870,-3.3333E-02, 3.6000E-01, 3.3333E-01,
12:51:35.15249875, 0.0000E+00, 3.6000E-01, 6.6667E-01,
12:51:35.15249880, 3.3333E-02, 3.4667E-01,-3.3333E-01,
12:51:35.15249885, 3.3333E-02, 3.3333E-01,-6.6667E-01,
12:51:35.15249890, 3.3333E-02, 3.4667E-01,-6.6667E-01,
12:51:35.15249895, 6.6667E-02, 3.2000E-01, 0.0000E+00,
12:51:35.15249900, 3.3333E-02, 3.8667E-01,-6.6667E-01,
12:51:35.15249905, 6.6667E-02, 3.4667E-01,-3.3333E-01,
12:51:35.15249910, 0.0000E+00, 3.4667E-01,-6.6667E-01,
12:51:35.15249915, 3.3333E-02, 3.4667E-01, 1.0000E+00,
12:51:35.15249920, 3.3333E-02, 3.3333E-01, 6.6667E-01,
12:51:35.15249925, 0.0000E+00, 3.4667E-01, 3.3333E-01,
12:51:35.15249930, 3.3333E-02, 3.4667E-01, 1.0000E+00,
12:51:35.15249935, 0.0000E+00, 3.4667E-01, 3.3333E-01,
12:51:35.15249940, 0.0000E+00, 3.4667E-01,-3.3333E-01,
12:51:35.15249945, 0.0000E+00, 3.7333E-01, 3.3333E-01,
12:51:35.15249950, 1.0000E-01, 3.8667E-01, 3.3333E-01,
12:51:35.15249955, 0.0000E+00, 3.4667E-01, 3.3333E-01,
12:51:35.15249960, 1.0000E-01, 3.4667E-01, 0.0000E+00,
12:51:35.15249965, 3.3333E-02, 3.7333E-01, 3.3333E-01,
12:51:35.15249970,-3.3333E-02, 3.7333E-01, 3.3333E-01,
12:51:35.15249975, 0.0000E+00, 3.8667E-01, 3.3333E-01,
12:51:35.15249980, 3.3333E-02, 3.7333E-01,-6.6667E-01,
12:51:35.15249985,-3.3333E-02, 3.4667E-01,-3.3333E-01,
12:51:35.15249990, 0.0000E+00, 3.4667E-01, 0.0000E+00,
12:51:35.15249995, 0.0000E+00, 3.6000E-01, 3.3333E-01,
12:51:35.15250000, 1.3333E-01, 3.4667E-01, 3.3333E-01,
12:51:35.15250005, 6.6667E-02, 3.4667E-01,-3.3333E-01,
12:51:35.15250010, 0.0000E+00, 3.4667E-01, 0.0000E+00,
12:51:35.15250015, 0.0000E+00, 3.4667E-01, 6.6667E-01,
12:51:35.15250020, 0.0000E+00, 3.6000E-01, 0.0000E+00,
12:51:35.15250025, 3.3333E-02, 3.4667E-01, 0.0000E+00,
12:51:35.15250030, 3.3333E-02, 3.6000E-01,-6.6667E-01,
12:51:35.15250035,-3.3333E-02, 3.6000E-01,-3.3333E-01,
12:51:35.15250040, 0.0000E+00, 3.4667E-01,-6.6667E-01,
12:51:35.15250045, 6.6667E-02, 3.4667E-01,-3.3333E-01,
12:51:35.15250050, 6.6667E-02, 3.4667E-01, 0.0000E+00,
12:51:35.15250055, 3.3333E-02, 3.6000E-01, 0.0000E+00,
12:51:35.15250060, 3.3333E-02, 3.4667E-01,-3.3333E-01,
12:51:35.15250065, 0.0000E+00, 3.4667E-01, 6.6667E-01,
12:51:35.15250070,-3.3333E-02, 3.4667E-01, 0.0000E+00,
12:51:35.15250075, 0.0000E+00, 3.4667E-01,-3.3333E-01,
12:51:35.15250080, 3.3333E-02, 3.6000E-01, 3.3333E-01,
12:51:35.15250085, 3.3333E-02, 3.4667E-01, 0.0000E+00,
12:51:35.15250090, 3.3333E-02, 3.4667E-01,-3.3333E-01,
12:51:35.15250095, 0.0000E+00, 3.4667E-01, 0.0000E+00,
12:51:35.15250100, 3.3333E-02, 3.3333E-01,-3.3333E-01,
12:51:35.15250105,-3.3333E-02, 3.4667E-01, 0.0000E+00,
12:51:35.15250110, 0.0000E+00, 3.7333E-01,-3.3333E-01,
12:51:35.15250115, 1.0000E-01, 3.6000E-01,-3.3333E-01,
12:51:35.15250120, 3.3333E-02, 3.6000E-01,-3.3333E-01,
12:51:35.15250125,-6.6667E-02, 3.4667E-01, 0.0000E+00,
12:51:35.15250130, 1.0000E-01, 3.7333E-01,-6.6667E-01,
12:51:35.15250135,-3.3333E-02, 3.4667E-01, 3.3333E-01,
12:51:35.15250140,-3.3333E-02, 3.4667E-01, 0.0000E+00,
12:51:35.15250145, 0.0000E+00, 3.3333E-01, 0.0000E+00,
12:51:35.15250150, 3.3333E-02, 3.4667E-01,-6.6667E-01,
12:51:35.15250155, 3.3333E-02, 3.6000E-01, 0.0000E+00,
12:51:35.15250160, 3.3333E-02, 3.6000E-01, 0.0000E+00,
12:51:35.15250165, 0.0000E+00, 3.4667E-01, 0.0000E+00,
12:51:35.15250170,-3.3333E-02, 3.6000E-01,-3.3333E-01,
12:51:35.15250175, 3.3333E-02, 3.4667E-01, 3.3333E-01,
12:51:35.15250180,-3.3333E-02, 3.7333E-01, 6.6667E-01,
12:51:35.15250185, 3.3333E-02, 3.4667E-01,-6.6667E-01,
12:51:35.15250190, 1.0000E-01, 3.6000E-01, 0.0000E+00,
12:51:35.15250195, 0.0000E+00, 3.4667E-01,-3.3333E-01,
12:51:35.15250200, 6.6667E-02, 3.6000E-01,-3.3333E-01,
12:51:35.15250205,-3.3333E-02, 3.4667E-01, 0.0000E+00,
12:51:35.15250210,-6.6667E-02, 3.4667E-01, 0.0000E+00,
12:51:35.15250215,-3.3333E-02, 3.6000E-01, 0.0000E+00,
12:51:35.15250220, 0.0000E+00, 3.6000E-01, 6.6667E-01,
12:51:35.15250225, 3.3333E-02, 3.8667E-01,-3.3333E-01,
12:51:35.15250230, 0.0000E+00, 3.4667E-01, 0.0000E+00,
12:51:35.15250235, 3.3333E-02, 3.4667E-01,-6.6667E-01,
12:51:35.15250240, 3.3333E-02, 3.6000E-01,-3.3333E-01,
12:51:35.15250245, 3.3333E-02, 3.4667E-01, 0.0000E+00,
12:51:35.15250250, 3.3333E-02, 3.6000E-01, 3.3333E-01,
12:51:35.15250255, 0.0000E+00, 3.4667E-01, 0.0000E+00,
12:51:35.15250260, 3.3333E-02, 3.4667E-01, 0.0000E+00,
12:51:35.15250265, 0.0000E+00, 3.4667E-01, 3.3333E-01,
12:51:35.15250270, 6.6667E-02, 3.4667E-01,-3.3333E-01,
12:51:35.15250275, 3.3333E-02, 3.4667E-01, 3.3333E-01,
12:51:35.15250280,-6.6667E-02, 3.6000E-01, 3.3333E-01,
12:51:35.15250285, 3.3333E-02, 3.3333E-01, 0.0000E+00,
12:51:35.15250290, 3.3333E-02, 3.4667E-01,-3.3333E-01,
12:51:35.15250295, 0.0000E+00, 3.6000E-01, 0.0000E+00,
12:51:35.15250300,-6.6667E-02, 3.6000E-01, 0.0000E+00,
12:51:35.15250305, 0.0000E+00, 3.4667E-01,-6.6667E-01,
12:51:35.15250310,-3.3333E-02, 3.4667E-01,-6.6667E-01,
12:51:35.15250315, 3.3333E-02, 3.4667E-01,-1.0000E+00,
12:51:35.15250320,-6.6667E-02, 3.4667E-01, 0.0000E+00,
12:51:35.15250325, 3.3333E-02, 3.7333E-01,-3.3333E-01,
12:51:35.15250330, 6.6667E-02, 3.4667E-01,-3.3333E-01,
12:51:35.15250335, 0.0000E+00, 3.4667E-01, 0.0000E+00,
12:51:35.15250340, 3.3333E-02, 3.7333E-01,-6.6667E-01,
12:51:35.15250345, 1.0000E-01, 3.6000E-01,-3.3333E-01,
12:51:35.15250350, 0.0000E+00, 3.6000E-01, 0.0000E+00,
12:51:35.15250355,-3.3333E-02, 3.6000E-01, 0.0000E+00,
12:51:35.15250360, 3.3333E-02, 3.4667E-01, 3.3333E-01,
12:51:35.15250365,-6.6667E-02, 3.6000E-01, 0.0000E+00,
12:51:35.15250370, 0.0000E+00, 3.4667E-01,-3.3333E-01,
12:51:35.15250375,-3.3333E-02, 3.4667E-01,-6.6667E-01,
12:51:35.15250380, 3.3333E-02, 3.4667E-01,-3.3333E-01,
12:51:35.15250385, 3.3333E-02, 3.3333E-01, 0.0000E+00,
12:51:35.15250390,-3.3333E-02, 3.4667E-01, 3.3333E-01,
12:51:35.15250395, 3.3333E-02, 3.4667E-01, 3.3333E-01,
12:51:35.15250400, 3.3333E-02, 3.6000E-01, 0.0000E+00,
12:51:35.15250405, 3.3333E-02, 3.4667E-01,-6.6667E-01,
12:51:35.15250410, 0.0000E+00, 3.4667E-01, 3.3333E-01,
12:51:35.15250415,-3.3333E-02, 3.7333E-01, 0.0000E+00,
12:51:35.15250420,-3.3333E-02, 3.6000E-01, 0.0000E+00,
12:51:35.15250425, 0.0000E+00, 3.4667E-01,-3.3333E-01,
12:51:35.15250430, 1.0000E-01, 3.8667E-01,-3.3333E-01,
12:51:35.15250435,-3.3333E-02, 3.6000E-01, 0.0000E+00,
12:51:35.15250440, 3.3333E-02, 3.4667E-01,-3.3333E-01,
12:51:35.15250445, 6.6667E-02, 3.7333E-01, 0.0000E+00,
12:51:35.15250450,-6.6667E-02, 3.3333E-01,-3.3333E-01,
12:51:35.15250455, 0.0000E+00, 3.4667E-01,-6.6667E-01,
12:51:35.15250460,-3.3333E-02, 3.4667E-01, 3.3333E-01,
12:51:35.15250465,-3.3333E-02, 3.4667E-01, 0.0000E+00,
12:51:35.15250470, 3.3333E-02, 3.4667E-01,-3.3333E-01,
12:51:35.15250475, 3.3333E-02, 3.4667E-01,-3.3333E-01,
12:51:35.15250480, 3.3333E-02, 3.3333E-01,-3.3333E-01,
12:51:35.15250485, 3.3333E-02, 3.4667E-01,-3.3333E-01,
12:51:35.15250490, 0.0000E+00, 3.4667E-01,-3.3333E-01,
12:51:35.15250495, 0.0000E+00, 3.4667E-01, 3.3333E-01,
12:51:35.15250500,-3.3333E-02, 3.4667E-01, 3.3333E-01,
12:51:35.15250505, 3.3333E-02, 3.4667E-01, 0.0000E+00,
12:51:35.15250510,-3.3333E-02, 3.6000E-01, 0.0000E+00,
12:51:35.15250515,-3.3333E-02, 3.4667E-01,-3.3333E-01,
12:51:35.15250520, 6.6667E-02, 3.3333E-01, 0.0000E+00,
12:51:35.15250525, 3.3333E-02, 3.4667E-01, 0.0000E+00,
12:51:35.15250530, 6.6667E-02, 3.4667E-01,-3.3333E-01,
12:51:35.15250535, 0.0000E+00, 3.4667E-01, 3.3333E-01,
12:51:35.15250540,-3.3333E-02, 3.4667E-01, 3.3333E-01,
12:51:35.15250545, 3.3333E-02, 3.4667E-01, 3.3333E-01,
12:51:35.15250550, 0.0000E+00, 3.4667E-01, 3.3333E-01,
12:51:35.15250555, 6.6667E-02, 3.4667E-01, 0.0000E+00,
12:51:35.15250560,-3.3333E-02, 3.2000E-01, 1.3333E+00,
12:51:35.15250565, 3.3333E-02, 3.7333E-01, 3.3333E-01,
12:51:35.15250570,-3.3333E-02, 3.4667E-01,-3.3333E-01,
12:51:35.15250575,-3.3333E-02, 3.4667E-01, 0.0000E+00,
12:51:35.15250580, 0.0000E+00, 3.6000E-01, 3.3333E-01,
12:51:35.15250585, 6.6667E-02, 3.7333E-01, 0.0000E+00,
12:51:35.15250590, 3.3333E-02, 3.6000E-01,-3.3333E-01,
12:51:35.15250595,-3.3333E-02, 3.4667E-01, 3.3333E-01,
12:51:35.15250600, 3.3333E-02, 3.4667E-01,-3.3333E-01,
12:51:35.15250605, 3.3333E-02, 3.4667E-01,-3.3333E-01,
12:51:35.15250610, 0.0000E+00, 3.4667E-01, 3.3333E-01,
12:51:35.15250615, 0.0000E+00, 3.6000E-01, 6.6667E-01,
12:51:35.15250620, 3.3333E-02, 3.4667E-01, 3.3333E-01,
12:51:35.15250625, 0.0000E+00, 3.8667E-01,-3.3333E-01,
12:51:35.15250630, 1.0000E-01, 3.4667E-01, 3.3333E-01,
12:51:35.15250635, 6.6667E-02, 3.4667E-01, 0.0000E+00,
12:51:35.15250640, 6.6667E-02, 3.4667E-01,-3.3333E-01,
12:51:35.15250645, 6.6667E-02, 3.6000E-01, 3.3333E-01,
12:51:35.15250650, 3.3333E-02, 3.4667E-01, 0.0000E+00,
12:51:35.15250655,-3.3333E-02, 3.4667E-01, 0.0000E+00,
12:51:35.15250660, 3.3333E-02, 3.4667E-01, 3.3333E-01,
12:51:35.15250665, 6.6667E-02, 3.4667E-01,-3.3333E-01,
12:51:35.15250670, 0.0000E+00, 3.7333E-01, 6.6667E-01,
12:51:35.15250675, 6.6667E-02, 3.6000E-01, 0.0000E+00,
12:51:35.15250680,-6.6667E-02, 3.4667E-01, 3.3333E-01,
12:51:35.15250685, 3.3333E-02, 3.4667E-01,-3.3333E-01,
12:51:35.15250690, 3.3333E-02, 3.6000E-01, 3.3333E-01,
12:51:35.15250695,-3.3333E-02, 3.4667E-01,-3.3333E-01,
12:51:35.15250700, 0.0000E+00, 3.4667E-01, 0.0000E+00,
12:51:35.15250705,-3.3333E-02, 3.3333E-01, 3.3333E-01,
12:51:35.15250710, 3.3333E-02, 3.6000E-01,-6.6667E-01,
12:51:35.15250715, 3.3333E-02, 3.4667E-01,-6.6667E-01,
12:51:35.15250720, 6.6667E-02, 3.4667E-01, 1.0000E+00,
12:51:35.15250725, 6.6667E-02, 3.6000E-01, 0.0000E+00,
12:51:35.15250730, 0.0000E+00, 3.7333E-01, 0.0000E+00,
12:51:35.15250735,-3.3333E-02, 3.6000E-01,-3.3333E-01,
12:51:35.15250740,-3.3333E-02, 3.4667E-01, 0.0000E+00,
12:51:35.15250745, 3.3333E-02, 3.7333E-01, 0.0000E+00,
12:51:35.15250750, 3.3333E-02, 3.6000E-01,-3.3333E-01,
12:51:35.15250755, 6.6667E-02, 3.4667E-01, 0.0000E+00,
12:51:35.15250760, 0.0000E+00, 3.4667E-01, 3.3333E-01,
12:51:35.15250765, 3.3333E-02, 3.7333E-01, 0.0000E+00,
12:51:35.15250770,-6.6667E-02, 3.6000E-01,-3.3333E-01,
12:51:35.15250775, 6.6667E-02, 3.4667E-01, 6.6667E-01,
12:51:35.15250780, 0.0000E+00, 3.4667E-01, 0.0000E+00,
12:51:35.15250785,-6.6667E-02, 3.4667E-01,-3.3333E-01,
12:51:35.15250790, 0.0000E+00, 3.4667E-01, 6.6667E-01,
12:51:35.15250795, 6.6667E-02, 3.4667E-01, 0.0000E+00,
12:51:35.15250800,-3.3333E-02, 3.4667E-01, 6.6667E-01,
12:51:35.15250805, 3.3333E-02, 3.6000E-01,-3.3333E-01,
12:51:35.15250810, 0.0000E+00, 3.7333E-01, 0.0000E+00,
12:51:35.15250815, 6.6667E-02, 3.6000E-01, 3.3333E-01,
12:51:35.15250820, 0.0000E+00, 3.6000E-01, 3.3333E-01,
12:51:35.15250825, 0.0000E+00, 3.6000E-01,-6.6667E-01,
12:51:35.15250830,-3.3333E-02, 3.4667E-01, 3.3333E-01,
12:51:35.15250835, 0.0000E+00, 3.2000E-01,-3.3333E-01,
12:51:35.15250840,-6.6667E-02, 3.6000E-01, 3.3333E-01,
12:51:35.15250845, 0.0000E+00, 3.7333E-01, 0.0000E+00,
12:51:35.15250850, 6.6667E-02, 3.4667E-01, 0.0000E+00,
12:51:35.15250855,-6.6667E-02, 3.3333E-01, 6.6667E-01,
12:51:35.15250860, 3.3333E-02, 3.4667E-01,-3.3333E-01,
12:51:35.15250865, 0.0000E+00, 3.6000E-01,-6.6667E-01,
12:51:35.15250870, 0.0000E+00, 3.7333E-01, 3.3333E-01,
12:51:35.15250875, 0.0000E+00, 3.0667E-01, 6.6667E-01,
12:51:35.15250880, 0.0000E+00, 3.6000E-01,-3.3333E-01,
12:51:35.15250885, 0.0000E+00, 3.6000E-01, 3.3333E-01,
12:51:35.15250890, 0.0000E+00, 3.3333E-01, 0.0000E+00,
12:51:35.15250895, 3.3333E-02, 3.4667E-01, 3.3333E-01,
12:51:35.15250900, 3.3333E-02, 3.6000E-01,-3.3333E-01,
12:51:35.15250905, 1.0000E-01, 3.3333E-01, 0.0000E+00,
12:51:35.15250910, 3.3333E-02, 3.4667E-01, 0.0000E+00,
12:51:35.15250915,-3.3333E-02, 3.4667E-01, 0.0000E+00,
12:51:35.15250920, 3.3333E-02, 3.3333E-01, 6.6667E-01,
12:51:35.15250925, 3.3333E-02, 3.4667E-01,-6.6667E-01,
12:51:35.15250930, 0.0000E+00, 3.4667E-01,-6.6667E-01,
12:51:35.15250935, 3.3333E-02, 3.4667E-01,-3.3333E-01,
12:51:35.15250940, 6.6667E-02, 3.4667E-01, 3.3333E-01,
12:51:35.15250945,-3.3333E-02, 3.6000E-01, 0.0000E+00,
12:51:35.15250950, 6.6667E-02, 3.4667E-01,-3.3333E-01,
12:51:35.15250955, 3.3333E-02, 3.4667E-01,-1.0000E+00,
12:51:35.15250960, 0.0000E+00, 3.4667E-01, 0.0000E+00,
12:51:35.15250965, 3.3333E-02, 3.6000E-01, 0.0000E+00,
12:51:35.15250970, 0.0000E+00, 3.4667E-01, 0.0000E+00,
12:51:35.15250975,-3.3333E-02, 3.6000E-01, 3.3333E-01,
12:51:35.15250980, 3.3333E-02, 3.8667E-01, 0.0000E+00,
12:51:35.15250985, 0.0000E+00, 3.6000E-01, 0.0000E+00,
12:51:35.15250990, 0.0000E+00, 3.4667E-01, 0.0000E+00,
12:51:35.15250995,-6.6667E-02, 4.0000E-01,-3.3333E-01,
12:51:35.15251000,-3.3333E-02, 3.3333E-01,-3.3333E-01,
12:51:35.15251005, 3.3333E-02, 3.7333E-01, 3.3333E-01,
12:51:35.15251010,-3.3333E-02, 3.4667E-01, 0.0000E+00,
12:51:35.15251015, 3.3333E-02, 3.4667E-01, 3.3333E-01,
12:51:35.15251020, 3.3333E-02, 3.4667E-01,-6.6667E-01,
12:51:35.15251025, 6.6667E-02, 3.6000E-01, 0.0000E+00,
12:51:35.15251030,-3.3333E-02, 3.4667E-01, 0.0000E+00,
12:51:35.15251035, 3.3333E-02, 3.6000E-01, 3.3333E-01,
12:51:35.15251040, 3.3333E-02, 3.4667E-01,-3.3333E-01,
12:51:35.15251045, 3.3333E-02, 3.4667E-01,-3.3333E-01,
12:51:35.15251050, 0.0000E+00, 3.3333E-01, 3.3333E-01,
12:51:35.15251055,-3.3333E-02, 3.3333E-01,-3.3333E-01,
12:51:35.15251060,-6.6667E-02, 3.3333E-01, 0.0000E+00,
12:51:35.15251065, 3.3333E-02, 3.4667E-01,-6.6667E-01,
12:51:35.15251070,-3.3333E-02, 3.3333E-01,-6.6667E-01,
12:51:35.15251075, 0.0000E+00, 3.3333E-01, 0.0000E+00,
12:51:35.15251080,-3.3333E-02, 3.6000E-01, 0.0000E+00,
12:51:35.15251085, 3.3333E-02, 3.4667E-01,-6.6667E-01,
12:51:35.15251090, 3.3333E-02, 3.4667E-01, 3.3333E-01,
12:51:35.15251095, 6.6667E-02, 3.4667E-01, 0.0000E+00,
12:51:35.15251100, 6.6667E-02, 3.4667E-01, 0.0000E+00,
12:51:35.15251105, 1.0000E-01, 3.4667E-01, 3.3333E-01,
12:51:35.15251110, 0.0000E+00, 3.6000E-01,-3.3333E-01,
12:51:35.15251115, 0.0000E+00, 3.6000E-01, 3.3333E-01,
12:51:35.15251120, 3.3333E-02, 3.3333E-01, 0.0000E+00,
12:51:35.15251125, 3.3333E-02, 3.3333E-01,-3.3333E-01,
12:51:35.15251130, 6.6667E-02, 3.4667E-01,-6.6667E-01,
12:51:35.15251135,-3.3333E-02, 3.4667E-01,-3.3333E-01,
12:51:35.15251140, 0.0000E+00, 3.4667E-01,-6.6667E-01,
12:51:35.15251145, 3.3333E-02, 3.7333E-01, 0.0000E+00,
12:51:35.15251150, 6.6667E-02, 3.6000E-01, 0.0000E+00,
12:51:35.15251155, 0.0000E+00, 3.6000E-01, 3.3333E-01,
12:51:35.15251160, 0.0000E+00, 3.4667E-01, 3.3333E-01,
12:51:35.15251165, 6.6667E-02, 3.3333E-01,-3.3333E-01,
12:51:35.15251170, 6.6667E-02, 3.4667E-01,-3.3333E-01,
12:51:35.15251175,-3.3333E-02, 3.4667E-01,-3.3333E-01,
12:51:35.15251180, 0.0000E+00, 3.7333E-01, 0.0000E+00,
12:51:35.15251185, 3.3333E-02, 3.7333E-01, 0.0000E+00,
12:51:35.15251190,-3.3333E-02, 3.3333E-01, 0.0000E+00,
12:51:35.15251195,-3.3333E-02, 3.6000E-01,-6.6667E-01,
12:51:35.15251200, 3.3333E-02, 3.4667E-01, 6.6667E-01,
12:51:35.15251205, 6.6667E-02, 3.4667E-01,-3.3333E-01,
12:51:35.15251210, 3.3333E-02, 3.4667E-01, 0.0000E+00,
12:51:35.15251215, 6.6667E-02, 3.3333E-01,-6.6667E-01,
12:51:35.15251220,-3.3333E-02, 3.4667E-01, 3.3333E-01,
12:51:35.15251225, 3.3333E-02, 3.6000E-01, 0.0000E+00,
12:51:35.15251230, 6.6667E-02, 3.4667E-01, 3.3333E-01,
12:51:35.15251235,-3.3333E-02, 3.4667E-01, 6.6667E-01,
12:51:35.15251240, 0.0000E+00, 3.3333E-01, 3.3333E-01,
12:51:35.15251245, 6.6667E-02, 3.4667E-01, 0.0000E+00,
12:51:35.15251250, 3.3333E-02, 3.4667E-01,-6.6667E-01,
12:51:35.15251255,-6.6667E-02, 3.4667E-01,-6.6667E-01,
12:51:35.15251260,-6.6667E-02, 3.4667E-01,-3.3333E-01,
12:51:35.15251265,-3.3333E-02, 3.4667E-01,-1.0000E+00,
12:51:35.15251270, 6.6667E-02, 3.4667E-01,-6.6667E-01,
12:51:35.15251275, 6.6667E-02, 3.6000E-01, 0.0000E+00,
12:51:35.15251280, 3.3333E-02, 3.7333E-01, 0.0000E+00,
12:51:35.15251285, 1.0000E-01, 3.4667E-01, 3.3333E-01,
12:51:35.15251290, 0.0000E+00, 3.4667E-01, 0.0000E+00,
12:51:35.15251295, 1.0000E-01, 3.6000E-01, 0.0000E+00,
12:51:35.15251300, 0.0000E+00, 3.4667E-01,-1.0000E+00,
12:51:35.15251305, 6.6667E-02, 3.4667E-01, 0.0000E+00,
12:51:35.15251310,-3.3333E-02, 3.3333E-01,-3.3333E-01,
12:51:35.15251315, 6.6667E-02, 3.7333E-01,-6.6667E-01,
12:51:35.15251320, 3.3333E-02, 3.4667E-01, 0.0000E+00,
12:51:35.15251325, 3.3333E-02, 3.3333E-01,-3.3333E-01,
12:51:35.15251330, 3.3333E-02, 3.4667E-01, 0.0000E+00,
12:51:35.15251335, 0.0000E+00, 3.7333E-01,-3.3333E-01,
12:51:35.15251340,-6.6667E-02, 3.7333E-01, 0.0000E+00,
12:51:35.15251345, 0.0000E+00, 3.6000E-01, 0.0000E+00,
12:51:35.15251350, 0.0000E+00, 3.4667E-01, 3.3333E-01,
12:51:35.15251355,-3.3333E-02, 3.4667E-01,-3.3333E-01,
12:51:35.15251360, 3.3333E-02, 3.4667E-01, 0.0000E+00,
12:51:35.15251365, 6.6667E-02, 3.4667E-01,-3.3333E-01,
12:51:35.15251370, 0.0000E+00, 3.6000E-01,-3.3333E-01,
12:51:35.15251375, 3.3333E-02, 3.7333E-01, 3.3333E-01,
12:51:35.15251380, 6.6667E-02, 3.7333E-01, 1.0000E+00,
12:51:35.15251385, 6.6667E-02, 3.4667E-01,-6.6667E-01,
12:51:35.15251390, 0.0000E+00, 3.4667E-01, 3.3333E-01,
12:51:35.15251395, 1.0000E-01, 3.8667E-01,-3.3333E-01,
12:51:35.15251400, 3.3333E-02, 3.3333E-01, 0.0000E+00,
12:51:35.15251405, 0.0000E+00, 3.4667E-01,-3.3333E-01,
12:51:35.15251410,-3.3333E-02, 3.8667E-01, 6.6667E-01,
12:51:35.15251415, 0.0000E+00, 3.4667E-01,-6.6667E-01,
12:51:35.15251420,-3.3333E-02, 3.6000E-01,-6.6667E-01,
12:51:35.15251425, 3.3333E-02, 3.6000E-01,-3.3333E-01,
12:51:35.15251430,-3.3333E-02, 3.4667E-01, 0.0000E+00,
12:51:35.15251435, 6.6667E-02, 3.4667E-01,-3.3333E-01,
12:51:35.15251440, 6.6667E-02, 3.4667E-01, 3.3333E-01,
12:51:35.15251445, 3.3333E-02, 3.4667E-01, 6.6667E-01,
12:51:35.15251450, 0.0000E+00, 3.3333E-01,-6.6667E-01,
12:51:35.15251455, 0.0000E+00, 3.6000E-01, 0.0000E+00,
12:51:35.15251460, 0.0000E+00, 3.4667E-01, 0.0000E+00,
12:51:35.15251465, 6.6667E-02, 3.4667E-01, 0.0000E+00,
12:51:35.15251470, 6.6667E-02, 3.4667E-01,-6.6667E-01,
12:51:35.15251475, 0.0000E+00, 3.4667E-01, 6.6667E-01,
12:51:35.15251480, 0.0000E+00, 3.4667E-01, 0.0000E+00,
12:51:35.15251485, 3.3333E-02, 3.6000E-01,-3.3333E-01,
12:51:35.15251490, 6.6667E-02, 3.7333E-01,-3.3333E-01,
12:51:35.15251495, 3.3333E-02, 3.4667E-01, 3.3333E-01,
12:51:35.15251500, 0.0000E+00, 3.2000E-01,-3.3333E-01,
12:51:35.15251505,-3.3333E-02, 3.3333E-01, 0.0000E+00,
12:51:35.15251510, 6.6667E-02, 3.4667E-01,-3.3333E-01,
12:51:35.15251515, 1.0000E-01, 3.4667E-01, 6.6667E-01,
12:51:35.15251520, 0.0000E+00, 3.4667E-01, 3.3333E-01,
12:51:35.15251525, 0.0000E+00, 3.7333E-01, 6.6667E-01,
12:51:35.15251530, 0.0000E+00, 3.4667E-01, 6.6667E-01,
12:51:35.15251535, 3.3333E-02, 3.7333E-01,-3.3333E-01,
12:51:35.15251540, 0.0000E+00, 3.4667E-01,-3.3333E-01,
12:51:35.15251545, 3.3333E-02, 3.4667E-01,-6.6667E-01,
12:51:35.15251550, 0.0000E+00, 3.6000E-01, 0.0000E+00,
12:51:35.15251555, 0.0000E+00, 3.4667E-01, 3.3333E-01,
12:51:35.15251560, 3.3333E-02, 3.4667E-01,-3.3333E-01,
12:51:35.15251565, 6.6667E-02, 3.4667E-01,-3.3333E-01,
12:51:35.15251570, 3.3333E-02, 3.4667E-01, 0.0000E+00,
12:51:35.15251575, 3.3333E-02, 3.4667E-01,-3.3333E-01,
12:51:35.15251580,-3.3333E-02, 3.4667E-01,-6.6667E-01,
12:51:35.15251585, 3.3333E-02, 3.6000E-01,-6.6667E-01,
12:51:35.15251590, 3.3333E-02, 3.4667E-01,-3.3333E-01,
12:51:35.15251595, 3.3333E-02, 3.6000E-01, 0.0000E+00,
12:51:35.15251600,-3.3333E-02, 3.4667E-01, 3.3333E-01,
12:51:35.15251605, 0.0000E+00, 3.4667E-01, 6.6667E-01,
12:51:35.15251610, 1.0000E-01, 3.4667E-01, 3.3333E-01,
12:51:35.15251615, 3.3333E-02, 3.7333E-01, 0.0000E+00,
12:51:35.15251620, 3.3333E-02, 3.7333E-01, 0.0000E+00,
12:51:35.15251625, 3.3333E-02, 3.7333E-01, 0.0000E+00,
12:51:35.15251630,-3.3333E-02, 3.4667E-01,-3.3333E-01,
12:51:35.15251635, 3.3333E-02, 3.4667E-01,-6.6667E-01,
12:51:35.15251640, 0.0000E+00, 3.3333E-01, 0.0000E+00,
12:51:35.15251645,-6.6667E-02, 3.7333E-01, 0.0000E+00,
12:51:35.15251650, 1.0000E-01, 3.2000E-01, 3.3333E-01,
12:51:35.15251655, 3.3333E-02, 3.6000E-01, 0.0000E+00,
12:51:35.15251660, 3.3333E-02, 3.7333E-01, 0.0000E+00,
12:51:35.15251665,-3.3333E-02, 3.6000E-01, 3.3333E-01,
12:51:35.15251670, 0.0000E+00, 3.8667E-01,-3.3333E-01,
12:51:35.15251675, 6.6667E-02, 3.6000E-01, 1.0000E+00,
12:51:35.15251680, 0.0000E+00, 3.4667E-01, 6.6667E-01,
12:51:35.15251685, 3.3333E-02, 3.6000E-01,-3.3333E-01,
12:51:35.15251690,-3.3333E-02, 3.4667E-01,-3.3333E-01,
12:51:35.15251695, 3.3333E-02, 3.0667E-01, 3.3333E-01,
12:51:35.15251700, 0.0000E+00, 3.4667E-01,-3.3333E-01,
12:51:35.15251705, 6.6667E-02, 3.4667E-01, 0.0000E+00,
12:51:35.15251710,-1.0000E-01, 3.4667E-01, 0.0000E+00,
12:51:35.15251715, 3.3333E-02, 3.6000E-01,-6.6667E-01,
12:51:35.15251720, 0.0000E+00, 3.4667E-01, 3.3333E-01,
12:51:35.15251725, 0.0000E+00, 3.4667E-01, 6.6667E-01,
12:51:35.15251730, 6.6667E-02, 3.6000E-01,-3.3333E-01,
12:51:35.15251735, 0.0000E+00, 3.6000E-01, 0.0000E+00,
12:51:35.15251740, 6.6667E-02, 3.4667E-01, 0.0000E+00,
12:51:35.15251745,-6.6667E-02, 3.4667E-01,-6.6667E-01,
12:51:35.15251750, 6.6667E-02, 3.7333E-01, 6.6667E-01,
12:51:35.15251755, 3.3333E-02, 3.4667E-01,-6.6667E-01,
12:51:35.15251760, 3.3333E-02, 3.4667E-01,-3.3333E-01,
12:51:35.15251765, 6.6667E-02, 3.6000E-01,-3.3333E-01,
12:51:35.15251770, 3.3333E-02, 3.4667E-01,-6.6667E-01,
12:51:35.15251775, 3.3333E-02, 3.6000E-01, 0.0000E+00,
12:51:35.15251780,-3.3333E-02, 3.4667E-01,-3.3333E-01,
12:51:35.15251785, 3.3333E-02, 3.6000E-01, 0.0000E+00,
12:51:35.15251790, 0.0000E+00, 3.4667E-01, 0.0000E+00,
12:51:35.15251795, 0.0000E+00, 3.6000E-01, 3.3333E-01,
12:51:35.15251800, 0.0000E+00, 3.4667E-01,-3.3333E-01,
12:51:35.15251805, 3.3333E-02, 3.7333E-01, 0.0000E+00,
12:51:35.15251810, 0.0000E+00, 3.7333E-01, 3.3333E-01,
12:51:35.15251815, 0.0000E+00, 3.6000E-01, 0.0000E+00,
12:51:35.15251820, 0.0000E+00, 3.4667E-01,-3.3333E-01,
12:51:35.15251825,-6.6667E-02, 3.7333E-01, 0.0000E+00,
12:51:35.15251830, 3.3333E-02, 3.6000E-01,-3.3333E-01,
12:51:35.15251835, 3.3333E-02, 3.3333E-01, 0.0000E+00,
12:51:35.15251840,-3.3333E-02, 3.6000E-01, 0.0000E+00,
12:51:35.15251845, 3.3333E-02, 3.4667E-01,-3.3333E-01,
12:51:35.15251850, 6.6667E-02, 3.4667E-01, 0.0000E+00,
12:51:35.15251855, 0.0000E+00, 3.7333E-01,-3.3333E-01,
12:51:35.15251860, 3.3333E-02, 3.3333E-01,-3.3333E-01,
12:51:35.15251865, 3.3333E-02, 3.4667E-01,-3.3333E-01,
12:51:35.15251870, 0.0000E+00, 3.6000E-01, 0.0000E+00,
12:51:35.15251875,-3.3333E-02, 3.3333E-01, 0.0000E+00,
12:51:35.15251880, 3.3333E-02, 3.2000E-01,-3.3333E-01,
12:51:35.15251885, 0.0000E+00, 3.4667E-01, 0.0000E+00,
12:51:35.15251890,-3.3333E-02, 3.6000E-01, 0.0000E+00,
12:51:35.15251895, 6.6667E-02, 3.4667E-01, 0.0000E+00,
12:51:35.15251900,-6.6667E-02, 3.4667E-01, 0.0000E+00,
12:51:35.15251905, 3.3333E-02, 3.4667E-01, 0.0000E+00,
12:51:35.15251910, 0.0000E+00, 3.4667E-01, 0.0000E+00,
12:51:35.15251915,-6.6667E-02, 3.4667E-01, 0.0000E+00,
12:51:35.15251920, 1.0000E-01, 3.4667E-01,-3.3333E-01,
12:51:35.15251925, 3.3333E-02, 3.4667E-01,-6.6667E-01,
12:51:35.15251930,-6.6667E-02, 3.4667E-01, 0.0000E+00,
12:51:35.15251935, 6.6667E-02, 3.3333E-01,-3.3333E-01,
12:51:35.15251940, 3.3333E-02, 3.6000E-01, 0.0000E+00,
12:51:35.15251945, 0.0000E+00, 3.4667E-01, 0.0000E+00,
12:51:35.15251950, 6.6667E-02, 3.4667E-01,-1.3333E+00,
12:51:35.15251955,-3.3333E-02, 3.3333E-01, 0.0000E+00,
12:51:35.15251960, 3.3333E-02, 3.6000E-01,-6.6667E-01,
12:51:35.15251965, 1.3333E-01, 3.6000E-01, 0.0000E+00,
12:51:35.15251970, 0.0000E+00, 3.4667E-01, 0.0000E+00,
12:51:35.15251975, 0.0000E+00, 3.4667E-01, 3.3333E-01,
12:51:35.15251980, 3.3333E-02, 3.6000E-01,-3.3333E-01,
12:51:35.15251985, 3.3333E-02, 3.4667E-01, 3.3333E-01,
12:51:35.15251990,-3.3333E-02, 3.7333E-01,-3.3333E-01,
12:51:35.15251995, 3.3333E-02, 3.4667E-01,-3.3333E-01,
12:51:35.15252000, 3.3333E-02, 3.6000E-01, 0.0000E+00,
12:51:35.15252005, 0.0000E+00, 3.4667E-01, 0.0000E+00,
12:51:35.15252010, 3.3333E-02, 3.6000E-01, 0.0000E+00,
12:51:35.15252015, 3.3333E-02, 3.3333E-01, 0.0000E+00,
12:51:35.15252020, 3.3333E-02, 3.4667E-01, 6.6667E-01,
12:51:35.15252025,-6.6667E-02, 3.4667E-01, 0.0000E+00,
12:51:35.15252030, 3.3333E-02, 3.6000E-01, 3.3333E-01,
12:51:35.15252035, 0.0000E+00, 3.4667E-01,-3.3333E-01,
12:51:35.15252040, 0.0000E+00, 3.7333E-01, 0.0000E+00,
12:51:35.15252045,-3.3333E-02, 3.4667E-01, 0.0000E+00,
12:51:35.15252050, 0.0000E+00, 3.6000E-01,-6.6667E-01,
12:51:35.15252055, 3.3333E-02, 3.7333E-01,-3.3333E-01,
12:51:35.15252060, 3.3333E-02, 3.4667E-01, 0.0000E+00,
12:51:35.15252065,-6.6667E-02, 3.4667E-01, 0.0000E+00,
12:51:35.15252070, 0.0000E+00, 3.6000E-01,-3.3333E-01,
12:51:35.15252075,-6.6667E-02, 3.4667E-01, 3.3333E-01,
12:51:35.15252080,-3.3333E-02, 3.4667E-01, 6.6667E-01,
12:51:35.15252085, 0.0000E+00, 3.4667E-01,-3.3333E-01,
12:51:35.15252090, 1.0000E-01, 3.3333E-01,-6.6667E-01,
12:51:35.15252095, 3.3333E-02, 3.4667E-01, 0.0000E+00,
12:51:35.15252100, 3.3333E-02, 3.6000E-01, 0.0000E+00,
12:51:35.15252105, 6.6667E-02, 3.4667E-01, 3.3333E-01,
12:51:35.15252110, 3.3333E-02, 3.4667E-01, 0.0000E+00,
12:51:35.15252115, 3.3333E-02, 3.4667E-01,-6.6667E-01,
12:51:35.15252120,-3.3333E-02, 3.4667E-01, 3.3333E-01,
12:51:35.15252125, 0.0000E+00, 3.4667E-01,-6.6667E-01,
12:51:35.15252130, 6.6667E-02, 3.6000E-01, 3.3333E-01,
12:51:35.15252135, 6.6667E-02, 3.6000E-01, 0.0000E+00,
12:51:35.15252140, 3.3333E-02, 3.4667E-01,-6.6667E-01,
12:51:35.15252145, 0.0000E+00, 3.4667E-01, 6.6667E-01,
12:51:35.15252150, 3.3333E-02, 3.7333E-01, 1.0000E+00,
12:51:35.15252155, 6.6667E-02, 3.4667E-01, 0.0000E+00,
12:51:35.15252160, 6.6667E-02, 3.4667E-01, 0.0000E+00,
12:51:35.15252165, 3.3333E-02, 3.4667E-01, 0.0000E+00,
12:51:35.15252170, 0.0000E+00, 3.3333E-01, 0.0000E+00,
12:51:35.15252175,-6.6667E-02, 3.4667E-01,-3.3333E-01,
12:51:35.15252180, 0.0000E+00, 3.4667E-01, 3.3333E-01,
12:51:35.15252185, 3.3333E-02, 3.7333E-01,-6.6667E-01,
12:51:35.15252190, 6.6667E-02, 3.4667E-01, 0.0000E+00,
12:51:35.15252195, 6.6667E-02, 3.4667E-01, 3.3333E-01,
12:51:35.15252200, 6.6667E-02, 3.4667E-01,-3.3333E-01,
12:51:35.15252205, 1.0000E-01, 3.4667E-01, 0.0000E+00,
12:51:35.15252210,-6.6667E-02, 3.3333E-01,-3.3333E-01,
12:51:35.15252215, 3.3333E-02, 3.6000E-01, 3.3333E-01,
12:51:35.15252220, 3.3333E-02, 3.7333E-01, 3.3333E-01,
12:51:35.15252225, 0.0000E+00, 3.4667E-01, 0.0000E+00,
12:51:35.15252230, 3.3333E-02, 3.8667E-01, 0.0000E+00,
12:51:35.15252235, 3.3333E-02, 3.4667E-01, 0.0000E+00,
12:51:35.15252240, 0.0000E+00, 3.4667E-01, 3.3333E-01,
12:51:35.15252245, 2.0000E-01, 3.4667E-01,-3.3333E-01,
12:51:35.15252250, 6.6667E-02, 3.4667E-01, 0.0000E+00,
12:51:35.15252255, 0.0000E+00, 3.4667E-01,-3.3333E-01,
12:51:35.15252260, 0.0000E+00, 3.4667E-01,-3.3333E-01,
12:51:35.15252265, 3.3333E-02, 3.7333E-01, 3.3333E-01,
12:51:35.15252270, 0.0000E+00, 3.4667E-01,-3.3333E-01,
12:51:35.15252275,-3.3333E-02, 3.7333E-01, 0.0000E+00,
12:51:35.15252280, 6.6667E-02, 3.6000E-01, 0.0000E+00,
12:51:35.15252285,-6.6667E-02, 3.4667E-01,-3.3333E-01,
12:51:35.15252290, 0.0000E+00, 3.4667E-01,-3.3333E-01,
12:51:35.15252295, 3.3333E-02, 3.6000E-01,-3.3333E-01,
12:51:35.15252300, 3.3333E-02, 3.6000E-01, 0.0000E+00,
12:51:35.15252305, 3.3333E-02, 3.4667E-01, 3.3333E-01,
12:51:35.15252310, 0.0000E+00, 3.4667E-01, 3.3333E-01,
12:51:35.15252315, 0.0000E+00, 3.7333E-01, 0.0000E+00,
12:51:35.15252320, 0.0000E+00, 3.6000E-01, 0.0000E+00,
12:51:35.15252325, 6.6667E-02, 3.4667E-01, 0.0000E+00,
12:51:35.15252330, 6.0000E-01, 3.3333E-01, 0.0000E+00,
12:51:35.15252335, 1.5000E+00, 3.7333E-01,-3.3333E-01,
12:51:35.15252340, 2.3000E+00, 1.7333E-01, 0.0000E+00,
12:51:35.15252345, 2.7667E+00, 1.6000E-01,-3.3333E-01,
12:51:35.15252350, 3.1000E+00, 1.2000E-01,-6.6667E-01,
12:51:35.15252355, 3.2000E+00, 1.0667E-01,-3.3333E-01,
12:51:35.15252360, 3.2333E+00, 1.2000E-01, 0.0000E+00,
12:51:35.15252365, 3.2000E+00, 1.4667E-01, 3.3333E-01,
12:51:35.15252370, 3.2667E+00, 1.4667E-01,-3.3333E-01,
12:51:35.15252375, 3.2000E+00, 1.6000E-01, 0.0000E+00,
12:51:35.15252380, 3.2333E+00, 1.8667E-01, 0.0000E+00,
12:51:35.15252385, 3.1333E+00, 1.7333E-01, 0.0000E+00,
12:51:35.15252390, 3.2667E+00, 1.3333E-01, 6.6667E-01,
12:51:35.15252395, 3.2667E+00, 1.8667E-01, 3.3333E-01,
12:51:35.15252400, 3.2667E+00, 1.8667E-01, 3.3333E-01,
12:51:35.15252405, 3.2667E+00, 1.8667E-01, 1.0000E+00,
12:51:35.15252410, 3.1333E+00, 1.8667E-01, 3.3333E-01,
12:51:35.15252415, 3.2333E+00, 2.0000E-01, 3.3333E-01,
12:51:35.15252420, 3.2000E+00, 1.7333E-01, 6.6667E-01,
12:51:35.15252425, 3.1667E+00, 2.0000E-01, 6.6667E-01,
12:51:35.15252430, 3.1667E+00, 1.6000E-01, 0.0000E+00,
12:51:35.15252435, 3.1667E+00, 2.0000E-01, 6.6667E-01,
12:51:35.15252440, 3.2000E+00, 2.0000E-01, 3.3333E-01,
12:51:35.15252445, 3.2000E+00, 1.8667E-01, 3.3333E-01,
12:51:35.15252450, 3.2000E+00, 2.0000E-01, 6.6667E-01,
12:51:35.15252455, 3.2000E+00, 2.0000E-01, 3.3333E-01,
12:51:35.15252460, 3.1000E+00, 2.0000E-01, 6.6667E-01,
12:51:35.15252465, 3.1000E+00, 2.0000E-01, 3.3333E-01,
12:51:35.15252470, 3.1667E+00, 1.8667E-01, 6.6667E-01,
12:51:35.15252475, 3.2000E+00, 1.8667E-01, 6.6667E-01,
12:51:35.15252480, 3.1333E+00, 1.4667E-01, 6.6667E-01,
12:51:35.15252485, 3.1333E+00, 1.7333E-01, 1.0000E+00,
12:51:35.15252490, 3.1333E+00, 1.8667E-01, 1.0000E+00,
12:51:35.15252495, 3.1333E+00, 2.0000E-01, 1.0000E+00,
12:51:35.15252500, 3.1333E+00, 1.7333E-01, 1.6667E+00,
12:51:35.15252505, 3.1000E+00, 1.7333E-01, 1.3333E+00,
12:51:35.15252510, 3.1333E+00, 2.0000E-01, 6.6667E-01,
12:51:35.15252515, 3.1000E+00, 1.8667E-01, 3.3333E-01,
12:51:35.15252520, 3.1000E+00, 1.7333E-01, 1.0000E+00,
12:51:35.15252525, 3.1333E+00, 2.0000E-01, 1.0000E+00,
12:51:35.15252530, 3.1333E+00, 1.6000E-01, 1.6667E+00,
12:51:35.15252535, 3.1333E+00, 1.4667E-01, 1.3333E+00,
12:51:35.15252540, 3.1333E+00, 2.0000E-01, 1.6667E+00,
12:51:35.15252545, 3.1333E+00, 1.6000E-01, 1.6667E+00,
12:51:35.15252550, 3.1000E+00, 1.4667E-01, 1.6667E+00,
12:51:35.15252555, 3.1333E+00, 1.4667E-01, 1.6667E+00,
12:51:35.15252560, 3.0667E+00, 1.4667E-01, 1.0000E+00,
12:51:35.15252565, 3.1333E+00, 1.7333E-01, 1.3333E+00,
12:51:35.15252570, 3.0333E+00, 1.7333E-01, 1.6667E+00,
12:51:35.15252575, 3.0667E+00, 1.7333E-01, 1.3333E+00,
12:51:35.15252580, 3.1333E+00, 1.4667E-01, 1.6667E+00,
12:51:35.15252585, 3.1000E+00, 2.0000E-01, 1.3333E+00,
12:51:35.15252590, 3.1000E+00, 1.6000E-01, 1.6667E+00,
12:51:35.15252595, 3.1000E+00, 1.7333E-01, 1.6667E+00,
12:51:35.15252600, 3.0667E+00, 1.2000E-01, 1.3333E+00,
12:51:35.15252605, 3.0000E+00, 1.6000E-01, 2.3333E+00,
12:51:35.15252610, 3.0000E+00, 1.2000E-01, 1.6667E+00,
12:51:35.15252615, 3.0667E+00, 1.7333E-01, 1.6667E+00,
12:51:35.15252620, 3.0333E+00, 1.6000E-01, 1.6667E+00,
12:51:35.15252625, 3.0667E+00, 1.4667E-01, 1.6667E+00,
12:51:35.15252630, 3.1000E+00, 1.4667E-01, 1.6667E+00,
12:51:35.15252635, 3.0333E+00, 1.3333E-01, 2.0000E+00,
12:51:35.15252640, 3.1333E+00, 1.4667E-01, 1.6667E+00,
12:51:35.15252645, 3.0333E+00, 1.6000E-01, 1.6667E+00,
12:51:35.15252650, 3.0667E+00, 1.3333E-01, 2.0000E+00,
12:51:35.15252655, 3.0667E+00, 1.2000E-01, 2.0000E+00,
12:51:35.15252660, 3.1333E+00, 1.6000E-01, 1.6667E+00,
12:51:35.15252665, 3.1000E+00, 1.4667E-01, 2.3333E+00,
12:51:35.15252670, 3.0667E+00, 1.3333E-01, 1.6667E+00,
12:51:35.15252675, 3.1000E+00, 1.2000E-01, 2.0000E+00,
12:51:35.15252680, 3.1333E+00, 1.2000E-01, 2.3333E+00,
12:51:35.15252685, 3.1000E+00, 1.4667E-01, 2.6667E+00,
12:51:35.15252690, 3.0667E+00, 1.6000E-01, 2.0000E+00,
12:51:35.15252695, 3.0667E+00, 1.4667E-01, 2.0000E+00,
12:51:35.15252700, 3.0000E+00, 1.3333E-01, 1.6667E+00,
12:51:35.15252705, 2.9333E+00, 1.3333E-01, 1.6667E+00,
12:51:35.15252710, 3.1000E+00, 1.3333E-01, 2.6667E+00,
12:51:35.15252715, 3.0667E+00, 1.3333E-01, 2.0000E+00,
12:51:35.15252720, 3.1333E+00, 1.3333E-01, 2.0000E+00,
12:51:35.15252725, 3.0333E+00, 1.2000E-01, 2.3333E+00,
12:51:35.15252730, 3.1333E+00, 1.3333E-01, 1.6667E+00,
12:51:35.15252735, 3.0667E+00, 1.3333E-01, 2.0000E+00,
12:51:35.15252740, 3.1000E+00, 1.3333E-01, 2.6667E+00,
12:51:35.15252745, 3.0667E+00, 1.4667E-01, 2.6667E+00,
12:51:35.15252750, 3.0667E+00, 1.7333E-01, 2.6667E+00,
12:51:35.15252755, 3.0333E+00, 1.4667E-01, 2.3333E+00,
12:51:35.15252760, 3.0667E+00, 1.4667E-01, 2.6667E+00,
12:51:35.15252765, 3.1333E+00, 1.2000E-01, 3.3333E+00,
12:51:35.15252770, 3.0000E+00, 1.2000E-01, 3.0000E+00,
12:51:35.15252775, 3.1333E+00, 1.2000E-01, 2.3333E+00,
12:51:35.15252780, 3.1333E+00, 1.3333E-01, 1.6667E+00,
12:51:35.15252785, 3.0667E+00, 1.3333E-01, 3.3333E+00,
12:51:35.15252790, 2.9333E+00, 1.0667E-01, 3.6667E+00,
12:51:35.15252795, 3.0000E+00, 1.4667E-01, 3.0000E+00,
12:51:35.15252800, 3.1000E+00, 1.4667E-01, 3.0000E+00,
12:51:35.15252805, 3.0333E+00, 1.0667E-01, 3.3333E+00,
12:51:35.15252810, 3.0667E+00, 8.0000E-02, 2.6667E+00,
12:51:35.15252815, 3.0333E+00, 1.0667E-01, 3.6667E+00,
12:51:35.15252820, 3.1333E+00, 1.4667E-01, 3.6667E+00,
12:51:35.15252825, 3.0667E+00, 1.4667E-01, 3.3333E+00,
12:51:35.15252830, 3.1333E+00, 1.2000E-01, 3.3333E+00,
12:51:35.15252835, 3.0667E+00, 1.4667E-01, 3.3333E+00,
12:51:35.15252840, 3.1667E+00, 1.4667E-01, 3.6667E+00,
12:51:35.15252845, 3.1333E+00, 1.3333E-01, 3.6667E+00,
12:51:35.15252850, 3.1333E+00, 1.0667E-01, 3.6667E+00,
12:51:35.15252855, 3.0333E+00, 1.6000E-01, 3.3333E+00,
12:51:35.15252860, 3.0333E+00, 1.4667E-01, 3.6667E+00,
12:51:35.15252865, 3.0333E+00, 1.2000E-01, 4.3333E+00,
12:51:35.15252870, 3.0667E+00, 1.2000E-01, 3.6667E+00,
12:51:35.15252875, 3.1333E+00, 1.4667E-01, 3.3333E+00,
12:51:35.15252880, 3.0333E+00, 1.4667E-01, 3.3333E+00,
12:51:35.15252885, 3.0667E+00, 1.3333E-01, 3.3333E+00,
12:51:35.15252890, 3.0667E+00, 1.2000E-01, 3.3333E+00,
12:51:35.15252895, 3.0000E+00, 1.2000E-01, 3.6667E+00,
12:51:35.15252900, 3.0333E+00, 1.0667E-01, 4.3333E+00,
12:51:35.15252905, 3.1000E+00, 1.4667E-01, 3.6667E+00,
12:51:35.15252910, 3.0000E+00, 1.3333E-01, 3.0000E+00,
12:51:35.15252915, 3.0333E+00, 1.3333E-01, 3.6667E+00,
12:51:35.15252920, 3.0333E+00, 1.7333E-01, 4.3333E+00,
12:51:35.15252925, 3.1000E+00, 1.2000E-01, 3.3333E+00,
12:51:35.15252930, 3.1000E+00, 1.4667E-01, 3.6667E+00,
12:51:35.15252935, 3.0000E+00, 1.3333E-01, 4.6667E+00,
12:51:35.15252940, 2.9667E+00, 1.4667E-01, 4.0000E+00,
12:51:35.15252945, 3.0333E+00, 1.3333E-01, 4.6667E+00,
12:51:35.15252950, 3.0667E+00, 1.4667E-01, 4.3333E+00,
12:51:35.15252955, 3.0667E+00, 1.3333E-01, 3.3333E+00,
12:51:35.15252960, 3.0333E+00, 1.4667E-01, 4.0000E+00,
12:51:35.15252965, 3.1000E+00, 1.3333E-01, 4.0000E+00,
12:51:35.15252970, 3.0667E+00, 1.3333E-01, 4.3333E+00,
12:51:35.15252975, 3.1000E+00, 1.2000E-01, 3.6667E+00,
12:51:35.15252980, 3.1000E+00, 1.2000E-01, 4.6667E+00,
12:51:35.15252985, 3.0667E+00, 1.2000E-01, 4.6667E+00,
12:51:35.15252990, 3.1333E+00, 1.0667E-01, 5.0000E+00,
12:51:35.15252995, 3.0000E+00, 1.0667E-01, 4.0000E+00,
12:51:35.15253000, 3.0667E+00, 1.3333E-01, 4.3333E+00,
12:51:35.15253005, 3.1000E+00, 1.2000E-01, 5.3333E+00,
12:51:35.15253010, 3.0667E+00, 1.4667E-01, 5.0000E+00,
12:51:35.15253015, 3.0333E+00, 1.4667E-01, 5.0000E+00,
12:51:35.15253020, 3.0667E+00, 1.6000E-01, 5.0000E+00,
12:51:35.15253025, 3.0667E+00, 1.3333E-01, 4.6667E+00,
12:51:35.15253030, 3.0667E+00, 1.7333E-01, 4.3333E+00,
12:51:35.15253035, 3.1000E+00, 1.2000E-01, 4.3333E+00,
12:51:35.15253040, 3.0667E+00, 1.4667E-01, 5.3333E+00,
12:51:35.15253045, 3.0667E+00, 1.3333E-01, 5.3333E+00,
12:51:35.15253050, 3.1333E+00, 1.4667E-01, 4.3333E+00,
12:51:35.15253055, 3.0667E+00, 1.4667E-01, 5.0000E+00,
12:51:35.15253060, 3.0667E+00, 1.2000E-01, 4.3333E+00,
12:51:35.15253065, 3.1000E+00, 1.3333E-01, 4.6667E+00,
12:51:35.15253070, 3.1000E+00, 1.3333E-01, 5.3333E+00,
12:51:35.15253075, 3.1000E+00, 1.3333E-01, 5.3333E+00,
12:51:35.15253080, 3.0667E+00, 1.3333E-01, 5.3333E+00,
12:51:35.15253085, 3.0333E+00, 1.7333E-01, 5.3333E+00,
12:51:35.15253090, 3.1000E+00, 1.4667E-01, 5.3333E+00,
12:51:35.15253095, 3.0000E+00, 1.2000E-01, 4.6667E+00,
12:51:35.15253100, 3.0000E+00, 1.3333E-01, 5.3333E+00,
12:51:35.15253105, 3.0667E+00, 1.3333E-01, 5.3333E+00,
12:51:35.15253110, 3.1000E+00, 1.6000E-01, 5.0000E+00,
12:51:35.15253115, 3.1000E+00, 1.6000E-01, 5.0000E+00,
12:51:35.15253120, 3.1333E+00, 1.4667E-01, 5.0000E+00,
12:51:35.15253125, 3.0667E+00, 1.6000E-01, 5.3333E+00,
12:51:35.15253130, 3.0333E+00, 1.0667E-01, 5.6667E+00,
12:51:35.15253135, 3.0667E+00, 1.3333E-01, 5.3333E+00,
12:51:35.15253140, 3.1000E+00, 1.3333E-01, 5.6667E+00,
12:51:35.15253145, 3.1000E+00, 1.3333E-01, 5.3333E+00,
12:51:35.15253150, 3.0667E+00, 1.7333E-01, 5.6667E+00,
12:51:35.15253155, 3.0667E+00, 1.4667E-01, 5.6667E+00,
12:51:35.15253160, 3.1333E+00, 1.4667E-01, 5.6667E+00,
12:51:35.15253165, 3.1333E+00, 1.6000E-01, 6.0000E+00,
12:51:35.15253170, 3.0667E+00, 1.6000E-01, 5.6667E+00,
12:51:35.15253175, 3.0000E+00, 1.6000E-01, 6.3333E+00,
12:51:35.15253180, 3.1000E+00, 1.7333E-01, 6.0000E+00,
12:51:35.15253185, 3.0333E+00, 1.4667E-01, 5.3333E+00,
12:51:35.15253190, 3.1000E+00, 1.3333E-01, 6.0000E+00,
12:51:35.15253195, 3.0667E+00, 1.8667E-01, 6.0000E+00,
12:51:35.15253200, 3.0667E+00, 1.6000E-01, 6.0000E+00,
12:51:35.15253205, 3.1333E+00, 1.6000E-01, 5.6667E+00,
12:51:35.15253210, 3.1333E+00, 1.4667E-01, 6.0000E+00,
12:51:35.15253215, 3.1000E+00, 1.4667E-01, 5.3333E+00,
12:51:35.15253220, 3.0333E+00, 1.7333E-01, 5.6667E+00,
12:51:35.15253225, 3.1000E+00, 1.7333E-01, 6.3333E+00,
12:51:35.15253230, 3.0667E+00, 1.6000E-01, 6.3333E+00,
12:51:35.15253235, 3.1000E+00, 1.6000E-01, 6.3333E+00,
12:51:35.15253240, 3.0667E+00, 1.6000E-01, 6.0000E+00,
12:51:35.15253245, 3.0333E+00, 1.6000E-01, 6.0000E+00,
12:51:35.15253250, 3.1000E+00, 1.4667E-01, 6.0000E+00,
12:51:35.15253255, 3.1000E+00, 1.4667E-01, 6.3333E+00,
12:51:35.15253260, 3.1000E+00, 1.7333E-01, 6.0000E+00,
12:51:35.15253265, 3.0000E+00, 1.7333E-01, 6.3333E+00,
12:51:35.15253270, 3.0333E+00, 2.0000E-01, 7.3333E+00,
12:51:35.15253275, 3.1000E+00, 1.7333E-01, 6.6667E+00,
12:51:35.15253280, 3.0667E+00, 1.6000E-01, 6.6667E+00,
12:51:35.15253285, 3.1000E+00, 1.8667E-01, 7.0000E+00,
12:51:35.15253290, 3.0000E+00, 1.8667E-01, 6.3333E+00,
12:51:35.15253295, 3.0667E+00, 1.8667E-01, 7.0000E+00,
12:51:35.15253300, 3.0667E+00, 1.8667E-01, 6.0000E+00,
12:51:35.15253305, 3.1333E+00, 2.0000E-01, 6.3333E+00,
12:51:35.15253310, 3.0333E+00, 1.6000E-01, 7.0000E+00,
12:51:35.15253315, 3.0667E+00, 1.7333E-01, 7.0000E+00,
12:51:35.15253320, 3.1000E+00, 1.7333E-01, 7.3333E+00,
12:51:35.15253325, 3.1333E+00, 1.8667E-01, 6.3333E+00,
12:51:35.15253330, 3.0667E+00, 1.6000E-01, 6.3333E+00,
12:51:35.15253335, 3.1000E+00, 1.6000E-01, 6.6667E+00,
12:51:35.15253340, 3.0667E+00, 1.6000E-01, 6.6667E+00,
12:51:35.15253345, 3.1000E+00, 1.6000E-01, 7.3333E+00,
12:51:35.15253350, 3.1000E+00, 1.6000E-01, 6.3333E+00,
12:51:35.15253355, 3.0667E+00, 1.7333E-01, 7.3333E+00,
12:51:35.15253360, 3.0333E+00, 1.8667E-01, 7.0000E+00,
12:51:35.15253365, 3.1000E+00, 1.8667E-01, 6.3333E+00,
12:51:35.15253370, 3.0000E+00, 1.8667E-01, 6.6667E+00,
12:51:35.15253375, 3.0333E+00, 1.7333E-01, 6.6667E+00,
12:51:35.15253380, 3.0667E+00, 1.7333E-01, 7.0000E+00,
12:51:35.15253385, 3.1000E+00, 2.0000E-01, 7.6667E+00,
12:51:35.15253390, 3.1000E+00, 2.0000E-01, 7.3333E+00,
12:51:35.15253395, 3.0667E+00, 1.7333E-01, 6.6667E+00,
12:51:35.15253400, 3.1000E+00, 1.7333E-01, 7.0000E+00,
12:51:35.15253405, 3.1000E+00, 1.8667E-01, 7.0000E+00,
12:51:35.15253410, 3.1333E+00, 1.8667E-01, 7.3333E+00,
12:51:35.15253415, 3.0333E+00, 1.8667E-01, 8.0000E+00,
12:51:35.15253420, 3.0000E+00, 1.6000E-01, 7.3333E+00,
12:51:35.15253425, 3.0333E+00, 1.8667E-01, 7.6667E+00,
12:51:35.15253430, 3.1000E+00, 1.7333E-01, 7.3333E+00,
12:51:35.15253435, 3.1333E+00, 2.0000E-01, 6.6667E+00,
12:51:35.15253440, 3.0667E+00, 2.0000E-01, 6.6667E+00,
12:51:35.15253445, 3.1000E+00, 2.0000E-01, 7.0000E+00,
12:51:35.15253450, 3.0333E+00, 2.0000E-01, 7.3333E+00,
12:51:35.15253455, 3.1333E+00, 1.7333E-01, 8.0000E+00,
12:51:35.15253460, 3.0667E+00, 2.0000E-01, 7.3333E+00,
12:51:35.15253465, 3.0667E+00, 2.0000E-01, 7.3333E+00,
12:51:35.15253470, 3.1000E+00, 2.0000E-01, 8.0000E+00,
12:51:35.15253475, 3.0667E+00, 2.1333E-01, 7.3333E+00,
12:51:35.15253480, 3.1000E+00, 2.0000E-01, 7.0000E+00,
12:51:35.15253485, 3.1000E+00, 2.2667E-01, 7.0000E+00,
12:51:35.15253490, 3.0667E+00, 2.0000E-01, 7.3333E+00,
12:51:35.15253495, 3.0333E+00, 2.1333E-01, 7.6667E+00,
12:51:35.15253500, 3.1000E+00, 1.7333E-01, 7.0000E+00,
12:51:35.15253505, 3.1000E+00, 2.1333E-01, 7.6667E+00,
12:51:35.15253510, 3.1000E+00, 2.0000E-01, 6.6667E+00,
12:51:35.15253515, 3.0667E+00, 1.8667E-01, 7.6667E+00,
12:51:35.15253520, 3.0667E+00, 2.0000E-01, 8.0000E+00,
12:51:35.15253525, 3.0667E+00, 2.0000E-01, 7.3333E+00,
12:51:35.15253530, 3.0667E+00, 2.0000E-01, 8.0000E+00,
12:51:35.15253535, 3.0333E+00, 1.8667E-01, 7.3333E+00,
12:51:35.15253540, 3.0333E+00, 2.0000E-01, 7.6667E+00,
12:51:35.15253545, 3.1000E+00, 2.0000E-01, 7.6667E+00,
12:51:35.15253550, 3.1000E+00, 2.0000E-01, 8.6667E+00,
12:51:35.15253555, 3.1000E+00, 2.0000E-01, 8.0000E+00,
12:51:35.15253560, 2.9667E+00, 2.0000E-01, 7.3333E+00,
12:51:35.15253565, 3.0667E+00, 1.7333E-01, 8.3333E+00,
12:51:35.15253570, 3.0667E+00, 2.1333E-01, 8.0000E+00,
12:51:35.15253575, 3.1333E+00, 1.7333E-01, 8.3333E+00,
12:51:35.15253580, 3.1000E+00, 2.1333E-01, 8.0000E+00,
12:51:35.15253585, 3.1333E+00, 2.1333E-01, 8.0000E+00,
12:51:35.15253590, 3.1000E+00, 2.1333E-01, 8.0000E+00,
12:51:35.15253595, 3.0333E+00, 2.1333E-01, 8.0000E+00,
12:51:35.15253600, 3.0333E+00, 2.2667E-01, 8.0000E+00,
12:51:35.15253605, 3.0667E+00, 2.2667E-01, 7.6667E+00,
12:51:35.15253610, 3.1333E+00, 2.1333E-01, 8.6667E+00,
12:51:35.15253615, 3.1000E+00, 2.0000E-01, 7.3333E+00,
12:51:35.15253620, 3.0667E+00, 2.4000E-01, 8.6667E+00,
12:51:35.15253625, 3.1000E+00, 2.0000E-01, 8.6667E+00,
12:51:35.15253630, 3.1000E+00, 2.1333E-01, 8.6667E+00,
12:51:35.15253635, 3.1333E+00, 2.0000E-01, 8.3333E+00,
12:51:35.15253640, 3.0667E+00, 2.1333E-01, 8.0000E+00,
12:51:35.15253645, 3.0667E+00, 2.0000E-01, 8.0000E+00,
12:51:35.15253650, 3.1000E+00, 2.1333E-01, 8.0000E+00,
12:51:35.15253655, 3.0333E+00, 2.1333E-01, 8.0000E+00,
12:51:35.15253660, 3.0667E+00, 2.0000E-01, 8.6667E+00,
12:51:35.15253665, 3.1000E+00, 2.1333E-01, 8.6667E+00,
12:51:35.15253670, 3.0333E+00, 2.1333E-01, 8.0000E+00,
12:51:35.15253675, 3.0333E+00, 2.4000E-01, 8.6667E+00,
12:51:35.15253680, 3.1667E+00, 2.4000E-01, 8.6667E+00,
12:51:35.15253685, 3.0667E+00, 2.1333E-01, 8.0000E+00,
12:51:35.15253690, 3.0333E+00, 2.2667E-01, 8.0000E+00,
12:51:35.15253695, 3.1000E+00, 2.2667E-01, 8.6667E+00,
12:51:35.15253700, 3.0667E+00, 2.2667E-01, 8.3333E+00,
12:51:35.15253705, 3.0667E+00, 2.0000E-01, 7.6667E+00,
12:51:35.15253710, 3.1000E+00, 2.4000E-01, 8.3333E+00,
12:51:35.15253715, 3.0667E+00, 2.2667E-01, 8.0000E+00,
12:51:35.15253720, 3.1000E+00, 2.2667E-01, 8.0000E+00,
12:51:35.15253725, 3.1000E+00, 2.5333E-01, 8.6667E+00,
12:51:35.15253730, 3.1000E+00, 2.1333E-01, 8.6667E+00,
12:51:35.15253735, 3.1667E+00, 2.1333E-01, 8.3333E+00,
12:51:35.15253740, 3.0667E+00, 2.4000E-01, 8.3333E+00,
12:51:35.15253745, 3.1000E+00, 2.5333E-01, 8.6667E+00,
12:51:35.15253750, 3.0667E+00, 2.5333E-01, 9.0000E+00,
12:51:35.15253755, 3.0667E+00, 2.1333E-01, 8.3333E+00,
12:51:35.15253760, 3.0667E+00, 2.2667E-01, 8.6667E+00,
12:51:35.15253765, 3.1000E+00, 2.1333E-01, 8.6667E+00,
12:51:35.15253770, 3.0667E+00, 2.2667E-01, 8.6667E+00,
12:51:35.15253775, 3.1333E+00, 2.5333E-01, 8.3333E+00,
12:51:35.15253780, 3.0667E+00, 2.2667E-01, 8.6667E+00,
12:51:35.15253785, 3.0000E+00, 2.5333E-01, 8.6667E+00,
12:51:35.15253790, 3.0667E+00, 2.4000E-01, 8.6667E+00,
12:51:35.15253795, 3.1000E+00, 2.1333E-01, 8.0000E+00,
12:51:35.15253800, 3.0000E+00, 2.2667E-01, 8.3333E+00,
12:51:35.15253805, 3.0000E+00, 2.2667E-01, 9.0000E+00,
12:51:35.15253810, 3.1333E+00, 2.5333E-01, 9.3333E+00,
12:51:35.15253815, 3.0000E+00, 2.1333E-01, 8.6667E+00,
12:51:35.15253820, 3.1333E+00, 2.5333E-01, 8.6667E+00,
12:51:35.15253825, 3.1333E+00, 2.5333E-01, 9.3333E+00,
12:51:35.15253830, 3.0667E+00, 2.5333E-01, 8.3333E+00,
12:51:35.15253835, 3.1000E+00, 2.5333E-01, 8.6667E+00,
12:51:35.15253840, 3.1000E+00, 2.4000E-01, 8.6667E+00,
12:51:35.15253845, 3.0000E+00, 2.1333E-01, 9.0000E+00,
12:51:35.15253850, 3.1000E+00, 2.4000E-01, 8.6667E+00,
12:51:35.15253855, 2.9667E+00, 2.2667E-01, 9.0000E+00,
12:51:35.15253860, 3.0667E+00, 2.1333E-01, 8.6667E+00,
12:51:35.15253865, 3.0000E+00, 2.4000E-01, 9.0000E+00,
12:51:35.15253870, 3.1333E+00, 2.4000E-01, 8.6667E+00,
12:51:35.15253875, 3.1333E+00, 2.5333E-01, 8.6667E+00,
12:51:35.15253880, 3.1000E+00, 2.4000E-01, 8.6667E+00,
12:51:35.15253885, 3.0333E+00, 2.5333E-01, 8.6667E+00,
12:51:35.15253890, 3.1333E+00, 2.6667E-01, 8.6667E+00,
12:51:35.15253895, 3.0333E+00, 2.5333E-01, 8.6667E+00,
12:51:35.15253900, 3.0667E+00, 2.5333E-01, 9.0000E+00,
12:51:35.15253905, 3.1000E+00, 2.6667E-01, 9.0000E+00,
12:51:35.15253910, 3.1000E+00, 2.4000E-01, 9.3333E+00,
12:51:35.15253915, 3.0667E+00, 2.6667E-01, 8.3333E+00,
12:51:35.15253920, 3.0333E+00, 2.6667E-01, 8.6667E+00,
12:51:35.15253925, 3.1000E+00, 2.6667E-01, 9.0000E+00,
12:51:35.15253930, 3.1000E+00, 2.2667E-01, 8.3333E+00,
12:51:35.15253935, 3.1333E+00, 2.5333E-01, 9.0000E+00,
12:51:35.15253940, 3.0667E+00, 2.5333E-01, 8.6667E+00,
12:51:35.15253945, 3.0333E+00, 2.6667E-01, 8.6667E+00,
12:51:35.15253950, 3.0667E+00, 2.4000E-01, 8.6667E+00,
12:51:35.15253955, 3.0333E+00, 2.6667E-01, 9.3333E+00,
12:51:35.15253960, 3.1333E+00, 2.5333E-01, 9.0000E+00,
12:51:35.15253965, 3.1333E+00, 2.8000E-01, 9.3333E+00,
12:51:35.15253970, 3.1000E+00, 2.8000E-01, 8.6667E+00,
12:51:35.15253975, 3.0333E+00, 2.5333E-01, 8.6667E+00,
12:51:35.15253980, 3.1000E+00, 2.4000E-01, 9.0000E+00,
12:51:35.15253985, 3.1333E+00, 2.4000E-01, 9.6667E+00,
12:51:35.15253990, 3.0667E+00, 2.8000E-01, 8.6667E+00,
12:51:35.15253995, 3.0667E+00, 2.5333E-01, 9.0000E+00,
12:51:35.15254000, 3.0000E+00, 2.8000E-01, 8.6667E+00,
12:51:35.15254005, 3.0333E+00, 2.8000E-01, 9.0000E+00,
12:51:35.15254010, 3.0333E+00, 2.6667E-01, 9.3333E+00,
12:51:35.15254015, 3.1000E+00, 2.6667E-01, 8.6667E+00,
12:51:35.15254020, 3.1000E+00, 2.8000E-01, 9.0000E+00,
12:51:35.15254025, 3.1333E+00, 2.5333E-01, 9.0000E+00,
12:51:35.15254030, 3.0667E+00, 2.8000E-01, 8.6667E+00,
12:51:35.15254035, 3.0667E+00, 2.8000E-01, 9.0000E+00,
12:51:35.15254040, 3.0000E+00, 2.8000E-01, 9.6667E+00,
12:51:35.15254045, 3.0667E+00, 2.6667E-01, 9.3333E+00,
12:51:35.15254050, 3.0667E+00, 2.6667E-01, 9.0000E+00,
12:51:35.15254055, 3.1000E+00, 2.9333E-01, 9.0000E+00,
12:51:35.15254060, 3.1000E+00, 2.8000E-01, 9.3333E+00,
12:51:35.15254065, 3.1000E+00, 2.9333E-01, 9.0000E+00,
12:51:35.15254070, 3.1000E+00, 2.9333E-01, 9.3333E+00,
12:51:35.15254075, 3.1000E+00, 2.9333E-01, 9.3333E+00,
12:51:35.15254080, 3.1333E+00, 2.6667E-01, 9.3333E+00,
12:51:35.15254085, 3.0333E+00, 2.6667E-01, 9.0000E+00,
12:51:35.15254090, 3.0000E+00, 2.9333E-01, 8.6667E+00,
12:51:35.15254095, 3.0333E+00, 2.4000E-01, 9.3333E+00,
12:51:35.15254100, 3.0333E+00, 2.8000E-01, 9.0000E+00,
12:51:35.15254105, 3.0667E+00, 2.6667E-01, 9.0000E+00,
12:51:35.15254110, 3.1333E+00, 3.3333E-01, 9.3333E+00,
12:51:35.15254115, 3.1000E+00, 3.0667E-01, 9.0000E+00,
12:51:35.15254120, 3.0667E+00, 3.0667E-01, 9.0000E+00,
12:51:35.15254125, 3.0667E+00, 3.0667E-01, 9.3333E+00,
12:51:35.15254130, 3.1000E+00, 3.0667E-01, 9.0000E+00,
12:51:35.15254135, 3.1333E+00, 2.6667E-01, 9.3333E+00,
12:51:35.15254140, 3.0000E+00, 3.0667E-01, 9.0000E+00,
12:51:35.15254145, 3.0667E+00, 3.2000E-01, 9.6667E+00,
12:51:35.15254150, 3.1000E+00, 2.8000E-01, 9.3333E+00,
12:51:35.15254155, 3.1000E+00, 2.9333E-01, 9.3333E+00,
12:51:35.15254160, 3.0333E+00, 2.8000E-01, 9.6667E+00,
12:51:35.15254165, 3.1333E+00, 2.8000E-01, 9.6667E+00,
12:51:35.15254170, 3.1333E+00, 3.0667E-01, 9.6667E+00,
12:51:35.15254175, 3.1000E+00, 2.9333E-01, 8.6667E+00,
12:51:35.15254180, 3.0000E+00, 2.6667E-01, 9.3333E+00,
12:51:35.15254185, 3.0667E+00, 2.9333E-01, 9.6667E+00,
12:51:35.15254190, 3.1000E+00, 2.9333E-01, 9.6667E+00,
12:51:35.15254195, 3.0667E+00, 2.9333E-01, 9.0000E+00,
12:51:35.15254200, 3.0667E+00, 3.0667E-01, 9.3333E+00,
12:51:35.15254205, 3.1000E+00, 2.9333E-01, 9.0000E+00,
12:51:35.15254210, 3.0667E+00, 2.8000E-01, 9.3333E+00,
12:51:35.15254215, 3.1000E+00, 2.6667E-01, 9.0000E+00,
12:51:35.15254220, 3.0333E+00, 2.9333E-01, 9.6667E+00,
12:51:35.15254225, 3.1333E+00, 2.9333E-01, 9.3333E+00,
12:51:35.15254230, 3.0667E+00, 2.9333E-01, 9.6667E+00,
12:51:35.15254235, 3.0667E+00, 2.8000E-01, 8.6667E+00,
12:51:35.15254240, 3.0667E+00, 2.9333E-01, 8.6667E+00,
12:51:35.15254245, 3.0333E+00, 3.0667E-01, 9.0000E+00,
12:51:35.15254250, 3.1000E+00, 2.9333E-01, 9.6667E+00,
12:51:35.15254255, 3.0333E+00, 2.6667E-01, 9.0000E+00,
12:51:35.15254260, 3.0667E+00, 3.2000E-01, 9.6667E+00,
12:51:35.15254265, 3.0667E+00, 3.2000E-01, 1.0000E+01,
12:51:35.15254270, 3.1000E+00, 3.0667E-01, 9.0000E+00,
12:51:35.15254275, 3.0333E+00, 3.0667E-01, 1.0000E+01,
12:51:35.15254280, 3.1000E+00, 3.0667E-01, 9.6667E+00,
12:51:35.15254285, 3.1000E+00, 2.6667E-01, 9.3333E+00,
12:51:35.15254290, 3.0333E+00, 3.0667E-01, 9.0000E+00,
12:51:35.15254295, 3.1000E+00, 2.9333E-01, 9.6667E+00,
12:51:35.15254300, 3.1333E+00, 2.8000E-01, 1.0000E+01,
12:51:35.15254305, 3.1333E+00, 3.0667E-01, 1.0000E+01,
12:51:35.15254310, 3.1333E+00, 3.0667E-01, 9.3333E+00,
12:51:35.15254315, 3.0333E+00, 2.9333E-01, 9.0000E+00,
12:51:35.15254320, 3.1000E+00, 3.2000E-01, 9.0000E+00,
12:51:35.15254325, 3.0333E+00, 3.0667E-01, 9.3333E+00,
12:51:35.15254330, 3.0333E+00, 3.0667E-01, 9.3333E+00,
12:51:35.15254335, 3.1000E+00, 3.0667E-01, 9.3333E+00,
12:51:35.15254340, 3.0000E+00, 3.2000E-01, 9.3333E+00,
12:51:35.15254345, 3.0667E+00, 3.4667E-01, 9.3333E+00,
12:51:35.15254350, 3.0333E+00, 3.0667E-01, 1.0667E+01,
12:51:35.15254355, 3.0333E+00, 3.4667E-01, 9.3333E+00,
12:51:35.15254360, 3.0667E+00, 2.8000E-01, 9.3333E+00,
12:51:35.15254365, 3.0333E+00, 3.2000E-01, 9.0000E+00,
12:51:35.15254370, 3.0333E+00, 2.5333E-01, 9.3333E+00,
12:51:35.15254375, 3.1000E+00, 2.9333E-01, 9.6667E+00,
12:51:35.15254380, 3.1000E+00, 3.2000E-01, 1.0000E+01,
12:51:35.15254385, 3.1000E+00, 2.9333E-01, 1.0000E+01,
12:51:35.15254390, 3.1000E+00, 2.9333E-01, 9.6667E+00,
12:51:35.15254395, 3.0667E+00, 3.3333E-01, 1.0333E+01,
12:51:35.15254400, 3.1000E+00, 3.4667E-01, 1.0333E+01,
12:51:35.15254405, 3.1000E+00, 2.9333E-01, 9.3333E+00,
12:51:35.15254410, 3.0667E+00, 2.8000E-01, 1.0000E+01,
12:51:35.15254415, 3.1000E+00, 2.9333E-01, 9.6667E+00,
12:51:35.15254420, 3.0667E+00, 3.0667E-01, 1.0333E+01,
12:51:35.15254425, 3.0667E+00, 3.2000E-01, 1.0000E+01,
12:51:35.15254430, 3.0333E+00, 3.0667E-01, 1.0000E+01,
12:51:35.15254435, 3.1000E+00, 2.9333E-01, 9.6667E+00,
12:51:35.15254440, 3.1333E+00, 3.3333E-01, 9.3333E+00,
12:51:35.15254445, 3.0667E+00, 2.9333E-01, 9.6667E+00,
12:51:35.15254450, 3.1000E+00, 2.9333E-01, 9.3333E+00,
12:51:35.15254455, 3.0667E+00, 2.9333E-01, 9.3333E+00,
12:51:35.15254460, 3.0333E+00, 3.2000E-01, 9.3333E+00,
12:51:35.15254465, 3.0667E+00, 2.9333E-01, 9.3333E+00,
12:51:35.15254470, 3.0667E+00, 2.8000E-01, 9.0000E+00,
12:51:35.15254475, 3.0667E+00, 2.9333E-01, 9.3333E+00,
12:51:35.15254480, 3.0667E+00, 3.0667E-01, 9.6667E+00,
12:51:35.15254485, 3.1333E+00, 3.3333E-01, 9.3333E+00,
12:51:35.15254490, 3.0667E+00, 3.3333E-01, 9.3333E+00,
12:51:35.15254495, 3.1333E+00, 3.3333E-01, 9.6667E+00,
12:51:35.15254500, 3.0333E+00, 3.3333E-01, 9.6667E+00,
12:51:35.15254505, 3.0667E+00, 2.9333E-01, 1.0000E+01,
12:51:35.15254510, 3.1333E+00, 2.8000E-01, 9.6667E+00,
12:51:35.15254515, 3.0333E+00, 3.0667E-01, 9.3333E+00,
12:51:35.15254520, 3.0667E+00, 3.2000E-01, 1.0000E+01,
12:51:35.15254525, 3.0333E+00, 3.0667E-01, 8.6667E+00,
12:51:35.15254530, 3.0333E+00, 3.2000E-01, 9.3333E+00,
12:51:35.15254535, 3.0667E+00, 3.4667E-01, 1.0667E+01,
12:51:35.15254540, 3.0333E+00, 3.2000E-01, 1.0333E+01,
12:51:35.15254545, 3.0667E+00, 3.2000E-01, 9.6667E+00,
12:51:35.15254550, 3.1333E+00, 2.8000E-01, 9.6667E+00,
12:51:35.15254555, 3.1000E+00, 2.9333E-01, 1.0000E+01,
12:51:35.15254560, 3.0333E+00, 2.8000E-01, 9.6667E+00,
12:51:35.15254565, 3.1667E+00, 3.0667E-01, 9.3333E+00,
12:51:35.15254570, 3.0667E+00, 3.4667E-01, 1.0000E+01,
12:51:35.15254575, 3.0667E+00, 3.3333E-01, 8.6667E+00,
12:51:35.15254580, 3.1333E+00, 2.9333E-01, 9.6667E+00,
12:51:35.15254585, 3.1333E+00, 3.2000E-01, 9.6667E+00,
12:51:35.15254590, 3.1000E+00, 2.9333E-01, 1.0000E+01,
12:51:35.15254595, 3.1000E+00, 3.2000E-01, 9.6667E+00,
12:51:35.15254600, 3.0667E+00, 3.0667E-01, 9.0000E+00,
12:51:35.15254605, 3.0333E+00, 3.2000E-01, 9.3333E+00,
12:51:35.15254610, 3.1000E+00, 2.9333E-01, 9.3333E+00,
12:51:35.15254615, 3.1000E+00, 3.0667E-01, 1.0333E+01,
12:51:35.15254620, 3.0333E+00, 2.9333E-01, 9.6667E+00,
12:51:35.15254625, 3.0333E+00, 3.0667E-01, 1.0333E+01,
12:51:35.15254630, 3.0667E+00, 3.3333E-01, 9.3333E+00,
12:51:35.15254635, 3.0667E+00, 3.3333E-01, 9.6667E+00,
12:51:35.15254640, 3.0667E+00, 3.2000E-01, 9.6667E+00,
12:51:35.15254645, 3.0667E+00, 3.0667E-01, 1.0667E+01,
12:51:35.15254650, 3.1000E+00, 3.0667E-01, 9.0000E+00,
12:51:35.15254655, 3.0000E+00, 3.4667E-01, 9.3333E+00,
12:51:35.15254660, 3.0000E+00, 3.2000E-01, 9.0000E+00,
12:51:35.15254665, 3.1333E+00, 3.2000E-01, 1.0000E+01,
12:51:35.15254670, 3.1000E+00, 3.2000E-01, 9.3333E+00,
12:51:35.15254675, 3.0333E+00, 3.2000E-01, 1.0000E+01,
12:51:35.15254680, 3.0000E+00, 3.2000E-01, 1.0000E+01,
12:51:35.15254685, 3.1000E+00, 3.4667E-01, 9.6667E+00,
12:51:35.15254690, 3.1000E+00, 2.9333E-01, 1.0000E+01,
12:51:35.15254695, 3.0333E+00, 3.3333E-01, 8.6667E+00,
12:51:35.15254700, 3.1000E+00, 3.0667E-01, 9.0000E+00,
12:51:35.15254705, 3.0333E+00, 3.2000E-01, 9.3333E+00,
12:51:35.15254710, 3.1000E+00, 3.3333E-01, 9.6667E+00,
12:51:35.15254715, 3.0333E+00, 3.3333E-01, 8.6667E+00,
12:51:35.15254720, 3.1000E+00, 3.2000E-01, 1.0333E+01,
12:51:35.15254725, 3.1000E+00, 3.3333E-01, 9.0000E+00,
12:51:35.15254730, 3.0333E+00, 3.0667E-01, 1.0333E+01,
12:51:35.15254735, 3.1333E+00, 3.0667E-01, 1.0000E+01,
12:51:35.15254740, 3.1000E+00, 3.2000E-01, 9.6667E+00,
12:51:35.15254745, 3.1000E+00, 3.0667E-01, 1.0000E+01,
12:51:35.15254750, 3.0667E+00, 3.0667E-01, 1.0000E+01,
12:51:35.15254755, 3.0333E+00, 3.3333E-01, 9.0000E+00,
12:51:35.15254760, 3.0667E+00, 3.3333E-01, 9.6667E+00,
12:51:35.15254765, 3.0667E+00, 3.4667E-01, 9.3333E+00,
12:51:35.15254770, 3.0333E+00, 3.4667E-01, 9.6667E+00,
12:51:35.15254775, 3.0667E+00, 3.4667E-01, 9.6667E+00,
12:51:35.15254780, 3.0000E+00, 3.2000E-01, 1.0000E+01,
12:51:35.15254785, 3.0667E+00, 3.2000E-01, 8.6667E+00,
12:51:35.15254790, 3.0333E+00, 3.2000E-01, 9.6667E+00,
12:51:35.15254795, 3.0333E+00, 3.2000E-01, 1.0000E+01,
12:51:35.15254800, 3.0667E+00, 3.3333E-01, 9.3333E+00,
12:51:35.15254805, 3.0667E+00, 3.3333E-01, 1.0000E+01,
12:51:35.15254810, 3.1000E+00, 3.2000E-01, 9.3333E+00,
12:51:35.15254815, 3.1000E+00, 3.4667E-01, 1.0000E+01,
12:51:35.15254820, 3.0333E+00, 3.3333E-01, 1.0000E+01,
12:51:35.15254825, 3.0667E+00, 3.3333E-01, 1.0000E+01,
12:51:35.15254830, 3.1000E+00, 3.2000E-01, 9.0000E+00,
12:51:35.15254835, 3.0333E+00, 3.0667E-01, 9.6667E+00,
12:51:35.15254840, 3.1000E+00, 3.3333E-01, 9.6667E+00,
12:51:35.15254845, 3.0667E+00, 3.3333E-01, 1.0667E+01,
12:51:35.15254850, 3.0000E+00, 3.3333E-01, 9.6667E+00,
12:51:35.15254855, 3.0333E+00, 3.0667E-01, 9.0000E+00,
12:51:35.15254860, 3.0667E+00, 3.2000E-01, 9.6667E+00,
12:51:35.15254865, 3.1000E+00, 3.4667E-01, 9.0000E+00,
12:51:35.15254870, 3.0667E+00, 3.0667E-01, 1.0000E+01,
12:51:35.15254875, 3.0000E+00, 3.3333E-01, 9.3333E+00,
12:51:35.15254880, 3.1333E+00, 3.0667E-01, 1.0000E+01,
12:51:35.15254885, 3.1000E+00, 3.2000E-01, 1.0000E+01,
12:51:35.15254890, 3.0333E+00, 3.2000E-01, 9.0000E+00,
12:51:35.15254895, 3.0333E+00, 3.0667E-01, 1.0000E+01,
12:51:35.15254900, 3.1333E+00, 3.2000E-01, 1.0000E+01,
12:51:35.15254905, 3.0000E+00, 3.3333E-01, 9.6667E+00,
12:51:35.15254910, 3.1000E+00, 3.4667E-01, 9.0000E+00,
12:51:35.15254915, 3.0333E+00, 3.4667E-01, 9.6667E+00,
12:51:35.15254920, 3.0333E+00, 3.3333E-01, 9.3333E+00,
12:51:35.15254925, 3.0667E+00, 3.3333E-01, 1.0333E+01,
12:51:35.15254930, 3.0333E+00, 3.4667E-01, 1.0000E+01,
12:51:35.15254935, 3.0333E+00, 3.0667E-01, 1.0000E+01,
12:51:35.15254940, 3.1333E+00, 3.4667E-01, 9.6667E+00,
12:51:35.15254945, 3.0667E+00, 3.0667E-01, 9.3333E+00,
12:51:35.15254950, 3.0000E+00, 3.4667E-01, 1.0000E+01,
12:51:35.15254955, 3.0667E+00, 3.4667E-01, 1.0000E+01,
12:51:35.15254960, 3.0667E+00, 3.4667E-01, 1.0333E+01,
12:51:35.15254965, 3.1333E+00, 3.3333E-01, 9.6667E+00,
12:51:35.15254970, 3.1000E+00, 3.3333E-01, 9.6667E+00,
12:51:35.15254975, 3.0333E+00, 3.3333E-01, 9.6667E+00,
12:51:35.15254980, 3.1000E+00, 3.2000E-01, 9.6667E+00,
12:51:35.15254985, 3.0667E+00, 3.4667E-01, 1.0000E+01,
12:51:35.15254990, 3.1000E+00, 3.4667E-01, 1.0000E+01,
12:51:35.15254995, 3.1000E+00, 3.4667E-01, 1.0000E+01,
12:51:35.15255000, 3.1000E+00, 3.3333E-01, 1.0333E+01,
12:51:35.15255005, 3.0333E+00, 3.2000E-01, 1.0000E+01,
12:51:35.15255010, 3.0667E+00, 3.3333E-01, 1.0000E+01,
12:51:35.15255015, 3.0333E+00, 3.4667E-01, 9.3333E+00,
12:51:35.15255020, 3.0667E+00, 3.4667E-01, 9.3333E+00,
12:51:35.15255025, 3.1000E+00, 3.2000E-01, 1.0000E+01,
12:51:35.15255030, 3.0667E+00, 3.3333E-01, 9.6667E+00,
12:51:35.15255035, 3.1000E+00, 2.9333E-01, 9.6667E+00,
12:51:35.15255040, 3.1000E+00, 3.3333E-01, 9.6667E+00,
12:51:35.15255045, 3.0667E+00, 3.2000E-01, 9.6667E+00,
12:51:35.15255050, 3.0333E+00, 3.2000E-01, 9.3333E+00,
12:51:35.15255055, 3.0667E+00, 3.2000E-01, 9.6667E+00,
12:51:35.15255060, 3.0000E+00, 3.2000E-01, 1.0000E+01,
12:51:35.15255065, 3.0333E+00, 3.2000E-01, 9.0000E+00,
12:51:35.15255070, 3.1000E+00, 3.3333E-01, 9.6667E+00,
12:51:35.15255075, 3.0667E+00, 2.8000E-01, 9.3333E+00,
12:51:35.15255080, 3.0667E+00, 3.3333E-01, 1.0333E+01,
12:51:35.15255085, 3.0667E+00, 3.3333E-01, 9.3333E+00,
12:51:35.15255090, 3.0333E+00, 3.2000E-01, 9.6667E+00,
12:51:35.15255095, 3.1333E+00, 3.4667E-01, 9.6667E+00,
12:51:35.15255100, 3.0667E+00, 3.2000E-01, 9.6667E+00,
12:51:35.15255105, 3.0667E+00, 3.0667E-01, 9.0000E+00,
12:51:35.15255110, 3.1333E+00, 3.3333E-01, 9.3333E+00,
12:51:35.15255115, 3.0667E+00, 3.0667E-01, 9.6667E+00,
12:51:35.15255120, 3.1000E+00, 3.2000E-01, 9.0000E+00,
12:51:35.15255125, 3.0333E+00, 3.2000E-01, 1.0000E+01,
12:51:35.15255130, 3.1000E+00, 3.4667E-01, 1.0000E+01,
12:51:35.15255135, 3.0667E+00, 3.2000E-01, 9.3333E+00,
12:51:35.15255140, 3.0000E+00, 3.4667E-01, 9.6667E+00,
12:51:35.15255145, 3.1000E+00, 3.0667E-01, 9.0000E+00,
12:51:35.15255150, 3.0667E+00, 3.3333E-01, 9.0000E+00,
12:51:35.15255155, 3.0667E+00, 3.4667E-01, 1.0000E+01,
12:51:35.15255160, 3.1000E+00, 3.4667E-01, 9.6667E+00,
12:51:35.15255165, 3.0667E+00, 3.2000E-01, 1.0000E+01,
12:51:35.15255170, 3.1333E+00, 3.4667E-01, 1.0000E+01,
12:51:35.15255175, 3.1000E+00, 3.4667E-01, 1.0000E+01,
12:51:35.15255180, 3.1333E+00, 3.4667E-01, 9.6667E+00,
12:51:35.15255185, 3.1000E+00, 3.4667E-01, 9.6667E+00,
12:51:35.15255190, 3.0333E+00, 3.2000E-01, 9.0000E+00,
12:51:35.15255195, 3.1000E+00, 3.4667E-01, 9.0000E+00,
12:51:35.15255200, 3.0333E+00, 3.4667E-01, 9.3333E+00,
12:51:35.15255205, 3.1000E+00, 3.4667E-01, 9.0000E+00,
12:51:35.15255210, 3.0667E+00, 3.3333E-01, 1.0333E+01,
12:51:35.15255215, 3.1000E+00, 3.3333E-01, 9.6667E+00,
12:51:35.15255220, 3.0667E+00, 3.2000E-01, 1.0000E+01,
12:51:35.15255225, 3.1333E+00, 3.4667E-01, 9.3333E+00,
12:51:35.15255230, 3.0667E+00, 3.2000E-01, 9.3333E+00,
12:51:35.15255235, 3.0667E+00, 3.3333E-01, 9.6667E+00,
12:51:35.15255240, 3.1000E+00, 3.4667E-01, 1.0000E+01,
12:51:35.15255245, 3.1000E+00, 3.4667E-01, 9.3333E+00,
12:51:35.15255250, 3.1333E+00, 3.2000E-01, 9.6667E+00,
12:51:35.15255255, 3.1000E+00, 3.4667E-01, 1.0333E+01,
12:51:35.15255260, 3.1000E+00, 3.2000E-01, 1.0000E+01,
12:51:35.15255265, 3.1000E+00, 3.0667E-01, 1.0000E+01,
12:51:35.15255270, 3.0667E+00, 3.3333E-01, 1.0333E+01,
12:51:35.15255275, 3.1000E+00, 3.4667E-01, 9.0000E+00,
12:51:35.15255280, 2.9667E+00, 3.2000E-01, 9.0000E+00,
12:51:35.15255285, 3.0667E+00, 3.4667E-01, 9.6667E+00,
12:51:35.15255290, 3.0333E+00, 3.4667E-01, 9.3333E+00,
12:51:35.15255295, 2.9667E+00, 3.0667E-01, 1.0000E+01,
12:51:35.15255300, 3.1333E+00, 3.2000E-01, 9.6667E+00,
12:51:35.15255305, 3.0333E+00, 3.4667E-01, 9.3333E+00,
12:51:35.15255310, 3.1000E+00, 3.2000E-01, 9.6667E+00,
12:51:35.15255315, 3.1000E+00, 3.0667E-01, 1.0333E+01,
12:51:35.15255320, 3.1000E+00, 3.4667E-01, 9.3333E+00,
12:51:35.15255325, 3.0667E+00, 3.4667E-01, 9.3333E+00,
12:51:35.15255330, 3.1333E+00, 3.4667E-01, 1.0333E+01,
12:51:35.15255335, 3.1000E+00, 3.4667E-01, 9.6667E+00,
12:51:35.15255340, 3.1000E+00, 3.4667E-01, 9.6667E+00,
12:51:35.15255345, 3.0667E+00, 3.2000E-01, 9.3333E+00,
12:51:35.15255350, 3.0000E+00, 3.4667E-01, 9.0000E+00,
12:51:35.15255355, 3.1000E+00, 3.2000E-01, 9.0000E+00,
12:51:35.15255360, 3.1333E+00, 3.4667E-01, 9.6667E+00,
12:51:35.15255365, 3.0333E+00, 3.0667E-01, 9.6667E+00,
12:51:35.15255370, 3.0333E+00, 3.4667E-01, 1.0000E+01,
12:51:35.15255375, 3.1000E+00, 3.3333E-01, 9.3333E+00,
12:51:35.15255380, 3.0333E+00, 3.2000E-01, 9.3333E+00,
12:51:35.15255385, 3.1000E+00, 3.3333E-01, 9.0000E+00,
12:51:35.15255390, 3.1000E+00, 3.3333E-01, 1.0000E+01,
12:51:35.15255395, 3.1000E+00, 3.3333E-01, 9.0000E+00,
12:51:35.15255400, 3.0667E+00, 3.3333E-01, 8.6667E+00,
12:51:35.15255405, 3.1000E+00, 3.3333E-01, 1.0000E+01,
12:51:35.15255410, 3.1000E+00, 3.3333E-01, 1.0000E+01,
12:51:35.15255415, 3.0333E+00, 3.0667E-01, 1.0333E+01,
12:51:35.15255420, 3.1000E+00, 3.4667E-01, 9.3333E+00,
12:51:35.15255425, 3.1000E+00, 3.4667E-01, 9.3333E+00,
12:51:35.15255430, 3.0667E+00, 3.4667E-01, 9.0000E+00,
12:51:35.15255435, 3.1000E+00, 3.0667E-01, 9.6667E+00,
12:51:35.15255440, 3.1333E+00, 3.2000E-01, 9.0000E+00,
12:51:35.15255445, 3.0667E+00, 3.0667E-01, 1.0000E+01,
12:51:35.15255450, 3.1333E+00, 3.2000E-01, 9.3333E+00,
12:51:35.15255455, 3.1000E+00, 3.4667E-01, 9.6667E+00,
12:51:35.15255460, 3.1000E+00, 3.4667E-01, 9.3333E+00,
12:51:35.15255465, 3.0667E+00, 3.4667E-01, 9.3333E+00,
12:51:35.15255470, 3.0333E+00, 3.2000E-01, 1.0333E+01,
12:51:35.15255475, 3.0667E+00, 2.9333E-01, 8.6667E+00,
12:51:35.15255480, 3.1000E+00, 2.9333E-01, 9.3333E+00,
12:51:35.15255485, 3.0000E+00, 3.4667E-01, 9.3333E+00,
12:51:35.15255490, 3.0667E+00, 3.2000E-01, 1.0333E+01,
12:51:35.15255495, 3.0333E+00, 3.3333E-01, 1.0000E+01,
12:51:35.15255500, 3.0333E+00, 3.0667E-01, 1.0000E+01,
12:51:35.15255505, 3.1000E+00, 3.3333E-01, 9.6667E+00,
12:51:35.15255510, 3.0333E+00, 3.2000E-01, 1.0333E+01,
12:51:35.15255515, 3.1000E+00, 3.4667E-01, 1.0000E+01,
12:51:35.15255520, 3.0667E+00, 3.2000E-01, 1.0000E+01,
12:51:35.15255525, 3.0000E+00, 3.2000E-01, 9.3333E+00,
12:51:35.15255530, 3.1000E+00, 3.4667E-01, 9.6667E+00,
12:51:35.15255535, 3.0000E+00, 3.4667E-01, 9.3333E+00,
12:51:35.15255540, 3.0333E+00, 3.3333E-01, 9.6667E+00,
12:51:35.15255545, 3.1333E+00, 3.4667E-01, 9.0000E+00,
12:51:35.15255550, 3.1000E+00, 3.2000E-01, 9.3333E+00,
12:51:35.15255555, 3.1000E+00, 3.4667E-01, 9.0000E+00,
12:51:35.15255560, 3.1333E+00, 3.2000E-01, 9.3333E+00,
12:51:35.15255565, 3.0667E+00, 3.2000E-01, 9.6667E+00,
12:51:35.15255570, 3.1000E+00, 3.4667E-01, 9.6667E+00,
12:51:35.15255575, 3.0333E+00, 3.0667E-01, 9.6667E+00,
12:51:35.15255580, 3.1333E+00, 3.4667E-01, 9.6667E+00,
12:51:35.15255585, 3.1000E+00, 3.4667E-01, 9.3333E+00,
12:51:35.15255590, 3.0000E+00, 3.2000E-01, 1.0000E+01,
12:51:35.15255595, 3.1333E+00, 3.4667E-01, 9.3333E+00,
12:51:35.15255600, 3.0667E+00, 3.2000E-01, 9.3333E+00,
12:51:35.15255605, 3.0667E+00, 3.4667E-01, 9.3333E+00,
12:51:35.15255610, 3.1000E+00, 3.2000E-01, 9.6667E+00,
12:51:35.15255615, 3.0000E+00, 3.3333E-01, 9.0000E+00,
12:51:35.15255620, 3.1333E+00, 3.3333E-01, 9.6667E+00,
12:51:35.15255625, 3.0333E+00, 3.2000E-01, 1.0000E+01,
12:51:35.15255630, 3.0667E+00, 3.4667E-01, 1.0333E+01,
12:51:35.15255635, 3.1333E+00, 3.3333E-01, 9.0000E+00,
12:51:35.15255640, 3.0333E+00, 3.3333E-01, 9.3333E+00,
12:51:35.15255645, 3.1000E+00, 3.2000E-01, 9.0000E+00,
12:51:35.15255650, 3.1000E+00, 3.4667E-01, 9.3333E+00,
12:51:35.15255655, 3.0000E+00, 3.3333E-01, 9.6667E+00,
12:51:35.15255660, 3.0333E+00, 3.3333E-01, 9.3333E+00,
12:51:35.15255665, 3.1000E+00, 3.4667E-01, 9.3333E+00,
12:51:35.15255670, 3.1000E+00, 3.4667E-01, 9.6667E+00,
12:51:35.15255675, 3.0000E+00, 3.2000E-01, 9.6667E+00,
12:51:35.15255680, 3.0000E+00, 3.3333E-01, 9.6667E+00,
12:51:35.15255685, 3.1000E+00, 3.3333E-01, 9.6667E+00,
12:51:35.15255690, 3.1333E+00, 3.3333E-01, 8.6667E+00,
12:51:35.15255695, 3.0000E+00, 3.4667E-01, 9.3333E+00,
12:51:35.15255700, 3.1333E+00, 3.6000E-01, 9.6667E+00,
12:51:35.15255705, 3.1000E+00, 3.4667E-01, 9.0000E+00,
12:51:35.15255710, 3.0333E+00, 3.4667E-01, 9.6667E+00,
12:51:35.15255715, 3.0667E+00, 3.4667E-01, 1.0000E+01,
12:51:35.15255720, 3.0333E+00, 3.4667E-01, 1.0333E+01,
12:51:35.15255725, 3.0333E+00, 3.2000E-01, 9.0000E+00,
12:51:35.15255730, 3.0667E+00, 2.9333E-01, 9.3333E+00,
12:51:35.15255735, 3.0667E+00, 3.3333E-01, 9.3333E+00,
12:51:35.15255740, 3.0667E+00, 2.9333E-01, 9.3333E+00,
12:51:35.15255745, 3.1000E+00, 3.4667E-01, 9.6667E+00,
12:51:35.15255750, 3.1000E+00, 3.4667E-01, 9.3333E+00,
12:51:35.15255755, 3.0333E+00, 3.3333E-01, 1.0000E+01,
12:51:35.15255760, 3.0333E+00, 3.2000E-01, 9.0000E+00,
12:51:35.15255765, 3.0667E+00, 3.3333E-01, 9.0000E+00,
12:51:35.15255770, 3.0000E+00, 3.4667E-01, 1.0000E+01,
12:51:35.15255775, 3.0333E+00, 3.0667E-01, 9.3333E+00,
12:51:35.15255780, 3.0667E+00, 3.4667E-01, 9.3333E+00,
12:51:35.15255785, 3.1333E+00, 3.3333E-01, 9.0000E+00,
12:51:35.15255790, 3.1333E+00, 3.3333E-01, 9.0000E+00,
12:51:35.15255795, 3.0667E+00, 3.3333E-01, 9.3333E+00,
12:51:35.15255800, 3.1333E+00, 3.3333E-01, 1.0333E+01,
12:51:35.15255805, 3.0000E+00, 3.4667E-01, 9.3333E+00,
12:51:35.15255810, 2.9667E+00, 3.4667E-01, 9.3333E+00,
12:51:35.15255815, 3.0000E+00, 3.3333E-01, 9.3333E+00,
12:51:35.15255820, 3.1000E+00, 3.2000E-01, 1.0000E+01,
12:51:35.15255825, 3.1000E+00, 3.2000E-01, 9.3333E+00,
12:51:35.15255830, 3.0667E+00, 3.2000E-01, 9.0000E+00,
12:51:35.15255835, 3.1333E+00, 3.2000E-01, 1.0333E+01,
12:51:35.15255840, 3.0667E+00, 3.3333E-01, 1.0000E+01,
12:51:35.15255845, 3.0667E+00, 3.4667E-01, 9.3333E+00,
12:51:35.15255850, 3.1333E+00, 3.2000E-01, 9.6667E+00,
12:51:35.15255855, 3.1000E+00, 3.6000E-01, 9.6667E+00,
12:51:35.15255860, 3.0667E+00, 3.3333E-01, 9.0000E+00,
12:51:35.15255865, 3.0000E+00, 3.4667E-01, 9.6667E+00,
12:51:35.15255870, 3.1000E+00, 3.2000E-01, 9.6667E+00,
12:51:35.15255875, 3.1000E+00, 3.3333E-01, 9.3333E+00,
12:51:35.15255880, 3.0667E+00, 3.4667E-01, 1.0000E+01,
12:51:35.15255885, 3.0667E+00, 3.4667E-01, 9.3333E+00,
12:51:35.15255890, 3.0333E+00, 3.2000E-01, 9.3333E+00,
12:51:35.15255895, 3.0667E+00, 3.4667E-01, 9.3333E+00,
12:51:35.15255900, 3.0333E+00, 3.2000E-01, 9.6667E+00,
12:51:35.15255905, 3.0333E+00, 3.2000E-01, 9.3333E+00,
12:51:35.15255910, 3.0333E+00, 3.3333E-01, 9.3333E+00,
12:51:35.15255915, 3.0667E+00, 3.3333E-01, 9.3333E+00,
12:51:35.15255920, 2.9667E+00, 3.3333E-01, 9.0000E+00,
12:51:35.15255925, 3.0333E+00, 3.0667E-01, 9.6667E+00,
12:51:35.15255930, 3.0333E+00, 3.4667E-01, 9.6667E+00,
12:51:35.15255935, 3.1000E+00, 3.4667E-01, 9.3333E+00,
12:51:35.15255940, 3.1000E+00, 3.3333E-01, 9.6667E+00,
12:51:35.15255945, 3.0667E+00, 3.2000E-01, 9.3333E+00,
12:51:35.15255950, 3.0333E+00, 3.3333E-01, 9.6667E+00,
12:51:35.15255955, 3.1333E+00, 3.0667E-01, 1.0000E+01,
12:51:35.15255960, 3.0000E+00, 2.8000E-01, 9.3333E+00,
12:51:35.15255965, 3.0333E+00, 3.0667E-01, 9.6667E+00,
12:51:35.15255970, 3.0000E+00, 3.4667E-01, 9.6667E+00,
12:51:35.15255975, 3.0000E+00, 3.2000E-01, 9.3333E+00,
12:51:35.15255980, 3.1000E+00, 3.3333E-01, 1.0000E+01,
12:51:35.15255985, 3.0667E+00, 3.3333E-01, 1.0000E+01,
12:51:35.15255990, 3.0333E+00, 3.4667E-01, 1.0000E+01,
12:51:35.15255995, 3.0000E+00, 3.2000E-01, 1.0000E+01,
12:51:35.15256000, 3.0667E+00, 3.4667E-01, 9.6667E+00,
12:51:35.15256005, 3.0333E+00, 3.4667E-01, 8.6667E+00,
12:51:35.15256010, 3.1333E+00, 3.3333E-01, 1.0333E+01,
12:51:35.15256015, 3.1333E+00, 3.4667E-01, 9.3333E+00,
12:51:35.15256020, 3.0333E+00, 3.4667E-01, 9.3333E+00,
12:51:35.15256025, 3.1333E+00, 3.2000E-01, 9.3333E+00,
12:51:35.15256030, 3.0333E+00, 3.4667E-01, 9.6667E+00,
12:51:35.15256035, 3.1000E+00, 3.2000E-01, 1.0000E+01,
12:51:35.15256040, 3.1000E+00, 3.2000E-01, 9.6667E+00,
12:51:35.15256045, 3.0667E+00, 3.3333E-01, 9.6667E+00,
12:51:35.15256050, 3.0667E+00, 3.4667E-01, 8.6667E+00,
12:51:35.15256055, 3.1000E+00, 3.3333E-01, 9.6667E+00,
12:51:35.15256060, 3.1333E+00, 3.2000E-01, 1.0333E+01,
12:51:35.15256065, 3.1333E+00, 3.0667E-01, 9.3333E+00,
12:51:35.15256070, 3.1000E+00, 3.2000E-01, 8.6667E+00,
12:51:35.15256075, 3.1333E+00, 3.2000E-01, 9.0000E+00,
12:51:35.15256080, 3.0667E+00, 2.9333E-01, 9.6667E+00,
12:51:35.15256085, 3.1333E+00, 3.4667E-01, 9.6667E+00,
12:51:35.15256090, 3.0667E+00, 3.4667E-01, 1.0000E+01,
12:51:35.15256095, 3.1333E+00, 3.4667E-01, 9.3333E+00,
12:51:35.15256100, 3.0667E+00, 3.3333E-01, 1.0000E+01,
12:51:35.15256105, 3.0333E+00, 3.3333E-01, 9.3333E+00,
12:51:35.15256110, 3.0667E+00, 3.4667E-01, 9.6667E+00,
12:51:35.15256115, 3.0000E+00, 3.4667E-01, 9.3333E+00,
12:51:35.15256120, 3.1000E+00, 3.0667E-01, 9.6667E+00,
12:51:35.15256125, 3.1000E+00, 3.4667E-01, 9.3333E+00,
12:51:35.15256130, 3.1333E+00, 3.2000E-01, 9.6667E+00,
12:51:35.15256135, 3.1000E+00, 3.3333E-01, 9.3333E+00,
12:51:35.15256140, 3.0333E+00, 3.4667E-01, 1.0000E+01,
12:51:35.15256145, 3.0667E+00, 3.4667E-01, 1.0333E+01,
12:51:35.15256150, 3.0667E+00, 3.2000E-01, 1.0000E+01,
12:51:35.15256155, 3.0667E+00, 3.2000E-01, 9.3333E+00,
12:51:35.15256160, 3.0000E+00, 3.4667E-01, 9.3333E+00,
12:51:35.15256165, 3.0667E+00, 3.4667E-01, 9.6667E+00,
12:51:35.15256170, 3.0333E+00, 3.3333E-01, 9.3333E+00,
12:51:35.15256175, 3.1000E+00, 3.4667E-01, 1.0000E+01,
12:51:35.15256180, 3.0333E+00, 3.4667E-01, 9.6667E+00,
12:51:35.15256185, 3.0667E+00, 3.2000E-01, 9.0000E+00,
12:51:35.15256190, 3.1000E+00, 3.3333E-01, 9.3333E+00,
12:51:35.15256195, 3.0667E+00, 3.4667E-01, 9.6667E+00,
12:51:35.15256200, 3.0667E+00, 3.2000E-01, 9.3333E+00,
12:51:35.15256205, 3.0667E+00, 3.2000E-01, 9.3333E+00,
12:51:35.15256210, 3.0667E+00, 3.4667E-01, 9.6667E+00,
12:51:35.15256215, 3.0667E+00, 3.2000E-01, 9.6667E+00,
12:51:35.15256220, 3.1000E+00, 3.2000E-01, 9.3333E+00,
12:51:35.15256225, 3.1000E+00, 3.0667E-01, 1.0333E+01,
12:51:35.15256230, 3.1333E+00, 3.3333E-01, 9.3333E+00,
12:51:35.15256235, 3.1333E+00, 3.4667E-01, 9.6667E+00,
12:51:35.15256240, 3.0667E+00, 3.2000E-01, 9.6667E+00,
12:51:35.15256245, 3.0333E+00, 3.2000E-01, 1.0000E+01,
12:51:35.15256250, 3.1000E+00, 3.3333E-01, 8.6667E+00,
12:51:35.15256255, 3.1333E+00, 3.0667E-01, 1.0000E+01,
12:51:35.15256260, 3.1000E+00, 3.4667E-01, 9.3333E+00,
12:51:35.15256265, 3.0667E+00, 3.4667E-01, 1.0333E+01,
12:51:35.15256270, 3.1000E+00, 3.2000E-01, 9.6667E+00,
12:51:35.15256275, 3.1333E+00, 3.0667E-01, 9.3333E+00,
12:51:35.15256280, 3.0333E+00, 3.3333E-01, 1.0000E+01,
12:51:35.15256285, 3.1000E+00, 3.4667E-01, 1.0333E+01,
12:51:35.15256290, 3.0333E+00, 3.4667E-01, 9.6667E+00,
12:51:35.15256295, 3.0667E+00, 3.2000E-01, 9.3333E+00,
12:51:35.15256300, 3.1000E+00, 3.4667E-01, 9.3333E+00,
12:51:35.15256305, 3.1333E+00, 3.4667E-01, 9.6667E+00,
12:51:35.15256310, 3.1000E+00, 3.2000E-01, 9.3333E+00,
12:51:35.15256315, 3.1333E+00, 3.0667E-01, 9.0000E+00,
12:51:35.15256320, 3.1000E+00, 3.4667E-01, 8.6667E+00,
12:51:35.15256325, 3.0333E+00, 3.2000E-01, 9.3333E+00,
12:51:35.15256330, 3.1000E+00, 3.3333E-01, 9.3333E+00,
12:51:35.15256335, 3.0667E+00, 3.2000E-01, 9.3333E+00,
12:51:35.15256340, 3.0333E+00, 3.2000E-01, 1.0333E+01,
12:51:35.15256345, 3.0667E+00, 3.2000E-01, 1.0000E+01,
12:51:35.15256350, 3.1000E+00, 3.3333E-01, 1.0000E+01,
12:51:35.15256355, 3.0667E+00, 3.4667E-01, 9.6667E+00,
12:51:35.15256360, 3.0333E+00, 3.3333E-01, 1.0000E+01,
12:51:35.15256365, 3.0667E+00, 3.4667E-01, 9.3333E+00,
12:51:35.15256370, 3.0667E+00, 3.2000E-01, 9.6667E+00,
12:51:35.15256375, 3.0333E+00, 3.4667E-01, 9.3333E+00,
12:51:35.15256380, 3.1000E+00, 3.3333E-01, 9.0000E+00,
12:51:35.15256385, 3.0667E+00, 3.2000E-01, 9.6667E+00,
12:51:35.15256390, 3.0667E+00, 3.2000E-01, 9.3333E+00,
12:51:35.15256395, 3.0333E+00, 3.3333E-01, 9.3333E+00,
12:51:35.15256400, 3.0333E+00, 3.2000E-01, 9.0000E+00,
12:51:35.15256405, 3.1333E+00, 3.4667E-01, 9.6667E+00,
12:51:35.15256410, 3.0667E+00, 3.4667E-01, 9.3333E+00,
12:51:35.15256415, 3.1000E+00, 3.4667E-01, 9.6667E+00,
12:51:35.15256420, 3.1333E+00, 3.4667E-01, 9.6667E+00,
12:51:35.15256425, 3.0333E+00, 3.3333E-01, 9.3333E+00,
12:51:35.15256430, 3.0667E+00, 3.3333E-01, 9.3333E+00,
12:51:35.15256435, 3.1333E+00, 3.2000E-01, 1.1000E+01,
12:51:35.15256440, 3.1000E+00, 3.3333E-01, 1.0000E+01,
12:51:35.15256445, 3.0333E+00, 3.3333E-01, 1.0333E+01,
12:51:35.15256450, 3.1000E+00, 3.3333E-01, 9.3333E+00,
12:51:35.15256455, 3.0667E+00, 3.3333E-01, 9.6667E+00,
12:51:35.15256460, 3.1000E+00, 3.2000E-01, 9.6667E+00,
12:51:35.15256465, 3.1000E+00, 3.3333E-01, 9.3333E+00,
12:51:35.15256470, 3.1333E+00, 3.2000E-01, 9.0000E+00,
12:51:35.15256475, 3.1333E+00, 3.0667E-01, 1.0000E+01,
12:51:35.15256480, 3.0667E+00, 3.4667E-01, 9.6667E+00,
12:51:35.15256485, 3.0667E+00, 3.3333E-01, 9.0000E+00,
12:51:35.15256490, 3.1000E+00, 3.3333E-01, 9.6667E+00,
12:51:35.15256495, 3.0667E+00, 3.2000E-01, 9.3333E+00,
12:51:35.15256500, 3.0667E+00, 3.3333E-01, 9.6667E+00,
12:51:35.15256505, 3.0333E+00, 3.0667E-01, 9.6667E+00,
12:51:35.15256510, 3.0667E+00, 3.2000E-01, 9.3333E+00,
12:51:35.15256515, 3.0667E+00, 3.2000E-01, 9.3333E+00,
12:51:35.15256520, 3.1000E+00, 3.3333E-01, 9.6667E+00,
12:51:35.15256525, 3.0667E+00, 3.2000E-01, 9.0000E+00,
12:51:35.15256530, 3.0667E+00, 3.0667E-01, 1.0000E+01,
12:51:35.15256535, 3.1333E+00, 3.3333E-01, 1.0000E+01,
12:51:35.15256540, 3.0667E+00, 3.4667E-01, 9.6667E+00,
12:51:35.15256545, 3.1000E+00, 3.3333E-01, 9.6667E+00,
12:51:35.15256550, 3.0333E+00, 3.3333E-01, 9.3333E+00,
12:51:35.15256555, 3.0667E+00, 3.3333E-01, 9.6667E+00,
12:51:35.15256560, 3.1000E+00, 3.3333E-01, 9.3333E+00,
12:51:35.15256565, 3.0667E+00, 3.6000E-01, 1.0000E+01,
12:51:35.15256570, 3.0667E+00, 3.6000E-01, 9.6667E+00,
12:51:35.15256575, 3.0667E+00, 3.3333E-01, 8.6667E+00,
12:51:35.15256580, 3.1000E+00, 3.0667E-01, 9.6667E+00,
12:51:35.15256585, 2.9333E+00, 3.4667E-01, 9.3333E+00,
12:51:35.15256590, 3.0667E+00, 3.0667E-01, 1.0000E+01,
12:51:35.15256595, 3.0667E+00, 3.3333E-01, 9.6667E+00,
12:51:35.15256600, 3.1000E+00, 3.2000E-01, 1.0333E+01,
12:51:35.15256605, 3.0667E+00, 2.9333E-01, 1.0000E+01,
12:51:35.15256610, 3.0000E+00, 3.4667E-01, 9.6667E+00,
12:51:35.15256615, 3.1000E+00, 3.2000E-01, 9.3333E+00,
12:51:35.15256620, 3.1333E+00, 3.0667E-01, 9.0000E+00,
12:51:35.15256625, 3.0667E+00, 3.4667E-01, 9.3333E+00,
12:51:35.15256630, 3.0000E+00, 3.4667E-01, 9.3333E+00,
12:51:35.15256635, 3.0667E+00, 3.3333E-01, 9.6667E+00,
12:51:35.15256640, 3.0667E+00, 3.4667E-01, 9.6667E+00,
12:51:35.15256645, 3.1000E+00, 3.4667E-01, 1.0000E+01,
12:51:35.15256650, 3.1000E+00, 3.2000E-01, 1.0333E+01,
12:51:35.15256655, 3.1333E+00, 3.4667E-01, 9.6667E+00,
12:51:35.15256660, 3.0667E+00, 3.2000E-01, 9.6667E+00,
12:51:35.15256665, 3.1000E+00, 3.4667E-01, 9.0000E+00,
12:51:35.15256670, 3.0667E+00, 3.2000E-01, 9.6667E+00,
12:51:35.15256675, 3.0667E+00, 3.2000E-01, 9.6667E+00,
12:51:35.15256680, 3.0667E+00, 3.2000E-01, 1.0000E+01,
12:51:35.15256685, 3.0333E+00, 3.0667E-01, 9.3333E+00,
12:51:35.15256690, 3.1000E+00, 3.0667E-01, 9.0000E+00,
12:51:35.15256695, 3.1000E+00, 3.2000E-01, 9.6667E+00,
12:51:35.15256700, 3.0667E+00, 3.2000E-01, 1.0333E+01,
12:51:35.15256705, 3.0667E+00, 3.3333E-01, 9.0000E+00,
12:51:35.15256710, 3.1333E+00, 3.3333E-01, 1.0000E+01,
12:51:35.15256715, 3.0667E+00, 3.3333E-01, 9.3333E+00,
12:51:35.15256720, 3.1000E+00, 3.4667E-01, 1.0000E+01,
12:51:35.15256725, 3.0667E+00, 3.0667E-01, 9.6667E+00,
12:51:35.15256730, 3.1000E+00, 3.2000E-01, 9.6667E+00,
12:51:35.15256735, 3.0667E+00, 3.4667E-01, 9.3333E+00,
12:51:35.15256740, 3.1000E+00, 3.4667E-01, 9.6667E+00,
12:51:35.15256745, 3.0667E+00, 3.4667E-01, 9.3333E+00,
12:51:35.15256750, 3.0667E+00, 3.4667E-01, 9.3333E+00,
12:51:35.15256755, 3.1333E+00, 3.3333E-01, 9.3333E+00,
12:51:35.15256760, 3.0000E+00, 3.0667E-01, 9.3333E+00,
12:51:35.15256765, 3.1000E+00, 3.2000E-01, 1.0000E+01,
12:51:35.15256770, 3.1000E+00, 3.0667E-01, 9.3333E+00,
12:51:35.15256775, 2.9667E+00, 3.3333E-01, 9.6667E+00,
12:51:35.15256780, 3.0333E+00, 3.3333E-01, 9.6667E+00,
12:51:35.15256785, 3.1333E+00, 3.0667E-01, 9.6667E+00,
12:51:35.15256790, 3.1000E+00, 3.4667E-01, 9.3333E+00,
12:51:35.15256795, 3.0667E+00, 3.4667E-01, 9.6667E+00,
12:51:35.15256800, 3.1333E+00, 3.3333E-01, 9.6667E+00,
12:51:35.15256805, 3.1333E+00, 3.2000E-01, 1.0000E+01,
12:51:35.15256810, 3.0667E+00, 3.4667E-01, 9.6667E+00,
12:51:35.15256815, 3.0333E+00, 3.0667E-01, 9.3333E+00,
12:51:35.15256820, 3.0333E+00, 3.3333E-01, 9.3333E+00,
12:51:35.15256825, 3.1333E+00, 3.0667E-01, 1.0000E+01,
12:51:35.15256830, 3.0333E+00, 3.0667E-01, 9.0000E+00,
12:51:35.15256835, 3.0667E+00, 3.0667E-01, 9.6667E+00,
12:51:35.15256840, 3.0667E+00, 3.3333E-01, 9.0000E+00,
12:51:35.15256845, 3.0000E+00, 3.4667E-01, 9.6667E+00,
12:51:35.15256850, 3.0667E+00, 3.3333E-01, 9.3333E+00,
12:51:35.15256855, 3.0333E+00, 2.8000E-01, 9.3333E+00,
12:51:35.15256860, 3.1000E+00, 3.3333E-01, 9.3333E+00,
12:51:35.15256865, 3.0667E+00, 3.3333E-01, 9.3333E+00,
12:51:35.15256870, 3.0333E+00, 3.3333E-01, 9.6667E+00,
12:51:35.15256875, 3.0333E+00, 3.3333E-01, 1.0333E+01,
12:51:35.15256880, 3.0333E+00, 3.0667E-01, 9.6667E+00,
12:51:35.15256885, 3.1333E+00, 3.3333E-01, 1.0000E+01,
12:51:35.15256890, 3.0667E+00, 3.3333E-01, 1.0333E+01,
12:51:35.15256895, 3.0000E+00, 3.2000E-01, 9.6667E+00,
12:51:35.15256900, 3.1000E+00, 3.3333E-01, 1.0000E+01,
12:51:35.15256905, 3.1000E+00, 3.2000E-01, 9.6667E+00,
12:51:35.15256910, 3.1000E+00, 3.0667E-01, 9.3333E+00,
12:51:35.15256915, 3.1333E+00, 3.3333E-01, 1.0000E+01,
12:51:35.15256920, 3.0667E+00, 3.4667E-01, 9.0000E+00,
12:51:35.15256925, 3.0667E+00, 3.0667E-01, 1.0000E+01,
12:51:35.15256930, 3.0667E+00, 3.2000E-01, 9.6667E+00,
12:51:35.15256935, 3.0667E+00, 3.0667E-01, 1.0333E+01,
12:51:35.15256940, 3.1333E+00, 3.2000E-01, 9.0000E+00,
12:51:35.15256945, 3.0667E+00, 3.3333E-01, 9.3333E+00,
12:51:35.15256950, 3.0667E+00, 3.2000E-01, 9.6667E+00,
12:51:35.15256955, 3.1000E+00, 3.3333E-01, 9.0000E+00,
12:51:35.15256960, 3.0000E+00, 3.2000E-01, 8.6667E+00,
12:51:35.15256965, 3.0333E+00, 3.0667E-01, 1.0000E+01,
12:51:35.15256970, 3.0667E+00, 3.0667E-01, 1.0000E+01,
12:51:35.15256975, 3.0667E+00, 3.2000E-01, 1.0000E+01,
12:51:35.15256980, 3.0667E+00, 2.9333E-01, 1.0000E+01,
12:51:35.15256985, 3.0000E+00, 3.2000E-01, 9.6667E+00,
12:51:35.15256990, 3.1333E+00, 3.0667E-01, 9.3333E+00,
12:51:35.15256995, 3.1667E+00, 3.4667E-01, 9.3333E+00,
12:51:35.15257000, 3.1000E+00, 3.0667E-01, 9.3333E+00,
12:51:35.15257005, 3.1000E+00, 3.3333E-01, 9.0000E+00,
12:51:35.15257010, 3.1000E+00, 3.2000E-01, 1.0000E+01,
12:51:35.15257015, 3.0667E+00, 3.4667E-01, 1.0000E+01,
12:51:35.15257020, 3.1000E+00, 3.4667E-01, 9.6667E+00,
12:51:35.15257025, 3.1333E+00, 3.4667E-01, 9.6667E+00,
12:51:35.15257030, 3.0667E+00, 3.2000E-01, 9.3333E+00,
12:51:35.15257035, 3.1333E+00, 3.0667E-01, 1.0333E+01,
12:51:35.15257040, 3.0667E+00, 2.9333E-01, 1.0333E+01,
12:51:35.15257045, 3.0000E+00, 3.3333E-01, 9.3333E+00,
12:51:35.15257050, 3.1667E+00, 3.3333E-01, 1.0000E+01,
12:51:35.15257055, 3.1333E+00, 3.4667E-01, 1.0000E+01,
12:51:35.15257060, 3.1000E+00, 3.3333E-01, 8.6667E+00,
12:51:35.15257065, 3.0000E+00, 3.2000E-01, 9.3333E+00,
12:51:35.15257070, 3.1000E+00, 3.3333E-01, 9.6667E+00,
12:51:35.15257075, 3.0667E+00, 3.2000E-01, 1.0000E+01,
12:51:35.15257080, 3.1333E+00, 3.3333E-01, 9.6667E+00,
12:51:35.15257085, 3.1000E+00, 3.0667E-01, 1.0000E+01,
12:51:35.15257090, 3.1333E+00, 3.4667E-01, 9.6667E+00,
12:51:35.15257095, 3.1000E+00, 2.9333E-01, 9.6667E+00,
12:51:35.15257100, 3.0667E+00, 3.4667E-01, 9.0000E+00,
12:51:35.15257105, 3.0667E+00, 3.2000E-01, 9.6667E+00,
12:51:35.15257110, 3.0333E+00, 3.2000E-01, 9.6667E+00,
12:51:35.15257115, 3.1000E+00, 3.2000E-01, 9.3333E+00,
12:51:35.15257120, 3.1333E+00, 3.2000E-01, 9.6667E+00,
12:51:35.15257125, 3.1000E+00, 3.3333E-01, 9.6667E+00,
12:51:35.15257130, 3.0333E+00, 3.3333E-01, 9.3333E+00,
12:51:35.15257135, 3.0333E+00, 3.2000E-01, 9.0000E+00,
12:51:35.15257140, 3.0667E+00, 3.4667E-01, 9.6667E+00,
12:51:35.15257145, 3.1000E+00, 3.3333E-01, 9.0000E+00,
12:51:35.15257150, 3.0333E+00, 3.2000E-01, 9.3333E+00,
12:51:35.15257155, 3.0667E+00, 3.2000E-01, 9.6667E+00,
12:51:35.15257160, 3.0000E+00, 3.0667E-01, 1.0000E+01,
12:51:35.15257165, 3.0667E+00, 3.3333E-01, 9.6667E+00,
12:51:35.15257170, 3.1000E+00, 3.3333E-01, 9.3333E+00,
12:51:35.15257175, 3.0667E+00, 3.0667E-01, 1.0000E+01,
12:51:35.15257180, 3.0667E+00, 3.3333E-01, 9.6667E+00,
12:51:35.15257185, 3.1667E+00, 3.2000E-01, 9.3333E+00,
12:51:35.15257190, 3.1000E+00, 3.2000E-01, 9.3333E+00,
12:51:35.15257195, 3.1333E+00, 3.2000E-01, 1.0333E+01,
12:51:35.15257200, 3.0333E+00, 3.4667E-01, 1.0000E+01,
12:51:35.15257205, 3.0333E+00, 3.4667E-01, 1.0333E+01,
12:51:35.15257210, 3.1333E+00, 3.4667E-01, 1.0000E+01,
12:51:35.15257215, 3.0333E+00, 3.6000E-01, 1.0000E+01,
12:51:35.15257220, 3.0000E+00, 3.0667E-01, 1.0000E+01,
12:51:35.15257225, 3.0333E+00, 3.3333E-01, 1.0000E+01,
12:51:35.15257230, 3.1000E+00, 3.0667E-01, 9.6667E+00,
12:51:35.15257235, 3.0333E+00, 3.2000E-01, 9.6667E+00,
12:51:35.15257240, 3.1333E+00, 3.4667E-01, 9.6667E+00,
12:51:35.15257245, 3.1000E+00, 3.3333E-01, 9.6667E+00,
12:51:35.15257250, 3.0667E+00, 3.3333E-01, 9.3333E+00,
12:51:35.15257255, 3.0667E+00, 3.6000E-01, 9.0000E+00,
12:51:35.15257260, 3.0333E+00, 3.3333E-01, 9.0000E+00,
12:51:35.15257265, 3.1000E+00, 3.2000E-01, 9.6667E+00,
12:51:35.15257270, 3.0667E+00, 3.2000E-01, 9.3333E+00,
12:51:35.15257275, 3.0667E+00, 3.2000E-01, 9.0000E+00,
12:51:35.15257280, 3.0333E+00, 3.2000E-01, 9.3333E+00,
12:51:35.15257285, 3.1000E+00, 3.0667E-01, 9.6667E+00,
12:51:35.15257290, 3.0333E+00, 3.4667E-01, 1.0000E+01,
12:51:35.15257295, 3.0667E+00, 3.2000E-01, 1.0000E+01,
12:51:35.15257300, 3.1000E+00, 3.2000E-01, 9.0000E+00,
12:51:35.15257305, 3.0333E+00, 3.0667E-01, 9.6667E+00,
12:51:35.15257310, 3.0667E+00, 3.4667E-01, 9.3333E+00,
12:51:35.15257315, 3.0667E+00, 3.3333E-01, 9.6667E+00,
12:51:35.15257320, 3.0333E+00, 3.3333E-01, 9.0000E+00,
12:51:35.15257325, 3.1000E+00, 3.0667E-01, 1.0000E+01,
12:51:35.15257330, 3.0667E+00, 3.3333E-01, 9.3333E+00,
12:51:35.15257335, 3.0667E+00, 3.2000E-01, 9.0000E+00,
12:51:35.15257340, 3.1000E+00, 3.2000E-01, 9.6667E+00,
12:51:35.15257345, 3.1000E+00, 3.3333E-01, 9.3333E+00,
12:51:35.15257350, 3.1000E+00, 3.3333E-01, 9.3333E+00,
12:51:35.15257355, 3.1000E+00, 3.4667E-01, 9.3333E+00,
12:51:35.15257360, 3.0667E+00, 3.4667E-01, 9.6667E+00,
12:51:35.15257365, 3.0667E+00, 3.3333E-01, 1.0000E+01,
12:51:35.15257370, 3.1000E+00, 3.2000E-01, 9.6667E+00,
12:51:35.15257375, 3.0667E+00, 3.3333E-01, 9.0000E+00,
12:51:35.15257380, 3.1000E+00, 3.2000E-01, 9.6667E+00,
12:51:35.15257385, 2.9667E+00, 3.3333E-01, 9.3333E+00,
12:51:35.15257390, 3.0667E+00, 3.4667E-01, 9.0000E+00,
12:51:35.15257395, 3.0333E+00, 3.4667E-01, 9.3333E+00,
12:51:35.15257400, 3.1000E+00, 3.4667E-01, 9.6667E+00,
12:51:35.15257405, 3.0667E+00, 3.4667E-01, 9.0000E+00,
12:51:35.15257410, 3.0333E+00, 3.6000E-01, 9.6667E+00,
12:51:35.15257415, 3.1000E+00, 3.0667E-01, 9.6667E+00,
12:51:35.15257420, 3.0667E+00, 3.2000E-01, 9.3333E+00,
12:51:35.15257425, 3.1000E+00, 3.3333E-01, 9.3333E+00,
12:51:35.15257430, 3.0667E+00, 3.2000E-01, 9.0000E+00,
12:51:35.15257435, 3.0000E+00, 3.2000E-01, 9.3333E+00,
12:51:35.15257440, 3.0333E+00, 3.2000E-01, 9.6667E+00,
12:51:35.15257445, 3.0667E+00, 3.4667E-01, 9.0000E+00,
12:51:35.15257450, 3.0333E+00, 3.4667E-01, 9.6667E+00,
12:51:35.15257455, 3.1000E+00, 3.2000E-01, 1.0000E+01,
12:51:35.15257460, 3.1000E+00, 3.4667E-01, 9.0000E+00,
12:51:35.15257465, 3.1333E+00, 3.3333E-01, 9.6667E+00,
12:51:35.15257470, 3.1000E+00, 3.2000E-01, 9.3333E+00,
12:51:35.15257475, 3.0333E+00, 3.4667E-01, 9.3333E+00,
12:51:35.15257480, 3.0667E+00, 3.2000E-01, 9.6667E+00,
12:51:35.15257485, 3.0667E+00, 3.3333E-01, 8.6667E+00,
12:51:35.15257490, 2.9667E+00, 3.3333E-01, 9.6667E+00,
12:51:35.15257495, 3.1000E+00, 3.3333E-01, 9.0000E+00,
12:51:35.15257500, 3.0333E+00, 3.4667E-01, 9.6667E+00,
12:51:35.15257505, 3.1000E+00, 3.2000E-01, 9.3333E+00,
12:51:35.15257510, 3.0667E+00, 3.3333E-01, 1.0333E+01,
12:51:35.15257515, 3.1333E+00, 3.3333E-01, 9.3333E+00,
12:51:35.15257520, 3.0000E+00, 3.4667E-01, 9.6667E+00,
12:51:35.15257525, 3.0333E+00, 3.4667E-01, 1.0000E+01,
12:51:35.15257530, 3.0667E+00, 3.6000E-01, 9.6667E+00,
12:51:35.15257535, 3.0667E+00, 2.9333E-01, 8.6667E+00,
12:51:35.15257540, 3.1000E+00, 3.2000E-01, 9.6667E+00,
12:51:35.15257545, 3.0333E+00, 3.3333E-01, 1.0333E+01,
12:51:35.15257550, 3.0333E+00, 3.0667E-01, 9.3333E+00,
12:51:35.15257555, 3.1000E+00, 3.4667E-01, 9.3333E+00,
12:51:35.15257560, 3.1000E+00, 3.3333E-01, 9.0000E+00,
12:51:35.15257565, 3.0667E+00, 3.2000E-01, 1.0333E+01,
12:51:35.15257570, 3.0667E+00, 3.2000E-01, 9.3333E+00,
12:51:35.15257575, 3.0667E+00, 2.9333E-01, 9.0000E+00,
12:51:35.15257580, 3.1000E+00, 3.2000E-01, 8.6667E+00,
12:51:35.15257585, 3.0333E+00, 3.4667E-01, 9.0000E+00,
12:51:35.15257590, 3.0667E+00, 3.0667E-01, 9.3333E+00,
12:51:35.15257595, 3.1000E+00, 3.0667E-01, 9.6667E+00,
12:51:35.15257600, 3.0667E+00, 3.4667E-01, 9.0000E+00,
12:51:35.15257605, 3.0000E+00, 3.3333E-01, 9.0000E+00,
12:51:35.15257610, 3.1000E+00, 3.4667E-01, 9.0000E+00,
12:51:35.15257615, 3.1000E+00, 3.3333E-01, 1.0000E+01,
12:51:35.15257620, 3.1000E+00, 3.4667E-01, 9.6667E+00,
12:51:35.15257625, 3.1333E+00, 3.4667E-01, 9.0000E+00,
12:51:35.15257630, 3.0000E+00, 3.3333E-01, 9.6667E+00,
12:51:35.15257635, 3.0333E+00, 3.3333E-01, 8.6667E+00,
12:51:35.15257640, 3.0667E+00, 3.2000E-01, 9.3333E+00,
12:51:35.15257645, 3.0667E+00, 3.3333E-01, 8.6667E+00,
12:51:35.15257650, 3.0667E+00, 3.4667E-01, 9.6667E+00,
12:51:35.15257655, 3.0667E+00, 3.3333E-01, 9.3333E+00,
12:51:35.15257660, 3.0667E+00, 3.3333E-01, 9.6667E+00,
12:51:35.15257665, 3.1333E+00, 3.2000E-01, 1.0000E+01,
12:51:35.15257670, 3.1333E+00, 3.3333E-01, 9.6667E+00,
12:51:35.15257675, 3.0667E+00, 3.4667E-01, 9.6667E+00,
12:51:35.15257680, 3.0667E+00, 3.3333E-01, 1.0000E+01,
12:51:35.15257685, 3.1000E+00, 3.2000E-01, 9.3333E+00,
12:51:35.15257690, 3.0333E+00, 3.4667E-01, 8.6667E+00,
12:51:35.15257695, 3.1333E+00, 3.2000E-01, 1.0000E+01,
12:51:35.15257700, 3.0333E+00, 3.2000E-01, 1.0000E+01,
12:51:35.15257705, 3.1333E+00, 3.0667E-01, 9.6667E+00,
12:51:35.15257710, 3.1000E+00, 3.3333E-01, 1.0000E+01,
12:51:35.15257715, 3.0667E+00, 3.3333E-01, 1.0000E+01,
12:51:35.15257720, 3.1000E+00, 3.3333E-01, 9.6667E+00,
12:51:35.15257725, 3.1000E+00, 3.2000E-01, 9.3333E+00,
12:51:35.15257730, 3.0667E+00, 3.2000E-01, 9.3333E+00,
12:51:35.15257735, 3.0667E+00, 3.2000E-01, 9.6667E+00,
12:51:35.15257740, 3.0667E+00, 3.3333E-01, 1.0000E+01,
12:51:35.15257745, 3.1000E+00, 3.4667E-01, 1.0333E+01,
12:51:35.15257750, 3.0667E+00, 3.6000E-01, 9.6667E+00,
12:51:35.15257755, 3.1333E+00, 3.0667E-01, 9.6667E+00,
12:51:35.15257760, 3.1000E+00, 3.4667E-01, 9.6667E+00,
12:51:35.15257765, 3.0333E+00, 3.2000E-01, 9.3333E+00,
12:51:35.15257770, 3.1333E+00, 3.0667E-01, 9.0000E+00,
12:51:35.15257775, 3.0000E+00, 3.0667E-01, 9.3333E+00,
12:51:35.15257780, 3.0000E+00, 3.2000E-01, 9.3333E+00,
12:51:35.15257785, 3.0667E+00, 3.3333E-01, 1.0000E+01,
12:51:35.15257790, 3.1000E+00, 3.2000E-01, 1.0333E+01,
12:51:35.15257795, 3.0333E+00, 3.2000E-01, 1.0000E+01,
12:51:35.15257800, 3.0667E+00, 3.0667E-01, 9.6667E+00,
12:51:35.15257805, 3.0000E+00, 3.0667E-01, 9.6667E+00,
12:51:35.15257810, 3.0333E+00, 3.0667E-01, 1.0000E+01,
12:51:35.15257815, 3.0667E+00, 3.2000E-01, 9.6667E+00,
12:51:35.15257820, 3.0333E+00, 3.3333E-01, 9.0000E+00,
12:51:35.15257825, 3.1000E+00, 3.0667E-01, 9.0000E+00,
12:51:35.15257830, 3.0667E+00, 3.4667E-01, 1.0000E+01,
12:51:35.15257835, 3.0667E+00, 3.0667E-01, 9.0000E+00,
12:51:35.15257840, 3.0667E+00, 3.4667E-01, 9.3333E+00,
12:51:35.15257845, 3.1000E+00, 3.4667E-01, 9.3333E+00,
12:51:35.15257850, 3.0333E+00, 3.3333E-01, 1.0000E+01,
12:51:35.15257855, 3.0667E+00, 3.3333E-01, 1.0000E+01,
12:51:35.15257860, 3.0333E+00, 3.4667E-01, 1.0333E+01,
12:51:35.15257865, 3.0667E+00, 3.3333E-01, 1.0000E+01,
12:51:35.15257870, 3.1333E+00, 3.3333E-01, 9.3333E+00,
12:51:35.15257875, 3.1000E+00, 3.3333E-01, 9.0000E+00,
12:51:35.15257880, 3.0333E+00, 3.3333E-01, 9.6667E+00,
12:51:35.15257885, 3.0667E+00, 3.2000E-01, 1.0000E+01,
12:51:35.15257890, 3.0667E+00, 3.3333E-01, 1.0000E+01,
12:51:35.15257895, 3.0667E+00, 3.2000E-01, 9.3333E+00,
12:51:35.15257900, 3.1000E+00, 3.3333E-01, 9.6667E+00,
12:51:35.15257905, 3.1333E+00, 3.3333E-01, 9.6667E+00,
12:51:35.15257910, 3.0333E+00, 3.4667E-01, 9.3333E+00,
12:51:35.15257915, 3.0667E+00, 3.3333E-01, 1.0667E+01,
12:51:35.15257920, 3.0667E+00, 2.9333E-01, 9.3333E+00,
12:51:35.15257925, 3.1000E+00, 3.2000E-01, 9.3333E+00,
12:51:35.15257930, 3.0000E+00, 3.4667E-01, 9.3333E+00,
12:51:35.15257935, 3.0667E+00, 3.4667E-01, 1.0333E+01,
12:51:35.15257940, 3.0000E+00, 3.0667E-01, 9.6667E+00,
12:51:35.15257945, 3.0667E+00, 3.2000E-01, 9.6667E+00,
12:51:35.15257950, 3.0667E+00, 3.3333E-01, 9.3333E+00,
12:51:35.15257955, 3.0333E+00, 3.4667E-01, 9.6667E+00,
12:51:35.15257960, 3.1000E+00, 3.2000E-01, 9.3333E+00,
12:51:35.15257965, 3.1000E+00, 3.4667E-01, 1.0000E+01,
12:51:35.15257970, 3.0667E+00, 3.3333E-01, 9.3333E+00,
12:51:35.15257975, 3.0000E+00, 3.2000E-01, 9.3333E+00,
12:51:35.15257980, 3.0333E+00, 3.4667E-01, 9.3333E+00,
12:51:35.15257985, 3.0000E+00, 3.2000E-01, 1.0333E+01,
12:51:35.15257990, 3.0333E+00, 3.0667E-01, 1.0000E+01,
12:51:35.15257995, 3.0333E+00, 2.9333E-01, 9.6667E+00,
12:51:35.15258000, 3.1000E+00, 3.3333E-01, 9.0000E+00,
12:51:35.15258005, 3.1000E+00, 3.2000E-01, 9.6667E+00,
12:51:35.15258010, 3.0333E+00, 3.2000E-01, 9.6667E+00,
12:51:35.15258015, 3.0667E+00, 3.4667E-01, 9.0000E+00,
12:51:35.15258020, 3.0333E+00, 3.3333E-01, 9.3333E+00,
12:51:35.15258025, 3.0000E+00, 3.3333E-01, 9.6667E+00,
12:51:35.15258030, 3.1000E+00, 3.3333E-01, 9.0000E+00,
12:51:35.15258035, 3.1333E+00, 3.4667E-01, 1.0333E+01,
12:51:35.15258040, 3.0333E+00, 3.4667E-01, 1.0000E+01,
12:51:35.15258045, 3.1000E+00, 3.4667E-01, 9.6667E+00,
12:51:35.15258050, 3.1000E+00, 3.2000E-01, 9.3333E+00,
12:51:35.15258055, 3.0333E+00, 3.2000E-01, 9.6667E+00,
12:51:35.15258060, 3.0667E+00, 3.4667E-01, 9.6667E+00,
12:51:35.15258065, 3.1000E+00, 3.3333E-01, 1.0333E+01,
12:51:35.15258070, 3.0667E+00, 3.4667E-01, 1.0000E+01,
12:51:35.15258075, 3.1000E+00, 3.3333E-01, 9.3333E+00,
12:51:35.15258080, 3.1000E+00, 3.4667E-01, 1.0000E+01,
12:51:35.15258085, 3.0333E+00, 3.2000E-01, 9.0000E+00,
12:51:35.15258090, 3.1000E+00, 3.3333E-01, 9.0000E+00,
12:51:35.15258095, 3.0667E+00, 3.3333E-01, 9.3333E+00,
12:51:35.15258100, 3.0333E+00, 3.0667E-01, 1.0333E+01,
12:51:35.15258105, 3.0333E+00, 2.9333E-01, 9.3333E+00,
12:51:35.15258110, 3.0000E+00, 3.4667E-01, 1.0000E+01,
12:51:35.15258115, 3.0333E+00, 3.2000E-01, 9.3333E+00,
12:51:35.15258120, 3.0667E+00, 3.3333E-01, 9.3333E+00,
12:51:35.15258125, 3.1000E+00, 3.2000E-01, 9.3333E+00,
12:51:35.15258130, 3.0667E+00, 3.3333E-01, 9.6667E+00,
12:51:35.15258135, 3.1000E+00, 3.3333E-01, 1.0000E+01,
12:51:35.15258140, 3.1000E+00, 3.4667E-01, 9.6667E+00,
12:51:35.15258145, 3.0333E+00, 3.2000E-01, 1.0333E+01,
12:51:35.15258150, 3.1000E+00, 3.3333E-01, 1.0000E+01,
12:51:35.15258155, 3.0667E+00, 3.4667E-01, 9.3333E+00,
12:51:35.15258160, 3.0333E+00, 3.0667E-01, 1.0000E+01,
12:51:35.15258165, 3.0333E+00, 3.0667E-01, 9.3333E+00,
12:51:35.15258170, 3.0667E+00, 3.2000E-01, 1.0000E+01,
12:51:35.15258175, 3.0333E+00, 2.9333E-01, 9.6667E+00,
12:51:35.15258180, 3.1000E+00, 3.0667E-01, 9.6667E+00,
12:51:35.15258185, 3.0000E+00, 3.3333E-01, 9.6667E+00,
12:51:35.15258190, 3.0667E+00, 3.4667E-01, 8.6667E+00,
12:51:35.15258195, 3.0667E+00, 3.3333E-01, 9.6667E+00,
12:51:35.15258200, 3.0667E+00, 3.0667E-01, 9.6667E+00,
12:51:35.15258205, 3.0333E+00, 3.3333E-01, 9.6667E+00,
12:51:35.15258210, 3.1000E+00, 3.0667E-01, 9.0000E+00,
12:51:35.15258215, 3.0667E+00, 3.4667E-01, 9.6667E+00,
12:51:35.15258220, 3.1000E+00, 3.3333E-01, 9.6667E+00,
12:51:35.15258225, 3.0667E+00, 3.3333E-01, 9.3333E+00,
12:51:35.15258230, 3.0667E+00, 3.4667E-01, 9.6667E+00,
12:51:35.15258235, 3.1333E+00, 3.3333E-01, 9.6667E+00,
12:51:35.15258240, 3.0333E+00, 3.2000E-01, 9.6667E+00,
12:51:35.15258245, 3.0667E+00, 3.4667E-01, 9.3333E+00,
12:51:35.15258250, 3.0333E+00, 3.4667E-01, 1.0000E+01,
12:51:35.15258255, 3.0333E+00, 3.3333E-01, 9.3333E+00,
12:51:35.15258260, 3.0333E+00, 3.4667E-01, 8.6667E+00,
12:51:35.15258265, 3.0333E+00, 3.4667E-01, 9.6667E+00,
12:51:35.15258270, 3.0333E+00, 3.3333E-01, 9.3333E+00,
12:51:35.15258275, 3.1000E+00, 3.4667E-01, 1.0000E+01,
12:51:35.15258280, 3.0667E+00, 3.2000E-01, 9.6667E+00,
12:51:35.15258285, 3.1000E+00, 3.3333E-01, 9.3333E+00,
12:51:35.15258290, 3.0667E+00, 3.2000E-01, 9.3333E+00,
12:51:35.15258295, 3.0667E+00, 3.3333E-01, 1.0000E+01,
12:51:35.15258300, 3.0667E+00, 3.0667E-01, 9.3333E+00,
12:51:35.15258305, 3.0667E+00, 3.2000E-01, 9.6667E+00,
12:51:35.15258310, 3.0333E+00, 3.4667E-01, 9.6667E+00,
12:51:35.15258315, 3.0667E+00, 3.4667E-01, 9.6667E+00,
12:51:35.15258320, 3.0667E+00, 3.3333E-01, 9.6667E+00,
12:51:35.15258325, 3.1000E+00, 3.2000E-01, 9.6667E+00,
12:51:35.15258330, 3.1333E+00, 2.9333E-01, 9.6667E+00,
12:51:35.15258335, 3.0667E+00, 3.2000E-01, 9.3333E+00,
12:51:35.15258340, 3.1000E+00, 2.9333E-01, 9.6667E+00,
12:51:35.15258345, 3.1000E+00, 3.4667E-01, 9.3333E+00,
12:51:35.15258350, 3.0667E+00, 3.3333E-01, 9.6667E+00,
12:51:35.15258355, 3.0667E+00, 3.4667E-01, 1.0333E+01,
12:51:35.15258360, 3.1333E+00, 3.4667E-01, 9.6667E+00,
12:51:35.15258365, 3.1000E+00, 3.3333E-01, 9.6667E+00,
12:51:35.15258370, 3.0333E+00, 3.3333E-01, 9.6667E+00,
12:51:35.15258375, 3.1000E+00, 3.2000E-01, 9.6667E+00,
12:51:35.15258380, 3.1000E+00, 3.3333E-01, 9.0000E+00,
12:51:35.15258385, 3.1000E+00, 2.8000E-01, 1.0333E+01,
12:51:35.15258390, 3.1000E+00, 3.3333E-01, 9.0000E+00,
12:51:35.15258395, 3.0333E+00, 3.4667E-01, 9.6667E+00,
12:51:35.15258400, 3.0667E+00, 3.3333E-01, 9.3333E+00,
12:51:35.15258405, 3.0667E+00, 3.0667E-01, 9.0000E+00,
12:51:35.15258410, 3.1333E+00, 3.2000E-01, 9.6667E+00,
12:51:35.15258415, 3.1000E+00, 3.2000E-01, 9.6667E+00,
12:51:35.15258420, 3.1000E+00, 3.0667E-01, 9.6667E+00,
12:51:35.15258425, 3.0000E+00, 2.9333E-01, 9.6667E+00,
12:51:35.15258430, 3.0667E+00, 3.4667E-01, 1.0333E+01,
12:51:35.15258435, 3.0333E+00, 3.4667E-01, 9.6667E+00,
12:51:35.15258440, 3.0333E+00, 3.2000E-01, 9.6667E+00,
12:51:35.15258445, 3.0333E+00, 3.6000E-01, 9.6667E+00,
12:51:35.15258450, 3.0667E+00, 3.4667E-01, 1.0000E+01,
12:51:35.15258455, 3.0667E+00, 3.3333E-01, 1.0000E+01,
12:51:35.15258460, 3.0667E+00, 3.3333E-01, 9.3333E+00,
12:51:35.15258465, 3.1333E+00, 3.4667E-01, 8.6667E+00,
12:51:35.15258470, 3.0333E+00, 3.3333E-01, 9.3333E+00,
12:51:35.15258475, 3.0333E+00, 3.4667E-01, 1.0333E+01,
12:51:35.15258480, 3.1000E+00, 3.4667E-01, 9.0000E+00,
12:51:35.15258485, 3.0333E+00, 3.4667E-01, 9.3333E+00,
12:51:35.15258490, 3.0667E+00, 3.3333E-01, 9.0000E+00,
12:51:35.15258495, 3.0333E+00, 3.3333E-01, 9.6667E+00,
12:51:35.15258500, 3.0667E+00, 3.3333E-01, 9.3333E+00,
12:51:35.15258505, 3.0333E+00, 3.4667E-01, 1.0000E+01,
12:51:35.15258510, 3.1000E+00, 3.0667E-01, 9.3333E+00,
12:51:35.15258515, 3.1000E+00, 3.3333E-01, 9.3333E+00,
12:51:35.15258520, 3.0000E+00, 3.0667E-01, 9.6667E+00,
12:51:35.15258525, 3.0667E+00, 3.3333E-01, 9.6667E+00,
12:51:35.15258530, 3.1000E+00, 3.0667E-01, 8.6667E+00,
12:51:35.15258535, 3.0667E+00, 3.3333E-01, 1.0667E+01,
12:51:35.15258540, 3.1000E+00, 3.3333E-01, 9.3333E+00,
12:51:35.15258545, 3.1000E+00, 3.0667E-01, 9.3333E+00,
12:51:35.15258550, 3.1333E+00, 3.3333E-01, 9.6667E+00,
12:51:35.15258555, 2.9667E+00, 3.3333E-01, 1.0000E+01,
12:51:35.15258560, 3.0667E+00, 3.3333E-01, 9.3333E+00,
12:51:35.15258565, 3.0333E+00, 3.2000E-01, 8.6667E+00,
12:51:35.15258570, 3.0333E+00, 3.2000E-01, 9.6667E+00,
12:51:35.15258575, 3.0667E+00, 3.0667E-01, 9.3333E+00,
12:51:35.15258580, 3.1000E+00, 3.3333E-01, 1.0000E+01,
12:51:35.15258585, 3.0333E+00, 3.0667E-01, 1.0000E+01,
12:51:35.15258590, 3.0667E+00, 3.3333E-01, 9.6667E+00,
12:51:35.15258595, 3.1000E+00, 3.3333E-01, 9.3333E+00,
12:51:35.15258600, 3.0000E+00, 3.4667E-01, 9.3333E+00,
12:51:35.15258605, 3.1000E+00, 3.2000E-01, 1.0333E+01,
12:51:35.15258610, 2.9667E+00, 3.2000E-01, 1.0000E+01,
12:51:35.15258615, 3.0667E+00, 3.0667E-01, 1.0000E+01,
12:51:35.15258620, 3.0667E+00, 3.3333E-01, 9.6667E+00,
12:51:35.15258625, 3.0667E+00, 3.4667E-01, 9.6667E+00,
12:51:35.15258630, 3.1000E+00, 3.2000E-01, 9.6667E+00,
12:51:35.15258635, 3.0667E+00, 3.4667E-01, 9.0000E+00,
12:51:35.15258640, 3.0667E+00, 3.4667E-01, 1.0333E+01,
12:51:35.15258645, 3.0000E+00, 3.3333E-01, 1.0000E+01,
12:51:35.15258650, 3.0000E+00, 3.2000E-01, 8.6667E+00,
12:51:35.15258655, 3.0667E+00, 3.4667E-01, 9.3333E+00,
12:51:35.15258660, 3.0667E+00, 3.0667E-01, 1.0000E+01,
12:51:35.15258665, 3.0333E+00, 3.2000E-01, 1.0667E+01,
12:51:35.15258670, 3.1333E+00, 3.2000E-01, 9.3333E+00,
12:51:35.15258675, 3.1000E+00, 3.2000E-01, 1.0333E+01,
12:51:35.15258680, 3.0000E+00, 3.6000E-01, 9.3333E+00,
12:51:35.15258685, 3.0667E+00, 3.2000E-01, 9.3333E+00,
12:51:35.15258690, 3.0667E+00, 3.4667E-01, 9.6667E+00,
12:51:35.15258695, 3.0667E+00, 3.3333E-01, 9.6667E+00,
12:51:35.15258700, 3.0333E+00, 3.3333E-01, 9.6667E+00,
12:51:35.15258705, 3.0333E+00, 3.4667E-01, 9.6667E+00,
12:51:35.15258710, 3.0667E+00, 3.3333E-01, 9.0000E+00,
12:51:35.15258715, 3.0667E+00, 3.3333E-01, 9.3333E+00,
12:51:35.15258720, 3.1333E+00, 3.3333E-01, 9.3333E+00,
12:51:35.15258725, 3.0667E+00, 3.4667E-01, 9.3333E+00,
12:51:35.15258730, 3.0333E+00, 3.3333E-01, 9.3333E+00,
12:51:35.15258735, 3.1000E+00, 3.0667E-01, 9.3333E+00,
12:51:35.15258740, 3.0000E+00, 3.2000E-01, 9.0000E+00,
12:51:35.15258745, 3.1000E+00, 3.2000E-01, 9.6667E+00,
12:51:35.15258750, 3.0667E+00, 3.2000E-01, 9.6667E+00,
12:51:35.15258755, 3.0667E+00, 3.3333E-01, 9.6667E+00,
12:51:35.15258760, 3.1333E+00, 3.2000E-01, 9.6667E+00,
12:51:35.15258765, 3.1000E+00, 3.3333E-01, 1.0000E+01,
12:51:35.15258770, 3.0667E+00, 3.3333E-01, 9.3333E+00,
12:51:35.15258775, 3.0667E+00, 3.3333E-01, 9.6667E+00,
12:51:35.15258780, 3.1000E+00, 3.2000E-01, 9.6667E+00,
12:51:35.15258785, 3.0667E+00, 3.2000E-01, 9.6667E+00,
12:51:35.15258790, 3.0667E+00, 2.8000E-01, 1.0000E+01,
12:51:35.15258795, 3.1000E+00, 3.2000E-01, 1.0333E+01,
12:51:35.15258800, 3.0667E+00, 3.4667E-01, 1.0333E+01,
12:51:35.15258805, 3.1000E+00, 3.3333E-01, 9.3333E+00,
12:51:35.15258810, 3.1000E+00, 3.0667E-01, 9.6667E+00,
12:51:35.15258815, 3.0667E+00, 3.3333E-01, 9.6667E+00,
12:51:35.15258820, 3.0667E+00, 3.4667E-01, 9.3333E+00,
12:51:35.15258825, 3.1333E+00, 3.4667E-01, 1.0000E+01,
12:51:35.15258830, 3.0667E+00, 2.8000E-01, 1.0333E+01,
12:51:35.15258835, 3.1000E+00, 3.0667E-01, 9.3333E+00,
12:51:35.15258840, 3.0333E+00, 3.3333E-01, 8.6667E+00,
12:51:35.15258845, 3.0333E+00, 3.4667E-01, 9.6667E+00,
12:51:35.15258850, 3.0667E+00, 3.2000E-01, 9.6667E+00,
12:51:35.15258855, 3.0333E+00, 3.3333E-01, 9.0000E+00,
12:51:35.15258860, 3.0667E+00, 3.0667E-01, 9.3333E+00,
12:51:35.15258865, 3.0333E+00, 3.4667E-01, 9.0000E+00,
12:51:35.15258870, 3.0667E+00, 3.3333E-01, 9.3333E+00,
12:51:35.15258875, 3.0667E+00, 3.6000E-01, 9.6667E+00,
12:51:35.15258880, 3.0333E+00, 3.3333E-01, 9.6667E+00,
12:51:35.15258885, 3.0667E+00, 3.0667E-01, 9.0000E+00,
12:51:35.15258890, 3.0667E+00, 3.4667E-01, 8.6667E+00,
12:51:35.15258895, 3.1000E+00, 3.3333E-01, 9.6667E+00,
12:51:35.15258900, 3.1000E+00, 3.2000E-01, 9.6667E+00,
12:51:35.15258905, 3.0667E+00, 3.3333E-01, 9.3333E+00,
12:51:35.15258910, 3.1000E+00, 3.3333E-01, 9.0000E+00,
12:51:35.15258915, 3.0333E+00, 3.4667E-01, 9.6667E+00,
12:51:35.15258920, 3.1000E+00, 3.2000E-01, 9.6667E+00,
12:51:35.15258925, 3.1000E+00, 3.3333E-01, 9.0000E+00,
12:51:35.15258930, 3.0667E+00, 3.2000E-01, 9.6667E+00,
12:51:35.15258935, 3.0667E+00, 3.2000E-01, 1.0000E+01,
12:51:35.15258940, 3.0667E+00, 3.4667E-01, 9.0000E+00,
12:51:35.15258945, 3.0333E+00, 3.4667E-01, 9.0000E+00,
12:51:35.15258950, 3.1000E+00, 3.3333E-01, 9.6667E+00,
12:51:35.15258955, 3.1333E+00, 2.9333E-01, 9.3333E+00,
12:51:35.15258960, 3.1000E+00, 3.4667E-01, 9.3333E+00,
12:51:35.15258965, 3.0333E+00, 3.2000E-01, 1.0000E+01,
12:51:35.15258970, 3.1000E+00, 3.3333E-01, 9.3333E+00,
12:51:35.15258975, 3.1000E+00, 3.0667E-01, 9.3333E+00,
12:51:35.15258980, 3.0667E+00, 3.0667E-01, 1.0000E+01,
12:51:35.15258985, 3.1000E+00, 3.3333E-01, 9.0000E+00,
12:51:35.15258990, 3.0667E+00, 3.4667E-01, 9.0000E+00,
12:51:35.15258995, 3.1000E+00, 3.3333E-01, 9.3333E+00,
12:51:35.15259000, 3.1333E+00, 3.3333E-01, 9.6667E+00,
12:51:35.15259005, 3.1333E+00, 3.4667E-01, 1.0000E+01,
12:51:35.15259010, 3.1000E+00, 3.3333E-01, 1.0000E+01,
12:51:35.15259015, 3.0333E+00, 2.9333E-01, 1.0000E+01,
12:51:35.15259020, 3.1000E+00, 3.2000E-01, 1.0333E+01,
12:51:35.15259025, 3.0333E+00, 3.3333E-01, 9.3333E+00,
12:51:35.15259030, 3.0333E+00, 3.3333E-01, 1.0000E+01,
12:51:35.15259035, 3.0333E+00, 3.2000E-01, 9.3333E+00,
12:51:35.15259040, 3.0333E+00, 3.3333E-01, 9.3333E+00,
12:51:35.15259045, 3.0667E+00, 3.3333E-01, 9.3333E+00,
12:51:35.15259050, 3.1333E+00, 3.2000E-01, 9.6667E+00,
12:51:35.15259055, 3.1000E+00, 3.3333E-01, 9.0000E+00,
12:51:35.15259060, 3.0667E+00, 3.3333E-01, 9.6667E+00,
12:51:35.15259065, 3.0333E+00, 3.0667E-01, 9.3333E+00,
12:51:35.15259070, 3.0333E+00, 3.0667E-01, 9.6667E+00,
12:51:35.15259075, 3.0333E+00, 3.3333E-01, 9.6667E+00,
12:51:35.15259080, 3.1000E+00, 3.4667E-01, 9.3333E+00,
12:51:35.15259085, 3.1000E+00, 3.3333E-01, 9.6667E+00,
12:51:35.15259090, 3.0667E+00, 3.4667E-01, 9.6667E+00,
12:51:35.15259095, 3.0000E+00, 3.3333E-01, 1.0000E+01,
12:51:35.15259100, 3.1000E+00, 3.0667E-01, 9.3333E+00,
12:51:35.15259105, 3.0667E+00, 3.4667E-01, 1.0000E+01,
12:51:35.15259110, 3.0667E+00, 3.3333E-01, 1.0000E+01,
12:51:35.15259115, 3.1000E+00, 3.3333E-01, 1.0000E+01,
12:51:35.15259120, 3.0333E+00, 3.3333E-01, 9.6667E+00,
12:51:35.15259125, 3.0333E+00, 3.4667E-01, 1.0000E+01,
12:51:35.15259130, 3.0667E+00, 3.3333E-01, 9.6667E+00,
12:51:35.15259135, 3.1000E+00, 3.2000E-01, 9.3333E+00,
12:51:35.15259140, 3.0667E+00, 3.2000E-01, 9.0000E+00,
12:51:35.15259145, 3.1000E+00, 3.0667E-01, 9.3333E+00,
12:51:35.15259150, 3.0667E+00, 3.2000E-01, 1.0000E+01,
12:51:35.15259155, 3.1333E+00, 3.2000E-01, 1.0000E+01,
12:51:35.15259160, 3.0667E+00, 3.4667E-01, 9.6667E+00,
12:51:35.15259165, 3.1000E+00, 3.3333E-01, 9.3333E+00,
12:51:35.15259170, 3.0667E+00, 3.4667E-01, 1.0000E+01,
12:51:35.15259175, 3.0333E+00, 3.2000E-01, 9.6667E+00,
12:51:35.15259180, 3.1333E+00, 3.2000E-01, 9.0000E+00,
12:51:35.15259185, 3.1000E+00, 2.9333E-01, 9.3333E+00,
12:51:35.15259190, 3.1000E+00, 3.0667E-01, 9.6667E+00,
12:51:35.15259195, 3.0333E+00, 3.4667E-01, 9.3333E+00,
12:51:35.15259200, 3.1000E+00, 3.0667E-01, 9.6667E+00,
12:51:35.15259205, 3.1000E+00, 3.4667E-01, 1.0000E+01,
12:51:35.15259210, 3.0667E+00, 2.8000E-01, 1.0333E+01,
12:51:35.15259215, 3.0333E+00, 3.3333E-01, 8.6667E+00,
12:51:35.15259220, 3.0333E+00, 3.2000E-01, 1.0333E+01,
12:51:35.15259225, 3.1000E+00, 3.2000E-01, 9.0000E+00,
12:51:35.15259230, 3.1000E+00, 3.3333E-01, 9.6667E+00,
12:51:35.15259235, 3.0667E+00, 3.3333E-01, 9.6667E+00,
12:51:35.15259240, 3.1333E+00, 3.2000E-01, 9.3333E+00,
12:51:35.15259245, 3.1000E+00, 3.2000E-01, 9.3333E+00,
12:51:35.15259250, 3.1000E+00, 3.3333E-01, 9.3333E+00,
12:51:35.15259255, 3.1333E+00, 3.2000E-01, 9.6667E+00,
12:51:35.15259260, 3.0000E+00, 3.0667E-01, 1.0000E+01,
12:51:35.15259265, 3.0333E+00, 3.3333E-01, 1.0000E+01,
12:51:35.15259270, 3.1333E+00, 3.4667E-01, 9.6667E+00,
12:51:35.15259275, 3.1000E+00, 3.4667E-01, 1.0667E+01,
12:51:35.15259280, 3.0667E+00, 3.2000E-01, 9.3333E+00,
12:51:35.15259285, 3.1000E+00, 3.3333E-01, 9.3333E+00,
12:51:35.15259290, 3.0667E+00, 3.4667E-01, 9.6667E+00,
12:51:35.15259295, 3.1333E+00, 3.2000E-01, 9.6667E+00,
12:51:35.15259300, 3.0667E+00, 3.2000E-01, 9.6667E+00,
12:51:35.15259305, 3.1000E+00, 3.4667E-01, 9.3333E+00,
12:51:35.15259310, 3.0667E+00, 3.3333E-01, 9.3333E+00,
12:51:35.15259315, 3.1333E+00, 3.3333E-01, 1.0000E+01,
12:51:35.15259320, 3.0333E+00, 3.3333E-01, 1.0333E+01,
12:51:35.15259325, 3.1000E+00, 3.4667E-01, 9.3333E+00,
12:51:35.15259330, 3.0333E+00, 3.3333E-01, 9.3333E+00,
12:51:35.15259335, 3.1000E+00, 3.4667E-01, 9.3333E+00,
12:51:35.15259340, 3.1333E+00, 3.4667E-01, 9.3333E+00,
12:51:35.15259345, 3.1000E+00, 3.4667E-01, 1.0000E+01,
12:51:35.15259350, 3.0333E+00, 3.3333E-01, 9.6667E+00,
12:51:35.15259355, 3.0667E+00, 3.2000E-01, 1.0667E+01,
12:51:35.15259360, 3.0333E+00, 3.2000E-01, 9.6667E+00,
12:51:35.15259365, 3.0667E+00, 3.0667E-01, 1.0000E+01,
12:51:35.15259370, 3.1000E+00, 2.9333E-01, 9.0000E+00,
12:51:35.15259375, 3.0333E+00, 3.2000E-01, 9.6667E+00,
12:51:35.15259380, 3.1000E+00, 3.4667E-01, 9.3333E+00,
12:51:35.15259385, 3.1000E+00, 3.3333E-01, 9.6667E+00,
12:51:35.15259390, 3.1000E+00, 3.0667E-01, 9.0000E+00,
12:51:35.15259395, 3.0667E+00, 3.0667E-01, 1.0000E+01,
12:51:35.15259400, 3.0333E+00, 3.0667E-01, 9.6667E+00,
12:51:35.15259405, 3.0667E+00, 3.3333E-01, 1.0333E+01,
12:51:35.15259410, 3.0667E+00, 3.3333E-01, 9.6667E+00,
12:51:35.15259415, 2.9333E+00, 3.2000E-01, 9.6667E+00,
12:51:35.15259420, 3.0333E+00, 3.0667E-01, 1.0667E+01,
12:51:35.15259425, 3.0667E+00, 3.4667E-01, 9.6667E+00,
12:51:35.15259430, 3.0000E+00, 3.4667E-01, 9.0000E+00,
12:51:35.15259435, 3.0667E+00, 3.4667E-01, 9.3333E+00,
12:51:35.15259440, 3.1333E+00, 3.3333E-01, 9.3333E+00,
12:51:35.15259445, 3.0333E+00, 3.0667E-01, 1.0333E+01,
12:51:35.15259450, 3.0667E+00, 2.9333E-01, 9.3333E+00,
12:51:35.15259455, 3.0667E+00, 3.2000E-01, 9.6667E+00,
12:51:35.15259460, 3.1000E+00, 3.2000E-01, 1.0000E+01,
12:51:35.15259465, 3.0667E+00, 3.3333E-01, 1.0000E+01,
12:51:35.15259470, 3.1000E+00, 3.3333E-01, 9.6667E+00,
12:51:35.15259475, 3.0333E+00, 3.3333E-01, 9.6667E+00,
12:51:35.15259480, 3.1333E+00, 3.3333E-01, 1.0000E+01,
12:51:35.15259485, 3.1000E+00, 3.2000E-01, 9.6667E+00,
12:51:35.15259490, 3.1000E+00, 3.4667E-01, 1.0000E+01,
12:51:35.15259495, 3.1333E+00, 3.3333E-01, 9.3333E+00,
12:51:35.15259500, 3.0333E+00, 3.4667E-01, 9.6667E+00,
12:51:35.15259505, 3.1000E+00, 3.0667E-01, 1.0000E+01,
12:51:35.15259510, 3.1000E+00, 3.4667E-01, 9.3333E+00,
12:51:35.15259515, 3.1000E+00, 3.3333E-01, 9.6667E+00,
12:51:35.15259520, 3.1000E+00, 3.4667E-01, 9.6667E+00,
12:51:35.15259525, 3.1000E+00, 3.4667E-01, 1.0000E+01,
12:51:35.15259530, 3.0333E+00, 3.4667E-01, 9.0000E+00,
12:51:35.15259535, 3.1333E+00, 3.0667E-01, 9.3333E+00,
12:51:35.15259540, 3.1000E+00, 3.3333E-01, 9.6667E+00,
12:51:35.15259545, 3.0333E+00, 3.3333E-01, 9.6667E+00,
12:51:35.15259550, 3.1000E+00, 3.0667E-01, 1.0333E+01,
12:51:35.15259555, 3.0000E+00, 3.4667E-01, 9.3333E+00,
12:51:35.15259560, 3.0333E+00, 3.3333E-01, 1.0667E+01,
12:51:35.15259565, 3.1000E+00, 3.4667E-01, 1.0333E+01,
12:51:35.15259570, 3.0000E+00, 3.2000E-01, 9.6667E+00,
12:51:35.15259575, 3.1000E+00, 3.3333E-01, 9.0000E+00,
12:51:35.15259580, 3.0333E+00, 3.4667E-01, 1.0333E+01,
12:51:35.15259585, 3.1000E+00, 3.2000E-01, 9.6667E+00,
12:51:35.15259590, 3.0667E+00, 3.3333E-01, 9.6667E+00,
12:51:35.15259595, 3.1333E+00, 3.2000E-01, 1.0333E+01,
12:51:35.15259600, 3.1000E+00, 3.0667E-01, 9.6667E+00,
12:51:35.15259605, 3.0333E+00, 3.3333E-01, 1.0000E+01,
12:51:35.15259610, 3.1000E+00, 3.3333E-01, 1.0000E+01,
12:51:35.15259615, 3.0667E+00, 3.3333E-01, 9.6667E+00,
12:51:35.15259620, 3.0667E+00, 3.3333E-01, 9.6667E+00,
12:51:35.15259625, 3.1333E+00, 3.2000E-01, 1.0000E+01,
12:51:35.15259630, 3.0667E+00, 3.3333E-01, 1.0333E+01,
12:51:35.15259635, 3.1000E+00, 3.0667E-01, 9.6667E+00,
12:51:35.15259640, 3.1000E+00, 3.2000E-01, 1.0667E+01,
12:51:35.15259645, 3.0667E+00, 2.9333E-01, 9.6667E+00,
12:51:35.15259650, 3.0333E+00, 3.2000E-01, 9.3333E+00,
12:51:35.15259655, 3.0667E+00, 3.4667E-01, 9.6667E+00,
12:51:35.15259660, 3.1333E+00, 3.4667E-01, 9.6667E+00,
12:51:35.15259665, 3.0667E+00, 3.4667E-01, 9.6667E+00,
12:51:35.15259670, 3.1000E+00, 3.2000E-01, 1.0000E+01,
12:51:35.15259675, 3.1000E+00, 3.2000E-01, 9.6667E+00,
12:51:35.15259680, 3.1333E+00, 3.0667E-01, 8.6667E+00,
12:51:35.15259685, 3.1000E+00, 3.2000E-01, 1.0000E+01,
12:51:35.15259690, 2.9667E+00, 3.4667E-01, 9.6667E+00,
12:51:35.15259695, 3.0667E+00, 3.2000E-01, 9.6667E+00,
12:51:35.15259700, 3.0667E+00, 3.3333E-01, 9.6667E+00,
12:51:35.15259705, 3.0667E+00, 3.3333E-01, 1.0000E+01,
12:51:35.15259710, 3.1000E+00, 3.7333E-01, 1.0000E+01,
12:51:35.15259715, 3.0333E+00, 3.3333E-01, 9.6667E+00,
12:51:35.15259720, 3.0333E+00, 3.2000E-01, 9.6667E+00,
12:51:35.15259725, 3.1000E+00, 3.4667E-01, 9.6667E+00,
12:51:35.15259730, 3.1000E+00, 3.4667E-01, 9.6667E+00,
12:51:35.15259735, 3.0000E+00, 3.0667E-01, 9.6667E+00,
12:51:35.15259740, 3.0000E+00, 3.4667E-01, 8.6667E+00,
12:51:35.15259745, 3.0333E+00, 3.4667E-01, 9.6667E+00,
12:51:35.15259750, 3.1333E+00, 3.3333E-01, 1.0667E+01,
12:51:35.15259755, 3.1333E+00, 3.3333E-01, 9.6667E+00,
12:51:35.15259760, 3.0667E+00, 3.3333E-01, 9.6667E+00,
12:51:35.15259765, 3.0667E+00, 3.4667E-01, 9.0000E+00,
12:51:35.15259770, 3.0667E+00, 3.3333E-01, 9.6667E+00,
12:51:35.15259775, 3.1000E+00, 3.2000E-01, 9.6667E+00,
12:51:35.15259780, 3.1000E+00, 3.3333E-01, 9.3333E+00,
12:51:35.15259785, 3.0333E+00, 2.9333E-01, 9.6667E+00,
12:51:35.15259790, 3.0667E+00, 3.0667E-01, 9.3333E+00,
12:51:35.15259795, 3.0333E+00, 3.2000E-01, 1.0000E+01,
12:51:35.15259800, 3.1000E+00, 3.2000E-01, 9.6667E+00,
12:51:35.15259805, 3.0000E+00, 3.0667E-01, 1.0333E+01,
12:51:35.15259810, 3.0667E+00, 3.2000E-01, 1.0333E+01,
12:51:35.15259815, 3.1000E+00, 3.4667E-01, 9.3333E+00,
12:51:35.15259820, 3.0333E+00, 3.0667E-01, 9.0000E+00,
12:51:35.15259825, 3.0333E+00, 3.4667E-01, 1.0333E+01,
12:51:35.15259830, 3.0667E+00, 3.2000E-01, 9.3333E+00,
12:51:35.15259835, 3.0667E+00, 3.0667E-01, 1.0000E+01,
12:51:35.15259840, 3.0000E+00, 3.2000E-01, 9.6667E+00,
12:51:35.15259845, 3.0667E+00, 3.0667E-01, 1.0333E+01,
12:51:35.15259850, 3.1000E+00, 3.3333E-01, 1.0000E+01,
12:51:35.15259855, 3.0667E+00, 3.4667E-01, 1.0000E+01,
12:51:35.15259860, 3.0333E+00, 3.4667E-01, 9.0000E+00,
12:51:35.15259865, 3.1333E+00, 3.2000E-01, 9.6667E+00,
12:51:35.15259870, 3.0667E+00, 2.9333E-01, 9.6667E+00,
12:51:35.15259875, 3.0667E+00, 3.4667E-01, 9.6667E+00,
12:51:35.15259880, 3.0667E+00, 3.2000E-01, 1.0000E+01,
12:51:35.15259885, 3.0000E+00, 3.3333E-01, 9.6667E+00,
12:51:35.15259890, 3.1000E+00, 3.4667E-01, 9.6667E+00,
12:51:35.15259895, 3.0667E+00, 3.0667E-01, 9.6667E+00,
12:51:35.15259900, 3.1000E+00, 3.0667E-01, 9.6667E+00,
12:51:35.15259905, 3.0333E+00, 3.2000E-01, 9.3333E+00,
12:51:35.15259910, 3.0000E+00, 3.4667E-01, 1.0000E+01,
12:51:35.15259915, 3.0667E+00, 3.3333E-01, 9.3333E+00,
12:51:35.15259920, 3.0000E+00, 3.4667E-01, 1.0333E+01,
12:51:35.15259925, 3.0667E+00, 3.0667E-01, 9.0000E+00,
12:51:35.15259930, 3.0667E+00, 3.4667E-01, 9.3333E+00,
12:51:35.15259935, 3.0667E+00, 3.4667E-01, 9.6667E+00,
12:51:35.15259940, 3.0333E+00, 3.4667E-01, 1.0667E+01,
12:51:35.15259945, 3.0667E+00, 3.4667E-01, 9.6667E+00,
12:51:35.15259950, 3.0667E+00, 3.2000E-01, 9.6667E+00,
12:51:35.15259955, 3.1333E+00, 3.3333E-01, 1.0333E+01,
12:51:35.15259960, 3.1000E+00, 3.2000E-01, 9.3333E+00,
12:51:35.15259965, 3.0000E+00, 3.3333E-01, 9.0000E+00,
12:51:35.15259970, 3.0667E+00, 3.4667E-01, 1.0333E+01,
12:51:35.15259975, 3.0667E+00, 3.4667E-01, 9.3333E+00,
12:51:35.15259980, 3.0667E+00, 3.3333E-01, 1.0667E+01,
12:51:35.15259985, 3.0333E+00, 3.3333E-01, 9.6667E+00,
12:51:35.15259990, 3.1000E+00, 3.4667E-01, 9.3333E+00,
12:51:35.15259995, 3.1000E+00, 3.0667E-01, 9.3333E+00,
12:51:35.15260000, 3.1333E+00, 3.4667E-01, 9.3333E+00,
12:51:35.15260005, 3.1333E+00, 3.0667E-01, 1.0000E+01,
12:51:35.15260010, 3.0667E+00, 3.4667E-01, 9.6667E+00,
12:51:35.15260015, 3.0000E+00, 3.0667E-01, 9.3333E+00,
12:51:35.15260020, 3.1000E+00, 3.4667E-01, 9.0000E+00,
12:51:35.15260025, 3.0667E+00, 3.3333E-01, 9.6667E+00,
12:51:35.15260030, 3.0000E+00, 3.2000E-01, 9.3333E+00,
12:51:35.15260035, 3.0333E+00, 3.3333E-01, 1.0000E+01,
12:51:35.15260040, 3.1000E+00, 3.2000E-01, 9.6667E+00,
12:51:35.15260045, 3.1000E+00, 3.0667E-01, 9.3333E+00,
12:51:35.15260050, 3.1333E+00, 3.2000E-01, 1.0000E+01,
12:51:35.15260055, 3.1000E+00, 3.2000E-01, 9.3333E+00,
12:51:35.15260060, 3.1333E+00, 3.2000E-01, 1.0000E+01,
12:51:35.15260065, 3.0667E+00, 3.4667E-01, 9.3333E+00,
12:51:35.15260070, 3.1000E+00, 3.3333E-01, 9.6667E+00,
12:51:35.15260075, 3.0333E+00, 3.2000E-01, 9.0000E+00,
12:51:35.15260080, 3.1000E+00, 3.2000E-01, 9.6667E+00,
12:51:35.15260085, 3.0333E+00, 3.2000E-01, 9.6667E+00,
12:51:35.15260090, 3.1000E+00, 3.2000E-01, 9.3333E+00,
12:51:35.15260095, 3.1000E+00, 3.3333E-01, 9.6667E+00,
12:51:35.15260100, 3.1000E+00, 3.4667E-01, 9.3333E+00,
12:51:35.15260105, 3.0333E+00, 3.2000E-01, 1.0333E+01,
12:51:35.15260110, 3.1333E+00, 3.2000E-01, 9.0000E+00,
12:51:35.15260115, 3.0667E+00, 3.3333E-01, 9.6667E+00,
12:51:35.15260120, 3.1000E+00, 3.2000E-01, 9.6667E+00,
12:51:35.15260125, 3.0333E+00, 3.4667E-01, 9.6667E+00,
12:51:35.15260130, 3.0333E+00, 3.4667E-01, 9.3333E+00,
12:51:35.15260135, 3.0000E+00, 3.4667E-01, 9.0000E+00,
12:51:35.15260140, 3.0333E+00, 3.3333E-01, 1.0000E+01,
12:51:35.15260145, 3.0667E+00, 3.2000E-01, 1.0000E+01,
12:51:35.15260150, 3.0667E+00, 3.4667E-01, 1.0333E+01,
12:51:35.15260155, 3.0667E+00, 3.3333E-01, 9.6667E+00,
12:51:35.15260160, 3.0667E+00, 3.4667E-01, 1.0000E+01,
12:51:35.15260165, 3.1000E+00, 3.3333E-01, 9.3333E+00,
12:51:35.15260170, 3.0667E+00, 3.4667E-01, 1.0333E+01,
12:51:35.15260175, 3.1000E+00, 3.3333E-01, 9.3333E+00,
12:51:35.15260180, 3.0667E+00, 3.3333E-01, 1.0333E+01,
12:51:35.15260185, 3.0333E+00, 3.4667E-01, 1.0333E+01,
12:51:35.15260190, 3.0667E+00, 3.2000E-01, 9.6667E+00,
12:51:35.15260195, 3.1000E+00, 3.0667E-01, 9.6667E+00,
12:51:35.15260200, 3.0667E+00, 3.2000E-01, 9.6667E+00,
12:51:35.15260205, 3.1000E+00, 3.4667E-01, 9.6667E+00,
12:51:35.15260210, 3.0667E+00, 3.2000E-01, 1.0000E+01,
12:51:35.15260215, 3.0667E+00, 3.3333E-01, 9.6667E+00,
12:51:35.15260220, 3.0333E+00, 3.0667E-01, 1.0000E+01,
12:51:35.15260225, 2.7000E+00, 8.8000E-01, 1.0333E+01,
12:51:35.15260230, 1.7667E+00, 1.8267E+00, 9.3333E+00,
12:51:35.15260235, 1.0333E+00, 4.8000E-01, 1.0000E+01,
12:51:35.15260240, 7.3333E-01, 5.8667E-01, 9.6667E+00,
12:51:35.15260245, 6.0000E-01, 5.4667E-01, 9.3333E+00,
12:51:35.15260250, 5.6667E-01, 5.7333E-01, 9.3333E+00,
12:51:35.15260255, 6.0000E-01, 5.4667E-01, 1.0000E+01,
12:51:35.15260260, 6.6667E-01, 5.2000E-01, 9.0000E+00,
12:51:35.15260265, 6.3333E-01, 5.0667E-01, 9.3333E+00,
12:51:35.15260270, 6.6667E-01, 5.3333E-01, 8.6667E+00,
12:51:35.15260275, 6.3333E-01, 5.4667E-01, 1.0333E+01,
12:51:35.15260280, 6.0000E-01, 4.9333E-01, 9.0000E+00,
12:51:35.15260285, 5.6667E-01, 5.0667E-01, 8.6667E+00,
12:51:35.15260290, 5.6667E-01, 5.2000E-01, 9.0000E+00,
12:51:35.15260295, 6.3333E-01, 5.2000E-01, 9.0000E+00,
12:51:35.15260300, 5.6667E-01, 5.0667E-01, 9.0000E+00,
12:51:35.15260305, 5.6667E-01, 5.3333E-01, 8.6667E+00,
12:51:35.15260310, 6.3333E-01, 5.2000E-01, 8.6667E+00,
12:51:35.15260315, 6.0000E-01, 5.3333E-01, 8.6667E+00,
12:51:35.15260320, 6.0000E-01, 5.4667E-01, 8.6667E+00,
12:51:35.15260325, 5.6667E-01, 5.3333E-01, 8.6667E+00,
12:51:35.15260330, 5.6667E-01, 5.6000E-01, 9.0000E+00,
12:51:35.15260335, 5.6667E-01, 5.4667E-01, 8.6667E+00,
12:51:35.15260340, 5.3333E-01, 5.6000E-01, 9.0000E+00,
12:51:35.15260345, 6.3333E-01, 5.7333E-01, 9.6667E+00,
12:51:35.15260350, 5.6667E-01, 5.6000E-01, 8.6667E+00,
12:51:35.15260355, 5.6667E-01, 5.8667E-01, 8.3333E+00,
12:51:35.15260360, 5.0000E-01, 5.7333E-01, 9.0000E+00,
12:51:35.15260365, 5.6667E-01, 5.7333E-01, 8.6667E+00,
12:51:35.15260370, 5.6667E-01, 6.0000E-01, 8.0000E+00,
12:51:35.15260375, 6.0000E-01, 6.0000E-01, 8.3333E+00,
12:51:35.15260380, 5.3333E-01, 5.8667E-01, 8.6667E+00,
12:51:35.15260385, 5.0000E-01, 5.8667E-01, 8.3333E+00,
12:51:35.15260390, 6.3333E-01, 5.8667E-01, 8.6667E+00,
12:51:35.15260395, 5.6667E-01, 6.0000E-01, 8.3333E+00,
12:51:35.15260400, 5.6667E-01, 6.1333E-01, 8.3333E+00,
12:51:35.15260405, 5.6667E-01, 5.8667E-01, 7.6667E+00,
12:51:35.15260410, 5.6667E-01, 6.0000E-01, 8.0000E+00,
12:51:35.15260415, 5.6667E-01, 6.2667E-01, 8.0000E+00,
12:51:35.15260420, 5.6667E-01, 6.2667E-01, 8.6667E+00,
12:51:35.15260425, 6.3333E-01, 6.0000E-01, 8.6667E+00,
12:51:35.15260430, 5.6667E-01, 6.2667E-01, 7.6667E+00,
12:51:35.15260435, 6.3333E-01, 6.1333E-01, 8.3333E+00,
12:51:35.15260440, 6.0000E-01, 6.1333E-01, 7.6667E+00,
12:51:35.15260445, 5.6667E-01, 6.1333E-01, 7.6667E+00,
12:51:35.15260450, 5.6667E-01, 6.2667E-01, 7.6667E+00,
12:51:35.15260455, 5.6667E-01, 6.2667E-01, 8.0000E+00,
12:51:35.15260460, 5.3333E-01, 6.1333E-01, 7.6667E+00,
12:51:35.15260465, 5.6667E-01, 6.4000E-01, 8.0000E+00,
12:51:35.15260470, 5.6667E-01, 6.4000E-01, 8.0000E+00,
12:51:35.15260475, 5.3333E-01, 6.1333E-01, 6.6667E+00,
12:51:35.15260480, 5.6667E-01, 6.5333E-01, 7.3333E+00,
12:51:35.15260485, 5.6667E-01, 6.2667E-01, 8.0000E+00,
12:51:35.15260490, 5.6667E-01, 6.5333E-01, 7.0000E+00,
12:51:35.15260495, 5.6667E-01, 6.5333E-01, 7.3333E+00,
12:51:35.15260500, 6.3333E-01, 6.5333E-01, 7.3333E+00,
12:51:35.15260505, 5.6667E-01, 6.2667E-01, 7.0000E+00,
12:51:35.15260510, 5.3333E-01, 6.5333E-01, 7.0000E+00,
12:51:35.15260515, 5.6667E-01, 6.5333E-01, 7.6667E+00,
12:51:35.15260520, 5.6667E-01, 6.4000E-01, 7.0000E+00,
12:51:35.15260525, 5.6667E-01, 6.5333E-01, 7.3333E+00,
12:51:35.15260530, 5.6667E-01, 6.6667E-01, 6.6667E+00,
12:51:35.15260535, 6.3333E-01, 6.8000E-01, 7.0000E+00,
12:51:35.15260540, 5.6667E-01, 6.8000E-01, 7.0000E+00,
12:51:35.15260545, 5.6667E-01, 7.0667E-01, 6.6667E+00,
12:51:35.15260550, 5.3333E-01, 6.8000E-01, 6.3333E+00,
12:51:35.15260555, 5.3333E-01, 6.9333E-01, 6.3333E+00,
12:51:35.15260560, 5.6667E-01, 6.8000E-01, 6.6667E+00,
12:51:35.15260565, 5.6667E-01, 6.8000E-01, 6.6667E+00,
12:51:35.15260570, 5.6667E-01, 6.9333E-01, 6.6667E+00,
12:51:35.15260575, 6.0000E-01, 6.8000E-01, 6.0000E+00,
12:51:35.15260580, 5.6667E-01, 6.9333E-01, 6.3333E+00,
12:51:35.15260585, 5.6667E-01, 6.8000E-01, 6.6667E+00,
12:51:35.15260590, 5.6667E-01, 6.9333E-01, 6.0000E+00,
12:51:35.15260595, 6.0000E-01, 6.6667E-01, 6.3333E+00,
12:51:35.15260600, 6.3333E-01, 7.0667E-01, 6.3333E+00,
12:51:35.15260605, 5.0000E-01, 6.8000E-01, 6.3333E+00,
12:51:35.15260610, 5.0000E-01, 6.8000E-01, 6.3333E+00,
12:51:35.15260615, 6.3333E-01, 7.0667E-01, 6.0000E+00,
12:51:35.15260620, 5.3333E-01, 7.0667E-01, 6.3333E+00,
12:51:35.15260625, 4.6667E-01, 7.3333E-01, 6.0000E+00,
12:51:35.15260630, 5.6667E-01, 7.0667E-01, 6.0000E+00,
12:51:35.15260635, 5.3333E-01, 6.8000E-01, 6.0000E+00,
12:51:35.15260640, 5.6667E-01, 7.2000E-01, 5.6667E+00,
12:51:35.15260645, 5.3333E-01, 7.0667E-01, 6.3333E+00,
12:51:35.15260650, 5.3333E-01, 7.2000E-01, 5.3333E+00,
12:51:35.15260655, 5.3333E-01, 7.4667E-01, 5.3333E+00,
12:51:35.15260660, 5.3333E-01, 7.0667E-01, 4.6667E+00,
12:51:35.15260665, 5.6667E-01, 7.0667E-01, 5.3333E+00,
12:51:35.15260670, 5.0000E-01, 7.2000E-01, 5.3333E+00,
12:51:35.15260675, 5.0000E-01, 7.0667E-01, 5.0000E+00,
12:51:35.15260680, 5.6667E-01, 6.8000E-01, 5.3333E+00,
12:51:35.15260685, 6.0000E-01, 7.3333E-01, 5.3333E+00,
12:51:35.15260690, 5.0000E-01, 7.0667E-01, 4.6667E+00,
12:51:35.15260695, 5.0000E-01, 7.4667E-01, 5.3333E+00,
12:51:35.15260700, 4.6667E-01, 7.2000E-01, 5.0000E+00,
12:51:35.15260705, 5.3333E-01, 7.4667E-01, 4.3333E+00,
12:51:35.15260710, 5.3333E-01, 7.3333E-01, 4.3333E+00,
12:51:35.15260715, 5.3333E-01, 7.2000E-01, 4.3333E+00,
12:51:35.15260720, 5.6667E-01, 7.3333E-01, 5.0000E+00,
12:51:35.15260725, 5.6667E-01, 7.3333E-01, 4.6667E+00,
12:51:35.15260730, 5.6667E-01, 7.3333E-01, 5.0000E+00,
12:51:35.15260735, 5.6667E-01, 7.4667E-01, 4.6667E+00,
12:51:35.15260740, 5.6667E-01, 7.6000E-01, 4.6667E+00,
12:51:35.15260745, 5.0000E-01, 7.4667E-01, 5.0000E+00,
12:51:35.15260750, 5.0000E-01, 7.6000E-01, 4.0000E+00,
12:51:35.15260755, 5.0000E-01, 7.4667E-01, 4.6667E+00,
12:51:35.15260760, 5.6667E-01, 7.4667E-01, 4.3333E+00,
12:51:35.15260765, 4.6667E-01, 7.4667E-01, 4.0000E+00,
12:51:35.15260770, 5.6667E-01, 7.4667E-01, 3.6667E+00,
12:51:35.15260775, 5.3333E-01, 7.2000E-01, 3.6667E+00,
12:51:35.15260780, 5.0000E-01, 7.4667E-01, 3.0000E+00,
12:51:35.15260785, 5.3333E-01, 7.4667E-01, 4.3333E+00,
12:51:35.15260790, 5.0000E-01, 7.2000E-01, 4.3333E+00,
12:51:35.15260795, 5.3333E-01, 7.4667E-01, 3.6667E+00,
12:51:35.15260800, 5.6667E-01, 7.4667E-01, 3.3333E+00,
12:51:35.15260805, 5.6667E-01, 7.0667E-01, 2.0000E+00,
12:51:35.15260810, 5.0000E-01, 7.4667E-01, 3.0000E+00,
12:51:35.15260815, 5.0000E-01, 7.4667E-01, 3.3333E+00,
12:51:35.15260820, 5.6667E-01, 7.3333E-01, 3.3333E+00,
12:51:35.15260825, 5.6667E-01, 7.3333E-01, 2.3333E+00,
12:51:35.15260830, 4.6667E-01, 7.4667E-01, 2.3333E+00,
12:51:35.15260835, 4.6667E-01, 7.2000E-01, 3.0000E+00,
12:51:35.15260840, 5.0000E-01, 7.3333E-01, 3.0000E+00,
12:51:35.15260845, 5.3333E-01, 7.4667E-01, 2.6667E+00,
12:51:35.15260850, 5.0000E-01, 7.4667E-01, 2.3333E+00,
12:51:35.15260855, 5.6667E-01, 7.6000E-01, 2.3333E+00,
12:51:35.15260860, 5.6667E-01, 7.2000E-01, 3.0000E+00,
12:51:35.15260865, 5.0000E-01, 7.4667E-01, 2.3333E+00,
12:51:35.15260870, 4.6667E-01, 7.4667E-01, 2.0000E+00,
12:51:35.15260875, 5.3333E-01, 7.3333E-01, 2.3333E+00,
12:51:35.15260880, 5.3333E-01, 7.2000E-01, 2.3333E+00,
12:51:35.15260885, 5.0000E-01, 7.4667E-01, 2.0000E+00,
12:51:35.15260890, 5.6667E-01, 7.4667E-01, 1.6667E+00,
12:51:35.15260895, 4.6667E-01, 7.3333E-01, 1.6667E+00,
12:51:35.15260900, 5.6667E-01, 7.3333E-01, 1.6667E+00,
12:51:35.15260905, 5.0000E-01, 7.3333E-01, 1.6667E+00,
12:51:35.15260910, 5.3333E-01, 7.2000E-01, 1.6667E+00,
12:51:35.15260915, 4.0000E-01, 7.4667E-01, 1.6667E+00,
12:51:35.15260920, 5.6667E-01, 7.4667E-01, 1.3333E+00,
12:51:35.15260925, 5.3333E-01, 7.4667E-01, 1.6667E+00,
12:51:35.15260930, 5.6667E-01, 7.4667E-01, 1.6667E+00,
12:51:35.15260935, 5.3333E-01, 7.6000E-01, 2.0000E+00,
12:51:35.15260940, 4.6667E-01, 7.4667E-01, 1.6667E+00,
12:51:35.15260945, 5.3333E-01, 7.4667E-01, 6.6667E-01,
12:51:35.15260950, 5.3333E-01, 7.4667E-01, 1.0000E+00,
12:51:35.15260955, 5.0000E-01, 7.4667E-01, 6.6667E-01,
12:51:35.15260960, 5.3333E-01, 7.4667E-01, 1.6667E+00,
12:51:35.15260965, 5.0000E-01, 7.4667E-01, 3.3333E-01,
12:51:35.15260970, 5.3333E-01, 7.3333E-01, 1.6667E+00,
12:51:35.15260975, 5.3333E-01, 7.2000E-01, 1.6667E+00,
12:51:35.15260980, 5.6667E-01, 7.3333E-01, 1.3333E+00,
12:51:35.15260985, 5.0000E-01, 7.6000E-01, 1.3333E+00,
12:51:35.15260990, 4.6667E-01, 7.6000E-01, 6.6667E-01,
12:51:35.15260995, 5.0000E-01, 7.3333E-01, 6.6667E-01,
12:51:35.15261000, 4.6667E-01, 7.3333E-01, 3.3333E-01,
12:51:35.15261005, 5.3333E-01, 7.0667E-01, 1.3333E+00,
12:51:35.15261010, 5.0000E-01, 7.2000E-01, 3.3333E-01,
12:51:35.15261015, 5.0000E-01, 6.9333E-01, 0.0000E+00,
12:51:35.15261020, 4.6667E-01, 6.9333E-01, 6.6667E-01,
12:51:35.15261025, 4.3333E-01, 7.0667E-01, 1.0000E+00,
12:51:35.15261030, 4.0000E-01, 7.0667E-01,-3.3333E-01,
12:51:35.15261035, 5.0000E-01, 7.3333E-01,-3.3333E-01,
12:51:35.15261040, 5.0000E-01, 7.3333E-01, 6.6667E-01,
12:51:35.15261045, 4.6667E-01, 7.4667E-01, 3.3333E-01,
12:51:35.15261050, 4.0000E-01, 7.3333E-01, 0.0000E+00,
12:51:35.15261055, 4.6667E-01, 6.6667E-01,-3.3333E-01,
12:51:35.15261060, 4.6667E-01, 7.0667E-01, 0.0000E+00,
12:51:35.15261065, 5.0000E-01, 7.2000E-01,-6.6667E-01,
12:51:35.15261070, 5.0000E-01, 7.3333E-01,-3.3333E-01,
12:51:35.15261075, 4.0000E-01, 7.2000E-01,-6.6667E-01,
12:51:35.15261080, 4.3333E-01, 7.2000E-01,-1.0000E+00,
12:51:35.15261085, 4.6667E-01, 7.0667E-01,-6.6667E-01,
12:51:35.15261090, 5.0000E-01, 7.0667E-01,-6.6667E-01,
12:51:35.15261095, 4.3333E-01, 6.6667E-01,-6.6667E-01,
12:51:35.15261100, 4.3333E-01, 6.8000E-01,-1.0000E+00,
12:51:35.15261105, 4.3333E-01, 7.0667E-01, 3.3333E-01,
12:51:35.15261110, 5.0000E-01, 6.9333E-01,-6.6667E-01,
12:51:35.15261115, 4.6667E-01, 7.2000E-01,-1.0000E+00,
12:51:35.15261120, 4.3333E-01, 7.0667E-01,-1.0000E+00,
12:51:35.15261125, 4.6667E-01, 6.9333E-01,-1.0000E+00,
12:51:35.15261130, 4.3333E-01, 6.8000E-01,-1.0000E+00,
12:51:35.15261135, 4.3333E-01, 6.9333E-01,-6.6667E-01,
12:51:35.15261140, 4.3333E-01, 7.0667E-01,-1.6667E+00,
12:51:35.15261145, 4.3333E-01, 7.2000E-01,-1.0000E+00,
12:51:35.15261150, 4.3333E-01, 6.6667E-01,-1.6667E+00,
12:51:35.15261155, 4.3333E-01, 7.0667E-01,-1.6667E+00,
12:51:35.15261160, 4.6667E-01, 6.8000E-01,-1.3333E+00,
12:51:35.15261165, 4.6667E-01, 6.9333E-01,-1.3333E+00,
12:51:35.15261170, 4.6667E-01, 6.8000E-01,-1.3333E+00,
12:51:35.15261175, 4.3333E-01, 6.8000E-01,-1.6667E+00,
12:51:35.15261180, 4.3333E-01, 6.9333E-01,-1.6667E+00,
12:51:35.15261185, 4.3333E-01, 6.6667E-01,-1.3333E+00,
12:51:35.15261190, 5.0000E-01, 6.2667E-01,-1.6667E+00,
12:51:35.15261195, 4.6667E-01, 6.6667E-01,-2.0000E+00,
12:51:35.15261200, 3.6667E-01, 6.8000E-01,-1.3333E+00,
12:51:35.15261205, 4.6667E-01, 6.4000E-01,-1.6667E+00,
12:51:35.15261210, 4.6667E-01, 6.4000E-01,-1.6667E+00,
12:51:35.15261215, 4.3333E-01, 6.4000E-01,-1.6667E+00,
12:51:35.15261220, 4.6667E-01, 6.6667E-01,-2.0000E+00,
12:51:35.15261225, 4.6667E-01, 6.5333E-01,-1.6667E+00,
12:51:35.15261230, 4.3333E-01, 6.6667E-01,-1.6667E+00,
12:51:35.15261235, 4.3333E-01, 6.4000E-01,-2.0000E+00,
12:51:35.15261240, 4.3333E-01, 6.4000E-01,-2.3333E+00,
12:51:35.15261245, 4.6667E-01, 6.2667E-01,-3.0000E+00,
12:51:35.15261250, 4.6667E-01, 6.2667E-01,-1.6667E+00,
12:51:35.15261255, 5.3333E-01, 6.2667E-01,-3.0000E+00,
12:51:35.15261260, 4.3333E-01, 6.4000E-01,-3.6667E+00,
12:51:35.15261265, 4.3333E-01, 6.4000E-01,-2.0000E+00,
12:51:35.15261270, 4.3333E-01, 6.1333E-01,-3.0000E+00,
12:51:35.15261275, 4.6667E-01, 6.2667E-01,-2.6667E+00,
12:51:35.15261280, 4.0000E-01, 6.1333E-01,-3.3333E+00,
12:51:35.15261285, 4.3333E-01, 6.2667E-01,-3.0000E+00,
12:51:35.15261290, 4.3333E-01, 6.2667E-01,-3.0000E+00,
12:51:35.15261295, 4.0000E-01, 6.1333E-01,-3.0000E+00,
12:51:35.15261300, 3.6667E-01, 6.1333E-01,-3.3333E+00,
12:51:35.15261305, 4.3333E-01, 6.4000E-01,-2.3333E+00,
12:51:35.15261310, 4.3333E-01, 6.1333E-01,-3.0000E+00,
12:51:35.15261315, 4.3333E-01, 5.8667E-01,-3.0000E+00,
12:51:35.15261320, 4.6667E-01, 5.7333E-01,-2.6667E+00,
12:51:35.15261325, 4.3333E-01, 6.1333E-01,-3.0000E+00,
12:51:35.15261330, 4.0000E-01, 5.8667E-01,-3.0000E+00,
12:51:35.15261335, 4.6667E-01, 6.1333E-01,-3.0000E+00,
12:51:35.15261340, 3.3333E-01, 5.8667E-01,-3.6667E+00,
12:51:35.15261345, 4.6667E-01, 5.8667E-01,-3.6667E+00,
12:51:35.15261350, 4.3333E-01, 6.4000E-01,-3.6667E+00,
12:51:35.15261355, 4.0000E-01, 5.8667E-01,-3.6667E+00,
12:51:35.15261360, 4.3333E-01, 5.8667E-01,-3.6667E+00,
12:51:35.15261365, 4.0000E-01, 5.7333E-01,-3.3333E+00,
12:51:35.15261370, 3.6667E-01, 6.1333E-01,-4.3333E+00,
12:51:35.15261375, 4.0000E-01, 5.8667E-01,-3.6667E+00,
12:51:35.15261380, 4.0000E-01, 5.8667E-01,-3.6667E+00,
12:51:35.15261385, 4.0000E-01, 5.7333E-01,-3.6667E+00,
12:51:35.15261390, 3.3333E-01, 5.4667E-01,-3.6667E+00,
12:51:35.15261395, 3.6667E-01, 5.8667E-01,-4.0000E+00,
12:51:35.15261400, 4.3333E-01, 5.3333E-01,-3.6667E+00,
12:51:35.15261405, 3.6667E-01, 6.0000E-01,-4.0000E+00,
12:51:35.15261410, 3.0000E-01, 5.7333E-01,-3.3333E+00,
12:51:35.15261415, 4.3333E-01, 5.6000E-01,-3.6667E+00,
12:51:35.15261420, 4.0000E-01, 5.6000E-01,-3.6667E+00,
12:51:35.15261425, 3.6667E-01, 5.6000E-01,-3.6667E+00,
12:51:35.15261430, 4.3333E-01, 5.4667E-01,-4.0000E+00,
12:51:35.15261435, 3.6667E-01, 5.6000E-01,-3.6667E+00,
12:51:35.15261440, 3.3333E-01, 5.6000E-01,-4.0000E+00,
12:51:35.15261445, 4.3333E-01, 5.6000E-01,-3.6667E+00,
12:51:35.15261450, 3.3333E-01, 5.4667E-01,-4.0000E+00,
12:51:35.15261455, 4.6667E-01, 5.3333E-01,-4.0000E+00,
12:51:35.15261460, 3.3333E-01, 5.2000E-01,-3.6667E+00,
12:51:35.15261465, 4.6667E-01, 5.3333E-01,-4.6667E+00,
12:51:35.15261470, 3.6667E-01, 5.2000E-01,-3.3333E+00,
12:51:35.15261475, 3.0000E-01, 5.3333E-01,-4.6667E+00,
12:51:35.15261480, 3.0000E-01, 5.2000E-01,-4.0000E+00,
12:51:35.15261485, 3.3333E-01, 5.2000E-01,-4.6667E+00,
12:51:35.15261490, 3.3333E-01, 5.2000E-01,-4.3333E+00,
12:51:35.15261495, 4.0000E-01, 5.3333E-01,-4.3333E+00,
12:51:35.15261500, 3.3333E-01, 5.0667E-01,-4.3333E+00,
12:51:35.15261505, 4.3333E-01, 5.3333E-01,-4.3333E+00,
12:51:35.15261510, 4.0000E-01, 5.3333E-01,-4.3333E+00,
12:51:35.15261515, 4.0000E-01, 4.8000E-01,-4.0000E+00,
12:51:35.15261520, 3.3333E-01, 4.9333E-01,-4.3333E+00,
12:51:35.15261525, 3.6667E-01, 4.8000E-01,-4.6667E+00,
12:51:35.15261530, 3.0000E-01, 4.8000E-01,-4.6667E+00,
12:51:35.15261535, 4.3333E-01, 5.0667E-01,-4.6667E+00,
12:51:35.15261540, 3.6667E-01, 5.0667E-01,-4.6667E+00,
12:51:35.15261545, 3.0000E-01, 5.0667E-01,-5.0000E+00,
12:51:35.15261550, 3.3333E-01, 5.0667E-01,-4.6667E+00,
12:51:35.15261555, 4.0000E-01, 4.9333E-01,-4.3333E+00,
12:51:35.15261560, 3.0000E-01, 4.8000E-01,-4.0000E+00,
12:51:35.15261565, 3.3333E-01, 4.8000E-01,-4.6667E+00,
12:51:35.15261570, 3.0000E-01, 4.5333E-01,-4.6667E+00,
12:51:35.15261575, 2.6667E-01, 4.4000E-01,-4.6667E+00,
12:51:35.15261580, 3.6667E-01, 4.8000E-01,-4.3333E+00,
12:51:35.15261585, 3.0000E-01, 4.4000E-01,-4.3333E+00,
12:51:35.15261590, 3.3333E-01, 4.8000E-01,-5.0000E+00,
12:51:35.15261595, 3.0000E-01, 4.6667E-01,-5.3333E+00,
12:51:35.15261600, 2.6667E-01, 4.6667E-01,-4.3333E+00,
12:51:35.15261605, 3.3333E-01, 4.6667E-01,-4.6667E+00,
12:51:35.15261610, 3.6667E-01, 4.2667E-01,-4.6667E+00,
12:51:35.15261615, 3.3333E-01, 4.4000E-01,-5.0000E+00,
12:51:35.15261620, 3.3333E-01, 4.8000E-01,-5.0000E+00,
12:51:35.15261625, 3.3333E-01, 4.4000E-01,-5.0000E+00,
12:51:35.15261630, 3.3333E-01, 4.5333E-01,-4.6667E+00,
12:51:35.15261635, 3.6667E-01, 4.0000E-01,-4.3333E+00,
12:51:35.15261640, 3.3333E-01, 4.2667E-01,-4.3333E+00,
12:51:35.15261645, 3.0000E-01, 4.2667E-01,-5.3333E+00,
12:51:35.15261650, 2.3333E-01, 4.4000E-01,-5.3333E+00,
12:51:35.15261655, 3.0000E-01, 4.4000E-01,-4.3333E+00,
12:51:35.15261660, 3.0000E-01, 4.1333E-01,-4.6667E+00,
12:51:35.15261665, 4.3333E-01, 4.1333E-01,-4.3333E+00,
12:51:35.15261670, 2.6667E-01, 4.4000E-01,-4.3333E+00,
12:51:35.15261675, 2.6667E-01, 4.2667E-01,-4.6667E+00,
12:51:35.15261680, 3.0000E-01, 4.2667E-01,-5.3333E+00,
12:51:35.15261685, 2.6667E-01, 3.6000E-01,-5.0000E+00,
12:51:35.15261690, 3.0000E-01, 4.4000E-01,-5.0000E+00,
12:51:35.15261695, 3.0000E-01, 4.1333E-01,-5.0000E+00,
12:51:35.15261700, 3.0000E-01, 4.0000E-01,-5.0000E+00,
12:51:35.15261705, 3.0000E-01, 3.8667E-01,-5.3333E+00,
12:51:35.15261710, 2.6667E-01, 3.7333E-01,-5.6667E+00,
12:51:35.15261715, 3.0000E-01, 3.7333E-01,-5.3333E+00,
12:51:35.15261720, 2.6667E-01, 4.0000E-01,-4.6667E+00,
12:51:35.15261725, 3.6667E-01, 4.0000E-01,-4.3333E+00,
12:51:35.15261730, 3.0000E-01, 3.6000E-01,-4.3333E+00,
12:51:35.15261735, 2.6667E-01, 4.0000E-01,-5.0000E+00,
12:51:35.15261740, 2.3333E-01, 3.7333E-01,-5.0000E+00,
12:51:35.15261745, 3.3333E-01, 3.7333E-01,-5.3333E+00,
12:51:35.15261750, 3.0000E-01, 3.4667E-01,-5.0000E+00,
12:51:35.15261755, 3.3333E-01, 3.6000E-01,-4.6667E+00,
12:51:35.15261760, 2.3333E-01, 3.4667E-01,-5.3333E+00,
12:51:35.15261765, 2.6667E-01, 3.7333E-01,-5.0000E+00,
12:51:35.15261770, 3.0000E-01, 3.7333E-01,-5.3333E+00,
12:51:35.15261775, 2.6667E-01, 3.4667E-01,-5.0000E+00,
12:51:35.15261780, 3.0000E-01, 3.8667E-01,-5.0000E+00,
12:51:35.15261785, 2.3333E-01, 3.3333E-01,-5.3333E+00,
12:51:35.15261790, 3.3333E-01, 3.4667E-01,-5.3333E+00,
12:51:35.15261795, 3.0000E-01, 3.4667E-01,-5.3333E+00,
12:51:35.15261800, 2.6667E-01, 3.4667E-01,-5.3333E+00,
12:51:35.15261805, 2.3333E-01, 3.4667E-01,-5.0000E+00,
12:51:35.15261810, 3.0000E-01, 3.4667E-01,-5.3333E+00,
12:51:35.15261815, 3.0000E-01, 3.4667E-01,-5.0000E+00,
12:51:35.15261820, 2.6667E-01, 3.4667E-01,-5.3333E+00,
12:51:35.15261825, 3.0000E-01, 3.4667E-01,-5.3333E+00,
12:51:35.15261830, 3.0000E-01, 3.4667E-01,-5.3333E+00,
12:51:35.15261835, 3.3333E-01, 3.4667E-01,-5.3333E+00,
12:51:35.15261840, 2.6667E-01, 3.4667E-01,-5.3333E+00,
12:51:35.15261845, 3.0000E-01, 3.2000E-01,-4.6667E+00,
12:51:35.15261850, 2.3333E-01, 3.2000E-01,-4.6667E+00,
12:51:35.15261855, 2.3333E-01, 3.3333E-01,-4.6667E+00,
12:51:35.15261860, 3.0000E-01, 2.9333E-01,-5.0000E+00,
12:51:35.15261865, 3.0000E-01, 2.9333E-01,-5.0000E+00,
12:51:35.15261870, 2.3333E-01, 2.9333E-01,-4.6667E+00,
12:51:35.15261875, 2.6667E-01, 3.2000E-01,-5.3333E+00,
12:51:35.15261880, 2.6667E-01, 3.0667E-01,-5.3333E+00,
12:51:35.15261885, 2.0000E-01, 2.6667E-01,-4.3333E+00,
12:51:35.15261890, 2.6667E-01, 2.9333E-01,-4.6667E+00,
12:51:35.15261895, 2.3333E-01, 2.9333E-01,-5.0000E+00,
12:51:35.15261900, 2.0000E-01, 2.9333E-01,-5.0000E+00,
12:51:35.15261905, 2.3333E-01, 3.0667E-01,-4.3333E+00,
12:51:35.15261910, 3.0000E-01, 2.8000E-01,-5.0000E+00,
12:51:35.15261915, 2.3333E-01, 2.9333E-01,-4.6667E+00,
12:51:35.15261920, 3.0000E-01, 2.9333E-01,-4.6667E+00,
12:51:35.15261925, 2.0000E-01, 2.8000E-01,-5.0000E+00,
12:51:35.15261930, 3.6667E-01, 2.8000E-01,-4.6667E+00,
12:51:35.15261935, 2.3333E-01, 2.9333E-01,-5.3333E+00,
12:51:35.15261940, 2.3333E-01, 2.9333E-01,-5.0000E+00,
12:51:35.15261945, 3.0000E-01, 2.8000E-01,-5.0000E+00,
12:51:35.15261950, 2.0000E-01, 2.5333E-01,-5.3333E+00,
12:51:35.15261955, 2.0000E-01, 2.2667E-01,-4.3333E+00,
12:51:35.15261960, 2.6667E-01, 2.6667E-01,-4.0000E+00,
12:51:35.15261965, 2.3333E-01, 2.8000E-01,-4.3333E+00,
12:51:35.15261970, 2.3333E-01, 2.4000E-01,-4.3333E+00,
12:51:35.15261975, 3.0000E-01, 2.6667E-01,-4.3333E+00,
12:51:35.15261980, 3.0000E-01, 2.8000E-01,-4.6667E+00,
12:51:35.15261985, 2.6667E-01, 2.4000E-01,-4.3333E+00,
12:51:35.15261990, 2.3333E-01, 2.6667E-01,-3.6667E+00,
12:51:35.15261995, 2.0000E-01, 2.5333E-01,-5.3333E+00,
12:51:35.15262000, 2.3333E-01, 2.6667E-01,-4.3333E+00,
12:51:35.15262005, 2.3333E-01, 2.1333E-01,-4.6667E+00,
12:51:35.15262010, 2.3333E-01, 2.9333E-01,-3.3333E+00,
12:51:35.15262015, 3.0000E-01, 2.4000E-01,-5.0000E+00,
12:51:35.15262020, 2.0000E-01, 2.0000E-01,-4.3333E+00,
12:51:35.15262025, 2.3333E-01, 2.4000E-01,-3.6667E+00,
12:51:35.15262030, 2.3333E-01, 2.1333E-01,-4.3333E+00,
12:51:35.15262035, 3.0000E-01, 2.1333E-01,-3.3333E+00,
12:51:35.15262040, 2.0000E-01, 2.6667E-01,-4.0000E+00,
12:51:35.15262045, 2.0000E-01, 2.2667E-01,-3.6667E+00,
12:51:35.15262050, 2.0000E-01, 2.2667E-01,-4.3333E+00,
12:51:35.15262055, 2.3333E-01, 2.4000E-01,-4.6667E+00,
12:51:35.15262060, 2.3333E-01, 2.1333E-01,-3.6667E+00,
12:51:35.15262065, 2.3333E-01, 2.2667E-01,-3.6667E+00,
12:51:35.15262070, 2.6667E-01, 2.1333E-01,-4.0000E+00,
12:51:35.15262075, 2.3333E-01, 2.0000E-01,-4.0000E+00,
12:51:35.15262080, 2.6667E-01, 2.2667E-01,-4.0000E+00,
12:51:35.15262085, 2.0000E-01, 2.0000E-01,-4.0000E+00,
12:51:35.15262090, 2.3333E-01, 2.1333E-01,-4.3333E+00,
12:51:35.15262095, 2.6667E-01, 2.0000E-01,-4.6667E+00,
12:51:35.15262100, 2.0000E-01, 2.0000E-01,-4.3333E+00,
12:51:35.15262105, 2.3333E-01, 2.0000E-01,-3.6667E+00,
12:51:35.15262110, 2.3333E-01, 2.1333E-01,-4.0000E+00,
12:51:35.15262115, 2.6667E-01, 2.0000E-01,-3.6667E+00,
12:51:35.15262120, 2.3333E-01, 2.0000E-01,-3.3333E+00,
12:51:35.15262125, 3.0000E-01, 1.8667E-01,-3.6667E+00,
12:51:35.15262130, 2.0000E-01, 2.0000E-01,-4.0000E+00,
12:51:35.15262135, 2.0000E-01, 2.0000E-01,-3.3333E+00,
12:51:35.15262140, 2.0000E-01, 2.0000E-01,-3.0000E+00,
12:51:35.15262145, 2.3333E-01, 1.4667E-01,-4.0000E+00,
12:51:35.15262150, 2.3333E-01, 1.7333E-01,-4.3333E+00,
12:51:35.15262155, 2.3333E-01, 1.8667E-01,-3.6667E+00,
12:51:35.15262160, 2.0000E-01, 2.0000E-01,-3.0000E+00,
12:51:35.15262165, 2.6667E-01, 2.0000E-01,-3.0000E+00,
12:51:35.15262170, 2.3333E-01, 1.8667E-01,-3.6667E+00,
12:51:35.15262175, 2.3333E-01, 2.0000E-01,-2.6667E+00,
12:51:35.15262180, 2.0000E-01, 2.0000E-01,-3.3333E+00,
12:51:35.15262185, 1.6667E-01, 1.8667E-01,-2.6667E+00,
12:51:35.15262190, 2.0000E-01, 1.4667E-01,-3.3333E+00,
12:51:35.15262195, 2.0000E-01, 2.0000E-01,-2.6667E+00,
12:51:35.15262200, 2.3333E-01, 2.0000E-01,-3.6667E+00,
12:51:35.15262205, 2.0000E-01, 1.7333E-01,-3.0000E+00,
12:51:35.15262210, 1.6667E-01, 1.6000E-01,-3.3333E+00,
12:51:35.15262215, 2.0000E-01, 1.7333E-01,-3.0000E+00,
12:51:35.15262220, 2.3333E-01, 1.8667E-01,-3.3333E+00,
12:51:35.15262225, 2.0000E-01, 1.8667E-01,-3.3333E+00,
12:51:35.15262230, 2.3333E-01, 1.7333E-01,-3.0000E+00,
12:51:35.15262235, 2.0000E-01, 1.8667E-01,-2.6667E+00,
12:51:35.15262240, 2.0000E-01, 1.7333E-01,-2.6667E+00,
12:51:35.15262245, 2.0000E-01, 1.8667E-01,-3.0000E+00,
12:51:35.15262250, 2.6667E-01, 1.7333E-01,-3.0000E+00,
12:51:35.15262255, 1.6667E-01, 1.7333E-01,-2.3333E+00,
12:51:35.15262260, 2.0000E-01, 1.7333E-01,-2.6667E+00,
12:51:35.15262265, 2.0000E-01, 1.6000E-01,-2.6667E+00,
12:51:35.15262270, 2.0000E-01, 1.8667E-01,-3.3333E+00,
12:51:35.15262275, 2.0000E-01, 1.3333E-01,-3.0000E+00,
12:51:35.15262280, 2.0000E-01, 1.4667E-01,-2.3333E+00,
12:51:35.15262285, 2.0000E-01, 1.6000E-01,-3.3333E+00,
12:51:35.15262290, 1.6667E-01, 1.4667E-01,-2.3333E+00,
12:51:35.15262295, 2.0000E-01, 1.8667E-01,-2.3333E+00,
12:51:35.15262300, 1.6667E-01, 1.7333E-01,-2.6667E+00,
12:51:35.15262305, 2.6667E-01, 2.0000E-01,-2.6667E+00,
12:51:35.15262310, 2.0000E-01, 1.7333E-01,-2.6667E+00,
12:51:35.15262315, 2.0000E-01, 1.6000E-01,-2.3333E+00,
12:51:35.15262320, 2.0000E-01, 1.4667E-01,-3.0000E+00,
12:51:35.15262325, 2.0000E-01, 1.3333E-01,-1.6667E+00,
12:51:35.15262330, 1.6667E-01, 1.7333E-01,-2.3333E+00,
12:51:35.15262335, 2.0000E-01, 1.0667E-01,-1.6667E+00,
12:51:35.15262340, 2.0000E-01, 1.4667E-01,-1.6667E+00,
12:51:35.15262345, 2.0000E-01, 1.6000E-01,-1.6667E+00,
12:51:35.15262350, 2.3333E-01, 1.2000E-01,-2.0000E+00,
12:51:35.15262355, 2.0000E-01, 1.3333E-01,-2.3333E+00,
12:51:35.15262360, 2.6667E-01, 1.6000E-01,-1.6667E+00,
12:51:35.15262365, 2.3333E-01, 1.4667E-01,-2.3333E+00,
12:51:35.15262370, 2.0000E-01, 1.6000E-01,-1.6667E+00,
12:51:35.15262375, 2.0000E-01, 1.4667E-01,-2.0000E+00,
12:51:35.15262380, 2.0000E-01, 1.7333E-01,-2.0000E+00,
12:51:35.15262385, 2.0000E-01, 1.7333E-01,-2.0000E+00,
12:51:35.15262390, 1.6667E-01, 1.7333E-01,-1.6667E+00,
12:51:35.15262395, 2.0000E-01, 1.3333E-01,-1.6667E+00,
12:51:35.15262400, 1.6667E-01, 1.6000E-01,-1.6667E+00,
12:51:35.15262405, 2.3333E-01, 1.3333E-01,-1.6667E+00,
12:51:35.15262410, 2.0000E-01, 1.2000E-01,-1.6667E+00,
12:51:35.15262415, 2.0000E-01, 1.4667E-01,-2.0000E+00,
12:51:35.15262420, 2.0000E-01, 1.7333E-01,-1.6667E+00,
12:51:35.15262425, 1.6667E-01, 1.6000E-01,-1.0000E+00,
12:51:35.15262430, 2.0000E-01, 1.6000E-01,-1.6667E+00,
12:51:35.15262435, 2.0000E-01, 1.2000E-01,-6.6667E-01,
12:51:35.15262440, 1.3333E-01, 1.4667E-01,-1.6667E+00,
12:51:35.15262445, 2.0000E-01, 1.2000E-01,-1.3333E+00,
12:51:35.15262450, 2.0000E-01, 1.3333E-01,-1.3333E+00,
12:51:35.15262455, 2.3333E-01, 1.2000E-01,-1.6667E+00,
12:51:35.15262460, 2.0000E-01, 1.3333E-01,-1.0000E+00,
12:51:35.15262465, 3.0000E-01, 1.6000E-01,-1.6667E+00,
12:51:35.15262470, 1.3333E-01, 1.4667E-01,-1.3333E+00,
12:51:35.15262475, 2.0000E-01, 1.4667E-01,-3.3333E-01,
12:51:35.15262480, 2.0000E-01, 1.7333E-01,-1.0000E+00,
12:51:35.15262485, 2.0000E-01, 1.7333E-01,-1.0000E+00,
12:51:35.15262490, 1.3333E-01, 1.3333E-01,-1.0000E+00,
12:51:35.15262495, 1.6667E-01, 1.4667E-01,-1.0000E+00,
12:51:35.15262500, 2.0000E-01, 1.7333E-01,-1.0000E+00,
12:51:35.15262505, 1.6667E-01, 1.4667E-01,-6.6667E-01,
12:51:35.15262510, 2.0000E-01, 1.3333E-01,-1.3333E+00,
12:51:35.15262515, 1.6667E-01, 1.6000E-01,-1.3333E+00,
12:51:35.15262520, 2.0000E-01, 1.4667E-01,-3.3333E-01,
12:51:35.15262525, 1.3333E-01, 1.6000E-01,-3.3333E-01,
12:51:35.15262530, 2.0000E-01, 1.2000E-01,-6.6667E-01,
12:51:35.15262535, 2.6667E-01, 1.3333E-01,-1.6667E+00,
12:51:35.15262540, 1.3333E-01, 1.4667E-01,-1.3333E+00,
12:51:35.15262545, 1.3333E-01, 1.0667E-01,-3.3333E-01,
12:51:35.15262550, 2.0000E-01, 1.2000E-01,-6.6667E-01,
12:51:35.15262555, 2.0000E-01, 9.3333E-02,-1.0000E+00,
12:51:35.15262560, 2.0000E-01, 1.3333E-01,-3.3333E-01,
12:51:35.15262565, 2.3333E-01, 1.6000E-01, 0.0000E+00,
12:51:35.15262570, 1.6667E-01, 1.4667E-01,-6.6667E-01,
12:51:35.15262575, 2.0000E-01, 1.3333E-01, 0.0000E+00,
12:51:35.15262580, 2.0000E-01, 1.4667E-01,-3.3333E-01,
12:51:35.15262585, 2.3333E-01, 1.6000E-01, 0.0000E+00,
12:51:35.15262590, 1.6667E-01, 1.4667E-01,-6.6667E-01,
12:51:35.15262595, 1.6667E-01, 1.4667E-01, 0.0000E+00,
12:51:35.15262600, 2.0000E-01, 1.3333E-01,-3.3333E-01,
12:51:35.15262605, 1.6667E-01, 1.4667E-01, 3.3333E-01,
12:51:35.15262610, 2.0000E-01, 1.6000E-01, 6.6667E-01,
12:51:35.15262615, 2.0000E-01, 1.4667E-01, 3.3333E-01,
12:51:35.15262620, 1.3333E-01, 1.8667E-01, 6.6667E-01,
12:51:35.15262625, 2.3333E-01, 1.4667E-01,-3.3333E-01,
12:51:35.15262630, 2.0000E-01, 1.7333E-01, 3.3333E-01,
12:51:35.15262635, 2.0000E-01, 1.7333E-01,-3.3333E-01,
12:51:35.15262640, 2.0000E-01, 1.7333E-01, 6.6667E-01,
12:51:35.15262645, 1.6667E-01, 1.6000E-01, 3.3333E-01,
12:51:35.15262650, 2.0000E-01, 1.4667E-01, 3.3333E-01,
12:51:35.15262655, 2.0000E-01, 1.8667E-01, 3.3333E-01,
12:51:35.15262660, 2.0000E-01, 1.6000E-01, 6.6667E-01,
12:51:35.15262665, 2.0000E-01, 1.4667E-01, 6.6667E-01,
12:51:35.15262670, 1.6667E-01, 1.4667E-01, 3.3333E-01,
12:51:35.15262675, 2.3333E-01, 1.6000E-01, 1.0000E+00,
12:51:35.15262680, 2.3333E-01, 2.0000E-01,-3.3333E-01,
12:51:35.15262685, 2.0000E-01, 1.6000E-01, 3.3333E-01,
12:51:35.15262690, 2.0000E-01, 1.4667E-01, 6.6667E-01,
12:51:35.15262695, 2.3333E-01, 1.6000E-01,-3.3333E-01,
12:51:35.15262700, 2.0000E-01, 1.6000E-01, 6.6667E-01,
12:51:35.15262705, 2.0000E-01, 1.4667E-01, 1.3333E+00,
12:51:35.15262710, 1.3333E-01, 1.6000E-01, 1.0000E+00,
12:51:35.15262715, 2.0000E-01, 1.3333E-01, 6.6667E-01,
12:51:35.15262720, 2.0000E-01, 1.3333E-01, 6.6667E-01,
12:51:35.15262725, 2.0000E-01, 2.0000E-01, 1.0000E+00,
12:51:35.15262730, 2.0000E-01, 1.7333E-01, 1.0000E+00,
12:51:35.15262735, 1.6667E-01, 1.7333E-01, 6.6667E-01,
12:51:35.15262740, 2.0000E-01, 2.1333E-01, 1.3333E+00,
12:51:35.15262745, 2.3333E-01, 1.7333E-01, 6.6667E-01,
12:51:35.15262750, 1.6667E-01, 1.6000E-01, 1.3333E+00,
12:51:35.15262755, 2.0000E-01, 1.8667E-01, 1.0000E+00,
12:51:35.15262760, 2.0000E-01, 1.6000E-01, 1.3333E+00,
12:51:35.15262765, 2.0000E-01, 1.7333E-01, 6.6667E-01,
12:51:35.15262770, 2.0000E-01, 1.6000E-01, 6.6667E-01,
12:51:35.15262775, 2.0000E-01, 1.6000E-01, 1.0000E+00,
12:51:35.15262780, 1.6667E-01, 1.7333E-01, 6.6667E-01,
12:51:35.15262785, 2.3333E-01, 1.8667E-01, 1.0000E+00,
12:51:35.15262790, 2.0000E-01, 1.4667E-01, 6.6667E-01,
12:51:35.15262795, 2.6667E-01, 1.6000E-01, 1.0000E+00,
12:51:35.15262800, 2.3333E-01, 2.0000E-01, 1.6667E+00,
12:51:35.15262805, 2.0000E-01, 2.0000E-01, 1.6667E+00,
12:51:35.15262810, 1.6667E-01, 2.0000E-01, 1.3333E+00,
12:51:35.15262815, 2.0000E-01, 1.8667E-01, 1.0000E+00,
12:51:35.15262820, 2.3333E-01, 2.0000E-01, 1.3333E+00,
12:51:35.15262825, 1.3333E-01, 1.8667E-01, 1.6667E+00,
12:51:35.15262830, 1.6667E-01, 1.7333E-01, 3.3333E-01,
12:51:35.15262835, 2.3333E-01, 2.0000E-01, 1.6667E+00,
12:51:35.15262840, 1.6667E-01, 1.6000E-01, 1.6667E+00,
12:51:35.15262845, 2.3333E-01, 2.0000E-01, 1.6667E+00,
12:51:35.15262850, 2.3333E-01, 2.0000E-01, 1.6667E+00,
12:51:35.15262855, 2.0000E-01, 2.0000E-01, 1.6667E+00,
12:51:35.15262860, 2.0000E-01, 2.0000E-01, 2.0000E+00,
12:51:35.15262865, 1.3333E-01, 2.0000E-01, 1.3333E+00,
12:51:35.15262870, 2.6667E-01, 2.0000E-01, 1.6667E+00,
12:51:35.15262875, 2.0000E-01, 2.1333E-01, 2.6667E+00,
12:51:35.15262880, 2.0000E-01, 2.0000E-01, 1.0000E+00,
12:51:35.15262885, 2.0000E-01, 1.8667E-01, 2.0000E+00,
12:51:35.15262890, 2.6667E-01, 2.0000E-01, 1.3333E+00,
12:51:35.15262895, 2.0000E-01, 2.0000E-01, 1.6667E+00,
12:51:35.15262900, 1.3333E-01, 2.0000E-01, 1.3333E+00,
12:51:35.15262905, 2.3333E-01, 2.0000E-01, 1.3333E+00,
12:51:35.15262910, 2.0000E-01, 2.0000E-01, 1.6667E+00,
12:51:35.15262915, 2.0000E-01, 2.2667E-01, 1.6667E+00,
12:51:35.15262920, 2.0000E-01, 2.0000E-01, 2.0000E+00,
12:51:35.15262925, 1.3333E-01, 1.8667E-01, 1.6667E+00,
12:51:35.15262930, 1.6667E-01, 2.0000E-01, 1.6667E+00,
12:51:35.15262935, 2.3333E-01, 2.0000E-01, 1.6667E+00,
12:51:35.15262940, 1.3333E-01, 2.0000E-01, 2.0000E+00,
12:51:35.15262945, 2.0000E-01, 2.0000E-01, 1.6667E+00,
12:51:35.15262950, 1.6667E-01, 2.1333E-01, 2.3333E+00,
12:51:35.15262955, 1.6667E-01, 2.2667E-01, 2.3333E+00,
12:51:35.15262960, 2.3333E-01, 2.1333E-01, 1.3333E+00,
12:51:35.15262965, 2.0000E-01, 2.2667E-01, 2.6667E+00,
12:51:35.15262970, 2.0000E-01, 2.0000E-01, 3.0000E+00,
12:51:35.15262975, 2.3333E-01, 2.0000E-01, 2.0000E+00,
12:51:35.15262980, 1.6667E-01, 2.2667E-01, 2.0000E+00,
12:51:35.15262985, 2.0000E-01, 2.2667E-01, 1.6667E+00,
12:51:35.15262990, 2.0000E-01, 2.2667E-01, 1.6667E+00,
12:51:35.15262995, 1.6667E-01, 2.4000E-01, 1.6667E+00,
12:51:35.15263000, 2.0000E-01, 2.5333E-01, 1.6667E+00,
12:51:35.15263005, 1.6667E-01, 2.6667E-01, 2.3333E+00,
12:51:35.15263010, 1.6667E-01, 2.6667E-01, 2.0000E+00,
12:51:35.15263015, 2.0000E-01, 2.2667E-01, 2.6667E+00,
12:51:35.15263020, 1.6667E-01, 2.4000E-01, 2.0000E+00,
12:51:35.15263025, 2.0000E-01, 2.4000E-01, 1.6667E+00,
12:51:35.15263030, 2.3333E-01, 2.4000E-01, 2.3333E+00,
12:51:35.15263035, 2.0000E-01, 2.1333E-01, 2.0000E+00,
12:51:35.15263040, 2.0000E-01, 2.5333E-01, 2.3333E+00,
12:51:35.15263045, 2.0000E-01, 2.5333E-01, 2.3333E+00,
12:51:35.15263050, 2.0000E-01, 2.5333E-01, 2.6667E+00,
12:51:35.15263055, 2.3333E-01, 2.8000E-01, 2.3333E+00,
12:51:35.15263060, 1.6667E-01, 2.6667E-01, 2.3333E+00,
12:51:35.15263065, 2.0000E-01, 2.4000E-01, 2.6667E+00,
12:51:35.15263070, 2.0000E-01, 2.6667E-01, 1.6667E+00,
12:51:35.15263075, 1.6667E-01, 2.6667E-01, 2.0000E+00,
12:51:35.15263080, 2.0000E-01, 2.5333E-01, 2.3333E+00,
12:51:35.15263085, 2.3333E-01, 2.9333E-01, 2.3333E+00,
12:51:35.15263090, 2.0000E-01, 2.6667E-01, 2.0000E+00,
12:51:35.15263095, 2.0000E-01, 2.6667E-01, 1.6667E+00,
12:51:35.15263100, 1.6667E-01, 2.8000E-01, 2.6667E+00,
12:51:35.15263105, 2.0000E-01, 2.6667E-01, 2.6667E+00,
12:51:35.15263110, 1.3333E-01, 2.6667E-01, 2.6667E+00,
12:51:35.15263115, 2.0000E-01, 2.5333E-01, 3.3333E+00,
12:51:35.15263120, 1.6667E-01, 2.6667E-01, 3.0000E+00,
12:51:35.15263125, 2.0000E-01, 2.8000E-01, 3.3333E+00,
12:51:35.15263130, 2.3333E-01, 2.8000E-01, 2.0000E+00,
12:51:35.15263135, 2.6667E-01, 2.5333E-01, 3.0000E+00,
12:51:35.15263140, 1.3333E-01, 2.8000E-01, 3.0000E+00,
12:51:35.15263145, 1.3333E-01, 2.6667E-01, 3.3333E+00,
12:51:35.15263150, 1.3333E-01, 2.9333E-01, 2.3333E+00,
12:51:35.15263155, 2.0000E-01, 2.9333E-01, 3.0000E+00,
12:51:35.15263160, 2.3333E-01, 3.0667E-01, 3.0000E+00,
12:51:35.15263165, 2.0000E-01, 2.9333E-01, 2.6667E+00,
12:51:35.15263170, 2.0000E-01, 2.5333E-01, 2.6667E+00,
12:51:35.15263175, 3.0000E-01, 2.9333E-01, 3.0000E+00,
12:51:35.15263180, 1.6667E-01, 2.9333E-01, 2.6667E+00,
12:51:35.15263185, 2.0000E-01, 2.9333E-01, 2.6667E+00,
12:51:35.15263190, 1.6667E-01, 3.0667E-01, 2.3333E+00,
12:51:35.15263195, 2.0000E-01, 3.3333E-01, 1.6667E+00,
12:51:35.15263200, 1.6667E-01, 3.0667E-01, 3.0000E+00,
12:51:35.15263205, 2.0000E-01, 3.2000E-01, 2.6667E+00,
12:51:35.15263210, 2.0000E-01, 3.0667E-01, 3.0000E+00,
12:51:35.15263215, 2.3333E-01, 2.8000E-01, 2.6667E+00,
12:51:35.15263220, 2.3333E-01, 3.2000E-01, 3.0000E+00,
12:51:35.15263225, 2.0000E-01, 3.0667E-01, 2.3333E+00,
12:51:35.15263230, 2.3333E-01, 3.0667E-01, 2.6667E+00,
12:51:35.15263235, 1.6667E-01, 3.2000E-01, 2.6667E+00,
12:51:35.15263240, 2.0000E-01, 3.4667E-01, 2.6667E+00,
12:51:35.15263245, 2.0000E-01, 3.4667E-01, 3.3333E+00,
12:51:35.15263250, 1.3333E-01, 3.0667E-01, 3.0000E+00,
12:51:35.15263255, 2.0000E-01, 3.2000E-01, 3.3333E+00,
12:51:35.15263260, 1.6667E-01, 3.3333E-01, 3.6667E+00,
12:51:35.15263265, 2.0000E-01, 3.0667E-01, 3.3333E+00,
12:51:35.15263270, 2.0000E-01, 3.4667E-01, 2.6667E+00,
12:51:35.15263275, 2.3333E-01, 3.4667E-01, 3.0000E+00,
12:51:35.15263280, 2.0000E-01, 3.3333E-01, 3.0000E+00,
12:51:35.15263285, 2.0000E-01, 3.2000E-01, 3.0000E+00,
12:51:35.15263290, 2.0000E-01, 3.6000E-01, 3.0000E+00,
12:51:35.15263295, 2.0000E-01, 3.4667E-01, 3.6667E+00,
12:51:35.15263300, 2.0000E-01, 3.4667E-01, 2.6667E+00,
12:51:35.15263305, 1.6667E-01, 3.4667E-01, 2.6667E+00,
12:51:35.15263310, 2.3333E-01, 3.2000E-01, 2.6667E+00,
12:51:35.15263315, 2.0000E-01, 3.6000E-01, 3.0000E+00,
12:51:35.15263320, 2.0000E-01, 3.4667E-01, 2.3333E+00,
12:51:35.15263325, 2.3333E-01, 3.6000E-01, 2.6667E+00,
12:51:35.15263330, 2.0000E-01, 3.0667E-01, 2.3333E+00,
12:51:35.15263335, 1.3333E-01, 3.4667E-01, 2.6667E+00,
12:51:35.15263340, 2.0000E-01, 3.6000E-01, 2.6667E+00,
12:51:35.15263345, 2.0000E-01, 3.4667E-01, 3.3333E+00,
12:51:35.15263350, 1.6667E-01, 3.3333E-01, 3.0000E+00,
12:51:35.15263355, 2.3333E-01, 3.6000E-01, 2.6667E+00,
12:51:35.15263360, 2.3333E-01, 3.4667E-01, 2.6667E+00,
12:51:35.15263365, 1.6667E-01, 3.6000E-01, 3.0000E+00,
12:51:35.15263370, 2.0000E-01, 3.6000E-01, 3.0000E+00,
12:51:35.15263375, 2.0000E-01, 3.7333E-01, 2.3333E+00,
12:51:35.15263380, 2.0000E-01, 3.4667E-01, 2.6667E+00,
12:51:35.15263385, 2.0000E-01, 3.4667E-01, 3.0000E+00,
12:51:35.15263390, 1.3333E-01, 3.8667E-01, 3.6667E+00,
12:51:35.15263395, 2.0000E-01, 3.4667E-01, 2.6667E+00,
12:51:35.15263400, 2.0000E-01, 3.4667E-01, 2.3333E+00,
12:51:35.15263405, 2.0000E-01, 3.3333E-01, 3.6667E+00,
12:51:35.15263410, 1.3333E-01, 3.8667E-01, 2.6667E+00,
12:51:35.15263415, 2.0000E-01, 3.6000E-01, 3.3333E+00,
12:51:35.15263420, 2.0000E-01, 3.7333E-01, 3.0000E+00,
12:51:35.15263425, 2.6667E-01, 3.4667E-01, 2.3333E+00,
12:51:35.15263430, 1.6667E-01, 3.7333E-01, 2.3333E+00,
12:51:35.15263435, 2.0000E-01, 3.7333E-01, 3.0000E+00,
12:51:35.15263440, 2.0000E-01, 3.8667E-01, 2.6667E+00,
12:51:35.15263445, 2.0000E-01, 3.8667E-01, 3.0000E+00,
12:51:35.15263450, 2.0000E-01, 3.6000E-01, 3.3333E+00,
12:51:35.15263455, 2.0000E-01, 4.1333E-01, 2.6667E+00,
12:51:35.15263460, 2.0000E-01, 4.0000E-01, 3.3333E+00,
12:51:35.15263465, 2.0000E-01, 4.0000E-01, 2.3333E+00,
12:51:35.15263470, 2.3333E-01, 4.0000E-01, 3.0000E+00,
12:51:35.15263475, 1.6667E-01, 4.1333E-01, 2.6667E+00,
12:51:35.15263480, 2.0000E-01, 3.8667E-01, 2.3333E+00,
12:51:35.15263485, 2.0000E-01, 4.1333E-01, 2.0000E+00,
12:51:35.15263490, 2.3333E-01, 4.0000E-01, 2.6667E+00,
12:51:35.15263495, 1.3333E-01, 3.8667E-01, 3.3333E+00,
12:51:35.15263500, 2.3333E-01, 4.1333E-01, 2.6667E+00,
12:51:35.15263505, 3.0000E-01, 3.8667E-01, 2.6667E+00,
12:51:35.15263510, 2.0000E-01, 4.1333E-01, 3.0000E+00,
12:51:35.15263515, 2.0000E-01, 4.2667E-01, 2.6667E+00,
12:51:35.15263520, 2.0000E-01, 4.0000E-01, 1.6667E+00,
12:51:35.15263525, 2.0000E-01, 4.1333E-01, 2.3333E+00,
12:51:35.15263530, 2.0000E-01, 4.2667E-01, 2.6667E+00,
12:51:35.15263535, 1.6667E-01, 4.1333E-01, 3.3333E+00,
12:51:35.15263540, 2.3333E-01, 3.8667E-01, 2.3333E+00,
12:51:35.15263545, 2.3333E-01, 3.8667E-01, 2.6667E+00,
12:51:35.15263550, 2.3333E-01, 3.8667E-01, 2.3333E+00,
12:51:35.15263555, 2.0000E-01, 3.8667E-01, 3.0000E+00,
12:51:35.15263560, 2.3333E-01, 4.1333E-01, 2.0000E+00,
12:51:35.15263565, 2.0000E-01, 4.0000E-01, 2.6667E+00,
12:51:35.15263570, 2.6667E-01, 4.0000E-01, 2.3333E+00,
12:51:35.15263575, 2.0000E-01, 4.2667E-01, 2.3333E+00,
12:51:35.15263580, 2.0000E-01, 4.2667E-01, 2.3333E+00,
12:51:35.15263585, 2.0000E-01, 3.8667E-01, 2.6667E+00,
12:51:35.15263590, 1.6667E-01, 4.1333E-01, 2.6667E+00,
12:51:35.15263595, 2.3333E-01, 4.4000E-01, 1.6667E+00,
12:51:35.15263600, 2.0000E-01, 4.0000E-01, 1.6667E+00,
12:51:35.15263605, 1.6667E-01, 4.1333E-01, 2.0000E+00,
12:51:35.15263610, 2.0000E-01, 4.4000E-01, 2.0000E+00,
12:51:35.15263615, 2.3333E-01, 4.4000E-01, 2.3333E+00,
12:51:35.15263620, 2.3333E-01, 4.4000E-01, 2.0000E+00,
12:51:35.15263625, 2.0000E-01, 4.4000E-01, 2.3333E+00,
12:51:35.15263630, 2.0000E-01, 4.1333E-01, 1.6667E+00,
12:51:35.15263635, 2.3333E-01, 4.1333E-01, 2.0000E+00,
12:51:35.15263640, 2.0000E-01, 4.2667E-01, 2.3333E+00,
12:51:35.15263645, 2.3333E-01, 4.4000E-01, 2.6667E+00,
12:51:35.15263650, 2.3333E-01, 4.8000E-01, 2.3333E+00,
12:51:35.15263655, 1.6667E-01, 4.2667E-01, 2.0000E+00,
12:51:35.15263660, 2.6667E-01, 4.6667E-01, 2.3333E+00,
12:51:35.15263665, 2.0000E-01, 4.2667E-01, 1.6667E+00,
12:51:35.15263670, 2.0000E-01, 4.4000E-01, 2.0000E+00,
12:51:35.15263675, 2.0000E-01, 4.2667E-01, 1.6667E+00,
12:51:35.15263680, 2.0000E-01, 4.1333E-01, 2.3333E+00,
12:51:35.15263685, 2.3333E-01, 4.1333E-01, 2.3333E+00,
12:51:35.15263690, 2.0000E-01, 4.2667E-01, 1.6667E+00,
12:51:35.15263695, 2.0000E-01, 4.6667E-01, 2.0000E+00,
12:51:35.15263700, 2.0000E-01, 4.5333E-01, 2.3333E+00,
12:51:35.15263705, 2.3333E-01, 4.5333E-01, 2.0000E+00,
12:51:35.15263710, 2.0000E-01, 4.5333E-01, 1.6667E+00,
12:51:35.15263715, 2.6667E-01, 4.4000E-01, 2.3333E+00,
12:51:35.15263720, 2.0000E-01, 4.6667E-01, 2.6667E+00,
12:51:35.15263725, 2.0000E-01, 4.4000E-01, 1.6667E+00,
12:51:35.15263730, 2.0000E-01, 4.5333E-01, 2.3333E+00,
12:51:35.15263735, 2.3333E-01, 4.8000E-01, 1.6667E+00,
12:51:35.15263740, 2.0000E-01, 4.1333E-01, 1.6667E+00,
12:51:35.15263745, 2.0000E-01, 4.4000E-01, 1.6667E+00,
12:51:35.15263750, 2.0000E-01, 4.5333E-01, 1.6667E+00,
12:51:35.15263755, 2.6667E-01, 4.6667E-01, 3.0000E+00,
12:51:35.15263760, 2.3333E-01, 4.5333E-01, 1.6667E+00,
12:51:35.15263765, 1.6667E-01, 4.4000E-01, 1.6667E+00,
12:51:35.15263770, 2.0000E-01, 4.6667E-01, 1.6667E+00,
12:51:35.15263775, 2.0000E-01, 4.4000E-01, 2.0000E+00,
12:51:35.15263780, 2.0000E-01, 4.5333E-01, 2.0000E+00,
12:51:35.15263785, 2.0000E-01, 4.2667E-01, 2.0000E+00,
12:51:35.15263790, 2.0000E-01, 4.8000E-01, 1.3333E+00,
12:51:35.15263795, 2.3333E-01, 4.5333E-01, 1.3333E+00,
12:51:35.15263800, 2.0000E-01, 4.5333E-01, 1.6667E+00,
12:51:35.15263805, 2.0000E-01, 4.8000E-01, 1.6667E+00,
12:51:35.15263810, 1.6667E-01, 4.6667E-01, 1.3333E+00,
12:51:35.15263815, 2.0000E-01, 4.4000E-01, 1.6667E+00,
12:51:35.15263820, 2.0000E-01, 4.6667E-01, 1.6667E+00,
12:51:35.15263825, 2.0000E-01, 4.8000E-01, 1.3333E+00,
12:51:35.15263830, 2.3333E-01, 4.8000E-01, 1.6667E+00,
12:51:35.15263835, 2.3333E-01, 4.5333E-01, 1.6667E+00,
12:51:35.15263840, 2.0000E-01, 4.8000E-01, 2.0000E+00,
12:51:35.15263845, 2.0000E-01, 4.5333E-01, 1.6667E+00,
12:51:35.15263850, 2.0000E-01, 4.8000E-01, 2.3333E+00,
12:51:35.15263855, 2.0000E-01, 4.6667E-01, 1.6667E+00,
12:51:35.15263860, 2.0000E-01, 4.6667E-01, 1.6667E+00,
12:51:35.15263865, 1.3333E-01, 4.8000E-01, 1.6667E+00,
12:51:35.15263870, 1.3333E-01, 4.8000E-01, 1.3333E+00,
12:51:35.15263875, 2.0000E-01, 4.6667E-01, 1.3333E+00,
12:51:35.15263880, 2.0000E-01, 4.6667E-01, 1.6667E+00,
12:51:35.15263885, 2.0000E-01, 4.6667E-01, 1.3333E+00,
12:51:35.15263890, 2.0000E-01, 4.6667E-01, 1.0000E+00,
12:51:35.15263895, 2.6667E-01, 4.6667E-01, 1.6667E+00,
12:51:35.15263900, 2.0000E-01, 4.8000E-01, 1.6667E+00,
12:51:35.15263905, 2.0000E-01, 4.8000E-01, 1.6667E+00,
12:51:35.15263910, 1.6667E-01, 4.8000E-01, 6.6667E-01,
12:51:35.15263915, 2.3333E-01, 4.8000E-01, 1.6667E+00,
12:51:35.15263920, 2.0000E-01, 4.8000E-01, 1.0000E+00,
12:51:35.15263925, 2.0000E-01, 4.5333E-01, 1.0000E+00,
12:51:35.15263930, 2.0000E-01, 4.5333E-01, 1.3333E+00,
12:51:35.15263935, 2.3333E-01, 4.6667E-01, 1.3333E+00,
12:51:35.15263940, 2.0000E-01, 4.8000E-01, 1.3333E+00,
12:51:35.15263945, 3.0000E-01, 4.6667E-01, 1.0000E+00,
12:51:35.15263950, 2.0000E-01, 4.9333E-01, 3.3333E-01,
12:51:35.15263955, 2.3333E-01, 4.8000E-01, 1.3333E+00,
12:51:35.15263960, 1.6667E-01, 4.8000E-01, 1.0000E+00,
12:51:35.15263965, 2.0000E-01, 4.8000E-01, 1.3333E+00,
12:51:35.15263970, 2.3333E-01, 4.5333E-01, 6.6667E-01,
12:51:35.15263975, 2.0000E-01, 4.5333E-01, 6.6667E-01,
12:51:35.15263980, 1.6667E-01, 4.8000E-01, 1.0000E+00,
12:51:35.15263985, 1.6667E-01, 4.4000E-01, 6.6667E-01,
12:51:35.15263990, 2.0000E-01, 4.8000E-01, 3.3333E-01,
12:51:35.15263995, 2.0000E-01, 4.6667E-01, 1.3333E+00,
12:51:35.15264000, 2.0000E-01, 4.5333E-01, 3.3333E-01,
12:51:35.15264005, 2.0000E-01, 4.5333E-01, 3.3333E-01,
12:51:35.15264010, 1.6667E-01, 4.8000E-01, 1.0000E+00,
12:51:35.15264015, 2.0000E-01, 4.6667E-01, 3.3333E-01,
12:51:35.15264020, 2.0000E-01, 4.8000E-01, 1.0000E+00,
12:51:35.15264025, 2.0000E-01, 4.6667E-01, 1.3333E+00,
12:51:35.15264030, 2.0000E-01, 4.8000E-01, 1.6667E+00,
12:51:35.15264035, 2.0000E-01, 4.8000E-01, 1.0000E+00,
12:51:35.15264040, 2.6667E-01, 4.6667E-01, 0.0000E+00,
12:51:35.15264045, 2.3333E-01, 4.6667E-01, 6.6667E-01,
12:51:35.15264050, 2.0000E-01, 4.6667E-01, 1.0000E+00,
12:51:35.15264055, 2.0000E-01, 4.8000E-01, 1.3333E+00,
12:51:35.15264060, 1.6667E-01, 4.6667E-01, 3.3333E-01,
12:51:35.15264065, 1.6667E-01, 4.8000E-01, 3.3333E-01,
12:51:35.15264070, 2.0000E-01, 4.5333E-01, 6.6667E-01,
12:51:35.15264075, 2.0000E-01, 4.9333E-01, 0.0000E+00,
12:51:35.15264080, 2.0000E-01, 4.9333E-01, 6.6667E-01,
12:51:35.15264085, 2.0000E-01, 4.9333E-01, 0.0000E+00,
12:51:35.15264090, 2.0000E-01, 4.5333E-01, 6.6667E-01,
12:51:35.15264095, 2.0000E-01, 4.8000E-01, 3.3333E-01,
12:51:35.15264100, 2.0000E-01, 5.0667E-01, 6.6667E-01,
12:51:35.15264105, 1.6667E-01, 4.9333E-01, 1.0000E+00,
12:51:35.15264110, 1.3333E-01, 4.8000E-01,-6.6667E-01,
12:51:35.15264115, 2.0000E-01, 4.8000E-01, 3.3333E-01,
12:51:35.15264120, 1.6667E-01, 4.6667E-01, 3.3333E-01,
12:51:35.15264125, 2.0000E-01, 4.8000E-01, 6.6667E-01,
12:51:35.15264130, 2.0000E-01, 4.8000E-01, 1.0000E+00,
12:51:35.15264135, 2.0000E-01, 4.5333E-01, 3.3333E-01,
12:51:35.15264140, 1.6667E-01, 4.6667E-01, 6.6667E-01,
12:51:35.15264145, 1.6667E-01, 4.6667E-01, 3.3333E-01,
12:51:35.15264150, 2.0000E-01, 4.8000E-01, 3.3333E-01,
12:51:35.15264155, 2.0000E-01, 4.6667E-01, 3.3333E-01,
12:51:35.15264160, 2.0000E-01, 4.8000E-01, 6.6667E-01,
12:51:35.15264165, 2.0000E-01, 4.6667E-01, 6.6667E-01,
12:51:35.15264170, 2.3333E-01, 4.6667E-01, 0.0000E+00,
12:51:35.15264175, 2.0000E-01, 4.8000E-01,-3.3333E-01,
12:51:35.15264180, 2.0000E-01, 4.5333E-01,-3.3333E-01,
12:51:35.15264185, 2.0000E-01, 4.9333E-01, 0.0000E+00,
12:51:35.15264190, 2.0000E-01, 4.8000E-01,-3.3333E-01,
12:51:35.15264195, 2.0000E-01, 4.6667E-01, 0.0000E+00,
12:51:35.15264200, 2.0000E-01, 4.8000E-01, 3.3333E-01,
12:51:35.15264205, 1.3333E-01, 4.5333E-01, 3.3333E-01,
12:51:35.15264210, 2.0000E-01, 4.8000E-01,-3.3333E-01,
12:51:35.15264215, 1.6667E-01, 4.8000E-01,-3.3333E-01,
12:51:35.15264220, 2.0000E-01, 4.6667E-01,-1.0000E+00,
12:51:35.15264225, 2.3333E-01, 4.8000E-01, 0.0000E+00,
12:51:35.15264230, 2.0000E-01, 4.8000E-01,-6.6667E-01,
12:51:35.15264235, 2.0000E-01, 4.5333E-01, 0.0000E+00,
12:51:35.15264240, 1.6667E-01, 4.6667E-01,-6.6667E-01,
12:51:35.15264245, 1.6667E-01, 4.5333E-01, 0.0000E+00,
12:51:35.15264250, 2.0000E-01, 4.6667E-01,-1.0000E+00,
12:51:35.15264255, 1.3333E-01, 4.4000E-01, 0.0000E+00,
12:51:35.15264260, 1.3333E-01, 4.4000E-01,-3.3333E-01,
12:51:35.15264265, 2.0000E-01, 4.6667E-01, 0.0000E+00,
12:51:35.15264270, 2.0000E-01, 4.6667E-01,-3.3333E-01,
12:51:35.15264275, 2.0000E-01, 4.6667E-01, 0.0000E+00,
12:51:35.15264280, 2.0000E-01, 4.5333E-01, 0.0000E+00,
12:51:35.15264285, 1.3333E-01, 4.6667E-01,-6.6667E-01,
12:51:35.15264290, 2.0000E-01, 4.5333E-01,-6.6667E-01,
12:51:35.15264295, 1.6667E-01, 4.6667E-01, 0.0000E+00,
12:51:35.15264300, 1.6667E-01, 4.8000E-01,-6.6667E-01,
12:51:35.15264305, 2.0000E-01, 4.8000E-01,-6.6667E-01,
12:51:35.15264310, 1.3333E-01, 4.8000E-01, 0.0000E+00,
12:51:35.15264315, 2.0000E-01, 4.5333E-01,-1.0000E+00,
12:51:35.15264320, 2.6667E-01, 4.8000E-01,-6.6667E-01,
12:51:35.15264325, 2.0000E-01, 4.4000E-01,-6.6667E-01,
12:51:35.15264330, 2.0000E-01, 4.4000E-01,-3.3333E-01,
12:51:35.15264335, 2.0000E-01, 4.4000E-01,-3.3333E-01,
12:51:35.15264340, 2.0000E-01, 4.5333E-01,-3.3333E-01,
12:51:35.15264345, 2.0000E-01, 4.2667E-01, 3.3333E-01,
12:51:35.15264350, 1.6667E-01, 4.5333E-01,-3.3333E-01,
12:51:35.15264355, 2.0000E-01, 4.5333E-01,-3.3333E-01,
12:51:35.15264360, 2.0000E-01, 4.4000E-01,-3.3333E-01,
12:51:35.15264365, 2.0000E-01, 4.4000E-01,-1.3333E+00,
12:51:35.15264370, 2.3333E-01, 4.2667E-01,-6.6667E-01,
12:51:35.15264375, 1.3333E-01, 4.6667E-01,-1.0000E+00,
12:51:35.15264380, 1.6667E-01, 4.2667E-01,-6.6667E-01,
12:51:35.15264385, 1.6667E-01, 4.2667E-01,-6.6667E-01,
12:51:35.15264390, 2.0000E-01, 4.2667E-01,-6.6667E-01,
12:51:35.15264395, 2.0000E-01, 4.4000E-01,-6.6667E-01,
12:51:35.15264400, 2.0000E-01, 4.2667E-01,-1.0000E+00,
12:51:35.15264405, 2.0000E-01, 4.4000E-01,-6.6667E-01,
12:51:35.15264410, 1.6667E-01, 4.6667E-01,-6.6667E-01,
12:51:35.15264415, 2.0000E-01, 4.4000E-01,-6.6667E-01,
12:51:35.15264420, 1.6667E-01, 4.5333E-01,-1.3333E+00,
12:51:35.15264425, 2.0000E-01, 4.2667E-01,-1.0000E+00,
12:51:35.15264430, 2.0000E-01, 4.4000E-01,-6.6667E-01,
12:51:35.15264435, 2.0000E-01, 4.2667E-01,-1.3333E+00,
12:51:35.15264440, 1.3333E-01, 4.0000E-01,-1.0000E+00,
12:51:35.15264445, 2.0000E-01, 4.1333E-01,-1.0000E+00,
12:51:35.15264450, 2.0000E-01, 4.4000E-01,-6.6667E-01,
12:51:35.15264455, 2.0000E-01, 4.6667E-01,-3.3333E-01,
12:51:35.15264460, 1.6667E-01, 4.5333E-01,-1.0000E+00,
12:51:35.15264465, 2.0000E-01, 4.4000E-01,-1.3333E+00,
12:51:35.15264470, 2.0000E-01, 4.2667E-01,-1.0000E+00,
12:51:35.15264475, 2.0000E-01, 4.2667E-01,-1.3333E+00,
12:51:35.15264480, 2.3333E-01, 4.4000E-01,-1.6667E+00,
12:51:35.15264485, 1.0000E-01, 4.1333E-01,-1.0000E+00,
12:51:35.15264490, 1.3333E-01, 4.4000E-01,-1.3333E+00,
12:51:35.15264495, 2.0000E-01, 4.5333E-01,-1.3333E+00,
12:51:35.15264500, 2.0000E-01, 4.1333E-01,-1.3333E+00,
12:51:35.15264505, 2.0000E-01, 4.2667E-01,-1.0000E+00,
12:51:35.15264510, 1.6667E-01, 4.2667E-01,-1.6667E+00,
12:51:35.15264515, 2.0000E-01, 4.1333E-01,-3.3333E-01,
12:51:35.15264520, 1.6667E-01, 4.2667E-01,-3.3333E-01,
12:51:35.15264525, 1.3333E-01, 4.1333E-01,-6.6667E-01,
12:51:35.15264530, 1.6667E-01, 4.1333E-01,-1.0000E+00,
12:51:35.15264535, 1.0000E-01, 3.8667E-01,-1.0000E+00,
12:51:35.15264540, 2.0000E-01, 4.1333E-01,-1.0000E+00,
12:51:35.15264545, 1.6667E-01, 4.4000E-01,-1.6667E+00,
12:51:35.15264550, 2.0000E-01, 4.4000E-01,-1.6667E+00,
12:51:35.15264555, 2.0000E-01, 4.2667E-01,-1.3333E+00,
12:51:35.15264560, 1.0000E-01, 4.0000E-01,-1.0000E+00,
12:51:35.15264565, 2.0000E-01, 4.2667E-01,-1.3333E+00,
12:51:35.15264570, 1.3333E-01, 4.2667E-01,-1.6667E+00,
12:51:35.15264575, 2.3333E-01, 3.8667E-01,-2.0000E+00,
12:51:35.15264580, 1.6667E-01, 4.1333E-01,-1.0000E+00,
12:51:35.15264585, 1.6667E-01, 4.0000E-01,-1.6667E+00,
12:51:35.15264590, 1.6667E-01, 4.2667E-01,-1.0000E+00,
12:51:35.15264595, 2.0000E-01, 3.7333E-01,-1.6667E+00,
12:51:35.15264600, 1.0000E-01, 3.8667E-01,-1.6667E+00,
12:51:35.15264605, 2.0000E-01, 4.1333E-01,-1.3333E+00,
12:51:35.15264610, 1.3333E-01, 4.2667E-01,-1.0000E+00,
12:51:35.15264615, 1.6667E-01, 4.0000E-01,-6.6667E-01,
12:51:35.15264620, 1.6667E-01, 4.1333E-01,-1.6667E+00,
12:51:35.15264625, 2.0000E-01, 3.8667E-01,-1.3333E+00,
12:51:35.15264630, 1.6667E-01, 4.0000E-01,-1.3333E+00,
12:51:35.15264635, 1.0000E-01, 4.0000E-01,-1.3333E+00,
12:51:35.15264640, 1.6667E-01, 3.7333E-01,-1.6667E+00,
12:51:35.15264645, 1.6667E-01, 4.0000E-01,-1.6667E+00,
12:51:35.15264650, 1.3333E-01, 4.0000E-01,-1.0000E+00,
12:51:35.15264655, 2.0000E-01, 3.8667E-01,-1.0000E+00,
12:51:35.15264660, 1.3333E-01, 4.2667E-01,-1.6667E+00,
12:51:35.15264665, 2.0000E-01, 4.1333E-01,-1.6667E+00,
12:51:35.15264670, 2.0000E-01, 3.8667E-01,-1.3333E+00,
12:51:35.15264675, 6.6667E-02, 3.7333E-01,-1.3333E+00,
12:51:35.15264680, 1.6667E-01, 4.1333E-01,-1.3333E+00,
12:51:35.15264685, 1.6667E-01, 3.7333E-01,-1.3333E+00,
12:51:35.15264690, 1.0000E-01, 4.1333E-01,-1.6667E+00,
12:51:35.15264695, 2.0000E-01, 4.1333E-01,-1.3333E+00,
12:51:35.15264700, 1.6667E-01, 4.2667E-01,-1.6667E+00,
12:51:35.15264705, 1.6667E-01, 4.0000E-01,-1.3333E+00,
12:51:35.15264710, 1.6667E-01, 3.8667E-01,-2.0000E+00,
12:51:35.15264715, 1.6667E-01, 4.0000E-01,-1.0000E+00,
12:51:35.15264720, 1.0000E-01, 4.0000E-01,-1.3333E+00,
12:51:35.15264725, 1.3333E-01, 4.0000E-01,-1.6667E+00,
12:51:35.15264730, 2.0000E-01, 3.7333E-01,-1.3333E+00,
12:51:35.15264735, 1.3333E-01, 3.6000E-01,-1.6667E+00,
12:51:35.15264740, 2.0000E-01, 3.8667E-01,-1.6667E+00,
12:51:35.15264745, 1.6667E-01, 4.0000E-01,-1.6667E+00,
12:51:35.15264750, 1.0000E-01, 3.6000E-01,-1.6667E+00,
12:51:35.15264755, 1.6667E-01, 3.8667E-01,-1.6667E+00,
12:51:35.15264760, 2.0000E-01, 3.4667E-01,-1.3333E+00,
12:51:35.15264765, 1.3333E-01, 3.7333E-01,-6.6667E-01,
12:51:35.15264770, 1.6667E-01, 3.6000E-01,-3.3333E-01,
12:51:35.15264775, 1.0000E-01, 3.6000E-01,-1.6667E+00,
12:51:35.15264780, 6.6667E-02, 3.6000E-01,-1.6667E+00,
12:51:35.15264785, 1.6667E-01, 3.4667E-01,-6.6667E-01,
12:51:35.15264790, 1.6667E-01, 3.4667E-01,-1.3333E+00,
12:51:35.15264795, 2.0000E-01, 3.8667E-01,-1.3333E+00,
12:51:35.15264800, 6.6667E-02, 3.7333E-01,-1.3333E+00,
12:51:35.15264805, 1.6667E-01, 3.7333E-01,-1.6667E+00,
12:51:35.15264810, 6.6667E-02, 3.6000E-01,-1.3333E+00,
12:51:35.15264815, 1.0000E-01, 3.4667E-01,-1.3333E+00,
12:51:35.15264820, 1.6667E-01, 3.4667E-01,-2.0000E+00,
12:51:35.15264825, 1.6667E-01, 3.6000E-01,-2.0000E+00,
12:51:35.15264830, 1.6667E-01, 3.4667E-01,-1.6667E+00,
12:51:35.15264835, 1.0000E-01, 3.7333E-01,-1.6667E+00,
12:51:35.15264840, 1.6667E-01, 3.4667E-01,-1.0000E+00,
12:51:35.15264845, 1.3333E-01, 3.4667E-01,-1.6667E+00,
12:51:35.15264850, 1.3333E-01, 3.6000E-01,-1.6667E+00,
12:51:35.15264855, 2.3333E-01, 3.6000E-01,-1.3333E+00,
12:51:35.15264860, 1.0000E-01, 3.4667E-01,-1.6667E+00,
12:51:35.15264865, 1.6667E-01, 3.6000E-01,-1.6667E+00,
12:51:35.15264870, 1.3333E-01, 3.6000E-01,-2.0000E+00,
12:51:35.15264875, 6.6667E-02, 3.6000E-01,-1.3333E+00,
12:51:35.15264880, 1.3333E-01, 3.4667E-01,-1.6667E+00,
12:51:35.15264885, 6.6667E-02, 3.4667E-01,-1.6667E+00,
12:51:35.15264890, 1.0000E-01, 3.6000E-01,-1.6667E+00,
12:51:35.15264895, 1.0000E-01, 3.4667E-01,-1.3333E+00,
12:51:35.15264900, 1.6667E-01, 3.3333E-01,-1.3333E+00,
12:51:35.15264905, 3.3333E-02, 3.6000E-01,-2.0000E+00,
12:51:35.15264910, 1.0000E-01, 3.7333E-01,-1.3333E+00,
12:51:35.15264915, 1.3333E-01, 3.6000E-01,-1.6667E+00,
12:51:35.15264920, 1.3333E-01, 3.6000E-01,-1.6667E+00,
12:51:35.15264925, 1.3333E-01, 3.7333E-01,-1.6667E+00,
12:51:35.15264930, 1.3333E-01, 3.4667E-01,-2.0000E+00,
12:51:35.15264935, 1.3333E-01, 3.3333E-01,-1.6667E+00,
12:51:35.15264940, 1.3333E-01, 3.4667E-01,-1.6667E+00,
12:51:35.15264945, 1.3333E-01, 3.6000E-01,-1.6667E+00,
12:51:35.15264950, 1.6667E-01, 3.4667E-01,-1.6667E+00,
12:51:35.15264955, 2.0000E-01, 3.2000E-01,-1.6667E+00,
12:51:35.15264960, 1.0000E-01, 3.4667E-01,-6.6667E-01,
12:51:35.15264965, 1.3333E-01, 3.6000E-01,-1.0000E+00,
12:51:35.15264970, 1.0000E-01, 3.3333E-01,-1.3333E+00,
12:51:35.15264975, 1.0000E-01, 2.9333E-01,-1.6667E+00,
12:51:35.15264980, 1.0000E-01, 3.3333E-01,-1.3333E+00,
12:51:35.15264985, 1.6667E-01, 3.4667E-01,-1.6667E+00,
12:51:35.15264990, 1.0000E-01, 3.2000E-01,-1.6667E+00,
12:51:35.15264995, 1.6667E-01, 3.4667E-01,-1.6667E+00,
12:51:35.15265000, 1.0000E-01, 3.2000E-01,-1.3333E+00,
12:51:35.15265005, 1.0000E-01, 3.0667E-01,-1.6667E+00,
12:51:35.15265010, 2.0000E-01, 3.0667E-01,-1.6667E+00,
12:51:35.15265015, 1.3333E-01, 3.0667E-01,-1.6667E+00,
12:51:35.15265020, 1.3333E-01, 3.0667E-01,-1.6667E+00,
12:51:35.15265025, 1.3333E-01, 3.3333E-01,-1.6667E+00,
12:51:35.15265030, 1.3333E-01, 3.3333E-01,-1.3333E+00,
12:51:35.15265035, 6.6667E-02, 3.7333E-01,-1.3333E+00,
12:51:35.15265040, 1.0000E-01, 3.2000E-01,-1.6667E+00,
12:51:35.15265045, 1.6667E-01, 3.3333E-01,-1.3333E+00,
12:51:35.15265050, 1.6667E-01, 3.3333E-01,-6.6667E-01,
12:51:35.15265055, 1.3333E-01, 3.2000E-01,-1.3333E+00,
12:51:35.15265060, 2.0000E-01, 2.9333E-01,-1.0000E+00,
12:51:35.15265065, 6.6667E-02, 3.3333E-01,-1.3333E+00,
12:51:35.15265070, 1.0000E-01, 3.4667E-01,-1.6667E+00,
12:51:35.15265075, 1.6667E-01, 3.2000E-01,-1.3333E+00,
12:51:35.15265080, 1.0000E-01, 3.2000E-01,-1.3333E+00,
12:51:35.15265085, 1.3333E-01, 3.2000E-01,-1.3333E+00,
12:51:35.15265090, 2.0000E-01, 3.3333E-01,-6.6667E-01,
12:51:35.15265095, 1.0000E-01, 2.8000E-01,-1.3333E+00,
12:51:35.15265100, 2.0000E-01, 3.2000E-01,-1.3333E+00,
12:51:35.15265105, 1.0000E-01, 2.9333E-01,-1.0000E+00,
12:51:35.15265110, 1.3333E-01, 3.2000E-01,-1.6667E+00,
12:51:35.15265115, 1.3333E-01, 3.2000E-01,-1.0000E+00,
12:51:35.15265120, 1.3333E-01, 3.0667E-01,-1.6667E+00,
12:51:35.15265125, 2.0000E-01, 3.0667E-01,-1.6667E+00,
12:51:35.15265130, 1.0000E-01, 3.2000E-01,-1.6667E+00,
12:51:35.15265135, 1.3333E-01, 2.8000E-01,-1.6667E+00,
12:51:35.15265140, 2.0000E-01, 3.2000E-01,-1.3333E+00,
12:51:35.15265145, 2.0000E-01, 3.0667E-01,-1.6667E+00,
12:51:35.15265150, 6.6667E-02, 3.2000E-01,-1.6667E+00,
12:51:35.15265155, 1.3333E-01, 3.2000E-01,-3.3333E-01,
12:51:35.15265160, 1.0000E-01, 3.2000E-01,-1.6667E+00,
12:51:35.15265165, 1.6667E-01, 3.2000E-01,-1.3333E+00,
12:51:35.15265170, 1.0000E-01, 3.2000E-01,-1.6667E+00,
12:51:35.15265175, 1.3333E-01, 3.0667E-01,-1.6667E+00,
12:51:35.15265180, 1.6667E-01, 3.0667E-01,-1.6667E+00,
12:51:35.15265185, 2.0000E-01, 3.3333E-01,-1.3333E+00,
12:51:35.15265190, 2.0000E-01, 3.0667E-01,-2.0000E+00,
12:51:35.15265195, 1.0000E-01, 3.0667E-01,-1.3333E+00,
12:51:35.15265200, 6.6667E-02, 3.2000E-01,-1.3333E+00,
12:51:35.15265205, 6.6667E-02, 3.2000E-01,-6.6667E-01,
12:51:35.15265210, 1.0000E-01, 2.9333E-01,-1.6667E+00,
12:51:35.15265215, 1.0000E-01, 3.2000E-01,-1.3333E+00,
12:51:35.15265220, 6.6667E-02, 3.0667E-01,-1.3333E+00,
12:51:35.15265225, 1.0000E-01, 3.0667E-01,-1.6667E+00,
12:51:35.15265230, 3.3333E-02, 3.0667E-01,-3.3333E-01,
12:51:35.15265235, 1.0000E-01, 3.3333E-01,-1.0000E+00,
12:51:35.15265240, 1.6667E-01, 3.2000E-01,-6.6667E-01,
12:51:35.15265245, 1.3333E-01, 2.8000E-01,-6.6667E-01,
12:51:35.15265250, 3.3333E-02, 2.9333E-01,-1.3333E+00,
12:51:35.15265255, 1.0000E-01, 3.0667E-01,-1.0000E+00,
12:51:35.15265260, 1.6667E-01, 2.9333E-01,-6.6667E-01,
12:51:35.15265265, 1.0000E-01, 3.2000E-01,-1.3333E+00,
12:51:35.15265270, 1.3333E-01, 2.8000E-01,-1.6667E+00,
12:51:35.15265275, 1.3333E-01, 2.9333E-01,-1.0000E+00,
12:51:35.15265280, 1.0000E-01, 3.0667E-01,-6.6667E-01,
12:51:35.15265285, 1.6667E-01, 3.0667E-01,-1.3333E+00,
12:51:35.15265290, 2.0000E-01, 2.8000E-01,-1.0000E+00,
12:51:35.15265295, 3.3333E-02, 3.2000E-01,-1.3333E+00,
12:51:35.15265300, 6.6667E-02, 2.8000E-01,-1.3333E+00,
12:51:35.15265305, 6.6667E-02, 3.0667E-01,-1.3333E+00,
12:51:35.15265310, 1.0000E-01, 3.0667E-01,-6.6667E-01,
12:51:35.15265315, 3.3333E-02, 2.9333E-01,-6.6667E-01,
12:51:35.15265320, 1.3333E-01, 2.9333E-01,-6.6667E-01,
12:51:35.15265325, 1.6667E-01, 2.8000E-01,-1.0000E+00,
12:51:35.15265330, 6.6667E-02, 3.0667E-01,-6.6667E-01,
12:51:35.15265335, 1.0000E-01, 3.0667E-01,-6.6667E-01,
12:51:35.15265340, 6.6667E-02, 2.9333E-01,-3.3333E-01,
12:51:35.15265345, 1.0000E-01, 2.8000E-01,-1.0000E+00,
12:51:35.15265350, 3.3333E-02, 2.8000E-01,-1.3333E+00,
12:51:35.15265355, 6.6667E-02, 3.0667E-01,-1.6667E+00,
12:51:35.15265360, 1.0000E-01, 3.2000E-01,-3.3333E-01,
12:51:35.15265365, 1.3333E-01, 3.0667E-01,-1.6667E+00,
12:51:35.15265370, 1.3333E-01, 2.9333E-01,-6.6667E-01,
12:51:35.15265375, 2.0000E-01, 2.9333E-01,-6.6667E-01,
12:51:35.15265380, 1.3333E-01, 2.2667E-01,-6.6667E-01,
12:51:35.15265385, 1.3333E-01, 2.8000E-01,-6.6667E-01,
12:51:35.15265390, 1.0000E-01, 2.8000E-01,-3.3333E-01,
12:51:35.15265395, 1.3333E-01, 2.9333E-01,-3.3333E-01,
12:51:35.15265400, 1.3333E-01, 3.0667E-01,-1.3333E+00,
12:51:35.15265405, 1.0000E-01, 2.6667E-01,-1.6667E+00,
12:51:35.15265410, 1.0000E-01, 2.9333E-01,-1.0000E+00,
12:51:35.15265415, 6.6667E-02, 2.9333E-01,-6.6667E-01,
12:51:35.15265420, 3.3333E-02, 2.6667E-01,-1.0000E+00,
12:51:35.15265425, 1.0000E-01, 2.6667E-01,-3.3333E-01,
12:51:35.15265430, 1.3333E-01, 2.6667E-01,-6.6667E-01,
12:51:35.15265435, 1.3333E-01, 2.8000E-01,-3.3333E-01,
12:51:35.15265440, 6.6667E-02, 2.5333E-01,-6.6667E-01,
12:51:35.15265445, 1.3333E-01, 2.9333E-01,-3.3333E-01,
12:51:35.15265450, 1.3333E-01, 2.9333E-01, 0.0000E+00,
12:51:35.15265455, 3.3333E-02, 2.6667E-01,-6.6667E-01,
12:51:35.15265460, 1.0000E-01, 2.6667E-01,-1.3333E+00,
12:51:35.15265465, 1.0000E-01, 2.8000E-01,-1.3333E+00,
12:51:35.15265470, 1.3333E-01, 2.9333E-01,-3.3333E-01,
12:51:35.15265475, 1.0000E-01, 2.8000E-01,-3.3333E-01,
12:51:35.15265480, 1.0000E-01, 2.9333E-01,-6.6667E-01,
12:51:35.15265485, 6.6667E-02, 2.8000E-01, 0.0000E+00,
12:51:35.15265490, 3.3333E-02, 2.6667E-01, 0.0000E+00,
12:51:35.15265495, 3.3333E-02, 2.5333E-01,-6.6667E-01,
12:51:35.15265500, 1.3333E-01, 2.6667E-01,-3.3333E-01,
12:51:35.15265505, 1.6667E-01, 2.8000E-01,-6.6667E-01,
12:51:35.15265510, 1.0000E-01, 2.5333E-01,-1.3333E+00,
12:51:35.15265515, 1.0000E-01, 2.8000E-01,-3.3333E-01,
12:51:35.15265520, 1.0000E-01, 2.6667E-01, 3.3333E-01,
12:51:35.15265525, 1.3333E-01, 2.5333E-01,-1.0000E+00,
12:51:35.15265530, 1.0000E-01, 2.8000E-01,-6.6667E-01,
12:51:35.15265535, 6.6667E-02, 3.0667E-01,-6.6667E-01,
12:51:35.15265540, 6.6667E-02, 3.0667E-01,-6.6667E-01,
12:51:35.15265545, 6.6667E-02, 3.0667E-01,-6.6667E-01,
12:51:35.15265550, 1.3333E-01, 3.0667E-01,-3.3333E-01,
12:51:35.15265555, 1.3333E-01, 2.9333E-01, 0.0000E+00,
12:51:35.15265560, 6.6667E-02, 2.8000E-01,-3.3333E-01,
12:51:35.15265565, 1.3333E-01, 2.9333E-01, 0.0000E+00,
12:51:35.15265570, 6.6667E-02, 2.4000E-01,-6.6667E-01,
12:51:35.15265575, 1.0000E-01, 2.5333E-01, 0.0000E+00,
12:51:35.15265580, 1.0000E-01, 2.6667E-01, 3.3333E-01,
12:51:35.15265585, 1.6667E-01, 2.8000E-01, 0.0000E+00,
12:51:35.15265590, 6.6667E-02, 2.8000E-01,-3.3333E-01,
12:51:35.15265595, 1.0000E-01, 2.6667E-01, 3.3333E-01,
12:51:35.15265600, 1.3333E-01, 2.8000E-01,-3.3333E-01,
12:51:35.15265605, 1.0000E-01, 2.8000E-01,-1.0000E+00,
12:51:35.15265610, 1.0000E-01, 2.6667E-01,-6.6667E-01,
12:51:35.15265615, 1.0000E-01, 2.8000E-01,-3.3333E-01,
12:51:35.15265620, 1.0000E-01, 2.9333E-01, 0.0000E+00,
12:51:35.15265625, 1.0000E-01, 2.4000E-01, 0.0000E+00,
12:51:35.15265630, 6.6667E-02, 2.6667E-01, 0.0000E+00,
12:51:35.15265635, 1.6667E-01, 2.6667E-01, 0.0000E+00,
12:51:35.15265640, 1.0000E-01, 2.9333E-01, 0.0000E+00,
12:51:35.15265645, 1.3333E-01, 2.8000E-01, 0.0000E+00,
12:51:35.15265650, 1.3333E-01, 2.5333E-01,-3.3333E-01,
12:51:35.15265655, 6.6667E-02, 2.9333E-01,-3.3333E-01,
12:51:35.15265660, 1.3333E-01, 2.8000E-01,-3.3333E-01,
12:51:35.15265665, 1.3333E-01, 2.5333E-01, 0.0000E+00,
12:51:35.15265670, 1.6667E-01, 2.4000E-01, 6.6667E-01,
12:51:35.15265675, 1.0000E-01, 2.6667E-01,-3.3333E-01,
12:51:35.15265680, 1.0000E-01, 2.8000E-01, 0.0000E+00,
12:51:35.15265685, 3.3333E-02, 3.0667E-01,-3.3333E-01,
12:51:35.15265690, 6.6667E-02, 2.6667E-01, 0.0000E+00,
12:51:35.15265695, 1.6667E-01, 3.0667E-01, 0.0000E+00,
12:51:35.15265700, 1.0000E-01, 2.8000E-01,-3.3333E-01,
12:51:35.15265705, 1.3333E-01, 2.6667E-01, 0.0000E+00,
12:51:35.15265710, 1.0000E-01, 2.9333E-01,-6.6667E-01,
12:51:35.15265715, 1.0000E-01, 2.6667E-01, 6.6667E-01,
12:51:35.15265720, 6.6667E-02, 2.5333E-01,-3.3333E-01,
12:51:35.15265725, 1.0000E-01, 3.0667E-01,-3.3333E-01,
12:51:35.15265730, 3.3333E-02, 2.8000E-01, 1.0000E+00,
12:51:35.15265735, 1.0000E-01, 2.6667E-01, 6.6667E-01,
12:51:35.15265740, 1.0000E-01, 2.8000E-01, 3.3333E-01,
12:51:35.15265745, 1.3333E-01, 2.9333E-01, 6.6667E-01,
12:51:35.15265750, 1.0000E-01, 2.6667E-01, 6.6667E-01,
12:51:35.15265755, 1.3333E-01, 2.6667E-01, 3.3333E-01,
12:51:35.15265760, 1.6667E-01, 2.6667E-01, 6.6667E-01,
12:51:35.15265765, 1.0000E-01, 2.5333E-01, 0.0000E+00,
12:51:35.15265770, 1.6667E-01, 2.9333E-01, 3.3333E-01,
12:51:35.15265775, 3.3333E-02, 2.9333E-01, 3.3333E-01,
12:51:35.15265780, 1.0000E-01, 2.9333E-01,-3.3333E-01,
12:51:35.15265785, 1.0000E-01, 3.0667E-01, 1.0000E+00,
12:51:35.15265790, 6.6667E-02, 2.8000E-01, 6.6667E-01,
12:51:35.15265795, 1.3333E-01, 2.9333E-01, 0.0000E+00,
12:51:35.15265800, 6.6667E-02, 2.4000E-01, 3.3333E-01,
12:51:35.15265805, 1.0000E-01, 2.6667E-01, 0.0000E+00,
12:51:35.15265810, 1.0000E-01, 2.9333E-01, 0.0000E+00,
12:51:35.15265815, 6.6667E-02, 2.9333E-01, 6.6667E-01,
12:51:35.15265820, 6.6667E-02, 2.6667E-01, 3.3333E-01,
12:51:35.15265825, 1.0000E-01, 2.9333E-01, 0.0000E+00,
12:51:35.15265830, 1.3333E-01, 2.8000E-01, 3.3333E-01,
12:51:35.15265835, 3.3333E-02, 2.5333E-01, 3.3333E-01,
12:51:35.15265840, 1.3333E-01, 2.9333E-01, 3.3333E-01,
12:51:35.15265845, 0.0000E+00, 2.9333E-01, 3.3333E-01,
12:51:35.15265850, 1.3333E-01, 2.5333E-01, 3.3333E-01,
12:51:35.15265855, 1.3333E-01, 2.6667E-01, 6.6667E-01,
12:51:35.15265860, 6.6667E-02, 2.6667E-01, 6.6667E-01,
12:51:35.15265865, 1.0000E-01, 2.6667E-01, 3.3333E-01,
12:51:35.15265870, 1.0000E-01, 3.2000E-01, 6.6667E-01,
12:51:35.15265875, 3.3333E-02, 3.0667E-01, 1.0000E+00,
12:51:35.15265880, 1.0000E-01, 3.0667E-01, 6.6667E-01,
12:51:35.15265885, 6.6667E-02, 3.2000E-01, 1.3333E+00,
12:51:35.15265890, 2.0000E-01, 2.6667E-01, 0.0000E+00,
12:51:35.15265895, 6.6667E-02, 2.5333E-01, 3.3333E-01,
12:51:35.15265900, 1.0000E-01, 3.0667E-01, 3.3333E-01,
12:51:35.15265905, 1.0000E-01, 2.8000E-01, 1.0000E+00,
12:51:35.15265910, 1.6667E-01, 3.0667E-01, 1.3333E+00,
12:51:35.15265915, 1.3333E-01, 2.6667E-01, 3.3333E-01,
12:51:35.15265920, 1.3333E-01, 2.8000E-01, 0.0000E+00,
12:51:35.15265925, 1.3333E-01, 2.8000E-01, 0.0000E+00,
12:51:35.15265930, 1.0000E-01, 2.9333E-01, 1.0000E+00,
12:51:35.15265935, 1.6667E-01, 3.0667E-01, 1.0000E+00,
12:51:35.15265940, 2.0000E-01, 3.2000E-01, 6.6667E-01,
12:51:35.15265945, 1.6667E-01, 2.9333E-01, 6.6667E-01,
12:51:35.15265950, 1.3333E-01, 3.2000E-01, 0.0000E+00,
12:51:35.15265955, 1.3333E-01, 3.0667E-01, 6.6667E-01,
12:51:35.15265960, 1.3333E-01, 2.9333E-01, 1.3333E+00,
12:51:35.15265965, 6.6667E-02, 2.9333E-01, 6.6667E-01,
12:51:35.15265970, 3.3333E-02, 3.0667E-01, 1.0000E+00,
12:51:35.15265975, 1.0000E-01, 3.3333E-01, 3.3333E-01,
12:51:35.15265980, 1.3333E-01, 3.2000E-01, 1.0000E+00,
12:51:35.15265985, 1.3333E-01, 3.2000E-01, 3.3333E-01,
12:51:35.15265990, 6.6667E-02, 3.2000E-01, 1.0000E+00,
12:51:35.15265995, 1.0000E-01, 2.9333E-01, 1.0000E+00,
12:51:35.15266000, 1.0000E-01, 3.3333E-01, 1.3333E+00,
12:51:35.15266005, 1.0000E-01, 3.0667E-01, 3.3333E-01,
12:51:35.15266010, 1.3333E-01, 3.0667E-01, 1.3333E+00,
12:51:35.15266015, 6.6667E-02, 3.0667E-01, 6.6667E-01,
12:51:35.15266020, 6.6667E-02, 3.2000E-01, 1.3333E+00,
12:51:35.15266025, 1.0000E-01, 3.0667E-01, 1.3333E+00,
12:51:35.15266030, 6.6667E-02, 2.6667E-01, 1.0000E+00,
12:51:35.15266035, 1.6667E-01, 3.0667E-01, 1.3333E+00,
12:51:35.15266040, 1.6667E-01, 3.0667E-01, 3.3333E-01,
12:51:35.15266045, 1.3333E-01, 2.6667E-01, 6.6667E-01,
12:51:35.15266050, 1.6667E-01, 2.9333E-01, 3.3333E-01,
12:51:35.15266055, 2.0000E-01, 3.0667E-01, 1.3333E+00,
12:51:35.15266060, 1.0000E-01, 2.9333E-01, 6.6667E-01,
12:51:35.15266065, 3.3333E-02, 2.9333E-01, 3.3333E-01,
12:51:35.15266070, 6.6667E-02, 3.0667E-01, 6.6667E-01,
12:51:35.15266075, 1.3333E-01, 2.9333E-01, 1.0000E+00,
12:51:35.15266080, 1.0000E-01, 3.3333E-01, 1.0000E+00,
12:51:35.15266085, 1.3333E-01, 3.0667E-01, 6.6667E-01,
12:51:35.15266090, 6.6667E-02, 3.2000E-01, 1.3333E+00,
12:51:35.15266095, 1.6667E-01, 3.3333E-01, 6.6667E-01,
12:51:35.15266100, 1.0000E-01, 3.3333E-01, 0.0000E+00,
12:51:35.15266105, 1.3333E-01, 3.0667E-01, 6.6667E-01,
12:51:35.15266110, 2.0000E-01, 3.0667E-01, 6.6667E-01,
12:51:35.15266115, 1.0000E-01, 2.8000E-01, 1.0000E+00,
12:51:35.15266120, 6.6667E-02, 3.0667E-01, 6.6667E-01,
12:51:35.15266125, 1.0000E-01, 3.2000E-01, 6.6667E-01,
12:51:35.15266130, 1.0000E-01, 3.2000E-01, 1.0000E+00,
12:51:35.15266135, 1.6667E-01, 3.3333E-01, 6.6667E-01,
12:51:35.15266140, 1.0000E-01, 3.2000E-01, 1.3333E+00,
12:51:35.15266145, 1.3333E-01, 3.0667E-01, 1.6667E+00,
12:51:35.15266150, 1.0000E-01, 3.0667E-01, 1.0000E+00,
12:51:35.15266155, 1.0000E-01, 3.3333E-01, 0.0000E+00,
12:51:35.15266160, 1.0000E-01, 3.4667E-01, 3.3333E-01,
12:51:35.15266165, 6.6667E-02, 3.3333E-01, 1.0000E+00,
12:51:35.15266170, 1.0000E-01, 3.2000E-01, 1.3333E+00,
12:51:35.15266175, 1.3333E-01, 3.2000E-01, 1.6667E+00,
12:51:35.15266180, 1.0000E-01, 3.4667E-01, 1.0000E+00,
12:51:35.15266185, 1.0000E-01, 3.4667E-01, 1.3333E+00,
12:51:35.15266190, 1.6667E-01, 3.3333E-01, 1.3333E+00,
12:51:35.15266195, 1.3333E-01, 3.4667E-01, 6.6667E-01,
12:51:35.15266200, 1.0000E-01, 3.2000E-01, 1.3333E+00,
12:51:35.15266205, 1.3333E-01, 3.2000E-01, 6.6667E-01,
12:51:35.15266210, 1.0000E-01, 3.4667E-01, 1.3333E+00,
12:51:35.15266215, 6.6667E-02, 3.3333E-01, 1.3333E+00,
12:51:35.15266220, 1.0000E-01, 3.2000E-01, 1.0000E+00,
12:51:35.15266225, 1.6667E-01, 3.2000E-01, 1.3333E+00,
12:51:35.15266230, 1.0000E-01, 3.4667E-01, 1.3333E+00,
12:51:35.15266235, 1.3333E-01, 3.2000E-01, 1.3333E+00,
12:51:35.15266240, 1.3333E-01, 3.4667E-01, 6.6667E-01,
12:51:35.15266245, 6.6667E-02, 3.4667E-01, 1.3333E+00,
12:51:35.15266250, 1.3333E-01, 3.3333E-01, 6.6667E-01,
12:51:35.15266255, 1.0000E-01, 3.3333E-01, 6.6667E-01,
12:51:35.15266260, 3.3333E-02, 3.4667E-01, 1.6667E+00,
12:51:35.15266265, 6.6667E-02, 3.2000E-01, 1.0000E+00,
12:51:35.15266270, 6.6667E-02, 3.2000E-01, 1.6667E+00,
12:51:35.15266275, 6.6667E-02, 3.0667E-01, 1.0000E+00,
12:51:35.15266280, 1.0000E-01, 3.2000E-01, 1.0000E+00,
12:51:35.15266285, 1.3333E-01, 3.4667E-01, 1.3333E+00,
12:51:35.15266290, 1.3333E-01, 3.3333E-01, 1.3333E+00,
12:51:35.15266295, 1.0000E-01, 3.0667E-01, 1.3333E+00,
12:51:35.15266300, 6.6667E-02, 3.0667E-01, 1.0000E+00,
12:51:35.15266305, 1.6667E-01, 3.4667E-01, 1.3333E+00,
12:51:35.15266310, 3.3333E-02, 3.4667E-01, 1.6667E+00,
12:51:35.15266315, 1.0000E-01, 3.3333E-01, 1.0000E+00,
12:51:35.15266320, 6.6667E-02, 3.4667E-01, 1.0000E+00,
12:51:35.15266325, 6.6667E-02, 3.3333E-01, 1.0000E+00,
12:51:35.15266330, 1.0000E-01, 3.3333E-01, 1.3333E+00,
12:51:35.15266335, 1.3333E-01, 3.6000E-01, 3.3333E-01,
12:51:35.15266340, 1.0000E-01, 3.4667E-01, 1.3333E+00,
12:51:35.15266345, 1.0000E-01, 3.4667E-01, 6.6667E-01,
12:51:35.15266350, 3.3333E-02, 3.2000E-01, 1.3333E+00,
12:51:35.15266355, 1.3333E-01, 3.2000E-01, 1.0000E+00,
12:51:35.15266360, 1.0000E-01, 3.4667E-01, 1.6667E+00,
12:51:35.15266365, 1.0000E-01, 3.4667E-01, 6.6667E-01,
12:51:35.15266370, 1.3333E-01, 3.2000E-01, 1.0000E+00,
12:51:35.15266375, 1.0000E-01, 3.4667E-01, 1.0000E+00,
12:51:35.15266380, 3.3333E-02, 3.6000E-01, 6.6667E-01,
12:51:35.15266385, 6.6667E-02, 3.4667E-01, 1.0000E+00,
12:51:35.15266390, 1.0000E-01, 3.4667E-01, 1.3333E+00,
12:51:35.15266395, 1.0000E-01, 3.3333E-01, 1.0000E+00,
12:51:35.15266400, 1.0000E-01, 3.7333E-01, 1.6667E+00,
12:51:35.15266405, 1.0000E-01, 3.4667E-01, 1.6667E+00,
12:51:35.15266410, 6.6667E-02, 3.4667E-01, 1.3333E+00,
12:51:35.15266415, 1.0000E-01, 3.2000E-01, 6.6667E-01,
12:51:35.15266420, 6.6667E-02, 3.4667E-01, 1.3333E+00,
12:51:35.15266425, 3.3333E-02, 3.4667E-01, 1.0000E+00,
12:51:35.15266430, 1.3333E-01, 3.6000E-01, 1.3333E+00,
12:51:35.15266435, 1.3333E-01, 3.3333E-01, 3.3333E-01,
12:51:35.15266440, 1.0000E-01, 3.6000E-01, 6.6667E-01,
12:51:35.15266445, 6.6667E-02, 3.3333E-01, 1.0000E+00,
12:51:35.15266450, 6.6667E-02, 3.4667E-01, 0.0000E+00,
12:51:35.15266455, 3.3333E-02, 3.4667E-01, 1.3333E+00,
12:51:35.15266460, 6.6667E-02, 3.6000E-01, 1.3333E+00,
12:51:35.15266465, 1.3333E-01, 3.6000E-01, 1.6667E+00,
12:51:35.15266470, 1.3333E-01, 3.7333E-01, 1.0000E+00,
12:51:35.15266475, 1.3333E-01, 3.4667E-01, 1.3333E+00,
12:51:35.15266480, 1.3333E-01, 3.6000E-01, 1.0000E+00,
12:51:35.15266485, 1.6667E-01, 3.7333E-01, 1.0000E+00,
12:51:35.15266490, 1.6667E-01, 3.7333E-01, 6.6667E-01,
12:51:35.15266495, 1.0000E-01, 3.4667E-01, 1.6667E+00,
12:51:35.15266500, 3.3333E-02, 3.6000E-01, 6.6667E-01,
12:51:35.15266505, 1.6667E-01, 3.4667E-01, 6.6667E-01,
12:51:35.15266510, 1.3333E-01, 3.6000E-01, 1.0000E+00,
12:51:35.15266515, 1.6667E-01, 3.4667E-01, 1.6667E+00,
12:51:35.15266520, 1.0000E-01, 3.4667E-01, 6.6667E-01,
12:51:35.15266525, 1.0000E-01, 3.6000E-01, 6.6667E-01,
12:51:35.15266530, 1.3333E-01, 3.4667E-01, 1.3333E+00,
12:51:35.15266535, 1.0000E-01, 3.4667E-01, 1.0000E+00,
12:51:35.15266540, 2.0000E-01, 3.7333E-01, 1.0000E+00,
12:51:35.15266545, 6.6667E-02, 3.4667E-01, 1.6667E+00,
12:51:35.15266550, 1.0000E-01, 3.4667E-01, 1.6667E+00,
12:51:35.15266555, 1.0000E-01, 3.6000E-01, 1.3333E+00,
12:51:35.15266560, 1.0000E-01, 3.4667E-01, 1.0000E+00,
12:51:35.15266565, 1.0000E-01, 3.8667E-01, 1.0000E+00,
12:51:35.15266570, 1.0000E-01, 3.6000E-01, 1.0000E+00,
12:51:35.15266575, 1.3333E-01, 3.7333E-01, 1.3333E+00,
12:51:35.15266580, 1.6667E-01, 3.6000E-01, 1.3333E+00,
12:51:35.15266585, 1.3333E-01, 3.6000E-01, 1.3333E+00,
12:51:35.15266590, 2.0000E-01, 3.7333E-01, 6.6667E-01,
12:51:35.15266595, 3.3333E-02, 3.7333E-01, 6.6667E-01,
12:51:35.15266600, 1.0000E-01, 3.7333E-01, 3.3333E-01,
12:51:35.15266605, 1.0000E-01, 3.7333E-01, 1.0000E+00,
12:51:35.15266610, 6.6667E-02, 3.6000E-01, 1.6667E+00,
12:51:35.15266615, 6.6667E-02, 3.8667E-01, 1.0000E+00,
12:51:35.15266620, 1.3333E-01, 3.6000E-01, 1.3333E+00,
12:51:35.15266625, 1.3333E-01, 3.8667E-01, 3.3333E-01,
12:51:35.15266630, 6.6667E-02, 3.7333E-01, 1.0000E+00,
12:51:35.15266635, 1.3333E-01, 4.0000E-01, 1.3333E+00,
12:51:35.15266640, 1.6667E-01, 4.0000E-01, 1.0000E+00,
12:51:35.15266645, 1.6667E-01, 3.8667E-01, 0.0000E+00,
12:51:35.15266650, 6.6667E-02, 3.4667E-01, 1.0000E+00,
12:51:35.15266655, 1.6667E-01, 3.7333E-01, 1.0000E+00,
12:51:35.15266660, 6.6667E-02, 4.0000E-01, 1.0000E+00,
12:51:35.15266665, 1.0000E-01, 3.7333E-01, 1.0000E+00,
12:51:35.15266670, 6.6667E-02, 3.7333E-01, 1.3333E+00,
12:51:35.15266675, 6.6667E-02, 3.4667E-01, 3.3333E-01,
12:51:35.15266680, 6.6667E-02, 3.8667E-01, 0.0000E+00,
12:51:35.15266685, 6.6667E-02, 3.7333E-01, 1.3333E+00,
12:51:35.15266690, 1.3333E-01, 3.4667E-01, 1.3333E+00,
12:51:35.15266695, 1.3333E-01, 3.4667E-01, 0.0000E+00,
12:51:35.15266700, 1.3333E-01, 3.6000E-01, 1.0000E+00,
12:51:35.15266705, 0.0000E+00, 3.8667E-01, 6.6667E-01,
12:51:35.15266710, 1.0000E-01, 3.7333E-01, 1.0000E+00,
12:51:35.15266715, 1.3333E-01, 3.7333E-01, 6.6667E-01,
12:51:35.15266720, 1.0000E-01, 3.6000E-01, 6.6667E-01,
12:51:35.15266725, 1.3333E-01, 3.4667E-01, 1.0000E+00,
12:51:35.15266730, 1.0000E-01, 3.6000E-01, 6.6667E-01,
12:51:35.15266735, 1.0000E-01, 3.8667E-01, 1.0000E+00,
12:51:35.15266740, 1.0000E-01, 3.7333E-01, 3.3333E-01,
12:51:35.15266745, 1.3333E-01, 3.7333E-01, 1.3333E+00,
12:51:35.15266750, 0.0000E+00, 3.8667E-01, 1.6667E+00,
12:51:35.15266755, 1.3333E-01, 3.7333E-01, 3.3333E-01,
12:51:35.15266760, 1.0000E-01, 4.0000E-01, 1.0000E+00,
12:51:35.15266765, 6.6667E-02, 3.8667E-01, 3.3333E-01,
12:51:35.15266770, 6.6667E-02, 3.7333E-01, 1.0000E+00,
12:51:35.15266775, 1.3333E-01, 4.0000E-01, 6.6667E-01,
12:51:35.15266780, 1.0000E-01, 3.8667E-01, 1.0000E+00,
12:51:35.15266785, 6.6667E-02, 3.7333E-01, 6.6667E-01,
12:51:35.15266790, 1.0000E-01, 3.8667E-01, 6.6667E-01,
12:51:35.15266795, 6.6667E-02, 3.8667E-01, 1.0000E+00,
12:51:35.15266800, 1.6667E-01, 4.1333E-01, 1.0000E+00,
12:51:35.15266805, 3.3333E-02, 4.0000E-01, 3.3333E-01,
12:51:35.15266810, 1.3333E-01, 3.8667E-01, 1.0000E+00,
12:51:35.15266815, 1.3333E-01, 3.4667E-01, 1.0000E+00,
12:51:35.15266820, 1.0000E-01, 3.8667E-01, 6.6667E-01,
12:51:35.15266825, 1.0000E-01, 3.8667E-01, 0.0000E+00,
12:51:35.15266830, 1.0000E-01, 4.0000E-01, 0.0000E+00,
12:51:35.15266835, 1.0000E-01, 3.7333E-01, 6.6667E-01,
12:51:35.15266840, 3.3333E-02, 4.0000E-01, 0.0000E+00,
12:51:35.15266845, 1.3333E-01, 4.0000E-01, 6.6667E-01,
12:51:35.15266850, 1.6667E-01, 4.1333E-01, 1.0000E+00,
12:51:35.15266855, 1.3333E-01, 3.8667E-01, 3.3333E-01,
12:51:35.15266860, 1.3333E-01, 4.1333E-01, 3.3333E-01,
12:51:35.15266865, 1.3333E-01, 4.1333E-01, 1.0000E+00,
12:51:35.15266870, 1.0000E-01, 3.8667E-01, 1.0000E+00,
12:51:35.15266875, 1.3333E-01, 3.8667E-01, 6.6667E-01,
12:51:35.15266880, 6.6667E-02, 3.8667E-01, 3.3333E-01,
12:51:35.15266885, 1.0000E-01, 4.0000E-01, 6.6667E-01,
12:51:35.15266890, 1.3333E-01, 3.7333E-01, 1.0000E+00,
12:51:35.15266895, 6.6667E-02, 4.0000E-01, 1.0000E+00,
12:51:35.15266900, 1.3333E-01, 3.7333E-01, 3.3333E-01,
12:51:35.15266905, 1.3333E-01, 4.0000E-01, 1.0000E+00,
12:51:35.15266910, 1.0000E-01, 3.8667E-01, 0.0000E+00,
12:51:35.15266915, 1.0000E-01, 4.0000E-01,-3.3333E-01,
12:51:35.15266920, 6.6667E-02, 4.0000E-01, 0.0000E+00,
12:51:35.15266925, 1.6667E-01, 3.6000E-01, 3.3333E-01,
12:51:35.15266930, 6.6667E-02, 3.8667E-01, 6.6667E-01,
12:51:35.15266935, 1.3333E-01, 4.0000E-01, 3.3333E-01,
12:51:35.15266940, 1.0000E-01, 4.2667E-01, 6.6667E-01,
12:51:35.15266945, 1.0000E-01, 3.8667E-01, 3.3333E-01,
12:51:35.15266950, 1.0000E-01, 3.8667E-01, 6.6667E-01,
12:51:35.15266955, 1.6667E-01, 3.7333E-01, 6.6667E-01,
12:51:35.15266960, 1.6667E-01, 3.8667E-01, 6.6667E-01,
12:51:35.15266965, 1.0000E-01, 4.1333E-01, 0.0000E+00,
12:51:35.15266970, 1.6667E-01, 3.6000E-01, 6.6667E-01,
12:51:35.15266975, 3.3333E-02, 4.1333E-01, 6.6667E-01,
12:51:35.15266980, 6.6667E-02, 3.7333E-01, 1.0000E+00,
12:51:35.15266985, 0.0000E+00, 3.8667E-01, 6.6667E-01,
12:51:35.15266990, 1.6667E-01, 3.7333E-01, 0.0000E+00,
12:51:35.15266995, 1.0000E-01, 4.1333E-01, 6.6667E-01,
12:51:35.15267000, 6.6667E-02, 4.0000E-01, 3.3333E-01,
12:51:35.15267005, 1.0000E-01, 4.0000E-01, 6.6667E-01,
12:51:35.15267010, 1.0000E-01, 4.0000E-01, 6.6667E-01,
12:51:35.15267015, 1.6667E-01, 4.0000E-01, 3.3333E-01,
12:51:35.15267020, 1.3333E-01, 3.8667E-01, 1.0000E+00,
12:51:35.15267025, 6.6667E-02, 4.0000E-01, 3.3333E-01,
12:51:35.15267030, 6.6667E-02, 4.0000E-01, 6.6667E-01,
12:51:35.15267035, 0.0000E+00, 4.1333E-01, 1.0000E+00,
12:51:35.15267040, 3.3333E-02, 4.0000E-01, 3.3333E-01,
12:51:35.15267045, 1.0000E-01, 3.4667E-01, 3.3333E-01,
12:51:35.15267050, 1.0000E-01, 4.1333E-01, 0.0000E+00,
12:51:35.15267055, 2.0000E-01, 4.0000E-01, 6.6667E-01,
12:51:35.15267060, 2.0000E-01, 3.8667E-01, 3.3333E-01,
12:51:35.15267065, 3.3333E-02, 3.8667E-01, 3.3333E-01,
12:51:35.15267070, 3.3333E-02, 4.2667E-01, 6.6667E-01,
12:51:35.15267075, 0.0000E+00, 4.1333E-01, 1.0000E+00,
12:51:35.15267080, 6.6667E-02, 4.0000E-01, 3.3333E-01,
12:51:35.15267085, 0.0000E+00, 3.7333E-01, 0.0000E+00,
12:51:35.15267090, 1.3333E-01, 3.7333E-01,-1.0000E+00,
12:51:35.15267095, 6.6667E-02, 3.8667E-01, 0.0000E+00,
12:51:35.15267100, 1.0000E-01, 3.8667E-01,-3.3333E-01,
12:51:35.15267105, 1.6667E-01, 3.8667E-01, 0.0000E+00,
12:51:35.15267110, 1.0000E-01, 4.1333E-01, 6.6667E-01,
12:51:35.15267115, 1.3333E-01, 4.1333E-01, 6.6667E-01,
12:51:35.15267120, 1.0000E-01, 4.0000E-01,-3.3333E-01,
12:51:35.15267125, 1.0000E-01, 3.8667E-01, 0.0000E+00,
12:51:35.15267130, 1.0000E-01, 4.0000E-01, 0.0000E+00,
12:51:35.15267135, 1.3333E-01, 3.8667E-01, 0.0000E+00,
12:51:35.15267140, 1.0000E-01, 3.8667E-01, 3.3333E-01,
12:51:35.15267145, 1.6667E-01, 3.7333E-01, 3.3333E-01,
12:51:35.15267150, 1.0000E-01, 3.7333E-01, 1.0000E+00,
12:51:35.15267155, 1.0000E-01, 3.8667E-01, 0.0000E+00,
12:51:35.15267160, 1.0000E-01, 4.1333E-01, 3.3333E-01,
12:51:35.15267165, 1.6667E-01, 3.7333E-01, 0.0000E+00,
12:51:35.15267170, 3.3333E-02, 3.8667E-01, 0.0000E+00,
12:51:35.15267175, 6.6667E-02, 3.8667E-01, 0.0000E+00,
12:51:35.15267180, 6.6667E-02, 3.8667E-01, 3.3333E-01,
12:51:35.15267185, 1.0000E-01, 3.7333E-01,-3.3333E-01,
12:51:35.15267190, 3.3333E-02, 4.0000E-01, 0.0000E+00,
12:51:35.15267195, 1.0000E-01, 3.8667E-01,-6.6667E-01,
12:51:35.15267200, 1.3333E-01, 3.8667E-01,-1.0000E+00,
12:51:35.15267205, 1.6667E-01, 4.0000E-01, 0.0000E+00,
12:51:35.15267210, 6.6667E-02, 4.1333E-01,-3.3333E-01,
12:51:35.15267215, 6.6667E-02, 3.7333E-01, 3.3333E-01,
12:51:35.15267220, 6.6667E-02, 3.8667E-01, 0.0000E+00,
12:51:35.15267225, 1.0000E-01, 4.0000E-01,-3.3333E-01,
12:51:35.15267230, 1.0000E-01, 3.6000E-01,-6.6667E-01,
12:51:35.15267235, 6.6667E-02, 4.2667E-01, 1.0000E+00,
12:51:35.15267240, 6.6667E-02, 3.8667E-01,-3.3333E-01,
12:51:35.15267245, 1.0000E-01, 3.6000E-01,-6.6667E-01,
12:51:35.15267250, 1.0000E-01, 4.0000E-01,-3.3333E-01,
12:51:35.15267255, 1.3333E-01, 3.8667E-01, 3.3333E-01,
12:51:35.15267260, 1.0000E-01, 3.7333E-01, 3.3333E-01,
12:51:35.15267265, 1.6667E-01, 3.6000E-01, 6.6667E-01,
12:51:35.15267270, 6.6667E-02, 3.6000E-01, 0.0000E+00,
12:51:35.15267275, 1.3333E-01, 4.0000E-01,-1.0000E+00,
12:51:35.15267280, 6.6667E-02, 3.7333E-01, 6.6667E-01,
12:51:35.15267285, 6.6667E-02, 3.8667E-01, 0.0000E+00,
12:51:35.15267290, 1.6667E-01, 3.8667E-01, 0.0000E+00,
12:51:35.15267295, 1.0000E-01, 4.0000E-01,-3.3333E-01,
12:51:35.15267300, 1.6667E-01, 3.7333E-01, 3.3333E-01,
12:51:35.15267305, 1.0000E-01, 3.7333E-01,-6.6667E-01,
12:51:35.15267310, 6.6667E-02, 3.7333E-01,-3.3333E-01,
12:51:35.15267315, 6.6667E-02, 3.7333E-01,-3.3333E-01,
12:51:35.15267320, 3.3333E-02, 3.8667E-01, 0.0000E+00,
12:51:35.15267325, 3.3333E-02, 3.8667E-01,-1.0000E+00,
12:51:35.15267330, 6.6667E-02, 3.7333E-01, 6.6667E-01,
12:51:35.15267335, 6.6667E-02, 3.8667E-01,-6.6667E-01,
12:51:35.15267340, 6.6667E-02, 4.0000E-01, 3.3333E-01,
12:51:35.15267345, 1.0000E-01, 3.8667E-01,-3.3333E-01,
12:51:35.15267350, 1.0000E-01, 4.0000E-01, 0.0000E+00,
12:51:35.15267355, 1.0000E-01, 3.7333E-01,-3.3333E-01,
12:51:35.15267360, 1.0000E-01, 3.8667E-01,-6.6667E-01,
12:51:35.15267365, 1.3333E-01, 3.6000E-01,-3.3333E-01,
12:51:35.15267370, 6.6667E-02, 3.4667E-01, 0.0000E+00,
12:51:35.15267375, 1.6667E-01, 3.8667E-01,-3.3333E-01,
12:51:35.15267380, 6.6667E-02, 3.8667E-01,-6.6667E-01,
12:51:35.15267385, 1.6667E-01, 4.1333E-01,-3.3333E-01,
12:51:35.15267390, 3.3333E-02, 3.7333E-01,-3.3333E-01,
12:51:35.15267395, 1.0000E-01, 3.7333E-01, 6.6667E-01,
12:51:35.15267400, 6.6667E-02, 3.6000E-01, 0.0000E+00,
12:51:35.15267405, 1.0000E-01, 4.1333E-01, 0.0000E+00,
12:51:35.15267410, 1.0000E-01, 3.4667E-01,-6.6667E-01,
12:51:35.15267415, 1.0000E-01, 3.8667E-01, 0.0000E+00,
12:51:35.15267420, 6.6667E-02, 3.7333E-01,-3.3333E-01,
12:51:35.15267425, 1.3333E-01, 3.7333E-01,-3.3333E-01,
12:51:35.15267430, 1.0000E-01, 4.1333E-01,-6.6667E-01,
12:51:35.15267435, 6.6667E-02, 3.7333E-01, 0.0000E+00,
12:51:35.15267440, 6.6667E-02, 3.7333E-01, 6.6667E-01,
12:51:35.15267445, 6.6667E-02, 4.1333E-01, 6.6667E-01,
12:51:35.15267450, 1.0000E-01, 3.7333E-01,-3.3333E-01,
12:51:35.15267455, 1.0000E-01, 3.7333E-01,-3.3333E-01,
12:51:35.15267460, 3.3333E-02, 3.7333E-01, 0.0000E+00,
12:51:35.15267465, 6.6667E-02, 3.7333E-01, 0.0000E+00,
12:51:35.15267470, 3.3333E-02, 3.8667E-01, 0.0000E+00,
12:51:35.15267475, 1.0000E-01, 3.6000E-01,-3.3333E-01,
12:51:35.15267480, 1.0000E-01, 3.8667E-01, 3.3333E-01,
12:51:35.15267485, 1.6667E-01, 3.4667E-01,-3.3333E-01,
12:51:35.15267490, 2.0000E-01, 4.0000E-01, 3.3333E-01,
12:51:35.15267495, 1.3333E-01, 3.4667E-01, 3.3333E-01,
12:51:35.15267500, 6.6667E-02, 3.7333E-01,-1.3333E+00,
12:51:35.15267505, 1.0000E-01, 4.1333E-01,-1.0000E+00,
12:51:35.15267510, 1.0000E-01, 3.7333E-01, 0.0000E+00,
12:51:35.15267515, 1.6667E-01, 3.8667E-01,-1.0000E+00,
12:51:35.15267520, 6.6667E-02, 4.0000E-01, 0.0000E+00,
12:51:35.15267525, 1.3333E-01, 3.7333E-01,-3.3333E-01,
12:51:35.15267530, 1.0000E-01, 3.4667E-01, 0.0000E+00,
12:51:35.15267535, 1.0000E-01, 4.0000E-01,-6.6667E-01,
12:51:35.15267540, 6.6667E-02, 3.8667E-01,-1.3333E+00,
12:51:35.15267545, 6.6667E-02, 3.6000E-01,-3.3333E-01,
12:51:35.15267550, 1.3333E-01, 3.4667E-01,-6.6667E-01,
12:51:35.15267555, 1.0000E-01, 3.8667E-01,-1.0000E+00,
12:51:35.15267560, 6.6667E-02, 3.4667E-01, 0.0000E+00,
12:51:35.15267565, 3.3333E-02, 3.7333E-01,-6.6667E-01,
12:51:35.15267570, 1.0000E-01, 3.7333E-01, 0.0000E+00,
12:51:35.15267575, 6.6667E-02, 3.8667E-01, 0.0000E+00,
12:51:35.15267580, 6.6667E-02, 3.7333E-01,-6.6667E-01,
12:51:35.15267585, 6.6667E-02, 3.6000E-01, 0.0000E+00,
12:51:35.15267590, 1.3333E-01, 3.4667E-01,-3.3333E-01,
12:51:35.15267595, 1.6667E-01, 3.4667E-01,-3.3333E-01,
12:51:35.15267600, 1.0000E-01, 3.8667E-01, 0.0000E+00,
12:51:35.15267605, 1.0000E-01, 3.6000E-01,-1.6667E+00,
12:51:35.15267610, 6.6667E-02, 3.7333E-01,-3.3333E-01,
12:51:35.15267615, 1.3333E-01, 3.6000E-01,-3.3333E-01,
12:51:35.15267620, 1.0000E-01, 3.7333E-01, 0.0000E+00,
12:51:35.15267625, 6.6667E-02, 3.4667E-01,-3.3333E-01,
12:51:35.15267630, 1.6667E-01, 3.7333E-01,-3.3333E-01,
12:51:35.15267635, 6.6667E-02, 4.0000E-01, 0.0000E+00,
12:51:35.15267640, 1.0000E-01, 3.6000E-01,-3.3333E-01,
12:51:35.15267645, 6.6667E-02, 3.8667E-01,-1.0000E+00,
12:51:35.15267650, 3.3333E-02, 3.4667E-01,-3.3333E-01,
12:51:35.15267655, 6.6667E-02, 4.0000E-01,-1.0000E+00,
12:51:35.15267660, 3.3333E-02, 3.7333E-01,-1.0000E+00,
12:51:35.15267665, 1.3333E-01, 3.6000E-01,-6.6667E-01,
12:51:35.15267670, 3.3333E-02, 3.7333E-01,-6.6667E-01,
12:51:35.15267675, 1.3333E-01, 3.4667E-01,-3.3333E-01,
12:51:35.15267680, 3.3333E-02, 3.7333E-01,-3.3333E-01,
12:51:35.15267685, 0.0000E+00, 3.4667E-01, 0.0000E+00,
12:51:35.15267690, 1.0000E-01, 3.4667E-01, 3.3333E-01,
12:51:35.15267695, 0.0000E+00, 3.7333E-01,-6.6667E-01,
12:51:35.15267700, 6.6667E-02, 3.4667E-01,-1.0000E+00,
12:51:35.15267705, 1.0000E-01, 3.6000E-01,-1.0000E+00,
12:51:35.15267710, 3.3333E-02, 3.7333E-01,-1.3333E+00,
12:51:35.15267715, 0.0000E+00, 3.7333E-01,-6.6667E-01,
12:51:35.15267720, 1.0000E-01, 3.8667E-01,-6.6667E-01,
12:51:35.15267725, 1.3333E-01, 3.7333E-01,-6.6667E-01,
12:51:35.15267730, 3.3333E-02, 3.4667E-01,-1.0000E+00,
12:51:35.15267735, 6.6667E-02, 3.6000E-01,-6.6667E-01,
12:51:35.15267740, 1.0000E-01, 3.6000E-01,-1.0000E+00,
12:51:35.15267745, 6.6667E-02, 3.4667E-01, 0.0000E+00,
12:51:35.15267750, 6.6667E-02, 3.4667E-01, 0.0000E+00,
12:51:35.15267755, 1.0000E-01, 3.6000E-01,-3.3333E-01,
12:51:35.15267760, 6.6667E-02, 3.4667E-01,-3.3333E-01,
12:51:35.15267765, 6.6667E-02, 3.4667E-01, 0.0000E+00,
12:51:35.15267770, 0.0000E+00, 3.6000E-01, 0.0000E+00,
12:51:35.15267775, 6.6667E-02, 3.7333E-01,-1.3333E+00,
12:51:35.15267780, 1.0000E-01, 3.7333E-01,-3.3333E-01,
12:51:35.15267785, 6.6667E-02, 3.7333E-01,-6.6667E-01,
12:51:35.15267790, 3.3333E-02, 3.6000E-01,-6.6667E-01,
12:51:35.15267795, 6.6667E-02, 3.4667E-01, 0.0000E+00,
12:51:35.15267800, 0.0000E+00, 3.4667E-01,-1.0000E+00,
12:51:35.15267805, 1.0000E-01, 3.7333E-01,-6.6667E-01,
12:51:35.15267810, 3.3333E-02, 3.8667E-01,-6.6667E-01,
12:51:35.15267815, 1.0000E-01, 3.6000E-01,-6.6667E-01,
12:51:35.15267820, 6.6667E-02, 3.7333E-01, 0.0000E+00,
12:51:35.15267825, 6.6667E-02, 3.4667E-01,-6.6667E-01,
12:51:35.15267830, 6.6667E-02, 3.4667E-01,-3.3333E-01,
12:51:35.15267835, 6.6667E-02, 3.4667E-01,-6.6667E-01,
12:51:35.15267840, 1.0000E-01, 3.6000E-01,-3.3333E-01,
12:51:35.15267845, 0.0000E+00, 3.4667E-01,-6.6667E-01,
12:51:35.15267850, 1.3333E-01, 3.6000E-01,-1.0000E+00,
12:51:35.15267855, 1.0000E-01, 3.6000E-01,-6.6667E-01,
12:51:35.15267860, 1.3333E-01, 3.4667E-01, 0.0000E+00,
12:51:35.15267865, 1.0000E-01, 3.4667E-01, 0.0000E+00,
12:51:35.15267870, 3.3333E-02, 3.6000E-01,-6.6667E-01,
12:51:35.15267875, 1.3333E-01, 3.4667E-01,-6.6667E-01,
12:51:35.15267880, 6.6667E-02, 3.4667E-01,-3.3333E-01,
12:51:35.15267885, 3.3333E-02, 3.6000E-01,-1.0000E+00,
12:51:35.15267890, 1.3333E-01, 3.6000E-01,-1.3333E+00,
12:51:35.15267895, 1.3333E-01, 3.7333E-01,-6.6667E-01,
12:51:35.15267900, 0.0000E+00, 3.3333E-01,-1.0000E+00,
12:51:35.15267905, 3.3333E-02, 3.8667E-01,-6.6667E-01,
12:51:35.15267910, 1.0000E-01, 3.3333E-01,-6.6667E-01,
12:51:35.15267915, 1.3333E-01, 3.4667E-01,-6.6667E-01,
12:51:35.15267920, 6.6667E-02, 3.3333E-01,-6.6667E-01,
12:51:35.15267925, 0.0000E+00, 3.3333E-01, 0.0000E+00,
12:51:35.15267930, 1.3333E-01, 3.3333E-01,-1.3333E+00,
12:51:35.15267935, 0.0000E+00, 3.4667E-01, 0.0000E+00,
12:51:35.15267940, 6.6667E-02, 3.4667E-01,-1.3333E+00,
12:51:35.15267945, 6.6667E-02, 3.7333E-01,-6.6667E-01,
12:51:35.15267950, 6.6667E-02, 3.4667E-01,-6.6667E-01,
12:51:35.15267955, 6.6667E-02, 3.3333E-01,-6.6667E-01,
12:51:35.15267960, 6.6667E-02, 3.3333E-01,-6.6667E-01,
12:51:35.15267965, 1.3333E-01, 3.3333E-01,-6.6667E-01,
12:51:35.15267970, 6.6667E-02, 3.3333E-01,-1.0000E+00,
12:51:35.15267975, 6.6667E-02, 3.4667E-01,-6.6667E-01,
12:51:35.15267980,-3.3333E-02, 3.4667E-01, 0.0000E+00,
12:51:35.15267985, 6.6667E-02, 3.4667E-01,-6.6667E-01,
12:51:35.15267990, 1.0000E-01, 3.8667E-01,-3.3333E-01,
12:51:35.15267995, 6.6667E-02, 3.6000E-01, 0.0000E+00,
12:51:35.15268000, 1.3333E-01, 3.4667E-01, 6.6667E-01,
12:51:35.15268005, 1.6667E-01, 3.4667E-01,-3.3333E-01,
12:51:35.15268010, 1.0000E-01, 3.6000E-01, 0.0000E+00,
12:51:35.15268015, 1.3333E-01, 3.3333E-01,-1.0000E+00,
12:51:35.15268020, 6.6667E-02, 3.4667E-01,-3.3333E-01,
12:51:35.15268025, 1.3333E-01, 3.4667E-01, 3.3333E-01,
12:51:35.15268030, 1.0000E-01, 3.4667E-01,-1.0000E+00,
12:51:35.15268035,-3.3333E-02, 3.3333E-01,-3.3333E-01,
12:51:35.15268040, 6.6667E-02, 3.2000E-01,-3.3333E-01,
12:51:35.15268045, 1.0000E-01, 3.4667E-01, 0.0000E+00,
12:51:35.15268050, 6.6667E-02, 3.4667E-01,-6.6667E-01,
12:51:35.15268055, 1.0000E-01, 3.4667E-01,-6.6667E-01,
12:51:35.15268060, 1.0000E-01, 3.4667E-01,-3.3333E-01,
12:51:35.15268065, 6.6667E-02, 3.4667E-01,-6.6667E-01,
12:51:35.15268070, 6.6667E-02, 3.2000E-01,-3.3333E-01,
12:51:35.15268075, 1.0000E-01, 3.4667E-01,-6.6667E-01,
12:51:35.15268080, 3.3333E-02, 3.6000E-01, 0.0000E+00,
12:51:35.15268085, 1.0000E-01, 3.3333E-01,-6.6667E-01,
12:51:35.15268090, 3.3333E-02, 3.6000E-01,-1.0000E+00,
12:51:35.15268095, 6.6667E-02, 3.4667E-01,-6.6667E-01,
12:51:35.15268100, 6.6667E-02, 3.7333E-01,-3.3333E-01,
12:51:35.15268105, 3.3333E-02, 3.4667E-01,-3.3333E-01,
12:51:35.15268110, 1.0000E-01, 3.2000E-01, 0.0000E+00,
12:51:35.15268115, 0.0000E+00, 3.4667E-01,-6.6667E-01,
12:51:35.15268120, 6.6667E-02, 3.4667E-01,-1.0000E+00,
12:51:35.15268125, 6.6667E-02, 3.6000E-01,-3.3333E-01,
12:51:35.15268130, 0.0000E+00, 3.4667E-01, 0.0000E+00,
12:51:35.15268135, 1.0000E-01, 3.4667E-01,-3.3333E-01,
12:51:35.15268140, 6.6667E-02, 3.4667E-01,-3.3333E-01,
12:51:35.15268145, 1.0000E-01, 3.4667E-01,-1.0000E+00,
12:51:35.15268150, 3.3333E-02, 3.3333E-01,-3.3333E-01,
12:51:35.15268155, 1.0000E-01, 3.2000E-01,-6.6667E-01,
12:51:35.15268160, 3.3333E-02, 3.0667E-01,-3.3333E-01,
12:51:35.15268165, 3.3333E-02, 3.3333E-01, 3.3333E-01,
12:51:35.15268170, 3.3333E-02, 3.3333E-01, 3.3333E-01,
12:51:35.15268175, 0.0000E+00, 3.4667E-01,-1.3333E+00,
12:51:35.15268180, 0.0000E+00, 3.3333E-01,-3.3333E-01,
12:51:35.15268185, 1.0000E-01, 3.3333E-01, 3.3333E-01,
12:51:35.15268190, 1.0000E-01, 3.2000E-01,-6.6667E-01,
12:51:35.15268195, 6.6667E-02, 3.3333E-01,-3.3333E-01,
12:51:35.15268200, 6.6667E-02, 3.3333E-01,-6.6667E-01,
12:51:35.15268205, 6.6667E-02, 3.4667E-01, 3.3333E-01,
12:51:35.15268210, 3.3333E-02, 3.4667E-01,-6.6667E-01,
12:51:35.15268215, 6.6667E-02, 3.2000E-01,-6.6667E-01,
12:51:35.15268220, 1.0000E-01, 3.4667E-01,-3.3333E-01,
12:51:35.15268225, 0.0000E+00, 3.3333E-01,-1.0000E+00,
12:51:35.15268230, 3.3333E-02, 3.4667E-01, 0.0000E+00,
12:51:35.15268235, 6.6667E-02, 3.4667E-01, 0.0000E+00,
12:51:35.15268240, 3.3333E-02, 3.3333E-01,-1.0000E+00,
12:51:35.15268245, 6.6667E-02, 3.4667E-01,-3.3333E-01,
12:51:35.15268250, 6.6667E-02, 3.4667E-01,-1.0000E+00,
12:51:35.15268255, 0.0000E+00, 3.3333E-01, 0.0000E+00,
12:51:35.15268260, 6.6667E-02, 3.4667E-01,-1.0000E+00,
12:51:35.15268265, 1.0000E-01, 3.4667E-01,-6.6667E-01,
12:51:35.15268270, 1.0000E-01, 3.3333E-01, 0.0000E+00,
12:51:35.15268275, 3.3333E-02, 3.0667E-01,-3.3333E-01,
12:51:35.15268280, 3.3333E-02, 3.4667E-01,-6.6667E-01,
12:51:35.15268285, 3.3333E-02, 3.4667E-01,-6.6667E-01,
12:51:35.15268290, 6.6667E-02, 3.4667E-01, 3.3333E-01,
12:51:35.15268295, 3.3333E-02, 3.3333E-01,-6.6667E-01,
12:51:35.15268300, 6.6667E-02, 3.3333E-01,-6.6667E-01,
12:51:35.15268305, 3.3333E-02, 3.4667E-01,-6.6667E-01,
12:51:35.15268310, 6.6667E-02, 3.3333E-01, 3.3333E-01,
12:51:35.15268315, 6.6667E-02, 3.3333E-01,-6.6667E-01,
12:51:35.15268320, 6.6667E-02, 3.0667E-01,-6.6667E-01,
12:51:35.15268325, 6.6667E-02, 3.0667E-01,-6.6667E-01,
12:51:35.15268330, 6.6667E-02, 3.2000E-01, 0.0000E+00,
12:51:35.15268335, 6.6667E-02, 3.4667E-01,-6.6667E-01,
12:51:35.15268340, 6.6667E-02, 3.0667E-01,-6.6667E-01,
12:51:35.15268345, 3.3333E-02, 3.3333E-01, 0.0000E+00,
12:51:35.15268350, 3.3333E-02, 3.4667E-01,-3.3333E-01,
