"Header Size"           ,15              
"Model Name"            ,"DL850EV       "
"Comment"               ,"                         "
"BlockNumber"           ,1               
"TraceName"             ,"Vgate         ","Vds           ","Id            "
"BlockSize"             ,4004            ,4004            ,4004            
"VUnit"                 ,"V             ","V             ","A             "
"SampleRate"            ,20000000.000000 ,20000000.000000 ,20000000.000000 
"HResolution"           ,5.000000e-08    ,5.000000e-08    ,5.000000e-08    
"HOffset"               ,-2.000000e-05   ,-2.000000e-05   ,-2.000000e-05   
"HUnit"                 ,"s             ","s             ","s             "
"DisplayPointNo."       ,1               ,1               ,1               
"PhaseShift"            ,1               ,1               ,1               
"Date"                  ,"2026/04/16    ","2026/04/16    ","2026/04/16    "
"Time"                  ,"18:15:26.85915117","18:15:26.85915117","18:15:26.85915117"

18:15:26.85913117,-3.3333E-02, 1.0133E+01, 3.3333E-01,
18:15:26.85913122, 3.3333E-02, 1.0167E+01, 3.3333E-01,
18:15:26.85913127, 0.0000E+00, 1.0133E+01, 3.3333E-01,
18:15:26.85913132, 3.3333E-02, 1.0167E+01, 0.0000E+00,
18:15:26.85913137,-3.3333E-02, 1.0133E+01, 0.0000E+00,
18:15:26.85913142, 3.3333E-02, 1.0133E+01,-3.3333E-01,
18:15:26.85913147, 6.6667E-02, 1.0200E+01,-6.6667E-01,
18:15:26.85913152, 3.3333E-02, 1.0133E+01,-6.6667E-01,
18:15:26.85913157, 0.0000E+00, 1.0167E+01,-3.3333E-01,
18:15:26.85913162, 6.6667E-02, 1.0167E+01, 3.3333E-01,
18:15:26.85913167, 3.3333E-02, 1.0100E+01,-1.3333E+00,
18:15:26.85913172, 0.0000E+00, 1.0167E+01, 3.3333E-01,
18:15:26.85913177, 3.3333E-02, 1.0100E+01, 0.0000E+00,
18:15:26.85913182, 0.0000E+00, 1.0100E+01,-3.3333E-01,
18:15:26.85913187,-6.6667E-02, 1.0233E+01, 0.0000E+00,
18:15:26.85913192, 3.3333E-02, 1.0167E+01, 0.0000E+00,
18:15:26.85913197, 6.6667E-02, 1.0100E+01, 0.0000E+00,
18:15:26.85913202, 6.6667E-02, 1.0100E+01,-3.3333E-01,
18:15:26.85913207, 3.3333E-02, 1.0100E+01,-3.3333E-01,
18:15:26.85913212,-3.3333E-02, 1.0133E+01, 0.0000E+00,
18:15:26.85913217, 0.0000E+00, 1.0133E+01,-3.3333E-01,
18:15:26.85913222, 3.3333E-02, 1.0133E+01, 0.0000E+00,
18:15:26.85913227,-3.3333E-02, 1.0100E+01, 0.0000E+00,
18:15:26.85913232, 0.0000E+00, 1.0100E+01, 1.0000E+00,
18:15:26.85913237, 3.3333E-02, 1.0233E+01,-3.3333E-01,
18:15:26.85913242,-6.6667E-02, 1.0100E+01, 0.0000E+00,
18:15:26.85913247, 3.3333E-02, 1.0233E+01, 3.3333E-01,
18:15:26.85913252, 3.3333E-02, 1.0167E+01,-3.3333E-01,
18:15:26.85913257, 6.6667E-02, 1.0167E+01, 3.3333E-01,
18:15:26.85913262,-3.3333E-02, 1.0133E+01, 6.6667E-01,
18:15:26.85913267, 0.0000E+00, 1.0267E+01,-1.0000E+00,
18:15:26.85913272, 0.0000E+00, 1.0133E+01, 0.0000E+00,
18:15:26.85913277, 3.3333E-02, 1.0200E+01, 0.0000E+00,
18:15:26.85913282, 6.6667E-02, 1.0100E+01,-3.3333E-01,
18:15:26.85913287, 0.0000E+00, 1.0100E+01,-6.6667E-01,
18:15:26.85913292, 3.3333E-02, 1.0100E+01,-6.6667E-01,
18:15:26.85913297, 0.0000E+00, 1.0133E+01, 3.3333E-01,
18:15:26.85913302, 3.3333E-02, 1.0233E+01, 0.0000E+00,
18:15:26.85913307, 3.3333E-02, 1.0133E+01,-6.6667E-01,
18:15:26.85913312, 0.0000E+00, 1.0100E+01, 0.0000E+00,
18:15:26.85913317, 3.3333E-02, 1.0133E+01, 0.0000E+00,
18:15:26.85913322, 3.3333E-02, 1.0167E+01,-3.3333E-01,
18:15:26.85913327, 0.0000E+00, 1.0133E+01,-3.3333E-01,
18:15:26.85913332, 3.3333E-02, 1.0233E+01,-6.6667E-01,
18:15:26.85913337, 3.3333E-02, 1.0167E+01,-6.6667E-01,
18:15:26.85913342,-3.3333E-02, 1.0133E+01, 3.3333E-01,
18:15:26.85913347,-6.6667E-02, 1.0167E+01, 0.0000E+00,
18:15:26.85913352,-3.3333E-02, 1.0133E+01,-3.3333E-01,
18:15:26.85913357, 6.6667E-02, 1.0100E+01, 3.3333E-01,
18:15:26.85913362,-3.3333E-02, 1.0100E+01,-3.3333E-01,
18:15:26.85913367,-6.6667E-02, 1.0100E+01, 0.0000E+00,
18:15:26.85913372,-3.3333E-02, 1.0100E+01, 6.6667E-01,
18:15:26.85913377, 3.3333E-02, 1.0133E+01,-3.3333E-01,
18:15:26.85913382, 3.3333E-02, 1.0100E+01,-3.3333E-01,
18:15:26.85913387, 3.3333E-02, 1.0200E+01, 0.0000E+00,
18:15:26.85913392, 0.0000E+00, 1.0167E+01, 3.3333E-01,
18:15:26.85913397,-3.3333E-02, 1.0133E+01,-1.0000E+00,
18:15:26.85913402, 0.0000E+00, 1.0200E+01, 0.0000E+00,
18:15:26.85913407,-6.6667E-02, 1.0133E+01, 1.0000E+00,
18:15:26.85913412, 0.0000E+00, 1.0100E+01,-3.3333E-01,
18:15:26.85913417, 0.0000E+00, 1.0167E+01, 0.0000E+00,
18:15:26.85913422,-3.3333E-02, 1.0133E+01, 3.3333E-01,
18:15:26.85913427,-3.3333E-02, 1.0133E+01,-3.3333E-01,
18:15:26.85913432, 0.0000E+00, 1.0100E+01,-1.0000E+00,
18:15:26.85913437, 0.0000E+00, 1.0167E+01, 3.3333E-01,
18:15:26.85913442, 0.0000E+00, 1.0167E+01, 0.0000E+00,
18:15:26.85913447, 0.0000E+00, 1.0200E+01, 0.0000E+00,
18:15:26.85913452, 3.3333E-02, 1.0167E+01, 0.0000E+00,
18:15:26.85913457,-3.3333E-02, 1.0200E+01,-3.3333E-01,
18:15:26.85913462, 0.0000E+00, 1.0100E+01,-3.3333E-01,
18:15:26.85913467,-6.6667E-02, 1.0100E+01, 0.0000E+00,
18:15:26.85913472, 0.0000E+00, 1.0167E+01, 0.0000E+00,
18:15:26.85913477, 3.3333E-02, 1.0200E+01, 0.0000E+00,
18:15:26.85913482, 3.3333E-02, 1.0200E+01, 3.3333E-01,
18:15:26.85913487, 1.0000E-01, 1.0167E+01,-6.6667E-01,
18:15:26.85913492, 6.6667E-02, 1.0167E+01, 0.0000E+00,
18:15:26.85913497, 3.3333E-02, 1.0100E+01, 3.3333E-01,
18:15:26.85913502, 6.6667E-02, 1.0100E+01,-3.3333E-01,
18:15:26.85913507, 0.0000E+00, 1.0133E+01,-1.3333E+00,
18:15:26.85913512, 0.0000E+00, 1.0167E+01, 6.6667E-01,
18:15:26.85913517, 0.0000E+00, 1.0133E+01, 3.3333E-01,
18:15:26.85913522, 0.0000E+00, 1.0133E+01,-6.6667E-01,
18:15:26.85913527, 6.6667E-02, 1.0200E+01, 6.6667E-01,
18:15:26.85913532, 0.0000E+00, 1.0200E+01, 0.0000E+00,
18:15:26.85913537,-3.3333E-02, 1.0133E+01,-6.6667E-01,
18:15:26.85913542, 6.6667E-02, 1.0167E+01,-3.3333E-01,
18:15:26.85913547, 6.6667E-02, 1.0200E+01,-6.6667E-01,
18:15:26.85913552, 0.0000E+00, 1.0167E+01,-3.3333E-01,
18:15:26.85913557, 0.0000E+00, 1.0200E+01, 3.3333E-01,
18:15:26.85913562, 0.0000E+00, 1.0133E+01,-1.0000E+00,
18:15:26.85913567, 0.0000E+00, 1.0100E+01, 3.3333E-01,
18:15:26.85913572, 3.3333E-02, 1.0167E+01, 3.3333E-01,
18:15:26.85913577, 0.0000E+00, 1.0200E+01,-6.6667E-01,
18:15:26.85913582, 3.3333E-02, 1.0133E+01, 3.3333E-01,
18:15:26.85913587, 6.6667E-02, 1.0100E+01,-3.3333E-01,
18:15:26.85913592, 0.0000E+00, 1.0233E+01,-3.3333E-01,
18:15:26.85913597, 0.0000E+00, 1.0100E+01,-1.0000E+00,
18:15:26.85913602,-6.6667E-02, 1.0167E+01, 0.0000E+00,
18:15:26.85913607, 3.3333E-02, 1.0167E+01,-3.3333E-01,
18:15:26.85913612, 0.0000E+00, 1.0167E+01, 3.3333E-01,
18:15:26.85913617,-3.3333E-02, 1.0167E+01,-3.3333E-01,
18:15:26.85913622, 6.6667E-02, 1.0167E+01, 6.6667E-01,
18:15:26.85913627,-3.3333E-02, 1.0167E+01,-6.6667E-01,
18:15:26.85913632, 6.6667E-02, 1.0167E+01, 0.0000E+00,
18:15:26.85913637, 0.0000E+00, 1.0167E+01, 3.3333E-01,
18:15:26.85913642,-3.3333E-02, 1.0133E+01, 6.6667E-01,
18:15:26.85913647, 6.6667E-02, 1.0167E+01, 0.0000E+00,
18:15:26.85913652, 0.0000E+00, 1.0167E+01, 0.0000E+00,
18:15:26.85913657, 0.0000E+00, 1.0133E+01,-6.6667E-01,
18:15:26.85913662, 0.0000E+00, 1.0167E+01, 3.3333E-01,
18:15:26.85913667,-3.3333E-02, 1.0133E+01,-3.3333E-01,
18:15:26.85913672, 0.0000E+00, 1.0100E+01,-6.6667E-01,
18:15:26.85913677, 0.0000E+00, 1.0167E+01, 3.3333E-01,
18:15:26.85913682, 3.3333E-02, 1.0133E+01,-3.3333E-01,
18:15:26.85913687, 3.3333E-02, 1.0133E+01, 3.3333E-01,
18:15:26.85913692, 3.3333E-02, 1.0100E+01, 3.3333E-01,
18:15:26.85913697, 3.3333E-02, 1.0133E+01, 3.3333E-01,
18:15:26.85913702, 0.0000E+00, 1.0233E+01, 0.0000E+00,
18:15:26.85913707,-1.0000E-01, 1.0133E+01, 0.0000E+00,
18:15:26.85913712, 3.3333E-02, 1.0167E+01,-6.6667E-01,
18:15:26.85913717, 0.0000E+00, 1.0133E+01,-3.3333E-01,
18:15:26.85913722, 0.0000E+00, 1.0100E+01, 6.6667E-01,
18:15:26.85913727, 3.3333E-02, 1.0200E+01, 3.3333E-01,
18:15:26.85913732, 0.0000E+00, 1.0200E+01,-3.3333E-01,
18:15:26.85913737, 6.6667E-02, 1.0167E+01,-3.3333E-01,
18:15:26.85913742, 3.3333E-02, 1.0167E+01,-6.6667E-01,
18:15:26.85913747, 0.0000E+00, 1.0167E+01, 1.0000E+00,
18:15:26.85913752,-3.3333E-02, 1.0200E+01,-3.3333E-01,
18:15:26.85913757, 3.3333E-02, 1.0200E+01,-3.3333E-01,
18:15:26.85913762, 3.3333E-02, 1.0167E+01, 0.0000E+00,
18:15:26.85913767, 6.6667E-02, 1.0233E+01, 0.0000E+00,
18:15:26.85913772, 6.6667E-02, 1.0200E+01, 6.6667E-01,
18:15:26.85913777, 3.3333E-02, 1.0167E+01,-3.3333E-01,
18:15:26.85913782,-3.3333E-02, 1.0233E+01,-3.3333E-01,
18:15:26.85913787, 6.6667E-02, 1.0167E+01, 3.3333E-01,
18:15:26.85913792, 6.6667E-02, 1.0167E+01,-3.3333E-01,
18:15:26.85913797, 3.3333E-02, 1.0167E+01,-1.0000E+00,
18:15:26.85913802, 0.0000E+00, 1.0133E+01,-3.3333E-01,
18:15:26.85913807, 3.3333E-02, 1.0200E+01, 0.0000E+00,
18:15:26.85913812,-3.3333E-02, 1.0133E+01,-6.6667E-01,
18:15:26.85913817,-3.3333E-02, 1.0133E+01, 0.0000E+00,
18:15:26.85913822, 3.3333E-02, 1.0133E+01,-3.3333E-01,
18:15:26.85913827, 6.6667E-02, 1.0167E+01,-3.3333E-01,
18:15:26.85913832, 3.3333E-02, 1.0133E+01, 0.0000E+00,
18:15:26.85913837, 0.0000E+00, 1.0100E+01, 3.3333E-01,
18:15:26.85913842, 0.0000E+00, 1.0100E+01,-6.6667E-01,
18:15:26.85913847, 0.0000E+00, 1.0133E+01,-3.3333E-01,
18:15:26.85913852, 3.3333E-02, 1.0167E+01, 3.3333E-01,
18:15:26.85913857, 6.6667E-02, 1.0200E+01, 6.6667E-01,
18:15:26.85913862, 3.3333E-02, 1.0100E+01,-6.6667E-01,
18:15:26.85913867, 6.6667E-02, 1.0100E+01,-3.3333E-01,
18:15:26.85913872, 3.3333E-02, 1.0133E+01, 0.0000E+00,
18:15:26.85913877, 6.6667E-02, 1.0100E+01,-3.3333E-01,
18:15:26.85913882,-6.6667E-02, 1.0133E+01,-6.6667E-01,
18:15:26.85913887, 3.3333E-02, 1.0133E+01, 3.3333E-01,
18:15:26.85913892, 0.0000E+00, 1.0133E+01,-3.3333E-01,
18:15:26.85913897, 0.0000E+00, 1.0100E+01,-3.3333E-01,
18:15:26.85913902, 3.3333E-02, 1.0233E+01,-3.3333E-01,
18:15:26.85913907, 0.0000E+00, 1.0100E+01,-6.6667E-01,
18:15:26.85913912,-3.3333E-02, 1.0167E+01, 6.6667E-01,
18:15:26.85913917,-3.3333E-02, 1.0133E+01,-6.6667E-01,
18:15:26.85913922, 0.0000E+00, 1.0167E+01, 3.3333E-01,
18:15:26.85913927, 3.3333E-02, 1.0167E+01,-3.3333E-01,
18:15:26.85913932,-3.3333E-02, 1.0167E+01, 0.0000E+00,
18:15:26.85913937, 3.3333E-02, 1.0233E+01,-6.6667E-01,
18:15:26.85913942, 0.0000E+00, 1.0133E+01,-6.6667E-01,
18:15:26.85913947, 3.3333E-02, 1.0200E+01, 0.0000E+00,
18:15:26.85913952, 3.3333E-02, 1.0167E+01, 3.3333E-01,
18:15:26.85913957, 6.6667E-02, 1.0100E+01, 0.0000E+00,
18:15:26.85913962, 3.3333E-02, 1.0167E+01,-3.3333E-01,
18:15:26.85913967, 0.0000E+00, 1.0200E+01,-3.3333E-01,
18:15:26.85913972, 0.0000E+00, 1.0100E+01, 0.0000E+00,
18:15:26.85913977, 0.0000E+00, 1.0133E+01, 3.3333E-01,
18:15:26.85913982, 0.0000E+00, 1.0133E+01,-6.6667E-01,
18:15:26.85913987,-6.6667E-02, 1.0133E+01, 0.0000E+00,
18:15:26.85913992,-3.3333E-02, 1.0100E+01,-3.3333E-01,
18:15:26.85913997, 3.3333E-02, 1.0133E+01, 0.0000E+00,
18:15:26.85914002, 3.3333E-02, 1.0167E+01,-3.3333E-01,
18:15:26.85914007, 3.3333E-02, 1.0133E+01, 3.3333E-01,
18:15:26.85914012, 3.3333E-02, 1.0133E+01,-6.6667E-01,
18:15:26.85914017, 0.0000E+00, 1.0100E+01,-3.3333E-01,
18:15:26.85914022, 0.0000E+00, 1.0167E+01, 0.0000E+00,
18:15:26.85914027, 3.3333E-02, 1.0133E+01, 0.0000E+00,
18:15:26.85914032, 0.0000E+00, 1.0133E+01, 0.0000E+00,
18:15:26.85914037, 0.0000E+00, 1.0100E+01, 0.0000E+00,
18:15:26.85914042, 0.0000E+00, 1.0100E+01, 3.3333E-01,
18:15:26.85914047, 6.6667E-02, 1.0100E+01,-1.0000E+00,
18:15:26.85914052, 0.0000E+00, 1.0100E+01,-3.3333E-01,
18:15:26.85914057, 0.0000E+00, 1.0200E+01,-3.3333E-01,
18:15:26.85914062,-3.3333E-02, 1.0233E+01,-3.3333E-01,
18:15:26.85914067, 1.0000E-01, 1.0100E+01,-3.3333E-01,
18:15:26.85914072, 3.3333E-02, 1.0167E+01,-3.3333E-01,
18:15:26.85914077, 3.3333E-02, 1.0167E+01,-3.3333E-01,
18:15:26.85914082, 3.3333E-02, 1.0167E+01, 0.0000E+00,
18:15:26.85914087, 3.3333E-02, 1.0167E+01,-6.6667E-01,
18:15:26.85914092, 0.0000E+00, 1.0167E+01,-6.6667E-01,
18:15:26.85914097,-3.3333E-02, 1.0200E+01, 0.0000E+00,
18:15:26.85914102,-6.6667E-02, 1.0167E+01, 3.3333E-01,
18:15:26.85914107, 3.3333E-02, 1.0133E+01, 3.3333E-01,
18:15:26.85914112, 0.0000E+00, 1.0133E+01,-3.3333E-01,
18:15:26.85914117, 6.6667E-02, 1.0167E+01, 0.0000E+00,
18:15:26.85914122,-3.3333E-02, 1.0133E+01,-3.3333E-01,
18:15:26.85914127,-3.3333E-02, 1.0100E+01, 0.0000E+00,
18:15:26.85914132, 0.0000E+00, 1.0100E+01, 3.3333E-01,
18:15:26.85914137,-3.3333E-02, 1.0100E+01,-3.3333E-01,
18:15:26.85914142, 6.6667E-02, 1.0167E+01, 0.0000E+00,
18:15:26.85914147,-3.3333E-02, 1.0100E+01,-3.3333E-01,
18:15:26.85914152, 3.3333E-02, 1.0133E+01, 0.0000E+00,
18:15:26.85914157, 3.3333E-02, 1.0133E+01, 3.3333E-01,
18:15:26.85914162, 1.0000E-01, 1.0167E+01, 0.0000E+00,
18:15:26.85914167, 6.6667E-02, 1.0100E+01, 3.3333E-01,
18:15:26.85914172, 3.3333E-02, 1.0133E+01,-3.3333E-01,
18:15:26.85914177, 3.3333E-02, 1.0100E+01, 0.0000E+00,
18:15:26.85914182, 1.0000E-01, 1.0133E+01,-3.3333E-01,
18:15:26.85914187, 3.3333E-02, 1.0133E+01,-6.6667E-01,
18:15:26.85914192,-3.3333E-02, 1.0100E+01, 3.3333E-01,
18:15:26.85914197, 3.3333E-02, 1.0100E+01, 0.0000E+00,
18:15:26.85914202, 6.6667E-02, 1.0167E+01, 0.0000E+00,
18:15:26.85914207, 0.0000E+00, 1.0167E+01, 0.0000E+00,
18:15:26.85914212, 3.3333E-02, 1.0067E+01, 0.0000E+00,
18:15:26.85914217, 3.3333E-02, 1.0100E+01,-3.3333E-01,
18:15:26.85914222, 0.0000E+00, 1.0133E+01,-1.0000E+00,
18:15:26.85914227, 0.0000E+00, 1.0133E+01, 6.6667E-01,
18:15:26.85914232,-3.3333E-02, 1.0167E+01, 0.0000E+00,
18:15:26.85914237, 0.0000E+00, 1.0100E+01,-3.3333E-01,
18:15:26.85914242, 0.0000E+00, 1.0167E+01,-1.0000E+00,
18:15:26.85914247, 3.3333E-02, 1.0200E+01, 3.3333E-01,
18:15:26.85914252,-3.3333E-02, 1.0133E+01, 3.3333E-01,
18:15:26.85914257, 0.0000E+00, 1.0167E+01, 3.3333E-01,
18:15:26.85914262,-6.6667E-02, 1.0100E+01,-3.3333E-01,
18:15:26.85914267, 6.6667E-02, 1.0167E+01,-3.3333E-01,
18:15:26.85914272, 0.0000E+00, 1.0133E+01, 0.0000E+00,
18:15:26.85914277,-3.3333E-02, 1.0200E+01, 6.6667E-01,
18:15:26.85914282, 0.0000E+00, 1.0133E+01,-6.6667E-01,
18:15:26.85914287, 3.3333E-02, 1.0133E+01,-6.6667E-01,
18:15:26.85914292, 3.3333E-02, 1.0167E+01, 0.0000E+00,
18:15:26.85914297, 3.3333E-02, 1.0100E+01, 0.0000E+00,
18:15:26.85914302, 3.3333E-02, 1.0167E+01, 3.3333E-01,
18:15:26.85914307, 6.6667E-02, 1.0100E+01,-6.6667E-01,
18:15:26.85914312, 0.0000E+00, 1.0200E+01, 6.6667E-01,
18:15:26.85914317, 0.0000E+00, 1.0133E+01,-3.3333E-01,
18:15:26.85914322, 3.3333E-02, 1.0200E+01,-6.6667E-01,
18:15:26.85914327, 0.0000E+00, 1.0100E+01,-6.6667E-01,
18:15:26.85914332,-3.3333E-02, 1.0133E+01,-3.3333E-01,
18:15:26.85914337, 6.6667E-02, 1.0167E+01,-6.6667E-01,
18:15:26.85914342, 3.3333E-02, 1.0167E+01,-6.6667E-01,
18:15:26.85914347, 0.0000E+00, 1.0167E+01, 0.0000E+00,
18:15:26.85914352, 3.3333E-02, 1.0133E+01, 6.6667E-01,
18:15:26.85914357,-3.3333E-02, 1.0100E+01,-6.6667E-01,
18:15:26.85914362, 3.3333E-02, 1.0133E+01,-3.3333E-01,
18:15:26.85914367, 6.6667E-02, 1.0133E+01,-6.6667E-01,
18:15:26.85914372, 0.0000E+00, 1.0133E+01, 0.0000E+00,
18:15:26.85914377,-3.3333E-02, 1.0200E+01, 3.3333E-01,
18:15:26.85914382, 3.3333E-02, 1.0100E+01, 3.3333E-01,
18:15:26.85914387, 6.6667E-02, 1.0233E+01,-6.6667E-01,
18:15:26.85914392,-6.6667E-02, 1.0200E+01, 0.0000E+00,
18:15:26.85914397, 6.6667E-02, 1.0200E+01,-3.3333E-01,
18:15:26.85914402, 0.0000E+00, 1.0100E+01,-3.3333E-01,
18:15:26.85914407, 0.0000E+00, 1.0100E+01,-3.3333E-01,
18:15:26.85914412, 3.3333E-02, 1.0100E+01,-6.6667E-01,
18:15:26.85914417, 6.6667E-02, 1.0133E+01,-1.0000E+00,
18:15:26.85914422, 0.0000E+00, 1.0100E+01,-3.3333E-01,
18:15:26.85914427, 0.0000E+00, 1.0167E+01,-3.3333E-01,
18:15:26.85914432, 3.3333E-02, 1.0167E+01, 0.0000E+00,
18:15:26.85914437, 6.6667E-02, 1.0133E+01, 0.0000E+00,
18:15:26.85914442, 3.3333E-02, 1.0167E+01, 0.0000E+00,
18:15:26.85914447, 3.3333E-02, 1.0100E+01, 3.3333E-01,
18:15:26.85914452, 1.0000E-01, 1.0167E+01,-6.6667E-01,
18:15:26.85914457, 0.0000E+00, 1.0133E+01,-3.3333E-01,
18:15:26.85914462,-3.3333E-02, 1.0133E+01, 0.0000E+00,
18:15:26.85914467, 3.3333E-02, 1.0233E+01, 0.0000E+00,
18:15:26.85914472, 6.6667E-02, 1.0167E+01,-1.0000E+00,
18:15:26.85914477,-3.3333E-02, 1.0167E+01, 0.0000E+00,
18:15:26.85914482, 0.0000E+00, 1.0200E+01,-3.3333E-01,
18:15:26.85914487, 0.0000E+00, 1.0100E+01,-6.6667E-01,
18:15:26.85914492, 0.0000E+00, 1.0133E+01, 3.3333E-01,
18:15:26.85914497, 3.3333E-02, 1.0200E+01,-6.6667E-01,
18:15:26.85914502, 6.6667E-02, 1.0167E+01, 0.0000E+00,
18:15:26.85914507, 0.0000E+00, 1.0100E+01,-6.6667E-01,
18:15:26.85914512,-3.3333E-02, 1.0167E+01,-6.6667E-01,
18:15:26.85914517, 3.3333E-02, 1.0167E+01,-3.3333E-01,
18:15:26.85914522, 0.0000E+00, 1.0167E+01, 3.3333E-01,
18:15:26.85914527, 0.0000E+00, 1.0133E+01,-3.3333E-01,
18:15:26.85914532, 3.3333E-02, 1.0133E+01, 0.0000E+00,
18:15:26.85914537, 3.3333E-02, 1.0167E+01,-3.3333E-01,
18:15:26.85914542, 3.3333E-02, 1.0133E+01, 0.0000E+00,
18:15:26.85914547, 3.3333E-02, 1.0167E+01,-3.3333E-01,
18:15:26.85914552, 3.3333E-02, 1.0133E+01,-3.3333E-01,
18:15:26.85914557, 3.3333E-02, 1.0133E+01,-1.0000E+00,
18:15:26.85914562, 6.6667E-02, 1.0167E+01,-3.3333E-01,
18:15:26.85914567, 0.0000E+00, 1.0100E+01,-1.6667E+00,
18:15:26.85914572,-3.3333E-02, 1.0200E+01, 0.0000E+00,
18:15:26.85914577,-3.3333E-02, 1.0133E+01, 3.3333E-01,
18:15:26.85914582, 3.3333E-02, 1.0167E+01, 0.0000E+00,
18:15:26.85914587, 0.0000E+00, 1.0167E+01, 3.3333E-01,
18:15:26.85914592, 6.6667E-02, 1.0133E+01,-3.3333E-01,
18:15:26.85914597, 6.6667E-02, 1.0133E+01,-3.3333E-01,
18:15:26.85914602,-3.3333E-02, 1.0133E+01,-1.3333E+00,
18:15:26.85914607,-6.6667E-02, 1.0167E+01,-3.3333E-01,
18:15:26.85914612, 0.0000E+00, 1.0167E+01, 0.0000E+00,
18:15:26.85914617,-3.3333E-02, 1.0100E+01, 3.3333E-01,
18:15:26.85914622,-3.3333E-02, 1.0200E+01, 0.0000E+00,
18:15:26.85914627, 6.6667E-02, 1.0200E+01, 3.3333E-01,
18:15:26.85914632, 3.3333E-02, 1.0100E+01,-1.0000E+00,
18:15:26.85914637, 3.3333E-02, 1.0200E+01,-3.3333E-01,
18:15:26.85914642, 3.3333E-02, 1.0133E+01, 0.0000E+00,
18:15:26.85914647, 3.3333E-02, 1.0100E+01, 0.0000E+00,
18:15:26.85914652, 3.3333E-02, 1.0133E+01,-3.3333E-01,
18:15:26.85914657,-3.3333E-02, 1.0133E+01,-3.3333E-01,
18:15:26.85914662,-6.6667E-02, 1.0100E+01,-3.3333E-01,
18:15:26.85914667, 3.3333E-02, 1.0167E+01, 3.3333E-01,
18:15:26.85914672,-3.3333E-02, 1.0133E+01, 6.6667E-01,
18:15:26.85914677, 3.3333E-02, 1.0167E+01, 0.0000E+00,
18:15:26.85914682, 3.3333E-02, 1.0133E+01,-3.3333E-01,
18:15:26.85914687, 0.0000E+00, 1.0133E+01, 3.3333E-01,
18:15:26.85914692, 6.6667E-02, 1.0133E+01, 0.0000E+00,
18:15:26.85914697, 0.0000E+00, 1.0100E+01,-6.6667E-01,
18:15:26.85914702, 3.3333E-02, 1.0167E+01,-1.0000E+00,
18:15:26.85914707, 0.0000E+00, 1.0100E+01,-3.3333E-01,
18:15:26.85914712, 0.0000E+00, 1.0167E+01, 0.0000E+00,
18:15:26.85914717,-3.3333E-02, 1.0167E+01, 0.0000E+00,
18:15:26.85914722,-3.3333E-02, 1.0100E+01,-6.6667E-01,
18:15:26.85914727, 0.0000E+00, 1.0200E+01, 0.0000E+00,
18:15:26.85914732, 0.0000E+00, 1.0200E+01, 3.3333E-01,
18:15:26.85914737, 3.3333E-02, 1.0133E+01,-3.3333E-01,
18:15:26.85914742, 6.6667E-02, 1.0167E+01, 3.3333E-01,
18:15:26.85914747, 6.6667E-02, 1.0133E+01, 0.0000E+00,
18:15:26.85914752,-3.3333E-02, 1.0167E+01, 3.3333E-01,
18:15:26.85914757, 0.0000E+00, 1.0100E+01, 3.3333E-01,
18:15:26.85914762, 3.3333E-02, 1.0100E+01,-3.3333E-01,
18:15:26.85914767, 3.3333E-02, 1.0167E+01,-6.6667E-01,
18:15:26.85914772, 6.6667E-02, 1.0100E+01, 1.0000E+00,
18:15:26.85914777, 3.3333E-02, 1.0200E+01, 0.0000E+00,
18:15:26.85914782,-3.3333E-02, 1.0100E+01,-3.3333E-01,
18:15:26.85914787, 3.3333E-02, 1.0100E+01,-3.3333E-01,
18:15:26.85914792, 6.6667E-02, 1.0133E+01, 0.0000E+00,
18:15:26.85914797, 3.3333E-02, 1.0167E+01,-3.3333E-01,
18:15:26.85914802, 3.3333E-02, 1.0167E+01,-6.6667E-01,
18:15:26.85914807, 0.0000E+00, 1.0167E+01,-1.0000E+00,
18:15:26.85914812, 0.0000E+00, 1.0100E+01,-6.6667E-01,
18:15:26.85914817, 0.0000E+00, 1.0167E+01, 0.0000E+00,
18:15:26.85914822, 3.3333E-02, 1.0200E+01, 0.0000E+00,
18:15:26.85914827, 6.6667E-02, 1.0133E+01, 0.0000E+00,
18:15:26.85914832, 6.6667E-02, 1.0100E+01, 0.0000E+00,
18:15:26.85914837,-6.6667E-02, 1.0167E+01,-3.3333E-01,
18:15:26.85914842, 0.0000E+00, 1.0100E+01,-3.3333E-01,
18:15:26.85914847,-3.3333E-02, 1.0167E+01, 0.0000E+00,
18:15:26.85914852, 6.6667E-02, 1.0133E+01, 3.3333E-01,
18:15:26.85914857, 3.3333E-02, 1.0167E+01,-1.0000E+00,
18:15:26.85914862, 0.0000E+00, 1.0200E+01, 3.3333E-01,
18:15:26.85914867, 0.0000E+00, 1.0167E+01,-3.3333E-01,
18:15:26.85914872, 6.6667E-02, 1.0233E+01, 3.3333E-01,
18:15:26.85914877, 0.0000E+00, 1.0167E+01,-3.3333E-01,
18:15:26.85914882,-3.3333E-02, 1.0133E+01, 0.0000E+00,
18:15:26.85914887, 0.0000E+00, 1.0133E+01,-1.0000E+00,
18:15:26.85914892, 3.3333E-02, 1.0167E+01, 0.0000E+00,
18:15:26.85914897,-3.3333E-02, 1.0167E+01, 0.0000E+00,
18:15:26.85914902, 3.3333E-02, 1.0167E+01,-6.6667E-01,
18:15:26.85914907, 0.0000E+00, 1.0133E+01, 6.6667E-01,
18:15:26.85914912, 3.3333E-02, 1.0167E+01, 0.0000E+00,
18:15:26.85914917, 3.3333E-02, 1.0100E+01, 0.0000E+00,
18:15:26.85914922, 0.0000E+00, 1.0133E+01,-6.6667E-01,
18:15:26.85914927, 6.6667E-02, 1.0133E+01, 0.0000E+00,
18:15:26.85914932, 0.0000E+00, 1.0100E+01, 0.0000E+00,
18:15:26.85914937, 0.0000E+00, 1.0133E+01, 0.0000E+00,
18:15:26.85914942, 3.3333E-02, 1.0200E+01,-3.3333E-01,
18:15:26.85914947, 3.3333E-02, 1.0200E+01, 0.0000E+00,
18:15:26.85914952, 0.0000E+00, 1.0133E+01, 0.0000E+00,
18:15:26.85914957, 0.0000E+00, 1.0133E+01,-1.0000E+00,
18:15:26.85914962, 0.0000E+00, 1.0167E+01,-6.6667E-01,
18:15:26.85914967, 3.3333E-02, 1.0133E+01,-6.6667E-01,
18:15:26.85914972, 6.6667E-02, 1.0100E+01,-3.3333E-01,
18:15:26.85914977, 0.0000E+00, 1.0100E+01, 0.0000E+00,
18:15:26.85914982, 0.0000E+00, 1.0167E+01,-6.6667E-01,
18:15:26.85914987,-3.3333E-02, 1.0133E+01, 0.0000E+00,
18:15:26.85914992, 0.0000E+00, 1.0133E+01, 3.3333E-01,
18:15:26.85914997,-3.3333E-02, 1.0167E+01, 0.0000E+00,
18:15:26.85915002, 3.3333E-02, 1.0233E+01,-3.3333E-01,
18:15:26.85915007,-3.3333E-02, 1.0167E+01, 0.0000E+00,
18:15:26.85915012,-3.3333E-02, 1.0167E+01,-3.3333E-01,
18:15:26.85915017,-3.3333E-02, 1.0167E+01, 0.0000E+00,
18:15:26.85915022, 6.6667E-02, 1.0100E+01,-3.3333E-01,
18:15:26.85915027, 0.0000E+00, 1.0167E+01, 0.0000E+00,
18:15:26.85915032, 3.3333E-02, 1.0167E+01, 0.0000E+00,
18:15:26.85915037,-3.3333E-02, 1.0133E+01,-3.3333E-01,
18:15:26.85915042,-3.3333E-02, 1.0100E+01,-6.6667E-01,
18:15:26.85915047,-6.6667E-02, 1.0167E+01,-6.6667E-01,
18:15:26.85915052, 3.3333E-02, 1.0133E+01, 0.0000E+00,
18:15:26.85915057, 0.0000E+00, 1.0100E+01, 3.3333E-01,
18:15:26.85915062, 3.3333E-02, 1.0167E+01,-3.3333E-01,
18:15:26.85915067, 3.3333E-02, 1.0100E+01, 3.3333E-01,
18:15:26.85915072, 6.6667E-02, 1.0233E+01,-6.6667E-01,
18:15:26.85915077, 3.3333E-02, 1.0133E+01,-6.6667E-01,
18:15:26.85915082,-3.3333E-02, 1.0133E+01,-3.3333E-01,
18:15:26.85915087, 6.6667E-02, 1.0133E+01,-1.0000E+00,
18:15:26.85915092, 6.6667E-02, 1.0133E+01,-6.6667E-01,
18:15:26.85915097, 3.3333E-02, 1.0167E+01,-3.3333E-01,
18:15:26.85915102, 2.0000E-01, 1.0233E+01, 0.0000E+00,
18:15:26.85915107, 5.0000E-01, 1.0100E+01, 0.0000E+00,
18:15:26.85915112, 8.0000E-01, 1.0133E+01, 0.0000E+00,
18:15:26.85915117, 1.0333E+00, 1.0100E+01, 0.0000E+00,
18:15:26.85915122, 1.0667E+00, 1.0200E+01, 0.0000E+00,
18:15:26.85915127, 1.0667E+00, 1.0167E+01, 0.0000E+00,
18:15:26.85915132, 1.1333E+00, 1.0167E+01, 3.3333E-01,
18:15:26.85915137, 1.0000E+00, 1.0100E+01,-3.3333E-01,
18:15:26.85915142, 1.0667E+00, 1.0100E+01,-3.3333E-01,
18:15:26.85915147, 1.1000E+00, 1.0133E+01,-3.3333E-01,
18:15:26.85915152, 1.1667E+00, 1.0133E+01, 0.0000E+00,
18:15:26.85915157, 1.1333E+00, 1.0133E+01,-6.6667E-01,
18:15:26.85915162, 1.1333E+00, 1.0100E+01,-6.6667E-01,
18:15:26.85915167, 1.1333E+00, 1.0133E+01, 0.0000E+00,
18:15:26.85915172, 1.1000E+00, 1.0133E+01, 0.0000E+00,
18:15:26.85915177, 1.0333E+00, 1.0167E+01, 0.0000E+00,
18:15:26.85915182, 1.0333E+00, 1.0167E+01,-3.3333E-01,
18:15:26.85915187, 1.1000E+00, 1.0167E+01,-3.3333E-01,
18:15:26.85915192, 1.0667E+00, 1.0167E+01,-6.6667E-01,
18:15:26.85915197, 1.0667E+00, 1.0100E+01, 0.0000E+00,
18:15:26.85915202, 1.0667E+00, 1.0100E+01,-3.3333E-01,
18:15:26.85915207, 1.0667E+00, 1.0100E+01,-3.3333E-01,
18:15:26.85915212, 1.1000E+00, 1.0100E+01,-3.3333E-01,
18:15:26.85915217, 1.0333E+00, 1.0133E+01, 0.0000E+00,
18:15:26.85915222, 1.1000E+00, 1.0133E+01, 0.0000E+00,
18:15:26.85915227, 1.0333E+00, 1.0133E+01, 0.0000E+00,
18:15:26.85915232, 1.0000E+00, 1.0133E+01,-6.6667E-01,
18:15:26.85915237, 1.0667E+00, 1.0100E+01,-3.3333E-01,
18:15:26.85915242, 1.1000E+00, 1.0233E+01,-1.0000E+00,
18:15:26.85915247, 1.2000E+00, 1.0167E+01, 6.6667E-01,
18:15:26.85915252, 1.1000E+00, 1.0100E+01,-3.3333E-01,
18:15:26.85915257, 1.0667E+00, 1.0167E+01,-6.6667E-01,
18:15:26.85915262, 1.1333E+00, 1.0167E+01, 0.0000E+00,
18:15:26.85915267, 1.1000E+00, 1.0100E+01, 0.0000E+00,
18:15:26.85915272, 1.0000E+00, 1.0133E+01,-3.3333E-01,
18:15:26.85915277, 1.0667E+00, 1.0167E+01, 0.0000E+00,
18:15:26.85915282, 9.6667E-01, 1.0167E+01, 0.0000E+00,
18:15:26.85915287, 1.0667E+00, 1.0133E+01,-3.3333E-01,
18:15:26.85915292, 1.0333E+00, 1.0167E+01, 0.0000E+00,
18:15:26.85915297, 1.0333E+00, 1.0100E+01, 3.3333E-01,
18:15:26.85915302, 1.1333E+00, 1.0167E+01,-6.6667E-01,
18:15:26.85915307, 1.0333E+00, 1.0133E+01,-3.3333E-01,
18:15:26.85915312, 1.1000E+00, 1.0167E+01,-6.6667E-01,
18:15:26.85915317, 1.0667E+00, 1.0133E+01, 0.0000E+00,
18:15:26.85915322, 1.0000E+00, 1.0200E+01, 0.0000E+00,
18:15:26.85915327, 9.6667E-01, 1.0167E+01,-3.3333E-01,
18:15:26.85915332, 1.0333E+00, 1.0133E+01, 0.0000E+00,
18:15:26.85915337, 1.0667E+00, 1.0133E+01,-3.3333E-01,
18:15:26.85915342, 1.0667E+00, 1.0133E+01,-3.3333E-01,
18:15:26.85915347, 1.1000E+00, 1.0133E+01, 1.0000E+00,
18:15:26.85915352, 1.0333E+00, 1.0100E+01,-3.3333E-01,
18:15:26.85915357, 1.1000E+00, 1.0133E+01,-3.3333E-01,
18:15:26.85915362, 1.0000E+00, 1.0233E+01, 0.0000E+00,
18:15:26.85915367, 1.0667E+00, 1.0100E+01, 3.3333E-01,
18:15:26.85915372, 1.0667E+00, 1.0167E+01,-3.3333E-01,
18:15:26.85915377, 9.6667E-01, 1.0167E+01,-3.3333E-01,
18:15:26.85915382, 1.0000E+00, 1.0167E+01,-3.3333E-01,
18:15:26.85915387, 1.1000E+00, 1.0167E+01,-3.3333E-01,
18:15:26.85915392, 1.0333E+00, 1.0100E+01,-3.3333E-01,
18:15:26.85915397, 1.0000E+00, 1.0167E+01, 0.0000E+00,
18:15:26.85915402, 1.1000E+00, 1.0100E+01,-3.3333E-01,
18:15:26.85915407, 1.0333E+00, 1.0100E+01,-6.6667E-01,
18:15:26.85915412, 1.0667E+00, 1.0100E+01,-6.6667E-01,
18:15:26.85915417, 1.0667E+00, 1.0167E+01, 3.3333E-01,
18:15:26.85915422, 1.0000E+00, 1.0200E+01,-3.3333E-01,
18:15:26.85915427, 1.0667E+00, 1.0167E+01,-6.6667E-01,
18:15:26.85915432, 1.0333E+00, 1.0133E+01,-6.6667E-01,
18:15:26.85915437, 1.0000E+00, 1.0167E+01,-3.3333E-01,
18:15:26.85915442, 1.1000E+00, 1.0167E+01,-3.3333E-01,
18:15:26.85915447, 9.6667E-01, 1.0167E+01,-3.3333E-01,
18:15:26.85915452, 1.0667E+00, 1.0100E+01,-1.0000E+00,
18:15:26.85915457, 1.0000E+00, 1.0200E+01, 0.0000E+00,
18:15:26.85915462, 1.0667E+00, 1.0167E+01,-3.3333E-01,
18:15:26.85915467, 1.0667E+00, 1.0133E+01,-6.6667E-01,
18:15:26.85915472, 1.0000E+00, 1.0133E+01, 0.0000E+00,
18:15:26.85915477, 1.0333E+00, 1.0200E+01,-3.3333E-01,
18:15:26.85915482, 1.0333E+00, 1.0133E+01,-3.3333E-01,
18:15:26.85915487, 1.0667E+00, 1.0200E+01, 3.3333E-01,
18:15:26.85915492, 1.0000E+00, 1.0167E+01,-3.3333E-01,
18:15:26.85915497, 9.6667E-01, 1.0100E+01, 0.0000E+00,
18:15:26.85915502, 1.1000E+00, 1.0100E+01,-3.3333E-01,
18:15:26.85915507, 1.0333E+00, 1.0167E+01, 3.3333E-01,
18:15:26.85915512, 1.0000E+00, 1.0167E+01, 0.0000E+00,
18:15:26.85915517, 1.1000E+00, 1.0133E+01, 0.0000E+00,
18:15:26.85915522, 1.0667E+00, 1.0167E+01,-3.3333E-01,
18:15:26.85915527, 1.0667E+00, 1.0200E+01, 0.0000E+00,
18:15:26.85915532, 1.0333E+00, 1.0133E+01,-6.6667E-01,
18:15:26.85915537, 1.0000E+00, 1.0233E+01, 0.0000E+00,
18:15:26.85915542, 1.0333E+00, 1.0133E+01, 0.0000E+00,
18:15:26.85915547, 1.0333E+00, 1.0100E+01,-3.3333E-01,
18:15:26.85915552, 1.0667E+00, 1.0133E+01, 0.0000E+00,
18:15:26.85915557, 1.0000E+00, 1.0167E+01, 0.0000E+00,
18:15:26.85915562, 1.0000E+00, 1.0133E+01,-3.3333E-01,
18:15:26.85915567, 1.1000E+00, 1.0133E+01, 0.0000E+00,
18:15:26.85915572, 1.0667E+00, 1.0200E+01,-3.3333E-01,
18:15:26.85915577, 1.0667E+00, 1.0100E+01, 0.0000E+00,
18:15:26.85915582, 1.0667E+00, 1.0167E+01, 0.0000E+00,
18:15:26.85915587, 1.0667E+00, 1.0200E+01,-3.3333E-01,
18:15:26.85915592, 1.0000E+00, 1.0133E+01,-3.3333E-01,
18:15:26.85915597, 1.1000E+00, 1.0200E+01,-6.6667E-01,
18:15:26.85915602, 1.0000E+00, 1.0133E+01,-3.3333E-01,
18:15:26.85915607, 9.6667E-01, 1.0100E+01, 0.0000E+00,
18:15:26.85915612, 1.0667E+00, 1.0200E+01,-3.3333E-01,
18:15:26.85915617, 1.0000E+00, 1.0100E+01, 0.0000E+00,
18:15:26.85915622, 1.0333E+00, 1.0167E+01,-1.0000E+00,
18:15:26.85915627, 1.0333E+00, 1.0100E+01,-6.6667E-01,
18:15:26.85915632, 1.0667E+00, 1.0100E+01, 6.6667E-01,
18:15:26.85915637, 9.6667E-01, 1.0167E+01, 0.0000E+00,
18:15:26.85915642, 1.0333E+00, 1.0167E+01, 0.0000E+00,
18:15:26.85915647, 1.0667E+00, 1.0167E+01, 0.0000E+00,
18:15:26.85915652, 1.0667E+00, 1.0133E+01, 0.0000E+00,
18:15:26.85915657, 9.6667E-01, 1.0133E+01, 3.3333E-01,
18:15:26.85915662, 1.0667E+00, 1.0100E+01,-3.3333E-01,
18:15:26.85915667, 9.6667E-01, 1.0100E+01,-6.6667E-01,
18:15:26.85915672, 1.0333E+00, 1.0167E+01, 0.0000E+00,
18:15:26.85915677, 1.1333E+00, 1.0233E+01,-3.3333E-01,
18:15:26.85915682, 1.0333E+00, 1.0167E+01, 3.3333E-01,
18:15:26.85915687, 9.6667E-01, 1.0200E+01,-3.3333E-01,
18:15:26.85915692, 1.0333E+00, 1.0167E+01, 0.0000E+00,
18:15:26.85915697, 1.0000E+00, 1.0133E+01, 0.0000E+00,
18:15:26.85915702, 1.1000E+00, 1.0200E+01,-3.3333E-01,
18:15:26.85915707, 1.0000E+00, 1.0133E+01,-3.3333E-01,
18:15:26.85915712, 9.3333E-01, 1.0200E+01, 3.3333E-01,
18:15:26.85915717, 1.0667E+00, 1.0200E+01, 0.0000E+00,
18:15:26.85915722, 1.0333E+00, 1.0133E+01,-3.3333E-01,
18:15:26.85915727, 1.0000E+00, 1.0100E+01, 0.0000E+00,
18:15:26.85915732, 1.0333E+00, 1.0167E+01, 0.0000E+00,
18:15:26.85915737, 1.0000E+00, 1.0100E+01,-6.6667E-01,
18:15:26.85915742, 1.0000E+00, 1.0167E+01, 3.3333E-01,
18:15:26.85915747, 1.0333E+00, 1.0100E+01,-1.0000E+00,
18:15:26.85915752, 1.0667E+00, 1.0167E+01,-1.0000E+00,
18:15:26.85915757, 1.0333E+00, 1.0167E+01, 0.0000E+00,
18:15:26.85915762, 1.0333E+00, 1.0100E+01, 0.0000E+00,
18:15:26.85915767, 1.0000E+00, 1.0100E+01,-3.3333E-01,
18:15:26.85915772, 9.6667E-01, 1.0167E+01,-3.3333E-01,
18:15:26.85915777, 1.1000E+00, 1.0133E+01, 6.6667E-01,
18:15:26.85915782, 9.3333E-01, 1.0133E+01,-3.3333E-01,
18:15:26.85915787, 1.1333E+00, 1.0100E+01,-3.3333E-01,
18:15:26.85915792, 9.6667E-01, 1.0100E+01,-6.6667E-01,
18:15:26.85915797, 1.1000E+00, 1.0167E+01,-3.3333E-01,
18:15:26.85915802, 1.0000E+00, 1.0133E+01, 0.0000E+00,
18:15:26.85915807, 9.6667E-01, 1.0100E+01,-3.3333E-01,
18:15:26.85915812, 1.0333E+00, 1.0200E+01, 3.3333E-01,
18:15:26.85915817, 1.0667E+00, 1.0133E+01, 0.0000E+00,
18:15:26.85915822, 1.0667E+00, 1.0100E+01, 3.3333E-01,
18:15:26.85915827, 1.0000E+00, 1.0133E+01, 3.3333E-01,
18:15:26.85915832, 1.0333E+00, 1.0233E+01, 3.3333E-01,
18:15:26.85915837, 1.0333E+00, 1.0200E+01, 3.3333E-01,
18:15:26.85915842, 1.0000E+00, 1.0167E+01,-3.3333E-01,
18:15:26.85915847, 1.0333E+00, 1.0133E+01,-3.3333E-01,
18:15:26.85915852, 9.6667E-01, 1.0133E+01, 0.0000E+00,
18:15:26.85915857, 9.3333E-01, 1.0167E+01, 3.3333E-01,
18:15:26.85915862, 1.0667E+00, 1.0100E+01,-3.3333E-01,
18:15:26.85915867, 1.0667E+00, 1.0133E+01,-6.6667E-01,
18:15:26.85915872, 1.0333E+00, 1.0100E+01,-3.3333E-01,
18:15:26.85915877, 1.0667E+00, 1.0100E+01,-3.3333E-01,
18:15:26.85915882, 1.0333E+00, 1.0100E+01,-3.3333E-01,
18:15:26.85915887, 1.0000E+00, 1.0167E+01, 3.3333E-01,
18:15:26.85915892, 1.0667E+00, 1.0167E+01,-6.6667E-01,
18:15:26.85915897, 1.0333E+00, 1.0167E+01, 6.6667E-01,
18:15:26.85915902, 1.0000E+00, 1.0133E+01, 0.0000E+00,
18:15:26.85915907, 1.0333E+00, 1.0200E+01,-3.3333E-01,
18:15:26.85915912, 1.0667E+00, 1.0133E+01,-3.3333E-01,
18:15:26.85915917, 1.0667E+00, 1.0100E+01, 0.0000E+00,
18:15:26.85915922, 1.0333E+00, 1.0167E+01,-6.6667E-01,
18:15:26.85915927, 9.6667E-01, 1.0167E+01, 3.3333E-01,
18:15:26.85915932, 1.0333E+00, 1.0133E+01,-6.6667E-01,
18:15:26.85915937, 1.0667E+00, 1.0133E+01, 6.6667E-01,
18:15:26.85915942, 1.0333E+00, 1.0100E+01, 0.0000E+00,
18:15:26.85915947, 1.1000E+00, 1.0200E+01,-6.6667E-01,
18:15:26.85915952, 1.0667E+00, 1.0200E+01,-6.6667E-01,
18:15:26.85915957, 1.0333E+00, 1.0200E+01,-3.3333E-01,
18:15:26.85915962, 1.0000E+00, 1.0100E+01,-6.6667E-01,
18:15:26.85915967, 1.0667E+00, 1.0167E+01,-6.6667E-01,
18:15:26.85915972, 1.1000E+00, 1.0167E+01,-3.3333E-01,
18:15:26.85915977, 1.0667E+00, 1.0133E+01,-3.3333E-01,
18:15:26.85915982, 1.0667E+00, 1.0267E+01,-3.3333E-01,
18:15:26.85915987, 1.0000E+00, 1.0133E+01, 1.0000E+00,
18:15:26.85915992, 1.0667E+00, 1.0167E+01,-6.6667E-01,
18:15:26.85915997, 1.1000E+00, 1.0167E+01, 0.0000E+00,
18:15:26.85916002, 1.1000E+00, 1.0167E+01, 6.6667E-01,
18:15:26.85916007, 1.0333E+00, 1.0133E+01,-3.3333E-01,
18:15:26.85916012, 1.1000E+00, 1.0233E+01,-3.3333E-01,
18:15:26.85916017, 1.0667E+00, 1.0100E+01, 0.0000E+00,
18:15:26.85916022, 1.1000E+00, 1.0133E+01,-3.3333E-01,
18:15:26.85916027, 1.0333E+00, 1.0167E+01,-3.3333E-01,
18:15:26.85916032, 1.0333E+00, 1.0167E+01, 3.3333E-01,
18:15:26.85916037, 1.0000E+00, 1.0167E+01,-3.3333E-01,
18:15:26.85916042, 1.0333E+00, 1.0233E+01, 0.0000E+00,
18:15:26.85916047, 1.0000E+00, 1.0167E+01, 0.0000E+00,
18:15:26.85916052, 1.0333E+00, 1.0100E+01, 3.3333E-01,
18:15:26.85916057, 1.0333E+00, 1.0200E+01,-3.3333E-01,
18:15:26.85916062, 1.0333E+00, 1.0133E+01,-3.3333E-01,
18:15:26.85916067, 1.0667E+00, 1.0133E+01, 0.0000E+00,
18:15:26.85916072, 1.0333E+00, 1.0100E+01,-3.3333E-01,
18:15:26.85916077, 1.1333E+00, 1.0167E+01, 6.6667E-01,
18:15:26.85916082, 1.0667E+00, 1.0133E+01, 3.3333E-01,
18:15:26.85916087, 1.1000E+00, 1.0133E+01,-6.6667E-01,
18:15:26.85916092, 1.0667E+00, 1.0200E+01, 0.0000E+00,
18:15:26.85916097, 1.1000E+00, 1.0133E+01, 3.3333E-01,
18:15:26.85916102, 1.0667E+00, 1.0133E+01,-3.3333E-01,
18:15:26.85916107, 1.0667E+00, 1.0100E+01, 0.0000E+00,
18:15:26.85916112, 9.6667E-01, 1.0100E+01,-3.3333E-01,
18:15:26.85916117, 1.0667E+00, 1.0133E+01,-3.3333E-01,
18:15:26.85916122, 1.0333E+00, 1.0167E+01, 0.0000E+00,
18:15:26.85916127, 1.0667E+00, 1.0167E+01, 0.0000E+00,
18:15:26.85916132, 1.1333E+00, 1.0167E+01, 6.6667E-01,
18:15:26.85916137, 1.0667E+00, 1.0167E+01, 3.3333E-01,
18:15:26.85916142, 1.1333E+00, 1.0200E+01, 0.0000E+00,
18:15:26.85916147, 1.1000E+00, 1.0100E+01, 0.0000E+00,
18:15:26.85916152, 1.0667E+00, 1.0167E+01, 3.3333E-01,
18:15:26.85916157, 1.0333E+00, 1.0167E+01,-3.3333E-01,
18:15:26.85916162, 1.0333E+00, 1.0200E+01,-3.3333E-01,
18:15:26.85916167, 1.0667E+00, 1.0100E+01, 0.0000E+00,
18:15:26.85916172, 1.1333E+00, 1.0067E+01, 0.0000E+00,
18:15:26.85916177, 1.0000E+00, 1.0167E+01, 0.0000E+00,
18:15:26.85916182, 1.0333E+00, 1.0133E+01,-6.6667E-01,
18:15:26.85916187, 1.0333E+00, 1.0167E+01, 0.0000E+00,
18:15:26.85916192, 1.0000E+00, 1.0133E+01, 0.0000E+00,
18:15:26.85916197, 1.0667E+00, 1.0167E+01,-1.0000E+00,
18:15:26.85916202, 1.1000E+00, 1.0167E+01,-3.3333E-01,
18:15:26.85916207, 1.0000E+00, 1.0167E+01, 0.0000E+00,
18:15:26.85916212, 1.0667E+00, 1.0200E+01,-6.6667E-01,
18:15:26.85916217, 1.1000E+00, 1.0133E+01,-3.3333E-01,
18:15:26.85916222, 1.0667E+00, 1.0200E+01, 0.0000E+00,
18:15:26.85916227, 1.0667E+00, 1.0100E+01,-3.3333E-01,
18:15:26.85916232, 1.0333E+00, 1.0233E+01, 0.0000E+00,
18:15:26.85916237, 9.6667E-01, 1.0100E+01,-6.6667E-01,
18:15:26.85916242, 1.0667E+00, 1.0167E+01, 0.0000E+00,
18:15:26.85916247, 1.0667E+00, 1.0200E+01, 0.0000E+00,
18:15:26.85916252, 1.0000E+00, 1.0100E+01,-3.3333E-01,
18:15:26.85916257, 1.0333E+00, 1.0167E+01,-6.6667E-01,
18:15:26.85916262, 1.0000E+00, 1.0167E+01,-6.6667E-01,
18:15:26.85916267, 1.0667E+00, 1.0167E+01,-3.3333E-01,
18:15:26.85916272, 1.0333E+00, 1.0100E+01,-3.3333E-01,
18:15:26.85916277, 1.0667E+00, 1.0133E+01,-6.6667E-01,
18:15:26.85916282, 1.1333E+00, 1.0100E+01, 3.3333E-01,
18:15:26.85916287, 1.0333E+00, 1.0100E+01,-3.3333E-01,
18:15:26.85916292, 1.0333E+00, 1.0167E+01,-3.3333E-01,
18:15:26.85916297, 1.0667E+00, 1.0167E+01, 0.0000E+00,
18:15:26.85916302, 1.0333E+00, 1.0133E+01, 0.0000E+00,
18:15:26.85916307, 1.0667E+00, 1.0167E+01, 0.0000E+00,
18:15:26.85916312, 1.0000E+00, 1.0100E+01,-6.6667E-01,
18:15:26.85916317, 1.0000E+00, 1.0167E+01,-3.3333E-01,
18:15:26.85916322, 1.0333E+00, 1.0100E+01, 0.0000E+00,
18:15:26.85916327, 1.0000E+00, 1.0167E+01, 0.0000E+00,
18:15:26.85916332, 1.0333E+00, 1.0133E+01,-6.6667E-01,
18:15:26.85916337, 9.6667E-01, 1.0167E+01, 0.0000E+00,
18:15:26.85916342, 1.0333E+00, 1.0167E+01, 3.3333E-01,
18:15:26.85916347, 1.0333E+00, 1.0100E+01,-3.3333E-01,
18:15:26.85916352, 1.0000E+00, 1.0133E+01,-3.3333E-01,
18:15:26.85916357, 1.1000E+00, 1.0100E+01, 0.0000E+00,
18:15:26.85916362, 1.0667E+00, 1.0100E+01, 3.3333E-01,
18:15:26.85916367, 1.0667E+00, 1.0167E+01,-3.3333E-01,
18:15:26.85916372, 1.0333E+00, 1.0100E+01,-3.3333E-01,
18:15:26.85916377, 1.1000E+00, 1.0100E+01, 0.0000E+00,
18:15:26.85916382, 1.1000E+00, 1.0100E+01, 3.3333E-01,
18:15:26.85916387, 1.0667E+00, 1.0200E+01,-3.3333E-01,
18:15:26.85916392, 1.1000E+00, 1.0133E+01, 3.3333E-01,
18:15:26.85916397, 1.0333E+00, 1.0100E+01, 0.0000E+00,
18:15:26.85916402, 1.0667E+00, 1.0100E+01,-3.3333E-01,
18:15:26.85916407, 1.0667E+00, 1.0100E+01,-3.3333E-01,
18:15:26.85916412, 1.0667E+00, 1.0133E+01, 0.0000E+00,
18:15:26.85916417, 1.0333E+00, 1.0200E+01, 6.6667E-01,
18:15:26.85916422, 1.0000E+00, 1.0133E+01, 0.0000E+00,
18:15:26.85916427, 1.1000E+00, 1.0100E+01, 0.0000E+00,
18:15:26.85916432, 1.0000E+00, 1.0167E+01, 3.3333E-01,
18:15:26.85916437, 1.0333E+00, 1.0133E+01,-3.3333E-01,
18:15:26.85916442, 1.0000E+00, 1.0167E+01,-6.6667E-01,
18:15:26.85916447, 1.0333E+00, 1.0200E+01,-1.0000E+00,
18:15:26.85916452, 1.0333E+00, 1.0067E+01, 0.0000E+00,
18:15:26.85916457, 1.0000E+00, 1.0133E+01,-1.0000E+00,
18:15:26.85916462, 1.0000E+00, 1.0167E+01,-1.0000E+00,
18:15:26.85916467, 1.0667E+00, 1.0200E+01,-3.3333E-01,
18:15:26.85916472, 1.1000E+00, 1.0100E+01, 3.3333E-01,
18:15:26.85916477, 1.0333E+00, 1.0167E+01,-3.3333E-01,
18:15:26.85916482, 1.0000E+00, 1.0100E+01,-3.3333E-01,
18:15:26.85916487, 1.0000E+00, 1.0167E+01,-3.3333E-01,
18:15:26.85916492, 1.0000E+00, 1.0133E+01,-3.3333E-01,
18:15:26.85916497, 1.1000E+00, 1.0100E+01,-3.3333E-01,
18:15:26.85916502, 1.1333E+00, 1.0167E+01, 0.0000E+00,
18:15:26.85916507, 1.0667E+00, 1.0133E+01,-3.3333E-01,
18:15:26.85916512, 1.0667E+00, 1.0133E+01,-1.0000E+00,
18:15:26.85916517, 1.0333E+00, 1.0133E+01, 0.0000E+00,
18:15:26.85916522, 1.1000E+00, 1.0167E+01, 0.0000E+00,
18:15:26.85916527, 1.0333E+00, 1.0133E+01,-6.6667E-01,
18:15:26.85916532, 1.1000E+00, 1.0200E+01,-3.3333E-01,
18:15:26.85916537, 1.0667E+00, 1.0100E+01,-3.3333E-01,
18:15:26.85916542, 1.1000E+00, 1.0167E+01,-6.6667E-01,
18:15:26.85916547, 1.0333E+00, 1.0200E+01,-3.3333E-01,
18:15:26.85916552, 1.1000E+00, 1.0167E+01,-3.3333E-01,
18:15:26.85916557, 1.1000E+00, 1.0100E+01, 0.0000E+00,
18:15:26.85916562, 1.0333E+00, 1.0100E+01,-6.6667E-01,
18:15:26.85916567, 1.0333E+00, 1.0167E+01, 0.0000E+00,
18:15:26.85916572, 9.6667E-01, 1.0200E+01, 0.0000E+00,
18:15:26.85916577, 1.0333E+00, 1.0167E+01, 3.3333E-01,
18:15:26.85916582, 1.0333E+00, 1.0100E+01, 3.3333E-01,
18:15:26.85916587, 1.0333E+00, 1.0167E+01,-3.3333E-01,
18:15:26.85916592, 1.0667E+00, 1.0167E+01, 0.0000E+00,
18:15:26.85916597, 1.0667E+00, 1.0167E+01,-3.3333E-01,
18:15:26.85916602, 1.0333E+00, 1.0167E+01,-6.6667E-01,
18:15:26.85916607, 1.0667E+00, 1.0167E+01, 6.6667E-01,
18:15:26.85916612, 1.0667E+00, 1.0100E+01,-6.6667E-01,
18:15:26.85916617, 1.1000E+00, 1.0133E+01,-3.3333E-01,
18:15:26.85916622, 1.0667E+00, 1.0067E+01, 0.0000E+00,
18:15:26.85916627, 9.6667E-01, 1.0200E+01, 0.0000E+00,
18:15:26.85916632, 1.0333E+00, 1.0133E+01, 0.0000E+00,
18:15:26.85916637, 1.1333E+00, 1.0167E+01,-3.3333E-01,
18:15:26.85916642, 1.0667E+00, 1.0100E+01, 3.3333E-01,
18:15:26.85916647, 1.1333E+00, 1.0167E+01, 3.3333E-01,
18:15:26.85916652, 1.1333E+00, 1.0133E+01,-3.3333E-01,
18:15:26.85916657, 1.1000E+00, 1.0167E+01,-6.6667E-01,
18:15:26.85916662, 1.1000E+00, 1.0167E+01,-1.0000E+00,
18:15:26.85916667, 1.0333E+00, 1.0133E+01,-1.0000E+00,
18:15:26.85916672, 1.0667E+00, 1.0133E+01, 0.0000E+00,
18:15:26.85916677, 1.0667E+00, 1.0100E+01, 0.0000E+00,
18:15:26.85916682, 1.0667E+00, 1.0100E+01, 0.0000E+00,
18:15:26.85916687, 1.1000E+00, 1.0100E+01, 0.0000E+00,
18:15:26.85916692, 1.0667E+00, 1.0133E+01, 6.6667E-01,
18:15:26.85916697, 1.1333E+00, 1.0133E+01,-6.6667E-01,
18:15:26.85916702, 1.0333E+00, 1.0167E+01,-3.3333E-01,
18:15:26.85916707, 1.0667E+00, 1.0100E+01,-1.0000E+00,
18:15:26.85916712, 1.0667E+00, 1.0200E+01,-3.3333E-01,
18:15:26.85916717, 1.0667E+00, 1.0133E+01,-3.3333E-01,
18:15:26.85916722, 1.0667E+00, 1.0100E+01,-3.3333E-01,
18:15:26.85916727, 1.0667E+00, 1.0100E+01, 3.3333E-01,
18:15:26.85916732, 9.6667E-01, 1.0200E+01,-6.6667E-01,
18:15:26.85916737, 1.1000E+00, 1.0133E+01,-3.3333E-01,
18:15:26.85916742, 1.0667E+00, 1.0200E+01,-3.3333E-01,
18:15:26.85916747, 1.0333E+00, 1.0200E+01,-3.3333E-01,
18:15:26.85916752, 1.0000E+00, 1.0133E+01, 6.6667E-01,
18:15:26.85916757, 1.1000E+00, 1.0100E+01, 0.0000E+00,
18:15:26.85916762, 1.0000E+00, 1.0100E+01,-6.6667E-01,
18:15:26.85916767, 1.0667E+00, 1.0133E+01, 3.3333E-01,
18:15:26.85916772, 1.0667E+00, 1.0133E+01,-3.3333E-01,
18:15:26.85916777, 1.0667E+00, 1.0067E+01, 3.3333E-01,
18:15:26.85916782, 1.0333E+00, 1.0133E+01,-3.3333E-01,
18:15:26.85916787, 1.0333E+00, 1.0167E+01, 3.3333E-01,
18:15:26.85916792, 1.0667E+00, 1.0133E+01, 3.3333E-01,
18:15:26.85916797, 1.0333E+00, 1.0100E+01,-3.3333E-01,
18:15:26.85916802, 1.0667E+00, 1.0167E+01,-6.6667E-01,
18:15:26.85916807, 1.0667E+00, 1.0167E+01,-3.3333E-01,
18:15:26.85916812, 1.0667E+00, 1.0167E+01, 6.6667E-01,
18:15:26.85916817, 1.0000E+00, 1.0067E+01, 6.6667E-01,
18:15:26.85916822, 1.1000E+00, 1.0133E+01,-3.3333E-01,
18:15:26.85916827, 1.0667E+00, 1.0133E+01,-6.6667E-01,
18:15:26.85916832, 1.1333E+00, 1.0233E+01, 3.3333E-01,
18:15:26.85916837, 1.1000E+00, 1.0167E+01,-3.3333E-01,
18:15:26.85916842, 1.1000E+00, 1.0100E+01, 0.0000E+00,
18:15:26.85916847, 1.0667E+00, 1.0100E+01,-3.3333E-01,
18:15:26.85916852, 1.0667E+00, 1.0133E+01,-3.3333E-01,
18:15:26.85916857, 9.6667E-01, 1.0100E+01, 0.0000E+00,
18:15:26.85916862, 1.1000E+00, 1.0167E+01, 3.3333E-01,
18:15:26.85916867, 1.0333E+00, 1.0167E+01, 0.0000E+00,
18:15:26.85916872, 1.1000E+00, 1.0167E+01, 0.0000E+00,
18:15:26.85916877, 1.0333E+00, 1.0167E+01,-3.3333E-01,
18:15:26.85916882, 1.0333E+00, 1.0133E+01,-3.3333E-01,
18:15:26.85916887, 1.1333E+00, 1.0233E+01,-3.3333E-01,
18:15:26.85916892, 1.1000E+00, 1.0133E+01,-3.3333E-01,
18:15:26.85916897, 1.0000E+00, 1.0133E+01, 6.6667E-01,
18:15:26.85916902, 1.1000E+00, 1.0200E+01, 3.3333E-01,
18:15:26.85916907, 1.0333E+00, 1.0133E+01,-3.3333E-01,
18:15:26.85916912, 1.1000E+00, 1.0167E+01,-3.3333E-01,
18:15:26.85916917, 1.1000E+00, 1.0200E+01,-1.0000E+00,
18:15:26.85916922, 1.1667E+00, 1.0133E+01,-3.3333E-01,
18:15:26.85916927, 1.0333E+00, 1.0133E+01, 3.3333E-01,
18:15:26.85916932, 1.1333E+00, 1.0100E+01,-3.3333E-01,
18:15:26.85916937, 1.0333E+00, 1.0133E+01,-6.6667E-01,
18:15:26.85916942, 1.0333E+00, 1.0200E+01,-3.3333E-01,
18:15:26.85916947, 1.1333E+00, 1.0167E+01,-3.3333E-01,
18:15:26.85916952, 1.0333E+00, 1.0167E+01, 3.3333E-01,
18:15:26.85916957, 1.0000E+00, 1.0133E+01, 3.3333E-01,
18:15:26.85916962, 1.0333E+00, 1.0200E+01,-3.3333E-01,
18:15:26.85916967, 1.0667E+00, 1.0200E+01, 0.0000E+00,
18:15:26.85916972, 1.0333E+00, 1.0167E+01, 3.3333E-01,
18:15:26.85916977, 1.1333E+00, 1.0167E+01,-6.6667E-01,
18:15:26.85916982, 1.0667E+00, 1.0133E+01,-3.3333E-01,
18:15:26.85916987, 1.0333E+00, 1.0167E+01, 0.0000E+00,
18:15:26.85916992, 1.0667E+00, 1.0133E+01,-3.3333E-01,
18:15:26.85916997, 1.1000E+00, 1.0200E+01, 0.0000E+00,
18:15:26.85917002, 1.1000E+00, 1.0200E+01,-3.3333E-01,
18:15:26.85917007, 1.0333E+00, 1.0167E+01,-3.3333E-01,
18:15:26.85917012, 1.0333E+00, 1.0100E+01, 3.3333E-01,
18:15:26.85917017, 1.0667E+00, 1.0167E+01,-3.3333E-01,
18:15:26.85917022, 1.0667E+00, 1.0167E+01, 3.3333E-01,
18:15:26.85917027, 1.0667E+00, 1.0167E+01, 3.3333E-01,
18:15:26.85917032, 1.1667E+00, 1.0100E+01, 0.0000E+00,
18:15:26.85917037, 1.0667E+00, 1.0133E+01,-3.3333E-01,
18:15:26.85917042, 1.1333E+00, 1.0100E+01,-3.3333E-01,
18:15:26.85917047, 1.0333E+00, 1.0100E+01,-1.0000E+00,
18:15:26.85917052, 1.0667E+00, 1.0100E+01,-3.3333E-01,
18:15:26.85917057, 1.0000E+00, 1.0133E+01, 0.0000E+00,
18:15:26.85917062, 1.1333E+00, 1.0100E+01, 0.0000E+00,
18:15:26.85917067, 1.0667E+00, 1.0133E+01, 3.3333E-01,
18:15:26.85917072, 1.0667E+00, 1.0100E+01,-3.3333E-01,
18:15:26.85917077, 1.0333E+00, 1.0167E+01,-3.3333E-01,
18:15:26.85917082, 1.0667E+00, 1.0133E+01,-3.3333E-01,
18:15:26.85917087, 1.0667E+00, 1.0100E+01,-3.3333E-01,
18:15:26.85917092, 1.1333E+00, 1.0167E+01, 0.0000E+00,
18:15:26.85917097, 1.1000E+00, 1.0133E+01,-6.6667E-01,
18:15:26.85917102, 1.1000E+00, 1.0133E+01,-3.3333E-01,
18:15:26.85917107, 1.0333E+00, 1.0133E+01,-3.3333E-01,
18:15:26.85917112, 1.1000E+00, 1.0133E+01, 0.0000E+00,
18:15:26.85917117, 1.1000E+00, 1.0100E+01,-6.6667E-01,
18:15:26.85917122, 1.1333E+00, 1.0200E+01, 0.0000E+00,
18:15:26.85917127, 1.0333E+00, 1.0167E+01, 0.0000E+00,
18:15:26.85917132, 1.0667E+00, 1.0133E+01, 0.0000E+00,
18:15:26.85917137, 1.1667E+00, 1.0100E+01, 0.0000E+00,
18:15:26.85917142, 1.0667E+00, 1.0167E+01,-3.3333E-01,
18:15:26.85917147, 1.1333E+00, 1.0100E+01, 0.0000E+00,
18:15:26.85917152, 1.0333E+00, 1.0133E+01,-6.6667E-01,
18:15:26.85917157, 1.0667E+00, 1.0200E+01, 0.0000E+00,
18:15:26.85917162, 1.1333E+00, 1.0133E+01,-6.6667E-01,
18:15:26.85917167, 1.0667E+00, 1.0133E+01,-3.3333E-01,
18:15:26.85917172, 1.1333E+00, 1.0200E+01, 3.3333E-01,
18:15:26.85917177, 1.0333E+00, 1.0167E+01, 0.0000E+00,
18:15:26.85917182, 1.0667E+00, 1.0100E+01,-6.6667E-01,
18:15:26.85917187, 1.0333E+00, 1.0133E+01, 0.0000E+00,
18:15:26.85917192, 1.1000E+00, 1.0100E+01,-6.6667E-01,
18:15:26.85917197, 1.1000E+00, 1.0133E+01, 0.0000E+00,
18:15:26.85917202, 1.0333E+00, 1.0133E+01,-3.3333E-01,
18:15:26.85917207, 1.1333E+00, 1.0133E+01, 1.0000E+00,
18:15:26.85917212, 1.0333E+00, 1.0100E+01, 0.0000E+00,
18:15:26.85917217, 1.1333E+00, 1.0133E+01, 0.0000E+00,
18:15:26.85917222, 1.0667E+00, 1.0100E+01,-6.6667E-01,
18:15:26.85917227, 1.1667E+00, 1.0167E+01, 0.0000E+00,
18:15:26.85917232, 1.1000E+00, 1.0100E+01,-6.6667E-01,
18:15:26.85917237, 1.1333E+00, 1.0167E+01, 0.0000E+00,
18:15:26.85917242, 1.1333E+00, 1.0133E+01,-3.3333E-01,
18:15:26.85917247, 9.6667E-01, 1.0100E+01,-3.3333E-01,
18:15:26.85917252, 1.0333E+00, 1.0200E+01,-3.3333E-01,
18:15:26.85917257, 9.6667E-01, 1.0100E+01, 6.6667E-01,
18:15:26.85917262, 1.0333E+00, 1.0133E+01, 0.0000E+00,
18:15:26.85917267, 1.1667E+00, 1.0133E+01, 0.0000E+00,
18:15:26.85917272, 1.0667E+00, 1.0133E+01, 0.0000E+00,
18:15:26.85917277, 1.1000E+00, 1.0100E+01, 0.0000E+00,
18:15:26.85917282, 1.2000E+00, 1.0100E+01, 0.0000E+00,
18:15:26.85917287, 1.0667E+00, 1.0133E+01, 0.0000E+00,
18:15:26.85917292, 1.0333E+00, 1.0100E+01, 3.3333E-01,
18:15:26.85917297, 1.0333E+00, 1.0133E+01,-6.6667E-01,
18:15:26.85917302, 1.0667E+00, 1.0167E+01,-3.3333E-01,
18:15:26.85917307, 1.1000E+00, 1.0133E+01, 0.0000E+00,
18:15:26.85917312, 1.0333E+00, 1.0100E+01,-3.3333E-01,
18:15:26.85917317, 1.1000E+00, 1.0133E+01,-6.6667E-01,
18:15:26.85917322, 1.1000E+00, 1.0167E+01,-6.6667E-01,
18:15:26.85917327, 1.1667E+00, 1.0100E+01,-3.3333E-01,
18:15:26.85917332, 1.1000E+00, 1.0100E+01, 1.0000E+00,
18:15:26.85917337, 1.0667E+00, 1.0167E+01, 0.0000E+00,
18:15:26.85917342, 1.0333E+00, 1.0167E+01,-3.3333E-01,
18:15:26.85917347, 1.0667E+00, 1.0133E+01,-3.3333E-01,
18:15:26.85917352, 1.0333E+00, 1.0167E+01, 3.3333E-01,
18:15:26.85917357, 1.0333E+00, 1.0200E+01, 0.0000E+00,
18:15:26.85917362, 1.0667E+00, 1.0133E+01, 0.0000E+00,
18:15:26.85917367, 1.0667E+00, 1.0200E+01, 3.3333E-01,
18:15:26.85917372, 1.0667E+00, 1.0100E+01, 0.0000E+00,
18:15:26.85917377, 1.1667E+00, 1.0200E+01,-6.6667E-01,
18:15:26.85917382, 1.0667E+00, 1.0133E+01, 0.0000E+00,
18:15:26.85917387, 1.0667E+00, 1.0133E+01, 0.0000E+00,
18:15:26.85917392, 1.0667E+00, 1.0133E+01,-3.3333E-01,
18:15:26.85917397, 1.1000E+00, 1.0200E+01,-3.3333E-01,
18:15:26.85917402, 1.0667E+00, 1.0133E+01,-3.3333E-01,
18:15:26.85917407, 1.0667E+00, 1.0167E+01,-3.3333E-01,
18:15:26.85917412, 1.1333E+00, 1.0233E+01, 3.3333E-01,
18:15:26.85917417, 1.0667E+00, 1.0167E+01,-3.3333E-01,
18:15:26.85917422, 1.1000E+00, 1.0133E+01, 3.3333E-01,
18:15:26.85917427, 1.1000E+00, 1.0200E+01, 0.0000E+00,
18:15:26.85917432, 1.0667E+00, 1.0133E+01, 0.0000E+00,
18:15:26.85917437, 1.0667E+00, 1.0100E+01,-3.3333E-01,
18:15:26.85917442, 1.1000E+00, 1.0200E+01, 0.0000E+00,
18:15:26.85917447, 1.0667E+00, 1.0167E+01, 3.3333E-01,
18:15:26.85917452, 1.1000E+00, 1.0200E+01, 3.3333E-01,
18:15:26.85917457, 1.0667E+00, 1.0100E+01, 0.0000E+00,
18:15:26.85917462, 1.1333E+00, 1.0167E+01, 0.0000E+00,
18:15:26.85917467, 1.1000E+00, 1.0167E+01,-6.6667E-01,
18:15:26.85917472, 1.1000E+00, 1.0133E+01,-6.6667E-01,
18:15:26.85917477, 1.1333E+00, 1.0100E+01,-3.3333E-01,
18:15:26.85917482, 1.1333E+00, 1.0233E+01, 0.0000E+00,
18:15:26.85917487, 1.0333E+00, 1.0133E+01,-3.3333E-01,
18:15:26.85917492, 1.0333E+00, 1.0167E+01, 0.0000E+00,
18:15:26.85917497, 1.1000E+00, 1.0167E+01, 1.0000E+00,
18:15:26.85917502, 1.1000E+00, 1.0133E+01, 0.0000E+00,
18:15:26.85917507, 1.1333E+00, 1.0133E+01, 0.0000E+00,
18:15:26.85917512, 1.1333E+00, 1.0100E+01, 3.3333E-01,
18:15:26.85917517, 1.1000E+00, 1.0100E+01, 3.3333E-01,
18:15:26.85917522, 1.1000E+00, 1.0133E+01, 3.3333E-01,
18:15:26.85917527, 1.1333E+00, 1.0133E+01, 3.3333E-01,
18:15:26.85917532, 1.1000E+00, 1.0100E+01, 3.3333E-01,
18:15:26.85917537, 1.1000E+00, 1.0100E+01, 6.6667E-01,
18:15:26.85917542, 1.0667E+00, 1.0133E+01,-6.6667E-01,
18:15:26.85917547, 1.1000E+00, 1.0200E+01, 0.0000E+00,
18:15:26.85917552, 1.1000E+00, 1.0133E+01,-3.3333E-01,
18:15:26.85917557, 1.0333E+00, 1.0100E+01, 6.6667E-01,
18:15:26.85917562, 1.1000E+00, 1.0100E+01,-6.6667E-01,
18:15:26.85917567, 1.0333E+00, 1.0167E+01,-3.3333E-01,
18:15:26.85917572, 1.1000E+00, 1.0100E+01,-3.3333E-01,
18:15:26.85917577, 1.0667E+00, 1.0200E+01, 3.3333E-01,
18:15:26.85917582, 1.1333E+00, 1.0200E+01,-6.6667E-01,
18:15:26.85917587, 1.0667E+00, 1.0200E+01, 3.3333E-01,
18:15:26.85917592, 1.1333E+00, 1.0167E+01,-1.0000E+00,
18:15:26.85917597, 1.0667E+00, 1.0133E+01,-3.3333E-01,
18:15:26.85917602, 1.1333E+00, 1.0133E+01, 0.0000E+00,
18:15:26.85917607, 1.1000E+00, 1.0067E+01,-3.3333E-01,
18:15:26.85917612, 1.1333E+00, 1.0133E+01, 3.3333E-01,
18:15:26.85917617, 1.0333E+00, 1.0200E+01,-3.3333E-01,
18:15:26.85917622, 1.1667E+00, 1.0100E+01,-6.6667E-01,
18:15:26.85917627, 1.0333E+00, 1.0133E+01,-3.3333E-01,
18:15:26.85917632, 1.0667E+00, 1.0133E+01,-3.3333E-01,
18:15:26.85917637, 1.1000E+00, 1.0167E+01,-3.3333E-01,
18:15:26.85917642, 1.0667E+00, 1.0167E+01,-6.6667E-01,
18:15:26.85917647, 1.1000E+00, 1.0100E+01,-3.3333E-01,
18:15:26.85917652, 1.0667E+00, 1.0100E+01, 0.0000E+00,
18:15:26.85917657, 1.0667E+00, 1.0167E+01, 3.3333E-01,
18:15:26.85917662, 1.0667E+00, 1.0200E+01, 3.3333E-01,
18:15:26.85917667, 1.0333E+00, 1.0167E+01,-3.3333E-01,
18:15:26.85917672, 1.0333E+00, 1.0100E+01, 0.0000E+00,
18:15:26.85917677, 1.0333E+00, 1.0167E+01,-3.3333E-01,
18:15:26.85917682, 1.0000E+00, 1.0100E+01, 3.3333E-01,
18:15:26.85917687, 1.0667E+00, 1.0167E+01, 0.0000E+00,
18:15:26.85917692, 1.1000E+00, 1.0267E+01,-6.6667E-01,
18:15:26.85917697, 1.1000E+00, 1.0133E+01, 0.0000E+00,
18:15:26.85917702, 1.1000E+00, 1.0100E+01,-3.3333E-01,
18:15:26.85917707, 1.1333E+00, 1.0167E+01,-6.6667E-01,
18:15:26.85917712, 1.1000E+00, 1.0167E+01, 0.0000E+00,
18:15:26.85917717, 1.0333E+00, 1.0100E+01, 3.3333E-01,
18:15:26.85917722, 1.1000E+00, 1.0133E+01, 0.0000E+00,
18:15:26.85917727, 1.0000E+00, 1.0200E+01,-3.3333E-01,
18:15:26.85917732, 1.1000E+00, 1.0167E+01,-3.3333E-01,
18:15:26.85917737, 1.1000E+00, 1.0133E+01,-6.6667E-01,
18:15:26.85917742, 1.1667E+00, 1.0167E+01,-3.3333E-01,
18:15:26.85917747, 1.1000E+00, 1.0133E+01, 0.0000E+00,
18:15:26.85917752, 1.0667E+00, 1.0133E+01, 3.3333E-01,
18:15:26.85917757, 1.0667E+00, 1.0133E+01,-1.0000E+00,
18:15:26.85917762, 1.1000E+00, 1.0167E+01,-3.3333E-01,
18:15:26.85917767, 1.0667E+00, 1.0133E+01, 3.3333E-01,
18:15:26.85917772, 1.0667E+00, 1.0100E+01,-3.3333E-01,
18:15:26.85917777, 1.0667E+00, 1.0167E+01, 0.0000E+00,
18:15:26.85917782, 1.1000E+00, 1.0233E+01, 0.0000E+00,
18:15:26.85917787, 1.0667E+00, 1.0133E+01,-3.3333E-01,
18:15:26.85917792, 1.1667E+00, 1.0200E+01,-3.3333E-01,
18:15:26.85917797, 1.1000E+00, 1.0100E+01, 0.0000E+00,
18:15:26.85917802, 1.1000E+00, 1.0133E+01,-3.3333E-01,
18:15:26.85917807, 1.1333E+00, 1.0100E+01, 0.0000E+00,
18:15:26.85917812, 1.0333E+00, 1.0167E+01, 0.0000E+00,
18:15:26.85917817, 1.1000E+00, 1.0133E+01,-3.3333E-01,
18:15:26.85917822, 1.0667E+00, 1.0167E+01,-6.6667E-01,
18:15:26.85917827, 1.1000E+00, 1.0100E+01, 3.3333E-01,
18:15:26.85917832, 1.1000E+00, 1.0167E+01,-1.0000E+00,
18:15:26.85917837, 1.0333E+00, 1.0167E+01, 3.3333E-01,
18:15:26.85917842, 1.1333E+00, 1.0167E+01,-3.3333E-01,
18:15:26.85917847, 1.1000E+00, 1.0133E+01, 3.3333E-01,
18:15:26.85917852, 1.1333E+00, 1.0067E+01,-3.3333E-01,
18:15:26.85917857, 1.0667E+00, 1.0133E+01, 0.0000E+00,
18:15:26.85917862, 1.1000E+00, 1.0167E+01,-3.3333E-01,
18:15:26.85917867, 1.1000E+00, 1.0167E+01,-3.3333E-01,
18:15:26.85917872, 1.1000E+00, 1.0133E+01,-6.6667E-01,
18:15:26.85917877, 1.0667E+00, 1.0133E+01,-3.3333E-01,
18:15:26.85917882, 1.0667E+00, 1.0200E+01, 0.0000E+00,
18:15:26.85917887, 1.1000E+00, 1.0100E+01, 3.3333E-01,
18:15:26.85917892, 1.1000E+00, 1.0167E+01,-3.3333E-01,
18:15:26.85917897, 1.1667E+00, 1.0133E+01, 0.0000E+00,
18:15:26.85917902, 1.0333E+00, 1.0200E+01,-6.6667E-01,
18:15:26.85917907, 1.1000E+00, 1.0133E+01, 0.0000E+00,
18:15:26.85917912, 1.1000E+00, 1.0133E+01, 0.0000E+00,
18:15:26.85917917, 1.1333E+00, 1.0200E+01,-6.6667E-01,
18:15:26.85917922, 1.0333E+00, 1.0200E+01,-3.3333E-01,
18:15:26.85917927, 1.0667E+00, 1.0133E+01, 0.0000E+00,
18:15:26.85917932, 1.0667E+00, 1.0133E+01,-3.3333E-01,
18:15:26.85917937, 1.1000E+00, 1.0133E+01, 6.6667E-01,
18:15:26.85917942, 1.1000E+00, 1.0133E+01, 0.0000E+00,
18:15:26.85917947, 1.1000E+00, 1.0100E+01,-3.3333E-01,
18:15:26.85917952, 1.0333E+00, 1.0100E+01, 0.0000E+00,
18:15:26.85917957, 1.1000E+00, 1.0167E+01,-6.6667E-01,
18:15:26.85917962, 1.0667E+00, 1.0233E+01, 1.0000E+00,
18:15:26.85917967, 1.1000E+00, 1.0200E+01,-3.3333E-01,
18:15:26.85917972, 1.1000E+00, 1.0200E+01, 0.0000E+00,
18:15:26.85917977, 1.1333E+00, 1.0133E+01,-3.3333E-01,
18:15:26.85917982, 1.1667E+00, 1.0133E+01,-6.6667E-01,
18:15:26.85917987, 1.1000E+00, 1.0200E+01,-1.0000E+00,
18:15:26.85917992, 1.1333E+00, 1.0200E+01, 3.3333E-01,
18:15:26.85917997, 1.0333E+00, 1.0167E+01,-6.6667E-01,
18:15:26.85918002, 1.1000E+00, 1.0133E+01,-6.6667E-01,
18:15:26.85918007, 1.1000E+00, 1.0233E+01,-6.6667E-01,
18:15:26.85918012, 1.0333E+00, 1.0133E+01,-6.6667E-01,
18:15:26.85918017, 1.1333E+00, 1.0167E+01,-3.3333E-01,
18:15:26.85918022, 1.1333E+00, 1.0133E+01, 3.3333E-01,
18:15:26.85918027, 1.0667E+00, 1.0167E+01, 0.0000E+00,
18:15:26.85918032, 1.1333E+00, 1.0133E+01, 0.0000E+00,
18:15:26.85918037, 1.1000E+00, 1.0133E+01,-6.6667E-01,
18:15:26.85918042, 1.1000E+00, 1.0167E+01, 6.6667E-01,
18:15:26.85918047, 1.0667E+00, 1.0167E+01,-3.3333E-01,
18:15:26.85918052, 1.1667E+00, 1.0100E+01,-3.3333E-01,
18:15:26.85918057, 1.1667E+00, 1.0100E+01,-3.3333E-01,
18:15:26.85918062, 1.1000E+00, 1.0233E+01, 0.0000E+00,
18:15:26.85918067, 1.1333E+00, 1.0133E+01, 0.0000E+00,
18:15:26.85918072, 1.1333E+00, 1.0100E+01, 6.6667E-01,
18:15:26.85918077, 1.1000E+00, 1.0167E+01, 0.0000E+00,
18:15:26.85918082, 1.1000E+00, 1.0133E+01,-3.3333E-01,
18:15:26.85918087, 1.1667E+00, 1.0167E+01, 3.3333E-01,
18:15:26.85918092, 1.1333E+00, 1.0167E+01, 0.0000E+00,
18:15:26.85918097, 1.0667E+00, 1.0200E+01, 3.3333E-01,
18:15:26.85918102, 1.1000E+00, 1.0133E+01,-1.0000E+00,
18:15:26.85918107, 1.0333E+00, 1.0133E+01, 0.0000E+00,
18:15:26.85918112, 1.1000E+00, 1.0200E+01, 6.6667E-01,
18:15:26.85918117, 1.1000E+00, 1.0200E+01,-3.3333E-01,
18:15:26.85918122, 1.1000E+00, 1.0167E+01, 3.3333E-01,
18:15:26.85918127, 1.1000E+00, 1.0100E+01,-3.3333E-01,
18:15:26.85918132, 1.1000E+00, 1.0167E+01,-3.3333E-01,
18:15:26.85918137, 1.1000E+00, 1.0133E+01, 3.3333E-01,
18:15:26.85918142, 1.1333E+00, 1.0167E+01,-3.3333E-01,
18:15:26.85918147, 1.1000E+00, 1.0100E+01, 3.3333E-01,
18:15:26.85918152, 1.1000E+00, 1.0200E+01,-3.3333E-01,
18:15:26.85918157, 1.0667E+00, 1.0100E+01, 3.3333E-01,
18:15:26.85918162, 1.0667E+00, 1.0167E+01,-3.3333E-01,
18:15:26.85918167, 1.0667E+00, 1.0167E+01,-3.3333E-01,
18:15:26.85918172, 1.1000E+00, 1.0100E+01, 0.0000E+00,
18:15:26.85918177, 1.1333E+00, 1.0133E+01,-3.3333E-01,
18:15:26.85918182, 1.0333E+00, 1.0133E+01,-6.6667E-01,
18:15:26.85918187, 1.0667E+00, 1.0100E+01, 3.3333E-01,
18:15:26.85918192, 1.1000E+00, 1.0167E+01,-1.0000E+00,
18:15:26.85918197, 1.0667E+00, 1.0133E+01, 0.0000E+00,
18:15:26.85918202, 1.1000E+00, 1.0167E+01,-3.3333E-01,
18:15:26.85918207, 1.1333E+00, 1.0100E+01,-3.3333E-01,
18:15:26.85918212, 1.1333E+00, 1.0100E+01,-3.3333E-01,
18:15:26.85918217, 1.1333E+00, 1.0133E+01,-3.3333E-01,
18:15:26.85918222, 1.1000E+00, 1.0200E+01,-1.0000E+00,
18:15:26.85918227, 1.1000E+00, 1.0167E+01, 0.0000E+00,
18:15:26.85918232, 1.1333E+00, 1.0100E+01,-3.3333E-01,
18:15:26.85918237, 1.0333E+00, 1.0167E+01,-3.3333E-01,
18:15:26.85918242, 1.1333E+00, 1.0133E+01,-3.3333E-01,
18:15:26.85918247, 1.1000E+00, 1.0167E+01, 0.0000E+00,
18:15:26.85918252, 1.0667E+00, 1.0167E+01, 3.3333E-01,
18:15:26.85918257, 1.1667E+00, 1.0100E+01, 0.0000E+00,
18:15:26.85918262, 1.0333E+00, 1.0133E+01, 0.0000E+00,
18:15:26.85918267, 1.1000E+00, 1.0100E+01, 3.3333E-01,
18:15:26.85918272, 1.1333E+00, 1.0167E+01, 0.0000E+00,
18:15:26.85918277, 1.1333E+00, 1.0133E+01,-3.3333E-01,
18:15:26.85918282, 1.2000E+00, 1.0167E+01, 3.3333E-01,
18:15:26.85918287, 1.1333E+00, 1.0100E+01, 0.0000E+00,
18:15:26.85918292, 1.1333E+00, 1.0100E+01,-6.6667E-01,
18:15:26.85918297, 1.1667E+00, 1.0133E+01, 0.0000E+00,
18:15:26.85918302, 1.0667E+00, 1.0133E+01, 3.3333E-01,
18:15:26.85918307, 1.0667E+00, 1.0167E+01,-6.6667E-01,
18:15:26.85918312, 1.1667E+00, 1.0133E+01, 0.0000E+00,
18:15:26.85918317, 1.1000E+00, 1.0167E+01, 0.0000E+00,
18:15:26.85918322, 1.1000E+00, 1.0167E+01,-6.6667E-01,
18:15:26.85918327, 1.1000E+00, 1.0100E+01,-3.3333E-01,
18:15:26.85918332, 1.0667E+00, 1.0133E+01,-3.3333E-01,
18:15:26.85918337, 1.1000E+00, 1.0133E+01, 0.0000E+00,
18:15:26.85918342, 1.1333E+00, 1.0133E+01, 3.3333E-01,
18:15:26.85918347, 1.1333E+00, 1.0100E+01, 0.0000E+00,
18:15:26.85918352, 1.0000E+00, 1.0100E+01,-3.3333E-01,
18:15:26.85918357, 1.1000E+00, 1.0167E+01, 0.0000E+00,
18:15:26.85918362, 1.0667E+00, 1.0133E+01,-6.6667E-01,
18:15:26.85918367, 1.0667E+00, 1.0133E+01,-6.6667E-01,
18:15:26.85918372, 1.0667E+00, 1.0133E+01,-3.3333E-01,
18:15:26.85918377, 1.1000E+00, 1.0100E+01,-1.0000E+00,
18:15:26.85918382, 1.1333E+00, 1.0133E+01, 3.3333E-01,
18:15:26.85918387, 1.1667E+00, 1.0133E+01,-3.3333E-01,
18:15:26.85918392, 1.1000E+00, 1.0200E+01,-3.3333E-01,
18:15:26.85918397, 1.1333E+00, 1.0200E+01,-3.3333E-01,
18:15:26.85918402, 1.1000E+00, 1.0167E+01,-6.6667E-01,
18:15:26.85918407, 1.1667E+00, 1.0133E+01,-6.6667E-01,
18:15:26.85918412, 1.0667E+00, 1.0100E+01, 0.0000E+00,
18:15:26.85918417, 1.1333E+00, 1.0133E+01, 6.6667E-01,
18:15:26.85918422, 1.1333E+00, 1.0100E+01,-3.3333E-01,
18:15:26.85918427, 1.1333E+00, 1.0200E+01,-1.0000E+00,
18:15:26.85918432, 1.1333E+00, 1.0133E+01,-6.6667E-01,
18:15:26.85918437, 1.0667E+00, 1.0167E+01,-3.3333E-01,
18:15:26.85918442, 1.1000E+00, 1.0233E+01, 0.0000E+00,
18:15:26.85918447, 1.1000E+00, 1.0100E+01,-3.3333E-01,
18:15:26.85918452, 1.1000E+00, 1.0200E+01,-6.6667E-01,
18:15:26.85918457, 1.1000E+00, 1.0100E+01,-6.6667E-01,
18:15:26.85918462, 1.1333E+00, 1.0133E+01,-3.3333E-01,
18:15:26.85918467, 1.1333E+00, 1.0200E+01,-6.6667E-01,
18:15:26.85918472, 1.1667E+00, 1.0133E+01,-1.0000E+00,
18:15:26.85918477, 1.1667E+00, 1.0100E+01, 0.0000E+00,
18:15:26.85918482, 1.1667E+00, 1.0133E+01, 1.0000E+00,
18:15:26.85918487, 1.1000E+00, 1.0200E+01, 0.0000E+00,
18:15:26.85918492, 1.0667E+00, 1.0167E+01,-3.3333E-01,
18:15:26.85918497, 1.0667E+00, 1.0167E+01,-6.6667E-01,
18:15:26.85918502, 1.0667E+00, 1.0133E+01, 3.3333E-01,
18:15:26.85918507, 1.1333E+00, 1.0100E+01,-1.0000E+00,
18:15:26.85918512, 1.1000E+00, 1.0133E+01, 0.0000E+00,
18:15:26.85918517, 1.1333E+00, 1.0133E+01, 3.3333E-01,
18:15:26.85918522, 1.1667E+00, 1.0133E+01,-6.6667E-01,
18:15:26.85918527, 1.1667E+00, 1.0200E+01,-3.3333E-01,
18:15:26.85918532, 1.1333E+00, 1.0200E+01, 3.3333E-01,
18:15:26.85918537, 1.0667E+00, 1.0133E+01,-6.6667E-01,
18:15:26.85918542, 1.1333E+00, 1.0133E+01, 0.0000E+00,
18:15:26.85918547, 1.0667E+00, 1.0100E+01,-3.3333E-01,
18:15:26.85918552, 1.1667E+00, 1.0133E+01,-3.3333E-01,
18:15:26.85918557, 1.1333E+00, 1.0200E+01,-6.6667E-01,
18:15:26.85918562, 1.1667E+00, 1.0167E+01, 3.3333E-01,
18:15:26.85918567, 1.1667E+00, 1.0133E+01,-3.3333E-01,
18:15:26.85918572, 1.1000E+00, 1.0133E+01, 0.0000E+00,
18:15:26.85918577, 1.1667E+00, 1.0133E+01, 3.3333E-01,
18:15:26.85918582, 1.1000E+00, 1.0133E+01,-3.3333E-01,
18:15:26.85918587, 1.1000E+00, 1.0133E+01,-3.3333E-01,
18:15:26.85918592, 1.0667E+00, 1.0133E+01,-1.0000E+00,
18:15:26.85918597, 1.0667E+00, 1.0133E+01, 0.0000E+00,
18:15:26.85918602, 1.2000E+00, 1.0167E+01,-3.3333E-01,
18:15:26.85918607, 1.1333E+00, 1.0200E+01, 0.0000E+00,
18:15:26.85918612, 1.1000E+00, 1.0200E+01,-6.6667E-01,
18:15:26.85918617, 1.0333E+00, 1.0167E+01,-6.6667E-01,
18:15:26.85918622, 1.1333E+00, 1.0167E+01, 0.0000E+00,
18:15:26.85918627, 1.1333E+00, 1.0100E+01,-3.3333E-01,
18:15:26.85918632, 1.1000E+00, 1.0133E+01,-3.3333E-01,
18:15:26.85918637, 1.1000E+00, 1.0100E+01, 3.3333E-01,
18:15:26.85918642, 1.1000E+00, 1.0100E+01,-6.6667E-01,
18:15:26.85918647, 1.0667E+00, 1.0100E+01, 0.0000E+00,
18:15:26.85918652, 1.0667E+00, 1.0100E+01,-3.3333E-01,
18:15:26.85918657, 1.0667E+00, 1.0100E+01, 0.0000E+00,
18:15:26.85918662, 1.1333E+00, 1.0133E+01, 3.3333E-01,
18:15:26.85918667, 1.2000E+00, 1.0167E+01,-6.6667E-01,
18:15:26.85918672, 1.1333E+00, 1.0200E+01,-6.6667E-01,
18:15:26.85918677, 1.0667E+00, 1.0167E+01,-3.3333E-01,
18:15:26.85918682, 1.1333E+00, 1.0033E+01,-3.3333E-01,
18:15:26.85918687, 1.0667E+00, 1.0133E+01,-3.3333E-01,
18:15:26.85918692, 1.2000E+00, 1.0133E+01,-3.3333E-01,
18:15:26.85918697, 1.1667E+00, 1.0133E+01, 3.3333E-01,
18:15:26.85918702, 1.2000E+00, 1.0100E+01, 0.0000E+00,
18:15:26.85918707, 1.1000E+00, 1.0167E+01,-3.3333E-01,
18:15:26.85918712, 1.1333E+00, 1.0100E+01, 0.0000E+00,
18:15:26.85918717, 1.1667E+00, 1.0100E+01,-6.6667E-01,
18:15:26.85918722, 1.1000E+00, 1.0200E+01,-3.3333E-01,
18:15:26.85918727, 1.1000E+00, 1.0100E+01,-3.3333E-01,
18:15:26.85918732, 1.1000E+00, 1.0167E+01, 6.6667E-01,
18:15:26.85918737, 1.1333E+00, 1.0167E+01, 0.0000E+00,
18:15:26.85918742, 1.1000E+00, 1.0133E+01,-3.3333E-01,
18:15:26.85918747, 1.0667E+00, 1.0200E+01,-3.3333E-01,
18:15:26.85918752, 1.0667E+00, 1.0167E+01,-3.3333E-01,
18:15:26.85918757, 1.1333E+00, 1.0133E+01, 3.3333E-01,
18:15:26.85918762, 1.1333E+00, 1.0200E+01,-6.6667E-01,
18:15:26.85918767, 1.1333E+00, 1.0167E+01, 6.6667E-01,
18:15:26.85918772, 1.1667E+00, 1.0133E+01,-3.3333E-01,
18:15:26.85918777, 1.1667E+00, 1.0133E+01, 3.3333E-01,
18:15:26.85918782, 1.1333E+00, 1.0167E+01,-6.6667E-01,
18:15:26.85918787, 1.1333E+00, 1.0100E+01,-3.3333E-01,
18:15:26.85918792, 1.1000E+00, 1.0133E+01,-3.3333E-01,
18:15:26.85918797, 1.1000E+00, 1.0200E+01, 0.0000E+00,
18:15:26.85918802, 1.1667E+00, 1.0167E+01,-3.3333E-01,
18:15:26.85918807, 1.1333E+00, 1.0100E+01,-3.3333E-01,
18:15:26.85918812, 1.2000E+00, 1.0267E+01,-3.3333E-01,
18:15:26.85918817, 1.1333E+00, 1.0100E+01, 3.3333E-01,
18:15:26.85918822, 1.2000E+00, 1.0167E+01, 0.0000E+00,
18:15:26.85918827, 1.1000E+00, 1.0200E+01,-6.6667E-01,
18:15:26.85918832, 1.1000E+00, 1.0200E+01, 3.3333E-01,
18:15:26.85918837, 1.1000E+00, 1.0133E+01,-6.6667E-01,
18:15:26.85918842, 1.1000E+00, 1.0100E+01, 0.0000E+00,
18:15:26.85918847, 1.0667E+00, 1.0100E+01,-3.3333E-01,
18:15:26.85918852, 1.0667E+00, 1.0133E+01, 0.0000E+00,
18:15:26.85918857, 1.2000E+00, 1.0167E+01, 0.0000E+00,
18:15:26.85918862, 1.1333E+00, 1.0100E+01, 0.0000E+00,
18:15:26.85918867, 1.1333E+00, 1.0133E+01, 0.0000E+00,
18:15:26.85918872, 1.1000E+00, 1.0133E+01, 3.3333E-01,
18:15:26.85918877, 1.0333E+00, 1.0133E+01,-3.3333E-01,
18:15:26.85918882, 1.1333E+00, 1.0100E+01,-3.3333E-01,
18:15:26.85918887, 1.0333E+00, 1.0100E+01,-6.6667E-01,
18:15:26.85918892, 1.1000E+00, 1.0133E+01,-6.6667E-01,
18:15:26.85918897, 1.2000E+00, 1.0167E+01,-6.6667E-01,
18:15:26.85918902, 1.1667E+00, 1.0167E+01,-3.3333E-01,
18:15:26.85918907, 1.2000E+00, 1.0233E+01,-3.3333E-01,
18:15:26.85918912, 1.0667E+00, 1.0133E+01,-3.3333E-01,
18:15:26.85918917, 1.1333E+00, 1.0133E+01,-6.6667E-01,
18:15:26.85918922, 1.1000E+00, 1.0100E+01, 0.0000E+00,
18:15:26.85918927, 1.1000E+00, 1.0100E+01,-3.3333E-01,
18:15:26.85918932, 1.1333E+00, 1.0133E+01, 0.0000E+00,
18:15:26.85918937, 1.1000E+00, 1.0167E+01, 3.3333E-01,
18:15:26.85918942, 1.1333E+00, 1.0133E+01,-3.3333E-01,
18:15:26.85918947, 1.2000E+00, 1.0100E+01,-6.6667E-01,
18:15:26.85918952, 1.1333E+00, 1.0167E+01,-3.3333E-01,
18:15:26.85918957, 1.1333E+00, 1.0167E+01,-3.3333E-01,
18:15:26.85918962, 1.1333E+00, 1.0133E+01,-3.3333E-01,
18:15:26.85918967, 1.1667E+00, 1.0167E+01, 6.6667E-01,
18:15:26.85918972, 1.2000E+00, 1.0167E+01, 0.0000E+00,
18:15:26.85918977, 1.1333E+00, 1.0100E+01, 0.0000E+00,
18:15:26.85918982, 1.1667E+00, 1.0100E+01, 3.3333E-01,
18:15:26.85918987, 1.1000E+00, 1.0133E+01,-6.6667E-01,
18:15:26.85918992, 1.1000E+00, 1.0100E+01, 0.0000E+00,
18:15:26.85918997, 1.1667E+00, 1.0233E+01,-3.3333E-01,
18:15:26.85919002, 1.1000E+00, 1.0133E+01,-3.3333E-01,
18:15:26.85919007, 1.1333E+00, 1.0233E+01,-3.3333E-01,
18:15:26.85919012, 1.1333E+00, 1.0167E+01, 0.0000E+00,
18:15:26.85919017, 1.1667E+00, 1.0167E+01, 0.0000E+00,
18:15:26.85919022, 1.0333E+00, 1.0133E+01, 6.6667E-01,
18:15:26.85919027, 1.1000E+00, 1.0100E+01, 3.3333E-01,
18:15:26.85919032, 1.1667E+00, 1.0167E+01,-6.6667E-01,
18:15:26.85919037, 1.1333E+00, 1.0167E+01,-3.3333E-01,
18:15:26.85919042, 1.1000E+00, 1.0133E+01,-3.3333E-01,
18:15:26.85919047, 1.0667E+00, 1.0233E+01,-3.3333E-01,
18:15:26.85919052, 1.1667E+00, 1.0133E+01,-3.3333E-01,
18:15:26.85919057, 1.1000E+00, 1.0167E+01, 0.0000E+00,
18:15:26.85919062, 1.1667E+00, 1.0133E+01, 0.0000E+00,
18:15:26.85919067, 1.0667E+00, 1.0100E+01,-3.3333E-01,
18:15:26.85919072, 1.0667E+00, 1.0200E+01, 0.0000E+00,
18:15:26.85919077, 1.1333E+00, 1.0133E+01, 0.0000E+00,
18:15:26.85919082, 1.1333E+00, 1.0167E+01, 0.0000E+00,
18:15:26.85919087, 1.1667E+00, 1.0133E+01, 3.3333E-01,
18:15:26.85919092, 1.2000E+00, 1.0133E+01,-3.3333E-01,
18:15:26.85919097, 1.2000E+00, 1.0167E+01,-3.3333E-01,
18:15:26.85919102, 1.1000E+00, 1.0100E+01,-6.6667E-01,
18:15:26.85919107, 1.1000E+00, 1.0167E+01,-3.3333E-01,
18:15:26.85919112, 1.1000E+00, 1.0100E+01,-3.3333E-01,
18:15:26.85919117, 1.0667E+00, 1.0133E+01,-6.6667E-01,
18:15:26.85919122, 1.1333E+00, 1.0100E+01, 0.0000E+00,
18:15:26.85919127, 1.1333E+00, 1.0100E+01,-3.3333E-01,
18:15:26.85919132, 1.1000E+00, 1.0233E+01,-3.3333E-01,
18:15:26.85919137, 1.1000E+00, 1.0067E+01,-3.3333E-01,
18:15:26.85919142, 1.1667E+00, 1.0200E+01,-6.6667E-01,
18:15:26.85919147, 1.1333E+00, 1.0167E+01,-3.3333E-01,
18:15:26.85919152, 1.1667E+00, 1.0167E+01,-6.6667E-01,
18:15:26.85919157, 1.1667E+00, 1.0133E+01,-3.3333E-01,
18:15:26.85919162, 1.1000E+00, 1.0133E+01,-3.3333E-01,
18:15:26.85919167, 1.1333E+00, 1.0067E+01,-3.3333E-01,
18:15:26.85919172, 1.1333E+00, 1.0067E+01, 0.0000E+00,
18:15:26.85919177, 1.1667E+00, 1.0200E+01, 0.0000E+00,
18:15:26.85919182, 1.1333E+00, 1.0167E+01,-3.3333E-01,
18:15:26.85919187, 1.2333E+00, 1.0133E+01,-1.0000E+00,
18:15:26.85919192, 1.1333E+00, 1.0167E+01, 0.0000E+00,
18:15:26.85919197, 1.1333E+00, 1.0100E+01,-3.3333E-01,
18:15:26.85919202, 1.1333E+00, 1.0100E+01,-3.3333E-01,
18:15:26.85919207, 1.1000E+00, 1.0100E+01, 0.0000E+00,
18:15:26.85919212, 1.0333E+00, 1.0133E+01, 6.6667E-01,
18:15:26.85919217, 1.1000E+00, 1.0100E+01,-3.3333E-01,
18:15:26.85919222, 1.1333E+00, 1.0100E+01,-6.6667E-01,
18:15:26.85919227, 1.2000E+00, 1.0133E+01,-3.3333E-01,
18:15:26.85919232, 1.1000E+00, 1.0133E+01, 3.3333E-01,
18:15:26.85919237, 1.1667E+00, 1.0167E+01,-3.3333E-01,
18:15:26.85919242, 1.0667E+00, 1.0200E+01,-3.3333E-01,
18:15:26.85919247, 1.1000E+00, 1.0133E+01,-3.3333E-01,
18:15:26.85919252, 1.1333E+00, 1.0133E+01, 1.0000E+00,
18:15:26.85919257, 1.2000E+00, 1.0133E+01,-3.3333E-01,
18:15:26.85919262, 1.0667E+00, 1.0133E+01, 0.0000E+00,
18:15:26.85919267, 1.1000E+00, 1.0133E+01, 0.0000E+00,
18:15:26.85919272, 1.1667E+00, 1.0133E+01,-6.6667E-01,
18:15:26.85919277, 1.0667E+00, 1.0167E+01,-3.3333E-01,
18:15:26.85919282, 1.1000E+00, 1.0233E+01,-1.0000E+00,
18:15:26.85919287, 1.2000E+00, 1.0133E+01,-1.0000E+00,
18:15:26.85919292, 1.1667E+00, 1.0133E+01,-6.6667E-01,
18:15:26.85919297, 1.2000E+00, 1.0167E+01,-6.6667E-01,
18:15:26.85919302, 1.1000E+00, 1.0200E+01, 0.0000E+00,
18:15:26.85919307, 1.0667E+00, 1.0200E+01, 3.3333E-01,
18:15:26.85919312, 1.1667E+00, 1.0133E+01, 0.0000E+00,
18:15:26.85919317, 1.1333E+00, 1.0167E+01, 0.0000E+00,
18:15:26.85919322, 1.1333E+00, 1.0133E+01,-3.3333E-01,
18:15:26.85919327, 1.1333E+00, 1.0200E+01,-3.3333E-01,
18:15:26.85919332, 1.0667E+00, 1.0167E+01,-6.6667E-01,
18:15:26.85919337, 1.1667E+00, 1.0133E+01, 0.0000E+00,
18:15:26.85919342, 1.0667E+00, 1.0167E+01, 0.0000E+00,
18:15:26.85919347, 1.1667E+00, 1.0167E+01,-3.3333E-01,
18:15:26.85919352, 1.1333E+00, 1.0167E+01,-3.3333E-01,
18:15:26.85919357, 1.0667E+00, 1.0133E+01, 0.0000E+00,
18:15:26.85919362, 1.1000E+00, 1.0167E+01,-3.3333E-01,
18:15:26.85919367, 1.1667E+00, 1.0100E+01, 0.0000E+00,
18:15:26.85919372, 1.1000E+00, 1.0167E+01, 0.0000E+00,
18:15:26.85919377, 1.1333E+00, 1.0167E+01, 3.3333E-01,
18:15:26.85919382, 1.1000E+00, 1.0133E+01,-3.3333E-01,
18:15:26.85919387, 1.1333E+00, 1.0133E+01, 0.0000E+00,
18:15:26.85919392, 1.1333E+00, 1.0100E+01,-3.3333E-01,
18:15:26.85919397, 1.1333E+00, 1.0200E+01, 0.0000E+00,
18:15:26.85919402, 1.1333E+00, 1.0067E+01, 0.0000E+00,
18:15:26.85919407, 1.1667E+00, 1.0167E+01,-3.3333E-01,
18:15:26.85919412, 1.1667E+00, 1.0133E+01, 0.0000E+00,
18:15:26.85919417, 1.2000E+00, 1.0100E+01, 0.0000E+00,
18:15:26.85919422, 1.1667E+00, 1.0200E+01,-3.3333E-01,
18:15:26.85919427, 1.1667E+00, 1.0133E+01,-3.3333E-01,
18:15:26.85919432, 1.1333E+00, 1.0167E+01,-3.3333E-01,
18:15:26.85919437, 1.1333E+00, 1.0200E+01,-6.6667E-01,
18:15:26.85919442, 1.1000E+00, 1.0133E+01,-6.6667E-01,
18:15:26.85919447, 1.1333E+00, 1.0200E+01,-3.3333E-01,
18:15:26.85919452, 1.1000E+00, 1.0133E+01,-3.3333E-01,
18:15:26.85919457, 1.1667E+00, 1.0167E+01, 3.3333E-01,
18:15:26.85919462, 1.1667E+00, 1.0100E+01,-3.3333E-01,
18:15:26.85919467, 1.1000E+00, 1.0167E+01, 3.3333E-01,
18:15:26.85919472, 1.1667E+00, 1.0133E+01, 0.0000E+00,
18:15:26.85919477, 1.1000E+00, 1.0133E+01, 3.3333E-01,
18:15:26.85919482, 1.1667E+00, 1.0200E+01,-6.6667E-01,
18:15:26.85919487, 1.1333E+00, 1.0167E+01, 0.0000E+00,
18:15:26.85919492, 1.0333E+00, 1.0167E+01, 0.0000E+00,
18:15:26.85919497, 1.1667E+00, 1.0133E+01, 6.6667E-01,
18:15:26.85919502, 1.1000E+00, 1.0133E+01,-3.3333E-01,
18:15:26.85919507, 1.0333E+00, 1.0167E+01, 0.0000E+00,
18:15:26.85919512, 1.1667E+00, 1.0133E+01,-3.3333E-01,
18:15:26.85919517, 1.1333E+00, 1.0133E+01,-6.6667E-01,
18:15:26.85919522, 1.1333E+00, 1.0167E+01, 0.0000E+00,
18:15:26.85919527, 1.1667E+00, 1.0100E+01,-6.6667E-01,
18:15:26.85919532, 1.1333E+00, 1.0133E+01,-3.3333E-01,
18:15:26.85919537, 1.2000E+00, 1.0133E+01, 3.3333E-01,
18:15:26.85919542, 1.1333E+00, 1.0200E+01,-3.3333E-01,
18:15:26.85919547, 1.0667E+00, 1.0100E+01,-3.3333E-01,
18:15:26.85919552, 1.2667E+00, 1.0100E+01, 0.0000E+00,
18:15:26.85919557, 1.1667E+00, 1.0100E+01, 3.3333E-01,
18:15:26.85919562, 1.1333E+00, 1.0133E+01, 0.0000E+00,
18:15:26.85919567, 1.2333E+00, 1.0100E+01, 0.0000E+00,
18:15:26.85919572, 1.1667E+00, 1.0200E+01, 3.3333E-01,
18:15:26.85919577, 1.1667E+00, 1.0100E+01,-3.3333E-01,
18:15:26.85919582, 1.1667E+00, 1.0167E+01,-3.3333E-01,
18:15:26.85919587, 1.1667E+00, 1.0133E+01, 0.0000E+00,
18:15:26.85919592, 1.1000E+00, 1.0133E+01,-3.3333E-01,
18:15:26.85919597, 1.0667E+00, 1.0167E+01,-3.3333E-01,
18:15:26.85919602, 1.2000E+00, 1.0100E+01,-3.3333E-01,
18:15:26.85919607, 1.0667E+00, 1.0167E+01,-6.6667E-01,
18:15:26.85919612, 1.1667E+00, 1.0100E+01,-3.3333E-01,
18:15:26.85919617, 1.1667E+00, 1.0200E+01,-3.3333E-01,
18:15:26.85919622, 1.1667E+00, 1.0133E+01,-6.6667E-01,
18:15:26.85919627, 1.2000E+00, 1.0100E+01, 3.3333E-01,
18:15:26.85919632, 1.2000E+00, 1.0167E+01, 0.0000E+00,
18:15:26.85919637, 1.1333E+00, 1.0133E+01,-3.3333E-01,
18:15:26.85919642, 1.1000E+00, 1.0100E+01,-6.6667E-01,
18:15:26.85919647, 1.1333E+00, 1.0133E+01,-3.3333E-01,
18:15:26.85919652, 1.1333E+00, 1.0100E+01, 0.0000E+00,
18:15:26.85919657, 1.1000E+00, 1.0133E+01, 0.0000E+00,
18:15:26.85919662, 1.1667E+00, 1.0233E+01, 0.0000E+00,
18:15:26.85919667, 1.1333E+00, 1.0100E+01,-6.6667E-01,
18:15:26.85919672, 1.2000E+00, 1.0200E+01, 0.0000E+00,
18:15:26.85919677, 1.2000E+00, 1.0167E+01, 3.3333E-01,
18:15:26.85919682, 1.1000E+00, 1.0167E+01,-6.6667E-01,
18:15:26.85919687, 1.1667E+00, 1.0167E+01, 0.0000E+00,
18:15:26.85919692, 1.1333E+00, 1.0200E+01, 0.0000E+00,
18:15:26.85919697, 1.1333E+00, 1.0133E+01, 3.3333E-01,
18:15:26.85919702, 1.1333E+00, 1.0200E+01, 0.0000E+00,
18:15:26.85919707, 1.1333E+00, 1.0100E+01,-6.6667E-01,
18:15:26.85919712, 1.1667E+00, 1.0200E+01,-3.3333E-01,
18:15:26.85919717, 1.1667E+00, 1.0167E+01, 3.3333E-01,
18:15:26.85919722, 1.1333E+00, 1.0100E+01, 3.3333E-01,
18:15:26.85919727, 1.2000E+00, 1.0100E+01, 3.3333E-01,
18:15:26.85919732, 1.1000E+00, 1.0167E+01,-6.6667E-01,
18:15:26.85919737, 1.1000E+00, 1.0167E+01, 0.0000E+00,
18:15:26.85919742, 1.1667E+00, 1.0133E+01, 6.6667E-01,
18:15:26.85919747, 1.1667E+00, 1.0100E+01,-3.3333E-01,
18:15:26.85919752, 1.1333E+00, 1.0133E+01, 3.3333E-01,
18:15:26.85919757, 1.2000E+00, 1.0133E+01, 6.6667E-01,
18:15:26.85919762, 1.1667E+00, 1.0167E+01, 3.3333E-01,
18:15:26.85919767, 1.1000E+00, 1.0133E+01, 0.0000E+00,
18:15:26.85919772, 1.2000E+00, 1.0100E+01,-3.3333E-01,
18:15:26.85919777, 1.1000E+00, 1.0100E+01, 3.3333E-01,
18:15:26.85919782, 1.1000E+00, 1.0133E+01,-3.3333E-01,
18:15:26.85919787, 1.1000E+00, 1.0167E+01, 0.0000E+00,
18:15:26.85919792, 1.1000E+00, 1.0100E+01, 0.0000E+00,
18:15:26.85919797, 1.1333E+00, 1.0167E+01, 0.0000E+00,
18:15:26.85919802, 1.1333E+00, 1.0133E+01, 0.0000E+00,
18:15:26.85919807, 1.2000E+00, 1.0133E+01,-6.6667E-01,
18:15:26.85919812, 1.2000E+00, 1.0133E+01,-3.3333E-01,
18:15:26.85919817, 1.2000E+00, 1.0233E+01,-6.6667E-01,
18:15:26.85919822, 1.1667E+00, 1.0167E+01, 0.0000E+00,
18:15:26.85919827, 1.1333E+00, 1.0100E+01,-6.6667E-01,
18:15:26.85919832, 1.1333E+00, 1.0167E+01,-6.6667E-01,
18:15:26.85919837, 1.1667E+00, 1.0167E+01,-6.6667E-01,
18:15:26.85919842, 1.1667E+00, 1.0167E+01, 3.3333E-01,
18:15:26.85919847, 1.0667E+00, 1.0133E+01, 3.3333E-01,
18:15:26.85919852, 1.1000E+00, 1.0233E+01, 3.3333E-01,
18:15:26.85919857, 1.2000E+00, 1.0167E+01, 3.3333E-01,
18:15:26.85919862, 1.2333E+00, 1.0167E+01,-1.0000E+00,
18:15:26.85919867, 1.1667E+00, 1.0133E+01, 0.0000E+00,
18:15:26.85919872, 1.1333E+00, 1.0133E+01, 3.3333E-01,
18:15:26.85919877, 1.1667E+00, 1.0133E+01, 6.6667E-01,
18:15:26.85919882, 1.0667E+00, 1.0167E+01,-6.6667E-01,
18:15:26.85919887, 1.1333E+00, 1.0100E+01, 0.0000E+00,
18:15:26.85919892, 1.1000E+00, 1.0133E+01,-3.3333E-01,
18:15:26.85919897, 1.1000E+00, 1.0200E+01, 0.0000E+00,
18:15:26.85919902, 1.1667E+00, 1.0200E+01, 0.0000E+00,
18:15:26.85919907, 1.1667E+00, 1.0100E+01,-3.3333E-01,
18:15:26.85919912, 1.2000E+00, 1.0100E+01,-6.6667E-01,
18:15:26.85919917, 1.1333E+00, 1.0167E+01,-6.6667E-01,
18:15:26.85919922, 1.1667E+00, 1.0167E+01,-3.3333E-01,
18:15:26.85919927, 1.1667E+00, 1.0133E+01,-1.0000E+00,
18:15:26.85919932, 1.1667E+00, 1.0133E+01,-6.6667E-01,
18:15:26.85919937, 1.1333E+00, 1.0133E+01, 0.0000E+00,
18:15:26.85919942, 1.1667E+00, 1.0133E+01, 0.0000E+00,
18:15:26.85919947, 1.1667E+00, 1.0133E+01,-6.6667E-01,
18:15:26.85919952, 1.1667E+00, 1.0133E+01, 0.0000E+00,
18:15:26.85919957, 1.1000E+00, 1.0133E+01, 0.0000E+00,
18:15:26.85919962, 1.1667E+00, 1.0167E+01, 0.0000E+00,
18:15:26.85919967, 1.1333E+00, 1.0167E+01,-6.6667E-01,
18:15:26.85919972, 1.2000E+00, 1.0133E+01, 3.3333E-01,
18:15:26.85919977, 1.1333E+00, 1.0133E+01, 3.3333E-01,
18:15:26.85919982, 1.1000E+00, 1.0100E+01, 6.6667E-01,
18:15:26.85919987, 1.1000E+00, 1.0167E+01,-6.6667E-01,
18:15:26.85919992, 1.1333E+00, 1.0133E+01, 0.0000E+00,
18:15:26.85919997, 1.1000E+00, 1.0133E+01, 3.3333E-01,
18:15:26.85920002, 1.1667E+00, 1.0133E+01, 0.0000E+00,
18:15:26.85920007, 1.1667E+00, 1.0167E+01,-3.3333E-01,
18:15:26.85920012, 1.1000E+00, 1.0133E+01, 0.0000E+00,
18:15:26.85920017, 1.2333E+00, 1.0133E+01,-6.6667E-01,
18:15:26.85920022, 1.1333E+00, 1.0167E+01,-6.6667E-01,
18:15:26.85920027, 1.2000E+00, 1.0100E+01,-3.3333E-01,
18:15:26.85920032, 1.1333E+00, 1.0167E+01, 0.0000E+00,
18:15:26.85920037, 1.2000E+00, 1.0100E+01,-3.3333E-01,
18:15:26.85920042, 1.1667E+00, 1.0200E+01, 0.0000E+00,
18:15:26.85920047, 1.1667E+00, 1.0133E+01, 3.3333E-01,
18:15:26.85920052, 1.2333E+00, 1.0133E+01, 0.0000E+00,
18:15:26.85920057, 1.2000E+00, 1.0133E+01, 0.0000E+00,
18:15:26.85920062, 1.1667E+00, 1.0167E+01,-3.3333E-01,
18:15:26.85920067, 1.1667E+00, 1.0200E+01,-3.3333E-01,
18:15:26.85920072, 1.1333E+00, 1.0133E+01,-3.3333E-01,
18:15:26.85920077, 1.1667E+00, 1.0100E+01,-3.3333E-01,
18:15:26.85920082, 1.1333E+00, 1.0167E+01,-6.6667E-01,
18:15:26.85920087, 1.1333E+00, 1.0133E+01, 0.0000E+00,
18:15:26.85920092, 1.1000E+00, 1.0133E+01,-3.3333E-01,
18:15:26.85920097, 1.1333E+00, 1.0100E+01, 3.3333E-01,
18:15:26.85920102, 1.1333E+00, 1.0133E+01, 0.0000E+00,
18:15:26.85920107, 1.1667E+00, 1.0133E+01,-6.6667E-01,
18:15:26.85920112, 1.1333E+00, 1.0133E+01, 3.3333E-01,
18:15:26.85920117, 1.1333E+00, 1.0200E+01, 3.3333E-01,
18:15:26.85920122, 1.1333E+00, 1.0133E+01,-6.6667E-01,
18:15:26.85920127, 1.1000E+00, 1.0133E+01, 0.0000E+00,
18:15:26.85920132, 1.1333E+00, 1.0167E+01, 0.0000E+00,
18:15:26.85920137, 1.1333E+00, 1.0167E+01, 0.0000E+00,
18:15:26.85920142, 1.2000E+00, 1.0100E+01, 3.3333E-01,
18:15:26.85920147, 1.2333E+00, 1.0200E+01, 0.0000E+00,
18:15:26.85920152, 1.1000E+00, 1.0100E+01, 3.3333E-01,
18:15:26.85920157, 1.1667E+00, 1.0133E+01,-3.3333E-01,
18:15:26.85920162, 1.1667E+00, 1.0133E+01, 3.3333E-01,
18:15:26.85920167, 1.1667E+00, 1.0100E+01, 0.0000E+00,
18:15:26.85920172, 1.1333E+00, 1.0133E+01,-3.3333E-01,
18:15:26.85920177, 1.1333E+00, 1.0200E+01, 1.0000E+00,
18:15:26.85920182, 1.1667E+00, 1.0167E+01, 0.0000E+00,
18:15:26.85920187, 1.1333E+00, 1.0200E+01, 0.0000E+00,
18:15:26.85920192, 1.2333E+00, 1.0200E+01, 0.0000E+00,
18:15:26.85920197, 1.2333E+00, 1.0167E+01, 3.3333E-01,
18:15:26.85920202, 1.1333E+00, 1.0100E+01,-6.6667E-01,
18:15:26.85920207, 1.1333E+00, 1.0100E+01, 0.0000E+00,
18:15:26.85920212, 1.1000E+00, 1.0167E+01, 6.6667E-01,
18:15:26.85920217, 1.1000E+00, 1.0200E+01, 3.3333E-01,
18:15:26.85920222, 1.1667E+00, 1.0167E+01, 6.6667E-01,
18:15:26.85920227, 1.1333E+00, 1.0167E+01, 6.6667E-01,
18:15:26.85920232, 1.1000E+00, 1.0100E+01,-3.3333E-01,
18:15:26.85920237, 1.2000E+00, 1.0133E+01,-3.3333E-01,
18:15:26.85920242, 1.2000E+00, 1.0167E+01, 3.3333E-01,
18:15:26.85920247, 1.1667E+00, 1.0100E+01, 6.6667E-01,
18:15:26.85920252, 1.1333E+00, 1.0200E+01, 0.0000E+00,
18:15:26.85920257, 1.1667E+00, 1.0200E+01, 0.0000E+00,
18:15:26.85920262, 1.2333E+00, 1.0100E+01, 0.0000E+00,
18:15:26.85920267, 1.1667E+00, 1.0167E+01, 3.3333E-01,
18:15:26.85920272, 1.1333E+00, 1.0167E+01,-1.0000E+00,
18:15:26.85920277, 1.1333E+00, 1.0100E+01, 0.0000E+00,
18:15:26.85920282, 1.1667E+00, 1.0167E+01, 0.0000E+00,
18:15:26.85920287, 1.1667E+00, 1.0167E+01,-3.3333E-01,
18:15:26.85920292, 1.2333E+00, 1.0133E+01, 0.0000E+00,
18:15:26.85920297, 1.1333E+00, 1.0133E+01, 0.0000E+00,
18:15:26.85920302, 1.1333E+00, 1.0067E+01, 0.0000E+00,
18:15:26.85920307, 1.2000E+00, 1.0100E+01, 3.3333E-01,
18:15:26.85920312, 1.1667E+00, 1.0133E+01, 3.3333E-01,
18:15:26.85920317, 1.2000E+00, 1.0200E+01,-6.6667E-01,
18:15:26.85920322, 1.0667E+00, 1.0133E+01,-3.3333E-01,
18:15:26.85920327, 1.1667E+00, 1.0133E+01, 3.3333E-01,
18:15:26.85920332, 1.1333E+00, 1.0133E+01,-3.3333E-01,
18:15:26.85920337, 1.2000E+00, 1.0100E+01,-3.3333E-01,
18:15:26.85920342, 1.2667E+00, 1.0100E+01,-3.3333E-01,
18:15:26.85920347, 1.1333E+00, 1.0100E+01,-6.6667E-01,
18:15:26.85920352, 1.1333E+00, 1.0167E+01, 0.0000E+00,
18:15:26.85920357, 1.1667E+00, 1.0133E+01, 0.0000E+00,
18:15:26.85920362, 1.1333E+00, 1.0100E+01,-3.3333E-01,
18:15:26.85920367, 1.1667E+00, 1.0133E+01,-6.6667E-01,
18:15:26.85920372, 1.1333E+00, 1.0167E+01, 3.3333E-01,
18:15:26.85920377, 1.2333E+00, 1.0133E+01,-3.3333E-01,
18:15:26.85920382, 1.1667E+00, 1.0100E+01,-3.3333E-01,
18:15:26.85920387, 1.1333E+00, 1.0100E+01, 0.0000E+00,
18:15:26.85920392, 1.1667E+00, 1.0100E+01, 0.0000E+00,
18:15:26.85920397, 1.1667E+00, 1.0167E+01,-3.3333E-01,
18:15:26.85920402, 1.1667E+00, 1.0167E+01, 0.0000E+00,
18:15:26.85920407, 1.1333E+00, 1.0200E+01,-3.3333E-01,
18:15:26.85920412, 1.2000E+00, 1.0100E+01, 0.0000E+00,
18:15:26.85920417, 1.1667E+00, 1.0167E+01, 0.0000E+00,
18:15:26.85920422, 1.2000E+00, 1.0200E+01, 0.0000E+00,
18:15:26.85920427, 1.2333E+00, 1.0133E+01, 1.0000E+00,
18:15:26.85920432, 1.1667E+00, 1.0200E+01, 0.0000E+00,
18:15:26.85920437, 1.1000E+00, 1.0133E+01,-3.3333E-01,
18:15:26.85920442, 1.2000E+00, 1.0167E+01, 3.3333E-01,
18:15:26.85920447, 1.1000E+00, 1.0100E+01,-3.3333E-01,
18:15:26.85920452, 1.2000E+00, 1.0200E+01, 3.3333E-01,
18:15:26.85920457, 1.2000E+00, 1.0133E+01,-1.3333E+00,
18:15:26.85920462, 1.2000E+00, 1.0133E+01, 3.3333E-01,
18:15:26.85920467, 1.1667E+00, 1.0100E+01, 6.6667E-01,
18:15:26.85920472, 1.1667E+00, 1.0133E+01, 0.0000E+00,
18:15:26.85920477, 1.1667E+00, 1.0133E+01, 0.0000E+00,
18:15:26.85920482, 1.1667E+00, 1.0167E+01,-3.3333E-01,
18:15:26.85920487, 1.1667E+00, 1.0133E+01, 0.0000E+00,
18:15:26.85920492, 1.2000E+00, 1.0167E+01, 6.6667E-01,
18:15:26.85920497, 1.1333E+00, 1.0200E+01,-1.0000E+00,
18:15:26.85920502, 1.2000E+00, 1.0167E+01, 6.6667E-01,
18:15:26.85920507, 1.0667E+00, 1.0133E+01,-3.3333E-01,
18:15:26.85920512, 1.1667E+00, 1.0100E+01, 3.3333E-01,
18:15:26.85920517, 1.2000E+00, 1.0200E+01,-3.3333E-01,
18:15:26.85920522, 1.2000E+00, 1.0133E+01,-3.3333E-01,
18:15:26.85920527, 1.1333E+00, 1.0133E+01, 0.0000E+00,
18:15:26.85920532, 1.2333E+00, 1.0167E+01,-3.3333E-01,
18:15:26.85920537, 1.1667E+00, 1.0100E+01,-6.6667E-01,
18:15:26.85920542, 1.1667E+00, 1.0167E+01,-3.3333E-01,
18:15:26.85920547, 1.2000E+00, 1.0233E+01, 3.3333E-01,
18:15:26.85920552, 1.1667E+00, 1.0167E+01, 0.0000E+00,
18:15:26.85920557, 1.1333E+00, 1.0100E+01, 0.0000E+00,
18:15:26.85920562, 1.2000E+00, 1.0067E+01,-3.3333E-01,
18:15:26.85920567, 1.2333E+00, 1.0133E+01, 3.3333E-01,
18:15:26.85920572, 1.1667E+00, 1.0100E+01, 3.3333E-01,
18:15:26.85920577, 1.2000E+00, 1.0100E+01, 0.0000E+00,
18:15:26.85920582, 1.1333E+00, 1.0133E+01,-3.3333E-01,
18:15:26.85920587, 1.2000E+00, 1.0133E+01, 3.3333E-01,
18:15:26.85920592, 1.1667E+00, 1.0233E+01,-3.3333E-01,
18:15:26.85920597, 1.1000E+00, 1.0133E+01, 0.0000E+00,
18:15:26.85920602, 1.1333E+00, 1.0167E+01,-6.6667E-01,
18:15:26.85920607, 1.1000E+00, 1.0167E+01, 0.0000E+00,
18:15:26.85920612, 1.2000E+00, 1.0167E+01, 3.3333E-01,
18:15:26.85920617, 1.2000E+00, 1.0167E+01, 3.3333E-01,
18:15:26.85920622, 1.1667E+00, 1.0133E+01,-3.3333E-01,
18:15:26.85920627, 1.2000E+00, 1.0133E+01, 6.6667E-01,
18:15:26.85920632, 1.1667E+00, 1.0167E+01,-3.3333E-01,
18:15:26.85920637, 1.1333E+00, 1.0167E+01,-3.3333E-01,
18:15:26.85920642, 1.1667E+00, 1.0167E+01,-6.6667E-01,
18:15:26.85920647, 1.2000E+00, 1.0200E+01,-1.0000E+00,
18:15:26.85920652, 1.2000E+00, 1.0167E+01,-3.3333E-01,
18:15:26.85920657, 1.2333E+00, 1.0100E+01, 0.0000E+00,
18:15:26.85920662, 1.1667E+00, 1.0133E+01, 0.0000E+00,
18:15:26.85920667, 1.2333E+00, 1.0100E+01, 3.3333E-01,
18:15:26.85920672, 1.1667E+00, 1.0100E+01,-3.3333E-01,
18:15:26.85920677, 1.1667E+00, 1.0100E+01,-1.0000E+00,
18:15:26.85920682, 1.1000E+00, 1.0100E+01,-3.3333E-01,
18:15:26.85920687, 1.1000E+00, 1.0100E+01, 0.0000E+00,
18:15:26.85920692, 1.1333E+00, 1.0100E+01, 6.6667E-01,
18:15:26.85920697, 1.1667E+00, 1.0133E+01, 0.0000E+00,
18:15:26.85920702, 1.1333E+00, 1.0133E+01,-6.6667E-01,
18:15:26.85920707, 1.1667E+00, 1.0133E+01, 0.0000E+00,
18:15:26.85920712, 1.2000E+00, 1.0200E+01, 0.0000E+00,
18:15:26.85920717, 1.1333E+00, 1.0167E+01, 0.0000E+00,
18:15:26.85920722, 1.1667E+00, 1.0133E+01, 3.3333E-01,
18:15:26.85920727, 1.1000E+00, 1.0167E+01,-3.3333E-01,
18:15:26.85920732, 1.1667E+00, 1.0133E+01,-6.6667E-01,
18:15:26.85920737, 1.1333E+00, 1.0167E+01, 0.0000E+00,
18:15:26.85920742, 1.2000E+00, 1.0133E+01, 3.3333E-01,
18:15:26.85920747, 1.1333E+00, 1.0167E+01,-3.3333E-01,
18:15:26.85920752, 1.2000E+00, 1.0167E+01, 6.6667E-01,
18:15:26.85920757, 1.1333E+00, 1.0233E+01, 3.3333E-01,
18:15:26.85920762, 1.1333E+00, 1.0167E+01, 1.0000E+00,
18:15:26.85920767, 1.1667E+00, 1.0100E+01, 0.0000E+00,
18:15:26.85920772, 1.1667E+00, 1.0167E+01,-3.3333E-01,
18:15:26.85920777, 1.1000E+00, 1.0167E+01,-6.6667E-01,
18:15:26.85920782, 1.2000E+00, 1.0167E+01, 0.0000E+00,
18:15:26.85920787, 1.2333E+00, 1.0167E+01,-3.3333E-01,
18:15:26.85920792, 1.1333E+00, 1.0133E+01, 0.0000E+00,
18:15:26.85920797, 1.1333E+00, 1.0167E+01,-3.3333E-01,
18:15:26.85920802, 1.1667E+00, 1.0167E+01,-3.3333E-01,
18:15:26.85920807, 1.2333E+00, 1.0100E+01, 0.0000E+00,
18:15:26.85920812, 1.2000E+00, 1.0133E+01, 0.0000E+00,
18:15:26.85920817, 1.2333E+00, 1.0100E+01,-3.3333E-01,
18:15:26.85920822, 1.2000E+00, 1.0200E+01, 3.3333E-01,
18:15:26.85920827, 1.2333E+00, 1.0167E+01,-3.3333E-01,
18:15:26.85920832, 1.1333E+00, 1.0100E+01,-3.3333E-01,
18:15:26.85920837, 1.2000E+00, 1.0233E+01,-6.6667E-01,
18:15:26.85920842, 1.2000E+00, 1.0167E+01,-3.3333E-01,
18:15:26.85920847, 1.1667E+00, 1.0133E+01, 0.0000E+00,
18:15:26.85920852, 1.1667E+00, 1.0167E+01, 0.0000E+00,
18:15:26.85920857, 1.1667E+00, 1.0167E+01, 0.0000E+00,
18:15:26.85920862, 1.2000E+00, 1.0100E+01, 0.0000E+00,
18:15:26.85920867, 1.2333E+00, 1.0133E+01,-3.3333E-01,
18:15:26.85920872, 1.1667E+00, 1.0167E+01,-6.6667E-01,
18:15:26.85920877, 1.2667E+00, 1.0133E+01, 0.0000E+00,
18:15:26.85920882, 1.2667E+00, 1.0167E+01,-3.3333E-01,
18:15:26.85920887, 1.1667E+00, 1.0200E+01, 0.0000E+00,
18:15:26.85920892, 1.2000E+00, 1.0100E+01, 0.0000E+00,
18:15:26.85920897, 1.1333E+00, 1.0167E+01, 0.0000E+00,
18:15:26.85920902, 1.1667E+00, 1.0133E+01,-3.3333E-01,
18:15:26.85920907, 1.1667E+00, 1.0133E+01, 0.0000E+00,
18:15:26.85920912, 1.2000E+00, 1.0233E+01, 0.0000E+00,
18:15:26.85920917, 1.2333E+00, 1.0133E+01, 3.3333E-01,
18:15:26.85920922, 1.1333E+00, 1.0200E+01, 3.3333E-01,
18:15:26.85920927, 1.1667E+00, 1.0167E+01, 0.0000E+00,
18:15:26.85920932, 1.1000E+00, 1.0167E+01,-3.3333E-01,
18:15:26.85920937, 1.2000E+00, 1.0133E+01,-1.0000E+00,
18:15:26.85920942, 1.1667E+00, 1.0167E+01, 0.0000E+00,
18:15:26.85920947, 1.1000E+00, 1.0133E+01,-3.3333E-01,
18:15:26.85920952, 1.1667E+00, 1.0133E+01, 3.3333E-01,
18:15:26.85920957, 1.1667E+00, 1.0233E+01,-3.3333E-01,
18:15:26.85920962, 1.1333E+00, 1.0133E+01,-3.3333E-01,
18:15:26.85920967, 1.2667E+00, 1.0100E+01,-6.6667E-01,
18:15:26.85920972, 1.2000E+00, 1.0133E+01, 0.0000E+00,
18:15:26.85920977, 1.1333E+00, 1.0167E+01, 3.3333E-01,
18:15:26.85920982, 1.1333E+00, 1.0167E+01,-3.3333E-01,
18:15:26.85920987, 1.1000E+00, 1.0100E+01,-6.6667E-01,
18:15:26.85920992, 1.0667E+00, 1.0133E+01,-6.6667E-01,
18:15:26.85920997, 1.2333E+00, 1.0167E+01, 0.0000E+00,
18:15:26.85921002, 1.1667E+00, 1.0133E+01,-3.3333E-01,
18:15:26.85921007, 1.1667E+00, 1.0167E+01, 3.3333E-01,
18:15:26.85921012, 1.1667E+00, 1.0133E+01,-3.3333E-01,
18:15:26.85921017, 1.1667E+00, 1.0133E+01,-3.3333E-01,
18:15:26.85921022, 1.1667E+00, 1.0133E+01,-3.3333E-01,
18:15:26.85921027, 1.2000E+00, 1.0133E+01,-6.6667E-01,
18:15:26.85921032, 1.2000E+00, 1.0133E+01, 0.0000E+00,
18:15:26.85921037, 1.1333E+00, 1.0133E+01, 0.0000E+00,
18:15:26.85921042, 1.1333E+00, 1.0167E+01, 0.0000E+00,
18:15:26.85921047, 1.2000E+00, 1.0167E+01, 3.3333E-01,
18:15:26.85921052, 1.2333E+00, 1.0100E+01, 0.0000E+00,
18:15:26.85921057, 1.2000E+00, 1.0167E+01, 6.6667E-01,
18:15:26.85921062, 1.2333E+00, 1.0167E+01, 0.0000E+00,
18:15:26.85921067, 1.2000E+00, 1.0167E+01,-3.3333E-01,
18:15:26.85921072, 1.1667E+00, 1.0133E+01, 3.3333E-01,
18:15:26.85921077, 1.1667E+00, 1.0133E+01, 0.0000E+00,
18:15:26.85921082, 1.1000E+00, 1.0100E+01,-3.3333E-01,
18:15:26.85921087, 1.1667E+00, 1.0100E+01, 0.0000E+00,
18:15:26.85921092, 1.1333E+00, 1.0167E+01, 0.0000E+00,
18:15:26.85921097, 1.1333E+00, 1.0167E+01, 3.3333E-01,
18:15:26.85921102, 1.2333E+00, 1.0233E+01,-3.3333E-01,
18:15:26.85921107, 1.1667E+00, 1.0167E+01, 0.0000E+00,
18:15:26.85921112, 1.1667E+00, 1.0100E+01,-3.3333E-01,
18:15:26.85921117, 1.2000E+00, 1.0200E+01,-3.3333E-01,
18:15:26.85921122, 1.1333E+00, 1.0167E+01, 3.3333E-01,
18:15:26.85921127, 1.1333E+00, 1.0167E+01, 0.0000E+00,
18:15:26.85921132, 1.1333E+00, 1.0100E+01,-1.0000E+00,
18:15:26.85921137, 1.1667E+00, 1.0100E+01, 0.0000E+00,
18:15:26.85921142, 1.1667E+00, 1.0133E+01,-3.3333E-01,
18:15:26.85921147, 1.1333E+00, 1.0100E+01, 3.3333E-01,
18:15:26.85921152, 1.1333E+00, 1.0167E+01,-3.3333E-01,
18:15:26.85921157, 1.2000E+00, 1.0200E+01,-3.3333E-01,
18:15:26.85921162, 1.1667E+00, 1.0133E+01, 0.0000E+00,
18:15:26.85921167, 1.1333E+00, 1.0100E+01,-1.0000E+00,
18:15:26.85921172, 1.2333E+00, 1.0100E+01, 3.3333E-01,
18:15:26.85921177, 1.1000E+00, 1.0200E+01, 0.0000E+00,
18:15:26.85921182, 1.1667E+00, 1.0200E+01, 0.0000E+00,
18:15:26.85921187, 1.1000E+00, 1.0100E+01,-6.6667E-01,
18:15:26.85921192, 1.2333E+00, 1.0100E+01, 0.0000E+00,
18:15:26.85921197, 1.1667E+00, 1.0100E+01, 0.0000E+00,
18:15:26.85921202, 1.1667E+00, 1.0167E+01, 0.0000E+00,
18:15:26.85921207, 1.1667E+00, 1.0100E+01, 6.6667E-01,
18:15:26.85921212, 1.2000E+00, 1.0167E+01, 3.3333E-01,
18:15:26.85921217, 1.1667E+00, 1.0167E+01,-3.3333E-01,
18:15:26.85921222, 1.2000E+00, 1.0167E+01, 0.0000E+00,
18:15:26.85921227, 1.1333E+00, 1.0100E+01,-3.3333E-01,
18:15:26.85921232, 1.1667E+00, 1.0100E+01,-6.6667E-01,
18:15:26.85921237, 1.2000E+00, 1.0133E+01,-6.6667E-01,
18:15:26.85921242, 1.2000E+00, 1.0133E+01,-3.3333E-01,
18:15:26.85921247, 1.1667E+00, 1.0100E+01,-3.3333E-01,
18:15:26.85921252, 1.2000E+00, 1.0200E+01, 0.0000E+00,
18:15:26.85921257, 1.1667E+00, 1.0200E+01, 0.0000E+00,
18:15:26.85921262, 1.2333E+00, 1.0167E+01, 3.3333E-01,
18:15:26.85921267, 1.1667E+00, 1.0100E+01,-3.3333E-01,
18:15:26.85921272, 1.1667E+00, 1.0200E+01,-3.3333E-01,
18:15:26.85921277, 1.2333E+00, 1.0133E+01, 0.0000E+00,
18:15:26.85921282, 1.1333E+00, 1.0167E+01, 0.0000E+00,
18:15:26.85921287, 1.1667E+00, 1.0100E+01, 0.0000E+00,
18:15:26.85921292, 1.2333E+00, 1.0167E+01,-6.6667E-01,
18:15:26.85921297, 1.2000E+00, 1.0167E+01,-6.6667E-01,
18:15:26.85921302, 1.2000E+00, 1.0167E+01,-6.6667E-01,
18:15:26.85921307, 1.2000E+00, 1.0133E+01, 0.0000E+00,
18:15:26.85921312, 1.2000E+00, 1.0167E+01,-3.3333E-01,
18:15:26.85921317, 1.2000E+00, 1.0100E+01, 6.6667E-01,
18:15:26.85921322, 1.1667E+00, 1.0133E+01,-3.3333E-01,
18:15:26.85921327, 1.1333E+00, 1.0133E+01,-6.6667E-01,
18:15:26.85921332, 1.1667E+00, 1.0167E+01,-3.3333E-01,
18:15:26.85921337, 1.1667E+00, 1.0167E+01,-3.3333E-01,
18:15:26.85921342, 1.1667E+00, 1.0167E+01,-3.3333E-01,
18:15:26.85921347, 1.2000E+00, 1.0167E+01, 3.3333E-01,
18:15:26.85921352, 1.2000E+00, 1.0167E+01, 3.3333E-01,
18:15:26.85921357, 1.1667E+00, 1.0133E+01, 0.0000E+00,
18:15:26.85921362, 1.2333E+00, 1.0133E+01,-3.3333E-01,
18:15:26.85921367, 1.2333E+00, 1.0100E+01, 0.0000E+00,
18:15:26.85921372, 1.2000E+00, 1.0100E+01,-1.0000E+00,
18:15:26.85921377, 1.2000E+00, 1.0133E+01,-3.3333E-01,
18:15:26.85921382, 1.2000E+00, 1.0167E+01, 0.0000E+00,
18:15:26.85921387, 1.2000E+00, 1.0133E+01,-3.3333E-01,
18:15:26.85921392, 1.2333E+00, 1.0100E+01, 0.0000E+00,
18:15:26.85921397, 1.2000E+00, 1.0133E+01,-3.3333E-01,
18:15:26.85921402, 1.1667E+00, 1.0100E+01, 3.3333E-01,
18:15:26.85921407, 1.1333E+00, 1.0133E+01,-6.6667E-01,
18:15:26.85921412, 1.2667E+00, 1.0133E+01, 3.3333E-01,
18:15:26.85921417, 1.1667E+00, 1.0133E+01, 0.0000E+00,
18:15:26.85921422, 1.2000E+00, 1.0167E+01,-1.0000E+00,
18:15:26.85921427, 1.1667E+00, 1.0200E+01,-3.3333E-01,
18:15:26.85921432, 1.2000E+00, 1.0133E+01,-6.6667E-01,
18:15:26.85921437, 1.2000E+00, 1.0167E+01,-1.0000E+00,
18:15:26.85921442, 1.3000E+00, 1.0100E+01, 6.6667E-01,
18:15:26.85921447, 1.2000E+00, 1.0167E+01, 3.3333E-01,
18:15:26.85921452, 1.1667E+00, 1.0133E+01, 3.3333E-01,
18:15:26.85921457, 1.2000E+00, 1.0100E+01,-3.3333E-01,
18:15:26.85921462, 1.1333E+00, 1.0100E+01,-6.6667E-01,
18:15:26.85921467, 1.1667E+00, 1.0133E+01,-6.6667E-01,
18:15:26.85921472, 1.1333E+00, 1.0167E+01, 6.6667E-01,
18:15:26.85921477, 1.1667E+00, 1.0133E+01,-3.3333E-01,
18:15:26.85921482, 1.2000E+00, 1.0133E+01, 3.3333E-01,
18:15:26.85921487, 1.1667E+00, 1.0133E+01,-1.0000E+00,
18:15:26.85921492, 1.1667E+00, 1.0133E+01,-3.3333E-01,
18:15:26.85921497, 1.2333E+00, 1.0167E+01, 0.0000E+00,
18:15:26.85921502, 1.1000E+00, 1.0167E+01,-3.3333E-01,
18:15:26.85921507, 1.2000E+00, 1.0133E+01,-6.6667E-01,
18:15:26.85921512, 1.2000E+00, 1.0100E+01,-3.3333E-01,
18:15:26.85921517, 1.2000E+00, 1.0200E+01,-3.3333E-01,
18:15:26.85921522, 1.2000E+00, 1.0200E+01, 0.0000E+00,
18:15:26.85921527, 1.2667E+00, 1.0100E+01, 6.6667E-01,
18:15:26.85921532, 1.1333E+00, 1.0200E+01,-6.6667E-01,
18:15:26.85921537, 1.2333E+00, 1.0167E+01, 3.3333E-01,
18:15:26.85921542, 1.2333E+00, 1.0200E+01, 0.0000E+00,
18:15:26.85921547, 1.2667E+00, 1.0167E+01,-6.6667E-01,
18:15:26.85921552, 1.2000E+00, 1.0133E+01, 0.0000E+00,
18:15:26.85921557, 1.1667E+00, 1.0200E+01, 0.0000E+00,
18:15:26.85921562, 1.1667E+00, 1.0100E+01,-1.0000E+00,
18:15:26.85921567, 1.1667E+00, 1.0167E+01,-6.6667E-01,
18:15:26.85921572, 1.2333E+00, 1.0200E+01, 0.0000E+00,
18:15:26.85921577, 1.1667E+00, 1.0100E+01, 0.0000E+00,
18:15:26.85921582, 1.2333E+00, 1.0133E+01,-3.3333E-01,
18:15:26.85921587, 1.2000E+00, 1.0200E+01,-6.6667E-01,
18:15:26.85921592, 1.2667E+00, 1.0133E+01, 0.0000E+00,
18:15:26.85921597, 1.1333E+00, 1.0200E+01,-3.3333E-01,
18:15:26.85921602, 1.1667E+00, 1.0167E+01,-3.3333E-01,
18:15:26.85921607, 1.1333E+00, 1.0200E+01, 0.0000E+00,
18:15:26.85921612, 1.2333E+00, 1.0100E+01, 0.0000E+00,
18:15:26.85921617, 1.2000E+00, 1.0133E+01,-3.3333E-01,
18:15:26.85921622, 1.2333E+00, 1.0133E+01,-3.3333E-01,
18:15:26.85921627, 1.2333E+00, 1.0133E+01, 6.6667E-01,
18:15:26.85921632, 1.1667E+00, 1.0133E+01, 0.0000E+00,
18:15:26.85921637, 1.2333E+00, 1.0167E+01,-3.3333E-01,
18:15:26.85921642, 1.1667E+00, 1.0100E+01,-6.6667E-01,
18:15:26.85921647, 1.1667E+00, 1.0167E+01, 0.0000E+00,
18:15:26.85921652, 1.2333E+00, 1.0167E+01, 1.0000E+00,
18:15:26.85921657, 1.1333E+00, 1.0167E+01,-3.3333E-01,
18:15:26.85921662, 1.2000E+00, 1.0100E+01,-6.6667E-01,
18:15:26.85921667, 1.2000E+00, 1.0167E+01,-3.3333E-01,
18:15:26.85921672, 1.1667E+00, 1.0100E+01,-6.6667E-01,
18:15:26.85921677, 1.2000E+00, 1.0200E+01,-1.3333E+00,
18:15:26.85921682, 1.2333E+00, 1.0167E+01, 0.0000E+00,
18:15:26.85921687, 1.1667E+00, 1.0167E+01,-3.3333E-01,
18:15:26.85921692, 1.2000E+00, 1.0100E+01, 0.0000E+00,
18:15:26.85921697, 1.2000E+00, 1.0133E+01, 0.0000E+00,
18:15:26.85921702, 1.2000E+00, 1.0200E+01, 0.0000E+00,
18:15:26.85921707, 1.1667E+00, 1.0167E+01, 6.6667E-01,
18:15:26.85921712, 1.2333E+00, 1.0167E+01, 3.3333E-01,
18:15:26.85921717, 1.1667E+00, 1.0133E+01, 0.0000E+00,
18:15:26.85921722, 1.1667E+00, 1.0200E+01,-3.3333E-01,
18:15:26.85921727, 1.1333E+00, 1.0233E+01,-1.3333E+00,
18:15:26.85921732, 1.2667E+00, 1.0200E+01,-6.6667E-01,
18:15:26.85921737, 1.2000E+00, 1.0133E+01, 0.0000E+00,
18:15:26.85921742, 1.2000E+00, 1.0167E+01,-3.3333E-01,
18:15:26.85921747, 1.1333E+00, 1.0133E+01,-1.0000E+00,
18:15:26.85921752, 1.2333E+00, 1.0133E+01,-3.3333E-01,
18:15:26.85921757, 1.2000E+00, 1.0233E+01, 3.3333E-01,
18:15:26.85921762, 1.3000E+00, 1.0200E+01, 0.0000E+00,
18:15:26.85921767, 1.1667E+00, 1.0133E+01, 0.0000E+00,
18:15:26.85921772, 1.2000E+00, 1.0167E+01, 0.0000E+00,
18:15:26.85921777, 1.2333E+00, 1.0100E+01, 3.3333E-01,
18:15:26.85921782, 1.2000E+00, 1.0200E+01,-6.6667E-01,
18:15:26.85921787, 1.2333E+00, 1.0133E+01,-3.3333E-01,
18:15:26.85921792, 1.2000E+00, 1.0167E+01, 0.0000E+00,
18:15:26.85921797, 1.3000E+00, 1.0167E+01, 0.0000E+00,
18:15:26.85921802, 1.2000E+00, 1.0100E+01,-6.6667E-01,
18:15:26.85921807, 1.2667E+00, 1.0167E+01, 3.3333E-01,
18:15:26.85921812, 1.2333E+00, 1.0100E+01,-3.3333E-01,
18:15:26.85921817, 1.1667E+00, 1.0167E+01,-3.3333E-01,
18:15:26.85921822, 1.2000E+00, 1.0200E+01, 6.6667E-01,
18:15:26.85921827, 1.1667E+00, 1.0133E+01, 6.6667E-01,
18:15:26.85921832, 1.2000E+00, 1.0200E+01, 6.6667E-01,
18:15:26.85921837, 1.2000E+00, 1.0100E+01, 0.0000E+00,
18:15:26.85921842, 1.2333E+00, 1.0133E+01,-1.0000E+00,
18:15:26.85921847, 1.2000E+00, 1.0100E+01, 0.0000E+00,
18:15:26.85921852, 1.2000E+00, 1.0100E+01,-3.3333E-01,
18:15:26.85921857, 1.2000E+00, 1.0100E+01, 0.0000E+00,
18:15:26.85921862, 1.1667E+00, 1.0167E+01, 3.3333E-01,
18:15:26.85921867, 1.2333E+00, 1.0100E+01,-6.6667E-01,
18:15:26.85921872, 1.2000E+00, 1.0133E+01,-6.6667E-01,
18:15:26.85921877, 1.2333E+00, 1.0100E+01,-3.3333E-01,
18:15:26.85921882, 1.2333E+00, 1.0167E+01, 3.3333E-01,
18:15:26.85921887, 1.2000E+00, 1.0200E+01, 0.0000E+00,
18:15:26.85921892, 1.2333E+00, 1.0167E+01, 0.0000E+00,
18:15:26.85921897, 1.1667E+00, 1.0067E+01,-6.6667E-01,
18:15:26.85921902, 1.2000E+00, 1.0200E+01, 0.0000E+00,
18:15:26.85921907, 1.2000E+00, 1.0133E+01,-6.6667E-01,
18:15:26.85921912, 1.2333E+00, 1.0100E+01, 3.3333E-01,
18:15:26.85921917, 1.2333E+00, 1.0133E+01, 6.6667E-01,
18:15:26.85921922, 1.2667E+00, 1.0167E+01,-6.6667E-01,
18:15:26.85921927, 1.1667E+00, 1.0200E+01, 0.0000E+00,
18:15:26.85921932, 1.2000E+00, 1.0100E+01, 0.0000E+00,
18:15:26.85921937, 1.2333E+00, 1.0100E+01,-1.0000E+00,
18:15:26.85921942, 1.1333E+00, 1.0100E+01, 3.3333E-01,
18:15:26.85921947, 1.1667E+00, 1.0133E+01,-3.3333E-01,
18:15:26.85921952, 1.2333E+00, 1.0100E+01,-3.3333E-01,
18:15:26.85921957, 1.2000E+00, 1.0200E+01,-1.0000E+00,
18:15:26.85921962, 1.2333E+00, 1.0133E+01,-6.6667E-01,
18:15:26.85921967, 1.2000E+00, 1.0133E+01,-3.3333E-01,
18:15:26.85921972, 1.2667E+00, 1.0167E+01, 0.0000E+00,
18:15:26.85921977, 1.2333E+00, 1.0167E+01,-3.3333E-01,
18:15:26.85921982, 1.1667E+00, 1.0133E+01,-3.3333E-01,
18:15:26.85921987, 1.2667E+00, 1.0167E+01, 0.0000E+00,
18:15:26.85921992, 1.2000E+00, 1.0133E+01, 6.6667E-01,
18:15:26.85921997, 1.2000E+00, 1.0100E+01, 3.3333E-01,
18:15:26.85922002, 1.3000E+00, 1.0133E+01,-3.3333E-01,
18:15:26.85922007, 1.1667E+00, 1.0133E+01, 3.3333E-01,
18:15:26.85922012, 1.2333E+00, 1.0133E+01, 0.0000E+00,
18:15:26.85922017, 1.2333E+00, 1.0233E+01, 0.0000E+00,
18:15:26.85922022, 1.2667E+00, 1.0100E+01, 0.0000E+00,
18:15:26.85922027, 1.2333E+00, 1.0133E+01,-6.6667E-01,
18:15:26.85922032, 1.2333E+00, 1.0167E+01, 0.0000E+00,
18:15:26.85922037, 1.1667E+00, 1.0133E+01, 3.3333E-01,
18:15:26.85922042, 1.1333E+00, 1.0133E+01,-3.3333E-01,
18:15:26.85922047, 1.2333E+00, 1.0133E+01,-6.6667E-01,
18:15:26.85922052, 1.2000E+00, 1.0100E+01,-3.3333E-01,
18:15:26.85922057, 1.1000E+00, 1.0167E+01, 0.0000E+00,
18:15:26.85922062, 1.2000E+00, 1.0133E+01,-1.0000E+00,
18:15:26.85922067, 1.2667E+00, 1.0200E+01, 6.6667E-01,
18:15:26.85922072, 1.1667E+00, 1.0200E+01, 6.6667E-01,
18:15:26.85922077, 1.2333E+00, 1.0133E+01, 3.3333E-01,
18:15:26.85922082, 1.2333E+00, 1.0133E+01, 3.3333E-01,
18:15:26.85922087, 1.2333E+00, 1.0167E+01,-3.3333E-01,
18:15:26.85922092, 1.2667E+00, 1.0133E+01, 3.3333E-01,
18:15:26.85922097, 1.1667E+00, 1.0167E+01,-3.3333E-01,
18:15:26.85922102, 1.1667E+00, 1.0167E+01, 0.0000E+00,
18:15:26.85922107, 1.1667E+00, 1.0167E+01,-6.6667E-01,
18:15:26.85922112, 1.2667E+00, 1.0100E+01, 6.6667E-01,
18:15:26.85922117, 1.2000E+00, 1.0100E+01,-3.3333E-01,
18:15:26.85922122, 1.1667E+00, 1.0167E+01, 3.3333E-01,
18:15:26.85922127, 1.2667E+00, 1.0167E+01,-3.3333E-01,
18:15:26.85922132, 1.2667E+00, 1.0100E+01,-3.3333E-01,
18:15:26.85922137, 1.2667E+00, 1.0133E+01, 0.0000E+00,
18:15:26.85922142, 1.2000E+00, 1.0200E+01, 0.0000E+00,
18:15:26.85922147, 1.2000E+00, 1.0133E+01,-3.3333E-01,
18:15:26.85922152, 1.2667E+00, 1.0133E+01,-3.3333E-01,
18:15:26.85922157, 1.2333E+00, 1.0133E+01,-6.6667E-01,
18:15:26.85922162, 1.2000E+00, 1.0200E+01, 0.0000E+00,
18:15:26.85922167, 1.2667E+00, 1.0133E+01, 3.3333E-01,
18:15:26.85922172, 1.1667E+00, 1.0133E+01, 0.0000E+00,
18:15:26.85922177, 1.2000E+00, 1.0133E+01, 3.3333E-01,
18:15:26.85922182, 1.1333E+00, 1.0200E+01,-3.3333E-01,
18:15:26.85922187, 1.2000E+00, 1.0133E+01, 0.0000E+00,
18:15:26.85922192, 1.2000E+00, 1.0133E+01,-6.6667E-01,
18:15:26.85922197, 1.2333E+00, 1.0200E+01, 0.0000E+00,
18:15:26.85922202, 1.2333E+00, 1.0100E+01, 0.0000E+00,
18:15:26.85922207, 1.2667E+00, 1.0133E+01, 0.0000E+00,
18:15:26.85922212, 1.2000E+00, 1.0167E+01, 0.0000E+00,
18:15:26.85922217, 1.3000E+00, 1.0167E+01, 0.0000E+00,
18:15:26.85922222, 1.3000E+00, 1.0100E+01,-6.6667E-01,
18:15:26.85922227, 1.1667E+00, 1.0133E+01, 0.0000E+00,
18:15:26.85922232, 1.1667E+00, 1.0133E+01,-6.6667E-01,
18:15:26.85922237, 1.2000E+00, 1.0167E+01,-6.6667E-01,
18:15:26.85922242, 1.1667E+00, 1.0200E+01,-3.3333E-01,
18:15:26.85922247, 1.2000E+00, 1.0100E+01, 0.0000E+00,
18:15:26.85922252, 1.2333E+00, 1.0167E+01,-3.3333E-01,
18:15:26.85922257, 1.2333E+00, 1.0100E+01,-3.3333E-01,
18:15:26.85922262, 1.2667E+00, 1.0200E+01,-3.3333E-01,
18:15:26.85922267, 1.1667E+00, 1.0100E+01,-3.3333E-01,
18:15:26.85922272, 1.1667E+00, 1.0133E+01,-3.3333E-01,
18:15:26.85922277, 1.1333E+00, 1.0167E+01, 0.0000E+00,
18:15:26.85922282, 1.2333E+00, 1.0133E+01,-6.6667E-01,
18:15:26.85922287, 1.2333E+00, 1.0167E+01, 0.0000E+00,
18:15:26.85922292, 1.1667E+00, 1.0133E+01, 3.3333E-01,
18:15:26.85922297, 1.2667E+00, 1.0167E+01, 3.3333E-01,
18:15:26.85922302, 1.2333E+00, 1.0133E+01,-6.6667E-01,
18:15:26.85922307, 1.2667E+00, 1.0167E+01,-3.3333E-01,
18:15:26.85922312, 1.2667E+00, 1.0133E+01, 3.3333E-01,
18:15:26.85922317, 1.2000E+00, 1.0267E+01, 0.0000E+00,
18:15:26.85922322, 1.1667E+00, 1.0267E+01,-3.3333E-01,
18:15:26.85922327, 1.1667E+00, 1.0133E+01,-3.3333E-01,
18:15:26.85922332, 1.2333E+00, 1.0100E+01, 0.0000E+00,
18:15:26.85922337, 1.2667E+00, 1.0167E+01, 3.3333E-01,
18:15:26.85922342, 1.2000E+00, 1.0200E+01,-3.3333E-01,
18:15:26.85922347, 1.2333E+00, 1.0133E+01,-3.3333E-01,
18:15:26.85922352, 1.2333E+00, 1.0100E+01,-3.3333E-01,
18:15:26.85922357, 1.2667E+00, 1.0133E+01,-3.3333E-01,
18:15:26.85922362, 1.2000E+00, 1.0200E+01, 0.0000E+00,
18:15:26.85922367, 1.2333E+00, 1.0133E+01, 0.0000E+00,
18:15:26.85922372, 1.2667E+00, 1.0200E+01,-3.3333E-01,
18:15:26.85922377, 1.1667E+00, 1.0100E+01,-6.6667E-01,
18:15:26.85922382, 1.2333E+00, 1.0100E+01, 3.3333E-01,
18:15:26.85922387, 1.2333E+00, 1.0100E+01, 3.3333E-01,
18:15:26.85922392, 1.1667E+00, 1.0100E+01,-3.3333E-01,
18:15:26.85922397, 1.2667E+00, 1.0133E+01,-3.3333E-01,
18:15:26.85922402, 1.2000E+00, 1.0133E+01,-1.0000E+00,
18:15:26.85922407, 1.2333E+00, 1.0133E+01, 0.0000E+00,
18:15:26.85922412, 1.2000E+00, 1.0100E+01, 0.0000E+00,
18:15:26.85922417, 1.2000E+00, 1.0133E+01, 0.0000E+00,
18:15:26.85922422, 1.2000E+00, 1.0100E+01,-3.3333E-01,
18:15:26.85922427, 1.2333E+00, 1.0167E+01,-6.6667E-01,
18:15:26.85922432, 1.3000E+00, 1.0100E+01,-3.3333E-01,
18:15:26.85922437, 1.2000E+00, 1.0100E+01,-6.6667E-01,
18:15:26.85922442, 1.2667E+00, 1.0200E+01,-3.3333E-01,
18:15:26.85922447, 1.2667E+00, 1.0167E+01,-1.0000E+00,
18:15:26.85922452, 1.2333E+00, 1.0133E+01,-6.6667E-01,
18:15:26.85922457, 1.2667E+00, 1.0133E+01, 3.3333E-01,
18:15:26.85922462, 1.1667E+00, 1.0100E+01, 0.0000E+00,
18:15:26.85922467, 1.1667E+00, 1.0133E+01,-6.6667E-01,
18:15:26.85922472, 1.2333E+00, 1.0133E+01, 0.0000E+00,
18:15:26.85922477, 1.1667E+00, 1.0233E+01, 0.0000E+00,
18:15:26.85922482, 1.2333E+00, 1.0100E+01, 3.3333E-01,
18:15:26.85922487, 1.1667E+00, 1.0167E+01,-3.3333E-01,
18:15:26.85922492, 1.2333E+00, 1.0133E+01,-3.3333E-01,
18:15:26.85922497, 1.2000E+00, 1.0167E+01, 0.0000E+00,
18:15:26.85922502, 1.2667E+00, 1.0100E+01, 3.3333E-01,
18:15:26.85922507, 1.2333E+00, 1.0200E+01, 3.3333E-01,
18:15:26.85922512, 1.2000E+00, 1.0167E+01,-3.3333E-01,
18:15:26.85922517, 1.1333E+00, 1.0167E+01, 3.3333E-01,
18:15:26.85922522, 1.1667E+00, 1.0167E+01, 0.0000E+00,
18:15:26.85922527, 1.1667E+00, 1.0233E+01,-6.6667E-01,
18:15:26.85922532, 1.2333E+00, 1.0167E+01, 3.3333E-01,
18:15:26.85922537, 1.3000E+00, 1.0200E+01,-6.6667E-01,
18:15:26.85922542, 1.2000E+00, 1.0167E+01, 0.0000E+00,
18:15:26.85922547, 1.1667E+00, 1.0200E+01, 3.3333E-01,
18:15:26.85922552, 1.3333E+00, 1.0100E+01,-1.0000E+00,
18:15:26.85922557, 1.2333E+00, 1.0133E+01,-3.3333E-01,
18:15:26.85922562, 1.1667E+00, 1.0133E+01, 0.0000E+00,
18:15:26.85922567, 1.2000E+00, 1.0200E+01, 0.0000E+00,
18:15:26.85922572, 1.2333E+00, 1.0167E+01,-3.3333E-01,
18:15:26.85922577, 1.2333E+00, 1.0133E+01, 0.0000E+00,
18:15:26.85922582, 1.1667E+00, 1.0133E+01, 3.3333E-01,
18:15:26.85922587, 1.1667E+00, 1.0100E+01,-3.3333E-01,
18:15:26.85922592, 1.2667E+00, 1.0133E+01,-3.3333E-01,
18:15:26.85922597, 1.1333E+00, 1.0100E+01, 0.0000E+00,
18:15:26.85922602, 1.2000E+00, 1.0200E+01,-3.3333E-01,
18:15:26.85922607, 1.2000E+00, 1.0167E+01,-3.3333E-01,
18:15:26.85922612, 1.2333E+00, 1.0100E+01,-3.3333E-01,
18:15:26.85922617, 1.2000E+00, 1.0133E+01, 0.0000E+00,
18:15:26.85922622, 1.2333E+00, 1.0133E+01, 0.0000E+00,
18:15:26.85922627, 1.2000E+00, 1.0167E+01,-3.3333E-01,
18:15:26.85922632, 1.2667E+00, 1.0100E+01,-6.6667E-01,
18:15:26.85922637, 1.3000E+00, 1.0100E+01, 3.3333E-01,
18:15:26.85922642, 1.2333E+00, 1.0167E+01, 0.0000E+00,
18:15:26.85922647, 1.2667E+00, 1.0133E+01,-1.0000E+00,
18:15:26.85922652, 1.2333E+00, 1.0167E+01, 3.3333E-01,
18:15:26.85922657, 1.3000E+00, 1.0133E+01,-6.6667E-01,
18:15:26.85922662, 1.2333E+00, 1.0167E+01,-3.3333E-01,
18:15:26.85922667, 1.2000E+00, 1.0133E+01, 3.3333E-01,
18:15:26.85922672, 1.2000E+00, 1.0200E+01,-6.6667E-01,
18:15:26.85922677, 1.2333E+00, 1.0133E+01,-3.3333E-01,
18:15:26.85922682, 1.3000E+00, 1.0133E+01,-3.3333E-01,
18:15:26.85922687, 1.2667E+00, 1.0100E+01,-3.3333E-01,
18:15:26.85922692, 1.2000E+00, 1.0100E+01,-6.6667E-01,
18:15:26.85922697, 1.1667E+00, 1.0233E+01,-1.3333E+00,
18:15:26.85922702, 1.2333E+00, 1.0167E+01, 0.0000E+00,
18:15:26.85922707, 1.1333E+00, 1.0167E+01,-3.3333E-01,
18:15:26.85922712, 1.2333E+00, 1.0200E+01,-3.3333E-01,
18:15:26.85922717, 1.2333E+00, 1.0200E+01, 0.0000E+00,
18:15:26.85922722, 1.2333E+00, 1.0167E+01,-6.6667E-01,
18:15:26.85922727, 1.2333E+00, 1.0167E+01, 6.6667E-01,
18:15:26.85922732, 1.2333E+00, 1.0167E+01,-6.6667E-01,
18:15:26.85922737, 1.2333E+00, 1.0133E+01, 0.0000E+00,
18:15:26.85922742, 1.2000E+00, 1.0233E+01,-6.6667E-01,
18:15:26.85922747, 1.2000E+00, 1.0133E+01,-3.3333E-01,
18:15:26.85922752, 1.2333E+00, 1.0167E+01,-3.3333E-01,
18:15:26.85922757, 1.2667E+00, 1.0100E+01, 0.0000E+00,
18:15:26.85922762, 1.2000E+00, 1.0133E+01, 0.0000E+00,
18:15:26.85922767, 1.2000E+00, 1.0133E+01,-1.0000E+00,
18:15:26.85922772, 1.3000E+00, 1.0133E+01, 3.3333E-01,
18:15:26.85922777, 1.2000E+00, 1.0167E+01, 0.0000E+00,
18:15:26.85922782, 1.2333E+00, 1.0267E+01, 6.6667E-01,
18:15:26.85922787, 1.2333E+00, 1.0133E+01,-3.3333E-01,
18:15:26.85922792, 1.2000E+00, 1.0100E+01, 0.0000E+00,
18:15:26.85922797, 1.2667E+00, 1.0167E+01, 3.3333E-01,
18:15:26.85922802, 1.1667E+00, 1.0100E+01, 0.0000E+00,
18:15:26.85922807, 1.2000E+00, 1.0200E+01, 0.0000E+00,
18:15:26.85922812, 1.2000E+00, 1.0167E+01,-3.3333E-01,
18:15:26.85922817, 1.2667E+00, 1.0133E+01, 3.3333E-01,
18:15:26.85922822, 1.1000E+00, 1.0100E+01, 0.0000E+00,
18:15:26.85922827, 1.3000E+00, 1.0100E+01,-6.6667E-01,
18:15:26.85922832, 1.2000E+00, 1.0100E+01, 3.3333E-01,
18:15:26.85922837, 1.3000E+00, 1.0167E+01, 0.0000E+00,
18:15:26.85922842, 1.2333E+00, 1.0167E+01, 0.0000E+00,
18:15:26.85922847, 1.2667E+00, 1.0200E+01,-6.6667E-01,
18:15:26.85922852, 1.2667E+00, 1.0133E+01,-3.3333E-01,
18:15:26.85922857, 1.2000E+00, 1.0133E+01,-3.3333E-01,
18:15:26.85922862, 1.2333E+00, 1.0167E+01,-3.3333E-01,
18:15:26.85922867, 1.2000E+00, 1.0200E+01, 0.0000E+00,
18:15:26.85922872, 1.2333E+00, 1.0100E+01,-3.3333E-01,
18:15:26.85922877, 1.1667E+00, 1.0167E+01,-3.3333E-01,
18:15:26.85922882, 1.1667E+00, 1.0133E+01, 0.0000E+00,
18:15:26.85922887, 1.2333E+00, 1.0167E+01,-6.6667E-01,
18:15:26.85922892, 1.2667E+00, 1.0167E+01, 0.0000E+00,
18:15:26.85922897, 1.2667E+00, 1.0233E+01,-3.3333E-01,
18:15:26.85922902, 1.2000E+00, 1.0100E+01,-6.6667E-01,
18:15:26.85922907, 1.2333E+00, 1.0133E+01, 0.0000E+00,
18:15:26.85922912, 1.1667E+00, 1.0100E+01, 0.0000E+00,
18:15:26.85922917, 1.2667E+00, 1.0100E+01,-3.3333E-01,
18:15:26.85922922, 1.2333E+00, 1.0100E+01,-3.3333E-01,
18:15:26.85922927, 1.2333E+00, 1.0133E+01,-1.0000E+00,
18:15:26.85922932, 1.2333E+00, 1.0167E+01,-3.3333E-01,
18:15:26.85922937, 1.2000E+00, 1.0167E+01, 0.0000E+00,
18:15:26.85922942, 1.2333E+00, 1.0133E+01, 0.0000E+00,
18:15:26.85922947, 1.2000E+00, 1.0167E+01,-6.6667E-01,
18:15:26.85922952, 1.2000E+00, 1.0233E+01, 0.0000E+00,
18:15:26.85922957, 1.3000E+00, 1.0167E+01, 0.0000E+00,
18:15:26.85922962, 1.2000E+00, 1.0167E+01,-3.3333E-01,
18:15:26.85922967, 1.2333E+00, 1.0167E+01,-6.6667E-01,
18:15:26.85922972, 1.2333E+00, 1.0100E+01,-6.6667E-01,
18:15:26.85922977, 1.2667E+00, 1.0100E+01,-1.0000E+00,
18:15:26.85922982, 1.3000E+00, 1.0167E+01,-3.3333E-01,
18:15:26.85922987, 1.2333E+00, 1.0233E+01, 0.0000E+00,
18:15:26.85922992, 1.0000E+00, 1.0100E+01, 3.3333E-01,
18:15:26.85922997, 7.3333E-01, 1.0100E+01, 0.0000E+00,
18:15:26.85923002, 6.3333E-01, 1.0133E+01,-3.3333E-01,
18:15:26.85923007, 6.0000E-01, 1.0133E+01, 0.0000E+00,
18:15:26.85923012, 6.0000E-01, 1.0100E+01, 0.0000E+00,
18:15:26.85923017, 6.0000E-01, 1.0133E+01, 3.3333E-01,
18:15:26.85923022, 5.6667E-01, 1.0100E+01,-1.0000E+00,
18:15:26.85923027, 5.6667E-01, 1.0133E+01,-3.3333E-01,
18:15:26.85923032, 6.0000E-01, 1.0100E+01,-3.3333E-01,
18:15:26.85923037, 6.0000E-01, 1.0100E+01,-6.6667E-01,
18:15:26.85923042, 5.0000E-01, 1.0167E+01,-3.3333E-01,
18:15:26.85923047, 5.3333E-01, 1.0233E+01,-3.3333E-01,
18:15:26.85923052, 5.6667E-01, 1.0167E+01,-6.6667E-01,
18:15:26.85923057, 5.6667E-01, 1.0167E+01, 0.0000E+00,
18:15:26.85923062, 5.3333E-01, 1.0100E+01,-6.6667E-01,
18:15:26.85923067, 5.6667E-01, 1.0133E+01, 0.0000E+00,
18:15:26.85923072, 5.6667E-01, 1.0167E+01, 0.0000E+00,
18:15:26.85923077, 5.6667E-01, 1.0133E+01, 6.6667E-01,
18:15:26.85923082, 6.3333E-01, 1.0133E+01, 3.3333E-01,
18:15:26.85923087, 6.0000E-01, 1.0167E+01,-3.3333E-01,
18:15:26.85923092, 5.3333E-01, 1.0167E+01,-1.0000E+00,
18:15:26.85923097, 5.3333E-01, 1.0200E+01,-3.3333E-01,
18:15:26.85923102, 5.6667E-01, 1.0133E+01,-3.3333E-01,
18:15:26.85923107, 5.6667E-01, 1.0167E+01,-3.3333E-01,
18:15:26.85923112, 6.3333E-01, 1.0100E+01,-6.6667E-01,
18:15:26.85923117, 5.6667E-01, 1.0167E+01,-6.6667E-01,
18:15:26.85923122, 5.6667E-01, 1.0167E+01,-3.3333E-01,
18:15:26.85923127, 6.0000E-01, 1.0100E+01,-6.6667E-01,
18:15:26.85923132, 5.0000E-01, 1.0133E+01,-3.3333E-01,
18:15:26.85923137, 5.6667E-01, 1.0200E+01, 3.3333E-01,
18:15:26.85923142, 5.6667E-01, 1.0133E+01,-3.3333E-01,
18:15:26.85923147, 5.3333E-01, 1.0167E+01, 3.3333E-01,
18:15:26.85923152, 5.3333E-01, 1.0200E+01,-3.3333E-01,
18:15:26.85923157, 5.3333E-01, 1.0100E+01,-3.3333E-01,
18:15:26.85923162, 5.6667E-01, 1.0100E+01,-3.3333E-01,
18:15:26.85923167, 5.3333E-01, 1.0200E+01,-3.3333E-01,
18:15:26.85923172, 6.0000E-01, 1.0167E+01,-6.6667E-01,
18:15:26.85923177, 5.6667E-01, 1.0100E+01,-6.6667E-01,
18:15:26.85923182, 5.6667E-01, 1.0100E+01,-3.3333E-01,
18:15:26.85923187, 5.6667E-01, 1.0167E+01,-3.3333E-01,
18:15:26.85923192, 5.6667E-01, 1.0167E+01, 0.0000E+00,
18:15:26.85923197, 5.0000E-01, 1.0233E+01,-3.3333E-01,
18:15:26.85923202, 4.6667E-01, 1.0133E+01,-3.3333E-01,
18:15:26.85923207, 5.6667E-01, 1.0167E+01,-3.3333E-01,
18:15:26.85923212, 5.6667E-01, 1.0167E+01, 0.0000E+00,
18:15:26.85923217, 5.6667E-01, 1.0133E+01, 0.0000E+00,
18:15:26.85923222, 4.6667E-01, 1.0133E+01, 0.0000E+00,
18:15:26.85923227, 5.6667E-01, 1.0133E+01, 0.0000E+00,
18:15:26.85923232, 5.6667E-01, 1.0100E+01, 0.0000E+00,
18:15:26.85923237, 4.6667E-01, 1.0167E+01, 3.3333E-01,
18:15:26.85923242, 5.0000E-01, 1.0133E+01,-6.6667E-01,
18:15:26.85923247, 5.3333E-01, 1.0133E+01, 3.3333E-01,
18:15:26.85923252, 5.3333E-01, 1.0167E+01,-3.3333E-01,
18:15:26.85923257, 6.0000E-01, 1.0167E+01,-3.3333E-01,
18:15:26.85923262, 5.6667E-01, 1.0200E+01, 0.0000E+00,
18:15:26.85923267, 5.6667E-01, 1.0100E+01, 0.0000E+00,
18:15:26.85923272, 5.6667E-01, 1.0200E+01,-3.3333E-01,
18:15:26.85923277, 5.6667E-01, 1.0167E+01,-1.0000E+00,
18:15:26.85923282, 5.3333E-01, 1.0100E+01, 0.0000E+00,
18:15:26.85923287, 5.3333E-01, 1.0167E+01, 6.6667E-01,
18:15:26.85923292, 5.6667E-01, 1.0167E+01, 0.0000E+00,
18:15:26.85923297, 5.3333E-01, 1.0167E+01, 0.0000E+00,
18:15:26.85923302, 5.0000E-01, 1.0167E+01, 3.3333E-01,
18:15:26.85923307, 5.3333E-01, 1.0133E+01,-3.3333E-01,
18:15:26.85923312, 5.0000E-01, 1.0167E+01,-6.6667E-01,
18:15:26.85923317, 4.3333E-01, 1.0167E+01, 3.3333E-01,
18:15:26.85923322, 5.0000E-01, 1.0167E+01,-3.3333E-01,
18:15:26.85923327, 5.3333E-01, 1.0167E+01, 0.0000E+00,
18:15:26.85923332, 4.3333E-01, 1.0100E+01,-3.3333E-01,
18:15:26.85923337, 4.0000E-01, 1.0133E+01, 0.0000E+00,
18:15:26.85923342, 5.3333E-01, 1.0167E+01, 3.3333E-01,
18:15:26.85923347, 5.3333E-01, 1.0167E+01,-3.3333E-01,
18:15:26.85923352, 4.6667E-01, 1.0133E+01,-3.3333E-01,
18:15:26.85923357, 5.3333E-01, 1.0133E+01,-3.3333E-01,
18:15:26.85923362, 5.3333E-01, 1.0133E+01,-6.6667E-01,
18:15:26.85923367, 4.3333E-01, 1.0167E+01, 0.0000E+00,
18:15:26.85923372, 5.0000E-01, 1.0233E+01,-3.3333E-01,
18:15:26.85923377, 5.3333E-01, 1.0100E+01,-6.6667E-01,
18:15:26.85923382, 4.6667E-01, 1.0200E+01,-3.3333E-01,
18:15:26.85923387, 5.3333E-01, 1.0167E+01, 0.0000E+00,
18:15:26.85923392, 4.6667E-01, 1.0167E+01, 3.3333E-01,
18:15:26.85923397, 5.6667E-01, 1.0167E+01,-3.3333E-01,
18:15:26.85923402, 5.0000E-01, 1.0233E+01, 0.0000E+00,
18:15:26.85923407, 5.3333E-01, 1.0133E+01,-3.3333E-01,
18:15:26.85923412, 5.3333E-01, 1.0133E+01,-3.3333E-01,
18:15:26.85923417, 4.6667E-01, 1.0167E+01,-3.3333E-01,
18:15:26.85923422, 4.0000E-01, 1.0167E+01,-6.6667E-01,
18:15:26.85923427, 5.0000E-01, 1.0167E+01, 0.0000E+00,
18:15:26.85923432, 5.0000E-01, 1.0167E+01, 0.0000E+00,
18:15:26.85923437, 4.6667E-01, 1.0100E+01, 0.0000E+00,
18:15:26.85923442, 5.3333E-01, 1.0100E+01, 0.0000E+00,
18:15:26.85923447, 5.0000E-01, 1.0200E+01, 3.3333E-01,
18:15:26.85923452, 5.6667E-01, 1.0167E+01, 0.0000E+00,
18:15:26.85923457, 4.6667E-01, 1.0133E+01,-6.6667E-01,
18:15:26.85923462, 5.0000E-01, 1.0100E+01, 0.0000E+00,
18:15:26.85923467, 5.0000E-01, 1.0133E+01,-6.6667E-01,
18:15:26.85923472, 4.6667E-01, 1.0133E+01,-3.3333E-01,
18:15:26.85923477, 5.0000E-01, 1.0133E+01, 0.0000E+00,
18:15:26.85923482, 5.3333E-01, 1.0133E+01, 0.0000E+00,
18:15:26.85923487, 4.6667E-01, 1.0200E+01, 0.0000E+00,
18:15:26.85923492, 4.6667E-01, 1.0167E+01, 6.6667E-01,
18:15:26.85923497, 5.0000E-01, 1.0100E+01, 3.3333E-01,
18:15:26.85923502, 4.6667E-01, 1.0100E+01, 0.0000E+00,
18:15:26.85923507, 5.0000E-01, 1.0100E+01,-1.0000E+00,
18:15:26.85923512, 5.0000E-01, 1.0200E+01,-3.3333E-01,
18:15:26.85923517, 4.6667E-01, 1.0100E+01,-6.6667E-01,
18:15:26.85923522, 4.6667E-01, 1.0167E+01, 3.3333E-01,
18:15:26.85923527, 4.6667E-01, 1.0167E+01,-3.3333E-01,
18:15:26.85923532, 4.0000E-01, 1.0067E+01, 6.6667E-01,
18:15:26.85923537, 4.6667E-01, 1.0200E+01, 0.0000E+00,
18:15:26.85923542, 5.6667E-01, 1.0133E+01, 3.3333E-01,
18:15:26.85923547, 4.6667E-01, 1.0100E+01, 0.0000E+00,
18:15:26.85923552, 4.6667E-01, 1.0167E+01,-3.3333E-01,
18:15:26.85923557, 4.3333E-01, 1.0167E+01,-3.3333E-01,
18:15:26.85923562, 4.6667E-01, 1.0167E+01, 0.0000E+00,
18:15:26.85923567, 5.3333E-01, 1.0133E+01,-3.3333E-01,
18:15:26.85923572, 4.3333E-01, 1.0167E+01, 3.3333E-01,
18:15:26.85923577, 4.3333E-01, 1.0133E+01, 3.3333E-01,
18:15:26.85923582, 4.6667E-01, 1.0200E+01,-6.6667E-01,
18:15:26.85923587, 4.3333E-01, 1.0100E+01, 3.3333E-01,
18:15:26.85923592, 4.6667E-01, 1.0167E+01,-6.6667E-01,
18:15:26.85923597, 4.6667E-01, 1.0167E+01, 0.0000E+00,
18:15:26.85923602, 4.6667E-01, 1.0100E+01, 3.3333E-01,
18:15:26.85923607, 4.3333E-01, 1.0200E+01, 3.3333E-01,
18:15:26.85923612, 4.3333E-01, 1.0133E+01,-3.3333E-01,
18:15:26.85923617, 4.6667E-01, 1.0100E+01,-1.0000E+00,
18:15:26.85923622, 4.6667E-01, 1.0100E+01, 0.0000E+00,
18:15:26.85923627, 4.0000E-01, 1.0167E+01, 0.0000E+00,
18:15:26.85923632, 4.6667E-01, 1.0167E+01,-6.6667E-01,
18:15:26.85923637, 5.6667E-01, 1.0167E+01, 3.3333E-01,
18:15:26.85923642, 4.0000E-01, 1.0133E+01, 6.6667E-01,
18:15:26.85923647, 4.3333E-01, 1.0233E+01,-3.3333E-01,
18:15:26.85923652, 5.0000E-01, 1.0133E+01,-6.6667E-01,
18:15:26.85923657, 4.3333E-01, 1.0100E+01, 3.3333E-01,
18:15:26.85923662, 4.0000E-01, 1.0267E+01,-3.3333E-01,
18:15:26.85923667, 4.3333E-01, 1.0167E+01,-3.3333E-01,
18:15:26.85923672, 4.6667E-01, 1.0100E+01, 0.0000E+00,
18:15:26.85923677, 4.3333E-01, 1.0167E+01, 3.3333E-01,
18:15:26.85923682, 4.0000E-01, 1.0133E+01,-6.6667E-01,
18:15:26.85923687, 4.6667E-01, 1.0133E+01,-3.3333E-01,
18:15:26.85923692, 4.6667E-01, 1.0067E+01, 0.0000E+00,
18:15:26.85923697, 5.0000E-01, 1.0100E+01, 6.6667E-01,
18:15:26.85923702, 5.0000E-01, 1.0167E+01,-3.3333E-01,
18:15:26.85923707, 4.3333E-01, 1.0100E+01,-3.3333E-01,
18:15:26.85923712, 4.3333E-01, 1.0100E+01,-3.3333E-01,
18:15:26.85923717, 4.3333E-01, 1.0167E+01, 0.0000E+00,
18:15:26.85923722, 4.0000E-01, 1.0133E+01,-3.3333E-01,
18:15:26.85923727, 4.6667E-01, 1.0100E+01, 0.0000E+00,
18:15:26.85923732, 5.3333E-01, 1.0133E+01, 3.3333E-01,
18:15:26.85923737, 4.6667E-01, 1.0200E+01,-6.6667E-01,
18:15:26.85923742, 4.0000E-01, 1.0233E+01, 0.0000E+00,
18:15:26.85923747, 5.3333E-01, 1.0167E+01, 3.3333E-01,
18:15:26.85923752, 4.6667E-01, 1.0133E+01,-1.0000E+00,
18:15:26.85923757, 4.3333E-01, 1.0167E+01, 3.3333E-01,
18:15:26.85923762, 4.3333E-01, 1.0133E+01, 6.6667E-01,
18:15:26.85923767, 4.3333E-01, 1.0133E+01, 3.3333E-01,
18:15:26.85923772, 4.0000E-01, 1.0133E+01,-3.3333E-01,
18:15:26.85923777, 5.3333E-01, 1.0133E+01,-3.3333E-01,
18:15:26.85923782, 4.6667E-01, 1.0100E+01,-3.3333E-01,
18:15:26.85923787, 5.0000E-01, 1.0167E+01, 0.0000E+00,
18:15:26.85923792, 4.3333E-01, 1.0100E+01, 0.0000E+00,
18:15:26.85923797, 4.6667E-01, 1.0133E+01,-6.6667E-01,
18:15:26.85923802, 4.0000E-01, 1.0133E+01,-3.3333E-01,
18:15:26.85923807, 4.0000E-01, 1.0167E+01,-3.3333E-01,
18:15:26.85923812, 4.0000E-01, 1.0100E+01, 0.0000E+00,
18:15:26.85923817, 4.3333E-01, 1.0133E+01, 0.0000E+00,
18:15:26.85923822, 4.6667E-01, 1.0100E+01,-6.6667E-01,
18:15:26.85923827, 4.6667E-01, 1.0200E+01, 0.0000E+00,
18:15:26.85923832, 4.3333E-01, 1.0167E+01,-3.3333E-01,
18:15:26.85923837, 4.3333E-01, 1.0067E+01,-6.6667E-01,
18:15:26.85923842, 4.3333E-01, 1.0133E+01, 0.0000E+00,
18:15:26.85923847, 4.3333E-01, 1.0133E+01, 0.0000E+00,
18:15:26.85923852, 4.3333E-01, 1.0200E+01,-1.0000E+00,
18:15:26.85923857, 3.6667E-01, 1.0100E+01,-3.3333E-01,
18:15:26.85923862, 4.3333E-01, 1.0133E+01, 0.0000E+00,
18:15:26.85923867, 3.0000E-01, 1.0200E+01,-3.3333E-01,
18:15:26.85923872, 4.0000E-01, 1.0100E+01, 0.0000E+00,
18:15:26.85923877, 4.3333E-01, 1.0133E+01,-6.6667E-01,
18:15:26.85923882, 5.0000E-01, 1.0133E+01, 0.0000E+00,
18:15:26.85923887, 4.6667E-01, 1.0133E+01, 3.3333E-01,
18:15:26.85923892, 4.0000E-01, 1.0233E+01,-6.6667E-01,
18:15:26.85923897, 4.3333E-01, 1.0167E+01, 3.3333E-01,
18:15:26.85923902, 3.3333E-01, 1.0200E+01,-3.3333E-01,
18:15:26.85923907, 4.0000E-01, 1.0100E+01, 0.0000E+00,
18:15:26.85923912, 4.6667E-01, 1.0167E+01,-3.3333E-01,
18:15:26.85923917, 3.3333E-01, 1.0100E+01, 0.0000E+00,
18:15:26.85923922, 4.6667E-01, 1.0133E+01,-6.6667E-01,
18:15:26.85923927, 4.0000E-01, 1.0167E+01, 6.6667E-01,
18:15:26.85923932, 4.6667E-01, 1.0133E+01, 0.0000E+00,
18:15:26.85923937, 4.0000E-01, 1.0133E+01,-1.0000E+00,
18:15:26.85923942, 3.3333E-01, 1.0133E+01, 0.0000E+00,
18:15:26.85923947, 4.6667E-01, 1.0167E+01,-3.3333E-01,
18:15:26.85923952, 3.6667E-01, 1.0233E+01,-1.0000E+00,
18:15:26.85923957, 4.0000E-01, 1.0133E+01, 3.3333E-01,
18:15:26.85923962, 3.6667E-01, 1.0200E+01, 3.3333E-01,
18:15:26.85923967, 4.0000E-01, 1.0167E+01,-6.6667E-01,
18:15:26.85923972, 4.0000E-01, 1.0167E+01, 0.0000E+00,
18:15:26.85923977, 4.0000E-01, 1.0133E+01,-6.6667E-01,
18:15:26.85923982, 4.6667E-01, 1.0167E+01, 6.6667E-01,
18:15:26.85923987, 4.3333E-01, 1.0167E+01, 3.3333E-01,
18:15:26.85923992, 4.3333E-01, 1.0167E+01, 6.6667E-01,
18:15:26.85923997, 3.6667E-01, 1.0167E+01, 0.0000E+00,
18:15:26.85924002, 3.6667E-01, 1.0167E+01, 0.0000E+00,
18:15:26.85924007, 4.3333E-01, 1.0133E+01, 0.0000E+00,
18:15:26.85924012, 4.0000E-01, 1.0200E+01,-3.3333E-01,
18:15:26.85924017, 4.0000E-01, 1.0133E+01, 3.3333E-01,
18:15:26.85924022, 4.3333E-01, 1.0100E+01, 0.0000E+00,
18:15:26.85924027, 4.0000E-01, 1.0133E+01, 3.3333E-01,
18:15:26.85924032, 4.0000E-01, 1.0100E+01, 3.3333E-01,
18:15:26.85924037, 4.0000E-01, 1.0100E+01, 6.6667E-01,
18:15:26.85924042, 4.0000E-01, 1.0133E+01, 0.0000E+00,
18:15:26.85924047, 4.0000E-01, 1.0167E+01, 0.0000E+00,
18:15:26.85924052, 3.0000E-01, 1.0100E+01,-6.6667E-01,
18:15:26.85924057, 3.3333E-01, 1.0133E+01,-3.3333E-01,
18:15:26.85924062, 4.0000E-01, 1.0133E+01, 0.0000E+00,
18:15:26.85924067, 4.3333E-01, 1.0100E+01, 3.3333E-01,
18:15:26.85924072, 3.6667E-01, 1.0133E+01,-3.3333E-01,
18:15:26.85924077, 4.0000E-01, 1.0133E+01,-3.3333E-01,
18:15:26.85924082, 4.0000E-01, 1.0167E+01,-3.3333E-01,
18:15:26.85924087, 4.0000E-01, 1.0200E+01, 0.0000E+00,
18:15:26.85924092, 4.0000E-01, 1.0100E+01, 0.0000E+00,
18:15:26.85924097, 3.0000E-01, 1.0167E+01,-1.0000E+00,
18:15:26.85924102, 3.0000E-01, 1.0100E+01, 3.3333E-01,
18:15:26.85924107, 3.6667E-01, 1.0200E+01,-6.6667E-01,
18:15:26.85924112, 3.6667E-01, 1.0200E+01,-3.3333E-01,
18:15:26.85924117, 4.0000E-01, 1.0100E+01, 3.3333E-01,
18:15:26.85924122, 4.0000E-01, 1.0167E+01,-6.6667E-01,
18:15:26.85924127, 3.6667E-01, 1.0133E+01,-3.3333E-01,
18:15:26.85924132, 4.6667E-01, 1.0100E+01,-3.3333E-01,
18:15:26.85924137, 4.0000E-01, 1.0100E+01,-3.3333E-01,
18:15:26.85924142, 4.6667E-01, 1.0100E+01, 1.0000E+00,
18:15:26.85924147, 3.6667E-01, 1.0100E+01,-3.3333E-01,
18:15:26.85924152, 3.6667E-01, 1.0100E+01,-3.3333E-01,
18:15:26.85924157, 3.3333E-01, 1.0100E+01, 3.3333E-01,
18:15:26.85924162, 3.6667E-01, 1.0133E+01,-6.6667E-01,
18:15:26.85924167, 3.3333E-01, 1.0167E+01, 3.3333E-01,
18:15:26.85924172, 4.0000E-01, 1.0100E+01, 0.0000E+00,
18:15:26.85924177, 3.3333E-01, 1.0133E+01,-6.6667E-01,
18:15:26.85924182, 2.6667E-01, 1.0133E+01,-3.3333E-01,
18:15:26.85924187, 3.6667E-01, 1.0133E+01, 3.3333E-01,
18:15:26.85924192, 3.3333E-01, 1.0100E+01,-3.3333E-01,
18:15:26.85924197, 3.6667E-01, 1.0100E+01, 3.3333E-01,
18:15:26.85924202, 3.6667E-01, 1.0167E+01, 0.0000E+00,
18:15:26.85924207, 3.6667E-01, 1.0100E+01, 0.0000E+00,
18:15:26.85924212, 3.6667E-01, 1.0100E+01,-3.3333E-01,
18:15:26.85924217, 4.0000E-01, 1.0133E+01,-6.6667E-01,
18:15:26.85924222, 4.0000E-01, 1.0167E+01, 0.0000E+00,
18:15:26.85924227, 4.0000E-01, 1.0100E+01,-3.3333E-01,
18:15:26.85924232, 3.3333E-01, 1.0133E+01, 0.0000E+00,
18:15:26.85924237, 3.6667E-01, 1.0200E+01,-6.6667E-01,
18:15:26.85924242, 3.3333E-01, 1.0100E+01,-3.3333E-01,
18:15:26.85924247, 3.6667E-01, 1.0133E+01,-3.3333E-01,
18:15:26.85924252, 3.6667E-01, 1.0100E+01,-3.3333E-01,
18:15:26.85924257, 3.3333E-01, 1.0133E+01, 0.0000E+00,
18:15:26.85924262, 3.6667E-01, 1.0133E+01,-6.6667E-01,
18:15:26.85924267, 4.3333E-01, 1.0133E+01,-3.3333E-01,
18:15:26.85924272, 3.0000E-01, 1.0167E+01, 0.0000E+00,
18:15:26.85924277, 3.6667E-01, 1.0100E+01,-3.3333E-01,
18:15:26.85924282, 3.3333E-01, 1.0133E+01,-3.3333E-01,
18:15:26.85924287, 3.6667E-01, 1.0133E+01, 0.0000E+00,
18:15:26.85924292, 4.0000E-01, 1.0133E+01,-3.3333E-01,
18:15:26.85924297, 3.3333E-01, 1.0100E+01,-3.3333E-01,
18:15:26.85924302, 3.3333E-01, 1.0133E+01,-6.6667E-01,
18:15:26.85924307, 4.0000E-01, 1.0167E+01, 3.3333E-01,
18:15:26.85924312, 3.0000E-01, 1.0133E+01, 3.3333E-01,
18:15:26.85924317, 3.6667E-01, 1.0100E+01, 3.3333E-01,
18:15:26.85924322, 4.0000E-01, 1.0100E+01, 3.3333E-01,
18:15:26.85924327, 3.3333E-01, 1.0167E+01, 0.0000E+00,
18:15:26.85924332, 3.3333E-01, 1.0100E+01,-3.3333E-01,
18:15:26.85924337, 2.6667E-01, 1.0167E+01, 1.3333E+00,
18:15:26.85924342, 2.6667E-01, 1.0167E+01,-6.6667E-01,
18:15:26.85924347, 3.6667E-01, 1.0133E+01,-6.6667E-01,
18:15:26.85924352, 3.6667E-01, 1.0133E+01,-6.6667E-01,
18:15:26.85924357, 3.6667E-01, 1.0200E+01, 3.3333E-01,
18:15:26.85924362, 3.3333E-01, 1.0167E+01, 3.3333E-01,
18:15:26.85924367, 3.3333E-01, 1.0167E+01,-6.6667E-01,
18:15:26.85924372, 4.0000E-01, 1.0233E+01, 3.3333E-01,
18:15:26.85924377, 3.0000E-01, 1.0133E+01, 0.0000E+00,
18:15:26.85924382, 3.3333E-01, 1.0100E+01,-3.3333E-01,
18:15:26.85924387, 3.3333E-01, 1.0100E+01,-6.6667E-01,
18:15:26.85924392, 3.6667E-01, 1.0167E+01,-3.3333E-01,
18:15:26.85924397, 3.3333E-01, 1.0167E+01, 3.3333E-01,
18:15:26.85924402, 3.3333E-01, 1.0200E+01,-3.3333E-01,
18:15:26.85924407, 3.6667E-01, 1.0133E+01, 0.0000E+00,
18:15:26.85924412, 3.6667E-01, 1.0167E+01, 3.3333E-01,
18:15:26.85924417, 3.3333E-01, 1.0167E+01,-6.6667E-01,
18:15:26.85924422, 3.6667E-01, 1.0167E+01, 0.0000E+00,
18:15:26.85924427, 3.6667E-01, 1.0100E+01,-3.3333E-01,
18:15:26.85924432, 3.6667E-01, 1.0133E+01, 0.0000E+00,
18:15:26.85924437, 4.0000E-01, 1.0133E+01,-3.3333E-01,
18:15:26.85924442, 3.0000E-01, 1.0133E+01,-1.0000E+00,
18:15:26.85924447, 3.6667E-01, 1.0167E+01,-6.6667E-01,
18:15:26.85924452, 3.0000E-01, 1.0100E+01,-3.3333E-01,
18:15:26.85924457, 3.0000E-01, 1.0167E+01,-3.3333E-01,
18:15:26.85924462, 3.3333E-01, 1.0100E+01,-3.3333E-01,
18:15:26.85924467, 3.3333E-01, 1.0133E+01, 0.0000E+00,
18:15:26.85924472, 3.0000E-01, 1.0133E+01, 0.0000E+00,
18:15:26.85924477, 3.3333E-01, 1.0167E+01,-1.0000E+00,
18:15:26.85924482, 3.6667E-01, 1.0100E+01,-3.3333E-01,
18:15:26.85924487, 3.0000E-01, 1.0167E+01, 0.0000E+00,
18:15:26.85924492, 3.3333E-01, 1.0167E+01, 0.0000E+00,
18:15:26.85924497, 3.6667E-01, 1.0233E+01, 0.0000E+00,
18:15:26.85924502, 3.3333E-01, 1.0133E+01,-3.3333E-01,
18:15:26.85924507, 3.3333E-01, 1.0167E+01, 0.0000E+00,
18:15:26.85924512, 3.6667E-01, 1.0167E+01,-6.6667E-01,
18:15:26.85924517, 3.6667E-01, 1.0100E+01, 6.6667E-01,
18:15:26.85924522, 4.0000E-01, 1.0100E+01,-6.6667E-01,
18:15:26.85924527, 3.0000E-01, 1.0100E+01,-3.3333E-01,
18:15:26.85924532, 2.3333E-01, 1.0133E+01, 3.3333E-01,
18:15:26.85924537, 3.0000E-01, 1.0167E+01,-3.3333E-01,
18:15:26.85924542, 3.3333E-01, 1.0167E+01, 0.0000E+00,
18:15:26.85924547, 2.6667E-01, 1.0133E+01, 0.0000E+00,
18:15:26.85924552, 3.3333E-01, 1.0133E+01,-3.3333E-01,
18:15:26.85924557, 3.3333E-01, 1.0167E+01, 0.0000E+00,
18:15:26.85924562, 3.0000E-01, 1.0167E+01, 6.6667E-01,
18:15:26.85924567, 3.3333E-01, 1.0100E+01,-3.3333E-01,
18:15:26.85924572, 3.0000E-01, 1.0100E+01,-3.3333E-01,
18:15:26.85924577, 3.3333E-01, 1.0133E+01, 0.0000E+00,
18:15:26.85924582, 3.3333E-01, 1.0200E+01, 0.0000E+00,
18:15:26.85924587, 4.0000E-01, 1.0167E+01,-3.3333E-01,
18:15:26.85924592, 3.3333E-01, 1.0167E+01, 0.0000E+00,
18:15:26.85924597, 4.3333E-01, 1.0233E+01,-6.6667E-01,
18:15:26.85924602, 3.3333E-01, 1.0233E+01, 0.0000E+00,
18:15:26.85924607, 4.0000E-01, 1.0167E+01, 0.0000E+00,
18:15:26.85924612, 3.3333E-01, 1.0100E+01,-3.3333E-01,
18:15:26.85924617, 2.6667E-01, 1.0100E+01,-6.6667E-01,
18:15:26.85924622, 3.0000E-01, 1.0200E+01,-6.6667E-01,
18:15:26.85924627, 3.3333E-01, 1.0167E+01,-1.0000E+00,
18:15:26.85924632, 3.3333E-01, 1.0233E+01, 0.0000E+00,
18:15:26.85924637, 2.0000E-01, 1.0200E+01,-3.3333E-01,
18:15:26.85924642, 3.0000E-01, 1.0133E+01,-3.3333E-01,
18:15:26.85924647, 3.6667E-01, 1.0167E+01, 0.0000E+00,
18:15:26.85924652, 3.0000E-01, 1.0167E+01, 3.3333E-01,
18:15:26.85924657, 2.6667E-01, 1.0167E+01, 3.3333E-01,
18:15:26.85924662, 3.3333E-01, 1.0200E+01, 0.0000E+00,
18:15:26.85924667, 3.3333E-01, 1.0167E+01,-3.3333E-01,
18:15:26.85924672, 3.0000E-01, 1.0100E+01, 0.0000E+00,
18:15:26.85924677, 2.0000E-01, 1.0133E+01,-3.3333E-01,
18:15:26.85924682, 3.3333E-01, 1.0100E+01, 0.0000E+00,
18:15:26.85924687, 3.3333E-01, 1.0200E+01,-1.0000E+00,
18:15:26.85924692, 2.6667E-01, 1.0100E+01, 3.3333E-01,
18:15:26.85924697, 3.3333E-01, 1.0133E+01, 0.0000E+00,
18:15:26.85924702, 3.0000E-01, 1.0167E+01,-3.3333E-01,
18:15:26.85924707, 2.3333E-01, 1.0200E+01, 3.3333E-01,
18:15:26.85924712, 3.0000E-01, 1.0167E+01, 0.0000E+00,
18:15:26.85924717, 3.6667E-01, 1.0167E+01,-3.3333E-01,
18:15:26.85924722, 3.3333E-01, 1.0133E+01, 3.3333E-01,
18:15:26.85924727, 2.6667E-01, 1.0133E+01, 0.0000E+00,
18:15:26.85924732, 3.0000E-01, 1.0133E+01, 0.0000E+00,
18:15:26.85924737, 2.6667E-01, 1.0100E+01,-6.6667E-01,
18:15:26.85924742, 2.6667E-01, 1.0100E+01, 0.0000E+00,
18:15:26.85924747, 3.6667E-01, 1.0100E+01,-6.6667E-01,
18:15:26.85924752, 3.3333E-01, 1.0167E+01,-3.3333E-01,
18:15:26.85924757, 3.6667E-01, 1.0133E+01,-3.3333E-01,
18:15:26.85924762, 3.0000E-01, 1.0100E+01, 3.3333E-01,
18:15:26.85924767, 3.6667E-01, 1.0100E+01, 0.0000E+00,
18:15:26.85924772, 2.6667E-01, 1.0167E+01,-3.3333E-01,
18:15:26.85924777, 3.3333E-01, 1.0167E+01, 0.0000E+00,
18:15:26.85924782, 3.0000E-01, 1.0200E+01,-1.0000E+00,
18:15:26.85924787, 3.6667E-01, 1.0167E+01, 0.0000E+00,
18:15:26.85924792, 3.0000E-01, 1.0167E+01, 1.0000E+00,
18:15:26.85924797, 3.3333E-01, 1.0100E+01,-3.3333E-01,
18:15:26.85924802, 3.0000E-01, 1.0167E+01,-3.3333E-01,
18:15:26.85924807, 3.0000E-01, 1.0133E+01, 3.3333E-01,
18:15:26.85924812, 3.3333E-01, 1.0233E+01,-6.6667E-01,
18:15:26.85924817, 3.6667E-01, 1.0133E+01, 0.0000E+00,
18:15:26.85924822, 2.3333E-01, 1.0167E+01,-6.6667E-01,
18:15:26.85924827, 3.3333E-01, 1.0133E+01,-3.3333E-01,
18:15:26.85924832, 3.3333E-01, 1.0133E+01,-3.3333E-01,
18:15:26.85924837, 3.3333E-01, 1.0200E+01,-3.3333E-01,
18:15:26.85924842, 3.3333E-01, 1.0200E+01,-1.3333E+00,
18:15:26.85924847, 3.3333E-01, 1.0167E+01, 0.0000E+00,
18:15:26.85924852, 2.6667E-01, 1.0133E+01,-6.6667E-01,
18:15:26.85924857, 2.6667E-01, 1.0100E+01, 3.3333E-01,
18:15:26.85924862, 3.6667E-01, 1.0167E+01,-3.3333E-01,
18:15:26.85924867, 2.6667E-01, 1.0167E+01,-3.3333E-01,
18:15:26.85924872, 2.3333E-01, 1.0133E+01, 6.6667E-01,
18:15:26.85924877, 2.6667E-01, 1.0167E+01, 3.3333E-01,
18:15:26.85924882, 2.6667E-01, 1.0133E+01,-3.3333E-01,
18:15:26.85924887, 2.6667E-01, 1.0200E+01, 3.3333E-01,
18:15:26.85924892, 2.6667E-01, 1.0100E+01,-6.6667E-01,
18:15:26.85924897, 3.0000E-01, 1.0133E+01,-6.6667E-01,
18:15:26.85924902, 3.0000E-01, 1.0167E+01, 3.3333E-01,
18:15:26.85924907, 2.6667E-01, 1.0100E+01, 0.0000E+00,
18:15:26.85924912, 2.6667E-01, 1.0200E+01, 3.3333E-01,
18:15:26.85924917, 3.3333E-01, 1.0100E+01,-6.6667E-01,
18:15:26.85924922, 2.3333E-01, 1.0133E+01,-6.6667E-01,
18:15:26.85924927, 3.3333E-01, 1.0167E+01,-3.3333E-01,
18:15:26.85924932, 3.3333E-01, 1.0100E+01, 3.3333E-01,
18:15:26.85924937, 2.3333E-01, 1.0167E+01, 3.3333E-01,
18:15:26.85924942, 2.3333E-01, 1.0100E+01, 0.0000E+00,
18:15:26.85924947, 2.6667E-01, 1.0100E+01, 3.3333E-01,
18:15:26.85924952, 2.6667E-01, 1.0133E+01, 0.0000E+00,
18:15:26.85924957, 2.6667E-01, 1.0100E+01, 3.3333E-01,
18:15:26.85924962, 2.6667E-01, 1.0133E+01, 3.3333E-01,
18:15:26.85924967, 2.6667E-01, 1.0200E+01,-1.0000E+00,
18:15:26.85924972, 2.6667E-01, 1.0167E+01, 0.0000E+00,
18:15:26.85924977, 2.6667E-01, 1.0167E+01,-3.3333E-01,
18:15:26.85924982, 3.0000E-01, 1.0200E+01, 3.3333E-01,
18:15:26.85924987, 2.0000E-01, 1.0100E+01, 0.0000E+00,
18:15:26.85924992, 3.6667E-01, 1.0133E+01, 6.6667E-01,
18:15:26.85924997, 3.3333E-01, 1.0133E+01, 0.0000E+00,
18:15:26.85925002, 2.3333E-01, 1.0100E+01, 0.0000E+00,
18:15:26.85925007, 2.6667E-01, 1.0100E+01,-6.6667E-01,
18:15:26.85925012, 3.3333E-01, 1.0167E+01, 0.0000E+00,
18:15:26.85925017, 3.0000E-01, 1.0167E+01,-6.6667E-01,
18:15:26.85925022, 3.6667E-01, 1.0200E+01, 0.0000E+00,
18:15:26.85925027, 2.6667E-01, 1.0133E+01, 0.0000E+00,
18:15:26.85925032, 3.0000E-01, 1.0167E+01,-3.3333E-01,
18:15:26.85925037, 2.6667E-01, 1.0167E+01, 3.3333E-01,
18:15:26.85925042, 3.0000E-01, 1.0133E+01, 0.0000E+00,
18:15:26.85925047, 2.3333E-01, 1.0167E+01, 0.0000E+00,
18:15:26.85925052, 3.0000E-01, 1.0133E+01, 0.0000E+00,
18:15:26.85925057, 2.0000E-01, 1.0167E+01,-3.3333E-01,
18:15:26.85925062, 3.0000E-01, 1.0100E+01,-6.6667E-01,
18:15:26.85925067, 2.6667E-01, 1.0167E+01, 0.0000E+00,
18:15:26.85925072, 2.3333E-01, 1.0167E+01,-6.6667E-01,
18:15:26.85925077, 3.0000E-01, 1.0167E+01, 3.3333E-01,
18:15:26.85925082, 2.6667E-01, 1.0167E+01,-6.6667E-01,
18:15:26.85925087, 3.0000E-01, 1.0133E+01, 3.3333E-01,
18:15:26.85925092, 2.6667E-01, 1.0167E+01, 0.0000E+00,
18:15:26.85925097, 2.6667E-01, 1.0200E+01,-6.6667E-01,
18:15:26.85925102, 2.0000E-01, 1.0133E+01, 3.3333E-01,
18:15:26.85925107, 2.6667E-01, 1.0167E+01, 0.0000E+00,
18:15:26.85925112, 2.3333E-01, 1.0133E+01,-3.3333E-01,
18:15:26.85925117, 2.6667E-01, 1.0133E+01,-3.3333E-01,
18:15:26.85925122, 3.0000E-01, 1.0100E+01,-6.6667E-01,
18:15:26.85925127, 2.6667E-01, 1.0100E+01,-3.3333E-01,
18:15:26.85925132, 2.3333E-01, 1.0100E+01,-6.6667E-01,
18:15:26.85925137, 3.0000E-01, 1.0100E+01,-3.3333E-01,
18:15:26.85925142, 2.6667E-01, 1.0100E+01, 0.0000E+00,
18:15:26.85925147, 3.0000E-01, 1.0100E+01,-6.6667E-01,
18:15:26.85925152, 2.0000E-01, 1.0133E+01,-3.3333E-01,
18:15:26.85925157, 2.6667E-01, 1.0100E+01, 0.0000E+00,
18:15:26.85925162, 2.3333E-01, 1.0100E+01,-6.6667E-01,
18:15:26.85925167, 3.0000E-01, 1.0167E+01, 3.3333E-01,
18:15:26.85925172, 2.3333E-01, 1.0200E+01,-6.6667E-01,
18:15:26.85925177, 2.6667E-01, 1.0133E+01,-3.3333E-01,
18:15:26.85925182, 2.6667E-01, 1.0133E+01, 0.0000E+00,
18:15:26.85925187, 2.6667E-01, 1.0100E+01, 3.3333E-01,
18:15:26.85925192, 2.3333E-01, 1.0167E+01, 0.0000E+00,
18:15:26.85925197, 2.6667E-01, 1.0100E+01,-6.6667E-01,
18:15:26.85925202, 2.0000E-01, 1.0133E+01,-3.3333E-01,
18:15:26.85925207, 2.3333E-01, 1.0167E+01, 0.0000E+00,
18:15:26.85925212, 2.0000E-01, 1.0200E+01, 0.0000E+00,
18:15:26.85925217, 2.0000E-01, 1.0233E+01,-6.6667E-01,
18:15:26.85925222, 2.6667E-01, 1.0200E+01, 0.0000E+00,
18:15:26.85925227, 3.3333E-01, 1.0167E+01,-3.3333E-01,
18:15:26.85925232, 3.3333E-01, 1.0100E+01, 3.3333E-01,
18:15:26.85925237, 2.3333E-01, 1.0167E+01, 6.6667E-01,
18:15:26.85925242, 2.6667E-01, 1.0167E+01, 3.3333E-01,
18:15:26.85925247, 2.6667E-01, 1.0133E+01, 0.0000E+00,
18:15:26.85925252, 2.6667E-01, 1.0100E+01,-6.6667E-01,
18:15:26.85925257, 2.3333E-01, 1.0167E+01, 3.3333E-01,
18:15:26.85925262, 2.6667E-01, 1.0100E+01,-6.6667E-01,
18:15:26.85925267, 2.0000E-01, 1.0167E+01,-3.3333E-01,
18:15:26.85925272, 3.0000E-01, 1.0100E+01,-3.3333E-01,
18:15:26.85925277, 2.3333E-01, 1.0167E+01,-6.6667E-01,
18:15:26.85925282, 3.0000E-01, 1.0167E+01, 6.6667E-01,
18:15:26.85925287, 2.0000E-01, 1.0100E+01, 0.0000E+00,
18:15:26.85925292, 2.0000E-01, 1.0133E+01, 3.3333E-01,
18:15:26.85925297, 2.0000E-01, 1.0133E+01,-3.3333E-01,
18:15:26.85925302, 2.0000E-01, 1.0100E+01,-3.3333E-01,
18:15:26.85925307, 2.0000E-01, 1.0167E+01, 0.0000E+00,
18:15:26.85925312, 2.3333E-01, 1.0100E+01,-3.3333E-01,
18:15:26.85925317, 3.0000E-01, 1.0100E+01,-6.6667E-01,
18:15:26.85925322, 2.6667E-01, 1.0167E+01,-3.3333E-01,
18:15:26.85925327, 3.0000E-01, 1.0167E+01,-3.3333E-01,
18:15:26.85925332, 2.3333E-01, 1.0100E+01,-3.3333E-01,
18:15:26.85925337, 2.6667E-01, 1.0133E+01, 1.0000E+00,
18:15:26.85925342, 2.6667E-01, 1.0100E+01, 3.3333E-01,
18:15:26.85925347, 2.6667E-01, 1.0167E+01,-6.6667E-01,
18:15:26.85925352, 2.0000E-01, 1.0133E+01, 0.0000E+00,
18:15:26.85925357, 2.6667E-01, 1.0133E+01,-6.6667E-01,
18:15:26.85925362, 2.3333E-01, 1.0133E+01,-3.3333E-01,
18:15:26.85925367, 2.3333E-01, 1.0167E+01,-3.3333E-01,
18:15:26.85925372, 2.6667E-01, 1.0133E+01, 6.6667E-01,
18:15:26.85925377, 2.6667E-01, 1.0167E+01, 3.3333E-01,
18:15:26.85925382, 2.0000E-01, 1.0133E+01,-3.3333E-01,
18:15:26.85925387, 3.0000E-01, 1.0167E+01, 3.3333E-01,
18:15:26.85925392, 2.6667E-01, 1.0167E+01, 0.0000E+00,
18:15:26.85925397, 2.3333E-01, 1.0267E+01,-6.6667E-01,
18:15:26.85925402, 2.3333E-01, 1.0133E+01,-1.0000E+00,
18:15:26.85925407, 2.0000E-01, 1.0100E+01,-3.3333E-01,
18:15:26.85925412, 2.0000E-01, 1.0100E+01,-6.6667E-01,
18:15:26.85925417, 2.0000E-01, 1.0133E+01,-6.6667E-01,
18:15:26.85925422, 2.3333E-01, 1.0133E+01,-6.6667E-01,
18:15:26.85925427, 3.0000E-01, 1.0167E+01,-3.3333E-01,
18:15:26.85925432, 2.3333E-01, 1.0167E+01,-3.3333E-01,
18:15:26.85925437, 3.0000E-01, 1.0100E+01,-3.3333E-01,
18:15:26.85925442, 2.0000E-01, 1.0133E+01, 3.3333E-01,
18:15:26.85925447, 2.0000E-01, 1.0100E+01,-3.3333E-01,
18:15:26.85925452, 2.0000E-01, 1.0100E+01, 0.0000E+00,
18:15:26.85925457, 2.0000E-01, 1.0133E+01,-6.6667E-01,
18:15:26.85925462, 2.0000E-01, 1.0200E+01, 0.0000E+00,
18:15:26.85925467, 2.3333E-01, 1.0167E+01, 3.3333E-01,
18:15:26.85925472, 2.6667E-01, 1.0100E+01,-1.0000E+00,
18:15:26.85925477, 2.3333E-01, 1.0200E+01,-3.3333E-01,
18:15:26.85925482, 2.0000E-01, 1.0167E+01, 0.0000E+00,
18:15:26.85925487, 2.0000E-01, 1.0133E+01, 0.0000E+00,
18:15:26.85925492, 2.0000E-01, 1.0200E+01, 0.0000E+00,
18:15:26.85925497, 2.0000E-01, 1.0133E+01, 0.0000E+00,
18:15:26.85925502, 2.6667E-01, 1.0133E+01,-3.3333E-01,
18:15:26.85925507, 2.3333E-01, 1.0133E+01, 3.3333E-01,
18:15:26.85925512, 3.0000E-01, 1.0133E+01, 0.0000E+00,
18:15:26.85925517, 2.6667E-01, 1.0200E+01,-6.6667E-01,
18:15:26.85925522, 2.6667E-01, 1.0100E+01,-3.3333E-01,
18:15:26.85925527, 2.6667E-01, 1.0133E+01, 1.0000E+00,
18:15:26.85925532, 2.6667E-01, 1.0200E+01, 0.0000E+00,
18:15:26.85925537, 2.3333E-01, 1.0200E+01, 3.3333E-01,
18:15:26.85925542, 2.3333E-01, 1.0133E+01, 0.0000E+00,
18:15:26.85925547, 2.0000E-01, 1.0133E+01, 0.0000E+00,
18:15:26.85925552, 2.0000E-01, 1.0100E+01,-6.6667E-01,
18:15:26.85925557, 2.3333E-01, 1.0167E+01, 3.3333E-01,
18:15:26.85925562, 2.6667E-01, 1.0100E+01,-3.3333E-01,
18:15:26.85925567, 2.6667E-01, 1.0200E+01,-3.3333E-01,
18:15:26.85925572, 2.0000E-01, 1.0133E+01,-3.3333E-01,
18:15:26.85925577, 2.3333E-01, 1.0167E+01, 0.0000E+00,
18:15:26.85925582, 2.3333E-01, 1.0200E+01,-3.3333E-01,
18:15:26.85925587, 2.3333E-01, 1.0167E+01, 0.0000E+00,
18:15:26.85925592, 1.3333E-01, 1.0200E+01, 0.0000E+00,
18:15:26.85925597, 2.3333E-01, 1.0167E+01,-6.6667E-01,
18:15:26.85925602, 2.3333E-01, 1.0133E+01, 0.0000E+00,
18:15:26.85925607, 2.0000E-01, 1.0100E+01,-1.0000E+00,
18:15:26.85925612, 2.3333E-01, 1.0200E+01,-3.3333E-01,
18:15:26.85925617, 2.0000E-01, 1.0167E+01,-1.0000E+00,
18:15:26.85925622, 2.6667E-01, 1.0167E+01,-3.3333E-01,
18:15:26.85925627, 2.0000E-01, 1.0133E+01, 6.6667E-01,
18:15:26.85925632, 2.0000E-01, 1.0200E+01, 3.3333E-01,
18:15:26.85925637, 2.0000E-01, 1.0133E+01, 0.0000E+00,
18:15:26.85925642, 2.3333E-01, 1.0200E+01,-3.3333E-01,
18:15:26.85925647, 2.3333E-01, 1.0100E+01, 0.0000E+00,
18:15:26.85925652, 2.0000E-01, 1.0167E+01, 3.3333E-01,
18:15:26.85925657, 2.6667E-01, 1.0133E+01,-3.3333E-01,
18:15:26.85925662, 2.3333E-01, 1.0100E+01, 0.0000E+00,
18:15:26.85925667, 2.3333E-01, 1.0167E+01,-3.3333E-01,
18:15:26.85925672, 2.0000E-01, 1.0200E+01,-6.6667E-01,
18:15:26.85925677, 2.6667E-01, 1.0133E+01, 3.3333E-01,
18:15:26.85925682, 2.0000E-01, 1.0100E+01,-3.3333E-01,
18:15:26.85925687, 1.6667E-01, 1.0200E+01,-3.3333E-01,
18:15:26.85925692, 2.0000E-01, 1.0133E+01, 3.3333E-01,
18:15:26.85925697, 2.0000E-01, 1.0133E+01, 0.0000E+00,
18:15:26.85925702, 2.6667E-01, 1.0167E+01,-1.0000E+00,
18:15:26.85925707, 2.0000E-01, 1.0233E+01, 3.3333E-01,
18:15:26.85925712, 1.6667E-01, 1.0133E+01, 0.0000E+00,
18:15:26.85925717, 2.6667E-01, 1.0100E+01, 0.0000E+00,
18:15:26.85925722, 2.3333E-01, 1.0100E+01,-1.3333E+00,
18:15:26.85925727, 2.0000E-01, 1.0167E+01,-6.6667E-01,
18:15:26.85925732, 2.0000E-01, 1.0133E+01,-3.3333E-01,
18:15:26.85925737, 2.0000E-01, 1.0133E+01, 3.3333E-01,
18:15:26.85925742, 2.3333E-01, 1.0100E+01,-3.3333E-01,
18:15:26.85925747, 2.6667E-01, 1.0133E+01, 0.0000E+00,
18:15:26.85925752, 2.6667E-01, 1.0100E+01,-3.3333E-01,
18:15:26.85925757, 2.0000E-01, 1.0133E+01, 0.0000E+00,
18:15:26.85925762, 2.0000E-01, 1.0133E+01,-3.3333E-01,
18:15:26.85925767, 1.6667E-01, 1.0133E+01, 0.0000E+00,
18:15:26.85925772, 2.3333E-01, 1.0100E+01, 3.3333E-01,
18:15:26.85925777, 3.0000E-01, 1.0133E+01, 6.6667E-01,
18:15:26.85925782, 2.3333E-01, 1.0133E+01, 0.0000E+00,
18:15:26.85925787, 2.3333E-01, 1.0100E+01,-3.3333E-01,
18:15:26.85925792, 2.0000E-01, 1.0167E+01, 0.0000E+00,
18:15:26.85925797, 2.0000E-01, 1.0167E+01, 3.3333E-01,
18:15:26.85925802, 2.0000E-01, 1.0133E+01,-1.0000E+00,
18:15:26.85925807, 2.6667E-01, 1.0167E+01,-6.6667E-01,
18:15:26.85925812, 2.0000E-01, 1.0133E+01,-1.0000E+00,
18:15:26.85925817, 2.6667E-01, 1.0167E+01,-3.3333E-01,
18:15:26.85925822, 1.3333E-01, 1.0100E+01,-1.0000E+00,
18:15:26.85925827, 2.0000E-01, 1.0167E+01, 6.6667E-01,
18:15:26.85925832, 2.0000E-01, 1.0100E+01, 6.6667E-01,
18:15:26.85925837, 2.0000E-01, 1.0167E+01, 0.0000E+00,
18:15:26.85925842, 2.3333E-01, 1.0167E+01,-3.3333E-01,
18:15:26.85925847, 2.0000E-01, 1.0167E+01,-6.6667E-01,
18:15:26.85925852, 2.0000E-01, 1.0133E+01, 0.0000E+00,
18:15:26.85925857, 2.3333E-01, 1.0167E+01,-3.3333E-01,
18:15:26.85925862, 2.0000E-01, 1.0167E+01, 0.0000E+00,
18:15:26.85925867, 2.0000E-01, 1.0167E+01,-3.3333E-01,
18:15:26.85925872, 2.0000E-01, 1.0100E+01, 0.0000E+00,
18:15:26.85925877, 2.0000E-01, 1.0133E+01,-3.3333E-01,
18:15:26.85925882, 2.0000E-01, 1.0167E+01, 3.3333E-01,
18:15:26.85925887, 1.6667E-01, 1.0200E+01,-3.3333E-01,
18:15:26.85925892, 2.0000E-01, 1.0167E+01, 0.0000E+00,
18:15:26.85925897, 2.0000E-01, 1.0200E+01,-3.3333E-01,
18:15:26.85925902, 1.6667E-01, 1.0233E+01, 3.3333E-01,
18:15:26.85925907, 2.3333E-01, 1.0100E+01, 0.0000E+00,
18:15:26.85925912, 2.0000E-01, 1.0167E+01,-3.3333E-01,
18:15:26.85925917, 2.6667E-01, 1.0200E+01,-3.3333E-01,
18:15:26.85925922, 2.0000E-01, 1.0167E+01, 0.0000E+00,
18:15:26.85925927, 1.0000E-01, 1.0100E+01, 0.0000E+00,
18:15:26.85925932, 2.3333E-01, 1.0167E+01, 3.3333E-01,
18:15:26.85925937, 2.0000E-01, 1.0100E+01, 3.3333E-01,
18:15:26.85925942, 2.0000E-01, 1.0167E+01,-3.3333E-01,
18:15:26.85925947, 2.6667E-01, 1.0100E+01, 0.0000E+00,
18:15:26.85925952, 2.3333E-01, 1.0167E+01,-3.3333E-01,
18:15:26.85925957, 2.3333E-01, 1.0133E+01,-6.6667E-01,
18:15:26.85925962, 2.0000E-01, 1.0233E+01, 0.0000E+00,
18:15:26.85925967, 2.0000E-01, 1.0167E+01,-6.6667E-01,
18:15:26.85925972, 2.0000E-01, 1.0100E+01,-3.3333E-01,
18:15:26.85925977, 1.6667E-01, 1.0133E+01, 0.0000E+00,
18:15:26.85925982, 2.3333E-01, 1.0133E+01,-3.3333E-01,
18:15:26.85925987, 2.3333E-01, 1.0233E+01,-3.3333E-01,
18:15:26.85925992, 2.3333E-01, 1.0200E+01,-6.6667E-01,
18:15:26.85925997, 2.0000E-01, 1.0100E+01, 0.0000E+00,
18:15:26.85926002, 2.6667E-01, 1.0100E+01,-1.0000E+00,
18:15:26.85926007, 1.6667E-01, 1.0133E+01, 0.0000E+00,
18:15:26.85926012, 1.6667E-01, 1.0133E+01, 3.3333E-01,
18:15:26.85926017, 2.0000E-01, 1.0167E+01,-6.6667E-01,
18:15:26.85926022, 2.0000E-01, 1.0167E+01,-6.6667E-01,
18:15:26.85926027, 2.0000E-01, 1.0100E+01,-3.3333E-01,
18:15:26.85926032, 3.0000E-01, 1.0200E+01,-6.6667E-01,
18:15:26.85926037, 2.3333E-01, 1.0200E+01,-3.3333E-01,
18:15:26.85926042, 2.0000E-01, 1.0200E+01,-6.6667E-01,
18:15:26.85926047, 2.0000E-01, 1.0133E+01, 0.0000E+00,
18:15:26.85926052, 1.6667E-01, 1.0167E+01, 0.0000E+00,
18:15:26.85926057, 2.0000E-01, 1.0167E+01, 0.0000E+00,
18:15:26.85926062, 2.0000E-01, 1.0133E+01, 0.0000E+00,
18:15:26.85926067, 1.6667E-01, 1.0100E+01, 3.3333E-01,
18:15:26.85926072, 2.0000E-01, 1.0200E+01, 0.0000E+00,
18:15:26.85926077, 2.6667E-01, 1.0133E+01,-1.0000E+00,
18:15:26.85926082, 1.6667E-01, 1.0200E+01,-3.3333E-01,
18:15:26.85926087, 2.0000E-01, 1.0167E+01, 0.0000E+00,
18:15:26.85926092, 2.6667E-01, 1.0200E+01, 0.0000E+00,
18:15:26.85926097, 2.0000E-01, 1.0100E+01,-3.3333E-01,
18:15:26.85926102, 2.0000E-01, 1.0100E+01,-6.6667E-01,
18:15:26.85926107, 2.0000E-01, 1.0133E+01,-3.3333E-01,
18:15:26.85926112, 1.6667E-01, 1.0133E+01, 0.0000E+00,
18:15:26.85926117, 1.6667E-01, 1.0133E+01, 3.3333E-01,
18:15:26.85926122, 1.6667E-01, 1.0167E+01, 3.3333E-01,
18:15:26.85926127, 2.3333E-01, 1.0100E+01,-3.3333E-01,
18:15:26.85926132, 1.6667E-01, 1.0100E+01, 3.3333E-01,
18:15:26.85926137, 2.3333E-01, 1.0200E+01,-3.3333E-01,
18:15:26.85926142, 2.0000E-01, 1.0200E+01,-3.3333E-01,
18:15:26.85926147, 2.0000E-01, 1.0133E+01, 0.0000E+00,
18:15:26.85926152, 2.0000E-01, 1.0200E+01, 0.0000E+00,
18:15:26.85926157, 2.0000E-01, 1.0200E+01,-3.3333E-01,
18:15:26.85926162, 2.0000E-01, 1.0100E+01, 0.0000E+00,
18:15:26.85926167, 2.6667E-01, 1.0167E+01,-6.6667E-01,
18:15:26.85926172, 2.0000E-01, 1.0100E+01, 0.0000E+00,
18:15:26.85926177, 2.0000E-01, 1.0200E+01,-3.3333E-01,
18:15:26.85926182, 2.0000E-01, 1.0167E+01,-3.3333E-01,
18:15:26.85926187, 2.3333E-01, 1.0167E+01,-3.3333E-01,
18:15:26.85926192, 2.0000E-01, 1.0100E+01,-6.6667E-01,
18:15:26.85926197, 2.0000E-01, 1.0167E+01,-3.3333E-01,
18:15:26.85926202, 2.0000E-01, 1.0167E+01, 0.0000E+00,
18:15:26.85926207, 2.0000E-01, 1.0133E+01,-3.3333E-01,
18:15:26.85926212, 2.0000E-01, 1.0233E+01, 6.6667E-01,
18:15:26.85926217, 2.0000E-01, 1.0100E+01, 3.3333E-01,
18:15:26.85926222, 1.3333E-01, 1.0133E+01,-3.3333E-01,
18:15:26.85926227, 2.6667E-01, 1.0133E+01, 6.6667E-01,
18:15:26.85926232, 2.3333E-01, 1.0167E+01,-3.3333E-01,
18:15:26.85926237, 2.0000E-01, 1.0167E+01, 6.6667E-01,
18:15:26.85926242, 2.0000E-01, 1.0200E+01,-3.3333E-01,
18:15:26.85926247, 1.3333E-01, 1.0133E+01, 0.0000E+00,
18:15:26.85926252, 2.0000E-01, 1.0100E+01,-6.6667E-01,
18:15:26.85926257, 1.3333E-01, 1.0200E+01,-3.3333E-01,
18:15:26.85926262, 1.3333E-01, 1.0100E+01,-3.3333E-01,
18:15:26.85926267, 2.0000E-01, 1.0233E+01, 3.3333E-01,
18:15:26.85926272, 1.6667E-01, 1.0167E+01,-6.6667E-01,
18:15:26.85926277, 2.0000E-01, 1.0133E+01, 0.0000E+00,
18:15:26.85926282, 2.0000E-01, 1.0100E+01, 0.0000E+00,
18:15:26.85926287, 2.0000E-01, 1.0200E+01, 0.0000E+00,
18:15:26.85926292, 1.6667E-01, 1.0167E+01, 0.0000E+00,
18:15:26.85926297, 2.0000E-01, 1.0133E+01,-6.6667E-01,
18:15:26.85926302, 1.6667E-01, 1.0200E+01,-3.3333E-01,
18:15:26.85926307, 2.0000E-01, 1.0100E+01, 0.0000E+00,
18:15:26.85926312, 2.0000E-01, 1.0233E+01, 0.0000E+00,
18:15:26.85926317, 2.0000E-01, 1.0133E+01, 3.3333E-01,
18:15:26.85926322, 2.0000E-01, 1.0200E+01, 0.0000E+00,
18:15:26.85926327, 2.0000E-01, 1.0133E+01,-3.3333E-01,
18:15:26.85926332, 2.0000E-01, 1.0133E+01, 0.0000E+00,
18:15:26.85926337, 2.3333E-01, 1.0167E+01,-3.3333E-01,
18:15:26.85926342, 2.0000E-01, 1.0167E+01, 0.0000E+00,
18:15:26.85926347, 2.0000E-01, 1.0100E+01,-6.6667E-01,
18:15:26.85926352, 1.3333E-01, 1.0100E+01, 0.0000E+00,
18:15:26.85926357, 1.3333E-01, 1.0200E+01, 3.3333E-01,
18:15:26.85926362, 2.0000E-01, 1.0200E+01, 0.0000E+00,
18:15:26.85926367, 2.0000E-01, 1.0167E+01,-3.3333E-01,
18:15:26.85926372, 2.0000E-01, 1.0167E+01,-1.6667E+00,
18:15:26.85926377, 1.6667E-01, 1.0167E+01,-3.3333E-01,
18:15:26.85926382, 2.0000E-01, 1.0233E+01, 3.3333E-01,
18:15:26.85926387, 1.6667E-01, 1.0267E+01, 0.0000E+00,
18:15:26.85926392, 2.0000E-01, 1.0200E+01,-6.6667E-01,
18:15:26.85926397, 2.0000E-01, 1.0167E+01, 3.3333E-01,
18:15:26.85926402, 2.0000E-01, 1.0133E+01, 0.0000E+00,
18:15:26.85926407, 1.6667E-01, 1.0133E+01,-3.3333E-01,
18:15:26.85926412, 2.0000E-01, 1.0200E+01, 6.6667E-01,
18:15:26.85926417, 2.0000E-01, 1.0167E+01,-6.6667E-01,
18:15:26.85926422, 1.6667E-01, 1.0133E+01,-3.3333E-01,
18:15:26.85926427, 2.0000E-01, 1.0100E+01, 0.0000E+00,
18:15:26.85926432, 2.0000E-01, 1.0133E+01, 0.0000E+00,
18:15:26.85926437, 2.3333E-01, 1.0200E+01, 0.0000E+00,
18:15:26.85926442, 2.0000E-01, 1.0167E+01, 0.0000E+00,
18:15:26.85926447, 1.0000E-01, 1.0167E+01,-3.3333E-01,
18:15:26.85926452, 2.0000E-01, 1.0100E+01, 3.3333E-01,
18:15:26.85926457, 1.6667E-01, 1.0100E+01,-6.6667E-01,
18:15:26.85926462, 1.6667E-01, 1.0100E+01, 0.0000E+00,
18:15:26.85926467, 1.6667E-01, 1.0133E+01, 0.0000E+00,
18:15:26.85926472, 2.3333E-01, 1.0133E+01, 3.3333E-01,
18:15:26.85926477, 1.6667E-01, 1.0133E+01,-6.6667E-01,
18:15:26.85926482, 1.6667E-01, 1.0133E+01,-3.3333E-01,
18:15:26.85926487, 1.6667E-01, 1.0133E+01,-6.6667E-01,
18:15:26.85926492, 1.6667E-01, 1.0100E+01, 0.0000E+00,
18:15:26.85926497, 2.6667E-01, 1.0100E+01, 0.0000E+00,
18:15:26.85926502, 2.0000E-01, 1.0167E+01,-6.6667E-01,
18:15:26.85926507, 2.0000E-01, 1.0133E+01, 3.3333E-01,
18:15:26.85926512, 2.0000E-01, 1.0100E+01, 3.3333E-01,
18:15:26.85926517, 2.0000E-01, 1.0133E+01,-3.3333E-01,
18:15:26.85926522, 1.6667E-01, 1.0133E+01, 0.0000E+00,
18:15:26.85926527, 1.6667E-01, 1.0200E+01,-6.6667E-01,
18:15:26.85926532, 1.6667E-01, 1.0100E+01,-3.3333E-01,
18:15:26.85926537, 1.6667E-01, 1.0167E+01, 0.0000E+00,
18:15:26.85926542, 2.0000E-01, 1.0100E+01,-1.0000E+00,
18:15:26.85926547, 1.6667E-01, 1.0100E+01, 0.0000E+00,
18:15:26.85926552, 1.3333E-01, 1.0133E+01,-3.3333E-01,
18:15:26.85926557, 2.0000E-01, 1.0100E+01, 3.3333E-01,
18:15:26.85926562, 1.3333E-01, 1.0200E+01,-3.3333E-01,
18:15:26.85926567, 2.0000E-01, 1.0133E+01,-3.3333E-01,
18:15:26.85926572, 1.3333E-01, 1.0100E+01, 0.0000E+00,
18:15:26.85926577, 1.3333E-01, 1.0167E+01,-3.3333E-01,
18:15:26.85926582, 1.6667E-01, 1.0167E+01,-3.3333E-01,
18:15:26.85926587, 2.0000E-01, 1.0167E+01, 0.0000E+00,
18:15:26.85926592, 1.3333E-01, 1.0200E+01,-3.3333E-01,
18:15:26.85926597, 1.6667E-01, 1.0167E+01, 0.0000E+00,
18:15:26.85926602, 1.3333E-01, 1.0133E+01, 6.6667E-01,
18:15:26.85926607, 1.3333E-01, 1.0133E+01, 3.3333E-01,
18:15:26.85926612, 2.0000E-01, 1.0167E+01, 6.6667E-01,
18:15:26.85926617, 2.0000E-01, 1.0167E+01,-3.3333E-01,
18:15:26.85926622, 1.6667E-01, 1.0167E+01, 6.6667E-01,
18:15:26.85926627, 2.0000E-01, 1.0167E+01,-6.6667E-01,
18:15:26.85926632, 2.0000E-01, 1.0167E+01,-6.6667E-01,
18:15:26.85926637, 2.0000E-01, 1.0167E+01, 3.3333E-01,
18:15:26.85926642, 2.0000E-01, 1.0167E+01, 0.0000E+00,
18:15:26.85926647, 1.3333E-01, 1.0133E+01, 6.6667E-01,
18:15:26.85926652, 1.6667E-01, 1.0100E+01, 3.3333E-01,
18:15:26.85926657, 2.0000E-01, 1.0200E+01, 3.3333E-01,
18:15:26.85926662, 6.6667E-02, 1.0167E+01,-1.0000E+00,
18:15:26.85926667, 2.3333E-01, 1.0100E+01,-1.0000E+00,
18:15:26.85926672, 1.3333E-01, 1.0233E+01,-3.3333E-01,
18:15:26.85926677, 1.6667E-01, 1.0133E+01, 3.3333E-01,
18:15:26.85926682, 2.0000E-01, 1.0100E+01, 3.3333E-01,
18:15:26.85926687, 2.0000E-01, 1.0133E+01,-3.3333E-01,
18:15:26.85926692, 2.0000E-01, 1.0133E+01,-3.3333E-01,
18:15:26.85926697, 1.6667E-01, 1.0133E+01,-6.6667E-01,
18:15:26.85926702, 6.6667E-02, 1.0133E+01,-3.3333E-01,
18:15:26.85926707, 1.3333E-01, 1.0133E+01, 6.6667E-01,
18:15:26.85926712, 1.3333E-01, 1.0167E+01, 0.0000E+00,
18:15:26.85926717, 1.6667E-01, 1.0100E+01, 0.0000E+00,
18:15:26.85926722, 1.6667E-01, 1.0100E+01,-3.3333E-01,
18:15:26.85926727, 2.3333E-01, 1.0133E+01,-3.3333E-01,
18:15:26.85926732, 2.0000E-01, 1.0200E+01,-6.6667E-01,
18:15:26.85926737, 1.3333E-01, 1.0167E+01, 3.3333E-01,
18:15:26.85926742, 2.0000E-01, 1.0100E+01,-1.3333E+00,
18:15:26.85926747, 2.0000E-01, 1.0100E+01, 3.3333E-01,
18:15:26.85926752, 1.3333E-01, 1.0133E+01, 0.0000E+00,
18:15:26.85926757, 1.6667E-01, 1.0133E+01, 0.0000E+00,
18:15:26.85926762, 1.6667E-01, 1.0233E+01,-6.6667E-01,
18:15:26.85926767, 1.6667E-01, 1.0167E+01,-3.3333E-01,
18:15:26.85926772, 2.0000E-01, 1.0167E+01,-3.3333E-01,
18:15:26.85926777, 1.0000E-01, 1.0167E+01,-1.0000E+00,
18:15:26.85926782, 2.0000E-01, 1.0100E+01, 0.0000E+00,
18:15:26.85926787, 1.6667E-01, 1.0100E+01,-3.3333E-01,
18:15:26.85926792, 1.3333E-01, 1.0200E+01,-3.3333E-01,
18:15:26.85926797, 2.0000E-01, 1.0133E+01,-6.6667E-01,
18:15:26.85926802, 1.0000E-01, 1.0167E+01,-1.0000E+00,
18:15:26.85926807, 1.6667E-01, 1.0133E+01, 3.3333E-01,
18:15:26.85926812, 2.0000E-01, 1.0133E+01, 0.0000E+00,
18:15:26.85926817, 2.0000E-01, 1.0200E+01, 0.0000E+00,
18:15:26.85926822, 1.6667E-01, 1.0100E+01,-3.3333E-01,
18:15:26.85926827, 2.0000E-01, 1.0100E+01, 0.0000E+00,
18:15:26.85926832, 1.0000E-01, 1.0100E+01,-3.3333E-01,
18:15:26.85926837, 2.0000E-01, 1.0167E+01, 3.3333E-01,
18:15:26.85926842, 2.0000E-01, 1.0100E+01, 0.0000E+00,
18:15:26.85926847, 1.6667E-01, 1.0100E+01,-3.3333E-01,
18:15:26.85926852, 1.3333E-01, 1.0133E+01,-3.3333E-01,
18:15:26.85926857, 1.3333E-01, 1.0200E+01, 0.0000E+00,
18:15:26.85926862, 1.0000E-01, 1.0167E+01,-3.3333E-01,
18:15:26.85926867, 1.3333E-01, 1.0133E+01, 0.0000E+00,
18:15:26.85926872, 1.6667E-01, 1.0133E+01,-3.3333E-01,
18:15:26.85926877, 1.3333E-01, 1.0100E+01, 6.6667E-01,
18:15:26.85926882, 2.0000E-01, 1.0133E+01,-6.6667E-01,
18:15:26.85926887, 1.3333E-01, 1.0167E+01, 1.0000E+00,
18:15:26.85926892, 2.0000E-01, 1.0133E+01, 3.3333E-01,
18:15:26.85926897, 1.3333E-01, 1.0133E+01, 0.0000E+00,
18:15:26.85926902, 2.0000E-01, 1.0200E+01,-3.3333E-01,
18:15:26.85926907, 1.6667E-01, 1.0167E+01, 6.6667E-01,
18:15:26.85926912, 1.6667E-01, 1.0133E+01, 0.0000E+00,
18:15:26.85926917, 1.6667E-01, 1.0133E+01,-6.6667E-01,
18:15:26.85926922, 1.3333E-01, 1.0100E+01,-3.3333E-01,
18:15:26.85926927, 1.0000E-01, 1.0133E+01, 0.0000E+00,
18:15:26.85926932, 1.0000E-01, 1.0167E+01,-6.6667E-01,
18:15:26.85926937, 1.3333E-01, 1.0100E+01,-3.3333E-01,
18:15:26.85926942, 1.3333E-01, 1.0033E+01, 0.0000E+00,
18:15:26.85926947, 1.6667E-01, 1.0167E+01, 3.3333E-01,
18:15:26.85926952, 2.0000E-01, 1.0167E+01,-3.3333E-01,
18:15:26.85926957, 2.0000E-01, 1.0100E+01, 0.0000E+00,
18:15:26.85926962, 2.0000E-01, 1.0100E+01, 0.0000E+00,
18:15:26.85926967, 1.6667E-01, 1.0100E+01, 0.0000E+00,
18:15:26.85926972, 6.6667E-02, 1.0133E+01,-6.6667E-01,
18:15:26.85926977, 1.6667E-01, 1.0167E+01, 3.3333E-01,
18:15:26.85926982, 1.6667E-01, 1.0167E+01,-3.3333E-01,
18:15:26.85926987, 2.0000E-01, 1.0133E+01,-3.3333E-01,
18:15:26.85926992, 2.0000E-01, 1.0233E+01, 3.3333E-01,
18:15:26.85926997, 1.3333E-01, 1.0167E+01, 0.0000E+00,
18:15:26.85927002, 1.6667E-01, 1.0167E+01,-6.6667E-01,
18:15:26.85927007, 2.0000E-01, 1.0167E+01, 3.3333E-01,
18:15:26.85927012, 1.6667E-01, 1.0133E+01, 3.3333E-01,
18:15:26.85927017, 1.6667E-01, 1.0167E+01, 3.3333E-01,
18:15:26.85927022, 1.3333E-01, 1.0133E+01,-1.0000E+00,
18:15:26.85927027, 1.3333E-01, 1.0200E+01,-1.0000E+00,
18:15:26.85927032, 2.0000E-01, 1.0100E+01, 6.6667E-01,
18:15:26.85927037, 1.6667E-01, 1.0167E+01,-3.3333E-01,
18:15:26.85927042, 1.6667E-01, 1.0133E+01,-3.3333E-01,
18:15:26.85927047, 2.0000E-01, 1.0133E+01, 6.6667E-01,
18:15:26.85927052, 2.0000E-01, 1.0167E+01, 0.0000E+00,
18:15:26.85927057, 2.0000E-01, 1.0100E+01,-1.0000E+00,
18:15:26.85927062, 1.3333E-01, 1.0167E+01,-3.3333E-01,
18:15:26.85927067, 1.6667E-01, 1.0200E+01,-1.0000E+00,
18:15:26.85927072, 1.6667E-01, 1.0233E+01,-6.6667E-01,
18:15:26.85927077, 1.6667E-01, 1.0200E+01,-6.6667E-01,
18:15:26.85927082, 3.3333E-02, 1.0100E+01, 0.0000E+00,
18:15:26.85927087, 1.3333E-01, 1.0133E+01,-6.6667E-01,
18:15:26.85927092, 1.6667E-01, 1.0100E+01, 1.0000E+00,
18:15:26.85927097, 2.0000E-01, 1.0167E+01,-3.3333E-01,
18:15:26.85927102, 1.6667E-01, 1.0167E+01,-3.3333E-01,
18:15:26.85927107, 2.0000E-01, 1.0133E+01,-3.3333E-01,
18:15:26.85927112, 1.6667E-01, 1.0067E+01,-3.3333E-01,
18:15:26.85927117, 2.0000E-01, 1.0167E+01, 3.3333E-01,
18:15:26.85927122, 1.3333E-01, 1.0167E+01,-6.6667E-01,
18:15:26.85927127, 1.0000E-01, 1.0133E+01,-1.3333E+00,
18:15:26.85927132, 1.0000E-01, 1.0200E+01, 0.0000E+00,
18:15:26.85927137, 1.0000E-01, 1.0133E+01,-3.3333E-01,
18:15:26.85927142, 1.3333E-01, 1.0167E+01, 0.0000E+00,
18:15:26.85927147, 2.0000E-01, 1.0100E+01,-3.3333E-01,
18:15:26.85927152, 1.0000E-01, 1.0133E+01, 0.0000E+00,
18:15:26.85927157, 1.0000E-01, 1.0233E+01,-3.3333E-01,
18:15:26.85927162, 1.6667E-01, 1.0100E+01,-3.3333E-01,
18:15:26.85927167, 1.3333E-01, 1.0100E+01, 3.3333E-01,
18:15:26.85927172, 1.6667E-01, 1.0200E+01, 0.0000E+00,
18:15:26.85927177, 1.6667E-01, 1.0133E+01, 0.0000E+00,
18:15:26.85927182, 1.3333E-01, 1.0100E+01, 6.6667E-01,
18:15:26.85927187, 1.6667E-01, 1.0200E+01, 3.3333E-01,
18:15:26.85927192, 2.0000E-01, 1.0133E+01, 0.0000E+00,
18:15:26.85927197, 2.0000E-01, 1.0133E+01,-3.3333E-01,
18:15:26.85927202, 1.6667E-01, 1.0100E+01,-6.6667E-01,
18:15:26.85927207, 1.3333E-01, 1.0100E+01, 3.3333E-01,
18:15:26.85927212, 1.3333E-01, 1.0200E+01, 0.0000E+00,
18:15:26.85927217, 1.0000E-01, 1.0167E+01,-3.3333E-01,
18:15:26.85927222, 2.0000E-01, 1.0100E+01,-6.6667E-01,
18:15:26.85927227, 1.3333E-01, 1.0133E+01, 0.0000E+00,
18:15:26.85927232, 1.3333E-01, 1.0100E+01, 0.0000E+00,
18:15:26.85927237, 1.3333E-01, 1.0267E+01,-6.6667E-01,
18:15:26.85927242, 1.3333E-01, 1.0100E+01, 3.3333E-01,
18:15:26.85927247, 1.6667E-01, 1.0133E+01, 3.3333E-01,
18:15:26.85927252, 2.0000E-01, 1.0100E+01,-3.3333E-01,
18:15:26.85927257, 1.0000E-01, 1.0167E+01, 0.0000E+00,
18:15:26.85927262, 1.6667E-01, 1.0167E+01, 3.3333E-01,
18:15:26.85927267, 1.3333E-01, 1.0133E+01, 0.0000E+00,
18:15:26.85927272, 1.6667E-01, 1.0100E+01,-6.6667E-01,
18:15:26.85927277, 1.6667E-01, 1.0133E+01,-1.3333E+00,
18:15:26.85927282, 1.3333E-01, 1.0233E+01,-3.3333E-01,
18:15:26.85927287, 1.3333E-01, 1.0133E+01, 3.3333E-01,
18:15:26.85927292, 1.6667E-01, 1.0100E+01,-6.6667E-01,
18:15:26.85927297, 1.3333E-01, 1.0133E+01, 3.3333E-01,
18:15:26.85927302, 1.3333E-01, 1.0133E+01, 6.6667E-01,
18:15:26.85927307, 1.0000E-01, 1.0100E+01,-6.6667E-01,
18:15:26.85927312, 1.6667E-01, 1.0167E+01, 0.0000E+00,
18:15:26.85927317, 1.0000E-01, 1.0233E+01,-6.6667E-01,
18:15:26.85927322, 2.0000E-01, 1.0133E+01, 0.0000E+00,
18:15:26.85927327, 1.3333E-01, 1.0133E+01,-6.6667E-01,
18:15:26.85927332, 1.3333E-01, 1.0167E+01, 0.0000E+00,
18:15:26.85927337, 1.3333E-01, 1.0100E+01,-6.6667E-01,
18:15:26.85927342, 1.0000E-01, 1.0100E+01, 3.3333E-01,
18:15:26.85927347, 1.3333E-01, 1.0133E+01,-3.3333E-01,
18:15:26.85927352, 1.3333E-01, 1.0133E+01,-6.6667E-01,
18:15:26.85927357, 2.0000E-01, 1.0167E+01,-6.6667E-01,
18:15:26.85927362, 1.6667E-01, 1.0100E+01,-6.6667E-01,
18:15:26.85927367, 1.0000E-01, 1.0133E+01, 0.0000E+00,
18:15:26.85927372, 1.3333E-01, 1.0100E+01, 3.3333E-01,
18:15:26.85927377, 1.3333E-01, 1.0100E+01, 6.6667E-01,
18:15:26.85927382, 2.0000E-01, 1.0100E+01, 0.0000E+00,
18:15:26.85927387, 1.3333E-01, 1.0133E+01, 6.6667E-01,
18:15:26.85927392, 1.6667E-01, 1.0167E+01,-6.6667E-01,
18:15:26.85927397, 2.0000E-01, 1.0100E+01,-3.3333E-01,
18:15:26.85927402, 2.0000E-01, 1.0167E+01,-6.6667E-01,
18:15:26.85927407, 1.6667E-01, 1.0100E+01, 3.3333E-01,
18:15:26.85927412, 1.3333E-01, 1.0100E+01,-6.6667E-01,
18:15:26.85927417, 1.6667E-01, 1.0100E+01, 0.0000E+00,
18:15:26.85927422, 1.0000E-01, 1.0167E+01,-3.3333E-01,
18:15:26.85927427, 1.3333E-01, 1.0133E+01,-3.3333E-01,
18:15:26.85927432, 1.3333E-01, 1.0133E+01, 3.3333E-01,
18:15:26.85927437, 1.6667E-01, 1.0133E+01,-6.6667E-01,
18:15:26.85927442, 1.3333E-01, 1.0167E+01,-3.3333E-01,
18:15:26.85927447, 1.6667E-01, 1.0133E+01,-3.3333E-01,
18:15:26.85927452, 1.6667E-01, 1.0100E+01, 0.0000E+00,
18:15:26.85927457, 1.0000E-01, 1.0133E+01,-1.0000E+00,
18:15:26.85927462, 1.3333E-01, 1.0233E+01,-6.6667E-01,
18:15:26.85927467, 1.3333E-01, 1.0133E+01, 0.0000E+00,
18:15:26.85927472, 1.6667E-01, 1.0167E+01, 0.0000E+00,
18:15:26.85927477, 2.0000E-01, 1.0200E+01,-3.3333E-01,
18:15:26.85927482, 1.6667E-01, 1.0100E+01, 0.0000E+00,
18:15:26.85927487, 1.6667E-01, 1.0200E+01, 0.0000E+00,
18:15:26.85927492, 1.3333E-01, 1.0200E+01,-3.3333E-01,
18:15:26.85927497, 1.3333E-01, 1.0100E+01,-3.3333E-01,
18:15:26.85927502, 1.6667E-01, 1.0100E+01, 3.3333E-01,
18:15:26.85927507, 1.3333E-01, 1.0233E+01, 0.0000E+00,
18:15:26.85927512, 1.6667E-01, 1.0167E+01,-6.6667E-01,
18:15:26.85927517, 6.6667E-02, 1.0167E+01,-3.3333E-01,
18:15:26.85927522, 1.6667E-01, 1.0100E+01,-3.3333E-01,
18:15:26.85927527, 1.6667E-01, 1.0167E+01, 3.3333E-01,
18:15:26.85927532, 1.3333E-01, 1.0100E+01, 0.0000E+00,
18:15:26.85927537, 1.3333E-01, 1.0200E+01, 0.0000E+00,
18:15:26.85927542, 1.3333E-01, 1.0133E+01, 0.0000E+00,
18:15:26.85927547, 1.6667E-01, 1.0200E+01, 0.0000E+00,
18:15:26.85927552, 1.0000E-01, 1.0133E+01, 0.0000E+00,
18:15:26.85927557, 1.6667E-01, 1.0100E+01, 0.0000E+00,
18:15:26.85927562, 1.3333E-01, 1.0133E+01, 3.3333E-01,
18:15:26.85927567, 1.0000E-01, 1.0233E+01,-6.6667E-01,
18:15:26.85927572, 1.6667E-01, 1.0133E+01,-3.3333E-01,
18:15:26.85927577, 1.6667E-01, 1.0100E+01,-3.3333E-01,
18:15:26.85927582, 1.0000E-01, 1.0100E+01,-6.6667E-01,
18:15:26.85927587, 1.6667E-01, 1.0133E+01, 3.3333E-01,
18:15:26.85927592, 1.0000E-01, 1.0133E+01,-3.3333E-01,
18:15:26.85927597, 6.6667E-02, 1.0100E+01, 0.0000E+00,
18:15:26.85927602, 1.0000E-01, 1.0200E+01,-6.6667E-01,
18:15:26.85927607, 1.0000E-01, 1.0200E+01, 0.0000E+00,
18:15:26.85927612, 1.6667E-01, 1.0100E+01, 0.0000E+00,
18:15:26.85927617, 1.6667E-01, 1.0167E+01,-3.3333E-01,
18:15:26.85927622, 1.6667E-01, 1.0133E+01, 6.6667E-01,
18:15:26.85927627, 1.6667E-01, 1.0100E+01, 3.3333E-01,
18:15:26.85927632, 1.3333E-01, 1.0200E+01, 0.0000E+00,
18:15:26.85927637, 1.3333E-01, 1.0133E+01,-3.3333E-01,
18:15:26.85927642, 1.0000E-01, 1.0200E+01,-3.3333E-01,
18:15:26.85927647, 1.3333E-01, 1.0133E+01, 3.3333E-01,
18:15:26.85927652, 1.0000E-01, 1.0100E+01, 0.0000E+00,
18:15:26.85927657, 2.0000E-01, 1.0133E+01, 0.0000E+00,
18:15:26.85927662, 1.6667E-01, 1.0167E+01,-3.3333E-01,
18:15:26.85927667, 1.3333E-01, 1.0133E+01,-6.6667E-01,
18:15:26.85927672, 1.0000E-01, 1.0200E+01,-3.3333E-01,
18:15:26.85927677, 1.3333E-01, 1.0167E+01,-3.3333E-01,
18:15:26.85927682, 1.3333E-01, 1.0067E+01,-6.6667E-01,
18:15:26.85927687, 1.0000E-01, 1.0167E+01, 0.0000E+00,
18:15:26.85927692, 1.6667E-01, 1.0133E+01, 0.0000E+00,
18:15:26.85927697, 1.3333E-01, 1.0167E+01,-1.0000E+00,
18:15:26.85927702, 6.6667E-02, 1.0200E+01, 0.0000E+00,
18:15:26.85927707, 1.3333E-01, 1.0100E+01,-6.6667E-01,
18:15:26.85927712, 1.0000E-01, 1.0067E+01,-3.3333E-01,
18:15:26.85927717, 1.3333E-01, 1.0200E+01,-6.6667E-01,
18:15:26.85927722, 6.6667E-02, 1.0233E+01, 3.3333E-01,
18:15:26.85927727, 1.0000E-01, 1.0133E+01,-3.3333E-01,
18:15:26.85927732, 1.3333E-01, 1.0100E+01, 0.0000E+00,
18:15:26.85927737, 6.6667E-02, 1.0100E+01, 0.0000E+00,
18:15:26.85927742, 1.3333E-01, 1.0100E+01, 0.0000E+00,
18:15:26.85927747, 6.6667E-02, 1.0167E+01,-3.3333E-01,
18:15:26.85927752, 1.3333E-01, 1.0133E+01, 0.0000E+00,
18:15:26.85927757, 1.3333E-01, 1.0233E+01, 0.0000E+00,
18:15:26.85927762, 2.0000E-01, 1.0200E+01, 0.0000E+00,
18:15:26.85927767, 1.3333E-01, 1.0100E+01, 0.0000E+00,
18:15:26.85927772, 1.3333E-01, 1.0100E+01,-3.3333E-01,
18:15:26.85927777, 2.0000E-01, 1.0100E+01, 3.3333E-01,
18:15:26.85927782, 1.6667E-01, 1.0133E+01,-6.6667E-01,
18:15:26.85927787, 1.0000E-01, 1.0100E+01, 0.0000E+00,
18:15:26.85927792, 1.0000E-01, 1.0133E+01, 0.0000E+00,
18:15:26.85927797, 2.0000E-01, 1.0133E+01,-3.3333E-01,
18:15:26.85927802, 1.3333E-01, 1.0167E+01,-3.3333E-01,
18:15:26.85927807, 1.3333E-01, 1.0200E+01,-3.3333E-01,
18:15:26.85927812, 1.3333E-01, 1.0133E+01, 0.0000E+00,
18:15:26.85927817, 1.3333E-01, 1.0100E+01, 3.3333E-01,
18:15:26.85927822, 1.6667E-01, 1.0133E+01, 3.3333E-01,
18:15:26.85927827, 1.6667E-01, 1.0167E+01, 0.0000E+00,
18:15:26.85927832, 1.3333E-01, 1.0100E+01,-3.3333E-01,
18:15:26.85927837, 1.3333E-01, 1.0100E+01, 6.6667E-01,
18:15:26.85927842, 1.6667E-01, 1.0133E+01,-3.3333E-01,
18:15:26.85927847, 1.0000E-01, 1.0100E+01,-6.6667E-01,
18:15:26.85927852, 1.0000E-01, 1.0167E+01,-1.0000E+00,
18:15:26.85927857, 1.0000E-01, 1.0133E+01, 0.0000E+00,
18:15:26.85927862, 1.0000E-01, 1.0100E+01, 3.3333E-01,
18:15:26.85927867, 2.0000E-01, 1.0200E+01,-3.3333E-01,
18:15:26.85927872, 1.3333E-01, 1.0167E+01,-1.0000E+00,
18:15:26.85927877, 1.3333E-01, 1.0167E+01,-3.3333E-01,
18:15:26.85927882, 6.6667E-02, 1.0167E+01, 0.0000E+00,
18:15:26.85927887, 1.0000E-01, 1.0133E+01,-3.3333E-01,
18:15:26.85927892, 6.6667E-02, 1.0200E+01, 0.0000E+00,
18:15:26.85927897, 1.3333E-01, 1.0233E+01,-3.3333E-01,
18:15:26.85927902, 1.6667E-01, 1.0167E+01, 6.6667E-01,
18:15:26.85927907, 6.6667E-02, 1.0200E+01, 0.0000E+00,
18:15:26.85927912, 1.3333E-01, 1.0100E+01, 0.0000E+00,
18:15:26.85927917, 1.3333E-01, 1.0133E+01, 0.0000E+00,
18:15:26.85927922, 1.3333E-01, 1.0167E+01,-6.6667E-01,
18:15:26.85927927, 2.0000E-01, 1.0167E+01,-3.3333E-01,
18:15:26.85927932, 1.3333E-01, 1.0100E+01,-3.3333E-01,
18:15:26.85927937, 1.3333E-01, 1.0167E+01, 3.3333E-01,
18:15:26.85927942, 1.3333E-01, 1.0200E+01, 3.3333E-01,
18:15:26.85927947, 6.6667E-02, 1.0100E+01,-6.6667E-01,
18:15:26.85927952, 1.3333E-01, 1.0100E+01,-6.6667E-01,
18:15:26.85927957, 6.6667E-02, 1.0167E+01, 0.0000E+00,
18:15:26.85927962, 2.0000E-01, 1.0133E+01,-3.3333E-01,
18:15:26.85927967, 1.3333E-01, 1.0133E+01,-3.3333E-01,
18:15:26.85927972, 6.6667E-02, 1.0133E+01,-3.3333E-01,
18:15:26.85927977, 1.6667E-01, 1.0133E+01,-3.3333E-01,
18:15:26.85927982, 1.3333E-01, 1.0100E+01,-6.6667E-01,
18:15:26.85927987, 1.0000E-01, 1.0100E+01, 0.0000E+00,
18:15:26.85927992, 6.6667E-02, 1.0133E+01, 0.0000E+00,
18:15:26.85927997, 6.6667E-02, 1.0100E+01,-1.0000E+00,
18:15:26.85928002, 1.6667E-01, 1.0100E+01,-6.6667E-01,
18:15:26.85928007, 6.6667E-02, 1.0100E+01, 3.3333E-01,
18:15:26.85928012, 1.3333E-01, 1.0133E+01,-3.3333E-01,
18:15:26.85928017, 1.3333E-01, 1.0100E+01,-3.3333E-01,
18:15:26.85928022, 1.0000E-01, 1.0133E+01,-3.3333E-01,
18:15:26.85928027, 2.0000E-01, 1.0233E+01,-1.0000E+00,
18:15:26.85928032, 1.3333E-01, 1.0100E+01,-6.6667E-01,
18:15:26.85928037, 1.6667E-01, 1.0133E+01, 3.3333E-01,
18:15:26.85928042, 1.3333E-01, 1.0133E+01, 0.0000E+00,
18:15:26.85928047, 1.3333E-01, 1.0167E+01,-6.6667E-01,
18:15:26.85928052, 1.6667E-01, 1.0167E+01, 3.3333E-01,
18:15:26.85928057, 1.3333E-01, 1.0100E+01,-6.6667E-01,
18:15:26.85928062, 1.0000E-01, 1.0167E+01, 0.0000E+00,
18:15:26.85928067, 1.0000E-01, 1.0133E+01,-6.6667E-01,
18:15:26.85928072, 1.6667E-01, 1.0133E+01, 0.0000E+00,
18:15:26.85928077, 1.3333E-01, 1.0133E+01, 0.0000E+00,
18:15:26.85928082, 1.3333E-01, 1.0133E+01,-3.3333E-01,
18:15:26.85928087, 1.3333E-01, 1.0133E+01, 3.3333E-01,
18:15:26.85928092, 6.6667E-02, 1.0133E+01, 3.3333E-01,
18:15:26.85928097, 1.3333E-01, 1.0100E+01,-3.3333E-01,
18:15:26.85928102, 1.3333E-01, 1.0133E+01, 3.3333E-01,
18:15:26.85928107, 2.0000E-01, 1.0167E+01, 3.3333E-01,
18:15:26.85928112, 1.3333E-01, 1.0067E+01, 3.3333E-01,
18:15:26.85928117, 1.0000E-01, 1.0167E+01, 3.3333E-01,
18:15:26.85928122, 6.6667E-02, 1.0167E+01, 0.0000E+00,
18:15:26.85928127, 1.0000E-01, 1.0100E+01,-3.3333E-01,
18:15:26.85928132, 1.0000E-01, 1.0133E+01,-6.6667E-01,
18:15:26.85928137, 1.0000E-01, 1.0133E+01,-6.6667E-01,
18:15:26.85928142, 1.3333E-01, 1.0233E+01,-3.3333E-01,
18:15:26.85928147, 1.0000E-01, 1.0100E+01,-3.3333E-01,
18:15:26.85928152, 1.6667E-01, 1.0167E+01, 3.3333E-01,
18:15:26.85928157, 1.3333E-01, 1.0200E+01, 3.3333E-01,
18:15:26.85928162, 1.0000E-01, 1.0133E+01,-3.3333E-01,
18:15:26.85928167, 1.3333E-01, 1.0200E+01, 3.3333E-01,
18:15:26.85928172, 6.6667E-02, 1.0100E+01,-3.3333E-01,
18:15:26.85928177, 6.6667E-02, 1.0100E+01, 0.0000E+00,
18:15:26.85928182, 1.0000E-01, 1.0133E+01, 0.0000E+00,
18:15:26.85928187, 1.3333E-01, 1.0133E+01,-3.3333E-01,
18:15:26.85928192, 6.6667E-02, 1.0100E+01,-6.6667E-01,
18:15:26.85928197, 3.3333E-02, 1.0133E+01, 0.0000E+00,
18:15:26.85928202, 1.6667E-01, 1.0167E+01,-3.3333E-01,
18:15:26.85928207, 1.6667E-01, 1.0100E+01,-3.3333E-01,
18:15:26.85928212, 1.0000E-01, 1.0100E+01,-3.3333E-01,
18:15:26.85928217, 6.6667E-02, 1.0133E+01,-6.6667E-01,
18:15:26.85928222, 1.6667E-01, 1.0133E+01, 0.0000E+00,
18:15:26.85928227, 1.3333E-01, 1.0133E+01,-1.0000E+00,
18:15:26.85928232, 6.6667E-02, 1.0100E+01,-6.6667E-01,
18:15:26.85928237, 1.0000E-01, 1.0100E+01, 0.0000E+00,
18:15:26.85928242, 1.0000E-01, 1.0167E+01, 6.6667E-01,
18:15:26.85928247, 1.3333E-01, 1.0133E+01, 0.0000E+00,
18:15:26.85928252, 6.6667E-02, 1.0200E+01,-3.3333E-01,
18:15:26.85928257, 1.3333E-01, 1.0200E+01,-6.6667E-01,
18:15:26.85928262, 3.3333E-02, 1.0133E+01, 0.0000E+00,
18:15:26.85928267, 1.0000E-01, 1.0233E+01, 0.0000E+00,
18:15:26.85928272, 6.6667E-02, 1.0133E+01,-6.6667E-01,
18:15:26.85928277, 1.0000E-01, 1.0133E+01,-3.3333E-01,
18:15:26.85928282, 6.6667E-02, 1.0133E+01, 0.0000E+00,
18:15:26.85928287, 1.6667E-01, 1.0167E+01, 3.3333E-01,
18:15:26.85928292, 6.6667E-02, 1.0167E+01,-1.0000E+00,
18:15:26.85928297, 6.6667E-02, 1.0100E+01,-6.6667E-01,
18:15:26.85928302, 1.3333E-01, 1.0200E+01, 0.0000E+00,
18:15:26.85928307, 6.6667E-02, 1.0133E+01,-3.3333E-01,
18:15:26.85928312, 1.6667E-01, 1.0167E+01, 3.3333E-01,
18:15:26.85928317, 6.6667E-02, 1.0100E+01, 0.0000E+00,
18:15:26.85928322, 6.6667E-02, 1.0167E+01,-6.6667E-01,
18:15:26.85928327, 1.3333E-01, 1.0133E+01, 3.3333E-01,
18:15:26.85928332, 3.3333E-02, 1.0100E+01, 0.0000E+00,
18:15:26.85928337, 3.3333E-02, 1.0133E+01, 0.0000E+00,
18:15:26.85928342, 6.6667E-02, 1.0133E+01, 0.0000E+00,
18:15:26.85928347, 1.0000E-01, 1.0167E+01, 3.3333E-01,
18:15:26.85928352, 3.3333E-02, 1.0200E+01,-6.6667E-01,
18:15:26.85928357, 0.0000E+00, 1.0100E+01, 0.0000E+00,
18:15:26.85928362, 3.3333E-02, 1.0233E+01,-3.3333E-01,
18:15:26.85928367, 6.6667E-02, 1.0200E+01,-3.3333E-01,
18:15:26.85928372, 6.6667E-02, 1.0200E+01,-3.3333E-01,
18:15:26.85928377, 1.0000E-01, 1.0133E+01,-6.6667E-01,
18:15:26.85928382, 2.0000E-01, 1.0167E+01, 0.0000E+00,
18:15:26.85928387, 1.6667E-01, 1.0133E+01,-1.3333E+00,
18:15:26.85928392, 1.6667E-01, 1.0133E+01, 0.0000E+00,
18:15:26.85928397, 1.3333E-01, 1.0167E+01, 3.3333E-01,
18:15:26.85928402, 1.0000E-01, 1.0100E+01, 3.3333E-01,
18:15:26.85928407, 1.0000E-01, 1.0167E+01,-6.6667E-01,
18:15:26.85928412, 1.0000E-01, 1.0167E+01, 3.3333E-01,
18:15:26.85928417, 1.3333E-01, 1.0167E+01, 3.3333E-01,
18:15:26.85928422, 3.3333E-02, 1.0100E+01,-3.3333E-01,
18:15:26.85928427, 6.6667E-02, 1.0167E+01, 3.3333E-01,
18:15:26.85928432, 6.6667E-02, 1.0133E+01,-6.6667E-01,
18:15:26.85928437, 6.6667E-02, 1.0167E+01, 3.3333E-01,
18:15:26.85928442, 1.3333E-01, 1.0167E+01, 0.0000E+00,
18:15:26.85928447, 1.3333E-01, 1.0100E+01, 6.6667E-01,
18:15:26.85928452, 6.6667E-02, 1.0133E+01,-6.6667E-01,
18:15:26.85928457, 1.0000E-01, 1.0167E+01, 3.3333E-01,
18:15:26.85928462, 1.0000E-01, 1.0167E+01, 0.0000E+00,
18:15:26.85928467, 1.0000E-01, 1.0100E+01,-3.3333E-01,
18:15:26.85928472, 6.6667E-02, 1.0100E+01,-6.6667E-01,
18:15:26.85928477, 3.3333E-02, 1.0133E+01, 0.0000E+00,
18:15:26.85928482, 2.0000E-01, 1.0100E+01,-3.3333E-01,
18:15:26.85928487, 1.0000E-01, 1.0167E+01,-1.0000E+00,
18:15:26.85928492, 1.3333E-01, 1.0133E+01,-6.6667E-01,
18:15:26.85928497, 1.6667E-01, 1.0133E+01, 0.0000E+00,
18:15:26.85928502, 1.0000E-01, 1.0200E+01, 0.0000E+00,
18:15:26.85928507, 6.6667E-02, 1.0200E+01,-3.3333E-01,
18:15:26.85928512, 1.0000E-01, 1.0133E+01, 6.6667E-01,
18:15:26.85928517, 1.6667E-01, 1.0133E+01, 0.0000E+00,
18:15:26.85928522, 1.0000E-01, 1.0167E+01,-3.3333E-01,
18:15:26.85928527, 1.0000E-01, 1.0167E+01, 0.0000E+00,
18:15:26.85928532, 1.0000E-01, 1.0100E+01, 0.0000E+00,
18:15:26.85928537, 1.3333E-01, 1.0100E+01,-3.3333E-01,
18:15:26.85928542, 1.0000E-01, 1.0200E+01, 0.0000E+00,
18:15:26.85928547, 1.3333E-01, 1.0167E+01, 0.0000E+00,
18:15:26.85928552, 1.0000E-01, 1.0200E+01, 0.0000E+00,
18:15:26.85928557, 6.6667E-02, 1.0167E+01, 0.0000E+00,
18:15:26.85928562, 1.0000E-01, 1.0200E+01, 0.0000E+00,
18:15:26.85928567, 1.6667E-01, 1.0167E+01, 0.0000E+00,
18:15:26.85928572, 1.0000E-01, 1.0100E+01, 0.0000E+00,
18:15:26.85928577, 1.3333E-01, 1.0200E+01,-3.3333E-01,
18:15:26.85928582, 6.6667E-02, 1.0100E+01,-3.3333E-01,
18:15:26.85928587, 1.3333E-01, 1.0133E+01,-3.3333E-01,
18:15:26.85928592, 1.0000E-01, 1.0133E+01,-1.0000E+00,
18:15:26.85928597, 3.3333E-02, 1.0133E+01, 6.6667E-01,
18:15:26.85928602, 1.3333E-01, 1.0100E+01, 0.0000E+00,
18:15:26.85928607, 6.6667E-02, 1.0167E+01, 0.0000E+00,
18:15:26.85928612, 6.6667E-02, 1.0133E+01, 0.0000E+00,
18:15:26.85928617, 1.0000E-01, 1.0200E+01, 0.0000E+00,
18:15:26.85928622, 1.0000E-01, 1.0167E+01, 6.6667E-01,
18:15:26.85928627, 6.6667E-02, 1.0100E+01, 1.0000E+00,
18:15:26.85928632, 1.0000E-01, 1.0167E+01,-3.3333E-01,
18:15:26.85928637, 6.6667E-02, 1.0167E+01,-6.6667E-01,
18:15:26.85928642, 6.6667E-02, 1.0133E+01, 3.3333E-01,
18:15:26.85928647, 1.0000E-01, 1.0100E+01,-3.3333E-01,
18:15:26.85928652, 1.0000E-01, 1.0167E+01,-3.3333E-01,
18:15:26.85928657, 1.3333E-01, 1.0100E+01,-3.3333E-01,
18:15:26.85928662, 1.6667E-01, 1.0167E+01, 0.0000E+00,
18:15:26.85928667, 1.0000E-01, 1.0167E+01, 0.0000E+00,
18:15:26.85928672, 1.0000E-01, 1.0100E+01,-6.6667E-01,
18:15:26.85928677, 1.0000E-01, 1.0167E+01, 0.0000E+00,
18:15:26.85928682, 1.0000E-01, 1.0133E+01, 0.0000E+00,
18:15:26.85928687, 1.0000E-01, 1.0167E+01, 3.3333E-01,
18:15:26.85928692, 1.3333E-01, 1.0133E+01, 0.0000E+00,
18:15:26.85928697, 6.6667E-02, 1.0167E+01, 0.0000E+00,
18:15:26.85928702, 6.6667E-02, 1.0167E+01, 0.0000E+00,
18:15:26.85928707, 1.0000E-01, 1.0167E+01,-6.6667E-01,
18:15:26.85928712, 1.3333E-01, 1.0200E+01,-3.3333E-01,
18:15:26.85928717, 1.0000E-01, 1.0100E+01,-3.3333E-01,
18:15:26.85928722, 6.6667E-02, 1.0133E+01, 0.0000E+00,
18:15:26.85928727, 6.6667E-02, 1.0100E+01, 0.0000E+00,
18:15:26.85928732, 3.3333E-02, 1.0133E+01,-3.3333E-01,
18:15:26.85928737, 6.6667E-02, 1.0167E+01,-3.3333E-01,
18:15:26.85928742, 1.3333E-01, 1.0133E+01,-3.3333E-01,
18:15:26.85928747, 1.0000E-01, 1.0167E+01, 3.3333E-01,
18:15:26.85928752, 1.0000E-01, 1.0167E+01,-6.6667E-01,
18:15:26.85928757, 1.0000E-01, 1.0100E+01, 0.0000E+00,
18:15:26.85928762, 1.0000E-01, 1.0100E+01, 0.0000E+00,
18:15:26.85928767, 1.0000E-01, 1.0200E+01, 0.0000E+00,
18:15:26.85928772, 1.3333E-01, 1.0200E+01,-3.3333E-01,
18:15:26.85928777, 6.6667E-02, 1.0133E+01,-6.6667E-01,
18:15:26.85928782, 6.6667E-02, 1.0167E+01,-1.0000E+00,
18:15:26.85928787, 1.3333E-01, 1.0100E+01,-3.3333E-01,
18:15:26.85928792, 6.6667E-02, 1.0100E+01,-3.3333E-01,
18:15:26.85928797, 1.3333E-01, 1.0167E+01, 0.0000E+00,
18:15:26.85928802, 1.0000E-01, 1.0167E+01, 0.0000E+00,
18:15:26.85928807, 1.3333E-01, 1.0200E+01, 0.0000E+00,
18:15:26.85928812, 1.3333E-01, 1.0100E+01,-3.3333E-01,
18:15:26.85928817, 6.6667E-02, 1.0133E+01, 0.0000E+00,
18:15:26.85928822, 1.0000E-01, 1.0100E+01,-3.3333E-01,
18:15:26.85928827, 1.6667E-01, 1.0167E+01, 0.0000E+00,
18:15:26.85928832, 1.0000E-01, 1.0133E+01, 6.6667E-01,
18:15:26.85928837, 3.3333E-02, 1.0167E+01, 0.0000E+00,
18:15:26.85928842, 6.6667E-02, 1.0100E+01,-3.3333E-01,
18:15:26.85928847, 3.3333E-02, 1.0200E+01,-3.3333E-01,
18:15:26.85928852, 6.6667E-02, 1.0167E+01, 6.6667E-01,
18:15:26.85928857, 1.6667E-01, 1.0133E+01, 0.0000E+00,
18:15:26.85928862, 1.0000E-01, 1.0167E+01, 0.0000E+00,
18:15:26.85928867, 6.6667E-02, 1.0133E+01,-3.3333E-01,
18:15:26.85928872, 6.6667E-02, 1.0133E+01, 6.6667E-01,
18:15:26.85928877, 1.3333E-01, 1.0133E+01, 0.0000E+00,
18:15:26.85928882, 1.0000E-01, 1.0133E+01, 0.0000E+00,
18:15:26.85928887, 6.6667E-02, 1.0133E+01, 6.6667E-01,
18:15:26.85928892, 1.0000E-01, 1.0100E+01,-3.3333E-01,
18:15:26.85928897, 6.6667E-02, 1.0133E+01,-3.3333E-01,
18:15:26.85928902, 0.0000E+00, 1.0133E+01, 0.0000E+00,
18:15:26.85928907, 3.3333E-02, 1.0100E+01, 0.0000E+00,
18:15:26.85928912, 6.6667E-02, 1.0200E+01,-6.6667E-01,
18:15:26.85928917, 1.0000E-01, 1.0133E+01, 0.0000E+00,
18:15:26.85928922, 1.0000E-01, 1.0167E+01, 3.3333E-01,
18:15:26.85928927, 1.3333E-01, 1.0167E+01, 0.0000E+00,
18:15:26.85928932, 1.6667E-01, 1.0167E+01,-6.6667E-01,
18:15:26.85928937, 1.0000E-01, 1.0233E+01,-3.3333E-01,
18:15:26.85928942, 6.6667E-02, 1.0167E+01,-6.6667E-01,
18:15:26.85928947, 1.0000E-01, 1.0100E+01, 0.0000E+00,
18:15:26.85928952, 6.6667E-02, 1.0167E+01, 3.3333E-01,
18:15:26.85928957, 1.0000E-01, 1.0133E+01, 0.0000E+00,
18:15:26.85928962, 1.0000E-01, 1.0167E+01,-3.3333E-01,
18:15:26.85928967, 1.0000E-01, 1.0133E+01, 3.3333E-01,
18:15:26.85928972, 1.0000E-01, 1.0100E+01,-6.6667E-01,
18:15:26.85928977, 1.0000E-01, 1.0100E+01,-3.3333E-01,
18:15:26.85928982, 1.0000E-01, 1.0100E+01,-3.3333E-01,
18:15:26.85928987, 6.6667E-02, 1.0167E+01,-3.3333E-01,
18:15:26.85928992, 6.6667E-02, 1.0100E+01, 0.0000E+00,
18:15:26.85928997, 6.6667E-02, 1.0100E+01, 0.0000E+00,
18:15:26.85929002, 3.3333E-02, 1.0167E+01, 3.3333E-01,
18:15:26.85929007, 1.3333E-01, 1.0167E+01,-3.3333E-01,
18:15:26.85929012, 1.3333E-01, 1.0133E+01,-3.3333E-01,
18:15:26.85929017, 3.3333E-02, 1.0133E+01, 0.0000E+00,
18:15:26.85929022, 1.0000E-01, 1.0100E+01,-3.3333E-01,
18:15:26.85929027, 1.6667E-01, 1.0167E+01,-3.3333E-01,
18:15:26.85929032, 1.3333E-01, 1.0133E+01, 3.3333E-01,
18:15:26.85929037, 1.0000E-01, 1.0233E+01, 0.0000E+00,
18:15:26.85929042, 3.3333E-02, 1.0133E+01,-3.3333E-01,
18:15:26.85929047, 1.3333E-01, 1.0133E+01,-3.3333E-01,
18:15:26.85929052, 1.3333E-01, 1.0100E+01,-3.3333E-01,
18:15:26.85929057, 6.6667E-02, 1.0100E+01, 0.0000E+00,
18:15:26.85929062, 1.0000E-01, 1.0100E+01,-3.3333E-01,
18:15:26.85929067, 1.3333E-01, 1.0133E+01,-3.3333E-01,
18:15:26.85929072, 6.6667E-02, 1.0167E+01, 0.0000E+00,
18:15:26.85929077, 1.3333E-01, 1.0133E+01,-3.3333E-01,
18:15:26.85929082, 6.6667E-02, 1.0133E+01, 3.3333E-01,
18:15:26.85929087, 0.0000E+00, 1.0133E+01,-3.3333E-01,
18:15:26.85929092, 1.6667E-01, 1.0167E+01, 1.0000E+00,
18:15:26.85929097, 1.3333E-01, 1.0200E+01,-3.3333E-01,
18:15:26.85929102, 3.3333E-02, 1.0100E+01, 6.6667E-01,
18:15:26.85929107, 3.3333E-02, 1.0167E+01, 3.3333E-01,
18:15:26.85929112, 3.3333E-02, 1.0167E+01, 0.0000E+00,
18:15:26.85929117, 6.6667E-02, 1.0167E+01, 0.0000E+00,
18:15:26.85929122, 1.0000E-01, 1.0167E+01, 0.0000E+00,
18:15:26.85929127, 1.0000E-01, 1.0133E+01,-6.6667E-01,
18:15:26.85929132, 6.6667E-02, 1.0200E+01, 3.3333E-01,
18:15:26.85929137, 6.6667E-02, 1.0200E+01,-3.3333E-01,
18:15:26.85929142, 1.0000E-01, 1.0100E+01,-3.3333E-01,
18:15:26.85929147, 1.0000E-01, 1.0133E+01,-3.3333E-01,
18:15:26.85929152, 6.6667E-02, 1.0133E+01,-3.3333E-01,
18:15:26.85929157, 6.6667E-02, 1.0133E+01,-1.0000E+00,
18:15:26.85929162, 3.3333E-02, 1.0233E+01,-1.6667E+00,
18:15:26.85929167, 1.0000E-01, 1.0100E+01, 0.0000E+00,
18:15:26.85929172, 6.6667E-02, 1.0167E+01, 0.0000E+00,
18:15:26.85929177, 1.0000E-01, 1.0133E+01,-6.6667E-01,
18:15:26.85929182, 6.6667E-02, 1.0167E+01,-3.3333E-01,
18:15:26.85929187, 0.0000E+00, 1.0167E+01, 0.0000E+00,
18:15:26.85929192, 1.0000E-01, 1.0167E+01, 3.3333E-01,
18:15:26.85929197, 3.3333E-02, 1.0167E+01,-3.3333E-01,
18:15:26.85929202, 6.6667E-02, 1.0100E+01,-3.3333E-01,
18:15:26.85929207, 1.3333E-01, 1.0133E+01,-3.3333E-01,
18:15:26.85929212, 1.6667E-01, 1.0133E+01, 0.0000E+00,
18:15:26.85929217, 1.3333E-01, 1.0233E+01, 0.0000E+00,
18:15:26.85929222, 6.6667E-02, 1.0167E+01,-3.3333E-01,
18:15:26.85929227, 3.3333E-02, 1.0167E+01,-1.0000E+00,
18:15:26.85929232, 3.3333E-02, 1.0167E+01,-3.3333E-01,
18:15:26.85929237, 1.0000E-01, 1.0133E+01, 3.3333E-01,
18:15:26.85929242, 1.3333E-01, 1.0167E+01, 0.0000E+00,
18:15:26.85929247, 6.6667E-02, 1.0133E+01, 3.3333E-01,
18:15:26.85929252, 6.6667E-02, 1.0133E+01, 0.0000E+00,
18:15:26.85929257, 1.6667E-01, 1.0133E+01, 6.6667E-01,
18:15:26.85929262, 6.6667E-02, 1.0167E+01, 3.3333E-01,
18:15:26.85929267, 1.6667E-01, 1.0133E+01,-3.3333E-01,
18:15:26.85929272, 1.3333E-01, 1.0167E+01,-3.3333E-01,
18:15:26.85929277, 1.0000E-01, 1.0100E+01,-1.0000E+00,
18:15:26.85929282, 6.6667E-02, 1.0167E+01, 0.0000E+00,
18:15:26.85929287, 6.6667E-02, 1.0167E+01, 6.6667E-01,
18:15:26.85929292, 3.3333E-02, 1.0133E+01,-6.6667E-01,
18:15:26.85929297, 6.6667E-02, 1.0167E+01,-3.3333E-01,
18:15:26.85929302, 1.0000E-01, 1.0200E+01, 6.6667E-01,
18:15:26.85929307, 1.0000E-01, 1.0133E+01,-3.3333E-01,
18:15:26.85929312, 3.3333E-02, 1.0133E+01,-6.6667E-01,
18:15:26.85929317, 6.6667E-02, 1.0133E+01,-3.3333E-01,
18:15:26.85929322, 6.6667E-02, 1.0167E+01, 0.0000E+00,
18:15:26.85929327, 3.3333E-02, 1.0167E+01,-3.3333E-01,
18:15:26.85929332, 6.6667E-02, 1.0200E+01, 0.0000E+00,
18:15:26.85929337, 6.6667E-02, 1.0100E+01,-6.6667E-01,
18:15:26.85929342, 6.6667E-02, 1.0133E+01, 0.0000E+00,
18:15:26.85929347, 1.0000E-01, 1.0200E+01,-6.6667E-01,
18:15:26.85929352, 6.6667E-02, 1.0133E+01,-3.3333E-01,
18:15:26.85929357, 1.0000E-01, 1.0100E+01,-6.6667E-01,
18:15:26.85929362, 1.3333E-01, 1.0167E+01, 0.0000E+00,
18:15:26.85929367, 1.0000E-01, 1.0133E+01, 0.0000E+00,
18:15:26.85929372, 2.0000E-01, 1.0167E+01, 0.0000E+00,
18:15:26.85929377, 1.0000E-01, 1.0100E+01,-3.3333E-01,
18:15:26.85929382, 1.3333E-01, 1.0133E+01, 0.0000E+00,
18:15:26.85929387, 1.0000E-01, 1.0100E+01, 3.3333E-01,
18:15:26.85929392, 6.6667E-02, 1.0167E+01, 3.3333E-01,
18:15:26.85929397, 6.6667E-02, 1.0133E+01,-3.3333E-01,
18:15:26.85929402, 6.6667E-02, 1.0133E+01,-1.0000E+00,
18:15:26.85929407, 1.0000E-01, 1.0100E+01, 0.0000E+00,
18:15:26.85929412, 6.6667E-02, 1.0133E+01,-1.0000E+00,
18:15:26.85929417,-3.3333E-02, 1.0133E+01, 0.0000E+00,
18:15:26.85929422, 3.3333E-02, 1.0100E+01, 3.3333E-01,
18:15:26.85929427, 1.0000E-01, 1.0167E+01, 3.3333E-01,
18:15:26.85929432, 0.0000E+00, 1.0167E+01,-1.0000E+00,
18:15:26.85929437, 6.6667E-02, 1.0100E+01,-3.3333E-01,
18:15:26.85929442, 1.3333E-01, 1.0100E+01,-6.6667E-01,
18:15:26.85929447, 0.0000E+00, 1.0167E+01,-3.3333E-01,
18:15:26.85929452, 3.3333E-02, 1.0233E+01, 3.3333E-01,
18:15:26.85929457,-3.3333E-02, 1.0167E+01, 0.0000E+00,
18:15:26.85929462, 1.3333E-01, 1.0100E+01,-3.3333E-01,
18:15:26.85929467, 3.3333E-02, 1.0100E+01,-6.6667E-01,
18:15:26.85929472, 1.0000E-01, 1.0100E+01, 3.3333E-01,
18:15:26.85929477, 6.6667E-02, 1.0200E+01,-3.3333E-01,
18:15:26.85929482, 1.0000E-01, 1.0100E+01,-3.3333E-01,
18:15:26.85929487, 6.6667E-02, 1.0200E+01, 0.0000E+00,
18:15:26.85929492, 1.0000E-01, 1.0133E+01,-6.6667E-01,
18:15:26.85929497, 1.6667E-01, 1.0133E+01, 0.0000E+00,
18:15:26.85929502, 1.3333E-01, 1.0167E+01,-6.6667E-01,
18:15:26.85929507, 1.0000E-01, 1.0200E+01, 3.3333E-01,
18:15:26.85929512, 1.0000E-01, 1.0167E+01,-3.3333E-01,
18:15:26.85929517, 0.0000E+00, 1.0167E+01, 0.0000E+00,
18:15:26.85929522, 6.6667E-02, 1.0133E+01,-3.3333E-01,
18:15:26.85929527, 1.0000E-01, 1.0133E+01,-3.3333E-01,
18:15:26.85929532, 6.6667E-02, 1.0133E+01, 0.0000E+00,
18:15:26.85929537, 3.3333E-02, 1.0100E+01,-3.3333E-01,
18:15:26.85929542, 3.3333E-02, 1.0167E+01,-1.0000E+00,
18:15:26.85929547, 1.6667E-01, 1.0100E+01,-3.3333E-01,
18:15:26.85929552, 6.6667E-02, 1.0133E+01,-1.0000E+00,
18:15:26.85929557, 1.0000E-01, 1.0133E+01,-6.6667E-01,
18:15:26.85929562, 3.3333E-02, 1.0233E+01, 0.0000E+00,
18:15:26.85929567, 6.6667E-02, 1.0167E+01,-6.6667E-01,
18:15:26.85929572, 6.6667E-02, 1.0200E+01,-3.3333E-01,
18:15:26.85929577, 1.3333E-01, 1.0167E+01, 6.6667E-01,
18:15:26.85929582, 1.0000E-01, 1.0200E+01,-3.3333E-01,
18:15:26.85929587, 6.6667E-02, 1.0133E+01,-3.3333E-01,
18:15:26.85929592, 6.6667E-02, 1.0233E+01,-3.3333E-01,
18:15:26.85929597, 0.0000E+00, 1.0100E+01,-3.3333E-01,
18:15:26.85929602, 6.6667E-02, 1.0100E+01, 0.0000E+00,
18:15:26.85929607, 6.6667E-02, 1.0167E+01,-3.3333E-01,
18:15:26.85929612, 3.3333E-02, 1.0167E+01, 0.0000E+00,
18:15:26.85929617, 3.3333E-02, 1.0100E+01, 3.3333E-01,
18:15:26.85929622, 1.0000E-01, 1.0133E+01,-3.3333E-01,
18:15:26.85929627, 1.0000E-01, 1.0067E+01,-3.3333E-01,
18:15:26.85929632, 1.3333E-01, 1.0133E+01,-6.6667E-01,
18:15:26.85929637, 1.3333E-01, 1.0167E+01, 0.0000E+00,
18:15:26.85929642, 1.3333E-01, 1.0200E+01,-3.3333E-01,
18:15:26.85929647, 6.6667E-02, 1.0133E+01,-3.3333E-01,
18:15:26.85929652, 6.6667E-02, 1.0100E+01,-3.3333E-01,
18:15:26.85929657, 3.3333E-02, 1.0167E+01, 3.3333E-01,
18:15:26.85929662, 1.0000E-01, 1.0167E+01,-6.6667E-01,
18:15:26.85929667, 3.3333E-02, 1.0133E+01, 0.0000E+00,
18:15:26.85929672, 1.0000E-01, 1.0133E+01, 0.0000E+00,
18:15:26.85929677, 3.3333E-02, 1.0100E+01,-3.3333E-01,
18:15:26.85929682, 1.0000E-01, 1.0167E+01,-6.6667E-01,
18:15:26.85929687, 6.6667E-02, 1.0167E+01,-3.3333E-01,
18:15:26.85929692, 1.0000E-01, 1.0167E+01, 0.0000E+00,
18:15:26.85929697, 3.3333E-02, 1.0167E+01,-3.3333E-01,
18:15:26.85929702, 3.3333E-02, 1.0133E+01,-3.3333E-01,
18:15:26.85929707, 0.0000E+00, 1.0167E+01, 0.0000E+00,
18:15:26.85929712, 1.0000E-01, 1.0167E+01, 0.0000E+00,
18:15:26.85929717, 1.0000E-01, 1.0100E+01,-3.3333E-01,
18:15:26.85929722, 6.6667E-02, 1.0167E+01, 3.3333E-01,
18:15:26.85929727, 6.6667E-02, 1.0100E+01,-3.3333E-01,
18:15:26.85929732, 6.6667E-02, 1.0200E+01,-3.3333E-01,
18:15:26.85929737, 0.0000E+00, 1.0133E+01,-6.6667E-01,
18:15:26.85929742, 1.0000E-01, 1.0100E+01,-6.6667E-01,
18:15:26.85929747, 3.3333E-02, 1.0133E+01,-6.6667E-01,
18:15:26.85929752, 3.3333E-02, 1.0100E+01,-6.6667E-01,
18:15:26.85929757, 1.3333E-01, 1.0133E+01, 0.0000E+00,
18:15:26.85929762, 3.3333E-02, 1.0100E+01, 0.0000E+00,
18:15:26.85929767, 3.3333E-02, 1.0133E+01, 0.0000E+00,
18:15:26.85929772, 6.6667E-02, 1.0133E+01, 0.0000E+00,
18:15:26.85929777, 6.6667E-02, 1.0100E+01, 0.0000E+00,
18:15:26.85929782, 3.3333E-02, 1.0133E+01,-3.3333E-01,
18:15:26.85929787, 6.6667E-02, 1.0100E+01,-3.3333E-01,
18:15:26.85929792, 1.3333E-01, 1.0100E+01,-3.3333E-01,
18:15:26.85929797, 1.0000E-01, 1.0100E+01, 0.0000E+00,
18:15:26.85929802, 3.3333E-02, 1.0100E+01,-3.3333E-01,
18:15:26.85929807, 6.6667E-02, 1.0133E+01,-3.3333E-01,
18:15:26.85929812, 1.0000E-01, 1.0133E+01,-3.3333E-01,
18:15:26.85929817, 1.0000E-01, 1.0200E+01, 3.3333E-01,
18:15:26.85929822, 6.6667E-02, 1.0167E+01,-3.3333E-01,
18:15:26.85929827, 0.0000E+00, 1.0133E+01, 3.3333E-01,
18:15:26.85929832, 1.3333E-01, 1.0133E+01, 0.0000E+00,
18:15:26.85929837, 1.0000E-01, 1.0100E+01, 0.0000E+00,
18:15:26.85929842, 6.6667E-02, 1.0167E+01,-6.6667E-01,
18:15:26.85929847, 3.3333E-02, 1.0100E+01, 0.0000E+00,
18:15:26.85929852, 0.0000E+00, 1.0100E+01, 0.0000E+00,
18:15:26.85929857, 3.3333E-02, 1.0167E+01, 3.3333E-01,
18:15:26.85929862, 6.6667E-02, 1.0167E+01, 0.0000E+00,
18:15:26.85929867, 1.0000E-01, 1.0167E+01, 0.0000E+00,
18:15:26.85929872, 1.0000E-01, 1.0167E+01,-3.3333E-01,
18:15:26.85929877, 6.6667E-02, 1.0167E+01,-3.3333E-01,
18:15:26.85929882, 6.6667E-02, 1.0167E+01, 1.0000E+00,
18:15:26.85929887, 6.6667E-02, 1.0167E+01, 0.0000E+00,
18:15:26.85929892, 1.3333E-01, 1.0133E+01, 0.0000E+00,
18:15:26.85929897, 3.3333E-02, 1.0167E+01,-3.3333E-01,
18:15:26.85929902, 3.3333E-02, 1.0100E+01,-3.3333E-01,
18:15:26.85929907, 1.0000E-01, 1.0100E+01, 6.6667E-01,
18:15:26.85929912, 1.3333E-01, 1.0167E+01,-1.3333E+00,
18:15:26.85929917, 6.6667E-02, 1.0167E+01,-3.3333E-01,
18:15:26.85929922, 6.6667E-02, 1.0167E+01, 0.0000E+00,
18:15:26.85929927, 1.0000E-01, 1.0100E+01, 0.0000E+00,
18:15:26.85929932, 1.3333E-01, 1.0167E+01,-3.3333E-01,
18:15:26.85929937,-3.3333E-02, 1.0100E+01,-3.3333E-01,
18:15:26.85929942, 6.6667E-02, 1.0133E+01, 0.0000E+00,
18:15:26.85929947, 3.3333E-02, 1.0133E+01,-3.3333E-01,
18:15:26.85929952, 0.0000E+00, 1.0167E+01,-6.6667E-01,
18:15:26.85929957, 6.6667E-02, 1.0133E+01,-6.6667E-01,
18:15:26.85929962, 6.6667E-02, 1.0133E+01,-3.3333E-01,
18:15:26.85929967, 1.0000E-01, 1.0133E+01, 0.0000E+00,
18:15:26.85929972, 1.0000E-01, 1.0167E+01, 0.0000E+00,
18:15:26.85929977, 6.6667E-02, 1.0133E+01,-3.3333E-01,
18:15:26.85929982, 1.0000E-01, 1.0133E+01,-1.3333E+00,
18:15:26.85929987, 3.3333E-02, 1.0133E+01,-6.6667E-01,
18:15:26.85929992, 0.0000E+00, 1.0133E+01, 0.0000E+00,
18:15:26.85929997, 1.3333E-01, 1.0133E+01, 0.0000E+00,
18:15:26.85930002, 0.0000E+00, 1.0167E+01, 0.0000E+00,
18:15:26.85930007, 6.6667E-02, 1.0167E+01,-6.6667E-01,
18:15:26.85930012, 6.6667E-02, 1.0133E+01, 0.0000E+00,
18:15:26.85930017, 1.0000E-01, 1.0167E+01,-3.3333E-01,
18:15:26.85930022, 1.6667E-01, 1.0167E+01,-3.3333E-01,
18:15:26.85930027, 3.3333E-02, 1.0100E+01, 0.0000E+00,
18:15:26.85930032, 1.3333E-01, 1.0133E+01, 0.0000E+00,
18:15:26.85930037, 1.0000E-01, 1.0100E+01, 0.0000E+00,
18:15:26.85930042, 6.6667E-02, 1.0167E+01,-3.3333E-01,
18:15:26.85930047, 0.0000E+00, 1.0167E+01, 0.0000E+00,
18:15:26.85930052, 6.6667E-02, 1.0167E+01, 6.6667E-01,
18:15:26.85930057, 3.3333E-02, 1.0200E+01, 3.3333E-01,
18:15:26.85930062, 6.6667E-02, 1.0200E+01, 1.0000E+00,
18:15:26.85930067, 1.0000E-01, 1.0133E+01, 0.0000E+00,
18:15:26.85930072, 6.6667E-02, 1.0133E+01, 0.0000E+00,
18:15:26.85930077, 3.3333E-02, 1.0100E+01,-6.6667E-01,
18:15:26.85930082, 6.6667E-02, 1.0100E+01,-3.3333E-01,
18:15:26.85930087, 1.0000E-01, 1.0167E+01,-3.3333E-01,
18:15:26.85930092, 1.0000E-01, 1.0133E+01,-3.3333E-01,
18:15:26.85930097, 1.3333E-01, 1.0133E+01, 0.0000E+00,
18:15:26.85930102, 3.3333E-02, 1.0100E+01, 3.3333E-01,
18:15:26.85930107, 3.3333E-02, 1.0267E+01, 0.0000E+00,
18:15:26.85930112, 3.3333E-02, 1.0100E+01, 0.0000E+00,
18:15:26.85930117, 1.3333E-01, 1.0167E+01,-6.6667E-01,
18:15:26.85930122, 1.0000E-01, 1.0133E+01, 0.0000E+00,
18:15:26.85930127, 6.6667E-02, 1.0133E+01,-6.6667E-01,
18:15:26.85930132, 6.6667E-02, 1.0133E+01, 1.0000E+00,
18:15:26.85930137, 0.0000E+00, 1.0133E+01,-3.3333E-01,
18:15:26.85930142, 6.6667E-02, 1.0167E+01,-6.6667E-01,
18:15:26.85930147, 1.6667E-01, 1.0133E+01,-3.3333E-01,
18:15:26.85930152, 6.6667E-02, 1.0133E+01, 0.0000E+00,
18:15:26.85930157, 6.6667E-02, 1.0233E+01,-6.6667E-01,
18:15:26.85930162, 6.6667E-02, 1.0100E+01, 0.0000E+00,
18:15:26.85930167, 6.6667E-02, 1.0133E+01,-3.3333E-01,
18:15:26.85930172, 0.0000E+00, 1.0100E+01,-3.3333E-01,
18:15:26.85930177, 6.6667E-02, 1.0100E+01, 3.3333E-01,
18:15:26.85930182, 0.0000E+00, 1.0100E+01,-3.3333E-01,
18:15:26.85930187, 0.0000E+00, 1.0100E+01,-3.3333E-01,
18:15:26.85930192, 1.0000E-01, 1.0200E+01,-6.6667E-01,
18:15:26.85930197, 0.0000E+00, 1.0233E+01, 3.3333E-01,
18:15:26.85930202, 6.6667E-02, 1.0200E+01,-3.3333E-01,
18:15:26.85930207, 6.6667E-02, 1.0167E+01, 3.3333E-01,
18:15:26.85930212, 1.0000E-01, 1.0167E+01,-3.3333E-01,
18:15:26.85930217, 3.3333E-02, 1.0133E+01, 0.0000E+00,
18:15:26.85930222, 6.6667E-02, 1.0167E+01,-3.3333E-01,
18:15:26.85930227, 3.3333E-02, 1.0200E+01,-3.3333E-01,
18:15:26.85930232, 0.0000E+00, 1.0133E+01, 3.3333E-01,
18:15:26.85930237, 0.0000E+00, 1.0100E+01,-3.3333E-01,
18:15:26.85930242, 1.0000E-01, 1.0133E+01, 0.0000E+00,
18:15:26.85930247, 3.3333E-02, 1.0233E+01, 0.0000E+00,
18:15:26.85930252, 0.0000E+00, 1.0100E+01, 6.6667E-01,
18:15:26.85930257, 6.6667E-02, 1.0233E+01,-3.3333E-01,
18:15:26.85930262, 6.6667E-02, 1.0133E+01,-3.3333E-01,
18:15:26.85930267, 1.0000E-01, 1.0200E+01,-3.3333E-01,
18:15:26.85930272, 3.3333E-02, 1.0167E+01, 0.0000E+00,
18:15:26.85930277, 1.0000E-01, 1.0167E+01,-6.6667E-01,
18:15:26.85930282, 0.0000E+00, 1.0167E+01,-3.3333E-01,
18:15:26.85930287, 6.6667E-02, 1.0133E+01,-3.3333E-01,
18:15:26.85930292, 0.0000E+00, 1.0100E+01,-3.3333E-01,
18:15:26.85930297,-3.3333E-02, 1.0167E+01,-3.3333E-01,
18:15:26.85930302, 0.0000E+00, 1.0133E+01,-6.6667E-01,
18:15:26.85930307, 1.6667E-01, 1.0100E+01, 0.0000E+00,
18:15:26.85930312, 1.0000E-01, 1.0200E+01,-3.3333E-01,
18:15:26.85930317, 1.0000E-01, 1.0133E+01,-3.3333E-01,
18:15:26.85930322, 1.0000E-01, 1.0133E+01, 0.0000E+00,
18:15:26.85930327,-3.3333E-02, 1.0233E+01, 0.0000E+00,
18:15:26.85930332, 3.3333E-02, 1.0167E+01, 3.3333E-01,
18:15:26.85930337,-3.3333E-02, 1.0133E+01,-3.3333E-01,
18:15:26.85930342, 3.3333E-02, 1.0167E+01,-1.0000E+00,
18:15:26.85930347, 1.0000E-01, 1.0167E+01,-3.3333E-01,
18:15:26.85930352, 6.6667E-02, 1.0167E+01,-3.3333E-01,
18:15:26.85930357, 3.3333E-02, 1.0167E+01, 0.0000E+00,
18:15:26.85930362, 3.3333E-02, 1.0167E+01, 3.3333E-01,
18:15:26.85930367, 6.6667E-02, 1.0133E+01,-3.3333E-01,
18:15:26.85930372, 6.6667E-02, 1.0100E+01,-6.6667E-01,
18:15:26.85930377, 6.6667E-02, 1.0100E+01, 3.3333E-01,
18:15:26.85930382, 0.0000E+00, 1.0167E+01,-6.6667E-01,
18:15:26.85930387, 6.6667E-02, 1.0167E+01,-6.6667E-01,
18:15:26.85930392,-3.3333E-02, 1.0133E+01, 0.0000E+00,
18:15:26.85930397, 1.3333E-01, 1.0167E+01, 0.0000E+00,
18:15:26.85930402, 1.0000E-01, 1.0200E+01,-3.3333E-01,
18:15:26.85930407, 1.0000E-01, 1.0200E+01, 0.0000E+00,
18:15:26.85930412, 6.6667E-02, 1.0133E+01, 0.0000E+00,
18:15:26.85930417, 1.0000E-01, 1.0100E+01,-3.3333E-01,
18:15:26.85930422, 6.6667E-02, 1.0167E+01, 0.0000E+00,
18:15:26.85930427, 3.3333E-02, 1.0167E+01,-6.6667E-01,
18:15:26.85930432, 6.6667E-02, 1.0167E+01,-3.3333E-01,
18:15:26.85930437, 3.3333E-02, 1.0167E+01, 0.0000E+00,
18:15:26.85930442, 0.0000E+00, 1.0167E+01,-6.6667E-01,
18:15:26.85930447, 1.0000E-01, 1.0133E+01, 0.0000E+00,
18:15:26.85930452, 1.0000E-01, 1.0133E+01, 3.3333E-01,
18:15:26.85930457, 6.6667E-02, 1.0100E+01, 0.0000E+00,
18:15:26.85930462, 6.6667E-02, 1.0200E+01, 3.3333E-01,
18:15:26.85930467, 1.0000E-01, 1.0133E+01,-6.6667E-01,
18:15:26.85930472, 6.6667E-02, 1.0133E+01,-3.3333E-01,
18:15:26.85930477, 6.6667E-02, 1.0200E+01, 0.0000E+00,
18:15:26.85930482, 6.6667E-02, 1.0167E+01,-3.3333E-01,
18:15:26.85930487, 1.0000E-01, 1.0133E+01, 3.3333E-01,
18:15:26.85930492, 0.0000E+00, 1.0167E+01, 0.0000E+00,
18:15:26.85930497, 0.0000E+00, 1.0100E+01,-1.0000E+00,
18:15:26.85930502, 3.3333E-02, 1.0133E+01,-6.6667E-01,
18:15:26.85930507, 6.6667E-02, 1.0133E+01, 0.0000E+00,
18:15:26.85930512, 3.3333E-02, 1.0167E+01, 3.3333E-01,
18:15:26.85930517, 0.0000E+00, 1.0167E+01,-3.3333E-01,
18:15:26.85930522, 6.6667E-02, 1.0233E+01, 0.0000E+00,
18:15:26.85930527, 6.6667E-02, 1.0200E+01,-6.6667E-01,
18:15:26.85930532, 1.6667E-01, 1.0200E+01, 0.0000E+00,
18:15:26.85930537, 6.6667E-02, 1.0100E+01,-6.6667E-01,
18:15:26.85930542, 1.3333E-01, 1.0200E+01,-6.6667E-01,
18:15:26.85930547, 1.0000E-01, 1.0200E+01, 0.0000E+00,
18:15:26.85930552, 3.3333E-02, 1.0167E+01, 3.3333E-01,
18:15:26.85930557, 3.3333E-02, 1.0200E+01, 0.0000E+00,
18:15:26.85930562, 3.3333E-02, 1.0100E+01, 3.3333E-01,
18:15:26.85930567, 3.3333E-02, 1.0133E+01,-6.6667E-01,
18:15:26.85930572, 0.0000E+00, 1.0167E+01,-6.6667E-01,
18:15:26.85930577, 6.6667E-02, 1.0133E+01, 0.0000E+00,
18:15:26.85930582, 6.6667E-02, 1.0200E+01,-3.3333E-01,
18:15:26.85930587, 3.3333E-02, 1.0100E+01,-3.3333E-01,
18:15:26.85930592, 3.3333E-02, 1.0133E+01, 0.0000E+00,
18:15:26.85930597, 1.3333E-01, 1.0100E+01,-6.6667E-01,
18:15:26.85930602, 3.3333E-02, 1.0100E+01, 0.0000E+00,
18:15:26.85930607, 3.3333E-02, 1.0167E+01,-6.6667E-01,
18:15:26.85930612, 1.0000E-01, 1.0133E+01, 0.0000E+00,
18:15:26.85930617, 6.6667E-02, 1.0167E+01, 0.0000E+00,
18:15:26.85930622, 1.0000E-01, 1.0133E+01,-3.3333E-01,
18:15:26.85930627, 1.0000E-01, 1.0167E+01,-3.3333E-01,
18:15:26.85930632, 3.3333E-02, 1.0100E+01, 3.3333E-01,
18:15:26.85930637, 1.0000E-01, 1.0133E+01,-6.6667E-01,
18:15:26.85930642, 3.3333E-02, 1.0133E+01,-3.3333E-01,
18:15:26.85930647, 1.0000E-01, 1.0100E+01,-3.3333E-01,
18:15:26.85930652, 1.3333E-01, 1.0100E+01,-3.3333E-01,
18:15:26.85930657, 1.3333E-01, 1.0133E+01,-3.3333E-01,
18:15:26.85930662, 6.6667E-02, 1.0100E+01,-6.6667E-01,
18:15:26.85930667, 0.0000E+00, 1.0100E+01,-3.3333E-01,
18:15:26.85930672, 0.0000E+00, 1.0167E+01,-6.6667E-01,
18:15:26.85930677, 1.3333E-01, 1.0100E+01, 0.0000E+00,
18:15:26.85930682, 6.6667E-02, 1.0100E+01, 3.3333E-01,
18:15:26.85930687, 0.0000E+00, 1.0100E+01,-3.3333E-01,
18:15:26.85930692, 6.6667E-02, 1.0167E+01, 0.0000E+00,
18:15:26.85930697, 3.3333E-02, 1.0167E+01,-3.3333E-01,
18:15:26.85930702, 3.3333E-02, 1.0100E+01, 0.0000E+00,
18:15:26.85930707, 1.0000E-01, 1.0133E+01,-3.3333E-01,
18:15:26.85930712, 6.6667E-02, 1.0233E+01, 3.3333E-01,
18:15:26.85930717,-3.3333E-02, 1.0133E+01,-3.3333E-01,
18:15:26.85930722, 1.0000E-01, 1.0167E+01, 3.3333E-01,
18:15:26.85930727, 1.0000E-01, 1.0133E+01,-6.6667E-01,
18:15:26.85930732, 3.3333E-02, 1.0167E+01, 3.3333E-01,
18:15:26.85930737, 6.6667E-02, 1.0133E+01, 0.0000E+00,
18:15:26.85930742, 0.0000E+00, 1.0100E+01, 0.0000E+00,
18:15:26.85930747, 1.0000E-01, 1.0100E+01,-6.6667E-01,
18:15:26.85930752, 6.6667E-02, 1.0133E+01, 3.3333E-01,
18:15:26.85930757, 3.3333E-02, 1.0167E+01, 0.0000E+00,
18:15:26.85930762, 3.3333E-02, 1.0167E+01,-3.3333E-01,
18:15:26.85930767, 3.3333E-02, 1.0133E+01,-3.3333E-01,
18:15:26.85930772,-3.3333E-02, 1.0133E+01, 0.0000E+00,
18:15:26.85930777, 6.6667E-02, 1.0133E+01,-3.3333E-01,
18:15:26.85930782, 6.6667E-02, 1.0100E+01, 3.3333E-01,
18:15:26.85930787, 1.3333E-01, 1.0133E+01, 0.0000E+00,
18:15:26.85930792, 6.6667E-02, 1.0167E+01, 3.3333E-01,
18:15:26.85930797, 6.6667E-02, 1.0133E+01, 0.0000E+00,
18:15:26.85930802, 3.3333E-02, 1.0100E+01,-3.3333E-01,
18:15:26.85930807, 1.0000E-01, 1.0133E+01,-3.3333E-01,
18:15:26.85930812, 3.3333E-02, 1.0200E+01,-3.3333E-01,
18:15:26.85930817, 1.3333E-01, 1.0100E+01,-1.0000E+00,
18:15:26.85930822, 3.3333E-02, 1.0133E+01,-3.3333E-01,
18:15:26.85930827, 6.6667E-02, 1.0133E+01, 0.0000E+00,
18:15:26.85930832, 6.6667E-02, 1.0100E+01, 0.0000E+00,
18:15:26.85930837, 3.3333E-02, 1.0167E+01, 0.0000E+00,
18:15:26.85930842, 6.6667E-02, 1.0200E+01,-3.3333E-01,
18:15:26.85930847, 1.0000E-01, 1.0133E+01,-1.0000E+00,
18:15:26.85930852, 1.3333E-01, 1.0100E+01,-3.3333E-01,
18:15:26.85930857,-3.3333E-02, 1.0133E+01,-3.3333E-01,
18:15:26.85930862, 3.3333E-02, 1.0100E+01,-6.6667E-01,
18:15:26.85930867, 0.0000E+00, 1.0167E+01, 0.0000E+00,
18:15:26.85930872, 1.0000E-01, 1.0200E+01,-6.6667E-01,
18:15:26.85930877, 0.0000E+00, 1.0100E+01, 0.0000E+00,
18:15:26.85930882, 1.0000E-01, 1.0133E+01, 0.0000E+00,
18:15:26.85930887, 6.6667E-02, 1.0133E+01, 0.0000E+00,
18:15:26.85930892, 3.3333E-02, 1.0233E+01,-3.3333E-01,
18:15:26.85930897, 3.3333E-02, 1.0167E+01, 6.6667E-01,
18:15:26.85930902, 1.0000E-01, 1.0200E+01,-3.3333E-01,
18:15:26.85930907, 6.6667E-02, 1.0133E+01,-6.6667E-01,
18:15:26.85930912, 1.3333E-01, 1.0100E+01,-1.3333E+00,
18:15:26.85930917, 6.6667E-02, 1.0133E+01, 3.3333E-01,
18:15:26.85930922, 6.6667E-02, 1.0167E+01,-3.3333E-01,
18:15:26.85930927, 3.3333E-02, 1.0200E+01,-6.6667E-01,
18:15:26.85930932, 3.3333E-02, 1.0167E+01, 3.3333E-01,
18:15:26.85930937, 3.3333E-02, 1.0133E+01,-6.6667E-01,
18:15:26.85930942, 1.0000E-01, 1.0100E+01, 3.3333E-01,
18:15:26.85930947, 3.3333E-02, 1.0200E+01,-3.3333E-01,
18:15:26.85930952, 6.6667E-02, 1.0233E+01, 6.6667E-01,
18:15:26.85930957, 6.6667E-02, 1.0233E+01,-6.6667E-01,
18:15:26.85930962,-3.3333E-02, 1.0233E+01, 3.3333E-01,
18:15:26.85930967, 3.3333E-02, 1.0167E+01,-6.6667E-01,
18:15:26.85930972, 6.6667E-02, 1.0200E+01, 0.0000E+00,
18:15:26.85930977, 3.3333E-02, 1.0167E+01, 3.3333E-01,
18:15:26.85930982, 1.0000E-01, 1.0167E+01,-3.3333E-01,
18:15:26.85930987, 1.0000E-01, 1.0100E+01,-6.6667E-01,
18:15:26.85930992, 1.0000E-01, 1.0100E+01, 3.3333E-01,
18:15:26.85930997, 6.6667E-02, 1.0167E+01,-3.3333E-01,
18:15:26.85931002, 6.6667E-02, 1.0200E+01, 0.0000E+00,
18:15:26.85931007, 6.6667E-02, 1.0133E+01,-6.6667E-01,
18:15:26.85931012, 1.0000E-01, 1.0133E+01, 0.0000E+00,
18:15:26.85931017, 3.3333E-02, 1.0133E+01,-6.6667E-01,
18:15:26.85931022, 1.6667E-01, 1.0100E+01, 0.0000E+00,
18:15:26.85931027, 1.3333E-01, 1.0100E+01, 0.0000E+00,
18:15:26.85931032, 3.3333E-02, 1.0233E+01,-6.6667E-01,
18:15:26.85931037, 3.3333E-02, 1.0167E+01, 1.0000E+00,
18:15:26.85931042, 0.0000E+00, 1.0100E+01, 3.3333E-01,
18:15:26.85931047, 6.6667E-02, 1.0133E+01,-6.6667E-01,
18:15:26.85931052, 6.6667E-02, 1.0133E+01,-6.6667E-01,
18:15:26.85931057, 0.0000E+00, 1.0100E+01,-1.0000E+00,
18:15:26.85931062, 6.6667E-02, 1.0100E+01,-3.3333E-01,
18:15:26.85931067, 6.6667E-02, 1.0133E+01, 3.3333E-01,
18:15:26.85931072, 0.0000E+00, 1.0167E+01,-6.6667E-01,
18:15:26.85931077, 6.6667E-02, 1.0167E+01, 0.0000E+00,
18:15:26.85931082, 3.3333E-02, 1.0100E+01, 3.3333E-01,
18:15:26.85931087, 1.0000E-01, 1.0167E+01, 0.0000E+00,
18:15:26.85931092, 6.6667E-02, 1.0133E+01, 3.3333E-01,
18:15:26.85931097, 6.6667E-02, 1.0167E+01,-6.6667E-01,
18:15:26.85931102, 0.0000E+00, 1.0067E+01, 3.3333E-01,
18:15:26.85931107, 0.0000E+00, 1.0100E+01,-1.3333E+00,
18:15:26.85931112, 1.0000E-01, 1.0100E+01,-6.6667E-01,
18:15:26.85931117, 1.0000E-01, 1.0133E+01,-1.0000E+00,
18:15:26.85931122, 0.0000E+00, 1.0133E+01,-3.3333E-01,
18:15:26.85931127, 3.3333E-02, 1.0133E+01, 0.0000E+00,
18:15:26.85931132, 6.6667E-02, 1.0200E+01,-3.3333E-01,
18:15:26.85931137, 1.0000E-01, 1.0133E+01, 0.0000E+00,
18:15:26.85931142, 0.0000E+00, 1.0167E+01, 0.0000E+00,
18:15:26.85931147, 0.0000E+00, 1.0133E+01, 0.0000E+00,
18:15:26.85931152, 3.3333E-02, 1.0167E+01,-3.3333E-01,
18:15:26.85931157, 1.3333E-01, 1.0200E+01,-6.6667E-01,
18:15:26.85931162, 3.3333E-02, 1.0167E+01,-3.3333E-01,
18:15:26.85931167, 0.0000E+00, 1.0167E+01,-3.3333E-01,
18:15:26.85931172, 3.3333E-02, 1.0167E+01,-3.3333E-01,
18:15:26.85931177, 1.0000E-01, 1.0133E+01, 0.0000E+00,
18:15:26.85931182, 6.6667E-02, 1.0200E+01, 0.0000E+00,
18:15:26.85931187, 0.0000E+00, 1.0200E+01, 0.0000E+00,
18:15:26.85931192,-3.3333E-02, 1.0100E+01, 6.6667E-01,
18:15:26.85931197, 6.6667E-02, 1.0133E+01, 6.6667E-01,
18:15:26.85931202, 6.6667E-02, 1.0100E+01,-1.0000E+00,
18:15:26.85931207,-3.3333E-02, 1.0233E+01,-3.3333E-01,
18:15:26.85931212, 3.3333E-02, 1.0233E+01,-3.3333E-01,
18:15:26.85931217, 3.3333E-02, 1.0100E+01,-6.6667E-01,
18:15:26.85931222, 1.3333E-01, 1.0200E+01, 6.6667E-01,
18:15:26.85931227, 0.0000E+00, 1.0200E+01, 0.0000E+00,
18:15:26.85931232, 3.3333E-02, 1.0167E+01,-6.6667E-01,
18:15:26.85931237, 3.3333E-02, 1.0200E+01, 0.0000E+00,
18:15:26.85931242, 6.6667E-02, 1.0133E+01,-6.6667E-01,
18:15:26.85931247, 3.3333E-02, 1.0167E+01,-3.3333E-01,
18:15:26.85931252, 1.0000E-01, 1.0133E+01,-6.6667E-01,
18:15:26.85931257, 6.6667E-02, 1.0167E+01,-3.3333E-01,
18:15:26.85931262, 3.3333E-02, 1.0167E+01, 3.3333E-01,
18:15:26.85931267, 1.0000E-01, 1.0167E+01, 0.0000E+00,
18:15:26.85931272, 3.3333E-02, 1.0100E+01,-3.3333E-01,
18:15:26.85931277, 6.6667E-02, 1.0233E+01,-3.3333E-01,
18:15:26.85931282, 1.0000E-01, 1.0100E+01, 0.0000E+00,
18:15:26.85931287, 3.3333E-02, 1.0200E+01, 0.0000E+00,
18:15:26.85931292,-3.3333E-02, 1.0133E+01, 3.3333E-01,
18:15:26.85931297, 6.6667E-02, 1.0167E+01,-3.3333E-01,
18:15:26.85931302, 1.0000E-01, 1.0133E+01,-6.6667E-01,
18:15:26.85931307, 1.3333E-01, 1.0100E+01, 0.0000E+00,
18:15:26.85931312, 0.0000E+00, 1.0167E+01,-3.3333E-01,
18:15:26.85931317, 3.3333E-02, 1.0167E+01, 3.3333E-01,
18:15:26.85931322, 0.0000E+00, 1.0200E+01,-6.6667E-01,
18:15:26.85931327, 3.3333E-02, 1.0100E+01, 0.0000E+00,
18:15:26.85931332, 3.3333E-02, 1.0167E+01, 0.0000E+00,
18:15:26.85931337, 0.0000E+00, 1.0133E+01,-6.6667E-01,
18:15:26.85931342, 6.6667E-02, 1.0133E+01,-3.3333E-01,
18:15:26.85931347, 6.6667E-02, 1.0133E+01,-3.3333E-01,
18:15:26.85931352, 1.0000E-01, 1.0133E+01, 0.0000E+00,
18:15:26.85931357, 6.6667E-02, 1.0133E+01, 3.3333E-01,
18:15:26.85931362, 3.3333E-02, 1.0167E+01, 0.0000E+00,
18:15:26.85931367, 0.0000E+00, 1.0133E+01,-6.6667E-01,
18:15:26.85931372, 3.3333E-02, 1.0133E+01,-3.3333E-01,
18:15:26.85931377, 3.3333E-02, 1.0233E+01,-3.3333E-01,
18:15:26.85931382, 0.0000E+00, 1.0233E+01,-3.3333E-01,
18:15:26.85931387, 3.3333E-02, 1.0133E+01,-6.6667E-01,
18:15:26.85931392, 0.0000E+00, 1.0133E+01, 0.0000E+00,
18:15:26.85931397, 6.6667E-02, 1.0100E+01, 0.0000E+00,
18:15:26.85931402, 6.6667E-02, 1.0133E+01,-6.6667E-01,
18:15:26.85931407, 1.0000E-01, 1.0200E+01, 0.0000E+00,
18:15:26.85931412, 1.0000E-01, 1.0100E+01, 0.0000E+00,
18:15:26.85931417, 1.0000E-01, 1.0167E+01, 0.0000E+00,
18:15:26.85931422, 0.0000E+00, 1.0133E+01, 0.0000E+00,
18:15:26.85931427, 0.0000E+00, 1.0100E+01, 0.0000E+00,
18:15:26.85931432, 6.6667E-02, 1.0167E+01, 3.3333E-01,
18:15:26.85931437, 0.0000E+00, 1.0233E+01,-3.3333E-01,
18:15:26.85931442, 3.3333E-02, 1.0167E+01, 0.0000E+00,
18:15:26.85931447, 6.6667E-02, 1.0200E+01,-6.6667E-01,
18:15:26.85931452, 3.3333E-02, 1.0133E+01,-1.0000E+00,
18:15:26.85931457, 1.0000E-01, 1.0133E+01,-3.3333E-01,
18:15:26.85931462, 6.6667E-02, 1.0100E+01, 0.0000E+00,
18:15:26.85931467, 3.3333E-02, 1.0167E+01, 0.0000E+00,
18:15:26.85931472, 3.3333E-02, 1.0100E+01,-3.3333E-01,
18:15:26.85931477, 1.0000E-01, 1.0133E+01, 0.0000E+00,
18:15:26.85931482, 0.0000E+00, 1.0133E+01,-3.3333E-01,
18:15:26.85931487, 6.6667E-02, 1.0133E+01, 0.0000E+00,
18:15:26.85931492,-3.3333E-02, 1.0233E+01, 0.0000E+00,
18:15:26.85931497, 6.6667E-02, 1.0133E+01, 6.6667E-01,
18:15:26.85931502, 0.0000E+00, 1.0100E+01, 0.0000E+00,
18:15:26.85931507, 3.3333E-02, 1.0100E+01, 1.0000E+00,
18:15:26.85931512, 6.6667E-02, 1.0100E+01, 1.0000E+00,
18:15:26.85931517, 3.3333E-02, 1.0133E+01,-6.6667E-01,
18:15:26.85931522, 3.3333E-02, 1.0133E+01, 0.0000E+00,
18:15:26.85931527, 0.0000E+00, 1.0100E+01, 0.0000E+00,
18:15:26.85931532, 0.0000E+00, 1.0133E+01,-3.3333E-01,
18:15:26.85931537, 1.0000E-01, 1.0133E+01, 0.0000E+00,
18:15:26.85931542, 6.6667E-02, 1.0100E+01,-6.6667E-01,
18:15:26.85931547, 6.6667E-02, 1.0133E+01,-3.3333E-01,
18:15:26.85931552, 1.0000E-01, 1.0100E+01,-3.3333E-01,
18:15:26.85931557, 0.0000E+00, 1.0167E+01,-6.6667E-01,
18:15:26.85931562, 3.3333E-02, 1.0167E+01, 0.0000E+00,
18:15:26.85931567, 3.3333E-02, 1.0133E+01,-3.3333E-01,
18:15:26.85931572, 1.0000E-01, 1.0100E+01,-1.0000E+00,
18:15:26.85931577,-3.3333E-02, 1.0133E+01,-6.6667E-01,
18:15:26.85931582, 6.6667E-02, 1.0167E+01,-3.3333E-01,
18:15:26.85931587,-3.3333E-02, 1.0133E+01,-1.0000E+00,
18:15:26.85931592, 3.3333E-02, 1.0133E+01,-1.0000E+00,
18:15:26.85931597, 3.3333E-02, 1.0167E+01, 0.0000E+00,
18:15:26.85931602, 0.0000E+00, 1.0133E+01, 0.0000E+00,
18:15:26.85931607,-6.6667E-02, 1.0200E+01, 0.0000E+00,
18:15:26.85931612, 1.3333E-01, 1.0133E+01,-3.3333E-01,
18:15:26.85931617, 3.3333E-02, 1.0100E+01, 3.3333E-01,
18:15:26.85931622, 6.6667E-02, 1.0200E+01, 0.0000E+00,
18:15:26.85931627, 6.6667E-02, 1.0100E+01,-3.3333E-01,
18:15:26.85931632, 3.3333E-02, 1.0100E+01,-1.0000E+00,
18:15:26.85931637, 3.3333E-02, 1.0067E+01,-1.0000E+00,
18:15:26.85931642, 1.0000E-01, 1.0100E+01, 3.3333E-01,
18:15:26.85931647, 1.0000E-01, 1.0133E+01, 3.3333E-01,
18:15:26.85931652, 0.0000E+00, 1.0133E+01, 3.3333E-01,
18:15:26.85931657, 0.0000E+00, 1.0133E+01, 3.3333E-01,
18:15:26.85931662, 1.0000E-01, 1.0100E+01, 6.6667E-01,
18:15:26.85931667,-6.6667E-02, 1.0067E+01,-3.3333E-01,
18:15:26.85931672, 6.6667E-02, 1.0100E+01, 6.6667E-01,
18:15:26.85931677, 0.0000E+00, 1.0133E+01,-6.6667E-01,
18:15:26.85931682, 3.3333E-02, 1.0167E+01,-6.6667E-01,
18:15:26.85931687, 0.0000E+00, 1.0133E+01,-6.6667E-01,
18:15:26.85931692, 6.6667E-02, 1.0167E+01,-3.3333E-01,
18:15:26.85931697, 3.3333E-02, 1.0133E+01,-3.3333E-01,
18:15:26.85931702,-3.3333E-02, 1.0133E+01, 3.3333E-01,
18:15:26.85931707, 6.6667E-02, 1.0100E+01,-3.3333E-01,
18:15:26.85931712, 1.3333E-01, 1.0167E+01, 3.3333E-01,
18:15:26.85931717, 3.3333E-02, 1.0133E+01, 0.0000E+00,
18:15:26.85931722, 0.0000E+00, 1.0133E+01,-6.6667E-01,
18:15:26.85931727, 1.0000E-01, 1.0100E+01, 0.0000E+00,
18:15:26.85931732, 3.3333E-02, 1.0133E+01,-3.3333E-01,
18:15:26.85931737, 1.0000E-01, 1.0133E+01, 0.0000E+00,
18:15:26.85931742, 3.3333E-02, 1.0200E+01, 3.3333E-01,
18:15:26.85931747, 1.3333E-01, 1.0100E+01,-3.3333E-01,
18:15:26.85931752, 3.3333E-02, 1.0167E+01, 3.3333E-01,
18:15:26.85931757, 6.6667E-02, 1.0200E+01,-3.3333E-01,
18:15:26.85931762, 6.6667E-02, 1.0100E+01, 3.3333E-01,
18:15:26.85931767, 1.0000E-01, 1.0133E+01, 0.0000E+00,
18:15:26.85931772, 6.6667E-02, 1.0133E+01,-3.3333E-01,
18:15:26.85931777, 6.6667E-02, 1.0167E+01, 0.0000E+00,
18:15:26.85931782,-3.3333E-02, 1.0133E+01, 6.6667E-01,
18:15:26.85931787, 0.0000E+00, 1.0167E+01,-6.6667E-01,
18:15:26.85931792, 3.3333E-02, 1.0167E+01,-3.3333E-01,
18:15:26.85931797, 3.3333E-02, 1.0200E+01, 0.0000E+00,
18:15:26.85931802, 6.6667E-02, 1.0167E+01,-3.3333E-01,
18:15:26.85931807, 0.0000E+00, 1.0167E+01,-1.0000E+00,
18:15:26.85931812, 6.6667E-02, 1.0167E+01, 0.0000E+00,
18:15:26.85931817, 6.6667E-02, 1.0100E+01, 0.0000E+00,
18:15:26.85931822, 3.3333E-02, 1.0167E+01,-3.3333E-01,
18:15:26.85931827, 0.0000E+00, 1.0133E+01,-6.6667E-01,
18:15:26.85931832,-3.3333E-02, 1.0167E+01,-3.3333E-01,
18:15:26.85931837, 6.6667E-02, 1.0167E+01,-6.6667E-01,
18:15:26.85931842, 1.0000E-01, 1.0133E+01,-3.3333E-01,
18:15:26.85931847, 6.6667E-02, 1.0167E+01, 0.0000E+00,
18:15:26.85931852, 3.3333E-02, 1.0100E+01,-3.3333E-01,
18:15:26.85931857, 3.3333E-02, 1.0200E+01, 0.0000E+00,
18:15:26.85931862, 0.0000E+00, 1.0167E+01,-3.3333E-01,
18:15:26.85931867, 0.0000E+00, 1.0200E+01, 3.3333E-01,
18:15:26.85931872, 1.0000E-01, 1.0167E+01,-6.6667E-01,
18:15:26.85931877, 6.6667E-02, 1.0167E+01, 0.0000E+00,
18:15:26.85931882,-6.6667E-02, 1.0167E+01, 3.3333E-01,
18:15:26.85931887, 6.6667E-02, 1.0100E+01,-3.3333E-01,
18:15:26.85931892, 6.6667E-02, 1.0133E+01, 3.3333E-01,
18:15:26.85931897, 1.0000E-01, 1.0200E+01, 0.0000E+00,
18:15:26.85931902, 1.0000E-01, 1.0100E+01,-6.6667E-01,
18:15:26.85931907, 6.6667E-02, 1.0133E+01, 3.3333E-01,
18:15:26.85931912,-3.3333E-02, 1.0100E+01,-3.3333E-01,
18:15:26.85931917, 0.0000E+00, 1.0100E+01,-3.3333E-01,
18:15:26.85931922, 3.3333E-02, 1.0100E+01,-3.3333E-01,
18:15:26.85931927, 0.0000E+00, 1.0233E+01, 0.0000E+00,
18:15:26.85931932, 1.0000E-01, 1.0167E+01,-6.6667E-01,
18:15:26.85931937, 3.3333E-02, 1.0100E+01,-3.3333E-01,
18:15:26.85931942, 3.3333E-02, 1.0167E+01,-1.0000E+00,
18:15:26.85931947, 6.6667E-02, 1.0167E+01,-6.6667E-01,
18:15:26.85931952, 3.3333E-02, 1.0133E+01, 3.3333E-01,
18:15:26.85931957, 3.3333E-02, 1.0133E+01, 0.0000E+00,
18:15:26.85931962, 6.6667E-02, 1.0133E+01,-3.3333E-01,
18:15:26.85931967, 0.0000E+00, 1.0100E+01, 0.0000E+00,
18:15:26.85931972,-3.3333E-02, 1.0100E+01,-3.3333E-01,
18:15:26.85931977, 3.3333E-02, 1.0133E+01,-6.6667E-01,
18:15:26.85931982, 3.3333E-02, 1.0167E+01,-3.3333E-01,
18:15:26.85931987, 1.3333E-01, 1.0167E+01,-3.3333E-01,
18:15:26.85931992, 6.6667E-02, 1.0200E+01, 0.0000E+00,
18:15:26.85931997, 3.3333E-02, 1.0133E+01, 0.0000E+00,
18:15:26.85932002, 1.0000E-01, 1.0100E+01, 3.3333E-01,
18:15:26.85932007, 3.3333E-02, 1.0133E+01, 0.0000E+00,
18:15:26.85932012, 0.0000E+00, 1.0133E+01,-1.0000E+00,
18:15:26.85932017, 6.6667E-02, 1.0100E+01, 0.0000E+00,
18:15:26.85932022, 0.0000E+00, 1.0200E+01,-3.3333E-01,
18:15:26.85932027, 6.6667E-02, 1.0133E+01,-3.3333E-01,
18:15:26.85932032, 6.6667E-02, 1.0100E+01, 0.0000E+00,
18:15:26.85932037, 1.0000E-01, 1.0200E+01, 0.0000E+00,
18:15:26.85932042, 6.6667E-02, 1.0167E+01,-6.6667E-01,
18:15:26.85932047, 6.6667E-02, 1.0167E+01, 3.3333E-01,
18:15:26.85932052, 3.3333E-02, 1.0100E+01,-3.3333E-01,
18:15:26.85932057, 6.6667E-02, 1.0167E+01,-6.6667E-01,
18:15:26.85932062, 6.6667E-02, 1.0100E+01,-3.3333E-01,
18:15:26.85932067, 3.3333E-02, 1.0133E+01, 0.0000E+00,
18:15:26.85932072, 6.6667E-02, 1.0133E+01, 0.0000E+00,
18:15:26.85932077, 3.3333E-02, 1.0167E+01, 0.0000E+00,
18:15:26.85932082, 1.0000E-01, 1.0200E+01, 3.3333E-01,
18:15:26.85932087, 1.0000E-01, 1.0133E+01,-6.6667E-01,
18:15:26.85932092, 6.6667E-02, 1.0100E+01, 3.3333E-01,
18:15:26.85932097, 1.3333E-01, 1.0133E+01, 0.0000E+00,
18:15:26.85932102, 6.6667E-02, 1.0200E+01, 0.0000E+00,
18:15:26.85932107, 6.6667E-02, 1.0133E+01,-3.3333E-01,
18:15:26.85932112, 1.0000E-01, 1.0167E+01,-6.6667E-01,
18:15:26.85932117, 0.0000E+00, 1.0100E+01,-1.0000E+00,
18:15:26.85932122, 3.3333E-02, 1.0233E+01, 0.0000E+00,
18:15:26.85932127, 3.3333E-02, 1.0100E+01, 0.0000E+00,
18:15:26.85932132, 1.0000E-01, 1.0200E+01, 0.0000E+00,
18:15:26.85932137, 1.0000E-01, 1.0133E+01, 3.3333E-01,
18:15:26.85932142, 3.3333E-02, 1.0100E+01,-3.3333E-01,
18:15:26.85932147, 0.0000E+00, 1.0167E+01, 3.3333E-01,
18:15:26.85932152, 6.6667E-02, 1.0133E+01,-1.0000E+00,
18:15:26.85932157, 3.3333E-02, 1.0167E+01, 3.3333E-01,
18:15:26.85932162, 6.6667E-02, 1.0100E+01, 3.3333E-01,
18:15:26.85932167, 6.6667E-02, 1.0133E+01, 0.0000E+00,
18:15:26.85932172,-3.3333E-02, 1.0233E+01,-3.3333E-01,
18:15:26.85932177, 1.0000E-01, 1.0167E+01,-3.3333E-01,
18:15:26.85932182, 1.0000E-01, 1.0133E+01, 0.0000E+00,
18:15:26.85932187, 3.3333E-02, 1.0167E+01, 0.0000E+00,
18:15:26.85932192, 6.6667E-02, 1.0100E+01, 3.3333E-01,
18:15:26.85932197, 0.0000E+00, 1.0167E+01, 3.3333E-01,
18:15:26.85932202, 3.3333E-02, 1.0200E+01, 0.0000E+00,
18:15:26.85932207, 6.6667E-02, 1.0133E+01,-3.3333E-01,
18:15:26.85932212, 3.3333E-02, 1.0100E+01, 3.3333E-01,
18:15:26.85932217, 3.3333E-02, 1.0200E+01,-3.3333E-01,
18:15:26.85932222, 6.6667E-02, 1.0167E+01,-6.6667E-01,
18:15:26.85932227, 1.3333E-01, 1.0133E+01, 0.0000E+00,
18:15:26.85932232, 1.0000E-01, 1.0167E+01, 3.3333E-01,
18:15:26.85932237, 1.6667E-01, 1.0133E+01, 0.0000E+00,
18:15:26.85932242, 0.0000E+00, 1.0167E+01,-3.3333E-01,
18:15:26.85932247, 0.0000E+00, 1.0100E+01,-6.6667E-01,
18:15:26.85932252, 3.3333E-02, 1.0133E+01, 0.0000E+00,
18:15:26.85932257, 3.3333E-02, 1.0033E+01,-3.3333E-01,
18:15:26.85932262, 6.6667E-02, 1.0200E+01, 3.3333E-01,
18:15:26.85932267, 6.6667E-02, 1.0133E+01, 0.0000E+00,
18:15:26.85932272, 3.3333E-02, 1.0133E+01,-3.3333E-01,
18:15:26.85932277,-3.3333E-02, 1.0200E+01,-3.3333E-01,
18:15:26.85932282, 6.6667E-02, 1.0133E+01,-1.0000E+00,
18:15:26.85932287, 6.6667E-02, 1.0133E+01, 0.0000E+00,
18:15:26.85932292, 0.0000E+00, 1.0100E+01, 0.0000E+00,
18:15:26.85932297, 6.6667E-02, 1.0133E+01, 0.0000E+00,
18:15:26.85932302, 0.0000E+00, 1.0200E+01,-3.3333E-01,
18:15:26.85932307, 3.3333E-02, 1.0200E+01, 0.0000E+00,
18:15:26.85932312, 0.0000E+00, 1.0167E+01, 3.3333E-01,
18:15:26.85932317, 1.0000E-01, 1.0167E+01,-3.3333E-01,
18:15:26.85932322, 6.6667E-02, 1.0200E+01,-3.3333E-01,
18:15:26.85932327, 6.6667E-02, 1.0100E+01,-6.6667E-01,
18:15:26.85932332, 1.0000E-01, 1.0200E+01,-1.0000E+00,
18:15:26.85932337, 3.3333E-02, 1.0167E+01, 6.6667E-01,
18:15:26.85932342, 3.3333E-02, 1.0133E+01,-3.3333E-01,
18:15:26.85932347, 3.3333E-02, 1.0200E+01, 0.0000E+00,
18:15:26.85932352, 0.0000E+00, 1.0167E+01, 3.3333E-01,
18:15:26.85932357, 6.6667E-02, 1.0133E+01, 0.0000E+00,
18:15:26.85932362, 6.6667E-02, 1.0200E+01,-6.6667E-01,
18:15:26.85932367,-3.3333E-02, 1.0133E+01,-6.6667E-01,
18:15:26.85932372, 6.6667E-02, 1.0100E+01,-3.3333E-01,
18:15:26.85932377, 1.0000E-01, 1.0100E+01,-3.3333E-01,
18:15:26.85932382, 0.0000E+00, 1.0100E+01,-3.3333E-01,
18:15:26.85932387, 1.0000E-01, 1.0133E+01, 0.0000E+00,
18:15:26.85932392,-3.3333E-02, 1.0167E+01, 0.0000E+00,
18:15:26.85932397, 6.6667E-02, 1.0167E+01, 3.3333E-01,
18:15:26.85932402, 3.3333E-02, 1.0100E+01,-6.6667E-01,
18:15:26.85932407, 3.3333E-02, 1.0133E+01,-6.6667E-01,
18:15:26.85932412, 6.6667E-02, 1.0133E+01, 0.0000E+00,
18:15:26.85932417, 3.3333E-02, 1.0133E+01, 0.0000E+00,
18:15:26.85932422,-3.3333E-02, 1.0233E+01, 6.6667E-01,
18:15:26.85932427, 3.3333E-02, 1.0100E+01,-3.3333E-01,
18:15:26.85932432, 3.3333E-02, 1.0167E+01,-3.3333E-01,
18:15:26.85932437, 0.0000E+00, 1.0133E+01,-3.3333E-01,
18:15:26.85932442, 1.0000E-01, 1.0100E+01, 6.6667E-01,
18:15:26.85932447, 3.3333E-02, 1.0100E+01, 3.3333E-01,
18:15:26.85932452, 3.3333E-02, 1.0100E+01, 3.3333E-01,
18:15:26.85932457, 1.0000E-01, 1.0167E+01,-6.6667E-01,
18:15:26.85932462, 3.3333E-02, 1.0167E+01, 0.0000E+00,
18:15:26.85932467, 6.6667E-02, 1.0100E+01, 3.3333E-01,
18:15:26.85932472, 0.0000E+00, 1.0100E+01, 0.0000E+00,
18:15:26.85932477, 1.0000E-01, 1.0133E+01,-3.3333E-01,
18:15:26.85932482,-6.6667E-02, 1.0100E+01, 0.0000E+00,
18:15:26.85932487, 6.6667E-02, 1.0100E+01,-1.3333E+00,
18:15:26.85932492, 3.3333E-02, 1.0200E+01, 0.0000E+00,
18:15:26.85932497, 3.3333E-02, 1.0233E+01,-3.3333E-01,
18:15:26.85932502, 0.0000E+00, 1.0167E+01,-3.3333E-01,
18:15:26.85932507, 1.0000E-01, 1.0133E+01,-3.3333E-01,
18:15:26.85932512, 3.3333E-02, 1.0100E+01,-3.3333E-01,
18:15:26.85932517, 6.6667E-02, 1.0200E+01,-6.6667E-01,
18:15:26.85932522, 6.6667E-02, 1.0133E+01, 0.0000E+00,
18:15:26.85932527, 3.3333E-02, 1.0100E+01,-6.6667E-01,
18:15:26.85932532,-6.6667E-02, 1.0100E+01,-3.3333E-01,
18:15:26.85932537, 0.0000E+00, 1.0100E+01,-6.6667E-01,
18:15:26.85932542, 6.6667E-02, 1.0133E+01,-3.3333E-01,
18:15:26.85932547, 6.6667E-02, 1.0167E+01,-3.3333E-01,
18:15:26.85932552, 3.3333E-02, 1.0167E+01, 0.0000E+00,
18:15:26.85932557, 3.3333E-02, 1.0200E+01, 0.0000E+00,
18:15:26.85932562, 3.3333E-02, 1.0233E+01,-3.3333E-01,
18:15:26.85932567, 1.0000E-01, 1.0100E+01, 3.3333E-01,
18:15:26.85932572, 6.6667E-02, 1.0067E+01,-6.6667E-01,
18:15:26.85932577, 0.0000E+00, 1.0167E+01, 0.0000E+00,
18:15:26.85932582,-3.3333E-02, 1.0233E+01,-3.3333E-01,
18:15:26.85932587, 1.0000E-01, 1.0133E+01,-6.6667E-01,
18:15:26.85932592, 0.0000E+00, 1.0133E+01, 3.3333E-01,
18:15:26.85932597, 3.3333E-02, 1.0200E+01,-3.3333E-01,
18:15:26.85932602, 6.6667E-02, 1.0167E+01,-3.3333E-01,
18:15:26.85932607, 6.6667E-02, 1.0133E+01,-6.6667E-01,
18:15:26.85932612, 0.0000E+00, 1.0133E+01,-6.6667E-01,
18:15:26.85932617, 1.0000E-01, 1.0167E+01,-6.6667E-01,
18:15:26.85932622, 3.3333E-02, 1.0100E+01, 0.0000E+00,
18:15:26.85932627, 0.0000E+00, 1.0167E+01,-3.3333E-01,
18:15:26.85932632, 0.0000E+00, 1.0133E+01,-3.3333E-01,
18:15:26.85932637, 1.0000E-01, 1.0200E+01,-6.6667E-01,
18:15:26.85932642, 6.6667E-02, 1.0133E+01,-1.0000E+00,
18:15:26.85932647, 0.0000E+00, 1.0200E+01,-3.3333E-01,
18:15:26.85932652,-3.3333E-02, 1.0200E+01,-3.3333E-01,
18:15:26.85932657, 1.0000E-01, 1.0167E+01,-1.0000E+00,
18:15:26.85932662, 0.0000E+00, 1.0267E+01,-6.6667E-01,
18:15:26.85932667, 6.6667E-02, 1.0167E+01, 0.0000E+00,
18:15:26.85932672, 6.6667E-02, 1.0133E+01,-3.3333E-01,
18:15:26.85932677, 3.3333E-02, 1.0133E+01, 0.0000E+00,
18:15:26.85932682,-3.3333E-02, 1.0133E+01,-6.6667E-01,
18:15:26.85932687, 3.3333E-02, 1.0100E+01, 0.0000E+00,
18:15:26.85932692, 6.6667E-02, 1.0133E+01, 3.3333E-01,
18:15:26.85932697, 3.3333E-02, 1.0100E+01, 3.3333E-01,
18:15:26.85932702, 3.3333E-02, 1.0167E+01, 0.0000E+00,
18:15:26.85932707, 1.0000E-01, 1.0167E+01,-3.3333E-01,
18:15:26.85932712, 3.3333E-02, 1.0167E+01,-3.3333E-01,
18:15:26.85932717, 3.3333E-02, 1.0167E+01, 0.0000E+00,
18:15:26.85932722, 0.0000E+00, 1.0167E+01, 0.0000E+00,
18:15:26.85932727, 3.3333E-02, 1.0133E+01, 0.0000E+00,
18:15:26.85932732, 3.3333E-02, 1.0100E+01,-3.3333E-01,
18:15:26.85932737, 6.6667E-02, 1.0200E+01, 0.0000E+00,
18:15:26.85932742, 1.3333E-01, 1.0200E+01, 3.3333E-01,
18:15:26.85932747, 3.3333E-02, 1.0133E+01,-3.3333E-01,
18:15:26.85932752, 3.3333E-02, 1.0100E+01,-1.0000E+00,
18:15:26.85932757, 3.3333E-02, 1.0167E+01, 0.0000E+00,
18:15:26.85932762, 6.6667E-02, 1.0133E+01, 0.0000E+00,
18:15:26.85932767, 3.3333E-02, 1.0133E+01,-3.3333E-01,
18:15:26.85932772, 0.0000E+00, 1.0133E+01, 3.3333E-01,
18:15:26.85932777, 3.3333E-02, 1.0133E+01,-1.0000E+00,
18:15:26.85932782, 3.3333E-02, 1.0200E+01, 0.0000E+00,
18:15:26.85932787, 6.6667E-02, 1.0100E+01, 6.6667E-01,
18:15:26.85932792, 1.0000E-01, 1.0167E+01,-3.3333E-01,
18:15:26.85932797, 3.3333E-02, 1.0200E+01, 0.0000E+00,
18:15:26.85932802, 0.0000E+00, 1.0100E+01,-3.3333E-01,
18:15:26.85932807, 1.0000E-01, 1.0100E+01, 3.3333E-01,
18:15:26.85932812, 0.0000E+00, 1.0200E+01, 3.3333E-01,
18:15:26.85932817, 6.6667E-02, 1.0100E+01, 3.3333E-01,
18:15:26.85932822, 6.6667E-02, 1.0167E+01, 0.0000E+00,
18:15:26.85932827, 0.0000E+00, 1.0133E+01,-1.0000E+00,
18:15:26.85932832, 3.3333E-02, 1.0200E+01, 3.3333E-01,
18:15:26.85932837, 3.3333E-02, 1.0167E+01, 0.0000E+00,
18:15:26.85932842, 6.6667E-02, 1.0167E+01, 0.0000E+00,
18:15:26.85932847, 3.3333E-02, 1.0100E+01, 3.3333E-01,
18:15:26.85932852, 6.6667E-02, 1.0100E+01, 0.0000E+00,
18:15:26.85932857, 3.3333E-02, 1.0133E+01,-3.3333E-01,
18:15:26.85932862, 3.3333E-02, 1.0133E+01,-3.3333E-01,
18:15:26.85932867, 3.3333E-02, 1.0133E+01,-3.3333E-01,
18:15:26.85932872, 0.0000E+00, 1.0133E+01,-6.6667E-01,
18:15:26.85932877, 1.0000E-01, 1.0133E+01,-3.3333E-01,
18:15:26.85932882,-3.3333E-02, 1.0100E+01,-3.3333E-01,
18:15:26.85932887, 1.0000E-01, 1.0133E+01, 3.3333E-01,
18:15:26.85932892, 0.0000E+00, 1.0100E+01, 3.3333E-01,
18:15:26.85932897, 0.0000E+00, 1.0133E+01,-6.6667E-01,
18:15:26.85932902,-3.3333E-02, 1.0233E+01,-6.6667E-01,
18:15:26.85932907, 1.0000E-01, 1.0167E+01, 0.0000E+00,
18:15:26.85932912, 0.0000E+00, 1.0233E+01, 6.6667E-01,
18:15:26.85932917, 0.0000E+00, 1.0100E+01,-6.6667E-01,
18:15:26.85932922, 0.0000E+00, 1.0200E+01, 0.0000E+00,
18:15:26.85932927, 6.6667E-02, 1.0167E+01,-6.6667E-01,
18:15:26.85932932, 0.0000E+00, 1.0133E+01,-1.0000E+00,
18:15:26.85932937, 0.0000E+00, 1.0100E+01, 0.0000E+00,
18:15:26.85932942, 6.6667E-02, 1.0133E+01,-6.6667E-01,
18:15:26.85932947,-3.3333E-02, 1.0200E+01, 0.0000E+00,
18:15:26.85932952, 6.6667E-02, 1.0167E+01,-1.0000E+00,
18:15:26.85932957, 0.0000E+00, 1.0100E+01, 0.0000E+00,
18:15:26.85932962, 6.6667E-02, 1.0133E+01,-6.6667E-01,
18:15:26.85932967, 0.0000E+00, 1.0133E+01, 0.0000E+00,
18:15:26.85932972, 3.3333E-02, 1.0100E+01,-3.3333E-01,
18:15:26.85932977, 3.3333E-02, 1.0133E+01,-3.3333E-01,
18:15:26.85932982, 1.0000E-01, 1.0200E+01,-6.6667E-01,
18:15:26.85932987, 6.6667E-02, 1.0133E+01,-6.6667E-01,
18:15:26.85932992, 6.6667E-02, 1.0133E+01,-6.6667E-01,
18:15:26.85932997, 3.3333E-02, 1.0133E+01,-3.3333E-01,
18:15:26.85933002, 6.6667E-02, 1.0200E+01,-6.6667E-01,
18:15:26.85933007, 3.3333E-02, 1.0167E+01,-3.3333E-01,
18:15:26.85933012, 6.6667E-02, 1.0167E+01, 0.0000E+00,
18:15:26.85933017, 0.0000E+00, 1.0167E+01, 3.3333E-01,
18:15:26.85933022, 3.3333E-02, 1.0200E+01,-6.6667E-01,
18:15:26.85933027, 3.3333E-02, 1.0133E+01, 3.3333E-01,
18:15:26.85933032, 6.6667E-02, 1.0133E+01, 0.0000E+00,
18:15:26.85933037, 3.3333E-02, 1.0167E+01,-3.3333E-01,
18:15:26.85933042, 6.6667E-02, 1.0167E+01, 0.0000E+00,
18:15:26.85933047, 3.3333E-02, 1.0133E+01,-3.3333E-01,
18:15:26.85933052,-3.3333E-02, 1.0200E+01,-6.6667E-01,
18:15:26.85933057, 6.6667E-02, 1.0100E+01,-3.3333E-01,
18:15:26.85933062, 6.6667E-02, 1.0167E+01,-3.3333E-01,
18:15:26.85933067, 3.3333E-02, 1.0100E+01, 0.0000E+00,
18:15:26.85933072,-3.3333E-02, 1.0100E+01, 0.0000E+00,
18:15:26.85933077, 6.6667E-02, 1.0133E+01, 3.3333E-01,
18:15:26.85933082, 6.6667E-02, 1.0133E+01, 3.3333E-01,
18:15:26.85933087, 3.3333E-02, 1.0100E+01,-3.3333E-01,
18:15:26.85933092, 3.3333E-02, 1.0100E+01, 0.0000E+00,
18:15:26.85933097, 1.0000E-01, 1.0133E+01, 0.0000E+00,
18:15:26.85933102, 3.3333E-02, 1.0133E+01, 0.0000E+00,
18:15:26.85933107,-3.3333E-02, 1.0133E+01, 0.0000E+00,
18:15:26.85933112, 0.0000E+00, 1.0100E+01, 0.0000E+00,
18:15:26.85933117, 1.0000E-01, 1.0233E+01, 3.3333E-01,
18:15:26.85933122, 3.3333E-02, 1.0133E+01,-3.3333E-01,
18:15:26.85933127, 6.6667E-02, 1.0133E+01,-3.3333E-01,
18:15:26.85933132, 0.0000E+00, 1.0200E+01, 3.3333E-01,
