"Header Size"           ,15              
"Model Name"            ,"DL850EV       "
"Comment"               ,"                         "
"BlockNumber"           ,1               
"TraceName"             ,"Vgate         ","Vds           ","Id            "
"BlockSize"             ,4004            ,4004            ,4004            
"VUnit"                 ,"V             ","V             ","A             "
"SampleRate"            ,20000000.000000 ,20000000.000000 ,20000000.000000 
"HResolution"           ,5.000000e-08    ,5.000000e-08    ,5.000000e-08    
"HOffset"               ,-2.000000e-05   ,-2.000000e-05   ,-2.000000e-05   
"HUnit"                 ,"s             ","s             ","s             "
"DisplayPointNo."       ,1               ,1               ,1               
"PhaseShift"            ,1               ,1               ,1               
"Date"                  ,"2026/04/15    ","2026/04/15    ","2026/04/15    "
"Time"                  ,"16:47:27.36916150","16:47:27.36916150","16:47:27.36916150"

16:47:27.36914150, 9.3333E-01, 5.9867E+00,-6.6667E-02,
16:47:27.36914155, 9.0000E-01, 6.0000E+00, 6.6667E-02,
16:47:27.36914160, 9.3333E-01, 6.0267E+00, 1.3333E-01,
16:47:27.36914165, 9.0000E-01, 5.9733E+00, 2.6667E-01,
16:47:27.36914170, 8.6667E-01, 6.0000E+00, 1.3333E-01,
16:47:27.36914175, 9.3333E-01, 6.0267E+00, 2.0000E-01,
16:47:27.36914180, 9.0000E-01, 5.9733E+00,-6.6667E-02,
16:47:27.36914185, 9.3333E-01, 5.9867E+00, 0.0000E+00,
16:47:27.36914190, 9.3333E-01, 6.0000E+00, 3.3333E-01,
16:47:27.36914195, 9.3333E-01, 5.9733E+00, 1.3333E-01,
16:47:27.36914200, 9.3333E-01, 6.0000E+00, 2.0000E-01,
16:47:27.36914205, 9.0000E-01, 6.0133E+00, 3.3333E-01,
16:47:27.36914210, 9.3333E-01, 5.9733E+00, 1.3333E-01,
16:47:27.36914215, 9.0000E-01, 5.9867E+00, 1.3333E-01,
16:47:27.36914220, 8.6667E-01, 6.0267E+00, 1.3333E-01,
16:47:27.36914225, 9.3333E-01, 6.0000E+00, 6.6667E-02,
16:47:27.36914230, 9.0000E-01, 6.0533E+00, 2.0000E-01,
16:47:27.36914235, 9.3333E-01, 6.0000E+00, 6.6667E-02,
16:47:27.36914240, 9.3333E-01, 5.9733E+00, 1.3333E-01,
16:47:27.36914245, 9.3333E-01, 5.9733E+00, 2.0000E-01,
16:47:27.36914250, 9.0000E-01, 6.0000E+00, 3.3333E-01,
16:47:27.36914255, 8.6667E-01, 6.0133E+00, 2.0000E-01,
16:47:27.36914260, 8.6667E-01, 5.9867E+00, 6.6667E-02,
16:47:27.36914265, 9.3333E-01, 6.0267E+00, 2.6667E-01,
16:47:27.36914270, 8.6667E-01, 6.0000E+00, 0.0000E+00,
16:47:27.36914275, 9.0000E-01, 6.0000E+00, 2.0000E-01,
16:47:27.36914280, 9.3333E-01, 6.0133E+00, 1.3333E-01,
16:47:27.36914285, 8.6667E-01, 6.0000E+00, 2.0000E-01,
16:47:27.36914290, 9.0000E-01, 6.0267E+00, 1.3333E-01,
16:47:27.36914295, 9.3333E-01, 6.0267E+00, 0.0000E+00,
16:47:27.36914300, 8.3333E-01, 6.0000E+00, 3.3333E-01,
16:47:27.36914305, 9.3333E-01, 6.0267E+00, 2.6667E-01,
16:47:27.36914310, 9.0000E-01, 5.9867E+00, 1.3333E-01,
16:47:27.36914315, 9.0000E-01, 6.0267E+00, 6.6667E-02,
16:47:27.36914320, 8.3333E-01, 5.9867E+00, 1.3333E-01,
16:47:27.36914325, 9.3333E-01, 5.9867E+00,-6.6667E-02,
16:47:27.36914330, 9.3333E-01, 5.9867E+00, 6.6667E-02,
16:47:27.36914335, 9.3333E-01, 5.9733E+00, 0.0000E+00,
16:47:27.36914340, 9.3333E-01, 5.9733E+00, 2.0000E-01,
16:47:27.36914345, 9.0000E-01, 5.9867E+00, 2.6667E-01,
16:47:27.36914350, 8.6667E-01, 6.0267E+00, 2.6667E-01,
16:47:27.36914355, 9.6667E-01, 6.0000E+00, 1.3333E-01,
16:47:27.36914360, 8.6667E-01, 5.9867E+00, 2.0000E-01,
16:47:27.36914365, 9.0000E-01, 6.0000E+00, 1.3333E-01,
16:47:27.36914370, 9.0000E-01, 6.0133E+00, 1.3333E-01,
16:47:27.36914375, 9.0000E-01, 5.9867E+00, 1.3333E-01,
16:47:27.36914380, 9.3333E-01, 6.0133E+00, 2.0000E-01,
16:47:27.36914385, 9.3333E-01, 6.0000E+00, 1.3333E-01,
16:47:27.36914390, 8.6667E-01, 6.0000E+00, 2.0000E-01,
16:47:27.36914395, 9.0000E-01, 5.9867E+00, 2.0000E-01,
16:47:27.36914400, 9.3333E-01, 5.9733E+00, 6.6667E-02,
16:47:27.36914405, 9.0000E-01, 5.9733E+00, 1.3333E-01,
16:47:27.36914410, 8.6667E-01, 5.9867E+00, 2.6667E-01,
16:47:27.36914415, 9.0000E-01, 6.0133E+00, 2.6667E-01,
16:47:27.36914420, 8.6667E-01, 5.9867E+00, 2.6667E-01,
16:47:27.36914425, 9.0000E-01, 6.0133E+00, 0.0000E+00,
16:47:27.36914430, 9.0000E-01, 6.0000E+00, 1.3333E-01,
16:47:27.36914435, 9.0000E-01, 6.0133E+00, 1.3333E-01,
16:47:27.36914440, 9.3333E-01, 6.0133E+00, 3.3333E-01,
16:47:27.36914445, 9.0000E-01, 6.0000E+00, 3.3333E-01,
16:47:27.36914450, 9.0000E-01, 5.9867E+00, 2.0000E-01,
16:47:27.36914455, 8.6667E-01, 5.9867E+00, 1.3333E-01,
16:47:27.36914460, 9.3333E-01, 6.0400E+00, 2.0000E-01,
16:47:27.36914465, 9.0000E-01, 6.0133E+00, 0.0000E+00,
16:47:27.36914470, 8.6667E-01, 6.0133E+00, 6.6667E-02,
16:47:27.36914475, 9.0000E-01, 6.0133E+00,-6.6667E-02,
16:47:27.36914480, 9.3333E-01, 5.9600E+00, 1.3333E-01,
16:47:27.36914485, 9.3333E-01, 6.0133E+00, 2.6667E-01,
16:47:27.36914490, 9.3333E-01, 5.9867E+00, 2.6667E-01,
16:47:27.36914495, 9.3333E-01, 6.0133E+00, 2.6667E-01,
16:47:27.36914500, 8.6667E-01, 6.0000E+00, 2.0000E-01,
16:47:27.36914505, 9.0000E-01, 6.0267E+00, 2.0000E-01,
16:47:27.36914510, 9.3333E-01, 5.9867E+00, 6.6667E-02,
16:47:27.36914515, 9.3333E-01, 6.0000E+00, 2.0000E-01,
16:47:27.36914520, 9.3333E-01, 6.0000E+00, 1.3333E-01,
16:47:27.36914525, 9.0000E-01, 6.0000E+00, 6.6667E-02,
16:47:27.36914530, 9.3333E-01, 6.0133E+00,-6.6667E-02,
16:47:27.36914535, 9.0000E-01, 6.0000E+00, 6.6667E-02,
16:47:27.36914540, 9.3333E-01, 6.0000E+00, 2.0000E-01,
16:47:27.36914545, 9.0000E-01, 5.9867E+00, 2.6667E-01,
16:47:27.36914550, 9.3333E-01, 6.0267E+00, 2.0000E-01,
16:47:27.36914555, 9.3333E-01, 6.0000E+00, 0.0000E+00,
16:47:27.36914560, 9.3333E-01, 5.9867E+00, 1.3333E-01,
16:47:27.36914565, 9.3333E-01, 5.9867E+00, 1.3333E-01,
16:47:27.36914570, 9.0000E-01, 6.0000E+00,-6.6667E-02,
16:47:27.36914575, 9.3333E-01, 5.9733E+00, 6.6667E-02,
16:47:27.36914580, 1.0000E+00, 6.0000E+00, 2.6667E-01,
16:47:27.36914585, 9.0000E-01, 5.9733E+00, 1.3333E-01,
16:47:27.36914590, 9.3333E-01, 5.9867E+00, 2.6667E-01,
16:47:27.36914595, 9.0000E-01, 6.0000E+00, 2.6667E-01,
16:47:27.36914600, 8.6667E-01, 6.0000E+00, 2.6667E-01,
16:47:27.36914605, 9.3333E-01, 6.0000E+00, 1.3333E-01,
16:47:27.36914610, 9.3333E-01, 6.0133E+00, 1.3333E-01,
16:47:27.36914615, 8.6667E-01, 6.0133E+00, 2.6667E-01,
16:47:27.36914620, 9.0000E-01, 6.0133E+00, 0.0000E+00,
16:47:27.36914625, 9.3333E-01, 5.9867E+00, 1.3333E-01,
16:47:27.36914630, 8.6667E-01, 6.0133E+00, 0.0000E+00,
16:47:27.36914635, 9.3333E-01, 5.9733E+00, 1.3333E-01,
16:47:27.36914640, 9.3333E-01, 6.0000E+00, 1.3333E-01,
16:47:27.36914645, 9.3333E-01, 6.0000E+00, 1.3333E-01,
16:47:27.36914650, 8.6667E-01, 6.0267E+00, 1.3333E-01,
16:47:27.36914655, 8.6667E-01, 6.0000E+00, 1.3333E-01,
16:47:27.36914660, 9.3333E-01, 5.9867E+00, 1.3333E-01,
16:47:27.36914665, 9.3333E-01, 6.0000E+00, 2.0000E-01,
16:47:27.36914670, 9.0000E-01, 6.0133E+00, 2.0000E-01,
16:47:27.36914675, 9.3333E-01, 5.9867E+00, 2.0000E-01,
16:47:27.36914680, 9.3333E-01, 6.0133E+00, 1.3333E-01,
16:47:27.36914685, 9.0000E-01, 6.0133E+00, 1.3333E-01,
16:47:27.36914690, 9.3333E-01, 6.0000E+00, 2.6667E-01,
16:47:27.36914695, 9.0000E-01, 6.0000E+00, 2.6667E-01,
16:47:27.36914700, 9.0000E-01, 6.0000E+00, 2.0000E-01,
16:47:27.36914705, 9.0000E-01, 6.0267E+00, 6.6667E-02,
16:47:27.36914710, 9.0000E-01, 5.9867E+00, 2.0000E-01,
16:47:27.36914715, 9.3333E-01, 5.9867E+00, 2.6667E-01,
16:47:27.36914720, 9.3333E-01, 5.9867E+00, 6.6667E-02,
16:47:27.36914725, 9.0000E-01, 6.0000E+00, 6.6667E-02,
16:47:27.36914730, 9.6667E-01, 5.9867E+00, 3.3333E-01,
16:47:27.36914735, 9.3333E-01, 6.0133E+00, 6.6667E-02,
16:47:27.36914740, 9.3333E-01, 6.0133E+00, 1.3333E-01,
16:47:27.36914745, 9.0000E-01, 6.0133E+00, 1.3333E-01,
16:47:27.36914750, 9.3333E-01, 6.0267E+00, 6.6667E-02,
16:47:27.36914755, 9.0000E-01, 6.0000E+00,-6.6667E-02,
16:47:27.36914760, 9.3333E-01, 5.9867E+00, 6.6667E-02,
16:47:27.36914765, 9.0000E-01, 5.9733E+00, 1.3333E-01,
16:47:27.36914770, 8.6667E-01, 5.9867E+00, 1.3333E-01,
16:47:27.36914775, 9.3333E-01, 6.0133E+00, 2.6667E-01,
16:47:27.36914780, 9.0000E-01, 5.9733E+00, 6.6667E-02,
16:47:27.36914785, 9.3333E-01, 5.9867E+00, 1.3333E-01,
16:47:27.36914790, 9.0000E-01, 6.0000E+00, 2.6667E-01,
16:47:27.36914795, 8.6667E-01, 6.0267E+00, 6.6667E-02,
16:47:27.36914800, 9.3333E-01, 6.0000E+00, 1.3333E-01,
16:47:27.36914805, 9.3333E-01, 5.9600E+00, 1.3333E-01,
16:47:27.36914810, 9.3333E-01, 6.0133E+00, 2.0000E-01,
16:47:27.36914815, 9.3333E-01, 6.0133E+00, 1.3333E-01,
16:47:27.36914820, 9.3333E-01, 6.0133E+00, 0.0000E+00,
16:47:27.36914825, 9.3333E-01, 6.0000E+00, 2.6667E-01,
16:47:27.36914830, 8.6667E-01, 6.0000E+00, 6.6667E-02,
16:47:27.36914835, 9.3333E-01, 6.0000E+00, 6.6667E-02,
16:47:27.36914840, 9.6667E-01, 6.0267E+00, 1.3333E-01,
16:47:27.36914845, 9.0000E-01, 6.0000E+00, 1.3333E-01,
16:47:27.36914850, 9.3333E-01, 6.0267E+00, 1.3333E-01,
16:47:27.36914855, 9.3333E-01, 6.0267E+00, 2.0000E-01,
16:47:27.36914860, 1.0000E+00, 6.0133E+00, 1.3333E-01,
16:47:27.36914865, 9.3333E-01, 5.9867E+00, 0.0000E+00,
16:47:27.36914870, 9.3333E-01, 6.0133E+00, 2.0000E-01,
16:47:27.36914875, 9.6667E-01, 5.9867E+00, 2.0000E-01,
16:47:27.36914880, 9.0000E-01, 6.0267E+00, 2.6667E-01,
16:47:27.36914885, 9.3333E-01, 5.9733E+00, 0.0000E+00,
16:47:27.36914890, 8.6667E-01, 5.9867E+00, 1.3333E-01,
16:47:27.36914895, 9.0000E-01, 5.9733E+00, 6.6667E-02,
16:47:27.36914900, 9.3333E-01, 6.0000E+00, 2.0000E-01,
16:47:27.36914905, 9.3333E-01, 6.0000E+00, 1.3333E-01,
16:47:27.36914910, 9.0000E-01, 6.0267E+00, 2.0000E-01,
16:47:27.36914915, 9.0000E-01, 6.0267E+00, 6.6667E-02,
16:47:27.36914920, 9.0000E-01, 6.0000E+00, 3.3333E-01,
16:47:27.36914925, 9.0000E-01, 6.0000E+00, 1.3333E-01,
16:47:27.36914930, 8.6667E-01, 6.0133E+00, 3.3333E-01,
16:47:27.36914935, 9.0000E-01, 5.9867E+00, 2.6667E-01,
16:47:27.36914940, 9.0000E-01, 5.9867E+00, 2.6667E-01,
16:47:27.36914945, 9.3333E-01, 6.0133E+00, 2.6667E-01,
16:47:27.36914950, 9.0000E-01, 6.0000E+00, 6.6667E-02,
16:47:27.36914955, 9.3333E-01, 5.9867E+00, 6.6667E-02,
16:47:27.36914960, 9.0000E-01, 6.0000E+00, 0.0000E+00,
16:47:27.36914965, 9.6667E-01, 6.0267E+00, 1.3333E-01,
16:47:27.36914970, 9.3333E-01, 6.0133E+00, 0.0000E+00,
16:47:27.36914975, 9.3333E-01, 6.0000E+00, 2.6667E-01,
16:47:27.36914980, 9.0000E-01, 6.0000E+00, 0.0000E+00,
16:47:27.36914985, 9.3333E-01, 6.0000E+00, 0.0000E+00,
16:47:27.36914990, 9.3333E-01, 5.9867E+00, 6.6667E-02,
16:47:27.36914995, 9.3333E-01, 6.0267E+00, 1.3333E-01,
16:47:27.36915000, 9.0000E-01, 5.9733E+00, 0.0000E+00,
16:47:27.36915005, 9.3333E-01, 5.9867E+00, 1.3333E-01,
16:47:27.36915010, 9.0000E-01, 6.0000E+00, 6.6667E-02,
16:47:27.36915015, 9.0000E-01, 6.0133E+00, 6.6667E-02,
16:47:27.36915020, 9.3333E-01, 5.9867E+00,-1.3333E-01,
16:47:27.36915025, 9.3333E-01, 5.9867E+00, 2.0000E-01,
16:47:27.36915030, 9.3333E-01, 6.0000E+00, 6.6667E-02,
16:47:27.36915035, 9.0000E-01, 6.0000E+00, 6.6667E-02,
16:47:27.36915040, 9.0000E-01, 6.0000E+00, 3.3333E-01,
16:47:27.36915045, 9.0000E-01, 6.0267E+00, 2.0000E-01,
16:47:27.36915050, 9.6667E-01, 5.9867E+00, 0.0000E+00,
16:47:27.36915055, 8.6667E-01, 5.9867E+00, 1.3333E-01,
16:47:27.36915060, 9.3333E-01, 6.0133E+00,-1.3333E-01,
16:47:27.36915065, 9.3333E-01, 6.0000E+00, 6.6667E-02,
16:47:27.36915070, 9.3333E-01, 5.9867E+00, 2.0000E-01,
16:47:27.36915075, 8.6667E-01, 6.0133E+00, 2.6667E-01,
16:47:27.36915080, 9.3333E-01, 6.0000E+00, 3.3333E-01,
16:47:27.36915085, 9.3333E-01, 6.0133E+00, 0.0000E+00,
16:47:27.36915090, 9.3333E-01, 6.0000E+00, 0.0000E+00,
16:47:27.36915095, 9.3333E-01, 6.0000E+00, 6.6667E-02,
16:47:27.36915100, 8.6667E-01, 6.0000E+00, 6.6667E-02,
16:47:27.36915105, 9.3333E-01, 6.0133E+00, 2.0000E-01,
16:47:27.36915110, 9.3333E-01, 6.0133E+00,-6.6667E-02,
16:47:27.36915115, 9.3333E-01, 6.0267E+00, 1.3333E-01,
16:47:27.36915120, 9.3333E-01, 6.0000E+00, 1.3333E-01,
16:47:27.36915125, 9.0000E-01, 6.0133E+00, 3.3333E-01,
16:47:27.36915130, 1.0000E+00, 5.9867E+00, 2.0000E-01,
16:47:27.36915135, 9.3333E-01, 6.0000E+00, 1.3333E-01,
16:47:27.36915140, 9.3333E-01, 6.0000E+00, 4.0000E-01,
16:47:27.36915145, 9.3333E-01, 5.9733E+00,-1.3333E-01,
16:47:27.36915150, 9.0000E-01, 6.0000E+00, 6.6667E-02,
16:47:27.36915155, 9.6667E-01, 5.9867E+00, 2.0000E-01,
16:47:27.36915160, 9.0000E-01, 6.0000E+00, 2.0000E-01,
16:47:27.36915165, 9.0000E-01, 5.9867E+00, 2.0000E-01,
16:47:27.36915170, 9.3333E-01, 6.0267E+00, 6.6667E-02,
16:47:27.36915175, 8.0000E-01, 5.9733E+00, 2.0000E-01,
16:47:27.36915180, 9.0000E-01, 5.9867E+00, 1.3333E-01,
16:47:27.36915185, 9.0000E-01, 6.0400E+00, 2.6667E-01,
16:47:27.36915190, 9.3333E-01, 5.9600E+00, 6.6667E-02,
16:47:27.36915195, 9.0000E-01, 6.0267E+00,-6.6667E-02,
16:47:27.36915200, 9.0000E-01, 6.0000E+00, 6.6667E-02,
16:47:27.36915205, 9.0000E-01, 6.0000E+00,-6.6667E-02,
16:47:27.36915210, 9.0000E-01, 5.9733E+00, 2.0000E-01,
16:47:27.36915215, 9.3333E-01, 5.9867E+00,-6.6667E-02,
16:47:27.36915220, 9.3333E-01, 5.9867E+00, 6.6667E-02,
16:47:27.36915225, 8.3333E-01, 5.9867E+00, 2.6667E-01,
16:47:27.36915230, 9.0000E-01, 6.0133E+00, 2.0000E-01,
16:47:27.36915235, 9.3333E-01, 5.9733E+00, 2.6667E-01,
16:47:27.36915240, 9.3333E-01, 5.9733E+00, 2.6667E-01,
16:47:27.36915245, 8.6667E-01, 6.0000E+00, 6.6667E-02,
16:47:27.36915250, 9.3333E-01, 5.9867E+00, 1.3333E-01,
16:47:27.36915255, 9.3333E-01, 5.9867E+00, 1.3333E-01,
16:47:27.36915260, 9.3333E-01, 6.0133E+00, 1.3333E-01,
16:47:27.36915265, 9.3333E-01, 6.0000E+00, 0.0000E+00,
16:47:27.36915270, 9.0000E-01, 5.9867E+00, 6.6667E-02,
16:47:27.36915275, 9.0000E-01, 5.9867E+00, 0.0000E+00,
16:47:27.36915280, 9.3333E-01, 6.0000E+00, 2.0000E-01,
16:47:27.36915285, 9.3333E-01, 5.9600E+00, 1.3333E-01,
16:47:27.36915290, 9.0000E-01, 6.0133E+00,-6.6667E-02,
16:47:27.36915295, 9.3333E-01, 6.0000E+00, 0.0000E+00,
16:47:27.36915300, 9.0000E-01, 5.9733E+00,-6.6667E-02,
16:47:27.36915305, 9.0000E-01, 6.0133E+00, 1.3333E-01,
16:47:27.36915310, 9.3333E-01, 6.0267E+00, 2.0000E-01,
16:47:27.36915315, 8.6667E-01, 6.0133E+00, 0.0000E+00,
16:47:27.36915320, 9.3333E-01, 6.0133E+00, 2.6667E-01,
16:47:27.36915325, 9.0000E-01, 6.0133E+00, 2.0000E-01,
16:47:27.36915330, 9.3333E-01, 5.9867E+00, 2.0000E-01,
16:47:27.36915335, 9.0000E-01, 5.9867E+00, 1.3333E-01,
16:47:27.36915340, 9.3333E-01, 5.9867E+00, 3.3333E-01,
16:47:27.36915345, 9.3333E-01, 6.0000E+00, 6.6667E-02,
16:47:27.36915350, 9.3333E-01, 6.0133E+00, 6.6667E-02,
16:47:27.36915355, 9.6667E-01, 6.0400E+00, 6.6667E-02,
16:47:27.36915360, 9.3333E-01, 6.0000E+00, 0.0000E+00,
16:47:27.36915365, 9.3333E-01, 6.0000E+00,-6.6667E-02,
16:47:27.36915370, 9.3333E-01, 6.0000E+00, 1.3333E-01,
16:47:27.36915375, 9.0000E-01, 5.9867E+00, 1.3333E-01,
16:47:27.36915380, 9.0000E-01, 6.0267E+00, 2.6667E-01,
16:47:27.36915385, 9.0000E-01, 5.9867E+00,-1.3333E-01,
16:47:27.36915390, 9.3333E-01, 6.0133E+00, 2.0000E-01,
16:47:27.36915395, 8.6667E-01, 5.9867E+00, 2.0000E-01,
16:47:27.36915400, 9.3333E-01, 6.0000E+00, 1.3333E-01,
16:47:27.36915405, 9.6667E-01, 6.0267E+00, 2.0000E-01,
16:47:27.36915410, 1.0000E+00, 6.0133E+00, 3.3333E-01,
16:47:27.36915415, 8.3333E-01, 5.9733E+00, 1.3333E-01,
16:47:27.36915420, 9.3333E-01, 6.0267E+00, 1.3333E-01,
16:47:27.36915425, 9.6667E-01, 6.0000E+00, 2.0000E-01,
16:47:27.36915430, 9.3333E-01, 5.9867E+00, 2.0000E-01,
16:47:27.36915435, 9.3333E-01, 6.0000E+00, 1.3333E-01,
16:47:27.36915440, 9.3333E-01, 6.0133E+00, 2.0000E-01,
16:47:27.36915445, 8.3333E-01, 5.9867E+00,-6.6667E-02,
16:47:27.36915450, 9.6667E-01, 6.0133E+00,-6.6667E-02,
16:47:27.36915455, 9.0000E-01, 5.9733E+00, 6.6667E-02,
16:47:27.36915460, 9.0000E-01, 6.0000E+00, 2.0000E-01,
16:47:27.36915465, 8.6667E-01, 5.9733E+00, 1.3333E-01,
16:47:27.36915470, 9.3333E-01, 5.9867E+00, 2.0000E-01,
16:47:27.36915475, 9.3333E-01, 6.0000E+00, 2.6667E-01,
16:47:27.36915480, 9.0000E-01, 6.0133E+00, 6.6667E-02,
16:47:27.36915485, 9.3333E-01, 6.0133E+00, 2.0000E-01,
16:47:27.36915490, 9.3333E-01, 6.0133E+00,-6.6667E-02,
16:47:27.36915495, 9.0000E-01, 6.0133E+00, 2.0000E-01,
16:47:27.36915500, 9.3333E-01, 6.0000E+00, 0.0000E+00,
16:47:27.36915505, 9.3333E-01, 6.0267E+00,-1.3333E-01,
16:47:27.36915510, 9.3333E-01, 5.9600E+00, 1.3333E-01,
16:47:27.36915515, 8.6667E-01, 5.9867E+00, 6.6667E-02,
16:47:27.36915520, 9.3333E-01, 5.9733E+00, 3.3333E-01,
16:47:27.36915525, 9.3333E-01, 6.0000E+00, 2.0000E-01,
16:47:27.36915530, 9.6667E-01, 5.9867E+00, 2.6667E-01,
16:47:27.36915535, 9.3333E-01, 5.9733E+00, 6.6667E-02,
16:47:27.36915540, 9.6667E-01, 6.0133E+00, 0.0000E+00,
16:47:27.36915545, 9.3333E-01, 6.0133E+00, 2.0000E-01,
16:47:27.36915550, 9.3333E-01, 6.0133E+00,-6.6667E-02,
16:47:27.36915555, 9.6667E-01, 6.0000E+00, 2.0000E-01,
16:47:27.36915560, 9.3333E-01, 6.0000E+00, 6.6667E-02,
16:47:27.36915565, 9.0000E-01, 6.0133E+00, 6.6667E-02,
16:47:27.36915570, 9.3333E-01, 6.0133E+00, 2.0000E-01,
16:47:27.36915575, 9.0000E-01, 5.9867E+00, 2.6667E-01,
16:47:27.36915580, 9.6667E-01, 6.0133E+00, 2.0000E-01,
16:47:27.36915585, 9.6667E-01, 5.9867E+00, 2.6667E-01,
16:47:27.36915590, 9.3333E-01, 6.0000E+00, 0.0000E+00,
16:47:27.36915595, 9.0000E-01, 6.0000E+00, 6.6667E-02,
16:47:27.36915600, 9.3333E-01, 6.0000E+00, 2.6667E-01,
16:47:27.36915605, 9.0000E-01, 6.0000E+00, 1.3333E-01,
16:47:27.36915610, 9.0000E-01, 5.9867E+00, 1.3333E-01,
16:47:27.36915615, 9.0000E-01, 5.9600E+00, 1.3333E-01,
16:47:27.36915620, 9.3333E-01, 6.0000E+00, 2.0000E-01,
16:47:27.36915625, 9.3333E-01, 5.9733E+00, 1.3333E-01,
16:47:27.36915630, 9.0000E-01, 6.0000E+00, 1.3333E-01,
16:47:27.36915635, 1.0000E+00, 6.0133E+00,-6.6667E-02,
16:47:27.36915640, 9.6667E-01, 6.0267E+00, 2.6667E-01,
16:47:27.36915645, 9.3333E-01, 5.9867E+00, 3.3333E-01,
16:47:27.36915650, 9.3333E-01, 6.0267E+00, 2.0000E-01,
16:47:27.36915655, 9.0000E-01, 6.0000E+00, 1.3333E-01,
16:47:27.36915660, 9.3333E-01, 6.0000E+00, 6.6667E-02,
16:47:27.36915665, 9.3333E-01, 6.0000E+00, 2.0000E-01,
16:47:27.36915670, 9.6667E-01, 5.9867E+00, 3.3333E-01,
16:47:27.36915675, 9.3333E-01, 6.0133E+00, 1.3333E-01,
16:47:27.36915680, 9.3333E-01, 5.9867E+00, 6.6667E-02,
16:47:27.36915685, 9.3333E-01, 6.0267E+00, 3.3333E-01,
16:47:27.36915690, 9.6667E-01, 6.0133E+00, 6.6667E-02,
16:47:27.36915695, 9.3333E-01, 5.9867E+00, 2.0000E-01,
16:47:27.36915700, 9.3333E-01, 6.0000E+00, 1.3333E-01,
16:47:27.36915705, 9.3333E-01, 6.0267E+00, 2.0000E-01,
16:47:27.36915710, 9.3333E-01, 6.0267E+00, 2.0000E-01,
16:47:27.36915715, 8.6667E-01, 6.0267E+00, 2.0000E-01,
16:47:27.36915720, 9.3333E-01, 6.0133E+00, 2.6667E-01,
16:47:27.36915725, 9.3333E-01, 6.0000E+00, 2.0000E-01,
16:47:27.36915730, 9.0000E-01, 6.0000E+00, 2.0000E-01,
16:47:27.36915735, 9.3333E-01, 6.0000E+00, 0.0000E+00,
16:47:27.36915740, 9.3333E-01, 6.0133E+00, 0.0000E+00,
16:47:27.36915745, 9.3333E-01, 6.0000E+00, 6.6667E-02,
16:47:27.36915750, 9.6667E-01, 6.0133E+00, 1.3333E-01,
16:47:27.36915755, 9.6667E-01, 6.0267E+00, 1.3333E-01,
16:47:27.36915760, 9.3333E-01, 6.0000E+00, 2.0000E-01,
16:47:27.36915765, 1.0000E+00, 6.0133E+00, 2.6667E-01,
16:47:27.36915770, 9.3333E-01, 6.0267E+00, 2.0000E-01,
16:47:27.36915775, 9.0000E-01, 5.9867E+00, 6.6667E-02,
16:47:27.36915780, 9.3333E-01, 6.0000E+00, 2.0000E-01,
16:47:27.36915785, 1.0000E+00, 6.0133E+00, 1.3333E-01,
16:47:27.36915790, 9.3333E-01, 6.0000E+00, 2.0000E-01,
16:47:27.36915795, 9.6667E-01, 5.9733E+00, 1.3333E-01,
16:47:27.36915800, 9.3333E-01, 5.9867E+00, 6.6667E-02,
16:47:27.36915805, 9.0000E-01, 5.9867E+00, 2.0000E-01,
16:47:27.36915810, 9.6667E-01, 6.0133E+00, 1.3333E-01,
16:47:27.36915815, 9.0000E-01, 6.0267E+00, 1.3333E-01,
16:47:27.36915820, 9.3333E-01, 6.0133E+00, 2.6667E-01,
16:47:27.36915825, 9.0000E-01, 6.0133E+00, 2.0000E-01,
16:47:27.36915830, 9.3333E-01, 6.0000E+00, 2.6667E-01,
16:47:27.36915835, 9.6667E-01, 5.9867E+00, 2.0000E-01,
16:47:27.36915840, 9.3333E-01, 5.9867E+00, 1.3333E-01,
16:47:27.36915845, 1.0000E+00, 5.9867E+00, 6.6667E-02,
16:47:27.36915850, 9.0000E-01, 5.9867E+00, 3.3333E-01,
16:47:27.36915855, 9.6667E-01, 5.9867E+00, 1.3333E-01,
16:47:27.36915860, 9.3333E-01, 6.0133E+00, 2.6667E-01,
16:47:27.36915865, 9.3333E-01, 6.0000E+00, 2.6667E-01,
16:47:27.36915870, 9.6667E-01, 5.9867E+00, 3.3333E-01,
16:47:27.36915875, 9.3333E-01, 6.0267E+00, 2.0000E-01,
16:47:27.36915880, 9.3333E-01, 6.0400E+00, 1.3333E-01,
16:47:27.36915885, 9.3333E-01, 6.0133E+00, 2.0000E-01,
16:47:27.36915890, 9.3333E-01, 6.0000E+00, 0.0000E+00,
16:47:27.36915895, 9.0000E-01, 6.0267E+00, 2.0000E-01,
16:47:27.36915900, 9.0000E-01, 6.0133E+00, 1.3333E-01,
16:47:27.36915905, 9.3333E-01, 6.0000E+00, 3.3333E-01,
16:47:27.36915910, 9.6667E-01, 6.0133E+00, 1.3333E-01,
16:47:27.36915915, 9.6667E-01, 6.0000E+00, 3.3333E-01,
16:47:27.36915920, 1.0000E+00, 6.0133E+00, 6.6667E-02,
16:47:27.36915925, 9.0000E-01, 5.9867E+00, 6.6667E-02,
16:47:27.36915930, 9.6667E-01, 5.9733E+00, 6.6667E-02,
16:47:27.36915935, 9.3333E-01, 6.0133E+00, 6.6667E-02,
16:47:27.36915940, 9.3333E-01, 6.0000E+00, 3.3333E-01,
16:47:27.36915945, 1.0000E+00, 6.0000E+00, 3.3333E-01,
16:47:27.36915950, 9.3333E-01, 6.0000E+00, 1.3333E-01,
16:47:27.36915955, 9.3333E-01, 6.0133E+00, 2.0000E-01,
16:47:27.36915960, 9.3333E-01, 5.9733E+00, 3.3333E-01,
16:47:27.36915965, 9.6667E-01, 5.9867E+00, 6.6667E-02,
16:47:27.36915970, 9.3333E-01, 6.0133E+00, 6.6667E-02,
16:47:27.36915975, 9.3333E-01, 6.0000E+00, 0.0000E+00,
16:47:27.36915980, 9.3333E-01, 6.0000E+00, 6.6667E-02,
16:47:27.36915985, 9.3333E-01, 6.0400E+00, 2.0000E-01,
16:47:27.36915990, 9.6667E-01, 6.0000E+00, 2.0000E-01,
16:47:27.36915995, 9.3333E-01, 5.9867E+00, 0.0000E+00,
16:47:27.36916000, 9.0000E-01, 6.0133E+00, 2.0000E-01,
16:47:27.36916005, 1.0000E+00, 5.9733E+00, 2.0000E-01,
16:47:27.36916010, 9.3333E-01, 6.0000E+00, 6.6667E-02,
16:47:27.36916015, 9.6667E-01, 6.0000E+00, 2.0000E-01,
16:47:27.36916020, 9.3333E-01, 6.0133E+00, 2.0000E-01,
16:47:27.36916025, 9.3333E-01, 5.9867E+00, 1.3333E-01,
16:47:27.36916030, 9.3333E-01, 6.0000E+00, 0.0000E+00,
16:47:27.36916035, 9.3333E-01, 6.0400E+00, 1.3333E-01,
16:47:27.36916040, 9.3333E-01, 5.9733E+00, 0.0000E+00,
16:47:27.36916045, 9.3333E-01, 5.9867E+00, 2.0000E-01,
16:47:27.36916050, 9.0000E-01, 6.0267E+00, 2.0000E-01,
16:47:27.36916055, 9.3333E-01, 6.0000E+00, 1.3333E-01,
16:47:27.36916060, 9.6667E-01, 6.0000E+00, 3.3333E-01,
16:47:27.36916065, 1.0000E+00, 6.0133E+00, 6.6667E-02,
16:47:27.36916070, 9.3333E-01, 6.0133E+00, 6.6667E-02,
16:47:27.36916075, 9.0000E-01, 5.9733E+00, 2.0000E-01,
16:47:27.36916080, 9.3333E-01, 6.0000E+00, 1.3333E-01,
16:47:27.36916085, 8.6667E-01, 6.0000E+00, 0.0000E+00,
16:47:27.36916090, 9.3333E-01, 5.9867E+00, 3.3333E-01,
16:47:27.36916095, 9.3333E-01, 6.0133E+00, 1.3333E-01,
16:47:27.36916100, 9.3333E-01, 6.0000E+00, 2.6667E-01,
16:47:27.36916105, 9.0000E-01, 6.0000E+00, 1.3333E-01,
16:47:27.36916110, 9.6667E-01, 6.0000E+00, 1.3333E-01,
16:47:27.36916115, 9.0000E-01, 5.9867E+00, 1.3333E-01,
16:47:27.36916120, 9.0000E-01, 5.9867E+00, 3.3333E-01,
16:47:27.36916125, 9.3333E-01, 5.9867E+00, 2.6667E-01,
16:47:27.36916130, 9.3333E-01, 6.0133E+00, 3.3333E-01,
16:47:27.36916135, 9.0000E-01, 6.0000E+00, 1.3333E-01,
16:47:27.36916140, 9.3333E-01, 6.0133E+00,-6.6667E-02,
16:47:27.36916145, 1.0000E+00, 5.9867E+00, 2.0000E-01,
16:47:27.36916150, 9.0000E-01, 5.9733E+00, 2.0000E-01,
16:47:27.36916155, 1.0000E+00, 6.0133E+00, 2.0000E-01,
16:47:27.36916160, 9.3333E-01, 6.0267E+00, 2.0000E-01,
16:47:27.36916165, 9.3333E-01, 6.0133E+00, 3.3333E-01,
16:47:27.36916170, 9.0000E-01, 6.0133E+00, 6.6667E-02,
16:47:27.36916175, 9.3333E-01, 5.9867E+00, 2.6667E-01,
16:47:27.36916180, 9.6667E-01, 6.0133E+00, 1.3333E-01,
16:47:27.36916185, 8.6667E-01, 5.9867E+00, 0.0000E+00,
16:47:27.36916190, 9.3333E-01, 5.9867E+00, 0.0000E+00,
16:47:27.36916195, 9.0000E-01, 6.0267E+00, 3.3333E-01,
16:47:27.36916200, 9.3333E-01, 6.0133E+00, 1.3333E-01,
16:47:27.36916205, 9.6667E-01, 6.0133E+00, 2.6667E-01,
16:47:27.36916210, 1.0000E+00, 6.0000E+00, 2.0000E-01,
16:47:27.36916215, 9.6667E-01, 6.0000E+00, 2.6667E-01,
16:47:27.36916220, 9.3333E-01, 6.0000E+00, 1.3333E-01,
16:47:27.36916225, 9.3333E-01, 6.0000E+00, 6.6667E-02,
16:47:27.36916230, 9.0000E-01, 6.0133E+00, 2.0000E-01,
16:47:27.36916235, 9.0000E-01, 6.0000E+00, 0.0000E+00,
16:47:27.36916240, 9.3333E-01, 6.0000E+00, 6.6667E-02,
16:47:27.36916245, 9.3333E-01, 6.0133E+00,-6.6667E-02,
16:47:27.36916250, 1.0333E+00, 6.0000E+00, 2.6667E-01,
16:47:27.36916255, 9.3333E-01, 6.0133E+00, 3.3333E-01,
16:47:27.36916260, 1.0000E+00, 6.0533E+00,-6.6667E-02,
16:47:27.36916265, 9.3333E-01, 5.9867E+00, 1.3333E-01,
16:47:27.36916270, 9.3333E-01, 5.9867E+00, 1.3333E-01,
16:47:27.36916275, 9.3333E-01, 6.0000E+00, 2.6667E-01,
16:47:27.36916280, 9.3333E-01, 6.0000E+00, 2.6667E-01,
16:47:27.36916285, 9.3333E-01, 5.9733E+00, 2.0000E-01,
16:47:27.36916290, 1.0000E+00, 6.0133E+00, 0.0000E+00,
16:47:27.36916295, 9.3333E-01, 5.9867E+00, 2.6667E-01,
16:47:27.36916300, 9.6667E-01, 6.0133E+00, 2.0000E-01,
16:47:27.36916305, 1.0333E+00, 5.9733E+00, 2.6667E-01,
16:47:27.36916310, 9.6667E-01, 6.0267E+00, 2.0000E-01,
16:47:27.36916315, 9.3333E-01, 6.0400E+00, 1.3333E-01,
16:47:27.36916320, 9.3333E-01, 6.0267E+00, 2.6667E-01,
16:47:27.36916325, 9.0000E-01, 6.0133E+00, 2.0000E-01,
16:47:27.36916330, 9.0000E-01, 5.9867E+00, 1.3333E-01,
16:47:27.36916335, 9.3333E-01, 5.9867E+00, 2.0000E-01,
16:47:27.36916340, 1.0000E+00, 6.0133E+00, 3.3333E-01,
16:47:27.36916345, 8.6667E-01, 6.0000E+00, 3.3333E-01,
16:47:27.36916350, 1.0000E+00, 6.0133E+00, 2.0000E-01,
16:47:27.36916355, 9.3333E-01, 6.0000E+00, 4.0000E-01,
16:47:27.36916360, 9.3333E-01, 6.0133E+00, 2.0000E-01,
16:47:27.36916365, 9.6667E-01, 6.0000E+00, 2.0000E-01,
16:47:27.36916370, 9.0000E-01, 5.9867E+00, 0.0000E+00,
16:47:27.36916375, 9.6667E-01, 5.9867E+00, 2.6667E-01,
16:47:27.36916380, 9.3333E-01, 5.9867E+00, 2.0000E-01,
16:47:27.36916385, 9.3333E-01, 6.0267E+00, 1.3333E-01,
16:47:27.36916390, 9.0000E-01, 5.9867E+00, 2.6667E-01,
16:47:27.36916395, 9.3333E-01, 5.9867E+00, 2.0000E-01,
16:47:27.36916400, 9.3333E-01, 6.0000E+00, 3.3333E-01,
16:47:27.36916405, 9.6667E-01, 6.0133E+00, 0.0000E+00,
16:47:27.36916410, 9.3333E-01, 6.0000E+00, 3.3333E-01,
16:47:27.36916415, 9.6667E-01, 6.0133E+00, 0.0000E+00,
16:47:27.36916420, 9.3333E-01, 5.9867E+00, 6.6667E-02,
16:47:27.36916425, 8.3333E-01, 6.0133E+00,-6.6667E-02,
16:47:27.36916430, 1.0000E+00, 6.0133E+00, 6.6667E-02,
16:47:27.36916435, 9.6667E-01, 6.0000E+00, 2.6667E-01,
16:47:27.36916440, 9.6667E-01, 5.9867E+00, 1.3333E-01,
16:47:27.36916445, 9.3333E-01, 6.0133E+00, 2.0000E-01,
16:47:27.36916450, 9.3333E-01, 6.0133E+00, 0.0000E+00,
16:47:27.36916455, 9.6667E-01, 6.0000E+00, 2.6667E-01,
16:47:27.36916460, 9.3333E-01, 6.0133E+00, 2.6667E-01,
16:47:27.36916465, 9.3333E-01, 6.0000E+00,-2.0000E-01,
16:47:27.36916470, 8.6667E-01, 6.0000E+00, 6.6667E-02,
16:47:27.36916475, 1.0000E+00, 6.0133E+00,-6.6667E-02,
16:47:27.36916480, 8.6667E-01, 5.9867E+00, 1.3333E-01,
16:47:27.36916485, 9.3333E-01, 6.0000E+00, 1.3333E-01,
16:47:27.36916490, 9.3333E-01, 5.9867E+00, 6.6667E-02,
16:47:27.36916495, 9.0000E-01, 6.0000E+00, 1.3333E-01,
16:47:27.36916500, 9.6667E-01, 6.0000E+00, 6.6667E-02,
16:47:27.36916505, 9.0000E-01, 6.0000E+00, 2.6667E-01,
16:47:27.36916510, 9.3333E-01, 6.0133E+00, 1.3333E-01,
16:47:27.36916515, 9.6667E-01, 5.9867E+00, 6.6667E-02,
16:47:27.36916520, 9.3333E-01, 6.0133E+00,-1.3333E-01,
16:47:27.36916525, 9.3333E-01, 6.0000E+00, 1.3333E-01,
16:47:27.36916530, 1.0000E+00, 6.0133E+00, 6.6667E-02,
16:47:27.36916535, 9.3333E-01, 6.0267E+00, 6.6667E-02,
16:47:27.36916540, 9.6667E-01, 6.0267E+00, 6.6667E-02,
16:47:27.36916545, 9.3333E-01, 5.9867E+00, 1.3333E-01,
16:47:27.36916550, 9.3333E-01, 6.0000E+00,-6.6667E-02,
16:47:27.36916555, 9.0000E-01, 6.0000E+00, 2.0000E-01,
16:47:27.36916560, 9.3333E-01, 5.9867E+00, 6.6667E-02,
16:47:27.36916565, 9.3333E-01, 5.9867E+00, 1.3333E-01,
16:47:27.36916570, 9.6667E-01, 5.9733E+00, 2.0000E-01,
16:47:27.36916575, 9.6667E-01, 6.0000E+00, 1.3333E-01,
16:47:27.36916580, 9.0000E-01, 6.0000E+00, 2.6667E-01,
16:47:27.36916585, 9.3333E-01, 5.9733E+00, 1.3333E-01,
16:47:27.36916590, 9.3333E-01, 6.0000E+00, 2.0000E-01,
16:47:27.36916595, 9.6667E-01, 5.9600E+00, 2.6667E-01,
16:47:27.36916600, 1.0000E+00, 5.9733E+00, 3.3333E-01,
16:47:27.36916605, 9.3333E-01, 6.0133E+00, 1.3333E-01,
16:47:27.36916610, 9.3333E-01, 6.0133E+00, 2.0000E-01,
16:47:27.36916615, 9.3333E-01, 6.0133E+00, 0.0000E+00,
16:47:27.36916620, 9.3333E-01, 6.0000E+00, 0.0000E+00,
16:47:27.36916625, 9.3333E-01, 6.0000E+00, 0.0000E+00,
16:47:27.36916630, 9.3333E-01, 5.9733E+00, 2.6667E-01,
16:47:27.36916635, 1.0000E+00, 6.0000E+00, 6.6667E-02,
16:47:27.36916640, 1.0000E+00, 6.0000E+00, 3.3333E-01,
16:47:27.36916645, 1.0000E+00, 6.0000E+00, 6.6667E-02,
16:47:27.36916650, 9.3333E-01, 6.0133E+00, 6.6667E-02,
16:47:27.36916655, 9.3333E-01, 5.9733E+00, 1.3333E-01,
16:47:27.36916660, 9.3333E-01, 5.9867E+00, 2.0000E-01,
16:47:27.36916665, 9.3333E-01, 5.9733E+00, 0.0000E+00,
16:47:27.36916670, 9.6667E-01, 6.0000E+00, 0.0000E+00,
16:47:27.36916675, 1.0333E+00, 5.9867E+00, 2.0000E-01,
16:47:27.36916680, 9.3333E-01, 6.0133E+00, 3.3333E-01,
16:47:27.36916685, 9.3333E-01, 5.9733E+00, 6.6667E-02,
16:47:27.36916690, 9.6667E-01, 5.9867E+00, 2.6667E-01,
16:47:27.36916695, 9.3333E-01, 6.0267E+00, 2.0000E-01,
16:47:27.36916700, 9.3333E-01, 6.0133E+00, 6.6667E-02,
16:47:27.36916705, 9.0000E-01, 6.0000E+00, 0.0000E+00,
16:47:27.36916710, 9.6667E-01, 6.0000E+00,-6.6667E-02,
16:47:27.36916715, 9.3333E-01, 6.0133E+00, 6.6667E-02,
16:47:27.36916720, 9.3333E-01, 6.0000E+00, 1.3333E-01,
16:47:27.36916725, 9.6667E-01, 5.9867E+00, 2.0000E-01,
16:47:27.36916730, 1.0000E+00, 5.9867E+00, 1.3333E-01,
16:47:27.36916735, 9.6667E-01, 5.9733E+00, 2.0000E-01,
16:47:27.36916740, 1.0000E+00, 6.0133E+00, 2.6667E-01,
16:47:27.36916745, 9.3333E-01, 5.9733E+00, 2.0000E-01,
16:47:27.36916750, 1.0000E+00, 6.0267E+00, 6.6667E-02,
16:47:27.36916755, 9.3333E-01, 6.0267E+00, 6.6667E-02,
16:47:27.36916760, 9.3333E-01, 6.0267E+00, 2.0000E-01,
16:47:27.36916765, 9.3333E-01, 5.9733E+00, 2.0000E-01,
16:47:27.36916770, 9.3333E-01, 5.9867E+00, 3.3333E-01,
16:47:27.36916775, 9.6667E-01, 5.9867E+00,-6.6667E-02,
16:47:27.36916780, 9.3333E-01, 6.0400E+00, 1.3333E-01,
16:47:27.36916785, 9.3333E-01, 6.0133E+00, 2.6667E-01,
16:47:27.36916790, 9.3333E-01, 6.0000E+00, 2.0000E-01,
16:47:27.36916795, 9.3333E-01, 6.0000E+00, 2.6667E-01,
16:47:27.36916800, 1.0000E+00, 6.0000E+00, 2.0000E-01,
16:47:27.36916805, 9.3333E-01, 6.0267E+00, 1.3333E-01,
16:47:27.36916810, 9.3333E-01, 5.9733E+00, 1.3333E-01,
16:47:27.36916815, 9.0000E-01, 6.0133E+00, 0.0000E+00,
16:47:27.36916820, 1.0333E+00, 6.0000E+00, 2.0000E-01,
16:47:27.36916825, 9.0000E-01, 6.0133E+00, 6.6667E-02,
16:47:27.36916830, 9.6667E-01, 5.9867E+00, 2.6667E-01,
16:47:27.36916835, 9.6667E-01, 5.9867E+00, 6.6667E-02,
16:47:27.36916840, 9.3333E-01, 5.9867E+00, 3.3333E-01,
16:47:27.36916845, 9.3333E-01, 6.0400E+00, 1.3333E-01,
16:47:27.36916850, 1.0000E+00, 5.9867E+00, 2.0000E-01,
16:47:27.36916855, 9.3333E-01, 5.9467E+00,-6.6667E-02,
16:47:27.36916860, 9.3333E-01, 6.0000E+00, 0.0000E+00,
16:47:27.36916865, 9.6667E-01, 6.0267E+00, 2.0000E-01,
16:47:27.36916870, 9.3333E-01, 6.0000E+00, 2.6667E-01,
16:47:27.36916875, 9.3333E-01, 5.9867E+00, 2.0000E-01,
16:47:27.36916880, 9.3333E-01, 5.9867E+00, 0.0000E+00,
16:47:27.36916885, 9.6667E-01, 6.0133E+00, 2.0000E-01,
16:47:27.36916890, 9.3333E-01, 6.0000E+00, 2.6667E-01,
16:47:27.36916895, 1.0000E+00, 5.9867E+00, 6.6667E-02,
16:47:27.36916900, 9.6667E-01, 6.0000E+00, 6.6667E-02,
16:47:27.36916905, 9.0000E-01, 6.0267E+00, 6.6667E-02,
16:47:27.36916910, 9.6667E-01, 6.0000E+00, 2.6667E-01,
16:47:27.36916915, 9.3333E-01, 5.9867E+00, 3.3333E-01,
16:47:27.36916920, 9.6667E-01, 5.9867E+00, 6.6667E-02,
16:47:27.36916925, 9.3333E-01, 6.0000E+00, 1.3333E-01,
16:47:27.36916930, 9.3333E-01, 6.0000E+00,-6.6667E-02,
16:47:27.36916935, 9.6667E-01, 6.0133E+00, 3.3333E-01,
16:47:27.36916940, 9.3333E-01, 6.0133E+00, 2.0000E-01,
16:47:27.36916945, 9.0000E-01, 6.0000E+00, 2.0000E-01,
16:47:27.36916950, 9.6667E-01, 6.0400E+00,-1.3333E-01,
16:47:27.36916955, 9.6667E-01, 5.9867E+00, 1.3333E-01,
16:47:27.36916960, 9.6667E-01, 5.9733E+00, 0.0000E+00,
16:47:27.36916965, 9.3333E-01, 5.9867E+00,-1.3333E-01,
16:47:27.36916970, 9.3333E-01, 6.0000E+00, 6.6667E-02,
16:47:27.36916975, 9.3333E-01, 5.9867E+00, 2.0000E-01,
16:47:27.36916980, 9.6667E-01, 5.9867E+00, 2.0000E-01,
16:47:27.36916985, 9.6667E-01, 6.0133E+00, 1.3333E-01,
16:47:27.36916990, 9.3333E-01, 6.0000E+00, 0.0000E+00,
16:47:27.36916995, 1.0000E+00, 6.0267E+00, 0.0000E+00,
16:47:27.36917000, 9.3333E-01, 6.0000E+00, 1.3333E-01,
16:47:27.36917005, 9.6667E-01, 6.0000E+00, 6.6667E-02,
16:47:27.36917010, 9.3333E-01, 6.0267E+00,-6.6667E-02,
16:47:27.36917015, 9.3333E-01, 6.0000E+00, 6.6667E-02,
16:47:27.36917020, 9.6667E-01, 5.9867E+00, 1.3333E-01,
16:47:27.36917025, 9.3333E-01, 6.0267E+00, 0.0000E+00,
16:47:27.36917030, 9.3333E-01, 5.9733E+00, 1.3333E-01,
16:47:27.36917035, 9.3333E-01, 6.0000E+00, 6.6667E-02,
16:47:27.36917040, 9.3333E-01, 5.9867E+00, 1.3333E-01,
16:47:27.36917045, 9.3333E-01, 6.0000E+00, 2.0000E-01,
16:47:27.36917050, 9.3333E-01, 6.0133E+00, 6.6667E-02,
16:47:27.36917055, 9.3333E-01, 6.0133E+00, 0.0000E+00,
16:47:27.36917060, 9.3333E-01, 6.0133E+00, 1.3333E-01,
16:47:27.36917065, 1.0000E+00, 6.0000E+00, 0.0000E+00,
16:47:27.36917070, 9.3333E-01, 6.0000E+00, 2.6667E-01,
16:47:27.36917075, 9.6667E-01, 6.0133E+00, 3.3333E-01,
16:47:27.36917080, 9.3333E-01, 5.9867E+00, 2.6667E-01,
16:47:27.36917085, 9.3333E-01, 5.9600E+00, 2.6667E-01,
16:47:27.36917090, 9.3333E-01, 6.0133E+00, 2.6667E-01,
16:47:27.36917095, 9.6667E-01, 5.9733E+00, 1.3333E-01,
16:47:27.36917100, 9.3333E-01, 6.0267E+00, 1.3333E-01,
16:47:27.36917105, 1.0000E+00, 6.0000E+00,-6.6667E-02,
16:47:27.36917110, 9.6667E-01, 5.9733E+00, 2.0000E-01,
16:47:27.36917115, 1.0333E+00, 6.0000E+00, 0.0000E+00,
16:47:27.36917120, 1.0000E+00, 6.0267E+00, 2.6667E-01,
16:47:27.36917125, 9.3333E-01, 6.0133E+00, 6.6667E-02,
16:47:27.36917130, 1.0000E+00, 6.0133E+00, 2.6667E-01,
16:47:27.36917135, 9.6667E-01, 6.0000E+00, 1.3333E-01,
16:47:27.36917140, 9.6667E-01, 6.0267E+00, 1.3333E-01,
16:47:27.36917145, 9.3333E-01, 6.0267E+00, 6.6667E-02,
16:47:27.36917150, 9.3333E-01, 6.0133E+00, 1.3333E-01,
16:47:27.36917155, 9.3333E-01, 6.0267E+00, 0.0000E+00,
16:47:27.36917160, 9.0000E-01, 6.0133E+00, 2.0000E-01,
16:47:27.36917165, 9.6667E-01, 6.0133E+00, 1.3333E-01,
16:47:27.36917170, 1.0000E+00, 5.9867E+00, 6.6667E-02,
16:47:27.36917175, 9.3333E-01, 6.0000E+00, 2.6667E-01,
16:47:27.36917180, 9.6667E-01, 5.9733E+00, 1.3333E-01,
16:47:27.36917185, 9.3333E-01, 6.0133E+00, 2.6667E-01,
16:47:27.36917190, 9.3333E-01, 6.0267E+00, 6.6667E-02,
16:47:27.36917195, 9.6667E-01, 5.9867E+00, 2.6667E-01,
16:47:27.36917200, 9.3333E-01, 6.0133E+00, 1.3333E-01,
16:47:27.36917205, 9.3333E-01, 5.9867E+00, 1.3333E-01,
16:47:27.36917210, 9.3333E-01, 5.9867E+00,-6.6667E-02,
16:47:27.36917215, 1.0000E+00, 6.0267E+00, 1.3333E-01,
16:47:27.36917220, 1.0333E+00, 5.9867E+00, 2.0000E-01,
16:47:27.36917225, 9.3333E-01, 6.0000E+00, 1.3333E-01,
16:47:27.36917230, 9.3333E-01, 6.0267E+00, 2.0000E-01,
16:47:27.36917235, 9.3333E-01, 6.0133E+00, 0.0000E+00,
16:47:27.36917240, 1.0000E+00, 5.9867E+00, 0.0000E+00,
16:47:27.36917245, 9.3333E-01, 6.0267E+00, 3.3333E-01,
16:47:27.36917250, 1.0333E+00, 5.9867E+00,-6.6667E-02,
16:47:27.36917255, 9.6667E-01, 6.0000E+00, 2.0000E-01,
16:47:27.36917260, 9.3333E-01, 5.9733E+00, 1.3333E-01,
16:47:27.36917265, 1.0667E+00, 5.9867E+00, 3.3333E-01,
16:47:27.36917270, 9.6667E-01, 6.0000E+00, 6.6667E-02,
16:47:27.36917275, 9.3333E-01, 5.9867E+00, 1.3333E-01,
16:47:27.36917280, 9.3333E-01, 6.0000E+00, 2.0000E-01,
16:47:27.36917285, 9.3333E-01, 5.9867E+00, 1.3333E-01,
16:47:27.36917290, 9.6667E-01, 6.0133E+00, 0.0000E+00,
16:47:27.36917295, 9.6667E-01, 6.0267E+00, 0.0000E+00,
16:47:27.36917300, 9.3333E-01, 5.9867E+00, 0.0000E+00,
16:47:27.36917305, 1.0000E+00, 6.0000E+00, 6.6667E-02,
16:47:27.36917310, 9.3333E-01, 5.9867E+00, 1.3333E-01,
16:47:27.36917315, 9.3333E-01, 6.0267E+00, 1.3333E-01,
16:47:27.36917320, 9.3333E-01, 6.0000E+00, 2.0000E-01,
16:47:27.36917325, 9.3333E-01, 6.0133E+00, 2.0000E-01,
16:47:27.36917330, 9.3333E-01, 5.9867E+00, 3.3333E-01,
16:47:27.36917335, 9.3333E-01, 6.0133E+00, 2.0000E-01,
16:47:27.36917340, 9.6667E-01, 6.0133E+00, 1.3333E-01,
16:47:27.36917345, 9.6667E-01, 5.9867E+00, 0.0000E+00,
16:47:27.36917350, 9.6667E-01, 6.0000E+00, 6.6667E-02,
16:47:27.36917355, 9.6667E-01, 6.0133E+00, 1.3333E-01,
16:47:27.36917360, 9.6667E-01, 6.0000E+00, 2.6667E-01,
16:47:27.36917365, 9.6667E-01, 6.0267E+00, 6.6667E-02,
16:47:27.36917370, 9.3333E-01, 6.0400E+00, 1.3333E-01,
16:47:27.36917375, 9.3333E-01, 6.0133E+00, 2.6667E-01,
16:47:27.36917380, 9.3333E-01, 6.0133E+00, 2.6667E-01,
16:47:27.36917385, 9.3333E-01, 6.0000E+00, 1.3333E-01,
16:47:27.36917390, 9.3333E-01, 6.0000E+00, 0.0000E+00,
16:47:27.36917395, 9.6667E-01, 6.0133E+00, 1.3333E-01,
16:47:27.36917400, 9.3333E-01, 5.9867E+00, 6.6667E-02,
16:47:27.36917405, 1.0000E+00, 6.0000E+00, 1.3333E-01,
16:47:27.36917410, 9.3333E-01, 6.0000E+00, 1.3333E-01,
16:47:27.36917415, 1.0000E+00, 6.0000E+00, 0.0000E+00,
16:47:27.36917420, 9.3333E-01, 6.0133E+00, 6.6667E-02,
16:47:27.36917425, 9.3333E-01, 6.0133E+00, 2.0000E-01,
16:47:27.36917430, 9.3333E-01, 6.0133E+00, 1.3333E-01,
16:47:27.36917435, 9.6667E-01, 6.0133E+00, 1.3333E-01,
16:47:27.36917440, 1.0333E+00, 6.0000E+00, 0.0000E+00,
16:47:27.36917445, 9.3333E-01, 6.0267E+00,-1.3333E-01,
16:47:27.36917450, 9.6667E-01, 6.0000E+00, 6.6667E-02,
16:47:27.36917455, 9.6667E-01, 5.9867E+00, 0.0000E+00,
16:47:27.36917460, 1.0000E+00, 5.9867E+00, 0.0000E+00,
16:47:27.36917465, 9.3333E-01, 5.9733E+00, 0.0000E+00,
16:47:27.36917470, 9.6667E-01, 5.9733E+00, 2.0000E-01,
16:47:27.36917475, 9.3333E-01, 6.0000E+00, 2.0000E-01,
16:47:27.36917480, 9.3333E-01, 6.0267E+00, 3.3333E-01,
16:47:27.36917485, 9.6667E-01, 6.0000E+00, 0.0000E+00,
16:47:27.36917490, 1.0000E+00, 5.9867E+00, 6.6667E-02,
16:47:27.36917495, 9.3333E-01, 5.9867E+00, 1.3333E-01,
16:47:27.36917500, 1.0667E+00, 5.9733E+00, 2.0000E-01,
16:47:27.36917505, 9.3333E-01, 6.0133E+00, 6.6667E-02,
16:47:27.36917510, 1.0333E+00, 6.0133E+00, 6.6667E-02,
16:47:27.36917515, 1.0000E+00, 5.9733E+00, 6.6667E-02,
16:47:27.36917520, 1.0000E+00, 6.0133E+00, 1.3333E-01,
16:47:27.36917525, 9.0000E-01, 6.0267E+00, 3.3333E-01,
16:47:27.36917530, 9.3333E-01, 6.0133E+00, 3.3333E-01,
16:47:27.36917535, 8.3333E-01, 6.0133E+00, 6.6667E-02,
16:47:27.36917540, 6.0000E-01, 5.9867E+00,-6.6667E-02,
16:47:27.36917545, 6.0000E-01, 6.0133E+00,-1.3333E-01,
16:47:27.36917550, 6.3333E-01, 5.9867E+00, 1.3333E-01,
16:47:27.36917555, 5.6667E-01, 6.0000E+00, 6.6667E-02,
16:47:27.36917560, 5.6667E-01, 6.0400E+00, 6.6667E-02,
16:47:27.36917565, 5.6667E-01, 6.0133E+00, 4.0000E-01,
16:47:27.36917570, 5.6667E-01, 5.9867E+00, 2.0000E-01,
16:47:27.36917575, 5.6667E-01, 6.0000E+00, 2.0000E-01,
16:47:27.36917580, 5.0000E-01, 6.0133E+00, 1.3333E-01,
16:47:27.36917585, 5.6667E-01, 5.9733E+00, 2.0000E-01,
16:47:27.36917590, 5.3333E-01, 6.0000E+00,-6.6667E-02,
16:47:27.36917595, 5.6667E-01, 5.9867E+00, 1.3333E-01,
16:47:27.36917600, 5.6667E-01, 6.0000E+00, 2.0000E-01,
16:47:27.36917605, 5.3333E-01, 6.0000E+00, 3.3333E-01,
16:47:27.36917610, 5.6667E-01, 6.0267E+00, 6.6667E-02,
16:47:27.36917615, 5.6667E-01, 6.0000E+00, 6.6667E-02,
16:47:27.36917620, 5.3333E-01, 6.0000E+00, 2.6667E-01,
16:47:27.36917625, 5.3333E-01, 6.0000E+00, 2.0000E-01,
16:47:27.36917630, 5.6667E-01, 5.9733E+00, 1.3333E-01,
16:47:27.36917635, 5.3333E-01, 5.9733E+00, 6.6667E-02,
16:47:27.36917640, 5.3333E-01, 6.0000E+00,-6.6667E-02,
16:47:27.36917645, 5.0000E-01, 5.9867E+00,-6.6667E-02,
16:47:27.36917650, 5.3333E-01, 6.0000E+00, 6.6667E-02,
16:47:27.36917655, 5.3333E-01, 6.0133E+00, 6.6667E-02,
16:47:27.36917660, 5.0000E-01, 5.9867E+00, 1.3333E-01,
16:47:27.36917665, 5.6667E-01, 6.0000E+00, 2.6667E-01,
16:47:27.36917670, 4.6667E-01, 5.9733E+00,-6.6667E-02,
16:47:27.36917675, 5.0000E-01, 6.0400E+00, 2.0000E-01,
16:47:27.36917680, 5.3333E-01, 6.0000E+00, 0.0000E+00,
16:47:27.36917685, 5.0000E-01, 6.0133E+00, 0.0000E+00,
16:47:27.36917690, 5.3333E-01, 6.0000E+00, 0.0000E+00,
16:47:27.36917695, 5.6667E-01, 5.9600E+00, 1.3333E-01,
16:47:27.36917700, 5.6667E-01, 5.9733E+00, 2.6667E-01,
16:47:27.36917705, 5.6667E-01, 6.0133E+00, 2.6667E-01,
16:47:27.36917710, 4.6667E-01, 6.0133E+00, 6.6667E-02,
16:47:27.36917715, 5.0000E-01, 6.0400E+00, 2.0000E-01,
16:47:27.36917720, 4.3333E-01, 5.9867E+00, 6.6667E-02,
16:47:27.36917725, 5.0000E-01, 5.9733E+00, 3.3333E-01,
16:47:27.36917730, 5.3333E-01, 6.0133E+00, 2.0000E-01,
16:47:27.36917735, 5.0000E-01, 5.9733E+00, 6.6667E-02,
16:47:27.36917740, 5.0000E-01, 6.0133E+00, 2.0000E-01,
16:47:27.36917745, 5.6667E-01, 6.0000E+00, 2.6667E-01,
16:47:27.36917750, 5.3333E-01, 6.0000E+00, 2.0000E-01,
16:47:27.36917755, 5.6667E-01, 6.0133E+00,-6.6667E-02,
16:47:27.36917760, 5.3333E-01, 6.0133E+00, 2.0000E-01,
16:47:27.36917765, 5.0000E-01, 6.0133E+00, 1.3333E-01,
16:47:27.36917770, 5.0000E-01, 6.0133E+00, 2.6667E-01,
16:47:27.36917775, 5.3333E-01, 6.0400E+00,-6.6667E-02,
16:47:27.36917780, 5.0000E-01, 6.0133E+00, 1.3333E-01,
16:47:27.36917785, 5.0000E-01, 6.0000E+00, 0.0000E+00,
16:47:27.36917790, 6.0000E-01, 6.0000E+00, 0.0000E+00,
16:47:27.36917795, 4.3333E-01, 6.0000E+00, 2.6667E-01,
16:47:27.36917800, 5.0000E-01, 5.9867E+00, 6.6667E-02,
16:47:27.36917805, 5.0000E-01, 6.0133E+00, 1.3333E-01,
16:47:27.36917810, 4.6667E-01, 5.9733E+00, 2.6667E-01,
16:47:27.36917815, 4.6667E-01, 6.0133E+00, 2.0000E-01,
16:47:27.36917820, 4.6667E-01, 6.0000E+00, 2.6667E-01,
16:47:27.36917825, 4.3333E-01, 5.9733E+00, 1.3333E-01,
16:47:27.36917830, 4.6667E-01, 5.9600E+00, 2.6667E-01,
16:47:27.36917835, 4.6667E-01, 5.9867E+00, 2.0000E-01,
16:47:27.36917840, 4.6667E-01, 5.9467E+00, 6.6667E-02,
16:47:27.36917845, 5.0000E-01, 5.9733E+00, 0.0000E+00,
16:47:27.36917850, 4.3333E-01, 6.0133E+00, 1.3333E-01,
16:47:27.36917855, 5.0000E-01, 6.0133E+00, 2.0000E-01,
16:47:27.36917860, 5.0000E-01, 5.9867E+00, 2.6667E-01,
16:47:27.36917865, 4.6667E-01, 6.0133E+00, 0.0000E+00,
16:47:27.36917870, 4.6667E-01, 6.0000E+00, 6.6667E-02,
16:47:27.36917875, 4.6667E-01, 5.9867E+00, 6.6667E-02,
16:47:27.36917880, 5.3333E-01, 5.9867E+00, 6.6667E-02,
16:47:27.36917885, 4.3333E-01, 5.9867E+00,-1.3333E-01,
16:47:27.36917890, 5.0000E-01, 5.9867E+00, 2.6667E-01,
16:47:27.36917895, 5.0000E-01, 5.9733E+00, 3.3333E-01,
16:47:27.36917900, 4.6667E-01, 6.0400E+00, 6.6667E-02,
16:47:27.36917905, 4.3333E-01, 5.9733E+00, 6.6667E-02,
16:47:27.36917910, 5.0000E-01, 6.0000E+00, 2.6667E-01,
16:47:27.36917915, 4.3333E-01, 6.0133E+00, 1.3333E-01,
16:47:27.36917920, 4.6667E-01, 6.0133E+00,-6.6667E-02,
16:47:27.36917925, 5.3333E-01, 6.0267E+00, 2.6667E-01,
16:47:27.36917930, 4.3333E-01, 6.0000E+00,-6.6667E-02,
16:47:27.36917935, 5.0000E-01, 6.0000E+00, 6.6667E-02,
16:47:27.36917940, 4.3333E-01, 5.9867E+00, 1.3333E-01,
16:47:27.36917945, 4.6667E-01, 5.9867E+00, 0.0000E+00,
16:47:27.36917950, 4.0000E-01, 6.0133E+00, 2.0000E-01,
16:47:27.36917955, 4.3333E-01, 6.0267E+00, 4.0000E-01,
16:47:27.36917960, 4.0000E-01, 6.0133E+00, 2.0000E-01,
16:47:27.36917965, 4.0000E-01, 6.0133E+00, 1.3333E-01,
16:47:27.36917970, 4.3333E-01, 6.0000E+00, 6.6667E-02,
16:47:27.36917975, 5.0000E-01, 6.0400E+00, 0.0000E+00,
16:47:27.36917980, 5.6667E-01, 6.0000E+00, 2.0000E-01,
16:47:27.36917985, 4.3333E-01, 6.0133E+00, 2.0000E-01,
16:47:27.36917990, 4.3333E-01, 6.0400E+00, 2.6667E-01,
16:47:27.36917995, 4.3333E-01, 5.9867E+00, 1.3333E-01,
16:47:27.36918000, 4.3333E-01, 6.0267E+00, 2.0000E-01,
16:47:27.36918005, 4.6667E-01, 6.0133E+00, 2.0000E-01,
16:47:27.36918010, 4.3333E-01, 6.0133E+00, 2.6667E-01,
16:47:27.36918015, 3.6667E-01, 6.0000E+00, 6.6667E-02,
16:47:27.36918020, 4.3333E-01, 5.9867E+00,-6.6667E-02,
16:47:27.36918025, 4.3333E-01, 5.9867E+00, 0.0000E+00,
16:47:27.36918030, 4.6667E-01, 5.9733E+00, 6.6667E-02,
16:47:27.36918035, 4.0000E-01, 6.0000E+00, 2.0000E-01,
16:47:27.36918040, 5.0000E-01, 6.0533E+00, 6.6667E-02,
16:47:27.36918045, 4.3333E-01, 5.9867E+00, 0.0000E+00,
16:47:27.36918050, 3.3333E-01, 6.0000E+00, 1.3333E-01,
16:47:27.36918055, 3.6667E-01, 5.9733E+00, 2.0000E-01,
16:47:27.36918060, 3.6667E-01, 6.0133E+00, 1.3333E-01,
16:47:27.36918065, 3.6667E-01, 6.0000E+00, 0.0000E+00,
16:47:27.36918070, 3.6667E-01, 6.0133E+00, 0.0000E+00,
16:47:27.36918075, 3.3333E-01, 6.0000E+00, 0.0000E+00,
16:47:27.36918080, 4.6667E-01, 6.0133E+00, 2.0000E-01,
16:47:27.36918085, 4.3333E-01, 6.0133E+00, 0.0000E+00,
16:47:27.36918090, 4.0000E-01, 6.0133E+00,-6.6667E-02,
16:47:27.36918095, 4.3333E-01, 6.0000E+00, 2.0000E-01,
16:47:27.36918100, 4.0000E-01, 6.0133E+00, 2.6667E-01,
16:47:27.36918105, 3.6667E-01, 5.9467E+00, 1.3333E-01,
16:47:27.36918110, 4.0000E-01, 6.0000E+00, 2.0000E-01,
16:47:27.36918115, 4.6667E-01, 6.0000E+00, 2.6667E-01,
16:47:27.36918120, 4.3333E-01, 6.0000E+00, 2.0000E-01,
16:47:27.36918125, 5.0000E-01, 6.0000E+00, 2.0000E-01,
16:47:27.36918130, 4.0000E-01, 5.9733E+00, 2.0000E-01,
16:47:27.36918135, 4.0000E-01, 5.9600E+00, 1.3333E-01,
16:47:27.36918140, 4.3333E-01, 6.0000E+00, 6.6667E-02,
16:47:27.36918145, 4.0000E-01, 6.0133E+00, 3.3333E-01,
16:47:27.36918150, 4.0000E-01, 5.9867E+00, 1.3333E-01,
16:47:27.36918155, 4.0000E-01, 6.0133E+00, 1.3333E-01,
16:47:27.36918160, 4.0000E-01, 6.0400E+00, 1.3333E-01,
16:47:27.36918165, 3.6667E-01, 6.0267E+00, 1.3333E-01,
16:47:27.36918170, 4.0000E-01, 6.0267E+00, 0.0000E+00,
16:47:27.36918175, 3.6667E-01, 6.0133E+00,-6.6667E-02,
16:47:27.36918180, 4.6667E-01, 6.0133E+00, 0.0000E+00,
16:47:27.36918185, 3.6667E-01, 6.0400E+00, 0.0000E+00,
16:47:27.36918190, 4.0000E-01, 5.9867E+00, 1.3333E-01,
16:47:27.36918195, 4.0000E-01, 6.0000E+00, 1.3333E-01,
16:47:27.36918200, 3.6667E-01, 6.0133E+00, 0.0000E+00,
16:47:27.36918205, 4.3333E-01, 5.9867E+00, 2.0000E-01,
16:47:27.36918210, 3.3333E-01, 6.0133E+00, 1.3333E-01,
16:47:27.36918215, 3.6667E-01, 6.0267E+00, 6.6667E-02,
16:47:27.36918220, 3.6667E-01, 6.0000E+00, 2.0000E-01,
16:47:27.36918225, 4.0000E-01, 5.9867E+00, 2.0000E-01,
16:47:27.36918230, 4.0000E-01, 6.0267E+00,-6.6667E-02,
16:47:27.36918235, 4.0000E-01, 6.0000E+00,-6.6667E-02,
16:47:27.36918240, 3.6667E-01, 6.0000E+00, 2.0000E-01,
16:47:27.36918245, 3.3333E-01, 6.0000E+00, 6.6667E-02,
16:47:27.36918250, 3.0000E-01, 6.0000E+00, 2.6667E-01,
16:47:27.36918255, 3.6667E-01, 5.9867E+00, 6.6667E-02,
16:47:27.36918260, 3.6667E-01, 6.0000E+00, 6.6667E-02,
16:47:27.36918265, 3.6667E-01, 6.0000E+00, 1.3333E-01,
16:47:27.36918270, 3.3333E-01, 6.0000E+00, 2.0000E-01,
16:47:27.36918275, 3.0000E-01, 6.0133E+00, 2.0000E-01,
16:47:27.36918280, 3.3333E-01, 6.0000E+00, 2.6667E-01,
16:47:27.36918285, 3.0000E-01, 6.0133E+00, 2.0000E-01,
16:47:27.36918290, 3.6667E-01, 6.0000E+00, 2.0000E-01,
16:47:27.36918295, 3.3333E-01, 6.0267E+00, 2.6667E-01,
16:47:27.36918300, 3.0000E-01, 6.0133E+00, 2.0000E-01,
16:47:27.36918305, 3.0000E-01, 6.0133E+00, 0.0000E+00,
16:47:27.36918310, 3.6667E-01, 5.9867E+00, 2.6667E-01,
16:47:27.36918315, 3.3333E-01, 6.0267E+00, 6.6667E-02,
16:47:27.36918320, 3.6667E-01, 6.0267E+00, 0.0000E+00,
16:47:27.36918325, 3.6667E-01, 6.0000E+00, 1.3333E-01,
16:47:27.36918330, 3.6667E-01, 6.0133E+00, 2.0000E-01,
16:47:27.36918335, 2.6667E-01, 5.9867E+00, 1.3333E-01,
16:47:27.36918340, 3.6667E-01, 6.0133E+00, 2.6667E-01,
16:47:27.36918345, 3.6667E-01, 6.0000E+00, 2.0000E-01,
16:47:27.36918350, 3.6667E-01, 5.9867E+00, 1.3333E-01,
16:47:27.36918355, 3.0000E-01, 5.9867E+00, 2.0000E-01,
16:47:27.36918360, 3.0000E-01, 6.0000E+00, 6.6667E-02,
16:47:27.36918365, 3.6667E-01, 6.0133E+00, 2.0000E-01,
16:47:27.36918370, 3.0000E-01, 6.0400E+00, 1.3333E-01,
16:47:27.36918375, 4.0000E-01, 6.0133E+00, 6.6667E-02,
16:47:27.36918380, 3.6667E-01, 6.0133E+00,-6.6667E-02,
16:47:27.36918385, 3.0000E-01, 6.0000E+00, 6.6667E-02,
16:47:27.36918390, 3.6667E-01, 6.0133E+00, 0.0000E+00,
16:47:27.36918395, 3.3333E-01, 6.0133E+00, 3.3333E-01,
16:47:27.36918400, 3.0000E-01, 6.0267E+00, 2.6667E-01,
16:47:27.36918405, 3.6667E-01, 6.0133E+00, 3.3333E-01,
16:47:27.36918410, 3.3333E-01, 6.0133E+00, 1.3333E-01,
16:47:27.36918415, 3.6667E-01, 6.0133E+00, 1.3333E-01,
16:47:27.36918420, 3.3333E-01, 6.0000E+00, 1.3333E-01,
16:47:27.36918425, 4.0000E-01, 5.9733E+00, 6.6667E-02,
16:47:27.36918430, 3.3333E-01, 6.0000E+00, 0.0000E+00,
16:47:27.36918435, 3.6667E-01, 6.0133E+00, 1.3333E-01,
16:47:27.36918440, 2.6667E-01, 5.9600E+00, 1.3333E-01,
16:47:27.36918445, 3.3333E-01, 6.0000E+00, 3.3333E-01,
16:47:27.36918450, 3.0000E-01, 5.9733E+00, 6.6667E-02,
16:47:27.36918455, 3.3333E-01, 6.0133E+00, 6.6667E-02,
16:47:27.36918460, 3.3333E-01, 6.0133E+00, 6.6667E-02,
16:47:27.36918465, 3.3333E-01, 6.0133E+00, 0.0000E+00,
16:47:27.36918470, 3.0000E-01, 5.9867E+00, 2.6667E-01,
16:47:27.36918475, 3.0000E-01, 6.0000E+00, 0.0000E+00,
16:47:27.36918480, 2.6667E-01, 6.0133E+00, 1.3333E-01,
16:47:27.36918485, 2.6667E-01, 6.0000E+00, 1.3333E-01,
16:47:27.36918490, 2.3333E-01, 5.9867E+00,-6.6667E-02,
16:47:27.36918495, 2.6667E-01, 6.0000E+00, 2.0000E-01,
16:47:27.36918500, 2.6667E-01, 5.9733E+00, 2.6667E-01,
16:47:27.36918505, 3.3333E-01, 6.0000E+00, 3.3333E-01,
16:47:27.36918510, 3.6667E-01, 6.0267E+00, 1.3333E-01,
16:47:27.36918515, 3.3333E-01, 5.9733E+00, 2.0000E-01,
16:47:27.36918520, 3.0000E-01, 6.0133E+00, 0.0000E+00,
16:47:27.36918525, 3.0000E-01, 6.0000E+00, 6.6667E-02,
16:47:27.36918530, 3.3333E-01, 6.0267E+00, 4.0000E-01,
16:47:27.36918535, 3.6667E-01, 5.9867E+00, 6.6667E-02,
16:47:27.36918540, 3.3333E-01, 6.0000E+00, 2.6667E-01,
16:47:27.36918545, 2.6667E-01, 6.0000E+00, 2.6667E-01,
16:47:27.36918550, 3.3333E-01, 5.9867E+00, 6.6667E-02,
16:47:27.36918555, 4.0000E-01, 6.0000E+00, 0.0000E+00,
16:47:27.36918560, 3.0000E-01, 5.9867E+00,-1.3333E-01,
16:47:27.36918565, 3.3333E-01, 6.0267E+00, 6.6667E-02,
16:47:27.36918570, 2.3333E-01, 6.0000E+00, 0.0000E+00,
16:47:27.36918575, 3.0000E-01, 6.0267E+00, 1.3333E-01,
16:47:27.36918580, 2.6667E-01, 6.0000E+00, 6.6667E-02,
16:47:27.36918585, 2.3333E-01, 5.9867E+00, 3.3333E-01,
16:47:27.36918590, 3.0000E-01, 6.0267E+00, 2.6667E-01,
16:47:27.36918595, 2.3333E-01, 6.0133E+00, 6.6667E-02,
16:47:27.36918600, 2.6667E-01, 6.0267E+00, 2.6667E-01,
16:47:27.36918605, 3.3333E-01, 6.0000E+00, 2.0000E-01,
16:47:27.36918610, 3.3333E-01, 6.0000E+00, 2.0000E-01,
16:47:27.36918615, 2.6667E-01, 6.0267E+00, 6.6667E-02,
16:47:27.36918620, 2.3333E-01, 5.9867E+00, 1.3333E-01,
16:47:27.36918625, 3.0000E-01, 6.0000E+00, 1.3333E-01,
16:47:27.36918630, 3.0000E-01, 6.0133E+00, 1.3333E-01,
16:47:27.36918635, 2.6667E-01, 5.9867E+00, 2.6667E-01,
16:47:27.36918640, 3.6667E-01, 6.0000E+00, 1.3333E-01,
16:47:27.36918645, 2.0000E-01, 5.9867E+00, 2.0000E-01,
16:47:27.36918650, 3.0000E-01, 6.0000E+00, 0.0000E+00,
16:47:27.36918655, 3.6667E-01, 6.0000E+00, 2.0000E-01,
16:47:27.36918660, 3.3333E-01, 6.0000E+00, 1.3333E-01,
16:47:27.36918665, 3.0000E-01, 5.9867E+00, 6.6667E-02,
16:47:27.36918670, 2.3333E-01, 6.0000E+00, 6.6667E-02,
16:47:27.36918675, 2.6667E-01, 5.9867E+00, 0.0000E+00,
16:47:27.36918680, 2.3333E-01, 6.0000E+00,-6.6667E-02,
16:47:27.36918685, 2.6667E-01, 6.0000E+00, 1.3333E-01,
16:47:27.36918690, 2.6667E-01, 5.9733E+00, 2.0000E-01,
16:47:27.36918695, 2.6667E-01, 6.0267E+00, 2.6667E-01,
16:47:27.36918700, 2.6667E-01, 5.9867E+00, 1.3333E-01,
16:47:27.36918705, 2.6667E-01, 6.0000E+00, 6.6667E-02,
16:47:27.36918710, 3.0000E-01, 5.9733E+00, 2.0000E-01,
16:47:27.36918715, 2.6667E-01, 5.9733E+00, 1.3333E-01,
16:47:27.36918720, 2.6667E-01, 6.0000E+00, 0.0000E+00,
16:47:27.36918725, 2.6667E-01, 5.9733E+00, 3.3333E-01,
16:47:27.36918730, 3.0000E-01, 6.0000E+00, 1.3333E-01,
16:47:27.36918735, 3.0000E-01, 5.9733E+00, 6.6667E-02,
16:47:27.36918740, 2.6667E-01, 5.9867E+00, 4.0000E-01,
16:47:27.36918745, 2.3333E-01, 6.0000E+00, 2.0000E-01,
16:47:27.36918750, 2.6667E-01, 5.9867E+00, 1.3333E-01,
16:47:27.36918755, 2.3333E-01, 6.0133E+00, 2.6667E-01,
16:47:27.36918760, 2.6667E-01, 6.0000E+00, 2.6667E-01,
16:47:27.36918765, 2.3333E-01, 5.9733E+00, 2.0000E-01,
16:47:27.36918770, 2.3333E-01, 6.0000E+00, 1.3333E-01,
16:47:27.36918775, 2.6667E-01, 6.0000E+00, 2.6667E-01,
16:47:27.36918780, 2.6667E-01, 6.0000E+00, 2.6667E-01,
16:47:27.36918785, 3.0000E-01, 5.9867E+00, 2.0000E-01,
16:47:27.36918790, 3.0000E-01, 5.9867E+00, 2.0000E-01,
16:47:27.36918795, 2.6667E-01, 5.9867E+00, 6.6667E-02,
16:47:27.36918800, 3.0000E-01, 6.0133E+00, 2.0000E-01,
16:47:27.36918805, 2.3333E-01, 6.0133E+00, 6.6667E-02,
16:47:27.36918810, 2.6667E-01, 6.0000E+00, 0.0000E+00,
16:47:27.36918815, 2.0000E-01, 6.0133E+00, 0.0000E+00,
16:47:27.36918820, 2.6667E-01, 5.9867E+00, 0.0000E+00,
16:47:27.36918825, 2.3333E-01, 6.0000E+00, 6.6667E-02,
16:47:27.36918830, 2.3333E-01, 6.0267E+00, 6.6667E-02,
16:47:27.36918835, 2.0000E-01, 6.0000E+00, 3.3333E-01,
16:47:27.36918840, 2.3333E-01, 6.0267E+00, 2.0000E-01,
16:47:27.36918845, 2.0000E-01, 6.0267E+00, 2.0000E-01,
16:47:27.36918850, 2.6667E-01, 6.0133E+00, 6.6667E-02,
16:47:27.36918855, 3.0000E-01, 5.9867E+00, 6.6667E-02,
16:47:27.36918860, 2.0000E-01, 5.9733E+00, 0.0000E+00,
16:47:27.36918865, 2.0000E-01, 5.9733E+00, 6.6667E-02,
16:47:27.36918870, 2.0000E-01, 6.0000E+00, 0.0000E+00,
16:47:27.36918875, 2.0000E-01, 6.0133E+00, 2.6667E-01,
16:47:27.36918880, 2.3333E-01, 6.0267E+00, 3.3333E-01,
16:47:27.36918885, 2.0000E-01, 6.0267E+00, 1.3333E-01,
16:47:27.36918890, 3.0000E-01, 6.0133E+00, 3.3333E-01,
16:47:27.36918895, 2.3333E-01, 6.0000E+00, 2.6667E-01,
16:47:27.36918900, 2.3333E-01, 6.0133E+00, 6.6667E-02,
16:47:27.36918905, 2.3333E-01, 5.9733E+00, 2.0000E-01,
16:47:27.36918910, 2.6667E-01, 5.9733E+00, 6.6667E-02,
16:47:27.36918915, 2.3333E-01, 6.0133E+00, 6.6667E-02,
16:47:27.36918920, 2.3333E-01, 6.0133E+00, 2.6667E-01,
16:47:27.36918925, 2.0000E-01, 5.9867E+00, 6.6667E-02,
16:47:27.36918930, 2.3333E-01, 6.0000E+00, 3.3333E-01,
16:47:27.36918935, 2.6667E-01, 6.0000E+00, 0.0000E+00,
16:47:27.36918940, 2.0000E-01, 6.0000E+00, 2.0000E-01,
16:47:27.36918945, 2.6667E-01, 6.0133E+00, 1.3333E-01,
16:47:27.36918950, 2.3333E-01, 6.0133E+00, 2.6667E-01,
16:47:27.36918955, 2.0000E-01, 5.9733E+00, 2.0000E-01,
16:47:27.36918960, 2.0000E-01, 6.0000E+00, 0.0000E+00,
16:47:27.36918965, 2.0000E-01, 6.0000E+00, 1.3333E-01,
16:47:27.36918970, 2.0000E-01, 6.0133E+00, 2.6667E-01,
16:47:27.36918975, 1.6667E-01, 6.0267E+00, 2.0000E-01,
16:47:27.36918980, 2.0000E-01, 6.0000E+00, 6.6667E-02,
16:47:27.36918985, 2.3333E-01, 6.0000E+00, 6.6667E-02,
16:47:27.36918990, 2.3333E-01, 6.0000E+00, 3.3333E-01,
16:47:27.36918995, 2.3333E-01, 6.0000E+00, 6.6667E-02,
16:47:27.36919000, 2.3333E-01, 5.9867E+00, 1.3333E-01,
16:47:27.36919005, 2.0000E-01, 6.0133E+00, 2.6667E-01,
16:47:27.36919010, 2.0000E-01, 6.0000E+00, 1.3333E-01,
16:47:27.36919015, 2.0000E-01, 6.0133E+00, 2.0000E-01,
16:47:27.36919020, 2.6667E-01, 6.0000E+00, 2.0000E-01,
16:47:27.36919025, 2.6667E-01, 6.0267E+00, 1.3333E-01,
16:47:27.36919030, 2.0000E-01, 6.0000E+00, 2.0000E-01,
16:47:27.36919035, 2.6667E-01, 5.9733E+00, 6.6667E-02,
16:47:27.36919040, 2.3333E-01, 6.0000E+00, 6.6667E-02,
16:47:27.36919045, 2.0000E-01, 5.9867E+00, 1.3333E-01,
16:47:27.36919050, 1.6667E-01, 6.0133E+00, 6.6667E-02,
16:47:27.36919055, 2.0000E-01, 6.0267E+00, 6.6667E-02,
16:47:27.36919060, 2.3333E-01, 5.9733E+00, 6.6667E-02,
16:47:27.36919065, 2.0000E-01, 6.0133E+00, 6.6667E-02,
16:47:27.36919070, 2.0000E-01, 6.0133E+00, 6.6667E-02,
16:47:27.36919075, 2.3333E-01, 5.9867E+00, 0.0000E+00,
16:47:27.36919080, 2.0000E-01, 5.9867E+00, 2.6667E-01,
16:47:27.36919085, 2.0000E-01, 5.9867E+00,-6.6667E-02,
16:47:27.36919090, 2.3333E-01, 6.0267E+00,-6.6667E-02,
16:47:27.36919095, 2.3333E-01, 6.0133E+00,-1.3333E-01,
16:47:27.36919100, 2.3333E-01, 6.0000E+00, 1.3333E-01,
16:47:27.36919105, 2.3333E-01, 5.9733E+00, 6.6667E-02,
16:47:27.36919110, 2.0000E-01, 6.0000E+00, 6.6667E-02,
16:47:27.36919115, 2.0000E-01, 6.0000E+00, 6.6667E-02,
16:47:27.36919120, 2.0000E-01, 6.0133E+00, 1.3333E-01,
16:47:27.36919125, 1.6667E-01, 6.0000E+00, 2.6667E-01,
16:47:27.36919130, 2.3333E-01, 5.9867E+00, 3.3333E-01,
16:47:27.36919135, 3.0000E-01, 6.0000E+00, 2.6667E-01,
16:47:27.36919140, 1.3333E-01, 5.9867E+00, 1.3333E-01,
16:47:27.36919145, 2.0000E-01, 5.9600E+00, 0.0000E+00,
16:47:27.36919150, 2.0000E-01, 6.0000E+00, 6.6667E-02,
16:47:27.36919155, 2.0000E-01, 5.9733E+00, 1.3333E-01,
16:47:27.36919160, 2.0000E-01, 6.0000E+00, 2.6667E-01,
16:47:27.36919165, 2.3333E-01, 5.9733E+00, 3.3333E-01,
16:47:27.36919170, 2.3333E-01, 6.0133E+00, 1.3333E-01,
16:47:27.36919175, 2.0000E-01, 5.9867E+00, 1.3333E-01,
16:47:27.36919180, 2.3333E-01, 6.0133E+00, 3.3333E-01,
16:47:27.36919185, 2.3333E-01, 6.0267E+00, 2.0000E-01,
16:47:27.36919190, 2.6667E-01, 5.9733E+00, 1.3333E-01,
16:47:27.36919195, 2.0000E-01, 6.0133E+00, 6.6667E-02,
16:47:27.36919200, 2.0000E-01, 6.0000E+00, 6.6667E-02,
16:47:27.36919205, 2.0000E-01, 6.0267E+00, 6.6667E-02,
16:47:27.36919210, 2.0000E-01, 5.9600E+00, 6.6667E-02,
16:47:27.36919215, 2.6667E-01, 6.0133E+00, 2.6667E-01,
16:47:27.36919220, 3.0000E-01, 6.0400E+00, 0.0000E+00,
16:47:27.36919225, 2.0000E-01, 6.0267E+00, 6.6667E-02,
16:47:27.36919230, 2.3333E-01, 6.0533E+00, 6.6667E-02,
16:47:27.36919235, 2.0000E-01, 6.0133E+00, 2.0000E-01,
16:47:27.36919240, 2.0000E-01, 6.0267E+00, 2.6667E-01,
16:47:27.36919245, 1.6667E-01, 5.9867E+00, 6.6667E-02,
16:47:27.36919250, 2.0000E-01, 5.9733E+00, 0.0000E+00,
16:47:27.36919255, 2.0000E-01, 6.0133E+00, 1.3333E-01,
16:47:27.36919260, 2.6667E-01, 6.0267E+00, 1.3333E-01,
16:47:27.36919265, 1.6667E-01, 6.0000E+00, 2.0000E-01,
16:47:27.36919270, 2.0000E-01, 6.0267E+00, 2.0000E-01,
16:47:27.36919275, 2.6667E-01, 6.0000E+00, 2.0000E-01,
16:47:27.36919280, 2.0000E-01, 5.9733E+00, 2.0000E-01,
16:47:27.36919285, 2.0000E-01, 6.0133E+00, 1.3333E-01,
16:47:27.36919290, 1.6667E-01, 6.0000E+00, 6.6667E-02,
16:47:27.36919295, 1.6667E-01, 6.0133E+00, 6.6667E-02,
16:47:27.36919300, 2.3333E-01, 5.9867E+00, 1.3333E-01,
16:47:27.36919305, 1.3333E-01, 6.0000E+00, 6.6667E-02,
16:47:27.36919310, 2.0000E-01, 5.9733E+00, 1.3333E-01,
16:47:27.36919315, 2.0000E-01, 6.0133E+00, 6.6667E-02,
16:47:27.36919320, 2.0000E-01, 6.0133E+00, 2.0000E-01,
16:47:27.36919325, 2.0000E-01, 5.9867E+00, 6.6667E-02,
16:47:27.36919330, 2.0000E-01, 5.9867E+00,-6.6667E-02,
16:47:27.36919335, 2.0000E-01, 5.9733E+00, 6.6667E-02,
16:47:27.36919340, 2.0000E-01, 6.0133E+00, 1.3333E-01,
16:47:27.36919345, 2.0000E-01, 6.0000E+00, 0.0000E+00,
16:47:27.36919350, 2.0000E-01, 6.0000E+00, 6.6667E-02,
16:47:27.36919355, 1.6667E-01, 5.9867E+00, 6.6667E-02,
16:47:27.36919360, 1.6667E-01, 6.0133E+00, 1.3333E-01,
16:47:27.36919365, 2.0000E-01, 6.0133E+00, 2.0000E-01,
16:47:27.36919370, 2.0000E-01, 6.0133E+00, 2.0000E-01,
16:47:27.36919375, 2.0000E-01, 6.0267E+00, 1.3333E-01,
16:47:27.36919380, 1.6667E-01, 6.0533E+00, 0.0000E+00,
16:47:27.36919385, 1.6667E-01, 5.9867E+00, 1.3333E-01,
16:47:27.36919390, 2.0000E-01, 6.0000E+00,-1.3333E-01,
16:47:27.36919395, 2.0000E-01, 6.0000E+00,-6.6667E-02,
16:47:27.36919400, 1.6667E-01, 6.0267E+00, 0.0000E+00,
16:47:27.36919405, 2.3333E-01, 6.0400E+00, 1.3333E-01,
16:47:27.36919410, 1.6667E-01, 6.0133E+00, 2.0000E-01,
16:47:27.36919415, 1.3333E-01, 6.0000E+00, 1.3333E-01,
16:47:27.36919420, 1.6667E-01, 6.0133E+00, 6.6667E-02,
16:47:27.36919425, 2.0000E-01, 6.0533E+00, 2.0000E-01,
16:47:27.36919430, 2.0000E-01, 6.0000E+00, 2.0000E-01,
16:47:27.36919435, 1.6667E-01, 6.0267E+00, 6.6667E-02,
16:47:27.36919440, 2.0000E-01, 5.9733E+00, 0.0000E+00,
16:47:27.36919445, 2.0000E-01, 6.0133E+00,-6.6667E-02,
16:47:27.36919450, 1.3333E-01, 6.0267E+00, 2.6667E-01,
16:47:27.36919455, 2.0000E-01, 6.0400E+00, 0.0000E+00,
16:47:27.36919460, 1.6667E-01, 5.9733E+00, 6.6667E-02,
16:47:27.36919465, 2.0000E-01, 5.9867E+00, 1.3333E-01,
16:47:27.36919470, 2.6667E-01, 5.9733E+00, 1.3333E-01,
16:47:27.36919475, 2.0000E-01, 6.0000E+00, 6.6667E-02,
16:47:27.36919480, 2.0000E-01, 6.0133E+00, 6.6667E-02,
16:47:27.36919485, 1.6667E-01, 6.0000E+00,-6.6667E-02,
16:47:27.36919490, 1.6667E-01, 6.0267E+00, 2.6667E-01,
16:47:27.36919495, 2.0000E-01, 6.0400E+00,-6.6667E-02,
16:47:27.36919500, 2.0000E-01, 6.0133E+00, 0.0000E+00,
16:47:27.36919505, 1.6667E-01, 6.0400E+00, 0.0000E+00,
16:47:27.36919510, 1.6667E-01, 6.0267E+00, 1.3333E-01,
16:47:27.36919515, 2.0000E-01, 5.9867E+00, 1.3333E-01,
16:47:27.36919520, 2.0000E-01, 6.0000E+00, 6.6667E-02,
16:47:27.36919525, 2.0000E-01, 6.0000E+00, 1.3333E-01,
16:47:27.36919530, 2.0000E-01, 5.9600E+00, 0.0000E+00,
16:47:27.36919535, 1.6667E-01, 6.0133E+00, 0.0000E+00,
16:47:27.36919540, 1.6667E-01, 5.9867E+00,-6.6667E-02,
16:47:27.36919545, 1.3333E-01, 6.0000E+00,-6.6667E-02,
16:47:27.36919550, 1.3333E-01, 5.9867E+00, 2.0000E-01,
16:47:27.36919555, 2.0000E-01, 5.9867E+00, 1.3333E-01,
16:47:27.36919560, 2.3333E-01, 6.0000E+00, 2.6667E-01,
16:47:27.36919565, 2.0000E-01, 6.0267E+00, 2.6667E-01,
16:47:27.36919570, 1.6667E-01, 5.9867E+00, 2.6667E-01,
16:47:27.36919575, 2.0000E-01, 6.0000E+00, 6.6667E-02,
16:47:27.36919580, 2.0000E-01, 6.0000E+00, 2.0000E-01,
16:47:27.36919585, 1.3333E-01, 6.0000E+00, 0.0000E+00,
16:47:27.36919590, 2.0000E-01, 6.0533E+00,-2.0000E-01,
16:47:27.36919595, 2.0000E-01, 6.0000E+00, 0.0000E+00,
16:47:27.36919600, 2.0000E-01, 6.0267E+00, 1.3333E-01,
16:47:27.36919605, 1.6667E-01, 6.0133E+00, 6.6667E-02,
16:47:27.36919610, 2.0000E-01, 6.0000E+00, 1.3333E-01,
16:47:27.36919615, 1.3333E-01, 6.0533E+00, 1.3333E-01,
16:47:27.36919620, 2.0000E-01, 6.0133E+00, 2.0000E-01,
16:47:27.36919625, 2.0000E-01, 6.0133E+00, 3.3333E-01,
16:47:27.36919630, 2.0000E-01, 6.0400E+00, 1.3333E-01,
16:47:27.36919635, 1.3333E-01, 6.0133E+00, 2.6667E-01,
16:47:27.36919640, 1.6667E-01, 6.0000E+00,-6.6667E-02,
16:47:27.36919645, 1.6667E-01, 5.9733E+00, 1.3333E-01,
16:47:27.36919650, 1.6667E-01, 6.0000E+00, 6.6667E-02,
16:47:27.36919655, 2.0000E-01, 6.0267E+00, 1.3333E-01,
16:47:27.36919660, 1.3333E-01, 6.0000E+00, 2.6667E-01,
16:47:27.36919665, 2.0000E-01, 6.0000E+00, 2.6667E-01,
16:47:27.36919670, 1.6667E-01, 6.0267E+00, 6.6667E-02,
16:47:27.36919675, 2.0000E-01, 6.0000E+00, 2.0000E-01,
16:47:27.36919680, 1.6667E-01, 6.0533E+00, 6.6667E-02,
16:47:27.36919685, 1.6667E-01, 5.9867E+00, 0.0000E+00,
16:47:27.36919690, 1.6667E-01, 5.9867E+00, 6.6667E-02,
16:47:27.36919695, 1.6667E-01, 5.9867E+00, 6.6667E-02,
16:47:27.36919700, 2.0000E-01, 6.0000E+00, 6.6667E-02,
16:47:27.36919705, 1.6667E-01, 6.0400E+00, 3.3333E-01,
16:47:27.36919710, 1.3333E-01, 6.0000E+00, 3.3333E-01,
16:47:27.36919715, 2.0000E-01, 6.0267E+00, 2.0000E-01,
16:47:27.36919720, 1.6667E-01, 5.9867E+00, 6.6667E-02,
16:47:27.36919725, 2.0000E-01, 6.0133E+00, 2.6667E-01,
16:47:27.36919730, 1.3333E-01, 5.9733E+00, 1.3333E-01,
16:47:27.36919735, 1.0000E-01, 6.0267E+00, 2.0000E-01,
16:47:27.36919740, 1.3333E-01, 6.0000E+00, 1.3333E-01,
16:47:27.36919745, 2.0000E-01, 5.9867E+00, 0.0000E+00,
16:47:27.36919750, 1.6667E-01, 6.0000E+00, 2.6667E-01,
16:47:27.36919755, 1.6667E-01, 6.0000E+00, 1.3333E-01,
16:47:27.36919760, 1.0000E-01, 5.9867E+00, 3.3333E-01,
16:47:27.36919765, 1.6667E-01, 6.0000E+00, 1.3333E-01,
16:47:27.36919770, 2.0000E-01, 5.9733E+00,-6.6667E-02,
16:47:27.36919775, 1.6667E-01, 6.0267E+00, 6.6667E-02,
16:47:27.36919780, 1.3333E-01, 6.0000E+00,-1.3333E-01,
16:47:27.36919785, 1.3333E-01, 6.0133E+00, 6.6667E-02,
16:47:27.36919790, 1.3333E-01, 5.9733E+00, 2.0000E-01,
16:47:27.36919795, 1.6667E-01, 6.0000E+00, 6.6667E-02,
16:47:27.36919800, 1.6667E-01, 6.0267E+00, 2.0000E-01,
16:47:27.36919805, 2.0000E-01, 6.0133E+00, 2.6667E-01,
16:47:27.36919810, 1.3333E-01, 5.9733E+00, 1.3333E-01,
16:47:27.36919815, 1.6667E-01, 6.0000E+00, 2.0000E-01,
16:47:27.36919820, 1.0000E-01, 6.0267E+00, 6.6667E-02,
16:47:27.36919825, 1.3333E-01, 6.0267E+00, 6.6667E-02,
16:47:27.36919830, 2.0000E-01, 6.0133E+00, 6.6667E-02,
16:47:27.36919835, 6.6667E-02, 6.0267E+00, 1.3333E-01,
16:47:27.36919840, 1.3333E-01, 5.9867E+00, 6.6667E-02,
16:47:27.36919845, 1.6667E-01, 6.0133E+00, 2.0000E-01,
16:47:27.36919850, 1.6667E-01, 6.0133E+00, 0.0000E+00,
16:47:27.36919855, 1.6667E-01, 6.0000E+00, 2.6667E-01,
16:47:27.36919860, 1.6667E-01, 5.9867E+00, 1.3333E-01,
16:47:27.36919865, 1.3333E-01, 6.0133E+00, 3.3333E-01,
16:47:27.36919870, 2.0000E-01, 6.0000E+00, 6.6667E-02,
16:47:27.36919875, 1.6667E-01, 5.9867E+00, 1.3333E-01,
16:47:27.36919880, 1.3333E-01, 6.0000E+00, 0.0000E+00,
16:47:27.36919885, 6.6667E-02, 6.0000E+00, 2.6667E-01,
16:47:27.36919890, 1.3333E-01, 5.9867E+00, 6.6667E-02,
16:47:27.36919895, 1.6667E-01, 6.0400E+00, 0.0000E+00,
16:47:27.36919900, 2.0000E-01, 6.0000E+00, 1.3333E-01,
16:47:27.36919905, 1.6667E-01, 6.0000E+00, 2.0000E-01,
16:47:27.36919910, 1.6667E-01, 6.0133E+00, 6.6667E-02,
16:47:27.36919915, 1.6667E-01, 5.9867E+00, 6.6667E-02,
16:47:27.36919920, 6.6667E-02, 5.9733E+00, 6.6667E-02,
16:47:27.36919925, 1.6667E-01, 6.0000E+00,-6.6667E-02,
16:47:27.36919930, 1.0000E-01, 6.0000E+00, 6.6667E-02,
16:47:27.36919935, 1.3333E-01, 5.9867E+00, 6.6667E-02,
16:47:27.36919940, 1.6667E-01, 6.0000E+00, 1.3333E-01,
16:47:27.36919945, 1.0000E-01, 5.9600E+00, 1.3333E-01,
16:47:27.36919950, 1.3333E-01, 6.0000E+00, 3.3333E-01,
16:47:27.36919955, 1.3333E-01, 6.0133E+00, 3.3333E-01,
16:47:27.36919960, 6.6667E-02, 6.0133E+00, 2.6667E-01,
16:47:27.36919965, 1.6667E-01, 5.9867E+00, 2.0000E-01,
16:47:27.36919970, 1.6667E-01, 6.0267E+00, 2.0000E-01,
16:47:27.36919975, 1.3333E-01, 5.9867E+00, 1.3333E-01,
16:47:27.36919980, 1.6667E-01, 5.9867E+00, 6.6667E-02,
16:47:27.36919985, 1.0000E-01, 6.0000E+00, 1.3333E-01,
16:47:27.36919990, 2.0000E-01, 6.0000E+00, 1.3333E-01,
16:47:27.36919995, 2.0000E-01, 6.0000E+00, 0.0000E+00,
16:47:27.36920000, 1.3333E-01, 6.0000E+00, 1.3333E-01,
16:47:27.36920005, 1.0000E-01, 6.0400E+00, 1.3333E-01,
16:47:27.36920010, 2.0000E-01, 6.0000E+00, 1.3333E-01,
16:47:27.36920015, 1.6667E-01, 6.0267E+00, 1.3333E-01,
16:47:27.36920020, 1.6667E-01, 6.0000E+00, 1.3333E-01,
16:47:27.36920025, 1.0000E-01, 6.0000E+00, 0.0000E+00,
16:47:27.36920030, 1.0000E-01, 5.9867E+00, 6.6667E-02,
16:47:27.36920035, 1.3333E-01, 5.9867E+00, 1.3333E-01,
16:47:27.36920040, 1.6667E-01, 5.9867E+00, 6.6667E-02,
16:47:27.36920045, 1.6667E-01, 6.0267E+00, 2.0000E-01,
16:47:27.36920050, 1.3333E-01, 6.0133E+00, 6.6667E-02,
16:47:27.36920055, 1.6667E-01, 6.0000E+00, 1.3333E-01,
16:47:27.36920060, 1.0000E-01, 6.0267E+00, 1.3333E-01,
16:47:27.36920065, 1.6667E-01, 5.9733E+00, 1.3333E-01,
16:47:27.36920070, 1.0000E-01, 6.0000E+00, 6.6667E-02,
16:47:27.36920075, 1.0000E-01, 6.0133E+00,-2.0000E-01,
16:47:27.36920080, 1.6667E-01, 6.0133E+00,-6.6667E-02,
16:47:27.36920085, 1.6667E-01, 6.0000E+00, 0.0000E+00,
16:47:27.36920090, 1.3333E-01, 6.0000E+00, 0.0000E+00,
16:47:27.36920095, 1.6667E-01, 6.0133E+00, 1.3333E-01,
16:47:27.36920100, 1.6667E-01, 6.0133E+00, 6.6667E-02,
16:47:27.36920105, 1.3333E-01, 6.0000E+00, 2.0000E-01,
16:47:27.36920110, 1.3333E-01, 6.0133E+00, 2.0000E-01,
16:47:27.36920115, 1.3333E-01, 6.0000E+00, 0.0000E+00,
16:47:27.36920120, 1.0000E-01, 6.0000E+00, 1.3333E-01,
16:47:27.36920125, 2.0000E-01, 6.0133E+00, 1.3333E-01,
16:47:27.36920130, 1.3333E-01, 6.0133E+00, 0.0000E+00,
16:47:27.36920135, 6.6667E-02, 6.0133E+00, 2.0000E-01,
16:47:27.36920140, 1.3333E-01, 6.0133E+00, 2.6667E-01,
16:47:27.36920145, 1.0000E-01, 6.0400E+00, 2.0000E-01,
16:47:27.36920150, 1.0000E-01, 6.0000E+00, 2.6667E-01,
16:47:27.36920155, 1.0000E-01, 6.0000E+00, 1.3333E-01,
16:47:27.36920160, 1.3333E-01, 6.0267E+00, 2.0000E-01,
16:47:27.36920165, 1.0000E-01, 6.0000E+00,-6.6667E-02,
16:47:27.36920170, 1.3333E-01, 5.9600E+00, 2.0000E-01,
16:47:27.36920175, 6.6667E-02, 6.0267E+00, 6.6667E-02,
16:47:27.36920180, 1.6667E-01, 6.0000E+00, 3.3333E-01,
16:47:27.36920185, 1.6667E-01, 6.0133E+00, 6.6667E-02,
16:47:27.36920190, 1.6667E-01, 5.9867E+00, 2.6667E-01,
16:47:27.36920195, 1.0000E-01, 6.0267E+00, 2.0000E-01,
16:47:27.36920200, 1.3333E-01, 6.0000E+00, 2.0000E-01,
16:47:27.36920205, 1.0000E-01, 6.0267E+00, 2.6667E-01,
16:47:27.36920210, 3.3333E-02, 6.0400E+00, 6.6667E-02,
16:47:27.36920215, 6.6667E-02, 6.0133E+00, 1.3333E-01,
16:47:27.36920220, 6.6667E-02, 6.0000E+00, 6.6667E-02,
16:47:27.36920225, 1.0000E-01, 6.0133E+00, 1.3333E-01,
16:47:27.36920230, 2.0000E-01, 6.0000E+00, 0.0000E+00,
16:47:27.36920235, 1.0000E-01, 6.0133E+00, 3.3333E-01,
16:47:27.36920240, 2.0000E-01, 6.0400E+00, 0.0000E+00,
16:47:27.36920245, 2.0000E-01, 6.0133E+00, 6.6667E-02,
16:47:27.36920250, 1.6667E-01, 6.0000E+00, 2.0000E-01,
16:47:27.36920255, 1.3333E-01, 6.0000E+00, 1.3333E-01,
16:47:27.36920260, 1.3333E-01, 6.0133E+00, 6.6667E-02,
16:47:27.36920265, 1.3333E-01, 6.0000E+00, 0.0000E+00,
16:47:27.36920270, 1.6667E-01, 5.9733E+00, 0.0000E+00,
16:47:27.36920275, 1.3333E-01, 6.0000E+00,-6.6667E-02,
16:47:27.36920280, 1.6667E-01, 6.0267E+00, 0.0000E+00,
16:47:27.36920285, 1.6667E-01, 6.0000E+00, 6.6667E-02,
16:47:27.36920290, 1.6667E-01, 6.0000E+00, 3.3333E-01,
16:47:27.36920295, 3.3333E-02, 6.0133E+00, 1.3333E-01,
16:47:27.36920300, 1.6667E-01, 6.0000E+00, 1.3333E-01,
16:47:27.36920305, 6.6667E-02, 6.0267E+00, 0.0000E+00,
16:47:27.36920310, 1.3333E-01, 5.9733E+00,-1.3333E-01,
16:47:27.36920315, 3.3333E-02, 6.0000E+00, 1.3333E-01,
16:47:27.36920320, 1.0000E-01, 5.9867E+00,-6.6667E-02,
16:47:27.36920325, 1.6667E-01, 5.9867E+00, 2.0000E-01,
16:47:27.36920330, 6.6667E-02, 6.0267E+00, 6.6667E-02,
16:47:27.36920335, 1.6667E-01, 5.9867E+00, 2.0000E-01,
16:47:27.36920340, 1.0000E-01, 6.0267E+00, 2.6667E-01,
16:47:27.36920345, 1.3333E-01, 6.0400E+00, 1.3333E-01,
16:47:27.36920350, 1.0000E-01, 6.0267E+00, 6.6667E-02,
16:47:27.36920355, 1.6667E-01, 6.0000E+00, 2.0000E-01,
16:47:27.36920360, 1.0000E-01, 5.9867E+00,-6.6667E-02,
16:47:27.36920365, 1.0000E-01, 5.9867E+00, 2.6667E-01,
16:47:27.36920370, 1.0000E-01, 6.0000E+00, 1.3333E-01,
16:47:27.36920375, 6.6667E-02, 5.9733E+00, 3.3333E-01,
16:47:27.36920380, 1.6667E-01, 5.9733E+00, 2.0000E-01,
16:47:27.36920385, 1.6667E-01, 6.0000E+00, 2.6667E-01,
16:47:27.36920390, 6.6667E-02, 6.0000E+00, 1.3333E-01,
16:47:27.36920395, 1.3333E-01, 5.9867E+00, 3.3333E-01,
16:47:27.36920400, 1.6667E-01, 6.0133E+00, 1.3333E-01,
16:47:27.36920405, 3.3333E-02, 5.9733E+00, 6.6667E-02,
16:47:27.36920410, 1.0000E-01, 5.9867E+00, 1.3333E-01,
16:47:27.36920415, 1.3333E-01, 6.0133E+00, 2.0000E-01,
16:47:27.36920420, 3.3333E-02, 6.0000E+00, 1.3333E-01,
16:47:27.36920425, 6.6667E-02, 6.0133E+00, 2.0000E-01,
16:47:27.36920430, 1.0000E-01, 6.0267E+00, 2.6667E-01,
16:47:27.36920435, 1.3333E-01, 6.0400E+00, 2.6667E-01,
16:47:27.36920440, 6.6667E-02, 6.0000E+00, 3.3333E-01,
16:47:27.36920445, 1.3333E-01, 6.0000E+00, 3.3333E-01,
16:47:27.36920450, 1.3333E-01, 6.0000E+00, 1.3333E-01,
16:47:27.36920455, 1.0000E-01, 6.0000E+00, 6.6667E-02,
16:47:27.36920460, 1.0000E-01, 6.0133E+00, 1.3333E-01,
16:47:27.36920465, 1.3333E-01, 6.0000E+00, 0.0000E+00,
16:47:27.36920470, 1.6667E-01, 5.9867E+00,-6.6667E-02,
16:47:27.36920475, 1.0000E-01, 5.9867E+00, 2.6667E-01,
16:47:27.36920480, 1.0000E-01, 6.0400E+00, 1.3333E-01,
16:47:27.36920485, 1.0000E-01, 6.0267E+00, 2.6667E-01,
16:47:27.36920490, 6.6667E-02, 6.0000E+00, 2.6667E-01,
16:47:27.36920495, 6.6667E-02, 6.0267E+00, 6.6667E-02,
16:47:27.36920500, 1.0000E-01, 6.0133E+00, 2.0000E-01,
16:47:27.36920505, 1.0000E-01, 6.0267E+00, 1.3333E-01,
16:47:27.36920510, 1.3333E-01, 6.0267E+00, 2.6667E-01,
16:47:27.36920515, 1.3333E-01, 6.0000E+00, 2.6667E-01,
16:47:27.36920520, 1.3333E-01, 6.0133E+00, 6.6667E-02,
16:47:27.36920525, 1.6667E-01, 6.0000E+00, 1.3333E-01,
16:47:27.36920530, 6.6667E-02, 6.0000E+00, 1.3333E-01,
16:47:27.36920535, 6.6667E-02, 6.0133E+00, 2.0000E-01,
16:47:27.36920540, 1.0000E-01, 6.0267E+00, 2.6667E-01,
16:47:27.36920545, 1.3333E-01, 5.9867E+00, 2.0000E-01,
16:47:27.36920550, 1.0000E-01, 6.0267E+00, 1.3333E-01,
16:47:27.36920555, 1.0000E-01, 5.9867E+00, 0.0000E+00,
16:47:27.36920560, 1.0000E-01, 5.9867E+00, 1.3333E-01,
16:47:27.36920565, 1.6667E-01, 5.9867E+00, 6.6667E-02,
16:47:27.36920570, 1.3333E-01, 5.9867E+00, 0.0000E+00,
16:47:27.36920575, 1.0000E-01, 6.0267E+00, 6.6667E-02,
16:47:27.36920580, 1.3333E-01, 6.0133E+00, 1.3333E-01,
16:47:27.36920585, 1.0000E-01, 6.0267E+00, 6.6667E-02,
16:47:27.36920590, 1.6667E-01, 6.0000E+00, 1.3333E-01,
16:47:27.36920595, 1.0000E-01, 5.9467E+00, 2.0000E-01,
16:47:27.36920600, 1.3333E-01, 5.9600E+00, 0.0000E+00,
16:47:27.36920605, 1.3333E-01, 6.0133E+00, 0.0000E+00,
16:47:27.36920610, 1.0000E-01, 5.9867E+00,-6.6667E-02,
16:47:27.36920615, 1.0000E-01, 5.9733E+00, 6.6667E-02,
16:47:27.36920620, 1.0000E-01, 6.0133E+00, 1.3333E-01,
16:47:27.36920625, 1.0000E-01, 6.0000E+00, 2.0000E-01,
16:47:27.36920630, 6.6667E-02, 6.0000E+00, 0.0000E+00,
16:47:27.36920635, 6.6667E-02, 6.0000E+00, 6.6667E-02,
16:47:27.36920640, 6.6667E-02, 5.9867E+00, 2.0000E-01,
16:47:27.36920645, 6.6667E-02, 6.0133E+00, 6.6667E-02,
16:47:27.36920650, 6.6667E-02, 6.0000E+00, 2.0000E-01,
16:47:27.36920655, 1.0000E-01, 6.0133E+00,-6.6667E-02,
16:47:27.36920660, 1.0000E-01, 5.9867E+00, 1.3333E-01,
16:47:27.36920665, 1.6667E-01, 5.9733E+00, 0.0000E+00,
16:47:27.36920670, 1.0000E-01, 5.9867E+00, 2.6667E-01,
16:47:27.36920675, 1.3333E-01, 6.0267E+00, 4.0000E-01,
16:47:27.36920680, 6.6667E-02, 6.0267E+00, 2.0000E-01,
16:47:27.36920685, 1.3333E-01, 6.0000E+00, 3.3333E-01,
16:47:27.36920690, 6.6667E-02, 6.0000E+00, 2.0000E-01,
16:47:27.36920695, 0.0000E+00, 6.0267E+00, 4.0000E-01,
16:47:27.36920700, 1.6667E-01, 6.0133E+00, 6.6667E-02,
16:47:27.36920705, 6.6667E-02, 6.0267E+00,-1.3333E-01,
16:47:27.36920710, 6.6667E-02, 6.0000E+00, 6.6667E-02,
16:47:27.36920715, 1.3333E-01, 6.0267E+00, 2.0000E-01,
16:47:27.36920720, 6.6667E-02, 6.0133E+00, 1.3333E-01,
16:47:27.36920725, 1.3333E-01, 6.0133E+00, 2.0000E-01,
16:47:27.36920730, 6.6667E-02, 5.9733E+00, 2.0000E-01,
16:47:27.36920735, 1.0000E-01, 6.0133E+00, 1.3333E-01,
16:47:27.36920740, 1.6667E-01, 5.9600E+00, 6.6667E-02,
16:47:27.36920745, 1.0000E-01, 5.9733E+00, 1.3333E-01,
16:47:27.36920750, 6.6667E-02, 5.9867E+00,-6.6667E-02,
16:47:27.36920755, 3.3333E-02, 5.9733E+00, 6.6667E-02,
16:47:27.36920760, 1.3333E-01, 5.9733E+00, 0.0000E+00,
16:47:27.36920765, 1.3333E-01, 6.0267E+00, 1.3333E-01,
16:47:27.36920770, 1.0000E-01, 6.0400E+00, 2.6667E-01,
16:47:27.36920775, 3.3333E-02, 6.0133E+00, 0.0000E+00,
16:47:27.36920780, 1.3333E-01, 6.0000E+00, 1.3333E-01,
16:47:27.36920785, 3.3333E-02, 6.0133E+00, 2.0000E-01,
16:47:27.36920790, 1.0000E-01, 5.9867E+00, 0.0000E+00,
16:47:27.36920795, 1.3333E-01, 6.0400E+00, 2.0000E-01,
16:47:27.36920800, 1.3333E-01, 5.9867E+00, 0.0000E+00,
16:47:27.36920805, 1.6667E-01, 6.0133E+00,-2.0000E-01,
16:47:27.36920810, 1.6667E-01, 6.0000E+00,-6.6667E-02,
16:47:27.36920815, 2.0000E-01, 6.0000E+00, 0.0000E+00,
16:47:27.36920820, 1.0000E-01, 5.9867E+00, 2.6667E-01,
16:47:27.36920825, 1.3333E-01, 6.0267E+00, 6.6667E-02,
16:47:27.36920830, 1.0000E-01, 6.0000E+00, 1.3333E-01,
16:47:27.36920835, 3.3333E-02, 6.0000E+00, 6.6667E-02,
16:47:27.36920840, 1.0000E-01, 5.9867E+00, 6.6667E-02,
16:47:27.36920845, 6.6667E-02, 6.0133E+00, 2.0000E-01,
16:47:27.36920850, 3.3333E-02, 6.0000E+00, 6.6667E-02,
16:47:27.36920855, 1.3333E-01, 6.0133E+00, 0.0000E+00,
16:47:27.36920860, 1.3333E-01, 6.0400E+00, 1.3333E-01,
16:47:27.36920865, 1.0000E-01, 6.0000E+00, 2.6667E-01,
16:47:27.36920870, 1.3333E-01, 6.0133E+00, 0.0000E+00,
16:47:27.36920875, 6.6667E-02, 5.9867E+00, 6.6667E-02,
16:47:27.36920880, 0.0000E+00, 6.0267E+00, 1.3333E-01,
16:47:27.36920885, 1.3333E-01, 5.9867E+00, 1.3333E-01,
16:47:27.36920890, 6.6667E-02, 5.9733E+00, 2.6667E-01,
16:47:27.36920895, 6.6667E-02, 6.0000E+00,-6.6667E-02,
16:47:27.36920900, 6.6667E-02, 6.0267E+00, 2.0000E-01,
16:47:27.36920905, 6.6667E-02, 6.0000E+00, 1.3333E-01,
16:47:27.36920910, 6.6667E-02, 5.9867E+00, 2.6667E-01,
16:47:27.36920915, 0.0000E+00, 6.0000E+00, 2.6667E-01,
16:47:27.36920920, 1.0000E-01, 5.9867E+00, 3.3333E-01,
16:47:27.36920925, 1.3333E-01, 6.0133E+00, 3.3333E-01,
16:47:27.36920930, 0.0000E+00, 6.0133E+00, 3.3333E-01,
16:47:27.36920935, 0.0000E+00, 5.9733E+00, 3.3333E-01,
16:47:27.36920940, 1.3333E-01, 6.0267E+00, 6.6667E-02,
16:47:27.36920945, 6.6667E-02, 6.0133E+00, 2.0000E-01,
16:47:27.36920950, 1.0000E-01, 5.9867E+00, 0.0000E+00,
16:47:27.36920955, 1.3333E-01, 6.0267E+00, 2.0000E-01,
16:47:27.36920960, 1.0000E-01, 6.0133E+00, 3.3333E-01,
16:47:27.36920965, 6.6667E-02, 6.0000E+00, 2.0000E-01,
16:47:27.36920970, 3.3333E-02, 6.0000E+00, 6.6667E-02,
16:47:27.36920975, 6.6667E-02, 5.9867E+00, 6.6667E-02,
16:47:27.36920980,-3.3333E-02, 5.9733E+00, 1.3333E-01,
16:47:27.36920985, 6.6667E-02, 5.9867E+00, 3.3333E-01,
16:47:27.36920990, 1.3333E-01, 6.0000E+00, 2.0000E-01,
16:47:27.36920995, 1.0000E-01, 5.9867E+00, 1.3333E-01,
16:47:27.36921000, 3.3333E-02, 6.0133E+00, 6.6667E-02,
16:47:27.36921005, 6.6667E-02, 6.0000E+00, 0.0000E+00,
16:47:27.36921010, 3.3333E-02, 5.9733E+00, 2.0000E-01,
16:47:27.36921015, 1.0000E-01, 6.0133E+00, 1.3333E-01,
16:47:27.36921020, 6.6667E-02, 6.0000E+00, 2.6667E-01,
16:47:27.36921025, 3.3333E-02, 6.0000E+00, 1.3333E-01,
16:47:27.36921030,-3.3333E-02, 6.0000E+00,-6.6667E-02,
16:47:27.36921035, 1.0000E-01, 6.0133E+00, 6.6667E-02,
16:47:27.36921040, 1.0000E-01, 6.0000E+00, 0.0000E+00,
16:47:27.36921045, 1.0000E-01, 6.0000E+00,-2.0000E-01,
16:47:27.36921050, 1.0000E-01, 5.9867E+00, 0.0000E+00,
16:47:27.36921055, 6.6667E-02, 6.0267E+00, 1.3333E-01,
16:47:27.36921060, 3.3333E-02, 6.0000E+00, 2.0000E-01,
16:47:27.36921065, 3.3333E-02, 5.9867E+00, 6.6667E-02,
16:47:27.36921070, 0.0000E+00, 5.9867E+00, 2.6667E-01,
16:47:27.36921075, 6.6667E-02, 6.0133E+00, 6.6667E-02,
16:47:27.36921080, 1.0000E-01, 6.0000E+00, 0.0000E+00,
16:47:27.36921085, 1.0000E-01, 6.0000E+00,-6.6667E-02,
16:47:27.36921090, 3.3333E-02, 6.0133E+00, 0.0000E+00,
16:47:27.36921095, 1.0000E-01, 6.0000E+00, 1.3333E-01,
16:47:27.36921100, 1.0000E-01, 6.0133E+00, 3.3333E-01,
16:47:27.36921105, 1.3333E-01, 6.0000E+00, 6.6667E-02,
16:47:27.36921110, 1.0000E-01, 5.9867E+00, 2.0000E-01,
16:47:27.36921115, 1.0000E-01, 6.0133E+00, 2.6667E-01,
16:47:27.36921120, 6.6667E-02, 5.9867E+00, 2.0000E-01,
16:47:27.36921125, 3.3333E-02, 5.9867E+00, 2.6667E-01,
16:47:27.36921130, 1.0000E-01, 6.0000E+00, 2.0000E-01,
16:47:27.36921135, 6.6667E-02, 6.0133E+00, 0.0000E+00,
16:47:27.36921140, 6.6667E-02, 6.0133E+00, 2.0000E-01,
16:47:27.36921145, 1.0000E-01, 5.9867E+00,-1.3333E-01,
16:47:27.36921150, 1.6667E-01, 6.0000E+00, 3.3333E-01,
16:47:27.36921155, 0.0000E+00, 6.0000E+00, 2.6667E-01,
16:47:27.36921160, 6.6667E-02, 6.0000E+00, 2.0000E-01,
16:47:27.36921165, 1.0000E-01, 5.9733E+00, 2.0000E-01,
16:47:27.36921170, 1.3333E-01, 5.9867E+00, 3.3333E-01,
16:47:27.36921175, 1.0000E-01, 5.9867E+00, 3.3333E-01,
16:47:27.36921180, 0.0000E+00, 5.9867E+00, 1.3333E-01,
16:47:27.36921185, 3.3333E-02, 6.0000E+00,-6.6667E-02,
16:47:27.36921190, 1.0000E-01, 5.9867E+00, 1.3333E-01,
16:47:27.36921195, 6.6667E-02, 6.0133E+00, 1.3333E-01,
16:47:27.36921200, 1.3333E-01, 6.0000E+00,-6.6667E-02,
16:47:27.36921205, 6.6667E-02, 6.0000E+00, 1.3333E-01,
16:47:27.36921210, 6.6667E-02, 6.0133E+00, 1.3333E-01,
16:47:27.36921215, 1.3333E-01, 5.9867E+00, 2.0000E-01,
16:47:27.36921220, 1.0000E-01, 5.9867E+00, 3.3333E-01,
16:47:27.36921225, 1.0000E-01, 6.0133E+00, 3.3333E-01,
16:47:27.36921230, 6.6667E-02, 6.0000E+00, 0.0000E+00,
16:47:27.36921235, 1.0000E-01, 6.0000E+00, 1.3333E-01,
16:47:27.36921240, 1.6667E-01, 6.0133E+00, 2.6667E-01,
16:47:27.36921245, 6.6667E-02, 6.0133E+00, 6.6667E-02,
16:47:27.36921250, 1.3333E-01, 6.0133E+00, 1.3333E-01,
16:47:27.36921255,-3.3333E-02, 6.0000E+00, 1.3333E-01,
16:47:27.36921260, 6.6667E-02, 6.0133E+00, 0.0000E+00,
16:47:27.36921265, 6.6667E-02, 6.0000E+00, 6.6667E-02,
16:47:27.36921270, 3.3333E-02, 6.0133E+00, 1.3333E-01,
16:47:27.36921275, 1.0000E-01, 6.0000E+00, 6.6667E-02,
16:47:27.36921280, 1.0000E-01, 6.0267E+00,-1.3333E-01,
16:47:27.36921285, 3.3333E-02, 6.0267E+00, 0.0000E+00,
16:47:27.36921290, 1.3333E-01, 6.0267E+00, 2.0000E-01,
16:47:27.36921295, 6.6667E-02, 6.0133E+00, 1.3333E-01,
16:47:27.36921300, 6.6667E-02, 6.0000E+00, 0.0000E+00,
16:47:27.36921305, 3.3333E-02, 6.0267E+00, 2.0000E-01,
16:47:27.36921310, 6.6667E-02, 6.0267E+00, 1.3333E-01,
16:47:27.36921315, 3.3333E-02, 6.0400E+00, 1.3333E-01,
16:47:27.36921320, 6.6667E-02, 6.0000E+00, 0.0000E+00,
16:47:27.36921325, 1.0000E-01, 5.9867E+00, 2.0000E-01,
16:47:27.36921330, 1.0000E-01, 6.0400E+00, 6.6667E-02,
16:47:27.36921335, 6.6667E-02, 5.9867E+00, 6.6667E-02,
16:47:27.36921340, 6.6667E-02, 5.9867E+00, 6.6667E-02,
16:47:27.36921345, 6.6667E-02, 5.9867E+00, 1.3333E-01,
16:47:27.36921350, 1.0000E-01, 6.0133E+00, 2.6667E-01,
16:47:27.36921355, 6.6667E-02, 5.9733E+00, 3.3333E-01,
16:47:27.36921360, 1.0000E-01, 6.0267E+00, 2.0000E-01,
16:47:27.36921365, 1.0000E-01, 6.0000E+00, 2.0000E-01,
16:47:27.36921370, 3.3333E-02, 6.0000E+00, 1.3333E-01,
16:47:27.36921375, 6.6667E-02, 6.0000E+00, 0.0000E+00,
16:47:27.36921380, 0.0000E+00, 5.9867E+00, 6.6667E-02,
16:47:27.36921385, 6.6667E-02, 6.0267E+00, 1.3333E-01,
16:47:27.36921390, 1.3333E-01, 5.9867E+00, 2.0000E-01,
16:47:27.36921395, 1.0000E-01, 5.9867E+00, 1.3333E-01,
16:47:27.36921400, 1.0000E-01, 6.0133E+00, 2.0000E-01,
16:47:27.36921405, 1.0000E-01, 5.9867E+00, 1.3333E-01,
16:47:27.36921410,-3.3333E-02, 5.9867E+00, 6.6667E-02,
16:47:27.36921415, 1.0000E-01, 5.9867E+00, 1.3333E-01,
16:47:27.36921420, 1.0000E-01, 6.0000E+00, 6.6667E-02,
16:47:27.36921425, 6.6667E-02, 6.0133E+00, 1.3333E-01,
16:47:27.36921430, 1.6667E-01, 6.0133E+00,-6.6667E-02,
16:47:27.36921435, 6.6667E-02, 5.9867E+00, 1.3333E-01,
16:47:27.36921440, 1.3333E-01, 5.9867E+00, 2.6667E-01,
16:47:27.36921445, 1.0000E-01, 5.9733E+00,-6.6667E-02,
16:47:27.36921450, 1.0000E-01, 6.0000E+00, 0.0000E+00,
16:47:27.36921455, 3.3333E-02, 6.0133E+00, 0.0000E+00,
16:47:27.36921460, 1.0000E-01, 6.0000E+00, 1.3333E-01,
16:47:27.36921465, 6.6667E-02, 6.0133E+00, 3.3333E-01,
16:47:27.36921470, 1.6667E-01, 6.0267E+00, 6.6667E-02,
16:47:27.36921475, 1.0000E-01, 6.0267E+00, 1.3333E-01,
16:47:27.36921480, 6.6667E-02, 6.0133E+00, 1.3333E-01,
16:47:27.36921485, 6.6667E-02, 6.0400E+00, 6.6667E-02,
16:47:27.36921490, 3.3333E-02, 5.9867E+00, 2.0000E-01,
16:47:27.36921495, 1.0000E-01, 5.9867E+00, 1.3333E-01,
16:47:27.36921500, 1.0000E-01, 6.0000E+00, 0.0000E+00,
16:47:27.36921505, 3.3333E-02, 6.0267E+00, 2.0000E-01,
16:47:27.36921510, 6.6667E-02, 5.9867E+00, 3.3333E-01,
16:47:27.36921515, 3.3333E-02, 6.0133E+00, 6.6667E-02,
16:47:27.36921520, 1.0000E-01, 6.0000E+00, 3.3333E-01,
16:47:27.36921525, 3.3333E-02, 6.0000E+00,-6.6667E-02,
16:47:27.36921530, 3.3333E-02, 6.0000E+00, 6.6667E-02,
16:47:27.36921535, 3.3333E-02, 5.9867E+00, 6.6667E-02,
16:47:27.36921540, 1.0000E-01, 6.0000E+00, 1.3333E-01,
16:47:27.36921545, 3.3333E-02, 5.9867E+00, 0.0000E+00,
16:47:27.36921550, 6.6667E-02, 6.0000E+00, 6.6667E-02,
16:47:27.36921555, 1.3333E-01, 6.0000E+00, 0.0000E+00,
16:47:27.36921560, 6.6667E-02, 5.9867E+00, 2.0000E-01,
16:47:27.36921565, 1.0000E-01, 6.0000E+00, 2.6667E-01,
16:47:27.36921570, 3.3333E-02, 6.0133E+00, 1.3333E-01,
16:47:27.36921575, 3.3333E-02, 5.9867E+00, 0.0000E+00,
16:47:27.36921580, 1.0000E-01, 6.0000E+00, 0.0000E+00,
16:47:27.36921585, 3.3333E-02, 6.0133E+00, 2.0000E-01,
16:47:27.36921590, 6.6667E-02, 6.0267E+00, 6.6667E-02,
16:47:27.36921595, 3.3333E-02, 6.0267E+00, 0.0000E+00,
16:47:27.36921600, 1.0000E-01, 6.0267E+00, 2.0000E-01,
16:47:27.36921605, 6.6667E-02, 5.9733E+00, 1.3333E-01,
16:47:27.36921610, 0.0000E+00, 5.9867E+00, 3.3333E-01,
16:47:27.36921615, 3.3333E-02, 5.9867E+00, 0.0000E+00,
16:47:27.36921620, 3.3333E-02, 6.0267E+00, 6.6667E-02,
16:47:27.36921625, 1.0000E-01, 6.0267E+00, 6.6667E-02,
16:47:27.36921630, 1.6667E-01, 5.9867E+00,-6.6667E-02,
16:47:27.36921635, 3.3333E-02, 6.0133E+00, 6.6667E-02,
16:47:27.36921640, 6.6667E-02, 5.9600E+00, 2.0000E-01,
16:47:27.36921645, 3.3333E-02, 6.0533E+00, 6.6667E-02,
16:47:27.36921650, 6.6667E-02, 6.0133E+00, 2.0000E-01,
16:47:27.36921655, 3.3333E-02, 6.0267E+00, 2.0000E-01,
16:47:27.36921660, 6.6667E-02, 6.0133E+00, 6.6667E-02,
16:47:27.36921665, 1.0000E-01, 6.0133E+00, 2.0000E-01,
16:47:27.36921670, 1.0000E-01, 6.0133E+00, 1.3333E-01,
16:47:27.36921675, 1.0000E-01, 5.9867E+00, 1.3333E-01,
16:47:27.36921680, 0.0000E+00, 6.0133E+00, 2.6667E-01,
16:47:27.36921685, 6.6667E-02, 6.0133E+00, 1.3333E-01,
16:47:27.36921690, 3.3333E-02, 6.0000E+00, 6.6667E-02,
16:47:27.36921695, 6.6667E-02, 6.0000E+00, 6.6667E-02,
16:47:27.36921700, 0.0000E+00, 6.0000E+00, 1.3333E-01,
16:47:27.36921705, 3.3333E-02, 6.0400E+00, 2.0000E-01,
16:47:27.36921710, 6.6667E-02, 6.0133E+00, 2.0000E-01,
16:47:27.36921715, 6.6667E-02, 6.0133E+00, 2.6667E-01,
16:47:27.36921720, 1.6667E-01, 6.0000E+00, 1.3333E-01,
16:47:27.36921725, 6.6667E-02, 6.0000E+00, 1.3333E-01,
16:47:27.36921730, 1.0000E-01, 5.9867E+00, 1.3333E-01,
16:47:27.36921735, 3.3333E-02, 5.9867E+00, 1.3333E-01,
16:47:27.36921740, 1.0000E-01, 5.9867E+00, 1.3333E-01,
16:47:27.36921745, 6.6667E-02, 6.0267E+00, 2.6667E-01,
16:47:27.36921750,-3.3333E-02, 6.0000E+00,-6.6667E-02,
16:47:27.36921755, 6.6667E-02, 6.0133E+00, 1.3333E-01,
16:47:27.36921760, 6.6667E-02, 6.0133E+00, 2.0000E-01,
16:47:27.36921765, 6.6667E-02, 5.9867E+00, 0.0000E+00,
16:47:27.36921770, 3.3333E-02, 5.9867E+00, 0.0000E+00,
16:47:27.36921775, 3.3333E-02, 5.9867E+00,-6.6667E-02,
16:47:27.36921780, 3.3333E-02, 5.9867E+00, 6.6667E-02,
16:47:27.36921785, 0.0000E+00, 6.0000E+00, 2.0000E-01,
16:47:27.36921790, 3.3333E-02, 5.9867E+00, 6.6667E-02,
16:47:27.36921795, 6.6667E-02, 6.0133E+00, 1.3333E-01,
16:47:27.36921800, 3.3333E-02, 5.9733E+00, 2.0000E-01,
16:47:27.36921805, 0.0000E+00, 5.9867E+00, 2.6667E-01,
16:47:27.36921810, 3.3333E-02, 6.0000E+00, 2.0000E-01,
16:47:27.36921815, 3.3333E-02, 6.0133E+00, 6.6667E-02,
16:47:27.36921820, 6.6667E-02, 5.9867E+00, 1.3333E-01,
16:47:27.36921825, 1.3333E-01, 6.0000E+00, 6.6667E-02,
16:47:27.36921830, 1.0000E-01, 6.0133E+00, 6.6667E-02,
16:47:27.36921835, 6.6667E-02, 6.0267E+00, 6.6667E-02,
16:47:27.36921840, 6.6667E-02, 6.0133E+00, 6.6667E-02,
16:47:27.36921845, 3.3333E-02, 6.0267E+00, 6.6667E-02,
16:47:27.36921850, 6.6667E-02, 6.0000E+00, 1.3333E-01,
16:47:27.36921855, 3.3333E-02, 6.0133E+00, 6.6667E-02,
16:47:27.36921860, 6.6667E-02, 6.0000E+00, 3.3333E-01,
16:47:27.36921865, 6.6667E-02, 5.9733E+00, 2.0000E-01,
16:47:27.36921870, 3.3333E-02, 6.0000E+00, 1.3333E-01,
16:47:27.36921875, 3.3333E-02, 6.0133E+00, 0.0000E+00,
16:47:27.36921880,-3.3333E-02, 6.0000E+00, 1.3333E-01,
16:47:27.36921885, 6.6667E-02, 5.9867E+00, 6.6667E-02,
16:47:27.36921890, 6.6667E-02, 6.0133E+00, 2.6667E-01,
16:47:27.36921895, 1.0000E-01, 6.0133E+00, 2.0000E-01,
16:47:27.36921900, 1.0000E-01, 6.0000E+00, 3.3333E-01,
16:47:27.36921905, 6.6667E-02, 6.0133E+00, 2.0000E-01,
16:47:27.36921910, 1.0000E-01, 6.0133E+00, 2.0000E-01,
16:47:27.36921915, 3.3333E-02, 6.0133E+00, 1.3333E-01,
16:47:27.36921920, 6.6667E-02, 5.9733E+00, 6.6667E-02,
16:47:27.36921925, 6.6667E-02, 6.0133E+00, 0.0000E+00,
16:47:27.36921930, 3.3333E-02, 5.9733E+00, 1.3333E-01,
16:47:27.36921935, 6.6667E-02, 6.0000E+00, 1.3333E-01,
16:47:27.36921940,-3.3333E-02, 5.9733E+00, 6.6667E-02,
16:47:27.36921945, 6.6667E-02, 6.0000E+00, 0.0000E+00,
16:47:27.36921950, 3.3333E-02, 5.9733E+00, 2.6667E-01,
16:47:27.36921955, 1.0000E-01, 5.9733E+00, 1.3333E-01,
16:47:27.36921960, 6.6667E-02, 5.9867E+00, 6.6667E-02,
16:47:27.36921965, 3.3333E-02, 6.0267E+00, 6.6667E-02,
16:47:27.36921970, 0.0000E+00, 5.9867E+00, 2.0000E-01,
16:47:27.36921975, 6.6667E-02, 6.0000E+00, 1.3333E-01,
16:47:27.36921980, 3.3333E-02, 6.0000E+00, 2.0000E-01,
16:47:27.36921985, 3.3333E-02, 6.0000E+00, 6.6667E-02,
16:47:27.36921990, 0.0000E+00, 5.9867E+00, 0.0000E+00,
16:47:27.36921995, 3.3333E-02, 5.9867E+00, 2.6667E-01,
16:47:27.36922000, 6.6667E-02, 5.9867E+00, 2.0000E-01,
16:47:27.36922005, 6.6667E-02, 6.0267E+00, 0.0000E+00,
16:47:27.36922010, 1.3333E-01, 5.9600E+00,-6.6667E-02,
16:47:27.36922015, 1.0000E-01, 6.0133E+00, 0.0000E+00,
16:47:27.36922020, 3.3333E-02, 6.0000E+00, 3.3333E-01,
16:47:27.36922025, 3.3333E-02, 6.0267E+00, 2.6667E-01,
16:47:27.36922030, 3.3333E-02, 5.9867E+00, 2.6667E-01,
16:47:27.36922035, 3.3333E-02, 6.0133E+00, 2.0000E-01,
16:47:27.36922040, 6.6667E-02, 6.0133E+00, 2.6667E-01,
16:47:27.36922045,-6.6667E-02, 5.9867E+00, 2.6667E-01,
16:47:27.36922050, 6.6667E-02, 6.0267E+00, 3.3333E-01,
16:47:27.36922055, 6.6667E-02, 6.0000E+00, 2.0000E-01,
16:47:27.36922060, 6.6667E-02, 6.0000E+00, 1.3333E-01,
16:47:27.36922065, 6.6667E-02, 5.9867E+00, 1.3333E-01,
16:47:27.36922070, 3.3333E-02, 6.0267E+00, 6.6667E-02,
16:47:27.36922075, 3.3333E-02, 5.9867E+00, 1.3333E-01,
16:47:27.36922080, 3.3333E-02, 5.9867E+00, 0.0000E+00,
16:47:27.36922085, 3.3333E-02, 6.0000E+00, 0.0000E+00,
16:47:27.36922090, 0.0000E+00, 6.0133E+00, 2.0000E-01,
16:47:27.36922095, 1.0000E-01, 6.0133E+00, 6.6667E-02,
16:47:27.36922100, 1.0000E-01, 6.0000E+00, 2.0000E-01,
16:47:27.36922105, 6.6667E-02, 6.0133E+00, 1.3333E-01,
16:47:27.36922110, 1.3333E-01, 6.0400E+00, 6.6667E-02,
16:47:27.36922115, 6.6667E-02, 6.0000E+00, 1.3333E-01,
16:47:27.36922120, 3.3333E-02, 6.0133E+00, 2.0000E-01,
16:47:27.36922125, 3.3333E-02, 6.0133E+00, 6.6667E-02,
16:47:27.36922130, 1.0000E-01, 5.9867E+00, 3.3333E-01,
16:47:27.36922135, 0.0000E+00, 6.0133E+00, 2.0000E-01,
16:47:27.36922140, 3.3333E-02, 5.9867E+00, 1.3333E-01,
16:47:27.36922145, 3.3333E-02, 6.0133E+00, 2.6667E-01,
16:47:27.36922150, 3.3333E-02, 5.9867E+00, 2.6667E-01,
16:47:27.36922155, 3.3333E-02, 6.0000E+00,-6.6667E-02,
16:47:27.36922160, 0.0000E+00, 5.9333E+00, 0.0000E+00,
16:47:27.36922165, 3.3333E-02, 6.0133E+00,-1.3333E-01,
16:47:27.36922170, 6.6667E-02, 6.0000E+00, 6.6667E-02,
16:47:27.36922175, 3.3333E-02, 6.0133E+00, 2.0000E-01,
16:47:27.36922180, 3.3333E-02, 5.9867E+00, 1.3333E-01,
16:47:27.36922185, 3.3333E-02, 6.0000E+00, 1.3333E-01,
16:47:27.36922190, 6.6667E-02, 6.0000E+00, 6.6667E-02,
16:47:27.36922195, 1.0000E-01, 6.0133E+00, 2.6667E-01,
16:47:27.36922200, 3.3333E-02, 5.9867E+00, 6.6667E-02,
16:47:27.36922205, 1.0000E-01, 6.0133E+00, 1.3333E-01,
16:47:27.36922210, 1.3333E-01, 5.9733E+00, 0.0000E+00,
16:47:27.36922215, 3.3333E-02, 6.0267E+00, 6.6667E-02,
16:47:27.36922220, 0.0000E+00, 5.9733E+00,-6.6667E-02,
16:47:27.36922225, 0.0000E+00, 6.0133E+00, 2.0000E-01,
16:47:27.36922230, 6.6667E-02, 6.0000E+00, 6.6667E-02,
16:47:27.36922235, 6.6667E-02, 5.9867E+00, 3.3333E-01,
16:47:27.36922240, 3.3333E-02, 6.0133E+00, 0.0000E+00,
16:47:27.36922245, 6.6667E-02, 5.9867E+00, 1.3333E-01,
16:47:27.36922250, 6.6667E-02, 6.0000E+00, 6.6667E-02,
16:47:27.36922255, 1.0000E-01, 5.9867E+00, 1.3333E-01,
16:47:27.36922260, 1.0000E-01, 6.0000E+00, 1.3333E-01,
16:47:27.36922265, 3.3333E-02, 6.0133E+00, 2.0000E-01,
16:47:27.36922270, 1.3333E-01, 6.0133E+00, 1.3333E-01,
16:47:27.36922275, 1.0000E-01, 6.0000E+00, 3.3333E-01,
16:47:27.36922280, 0.0000E+00, 6.0000E+00, 0.0000E+00,
16:47:27.36922285, 3.3333E-02, 6.0133E+00, 2.6667E-01,
16:47:27.36922290, 1.6667E-01, 6.0000E+00, 4.0000E-01,
16:47:27.36922295, 1.0000E-01, 6.0133E+00, 6.6667E-02,
16:47:27.36922300, 1.0000E-01, 6.0000E+00, 1.3333E-01,
16:47:27.36922305, 6.6667E-02, 5.9867E+00, 0.0000E+00,
16:47:27.36922310, 3.3333E-02, 6.0267E+00, 1.3333E-01,
16:47:27.36922315, 3.3333E-02, 5.9867E+00, 2.6667E-01,
16:47:27.36922320, 6.6667E-02, 6.0133E+00, 1.3333E-01,
16:47:27.36922325, 6.6667E-02, 6.0267E+00, 1.3333E-01,
16:47:27.36922330, 0.0000E+00, 6.0000E+00, 2.6667E-01,
16:47:27.36922335, 6.6667E-02, 5.9867E+00, 6.6667E-02,
16:47:27.36922340, 1.0000E-01, 6.0000E+00, 1.3333E-01,
16:47:27.36922345, 6.6667E-02, 5.9733E+00, 4.0000E-01,
16:47:27.36922350, 3.3333E-02, 5.9867E+00,-6.6667E-02,
16:47:27.36922355, 6.6667E-02, 5.9867E+00, 1.3333E-01,
16:47:27.36922360, 3.3333E-02, 5.9600E+00, 1.3333E-01,
16:47:27.36922365, 0.0000E+00, 6.0133E+00,-6.6667E-02,
16:47:27.36922370, 3.3333E-02, 5.9867E+00, 2.6667E-01,
16:47:27.36922375, 1.3333E-01, 5.9867E+00, 1.3333E-01,
16:47:27.36922380, 3.3333E-02, 6.0267E+00, 0.0000E+00,
16:47:27.36922385, 3.3333E-02, 6.0000E+00, 2.6667E-01,
16:47:27.36922390, 1.0000E-01, 5.9867E+00, 3.3333E-01,
16:47:27.36922395, 1.3333E-01, 6.0000E+00,-6.6667E-02,
16:47:27.36922400, 6.6667E-02, 6.0133E+00, 6.6667E-02,
16:47:27.36922405,-3.3333E-02, 6.0267E+00, 0.0000E+00,
16:47:27.36922410, 6.6667E-02, 5.9867E+00, 6.6667E-02,
16:47:27.36922415, 0.0000E+00, 6.0000E+00, 1.3333E-01,
16:47:27.36922420, 0.0000E+00, 6.0267E+00, 2.0000E-01,
16:47:27.36922425, 1.0000E-01, 5.9867E+00, 1.3333E-01,
16:47:27.36922430, 0.0000E+00, 5.9600E+00, 6.6667E-02,
16:47:27.36922435, 0.0000E+00, 6.0000E+00, 3.3333E-01,
16:47:27.36922440, 3.3333E-02, 6.0133E+00, 6.6667E-02,
16:47:27.36922445, 6.6667E-02, 6.0133E+00, 1.3333E-01,
16:47:27.36922450, 3.3333E-02, 6.0000E+00, 2.6667E-01,
16:47:27.36922455, 3.3333E-02, 5.9600E+00, 1.3333E-01,
16:47:27.36922460, 3.3333E-02, 6.0133E+00, 6.6667E-02,
16:47:27.36922465, 3.3333E-02, 6.0000E+00, 3.3333E-01,
16:47:27.36922470, 1.0000E-01, 5.9733E+00, 6.6667E-02,
16:47:27.36922475, 6.6667E-02, 5.9867E+00, 6.6667E-02,
16:47:27.36922480, 6.6667E-02, 5.9867E+00, 0.0000E+00,
16:47:27.36922485, 6.6667E-02, 6.0000E+00, 6.6667E-02,
16:47:27.36922490, 0.0000E+00, 5.9867E+00, 0.0000E+00,
16:47:27.36922495, 6.6667E-02, 5.9733E+00, 1.3333E-01,
16:47:27.36922500, 6.6667E-02, 6.0000E+00, 6.6667E-02,
16:47:27.36922505, 0.0000E+00, 6.0133E+00, 1.3333E-01,
16:47:27.36922510, 3.3333E-02, 5.9733E+00,-6.6667E-02,
16:47:27.36922515,-6.6667E-02, 6.0133E+00, 2.6667E-01,
16:47:27.36922520, 6.6667E-02, 6.0267E+00, 1.3333E-01,
16:47:27.36922525, 0.0000E+00, 6.0133E+00, 2.6667E-01,
16:47:27.36922530, 1.0000E-01, 6.0000E+00, 3.3333E-01,
16:47:27.36922535, 6.6667E-02, 6.0000E+00, 2.0000E-01,
16:47:27.36922540, 6.6667E-02, 5.9867E+00, 2.0000E-01,
16:47:27.36922545, 0.0000E+00, 5.9733E+00, 1.3333E-01,
16:47:27.36922550, 3.3333E-02, 6.0133E+00, 1.3333E-01,
16:47:27.36922555, 3.3333E-02, 5.9867E+00, 1.3333E-01,
16:47:27.36922560, 6.6667E-02, 6.0000E+00, 6.6667E-02,
16:47:27.36922565, 1.0000E-01, 5.9867E+00, 6.6667E-02,
16:47:27.36922570, 1.0000E-01, 6.0000E+00, 2.0000E-01,
16:47:27.36922575, 1.0000E-01, 5.9867E+00, 3.3333E-01,
16:47:27.36922580, 6.6667E-02, 6.0000E+00, 2.0000E-01,
16:47:27.36922585, 6.6667E-02, 5.9867E+00, 2.6667E-01,
16:47:27.36922590, 6.6667E-02, 6.0133E+00, 1.3333E-01,
16:47:27.36922595, 0.0000E+00, 5.9733E+00, 6.6667E-02,
16:47:27.36922600, 6.6667E-02, 6.0000E+00,-6.6667E-02,
16:47:27.36922605, 1.0000E-01, 5.9867E+00, 1.3333E-01,
16:47:27.36922610, 3.3333E-02, 6.0000E+00, 6.6667E-02,
16:47:27.36922615,-3.3333E-02, 6.0000E+00, 2.0000E-01,
16:47:27.36922620, 3.3333E-02, 5.9867E+00, 2.6667E-01,
16:47:27.36922625, 1.3333E-01, 5.9733E+00, 2.6667E-01,
16:47:27.36922630, 1.0000E-01, 5.9733E+00, 2.0000E-01,
16:47:27.36922635, 1.0000E-01, 6.0000E+00, 3.3333E-01,
16:47:27.36922640, 6.6667E-02, 5.9867E+00, 1.3333E-01,
16:47:27.36922645, 3.3333E-02, 6.0000E+00, 0.0000E+00,
16:47:27.36922650, 6.6667E-02, 6.0133E+00, 1.3333E-01,
16:47:27.36922655, 3.3333E-02, 6.0133E+00, 2.0000E-01,
16:47:27.36922660, 0.0000E+00, 6.0000E+00, 1.3333E-01,
16:47:27.36922665, 0.0000E+00, 6.0000E+00, 6.6667E-02,
16:47:27.36922670, 3.3333E-02, 6.0000E+00, 2.0000E-01,
16:47:27.36922675, 0.0000E+00, 6.0000E+00, 2.6667E-01,
16:47:27.36922680, 6.6667E-02, 6.0000E+00, 1.3333E-01,
16:47:27.36922685, 6.6667E-02, 5.9600E+00, 1.3333E-01,
16:47:27.36922690, 6.6667E-02, 5.9867E+00, 6.6667E-02,
16:47:27.36922695, 3.3333E-02, 5.9733E+00, 3.3333E-01,
16:47:27.36922700, 1.0000E-01, 6.0133E+00, 2.0000E-01,
16:47:27.36922705, 6.6667E-02, 6.0267E+00, 2.6667E-01,
16:47:27.36922710, 6.6667E-02, 6.0000E+00, 2.0000E-01,
16:47:27.36922715, 3.3333E-02, 6.0000E+00, 2.0000E-01,
16:47:27.36922720, 6.6667E-02, 6.0133E+00, 6.6667E-02,
16:47:27.36922725, 6.6667E-02, 6.0267E+00, 3.3333E-01,
16:47:27.36922730, 6.6667E-02, 5.9867E+00, 2.6667E-01,
16:47:27.36922735, 3.3333E-02, 6.0267E+00, 0.0000E+00,
16:47:27.36922740, 6.6667E-02, 6.0000E+00, 1.3333E-01,
16:47:27.36922745, 6.6667E-02, 6.0267E+00, 0.0000E+00,
16:47:27.36922750,-3.3333E-02, 6.0133E+00, 0.0000E+00,
16:47:27.36922755, 3.3333E-02, 5.9600E+00, 6.6667E-02,
16:47:27.36922760, 0.0000E+00, 5.9733E+00,-6.6667E-02,
16:47:27.36922765, 6.6667E-02, 6.0133E+00, 3.3333E-01,
16:47:27.36922770, 3.3333E-02, 6.0267E+00, 2.0000E-01,
16:47:27.36922775, 3.3333E-02, 5.9867E+00, 2.6667E-01,
16:47:27.36922780,-3.3333E-02, 6.0000E+00, 1.3333E-01,
16:47:27.36922785, 6.6667E-02, 6.0000E+00, 1.3333E-01,
16:47:27.36922790, 3.3333E-02, 6.0133E+00, 0.0000E+00,
16:47:27.36922795, 6.6667E-02, 5.9733E+00, 3.3333E-01,
16:47:27.36922800, 3.3333E-02, 6.0000E+00, 1.3333E-01,
16:47:27.36922805, 3.3333E-02, 5.9867E+00, 2.6667E-01,
16:47:27.36922810, 3.3333E-02, 5.9867E+00, 1.3333E-01,
16:47:27.36922815, 0.0000E+00, 6.0000E+00, 1.3333E-01,
16:47:27.36922820, 0.0000E+00, 6.0133E+00, 1.3333E-01,
16:47:27.36922825, 1.0000E-01, 6.0133E+00, 1.3333E-01,
16:47:27.36922830, 6.6667E-02, 6.0267E+00, 1.3333E-01,
16:47:27.36922835, 3.3333E-02, 6.0133E+00, 2.0000E-01,
16:47:27.36922840, 3.3333E-02, 6.0000E+00, 1.3333E-01,
16:47:27.36922845, 6.6667E-02, 6.0133E+00, 2.0000E-01,
16:47:27.36922850, 0.0000E+00, 6.0000E+00, 2.0000E-01,
16:47:27.36922855, 3.3333E-02, 5.9733E+00, 1.3333E-01,
16:47:27.36922860, 1.0000E-01, 6.0000E+00, 1.3333E-01,
16:47:27.36922865, 6.6667E-02, 5.9867E+00, 1.3333E-01,
16:47:27.36922870, 3.3333E-02, 5.9867E+00, 1.3333E-01,
16:47:27.36922875, 3.3333E-02, 5.9733E+00, 1.3333E-01,
16:47:27.36922880,-3.3333E-02, 6.0000E+00, 3.3333E-01,
16:47:27.36922885,-3.3333E-02, 5.9733E+00, 2.0000E-01,
16:47:27.36922890, 3.3333E-02, 6.0000E+00, 6.6667E-02,
16:47:27.36922895, 6.6667E-02, 6.0133E+00,-6.6667E-02,
16:47:27.36922900, 3.3333E-02, 6.0133E+00, 0.0000E+00,
16:47:27.36922905, 3.3333E-02, 6.0133E+00, 1.3333E-01,
16:47:27.36922910, 6.6667E-02, 5.9867E+00, 0.0000E+00,
16:47:27.36922915, 0.0000E+00, 5.9867E+00, 2.6667E-01,
16:47:27.36922920, 0.0000E+00, 6.0000E+00, 1.3333E-01,
16:47:27.36922925, 0.0000E+00, 6.0133E+00, 2.6667E-01,
16:47:27.36922930, 1.0000E-01, 5.9867E+00, 2.0000E-01,
16:47:27.36922935, 6.6667E-02, 6.0000E+00, 6.6667E-02,
16:47:27.36922940, 0.0000E+00, 6.0133E+00, 6.6667E-02,
16:47:27.36922945, 3.3333E-02, 6.0267E+00, 0.0000E+00,
16:47:27.36922950, 6.6667E-02, 6.0133E+00,-1.3333E-01,
16:47:27.36922955, 3.3333E-02, 6.0000E+00, 2.0000E-01,
16:47:27.36922960, 0.0000E+00, 6.0000E+00, 2.6667E-01,
16:47:27.36922965, 6.6667E-02, 6.0133E+00, 1.3333E-01,
16:47:27.36922970, 6.6667E-02, 6.0000E+00, 1.3333E-01,
16:47:27.36922975, 3.3333E-02, 5.9733E+00, 2.6667E-01,
16:47:27.36922980, 0.0000E+00, 6.0267E+00, 6.6667E-02,
16:47:27.36922985, 3.3333E-02, 5.9867E+00, 1.3333E-01,
16:47:27.36922990, 6.6667E-02, 6.0000E+00, 2.0000E-01,
16:47:27.36922995, 6.6667E-02, 5.9867E+00, 0.0000E+00,
16:47:27.36923000, 0.0000E+00, 5.9733E+00, 3.3333E-01,
16:47:27.36923005, 0.0000E+00, 6.0133E+00, 4.0000E-01,
16:47:27.36923010, 3.3333E-02, 5.9867E+00, 0.0000E+00,
16:47:27.36923015, 3.3333E-02, 6.0267E+00, 2.6667E-01,
16:47:27.36923020, 6.6667E-02, 6.0133E+00, 1.3333E-01,
16:47:27.36923025, 0.0000E+00, 6.0000E+00, 1.3333E-01,
16:47:27.36923030, 6.6667E-02, 6.0267E+00, 2.0000E-01,
16:47:27.36923035, 0.0000E+00, 5.9867E+00, 1.3333E-01,
16:47:27.36923040, 3.3333E-02, 5.9867E+00, 6.6667E-02,
16:47:27.36923045, 1.0000E-01, 6.0133E+00,-6.6667E-02,
16:47:27.36923050, 6.6667E-02, 6.0133E+00, 1.3333E-01,
16:47:27.36923055, 0.0000E+00, 6.0133E+00, 1.3333E-01,
16:47:27.36923060, 3.3333E-02, 6.0133E+00, 0.0000E+00,
16:47:27.36923065, 1.0000E-01, 6.0400E+00, 0.0000E+00,
16:47:27.36923070, 0.0000E+00, 6.0267E+00, 2.6667E-01,
16:47:27.36923075, 1.0000E-01, 6.0133E+00, 1.3333E-01,
16:47:27.36923080, 3.3333E-02, 6.0000E+00, 1.3333E-01,
16:47:27.36923085, 0.0000E+00, 5.9867E+00, 0.0000E+00,
16:47:27.36923090, 3.3333E-02, 5.9600E+00, 1.3333E-01,
16:47:27.36923095, 3.3333E-02, 5.9867E+00, 3.3333E-01,
16:47:27.36923100, 0.0000E+00, 6.0267E+00, 6.6667E-02,
16:47:27.36923105, 6.6667E-02, 6.0133E+00, 2.0000E-01,
16:47:27.36923110, 6.6667E-02, 6.0133E+00, 2.6667E-01,
16:47:27.36923115, 3.3333E-02, 6.0000E+00, 2.0000E-01,
16:47:27.36923120, 0.0000E+00, 5.9867E+00, 1.3333E-01,
16:47:27.36923125, 3.3333E-02, 6.0133E+00, 1.3333E-01,
16:47:27.36923130, 6.6667E-02, 5.9867E+00,-6.6667E-02,
16:47:27.36923135,-3.3333E-02, 6.0000E+00, 2.6667E-01,
16:47:27.36923140, 3.3333E-02, 6.0133E+00,-1.3333E-01,
16:47:27.36923145,-3.3333E-02, 6.0133E+00, 0.0000E+00,
16:47:27.36923150, 3.3333E-02, 6.0000E+00, 0.0000E+00,
16:47:27.36923155, 6.6667E-02, 6.0133E+00, 2.0000E-01,
16:47:27.36923160, 1.0000E-01, 5.9867E+00, 0.0000E+00,
16:47:27.36923165, 0.0000E+00, 6.0133E+00, 3.3333E-01,
16:47:27.36923170, 6.6667E-02, 6.0267E+00, 2.0000E-01,
16:47:27.36923175, 0.0000E+00, 6.0267E+00, 0.0000E+00,
16:47:27.36923180, 1.0000E-01, 5.9867E+00, 0.0000E+00,
16:47:27.36923185, 3.3333E-02, 6.0000E+00, 0.0000E+00,
16:47:27.36923190, 6.6667E-02, 5.9733E+00, 6.6667E-02,
16:47:27.36923195, 0.0000E+00, 5.9867E+00, 1.3333E-01,
16:47:27.36923200, 3.3333E-02, 6.0133E+00,-6.6667E-02,
16:47:27.36923205, 6.6667E-02, 6.0267E+00, 2.0000E-01,
16:47:27.36923210, 1.0000E-01, 5.9733E+00, 0.0000E+00,
16:47:27.36923215, 0.0000E+00, 5.9867E+00, 2.0000E-01,
16:47:27.36923220, 1.0000E-01, 6.0000E+00, 2.0000E-01,
16:47:27.36923225, 6.6667E-02, 5.9733E+00, 1.3333E-01,
16:47:27.36923230, 3.3333E-02, 5.9867E+00, 1.3333E-01,
16:47:27.36923235, 3.3333E-02, 6.0133E+00,-2.0000E-01,
16:47:27.36923240, 3.3333E-02, 6.0133E+00, 1.3333E-01,
16:47:27.36923245, 0.0000E+00, 6.0000E+00, 1.3333E-01,
16:47:27.36923250, 3.3333E-02, 5.9867E+00, 2.0000E-01,
16:47:27.36923255, 0.0000E+00, 5.9867E+00, 0.0000E+00,
16:47:27.36923260, 6.6667E-02, 6.0133E+00, 1.3333E-01,
16:47:27.36923265, 1.0000E-01, 6.0000E+00, 2.0000E-01,
16:47:27.36923270, 1.0000E-01, 5.9867E+00, 2.6667E-01,
16:47:27.36923275, 0.0000E+00, 6.0000E+00, 1.3333E-01,
16:47:27.36923280, 6.6667E-02, 6.0133E+00, 2.0000E-01,
16:47:27.36923285, 3.3333E-02, 6.0133E+00, 6.6667E-02,
16:47:27.36923290, 0.0000E+00, 6.0000E+00, 2.0000E-01,
16:47:27.36923295, 6.6667E-02, 6.0133E+00, 1.3333E-01,
16:47:27.36923300, 6.6667E-02, 6.0133E+00, 1.3333E-01,
16:47:27.36923305, 6.6667E-02, 5.9867E+00, 1.3333E-01,
16:47:27.36923310, 0.0000E+00, 5.9867E+00, 3.3333E-01,
16:47:27.36923315, 0.0000E+00, 6.0000E+00, 3.3333E-01,
16:47:27.36923320, 3.3333E-02, 6.0000E+00, 3.3333E-01,
16:47:27.36923325, 6.6667E-02, 6.0133E+00, 1.3333E-01,
16:47:27.36923330,-3.3333E-02, 5.9867E+00, 6.6667E-02,
16:47:27.36923335, 3.3333E-02, 6.0000E+00, 1.3333E-01,
16:47:27.36923340, 0.0000E+00, 5.9733E+00, 2.6667E-01,
16:47:27.36923345, 3.3333E-02, 6.0133E+00, 1.3333E-01,
16:47:27.36923350, 1.0000E-01, 6.0133E+00, 0.0000E+00,
16:47:27.36923355, 1.3333E-01, 6.0267E+00, 1.3333E-01,
16:47:27.36923360, 0.0000E+00, 5.9867E+00, 2.6667E-01,
16:47:27.36923365,-3.3333E-02, 5.9867E+00, 3.3333E-01,
16:47:27.36923370, 0.0000E+00, 5.9867E+00, 6.6667E-02,
16:47:27.36923375, 0.0000E+00, 5.9867E+00,-6.6667E-02,
16:47:27.36923380, 3.3333E-02, 6.0000E+00, 2.0000E-01,
16:47:27.36923385, 6.6667E-02, 5.9733E+00, 0.0000E+00,
16:47:27.36923390, 3.3333E-02, 6.0000E+00, 0.0000E+00,
16:47:27.36923395, 3.3333E-02, 5.9867E+00, 2.0000E-01,
16:47:27.36923400, 1.3333E-01, 6.0267E+00, 1.3333E-01,
16:47:27.36923405, 3.3333E-02, 5.9733E+00, 0.0000E+00,
16:47:27.36923410, 6.6667E-02, 6.0000E+00, 2.6667E-01,
16:47:27.36923415, 1.0000E-01, 5.9867E+00, 3.3333E-01,
16:47:27.36923420, 0.0000E+00, 6.0267E+00, 2.6667E-01,
16:47:27.36923425, 0.0000E+00, 6.0133E+00,-6.6667E-02,
16:47:27.36923430, 3.3333E-02, 5.9867E+00, 1.3333E-01,
16:47:27.36923435, 3.3333E-02, 5.9733E+00, 6.6667E-02,
16:47:27.36923440, 1.0000E-01, 6.0133E+00, 0.0000E+00,
16:47:27.36923445, 3.3333E-02, 6.0133E+00, 1.3333E-01,
16:47:27.36923450, 3.3333E-02, 5.9867E+00, 0.0000E+00,
16:47:27.36923455, 6.6667E-02, 6.0267E+00, 2.0000E-01,
16:47:27.36923460, 0.0000E+00, 5.9867E+00, 1.3333E-01,
16:47:27.36923465, 3.3333E-02, 6.0000E+00, 1.3333E-01,
16:47:27.36923470, 3.3333E-02, 6.0000E+00, 1.3333E-01,
16:47:27.36923475, 6.6667E-02, 6.0133E+00,-1.3333E-01,
16:47:27.36923480, 0.0000E+00, 6.0000E+00, 0.0000E+00,
16:47:27.36923485, 1.0000E-01, 5.9867E+00,-6.6667E-02,
16:47:27.36923490, 6.6667E-02, 6.0000E+00, 0.0000E+00,
16:47:27.36923495, 3.3333E-02, 5.9867E+00, 0.0000E+00,
16:47:27.36923500, 6.6667E-02, 5.9733E+00, 6.6667E-02,
16:47:27.36923505, 0.0000E+00, 6.0000E+00, 0.0000E+00,
16:47:27.36923510, 6.6667E-02, 6.0000E+00, 6.6667E-02,
16:47:27.36923515, 1.0000E-01, 6.0000E+00, 1.3333E-01,
16:47:27.36923520, 3.3333E-02, 6.0133E+00,-6.6667E-02,
16:47:27.36923525, 3.3333E-02, 5.9867E+00, 6.6667E-02,
16:47:27.36923530, 6.6667E-02, 6.0133E+00, 0.0000E+00,
16:47:27.36923535,-3.3333E-02, 6.0000E+00, 1.3333E-01,
16:47:27.36923540, 3.3333E-02, 6.0133E+00, 1.3333E-01,
16:47:27.36923545, 3.3333E-02, 6.0400E+00, 2.0000E-01,
16:47:27.36923550, 6.6667E-02, 6.0133E+00,-6.6667E-02,
16:47:27.36923555, 0.0000E+00, 6.0267E+00, 2.6667E-01,
16:47:27.36923560, 3.3333E-02, 6.0267E+00, 1.3333E-01,
16:47:27.36923565,-3.3333E-02, 5.9733E+00, 1.3333E-01,
16:47:27.36923570, 3.3333E-02, 6.0000E+00, 2.0000E-01,
16:47:27.36923575, 3.3333E-02, 5.9867E+00, 0.0000E+00,
16:47:27.36923580, 3.3333E-02, 5.9867E+00, 6.6667E-02,
16:47:27.36923585, 6.6667E-02, 5.9733E+00, 6.6667E-02,
16:47:27.36923590, 1.0000E-01, 6.0133E+00,-6.6667E-02,
16:47:27.36923595, 6.6667E-02, 6.0267E+00, 1.3333E-01,
16:47:27.36923600, 6.6667E-02, 6.0133E+00, 2.6667E-01,
16:47:27.36923605, 3.3333E-02, 6.0000E+00, 6.6667E-02,
16:47:27.36923610, 6.6667E-02, 6.0000E+00, 1.3333E-01,
16:47:27.36923615, 0.0000E+00, 6.0267E+00, 2.6667E-01,
16:47:27.36923620, 6.6667E-02, 5.9867E+00, 1.3333E-01,
16:47:27.36923625, 6.6667E-02, 6.0000E+00, 6.6667E-02,
16:47:27.36923630, 0.0000E+00, 6.0267E+00, 2.0000E-01,
16:47:27.36923635, 3.3333E-02, 5.9733E+00, 2.6667E-01,
16:47:27.36923640, 1.3333E-01, 5.9600E+00, 6.6667E-02,
16:47:27.36923645, 0.0000E+00, 5.9867E+00, 2.6667E-01,
16:47:27.36923650, 0.0000E+00, 5.9867E+00, 3.3333E-01,
16:47:27.36923655, 6.6667E-02, 6.0000E+00, 2.0000E-01,
16:47:27.36923660, 3.3333E-02, 5.9733E+00, 2.6667E-01,
16:47:27.36923665,-3.3333E-02, 6.0000E+00, 6.6667E-02,
16:47:27.36923670, 3.3333E-02, 5.9867E+00,-6.6667E-02,
16:47:27.36923675, 3.3333E-02, 6.0000E+00, 1.3333E-01,
16:47:27.36923680,-3.3333E-02, 6.0000E+00,-6.6667E-02,
16:47:27.36923685, 3.3333E-02, 5.9867E+00, 6.6667E-02,
16:47:27.36923690, 6.6667E-02, 6.0000E+00, 2.6667E-01,
16:47:27.36923695, 3.3333E-02, 6.0133E+00,-6.6667E-02,
16:47:27.36923700, 3.3333E-02, 5.9867E+00,-1.3333E-01,
16:47:27.36923705, 0.0000E+00, 6.0267E+00, 3.3333E-01,
16:47:27.36923710,-3.3333E-02, 6.0133E+00, 6.6667E-02,
16:47:27.36923715,-3.3333E-02, 6.0000E+00, 1.3333E-01,
16:47:27.36923720, 3.3333E-02, 5.9867E+00, 2.0000E-01,
16:47:27.36923725, 1.0000E-01, 6.0133E+00, 6.6667E-02,
16:47:27.36923730, 3.3333E-02, 5.9867E+00, 6.6667E-02,
16:47:27.36923735, 6.6667E-02, 6.0267E+00, 0.0000E+00,
16:47:27.36923740, 3.3333E-02, 6.0133E+00, 1.3333E-01,
16:47:27.36923745,-6.6667E-02, 6.0133E+00, 2.6667E-01,
16:47:27.36923750, 0.0000E+00, 6.0267E+00, 2.0000E-01,
16:47:27.36923755, 3.3333E-02, 6.0267E+00, 1.3333E-01,
16:47:27.36923760, 0.0000E+00, 6.0000E+00, 1.3333E-01,
16:47:27.36923765, 0.0000E+00, 6.0133E+00, 1.3333E-01,
16:47:27.36923770, 1.0000E-01, 6.0267E+00, 2.6667E-01,
16:47:27.36923775, 3.3333E-02, 6.0000E+00, 1.3333E-01,
16:47:27.36923780, 0.0000E+00, 5.9867E+00,-6.6667E-02,
16:47:27.36923785, 0.0000E+00, 6.0400E+00, 2.6667E-01,
16:47:27.36923790, 0.0000E+00, 6.0000E+00, 6.6667E-02,
16:47:27.36923795, 6.6667E-02, 6.0000E+00, 2.0000E-01,
16:47:27.36923800, 0.0000E+00, 6.0000E+00, 2.6667E-01,
16:47:27.36923805, 3.3333E-02, 5.9867E+00, 2.0000E-01,
16:47:27.36923810, 3.3333E-02, 6.0000E+00, 2.0000E-01,
16:47:27.36923815,-3.3333E-02, 6.0000E+00, 6.6667E-02,
16:47:27.36923820, 6.6667E-02, 6.0000E+00, 2.0000E-01,
16:47:27.36923825, 0.0000E+00, 6.0133E+00,-6.6667E-02,
16:47:27.36923830, 1.0000E-01, 6.0000E+00, 1.3333E-01,
16:47:27.36923835, 0.0000E+00, 5.9733E+00, 1.3333E-01,
16:47:27.36923840, 0.0000E+00, 5.9867E+00, 2.6667E-01,
16:47:27.36923845, 6.6667E-02, 6.0133E+00, 2.6667E-01,
16:47:27.36923850, 3.3333E-02, 6.0133E+00, 2.0000E-01,
16:47:27.36923855, 0.0000E+00, 6.0133E+00, 1.3333E-01,
16:47:27.36923860, 0.0000E+00, 5.9733E+00, 6.6667E-02,
16:47:27.36923865, 6.6667E-02, 6.0133E+00, 1.3333E-01,
16:47:27.36923870, 0.0000E+00, 6.0000E+00, 0.0000E+00,
16:47:27.36923875, 3.3333E-02, 6.0000E+00, 1.3333E-01,
16:47:27.36923880, 0.0000E+00, 5.9733E+00, 6.6667E-02,
16:47:27.36923885, 3.3333E-02, 5.9867E+00, 3.3333E-01,
16:47:27.36923890, 1.0000E-01, 6.0400E+00, 1.3333E-01,
16:47:27.36923895,-6.6667E-02, 6.0267E+00, 2.6667E-01,
16:47:27.36923900, 6.6667E-02, 6.0267E+00, 3.3333E-01,
16:47:27.36923905, 0.0000E+00, 5.9867E+00, 6.6667E-02,
16:47:27.36923910, 6.6667E-02, 6.0000E+00, 1.3333E-01,
16:47:27.36923915, 3.3333E-02, 5.9733E+00, 6.6667E-02,
16:47:27.36923920,-3.3333E-02, 5.9867E+00, 0.0000E+00,
16:47:27.36923925, 3.3333E-02, 6.0267E+00, 6.6667E-02,
16:47:27.36923930, 1.0000E-01, 6.0133E+00, 1.3333E-01,
16:47:27.36923935, 3.3333E-02, 5.9867E+00, 1.3333E-01,
16:47:27.36923940,-3.3333E-02, 6.0267E+00, 6.6667E-02,
16:47:27.36923945, 1.0000E-01, 5.9867E+00, 1.3333E-01,
16:47:27.36923950, 0.0000E+00, 6.0000E+00, 2.0000E-01,
16:47:27.36923955, 3.3333E-02, 6.0267E+00, 2.0000E-01,
16:47:27.36923960, 3.3333E-02, 6.0000E+00, 2.0000E-01,
16:47:27.36923965, 3.3333E-02, 6.0267E+00, 1.3333E-01,
16:47:27.36923970, 0.0000E+00, 6.0133E+00, 1.3333E-01,
16:47:27.36923975, 6.6667E-02, 6.0000E+00, 1.3333E-01,
16:47:27.36923980, 6.6667E-02, 6.0000E+00, 6.6667E-02,
16:47:27.36923985, 0.0000E+00, 6.0267E+00, 1.3333E-01,
16:47:27.36923990, 3.3333E-02, 5.9867E+00, 6.6667E-02,
16:47:27.36923995,-3.3333E-02, 5.9867E+00, 3.3333E-01,
16:47:27.36924000, 3.3333E-02, 5.9867E+00, 0.0000E+00,
16:47:27.36924005, 0.0000E+00, 6.0400E+00, 2.0000E-01,
16:47:27.36924010, 0.0000E+00, 6.0000E+00, 6.6667E-02,
16:47:27.36924015, 1.0000E-01, 6.0000E+00, 1.3333E-01,
16:47:27.36924020,-3.3333E-02, 5.9867E+00, 6.6667E-02,
16:47:27.36924025, 1.0000E-01, 6.0000E+00, 2.0000E-01,
16:47:27.36924030, 0.0000E+00, 5.9867E+00, 6.6667E-02,
16:47:27.36924035, 0.0000E+00, 6.0000E+00, 2.0000E-01,
16:47:27.36924040, 0.0000E+00, 6.0000E+00, 2.0000E-01,
16:47:27.36924045, 0.0000E+00, 6.0000E+00, 6.6667E-02,
16:47:27.36924050, 3.3333E-02, 5.9867E+00, 2.0000E-01,
16:47:27.36924055, 6.6667E-02, 5.9867E+00, 0.0000E+00,
16:47:27.36924060, 0.0000E+00, 6.0000E+00, 2.0000E-01,
16:47:27.36924065, 1.3333E-01, 6.0133E+00, 6.6667E-02,
16:47:27.36924070, 6.6667E-02, 6.0000E+00, 1.3333E-01,
16:47:27.36924075, 0.0000E+00, 6.0000E+00, 6.6667E-02,
16:47:27.36924080, 3.3333E-02, 6.0000E+00, 1.3333E-01,
16:47:27.36924085, 1.0000E-01, 5.9733E+00, 2.0000E-01,
16:47:27.36924090, 0.0000E+00, 5.9867E+00, 1.3333E-01,
16:47:27.36924095, 3.3333E-02, 5.9867E+00, 6.6667E-02,
16:47:27.36924100, 6.6667E-02, 5.9867E+00, 1.3333E-01,
16:47:27.36924105,-3.3333E-02, 5.9867E+00, 2.0000E-01,
16:47:27.36924110, 0.0000E+00, 6.0133E+00, 0.0000E+00,
16:47:27.36924115, 0.0000E+00, 5.9867E+00, 6.6667E-02,
16:47:27.36924120, 0.0000E+00, 6.0000E+00,-1.3333E-01,
16:47:27.36924125, 0.0000E+00, 5.9867E+00, 0.0000E+00,
16:47:27.36924130, 3.3333E-02, 5.9867E+00,-1.3333E-01,
16:47:27.36924135, 0.0000E+00, 6.0000E+00, 2.0000E-01,
16:47:27.36924140,-3.3333E-02, 5.9733E+00, 2.0000E-01,
16:47:27.36924145, 0.0000E+00, 6.0000E+00, 2.0000E-01,
16:47:27.36924150, 6.6667E-02, 6.0133E+00, 0.0000E+00,
16:47:27.36924155, 0.0000E+00, 6.0133E+00, 0.0000E+00,
16:47:27.36924160, 3.3333E-02, 6.0133E+00, 0.0000E+00,
16:47:27.36924165, 3.3333E-02, 5.9867E+00, 0.0000E+00,
16:47:27.36924170, 3.3333E-02, 5.9867E+00, 1.3333E-01,
16:47:27.36924175, 3.3333E-02, 6.0133E+00, 0.0000E+00,
16:47:27.36924180, 0.0000E+00, 6.0000E+00, 6.6667E-02,
16:47:27.36924185, 0.0000E+00, 5.9733E+00, 6.6667E-02,
16:47:27.36924190, 1.0000E-01, 6.0133E+00, 1.3333E-01,
16:47:27.36924195, 0.0000E+00, 5.9733E+00, 2.0000E-01,
16:47:27.36924200, 1.0000E-01, 6.0267E+00, 6.6667E-02,
16:47:27.36924205, 6.6667E-02, 6.0133E+00, 1.3333E-01,
16:47:27.36924210, 6.6667E-02, 6.0133E+00, 0.0000E+00,
16:47:27.36924215, 0.0000E+00, 6.0000E+00, 6.6667E-02,
16:47:27.36924220, 3.3333E-02, 6.0133E+00, 0.0000E+00,
16:47:27.36924225, 0.0000E+00, 6.0000E+00, 6.6667E-02,
16:47:27.36924230, 3.3333E-02, 6.0000E+00, 1.3333E-01,
16:47:27.36924235,-6.6667E-02, 6.0000E+00, 2.6667E-01,
16:47:27.36924240, 0.0000E+00, 6.0000E+00, 2.0000E-01,
16:47:27.36924245, 0.0000E+00, 5.9867E+00, 1.3333E-01,
16:47:27.36924250, 3.3333E-02, 6.0267E+00, 1.3333E-01,
16:47:27.36924255, 0.0000E+00, 6.0133E+00, 6.6667E-02,
16:47:27.36924260, 6.6667E-02, 6.0400E+00, 1.3333E-01,
16:47:27.36924265, 1.0000E-01, 5.9867E+00, 3.3333E-01,
16:47:27.36924270, 3.3333E-02, 5.9600E+00, 2.0000E-01,
16:47:27.36924275, 3.3333E-02, 5.9733E+00, 2.6667E-01,
16:47:27.36924280, 3.3333E-02, 6.0000E+00, 1.3333E-01,
16:47:27.36924285, 0.0000E+00, 6.0133E+00, 6.6667E-02,
16:47:27.36924290,-3.3333E-02, 6.0000E+00, 1.3333E-01,
16:47:27.36924295, 6.6667E-02, 6.0267E+00, 1.3333E-01,
16:47:27.36924300, 6.6667E-02, 6.0133E+00, 0.0000E+00,
16:47:27.36924305, 6.6667E-02, 6.0133E+00, 2.6667E-01,
16:47:27.36924310, 3.3333E-02, 6.0133E+00, 1.3333E-01,
16:47:27.36924315, 0.0000E+00, 6.0000E+00, 3.3333E-01,
16:47:27.36924320, 6.6667E-02, 5.9867E+00, 1.3333E-01,
16:47:27.36924325, 0.0000E+00, 5.9867E+00, 6.6667E-02,
16:47:27.36924330,-3.3333E-02, 5.9867E+00, 6.6667E-02,
16:47:27.36924335, 3.3333E-02, 6.0133E+00, 2.0000E-01,
16:47:27.36924340, 3.3333E-02, 6.0133E+00, 2.6667E-01,
16:47:27.36924345,-3.3333E-02, 6.0000E+00, 2.0000E-01,
16:47:27.36924350, 6.6667E-02, 6.0000E+00, 1.3333E-01,
16:47:27.36924355, 0.0000E+00, 5.9600E+00, 6.6667E-02,
16:47:27.36924360,-6.6667E-02, 6.0267E+00, 6.6667E-02,
16:47:27.36924365, 3.3333E-02, 5.9867E+00, 1.3333E-01,
16:47:27.36924370, 6.6667E-02, 6.0267E+00, 1.3333E-01,
16:47:27.36924375, 3.3333E-02, 6.0267E+00, 2.0000E-01,
16:47:27.36924380,-3.3333E-02, 5.9867E+00, 0.0000E+00,
16:47:27.36924385, 3.3333E-02, 5.9867E+00, 6.6667E-02,
16:47:27.36924390, 6.6667E-02, 6.0000E+00, 2.0000E-01,
16:47:27.36924395, 0.0000E+00, 6.0533E+00, 6.6667E-02,
16:47:27.36924400, 3.3333E-02, 5.9733E+00, 0.0000E+00,
16:47:27.36924405, 3.3333E-02, 5.9733E+00, 6.6667E-02,
16:47:27.36924410, 3.3333E-02, 6.0133E+00, 0.0000E+00,
16:47:27.36924415, 0.0000E+00, 6.0133E+00, 0.0000E+00,
16:47:27.36924420, 3.3333E-02, 6.0000E+00,-6.6667E-02,
16:47:27.36924425, 1.0000E-01, 6.0133E+00, 2.0000E-01,
16:47:27.36924430, 1.0000E-01, 6.0000E+00, 6.6667E-02,
16:47:27.36924435, 3.3333E-02, 5.9867E+00, 2.6667E-01,
16:47:27.36924440, 3.3333E-02, 6.0000E+00, 2.0000E-01,
16:47:27.36924445, 1.0000E-01, 6.0133E+00, 2.0000E-01,
16:47:27.36924450, 3.3333E-02, 6.0267E+00, 0.0000E+00,
16:47:27.36924455, 6.6667E-02, 5.9867E+00, 0.0000E+00,
16:47:27.36924460, 3.3333E-02, 5.9733E+00, 6.6667E-02,
16:47:27.36924465,-3.3333E-02, 6.0000E+00, 0.0000E+00,
16:47:27.36924470, 6.6667E-02, 6.0133E+00, 6.6667E-02,
16:47:27.36924475,-6.6667E-02, 6.0267E+00, 2.6667E-01,
16:47:27.36924480, 0.0000E+00, 6.0000E+00, 6.6667E-02,
16:47:27.36924485, 3.3333E-02, 6.0000E+00, 3.3333E-01,
16:47:27.36924490, 3.3333E-02, 6.0133E+00, 6.6667E-02,
16:47:27.36924495, 3.3333E-02, 6.0000E+00, 2.6667E-01,
16:47:27.36924500, 3.3333E-02, 6.0133E+00, 0.0000E+00,
16:47:27.36924505, 3.3333E-02, 6.0000E+00, 6.6667E-02,
16:47:27.36924510,-3.3333E-02, 5.9867E+00, 1.3333E-01,
16:47:27.36924515, 3.3333E-02, 6.0133E+00, 1.3333E-01,
16:47:27.36924520,-3.3333E-02, 5.9867E+00, 1.3333E-01,
16:47:27.36924525, 6.6667E-02, 6.0133E+00, 2.6667E-01,
16:47:27.36924530, 3.3333E-02, 5.9733E+00, 1.3333E-01,
16:47:27.36924535, 0.0000E+00, 6.0000E+00, 3.3333E-01,
16:47:27.36924540, 0.0000E+00, 6.0533E+00, 2.0000E-01,
16:47:27.36924545, 6.6667E-02, 5.9867E+00, 2.0000E-01,
16:47:27.36924550, 6.6667E-02, 5.9867E+00,-6.6667E-02,
16:47:27.36924555, 3.3333E-02, 5.9867E+00,-1.3333E-01,
16:47:27.36924560, 3.3333E-02, 5.9733E+00, 1.3333E-01,
16:47:27.36924565,-3.3333E-02, 6.0000E+00, 0.0000E+00,
16:47:27.36924570, 3.3333E-02, 5.9867E+00, 1.3333E-01,
16:47:27.36924575, 3.3333E-02, 6.0133E+00, 1.3333E-01,
16:47:27.36924580, 6.6667E-02, 5.9867E+00, 2.0000E-01,
16:47:27.36924585,-3.3333E-02, 6.0133E+00, 1.3333E-01,
16:47:27.36924590, 1.3333E-01, 6.0267E+00, 1.3333E-01,
16:47:27.36924595, 1.0000E-01, 6.0133E+00,-6.6667E-02,
16:47:27.36924600, 6.6667E-02, 6.0267E+00,-6.6667E-02,
16:47:27.36924605, 3.3333E-02, 6.0267E+00, 2.6667E-01,
16:47:27.36924610, 3.3333E-02, 6.0133E+00,-6.6667E-02,
16:47:27.36924615, 3.3333E-02, 6.0133E+00, 1.3333E-01,
16:47:27.36924620, 3.3333E-02, 5.9867E+00, 2.0000E-01,
16:47:27.36924625, 0.0000E+00, 6.0000E+00, 2.0000E-01,
16:47:27.36924630, 0.0000E+00, 6.0267E+00, 2.6667E-01,
16:47:27.36924635, 3.3333E-02, 6.0400E+00, 0.0000E+00,
16:47:27.36924640, 6.6667E-02, 6.0267E+00, 6.6667E-02,
16:47:27.36924645, 6.6667E-02, 5.9867E+00,-6.6667E-02,
16:47:27.36924650, 3.3333E-02, 6.0133E+00, 1.3333E-01,
16:47:27.36924655, 6.6667E-02, 6.0133E+00,-1.3333E-01,
16:47:27.36924660, 3.3333E-02, 5.9867E+00, 1.3333E-01,
16:47:27.36924665, 1.0000E-01, 5.9867E+00, 6.6667E-02,
16:47:27.36924670, 0.0000E+00, 5.9867E+00, 6.6667E-02,
16:47:27.36924675, 3.3333E-02, 5.9733E+00, 0.0000E+00,
16:47:27.36924680, 0.0000E+00, 6.0133E+00, 2.6667E-01,
16:47:27.36924685, 0.0000E+00, 6.0000E+00, 1.3333E-01,
16:47:27.36924690, 1.0000E-01, 5.9867E+00, 1.3333E-01,
16:47:27.36924695, 3.3333E-02, 5.9867E+00, 3.3333E-01,
16:47:27.36924700, 0.0000E+00, 6.0000E+00, 2.0000E-01,
16:47:27.36924705, 6.6667E-02, 5.9867E+00,-2.0000E-01,
16:47:27.36924710, 0.0000E+00, 5.9867E+00, 1.3333E-01,
16:47:27.36924715, 3.3333E-02, 5.9867E+00, 6.6667E-02,
16:47:27.36924720, 0.0000E+00, 6.0000E+00, 2.0000E-01,
16:47:27.36924725, 0.0000E+00, 6.0267E+00, 1.3333E-01,
16:47:27.36924730, 3.3333E-02, 6.0267E+00, 1.3333E-01,
16:47:27.36924735, 0.0000E+00, 5.9867E+00, 2.0000E-01,
16:47:27.36924740, 0.0000E+00, 6.0000E+00, 3.3333E-01,
16:47:27.36924745, 6.6667E-02, 6.0133E+00,-6.6667E-02,
16:47:27.36924750, 6.6667E-02, 5.9733E+00, 2.0000E-01,
16:47:27.36924755, 0.0000E+00, 6.0000E+00, 1.3333E-01,
16:47:27.36924760, 3.3333E-02, 6.0267E+00, 1.3333E-01,
16:47:27.36924765, 3.3333E-02, 6.0000E+00, 1.3333E-01,
16:47:27.36924770, 0.0000E+00, 6.0133E+00, 4.0000E-01,
16:47:27.36924775, 3.3333E-02, 6.0267E+00, 2.0000E-01,
16:47:27.36924780,-3.3333E-02, 6.0267E+00, 3.3333E-01,
16:47:27.36924785, 6.6667E-02, 6.0533E+00, 1.3333E-01,
16:47:27.36924790, 6.6667E-02, 6.0000E+00, 2.0000E-01,
16:47:27.36924795, 3.3333E-02, 6.0000E+00, 2.0000E-01,
16:47:27.36924800, 6.6667E-02, 6.0133E+00, 1.3333E-01,
16:47:27.36924805, 6.6667E-02, 5.9733E+00, 2.0000E-01,
16:47:27.36924810, 0.0000E+00, 6.0133E+00, 2.0000E-01,
16:47:27.36924815, 0.0000E+00, 6.0267E+00, 1.3333E-01,
16:47:27.36924820, 0.0000E+00, 6.0133E+00, 6.6667E-02,
16:47:27.36924825, 0.0000E+00, 6.0267E+00, 6.6667E-02,
16:47:27.36924830,-6.6667E-02, 6.0133E+00, 1.3333E-01,
16:47:27.36924835, 3.3333E-02, 6.0133E+00, 6.6667E-02,
16:47:27.36924840, 6.6667E-02, 5.9867E+00,-6.6667E-02,
16:47:27.36924845, 0.0000E+00, 5.9867E+00, 0.0000E+00,
16:47:27.36924850, 3.3333E-02, 5.9867E+00, 6.6667E-02,
16:47:27.36924855, 0.0000E+00, 6.0267E+00, 2.0000E-01,
16:47:27.36924860, 0.0000E+00, 6.0267E+00, 1.3333E-01,
16:47:27.36924865, 6.6667E-02, 6.0000E+00, 1.3333E-01,
16:47:27.36924870, 6.6667E-02, 5.9867E+00, 6.6667E-02,
16:47:27.36924875, 3.3333E-02, 6.0133E+00, 6.6667E-02,
16:47:27.36924880, 0.0000E+00, 5.9733E+00, 2.0000E-01,
16:47:27.36924885, 3.3333E-02, 5.9867E+00,-6.6667E-02,
16:47:27.36924890, 3.3333E-02, 6.0000E+00, 1.3333E-01,
16:47:27.36924895, 6.6667E-02, 5.9733E+00,-6.6667E-02,
16:47:27.36924900, 3.3333E-02, 6.0133E+00, 6.6667E-02,
16:47:27.36924905, 6.6667E-02, 6.0133E+00, 2.6667E-01,
16:47:27.36924910, 0.0000E+00, 5.9867E+00, 2.0000E-01,
16:47:27.36924915, 0.0000E+00, 5.9867E+00, 1.3333E-01,
16:47:27.36924920,-3.3333E-02, 6.0000E+00,-6.6667E-02,
16:47:27.36924925, 3.3333E-02, 5.9733E+00, 6.6667E-02,
16:47:27.36924930, 3.3333E-02, 6.0000E+00, 2.6667E-01,
16:47:27.36924935, 3.3333E-02, 5.9867E+00, 1.3333E-01,
16:47:27.36924940, 6.6667E-02, 6.0000E+00, 2.6667E-01,
16:47:27.36924945, 6.6667E-02, 5.9867E+00, 6.6667E-02,
16:47:27.36924950, 3.3333E-02, 6.0000E+00, 1.3333E-01,
16:47:27.36924955, 0.0000E+00, 6.0400E+00, 1.3333E-01,
16:47:27.36924960, 0.0000E+00, 6.0133E+00, 3.3333E-01,
16:47:27.36924965, 0.0000E+00, 5.9733E+00, 2.0000E-01,
16:47:27.36924970, 3.3333E-02, 6.0133E+00, 2.6667E-01,
16:47:27.36924975, 3.3333E-02, 5.9867E+00, 6.6667E-02,
16:47:27.36924980, 6.6667E-02, 6.0133E+00, 6.6667E-02,
16:47:27.36924985, 6.6667E-02, 5.9867E+00, 1.3333E-01,
16:47:27.36924990, 0.0000E+00, 6.0133E+00, 6.6667E-02,
16:47:27.36924995, 3.3333E-02, 5.9733E+00, 1.3333E-01,
16:47:27.36925000, 3.3333E-02, 6.0000E+00, 1.3333E-01,
16:47:27.36925005, 0.0000E+00, 6.0000E+00, 1.3333E-01,
16:47:27.36925010, 0.0000E+00, 6.0267E+00, 6.6667E-02,
16:47:27.36925015, 3.3333E-02, 6.0000E+00, 3.3333E-01,
16:47:27.36925020, 3.3333E-02, 6.0133E+00, 2.0000E-01,
16:47:27.36925025, 6.6667E-02, 5.9867E+00, 0.0000E+00,
16:47:27.36925030, 3.3333E-02, 5.9867E+00,-6.6667E-02,
16:47:27.36925035, 3.3333E-02, 6.0000E+00, 1.3333E-01,
16:47:27.36925040, 3.3333E-02, 6.0133E+00,-6.6667E-02,
16:47:27.36925045, 3.3333E-02, 5.9867E+00, 1.3333E-01,
16:47:27.36925050, 3.3333E-02, 6.0267E+00, 1.3333E-01,
16:47:27.36925055, 6.6667E-02, 5.9867E+00, 1.3333E-01,
16:47:27.36925060, 3.3333E-02, 5.9867E+00, 1.3333E-01,
16:47:27.36925065, 6.6667E-02, 5.9867E+00, 6.6667E-02,
16:47:27.36925070,-3.3333E-02, 6.0000E+00, 6.6667E-02,
16:47:27.36925075,-3.3333E-02, 6.0267E+00, 1.3333E-01,
16:47:27.36925080, 6.6667E-02, 6.0133E+00,-6.6667E-02,
16:47:27.36925085,-3.3333E-02, 6.0000E+00, 3.3333E-01,
16:47:27.36925090, 0.0000E+00, 6.0000E+00, 2.6667E-01,
16:47:27.36925095, 0.0000E+00, 5.9867E+00, 2.0000E-01,
16:47:27.36925100,-6.6667E-02, 6.0267E+00, 0.0000E+00,
16:47:27.36925105, 3.3333E-02, 6.0133E+00, 2.6667E-01,
16:47:27.36925110, 0.0000E+00, 5.9867E+00, 1.3333E-01,
16:47:27.36925115, 6.6667E-02, 5.9733E+00, 6.6667E-02,
16:47:27.36925120, 3.3333E-02, 6.0000E+00, 2.0000E-01,
16:47:27.36925125, 3.3333E-02, 5.9867E+00, 2.0000E-01,
16:47:27.36925130, 0.0000E+00, 5.9867E+00, 1.3333E-01,
16:47:27.36925135, 6.6667E-02, 6.0000E+00,-6.6667E-02,
16:47:27.36925140,-6.6667E-02, 6.0000E+00, 2.0000E-01,
16:47:27.36925145, 0.0000E+00, 6.0133E+00, 1.3333E-01,
16:47:27.36925150,-3.3333E-02, 6.0133E+00, 1.3333E-01,
16:47:27.36925155, 0.0000E+00, 6.0133E+00, 2.0000E-01,
16:47:27.36925160,-3.3333E-02, 6.0133E+00, 1.3333E-01,
16:47:27.36925165, 6.6667E-02, 5.9867E+00, 1.3333E-01,
16:47:27.36925170, 3.3333E-02, 6.0133E+00, 2.0000E-01,
16:47:27.36925175, 3.3333E-02, 6.0133E+00, 2.0000E-01,
16:47:27.36925180, 3.3333E-02, 6.0133E+00,-6.6667E-02,
16:47:27.36925185,-6.6667E-02, 6.0000E+00, 1.3333E-01,
16:47:27.36925190, 3.3333E-02, 6.0267E+00, 1.3333E-01,
16:47:27.36925195, 0.0000E+00, 6.0000E+00, 1.3333E-01,
16:47:27.36925200, 0.0000E+00, 6.0000E+00, 1.3333E-01,
16:47:27.36925205, 3.3333E-02, 6.0267E+00, 1.3333E-01,
16:47:27.36925210, 6.6667E-02, 6.0000E+00, 6.6667E-02,
16:47:27.36925215, 6.6667E-02, 6.0000E+00, 2.0000E-01,
16:47:27.36925220, 3.3333E-02, 6.0133E+00, 2.0000E-01,
16:47:27.36925225, 3.3333E-02, 6.0133E+00, 1.3333E-01,
16:47:27.36925230, 3.3333E-02, 6.0133E+00, 6.6667E-02,
16:47:27.36925235, 6.6667E-02, 6.0267E+00, 2.6667E-01,
16:47:27.36925240,-3.3333E-02, 6.0133E+00, 1.3333E-01,
16:47:27.36925245, 3.3333E-02, 6.0000E+00, 0.0000E+00,
16:47:27.36925250,-3.3333E-02, 5.9733E+00, 1.3333E-01,
16:47:27.36925255, 3.3333E-02, 6.0133E+00, 6.6667E-02,
16:47:27.36925260, 3.3333E-02, 5.9867E+00, 2.0000E-01,
16:47:27.36925265, 0.0000E+00, 6.0133E+00, 2.0000E-01,
16:47:27.36925270, 6.6667E-02, 5.9867E+00, 2.0000E-01,
16:47:27.36925275, 3.3333E-02, 5.9867E+00,-1.3333E-01,
16:47:27.36925280,-3.3333E-02, 6.0000E+00, 0.0000E+00,
16:47:27.36925285, 6.6667E-02, 6.0000E+00, 1.3333E-01,
16:47:27.36925290,-6.6667E-02, 6.0133E+00, 2.0000E-01,
16:47:27.36925295, 0.0000E+00, 6.0000E+00,-1.3333E-01,
16:47:27.36925300, 3.3333E-02, 5.9867E+00, 1.3333E-01,
16:47:27.36925305,-3.3333E-02, 6.0267E+00, 2.0000E-01,
16:47:27.36925310, 6.6667E-02, 5.9733E+00, 2.0000E-01,
16:47:27.36925315,-3.3333E-02, 6.0000E+00, 3.3333E-01,
16:47:27.36925320, 3.3333E-02, 5.9733E+00, 6.6667E-02,
16:47:27.36925325, 0.0000E+00, 5.9867E+00, 6.6667E-02,
16:47:27.36925330, 3.3333E-02, 5.9733E+00, 0.0000E+00,
16:47:27.36925335, 3.3333E-02, 6.0000E+00, 6.6667E-02,
16:47:27.36925340, 3.3333E-02, 6.0133E+00, 0.0000E+00,
16:47:27.36925345, 3.3333E-02, 6.0133E+00, 3.3333E-01,
16:47:27.36925350, 0.0000E+00, 5.9867E+00, 6.6667E-02,
16:47:27.36925355, 6.6667E-02, 6.0267E+00, 2.6667E-01,
16:47:27.36925360, 6.6667E-02, 6.0267E+00, 2.0000E-01,
16:47:27.36925365, 1.0000E-01, 6.0000E+00, 1.3333E-01,
16:47:27.36925370, 1.3333E-01, 6.0133E+00, 0.0000E+00,
16:47:27.36925375,-3.3333E-02, 6.0000E+00, 0.0000E+00,
16:47:27.36925380, 6.6667E-02, 5.9867E+00, 0.0000E+00,
16:47:27.36925385, 3.3333E-02, 5.9867E+00, 6.6667E-02,
16:47:27.36925390, 3.3333E-02, 6.0000E+00, 1.3333E-01,
16:47:27.36925395,-3.3333E-02, 6.0133E+00, 1.3333E-01,
16:47:27.36925400, 1.0000E-01, 6.0133E+00, 3.3333E-01,
16:47:27.36925405, 6.6667E-02, 6.0000E+00, 1.3333E-01,
16:47:27.36925410, 3.3333E-02, 5.9867E+00, 2.6667E-01,
16:47:27.36925415, 6.6667E-02, 6.0000E+00, 6.6667E-02,
16:47:27.36925420, 6.6667E-02, 6.0000E+00, 0.0000E+00,
16:47:27.36925425, 0.0000E+00, 6.0000E+00, 0.0000E+00,
16:47:27.36925430, 0.0000E+00, 6.0133E+00, 2.6667E-01,
16:47:27.36925435, 3.3333E-02, 6.0000E+00, 2.6667E-01,
16:47:27.36925440, 3.3333E-02, 5.9867E+00, 1.3333E-01,
16:47:27.36925445, 1.0000E-01, 5.9867E+00, 0.0000E+00,
16:47:27.36925450, 1.0000E-01, 6.0267E+00, 2.6667E-01,
16:47:27.36925455,-3.3333E-02, 6.0133E+00, 6.6667E-02,
16:47:27.36925460, 3.3333E-02, 5.9733E+00, 3.3333E-01,
16:47:27.36925465, 0.0000E+00, 6.0000E+00, 1.3333E-01,
16:47:27.36925470, 0.0000E+00, 6.0133E+00, 3.3333E-01,
16:47:27.36925475, 0.0000E+00, 6.0133E+00, 6.6667E-02,
16:47:27.36925480, 0.0000E+00, 6.0133E+00, 2.0000E-01,
16:47:27.36925485, 0.0000E+00, 6.0133E+00, 2.0000E-01,
16:47:27.36925490,-3.3333E-02, 5.9733E+00, 2.0000E-01,
16:47:27.36925495, 6.6667E-02, 6.0000E+00, 2.0000E-01,
16:47:27.36925500, 0.0000E+00, 5.9733E+00, 2.0000E-01,
16:47:27.36925505,-3.3333E-02, 5.9867E+00, 2.0000E-01,
16:47:27.36925510, 3.3333E-02, 5.9867E+00, 2.6667E-01,
16:47:27.36925515, 6.6667E-02, 6.0000E+00, 1.3333E-01,
16:47:27.36925520, 3.3333E-02, 6.0133E+00, 6.6667E-02,
16:47:27.36925525, 6.6667E-02, 6.0000E+00, 6.6667E-02,
16:47:27.36925530, 3.3333E-02, 6.0400E+00, 2.0000E-01,
16:47:27.36925535, 3.3333E-02, 6.0000E+00, 2.0000E-01,
16:47:27.36925540, 0.0000E+00, 6.0133E+00, 0.0000E+00,
16:47:27.36925545, 6.6667E-02, 5.9867E+00, 2.6667E-01,
16:47:27.36925550, 3.3333E-02, 5.9733E+00, 1.3333E-01,
16:47:27.36925555, 6.6667E-02, 6.0000E+00, 2.0000E-01,
16:47:27.36925560, 6.6667E-02, 6.0000E+00, 2.6667E-01,
16:47:27.36925565, 3.3333E-02, 6.0133E+00, 2.6667E-01,
16:47:27.36925570, 3.3333E-02, 5.9733E+00, 6.6667E-02,
16:47:27.36925575, 0.0000E+00, 5.9733E+00, 0.0000E+00,
16:47:27.36925580, 1.0000E-01, 6.0400E+00, 0.0000E+00,
16:47:27.36925585, 6.6667E-02, 6.0400E+00, 2.6667E-01,
16:47:27.36925590, 3.3333E-02, 6.0000E+00, 6.6667E-02,
16:47:27.36925595, 3.3333E-02, 6.0000E+00, 2.0000E-01,
16:47:27.36925600, 0.0000E+00, 6.0133E+00, 1.3333E-01,
16:47:27.36925605, 3.3333E-02, 6.0133E+00, 2.6667E-01,
16:47:27.36925610, 3.3333E-02, 5.9867E+00, 0.0000E+00,
16:47:27.36925615, 6.6667E-02, 6.0133E+00, 0.0000E+00,
16:47:27.36925620, 0.0000E+00, 6.0133E+00, 1.3333E-01,
16:47:27.36925625, 6.6667E-02, 6.0267E+00, 0.0000E+00,
16:47:27.36925630,-6.6667E-02, 6.0000E+00, 2.6667E-01,
16:47:27.36925635, 0.0000E+00, 6.0267E+00, 1.3333E-01,
16:47:27.36925640, 6.6667E-02, 5.9733E+00, 3.3333E-01,
16:47:27.36925645, 0.0000E+00, 5.9867E+00, 1.3333E-01,
16:47:27.36925650, 1.0000E-01, 6.0000E+00, 6.6667E-02,
16:47:27.36925655, 3.3333E-02, 6.0133E+00, 1.3333E-01,
16:47:27.36925660, 0.0000E+00, 6.0267E+00, 2.6667E-01,
16:47:27.36925665, 6.6667E-02, 6.0133E+00, 1.3333E-01,
16:47:27.36925670, 0.0000E+00, 5.9733E+00, 1.3333E-01,
16:47:27.36925675, 0.0000E+00, 6.0000E+00, 2.0000E-01,
16:47:27.36925680,-3.3333E-02, 6.0000E+00, 6.6667E-02,
16:47:27.36925685, 0.0000E+00, 6.0133E+00, 1.3333E-01,
16:47:27.36925690, 3.3333E-02, 6.0133E+00, 1.3333E-01,
16:47:27.36925695, 0.0000E+00, 6.0267E+00, 2.0000E-01,
16:47:27.36925700,-3.3333E-02, 5.9867E+00, 2.0000E-01,
16:47:27.36925705, 6.6667E-02, 6.0133E+00, 0.0000E+00,
16:47:27.36925710, 0.0000E+00, 5.9733E+00, 2.0000E-01,
16:47:27.36925715, 0.0000E+00, 6.0000E+00, 6.6667E-02,
16:47:27.36925720, 6.6667E-02, 5.9867E+00, 6.6667E-02,
16:47:27.36925725, 3.3333E-02, 5.9867E+00, 2.6667E-01,
16:47:27.36925730,-3.3333E-02, 6.0000E+00, 0.0000E+00,
16:47:27.36925735, 3.3333E-02, 6.0000E+00, 3.3333E-01,
16:47:27.36925740, 0.0000E+00, 6.0133E+00, 2.6667E-01,
16:47:27.36925745, 6.6667E-02, 6.0000E+00, 1.3333E-01,
16:47:27.36925750,-3.3333E-02, 5.9733E+00, 2.0000E-01,
16:47:27.36925755, 0.0000E+00, 6.0267E+00, 2.6667E-01,
16:47:27.36925760, 6.6667E-02, 5.9867E+00,-1.3333E-01,
16:47:27.36925765,-6.6667E-02, 5.9867E+00, 1.3333E-01,
16:47:27.36925770,-3.3333E-02, 6.0000E+00, 0.0000E+00,
16:47:27.36925775, 0.0000E+00, 6.0000E+00, 0.0000E+00,
16:47:27.36925780, 6.6667E-02, 5.9600E+00, 6.6667E-02,
16:47:27.36925785,-3.3333E-02, 6.0000E+00, 2.0000E-01,
16:47:27.36925790, 6.6667E-02, 6.0133E+00, 1.3333E-01,
16:47:27.36925795, 6.6667E-02, 6.0267E+00, 1.3333E-01,
16:47:27.36925800, 1.0000E-01, 6.0133E+00, 2.0000E-01,
16:47:27.36925805,-3.3333E-02, 6.0133E+00, 0.0000E+00,
16:47:27.36925810, 0.0000E+00, 6.0000E+00, 2.0000E-01,
16:47:27.36925815, 0.0000E+00, 6.0133E+00, 2.6667E-01,
16:47:27.36925820, 0.0000E+00, 6.0000E+00, 3.3333E-01,
16:47:27.36925825, 3.3333E-02, 6.0000E+00, 0.0000E+00,
16:47:27.36925830, 6.6667E-02, 6.0533E+00, 2.0000E-01,
16:47:27.36925835, 0.0000E+00, 6.0133E+00, 6.6667E-02,
16:47:27.36925840, 1.3333E-01, 5.9733E+00, 2.6667E-01,
16:47:27.36925845, 0.0000E+00, 6.0000E+00, 2.0000E-01,
16:47:27.36925850, 1.0000E-01, 6.0000E+00, 0.0000E+00,
16:47:27.36925855,-3.3333E-02, 6.0000E+00, 1.3333E-01,
16:47:27.36925860, 0.0000E+00, 5.9867E+00, 6.6667E-02,
16:47:27.36925865, 0.0000E+00, 5.9867E+00, 2.0000E-01,
16:47:27.36925870, 0.0000E+00, 6.0133E+00, 2.6667E-01,
16:47:27.36925875, 0.0000E+00, 6.0000E+00, 1.3333E-01,
16:47:27.36925880,-3.3333E-02, 5.9867E+00, 1.3333E-01,
16:47:27.36925885, 6.6667E-02, 6.0133E+00, 2.0000E-01,
16:47:27.36925890, 3.3333E-02, 5.9733E+00, 1.3333E-01,
16:47:27.36925895, 0.0000E+00, 5.9867E+00, 2.6667E-01,
16:47:27.36925900, 0.0000E+00, 6.0133E+00, 2.0000E-01,
16:47:27.36925905, 0.0000E+00, 5.9733E+00, 2.0000E-01,
16:47:27.36925910, 0.0000E+00, 6.0000E+00, 3.3333E-01,
16:47:27.36925915, 3.3333E-02, 6.0000E+00, 6.6667E-02,
16:47:27.36925920,-3.3333E-02, 5.9733E+00, 2.0000E-01,
16:47:27.36925925, 1.3333E-01, 6.0400E+00, 6.6667E-02,
16:47:27.36925930, 0.0000E+00, 6.0133E+00, 0.0000E+00,
16:47:27.36925935, 0.0000E+00, 6.0000E+00, 2.0000E-01,
16:47:27.36925940, 6.6667E-02, 5.9867E+00, 2.6667E-01,
16:47:27.36925945, 3.3333E-02, 6.0000E+00, 0.0000E+00,
16:47:27.36925950, 6.6667E-02, 6.0000E+00, 2.6667E-01,
16:47:27.36925955, 0.0000E+00, 6.0133E+00, 2.0000E-01,
16:47:27.36925960, 3.3333E-02, 6.0133E+00, 2.0000E-01,
16:47:27.36925965, 0.0000E+00, 6.0000E+00, 2.6667E-01,
16:47:27.36925970, 0.0000E+00, 6.0000E+00, 2.0000E-01,
16:47:27.36925975, 6.6667E-02, 6.0000E+00, 6.6667E-02,
16:47:27.36925980, 3.3333E-02, 5.9867E+00, 1.3333E-01,
16:47:27.36925985, 3.3333E-02, 6.0000E+00, 3.3333E-01,
16:47:27.36925990, 0.0000E+00, 5.9867E+00, 1.3333E-01,
16:47:27.36925995, 0.0000E+00, 6.0133E+00,-6.6667E-02,
16:47:27.36926000, 6.6667E-02, 5.9867E+00, 2.6667E-01,
16:47:27.36926005, 0.0000E+00, 5.9867E+00, 0.0000E+00,
16:47:27.36926010, 6.6667E-02, 5.9867E+00,-2.0000E-01,
16:47:27.36926015, 3.3333E-02, 6.0133E+00,-6.6667E-02,
16:47:27.36926020, 0.0000E+00, 6.0267E+00, 0.0000E+00,
16:47:27.36926025,-3.3333E-02, 6.0000E+00, 1.3333E-01,
16:47:27.36926030, 0.0000E+00, 6.0133E+00, 2.6667E-01,
16:47:27.36926035, 0.0000E+00, 6.0133E+00, 2.0000E-01,
16:47:27.36926040, 0.0000E+00, 6.0000E+00, 6.6667E-02,
16:47:27.36926045, 0.0000E+00, 6.0267E+00, 6.6667E-02,
16:47:27.36926050,-6.6667E-02, 6.0267E+00, 6.6667E-02,
16:47:27.36926055,-6.6667E-02, 6.0000E+00, 0.0000E+00,
16:47:27.36926060,-6.6667E-02, 6.0133E+00, 0.0000E+00,
16:47:27.36926065, 3.3333E-02, 5.9733E+00, 2.0000E-01,
16:47:27.36926070, 0.0000E+00, 5.9867E+00, 1.3333E-01,
16:47:27.36926075, 1.0000E-01, 5.9867E+00,-6.6667E-02,
16:47:27.36926080, 3.3333E-02, 6.0133E+00, 2.0000E-01,
16:47:27.36926085, 3.3333E-02, 6.0000E+00, 2.6667E-01,
16:47:27.36926090, 6.6667E-02, 6.0267E+00, 0.0000E+00,
16:47:27.36926095, 3.3333E-02, 5.9867E+00, 2.0000E-01,
16:47:27.36926100, 0.0000E+00, 6.0400E+00, 6.6667E-02,
16:47:27.36926105,-3.3333E-02, 6.0000E+00, 0.0000E+00,
16:47:27.36926110,-3.3333E-02, 5.9600E+00, 6.6667E-02,
16:47:27.36926115, 0.0000E+00, 6.0000E+00, 6.6667E-02,
16:47:27.36926120, 0.0000E+00, 6.0133E+00, 3.3333E-01,
16:47:27.36926125, 3.3333E-02, 6.0267E+00, 3.3333E-01,
16:47:27.36926130, 0.0000E+00, 6.0267E+00, 1.3333E-01,
16:47:27.36926135, 6.6667E-02, 6.0267E+00, 6.6667E-02,
16:47:27.36926140, 0.0000E+00, 6.0000E+00, 1.3333E-01,
16:47:27.36926145, 0.0000E+00, 6.0000E+00, 3.3333E-01,
16:47:27.36926150, 3.3333E-02, 5.9867E+00, 1.3333E-01,
16:47:27.36926155, 6.6667E-02, 6.0133E+00, 0.0000E+00,
16:47:27.36926160, 0.0000E+00, 5.9733E+00, 1.3333E-01,
16:47:27.36926165,-3.3333E-02, 5.9733E+00, 0.0000E+00,
16:47:27.36926170, 0.0000E+00, 5.9733E+00, 6.6667E-02,
16:47:27.36926175, 0.0000E+00, 6.0267E+00, 2.0000E-01,
16:47:27.36926180,-3.3333E-02, 5.9867E+00, 6.6667E-02,
16:47:27.36926185, 0.0000E+00, 6.0267E+00, 2.0000E-01,
16:47:27.36926190, 1.0000E-01, 6.0000E+00, 2.6667E-01,
16:47:27.36926195,-3.3333E-02, 5.9867E+00, 6.6667E-02,
16:47:27.36926200, 0.0000E+00, 5.9733E+00, 1.3333E-01,
16:47:27.36926205, 0.0000E+00, 5.9733E+00, 6.6667E-02,
16:47:27.36926210,-3.3333E-02, 6.0000E+00, 6.6667E-02,
16:47:27.36926215, 0.0000E+00, 6.0000E+00, 2.6667E-01,
16:47:27.36926220, 0.0000E+00, 5.9867E+00, 2.0000E-01,
16:47:27.36926225, 6.6667E-02, 5.9867E+00, 1.3333E-01,
16:47:27.36926230, 0.0000E+00, 5.9733E+00, 2.6667E-01,
16:47:27.36926235, 3.3333E-02, 6.0000E+00, 2.0000E-01,
16:47:27.36926240, 6.6667E-02, 6.0533E+00, 1.3333E-01,
16:47:27.36926245, 0.0000E+00, 6.0133E+00, 1.3333E-01,
16:47:27.36926250, 6.6667E-02, 6.0000E+00, 6.6667E-02,
16:47:27.36926255, 0.0000E+00, 6.0000E+00, 0.0000E+00,
16:47:27.36926260, 0.0000E+00, 6.0133E+00, 6.6667E-02,
16:47:27.36926265, 0.0000E+00, 6.0000E+00, 2.0000E-01,
16:47:27.36926270, 0.0000E+00, 5.9867E+00, 3.3333E-01,
16:47:27.36926275, 3.3333E-02, 6.0000E+00, 3.3333E-01,
16:47:27.36926280, 0.0000E+00, 6.0267E+00, 2.6667E-01,
16:47:27.36926285, 0.0000E+00, 6.0000E+00, 2.0000E-01,
16:47:27.36926290, 0.0000E+00, 6.0000E+00, 6.6667E-02,
16:47:27.36926295,-3.3333E-02, 6.0133E+00, 1.3333E-01,
16:47:27.36926300, 0.0000E+00, 5.9867E+00,-2.0000E-01,
16:47:27.36926305,-3.3333E-02, 6.0000E+00, 2.6667E-01,
16:47:27.36926310, 0.0000E+00, 6.0267E+00, 2.6667E-01,
16:47:27.36926315, 3.3333E-02, 5.9733E+00, 6.6667E-02,
16:47:27.36926320, 0.0000E+00, 5.9867E+00, 1.3333E-01,
16:47:27.36926325, 6.6667E-02, 6.0000E+00, 6.6667E-02,
16:47:27.36926330,-3.3333E-02, 5.9867E+00, 2.6667E-01,
16:47:27.36926335,-6.6667E-02, 5.9733E+00, 6.6667E-02,
16:47:27.36926340, 3.3333E-02, 5.9733E+00, 2.6667E-01,
16:47:27.36926345,-3.3333E-02, 6.0267E+00, 2.0000E-01,
16:47:27.36926350, 0.0000E+00, 5.9600E+00, 1.3333E-01,
16:47:27.36926355, 0.0000E+00, 6.0000E+00, 6.6667E-02,
16:47:27.36926360, 3.3333E-02, 6.0133E+00, 2.0000E-01,
16:47:27.36926365, 3.3333E-02, 6.0400E+00, 2.0000E-01,
16:47:27.36926370, 0.0000E+00, 6.0000E+00, 2.0000E-01,
16:47:27.36926375, 1.3333E-01, 6.0133E+00, 3.3333E-01,
16:47:27.36926380, 3.3333E-02, 6.0000E+00, 3.3333E-01,
16:47:27.36926385, 0.0000E+00, 6.0000E+00, 2.6667E-01,
16:47:27.36926390, 0.0000E+00, 6.0000E+00, 2.6667E-01,
16:47:27.36926395, 0.0000E+00, 5.9733E+00, 0.0000E+00,
16:47:27.36926400, 3.3333E-02, 6.0000E+00, 2.0000E-01,
16:47:27.36926405, 0.0000E+00, 5.9867E+00, 2.0000E-01,
16:47:27.36926410, 3.3333E-02, 6.0133E+00, 6.6667E-02,
16:47:27.36926415, 3.3333E-02, 6.0000E+00, 1.3333E-01,
16:47:27.36926420, 6.6667E-02, 6.0133E+00, 2.6667E-01,
16:47:27.36926425, 1.0000E-01, 6.0133E+00, 2.0000E-01,
16:47:27.36926430, 3.3333E-02, 5.9867E+00, 2.6667E-01,
16:47:27.36926435, 3.3333E-02, 6.0000E+00, 3.3333E-01,
16:47:27.36926440,-3.3333E-02, 6.0267E+00, 1.3333E-01,
16:47:27.36926445, 1.0000E-01, 5.9867E+00, 6.6667E-02,
16:47:27.36926450, 6.6667E-02, 6.0000E+00, 2.6667E-01,
16:47:27.36926455,-3.3333E-02, 6.0267E+00, 2.0000E-01,
16:47:27.36926460, 3.3333E-02, 6.0133E+00, 2.6667E-01,
16:47:27.36926465,-3.3333E-02, 6.0000E+00, 1.3333E-01,
16:47:27.36926470, 3.3333E-02, 5.9867E+00, 2.0000E-01,
16:47:27.36926475, 6.6667E-02, 5.9733E+00, 6.6667E-02,
16:47:27.36926480, 3.3333E-02, 5.9867E+00, 6.6667E-02,
16:47:27.36926485, 3.3333E-02, 6.0000E+00, 2.0000E-01,
16:47:27.36926490, 0.0000E+00, 5.9733E+00, 2.0000E-01,
16:47:27.36926495, 6.6667E-02, 6.0133E+00, 6.6667E-02,
16:47:27.36926500, 3.3333E-02, 6.0267E+00, 2.0000E-01,
16:47:27.36926505,-3.3333E-02, 6.0267E+00, 2.6667E-01,
16:47:27.36926510, 1.0000E-01, 5.9867E+00, 2.6667E-01,
16:47:27.36926515, 3.3333E-02, 6.0267E+00, 2.6667E-01,
16:47:27.36926520, 0.0000E+00, 6.0000E+00, 6.6667E-02,
16:47:27.36926525, 3.3333E-02, 6.0000E+00, 2.6667E-01,
16:47:27.36926530,-1.0000E-01, 6.0000E+00, 1.3333E-01,
16:47:27.36926535, 6.6667E-02, 5.9867E+00, 2.6667E-01,
16:47:27.36926540, 3.3333E-02, 6.0000E+00,-6.6667E-02,
16:47:27.36926545, 3.3333E-02, 6.0000E+00,-6.6667E-02,
16:47:27.36926550, 6.6667E-02, 6.0133E+00, 1.3333E-01,
16:47:27.36926555, 3.3333E-02, 6.0000E+00, 1.3333E-01,
16:47:27.36926560, 0.0000E+00, 5.9867E+00, 6.6667E-02,
16:47:27.36926565, 0.0000E+00, 6.0133E+00,-6.6667E-02,
16:47:27.36926570, 1.0000E-01, 6.0267E+00, 3.3333E-01,
16:47:27.36926575, 3.3333E-02, 6.0000E+00, 3.3333E-01,
16:47:27.36926580, 3.3333E-02, 6.0133E+00, 2.0000E-01,
16:47:27.36926585, 3.3333E-02, 5.9867E+00, 0.0000E+00,
16:47:27.36926590,-3.3333E-02, 6.0000E+00, 1.3333E-01,
16:47:27.36926595,-3.3333E-02, 5.9733E+00, 1.3333E-01,
16:47:27.36926600, 3.3333E-02, 6.0133E+00, 0.0000E+00,
16:47:27.36926605, 6.6667E-02, 6.0133E+00, 6.6667E-02,
16:47:27.36926610,-3.3333E-02, 6.0000E+00, 6.6667E-02,
16:47:27.36926615, 3.3333E-02, 6.0400E+00, 2.0000E-01,
16:47:27.36926620, 3.3333E-02, 6.0000E+00, 0.0000E+00,
16:47:27.36926625, 0.0000E+00, 6.0000E+00, 1.3333E-01,
16:47:27.36926630,-6.6667E-02, 5.9733E+00, 2.0000E-01,
16:47:27.36926635, 3.3333E-02, 5.9867E+00, 0.0000E+00,
16:47:27.36926640, 6.6667E-02, 6.0000E+00, 0.0000E+00,
16:47:27.36926645, 0.0000E+00, 5.9867E+00, 2.6667E-01,
16:47:27.36926650,-3.3333E-02, 6.0133E+00, 1.3333E-01,
16:47:27.36926655, 1.0000E-01, 6.0133E+00, 0.0000E+00,
16:47:27.36926660, 0.0000E+00, 5.9867E+00, 6.6667E-02,
16:47:27.36926665, 3.3333E-02, 6.0267E+00, 2.0000E-01,
16:47:27.36926670, 3.3333E-02, 6.0267E+00, 0.0000E+00,
16:47:27.36926675, 3.3333E-02, 6.0267E+00, 3.3333E-01,
16:47:27.36926680, 0.0000E+00, 6.0267E+00, 4.0000E-01,
16:47:27.36926685,-3.3333E-02, 6.0133E+00, 6.6667E-02,
16:47:27.36926690,-3.3333E-02, 5.9867E+00, 2.0000E-01,
16:47:27.36926695, 3.3333E-02, 6.0267E+00, 0.0000E+00,
16:47:27.36926700, 6.6667E-02, 5.9867E+00, 2.0000E-01,
16:47:27.36926705, 6.6667E-02, 5.9733E+00, 0.0000E+00,
16:47:27.36926710,-3.3333E-02, 5.9733E+00, 1.3333E-01,
16:47:27.36926715, 6.6667E-02, 6.0000E+00, 2.0000E-01,
16:47:27.36926720, 3.3333E-02, 5.9733E+00, 2.0000E-01,
16:47:27.36926725, 0.0000E+00, 6.0000E+00, 0.0000E+00,
16:47:27.36926730, 6.6667E-02, 6.0000E+00, 2.0000E-01,
16:47:27.36926735,-6.6667E-02, 6.0133E+00, 6.6667E-02,
16:47:27.36926740, 0.0000E+00, 6.0000E+00, 6.6667E-02,
16:47:27.36926745,-6.6667E-02, 5.9733E+00, 6.6667E-02,
16:47:27.36926750, 0.0000E+00, 5.9600E+00, 6.6667E-02,
16:47:27.36926755, 3.3333E-02, 6.0133E+00, 0.0000E+00,
16:47:27.36926760,-3.3333E-02, 6.0133E+00, 1.3333E-01,
16:47:27.36926765, 3.3333E-02, 6.0267E+00, 2.0000E-01,
16:47:27.36926770,-3.3333E-02, 5.9867E+00, 2.0000E-01,
16:47:27.36926775, 3.3333E-02, 6.0000E+00, 2.0000E-01,
16:47:27.36926780, 0.0000E+00, 6.0133E+00, 4.0000E-01,
16:47:27.36926785, 3.3333E-02, 5.9867E+00, 1.3333E-01,
16:47:27.36926790, 3.3333E-02, 5.9867E+00, 2.6667E-01,
16:47:27.36926795, 1.0000E-01, 5.9733E+00, 6.6667E-02,
16:47:27.36926800, 0.0000E+00, 5.9867E+00, 2.6667E-01,
16:47:27.36926805, 3.3333E-02, 6.0133E+00, 2.0000E-01,
16:47:27.36926810, 3.3333E-02, 6.0000E+00, 1.3333E-01,
16:47:27.36926815, 0.0000E+00, 5.9867E+00, 6.6667E-02,
16:47:27.36926820,-3.3333E-02, 5.9867E+00, 6.6667E-02,
16:47:27.36926825, 3.3333E-02, 6.0000E+00, 2.0000E-01,
16:47:27.36926830, 0.0000E+00, 6.0000E+00, 6.6667E-02,
16:47:27.36926835, 3.3333E-02, 5.9867E+00, 2.0000E-01,
16:47:27.36926840, 3.3333E-02, 6.0133E+00,-6.6667E-02,
16:47:27.36926845, 3.3333E-02, 5.9867E+00, 0.0000E+00,
16:47:27.36926850, 6.6667E-02, 6.0133E+00, 6.6667E-02,
16:47:27.36926855, 3.3333E-02, 6.0000E+00, 3.3333E-01,
16:47:27.36926860, 0.0000E+00, 5.9867E+00, 3.3333E-01,
16:47:27.36926865, 6.6667E-02, 6.0133E+00, 6.6667E-02,
16:47:27.36926870, 0.0000E+00, 5.9733E+00, 1.3333E-01,
16:47:27.36926875, 0.0000E+00, 6.0000E+00, 2.6667E-01,
16:47:27.36926880, 0.0000E+00, 6.0000E+00,-2.0000E-01,
16:47:27.36926885, 3.3333E-02, 5.9733E+00, 1.3333E-01,
16:47:27.36926890, 0.0000E+00, 6.0000E+00,-6.6667E-02,
16:47:27.36926895, 6.6667E-02, 6.0000E+00, 1.3333E-01,
16:47:27.36926900,-3.3333E-02, 5.9867E+00, 4.0000E-01,
16:47:27.36926905, 1.0000E-01, 5.9867E+00, 3.3333E-01,
16:47:27.36926910, 3.3333E-02, 6.0000E+00, 2.6667E-01,
16:47:27.36926915, 0.0000E+00, 5.9867E+00, 2.0000E-01,
16:47:27.36926920, 0.0000E+00, 5.9867E+00, 2.6667E-01,
16:47:27.36926925, 3.3333E-02, 6.0133E+00, 4.0000E-01,
16:47:27.36926930, 3.3333E-02, 6.0133E+00, 1.3333E-01,
16:47:27.36926935,-6.6667E-02, 5.9867E+00, 2.6667E-01,
16:47:27.36926940, 6.6667E-02, 6.0133E+00, 1.3333E-01,
16:47:27.36926945, 6.6667E-02, 6.0000E+00, 1.3333E-01,
16:47:27.36926950, 6.6667E-02, 5.9867E+00, 1.3333E-01,
16:47:27.36926955, 6.6667E-02, 5.9867E+00, 1.3333E-01,
16:47:27.36926960, 0.0000E+00, 6.0133E+00, 6.6667E-02,
16:47:27.36926965, 0.0000E+00, 6.0000E+00, 2.0000E-01,
16:47:27.36926970, 0.0000E+00, 6.0000E+00, 2.6667E-01,
16:47:27.36926975, 3.3333E-02, 5.9733E+00, 1.3333E-01,
16:47:27.36926980, 3.3333E-02, 6.0267E+00,-1.3333E-01,
16:47:27.36926985, 0.0000E+00, 6.0267E+00, 6.6667E-02,
16:47:27.36926990, 3.3333E-02, 6.0267E+00, 0.0000E+00,
16:47:27.36926995, 0.0000E+00, 6.0000E+00, 0.0000E+00,
16:47:27.36927000, 6.6667E-02, 5.9733E+00, 6.6667E-02,
16:47:27.36927005,-3.3333E-02, 5.9867E+00, 1.3333E-01,
16:47:27.36927010, 0.0000E+00, 6.0000E+00, 3.3333E-01,
16:47:27.36927015,-3.3333E-02, 5.9867E+00, 1.3333E-01,
16:47:27.36927020, 3.3333E-02, 6.0000E+00, 2.6667E-01,
16:47:27.36927025,-6.6667E-02, 5.9867E+00, 2.0000E-01,
16:47:27.36927030, 1.0000E-01, 5.9867E+00, 1.3333E-01,
16:47:27.36927035, 3.3333E-02, 6.0133E+00, 0.0000E+00,
16:47:27.36927040, 1.0000E-01, 6.0133E+00, 0.0000E+00,
16:47:27.36927045, 0.0000E+00, 6.0133E+00,-6.6667E-02,
16:47:27.36927050, 6.6667E-02, 5.9867E+00, 1.3333E-01,
16:47:27.36927055, 0.0000E+00, 5.9867E+00, 6.6667E-02,
16:47:27.36927060, 0.0000E+00, 5.9733E+00, 2.0000E-01,
16:47:27.36927065, 0.0000E+00, 5.9867E+00, 6.6667E-02,
16:47:27.36927070,-3.3333E-02, 6.0267E+00, 2.0000E-01,
16:47:27.36927075, 0.0000E+00, 6.0133E+00,-1.3333E-01,
16:47:27.36927080,-3.3333E-02, 5.9867E+00, 1.3333E-01,
16:47:27.36927085, 3.3333E-02, 5.9867E+00, 2.0000E-01,
16:47:27.36927090, 1.0000E-01, 5.9867E+00, 1.3333E-01,
16:47:27.36927095, 1.0000E-01, 6.0400E+00, 0.0000E+00,
16:47:27.36927100, 3.3333E-02, 5.9733E+00, 6.6667E-02,
16:47:27.36927105, 3.3333E-02, 5.9733E+00, 1.3333E-01,
16:47:27.36927110, 1.0000E-01, 6.0267E+00, 3.3333E-01,
16:47:27.36927115, 0.0000E+00, 5.9867E+00, 1.3333E-01,
16:47:27.36927120, 3.3333E-02, 5.9867E+00, 6.6667E-02,
16:47:27.36927125, 0.0000E+00, 6.0000E+00, 1.3333E-01,
16:47:27.36927130, 6.6667E-02, 6.0000E+00, 2.0000E-01,
16:47:27.36927135, 1.0000E-01, 5.9867E+00, 2.0000E-01,
16:47:27.36927140, 1.0000E-01, 6.0133E+00, 6.6667E-02,
16:47:27.36927145,-3.3333E-02, 6.0133E+00, 1.3333E-01,
16:47:27.36927150, 3.3333E-02, 5.9867E+00, 3.3333E-01,
16:47:27.36927155,-3.3333E-02, 6.0133E+00, 6.6667E-02,
16:47:27.36927160, 0.0000E+00, 6.0133E+00, 2.6667E-01,
16:47:27.36927165, 6.6667E-02, 5.9867E+00, 2.6667E-01,
16:47:27.36927170,-3.3333E-02, 6.0133E+00, 2.6667E-01,
16:47:27.36927175, 3.3333E-02, 5.9867E+00, 6.6667E-02,
16:47:27.36927180, 6.6667E-02, 6.0133E+00,-1.3333E-01,
16:47:27.36927185, 3.3333E-02, 5.9867E+00, 1.3333E-01,
16:47:27.36927190, 3.3333E-02, 5.9867E+00, 1.3333E-01,
16:47:27.36927195,-3.3333E-02, 6.0133E+00, 2.6667E-01,
16:47:27.36927200, 6.6667E-02, 5.9600E+00, 6.6667E-02,
16:47:27.36927205, 1.0000E-01, 5.9733E+00, 6.6667E-02,
16:47:27.36927210, 6.6667E-02, 6.0267E+00, 3.3333E-01,
16:47:27.36927215, 0.0000E+00, 6.0267E+00, 2.0000E-01,
16:47:27.36927220, 3.3333E-02, 5.9867E+00,-6.6667E-02,
16:47:27.36927225, 1.0000E-01, 5.9733E+00, 1.3333E-01,
16:47:27.36927230, 1.0000E-01, 6.0267E+00, 6.6667E-02,
16:47:27.36927235, 1.0000E-01, 6.0133E+00, 0.0000E+00,
16:47:27.36927240, 6.6667E-02, 6.0133E+00, 0.0000E+00,
16:47:27.36927245, 0.0000E+00, 6.0000E+00, 2.0000E-01,
16:47:27.36927250, 3.3333E-02, 5.9733E+00, 2.6667E-01,
16:47:27.36927255,-3.3333E-02, 6.0267E+00, 2.0000E-01,
16:47:27.36927260, 0.0000E+00, 6.0000E+00,-6.6667E-02,
16:47:27.36927265, 0.0000E+00, 6.0133E+00, 3.3333E-01,
16:47:27.36927270, 3.3333E-02, 6.0000E+00, 1.3333E-01,
16:47:27.36927275, 0.0000E+00, 6.0000E+00, 2.0000E-01,
16:47:27.36927280, 0.0000E+00, 6.0267E+00,-6.6667E-02,
16:47:27.36927285, 0.0000E+00, 6.0267E+00, 6.6667E-02,
16:47:27.36927290, 6.6667E-02, 5.9733E+00, 1.3333E-01,
16:47:27.36927295, 3.3333E-02, 5.9733E+00,-6.6667E-02,
16:47:27.36927300, 0.0000E+00, 6.0133E+00, 2.0000E-01,
16:47:27.36927305,-3.3333E-02, 5.9867E+00, 2.6667E-01,
16:47:27.36927310, 3.3333E-02, 6.0400E+00,-6.6667E-02,
16:47:27.36927315, 3.3333E-02, 6.0000E+00, 6.6667E-02,
16:47:27.36927320, 6.6667E-02, 6.0267E+00, 0.0000E+00,
16:47:27.36927325, 6.6667E-02, 5.9867E+00, 0.0000E+00,
16:47:27.36927330, 3.3333E-02, 6.0267E+00, 2.0000E-01,
16:47:27.36927335, 0.0000E+00, 6.0400E+00, 2.0000E-01,
16:47:27.36927340, 0.0000E+00, 6.0133E+00, 6.6667E-02,
16:47:27.36927345, 0.0000E+00, 5.9733E+00, 1.3333E-01,
16:47:27.36927350, 0.0000E+00, 6.0000E+00, 3.3333E-01,
16:47:27.36927355, 3.3333E-02, 6.0267E+00, 3.3333E-01,
16:47:27.36927360, 0.0000E+00, 5.9867E+00, 3.3333E-01,
16:47:27.36927365, 0.0000E+00, 6.0000E+00, 2.0000E-01,
16:47:27.36927370,-3.3333E-02, 6.0000E+00, 2.6667E-01,
16:47:27.36927375, 1.3333E-01, 6.0000E+00, 1.3333E-01,
16:47:27.36927380, 0.0000E+00, 6.0000E+00, 2.0000E-01,
16:47:27.36927385, 6.6667E-02, 6.0000E+00,-6.6667E-02,
16:47:27.36927390, 0.0000E+00, 5.9867E+00, 2.0000E-01,
16:47:27.36927395, 3.3333E-02, 6.0133E+00, 2.0000E-01,
16:47:27.36927400, 3.3333E-02, 6.0000E+00, 2.6667E-01,
16:47:27.36927405, 0.0000E+00, 6.0267E+00, 0.0000E+00,
16:47:27.36927410, 0.0000E+00, 6.0000E+00, 2.6667E-01,
16:47:27.36927415,-3.3333E-02, 6.0000E+00, 6.6667E-02,
16:47:27.36927420, 0.0000E+00, 6.0267E+00, 6.6667E-02,
16:47:27.36927425, 3.3333E-02, 6.0000E+00, 0.0000E+00,
16:47:27.36927430, 0.0000E+00, 6.0000E+00, 1.3333E-01,
16:47:27.36927435, 0.0000E+00, 5.9867E+00, 0.0000E+00,
16:47:27.36927440,-3.3333E-02, 6.0000E+00, 1.3333E-01,
16:47:27.36927445, 3.3333E-02, 6.0267E+00, 2.0000E-01,
16:47:27.36927450,-3.3333E-02, 6.0267E+00, 6.6667E-02,
16:47:27.36927455, 0.0000E+00, 6.0133E+00, 3.3333E-01,
16:47:27.36927460, 0.0000E+00, 5.9867E+00, 2.6667E-01,
16:47:27.36927465, 3.3333E-02, 6.0133E+00, 0.0000E+00,
16:47:27.36927470, 3.3333E-02, 6.0133E+00,-6.6667E-02,
16:47:27.36927475, 6.6667E-02, 6.0133E+00, 1.3333E-01,
16:47:27.36927480,-6.6667E-02, 6.0000E+00, 0.0000E+00,
16:47:27.36927485,-3.3333E-02, 5.9867E+00, 1.3333E-01,
16:47:27.36927490,-3.3333E-02, 6.0133E+00, 0.0000E+00,
16:47:27.36927495, 0.0000E+00, 5.9867E+00, 2.6667E-01,
16:47:27.36927500, 6.6667E-02, 6.0267E+00, 1.3333E-01,
16:47:27.36927505, 0.0000E+00, 5.9867E+00, 2.0000E-01,
16:47:27.36927510, 3.3333E-02, 6.0000E+00, 6.6667E-02,
16:47:27.36927515, 0.0000E+00, 6.0000E+00, 1.3333E-01,
16:47:27.36927520, 6.6667E-02, 6.0000E+00, 1.3333E-01,
16:47:27.36927525, 0.0000E+00, 5.9867E+00, 6.6667E-02,
16:47:27.36927530, 3.3333E-02, 6.0133E+00, 2.0000E-01,
16:47:27.36927535, 0.0000E+00, 5.9867E+00, 2.6667E-01,
16:47:27.36927540, 3.3333E-02, 6.0133E+00, 2.6667E-01,
16:47:27.36927545, 0.0000E+00, 6.0000E+00, 2.6667E-01,
16:47:27.36927550, 3.3333E-02, 6.0133E+00, 2.6667E-01,
16:47:27.36927555, 3.3333E-02, 6.0133E+00, 6.6667E-02,
16:47:27.36927560,-3.3333E-02, 6.0267E+00, 1.3333E-01,
16:47:27.36927565, 0.0000E+00, 5.9867E+00, 2.0000E-01,
16:47:27.36927570, 3.3333E-02, 6.0000E+00, 1.3333E-01,
16:47:27.36927575,-3.3333E-02, 5.9867E+00, 1.3333E-01,
16:47:27.36927580,-1.0000E-01, 5.9733E+00, 6.6667E-02,
16:47:27.36927585,-3.3333E-02, 5.9867E+00, 1.3333E-01,
16:47:27.36927590, 3.3333E-02, 6.0133E+00, 2.0000E-01,
16:47:27.36927595, 3.3333E-02, 5.9867E+00, 1.3333E-01,
16:47:27.36927600, 3.3333E-02, 6.0000E+00, 1.3333E-01,
16:47:27.36927605, 0.0000E+00, 6.0133E+00, 3.3333E-01,
16:47:27.36927610,-3.3333E-02, 6.0000E+00, 6.6667E-02,
16:47:27.36927615, 6.6667E-02, 5.9867E+00, 0.0000E+00,
16:47:27.36927620,-3.3333E-02, 6.0000E+00, 2.6667E-01,
16:47:27.36927625, 6.6667E-02, 6.0000E+00,-6.6667E-02,
16:47:27.36927630, 3.3333E-02, 6.0000E+00,-6.6667E-02,
16:47:27.36927635, 3.3333E-02, 5.9867E+00, 2.6667E-01,
16:47:27.36927640, 3.3333E-02, 6.0267E+00, 2.6667E-01,
16:47:27.36927645, 3.3333E-02, 6.0133E+00, 6.6667E-02,
16:47:27.36927650,-3.3333E-02, 6.0000E+00, 2.0000E-01,
16:47:27.36927655, 0.0000E+00, 6.0000E+00, 1.3333E-01,
16:47:27.36927660, 1.0000E-01, 6.0133E+00, 0.0000E+00,
16:47:27.36927665, 0.0000E+00, 6.0133E+00, 6.6667E-02,
16:47:27.36927670,-3.3333E-02, 5.9867E+00, 0.0000E+00,
16:47:27.36927675, 6.6667E-02, 6.0000E+00, 2.6667E-01,
16:47:27.36927680, 0.0000E+00, 6.0133E+00, 0.0000E+00,
16:47:27.36927685, 0.0000E+00, 6.0000E+00, 2.6667E-01,
16:47:27.36927690, 0.0000E+00, 6.0133E+00, 6.6667E-02,
16:47:27.36927695, 0.0000E+00, 5.9733E+00, 0.0000E+00,
16:47:27.36927700, 0.0000E+00, 5.9733E+00, 0.0000E+00,
16:47:27.36927705, 3.3333E-02, 5.9867E+00, 2.6667E-01,
16:47:27.36927710, 6.6667E-02, 6.0000E+00, 1.3333E-01,
16:47:27.36927715, 1.3333E-01, 5.9867E+00, 6.6667E-02,
16:47:27.36927720, 3.3333E-02, 5.9867E+00, 0.0000E+00,
16:47:27.36927725, 6.6667E-02, 6.0000E+00, 6.6667E-02,
16:47:27.36927730, 0.0000E+00, 5.9733E+00, 0.0000E+00,
16:47:27.36927735, 0.0000E+00, 6.0267E+00, 2.0000E-01,
16:47:27.36927740,-3.3333E-02, 6.0133E+00, 2.0000E-01,
16:47:27.36927745, 3.3333E-02, 6.0133E+00, 6.6667E-02,
16:47:27.36927750,-6.6667E-02, 6.0133E+00, 2.0000E-01,
16:47:27.36927755,-3.3333E-02, 6.0133E+00,-6.6667E-02,
16:47:27.36927760, 0.0000E+00, 6.0000E+00,-6.6667E-02,
16:47:27.36927765, 6.6667E-02, 6.0000E+00,-6.6667E-02,
16:47:27.36927770, 3.3333E-02, 6.0133E+00, 1.3333E-01,
16:47:27.36927775, 0.0000E+00, 6.0267E+00, 1.3333E-01,
16:47:27.36927780,-3.3333E-02, 6.0000E+00, 2.0000E-01,
16:47:27.36927785,-3.3333E-02, 6.0267E+00, 6.6667E-02,
16:47:27.36927790, 6.6667E-02, 6.0133E+00, 1.3333E-01,
16:47:27.36927795,-6.6667E-02, 5.9733E+00, 1.3333E-01,
16:47:27.36927800, 0.0000E+00, 6.0000E+00, 6.6667E-02,
16:47:27.36927805, 6.6667E-02, 6.0000E+00, 1.3333E-01,
16:47:27.36927810, 0.0000E+00, 6.0267E+00, 6.6667E-02,
16:47:27.36927815,-3.3333E-02, 5.9733E+00, 6.6667E-02,
16:47:27.36927820, 0.0000E+00, 6.0000E+00, 2.6667E-01,
16:47:27.36927825,-3.3333E-02, 6.0000E+00, 1.3333E-01,
16:47:27.36927830, 0.0000E+00, 6.0267E+00, 6.6667E-02,
16:47:27.36927835, 6.6667E-02, 6.0267E+00, 1.3333E-01,
16:47:27.36927840, 1.0000E-01, 6.0000E+00, 3.3333E-01,
16:47:27.36927845,-6.6667E-02, 6.0000E+00, 2.6667E-01,
16:47:27.36927850, 3.3333E-02, 6.0133E+00, 1.3333E-01,
16:47:27.36927855, 3.3333E-02, 6.0133E+00, 0.0000E+00,
16:47:27.36927860, 0.0000E+00, 6.0000E+00, 2.6667E-01,
16:47:27.36927865, 0.0000E+00, 6.0000E+00,-6.6667E-02,
16:47:27.36927870, 0.0000E+00, 6.0267E+00, 2.6667E-01,
16:47:27.36927875,-3.3333E-02, 6.0000E+00, 3.3333E-01,
16:47:27.36927880, 0.0000E+00, 5.9733E+00, 3.3333E-01,
16:47:27.36927885,-3.3333E-02, 6.0000E+00, 3.3333E-01,
16:47:27.36927890, 3.3333E-02, 6.0000E+00, 6.6667E-02,
16:47:27.36927895, 3.3333E-02, 6.0000E+00, 6.6667E-02,
16:47:27.36927900,-3.3333E-02, 6.0133E+00, 1.3333E-01,
16:47:27.36927905, 1.0000E-01, 6.0000E+00, 6.6667E-02,
16:47:27.36927910,-6.6667E-02, 6.0000E+00,-6.6667E-02,
16:47:27.36927915, 0.0000E+00, 6.0133E+00, 6.6667E-02,
16:47:27.36927920,-3.3333E-02, 6.0267E+00,-6.6667E-02,
16:47:27.36927925, 0.0000E+00, 5.9733E+00, 6.6667E-02,
16:47:27.36927930,-6.6667E-02, 6.0267E+00, 3.3333E-01,
16:47:27.36927935,-3.3333E-02, 6.0133E+00, 1.3333E-01,
16:47:27.36927940,-3.3333E-02, 6.0000E+00, 2.0000E-01,
16:47:27.36927945, 6.6667E-02, 6.0000E+00, 2.6667E-01,
16:47:27.36927950, 1.3333E-01, 5.9600E+00, 2.0000E-01,
16:47:27.36927955, 6.6667E-02, 6.0000E+00, 3.3333E-01,
16:47:27.36927960, 3.3333E-02, 6.0133E+00, 3.3333E-01,
16:47:27.36927965, 0.0000E+00, 5.9867E+00, 6.6667E-02,
16:47:27.36927970,-6.6667E-02, 6.0267E+00, 6.6667E-02,
16:47:27.36927975, 6.6667E-02, 6.0000E+00, 3.3333E-01,
16:47:27.36927980,-3.3333E-02, 5.9600E+00, 2.0000E-01,
16:47:27.36927985, 0.0000E+00, 6.0133E+00, 0.0000E+00,
16:47:27.36927990,-3.3333E-02, 6.0133E+00, 0.0000E+00,
16:47:27.36927995, 0.0000E+00, 5.9867E+00,-6.6667E-02,
16:47:27.36928000, 0.0000E+00, 6.0267E+00, 0.0000E+00,
16:47:27.36928005, 0.0000E+00, 6.0000E+00,-2.0000E-01,
16:47:27.36928010, 0.0000E+00, 6.0133E+00, 1.3333E-01,
16:47:27.36928015, 0.0000E+00, 6.0000E+00, 6.6667E-02,
16:47:27.36928020, 3.3333E-02, 6.0133E+00, 1.3333E-01,
16:47:27.36928025, 3.3333E-02, 6.0133E+00, 6.6667E-02,
16:47:27.36928030, 6.6667E-02, 5.9600E+00, 2.0000E-01,
16:47:27.36928035, 3.3333E-02, 6.0133E+00, 3.3333E-01,
16:47:27.36928040, 0.0000E+00, 5.9867E+00, 6.6667E-02,
16:47:27.36928045, 0.0000E+00, 5.9867E+00, 1.3333E-01,
16:47:27.36928050, 6.6667E-02, 6.0133E+00, 6.6667E-02,
16:47:27.36928055,-3.3333E-02, 6.0267E+00, 6.6667E-02,
16:47:27.36928060, 3.3333E-02, 6.0133E+00, 2.0000E-01,
16:47:27.36928065, 0.0000E+00, 6.0000E+00, 1.3333E-01,
16:47:27.36928070, 6.6667E-02, 5.9867E+00, 2.0000E-01,
16:47:27.36928075, 3.3333E-02, 6.0000E+00, 0.0000E+00,
16:47:27.36928080,-3.3333E-02, 6.0133E+00, 6.6667E-02,
16:47:27.36928085, 6.6667E-02, 6.0267E+00, 1.3333E-01,
16:47:27.36928090, 3.3333E-02, 5.9867E+00, 0.0000E+00,
16:47:27.36928095, 0.0000E+00, 6.0000E+00, 1.3333E-01,
16:47:27.36928100, 0.0000E+00, 6.0133E+00, 0.0000E+00,
16:47:27.36928105, 0.0000E+00, 5.9733E+00,-6.6667E-02,
16:47:27.36928110, 3.3333E-02, 5.9733E+00, 2.0000E-01,
16:47:27.36928115, 6.6667E-02, 6.0000E+00, 1.3333E-01,
16:47:27.36928120, 3.3333E-02, 6.0000E+00, 2.0000E-01,
16:47:27.36928125, 3.3333E-02, 5.9867E+00, 3.3333E-01,
16:47:27.36928130, 3.3333E-02, 6.0133E+00, 1.3333E-01,
16:47:27.36928135, 3.3333E-02, 5.9867E+00, 2.0000E-01,
16:47:27.36928140, 0.0000E+00, 6.0133E+00, 6.6667E-02,
16:47:27.36928145, 3.3333E-02, 6.0000E+00, 6.6667E-02,
16:47:27.36928150, 3.3333E-02, 6.0000E+00, 2.0000E-01,
16:47:27.36928155, 1.0000E-01, 5.9867E+00, 1.3333E-01,
16:47:27.36928160, 3.3333E-02, 6.0133E+00, 1.3333E-01,
16:47:27.36928165, 0.0000E+00, 6.0133E+00, 2.0000E-01,
16:47:27.36928170, 3.3333E-02, 6.0133E+00, 2.6667E-01,
16:47:27.36928175,-6.6667E-02, 5.9733E+00, 2.6667E-01,
16:47:27.36928180, 3.3333E-02, 5.9867E+00, 2.0000E-01,
16:47:27.36928185, 6.6667E-02, 6.0000E+00, 3.3333E-01,
16:47:27.36928190, 1.0000E-01, 6.0000E+00, 1.3333E-01,
16:47:27.36928195, 1.0000E-01, 6.0000E+00, 0.0000E+00,
16:47:27.36928200, 6.6667E-02, 6.0133E+00, 1.3333E-01,
16:47:27.36928205, 6.6667E-02, 6.0133E+00, 1.3333E-01,
16:47:27.36928210, 3.3333E-02, 6.0267E+00, 2.0000E-01,
16:47:27.36928215, 0.0000E+00, 5.9733E+00, 2.6667E-01,
16:47:27.36928220, 0.0000E+00, 5.9733E+00, 1.3333E-01,
16:47:27.36928225, 3.3333E-02, 6.0000E+00, 3.3333E-01,
16:47:27.36928230,-3.3333E-02, 6.0267E+00,-2.6667E-01,
16:47:27.36928235,-3.3333E-02, 5.9867E+00, 0.0000E+00,
16:47:27.36928240, 1.0000E-01, 5.9733E+00,-2.0000E-01,
16:47:27.36928245, 3.3333E-02, 6.0000E+00, 6.6667E-02,
16:47:27.36928250,-6.6667E-02, 5.9867E+00, 6.6667E-02,
16:47:27.36928255, 3.3333E-02, 6.0133E+00, 0.0000E+00,
16:47:27.36928260,-3.3333E-02, 5.9867E+00, 1.3333E-01,
16:47:27.36928265, 0.0000E+00, 5.9867E+00, 6.6667E-02,
16:47:27.36928270, 6.6667E-02, 6.0400E+00, 2.6667E-01,
16:47:27.36928275,-3.3333E-02, 6.0000E+00,-1.3333E-01,
16:47:27.36928280,-3.3333E-02, 6.0133E+00, 2.0000E-01,
16:47:27.36928285, 0.0000E+00, 6.0400E+00, 2.0000E-01,
16:47:27.36928290,-3.3333E-02, 5.9867E+00,-6.6667E-02,
16:47:27.36928295, 3.3333E-02, 6.0267E+00, 0.0000E+00,
16:47:27.36928300, 3.3333E-02, 6.0267E+00, 0.0000E+00,
16:47:27.36928305,-6.6667E-02, 5.9733E+00, 6.6667E-02,
16:47:27.36928310, 0.0000E+00, 6.0267E+00, 1.3333E-01,
16:47:27.36928315,-3.3333E-02, 6.0000E+00, 6.6667E-02,
16:47:27.36928320, 0.0000E+00, 6.0133E+00, 2.0000E-01,
16:47:27.36928325, 3.3333E-02, 6.0133E+00, 1.3333E-01,
16:47:27.36928330, 3.3333E-02, 5.9867E+00, 1.3333E-01,
16:47:27.36928335, 6.6667E-02, 6.0000E+00, 2.0000E-01,
16:47:27.36928340, 3.3333E-02, 6.0000E+00, 6.6667E-02,
16:47:27.36928345, 0.0000E+00, 6.0267E+00, 6.6667E-02,
16:47:27.36928350,-3.3333E-02, 5.9867E+00, 2.0000E-01,
16:47:27.36928355,-3.3333E-02, 6.0267E+00, 1.3333E-01,
16:47:27.36928360,-3.3333E-02, 5.9733E+00, 2.6667E-01,
16:47:27.36928365, 3.3333E-02, 6.0133E+00, 1.3333E-01,
16:47:27.36928370,-6.6667E-02, 5.9733E+00, 2.0000E-01,
16:47:27.36928375, 6.6667E-02, 6.0000E+00, 3.3333E-01,
16:47:27.36928380, 6.6667E-02, 5.9867E+00, 6.6667E-02,
16:47:27.36928385, 0.0000E+00, 5.9867E+00, 3.3333E-01,
16:47:27.36928390,-3.3333E-02, 5.9867E+00,-6.6667E-02,
16:47:27.36928395, 3.3333E-02, 6.0000E+00, 0.0000E+00,
16:47:27.36928400,-3.3333E-02, 5.9600E+00, 6.6667E-02,
16:47:27.36928405, 0.0000E+00, 6.0133E+00, 1.3333E-01,
16:47:27.36928410,-6.6667E-02, 6.0000E+00, 2.0000E-01,
16:47:27.36928415,-3.3333E-02, 5.9867E+00, 1.3333E-01,
16:47:27.36928420, 0.0000E+00, 6.0000E+00, 1.3333E-01,
16:47:27.36928425,-3.3333E-02, 5.9867E+00, 3.3333E-01,
16:47:27.36928430, 1.6667E-01, 5.9733E+00, 1.3333E-01,
16:47:27.36928435, 6.6667E-02, 5.9867E+00, 1.3333E-01,
16:47:27.36928440,-3.3333E-02, 6.0133E+00, 1.3333E-01,
16:47:27.36928445, 3.3333E-02, 6.0267E+00, 1.3333E-01,
16:47:27.36928450, 0.0000E+00, 6.0000E+00, 1.3333E-01,
16:47:27.36928455, 6.6667E-02, 6.0133E+00, 6.6667E-02,
16:47:27.36928460, 0.0000E+00, 6.0267E+00, 0.0000E+00,
16:47:27.36928465, 6.6667E-02, 6.0133E+00, 1.3333E-01,
16:47:27.36928470, 1.0000E-01, 6.0267E+00, 2.0000E-01,
16:47:27.36928475, 0.0000E+00, 6.0133E+00, 6.6667E-02,
16:47:27.36928480, 6.6667E-02, 6.0000E+00, 2.0000E-01,
16:47:27.36928485, 0.0000E+00, 6.0267E+00, 2.6667E-01,
16:47:27.36928490, 0.0000E+00, 6.0133E+00, 0.0000E+00,
16:47:27.36928495, 3.3333E-02, 5.9867E+00, 0.0000E+00,
16:47:27.36928500,-6.6667E-02, 5.9733E+00, 2.0000E-01,
16:47:27.36928505, 0.0000E+00, 5.9733E+00, 2.6667E-01,
16:47:27.36928510,-3.3333E-02, 5.9867E+00, 2.0000E-01,
16:47:27.36928515, 3.3333E-02, 5.9867E+00, 2.0000E-01,
16:47:27.36928520, 0.0000E+00, 5.9867E+00, 3.3333E-01,
16:47:27.36928525,-3.3333E-02, 6.0133E+00, 6.6667E-02,
16:47:27.36928530, 0.0000E+00, 5.9867E+00, 6.6667E-02,
16:47:27.36928535,-3.3333E-02, 6.0133E+00, 2.6667E-01,
16:47:27.36928540,-3.3333E-02, 5.9867E+00, 0.0000E+00,
16:47:27.36928545, 0.0000E+00, 6.0133E+00, 6.6667E-02,
16:47:27.36928550, 1.0000E-01, 6.0133E+00, 6.6667E-02,
16:47:27.36928555, 0.0000E+00, 5.9867E+00, 3.3333E-01,
16:47:27.36928560, 0.0000E+00, 6.0533E+00, 2.0000E-01,
16:47:27.36928565, 3.3333E-02, 5.9867E+00, 2.0000E-01,
16:47:27.36928570, 6.6667E-02, 6.0000E+00, 6.6667E-02,
16:47:27.36928575, 3.3333E-02, 6.0000E+00, 1.3333E-01,
16:47:27.36928580, 6.6667E-02, 6.0000E+00, 2.0000E-01,
16:47:27.36928585, 0.0000E+00, 5.9733E+00, 2.6667E-01,
16:47:27.36928590, 3.3333E-02, 6.0133E+00, 2.6667E-01,
16:47:27.36928595, 3.3333E-02, 5.9867E+00, 1.3333E-01,
16:47:27.36928600,-3.3333E-02, 6.0000E+00, 0.0000E+00,
16:47:27.36928605,-3.3333E-02, 5.9867E+00, 2.6667E-01,
16:47:27.36928610,-3.3333E-02, 5.9733E+00, 1.3333E-01,
16:47:27.36928615, 3.3333E-02, 5.9867E+00, 3.3333E-01,
16:47:27.36928620, 0.0000E+00, 5.9867E+00, 3.3333E-01,
16:47:27.36928625, 3.3333E-02, 6.0267E+00, 2.0000E-01,
16:47:27.36928630, 0.0000E+00, 5.9733E+00, 2.0000E-01,
16:47:27.36928635, 6.6667E-02, 6.0267E+00, 6.6667E-02,
16:47:27.36928640, 0.0000E+00, 5.9867E+00, 2.6667E-01,
16:47:27.36928645,-6.6667E-02, 6.0267E+00, 1.3333E-01,
16:47:27.36928650,-3.3333E-02, 6.0000E+00, 1.3333E-01,
16:47:27.36928655, 0.0000E+00, 6.0000E+00, 2.0000E-01,
16:47:27.36928660, 0.0000E+00, 5.9733E+00, 2.6667E-01,
16:47:27.36928665, 0.0000E+00, 6.0000E+00, 1.3333E-01,
16:47:27.36928670, 3.3333E-02, 5.9867E+00, 1.3333E-01,
16:47:27.36928675, 0.0000E+00, 6.0133E+00, 6.6667E-02,
16:47:27.36928680, 3.3333E-02, 5.9867E+00, 0.0000E+00,
16:47:27.36928685, 3.3333E-02, 6.0133E+00, 1.3333E-01,
16:47:27.36928690, 0.0000E+00, 6.0000E+00, 6.6667E-02,
16:47:27.36928695, 3.3333E-02, 5.9733E+00, 2.0000E-01,
16:47:27.36928700, 3.3333E-02, 6.0000E+00, 6.6667E-02,
16:47:27.36928705, 6.6667E-02, 6.0000E+00, 1.3333E-01,
16:47:27.36928710, 0.0000E+00, 6.0000E+00, 2.6667E-01,
16:47:27.36928715, 6.6667E-02, 6.0000E+00, 0.0000E+00,
16:47:27.36928720, 0.0000E+00, 5.9867E+00, 1.3333E-01,
16:47:27.36928725, 3.3333E-02, 6.0000E+00, 2.0000E-01,
16:47:27.36928730, 6.6667E-02, 5.9867E+00, 6.6667E-02,
16:47:27.36928735, 0.0000E+00, 6.0000E+00, 2.0000E-01,
16:47:27.36928740,-3.3333E-02, 6.0000E+00, 2.0000E-01,
16:47:27.36928745, 1.0000E-01, 5.9867E+00, 2.0000E-01,
16:47:27.36928750,-3.3333E-02, 6.0133E+00, 6.6667E-02,
16:47:27.36928755, 6.6667E-02, 6.0000E+00, 2.0000E-01,
16:47:27.36928760, 3.3333E-02, 5.9733E+00, 2.6667E-01,
16:47:27.36928765, 6.6667E-02, 6.0000E+00, 2.0000E-01,
16:47:27.36928770, 0.0000E+00, 6.0133E+00, 2.6667E-01,
16:47:27.36928775, 3.3333E-02, 6.0000E+00, 2.0000E-01,
16:47:27.36928780, 3.3333E-02, 6.0000E+00, 1.3333E-01,
16:47:27.36928785, 0.0000E+00, 6.0133E+00, 6.6667E-02,
16:47:27.36928790, 3.3333E-02, 6.0267E+00, 2.6667E-01,
16:47:27.36928795, 6.6667E-02, 5.9733E+00, 1.3333E-01,
16:47:27.36928800, 0.0000E+00, 5.9867E+00, 2.6667E-01,
16:47:27.36928805,-3.3333E-02, 5.9867E+00, 2.6667E-01,
16:47:27.36928810, 0.0000E+00, 5.9733E+00, 3.3333E-01,
16:47:27.36928815, 3.3333E-02, 5.9867E+00, 2.6667E-01,
16:47:27.36928820, 6.6667E-02, 6.0267E+00, 2.0000E-01,
16:47:27.36928825, 1.0000E-01, 5.9733E+00, 2.0000E-01,
16:47:27.36928830,-3.3333E-02, 5.9867E+00, 6.6667E-02,
16:47:27.36928835,-3.3333E-02, 6.0133E+00, 2.0000E-01,
16:47:27.36928840, 0.0000E+00, 5.9867E+00, 3.3333E-01,
16:47:27.36928845, 3.3333E-02, 6.0267E+00, 6.6667E-02,
16:47:27.36928850, 6.6667E-02, 6.0000E+00, 1.3333E-01,
16:47:27.36928855, 3.3333E-02, 5.9600E+00, 1.3333E-01,
16:47:27.36928860, 1.0000E-01, 5.9867E+00, 2.0000E-01,
16:47:27.36928865, 6.6667E-02, 6.0000E+00, 2.6667E-01,
16:47:27.36928870,-3.3333E-02, 5.9867E+00, 2.6667E-01,
16:47:27.36928875,-3.3333E-02, 5.9867E+00, 6.6667E-02,
16:47:27.36928880, 3.3333E-02, 6.0000E+00, 2.0000E-01,
16:47:27.36928885, 0.0000E+00, 5.9867E+00, 1.3333E-01,
16:47:27.36928890, 0.0000E+00, 6.0267E+00, 2.0000E-01,
16:47:27.36928895,-3.3333E-02, 5.9867E+00, 2.0000E-01,
16:47:27.36928900, 3.3333E-02, 6.0000E+00, 3.3333E-01,
16:47:27.36928905, 3.3333E-02, 5.9867E+00, 2.0000E-01,
16:47:27.36928910, 6.6667E-02, 5.9867E+00, 2.0000E-01,
16:47:27.36928915, 0.0000E+00, 5.9867E+00, 2.6667E-01,
16:47:27.36928920, 6.6667E-02, 5.9867E+00, 2.0000E-01,
16:47:27.36928925, 0.0000E+00, 6.0533E+00,-1.3333E-01,
16:47:27.36928930, 0.0000E+00, 6.0267E+00, 6.6667E-02,
16:47:27.36928935, 0.0000E+00, 6.0400E+00, 6.6667E-02,
16:47:27.36928940,-3.3333E-02, 5.9867E+00, 6.6667E-02,
16:47:27.36928945, 0.0000E+00, 6.0400E+00, 1.3333E-01,
16:47:27.36928950, 3.3333E-02, 5.9867E+00, 0.0000E+00,
16:47:27.36928955, 1.0000E-01, 6.0267E+00, 6.6667E-02,
16:47:27.36928960, 0.0000E+00, 5.9867E+00, 2.0000E-01,
16:47:27.36928965,-3.3333E-02, 5.9733E+00, 1.3333E-01,
16:47:27.36928970, 0.0000E+00, 6.0133E+00, 1.3333E-01,
16:47:27.36928975, 3.3333E-02, 5.9733E+00, 6.6667E-02,
16:47:27.36928980, 3.3333E-02, 6.0000E+00, 3.3333E-01,
16:47:27.36928985, 0.0000E+00, 5.9867E+00, 1.3333E-01,
16:47:27.36928990, 3.3333E-02, 6.0133E+00, 1.3333E-01,
16:47:27.36928995, 0.0000E+00, 6.0000E+00, 1.3333E-01,
16:47:27.36929000, 3.3333E-02, 6.0133E+00, 3.3333E-01,
16:47:27.36929005, 3.3333E-02, 6.0000E+00, 2.6667E-01,
16:47:27.36929010, 0.0000E+00, 5.9867E+00, 2.6667E-01,
16:47:27.36929015,-3.3333E-02, 6.0133E+00, 2.6667E-01,
16:47:27.36929020, 0.0000E+00, 5.9867E+00, 3.3333E-01,
16:47:27.36929025, 0.0000E+00, 5.9867E+00, 6.6667E-02,
16:47:27.36929030, 3.3333E-02, 6.0267E+00, 6.6667E-02,
16:47:27.36929035,-3.3333E-02, 5.9867E+00, 0.0000E+00,
16:47:27.36929040,-3.3333E-02, 5.9867E+00, 0.0000E+00,
16:47:27.36929045,-6.6667E-02, 6.0267E+00, 2.0000E-01,
16:47:27.36929050, 3.3333E-02, 6.0133E+00, 2.0000E-01,
16:47:27.36929055,-3.3333E-02, 5.9867E+00, 1.3333E-01,
16:47:27.36929060, 0.0000E+00, 6.0133E+00, 3.3333E-01,
16:47:27.36929065, 3.3333E-02, 6.0267E+00, 1.3333E-01,
16:47:27.36929070, 6.6667E-02, 6.0000E+00, 2.0000E-01,
16:47:27.36929075,-3.3333E-02, 6.0133E+00, 2.0000E-01,
16:47:27.36929080,-3.3333E-02, 5.9867E+00, 6.6667E-02,
16:47:27.36929085, 0.0000E+00, 6.0133E+00, 6.6667E-02,
16:47:27.36929090, 0.0000E+00, 6.0400E+00, 1.3333E-01,
16:47:27.36929095, 3.3333E-02, 6.0133E+00, 1.3333E-01,
16:47:27.36929100, 3.3333E-02, 6.0000E+00, 2.6667E-01,
16:47:27.36929105, 6.6667E-02, 6.0133E+00, 2.6667E-01,
16:47:27.36929110, 0.0000E+00, 6.0133E+00, 2.6667E-01,
16:47:27.36929115, 0.0000E+00, 6.0000E+00, 6.6667E-02,
16:47:27.36929120, 3.3333E-02, 6.0000E+00,-6.6667E-02,
16:47:27.36929125, 0.0000E+00, 5.9867E+00, 0.0000E+00,
16:47:27.36929130, 6.6667E-02, 6.0000E+00, 1.3333E-01,
16:47:27.36929135, 6.6667E-02, 6.0000E+00, 2.0000E-01,
16:47:27.36929140, 0.0000E+00, 6.0267E+00, 2.0000E-01,
16:47:27.36929145, 3.3333E-02, 6.0000E+00, 1.3333E-01,
16:47:27.36929150, 6.6667E-02, 6.0133E+00, 1.3333E-01,
16:47:27.36929155, 1.0000E-01, 6.0000E+00, 1.3333E-01,
16:47:27.36929160, 0.0000E+00, 6.0267E+00, 2.6667E-01,
16:47:27.36929165, 0.0000E+00, 6.0000E+00, 6.6667E-02,
16:47:27.36929170, 3.3333E-02, 6.0000E+00, 0.0000E+00,
16:47:27.36929175, 1.3333E-01, 6.0000E+00, 1.3333E-01,
16:47:27.36929180,-6.6667E-02, 6.0133E+00, 0.0000E+00,
16:47:27.36929185, 0.0000E+00, 6.0000E+00, 6.6667E-02,
16:47:27.36929190,-3.3333E-02, 6.0133E+00, 1.3333E-01,
16:47:27.36929195, 1.0000E-01, 6.0000E+00, 6.6667E-02,
16:47:27.36929200, 1.0000E-01, 6.0000E+00, 1.3333E-01,
16:47:27.36929205, 0.0000E+00, 5.9867E+00, 3.3333E-01,
16:47:27.36929210, 0.0000E+00, 6.0000E+00, 2.0000E-01,
16:47:27.36929215, 3.3333E-02, 6.0133E+00,-6.6667E-02,
16:47:27.36929220,-6.6667E-02, 5.9733E+00, 6.6667E-02,
16:47:27.36929225, 3.3333E-02, 5.9733E+00, 2.0000E-01,
16:47:27.36929230, 0.0000E+00, 6.0400E+00, 1.3333E-01,
16:47:27.36929235, 0.0000E+00, 5.9733E+00, 2.6667E-01,
16:47:27.36929240, 6.6667E-02, 6.0000E+00, 0.0000E+00,
16:47:27.36929245, 3.3333E-02, 6.0133E+00, 2.6667E-01,
16:47:27.36929250, 6.6667E-02, 5.9867E+00, 1.3333E-01,
16:47:27.36929255, 3.3333E-02, 5.9867E+00, 0.0000E+00,
16:47:27.36929260, 3.3333E-02, 5.9867E+00, 1.3333E-01,
16:47:27.36929265, 0.0000E+00, 6.0000E+00, 2.0000E-01,
16:47:27.36929270,-3.3333E-02, 6.0000E+00, 1.3333E-01,
16:47:27.36929275, 0.0000E+00, 5.9733E+00, 2.0000E-01,
16:47:27.36929280,-3.3333E-02, 6.0000E+00, 2.0000E-01,
16:47:27.36929285, 0.0000E+00, 6.0267E+00, 6.6667E-02,
16:47:27.36929290, 3.3333E-02, 5.9867E+00, 2.6667E-01,
16:47:27.36929295,-3.3333E-02, 5.9867E+00, 2.0000E-01,
16:47:27.36929300, 0.0000E+00, 6.0133E+00, 6.6667E-02,
16:47:27.36929305, 3.3333E-02, 5.9600E+00, 1.3333E-01,
16:47:27.36929310, 3.3333E-02, 5.9733E+00, 3.3333E-01,
16:47:27.36929315, 0.0000E+00, 6.0267E+00, 0.0000E+00,
16:47:27.36929320,-3.3333E-02, 5.9867E+00, 2.6667E-01,
16:47:27.36929325, 0.0000E+00, 6.0400E+00, 6.6667E-02,
16:47:27.36929330, 6.6667E-02, 6.0000E+00, 0.0000E+00,
16:47:27.36929335, 1.0000E-01, 6.0400E+00, 6.6667E-02,
16:47:27.36929340, 6.6667E-02, 6.0267E+00, 6.6667E-02,
16:47:27.36929345, 3.3333E-02, 6.0400E+00, 1.3333E-01,
16:47:27.36929350, 0.0000E+00, 6.0133E+00, 2.0000E-01,
16:47:27.36929355,-6.6667E-02, 6.0133E+00, 1.3333E-01,
16:47:27.36929360,-3.3333E-02, 6.0133E+00, 2.0000E-01,
16:47:27.36929365, 0.0000E+00, 6.0000E+00, 1.3333E-01,
16:47:27.36929370, 3.3333E-02, 6.0000E+00,-6.6667E-02,
16:47:27.36929375, 3.3333E-02, 6.0133E+00, 2.6667E-01,
16:47:27.36929380,-6.6667E-02, 5.9867E+00, 2.6667E-01,
16:47:27.36929385, 1.0000E-01, 6.0133E+00, 0.0000E+00,
16:47:27.36929390,-3.3333E-02, 6.0133E+00, 1.3333E-01,
16:47:27.36929395, 0.0000E+00, 6.0133E+00, 1.3333E-01,
16:47:27.36929400, 0.0000E+00, 5.9867E+00, 2.0000E-01,
16:47:27.36929405,-3.3333E-02, 6.0000E+00, 2.0000E-01,
16:47:27.36929410, 0.0000E+00, 6.0000E+00, 0.0000E+00,
16:47:27.36929415,-3.3333E-02, 6.0267E+00, 6.6667E-02,
16:47:27.36929420, 3.3333E-02, 6.0000E+00, 1.3333E-01,
16:47:27.36929425, 3.3333E-02, 6.0133E+00, 0.0000E+00,
16:47:27.36929430, 3.3333E-02, 5.9733E+00, 2.0000E-01,
16:47:27.36929435, 0.0000E+00, 6.0267E+00, 3.3333E-01,
16:47:27.36929440, 3.3333E-02, 5.9867E+00, 0.0000E+00,
16:47:27.36929445,-3.3333E-02, 6.0000E+00, 2.6667E-01,
16:47:27.36929450, 3.3333E-02, 6.0133E+00, 3.3333E-01,
16:47:27.36929455, 0.0000E+00, 6.0000E+00, 6.6667E-02,
16:47:27.36929460, 0.0000E+00, 6.0000E+00,-1.3333E-01,
16:47:27.36929465, 3.3333E-02, 6.0000E+00,-1.3333E-01,
16:47:27.36929470, 3.3333E-02, 6.0000E+00, 6.6667E-02,
16:47:27.36929475, 3.3333E-02, 6.0000E+00, 0.0000E+00,
16:47:27.36929480, 3.3333E-02, 6.0400E+00, 1.3333E-01,
16:47:27.36929485,-3.3333E-02, 5.9867E+00, 2.0000E-01,
16:47:27.36929490, 0.0000E+00, 5.9733E+00, 1.3333E-01,
16:47:27.36929495, 1.0000E-01, 6.0133E+00, 2.6667E-01,
16:47:27.36929500,-3.3333E-02, 6.0133E+00, 1.3333E-01,
16:47:27.36929505, 6.6667E-02, 6.0000E+00, 1.3333E-01,
16:47:27.36929510, 0.0000E+00, 6.0000E+00, 2.0000E-01,
16:47:27.36929515, 3.3333E-02, 5.9867E+00, 1.3333E-01,
16:47:27.36929520, 0.0000E+00, 6.0133E+00, 2.0000E-01,
16:47:27.36929525, 3.3333E-02, 5.9867E+00,-6.6667E-02,
16:47:27.36929530,-3.3333E-02, 5.9600E+00, 2.0000E-01,
16:47:27.36929535, 6.6667E-02, 6.0400E+00, 3.3333E-01,
16:47:27.36929540, 3.3333E-02, 6.0000E+00, 0.0000E+00,
16:47:27.36929545, 6.6667E-02, 5.9867E+00, 2.0000E-01,
16:47:27.36929550, 0.0000E+00, 6.0133E+00, 3.3333E-01,
16:47:27.36929555, 3.3333E-02, 6.0000E+00, 1.3333E-01,
16:47:27.36929560,-3.3333E-02, 6.0000E+00, 2.0000E-01,
16:47:27.36929565, 0.0000E+00, 6.0000E+00, 6.6667E-02,
16:47:27.36929570, 3.3333E-02, 5.9867E+00, 2.6667E-01,
16:47:27.36929575, 0.0000E+00, 6.0000E+00, 2.6667E-01,
16:47:27.36929580, 1.0000E-01, 6.0000E+00, 3.3333E-01,
16:47:27.36929585, 3.3333E-02, 6.0267E+00, 1.3333E-01,
16:47:27.36929590, 3.3333E-02, 6.0133E+00, 1.3333E-01,
16:47:27.36929595, 0.0000E+00, 6.0133E+00, 6.6667E-02,
16:47:27.36929600,-6.6667E-02, 6.0133E+00, 6.6667E-02,
16:47:27.36929605, 3.3333E-02, 5.9867E+00, 6.6667E-02,
16:47:27.36929610, 0.0000E+00, 5.9733E+00, 6.6667E-02,
16:47:27.36929615, 3.3333E-02, 6.0133E+00, 0.0000E+00,
16:47:27.36929620,-6.6667E-02, 5.9867E+00, 1.3333E-01,
16:47:27.36929625, 1.3333E-01, 6.0133E+00, 0.0000E+00,
16:47:27.36929630, 3.3333E-02, 6.0133E+00, 2.0000E-01,
16:47:27.36929635, 0.0000E+00, 6.0000E+00, 2.0000E-01,
16:47:27.36929640, 6.6667E-02, 5.9867E+00,-6.6667E-02,
16:47:27.36929645, 6.6667E-02, 5.9867E+00, 6.6667E-02,
16:47:27.36929650,-6.6667E-02, 5.9600E+00, 0.0000E+00,
16:47:27.36929655, 6.6667E-02, 5.9867E+00, 6.6667E-02,
16:47:27.36929660, 3.3333E-02, 6.0000E+00, 6.6667E-02,
16:47:27.36929665, 6.6667E-02, 6.0133E+00, 0.0000E+00,
16:47:27.36929670,-3.3333E-02, 6.0000E+00,-1.3333E-01,
16:47:27.36929675, 3.3333E-02, 6.0000E+00, 0.0000E+00,
16:47:27.36929680, 3.3333E-02, 6.0000E+00,-6.6667E-02,
16:47:27.36929685, 3.3333E-02, 5.9867E+00,-6.6667E-02,
16:47:27.36929690, 0.0000E+00, 6.0000E+00, 1.3333E-01,
16:47:27.36929695, 6.6667E-02, 6.0267E+00, 3.3333E-01,
16:47:27.36929700,-6.6667E-02, 6.0133E+00, 3.3333E-01,
16:47:27.36929705,-3.3333E-02, 6.0133E+00, 2.6667E-01,
16:47:27.36929710, 0.0000E+00, 6.0133E+00, 0.0000E+00,
16:47:27.36929715, 0.0000E+00, 6.0133E+00, 1.3333E-01,
16:47:27.36929720, 3.3333E-02, 6.0000E+00, 6.6667E-02,
16:47:27.36929725, 3.3333E-02, 6.0267E+00, 1.3333E-01,
16:47:27.36929730, 0.0000E+00, 6.0267E+00, 2.6667E-01,
16:47:27.36929735, 3.3333E-02, 6.0133E+00, 2.6667E-01,
16:47:27.36929740,-1.0000E-01, 6.0133E+00, 3.3333E-01,
16:47:27.36929745, 1.0000E-01, 6.0000E+00, 2.0000E-01,
16:47:27.36929750, 3.3333E-02, 5.9867E+00, 2.0000E-01,
16:47:27.36929755, 0.0000E+00, 6.0267E+00, 6.6667E-02,
16:47:27.36929760,-3.3333E-02, 6.0267E+00, 2.0000E-01,
16:47:27.36929765, 3.3333E-02, 6.0133E+00, 0.0000E+00,
16:47:27.36929770, 3.3333E-02, 5.9733E+00, 6.6667E-02,
16:47:27.36929775, 6.6667E-02, 5.9867E+00, 2.6667E-01,
16:47:27.36929780,-3.3333E-02, 6.0000E+00, 3.3333E-01,
16:47:27.36929785, 3.3333E-02, 6.0133E+00, 2.6667E-01,
16:47:27.36929790, 3.3333E-02, 5.9867E+00, 2.0000E-01,
16:47:27.36929795, 0.0000E+00, 6.0000E+00, 3.3333E-01,
16:47:27.36929800,-6.6667E-02, 5.9600E+00, 1.3333E-01,
16:47:27.36929805, 6.6667E-02, 5.9733E+00, 0.0000E+00,
16:47:27.36929810, 1.0000E-01, 6.0133E+00, 1.3333E-01,
16:47:27.36929815,-3.3333E-02, 6.0400E+00, 6.6667E-02,
16:47:27.36929820, 6.6667E-02, 5.9733E+00,-6.6667E-02,
16:47:27.36929825, 6.6667E-02, 6.0000E+00, 1.3333E-01,
16:47:27.36929830, 0.0000E+00, 5.9867E+00, 0.0000E+00,
16:47:27.36929835, 0.0000E+00, 5.9733E+00, 0.0000E+00,
16:47:27.36929840, 6.6667E-02, 6.0000E+00, 1.3333E-01,
16:47:27.36929845, 0.0000E+00, 5.9867E+00, 0.0000E+00,
16:47:27.36929850, 6.6667E-02, 6.0400E+00, 0.0000E+00,
16:47:27.36929855, 0.0000E+00, 6.0133E+00, 1.3333E-01,
16:47:27.36929860, 3.3333E-02, 6.0000E+00, 1.3333E-01,
16:47:27.36929865, 0.0000E+00, 6.0267E+00, 0.0000E+00,
16:47:27.36929870, 1.0000E-01, 5.9867E+00, 1.3333E-01,
16:47:27.36929875, 3.3333E-02, 6.0000E+00, 3.3333E-01,
16:47:27.36929880, 6.6667E-02, 6.0000E+00, 2.0000E-01,
16:47:27.36929885, 1.0000E-01, 6.0000E+00, 2.6667E-01,
16:47:27.36929890,-1.0000E-01, 6.0133E+00, 3.3333E-01,
16:47:27.36929895, 3.3333E-02, 6.0000E+00, 6.6667E-02,
16:47:27.36929900, 3.3333E-02, 6.0000E+00, 6.6667E-02,
16:47:27.36929905, 0.0000E+00, 6.0267E+00, 1.3333E-01,
16:47:27.36929910,-3.3333E-02, 6.0000E+00, 6.6667E-02,
16:47:27.36929915, 3.3333E-02, 6.0000E+00, 0.0000E+00,
16:47:27.36929920, 0.0000E+00, 5.9867E+00, 6.6667E-02,
16:47:27.36929925, 6.6667E-02, 6.0000E+00, 1.3333E-01,
16:47:27.36929930,-6.6667E-02, 5.9867E+00, 2.6667E-01,
16:47:27.36929935, 3.3333E-02, 6.0400E+00, 2.6667E-01,
16:47:27.36929940, 0.0000E+00, 6.0000E+00, 2.0000E-01,
16:47:27.36929945,-3.3333E-02, 6.0133E+00, 1.3333E-01,
16:47:27.36929950, 3.3333E-02, 6.0267E+00, 2.0000E-01,
16:47:27.36929955, 0.0000E+00, 6.0000E+00,-1.3333E-01,
16:47:27.36929960, 3.3333E-02, 6.0267E+00, 1.3333E-01,
16:47:27.36929965, 3.3333E-02, 6.0000E+00,-6.6667E-02,
16:47:27.36929970, 3.3333E-02, 6.0133E+00, 0.0000E+00,
16:47:27.36929975, 6.6667E-02, 6.0133E+00, 0.0000E+00,
16:47:27.36929980, 0.0000E+00, 5.9867E+00, 1.3333E-01,
16:47:27.36929985, 6.6667E-02, 6.0000E+00, 1.3333E-01,
16:47:27.36929990, 1.0000E-01, 6.0000E+00, 2.0000E-01,
16:47:27.36929995,-3.3333E-02, 6.0133E+00, 6.6667E-02,
16:47:27.36930000, 0.0000E+00, 5.9867E+00, 1.3333E-01,
16:47:27.36930005, 3.3333E-02, 5.9867E+00, 2.0000E-01,
16:47:27.36930010, 6.6667E-02, 5.9867E+00, 6.6667E-02,
16:47:27.36930015,-3.3333E-02, 6.0133E+00, 6.6667E-02,
16:47:27.36930020, 1.3333E-01, 6.0000E+00, 2.0000E-01,
16:47:27.36930025, 3.3333E-02, 6.0000E+00, 2.0000E-01,
16:47:27.36930030, 3.3333E-02, 6.0000E+00, 1.3333E-01,
16:47:27.36930035, 0.0000E+00, 5.9867E+00, 0.0000E+00,
16:47:27.36930040, 3.3333E-02, 6.0000E+00, 2.0000E-01,
16:47:27.36930045,-3.3333E-02, 6.0000E+00, 2.0000E-01,
16:47:27.36930050, 0.0000E+00, 6.0000E+00,-1.3333E-01,
16:47:27.36930055, 6.6667E-02, 5.9733E+00, 0.0000E+00,
16:47:27.36930060, 6.6667E-02, 5.9867E+00, 6.6667E-02,
16:47:27.36930065, 1.0000E-01, 6.0133E+00, 6.6667E-02,
16:47:27.36930070, 3.3333E-02, 6.0267E+00, 2.6667E-01,
16:47:27.36930075, 3.3333E-02, 5.9733E+00, 2.0000E-01,
16:47:27.36930080, 3.3333E-02, 6.0000E+00, 6.6667E-02,
16:47:27.36930085, 0.0000E+00, 6.0267E+00, 1.3333E-01,
16:47:27.36930090, 0.0000E+00, 5.9867E+00, 1.3333E-01,
16:47:27.36930095, 0.0000E+00, 5.9867E+00, 0.0000E+00,
16:47:27.36930100,-3.3333E-02, 6.0000E+00,-6.6667E-02,
16:47:27.36930105, 3.3333E-02, 6.0000E+00, 6.6667E-02,
16:47:27.36930110, 1.0000E-01, 5.9733E+00, 6.6667E-02,
16:47:27.36930115, 1.3333E-01, 5.9867E+00, 2.0000E-01,
16:47:27.36930120, 6.6667E-02, 6.0133E+00, 2.0000E-01,
16:47:27.36930125,-6.6667E-02, 6.0133E+00, 2.6667E-01,
16:47:27.36930130, 0.0000E+00, 5.9733E+00, 2.0000E-01,
16:47:27.36930135, 0.0000E+00, 6.0133E+00, 6.6667E-02,
16:47:27.36930140, 3.3333E-02, 5.9600E+00, 6.6667E-02,
16:47:27.36930145, 0.0000E+00, 6.0400E+00, 2.0000E-01,
16:47:27.36930150, 0.0000E+00, 6.0133E+00, 6.6667E-02,
16:47:27.36930155, 3.3333E-02, 6.0267E+00, 1.3333E-01,
16:47:27.36930160, 3.3333E-02, 5.9867E+00, 1.3333E-01,
16:47:27.36930165, 3.3333E-02, 5.9867E+00, 1.3333E-01,
16:47:27.36930170, 3.3333E-02, 6.0000E+00, 0.0000E+00,
16:47:27.36930175,-3.3333E-02, 6.0000E+00, 3.3333E-01,
16:47:27.36930180, 3.3333E-02, 6.0000E+00, 2.6667E-01,
16:47:27.36930185, 0.0000E+00, 5.9867E+00, 6.6667E-02,
16:47:27.36930190, 0.0000E+00, 6.0000E+00, 2.6667E-01,
16:47:27.36930195, 0.0000E+00, 6.0267E+00,-6.6667E-02,
16:47:27.36930200,-3.3333E-02, 5.9867E+00, 1.3333E-01,
16:47:27.36930205, 1.0000E-01, 5.9867E+00, 6.6667E-02,
16:47:27.36930210,-3.3333E-02, 5.9733E+00, 2.6667E-01,
16:47:27.36930215, 3.3333E-02, 6.0133E+00, 2.0000E-01,
16:47:27.36930220,-3.3333E-02, 6.0000E+00, 2.0000E-01,
16:47:27.36930225, 6.6667E-02, 5.9867E+00, 6.6667E-02,
16:47:27.36930230, 0.0000E+00, 6.0000E+00, 3.3333E-01,
16:47:27.36930235, 0.0000E+00, 6.0000E+00, 2.0000E-01,
16:47:27.36930240, 3.3333E-02, 6.0133E+00, 1.3333E-01,
16:47:27.36930245, 6.6667E-02, 6.0000E+00, 6.6667E-02,
16:47:27.36930250,-3.3333E-02, 5.9867E+00, 2.6667E-01,
16:47:27.36930255, 0.0000E+00, 5.9867E+00, 3.3333E-01,
16:47:27.36930260,-3.3333E-02, 6.0267E+00, 6.6667E-02,
16:47:27.36930265, 0.0000E+00, 5.9867E+00, 2.0000E-01,
16:47:27.36930270,-6.6667E-02, 5.9867E+00, 6.6667E-02,
16:47:27.36930275, 0.0000E+00, 6.0133E+00, 1.3333E-01,
16:47:27.36930280, 0.0000E+00, 5.9867E+00, 2.6667E-01,
16:47:27.36930285,-6.6667E-02, 6.0000E+00, 1.3333E-01,
16:47:27.36930290, 3.3333E-02, 5.9867E+00, 2.0000E-01,
16:47:27.36930295, 3.3333E-02, 6.0133E+00, 1.3333E-01,
16:47:27.36930300, 0.0000E+00, 6.0000E+00, 0.0000E+00,
16:47:27.36930305, 0.0000E+00, 5.9733E+00, 2.0000E-01,
16:47:27.36930310,-3.3333E-02, 5.9867E+00, 2.6667E-01,
16:47:27.36930315, 3.3333E-02, 6.0133E+00, 6.6667E-02,
16:47:27.36930320, 3.3333E-02, 5.9867E+00, 1.3333E-01,
16:47:27.36930325, 0.0000E+00, 5.9867E+00, 2.6667E-01,
16:47:27.36930330,-6.6667E-02, 6.0133E+00, 1.3333E-01,
16:47:27.36930335, 0.0000E+00, 5.9867E+00, 2.0000E-01,
16:47:27.36930340,-6.6667E-02, 6.0400E+00, 2.0000E-01,
16:47:27.36930345, 6.6667E-02, 6.0267E+00, 3.3333E-01,
16:47:27.36930350, 3.3333E-02, 6.0000E+00, 2.6667E-01,
16:47:27.36930355, 1.0000E-01, 6.0133E+00, 0.0000E+00,
16:47:27.36930360, 3.3333E-02, 5.9867E+00, 3.3333E-01,
16:47:27.36930365,-1.0000E-01, 5.9867E+00, 2.0000E-01,
16:47:27.36930370, 3.3333E-02, 5.9867E+00, 2.0000E-01,
16:47:27.36930375,-3.3333E-02, 6.0000E+00, 2.0000E-01,
16:47:27.36930380,-3.3333E-02, 6.0267E+00, 1.3333E-01,
16:47:27.36930385, 3.3333E-02, 5.9867E+00, 2.0000E-01,
16:47:27.36930390, 0.0000E+00, 6.0267E+00, 2.0000E-01,
16:47:27.36930395, 3.3333E-02, 5.9600E+00, 0.0000E+00,
16:47:27.36930400, 3.3333E-02, 6.0133E+00, 2.0000E-01,
16:47:27.36930405, 3.3333E-02, 6.0000E+00, 2.0000E-01,
16:47:27.36930410, 3.3333E-02, 6.0000E+00, 6.6667E-02,
16:47:27.36930415,-6.6667E-02, 5.9867E+00, 2.6667E-01,
16:47:27.36930420, 1.0000E-01, 5.9867E+00, 0.0000E+00,
16:47:27.36930425, 0.0000E+00, 5.9867E+00, 2.0000E-01,
16:47:27.36930430, 0.0000E+00, 6.0000E+00, 2.0000E-01,
16:47:27.36930435,-3.3333E-02, 5.9733E+00, 0.0000E+00,
16:47:27.36930440, 3.3333E-02, 6.0000E+00, 1.3333E-01,
16:47:27.36930445, 3.3333E-02, 6.0133E+00, 6.6667E-02,
16:47:27.36930450, 0.0000E+00, 6.0000E+00, 0.0000E+00,
16:47:27.36930455, 1.0000E-01, 6.0000E+00, 2.0000E-01,
16:47:27.36930460, 0.0000E+00, 6.0000E+00, 2.0000E-01,
16:47:27.36930465,-3.3333E-02, 5.9600E+00, 6.6667E-02,
16:47:27.36930470,-3.3333E-02, 5.9867E+00, 2.6667E-01,
16:47:27.36930475,-3.3333E-02, 6.0133E+00, 0.0000E+00,
16:47:27.36930480, 6.6667E-02, 5.9867E+00, 2.6667E-01,
16:47:27.36930485, 0.0000E+00, 6.0000E+00, 0.0000E+00,
16:47:27.36930490, 0.0000E+00, 5.9867E+00, 1.3333E-01,
16:47:27.36930495, 6.6667E-02, 5.9733E+00, 6.6667E-02,
16:47:27.36930500, 0.0000E+00, 5.9733E+00, 0.0000E+00,
16:47:27.36930505, 3.3333E-02, 6.0133E+00, 2.0000E-01,
16:47:27.36930510, 3.3333E-02, 6.0000E+00, 2.0000E-01,
16:47:27.36930515, 0.0000E+00, 6.0000E+00, 3.3333E-01,
16:47:27.36930520, 0.0000E+00, 6.0000E+00, 3.3333E-01,
16:47:27.36930525, 3.3333E-02, 6.0000E+00, 2.6667E-01,
16:47:27.36930530, 3.3333E-02, 6.0267E+00, 2.6667E-01,
16:47:27.36930535, 3.3333E-02, 6.0267E+00, 2.6667E-01,
16:47:27.36930540, 3.3333E-02, 5.9867E+00, 0.0000E+00,
16:47:27.36930545, 0.0000E+00, 6.0000E+00, 1.3333E-01,
16:47:27.36930550, 0.0000E+00, 5.9600E+00, 1.3333E-01,
16:47:27.36930555, 0.0000E+00, 5.9867E+00, 6.6667E-02,
16:47:27.36930560,-6.6667E-02, 6.0267E+00, 1.3333E-01,
16:47:27.36930565, 0.0000E+00, 6.0400E+00, 3.3333E-01,
16:47:27.36930570, 3.3333E-02, 5.9867E+00, 3.3333E-01,
16:47:27.36930575,-3.3333E-02, 6.0133E+00, 1.3333E-01,
16:47:27.36930580, 3.3333E-02, 6.0000E+00, 2.0000E-01,
16:47:27.36930585, 3.3333E-02, 5.9600E+00, 0.0000E+00,
16:47:27.36930590, 0.0000E+00, 6.0133E+00, 6.6667E-02,
16:47:27.36930595, 3.3333E-02, 6.0133E+00, 2.0000E-01,
16:47:27.36930600, 0.0000E+00, 6.0267E+00, 3.3333E-01,
16:47:27.36930605, 0.0000E+00, 5.9867E+00, 6.6667E-02,
16:47:27.36930610, 3.3333E-02, 6.0400E+00, 1.3333E-01,
16:47:27.36930615, 3.3333E-02, 6.0000E+00, 3.3333E-01,
16:47:27.36930620,-6.6667E-02, 6.0000E+00, 1.3333E-01,
16:47:27.36930625,-3.3333E-02, 6.0000E+00, 6.6667E-02,
16:47:27.36930630, 3.3333E-02, 6.0000E+00, 0.0000E+00,
16:47:27.36930635, 6.6667E-02, 6.0133E+00, 6.6667E-02,
16:47:27.36930640,-3.3333E-02, 6.0000E+00, 1.3333E-01,
16:47:27.36930645, 3.3333E-02, 6.0000E+00, 0.0000E+00,
16:47:27.36930650,-3.3333E-02, 6.0000E+00, 2.0000E-01,
16:47:27.36930655,-6.6667E-02, 5.9867E+00, 0.0000E+00,
16:47:27.36930660, 6.6667E-02, 6.0133E+00, 1.3333E-01,
16:47:27.36930665, 6.6667E-02, 6.0000E+00, 1.3333E-01,
16:47:27.36930670, 3.3333E-02, 6.0000E+00, 1.3333E-01,
16:47:27.36930675, 0.0000E+00, 6.0000E+00, 6.6667E-02,
16:47:27.36930680,-3.3333E-02, 6.0133E+00, 1.3333E-01,
16:47:27.36930685, 0.0000E+00, 6.0267E+00, 1.3333E-01,
16:47:27.36930690,-3.3333E-02, 6.0000E+00,-1.3333E-01,
16:47:27.36930695, 6.6667E-02, 6.0000E+00, 6.6667E-02,
16:47:27.36930700,-6.6667E-02, 5.9867E+00, 2.0000E-01,
16:47:27.36930705,-3.3333E-02, 6.0000E+00, 6.6667E-02,
16:47:27.36930710, 3.3333E-02, 6.0133E+00, 3.3333E-01,
16:47:27.36930715, 3.3333E-02, 6.0133E+00, 1.3333E-01,
16:47:27.36930720, 0.0000E+00, 5.9867E+00, 3.3333E-01,
16:47:27.36930725, 6.6667E-02, 6.0133E+00, 1.3333E-01,
16:47:27.36930730, 3.3333E-02, 5.9867E+00, 6.6667E-02,
16:47:27.36930735, 3.3333E-02, 5.9733E+00, 2.6667E-01,
16:47:27.36930740, 0.0000E+00, 6.0000E+00, 6.6667E-02,
16:47:27.36930745, 3.3333E-02, 6.0133E+00, 2.0000E-01,
16:47:27.36930750, 0.0000E+00, 6.0133E+00, 1.3333E-01,
16:47:27.36930755, 0.0000E+00, 6.0267E+00, 3.3333E-01,
16:47:27.36930760, 3.3333E-02, 6.0267E+00, 2.0000E-01,
16:47:27.36930765, 0.0000E+00, 6.0000E+00, 2.6667E-01,
16:47:27.36930770, 0.0000E+00, 6.0133E+00, 2.6667E-01,
16:47:27.36930775, 3.3333E-02, 6.0000E+00, 2.0000E-01,
16:47:27.36930780, 0.0000E+00, 6.0267E+00, 6.6667E-02,
16:47:27.36930785, 3.3333E-02, 6.0133E+00, 6.6667E-02,
16:47:27.36930790, 0.0000E+00, 6.0000E+00, 1.3333E-01,
16:47:27.36930795, 0.0000E+00, 6.0267E+00, 0.0000E+00,
16:47:27.36930800, 0.0000E+00, 6.0133E+00, 1.3333E-01,
16:47:27.36930805, 3.3333E-02, 5.9867E+00, 2.0000E-01,
16:47:27.36930810, 3.3333E-02, 5.9733E+00, 1.3333E-01,
16:47:27.36930815, 3.3333E-02, 5.9867E+00, 2.0000E-01,
16:47:27.36930820, 0.0000E+00, 6.0133E+00, 1.3333E-01,
16:47:27.36930825, 6.6667E-02, 5.9733E+00, 3.3333E-01,
16:47:27.36930830, 3.3333E-02, 6.0000E+00, 0.0000E+00,
16:47:27.36930835, 0.0000E+00, 6.0133E+00, 0.0000E+00,
16:47:27.36930840, 0.0000E+00, 6.0267E+00, 6.6667E-02,
16:47:27.36930845,-6.6667E-02, 5.9733E+00, 6.6667E-02,
16:47:27.36930850, 0.0000E+00, 5.9867E+00, 1.3333E-01,
16:47:27.36930855, 6.6667E-02, 5.9867E+00, 3.3333E-01,
16:47:27.36930860,-3.3333E-02, 5.9867E+00, 1.3333E-01,
16:47:27.36930865, 3.3333E-02, 6.0267E+00,-6.6667E-02,
16:47:27.36930870, 3.3333E-02, 6.0000E+00,-6.6667E-02,
16:47:27.36930875, 3.3333E-02, 6.0000E+00,-2.0000E-01,
16:47:27.36930880, 6.6667E-02, 6.0267E+00, 0.0000E+00,
16:47:27.36930885, 0.0000E+00, 6.0000E+00, 1.3333E-01,
16:47:27.36930890, 0.0000E+00, 6.0000E+00, 6.6667E-02,
16:47:27.36930895,-3.3333E-02, 6.0000E+00, 0.0000E+00,
16:47:27.36930900, 6.6667E-02, 6.0533E+00, 2.6667E-01,
16:47:27.36930905, 3.3333E-02, 6.0133E+00, 2.6667E-01,
16:47:27.36930910,-3.3333E-02, 5.9600E+00, 2.0000E-01,
16:47:27.36930915, 3.3333E-02, 6.0133E+00, 2.6667E-01,
16:47:27.36930920, 6.6667E-02, 5.9867E+00, 1.3333E-01,
16:47:27.36930925, 0.0000E+00, 5.9867E+00, 1.3333E-01,
16:47:27.36930930, 0.0000E+00, 6.0133E+00, 2.0000E-01,
16:47:27.36930935, 6.6667E-02, 6.0000E+00, 2.6667E-01,
16:47:27.36930940, 3.3333E-02, 6.0000E+00, 2.0000E-01,
16:47:27.36930945, 0.0000E+00, 6.0267E+00, 2.0000E-01,
16:47:27.36930950, 3.3333E-02, 5.9867E+00, 1.3333E-01,
16:47:27.36930955, 6.6667E-02, 6.0000E+00, 1.3333E-01,
16:47:27.36930960, 3.3333E-02, 6.0000E+00, 6.6667E-02,
16:47:27.36930965, 0.0000E+00, 6.0000E+00, 2.0000E-01,
16:47:27.36930970, 6.6667E-02, 6.0133E+00, 2.0000E-01,
16:47:27.36930975, 0.0000E+00, 6.0267E+00, 2.0000E-01,
16:47:27.36930980, 6.6667E-02, 6.0000E+00, 1.3333E-01,
16:47:27.36930985, 0.0000E+00, 6.0267E+00, 6.6667E-02,
16:47:27.36930990, 3.3333E-02, 5.9867E+00, 2.0000E-01,
16:47:27.36930995, 3.3333E-02, 6.0267E+00, 2.0000E-01,
16:47:27.36931000, 3.3333E-02, 5.9600E+00, 6.6667E-02,
16:47:27.36931005, 3.3333E-02, 6.0000E+00, 2.0000E-01,
16:47:27.36931010, 3.3333E-02, 6.0267E+00, 2.0000E-01,
16:47:27.36931015, 6.6667E-02, 6.0000E+00, 1.3333E-01,
16:47:27.36931020, 0.0000E+00, 6.0133E+00, 0.0000E+00,
16:47:27.36931025, 3.3333E-02, 5.9867E+00, 0.0000E+00,
16:47:27.36931030, 0.0000E+00, 6.0000E+00, 2.0000E-01,
16:47:27.36931035,-3.3333E-02, 6.0133E+00, 6.6667E-02,
16:47:27.36931040, 3.3333E-02, 5.9733E+00, 2.6667E-01,
16:47:27.36931045, 3.3333E-02, 6.0000E+00, 2.6667E-01,
16:47:27.36931050, 3.3333E-02, 5.9733E+00, 1.3333E-01,
16:47:27.36931055, 0.0000E+00, 6.0133E+00, 2.6667E-01,
16:47:27.36931060, 0.0000E+00, 5.9867E+00, 2.6667E-01,
16:47:27.36931065, 0.0000E+00, 6.0000E+00, 1.3333E-01,
16:47:27.36931070, 3.3333E-02, 5.9867E+00, 2.0000E-01,
16:47:27.36931075, 3.3333E-02, 6.0133E+00, 1.3333E-01,
16:47:27.36931080, 3.3333E-02, 6.0267E+00, 1.3333E-01,
16:47:27.36931085, 3.3333E-02, 5.9867E+00, 2.6667E-01,
16:47:27.36931090, 0.0000E+00, 6.0267E+00, 2.0000E-01,
16:47:27.36931095, 0.0000E+00, 5.9733E+00, 2.6667E-01,
16:47:27.36931100, 3.3333E-02, 6.0000E+00, 3.3333E-01,
16:47:27.36931105, 0.0000E+00, 6.0000E+00, 2.6667E-01,
16:47:27.36931110, 3.3333E-02, 5.9867E+00, 2.0000E-01,
16:47:27.36931115, 0.0000E+00, 6.0000E+00, 6.6667E-02,
16:47:27.36931120, 0.0000E+00, 6.0133E+00, 6.6667E-02,
16:47:27.36931125, 0.0000E+00, 5.9467E+00, 0.0000E+00,
16:47:27.36931130,-3.3333E-02, 6.0000E+00, 1.3333E-01,
16:47:27.36931135, 3.3333E-02, 5.9867E+00, 0.0000E+00,
16:47:27.36931140, 0.0000E+00, 6.0267E+00, 2.6667E-01,
16:47:27.36931145, 6.6667E-02, 5.9867E+00, 1.3333E-01,
16:47:27.36931150, 6.6667E-02, 6.0267E+00, 2.6667E-01,
16:47:27.36931155, 6.6667E-02, 6.0133E+00, 3.3333E-01,
16:47:27.36931160, 0.0000E+00, 6.0000E+00, 1.3333E-01,
16:47:27.36931165,-3.3333E-02, 6.0133E+00, 2.6667E-01,
16:47:27.36931170, 1.3333E-01, 6.0000E+00, 2.0000E-01,
16:47:27.36931175, 3.3333E-02, 6.0133E+00, 0.0000E+00,
16:47:27.36931180,-6.6667E-02, 5.9867E+00, 6.6667E-02,
16:47:27.36931185, 6.6667E-02, 6.0133E+00, 6.6667E-02,
16:47:27.36931190, 0.0000E+00, 6.0000E+00, 1.3333E-01,
16:47:27.36931195, 3.3333E-02, 6.0133E+00, 2.6667E-01,
16:47:27.36931200, 3.3333E-02, 6.0267E+00, 2.0000E-01,
16:47:27.36931205, 6.6667E-02, 6.0000E+00, 6.6667E-02,
16:47:27.36931210, 0.0000E+00, 6.0133E+00, 2.0000E-01,
16:47:27.36931215, 3.3333E-02, 5.9600E+00, 1.3333E-01,
16:47:27.36931220, 3.3333E-02, 6.0133E+00, 6.6667E-02,
16:47:27.36931225, 3.3333E-02, 5.9733E+00, 6.6667E-02,
16:47:27.36931230,-6.6667E-02, 5.9867E+00, 1.3333E-01,
16:47:27.36931235, 0.0000E+00, 5.9600E+00, 2.6667E-01,
16:47:27.36931240,-6.6667E-02, 6.0000E+00, 0.0000E+00,
16:47:27.36931245, 1.3333E-01, 5.9733E+00, 1.3333E-01,
16:47:27.36931250, 0.0000E+00, 5.9867E+00, 0.0000E+00,
16:47:27.36931255, 3.3333E-02, 6.0000E+00, 2.0000E-01,
16:47:27.36931260, 3.3333E-02, 6.0133E+00, 2.6667E-01,
16:47:27.36931265,-3.3333E-02, 6.0133E+00, 2.0000E-01,
16:47:27.36931270, 3.3333E-02, 6.0267E+00, 2.6667E-01,
16:47:27.36931275, 3.3333E-02, 6.0133E+00,-6.6667E-02,
16:47:27.36931280, 0.0000E+00, 6.0267E+00, 1.3333E-01,
16:47:27.36931285,-3.3333E-02, 6.0267E+00, 3.3333E-01,
16:47:27.36931290,-3.3333E-02, 5.9467E+00, 3.3333E-01,
16:47:27.36931295, 3.3333E-02, 6.0267E+00, 6.6667E-02,
16:47:27.36931300, 0.0000E+00, 5.9733E+00, 2.6667E-01,
16:47:27.36931305, 0.0000E+00, 6.0000E+00, 2.0000E-01,
16:47:27.36931310, 0.0000E+00, 6.0133E+00, 6.6667E-02,
16:47:27.36931315, 1.0000E-01, 5.9867E+00, 0.0000E+00,
16:47:27.36931320, 3.3333E-02, 6.0000E+00,-6.6667E-02,
16:47:27.36931325,-3.3333E-02, 5.9733E+00, 0.0000E+00,
16:47:27.36931330, 0.0000E+00, 5.9867E+00, 1.3333E-01,
16:47:27.36931335, 3.3333E-02, 6.0000E+00, 1.3333E-01,
16:47:27.36931340, 3.3333E-02, 6.0000E+00, 1.3333E-01,
16:47:27.36931345, 0.0000E+00, 5.9867E+00, 2.6667E-01,
16:47:27.36931350, 3.3333E-02, 5.9867E+00, 6.6667E-02,
16:47:27.36931355,-3.3333E-02, 6.0000E+00, 1.3333E-01,
16:47:27.36931360, 3.3333E-02, 5.9867E+00, 1.3333E-01,
16:47:27.36931365,-3.3333E-02, 6.0133E+00,-6.6667E-02,
16:47:27.36931370, 3.3333E-02, 5.9867E+00, 2.6667E-01,
16:47:27.36931375,-3.3333E-02, 5.9867E+00, 6.6667E-02,
16:47:27.36931380,-6.6667E-02, 6.0133E+00, 1.3333E-01,
16:47:27.36931385,-3.3333E-02, 6.0267E+00,-6.6667E-02,
16:47:27.36931390, 0.0000E+00, 6.0000E+00, 2.6667E-01,
16:47:27.36931395, 3.3333E-02, 5.9867E+00, 2.0000E-01,
16:47:27.36931400,-3.3333E-02, 6.0000E+00, 1.3333E-01,
16:47:27.36931405, 6.6667E-02, 5.9867E+00, 1.3333E-01,
16:47:27.36931410, 0.0000E+00, 6.0000E+00, 0.0000E+00,
16:47:27.36931415, 0.0000E+00, 5.9733E+00, 0.0000E+00,
16:47:27.36931420, 3.3333E-02, 6.0133E+00, 1.3333E-01,
16:47:27.36931425,-3.3333E-02, 5.9867E+00, 1.3333E-01,
16:47:27.36931430,-3.3333E-02, 6.0267E+00, 0.0000E+00,
16:47:27.36931435, 1.0000E-01, 5.9867E+00, 2.6667E-01,
16:47:27.36931440, 0.0000E+00, 5.9867E+00, 2.0000E-01,
16:47:27.36931445, 0.0000E+00, 5.9867E+00, 2.6667E-01,
16:47:27.36931450, 0.0000E+00, 6.0133E+00, 6.6667E-02,
16:47:27.36931455, 3.3333E-02, 6.0133E+00, 6.6667E-02,
16:47:27.36931460, 1.0000E-01, 6.0000E+00, 6.6667E-02,
16:47:27.36931465, 0.0000E+00, 6.0133E+00, 6.6667E-02,
16:47:27.36931470, 3.3333E-02, 5.9600E+00, 2.0000E-01,
16:47:27.36931475, 0.0000E+00, 5.9733E+00, 1.3333E-01,
16:47:27.36931480, 0.0000E+00, 6.0133E+00, 2.0000E-01,
16:47:27.36931485, 6.6667E-02, 6.0000E+00, 6.6667E-02,
16:47:27.36931490, 3.3333E-02, 6.0267E+00, 6.6667E-02,
16:47:27.36931495, 6.6667E-02, 6.0000E+00, 3.3333E-01,
16:47:27.36931500, 0.0000E+00, 6.0133E+00, 6.6667E-02,
16:47:27.36931505, 6.6667E-02, 6.0133E+00, 1.3333E-01,
16:47:27.36931510, 3.3333E-02, 6.0267E+00, 2.0000E-01,
16:47:27.36931515, 0.0000E+00, 6.0000E+00, 0.0000E+00,
16:47:27.36931520, 3.3333E-02, 5.9867E+00, 2.6667E-01,
16:47:27.36931525, 3.3333E-02, 5.9867E+00, 1.3333E-01,
16:47:27.36931530, 6.6667E-02, 6.0000E+00, 6.6667E-02,
16:47:27.36931535,-6.6667E-02, 5.9867E+00, 2.0000E-01,
16:47:27.36931540, 3.3333E-02, 5.9600E+00, 3.3333E-01,
16:47:27.36931545, 6.6667E-02, 6.0267E+00, 2.0000E-01,
16:47:27.36931550, 0.0000E+00, 5.9867E+00, 2.6667E-01,
16:47:27.36931555, 6.6667E-02, 6.0133E+00,-6.6667E-02,
16:47:27.36931560,-3.3333E-02, 6.0400E+00, 6.6667E-02,
16:47:27.36931565, 3.3333E-02, 5.9733E+00, 1.3333E-01,
16:47:27.36931570, 0.0000E+00, 6.0133E+00, 6.6667E-02,
16:47:27.36931575, 0.0000E+00, 6.0133E+00, 2.0000E-01,
16:47:27.36931580, 3.3333E-02, 6.0000E+00, 6.6667E-02,
16:47:27.36931585,-3.3333E-02, 6.0000E+00, 6.6667E-02,
16:47:27.36931590, 3.3333E-02, 6.0400E+00, 1.3333E-01,
16:47:27.36931595, 0.0000E+00, 6.0000E+00, 2.0000E-01,
16:47:27.36931600, 3.3333E-02, 6.0400E+00, 1.3333E-01,
16:47:27.36931605, 0.0000E+00, 5.9867E+00,-6.6667E-02,
16:47:27.36931610, 3.3333E-02, 6.0000E+00, 1.3333E-01,
16:47:27.36931615,-3.3333E-02, 6.0133E+00, 6.6667E-02,
16:47:27.36931620, 6.6667E-02, 6.0000E+00, 0.0000E+00,
16:47:27.36931625,-3.3333E-02, 6.0267E+00, 2.0000E-01,
16:47:27.36931630, 0.0000E+00, 6.0000E+00, 6.6667E-02,
16:47:27.36931635,-3.3333E-02, 5.9867E+00, 2.0000E-01,
16:47:27.36931640, 3.3333E-02, 6.0000E+00, 1.3333E-01,
16:47:27.36931645, 3.3333E-02, 6.0133E+00, 1.3333E-01,
16:47:27.36931650, 6.6667E-02, 6.0000E+00,-6.6667E-02,
16:47:27.36931655,-3.3333E-02, 6.0133E+00, 6.6667E-02,
16:47:27.36931660, 3.3333E-02, 5.9867E+00, 2.0000E-01,
16:47:27.36931665, 3.3333E-02, 5.9867E+00, 0.0000E+00,
16:47:27.36931670, 0.0000E+00, 5.9867E+00,-6.6667E-02,
16:47:27.36931675, 6.6667E-02, 5.9733E+00, 2.0000E-01,
16:47:27.36931680, 0.0000E+00, 5.9867E+00, 2.6667E-01,
16:47:27.36931685, 1.0000E-01, 5.9867E+00, 2.6667E-01,
16:47:27.36931690, 3.3333E-02, 6.0000E+00, 6.6667E-02,
16:47:27.36931695, 6.6667E-02, 6.0000E+00, 1.3333E-01,
16:47:27.36931700, 0.0000E+00, 6.0000E+00, 1.3333E-01,
16:47:27.36931705, 0.0000E+00, 6.0133E+00, 1.3333E-01,
16:47:27.36931710, 3.3333E-02, 6.0133E+00,-6.6667E-02,
16:47:27.36931715,-3.3333E-02, 6.0133E+00, 2.0000E-01,
16:47:27.36931720, 3.3333E-02, 6.0000E+00, 2.0000E-01,
16:47:27.36931725, 0.0000E+00, 6.0133E+00, 2.0000E-01,
16:47:27.36931730, 3.3333E-02, 6.0267E+00, 2.0000E-01,
16:47:27.36931735, 3.3333E-02, 6.0000E+00, 1.3333E-01,
16:47:27.36931740, 0.0000E+00, 6.0000E+00, 3.3333E-01,
16:47:27.36931745, 3.3333E-02, 6.0267E+00, 1.3333E-01,
16:47:27.36931750, 3.3333E-02, 6.0133E+00, 0.0000E+00,
16:47:27.36931755,-6.6667E-02, 6.0000E+00, 1.3333E-01,
16:47:27.36931760,-6.6667E-02, 6.0000E+00, 1.3333E-01,
16:47:27.36931765,-1.0000E-01, 6.0000E+00, 6.6667E-02,
16:47:27.36931770, 3.3333E-02, 6.0267E+00, 2.0000E-01,
16:47:27.36931775, 1.0000E-01, 6.0267E+00, 2.0000E-01,
16:47:27.36931780, 0.0000E+00, 6.0000E+00, 3.3333E-01,
16:47:27.36931785,-3.3333E-02, 6.0267E+00, 0.0000E+00,
16:47:27.36931790, 3.3333E-02, 5.9867E+00, 1.3333E-01,
16:47:27.36931795, 0.0000E+00, 6.0000E+00, 2.0000E-01,
16:47:27.36931800, 0.0000E+00, 6.0000E+00, 0.0000E+00,
16:47:27.36931805, 3.3333E-02, 6.0000E+00, 2.0000E-01,
16:47:27.36931810,-3.3333E-02, 6.0133E+00, 0.0000E+00,
16:47:27.36931815, 0.0000E+00, 6.0133E+00,-6.6667E-02,
16:47:27.36931820, 3.3333E-02, 6.0133E+00,-6.6667E-02,
16:47:27.36931825, 0.0000E+00, 6.0133E+00, 2.0000E-01,
16:47:27.36931830, 3.3333E-02, 6.0133E+00, 2.0000E-01,
16:47:27.36931835, 3.3333E-02, 6.0000E+00, 1.3333E-01,
16:47:27.36931840, 0.0000E+00, 6.0000E+00, 6.6667E-02,
16:47:27.36931845, 3.3333E-02, 5.9600E+00, 0.0000E+00,
16:47:27.36931850, 0.0000E+00, 6.0133E+00,-6.6667E-02,
16:47:27.36931855, 3.3333E-02, 5.9867E+00, 0.0000E+00,
16:47:27.36931860, 3.3333E-02, 6.0133E+00, 1.3333E-01,
16:47:27.36931865, 0.0000E+00, 5.9733E+00, 6.6667E-02,
16:47:27.36931870,-6.6667E-02, 5.9867E+00, 3.3333E-01,
16:47:27.36931875, 0.0000E+00, 6.0000E+00, 2.6667E-01,
16:47:27.36931880, 3.3333E-02, 6.0133E+00, 2.0000E-01,
16:47:27.36931885, 1.0000E-01, 6.0267E+00, 6.6667E-02,
16:47:27.36931890, 0.0000E+00, 5.9867E+00, 1.3333E-01,
16:47:27.36931895, 0.0000E+00, 6.0000E+00, 2.6667E-01,
16:47:27.36931900, 3.3333E-02, 5.9867E+00, 6.6667E-02,
16:47:27.36931905, 0.0000E+00, 5.9733E+00, 0.0000E+00,
16:47:27.36931910, 6.6667E-02, 6.0133E+00, 6.6667E-02,
16:47:27.36931915, 0.0000E+00, 6.0000E+00, 1.3333E-01,
16:47:27.36931920, 6.6667E-02, 5.9733E+00, 0.0000E+00,
16:47:27.36931925, 3.3333E-02, 5.9867E+00, 3.3333E-01,
16:47:27.36931930,-3.3333E-02, 5.9600E+00, 0.0000E+00,
16:47:27.36931935, 1.0000E-01, 6.0133E+00, 2.0000E-01,
16:47:27.36931940,-3.3333E-02, 5.9867E+00, 1.3333E-01,
16:47:27.36931945, 0.0000E+00, 6.0267E+00, 0.0000E+00,
16:47:27.36931950, 6.6667E-02, 6.0267E+00, 2.0000E-01,
16:47:27.36931955, 0.0000E+00, 6.0000E+00, 2.0000E-01,
16:47:27.36931960, 0.0000E+00, 6.0133E+00, 2.0000E-01,
16:47:27.36931965, 3.3333E-02, 6.0133E+00, 6.6667E-02,
16:47:27.36931970, 6.6667E-02, 6.0000E+00, 2.0000E-01,
16:47:27.36931975, 3.3333E-02, 6.0267E+00, 6.6667E-02,
16:47:27.36931980, 6.6667E-02, 6.0133E+00, 3.3333E-01,
16:47:27.36931985, 0.0000E+00, 6.0000E+00, 1.3333E-01,
16:47:27.36931990, 6.6667E-02, 6.0000E+00, 2.6667E-01,
16:47:27.36931995, 3.3333E-02, 6.0267E+00, 6.6667E-02,
16:47:27.36932000, 0.0000E+00, 6.0000E+00, 0.0000E+00,
16:47:27.36932005, 6.6667E-02, 6.0267E+00, 0.0000E+00,
16:47:27.36932010,-3.3333E-02, 5.9867E+00, 0.0000E+00,
16:47:27.36932015, 3.3333E-02, 6.0267E+00, 1.3333E-01,
16:47:27.36932020, 3.3333E-02, 6.0000E+00, 1.3333E-01,
16:47:27.36932025, 0.0000E+00, 6.0000E+00, 1.3333E-01,
16:47:27.36932030, 0.0000E+00, 6.0133E+00, 2.6667E-01,
16:47:27.36932035,-3.3333E-02, 6.0000E+00, 2.0000E-01,
16:47:27.36932040, 6.6667E-02, 6.0400E+00,-6.6667E-02,
16:47:27.36932045, 3.3333E-02, 5.9867E+00, 2.0000E-01,
16:47:27.36932050, 0.0000E+00, 6.0000E+00, 2.6667E-01,
16:47:27.36932055, 6.6667E-02, 5.9867E+00, 2.6667E-01,
16:47:27.36932060,-3.3333E-02, 5.9733E+00, 1.3333E-01,
16:47:27.36932065, 0.0000E+00, 6.0133E+00, 2.6667E-01,
16:47:27.36932070, 0.0000E+00, 6.0133E+00, 1.3333E-01,
16:47:27.36932075, 6.6667E-02, 5.9867E+00, 1.3333E-01,
16:47:27.36932080,-3.3333E-02, 5.9867E+00, 2.6667E-01,
16:47:27.36932085, 3.3333E-02, 5.9867E+00, 2.0000E-01,
16:47:27.36932090, 0.0000E+00, 6.0000E+00, 1.3333E-01,
16:47:27.36932095, 6.6667E-02, 6.0267E+00, 0.0000E+00,
16:47:27.36932100, 6.6667E-02, 5.9733E+00, 1.3333E-01,
16:47:27.36932105, 3.3333E-02, 6.0000E+00, 2.0000E-01,
16:47:27.36932110, 6.6667E-02, 6.0267E+00, 1.3333E-01,
16:47:27.36932115, 3.3333E-02, 6.0133E+00, 2.0000E-01,
16:47:27.36932120,-6.6667E-02, 6.0000E+00, 6.6667E-02,
16:47:27.36932125, 3.3333E-02, 6.0267E+00, 6.6667E-02,
16:47:27.36932130, 0.0000E+00, 5.9867E+00, 6.6667E-02,
16:47:27.36932135, 0.0000E+00, 6.0133E+00,-1.3333E-01,
16:47:27.36932140,-6.6667E-02, 6.0133E+00, 2.0000E-01,
16:47:27.36932145, 0.0000E+00, 6.0267E+00, 1.3333E-01,
16:47:27.36932150, 6.6667E-02, 6.0000E+00, 2.0000E-01,
16:47:27.36932155, 0.0000E+00, 5.9867E+00, 3.3333E-01,
16:47:27.36932160, 0.0000E+00, 5.9867E+00, 2.0000E-01,
16:47:27.36932165, 0.0000E+00, 6.0000E+00, 2.0000E-01,
16:47:27.36932170, 3.3333E-02, 5.9867E+00, 1.3333E-01,
16:47:27.36932175, 0.0000E+00, 5.9733E+00, 2.6667E-01,
16:47:27.36932180, 3.3333E-02, 6.0000E+00, 6.6667E-02,
16:47:27.36932185, 0.0000E+00, 6.0000E+00, 2.0000E-01,
16:47:27.36932190,-6.6667E-02, 5.9867E+00, 1.3333E-01,
16:47:27.36932195, 0.0000E+00, 6.0000E+00, 0.0000E+00,
16:47:27.36932200, 3.3333E-02, 6.0133E+00, 1.3333E-01,
16:47:27.36932205, 6.6667E-02, 6.0400E+00, 1.3333E-01,
16:47:27.36932210,-3.3333E-02, 5.9867E+00, 0.0000E+00,
16:47:27.36932215, 1.0000E-01, 6.0000E+00, 3.3333E-01,
16:47:27.36932220,-3.3333E-02, 6.0533E+00, 3.3333E-01,
16:47:27.36932225,-3.3333E-02, 6.0000E+00, 3.3333E-01,
16:47:27.36932230, 0.0000E+00, 6.0267E+00, 1.3333E-01,
16:47:27.36932235, 3.3333E-02, 6.0133E+00,-2.0000E-01,
16:47:27.36932240,-3.3333E-02, 6.0133E+00, 6.6667E-02,
16:47:27.36932245, 0.0000E+00, 6.0000E+00, 1.3333E-01,
16:47:27.36932250,-6.6667E-02, 5.9867E+00,-1.3333E-01,
16:47:27.36932255, 1.0000E-01, 6.0400E+00, 2.0000E-01,
16:47:27.36932260, 0.0000E+00, 6.0133E+00, 3.3333E-01,
16:47:27.36932265, 3.3333E-02, 6.0267E+00, 2.6667E-01,
16:47:27.36932270, 6.6667E-02, 6.0133E+00, 2.0000E-01,
16:47:27.36932275, 0.0000E+00, 5.9867E+00, 3.3333E-01,
16:47:27.36932280, 0.0000E+00, 6.0000E+00, 2.6667E-01,
16:47:27.36932285,-3.3333E-02, 5.9867E+00,-6.6667E-02,
16:47:27.36932290, 3.3333E-02, 6.0133E+00, 0.0000E+00,
16:47:27.36932295, 0.0000E+00, 6.0133E+00, 6.6667E-02,
16:47:27.36932300, 0.0000E+00, 5.9867E+00, 2.0000E-01,
16:47:27.36932305, 3.3333E-02, 6.0000E+00, 2.0000E-01,
16:47:27.36932310, 1.3333E-01, 5.9867E+00,-6.6667E-02,
16:47:27.36932315, 0.0000E+00, 5.9733E+00, 2.0000E-01,
16:47:27.36932320, 0.0000E+00, 6.0000E+00, 1.3333E-01,
16:47:27.36932325, 3.3333E-02, 5.9867E+00, 6.6667E-02,
16:47:27.36932330,-6.6667E-02, 5.9600E+00, 6.6667E-02,
16:47:27.36932335, 3.3333E-02, 5.9867E+00,-2.6667E-01,
16:47:27.36932340,-3.3333E-02, 6.0133E+00, 1.3333E-01,
16:47:27.36932345, 0.0000E+00, 6.0267E+00, 1.3333E-01,
16:47:27.36932350,-6.6667E-02, 6.0267E+00, 4.0000E-01,
16:47:27.36932355, 0.0000E+00, 6.0267E+00, 2.0000E-01,
16:47:27.36932360, 6.6667E-02, 6.0000E+00, 1.3333E-01,
16:47:27.36932365,-3.3333E-02, 5.9867E+00, 2.6667E-01,
16:47:27.36932370, 0.0000E+00, 6.0267E+00, 2.6667E-01,
16:47:27.36932375, 3.3333E-02, 6.0000E+00, 2.0000E-01,
16:47:27.36932380,-3.3333E-02, 5.9733E+00, 6.6667E-02,
16:47:27.36932385, 3.3333E-02, 6.0133E+00, 2.0000E-01,
16:47:27.36932390, 0.0000E+00, 6.0000E+00,-2.0000E-01,
16:47:27.36932395, 3.3333E-02, 6.0267E+00, 2.0000E-01,
16:47:27.36932400, 3.3333E-02, 6.0000E+00, 6.6667E-02,
16:47:27.36932405,-6.6667E-02, 6.0267E+00, 0.0000E+00,
16:47:27.36932410, 0.0000E+00, 6.0267E+00, 1.3333E-01,
16:47:27.36932415, 3.3333E-02, 6.0000E+00, 2.0000E-01,
16:47:27.36932420, 3.3333E-02, 6.0267E+00, 2.6667E-01,
16:47:27.36932425, 0.0000E+00, 6.0133E+00, 1.3333E-01,
16:47:27.36932430, 3.3333E-02, 6.0267E+00, 2.0000E-01,
16:47:27.36932435, 0.0000E+00, 5.9867E+00, 6.6667E-02,
16:47:27.36932440, 0.0000E+00, 6.0000E+00, 6.6667E-02,
16:47:27.36932445, 3.3333E-02, 5.9867E+00, 2.6667E-01,
16:47:27.36932450, 3.3333E-02, 6.0133E+00, 2.0000E-01,
16:47:27.36932455, 3.3333E-02, 6.0000E+00, 2.0000E-01,
16:47:27.36932460, 3.3333E-02, 5.9867E+00, 6.6667E-02,
16:47:27.36932465, 0.0000E+00, 6.0000E+00, 2.0000E-01,
16:47:27.36932470, 3.3333E-02, 6.0000E+00, 2.6667E-01,
16:47:27.36932475, 6.6667E-02, 5.9867E+00,-6.6667E-02,
16:47:27.36932480, 0.0000E+00, 6.0267E+00, 2.0000E-01,
16:47:27.36932485, 3.3333E-02, 6.0133E+00,-1.3333E-01,
16:47:27.36932490, 3.3333E-02, 5.9733E+00, 1.3333E-01,
16:47:27.36932495, 3.3333E-02, 5.9733E+00, 1.3333E-01,
16:47:27.36932500, 6.6667E-02, 5.9867E+00, 2.0000E-01,
16:47:27.36932505, 3.3333E-02, 5.9867E+00, 1.3333E-01,
16:47:27.36932510, 6.6667E-02, 5.9867E+00, 2.0000E-01,
16:47:27.36932515, 3.3333E-02, 5.9733E+00, 2.6667E-01,
16:47:27.36932520, 3.3333E-02, 6.0000E+00, 2.6667E-01,
16:47:27.36932525, 3.3333E-02, 6.0133E+00, 6.6667E-02,
16:47:27.36932530, 3.3333E-02, 5.9733E+00, 1.3333E-01,
16:47:27.36932535, 0.0000E+00, 6.0000E+00, 2.0000E-01,
16:47:27.36932540, 3.3333E-02, 6.0000E+00, 2.0000E-01,
16:47:27.36932545, 1.0000E-01, 6.0000E+00, 2.0000E-01,
16:47:27.36932550, 6.6667E-02, 6.0000E+00, 6.6667E-02,
16:47:27.36932555, 3.3333E-02, 5.9867E+00, 6.6667E-02,
16:47:27.36932560, 0.0000E+00, 6.0000E+00, 2.0000E-01,
16:47:27.36932565, 0.0000E+00, 6.0267E+00, 3.3333E-01,
16:47:27.36932570, 0.0000E+00, 6.0000E+00, 1.3333E-01,
16:47:27.36932575, 0.0000E+00, 6.0000E+00, 6.6667E-02,
16:47:27.36932580, 0.0000E+00, 5.9867E+00, 1.3333E-01,
16:47:27.36932585,-3.3333E-02, 5.9733E+00, 1.3333E-01,
16:47:27.36932590, 3.3333E-02, 5.9867E+00, 2.0000E-01,
16:47:27.36932595,-6.6667E-02, 6.0133E+00, 1.3333E-01,
16:47:27.36932600, 6.6667E-02, 6.0400E+00, 6.6667E-02,
16:47:27.36932605,-6.6667E-02, 5.9867E+00, 1.3333E-01,
16:47:27.36932610, 0.0000E+00, 6.0000E+00, 1.3333E-01,
16:47:27.36932615, 3.3333E-02, 6.0400E+00, 2.0000E-01,
16:47:27.36932620, 0.0000E+00, 6.0000E+00, 6.6667E-02,
16:47:27.36932625, 0.0000E+00, 6.0133E+00, 6.6667E-02,
16:47:27.36932630, 0.0000E+00, 6.0267E+00, 1.3333E-01,
16:47:27.36932635,-6.6667E-02, 6.0000E+00, 0.0000E+00,
16:47:27.36932640, 0.0000E+00, 6.0267E+00, 6.6667E-02,
16:47:27.36932645, 3.3333E-02, 6.0133E+00, 0.0000E+00,
16:47:27.36932650, 0.0000E+00, 6.0000E+00, 2.0000E-01,
16:47:27.36932655, 0.0000E+00, 6.0133E+00, 1.3333E-01,
16:47:27.36932660,-3.3333E-02, 6.0267E+00, 2.0000E-01,
16:47:27.36932665,-6.6667E-02, 6.0000E+00, 2.0000E-01,
16:47:27.36932670, 3.3333E-02, 5.9867E+00, 2.6667E-01,
16:47:27.36932675,-3.3333E-02, 6.0267E+00, 1.3333E-01,
16:47:27.36932680,-3.3333E-02, 6.0267E+00, 1.3333E-01,
16:47:27.36932685, 3.3333E-02, 6.0000E+00, 1.3333E-01,
16:47:27.36932690, 3.3333E-02, 6.0133E+00, 2.0000E-01,
16:47:27.36932695,-3.3333E-02, 5.9867E+00, 2.0000E-01,
16:47:27.36932700, 3.3333E-02, 5.9867E+00, 1.3333E-01,
16:47:27.36932705, 0.0000E+00, 6.0133E+00, 3.3333E-01,
16:47:27.36932710, 3.3333E-02, 6.0267E+00, 2.0000E-01,
16:47:27.36932715, 0.0000E+00, 5.9733E+00, 2.6667E-01,
16:47:27.36932720, 3.3333E-02, 5.9867E+00, 2.0000E-01,
16:47:27.36932725, 6.6667E-02, 5.9733E+00, 6.6667E-02,
16:47:27.36932730,-6.6667E-02, 6.0000E+00, 2.6667E-01,
16:47:27.36932735,-3.3333E-02, 5.9867E+00, 6.6667E-02,
16:47:27.36932740, 0.0000E+00, 6.0000E+00, 3.3333E-01,
16:47:27.36932745,-6.6667E-02, 6.0133E+00, 2.6667E-01,
16:47:27.36932750, 6.6667E-02, 6.0133E+00, 3.3333E-01,
16:47:27.36932755, 1.3333E-01, 5.9867E+00, 2.0000E-01,
16:47:27.36932760, 3.3333E-02, 5.9733E+00, 1.3333E-01,
16:47:27.36932765,-6.6667E-02, 6.0000E+00, 2.0000E-01,
16:47:27.36932770,-3.3333E-02, 6.0133E+00, 2.6667E-01,
16:47:27.36932775, 0.0000E+00, 6.0133E+00, 1.3333E-01,
16:47:27.36932780, 3.3333E-02, 6.0133E+00, 0.0000E+00,
16:47:27.36932785, 3.3333E-02, 6.0000E+00, 0.0000E+00,
16:47:27.36932790, 1.0000E-01, 6.0133E+00, 0.0000E+00,
16:47:27.36932795, 0.0000E+00, 5.9867E+00, 0.0000E+00,
16:47:27.36932800, 1.0000E-01, 6.0000E+00, 6.6667E-02,
16:47:27.36932805, 6.6667E-02, 5.9867E+00, 6.6667E-02,
16:47:27.36932810, 3.3333E-02, 6.0133E+00,-6.6667E-02,
16:47:27.36932815, 3.3333E-02, 6.0000E+00, 1.3333E-01,
16:47:27.36932820, 0.0000E+00, 6.0267E+00, 6.6667E-02,
16:47:27.36932825, 3.3333E-02, 6.0267E+00, 0.0000E+00,
16:47:27.36932830, 0.0000E+00, 5.9867E+00, 3.3333E-01,
16:47:27.36932835, 6.6667E-02, 6.0133E+00,-6.6667E-02,
16:47:27.36932840, 3.3333E-02, 6.0267E+00, 6.6667E-02,
16:47:27.36932845, 0.0000E+00, 6.0133E+00, 6.6667E-02,
16:47:27.36932850, 3.3333E-02, 6.0267E+00, 2.6667E-01,
16:47:27.36932855, 0.0000E+00, 5.9867E+00, 2.6667E-01,
16:47:27.36932860,-3.3333E-02, 6.0000E+00, 0.0000E+00,
16:47:27.36932865, 0.0000E+00, 6.0267E+00, 2.0000E-01,
16:47:27.36932870,-3.3333E-02, 5.9867E+00, 1.3333E-01,
16:47:27.36932875,-3.3333E-02, 6.0133E+00, 1.3333E-01,
16:47:27.36932880, 3.3333E-02, 6.0000E+00, 0.0000E+00,
16:47:27.36932885,-3.3333E-02, 6.0000E+00, 2.0000E-01,
16:47:27.36932890, 6.6667E-02, 6.0133E+00, 6.6667E-02,
16:47:27.36932895, 3.3333E-02, 5.9733E+00, 2.6667E-01,
16:47:27.36932900,-3.3333E-02, 6.0000E+00, 2.6667E-01,
16:47:27.36932905, 0.0000E+00, 6.0133E+00, 6.6667E-02,
16:47:27.36932910, 3.3333E-02, 6.0400E+00, 3.3333E-01,
16:47:27.36932915,-3.3333E-02, 5.9867E+00, 6.6667E-02,
16:47:27.36932920, 1.0000E-01, 5.9733E+00, 6.6667E-02,
16:47:27.36932925, 3.3333E-02, 6.0000E+00, 0.0000E+00,
16:47:27.36932930, 3.3333E-02, 5.9867E+00, 2.6667E-01,
16:47:27.36932935, 6.6667E-02, 5.9867E+00, 0.0000E+00,
16:47:27.36932940, 3.3333E-02, 6.0000E+00, 3.3333E-01,
16:47:27.36932945, 0.0000E+00, 6.0133E+00, 2.6667E-01,
16:47:27.36932950, 3.3333E-02, 5.9867E+00, 2.6667E-01,
16:47:27.36932955, 3.3333E-02, 6.0000E+00, 2.0000E-01,
16:47:27.36932960,-3.3333E-02, 6.0267E+00,-1.3333E-01,
16:47:27.36932965, 0.0000E+00, 6.0267E+00, 1.3333E-01,
16:47:27.36932970, 3.3333E-02, 6.0000E+00, 0.0000E+00,
16:47:27.36932975,-3.3333E-02, 6.0000E+00, 3.3333E-01,
16:47:27.36932980, 6.6667E-02, 6.0000E+00, 2.0000E-01,
16:47:27.36932985, 3.3333E-02, 5.9867E+00, 3.3333E-01,
16:47:27.36932990, 3.3333E-02, 5.9733E+00, 2.0000E-01,
16:47:27.36932995, 3.3333E-02, 5.9733E+00, 6.6667E-02,
16:47:27.36933000, 6.6667E-02, 6.0000E+00, 3.3333E-01,
16:47:27.36933005, 0.0000E+00, 6.0267E+00, 2.0000E-01,
16:47:27.36933010, 0.0000E+00, 5.9867E+00, 3.3333E-01,
16:47:27.36933015, 6.6667E-02, 6.0000E+00, 6.6667E-02,
16:47:27.36933020, 3.3333E-02, 6.0133E+00, 6.6667E-02,
16:47:27.36933025, 3.3333E-02, 5.9867E+00, 2.0000E-01,
16:47:27.36933030, 0.0000E+00, 6.0133E+00, 1.3333E-01,
16:47:27.36933035, 3.3333E-02, 5.9733E+00, 0.0000E+00,
16:47:27.36933040, 0.0000E+00, 6.0267E+00, 0.0000E+00,
16:47:27.36933045, 6.6667E-02, 6.0000E+00, 2.0000E-01,
16:47:27.36933050,-1.0000E-01, 6.0267E+00, 1.3333E-01,
16:47:27.36933055,-3.3333E-02, 6.0267E+00, 1.3333E-01,
16:47:27.36933060, 0.0000E+00, 6.0133E+00, 2.0000E-01,
16:47:27.36933065, 0.0000E+00, 6.0267E+00,-6.6667E-02,
16:47:27.36933070, 0.0000E+00, 5.9867E+00, 1.3333E-01,
16:47:27.36933075, 3.3333E-02, 5.9867E+00, 6.6667E-02,
16:47:27.36933080, 3.3333E-02, 6.0000E+00, 6.6667E-02,
16:47:27.36933085,-3.3333E-02, 6.0000E+00, 6.6667E-02,
16:47:27.36933090, 3.3333E-02, 6.0133E+00, 1.3333E-01,
16:47:27.36933095, 3.3333E-02, 6.0267E+00, 2.0000E-01,
16:47:27.36933100, 3.3333E-02, 6.0133E+00, 1.3333E-01,
16:47:27.36933105, 0.0000E+00, 5.9867E+00, 2.0000E-01,
16:47:27.36933110, 3.3333E-02, 5.9733E+00, 1.3333E-01,
16:47:27.36933115,-3.3333E-02, 6.0267E+00, 0.0000E+00,
16:47:27.36933120, 0.0000E+00, 6.0000E+00, 6.6667E-02,
16:47:27.36933125, 0.0000E+00, 5.9867E+00, 1.3333E-01,
16:47:27.36933130, 6.6667E-02, 5.9867E+00, 1.3333E-01,
16:47:27.36933135, 6.6667E-02, 5.9867E+00, 3.3333E-01,
16:47:27.36933140, 3.3333E-02, 6.0400E+00, 2.0000E-01,
16:47:27.36933145, 6.6667E-02, 6.0133E+00, 6.6667E-02,
16:47:27.36933150, 6.6667E-02, 6.0133E+00, 0.0000E+00,
16:47:27.36933155, 0.0000E+00, 6.0133E+00, 1.3333E-01,
16:47:27.36933160, 0.0000E+00, 5.9733E+00, 2.0000E-01,
16:47:27.36933165, 3.3333E-02, 6.0000E+00, 0.0000E+00,
16:47:27.36933170, 6.6667E-02, 5.9733E+00, 1.3333E-01,
16:47:27.36933175, 1.0000E-01, 6.0267E+00, 6.6667E-02,
16:47:27.36933180,-3.3333E-02, 6.0133E+00, 2.0000E-01,
16:47:27.36933185, 6.6667E-02, 5.9733E+00, 6.6667E-02,
16:47:27.36933190,-3.3333E-02, 6.0000E+00, 2.6667E-01,
16:47:27.36933195, 3.3333E-02, 5.9867E+00, 1.3333E-01,
16:47:27.36933200, 0.0000E+00, 6.0000E+00, 2.6667E-01,
16:47:27.36933205, 1.0000E-01, 6.0000E+00, 2.0000E-01,
16:47:27.36933210, 1.3333E-01, 5.9867E+00, 6.6667E-02,
16:47:27.36933215, 0.0000E+00, 6.0000E+00, 6.6667E-02,
16:47:27.36933220, 3.3333E-02, 6.0000E+00, 6.6667E-02,
16:47:27.36933225, 3.3333E-02, 6.0000E+00, 2.0000E-01,
16:47:27.36933230, 3.3333E-02, 6.0000E+00, 0.0000E+00,
16:47:27.36933235, 3.3333E-02, 6.0000E+00, 2.0000E-01,
16:47:27.36933240, 0.0000E+00, 6.0000E+00, 2.0000E-01,
16:47:27.36933245, 3.3333E-02, 6.0133E+00, 6.6667E-02,
16:47:27.36933250, 3.3333E-02, 6.0133E+00, 6.6667E-02,
16:47:27.36933255, 0.0000E+00, 6.0000E+00,-6.6667E-02,
16:47:27.36933260, 0.0000E+00, 6.0000E+00, 2.0000E-01,
16:47:27.36933265,-6.6667E-02, 6.0000E+00, 6.6667E-02,
16:47:27.36933270, 3.3333E-02, 6.0400E+00, 6.6667E-02,
16:47:27.36933275, 3.3333E-02, 5.9867E+00, 6.6667E-02,
16:47:27.36933280, 0.0000E+00, 6.0000E+00,-6.6667E-02,
16:47:27.36933285, 6.6667E-02, 5.9867E+00, 1.3333E-01,
16:47:27.36933290, 3.3333E-02, 6.0000E+00, 0.0000E+00,
16:47:27.36933295, 0.0000E+00, 5.9733E+00, 1.3333E-01,
16:47:27.36933300, 3.3333E-02, 6.0000E+00, 1.3333E-01,
16:47:27.36933305, 3.3333E-02, 5.9867E+00, 6.6667E-02,
16:47:27.36933310,-3.3333E-02, 6.0000E+00, 6.6667E-02,
16:47:27.36933315, 3.3333E-02, 6.0000E+00, 1.3333E-01,
16:47:27.36933320, 1.0000E-01, 5.9867E+00, 3.3333E-01,
16:47:27.36933325,-6.6667E-02, 6.0000E+00, 1.3333E-01,
16:47:27.36933330, 6.6667E-02, 6.0133E+00, 2.6667E-01,
16:47:27.36933335,-6.6667E-02, 5.9733E+00, 2.0000E-01,
16:47:27.36933340, 0.0000E+00, 6.0000E+00, 1.3333E-01,
16:47:27.36933345,-3.3333E-02, 6.0000E+00, 0.0000E+00,
16:47:27.36933350, 3.3333E-02, 6.0000E+00, 1.3333E-01,
16:47:27.36933355, 0.0000E+00, 5.9867E+00, 0.0000E+00,
16:47:27.36933360, 0.0000E+00, 6.0000E+00, 1.3333E-01,
16:47:27.36933365, 0.0000E+00, 5.9867E+00, 6.6667E-02,
16:47:27.36933370, 3.3333E-02, 6.0000E+00, 0.0000E+00,
16:47:27.36933375,-3.3333E-02, 6.0133E+00, 2.0000E-01,
16:47:27.36933380,-3.3333E-02, 5.9867E+00, 2.0000E-01,
16:47:27.36933385,-6.6667E-02, 6.0000E+00, 1.3333E-01,
16:47:27.36933390,-3.3333E-02, 6.0133E+00, 2.6667E-01,
16:47:27.36933395, 3.3333E-02, 5.9867E+00, 2.0000E-01,
16:47:27.36933400, 6.6667E-02, 5.9867E+00, 1.3333E-01,
16:47:27.36933405, 3.3333E-02, 6.0000E+00, 2.0000E-01,
16:47:27.36933410, 1.0000E-01, 5.9733E+00, 1.3333E-01,
16:47:27.36933415, 3.3333E-02, 6.0133E+00, 0.0000E+00,
16:47:27.36933420,-3.3333E-02, 6.0133E+00, 1.3333E-01,
16:47:27.36933425, 0.0000E+00, 6.0400E+00, 6.6667E-02,
16:47:27.36933430,-3.3333E-02, 6.0133E+00, 2.6667E-01,
16:47:27.36933435, 0.0000E+00, 6.0000E+00, 2.6667E-01,
16:47:27.36933440, 0.0000E+00, 5.9867E+00, 2.0000E-01,
16:47:27.36933445, 0.0000E+00, 5.9733E+00, 3.3333E-01,
16:47:27.36933450, 0.0000E+00, 6.0133E+00, 0.0000E+00,
16:47:27.36933455, 3.3333E-02, 6.0000E+00, 0.0000E+00,
16:47:27.36933460, 6.6667E-02, 6.0267E+00, 0.0000E+00,
16:47:27.36933465, 3.3333E-02, 6.0267E+00, 1.3333E-01,
16:47:27.36933470, 3.3333E-02, 6.0133E+00, 2.6667E-01,
16:47:27.36933475, 0.0000E+00, 6.0000E+00, 0.0000E+00,
16:47:27.36933480,-1.3333E-01, 5.9867E+00, 2.6667E-01,
16:47:27.36933485, 0.0000E+00, 6.0000E+00, 2.0000E-01,
16:47:27.36933490,-3.3333E-02, 5.9867E+00, 6.6667E-02,
16:47:27.36933495, 0.0000E+00, 6.0267E+00, 1.3333E-01,
16:47:27.36933500, 0.0000E+00, 6.0133E+00, 3.3333E-01,
16:47:27.36933505, 3.3333E-02, 5.9733E+00, 6.6667E-02,
16:47:27.36933510, 6.6667E-02, 6.0000E+00,-6.6667E-02,
16:47:27.36933515, 0.0000E+00, 6.0267E+00, 6.6667E-02,
16:47:27.36933520, 6.6667E-02, 6.0000E+00, 0.0000E+00,
16:47:27.36933525,-6.6667E-02, 6.0000E+00, 1.3333E-01,
16:47:27.36933530, 0.0000E+00, 6.0267E+00, 6.6667E-02,
16:47:27.36933535, 3.3333E-02, 6.0000E+00, 1.3333E-01,
16:47:27.36933540, 0.0000E+00, 6.0000E+00, 1.3333E-01,
16:47:27.36933545, 0.0000E+00, 5.9867E+00,-2.0000E-01,
16:47:27.36933550, 3.3333E-02, 6.0000E+00, 2.6667E-01,
16:47:27.36933555, 1.0000E-01, 6.0000E+00,-6.6667E-02,
16:47:27.36933560, 3.3333E-02, 6.0000E+00, 3.3333E-01,
16:47:27.36933565, 6.6667E-02, 5.9733E+00, 2.0000E-01,
16:47:27.36933570, 6.6667E-02, 6.0000E+00, 0.0000E+00,
16:47:27.36933575,-3.3333E-02, 6.0133E+00, 2.0000E-01,
16:47:27.36933580,-3.3333E-02, 6.0000E+00, 2.0000E-01,
16:47:27.36933585, 6.6667E-02, 6.0133E+00, 2.6667E-01,
16:47:27.36933590, 6.6667E-02, 6.0133E+00, 6.6667E-02,
16:47:27.36933595, 0.0000E+00, 6.0133E+00, 1.3333E-01,
16:47:27.36933600,-6.6667E-02, 6.0400E+00, 6.6667E-02,
16:47:27.36933605, 0.0000E+00, 5.9733E+00, 1.3333E-01,
16:47:27.36933610, 3.3333E-02, 6.0000E+00, 2.0000E-01,
16:47:27.36933615, 3.3333E-02, 5.9867E+00, 1.3333E-01,
16:47:27.36933620, 6.6667E-02, 5.9867E+00, 0.0000E+00,
16:47:27.36933625,-3.3333E-02, 5.9867E+00, 2.0000E-01,
16:47:27.36933630, 0.0000E+00, 6.0000E+00, 1.3333E-01,
16:47:27.36933635, 0.0000E+00, 5.9733E+00, 2.0000E-01,
16:47:27.36933640, 1.0000E-01, 6.0000E+00, 2.6667E-01,
16:47:27.36933645, 3.3333E-02, 6.0000E+00, 3.3333E-01,
16:47:27.36933650, 1.0000E-01, 5.9867E+00, 0.0000E+00,
16:47:27.36933655, 6.6667E-02, 6.0267E+00, 0.0000E+00,
16:47:27.36933660, 6.6667E-02, 6.0133E+00, 1.3333E-01,
16:47:27.36933665,-1.0000E-01, 6.0267E+00, 2.6667E-01,
16:47:27.36933670, 3.3333E-02, 6.0000E+00, 2.0000E-01,
16:47:27.36933675,-3.3333E-02, 6.0133E+00, 2.6667E-01,
16:47:27.36933680, 0.0000E+00, 6.0133E+00, 0.0000E+00,
16:47:27.36933685, 0.0000E+00, 6.0133E+00, 2.0000E-01,
16:47:27.36933690,-6.6667E-02, 6.0133E+00, 6.6667E-02,
16:47:27.36933695, 3.3333E-02, 6.0000E+00, 0.0000E+00,
16:47:27.36933700, 6.6667E-02, 6.0000E+00, 1.3333E-01,
16:47:27.36933705, 6.6667E-02, 6.0133E+00, 1.3333E-01,
16:47:27.36933710, 0.0000E+00, 6.0133E+00, 1.3333E-01,
16:47:27.36933715, 6.6667E-02, 6.0400E+00, 2.0000E-01,
16:47:27.36933720,-3.3333E-02, 6.0000E+00, 3.3333E-01,
16:47:27.36933725, 3.3333E-02, 6.0000E+00, 2.6667E-01,
16:47:27.36933730, 3.3333E-02, 6.0000E+00, 0.0000E+00,
16:47:27.36933735,-3.3333E-02, 6.0133E+00, 3.3333E-01,
16:47:27.36933740, 0.0000E+00, 6.0133E+00, 2.0000E-01,
16:47:27.36933745, 3.3333E-02, 5.9867E+00, 6.6667E-02,
16:47:27.36933750, 3.3333E-02, 6.0000E+00, 0.0000E+00,
16:47:27.36933755, 0.0000E+00, 6.0000E+00, 0.0000E+00,
16:47:27.36933760, 0.0000E+00, 5.9600E+00, 1.3333E-01,
16:47:27.36933765, 3.3333E-02, 6.0267E+00, 1.3333E-01,
16:47:27.36933770, 0.0000E+00, 5.9733E+00, 2.6667E-01,
16:47:27.36933775, 0.0000E+00, 6.0133E+00, 6.6667E-02,
16:47:27.36933780,-6.6667E-02, 5.9867E+00, 1.3333E-01,
16:47:27.36933785, 3.3333E-02, 6.0000E+00, 6.6667E-02,
16:47:27.36933790, 3.3333E-02, 6.0000E+00, 6.6667E-02,
16:47:27.36933795, 3.3333E-02, 5.9867E+00, 2.0000E-01,
16:47:27.36933800, 3.3333E-02, 5.9733E+00, 1.3333E-01,
16:47:27.36933805,-3.3333E-02, 5.9867E+00, 0.0000E+00,
16:47:27.36933810, 3.3333E-02, 6.0000E+00, 2.6667E-01,
16:47:27.36933815, 0.0000E+00, 6.0000E+00, 2.0000E-01,
16:47:27.36933820, 0.0000E+00, 5.9867E+00, 2.0000E-01,
16:47:27.36933825,-3.3333E-02, 5.9867E+00,-6.6667E-02,
16:47:27.36933830, 0.0000E+00, 6.0000E+00, 2.0000E-01,
16:47:27.36933835, 0.0000E+00, 6.0000E+00, 1.3333E-01,
16:47:27.36933840, 3.3333E-02, 6.0267E+00, 6.6667E-02,
16:47:27.36933845, 6.6667E-02, 6.0000E+00, 2.0000E-01,
16:47:27.36933850, 3.3333E-02, 6.0133E+00, 1.3333E-01,
16:47:27.36933855, 6.6667E-02, 6.0267E+00,-6.6667E-02,
16:47:27.36933860, 0.0000E+00, 5.9733E+00, 2.6667E-01,
16:47:27.36933865,-6.6667E-02, 6.0000E+00, 2.6667E-01,
16:47:27.36933870, 0.0000E+00, 6.0267E+00, 2.6667E-01,
16:47:27.36933875,-3.3333E-02, 6.0133E+00, 2.0000E-01,
16:47:27.36933880, 6.6667E-02, 6.0267E+00, 6.6667E-02,
16:47:27.36933885, 3.3333E-02, 6.0133E+00, 2.0000E-01,
16:47:27.36933890, 3.3333E-02, 6.0000E+00, 0.0000E+00,
16:47:27.36933895, 6.6667E-02, 6.0267E+00, 6.6667E-02,
16:47:27.36933900, 3.3333E-02, 6.0000E+00, 1.3333E-01,
16:47:27.36933905, 3.3333E-02, 5.9867E+00, 6.6667E-02,
16:47:27.36933910, 0.0000E+00, 6.0133E+00, 2.0000E-01,
16:47:27.36933915, 0.0000E+00, 5.9867E+00, 3.3333E-01,
16:47:27.36933920,-6.6667E-02, 6.0000E+00, 2.6667E-01,
16:47:27.36933925, 6.6667E-02, 5.9867E+00, 1.3333E-01,
16:47:27.36933930, 6.6667E-02, 6.0400E+00,-6.6667E-02,
16:47:27.36933935, 6.6667E-02, 5.9733E+00, 2.0000E-01,
16:47:27.36933940, 3.3333E-02, 5.9867E+00, 1.3333E-01,
16:47:27.36933945, 6.6667E-02, 5.9867E+00, 2.0000E-01,
16:47:27.36933950, 3.3333E-02, 6.0267E+00, 1.3333E-01,
16:47:27.36933955, 0.0000E+00, 5.9867E+00, 2.6667E-01,
16:47:27.36933960, 0.0000E+00, 6.0000E+00, 1.3333E-01,
16:47:27.36933965, 0.0000E+00, 6.0000E+00, 0.0000E+00,
16:47:27.36933970, 6.6667E-02, 6.0000E+00, 1.3333E-01,
16:47:27.36933975,-6.6667E-02, 6.0133E+00, 3.3333E-01,
16:47:27.36933980, 3.3333E-02, 6.0000E+00, 3.3333E-01,
16:47:27.36933985, 3.3333E-02, 6.0000E+00, 6.6667E-02,
16:47:27.36933990, 3.3333E-02, 6.0000E+00, 6.6667E-02,
16:47:27.36933995, 3.3333E-02, 6.0133E+00, 6.6667E-02,
16:47:27.36934000, 0.0000E+00, 5.9733E+00, 6.6667E-02,
16:47:27.36934005, 0.0000E+00, 6.0000E+00,-6.6667E-02,
16:47:27.36934010, 3.3333E-02, 6.0400E+00, 2.6667E-01,
16:47:27.36934015,-3.3333E-02, 6.0000E+00, 1.3333E-01,
16:47:27.36934020, 6.6667E-02, 6.0133E+00, 2.0000E-01,
16:47:27.36934025, 0.0000E+00, 6.0000E+00, 2.6667E-01,
16:47:27.36934030, 3.3333E-02, 5.9733E+00, 1.3333E-01,
16:47:27.36934035,-3.3333E-02, 6.0000E+00, 1.3333E-01,
16:47:27.36934040, 0.0000E+00, 6.0000E+00, 1.3333E-01,
16:47:27.36934045, 0.0000E+00, 6.0133E+00, 2.0000E-01,
16:47:27.36934050, 0.0000E+00, 6.0133E+00, 1.3333E-01,
16:47:27.36934055,-3.3333E-02, 6.0133E+00, 2.0000E-01,
16:47:27.36934060, 3.3333E-02, 5.9867E+00, 0.0000E+00,
16:47:27.36934065, 0.0000E+00, 6.0000E+00, 2.6667E-01,
16:47:27.36934070, 6.6667E-02, 6.0133E+00, 2.0000E-01,
16:47:27.36934075, 3.3333E-02, 6.0267E+00, 2.6667E-01,
16:47:27.36934080, 3.3333E-02, 6.0000E+00, 0.0000E+00,
16:47:27.36934085, 3.3333E-02, 6.0000E+00, 2.0000E-01,
16:47:27.36934090, 0.0000E+00, 6.0267E+00,-6.6667E-02,
16:47:27.36934095,-6.6667E-02, 6.0000E+00, 6.6667E-02,
16:47:27.36934100, 0.0000E+00, 5.9867E+00, 6.6667E-02,
16:47:27.36934105, 0.0000E+00, 6.0133E+00, 2.6667E-01,
16:47:27.36934110, 3.3333E-02, 6.0000E+00, 2.0000E-01,
16:47:27.36934115, 6.6667E-02, 5.9867E+00, 1.3333E-01,
16:47:27.36934120, 0.0000E+00, 6.0000E+00, 3.3333E-01,
16:47:27.36934125, 0.0000E+00, 6.0000E+00, 2.6667E-01,
16:47:27.36934130, 3.3333E-02, 5.9867E+00, 0.0000E+00,
16:47:27.36934135, 0.0000E+00, 6.0133E+00, 1.3333E-01,
16:47:27.36934140, 1.0000E-01, 6.0267E+00, 1.3333E-01,
16:47:27.36934145, 0.0000E+00, 6.0267E+00, 0.0000E+00,
16:47:27.36934150, 6.6667E-02, 6.0000E+00, 1.3333E-01,
16:47:27.36934155,-3.3333E-02, 5.9867E+00,-6.6667E-02,
16:47:27.36934160, 3.3333E-02, 5.9600E+00, 2.6667E-01,
16:47:27.36934165, 0.0000E+00, 5.9733E+00, 2.0000E-01,
