"Header Size"           ,15              
"Model Name"            ,"DL850EV       "
"Comment"               ,"                         "
"BlockNumber"           ,1               
"TraceName"             ,"Vgate         ","Vds           ","Id            "
"BlockSize"             ,4004            ,4004            ,4004            
"VUnit"                 ,"V             ","V             ","A             "
"SampleRate"            ,20000000.000000 ,20000000.000000 ,20000000.000000 
"HResolution"           ,5.000000e-08    ,5.000000e-08    ,5.000000e-08    
"HOffset"               ,-2.000000e-05   ,-2.000000e-05   ,-2.000000e-05   
"HUnit"                 ,"s             ","s             ","s             "
"DisplayPointNo."       ,1               ,1               ,1               
"PhaseShift"            ,1               ,1               ,1               
"Date"                  ,"2026/04/16    ","2026/04/16    ","2026/04/16    "
"Time"                  ,"17:20:54.33346435","17:20:54.33346435","17:20:54.33346435"

17:20:54.33344435, 1.3333E-01, 5.0000E-01,-6.6667E-01,
17:20:54.33344440, 6.6667E-02, 5.3333E-01,-6.6667E-01,
17:20:54.33344445, 3.3333E-02, 5.0000E-01,-6.6667E-01,
17:20:54.33344450,-3.3333E-02, 5.0000E-01, 3.3333E-01,
17:20:54.33344455, 3.3333E-02, 5.0000E-01, 0.0000E+00,
17:20:54.33344460, 0.0000E+00, 5.3333E-01, 3.3333E-01,
17:20:54.33344465, 0.0000E+00, 5.0000E-01, 0.0000E+00,
17:20:54.33344470, 0.0000E+00, 5.3333E-01,-3.3333E-01,
17:20:54.33344475, 3.3333E-02, 4.6667E-01, 0.0000E+00,
17:20:54.33344480, 0.0000E+00, 4.6667E-01,-6.6667E-01,
17:20:54.33344485, 1.0000E-01, 5.0000E-01,-6.6667E-01,
17:20:54.33344490,-6.6667E-02, 5.0000E-01,-6.6667E-01,
17:20:54.33344495, 3.3333E-02, 5.3333E-01,-6.6667E-01,
17:20:54.33344500,-3.3333E-02, 4.6667E-01,-3.3333E-01,
17:20:54.33344505, 3.3333E-02, 5.0000E-01, 3.3333E-01,
17:20:54.33344510, 1.0000E-01, 5.0000E-01,-6.6667E-01,
17:20:54.33344515, 6.6667E-02, 5.0000E-01,-1.0000E+00,
17:20:54.33344520, 0.0000E+00, 5.0000E-01,-1.0000E+00,
17:20:54.33344525, 6.6667E-02, 5.0000E-01, 0.0000E+00,
17:20:54.33344530,-3.3333E-02, 5.0000E-01, 0.0000E+00,
17:20:54.33344535, 6.6667E-02, 6.3333E-01,-6.6667E-01,
17:20:54.33344540, 1.0000E-01, 5.3333E-01,-3.3333E-01,
17:20:54.33344545, 3.3333E-02, 5.0000E-01, 6.6667E-01,
17:20:54.33344550, 6.6667E-02, 4.3333E-01, 0.0000E+00,
17:20:54.33344555, 3.3333E-02, 4.3333E-01, 0.0000E+00,
17:20:54.33344560,-6.6667E-02, 4.6667E-01,-3.3333E-01,
17:20:54.33344565, 3.3333E-02, 5.0000E-01, 0.0000E+00,
17:20:54.33344570, 3.3333E-02, 4.6667E-01,-3.3333E-01,
17:20:54.33344575, 3.3333E-02, 5.0000E-01,-3.3333E-01,
17:20:54.33344580, 0.0000E+00, 5.3333E-01,-6.6667E-01,
17:20:54.33344585, 6.6667E-02, 6.0000E-01,-6.6667E-01,
17:20:54.33344590, 6.6667E-02, 4.6667E-01, 0.0000E+00,
17:20:54.33344595,-3.3333E-02, 5.0000E-01,-3.3333E-01,
17:20:54.33344600, 0.0000E+00, 4.6667E-01, 0.0000E+00,
17:20:54.33344605, 6.6667E-02, 5.0000E-01, 0.0000E+00,
17:20:54.33344610, 0.0000E+00, 5.0000E-01,-6.6667E-01,
17:20:54.33344615, 0.0000E+00, 5.3333E-01, 0.0000E+00,
17:20:54.33344620, 3.3333E-02, 5.0000E-01, 0.0000E+00,
17:20:54.33344625, 3.3333E-02, 5.0000E-01,-3.3333E-01,
17:20:54.33344630, 0.0000E+00, 5.0000E-01,-3.3333E-01,
17:20:54.33344635, 6.6667E-02, 5.3333E-01,-3.3333E-01,
17:20:54.33344640, 6.6667E-02, 6.0000E-01, 3.3333E-01,
17:20:54.33344645, 0.0000E+00, 5.0000E-01, 0.0000E+00,
17:20:54.33344650, 3.3333E-02, 5.0000E-01,-3.3333E-01,
17:20:54.33344655, 0.0000E+00, 5.3333E-01, 0.0000E+00,
17:20:54.33344660,-3.3333E-02, 5.0000E-01,-1.0000E+00,
17:20:54.33344665, 0.0000E+00, 6.0000E-01,-1.3333E+00,
17:20:54.33344670,-3.3333E-02, 5.0000E-01,-6.6667E-01,
17:20:54.33344675, 6.6667E-02, 5.6667E-01, 3.3333E-01,
17:20:54.33344680, 0.0000E+00, 4.6667E-01,-3.3333E-01,
17:20:54.33344685, 3.3333E-02, 4.6667E-01, 3.3333E-01,
17:20:54.33344690, 3.3333E-02, 5.0000E-01, 0.0000E+00,
17:20:54.33344695, 6.6667E-02, 4.6667E-01, 3.3333E-01,
17:20:54.33344700, 0.0000E+00, 5.0000E-01, 3.3333E-01,
17:20:54.33344705, 3.3333E-02, 5.3333E-01, 0.0000E+00,
17:20:54.33344710, 0.0000E+00, 5.0000E-01,-3.3333E-01,
17:20:54.33344715, 6.6667E-02, 5.3333E-01,-3.3333E-01,
17:20:54.33344720, 3.3333E-02, 4.6667E-01,-3.3333E-01,
17:20:54.33344725, 1.0000E-01, 5.0000E-01,-3.3333E-01,
17:20:54.33344730, 6.6667E-02, 5.0000E-01, 0.0000E+00,
17:20:54.33344735, 1.3333E-01, 5.0000E-01,-3.3333E-01,
17:20:54.33344740, 3.3333E-02, 4.6667E-01,-6.6667E-01,
17:20:54.33344745, 3.3333E-02, 5.3333E-01, 0.0000E+00,
17:20:54.33344750,-6.6667E-02, 5.0000E-01, 0.0000E+00,
17:20:54.33344755,-3.3333E-02, 5.0000E-01, 0.0000E+00,
17:20:54.33344760, 0.0000E+00, 5.0000E-01, 0.0000E+00,
17:20:54.33344765, 3.3333E-02, 5.0000E-01,-1.6667E+00,
17:20:54.33344770, 6.6667E-02, 5.0000E-01,-1.0000E+00,
17:20:54.33344775, 0.0000E+00, 5.0000E-01,-3.3333E-01,
17:20:54.33344780, 3.3333E-02, 5.0000E-01, 0.0000E+00,
17:20:54.33344785,-3.3333E-02, 5.0000E-01,-1.3333E+00,
17:20:54.33344790,-3.3333E-02, 5.3333E-01,-3.3333E-01,
17:20:54.33344795, 6.6667E-02, 4.6667E-01,-3.3333E-01,
17:20:54.33344800, 0.0000E+00, 5.0000E-01, 3.3333E-01,
17:20:54.33344805, 0.0000E+00, 5.0000E-01, 6.6667E-01,
17:20:54.33344810,-3.3333E-02, 5.0000E-01,-1.0000E+00,
17:20:54.33344815, 3.3333E-02, 5.0000E-01, 0.0000E+00,
17:20:54.33344820, 0.0000E+00, 5.0000E-01,-1.0000E+00,
17:20:54.33344825, 3.3333E-02, 5.6667E-01, 0.0000E+00,
17:20:54.33344830, 3.3333E-02, 5.0000E-01, 0.0000E+00,
17:20:54.33344835, 0.0000E+00, 5.0000E-01,-6.6667E-01,
17:20:54.33344840, 0.0000E+00, 5.0000E-01,-1.3333E+00,
17:20:54.33344845, 0.0000E+00, 5.0000E-01, 3.3333E-01,
17:20:54.33344850,-3.3333E-02, 5.0000E-01, 3.3333E-01,
17:20:54.33344855, 0.0000E+00, 4.6667E-01, 6.6667E-01,
17:20:54.33344860, 1.0000E-01, 5.0000E-01,-3.3333E-01,
17:20:54.33344865, 6.6667E-02, 4.6667E-01,-3.3333E-01,
17:20:54.33344870, 0.0000E+00, 4.6667E-01,-6.6667E-01,
17:20:54.33344875, 3.3333E-02, 5.0000E-01,-3.3333E-01,
17:20:54.33344880, 0.0000E+00, 5.0000E-01, 0.0000E+00,
17:20:54.33344885,-3.3333E-02, 4.6667E-01, 0.0000E+00,
17:20:54.33344890, 0.0000E+00, 5.3333E-01,-3.3333E-01,
17:20:54.33344895, 6.6667E-02, 5.3333E-01,-3.3333E-01,
17:20:54.33344900, 0.0000E+00, 5.0000E-01, 0.0000E+00,
17:20:54.33344905, 3.3333E-02, 5.3333E-01,-6.6667E-01,
17:20:54.33344910, 3.3333E-02, 5.0000E-01,-6.6667E-01,
17:20:54.33344915, 0.0000E+00, 5.0000E-01,-3.3333E-01,
17:20:54.33344920, 0.0000E+00, 5.3333E-01, 3.3333E-01,
17:20:54.33344925, 0.0000E+00, 5.0000E-01,-3.3333E-01,
17:20:54.33344930,-3.3333E-02, 5.0000E-01,-3.3333E-01,
17:20:54.33344935,-3.3333E-02, 5.0000E-01,-6.6667E-01,
17:20:54.33344940, 6.6667E-02, 5.0000E-01,-6.6667E-01,
17:20:54.33344945, 3.3333E-02, 4.6667E-01,-3.3333E-01,
17:20:54.33344950, 6.6667E-02, 5.0000E-01,-1.0000E+00,
17:20:54.33344955, 0.0000E+00, 5.3333E-01,-6.6667E-01,
17:20:54.33344960, 0.0000E+00, 5.0000E-01,-6.6667E-01,
17:20:54.33344965, 3.3333E-02, 4.6667E-01,-6.6667E-01,
17:20:54.33344970, 3.3333E-02, 5.0000E-01, 0.0000E+00,
17:20:54.33344975,-1.3333E-01, 5.0000E-01,-6.6667E-01,
17:20:54.33344980, 3.3333E-02, 5.3333E-01, 0.0000E+00,
17:20:54.33344985, 3.3333E-02, 5.0000E-01,-3.3333E-01,
17:20:54.33344990, 6.6667E-02, 5.0000E-01,-3.3333E-01,
17:20:54.33344995, 6.6667E-02, 5.6667E-01, 0.0000E+00,
17:20:54.33345000, 1.0000E-01, 5.0000E-01, 3.3333E-01,
17:20:54.33345005, 0.0000E+00, 5.3333E-01, 0.0000E+00,
17:20:54.33345010, 3.3333E-02, 5.3333E-01, 3.3333E-01,
17:20:54.33345015, 6.6667E-02, 5.0000E-01, 0.0000E+00,
17:20:54.33345020, 1.3333E-01, 5.0000E-01,-1.0000E+00,
17:20:54.33345025, 6.6667E-02, 5.3333E-01, 0.0000E+00,
17:20:54.33345030, 0.0000E+00, 4.6667E-01, 0.0000E+00,
17:20:54.33345035, 0.0000E+00, 4.6667E-01, 0.0000E+00,
17:20:54.33345040, 3.3333E-02, 5.0000E-01, 0.0000E+00,
17:20:54.33345045, 3.3333E-02, 4.3333E-01, 0.0000E+00,
17:20:54.33345050, 6.6667E-02, 4.6667E-01,-3.3333E-01,
17:20:54.33345055, 3.3333E-02, 4.6667E-01,-3.3333E-01,
17:20:54.33345060, 1.0000E-01, 5.0000E-01, 3.3333E-01,
17:20:54.33345065, 3.3333E-02, 4.3333E-01,-3.3333E-01,
17:20:54.33345070, 0.0000E+00, 4.6667E-01,-6.6667E-01,
17:20:54.33345075, 0.0000E+00, 5.0000E-01, 0.0000E+00,
17:20:54.33345080, 0.0000E+00, 5.0000E-01, 3.3333E-01,
17:20:54.33345085, 3.3333E-02, 5.3333E-01, 6.6667E-01,
17:20:54.33345090, 0.0000E+00, 5.0000E-01,-6.6667E-01,
17:20:54.33345095,-3.3333E-02, 5.0000E-01, 0.0000E+00,
17:20:54.33345100, 0.0000E+00, 5.6667E-01, 3.3333E-01,
17:20:54.33345105,-6.6667E-02, 5.0000E-01, 0.0000E+00,
17:20:54.33345110, 3.3333E-02, 4.3333E-01,-3.3333E-01,
17:20:54.33345115, 3.3333E-02, 4.6667E-01,-3.3333E-01,
17:20:54.33345120, 3.3333E-02, 5.6667E-01,-3.3333E-01,
17:20:54.33345125,-3.3333E-02, 5.0000E-01,-3.3333E-01,
17:20:54.33345130, 0.0000E+00, 5.3333E-01, 0.0000E+00,
17:20:54.33345135, 0.0000E+00, 6.0000E-01,-3.3333E-01,
17:20:54.33345140, 0.0000E+00, 4.6667E-01,-3.3333E-01,
17:20:54.33345145,-6.6667E-02, 5.0000E-01, 0.0000E+00,
17:20:54.33345150, 6.6667E-02, 5.0000E-01,-3.3333E-01,
17:20:54.33345155, 0.0000E+00, 5.0000E-01,-1.0000E+00,
17:20:54.33345160, 3.3333E-02, 4.3333E-01, 6.6667E-01,
17:20:54.33345165, 6.6667E-02, 5.0000E-01,-6.6667E-01,
17:20:54.33345170,-3.3333E-02, 5.0000E-01,-3.3333E-01,
17:20:54.33345175, 1.0000E-01, 4.6667E-01, 0.0000E+00,
17:20:54.33345180, 1.0000E-01, 5.0000E-01,-6.6667E-01,
17:20:54.33345185, 3.3333E-02, 5.0000E-01,-6.6667E-01,
17:20:54.33345190, 3.3333E-02, 5.0000E-01,-3.3333E-01,
17:20:54.33345195, 3.3333E-02, 5.0000E-01, 0.0000E+00,
17:20:54.33345200, 0.0000E+00, 5.6667E-01,-3.3333E-01,
17:20:54.33345205, 3.3333E-02, 4.6667E-01,-3.3333E-01,
17:20:54.33345210, 0.0000E+00, 5.3333E-01, 0.0000E+00,
17:20:54.33345215, 3.3333E-02, 4.6667E-01,-3.3333E-01,
17:20:54.33345220, 0.0000E+00, 4.6667E-01,-6.6667E-01,
17:20:54.33345225, 0.0000E+00, 5.0000E-01,-3.3333E-01,
17:20:54.33345230, 6.6667E-02, 4.3333E-01,-3.3333E-01,
17:20:54.33345235, 0.0000E+00, 5.0000E-01, 0.0000E+00,
17:20:54.33345240, 6.6667E-02, 4.6667E-01, 0.0000E+00,
17:20:54.33345245, 3.3333E-02, 5.0000E-01, 3.3333E-01,
17:20:54.33345250, 6.6667E-02, 5.3333E-01,-3.3333E-01,
17:20:54.33345255, 3.3333E-02, 5.0000E-01,-6.6667E-01,
17:20:54.33345260, 3.3333E-02, 4.6667E-01,-6.6667E-01,
17:20:54.33345265, 6.6667E-02, 5.0000E-01,-1.0000E+00,
17:20:54.33345270,-3.3333E-02, 5.0000E-01, 6.6667E-01,
17:20:54.33345275, 6.6667E-02, 5.0000E-01,-1.0000E+00,
17:20:54.33345280, 6.6667E-02, 5.0000E-01, 3.3333E-01,
17:20:54.33345285,-3.3333E-02, 5.0000E-01, 0.0000E+00,
17:20:54.33345290,-3.3333E-02, 5.3333E-01, 0.0000E+00,
17:20:54.33345295, 0.0000E+00, 5.6667E-01,-3.3333E-01,
17:20:54.33345300, 0.0000E+00, 5.0000E-01, 0.0000E+00,
17:20:54.33345305, 0.0000E+00, 5.0000E-01,-6.6667E-01,
17:20:54.33345310, 1.0000E-01, 5.3333E-01,-3.3333E-01,
17:20:54.33345315, 0.0000E+00, 5.0000E-01, 0.0000E+00,
17:20:54.33345320, 3.3333E-02, 4.3333E-01,-3.3333E-01,
17:20:54.33345325, 0.0000E+00, 4.6667E-01, 0.0000E+00,
17:20:54.33345330, 3.3333E-02, 5.0000E-01,-3.3333E-01,
17:20:54.33345335, 3.3333E-02, 5.0000E-01,-6.6667E-01,
17:20:54.33345340, 0.0000E+00, 5.6667E-01,-6.6667E-01,
17:20:54.33345345, 6.6667E-02, 5.3333E-01,-6.6667E-01,
17:20:54.33345350, 3.3333E-02, 5.3333E-01, 3.3333E-01,
17:20:54.33345355, 1.0000E-01, 4.6667E-01,-1.0000E+00,
17:20:54.33345360, 3.3333E-02, 5.0000E-01,-3.3333E-01,
17:20:54.33345365,-3.3333E-02, 5.0000E-01,-3.3333E-01,
17:20:54.33345370, 0.0000E+00, 5.0000E-01,-1.0000E+00,
17:20:54.33345375, 3.3333E-02, 5.3333E-01, 0.0000E+00,
17:20:54.33345380, 3.3333E-02, 4.6667E-01, 0.0000E+00,
17:20:54.33345385, 0.0000E+00, 5.3333E-01, 0.0000E+00,
17:20:54.33345390, 3.3333E-02, 5.3333E-01,-3.3333E-01,
17:20:54.33345395, 3.3333E-02, 5.0000E-01, 0.0000E+00,
17:20:54.33345400, 0.0000E+00, 5.0000E-01, 0.0000E+00,
17:20:54.33345405, 0.0000E+00, 5.0000E-01, 3.3333E-01,
17:20:54.33345410, 3.3333E-02, 5.0000E-01,-6.6667E-01,
17:20:54.33345415, 0.0000E+00, 5.0000E-01, 0.0000E+00,
17:20:54.33345420, 0.0000E+00, 5.0000E-01, 0.0000E+00,
17:20:54.33345425,-3.3333E-02, 5.3333E-01, 0.0000E+00,
17:20:54.33345430, 0.0000E+00, 5.0000E-01,-3.3333E-01,
17:20:54.33345435, 1.0000E-01, 5.0000E-01,-6.6667E-01,
17:20:54.33345440, 1.0000E-01, 5.0000E-01,-6.6667E-01,
17:20:54.33345445, 6.6667E-02, 5.0000E-01, 0.0000E+00,
17:20:54.33345450, 3.3333E-02, 5.0000E-01,-3.3333E-01,
17:20:54.33345455, 0.0000E+00, 5.3333E-01,-3.3333E-01,
17:20:54.33345460, 6.6667E-02, 5.0000E-01,-6.6667E-01,
17:20:54.33345465, 6.6667E-02, 5.3333E-01,-6.6667E-01,
17:20:54.33345470, 1.0000E-01, 5.0000E-01, 0.0000E+00,
17:20:54.33345475,-3.3333E-02, 5.3333E-01, 3.3333E-01,
17:20:54.33345480, 0.0000E+00, 5.0000E-01, 0.0000E+00,
17:20:54.33345485, 0.0000E+00, 5.3333E-01, 0.0000E+00,
17:20:54.33345490,-3.3333E-02, 5.0000E-01,-3.3333E-01,
17:20:54.33345495, 6.6667E-02, 5.0000E-01,-3.3333E-01,
17:20:54.33345500, 6.6667E-02, 5.6667E-01, 6.6667E-01,
17:20:54.33345505, 6.6667E-02, 5.3333E-01, 0.0000E+00,
17:20:54.33345510, 0.0000E+00, 5.3333E-01, 3.3333E-01,
17:20:54.33345515, 0.0000E+00, 5.0000E-01,-6.6667E-01,
17:20:54.33345520,-3.3333E-02, 5.6667E-01,-6.6667E-01,
17:20:54.33345525, 0.0000E+00, 5.0000E-01,-3.3333E-01,
17:20:54.33345530, 3.3333E-02, 5.0000E-01, 6.6667E-01,
17:20:54.33345535, 0.0000E+00, 5.3333E-01,-3.3333E-01,
17:20:54.33345540, 3.3333E-02, 5.3333E-01,-6.6667E-01,
17:20:54.33345545, 0.0000E+00, 4.6667E-01,-6.6667E-01,
17:20:54.33345550, 6.6667E-02, 5.0000E-01,-6.6667E-01,
17:20:54.33345555, 3.3333E-02, 5.0000E-01,-3.3333E-01,
17:20:54.33345560, 3.3333E-02, 5.0000E-01,-6.6667E-01,
17:20:54.33345565, 3.3333E-02, 5.3333E-01, 0.0000E+00,
17:20:54.33345570, 3.3333E-02, 5.0000E-01, 0.0000E+00,
17:20:54.33345575,-3.3333E-02, 5.0000E-01, 0.0000E+00,
17:20:54.33345580, 3.3333E-02, 5.0000E-01, 0.0000E+00,
17:20:54.33345585, 3.3333E-02, 4.6667E-01,-6.6667E-01,
17:20:54.33345590, 0.0000E+00, 5.6667E-01,-3.3333E-01,
17:20:54.33345595, 0.0000E+00, 4.6667E-01, 0.0000E+00,
17:20:54.33345600, 3.3333E-02, 4.6667E-01,-3.3333E-01,
17:20:54.33345605,-3.3333E-02, 5.0000E-01, 0.0000E+00,
17:20:54.33345610, 3.3333E-02, 5.0000E-01, 3.3333E-01,
17:20:54.33345615, 3.3333E-02, 5.0000E-01, 0.0000E+00,
17:20:54.33345620, 3.3333E-02, 5.0000E-01, 3.3333E-01,
17:20:54.33345625, 3.3333E-02, 5.0000E-01, 3.3333E-01,
17:20:54.33345630, 3.3333E-02, 5.6667E-01,-3.3333E-01,
17:20:54.33345635, 3.3333E-02, 4.6667E-01,-3.3333E-01,
17:20:54.33345640,-3.3333E-02, 5.0000E-01,-6.6667E-01,
17:20:54.33345645, 3.3333E-02, 5.0000E-01,-3.3333E-01,
17:20:54.33345650, 0.0000E+00, 5.3333E-01, 0.0000E+00,
17:20:54.33345655, 0.0000E+00, 5.3333E-01, 6.6667E-01,
17:20:54.33345660, 6.6667E-02, 5.0000E-01,-3.3333E-01,
17:20:54.33345665, 3.3333E-02, 5.0000E-01, 0.0000E+00,
17:20:54.33345670, 0.0000E+00, 5.3333E-01,-3.3333E-01,
17:20:54.33345675, 3.3333E-02, 6.3333E-01,-3.3333E-01,
17:20:54.33345680, 0.0000E+00, 4.6667E-01,-3.3333E-01,
17:20:54.33345685, 3.3333E-02, 4.3333E-01,-6.6667E-01,
17:20:54.33345690, 3.3333E-02, 5.0000E-01,-6.6667E-01,
17:20:54.33345695, 0.0000E+00, 4.6667E-01,-3.3333E-01,
17:20:54.33345700, 3.3333E-02, 5.0000E-01, 0.0000E+00,
17:20:54.33345705, 0.0000E+00, 5.3333E-01,-6.6667E-01,
17:20:54.33345710,-3.3333E-02, 5.0000E-01,-3.3333E-01,
17:20:54.33345715, 6.6667E-02, 5.0000E-01, 0.0000E+00,
17:20:54.33345720, 6.6667E-02, 5.0000E-01,-6.6667E-01,
17:20:54.33345725, 3.3333E-02, 5.0000E-01, 0.0000E+00,
17:20:54.33345730, 3.3333E-02, 5.0000E-01, 0.0000E+00,
17:20:54.33345735, 3.3333E-02, 4.6667E-01,-3.3333E-01,
17:20:54.33345740, 3.3333E-02, 5.3333E-01,-6.6667E-01,
17:20:54.33345745,-3.3333E-02, 5.0000E-01,-6.6667E-01,
17:20:54.33345750, 6.6667E-02, 5.6667E-01,-6.6667E-01,
17:20:54.33345755,-3.3333E-02, 5.0000E-01,-3.3333E-01,
17:20:54.33345760, 0.0000E+00, 6.0000E-01,-3.3333E-01,
17:20:54.33345765, 3.3333E-02, 5.0000E-01, 3.3333E-01,
17:20:54.33345770,-3.3333E-02, 4.6667E-01,-3.3333E-01,
17:20:54.33345775, 6.6667E-02, 4.3333E-01,-3.3333E-01,
17:20:54.33345780, 0.0000E+00, 4.3333E-01,-6.6667E-01,
17:20:54.33345785, 3.3333E-02, 5.0000E-01,-3.3333E-01,
17:20:54.33345790,-6.6667E-02, 5.0000E-01, 3.3333E-01,
17:20:54.33345795,-1.0000E-01, 5.0000E-01, 0.0000E+00,
17:20:54.33345800, 0.0000E+00, 5.0000E-01,-3.3333E-01,
17:20:54.33345805, 3.3333E-02, 5.0000E-01,-6.6667E-01,
17:20:54.33345810, 3.3333E-02, 5.3333E-01, 0.0000E+00,
17:20:54.33345815, 6.6667E-02, 5.3333E-01, 0.0000E+00,
17:20:54.33345820, 3.3333E-02, 5.0000E-01,-3.3333E-01,
17:20:54.33345825,-3.3333E-02, 5.0000E-01,-3.3333E-01,
17:20:54.33345830, 3.3333E-02, 5.0000E-01,-1.0000E+00,
17:20:54.33345835, 0.0000E+00, 5.0000E-01,-3.3333E-01,
17:20:54.33345840, 3.3333E-02, 5.0000E-01,-3.3333E-01,
17:20:54.33345845, 6.6667E-02, 5.0000E-01,-3.3333E-01,
17:20:54.33345850, 0.0000E+00, 4.3333E-01, 0.0000E+00,
17:20:54.33345855, 6.6667E-02, 5.0000E-01,-6.6667E-01,
17:20:54.33345860, 3.3333E-02, 5.0000E-01,-3.3333E-01,
17:20:54.33345865, 0.0000E+00, 5.0000E-01, 6.6667E-01,
17:20:54.33345870, 0.0000E+00, 5.3333E-01, 3.3333E-01,
17:20:54.33345875, 3.3333E-02, 5.3333E-01, 3.3333E-01,
17:20:54.33345880, 3.3333E-02, 5.3333E-01,-3.3333E-01,
17:20:54.33345885, 3.3333E-02, 5.0000E-01,-3.3333E-01,
17:20:54.33345890, 3.3333E-02, 4.6667E-01,-3.3333E-01,
17:20:54.33345895, 0.0000E+00, 5.0000E-01,-3.3333E-01,
17:20:54.33345900,-3.3333E-02, 5.0000E-01, 3.3333E-01,
17:20:54.33345905,-3.3333E-02, 5.3333E-01,-1.0000E+00,
17:20:54.33345910, 6.6667E-02, 5.0000E-01, 0.0000E+00,
17:20:54.33345915, 0.0000E+00, 5.3333E-01, 3.3333E-01,
17:20:54.33345920,-3.3333E-02, 5.0000E-01,-3.3333E-01,
17:20:54.33345925, 3.3333E-02, 5.3333E-01, 0.0000E+00,
17:20:54.33345930, 0.0000E+00, 5.0000E-01,-6.6667E-01,
17:20:54.33345935, 6.6667E-02, 5.3333E-01,-6.6667E-01,
17:20:54.33345940, 3.3333E-02, 5.3333E-01,-6.6667E-01,
17:20:54.33345945, 3.3333E-02, 5.0000E-01,-3.3333E-01,
17:20:54.33345950, 0.0000E+00, 5.0000E-01,-3.3333E-01,
17:20:54.33345955, 3.3333E-02, 5.0000E-01, 0.0000E+00,
17:20:54.33345960, 6.6667E-02, 5.0000E-01, 0.0000E+00,
17:20:54.33345965,-3.3333E-02, 5.0000E-01, 0.0000E+00,
17:20:54.33345970, 0.0000E+00, 5.0000E-01, 0.0000E+00,
17:20:54.33345975, 3.3333E-02, 5.0000E-01,-3.3333E-01,
17:20:54.33345980, 6.6667E-02, 4.6667E-01,-3.3333E-01,
17:20:54.33345985, 3.3333E-02, 5.0000E-01,-6.6667E-01,
17:20:54.33345990,-3.3333E-02, 5.0000E-01, 3.3333E-01,
17:20:54.33345995, 6.6667E-02, 5.0000E-01,-3.3333E-01,
17:20:54.33346000, 3.3333E-02, 5.0000E-01, 0.0000E+00,
17:20:54.33346005, 3.3333E-02, 5.3333E-01,-3.3333E-01,
17:20:54.33346010, 3.3333E-02, 4.6667E-01,-3.3333E-01,
17:20:54.33346015, 0.0000E+00, 5.0000E-01,-3.3333E-01,
17:20:54.33346020, 6.6667E-02, 4.6667E-01,-3.3333E-01,
17:20:54.33346025, 6.6667E-02, 5.0000E-01,-3.3333E-01,
17:20:54.33346030, 6.6667E-02, 4.3333E-01, 3.3333E-01,
17:20:54.33346035,-6.6667E-02, 5.0000E-01, 0.0000E+00,
17:20:54.33346040, 3.3333E-02, 5.0000E-01,-6.6667E-01,
17:20:54.33346045, 0.0000E+00, 5.6667E-01,-3.3333E-01,
17:20:54.33346050, 3.3333E-02, 5.0000E-01,-1.0000E+00,
17:20:54.33346055, 1.0000E-01, 5.0000E-01,-3.3333E-01,
17:20:54.33346060, 3.3333E-02, 5.0000E-01,-3.3333E-01,
17:20:54.33346065, 3.3333E-02, 4.6667E-01,-3.3333E-01,
17:20:54.33346070, 3.3333E-02, 5.0000E-01,-3.3333E-01,
17:20:54.33346075, 3.3333E-02, 5.0000E-01, 3.3333E-01,
17:20:54.33346080, 3.3333E-02, 5.0000E-01,-3.3333E-01,
17:20:54.33346085, 3.3333E-02, 5.0000E-01, 0.0000E+00,
17:20:54.33346090, 3.3333E-02, 5.3333E-01,-3.3333E-01,
17:20:54.33346095,-3.3333E-02, 5.6667E-01, 0.0000E+00,
17:20:54.33346100, 0.0000E+00, 5.3333E-01,-3.3333E-01,
17:20:54.33346105, 0.0000E+00, 5.0000E-01, 0.0000E+00,
17:20:54.33346110, 6.6667E-02, 5.0000E-01,-6.6667E-01,
17:20:54.33346115, 0.0000E+00, 5.0000E-01,-3.3333E-01,
17:20:54.33346120,-3.3333E-02, 5.3333E-01,-3.3333E-01,
17:20:54.33346125, 6.6667E-02, 5.0000E-01, 0.0000E+00,
17:20:54.33346130, 3.3333E-02, 5.0000E-01, 0.0000E+00,
17:20:54.33346135,-6.6667E-02, 5.0000E-01,-3.3333E-01,
17:20:54.33346140, 6.6667E-02, 5.0000E-01, 3.3333E-01,
17:20:54.33346145, 0.0000E+00, 5.0000E-01, 0.0000E+00,
17:20:54.33346150,-3.3333E-02, 5.6667E-01,-3.3333E-01,
17:20:54.33346155, 3.3333E-02, 4.6667E-01,-1.3333E+00,
17:20:54.33346160,-6.6667E-02, 4.3333E-01,-3.3333E-01,
17:20:54.33346165, 0.0000E+00, 5.0000E-01,-6.6667E-01,
17:20:54.33346170, 3.3333E-02, 5.3333E-01,-3.3333E-01,
17:20:54.33346175, 3.3333E-02, 5.0000E-01,-3.3333E-01,
17:20:54.33346180, 6.6667E-02, 6.0000E-01,-6.6667E-01,
17:20:54.33346185,-3.3333E-02, 5.0000E-01,-3.3333E-01,
17:20:54.33346190, 6.6667E-02, 5.0000E-01, 0.0000E+00,
17:20:54.33346195,-3.3333E-02, 5.0000E-01, 0.0000E+00,
17:20:54.33346200,-3.3333E-02, 5.0000E-01,-6.6667E-01,
17:20:54.33346205, 0.0000E+00, 5.3333E-01, 3.3333E-01,
17:20:54.33346210, 0.0000E+00, 5.3333E-01,-6.6667E-01,
17:20:54.33346215, 3.3333E-02, 5.3333E-01,-6.6667E-01,
17:20:54.33346220, 3.3333E-02, 4.6667E-01, 0.0000E+00,
17:20:54.33346225, 3.3333E-02, 4.6667E-01,-6.6667E-01,
17:20:54.33346230, 6.6667E-02, 5.3333E-01,-6.6667E-01,
17:20:54.33346235, 0.0000E+00, 5.3333E-01,-3.3333E-01,
17:20:54.33346240,-3.3333E-02, 4.3333E-01,-6.6667E-01,
17:20:54.33346245,-3.3333E-02, 5.0000E-01,-3.3333E-01,
17:20:54.33346250, 1.3333E-01, 5.3333E-01, 0.0000E+00,
17:20:54.33346255, 1.0000E-01, 5.0000E-01,-3.3333E-01,
17:20:54.33346260,-3.3333E-02, 5.0000E-01,-6.6667E-01,
17:20:54.33346265, 6.6667E-02, 5.0000E-01, 0.0000E+00,
17:20:54.33346270, 3.3333E-02, 5.0000E-01, 0.0000E+00,
17:20:54.33346275, 0.0000E+00, 5.0000E-01,-1.3333E+00,
17:20:54.33346280, 0.0000E+00, 4.6667E-01,-3.3333E-01,
17:20:54.33346285, 0.0000E+00, 5.0000E-01,-3.3333E-01,
17:20:54.33346290, 0.0000E+00, 5.3333E-01,-3.3333E-01,
17:20:54.33346295,-3.3333E-02, 5.0000E-01,-6.6667E-01,
17:20:54.33346300, 6.6667E-02, 5.0000E-01, 0.0000E+00,
17:20:54.33346305, 3.3333E-02, 5.0000E-01,-3.3333E-01,
17:20:54.33346310, 3.3333E-02, 5.0000E-01, 0.0000E+00,
17:20:54.33346315, 3.3333E-02, 5.3333E-01,-6.6667E-01,
17:20:54.33346320, 0.0000E+00, 5.0000E-01,-3.3333E-01,
17:20:54.33346325, 3.3333E-02, 5.0000E-01,-6.6667E-01,
17:20:54.33346330, 0.0000E+00, 4.3333E-01, 0.0000E+00,
17:20:54.33346335, 6.6667E-02, 5.0000E-01,-6.6667E-01,
17:20:54.33346340, 3.3333E-02, 5.3333E-01, 0.0000E+00,
17:20:54.33346345, 3.3333E-02, 5.0000E-01,-6.6667E-01,
17:20:54.33346350, 6.6667E-02, 5.0000E-01,-3.3333E-01,
17:20:54.33346355,-3.3333E-02, 5.0000E-01, 3.3333E-01,
17:20:54.33346360, 6.6667E-02, 5.3333E-01, 0.0000E+00,
17:20:54.33346365, 1.0000E-01, 5.0000E-01,-1.3333E+00,
17:20:54.33346370, 3.3333E-02, 4.6667E-01, 0.0000E+00,
17:20:54.33346375, 6.6667E-02, 5.0000E-01,-6.6667E-01,
17:20:54.33346380, 6.6667E-02, 5.0000E-01,-3.3333E-01,
17:20:54.33346385, 0.0000E+00, 5.3333E-01,-3.3333E-01,
17:20:54.33346390, 6.6667E-02, 5.0000E-01, 0.0000E+00,
17:20:54.33346395, 0.0000E+00, 4.6667E-01,-6.6667E-01,
17:20:54.33346400, 0.0000E+00, 5.0000E-01,-3.3333E-01,
17:20:54.33346405, 3.3333E-02, 5.6667E-01,-6.6667E-01,
17:20:54.33346410, 3.3333E-02, 5.0000E-01,-6.6667E-01,
17:20:54.33346415,-3.3333E-02, 5.0000E-01,-3.3333E-01,
17:20:54.33346420,-6.6667E-02, 4.6667E-01,-6.6667E-01,
17:20:54.33346425, 3.3333E-02, 5.3333E-01,-3.3333E-01,
17:20:54.33346430, 5.6667E-01, 5.0000E-01, 0.0000E+00,
17:20:54.33346435, 1.3333E+00, 5.0000E-01,-6.6667E-01,
17:20:54.33346440, 2.1667E+00, 5.0000E-01, 0.0000E+00,
17:20:54.33346445, 2.7333E+00, 2.0000E-01,-3.3333E-01,
17:20:54.33346450, 3.0667E+00, 2.3333E-01, 3.3333E-01,
17:20:54.33346455, 3.1667E+00, 2.0000E-01, 6.6667E-01,
17:20:54.33346460, 3.1333E+00, 1.6667E-01, 3.3333E-01,
17:20:54.33346465, 3.1333E+00, 2.0000E-01, 3.3333E-01,
17:20:54.33346470, 3.1667E+00, 2.6667E-01,-3.3333E-01,
17:20:54.33346475, 3.0667E+00, 2.0000E-01,-1.0000E+00,
17:20:54.33346480, 3.1000E+00, 2.0000E-01,-3.3333E-01,
17:20:54.33346485, 3.1667E+00, 2.3333E-01,-3.3333E-01,
17:20:54.33346490, 3.1333E+00, 2.3333E-01,-3.3333E-01,
17:20:54.33346495, 3.1333E+00, 2.6667E-01,-6.6667E-01,
17:20:54.33346500, 3.1667E+00, 2.0000E-01, 0.0000E+00,
17:20:54.33346505, 3.1333E+00, 2.0000E-01,-6.6667E-01,
17:20:54.33346510, 3.1000E+00, 2.3333E-01,-6.6667E-01,
17:20:54.33346515, 3.1667E+00, 2.0000E-01,-6.6667E-01,
17:20:54.33346520, 3.1000E+00, 2.0000E-01,-1.0000E+00,
17:20:54.33346525, 3.0667E+00, 2.3333E-01,-6.6667E-01,
17:20:54.33346530, 3.1000E+00, 1.6667E-01,-1.6667E+00,
17:20:54.33346535, 3.1333E+00, 2.0000E-01,-1.0000E+00,
17:20:54.33346540, 3.1333E+00, 2.0000E-01, 0.0000E+00,
17:20:54.33346545, 3.1333E+00, 1.3333E-01,-1.6667E+00,
17:20:54.33346550, 3.1333E+00, 1.6667E-01,-1.3333E+00,
17:20:54.33346555, 3.0667E+00, 1.6667E-01,-6.6667E-01,
17:20:54.33346560, 3.1000E+00, 1.3333E-01,-1.3333E+00,
17:20:54.33346565, 3.1000E+00, 1.3333E-01,-1.0000E+00,
17:20:54.33346570, 3.0667E+00, 1.6667E-01,-1.6667E+00,
17:20:54.33346575, 3.1000E+00, 1.6667E-01,-1.0000E+00,
17:20:54.33346580, 3.0333E+00, 1.0000E-01,-2.0000E+00,
17:20:54.33346585, 3.0333E+00, 1.3333E-01,-1.6667E+00,
17:20:54.33346590, 2.9000E+00, 1.6667E-01,-1.6667E+00,
17:20:54.33346595, 3.0667E+00, 1.3333E-01,-1.3333E+00,
17:20:54.33346600, 3.0667E+00, 1.6667E-01,-1.3333E+00,
17:20:54.33346605, 3.0667E+00, 1.3333E-01,-1.6667E+00,
17:20:54.33346610, 3.0000E+00, 1.3333E-01,-1.6667E+00,
17:20:54.33346615, 3.0333E+00, 1.6667E-01,-2.3333E+00,
17:20:54.33346620, 3.0333E+00, 1.6667E-01,-2.3333E+00,
17:20:54.33346625, 3.0667E+00, 1.6667E-01,-2.0000E+00,
17:20:54.33346630, 3.0667E+00, 1.0000E-01,-2.0000E+00,
17:20:54.33346635, 3.0333E+00, 1.6667E-01,-2.3333E+00,
17:20:54.33346640, 3.0000E+00, 1.3333E-01,-2.0000E+00,
17:20:54.33346645, 3.0333E+00, 1.6667E-01,-2.0000E+00,
17:20:54.33346650, 3.0333E+00, 1.3333E-01,-3.0000E+00,
17:20:54.33346655, 3.0333E+00, 1.3333E-01,-2.3333E+00,
17:20:54.33346660, 3.0333E+00, 1.6667E-01,-2.3333E+00,
17:20:54.33346665, 2.9667E+00, 1.0000E-01,-3.3333E+00,
17:20:54.33346670, 3.0333E+00, 1.6667E-01,-3.0000E+00,
17:20:54.33346675, 3.0667E+00, 1.6667E-01,-3.3333E+00,
17:20:54.33346680, 3.0667E+00, 6.6667E-02,-3.0000E+00,
17:20:54.33346685, 3.1000E+00, 1.6667E-01,-2.6667E+00,
17:20:54.33346690, 3.0000E+00, 1.3333E-01,-3.6667E+00,
17:20:54.33346695, 3.1000E+00, 1.6667E-01,-3.3333E+00,
17:20:54.33346700, 3.0667E+00, 1.6667E-01,-3.6667E+00,
17:20:54.33346705, 3.1000E+00, 1.6667E-01,-3.6667E+00,
17:20:54.33346710, 2.9667E+00, 1.6667E-01,-4.0000E+00,
17:20:54.33346715, 3.0000E+00, 2.0000E-01,-4.0000E+00,
17:20:54.33346720, 3.0333E+00, 1.6667E-01,-4.0000E+00,
17:20:54.33346725, 3.1333E+00, 2.0000E-01,-3.3333E+00,
17:20:54.33346730, 2.9333E+00, 1.6667E-01,-4.0000E+00,
17:20:54.33346735, 3.0667E+00, 2.3333E-01,-4.0000E+00,
17:20:54.33346740, 3.1000E+00, 1.6667E-01,-4.6667E+00,
17:20:54.33346745, 3.0333E+00, 2.0000E-01,-4.3333E+00,
17:20:54.33346750, 3.1000E+00, 1.6667E-01,-4.0000E+00,
17:20:54.33346755, 3.0667E+00, 2.3333E-01,-4.3333E+00,
17:20:54.33346760, 3.0000E+00, 2.3333E-01,-4.0000E+00,
17:20:54.33346765, 3.0000E+00, 2.3333E-01,-4.0000E+00,
17:20:54.33346770, 3.1000E+00, 2.3333E-01,-4.0000E+00,
17:20:54.33346775, 3.0333E+00, 2.0000E-01,-4.6667E+00,
17:20:54.33346780, 3.1000E+00, 2.3333E-01,-5.0000E+00,
17:20:54.33346785, 3.0333E+00, 2.6667E-01,-4.3333E+00,
17:20:54.33346790, 3.0667E+00, 1.6667E-01,-4.3333E+00,
17:20:54.33346795, 3.0667E+00, 1.6667E-01,-4.3333E+00,
17:20:54.33346800, 3.0333E+00, 2.0000E-01,-4.6667E+00,
17:20:54.33346805, 3.0333E+00, 3.0000E-01,-4.3333E+00,
17:20:54.33346810, 3.0333E+00, 2.6667E-01,-4.6667E+00,
17:20:54.33346815, 3.0333E+00, 2.0000E-01,-4.3333E+00,
17:20:54.33346820, 3.0333E+00, 2.0000E-01,-5.3333E+00,
17:20:54.33346825, 3.0667E+00, 2.3333E-01,-5.0000E+00,
17:20:54.33346830, 3.1000E+00, 2.6667E-01,-4.6667E+00,
17:20:54.33346835, 3.0667E+00, 2.6667E-01,-5.0000E+00,
17:20:54.33346840, 3.0333E+00, 2.3333E-01,-5.0000E+00,
17:20:54.33346845, 3.0333E+00, 3.0000E-01,-5.3333E+00,
17:20:54.33346850, 3.0000E+00, 2.6667E-01,-5.0000E+00,
17:20:54.33346855, 2.9667E+00, 2.6667E-01,-4.6667E+00,
17:20:54.33346860, 3.0333E+00, 2.6667E-01,-5.0000E+00,
17:20:54.33346865, 3.0333E+00, 2.6667E-01,-5.3333E+00,
17:20:54.33346870, 3.1000E+00, 3.0000E-01,-5.0000E+00,
17:20:54.33346875, 3.0333E+00, 3.0000E-01,-5.3333E+00,
17:20:54.33346880, 3.1000E+00, 3.0000E-01,-5.0000E+00,
17:20:54.33346885, 3.0333E+00, 3.3333E-01,-5.3333E+00,
17:20:54.33346890, 3.0667E+00, 3.0000E-01,-5.0000E+00,
17:20:54.33346895, 3.0667E+00, 3.0000E-01,-5.0000E+00,
17:20:54.33346900, 3.1000E+00, 3.0000E-01,-5.0000E+00,
17:20:54.33346905, 3.1000E+00, 2.6667E-01,-5.3333E+00,
17:20:54.33346910, 3.0000E+00, 2.6667E-01,-5.0000E+00,
17:20:54.33346915, 3.0333E+00, 3.6667E-01,-5.6667E+00,
17:20:54.33346920, 3.0333E+00, 3.0000E-01,-5.6667E+00,
17:20:54.33346925, 3.0333E+00, 3.3333E-01,-5.3333E+00,
17:20:54.33346930, 3.0667E+00, 3.6667E-01,-5.0000E+00,
17:20:54.33346935, 3.1000E+00, 4.0000E-01,-5.6667E+00,
17:20:54.33346940, 3.0333E+00, 3.3333E-01,-5.6667E+00,
17:20:54.33346945, 3.0667E+00, 3.3333E-01,-5.3333E+00,
17:20:54.33346950, 3.0333E+00, 3.3333E-01,-5.6667E+00,
17:20:54.33346955, 3.0000E+00, 3.3333E-01,-5.3333E+00,
17:20:54.33346960, 3.0333E+00, 3.3333E-01,-5.3333E+00,
17:20:54.33346965, 3.0667E+00, 3.3333E-01,-5.3333E+00,
17:20:54.33346970, 3.0333E+00, 3.3333E-01,-5.3333E+00,
17:20:54.33346975, 3.0000E+00, 3.3333E-01,-5.3333E+00,
17:20:54.33346980, 3.1333E+00, 3.6667E-01,-6.0000E+00,
17:20:54.33346985, 3.0333E+00, 3.0000E-01,-5.6667E+00,
17:20:54.33346990, 3.0667E+00, 4.0000E-01,-6.3333E+00,
17:20:54.33346995, 3.0333E+00, 3.6667E-01,-5.3333E+00,
17:20:54.33347000, 2.9667E+00, 3.6667E-01,-5.3333E+00,
17:20:54.33347005, 3.1000E+00, 3.0000E-01,-5.3333E+00,
17:20:54.33347010, 3.0333E+00, 4.3333E-01,-5.3333E+00,
17:20:54.33347015, 3.0333E+00, 4.0000E-01,-6.0000E+00,
17:20:54.33347020, 3.1000E+00, 4.0000E-01,-6.3333E+00,
17:20:54.33347025, 3.0667E+00, 4.3333E-01,-5.3333E+00,
17:20:54.33347030, 3.1000E+00, 4.6667E-01,-5.3333E+00,
17:20:54.33347035, 3.0667E+00, 4.3333E-01,-6.6667E+00,
17:20:54.33347040, 3.0333E+00, 4.3333E-01,-5.6667E+00,
17:20:54.33347045, 3.0333E+00, 4.0000E-01,-6.3333E+00,
17:20:54.33347050, 2.9667E+00, 4.0000E-01,-6.3333E+00,
17:20:54.33347055, 3.0333E+00, 4.6667E-01,-5.6667E+00,
17:20:54.33347060, 3.1000E+00, 4.0000E-01,-5.3333E+00,
17:20:54.33347065, 3.0333E+00, 4.0000E-01,-6.0000E+00,
17:20:54.33347070, 3.0333E+00, 5.0000E-01,-6.0000E+00,
17:20:54.33347075, 3.0333E+00, 4.0000E-01,-6.3333E+00,
17:20:54.33347080, 3.0667E+00, 5.0000E-01,-5.3333E+00,
17:20:54.33347085, 3.1000E+00, 4.3333E-01,-6.3333E+00,
17:20:54.33347090, 3.0000E+00, 4.3333E-01,-6.3333E+00,
17:20:54.33347095, 3.0000E+00, 3.6667E-01,-6.6667E+00,
17:20:54.33347100, 3.0000E+00, 4.6667E-01,-6.0000E+00,
17:20:54.33347105, 3.0000E+00, 4.0000E-01,-6.3333E+00,
17:20:54.33347110, 3.0000E+00, 4.6667E-01,-6.3333E+00,
17:20:54.33347115, 3.0000E+00, 5.0000E-01,-5.3333E+00,
17:20:54.33347120, 3.0667E+00, 5.0000E-01,-6.3333E+00,
17:20:54.33347125, 3.1000E+00, 4.6667E-01,-6.3333E+00,
17:20:54.33347130, 3.1000E+00, 4.6667E-01,-5.6667E+00,
17:20:54.33347135, 3.0333E+00, 5.0000E-01,-6.0000E+00,
17:20:54.33347140, 3.0000E+00, 5.0000E-01,-6.0000E+00,
17:20:54.33347145, 3.0333E+00, 4.3333E-01,-6.0000E+00,
17:20:54.33347150, 3.0667E+00, 5.0000E-01,-6.6667E+00,
17:20:54.33347155, 3.0333E+00, 5.0000E-01,-6.6667E+00,
17:20:54.33347160, 3.0667E+00, 5.0000E-01,-6.0000E+00,
17:20:54.33347165, 3.1000E+00, 5.3333E-01,-6.3333E+00,
17:20:54.33347170, 3.0667E+00, 6.0000E-01,-6.3333E+00,
17:20:54.33347175, 3.0000E+00, 5.0000E-01,-6.0000E+00,
17:20:54.33347180, 3.0667E+00, 4.3333E-01,-6.3333E+00,
17:20:54.33347185, 3.0667E+00, 4.6667E-01,-5.6667E+00,
17:20:54.33347190, 2.9333E+00, 4.6667E-01,-6.0000E+00,
17:20:54.33347195, 3.1000E+00, 5.0000E-01,-6.0000E+00,
17:20:54.33347200, 3.0333E+00, 5.3333E-01,-5.3333E+00,
17:20:54.33347205, 3.1000E+00, 5.0000E-01,-5.3333E+00,
17:20:54.33347210, 3.0667E+00, 5.3333E-01,-5.6667E+00,
17:20:54.33347215, 3.0667E+00, 4.3333E-01,-6.3333E+00,
17:20:54.33347220, 3.0667E+00, 5.0000E-01,-6.0000E+00,
17:20:54.33347225, 3.0667E+00, 5.6667E-01,-6.0000E+00,
17:20:54.33347230, 3.0333E+00, 5.0000E-01,-5.3333E+00,
17:20:54.33347235, 3.0000E+00, 5.0000E-01,-6.0000E+00,
17:20:54.33347240, 3.1333E+00, 5.0000E-01,-6.6667E+00,
17:20:54.33347245, 3.0667E+00, 5.0000E-01,-5.6667E+00,
17:20:54.33347250, 3.0333E+00, 5.0000E-01,-5.6667E+00,
17:20:54.33347255, 3.0333E+00, 5.0000E-01,-6.0000E+00,
17:20:54.33347260, 3.0667E+00, 5.0000E-01,-5.6667E+00,
17:20:54.33347265, 3.0667E+00, 5.0000E-01,-6.0000E+00,
17:20:54.33347270, 3.0333E+00, 5.3333E-01,-6.0000E+00,
17:20:54.33347275, 3.0333E+00, 5.0000E-01,-6.3333E+00,
17:20:54.33347280, 3.0667E+00, 5.0000E-01,-6.3333E+00,
17:20:54.33347285, 3.0333E+00, 5.6667E-01,-5.3333E+00,
17:20:54.33347290, 3.0667E+00, 5.0000E-01,-5.3333E+00,
17:20:54.33347295, 3.0333E+00, 5.0000E-01,-5.3333E+00,
17:20:54.33347300, 3.1000E+00, 5.6667E-01,-5.6667E+00,
17:20:54.33347305, 3.0333E+00, 5.3333E-01,-5.6667E+00,
17:20:54.33347310, 3.0333E+00, 5.6667E-01,-6.3333E+00,
17:20:54.33347315, 3.0000E+00, 5.3333E-01,-5.3333E+00,
17:20:54.33347320, 2.9667E+00, 5.6667E-01,-6.3333E+00,
17:20:54.33347325, 3.0667E+00, 5.3333E-01,-5.6667E+00,
17:20:54.33347330, 3.0333E+00, 6.0000E-01,-5.3333E+00,
17:20:54.33347335, 3.0333E+00, 5.6667E-01,-5.6667E+00,
17:20:54.33347340, 3.0000E+00, 5.3333E-01,-6.0000E+00,
17:20:54.33347345, 3.0667E+00, 6.0000E-01,-6.6667E+00,
17:20:54.33347350, 3.0667E+00, 5.3333E-01,-5.6667E+00,
17:20:54.33347355, 2.9667E+00, 5.3333E-01,-5.6667E+00,
17:20:54.33347360, 3.0667E+00, 5.0000E-01,-5.6667E+00,
17:20:54.33347365, 3.0667E+00, 5.6667E-01,-5.6667E+00,
17:20:54.33347370, 3.0667E+00, 6.0000E-01,-5.6667E+00,
17:20:54.33347375, 3.0667E+00, 5.3333E-01,-5.3333E+00,
17:20:54.33347380, 3.0000E+00, 5.0000E-01,-5.3333E+00,
17:20:54.33347385, 3.0667E+00, 5.0000E-01,-5.3333E+00,
17:20:54.33347390, 3.1000E+00, 6.0000E-01,-5.3333E+00,
17:20:54.33347395, 3.0667E+00, 5.3333E-01,-5.6667E+00,
17:20:54.33347400, 3.0333E+00, 6.0000E-01,-5.6667E+00,
17:20:54.33347405, 3.1333E+00, 5.6667E-01,-5.6667E+00,
17:20:54.33347410, 3.0000E+00, 6.0000E-01,-6.0000E+00,
17:20:54.33347415, 3.0667E+00, 5.6667E-01,-5.6667E+00,
17:20:54.33347420, 3.0000E+00, 6.0000E-01,-5.3333E+00,
17:20:54.33347425, 3.0333E+00, 6.0000E-01,-5.3333E+00,
17:20:54.33347430, 3.0333E+00, 5.6667E-01,-5.3333E+00,
17:20:54.33347435, 2.9667E+00, 5.6667E-01,-5.3333E+00,
17:20:54.33347440, 3.1000E+00, 5.6667E-01,-5.3333E+00,
17:20:54.33347445, 3.0000E+00, 5.6667E-01,-5.3333E+00,
17:20:54.33347450, 3.0667E+00, 6.0000E-01,-5.3333E+00,
17:20:54.33347455, 3.1000E+00, 6.3333E-01,-5.0000E+00,
17:20:54.33347460, 3.0667E+00, 5.6667E-01,-5.3333E+00,
17:20:54.33347465, 3.0333E+00, 6.3333E-01,-5.0000E+00,
17:20:54.33347470, 3.0667E+00, 5.6667E-01,-5.3333E+00,
17:20:54.33347475, 3.0000E+00, 5.3333E-01,-5.3333E+00,
17:20:54.33347480, 3.1000E+00, 6.0000E-01,-5.0000E+00,
17:20:54.33347485, 3.0667E+00, 6.3333E-01,-5.3333E+00,
17:20:54.33347490, 3.0000E+00, 6.0000E-01,-4.6667E+00,
17:20:54.33347495, 3.0667E+00, 5.0000E-01,-5.6667E+00,
17:20:54.33347500, 3.0000E+00, 5.6667E-01,-4.6667E+00,
17:20:54.33347505, 3.0667E+00, 6.0000E-01,-5.6667E+00,
17:20:54.33347510, 3.0667E+00, 6.3333E-01,-5.3333E+00,
17:20:54.33347515, 3.0000E+00, 6.3333E-01,-5.3333E+00,
17:20:54.33347520, 2.9667E+00, 5.6667E-01,-5.0000E+00,
17:20:54.33347525, 3.0000E+00, 5.6667E-01,-5.3333E+00,
17:20:54.33347530, 3.1333E+00, 5.6667E-01,-5.6667E+00,
17:20:54.33347535, 3.0000E+00, 5.3333E-01,-5.0000E+00,
17:20:54.33347540, 3.0333E+00, 6.6667E-01,-5.0000E+00,
17:20:54.33347545, 3.0667E+00, 6.3333E-01,-5.0000E+00,
17:20:54.33347550, 3.0000E+00, 6.3333E-01,-5.3333E+00,
17:20:54.33347555, 3.0333E+00, 6.0000E-01,-5.3333E+00,
17:20:54.33347560, 3.0333E+00, 6.6667E-01,-5.0000E+00,
17:20:54.33347565, 3.0333E+00, 6.0000E-01,-5.3333E+00,
17:20:54.33347570, 3.0333E+00, 5.6667E-01,-5.0000E+00,
17:20:54.33347575, 3.0000E+00, 6.3333E-01,-5.3333E+00,
17:20:54.33347580, 3.0333E+00, 6.0000E-01,-5.0000E+00,
17:20:54.33347585, 3.0333E+00, 6.0000E-01,-5.3333E+00,
17:20:54.33347590, 3.0000E+00, 6.0000E-01,-4.6667E+00,
17:20:54.33347595, 3.0333E+00, 5.0000E-01,-4.6667E+00,
17:20:54.33347600, 3.0667E+00, 6.0000E-01,-5.0000E+00,
17:20:54.33347605, 3.0333E+00, 5.3333E-01,-5.3333E+00,
17:20:54.33347610, 3.0000E+00, 5.3333E-01,-4.3333E+00,
17:20:54.33347615, 3.0667E+00, 5.3333E-01,-5.3333E+00,
17:20:54.33347620, 3.0667E+00, 5.6667E-01,-5.3333E+00,
17:20:54.33347625, 3.0000E+00, 5.3333E-01,-5.3333E+00,
17:20:54.33347630, 3.0667E+00, 6.0000E-01,-5.0000E+00,
17:20:54.33347635, 3.0333E+00, 5.6667E-01,-5.3333E+00,
17:20:54.33347640, 3.0667E+00, 5.3333E-01,-5.0000E+00,
17:20:54.33347645, 3.0000E+00, 5.3333E-01,-4.6667E+00,
17:20:54.33347650, 3.1000E+00, 5.6667E-01,-4.6667E+00,
17:20:54.33347655, 3.0667E+00, 5.0000E-01,-5.0000E+00,
17:20:54.33347660, 3.0333E+00, 6.0000E-01,-4.3333E+00,
17:20:54.33347665, 3.0667E+00, 5.3333E-01,-5.3333E+00,
17:20:54.33347670, 3.0000E+00, 6.0000E-01,-5.0000E+00,
17:20:54.33347675, 3.0667E+00, 5.3333E-01,-4.6667E+00,
17:20:54.33347680, 2.9667E+00, 5.3333E-01,-4.6667E+00,
17:20:54.33347685, 3.1000E+00, 5.6667E-01,-5.0000E+00,
17:20:54.33347690, 3.0000E+00, 5.3333E-01,-5.0000E+00,
17:20:54.33347695, 3.0333E+00, 6.0000E-01,-5.0000E+00,
17:20:54.33347700, 3.0667E+00, 6.0000E-01,-4.3333E+00,
17:20:54.33347705, 3.0333E+00, 5.6667E-01,-4.0000E+00,
17:20:54.33347710, 2.9333E+00, 5.6667E-01,-5.0000E+00,
17:20:54.33347715, 3.0333E+00, 5.0000E-01,-4.3333E+00,
17:20:54.33347720, 3.0333E+00, 6.0000E-01,-5.0000E+00,
17:20:54.33347725, 3.0000E+00, 5.3333E-01,-4.3333E+00,
17:20:54.33347730, 3.0333E+00, 5.6667E-01,-4.6667E+00,
17:20:54.33347735, 2.9333E+00, 5.0000E-01,-4.6667E+00,
17:20:54.33347740, 3.0333E+00, 5.3333E-01,-5.3333E+00,
17:20:54.33347745, 3.0333E+00, 5.6667E-01,-4.3333E+00,
17:20:54.33347750, 3.0333E+00, 5.3333E-01,-4.0000E+00,
17:20:54.33347755, 3.0667E+00, 5.6667E-01,-5.0000E+00,
17:20:54.33347760, 3.0333E+00, 5.3333E-01,-4.6667E+00,
17:20:54.33347765, 3.0333E+00, 5.3333E-01,-4.3333E+00,
17:20:54.33347770, 3.0000E+00, 6.0000E-01,-4.6667E+00,
17:20:54.33347775, 3.0333E+00, 5.0000E-01,-4.3333E+00,
17:20:54.33347780, 3.0667E+00, 5.6667E-01,-5.0000E+00,
17:20:54.33347785, 2.9667E+00, 5.0000E-01,-4.6667E+00,
17:20:54.33347790, 3.0667E+00, 5.6667E-01,-4.6667E+00,
17:20:54.33347795, 3.0667E+00, 5.0000E-01,-5.0000E+00,
17:20:54.33347800, 3.0667E+00, 6.0000E-01,-4.3333E+00,
17:20:54.33347805, 3.0000E+00, 5.0000E-01,-4.3333E+00,
17:20:54.33347810, 3.0000E+00, 5.3333E-01,-4.3333E+00,
17:20:54.33347815, 3.0333E+00, 5.0000E-01,-4.6667E+00,
17:20:54.33347820, 2.9667E+00, 5.0000E-01,-5.0000E+00,
17:20:54.33347825, 3.0667E+00, 5.0000E-01,-4.0000E+00,
17:20:54.33347830, 3.0000E+00, 5.0000E-01,-4.6667E+00,
17:20:54.33347835, 3.0000E+00, 5.0000E-01,-4.6667E+00,
17:20:54.33347840, 3.0667E+00, 6.0000E-01,-4.6667E+00,
17:20:54.33347845, 3.0333E+00, 5.0000E-01,-4.6667E+00,
17:20:54.33347850, 2.9333E+00, 5.6667E-01,-4.3333E+00,
17:20:54.33347855, 3.0333E+00, 5.0000E-01,-4.0000E+00,
17:20:54.33347860, 3.0667E+00, 5.0000E-01,-4.0000E+00,
17:20:54.33347865, 3.0333E+00, 5.6667E-01,-4.3333E+00,
17:20:54.33347870, 3.0000E+00, 5.0000E-01,-5.0000E+00,
17:20:54.33347875, 3.0333E+00, 5.0000E-01,-4.6667E+00,
17:20:54.33347880, 3.0333E+00, 4.6667E-01,-5.0000E+00,
17:20:54.33347885, 3.0333E+00, 5.3333E-01,-5.0000E+00,
17:20:54.33347890, 3.0333E+00, 5.3333E-01,-4.3333E+00,
17:20:54.33347895, 3.0333E+00, 4.6667E-01,-4.0000E+00,
17:20:54.33347900, 3.0000E+00, 5.0000E-01,-4.3333E+00,
17:20:54.33347905, 3.0333E+00, 5.6667E-01,-3.6667E+00,
17:20:54.33347910, 3.0000E+00, 5.0000E-01,-3.3333E+00,
17:20:54.33347915, 3.0000E+00, 5.0000E-01,-4.6667E+00,
17:20:54.33347920, 3.0000E+00, 4.6667E-01,-5.0000E+00,
17:20:54.33347925, 2.9667E+00, 5.0000E-01,-5.0000E+00,
17:20:54.33347930, 3.1000E+00, 5.0000E-01,-3.6667E+00,
17:20:54.33347935, 3.0333E+00, 5.0000E-01,-4.6667E+00,
17:20:54.33347940, 3.0333E+00, 5.0000E-01,-4.0000E+00,
17:20:54.33347945, 3.0333E+00, 5.0000E-01,-4.3333E+00,
17:20:54.33347950, 3.0333E+00, 5.0000E-01,-3.6667E+00,
17:20:54.33347955, 3.0667E+00, 5.0000E-01,-4.6667E+00,
17:20:54.33347960, 3.0333E+00, 5.0000E-01,-5.0000E+00,
17:20:54.33347965, 3.0333E+00, 5.0000E-01,-4.3333E+00,
17:20:54.33347970, 3.0333E+00, 5.3333E-01,-4.3333E+00,
17:20:54.33347975, 3.0000E+00, 5.0000E-01,-4.3333E+00,
17:20:54.33347980, 3.0000E+00, 5.0000E-01,-4.3333E+00,
17:20:54.33347985, 3.0000E+00, 5.0000E-01,-4.3333E+00,
17:20:54.33347990, 3.0333E+00, 5.0000E-01,-4.0000E+00,
17:20:54.33347995, 3.0667E+00, 4.6667E-01,-5.0000E+00,
17:20:54.33348000, 2.9667E+00, 4.6667E-01,-4.6667E+00,
17:20:54.33348005, 2.9667E+00, 5.0000E-01,-4.3333E+00,
17:20:54.33348010, 3.0667E+00, 4.3333E-01,-4.6667E+00,
17:20:54.33348015, 3.0000E+00, 5.0000E-01,-4.3333E+00,
17:20:54.33348020, 3.1000E+00, 5.0000E-01,-5.0000E+00,
17:20:54.33348025, 3.0333E+00, 5.3333E-01,-4.3333E+00,
17:20:54.33348030, 3.1000E+00, 5.0000E-01,-4.3333E+00,
17:20:54.33348035, 3.0333E+00, 5.0000E-01,-4.3333E+00,
17:20:54.33348040, 3.0333E+00, 5.0000E-01,-4.3333E+00,
17:20:54.33348045, 3.0000E+00, 4.0000E-01,-4.6667E+00,
17:20:54.33348050, 2.9667E+00, 5.0000E-01,-4.3333E+00,
17:20:54.33348055, 3.0333E+00, 5.0000E-01,-4.6667E+00,
17:20:54.33348060, 2.9333E+00, 5.0000E-01,-4.6667E+00,
17:20:54.33348065, 3.0333E+00, 5.0000E-01,-4.3333E+00,
17:20:54.33348070, 3.0000E+00, 5.0000E-01,-4.6667E+00,
17:20:54.33348075, 3.0333E+00, 5.0000E-01,-4.3333E+00,
17:20:54.33348080, 3.1333E+00, 5.0000E-01,-4.6667E+00,
17:20:54.33348085, 3.0333E+00, 5.0000E-01,-4.6667E+00,
17:20:54.33348090, 3.1333E+00, 4.6667E-01,-4.3333E+00,
17:20:54.33348095, 3.0333E+00, 5.0000E-01,-5.0000E+00,
17:20:54.33348100, 3.0333E+00, 4.3333E-01,-5.0000E+00,
17:20:54.33348105, 3.0667E+00, 4.6667E-01,-5.0000E+00,
17:20:54.33348110, 3.0000E+00, 4.6667E-01,-4.3333E+00,
17:20:54.33348115, 3.0333E+00, 4.6667E-01,-4.0000E+00,
17:20:54.33348120, 3.0333E+00, 5.0000E-01,-4.6667E+00,
17:20:54.33348125, 3.0667E+00, 5.0000E-01,-4.3333E+00,
17:20:54.33348130, 3.0000E+00, 4.6667E-01,-4.6667E+00,
17:20:54.33348135, 3.0667E+00, 4.6667E-01,-4.3333E+00,
17:20:54.33348140, 3.1000E+00, 4.0000E-01,-5.0000E+00,
17:20:54.33348145, 3.0333E+00, 4.6667E-01,-5.0000E+00,
17:20:54.33348150, 2.9667E+00, 5.0000E-01,-4.3333E+00,
17:20:54.33348155, 3.0000E+00, 4.6667E-01,-4.3333E+00,
17:20:54.33348160, 3.0000E+00, 4.6667E-01,-5.0000E+00,
17:20:54.33348165, 3.0000E+00, 5.0000E-01,-4.6667E+00,
17:20:54.33348170, 3.0667E+00, 4.6667E-01,-4.3333E+00,
17:20:54.33348175, 3.0333E+00, 4.6667E-01,-5.0000E+00,
17:20:54.33348180, 3.0333E+00, 5.0000E-01,-4.0000E+00,
17:20:54.33348185, 3.0000E+00, 4.6667E-01,-4.6667E+00,
17:20:54.33348190, 3.0333E+00, 5.0000E-01,-4.3333E+00,
17:20:54.33348195, 3.0000E+00, 5.0000E-01,-4.3333E+00,
17:20:54.33348200, 2.9667E+00, 4.6667E-01,-4.6667E+00,
17:20:54.33348205, 3.0333E+00, 5.0000E-01,-4.6667E+00,
17:20:54.33348210, 2.9333E+00, 5.0000E-01,-4.6667E+00,
17:20:54.33348215, 3.0000E+00, 5.0000E-01,-4.6667E+00,
17:20:54.33348220, 3.0333E+00, 5.0000E-01,-5.0000E+00,
17:20:54.33348225, 3.0000E+00, 5.0000E-01,-4.6667E+00,
17:20:54.33348230, 3.0333E+00, 4.6667E-01,-4.6667E+00,
17:20:54.33348235, 3.0667E+00, 4.6667E-01,-5.3333E+00,
17:20:54.33348240, 3.0000E+00, 4.6667E-01,-5.0000E+00,
17:20:54.33348245, 2.9667E+00, 4.6667E-01,-5.0000E+00,
17:20:54.33348250, 3.0000E+00, 5.0000E-01,-4.6667E+00,
17:20:54.33348255, 3.0667E+00, 4.6667E-01,-4.6667E+00,
17:20:54.33348260, 3.1000E+00, 5.0000E-01,-5.0000E+00,
17:20:54.33348265, 3.0667E+00, 5.0000E-01,-4.3333E+00,
17:20:54.33348270, 3.1333E+00, 5.0000E-01,-5.3333E+00,
17:20:54.33348275, 3.0333E+00, 4.0000E-01,-5.3333E+00,
17:20:54.33348280, 3.1333E+00, 3.6667E-01,-4.6667E+00,
17:20:54.33348285, 2.9667E+00, 4.6667E-01,-5.0000E+00,
17:20:54.33348290, 3.0000E+00, 5.0000E-01,-4.3333E+00,
17:20:54.33348295, 3.0333E+00, 5.0000E-01,-5.0000E+00,
17:20:54.33348300, 3.0000E+00, 4.6667E-01,-4.0000E+00,
17:20:54.33348305, 3.0000E+00, 5.0000E-01,-5.0000E+00,
17:20:54.33348310, 3.1000E+00, 4.6667E-01,-5.3333E+00,
17:20:54.33348315, 3.1000E+00, 4.3333E-01,-5.0000E+00,
17:20:54.33348320, 3.0667E+00, 4.3333E-01,-4.6667E+00,
17:20:54.33348325, 3.0667E+00, 4.6667E-01,-5.0000E+00,
17:20:54.33348330, 2.9667E+00, 5.0000E-01,-5.3333E+00,
17:20:54.33348335, 3.0667E+00, 4.6667E-01,-5.0000E+00,
17:20:54.33348340, 3.1000E+00, 4.3333E-01,-4.6667E+00,
17:20:54.33348345, 3.0667E+00, 4.6667E-01,-5.0000E+00,
17:20:54.33348350, 3.0667E+00, 4.6667E-01,-4.6667E+00,
17:20:54.33348355, 3.0000E+00, 5.0000E-01,-4.6667E+00,
17:20:54.33348360, 3.0667E+00, 5.3333E-01,-5.3333E+00,
17:20:54.33348365, 3.0333E+00, 5.0000E-01,-5.0000E+00,
17:20:54.33348370, 3.1000E+00, 5.0000E-01,-5.0000E+00,
17:20:54.33348375, 3.0000E+00, 4.6667E-01,-5.3333E+00,
17:20:54.33348380, 3.0667E+00, 4.3333E-01,-5.0000E+00,
17:20:54.33348385, 3.0667E+00, 5.0000E-01,-4.6667E+00,
17:20:54.33348390, 3.0333E+00, 5.0000E-01,-5.0000E+00,
17:20:54.33348395, 3.0667E+00, 4.6667E-01,-5.0000E+00,
17:20:54.33348400, 2.9667E+00, 5.0000E-01,-4.3333E+00,
17:20:54.33348405, 3.0667E+00, 5.0000E-01,-5.3333E+00,
17:20:54.33348410, 3.0667E+00, 4.6667E-01,-4.6667E+00,
17:20:54.33348415, 3.0000E+00, 5.0000E-01,-5.3333E+00,
17:20:54.33348420, 3.0333E+00, 4.3333E-01,-4.6667E+00,
17:20:54.33348425, 3.0333E+00, 4.6667E-01,-4.6667E+00,
17:20:54.33348430, 3.0333E+00, 4.3333E-01,-4.6667E+00,
17:20:54.33348435, 3.0333E+00, 5.0000E-01,-5.0000E+00,
17:20:54.33348440, 3.0000E+00, 5.0000E-01,-4.3333E+00,
17:20:54.33348445, 3.0667E+00, 5.0000E-01,-5.3333E+00,
17:20:54.33348450, 3.0000E+00, 4.3333E-01,-5.0000E+00,
17:20:54.33348455, 3.0000E+00, 4.3333E-01,-5.0000E+00,
17:20:54.33348460, 3.1000E+00, 4.6667E-01,-5.0000E+00,
17:20:54.33348465, 3.0333E+00, 4.6667E-01,-5.0000E+00,
17:20:54.33348470, 3.0000E+00, 4.3333E-01,-5.0000E+00,
17:20:54.33348475, 3.0667E+00, 5.0000E-01,-5.3333E+00,
17:20:54.33348480, 3.0667E+00, 4.6667E-01,-5.3333E+00,
17:20:54.33348485, 3.0000E+00, 4.3333E-01,-5.0000E+00,
17:20:54.33348490, 3.0000E+00, 5.0000E-01,-5.3333E+00,
17:20:54.33348495, 3.0667E+00, 5.0000E-01,-4.6667E+00,
17:20:54.33348500, 2.9667E+00, 5.0000E-01,-5.3333E+00,
17:20:54.33348505, 3.0667E+00, 4.3333E-01,-4.6667E+00,
17:20:54.33348510, 3.0000E+00, 5.3333E-01,-5.3333E+00,
17:20:54.33348515, 3.0667E+00, 4.6667E-01,-5.3333E+00,
17:20:54.33348520, 3.0333E+00, 5.0000E-01,-5.3333E+00,
17:20:54.33348525, 3.0333E+00, 4.6667E-01,-4.3333E+00,
17:20:54.33348530, 3.0667E+00, 4.6667E-01,-5.3333E+00,
17:20:54.33348535, 3.0667E+00, 5.0000E-01,-5.6667E+00,
17:20:54.33348540, 3.0333E+00, 5.6667E-01,-5.3333E+00,
17:20:54.33348545, 3.0333E+00, 5.3333E-01,-5.0000E+00,
17:20:54.33348550, 3.0333E+00, 4.6667E-01,-4.3333E+00,
17:20:54.33348555, 3.0333E+00, 5.0000E-01,-5.3333E+00,
17:20:54.33348560, 3.0667E+00, 5.0000E-01,-5.3333E+00,
17:20:54.33348565, 3.0000E+00, 5.0000E-01,-5.3333E+00,
17:20:54.33348570, 3.0667E+00, 5.0000E-01,-5.3333E+00,
17:20:54.33348575, 3.0667E+00, 5.0000E-01,-5.0000E+00,
17:20:54.33348580, 3.0333E+00, 5.0000E-01,-4.3333E+00,
17:20:54.33348585, 2.9667E+00, 5.0000E-01,-5.3333E+00,
17:20:54.33348590, 3.0667E+00, 5.0000E-01,-5.3333E+00,
17:20:54.33348595, 3.0667E+00, 5.0000E-01,-4.6667E+00,
17:20:54.33348600, 3.1000E+00, 5.0000E-01,-5.0000E+00,
17:20:54.33348605, 3.0000E+00, 4.6667E-01,-5.0000E+00,
17:20:54.33348610, 3.0000E+00, 4.6667E-01,-5.3333E+00,
17:20:54.33348615, 3.0667E+00, 5.0000E-01,-5.3333E+00,
17:20:54.33348620, 3.0000E+00, 5.0000E-01,-5.3333E+00,
17:20:54.33348625, 3.0333E+00, 4.6667E-01,-5.3333E+00,
17:20:54.33348630, 3.0000E+00, 4.6667E-01,-5.3333E+00,
17:20:54.33348635, 3.0667E+00, 5.3333E-01,-5.3333E+00,
17:20:54.33348640, 3.0333E+00, 5.3333E-01,-5.3333E+00,
17:20:54.33348645, 3.0667E+00, 5.0000E-01,-5.0000E+00,
17:20:54.33348650, 3.0667E+00, 5.0000E-01,-5.0000E+00,
17:20:54.33348655, 3.1000E+00, 5.0000E-01,-4.6667E+00,
17:20:54.33348660, 3.0667E+00, 5.0000E-01,-5.3333E+00,
17:20:54.33348665, 3.0333E+00, 5.0000E-01,-5.3333E+00,
17:20:54.33348670, 3.0333E+00, 4.6667E-01,-5.0000E+00,
17:20:54.33348675, 3.0000E+00, 4.3333E-01,-5.3333E+00,
17:20:54.33348680, 3.0667E+00, 5.0000E-01,-4.3333E+00,
17:20:54.33348685, 3.0000E+00, 5.0000E-01,-5.3333E+00,
17:20:54.33348690, 3.1000E+00, 6.0000E-01,-4.3333E+00,
17:20:54.33348695, 3.0000E+00, 5.0000E-01,-5.3333E+00,
17:20:54.33348700, 3.1000E+00, 5.0000E-01,-5.3333E+00,
17:20:54.33348705, 3.1000E+00, 4.6667E-01,-4.6667E+00,
17:20:54.33348710, 3.1000E+00, 5.0000E-01,-4.6667E+00,
17:20:54.33348715, 3.0667E+00, 5.0000E-01,-5.3333E+00,
17:20:54.33348720, 3.0667E+00, 5.0000E-01,-5.3333E+00,
17:20:54.33348725, 3.0000E+00, 5.6667E-01,-4.6667E+00,
17:20:54.33348730, 3.0000E+00, 4.6667E-01,-5.3333E+00,
17:20:54.33348735, 3.0000E+00, 4.6667E-01,-4.3333E+00,
17:20:54.33348740, 3.0667E+00, 4.6667E-01,-4.6667E+00,
17:20:54.33348745, 3.0333E+00, 5.6667E-01,-5.3333E+00,
17:20:54.33348750, 3.0667E+00, 5.0000E-01,-5.3333E+00,
17:20:54.33348755, 3.0333E+00, 4.6667E-01,-5.0000E+00,
17:20:54.33348760, 3.0333E+00, 5.0000E-01,-4.6667E+00,
17:20:54.33348765, 3.0333E+00, 5.3333E-01,-4.6667E+00,
17:20:54.33348770, 2.9667E+00, 5.0000E-01,-4.6667E+00,
17:20:54.33348775, 3.0000E+00, 5.3333E-01,-5.0000E+00,
17:20:54.33348780, 3.0667E+00, 5.0000E-01,-4.6667E+00,
17:20:54.33348785, 3.1333E+00, 4.6667E-01,-4.3333E+00,
17:20:54.33348790, 3.0667E+00, 5.0000E-01,-5.0000E+00,
17:20:54.33348795, 2.9667E+00, 5.0000E-01,-5.0000E+00,
17:20:54.33348800, 3.0333E+00, 4.6667E-01,-5.3333E+00,
17:20:54.33348805, 3.0667E+00, 5.3333E-01,-5.3333E+00,
17:20:54.33348810, 3.0333E+00, 5.6667E-01,-5.6667E+00,
17:20:54.33348815, 3.0333E+00, 5.0000E-01,-6.0000E+00,
17:20:54.33348820, 3.0000E+00, 5.0000E-01,-4.6667E+00,
17:20:54.33348825, 3.0333E+00, 5.0000E-01,-5.0000E+00,
17:20:54.33348830, 3.0667E+00, 5.0000E-01,-5.3333E+00,
17:20:54.33348835, 3.1000E+00, 5.6667E-01,-4.6667E+00,
17:20:54.33348840, 3.0667E+00, 5.0000E-01,-5.0000E+00,
17:20:54.33348845, 3.0000E+00, 5.0000E-01,-5.3333E+00,
17:20:54.33348850, 3.1000E+00, 4.6667E-01,-4.6667E+00,
17:20:54.33348855, 3.1000E+00, 5.0000E-01,-5.0000E+00,
17:20:54.33348860, 3.1333E+00, 5.0000E-01,-4.6667E+00,
17:20:54.33348865, 3.0333E+00, 5.0000E-01,-5.3333E+00,
17:20:54.33348870, 3.0667E+00, 5.0000E-01,-5.3333E+00,
17:20:54.33348875, 2.9667E+00, 4.6667E-01,-5.0000E+00,
17:20:54.33348880, 3.0667E+00, 4.3333E-01,-5.3333E+00,
17:20:54.33348885, 3.1000E+00, 5.0000E-01,-5.3333E+00,
17:20:54.33348890, 3.0333E+00, 5.0000E-01,-5.0000E+00,
17:20:54.33348895, 3.1333E+00, 4.6667E-01,-5.0000E+00,
17:20:54.33348900, 3.1000E+00, 5.0000E-01,-5.3333E+00,
17:20:54.33348905, 3.0333E+00, 5.6667E-01,-5.0000E+00,
17:20:54.33348910, 3.0000E+00, 5.0000E-01,-4.6667E+00,
17:20:54.33348915, 3.0667E+00, 5.0000E-01,-5.0000E+00,
17:20:54.33348920, 3.0000E+00, 5.0000E-01,-5.0000E+00,
17:20:54.33348925, 3.0000E+00, 5.3333E-01,-5.3333E+00,
17:20:54.33348930, 3.0667E+00, 5.3333E-01,-5.0000E+00,
17:20:54.33348935, 3.0333E+00, 5.0000E-01,-5.0000E+00,
17:20:54.33348940, 3.0000E+00, 5.0000E-01,-5.0000E+00,
17:20:54.33348945, 3.0667E+00, 4.3333E-01,-5.0000E+00,
17:20:54.33348950, 3.0667E+00, 4.6667E-01,-5.3333E+00,
17:20:54.33348955, 3.1000E+00, 5.0000E-01,-5.3333E+00,
17:20:54.33348960, 3.0333E+00, 5.0000E-01,-5.0000E+00,
17:20:54.33348965, 3.0000E+00, 6.0000E-01,-5.3333E+00,
17:20:54.33348970, 3.0667E+00, 5.0000E-01,-4.3333E+00,
17:20:54.33348975, 3.1000E+00, 5.3333E-01,-5.0000E+00,
17:20:54.33348980, 3.0333E+00, 5.0000E-01,-5.3333E+00,
17:20:54.33348985, 3.0333E+00, 5.0000E-01,-5.0000E+00,
17:20:54.33348990, 3.0000E+00, 5.0000E-01,-5.3333E+00,
17:20:54.33348995, 3.0000E+00, 4.6667E-01,-5.0000E+00,
17:20:54.33349000, 3.0000E+00, 5.0000E-01,-4.3333E+00,
17:20:54.33349005, 2.9667E+00, 5.3333E-01,-5.3333E+00,
17:20:54.33349010, 3.0333E+00, 5.0000E-01,-5.3333E+00,
17:20:54.33349015, 3.0000E+00, 5.0000E-01,-4.6667E+00,
17:20:54.33349020, 3.1000E+00, 5.3333E-01,-4.3333E+00,
17:20:54.33349025, 3.0000E+00, 5.0000E-01,-5.0000E+00,
17:20:54.33349030, 3.0333E+00, 5.0000E-01,-4.6667E+00,
17:20:54.33349035, 3.0333E+00, 6.0000E-01,-4.3333E+00,
17:20:54.33349040, 3.1000E+00, 5.0000E-01,-5.0000E+00,
17:20:54.33349045, 3.0667E+00, 5.0000E-01,-5.3333E+00,
17:20:54.33349050, 3.0667E+00, 5.0000E-01,-5.0000E+00,
17:20:54.33349055, 3.0667E+00, 5.0000E-01,-4.6667E+00,
17:20:54.33349060, 3.0667E+00, 5.0000E-01,-5.3333E+00,
17:20:54.33349065, 3.0667E+00, 5.0000E-01,-5.0000E+00,
17:20:54.33349070, 3.0333E+00, 5.0000E-01,-4.6667E+00,
17:20:54.33349075, 3.1333E+00, 5.0000E-01,-4.6667E+00,
17:20:54.33349080, 3.1000E+00, 5.3333E-01,-4.6667E+00,
17:20:54.33349085, 2.9667E+00, 5.3333E-01,-5.3333E+00,
17:20:54.33349090, 3.0000E+00, 5.6667E-01,-5.0000E+00,
17:20:54.33349095, 3.0000E+00, 5.0000E-01,-4.6667E+00,
17:20:54.33349100, 3.0333E+00, 5.0000E-01,-5.0000E+00,
17:20:54.33349105, 3.0333E+00, 5.0000E-01,-5.3333E+00,
17:20:54.33349110, 3.0667E+00, 5.0000E-01,-4.6667E+00,
17:20:54.33349115, 2.9667E+00, 5.0000E-01,-5.3333E+00,
17:20:54.33349120, 3.0667E+00, 5.0000E-01,-5.3333E+00,
17:20:54.33349125, 3.0667E+00, 5.0000E-01,-5.0000E+00,
17:20:54.33349130, 3.0000E+00, 5.0000E-01,-5.3333E+00,
17:20:54.33349135, 3.0667E+00, 5.6667E-01,-5.0000E+00,
17:20:54.33349140, 3.0000E+00, 4.6667E-01,-5.0000E+00,
17:20:54.33349145, 3.0333E+00, 5.0000E-01,-5.0000E+00,
17:20:54.33349150, 3.1000E+00, 5.0000E-01,-5.0000E+00,
17:20:54.33349155, 2.9333E+00, 5.3333E-01,-4.3333E+00,
17:20:54.33349160, 3.0000E+00, 5.0000E-01,-5.0000E+00,
17:20:54.33349165, 3.0333E+00, 5.0000E-01,-4.0000E+00,
17:20:54.33349170, 3.0667E+00, 5.0000E-01,-5.0000E+00,
17:20:54.33349175, 3.0667E+00, 5.0000E-01,-4.6667E+00,
17:20:54.33349180, 3.1000E+00, 5.0000E-01,-5.0000E+00,
17:20:54.33349185, 3.0333E+00, 5.0000E-01,-4.6667E+00,
17:20:54.33349190, 3.0667E+00, 5.0000E-01,-5.3333E+00,
17:20:54.33349195, 3.0667E+00, 5.3333E-01,-5.0000E+00,
17:20:54.33349200, 3.1333E+00, 4.6667E-01,-5.3333E+00,
17:20:54.33349205, 3.0333E+00, 5.0000E-01,-4.6667E+00,
17:20:54.33349210, 3.0333E+00, 4.6667E-01,-5.3333E+00,
17:20:54.33349215, 3.0667E+00, 5.3333E-01,-5.0000E+00,
17:20:54.33349220, 3.0667E+00, 5.3333E-01,-4.6667E+00,
17:20:54.33349225, 3.0667E+00, 5.0000E-01,-5.3333E+00,
17:20:54.33349230, 3.0333E+00, 5.0000E-01,-4.0000E+00,
17:20:54.33349235, 3.1000E+00, 5.0000E-01,-4.0000E+00,
17:20:54.33349240, 3.0333E+00, 4.3333E-01,-4.6667E+00,
17:20:54.33349245, 2.9667E+00, 5.0000E-01,-4.6667E+00,
17:20:54.33349250, 3.0667E+00, 4.6667E-01,-5.3333E+00,
17:20:54.33349255, 3.0667E+00, 5.0000E-01,-4.6667E+00,
17:20:54.33349260, 3.0000E+00, 5.0000E-01,-4.6667E+00,
17:20:54.33349265, 3.1333E+00, 5.0000E-01,-4.6667E+00,
17:20:54.33349270, 3.0667E+00, 5.3333E-01,-5.3333E+00,
17:20:54.33349275, 3.0000E+00, 4.6667E-01,-5.0000E+00,
17:20:54.33349280, 3.0667E+00, 5.0000E-01,-5.3333E+00,
17:20:54.33349285, 3.0667E+00, 5.0000E-01,-4.6667E+00,
17:20:54.33349290, 3.0333E+00, 5.0000E-01,-5.0000E+00,
17:20:54.33349295, 3.0667E+00, 4.6667E-01,-5.0000E+00,
17:20:54.33349300, 3.0333E+00, 5.0000E-01,-5.0000E+00,
17:20:54.33349305, 3.0667E+00, 5.0000E-01,-5.3333E+00,
17:20:54.33349310, 3.0000E+00, 5.0000E-01,-5.0000E+00,
17:20:54.33349315, 3.0667E+00, 5.0000E-01,-4.6667E+00,
17:20:54.33349320, 3.1000E+00, 4.6667E-01,-5.0000E+00,
17:20:54.33349325, 3.0333E+00, 4.3333E-01,-3.6667E+00,
17:20:54.33349330, 3.0667E+00, 4.3333E-01,-4.6667E+00,
17:20:54.33349335, 3.0000E+00, 5.0000E-01,-5.0000E+00,
17:20:54.33349340, 3.0667E+00, 5.0000E-01,-5.3333E+00,
17:20:54.33349345, 2.9333E+00, 5.0000E-01,-5.0000E+00,
17:20:54.33349350, 3.0000E+00, 4.3333E-01,-5.3333E+00,
17:20:54.33349355, 3.0667E+00, 5.0000E-01,-5.0000E+00,
17:20:54.33349360, 3.0333E+00, 5.0000E-01,-5.0000E+00,
17:20:54.33349365, 3.0333E+00, 5.0000E-01,-5.0000E+00,
17:20:54.33349370, 3.0333E+00, 5.0000E-01,-5.0000E+00,
17:20:54.33349375, 3.0000E+00, 5.0000E-01,-5.0000E+00,
17:20:54.33349380, 3.0667E+00, 5.3333E-01,-5.0000E+00,
17:20:54.33349385, 3.0667E+00, 5.3333E-01,-5.3333E+00,
17:20:54.33349390, 3.0000E+00, 5.3333E-01,-5.0000E+00,
17:20:54.33349395, 2.9667E+00, 4.6667E-01,-5.0000E+00,
17:20:54.33349400, 3.0667E+00, 5.0000E-01,-5.0000E+00,
17:20:54.33349405, 3.0000E+00, 5.0000E-01,-4.6667E+00,
17:20:54.33349410, 3.0667E+00, 5.0000E-01,-5.3333E+00,
17:20:54.33349415, 3.1000E+00, 5.0000E-01,-4.6667E+00,
17:20:54.33349420, 3.0667E+00, 5.0000E-01,-5.3333E+00,
17:20:54.33349425, 3.0333E+00, 4.6667E-01,-5.0000E+00,
17:20:54.33349430, 3.0667E+00, 4.6667E-01,-4.6667E+00,
17:20:54.33349435, 3.0667E+00, 5.0000E-01,-5.0000E+00,
17:20:54.33349440, 3.0000E+00, 5.3333E-01,-5.3333E+00,
17:20:54.33349445, 3.0000E+00, 5.3333E-01,-4.6667E+00,
17:20:54.33349450, 3.0000E+00, 4.6667E-01,-4.6667E+00,
17:20:54.33349455, 3.0333E+00, 5.6667E-01,-5.3333E+00,
17:20:54.33349460, 3.0667E+00, 5.3333E-01,-5.0000E+00,
17:20:54.33349465, 3.0333E+00, 4.6667E-01,-5.0000E+00,
17:20:54.33349470, 3.1333E+00, 5.0000E-01,-5.3333E+00,
17:20:54.33349475, 3.0333E+00, 5.0000E-01,-5.0000E+00,
17:20:54.33349480, 3.0667E+00, 5.0000E-01,-5.0000E+00,
17:20:54.33349485, 3.0333E+00, 5.0000E-01,-4.6667E+00,
17:20:54.33349490, 3.0667E+00, 5.0000E-01,-5.0000E+00,
17:20:54.33349495, 3.0000E+00, 5.0000E-01,-4.6667E+00,
17:20:54.33349500, 3.0333E+00, 5.0000E-01,-5.3333E+00,
17:20:54.33349505, 3.0000E+00, 5.3333E-01,-5.0000E+00,
17:20:54.33349510, 3.0667E+00, 5.0000E-01,-5.6667E+00,
17:20:54.33349515, 3.0667E+00, 5.3333E-01,-5.0000E+00,
17:20:54.33349520, 3.0667E+00, 4.6667E-01,-4.3333E+00,
17:20:54.33349525, 2.9667E+00, 5.0000E-01,-5.0000E+00,
17:20:54.33349530, 3.0000E+00, 4.6667E-01,-5.3333E+00,
17:20:54.33349535, 3.0667E+00, 5.0000E-01,-5.3333E+00,
17:20:54.33349540, 3.0667E+00, 4.6667E-01,-5.0000E+00,
17:20:54.33349545, 3.0333E+00, 5.0000E-01,-5.0000E+00,
17:20:54.33349550, 3.0667E+00, 5.0000E-01,-5.0000E+00,
17:20:54.33349555, 3.0667E+00, 5.3333E-01,-4.6667E+00,
17:20:54.33349560, 3.0667E+00, 5.0000E-01,-4.3333E+00,
17:20:54.33349565, 3.0000E+00, 5.0000E-01,-5.3333E+00,
17:20:54.33349570, 3.0000E+00, 5.6667E-01,-5.0000E+00,
17:20:54.33349575, 3.0000E+00, 5.0000E-01,-4.6667E+00,
17:20:54.33349580, 3.0333E+00, 5.0000E-01,-5.0000E+00,
17:20:54.33349585, 3.0667E+00, 5.0000E-01,-5.3333E+00,
17:20:54.33349590, 3.0000E+00, 5.0000E-01,-5.0000E+00,
17:20:54.33349595, 3.0333E+00, 5.3333E-01,-5.3333E+00,
17:20:54.33349600, 3.0333E+00, 5.3333E-01,-5.3333E+00,
17:20:54.33349605, 3.0000E+00, 5.0000E-01,-5.3333E+00,
17:20:54.33349610, 3.1000E+00, 4.3333E-01,-5.3333E+00,
17:20:54.33349615, 3.0333E+00, 4.6667E-01,-4.3333E+00,
17:20:54.33349620, 3.0667E+00, 5.0000E-01,-5.0000E+00,
17:20:54.33349625, 3.0000E+00, 5.0000E-01,-5.0000E+00,
17:20:54.33349630, 3.0667E+00, 5.0000E-01,-5.0000E+00,
17:20:54.33349635, 3.0000E+00, 5.0000E-01,-5.3333E+00,
17:20:54.33349640, 3.0667E+00, 5.0000E-01,-4.3333E+00,
17:20:54.33349645, 3.0667E+00, 5.6667E-01,-4.3333E+00,
17:20:54.33349650, 3.0333E+00, 4.6667E-01,-4.6667E+00,
17:20:54.33349655, 3.0667E+00, 5.0000E-01,-4.3333E+00,
17:20:54.33349660, 3.1000E+00, 5.0000E-01,-4.3333E+00,
17:20:54.33349665, 3.0333E+00, 5.0000E-01,-5.3333E+00,
17:20:54.33349670, 3.0667E+00, 5.0000E-01,-5.0000E+00,
17:20:54.33349675, 3.0667E+00, 5.0000E-01,-5.0000E+00,
17:20:54.33349680, 3.1000E+00, 4.6667E-01,-4.6667E+00,
17:20:54.33349685, 2.9667E+00, 5.0000E-01,-5.3333E+00,
17:20:54.33349690, 3.0333E+00, 5.0000E-01,-5.0000E+00,
17:20:54.33349695, 3.1000E+00, 4.6667E-01,-5.0000E+00,
17:20:54.33349700, 3.0333E+00, 5.0000E-01,-5.3333E+00,
17:20:54.33349705, 3.0333E+00, 5.0000E-01,-5.0000E+00,
17:20:54.33349710, 3.0667E+00, 6.0000E-01,-5.0000E+00,
17:20:54.33349715, 3.0333E+00, 5.0000E-01,-5.3333E+00,
17:20:54.33349720, 3.1000E+00, 5.3333E-01,-5.0000E+00,
17:20:54.33349725, 3.0333E+00, 5.0000E-01,-4.6667E+00,
17:20:54.33349730, 3.0667E+00, 5.0000E-01,-5.0000E+00,
17:20:54.33349735, 2.9667E+00, 5.0000E-01,-5.3333E+00,
17:20:54.33349740, 3.0333E+00, 4.6667E-01,-4.3333E+00,
17:20:54.33349745, 3.0000E+00, 5.3333E-01,-5.3333E+00,
17:20:54.33349750, 3.0333E+00, 5.0000E-01,-4.6667E+00,
17:20:54.33349755, 3.1000E+00, 4.6667E-01,-4.6667E+00,
17:20:54.33349760, 3.0667E+00, 4.6667E-01,-4.6667E+00,
17:20:54.33349765, 3.1000E+00, 4.0000E-01,-5.3333E+00,
17:20:54.33349770, 3.0667E+00, 4.6667E-01,-5.3333E+00,
17:20:54.33349775, 3.0000E+00, 5.0000E-01,-5.0000E+00,
17:20:54.33349780, 3.0667E+00, 5.0000E-01,-5.0000E+00,
17:20:54.33349785, 3.0000E+00, 5.0000E-01,-4.6667E+00,
17:20:54.33349790, 3.0667E+00, 5.3333E-01,-5.0000E+00,
17:20:54.33349795, 3.0667E+00, 5.0000E-01,-4.3333E+00,
17:20:54.33349800, 2.9667E+00, 5.0000E-01,-5.3333E+00,
17:20:54.33349805, 3.0667E+00, 5.0000E-01,-5.3333E+00,
17:20:54.33349810, 3.0333E+00, 5.0000E-01,-4.6667E+00,
17:20:54.33349815, 3.0333E+00, 4.6667E-01,-5.0000E+00,
17:20:54.33349820, 3.0667E+00, 4.6667E-01,-5.3333E+00,
17:20:54.33349825, 3.0333E+00, 5.0000E-01,-5.0000E+00,
17:20:54.33349830, 3.0333E+00, 4.6667E-01,-4.6667E+00,
17:20:54.33349835, 3.0333E+00, 5.0000E-01,-5.0000E+00,
17:20:54.33349840, 3.0000E+00, 5.0000E-01,-5.0000E+00,
17:20:54.33349845, 3.0333E+00, 4.3333E-01,-4.6667E+00,
17:20:54.33349850, 3.1000E+00, 5.3333E-01,-4.6667E+00,
17:20:54.33349855, 3.1000E+00, 5.0000E-01,-4.6667E+00,
17:20:54.33349860, 3.1000E+00, 5.0000E-01,-5.0000E+00,
17:20:54.33349865, 3.0667E+00, 5.0000E-01,-5.0000E+00,
17:20:54.33349870, 3.0000E+00, 5.0000E-01,-5.0000E+00,
17:20:54.33349875, 3.0333E+00, 5.3333E-01,-4.3333E+00,
17:20:54.33349880, 2.9667E+00, 5.6667E-01,-5.0000E+00,
17:20:54.33349885, 3.0333E+00, 4.6667E-01,-5.0000E+00,
17:20:54.33349890, 3.0333E+00, 5.0000E-01,-5.0000E+00,
17:20:54.33349895, 3.0333E+00, 5.0000E-01,-4.6667E+00,
17:20:54.33349900, 3.0333E+00, 4.6667E-01,-5.0000E+00,
17:20:54.33349905, 3.0000E+00, 5.0000E-01,-4.6667E+00,
17:20:54.33349910, 3.0333E+00, 4.3333E-01,-5.0000E+00,
17:20:54.33349915, 3.0333E+00, 5.0000E-01,-5.0000E+00,
17:20:54.33349920, 3.0333E+00, 4.6667E-01,-5.3333E+00,
17:20:54.33349925, 3.0000E+00, 4.6667E-01,-4.0000E+00,
17:20:54.33349930, 3.0000E+00, 5.0000E-01,-4.6667E+00,
17:20:54.33349935, 3.0000E+00, 4.6667E-01,-5.0000E+00,
17:20:54.33349940, 3.0667E+00, 4.6667E-01,-5.3333E+00,
17:20:54.33349945, 3.0667E+00, 5.3333E-01,-4.6667E+00,
17:20:54.33349950, 3.0333E+00, 5.0000E-01,-4.6667E+00,
17:20:54.33349955, 3.1333E+00, 5.0000E-01,-5.0000E+00,
17:20:54.33349960, 2.9667E+00, 5.0000E-01,-4.6667E+00,
17:20:54.33349965, 3.0000E+00, 4.6667E-01,-4.6667E+00,
17:20:54.33349970, 3.0000E+00, 5.0000E-01,-5.3333E+00,
17:20:54.33349975, 3.0000E+00, 5.0000E-01,-4.6667E+00,
17:20:54.33349980, 3.0333E+00, 5.0000E-01,-5.0000E+00,
17:20:54.33349985, 3.0667E+00, 4.6667E-01,-4.3333E+00,
17:20:54.33349990, 3.0000E+00, 5.0000E-01,-5.0000E+00,
17:20:54.33349995, 3.0333E+00, 5.0000E-01,-5.3333E+00,
17:20:54.33350000, 3.0333E+00, 4.3333E-01,-5.0000E+00,
17:20:54.33350005, 3.0000E+00, 5.0000E-01,-4.0000E+00,
17:20:54.33350010, 3.0667E+00, 5.0000E-01,-4.3333E+00,
17:20:54.33350015, 3.0667E+00, 5.0000E-01,-5.3333E+00,
17:20:54.33350020, 3.0667E+00, 5.0000E-01,-5.3333E+00,
17:20:54.33350025, 3.0000E+00, 5.0000E-01,-5.3333E+00,
17:20:54.33350030, 3.0667E+00, 5.0000E-01,-4.6667E+00,
17:20:54.33350035, 3.0667E+00, 5.0000E-01,-4.6667E+00,
17:20:54.33350040, 3.0000E+00, 5.3333E-01,-5.0000E+00,
17:20:54.33350045, 3.0667E+00, 4.6667E-01,-5.0000E+00,
17:20:54.33350050, 3.0667E+00, 5.3333E-01,-4.3333E+00,
17:20:54.33350055, 3.0667E+00, 4.6667E-01,-5.3333E+00,
17:20:54.33350060, 3.0333E+00, 5.3333E-01,-3.6667E+00,
17:20:54.33350065, 2.9667E+00, 5.0000E-01,-4.6667E+00,
17:20:54.33350070, 3.0333E+00, 5.0000E-01,-5.0000E+00,
17:20:54.33350075, 3.0333E+00, 5.0000E-01,-5.0000E+00,
17:20:54.33350080, 3.0333E+00, 5.0000E-01,-4.0000E+00,
17:20:54.33350085, 3.0333E+00, 5.0000E-01,-5.3333E+00,
17:20:54.33350090, 3.0667E+00, 4.6667E-01,-4.6667E+00,
17:20:54.33350095, 3.1000E+00, 4.6667E-01,-4.3333E+00,
17:20:54.33350100, 3.0667E+00, 5.0000E-01,-4.6667E+00,
17:20:54.33350105, 3.0333E+00, 4.6667E-01,-5.3333E+00,
17:20:54.33350110, 3.0667E+00, 4.6667E-01,-5.0000E+00,
17:20:54.33350115, 3.0000E+00, 4.6667E-01,-5.0000E+00,
17:20:54.33350120, 3.0333E+00, 4.6667E-01,-5.0000E+00,
17:20:54.33350125, 3.0000E+00, 5.0000E-01,-4.6667E+00,
17:20:54.33350130, 3.0667E+00, 5.0000E-01,-4.3333E+00,
17:20:54.33350135, 3.0333E+00, 4.6667E-01,-5.0000E+00,
17:20:54.33350140, 3.0333E+00, 5.6667E-01,-4.6667E+00,
17:20:54.33350145, 3.0667E+00, 5.0000E-01,-4.6667E+00,
17:20:54.33350150, 3.0333E+00, 5.3333E-01,-4.3333E+00,
17:20:54.33350155, 3.0000E+00, 5.0000E-01,-4.6667E+00,
17:20:54.33350160, 3.0667E+00, 5.0000E-01,-5.0000E+00,
17:20:54.33350165, 3.0000E+00, 4.3333E-01,-4.6667E+00,
17:20:54.33350170, 3.0667E+00, 4.6667E-01,-4.6667E+00,
17:20:54.33350175, 3.1000E+00, 4.6667E-01,-4.3333E+00,
17:20:54.33350180, 3.0667E+00, 5.0000E-01,-4.6667E+00,
17:20:54.33350185, 3.0667E+00, 5.0000E-01,-5.3333E+00,
17:20:54.33350190, 3.0000E+00, 5.0000E-01,-4.3333E+00,
17:20:54.33350195, 3.1000E+00, 5.3333E-01,-4.3333E+00,
17:20:54.33350200, 3.0000E+00, 5.0000E-01,-5.0000E+00,
17:20:54.33350205, 3.0333E+00, 4.6667E-01,-4.3333E+00,
17:20:54.33350210, 3.0667E+00, 5.0000E-01,-5.0000E+00,
17:20:54.33350215, 3.0333E+00, 5.0000E-01,-5.3333E+00,
17:20:54.33350220, 3.0333E+00, 5.6667E-01,-5.0000E+00,
17:20:54.33350225, 2.9667E+00, 5.3333E-01,-5.3333E+00,
17:20:54.33350230, 2.9667E+00, 5.0000E-01,-5.0000E+00,
17:20:54.33350235, 3.0333E+00, 5.0000E-01,-4.6667E+00,
17:20:54.33350240, 2.9667E+00, 5.0000E-01,-4.3333E+00,
17:20:54.33350245, 3.0667E+00, 5.0000E-01,-5.0000E+00,
17:20:54.33350250, 2.9667E+00, 4.3333E-01,-5.0000E+00,
17:20:54.33350255, 3.0333E+00, 5.0000E-01,-5.3333E+00,
17:20:54.33350260, 3.0333E+00, 4.6667E-01,-5.0000E+00,
17:20:54.33350265, 3.0000E+00, 5.0000E-01,-5.3333E+00,
17:20:54.33350270, 3.0667E+00, 5.0000E-01,-4.3333E+00,
17:20:54.33350275, 3.0333E+00, 5.3333E-01,-4.3333E+00,
17:20:54.33350280, 3.0333E+00, 5.0000E-01,-5.0000E+00,
17:20:54.33350285, 3.0333E+00, 5.0000E-01,-5.0000E+00,
17:20:54.33350290, 3.1000E+00, 5.0000E-01,-5.3333E+00,
17:20:54.33350295, 3.0000E+00, 5.0000E-01,-4.6667E+00,
17:20:54.33350300, 3.1000E+00, 5.0000E-01,-4.6667E+00,
17:20:54.33350305, 3.0000E+00, 5.0000E-01,-5.0000E+00,
17:20:54.33350310, 3.0000E+00, 5.0000E-01,-4.6667E+00,
17:20:54.33350315, 2.9667E+00, 4.3333E-01,-4.6667E+00,
17:20:54.33350320, 3.0667E+00, 5.0000E-01,-5.3333E+00,
17:20:54.33350325, 3.0667E+00, 5.0000E-01,-4.3333E+00,
17:20:54.33350330, 3.1000E+00, 4.6667E-01,-5.3333E+00,
17:20:54.33350335, 3.0667E+00, 5.0000E-01,-5.3333E+00,
17:20:54.33350340, 3.0667E+00, 5.0000E-01,-4.6667E+00,
17:20:54.33350345, 3.0667E+00, 5.6667E-01,-5.3333E+00,
17:20:54.33350350, 3.0000E+00, 5.0000E-01,-5.3333E+00,
17:20:54.33350355, 3.0667E+00, 5.3333E-01,-4.3333E+00,
17:20:54.33350360, 3.0667E+00, 4.6667E-01,-5.0000E+00,
17:20:54.33350365, 3.1000E+00, 5.0000E-01,-5.0000E+00,
17:20:54.33350370, 3.1000E+00, 5.0000E-01,-5.0000E+00,
17:20:54.33350375, 3.1000E+00, 5.0000E-01,-4.3333E+00,
17:20:54.33350380, 3.0667E+00, 5.0000E-01,-5.0000E+00,
17:20:54.33350385, 3.0000E+00, 5.0000E-01,-5.0000E+00,
17:20:54.33350390, 3.0333E+00, 5.0000E-01,-4.3333E+00,
17:20:54.33350395, 3.0000E+00, 4.6667E-01,-4.6667E+00,
17:20:54.33350400, 3.0000E+00, 5.0000E-01,-5.3333E+00,
17:20:54.33350405, 3.0333E+00, 4.3333E-01,-5.3333E+00,
17:20:54.33350410, 3.0333E+00, 4.6667E-01,-4.6667E+00,
17:20:54.33350415, 3.0667E+00, 4.6667E-01,-5.3333E+00,
17:20:54.33350420, 3.0000E+00, 4.6667E-01,-4.6667E+00,
17:20:54.33350425, 3.1333E+00, 5.3333E-01,-4.6667E+00,
17:20:54.33350430, 3.0333E+00, 5.0000E-01,-4.6667E+00,
17:20:54.33350435, 3.0667E+00, 4.6667E-01,-4.3333E+00,
17:20:54.33350440, 3.0000E+00, 5.0000E-01,-4.3333E+00,
17:20:54.33350445, 3.0000E+00, 5.0000E-01,-5.0000E+00,
17:20:54.33350450, 2.9667E+00, 5.0000E-01,-5.3333E+00,
17:20:54.33350455, 3.0667E+00, 4.3333E-01,-5.3333E+00,
17:20:54.33350460, 3.0333E+00, 5.0000E-01,-5.0000E+00,
17:20:54.33350465, 3.0000E+00, 5.0000E-01,-5.3333E+00,
17:20:54.33350470, 3.1000E+00, 5.3333E-01,-4.6667E+00,
17:20:54.33350475, 3.0333E+00, 4.6667E-01,-4.6667E+00,
17:20:54.33350480, 3.1000E+00, 5.0000E-01,-5.3333E+00,
17:20:54.33350485, 3.0667E+00, 5.0000E-01,-4.3333E+00,
17:20:54.33350490, 2.9667E+00, 5.3333E-01,-4.3333E+00,
17:20:54.33350495, 3.0667E+00, 5.3333E-01,-5.0000E+00,
17:20:54.33350500, 3.0000E+00, 5.6667E-01,-5.3333E+00,
17:20:54.33350505, 3.0333E+00, 5.3333E-01,-5.3333E+00,
17:20:54.33350510, 3.0000E+00, 4.6667E-01,-5.0000E+00,
17:20:54.33350515, 3.1333E+00, 5.0000E-01,-5.0000E+00,
17:20:54.33350520, 3.1333E+00, 5.0000E-01,-4.3333E+00,
17:20:54.33350525, 3.1000E+00, 5.0000E-01,-5.0000E+00,
17:20:54.33350530, 3.1000E+00, 5.0000E-01,-5.3333E+00,
17:20:54.33350535, 3.1333E+00, 5.0000E-01,-5.0000E+00,
17:20:54.33350540, 3.1333E+00, 5.3333E-01,-4.6667E+00,
17:20:54.33350545, 3.0000E+00, 4.6667E-01,-5.3333E+00,
17:20:54.33350550, 3.0000E+00, 5.3333E-01,-5.0000E+00,
17:20:54.33350555, 3.0333E+00, 4.6667E-01,-5.3333E+00,
17:20:54.33350560, 3.1000E+00, 5.0000E-01,-5.0000E+00,
17:20:54.33350565, 3.0333E+00, 4.6667E-01,-4.6667E+00,
17:20:54.33350570, 3.0667E+00, 4.6667E-01,-6.0000E+00,
17:20:54.33350575, 3.0333E+00, 5.0000E-01,-5.0000E+00,
17:20:54.33350580, 2.9667E+00, 4.6667E-01,-5.3333E+00,
17:20:54.33350585, 3.0000E+00, 5.0000E-01,-4.6667E+00,
17:20:54.33350590, 2.9667E+00, 5.0000E-01,-5.0000E+00,
17:20:54.33350595, 3.1000E+00, 5.3333E-01,-5.0000E+00,
17:20:54.33350600, 3.0333E+00, 4.6667E-01,-5.3333E+00,
17:20:54.33350605, 3.0333E+00, 4.6667E-01,-5.0000E+00,
17:20:54.33350610, 3.0000E+00, 4.3333E-01,-4.6667E+00,
17:20:54.33350615, 3.1000E+00, 5.0000E-01,-5.0000E+00,
17:20:54.33350620, 3.0667E+00, 5.3333E-01,-4.6667E+00,
17:20:54.33350625, 3.0000E+00, 5.3333E-01,-5.3333E+00,
17:20:54.33350630, 3.0000E+00, 5.0000E-01,-4.0000E+00,
17:20:54.33350635, 3.0333E+00, 5.0000E-01,-5.0000E+00,
17:20:54.33350640, 3.0667E+00, 4.6667E-01,-5.3333E+00,
17:20:54.33350645, 2.9667E+00, 5.0000E-01,-5.0000E+00,
17:20:54.33350650, 3.1000E+00, 5.0000E-01,-5.3333E+00,
17:20:54.33350655, 3.0333E+00, 5.0000E-01,-5.3333E+00,
17:20:54.33350660, 3.0667E+00, 5.3333E-01,-4.3333E+00,
17:20:54.33350665, 3.0000E+00, 5.3333E-01,-5.0000E+00,
17:20:54.33350670, 3.0667E+00, 5.0000E-01,-5.3333E+00,
17:20:54.33350675, 3.0667E+00, 5.0000E-01,-4.6667E+00,
17:20:54.33350680, 3.0000E+00, 5.0000E-01,-5.3333E+00,
17:20:54.33350685, 2.9667E+00, 5.0000E-01,-5.0000E+00,
17:20:54.33350690, 3.0333E+00, 5.0000E-01,-5.0000E+00,
17:20:54.33350695, 3.0333E+00, 5.0000E-01,-4.6667E+00,
17:20:54.33350700, 3.0667E+00, 4.6667E-01,-5.3333E+00,
17:20:54.33350705, 3.0333E+00, 4.6667E-01,-5.0000E+00,
17:20:54.33350710, 3.0667E+00, 5.0000E-01,-4.6667E+00,
17:20:54.33350715, 3.1000E+00, 5.0000E-01,-4.3333E+00,
17:20:54.33350720, 3.0000E+00, 4.3333E-01,-5.0000E+00,
17:20:54.33350725, 3.0667E+00, 5.0000E-01,-5.3333E+00,
17:20:54.33350730, 3.0000E+00, 5.0000E-01,-4.6667E+00,
17:20:54.33350735, 3.0000E+00, 5.0000E-01,-5.0000E+00,
17:20:54.33350740, 3.0333E+00, 5.0000E-01,-4.3333E+00,
17:20:54.33350745, 3.0333E+00, 4.0000E-01,-4.6667E+00,
17:20:54.33350750, 3.0000E+00, 5.0000E-01,-5.0000E+00,
17:20:54.33350755, 3.1000E+00, 4.6667E-01,-5.0000E+00,
17:20:54.33350760, 3.0333E+00, 5.3333E-01,-5.0000E+00,
17:20:54.33350765, 3.1333E+00, 5.0000E-01,-5.3333E+00,
17:20:54.33350770, 3.0667E+00, 4.6667E-01,-5.3333E+00,
17:20:54.33350775, 3.0000E+00, 5.0000E-01,-5.3333E+00,
17:20:54.33350780, 2.9667E+00, 5.3333E-01,-5.0000E+00,
17:20:54.33350785, 3.0000E+00, 5.3333E-01,-4.6667E+00,
17:20:54.33350790, 2.9667E+00, 5.0000E-01,-5.0000E+00,
17:20:54.33350795, 3.0333E+00, 5.0000E-01,-5.0000E+00,
17:20:54.33350800, 3.0333E+00, 5.0000E-01,-4.3333E+00,
17:20:54.33350805, 3.1333E+00, 4.6667E-01,-5.3333E+00,
17:20:54.33350810, 3.1000E+00, 5.0000E-01,-5.0000E+00,
17:20:54.33350815, 3.1000E+00, 5.0000E-01,-5.3333E+00,
17:20:54.33350820, 3.0000E+00, 5.0000E-01,-4.6667E+00,
17:20:54.33350825, 3.0333E+00, 5.0000E-01,-5.3333E+00,
17:20:54.33350830, 3.0000E+00, 5.0000E-01,-4.6667E+00,
17:20:54.33350835, 3.0667E+00, 5.0000E-01,-5.3333E+00,
17:20:54.33350840, 3.0667E+00, 5.0000E-01,-4.3333E+00,
17:20:54.33350845, 3.1000E+00, 5.3333E-01,-5.0000E+00,
17:20:54.33350850, 3.0667E+00, 5.3333E-01,-5.3333E+00,
17:20:54.33350855, 3.0667E+00, 4.6667E-01,-4.3333E+00,
17:20:54.33350860, 3.0667E+00, 5.0000E-01,-5.0000E+00,
17:20:54.33350865, 3.0333E+00, 5.6667E-01,-4.3333E+00,
17:20:54.33350870, 3.0667E+00, 5.0000E-01,-5.3333E+00,
17:20:54.33350875, 3.0000E+00, 5.0000E-01,-4.6667E+00,
17:20:54.33350880, 3.0000E+00, 4.3333E-01,-5.3333E+00,
17:20:54.33350885, 3.0000E+00, 5.3333E-01,-4.6667E+00,
17:20:54.33350890, 3.1000E+00, 5.0000E-01,-5.0000E+00,
17:20:54.33350895, 3.0000E+00, 5.0000E-01,-5.3333E+00,
17:20:54.33350900, 3.0000E+00, 5.0000E-01,-4.6667E+00,
17:20:54.33350905, 3.1333E+00, 5.0000E-01,-4.3333E+00,
17:20:54.33350910, 3.0000E+00, 4.6667E-01,-4.6667E+00,
17:20:54.33350915, 3.0000E+00, 5.0000E-01,-4.3333E+00,
17:20:54.33350920, 2.9667E+00, 5.3333E-01,-5.0000E+00,
17:20:54.33350925, 3.0333E+00, 5.0000E-01,-5.0000E+00,
17:20:54.33350930, 3.0667E+00, 5.0000E-01,-5.3333E+00,
17:20:54.33350935, 3.0000E+00, 5.3333E-01,-5.0000E+00,
17:20:54.33350940, 3.1000E+00, 5.0000E-01,-5.0000E+00,
17:20:54.33350945, 3.0000E+00, 4.6667E-01,-5.0000E+00,
17:20:54.33350950, 3.0333E+00, 5.0000E-01,-5.0000E+00,
17:20:54.33350955, 3.0333E+00, 5.0000E-01,-4.3333E+00,
17:20:54.33350960, 3.0000E+00, 5.0000E-01,-4.3333E+00,
17:20:54.33350965, 3.0667E+00, 5.0000E-01,-4.6667E+00,
17:20:54.33350970, 3.0000E+00, 5.0000E-01,-5.0000E+00,
17:20:54.33350975, 3.0333E+00, 4.6667E-01,-5.3333E+00,
17:20:54.33350980, 3.0333E+00, 5.6667E-01,-4.6667E+00,
17:20:54.33350985, 3.0333E+00, 5.0000E-01,-5.0000E+00,
17:20:54.33350990, 3.0667E+00, 5.0000E-01,-4.6667E+00,
17:20:54.33350995, 3.0000E+00, 5.3333E-01,-5.0000E+00,
17:20:54.33351000, 2.9667E+00, 4.6667E-01,-5.3333E+00,
17:20:54.33351005, 3.1000E+00, 5.0000E-01,-5.0000E+00,
17:20:54.33351010, 3.0667E+00, 5.0000E-01,-5.3333E+00,
17:20:54.33351015, 3.0000E+00, 4.6667E-01,-5.3333E+00,
17:20:54.33351020, 3.0000E+00, 5.0000E-01,-5.0000E+00,
17:20:54.33351025, 3.0333E+00, 5.0000E-01,-4.3333E+00,
17:20:54.33351030, 3.1000E+00, 5.3333E-01,-4.3333E+00,
17:20:54.33351035, 3.0333E+00, 5.0000E-01,-5.0000E+00,
17:20:54.33351040, 3.0333E+00, 4.6667E-01,-4.6667E+00,
17:20:54.33351045, 3.0667E+00, 5.0000E-01,-5.3333E+00,
17:20:54.33351050, 3.0333E+00, 5.3333E-01,-4.3333E+00,
17:20:54.33351055, 3.1000E+00, 5.0000E-01,-5.3333E+00,
17:20:54.33351060, 3.0667E+00, 5.3333E-01,-4.6667E+00,
17:20:54.33351065, 3.0333E+00, 5.0000E-01,-5.3333E+00,
17:20:54.33351070, 2.9333E+00, 5.0000E-01,-4.3333E+00,
17:20:54.33351075, 3.0333E+00, 4.6667E-01,-5.0000E+00,
17:20:54.33351080, 3.1333E+00, 4.6667E-01,-5.0000E+00,
17:20:54.33351085, 3.0333E+00, 5.0000E-01,-5.0000E+00,
17:20:54.33351090, 3.0333E+00, 5.6667E-01,-5.3333E+00,
17:20:54.33351095, 3.0667E+00, 5.0000E-01,-4.6667E+00,
17:20:54.33351100, 3.0000E+00, 5.3333E-01,-5.0000E+00,
17:20:54.33351105, 2.9667E+00, 5.0000E-01,-4.6667E+00,
17:20:54.33351110, 3.0000E+00, 5.0000E-01,-5.0000E+00,
17:20:54.33351115, 3.0333E+00, 4.6667E-01,-5.3333E+00,
17:20:54.33351120, 3.0000E+00, 5.0000E-01,-4.3333E+00,
17:20:54.33351125, 3.0333E+00, 5.0000E-01,-4.6667E+00,
17:20:54.33351130, 3.0000E+00, 4.6667E-01,-5.0000E+00,
17:20:54.33351135, 3.1000E+00, 5.0000E-01,-5.0000E+00,
17:20:54.33351140, 3.0667E+00, 5.0000E-01,-5.3333E+00,
17:20:54.33351145, 3.0333E+00, 5.3333E-01,-5.0000E+00,
17:20:54.33351150, 3.0667E+00, 5.0000E-01,-4.6667E+00,
17:20:54.33351155, 3.0333E+00, 5.0000E-01,-4.3333E+00,
17:20:54.33351160, 3.0667E+00, 5.0000E-01,-4.6667E+00,
17:20:54.33351165, 3.1000E+00, 5.0000E-01,-5.0000E+00,
17:20:54.33351170, 3.0000E+00, 5.0000E-01,-5.3333E+00,
17:20:54.33351175, 3.0000E+00, 5.0000E-01,-4.3333E+00,
17:20:54.33351180, 3.0333E+00, 5.3333E-01,-5.3333E+00,
17:20:54.33351185, 3.0667E+00, 5.0000E-01,-4.6667E+00,
17:20:54.33351190, 3.1000E+00, 4.6667E-01,-5.3333E+00,
17:20:54.33351195, 2.9667E+00, 5.0000E-01,-5.0000E+00,
17:20:54.33351200, 3.0333E+00, 5.0000E-01,-5.3333E+00,
17:20:54.33351205, 3.0667E+00, 5.0000E-01,-5.0000E+00,
17:20:54.33351210, 3.0333E+00, 5.6667E-01,-4.0000E+00,
17:20:54.33351215, 2.9667E+00, 5.3333E-01,-5.0000E+00,
17:20:54.33351220, 3.0667E+00, 5.3333E-01,-4.3333E+00,
17:20:54.33351225, 3.0667E+00, 5.0000E-01,-4.0000E+00,
17:20:54.33351230, 3.1000E+00, 5.0000E-01,-5.0000E+00,
17:20:54.33351235, 3.0000E+00, 5.0000E-01,-4.6667E+00,
17:20:54.33351240, 3.0333E+00, 4.6667E-01,-4.3333E+00,
17:20:54.33351245, 3.0333E+00, 4.6667E-01,-5.3333E+00,
17:20:54.33351250, 3.0333E+00, 5.0000E-01,-5.0000E+00,
17:20:54.33351255, 3.0000E+00, 5.0000E-01,-5.3333E+00,
17:20:54.33351260, 3.0000E+00, 5.0000E-01,-4.6667E+00,
17:20:54.33351265, 3.0000E+00, 4.6667E-01,-5.0000E+00,
17:20:54.33351270, 3.0667E+00, 4.0000E-01,-5.0000E+00,
17:20:54.33351275, 3.0000E+00, 5.0000E-01,-5.3333E+00,
17:20:54.33351280, 3.0333E+00, 5.6667E-01,-5.3333E+00,
17:20:54.33351285, 3.0667E+00, 5.0000E-01,-4.6667E+00,
17:20:54.33351290, 3.1000E+00, 5.0000E-01,-4.6667E+00,
17:20:54.33351295, 3.0667E+00, 5.0000E-01,-5.3333E+00,
17:20:54.33351300, 3.0667E+00, 5.0000E-01,-4.3333E+00,
17:20:54.33351305, 2.9667E+00, 5.0000E-01,-5.0000E+00,
17:20:54.33351310, 3.0000E+00, 5.0000E-01,-5.0000E+00,
17:20:54.33351315, 3.0333E+00, 5.0000E-01,-5.0000E+00,
17:20:54.33351320, 3.1000E+00, 5.0000E-01,-4.3333E+00,
17:20:54.33351325, 3.0333E+00, 5.0000E-01,-5.0000E+00,
17:20:54.33351330, 3.0667E+00, 4.6667E-01,-5.0000E+00,
17:20:54.33351335, 3.0667E+00, 5.3333E-01,-4.3333E+00,
17:20:54.33351340, 3.0333E+00, 5.0000E-01,-5.0000E+00,
17:20:54.33351345, 3.0667E+00, 5.3333E-01,-5.3333E+00,
17:20:54.33351350, 2.9667E+00, 4.3333E-01,-5.0000E+00,
17:20:54.33351355, 3.0333E+00, 5.0000E-01,-4.0000E+00,
17:20:54.33351360, 3.1333E+00, 4.6667E-01,-5.3333E+00,
17:20:54.33351365, 3.0667E+00, 4.6667E-01,-4.3333E+00,
17:20:54.33351370, 3.1000E+00, 5.0000E-01,-5.3333E+00,
17:20:54.33351375, 3.0667E+00, 5.0000E-01,-4.3333E+00,
17:20:54.33351380, 3.0667E+00, 5.0000E-01,-5.3333E+00,
17:20:54.33351385, 3.0667E+00, 5.0000E-01,-5.3333E+00,
17:20:54.33351390, 3.0667E+00, 5.0000E-01,-5.0000E+00,
17:20:54.33351395, 2.9667E+00, 5.0000E-01,-4.6667E+00,
17:20:54.33351400, 3.0667E+00, 5.3333E-01,-4.6667E+00,
17:20:54.33351405, 3.0000E+00, 5.3333E-01,-5.0000E+00,
17:20:54.33351410, 3.0000E+00, 5.0000E-01,-5.0000E+00,
17:20:54.33351415, 3.0000E+00, 5.3333E-01,-4.6667E+00,
17:20:54.33351420, 2.9667E+00, 5.0000E-01,-5.0000E+00,
17:20:54.33351425, 3.0667E+00, 5.0000E-01,-5.0000E+00,
17:20:54.33351430, 3.0667E+00, 5.0000E-01,-4.6667E+00,
17:20:54.33351435, 3.1333E+00, 5.0000E-01,-4.0000E+00,
17:20:54.33351440, 2.9667E+00, 4.3333E-01,-4.3333E+00,
17:20:54.33351445, 3.0667E+00, 5.0000E-01,-5.3333E+00,
17:20:54.33351450, 3.0000E+00, 5.0000E-01,-4.6667E+00,
17:20:54.33351455, 3.0667E+00, 5.6667E-01,-5.0000E+00,
17:20:54.33351460, 3.0000E+00, 5.0000E-01,-5.0000E+00,
17:20:54.33351465, 3.0667E+00, 5.0000E-01,-5.0000E+00,
17:20:54.33351470, 3.0333E+00, 5.0000E-01,-5.0000E+00,
17:20:54.33351475, 3.0000E+00, 5.0000E-01,-5.0000E+00,
17:20:54.33351480, 3.0667E+00, 5.0000E-01,-5.3333E+00,
17:20:54.33351485, 3.0667E+00, 5.0000E-01,-4.3333E+00,
17:20:54.33351490, 3.0333E+00, 4.6667E-01,-5.3333E+00,
17:20:54.33351495, 3.1000E+00, 5.3333E-01,-5.3333E+00,
17:20:54.33351500, 3.0333E+00, 5.0000E-01,-5.3333E+00,
17:20:54.33351505, 3.0000E+00, 5.0000E-01,-4.3333E+00,
17:20:54.33351510, 3.1333E+00, 5.3333E-01,-4.6667E+00,
17:20:54.33351515, 3.0667E+00, 5.0000E-01,-5.3333E+00,
17:20:54.33351520, 3.0667E+00, 5.0000E-01,-5.3333E+00,
17:20:54.33351525, 3.0333E+00, 6.0000E-01,-5.0000E+00,
17:20:54.33351530, 3.0333E+00, 5.0000E-01,-5.3333E+00,
17:20:54.33351535, 3.0333E+00, 5.0000E-01,-5.3333E+00,
17:20:54.33351540, 3.0000E+00, 4.6667E-01,-5.3333E+00,
17:20:54.33351545, 3.0000E+00, 4.6667E-01,-5.0000E+00,
17:20:54.33351550, 3.0000E+00, 5.0000E-01,-4.6667E+00,
17:20:54.33351555, 3.0000E+00, 5.0000E-01,-4.3333E+00,
17:20:54.33351560, 3.0000E+00, 4.6667E-01,-5.3333E+00,
17:20:54.33351565, 2.9667E+00, 5.0000E-01,-5.0000E+00,
17:20:54.33351570, 3.0667E+00, 5.0000E-01,-4.6667E+00,
17:20:54.33351575, 3.0333E+00, 4.6667E-01,-4.6667E+00,
17:20:54.33351580, 3.0333E+00, 5.0000E-01,-4.6667E+00,
17:20:54.33351585, 3.0667E+00, 4.0000E-01,-5.3333E+00,
17:20:54.33351590, 2.9667E+00, 5.0000E-01,-5.0000E+00,
17:20:54.33351595, 3.1000E+00, 5.0000E-01,-5.3333E+00,
17:20:54.33351600, 3.0333E+00, 5.3333E-01,-5.0000E+00,
17:20:54.33351605, 3.1000E+00, 5.0000E-01,-5.3333E+00,
17:20:54.33351610, 2.9667E+00, 5.0000E-01,-4.6667E+00,
17:20:54.33351615, 3.0333E+00, 5.0000E-01,-4.3333E+00,
17:20:54.33351620, 2.9667E+00, 5.0000E-01,-5.6667E+00,
17:20:54.33351625, 3.0333E+00, 5.0000E-01,-4.6667E+00,
17:20:54.33351630, 3.0667E+00, 5.0000E-01,-4.6667E+00,
17:20:54.33351635, 3.0333E+00, 5.0000E-01,-4.6667E+00,
17:20:54.33351640, 3.1333E+00, 5.0000E-01,-4.3333E+00,
17:20:54.33351645, 3.0333E+00, 5.3333E-01,-4.6667E+00,
17:20:54.33351650, 3.0333E+00, 5.3333E-01,-5.0000E+00,
17:20:54.33351655, 3.0000E+00, 5.0000E-01,-4.6667E+00,
17:20:54.33351660, 3.0000E+00, 5.3333E-01,-5.0000E+00,
17:20:54.33351665, 3.0333E+00, 5.0000E-01,-5.3333E+00,
17:20:54.33351670, 3.1000E+00, 5.0000E-01,-5.3333E+00,
17:20:54.33351675, 2.9667E+00, 5.0000E-01,-5.3333E+00,
17:20:54.33351680, 3.0000E+00, 5.0000E-01,-4.3333E+00,
17:20:54.33351685, 3.0000E+00, 5.0000E-01,-5.0000E+00,
17:20:54.33351690, 3.0000E+00, 5.3333E-01,-4.6667E+00,
17:20:54.33351695, 3.0667E+00, 5.3333E-01,-5.3333E+00,
17:20:54.33351700, 3.0333E+00, 4.3333E-01,-5.0000E+00,
17:20:54.33351705, 3.0333E+00, 5.0000E-01,-5.0000E+00,
17:20:54.33351710, 2.9667E+00, 5.0000E-01,-4.6667E+00,
17:20:54.33351715, 3.0333E+00, 5.0000E-01,-5.3333E+00,
17:20:54.33351720, 3.1000E+00, 5.0000E-01,-5.0000E+00,
17:20:54.33351725, 3.0667E+00, 5.0000E-01,-5.3333E+00,
17:20:54.33351730, 3.0000E+00, 5.0000E-01,-4.6667E+00,
17:20:54.33351735, 3.0000E+00, 5.0000E-01,-5.0000E+00,
17:20:54.33351740, 3.0333E+00, 4.6667E-01,-5.3333E+00,
17:20:54.33351745, 2.9667E+00, 5.0000E-01,-4.3333E+00,
17:20:54.33351750, 3.0333E+00, 4.6667E-01,-4.3333E+00,
17:20:54.33351755, 3.0667E+00, 4.3333E-01,-4.0000E+00,
17:20:54.33351760, 3.0667E+00, 5.0000E-01,-5.3333E+00,
17:20:54.33351765, 3.0333E+00, 5.0000E-01,-5.0000E+00,
17:20:54.33351770, 3.0333E+00, 5.0000E-01,-4.6667E+00,
17:20:54.33351775, 3.0333E+00, 5.0000E-01,-4.6667E+00,
17:20:54.33351780, 3.0333E+00, 5.0000E-01,-5.0000E+00,
17:20:54.33351785, 3.0667E+00, 5.6667E-01,-4.6667E+00,
17:20:54.33351790, 3.0333E+00, 5.3333E-01,-5.0000E+00,
17:20:54.33351795, 3.0000E+00, 5.0000E-01,-5.3333E+00,
17:20:54.33351800, 2.9667E+00, 5.3333E-01,-5.0000E+00,
17:20:54.33351805, 3.0333E+00, 5.0000E-01,-4.3333E+00,
17:20:54.33351810, 3.0000E+00, 4.6667E-01,-4.6667E+00,
17:20:54.33351815, 3.0667E+00, 5.3333E-01,-4.6667E+00,
17:20:54.33351820, 3.0333E+00, 5.0000E-01,-5.0000E+00,
17:20:54.33351825, 3.0000E+00, 4.3333E-01,-5.0000E+00,
17:20:54.33351830, 3.0000E+00, 5.0000E-01,-4.6667E+00,
17:20:54.33351835, 3.0000E+00, 5.0000E-01,-5.3333E+00,
17:20:54.33351840, 2.9667E+00, 5.0000E-01,-5.0000E+00,
17:20:54.33351845, 3.0667E+00, 4.6667E-01,-5.0000E+00,
17:20:54.33351850, 3.0333E+00, 5.0000E-01,-5.3333E+00,
17:20:54.33351855, 3.0667E+00, 5.3333E-01,-4.6667E+00,
17:20:54.33351860, 3.0000E+00, 5.0000E-01,-5.0000E+00,
17:20:54.33351865, 3.0333E+00, 5.3333E-01,-5.0000E+00,
17:20:54.33351870, 3.0667E+00, 4.6667E-01,-5.3333E+00,
17:20:54.33351875, 3.1000E+00, 5.0000E-01,-4.6667E+00,
17:20:54.33351880, 3.0333E+00, 4.6667E-01,-4.6667E+00,
17:20:54.33351885, 3.0667E+00, 5.0000E-01,-4.3333E+00,
17:20:54.33351890, 3.0667E+00, 5.3333E-01,-5.0000E+00,
17:20:54.33351895, 3.0000E+00, 4.6667E-01,-4.6667E+00,
17:20:54.33351900, 3.0000E+00, 5.0000E-01,-4.6667E+00,
17:20:54.33351905, 3.0333E+00, 5.3333E-01,-5.3333E+00,
17:20:54.33351910, 3.0333E+00, 5.0000E-01,-5.0000E+00,
17:20:54.33351915, 3.1000E+00, 5.0000E-01,-5.0000E+00,
17:20:54.33351920, 3.0000E+00, 5.0000E-01,-5.3333E+00,
17:20:54.33351925, 2.9667E+00, 5.0000E-01,-5.3333E+00,
17:20:54.33351930, 3.0000E+00, 5.3333E-01,-5.0000E+00,
17:20:54.33351935, 3.0000E+00, 5.0000E-01,-4.6667E+00,
17:20:54.33351940, 3.1000E+00, 5.0000E-01,-5.0000E+00,
17:20:54.33351945, 3.0667E+00, 5.0000E-01,-4.3333E+00,
17:20:54.33351950, 3.0667E+00, 5.0000E-01,-4.6667E+00,
17:20:54.33351955, 3.0333E+00, 5.0000E-01,-4.3333E+00,
17:20:54.33351960, 3.0667E+00, 4.6667E-01,-5.3333E+00,
17:20:54.33351965, 2.9667E+00, 4.6667E-01,-4.6667E+00,
17:20:54.33351970, 3.0333E+00, 5.0000E-01,-5.0000E+00,
17:20:54.33351975, 2.9667E+00, 5.0000E-01,-5.3333E+00,
17:20:54.33351980, 2.9667E+00, 4.6667E-01,-5.0000E+00,
17:20:54.33351985, 2.9667E+00, 5.0000E-01,-4.6667E+00,
17:20:54.33351990, 3.0000E+00, 4.6667E-01,-5.0000E+00,
17:20:54.33351995, 3.0333E+00, 5.0000E-01,-4.3333E+00,
17:20:54.33352000, 3.0333E+00, 5.0000E-01,-5.0000E+00,
17:20:54.33352005, 3.0333E+00, 4.6667E-01,-5.3333E+00,
17:20:54.33352010, 3.0667E+00, 5.0000E-01,-5.3333E+00,
17:20:54.33352015, 3.0667E+00, 5.0000E-01,-5.6667E+00,
17:20:54.33352020, 3.0000E+00, 5.0000E-01,-5.0000E+00,
17:20:54.33352025, 3.0000E+00, 5.0000E-01,-5.3333E+00,
17:20:54.33352030, 3.0000E+00, 5.0000E-01,-5.3333E+00,
17:20:54.33352035, 3.0667E+00, 5.0000E-01,-3.6667E+00,
17:20:54.33352040, 3.0333E+00, 5.0000E-01,-4.3333E+00,
17:20:54.33352045, 3.1333E+00, 5.0000E-01,-4.6667E+00,
17:20:54.33352050, 3.0333E+00, 5.0000E-01,-5.3333E+00,
17:20:54.33352055, 3.1000E+00, 5.0000E-01,-5.0000E+00,
17:20:54.33352060, 3.0333E+00, 5.3333E-01,-5.3333E+00,
17:20:54.33352065, 3.0667E+00, 5.0000E-01,-5.3333E+00,
17:20:54.33352070, 3.0333E+00, 4.6667E-01,-5.0000E+00,
17:20:54.33352075, 3.0667E+00, 5.0000E-01,-5.3333E+00,
17:20:54.33352080, 3.0667E+00, 4.6667E-01,-5.3333E+00,
17:20:54.33352085, 3.0667E+00, 5.0000E-01,-4.3333E+00,
17:20:54.33352090, 2.9667E+00, 4.6667E-01,-4.6667E+00,
17:20:54.33352095, 3.0333E+00, 5.0000E-01,-5.0000E+00,
17:20:54.33352100, 3.1000E+00, 5.0000E-01,-5.0000E+00,
17:20:54.33352105, 3.0333E+00, 5.0000E-01,-5.3333E+00,
17:20:54.33352110, 3.1000E+00, 4.6667E-01,-5.0000E+00,
17:20:54.33352115, 2.9333E+00, 5.6667E-01,-5.3333E+00,
17:20:54.33352120, 3.0333E+00, 5.0000E-01,-5.3333E+00,
17:20:54.33352125, 2.9667E+00, 5.3333E-01,-4.3333E+00,
17:20:54.33352130, 3.0333E+00, 5.0000E-01,-4.6667E+00,
17:20:54.33352135, 3.0333E+00, 5.0000E-01,-5.0000E+00,
17:20:54.33352140, 3.1000E+00, 5.0000E-01,-5.0000E+00,
17:20:54.33352145, 3.1000E+00, 4.6667E-01,-4.6667E+00,
17:20:54.33352150, 3.0333E+00, 5.0000E-01,-5.0000E+00,
17:20:54.33352155, 3.0667E+00, 4.6667E-01,-5.0000E+00,
17:20:54.33352160, 3.0667E+00, 5.0000E-01,-5.0000E+00,
17:20:54.33352165, 3.0333E+00, 5.0000E-01,-4.6667E+00,
17:20:54.33352170, 3.0000E+00, 5.0000E-01,-4.6667E+00,
17:20:54.33352175, 3.0000E+00, 4.6667E-01,-4.6667E+00,
17:20:54.33352180, 3.1333E+00, 4.6667E-01,-5.0000E+00,
17:20:54.33352185, 2.9667E+00, 5.0000E-01,-4.3333E+00,
17:20:54.33352190, 3.0333E+00, 4.6667E-01,-4.6667E+00,
17:20:54.33352195, 3.0667E+00, 4.6667E-01,-5.3333E+00,
17:20:54.33352200, 3.0667E+00, 5.0000E-01,-5.0000E+00,
17:20:54.33352205, 3.0333E+00, 5.0000E-01,-5.0000E+00,
17:20:54.33352210, 3.0000E+00, 4.3333E-01,-4.6667E+00,
17:20:54.33352215, 3.0000E+00, 5.0000E-01,-4.6667E+00,
17:20:54.33352220, 3.0333E+00, 5.0000E-01,-5.3333E+00,
17:20:54.33352225, 3.0667E+00, 5.0000E-01,-4.6667E+00,
17:20:54.33352230, 3.0000E+00, 4.6667E-01,-4.3333E+00,
17:20:54.33352235, 3.0667E+00, 5.0000E-01,-5.3333E+00,
17:20:54.33352240, 3.0000E+00, 5.0000E-01,-5.0000E+00,
17:20:54.33352245, 3.0000E+00, 5.0000E-01,-4.6667E+00,
17:20:54.33352250, 3.0000E+00, 5.0000E-01,-5.3333E+00,
17:20:54.33352255, 3.0333E+00, 5.0000E-01,-5.0000E+00,
17:20:54.33352260, 3.1333E+00, 5.6667E-01,-5.0000E+00,
17:20:54.33352265, 3.0000E+00, 5.3333E-01,-5.3333E+00,
17:20:54.33352270, 3.0000E+00, 5.0000E-01,-5.0000E+00,
17:20:54.33352275, 3.0333E+00, 5.0000E-01,-5.3333E+00,
17:20:54.33352280, 3.0333E+00, 5.0000E-01,-5.3333E+00,
17:20:54.33352285, 3.0333E+00, 5.3333E-01,-5.0000E+00,
17:20:54.33352290, 3.0667E+00, 5.0000E-01,-4.6667E+00,
17:20:54.33352295, 3.0333E+00, 5.0000E-01,-4.6667E+00,
17:20:54.33352300, 3.0333E+00, 5.3333E-01,-5.3333E+00,
17:20:54.33352305, 3.1333E+00, 4.3333E-01,-4.6667E+00,
17:20:54.33352310, 2.9333E+00, 5.0000E-01,-5.0000E+00,
17:20:54.33352315, 3.0000E+00, 5.3333E-01,-4.6667E+00,
17:20:54.33352320, 3.0333E+00, 5.0000E-01,-4.6667E+00,
17:20:54.33352325, 3.0667E+00, 4.6667E-01,-4.6667E+00,
17:20:54.33352330, 3.0000E+00, 5.0000E-01,-5.0000E+00,
17:20:54.33352335, 3.0333E+00, 5.3333E-01,-5.0000E+00,
17:20:54.33352340, 3.0333E+00, 4.6667E-01,-5.3333E+00,
17:20:54.33352345, 3.1000E+00, 5.3333E-01,-4.6667E+00,
17:20:54.33352350, 2.9333E+00, 5.0000E-01,-5.0000E+00,
17:20:54.33352355, 3.0667E+00, 5.3333E-01,-5.3333E+00,
17:20:54.33352360, 3.0000E+00, 5.0000E-01,-5.0000E+00,
17:20:54.33352365, 3.0333E+00, 5.0000E-01,-5.0000E+00,
17:20:54.33352370, 3.0333E+00, 5.0000E-01,-5.0000E+00,
17:20:54.33352375, 3.0000E+00, 4.6667E-01,-5.3333E+00,
17:20:54.33352380, 3.0000E+00, 5.3333E-01,-5.3333E+00,
17:20:54.33352385, 3.0000E+00, 5.0000E-01,-4.6667E+00,
17:20:54.33352390, 3.0000E+00, 5.0000E-01,-5.3333E+00,
17:20:54.33352395, 3.0000E+00, 5.0000E-01,-5.3333E+00,
17:20:54.33352400, 3.0667E+00, 5.0000E-01,-5.3333E+00,
17:20:54.33352405, 2.9333E+00, 5.3333E-01,-5.3333E+00,
17:20:54.33352410, 3.0000E+00, 5.0000E-01,-5.3333E+00,
17:20:54.33352415, 3.0667E+00, 4.6667E-01,-5.0000E+00,
17:20:54.33352420, 2.9333E+00, 4.6667E-01,-4.3333E+00,
17:20:54.33352425, 3.0000E+00, 5.0000E-01,-5.0000E+00,
17:20:54.33352430, 3.0333E+00, 5.0000E-01,-4.6667E+00,
17:20:54.33352435, 3.0667E+00, 5.0000E-01,-4.3333E+00,
17:20:54.33352440, 3.0000E+00, 5.0000E-01,-4.6667E+00,
17:20:54.33352445, 3.0333E+00, 5.0000E-01,-5.3333E+00,
17:20:54.33352450, 3.0000E+00, 4.6667E-01,-5.0000E+00,
17:20:54.33352455, 3.0667E+00, 6.0000E-01,-5.0000E+00,
17:20:54.33352460, 3.0000E+00, 5.3333E-01,-5.3333E+00,
17:20:54.33352465, 3.0667E+00, 5.0000E-01,-4.6667E+00,
17:20:54.33352470, 3.0333E+00, 5.0000E-01,-4.3333E+00,
17:20:54.33352475, 3.0333E+00, 5.0000E-01,-5.3333E+00,
17:20:54.33352480, 2.9667E+00, 6.0000E-01,-4.6667E+00,
17:20:54.33352485, 3.0667E+00, 5.0000E-01,-5.3333E+00,
17:20:54.33352490, 3.0000E+00, 5.3333E-01,-5.3333E+00,
17:20:54.33352495, 3.0667E+00, 4.6667E-01,-5.0000E+00,
17:20:54.33352500, 2.9667E+00, 5.0000E-01,-5.3333E+00,
17:20:54.33352505, 2.9333E+00, 5.0000E-01,-5.3333E+00,
17:20:54.33352510, 2.9667E+00, 5.6667E-01,-4.6667E+00,
17:20:54.33352515, 3.0000E+00, 5.3333E-01,-5.0000E+00,
17:20:54.33352520, 3.0333E+00, 5.0000E-01,-5.0000E+00,
17:20:54.33352525, 3.0667E+00, 4.6667E-01,-5.3333E+00,
17:20:54.33352530, 3.0000E+00, 5.3333E-01,-5.3333E+00,
17:20:54.33352535, 3.0000E+00, 5.0000E-01,-4.6667E+00,
17:20:54.33352540, 2.9667E+00, 5.0000E-01,-4.6667E+00,
17:20:54.33352545, 3.0667E+00, 5.6667E-01,-4.6667E+00,
17:20:54.33352550, 2.9667E+00, 4.6667E-01,-4.3333E+00,
17:20:54.33352555, 3.0000E+00, 4.6667E-01,-4.0000E+00,
17:20:54.33352560, 3.0000E+00, 5.0000E-01,-5.0000E+00,
17:20:54.33352565, 3.0667E+00, 5.3333E-01,-4.6667E+00,
17:20:54.33352570, 3.1000E+00, 5.0000E-01,-5.3333E+00,
17:20:54.33352575, 3.0333E+00, 4.6667E-01,-5.3333E+00,
17:20:54.33352580, 3.0333E+00, 5.0000E-01,-5.0000E+00,
17:20:54.33352585, 3.0667E+00, 5.0000E-01,-5.3333E+00,
17:20:54.33352590, 3.0667E+00, 5.0000E-01,-5.3333E+00,
17:20:54.33352595, 3.0333E+00, 5.0000E-01,-5.3333E+00,
17:20:54.33352600, 3.0000E+00, 5.0000E-01,-4.3333E+00,
17:20:54.33352605, 2.9667E+00, 5.0000E-01,-4.3333E+00,
17:20:54.33352610, 3.0000E+00, 5.0000E-01,-5.0000E+00,
17:20:54.33352615, 3.1000E+00, 4.3333E-01,-4.3333E+00,
17:20:54.33352620, 3.0667E+00, 4.6667E-01,-4.3333E+00,
17:20:54.33352625, 3.0000E+00, 5.0000E-01,-4.3333E+00,
17:20:54.33352630, 3.0667E+00, 5.0000E-01,-4.3333E+00,
17:20:54.33352635, 3.0667E+00, 4.6667E-01,-5.0000E+00,
17:20:54.33352640, 3.0000E+00, 5.0000E-01,-4.3333E+00,
17:20:54.33352645, 3.0000E+00, 5.0000E-01,-5.0000E+00,
17:20:54.33352650, 3.0333E+00, 5.0000E-01,-5.3333E+00,
17:20:54.33352655, 3.0000E+00, 5.3333E-01,-5.3333E+00,
17:20:54.33352660, 3.1333E+00, 5.0000E-01,-4.6667E+00,
17:20:54.33352665, 3.0667E+00, 4.3333E-01,-4.6667E+00,
17:20:54.33352670, 3.0333E+00, 5.0000E-01,-5.0000E+00,
17:20:54.33352675, 3.0000E+00, 5.0000E-01,-5.0000E+00,
17:20:54.33352680, 3.0333E+00, 4.6667E-01,-5.3333E+00,
17:20:54.33352685, 3.0333E+00, 5.0000E-01,-5.0000E+00,
17:20:54.33352690, 3.0000E+00, 5.0000E-01,-4.6667E+00,
17:20:54.33352695, 3.0000E+00, 4.6667E-01,-4.6667E+00,
17:20:54.33352700, 3.0333E+00, 5.0000E-01,-5.0000E+00,
17:20:54.33352705, 3.0333E+00, 5.3333E-01,-5.3333E+00,
17:20:54.33352710, 3.0333E+00, 5.0000E-01,-5.3333E+00,
17:20:54.33352715, 3.1000E+00, 4.6667E-01,-5.0000E+00,
17:20:54.33352720, 3.0333E+00, 5.0000E-01,-5.0000E+00,
17:20:54.33352725, 3.0667E+00, 5.0000E-01,-4.6667E+00,
17:20:54.33352730, 3.0333E+00, 5.0000E-01,-5.0000E+00,
17:20:54.33352735, 3.1000E+00, 5.3333E-01,-5.3333E+00,
17:20:54.33352740, 2.9333E+00, 5.3333E-01,-4.6667E+00,
17:20:54.33352745, 3.0667E+00, 5.0000E-01,-4.6667E+00,
17:20:54.33352750, 3.0667E+00, 5.0000E-01,-5.0000E+00,
17:20:54.33352755, 3.0333E+00, 5.0000E-01,-5.3333E+00,
17:20:54.33352760, 3.0333E+00, 5.3333E-01,-5.3333E+00,
17:20:54.33352765, 3.0667E+00, 5.0000E-01,-4.6667E+00,
17:20:54.33352770, 3.0667E+00, 5.0000E-01,-4.3333E+00,
17:20:54.33352775, 3.0667E+00, 5.3333E-01,-5.0000E+00,
17:20:54.33352780, 3.0667E+00, 5.0000E-01,-4.3333E+00,
17:20:54.33352785, 3.0000E+00, 5.3333E-01,-5.0000E+00,
17:20:54.33352790, 3.0333E+00, 5.3333E-01,-5.3333E+00,
17:20:54.33352795, 3.0667E+00, 4.6667E-01,-5.3333E+00,
17:20:54.33352800, 3.0000E+00, 5.3333E-01,-4.3333E+00,
17:20:54.33352805, 3.0333E+00, 5.0000E-01,-4.6667E+00,
17:20:54.33352810, 3.0667E+00, 5.6667E-01,-5.0000E+00,
17:20:54.33352815, 3.0333E+00, 4.6667E-01,-5.3333E+00,
17:20:54.33352820, 3.1000E+00, 4.3333E-01,-5.3333E+00,
17:20:54.33352825, 3.0333E+00, 5.0000E-01,-4.6667E+00,
17:20:54.33352830, 3.0000E+00, 5.0000E-01,-5.3333E+00,
17:20:54.33352835, 3.0333E+00, 5.3333E-01,-5.0000E+00,
17:20:54.33352840, 3.1000E+00, 5.0000E-01,-5.3333E+00,
17:20:54.33352845, 3.0333E+00, 5.0000E-01,-4.6667E+00,
17:20:54.33352850, 3.0667E+00, 5.3333E-01,-5.0000E+00,
17:20:54.33352855, 3.0333E+00, 4.6667E-01,-5.0000E+00,
17:20:54.33352860, 3.0333E+00, 4.6667E-01,-5.3333E+00,
17:20:54.33352865, 3.1000E+00, 5.0000E-01,-5.3333E+00,
17:20:54.33352870, 3.1000E+00, 5.6667E-01,-5.0000E+00,
17:20:54.33352875, 3.0000E+00, 5.0000E-01,-4.6667E+00,
17:20:54.33352880, 3.0000E+00, 5.0000E-01,-5.3333E+00,
17:20:54.33352885, 2.9667E+00, 5.0000E-01,-5.3333E+00,
17:20:54.33352890, 3.0000E+00, 5.0000E-01,-5.3333E+00,
17:20:54.33352895, 3.1000E+00, 4.6667E-01,-4.3333E+00,
17:20:54.33352900, 3.0333E+00, 4.6667E-01,-5.0000E+00,
17:20:54.33352905, 3.0333E+00, 5.0000E-01,-5.3333E+00,
17:20:54.33352910, 2.9667E+00, 4.6667E-01,-5.0000E+00,
17:20:54.33352915, 3.0333E+00, 4.3333E-01,-4.3333E+00,
17:20:54.33352920, 3.0333E+00, 5.0000E-01,-4.6667E+00,
17:20:54.33352925, 3.0667E+00, 4.6667E-01,-4.6667E+00,
17:20:54.33352930, 3.0333E+00, 5.0000E-01,-5.0000E+00,
17:20:54.33352935, 3.0333E+00, 4.6667E-01,-5.3333E+00,
17:20:54.33352940, 3.0333E+00, 5.0000E-01,-5.3333E+00,
17:20:54.33352945, 3.0000E+00, 5.3333E-01,-4.3333E+00,
17:20:54.33352950, 3.1000E+00, 6.0000E-01,-5.3333E+00,
17:20:54.33352955, 3.0000E+00, 5.3333E-01,-4.6667E+00,
17:20:54.33352960, 3.0667E+00, 5.3333E-01,-5.0000E+00,
17:20:54.33352965, 3.0667E+00, 5.3333E-01,-5.3333E+00,
17:20:54.33352970, 3.0667E+00, 5.0000E-01,-5.3333E+00,
17:20:54.33352975, 3.1000E+00, 5.0000E-01,-5.0000E+00,
17:20:54.33352980, 3.0667E+00, 5.0000E-01,-5.0000E+00,
17:20:54.33352985, 2.9667E+00, 5.0000E-01,-5.0000E+00,
17:20:54.33352990, 2.9667E+00, 5.0000E-01,-5.0000E+00,
17:20:54.33352995, 3.0000E+00, 5.0000E-01,-4.6667E+00,
17:20:54.33353000, 3.0333E+00, 5.0000E-01,-5.0000E+00,
17:20:54.33353005, 3.0000E+00, 5.6667E-01,-4.6667E+00,
17:20:54.33353010, 3.0000E+00, 5.0000E-01,-4.6667E+00,
17:20:54.33353015, 2.9667E+00, 4.6667E-01,-4.3333E+00,
17:20:54.33353020, 3.1000E+00, 5.0000E-01,-5.0000E+00,
17:20:54.33353025, 3.0000E+00, 4.6667E-01,-5.3333E+00,
17:20:54.33353030, 3.0333E+00, 5.0000E-01,-5.0000E+00,
17:20:54.33353035, 3.0000E+00, 5.0000E-01,-4.6667E+00,
17:20:54.33353040, 3.0000E+00, 5.0000E-01,-5.3333E+00,
17:20:54.33353045, 3.0333E+00, 5.3333E-01,-4.6667E+00,
17:20:54.33353050, 3.0333E+00, 4.6667E-01,-5.3333E+00,
17:20:54.33353055, 3.0333E+00, 5.3333E-01,-4.3333E+00,
17:20:54.33353060, 3.0000E+00, 4.3333E-01,-4.3333E+00,
17:20:54.33353065, 3.0333E+00, 5.0000E-01,-4.6667E+00,
17:20:54.33353070, 3.1000E+00, 6.0000E-01,-4.3333E+00,
17:20:54.33353075, 2.9667E+00, 4.6667E-01,-5.0000E+00,
17:20:54.33353080, 3.0000E+00, 5.0000E-01,-4.6667E+00,
17:20:54.33353085, 3.1000E+00, 4.6667E-01,-5.0000E+00,
17:20:54.33353090, 2.9667E+00, 5.6667E-01,-5.0000E+00,
17:20:54.33353095, 3.0000E+00, 5.6667E-01,-5.3333E+00,
17:20:54.33353100, 3.0000E+00, 5.0000E-01,-5.0000E+00,
17:20:54.33353105, 3.0333E+00, 5.0000E-01,-4.3333E+00,
17:20:54.33353110, 3.1000E+00, 5.0000E-01,-5.0000E+00,
17:20:54.33353115, 3.0333E+00, 5.0000E-01,-4.3333E+00,
17:20:54.33353120, 3.0000E+00, 5.3333E-01,-5.0000E+00,
17:20:54.33353125, 3.0667E+00, 5.3333E-01,-5.0000E+00,
17:20:54.33353130, 2.9667E+00, 5.0000E-01,-5.0000E+00,
17:20:54.33353135, 3.0333E+00, 5.0000E-01,-4.6667E+00,
17:20:54.33353140, 3.0333E+00, 5.0000E-01,-5.0000E+00,
17:20:54.33353145, 3.1000E+00, 4.3333E-01,-4.6667E+00,
17:20:54.33353150, 3.1000E+00, 5.0000E-01,-4.6667E+00,
17:20:54.33353155, 3.1000E+00, 5.0000E-01,-5.3333E+00,
17:20:54.33353160, 3.0667E+00, 5.0000E-01,-5.0000E+00,
17:20:54.33353165, 3.0000E+00, 5.0000E-01,-5.0000E+00,
17:20:54.33353170, 3.0333E+00, 4.3333E-01,-5.3333E+00,
17:20:54.33353175, 3.0333E+00, 5.0000E-01,-5.3333E+00,
17:20:54.33353180, 3.0000E+00, 4.6667E-01,-4.3333E+00,
17:20:54.33353185, 3.0333E+00, 5.0000E-01,-5.3333E+00,
17:20:54.33353190, 3.0667E+00, 5.0000E-01,-5.0000E+00,
17:20:54.33353195, 3.1000E+00, 4.6667E-01,-5.3333E+00,
17:20:54.33353200, 3.0667E+00, 4.6667E-01,-5.0000E+00,
17:20:54.33353205, 3.1000E+00, 5.3333E-01,-5.3333E+00,
17:20:54.33353210, 3.0333E+00, 5.0000E-01,-4.3333E+00,
17:20:54.33353215, 3.0000E+00, 5.0000E-01,-4.6667E+00,
17:20:54.33353220, 2.9667E+00, 5.0000E-01,-5.0000E+00,
17:20:54.33353225, 3.0333E+00, 5.0000E-01,-5.3333E+00,
17:20:54.33353230, 3.0333E+00, 5.0000E-01,-5.3333E+00,
17:20:54.33353235, 3.0333E+00, 5.0000E-01,-5.3333E+00,
17:20:54.33353240, 3.0333E+00, 5.0000E-01,-5.0000E+00,
17:20:54.33353245, 3.0667E+00, 4.6667E-01,-5.3333E+00,
17:20:54.33353250, 3.0667E+00, 5.0000E-01,-4.3333E+00,
17:20:54.33353255, 3.0000E+00, 5.0000E-01,-4.6667E+00,
17:20:54.33353260, 3.1000E+00, 5.3333E-01,-5.3333E+00,
17:20:54.33353265, 3.0000E+00, 4.6667E-01,-5.3333E+00,
17:20:54.33353270, 3.1000E+00, 4.3333E-01,-5.0000E+00,
17:20:54.33353275, 3.1000E+00, 5.0000E-01,-5.3333E+00,
17:20:54.33353280, 3.0000E+00, 4.3333E-01,-5.0000E+00,
17:20:54.33353285, 3.0000E+00, 5.0000E-01,-4.6667E+00,
17:20:54.33353290, 3.0667E+00, 5.0000E-01,-5.6667E+00,
17:20:54.33353295, 3.0333E+00, 5.3333E-01,-5.3333E+00,
17:20:54.33353300, 3.0000E+00, 4.6667E-01,-4.6667E+00,
17:20:54.33353305, 3.0333E+00, 5.0000E-01,-5.0000E+00,
17:20:54.33353310, 3.0000E+00, 4.6667E-01,-5.0000E+00,
17:20:54.33353315, 3.0000E+00, 5.0000E-01,-5.0000E+00,
17:20:54.33353320, 3.0000E+00, 5.3333E-01,-5.3333E+00,
17:20:54.33353325, 2.9667E+00, 5.0000E-01,-5.3333E+00,
17:20:54.33353330, 3.0000E+00, 4.3333E-01,-5.0000E+00,
17:20:54.33353335, 2.9333E+00, 5.3333E-01,-5.0000E+00,
17:20:54.33353340, 3.0667E+00, 5.0000E-01,-5.3333E+00,
17:20:54.33353345, 3.0667E+00, 5.0000E-01,-5.3333E+00,
17:20:54.33353350, 3.0667E+00, 5.0000E-01,-4.6667E+00,
17:20:54.33353355, 3.0000E+00, 5.0000E-01,-5.0000E+00,
17:20:54.33353360, 3.0000E+00, 5.0000E-01,-4.6667E+00,
17:20:54.33353365, 3.0667E+00, 5.0000E-01,-4.6667E+00,
17:20:54.33353370, 2.9667E+00, 5.0000E-01,-5.0000E+00,
17:20:54.33353375, 3.0333E+00, 5.0000E-01,-5.0000E+00,
17:20:54.33353380, 3.0333E+00, 5.0000E-01,-5.3333E+00,
17:20:54.33353385, 3.0333E+00, 5.0000E-01,-4.6667E+00,
17:20:54.33353390, 3.0000E+00, 5.0000E-01,-4.6667E+00,
17:20:54.33353395, 3.0667E+00, 5.0000E-01,-5.0000E+00,
17:20:54.33353400, 3.0333E+00, 5.0000E-01,-5.3333E+00,
17:20:54.33353405, 3.0333E+00, 5.3333E-01,-5.0000E+00,
17:20:54.33353410, 2.9333E+00, 5.3333E-01,-5.3333E+00,
17:20:54.33353415, 3.0667E+00, 5.0000E-01,-5.0000E+00,
17:20:54.33353420, 3.0000E+00, 5.0000E-01,-5.0000E+00,
17:20:54.33353425, 3.1000E+00, 5.0000E-01,-5.0000E+00,
17:20:54.33353430, 3.0333E+00, 5.3333E-01,-5.0000E+00,
17:20:54.33353435, 3.0000E+00, 5.0000E-01,-5.3333E+00,
17:20:54.33353440, 3.0667E+00, 5.3333E-01,-5.6667E+00,
17:20:54.33353445, 3.0333E+00, 4.6667E-01,-4.3333E+00,
17:20:54.33353450, 3.0667E+00, 5.0000E-01,-4.3333E+00,
17:20:54.33353455, 3.0333E+00, 4.6667E-01,-4.3333E+00,
17:20:54.33353460, 3.1000E+00, 5.0000E-01,-5.0000E+00,
17:20:54.33353465, 3.0333E+00, 4.3333E-01,-4.3333E+00,
17:20:54.33353470, 3.0667E+00, 5.0000E-01,-5.3333E+00,
17:20:54.33353475, 3.0667E+00, 4.6667E-01,-4.3333E+00,
17:20:54.33353480, 3.0000E+00, 4.3333E-01,-5.3333E+00,
17:20:54.33353485, 3.1000E+00, 5.0000E-01,-5.0000E+00,
17:20:54.33353490, 3.0667E+00, 5.0000E-01,-5.0000E+00,
17:20:54.33353495, 2.9667E+00, 4.6667E-01,-4.6667E+00,
17:20:54.33353500, 3.0333E+00, 5.3333E-01,-5.3333E+00,
17:20:54.33353505, 3.0333E+00, 4.6667E-01,-4.6667E+00,
17:20:54.33353510, 3.0333E+00, 5.0000E-01,-5.0000E+00,
17:20:54.33353515, 3.0333E+00, 5.6667E-01,-5.0000E+00,
17:20:54.33353520, 3.0667E+00, 5.3333E-01,-5.0000E+00,
17:20:54.33353525, 3.0000E+00, 5.0000E-01,-5.3333E+00,
17:20:54.33353530, 2.9667E+00, 5.0000E-01,-4.6667E+00,
17:20:54.33353535, 3.1000E+00, 5.0000E-01,-4.6667E+00,
17:20:54.33353540, 3.0333E+00, 5.0000E-01,-5.0000E+00,
17:20:54.33353545, 3.0667E+00, 5.3333E-01,-5.0000E+00,
17:20:54.33353550, 3.0333E+00, 5.0000E-01,-4.6667E+00,
17:20:54.33353555, 2.9667E+00, 5.0000E-01,-5.0000E+00,
17:20:54.33353560, 3.0333E+00, 5.0000E-01,-5.0000E+00,
17:20:54.33353565, 3.0000E+00, 4.6667E-01,-5.3333E+00,
17:20:54.33353570, 2.9333E+00, 5.0000E-01,-5.0000E+00,
17:20:54.33353575, 3.1000E+00, 5.0000E-01,-5.3333E+00,
17:20:54.33353580, 2.9667E+00, 5.0000E-01,-4.6667E+00,
17:20:54.33353585, 3.0000E+00, 4.6667E-01,-4.6667E+00,
17:20:54.33353590, 3.0333E+00, 5.0000E-01,-4.6667E+00,
17:20:54.33353595, 3.0333E+00, 5.3333E-01,-5.3333E+00,
17:20:54.33353600, 2.9667E+00, 5.3333E-01,-5.3333E+00,
17:20:54.33353605, 3.0000E+00, 5.0000E-01,-5.0000E+00,
17:20:54.33353610, 3.0000E+00, 5.0000E-01,-4.6667E+00,
17:20:54.33353615, 3.0667E+00, 4.6667E-01,-5.3333E+00,
17:20:54.33353620, 3.1000E+00, 5.0000E-01,-5.3333E+00,
17:20:54.33353625, 2.9667E+00, 5.0000E-01,-5.0000E+00,
17:20:54.33353630, 3.0333E+00, 5.0000E-01,-6.0000E+00,
17:20:54.33353635, 3.0333E+00, 5.0000E-01,-5.0000E+00,
17:20:54.33353640, 3.0333E+00, 5.0000E-01,-5.3333E+00,
17:20:54.33353645, 3.0667E+00, 5.0000E-01,-4.3333E+00,
17:20:54.33353650, 3.0333E+00, 5.0000E-01,-4.6667E+00,
17:20:54.33353655, 3.0000E+00, 5.0000E-01,-5.3333E+00,
17:20:54.33353660, 3.0000E+00, 4.6667E-01,-5.0000E+00,
17:20:54.33353665, 3.0333E+00, 5.0000E-01,-5.0000E+00,
17:20:54.33353670, 3.0000E+00, 4.6667E-01,-5.3333E+00,
17:20:54.33353675, 3.0000E+00, 5.0000E-01,-5.0000E+00,
17:20:54.33353680, 3.0000E+00, 5.3333E-01,-4.3333E+00,
17:20:54.33353685, 3.0667E+00, 5.0000E-01,-5.0000E+00,
17:20:54.33353690, 3.0333E+00, 5.0000E-01,-5.0000E+00,
17:20:54.33353695, 2.9667E+00, 5.0000E-01,-4.6667E+00,
17:20:54.33353700, 3.0000E+00, 5.0000E-01,-5.0000E+00,
17:20:54.33353705, 3.0333E+00, 5.0000E-01,-5.0000E+00,
17:20:54.33353710, 3.0333E+00, 5.0000E-01,-5.3333E+00,
17:20:54.33353715, 3.0000E+00, 6.0000E-01,-5.0000E+00,
17:20:54.33353720, 3.0333E+00, 4.6667E-01,-5.0000E+00,
17:20:54.33353725, 3.0000E+00, 5.3333E-01,-5.0000E+00,
17:20:54.33353730, 3.0333E+00, 5.0000E-01,-5.3333E+00,
17:20:54.33353735, 3.1000E+00, 5.0000E-01,-4.3333E+00,
17:20:54.33353740, 3.1000E+00, 5.3333E-01,-4.6667E+00,
17:20:54.33353745, 3.0667E+00, 4.6667E-01,-4.6667E+00,
17:20:54.33353750, 3.0000E+00, 5.3333E-01,-4.3333E+00,
17:20:54.33353755, 3.0000E+00, 5.6667E-01,-5.0000E+00,
17:20:54.33353760, 3.0667E+00, 5.0000E-01,-5.3333E+00,
17:20:54.33353765, 3.0333E+00, 4.6667E-01,-5.3333E+00,
17:20:54.33353770, 3.0667E+00, 5.0000E-01,-5.0000E+00,
17:20:54.33353775, 3.0333E+00, 6.0000E-01,-5.3333E+00,
17:20:54.33353780, 3.0000E+00, 4.6667E-01,-4.3333E+00,
17:20:54.33353785, 3.0000E+00, 5.3333E-01,-5.3333E+00,
17:20:54.33353790, 3.0000E+00, 5.0000E-01,-5.0000E+00,
17:20:54.33353795, 3.0333E+00, 5.0000E-01,-4.6667E+00,
17:20:54.33353800, 3.0333E+00, 5.0000E-01,-4.3333E+00,
17:20:54.33353805, 3.0000E+00, 5.0000E-01,-5.3333E+00,
17:20:54.33353810, 3.0333E+00, 5.0000E-01,-5.3333E+00,
17:20:54.33353815, 3.0333E+00, 5.0000E-01,-5.3333E+00,
17:20:54.33353820, 3.0333E+00, 5.0000E-01,-5.3333E+00,
17:20:54.33353825, 3.0000E+00, 5.0000E-01,-5.3333E+00,
17:20:54.33353830, 3.0667E+00, 5.3333E-01,-5.0000E+00,
17:20:54.33353835, 3.0333E+00, 5.0000E-01,-5.0000E+00,
17:20:54.33353840, 3.0667E+00, 4.6667E-01,-5.3333E+00,
17:20:54.33353845, 3.0333E+00, 5.0000E-01,-4.0000E+00,
17:20:54.33353850, 3.0000E+00, 5.0000E-01,-4.6667E+00,
17:20:54.33353855, 3.0000E+00, 5.0000E-01,-5.0000E+00,
17:20:54.33353860, 3.1000E+00, 5.0000E-01,-5.0000E+00,
17:20:54.33353865, 3.0000E+00, 5.3333E-01,-5.0000E+00,
17:20:54.33353870, 3.0333E+00, 5.3333E-01,-4.6667E+00,
17:20:54.33353875, 3.0000E+00, 4.6667E-01,-4.6667E+00,
17:20:54.33353880, 3.0000E+00, 4.3333E-01,-5.3333E+00,
17:20:54.33353885, 3.0000E+00, 5.3333E-01,-5.0000E+00,
17:20:54.33353890, 3.0667E+00, 5.0000E-01,-5.3333E+00,
17:20:54.33353895, 2.9333E+00, 5.0000E-01,-5.0000E+00,
17:20:54.33353900, 3.0667E+00, 4.6667E-01,-4.6667E+00,
17:20:54.33353905, 2.9667E+00, 5.0000E-01,-5.3333E+00,
17:20:54.33353910, 3.0000E+00, 5.3333E-01,-5.0000E+00,
17:20:54.33353915, 3.0667E+00, 4.6667E-01,-5.3333E+00,
17:20:54.33353920, 3.0000E+00, 5.0000E-01,-5.6667E+00,
17:20:54.33353925, 3.0667E+00, 5.0000E-01,-4.6667E+00,
17:20:54.33353930, 3.0667E+00, 5.0000E-01,-5.0000E+00,
17:20:54.33353935, 3.0000E+00, 5.0000E-01,-5.3333E+00,
17:20:54.33353940, 3.0000E+00, 5.0000E-01,-5.0000E+00,
17:20:54.33353945, 3.0333E+00, 5.0000E-01,-5.0000E+00,
17:20:54.33353950, 3.0333E+00, 5.0000E-01,-5.3333E+00,
17:20:54.33353955, 2.9667E+00, 5.0000E-01,-5.0000E+00,
17:20:54.33353960, 2.9333E+00, 5.0000E-01,-4.6667E+00,
17:20:54.33353965, 3.0333E+00, 6.0000E-01,-5.3333E+00,
17:20:54.33353970, 3.0333E+00, 4.6667E-01,-5.3333E+00,
17:20:54.33353975, 3.0333E+00, 5.0000E-01,-4.3333E+00,
17:20:54.33353980, 3.0667E+00, 5.3333E-01,-4.3333E+00,
17:20:54.33353985, 3.0000E+00, 5.0000E-01,-5.0000E+00,
17:20:54.33353990, 3.0000E+00, 5.3333E-01,-5.0000E+00,
17:20:54.33353995, 3.0667E+00, 5.6667E-01,-4.6667E+00,
17:20:54.33354000, 3.1000E+00, 5.0000E-01,-5.0000E+00,
17:20:54.33354005, 3.0333E+00, 5.0000E-01,-4.6667E+00,
17:20:54.33354010, 3.0000E+00, 5.0000E-01,-5.0000E+00,
17:20:54.33354015, 3.0667E+00, 4.6667E-01,-5.3333E+00,
17:20:54.33354020, 3.1000E+00, 4.6667E-01,-5.0000E+00,
17:20:54.33354025, 3.0667E+00, 5.0000E-01,-5.0000E+00,
17:20:54.33354030, 3.0667E+00, 5.0000E-01,-5.0000E+00,
17:20:54.33354035, 2.9667E+00, 5.0000E-01,-5.3333E+00,
17:20:54.33354040, 3.0333E+00, 4.6667E-01,-5.3333E+00,
17:20:54.33354045, 3.1000E+00, 5.0000E-01,-5.0000E+00,
17:20:54.33354050, 3.0000E+00, 4.6667E-01,-4.6667E+00,
17:20:54.33354055, 3.0000E+00, 5.0000E-01,-4.6667E+00,
17:20:54.33354060, 3.0000E+00, 5.0000E-01,-4.6667E+00,
17:20:54.33354065, 3.0000E+00, 5.0000E-01,-5.0000E+00,
17:20:54.33354070, 3.0667E+00, 5.0000E-01,-5.3333E+00,
17:20:54.33354075, 2.9667E+00, 5.0000E-01,-5.0000E+00,
17:20:54.33354080, 2.9667E+00, 5.0000E-01,-5.3333E+00,
17:20:54.33354085, 2.9333E+00, 5.0000E-01,-4.6667E+00,
17:20:54.33354090, 3.0333E+00, 4.6667E-01,-4.3333E+00,
17:20:54.33354095, 3.0667E+00, 5.0000E-01,-5.0000E+00,
17:20:54.33354100, 3.0000E+00, 5.0000E-01,-5.0000E+00,
17:20:54.33354105, 2.9333E+00, 5.0000E-01,-5.3333E+00,
17:20:54.33354110, 3.1000E+00, 5.0000E-01,-5.3333E+00,
17:20:54.33354115, 3.0667E+00, 4.6667E-01,-5.0000E+00,
17:20:54.33354120, 3.0667E+00, 5.0000E-01,-5.3333E+00,
17:20:54.33354125, 3.0667E+00, 4.3333E-01,-4.6667E+00,
17:20:54.33354130, 3.0333E+00, 4.6667E-01,-5.3333E+00,
17:20:54.33354135, 3.0667E+00, 4.6667E-01,-4.6667E+00,
17:20:54.33354140, 3.0333E+00, 5.0000E-01,-4.6667E+00,
17:20:54.33354145, 3.0333E+00, 5.0000E-01,-4.6667E+00,
17:20:54.33354150, 3.0667E+00, 5.0000E-01,-5.0000E+00,
17:20:54.33354155, 3.0667E+00, 5.0000E-01,-5.0000E+00,
17:20:54.33354160, 3.0667E+00, 5.0000E-01,-5.3333E+00,
17:20:54.33354165, 3.0667E+00, 5.0000E-01,-5.3333E+00,
17:20:54.33354170, 3.0667E+00, 5.0000E-01,-4.6667E+00,
17:20:54.33354175, 3.1000E+00, 5.3333E-01,-4.3333E+00,
17:20:54.33354180, 3.0333E+00, 4.6667E-01,-5.3333E+00,
17:20:54.33354185, 3.0000E+00, 5.0000E-01,-4.6667E+00,
17:20:54.33354190, 3.0000E+00, 5.0000E-01,-5.3333E+00,
17:20:54.33354195, 3.0333E+00, 5.3333E-01,-5.0000E+00,
17:20:54.33354200, 3.0333E+00, 5.0000E-01,-5.3333E+00,
17:20:54.33354205, 3.0333E+00, 5.6667E-01,-4.6667E+00,
17:20:54.33354210, 3.0667E+00, 4.3333E-01,-5.3333E+00,
17:20:54.33354215, 3.0000E+00, 5.0000E-01,-5.3333E+00,
17:20:54.33354220, 2.9667E+00, 4.3333E-01,-5.3333E+00,
17:20:54.33354225, 3.0333E+00, 5.0000E-01,-5.0000E+00,
17:20:54.33354230, 3.0333E+00, 5.0000E-01,-4.6667E+00,
17:20:54.33354235, 3.0333E+00, 5.6667E-01,-4.3333E+00,
17:20:54.33354240, 3.0333E+00, 4.6667E-01,-4.6667E+00,
17:20:54.33354245, 3.1000E+00, 5.0000E-01,-4.6667E+00,
17:20:54.33354250, 3.0667E+00, 4.6667E-01,-5.3333E+00,
17:20:54.33354255, 3.0333E+00, 5.0000E-01,-5.3333E+00,
17:20:54.33354260, 3.0000E+00, 5.0000E-01,-4.6667E+00,
17:20:54.33354265, 3.1000E+00, 5.0000E-01,-5.0000E+00,
17:20:54.33354270, 3.0667E+00, 5.3333E-01,-5.0000E+00,
17:20:54.33354275, 3.0000E+00, 5.0000E-01,-4.6667E+00,
17:20:54.33354280, 3.0333E+00, 5.3333E-01,-5.3333E+00,
17:20:54.33354285, 3.0000E+00, 5.0000E-01,-4.0000E+00,
17:20:54.33354290, 3.0667E+00, 5.0000E-01,-5.3333E+00,
17:20:54.33354295, 3.0000E+00, 5.0000E-01,-4.3333E+00,
17:20:54.33354300, 3.0667E+00, 5.0000E-01,-5.0000E+00,
17:20:54.33354305, 3.1000E+00, 5.0000E-01,-5.3333E+00,
17:20:54.33354310, 3.0667E+00, 4.3333E-01,-5.0000E+00,
17:20:54.33354315, 2.9667E+00, 5.0000E-01,-5.3333E+00,
17:20:54.33354320, 3.0000E+00, 5.0000E-01,-4.6667E+00,
17:20:54.33354325, 2.9667E+00, 5.0000E-01,-4.3333E+00,
17:20:54.33354330, 3.0000E+00, 5.0000E-01,-5.0000E+00,
17:20:54.33354335, 2.9667E+00, 5.6667E-01,-5.3333E+00,
17:20:54.33354340, 3.0000E+00, 5.3333E-01,-5.3333E+00,
17:20:54.33354345, 3.0333E+00, 5.0000E-01,-4.6667E+00,
17:20:54.33354350, 3.0000E+00, 5.0000E-01,-5.0000E+00,
17:20:54.33354355, 3.0333E+00, 4.3333E-01,-5.0000E+00,
17:20:54.33354360, 3.0333E+00, 5.3333E-01,-5.3333E+00,
17:20:54.33354365, 3.0333E+00, 6.0000E-01,-5.0000E+00,
17:20:54.33354370, 3.0000E+00, 5.0000E-01,-5.0000E+00,
17:20:54.33354375, 3.0667E+00, 5.3333E-01,-4.6667E+00,
17:20:54.33354380, 3.0667E+00, 5.3333E-01,-4.6667E+00,
17:20:54.33354385, 3.0667E+00, 5.3333E-01,-5.3333E+00,
17:20:54.33354390, 3.0333E+00, 5.0000E-01,-4.6667E+00,
17:20:54.33354395, 3.0667E+00, 5.0000E-01,-4.6667E+00,
17:20:54.33354400, 3.0333E+00, 5.0000E-01,-5.0000E+00,
17:20:54.33354405, 3.0333E+00, 5.3333E-01,-5.3333E+00,
17:20:54.33354410, 3.0333E+00, 5.0000E-01,-5.0000E+00,
17:20:54.33354415, 3.0000E+00, 4.3333E-01,-5.3333E+00,
17:20:54.33354420, 3.0333E+00, 5.6667E-01,-5.3333E+00,
17:20:54.33354425, 3.0667E+00, 5.0000E-01,-4.6667E+00,
17:20:54.33354430, 3.1000E+00, 5.3333E-01,-4.6667E+00,
17:20:54.33354435, 3.1000E+00, 4.6667E-01,-5.3333E+00,
17:20:54.33354440, 3.1333E+00, 5.0000E-01,-4.6667E+00,
17:20:54.33354445, 3.0333E+00, 4.6667E-01,-5.3333E+00,
17:20:54.33354450, 3.0667E+00, 4.6667E-01,-4.3333E+00,
17:20:54.33354455, 3.0000E+00, 5.0000E-01,-5.0000E+00,
17:20:54.33354460, 3.0000E+00, 5.0000E-01,-5.0000E+00,
17:20:54.33354465, 3.0333E+00, 5.0000E-01,-5.3333E+00,
17:20:54.33354470, 3.0000E+00, 5.3333E-01,-5.0000E+00,
17:20:54.33354475, 3.0333E+00, 5.0000E-01,-4.3333E+00,
17:20:54.33354480, 3.0333E+00, 4.6667E-01,-4.6667E+00,
17:20:54.33354485, 3.0000E+00, 5.3333E-01,-5.0000E+00,
17:20:54.33354490, 3.0333E+00, 5.3333E-01,-4.0000E+00,
17:20:54.33354495, 3.1333E+00, 5.0000E-01,-5.3333E+00,
17:20:54.33354500, 3.0000E+00, 5.0000E-01,-5.0000E+00,
17:20:54.33354505, 3.0667E+00, 5.0000E-01,-4.0000E+00,
17:20:54.33354510, 3.0333E+00, 5.0000E-01,-4.6667E+00,
17:20:54.33354515, 3.0000E+00, 5.3333E-01,-5.0000E+00,
17:20:54.33354520, 3.0333E+00, 5.0000E-01,-5.0000E+00,
17:20:54.33354525, 3.0667E+00, 5.0000E-01,-5.3333E+00,
17:20:54.33354530, 3.0667E+00, 5.3333E-01,-4.6667E+00,
17:20:54.33354535, 3.0333E+00, 5.0000E-01,-5.0000E+00,
17:20:54.33354540, 3.1000E+00, 5.0000E-01,-5.3333E+00,
17:20:54.33354545, 3.0667E+00, 5.0000E-01,-5.3333E+00,
17:20:54.33354550, 3.0333E+00, 5.0000E-01,-5.3333E+00,
17:20:54.33354555, 3.0333E+00, 5.0000E-01,-5.0000E+00,
17:20:54.33354560, 3.0333E+00, 4.3333E-01,-5.3333E+00,
17:20:54.33354565, 3.0333E+00, 5.0000E-01,-4.6667E+00,
17:20:54.33354570, 3.0333E+00, 5.3333E-01,-5.0000E+00,
17:20:54.33354575, 3.0333E+00, 5.3333E-01,-5.6667E+00,
17:20:54.33354580, 3.0667E+00, 5.0000E-01,-5.0000E+00,
17:20:54.33354585, 3.0000E+00, 4.6667E-01,-5.0000E+00,
17:20:54.33354590, 3.0333E+00, 5.0000E-01,-5.0000E+00,
17:20:54.33354595, 3.0333E+00, 5.3333E-01,-5.0000E+00,
17:20:54.33354600, 3.1333E+00, 5.0000E-01,-4.6667E+00,
17:20:54.33354605, 3.0667E+00, 5.0000E-01,-5.3333E+00,
17:20:54.33354610, 3.0333E+00, 5.0000E-01,-5.0000E+00,
17:20:54.33354615, 3.0667E+00, 5.0000E-01,-5.0000E+00,
17:20:54.33354620, 3.0000E+00, 5.0000E-01,-5.0000E+00,
17:20:54.33354625, 2.9667E+00, 5.0000E-01,-4.0000E+00,
17:20:54.33354630, 3.0667E+00, 5.0000E-01,-4.6667E+00,
17:20:54.33354635, 3.0333E+00, 5.0000E-01,-4.6667E+00,
17:20:54.33354640, 3.0667E+00, 5.3333E-01,-4.6667E+00,
17:20:54.33354645, 3.0000E+00, 5.0000E-01,-4.6667E+00,
17:20:54.33354650, 2.9667E+00, 5.0000E-01,-4.6667E+00,
17:20:54.33354655, 3.0333E+00, 5.0000E-01,-5.0000E+00,
17:20:54.33354660, 3.0000E+00, 5.0000E-01,-5.0000E+00,
17:20:54.33354665, 3.0667E+00, 5.0000E-01,-5.3333E+00,
17:20:54.33354670, 2.9667E+00, 5.0000E-01,-5.0000E+00,
17:20:54.33354675, 3.0000E+00, 5.3333E-01,-4.6667E+00,
17:20:54.33354680, 3.0333E+00, 4.6667E-01,-5.3333E+00,
17:20:54.33354685, 3.0333E+00, 5.0000E-01,-5.0000E+00,
17:20:54.33354690, 3.1000E+00, 5.0000E-01,-5.0000E+00,
17:20:54.33354695, 3.0000E+00, 5.3333E-01,-5.3333E+00,
17:20:54.33354700, 3.0333E+00, 5.3333E-01,-5.3333E+00,
17:20:54.33354705, 3.0000E+00, 5.0000E-01,-5.3333E+00,
17:20:54.33354710, 3.0000E+00, 5.0000E-01,-4.6667E+00,
17:20:54.33354715, 3.1000E+00, 5.0000E-01,-5.0000E+00,
17:20:54.33354720, 3.0667E+00, 5.0000E-01,-5.0000E+00,
17:20:54.33354725, 3.0333E+00, 5.0000E-01,-5.3333E+00,
17:20:54.33354730, 3.0000E+00, 4.6667E-01,-5.3333E+00,
17:20:54.33354735, 3.0000E+00, 5.3333E-01,-5.0000E+00,
17:20:54.33354740, 3.0333E+00, 5.0000E-01,-5.0000E+00,
17:20:54.33354745, 3.0333E+00, 5.0000E-01,-5.3333E+00,
17:20:54.33354750, 3.0667E+00, 5.0000E-01,-4.6667E+00,
17:20:54.33354755, 3.0000E+00, 5.0000E-01,-5.0000E+00,
17:20:54.33354760, 3.0667E+00, 5.0000E-01,-4.6667E+00,
17:20:54.33354765, 2.9667E+00, 5.0000E-01,-5.0000E+00,
17:20:54.33354770, 3.0333E+00, 5.0000E-01,-5.0000E+00,
17:20:54.33354775, 3.0333E+00, 5.0000E-01,-5.3333E+00,
17:20:54.33354780, 3.0667E+00, 5.0000E-01,-4.6667E+00,
17:20:54.33354785, 3.0000E+00, 5.0000E-01,-5.0000E+00,
17:20:54.33354790, 3.0333E+00, 5.3333E-01,-5.3333E+00,
17:20:54.33354795, 3.0333E+00, 5.0000E-01,-5.0000E+00,
17:20:54.33354800, 3.0333E+00, 5.0000E-01,-5.3333E+00,
17:20:54.33354805, 3.0333E+00, 5.0000E-01,-5.0000E+00,
17:20:54.33354810, 3.0000E+00, 5.0000E-01,-5.3333E+00,
17:20:54.33354815, 3.0667E+00, 5.0000E-01,-5.0000E+00,
17:20:54.33354820, 3.0667E+00, 5.3333E-01,-5.3333E+00,
17:20:54.33354825, 3.1000E+00, 5.0000E-01,-5.0000E+00,
17:20:54.33354830, 3.0000E+00, 5.0000E-01,-5.3333E+00,
17:20:54.33354835, 3.1000E+00, 5.3333E-01,-5.3333E+00,
17:20:54.33354840, 3.0333E+00, 5.0000E-01,-5.0000E+00,
17:20:54.33354845, 3.0000E+00, 5.3333E-01,-5.3333E+00,
17:20:54.33354850, 3.0333E+00, 5.0000E-01,-5.3333E+00,
17:20:54.33354855, 3.0000E+00, 5.0000E-01,-5.3333E+00,
17:20:54.33354860, 3.0000E+00, 5.0000E-01,-5.0000E+00,
17:20:54.33354865, 3.0000E+00, 4.6667E-01,-5.0000E+00,
17:20:54.33354870, 2.9667E+00, 5.0000E-01,-5.0000E+00,
17:20:54.33354875, 3.0333E+00, 5.0000E-01,-5.3333E+00,
17:20:54.33354880, 3.0667E+00, 5.0000E-01,-5.6667E+00,
17:20:54.33354885, 3.0333E+00, 4.6667E-01,-5.3333E+00,
17:20:54.33354890, 3.0000E+00, 5.3333E-01,-4.3333E+00,
17:20:54.33354895, 3.0000E+00, 5.0000E-01,-5.3333E+00,
17:20:54.33354900, 2.9667E+00, 5.3333E-01,-5.0000E+00,
17:20:54.33354905, 3.0333E+00, 5.3333E-01,-4.6667E+00,
17:20:54.33354910, 3.0333E+00, 5.0000E-01,-5.3333E+00,
17:20:54.33354915, 3.0667E+00, 5.0000E-01,-5.3333E+00,
17:20:54.33354920, 3.0333E+00, 4.3333E-01,-4.3333E+00,
17:20:54.33354925, 3.0333E+00, 5.0000E-01,-4.3333E+00,
17:20:54.33354930, 3.0000E+00, 5.0000E-01,-5.3333E+00,
17:20:54.33354935, 3.1000E+00, 5.0000E-01,-5.0000E+00,
17:20:54.33354940, 3.0333E+00, 5.0000E-01,-5.3333E+00,
17:20:54.33354945, 3.1000E+00, 5.0000E-01,-6.0000E+00,
17:20:54.33354950, 3.0333E+00, 5.3333E-01,-4.0000E+00,
17:20:54.33354955, 3.0333E+00, 5.0000E-01,-4.6667E+00,
17:20:54.33354960, 3.0333E+00, 5.0000E-01,-4.6667E+00,
17:20:54.33354965, 3.0667E+00, 4.6667E-01,-5.0000E+00,
17:20:54.33354970, 3.0333E+00, 5.3333E-01,-4.6667E+00,
17:20:54.33354975, 3.0000E+00, 5.0000E-01,-5.0000E+00,
17:20:54.33354980, 2.9667E+00, 5.0000E-01,-4.6667E+00,
17:20:54.33354985, 3.0667E+00, 5.0000E-01,-5.3333E+00,
17:20:54.33354990, 3.0000E+00, 5.3333E-01,-5.3333E+00,
17:20:54.33354995, 3.1333E+00, 5.3333E-01,-5.3333E+00,
17:20:54.33355000, 3.0000E+00, 5.0000E-01,-5.0000E+00,
17:20:54.33355005, 3.0333E+00, 5.0000E-01,-5.3333E+00,
17:20:54.33355010, 3.0000E+00, 5.0000E-01,-5.3333E+00,
17:20:54.33355015, 3.1000E+00, 5.0000E-01,-5.3333E+00,
17:20:54.33355020, 3.0000E+00, 5.0000E-01,-5.0000E+00,
17:20:54.33355025, 3.0667E+00, 5.0000E-01,-5.0000E+00,
17:20:54.33355030, 3.0667E+00, 5.0000E-01,-5.3333E+00,
17:20:54.33355035, 3.0000E+00, 5.3333E-01,-4.0000E+00,
17:20:54.33355040, 3.0000E+00, 6.3333E-01,-5.3333E+00,
17:20:54.33355045, 3.0000E+00, 5.0000E-01,-5.0000E+00,
17:20:54.33355050, 3.0333E+00, 5.3333E-01,-4.6667E+00,
17:20:54.33355055, 3.0000E+00, 5.3333E-01,-5.0000E+00,
17:20:54.33355060, 3.0667E+00, 4.6667E-01,-5.0000E+00,
17:20:54.33355065, 3.0333E+00, 5.6667E-01,-5.0000E+00,
17:20:54.33355070, 3.1000E+00, 4.3333E-01,-5.3333E+00,
17:20:54.33355075, 3.0000E+00, 5.0000E-01,-4.6667E+00,
17:20:54.33355080, 3.0333E+00, 5.0000E-01,-5.3333E+00,
17:20:54.33355085, 3.1000E+00, 5.3333E-01,-5.0000E+00,
17:20:54.33355090, 3.0000E+00, 5.0000E-01,-5.0000E+00,
17:20:54.33355095, 3.1000E+00, 5.0000E-01,-5.0000E+00,
17:20:54.33355100, 3.0000E+00, 5.0000E-01,-4.6667E+00,
17:20:54.33355105, 3.0000E+00, 5.0000E-01,-4.3333E+00,
17:20:54.33355110, 3.0333E+00, 5.0000E-01,-5.0000E+00,
17:20:54.33355115, 3.0000E+00, 5.6667E-01,-4.3333E+00,
17:20:54.33355120, 3.0667E+00, 5.0000E-01,-4.3333E+00,
17:20:54.33355125, 3.1000E+00, 5.0000E-01,-5.0000E+00,
17:20:54.33355130, 3.0333E+00, 4.6667E-01,-5.3333E+00,
17:20:54.33355135, 3.0333E+00, 5.3333E-01,-4.6667E+00,
17:20:54.33355140, 3.1000E+00, 5.0000E-01,-5.3333E+00,
17:20:54.33355145, 2.9667E+00, 4.6667E-01,-5.0000E+00,
17:20:54.33355150, 3.0000E+00, 4.6667E-01,-5.3333E+00,
17:20:54.33355155, 2.9667E+00, 4.6667E-01,-5.3333E+00,
17:20:54.33355160, 3.0667E+00, 5.0000E-01,-5.0000E+00,
17:20:54.33355165, 3.0000E+00, 5.0000E-01,-3.6667E+00,
17:20:54.33355170, 3.0333E+00, 5.0000E-01,-4.6667E+00,
17:20:54.33355175, 3.1000E+00, 5.0000E-01,-5.0000E+00,
17:20:54.33355180, 3.0333E+00, 5.0000E-01,-5.0000E+00,
17:20:54.33355185, 3.1000E+00, 5.0000E-01,-5.0000E+00,
17:20:54.33355190, 2.9667E+00, 5.0000E-01,-4.3333E+00,
17:20:54.33355195, 3.0333E+00, 5.6667E-01,-5.3333E+00,
17:20:54.33355200, 3.0667E+00, 5.3333E-01,-4.3333E+00,
17:20:54.33355205, 3.0000E+00, 5.0000E-01,-5.0000E+00,
17:20:54.33355210, 3.0333E+00, 5.0000E-01,-4.6667E+00,
17:20:54.33355215, 3.0333E+00, 5.0000E-01,-5.0000E+00,
17:20:54.33355220, 3.1000E+00, 5.0000E-01,-5.0000E+00,
17:20:54.33355225, 3.1000E+00, 4.6667E-01,-5.0000E+00,
17:20:54.33355230, 2.9333E+00, 4.6667E-01,-4.0000E+00,
17:20:54.33355235, 3.0333E+00, 5.0000E-01,-5.3333E+00,
17:20:54.33355240, 3.0333E+00, 5.0000E-01,-5.0000E+00,
17:20:54.33355245, 3.0000E+00, 5.0000E-01,-5.3333E+00,
17:20:54.33355250, 3.0333E+00, 5.0000E-01,-5.0000E+00,
17:20:54.33355255, 3.0000E+00, 5.3333E-01,-5.3333E+00,
17:20:54.33355260, 3.0333E+00, 5.0000E-01,-5.0000E+00,
17:20:54.33355265, 3.0000E+00, 5.0000E-01,-5.0000E+00,
17:20:54.33355270, 3.0000E+00, 4.3333E-01,-5.3333E+00,
17:20:54.33355275, 3.0000E+00, 5.0000E-01,-5.3333E+00,
17:20:54.33355280, 3.0000E+00, 5.0000E-01,-5.3333E+00,
17:20:54.33355285, 3.0000E+00, 5.0000E-01,-4.6667E+00,
17:20:54.33355290, 2.9667E+00, 5.0000E-01,-5.0000E+00,
17:20:54.33355295, 3.0000E+00, 4.6667E-01,-5.3333E+00,
17:20:54.33355300, 2.9667E+00, 5.3333E-01,-4.6667E+00,
17:20:54.33355305, 3.0333E+00, 5.3333E-01,-5.3333E+00,
17:20:54.33355310, 3.1000E+00, 5.0000E-01,-5.0000E+00,
17:20:54.33355315, 3.1000E+00, 5.0000E-01,-5.0000E+00,
17:20:54.33355320, 3.0667E+00, 4.6667E-01,-5.0000E+00,
17:20:54.33355325, 3.0000E+00, 5.0000E-01,-4.6667E+00,
17:20:54.33355330, 3.0333E+00, 5.3333E-01,-5.0000E+00,
17:20:54.33355335, 2.9667E+00, 4.6667E-01,-5.3333E+00,
17:20:54.33355340, 2.9667E+00, 5.0000E-01,-5.3333E+00,
17:20:54.33355345, 3.1000E+00, 4.6667E-01,-5.0000E+00,
17:20:54.33355350, 3.1000E+00, 5.0000E-01,-5.0000E+00,
17:20:54.33355355, 3.0333E+00, 5.0000E-01,-5.0000E+00,
17:20:54.33355360, 3.0667E+00, 5.0000E-01,-5.3333E+00,
17:20:54.33355365, 2.9667E+00, 5.0000E-01,-5.3333E+00,
17:20:54.33355370, 3.1333E+00, 5.3333E-01,-4.3333E+00,
17:20:54.33355375, 3.0000E+00, 5.3333E-01,-4.3333E+00,
17:20:54.33355380, 3.0000E+00, 5.0000E-01,-5.3333E+00,
17:20:54.33355385, 3.0333E+00, 5.0000E-01,-4.3333E+00,
17:20:54.33355390, 3.0667E+00, 4.6667E-01,-4.6667E+00,
17:20:54.33355395, 3.0333E+00, 5.0000E-01,-5.6667E+00,
17:20:54.33355400, 3.0667E+00, 4.6667E-01,-4.6667E+00,
17:20:54.33355405, 3.1000E+00, 5.0000E-01,-5.0000E+00,
17:20:54.33355410, 3.0333E+00, 5.0000E-01,-5.0000E+00,
17:20:54.33355415, 3.1000E+00, 5.0000E-01,-4.6667E+00,
17:20:54.33355420, 3.0667E+00, 5.0000E-01,-5.0000E+00,
17:20:54.33355425, 3.0333E+00, 5.3333E-01,-4.3333E+00,
17:20:54.33355430, 3.0000E+00, 5.3333E-01,-5.3333E+00,
17:20:54.33355435, 3.0333E+00, 5.0000E-01,-5.3333E+00,
17:20:54.33355440, 3.0333E+00, 5.0000E-01,-5.3333E+00,
17:20:54.33355445, 3.1000E+00, 5.0000E-01,-5.0000E+00,
17:20:54.33355450, 3.0667E+00, 5.3333E-01,-5.3333E+00,
17:20:54.33355455, 2.9333E+00, 4.6667E-01,-5.3333E+00,
17:20:54.33355460, 3.0667E+00, 5.0000E-01,-4.6667E+00,
17:20:54.33355465, 3.0000E+00, 4.6667E-01,-5.0000E+00,
17:20:54.33355470, 3.0333E+00, 5.0000E-01,-5.0000E+00,
17:20:54.33355475, 3.0000E+00, 5.0000E-01,-5.3333E+00,
17:20:54.33355480, 3.1333E+00, 4.6667E-01,-5.3333E+00,
17:20:54.33355485, 3.0000E+00, 4.6667E-01,-5.3333E+00,
17:20:54.33355490, 3.0333E+00, 5.0000E-01,-4.6667E+00,
17:20:54.33355495, 3.0667E+00, 5.0000E-01,-5.3333E+00,
17:20:54.33355500, 3.0667E+00, 5.0000E-01,-5.0000E+00,
17:20:54.33355505, 3.1000E+00, 5.0000E-01,-5.3333E+00,
17:20:54.33355510, 3.0333E+00, 5.0000E-01,-5.0000E+00,
17:20:54.33355515, 3.0000E+00, 5.3333E-01,-5.3333E+00,
17:20:54.33355520, 3.0000E+00, 5.0000E-01,-5.0000E+00,
17:20:54.33355525, 3.0000E+00, 4.6667E-01,-5.3333E+00,
17:20:54.33355530, 3.0000E+00, 5.0000E-01,-5.3333E+00,
17:20:54.33355535, 3.0333E+00, 4.6667E-01,-5.0000E+00,
17:20:54.33355540, 3.0667E+00, 5.3333E-01,-4.6667E+00,
17:20:54.33355545, 3.0333E+00, 4.6667E-01,-4.0000E+00,
17:20:54.33355550, 3.1000E+00, 5.0000E-01,-5.3333E+00,
17:20:54.33355555, 3.0667E+00, 4.3333E-01,-4.3333E+00,
17:20:54.33355560, 3.0667E+00, 5.0000E-01,-5.3333E+00,
17:20:54.33355565, 3.0667E+00, 5.0000E-01,-5.3333E+00,
17:20:54.33355570, 3.0000E+00, 5.0000E-01,-4.6667E+00,
17:20:54.33355575, 3.0333E+00, 5.0000E-01,-5.0000E+00,
17:20:54.33355580, 3.0333E+00, 5.3333E-01,-4.6667E+00,
17:20:54.33355585, 3.0000E+00, 5.0000E-01,-5.0000E+00,
17:20:54.33355590, 3.0333E+00, 5.0000E-01,-5.0000E+00,
17:20:54.33355595, 3.0333E+00, 5.0000E-01,-5.6667E+00,
17:20:54.33355600, 3.0000E+00, 5.3333E-01,-4.3333E+00,
17:20:54.33355605, 3.0333E+00, 5.0000E-01,-4.3333E+00,
17:20:54.33355610, 3.0000E+00, 5.3333E-01,-4.3333E+00,
17:20:54.33355615, 3.0333E+00, 5.0000E-01,-5.3333E+00,
17:20:54.33355620, 3.0000E+00, 5.3333E-01,-5.3333E+00,
17:20:54.33355625, 3.0667E+00, 5.0000E-01,-4.6667E+00,
17:20:54.33355630, 3.0667E+00, 5.0000E-01,-5.3333E+00,
17:20:54.33355635, 3.0333E+00, 5.0000E-01,-5.0000E+00,
17:20:54.33355640, 3.0333E+00, 5.0000E-01,-5.3333E+00,
17:20:54.33355645, 3.1000E+00, 5.0000E-01,-4.3333E+00,
17:20:54.33355650, 3.0667E+00, 5.6667E-01,-5.3333E+00,
17:20:54.33355655, 3.0000E+00, 5.0000E-01,-4.6667E+00,
17:20:54.33355660, 3.0000E+00, 5.3333E-01,-5.0000E+00,
17:20:54.33355665, 2.9667E+00, 5.0000E-01,-5.0000E+00,
17:20:54.33355670, 2.9667E+00, 5.0000E-01,-4.3333E+00,
17:20:54.33355675, 3.0000E+00, 5.0000E-01,-4.6667E+00,
17:20:54.33355680, 3.0333E+00, 4.3333E-01,-5.0000E+00,
17:20:54.33355685, 3.0333E+00, 4.6667E-01,-5.0000E+00,
17:20:54.33355690, 3.0000E+00, 5.0000E-01,-5.0000E+00,
17:20:54.33355695, 3.0000E+00, 5.0000E-01,-4.3333E+00,
17:20:54.33355700, 3.0667E+00, 5.0000E-01,-4.6667E+00,
17:20:54.33355705, 3.0333E+00, 5.6667E-01,-4.6667E+00,
17:20:54.33355710, 3.0333E+00, 4.6667E-01,-5.3333E+00,
17:20:54.33355715, 3.0000E+00, 5.0000E-01,-5.0000E+00,
17:20:54.33355720, 3.0000E+00, 5.3333E-01,-5.3333E+00,
17:20:54.33355725, 2.9333E+00, 5.0000E-01,-4.6667E+00,
17:20:54.33355730, 3.0667E+00, 5.0000E-01,-5.3333E+00,
17:20:54.33355735, 3.1333E+00, 5.0000E-01,-5.3333E+00,
17:20:54.33355740, 3.0000E+00, 4.3333E-01,-4.3333E+00,
17:20:54.33355745, 3.0000E+00, 5.3333E-01,-4.6667E+00,
17:20:54.33355750, 3.0667E+00, 4.3333E-01,-5.3333E+00,
17:20:54.33355755, 3.0000E+00, 5.0000E-01,-5.0000E+00,
17:20:54.33355760, 3.0000E+00, 4.3333E-01,-5.3333E+00,
17:20:54.33355765, 3.0333E+00, 5.0000E-01,-4.6667E+00,
17:20:54.33355770, 3.0333E+00, 5.0000E-01,-5.0000E+00,
17:20:54.33355775, 3.0667E+00, 4.6667E-01,-5.0000E+00,
17:20:54.33355780, 3.1000E+00, 5.0000E-01,-5.3333E+00,
17:20:54.33355785, 3.0667E+00, 5.0000E-01,-5.3333E+00,
17:20:54.33355790, 3.0667E+00, 5.0000E-01,-5.3333E+00,
17:20:54.33355795, 3.0333E+00, 5.0000E-01,-5.0000E+00,
17:20:54.33355800, 3.0667E+00, 5.0000E-01,-5.3333E+00,
17:20:54.33355805, 3.0333E+00, 5.3333E-01,-4.6667E+00,
17:20:54.33355810, 3.0000E+00, 5.0000E-01,-5.0000E+00,
17:20:54.33355815, 3.0333E+00, 5.0000E-01,-4.6667E+00,
17:20:54.33355820, 3.0333E+00, 4.6667E-01,-5.3333E+00,
17:20:54.33355825, 3.0333E+00, 4.6667E-01,-5.0000E+00,
17:20:54.33355830, 3.0000E+00, 5.0000E-01,-5.0000E+00,
17:20:54.33355835, 3.0000E+00, 5.6667E-01,-5.0000E+00,
17:20:54.33355840, 3.0333E+00, 5.0000E-01,-5.0000E+00,
17:20:54.33355845, 3.0333E+00, 5.6667E-01,-5.3333E+00,
17:20:54.33355850, 3.0333E+00, 5.0000E-01,-5.0000E+00,
17:20:54.33355855, 2.9000E+00, 5.0000E-01,-5.3333E+00,
17:20:54.33355860, 3.0000E+00, 5.0000E-01,-4.6667E+00,
17:20:54.33355865, 3.0000E+00, 4.6667E-01,-5.0000E+00,
17:20:54.33355870, 3.0000E+00, 5.3333E-01,-5.0000E+00,
17:20:54.33355875, 2.9667E+00, 5.0000E-01,-5.3333E+00,
17:20:54.33355880, 3.0333E+00, 4.6667E-01,-5.3333E+00,
17:20:54.33355885, 3.0333E+00, 5.0000E-01,-5.3333E+00,
17:20:54.33355890, 3.0333E+00, 5.3333E-01,-5.0000E+00,
17:20:54.33355895, 3.0667E+00, 5.0000E-01,-4.6667E+00,
17:20:54.33355900, 3.0333E+00, 5.3333E-01,-5.3333E+00,
17:20:54.33355905, 2.9667E+00, 5.0000E-01,-5.0000E+00,
17:20:54.33355910, 2.9333E+00, 5.0000E-01,-5.0000E+00,
17:20:54.33355915, 3.0000E+00, 4.6667E-01,-5.0000E+00,
17:20:54.33355920, 2.9667E+00, 5.3333E-01,-5.0000E+00,
17:20:54.33355925, 3.0000E+00, 5.0000E-01,-5.0000E+00,
17:20:54.33355930, 3.0667E+00, 5.0000E-01,-4.6667E+00,
17:20:54.33355935, 3.0667E+00, 5.3333E-01,-5.6667E+00,
17:20:54.33355940, 3.0667E+00, 5.0000E-01,-5.3333E+00,
17:20:54.33355945, 3.0333E+00, 5.3333E-01,-5.3333E+00,
17:20:54.33355950, 3.0667E+00, 5.0000E-01,-5.0000E+00,
17:20:54.33355955, 3.0333E+00, 4.6667E-01,-5.0000E+00,
17:20:54.33355960, 2.9667E+00, 5.0000E-01,-5.3333E+00,
17:20:54.33355965, 3.0333E+00, 5.0000E-01,-5.3333E+00,
17:20:54.33355970, 3.0667E+00, 4.6667E-01,-5.0000E+00,
17:20:54.33355975, 3.0333E+00, 5.0000E-01,-5.3333E+00,
17:20:54.33355980, 3.0667E+00, 5.0000E-01,-4.6667E+00,
17:20:54.33355985, 3.0667E+00, 5.3333E-01,-4.3333E+00,
17:20:54.33355990, 3.0667E+00, 4.0000E-01,-5.3333E+00,
17:20:54.33355995, 3.0000E+00, 5.0000E-01,-4.6667E+00,
17:20:54.33356000, 3.0667E+00, 5.3333E-01,-5.3333E+00,
17:20:54.33356005, 2.9667E+00, 5.0000E-01,-5.3333E+00,
17:20:54.33356010, 2.9667E+00, 5.6667E-01,-5.3333E+00,
17:20:54.33356015, 3.0333E+00, 5.3333E-01,-4.6667E+00,
17:20:54.33356020, 3.0000E+00, 5.3333E-01,-5.0000E+00,
17:20:54.33356025, 3.0333E+00, 5.0000E-01,-4.3333E+00,
17:20:54.33356030, 3.0333E+00, 5.3333E-01,-5.0000E+00,
17:20:54.33356035, 3.0667E+00, 5.0000E-01,-5.3333E+00,
17:20:54.33356040, 3.0333E+00, 5.3333E-01,-5.0000E+00,
17:20:54.33356045, 3.0333E+00, 5.0000E-01,-5.3333E+00,
17:20:54.33356050, 3.0333E+00, 5.6667E-01,-5.0000E+00,
17:20:54.33356055, 3.0667E+00, 4.3333E-01,-5.0000E+00,
17:20:54.33356060, 3.0333E+00, 5.0000E-01,-4.6667E+00,
17:20:54.33356065, 3.0333E+00, 5.0000E-01,-5.0000E+00,
17:20:54.33356070, 3.0333E+00, 5.6667E-01,-4.6667E+00,
17:20:54.33356075, 2.9667E+00, 5.0000E-01,-5.0000E+00,
17:20:54.33356080, 3.0333E+00, 5.0000E-01,-4.6667E+00,
17:20:54.33356085, 3.1000E+00, 5.0000E-01,-5.0000E+00,
17:20:54.33356090, 3.0667E+00, 5.3333E-01,-4.6667E+00,
17:20:54.33356095, 3.0000E+00, 5.3333E-01,-5.3333E+00,
17:20:54.33356100, 3.0333E+00, 5.3333E-01,-5.0000E+00,
17:20:54.33356105, 3.0000E+00, 5.0000E-01,-4.6667E+00,
17:20:54.33356110, 3.0333E+00, 5.3333E-01,-5.0000E+00,
17:20:54.33356115, 3.0333E+00, 4.6667E-01,-4.6667E+00,
17:20:54.33356120, 3.0667E+00, 5.0000E-01,-5.0000E+00,
17:20:54.33356125, 3.0667E+00, 5.3333E-01,-5.3333E+00,
17:20:54.33356130, 3.0000E+00, 5.6667E-01,-5.0000E+00,
17:20:54.33356135, 3.1333E+00, 4.6667E-01,-5.3333E+00,
17:20:54.33356140, 3.0667E+00, 5.0000E-01,-4.3333E+00,
17:20:54.33356145, 3.0667E+00, 4.3333E-01,-5.3333E+00,
17:20:54.33356150, 3.0000E+00, 5.0000E-01,-5.0000E+00,
17:20:54.33356155, 3.0667E+00, 5.0000E-01,-5.3333E+00,
17:20:54.33356160, 3.1000E+00, 4.6667E-01,-5.0000E+00,
17:20:54.33356165, 2.9667E+00, 5.3333E-01,-4.6667E+00,
17:20:54.33356170, 3.0667E+00, 4.6667E-01,-5.0000E+00,
17:20:54.33356175, 3.0667E+00, 5.6667E-01,-4.6667E+00,
17:20:54.33356180, 3.0333E+00, 5.0000E-01,-5.0000E+00,
17:20:54.33356185, 2.9667E+00, 5.0000E-01,-4.6667E+00,
17:20:54.33356190, 3.0667E+00, 4.6667E-01,-5.0000E+00,
17:20:54.33356195, 3.0667E+00, 5.0000E-01,-5.3333E+00,
17:20:54.33356200, 3.0000E+00, 6.0000E-01,-4.0000E+00,
17:20:54.33356205, 3.0667E+00, 5.0000E-01,-4.3333E+00,
17:20:54.33356210, 3.0000E+00, 5.0000E-01,-5.3333E+00,
17:20:54.33356215, 3.0000E+00, 5.3333E-01,-5.0000E+00,
17:20:54.33356220, 3.0667E+00, 5.0000E-01,-4.3333E+00,
17:20:54.33356225, 2.9667E+00, 5.0000E-01,-5.3333E+00,
17:20:54.33356230, 3.0000E+00, 5.0000E-01,-5.0000E+00,
17:20:54.33356235, 2.9667E+00, 5.0000E-01,-5.0000E+00,
17:20:54.33356240, 2.9667E+00, 5.0000E-01,-5.0000E+00,
17:20:54.33356245, 3.1000E+00, 5.0000E-01,-5.3333E+00,
17:20:54.33356250, 3.0667E+00, 5.0000E-01,-5.0000E+00,
17:20:54.33356255, 3.0333E+00, 4.6667E-01,-5.3333E+00,
17:20:54.33356260, 3.0000E+00, 5.0000E-01,-5.3333E+00,
17:20:54.33356265, 3.0333E+00, 5.0000E-01,-4.3333E+00,
17:20:54.33356270, 2.9667E+00, 4.3333E-01,-5.0000E+00,
17:20:54.33356275, 3.0000E+00, 5.0000E-01,-5.0000E+00,
17:20:54.33356280, 3.0667E+00, 5.0000E-01,-5.3333E+00,
17:20:54.33356285, 3.0333E+00, 4.6667E-01,-4.6667E+00,
17:20:54.33356290, 3.0333E+00, 5.0000E-01,-5.3333E+00,
17:20:54.33356295, 3.0000E+00, 5.0000E-01,-4.6667E+00,
17:20:54.33356300, 3.0667E+00, 5.0000E-01,-4.6667E+00,
17:20:54.33356305, 3.0667E+00, 5.0000E-01,-5.3333E+00,
17:20:54.33356310, 3.0667E+00, 5.0000E-01,-5.0000E+00,
17:20:54.33356315, 3.0333E+00, 5.0000E-01,-5.0000E+00,
17:20:54.33356320, 3.0000E+00, 5.0000E-01,-4.6667E+00,
17:20:54.33356325, 3.0667E+00, 4.3333E-01,-5.3333E+00,
17:20:54.33356330, 3.0333E+00, 5.0000E-01,-5.0000E+00,
17:20:54.33356335, 3.0000E+00, 4.6667E-01,-4.6667E+00,
17:20:54.33356340, 2.9667E+00, 5.3333E-01,-5.3333E+00,
17:20:54.33356345, 3.1000E+00, 5.0000E-01,-4.6667E+00,
17:20:54.33356350, 3.0000E+00, 5.0000E-01,-5.3333E+00,
17:20:54.33356355, 3.0667E+00, 4.6667E-01,-4.6667E+00,
17:20:54.33356360, 3.0667E+00, 4.6667E-01,-5.0000E+00,
17:20:54.33356365, 3.0667E+00, 4.6667E-01,-5.3333E+00,
17:20:54.33356370, 2.9667E+00, 5.0000E-01,-5.0000E+00,
17:20:54.33356375, 3.0333E+00, 5.0000E-01,-5.0000E+00,
17:20:54.33356380, 2.9667E+00, 5.0000E-01,-4.3333E+00,
17:20:54.33356385, 3.0667E+00, 5.0000E-01,-5.0000E+00,
17:20:54.33356390, 2.9333E+00, 5.0000E-01,-5.3333E+00,
17:20:54.33356395, 3.0333E+00, 5.0000E-01,-4.6667E+00,
17:20:54.33356400, 3.0333E+00, 5.6667E-01,-4.6667E+00,
17:20:54.33356405, 3.0000E+00, 5.0000E-01,-5.3333E+00,
17:20:54.33356410, 3.0667E+00, 5.0000E-01,-5.0000E+00,
17:20:54.33356415, 3.0667E+00, 4.3333E-01,-4.3333E+00,
17:20:54.33356420, 3.0667E+00, 5.0000E-01,-4.3333E+00,
17:20:54.33356425, 3.0000E+00, 5.0000E-01,-5.3333E+00,
17:20:54.33356430, 3.0667E+00, 4.6667E-01,-4.6667E+00,
17:20:54.33356435, 3.0333E+00, 5.0000E-01,-5.3333E+00,
17:20:54.33356440, 3.0333E+00, 5.0000E-01,-4.3333E+00,
17:20:54.33356445, 3.0667E+00, 5.0000E-01,-4.6667E+00,
17:20:54.33356450, 2.9667E+00, 5.0000E-01,-5.0000E+00,
17:20:54.33356455, 3.0333E+00, 5.0000E-01,-3.6667E+00,
17:20:54.33356460, 3.1000E+00, 4.6667E-01,-5.0000E+00,
17:20:54.33356465, 3.0667E+00, 5.0000E-01,-4.6667E+00,
17:20:54.33356470, 3.0667E+00, 5.0000E-01,-4.0000E+00,
17:20:54.33356475, 2.9333E+00, 5.0000E-01,-4.3333E+00,
17:20:54.33356480, 3.0667E+00, 4.3333E-01,-5.3333E+00,
17:20:54.33356485, 3.0333E+00, 5.0000E-01,-4.6667E+00,
17:20:54.33356490, 3.0667E+00, 5.0000E-01,-5.0000E+00,
17:20:54.33356495, 3.0667E+00, 5.3333E-01,-5.3333E+00,
17:20:54.33356500, 3.0333E+00, 5.0000E-01,-5.3333E+00,
17:20:54.33356505, 3.1000E+00, 5.0000E-01,-5.3333E+00,
17:20:54.33356510, 3.0667E+00, 5.0000E-01,-5.3333E+00,
17:20:54.33356515, 3.0667E+00, 5.0000E-01,-4.3333E+00,
17:20:54.33356520, 3.0667E+00, 4.6667E-01,-5.3333E+00,
17:20:54.33356525, 2.9667E+00, 5.0000E-01,-5.3333E+00,
17:20:54.33356530, 2.9667E+00, 4.3333E-01,-5.0000E+00,
17:20:54.33356535, 2.9667E+00, 5.0000E-01,-4.6667E+00,
17:20:54.33356540, 3.0333E+00, 5.0000E-01,-5.3333E+00,
17:20:54.33356545, 3.1000E+00, 5.0000E-01,-5.3333E+00,
17:20:54.33356550, 3.0667E+00, 5.0000E-01,-5.3333E+00,
17:20:54.33356555, 3.1000E+00, 5.0000E-01,-4.6667E+00,
17:20:54.33356560, 3.0000E+00, 5.0000E-01,-5.0000E+00,
17:20:54.33356565, 3.0333E+00, 5.0000E-01,-4.6667E+00,
17:20:54.33356570, 3.0333E+00, 5.0000E-01,-4.3333E+00,
17:20:54.33356575, 3.0000E+00, 5.0000E-01,-4.3333E+00,
17:20:54.33356580, 3.0000E+00, 5.0000E-01,-5.0000E+00,
17:20:54.33356585, 3.0667E+00, 5.0000E-01,-5.3333E+00,
17:20:54.33356590, 3.0667E+00, 5.0000E-01,-5.0000E+00,
17:20:54.33356595, 3.1000E+00, 5.0000E-01,-4.3333E+00,
17:20:54.33356600, 3.0667E+00, 4.6667E-01,-4.6667E+00,
17:20:54.33356605, 3.0333E+00, 5.0000E-01,-5.0000E+00,
17:20:54.33356610, 3.0667E+00, 5.0000E-01,-4.3333E+00,
17:20:54.33356615, 3.0000E+00, 5.0000E-01,-4.6667E+00,
17:20:54.33356620, 2.9667E+00, 5.0000E-01,-5.0000E+00,
17:20:54.33356625, 2.9667E+00, 5.3333E-01,-5.0000E+00,
17:20:54.33356630, 2.9667E+00, 5.0000E-01,-5.0000E+00,
17:20:54.33356635, 3.0333E+00, 5.3333E-01,-5.3333E+00,
17:20:54.33356640, 3.0667E+00, 5.0000E-01,-5.0000E+00,
17:20:54.33356645, 3.0667E+00, 4.3333E-01,-4.3333E+00,
17:20:54.33356650, 3.0667E+00, 5.3333E-01,-4.6667E+00,
17:20:54.33356655, 3.0333E+00, 5.0000E-01,-5.0000E+00,
17:20:54.33356660, 3.0000E+00, 5.0000E-01,-4.6667E+00,
17:20:54.33356665, 3.0333E+00, 5.0000E-01,-5.3333E+00,
17:20:54.33356670, 2.9333E+00, 5.0000E-01,-4.0000E+00,
17:20:54.33356675, 3.1000E+00, 4.6667E-01,-4.6667E+00,
17:20:54.33356680, 3.0000E+00, 4.6667E-01,-5.0000E+00,
17:20:54.33356685, 3.0333E+00, 5.0000E-01,-5.3333E+00,
17:20:54.33356690, 3.0333E+00, 4.6667E-01,-5.3333E+00,
17:20:54.33356695, 3.0000E+00, 5.0000E-01,-5.3333E+00,
17:20:54.33356700, 3.0000E+00, 5.0000E-01,-5.0000E+00,
17:20:54.33356705, 3.0667E+00, 5.0000E-01,-4.3333E+00,
17:20:54.33356710, 3.0000E+00, 4.3333E-01,-5.0000E+00,
17:20:54.33356715, 3.0333E+00, 5.0000E-01,-5.3333E+00,
17:20:54.33356720, 3.0667E+00, 5.3333E-01,-4.3333E+00,
17:20:54.33356725, 2.9667E+00, 4.6667E-01,-4.6667E+00,
17:20:54.33356730, 3.0333E+00, 5.3333E-01,-5.3333E+00,
17:20:54.33356735, 3.1000E+00, 5.0000E-01,-5.3333E+00,
17:20:54.33356740, 3.0333E+00, 5.0000E-01,-5.3333E+00,
17:20:54.33356745, 3.0667E+00, 4.3333E-01,-5.0000E+00,
17:20:54.33356750, 3.0000E+00, 4.6667E-01,-5.3333E+00,
17:20:54.33356755, 3.0667E+00, 4.6667E-01,-4.6667E+00,
17:20:54.33356760, 3.0000E+00, 5.0000E-01,-4.3333E+00,
17:20:54.33356765, 3.0667E+00, 4.6667E-01,-4.6667E+00,
17:20:54.33356770, 3.0000E+00, 5.0000E-01,-4.6667E+00,
17:20:54.33356775, 3.0000E+00, 5.0000E-01,-4.6667E+00,
17:20:54.33356780, 3.0667E+00, 5.3333E-01,-5.0000E+00,
17:20:54.33356785, 2.9333E+00, 4.6667E-01,-5.3333E+00,
17:20:54.33356790, 3.0333E+00, 5.0000E-01,-4.6667E+00,
17:20:54.33356795, 3.0000E+00, 5.0000E-01,-5.3333E+00,
17:20:54.33356800, 3.0667E+00, 5.0000E-01,-4.6667E+00,
17:20:54.33356805, 3.0000E+00, 5.0000E-01,-5.0000E+00,
17:20:54.33356810, 3.0000E+00, 4.6667E-01,-4.3333E+00,
17:20:54.33356815, 3.1000E+00, 5.0000E-01,-5.0000E+00,
17:20:54.33356820, 3.1000E+00, 5.0000E-01,-4.3333E+00,
17:20:54.33356825, 3.0000E+00, 4.6667E-01,-5.3333E+00,
17:20:54.33356830, 3.0000E+00, 5.0000E-01,-5.3333E+00,
17:20:54.33356835, 3.0333E+00, 5.0000E-01,-5.3333E+00,
17:20:54.33356840, 3.0000E+00, 4.6667E-01,-5.3333E+00,
17:20:54.33356845, 3.0000E+00, 5.3333E-01,-4.3333E+00,
17:20:54.33356850, 3.0667E+00, 4.6667E-01,-4.3333E+00,
17:20:54.33356855, 3.1000E+00, 4.6667E-01,-4.3333E+00,
17:20:54.33356860, 2.9667E+00, 5.3333E-01,-5.3333E+00,
17:20:54.33356865, 3.0333E+00, 5.0000E-01,-5.0000E+00,
17:20:54.33356870, 3.0333E+00, 5.6667E-01,-3.6667E+00,
17:20:54.33356875, 3.0333E+00, 5.0000E-01,-5.3333E+00,
17:20:54.33356880, 3.0667E+00, 5.0000E-01,-4.6667E+00,
17:20:54.33356885, 3.1000E+00, 5.0000E-01,-5.0000E+00,
17:20:54.33356890, 3.0333E+00, 5.0000E-01,-4.3333E+00,
17:20:54.33356895, 3.1000E+00, 4.6667E-01,-4.6667E+00,
17:20:54.33356900, 3.0667E+00, 4.6667E-01,-5.3333E+00,
17:20:54.33356905, 3.0667E+00, 5.0000E-01,-5.3333E+00,
17:20:54.33356910, 3.0000E+00, 5.0000E-01,-5.0000E+00,
17:20:54.33356915, 3.0333E+00, 5.0000E-01,-4.6667E+00,
17:20:54.33356920, 2.9667E+00, 4.6667E-01,-4.6667E+00,
17:20:54.33356925, 2.9667E+00, 4.6667E-01,-4.3333E+00,
17:20:54.33356930, 2.9667E+00, 5.0000E-01,-5.6667E+00,
17:20:54.33356935, 3.1000E+00, 5.3333E-01,-5.0000E+00,
17:20:54.33356940, 2.9667E+00, 5.0000E-01,-5.0000E+00,
17:20:54.33356945, 3.0000E+00, 4.6667E-01,-4.6667E+00,
17:20:54.33356950, 2.9667E+00, 4.6667E-01,-4.3333E+00,
17:20:54.33356955, 3.0667E+00, 5.0000E-01,-5.0000E+00,
17:20:54.33356960, 2.9667E+00, 5.3333E-01,-5.3333E+00,
17:20:54.33356965, 3.0333E+00, 5.0000E-01,-4.6667E+00,
17:20:54.33356970, 3.0000E+00, 5.3333E-01,-5.0000E+00,
17:20:54.33356975, 2.9667E+00, 5.0000E-01,-5.0000E+00,
17:20:54.33356980, 3.0000E+00, 5.0000E-01,-4.6667E+00,
17:20:54.33356985, 3.0000E+00, 5.0000E-01,-5.0000E+00,
17:20:54.33356990, 3.0333E+00, 4.6667E-01,-5.3333E+00,
17:20:54.33356995, 3.0667E+00, 5.0000E-01,-5.3333E+00,
17:20:54.33357000, 3.0333E+00, 4.6667E-01,-4.3333E+00,
17:20:54.33357005, 3.0000E+00, 5.3333E-01,-4.6667E+00,
17:20:54.33357010, 3.0667E+00, 5.0000E-01,-5.3333E+00,
17:20:54.33357015, 3.0667E+00, 4.6667E-01,-4.6667E+00,
17:20:54.33357020, 2.9667E+00, 4.3333E-01,-4.6667E+00,
17:20:54.33357025, 3.0667E+00, 5.0000E-01,-5.0000E+00,
17:20:54.33357030, 3.0667E+00, 5.0000E-01,-4.6667E+00,
17:20:54.33357035, 3.0333E+00, 5.3333E-01,-4.0000E+00,
17:20:54.33357040, 3.0000E+00, 4.6667E-01,-4.6667E+00,
17:20:54.33357045, 2.9667E+00, 5.0000E-01,-5.0000E+00,
17:20:54.33357050, 3.0000E+00, 5.0000E-01,-4.6667E+00,
17:20:54.33357055, 3.0333E+00, 4.6667E-01,-4.3333E+00,
17:20:54.33357060, 3.0000E+00, 4.6667E-01,-4.6667E+00,
17:20:54.33357065, 2.9667E+00, 5.0000E-01,-5.0000E+00,
17:20:54.33357070, 3.0000E+00, 5.0000E-01,-4.6667E+00,
17:20:54.33357075, 3.0667E+00, 5.0000E-01,-5.3333E+00,
17:20:54.33357080, 3.0333E+00, 5.0000E-01,-5.0000E+00,
17:20:54.33357085, 3.1333E+00, 5.0000E-01,-4.0000E+00,
17:20:54.33357090, 3.0333E+00, 4.6667E-01,-5.3333E+00,
17:20:54.33357095, 3.0000E+00, 5.0000E-01,-5.0000E+00,
17:20:54.33357100, 3.0000E+00, 4.3333E-01,-4.6667E+00,
17:20:54.33357105, 3.0000E+00, 5.0000E-01,-4.6667E+00,
17:20:54.33357110, 3.0667E+00, 5.0000E-01,-5.3333E+00,
17:20:54.33357115, 2.9667E+00, 5.0000E-01,-5.0000E+00,
17:20:54.33357120, 3.0667E+00, 4.6667E-01,-4.3333E+00,
17:20:54.33357125, 3.0333E+00, 5.0000E-01,-5.0000E+00,
17:20:54.33357130, 3.0667E+00, 5.0000E-01,-5.0000E+00,
17:20:54.33357135, 3.1000E+00, 4.6667E-01,-5.3333E+00,
17:20:54.33357140, 3.0667E+00, 4.3333E-01,-4.6667E+00,
17:20:54.33357145, 3.0333E+00, 4.6667E-01,-4.0000E+00,
17:20:54.33357150, 3.0667E+00, 5.3333E-01,-4.3333E+00,
17:20:54.33357155, 3.0333E+00, 4.6667E-01,-5.0000E+00,
17:20:54.33357160, 3.0667E+00, 5.6667E-01,-4.6667E+00,
17:20:54.33357165, 3.1333E+00, 5.0000E-01,-5.3333E+00,
17:20:54.33357170, 3.0333E+00, 5.0000E-01,-5.0000E+00,
17:20:54.33357175, 3.0667E+00, 4.6667E-01,-4.3333E+00,
17:20:54.33357180, 3.0333E+00, 5.0000E-01,-5.3333E+00,
17:20:54.33357185, 3.0333E+00, 5.0000E-01,-4.6667E+00,
17:20:54.33357190, 3.0667E+00, 5.3333E-01,-5.3333E+00,
17:20:54.33357195, 3.0000E+00, 5.0000E-01,-5.3333E+00,
17:20:54.33357200, 3.0333E+00, 5.0000E-01,-5.3333E+00,
17:20:54.33357205, 3.0000E+00, 4.6667E-01,-4.0000E+00,
17:20:54.33357210, 3.0000E+00, 5.0000E-01,-4.3333E+00,
17:20:54.33357215, 3.0000E+00, 5.0000E-01,-4.3333E+00,
17:20:54.33357220, 2.9667E+00, 4.6667E-01,-5.0000E+00,
17:20:54.33357225, 3.0333E+00, 4.3333E-01,-4.3333E+00,
17:20:54.33357230, 3.0000E+00, 5.0000E-01,-5.3333E+00,
17:20:54.33357235, 3.0000E+00, 5.0000E-01,-5.3333E+00,
17:20:54.33357240, 3.0333E+00, 4.6667E-01,-4.6667E+00,
17:20:54.33357245, 3.0333E+00, 5.3333E-01,-4.6667E+00,
17:20:54.33357250, 3.0333E+00, 5.0000E-01,-4.0000E+00,
17:20:54.33357255, 3.0333E+00, 5.0000E-01,-4.6667E+00,
17:20:54.33357260, 3.0000E+00, 5.0000E-01,-5.0000E+00,
17:20:54.33357265, 3.0000E+00, 5.0000E-01,-5.0000E+00,
17:20:54.33357270, 3.0333E+00, 5.0000E-01,-5.6667E+00,
17:20:54.33357275, 3.0333E+00, 5.3333E-01,-5.0000E+00,
17:20:54.33357280, 3.0333E+00, 5.0000E-01,-5.3333E+00,
17:20:54.33357285, 3.1333E+00, 5.0000E-01,-5.0000E+00,
17:20:54.33357290, 3.0000E+00, 5.0000E-01,-5.0000E+00,
17:20:54.33357295, 3.0000E+00, 5.0000E-01,-5.0000E+00,
17:20:54.33357300, 3.0667E+00, 5.3333E-01,-5.0000E+00,
17:20:54.33357305, 3.0667E+00, 5.0000E-01,-4.6667E+00,
17:20:54.33357310, 3.1000E+00, 5.0000E-01,-5.3333E+00,
17:20:54.33357315, 3.0000E+00, 5.0000E-01,-4.6667E+00,
17:20:54.33357320, 3.0333E+00, 4.6667E-01,-4.6667E+00,
17:20:54.33357325, 3.0000E+00, 4.6667E-01,-5.3333E+00,
17:20:54.33357330, 3.0333E+00, 5.3333E-01,-5.3333E+00,
17:20:54.33357335, 3.0000E+00, 5.0000E-01,-5.3333E+00,
17:20:54.33357340, 3.0333E+00, 5.0000E-01,-5.3333E+00,
17:20:54.33357345, 3.0000E+00, 5.0000E-01,-5.3333E+00,
17:20:54.33357350, 3.0333E+00, 5.0000E-01,-4.3333E+00,
17:20:54.33357355, 3.0667E+00, 5.0000E-01,-4.6667E+00,
17:20:54.33357360, 3.0333E+00, 5.0000E-01,-4.6667E+00,
17:20:54.33357365, 3.1333E+00, 4.6667E-01,-5.3333E+00,
17:20:54.33357370, 3.0667E+00, 5.0000E-01,-5.3333E+00,
17:20:54.33357375, 3.0000E+00, 6.0000E-01,-4.6667E+00,
17:20:54.33357380, 3.0667E+00, 5.0000E-01,-4.3333E+00,
17:20:54.33357385, 3.0333E+00, 4.6667E-01,-4.3333E+00,
17:20:54.33357390, 3.0667E+00, 5.0000E-01,-5.3333E+00,
17:20:54.33357395, 3.0667E+00, 5.0000E-01,-4.3333E+00,
17:20:54.33357400, 3.0000E+00, 5.0000E-01,-5.0000E+00,
17:20:54.33357405, 3.0333E+00, 4.6667E-01,-4.6667E+00,
17:20:54.33357410, 3.0000E+00, 5.0000E-01,-4.3333E+00,
17:20:54.33357415, 3.1000E+00, 5.0000E-01,-4.6667E+00,
17:20:54.33357420, 3.0333E+00, 4.6667E-01,-4.6667E+00,
17:20:54.33357425, 2.9667E+00, 5.0000E-01,-5.3333E+00,
17:20:54.33357430, 3.0667E+00, 5.0000E-01,-5.3333E+00,
17:20:54.33357435, 3.0333E+00, 5.0000E-01,-5.3333E+00,
17:20:54.33357440, 3.0333E+00, 5.0000E-01,-4.6667E+00,
17:20:54.33357445, 3.0000E+00, 5.0000E-01,-4.6667E+00,
17:20:54.33357450, 3.0667E+00, 5.3333E-01,-5.3333E+00,
17:20:54.33357455, 3.0667E+00, 5.0000E-01,-4.6667E+00,
17:20:54.33357460, 3.0667E+00, 4.6667E-01,-4.3333E+00,
17:20:54.33357465, 3.0333E+00, 5.0000E-01,-5.0000E+00,
17:20:54.33357470, 3.0333E+00, 4.6667E-01,-5.3333E+00,
17:20:54.33357475, 3.0333E+00, 5.0000E-01,-5.3333E+00,
17:20:54.33357480, 3.0333E+00, 4.6667E-01,-4.6667E+00,
17:20:54.33357485, 3.0333E+00, 5.0000E-01,-4.6667E+00,
17:20:54.33357490, 3.0333E+00, 5.3333E-01,-4.6667E+00,
17:20:54.33357495, 3.0667E+00, 5.0000E-01,-4.3333E+00,
17:20:54.33357500, 3.0333E+00, 5.6667E-01,-4.6667E+00,
17:20:54.33357505, 3.0333E+00, 5.0000E-01,-5.0000E+00,
17:20:54.33357510, 3.0333E+00, 5.0000E-01,-5.3333E+00,
17:20:54.33357515, 3.1333E+00, 5.0000E-01,-4.6667E+00,
17:20:54.33357520, 3.0000E+00, 5.0000E-01,-5.3333E+00,
17:20:54.33357525, 2.9667E+00, 5.0000E-01,-5.3333E+00,
17:20:54.33357530, 3.0000E+00, 5.0000E-01,-4.6667E+00,
17:20:54.33357535, 3.0333E+00, 5.0000E-01,-5.3333E+00,
17:20:54.33357540, 3.1000E+00, 5.0000E-01,-5.3333E+00,
17:20:54.33357545, 3.0000E+00, 4.6667E-01,-5.0000E+00,
17:20:54.33357550, 3.0333E+00, 4.6667E-01,-5.3333E+00,
17:20:54.33357555, 3.0333E+00, 5.0000E-01,-4.6667E+00,
17:20:54.33357560, 3.0667E+00, 5.0000E-01,-5.3333E+00,
17:20:54.33357565, 3.0000E+00, 5.0000E-01,-4.6667E+00,
17:20:54.33357570, 3.0667E+00, 5.0000E-01,-5.0000E+00,
17:20:54.33357575, 3.0333E+00, 5.0000E-01,-5.6667E+00,
17:20:54.33357580, 3.0667E+00, 5.0000E-01,-4.6667E+00,
17:20:54.33357585, 3.0333E+00, 5.0000E-01,-5.0000E+00,
17:20:54.33357590, 3.0333E+00, 5.3333E-01,-5.3333E+00,
17:20:54.33357595, 3.0000E+00, 5.0000E-01,-5.0000E+00,
17:20:54.33357600, 3.0000E+00, 5.3333E-01,-3.6667E+00,
17:20:54.33357605, 3.0000E+00, 4.3333E-01,-4.6667E+00,
17:20:54.33357610, 3.0333E+00, 5.0000E-01,-4.3333E+00,
17:20:54.33357615, 3.0333E+00, 4.6667E-01,-5.3333E+00,
17:20:54.33357620, 3.0333E+00, 5.0000E-01,-5.3333E+00,
17:20:54.33357625, 2.9667E+00, 5.0000E-01,-4.6667E+00,
17:20:54.33357630, 3.0000E+00, 5.6667E-01,-5.0000E+00,
17:20:54.33357635, 3.1000E+00, 5.0000E-01,-5.3333E+00,
17:20:54.33357640, 3.0667E+00, 4.6667E-01,-4.6667E+00,
17:20:54.33357645, 3.0000E+00, 4.6667E-01,-4.3333E+00,
17:20:54.33357650, 3.1000E+00, 5.0000E-01,-4.6667E+00,
17:20:54.33357655, 3.0333E+00, 5.0000E-01,-5.0000E+00,
17:20:54.33357660, 3.0333E+00, 5.6667E-01,-5.3333E+00,
17:20:54.33357665, 2.9667E+00, 5.0000E-01,-5.3333E+00,
17:20:54.33357670, 2.9667E+00, 5.3333E-01,-5.3333E+00,
17:20:54.33357675, 3.0000E+00, 5.0000E-01,-4.6667E+00,
17:20:54.33357680, 3.0000E+00, 5.0000E-01,-4.3333E+00,
17:20:54.33357685, 3.0667E+00, 5.0000E-01,-5.0000E+00,
17:20:54.33357690, 3.0333E+00, 5.0000E-01,-5.0000E+00,
17:20:54.33357695, 2.9667E+00, 5.0000E-01,-4.6667E+00,
17:20:54.33357700, 3.0333E+00, 5.0000E-01,-5.3333E+00,
17:20:54.33357705, 2.9667E+00, 4.6667E-01,-4.6667E+00,
17:20:54.33357710, 2.9333E+00, 5.0000E-01,-5.0000E+00,
17:20:54.33357715, 3.0000E+00, 4.3333E-01,-5.3333E+00,
17:20:54.33357720, 2.9667E+00, 5.0000E-01,-5.3333E+00,
17:20:54.33357725, 3.0333E+00, 5.0000E-01,-5.3333E+00,
17:20:54.33357730, 2.9667E+00, 4.6667E-01,-4.0000E+00,
17:20:54.33357735, 3.0667E+00, 5.3333E-01,-4.3333E+00,
17:20:54.33357740, 3.0667E+00, 5.0000E-01,-5.0000E+00,
17:20:54.33357745, 2.9667E+00, 5.0000E-01,-5.0000E+00,
17:20:54.33357750, 3.0667E+00, 5.0000E-01,-4.3333E+00,
17:20:54.33357755, 3.0333E+00, 5.0000E-01,-5.0000E+00,
17:20:54.33357760, 3.0333E+00, 5.3333E-01,-5.3333E+00,
17:20:54.33357765, 3.0000E+00, 5.0000E-01,-4.3333E+00,
17:20:54.33357770, 2.9667E+00, 5.0000E-01,-5.3333E+00,
17:20:54.33357775, 3.0333E+00, 4.6667E-01,-5.0000E+00,
17:20:54.33357780, 2.9667E+00, 5.0000E-01,-5.3333E+00,
17:20:54.33357785, 2.9333E+00, 4.6667E-01,-5.0000E+00,
17:20:54.33357790, 3.0333E+00, 4.6667E-01,-5.0000E+00,
17:20:54.33357795, 3.0000E+00, 4.3333E-01,-5.3333E+00,
17:20:54.33357800, 2.9667E+00, 5.0000E-01,-4.6667E+00,
17:20:54.33357805, 3.1333E+00, 4.6667E-01,-4.0000E+00,
17:20:54.33357810, 3.0667E+00, 4.3333E-01,-5.3333E+00,
17:20:54.33357815, 3.0000E+00, 5.6667E-01,-4.6667E+00,
17:20:54.33357820, 3.0667E+00, 4.6667E-01,-5.0000E+00,
17:20:54.33357825, 3.0667E+00, 5.0000E-01,-5.3333E+00,
17:20:54.33357830, 3.0333E+00, 5.0000E-01,-4.6667E+00,
17:20:54.33357835, 3.0333E+00, 5.0000E-01,-4.6667E+00,
17:20:54.33357840, 3.0333E+00, 4.6667E-01,-4.6667E+00,
17:20:54.33357845, 3.0667E+00, 4.6667E-01,-4.3333E+00,
17:20:54.33357850, 3.0000E+00, 5.0000E-01,-4.3333E+00,
17:20:54.33357855, 3.0000E+00, 5.0000E-01,-5.6667E+00,
17:20:54.33357860, 3.0000E+00, 4.6667E-01,-5.3333E+00,
17:20:54.33357865, 2.9667E+00, 5.0000E-01,-4.3333E+00,
17:20:54.33357870, 2.9667E+00, 5.3333E-01,-5.3333E+00,
17:20:54.33357875, 3.0667E+00, 5.3333E-01,-4.3333E+00,
17:20:54.33357880, 3.0000E+00, 5.0000E-01,-4.6667E+00,
17:20:54.33357885, 3.0000E+00, 4.6667E-01,-4.3333E+00,
17:20:54.33357890, 3.0000E+00, 4.3333E-01,-5.0000E+00,
17:20:54.33357895, 3.0667E+00, 4.6667E-01,-5.3333E+00,
17:20:54.33357900, 3.0000E+00, 4.0000E-01,-4.6667E+00,
17:20:54.33357905, 3.1000E+00, 5.0000E-01,-5.3333E+00,
17:20:54.33357910, 3.0333E+00, 5.0000E-01,-5.0000E+00,
17:20:54.33357915, 3.0000E+00, 5.0000E-01,-5.3333E+00,
17:20:54.33357920, 3.0667E+00, 4.3333E-01,-5.3333E+00,
17:20:54.33357925, 2.9667E+00, 5.3333E-01,-5.3333E+00,
17:20:54.33357930, 3.0667E+00, 4.3333E-01,-4.3333E+00,
17:20:54.33357935, 3.0000E+00, 5.0000E-01,-4.0000E+00,
17:20:54.33357940, 3.0333E+00, 4.6667E-01,-5.3333E+00,
17:20:54.33357945, 2.9667E+00, 5.0000E-01,-5.0000E+00,
17:20:54.33357950, 3.0667E+00, 5.3333E-01,-4.6667E+00,
17:20:54.33357955, 3.0333E+00, 5.0000E-01,-5.3333E+00,
17:20:54.33357960, 2.9667E+00, 5.0000E-01,-5.3333E+00,
17:20:54.33357965, 3.0333E+00, 5.0000E-01,-4.6667E+00,
17:20:54.33357970, 3.0000E+00, 4.3333E-01,-4.6667E+00,
17:20:54.33357975, 3.0667E+00, 4.3333E-01,-4.6667E+00,
17:20:54.33357980, 3.0333E+00, 4.6667E-01,-4.6667E+00,
17:20:54.33357985, 3.0333E+00, 5.3333E-01,-4.3333E+00,
17:20:54.33357990, 3.0667E+00, 5.0000E-01,-4.3333E+00,
17:20:54.33357995, 3.0333E+00, 4.6667E-01,-4.3333E+00,
17:20:54.33358000, 2.9667E+00, 5.3333E-01,-4.6667E+00,
17:20:54.33358005, 3.0333E+00, 5.3333E-01,-5.3333E+00,
17:20:54.33358010, 2.9667E+00, 5.0000E-01,-5.3333E+00,
17:20:54.33358015, 3.0333E+00, 5.0000E-01,-4.6667E+00,
17:20:54.33358020, 3.0333E+00, 5.0000E-01,-5.0000E+00,
17:20:54.33358025, 3.0000E+00, 4.6667E-01,-4.6667E+00,
17:20:54.33358030, 3.0667E+00, 5.0000E-01,-4.6667E+00,
17:20:54.33358035, 3.0667E+00, 5.0000E-01,-5.3333E+00,
17:20:54.33358040, 3.0000E+00, 5.3333E-01,-4.3333E+00,
17:20:54.33358045, 2.9667E+00, 5.0000E-01,-5.3333E+00,
17:20:54.33358050, 3.0000E+00, 5.0000E-01,-4.3333E+00,
17:20:54.33358055, 3.0000E+00, 5.3333E-01,-5.3333E+00,
17:20:54.33358060, 2.9667E+00, 5.0000E-01,-5.0000E+00,
17:20:54.33358065, 3.0667E+00, 5.0000E-01,-5.3333E+00,
17:20:54.33358070, 3.0000E+00, 5.0000E-01,-5.3333E+00,
17:20:54.33358075, 3.0333E+00, 4.6667E-01,-5.3333E+00,
17:20:54.33358080, 3.0333E+00, 5.0000E-01,-4.3333E+00,
17:20:54.33358085, 3.0333E+00, 5.0000E-01,-5.0000E+00,
17:20:54.33358090, 3.0000E+00, 5.3333E-01,-5.0000E+00,
17:20:54.33358095, 3.0333E+00, 5.0000E-01,-5.3333E+00,
17:20:54.33358100, 3.0667E+00, 5.0000E-01,-5.0000E+00,
17:20:54.33358105, 3.0000E+00, 5.0000E-01,-5.6667E+00,
17:20:54.33358110, 2.9667E+00, 4.6667E-01,-4.6667E+00,
17:20:54.33358115, 3.0333E+00, 5.0000E-01,-5.3333E+00,
17:20:54.33358120, 3.0000E+00, 5.0000E-01,-5.0000E+00,
17:20:54.33358125, 3.0667E+00, 5.0000E-01,-5.3333E+00,
17:20:54.33358130, 3.0333E+00, 5.0000E-01,-4.3333E+00,
17:20:54.33358135, 3.0667E+00, 5.0000E-01,-5.0000E+00,
17:20:54.33358140, 3.0667E+00, 4.6667E-01,-5.0000E+00,
17:20:54.33358145, 3.0333E+00, 5.0000E-01,-5.0000E+00,
17:20:54.33358150, 2.9667E+00, 5.0000E-01,-4.6667E+00,
17:20:54.33358155, 3.0000E+00, 5.0000E-01,-5.3333E+00,
17:20:54.33358160, 2.9667E+00, 5.0000E-01,-5.3333E+00,
17:20:54.33358165, 3.0000E+00, 4.6667E-01,-5.3333E+00,
17:20:54.33358170, 3.0000E+00, 5.0000E-01,-4.3333E+00,
17:20:54.33358175, 3.0333E+00, 5.0000E-01,-5.0000E+00,
17:20:54.33358180, 3.0333E+00, 5.0000E-01,-5.0000E+00,
17:20:54.33358185, 3.0000E+00, 5.0000E-01,-5.0000E+00,
17:20:54.33358190, 3.0667E+00, 5.0000E-01,-5.0000E+00,
17:20:54.33358195, 2.9667E+00, 5.0000E-01,-4.6667E+00,
17:20:54.33358200, 3.0000E+00, 5.0000E-01,-5.3333E+00,
17:20:54.33358205, 3.1000E+00, 5.3333E-01,-5.3333E+00,
17:20:54.33358210, 2.9667E+00, 5.0000E-01,-5.3333E+00,
17:20:54.33358215, 3.1000E+00, 4.6667E-01,-5.0000E+00,
17:20:54.33358220, 3.0333E+00, 5.0000E-01,-4.3333E+00,
17:20:54.33358225, 3.0000E+00, 5.3333E-01,-4.3333E+00,
17:20:54.33358230, 3.0667E+00, 5.0000E-01,-5.3333E+00,
17:20:54.33358235, 3.1000E+00, 5.0000E-01,-4.6667E+00,
17:20:54.33358240, 3.0667E+00, 5.0000E-01,-5.0000E+00,
17:20:54.33358245, 3.1000E+00, 5.3333E-01,-5.3333E+00,
17:20:54.33358250, 3.0000E+00, 5.0000E-01,-4.3333E+00,
17:20:54.33358255, 3.0667E+00, 5.0000E-01,-5.0000E+00,
17:20:54.33358260, 3.0333E+00, 5.0000E-01,-4.6667E+00,
17:20:54.33358265, 3.0000E+00, 5.3333E-01,-5.0000E+00,
17:20:54.33358270, 3.0000E+00, 4.6667E-01,-4.6667E+00,
17:20:54.33358275, 3.0667E+00, 5.0000E-01,-5.0000E+00,
17:20:54.33358280, 3.0000E+00, 5.0000E-01,-5.0000E+00,
17:20:54.33358285, 3.0667E+00, 4.6667E-01,-5.0000E+00,
17:20:54.33358290, 3.0333E+00, 5.0000E-01,-4.3333E+00,
17:20:54.33358295, 3.0000E+00, 5.0000E-01,-5.0000E+00,
17:20:54.33358300, 3.0000E+00, 4.6667E-01,-5.3333E+00,
17:20:54.33358305, 3.0333E+00, 5.3333E-01,-3.6667E+00,
17:20:54.33358310, 3.1000E+00, 5.0000E-01,-5.0000E+00,
17:20:54.33358315, 3.0000E+00, 5.0000E-01,-4.6667E+00,
17:20:54.33358320, 3.0667E+00, 5.0000E-01,-4.6667E+00,
17:20:54.33358325, 2.8667E+00, 8.0000E-01,-4.6667E+00,
17:20:54.33358330, 1.8667E+00, 6.6667E-01,-4.6667E+00,
17:20:54.33358335, 9.3333E-01, 6.6667E-01,-4.6667E+00,
17:20:54.33358340, 7.0000E-01, 6.3333E-01,-5.0000E+00,
17:20:54.33358345, 6.3333E-01, 6.6667E-01,-5.0000E+00,
17:20:54.33358350, 6.0000E-01, 6.6667E-01,-5.0000E+00,
17:20:54.33358355, 6.6667E-01, 6.3333E-01,-5.3333E+00,
17:20:54.33358360, 6.3333E-01, 6.6667E-01,-4.3333E+00,
17:20:54.33358365, 6.6667E-01, 6.6667E-01,-4.6667E+00,
17:20:54.33358370, 6.0000E-01, 7.3333E-01,-4.3333E+00,
17:20:54.33358375, 6.6667E-01, 6.6667E-01,-5.3333E+00,
17:20:54.33358380, 6.0000E-01, 7.6667E-01,-4.0000E+00,
17:20:54.33358385, 5.6667E-01, 7.3333E-01,-5.3333E+00,
17:20:54.33358390, 6.3333E-01, 7.3333E-01,-5.0000E+00,
17:20:54.33358395, 6.6667E-01, 7.3333E-01,-4.6667E+00,
17:20:54.33358400, 5.6667E-01, 8.0000E-01,-5.0000E+00,
17:20:54.33358405, 5.6667E-01, 7.6667E-01,-3.6667E+00,
17:20:54.33358410, 6.0000E-01, 8.0000E-01,-4.0000E+00,
17:20:54.33358415, 5.6667E-01, 7.0000E-01,-4.0000E+00,
17:20:54.33358420, 6.0000E-01, 7.6667E-01,-4.0000E+00,
17:20:54.33358425, 5.6667E-01, 8.0000E-01,-4.6667E+00,
17:20:54.33358430, 5.3333E-01, 8.6667E-01,-4.3333E+00,
17:20:54.33358435, 6.3333E-01, 8.3333E-01,-4.3333E+00,
17:20:54.33358440, 6.0000E-01, 8.3333E-01,-4.0000E+00,
17:20:54.33358445, 6.0000E-01, 8.6667E-01,-4.0000E+00,
17:20:54.33358450, 6.0000E-01, 8.6667E-01,-4.0000E+00,
17:20:54.33358455, 6.0000E-01, 8.3333E-01,-4.0000E+00,
17:20:54.33358460, 6.0000E-01, 8.6667E-01,-3.6667E+00,
17:20:54.33358465, 5.6667E-01, 8.6667E-01,-4.3333E+00,
17:20:54.33358470, 5.6667E-01, 8.6667E-01,-4.0000E+00,
17:20:54.33358475, 5.6667E-01, 8.6667E-01,-4.0000E+00,
17:20:54.33358480, 6.6667E-01, 8.6667E-01,-3.6667E+00,
17:20:54.33358485, 5.6667E-01, 8.6667E-01,-3.6667E+00,
17:20:54.33358490, 5.6667E-01, 9.0000E-01,-3.0000E+00,
17:20:54.33358495, 5.6667E-01, 8.6667E-01,-3.3333E+00,
17:20:54.33358500, 6.0000E-01, 9.6667E-01,-3.6667E+00,
17:20:54.33358505, 5.6667E-01, 9.3333E-01,-3.0000E+00,
17:20:54.33358510, 5.6667E-01, 9.3333E-01,-2.0000E+00,
17:20:54.33358515, 5.6667E-01, 9.0000E-01,-3.0000E+00,
17:20:54.33358520, 6.0000E-01, 8.6667E-01,-2.3333E+00,
17:20:54.33358525, 5.6667E-01, 1.0000E+00,-2.0000E+00,
17:20:54.33358530, 6.3333E-01, 9.3333E-01,-3.0000E+00,
17:20:54.33358535, 5.6667E-01, 9.3333E-01,-2.3333E+00,
17:20:54.33358540, 6.3333E-01, 9.6667E-01,-2.0000E+00,
17:20:54.33358545, 5.6667E-01, 9.0000E-01,-2.3333E+00,
17:20:54.33358550, 5.6667E-01, 8.6667E-01,-2.6667E+00,
17:20:54.33358555, 5.6667E-01, 9.0000E-01,-2.3333E+00,
17:20:54.33358560, 5.6667E-01, 9.6667E-01,-1.6667E+00,
17:20:54.33358565, 6.0000E-01, 9.6667E-01,-1.6667E+00,
17:20:54.33358570, 5.6667E-01, 9.0000E-01,-2.0000E+00,
17:20:54.33358575, 5.6667E-01, 1.0000E+00,-1.6667E+00,
17:20:54.33358580, 5.6667E-01, 9.3333E-01,-1.6667E+00,
17:20:54.33358585, 5.3333E-01, 9.3333E-01,-1.6667E+00,
17:20:54.33358590, 5.6667E-01, 8.6667E-01,-1.6667E+00,
17:20:54.33358595, 5.6667E-01, 9.3333E-01,-1.6667E+00,
17:20:54.33358600, 5.6667E-01, 9.6667E-01,-1.6667E+00,
17:20:54.33358605, 6.0000E-01, 9.3333E-01,-1.6667E+00,
17:20:54.33358610, 5.3333E-01, 9.6667E-01,-1.3333E+00,
17:20:54.33358615, 5.6667E-01, 9.3333E-01,-1.6667E+00,
17:20:54.33358620, 6.0000E-01, 9.6667E-01,-1.3333E+00,
17:20:54.33358625, 5.6667E-01, 1.0000E+00,-6.6667E-01,
17:20:54.33358630, 5.6667E-01, 9.6667E-01,-1.0000E+00,
17:20:54.33358635, 5.0000E-01, 9.6667E-01,-1.6667E+00,
17:20:54.33358640, 5.6667E-01, 9.3333E-01,-6.6667E-01,
17:20:54.33358645, 5.6667E-01, 9.3333E-01,-1.0000E+00,
17:20:54.33358650, 5.6667E-01, 9.6667E-01,-3.3333E-01,
17:20:54.33358655, 5.6667E-01, 9.0000E-01,-6.6667E-01,
17:20:54.33358660, 5.0000E-01, 9.0000E-01,-6.6667E-01,
17:20:54.33358665, 5.6667E-01, 9.6667E-01,-1.3333E+00,
17:20:54.33358670, 5.6667E-01, 9.0000E-01,-3.3333E-01,
17:20:54.33358675, 5.0000E-01, 9.0000E-01,-3.3333E-01,
17:20:54.33358680, 4.6667E-01, 8.3333E-01, 3.3333E-01,
17:20:54.33358685, 5.6667E-01, 8.6667E-01, 0.0000E+00,
17:20:54.33358690, 5.3333E-01, 8.6667E-01, 3.3333E-01,
17:20:54.33358695, 5.0000E-01, 9.6667E-01, 0.0000E+00,
17:20:54.33358700, 5.3333E-01, 9.3333E-01,-3.3333E-01,
17:20:54.33358705, 5.0000E-01, 9.0000E-01,-3.3333E-01,
17:20:54.33358710, 5.3333E-01, 9.3333E-01, 0.0000E+00,
17:20:54.33358715, 5.6667E-01, 8.6667E-01, 6.6667E-01,
17:20:54.33358720, 5.6667E-01, 8.6667E-01, 3.3333E-01,
17:20:54.33358725, 5.6667E-01, 9.0000E-01, 1.0000E+00,
17:20:54.33358730, 5.3333E-01, 8.6667E-01, 0.0000E+00,
17:20:54.33358735, 5.6667E-01, 8.6667E-01, 3.3333E-01,
17:20:54.33358740, 5.6667E-01, 8.3333E-01, 3.3333E-01,
17:20:54.33358745, 5.3333E-01, 8.6667E-01, 1.3333E+00,
17:20:54.33358750, 5.3333E-01, 8.3333E-01, 6.6667E-01,
17:20:54.33358755, 5.0000E-01, 8.3333E-01, 1.0000E+00,
17:20:54.33358760, 5.3333E-01, 8.3333E-01, 1.0000E+00,
17:20:54.33358765, 5.0000E-01, 8.6667E-01, 1.6667E+00,
17:20:54.33358770, 4.6667E-01, 7.6667E-01, 1.3333E+00,
17:20:54.33358775, 5.0000E-01, 8.3333E-01, 1.3333E+00,
17:20:54.33358780, 4.6667E-01, 7.6667E-01, 1.6667E+00,
17:20:54.33358785, 4.6667E-01, 7.3333E-01, 1.3333E+00,
17:20:54.33358790, 5.3333E-01, 7.3333E-01, 1.0000E+00,
17:20:54.33358795, 5.3333E-01, 7.3333E-01, 1.0000E+00,
17:20:54.33358800, 5.3333E-01, 7.6667E-01, 1.6667E+00,
17:20:54.33358805, 4.6667E-01, 7.3333E-01, 1.3333E+00,
17:20:54.33358810, 4.6667E-01, 7.6667E-01, 1.6667E+00,
17:20:54.33358815, 4.6667E-01, 7.3333E-01, 2.3333E+00,
17:20:54.33358820, 5.0000E-01, 7.0000E-01, 1.6667E+00,
17:20:54.33358825, 5.0000E-01, 7.3333E-01, 1.6667E+00,
17:20:54.33358830, 4.6667E-01, 6.6667E-01, 1.3333E+00,
17:20:54.33358835, 5.0000E-01, 6.6667E-01, 1.6667E+00,
17:20:54.33358840, 4.3333E-01, 7.3333E-01, 1.6667E+00,
17:20:54.33358845, 5.6667E-01, 6.3333E-01, 1.6667E+00,
17:20:54.33358850, 5.0000E-01, 7.0000E-01, 2.0000E+00,
17:20:54.33358855, 5.0000E-01, 6.6667E-01, 1.6667E+00,
17:20:54.33358860, 4.3333E-01, 6.6667E-01, 1.3333E+00,
17:20:54.33358865, 3.3333E-01, 6.3333E-01, 1.6667E+00,
17:20:54.33358870, 4.3333E-01, 6.0000E-01, 1.6667E+00,
17:20:54.33358875, 4.3333E-01, 5.6667E-01, 2.3333E+00,
17:20:54.33358880, 4.3333E-01, 6.0000E-01, 1.6667E+00,
17:20:54.33358885, 4.6667E-01, 5.6667E-01, 1.6667E+00,
17:20:54.33358890, 4.6667E-01, 5.6667E-01, 2.0000E+00,
17:20:54.33358895, 5.3333E-01, 6.0000E-01, 2.0000E+00,
17:20:54.33358900, 4.6667E-01, 6.0000E-01, 2.3333E+00,
17:20:54.33358905, 5.0000E-01, 6.0000E-01, 2.0000E+00,
17:20:54.33358910, 4.0000E-01, 5.6667E-01, 2.0000E+00,
17:20:54.33358915, 4.3333E-01, 5.3333E-01, 3.0000E+00,
17:20:54.33358920, 3.6667E-01, 5.0000E-01, 1.6667E+00,
17:20:54.33358925, 4.0000E-01, 5.3333E-01, 2.3333E+00,
17:20:54.33358930, 4.0000E-01, 5.3333E-01, 2.3333E+00,
17:20:54.33358935, 4.3333E-01, 5.0000E-01, 1.6667E+00,
17:20:54.33358940, 4.3333E-01, 5.0000E-01, 1.6667E+00,
17:20:54.33358945, 4.6667E-01, 5.3333E-01, 1.6667E+00,
17:20:54.33358950, 4.3333E-01, 5.0000E-01, 1.6667E+00,
17:20:54.33358955, 4.6667E-01, 5.0000E-01, 1.6667E+00,
17:20:54.33358960, 4.3333E-01, 4.6667E-01, 2.3333E+00,
17:20:54.33358965, 4.0000E-01, 4.3333E-01, 2.0000E+00,
17:20:54.33358970, 4.0000E-01, 5.0000E-01, 2.3333E+00,
17:20:54.33358975, 4.0000E-01, 4.6667E-01, 1.6667E+00,
17:20:54.33358980, 4.0000E-01, 4.6667E-01, 2.0000E+00,
17:20:54.33358985, 4.0000E-01, 5.0000E-01, 2.0000E+00,
17:20:54.33358990, 4.3333E-01, 4.3333E-01, 1.6667E+00,
17:20:54.33358995, 4.0000E-01, 4.6667E-01, 2.0000E+00,
17:20:54.33359000, 3.6667E-01, 4.6667E-01, 1.3333E+00,
17:20:54.33359005, 3.6667E-01, 4.3333E-01, 2.3333E+00,
17:20:54.33359010, 3.6667E-01, 4.0000E-01, 2.3333E+00,
17:20:54.33359015, 4.0000E-01, 4.0000E-01, 1.6667E+00,
17:20:54.33359020, 3.6667E-01, 4.6667E-01, 1.6667E+00,
17:20:54.33359025, 3.0000E-01, 4.3333E-01, 1.6667E+00,
17:20:54.33359030, 3.3333E-01, 4.0000E-01, 2.0000E+00,
17:20:54.33359035, 4.0000E-01, 3.6667E-01, 1.3333E+00,
17:20:54.33359040, 3.6667E-01, 3.3333E-01, 1.6667E+00,
17:20:54.33359045, 3.3333E-01, 3.3333E-01, 1.6667E+00,
17:20:54.33359050, 4.0000E-01, 3.3333E-01, 1.3333E+00,
17:20:54.33359055, 4.3333E-01, 4.0000E-01, 1.6667E+00,
17:20:54.33359060, 4.0000E-01, 3.6667E-01, 2.0000E+00,
17:20:54.33359065, 3.0000E-01, 3.0000E-01, 1.6667E+00,
17:20:54.33359070, 4.0000E-01, 3.3333E-01, 1.0000E+00,
17:20:54.33359075, 3.6667E-01, 3.0000E-01, 1.6667E+00,
17:20:54.33359080, 4.0000E-01, 3.6667E-01, 1.6667E+00,
17:20:54.33359085, 3.6667E-01, 3.0000E-01, 1.3333E+00,
17:20:54.33359090, 3.6667E-01, 3.3333E-01, 1.6667E+00,
17:20:54.33359095, 3.3333E-01, 3.0000E-01, 1.3333E+00,
17:20:54.33359100, 3.3333E-01, 2.6667E-01, 2.0000E+00,
17:20:54.33359105, 3.3333E-01, 3.6667E-01, 1.6667E+00,
17:20:54.33359110, 3.3333E-01, 3.3333E-01, 1.3333E+00,
17:20:54.33359115, 3.6667E-01, 3.3333E-01, 1.6667E+00,
17:20:54.33359120, 3.6667E-01, 2.6667E-01, 1.0000E+00,
17:20:54.33359125, 3.0000E-01, 2.3333E-01, 1.3333E+00,
17:20:54.33359130, 2.6667E-01, 2.6667E-01, 1.3333E+00,
17:20:54.33359135, 3.0000E-01, 2.6667E-01, 6.6667E-01,
17:20:54.33359140, 4.0000E-01, 3.0000E-01, 1.0000E+00,
17:20:54.33359145, 3.0000E-01, 3.3333E-01, 1.3333E+00,
17:20:54.33359150, 3.3333E-01, 3.0000E-01, 1.6667E+00,
17:20:54.33359155, 3.0000E-01, 2.6667E-01, 1.3333E+00,
17:20:54.33359160, 2.6667E-01, 2.0000E-01, 6.6667E-01,
17:20:54.33359165, 3.3333E-01, 3.0000E-01, 3.3333E-01,
17:20:54.33359170, 3.6667E-01, 2.6667E-01, 0.0000E+00,
17:20:54.33359175, 3.3333E-01, 2.3333E-01, 6.6667E-01,
17:20:54.33359180, 3.6667E-01, 3.0000E-01, 6.6667E-01,
17:20:54.33359185, 3.6667E-01, 3.0000E-01, 1.0000E+00,
17:20:54.33359190, 3.3333E-01, 2.6667E-01, 6.6667E-01,
17:20:54.33359195, 4.3333E-01, 1.6667E-01, 6.6667E-01,
17:20:54.33359200, 3.0000E-01, 2.6667E-01, 6.6667E-01,
17:20:54.33359205, 3.0000E-01, 2.3333E-01, 1.0000E+00,
17:20:54.33359210, 3.3333E-01, 2.6667E-01, 6.6667E-01,
17:20:54.33359215, 3.3333E-01, 2.3333E-01, 0.0000E+00,
17:20:54.33359220, 3.3333E-01, 2.0000E-01, 0.0000E+00,
17:20:54.33359225, 3.6667E-01, 3.0000E-01,-3.3333E-01,
17:20:54.33359230, 2.6667E-01, 2.3333E-01, 3.3333E-01,
17:20:54.33359235, 3.6667E-01, 2.0000E-01,-6.6667E-01,
17:20:54.33359240, 3.0000E-01, 2.6667E-01, 0.0000E+00,
17:20:54.33359245, 3.0000E-01, 2.0000E-01,-3.3333E-01,
17:20:54.33359250, 3.3333E-01, 1.3333E-01, 0.0000E+00,
17:20:54.33359255, 2.6667E-01, 2.0000E-01, 0.0000E+00,
17:20:54.33359260, 3.6667E-01, 2.0000E-01,-6.6667E-01,
17:20:54.33359265, 3.6667E-01, 2.3333E-01,-6.6667E-01,
17:20:54.33359270, 2.3333E-01, 2.3333E-01, 3.3333E-01,
17:20:54.33359275, 3.3333E-01, 2.0000E-01,-6.6667E-01,
17:20:54.33359280, 3.0000E-01, 2.0000E-01,-3.3333E-01,
17:20:54.33359285, 3.3333E-01, 2.3333E-01, 0.0000E+00,
17:20:54.33359290, 2.6667E-01, 2.3333E-01,-3.3333E-01,
17:20:54.33359295, 3.3333E-01, 2.6667E-01, 0.0000E+00,
17:20:54.33359300, 3.3333E-01, 2.3333E-01, 0.0000E+00,
17:20:54.33359305, 2.3333E-01, 2.3333E-01,-3.3333E-01,
17:20:54.33359310, 3.0000E-01, 3.0000E-01,-6.6667E-01,
17:20:54.33359315, 3.3333E-01, 2.3333E-01,-6.6667E-01,
17:20:54.33359320, 3.3333E-01, 2.0000E-01,-1.3333E+00,
17:20:54.33359325, 4.0000E-01, 2.6667E-01,-1.3333E+00,
17:20:54.33359330, 3.6667E-01, 2.3333E-01, 0.0000E+00,
17:20:54.33359335, 3.3333E-01, 2.6667E-01,-1.0000E+00,
17:20:54.33359340, 2.6667E-01, 2.6667E-01,-3.3333E-01,
17:20:54.33359345, 2.6667E-01, 2.6667E-01,-1.0000E+00,
17:20:54.33359350, 2.6667E-01, 2.6667E-01,-1.3333E+00,
17:20:54.33359355, 2.6667E-01, 3.0000E-01,-3.3333E-01,
17:20:54.33359360, 3.0000E-01, 3.3333E-01,-1.6667E+00,
17:20:54.33359365, 2.6667E-01, 2.6667E-01,-1.6667E+00,
17:20:54.33359370, 2.6667E-01, 3.3333E-01,-1.6667E+00,
17:20:54.33359375, 2.6667E-01, 2.6667E-01,-1.3333E+00,
17:20:54.33359380, 2.6667E-01, 2.3333E-01,-1.6667E+00,
17:20:54.33359385, 3.6667E-01, 3.0000E-01,-6.6667E-01,
17:20:54.33359390, 2.3333E-01, 3.3333E-01,-1.6667E+00,
17:20:54.33359395, 3.6667E-01, 3.0000E-01,-1.3333E+00,
17:20:54.33359400, 3.6667E-01, 3.3333E-01,-1.3333E+00,
17:20:54.33359405, 2.6667E-01, 4.0000E-01,-1.6667E+00,
17:20:54.33359410, 3.0000E-01, 3.3333E-01,-1.6667E+00,
17:20:54.33359415, 3.6667E-01, 3.3333E-01,-1.3333E+00,
17:20:54.33359420, 3.0000E-01, 3.6667E-01,-1.6667E+00,
17:20:54.33359425, 4.0000E-01, 3.6667E-01,-1.6667E+00,
17:20:54.33359430, 3.3333E-01, 3.6667E-01,-1.6667E+00,
17:20:54.33359435, 3.3333E-01, 3.3333E-01,-1.6667E+00,
17:20:54.33359440, 3.6667E-01, 3.3333E-01,-2.0000E+00,
17:20:54.33359445, 2.6667E-01, 3.0000E-01,-1.6667E+00,
17:20:54.33359450, 3.3333E-01, 3.6667E-01,-1.6667E+00,
17:20:54.33359455, 3.3333E-01, 3.3333E-01,-1.6667E+00,
17:20:54.33359460, 3.6667E-01, 3.6667E-01,-2.3333E+00,
17:20:54.33359465, 3.0000E-01, 4.0000E-01,-2.0000E+00,
17:20:54.33359470, 3.6667E-01, 4.0000E-01,-1.6667E+00,
17:20:54.33359475, 3.0000E-01, 4.3333E-01,-2.0000E+00,
17:20:54.33359480, 3.0000E-01, 5.0000E-01,-1.6667E+00,
17:20:54.33359485, 3.6667E-01, 4.6667E-01,-2.0000E+00,
17:20:54.33359490, 3.0000E-01, 4.3333E-01,-1.3333E+00,
17:20:54.33359495, 4.0000E-01, 4.6667E-01,-2.3333E+00,
17:20:54.33359500, 3.3333E-01, 4.6667E-01,-2.0000E+00,
17:20:54.33359505, 4.0000E-01, 4.3333E-01,-1.6667E+00,
17:20:54.33359510, 3.3333E-01, 4.6667E-01,-1.6667E+00,
17:20:54.33359515, 3.3333E-01, 4.6667E-01,-2.3333E+00,
17:20:54.33359520, 3.6667E-01, 5.0000E-01,-1.6667E+00,
17:20:54.33359525, 4.0000E-01, 4.0000E-01,-1.6667E+00,
17:20:54.33359530, 4.3333E-01, 4.3333E-01,-2.0000E+00,
17:20:54.33359535, 3.3333E-01, 5.6667E-01,-1.6667E+00,
17:20:54.33359540, 3.0000E-01, 5.0000E-01,-2.0000E+00,
17:20:54.33359545, 4.3333E-01, 5.0000E-01,-1.6667E+00,
17:20:54.33359550, 3.3333E-01, 4.6667E-01,-2.0000E+00,
17:20:54.33359555, 3.6667E-01, 5.0000E-01,-2.3333E+00,
17:20:54.33359560, 3.3333E-01, 5.6667E-01,-1.6667E+00,
17:20:54.33359565, 4.3333E-01, 5.0000E-01,-2.0000E+00,
17:20:54.33359570, 3.3333E-01, 5.0000E-01,-1.6667E+00,
17:20:54.33359575, 3.6667E-01, 5.0000E-01,-2.0000E+00,
17:20:54.33359580, 4.3333E-01, 5.0000E-01,-2.0000E+00,
17:20:54.33359585, 2.6667E-01, 5.0000E-01,-2.0000E+00,
17:20:54.33359590, 2.6667E-01, 5.0000E-01,-1.6667E+00,
17:20:54.33359595, 3.0000E-01, 5.0000E-01,-1.6667E+00,
17:20:54.33359600, 3.6667E-01, 5.3333E-01,-1.6667E+00,
17:20:54.33359605, 3.6667E-01, 5.6667E-01,-1.6667E+00,
17:20:54.33359610, 3.6667E-01, 5.6667E-01,-1.6667E+00,
17:20:54.33359615, 3.0000E-01, 5.3333E-01,-2.3333E+00,
17:20:54.33359620, 3.3333E-01, 5.6667E-01,-1.6667E+00,
17:20:54.33359625, 3.6667E-01, 6.3333E-01,-2.6667E+00,
17:20:54.33359630, 3.0000E-01, 6.0000E-01,-1.6667E+00,
17:20:54.33359635, 3.0000E-01, 6.6667E-01,-1.6667E+00,
17:20:54.33359640, 3.3333E-01, 5.3333E-01,-1.6667E+00,
17:20:54.33359645, 3.3333E-01, 6.0000E-01,-2.0000E+00,
17:20:54.33359650, 3.6667E-01, 5.6667E-01,-1.3333E+00,
17:20:54.33359655, 3.6667E-01, 6.0000E-01,-1.6667E+00,
17:20:54.33359660, 3.6667E-01, 6.3333E-01,-1.6667E+00,
17:20:54.33359665, 3.3333E-01, 6.0000E-01,-2.3333E+00,
17:20:54.33359670, 3.3333E-01, 5.3333E-01,-2.6667E+00,
17:20:54.33359675, 4.0000E-01, 5.6667E-01,-1.6667E+00,
17:20:54.33359680, 3.3333E-01, 5.6667E-01,-1.6667E+00,
17:20:54.33359685, 3.6667E-01, 6.0000E-01,-1.6667E+00,
17:20:54.33359690, 3.3333E-01, 5.6667E-01,-1.0000E+00,
17:20:54.33359695, 3.6667E-01, 6.3333E-01,-1.6667E+00,
17:20:54.33359700, 4.3333E-01, 6.0000E-01,-1.0000E+00,
17:20:54.33359705, 3.3333E-01, 6.3333E-01,-2.0000E+00,
17:20:54.33359710, 4.0000E-01, 6.3333E-01,-1.6667E+00,
17:20:54.33359715, 4.0000E-01, 6.3333E-01,-1.0000E+00,
17:20:54.33359720, 4.0000E-01, 6.0000E-01,-1.6667E+00,
17:20:54.33359725, 3.3333E-01, 6.6667E-01,-1.3333E+00,
17:20:54.33359730, 4.0000E-01, 6.0000E-01,-2.0000E+00,
17:20:54.33359735, 3.3333E-01, 6.0000E-01,-1.6667E+00,
17:20:54.33359740, 4.0000E-01, 6.0000E-01,-1.6667E+00,
17:20:54.33359745, 3.0000E-01, 7.0000E-01,-1.6667E+00,
17:20:54.33359750, 3.3333E-01, 6.3333E-01,-1.3333E+00,
17:20:54.33359755, 3.6667E-01, 6.0000E-01,-6.6667E-01,
17:20:54.33359760, 3.3333E-01, 6.3333E-01,-1.6667E+00,
17:20:54.33359765, 3.6667E-01, 6.6667E-01,-1.6667E+00,
17:20:54.33359770, 3.6667E-01, 6.6667E-01,-1.6667E+00,
17:20:54.33359775, 3.3333E-01, 6.6667E-01,-1.3333E+00,
17:20:54.33359780, 3.3333E-01, 7.0000E-01,-1.0000E+00,
17:20:54.33359785, 3.0000E-01, 6.3333E-01,-1.3333E+00,
17:20:54.33359790, 3.6667E-01, 7.0000E-01,-6.6667E-01,
17:20:54.33359795, 4.0000E-01, 6.0000E-01,-1.6667E+00,
17:20:54.33359800, 2.6667E-01, 6.3333E-01,-1.6667E+00,
17:20:54.33359805, 4.0000E-01, 7.0000E-01,-6.6667E-01,
17:20:54.33359810, 4.0000E-01, 7.3333E-01,-1.0000E+00,
17:20:54.33359815, 3.3333E-01, 7.0000E-01,-6.6667E-01,
17:20:54.33359820, 3.6667E-01, 6.3333E-01,-1.0000E+00,
17:20:54.33359825, 3.6667E-01, 6.3333E-01,-6.6667E-01,
17:20:54.33359830, 3.3333E-01, 6.6667E-01,-3.3333E-01,
17:20:54.33359835, 3.3333E-01, 7.3333E-01,-6.6667E-01,
17:20:54.33359840, 3.6667E-01, 6.6667E-01,-1.3333E+00,
17:20:54.33359845, 4.0000E-01, 6.3333E-01,-1.0000E+00,
17:20:54.33359850, 4.0000E-01, 7.0000E-01,-3.3333E-01,
17:20:54.33359855, 4.3333E-01, 6.3333E-01,-1.3333E+00,
17:20:54.33359860, 3.6667E-01, 7.0000E-01,-3.3333E-01,
17:20:54.33359865, 3.6667E-01, 6.6667E-01,-1.0000E+00,
17:20:54.33359870, 3.0000E-01, 6.3333E-01, 0.0000E+00,
17:20:54.33359875, 3.0000E-01, 6.6667E-01,-6.6667E-01,
17:20:54.33359880, 2.0000E-01, 6.0000E-01,-1.0000E+00,
17:20:54.33359885, 3.3333E-01, 6.6667E-01,-6.6667E-01,
17:20:54.33359890, 3.3333E-01, 7.0000E-01,-1.0000E+00,
17:20:54.33359895, 3.0000E-01, 7.0000E-01,-6.6667E-01,
17:20:54.33359900, 3.6667E-01, 6.3333E-01,-3.3333E-01,
17:20:54.33359905, 3.3333E-01, 7.0000E-01,-1.0000E+00,
17:20:54.33359910, 3.6667E-01, 7.3333E-01,-6.6667E-01,
17:20:54.33359915, 2.6667E-01, 6.6667E-01,-1.0000E+00,
17:20:54.33359920, 2.3333E-01, 7.0000E-01,-6.6667E-01,
17:20:54.33359925, 3.3333E-01, 6.0000E-01, 3.3333E-01,
17:20:54.33359930, 3.0000E-01, 6.0000E-01,-1.0000E+00,
17:20:54.33359935, 3.3333E-01, 7.0000E-01, 0.0000E+00,
17:20:54.33359940, 3.3333E-01, 7.0000E-01,-3.3333E-01,
17:20:54.33359945, 3.3333E-01, 6.6667E-01, 0.0000E+00,
17:20:54.33359950, 4.0000E-01, 6.6667E-01,-3.3333E-01,
17:20:54.33359955, 3.0000E-01, 6.6667E-01, 6.6667E-01,
17:20:54.33359960, 3.6667E-01, 6.6667E-01, 0.0000E+00,
17:20:54.33359965, 3.6667E-01, 6.3333E-01, 3.3333E-01,
17:20:54.33359970, 2.6667E-01, 6.3333E-01, 1.0000E+00,
17:20:54.33359975, 3.6667E-01, 6.0000E-01, 6.6667E-01,
17:20:54.33359980, 3.3333E-01, 6.3333E-01, 6.6667E-01,
17:20:54.33359985, 3.0000E-01, 6.6667E-01, 3.3333E-01,
17:20:54.33359990, 3.0000E-01, 6.0000E-01,-3.3333E-01,
17:20:54.33359995, 2.6667E-01, 6.0000E-01,-3.3333E-01,
17:20:54.33360000, 3.3333E-01, 6.0000E-01,-1.0000E+00,
17:20:54.33360005, 3.0000E-01, 6.0000E-01, 3.3333E-01,
17:20:54.33360010, 2.6667E-01, 5.6667E-01, 6.6667E-01,
17:20:54.33360015, 2.3333E-01, 6.3333E-01,-3.3333E-01,
17:20:54.33360020, 3.0000E-01, 6.0000E-01, 3.3333E-01,
17:20:54.33360025, 3.0000E-01, 6.0000E-01, 0.0000E+00,
17:20:54.33360030, 3.0000E-01, 6.3333E-01, 1.0000E+00,
17:20:54.33360035, 3.6667E-01, 6.3333E-01, 6.6667E-01,
17:20:54.33360040, 2.6667E-01, 6.3333E-01, 1.3333E+00,
17:20:54.33360045, 3.6667E-01, 5.3333E-01, 0.0000E+00,
17:20:54.33360050, 3.3333E-01, 5.6667E-01, 3.3333E-01,
17:20:54.33360055, 2.3333E-01, 5.6667E-01,-3.3333E-01,
17:20:54.33360060, 3.3333E-01, 5.6667E-01, 3.3333E-01,
17:20:54.33360065, 2.3333E-01, 5.6667E-01, 6.6667E-01,
17:20:54.33360070, 2.6667E-01, 5.0000E-01, 6.6667E-01,
17:20:54.33360075, 3.3333E-01, 5.6667E-01, 6.6667E-01,
17:20:54.33360080, 3.0000E-01, 6.0000E-01, 3.3333E-01,
17:20:54.33360085, 3.6667E-01, 5.0000E-01, 3.3333E-01,
17:20:54.33360090, 3.0000E-01, 5.6667E-01, 3.3333E-01,
17:20:54.33360095, 3.6667E-01, 5.0000E-01, 1.0000E+00,
17:20:54.33360100, 2.6667E-01, 5.6667E-01, 6.6667E-01,
17:20:54.33360105, 3.3333E-01, 5.0000E-01, 6.6667E-01,
17:20:54.33360110, 2.3333E-01, 5.3333E-01, 6.6667E-01,
17:20:54.33360115, 3.3333E-01, 5.6667E-01,-6.6667E-01,
17:20:54.33360120, 2.3333E-01, 5.3333E-01, 6.6667E-01,
17:20:54.33360125, 3.3333E-01, 5.3333E-01, 0.0000E+00,
17:20:54.33360130, 2.6667E-01, 5.6667E-01, 3.3333E-01,
17:20:54.33360135, 3.0000E-01, 5.3333E-01, 3.3333E-01,
17:20:54.33360140, 2.3333E-01, 5.3333E-01, 1.3333E+00,
17:20:54.33360145, 2.6667E-01, 5.0000E-01, 6.6667E-01,
17:20:54.33360150, 2.3333E-01, 5.3333E-01, 3.3333E-01,
17:20:54.33360155, 2.3333E-01, 6.0000E-01, 1.0000E+00,
17:20:54.33360160, 3.6667E-01, 5.0000E-01, 1.0000E+00,
17:20:54.33360165, 2.3333E-01, 5.0000E-01, 6.6667E-01,
17:20:54.33360170, 2.3333E-01, 5.3333E-01, 3.3333E-01,
17:20:54.33360175, 3.0000E-01, 5.0000E-01, 1.0000E+00,
17:20:54.33360180, 2.3333E-01, 5.0000E-01, 1.0000E+00,
17:20:54.33360185, 2.3333E-01, 5.0000E-01, 6.6667E-01,
17:20:54.33360190, 3.0000E-01, 5.0000E-01, 1.0000E+00,
17:20:54.33360195, 2.6667E-01, 5.0000E-01, 6.6667E-01,
17:20:54.33360200, 3.0000E-01, 5.0000E-01, 1.0000E+00,
17:20:54.33360205, 3.0000E-01, 5.0000E-01, 1.0000E+00,
17:20:54.33360210, 3.0000E-01, 5.0000E-01, 6.6667E-01,
17:20:54.33360215, 2.6667E-01, 5.0000E-01, 1.6667E+00,
17:20:54.33360220, 2.3333E-01, 4.3333E-01, 6.6667E-01,
17:20:54.33360225, 2.6667E-01, 5.0000E-01, 3.3333E-01,
17:20:54.33360230, 3.3333E-01, 4.6667E-01, 6.6667E-01,
17:20:54.33360235, 3.0000E-01, 5.0000E-01, 1.0000E+00,
17:20:54.33360240, 2.6667E-01, 4.3333E-01, 6.6667E-01,
17:20:54.33360245, 3.3333E-01, 4.0000E-01, 0.0000E+00,
17:20:54.33360250, 3.0000E-01, 5.0000E-01, 1.0000E+00,
17:20:54.33360255, 2.3333E-01, 5.0000E-01, 6.6667E-01,
17:20:54.33360260, 2.3333E-01, 4.6667E-01, 3.3333E-01,
17:20:54.33360265, 3.0000E-01, 4.6667E-01, 1.0000E+00,
17:20:54.33360270, 3.0000E-01, 4.6667E-01, 3.3333E-01,
17:20:54.33360275, 2.6667E-01, 5.0000E-01, 0.0000E+00,
17:20:54.33360280, 2.6667E-01, 4.3333E-01, 3.3333E-01,
17:20:54.33360285, 2.6667E-01, 4.3333E-01, 0.0000E+00,
17:20:54.33360290, 2.3333E-01, 3.6667E-01, 6.6667E-01,
17:20:54.33360295, 2.6667E-01, 4.6667E-01, 3.3333E-01,
17:20:54.33360300, 2.3333E-01, 4.6667E-01, 6.6667E-01,
17:20:54.33360305, 2.6667E-01, 4.3333E-01, 0.0000E+00,
17:20:54.33360310, 2.6667E-01, 4.0000E-01, 3.3333E-01,
17:20:54.33360315, 2.3333E-01, 3.6667E-01, 6.6667E-01,
17:20:54.33360320, 2.0000E-01, 4.6667E-01, 3.3333E-01,
17:20:54.33360325, 2.6667E-01, 4.3333E-01, 6.6667E-01,
17:20:54.33360330, 3.0000E-01, 4.0000E-01, 6.6667E-01,
17:20:54.33360335, 3.0000E-01, 4.3333E-01, 3.3333E-01,
17:20:54.33360340, 2.6667E-01, 3.6667E-01, 0.0000E+00,
17:20:54.33360345, 2.0000E-01, 4.0000E-01,-3.3333E-01,
17:20:54.33360350, 3.6667E-01, 4.3333E-01,-3.3333E-01,
17:20:54.33360355, 2.3333E-01, 4.6667E-01, 0.0000E+00,
17:20:54.33360360, 3.3333E-01, 4.0000E-01, 3.3333E-01,
17:20:54.33360365, 2.3333E-01, 4.6667E-01, 6.6667E-01,
17:20:54.33360370, 2.6667E-01, 4.6667E-01, 3.3333E-01,
17:20:54.33360375, 3.0000E-01, 4.0000E-01, 6.6667E-01,
17:20:54.33360380, 2.6667E-01, 4.6667E-01,-1.0000E+00,
17:20:54.33360385, 2.3333E-01, 5.0000E-01, 6.6667E-01,
17:20:54.33360390, 2.3333E-01, 3.6667E-01, 0.0000E+00,
17:20:54.33360395, 2.3333E-01, 4.0000E-01,-6.6667E-01,
17:20:54.33360400, 2.6667E-01, 4.0000E-01,-3.3333E-01,
17:20:54.33360405, 2.0000E-01, 4.6667E-01, 1.0000E+00,
17:20:54.33360410, 2.3333E-01, 3.6667E-01, 3.3333E-01,
17:20:54.33360415, 2.0000E-01, 4.3333E-01,-3.3333E-01,
17:20:54.33360420, 2.3333E-01, 4.0000E-01, 0.0000E+00,
17:20:54.33360425, 2.3333E-01, 4.6667E-01, 0.0000E+00,
17:20:54.33360430, 2.3333E-01, 4.3333E-01,-3.3333E-01,
17:20:54.33360435, 2.6667E-01, 4.0000E-01, 0.0000E+00,
17:20:54.33360440, 3.0000E-01, 4.3333E-01,-1.0000E+00,
17:20:54.33360445, 2.3333E-01, 4.3333E-01,-3.3333E-01,
17:20:54.33360450, 2.3333E-01, 4.3333E-01, 0.0000E+00,
17:20:54.33360455, 2.3333E-01, 4.6667E-01, 0.0000E+00,
17:20:54.33360460, 2.3333E-01, 4.3333E-01,-3.3333E-01,
17:20:54.33360465, 3.0000E-01, 4.0000E-01, 6.6667E-01,
17:20:54.33360470, 2.3333E-01, 4.0000E-01,-3.3333E-01,
17:20:54.33360475, 2.0000E-01, 3.6667E-01, 0.0000E+00,
17:20:54.33360480, 2.6667E-01, 4.6667E-01, 3.3333E-01,
17:20:54.33360485, 2.0000E-01, 4.6667E-01, 0.0000E+00,
17:20:54.33360490, 2.0000E-01, 4.3333E-01,-3.3333E-01,
17:20:54.33360495, 2.3333E-01, 4.0000E-01,-6.6667E-01,
17:20:54.33360500, 2.0000E-01, 4.0000E-01,-6.6667E-01,
17:20:54.33360505, 2.0000E-01, 4.0000E-01,-3.3333E-01,
17:20:54.33360510, 2.0000E-01, 4.3333E-01,-1.0000E+00,
17:20:54.33360515, 2.3333E-01, 4.3333E-01,-3.3333E-01,
17:20:54.33360520, 3.0000E-01, 3.6667E-01,-6.6667E-01,
17:20:54.33360525, 2.0000E-01, 4.3333E-01,-3.3333E-01,
17:20:54.33360530, 2.3333E-01, 4.3333E-01,-6.6667E-01,
17:20:54.33360535, 2.0000E-01, 4.6667E-01, 0.0000E+00,
17:20:54.33360540, 2.6667E-01, 4.3333E-01, 0.0000E+00,
17:20:54.33360545, 2.3333E-01, 4.3333E-01,-6.6667E-01,
17:20:54.33360550, 2.0000E-01, 4.0000E-01,-3.3333E-01,
17:20:54.33360555, 2.3333E-01, 4.6667E-01,-1.3333E+00,
17:20:54.33360560, 2.6667E-01, 4.0000E-01,-3.3333E-01,
17:20:54.33360565, 2.0000E-01, 4.0000E-01,-6.6667E-01,
17:20:54.33360570, 2.0000E-01, 4.0000E-01,-6.6667E-01,
17:20:54.33360575, 2.6667E-01, 4.3333E-01,-1.3333E+00,
17:20:54.33360580, 2.3333E-01, 4.3333E-01,-1.3333E+00,
17:20:54.33360585, 2.6667E-01, 4.3333E-01,-1.3333E+00,
17:20:54.33360590, 2.0000E-01, 4.0000E-01,-3.3333E-01,
17:20:54.33360595, 2.0000E-01, 4.6667E-01,-1.3333E+00,
17:20:54.33360600, 2.6667E-01, 5.0000E-01,-6.6667E-01,
17:20:54.33360605, 2.3333E-01, 5.0000E-01,-3.3333E-01,
17:20:54.33360610, 1.6667E-01, 5.0000E-01,-3.3333E-01,
17:20:54.33360615, 2.3333E-01, 3.6667E-01,-6.6667E-01,
17:20:54.33360620, 2.3333E-01, 4.0000E-01,-6.6667E-01,
17:20:54.33360625, 2.3333E-01, 5.0000E-01,-1.3333E+00,
17:20:54.33360630, 2.3333E-01, 5.0000E-01,-3.3333E-01,
17:20:54.33360635, 2.0000E-01, 4.3333E-01,-1.6667E+00,
17:20:54.33360640, 2.3333E-01, 4.3333E-01,-6.6667E-01,
17:20:54.33360645, 2.0000E-01, 5.0000E-01,-6.6667E-01,
17:20:54.33360650, 2.3333E-01, 5.0000E-01, 0.0000E+00,
17:20:54.33360655, 2.3333E-01, 4.0000E-01,-3.3333E-01,
17:20:54.33360660, 3.0000E-01, 4.6667E-01,-3.3333E-01,
17:20:54.33360665, 2.0000E-01, 4.6667E-01,-1.0000E+00,
17:20:54.33360670, 2.0000E-01, 5.0000E-01,-6.6667E-01,
17:20:54.33360675, 2.0000E-01, 5.0000E-01,-6.6667E-01,
17:20:54.33360680, 3.0000E-01, 5.0000E-01,-1.0000E+00,
17:20:54.33360685, 2.3333E-01, 5.0000E-01,-6.6667E-01,
17:20:54.33360690, 1.6667E-01, 4.3333E-01,-1.3333E+00,
17:20:54.33360695, 2.0000E-01, 5.0000E-01,-1.6667E+00,
17:20:54.33360700, 2.3333E-01, 4.3333E-01,-1.3333E+00,
17:20:54.33360705, 2.3333E-01, 4.3333E-01,-3.3333E-01,
17:20:54.33360710, 2.6667E-01, 5.0000E-01,-6.6667E-01,
17:20:54.33360715, 2.0000E-01, 5.3333E-01,-6.6667E-01,
17:20:54.33360720, 3.0000E-01, 5.0000E-01,-1.0000E+00,
17:20:54.33360725, 2.0000E-01, 5.0000E-01,-1.0000E+00,
17:20:54.33360730, 3.0000E-01, 5.0000E-01,-6.6667E-01,
17:20:54.33360735, 2.3333E-01, 5.0000E-01,-1.0000E+00,
17:20:54.33360740, 3.0000E-01, 5.0000E-01,-6.6667E-01,
17:20:54.33360745, 2.6667E-01, 5.6667E-01,-1.3333E+00,
17:20:54.33360750, 2.6667E-01, 4.3333E-01,-1.0000E+00,
17:20:54.33360755, 2.0000E-01, 5.0000E-01, 0.0000E+00,
17:20:54.33360760, 2.3333E-01, 5.0000E-01,-6.6667E-01,
17:20:54.33360765, 3.0000E-01, 5.0000E-01,-1.0000E+00,
17:20:54.33360770, 2.3333E-01, 5.3333E-01, 0.0000E+00,
17:20:54.33360775, 2.3333E-01, 5.0000E-01,-1.0000E+00,
17:20:54.33360780, 2.0000E-01, 5.3333E-01,-1.3333E+00,
17:20:54.33360785, 2.0000E-01, 4.6667E-01,-1.0000E+00,
17:20:54.33360790, 2.0000E-01, 5.3333E-01,-6.6667E-01,
17:20:54.33360795, 2.3333E-01, 5.0000E-01,-1.3333E+00,
17:20:54.33360800, 2.3333E-01, 5.0000E-01,-1.0000E+00,
17:20:54.33360805, 2.6667E-01, 5.0000E-01,-1.6667E+00,
17:20:54.33360810, 2.6667E-01, 5.0000E-01,-6.6667E-01,
17:20:54.33360815, 2.6667E-01, 5.0000E-01,-1.3333E+00,
17:20:54.33360820, 2.6667E-01, 5.3333E-01,-1.0000E+00,
17:20:54.33360825, 2.3333E-01, 5.6667E-01,-1.0000E+00,
17:20:54.33360830, 2.0000E-01, 5.3333E-01,-1.6667E+00,
17:20:54.33360835, 2.6667E-01, 5.0000E-01,-6.6667E-01,
17:20:54.33360840, 2.0000E-01, 5.6667E-01,-6.6667E-01,
17:20:54.33360845, 2.0000E-01, 5.6667E-01,-6.6667E-01,
17:20:54.33360850, 2.3333E-01, 5.0000E-01,-1.3333E+00,
17:20:54.33360855, 2.3333E-01, 5.0000E-01,-6.6667E-01,
17:20:54.33360860, 2.6667E-01, 5.0000E-01,-1.0000E+00,
17:20:54.33360865, 2.6667E-01, 5.3333E-01,-1.0000E+00,
17:20:54.33360870, 2.6667E-01, 6.0000E-01,-3.3333E-01,
17:20:54.33360875, 2.3333E-01, 5.3333E-01,-1.3333E+00,
17:20:54.33360880, 2.3333E-01, 5.0000E-01,-1.0000E+00,
17:20:54.33360885, 2.6667E-01, 5.3333E-01,-1.3333E+00,
17:20:54.33360890, 2.3333E-01, 4.6667E-01,-6.6667E-01,
17:20:54.33360895, 2.0000E-01, 5.0000E-01,-1.0000E+00,
17:20:54.33360900, 2.3333E-01, 6.0000E-01,-3.3333E-01,
17:20:54.33360905, 2.3333E-01, 5.3333E-01,-1.0000E+00,
17:20:54.33360910, 2.0000E-01, 5.0000E-01, 0.0000E+00,
17:20:54.33360915, 2.3333E-01, 5.0000E-01,-1.3333E+00,
17:20:54.33360920, 2.3333E-01, 5.6667E-01,-6.6667E-01,
17:20:54.33360925, 3.0000E-01, 5.6667E-01,-1.0000E+00,
17:20:54.33360930, 2.3333E-01, 6.0000E-01,-3.3333E-01,
17:20:54.33360935, 2.3333E-01, 5.3333E-01,-3.3333E-01,
17:20:54.33360940, 2.0000E-01, 5.3333E-01,-1.0000E+00,
17:20:54.33360945, 2.0000E-01, 5.0000E-01,-1.6667E+00,
17:20:54.33360950, 2.3333E-01, 6.0000E-01,-6.6667E-01,
17:20:54.33360955, 2.3333E-01, 5.0000E-01,-1.0000E+00,
17:20:54.33360960, 2.3333E-01, 5.6667E-01,-3.3333E-01,
17:20:54.33360965, 2.3333E-01, 6.0000E-01,-6.6667E-01,
17:20:54.33360970, 2.6667E-01, 5.6667E-01,-1.0000E+00,
17:20:54.33360975, 2.3333E-01, 6.0000E-01,-1.0000E+00,
17:20:54.33360980, 2.0000E-01, 5.6667E-01,-6.6667E-01,
17:20:54.33360985, 2.6667E-01, 5.6667E-01,-6.6667E-01,
17:20:54.33360990, 2.3333E-01, 5.3333E-01,-6.6667E-01,
17:20:54.33360995, 2.0000E-01, 5.6667E-01,-6.6667E-01,
17:20:54.33361000, 2.0000E-01, 5.6667E-01,-1.6667E+00,
17:20:54.33361005, 2.0000E-01, 5.0000E-01,-6.6667E-01,
17:20:54.33361010, 2.0000E-01, 5.6667E-01,-6.6667E-01,
17:20:54.33361015, 2.6667E-01, 5.6667E-01, 0.0000E+00,
17:20:54.33361020, 2.6667E-01, 5.0000E-01,-1.0000E+00,
17:20:54.33361025, 2.0000E-01, 5.6667E-01,-3.3333E-01,
17:20:54.33361030, 2.0000E-01, 5.6667E-01,-1.0000E+00,
17:20:54.33361035, 2.3333E-01, 5.3333E-01, 0.0000E+00,
17:20:54.33361040, 2.0000E-01, 6.0000E-01,-1.0000E+00,
17:20:54.33361045, 1.3333E-01, 5.3333E-01,-6.6667E-01,
17:20:54.33361050, 2.3333E-01, 5.3333E-01, 0.0000E+00,
17:20:54.33361055, 3.0000E-01, 5.6667E-01,-3.3333E-01,
17:20:54.33361060, 2.0000E-01, 5.3333E-01, 3.3333E-01,
17:20:54.33361065, 2.0000E-01, 5.6667E-01, 0.0000E+00,
17:20:54.33361070, 2.3333E-01, 5.6667E-01,-6.6667E-01,
17:20:54.33361075, 2.3333E-01, 5.0000E-01, 0.0000E+00,
17:20:54.33361080, 2.3333E-01, 6.0000E-01,-3.3333E-01,
17:20:54.33361085, 2.6667E-01, 5.6667E-01,-3.3333E-01,
17:20:54.33361090, 2.0000E-01, 6.3333E-01,-3.3333E-01,
17:20:54.33361095, 2.0000E-01, 5.6667E-01, 1.0000E+00,
17:20:54.33361100, 2.3333E-01, 6.0000E-01, 0.0000E+00,
17:20:54.33361105, 2.0000E-01, 5.3333E-01, 0.0000E+00,
17:20:54.33361110, 2.0000E-01, 5.6667E-01,-3.3333E-01,
17:20:54.33361115, 2.6667E-01, 5.6667E-01, 0.0000E+00,
17:20:54.33361120, 2.0000E-01, 5.6667E-01, 0.0000E+00,
17:20:54.33361125, 2.0000E-01, 5.3333E-01,-6.6667E-01,
17:20:54.33361130, 2.0000E-01, 5.0000E-01, 0.0000E+00,
17:20:54.33361135, 2.3333E-01, 5.6667E-01, 6.6667E-01,
17:20:54.33361140, 2.6667E-01, 5.3333E-01,-3.3333E-01,
17:20:54.33361145, 3.3333E-01, 5.0000E-01, 0.0000E+00,
17:20:54.33361150, 2.3333E-01, 6.3333E-01,-3.3333E-01,
17:20:54.33361155, 2.6667E-01, 5.6667E-01,-1.0000E+00,
17:20:54.33361160, 2.0000E-01, 5.6667E-01,-3.3333E-01,
17:20:54.33361165, 2.3333E-01, 5.3333E-01, 0.0000E+00,
17:20:54.33361170, 2.0000E-01, 5.6667E-01,-6.6667E-01,
17:20:54.33361175, 3.0000E-01, 6.0000E-01, 3.3333E-01,
17:20:54.33361180, 2.0000E-01, 5.0000E-01,-3.3333E-01,
17:20:54.33361185, 2.3333E-01, 5.3333E-01, 3.3333E-01,
17:20:54.33361190, 2.6667E-01, 6.0000E-01,-3.3333E-01,
17:20:54.33361195, 2.6667E-01, 5.3333E-01, 0.0000E+00,
17:20:54.33361200, 2.0000E-01, 5.3333E-01, 3.3333E-01,
17:20:54.33361205, 2.3333E-01, 5.0000E-01,-3.3333E-01,
17:20:54.33361210, 2.6667E-01, 6.0000E-01,-1.0000E+00,
17:20:54.33361215, 2.0000E-01, 5.0000E-01,-3.3333E-01,
17:20:54.33361220, 2.0000E-01, 5.0000E-01,-3.3333E-01,
17:20:54.33361225, 2.0000E-01, 5.6667E-01, 0.0000E+00,
17:20:54.33361230, 2.6667E-01, 6.3333E-01, 3.3333E-01,
17:20:54.33361235, 2.0000E-01, 5.0000E-01,-3.3333E-01,
17:20:54.33361240, 2.6667E-01, 5.3333E-01, 6.6667E-01,
17:20:54.33361245, 2.3333E-01, 5.3333E-01,-6.6667E-01,
17:20:54.33361250, 2.0000E-01, 5.3333E-01, 3.3333E-01,
17:20:54.33361255, 2.0000E-01, 5.0000E-01, 3.3333E-01,
17:20:54.33361260, 2.0000E-01, 5.3333E-01,-3.3333E-01,
17:20:54.33361265, 2.6667E-01, 5.3333E-01,-3.3333E-01,
17:20:54.33361270, 1.3333E-01, 5.0000E-01,-3.3333E-01,
17:20:54.33361275, 2.3333E-01, 5.3333E-01,-6.6667E-01,
17:20:54.33361280, 2.0000E-01, 5.0000E-01,-3.3333E-01,
17:20:54.33361285, 2.3333E-01, 5.6667E-01, 3.3333E-01,
17:20:54.33361290, 2.0000E-01, 5.3333E-01, 0.0000E+00,
17:20:54.33361295, 2.3333E-01, 5.0000E-01, 3.3333E-01,
17:20:54.33361300, 2.0000E-01, 5.0000E-01, 3.3333E-01,
17:20:54.33361305, 2.0000E-01, 5.0000E-01,-3.3333E-01,
17:20:54.33361310, 2.0000E-01, 5.0000E-01, 3.3333E-01,
17:20:54.33361315, 2.0000E-01, 5.0000E-01, 0.0000E+00,
17:20:54.33361320, 2.0000E-01, 5.0000E-01,-3.3333E-01,
17:20:54.33361325, 2.0000E-01, 5.3333E-01, 0.0000E+00,
17:20:54.33361330, 1.6667E-01, 5.0000E-01, 3.3333E-01,
17:20:54.33361335, 2.0000E-01, 5.0000E-01, 3.3333E-01,
17:20:54.33361340, 2.0000E-01, 5.0000E-01, 0.0000E+00,
17:20:54.33361345, 2.0000E-01, 5.0000E-01,-3.3333E-01,
17:20:54.33361350, 2.0000E-01, 5.0000E-01,-3.3333E-01,
17:20:54.33361355, 2.0000E-01, 5.0000E-01,-3.3333E-01,
17:20:54.33361360, 2.3333E-01, 5.3333E-01,-3.3333E-01,
17:20:54.33361365, 1.3333E-01, 5.6667E-01,-3.3333E-01,
17:20:54.33361370, 2.3333E-01, 4.0000E-01,-6.6667E-01,
17:20:54.33361375, 1.3333E-01, 5.0000E-01,-3.3333E-01,
17:20:54.33361380, 2.6667E-01, 5.0000E-01, 3.3333E-01,
17:20:54.33361385, 2.0000E-01, 4.6667E-01, 0.0000E+00,
17:20:54.33361390, 1.6667E-01, 5.0000E-01, 6.6667E-01,
17:20:54.33361395, 2.6667E-01, 5.0000E-01, 6.6667E-01,
17:20:54.33361400, 2.6667E-01, 4.3333E-01, 0.0000E+00,
17:20:54.33361405, 2.0000E-01, 4.6667E-01, 0.0000E+00,
17:20:54.33361410, 2.0000E-01, 5.0000E-01, 6.6667E-01,
17:20:54.33361415, 1.6667E-01, 5.0000E-01, 3.3333E-01,
17:20:54.33361420, 2.0000E-01, 5.0000E-01, 0.0000E+00,
17:20:54.33361425, 2.0000E-01, 5.0000E-01,-1.0000E+00,
17:20:54.33361430, 2.3333E-01, 5.3333E-01, 1.0000E+00,
17:20:54.33361435, 2.0000E-01, 4.3333E-01, 0.0000E+00,
17:20:54.33361440, 2.3333E-01, 5.0000E-01,-3.3333E-01,
17:20:54.33361445, 2.3333E-01, 5.0000E-01,-1.0000E+00,
17:20:54.33361450, 2.0000E-01, 5.3333E-01,-3.3333E-01,
17:20:54.33361455, 2.0000E-01, 5.0000E-01, 0.0000E+00,
17:20:54.33361460, 2.0000E-01, 4.6667E-01,-6.6667E-01,
17:20:54.33361465, 1.6667E-01, 4.6667E-01,-6.6667E-01,
17:20:54.33361470, 2.3333E-01, 4.6667E-01,-3.3333E-01,
17:20:54.33361475, 2.0000E-01, 5.0000E-01, 3.3333E-01,
17:20:54.33361480, 1.6667E-01, 5.0000E-01, 0.0000E+00,
17:20:54.33361485, 2.0000E-01, 5.0000E-01,-6.6667E-01,
17:20:54.33361490, 2.0000E-01, 4.6667E-01,-3.3333E-01,
17:20:54.33361495, 2.0000E-01, 4.3333E-01, 3.3333E-01,
17:20:54.33361500, 2.3333E-01, 4.6667E-01, 3.3333E-01,
17:20:54.33361505, 2.3333E-01, 5.0000E-01,-6.6667E-01,
17:20:54.33361510, 2.3333E-01, 5.0000E-01, 0.0000E+00,
17:20:54.33361515, 2.0000E-01, 5.0000E-01,-6.6667E-01,
17:20:54.33361520, 2.6667E-01, 4.6667E-01, 3.3333E-01,
17:20:54.33361525, 2.3333E-01, 5.3333E-01,-1.0000E+00,
17:20:54.33361530, 2.0000E-01, 5.0000E-01, 0.0000E+00,
17:20:54.33361535, 1.6667E-01, 5.0000E-01,-6.6667E-01,
17:20:54.33361540, 2.3333E-01, 4.3333E-01, 6.6667E-01,
17:20:54.33361545, 2.0000E-01, 5.0000E-01,-3.3333E-01,
17:20:54.33361550, 1.6667E-01, 4.3333E-01,-3.3333E-01,
17:20:54.33361555, 2.0000E-01, 4.6667E-01, 0.0000E+00,
17:20:54.33361560, 1.3333E-01, 5.0000E-01,-3.3333E-01,
17:20:54.33361565, 1.6667E-01, 5.0000E-01,-6.6667E-01,
17:20:54.33361570, 2.0000E-01, 5.0000E-01, 0.0000E+00,
17:20:54.33361575, 2.0000E-01, 5.0000E-01,-3.3333E-01,
17:20:54.33361580, 1.0000E-01, 4.6667E-01, 3.3333E-01,
17:20:54.33361585, 2.3333E-01, 4.6667E-01, 0.0000E+00,
17:20:54.33361590, 2.0000E-01, 4.6667E-01, 3.3333E-01,
17:20:54.33361595, 2.0000E-01, 4.6667E-01,-6.6667E-01,
17:20:54.33361600, 2.0000E-01, 4.6667E-01, 0.0000E+00,
17:20:54.33361605, 2.3333E-01, 4.3333E-01,-3.3333E-01,
17:20:54.33361610, 2.0000E-01, 5.0000E-01,-1.0000E+00,
17:20:54.33361615, 2.3333E-01, 4.3333E-01, 0.0000E+00,
17:20:54.33361620, 1.6667E-01, 4.6667E-01,-3.3333E-01,
17:20:54.33361625, 2.0000E-01, 5.0000E-01,-3.3333E-01,
17:20:54.33361630, 2.0000E-01, 4.3333E-01,-3.3333E-01,
17:20:54.33361635, 1.3333E-01, 5.0000E-01, 3.3333E-01,
17:20:54.33361640, 2.0000E-01, 4.3333E-01, 3.3333E-01,
17:20:54.33361645, 2.0000E-01, 4.3333E-01,-6.6667E-01,
17:20:54.33361650, 2.0000E-01, 5.0000E-01,-6.6667E-01,
17:20:54.33361655, 6.6667E-02, 4.6667E-01,-6.6667E-01,
17:20:54.33361660, 1.6667E-01, 4.0000E-01, 3.3333E-01,
17:20:54.33361665, 2.0000E-01, 4.6667E-01,-3.3333E-01,
17:20:54.33361670, 1.3333E-01, 4.6667E-01, 0.0000E+00,
17:20:54.33361675, 1.6667E-01, 4.0000E-01, 0.0000E+00,
17:20:54.33361680, 2.0000E-01, 5.0000E-01, 0.0000E+00,
17:20:54.33361685, 2.0000E-01, 4.3333E-01, 0.0000E+00,
17:20:54.33361690, 1.3333E-01, 4.6667E-01,-6.6667E-01,
17:20:54.33361695, 1.6667E-01, 5.0000E-01,-6.6667E-01,
17:20:54.33361700, 1.6667E-01, 5.0000E-01,-1.0000E+00,
17:20:54.33361705, 2.0000E-01, 4.6667E-01,-6.6667E-01,
17:20:54.33361710, 1.3333E-01, 5.0000E-01,-3.3333E-01,
17:20:54.33361715, 2.0000E-01, 4.6667E-01, 0.0000E+00,
17:20:54.33361720, 2.0000E-01, 5.0000E-01,-6.6667E-01,
17:20:54.33361725, 2.0000E-01, 4.0000E-01, 3.3333E-01,
17:20:54.33361730, 2.6667E-01, 5.0000E-01, 3.3333E-01,
17:20:54.33361735, 1.6667E-01, 4.3333E-01,-3.3333E-01,
17:20:54.33361740, 1.3333E-01, 4.3333E-01,-6.6667E-01,
17:20:54.33361745, 1.6667E-01, 5.0000E-01,-1.0000E+00,
17:20:54.33361750, 1.6667E-01, 4.3333E-01,-6.6667E-01,
17:20:54.33361755, 2.0000E-01, 4.0000E-01,-1.3333E+00,
17:20:54.33361760, 1.3333E-01, 4.3333E-01,-6.6667E-01,
17:20:54.33361765, 2.0000E-01, 4.3333E-01,-6.6667E-01,
17:20:54.33361770, 2.0000E-01, 4.6667E-01,-6.6667E-01,
17:20:54.33361775, 1.6667E-01, 4.0000E-01,-6.6667E-01,
17:20:54.33361780, 2.0000E-01, 5.0000E-01, 0.0000E+00,
17:20:54.33361785, 1.6667E-01, 5.0000E-01,-6.6667E-01,
17:20:54.33361790, 1.6667E-01, 4.6667E-01,-6.6667E-01,
17:20:54.33361795, 2.0000E-01, 5.0000E-01,-1.3333E+00,
17:20:54.33361800, 1.3333E-01, 5.0000E-01,-1.0000E+00,
17:20:54.33361805, 2.0000E-01, 5.0000E-01, 3.3333E-01,
17:20:54.33361810, 1.6667E-01, 5.0000E-01,-3.3333E-01,
17:20:54.33361815, 2.3333E-01, 4.3333E-01,-6.6667E-01,
17:20:54.33361820, 2.0000E-01, 5.0000E-01,-1.0000E+00,
17:20:54.33361825, 2.0000E-01, 5.0000E-01,-1.0000E+00,
17:20:54.33361830, 2.0000E-01, 4.6667E-01, 0.0000E+00,
17:20:54.33361835, 1.6667E-01, 5.0000E-01,-1.3333E+00,
17:20:54.33361840, 1.6667E-01, 4.3333E-01,-3.3333E-01,
17:20:54.33361845, 1.6667E-01, 5.0000E-01,-3.3333E-01,
17:20:54.33361850, 2.0000E-01, 5.3333E-01, 0.0000E+00,
17:20:54.33361855, 2.0000E-01, 4.6667E-01,-6.6667E-01,
17:20:54.33361860, 2.3333E-01, 5.0000E-01,-6.6667E-01,
17:20:54.33361865, 1.0000E-01, 5.0000E-01, 3.3333E-01,
17:20:54.33361870, 2.0000E-01, 5.0000E-01,-3.3333E-01,
17:20:54.33361875, 2.0000E-01, 4.6667E-01, 0.0000E+00,
17:20:54.33361880, 1.6667E-01, 5.0000E-01,-6.6667E-01,
17:20:54.33361885, 2.0000E-01, 5.0000E-01, 0.0000E+00,
17:20:54.33361890, 1.6667E-01, 4.6667E-01,-1.0000E+00,
17:20:54.33361895, 2.3333E-01, 5.0000E-01,-6.6667E-01,
17:20:54.33361900, 2.0000E-01, 4.0000E-01,-1.0000E+00,
17:20:54.33361905, 1.3333E-01, 5.0000E-01,-1.0000E+00,
17:20:54.33361910, 1.3333E-01, 5.0000E-01,-3.3333E-01,
17:20:54.33361915, 1.6667E-01, 5.0000E-01, 0.0000E+00,
17:20:54.33361920, 2.3333E-01, 5.0000E-01,-6.6667E-01,
17:20:54.33361925, 2.0000E-01, 5.0000E-01,-6.6667E-01,
17:20:54.33361930, 2.0000E-01, 4.3333E-01,-1.3333E+00,
17:20:54.33361935, 1.3333E-01, 5.0000E-01,-3.3333E-01,
17:20:54.33361940, 2.0000E-01, 4.3333E-01,-1.0000E+00,
17:20:54.33361945, 2.0000E-01, 4.6667E-01,-3.3333E-01,
17:20:54.33361950, 1.6667E-01, 5.0000E-01,-3.3333E-01,
17:20:54.33361955, 1.6667E-01, 5.0000E-01,-3.3333E-01,
17:20:54.33361960, 2.6667E-01, 4.0000E-01,-6.6667E-01,
17:20:54.33361965, 1.6667E-01, 5.0000E-01,-6.6667E-01,
17:20:54.33361970, 1.3333E-01, 4.6667E-01,-6.6667E-01,
17:20:54.33361975, 2.0000E-01, 5.0000E-01,-1.0000E+00,
17:20:54.33361980, 1.6667E-01, 5.0000E-01,-6.6667E-01,
17:20:54.33361985, 1.3333E-01, 4.6667E-01,-1.0000E+00,
17:20:54.33361990, 2.3333E-01, 5.0000E-01,-1.0000E+00,
17:20:54.33361995, 1.6667E-01, 4.6667E-01,-6.6667E-01,
17:20:54.33362000, 2.0000E-01, 5.3333E-01,-6.6667E-01,
17:20:54.33362005, 1.6667E-01, 5.0000E-01,-6.6667E-01,
17:20:54.33362010, 2.0000E-01, 5.6667E-01,-1.3333E+00,
17:20:54.33362015, 2.0000E-01, 5.0000E-01,-1.0000E+00,
17:20:54.33362020, 1.6667E-01, 5.3333E-01,-1.0000E+00,
17:20:54.33362025, 1.6667E-01, 4.6667E-01,-3.3333E-01,
17:20:54.33362030, 1.3333E-01, 5.0000E-01, 0.0000E+00,
17:20:54.33362035, 1.3333E-01, 5.3333E-01,-3.3333E-01,
17:20:54.33362040, 1.6667E-01, 5.0000E-01,-3.3333E-01,
17:20:54.33362045, 1.3333E-01, 5.0000E-01,-3.3333E-01,
17:20:54.33362050, 1.6667E-01, 5.0000E-01, 0.0000E+00,
17:20:54.33362055, 1.6667E-01, 5.6667E-01,-6.6667E-01,
17:20:54.33362060, 2.0000E-01, 5.0000E-01,-6.6667E-01,
17:20:54.33362065, 2.0000E-01, 5.6667E-01,-1.0000E+00,
17:20:54.33362070, 2.0000E-01, 6.0000E-01, 6.6667E-01,
17:20:54.33362075, 2.0000E-01, 5.0000E-01,-1.3333E+00,
17:20:54.33362080, 1.6667E-01, 5.0000E-01,-6.6667E-01,
17:20:54.33362085, 2.0000E-01, 5.6667E-01, 0.0000E+00,
17:20:54.33362090, 1.6667E-01, 5.3333E-01,-1.0000E+00,
17:20:54.33362095, 1.6667E-01, 5.6667E-01,-3.3333E-01,
17:20:54.33362100, 1.3333E-01, 5.0000E-01,-6.6667E-01,
17:20:54.33362105, 1.6667E-01, 5.3333E-01,-1.6667E+00,
17:20:54.33362110, 2.0000E-01, 5.0000E-01,-3.3333E-01,
17:20:54.33362115, 2.3333E-01, 5.0000E-01,-6.6667E-01,
17:20:54.33362120, 1.6667E-01, 5.3333E-01,-3.3333E-01,
17:20:54.33362125, 1.3333E-01, 5.3333E-01,-3.3333E-01,
17:20:54.33362130, 2.0000E-01, 5.3333E-01, 3.3333E-01,
17:20:54.33362135, 2.0000E-01, 5.0000E-01, 0.0000E+00,
17:20:54.33362140, 1.6667E-01, 5.0000E-01,-3.3333E-01,
17:20:54.33362145, 2.0000E-01, 5.3333E-01,-3.3333E-01,
17:20:54.33362150, 1.6667E-01, 5.0000E-01,-3.3333E-01,
17:20:54.33362155, 2.0000E-01, 5.0000E-01,-1.0000E+00,
17:20:54.33362160, 1.6667E-01, 5.3333E-01,-6.6667E-01,
17:20:54.33362165, 2.0000E-01, 5.0000E-01,-3.3333E-01,
17:20:54.33362170, 1.6667E-01, 6.0000E-01, 3.3333E-01,
17:20:54.33362175, 2.0000E-01, 5.0000E-01,-6.6667E-01,
17:20:54.33362180, 2.0000E-01, 5.0000E-01,-3.3333E-01,
17:20:54.33362185, 1.6667E-01, 5.6667E-01,-3.3333E-01,
17:20:54.33362190, 1.6667E-01, 5.0000E-01, 0.0000E+00,
17:20:54.33362195, 2.0000E-01, 5.6667E-01, 0.0000E+00,
17:20:54.33362200, 2.0000E-01, 5.3333E-01, 3.3333E-01,
17:20:54.33362205, 1.6667E-01, 5.3333E-01, 0.0000E+00,
17:20:54.33362210, 1.6667E-01, 5.0000E-01, 3.3333E-01,
17:20:54.33362215, 1.3333E-01, 5.3333E-01, 0.0000E+00,
17:20:54.33362220, 2.3333E-01, 5.0000E-01,-6.6667E-01,
17:20:54.33362225, 2.0000E-01, 5.0000E-01, 0.0000E+00,
17:20:54.33362230, 1.6667E-01, 5.0000E-01,-1.0000E+00,
17:20:54.33362235, 1.6667E-01, 5.3333E-01,-3.3333E-01,
17:20:54.33362240, 2.0000E-01, 6.0000E-01, 0.0000E+00,
17:20:54.33362245, 1.3333E-01, 5.3333E-01, 3.3333E-01,
17:20:54.33362250, 1.3333E-01, 5.3333E-01,-3.3333E-01,
17:20:54.33362255, 2.0000E-01, 5.0000E-01, 0.0000E+00,
17:20:54.33362260, 1.3333E-01, 5.6667E-01,-1.0000E+00,
17:20:54.33362265, 2.0000E-01, 5.3333E-01, 0.0000E+00,
17:20:54.33362270, 1.6667E-01, 5.0000E-01, 0.0000E+00,
17:20:54.33362275, 1.6667E-01, 5.3333E-01,-3.3333E-01,
17:20:54.33362280, 2.0000E-01, 5.0000E-01,-3.3333E-01,
17:20:54.33362285, 1.6667E-01, 5.6667E-01, 0.0000E+00,
17:20:54.33362290, 1.6667E-01, 5.0000E-01, 0.0000E+00,
17:20:54.33362295, 2.0000E-01, 5.3333E-01,-3.3333E-01,
17:20:54.33362300, 2.0000E-01, 5.0000E-01, 0.0000E+00,
17:20:54.33362305, 1.6667E-01, 5.0000E-01,-6.6667E-01,
17:20:54.33362310, 1.3333E-01, 5.6667E-01, 0.0000E+00,
17:20:54.33362315, 2.0000E-01, 5.3333E-01, 0.0000E+00,
17:20:54.33362320, 1.6667E-01, 5.0000E-01, 3.3333E-01,
17:20:54.33362325, 1.3333E-01, 5.3333E-01,-6.6667E-01,
17:20:54.33362330, 1.0000E-01, 6.0000E-01, 0.0000E+00,
17:20:54.33362335, 1.6667E-01, 5.3333E-01, 3.3333E-01,
17:20:54.33362340, 2.0000E-01, 5.0000E-01,-6.6667E-01,
17:20:54.33362345, 1.3333E-01, 4.6667E-01,-3.3333E-01,
17:20:54.33362350, 2.0000E-01, 5.0000E-01,-3.3333E-01,
17:20:54.33362355, 1.3333E-01, 5.0000E-01,-6.6667E-01,
17:20:54.33362360, 1.6667E-01, 5.3333E-01, 0.0000E+00,
17:20:54.33362365, 1.6667E-01, 5.3333E-01, 0.0000E+00,
17:20:54.33362370, 1.3333E-01, 5.0000E-01, 0.0000E+00,
17:20:54.33362375, 1.6667E-01, 5.6667E-01,-3.3333E-01,
17:20:54.33362380, 1.3333E-01, 5.0000E-01,-6.6667E-01,
17:20:54.33362385, 1.6667E-01, 5.0000E-01, 0.0000E+00,
17:20:54.33362390, 1.3333E-01, 5.0000E-01,-3.3333E-01,
17:20:54.33362395, 1.6667E-01, 5.0000E-01, 3.3333E-01,
17:20:54.33362400, 2.0000E-01, 4.6667E-01, 0.0000E+00,
17:20:54.33362405, 1.6667E-01, 5.0000E-01, 0.0000E+00,
17:20:54.33362410, 1.6667E-01, 5.6667E-01,-6.6667E-01,
17:20:54.33362415, 2.0000E-01, 5.0000E-01,-3.3333E-01,
17:20:54.33362420, 1.3333E-01, 5.3333E-01, 3.3333E-01,
17:20:54.33362425, 1.0000E-01, 5.3333E-01, 0.0000E+00,
17:20:54.33362430, 6.6667E-02, 5.0000E-01,-3.3333E-01,
17:20:54.33362435, 1.3333E-01, 5.0000E-01, 6.6667E-01,
17:20:54.33362440, 1.0000E-01, 6.0000E-01,-6.6667E-01,
17:20:54.33362445, 1.3333E-01, 5.0000E-01, 0.0000E+00,
17:20:54.33362450, 2.0000E-01, 5.0000E-01, 0.0000E+00,
17:20:54.33362455, 1.0000E-01, 5.0000E-01, 3.3333E-01,
17:20:54.33362460, 1.3333E-01, 5.3333E-01, 0.0000E+00,
17:20:54.33362465, 1.3333E-01, 5.0000E-01, 0.0000E+00,
17:20:54.33362470, 1.3333E-01, 5.0000E-01,-3.3333E-01,
17:20:54.33362475, 1.0000E-01, 5.3333E-01, 3.3333E-01,
17:20:54.33362480, 2.0000E-01, 5.3333E-01, 0.0000E+00,
17:20:54.33362485, 1.0000E-01, 5.3333E-01, 6.6667E-01,
17:20:54.33362490, 1.3333E-01, 5.0000E-01, 0.0000E+00,
17:20:54.33362495, 2.0000E-01, 4.6667E-01,-6.6667E-01,
17:20:54.33362500, 1.3333E-01, 5.0000E-01, 3.3333E-01,
17:20:54.33362505, 2.0000E-01, 5.0000E-01,-3.3333E-01,
17:20:54.33362510, 1.3333E-01, 5.0000E-01,-3.3333E-01,
17:20:54.33362515, 1.0000E-01, 5.0000E-01, 0.0000E+00,
17:20:54.33362520, 1.6667E-01, 5.0000E-01, 3.3333E-01,
17:20:54.33362525, 1.6667E-01, 5.0000E-01,-3.3333E-01,
17:20:54.33362530, 1.3333E-01, 5.0000E-01,-1.0000E+00,
17:20:54.33362535, 1.0000E-01, 5.0000E-01,-3.3333E-01,
17:20:54.33362540, 2.0000E-01, 4.6667E-01,-3.3333E-01,
17:20:54.33362545, 1.6667E-01, 5.0000E-01, 3.3333E-01,
17:20:54.33362550, 2.0000E-01, 5.0000E-01,-3.3333E-01,
17:20:54.33362555, 1.6667E-01, 5.0000E-01, 0.0000E+00,
17:20:54.33362560, 1.0000E-01, 5.0000E-01, 0.0000E+00,
17:20:54.33362565, 2.0000E-01, 4.6667E-01,-3.3333E-01,
17:20:54.33362570, 1.6667E-01, 5.0000E-01,-3.3333E-01,
17:20:54.33362575, 2.0000E-01, 5.0000E-01,-3.3333E-01,
17:20:54.33362580, 1.6667E-01, 5.6667E-01,-3.3333E-01,
17:20:54.33362585, 1.6667E-01, 4.6667E-01,-6.6667E-01,
17:20:54.33362590, 2.0000E-01, 4.6667E-01,-3.3333E-01,
17:20:54.33362595, 2.3333E-01, 4.6667E-01, 3.3333E-01,
17:20:54.33362600, 2.0000E-01, 5.0000E-01,-6.6667E-01,
17:20:54.33362605, 1.6667E-01, 5.0000E-01,-3.3333E-01,
17:20:54.33362610, 1.3333E-01, 5.3333E-01,-6.6667E-01,
17:20:54.33362615, 1.6667E-01, 4.6667E-01, 0.0000E+00,
17:20:54.33362620, 1.3333E-01, 5.0000E-01, 0.0000E+00,
17:20:54.33362625, 2.0000E-01, 5.0000E-01, 0.0000E+00,
17:20:54.33362630, 1.0000E-01, 5.0000E-01,-3.3333E-01,
17:20:54.33362635, 1.6667E-01, 4.6667E-01, 6.6667E-01,
17:20:54.33362640, 2.0000E-01, 4.3333E-01, 0.0000E+00,
17:20:54.33362645, 1.6667E-01, 5.0000E-01, 3.3333E-01,
17:20:54.33362650, 1.6667E-01, 5.0000E-01, 0.0000E+00,
17:20:54.33362655, 1.6667E-01, 5.0000E-01,-3.3333E-01,
17:20:54.33362660, 1.0000E-01, 5.0000E-01,-1.0000E+00,
17:20:54.33362665, 1.3333E-01, 5.3333E-01, 0.0000E+00,
17:20:54.33362670, 1.3333E-01, 5.0000E-01, 0.0000E+00,
17:20:54.33362675, 2.0000E-01, 5.6667E-01,-3.3333E-01,
17:20:54.33362680, 1.6667E-01, 5.0000E-01, 3.3333E-01,
17:20:54.33362685, 1.6667E-01, 5.6667E-01,-3.3333E-01,
17:20:54.33362690, 1.3333E-01, 5.0000E-01, 0.0000E+00,
17:20:54.33362695, 2.0000E-01, 4.6667E-01,-3.3333E-01,
17:20:54.33362700, 1.3333E-01, 4.0000E-01,-3.3333E-01,
17:20:54.33362705, 1.3333E-01, 4.6667E-01, 0.0000E+00,
17:20:54.33362710, 1.3333E-01, 5.0000E-01, 3.3333E-01,
17:20:54.33362715, 6.6667E-02, 5.3333E-01,-6.6667E-01,
17:20:54.33362720, 6.6667E-02, 5.0000E-01, 3.3333E-01,
17:20:54.33362725, 6.6667E-02, 5.0000E-01, 0.0000E+00,
17:20:54.33362730, 2.0000E-01, 4.3333E-01,-6.6667E-01,
17:20:54.33362735, 1.6667E-01, 4.6667E-01,-1.0000E+00,
17:20:54.33362740, 1.6667E-01, 5.0000E-01,-3.3333E-01,
17:20:54.33362745, 1.3333E-01, 5.0000E-01, 0.0000E+00,
17:20:54.33362750, 1.0000E-01, 4.6667E-01, 0.0000E+00,
17:20:54.33362755, 2.0000E-01, 5.0000E-01, 0.0000E+00,
17:20:54.33362760, 1.0000E-01, 4.6667E-01,-6.6667E-01,
17:20:54.33362765, 1.3333E-01, 5.0000E-01,-6.6667E-01,
17:20:54.33362770, 1.3333E-01, 5.0000E-01,-3.3333E-01,
17:20:54.33362775, 1.3333E-01, 4.6667E-01, 3.3333E-01,
17:20:54.33362780, 1.6667E-01, 5.0000E-01,-6.6667E-01,
17:20:54.33362785, 1.6667E-01, 5.0000E-01,-6.6667E-01,
17:20:54.33362790, 1.6667E-01, 4.3333E-01,-6.6667E-01,
17:20:54.33362795, 6.6667E-02, 4.6667E-01,-3.3333E-01,
17:20:54.33362800, 1.3333E-01, 4.3333E-01, 3.3333E-01,
17:20:54.33362805, 1.6667E-01, 5.3333E-01, 0.0000E+00,
17:20:54.33362810, 1.6667E-01, 5.3333E-01, 6.6667E-01,
17:20:54.33362815, 1.3333E-01, 4.0000E-01,-3.3333E-01,
17:20:54.33362820, 1.3333E-01, 4.6667E-01, 3.3333E-01,
17:20:54.33362825, 6.6667E-02, 4.6667E-01, 0.0000E+00,
17:20:54.33362830, 2.0000E-01, 5.0000E-01,-3.3333E-01,
17:20:54.33362835, 1.6667E-01, 4.0000E-01,-6.6667E-01,
17:20:54.33362840, 1.6667E-01, 5.0000E-01,-3.3333E-01,
17:20:54.33362845, 1.0000E-01, 5.3333E-01, 0.0000E+00,
17:20:54.33362850, 1.0000E-01, 5.0000E-01,-6.6667E-01,
17:20:54.33362855, 2.0000E-01, 5.0000E-01, 3.3333E-01,
17:20:54.33362860, 1.6667E-01, 5.3333E-01,-3.3333E-01,
17:20:54.33362865, 2.0000E-01, 5.6667E-01,-6.6667E-01,
17:20:54.33362870, 2.0000E-01, 4.6667E-01,-6.6667E-01,
17:20:54.33362875, 1.0000E-01, 4.3333E-01,-6.6667E-01,
17:20:54.33362880, 1.6667E-01, 4.3333E-01,-3.3333E-01,
17:20:54.33362885, 1.3333E-01, 5.3333E-01,-3.3333E-01,
17:20:54.33362890, 1.0000E-01, 5.0000E-01, 0.0000E+00,
17:20:54.33362895, 1.3333E-01, 5.0000E-01, 0.0000E+00,
17:20:54.33362900, 1.6667E-01, 4.6667E-01, 0.0000E+00,
17:20:54.33362905, 1.6667E-01, 4.6667E-01,-1.0000E+00,
17:20:54.33362910, 1.6667E-01, 5.0000E-01, 3.3333E-01,
17:20:54.33362915, 2.0000E-01, 5.3333E-01,-6.6667E-01,
17:20:54.33362920, 2.0000E-01, 4.3333E-01,-6.6667E-01,
17:20:54.33362925, 1.6667E-01, 5.0000E-01,-3.3333E-01,
17:20:54.33362930, 2.0000E-01, 4.6667E-01,-6.6667E-01,
17:20:54.33362935, 1.6667E-01, 4.6667E-01,-6.6667E-01,
17:20:54.33362940, 1.0000E-01, 5.0000E-01,-6.6667E-01,
17:20:54.33362945, 1.6667E-01, 5.3333E-01,-6.6667E-01,
17:20:54.33362950, 1.6667E-01, 5.0000E-01,-3.3333E-01,
17:20:54.33362955, 1.0000E-01, 4.6667E-01,-6.6667E-01,
17:20:54.33362960, 1.0000E-01, 5.3333E-01,-3.3333E-01,
17:20:54.33362965, 1.3333E-01, 5.3333E-01,-3.3333E-01,
17:20:54.33362970, 1.0000E-01, 5.0000E-01, 0.0000E+00,
17:20:54.33362975, 2.0000E-01, 5.0000E-01,-1.0000E+00,
17:20:54.33362980, 1.6667E-01, 5.3333E-01,-3.3333E-01,
17:20:54.33362985, 1.0000E-01, 5.0000E-01,-6.6667E-01,
17:20:54.33362990, 1.0000E-01, 5.0000E-01, 3.3333E-01,
17:20:54.33362995, 1.0000E-01, 5.0000E-01, 3.3333E-01,
17:20:54.33363000, 2.0000E-01, 5.0000E-01,-6.6667E-01,
17:20:54.33363005, 2.0000E-01, 5.3333E-01,-6.6667E-01,
17:20:54.33363010, 1.0000E-01, 5.0000E-01,-6.6667E-01,
17:20:54.33363015, 1.6667E-01, 5.0000E-01,-3.3333E-01,
17:20:54.33363020, 1.6667E-01, 4.6667E-01,-1.0000E+00,
17:20:54.33363025, 1.0000E-01, 5.0000E-01,-6.6667E-01,
17:20:54.33363030, 1.6667E-01, 5.3333E-01,-3.3333E-01,
17:20:54.33363035, 1.6667E-01, 5.0000E-01,-1.0000E+00,
17:20:54.33363040, 1.3333E-01, 5.6667E-01,-1.0000E+00,
17:20:54.33363045, 6.6667E-02, 5.0000E-01, 3.3333E-01,
17:20:54.33363050, 1.6667E-01, 5.0000E-01,-6.6667E-01,
17:20:54.33363055, 1.6667E-01, 4.3333E-01,-3.3333E-01,
17:20:54.33363060, 1.0000E-01, 4.6667E-01,-6.6667E-01,
17:20:54.33363065, 1.3333E-01, 5.0000E-01, 0.0000E+00,
17:20:54.33363070, 1.3333E-01, 5.0000E-01, 0.0000E+00,
17:20:54.33363075, 1.3333E-01, 5.3333E-01,-6.6667E-01,
17:20:54.33363080, 1.3333E-01, 5.0000E-01,-3.3333E-01,
17:20:54.33363085, 1.0000E-01, 5.0000E-01, 3.3333E-01,
17:20:54.33363090, 6.6667E-02, 5.0000E-01,-3.3333E-01,
17:20:54.33363095, 6.6667E-02, 5.0000E-01, 0.0000E+00,
17:20:54.33363100, 1.3333E-01, 5.3333E-01,-3.3333E-01,
17:20:54.33363105, 1.6667E-01, 5.3333E-01,-3.3333E-01,
17:20:54.33363110, 2.0000E-01, 5.0000E-01, 0.0000E+00,
17:20:54.33363115, 6.6667E-02, 5.0000E-01,-6.6667E-01,
17:20:54.33363120, 2.0000E-01, 5.0000E-01,-1.0000E+00,
17:20:54.33363125, 2.0000E-01, 5.3333E-01,-3.3333E-01,
17:20:54.33363130, 1.6667E-01, 5.0000E-01,-3.3333E-01,
17:20:54.33363135, 1.0000E-01, 5.0000E-01, 0.0000E+00,
17:20:54.33363140, 1.3333E-01, 5.0000E-01,-3.3333E-01,
17:20:54.33363145, 1.3333E-01, 5.0000E-01,-1.0000E+00,
17:20:54.33363150, 1.0000E-01, 5.0000E-01,-3.3333E-01,
17:20:54.33363155, 1.3333E-01, 5.6667E-01,-3.3333E-01,
17:20:54.33363160, 1.0000E-01, 5.0000E-01,-6.6667E-01,
17:20:54.33363165, 1.3333E-01, 5.6667E-01,-1.0000E+00,
17:20:54.33363170, 1.3333E-01, 4.6667E-01,-3.3333E-01,
17:20:54.33363175, 1.0000E-01, 5.0000E-01,-6.6667E-01,
17:20:54.33363180, 1.6667E-01, 5.0000E-01,-1.0000E+00,
17:20:54.33363185, 1.0000E-01, 5.0000E-01, 0.0000E+00,
17:20:54.33363190, 1.3333E-01, 5.3333E-01, 0.0000E+00,
17:20:54.33363195, 1.3333E-01, 5.3333E-01,-3.3333E-01,
17:20:54.33363200, 1.3333E-01, 5.0000E-01,-6.6667E-01,
17:20:54.33363205, 1.3333E-01, 5.6667E-01,-6.6667E-01,
17:20:54.33363210, 2.0000E-01, 5.0000E-01,-1.0000E+00,
17:20:54.33363215, 2.0000E-01, 5.0000E-01,-6.6667E-01,
17:20:54.33363220, 1.3333E-01, 5.3333E-01,-3.3333E-01,
17:20:54.33363225, 0.0000E+00, 5.0000E-01,-3.3333E-01,
17:20:54.33363230, 6.6667E-02, 5.0000E-01,-3.3333E-01,
17:20:54.33363235, 1.6667E-01, 5.0000E-01, 0.0000E+00,
17:20:54.33363240, 1.6667E-01, 5.0000E-01,-6.6667E-01,
17:20:54.33363245, 1.6667E-01, 5.3333E-01,-3.3333E-01,
17:20:54.33363250, 1.3333E-01, 5.0000E-01,-6.6667E-01,
17:20:54.33363255, 1.3333E-01, 5.0000E-01,-3.3333E-01,
17:20:54.33363260, 2.0000E-01, 5.3333E-01,-3.3333E-01,
17:20:54.33363265, 1.3333E-01, 5.0000E-01,-6.6667E-01,
17:20:54.33363270, 2.0000E-01, 5.0000E-01, 3.3333E-01,
17:20:54.33363275, 1.6667E-01, 5.3333E-01, 0.0000E+00,
17:20:54.33363280, 1.3333E-01, 5.3333E-01, 3.3333E-01,
17:20:54.33363285, 1.0000E-01, 5.3333E-01,-3.3333E-01,
17:20:54.33363290, 1.0000E-01, 5.3333E-01, 0.0000E+00,
17:20:54.33363295, 1.0000E-01, 5.3333E-01, 0.0000E+00,
17:20:54.33363300, 1.3333E-01, 5.0000E-01, 0.0000E+00,
17:20:54.33363305, 1.3333E-01, 5.0000E-01,-3.3333E-01,
17:20:54.33363310, 3.3333E-02, 5.0000E-01,-6.6667E-01,
17:20:54.33363315, 2.0000E-01, 5.0000E-01, 0.0000E+00,
17:20:54.33363320, 1.6667E-01, 5.0000E-01,-6.6667E-01,
17:20:54.33363325, 1.6667E-01, 5.0000E-01, 0.0000E+00,
17:20:54.33363330, 1.3333E-01, 5.0000E-01,-3.3333E-01,
17:20:54.33363335, 1.3333E-01, 5.0000E-01,-6.6667E-01,
17:20:54.33363340, 2.0000E-01, 5.0000E-01,-6.6667E-01,
17:20:54.33363345, 1.3333E-01, 5.0000E-01,-3.3333E-01,
17:20:54.33363350, 2.0000E-01, 5.0000E-01,-3.3333E-01,
17:20:54.33363355, 1.6667E-01, 5.0000E-01,-3.3333E-01,
17:20:54.33363360, 1.6667E-01, 5.3333E-01,-6.6667E-01,
17:20:54.33363365, 1.3333E-01, 4.6667E-01,-3.3333E-01,
17:20:54.33363370, 6.6667E-02, 5.0000E-01, 0.0000E+00,
17:20:54.33363375, 6.6667E-02, 4.6667E-01, 0.0000E+00,
17:20:54.33363380, 2.0000E-01, 4.6667E-01,-3.3333E-01,
17:20:54.33363385, 1.6667E-01, 5.0000E-01, 0.0000E+00,
17:20:54.33363390, 1.6667E-01, 4.6667E-01, 0.0000E+00,
17:20:54.33363395, 1.6667E-01, 5.0000E-01,-3.3333E-01,
17:20:54.33363400, 2.0000E-01, 4.6667E-01, 6.6667E-01,
17:20:54.33363405, 3.3333E-02, 5.0000E-01, 0.0000E+00,
17:20:54.33363410, 1.6667E-01, 5.0000E-01,-3.3333E-01,
17:20:54.33363415, 1.3333E-01, 5.0000E-01,-3.3333E-01,
17:20:54.33363420, 1.6667E-01, 5.0000E-01,-6.6667E-01,
17:20:54.33363425, 6.6667E-02, 5.6667E-01,-6.6667E-01,
17:20:54.33363430, 1.0000E-01, 5.0000E-01,-1.0000E+00,
17:20:54.33363435, 1.0000E-01, 4.6667E-01,-3.3333E-01,
17:20:54.33363440, 1.6667E-01, 4.3333E-01,-3.3333E-01,
17:20:54.33363445, 6.6667E-02, 5.6667E-01,-6.6667E-01,
17:20:54.33363450, 1.0000E-01, 5.3333E-01,-3.3333E-01,
17:20:54.33363455, 1.3333E-01, 5.0000E-01, 0.0000E+00,
17:20:54.33363460, 2.0000E-01, 5.0000E-01,-1.0000E+00,
17:20:54.33363465, 1.6667E-01, 5.0000E-01,-3.3333E-01,
17:20:54.33363470, 1.0000E-01, 5.0000E-01, 0.0000E+00,
17:20:54.33363475, 2.0000E-01, 5.0000E-01, 0.0000E+00,
17:20:54.33363480, 1.6667E-01, 5.3333E-01, 0.0000E+00,
17:20:54.33363485, 1.0000E-01, 5.0000E-01,-3.3333E-01,
17:20:54.33363490, 1.0000E-01, 5.3333E-01, 0.0000E+00,
17:20:54.33363495, 1.0000E-01, 5.0000E-01, 3.3333E-01,
17:20:54.33363500, 1.3333E-01, 5.3333E-01,-3.3333E-01,
17:20:54.33363505, 1.0000E-01, 5.3333E-01, 0.0000E+00,
17:20:54.33363510, 6.6667E-02, 5.0000E-01,-6.6667E-01,
17:20:54.33363515, 1.0000E-01, 4.6667E-01,-1.0000E+00,
17:20:54.33363520, 1.3333E-01, 4.6667E-01, 3.3333E-01,
17:20:54.33363525, 1.3333E-01, 5.0000E-01,-3.3333E-01,
17:20:54.33363530, 6.6667E-02, 5.0000E-01, 0.0000E+00,
17:20:54.33363535, 2.0000E-01, 5.0000E-01, 0.0000E+00,
17:20:54.33363540, 6.6667E-02, 5.0000E-01,-6.6667E-01,
17:20:54.33363545, 1.6667E-01, 5.0000E-01,-3.3333E-01,
17:20:54.33363550, 1.3333E-01, 5.0000E-01,-3.3333E-01,
17:20:54.33363555, 1.6667E-01, 5.0000E-01,-1.0000E+00,
17:20:54.33363560, 1.3333E-01, 5.3333E-01,-6.6667E-01,
17:20:54.33363565, 1.3333E-01, 5.0000E-01,-3.3333E-01,
17:20:54.33363570, 1.0000E-01, 5.3333E-01, 0.0000E+00,
17:20:54.33363575, 1.0000E-01, 5.0000E-01, 0.0000E+00,
17:20:54.33363580, 1.3333E-01, 4.6667E-01,-3.3333E-01,
17:20:54.33363585, 1.6667E-01, 5.0000E-01, 6.6667E-01,
17:20:54.33363590, 1.0000E-01, 5.3333E-01,-3.3333E-01,
17:20:54.33363595, 1.6667E-01, 4.6667E-01,-6.6667E-01,
17:20:54.33363600, 1.0000E-01, 5.6667E-01,-1.0000E+00,
17:20:54.33363605, 6.6667E-02, 5.0000E-01,-3.3333E-01,
17:20:54.33363610, 1.0000E-01, 5.6667E-01,-6.6667E-01,
17:20:54.33363615, 1.0000E-01, 5.3333E-01,-3.3333E-01,
17:20:54.33363620, 1.0000E-01, 5.0000E-01,-3.3333E-01,
17:20:54.33363625, 1.6667E-01, 5.3333E-01, 0.0000E+00,
17:20:54.33363630, 2.0000E-01, 4.3333E-01, 6.6667E-01,
17:20:54.33363635, 1.3333E-01, 5.0000E-01,-3.3333E-01,
17:20:54.33363640, 6.6667E-02, 5.0000E-01,-1.0000E+00,
17:20:54.33363645, 1.0000E-01, 5.3333E-01, 0.0000E+00,
17:20:54.33363650, 1.0000E-01, 5.0000E-01,-6.6667E-01,
17:20:54.33363655, 2.0000E-01, 5.0000E-01,-6.6667E-01,
17:20:54.33363660, 1.3333E-01, 4.6667E-01,-6.6667E-01,
17:20:54.33363665, 1.0000E-01, 4.6667E-01,-1.3333E+00,
17:20:54.33363670, 1.3333E-01, 5.6667E-01,-6.6667E-01,
17:20:54.33363675, 1.0000E-01, 5.0000E-01,-3.3333E-01,
17:20:54.33363680, 1.0000E-01, 4.3333E-01, 0.0000E+00,
17:20:54.33363685, 6.6667E-02, 5.0000E-01, 3.3333E-01,
17:20:54.33363690, 1.0000E-01, 5.0000E-01, 0.0000E+00,
17:20:54.33363695, 2.0000E-01, 5.0000E-01, 0.0000E+00,
17:20:54.33363700, 6.6667E-02, 5.0000E-01,-3.3333E-01,
17:20:54.33363705, 3.3333E-02, 5.3333E-01, 0.0000E+00,
17:20:54.33363710, 3.3333E-02, 5.3333E-01, 3.3333E-01,
17:20:54.33363715, 1.3333E-01, 5.0000E-01, 0.0000E+00,
17:20:54.33363720, 1.3333E-01, 5.3333E-01,-6.6667E-01,
17:20:54.33363725, 1.3333E-01, 5.0000E-01, 0.0000E+00,
17:20:54.33363730, 1.0000E-01, 5.6667E-01, 3.3333E-01,
17:20:54.33363735, 1.3333E-01, 5.0000E-01,-3.3333E-01,
17:20:54.33363740, 1.0000E-01, 5.6667E-01,-3.3333E-01,
17:20:54.33363745, 2.0000E-01, 5.3333E-01, 3.3333E-01,
17:20:54.33363750, 1.3333E-01, 5.0000E-01, 0.0000E+00,
17:20:54.33363755, 6.6667E-02, 5.0000E-01,-6.6667E-01,
17:20:54.33363760, 1.0000E-01, 5.0000E-01,-3.3333E-01,
17:20:54.33363765, 1.0000E-01, 5.0000E-01,-3.3333E-01,
17:20:54.33363770, 1.6667E-01, 5.3333E-01,-6.6667E-01,
17:20:54.33363775, 1.3333E-01, 5.0000E-01,-6.6667E-01,
17:20:54.33363780, 1.6667E-01, 5.0000E-01,-6.6667E-01,
17:20:54.33363785, 1.0000E-01, 5.3333E-01, 0.0000E+00,
17:20:54.33363790, 2.0000E-01, 5.0000E-01,-3.3333E-01,
17:20:54.33363795, 1.0000E-01, 4.6667E-01,-6.6667E-01,
17:20:54.33363800, 1.6667E-01, 5.0000E-01,-6.6667E-01,
17:20:54.33363805, 1.3333E-01, 5.0000E-01,-3.3333E-01,
17:20:54.33363810, 3.3333E-02, 4.6667E-01,-1.0000E+00,
17:20:54.33363815, 1.0000E-01, 5.0000E-01,-1.0000E+00,
17:20:54.33363820, 1.6667E-01, 5.0000E-01,-3.3333E-01,
17:20:54.33363825, 1.6667E-01, 5.0000E-01,-3.3333E-01,
17:20:54.33363830, 1.6667E-01, 4.6667E-01,-3.3333E-01,
17:20:54.33363835, 1.6667E-01, 5.0000E-01,-3.3333E-01,
17:20:54.33363840, 6.6667E-02, 4.6667E-01, 0.0000E+00,
17:20:54.33363845, 6.6667E-02, 4.3333E-01,-3.3333E-01,
17:20:54.33363850, 1.0000E-01, 5.3333E-01,-1.0000E+00,
17:20:54.33363855, 1.3333E-01, 4.6667E-01, 0.0000E+00,
17:20:54.33363860, 0.0000E+00, 4.6667E-01,-6.6667E-01,
17:20:54.33363865, 6.6667E-02, 5.0000E-01,-3.3333E-01,
17:20:54.33363870, 6.6667E-02, 5.0000E-01, 0.0000E+00,
17:20:54.33363875, 6.6667E-02, 5.0000E-01, 0.0000E+00,
17:20:54.33363880, 1.6667E-01, 5.0000E-01, 0.0000E+00,
17:20:54.33363885, 6.6667E-02, 5.0000E-01,-3.3333E-01,
17:20:54.33363890, 1.0000E-01, 5.0000E-01,-3.3333E-01,
17:20:54.33363895, 6.6667E-02, 5.0000E-01, 0.0000E+00,
17:20:54.33363900, 6.6667E-02, 5.0000E-01, 3.3333E-01,
17:20:54.33363905, 1.6667E-01, 5.0000E-01,-6.6667E-01,
17:20:54.33363910, 1.6667E-01, 5.3333E-01, 3.3333E-01,
17:20:54.33363915, 1.6667E-01, 5.0000E-01, 0.0000E+00,
17:20:54.33363920, 1.3333E-01, 4.6667E-01,-3.3333E-01,
17:20:54.33363925, 1.0000E-01, 5.0000E-01, 3.3333E-01,
17:20:54.33363930, 6.6667E-02, 5.3333E-01,-6.6667E-01,
17:20:54.33363935, 1.6667E-01, 5.3333E-01, 3.3333E-01,
17:20:54.33363940, 1.3333E-01, 5.3333E-01,-3.3333E-01,
17:20:54.33363945, 6.6667E-02, 5.0000E-01,-1.0000E+00,
17:20:54.33363950, 3.3333E-02, 5.0000E-01, 0.0000E+00,
17:20:54.33363955, 2.0000E-01, 4.6667E-01, 0.0000E+00,
17:20:54.33363960, 1.0000E-01, 5.0000E-01,-3.3333E-01,
17:20:54.33363965, 6.6667E-02, 5.0000E-01, 0.0000E+00,
17:20:54.33363970, 1.3333E-01, 5.0000E-01, 0.0000E+00,
17:20:54.33363975, 1.6667E-01, 5.0000E-01, 3.3333E-01,
17:20:54.33363980, 1.0000E-01, 4.6667E-01,-6.6667E-01,
17:20:54.33363985, 6.6667E-02, 5.6667E-01,-3.3333E-01,
17:20:54.33363990, 1.0000E-01, 5.0000E-01,-1.0000E+00,
17:20:54.33363995, 6.6667E-02, 5.0000E-01, 0.0000E+00,
17:20:54.33364000, 3.3333E-02, 5.6667E-01,-3.3333E-01,
17:20:54.33364005, 6.6667E-02, 5.0000E-01,-3.3333E-01,
17:20:54.33364010, 1.3333E-01, 5.0000E-01,-3.3333E-01,
17:20:54.33364015, 1.3333E-01, 4.3333E-01,-3.3333E-01,
17:20:54.33364020, 1.6667E-01, 4.6667E-01, 0.0000E+00,
17:20:54.33364025, 1.0000E-01, 4.6667E-01,-6.6667E-01,
17:20:54.33364030, 1.0000E-01, 5.0000E-01,-3.3333E-01,
17:20:54.33364035, 1.3333E-01, 5.0000E-01,-3.3333E-01,
17:20:54.33364040, 1.3333E-01, 5.0000E-01,-3.3333E-01,
17:20:54.33364045, 1.0000E-01, 4.3333E-01,-1.0000E+00,
17:20:54.33364050, 6.6667E-02, 5.0000E-01,-3.3333E-01,
17:20:54.33364055, 1.6667E-01, 4.3333E-01, 0.0000E+00,
17:20:54.33364060, 1.3333E-01, 5.0000E-01,-6.6667E-01,
17:20:54.33364065, 6.6667E-02, 5.0000E-01,-3.3333E-01,
17:20:54.33364070, 1.3333E-01, 5.0000E-01, 0.0000E+00,
17:20:54.33364075, 1.3333E-01, 5.0000E-01,-6.6667E-01,
17:20:54.33364080, 1.3333E-01, 4.6667E-01,-3.3333E-01,
17:20:54.33364085, 6.6667E-02, 5.3333E-01,-6.6667E-01,
17:20:54.33364090, 1.6667E-01, 5.0000E-01,-6.6667E-01,
17:20:54.33364095, 1.0000E-01, 5.0000E-01,-6.6667E-01,
17:20:54.33364100, 1.3333E-01, 5.3333E-01,-3.3333E-01,
17:20:54.33364105, 1.0000E-01, 5.0000E-01,-6.6667E-01,
17:20:54.33364110, 1.0000E-01, 5.0000E-01,-6.6667E-01,
17:20:54.33364115, 1.3333E-01, 5.3333E-01, 0.0000E+00,
17:20:54.33364120, 6.6667E-02, 4.6667E-01,-1.0000E+00,
17:20:54.33364125, 6.6667E-02, 5.0000E-01,-6.6667E-01,
17:20:54.33364130, 1.3333E-01, 5.0000E-01, 3.3333E-01,
17:20:54.33364135, 1.3333E-01, 5.0000E-01,-6.6667E-01,
17:20:54.33364140, 1.0000E-01, 5.0000E-01,-3.3333E-01,
17:20:54.33364145, 1.0000E-01, 4.6667E-01,-1.0000E+00,
17:20:54.33364150, 1.3333E-01, 4.6667E-01,-3.3333E-01,
17:20:54.33364155, 6.6667E-02, 4.6667E-01,-3.3333E-01,
17:20:54.33364160, 1.0000E-01, 4.6667E-01,-6.6667E-01,
17:20:54.33364165, 1.3333E-01, 5.3333E-01,-3.3333E-01,
17:20:54.33364170, 1.3333E-01, 5.3333E-01,-3.3333E-01,
17:20:54.33364175, 1.0000E-01, 5.0000E-01,-3.3333E-01,
17:20:54.33364180, 1.3333E-01, 5.0000E-01,-3.3333E-01,
17:20:54.33364185, 1.0000E-01, 5.0000E-01, 3.3333E-01,
17:20:54.33364190, 1.0000E-01, 5.0000E-01,-3.3333E-01,
17:20:54.33364195, 6.6667E-02, 5.0000E-01,-3.3333E-01,
17:20:54.33364200, 3.3333E-02, 5.0000E-01,-6.6667E-01,
17:20:54.33364205, 1.6667E-01, 5.0000E-01, 0.0000E+00,
17:20:54.33364210, 1.0000E-01, 4.3333E-01,-6.6667E-01,
17:20:54.33364215, 2.0000E-01, 5.0000E-01,-6.6667E-01,
17:20:54.33364220, 1.0000E-01, 4.6667E-01,-3.3333E-01,
17:20:54.33364225, 1.6667E-01, 5.0000E-01,-6.6667E-01,
17:20:54.33364230, 1.6667E-01, 5.0000E-01,-1.0000E+00,
17:20:54.33364235, 1.6667E-01, 5.0000E-01,-3.3333E-01,
17:20:54.33364240, 1.0000E-01, 5.3333E-01,-3.3333E-01,
17:20:54.33364245, 1.0000E-01, 4.6667E-01, 0.0000E+00,
17:20:54.33364250, 1.6667E-01, 5.0000E-01,-6.6667E-01,
17:20:54.33364255, 6.6667E-02, 5.6667E-01, 0.0000E+00,
17:20:54.33364260, 1.0000E-01, 4.3333E-01,-3.3333E-01,
17:20:54.33364265, 2.0000E-01, 5.0000E-01,-6.6667E-01,
17:20:54.33364270, 1.0000E-01, 5.0000E-01, 3.3333E-01,
17:20:54.33364275, 1.0000E-01, 5.0000E-01,-1.0000E+00,
17:20:54.33364280, 1.3333E-01, 5.0000E-01,-6.6667E-01,
17:20:54.33364285, 6.6667E-02, 5.0000E-01,-6.6667E-01,
17:20:54.33364290, 1.0000E-01, 4.6667E-01, 0.0000E+00,
17:20:54.33364295, 1.0000E-01, 5.0000E-01, 0.0000E+00,
17:20:54.33364300, 6.6667E-02, 5.0000E-01, 6.6667E-01,
17:20:54.33364305, 6.6667E-02, 5.0000E-01,-6.6667E-01,
17:20:54.33364310, 6.6667E-02, 5.6667E-01,-6.6667E-01,
17:20:54.33364315, 6.6667E-02, 5.3333E-01,-3.3333E-01,
17:20:54.33364320, 6.6667E-02, 5.3333E-01, 0.0000E+00,
17:20:54.33364325, 1.3333E-01, 5.3333E-01,-6.6667E-01,
17:20:54.33364330, 6.6667E-02, 5.0000E-01,-6.6667E-01,
17:20:54.33364335, 6.6667E-02, 5.0000E-01,-3.3333E-01,
17:20:54.33364340, 1.0000E-01, 4.6667E-01,-6.6667E-01,
17:20:54.33364345, 1.0000E-01, 5.0000E-01, 0.0000E+00,
17:20:54.33364350, 6.6667E-02, 5.0000E-01, 0.0000E+00,
17:20:54.33364355, 6.6667E-02, 5.0000E-01,-3.3333E-01,
17:20:54.33364360, 1.0000E-01, 5.0000E-01, 3.3333E-01,
17:20:54.33364365, 1.3333E-01, 5.0000E-01,-6.6667E-01,
17:20:54.33364370, 6.6667E-02, 5.6667E-01, 0.0000E+00,
17:20:54.33364375, 6.6667E-02, 5.0000E-01, 0.0000E+00,
17:20:54.33364380, 0.0000E+00, 5.0000E-01,-3.3333E-01,
17:20:54.33364385, 6.6667E-02, 5.3333E-01, 0.0000E+00,
17:20:54.33364390, 1.6667E-01, 5.0000E-01,-6.6667E-01,
17:20:54.33364395, 1.3333E-01, 5.0000E-01,-6.6667E-01,
17:20:54.33364400, 1.0000E-01, 5.0000E-01,-3.3333E-01,
17:20:54.33364405, 1.6667E-01, 5.3333E-01,-3.3333E-01,
17:20:54.33364410, 3.3333E-02, 5.0000E-01,-1.6667E+00,
17:20:54.33364415, 1.3333E-01, 5.0000E-01, 3.3333E-01,
17:20:54.33364420, 3.3333E-02, 5.3333E-01, 0.0000E+00,
17:20:54.33364425, 1.0000E-01, 5.0000E-01,-3.3333E-01,
17:20:54.33364430, 6.6667E-02, 4.6667E-01, 0.0000E+00,
17:20:54.33364435, 6.6667E-02, 5.0000E-01,-3.3333E-01,
17:20:54.33364440, 1.3333E-01, 5.0000E-01,-1.0000E+00,
17:20:54.33364445, 0.0000E+00, 5.0000E-01, 3.3333E-01,
17:20:54.33364450, 6.6667E-02, 5.3333E-01,-3.3333E-01,
