"Header Size"           ,15              
"Model Name"            ,"DL850EV       "
"Comment"               ,"                         "
"BlockNumber"           ,1               
"TraceName"             ,"Vgate         ","Vds           ","Id            "
"BlockSize"             ,4004            ,4004            ,4004            
"VUnit"                 ,"V             ","V             ","A             "
"SampleRate"            ,20000000.000000 ,20000000.000000 ,20000000.000000 
"HResolution"           ,5.000000e-08    ,5.000000e-08    ,5.000000e-08    
"HOffset"               ,-4.000000e-05   ,-4.000000e-05   ,-4.000000e-05   
"HUnit"                 ,"s             ","s             ","s             "
"DisplayPointNo."       ,1               ,1               ,1               
"PhaseShift"            ,1               ,1               ,1               
"Date"                  ,"2026/04/15    ","2026/04/15    ","2026/04/15    "
"Time"                  ,"14:33:30.88431557","14:33:30.88431557","14:33:30.88431557"

14:33:30.88427557, 3.3333E-02, 6.7200E+00,-3.3333E-01,
14:33:30.88427562, 0.0000E+00, 6.7600E+00, 3.3333E-01,
14:33:30.88427567,-3.3333E-02, 6.7600E+00, 6.6667E-01,
14:33:30.88427572,-3.3333E-02, 6.7600E+00, 6.6667E-01,
14:33:30.88427577, 0.0000E+00, 6.7467E+00, 0.0000E+00,
14:33:30.88427582, 0.0000E+00, 6.7467E+00, 0.0000E+00,
14:33:30.88427587, 0.0000E+00, 6.7600E+00, 3.3333E-01,
14:33:30.88427592,-3.3333E-02, 6.7467E+00, 0.0000E+00,
14:33:30.88427597, 0.0000E+00, 6.7333E+00, 3.3333E-01,
14:33:30.88427602, 0.0000E+00, 6.7333E+00,-6.6667E-01,
14:33:30.88427607, 0.0000E+00, 6.7600E+00, 0.0000E+00,
14:33:30.88427612, 0.0000E+00, 6.7733E+00, 6.6667E-01,
14:33:30.88427617, 3.3333E-02, 6.7200E+00, 6.6667E-01,
14:33:30.88427622, 0.0000E+00, 6.7600E+00, 6.6667E-01,
14:33:30.88427627, 0.0000E+00, 6.7467E+00, 3.3333E-01,
14:33:30.88427632, 3.3333E-02, 6.7333E+00, 0.0000E+00,
14:33:30.88427637, 0.0000E+00, 6.7600E+00,-3.3333E-01,
14:33:30.88427642, 0.0000E+00, 6.7467E+00, 6.6667E-01,
14:33:30.88427647, 3.3333E-02, 6.7600E+00, 6.6667E-01,
14:33:30.88427652, 3.3333E-02, 6.7467E+00, 0.0000E+00,
14:33:30.88427657, 3.3333E-02, 6.7467E+00, 0.0000E+00,
14:33:30.88427662, 3.3333E-02, 6.7333E+00, 6.6667E-01,
14:33:30.88427667, 3.3333E-02, 6.7467E+00, 0.0000E+00,
14:33:30.88427672, 0.0000E+00, 6.7467E+00,-3.3333E-01,
14:33:30.88427677, 0.0000E+00, 6.7067E+00, 0.0000E+00,
14:33:30.88427682, 0.0000E+00, 6.7600E+00,-6.6667E-01,
14:33:30.88427687, 0.0000E+00, 6.7600E+00, 0.0000E+00,
14:33:30.88427692, 3.3333E-02, 6.7333E+00, 3.3333E-01,
14:33:30.88427697, 3.3333E-02, 6.7333E+00,-3.3333E-01,
14:33:30.88427702, 6.6667E-02, 6.7600E+00,-3.3333E-01,
14:33:30.88427707, 3.3333E-02, 6.7600E+00, 6.6667E-01,
14:33:30.88427712, 3.3333E-02, 6.7600E+00, 3.3333E-01,
14:33:30.88427717, 3.3333E-02, 6.7600E+00, 3.3333E-01,
14:33:30.88427722, 0.0000E+00, 6.7600E+00, 6.6667E-01,
14:33:30.88427727, 6.6667E-02, 6.7600E+00, 0.0000E+00,
14:33:30.88427732,-3.3333E-02, 6.7333E+00, 6.6667E-01,
14:33:30.88427737, 3.3333E-02, 6.7600E+00, 3.3333E-01,
14:33:30.88427742, 0.0000E+00, 6.7600E+00, 6.6667E-01,
14:33:30.88427747, 6.6667E-02, 6.7333E+00, 1.3333E+00,
14:33:30.88427752, 0.0000E+00, 6.7333E+00, 3.3333E-01,
14:33:30.88427757, 3.3333E-02, 6.7600E+00, 6.6667E-01,
14:33:30.88427762,-3.3333E-02, 6.7600E+00, 3.3333E-01,
14:33:30.88427767,-3.3333E-02, 6.7600E+00, 3.3333E-01,
14:33:30.88427772, 0.0000E+00, 6.7600E+00, 3.3333E-01,
14:33:30.88427777, 0.0000E+00, 6.7200E+00,-3.3333E-01,
14:33:30.88427782, 0.0000E+00, 6.7600E+00, 0.0000E+00,
14:33:30.88427787,-3.3333E-02, 6.7467E+00, 0.0000E+00,
14:33:30.88427792, 3.3333E-02, 6.7600E+00, 6.6667E-01,
14:33:30.88427797, 0.0000E+00, 6.7600E+00, 1.0000E+00,
14:33:30.88427802,-6.6667E-02, 6.7200E+00, 3.3333E-01,
14:33:30.88427807, 0.0000E+00, 6.7467E+00, 3.3333E-01,
14:33:30.88427812,-3.3333E-02, 6.7600E+00, 3.3333E-01,
14:33:30.88427817, 0.0000E+00, 6.7467E+00, 0.0000E+00,
14:33:30.88427822, 3.3333E-02, 6.7600E+00, 3.3333E-01,
14:33:30.88427827,-3.3333E-02, 6.7600E+00, 1.0000E+00,
14:33:30.88427832, 0.0000E+00, 6.7467E+00, 3.3333E-01,
14:33:30.88427837,-3.3333E-02, 6.7467E+00, 0.0000E+00,
14:33:30.88427842, 0.0000E+00, 6.7467E+00,-3.3333E-01,
14:33:30.88427847,-3.3333E-02, 6.7333E+00,-3.3333E-01,
14:33:30.88427852,-3.3333E-02, 6.7333E+00,-3.3333E-01,
14:33:30.88427857, 0.0000E+00, 6.7333E+00, 6.6667E-01,
14:33:30.88427862,-3.3333E-02, 6.7333E+00, 3.3333E-01,
14:33:30.88427867,-6.6667E-02, 6.7467E+00,-3.3333E-01,
14:33:30.88427872, 6.6667E-02, 6.7467E+00,-6.6667E-01,
14:33:30.88427877, 0.0000E+00, 6.7200E+00, 3.3333E-01,
14:33:30.88427882, 0.0000E+00, 6.7333E+00, 6.6667E-01,
14:33:30.88427887, 3.3333E-02, 6.7333E+00, 6.6667E-01,
14:33:30.88427892, 3.3333E-02, 6.7200E+00, 0.0000E+00,
14:33:30.88427897, 3.3333E-02, 6.7600E+00, 6.6667E-01,
14:33:30.88427902, 3.3333E-02, 6.7333E+00, 6.6667E-01,
14:33:30.88427907, 6.6667E-02, 6.7467E+00, 3.3333E-01,
14:33:30.88427912,-3.3333E-02, 6.7467E+00, 3.3333E-01,
14:33:30.88427917, 3.3333E-02, 6.7600E+00, 0.0000E+00,
14:33:30.88427922, 0.0000E+00, 6.7467E+00, 0.0000E+00,
14:33:30.88427927, 3.3333E-02, 6.7600E+00, 0.0000E+00,
14:33:30.88427932,-3.3333E-02, 6.7600E+00,-3.3333E-01,
14:33:30.88427937, 0.0000E+00, 6.7467E+00, 3.3333E-01,
14:33:30.88427942, 6.6667E-02, 6.7467E+00, 0.0000E+00,
14:33:30.88427947, 3.3333E-02, 6.7467E+00,-3.3333E-01,
14:33:30.88427952, 0.0000E+00, 6.7600E+00, 6.6667E-01,
14:33:30.88427957,-3.3333E-02, 6.7733E+00, 6.6667E-01,
14:33:30.88427962, 0.0000E+00, 6.7600E+00, 6.6667E-01,
14:33:30.88427967, 0.0000E+00, 6.7600E+00, 0.0000E+00,
14:33:30.88427972, 6.6667E-02, 6.7467E+00, 3.3333E-01,
14:33:30.88427977, 0.0000E+00, 6.7333E+00, 6.6667E-01,
14:33:30.88427982, 3.3333E-02, 6.7600E+00, 3.3333E-01,
14:33:30.88427987, 3.3333E-02, 6.7467E+00, 3.3333E-01,
14:33:30.88427992, 3.3333E-02, 6.7333E+00, 6.6667E-01,
14:33:30.88427997, 3.3333E-02, 6.7600E+00, 3.3333E-01,
14:33:30.88428002, 0.0000E+00, 6.7600E+00, 1.0000E+00,
14:33:30.88428007, 3.3333E-02, 6.7600E+00, 0.0000E+00,
14:33:30.88428012,-3.3333E-02, 6.7467E+00, 3.3333E-01,
14:33:30.88428017, 1.0000E-01, 6.7467E+00, 3.3333E-01,
14:33:30.88428022, 3.3333E-02, 6.7600E+00, 6.6667E-01,
14:33:30.88428027, 3.3333E-02, 6.7600E+00, 3.3333E-01,
14:33:30.88428032, 0.0000E+00, 6.7333E+00, 0.0000E+00,
14:33:30.88428037, 0.0000E+00, 6.7333E+00, 3.3333E-01,
14:33:30.88428042,-3.3333E-02, 6.7333E+00, 0.0000E+00,
14:33:30.88428047, 3.3333E-02, 6.7467E+00, 6.6667E-01,
14:33:30.88428052, 0.0000E+00, 6.7200E+00, 6.6667E-01,
14:33:30.88428057,-6.6667E-02, 6.7600E+00, 6.6667E-01,
14:33:30.88428062, 6.6667E-02, 6.7600E+00, 3.3333E-01,
14:33:30.88428067, 3.3333E-02, 6.7200E+00, 3.3333E-01,
14:33:30.88428072, 3.3333E-02, 6.7333E+00, 3.3333E-01,
14:33:30.88428077, 3.3333E-02, 6.7600E+00, 3.3333E-01,
14:33:30.88428082, 0.0000E+00, 6.7333E+00, 1.0000E+00,
14:33:30.88428087, 0.0000E+00, 6.7200E+00, 6.6667E-01,
14:33:30.88428092, 1.0000E-01, 6.7600E+00, 3.3333E-01,
14:33:30.88428097, 0.0000E+00, 6.7600E+00, 3.3333E-01,
14:33:30.88428102, 6.6667E-02, 6.7467E+00,-6.6667E-01,
14:33:30.88428107,-3.3333E-02, 6.7600E+00, 3.3333E-01,
14:33:30.88428112, 6.6667E-02, 6.7600E+00, 0.0000E+00,
14:33:30.88428117,-3.3333E-02, 6.7733E+00, 6.6667E-01,
14:33:30.88428122, 0.0000E+00, 6.7333E+00, 3.3333E-01,
14:33:30.88428127, 0.0000E+00, 6.7333E+00, 0.0000E+00,
14:33:30.88428132,-3.3333E-02, 6.7200E+00, 1.0000E+00,
14:33:30.88428137, 6.6667E-02, 6.7467E+00, 3.3333E-01,
14:33:30.88428142, 3.3333E-02, 6.7467E+00,-3.3333E-01,
14:33:30.88428147, 3.3333E-02, 6.7467E+00, 3.3333E-01,
14:33:30.88428152,-3.3333E-02, 6.7467E+00, 0.0000E+00,
14:33:30.88428157, 3.3333E-02, 6.7467E+00, 1.0000E+00,
14:33:30.88428162, 0.0000E+00, 6.7467E+00,-3.3333E-01,
14:33:30.88428167, 0.0000E+00, 6.7467E+00, 3.3333E-01,
14:33:30.88428172, 0.0000E+00, 6.7733E+00,-3.3333E-01,
14:33:30.88428177, 3.3333E-02, 6.7600E+00, 3.3333E-01,
14:33:30.88428182, 1.0000E-01, 6.7600E+00, 0.0000E+00,
14:33:30.88428187, 0.0000E+00, 6.7600E+00,-3.3333E-01,
14:33:30.88428192,-3.3333E-02, 6.7600E+00,-3.3333E-01,
14:33:30.88428197, 3.3333E-02, 6.7600E+00, 3.3333E-01,
14:33:30.88428202, 0.0000E+00, 6.7600E+00,-3.3333E-01,
14:33:30.88428207,-3.3333E-02, 6.7600E+00,-3.3333E-01,
14:33:30.88428212,-3.3333E-02, 6.7333E+00, 1.0000E+00,
14:33:30.88428217, 0.0000E+00, 6.7467E+00,-3.3333E-01,
14:33:30.88428222, 6.6667E-02, 6.7600E+00, 3.3333E-01,
14:33:30.88428227, 6.6667E-02, 6.7467E+00, 6.6667E-01,
14:33:30.88428232, 0.0000E+00, 6.7467E+00, 3.3333E-01,
14:33:30.88428237, 0.0000E+00, 6.7467E+00, 3.3333E-01,
14:33:30.88428242, 3.3333E-02, 6.7333E+00,-3.3333E-01,
14:33:30.88428247, 3.3333E-02, 6.7467E+00, 0.0000E+00,
14:33:30.88428252,-3.3333E-02, 6.7867E+00, 1.0000E+00,
14:33:30.88428257, 3.3333E-02, 6.7467E+00, 3.3333E-01,
14:33:30.88428262, 3.3333E-02, 6.7333E+00, 6.6667E-01,
14:33:30.88428267, 1.0000E-01, 6.7333E+00, 0.0000E+00,
14:33:30.88428272, 6.6667E-02, 6.7600E+00,-3.3333E-01,
14:33:30.88428277, 3.3333E-02, 6.7333E+00, 6.6667E-01,
14:33:30.88428282, 0.0000E+00, 6.7600E+00, 0.0000E+00,
14:33:30.88428287, 3.3333E-02, 6.7333E+00, 0.0000E+00,
14:33:30.88428292, 6.6667E-02, 6.7467E+00, 1.0000E+00,
14:33:30.88428297,-3.3333E-02, 6.7733E+00, 0.0000E+00,
14:33:30.88428302, 1.0000E-01, 6.7467E+00, 6.6667E-01,
14:33:30.88428307, 3.3333E-02, 6.7200E+00, 6.6667E-01,
14:33:30.88428312, 0.0000E+00, 6.7200E+00, 6.6667E-01,
14:33:30.88428317, 0.0000E+00, 6.7467E+00, 6.6667E-01,
14:33:30.88428322, 3.3333E-02, 6.7600E+00,-3.3333E-01,
14:33:30.88428327, 3.3333E-02, 6.7467E+00, 6.6667E-01,
14:33:30.88428332, 3.3333E-02, 6.7600E+00, 0.0000E+00,
14:33:30.88428337, 0.0000E+00, 6.7333E+00, 0.0000E+00,
14:33:30.88428342, 0.0000E+00, 6.7600E+00, 0.0000E+00,
14:33:30.88428347, 6.6667E-02, 6.7600E+00,-3.3333E-01,
14:33:30.88428352, 3.3333E-02, 6.7600E+00,-3.3333E-01,
14:33:30.88428357, 3.3333E-02, 6.7467E+00, 1.0000E+00,
14:33:30.88428362, 1.0000E-01, 6.7467E+00, 3.3333E-01,
14:33:30.88428367, 3.3333E-02, 6.7333E+00,-6.6667E-01,
14:33:30.88428372, 1.0000E-01, 6.7600E+00, 3.3333E-01,
14:33:30.88428377,-3.3333E-02, 6.7467E+00, 0.0000E+00,
14:33:30.88428382,-3.3333E-02, 6.7600E+00, 3.3333E-01,
14:33:30.88428387, 3.3333E-02, 6.7600E+00,-3.3333E-01,
14:33:30.88428392,-6.6667E-02, 6.7600E+00, 0.0000E+00,
14:33:30.88428397,-3.3333E-02, 6.7467E+00, 6.6667E-01,
14:33:30.88428402, 3.3333E-02, 6.7333E+00, 1.0000E+00,
14:33:30.88428407, 0.0000E+00, 6.7467E+00,-3.3333E-01,
14:33:30.88428412, 3.3333E-02, 6.7600E+00,-3.3333E-01,
14:33:30.88428417, 0.0000E+00, 6.7333E+00, 3.3333E-01,
14:33:30.88428422, 3.3333E-02, 6.7467E+00,-6.6667E-01,
14:33:30.88428427, 1.0000E-01, 6.7600E+00,-3.3333E-01,
14:33:30.88428432, 0.0000E+00, 6.7733E+00, 0.0000E+00,
14:33:30.88428437,-3.3333E-02, 6.7467E+00, 0.0000E+00,
14:33:30.88428442, 0.0000E+00, 6.7600E+00, 3.3333E-01,
14:33:30.88428447, 6.6667E-02, 6.7467E+00, 6.6667E-01,
14:33:30.88428452, 0.0000E+00, 6.7067E+00,-3.3333E-01,
14:33:30.88428457, 0.0000E+00, 6.7600E+00, 3.3333E-01,
14:33:30.88428462,-6.6667E-02, 6.7067E+00, 0.0000E+00,
14:33:30.88428467, 6.6667E-02, 6.7333E+00, 3.3333E-01,
14:33:30.88428472, 3.3333E-02, 6.7200E+00, 6.6667E-01,
14:33:30.88428477, 1.0000E-01, 6.7467E+00, 6.6667E-01,
14:33:30.88428482, 3.3333E-02, 6.7600E+00, 3.3333E-01,
14:33:30.88428487,-3.3333E-02, 6.7467E+00, 6.6667E-01,
14:33:30.88428492, 0.0000E+00, 6.7467E+00,-3.3333E-01,
14:33:30.88428497,-6.6667E-02, 6.7600E+00, 0.0000E+00,
14:33:30.88428502,-3.3333E-02, 6.7600E+00, 0.0000E+00,
14:33:30.88428507, 1.0000E-01, 6.7600E+00,-6.6667E-01,
14:33:30.88428512, 6.6667E-02, 6.7600E+00, 3.3333E-01,
14:33:30.88428517, 0.0000E+00, 6.7600E+00,-3.3333E-01,
14:33:30.88428522, 3.3333E-02, 6.7467E+00, 3.3333E-01,
14:33:30.88428527, 3.3333E-02, 6.7467E+00, 3.3333E-01,
14:33:30.88428532, 6.6667E-02, 6.7200E+00, 0.0000E+00,
14:33:30.88428537, 0.0000E+00, 6.7333E+00, 3.3333E-01,
14:33:30.88428542, 3.3333E-02, 6.7333E+00, 3.3333E-01,
14:33:30.88428547, 6.6667E-02, 6.7467E+00,-3.3333E-01,
14:33:30.88428552, 6.6667E-02, 6.7333E+00, 0.0000E+00,
14:33:30.88428557, 0.0000E+00, 6.7600E+00, 6.6667E-01,
14:33:30.88428562, 3.3333E-02, 6.7467E+00, 0.0000E+00,
14:33:30.88428567, 3.3333E-02, 6.7600E+00,-3.3333E-01,
14:33:30.88428572, 3.3333E-02, 6.7467E+00, 6.6667E-01,
14:33:30.88428577, 0.0000E+00, 6.7733E+00, 3.3333E-01,
14:33:30.88428582, 3.3333E-02, 6.7467E+00,-3.3333E-01,
14:33:30.88428587, 3.3333E-02, 6.7200E+00, 6.6667E-01,
14:33:30.88428592,-3.3333E-02, 6.7600E+00, 0.0000E+00,
14:33:30.88428597, 0.0000E+00, 6.7467E+00, 1.0000E+00,
14:33:30.88428602, 3.3333E-02, 6.7600E+00, 0.0000E+00,
14:33:30.88428607, 3.3333E-02, 6.7733E+00, 0.0000E+00,
14:33:30.88428612, 6.6667E-02, 6.7333E+00, 6.6667E-01,
14:33:30.88428617, 6.6667E-02, 6.7600E+00, 3.3333E-01,
14:33:30.88428622, 0.0000E+00, 6.7467E+00, 6.6667E-01,
14:33:30.88428627, 3.3333E-02, 6.7467E+00, 0.0000E+00,
14:33:30.88428632,-6.6667E-02, 6.7467E+00, 1.3333E+00,
14:33:30.88428637, 0.0000E+00, 6.7467E+00, 0.0000E+00,
14:33:30.88428642, 0.0000E+00, 6.7467E+00,-3.3333E-01,
14:33:30.88428647, 0.0000E+00, 6.7600E+00, 0.0000E+00,
14:33:30.88428652, 0.0000E+00, 6.7600E+00, 6.6667E-01,
14:33:30.88428657, 3.3333E-02, 6.7600E+00, 3.3333E-01,
14:33:30.88428662, 0.0000E+00, 6.7467E+00, 6.6667E-01,
14:33:30.88428667, 6.6667E-02, 6.7333E+00, 3.3333E-01,
14:33:30.88428672, 6.6667E-02, 6.7733E+00, 3.3333E-01,
14:33:30.88428677,-3.3333E-02, 6.7200E+00, 3.3333E-01,
14:33:30.88428682, 1.0000E-01, 6.7733E+00, 0.0000E+00,
14:33:30.88428687,-3.3333E-02, 6.7600E+00, 6.6667E-01,
14:33:30.88428692, 0.0000E+00, 6.7333E+00, 3.3333E-01,
14:33:30.88428697, 6.6667E-02, 6.7467E+00, 6.6667E-01,
14:33:30.88428702, 1.0000E-01, 6.7600E+00, 3.3333E-01,
14:33:30.88428707, 3.3333E-02, 6.7467E+00, 0.0000E+00,
14:33:30.88428712, 3.3333E-02, 6.7600E+00, 3.3333E-01,
14:33:30.88428717, 0.0000E+00, 6.7333E+00, 3.3333E-01,
14:33:30.88428722,-3.3333E-02, 6.7467E+00, 1.0000E+00,
14:33:30.88428727, 0.0000E+00, 6.7467E+00, 6.6667E-01,
14:33:30.88428732,-3.3333E-02, 6.7333E+00, 6.6667E-01,
14:33:30.88428737, 3.3333E-02, 6.7333E+00, 0.0000E+00,
14:33:30.88428742,-6.6667E-02, 6.7600E+00,-3.3333E-01,
14:33:30.88428747, 1.0000E-01, 6.7467E+00, 0.0000E+00,
14:33:30.88428752,-3.3333E-02, 6.7467E+00,-6.6667E-01,
14:33:30.88428757, 0.0000E+00, 6.7600E+00, 0.0000E+00,
14:33:30.88428762, 6.6667E-02, 6.7600E+00,-3.3333E-01,
14:33:30.88428767, 6.6667E-02, 6.7467E+00, 0.0000E+00,
14:33:30.88428772,-3.3333E-02, 6.7200E+00, 0.0000E+00,
14:33:30.88428777, 3.3333E-02, 6.7600E+00, 0.0000E+00,
14:33:30.88428782, 1.0000E-01, 6.7600E+00, 3.3333E-01,
14:33:30.88428787, 0.0000E+00, 6.7333E+00, 6.6667E-01,
14:33:30.88428792,-3.3333E-02, 6.7467E+00,-3.3333E-01,
14:33:30.88428797, 0.0000E+00, 6.7467E+00, 6.6667E-01,
14:33:30.88428802, 6.6667E-02, 6.7600E+00, 3.3333E-01,
14:33:30.88428807, 6.6667E-02, 6.7333E+00, 0.0000E+00,
14:33:30.88428812, 3.3333E-02, 6.7333E+00, 1.0000E+00,
14:33:30.88428817,-3.3333E-02, 6.7333E+00, 6.6667E-01,
14:33:30.88428822, 6.6667E-02, 6.7333E+00, 1.3333E+00,
14:33:30.88428827, 0.0000E+00, 6.7600E+00, 3.3333E-01,
14:33:30.88428832,-3.3333E-02, 6.7600E+00, 0.0000E+00,
14:33:30.88428837, 0.0000E+00, 6.7600E+00, 1.0000E+00,
14:33:30.88428842, 3.3333E-02, 6.7333E+00, 0.0000E+00,
14:33:30.88428847, 6.6667E-02, 6.7467E+00, 6.6667E-01,
14:33:30.88428852,-6.6667E-02, 6.7467E+00,-6.6667E-01,
14:33:30.88428857, 3.3333E-02, 6.7467E+00, 3.3333E-01,
14:33:30.88428862, 3.3333E-02, 6.7600E+00, 6.6667E-01,
14:33:30.88428867, 3.3333E-02, 6.7333E+00, 3.3333E-01,
14:33:30.88428872,-6.6667E-02, 6.7333E+00, 1.0000E+00,
14:33:30.88428877, 0.0000E+00, 6.7600E+00, 3.3333E-01,
14:33:30.88428882, 3.3333E-02, 6.7600E+00, 3.3333E-01,
14:33:30.88428887, 6.6667E-02, 6.7333E+00, 6.6667E-01,
14:33:30.88428892, 3.3333E-02, 6.7200E+00, 3.3333E-01,
14:33:30.88428897,-3.3333E-02, 6.7600E+00, 3.3333E-01,
14:33:30.88428902, 6.6667E-02, 6.7600E+00, 0.0000E+00,
14:33:30.88428907,-3.3333E-02, 6.7333E+00, 3.3333E-01,
14:33:30.88428912, 0.0000E+00, 6.7200E+00, 1.0000E+00,
14:33:30.88428917,-3.3333E-02, 6.7467E+00, 0.0000E+00,
14:33:30.88428922,-6.6667E-02, 6.7467E+00, 3.3333E-01,
14:33:30.88428927, 3.3333E-02, 6.7733E+00, 3.3333E-01,
14:33:30.88428932, 0.0000E+00, 6.7333E+00, 6.6667E-01,
14:33:30.88428937, 3.3333E-02, 6.7200E+00, 6.6667E-01,
14:33:30.88428942, 0.0000E+00, 6.7200E+00, 1.0000E+00,
14:33:30.88428947, 3.3333E-02, 6.7467E+00, 0.0000E+00,
14:33:30.88428952, 3.3333E-02, 6.7600E+00,-3.3333E-01,
14:33:30.88428957, 3.3333E-02, 6.7333E+00, 3.3333E-01,
14:33:30.88428962, 3.3333E-02, 6.7467E+00, 3.3333E-01,
14:33:30.88428967, 6.6667E-02, 6.7200E+00, 0.0000E+00,
14:33:30.88428972, 0.0000E+00, 6.7600E+00, 0.0000E+00,
14:33:30.88428977,-3.3333E-02, 6.7467E+00, 3.3333E-01,
14:33:30.88428982, 3.3333E-02, 6.7600E+00, 6.6667E-01,
14:33:30.88428987, 1.3333E-01, 6.7200E+00,-3.3333E-01,
14:33:30.88428992, 6.6667E-02, 6.7067E+00,-3.3333E-01,
14:33:30.88428997, 6.6667E-02, 6.7600E+00, 3.3333E-01,
14:33:30.88429002, 0.0000E+00, 6.7600E+00, 6.6667E-01,
14:33:30.88429007, 0.0000E+00, 6.7333E+00,-3.3333E-01,
14:33:30.88429012, 1.0000E-01, 6.7333E+00, 6.6667E-01,
14:33:30.88429017,-6.6667E-02, 6.7467E+00, 0.0000E+00,
14:33:30.88429022,-3.3333E-02, 6.7333E+00, 3.3333E-01,
14:33:30.88429027, 3.3333E-02, 6.7467E+00, 6.6667E-01,
14:33:30.88429032,-3.3333E-02, 6.7467E+00, 0.0000E+00,
14:33:30.88429037, 3.3333E-02, 6.7600E+00, 3.3333E-01,
14:33:30.88429042, 6.6667E-02, 6.7467E+00, 6.6667E-01,
14:33:30.88429047, 3.3333E-02, 6.7333E+00,-3.3333E-01,
14:33:30.88429052, 6.6667E-02, 6.7600E+00,-3.3333E-01,
14:33:30.88429057,-3.3333E-02, 6.7200E+00, 6.6667E-01,
14:33:30.88429062,-6.6667E-02, 6.7333E+00, 6.6667E-01,
14:33:30.88429067, 6.6667E-02, 6.7467E+00, 0.0000E+00,
14:33:30.88429072, 6.6667E-02, 6.7600E+00, 6.6667E-01,
14:33:30.88429077, 6.6667E-02, 6.7467E+00, 3.3333E-01,
14:33:30.88429082, 0.0000E+00, 6.7467E+00, 3.3333E-01,
14:33:30.88429087, 3.3333E-02, 6.7600E+00, 3.3333E-01,
14:33:30.88429092,-6.6667E-02, 6.7467E+00, 3.3333E-01,
14:33:30.88429097, 3.3333E-02, 6.7333E+00, 3.3333E-01,
14:33:30.88429102, 3.3333E-02, 6.7467E+00, 6.6667E-01,
14:33:30.88429107, 0.0000E+00, 6.7333E+00, 3.3333E-01,
14:33:30.88429112, 3.3333E-02, 6.7467E+00, 3.3333E-01,
14:33:30.88429117, 3.3333E-02, 6.7333E+00, 3.3333E-01,
14:33:30.88429122, 3.3333E-02, 6.7467E+00, 0.0000E+00,
14:33:30.88429127, 0.0000E+00, 6.7600E+00, 3.3333E-01,
14:33:30.88429132, 0.0000E+00, 6.7067E+00, 6.6667E-01,
14:33:30.88429137, 6.6667E-02, 6.7600E+00, 0.0000E+00,
14:33:30.88429142, 0.0000E+00, 6.7467E+00, 0.0000E+00,
14:33:30.88429147, 3.3333E-02, 6.7333E+00, 0.0000E+00,
14:33:30.88429152, 3.3333E-02, 6.7467E+00, 6.6667E-01,
14:33:30.88429157, 3.3333E-02, 6.7467E+00, 3.3333E-01,
14:33:30.88429162, 0.0000E+00, 6.7467E+00, 6.6667E-01,
14:33:30.88429167, 3.3333E-02, 6.7600E+00, 3.3333E-01,
14:33:30.88429172, 6.6667E-02, 6.7467E+00, 3.3333E-01,
14:33:30.88429177, 0.0000E+00, 6.7467E+00, 3.3333E-01,
14:33:30.88429182, 1.0000E-01, 6.7200E+00, 0.0000E+00,
14:33:30.88429187, 3.3333E-02, 6.7467E+00, 6.6667E-01,
14:33:30.88429192, 1.3333E-01, 6.7467E+00, 0.0000E+00,
14:33:30.88429197, 3.3333E-02, 6.7467E+00,-3.3333E-01,
14:33:30.88429202, 0.0000E+00, 6.7467E+00, 6.6667E-01,
14:33:30.88429207, 0.0000E+00, 6.7333E+00, 1.0000E+00,
14:33:30.88429212,-3.3333E-02, 6.7467E+00, 0.0000E+00,
14:33:30.88429217, 6.6667E-02, 6.7600E+00, 3.3333E-01,
14:33:30.88429222, 0.0000E+00, 6.7600E+00, 1.0000E+00,
14:33:30.88429227, 3.3333E-02, 6.7333E+00,-3.3333E-01,
14:33:30.88429232,-3.3333E-02, 6.7600E+00, 3.3333E-01,
14:33:30.88429237, 3.3333E-02, 6.7467E+00, 3.3333E-01,
14:33:30.88429242, 3.3333E-02, 6.7200E+00,-3.3333E-01,
14:33:30.88429247, 3.3333E-02, 6.7600E+00, 0.0000E+00,
14:33:30.88429252,-3.3333E-02, 6.7467E+00, 6.6667E-01,
14:33:30.88429257, 6.6667E-02, 6.7733E+00, 3.3333E-01,
14:33:30.88429262, 0.0000E+00, 6.7200E+00, 0.0000E+00,
14:33:30.88429267, 3.3333E-02, 6.7467E+00, 3.3333E-01,
14:33:30.88429272, 0.0000E+00, 6.7467E+00, 3.3333E-01,
14:33:30.88429277, 0.0000E+00, 6.7867E+00,-3.3333E-01,
14:33:30.88429282, 3.3333E-02, 6.7467E+00, 3.3333E-01,
14:33:30.88429287, 0.0000E+00, 6.7333E+00, 3.3333E-01,
14:33:30.88429292, 0.0000E+00, 6.7333E+00, 3.3333E-01,
14:33:30.88429297, 0.0000E+00, 6.7600E+00, 3.3333E-01,
14:33:30.88429302,-3.3333E-02, 6.7333E+00, 3.3333E-01,
14:33:30.88429307,-6.6667E-02, 6.7600E+00, 6.6667E-01,
14:33:30.88429312, 3.3333E-02, 6.7333E+00, 3.3333E-01,
14:33:30.88429317, 3.3333E-02, 6.7600E+00, 0.0000E+00,
14:33:30.88429322, 3.3333E-02, 6.7467E+00, 6.6667E-01,
14:33:30.88429327, 3.3333E-02, 6.7600E+00, 3.3333E-01,
14:33:30.88429332, 3.3333E-02, 6.7600E+00, 3.3333E-01,
14:33:30.88429337, 0.0000E+00, 6.7333E+00, 0.0000E+00,
14:33:30.88429342, 0.0000E+00, 6.7333E+00, 3.3333E-01,
14:33:30.88429347,-3.3333E-02, 6.7733E+00,-3.3333E-01,
14:33:30.88429352,-3.3333E-02, 6.7467E+00, 0.0000E+00,
14:33:30.88429357, 3.3333E-02, 6.7333E+00, 0.0000E+00,
14:33:30.88429362, 0.0000E+00, 6.7467E+00, 3.3333E-01,
14:33:30.88429367,-6.6667E-02, 6.7467E+00, 0.0000E+00,
14:33:30.88429372, 0.0000E+00, 6.7600E+00, 0.0000E+00,
14:33:30.88429377,-3.3333E-02, 6.7600E+00, 6.6667E-01,
14:33:30.88429382, 0.0000E+00, 6.7467E+00, 3.3333E-01,
14:33:30.88429387, 0.0000E+00, 6.7333E+00, 3.3333E-01,
14:33:30.88429392, 0.0000E+00, 6.7600E+00,-3.3333E-01,
14:33:30.88429397,-3.3333E-02, 6.7467E+00, 0.0000E+00,
14:33:30.88429402, 0.0000E+00, 6.7600E+00, 0.0000E+00,
14:33:30.88429407, 3.3333E-02, 6.7600E+00, 6.6667E-01,
14:33:30.88429412, 6.6667E-02, 6.7200E+00, 3.3333E-01,
14:33:30.88429417,-3.3333E-02, 6.7733E+00, 3.3333E-01,
14:33:30.88429422, 3.3333E-02, 6.7467E+00, 6.6667E-01,
14:33:30.88429427, 3.3333E-02, 6.7333E+00, 6.6667E-01,
14:33:30.88429432, 3.3333E-02, 6.7467E+00,-3.3333E-01,
14:33:30.88429437, 6.6667E-02, 6.7333E+00, 1.3333E+00,
14:33:30.88429442,-6.6667E-02, 6.7067E+00, 0.0000E+00,
14:33:30.88429447, 0.0000E+00, 6.7600E+00, 6.6667E-01,
14:33:30.88429452,-6.6667E-02, 6.7600E+00, 3.3333E-01,
14:33:30.88429457,-3.3333E-02, 6.7600E+00, 0.0000E+00,
14:33:30.88429462, 0.0000E+00, 6.7333E+00, 0.0000E+00,
14:33:30.88429467, 3.3333E-02, 6.7600E+00, 3.3333E-01,
14:33:30.88429472,-3.3333E-02, 6.7333E+00, 6.6667E-01,
14:33:30.88429477,-3.3333E-02, 6.7600E+00, 3.3333E-01,
14:33:30.88429482, 6.6667E-02, 6.7067E+00, 0.0000E+00,
14:33:30.88429487, 0.0000E+00, 6.7333E+00, 0.0000E+00,
14:33:30.88429492,-3.3333E-02, 6.7333E+00, 0.0000E+00,
14:33:30.88429497,-3.3333E-02, 6.7600E+00, 0.0000E+00,
14:33:30.88429502, 3.3333E-02, 6.7600E+00, 0.0000E+00,
14:33:30.88429507, 0.0000E+00, 6.7467E+00, 6.6667E-01,
14:33:30.88429512,-3.3333E-02, 6.7600E+00, 6.6667E-01,
14:33:30.88429517,-1.0000E-01, 6.7467E+00, 0.0000E+00,
14:33:30.88429522, 1.0000E-01, 6.7467E+00, 0.0000E+00,
14:33:30.88429527,-3.3333E-02, 6.7067E+00, 3.3333E-01,
14:33:30.88429532, 0.0000E+00, 6.7467E+00, 0.0000E+00,
14:33:30.88429537, 0.0000E+00, 6.7333E+00, 3.3333E-01,
14:33:30.88429542, 3.3333E-02, 6.7333E+00, 0.0000E+00,
14:33:30.88429547, 0.0000E+00, 6.7600E+00, 6.6667E-01,
14:33:30.88429552, 0.0000E+00, 6.7600E+00, 3.3333E-01,
14:33:30.88429557, 0.0000E+00, 6.7600E+00, 0.0000E+00,
14:33:30.88429562, 0.0000E+00, 6.7600E+00, 6.6667E-01,
14:33:30.88429567, 0.0000E+00, 6.7333E+00, 1.0000E+00,
14:33:30.88429572, 3.3333E-02, 6.7067E+00, 3.3333E-01,
14:33:30.88429577, 6.6667E-02, 6.7600E+00, 3.3333E-01,
14:33:30.88429582, 3.3333E-02, 6.7333E+00, 3.3333E-01,
14:33:30.88429587, 0.0000E+00, 6.7600E+00, 0.0000E+00,
14:33:30.88429592,-3.3333E-02, 6.7467E+00,-3.3333E-01,
14:33:30.88429597,-3.3333E-02, 6.7333E+00, 1.0000E+00,
14:33:30.88429602,-3.3333E-02, 6.7733E+00, 3.3333E-01,
14:33:30.88429607, 6.6667E-02, 6.7600E+00, 3.3333E-01,
14:33:30.88429612, 6.6667E-02, 6.7600E+00, 6.6667E-01,
14:33:30.88429617, 3.3333E-02, 6.7200E+00, 3.3333E-01,
14:33:30.88429622, 0.0000E+00, 6.7200E+00, 3.3333E-01,
14:33:30.88429627, 0.0000E+00, 6.7467E+00, 0.0000E+00,
14:33:30.88429632, 0.0000E+00, 6.7333E+00,-6.6667E-01,
14:33:30.88429637, 3.3333E-02, 6.7467E+00, 0.0000E+00,
14:33:30.88429642, 6.6667E-02, 6.7600E+00, 0.0000E+00,
14:33:30.88429647, 3.3333E-02, 6.7333E+00, 0.0000E+00,
14:33:30.88429652,-1.0000E-01, 6.7333E+00, 1.0000E+00,
14:33:30.88429657, 1.0000E-01, 6.7333E+00, 3.3333E-01,
14:33:30.88429662, 0.0000E+00, 6.7600E+00, 6.6667E-01,
14:33:30.88429667, 6.6667E-02, 6.7333E+00, 3.3333E-01,
14:33:30.88429672, 6.6667E-02, 6.7467E+00, 0.0000E+00,
14:33:30.88429677, 0.0000E+00, 6.7600E+00, 0.0000E+00,
14:33:30.88429682, 3.3333E-02, 6.7600E+00, 0.0000E+00,
14:33:30.88429687, 6.6667E-02, 6.7333E+00,-1.0000E+00,
14:33:30.88429692, 6.6667E-02, 6.7600E+00, 3.3333E-01,
14:33:30.88429697, 0.0000E+00, 6.7333E+00, 6.6667E-01,
14:33:30.88429702, 3.3333E-02, 6.7467E+00, 3.3333E-01,
14:33:30.88429707,-3.3333E-02, 6.7600E+00, 3.3333E-01,
14:33:30.88429712, 3.3333E-02, 6.7067E+00, 0.0000E+00,
14:33:30.88429717, 0.0000E+00, 6.7467E+00, 0.0000E+00,
14:33:30.88429722,-6.6667E-02, 6.7333E+00,-3.3333E-01,
14:33:30.88429727, 3.3333E-02, 6.7600E+00, 3.3333E-01,
14:33:30.88429732, 3.3333E-02, 6.7467E+00, 3.3333E-01,
14:33:30.88429737,-3.3333E-02, 6.7600E+00, 0.0000E+00,
14:33:30.88429742,-3.3333E-02, 6.7333E+00, 1.0000E+00,
14:33:30.88429747, 0.0000E+00, 6.7600E+00, 3.3333E-01,
14:33:30.88429752,-3.3333E-02, 6.7333E+00,-3.3333E-01,
14:33:30.88429757, 0.0000E+00, 6.7600E+00, 3.3333E-01,
14:33:30.88429762, 1.0000E-01, 6.7467E+00, 6.6667E-01,
14:33:30.88429767, 3.3333E-02, 6.7333E+00,-3.3333E-01,
14:33:30.88429772, 3.3333E-02, 6.7333E+00, 6.6667E-01,
14:33:30.88429777, 3.3333E-02, 6.7333E+00, 3.3333E-01,
14:33:30.88429782, 0.0000E+00, 6.7467E+00, 0.0000E+00,
14:33:30.88429787, 3.3333E-02, 6.7200E+00, 0.0000E+00,
14:33:30.88429792, 3.3333E-02, 6.7467E+00, 0.0000E+00,
14:33:30.88429797,-3.3333E-02, 6.7600E+00, 6.6667E-01,
14:33:30.88429802, 6.6667E-02, 6.7600E+00, 6.6667E-01,
14:33:30.88429807, 0.0000E+00, 6.7200E+00,-3.3333E-01,
14:33:30.88429812, 0.0000E+00, 6.7333E+00, 3.3333E-01,
14:33:30.88429817,-3.3333E-02, 6.7333E+00, 6.6667E-01,
14:33:30.88429822, 1.0000E-01, 6.7467E+00, 3.3333E-01,
14:33:30.88429827, 0.0000E+00, 6.7467E+00, 3.3333E-01,
14:33:30.88429832, 6.6667E-02, 6.7333E+00, 0.0000E+00,
14:33:30.88429837, 0.0000E+00, 6.7600E+00,-3.3333E-01,
14:33:30.88429842,-6.6667E-02, 6.7467E+00, 0.0000E+00,
14:33:30.88429847, 3.3333E-02, 6.7467E+00, 3.3333E-01,
14:33:30.88429852, 3.3333E-02, 6.7467E+00, 0.0000E+00,
14:33:30.88429857, 3.3333E-02, 6.7467E+00,-3.3333E-01,
14:33:30.88429862, 0.0000E+00, 6.7333E+00, 3.3333E-01,
14:33:30.88429867, 3.3333E-02, 6.7467E+00, 6.6667E-01,
14:33:30.88429872,-3.3333E-02, 6.7200E+00, 6.6667E-01,
14:33:30.88429877, 6.6667E-02, 6.7467E+00,-6.6667E-01,
14:33:30.88429882,-6.6667E-02, 6.7467E+00,-3.3333E-01,
14:33:30.88429887, 0.0000E+00, 6.7067E+00, 3.3333E-01,
14:33:30.88429892,-3.3333E-02, 6.7333E+00, 0.0000E+00,
14:33:30.88429897,-3.3333E-02, 6.7200E+00, 0.0000E+00,
14:33:30.88429902,-3.3333E-02, 6.7333E+00, 0.0000E+00,
14:33:30.88429907, 3.3333E-02, 6.7067E+00, 0.0000E+00,
14:33:30.88429912, 3.3333E-02, 6.6933E+00, 1.0000E+00,
14:33:30.88429917, 6.6667E-02, 6.7333E+00, 0.0000E+00,
14:33:30.88429922,-3.3333E-02, 6.7467E+00, 6.6667E-01,
14:33:30.88429927, 3.3333E-02, 6.7467E+00, 6.6667E-01,
14:33:30.88429932, 6.6667E-02, 6.7600E+00, 0.0000E+00,
14:33:30.88429937, 0.0000E+00, 6.6933E+00, 0.0000E+00,
14:33:30.88429942, 0.0000E+00, 6.7200E+00, 3.3333E-01,
14:33:30.88429947, 3.3333E-02, 6.7467E+00, 0.0000E+00,
14:33:30.88429952, 3.3333E-02, 6.7467E+00, 0.0000E+00,
14:33:30.88429957, 3.3333E-02, 6.7333E+00, 0.0000E+00,
14:33:30.88429962, 3.3333E-02, 6.7333E+00, 3.3333E-01,
14:33:30.88429967, 0.0000E+00, 6.7333E+00, 6.6667E-01,
14:33:30.88429972,-6.6667E-02, 6.7600E+00, 6.6667E-01,
14:33:30.88429977, 0.0000E+00, 6.7467E+00, 3.3333E-01,
14:33:30.88429982, 3.3333E-02, 6.7200E+00, 1.0000E+00,
14:33:30.88429987, 3.3333E-02, 6.7600E+00, 1.0000E+00,
14:33:30.88429992, 1.0000E-01, 6.7467E+00, 0.0000E+00,
14:33:30.88429997, 0.0000E+00, 6.7467E+00, 3.3333E-01,
14:33:30.88430002, 0.0000E+00, 6.7600E+00, 0.0000E+00,
14:33:30.88430007, 3.3333E-02, 6.7467E+00, 0.0000E+00,
14:33:30.88430012, 0.0000E+00, 6.7600E+00, 6.6667E-01,
14:33:30.88430017, 0.0000E+00, 6.7467E+00, 3.3333E-01,
14:33:30.88430022,-3.3333E-02, 6.7600E+00,-3.3333E-01,
14:33:30.88430027,-6.6667E-02, 6.7333E+00, 0.0000E+00,
14:33:30.88430032, 6.6667E-02, 6.7333E+00, 6.6667E-01,
14:33:30.88430037, 0.0000E+00, 6.7600E+00, 6.6667E-01,
14:33:30.88430042,-3.3333E-02, 6.7467E+00, 3.3333E-01,
14:33:30.88430047, 6.6667E-02, 6.7467E+00, 6.6667E-01,
14:33:30.88430052, 0.0000E+00, 6.7600E+00, 0.0000E+00,
14:33:30.88430057,-3.3333E-02, 6.7333E+00, 3.3333E-01,
14:33:30.88430062, 3.3333E-02, 6.7467E+00,-6.6667E-01,
14:33:30.88430067, 0.0000E+00, 6.7600E+00,-3.3333E-01,
14:33:30.88430072, 3.3333E-02, 6.7467E+00, 0.0000E+00,
14:33:30.88430077,-3.3333E-02, 6.7333E+00, 3.3333E-01,
14:33:30.88430082, 3.3333E-02, 6.7467E+00, 6.6667E-01,
14:33:30.88430087,-6.6667E-02, 6.7333E+00, 0.0000E+00,
14:33:30.88430092, 3.3333E-02, 6.7467E+00, 3.3333E-01,
14:33:30.88430097, 3.3333E-02, 6.7467E+00, 0.0000E+00,
14:33:30.88430102, 0.0000E+00, 6.7467E+00, 0.0000E+00,
14:33:30.88430107,-3.3333E-02, 6.7333E+00, 0.0000E+00,
14:33:30.88430112,-6.6667E-02, 6.7600E+00, 0.0000E+00,
14:33:30.88430117, 0.0000E+00, 6.7600E+00, 3.3333E-01,
14:33:30.88430122,-6.6667E-02, 6.7333E+00, 0.0000E+00,
14:33:30.88430127, 3.3333E-02, 6.7600E+00, 0.0000E+00,
14:33:30.88430132, 0.0000E+00, 6.7600E+00, 6.6667E-01,
14:33:30.88430137, 0.0000E+00, 6.7200E+00, 3.3333E-01,
14:33:30.88430142, 0.0000E+00, 6.7333E+00, 0.0000E+00,
14:33:30.88430147, 3.3333E-02, 6.7467E+00,-3.3333E-01,
14:33:30.88430152, 6.6667E-02, 6.7600E+00, 6.6667E-01,
14:33:30.88430157, 3.3333E-02, 6.7200E+00, 0.0000E+00,
14:33:30.88430162, 0.0000E+00, 6.7467E+00, 6.6667E-01,
14:33:30.88430167,-6.6667E-02, 6.7467E+00, 3.3333E-01,
14:33:30.88430172, 6.6667E-02, 6.7200E+00, 0.0000E+00,
14:33:30.88430177, 0.0000E+00, 6.7200E+00, 3.3333E-01,
14:33:30.88430182, 0.0000E+00, 6.7600E+00, 3.3333E-01,
14:33:30.88430187, 0.0000E+00, 6.7333E+00, 6.6667E-01,
14:33:30.88430192, 3.3333E-02, 6.7333E+00, 3.3333E-01,
14:33:30.88430197, 3.3333E-02, 6.7600E+00, 6.6667E-01,
14:33:30.88430202, 0.0000E+00, 6.7467E+00, 0.0000E+00,
14:33:30.88430207, 3.3333E-02, 6.7600E+00, 0.0000E+00,
14:33:30.88430212,-6.6667E-02, 6.7600E+00,-3.3333E-01,
14:33:30.88430217, 3.3333E-02, 6.7467E+00, 3.3333E-01,
14:33:30.88430222,-3.3333E-02, 6.7467E+00,-6.6667E-01,
14:33:30.88430227,-3.3333E-02, 6.7467E+00,-3.3333E-01,
14:33:30.88430232, 0.0000E+00, 6.7600E+00, 0.0000E+00,
14:33:30.88430237, 0.0000E+00, 6.7600E+00, 6.6667E-01,
14:33:30.88430242, 6.6667E-02, 6.7333E+00, 3.3333E-01,
14:33:30.88430247, 3.3333E-02, 6.7467E+00, 0.0000E+00,
14:33:30.88430252, 3.3333E-02, 6.7333E+00, 0.0000E+00,
14:33:30.88430257,-3.3333E-02, 6.7467E+00, 0.0000E+00,
14:33:30.88430262, 3.3333E-02, 6.7600E+00, 3.3333E-01,
14:33:30.88430267, 6.6667E-02, 6.7467E+00, 6.6667E-01,
14:33:30.88430272,-3.3333E-02, 6.7333E+00, 3.3333E-01,
14:33:30.88430277, 3.3333E-02, 6.7467E+00, 0.0000E+00,
14:33:30.88430282, 6.6667E-02, 6.7200E+00, 0.0000E+00,
14:33:30.88430287, 6.6667E-02, 6.7600E+00, 6.6667E-01,
14:33:30.88430292, 0.0000E+00, 6.7067E+00, 1.0000E+00,
14:33:30.88430297, 0.0000E+00, 6.7333E+00, 3.3333E-01,
14:33:30.88430302, 0.0000E+00, 6.7600E+00,-6.6667E-01,
14:33:30.88430307, 0.0000E+00, 6.7200E+00, 1.0000E+00,
14:33:30.88430312, 6.6667E-02, 6.7600E+00, 0.0000E+00,
14:33:30.88430317,-3.3333E-02, 6.7600E+00,-6.6667E-01,
14:33:30.88430322,-3.3333E-02, 6.7467E+00,-3.3333E-01,
14:33:30.88430327, 6.6667E-02, 6.7200E+00, 6.6667E-01,
14:33:30.88430332, 0.0000E+00, 6.7600E+00, 0.0000E+00,
14:33:30.88430337, 3.3333E-02, 6.7467E+00, 1.0000E+00,
14:33:30.88430342, 3.3333E-02, 6.7333E+00, 3.3333E-01,
14:33:30.88430347, 0.0000E+00, 6.7200E+00,-3.3333E-01,
14:33:30.88430352, 3.3333E-02, 6.7333E+00, 0.0000E+00,
14:33:30.88430357, 3.3333E-02, 6.7467E+00, 0.0000E+00,
14:33:30.88430362,-3.3333E-02, 6.7333E+00, 3.3333E-01,
14:33:30.88430367, 0.0000E+00, 6.7600E+00,-3.3333E-01,
14:33:30.88430372, 0.0000E+00, 6.7600E+00, 3.3333E-01,
14:33:30.88430377, 0.0000E+00, 6.7600E+00, 3.3333E-01,
14:33:30.88430382, 6.6667E-02, 6.7067E+00, 3.3333E-01,
14:33:30.88430387,-3.3333E-02, 6.7333E+00, 6.6667E-01,
14:33:30.88430392, 3.3333E-02, 6.7600E+00, 3.3333E-01,
14:33:30.88430397, 0.0000E+00, 6.7333E+00, 6.6667E-01,
14:33:30.88430402, 3.3333E-02, 6.7333E+00, 0.0000E+00,
14:33:30.88430407, 0.0000E+00, 6.7600E+00, 3.3333E-01,
14:33:30.88430412, 0.0000E+00, 6.7467E+00, 3.3333E-01,
14:33:30.88430417, 1.0000E-01, 6.7600E+00, 0.0000E+00,
14:33:30.88430422, 3.3333E-02, 6.7467E+00, 0.0000E+00,
14:33:30.88430427, 0.0000E+00, 6.7600E+00, 0.0000E+00,
14:33:30.88430432, 1.0000E-01, 6.7467E+00, 3.3333E-01,
14:33:30.88430437, 0.0000E+00, 6.7600E+00, 0.0000E+00,
14:33:30.88430442, 0.0000E+00, 6.7467E+00, 0.0000E+00,
14:33:30.88430447,-3.3333E-02, 6.7467E+00, 6.6667E-01,
14:33:30.88430452, 6.6667E-02, 6.7467E+00, 3.3333E-01,
14:33:30.88430457,-3.3333E-02, 6.7867E+00,-3.3333E-01,
14:33:30.88430462, 3.3333E-02, 6.7333E+00, 3.3333E-01,
14:33:30.88430467,-3.3333E-02, 6.7200E+00, 3.3333E-01,
14:33:30.88430472, 3.3333E-02, 6.7467E+00, 3.3333E-01,
14:33:30.88430477, 6.6667E-02, 6.7200E+00, 3.3333E-01,
14:33:30.88430482, 3.3333E-02, 6.7200E+00, 3.3333E-01,
14:33:30.88430487, 3.3333E-02, 6.7600E+00, 0.0000E+00,
14:33:30.88430492,-3.3333E-02, 6.7467E+00, 6.6667E-01,
14:33:30.88430497, 3.3333E-02, 6.7200E+00, 3.3333E-01,
14:33:30.88430502,-3.3333E-02, 6.7600E+00, 3.3333E-01,
14:33:30.88430507,-3.3333E-02, 6.7333E+00, 3.3333E-01,
14:33:30.88430512, 0.0000E+00, 6.7600E+00, 0.0000E+00,
14:33:30.88430517, 3.3333E-02, 6.7467E+00,-6.6667E-01,
14:33:30.88430522, 3.3333E-02, 6.7200E+00, 3.3333E-01,
14:33:30.88430527, 6.6667E-02, 6.7333E+00, 1.0000E+00,
14:33:30.88430532, 0.0000E+00, 6.7333E+00, 6.6667E-01,
14:33:30.88430537, 3.3333E-02, 6.7200E+00,-3.3333E-01,
14:33:30.88430542, 6.6667E-02, 6.7200E+00, 6.6667E-01,
14:33:30.88430547, 0.0000E+00, 6.7600E+00, 6.6667E-01,
14:33:30.88430552,-6.6667E-02, 6.7600E+00, 0.0000E+00,
14:33:30.88430557, 1.3333E-01, 6.7600E+00, 0.0000E+00,
14:33:30.88430562, 3.3333E-02, 6.7600E+00,-3.3333E-01,
14:33:30.88430567,-3.3333E-02, 6.7467E+00, 6.6667E-01,
14:33:30.88430572, 0.0000E+00, 6.7600E+00, 0.0000E+00,
14:33:30.88430577, 0.0000E+00, 6.7333E+00, 1.0000E+00,
14:33:30.88430582,-3.3333E-02, 6.7600E+00, 0.0000E+00,
14:33:30.88430587, 3.3333E-02, 6.7467E+00, 0.0000E+00,
14:33:30.88430592, 0.0000E+00, 6.7333E+00, 0.0000E+00,
14:33:30.88430597,-3.3333E-02, 6.7333E+00, 3.3333E-01,
14:33:30.88430602,-3.3333E-02, 6.7600E+00, 3.3333E-01,
14:33:30.88430607, 3.3333E-02, 6.7467E+00, 6.6667E-01,
14:33:30.88430612, 3.3333E-02, 6.7467E+00, 1.0000E+00,
14:33:30.88430617, 3.3333E-02, 6.7200E+00, 0.0000E+00,
14:33:30.88430622, 0.0000E+00, 6.7600E+00,-6.6667E-01,
14:33:30.88430627, 6.6667E-02, 6.7600E+00, 6.6667E-01,
14:33:30.88430632, 3.3333E-02, 6.7600E+00, 6.6667E-01,
14:33:30.88430637, 0.0000E+00, 6.7600E+00, 1.0000E+00,
14:33:30.88430642,-3.3333E-02, 6.7600E+00, 3.3333E-01,
14:33:30.88430647, 6.6667E-02, 6.7333E+00, 3.3333E-01,
14:33:30.88430652, 0.0000E+00, 6.7600E+00, 6.6667E-01,
14:33:30.88430657,-6.6667E-02, 6.7600E+00, 3.3333E-01,
14:33:30.88430662, 0.0000E+00, 6.7600E+00,-3.3333E-01,
14:33:30.88430667, 3.3333E-02, 6.7333E+00, 3.3333E-01,
14:33:30.88430672, 6.6667E-02, 6.7467E+00, 1.0000E+00,
14:33:30.88430677, 6.6667E-02, 6.7600E+00, 1.0000E+00,
14:33:30.88430682, 3.3333E-02, 6.7467E+00, 6.6667E-01,
14:33:30.88430687,-3.3333E-02, 6.7333E+00, 6.6667E-01,
14:33:30.88430692, 0.0000E+00, 6.7600E+00, 3.3333E-01,
14:33:30.88430697,-3.3333E-02, 6.7200E+00, 0.0000E+00,
14:33:30.88430702, 6.6667E-02, 6.7467E+00, 3.3333E-01,
14:33:30.88430707, 0.0000E+00, 6.7600E+00, 3.3333E-01,
14:33:30.88430712, 0.0000E+00, 6.7333E+00, 0.0000E+00,
14:33:30.88430717, 1.3333E-01, 6.7600E+00,-3.3333E-01,
14:33:30.88430722,-3.3333E-02, 6.7333E+00, 1.3333E+00,
14:33:30.88430727, 6.6667E-02, 6.7600E+00, 6.6667E-01,
14:33:30.88430732,-1.0000E-01, 6.7467E+00, 3.3333E-01,
14:33:30.88430737, 0.0000E+00, 6.7467E+00, 0.0000E+00,
14:33:30.88430742,-3.3333E-02, 6.7467E+00, 1.0000E+00,
14:33:30.88430747, 3.3333E-02, 6.7600E+00, 3.3333E-01,
14:33:30.88430752, 3.3333E-02, 6.7467E+00, 0.0000E+00,
14:33:30.88430757, 0.0000E+00, 6.7333E+00,-3.3333E-01,
14:33:30.88430762, 3.3333E-02, 6.7600E+00,-3.3333E-01,
14:33:30.88430767, 6.6667E-02, 6.7333E+00, 6.6667E-01,
14:33:30.88430772, 1.0000E-01, 6.7467E+00,-3.3333E-01,
14:33:30.88430777, 3.3333E-02, 6.7733E+00, 6.6667E-01,
14:33:30.88430782,-3.3333E-02, 6.7733E+00, 6.6667E-01,
14:33:30.88430787, 3.3333E-02, 6.7333E+00, 3.3333E-01,
14:33:30.88430792, 0.0000E+00, 6.7200E+00,-3.3333E-01,
14:33:30.88430797, 3.3333E-02, 6.7600E+00, 0.0000E+00,
14:33:30.88430802,-6.6667E-02, 6.7600E+00,-3.3333E-01,
14:33:30.88430807, 3.3333E-02, 6.7600E+00,-3.3333E-01,
14:33:30.88430812, 6.6667E-02, 6.7600E+00, 1.0000E+00,
14:33:30.88430817, 0.0000E+00, 6.7733E+00, 0.0000E+00,
14:33:30.88430822, 3.3333E-02, 6.7600E+00, 0.0000E+00,
14:33:30.88430827, 3.3333E-02, 6.7600E+00, 0.0000E+00,
14:33:30.88430832, 0.0000E+00, 6.7600E+00, 6.6667E-01,
14:33:30.88430837, 0.0000E+00, 6.7600E+00, 3.3333E-01,
14:33:30.88430842, 0.0000E+00, 6.7600E+00, 0.0000E+00,
14:33:30.88430847, 0.0000E+00, 6.7600E+00, 1.0000E+00,
14:33:30.88430852, 0.0000E+00, 6.7467E+00, 3.3333E-01,
14:33:30.88430857, 3.3333E-02, 6.7333E+00, 3.3333E-01,
14:33:30.88430862,-3.3333E-02, 6.7067E+00, 0.0000E+00,
14:33:30.88430867, 1.3333E-01, 6.7600E+00, 3.3333E-01,
14:33:30.88430872, 3.3333E-02, 6.7467E+00,-3.3333E-01,
14:33:30.88430877, 3.3333E-02, 6.7600E+00, 3.3333E-01,
14:33:30.88430882,-3.3333E-02, 6.7333E+00, 0.0000E+00,
14:33:30.88430887, 0.0000E+00, 6.7600E+00,-3.3333E-01,
14:33:30.88430892, 0.0000E+00, 6.7467E+00, 6.6667E-01,
14:33:30.88430897, 0.0000E+00, 6.7467E+00,-6.6667E-01,
14:33:30.88430902, 3.3333E-02, 6.7600E+00, 0.0000E+00,
14:33:30.88430907, 0.0000E+00, 6.7467E+00, 6.6667E-01,
14:33:30.88430912, 0.0000E+00, 6.7600E+00, 6.6667E-01,
14:33:30.88430917, 3.3333E-02, 6.7333E+00, 3.3333E-01,
14:33:30.88430922,-3.3333E-02, 6.7467E+00, 0.0000E+00,
14:33:30.88430927, 3.3333E-02, 6.7600E+00, 6.6667E-01,
14:33:30.88430932, 0.0000E+00, 6.7467E+00, 0.0000E+00,
14:33:30.88430937,-3.3333E-02, 6.7333E+00, 3.3333E-01,
14:33:30.88430942, 0.0000E+00, 6.7467E+00, 3.3333E-01,
14:33:30.88430947,-6.6667E-02, 6.7200E+00,-3.3333E-01,
14:33:30.88430952,-3.3333E-02, 6.7333E+00, 0.0000E+00,
14:33:30.88430957, 0.0000E+00, 6.7333E+00, 3.3333E-01,
14:33:30.88430962, 0.0000E+00, 6.7600E+00, 3.3333E-01,
14:33:30.88430967, 3.3333E-02, 6.7467E+00, 6.6667E-01,
14:33:30.88430972, 6.6667E-02, 6.7600E+00, 0.0000E+00,
14:33:30.88430977, 0.0000E+00, 6.7733E+00, 3.3333E-01,
14:33:30.88430982, 0.0000E+00, 6.7600E+00, 0.0000E+00,
14:33:30.88430987, 3.3333E-02, 6.7467E+00, 1.0000E+00,
14:33:30.88430992,-3.3333E-02, 6.7200E+00,-3.3333E-01,
14:33:30.88430997, 3.3333E-02, 6.7467E+00, 3.3333E-01,
14:33:30.88431002, 6.6667E-02, 6.7600E+00, 0.0000E+00,
14:33:30.88431007, 0.0000E+00, 6.7467E+00, 3.3333E-01,
14:33:30.88431012, 3.3333E-02, 6.7467E+00, 0.0000E+00,
14:33:30.88431017, 0.0000E+00, 6.7600E+00, 6.6667E-01,
14:33:30.88431022,-3.3333E-02, 6.7600E+00, 0.0000E+00,
14:33:30.88431027,-6.6667E-02, 6.7467E+00, 6.6667E-01,
14:33:30.88431032,-6.6667E-02, 6.7600E+00, 6.6667E-01,
14:33:30.88431037, 3.3333E-02, 6.7467E+00, 3.3333E-01,
14:33:30.88431042, 3.3333E-02, 6.7600E+00, 3.3333E-01,
14:33:30.88431047,-3.3333E-02, 6.7600E+00, 1.0000E+00,
14:33:30.88431052, 3.3333E-02, 6.7333E+00, 3.3333E-01,
14:33:30.88431057, 6.6667E-02, 6.7200E+00, 0.0000E+00,
14:33:30.88431062, 0.0000E+00, 6.7333E+00,-3.3333E-01,
14:33:30.88431067,-3.3333E-02, 6.7600E+00, 3.3333E-01,
14:33:30.88431072, 6.6667E-02, 6.7467E+00,-3.3333E-01,
14:33:30.88431077, 0.0000E+00, 6.7600E+00, 3.3333E-01,
14:33:30.88431082,-3.3333E-02, 6.7600E+00, 0.0000E+00,
14:33:30.88431087,-6.6667E-02, 6.7467E+00,-3.3333E-01,
14:33:30.88431092,-6.6667E-02, 6.7600E+00, 6.6667E-01,
14:33:30.88431097, 6.6667E-02, 6.7467E+00, 0.0000E+00,
14:33:30.88431102, 6.6667E-02, 6.7600E+00, 3.3333E-01,
14:33:30.88431107, 6.6667E-02, 6.7333E+00, 3.3333E-01,
14:33:30.88431112, 3.3333E-02, 6.7600E+00, 3.3333E-01,
14:33:30.88431117,-3.3333E-02, 6.7467E+00, 1.0000E+00,
14:33:30.88431122,-3.3333E-02, 6.7600E+00, 6.6667E-01,
14:33:30.88431127, 6.6667E-02, 6.7600E+00,-3.3333E-01,
14:33:30.88431132, 0.0000E+00, 6.7467E+00, 3.3333E-01,
14:33:30.88431137,-3.3333E-02, 6.7467E+00,-3.3333E-01,
14:33:30.88431142, 6.6667E-02, 6.7200E+00, 0.0000E+00,
14:33:30.88431147, 1.0000E-01, 6.7200E+00, 3.3333E-01,
14:33:30.88431152, 0.0000E+00, 6.7333E+00, 6.6667E-01,
14:33:30.88431157, 6.6667E-02, 6.7600E+00, 6.6667E-01,
14:33:30.88431162,-6.6667E-02, 6.7600E+00, 1.0000E+00,
14:33:30.88431167, 0.0000E+00, 6.7600E+00, 6.6667E-01,
14:33:30.88431172,-3.3333E-02, 6.7600E+00, 3.3333E-01,
14:33:30.88431177,-6.6667E-02, 6.7600E+00, 6.6667E-01,
14:33:30.88431182, 0.0000E+00, 6.7200E+00, 0.0000E+00,
14:33:30.88431187,-6.6667E-02, 6.7467E+00,-6.6667E-01,
14:33:30.88431192, 3.3333E-02, 6.7467E+00, 0.0000E+00,
14:33:30.88431197, 3.3333E-02, 6.7467E+00, 3.3333E-01,
14:33:30.88431202, 3.3333E-02, 6.7600E+00,-1.0000E+00,
14:33:30.88431207, 0.0000E+00, 6.7467E+00, 0.0000E+00,
14:33:30.88431212,-6.6667E-02, 6.7467E+00, 3.3333E-01,
14:33:30.88431217, 3.3333E-02, 6.7200E+00, 1.0000E+00,
14:33:30.88431222, 3.3333E-02, 6.7333E+00, 6.6667E-01,
14:33:30.88431227, 0.0000E+00, 6.7200E+00, 3.3333E-01,
14:33:30.88431232, 0.0000E+00, 6.7467E+00, 3.3333E-01,
14:33:30.88431237, 3.3333E-02, 6.7733E+00, 3.3333E-01,
14:33:30.88431242, 1.0000E-01, 6.7600E+00, 0.0000E+00,
14:33:30.88431247, 6.6667E-02, 6.7600E+00, 0.0000E+00,
14:33:30.88431252, 3.3333E-02, 6.7467E+00, 0.0000E+00,
14:33:30.88431257,-3.3333E-02, 6.7600E+00, 3.3333E-01,
14:33:30.88431262, 6.6667E-02, 6.7600E+00, 1.0000E+00,
14:33:30.88431267, 0.0000E+00, 6.7600E+00, 3.3333E-01,
14:33:30.88431272, 3.3333E-02, 6.7333E+00,-3.3333E-01,
14:33:30.88431277,-3.3333E-02, 6.7467E+00, 6.6667E-01,
14:33:30.88431282,-3.3333E-02, 6.7200E+00, 3.3333E-01,
14:33:30.88431287, 3.3333E-02, 6.7333E+00, 6.6667E-01,
14:33:30.88431292, 0.0000E+00, 6.7600E+00, 6.6667E-01,
14:33:30.88431297, 3.3333E-02, 6.7600E+00, 0.0000E+00,
14:33:30.88431302, 6.6667E-02, 6.7600E+00, 6.6667E-01,
14:33:30.88431307,-3.3333E-02, 6.7467E+00, 3.3333E-01,
14:33:30.88431312, 0.0000E+00, 6.7467E+00,-3.3333E-01,
14:33:30.88431317, 0.0000E+00, 6.7600E+00, 3.3333E-01,
14:33:30.88431322,-6.6667E-02, 6.7467E+00, 0.0000E+00,
14:33:30.88431327, 3.3333E-02, 6.7333E+00, 6.6667E-01,
14:33:30.88431332, 3.3333E-02, 6.7467E+00, 0.0000E+00,
14:33:30.88431337, 0.0000E+00, 6.7467E+00, 0.0000E+00,
14:33:30.88431342, 0.0000E+00, 6.7467E+00, 0.0000E+00,
14:33:30.88431347,-1.0000E-01, 6.7333E+00, 0.0000E+00,
14:33:30.88431352, 3.3333E-02, 6.7200E+00, 0.0000E+00,
14:33:30.88431357, 0.0000E+00, 6.7600E+00, 3.3333E-01,
14:33:30.88431362, 0.0000E+00, 6.7200E+00, 3.3333E-01,
14:33:30.88431367, 0.0000E+00, 6.6933E+00,-6.6667E-01,
14:33:30.88431372, 0.0000E+00, 6.7200E+00, 6.6667E-01,
14:33:30.88431377, 0.0000E+00, 6.7467E+00, 3.3333E-01,
14:33:30.88431382, 3.3333E-02, 6.7467E+00, 3.3333E-01,
14:33:30.88431387, 3.3333E-02, 6.7467E+00, 3.3333E-01,
14:33:30.88431392, 3.3333E-02, 6.7600E+00, 6.6667E-01,
14:33:30.88431397, 3.3333E-02, 6.7600E+00, 6.6667E-01,
14:33:30.88431402,-3.3333E-02, 6.7200E+00,-3.3333E-01,
14:33:30.88431407,-6.6667E-02, 6.7600E+00, 1.0000E+00,
14:33:30.88431412, 0.0000E+00, 6.7200E+00, 0.0000E+00,
14:33:30.88431417, 6.6667E-02, 6.7467E+00, 3.3333E-01,
14:33:30.88431422, 0.0000E+00, 6.7467E+00, 6.6667E-01,
14:33:30.88431427, 6.6667E-02, 6.7067E+00,-3.3333E-01,
14:33:30.88431432, 6.6667E-02, 6.7467E+00, 3.3333E-01,
14:33:30.88431437, 0.0000E+00, 6.7600E+00,-6.6667E-01,
14:33:30.88431442, 6.6667E-02, 6.7333E+00, 3.3333E-01,
14:33:30.88431447, 3.3333E-02, 6.7467E+00, 0.0000E+00,
14:33:30.88431452, 3.3333E-02, 6.7067E+00, 3.3333E-01,
14:33:30.88431457, 0.0000E+00, 6.7200E+00, 6.6667E-01,
14:33:30.88431462, 6.6667E-02, 6.7467E+00,-3.3333E-01,
14:33:30.88431467,-3.3333E-02, 6.7333E+00, 0.0000E+00,
14:33:30.88431472, 0.0000E+00, 6.7200E+00,-3.3333E-01,
14:33:30.88431477, 3.3333E-02, 6.7600E+00, 3.3333E-01,
14:33:30.88431482,-3.3333E-02, 6.7600E+00, 3.3333E-01,
14:33:30.88431487, 0.0000E+00, 6.7600E+00, 6.6667E-01,
14:33:30.88431492, 0.0000E+00, 6.7333E+00, 3.3333E-01,
14:33:30.88431497,-3.3333E-02, 6.7600E+00, 6.6667E-01,
14:33:30.88431502, 0.0000E+00, 6.7600E+00, 3.3333E-01,
14:33:30.88431507,-3.3333E-02, 6.7600E+00, 0.0000E+00,
14:33:30.88431512, 0.0000E+00, 6.7333E+00, 3.3333E-01,
14:33:30.88431517, 6.6667E-02, 6.7467E+00,-3.3333E-01,
14:33:30.88431522, 0.0000E+00, 6.7333E+00, 0.0000E+00,
14:33:30.88431527,-3.3333E-02, 6.7333E+00, 3.3333E-01,
14:33:30.88431532,-3.3333E-02, 6.7600E+00, 0.0000E+00,
14:33:30.88431537, 6.6667E-02, 6.7600E+00,-3.3333E-01,
14:33:30.88431542, 1.3333E-01, 6.7733E+00, 3.3333E-01,
14:33:30.88431547,-3.3333E-02, 6.7467E+00, 3.3333E-01,
14:33:30.88431552, 3.3333E-01, 6.7467E+00, 3.3333E-01,
14:33:30.88431557, 1.0667E+00, 6.7333E+00, 3.3333E-01,
14:33:30.88431562, 1.9667E+00, 6.6667E+00, 3.3333E-01,
14:33:30.88431567, 2.4333E+00, 6.2933E+00, 3.3333E-01,
14:33:30.88431572, 2.6000E+00, 6.4667E+00, 3.3333E-01,
14:33:30.88431577, 2.6333E+00, 6.6267E+00,-3.3333E-01,
14:33:30.88431582, 2.6667E+00, 6.6533E+00,-3.3333E-01,
14:33:30.88431587, 2.6667E+00, 6.6800E+00, 6.6667E-01,
14:33:30.88431592, 2.6333E+00, 6.6800E+00, 3.3333E-01,
14:33:30.88431597, 2.6000E+00, 6.6667E+00, 3.3333E-01,
14:33:30.88431602, 2.5667E+00, 6.6800E+00, 0.0000E+00,
14:33:30.88431607, 2.5667E+00, 6.7067E+00, 3.3333E-01,
14:33:30.88431612, 2.6333E+00, 6.6933E+00, 3.3333E-01,
14:33:30.88431617, 2.5000E+00, 6.6800E+00, 3.3333E-01,
14:33:30.88431622, 2.6333E+00, 6.7067E+00, 0.0000E+00,
14:33:30.88431627, 2.5667E+00, 6.6667E+00, 1.0000E+00,
14:33:30.88431632, 2.5667E+00, 6.7067E+00, 3.3333E-01,
14:33:30.88431637, 2.5667E+00, 6.6933E+00, 3.3333E-01,
14:33:30.88431642, 2.5333E+00, 6.6400E+00, 3.3333E-01,
14:33:30.88431647, 2.5667E+00, 6.6533E+00, 0.0000E+00,
14:33:30.88431652, 2.6000E+00, 6.6533E+00, 1.0000E+00,
14:33:30.88431657, 2.5667E+00, 6.6667E+00, 6.6667E-01,
14:33:30.88431662, 2.5667E+00, 6.6533E+00, 1.3333E+00,
14:33:30.88431667, 2.5000E+00, 6.6933E+00, 6.6667E-01,
14:33:30.88431672, 2.5667E+00, 6.6667E+00, 1.0000E+00,
14:33:30.88431677, 2.5333E+00, 6.6667E+00, 3.3333E-01,
14:33:30.88431682, 2.5333E+00, 6.6667E+00, 3.3333E-01,
14:33:30.88431687, 2.5333E+00, 6.6800E+00, 3.3333E-01,
14:33:30.88431692, 2.4667E+00, 6.6933E+00, 3.3333E-01,
14:33:30.88431697, 2.5333E+00, 6.6800E+00, 6.6667E-01,
14:33:30.88431702, 2.5000E+00, 6.6933E+00, 6.6667E-01,
14:33:30.88431707, 2.4667E+00, 6.6800E+00, 3.3333E-01,
14:33:30.88431712, 2.5000E+00, 6.6667E+00, 1.0000E+00,
14:33:30.88431717, 2.5667E+00, 6.6667E+00, 6.6667E-01,
14:33:30.88431722, 2.5000E+00, 6.6533E+00, 1.3333E+00,
14:33:30.88431727, 2.5000E+00, 6.6667E+00, 3.3333E-01,
14:33:30.88431732, 2.5000E+00, 6.6667E+00, 6.6667E-01,
14:33:30.88431737, 2.4667E+00, 6.6800E+00, 6.6667E-01,
14:33:30.88431742, 2.5333E+00, 6.6533E+00, 1.0000E+00,
14:33:30.88431747, 2.4667E+00, 6.6400E+00, 1.3333E+00,
14:33:30.88431752, 2.3667E+00, 6.6400E+00, 1.3333E+00,
14:33:30.88431757, 2.5000E+00, 6.6667E+00, 1.0000E+00,
14:33:30.88431762, 2.4333E+00, 6.6267E+00, 6.6667E-01,
14:33:30.88431767, 2.4333E+00, 6.6533E+00, 1.6667E+00,
14:33:30.88431772, 2.4333E+00, 6.6533E+00, 1.0000E+00,
14:33:30.88431777, 2.4000E+00, 6.6533E+00, 3.3333E-01,
14:33:30.88431782, 2.4000E+00, 6.6800E+00, 1.0000E+00,
14:33:30.88431787, 2.4667E+00, 6.6533E+00, 1.3333E+00,
14:33:30.88431792, 2.4000E+00, 6.6667E+00, 1.6667E+00,
14:33:30.88431797, 2.4000E+00, 6.6267E+00, 1.0000E+00,
14:33:30.88431802, 2.4333E+00, 6.6533E+00, 6.6667E-01,
14:33:30.88431807, 2.4667E+00, 6.6267E+00, 1.3333E+00,
14:33:30.88431812, 2.5333E+00, 6.6533E+00, 1.3333E+00,
14:33:30.88431817, 2.4000E+00, 6.6533E+00, 1.3333E+00,
14:33:30.88431822, 2.4667E+00, 6.6667E+00, 1.6667E+00,
14:33:30.88431827, 2.4667E+00, 6.6267E+00, 1.3333E+00,
14:33:30.88431832, 2.4000E+00, 6.6533E+00, 1.0000E+00,
14:33:30.88431837, 2.4000E+00, 6.6533E+00, 6.6667E-01,
14:33:30.88431842, 2.4667E+00, 6.6400E+00, 1.3333E+00,
14:33:30.88431847, 2.4667E+00, 6.6267E+00, 1.6667E+00,
14:33:30.88431852, 2.4667E+00, 6.6400E+00, 1.3333E+00,
14:33:30.88431857, 2.4667E+00, 6.6400E+00, 1.0000E+00,
14:33:30.88431862, 2.5000E+00, 6.6933E+00, 1.3333E+00,
14:33:30.88431867, 2.5000E+00, 6.6400E+00, 6.6667E-01,
14:33:30.88431872, 2.4667E+00, 6.6400E+00, 1.0000E+00,
14:33:30.88431877, 2.4333E+00, 6.6533E+00, 3.3333E-01,
14:33:30.88431882, 2.4333E+00, 6.6267E+00, 1.6667E+00,
14:33:30.88431887, 2.4000E+00, 6.6267E+00, 1.6667E+00,
14:33:30.88431892, 2.4000E+00, 6.6400E+00, 2.0000E+00,
14:33:30.88431897, 2.4000E+00, 6.6667E+00, 1.6667E+00,
14:33:30.88431902, 2.4000E+00, 6.6533E+00, 1.6667E+00,
14:33:30.88431907, 2.4000E+00, 6.6400E+00, 1.0000E+00,
14:33:30.88431912, 2.4333E+00, 6.6533E+00, 1.6667E+00,
14:33:30.88431917, 2.5000E+00, 6.6533E+00, 1.0000E+00,
14:33:30.88431922, 2.4333E+00, 6.6667E+00, 1.0000E+00,
14:33:30.88431927, 2.4000E+00, 6.6400E+00, 1.0000E+00,
14:33:30.88431932, 2.4000E+00, 6.6667E+00, 1.0000E+00,
14:33:30.88431937, 2.4333E+00, 6.6267E+00, 1.0000E+00,
14:33:30.88431942, 2.4000E+00, 6.6400E+00, 1.3333E+00,
14:33:30.88431947, 2.4333E+00, 6.6400E+00, 2.0000E+00,
14:33:30.88431952, 2.4667E+00, 6.6400E+00, 1.3333E+00,
14:33:30.88431957, 2.4333E+00, 6.6267E+00, 1.3333E+00,
14:33:30.88431962, 2.4000E+00, 6.6933E+00, 1.0000E+00,
14:33:30.88431967, 2.4333E+00, 6.6400E+00, 1.0000E+00,
14:33:30.88431972, 2.4000E+00, 6.6400E+00, 1.6667E+00,
14:33:30.88431977, 2.4000E+00, 6.6800E+00, 1.6667E+00,
14:33:30.88431982, 2.4333E+00, 6.6667E+00, 6.6667E-01,
14:33:30.88431987, 2.4333E+00, 6.6667E+00, 1.6667E+00,
14:33:30.88431992, 2.4333E+00, 6.6667E+00, 1.6667E+00,
14:33:30.88431997, 2.4000E+00, 6.6533E+00, 2.0000E+00,
14:33:30.88432002, 2.4000E+00, 6.6933E+00, 1.6667E+00,
14:33:30.88432007, 2.4333E+00, 6.6800E+00, 2.0000E+00,
14:33:30.88432012, 2.4667E+00, 6.6933E+00, 1.6667E+00,
14:33:30.88432017, 2.4667E+00, 6.6933E+00, 1.3333E+00,
14:33:30.88432022, 2.4333E+00, 6.6533E+00, 1.3333E+00,
14:33:30.88432027, 2.5000E+00, 6.6533E+00, 1.6667E+00,
14:33:30.88432032, 2.4000E+00, 6.6667E+00, 1.3333E+00,
14:33:30.88432037, 2.4333E+00, 6.6533E+00, 1.6667E+00,
14:33:30.88432042, 2.4333E+00, 6.6933E+00, 1.6667E+00,
14:33:30.88432047, 2.4000E+00, 6.6667E+00, 1.6667E+00,
14:33:30.88432052, 2.4667E+00, 6.6400E+00, 1.6667E+00,
14:33:30.88432057, 2.4667E+00, 6.6933E+00, 1.6667E+00,
14:33:30.88432062, 2.4333E+00, 6.6533E+00, 2.0000E+00,
14:33:30.88432067, 2.4000E+00, 6.6667E+00, 2.3333E+00,
14:33:30.88432072, 2.4667E+00, 6.6800E+00, 1.6667E+00,
14:33:30.88432077, 2.4000E+00, 6.6933E+00, 1.6667E+00,
14:33:30.88432082, 2.4000E+00, 6.6933E+00, 2.3333E+00,
14:33:30.88432087, 2.4000E+00, 6.6800E+00, 1.6667E+00,
14:33:30.88432092, 2.4667E+00, 6.7067E+00, 1.6667E+00,
14:33:30.88432097, 2.4333E+00, 6.6800E+00, 1.6667E+00,
14:33:30.88432102, 2.4667E+00, 6.6800E+00, 1.6667E+00,
14:33:30.88432107, 2.4000E+00, 6.7067E+00, 2.0000E+00,
14:33:30.88432112, 2.5000E+00, 6.6667E+00, 2.0000E+00,
14:33:30.88432117, 2.4667E+00, 6.6800E+00, 1.3333E+00,
14:33:30.88432122, 2.4667E+00, 6.6800E+00, 2.0000E+00,
14:33:30.88432127, 2.4000E+00, 6.7067E+00, 1.6667E+00,
14:33:30.88432132, 2.4000E+00, 6.6933E+00, 1.6667E+00,
14:33:30.88432137, 2.4667E+00, 6.6800E+00, 2.0000E+00,
14:33:30.88432142, 2.4000E+00, 6.6800E+00, 1.6667E+00,
14:33:30.88432147, 2.4333E+00, 6.6933E+00, 1.6667E+00,
14:33:30.88432152, 2.4667E+00, 6.6667E+00, 2.0000E+00,
14:33:30.88432157, 2.4333E+00, 6.6667E+00, 2.0000E+00,
14:33:30.88432162, 2.3667E+00, 6.6667E+00, 1.6667E+00,
14:33:30.88432167, 2.4667E+00, 6.6933E+00, 1.6667E+00,
14:33:30.88432172, 2.4667E+00, 6.6933E+00, 1.6667E+00,
14:33:30.88432177, 2.4000E+00, 6.6933E+00, 6.6667E-01,
14:33:30.88432182, 2.4000E+00, 6.6933E+00, 1.6667E+00,
14:33:30.88432187, 2.4000E+00, 6.6933E+00, 2.0000E+00,
14:33:30.88432192, 2.4000E+00, 6.6667E+00, 3.0000E+00,
14:33:30.88432197, 2.5000E+00, 6.7200E+00, 1.6667E+00,
14:33:30.88432202, 2.4667E+00, 6.7333E+00, 1.6667E+00,
14:33:30.88432207, 2.4333E+00, 6.6667E+00, 2.6667E+00,
14:33:30.88432212, 2.4000E+00, 6.6800E+00, 1.6667E+00,
14:33:30.88432217, 2.4333E+00, 6.6800E+00, 1.6667E+00,
14:33:30.88432222, 2.4333E+00, 6.7067E+00, 2.3333E+00,
14:33:30.88432227, 2.4333E+00, 6.7200E+00, 1.6667E+00,
14:33:30.88432232, 2.4333E+00, 6.7067E+00, 1.6667E+00,
14:33:30.88432237, 2.4333E+00, 6.7067E+00, 2.3333E+00,
14:33:30.88432242, 2.4333E+00, 6.6933E+00, 2.0000E+00,
14:33:30.88432247, 2.4000E+00, 6.7067E+00, 2.0000E+00,
14:33:30.88432252, 2.5000E+00, 6.7333E+00, 1.3333E+00,
14:33:30.88432257, 2.4000E+00, 6.7200E+00, 1.6667E+00,
14:33:30.88432262, 2.4333E+00, 6.7333E+00, 2.3333E+00,
14:33:30.88432267, 2.4333E+00, 6.7200E+00, 1.6667E+00,
14:33:30.88432272, 2.4667E+00, 6.7467E+00, 2.0000E+00,
14:33:30.88432277, 2.4667E+00, 6.7067E+00, 1.6667E+00,
14:33:30.88432282, 2.4333E+00, 6.7333E+00, 2.0000E+00,
14:33:30.88432287, 2.4333E+00, 6.7333E+00, 2.6667E+00,
14:33:30.88432292, 2.4333E+00, 6.7333E+00, 2.6667E+00,
14:33:30.88432297, 2.4000E+00, 6.7333E+00, 2.0000E+00,
14:33:30.88432302, 2.4000E+00, 6.7333E+00, 1.3333E+00,
14:33:30.88432307, 2.4667E+00, 6.7200E+00, 2.3333E+00,
14:33:30.88432312, 2.4333E+00, 6.7467E+00, 2.0000E+00,
14:33:30.88432317, 2.4000E+00, 6.7333E+00, 1.6667E+00,
14:33:30.88432322, 2.4000E+00, 6.7333E+00, 2.3333E+00,
14:33:30.88432327, 2.4333E+00, 6.7200E+00, 2.0000E+00,
14:33:30.88432332, 2.4000E+00, 6.7200E+00, 1.6667E+00,
14:33:30.88432337, 2.5000E+00, 6.7067E+00, 2.3333E+00,
14:33:30.88432342, 2.4333E+00, 6.7600E+00, 2.3333E+00,
14:33:30.88432347, 2.4000E+00, 6.7467E+00, 2.0000E+00,
14:33:30.88432352, 2.4667E+00, 6.7467E+00, 1.6667E+00,
14:33:30.88432357, 2.4333E+00, 6.7067E+00, 1.6667E+00,
14:33:30.88432362, 2.4667E+00, 6.7333E+00, 2.6667E+00,
14:33:30.88432367, 2.4333E+00, 6.7467E+00, 1.6667E+00,
14:33:30.88432372, 2.5000E+00, 6.7333E+00, 2.0000E+00,
14:33:30.88432377, 2.4000E+00, 6.7600E+00, 1.6667E+00,
14:33:30.88432382, 2.4000E+00, 6.7467E+00, 1.6667E+00,
14:33:30.88432387, 2.4333E+00, 6.7600E+00, 1.6667E+00,
14:33:30.88432392, 2.4333E+00, 6.7467E+00, 2.0000E+00,
14:33:30.88432397, 2.4333E+00, 6.7467E+00, 2.3333E+00,
14:33:30.88432402, 2.4667E+00, 6.7467E+00, 1.3333E+00,
14:33:30.88432407, 2.4667E+00, 6.7467E+00, 1.6667E+00,
14:33:30.88432412, 2.4000E+00, 6.7200E+00, 2.0000E+00,
14:33:30.88432417, 2.4667E+00, 6.7600E+00, 1.6667E+00,
14:33:30.88432422, 2.4333E+00, 6.7333E+00, 2.6667E+00,
14:33:30.88432427, 2.4667E+00, 6.7600E+00, 1.6667E+00,
14:33:30.88432432, 2.4667E+00, 6.7867E+00, 2.0000E+00,
14:33:30.88432437, 2.4333E+00, 6.7600E+00, 2.3333E+00,
14:33:30.88432442, 2.4000E+00, 6.7600E+00, 3.0000E+00,
14:33:30.88432447, 2.5000E+00, 6.7467E+00, 1.6667E+00,
14:33:30.88432452, 2.4333E+00, 6.7200E+00, 1.6667E+00,
14:33:30.88432457, 2.4333E+00, 6.7467E+00, 1.6667E+00,
14:33:30.88432462, 2.4000E+00, 6.7467E+00, 1.6667E+00,
14:33:30.88432467, 2.4333E+00, 6.7600E+00, 2.3333E+00,
14:33:30.88432472, 2.4667E+00, 6.7600E+00, 2.0000E+00,
14:33:30.88432477, 2.4333E+00, 6.7600E+00, 1.6667E+00,
14:33:30.88432482, 2.4000E+00, 6.7600E+00, 1.6667E+00,
14:33:30.88432487, 2.4000E+00, 6.7600E+00, 1.6667E+00,
14:33:30.88432492, 2.4667E+00, 6.7600E+00, 2.3333E+00,
14:33:30.88432497, 2.4000E+00, 6.7600E+00, 2.0000E+00,
14:33:30.88432502, 2.4333E+00, 6.7600E+00, 2.0000E+00,
14:33:30.88432507, 2.4667E+00, 6.8000E+00, 2.0000E+00,
14:33:30.88432512, 2.4333E+00, 6.7600E+00, 2.6667E+00,
14:33:30.88432517, 2.4000E+00, 6.7600E+00, 1.6667E+00,
14:33:30.88432522, 2.4667E+00, 6.7600E+00, 2.0000E+00,
14:33:30.88432527, 2.4667E+00, 6.8133E+00, 2.0000E+00,
14:33:30.88432532, 2.4000E+00, 6.7733E+00, 2.0000E+00,
14:33:30.88432537, 2.5000E+00, 6.7733E+00, 1.6667E+00,
14:33:30.88432542, 2.4667E+00, 6.7733E+00, 1.6667E+00,
14:33:30.88432547, 2.4000E+00, 6.7733E+00, 2.0000E+00,
14:33:30.88432552, 2.4333E+00, 6.7733E+00, 1.6667E+00,
14:33:30.88432557, 2.4000E+00, 6.7733E+00, 1.6667E+00,
14:33:30.88432562, 2.4333E+00, 6.7733E+00, 2.3333E+00,
14:33:30.88432567, 2.4667E+00, 6.7733E+00, 1.6667E+00,
14:33:30.88432572, 2.4333E+00, 6.7733E+00, 2.0000E+00,
14:33:30.88432577, 2.4667E+00, 6.7600E+00, 2.0000E+00,
14:33:30.88432582, 2.4333E+00, 6.7867E+00, 2.0000E+00,
14:33:30.88432587, 2.4000E+00, 6.7867E+00, 1.6667E+00,
14:33:30.88432592, 2.4000E+00, 6.7600E+00, 1.3333E+00,
14:33:30.88432597, 2.4667E+00, 6.7733E+00, 1.6667E+00,
14:33:30.88432602, 2.4000E+00, 6.7600E+00, 2.3333E+00,
14:33:30.88432607, 2.4333E+00, 6.7867E+00, 1.6667E+00,
14:33:30.88432612, 2.4000E+00, 6.7600E+00, 1.3333E+00,
14:33:30.88432617, 2.4333E+00, 6.7733E+00, 1.6667E+00,
14:33:30.88432622, 2.4333E+00, 6.8133E+00, 1.6667E+00,
14:33:30.88432627, 2.4667E+00, 6.7867E+00, 2.0000E+00,
14:33:30.88432632, 2.4667E+00, 6.7733E+00, 2.0000E+00,
14:33:30.88432637, 2.4333E+00, 6.7867E+00, 2.0000E+00,
14:33:30.88432642, 2.4667E+00, 6.7600E+00, 1.6667E+00,
14:33:30.88432647, 2.4333E+00, 6.8133E+00, 2.0000E+00,
14:33:30.88432652, 2.4333E+00, 6.7600E+00, 2.0000E+00,
14:33:30.88432657, 2.4667E+00, 6.7733E+00, 1.6667E+00,
14:33:30.88432662, 2.4333E+00, 6.7600E+00, 2.3333E+00,
14:33:30.88432667, 2.4333E+00, 6.7867E+00, 1.3333E+00,
14:33:30.88432672, 2.4333E+00, 6.7867E+00, 2.0000E+00,
14:33:30.88432677, 2.4333E+00, 6.7600E+00, 1.6667E+00,
14:33:30.88432682, 2.5333E+00, 6.7733E+00, 1.3333E+00,
14:33:30.88432687, 2.4333E+00, 6.7733E+00, 1.6667E+00,
14:33:30.88432692, 2.4667E+00, 6.7867E+00, 2.0000E+00,
14:33:30.88432697, 2.4333E+00, 6.7733E+00, 1.6667E+00,
14:33:30.88432702, 2.4333E+00, 6.7733E+00, 1.3333E+00,
14:33:30.88432707, 2.4000E+00, 6.8133E+00, 2.0000E+00,
14:33:30.88432712, 2.4000E+00, 6.7867E+00, 1.3333E+00,
14:33:30.88432717, 2.4667E+00, 6.8133E+00, 1.6667E+00,
14:33:30.88432722, 2.4333E+00, 6.7733E+00, 1.6667E+00,
14:33:30.88432727, 2.4333E+00, 6.8000E+00, 1.6667E+00,
14:33:30.88432732, 2.4333E+00, 6.7600E+00, 1.6667E+00,
14:33:30.88432737, 2.4333E+00, 6.8000E+00, 1.6667E+00,
14:33:30.88432742, 2.4333E+00, 6.7733E+00, 1.6667E+00,
14:33:30.88432747, 2.3667E+00, 6.7867E+00, 1.6667E+00,
14:33:30.88432752, 2.4333E+00, 6.8000E+00, 1.6667E+00,
14:33:30.88432757, 2.4000E+00, 6.7867E+00, 1.6667E+00,
14:33:30.88432762, 2.4333E+00, 6.8267E+00, 1.6667E+00,
14:33:30.88432767, 2.4000E+00, 6.7867E+00, 1.3333E+00,
14:33:30.88432772, 2.4667E+00, 6.7867E+00, 1.0000E+00,
14:33:30.88432777, 2.5667E+00, 6.8267E+00, 1.3333E+00,
14:33:30.88432782, 2.4333E+00, 6.8000E+00, 1.6667E+00,
14:33:30.88432787, 2.4000E+00, 6.8133E+00, 1.3333E+00,
14:33:30.88432792, 2.4000E+00, 6.8000E+00, 1.6667E+00,
14:33:30.88432797, 2.4333E+00, 6.7867E+00, 1.6667E+00,
14:33:30.88432802, 2.4000E+00, 6.7867E+00, 1.6667E+00,
14:33:30.88432807, 2.4667E+00, 6.8000E+00, 1.3333E+00,
14:33:30.88432812, 2.4667E+00, 6.8133E+00, 1.0000E+00,
14:33:30.88432817, 2.4667E+00, 6.7733E+00, 1.6667E+00,
14:33:30.88432822, 2.4667E+00, 6.7867E+00, 1.3333E+00,
14:33:30.88432827, 2.4333E+00, 6.8000E+00, 1.6667E+00,
14:33:30.88432832, 2.4667E+00, 6.7733E+00, 2.0000E+00,
14:33:30.88432837, 2.4333E+00, 6.8000E+00, 1.6667E+00,
14:33:30.88432842, 2.4667E+00, 6.8000E+00, 1.6667E+00,
14:33:30.88432847, 2.4000E+00, 6.8000E+00, 1.3333E+00,
14:33:30.88432852, 2.4333E+00, 6.8000E+00, 1.0000E+00,
14:33:30.88432857, 2.4000E+00, 6.8267E+00, 1.6667E+00,
14:33:30.88432862, 2.4000E+00, 6.8000E+00, 1.0000E+00,
14:33:30.88432867, 2.4000E+00, 6.8133E+00, 1.6667E+00,
14:33:30.88432872, 2.4667E+00, 6.7867E+00, 1.3333E+00,
14:33:30.88432877, 2.4667E+00, 6.7867E+00, 2.6667E+00,
14:33:30.88432882, 2.4333E+00, 6.7867E+00, 1.6667E+00,
14:33:30.88432887, 2.4000E+00, 6.8133E+00, 1.6667E+00,
14:33:30.88432892, 2.4333E+00, 6.8000E+00, 1.0000E+00,
14:33:30.88432897, 2.4333E+00, 6.8133E+00, 1.0000E+00,
14:33:30.88432902, 2.5000E+00, 6.7867E+00, 1.0000E+00,
14:33:30.88432907, 2.4000E+00, 6.8133E+00, 1.3333E+00,
14:33:30.88432912, 2.4000E+00, 6.7733E+00, 1.3333E+00,
14:33:30.88432917, 2.4667E+00, 6.8133E+00, 1.3333E+00,
14:33:30.88432922, 2.4667E+00, 6.8000E+00, 1.3333E+00,
14:33:30.88432927, 2.4667E+00, 6.8000E+00, 1.0000E+00,
14:33:30.88432932, 2.4333E+00, 6.8000E+00, 1.3333E+00,
14:33:30.88432937, 2.4000E+00, 6.7867E+00, 1.6667E+00,
14:33:30.88432942, 2.4000E+00, 6.8133E+00, 1.3333E+00,
14:33:30.88432947, 2.4000E+00, 6.8000E+00, 1.6667E+00,
14:33:30.88432952, 2.4000E+00, 6.7867E+00, 1.3333E+00,
14:33:30.88432957, 2.4000E+00, 6.8000E+00, 2.0000E+00,
14:33:30.88432962, 2.4333E+00, 6.8133E+00, 2.0000E+00,
14:33:30.88432967, 2.4667E+00, 6.7867E+00, 6.6667E-01,
14:33:30.88432972, 2.4667E+00, 6.8000E+00, 1.6667E+00,
14:33:30.88432977, 2.4000E+00, 6.8000E+00, 1.0000E+00,
14:33:30.88432982, 2.4667E+00, 6.7733E+00, 1.0000E+00,
14:33:30.88432987, 2.4000E+00, 6.8000E+00, 1.6667E+00,
14:33:30.88432992, 2.3667E+00, 6.7867E+00, 6.6667E-01,
14:33:30.88432997, 2.4667E+00, 6.7600E+00, 1.6667E+00,
14:33:30.88433002, 2.4667E+00, 6.8000E+00, 6.6667E-01,
14:33:30.88433007, 2.4333E+00, 6.8000E+00, 1.0000E+00,
14:33:30.88433012, 2.4000E+00, 6.7867E+00, 1.3333E+00,
14:33:30.88433017, 2.4000E+00, 6.7867E+00, 1.3333E+00,
14:33:30.88433022, 2.4333E+00, 6.7867E+00, 1.0000E+00,
14:33:30.88433027, 2.4333E+00, 6.8000E+00, 6.6667E-01,
14:33:30.88433032, 2.4333E+00, 6.7867E+00, 6.6667E-01,
14:33:30.88433037, 2.4333E+00, 6.7867E+00, 1.6667E+00,
14:33:30.88433042, 2.4000E+00, 6.7867E+00, 1.6667E+00,
14:33:30.88433047, 2.4000E+00, 6.7867E+00, 1.3333E+00,
14:33:30.88433052, 2.4333E+00, 6.7733E+00, 1.0000E+00,
14:33:30.88433057, 2.4333E+00, 6.7733E+00, 1.3333E+00,
14:33:30.88433062, 2.4667E+00, 6.7867E+00, 6.6667E-01,
14:33:30.88433067, 2.4333E+00, 6.7867E+00, 1.6667E+00,
14:33:30.88433072, 2.4333E+00, 6.7733E+00, 1.0000E+00,
14:33:30.88433077, 2.4333E+00, 6.7733E+00, 6.6667E-01,
14:33:30.88433082, 2.4333E+00, 6.7600E+00, 1.0000E+00,
14:33:30.88433087, 2.4333E+00, 6.7867E+00, 1.3333E+00,
14:33:30.88433092, 2.4333E+00, 6.7867E+00, 1.6667E+00,
14:33:30.88433097, 2.4000E+00, 6.8000E+00, 1.0000E+00,
14:33:30.88433102, 2.4333E+00, 6.7600E+00, 6.6667E-01,
14:33:30.88433107, 2.5000E+00, 6.7600E+00, 6.6667E-01,
14:33:30.88433112, 2.4333E+00, 6.8000E+00, 1.0000E+00,
14:33:30.88433117, 2.4667E+00, 6.7733E+00, 1.3333E+00,
14:33:30.88433122, 2.4333E+00, 6.7867E+00, 6.6667E-01,
14:33:30.88433127, 2.4667E+00, 6.7867E+00, 1.0000E+00,
14:33:30.88433132, 2.4000E+00, 6.8000E+00, 1.6667E+00,
14:33:30.88433137, 2.4333E+00, 6.7867E+00, 3.3333E-01,
14:33:30.88433142, 2.4333E+00, 6.8000E+00, 3.3333E-01,
14:33:30.88433147, 2.4667E+00, 6.7867E+00, 6.6667E-01,
14:33:30.88433152, 2.4333E+00, 6.7867E+00, 1.6667E+00,
14:33:30.88433157, 2.4000E+00, 6.7600E+00, 1.0000E+00,
14:33:30.88433162, 2.4667E+00, 6.7867E+00, 1.6667E+00,
14:33:30.88433167, 2.4667E+00, 6.7867E+00, 1.0000E+00,
14:33:30.88433172, 2.4667E+00, 6.7867E+00, 1.0000E+00,
14:33:30.88433177, 2.4333E+00, 6.7867E+00, 3.3333E-01,
14:33:30.88433182, 2.4000E+00, 6.7867E+00, 1.0000E+00,
14:33:30.88433187, 2.4000E+00, 6.7467E+00, 1.3333E+00,
14:33:30.88433192, 2.4333E+00, 6.7600E+00, 6.6667E-01,
14:33:30.88433197, 2.5000E+00, 6.7867E+00, 3.3333E-01,
14:33:30.88433202, 2.4667E+00, 6.7600E+00, 6.6667E-01,
14:33:30.88433207, 2.4667E+00, 6.7867E+00, 1.0000E+00,
14:33:30.88433212, 2.4333E+00, 6.7600E+00, 6.6667E-01,
14:33:30.88433217, 2.5000E+00, 6.7733E+00, 1.0000E+00,
14:33:30.88433222, 2.4333E+00, 6.7733E+00, 6.6667E-01,
14:33:30.88433227, 2.4000E+00, 6.7600E+00, 1.0000E+00,
14:33:30.88433232, 2.4333E+00, 6.7867E+00, 1.0000E+00,
14:33:30.88433237, 2.4000E+00, 6.7600E+00, 3.3333E-01,
14:33:30.88433242, 2.4333E+00, 6.7733E+00, 3.3333E-01,
14:33:30.88433247, 2.4667E+00, 6.7733E+00, 6.6667E-01,
14:33:30.88433252, 2.5000E+00, 6.7600E+00, 3.3333E-01,
14:33:30.88433257, 2.5000E+00, 6.8000E+00, 0.0000E+00,
14:33:30.88433262, 2.5000E+00, 6.7467E+00, 1.0000E+00,
14:33:30.88433267, 2.4667E+00, 6.7467E+00, 3.3333E-01,
14:33:30.88433272, 2.4333E+00, 6.7600E+00, 6.6667E-01,
14:33:30.88433277, 2.4667E+00, 6.7600E+00, 3.3333E-01,
14:33:30.88433282, 2.4333E+00, 6.7600E+00, 3.3333E-01,
14:33:30.88433287, 2.4000E+00, 6.7733E+00, 1.3333E+00,
14:33:30.88433292, 2.4000E+00, 6.7600E+00, 6.6667E-01,
14:33:30.88433297, 2.4000E+00, 6.7600E+00, 6.6667E-01,
14:33:30.88433302, 2.4667E+00, 6.7467E+00, 0.0000E+00,
14:33:30.88433307, 2.4333E+00, 6.7333E+00, 3.3333E-01,
14:33:30.88433312, 2.4333E+00, 6.7600E+00, 1.0000E+00,
14:33:30.88433317, 2.4000E+00, 6.7600E+00, 6.6667E-01,
14:33:30.88433322, 2.4000E+00, 6.7600E+00, 3.3333E-01,
14:33:30.88433327, 2.4000E+00, 6.7733E+00, 1.0000E+00,
14:33:30.88433332, 2.4333E+00, 6.7733E+00, 6.6667E-01,
14:33:30.88433337, 2.4333E+00, 6.7600E+00, 3.3333E-01,
14:33:30.88433342, 2.4000E+00, 6.7867E+00, 1.0000E+00,
14:33:30.88433347, 2.4333E+00, 6.7600E+00, 0.0000E+00,
14:33:30.88433352, 2.5000E+00, 6.7600E+00, 3.3333E-01,
14:33:30.88433357, 2.4000E+00, 6.7733E+00, 3.3333E-01,
14:33:30.88433362, 2.4333E+00, 6.7733E+00, 1.3333E+00,
14:33:30.88433367, 2.4000E+00, 6.7733E+00, 3.3333E-01,
14:33:30.88433372, 2.4333E+00, 6.7600E+00, 3.3333E-01,
14:33:30.88433377, 2.4333E+00, 6.7600E+00, 0.0000E+00,
14:33:30.88433382, 2.4000E+00, 6.7600E+00, 3.3333E-01,
14:33:30.88433387, 2.5000E+00, 6.7600E+00, 6.6667E-01,
14:33:30.88433392, 2.4667E+00, 6.7333E+00, 3.3333E-01,
14:33:30.88433397, 2.4333E+00, 6.7600E+00, 6.6667E-01,
14:33:30.88433402, 2.4000E+00, 6.7600E+00, 3.3333E-01,
14:33:30.88433407, 2.4000E+00, 6.7333E+00, 1.0000E+00,
14:33:30.88433412, 2.4000E+00, 6.7467E+00, 3.3333E-01,
14:33:30.88433417, 2.4667E+00, 6.7600E+00, 3.3333E-01,
14:33:30.88433422, 2.5000E+00, 6.7467E+00, 3.3333E-01,
14:33:30.88433427, 2.4000E+00, 6.7600E+00, 3.3333E-01,
14:33:30.88433432, 2.4333E+00, 6.7467E+00, 1.6667E+00,
14:33:30.88433437, 2.4000E+00, 6.7600E+00, 1.3333E+00,
14:33:30.88433442, 2.4667E+00, 6.7200E+00, 3.3333E-01,
14:33:30.88433447, 2.4333E+00, 6.7333E+00, 1.0000E+00,
14:33:30.88433452, 2.4000E+00, 6.7600E+00, 1.0000E+00,
14:33:30.88433457, 2.4000E+00, 6.7467E+00, 6.6667E-01,
14:33:30.88433462, 2.4333E+00, 6.7333E+00, 3.3333E-01,
14:33:30.88433467, 2.5333E+00, 6.7467E+00, 6.6667E-01,
14:33:30.88433472, 2.4000E+00, 6.7333E+00, 6.6667E-01,
14:33:30.88433477, 2.4333E+00, 6.7467E+00, 1.0000E+00,
14:33:30.88433482, 2.4667E+00, 6.7333E+00, 1.0000E+00,
14:33:30.88433487, 2.4333E+00, 6.7200E+00, 6.6667E-01,
14:33:30.88433492, 2.4333E+00, 6.7200E+00, 3.3333E-01,
14:33:30.88433497, 2.4667E+00, 6.7333E+00, 1.0000E+00,
14:33:30.88433502, 2.4333E+00, 6.7600E+00, 3.3333E-01,
14:33:30.88433507, 2.4333E+00, 6.6933E+00, 0.0000E+00,
14:33:30.88433512, 2.4000E+00, 6.7200E+00, 6.6667E-01,
14:33:30.88433517, 2.3000E+00, 6.7600E+00, 6.6667E-01,
14:33:30.88433522, 2.4000E+00, 6.7467E+00, 1.0000E+00,
14:33:30.88433527, 2.4000E+00, 6.7200E+00, 6.6667E-01,
14:33:30.88433532, 2.4000E+00, 6.7600E+00, 6.6667E-01,
14:33:30.88433537, 2.4333E+00, 6.7467E+00, 1.3333E+00,
14:33:30.88433542, 2.4667E+00, 6.7467E+00, 3.3333E-01,
14:33:30.88433547, 2.4000E+00, 6.7200E+00, 1.0000E+00,
14:33:30.88433552, 2.4333E+00, 6.7600E+00, 1.6667E+00,
14:33:30.88433557, 2.4667E+00, 6.7600E+00, 6.6667E-01,
14:33:30.88433562, 2.3667E+00, 6.7067E+00, 1.3333E+00,
14:33:30.88433567, 2.4667E+00, 6.7067E+00, 3.3333E-01,
14:33:30.88433572, 2.4000E+00, 6.7200E+00, 3.3333E-01,
14:33:30.88433577, 2.4000E+00, 6.7467E+00, 0.0000E+00,
14:33:30.88433582, 2.4000E+00, 6.7467E+00, 0.0000E+00,
14:33:30.88433587, 2.4667E+00, 6.7467E+00, 6.6667E-01,
14:33:30.88433592, 2.5000E+00, 6.7333E+00, 3.3333E-01,
14:33:30.88433597, 2.4667E+00, 6.7067E+00, 6.6667E-01,
14:33:30.88433602, 2.4667E+00, 6.7333E+00, 3.3333E-01,
14:33:30.88433607, 2.4000E+00, 6.7600E+00, 6.6667E-01,
14:33:30.88433612, 2.4000E+00, 6.7200E+00, 1.3333E+00,
14:33:30.88433617, 2.4667E+00, 6.7600E+00, 6.6667E-01,
14:33:30.88433622, 2.4667E+00, 6.7067E+00, 1.3333E+00,
14:33:30.88433627, 2.4333E+00, 6.7467E+00, 1.3333E+00,
14:33:30.88433632, 2.4667E+00, 6.6933E+00, 1.0000E+00,
14:33:30.88433637, 2.5000E+00, 6.7333E+00, 3.3333E-01,
14:33:30.88433642, 2.4333E+00, 6.7333E+00, 1.0000E+00,
14:33:30.88433647, 2.4000E+00, 6.7333E+00, 1.0000E+00,
14:33:30.88433652, 2.4333E+00, 6.7200E+00, 1.0000E+00,
14:33:30.88433657, 2.4000E+00, 6.7067E+00, 6.6667E-01,
14:33:30.88433662, 2.4667E+00, 6.7067E+00, 6.6667E-01,
14:33:30.88433667, 2.4667E+00, 6.7333E+00, 1.0000E+00,
14:33:30.88433672, 2.4667E+00, 6.7067E+00, 3.3333E-01,
14:33:30.88433677, 2.4000E+00, 6.7200E+00, 1.0000E+00,
14:33:30.88433682, 2.4667E+00, 6.7200E+00, 1.0000E+00,
14:33:30.88433687, 2.4333E+00, 6.7200E+00, 1.6667E+00,
14:33:30.88433692, 2.4333E+00, 6.7200E+00, 1.0000E+00,
14:33:30.88433697, 2.4667E+00, 6.7067E+00, 3.3333E-01,
14:33:30.88433702, 2.4000E+00, 6.6933E+00, 1.0000E+00,
14:33:30.88433707, 2.4333E+00, 6.7600E+00, 6.6667E-01,
14:33:30.88433712, 2.4333E+00, 6.7067E+00, 1.0000E+00,
14:33:30.88433717, 2.4667E+00, 6.7333E+00, 0.0000E+00,
14:33:30.88433722, 2.4333E+00, 6.7200E+00, 6.6667E-01,
14:33:30.88433727, 2.4000E+00, 6.6933E+00, 6.6667E-01,
14:33:30.88433732, 2.4667E+00, 6.7333E+00, 1.0000E+00,
14:33:30.88433737, 2.4000E+00, 6.6933E+00, 1.3333E+00,
14:33:30.88433742, 2.4667E+00, 6.6933E+00, 6.6667E-01,
14:33:30.88433747, 2.4000E+00, 6.7200E+00, 1.6667E+00,
14:33:30.88433752, 2.4000E+00, 6.7067E+00, 6.6667E-01,
14:33:30.88433757, 2.4000E+00, 6.7200E+00, 1.3333E+00,
14:33:30.88433762, 2.3333E+00, 6.7067E+00, 1.3333E+00,
14:33:30.88433767, 2.4000E+00, 6.7467E+00, 0.0000E+00,
14:33:30.88433772, 2.4000E+00, 6.7200E+00, 6.6667E-01,
14:33:30.88433777, 2.4333E+00, 6.6933E+00, 6.6667E-01,
14:33:30.88433782, 2.4667E+00, 6.7467E+00, 1.3333E+00,
14:33:30.88433787, 2.4333E+00, 6.7200E+00, 1.3333E+00,
14:33:30.88433792, 2.4667E+00, 6.7467E+00, 1.0000E+00,
14:33:30.88433797, 2.4667E+00, 6.7067E+00, 1.3333E+00,
14:33:30.88433802, 2.4000E+00, 6.7200E+00, 6.6667E-01,
14:33:30.88433807, 2.4333E+00, 6.7067E+00, 1.3333E+00,
14:33:30.88433812, 2.4333E+00, 6.7067E+00, 1.0000E+00,
14:33:30.88433817, 2.4333E+00, 6.6800E+00, 1.3333E+00,
14:33:30.88433822, 2.3333E+00, 6.6933E+00, 3.3333E-01,
14:33:30.88433827, 2.4000E+00, 6.7067E+00, 3.3333E-01,
14:33:30.88433832, 2.4667E+00, 6.7067E+00, 1.3333E+00,
14:33:30.88433837, 2.4333E+00, 6.6933E+00, 1.3333E+00,
14:33:30.88433842, 2.4000E+00, 6.7200E+00, 1.0000E+00,
14:33:30.88433847, 2.5000E+00, 6.6800E+00, 1.6667E+00,
14:33:30.88433852, 2.4333E+00, 6.7333E+00, 1.3333E+00,
14:33:30.88433857, 2.4333E+00, 6.6667E+00, 1.6667E+00,
14:33:30.88433862, 2.4000E+00, 6.7067E+00, 6.6667E-01,
14:33:30.88433867, 2.4000E+00, 6.6800E+00, 1.0000E+00,
14:33:30.88433872, 2.4000E+00, 6.7067E+00, 6.6667E-01,
14:33:30.88433877, 2.4667E+00, 6.6800E+00, 6.6667E-01,
14:33:30.88433882, 2.4000E+00, 6.7333E+00, 1.6667E+00,
14:33:30.88433887, 2.4000E+00, 6.7200E+00, 1.3333E+00,
14:33:30.88433892, 2.4000E+00, 6.6933E+00, 1.6667E+00,
14:33:30.88433897, 2.4000E+00, 6.6800E+00, 1.0000E+00,
14:33:30.88433902, 2.4667E+00, 6.7067E+00, 1.0000E+00,
14:33:30.88433907, 2.4667E+00, 6.6933E+00, 1.0000E+00,
14:33:30.88433912, 2.4000E+00, 6.7200E+00, 3.3333E-01,
14:33:30.88433917, 2.3667E+00, 6.6933E+00, 1.3333E+00,
14:33:30.88433922, 2.5000E+00, 6.7200E+00, 3.3333E-01,
14:33:30.88433927, 2.4333E+00, 6.6800E+00, 1.0000E+00,
14:33:30.88433932, 2.4000E+00, 6.7200E+00, 3.3333E-01,
14:33:30.88433937, 2.4333E+00, 6.7067E+00, 1.6667E+00,
14:33:30.88433942, 2.4333E+00, 6.7333E+00, 2.0000E+00,
14:33:30.88433947, 2.4333E+00, 6.6800E+00, 1.3333E+00,
14:33:30.88433952, 2.4000E+00, 6.7067E+00, 1.6667E+00,
14:33:30.88433957, 2.4000E+00, 6.7200E+00, 1.0000E+00,
14:33:30.88433962, 2.4333E+00, 6.6933E+00, 1.0000E+00,
14:33:30.88433967, 2.3667E+00, 6.7200E+00, 1.0000E+00,
14:33:30.88433972, 2.4667E+00, 6.6800E+00, 6.6667E-01,
14:33:30.88433977, 2.4667E+00, 6.6933E+00, 1.6667E+00,
14:33:30.88433982, 2.4000E+00, 6.7067E+00, 1.0000E+00,
14:33:30.88433987, 2.4667E+00, 6.7333E+00, 1.3333E+00,
14:33:30.88433992, 2.4667E+00, 6.7333E+00, 1.3333E+00,
14:33:30.88433997, 2.4333E+00, 6.6800E+00, 1.3333E+00,
14:33:30.88434002, 2.4000E+00, 6.7333E+00, 1.0000E+00,
14:33:30.88434007, 2.4667E+00, 6.7200E+00, 1.3333E+00,
14:33:30.88434012, 2.4667E+00, 6.6800E+00, 6.6667E-01,
14:33:30.88434017, 2.4000E+00, 6.6800E+00, 6.6667E-01,
14:33:30.88434022, 2.4667E+00, 6.7200E+00, 1.0000E+00,
14:33:30.88434027, 2.4000E+00, 6.6800E+00, 1.6667E+00,
14:33:30.88434032, 2.4667E+00, 6.7200E+00, 1.3333E+00,
14:33:30.88434037, 2.4000E+00, 6.6933E+00, 1.3333E+00,
14:33:30.88434042, 2.5000E+00, 6.7467E+00, 1.6667E+00,
14:33:30.88434047, 2.4333E+00, 6.6933E+00, 1.6667E+00,
14:33:30.88434052, 2.4000E+00, 6.6800E+00, 6.6667E-01,
14:33:30.88434057, 2.4000E+00, 6.7067E+00, 1.6667E+00,
14:33:30.88434062, 2.4000E+00, 6.6933E+00, 1.3333E+00,
14:33:30.88434067, 2.4333E+00, 6.6933E+00, 1.3333E+00,
14:33:30.88434072, 2.4000E+00, 6.7067E+00, 2.0000E+00,
14:33:30.88434077, 2.4000E+00, 6.7333E+00, 1.3333E+00,
14:33:30.88434082, 2.4667E+00, 6.7200E+00, 1.6667E+00,
14:33:30.88434087, 2.4333E+00, 6.7200E+00, 1.3333E+00,
14:33:30.88434092, 2.4333E+00, 6.7200E+00, 1.6667E+00,
14:33:30.88434097, 2.4000E+00, 6.6800E+00, 1.6667E+00,
14:33:30.88434102, 2.4667E+00, 6.6800E+00, 1.3333E+00,
14:33:30.88434107, 2.4000E+00, 6.6933E+00, 1.6667E+00,
14:33:30.88434112, 2.4000E+00, 6.6933E+00, 1.3333E+00,
14:33:30.88434117, 2.3667E+00, 6.7067E+00, 1.6667E+00,
14:33:30.88434122, 2.4667E+00, 6.6933E+00, 1.3333E+00,
14:33:30.88434127, 2.4333E+00, 6.6800E+00, 1.6667E+00,
14:33:30.88434132, 2.4000E+00, 6.7200E+00, 1.0000E+00,
14:33:30.88434137, 2.4667E+00, 6.6800E+00, 1.6667E+00,
14:33:30.88434142, 2.4333E+00, 6.7067E+00, 1.0000E+00,
14:33:30.88434147, 2.4333E+00, 6.7067E+00, 1.0000E+00,
14:33:30.88434152, 2.4000E+00, 6.7067E+00, 1.6667E+00,
14:33:30.88434157, 2.4000E+00, 6.7067E+00, 1.0000E+00,
14:33:30.88434162, 2.4000E+00, 6.7200E+00, 1.3333E+00,
14:33:30.88434167, 2.4333E+00, 6.7067E+00, 1.6667E+00,
14:33:30.88434172, 2.4667E+00, 6.6933E+00, 1.3333E+00,
14:33:30.88434177, 2.4667E+00, 6.7333E+00, 1.6667E+00,
14:33:30.88434182, 2.4000E+00, 6.7067E+00, 1.6667E+00,
14:33:30.88434187, 2.4667E+00, 6.7200E+00, 1.6667E+00,
14:33:30.88434192, 2.4667E+00, 6.7200E+00, 1.6667E+00,
14:33:30.88434197, 2.4333E+00, 6.7333E+00, 1.0000E+00,
14:33:30.88434202, 2.4000E+00, 6.7200E+00, 1.3333E+00,
14:33:30.88434207, 2.4667E+00, 6.7200E+00, 1.6667E+00,
14:33:30.88434212, 2.4667E+00, 6.7200E+00, 1.6667E+00,
14:33:30.88434217, 2.4333E+00, 6.7200E+00, 1.6667E+00,
14:33:30.88434222, 2.4667E+00, 6.7200E+00, 1.6667E+00,
14:33:30.88434227, 2.4333E+00, 6.7333E+00, 1.6667E+00,
14:33:30.88434232, 2.4000E+00, 6.7200E+00, 1.3333E+00,
14:33:30.88434237, 2.4333E+00, 6.7067E+00, 1.3333E+00,
14:33:30.88434242, 2.4333E+00, 6.7200E+00, 1.6667E+00,
14:33:30.88434247, 2.4333E+00, 6.7067E+00, 1.0000E+00,
14:33:30.88434252, 2.4000E+00, 6.7067E+00, 1.6667E+00,
14:33:30.88434257, 2.4667E+00, 6.6933E+00, 1.6667E+00,
14:33:30.88434262, 2.4333E+00, 6.7067E+00, 1.6667E+00,
14:33:30.88434267, 2.4000E+00, 6.7067E+00, 1.6667E+00,
14:33:30.88434272, 2.5000E+00, 6.7600E+00, 1.6667E+00,
14:33:30.88434277, 2.4333E+00, 6.7333E+00, 1.6667E+00,
14:33:30.88434282, 2.4333E+00, 6.7600E+00, 1.6667E+00,
14:33:30.88434287, 2.4333E+00, 6.7200E+00, 1.6667E+00,
14:33:30.88434292, 2.4000E+00, 6.7333E+00, 1.6667E+00,
14:33:30.88434297, 2.4667E+00, 6.7067E+00, 1.3333E+00,
14:33:30.88434302, 2.4000E+00, 6.7200E+00, 1.3333E+00,
14:33:30.88434307, 2.5333E+00, 6.7200E+00, 1.0000E+00,
14:33:30.88434312, 2.4667E+00, 6.7200E+00, 1.3333E+00,
14:33:30.88434317, 2.5000E+00, 6.7333E+00, 1.3333E+00,
14:33:30.88434322, 2.4000E+00, 6.7333E+00, 1.6667E+00,
14:33:30.88434327, 2.4333E+00, 6.7200E+00, 1.6667E+00,
14:33:30.88434332, 2.4333E+00, 6.7333E+00, 1.6667E+00,
14:33:30.88434337, 2.4333E+00, 6.7333E+00, 1.6667E+00,
14:33:30.88434342, 2.4000E+00, 6.7067E+00, 1.6667E+00,
14:33:30.88434347, 2.4000E+00, 6.7200E+00, 1.3333E+00,
14:33:30.88434352, 2.5000E+00, 6.7200E+00, 2.0000E+00,
14:33:30.88434357, 2.4667E+00, 6.7200E+00, 1.0000E+00,
14:33:30.88434362, 2.4000E+00, 6.7067E+00, 1.6667E+00,
14:33:30.88434367, 2.4000E+00, 6.7333E+00, 1.6667E+00,
14:33:30.88434372, 2.4333E+00, 6.7200E+00, 1.6667E+00,
14:33:30.88434377, 2.4667E+00, 6.7333E+00, 6.6667E-01,
14:33:30.88434382, 2.4333E+00, 6.7200E+00, 1.3333E+00,
14:33:30.88434387, 2.4000E+00, 6.7467E+00, 1.3333E+00,
14:33:30.88434392, 2.4000E+00, 6.7333E+00, 1.6667E+00,
14:33:30.88434397, 2.4333E+00, 6.7200E+00, 1.0000E+00,
14:33:30.88434402, 2.5000E+00, 6.7600E+00, 1.3333E+00,
14:33:30.88434407, 2.4333E+00, 6.7467E+00, 1.6667E+00,
14:33:30.88434412, 2.5333E+00, 6.7200E+00, 1.6667E+00,
14:33:30.88434417, 2.4667E+00, 6.7067E+00, 1.6667E+00,
14:33:30.88434422, 2.4333E+00, 6.7333E+00, 1.3333E+00,
14:33:30.88434427, 2.4000E+00, 6.7333E+00, 1.6667E+00,
14:33:30.88434432, 2.4333E+00, 6.7067E+00, 1.3333E+00,
14:33:30.88434437, 2.4000E+00, 6.7333E+00, 1.6667E+00,
14:33:30.88434442, 2.4667E+00, 6.7200E+00, 1.6667E+00,
14:33:30.88434447, 2.4667E+00, 6.7333E+00, 1.6667E+00,
14:33:30.88434452, 2.4667E+00, 6.7333E+00, 1.3333E+00,
14:33:30.88434457, 2.4000E+00, 6.7600E+00, 1.0000E+00,
14:33:30.88434462, 2.4333E+00, 6.7467E+00, 1.3333E+00,
14:33:30.88434467, 2.4333E+00, 6.7467E+00, 1.6667E+00,
14:33:30.88434472, 2.4000E+00, 6.7733E+00, 2.0000E+00,
14:33:30.88434477, 2.3667E+00, 6.7467E+00, 2.0000E+00,
14:33:30.88434482, 2.4000E+00, 6.7467E+00, 1.3333E+00,
14:33:30.88434487, 2.4667E+00, 6.7200E+00, 2.0000E+00,
14:33:30.88434492, 2.4667E+00, 6.7200E+00, 2.0000E+00,
14:33:30.88434497, 2.4000E+00, 6.7333E+00, 1.3333E+00,
14:33:30.88434502, 2.4667E+00, 6.7333E+00, 1.3333E+00,
14:33:30.88434507, 2.4667E+00, 6.7467E+00, 1.6667E+00,
14:33:30.88434512, 2.4667E+00, 6.7333E+00, 2.0000E+00,
14:33:30.88434517, 2.4000E+00, 6.7600E+00, 1.6667E+00,
14:33:30.88434522, 2.4667E+00, 6.7600E+00, 1.6667E+00,
14:33:30.88434527, 2.4000E+00, 6.7467E+00, 1.6667E+00,
14:33:30.88434532, 2.4000E+00, 6.7333E+00, 1.6667E+00,
14:33:30.88434537, 2.4000E+00, 6.7600E+00, 1.6667E+00,
14:33:30.88434542, 2.5000E+00, 6.7600E+00, 1.6667E+00,
14:33:30.88434547, 2.5333E+00, 6.7200E+00, 1.3333E+00,
14:33:30.88434552, 2.4667E+00, 6.7200E+00, 1.3333E+00,
14:33:30.88434557, 2.4667E+00, 6.7467E+00, 1.3333E+00,
14:33:30.88434562, 2.5333E+00, 6.7333E+00, 1.6667E+00,
14:33:30.88434567, 2.4333E+00, 6.7333E+00, 2.0000E+00,
14:33:30.88434572, 2.4333E+00, 6.7733E+00, 1.6667E+00,
14:33:30.88434577, 2.4667E+00, 6.7333E+00, 1.3333E+00,
14:33:30.88434582, 2.4000E+00, 6.7600E+00, 1.6667E+00,
14:33:30.88434587, 2.4000E+00, 6.7333E+00, 1.0000E+00,
14:33:30.88434592, 2.4000E+00, 6.7333E+00, 1.6667E+00,
14:33:30.88434597, 2.5000E+00, 6.7467E+00, 1.6667E+00,
14:33:30.88434602, 2.4000E+00, 6.7333E+00, 2.0000E+00,
14:33:30.88434607, 2.4333E+00, 6.7600E+00, 1.6667E+00,
14:33:30.88434612, 2.3667E+00, 6.7467E+00, 1.6667E+00,
14:33:30.88434617, 2.4000E+00, 6.7600E+00, 2.0000E+00,
14:33:30.88434622, 2.4667E+00, 6.7600E+00, 1.6667E+00,
14:33:30.88434627, 2.4000E+00, 6.7600E+00, 2.0000E+00,
14:33:30.88434632, 2.4000E+00, 6.7600E+00, 1.6667E+00,
14:33:30.88434637, 2.4333E+00, 6.7467E+00, 1.3333E+00,
14:33:30.88434642, 2.4333E+00, 6.7733E+00, 6.6667E-01,
14:33:30.88434647, 2.4667E+00, 6.7867E+00, 1.6667E+00,
14:33:30.88434652, 2.5000E+00, 6.7600E+00, 1.3333E+00,
14:33:30.88434657, 2.4000E+00, 6.7600E+00, 1.6667E+00,
14:33:30.88434662, 2.4333E+00, 6.7600E+00, 1.6667E+00,
14:33:30.88434667, 2.4000E+00, 6.7200E+00, 2.0000E+00,
14:33:30.88434672, 2.3667E+00, 6.7600E+00, 1.3333E+00,
14:33:30.88434677, 2.4333E+00, 6.7600E+00, 1.6667E+00,
14:33:30.88434682, 2.4333E+00, 6.7333E+00, 1.6667E+00,
14:33:30.88434687, 2.4000E+00, 6.7600E+00, 1.3333E+00,
14:33:30.88434692, 2.4333E+00, 6.7600E+00, 1.6667E+00,
14:33:30.88434697, 2.4667E+00, 6.7600E+00, 1.6667E+00,
14:33:30.88434702, 2.4000E+00, 6.7600E+00, 1.6667E+00,
14:33:30.88434707, 2.4333E+00, 6.7600E+00, 1.6667E+00,
14:33:30.88434712, 2.4333E+00, 6.7600E+00, 2.0000E+00,
14:33:30.88434717, 2.4000E+00, 6.7600E+00, 1.6667E+00,
14:33:30.88434722, 2.4000E+00, 6.7600E+00, 1.0000E+00,
14:33:30.88434727, 2.4000E+00, 6.7600E+00, 1.0000E+00,
14:33:30.88434732, 2.4333E+00, 6.7333E+00, 1.6667E+00,
14:33:30.88434737, 2.4333E+00, 6.7867E+00, 1.6667E+00,
14:33:30.88434742, 2.4000E+00, 6.7600E+00, 1.6667E+00,
14:33:30.88434747, 2.3667E+00, 6.7467E+00, 1.6667E+00,
14:33:30.88434752, 2.4667E+00, 6.7600E+00, 1.3333E+00,
14:33:30.88434757, 2.4333E+00, 6.7600E+00, 1.6667E+00,
14:33:30.88434762, 2.4333E+00, 6.7467E+00, 1.6667E+00,
14:33:30.88434767, 2.4667E+00, 6.7600E+00, 2.0000E+00,
14:33:30.88434772, 2.4000E+00, 6.7600E+00, 1.6667E+00,
14:33:30.88434777, 2.4000E+00, 6.7600E+00, 1.6667E+00,
14:33:30.88434782, 2.4333E+00, 6.7600E+00, 1.0000E+00,
14:33:30.88434787, 2.5000E+00, 6.7467E+00, 6.6667E-01,
14:33:30.88434792, 2.4333E+00, 6.7200E+00, 1.6667E+00,
14:33:30.88434797, 2.4333E+00, 6.7467E+00, 1.6667E+00,
14:33:30.88434802, 2.4667E+00, 6.7600E+00, 1.6667E+00,
14:33:30.88434807, 2.4333E+00, 6.7733E+00, 1.3333E+00,
14:33:30.88434812, 2.4000E+00, 6.7600E+00, 2.0000E+00,
14:33:30.88434817, 2.4000E+00, 6.7733E+00, 1.3333E+00,
14:33:30.88434822, 2.4333E+00, 6.7467E+00, 1.6667E+00,
14:33:30.88434827, 2.4333E+00, 6.7600E+00, 1.6667E+00,
14:33:30.88434832, 2.4667E+00, 6.7600E+00, 1.6667E+00,
14:33:30.88434837, 2.4667E+00, 6.7867E+00, 1.3333E+00,
14:33:30.88434842, 2.4333E+00, 6.7733E+00, 1.0000E+00,
14:33:30.88434847, 2.4333E+00, 6.7600E+00, 1.6667E+00,
14:33:30.88434852, 2.5333E+00, 6.7467E+00, 1.6667E+00,
14:33:30.88434857, 2.5333E+00, 6.7600E+00, 1.3333E+00,
14:33:30.88434862, 2.4333E+00, 6.7600E+00, 1.3333E+00,
14:33:30.88434867, 2.4333E+00, 6.7733E+00, 1.6667E+00,
14:33:30.88434872, 2.4667E+00, 6.7600E+00, 1.6667E+00,
14:33:30.88434877, 2.4000E+00, 6.7467E+00, 1.3333E+00,
14:33:30.88434882, 2.4333E+00, 6.7600E+00, 1.6667E+00,
14:33:30.88434887, 2.4333E+00, 6.7733E+00, 1.3333E+00,
14:33:30.88434892, 2.4667E+00, 6.7600E+00, 1.6667E+00,
14:33:30.88434897, 2.4333E+00, 6.7600E+00, 1.0000E+00,
14:33:30.88434902, 2.4667E+00, 6.7600E+00, 1.6667E+00,
14:33:30.88434907, 2.4000E+00, 6.8000E+00, 1.6667E+00,
14:33:30.88434912, 2.4667E+00, 6.7333E+00, 1.0000E+00,
14:33:30.88434917, 2.5333E+00, 6.7600E+00, 1.6667E+00,
14:33:30.88434922, 2.4333E+00, 6.7600E+00, 1.3333E+00,
14:33:30.88434927, 2.4000E+00, 6.7600E+00, 1.0000E+00,
14:33:30.88434932, 2.4333E+00, 6.7333E+00, 1.3333E+00,
14:33:30.88434937, 2.4333E+00, 6.7733E+00, 1.6667E+00,
14:33:30.88434942, 2.4333E+00, 6.7600E+00, 1.6667E+00,
14:33:30.88434947, 2.4667E+00, 6.7600E+00, 1.3333E+00,
14:33:30.88434952, 2.4000E+00, 6.7600E+00, 1.6667E+00,
14:33:30.88434957, 2.4667E+00, 6.7733E+00, 1.6667E+00,
14:33:30.88434962, 2.4667E+00, 6.7600E+00, 1.3333E+00,
14:33:30.88434967, 2.4333E+00, 6.7600E+00, 6.6667E-01,
14:33:30.88434972, 2.4667E+00, 6.7600E+00, 1.6667E+00,
14:33:30.88434977, 2.4667E+00, 6.7600E+00, 1.6667E+00,
14:33:30.88434982, 2.4333E+00, 6.7600E+00, 1.6667E+00,
14:33:30.88434987, 2.4667E+00, 6.7600E+00, 1.6667E+00,
14:33:30.88434992, 2.4333E+00, 6.7600E+00, 6.6667E-01,
14:33:30.88434997, 2.4333E+00, 6.7867E+00, 1.6667E+00,
14:33:30.88435002, 2.4333E+00, 6.7733E+00, 1.3333E+00,
14:33:30.88435007, 2.5000E+00, 6.7733E+00, 1.0000E+00,
14:33:30.88435012, 2.4000E+00, 6.7733E+00, 2.0000E+00,
14:33:30.88435017, 2.5000E+00, 6.7733E+00, 1.3333E+00,
14:33:30.88435022, 2.4333E+00, 6.7733E+00, 1.6667E+00,
14:33:30.88435027, 2.4667E+00, 6.7600E+00, 6.6667E-01,
14:33:30.88435032, 2.5000E+00, 6.7467E+00, 1.6667E+00,
14:33:30.88435037, 2.4667E+00, 6.7600E+00, 1.3333E+00,
14:33:30.88435042, 2.4667E+00, 6.7600E+00, 1.3333E+00,
14:33:30.88435047, 2.4000E+00, 6.7600E+00, 1.3333E+00,
14:33:30.88435052, 2.4000E+00, 6.7600E+00, 1.6667E+00,
14:33:30.88435057, 2.4000E+00, 6.8000E+00, 1.3333E+00,
14:33:30.88435062, 2.4667E+00, 6.7733E+00, 1.3333E+00,
14:33:30.88435067, 2.4667E+00, 6.7600E+00, 1.6667E+00,
14:33:30.88435072, 2.5000E+00, 6.7867E+00, 1.6667E+00,
14:33:30.88435077, 2.4000E+00, 6.7600E+00, 1.0000E+00,
14:33:30.88435082, 2.5000E+00, 6.7600E+00, 1.3333E+00,
14:33:30.88435087, 2.4000E+00, 6.7467E+00, 3.3333E-01,
14:33:30.88435092, 2.4667E+00, 6.7600E+00, 1.6667E+00,
14:33:30.88435097, 2.4000E+00, 6.7867E+00, 1.0000E+00,
14:33:30.88435102, 2.5000E+00, 6.7733E+00, 1.0000E+00,
14:33:30.88435107, 2.4333E+00, 6.7600E+00, 1.6667E+00,
14:33:30.88435112, 2.4000E+00, 6.7600E+00, 6.6667E-01,
14:33:30.88435117, 2.4333E+00, 6.7733E+00, 1.3333E+00,
14:33:30.88435122, 2.4667E+00, 6.7467E+00, 1.3333E+00,
14:33:30.88435127, 2.4667E+00, 6.7600E+00, 1.3333E+00,
14:33:30.88435132, 2.5000E+00, 6.7600E+00, 1.0000E+00,
14:33:30.88435137, 2.5333E+00, 6.7600E+00, 1.6667E+00,
14:33:30.88435142, 2.4333E+00, 6.7467E+00, 1.0000E+00,
14:33:30.88435147, 2.4333E+00, 6.7333E+00, 1.3333E+00,
14:33:30.88435152, 2.4667E+00, 6.7600E+00, 1.6667E+00,
14:33:30.88435157, 2.4000E+00, 6.7600E+00, 1.0000E+00,
14:33:30.88435162, 2.3667E+00, 6.7600E+00, 1.6667E+00,
14:33:30.88435167, 2.4667E+00, 6.7600E+00, 1.3333E+00,
14:33:30.88435172, 2.4000E+00, 6.7733E+00, 6.6667E-01,
14:33:30.88435177, 2.5000E+00, 6.7733E+00, 6.6667E-01,
14:33:30.88435182, 2.4000E+00, 6.7467E+00, 1.3333E+00,
14:33:30.88435187, 2.4667E+00, 6.7733E+00, 1.0000E+00,
14:33:30.88435192, 2.4667E+00, 6.7600E+00, 1.6667E+00,
14:33:30.88435197, 2.4000E+00, 6.7600E+00, 1.0000E+00,
14:33:30.88435202, 2.5000E+00, 6.7600E+00, 1.6667E+00,
14:33:30.88435207, 2.4000E+00, 6.7600E+00, 1.3333E+00,
14:33:30.88435212, 2.4667E+00, 6.7600E+00, 1.0000E+00,
14:33:30.88435217, 2.4000E+00, 6.7733E+00, 1.0000E+00,
14:33:30.88435222, 2.4333E+00, 6.7600E+00, 1.6667E+00,
14:33:30.88435227, 2.4333E+00, 6.7333E+00, 1.3333E+00,
14:33:30.88435232, 2.4667E+00, 6.7600E+00, 3.3333E-01,
14:33:30.88435237, 2.4000E+00, 6.7600E+00, 3.3333E-01,
14:33:30.88435242, 2.3667E+00, 6.7600E+00, 1.3333E+00,
14:33:30.88435247, 2.4333E+00, 6.7600E+00, 6.6667E-01,
14:33:30.88435252, 2.4667E+00, 6.7600E+00, 1.0000E+00,
14:33:30.88435257, 2.4667E+00, 6.7600E+00, 1.6667E+00,
14:33:30.88435262, 2.4667E+00, 6.7733E+00, 6.6667E-01,
14:33:30.88435267, 2.4333E+00, 6.7467E+00, 1.0000E+00,
14:33:30.88435272, 2.4333E+00, 6.7467E+00, 1.0000E+00,
14:33:30.88435277, 2.4000E+00, 6.7467E+00, 1.3333E+00,
14:33:30.88435282, 2.5000E+00, 6.7467E+00, 1.0000E+00,
14:33:30.88435287, 2.5000E+00, 6.7600E+00, 1.6667E+00,
14:33:30.88435292, 2.4000E+00, 6.7600E+00, 1.0000E+00,
14:33:30.88435297, 2.4333E+00, 6.7600E+00, 1.6667E+00,
14:33:30.88435302, 2.4000E+00, 6.7467E+00, 1.3333E+00,
14:33:30.88435307, 2.5333E+00, 6.7600E+00, 6.6667E-01,
14:33:30.88435312, 2.4000E+00, 6.7733E+00, 1.6667E+00,
14:33:30.88435317, 2.4667E+00, 6.7600E+00, 1.3333E+00,
14:33:30.88435322, 2.4333E+00, 6.7467E+00, 6.6667E-01,
14:33:30.88435327, 2.4333E+00, 6.7467E+00, 1.0000E+00,
14:33:30.88435332, 2.5000E+00, 6.7333E+00, 1.3333E+00,
14:33:30.88435337, 2.4000E+00, 6.7600E+00, 1.3333E+00,
14:33:30.88435342, 2.4000E+00, 6.7600E+00, 1.0000E+00,
14:33:30.88435347, 2.4000E+00, 6.7600E+00, 1.0000E+00,
14:33:30.88435352, 2.4000E+00, 6.7600E+00, 1.3333E+00,
14:33:30.88435357, 2.5000E+00, 6.7600E+00, 1.0000E+00,
14:33:30.88435362, 2.5000E+00, 6.7600E+00, 3.3333E-01,
14:33:30.88435367, 2.4333E+00, 6.7600E+00, 1.3333E+00,
14:33:30.88435372, 2.5000E+00, 6.7733E+00, 6.6667E-01,
14:33:30.88435377, 2.4000E+00, 6.7600E+00, 1.0000E+00,
14:33:30.88435382, 2.4333E+00, 6.7600E+00, 1.0000E+00,
14:33:30.88435387, 2.4000E+00, 6.7467E+00, 6.6667E-01,
14:33:30.88435392, 2.4333E+00, 6.7600E+00, 1.3333E+00,
14:33:30.88435397, 2.4000E+00, 6.7600E+00, 1.0000E+00,
14:33:30.88435402, 2.4000E+00, 6.7600E+00, 6.6667E-01,
14:33:30.88435407, 2.4000E+00, 6.7600E+00, 1.3333E+00,
14:33:30.88435412, 2.4333E+00, 6.7600E+00, 3.3333E-01,
14:33:30.88435417, 2.4333E+00, 6.7600E+00, 1.0000E+00,
14:33:30.88435422, 2.4000E+00, 6.7600E+00, 6.6667E-01,
14:33:30.88435427, 2.4000E+00, 6.7600E+00, 2.0000E+00,
14:33:30.88435432, 2.4000E+00, 6.7600E+00, 6.6667E-01,
14:33:30.88435437, 2.4000E+00, 6.7600E+00, 3.3333E-01,
14:33:30.88435442, 2.4000E+00, 6.7467E+00, 1.6667E+00,
14:33:30.88435447, 2.4000E+00, 6.7600E+00, 6.6667E-01,
14:33:30.88435452, 2.4667E+00, 6.7333E+00, 1.0000E+00,
14:33:30.88435457, 2.4333E+00, 6.7467E+00, 1.0000E+00,
14:33:30.88435462, 2.4000E+00, 6.7600E+00, 1.0000E+00,
14:33:30.88435467, 2.4333E+00, 6.7467E+00, 1.3333E+00,
14:33:30.88435472, 2.4667E+00, 6.7600E+00, 3.3333E-01,
14:33:30.88435477, 2.4333E+00, 6.7467E+00, 1.0000E+00,
14:33:30.88435482, 2.4000E+00, 6.7467E+00, 1.3333E+00,
14:33:30.88435487, 2.4333E+00, 6.7333E+00, 1.6667E+00,
14:33:30.88435492, 2.4000E+00, 6.7600E+00, 6.6667E-01,
14:33:30.88435497, 2.4333E+00, 6.7600E+00, 1.0000E+00,
14:33:30.88435502, 2.4667E+00, 6.7467E+00, 1.3333E+00,
14:33:30.88435507, 2.4667E+00, 6.7200E+00, 1.0000E+00,
14:33:30.88435512, 2.4333E+00, 6.7600E+00, 1.0000E+00,
14:33:30.88435517, 2.4000E+00, 6.7600E+00, 1.3333E+00,
14:33:30.88435522, 2.4333E+00, 6.7467E+00, 6.6667E-01,
14:33:30.88435527, 2.4000E+00, 6.7733E+00, 3.3333E-01,
14:33:30.88435532, 2.4333E+00, 6.7200E+00, 1.0000E+00,
14:33:30.88435537, 2.4667E+00, 6.7467E+00, 1.3333E+00,
14:33:30.88435542, 2.4000E+00, 6.7600E+00, 6.6667E-01,
14:33:30.88435547, 2.4667E+00, 6.7467E+00, 1.3333E+00,
14:33:30.88435552, 2.4000E+00, 6.7200E+00, 1.0000E+00,
14:33:30.88435557, 2.4333E+00, 6.7467E+00, 6.6667E-01,
14:33:30.88435562, 2.4000E+00, 6.7200E+00, 1.0000E+00,
14:33:30.88435567, 2.4333E+00, 6.7467E+00, 1.0000E+00,
14:33:30.88435572, 2.4000E+00, 6.7200E+00, 6.6667E-01,
14:33:30.88435577, 2.4333E+00, 6.7600E+00, 6.6667E-01,
14:33:30.88435582, 2.4333E+00, 6.7333E+00, 1.3333E+00,
14:33:30.88435587, 2.4000E+00, 6.7467E+00, 3.3333E-01,
14:33:30.88435592, 2.4333E+00, 6.7467E+00, 1.0000E+00,
14:33:30.88435597, 2.4000E+00, 6.7600E+00, 2.0000E+00,
14:33:30.88435602, 2.4000E+00, 6.7333E+00, 1.6667E+00,
14:33:30.88435607, 2.4000E+00, 6.7467E+00, 6.6667E-01,
14:33:30.88435612, 2.4667E+00, 6.7467E+00, 6.6667E-01,
14:33:30.88435617, 2.4000E+00, 6.7333E+00, 1.0000E+00,
14:33:30.88435622, 2.4000E+00, 6.7067E+00, 1.3333E+00,
14:33:30.88435627, 2.4000E+00, 6.7600E+00, 1.3333E+00,
14:33:30.88435632, 2.4000E+00, 6.7600E+00, 1.3333E+00,
14:33:30.88435637, 2.4000E+00, 6.7600E+00, 6.6667E-01,
14:33:30.88435642, 2.4333E+00, 6.7467E+00, 6.6667E-01,
14:33:30.88435647, 2.4000E+00, 6.7600E+00, 1.0000E+00,
14:33:30.88435652, 2.4333E+00, 6.7333E+00, 6.6667E-01,
14:33:30.88435657, 2.4333E+00, 6.7333E+00, 1.3333E+00,
14:33:30.88435662, 2.4000E+00, 6.7467E+00, 3.3333E-01,
14:33:30.88435667, 2.4667E+00, 6.7467E+00, 1.3333E+00,
14:33:30.88435672, 2.4000E+00, 6.7333E+00, 1.0000E+00,
14:33:30.88435677, 2.4667E+00, 6.7467E+00, 1.3333E+00,
14:33:30.88435682, 2.4333E+00, 6.7333E+00, 1.0000E+00,
14:33:30.88435687, 2.4000E+00, 6.7333E+00, 1.3333E+00,
14:33:30.88435692, 2.4333E+00, 6.7467E+00, 1.6667E+00,
14:33:30.88435697, 2.4333E+00, 6.7467E+00, 1.6667E+00,
14:33:30.88435702, 2.4000E+00, 6.7600E+00, 1.3333E+00,
14:33:30.88435707, 2.4000E+00, 6.7467E+00, 1.3333E+00,
14:33:30.88435712, 2.4000E+00, 6.7600E+00, 1.3333E+00,
14:33:30.88435717, 2.4667E+00, 6.7067E+00, 0.0000E+00,
14:33:30.88435722, 2.4333E+00, 6.7467E+00, 1.0000E+00,
14:33:30.88435727, 2.4000E+00, 6.7200E+00, 1.3333E+00,
14:33:30.88435732, 2.4000E+00, 6.7600E+00, 1.3333E+00,
14:33:30.88435737, 2.4333E+00, 6.7467E+00, 1.6667E+00,
14:33:30.88435742, 2.4333E+00, 6.7333E+00, 1.6667E+00,
14:33:30.88435747, 2.4333E+00, 6.7333E+00, 6.6667E-01,
14:33:30.88435752, 2.4667E+00, 6.7333E+00, 1.6667E+00,
14:33:30.88435757, 2.4333E+00, 6.7333E+00, 6.6667E-01,
14:33:30.88435762, 2.4000E+00, 6.7600E+00, 1.0000E+00,
14:33:30.88435767, 2.4667E+00, 6.7467E+00, 1.3333E+00,
14:33:30.88435772, 2.4333E+00, 6.7333E+00, 3.3333E-01,
14:33:30.88435777, 2.4667E+00, 6.7467E+00, 6.6667E-01,
14:33:30.88435782, 2.4333E+00, 6.7467E+00, 1.3333E+00,
14:33:30.88435787, 2.4333E+00, 6.7200E+00, 1.0000E+00,
14:33:30.88435792, 2.4000E+00, 6.7333E+00, 1.6667E+00,
14:33:30.88435797, 2.4333E+00, 6.7467E+00, 1.6667E+00,
14:33:30.88435802, 2.4667E+00, 6.7333E+00, 3.3333E-01,
14:33:30.88435807, 2.4667E+00, 6.7200E+00, 6.6667E-01,
14:33:30.88435812, 2.4333E+00, 6.7333E+00, 1.3333E+00,
14:33:30.88435817, 2.3333E+00, 6.7333E+00, 1.3333E+00,
14:33:30.88435822, 2.4333E+00, 6.7467E+00, 1.0000E+00,
14:33:30.88435827, 2.4667E+00, 6.7333E+00, 1.0000E+00,
14:33:30.88435832, 2.4667E+00, 6.7067E+00, 1.6667E+00,
14:33:30.88435837, 2.4667E+00, 6.7467E+00, 1.3333E+00,
14:33:30.88435842, 2.4667E+00, 6.7333E+00, 1.3333E+00,
14:33:30.88435847, 2.4000E+00, 6.7333E+00, 1.0000E+00,
14:33:30.88435852, 2.4000E+00, 6.7333E+00, 6.6667E-01,
14:33:30.88435857, 2.4667E+00, 6.7333E+00, 1.3333E+00,
14:33:30.88435862, 2.4333E+00, 6.7200E+00, 1.6667E+00,
14:33:30.88435867, 2.4000E+00, 6.7467E+00, 1.0000E+00,
14:33:30.88435872, 2.4000E+00, 6.7333E+00, 1.0000E+00,
14:33:30.88435877, 2.4333E+00, 6.7467E+00, 6.6667E-01,
14:33:30.88435882, 2.4000E+00, 6.7333E+00, 1.0000E+00,
14:33:30.88435887, 2.4667E+00, 6.7467E+00, 1.6667E+00,
14:33:30.88435892, 2.4667E+00, 6.7333E+00, 1.0000E+00,
14:33:30.88435897, 2.4333E+00, 6.7333E+00, 3.3333E-01,
14:33:30.88435902, 2.4333E+00, 6.7333E+00, 1.0000E+00,
14:33:30.88435907, 2.5000E+00, 6.7200E+00, 1.3333E+00,
14:33:30.88435912, 2.4667E+00, 6.7333E+00, 1.0000E+00,
14:33:30.88435917, 2.4000E+00, 6.7200E+00, 1.3333E+00,
14:33:30.88435922, 2.5000E+00, 6.7600E+00, 1.0000E+00,
14:33:30.88435927, 2.4000E+00, 6.7467E+00, 6.6667E-01,
14:33:30.88435932, 2.4000E+00, 6.7467E+00, 1.0000E+00,
14:33:30.88435937, 2.5000E+00, 6.7067E+00, 1.6667E+00,
14:33:30.88435942, 2.4000E+00, 6.7200E+00, 1.6667E+00,
14:33:30.88435947, 2.4000E+00, 6.7067E+00, 3.3333E-01,
14:33:30.88435952, 2.4667E+00, 6.7467E+00, 1.6667E+00,
14:33:30.88435957, 2.4667E+00, 6.7200E+00, 1.6667E+00,
14:33:30.88435962, 2.4000E+00, 6.7067E+00, 1.6667E+00,
14:33:30.88435967, 2.4000E+00, 6.7333E+00, 1.0000E+00,
14:33:30.88435972, 2.4000E+00, 6.7467E+00, 1.0000E+00,
14:33:30.88435977, 2.4000E+00, 6.7200E+00, 1.6667E+00,
14:33:30.88435982, 2.4000E+00, 6.7200E+00, 1.3333E+00,
14:33:30.88435987, 2.4667E+00, 6.7333E+00, 1.6667E+00,
14:33:30.88435992, 2.4333E+00, 6.7067E+00, 1.0000E+00,
14:33:30.88435997, 2.4667E+00, 6.7067E+00, 1.3333E+00,
14:33:30.88436002, 2.4333E+00, 6.6933E+00, 1.3333E+00,
14:33:30.88436007, 2.4000E+00, 6.7200E+00, 1.0000E+00,
14:33:30.88436012, 2.4333E+00, 6.7333E+00, 1.0000E+00,
14:33:30.88436017, 2.4000E+00, 6.7467E+00, 1.0000E+00,
14:33:30.88436022, 2.4333E+00, 6.7467E+00, 1.0000E+00,
14:33:30.88436027, 2.4333E+00, 6.7600E+00, 1.0000E+00,
14:33:30.88436032, 2.4000E+00, 6.7333E+00, 1.3333E+00,
14:33:30.88436037, 2.4333E+00, 6.7200E+00, 1.3333E+00,
14:33:30.88436042, 2.4000E+00, 6.7467E+00, 1.0000E+00,
14:33:30.88436047, 2.4000E+00, 6.7067E+00, 1.3333E+00,
14:33:30.88436052, 2.4333E+00, 6.7333E+00, 1.0000E+00,
14:33:30.88436057, 2.4000E+00, 6.6933E+00, 1.0000E+00,
14:33:30.88436062, 2.4000E+00, 6.7333E+00, 1.0000E+00,
14:33:30.88436067, 2.4333E+00, 6.7467E+00, 6.6667E-01,
14:33:30.88436072, 2.4667E+00, 6.7333E+00, 1.6667E+00,
14:33:30.88436077, 2.4000E+00, 6.7200E+00, 6.6667E-01,
14:33:30.88436082, 2.4333E+00, 6.7333E+00, 1.6667E+00,
14:33:30.88436087, 2.4667E+00, 6.7333E+00, 1.3333E+00,
14:33:30.88436092, 2.5000E+00, 6.7200E+00, 1.0000E+00,
14:33:30.88436097, 2.4667E+00, 6.7333E+00, 1.3333E+00,
14:33:30.88436102, 2.4000E+00, 6.7067E+00, 1.0000E+00,
14:33:30.88436107, 2.4333E+00, 6.7067E+00, 1.6667E+00,
14:33:30.88436112, 2.4000E+00, 6.7467E+00, 1.0000E+00,
14:33:30.88436117, 2.4667E+00, 6.7200E+00, 1.6667E+00,
14:33:30.88436122, 2.4000E+00, 6.7333E+00, 1.6667E+00,
14:33:30.88436127, 2.5000E+00, 6.7200E+00, 1.3333E+00,
14:33:30.88436132, 2.4000E+00, 6.7067E+00, 1.3333E+00,
14:33:30.88436137, 2.4667E+00, 6.7067E+00, 1.0000E+00,
14:33:30.88436142, 2.4333E+00, 6.7067E+00, 1.6667E+00,
14:33:30.88436147, 2.4667E+00, 6.7467E+00, 1.3333E+00,
14:33:30.88436152, 2.4333E+00, 6.7467E+00, 1.3333E+00,
14:33:30.88436157, 2.4000E+00, 6.6933E+00, 1.6667E+00,
14:33:30.88436162, 2.5000E+00, 6.7067E+00, 1.6667E+00,
14:33:30.88436167, 2.4000E+00, 6.7467E+00, 1.3333E+00,
14:33:30.88436172, 2.4000E+00, 6.7333E+00, 1.3333E+00,
14:33:30.88436177, 2.4667E+00, 6.7467E+00, 1.0000E+00,
14:33:30.88436182, 2.4333E+00, 6.7200E+00, 1.6667E+00,
14:33:30.88436187, 2.4667E+00, 6.7333E+00, 1.6667E+00,
14:33:30.88436192, 2.4000E+00, 6.7200E+00, 1.6667E+00,
14:33:30.88436197, 2.5000E+00, 6.7200E+00, 3.3333E-01,
14:33:30.88436202, 2.4333E+00, 6.7200E+00, 3.3333E-01,
14:33:30.88436207, 2.4000E+00, 6.7200E+00, 1.0000E+00,
14:33:30.88436212, 2.4000E+00, 6.7467E+00, 1.6667E+00,
14:33:30.88436217, 2.4000E+00, 6.7333E+00, 1.6667E+00,
14:33:30.88436222, 2.4333E+00, 6.7333E+00, 1.3333E+00,
14:33:30.88436227, 2.4000E+00, 6.7467E+00, 1.0000E+00,
14:33:30.88436232, 2.4333E+00, 6.7467E+00, 1.3333E+00,
14:33:30.88436237, 2.4333E+00, 6.7600E+00, 1.6667E+00,
14:33:30.88436242, 2.4333E+00, 6.7200E+00, 1.3333E+00,
14:33:30.88436247, 2.4333E+00, 6.7200E+00, 1.3333E+00,
14:33:30.88436252, 2.3667E+00, 6.7200E+00, 1.6667E+00,
14:33:30.88436257, 2.4667E+00, 6.7333E+00, 1.3333E+00,
14:33:30.88436262, 2.4333E+00, 6.7333E+00, 1.3333E+00,
14:33:30.88436267, 2.4333E+00, 6.7333E+00, 1.3333E+00,
14:33:30.88436272, 2.4667E+00, 6.7333E+00, 1.3333E+00,
14:33:30.88436277, 2.4333E+00, 6.7333E+00, 1.3333E+00,
14:33:30.88436282, 2.4667E+00, 6.7467E+00, 1.0000E+00,
14:33:30.88436287, 2.4000E+00, 6.7467E+00, 1.0000E+00,
14:33:30.88436292, 2.4667E+00, 6.7467E+00, 1.0000E+00,
14:33:30.88436297, 2.4333E+00, 6.7200E+00, 1.6667E+00,
14:33:30.88436302, 2.4333E+00, 6.6933E+00, 1.3333E+00,
14:33:30.88436307, 2.4000E+00, 6.7467E+00, 1.3333E+00,
14:33:30.88436312, 2.4000E+00, 6.7333E+00, 3.3333E-01,
14:33:30.88436317, 2.4333E+00, 6.7333E+00, 1.0000E+00,
14:33:30.88436322, 2.5000E+00, 6.7333E+00, 1.6667E+00,
14:33:30.88436327, 2.4000E+00, 6.7467E+00, 1.6667E+00,
14:33:30.88436332, 2.4000E+00, 6.7200E+00, 2.0000E+00,
14:33:30.88436337, 2.4000E+00, 6.7200E+00, 2.0000E+00,
14:33:30.88436342, 2.4667E+00, 6.7333E+00, 1.0000E+00,
14:33:30.88436347, 2.4333E+00, 6.7333E+00, 1.0000E+00,
14:33:30.88436352, 2.4667E+00, 6.7200E+00, 6.6667E-01,
14:33:30.88436357, 2.4667E+00, 6.7067E+00, 1.6667E+00,
14:33:30.88436362, 2.5000E+00, 6.7600E+00, 1.6667E+00,
14:33:30.88436367, 2.4000E+00, 6.7333E+00, 1.3333E+00,
14:33:30.88436372, 2.5000E+00, 6.7200E+00, 1.3333E+00,
14:33:30.88436377, 2.4000E+00, 6.7200E+00, 1.6667E+00,
14:33:30.88436382, 2.5000E+00, 6.7467E+00, 2.0000E+00,
14:33:30.88436387, 2.4333E+00, 6.7200E+00, 2.0000E+00,
14:33:30.88436392, 2.4000E+00, 6.7600E+00, 1.0000E+00,
14:33:30.88436397, 2.4333E+00, 6.7600E+00, 1.3333E+00,
14:33:30.88436402, 2.4667E+00, 6.7200E+00, 1.6667E+00,
14:33:30.88436407, 2.4333E+00, 6.7467E+00, 1.3333E+00,
14:33:30.88436412, 2.4667E+00, 6.7200E+00, 1.6667E+00,
14:33:30.88436417, 2.4000E+00, 6.7067E+00, 2.0000E+00,
14:33:30.88436422, 2.4333E+00, 6.7467E+00, 1.6667E+00,
14:33:30.88436427, 2.4667E+00, 6.7333E+00, 1.3333E+00,
14:33:30.88436432, 2.4000E+00, 6.7600E+00, 1.3333E+00,
14:33:30.88436437, 2.4667E+00, 6.7600E+00, 1.0000E+00,
14:33:30.88436442, 2.4667E+00, 6.7200E+00, 1.6667E+00,
14:33:30.88436447, 2.4333E+00, 6.7467E+00, 1.6667E+00,
14:33:30.88436452, 2.4000E+00, 6.7333E+00, 1.6667E+00,
14:33:30.88436457, 2.5000E+00, 6.7467E+00, 1.6667E+00,
14:33:30.88436462, 2.5000E+00, 6.7067E+00, 1.6667E+00,
14:33:30.88436467, 2.5667E+00, 6.7467E+00, 1.6667E+00,
14:33:30.88436472, 2.5000E+00, 6.7467E+00, 1.6667E+00,
14:33:30.88436477, 2.4000E+00, 6.7333E+00, 1.3333E+00,
14:33:30.88436482, 2.4000E+00, 6.7333E+00, 1.3333E+00,
14:33:30.88436487, 2.4000E+00, 6.7600E+00, 1.0000E+00,
14:33:30.88436492, 2.4000E+00, 6.7067E+00, 1.3333E+00,
14:33:30.88436497, 2.4333E+00, 6.7333E+00, 1.6667E+00,
14:33:30.88436502, 2.4000E+00, 6.7200E+00, 1.3333E+00,
14:33:30.88436507, 2.4333E+00, 6.7333E+00, 1.6667E+00,
14:33:30.88436512, 2.4333E+00, 6.7200E+00, 1.6667E+00,
14:33:30.88436517, 2.4333E+00, 6.7467E+00, 1.3333E+00,
14:33:30.88436522, 2.4333E+00, 6.7600E+00, 1.3333E+00,
14:33:30.88436527, 2.4667E+00, 6.7467E+00, 1.6667E+00,
14:33:30.88436532, 2.4333E+00, 6.7200E+00, 1.6667E+00,
14:33:30.88436537, 2.4333E+00, 6.7200E+00, 1.3333E+00,
14:33:30.88436542, 2.4333E+00, 6.7333E+00, 1.0000E+00,
14:33:30.88436547, 2.4000E+00, 6.7200E+00, 1.6667E+00,
14:33:30.88436552, 2.4333E+00, 6.7067E+00, 1.3333E+00,
14:33:30.88436557, 2.5000E+00, 6.7067E+00, 1.3333E+00,
14:33:30.88436562, 2.5000E+00, 6.7467E+00, 2.0000E+00,
14:33:30.88436567, 2.4333E+00, 6.7200E+00, 1.6667E+00,
14:33:30.88436572, 2.4000E+00, 6.7333E+00, 1.6667E+00,
14:33:30.88436577, 2.4667E+00, 6.7333E+00, 1.3333E+00,
14:33:30.88436582, 2.3667E+00, 6.7467E+00, 1.6667E+00,
14:33:30.88436587, 2.4333E+00, 6.7333E+00, 1.3333E+00,
14:33:30.88436592, 2.4000E+00, 6.7600E+00, 1.6667E+00,
14:33:30.88436597, 2.4667E+00, 6.7333E+00, 1.0000E+00,
14:33:30.88436602, 2.4000E+00, 6.7333E+00, 2.0000E+00,
14:33:30.88436607, 2.4000E+00, 6.7600E+00, 1.6667E+00,
14:33:30.88436612, 2.5333E+00, 6.7600E+00, 1.3333E+00,
14:33:30.88436617, 2.4000E+00, 6.7467E+00, 1.3333E+00,
14:33:30.88436622, 2.4333E+00, 6.7333E+00, 1.3333E+00,
14:33:30.88436627, 2.4333E+00, 6.7467E+00, 6.6667E-01,
14:33:30.88436632, 2.4333E+00, 6.7200E+00, 1.6667E+00,
14:33:30.88436637, 2.4000E+00, 6.7600E+00, 1.3333E+00,
14:33:30.88436642, 2.4000E+00, 6.7600E+00, 1.3333E+00,
14:33:30.88436647, 2.4667E+00, 6.6933E+00, 1.0000E+00,
14:33:30.88436652, 2.4667E+00, 6.7600E+00, 1.6667E+00,
14:33:30.88436657, 2.4667E+00, 6.7600E+00, 1.6667E+00,
14:33:30.88436662, 2.4333E+00, 6.7333E+00, 1.3333E+00,
14:33:30.88436667, 2.4000E+00, 6.7600E+00, 1.3333E+00,
14:33:30.88436672, 2.4000E+00, 6.7600E+00, 1.3333E+00,
14:33:30.88436677, 2.4000E+00, 6.7600E+00, 1.6667E+00,
14:33:30.88436682, 2.5000E+00, 6.7467E+00, 6.6667E-01,
14:33:30.88436687, 2.4333E+00, 6.7467E+00, 1.6667E+00,
14:33:30.88436692, 2.5000E+00, 6.7333E+00, 1.3333E+00,
14:33:30.88436697, 2.4000E+00, 6.7467E+00, 1.6667E+00,
14:33:30.88436702, 2.4333E+00, 6.7333E+00, 1.6667E+00,
14:33:30.88436707, 2.4000E+00, 6.7600E+00, 1.3333E+00,
14:33:30.88436712, 2.4333E+00, 6.7600E+00, 1.3333E+00,
14:33:30.88436717, 2.4667E+00, 6.7600E+00, 2.0000E+00,
14:33:30.88436722, 2.4000E+00, 6.7467E+00, 1.6667E+00,
14:33:30.88436727, 2.4333E+00, 6.7733E+00, 1.3333E+00,
14:33:30.88436732, 2.4000E+00, 6.7467E+00, 6.6667E-01,
14:33:30.88436737, 2.4000E+00, 6.7467E+00, 1.6667E+00,
14:33:30.88436742, 2.4000E+00, 6.7600E+00, 1.6667E+00,
14:33:30.88436747, 2.4333E+00, 6.7467E+00, 1.0000E+00,
14:33:30.88436752, 2.4000E+00, 6.7467E+00, 1.6667E+00,
14:33:30.88436757, 2.4000E+00, 6.7200E+00, 1.6667E+00,
14:33:30.88436762, 2.4333E+00, 6.7467E+00, 2.3333E+00,
14:33:30.88436767, 2.4333E+00, 6.7467E+00, 1.6667E+00,
14:33:30.88436772, 2.4000E+00, 6.7333E+00, 1.3333E+00,
14:33:30.88436777, 2.4333E+00, 6.7333E+00, 1.6667E+00,
14:33:30.88436782, 2.4333E+00, 6.7067E+00, 6.6667E-01,
14:33:30.88436787, 2.4333E+00, 6.7467E+00, 1.6667E+00,
14:33:30.88436792, 2.3667E+00, 6.7200E+00, 1.3333E+00,
14:33:30.88436797, 2.4000E+00, 6.7333E+00, 1.3333E+00,
14:33:30.88436802, 2.4000E+00, 6.7467E+00, 1.6667E+00,
14:33:30.88436807, 2.4667E+00, 6.7467E+00, 1.0000E+00,
14:33:30.88436812, 2.4333E+00, 6.7333E+00, 1.6667E+00,
14:33:30.88436817, 2.4333E+00, 6.7600E+00, 6.6667E-01,
14:33:30.88436822, 2.5000E+00, 6.7600E+00, 6.6667E-01,
14:33:30.88436827, 2.4000E+00, 6.7333E+00, 1.3333E+00,
14:33:30.88436832, 2.4333E+00, 6.7333E+00, 1.0000E+00,
14:33:30.88436837, 2.4667E+00, 6.7467E+00, 1.3333E+00,
14:33:30.88436842, 2.4000E+00, 6.7600E+00, 1.6667E+00,
14:33:30.88436847, 2.5000E+00, 6.7333E+00, 1.6667E+00,
14:33:30.88436852, 2.4667E+00, 6.7467E+00, 1.0000E+00,
14:33:30.88436857, 2.4000E+00, 6.7733E+00, 1.0000E+00,
14:33:30.88436862, 2.4000E+00, 6.7733E+00, 1.3333E+00,
14:33:30.88436867, 2.4000E+00, 6.7600E+00, 1.0000E+00,
14:33:30.88436872, 2.4000E+00, 6.7600E+00, 1.3333E+00,
14:33:30.88436877, 2.4333E+00, 6.7600E+00, 1.3333E+00,
14:33:30.88436882, 2.4000E+00, 6.7467E+00, 1.3333E+00,
14:33:30.88436887, 2.4333E+00, 6.7467E+00, 1.3333E+00,
14:33:30.88436892, 2.4000E+00, 6.7333E+00, 1.3333E+00,
14:33:30.88436897, 2.4667E+00, 6.7467E+00, 1.6667E+00,
14:33:30.88436902, 2.4667E+00, 6.7600E+00, 1.6667E+00,
14:33:30.88436907, 2.4333E+00, 6.7333E+00, 1.6667E+00,
14:33:30.88436912, 2.4000E+00, 6.7600E+00, 1.3333E+00,
14:33:30.88436917, 2.3667E+00, 6.7333E+00, 1.6667E+00,
14:33:30.88436922, 2.4000E+00, 6.7733E+00, 1.0000E+00,
14:33:30.88436927, 2.4667E+00, 6.7600E+00, 1.0000E+00,
14:33:30.88436932, 2.4667E+00, 6.7733E+00, 1.6667E+00,
14:33:30.88436937, 2.4000E+00, 6.7467E+00, 1.0000E+00,
14:33:30.88436942, 2.4000E+00, 6.7600E+00, 1.6667E+00,
14:33:30.88436947, 2.4667E+00, 6.7600E+00, 1.6667E+00,
14:33:30.88436952, 2.4333E+00, 6.7467E+00, 1.3333E+00,
14:33:30.88436957, 2.4667E+00, 6.7600E+00, 1.3333E+00,
14:33:30.88436962, 2.4667E+00, 6.7467E+00, 6.6667E-01,
14:33:30.88436967, 2.4000E+00, 6.7333E+00, 1.0000E+00,
14:33:30.88436972, 2.4333E+00, 6.7600E+00, 1.3333E+00,
14:33:30.88436977, 2.4333E+00, 6.7200E+00, 1.3333E+00,
14:33:30.88436982, 2.4000E+00, 6.7467E+00, 1.3333E+00,
14:33:30.88436987, 2.5000E+00, 6.7467E+00, 2.0000E+00,
14:33:30.88436992, 2.5000E+00, 6.7467E+00, 1.0000E+00,
14:33:30.88436997, 2.4333E+00, 6.7600E+00, 2.0000E+00,
14:33:30.88437002, 2.4000E+00, 6.7600E+00, 1.3333E+00,
14:33:30.88437007, 2.4333E+00, 6.7600E+00, 1.6667E+00,
14:33:30.88437012, 2.4000E+00, 6.7333E+00, 1.6667E+00,
14:33:30.88437017, 2.4000E+00, 6.7467E+00, 1.3333E+00,
14:33:30.88437022, 2.4667E+00, 6.7600E+00, 1.3333E+00,
14:33:30.88437027, 2.4333E+00, 6.7333E+00, 1.0000E+00,
14:33:30.88437032, 2.4333E+00, 6.7600E+00, 6.6667E-01,
14:33:30.88437037, 2.4000E+00, 6.7467E+00, 1.0000E+00,
14:33:30.88437042, 2.4000E+00, 6.7467E+00, 1.0000E+00,
14:33:30.88437047, 2.5000E+00, 6.7467E+00, 1.6667E+00,
14:33:30.88437052, 2.4000E+00, 6.7467E+00, 1.6667E+00,
14:33:30.88437057, 2.4667E+00, 6.7467E+00, 1.6667E+00,
14:33:30.88437062, 2.4000E+00, 6.7600E+00, 1.0000E+00,
14:33:30.88437067, 2.4333E+00, 6.7467E+00, 1.6667E+00,
14:33:30.88437072, 2.4000E+00, 6.7600E+00, 1.3333E+00,
14:33:30.88437077, 2.4333E+00, 6.7467E+00, 1.0000E+00,
14:33:30.88437082, 2.4000E+00, 6.7733E+00, 1.3333E+00,
14:33:30.88437087, 2.4333E+00, 6.7600E+00, 1.0000E+00,
14:33:30.88437092, 2.4000E+00, 6.7467E+00, 1.3333E+00,
14:33:30.88437097, 2.5000E+00, 6.7600E+00, 1.0000E+00,
14:33:30.88437102, 2.4333E+00, 6.7600E+00, 1.6667E+00,
14:33:30.88437107, 2.4000E+00, 6.7600E+00, 1.6667E+00,
14:33:30.88437112, 2.4333E+00, 6.7600E+00, 1.3333E+00,
14:33:30.88437117, 2.4333E+00, 6.7600E+00, 1.6667E+00,
14:33:30.88437122, 2.4333E+00, 6.7600E+00, 2.0000E+00,
14:33:30.88437127, 2.4667E+00, 6.7600E+00, 1.3333E+00,
14:33:30.88437132, 2.4000E+00, 6.7600E+00, 1.0000E+00,
14:33:30.88437137, 2.4667E+00, 6.7467E+00, 1.3333E+00,
14:33:30.88437142, 2.4667E+00, 6.7067E+00, 1.6667E+00,
14:33:30.88437147, 2.4000E+00, 6.7333E+00, 1.6667E+00,
14:33:30.88437152, 2.4000E+00, 6.7600E+00, 1.3333E+00,
14:33:30.88437157, 2.4667E+00, 6.7333E+00, 1.3333E+00,
14:33:30.88437162, 2.4333E+00, 6.7467E+00, 1.3333E+00,
14:33:30.88437167, 2.4333E+00, 6.7467E+00, 1.6667E+00,
14:33:30.88437172, 2.4667E+00, 6.7600E+00, 1.3333E+00,
14:33:30.88437177, 2.4333E+00, 6.7467E+00, 1.6667E+00,
14:33:30.88437182, 2.4333E+00, 6.7200E+00, 1.0000E+00,
14:33:30.88437187, 2.5000E+00, 6.7733E+00, 1.6667E+00,
14:33:30.88437192, 2.4000E+00, 6.7600E+00, 1.6667E+00,
14:33:30.88437197, 2.4333E+00, 6.7467E+00, 3.3333E-01,
14:33:30.88437202, 2.4333E+00, 6.7600E+00, 1.3333E+00,
14:33:30.88437207, 2.4000E+00, 6.7600E+00, 1.0000E+00,
14:33:30.88437212, 2.4333E+00, 6.7600E+00, 1.3333E+00,
14:33:30.88437217, 2.4667E+00, 6.7600E+00, 1.6667E+00,
14:33:30.88437222, 2.4000E+00, 6.7600E+00, 1.6667E+00,
14:33:30.88437227, 2.4000E+00, 6.7333E+00, 6.6667E-01,
14:33:30.88437232, 2.4000E+00, 6.7467E+00, 1.3333E+00,
14:33:30.88437237, 2.4000E+00, 6.7600E+00, 6.6667E-01,
14:33:30.88437242, 2.3667E+00, 6.7467E+00, 1.0000E+00,
14:33:30.88437247, 2.4667E+00, 6.7467E+00, 6.6667E-01,
14:33:30.88437252, 2.4333E+00, 6.7600E+00, 1.6667E+00,
14:33:30.88437257, 2.4333E+00, 6.7600E+00, 1.3333E+00,
14:33:30.88437262, 2.4667E+00, 6.7733E+00, 1.3333E+00,
14:33:30.88437267, 2.4333E+00, 6.7467E+00, 1.0000E+00,
14:33:30.88437272, 2.4000E+00, 6.7467E+00, 6.6667E-01,
14:33:30.88437277, 2.4000E+00, 6.7333E+00, 1.3333E+00,
14:33:30.88437282, 2.5333E+00, 6.7733E+00, 6.6667E-01,
14:33:30.88437287, 2.4333E+00, 6.7467E+00, 1.0000E+00,
14:33:30.88437292, 2.4333E+00, 6.7600E+00, 1.6667E+00,
14:33:30.88437297, 2.4333E+00, 6.7600E+00, 1.6667E+00,
14:33:30.88437302, 2.4333E+00, 6.7467E+00, 1.3333E+00,
14:33:30.88437307, 2.4000E+00, 6.7200E+00, 1.6667E+00,
14:33:30.88437312, 2.4000E+00, 6.7600E+00, 1.3333E+00,
14:33:30.88437317, 2.4667E+00, 6.7600E+00, 1.6667E+00,
14:33:30.88437322, 2.5000E+00, 6.7733E+00, 1.6667E+00,
14:33:30.88437327, 2.4333E+00, 6.7467E+00, 1.6667E+00,
14:33:30.88437332, 2.4000E+00, 6.7467E+00, 1.6667E+00,
14:33:30.88437337, 2.4333E+00, 6.7600E+00, 1.3333E+00,
14:33:30.88437342, 2.4333E+00, 6.7467E+00, 1.3333E+00,
14:33:30.88437347, 2.4000E+00, 6.7467E+00, 1.3333E+00,
14:33:30.88437352, 2.4000E+00, 6.7600E+00, 1.0000E+00,
14:33:30.88437357, 2.4333E+00, 6.7467E+00, 1.6667E+00,
14:33:30.88437362, 2.4333E+00, 6.7600E+00, 1.3333E+00,
14:33:30.88437367, 2.4333E+00, 6.7333E+00, 1.0000E+00,
14:33:30.88437372, 2.4333E+00, 6.7600E+00, 1.6667E+00,
14:33:30.88437377, 2.4333E+00, 6.7467E+00, 1.6667E+00,
14:33:30.88437382, 2.4333E+00, 6.7333E+00, 1.3333E+00,
14:33:30.88437387, 2.5000E+00, 6.7600E+00, 1.6667E+00,
14:33:30.88437392, 2.5000E+00, 6.7467E+00, 1.6667E+00,
14:33:30.88437397, 2.4000E+00, 6.7600E+00, 1.6667E+00,
14:33:30.88437402, 2.4667E+00, 6.7600E+00, 1.6667E+00,
14:33:30.88437407, 2.4667E+00, 6.7067E+00, 1.6667E+00,
14:33:30.88437412, 2.3667E+00, 6.7333E+00, 1.6667E+00,
14:33:30.88437417, 2.4333E+00, 6.7333E+00, 1.3333E+00,
14:33:30.88437422, 2.4333E+00, 6.7600E+00, 1.0000E+00,
14:33:30.88437427, 2.4667E+00, 6.7200E+00, 1.0000E+00,
14:33:30.88437432, 2.4333E+00, 6.7600E+00, 1.6667E+00,
14:33:30.88437437, 2.4333E+00, 6.7333E+00, 6.6667E-01,
14:33:30.88437442, 2.4000E+00, 6.7200E+00, 1.0000E+00,
14:33:30.88437447, 2.5000E+00, 6.7600E+00, 1.0000E+00,
14:33:30.88437452, 2.4000E+00, 6.7333E+00, 1.3333E+00,
14:33:30.88437457, 2.4333E+00, 6.7733E+00, 1.6667E+00,
14:33:30.88437462, 2.4000E+00, 6.7467E+00, 1.3333E+00,
14:33:30.88437467, 2.4000E+00, 6.7467E+00, 1.0000E+00,
14:33:30.88437472, 2.4000E+00, 6.7333E+00, 2.0000E+00,
14:33:30.88437477, 2.4667E+00, 6.7467E+00, 1.0000E+00,
14:33:30.88437482, 2.4667E+00, 6.7600E+00, 1.0000E+00,
14:33:30.88437487, 2.4333E+00, 6.7600E+00, 1.3333E+00,
14:33:30.88437492, 2.4667E+00, 6.7467E+00, 1.6667E+00,
14:33:30.88437497, 2.4667E+00, 6.7600E+00, 1.0000E+00,
14:33:30.88437502, 2.3333E+00, 6.7467E+00, 1.6667E+00,
14:33:30.88437507, 2.4000E+00, 6.7467E+00, 1.3333E+00,
14:33:30.88437512, 2.4000E+00, 6.7600E+00, 1.3333E+00,
14:33:30.88437517, 2.4333E+00, 6.7467E+00, 1.0000E+00,
14:33:30.88437522, 2.4333E+00, 6.7600E+00, 6.6667E-01,
14:33:30.88437527, 2.4000E+00, 6.7600E+00, 6.6667E-01,
14:33:30.88437532, 2.4000E+00, 6.7200E+00, 1.6667E+00,
14:33:30.88437537, 2.4333E+00, 6.7467E+00, 1.6667E+00,
14:33:30.88437542, 2.4000E+00, 6.7467E+00, 1.6667E+00,
14:33:30.88437547, 2.4000E+00, 6.7333E+00, 1.0000E+00,
14:33:30.88437552, 2.4000E+00, 6.7600E+00, 1.6667E+00,
14:33:30.88437557, 2.4000E+00, 6.7333E+00, 1.0000E+00,
14:33:30.88437562, 2.4000E+00, 6.7467E+00, 1.0000E+00,
14:33:30.88437567, 2.4000E+00, 6.7600E+00, 1.6667E+00,
14:33:30.88437572, 2.4333E+00, 6.7333E+00, 1.6667E+00,
14:33:30.88437577, 2.4333E+00, 6.7600E+00, 1.3333E+00,
14:33:30.88437582, 2.4333E+00, 6.7200E+00, 1.3333E+00,
14:33:30.88437587, 2.4000E+00, 6.7600E+00, 1.6667E+00,
14:33:30.88437592, 2.4333E+00, 6.7467E+00, 1.3333E+00,
14:33:30.88437597, 2.4000E+00, 6.7600E+00, 1.3333E+00,
14:33:30.88437602, 2.4667E+00, 6.7333E+00, 1.3333E+00,
14:33:30.88437607, 2.4333E+00, 6.7200E+00, 1.6667E+00,
14:33:30.88437612, 2.4333E+00, 6.7200E+00, 3.3333E-01,
14:33:30.88437617, 2.4667E+00, 6.7600E+00, 1.6667E+00,
14:33:30.88437622, 2.4667E+00, 6.7600E+00, 1.6667E+00,
14:33:30.88437627, 2.4000E+00, 6.7600E+00, 1.0000E+00,
14:33:30.88437632, 2.4333E+00, 6.7467E+00, 1.6667E+00,
14:33:30.88437637, 2.4000E+00, 6.6933E+00, 1.3333E+00,
14:33:30.88437642, 2.4000E+00, 6.7467E+00, 1.6667E+00,
14:33:30.88437647, 2.4000E+00, 6.7467E+00, 1.0000E+00,
14:33:30.88437652, 2.4000E+00, 6.7067E+00, 1.3333E+00,
14:33:30.88437657, 2.4333E+00, 6.7467E+00, 1.3333E+00,
14:33:30.88437662, 2.5000E+00, 6.7200E+00, 1.6667E+00,
14:33:30.88437667, 2.4000E+00, 6.7333E+00, 1.6667E+00,
14:33:30.88437672, 2.4333E+00, 6.7467E+00, 6.6667E-01,
14:33:30.88437677, 2.4333E+00, 6.7600E+00, 1.6667E+00,
14:33:30.88437682, 2.4000E+00, 6.7467E+00, 1.6667E+00,
14:33:30.88437687, 2.4333E+00, 6.7467E+00, 1.6667E+00,
14:33:30.88437692, 2.4667E+00, 6.7200E+00, 1.3333E+00,
14:33:30.88437697, 2.4667E+00, 6.7600E+00, 1.0000E+00,
14:33:30.88437702, 2.4333E+00, 6.7600E+00, 1.6667E+00,
14:33:30.88437707, 2.4667E+00, 6.7600E+00, 1.3333E+00,
14:33:30.88437712, 2.4333E+00, 6.7600E+00, 1.6667E+00,
14:33:30.88437717, 2.4000E+00, 6.7467E+00, 1.0000E+00,
14:33:30.88437722, 2.4333E+00, 6.7333E+00, 1.3333E+00,
14:33:30.88437727, 2.4000E+00, 6.7333E+00, 1.0000E+00,
14:33:30.88437732, 2.3667E+00, 6.7333E+00, 1.6667E+00,
14:33:30.88437737, 2.4000E+00, 6.7333E+00, 1.3333E+00,
14:33:30.88437742, 2.4667E+00, 6.7467E+00, 1.6667E+00,
14:33:30.88437747, 2.4000E+00, 6.7600E+00, 1.0000E+00,
14:33:30.88437752, 2.4333E+00, 6.7200E+00, 1.0000E+00,
14:33:30.88437757, 2.4000E+00, 6.7600E+00, 1.3333E+00,
14:33:30.88437762, 2.5333E+00, 6.7467E+00, 1.3333E+00,
14:33:30.88437767, 2.4333E+00, 6.7333E+00, 1.6667E+00,
14:33:30.88437772, 2.4000E+00, 6.7333E+00, 1.3333E+00,
14:33:30.88437777, 2.3667E+00, 6.7333E+00, 1.6667E+00,
14:33:30.88437782, 2.4000E+00, 6.7467E+00, 1.6667E+00,
14:33:30.88437787, 2.4000E+00, 6.7200E+00, 6.6667E-01,
14:33:30.88437792, 2.4333E+00, 6.7467E+00, 6.6667E-01,
14:33:30.88437797, 2.4333E+00, 6.7467E+00, 1.3333E+00,
14:33:30.88437802, 2.4333E+00, 6.7600E+00, 1.0000E+00,
14:33:30.88437807, 2.4000E+00, 6.7600E+00, 1.6667E+00,
14:33:30.88437812, 2.5000E+00, 6.7600E+00, 6.6667E-01,
14:33:30.88437817, 2.4333E+00, 6.7333E+00, 1.6667E+00,
14:33:30.88437822, 2.4333E+00, 6.7600E+00, 6.6667E-01,
14:33:30.88437827, 2.4000E+00, 6.7333E+00, 6.6667E-01,
14:33:30.88437832, 2.4333E+00, 6.7467E+00, 1.6667E+00,
14:33:30.88437837, 2.4000E+00, 6.7600E+00, 1.0000E+00,
14:33:30.88437842, 2.4000E+00, 6.7333E+00, 1.0000E+00,
14:33:30.88437847, 2.4000E+00, 6.7467E+00, 1.0000E+00,
14:33:30.88437852, 2.4333E+00, 6.7467E+00, 1.0000E+00,
14:33:30.88437857, 2.4667E+00, 6.7200E+00, 1.0000E+00,
14:33:30.88437862, 2.4667E+00, 6.7200E+00, 6.6667E-01,
14:33:30.88437867, 2.4333E+00, 6.7467E+00, 1.3333E+00,
14:33:30.88437872, 2.4000E+00, 6.7600E+00, 1.0000E+00,
14:33:30.88437877, 2.5000E+00, 6.7333E+00, 1.6667E+00,
14:33:30.88437882, 2.4667E+00, 6.7600E+00, 1.3333E+00,
14:33:30.88437887, 2.4000E+00, 6.7333E+00, 1.6667E+00,
14:33:30.88437892, 2.4667E+00, 6.7600E+00, 1.6667E+00,
14:33:30.88437897, 2.4333E+00, 6.7600E+00, 1.0000E+00,
14:33:30.88437902, 2.4333E+00, 6.7600E+00, 6.6667E-01,
14:33:30.88437907, 2.4333E+00, 6.7467E+00, 1.0000E+00,
14:33:30.88437912, 2.4333E+00, 6.7200E+00, 3.3333E-01,
14:33:30.88437917, 2.4333E+00, 6.7600E+00, 6.6667E-01,
14:33:30.88437922, 2.5000E+00, 6.7333E+00, 6.6667E-01,
14:33:30.88437927, 2.4000E+00, 6.7333E+00, 1.6667E+00,
14:33:30.88437932, 2.5000E+00, 6.7333E+00, 1.3333E+00,
14:33:30.88437937, 2.5000E+00, 6.7467E+00, 1.0000E+00,
14:33:30.88437942, 2.4333E+00, 6.7333E+00, 1.0000E+00,
14:33:30.88437947, 2.4000E+00, 6.7600E+00, 1.3333E+00,
14:33:30.88437952, 2.4000E+00, 6.7467E+00, 6.6667E-01,
14:33:30.88437957, 2.4333E+00, 6.7600E+00, 1.0000E+00,
14:33:30.88437962, 2.4667E+00, 6.7467E+00, 1.3333E+00,
14:33:30.88437967, 2.4667E+00, 6.7200E+00, 1.6667E+00,
14:33:30.88437972, 2.4000E+00, 6.7333E+00, 1.0000E+00,
14:33:30.88437977, 2.4333E+00, 6.7333E+00, 1.0000E+00,
14:33:30.88437982, 2.4000E+00, 6.7333E+00, 1.3333E+00,
14:33:30.88437987, 2.5000E+00, 6.7600E+00, 1.0000E+00,
14:33:30.88437992, 2.4333E+00, 6.7200E+00, 1.3333E+00,
14:33:30.88437997, 2.4333E+00, 6.7200E+00, 1.0000E+00,
14:33:30.88438002, 2.4333E+00, 6.7333E+00, 6.6667E-01,
14:33:30.88438007, 2.4000E+00, 6.7333E+00, 6.6667E-01,
14:33:30.88438012, 2.4333E+00, 6.7600E+00, 1.0000E+00,
14:33:30.88438017, 2.4000E+00, 6.7600E+00, 1.0000E+00,
14:33:30.88438022, 2.4667E+00, 6.7600E+00, 1.3333E+00,
14:33:30.88438027, 2.4000E+00, 6.7333E+00, 1.0000E+00,
14:33:30.88438032, 2.5000E+00, 6.7333E+00, 1.6667E+00,
14:33:30.88438037, 2.4000E+00, 6.7467E+00, 1.6667E+00,
14:33:30.88438042, 2.4667E+00, 6.7733E+00, 1.6667E+00,
14:33:30.88438047, 2.4333E+00, 6.7333E+00, 1.0000E+00,
14:33:30.88438052, 2.4333E+00, 6.7333E+00, 3.3333E-01,
14:33:30.88438057, 2.4000E+00, 6.7467E+00, 1.0000E+00,
14:33:30.88438062, 2.4000E+00, 6.7467E+00, 6.6667E-01,
14:33:30.88438067, 2.4333E+00, 6.7467E+00, 1.0000E+00,
14:33:30.88438072, 2.4000E+00, 6.7333E+00, 1.3333E+00,
14:33:30.88438077, 2.4000E+00, 6.7333E+00, 1.6667E+00,
14:33:30.88438082, 2.4667E+00, 6.7333E+00, 1.6667E+00,
14:33:30.88438087, 2.4000E+00, 6.7333E+00, 1.0000E+00,
14:33:30.88438092, 2.4333E+00, 6.7600E+00, 1.0000E+00,
14:33:30.88438097, 2.4000E+00, 6.7467E+00, 1.0000E+00,
14:33:30.88438102, 2.4333E+00, 6.7467E+00, 1.3333E+00,
14:33:30.88438107, 2.4667E+00, 6.7200E+00, 1.3333E+00,
14:33:30.88438112, 2.4333E+00, 6.7600E+00, 1.3333E+00,
14:33:30.88438117, 2.4333E+00, 6.7333E+00, 1.6667E+00,
14:33:30.88438122, 2.4000E+00, 6.7467E+00, 1.3333E+00,
14:33:30.88438127, 2.4000E+00, 6.7200E+00, 1.6667E+00,
14:33:30.88438132, 2.4000E+00, 6.7467E+00, 3.3333E-01,
14:33:30.88438137, 2.4000E+00, 6.7467E+00, 1.3333E+00,
14:33:30.88438142, 2.4333E+00, 6.7333E+00, 6.6667E-01,
14:33:30.88438147, 2.4333E+00, 6.7333E+00, 1.6667E+00,
14:33:30.88438152, 2.4667E+00, 6.7200E+00, 1.3333E+00,
14:33:30.88438157, 2.5000E+00, 6.7333E+00, 1.0000E+00,
14:33:30.88438162, 2.4333E+00, 6.7333E+00, 1.0000E+00,
14:33:30.88438167, 2.4000E+00, 6.7333E+00, 1.6667E+00,
14:33:30.88438172, 2.3667E+00, 6.7467E+00, 1.3333E+00,
14:33:30.88438177, 2.4333E+00, 6.7200E+00, 6.6667E-01,
14:33:30.88438182, 2.3667E+00, 6.7600E+00, 1.3333E+00,
14:33:30.88438187, 2.4667E+00, 6.7467E+00, 1.6667E+00,
14:33:30.88438192, 2.5000E+00, 6.7467E+00, 1.6667E+00,
14:33:30.88438197, 2.4333E+00, 6.7467E+00, 1.3333E+00,
14:33:30.88438202, 2.5000E+00, 6.7600E+00, 1.6667E+00,
14:33:30.88438207, 2.4000E+00, 6.7067E+00, 1.0000E+00,
14:33:30.88438212, 2.4667E+00, 6.7200E+00, 1.3333E+00,
14:33:30.88438217, 2.4000E+00, 6.7600E+00, 1.0000E+00,
14:33:30.88438222, 2.4333E+00, 6.7333E+00, 1.3333E+00,
14:33:30.88438227, 2.4000E+00, 6.7467E+00, 1.0000E+00,
14:33:30.88438232, 2.4667E+00, 6.7467E+00, 1.3333E+00,
14:33:30.88438237, 2.4667E+00, 6.7467E+00, 1.0000E+00,
14:33:30.88438242, 2.4667E+00, 6.7200E+00, 1.6667E+00,
14:33:30.88438247, 2.4333E+00, 6.7600E+00, 1.3333E+00,
14:33:30.88438252, 2.5333E+00, 6.7333E+00, 1.6667E+00,
14:33:30.88438257, 2.4667E+00, 6.7200E+00, 1.0000E+00,
14:33:30.88438262, 2.3667E+00, 6.7333E+00, 3.3333E-01,
14:33:30.88438267, 2.4667E+00, 6.7600E+00, 1.3333E+00,
14:33:30.88438272, 2.4333E+00, 6.7467E+00, 1.6667E+00,
14:33:30.88438277, 2.4000E+00, 6.7067E+00, 1.6667E+00,
14:33:30.88438282, 2.4000E+00, 6.7600E+00, 1.6667E+00,
14:33:30.88438287, 2.4333E+00, 6.7333E+00, 1.0000E+00,
14:33:30.88438292, 2.4000E+00, 6.7200E+00, 1.3333E+00,
14:33:30.88438297, 2.5000E+00, 6.7067E+00, 1.6667E+00,
14:33:30.88438302, 2.4000E+00, 6.6933E+00, 6.6667E-01,
14:33:30.88438307, 2.4333E+00, 6.7467E+00, 1.0000E+00,
14:33:30.88438312, 2.4667E+00, 6.7200E+00, 1.6667E+00,
14:33:30.88438317, 2.4333E+00, 6.7333E+00, 1.0000E+00,
14:33:30.88438322, 2.4000E+00, 6.7333E+00, 1.3333E+00,
14:33:30.88438327, 2.4333E+00, 6.7600E+00, 1.3333E+00,
14:33:30.88438332, 2.4333E+00, 6.7600E+00, 1.6667E+00,
14:33:30.88438337, 2.4333E+00, 6.7467E+00, 1.6667E+00,
14:33:30.88438342, 2.5000E+00, 6.7200E+00, 6.6667E-01,
14:33:30.88438347, 2.4333E+00, 6.7467E+00, 1.3333E+00,
14:33:30.88438352, 2.4667E+00, 6.7600E+00, 1.0000E+00,
14:33:30.88438357, 2.4333E+00, 6.7600E+00, 1.6667E+00,
14:33:30.88438362, 2.4667E+00, 6.7600E+00, 1.6667E+00,
14:33:30.88438367, 2.4000E+00, 6.7333E+00, 1.0000E+00,
14:33:30.88438372, 2.4667E+00, 6.7467E+00, 1.6667E+00,
14:33:30.88438377, 2.4667E+00, 6.7467E+00, 1.6667E+00,
14:33:30.88438382, 2.5000E+00, 6.7467E+00, 1.3333E+00,
14:33:30.88438387, 2.4667E+00, 6.7333E+00, 1.6667E+00,
14:33:30.88438392, 2.4333E+00, 6.7200E+00, 1.0000E+00,
14:33:30.88438397, 2.4000E+00, 6.7333E+00, 1.6667E+00,
14:33:30.88438402, 2.4000E+00, 6.7067E+00, 1.6667E+00,
14:33:30.88438407, 2.4333E+00, 6.7600E+00, 2.0000E+00,
14:33:30.88438412, 2.4000E+00, 6.7200E+00, 1.6667E+00,
14:33:30.88438417, 2.4667E+00, 6.7333E+00, 1.3333E+00,
14:33:30.88438422, 2.5000E+00, 6.7467E+00, 1.3333E+00,
14:33:30.88438427, 2.4000E+00, 6.7467E+00, 1.3333E+00,
14:33:30.88438432, 2.4333E+00, 6.7333E+00, 3.3333E-01,
14:33:30.88438437, 2.4000E+00, 6.7467E+00, 6.6667E-01,
14:33:30.88438442, 2.5000E+00, 6.7200E+00, 1.3333E+00,
14:33:30.88438447, 2.4333E+00, 6.7200E+00, 3.3333E-01,
14:33:30.88438452, 2.4333E+00, 6.7467E+00, 1.3333E+00,
14:33:30.88438457, 2.4667E+00, 6.7467E+00, 1.6667E+00,
14:33:30.88438462, 2.4667E+00, 6.7467E+00, 1.6667E+00,
14:33:30.88438467, 2.4000E+00, 6.7467E+00, 1.0000E+00,
14:33:30.88438472, 2.4667E+00, 6.7467E+00, 1.6667E+00,
14:33:30.88438477, 2.4000E+00, 6.7600E+00, 1.6667E+00,
14:33:30.88438482, 2.4667E+00, 6.7200E+00, 1.3333E+00,
14:33:30.88438487, 2.4667E+00, 6.7200E+00, 1.3333E+00,
14:33:30.88438492, 2.4000E+00, 6.7200E+00, 1.6667E+00,
14:33:30.88438497, 2.4000E+00, 6.7333E+00, 1.6667E+00,
14:33:30.88438502, 2.4000E+00, 6.7200E+00, 1.0000E+00,
14:33:30.88438507, 2.4000E+00, 6.7200E+00, 1.6667E+00,
14:33:30.88438512, 2.4333E+00, 6.7467E+00, 1.3333E+00,
14:33:30.88438517, 2.4000E+00, 6.7600E+00, 1.6667E+00,
14:33:30.88438522, 2.4000E+00, 6.7333E+00, 1.6667E+00,
14:33:30.88438527, 2.4667E+00, 6.7467E+00, 1.6667E+00,
14:33:30.88438532, 2.4333E+00, 6.7600E+00, 1.6667E+00,
14:33:30.88438537, 2.4333E+00, 6.7600E+00, 1.6667E+00,
14:33:30.88438542, 2.4000E+00, 6.7333E+00, 1.3333E+00,
14:33:30.88438547, 2.4667E+00, 6.7733E+00, 1.0000E+00,
14:33:30.88438552, 2.4000E+00, 6.7200E+00, 1.3333E+00,
14:33:30.88438557, 2.4333E+00, 6.7333E+00, 1.0000E+00,
14:33:30.88438562, 2.4333E+00, 6.7600E+00, 1.0000E+00,
14:33:30.88438567, 2.4667E+00, 6.7467E+00, 1.6667E+00,
14:33:30.88438572, 2.4000E+00, 6.7467E+00, 1.3333E+00,
14:33:30.88438577, 2.4000E+00, 6.7333E+00, 1.0000E+00,
14:33:30.88438582, 2.4000E+00, 6.7600E+00, 1.6667E+00,
14:33:30.88438587, 2.4000E+00, 6.7467E+00, 1.6667E+00,
14:33:30.88438592, 2.4000E+00, 6.7067E+00, 1.0000E+00,
14:33:30.88438597, 2.4000E+00, 6.7467E+00, 1.3333E+00,
14:33:30.88438602, 2.4333E+00, 6.7600E+00, 1.3333E+00,
14:33:30.88438607, 2.4333E+00, 6.7467E+00, 1.3333E+00,
14:33:30.88438612, 2.4667E+00, 6.7200E+00, 2.0000E+00,
14:33:30.88438617, 2.4667E+00, 6.7600E+00, 1.3333E+00,
14:33:30.88438622, 2.5000E+00, 6.7600E+00, 1.6667E+00,
14:33:30.88438627, 2.5333E+00, 6.7600E+00, 6.6667E-01,
14:33:30.88438632, 2.4667E+00, 6.7467E+00, 1.3333E+00,
14:33:30.88438637, 2.4333E+00, 6.7600E+00, 2.0000E+00,
14:33:30.88438642, 2.4000E+00, 6.7333E+00, 1.6667E+00,
14:33:30.88438647, 2.4000E+00, 6.7333E+00, 1.3333E+00,
14:33:30.88438652, 2.4667E+00, 6.7600E+00, 1.6667E+00,
14:33:30.88438657, 2.4000E+00, 6.7333E+00, 1.6667E+00,
14:33:30.88438662, 2.4333E+00, 6.7067E+00, 1.6667E+00,
14:33:30.88438667, 2.3333E+00, 6.7467E+00, 1.6667E+00,
14:33:30.88438672, 2.4000E+00, 6.7467E+00, 1.6667E+00,
14:33:30.88438677, 2.4000E+00, 6.7467E+00, 1.0000E+00,
14:33:30.88438682, 2.4667E+00, 6.7333E+00, 1.0000E+00,
14:33:30.88438687, 2.4000E+00, 6.7467E+00, 1.0000E+00,
14:33:30.88438692, 2.4000E+00, 6.7200E+00, 1.6667E+00,
14:33:30.88438697, 2.4333E+00, 6.7600E+00, 1.0000E+00,
14:33:30.88438702, 2.4333E+00, 6.7333E+00, 1.3333E+00,
14:33:30.88438707, 2.4333E+00, 6.7600E+00, 1.3333E+00,
14:33:30.88438712, 2.4333E+00, 6.7200E+00, 1.0000E+00,
14:33:30.88438717, 2.4333E+00, 6.7333E+00, 1.3333E+00,
14:33:30.88438722, 2.4000E+00, 6.7467E+00, 1.6667E+00,
14:33:30.88438727, 2.5000E+00, 6.7467E+00, 1.3333E+00,
14:33:30.88438732, 2.4333E+00, 6.7333E+00, 1.6667E+00,
14:33:30.88438737, 2.4000E+00, 6.7600E+00, 1.0000E+00,
14:33:30.88438742, 2.4333E+00, 6.7333E+00, 1.3333E+00,
14:33:30.88438747, 2.4000E+00, 6.7600E+00, 1.0000E+00,
14:33:30.88438752, 2.4333E+00, 6.7200E+00, 1.6667E+00,
14:33:30.88438757, 2.4000E+00, 6.7200E+00, 1.6667E+00,
14:33:30.88438762, 2.4667E+00, 6.7467E+00, 1.3333E+00,
14:33:30.88438767, 2.5000E+00, 6.7333E+00, 1.6667E+00,
14:33:30.88438772, 2.4333E+00, 6.7200E+00, 1.6667E+00,
14:33:30.88438777, 2.4333E+00, 6.7600E+00, 1.3333E+00,
14:33:30.88438782, 2.4667E+00, 6.7200E+00, 1.3333E+00,
14:33:30.88438787, 2.4000E+00, 6.7600E+00, 1.0000E+00,
14:33:30.88438792, 2.4000E+00, 6.7600E+00, 6.6667E-01,
14:33:30.88438797, 2.4333E+00, 6.7333E+00, 1.6667E+00,
14:33:30.88438802, 2.4333E+00, 6.7200E+00, 1.6667E+00,
14:33:30.88438807, 2.4667E+00, 6.7600E+00, 1.6667E+00,
14:33:30.88438812, 2.4000E+00, 6.7333E+00, 2.0000E+00,
14:33:30.88438817, 2.5333E+00, 6.7467E+00, 1.3333E+00,
14:33:30.88438822, 2.4333E+00, 6.7467E+00, 1.6667E+00,
14:33:30.88438827, 2.4000E+00, 6.7600E+00, 1.3333E+00,
14:33:30.88438832, 2.4000E+00, 6.7600E+00, 1.6667E+00,
14:33:30.88438837, 2.4000E+00, 6.7200E+00, 1.6667E+00,
14:33:30.88438842, 2.3667E+00, 6.7600E+00, 1.6667E+00,
14:33:30.88438847, 2.5000E+00, 6.7200E+00, 1.6667E+00,
14:33:30.88438852, 2.4000E+00, 6.7600E+00, 1.6667E+00,
14:33:30.88438857, 2.4000E+00, 6.7467E+00, 1.6667E+00,
14:33:30.88438862, 2.4333E+00, 6.7333E+00, 1.6667E+00,
14:33:30.88438867, 2.4000E+00, 6.7333E+00, 1.3333E+00,
14:33:30.88438872, 2.4333E+00, 6.7067E+00, 1.3333E+00,
14:33:30.88438877, 2.4667E+00, 6.7200E+00, 1.3333E+00,
14:33:30.88438882, 2.4667E+00, 6.7333E+00, 1.3333E+00,
14:33:30.88438887, 2.4000E+00, 6.7333E+00, 1.6667E+00,
14:33:30.88438892, 2.4333E+00, 6.7600E+00, 1.3333E+00,
14:33:30.88438897, 2.4000E+00, 6.7467E+00, 1.6667E+00,
14:33:30.88438902, 2.4000E+00, 6.7600E+00, 1.3333E+00,
14:33:30.88438907, 2.4000E+00, 6.7600E+00, 1.6667E+00,
14:33:30.88438912, 2.4333E+00, 6.7467E+00, 1.6667E+00,
14:33:30.88438917, 2.5000E+00, 6.7200E+00, 1.0000E+00,
14:33:30.88438922, 2.4333E+00, 6.7333E+00, 1.6667E+00,
14:33:30.88438927, 2.3667E+00, 6.7200E+00, 2.0000E+00,
14:33:30.88438932, 2.4667E+00, 6.7733E+00, 1.6667E+00,
14:33:30.88438937, 2.4333E+00, 6.7333E+00, 1.3333E+00,
14:33:30.88438942, 2.4000E+00, 6.7600E+00, 1.3333E+00,
14:33:30.88438947, 2.4000E+00, 6.7600E+00, 1.6667E+00,
14:33:30.88438952, 2.4667E+00, 6.7600E+00, 6.6667E-01,
14:33:30.88438957, 2.4667E+00, 6.7333E+00, 1.6667E+00,
14:33:30.88438962, 2.5333E+00, 6.7600E+00, 1.0000E+00,
14:33:30.88438967, 2.4667E+00, 6.7333E+00, 1.6667E+00,
14:33:30.88438972, 2.4333E+00, 6.7600E+00, 1.6667E+00,
14:33:30.88438977, 2.4333E+00, 6.7600E+00, 1.3333E+00,
14:33:30.88438982, 2.4333E+00, 6.7733E+00, 1.3333E+00,
14:33:30.88438987, 2.4000E+00, 6.7333E+00, 1.3333E+00,
14:33:30.88438992, 2.4333E+00, 6.7600E+00, 1.6667E+00,
14:33:30.88438997, 2.4667E+00, 6.7333E+00, 1.6667E+00,
14:33:30.88439002, 2.4667E+00, 6.7467E+00, 1.3333E+00,
14:33:30.88439007, 2.4333E+00, 6.7467E+00, 2.0000E+00,
14:33:30.88439012, 2.4000E+00, 6.7333E+00, 6.6667E-01,
14:33:30.88439017, 2.4000E+00, 6.7467E+00, 1.6667E+00,
14:33:30.88439022, 2.4000E+00, 6.7333E+00, 1.0000E+00,
14:33:30.88439027, 2.4333E+00, 6.7333E+00, 1.6667E+00,
14:33:30.88439032, 2.4000E+00, 6.7600E+00, 1.0000E+00,
14:33:30.88439037, 2.4000E+00, 6.7333E+00, 1.0000E+00,
14:33:30.88439042, 2.4000E+00, 6.7600E+00, 1.3333E+00,
14:33:30.88439047, 2.4667E+00, 6.7067E+00, 1.6667E+00,
14:33:30.88439052, 2.4000E+00, 6.7600E+00, 1.3333E+00,
14:33:30.88439057, 2.4333E+00, 6.7600E+00, 1.6667E+00,
14:33:30.88439062, 2.4000E+00, 6.7467E+00, 1.3333E+00,
14:33:30.88439067, 2.4333E+00, 6.7333E+00, 1.3333E+00,
14:33:30.88439072, 2.4000E+00, 6.7333E+00, 1.0000E+00,
14:33:30.88439077, 2.5000E+00, 6.7467E+00, 1.6667E+00,
14:33:30.88439082, 2.3333E+00, 6.7333E+00, 1.3333E+00,
14:33:30.88439087, 2.4333E+00, 6.7467E+00, 1.6667E+00,
14:33:30.88439092, 2.4333E+00, 6.7600E+00, 1.3333E+00,
14:33:30.88439097, 2.4000E+00, 6.7333E+00, 1.3333E+00,
14:33:30.88439102, 2.4667E+00, 6.7333E+00, 1.3333E+00,
14:33:30.88439107, 2.4333E+00, 6.7067E+00, 1.6667E+00,
14:33:30.88439112, 2.4000E+00, 6.7200E+00, 1.6667E+00,
14:33:30.88439117, 2.4667E+00, 6.7467E+00, 1.0000E+00,
14:33:30.88439122, 2.4333E+00, 6.7467E+00, 1.0000E+00,
14:33:30.88439127, 2.4000E+00, 6.7600E+00, 1.6667E+00,
14:33:30.88439132, 2.3667E+00, 6.7333E+00, 1.3333E+00,
14:33:30.88439137, 2.4000E+00, 6.7467E+00, 1.3333E+00,
14:33:30.88439142, 2.4333E+00, 6.7600E+00, 1.0000E+00,
14:33:30.88439147, 2.4667E+00, 6.7600E+00, 1.6667E+00,
14:33:30.88439152, 2.4333E+00, 6.7600E+00, 1.3333E+00,
14:33:30.88439157, 2.4000E+00, 6.7467E+00, 1.6667E+00,
14:33:30.88439162, 2.5000E+00, 6.7600E+00, 1.6667E+00,
14:33:30.88439167, 2.4333E+00, 6.7600E+00, 6.6667E-01,
14:33:30.88439172, 2.4000E+00, 6.7467E+00, 1.6667E+00,
14:33:30.88439177, 2.4667E+00, 6.7600E+00, 1.6667E+00,
14:33:30.88439182, 2.4000E+00, 6.7467E+00, 1.3333E+00,
14:33:30.88439187, 2.4000E+00, 6.7600E+00, 1.6667E+00,
14:33:30.88439192, 2.4000E+00, 6.7600E+00, 1.3333E+00,
14:33:30.88439197, 2.4000E+00, 6.7600E+00, 1.6667E+00,
14:33:30.88439202, 2.4667E+00, 6.7600E+00, 1.6667E+00,
14:33:30.88439207, 2.4667E+00, 6.7467E+00, 1.0000E+00,
14:33:30.88439212, 2.4667E+00, 6.7467E+00, 1.6667E+00,
14:33:30.88439217, 2.4000E+00, 6.7600E+00, 1.6667E+00,
14:33:30.88439222, 2.5000E+00, 6.7333E+00, 1.3333E+00,
14:33:30.88439227, 2.4333E+00, 6.7333E+00, 1.6667E+00,
14:33:30.88439232, 2.4000E+00, 6.7333E+00, 1.0000E+00,
14:33:30.88439237, 2.4000E+00, 6.7600E+00, 1.0000E+00,
14:33:30.88439242, 2.4333E+00, 6.7733E+00, 1.6667E+00,
14:33:30.88439247, 2.4667E+00, 6.7333E+00, 1.3333E+00,
14:33:30.88439252, 2.4000E+00, 6.7467E+00, 1.6667E+00,
14:33:30.88439257, 2.4000E+00, 6.7467E+00, 1.6667E+00,
14:33:30.88439262, 2.4000E+00, 6.7733E+00, 1.3333E+00,
14:33:30.88439267, 2.4000E+00, 6.7467E+00, 1.3333E+00,
14:33:30.88439272, 2.4000E+00, 6.7600E+00, 1.3333E+00,
14:33:30.88439277, 2.3667E+00, 6.7467E+00, 1.6667E+00,
14:33:30.88439282, 2.4000E+00, 6.7467E+00, 1.6667E+00,
14:33:30.88439287, 2.4333E+00, 6.7467E+00, 1.3333E+00,
14:33:30.88439292, 2.4333E+00, 6.7333E+00, 1.6667E+00,
14:33:30.88439297, 2.4000E+00, 6.7600E+00, 1.6667E+00,
14:33:30.88439302, 2.4667E+00, 6.7600E+00, 1.3333E+00,
14:33:30.88439307, 2.4000E+00, 6.7467E+00, 1.6667E+00,
14:33:30.88439312, 2.5000E+00, 6.7600E+00, 1.3333E+00,
14:33:30.88439317, 2.4000E+00, 6.7600E+00, 1.3333E+00,
14:33:30.88439322, 2.4000E+00, 6.7333E+00, 1.3333E+00,
14:33:30.88439327, 2.4000E+00, 6.7600E+00, 1.6667E+00,
14:33:30.88439332, 2.4667E+00, 6.7467E+00, 1.6667E+00,
14:33:30.88439337, 2.4000E+00, 6.7333E+00, 1.6667E+00,
14:33:30.88439342, 2.4000E+00, 6.7333E+00, 1.0000E+00,
14:33:30.88439347, 2.4667E+00, 6.7733E+00, 1.6667E+00,
14:33:30.88439352, 2.4333E+00, 6.7600E+00, 6.6667E-01,
14:33:30.88439357, 2.4333E+00, 6.7600E+00, 1.3333E+00,
14:33:30.88439362, 2.4667E+00, 6.7600E+00, 1.6667E+00,
14:33:30.88439367, 2.4333E+00, 6.7600E+00, 1.6667E+00,
14:33:30.88439372, 2.4000E+00, 6.7467E+00, 1.0000E+00,
14:33:30.88439377, 2.4000E+00, 6.7333E+00, 1.0000E+00,
14:33:30.88439382, 2.4333E+00, 6.7200E+00, 1.6667E+00,
14:33:30.88439387, 2.4000E+00, 6.7600E+00, 1.6667E+00,
14:33:30.88439392, 2.4333E+00, 6.7333E+00, 1.6667E+00,
14:33:30.88439397, 2.4333E+00, 6.7600E+00, 6.6667E-01,
14:33:30.88439402, 2.4000E+00, 6.7467E+00, 1.3333E+00,
14:33:30.88439407, 2.4667E+00, 6.7600E+00, 1.0000E+00,
14:33:30.88439412, 2.4333E+00, 6.7733E+00, 1.3333E+00,
14:33:30.88439417, 2.4667E+00, 6.7600E+00, 1.6667E+00,
14:33:30.88439422, 2.4667E+00, 6.7467E+00, 1.0000E+00,
14:33:30.88439427, 2.4333E+00, 6.7600E+00, 1.3333E+00,
14:33:30.88439432, 2.4000E+00, 6.7333E+00, 1.3333E+00,
14:33:30.88439437, 2.5000E+00, 6.7467E+00, 1.6667E+00,
14:33:30.88439442, 2.4000E+00, 6.7467E+00, 1.6667E+00,
14:33:30.88439447, 2.1667E+00, 7.0800E+00, 1.6667E+00,
14:33:30.88439452, 1.1000E+00, 6.8000E+00, 1.6667E+00,
14:33:30.88439457, 7.0000E-01, 6.7600E+00, 1.3333E+00,
14:33:30.88439462, 6.0000E-01, 6.7333E+00, 1.3333E+00,
14:33:30.88439467, 6.3333E-01, 6.7600E+00, 1.0000E+00,
14:33:30.88439472, 5.6667E-01, 6.7600E+00, 1.3333E+00,
14:33:30.88439477, 5.3333E-01, 6.7600E+00, 1.3333E+00,
14:33:30.88439482, 5.6667E-01, 6.7600E+00, 1.0000E+00,
14:33:30.88439487, 5.3333E-01, 6.7600E+00, 1.6667E+00,
14:33:30.88439492, 5.6667E-01, 6.7600E+00, 1.3333E+00,
14:33:30.88439497, 5.6667E-01, 6.7600E+00, 1.3333E+00,
14:33:30.88439502, 6.0000E-01, 6.7867E+00, 1.0000E+00,
14:33:30.88439507, 6.0000E-01, 6.7733E+00, 1.6667E+00,
14:33:30.88439512, 5.6667E-01, 6.7600E+00, 1.0000E+00,
14:33:30.88439517, 5.3333E-01, 6.7600E+00, 1.0000E+00,
14:33:30.88439522, 5.3333E-01, 6.7600E+00, 1.6667E+00,
14:33:30.88439527, 6.0000E-01, 6.7600E+00, 1.3333E+00,
14:33:30.88439532, 5.6667E-01, 6.7600E+00, 1.3333E+00,
14:33:30.88439537, 5.6667E-01, 6.7600E+00, 1.0000E+00,
14:33:30.88439542, 5.6667E-01, 6.7600E+00, 1.3333E+00,
14:33:30.88439547, 5.6667E-01, 6.7867E+00, 1.6667E+00,
14:33:30.88439552, 5.6667E-01, 6.7467E+00, 6.6667E-01,
14:33:30.88439557, 5.6667E-01, 6.7733E+00, 1.6667E+00,
14:33:30.88439562, 6.0000E-01, 6.7600E+00, 2.0000E+00,
14:33:30.88439567, 5.6667E-01, 6.7733E+00, 1.6667E+00,
14:33:30.88439572, 5.3333E-01, 6.7867E+00, 1.3333E+00,
14:33:30.88439577, 5.0000E-01, 6.7733E+00, 1.3333E+00,
14:33:30.88439582, 5.6667E-01, 6.8000E+00, 1.6667E+00,
14:33:30.88439587, 5.6667E-01, 6.7733E+00, 1.6667E+00,
14:33:30.88439592, 5.6667E-01, 6.7733E+00, 1.0000E+00,
14:33:30.88439597, 5.3333E-01, 6.7867E+00, 1.6667E+00,
14:33:30.88439602, 5.0000E-01, 6.7733E+00, 1.3333E+00,
14:33:30.88439607, 5.3333E-01, 6.7867E+00, 6.6667E-01,
14:33:30.88439612, 5.3333E-01, 6.8000E+00, 6.6667E-01,
14:33:30.88439617, 5.0000E-01, 6.7867E+00, 1.6667E+00,
14:33:30.88439622, 5.0000E-01, 6.7733E+00, 6.6667E-01,
14:33:30.88439627, 6.0000E-01, 6.7733E+00, 1.6667E+00,
14:33:30.88439632, 5.0000E-01, 6.7867E+00, 1.3333E+00,
14:33:30.88439637, 5.3333E-01, 6.7733E+00, 3.3333E-01,
14:33:30.88439642, 5.3333E-01, 6.7733E+00, 1.0000E+00,
14:33:30.88439647, 5.3333E-01, 6.7733E+00, 1.0000E+00,
14:33:30.88439652, 5.3333E-01, 6.7733E+00, 6.6667E-01,
14:33:30.88439657, 5.3333E-01, 6.7733E+00, 1.3333E+00,
14:33:30.88439662, 5.6667E-01, 6.8000E+00, 1.3333E+00,
14:33:30.88439667, 5.3333E-01, 6.7733E+00, 1.0000E+00,
14:33:30.88439672, 5.6667E-01, 6.7867E+00, 1.3333E+00,
14:33:30.88439677, 5.0000E-01, 6.7867E+00, 6.6667E-01,
14:33:30.88439682, 4.6667E-01, 6.7600E+00, 6.6667E-01,
14:33:30.88439687, 4.6667E-01, 6.8133E+00, 1.3333E+00,
14:33:30.88439692, 5.3333E-01, 6.8000E+00, 3.3333E-01,
14:33:30.88439697, 5.6667E-01, 6.7733E+00, 3.3333E-01,
14:33:30.88439702, 5.6667E-01, 6.7867E+00, 1.0000E+00,
14:33:30.88439707, 5.6667E-01, 6.8133E+00, 1.0000E+00,
14:33:30.88439712, 4.6667E-01, 6.7867E+00, 6.6667E-01,
14:33:30.88439717, 5.3333E-01, 6.7733E+00, 1.3333E+00,
14:33:30.88439722, 5.6667E-01, 6.7867E+00, 6.6667E-01,
14:33:30.88439727, 5.6667E-01, 6.7867E+00, 1.0000E+00,
14:33:30.88439732, 5.6667E-01, 6.8000E+00, 6.6667E-01,
14:33:30.88439737, 5.0000E-01, 6.7867E+00, 6.6667E-01,
14:33:30.88439742, 5.3333E-01, 6.8000E+00, 1.0000E+00,
14:33:30.88439747, 4.6667E-01, 6.8000E+00, 1.0000E+00,
14:33:30.88439752, 4.6667E-01, 6.8133E+00, 1.3333E+00,
14:33:30.88439757, 5.0000E-01, 6.8000E+00,-3.3333E-01,
14:33:30.88439762, 4.6667E-01, 6.8000E+00, 3.3333E-01,
14:33:30.88439767, 5.0000E-01, 6.7733E+00, 3.3333E-01,
14:33:30.88439772, 5.6667E-01, 6.8000E+00, 1.0000E+00,
14:33:30.88439777, 5.0000E-01, 6.8267E+00, 1.0000E+00,
14:33:30.88439782, 5.6667E-01, 6.7867E+00, 1.6667E+00,
14:33:30.88439787, 5.0000E-01, 6.8133E+00, 6.6667E-01,
14:33:30.88439792, 4.6667E-01, 6.8267E+00, 3.3333E-01,
14:33:30.88439797, 5.6667E-01, 6.7733E+00, 6.6667E-01,
14:33:30.88439802, 5.6667E-01, 6.7867E+00, 6.6667E-01,
14:33:30.88439807, 4.6667E-01, 6.8000E+00, 1.3333E+00,
14:33:30.88439812, 5.3333E-01, 6.8000E+00, 0.0000E+00,
14:33:30.88439817, 5.0000E-01, 6.8133E+00, 1.0000E+00,
14:33:30.88439822, 5.3333E-01, 6.8000E+00, 6.6667E-01,
14:33:30.88439827, 5.3333E-01, 6.8000E+00, 1.3333E+00,
14:33:30.88439832, 5.3333E-01, 6.8400E+00, 1.0000E+00,
14:33:30.88439837, 5.3333E-01, 6.8000E+00, 0.0000E+00,
14:33:30.88439842, 4.6667E-01, 6.7867E+00, 0.0000E+00,
14:33:30.88439847, 4.3333E-01, 6.8000E+00, 1.0000E+00,
14:33:30.88439852, 4.6667E-01, 6.8133E+00, 3.3333E-01,
14:33:30.88439857, 5.0000E-01, 6.7600E+00, 6.6667E-01,
14:33:30.88439862, 5.3333E-01, 6.8000E+00, 6.6667E-01,
14:33:30.88439867, 4.6667E-01, 6.7867E+00, 3.3333E-01,
14:33:30.88439872, 4.0000E-01, 6.8133E+00, 1.0000E+00,
14:33:30.88439877, 5.3333E-01, 6.7733E+00, 1.0000E+00,
14:33:30.88439882, 5.0000E-01, 6.7867E+00, 6.6667E-01,
14:33:30.88439887, 5.0000E-01, 6.8000E+00, 6.6667E-01,
14:33:30.88439892, 5.3333E-01, 6.8000E+00, 6.6667E-01,
14:33:30.88439897, 4.0000E-01, 6.8133E+00, 6.6667E-01,
14:33:30.88439902, 5.0000E-01, 6.8000E+00, 3.3333E-01,
14:33:30.88439907, 5.0000E-01, 6.8133E+00, 3.3333E-01,
14:33:30.88439912, 4.0000E-01, 6.8133E+00, 0.0000E+00,
14:33:30.88439917, 5.0000E-01, 6.8133E+00, 3.3333E-01,
14:33:30.88439922, 5.0000E-01, 6.7867E+00, 0.0000E+00,
14:33:30.88439927, 4.3333E-01, 6.7867E+00, 3.3333E-01,
14:33:30.88439932, 4.6667E-01, 6.8000E+00, 6.6667E-01,
14:33:30.88439937, 4.3333E-01, 6.8000E+00, 3.3333E-01,
14:33:30.88439942, 4.6667E-01, 6.8133E+00, 0.0000E+00,
14:33:30.88439947, 5.3333E-01, 6.7867E+00, 6.6667E-01,
14:33:30.88439952, 4.6667E-01, 6.8133E+00, 1.0000E+00,
14:33:30.88439957, 5.0000E-01, 6.7867E+00,-6.6667E-01,
14:33:30.88439962, 5.3333E-01, 6.8267E+00, 3.3333E-01,
14:33:30.88439967, 5.0000E-01, 6.7733E+00, 3.3333E-01,
14:33:30.88439972, 4.3333E-01, 6.7867E+00, 3.3333E-01,
14:33:30.88439977, 4.3333E-01, 6.7733E+00, 3.3333E-01,
14:33:30.88439982, 5.3333E-01, 6.8267E+00, 3.3333E-01,
14:33:30.88439987, 4.3333E-01, 6.8400E+00, 0.0000E+00,
14:33:30.88439992, 4.3333E-01, 6.8133E+00, 6.6667E-01,
14:33:30.88439997, 4.6667E-01, 6.8133E+00, 6.6667E-01,
14:33:30.88440002, 5.0000E-01, 6.8000E+00, 3.3333E-01,
14:33:30.88440007, 5.3333E-01, 6.8267E+00, 3.3333E-01,
14:33:30.88440012, 4.3333E-01, 6.7867E+00, 1.0000E+00,
14:33:30.88440017, 4.6667E-01, 6.8267E+00, 6.6667E-01,
14:33:30.88440022, 5.0000E-01, 6.8000E+00, 3.3333E-01,
14:33:30.88440027, 4.6667E-01, 6.7600E+00, 0.0000E+00,
14:33:30.88440032, 4.3333E-01, 6.8133E+00, 1.3333E+00,
14:33:30.88440037, 4.6667E-01, 6.7733E+00, 1.3333E+00,
14:33:30.88440042, 4.3333E-01, 6.8000E+00, 3.3333E-01,
14:33:30.88440047, 4.6667E-01, 6.7867E+00,-1.0000E+00,
14:33:30.88440052, 5.0000E-01, 6.7867E+00, 6.6667E-01,
14:33:30.88440057, 5.3333E-01, 6.7867E+00, 0.0000E+00,
14:33:30.88440062, 4.3333E-01, 6.8133E+00, 0.0000E+00,
14:33:30.88440067, 4.0000E-01, 6.7867E+00, 6.6667E-01,
14:33:30.88440072, 4.6667E-01, 6.7867E+00,-3.3333E-01,
14:33:30.88440077, 3.6667E-01, 6.7867E+00, 3.3333E-01,
14:33:30.88440082, 4.3333E-01, 6.8000E+00,-6.6667E-01,
14:33:30.88440087, 4.0000E-01, 6.7733E+00, 3.3333E-01,
14:33:30.88440092, 5.0000E-01, 6.7867E+00,-3.3333E-01,
14:33:30.88440097, 4.0000E-01, 6.7867E+00, 0.0000E+00,
14:33:30.88440102, 4.6667E-01, 6.8000E+00, 6.6667E-01,
14:33:30.88440107, 4.6667E-01, 6.8133E+00,-3.3333E-01,
14:33:30.88440112, 5.0000E-01, 6.7600E+00, 3.3333E-01,
14:33:30.88440117, 4.3333E-01, 6.7867E+00, 3.3333E-01,
14:33:30.88440122, 4.3333E-01, 6.7733E+00, 0.0000E+00,
14:33:30.88440127, 4.6667E-01, 6.7733E+00, 0.0000E+00,
14:33:30.88440132, 4.6667E-01, 6.7867E+00, 3.3333E-01,
14:33:30.88440137, 4.3333E-01, 6.7733E+00, 0.0000E+00,
14:33:30.88440142, 3.6667E-01, 6.7867E+00,-3.3333E-01,
14:33:30.88440147, 4.3333E-01, 6.7733E+00, 3.3333E-01,
14:33:30.88440152, 4.0000E-01, 6.7600E+00,-3.3333E-01,
14:33:30.88440157, 4.6667E-01, 6.7733E+00,-1.0000E+00,
14:33:30.88440162, 4.6667E-01, 6.8000E+00,-3.3333E-01,
14:33:30.88440167, 4.6667E-01, 6.8000E+00,-3.3333E-01,
14:33:30.88440172, 5.0000E-01, 6.8000E+00, 0.0000E+00,
14:33:30.88440177, 4.3333E-01, 6.8267E+00, 0.0000E+00,
14:33:30.88440182, 4.6667E-01, 6.8000E+00,-3.3333E-01,
14:33:30.88440187, 5.0000E-01, 6.7867E+00,-3.3333E-01,
14:33:30.88440192, 4.6667E-01, 6.8000E+00,-3.3333E-01,
14:33:30.88440197, 4.3333E-01, 6.7600E+00,-3.3333E-01,
14:33:30.88440202, 3.6667E-01, 6.8133E+00, 3.3333E-01,
14:33:30.88440207, 4.6667E-01, 6.7600E+00,-3.3333E-01,
14:33:30.88440212, 4.3333E-01, 6.8000E+00,-6.6667E-01,
14:33:30.88440217, 4.6667E-01, 6.7600E+00,-6.6667E-01,
14:33:30.88440222, 4.3333E-01, 6.7733E+00, 3.3333E-01,
14:33:30.88440227, 3.3333E-01, 6.7600E+00,-3.3333E-01,
14:33:30.88440232, 4.3333E-01, 6.7733E+00, 0.0000E+00,
14:33:30.88440237, 4.0000E-01, 6.7600E+00,-3.3333E-01,
14:33:30.88440242, 4.0000E-01, 6.8000E+00,-1.0000E+00,
14:33:30.88440247, 3.6667E-01, 6.7733E+00, 0.0000E+00,
14:33:30.88440252, 4.6667E-01, 6.7733E+00, 0.0000E+00,
14:33:30.88440257, 4.3333E-01, 6.7733E+00,-6.6667E-01,
14:33:30.88440262, 4.0000E-01, 6.7733E+00, 0.0000E+00,
14:33:30.88440267, 4.3333E-01, 6.7733E+00,-6.6667E-01,
14:33:30.88440272, 4.0000E-01, 6.7600E+00,-3.3333E-01,
14:33:30.88440277, 3.6667E-01, 6.7333E+00, 0.0000E+00,
14:33:30.88440282, 4.3333E-01, 6.7733E+00,-6.6667E-01,
14:33:30.88440287, 4.0000E-01, 6.7467E+00,-3.3333E-01,
14:33:30.88440292, 4.0000E-01, 6.7600E+00, 0.0000E+00,
14:33:30.88440297, 4.3333E-01, 6.7600E+00, 3.3333E-01,
14:33:30.88440302, 4.3333E-01, 6.7733E+00,-6.6667E-01,
14:33:30.88440307, 4.0000E-01, 6.7600E+00, 3.3333E-01,
14:33:30.88440312, 4.0000E-01, 6.8000E+00,-3.3333E-01,
14:33:30.88440317, 4.0000E-01, 6.7600E+00,-3.3333E-01,
14:33:30.88440322, 5.0000E-01, 6.7600E+00,-3.3333E-01,
14:33:30.88440327, 4.3333E-01, 6.7600E+00, 3.3333E-01,
14:33:30.88440332, 4.0000E-01, 6.7600E+00,-6.6667E-01,
14:33:30.88440337, 4.0000E-01, 6.7733E+00, 3.3333E-01,
14:33:30.88440342, 4.3333E-01, 6.7600E+00, 0.0000E+00,
14:33:30.88440347, 4.0000E-01, 6.7600E+00, 0.0000E+00,
14:33:30.88440352, 4.3333E-01, 6.7333E+00,-3.3333E-01,
14:33:30.88440357, 4.6667E-01, 6.7600E+00,-6.6667E-01,
14:33:30.88440362, 4.3333E-01, 6.7733E+00, 3.3333E-01,
14:33:30.88440367, 4.6667E-01, 6.7600E+00,-3.3333E-01,
14:33:30.88440372, 4.3333E-01, 6.7600E+00,-3.3333E-01,
14:33:30.88440377, 4.3333E-01, 6.7333E+00, 3.3333E-01,
14:33:30.88440382, 3.0000E-01, 6.7600E+00,-6.6667E-01,
14:33:30.88440387, 3.6667E-01, 6.7600E+00,-3.3333E-01,
14:33:30.88440392, 4.0000E-01, 6.7600E+00,-3.3333E-01,
14:33:30.88440397, 3.6667E-01, 6.8133E+00,-3.3333E-01,
14:33:30.88440402, 3.6667E-01, 6.7467E+00,-3.3333E-01,
14:33:30.88440407, 4.0000E-01, 6.7600E+00, 0.0000E+00,
14:33:30.88440412, 3.3333E-01, 6.7600E+00,-6.6667E-01,
14:33:30.88440417, 4.3333E-01, 6.7733E+00,-3.3333E-01,
14:33:30.88440422, 4.0000E-01, 6.7600E+00,-3.3333E-01,
14:33:30.88440427, 4.0000E-01, 6.7600E+00,-3.3333E-01,
14:33:30.88440432, 3.3333E-01, 6.7600E+00, 0.0000E+00,
14:33:30.88440437, 3.6667E-01, 6.7600E+00, 3.3333E-01,
14:33:30.88440442, 4.0000E-01, 6.7600E+00,-1.3333E+00,
14:33:30.88440447, 3.0000E-01, 6.7600E+00,-6.6667E-01,
14:33:30.88440452, 3.6667E-01, 6.7600E+00,-6.6667E-01,
14:33:30.88440457, 4.0000E-01, 6.7067E+00,-6.6667E-01,
14:33:30.88440462, 3.6667E-01, 6.7333E+00, 0.0000E+00,
14:33:30.88440467, 3.6667E-01, 6.7600E+00,-3.3333E-01,
14:33:30.88440472, 3.6667E-01, 6.7467E+00, 0.0000E+00,
14:33:30.88440477, 3.6667E-01, 6.7867E+00,-6.6667E-01,
14:33:30.88440482, 4.0000E-01, 6.7200E+00,-3.3333E-01,
14:33:30.88440487, 4.0000E-01, 6.7333E+00,-3.3333E-01,
14:33:30.88440492, 4.0000E-01, 6.7600E+00,-3.3333E-01,
14:33:30.88440497, 3.6667E-01, 6.7467E+00, 0.0000E+00,
14:33:30.88440502, 4.3333E-01, 6.7200E+00,-6.6667E-01,
14:33:30.88440507, 4.3333E-01, 6.7333E+00,-6.6667E-01,
14:33:30.88440512, 4.0000E-01, 6.7067E+00, 0.0000E+00,
14:33:30.88440517, 4.0000E-01, 6.7467E+00,-6.6667E-01,
14:33:30.88440522, 3.3333E-01, 6.7600E+00, 0.0000E+00,
14:33:30.88440527, 3.6667E-01, 6.7467E+00, 0.0000E+00,
14:33:30.88440532, 3.0000E-01, 6.7200E+00,-6.6667E-01,
14:33:30.88440537, 4.0000E-01, 6.7467E+00, 6.6667E-01,
14:33:30.88440542, 4.0000E-01, 6.7200E+00, 3.3333E-01,
14:33:30.88440547, 3.0000E-01, 6.7467E+00,-3.3333E-01,
14:33:30.88440552, 3.3333E-01, 6.7200E+00, 0.0000E+00,
14:33:30.88440557, 3.6667E-01, 6.7200E+00,-3.3333E-01,
14:33:30.88440562, 4.0000E-01, 6.7467E+00, 0.0000E+00,
14:33:30.88440567, 3.6667E-01, 6.7467E+00, 0.0000E+00,
14:33:30.88440572, 3.0000E-01, 6.7200E+00,-6.6667E-01,
14:33:30.88440577, 3.3333E-01, 6.7467E+00, 6.6667E-01,
14:33:30.88440582, 4.0000E-01, 6.7333E+00,-6.6667E-01,
14:33:30.88440587, 3.6667E-01, 6.7600E+00, 0.0000E+00,
14:33:30.88440592, 3.6667E-01, 6.7467E+00,-3.3333E-01,
14:33:30.88440597, 3.0000E-01, 6.7200E+00, 0.0000E+00,
14:33:30.88440602, 4.0000E-01, 6.7200E+00,-6.6667E-01,
14:33:30.88440607, 3.3333E-01, 6.7333E+00, 3.3333E-01,
14:33:30.88440612, 4.0000E-01, 6.7467E+00, 6.6667E-01,
14:33:30.88440617, 3.6667E-01, 6.7467E+00,-6.6667E-01,
14:33:30.88440622, 3.6667E-01, 6.7467E+00, 3.3333E-01,
14:33:30.88440627, 3.0000E-01, 6.7067E+00, 0.0000E+00,
14:33:30.88440632, 3.6667E-01, 6.7733E+00,-3.3333E-01,
14:33:30.88440637, 4.0000E-01, 6.7200E+00, 6.6667E-01,
14:33:30.88440642, 4.3333E-01, 6.7333E+00,-3.3333E-01,
14:33:30.88440647, 3.3333E-01, 6.7200E+00, 3.3333E-01,
14:33:30.88440652, 3.3333E-01, 6.6933E+00,-3.3333E-01,
14:33:30.88440657, 3.6667E-01, 6.6933E+00,-1.0000E+00,
14:33:30.88440662, 4.0000E-01, 6.7333E+00, 0.0000E+00,
14:33:30.88440667, 3.3333E-01, 6.7200E+00, 0.0000E+00,
14:33:30.88440672, 3.6667E-01, 6.7200E+00,-1.0000E+00,
14:33:30.88440677, 3.6667E-01, 6.7333E+00,-6.6667E-01,
14:33:30.88440682, 3.6667E-01, 6.7200E+00, 0.0000E+00,
14:33:30.88440687, 3.3333E-01, 6.6933E+00,-3.3333E-01,
14:33:30.88440692, 3.6667E-01, 6.7067E+00,-3.3333E-01,
14:33:30.88440697, 3.3333E-01, 6.7200E+00,-3.3333E-01,
14:33:30.88440702, 3.3333E-01, 6.7067E+00,-6.6667E-01,
14:33:30.88440707, 3.0000E-01, 6.7067E+00,-3.3333E-01,
14:33:30.88440712, 3.3333E-01, 6.6933E+00, 6.6667E-01,
14:33:30.88440717, 2.6667E-01, 6.7067E+00,-3.3333E-01,
14:33:30.88440722, 3.3333E-01, 6.7067E+00,-6.6667E-01,
14:33:30.88440727, 3.3333E-01, 6.7200E+00, 0.0000E+00,
14:33:30.88440732, 3.3333E-01, 6.7467E+00,-3.3333E-01,
14:33:30.88440737, 3.0000E-01, 6.6933E+00,-3.3333E-01,
14:33:30.88440742, 4.0000E-01, 6.6933E+00, 3.3333E-01,
14:33:30.88440747, 4.0000E-01, 6.7067E+00, 0.0000E+00,
14:33:30.88440752, 3.0000E-01, 6.7333E+00,-3.3333E-01,
14:33:30.88440757, 3.0000E-01, 6.7067E+00, 0.0000E+00,
14:33:30.88440762, 3.3333E-01, 6.7333E+00, 0.0000E+00,
14:33:30.88440767, 3.6667E-01, 6.7067E+00,-3.3333E-01,
14:33:30.88440772, 3.3333E-01, 6.7200E+00,-3.3333E-01,
14:33:30.88440777, 3.6667E-01, 6.6933E+00,-3.3333E-01,
14:33:30.88440782, 4.0000E-01, 6.7200E+00, 0.0000E+00,
14:33:30.88440787, 3.6667E-01, 6.6933E+00, 0.0000E+00,
14:33:30.88440792, 3.3333E-01, 6.7200E+00, 3.3333E-01,
14:33:30.88440797, 3.0000E-01, 6.7200E+00,-3.3333E-01,
14:33:30.88440802, 3.0000E-01, 6.6800E+00,-3.3333E-01,
14:33:30.88440807, 3.3333E-01, 6.7200E+00, 3.3333E-01,
14:33:30.88440812, 3.6667E-01, 6.7200E+00,-6.6667E-01,
14:33:30.88440817, 2.6667E-01, 6.7067E+00,-3.3333E-01,
14:33:30.88440822, 2.6667E-01, 6.6933E+00, 3.3333E-01,
14:33:30.88440827, 3.0000E-01, 6.7333E+00, 6.6667E-01,
14:33:30.88440832, 2.3333E-01, 6.7200E+00, 1.3333E+00,
14:33:30.88440837, 3.3333E-01, 6.7200E+00, 0.0000E+00,
14:33:30.88440842, 4.0000E-01, 6.7067E+00, 3.3333E-01,
14:33:30.88440847, 3.6667E-01, 6.7200E+00, 3.3333E-01,
14:33:30.88440852, 3.0000E-01, 6.6933E+00, 6.6667E-01,
14:33:30.88440857, 2.6667E-01, 6.7067E+00, 3.3333E-01,
14:33:30.88440862, 3.3333E-01, 6.7200E+00,-6.6667E-01,
14:33:30.88440867, 3.6667E-01, 6.7333E+00, 3.3333E-01,
14:33:30.88440872, 3.6667E-01, 6.7067E+00,-3.3333E-01,
14:33:30.88440877, 3.3333E-01, 6.7067E+00, 3.3333E-01,
14:33:30.88440882, 3.3333E-01, 6.7067E+00, 0.0000E+00,
14:33:30.88440887, 3.3333E-01, 6.6933E+00, 1.0000E+00,
14:33:30.88440892, 3.0000E-01, 6.7200E+00,-3.3333E-01,
14:33:30.88440897, 2.3333E-01, 6.7067E+00, 6.6667E-01,
14:33:30.88440902, 3.0000E-01, 6.7067E+00,-3.3333E-01,
14:33:30.88440907, 3.3333E-01, 6.7200E+00, 0.0000E+00,
14:33:30.88440912, 3.0000E-01, 6.6933E+00,-6.6667E-01,
14:33:30.88440917, 3.0000E-01, 6.7200E+00, 0.0000E+00,
14:33:30.88440922, 3.6667E-01, 6.7067E+00, 0.0000E+00,
14:33:30.88440927, 4.0000E-01, 6.7067E+00, 0.0000E+00,
14:33:30.88440932, 3.3333E-01, 6.7067E+00,-3.3333E-01,
14:33:30.88440937, 3.3333E-01, 6.6933E+00, 3.3333E-01,
14:33:30.88440942, 3.0000E-01, 6.7200E+00,-3.3333E-01,
14:33:30.88440947, 3.6667E-01, 6.7067E+00, 3.3333E-01,
14:33:30.88440952, 3.3333E-01, 6.7200E+00,-3.3333E-01,
14:33:30.88440957, 3.6667E-01, 6.7200E+00, 0.0000E+00,
14:33:30.88440962, 3.3333E-01, 6.6800E+00, 3.3333E-01,
14:33:30.88440967, 3.0000E-01, 6.7067E+00,-3.3333E-01,
14:33:30.88440972, 3.6667E-01, 6.7067E+00, 6.6667E-01,
14:33:30.88440977, 3.3333E-01, 6.7333E+00, 1.0000E+00,
14:33:30.88440982, 3.6667E-01, 6.6933E+00,-3.3333E-01,
14:33:30.88440987, 3.3333E-01, 6.7200E+00, 6.6667E-01,
14:33:30.88440992, 2.6667E-01, 6.7333E+00, 3.3333E-01,
14:33:30.88440997, 2.3333E-01, 6.7200E+00, 0.0000E+00,
14:33:30.88441002, 2.3333E-01, 6.7200E+00, 3.3333E-01,
14:33:30.88441007, 2.6667E-01, 6.6800E+00, 6.6667E-01,
14:33:30.88441012, 2.6667E-01, 6.7067E+00, 6.6667E-01,
14:33:30.88441017, 4.0000E-01, 6.6933E+00, 6.6667E-01,
14:33:30.88441022, 3.6667E-01, 6.7333E+00, 0.0000E+00,
14:33:30.88441027, 2.3333E-01, 6.6800E+00, 3.3333E-01,
14:33:30.88441032, 3.0000E-01, 6.7067E+00, 6.6667E-01,
14:33:30.88441037, 3.3333E-01, 6.6933E+00, 6.6667E-01,
14:33:30.88441042, 3.3333E-01, 6.6667E+00,-3.3333E-01,
14:33:30.88441047, 2.6667E-01, 6.7200E+00, 1.0000E+00,
14:33:30.88441052, 3.3333E-01, 6.7200E+00, 1.0000E+00,
14:33:30.88441057, 2.6667E-01, 6.7333E+00, 3.3333E-01,
14:33:30.88441062, 3.3333E-01, 6.7067E+00, 3.3333E-01,
14:33:30.88441067, 3.6667E-01, 6.7200E+00, 3.3333E-01,
14:33:30.88441072, 3.3333E-01, 6.7067E+00, 3.3333E-01,
14:33:30.88441077, 3.6667E-01, 6.7067E+00, 0.0000E+00,
14:33:30.88441082, 2.6667E-01, 6.7067E+00, 3.3333E-01,
14:33:30.88441087, 3.0000E-01, 6.7200E+00, 0.0000E+00,
14:33:30.88441092, 3.3333E-01, 6.7067E+00, 3.3333E-01,
14:33:30.88441097, 3.3333E-01, 6.7333E+00, 3.3333E-01,
14:33:30.88441102, 3.0000E-01, 6.7067E+00, 0.0000E+00,
14:33:30.88441107, 2.6667E-01, 6.6933E+00, 3.3333E-01,
14:33:30.88441112, 2.3333E-01, 6.7067E+00, 3.3333E-01,
14:33:30.88441117, 3.0000E-01, 6.7333E+00, 3.3333E-01,
14:33:30.88441122, 2.6667E-01, 6.6933E+00, 3.3333E-01,
14:33:30.88441127, 3.3333E-01, 6.7067E+00, 0.0000E+00,
14:33:30.88441132, 2.6667E-01, 6.7067E+00, 0.0000E+00,
14:33:30.88441137, 2.3333E-01, 6.7333E+00, 3.3333E-01,
14:33:30.88441142, 2.3333E-01, 6.7333E+00, 1.0000E+00,
14:33:30.88441147, 3.0000E-01, 6.7200E+00, 3.3333E-01,
14:33:30.88441152, 3.0000E-01, 6.7067E+00, 6.6667E-01,
14:33:30.88441157, 2.6667E-01, 6.7333E+00, 3.3333E-01,
14:33:30.88441162, 3.0000E-01, 6.7333E+00, 1.0000E+00,
14:33:30.88441167, 3.3333E-01, 6.6667E+00, 3.3333E-01,
14:33:30.88441172, 3.0000E-01, 6.6933E+00, 0.0000E+00,
14:33:30.88441177, 2.6667E-01, 6.7200E+00, 1.0000E+00,
14:33:30.88441182, 2.3333E-01, 6.6667E+00, 0.0000E+00,
14:33:30.88441187, 2.6667E-01, 6.7067E+00, 6.6667E-01,
14:33:30.88441192, 2.6667E-01, 6.6800E+00, 6.6667E-01,
14:33:30.88441197, 2.3333E-01, 6.7200E+00, 1.0000E+00,
14:33:30.88441202, 3.0000E-01, 6.6933E+00, 3.3333E-01,
14:33:30.88441207, 2.6667E-01, 6.7200E+00, 1.0000E+00,
14:33:30.88441212, 3.6667E-01, 6.6933E+00,-6.6667E-01,
14:33:30.88441217, 3.3333E-01, 6.6933E+00, 1.0000E+00,
14:33:30.88441222, 3.0000E-01, 6.7067E+00, 0.0000E+00,
14:33:30.88441227, 2.0000E-01, 6.7333E+00, 3.3333E-01,
14:33:30.88441232, 3.6667E-01, 6.7333E+00, 3.3333E-01,
14:33:30.88441237, 2.0000E-01, 6.7200E+00, 6.6667E-01,
14:33:30.88441242, 3.0000E-01, 6.7200E+00, 3.3333E-01,
14:33:30.88441247, 2.6667E-01, 6.7333E+00, 1.0000E+00,
14:33:30.88441252, 3.0000E-01, 6.7467E+00, 6.6667E-01,
14:33:30.88441257, 2.6667E-01, 6.7200E+00, 6.6667E-01,
14:33:30.88441262, 2.6667E-01, 6.7067E+00, 3.3333E-01,
14:33:30.88441267, 2.3333E-01, 6.7467E+00, 1.3333E+00,
14:33:30.88441272, 2.6667E-01, 6.7200E+00, 0.0000E+00,
14:33:30.88441277, 2.6667E-01, 6.6933E+00,-3.3333E-01,
14:33:30.88441282, 3.0000E-01, 6.7200E+00, 6.6667E-01,
14:33:30.88441287, 2.3333E-01, 6.7067E+00, 1.0000E+00,
14:33:30.88441292, 2.3333E-01, 6.7200E+00, 1.0000E+00,
14:33:30.88441297, 3.3333E-01, 6.7067E+00, 6.6667E-01,
14:33:30.88441302, 2.6667E-01, 6.7467E+00, 3.3333E-01,
14:33:30.88441307, 2.6667E-01, 6.7200E+00, 0.0000E+00,
14:33:30.88441312, 2.6667E-01, 6.7067E+00, 3.3333E-01,
14:33:30.88441317, 2.6667E-01, 6.7067E+00, 3.3333E-01,
14:33:30.88441322, 3.0000E-01, 6.7467E+00, 3.3333E-01,
14:33:30.88441327, 2.3333E-01, 6.7333E+00, 3.3333E-01,
14:33:30.88441332, 2.6667E-01, 6.7200E+00, 1.0000E+00,
14:33:30.88441337, 2.6667E-01, 6.7200E+00, 1.0000E+00,
14:33:30.88441342, 2.3333E-01, 6.7067E+00, 6.6667E-01,
14:33:30.88441347, 2.0000E-01, 6.7067E+00, 6.6667E-01,
14:33:30.88441352, 2.6667E-01, 6.7333E+00, 6.6667E-01,
14:33:30.88441357, 2.3333E-01, 6.7200E+00, 3.3333E-01,
14:33:30.88441362, 3.0000E-01, 6.7333E+00, 6.6667E-01,
14:33:30.88441367, 2.6667E-01, 6.7600E+00, 1.0000E+00,
14:33:30.88441372, 2.3333E-01, 6.7600E+00, 1.0000E+00,
14:33:30.88441377, 2.6667E-01, 6.7600E+00, 1.0000E+00,
14:33:30.88441382, 2.3333E-01, 6.7333E+00, 1.0000E+00,
14:33:30.88441387, 2.6667E-01, 6.7067E+00, 1.0000E+00,
14:33:30.88441392, 3.0000E-01, 6.7333E+00, 6.6667E-01,
14:33:30.88441397, 2.6667E-01, 6.7467E+00, 1.0000E+00,
14:33:30.88441402, 3.3333E-01, 6.7333E+00, 6.6667E-01,
14:33:30.88441407, 2.6667E-01, 6.7333E+00, 0.0000E+00,
14:33:30.88441412, 3.0000E-01, 6.7467E+00, 0.0000E+00,
14:33:30.88441417, 3.0000E-01, 6.7600E+00, 1.3333E+00,
14:33:30.88441422, 3.3333E-01, 6.7200E+00, 6.6667E-01,
14:33:30.88441427, 3.0000E-01, 6.7200E+00, 1.0000E+00,
14:33:30.88441432, 3.0000E-01, 6.7467E+00, 3.3333E-01,
14:33:30.88441437, 2.6667E-01, 6.7467E+00, 1.3333E+00,
14:33:30.88441442, 3.3333E-01, 6.7067E+00, 1.0000E+00,
14:33:30.88441447, 2.3333E-01, 6.7067E+00, 0.0000E+00,
14:33:30.88441452, 2.3333E-01, 6.7467E+00, 6.6667E-01,
14:33:30.88441457, 2.0000E-01, 6.7467E+00, 1.0000E+00,
14:33:30.88441462, 2.0000E-01, 6.7600E+00, 3.3333E-01,
14:33:30.88441467, 2.0000E-01, 6.7600E+00, 0.0000E+00,
14:33:30.88441472, 2.6667E-01, 6.7600E+00, 3.3333E-01,
14:33:30.88441477, 2.6667E-01, 6.7600E+00, 6.6667E-01,
14:33:30.88441482, 2.6667E-01, 6.7467E+00, 3.3333E-01,
14:33:30.88441487, 2.6667E-01, 6.7333E+00, 3.3333E-01,
14:33:30.88441492, 2.6667E-01, 6.7600E+00, 1.0000E+00,
14:33:30.88441497, 2.6667E-01, 6.7467E+00, 3.3333E-01,
14:33:30.88441502, 2.3333E-01, 6.7333E+00, 6.6667E-01,
14:33:30.88441507, 3.3333E-01, 6.7333E+00, 3.3333E-01,
14:33:30.88441512, 2.6667E-01, 6.7467E+00, 1.0000E+00,
14:33:30.88441517, 3.0000E-01, 6.7067E+00, 6.6667E-01,
14:33:30.88441522, 2.3333E-01, 6.7467E+00, 3.3333E-01,
14:33:30.88441527, 2.3333E-01, 6.7333E+00, 1.0000E+00,
14:33:30.88441532, 2.3333E-01, 6.7200E+00, 6.6667E-01,
14:33:30.88441537, 2.0000E-01, 6.7467E+00, 0.0000E+00,
14:33:30.88441542, 2.6667E-01, 6.7200E+00, 3.3333E-01,
14:33:30.88441547, 3.0000E-01, 6.7333E+00, 3.3333E-01,
14:33:30.88441552, 3.3333E-01, 6.7333E+00, 0.0000E+00,
14:33:30.88441557, 2.3333E-01, 6.7467E+00, 3.3333E-01,
14:33:30.88441562, 2.3333E-01, 6.7333E+00, 1.3333E+00,
14:33:30.88441567, 2.6667E-01, 6.7200E+00, 6.6667E-01,
14:33:30.88441572, 2.3333E-01, 6.7600E+00, 6.6667E-01,
14:33:30.88441577, 3.0000E-01, 6.7600E+00, 1.3333E+00,
14:33:30.88441582, 2.0000E-01, 6.7467E+00, 1.6667E+00,
14:33:30.88441587, 2.3333E-01, 6.7600E+00, 1.0000E+00,
14:33:30.88441592, 2.6667E-01, 6.7467E+00, 6.6667E-01,
14:33:30.88441597, 2.3333E-01, 6.7600E+00, 1.0000E+00,
14:33:30.88441602, 2.3333E-01, 6.7333E+00, 6.6667E-01,
14:33:30.88441607, 2.3333E-01, 6.7600E+00, 3.3333E-01,
14:33:30.88441612, 2.0000E-01, 6.7467E+00, 1.0000E+00,
14:33:30.88441617, 2.3333E-01, 6.7467E+00, 3.3333E-01,
14:33:30.88441622, 2.6667E-01, 6.7733E+00, 1.0000E+00,
14:33:30.88441627, 2.3333E-01, 6.7600E+00, 1.0000E+00,
14:33:30.88441632, 3.3333E-01, 6.7600E+00, 3.3333E-01,
14:33:30.88441637, 2.6667E-01, 6.7733E+00, 1.0000E+00,
14:33:30.88441642, 3.6667E-01, 6.7733E+00, 3.3333E-01,
14:33:30.88441647, 2.6667E-01, 6.7600E+00, 6.6667E-01,
14:33:30.88441652, 2.0000E-01, 6.7333E+00, 6.6667E-01,
14:33:30.88441657, 2.0000E-01, 6.7600E+00, 6.6667E-01,
14:33:30.88441662, 2.3333E-01, 6.7733E+00, 1.0000E+00,
14:33:30.88441667, 2.6667E-01, 6.7733E+00, 1.0000E+00,
14:33:30.88441672, 2.3333E-01, 6.7467E+00, 3.3333E-01,
14:33:30.88441677, 2.3333E-01, 6.7733E+00, 6.6667E-01,
14:33:30.88441682, 2.0000E-01, 6.7467E+00, 3.3333E-01,
14:33:30.88441687, 2.6667E-01, 6.7600E+00, 3.3333E-01,
14:33:30.88441692, 3.0000E-01, 6.7600E+00, 6.6667E-01,
14:33:30.88441697, 2.0000E-01, 6.7467E+00, 1.3333E+00,
14:33:30.88441702, 2.0000E-01, 6.7467E+00, 3.3333E-01,
14:33:30.88441707, 2.0000E-01, 6.7600E+00, 6.6667E-01,
14:33:30.88441712, 3.0000E-01, 6.7333E+00, 0.0000E+00,
14:33:30.88441717, 2.3333E-01, 6.7733E+00, 3.3333E-01,
14:33:30.88441722, 2.6667E-01, 6.7600E+00, 1.0000E+00,
14:33:30.88441727, 2.0000E-01, 6.7733E+00, 1.0000E+00,
14:33:30.88441732, 2.3333E-01, 6.7600E+00, 1.3333E+00,
14:33:30.88441737, 2.3333E-01, 6.7600E+00, 3.3333E-01,
14:33:30.88441742, 2.6667E-01, 6.7733E+00, 6.6667E-01,
14:33:30.88441747, 2.3333E-01, 6.7600E+00, 6.6667E-01,
14:33:30.88441752, 3.0000E-01, 6.7467E+00, 1.0000E+00,
14:33:30.88441757, 2.0000E-01, 6.7600E+00, 6.6667E-01,
14:33:30.88441762, 2.3333E-01, 6.7600E+00, 0.0000E+00,
14:33:30.88441767, 2.0000E-01, 6.7600E+00, 6.6667E-01,
14:33:30.88441772, 2.3333E-01, 6.7600E+00, 1.0000E+00,
14:33:30.88441777, 2.3333E-01, 6.7733E+00, 0.0000E+00,
14:33:30.88441782, 2.3333E-01, 6.7333E+00, 1.0000E+00,
14:33:30.88441787, 2.0000E-01, 6.7467E+00, 0.0000E+00,
14:33:30.88441792, 2.0000E-01, 6.7467E+00, 1.0000E+00,
14:33:30.88441797, 2.0000E-01, 6.7600E+00, 0.0000E+00,
14:33:30.88441802, 2.3333E-01, 6.7467E+00, 3.3333E-01,
14:33:30.88441807, 2.6667E-01, 6.7600E+00, 3.3333E-01,
14:33:30.88441812, 2.0000E-01, 6.7600E+00, 3.3333E-01,
14:33:30.88441817, 2.0000E-01, 6.7600E+00, 3.3333E-01,
14:33:30.88441822, 2.0000E-01, 6.7600E+00, 1.0000E+00,
14:33:30.88441827, 2.0000E-01, 6.7867E+00, 1.3333E+00,
14:33:30.88441832, 2.6667E-01, 6.7600E+00, 3.3333E-01,
14:33:30.88441837, 2.0000E-01, 6.7600E+00, 3.3333E-01,
14:33:30.88441842, 4.0000E-01, 6.7600E+00, 3.3333E-01,
14:33:30.88441847, 2.3333E-01, 6.7467E+00, 6.6667E-01,
14:33:30.88441852, 2.0000E-01, 6.7733E+00, 0.0000E+00,
14:33:30.88441857, 2.0000E-01, 6.7867E+00, 3.3333E-01,
14:33:30.88441862, 2.3333E-01, 6.7733E+00, 0.0000E+00,
14:33:30.88441867, 3.0000E-01, 6.7600E+00, 3.3333E-01,
14:33:30.88441872, 2.0000E-01, 6.8267E+00, 1.0000E+00,
14:33:30.88441877, 2.3333E-01, 6.7467E+00, 6.6667E-01,
14:33:30.88441882, 2.3333E-01, 6.7733E+00, 6.6667E-01,
14:33:30.88441887, 2.6667E-01, 6.7867E+00,-3.3333E-01,
14:33:30.88441892, 2.3333E-01, 6.7867E+00, 3.3333E-01,
14:33:30.88441897, 2.6667E-01, 6.7600E+00, 3.3333E-01,
14:33:30.88441902, 1.6667E-01, 6.7600E+00, 3.3333E-01,
14:33:30.88441907, 2.0000E-01, 6.7733E+00, 3.3333E-01,
14:33:30.88441912, 2.6667E-01, 6.7600E+00, 6.6667E-01,
14:33:30.88441917, 2.3333E-01, 6.7467E+00, 0.0000E+00,
14:33:30.88441922, 2.0000E-01, 6.7733E+00, 6.6667E-01,
14:33:30.88441927, 2.6667E-01, 6.7733E+00, 3.3333E-01,
14:33:30.88441932, 2.3333E-01, 6.7600E+00, 1.0000E+00,
14:33:30.88441937, 2.6667E-01, 6.7733E+00, 1.0000E+00,
14:33:30.88441942, 2.0000E-01, 6.7733E+00, 3.3333E-01,
14:33:30.88441947, 2.0000E-01, 6.8267E+00, 0.0000E+00,
14:33:30.88441952, 2.0000E-01, 6.7600E+00, 0.0000E+00,
14:33:30.88441957, 2.0000E-01, 6.7600E+00, 3.3333E-01,
14:33:30.88441962, 2.3333E-01, 6.7600E+00, 1.3333E+00,
14:33:30.88441967, 2.0000E-01, 6.7600E+00, 6.6667E-01,
14:33:30.88441972, 2.0000E-01, 6.7600E+00, 3.3333E-01,
14:33:30.88441977, 2.3333E-01, 6.7600E+00, 1.6667E+00,
14:33:30.88441982, 2.6667E-01, 6.7600E+00, 3.3333E-01,
14:33:30.88441987, 2.3333E-01, 6.7733E+00, 0.0000E+00,
14:33:30.88441992, 2.3333E-01, 6.7733E+00, 3.3333E-01,
14:33:30.88441997, 2.3333E-01, 6.8000E+00, 3.3333E-01,
14:33:30.88442002, 2.0000E-01, 6.7600E+00, 0.0000E+00,
14:33:30.88442007, 2.0000E-01, 6.7733E+00, 3.3333E-01,
14:33:30.88442012, 2.0000E-01, 6.7600E+00, 0.0000E+00,
14:33:30.88442017, 2.3333E-01, 6.7600E+00, 1.0000E+00,
14:33:30.88442022, 2.0000E-01, 6.7600E+00, 1.0000E+00,
14:33:30.88442027, 2.6667E-01, 6.7733E+00, 3.3333E-01,
14:33:30.88442032, 2.3333E-01, 6.7600E+00, 6.6667E-01,
14:33:30.88442037, 2.0000E-01, 6.7733E+00, 6.6667E-01,
14:33:30.88442042, 2.0000E-01, 6.7867E+00, 1.0000E+00,
14:33:30.88442047, 2.3333E-01, 6.7733E+00, 3.3333E-01,
14:33:30.88442052, 2.0000E-01, 6.7733E+00, 1.0000E+00,
14:33:30.88442057, 2.0000E-01, 6.7467E+00, 3.3333E-01,
14:33:30.88442062, 2.0000E-01, 6.7600E+00, 0.0000E+00,
14:33:30.88442067, 2.0000E-01, 6.7600E+00, 1.0000E+00,
14:33:30.88442072, 2.6667E-01, 6.7600E+00, 6.6667E-01,
14:33:30.88442077, 1.6667E-01, 6.7733E+00, 6.6667E-01,
14:33:30.88442082, 2.0000E-01, 6.7600E+00,-1.0000E+00,
14:33:30.88442087, 2.0000E-01, 6.7600E+00, 3.3333E-01,
14:33:30.88442092, 1.6667E-01, 6.7733E+00, 0.0000E+00,
14:33:30.88442097, 2.3333E-01, 6.7600E+00, 6.6667E-01,
14:33:30.88442102, 2.0000E-01, 6.7333E+00, 6.6667E-01,
14:33:30.88442107, 2.3333E-01, 6.7867E+00, 0.0000E+00,
14:33:30.88442112, 2.0000E-01, 6.7600E+00, 1.0000E+00,
14:33:30.88442117, 1.6667E-01, 6.7867E+00, 6.6667E-01,
14:33:30.88442122, 2.3333E-01, 6.7733E+00, 3.3333E-01,
14:33:30.88442127, 2.3333E-01, 6.7600E+00, 3.3333E-01,
14:33:30.88442132, 2.0000E-01, 6.8000E+00, 0.0000E+00,
14:33:30.88442137, 2.0000E-01, 6.8000E+00, 0.0000E+00,
14:33:30.88442142, 2.6667E-01, 6.7600E+00, 6.6667E-01,
14:33:30.88442147, 2.0000E-01, 6.7733E+00,-3.3333E-01,
14:33:30.88442152, 2.0000E-01, 6.7600E+00, 3.3333E-01,
14:33:30.88442157, 1.3333E-01, 6.7600E+00, 6.6667E-01,
14:33:30.88442162, 2.0000E-01, 6.7600E+00, 1.0000E+00,
14:33:30.88442167, 2.3333E-01, 6.7600E+00, 1.0000E+00,
14:33:30.88442172, 2.3333E-01, 6.7867E+00, 0.0000E+00,
14:33:30.88442177, 2.6667E-01, 6.7733E+00, 3.3333E-01,
14:33:30.88442182, 2.6667E-01, 6.7600E+00, 6.6667E-01,
14:33:30.88442187, 2.3333E-01, 6.7867E+00, 0.0000E+00,
14:33:30.88442192, 2.0000E-01, 6.7733E+00,-3.3333E-01,
14:33:30.88442197, 2.0000E-01, 6.7600E+00,-3.3333E-01,
14:33:30.88442202, 2.3333E-01, 6.7600E+00, 0.0000E+00,
14:33:30.88442207, 1.6667E-01, 6.7733E+00, 6.6667E-01,
14:33:30.88442212, 2.6667E-01, 6.7600E+00, 3.3333E-01,
14:33:30.88442217, 2.3333E-01, 6.7600E+00, 3.3333E-01,
14:33:30.88442222, 2.0000E-01, 6.7467E+00, 0.0000E+00,
14:33:30.88442227, 2.0000E-01, 6.7600E+00, 6.6667E-01,
14:33:30.88442232, 1.6667E-01, 6.7733E+00, 6.6667E-01,
14:33:30.88442237, 2.0000E-01, 6.7733E+00, 0.0000E+00,
14:33:30.88442242, 2.0000E-01, 6.7600E+00, 0.0000E+00,
14:33:30.88442247, 2.0000E-01, 6.7600E+00, 0.0000E+00,
14:33:30.88442252, 2.0000E-01, 6.7600E+00, 6.6667E-01,
14:33:30.88442257, 2.0000E-01, 6.7333E+00,-3.3333E-01,
14:33:30.88442262, 2.3333E-01, 6.7600E+00, 0.0000E+00,
14:33:30.88442267, 2.0000E-01, 6.7600E+00, 3.3333E-01,
14:33:30.88442272, 2.0000E-01, 6.7733E+00, 3.3333E-01,
14:33:30.88442277, 2.6667E-01, 6.7600E+00, 1.0000E+00,
14:33:30.88442282, 2.0000E-01, 6.7733E+00, 6.6667E-01,
14:33:30.88442287, 2.0000E-01, 6.7600E+00, 3.3333E-01,
14:33:30.88442292, 2.0000E-01, 6.7733E+00, 0.0000E+00,
14:33:30.88442297, 2.3333E-01, 6.7867E+00, 0.0000E+00,
14:33:30.88442302, 1.3333E-01, 6.7733E+00, 0.0000E+00,
14:33:30.88442307, 2.3333E-01, 6.7600E+00, 3.3333E-01,
14:33:30.88442312, 2.0000E-01, 6.7467E+00, 3.3333E-01,
14:33:30.88442317, 2.0000E-01, 6.7867E+00, 6.6667E-01,
14:33:30.88442322, 2.0000E-01, 6.7333E+00, 3.3333E-01,
14:33:30.88442327, 2.0000E-01, 6.7467E+00,-6.6667E-01,
14:33:30.88442332, 2.0000E-01, 6.7600E+00, 3.3333E-01,
14:33:30.88442337, 2.3333E-01, 6.7467E+00, 0.0000E+00,
14:33:30.88442342, 2.0000E-01, 6.7600E+00,-3.3333E-01,
14:33:30.88442347, 2.0000E-01, 6.7333E+00, 3.3333E-01,
14:33:30.88442352, 2.0000E-01, 6.7600E+00, 0.0000E+00,
14:33:30.88442357, 2.0000E-01, 6.7600E+00, 6.6667E-01,
14:33:30.88442362, 2.3333E-01, 6.7600E+00, 0.0000E+00,
14:33:30.88442367, 2.0000E-01, 6.7467E+00, 0.0000E+00,
14:33:30.88442372, 2.0000E-01, 6.7733E+00,-3.3333E-01,
14:33:30.88442377, 2.3333E-01, 6.7600E+00, 3.3333E-01,
14:33:30.88442382, 2.0000E-01, 6.7733E+00, 3.3333E-01,
14:33:30.88442387, 2.0000E-01, 6.7600E+00, 3.3333E-01,
14:33:30.88442392, 1.6667E-01, 6.7600E+00,-1.0000E+00,
14:33:30.88442397, 1.6667E-01, 6.7600E+00, 3.3333E-01,
14:33:30.88442402, 2.6667E-01, 6.7600E+00, 0.0000E+00,
14:33:30.88442407, 1.6667E-01, 6.7333E+00, 0.0000E+00,
14:33:30.88442412, 2.3333E-01, 6.7600E+00, 0.0000E+00,
14:33:30.88442417, 2.0000E-01, 6.7600E+00, 0.0000E+00,
14:33:30.88442422, 1.6667E-01, 6.7333E+00, 0.0000E+00,
14:33:30.88442427, 2.0000E-01, 6.7200E+00, 0.0000E+00,
14:33:30.88442432, 2.0000E-01, 6.7600E+00, 3.3333E-01,
14:33:30.88442437, 2.0000E-01, 6.7600E+00,-3.3333E-01,
14:33:30.88442442, 1.6667E-01, 6.7333E+00, 3.3333E-01,
14:33:30.88442447, 2.0000E-01, 6.7600E+00, 0.0000E+00,
14:33:30.88442452, 1.6667E-01, 6.7600E+00, 3.3333E-01,
14:33:30.88442457, 2.0000E-01, 6.7600E+00, 3.3333E-01,
14:33:30.88442462, 2.0000E-01, 6.7600E+00, 6.6667E-01,
14:33:30.88442467, 2.0000E-01, 6.7600E+00, 3.3333E-01,
14:33:30.88442472, 1.6667E-01, 6.7600E+00, 0.0000E+00,
14:33:30.88442477, 1.6667E-01, 6.7600E+00, 0.0000E+00,
14:33:30.88442482, 1.6667E-01, 6.7333E+00, 3.3333E-01,
14:33:30.88442487, 2.3333E-01, 6.7467E+00, 0.0000E+00,
14:33:30.88442492, 2.0000E-01, 6.7600E+00, 3.3333E-01,
14:33:30.88442497, 2.0000E-01, 6.7600E+00, 3.3333E-01,
14:33:30.88442502, 2.0000E-01, 6.7600E+00, 0.0000E+00,
14:33:30.88442507, 2.0000E-01, 6.7600E+00, 3.3333E-01,
14:33:30.88442512, 2.6667E-01, 6.7467E+00, 3.3333E-01,
14:33:30.88442517, 1.6667E-01, 6.7600E+00,-3.3333E-01,
14:33:30.88442522, 2.3333E-01, 6.7200E+00,-6.6667E-01,
14:33:30.88442527, 2.0000E-01, 6.7600E+00, 0.0000E+00,
14:33:30.88442532, 1.6667E-01, 6.7333E+00, 3.3333E-01,
14:33:30.88442537, 2.0000E-01, 6.7467E+00, 3.3333E-01,
14:33:30.88442542, 1.0000E-01, 6.7600E+00, 3.3333E-01,
14:33:30.88442547, 2.0000E-01, 6.7600E+00, 3.3333E-01,
14:33:30.88442552, 2.3333E-01, 6.7600E+00,-3.3333E-01,
14:33:30.88442557, 2.3333E-01, 6.7600E+00, 3.3333E-01,
14:33:30.88442562, 2.0000E-01, 6.7333E+00, 3.3333E-01,
14:33:30.88442567, 1.3333E-01, 6.7600E+00, 3.3333E-01,
14:33:30.88442572, 2.0000E-01, 6.7733E+00,-3.3333E-01,
14:33:30.88442577, 1.6667E-01, 6.7600E+00,-3.3333E-01,
14:33:30.88442582, 2.0000E-01, 6.7200E+00,-3.3333E-01,
14:33:30.88442587, 1.6667E-01, 6.7467E+00, 0.0000E+00,
14:33:30.88442592, 2.0000E-01, 6.7467E+00, 3.3333E-01,
14:33:30.88442597, 2.3333E-01, 6.7600E+00, 0.0000E+00,
14:33:30.88442602, 2.0000E-01, 6.7333E+00, 0.0000E+00,
14:33:30.88442607, 2.3333E-01, 6.7200E+00, 0.0000E+00,
14:33:30.88442612, 2.0000E-01, 6.7200E+00, 6.6667E-01,
14:33:30.88442617, 2.0000E-01, 6.7467E+00, 6.6667E-01,
14:33:30.88442622, 1.3333E-01, 6.7467E+00,-3.3333E-01,
14:33:30.88442627, 1.6667E-01, 6.7333E+00,-3.3333E-01,
14:33:30.88442632, 1.6667E-01, 6.7200E+00,-3.3333E-01,
14:33:30.88442637, 2.0000E-01, 6.7333E+00, 0.0000E+00,
14:33:30.88442642, 1.6667E-01, 6.7600E+00,-3.3333E-01,
14:33:30.88442647, 1.3333E-01, 6.7467E+00, 3.3333E-01,
14:33:30.88442652, 2.0000E-01, 6.7467E+00, 0.0000E+00,
14:33:30.88442657, 1.3333E-01, 6.7600E+00, 0.0000E+00,
14:33:30.88442662, 2.0000E-01, 6.7600E+00, 0.0000E+00,
14:33:30.88442667, 1.6667E-01, 6.7467E+00,-3.3333E-01,
14:33:30.88442672, 1.6667E-01, 6.7467E+00, 3.3333E-01,
14:33:30.88442677, 2.0000E-01, 6.7467E+00, 0.0000E+00,
14:33:30.88442682, 1.3333E-01, 6.7600E+00, 0.0000E+00,
14:33:30.88442687, 1.6667E-01, 6.7333E+00,-3.3333E-01,
14:33:30.88442692, 1.6667E-01, 6.7600E+00,-3.3333E-01,
14:33:30.88442697, 2.0000E-01, 6.7467E+00,-6.6667E-01,
14:33:30.88442702, 1.6667E-01, 6.7600E+00, 6.6667E-01,
14:33:30.88442707, 2.0000E-01, 6.7600E+00, 0.0000E+00,
14:33:30.88442712, 1.6667E-01, 6.7600E+00,-3.3333E-01,
14:33:30.88442717, 2.3333E-01, 6.7600E+00, 0.0000E+00,
14:33:30.88442722, 2.0000E-01, 6.7467E+00, 0.0000E+00,
14:33:30.88442727, 2.3333E-01, 6.7600E+00, 0.0000E+00,
14:33:30.88442732, 2.0000E-01, 6.7600E+00, 3.3333E-01,
14:33:30.88442737, 2.0000E-01, 6.7467E+00,-3.3333E-01,
14:33:30.88442742, 2.0000E-01, 6.7333E+00,-1.0000E+00,
14:33:30.88442747, 1.6667E-01, 6.7333E+00, 3.3333E-01,
14:33:30.88442752, 1.6667E-01, 6.7600E+00, 0.0000E+00,
14:33:30.88442757, 1.6667E-01, 6.7333E+00, 0.0000E+00,
14:33:30.88442762, 1.6667E-01, 6.7200E+00,-6.6667E-01,
14:33:30.88442767, 2.0000E-01, 6.7067E+00,-3.3333E-01,
14:33:30.88442772, 1.6667E-01, 6.7333E+00, 0.0000E+00,
14:33:30.88442777, 1.6667E-01, 6.7467E+00,-3.3333E-01,
14:33:30.88442782, 2.0000E-01, 6.7600E+00, 3.3333E-01,
14:33:30.88442787, 1.6667E-01, 6.7333E+00, 0.0000E+00,
14:33:30.88442792, 2.3333E-01, 6.7467E+00,-3.3333E-01,
14:33:30.88442797, 2.0000E-01, 6.7333E+00, 6.6667E-01,
14:33:30.88442802, 1.6667E-01, 6.7200E+00, 3.3333E-01,
14:33:30.88442807, 2.3333E-01, 6.7467E+00, 3.3333E-01,
14:33:30.88442812, 1.0000E-01, 6.7467E+00,-3.3333E-01,
14:33:30.88442817, 1.6667E-01, 6.7333E+00, 0.0000E+00,
14:33:30.88442822, 1.6667E-01, 6.7200E+00, 3.3333E-01,
14:33:30.88442827, 1.6667E-01, 6.7333E+00, 3.3333E-01,
14:33:30.88442832, 2.0000E-01, 6.7200E+00, 0.0000E+00,
14:33:30.88442837, 2.0000E-01, 6.7200E+00,-3.3333E-01,
14:33:30.88442842, 2.0000E-01, 6.7467E+00,-3.3333E-01,
14:33:30.88442847, 2.0000E-01, 6.7467E+00, 0.0000E+00,
14:33:30.88442852, 1.6667E-01, 6.7067E+00, 0.0000E+00,
14:33:30.88442857, 1.6667E-01, 6.7067E+00, 3.3333E-01,
14:33:30.88442862, 1.3333E-01, 6.7333E+00, 3.3333E-01,
14:33:30.88442867, 2.0000E-01, 6.7467E+00,-3.3333E-01,
14:33:30.88442872, 1.3333E-01, 6.7600E+00, 0.0000E+00,
14:33:30.88442877, 2.0000E-01, 6.7467E+00, 0.0000E+00,
14:33:30.88442882, 2.0000E-01, 6.7467E+00, 6.6667E-01,
14:33:30.88442887, 2.0000E-01, 6.7600E+00, 0.0000E+00,
14:33:30.88442892, 1.6667E-01, 6.7067E+00, 0.0000E+00,
14:33:30.88442897, 1.6667E-01, 6.7600E+00, 3.3333E-01,
14:33:30.88442902, 2.0000E-01, 6.7333E+00, 3.3333E-01,
14:33:30.88442907, 1.6667E-01, 6.7200E+00, 6.6667E-01,
14:33:30.88442912, 1.6667E-01, 6.7200E+00,-3.3333E-01,
14:33:30.88442917, 1.6667E-01, 6.7600E+00, 3.3333E-01,
14:33:30.88442922, 2.0000E-01, 6.7333E+00,-3.3333E-01,
14:33:30.88442927, 2.0000E-01, 6.7333E+00,-3.3333E-01,
14:33:30.88442932, 1.3333E-01, 6.7333E+00,-3.3333E-01,
14:33:30.88442937, 2.0000E-01, 6.6933E+00, 6.6667E-01,
14:33:30.88442942, 2.0000E-01, 6.7200E+00, 0.0000E+00,
14:33:30.88442947, 1.6667E-01, 6.7200E+00, 3.3333E-01,
14:33:30.88442952, 2.0000E-01, 6.7333E+00,-6.6667E-01,
14:33:30.88442957, 2.0000E-01, 6.7333E+00, 3.3333E-01,
14:33:30.88442962, 2.0000E-01, 6.7200E+00, 3.3333E-01,
14:33:30.88442967, 1.6667E-01, 6.7200E+00,-3.3333E-01,
14:33:30.88442972, 1.3333E-01, 6.6933E+00, 0.0000E+00,
14:33:30.88442977, 2.3333E-01, 6.7200E+00, 3.3333E-01,
14:33:30.88442982, 2.0000E-01, 6.7333E+00,-3.3333E-01,
14:33:30.88442987, 1.6667E-01, 6.7333E+00, 0.0000E+00,
14:33:30.88442992, 2.0000E-01, 6.7200E+00,-3.3333E-01,
14:33:30.88442997, 2.3333E-01, 6.7333E+00,-6.6667E-01,
14:33:30.88443002, 2.0000E-01, 6.7333E+00, 0.0000E+00,
14:33:30.88443007, 1.3333E-01, 6.7200E+00, 3.3333E-01,
14:33:30.88443012, 1.3333E-01, 6.7067E+00,-3.3333E-01,
14:33:30.88443017, 2.0000E-01, 6.7067E+00, 3.3333E-01,
14:33:30.88443022, 1.6667E-01, 6.7200E+00, 3.3333E-01,
14:33:30.88443027, 2.0000E-01, 6.7200E+00, 3.3333E-01,
14:33:30.88443032, 1.6667E-01, 6.6933E+00, 3.3333E-01,
14:33:30.88443037, 2.0000E-01, 6.7200E+00, 3.3333E-01,
14:33:30.88443042, 1.3333E-01, 6.7333E+00, 3.3333E-01,
14:33:30.88443047, 1.3333E-01, 6.7333E+00, 3.3333E-01,
14:33:30.88443052, 1.0000E-01, 6.7333E+00, 1.0000E+00,
14:33:30.88443057, 2.0000E-01, 6.7200E+00, 0.0000E+00,
14:33:30.88443062, 2.0000E-01, 6.7067E+00, 0.0000E+00,
14:33:30.88443067, 1.3333E-01, 6.7333E+00, 1.0000E+00,
14:33:30.88443072, 1.6667E-01, 6.6933E+00, 0.0000E+00,
14:33:30.88443077, 2.3333E-01, 6.7067E+00, 1.0000E+00,
14:33:30.88443082, 2.0000E-01, 6.7200E+00, 6.6667E-01,
14:33:30.88443087, 2.0000E-01, 6.7333E+00, 3.3333E-01,
14:33:30.88443092, 2.0000E-01, 6.7200E+00, 0.0000E+00,
14:33:30.88443097, 1.0000E-01, 6.7200E+00, 3.3333E-01,
14:33:30.88443102, 1.6667E-01, 6.7200E+00,-6.6667E-01,
14:33:30.88443107, 2.0000E-01, 6.7200E+00, 3.3333E-01,
14:33:30.88443112, 2.0000E-01, 6.7333E+00, 6.6667E-01,
14:33:30.88443117, 1.6667E-01, 6.7600E+00, 0.0000E+00,
14:33:30.88443122, 1.3333E-01, 6.7333E+00, 3.3333E-01,
14:33:30.88443127, 1.6667E-01, 6.7067E+00, 0.0000E+00,
14:33:30.88443132, 2.0000E-01, 6.7200E+00, 0.0000E+00,
14:33:30.88443137, 2.0000E-01, 6.7200E+00, 6.6667E-01,
14:33:30.88443142, 2.0000E-01, 6.7067E+00, 6.6667E-01,
14:33:30.88443147, 1.6667E-01, 6.7467E+00, 6.6667E-01,
14:33:30.88443152, 1.6667E-01, 6.7467E+00, 6.6667E-01,
14:33:30.88443157, 3.3333E-02, 6.7200E+00, 3.3333E-01,
14:33:30.88443162, 1.3333E-01, 6.7600E+00, 0.0000E+00,
14:33:30.88443167, 2.3333E-01, 6.7333E+00, 0.0000E+00,
14:33:30.88443172, 1.6667E-01, 6.7467E+00, 0.0000E+00,
14:33:30.88443177, 1.3333E-01, 6.7333E+00, 3.3333E-01,
14:33:30.88443182, 1.6667E-01, 6.7467E+00, 0.0000E+00,
14:33:30.88443187, 2.0000E-01, 6.7200E+00, 0.0000E+00,
14:33:30.88443192, 1.3333E-01, 6.7333E+00, 6.6667E-01,
14:33:30.88443197, 1.3333E-01, 6.7600E+00, 3.3333E-01,
14:33:30.88443202, 1.6667E-01, 6.7333E+00, 0.0000E+00,
14:33:30.88443207, 2.0000E-01, 6.7333E+00, 6.6667E-01,
14:33:30.88443212, 1.6667E-01, 6.7333E+00, 3.3333E-01,
14:33:30.88443217, 1.3333E-01, 6.7333E+00, 1.0000E+00,
14:33:30.88443222, 1.0000E-01, 6.7600E+00,-3.3333E-01,
14:33:30.88443227, 1.6667E-01, 6.7333E+00, 0.0000E+00,
14:33:30.88443232, 1.6667E-01, 6.7467E+00, 1.0000E+00,
14:33:30.88443237, 1.6667E-01, 6.6933E+00, 6.6667E-01,
14:33:30.88443242, 1.6667E-01, 6.7333E+00, 0.0000E+00,
14:33:30.88443247, 2.0000E-01, 6.7333E+00, 0.0000E+00,
14:33:30.88443252, 2.0000E-01, 6.7200E+00, 1.0000E+00,
14:33:30.88443257, 1.0000E-01, 6.7067E+00, 0.0000E+00,
14:33:30.88443262, 1.6667E-01, 6.7333E+00, 6.6667E-01,
14:33:30.88443267, 2.0000E-01, 6.7467E+00, 0.0000E+00,
14:33:30.88443272, 1.3333E-01, 6.7333E+00, 3.3333E-01,
14:33:30.88443277, 1.6667E-01, 6.7467E+00, 3.3333E-01,
14:33:30.88443282, 1.0000E-01, 6.7200E+00, 0.0000E+00,
14:33:30.88443287, 1.6667E-01, 6.7600E+00, 6.6667E-01,
14:33:30.88443292, 1.0000E-01, 6.7200E+00, 3.3333E-01,
14:33:30.88443297, 6.6667E-02, 6.7333E+00, 0.0000E+00,
14:33:30.88443302, 1.6667E-01, 6.7333E+00,-3.3333E-01,
14:33:30.88443307, 1.6667E-01, 6.7333E+00, 0.0000E+00,
14:33:30.88443312, 2.0000E-01, 6.7333E+00, 3.3333E-01,
14:33:30.88443317, 1.3333E-01, 6.7467E+00, 3.3333E-01,
14:33:30.88443322, 1.3333E-01, 6.7333E+00, 0.0000E+00,
14:33:30.88443327, 2.0000E-01, 6.7467E+00, 3.3333E-01,
14:33:30.88443332, 2.0000E-01, 6.7200E+00, 1.0000E+00,
14:33:30.88443337, 1.3333E-01, 6.7200E+00, 0.0000E+00,
14:33:30.88443342, 2.0000E-01, 6.7467E+00, 0.0000E+00,
14:33:30.88443347, 1.0000E-01, 6.7333E+00, 3.3333E-01,
14:33:30.88443352, 1.6667E-01, 6.7200E+00, 1.0000E+00,
14:33:30.88443357, 2.0000E-01, 6.7467E+00, 0.0000E+00,
14:33:30.88443362, 2.0000E-01, 6.7333E+00, 0.0000E+00,
14:33:30.88443367, 2.0000E-01, 6.7067E+00, 6.6667E-01,
14:33:30.88443372, 1.6667E-01, 6.7600E+00, 1.0000E+00,
14:33:30.88443377, 1.6667E-01, 6.7467E+00, 3.3333E-01,
14:33:30.88443382, 1.3333E-01, 6.7200E+00, 6.6667E-01,
14:33:30.88443387, 1.3333E-01, 6.7333E+00, 3.3333E-01,
14:33:30.88443392, 1.0000E-01, 6.7333E+00, 6.6667E-01,
14:33:30.88443397, 1.6667E-01, 6.7467E+00, 3.3333E-01,
14:33:30.88443402, 1.0000E-01, 6.7467E+00, 0.0000E+00,
14:33:30.88443407, 1.3333E-01, 6.7333E+00, 1.0000E+00,
14:33:30.88443412, 2.0000E-01, 6.7200E+00, 1.0000E+00,
14:33:30.88443417, 1.6667E-01, 6.7333E+00, 6.6667E-01,
14:33:30.88443422, 1.0000E-01, 6.7333E+00, 3.3333E-01,
14:33:30.88443427, 6.6667E-02, 6.7333E+00, 1.0000E+00,
14:33:30.88443432, 1.0000E-01, 6.7467E+00, 1.0000E+00,
14:33:30.88443437, 1.6667E-01, 6.7200E+00, 3.3333E-01,
14:33:30.88443442, 1.6667E-01, 6.7467E+00, 0.0000E+00,
14:33:30.88443447, 1.0000E-01, 6.7333E+00, 0.0000E+00,
14:33:30.88443452, 1.6667E-01, 6.7467E+00, 3.3333E-01,
14:33:30.88443457, 1.6667E-01, 6.7600E+00, 1.3333E+00,
14:33:30.88443462, 1.6667E-01, 6.7467E+00, 3.3333E-01,
14:33:30.88443467, 1.3333E-01, 6.7333E+00, 3.3333E-01,
14:33:30.88443472, 1.3333E-01, 6.7467E+00,-6.6667E-01,
14:33:30.88443477, 6.6667E-02, 6.7600E+00, 6.6667E-01,
14:33:30.88443482, 2.0000E-01, 6.7467E+00,-3.3333E-01,
14:33:30.88443487, 1.6667E-01, 6.7333E+00, 3.3333E-01,
14:33:30.88443492, 1.3333E-01, 6.7333E+00, 3.3333E-01,
14:33:30.88443497, 1.3333E-01, 6.7600E+00, 6.6667E-01,
14:33:30.88443502, 2.0000E-01, 6.7467E+00, 6.6667E-01,
14:33:30.88443507, 2.0000E-01, 6.7467E+00, 1.3333E+00,
14:33:30.88443512, 1.6667E-01, 6.7467E+00,-3.3333E-01,
14:33:30.88443517, 2.0000E-01, 6.7467E+00, 1.0000E+00,
14:33:30.88443522, 2.0000E-01, 6.7333E+00, 1.0000E+00,
14:33:30.88443527, 1.0000E-01, 6.7333E+00, 3.3333E-01,
14:33:30.88443532, 1.3333E-01, 6.7467E+00, 3.3333E-01,
14:33:30.88443537, 1.0000E-01, 6.7333E+00, 3.3333E-01,
14:33:30.88443542, 6.6667E-02, 6.7600E+00, 3.3333E-01,
14:33:30.88443547, 1.6667E-01, 6.7333E+00, 3.3333E-01,
14:33:30.88443552, 1.3333E-01, 6.7200E+00, 1.0000E+00,
14:33:30.88443557, 1.6667E-01, 6.7600E+00, 6.6667E-01,
14:33:30.88443562, 2.0000E-01, 6.7600E+00, 6.6667E-01,
14:33:30.88443567, 1.3333E-01, 6.7600E+00, 1.0000E+00,
14:33:30.88443572, 1.3333E-01, 6.7600E+00,-3.3333E-01,
14:33:30.88443577, 1.0000E-01, 6.7600E+00, 6.6667E-01,
14:33:30.88443582, 6.6667E-02, 6.7333E+00, 3.3333E-01,
14:33:30.88443587, 1.3333E-01, 6.7333E+00, 1.0000E+00,
14:33:30.88443592, 1.3333E-01, 6.7600E+00, 3.3333E-01,
14:33:30.88443597, 2.0000E-01, 6.7467E+00, 0.0000E+00,
14:33:30.88443602, 1.0000E-01, 6.7600E+00,-3.3333E-01,
14:33:30.88443607, 1.6667E-01, 6.7600E+00, 6.6667E-01,
14:33:30.88443612, 2.0000E-01, 6.7467E+00, 6.6667E-01,
14:33:30.88443617, 2.0000E-01, 6.7333E+00, 6.6667E-01,
14:33:30.88443622, 1.3333E-01, 6.7333E+00, 3.3333E-01,
14:33:30.88443627, 6.6667E-02, 6.7733E+00, 6.6667E-01,
14:33:30.88443632, 6.6667E-02, 6.7333E+00, 3.3333E-01,
14:33:30.88443637, 6.6667E-02, 6.7467E+00, 1.0000E+00,
14:33:30.88443642, 1.0000E-01, 6.7600E+00, 3.3333E-01,
14:33:30.88443647, 1.3333E-01, 6.7600E+00, 1.3333E+00,
14:33:30.88443652, 1.6667E-01, 6.7200E+00, 3.3333E-01,
14:33:30.88443657, 6.6667E-02, 6.7067E+00, 6.6667E-01,
14:33:30.88443662, 1.0000E-01, 6.7600E+00, 1.0000E+00,
14:33:30.88443667, 1.6667E-01, 6.7600E+00, 6.6667E-01,
14:33:30.88443672, 1.0000E-01, 6.7200E+00, 3.3333E-01,
14:33:30.88443677, 1.6667E-01, 6.7333E+00, 6.6667E-01,
14:33:30.88443682, 1.6667E-01, 6.7333E+00, 3.3333E-01,
14:33:30.88443687, 6.6667E-02, 6.7467E+00, 6.6667E-01,
14:33:30.88443692, 2.0000E-01, 6.7333E+00, 6.6667E-01,
14:33:30.88443697, 1.3333E-01, 6.7067E+00, 6.6667E-01,
14:33:30.88443702, 1.6667E-01, 6.7467E+00, 6.6667E-01,
14:33:30.88443707, 2.0000E-01, 6.7600E+00, 3.3333E-01,
14:33:30.88443712, 1.0000E-01, 6.7333E+00, 6.6667E-01,
14:33:30.88443717, 1.0000E-01, 6.7600E+00, 0.0000E+00,
14:33:30.88443722, 1.6667E-01, 6.7600E+00, 1.0000E+00,
14:33:30.88443727, 6.6667E-02, 6.7467E+00, 6.6667E-01,
14:33:30.88443732, 1.3333E-01, 6.7333E+00, 0.0000E+00,
14:33:30.88443737, 1.0000E-01, 6.7333E+00, 0.0000E+00,
14:33:30.88443742, 1.6667E-01, 6.7867E+00, 3.3333E-01,
14:33:30.88443747, 1.0000E-01, 6.7467E+00, 0.0000E+00,
14:33:30.88443752, 1.3333E-01, 6.7467E+00, 0.0000E+00,
14:33:30.88443757, 1.6667E-01, 6.7600E+00,-3.3333E-01,
14:33:30.88443762, 2.0000E-01, 6.7333E+00, 3.3333E-01,
14:33:30.88443767, 1.3333E-01, 6.7600E+00, 0.0000E+00,
14:33:30.88443772, 1.3333E-01, 6.7467E+00, 3.3333E-01,
14:33:30.88443777, 1.3333E-01, 6.7600E+00, 6.6667E-01,
14:33:30.88443782, 1.3333E-01, 6.7733E+00, 0.0000E+00,
14:33:30.88443787, 1.3333E-01, 6.7467E+00, 6.6667E-01,
14:33:30.88443792, 1.6667E-01, 6.7467E+00, 1.0000E+00,
14:33:30.88443797, 1.3333E-01, 6.7600E+00, 0.0000E+00,
14:33:30.88443802, 1.3333E-01, 6.7600E+00, 6.6667E-01,
14:33:30.88443807, 1.6667E-01, 6.7467E+00, 1.0000E+00,
14:33:30.88443812, 1.3333E-01, 6.7600E+00, 0.0000E+00,
14:33:30.88443817, 1.0000E-01, 6.7600E+00, 3.3333E-01,
14:33:30.88443822, 1.3333E-01, 6.7600E+00, 0.0000E+00,
14:33:30.88443827, 1.3333E-01, 6.7733E+00, 0.0000E+00,
14:33:30.88443832, 1.6667E-01, 6.7200E+00, 0.0000E+00,
14:33:30.88443837, 6.6667E-02, 6.7467E+00, 6.6667E-01,
14:33:30.88443842, 1.3333E-01, 6.7600E+00, 0.0000E+00,
14:33:30.88443847, 1.3333E-01, 6.7600E+00, 0.0000E+00,
14:33:30.88443852, 6.6667E-02, 6.7600E+00, 6.6667E-01,
14:33:30.88443857, 1.6667E-01, 6.7600E+00, 6.6667E-01,
14:33:30.88443862, 1.6667E-01, 6.7467E+00, 1.0000E+00,
14:33:30.88443867, 1.0000E-01, 6.7600E+00, 3.3333E-01,
14:33:30.88443872, 6.6667E-02, 6.7600E+00, 1.0000E+00,
14:33:30.88443877, 1.0000E-01, 6.7467E+00, 3.3333E-01,
14:33:30.88443882, 1.0000E-01, 6.7333E+00, 6.6667E-01,
14:33:30.88443887, 1.3333E-01, 6.7600E+00, 6.6667E-01,
14:33:30.88443892, 1.3333E-01, 6.7467E+00, 1.0000E+00,
14:33:30.88443897, 1.0000E-01, 6.7333E+00, 6.6667E-01,
14:33:30.88443902, 1.6667E-01, 6.7600E+00, 3.3333E-01,
14:33:30.88443907, 1.6667E-01, 6.7600E+00, 3.3333E-01,
14:33:30.88443912, 6.6667E-02, 6.7600E+00, 3.3333E-01,
14:33:30.88443917, 1.0000E-01, 6.7600E+00, 0.0000E+00,
14:33:30.88443922, 1.6667E-01, 6.7600E+00, 3.3333E-01,
14:33:30.88443927, 1.3333E-01, 6.7733E+00, 0.0000E+00,
14:33:30.88443932, 1.3333E-01, 6.7600E+00, 6.6667E-01,
14:33:30.88443937, 1.0000E-01, 6.7733E+00, 1.0000E+00,
14:33:30.88443942, 1.3333E-01, 6.7600E+00,-6.6667E-01,
14:33:30.88443947, 1.3333E-01, 6.7600E+00, 1.0000E+00,
14:33:30.88443952, 1.6667E-01, 6.7733E+00, 3.3333E-01,
14:33:30.88443957, 6.6667E-02, 6.7600E+00, 3.3333E-01,
14:33:30.88443962, 3.3333E-02, 6.8000E+00, 6.6667E-01,
14:33:30.88443967, 6.6667E-02, 6.7600E+00, 1.6667E+00,
14:33:30.88443972, 1.6667E-01, 6.7733E+00, 0.0000E+00,
14:33:30.88443977, 1.3333E-01, 6.7333E+00, 0.0000E+00,
14:33:30.88443982, 1.6667E-01, 6.7600E+00, 3.3333E-01,
14:33:30.88443987, 1.3333E-01, 6.7600E+00, 0.0000E+00,
14:33:30.88443992, 1.0000E-01, 6.7600E+00, 1.0000E+00,
14:33:30.88443997, 1.3333E-01, 6.7600E+00, 3.3333E-01,
14:33:30.88444002, 1.3333E-01, 6.7600E+00,-6.6667E-01,
14:33:30.88444007, 6.6667E-02, 6.7600E+00, 0.0000E+00,
14:33:30.88444012, 1.3333E-01, 6.7600E+00, 1.0000E+00,
14:33:30.88444017, 1.0000E-01, 6.7733E+00, 0.0000E+00,
14:33:30.88444022, 1.3333E-01, 6.7600E+00, 3.3333E-01,
14:33:30.88444027, 1.3333E-01, 6.7600E+00, 0.0000E+00,
14:33:30.88444032, 1.0000E-01, 6.7600E+00, 3.3333E-01,
14:33:30.88444037, 1.3333E-01, 6.7467E+00, 6.6667E-01,
14:33:30.88444042, 1.3333E-01, 6.7600E+00, 0.0000E+00,
14:33:30.88444047, 2.0000E-01, 6.7467E+00, 0.0000E+00,
14:33:30.88444052, 1.3333E-01, 6.7333E+00,-6.6667E-01,
14:33:30.88444057, 1.0000E-01, 6.7600E+00,-3.3333E-01,
14:33:30.88444062, 6.6667E-02, 6.7600E+00, 3.3333E-01,
14:33:30.88444067, 1.3333E-01, 6.7600E+00, 3.3333E-01,
14:33:30.88444072, 1.0000E-01, 6.7600E+00, 3.3333E-01,
14:33:30.88444077, 1.6667E-01, 6.7333E+00, 3.3333E-01,
14:33:30.88444082, 1.3333E-01, 6.7467E+00, 0.0000E+00,
14:33:30.88444087, 1.0000E-01, 6.7600E+00, 0.0000E+00,
14:33:30.88444092, 1.3333E-01, 6.7600E+00, 0.0000E+00,
14:33:30.88444097, 1.3333E-01, 6.7467E+00,-3.3333E-01,
14:33:30.88444102, 1.0000E-01, 6.7467E+00, 6.6667E-01,
14:33:30.88444107, 6.6667E-02, 6.7333E+00, 6.6667E-01,
14:33:30.88444112, 1.3333E-01, 6.7600E+00, 6.6667E-01,
14:33:30.88444117, 6.6667E-02, 6.7733E+00, 6.6667E-01,
14:33:30.88444122, 1.0000E-01, 6.7600E+00, 3.3333E-01,
14:33:30.88444127, 2.0000E-01, 6.7333E+00, 3.3333E-01,
14:33:30.88444132, 1.3333E-01, 6.7600E+00, 1.0000E+00,
14:33:30.88444137, 1.0000E-01, 6.7600E+00, 6.6667E-01,
14:33:30.88444142, 1.3333E-01, 6.7467E+00, 0.0000E+00,
14:33:30.88444147, 1.3333E-01, 6.7733E+00, 3.3333E-01,
14:33:30.88444152, 3.3333E-02, 6.7467E+00,-6.6667E-01,
14:33:30.88444157, 1.3333E-01, 6.7600E+00, 6.6667E-01,
14:33:30.88444162, 1.3333E-01, 6.7600E+00, 6.6667E-01,
14:33:30.88444167, 1.0000E-01, 6.7467E+00, 0.0000E+00,
14:33:30.88444172, 1.0000E-01, 6.7600E+00, 6.6667E-01,
14:33:30.88444177, 1.3333E-01, 6.7467E+00, 3.3333E-01,
14:33:30.88444182, 1.3333E-01, 6.7867E+00, 3.3333E-01,
14:33:30.88444187, 3.3333E-02, 6.7067E+00,-1.0000E+00,
14:33:30.88444192, 1.3333E-01, 6.7600E+00, 6.6667E-01,
14:33:30.88444197, 2.3333E-01, 6.7733E+00,-3.3333E-01,
14:33:30.88444202, 6.6667E-02, 6.7600E+00, 6.6667E-01,
14:33:30.88444207, 1.0000E-01, 6.7733E+00, 0.0000E+00,
14:33:30.88444212, 1.0000E-01, 6.7467E+00, 1.3333E+00,
14:33:30.88444217, 1.3333E-01, 6.7600E+00, 1.0000E+00,
14:33:30.88444222, 1.3333E-01, 6.7600E+00, 0.0000E+00,
14:33:30.88444227, 1.3333E-01, 6.7600E+00,-3.3333E-01,
14:33:30.88444232, 1.6667E-01, 6.7467E+00, 3.3333E-01,
14:33:30.88444237, 6.6667E-02, 6.7467E+00, 0.0000E+00,
14:33:30.88444242, 1.3333E-01, 6.7600E+00,-3.3333E-01,
14:33:30.88444247, 6.6667E-02, 6.7467E+00, 6.6667E-01,
14:33:30.88444252, 3.3333E-02, 6.7600E+00, 3.3333E-01,
14:33:30.88444257, 1.3333E-01, 6.7600E+00, 0.0000E+00,
14:33:30.88444262, 1.3333E-01, 6.7733E+00, 0.0000E+00,
14:33:30.88444267, 1.3333E-01, 6.7733E+00, 0.0000E+00,
14:33:30.88444272, 1.6667E-01, 6.7600E+00, 3.3333E-01,
14:33:30.88444277, 1.0000E-01, 6.7467E+00, 3.3333E-01,
14:33:30.88444282, 1.0000E-01, 6.7467E+00, 0.0000E+00,
14:33:30.88444287, 1.3333E-01, 6.7600E+00,-3.3333E-01,
14:33:30.88444292, 6.6667E-02, 6.7467E+00, 3.3333E-01,
14:33:30.88444297, 1.6667E-01, 6.7467E+00, 0.0000E+00,
14:33:30.88444302, 1.3333E-01, 6.7333E+00, 6.6667E-01,
14:33:30.88444307, 1.6667E-01, 6.7600E+00, 3.3333E-01,
14:33:30.88444312, 6.6667E-02, 6.7600E+00, 3.3333E-01,
14:33:30.88444317, 6.6667E-02, 6.7467E+00,-3.3333E-01,
14:33:30.88444322, 1.6667E-01, 6.7600E+00, 3.3333E-01,
14:33:30.88444327, 1.0000E-01, 6.7733E+00, 0.0000E+00,
14:33:30.88444332, 2.0000E-01, 6.7600E+00, 0.0000E+00,
14:33:30.88444337, 1.0000E-01, 6.7600E+00, 3.3333E-01,
14:33:30.88444342, 6.6667E-02, 6.7467E+00, 3.3333E-01,
14:33:30.88444347, 1.6667E-01, 6.7733E+00, 3.3333E-01,
14:33:30.88444352, 1.3333E-01, 6.7600E+00, 6.6667E-01,
14:33:30.88444357, 1.0000E-01, 6.7467E+00, 3.3333E-01,
14:33:30.88444362, 1.3333E-01, 6.7600E+00, 3.3333E-01,
14:33:30.88444367, 6.6667E-02, 6.7600E+00, 3.3333E-01,
14:33:30.88444372, 2.0000E-01, 6.7600E+00, 3.3333E-01,
14:33:30.88444377, 1.0000E-01, 6.7600E+00,-3.3333E-01,
14:33:30.88444382, 1.3333E-01, 6.7467E+00, 6.6667E-01,
14:33:30.88444387, 6.6667E-02, 6.7333E+00, 6.6667E-01,
14:33:30.88444392, 3.3333E-02, 6.7600E+00,-3.3333E-01,
14:33:30.88444397, 1.0000E-01, 6.7600E+00, 3.3333E-01,
14:33:30.88444402, 3.3333E-02, 6.7600E+00, 3.3333E-01,
14:33:30.88444407, 1.0000E-01, 6.7333E+00, 1.0000E+00,
14:33:30.88444412, 1.0000E-01, 6.7600E+00, 6.6667E-01,
14:33:30.88444417, 1.6667E-01, 6.7600E+00, 3.3333E-01,
14:33:30.88444422, 1.0000E-01, 6.7600E+00, 0.0000E+00,
14:33:30.88444427, 2.0000E-01, 6.7333E+00, 6.6667E-01,
14:33:30.88444432, 6.6667E-02, 6.7600E+00, 6.6667E-01,
14:33:30.88444437, 1.3333E-01, 6.7200E+00, 0.0000E+00,
14:33:30.88444442, 1.3333E-01, 6.7333E+00, 6.6667E-01,
14:33:30.88444447, 1.0000E-01, 6.7600E+00, 0.0000E+00,
14:33:30.88444452, 1.3333E-01, 6.7600E+00, 3.3333E-01,
14:33:30.88444457, 1.3333E-01, 6.7600E+00,-3.3333E-01,
14:33:30.88444462, 6.6667E-02, 6.7467E+00, 0.0000E+00,
14:33:30.88444467, 1.0000E-01, 6.7333E+00, 3.3333E-01,
14:33:30.88444472, 1.6667E-01, 6.7467E+00,-3.3333E-01,
14:33:30.88444477, 1.0000E-01, 6.7467E+00,-6.6667E-01,
14:33:30.88444482, 6.6667E-02, 6.7600E+00,-3.3333E-01,
14:33:30.88444487, 1.3333E-01, 6.7467E+00, 6.6667E-01,
14:33:30.88444492, 1.0000E-01, 6.7600E+00, 6.6667E-01,
14:33:30.88444497, 1.3333E-01, 6.7467E+00, 3.3333E-01,
14:33:30.88444502, 1.0000E-01, 6.7600E+00, 0.0000E+00,
14:33:30.88444507, 1.0000E-01, 6.7600E+00, 3.3333E-01,
14:33:30.88444512, 6.6667E-02, 6.7467E+00, 3.3333E-01,
14:33:30.88444517, 1.0000E-01, 6.7467E+00, 3.3333E-01,
14:33:30.88444522, 1.3333E-01, 6.7467E+00,-3.3333E-01,
14:33:30.88444527, 1.3333E-01, 6.7467E+00,-3.3333E-01,
14:33:30.88444532, 1.0000E-01, 6.7600E+00, 3.3333E-01,
14:33:30.88444537, 3.3333E-02, 6.7333E+00,-1.0000E+00,
14:33:30.88444542, 6.6667E-02, 6.7733E+00, 3.3333E-01,
14:33:30.88444547, 1.0000E-01, 6.7600E+00,-3.3333E-01,
14:33:30.88444552, 3.3333E-02, 6.7600E+00, 3.3333E-01,
14:33:30.88444557, 1.3333E-01, 6.7467E+00, 3.3333E-01,
14:33:30.88444562, 1.0000E-01, 6.7600E+00, 3.3333E-01,
14:33:30.88444567, 2.0000E-01, 6.7600E+00,-3.3333E-01,
14:33:30.88444572, 1.0000E-01, 6.7600E+00,-3.3333E-01,
14:33:30.88444577, 1.6667E-01, 6.7600E+00, 0.0000E+00,
14:33:30.88444582, 1.0000E-01, 6.7600E+00, 6.6667E-01,
14:33:30.88444587, 1.3333E-01, 6.7467E+00, 3.3333E-01,
14:33:30.88444592, 3.3333E-02, 6.7733E+00,-3.3333E-01,
14:33:30.88444597, 1.6667E-01, 6.7733E+00, 6.6667E-01,
14:33:30.88444602, 1.6667E-01, 6.7600E+00, 3.3333E-01,
14:33:30.88444607, 3.3333E-02, 6.7467E+00, 0.0000E+00,
14:33:30.88444612, 1.0000E-01, 6.7600E+00, 6.6667E-01,
14:33:30.88444617, 2.0000E-01, 6.7333E+00, 1.0000E+00,
14:33:30.88444622, 1.0000E-01, 6.7467E+00, 0.0000E+00,
14:33:30.88444627, 1.3333E-01, 6.7600E+00, 0.0000E+00,
14:33:30.88444632, 6.6667E-02, 6.7600E+00, 3.3333E-01,
14:33:30.88444637, 1.0000E-01, 6.7333E+00, 0.0000E+00,
14:33:30.88444642, 3.3333E-02, 6.7200E+00, 6.6667E-01,
14:33:30.88444647, 2.0000E-01, 6.7467E+00, 0.0000E+00,
14:33:30.88444652, 1.0000E-01, 6.7600E+00, 6.6667E-01,
14:33:30.88444657, 1.0000E-01, 6.7333E+00,-3.3333E-01,
14:33:30.88444662, 1.3333E-01, 6.7467E+00, 3.3333E-01,
14:33:30.88444667, 1.6667E-01, 6.7600E+00, 0.0000E+00,
14:33:30.88444672, 1.6667E-01, 6.7467E+00,-6.6667E-01,
14:33:30.88444677, 1.0000E-01, 6.7467E+00, 0.0000E+00,
14:33:30.88444682, 3.3333E-02, 6.7467E+00, 3.3333E-01,
14:33:30.88444687, 1.6667E-01, 6.7467E+00, 3.3333E-01,
14:33:30.88444692, 1.0000E-01, 6.7600E+00,-3.3333E-01,
14:33:30.88444697, 1.3333E-01, 6.7467E+00, 0.0000E+00,
14:33:30.88444702, 1.0000E-01, 6.7467E+00, 3.3333E-01,
14:33:30.88444707, 1.3333E-01, 6.7333E+00,-3.3333E-01,
14:33:30.88444712, 6.6667E-02, 6.7333E+00, 6.6667E-01,
14:33:30.88444717, 6.6667E-02, 6.7600E+00, 0.0000E+00,
14:33:30.88444722, 0.0000E+00, 6.7467E+00, 3.3333E-01,
14:33:30.88444727, 1.0000E-01, 6.7600E+00,-6.6667E-01,
14:33:30.88444732, 6.6667E-02, 6.7467E+00, 3.3333E-01,
14:33:30.88444737, 6.6667E-02, 6.7467E+00, 6.6667E-01,
14:33:30.88444742, 1.0000E-01, 6.7467E+00,-3.3333E-01,
14:33:30.88444747, 1.0000E-01, 6.7467E+00, 6.6667E-01,
14:33:30.88444752, 3.3333E-02, 6.7600E+00, 1.0000E+00,
14:33:30.88444757, 6.6667E-02, 6.7600E+00,-3.3333E-01,
14:33:30.88444762, 1.6667E-01, 6.7467E+00, 0.0000E+00,
14:33:30.88444767, 6.6667E-02, 6.7467E+00,-3.3333E-01,
14:33:30.88444772, 1.3333E-01, 6.7600E+00, 3.3333E-01,
14:33:30.88444777, 6.6667E-02, 6.7467E+00, 0.0000E+00,
14:33:30.88444782, 0.0000E+00, 6.7600E+00, 0.0000E+00,
14:33:30.88444787, 1.0000E-01, 6.7200E+00, 3.3333E-01,
14:33:30.88444792, 1.0000E-01, 6.7600E+00, 0.0000E+00,
14:33:30.88444797, 0.0000E+00, 6.7333E+00, 0.0000E+00,
14:33:30.88444802, 6.6667E-02, 6.7333E+00, 1.0000E+00,
14:33:30.88444807, 1.0000E-01, 6.7467E+00, 3.3333E-01,
14:33:30.88444812, 1.3333E-01, 6.7600E+00, 0.0000E+00,
14:33:30.88444817, 1.0000E-01, 6.7467E+00, 3.3333E-01,
14:33:30.88444822, 3.3333E-02, 6.7467E+00,-3.3333E-01,
14:33:30.88444827, 3.3333E-02, 6.7467E+00, 6.6667E-01,
14:33:30.88444832, 1.0000E-01, 6.7600E+00, 3.3333E-01,
14:33:30.88444837, 1.0000E-01, 6.7467E+00, 6.6667E-01,
14:33:30.88444842, 1.0000E-01, 6.7467E+00, 0.0000E+00,
14:33:30.88444847, 1.0000E-01, 6.7333E+00, 0.0000E+00,
14:33:30.88444852, 3.3333E-02, 6.7333E+00, 0.0000E+00,
14:33:30.88444857, 6.6667E-02, 6.7467E+00,-3.3333E-01,
14:33:30.88444862, 1.6667E-01, 6.7333E+00, 6.6667E-01,
14:33:30.88444867, 1.0000E-01, 6.7600E+00, 3.3333E-01,
14:33:30.88444872, 6.6667E-02, 6.7600E+00, 0.0000E+00,
14:33:30.88444877, 0.0000E+00, 6.7333E+00, 6.6667E-01,
14:33:30.88444882, 1.3333E-01, 6.7067E+00, 3.3333E-01,
14:33:30.88444887, 1.0000E-01, 6.7467E+00, 6.6667E-01,
14:33:30.88444892, 1.6667E-01, 6.7067E+00, 6.6667E-01,
14:33:30.88444897, 1.0000E-01, 6.7333E+00, 3.3333E-01,
14:33:30.88444902, 1.0000E-01, 6.7600E+00, 3.3333E-01,
14:33:30.88444907, 3.3333E-02, 6.7467E+00,-3.3333E-01,
14:33:30.88444912, 3.3333E-02, 6.7200E+00, 0.0000E+00,
14:33:30.88444917, 1.3333E-01, 6.7333E+00,-6.6667E-01,
14:33:30.88444922, 6.6667E-02, 6.7200E+00, 3.3333E-01,
14:33:30.88444927, 0.0000E+00, 6.7333E+00, 3.3333E-01,
14:33:30.88444932, 1.3333E-01, 6.7467E+00, 0.0000E+00,
14:33:30.88444937, 6.6667E-02, 6.7333E+00, 3.3333E-01,
14:33:30.88444942, 1.3333E-01, 6.7333E+00, 3.3333E-01,
14:33:30.88444947, 1.0000E-01, 6.7467E+00, 3.3333E-01,
14:33:30.88444952, 1.3333E-01, 6.7600E+00, 3.3333E-01,
14:33:30.88444957, 6.6667E-02, 6.7467E+00, 1.3333E+00,
14:33:30.88444962, 3.3333E-02, 6.7467E+00,-3.3333E-01,
14:33:30.88444967, 6.6667E-02, 6.7333E+00, 6.6667E-01,
14:33:30.88444972, 1.3333E-01, 6.7200E+00,-6.6667E-01,
14:33:30.88444977, 1.0000E-01, 6.7467E+00, 3.3333E-01,
14:33:30.88444982, 3.3333E-02, 6.7600E+00, 6.6667E-01,
14:33:30.88444987, 6.6667E-02, 6.7600E+00,-3.3333E-01,
14:33:30.88444992, 1.3333E-01, 6.7600E+00,-3.3333E-01,
14:33:30.88444997, 6.6667E-02, 6.7200E+00, 0.0000E+00,
14:33:30.88445002,-3.3333E-02, 6.7600E+00, 3.3333E-01,
14:33:30.88445007, 1.3333E-01, 6.7467E+00, 3.3333E-01,
14:33:30.88445012, 6.6667E-02, 6.7600E+00,-6.6667E-01,
14:33:30.88445017, 6.6667E-02, 6.7600E+00, 6.6667E-01,
14:33:30.88445022, 1.3333E-01, 6.7333E+00, 3.3333E-01,
14:33:30.88445027, 1.0000E-01, 6.7200E+00, 0.0000E+00,
14:33:30.88445032, 1.0000E-01, 6.7200E+00, 0.0000E+00,
14:33:30.88445037, 6.6667E-02, 6.7067E+00, 3.3333E-01,
14:33:30.88445042, 1.6667E-01, 6.7067E+00, 3.3333E-01,
14:33:30.88445047, 3.3333E-02, 6.7333E+00, 6.6667E-01,
14:33:30.88445052, 1.0000E-01, 6.7200E+00, 0.0000E+00,
14:33:30.88445057, 3.3333E-02, 6.7333E+00, 6.6667E-01,
14:33:30.88445062, 1.0000E-01, 6.7467E+00, 3.3333E-01,
14:33:30.88445067, 6.6667E-02, 6.7333E+00,-3.3333E-01,
14:33:30.88445072, 6.6667E-02, 6.7600E+00, 3.3333E-01,
14:33:30.88445077, 1.0000E-01, 6.7200E+00, 0.0000E+00,
14:33:30.88445082, 6.6667E-02, 6.7467E+00, 6.6667E-01,
14:33:30.88445087, 6.6667E-02, 6.7200E+00,-6.6667E-01,
14:33:30.88445092, 6.6667E-02, 6.7333E+00, 3.3333E-01,
14:33:30.88445097, 1.3333E-01, 6.7467E+00,-3.3333E-01,
14:33:30.88445102, 6.6667E-02, 6.7467E+00,-3.3333E-01,
14:33:30.88445107, 1.0000E-01, 6.7200E+00, 0.0000E+00,
14:33:30.88445112, 6.6667E-02, 6.7200E+00, 3.3333E-01,
14:33:30.88445117, 3.3333E-02, 6.7200E+00, 0.0000E+00,
14:33:30.88445122, 1.0000E-01, 6.7200E+00, 6.6667E-01,
14:33:30.88445127, 6.6667E-02, 6.7333E+00, 3.3333E-01,
14:33:30.88445132, 1.3333E-01, 6.7200E+00, 3.3333E-01,
14:33:30.88445137, 1.0000E-01, 6.7600E+00,-6.6667E-01,
14:33:30.88445142, 1.0000E-01, 6.7600E+00, 0.0000E+00,
14:33:30.88445147, 1.3333E-01, 6.7467E+00, 0.0000E+00,
14:33:30.88445152, 1.0000E-01, 6.7733E+00, 0.0000E+00,
14:33:30.88445157, 1.0000E-01, 6.7467E+00, 0.0000E+00,
14:33:30.88445162, 1.0000E-01, 6.7200E+00, 3.3333E-01,
14:33:30.88445167, 1.3333E-01, 6.7600E+00, 0.0000E+00,
14:33:30.88445172, 1.0000E-01, 6.7600E+00, 6.6667E-01,
14:33:30.88445177, 1.0000E-01, 6.7600E+00, 3.3333E-01,
14:33:30.88445182, 1.0000E-01, 6.7467E+00, 3.3333E-01,
14:33:30.88445187, 1.0000E-01, 6.7333E+00, 0.0000E+00,
14:33:30.88445192, 1.0000E-01, 6.7600E+00, 0.0000E+00,
14:33:30.88445197, 1.0000E-01, 6.7600E+00,-3.3333E-01,
14:33:30.88445202, 3.3333E-02, 6.7467E+00, 0.0000E+00,
14:33:30.88445207, 1.3333E-01, 6.7067E+00, 3.3333E-01,
14:33:30.88445212, 0.0000E+00, 6.7333E+00,-3.3333E-01,
14:33:30.88445217, 1.0000E-01, 6.7467E+00, 0.0000E+00,
14:33:30.88445222, 0.0000E+00, 6.7467E+00, 0.0000E+00,
14:33:30.88445227, 1.3333E-01, 6.7333E+00, 3.3333E-01,
14:33:30.88445232, 6.6667E-02, 6.7600E+00, 0.0000E+00,
14:33:30.88445237, 3.3333E-02, 6.7467E+00, 6.6667E-01,
14:33:30.88445242, 3.3333E-02, 6.7600E+00, 0.0000E+00,
14:33:30.88445247, 1.6667E-01, 6.7467E+00, 3.3333E-01,
14:33:30.88445252, 6.6667E-02, 6.7200E+00,-3.3333E-01,
14:33:30.88445257, 1.3333E-01, 6.7200E+00, 6.6667E-01,
14:33:30.88445262, 1.3333E-01, 6.7333E+00, 6.6667E-01,
14:33:30.88445267, 3.3333E-02, 6.7333E+00,-3.3333E-01,
14:33:30.88445272, 1.0000E-01, 6.7467E+00, 6.6667E-01,
14:33:30.88445277, 3.3333E-02, 6.7200E+00, 6.6667E-01,
14:33:30.88445282, 1.0000E-01, 6.7333E+00, 3.3333E-01,
14:33:30.88445287, 6.6667E-02, 6.7333E+00, 3.3333E-01,
14:33:30.88445292, 6.6667E-02, 6.7333E+00, 3.3333E-01,
14:33:30.88445297, 1.3333E-01, 6.7600E+00, 3.3333E-01,
14:33:30.88445302, 6.6667E-02, 6.7333E+00, 6.6667E-01,
14:33:30.88445307, 1.0000E-01, 6.7200E+00, 3.3333E-01,
14:33:30.88445312, 1.0000E-01, 6.7467E+00,-3.3333E-01,
14:33:30.88445317, 3.3333E-02, 6.7200E+00,-3.3333E-01,
14:33:30.88445322, 1.0000E-01, 6.7467E+00, 3.3333E-01,
14:33:30.88445327, 1.3333E-01, 6.7200E+00, 3.3333E-01,
14:33:30.88445332, 1.0000E-01, 6.7333E+00, 6.6667E-01,
14:33:30.88445337, 6.6667E-02, 6.7467E+00, 6.6667E-01,
14:33:30.88445342, 2.0000E-01, 6.7600E+00, 6.6667E-01,
14:33:30.88445347, 3.3333E-02, 6.7333E+00,-3.3333E-01,
14:33:30.88445352, 1.0000E-01, 6.7200E+00,-3.3333E-01,
14:33:30.88445357, 6.6667E-02, 6.7067E+00, 3.3333E-01,
14:33:30.88445362, 1.6667E-01, 6.7600E+00,-3.3333E-01,
14:33:30.88445367, 6.6667E-02, 6.7200E+00, 0.0000E+00,
14:33:30.88445372, 6.6667E-02, 6.7600E+00, 0.0000E+00,
14:33:30.88445377, 6.6667E-02, 6.7467E+00, 3.3333E-01,
14:33:30.88445382, 6.6667E-02, 6.7333E+00, 6.6667E-01,
14:33:30.88445387, 1.0000E-01, 6.7200E+00, 0.0000E+00,
14:33:30.88445392, 1.6667E-01, 6.7600E+00, 3.3333E-01,
14:33:30.88445397, 1.3333E-01, 6.7600E+00, 0.0000E+00,
14:33:30.88445402, 1.0000E-01, 6.7333E+00,-3.3333E-01,
14:33:30.88445407, 3.3333E-02, 6.7467E+00, 3.3333E-01,
14:33:30.88445412, 3.3333E-02, 6.7200E+00, 3.3333E-01,
14:33:30.88445417, 6.6667E-02, 6.7467E+00, 3.3333E-01,
14:33:30.88445422, 1.3333E-01, 6.7200E+00, 6.6667E-01,
14:33:30.88445427, 1.3333E-01, 6.7467E+00, 0.0000E+00,
14:33:30.88445432, 6.6667E-02, 6.7600E+00, 3.3333E-01,
14:33:30.88445437, 1.6667E-01, 6.7467E+00, 3.3333E-01,
14:33:30.88445442, 1.3333E-01, 6.7200E+00, 0.0000E+00,
14:33:30.88445447, 6.6667E-02, 6.7600E+00, 0.0000E+00,
14:33:30.88445452, 3.3333E-02, 6.7467E+00, 6.6667E-01,
14:33:30.88445457, 3.3333E-02, 6.7333E+00, 0.0000E+00,
14:33:30.88445462, 1.0000E-01, 6.7200E+00, 6.6667E-01,
14:33:30.88445467, 1.0000E-01, 6.7600E+00, 3.3333E-01,
14:33:30.88445472, 3.3333E-02, 6.7467E+00, 3.3333E-01,
14:33:30.88445477, 6.6667E-02, 6.7200E+00, 3.3333E-01,
14:33:30.88445482, 1.3333E-01, 6.7467E+00, 3.3333E-01,
14:33:30.88445487, 1.3333E-01, 6.7600E+00,-3.3333E-01,
14:33:30.88445492, 6.6667E-02, 6.7600E+00, 3.3333E-01,
14:33:30.88445497, 6.6667E-02, 6.7200E+00,-3.3333E-01,
14:33:30.88445502, 0.0000E+00, 6.7467E+00, 3.3333E-01,
14:33:30.88445507, 3.3333E-02, 6.7200E+00, 0.0000E+00,
14:33:30.88445512, 3.3333E-02, 6.7600E+00, 6.6667E-01,
14:33:30.88445517, 6.6667E-02, 6.7200E+00, 1.0000E+00,
14:33:30.88445522, 6.6667E-02, 6.7333E+00,-3.3333E-01,
14:33:30.88445527, 3.3333E-02, 6.7733E+00, 3.3333E-01,
14:33:30.88445532, 1.0000E-01, 6.7333E+00, 3.3333E-01,
14:33:30.88445537, 1.3333E-01, 6.7467E+00, 1.0000E+00,
14:33:30.88445542, 6.6667E-02, 6.7200E+00, 6.6667E-01,
14:33:30.88445547, 1.0000E-01, 6.7067E+00, 6.6667E-01,
14:33:30.88445552, 6.6667E-02, 6.7333E+00, 0.0000E+00,
14:33:30.88445557, 1.0000E-01, 6.7333E+00,-3.3333E-01,
14:33:30.88445562, 6.6667E-02, 6.7333E+00,-3.3333E-01,
14:33:30.88445567, 1.0000E-01, 6.7467E+00, 3.3333E-01,
14:33:30.88445572, 1.0000E-01, 6.7600E+00, 3.3333E-01,
14:33:30.88445577, 1.3333E-01, 6.7467E+00, 3.3333E-01,
14:33:30.88445582, 6.6667E-02, 6.7600E+00, 6.6667E-01,
14:33:30.88445587, 6.6667E-02, 6.7467E+00, 0.0000E+00,
14:33:30.88445592, 3.3333E-02, 6.7333E+00,-3.3333E-01,
14:33:30.88445597, 1.0000E-01, 6.7600E+00, 1.0000E+00,
14:33:30.88445602, 1.3333E-01, 6.7467E+00, 3.3333E-01,
14:33:30.88445607, 6.6667E-02, 6.7600E+00, 0.0000E+00,
14:33:30.88445612, 1.0000E-01, 6.7600E+00, 0.0000E+00,
14:33:30.88445617, 1.0000E-01, 6.7467E+00, 6.6667E-01,
14:33:30.88445622, 6.6667E-02, 6.7467E+00,-3.3333E-01,
14:33:30.88445627, 1.0000E-01, 6.7867E+00, 6.6667E-01,
14:33:30.88445632, 1.0000E-01, 6.7200E+00, 6.6667E-01,
14:33:30.88445637, 1.0000E-01, 6.7600E+00, 0.0000E+00,
14:33:30.88445642, 3.3333E-02, 6.7600E+00, 0.0000E+00,
14:33:30.88445647, 3.3333E-02, 6.7333E+00,-3.3333E-01,
14:33:30.88445652, 6.6667E-02, 6.7333E+00, 0.0000E+00,
14:33:30.88445657, 1.3333E-01, 6.7067E+00, 0.0000E+00,
14:33:30.88445662, 1.3333E-01, 6.7600E+00, 6.6667E-01,
14:33:30.88445667, 1.0000E-01, 6.7600E+00,-3.3333E-01,
14:33:30.88445672, 3.3333E-02, 6.7467E+00, 1.3333E+00,
14:33:30.88445677, 6.6667E-02, 6.7333E+00, 3.3333E-01,
14:33:30.88445682, 1.0000E-01, 6.7333E+00, 0.0000E+00,
14:33:30.88445687, 3.3333E-02, 6.7467E+00, 3.3333E-01,
14:33:30.88445692,-3.3333E-02, 6.7200E+00, 3.3333E-01,
14:33:30.88445697, 1.0000E-01, 6.7467E+00,-3.3333E-01,
14:33:30.88445702, 1.0000E-01, 6.7467E+00, 6.6667E-01,
14:33:30.88445707, 3.3333E-02, 6.7600E+00,-3.3333E-01,
14:33:30.88445712, 1.6667E-01, 6.7467E+00, 6.6667E-01,
14:33:30.88445717, 1.0000E-01, 6.7600E+00, 1.3333E+00,
14:33:30.88445722, 6.6667E-02, 6.7600E+00, 3.3333E-01,
14:33:30.88445727, 6.6667E-02, 6.7467E+00, 6.6667E-01,
14:33:30.88445732, 1.0000E-01, 6.7600E+00, 0.0000E+00,
14:33:30.88445737, 6.6667E-02, 6.7600E+00,-3.3333E-01,
14:33:30.88445742, 1.3333E-01, 6.7067E+00, 3.3333E-01,
14:33:30.88445747, 0.0000E+00, 6.7333E+00,-3.3333E-01,
14:33:30.88445752, 3.3333E-02, 6.7333E+00,-3.3333E-01,
14:33:30.88445757, 1.3333E-01, 6.7333E+00, 1.0000E+00,
14:33:30.88445762, 3.3333E-02, 6.7600E+00, 3.3333E-01,
14:33:30.88445767, 3.3333E-02, 6.7333E+00, 6.6667E-01,
14:33:30.88445772, 1.3333E-01, 6.7467E+00, 3.3333E-01,
14:33:30.88445777, 1.0000E-01, 6.7200E+00, 3.3333E-01,
14:33:30.88445782, 1.0000E-01, 6.7067E+00, 3.3333E-01,
14:33:30.88445787, 6.6667E-02, 6.7600E+00, 1.0000E+00,
14:33:30.88445792, 1.0000E-01, 6.7467E+00,-3.3333E-01,
14:33:30.88445797, 6.6667E-02, 6.7467E+00, 3.3333E-01,
14:33:30.88445802, 6.6667E-02, 6.7333E+00, 0.0000E+00,
14:33:30.88445807, 3.3333E-02, 6.7600E+00, 0.0000E+00,
14:33:30.88445812, 1.0000E-01, 6.7467E+00, 1.0000E+00,
14:33:30.88445817, 1.0000E-01, 6.7467E+00, 1.0000E+00,
14:33:30.88445822, 0.0000E+00, 6.7600E+00, 3.3333E-01,
14:33:30.88445827, 6.6667E-02, 6.7600E+00, 0.0000E+00,
14:33:30.88445832, 0.0000E+00, 6.7467E+00, 6.6667E-01,
14:33:30.88445837, 1.0000E-01, 6.7333E+00, 6.6667E-01,
14:33:30.88445842, 3.3333E-02, 6.7333E+00, 1.0000E+00,
14:33:30.88445847, 0.0000E+00, 6.7200E+00, 6.6667E-01,
14:33:30.88445852, 1.3333E-01, 6.7600E+00,-3.3333E-01,
14:33:30.88445857, 6.6667E-02, 6.7600E+00, 1.0000E+00,
14:33:30.88445862, 3.3333E-02, 6.7467E+00, 3.3333E-01,
14:33:30.88445867, 6.6667E-02, 6.7200E+00, 3.3333E-01,
14:33:30.88445872, 3.3333E-02, 6.7467E+00, 0.0000E+00,
14:33:30.88445877, 6.6667E-02, 6.7200E+00, 6.6667E-01,
14:33:30.88445882, 6.6667E-02, 6.7333E+00, 0.0000E+00,
14:33:30.88445887, 1.3333E-01, 6.7333E+00, 3.3333E-01,
14:33:30.88445892, 3.3333E-02, 6.7600E+00, 3.3333E-01,
14:33:30.88445897, 0.0000E+00, 6.7200E+00, 0.0000E+00,
14:33:30.88445902, 6.6667E-02, 6.7733E+00, 1.0000E+00,
14:33:30.88445907, 3.3333E-02, 6.7600E+00, 3.3333E-01,
14:33:30.88445912, 1.0000E-01, 6.7333E+00, 0.0000E+00,
14:33:30.88445917, 0.0000E+00, 6.7467E+00, 6.6667E-01,
14:33:30.88445922, 1.0000E-01, 6.7467E+00, 0.0000E+00,
14:33:30.88445927, 0.0000E+00, 6.7467E+00, 3.3333E-01,
14:33:30.88445932, 3.3333E-02, 6.7600E+00, 0.0000E+00,
14:33:30.88445937, 0.0000E+00, 6.7333E+00, 6.6667E-01,
14:33:30.88445942, 0.0000E+00, 6.7200E+00, 3.3333E-01,
14:33:30.88445947, 3.3333E-02, 6.7467E+00, 0.0000E+00,
14:33:30.88445952, 1.0000E-01, 6.7467E+00, 3.3333E-01,
14:33:30.88445957, 1.0000E-01, 6.7333E+00, 1.3333E+00,
14:33:30.88445962, 3.3333E-02, 6.7600E+00, 6.6667E-01,
14:33:30.88445967, 3.3333E-02, 6.7600E+00, 3.3333E-01,
14:33:30.88445972, 1.0000E-01, 6.7333E+00, 0.0000E+00,
14:33:30.88445977, 0.0000E+00, 6.7600E+00, 6.6667E-01,
14:33:30.88445982, 3.3333E-02, 6.7467E+00, 3.3333E-01,
14:33:30.88445987, 6.6667E-02, 6.7467E+00, 3.3333E-01,
14:33:30.88445992, 6.6667E-02, 6.7600E+00, 0.0000E+00,
14:33:30.88445997, 1.0000E-01, 6.7467E+00, 3.3333E-01,
14:33:30.88446002, 1.3333E-01, 6.7600E+00,-3.3333E-01,
14:33:30.88446007, 6.6667E-02, 6.7467E+00, 0.0000E+00,
14:33:30.88446012, 6.6667E-02, 6.7733E+00, 3.3333E-01,
14:33:30.88446017, 1.0000E-01, 6.7600E+00, 6.6667E-01,
14:33:30.88446022, 0.0000E+00, 6.7600E+00, 6.6667E-01,
14:33:30.88446027,-3.3333E-02, 6.7467E+00, 1.0000E+00,
14:33:30.88446032, 3.3333E-02, 6.7600E+00, 6.6667E-01,
14:33:30.88446037, 1.3333E-01, 6.7467E+00, 3.3333E-01,
14:33:30.88446042,-3.3333E-02, 6.7733E+00, 0.0000E+00,
14:33:30.88446047, 1.3333E-01, 6.7333E+00, 6.6667E-01,
14:33:30.88446052, 3.3333E-02, 6.7333E+00, 3.3333E-01,
14:33:30.88446057, 3.3333E-02, 6.7467E+00, 6.6667E-01,
14:33:30.88446062, 6.6667E-02, 6.7600E+00, 1.0000E+00,
14:33:30.88446067, 1.3333E-01, 6.7333E+00, 6.6667E-01,
14:33:30.88446072, 0.0000E+00, 6.7733E+00, 6.6667E-01,
14:33:30.88446077, 1.3333E-01, 6.7333E+00, 6.6667E-01,
14:33:30.88446082, 1.3333E-01, 6.7600E+00, 6.6667E-01,
14:33:30.88446087, 3.3333E-02, 6.7333E+00, 0.0000E+00,
14:33:30.88446092, 3.3333E-02, 6.7467E+00, 3.3333E-01,
14:33:30.88446097, 3.3333E-02, 6.7467E+00,-3.3333E-01,
14:33:30.88446102, 1.0000E-01, 6.7333E+00, 3.3333E-01,
14:33:30.88446107, 3.3333E-02, 6.7467E+00, 3.3333E-01,
14:33:30.88446112, 6.6667E-02, 6.7200E+00, 1.0000E+00,
14:33:30.88446117, 6.6667E-02, 6.7333E+00, 6.6667E-01,
14:33:30.88446122, 6.6667E-02, 6.7600E+00, 0.0000E+00,
14:33:30.88446127, 3.3333E-02, 6.7600E+00, 3.3333E-01,
14:33:30.88446132, 6.6667E-02, 6.7467E+00, 6.6667E-01,
14:33:30.88446137, 3.3333E-02, 6.7200E+00, 0.0000E+00,
14:33:30.88446142, 3.3333E-02, 6.7467E+00, 6.6667E-01,
14:33:30.88446147, 6.6667E-02, 6.7733E+00, 3.3333E-01,
14:33:30.88446152, 1.0000E-01, 6.7200E+00, 1.0000E+00,
14:33:30.88446157, 1.3333E-01, 6.7600E+00, 6.6667E-01,
14:33:30.88446162, 1.0000E-01, 6.7600E+00, 6.6667E-01,
14:33:30.88446167, 6.6667E-02, 6.7600E+00, 1.0000E+00,
14:33:30.88446172, 0.0000E+00, 6.7467E+00, 3.3333E-01,
14:33:30.88446177, 3.3333E-02, 6.7467E+00,-6.6667E-01,
14:33:30.88446182, 6.6667E-02, 6.7333E+00, 3.3333E-01,
14:33:30.88446187, 1.0000E-01, 6.7600E+00, 0.0000E+00,
14:33:30.88446192, 6.6667E-02, 6.7600E+00, 0.0000E+00,
14:33:30.88446197, 1.0000E-01, 6.7467E+00, 0.0000E+00,
14:33:30.88446202, 1.0000E-01, 6.7467E+00, 6.6667E-01,
14:33:30.88446207, 3.3333E-02, 6.7333E+00, 3.3333E-01,
14:33:30.88446212, 1.0000E-01, 6.7733E+00, 6.6667E-01,
14:33:30.88446217, 3.3333E-02, 6.7600E+00, 1.0000E+00,
14:33:30.88446222, 1.0000E-01, 6.7600E+00, 0.0000E+00,
14:33:30.88446227, 1.3333E-01, 6.7333E+00, 6.6667E-01,
14:33:30.88446232, 6.6667E-02, 6.7467E+00, 0.0000E+00,
14:33:30.88446237, 6.6667E-02, 6.7600E+00,-3.3333E-01,
14:33:30.88446242, 6.6667E-02, 6.7333E+00, 6.6667E-01,
14:33:30.88446247, 1.0000E-01, 6.7600E+00, 3.3333E-01,
14:33:30.88446252, 1.0000E-01, 6.7467E+00, 0.0000E+00,
14:33:30.88446257, 6.6667E-02, 6.7200E+00, 1.0000E+00,
14:33:30.88446262, 0.0000E+00, 6.7467E+00, 3.3333E-01,
14:33:30.88446267, 1.0000E-01, 6.7467E+00, 3.3333E-01,
14:33:30.88446272, 3.3333E-02, 6.7333E+00, 3.3333E-01,
14:33:30.88446277, 1.0000E-01, 6.7467E+00,-3.3333E-01,
14:33:30.88446282, 6.6667E-02, 6.7467E+00, 0.0000E+00,
14:33:30.88446287, 6.6667E-02, 6.7600E+00, 0.0000E+00,
14:33:30.88446292, 1.6667E-01, 6.7467E+00,-6.6667E-01,
14:33:30.88446297, 3.3333E-02, 6.7467E+00, 6.6667E-01,
14:33:30.88446302, 1.0000E-01, 6.7467E+00, 6.6667E-01,
14:33:30.88446307, 0.0000E+00, 6.7600E+00, 0.0000E+00,
14:33:30.88446312, 6.6667E-02, 6.7600E+00, 0.0000E+00,
14:33:30.88446317, 1.3333E-01, 6.7467E+00, 0.0000E+00,
14:33:30.88446322, 1.6667E-01, 6.7467E+00, 0.0000E+00,
14:33:30.88446327, 1.0000E-01, 6.7467E+00, 0.0000E+00,
14:33:30.88446332, 1.3333E-01, 6.7333E+00, 0.0000E+00,
14:33:30.88446337, 1.0000E-01, 6.7600E+00, 3.3333E-01,
14:33:30.88446342, 3.3333E-02, 6.7467E+00, 6.6667E-01,
14:33:30.88446347, 1.0000E-01, 6.7467E+00, 6.6667E-01,
14:33:30.88446352, 1.0000E-01, 6.7200E+00, 3.3333E-01,
14:33:30.88446357, 3.3333E-02, 6.7333E+00, 0.0000E+00,
14:33:30.88446362, 3.3333E-02, 6.7467E+00, 3.3333E-01,
14:33:30.88446367, 1.0000E-01, 6.7333E+00, 6.6667E-01,
14:33:30.88446372, 3.3333E-02, 6.7067E+00, 0.0000E+00,
14:33:30.88446377, 3.3333E-02, 6.7600E+00, 6.6667E-01,
14:33:30.88446382, 3.3333E-02, 6.7600E+00, 0.0000E+00,
14:33:30.88446387, 3.3333E-02, 6.7467E+00, 6.6667E-01,
14:33:30.88446392, 2.0000E-01, 6.7600E+00,-3.3333E-01,
14:33:30.88446397, 0.0000E+00, 6.7600E+00, 6.6667E-01,
14:33:30.88446402, 3.3333E-02, 6.7467E+00, 0.0000E+00,
14:33:30.88446407, 0.0000E+00, 6.7200E+00, 3.3333E-01,
14:33:30.88446412, 6.6667E-02, 6.7600E+00, 6.6667E-01,
14:33:30.88446417, 6.6667E-02, 6.7600E+00, 0.0000E+00,
14:33:30.88446422, 3.3333E-02, 6.7333E+00, 0.0000E+00,
14:33:30.88446427, 1.3333E-01, 6.7600E+00,-3.3333E-01,
14:33:30.88446432, 3.3333E-02, 6.7600E+00, 0.0000E+00,
14:33:30.88446437, 1.3333E-01, 6.7333E+00,-3.3333E-01,
14:33:30.88446442, 1.0000E-01, 6.7600E+00, 0.0000E+00,
14:33:30.88446447, 1.0000E-01, 6.7333E+00,-3.3333E-01,
14:33:30.88446452, 0.0000E+00, 6.7600E+00, 0.0000E+00,
14:33:30.88446457, 3.3333E-02, 6.7467E+00, 6.6667E-01,
14:33:30.88446462, 3.3333E-02, 6.7467E+00, 6.6667E-01,
14:33:30.88446467, 1.0000E-01, 6.7600E+00,-3.3333E-01,
14:33:30.88446472, 3.3333E-02, 6.7467E+00, 3.3333E-01,
14:33:30.88446477, 1.3333E-01, 6.7600E+00, 3.3333E-01,
14:33:30.88446482, 1.0000E-01, 6.7733E+00, 0.0000E+00,
14:33:30.88446487, 6.6667E-02, 6.7200E+00, 6.6667E-01,
14:33:30.88446492, 1.0000E-01, 6.7600E+00, 1.0000E+00,
14:33:30.88446497, 3.3333E-02, 6.7467E+00, 3.3333E-01,
14:33:30.88446502, 3.3333E-02, 6.7467E+00, 3.3333E-01,
14:33:30.88446507, 6.6667E-02, 6.7333E+00,-3.3333E-01,
14:33:30.88446512, 6.6667E-02, 6.7200E+00, 3.3333E-01,
14:33:30.88446517, 6.6667E-02, 6.7467E+00, 0.0000E+00,
14:33:30.88446522, 1.0000E-01, 6.7733E+00, 3.3333E-01,
14:33:30.88446527, 1.0000E-01, 6.7200E+00, 0.0000E+00,
14:33:30.88446532, 6.6667E-02, 6.7467E+00, 3.3333E-01,
14:33:30.88446537, 1.0000E-01, 6.7600E+00, 0.0000E+00,
14:33:30.88446542, 0.0000E+00, 6.7333E+00, 6.6667E-01,
14:33:30.88446547, 3.3333E-02, 6.7467E+00, 3.3333E-01,
14:33:30.88446552, 0.0000E+00, 6.7600E+00, 3.3333E-01,
14:33:30.88446557, 0.0000E+00, 6.7467E+00, 3.3333E-01,
14:33:30.88446562, 3.3333E-02, 6.7467E+00, 6.6667E-01,
14:33:30.88446567, 6.6667E-02, 6.7733E+00,-3.3333E-01,
14:33:30.88446572, 6.6667E-02, 6.7600E+00, 6.6667E-01,
14:33:30.88446577, 1.6667E-01, 6.7333E+00, 0.0000E+00,
14:33:30.88446582, 3.3333E-02, 6.7200E+00,-6.6667E-01,
14:33:30.88446587, 6.6667E-02, 6.7600E+00, 3.3333E-01,
14:33:30.88446592, 6.6667E-02, 6.7467E+00, 6.6667E-01,
14:33:30.88446597, 6.6667E-02, 6.7333E+00, 3.3333E-01,
14:33:30.88446602, 3.3333E-02, 6.7600E+00, 0.0000E+00,
14:33:30.88446607, 3.3333E-02, 6.7600E+00, 3.3333E-01,
14:33:30.88446612, 3.3333E-02, 6.7600E+00, 0.0000E+00,
14:33:30.88446617, 6.6667E-02, 6.7333E+00, 3.3333E-01,
14:33:30.88446622, 6.6667E-02, 6.7200E+00, 3.3333E-01,
14:33:30.88446627, 1.0000E-01, 6.7733E+00,-6.6667E-01,
14:33:30.88446632, 6.6667E-02, 6.7467E+00, 3.3333E-01,
14:33:30.88446637, 0.0000E+00, 6.7600E+00,-3.3333E-01,
14:33:30.88446642, 3.3333E-02, 6.7733E+00, 0.0000E+00,
14:33:30.88446647, 6.6667E-02, 6.7067E+00, 0.0000E+00,
14:33:30.88446652, 3.3333E-02, 6.7333E+00, 3.3333E-01,
14:33:30.88446657, 6.6667E-02, 6.7200E+00,-3.3333E-01,
14:33:30.88446662, 3.3333E-02, 6.7600E+00, 0.0000E+00,
14:33:30.88446667, 3.3333E-02, 6.7600E+00, 1.0000E+00,
14:33:30.88446672, 3.3333E-02, 6.7600E+00,-6.6667E-01,
14:33:30.88446677, 6.6667E-02, 6.7333E+00, 0.0000E+00,
14:33:30.88446682, 3.3333E-02, 6.7333E+00,-3.3333E-01,
14:33:30.88446687, 0.0000E+00, 6.7333E+00, 1.0000E+00,
14:33:30.88446692, 6.6667E-02, 6.7467E+00, 1.0000E+00,
14:33:30.88446697, 6.6667E-02, 6.7467E+00, 6.6667E-01,
14:33:30.88446702, 3.3333E-02, 6.7600E+00, 3.3333E-01,
14:33:30.88446707, 6.6667E-02, 6.7600E+00, 0.0000E+00,
14:33:30.88446712, 1.0000E-01, 6.7467E+00, 0.0000E+00,
14:33:30.88446717, 3.3333E-02, 6.7200E+00,-3.3333E-01,
14:33:30.88446722, 3.3333E-02, 6.7600E+00, 3.3333E-01,
14:33:30.88446727, 1.0000E-01, 6.7600E+00, 3.3333E-01,
14:33:30.88446732, 1.0000E-01, 6.7200E+00, 3.3333E-01,
14:33:30.88446737, 1.3333E-01, 6.7333E+00,-1.0000E+00,
14:33:30.88446742, 3.3333E-02, 6.7467E+00, 0.0000E+00,
14:33:30.88446747, 3.3333E-02, 6.7467E+00, 6.6667E-01,
14:33:30.88446752, 3.3333E-02, 6.7600E+00, 1.0000E+00,
14:33:30.88446757, 3.3333E-02, 6.7600E+00,-3.3333E-01,
14:33:30.88446762, 6.6667E-02, 6.7600E+00, 3.3333E-01,
14:33:30.88446767, 6.6667E-02, 6.7600E+00, 6.6667E-01,
14:33:30.88446772, 3.3333E-02, 6.7467E+00, 6.6667E-01,
14:33:30.88446777, 3.3333E-02, 6.6933E+00, 6.6667E-01,
14:33:30.88446782, 3.3333E-02, 6.7333E+00, 3.3333E-01,
14:33:30.88446787, 3.3333E-02, 6.7467E+00, 1.0000E+00,
14:33:30.88446792, 6.6667E-02, 6.7600E+00,-3.3333E-01,
14:33:30.88446797, 6.6667E-02, 6.7467E+00, 6.6667E-01,
14:33:30.88446802, 3.3333E-02, 6.7467E+00,-3.3333E-01,
14:33:30.88446807, 6.6667E-02, 6.7600E+00, 0.0000E+00,
14:33:30.88446812, 1.0000E-01, 6.7067E+00,-6.6667E-01,
14:33:30.88446817, 1.0000E-01, 6.7333E+00, 3.3333E-01,
14:33:30.88446822, 6.6667E-02, 6.7600E+00, 3.3333E-01,
14:33:30.88446827, 1.3333E-01, 6.7600E+00, 6.6667E-01,
14:33:30.88446832, 6.6667E-02, 6.7467E+00, 3.3333E-01,
14:33:30.88446837, 3.3333E-02, 6.7467E+00, 0.0000E+00,
14:33:30.88446842, 0.0000E+00, 6.7733E+00, 3.3333E-01,
14:33:30.88446847, 0.0000E+00, 6.7733E+00, 3.3333E-01,
14:33:30.88446852, 0.0000E+00, 6.7600E+00, 6.6667E-01,
14:33:30.88446857, 6.6667E-02, 6.7600E+00, 1.3333E+00,
14:33:30.88446862, 1.3333E-01, 6.7200E+00, 3.3333E-01,
14:33:30.88446867, 6.6667E-02, 6.7200E+00, 0.0000E+00,
14:33:30.88446872, 3.3333E-02, 6.7467E+00, 0.0000E+00,
14:33:30.88446877, 3.3333E-02, 6.7600E+00,-3.3333E-01,
14:33:30.88446882, 6.6667E-02, 6.7467E+00, 3.3333E-01,
14:33:30.88446887, 3.3333E-02, 6.7600E+00, 6.6667E-01,
14:33:30.88446892, 1.0000E-01, 6.7600E+00, 0.0000E+00,
14:33:30.88446897, 3.3333E-02, 6.7200E+00, 0.0000E+00,
14:33:30.88446902, 6.6667E-02, 6.7467E+00, 3.3333E-01,
14:33:30.88446907, 6.6667E-02, 6.7067E+00,-3.3333E-01,
14:33:30.88446912, 6.6667E-02, 6.7467E+00, 6.6667E-01,
14:33:30.88446917,-3.3333E-02, 6.7467E+00, 3.3333E-01,
14:33:30.88446922, 3.3333E-02, 6.7600E+00,-3.3333E-01,
14:33:30.88446927, 6.6667E-02, 6.7067E+00, 3.3333E-01,
14:33:30.88446932,-3.3333E-02, 6.7333E+00, 0.0000E+00,
14:33:30.88446937, 3.3333E-02, 6.7600E+00, 3.3333E-01,
14:33:30.88446942, 6.6667E-02, 6.7467E+00, 3.3333E-01,
14:33:30.88446947, 6.6667E-02, 6.7333E+00, 0.0000E+00,
14:33:30.88446952, 3.3333E-02, 6.7067E+00, 1.0000E+00,
14:33:30.88446957, 6.6667E-02, 6.7467E+00, 3.3333E-01,
14:33:30.88446962,-3.3333E-02, 6.7467E+00, 0.0000E+00,
14:33:30.88446967, 6.6667E-02, 6.7600E+00, 6.6667E-01,
14:33:30.88446972, 1.3333E-01, 6.7467E+00, 3.3333E-01,
14:33:30.88446977, 0.0000E+00, 6.7333E+00, 6.6667E-01,
14:33:30.88446982, 3.3333E-02, 6.7467E+00, 3.3333E-01,
14:33:30.88446987, 3.3333E-02, 6.7333E+00,-3.3333E-01,
14:33:30.88446992, 0.0000E+00, 6.7467E+00, 6.6667E-01,
14:33:30.88446997, 6.6667E-02, 6.7333E+00, 3.3333E-01,
14:33:30.88447002, 3.3333E-02, 6.7467E+00, 0.0000E+00,
14:33:30.88447007, 6.6667E-02, 6.7600E+00, 0.0000E+00,
14:33:30.88447012, 1.6667E-01, 6.7467E+00,-3.3333E-01,
14:33:30.88447017, 3.3333E-02, 6.7600E+00,-3.3333E-01,
14:33:30.88447022,-3.3333E-02, 6.7600E+00, 0.0000E+00,
14:33:30.88447027, 6.6667E-02, 6.7600E+00,-3.3333E-01,
14:33:30.88447032, 0.0000E+00, 6.7333E+00, 3.3333E-01,
14:33:30.88447037, 3.3333E-02, 6.7600E+00, 3.3333E-01,
14:33:30.88447042,-3.3333E-02, 6.7333E+00, 3.3333E-01,
14:33:30.88447047, 3.3333E-02, 6.7600E+00, 1.0000E+00,
14:33:30.88447052, 6.6667E-02, 6.7733E+00, 6.6667E-01,
14:33:30.88447057, 3.3333E-02, 6.7333E+00, 1.0000E+00,
14:33:30.88447062, 0.0000E+00, 6.7600E+00, 0.0000E+00,
14:33:30.88447067, 1.3333E-01, 6.7333E+00, 3.3333E-01,
14:33:30.88447072, 3.3333E-02, 6.7200E+00, 3.3333E-01,
14:33:30.88447077, 0.0000E+00, 6.7600E+00, 3.3333E-01,
14:33:30.88447082, 3.3333E-02, 6.7600E+00, 6.6667E-01,
14:33:30.88447087, 3.3333E-02, 6.7467E+00, 3.3333E-01,
14:33:30.88447092, 3.3333E-02, 6.7467E+00, 3.3333E-01,
14:33:30.88447097,-3.3333E-02, 6.7467E+00, 3.3333E-01,
14:33:30.88447102, 6.6667E-02, 6.7200E+00, 0.0000E+00,
14:33:30.88447107, 1.0000E-01, 6.7600E+00, 6.6667E-01,
14:33:30.88447112, 6.6667E-02, 6.7467E+00,-3.3333E-01,
14:33:30.88447117,-3.3333E-02, 6.7467E+00, 6.6667E-01,
14:33:30.88447122, 6.6667E-02, 6.7467E+00, 6.6667E-01,
14:33:30.88447127, 3.3333E-02, 6.7200E+00, 0.0000E+00,
14:33:30.88447132, 3.3333E-02, 6.7333E+00, 3.3333E-01,
14:33:30.88447137, 6.6667E-02, 6.7467E+00, 0.0000E+00,
14:33:30.88447142, 3.3333E-02, 6.7600E+00, 3.3333E-01,
14:33:30.88447147, 1.3333E-01, 6.7467E+00, 1.0000E+00,
14:33:30.88447152, 0.0000E+00, 6.7600E+00, 0.0000E+00,
14:33:30.88447157, 6.6667E-02, 6.7467E+00, 6.6667E-01,
14:33:30.88447162, 1.0000E-01, 6.7067E+00,-3.3333E-01,
14:33:30.88447167, 3.3333E-02, 6.7333E+00,-6.6667E-01,
14:33:30.88447172, 6.6667E-02, 6.7467E+00, 0.0000E+00,
14:33:30.88447177, 3.3333E-02, 6.7600E+00, 3.3333E-01,
14:33:30.88447182, 1.0000E-01, 6.7600E+00, 6.6667E-01,
14:33:30.88447187, 3.3333E-02, 6.7067E+00, 6.6667E-01,
14:33:30.88447192, 6.6667E-02, 6.7467E+00, 3.3333E-01,
14:33:30.88447197, 6.6667E-02, 6.7333E+00, 0.0000E+00,
14:33:30.88447202, 6.6667E-02, 6.7600E+00, 6.6667E-01,
14:33:30.88447207, 6.6667E-02, 6.7467E+00, 0.0000E+00,
14:33:30.88447212, 3.3333E-02, 6.7600E+00, 0.0000E+00,
14:33:30.88447217, 1.3333E-01, 6.7467E+00, 3.3333E-01,
14:33:30.88447222, 0.0000E+00, 6.7200E+00, 6.6667E-01,
14:33:30.88447227, 3.3333E-02, 6.7600E+00, 1.0000E+00,
14:33:30.88447232, 3.3333E-02, 6.7467E+00,-3.3333E-01,
14:33:30.88447237, 6.6667E-02, 6.7333E+00, 1.0000E+00,
14:33:30.88447242, 3.3333E-02, 6.7600E+00, 3.3333E-01,
14:33:30.88447247, 6.6667E-02, 6.7600E+00, 3.3333E-01,
14:33:30.88447252, 3.3333E-02, 6.7333E+00,-3.3333E-01,
14:33:30.88447257, 3.3333E-02, 6.7467E+00, 0.0000E+00,
14:33:30.88447262, 6.6667E-02, 6.7333E+00, 3.3333E-01,
14:33:30.88447267, 3.3333E-02, 6.7600E+00, 3.3333E-01,
14:33:30.88447272, 3.3333E-02, 6.7600E+00, 3.3333E-01,
14:33:30.88447277, 6.6667E-02, 6.7333E+00, 6.6667E-01,
14:33:30.88447282,-3.3333E-02, 6.7333E+00, 0.0000E+00,
14:33:30.88447287, 3.3333E-02, 6.7467E+00, 3.3333E-01,
14:33:30.88447292, 6.6667E-02, 6.7600E+00, 1.0000E+00,
14:33:30.88447297, 0.0000E+00, 6.7333E+00, 0.0000E+00,
14:33:30.88447302, 6.6667E-02, 6.7467E+00, 3.3333E-01,
14:33:30.88447307, 1.3333E-01, 6.7467E+00, 0.0000E+00,
14:33:30.88447312, 0.0000E+00, 6.7200E+00,-3.3333E-01,
14:33:30.88447317, 3.3333E-02, 6.7600E+00, 0.0000E+00,
14:33:30.88447322, 6.6667E-02, 6.7467E+00, 0.0000E+00,
14:33:30.88447327, 3.3333E-02, 6.7200E+00, 0.0000E+00,
14:33:30.88447332, 3.3333E-02, 6.7600E+00, 0.0000E+00,
14:33:30.88447337, 0.0000E+00, 6.7467E+00, 3.3333E-01,
14:33:30.88447342, 6.6667E-02, 6.7333E+00, 0.0000E+00,
14:33:30.88447347, 6.6667E-02, 6.7600E+00, 6.6667E-01,
14:33:30.88447352, 0.0000E+00, 6.7200E+00, 3.3333E-01,
14:33:30.88447357, 6.6667E-02, 6.7600E+00, 0.0000E+00,
14:33:30.88447362, 3.3333E-02, 6.7200E+00, 3.3333E-01,
14:33:30.88447367, 3.3333E-02, 6.7600E+00, 3.3333E-01,
14:33:30.88447372, 3.3333E-02, 6.7467E+00, 6.6667E-01,
14:33:30.88447377, 6.6667E-02, 6.7467E+00, 3.3333E-01,
14:33:30.88447382, 3.3333E-02, 6.7600E+00, 0.0000E+00,
14:33:30.88447387, 3.3333E-02, 6.7200E+00,-6.6667E-01,
14:33:30.88447392, 3.3333E-02, 6.7333E+00, 6.6667E-01,
14:33:30.88447397, 6.6667E-02, 6.7600E+00, 0.0000E+00,
14:33:30.88447402, 3.3333E-02, 6.7333E+00, 0.0000E+00,
14:33:30.88447407, 3.3333E-02, 6.7600E+00, 1.0000E+00,
14:33:30.88447412, 3.3333E-02, 6.7467E+00, 6.6667E-01,
14:33:30.88447417, 3.3333E-02, 6.7333E+00, 1.0000E+00,
14:33:30.88447422, 0.0000E+00, 6.7467E+00, 3.3333E-01,
14:33:30.88447427, 3.3333E-02, 6.7200E+00, 1.0000E+00,
14:33:30.88447432, 0.0000E+00, 6.7067E+00, 6.6667E-01,
14:33:30.88447437, 1.0000E-01, 6.7600E+00, 3.3333E-01,
14:33:30.88447442, 0.0000E+00, 6.7333E+00, 6.6667E-01,
14:33:30.88447447, 6.6667E-02, 6.7467E+00, 0.0000E+00,
14:33:30.88447452, 6.6667E-02, 6.7067E+00, 3.3333E-01,
14:33:30.88447457,-3.3333E-02, 6.7600E+00, 3.3333E-01,
14:33:30.88447462,-3.3333E-02, 6.7600E+00, 3.3333E-01,
14:33:30.88447467, 6.6667E-02, 6.7200E+00, 3.3333E-01,
14:33:30.88447472, 6.6667E-02, 6.7467E+00, 6.6667E-01,
14:33:30.88447477, 3.3333E-02, 6.7467E+00, 3.3333E-01,
14:33:30.88447482, 3.3333E-02, 6.7467E+00,-6.6667E-01,
14:33:30.88447487, 6.6667E-02, 6.7200E+00, 3.3333E-01,
14:33:30.88447492, 3.3333E-02, 6.7467E+00, 3.3333E-01,
14:33:30.88447497, 6.6667E-02, 6.7600E+00, 3.3333E-01,
14:33:30.88447502, 1.0000E-01, 6.7333E+00,-3.3333E-01,
14:33:30.88447507, 3.3333E-02, 6.7600E+00, 3.3333E-01,
14:33:30.88447512, 6.6667E-02, 6.7467E+00, 3.3333E-01,
14:33:30.88447517, 6.6667E-02, 6.7600E+00, 3.3333E-01,
14:33:30.88447522, 1.0000E-01, 6.7467E+00, 0.0000E+00,
14:33:30.88447527, 3.3333E-02, 6.7467E+00, 6.6667E-01,
14:33:30.88447532, 3.3333E-02, 6.7467E+00, 3.3333E-01,
14:33:30.88447537, 6.6667E-02, 6.7467E+00, 0.0000E+00,
14:33:30.88447542, 3.3333E-02, 6.7333E+00,-3.3333E-01,
14:33:30.88447547, 6.6667E-02, 6.7467E+00, 0.0000E+00,
14:33:30.88447552, 3.3333E-02, 6.7467E+00, 0.0000E+00,
14:33:30.88447557, 3.3333E-02, 6.7600E+00, 0.0000E+00,
14:33:30.88447562, 6.6667E-02, 6.7333E+00,-3.3333E-01,
14:33:30.88447567, 1.0000E-01, 6.7333E+00, 0.0000E+00,
14:33:30.88447572, 1.0000E-01, 6.7467E+00, 3.3333E-01,
