"Header Size"           ,15              
"Model Name"            ,"DL850EV       "
"Comment"               ,"                         "
"BlockNumber"           ,1               
"TraceName"             ,"Vgate         ","Vds           ","Id            "
"BlockSize"             ,4004            ,4004            ,4004            
"VUnit"                 ,"V             ","V             ","A             "
"SampleRate"            ,20000000.000000 ,20000000.000000 ,20000000.000000 
"HResolution"           ,5.000000e-08    ,5.000000e-08    ,5.000000e-08    
"HOffset"               ,-4.000000e-05   ,-4.000000e-05   ,-4.000000e-05   
"HUnit"                 ,"s             ","s             ","s             "
"DisplayPointNo."       ,1               ,1               ,1               
"PhaseShift"            ,1               ,1               ,1               
"Date"                  ,"2026/04/09    ","2026/04/09    ","2026/04/09    "
"Time"                  ,"19:18:48.48332943","19:18:48.48332943","19:18:48.48332943"

19:18:48.48328943, 1.3333E-02, 4.2533E+00, 2.6667E-01,
19:18:48.48328948,-2.6667E-02, 4.2133E+00, 2.6667E-01,
19:18:48.48328953, 0.0000E+00, 4.2133E+00, 1.3333E-01,
19:18:48.48328958,-1.3333E-02, 4.2267E+00,-1.3333E-01,
19:18:48.48328963, 0.0000E+00, 4.2133E+00, 2.6667E-01,
19:18:48.48328968,-1.3333E-02, 4.2133E+00, 4.0000E-01,
19:18:48.48328973, 1.3333E-02, 4.2000E+00,-1.3333E-01,
19:18:48.48328978,-1.3333E-02, 4.2267E+00, 1.3333E-01,
19:18:48.48328983, 0.0000E+00, 4.2400E+00, 0.0000E+00,
19:18:48.48328988, 0.0000E+00, 4.2267E+00, 2.6667E-01,
19:18:48.48328993, 0.0000E+00, 4.2267E+00,-2.6667E-01,
19:18:48.48328998,-4.0000E-02, 4.2267E+00, 2.6667E-01,
19:18:48.48329003,-1.3333E-02, 4.2133E+00, 2.6667E-01,
19:18:48.48329008,-2.6667E-02, 4.2133E+00, 2.6667E-01,
19:18:48.48329013, 0.0000E+00, 4.2000E+00, 1.3333E-01,
19:18:48.48329018, 1.3333E-02, 4.2267E+00,-1.3333E-01,
19:18:48.48329023, 1.3333E-02, 4.2133E+00, 4.0000E-01,
19:18:48.48329028, 2.6667E-02, 4.2267E+00,-2.6667E-01,
19:18:48.48329033,-1.3333E-02, 4.2000E+00, 0.0000E+00,
19:18:48.48329038, 2.6667E-02, 4.2000E+00, 2.6667E-01,
19:18:48.48329043,-2.6667E-02, 4.2000E+00, 1.3333E-01,
19:18:48.48329048, 1.3333E-02, 4.2267E+00,-1.3333E-01,
19:18:48.48329053,-1.3333E-02, 4.2267E+00,-1.3333E-01,
19:18:48.48329058, 1.3333E-02, 4.2267E+00, 0.0000E+00,
19:18:48.48329063, 1.3333E-02, 4.1867E+00, 0.0000E+00,
19:18:48.48329068,-2.6667E-02, 4.2400E+00, 2.6667E-01,
19:18:48.48329073, 0.0000E+00, 4.2000E+00, 2.6667E-01,
19:18:48.48329078, 0.0000E+00, 4.2133E+00,-1.3333E-01,
19:18:48.48329083, 0.0000E+00, 4.2267E+00, 4.0000E-01,
19:18:48.48329088,-1.3333E-02, 4.2400E+00,-1.3333E-01,
19:18:48.48329093,-1.3333E-02, 4.2133E+00,-2.6667E-01,
19:18:48.48329098,-1.3333E-02, 4.2267E+00, 4.0000E-01,
19:18:48.48329103, 1.3333E-02, 4.2133E+00, 2.6667E-01,
19:18:48.48329108, 1.3333E-02, 4.2400E+00, 1.3333E-01,
19:18:48.48329113, 1.3333E-02, 4.2133E+00, 2.6667E-01,
19:18:48.48329118, 4.0000E-02, 4.2400E+00, 2.6667E-01,
19:18:48.48329123,-2.6667E-02, 4.2000E+00, 1.3333E-01,
19:18:48.48329128,-1.3333E-02, 4.2133E+00, 0.0000E+00,
19:18:48.48329133, 0.0000E+00, 4.2133E+00, 4.0000E-01,
19:18:48.48329138,-1.3333E-02, 4.2133E+00, 2.6667E-01,
19:18:48.48329143,-1.3333E-02, 4.2133E+00, 4.0000E-01,
19:18:48.48329148,-1.3333E-02, 4.2533E+00, 4.0000E-01,
19:18:48.48329153, 1.3333E-02, 4.1600E+00, 1.3333E-01,
19:18:48.48329158, 2.6667E-02, 4.2133E+00, 1.3333E-01,
19:18:48.48329163, 5.3333E-02, 4.2133E+00, 1.3333E-01,
19:18:48.48329168, 1.3333E-02, 4.2533E+00, 1.3333E-01,
19:18:48.48329173, 2.6667E-02, 4.2133E+00, 0.0000E+00,
19:18:48.48329178,-2.6667E-02, 4.1867E+00, 0.0000E+00,
19:18:48.48329183,-1.3333E-02, 4.2000E+00,-1.3333E-01,
19:18:48.48329188, 2.6667E-02, 4.2133E+00, 1.3333E-01,
19:18:48.48329193,-1.3333E-02, 4.2400E+00, 1.3333E-01,
19:18:48.48329198,-1.3333E-02, 4.2267E+00, 5.3333E-01,
19:18:48.48329203,-2.6667E-02, 4.2267E+00, 4.0000E-01,
19:18:48.48329208, 0.0000E+00, 4.2267E+00, 0.0000E+00,
19:18:48.48329213, 2.6667E-02, 4.2267E+00, 2.6667E-01,
19:18:48.48329218,-1.3333E-02, 4.2267E+00, 1.3333E-01,
19:18:48.48329223,-2.6667E-02, 4.2533E+00, 1.3333E-01,
19:18:48.48329228,-2.6667E-02, 4.2133E+00, 1.3333E-01,
19:18:48.48329233,-1.3333E-02, 4.2000E+00, 0.0000E+00,
19:18:48.48329238, 0.0000E+00, 4.2000E+00, 1.3333E-01,
19:18:48.48329243,-1.3333E-02, 4.2400E+00, 5.3333E-01,
19:18:48.48329248,-2.6667E-02, 4.2133E+00, 0.0000E+00,
19:18:48.48329253,-1.3333E-02, 4.2267E+00,-1.3333E-01,
19:18:48.48329258, 2.6667E-02, 4.2133E+00, 1.3333E-01,
19:18:48.48329263, 1.3333E-02, 4.2400E+00, 4.0000E-01,
19:18:48.48329268, 1.3333E-02, 4.2133E+00, 0.0000E+00,
19:18:48.48329273,-1.3333E-02, 4.2400E+00, 1.3333E-01,
19:18:48.48329278,-2.6667E-02, 4.2133E+00, 2.6667E-01,
19:18:48.48329283, 0.0000E+00, 4.2133E+00,-1.3333E-01,
19:18:48.48329288,-2.6667E-02, 4.2000E+00, 1.3333E-01,
19:18:48.48329293,-2.6667E-02, 4.2133E+00, 1.3333E-01,
19:18:48.48329298,-1.3333E-02, 4.2267E+00, 1.3333E-01,
19:18:48.48329303, 0.0000E+00, 4.2000E+00, 1.3333E-01,
19:18:48.48329308, 1.3333E-02, 4.2133E+00, 0.0000E+00,
19:18:48.48329313, 1.3333E-02, 4.2000E+00, 2.6667E-01,
19:18:48.48329318,-2.6667E-02, 4.2000E+00, 2.6667E-01,
19:18:48.48329323, 0.0000E+00, 4.2267E+00, 0.0000E+00,
19:18:48.48329328,-4.0000E-02, 4.2000E+00, 4.0000E-01,
19:18:48.48329333,-2.6667E-02, 4.2133E+00,-1.3333E-01,
19:18:48.48329338, 0.0000E+00, 4.2667E+00, 0.0000E+00,
19:18:48.48329343, 2.6667E-02, 4.2267E+00, 1.3333E-01,
19:18:48.48329348, 0.0000E+00, 4.2000E+00, 1.3333E-01,
19:18:48.48329353, 1.3333E-02, 4.2000E+00, 1.3333E-01,
19:18:48.48329358, 0.0000E+00, 4.2000E+00, 2.6667E-01,
19:18:48.48329363, 0.0000E+00, 4.2000E+00,-1.3333E-01,
19:18:48.48329368,-1.3333E-02, 4.2000E+00, 1.3333E-01,
19:18:48.48329373, 1.3333E-02, 4.2133E+00, 2.6667E-01,
19:18:48.48329378,-1.3333E-02, 4.2267E+00,-1.3333E-01,
19:18:48.48329383, 0.0000E+00, 4.2400E+00,-2.6667E-01,
19:18:48.48329388, 1.3333E-02, 4.2000E+00, 0.0000E+00,
19:18:48.48329393,-1.3333E-02, 4.2133E+00, 2.6667E-01,
19:18:48.48329398, 1.3333E-02, 4.2000E+00, 1.3333E-01,
19:18:48.48329403, 0.0000E+00, 4.2000E+00,-2.6667E-01,
19:18:48.48329408, 0.0000E+00, 4.2133E+00, 0.0000E+00,
19:18:48.48329413,-1.3333E-02, 4.2133E+00, 0.0000E+00,
19:18:48.48329418,-2.6667E-02, 4.2133E+00, 4.0000E-01,
19:18:48.48329423,-2.6667E-02, 4.2267E+00, 2.6667E-01,
19:18:48.48329428,-1.3333E-02, 4.2000E+00, 4.0000E-01,
19:18:48.48329433,-1.3333E-02, 4.2133E+00, 2.6667E-01,
19:18:48.48329438, 1.3333E-02, 4.2133E+00, 4.0000E-01,
19:18:48.48329443, 0.0000E+00, 4.2000E+00, 0.0000E+00,
19:18:48.48329448, 2.6667E-02, 4.2133E+00, 2.6667E-01,
19:18:48.48329453, 0.0000E+00, 4.2133E+00,-2.6667E-01,
19:18:48.48329458, 2.6667E-02, 4.2133E+00, 1.3333E-01,
19:18:48.48329463,-1.3333E-02, 4.2267E+00, 2.6667E-01,
19:18:48.48329468, 0.0000E+00, 4.2133E+00,-1.3333E-01,
19:18:48.48329473, 1.3333E-02, 4.2133E+00,-1.3333E-01,
19:18:48.48329478, 2.6667E-02, 4.2133E+00, 2.6667E-01,
19:18:48.48329483, 0.0000E+00, 4.2267E+00, 2.6667E-01,
19:18:48.48329488, 0.0000E+00, 4.1867E+00, 1.3333E-01,
19:18:48.48329493, 2.6667E-02, 4.2133E+00, 0.0000E+00,
19:18:48.48329498, 0.0000E+00, 4.2267E+00, 0.0000E+00,
19:18:48.48329503, 0.0000E+00, 4.2267E+00, 2.6667E-01,
19:18:48.48329508,-1.3333E-02, 4.2400E+00, 2.6667E-01,
19:18:48.48329513, 0.0000E+00, 4.2000E+00,-1.3333E-01,
19:18:48.48329518,-2.6667E-02, 4.2000E+00, 4.0000E-01,
19:18:48.48329523, 0.0000E+00, 4.2133E+00,-1.3333E-01,
19:18:48.48329528,-2.6667E-02, 4.2267E+00, 1.3333E-01,
19:18:48.48329533,-2.6667E-02, 4.2133E+00,-1.3333E-01,
19:18:48.48329538, 2.6667E-02, 4.2267E+00, 4.0000E-01,
19:18:48.48329543, 0.0000E+00, 4.2133E+00, 2.6667E-01,
19:18:48.48329548,-4.0000E-02, 4.2133E+00, 2.6667E-01,
19:18:48.48329553, 2.6667E-02, 4.2267E+00, 1.3333E-01,
19:18:48.48329558, 0.0000E+00, 4.2000E+00, 2.6667E-01,
19:18:48.48329563,-1.3333E-02, 4.2267E+00, 1.3333E-01,
19:18:48.48329568, 1.3333E-02, 4.2400E+00, 1.3333E-01,
19:18:48.48329573, 0.0000E+00, 4.2267E+00, 0.0000E+00,
19:18:48.48329578, 0.0000E+00, 4.2000E+00, 1.3333E-01,
19:18:48.48329583,-1.3333E-02, 4.2267E+00,-1.3333E-01,
19:18:48.48329588,-1.3333E-02, 4.2267E+00, 0.0000E+00,
19:18:48.48329593,-1.3333E-02, 4.2133E+00, 4.0000E-01,
19:18:48.48329598,-1.3333E-02, 4.2000E+00,-1.3333E-01,
19:18:48.48329603,-1.3333E-02, 4.2267E+00, 2.6667E-01,
19:18:48.48329608, 2.6667E-02, 4.2133E+00, 1.3333E-01,
19:18:48.48329613,-2.6667E-02, 4.2400E+00,-1.3333E-01,
19:18:48.48329618, 0.0000E+00, 4.2267E+00, 0.0000E+00,
19:18:48.48329623, 0.0000E+00, 4.1867E+00, 2.6667E-01,
19:18:48.48329628, 1.3333E-02, 4.2000E+00, 0.0000E+00,
19:18:48.48329633,-2.6667E-02, 4.2000E+00, 2.6667E-01,
19:18:48.48329638, 2.6667E-02, 4.2133E+00, 4.0000E-01,
19:18:48.48329643, 0.0000E+00, 4.2133E+00, 0.0000E+00,
19:18:48.48329648,-2.6667E-02, 4.1867E+00, 4.0000E-01,
19:18:48.48329653,-4.0000E-02, 4.2267E+00, 2.6667E-01,
19:18:48.48329658, 1.3333E-02, 4.2133E+00, 0.0000E+00,
19:18:48.48329663,-2.6667E-02, 4.2267E+00,-2.6667E-01,
19:18:48.48329668,-1.3333E-02, 4.2133E+00, 1.3333E-01,
19:18:48.48329673,-1.3333E-02, 4.2133E+00, 0.0000E+00,
19:18:48.48329678, 1.3333E-02, 4.2133E+00, 0.0000E+00,
19:18:48.48329683, 0.0000E+00, 4.2400E+00, 1.3333E-01,
19:18:48.48329688, 0.0000E+00, 4.2400E+00, 1.3333E-01,
19:18:48.48329693, 0.0000E+00, 4.2267E+00, 4.0000E-01,
19:18:48.48329698,-1.3333E-02, 4.2133E+00, 0.0000E+00,
19:18:48.48329703, 0.0000E+00, 4.1867E+00, 0.0000E+00,
19:18:48.48329708,-1.3333E-02, 4.2400E+00, 2.6667E-01,
19:18:48.48329713,-1.3333E-02, 4.2133E+00, 1.3333E-01,
19:18:48.48329718,-1.3333E-02, 4.2133E+00, 2.6667E-01,
19:18:48.48329723, 0.0000E+00, 4.2267E+00, 1.3333E-01,
19:18:48.48329728, 0.0000E+00, 4.2133E+00, 1.3333E-01,
19:18:48.48329733, 2.6667E-02, 4.2267E+00, 4.0000E-01,
19:18:48.48329738, 1.3333E-02, 4.2133E+00, 0.0000E+00,
19:18:48.48329743,-2.6667E-02, 4.2000E+00, 1.3333E-01,
19:18:48.48329748, 0.0000E+00, 4.1733E+00, 1.3333E-01,
19:18:48.48329753,-1.3333E-02, 4.2133E+00, 0.0000E+00,
19:18:48.48329758, 0.0000E+00, 4.2133E+00, 1.3333E-01,
19:18:48.48329763, 1.3333E-02, 4.1867E+00, 1.3333E-01,
19:18:48.48329768, 0.0000E+00, 4.2400E+00, 1.3333E-01,
19:18:48.48329773,-1.3333E-02, 4.2267E+00, 2.6667E-01,
19:18:48.48329778, 2.6667E-02, 4.2267E+00, 1.3333E-01,
19:18:48.48329783, 0.0000E+00, 4.2133E+00, 4.0000E-01,
19:18:48.48329788, 2.6667E-02, 4.2133E+00, 4.0000E-01,
19:18:48.48329793, 0.0000E+00, 4.2000E+00, 2.6667E-01,
19:18:48.48329798,-1.3333E-02, 4.2400E+00, 2.6667E-01,
19:18:48.48329803, 0.0000E+00, 4.2133E+00,-2.6667E-01,
19:18:48.48329808,-2.6667E-02, 4.2267E+00, 2.6667E-01,
19:18:48.48329813,-2.6667E-02, 4.2133E+00, 0.0000E+00,
19:18:48.48329818, 0.0000E+00, 4.2267E+00, 1.3333E-01,
19:18:48.48329823, 1.3333E-02, 4.2133E+00, 0.0000E+00,
19:18:48.48329828, 1.3333E-02, 4.2133E+00, 1.3333E-01,
19:18:48.48329833,-1.3333E-02, 4.2133E+00, 2.6667E-01,
19:18:48.48329838,-1.3333E-02, 4.2400E+00, 1.3333E-01,
19:18:48.48329843,-2.6667E-02, 4.2267E+00, 1.3333E-01,
19:18:48.48329848,-4.0000E-02, 4.2000E+00,-1.3333E-01,
19:18:48.48329853,-2.6667E-02, 4.2267E+00, 0.0000E+00,
19:18:48.48329858,-1.3333E-02, 4.2400E+00, 1.3333E-01,
19:18:48.48329863, 1.3333E-02, 4.2133E+00, 1.3333E-01,
19:18:48.48329868, 1.3333E-02, 4.2133E+00, 2.6667E-01,
19:18:48.48329873, 2.6667E-02, 4.2400E+00, 4.0000E-01,
19:18:48.48329878,-2.6667E-02, 4.2000E+00, 1.3333E-01,
19:18:48.48329883,-1.3333E-02, 4.2000E+00, 2.6667E-01,
19:18:48.48329888,-4.0000E-02, 4.1733E+00, 0.0000E+00,
19:18:48.48329893,-1.3333E-02, 4.2133E+00, 1.3333E-01,
19:18:48.48329898,-1.3333E-02, 4.1867E+00, 0.0000E+00,
19:18:48.48329903,-1.3333E-02, 4.2267E+00, 1.3333E-01,
19:18:48.48329908, 0.0000E+00, 4.2133E+00, 2.6667E-01,
19:18:48.48329913, 1.3333E-02, 4.2267E+00, 0.0000E+00,
19:18:48.48329918,-1.3333E-02, 4.2000E+00, 1.3333E-01,
19:18:48.48329923,-1.3333E-02, 4.2000E+00, 1.3333E-01,
19:18:48.48329928,-4.0000E-02, 4.2267E+00, 0.0000E+00,
19:18:48.48329933,-2.6667E-02, 4.2267E+00, 2.6667E-01,
19:18:48.48329938,-1.3333E-02, 4.2267E+00, 1.3333E-01,
19:18:48.48329943, 1.3333E-02, 4.2400E+00, 4.0000E-01,
19:18:48.48329948,-1.3333E-02, 4.2267E+00,-2.6667E-01,
19:18:48.48329953,-1.3333E-02, 4.2000E+00, 1.3333E-01,
19:18:48.48329958, 0.0000E+00, 4.2133E+00, 2.6667E-01,
19:18:48.48329963,-1.3333E-02, 4.2400E+00, 1.3333E-01,
19:18:48.48329968, 0.0000E+00, 4.1867E+00,-1.3333E-01,
19:18:48.48329973, 0.0000E+00, 4.2267E+00, 1.3333E-01,
19:18:48.48329978, 5.3333E-02, 4.2267E+00, 2.6667E-01,
19:18:48.48329983, 0.0000E+00, 4.2000E+00, 1.3333E-01,
19:18:48.48329988, 1.3333E-02, 4.2267E+00, 0.0000E+00,
19:18:48.48329993,-1.3333E-02, 4.2400E+00, 1.3333E-01,
19:18:48.48329998,-1.3333E-02, 4.1867E+00, 0.0000E+00,
19:18:48.48330003, 0.0000E+00, 4.2533E+00, 0.0000E+00,
19:18:48.48330008, 1.3333E-02, 4.1867E+00,-1.3333E-01,
19:18:48.48330013,-1.3333E-02, 4.1867E+00,-1.3333E-01,
19:18:48.48330018,-2.6667E-02, 4.2133E+00, 0.0000E+00,
19:18:48.48330023, 1.3333E-02, 4.2267E+00, 0.0000E+00,
19:18:48.48330028,-1.3333E-02, 4.2133E+00, 5.3333E-01,
19:18:48.48330033, 0.0000E+00, 4.2000E+00,-1.3333E-01,
19:18:48.48330038,-1.3333E-02, 4.2133E+00, 4.0000E-01,
19:18:48.48330043,-4.0000E-02, 4.2133E+00,-2.6667E-01,
19:18:48.48330048,-4.0000E-02, 4.2400E+00, 0.0000E+00,
19:18:48.48330053,-2.6667E-02, 4.2133E+00, 1.3333E-01,
19:18:48.48330058, 1.3333E-02, 4.2267E+00, 1.3333E-01,
19:18:48.48330063,-1.3333E-02, 4.2133E+00, 2.6667E-01,
19:18:48.48330068,-1.3333E-02, 4.2267E+00, 0.0000E+00,
19:18:48.48330073, 2.6667E-02, 4.2133E+00, 2.6667E-01,
19:18:48.48330078, 1.3333E-02, 4.2267E+00, 1.3333E-01,
19:18:48.48330083,-1.3333E-02, 4.2533E+00, 4.0000E-01,
19:18:48.48330088, 1.3333E-02, 4.2400E+00,-1.3333E-01,
19:18:48.48330093,-1.3333E-02, 4.2133E+00, 0.0000E+00,
19:18:48.48330098, 0.0000E+00, 4.2133E+00, 0.0000E+00,
19:18:48.48330103, 1.3333E-02, 4.2267E+00, 0.0000E+00,
19:18:48.48330108, 1.3333E-02, 4.2133E+00, 0.0000E+00,
19:18:48.48330113, 0.0000E+00, 4.2267E+00, 0.0000E+00,
19:18:48.48330118,-1.3333E-02, 4.2267E+00, 1.3333E-01,
19:18:48.48330123, 1.3333E-02, 4.1733E+00, 0.0000E+00,
19:18:48.48330128, 0.0000E+00, 4.2267E+00, 1.3333E-01,
19:18:48.48330133, 0.0000E+00, 4.2267E+00, 1.3333E-01,
19:18:48.48330138,-1.3333E-02, 4.2133E+00, 0.0000E+00,
19:18:48.48330143, 1.3333E-02, 4.2267E+00, 0.0000E+00,
19:18:48.48330148,-1.3333E-02, 4.2533E+00, 2.6667E-01,
19:18:48.48330153, 0.0000E+00, 4.2000E+00, 1.3333E-01,
19:18:48.48330158,-2.6667E-02, 4.2267E+00, 2.6667E-01,
19:18:48.48330163, 1.3333E-02, 4.2133E+00, 2.6667E-01,
19:18:48.48330168, 2.6667E-02, 4.2133E+00, 0.0000E+00,
19:18:48.48330173,-1.3333E-02, 4.2133E+00, 1.3333E-01,
19:18:48.48330178, 0.0000E+00, 4.2133E+00, 2.6667E-01,
19:18:48.48330183, 1.3333E-02, 4.2133E+00, 1.3333E-01,
19:18:48.48330188,-2.6667E-02, 4.2133E+00, 2.6667E-01,
19:18:48.48330193,-1.3333E-02, 4.2267E+00,-1.3333E-01,
19:18:48.48330198, 1.3333E-02, 4.2267E+00, 2.6667E-01,
19:18:48.48330203, 1.3333E-02, 4.2000E+00, 4.0000E-01,
19:18:48.48330208,-2.6667E-02, 4.2000E+00, 1.3333E-01,
19:18:48.48330213, 0.0000E+00, 4.2400E+00, 0.0000E+00,
19:18:48.48330218, 0.0000E+00, 4.2400E+00, 2.6667E-01,
19:18:48.48330223,-1.3333E-02, 4.2133E+00, 4.0000E-01,
19:18:48.48330228, 1.3333E-02, 4.2133E+00, 2.6667E-01,
19:18:48.48330233,-1.3333E-02, 4.2133E+00, 0.0000E+00,
19:18:48.48330238,-1.3333E-02, 4.2267E+00,-2.6667E-01,
19:18:48.48330243,-2.6667E-02, 4.2133E+00, 0.0000E+00,
19:18:48.48330248,-2.6667E-02, 4.2133E+00, 0.0000E+00,
19:18:48.48330253,-1.3333E-02, 4.1733E+00, 2.6667E-01,
19:18:48.48330258,-1.3333E-02, 4.2400E+00, 1.3333E-01,
19:18:48.48330263, 1.3333E-02, 4.2000E+00, 0.0000E+00,
19:18:48.48330268, 0.0000E+00, 4.2133E+00, 4.0000E-01,
19:18:48.48330273,-1.3333E-02, 4.2267E+00, 1.3333E-01,
19:18:48.48330278, 0.0000E+00, 4.2133E+00, 2.6667E-01,
19:18:48.48330283,-2.6667E-02, 4.2000E+00, 0.0000E+00,
19:18:48.48330288,-2.6667E-02, 4.2133E+00,-2.6667E-01,
19:18:48.48330293, 0.0000E+00, 4.2133E+00,-2.6667E-01,
19:18:48.48330298,-1.3333E-02, 4.2000E+00, 0.0000E+00,
19:18:48.48330303, 0.0000E+00, 4.2133E+00, 2.6667E-01,
19:18:48.48330308, 0.0000E+00, 4.2400E+00, 1.3333E-01,
19:18:48.48330313, 2.6667E-02, 4.1867E+00,-1.3333E-01,
19:18:48.48330318, 0.0000E+00, 4.2267E+00,-1.3333E-01,
19:18:48.48330323,-2.6667E-02, 4.1867E+00, 5.3333E-01,
19:18:48.48330328, 0.0000E+00, 4.2133E+00, 1.3333E-01,
19:18:48.48330333,-1.3333E-02, 4.2267E+00, 0.0000E+00,
19:18:48.48330338,-1.3333E-02, 4.2267E+00, 1.3333E-01,
19:18:48.48330343, 0.0000E+00, 4.1867E+00, 4.0000E-01,
19:18:48.48330348, 0.0000E+00, 4.2133E+00, 0.0000E+00,
19:18:48.48330353, 0.0000E+00, 4.2133E+00, 1.3333E-01,
19:18:48.48330358,-1.3333E-02, 4.2267E+00, 1.3333E-01,
19:18:48.48330363, 1.3333E-02, 4.2133E+00, 2.6667E-01,
19:18:48.48330368,-1.3333E-02, 4.2267E+00, 1.3333E-01,
19:18:48.48330373, 5.3333E-02, 4.2267E+00, 0.0000E+00,
19:18:48.48330378, 1.3333E-02, 4.2133E+00, 0.0000E+00,
19:18:48.48330383,-1.3333E-02, 4.2267E+00,-2.6667E-01,
19:18:48.48330388, 1.3333E-02, 4.2267E+00, 0.0000E+00,
19:18:48.48330393,-1.3333E-02, 4.2400E+00, 0.0000E+00,
19:18:48.48330398, 1.3333E-02, 4.2133E+00, 0.0000E+00,
19:18:48.48330403, 0.0000E+00, 4.2133E+00, 0.0000E+00,
19:18:48.48330408, 2.6667E-02, 4.2133E+00, 0.0000E+00,
19:18:48.48330413, 1.3333E-02, 4.2267E+00, 0.0000E+00,
19:18:48.48330418,-1.3333E-02, 4.2267E+00, 2.6667E-01,
19:18:48.48330423, 2.6667E-02, 4.2533E+00, 2.6667E-01,
19:18:48.48330428,-2.6667E-02, 4.2533E+00, 2.6667E-01,
19:18:48.48330433, 0.0000E+00, 4.2267E+00, 0.0000E+00,
19:18:48.48330438, 1.3333E-02, 4.2133E+00, 5.3333E-01,
19:18:48.48330443,-1.3333E-02, 4.2267E+00, 1.3333E-01,
19:18:48.48330448,-2.6667E-02, 4.2133E+00, 5.3333E-01,
19:18:48.48330453, 1.3333E-02, 4.2133E+00,-1.3333E-01,
19:18:48.48330458, 0.0000E+00, 4.2133E+00, 0.0000E+00,
19:18:48.48330463, 1.3333E-02, 4.2267E+00, 0.0000E+00,
19:18:48.48330468, 1.3333E-02, 4.2400E+00, 1.3333E-01,
19:18:48.48330473, 0.0000E+00, 4.2000E+00, 2.6667E-01,
19:18:48.48330478,-1.3333E-02, 4.2267E+00, 0.0000E+00,
19:18:48.48330483, 1.3333E-02, 4.2400E+00, 0.0000E+00,
19:18:48.48330488, 1.3333E-02, 4.2000E+00, 4.0000E-01,
19:18:48.48330493, 2.6667E-02, 4.2000E+00, 1.3333E-01,
19:18:48.48330498, 2.6667E-02, 4.2000E+00, 2.6667E-01,
19:18:48.48330503, 4.0000E-02, 4.2000E+00, 0.0000E+00,
19:18:48.48330508, 1.3333E-02, 4.2400E+00, 1.3333E-01,
19:18:48.48330513, 2.6667E-02, 4.2133E+00,-1.3333E-01,
19:18:48.48330518,-2.6667E-02, 4.2267E+00,-2.6667E-01,
19:18:48.48330523, 0.0000E+00, 4.2133E+00, 1.3333E-01,
19:18:48.48330528,-1.3333E-02, 4.2000E+00, 2.6667E-01,
19:18:48.48330533,-2.6667E-02, 4.2133E+00, 1.3333E-01,
19:18:48.48330538, 2.6667E-02, 4.2133E+00, 0.0000E+00,
19:18:48.48330543, 2.6667E-02, 4.2400E+00, 0.0000E+00,
19:18:48.48330548, 0.0000E+00, 4.2133E+00, 1.3333E-01,
19:18:48.48330553,-1.3333E-02, 4.2267E+00, 0.0000E+00,
19:18:48.48330558,-1.3333E-02, 4.2267E+00, 2.6667E-01,
19:18:48.48330563, 0.0000E+00, 4.2267E+00, 1.3333E-01,
19:18:48.48330568,-1.3333E-02, 4.2267E+00, 1.3333E-01,
19:18:48.48330573, 0.0000E+00, 4.2267E+00, 2.6667E-01,
19:18:48.48330578, 1.3333E-02, 4.2267E+00, 0.0000E+00,
19:18:48.48330583,-2.6667E-02, 4.1867E+00, 2.6667E-01,
19:18:48.48330588, 1.3333E-02, 4.2133E+00,-1.3333E-01,
19:18:48.48330593, 4.0000E-02, 4.2000E+00, 0.0000E+00,
19:18:48.48330598, 0.0000E+00, 4.1867E+00, 0.0000E+00,
19:18:48.48330603, 1.3333E-02, 4.2000E+00, 1.3333E-01,
19:18:48.48330608, 0.0000E+00, 4.2000E+00, 1.3333E-01,
19:18:48.48330613,-1.3333E-02, 4.2133E+00, 1.3333E-01,
19:18:48.48330618,-1.3333E-02, 4.2133E+00, 5.3333E-01,
19:18:48.48330623,-1.3333E-02, 4.2267E+00, 5.3333E-01,
19:18:48.48330628,-1.3333E-02, 4.1867E+00, 0.0000E+00,
19:18:48.48330633,-1.3333E-02, 4.2133E+00, 0.0000E+00,
19:18:48.48330638,-1.3333E-02, 4.2133E+00, 1.3333E-01,
19:18:48.48330643, 1.3333E-02, 4.2133E+00, 2.6667E-01,
19:18:48.48330648, 0.0000E+00, 4.2133E+00, 2.6667E-01,
19:18:48.48330653, 2.6667E-02, 4.2133E+00,-1.3333E-01,
19:18:48.48330658, 1.3333E-02, 4.2267E+00, 1.3333E-01,
19:18:48.48330663,-2.6667E-02, 4.1867E+00, 1.3333E-01,
19:18:48.48330668, 0.0000E+00, 4.2000E+00, 0.0000E+00,
19:18:48.48330673, 1.3333E-02, 4.2133E+00, 1.3333E-01,
19:18:48.48330678, 1.3333E-02, 4.2133E+00, 1.3333E-01,
19:18:48.48330683,-4.0000E-02, 4.2267E+00, 1.3333E-01,
19:18:48.48330688, 0.0000E+00, 4.2000E+00, 1.3333E-01,
19:18:48.48330693,-1.3333E-02, 4.2400E+00, 0.0000E+00,
19:18:48.48330698, 1.3333E-02, 4.2000E+00, 1.3333E-01,
19:18:48.48330703, 1.3333E-02, 4.2133E+00, 1.3333E-01,
19:18:48.48330708, 2.6667E-02, 4.2400E+00,-1.3333E-01,
19:18:48.48330713, 0.0000E+00, 4.2267E+00, 2.6667E-01,
19:18:48.48330718,-2.6667E-02, 4.2267E+00, 1.3333E-01,
19:18:48.48330723,-4.0000E-02, 4.2133E+00,-1.3333E-01,
19:18:48.48330728,-1.3333E-02, 4.1867E+00,-1.3333E-01,
19:18:48.48330733,-1.3333E-02, 4.2000E+00,-1.3333E-01,
19:18:48.48330738,-1.3333E-02, 4.2000E+00, 1.3333E-01,
19:18:48.48330743, 1.3333E-02, 4.2000E+00, 2.6667E-01,
19:18:48.48330748, 0.0000E+00, 4.2267E+00, 2.6667E-01,
19:18:48.48330753,-2.6667E-02, 4.2533E+00, 0.0000E+00,
19:18:48.48330758, 1.3333E-02, 4.2133E+00, 4.0000E-01,
19:18:48.48330763,-5.3333E-02, 4.2000E+00,-1.3333E-01,
19:18:48.48330768, 0.0000E+00, 4.2000E+00, 1.3333E-01,
19:18:48.48330773, 0.0000E+00, 4.2000E+00, 0.0000E+00,
19:18:48.48330778,-1.3333E-02, 4.2000E+00,-1.3333E-01,
19:18:48.48330783, 1.3333E-02, 4.2267E+00, 0.0000E+00,
19:18:48.48330788, 0.0000E+00, 4.2267E+00, 0.0000E+00,
19:18:48.48330793, 4.0000E-02, 4.2000E+00, 1.3333E-01,
19:18:48.48330798, 1.3333E-02, 4.1867E+00, 0.0000E+00,
19:18:48.48330803, 0.0000E+00, 4.2267E+00, 1.3333E-01,
19:18:48.48330808, 0.0000E+00, 4.2133E+00, 2.6667E-01,
19:18:48.48330813,-2.6667E-02, 4.1867E+00,-1.3333E-01,
19:18:48.48330818, 0.0000E+00, 4.2133E+00,-1.3333E-01,
19:18:48.48330823, 1.3333E-02, 4.2133E+00,-1.3333E-01,
19:18:48.48330828, 0.0000E+00, 4.2133E+00, 1.3333E-01,
19:18:48.48330833, 0.0000E+00, 4.2267E+00, 1.3333E-01,
19:18:48.48330838, 0.0000E+00, 4.2133E+00, 1.3333E-01,
19:18:48.48330843,-1.3333E-02, 4.2133E+00, 0.0000E+00,
19:18:48.48330848, 0.0000E+00, 4.2267E+00, 5.3333E-01,
19:18:48.48330853,-4.0000E-02, 4.2400E+00, 4.0000E-01,
19:18:48.48330858, 0.0000E+00, 4.2133E+00, 1.3333E-01,
19:18:48.48330863, 0.0000E+00, 4.2133E+00, 2.6667E-01,
19:18:48.48330868, 0.0000E+00, 4.2000E+00, 5.3333E-01,
19:18:48.48330873, 2.6667E-02, 4.1867E+00, 1.3333E-01,
19:18:48.48330878,-1.3333E-02, 4.2000E+00, 2.6667E-01,
19:18:48.48330883, 1.3333E-02, 4.2400E+00,-1.3333E-01,
19:18:48.48330888, 2.6667E-02, 4.2000E+00,-1.3333E-01,
19:18:48.48330893, 0.0000E+00, 4.2133E+00, 1.3333E-01,
19:18:48.48330898,-1.3333E-02, 4.2267E+00, 5.3333E-01,
19:18:48.48330903, 2.6667E-02, 4.2000E+00,-1.3333E-01,
19:18:48.48330908, 2.6667E-02, 4.2400E+00, 4.0000E-01,
19:18:48.48330913,-1.3333E-02, 4.2400E+00, 1.3333E-01,
19:18:48.48330918, 2.6667E-02, 4.2133E+00, 1.3333E-01,
19:18:48.48330923,-1.3333E-02, 4.2133E+00,-1.3333E-01,
19:18:48.48330928, 2.6667E-02, 4.1733E+00, 5.3333E-01,
19:18:48.48330933, 2.6667E-02, 4.1867E+00, 1.3333E-01,
19:18:48.48330938, 1.3333E-02, 4.2267E+00, 1.3333E-01,
19:18:48.48330943, 0.0000E+00, 4.2400E+00, 1.3333E-01,
19:18:48.48330948, 0.0000E+00, 4.2133E+00, 2.6667E-01,
19:18:48.48330953, 1.3333E-02, 4.2400E+00, 2.6667E-01,
19:18:48.48330958, 0.0000E+00, 4.2133E+00, 1.3333E-01,
19:18:48.48330963, 0.0000E+00, 4.2400E+00, 1.3333E-01,
19:18:48.48330968, 0.0000E+00, 4.2267E+00, 2.6667E-01,
19:18:48.48330973, 1.3333E-02, 4.2133E+00,-1.3333E-01,
19:18:48.48330978, 1.3333E-02, 4.2133E+00, 0.0000E+00,
19:18:48.48330983, 2.6667E-02, 4.2133E+00, 0.0000E+00,
19:18:48.48330988, 0.0000E+00, 4.2133E+00, 0.0000E+00,
19:18:48.48330993, 0.0000E+00, 4.2133E+00, 4.0000E-01,
19:18:48.48330998,-1.3333E-02, 4.2267E+00, 2.6667E-01,
19:18:48.48331003,-1.3333E-02, 4.2000E+00, 2.6667E-01,
19:18:48.48331008,-1.3333E-02, 4.2000E+00,-2.6667E-01,
19:18:48.48331013,-1.3333E-02, 4.2000E+00, 2.6667E-01,
19:18:48.48331018, 0.0000E+00, 4.2267E+00, 1.3333E-01,
19:18:48.48331023, 0.0000E+00, 4.2133E+00, 0.0000E+00,
19:18:48.48331028, 1.3333E-02, 4.1867E+00, 0.0000E+00,
19:18:48.48331033, 0.0000E+00, 4.2000E+00, 1.3333E-01,
19:18:48.48331038, 2.6667E-02, 4.2000E+00, 0.0000E+00,
19:18:48.48331043,-2.6667E-02, 4.2133E+00, 0.0000E+00,
19:18:48.48331048, 0.0000E+00, 4.2400E+00, 4.0000E-01,
19:18:48.48331053,-2.6667E-02, 4.2000E+00, 4.0000E-01,
19:18:48.48331058, 0.0000E+00, 4.2000E+00, 1.3333E-01,
19:18:48.48331063,-1.3333E-02, 4.2000E+00,-1.3333E-01,
19:18:48.48331068, 0.0000E+00, 4.2133E+00,-2.6667E-01,
19:18:48.48331073, 0.0000E+00, 4.2267E+00,-1.3333E-01,
19:18:48.48331078, 1.3333E-02, 4.2267E+00, 1.3333E-01,
19:18:48.48331083, 0.0000E+00, 4.2400E+00, 4.0000E-01,
19:18:48.48331088, 2.6667E-02, 4.2000E+00, 2.6667E-01,
19:18:48.48331093, 1.3333E-02, 4.2267E+00,-1.3333E-01,
19:18:48.48331098,-2.6667E-02, 4.2267E+00, 2.6667E-01,
19:18:48.48331103,-1.3333E-02, 4.1733E+00, 1.3333E-01,
19:18:48.48331108, 1.3333E-02, 4.2000E+00,-2.6667E-01,
19:18:48.48331113, 1.3333E-02, 4.2133E+00, 0.0000E+00,
19:18:48.48331118,-2.6667E-02, 4.2133E+00,-1.3333E-01,
19:18:48.48331123, 1.3333E-02, 4.2133E+00, 1.3333E-01,
19:18:48.48331128, 2.6667E-02, 4.2400E+00, 1.3333E-01,
19:18:48.48331133,-1.3333E-02, 4.2267E+00, 4.0000E-01,
19:18:48.48331138,-2.6667E-02, 4.2400E+00, 4.0000E-01,
19:18:48.48331143,-1.3333E-02, 4.2533E+00,-1.3333E-01,
19:18:48.48331148,-1.3333E-02, 4.2000E+00, 4.0000E-01,
19:18:48.48331153, 0.0000E+00, 4.2133E+00, 1.3333E-01,
19:18:48.48331158, 0.0000E+00, 4.2000E+00,-1.3333E-01,
19:18:48.48331163, 0.0000E+00, 4.2267E+00, 2.6667E-01,
19:18:48.48331168, 0.0000E+00, 4.2133E+00, 0.0000E+00,
19:18:48.48331173, 1.3333E-02, 4.2000E+00, 2.6667E-01,
19:18:48.48331178, 0.0000E+00, 4.1867E+00, 0.0000E+00,
19:18:48.48331183, 4.0000E-02, 4.2267E+00, 0.0000E+00,
19:18:48.48331188, 0.0000E+00, 4.2133E+00, 2.6667E-01,
19:18:48.48331193,-4.0000E-02, 4.2000E+00, 2.6667E-01,
19:18:48.48331198,-4.0000E-02, 4.2133E+00, 1.3333E-01,
19:18:48.48331203,-4.0000E-02, 4.1867E+00, 1.3333E-01,
19:18:48.48331208, 0.0000E+00, 4.2267E+00, 1.3333E-01,
19:18:48.48331213, 0.0000E+00, 4.2000E+00, 1.3333E-01,
19:18:48.48331218, 4.0000E-02, 4.2000E+00, 1.3333E-01,
19:18:48.48331223, 0.0000E+00, 4.2267E+00, 1.3333E-01,
19:18:48.48331228, 0.0000E+00, 4.1867E+00, 0.0000E+00,
19:18:48.48331233, 0.0000E+00, 4.2400E+00, 1.3333E-01,
19:18:48.48331238,-1.3333E-02, 4.2000E+00, 2.6667E-01,
19:18:48.48331243,-1.3333E-02, 4.2133E+00, 2.6667E-01,
19:18:48.48331248,-2.6667E-02, 4.1867E+00, 0.0000E+00,
19:18:48.48331253, 0.0000E+00, 4.2267E+00, 4.0000E-01,
19:18:48.48331258,-1.3333E-02, 4.2000E+00,-1.3333E-01,
19:18:48.48331263, 0.0000E+00, 4.1867E+00, 1.3333E-01,
19:18:48.48331268, 4.0000E-02, 4.2133E+00, 0.0000E+00,
19:18:48.48331273, 1.3333E-02, 4.2400E+00, 4.0000E-01,
19:18:48.48331278, 1.3333E-02, 4.2267E+00, 1.3333E-01,
19:18:48.48331283,-1.3333E-02, 4.2267E+00, 1.3333E-01,
19:18:48.48331288, 0.0000E+00, 4.2267E+00, 1.3333E-01,
19:18:48.48331293, 1.3333E-02, 4.2000E+00, 4.0000E-01,
19:18:48.48331298, 0.0000E+00, 4.2133E+00, 1.3333E-01,
19:18:48.48331303,-1.3333E-02, 4.2133E+00, 0.0000E+00,
19:18:48.48331308,-1.3333E-02, 4.2267E+00, 1.3333E-01,
19:18:48.48331313, 2.6667E-02, 4.2133E+00,-2.6667E-01,
19:18:48.48331318, 1.3333E-02, 4.2133E+00, 2.6667E-01,
19:18:48.48331323, 1.3333E-02, 4.2267E+00, 0.0000E+00,
19:18:48.48331328, 1.3333E-02, 4.2267E+00, 0.0000E+00,
19:18:48.48331333,-2.6667E-02, 4.2133E+00, 0.0000E+00,
19:18:48.48331338, 0.0000E+00, 4.2267E+00, 2.6667E-01,
19:18:48.48331343,-1.3333E-02, 4.2267E+00, 0.0000E+00,
19:18:48.48331348,-6.6667E-02, 4.2267E+00, 0.0000E+00,
19:18:48.48331353, 0.0000E+00, 4.2000E+00, 5.3333E-01,
19:18:48.48331358,-2.6667E-02, 4.2133E+00, 1.3333E-01,
19:18:48.48331363, 1.3333E-02, 4.2133E+00, 4.0000E-01,
19:18:48.48331368, 2.6667E-02, 4.2133E+00, 4.0000E-01,
19:18:48.48331373, 1.3333E-02, 4.2133E+00, 5.3333E-01,
19:18:48.48331378,-1.3333E-02, 4.2267E+00, 2.6667E-01,
19:18:48.48331383,-1.3333E-02, 4.2133E+00, 1.3333E-01,
19:18:48.48331388,-1.3333E-02, 4.2267E+00, 2.6667E-01,
19:18:48.48331393,-1.3333E-02, 4.2133E+00, 4.0000E-01,
19:18:48.48331398, 1.3333E-02, 4.2000E+00, 0.0000E+00,
19:18:48.48331403, 0.0000E+00, 4.2533E+00, 6.6667E-01,
19:18:48.48331408, 2.6667E-02, 4.2400E+00, 2.6667E-01,
19:18:48.48331413, 1.3333E-02, 4.1867E+00,-1.3333E-01,
19:18:48.48331418, 1.3333E-02, 4.2400E+00, 0.0000E+00,
19:18:48.48331423, 0.0000E+00, 4.2267E+00,-1.3333E-01,
19:18:48.48331428, 4.0000E-02, 4.2267E+00, 0.0000E+00,
19:18:48.48331433,-5.3333E-02, 4.2400E+00, 2.6667E-01,
19:18:48.48331438,-1.3333E-02, 4.2133E+00, 2.6667E-01,
19:18:48.48331443, 0.0000E+00, 4.1867E+00, 1.3333E-01,
19:18:48.48331448, 0.0000E+00, 4.2000E+00,-2.6667E-01,
19:18:48.48331453,-1.3333E-02, 4.2533E+00,-2.6667E-01,
19:18:48.48331458, 1.3333E-02, 4.2133E+00, 1.3333E-01,
19:18:48.48331463, 1.3333E-02, 4.2133E+00, 2.6667E-01,
19:18:48.48331468,-1.3333E-02, 4.2400E+00, 0.0000E+00,
19:18:48.48331473,-1.3333E-02, 4.2267E+00, 2.6667E-01,
19:18:48.48331478,-1.3333E-02, 4.2133E+00, 0.0000E+00,
19:18:48.48331483, 0.0000E+00, 4.2000E+00, 1.3333E-01,
19:18:48.48331488,-2.6667E-02, 4.2000E+00, 1.3333E-01,
19:18:48.48331493,-1.3333E-02, 4.2000E+00, 1.3333E-01,
19:18:48.48331498, 1.3333E-02, 4.2267E+00, 1.3333E-01,
19:18:48.48331503,-4.0000E-02, 4.2000E+00, 2.6667E-01,
19:18:48.48331508, 2.6667E-02, 4.2133E+00, 0.0000E+00,
19:18:48.48331513,-1.3333E-02, 4.2133E+00,-1.3333E-01,
19:18:48.48331518, 0.0000E+00, 4.2267E+00,-1.3333E-01,
19:18:48.48331523, 2.6667E-02, 4.2133E+00, 4.0000E-01,
19:18:48.48331528,-2.6667E-02, 4.2133E+00, 1.3333E-01,
19:18:48.48331533,-4.0000E-02, 4.2000E+00, 0.0000E+00,
19:18:48.48331538,-2.6667E-02, 4.1867E+00, 1.3333E-01,
19:18:48.48331543,-1.3333E-02, 4.2000E+00, 1.3333E-01,
19:18:48.48331548, 0.0000E+00, 4.2000E+00,-1.3333E-01,
19:18:48.48331553,-1.3333E-02, 4.2000E+00, 0.0000E+00,
19:18:48.48331558,-1.3333E-02, 4.2267E+00, 4.0000E-01,
19:18:48.48331563, 1.3333E-02, 4.2000E+00,-1.3333E-01,
19:18:48.48331568, 1.3333E-02, 4.2000E+00, 1.3333E-01,
19:18:48.48331573,-1.3333E-02, 4.2400E+00, 0.0000E+00,
19:18:48.48331578, 1.3333E-02, 4.2267E+00, 1.3333E-01,
19:18:48.48331583,-1.3333E-02, 4.2000E+00, 0.0000E+00,
19:18:48.48331588, 1.3333E-02, 4.2133E+00, 1.3333E-01,
19:18:48.48331593,-1.3333E-02, 4.2267E+00, 1.3333E-01,
19:18:48.48331598, 2.6667E-02, 4.2133E+00, 4.0000E-01,
19:18:48.48331603, 4.0000E-02, 4.2400E+00, 4.0000E-01,
19:18:48.48331608, 1.3333E-02, 4.2133E+00, 0.0000E+00,
19:18:48.48331613, 0.0000E+00, 4.2133E+00,-2.6667E-01,
19:18:48.48331618, 1.3333E-02, 4.2267E+00, 2.6667E-01,
19:18:48.48331623, 0.0000E+00, 4.2400E+00, 1.3333E-01,
19:18:48.48331628,-2.6667E-02, 4.2133E+00, 0.0000E+00,
19:18:48.48331633, 0.0000E+00, 4.2133E+00, 4.0000E-01,
19:18:48.48331638, 0.0000E+00, 4.2267E+00, 2.6667E-01,
19:18:48.48331643,-2.6667E-02, 4.2133E+00, 1.3333E-01,
19:18:48.48331648,-1.3333E-02, 4.2000E+00, 2.6667E-01,
19:18:48.48331653,-1.3333E-02, 4.2267E+00,-1.3333E-01,
19:18:48.48331658, 0.0000E+00, 4.2000E+00, 1.3333E-01,
19:18:48.48331663, 2.6667E-02, 4.2000E+00, 1.3333E-01,
19:18:48.48331668, 2.6667E-02, 4.1867E+00, 0.0000E+00,
19:18:48.48331673,-1.3333E-02, 4.2267E+00, 2.6667E-01,
19:18:48.48331678,-1.3333E-02, 4.2133E+00, 4.0000E-01,
19:18:48.48331683, 0.0000E+00, 4.2000E+00, 1.3333E-01,
19:18:48.48331688,-2.6667E-02, 4.2133E+00, 2.6667E-01,
19:18:48.48331693, 2.6667E-02, 4.2133E+00, 4.0000E-01,
19:18:48.48331698, 1.3333E-02, 4.2000E+00, 1.3333E-01,
19:18:48.48331703, 1.3333E-02, 4.2000E+00, 2.6667E-01,
19:18:48.48331708, 0.0000E+00, 4.1867E+00, 1.3333E-01,
19:18:48.48331713, 0.0000E+00, 4.2400E+00, 2.6667E-01,
19:18:48.48331718,-1.3333E-02, 4.1867E+00, 2.6667E-01,
19:18:48.48331723,-4.0000E-02, 4.2133E+00, 2.6667E-01,
19:18:48.48331728,-2.6667E-02, 4.2133E+00, 1.3333E-01,
19:18:48.48331733, 0.0000E+00, 4.2000E+00,-1.3333E-01,
19:18:48.48331738, 0.0000E+00, 4.1600E+00, 2.6667E-01,
19:18:48.48331743, 0.0000E+00, 4.2267E+00, 1.3333E-01,
19:18:48.48331748, 1.3333E-02, 4.2400E+00,-1.3333E-01,
19:18:48.48331753, 2.6667E-02, 4.2400E+00,-4.0000E-01,
19:18:48.48331758, 0.0000E+00, 4.2133E+00, 0.0000E+00,
19:18:48.48331763,-1.3333E-02, 4.2400E+00, 1.3333E-01,
19:18:48.48331768,-1.3333E-02, 4.2133E+00,-1.3333E-01,
19:18:48.48331773, 0.0000E+00, 4.2000E+00,-1.3333E-01,
19:18:48.48331778,-1.3333E-02, 4.2000E+00, 0.0000E+00,
19:18:48.48331783, 2.6667E-02, 4.2267E+00, 2.6667E-01,
19:18:48.48331788, 1.3333E-02, 4.2133E+00, 2.6667E-01,
19:18:48.48331793, 0.0000E+00, 4.2133E+00, 0.0000E+00,
19:18:48.48331798, 2.6667E-02, 4.2133E+00, 0.0000E+00,
19:18:48.48331803, 0.0000E+00, 4.2133E+00, 2.6667E-01,
19:18:48.48331808,-4.0000E-02, 4.2533E+00, 2.6667E-01,
19:18:48.48331813, 0.0000E+00, 4.2400E+00, 4.0000E-01,
19:18:48.48331818, 0.0000E+00, 4.2133E+00, 0.0000E+00,
19:18:48.48331823, 1.3333E-02, 4.2267E+00, 2.6667E-01,
19:18:48.48331828,-1.3333E-02, 4.2133E+00, 2.6667E-01,
19:18:48.48331833, 0.0000E+00, 4.2267E+00, 1.3333E-01,
19:18:48.48331838, 2.6667E-02, 4.2267E+00, 2.6667E-01,
19:18:48.48331843, 2.6667E-02, 4.2133E+00,-1.3333E-01,
19:18:48.48331848, 1.3333E-02, 4.2267E+00,-2.6667E-01,
19:18:48.48331853, 2.6667E-02, 4.2133E+00, 2.6667E-01,
19:18:48.48331858,-2.6667E-02, 4.2133E+00,-1.3333E-01,
19:18:48.48331863,-1.3333E-02, 4.2000E+00, 2.6667E-01,
19:18:48.48331868,-1.3333E-02, 4.2267E+00, 0.0000E+00,
19:18:48.48331873, 0.0000E+00, 4.2400E+00, 4.0000E-01,
19:18:48.48331878,-2.6667E-02, 4.2000E+00, 0.0000E+00,
19:18:48.48331883,-1.3333E-02, 4.2133E+00, 1.3333E-01,
19:18:48.48331888, 0.0000E+00, 4.2133E+00, 2.6667E-01,
19:18:48.48331893, 1.3333E-02, 4.2000E+00, 0.0000E+00,
19:18:48.48331898, 0.0000E+00, 4.2000E+00, 1.3333E-01,
19:18:48.48331903, 0.0000E+00, 4.2133E+00, 2.6667E-01,
19:18:48.48331908, 0.0000E+00, 4.2000E+00, 0.0000E+00,
19:18:48.48331913,-2.6667E-02, 4.2400E+00,-1.3333E-01,
19:18:48.48331918,-2.6667E-02, 4.2133E+00, 0.0000E+00,
19:18:48.48331923,-1.3333E-02, 4.2000E+00, 4.0000E-01,
19:18:48.48331928,-1.3333E-02, 4.2267E+00, 2.6667E-01,
19:18:48.48331933,-1.3333E-02, 4.2400E+00, 1.3333E-01,
19:18:48.48331938, 2.6667E-02, 4.2000E+00, 0.0000E+00,
19:18:48.48331943,-1.3333E-02, 4.2267E+00, 0.0000E+00,
19:18:48.48331948, 2.6667E-02, 4.2000E+00, 1.3333E-01,
19:18:48.48331953, 0.0000E+00, 4.1867E+00, 2.6667E-01,
19:18:48.48331958, 1.3333E-02, 4.2267E+00, 0.0000E+00,
19:18:48.48331963,-1.3333E-02, 4.2400E+00, 0.0000E+00,
19:18:48.48331968,-1.3333E-02, 4.2000E+00, 2.6667E-01,
19:18:48.48331973, 0.0000E+00, 4.1867E+00, 5.3333E-01,
19:18:48.48331978, 0.0000E+00, 4.2133E+00, 4.0000E-01,
19:18:48.48331983,-1.3333E-02, 4.2267E+00, 0.0000E+00,
19:18:48.48331988, 0.0000E+00, 4.2133E+00,-4.0000E-01,
19:18:48.48331993, 1.3333E-02, 4.2133E+00, 2.6667E-01,
19:18:48.48331998,-1.3333E-02, 4.2267E+00, 1.3333E-01,
19:18:48.48332003, 1.3333E-02, 4.2133E+00, 1.3333E-01,
19:18:48.48332008,-1.3333E-02, 4.2133E+00,-1.3333E-01,
19:18:48.48332013,-2.6667E-02, 4.2267E+00, 0.0000E+00,
19:18:48.48332018,-2.6667E-02, 4.2267E+00, 0.0000E+00,
19:18:48.48332023,-1.3333E-02, 4.2400E+00, 1.3333E-01,
19:18:48.48332028, 0.0000E+00, 4.2267E+00, 1.3333E-01,
19:18:48.48332033, 1.3333E-02, 4.2267E+00,-4.0000E-01,
19:18:48.48332038, 1.3333E-02, 4.2000E+00, 2.6667E-01,
19:18:48.48332043, 0.0000E+00, 4.2000E+00, 1.3333E-01,
19:18:48.48332048, 2.6667E-02, 4.2133E+00, 1.3333E-01,
19:18:48.48332053,-2.6667E-02, 4.2000E+00, 1.3333E-01,
19:18:48.48332058,-4.0000E-02, 4.2400E+00, 2.6667E-01,
19:18:48.48332063,-2.6667E-02, 4.2267E+00, 0.0000E+00,
19:18:48.48332068, 0.0000E+00, 4.2267E+00, 0.0000E+00,
19:18:48.48332073,-1.3333E-02, 4.2000E+00, 6.6667E-01,
19:18:48.48332078, 0.0000E+00, 4.2000E+00,-1.3333E-01,
19:18:48.48332083, 2.6667E-02, 4.2133E+00, 2.6667E-01,
19:18:48.48332088, 1.3333E-02, 4.2133E+00, 2.6667E-01,
19:18:48.48332093,-4.0000E-02, 4.1867E+00, 2.6667E-01,
19:18:48.48332098, 2.6667E-02, 4.2133E+00, 1.3333E-01,
19:18:48.48332103,-2.6667E-02, 4.2000E+00, 0.0000E+00,
19:18:48.48332108,-1.3333E-02, 4.2133E+00, 4.0000E-01,
19:18:48.48332113,-1.3333E-02, 4.2400E+00, 5.3333E-01,
19:18:48.48332118, 1.3333E-02, 4.2667E+00, 1.3333E-01,
19:18:48.48332123, 0.0000E+00, 4.2000E+00, 2.6667E-01,
19:18:48.48332128, 2.6667E-02, 4.2133E+00, 0.0000E+00,
19:18:48.48332133, 0.0000E+00, 4.2000E+00, 0.0000E+00,
19:18:48.48332138, 0.0000E+00, 4.1867E+00, 2.6667E-01,
19:18:48.48332143, 1.3333E-02, 4.2000E+00, 0.0000E+00,
19:18:48.48332148,-1.3333E-02, 4.2267E+00,-2.6667E-01,
19:18:48.48332153,-2.6667E-02, 4.1733E+00, 0.0000E+00,
19:18:48.48332158,-2.6667E-02, 4.2133E+00, 0.0000E+00,
19:18:48.48332163, 1.3333E-02, 4.2000E+00, 4.0000E-01,
19:18:48.48332168,-2.6667E-02, 4.2267E+00,-1.3333E-01,
19:18:48.48332173,-1.3333E-02, 4.2133E+00, 1.3333E-01,
19:18:48.48332178, 1.3333E-02, 4.2267E+00, 4.0000E-01,
19:18:48.48332183, 4.0000E-02, 4.1867E+00,-2.6667E-01,
19:18:48.48332188, 2.6667E-02, 4.2267E+00, 0.0000E+00,
19:18:48.48332193, 0.0000E+00, 4.2000E+00, 2.6667E-01,
19:18:48.48332198,-1.3333E-02, 4.2000E+00, 0.0000E+00,
19:18:48.48332203,-2.6667E-02, 4.2133E+00, 1.3333E-01,
19:18:48.48332208, 0.0000E+00, 4.2267E+00, 5.3333E-01,
19:18:48.48332213,-1.3333E-02, 4.2400E+00, 0.0000E+00,
19:18:48.48332218, 1.3333E-02, 4.2000E+00, 1.3333E-01,
19:18:48.48332223,-1.3333E-02, 4.2000E+00, 2.6667E-01,
19:18:48.48332228,-1.3333E-02, 4.2533E+00, 2.6667E-01,
19:18:48.48332233, 1.3333E-02, 4.2267E+00,-1.3333E-01,
19:18:48.48332238, 0.0000E+00, 4.2133E+00, 1.3333E-01,
19:18:48.48332243, 0.0000E+00, 4.2267E+00,-1.3333E-01,
19:18:48.48332248, 1.3333E-02, 4.2267E+00, 0.0000E+00,
19:18:48.48332253,-1.3333E-02, 4.1867E+00, 2.6667E-01,
19:18:48.48332258,-1.3333E-02, 4.2000E+00, 0.0000E+00,
19:18:48.48332263, 2.6667E-02, 4.2400E+00, 4.0000E-01,
19:18:48.48332268, 1.3333E-02, 4.2400E+00,-1.3333E-01,
19:18:48.48332273,-1.3333E-02, 4.2000E+00, 6.6667E-01,
19:18:48.48332278,-1.3333E-02, 4.2000E+00, 4.0000E-01,
19:18:48.48332283, 0.0000E+00, 4.1867E+00, 1.3333E-01,
19:18:48.48332288, 0.0000E+00, 4.1867E+00, 0.0000E+00,
19:18:48.48332293,-5.3333E-02, 4.2267E+00, 0.0000E+00,
19:18:48.48332298,-1.3333E-02, 4.2000E+00, 2.6667E-01,
19:18:48.48332303, 0.0000E+00, 4.2133E+00, 0.0000E+00,
19:18:48.48332308,-2.6667E-02, 4.2133E+00, 1.3333E-01,
19:18:48.48332313, 1.3333E-02, 4.2400E+00, 4.0000E-01,
19:18:48.48332318, 2.6667E-02, 4.2000E+00, 2.6667E-01,
19:18:48.48332323,-1.3333E-02, 4.2267E+00, 1.3333E-01,
19:18:48.48332328,-1.3333E-02, 4.2000E+00, 1.3333E-01,
19:18:48.48332333, 0.0000E+00, 4.2133E+00, 0.0000E+00,
19:18:48.48332338, 0.0000E+00, 4.2133E+00, 0.0000E+00,
19:18:48.48332343,-2.6667E-02, 4.2000E+00, 1.3333E-01,
19:18:48.48332348, 0.0000E+00, 4.2133E+00, 2.6667E-01,
19:18:48.48332353, 0.0000E+00, 4.2133E+00, 2.6667E-01,
19:18:48.48332358,-4.0000E-02, 4.2133E+00, 1.3333E-01,
19:18:48.48332363, 1.3333E-02, 4.2000E+00, 5.3333E-01,
19:18:48.48332368, 1.3333E-02, 4.2133E+00,-2.6667E-01,
19:18:48.48332373, 0.0000E+00, 4.2000E+00, 1.3333E-01,
19:18:48.48332378, 4.0000E-02, 4.1867E+00, 4.0000E-01,
19:18:48.48332383,-1.3333E-02, 4.2000E+00, 1.3333E-01,
19:18:48.48332388,-4.0000E-02, 4.2000E+00, 0.0000E+00,
19:18:48.48332393,-2.6667E-02, 4.2267E+00, 1.3333E-01,
19:18:48.48332398, 0.0000E+00, 4.2533E+00, 2.6667E-01,
19:18:48.48332403,-2.6667E-02, 4.2400E+00, 1.3333E-01,
19:18:48.48332408,-2.6667E-02, 4.2133E+00,-1.3333E-01,
19:18:48.48332413, 1.3333E-02, 4.2400E+00, 1.3333E-01,
19:18:48.48332418,-1.3333E-02, 4.2400E+00, 1.3333E-01,
19:18:48.48332423, 1.3333E-02, 4.2267E+00, 0.0000E+00,
19:18:48.48332428,-2.6667E-02, 4.2133E+00, 1.3333E-01,
19:18:48.48332433,-1.3333E-02, 4.2267E+00, 0.0000E+00,
19:18:48.48332438,-1.3333E-02, 4.2133E+00, 1.3333E-01,
19:18:48.48332443,-2.6667E-02, 4.1733E+00, 1.3333E-01,
19:18:48.48332448,-4.0000E-02, 4.2133E+00, 1.3333E-01,
19:18:48.48332453, 0.0000E+00, 4.2000E+00, 2.6667E-01,
19:18:48.48332458, 0.0000E+00, 4.1867E+00, 2.6667E-01,
19:18:48.48332463, 1.3333E-02, 4.2000E+00, 2.6667E-01,
19:18:48.48332468,-2.6667E-02, 4.2000E+00, 0.0000E+00,
19:18:48.48332473,-4.0000E-02, 4.2000E+00,-2.6667E-01,
19:18:48.48332478,-1.3333E-02, 4.2533E+00, 0.0000E+00,
19:18:48.48332483,-4.0000E-02, 4.1867E+00, 0.0000E+00,
19:18:48.48332488,-2.6667E-02, 4.2267E+00, 0.0000E+00,
19:18:48.48332493, 1.3333E-02, 4.2133E+00, 1.3333E-01,
19:18:48.48332498, 0.0000E+00, 4.2133E+00,-1.3333E-01,
19:18:48.48332503,-1.3333E-02, 4.2000E+00, 0.0000E+00,
19:18:48.48332508, 1.3333E-02, 4.2267E+00, 2.6667E-01,
19:18:48.48332513, 1.3333E-02, 4.2267E+00, 2.6667E-01,
19:18:48.48332518, 0.0000E+00, 4.2400E+00, 1.3333E-01,
19:18:48.48332523, 1.3333E-02, 4.2267E+00,-1.3333E-01,
19:18:48.48332528,-1.3333E-02, 4.2533E+00,-2.6667E-01,
19:18:48.48332533,-2.6667E-02, 4.2267E+00,-1.3333E-01,
19:18:48.48332538,-2.6667E-02, 4.2133E+00,-1.3333E-01,
19:18:48.48332543, 1.3333E-02, 4.2400E+00, 1.3333E-01,
19:18:48.48332548,-1.3333E-02, 4.2000E+00, 0.0000E+00,
19:18:48.48332553, 0.0000E+00, 4.2267E+00, 2.6667E-01,
19:18:48.48332558, 1.3333E-02, 4.2267E+00, 1.3333E-01,
19:18:48.48332563,-1.3333E-02, 4.2000E+00, 1.3333E-01,
19:18:48.48332568, 2.6667E-02, 4.1733E+00, 1.3333E-01,
19:18:48.48332573, 1.3333E-02, 4.2133E+00, 1.3333E-01,
19:18:48.48332578, 0.0000E+00, 4.2000E+00, 0.0000E+00,
19:18:48.48332583,-2.6667E-02, 4.2267E+00, 1.3333E-01,
19:18:48.48332588,-1.3333E-02, 4.2000E+00, 0.0000E+00,
19:18:48.48332593,-1.3333E-02, 4.2400E+00, 4.0000E-01,
19:18:48.48332598, 1.3333E-02, 4.2267E+00, 2.6667E-01,
19:18:48.48332603,-1.3333E-02, 4.2667E+00, 5.3333E-01,
19:18:48.48332608,-1.3333E-02, 4.2000E+00, 4.0000E-01,
19:18:48.48332613, 1.3333E-02, 4.2000E+00, 2.6667E-01,
19:18:48.48332618,-1.3333E-02, 4.2133E+00, 0.0000E+00,
19:18:48.48332623, 0.0000E+00, 4.1867E+00, 0.0000E+00,
19:18:48.48332628,-2.6667E-02, 4.2400E+00, 2.6667E-01,
19:18:48.48332633,-1.3333E-02, 4.2267E+00, 0.0000E+00,
19:18:48.48332638, 0.0000E+00, 4.2400E+00, 2.6667E-01,
19:18:48.48332643,-1.3333E-02, 4.2267E+00,-2.6667E-01,
19:18:48.48332648,-1.3333E-02, 4.2000E+00, 4.0000E-01,
19:18:48.48332653,-1.3333E-02, 4.2000E+00, 2.6667E-01,
19:18:48.48332658, 0.0000E+00, 4.2533E+00, 0.0000E+00,
19:18:48.48332663, 1.3333E-02, 4.2267E+00, 0.0000E+00,
19:18:48.48332668, 0.0000E+00, 4.2000E+00,-2.6667E-01,
19:18:48.48332673, 0.0000E+00, 4.2133E+00, 0.0000E+00,
19:18:48.48332678,-1.3333E-02, 4.2133E+00, 1.3333E-01,
19:18:48.48332683, 0.0000E+00, 4.2267E+00, 4.0000E-01,
19:18:48.48332688, 1.3333E-02, 4.2267E+00,-1.3333E-01,
19:18:48.48332693, 1.3333E-02, 4.2267E+00, 0.0000E+00,
19:18:48.48332698, 2.6667E-02, 4.2000E+00,-2.6667E-01,
19:18:48.48332703, 0.0000E+00, 4.2133E+00, 4.0000E-01,
19:18:48.48332708, 0.0000E+00, 4.2133E+00, 2.6667E-01,
19:18:48.48332713, 0.0000E+00, 4.2133E+00, 2.6667E-01,
19:18:48.48332718, 0.0000E+00, 4.2267E+00, 0.0000E+00,
19:18:48.48332723, 2.6667E-02, 4.2000E+00, 2.6667E-01,
19:18:48.48332728,-1.3333E-02, 4.1733E+00,-2.6667E-01,
19:18:48.48332733,-2.6667E-02, 4.2133E+00, 0.0000E+00,
19:18:48.48332738,-2.6667E-02, 4.2133E+00, 1.3333E-01,
19:18:48.48332743, 0.0000E+00, 4.2267E+00, 2.6667E-01,
19:18:48.48332748,-1.3333E-02, 4.2133E+00, 0.0000E+00,
19:18:48.48332753, 0.0000E+00, 4.2000E+00, 4.0000E-01,
19:18:48.48332758, 0.0000E+00, 4.2000E+00, 1.3333E-01,
19:18:48.48332763, 4.0000E-02, 4.2400E+00,-1.3333E-01,
19:18:48.48332768,-4.0000E-02, 4.2133E+00, 5.3333E-01,
19:18:48.48332773,-4.0000E-02, 4.2267E+00, 0.0000E+00,
19:18:48.48332778, 0.0000E+00, 4.2667E+00, 0.0000E+00,
19:18:48.48332783,-1.3333E-02, 4.2000E+00, 4.0000E-01,
19:18:48.48332788, 0.0000E+00, 4.2267E+00, 2.6667E-01,
19:18:48.48332793,-1.3333E-02, 4.2133E+00, 1.3333E-01,
19:18:48.48332798, 0.0000E+00, 4.2000E+00, 4.0000E-01,
19:18:48.48332803,-1.3333E-02, 4.2133E+00, 4.0000E-01,
19:18:48.48332808,-1.3333E-02, 4.2133E+00, 0.0000E+00,
19:18:48.48332813,-2.6667E-02, 4.2133E+00, 1.3333E-01,
19:18:48.48332818,-1.3333E-02, 4.2133E+00, 1.3333E-01,
19:18:48.48332823,-1.3333E-02, 4.2133E+00,-1.3333E-01,
19:18:48.48332828,-2.6667E-02, 4.2267E+00, 2.6667E-01,
19:18:48.48332833, 1.3333E-02, 4.2133E+00,-2.6667E-01,
19:18:48.48332838, 1.3333E-02, 4.2533E+00, 1.3333E-01,
19:18:48.48332843, 2.6667E-02, 4.2533E+00, 4.0000E-01,
19:18:48.48332848, 1.3333E-02, 4.2667E+00, 2.6667E-01,
19:18:48.48332853, 1.3333E-02, 4.2267E+00, 1.3333E-01,
19:18:48.48332858, 1.3333E-02, 4.2267E+00, 2.6667E-01,
19:18:48.48332863,-1.3333E-02, 4.2267E+00, 1.3333E-01,
19:18:48.48332868,-4.0000E-02, 4.2000E+00, 0.0000E+00,
19:18:48.48332873,-2.6667E-02, 4.2133E+00, 0.0000E+00,
19:18:48.48332878, 0.0000E+00, 4.2133E+00, 1.3333E-01,
19:18:48.48332883, 0.0000E+00, 4.2000E+00, 1.3333E-01,
19:18:48.48332888, 2.6667E-02, 4.2400E+00, 0.0000E+00,
19:18:48.48332893, 0.0000E+00, 4.2400E+00, 1.3333E-01,
19:18:48.48332898, 0.0000E+00, 4.2000E+00, 2.6667E-01,
19:18:48.48332903, 1.3333E-02, 4.2133E+00, 2.6667E-01,
19:18:48.48332908, 0.0000E+00, 4.1867E+00, 1.3333E-01,
19:18:48.48332913, 1.3333E-02, 4.1867E+00, 0.0000E+00,
19:18:48.48332918, 0.0000E+00, 4.2267E+00,-2.6667E-01,
19:18:48.48332923,-1.3333E-02, 4.2400E+00,-1.3333E-01,
19:18:48.48332928,-2.6667E-02, 4.2267E+00, 0.0000E+00,
19:18:48.48332933, 6.6667E-02, 4.2133E+00, 2.6667E-01,
19:18:48.48332938, 6.1333E-01, 4.2000E+00, 2.6667E-01,
19:18:48.48332943, 1.6533E+00, 4.2000E+00, 1.3333E-01,
19:18:48.48332948, 2.7733E+00, 3.5200E+00, 2.6667E-01,
19:18:48.48332953, 3.1733E+00, 3.3867E+00, 0.0000E+00,
19:18:48.48332958, 3.1733E+00, 3.4933E+00,-1.3333E-01,
19:18:48.48332963, 3.1333E+00, 3.6133E+00, 0.0000E+00,
19:18:48.48332968, 3.0800E+00, 3.6800E+00, 0.0000E+00,
19:18:48.48332973, 3.0400E+00, 3.7733E+00, 2.6667E-01,
19:18:48.48332978, 3.0533E+00, 3.7733E+00, 4.0000E-01,
19:18:48.48332983, 3.0400E+00, 3.8133E+00, 1.3333E-01,
19:18:48.48332988, 3.0533E+00, 3.8667E+00, 8.0000E-01,
19:18:48.48332993, 3.0267E+00, 3.8533E+00, 6.6667E-01,
19:18:48.48332998, 2.9733E+00, 3.8933E+00, 6.6667E-01,
19:18:48.48333003, 3.0267E+00, 3.8800E+00, 8.0000E-01,
19:18:48.48333008, 2.9867E+00, 3.9067E+00, 8.0000E-01,
19:18:48.48333013, 2.9600E+00, 3.9067E+00, 6.6667E-01,
19:18:48.48333018, 2.9333E+00, 3.9200E+00, 9.3333E-01,
19:18:48.48333023, 2.9733E+00, 3.8933E+00, 9.3333E-01,
19:18:48.48333028, 2.9200E+00, 3.9067E+00, 1.3333E+00,
19:18:48.48333033, 2.9600E+00, 3.8933E+00, 1.3333E+00,
19:18:48.48333038, 2.9733E+00, 3.9067E+00, 1.2000E+00,
19:18:48.48333043, 2.9600E+00, 3.8933E+00, 1.6000E+00,
19:18:48.48333048, 2.9467E+00, 3.8933E+00, 1.4667E+00,
19:18:48.48333053, 2.9467E+00, 3.8933E+00, 1.7333E+00,
19:18:48.48333058, 2.9067E+00, 3.8933E+00, 1.6000E+00,
19:18:48.48333063, 2.9333E+00, 3.8933E+00, 1.7333E+00,
19:18:48.48333068, 2.9200E+00, 3.8933E+00, 1.4667E+00,
19:18:48.48333073, 2.9067E+00, 3.9200E+00, 1.8667E+00,
19:18:48.48333078, 2.9200E+00, 3.8667E+00, 1.4667E+00,
19:18:48.48333083, 2.9200E+00, 3.8533E+00, 2.1333E+00,
19:18:48.48333088, 2.9067E+00, 3.8400E+00, 1.8667E+00,
19:18:48.48333093, 2.8800E+00, 3.8667E+00, 2.0000E+00,
19:18:48.48333098, 2.8800E+00, 3.8533E+00, 2.2667E+00,
19:18:48.48333103, 2.9067E+00, 3.8800E+00, 2.0000E+00,
19:18:48.48333108, 2.8933E+00, 3.8133E+00, 2.0000E+00,
19:18:48.48333113, 2.8800E+00, 3.8267E+00, 1.8667E+00,
19:18:48.48333118, 2.9200E+00, 3.8533E+00, 2.0000E+00,
19:18:48.48333123, 2.9333E+00, 3.8000E+00, 2.2667E+00,
19:18:48.48333128, 2.9067E+00, 3.8000E+00, 2.2667E+00,
19:18:48.48333133, 2.9467E+00, 3.7867E+00, 2.4000E+00,
19:18:48.48333138, 2.9200E+00, 3.8000E+00, 2.5333E+00,
19:18:48.48333143, 2.9067E+00, 3.7867E+00, 2.4000E+00,
19:18:48.48333148, 2.9200E+00, 3.7333E+00, 2.5333E+00,
19:18:48.48333153, 2.9200E+00, 3.7867E+00, 2.8000E+00,
19:18:48.48333158, 2.9067E+00, 3.7600E+00, 2.8000E+00,
19:18:48.48333163, 2.9067E+00, 3.7600E+00, 3.0667E+00,
19:18:48.48333168, 2.9333E+00, 3.7600E+00, 2.9333E+00,
19:18:48.48333173, 2.8933E+00, 3.7600E+00, 2.8000E+00,
19:18:48.48333178, 2.9200E+00, 3.7467E+00, 3.0667E+00,
19:18:48.48333183, 2.9467E+00, 3.7467E+00, 3.3333E+00,
19:18:48.48333188, 2.9333E+00, 3.7733E+00, 3.3333E+00,
19:18:48.48333193, 2.9067E+00, 3.7600E+00, 3.3333E+00,
19:18:48.48333198, 2.8933E+00, 3.7467E+00, 3.2000E+00,
19:18:48.48333203, 2.8800E+00, 3.7600E+00, 3.4667E+00,
19:18:48.48333208, 2.8933E+00, 3.7333E+00, 3.4667E+00,
19:18:48.48333213, 2.8933E+00, 3.7467E+00, 3.4667E+00,
19:18:48.48333218, 2.9067E+00, 3.7333E+00, 3.7333E+00,
19:18:48.48333223, 2.8933E+00, 3.7200E+00, 3.8667E+00,
19:18:48.48333228, 2.9067E+00, 3.7333E+00, 4.0000E+00,
19:18:48.48333233, 2.9467E+00, 3.7200E+00, 4.5333E+00,
19:18:48.48333238, 2.9467E+00, 3.7200E+00, 4.4000E+00,
19:18:48.48333243, 2.8933E+00, 3.7200E+00, 4.2667E+00,
19:18:48.48333248, 2.8933E+00, 3.7467E+00, 4.2667E+00,
19:18:48.48333253, 2.9067E+00, 3.7067E+00, 4.6667E+00,
19:18:48.48333258, 2.8800E+00, 3.7200E+00, 4.6667E+00,
19:18:48.48333263, 2.8800E+00, 3.7200E+00, 4.8000E+00,
19:18:48.48333268, 2.9467E+00, 3.6933E+00, 4.4000E+00,
19:18:48.48333273, 2.9200E+00, 3.6800E+00, 4.8000E+00,
19:18:48.48333278, 2.9200E+00, 3.6800E+00, 4.9333E+00,
19:18:48.48333283, 2.9467E+00, 3.6800E+00, 4.8000E+00,
19:18:48.48333288, 2.9200E+00, 3.6667E+00, 5.0667E+00,
19:18:48.48333293, 2.8933E+00, 3.6667E+00, 5.2000E+00,
19:18:48.48333298, 2.9200E+00, 3.6533E+00, 5.4667E+00,
19:18:48.48333303, 2.8800E+00, 3.6800E+00, 5.4667E+00,
19:18:48.48333308, 2.9200E+00, 3.6667E+00, 5.3333E+00,
19:18:48.48333313, 2.9067E+00, 3.6533E+00, 5.6000E+00,
19:18:48.48333318, 2.9200E+00, 3.6667E+00, 5.7333E+00,
19:18:48.48333323, 2.9333E+00, 3.6533E+00, 5.4667E+00,
19:18:48.48333328, 2.9333E+00, 3.6533E+00, 6.0000E+00,
19:18:48.48333333, 2.9467E+00, 3.6667E+00, 5.7333E+00,
19:18:48.48333338, 2.9333E+00, 3.6533E+00, 6.0000E+00,
19:18:48.48333343, 2.9200E+00, 3.6667E+00, 6.2667E+00,
19:18:48.48333348, 2.8933E+00, 3.6267E+00, 6.4000E+00,
19:18:48.48333353, 2.9067E+00, 3.6533E+00, 6.4000E+00,
19:18:48.48333358, 2.9067E+00, 3.6400E+00, 6.4000E+00,
19:18:48.48333363, 2.9200E+00, 3.6667E+00, 6.9333E+00,
19:18:48.48333368, 2.8933E+00, 3.6533E+00, 6.6667E+00,
19:18:48.48333373, 2.9200E+00, 3.6267E+00, 6.8000E+00,
19:18:48.48333378, 2.9200E+00, 3.6267E+00, 6.6667E+00,
19:18:48.48333383, 2.9067E+00, 3.6133E+00, 7.0667E+00,
19:18:48.48333388, 2.9200E+00, 3.6400E+00, 7.2000E+00,
19:18:48.48333393, 2.9333E+00, 3.6267E+00, 7.0667E+00,
19:18:48.48333398, 2.8800E+00, 3.6400E+00, 7.4667E+00,
19:18:48.48333403, 2.9067E+00, 3.6133E+00, 7.0667E+00,
19:18:48.48333408, 2.9067E+00, 3.6267E+00, 7.3333E+00,
19:18:48.48333413, 2.9067E+00, 3.6133E+00, 7.7333E+00,
19:18:48.48333418, 2.8800E+00, 3.6133E+00, 7.4667E+00,
19:18:48.48333423, 2.9333E+00, 3.6133E+00, 7.8667E+00,
19:18:48.48333428, 2.9333E+00, 3.6133E+00, 7.4667E+00,
19:18:48.48333433, 2.9200E+00, 3.6133E+00, 8.1333E+00,
19:18:48.48333438, 2.8800E+00, 3.6000E+00, 8.1333E+00,
19:18:48.48333443, 2.9067E+00, 3.6267E+00, 7.7333E+00,
19:18:48.48333448, 2.9067E+00, 3.6133E+00, 8.5333E+00,
19:18:48.48333453, 2.9200E+00, 3.6400E+00, 8.4000E+00,
19:18:48.48333458, 2.9067E+00, 3.6133E+00, 8.2667E+00,
19:18:48.48333463, 2.9467E+00, 3.6267E+00, 8.5333E+00,
19:18:48.48333468, 2.9200E+00, 3.6000E+00, 8.6667E+00,
19:18:48.48333473, 2.9333E+00, 3.6000E+00, 8.9333E+00,
19:18:48.48333478, 2.9333E+00, 3.6133E+00, 9.3333E+00,
19:18:48.48333483, 2.9333E+00, 3.6133E+00, 9.0667E+00,
19:18:48.48333488, 2.8933E+00, 3.6533E+00, 9.3333E+00,
19:18:48.48333493, 2.9200E+00, 3.5867E+00, 9.0667E+00,
19:18:48.48333498, 2.9067E+00, 3.6267E+00, 8.9333E+00,
19:18:48.48333503, 2.9200E+00, 3.6000E+00, 9.4667E+00,
19:18:48.48333508, 2.8933E+00, 3.6000E+00, 9.3333E+00,
19:18:48.48333513, 2.9200E+00, 3.6267E+00, 9.3333E+00,
19:18:48.48333518, 2.8933E+00, 3.6133E+00, 1.0133E+01,
19:18:48.48333523, 2.9333E+00, 3.6533E+00, 1.0000E+01,
19:18:48.48333528, 2.9200E+00, 3.6133E+00, 1.0000E+01,
19:18:48.48333533, 2.9467E+00, 3.6133E+00, 1.0267E+01,
19:18:48.48333538, 2.9067E+00, 3.6267E+00, 1.0400E+01,
19:18:48.48333543, 2.8933E+00, 3.6133E+00, 1.0267E+01,
19:18:48.48333548, 2.9200E+00, 3.6133E+00, 1.0267E+01,
19:18:48.48333553, 2.9067E+00, 3.6400E+00, 1.0533E+01,
19:18:48.48333558, 2.9200E+00, 3.6133E+00, 1.0400E+01,
19:18:48.48333563, 2.8933E+00, 3.6133E+00, 1.0800E+01,
19:18:48.48333568, 2.9333E+00, 3.6133E+00, 1.0800E+01,
19:18:48.48333573, 2.9067E+00, 3.6267E+00, 1.1200E+01,
19:18:48.48333578, 2.9333E+00, 3.6133E+00, 1.0933E+01,
19:18:48.48333583, 2.9467E+00, 3.6267E+00, 1.1467E+01,
19:18:48.48333588, 2.8800E+00, 3.6400E+00, 1.1333E+01,
19:18:48.48333593, 2.8800E+00, 3.6533E+00, 1.1067E+01,
19:18:48.48333598, 2.8933E+00, 3.6267E+00, 1.1467E+01,
19:18:48.48333603, 2.9333E+00, 3.6267E+00, 1.1467E+01,
19:18:48.48333608, 2.9067E+00, 3.6267E+00, 1.1600E+01,
19:18:48.48333613, 2.9600E+00, 3.6667E+00, 1.1733E+01,
19:18:48.48333618, 2.9333E+00, 3.6267E+00, 1.1467E+01,
19:18:48.48333623, 2.9200E+00, 3.6533E+00, 1.1867E+01,
19:18:48.48333628, 2.9333E+00, 3.6267E+00, 1.1733E+01,
19:18:48.48333633, 2.9467E+00, 3.6267E+00, 1.2133E+01,
19:18:48.48333638, 2.9200E+00, 3.6400E+00, 1.2133E+01,
19:18:48.48333643, 2.9067E+00, 3.6533E+00, 1.2267E+01,
19:18:48.48333648, 2.9200E+00, 3.6133E+00, 1.2400E+01,
19:18:48.48333653, 2.9600E+00, 3.6533E+00, 1.2667E+01,
19:18:48.48333658, 2.9333E+00, 3.6533E+00, 1.2800E+01,
19:18:48.48333663, 2.9333E+00, 3.7067E+00, 1.2667E+01,
19:18:48.48333668, 2.9333E+00, 3.6533E+00, 1.3067E+01,
19:18:48.48333673, 2.9333E+00, 3.6933E+00, 1.3067E+01,
19:18:48.48333678, 2.9333E+00, 3.6533E+00, 1.2800E+01,
19:18:48.48333683, 2.9200E+00, 3.6533E+00, 1.2933E+01,
19:18:48.48333688, 2.8933E+00, 3.6533E+00, 1.3200E+01,
19:18:48.48333693, 2.9333E+00, 3.6800E+00, 1.3067E+01,
19:18:48.48333698, 2.9200E+00, 3.6533E+00, 1.3200E+01,
19:18:48.48333703, 2.9333E+00, 3.6533E+00, 1.3467E+01,
19:18:48.48333708, 2.9467E+00, 3.6800E+00, 1.3467E+01,
19:18:48.48333713, 2.9067E+00, 3.6800E+00, 1.3733E+01,
19:18:48.48333718, 2.9333E+00, 3.6667E+00, 1.3467E+01,
19:18:48.48333723, 2.9467E+00, 3.7067E+00, 1.3733E+01,
19:18:48.48333728, 2.9067E+00, 3.6933E+00, 1.4000E+01,
19:18:48.48333733, 2.9200E+00, 3.6667E+00, 1.4000E+01,
19:18:48.48333738, 2.9467E+00, 3.7067E+00, 1.3867E+01,
19:18:48.48333743, 2.9200E+00, 3.7200E+00, 1.4000E+01,
19:18:48.48333748, 2.9333E+00, 3.7200E+00, 1.4000E+01,
19:18:48.48333753, 2.9333E+00, 3.7200E+00, 1.4400E+01,
19:18:48.48333758, 2.8933E+00, 3.7067E+00, 1.4400E+01,
19:18:48.48333763, 2.9333E+00, 3.7200E+00, 1.4533E+01,
19:18:48.48333768, 2.9467E+00, 3.7067E+00, 1.4533E+01,
19:18:48.48333773, 2.9200E+00, 3.7200E+00, 1.4667E+01,
19:18:48.48333778, 2.9200E+00, 3.7067E+00, 1.4400E+01,
19:18:48.48333783, 2.9067E+00, 3.7067E+00, 1.4933E+01,
19:18:48.48333788, 2.9200E+00, 3.7200E+00, 1.4533E+01,
19:18:48.48333793, 2.9467E+00, 3.7333E+00, 1.4667E+01,
19:18:48.48333798, 2.9200E+00, 3.7333E+00, 1.4933E+01,
19:18:48.48333803, 2.9200E+00, 3.7200E+00, 1.5200E+01,
19:18:48.48333808, 2.9467E+00, 3.7467E+00, 1.5333E+01,
19:18:48.48333813, 2.9467E+00, 3.7600E+00, 1.5333E+01,
19:18:48.48333818, 2.9200E+00, 3.7600E+00, 1.5067E+01,
19:18:48.48333823, 2.9333E+00, 3.7867E+00, 1.5467E+01,
19:18:48.48333828, 2.9067E+00, 3.7600E+00, 1.5467E+01,
19:18:48.48333833, 2.9333E+00, 3.7600E+00, 1.5200E+01,
19:18:48.48333838, 2.9067E+00, 3.7733E+00, 1.5733E+01,
19:18:48.48333843, 2.9600E+00, 3.7600E+00, 1.5467E+01,
19:18:48.48333848, 2.9333E+00, 3.8000E+00, 1.5600E+01,
19:18:48.48333853, 2.9467E+00, 3.7600E+00, 1.5733E+01,
19:18:48.48333858, 2.9467E+00, 3.7867E+00, 1.5867E+01,
19:18:48.48333863, 2.9333E+00, 3.7867E+00, 1.5867E+01,
19:18:48.48333868, 2.9333E+00, 3.7600E+00, 1.5733E+01,
19:18:48.48333873, 2.9067E+00, 3.7867E+00, 1.6000E+01,
19:18:48.48333878, 2.9467E+00, 3.7733E+00, 1.6133E+01,
19:18:48.48333883, 2.9333E+00, 3.7733E+00, 1.6400E+01,
19:18:48.48333888, 2.9067E+00, 3.8000E+00, 1.6000E+01,
19:18:48.48333893, 2.9333E+00, 3.7867E+00, 1.6133E+01,
19:18:48.48333898, 2.8933E+00, 3.8000E+00, 1.6267E+01,
19:18:48.48333903, 2.9333E+00, 3.8400E+00, 1.6400E+01,
19:18:48.48333908, 2.9467E+00, 3.8667E+00, 1.6533E+01,
19:18:48.48333913, 2.9200E+00, 3.8667E+00, 1.6667E+01,
19:18:48.48333918, 2.9333E+00, 3.8400E+00, 1.6400E+01,
19:18:48.48333923, 2.9333E+00, 3.8267E+00, 1.6667E+01,
19:18:48.48333928, 2.8933E+00, 3.8400E+00, 1.6667E+01,
19:18:48.48333933, 2.9467E+00, 3.8400E+00, 1.6667E+01,
19:18:48.48333938, 2.9200E+00, 3.8800E+00, 1.6667E+01,
19:18:48.48333943, 2.9067E+00, 3.8933E+00, 1.6933E+01,
19:18:48.48333948, 2.9733E+00, 3.8533E+00, 1.6933E+01,
19:18:48.48333953, 2.9333E+00, 3.8800E+00, 1.7067E+01,
19:18:48.48333958, 2.9467E+00, 3.8800E+00, 1.6667E+01,
19:18:48.48333963, 2.9333E+00, 3.8667E+00, 1.7067E+01,
19:18:48.48333968, 2.9200E+00, 3.8800E+00, 1.7067E+01,
19:18:48.48333973, 2.9200E+00, 3.8933E+00, 1.7200E+01,
19:18:48.48333978, 2.9200E+00, 3.8933E+00, 1.7067E+01,
19:18:48.48333983, 2.9200E+00, 3.8933E+00, 1.7067E+01,
19:18:48.48333988, 2.9467E+00, 3.9067E+00, 1.7067E+01,
19:18:48.48333993, 2.9467E+00, 3.8933E+00, 1.7467E+01,
19:18:48.48333998, 2.9467E+00, 3.8933E+00, 1.7467E+01,
19:18:48.48334003, 2.9467E+00, 3.9067E+00, 1.7600E+01,
19:18:48.48334008, 2.9333E+00, 3.8933E+00, 1.7467E+01,
19:18:48.48334013, 2.9067E+00, 3.9067E+00, 1.7467E+01,
19:18:48.48334018, 2.9200E+00, 3.9200E+00, 1.7733E+01,
19:18:48.48334023, 2.9467E+00, 3.9600E+00, 1.7467E+01,
19:18:48.48334028, 2.9333E+00, 3.9467E+00, 1.8133E+01,
19:18:48.48334033, 2.9200E+00, 3.9333E+00, 1.7467E+01,
19:18:48.48334038, 2.9467E+00, 3.9600E+00, 1.7600E+01,
19:18:48.48334043, 2.9467E+00, 3.9733E+00, 1.7867E+01,
19:18:48.48334048, 2.9067E+00, 3.9733E+00, 1.7600E+01,
19:18:48.48334053, 2.9467E+00, 3.9867E+00, 1.7733E+01,
19:18:48.48334058, 2.9200E+00, 3.9733E+00, 1.8133E+01,
19:18:48.48334063, 2.9200E+00, 3.9733E+00, 1.8000E+01,
19:18:48.48334068, 2.8933E+00, 3.9867E+00, 1.8000E+01,
19:18:48.48334073, 2.9333E+00, 3.9867E+00, 1.8267E+01,
19:18:48.48334078, 2.9333E+00, 4.0000E+00, 1.8267E+01,
19:18:48.48334083, 2.9600E+00, 3.9600E+00, 1.7867E+01,
19:18:48.48334088, 2.9467E+00, 3.9733E+00, 1.7733E+01,
19:18:48.48334093, 2.9467E+00, 4.0133E+00, 1.8133E+01,
19:18:48.48334098, 2.9333E+00, 4.0133E+00, 1.8533E+01,
19:18:48.48334103, 2.9600E+00, 4.0267E+00, 1.8400E+01,
19:18:48.48334108, 2.9200E+00, 4.0000E+00, 1.8267E+01,
19:18:48.48334113, 2.9333E+00, 4.0000E+00, 1.8267E+01,
19:18:48.48334118, 2.9467E+00, 4.0267E+00, 1.8133E+01,
19:18:48.48334123, 2.9067E+00, 4.0267E+00, 1.8267E+01,
19:18:48.48334128, 2.9600E+00, 4.0267E+00, 1.8133E+01,
19:18:48.48334133, 2.9333E+00, 4.0267E+00, 1.8400E+01,
19:18:48.48334138, 2.9467E+00, 4.0267E+00, 1.8000E+01,
19:18:48.48334143, 2.9600E+00, 4.0533E+00, 1.8400E+01,
19:18:48.48334148, 2.9600E+00, 4.0267E+00, 1.8533E+01,
19:18:48.48334153, 2.9600E+00, 4.0533E+00, 1.8267E+01,
19:18:48.48334158, 2.9067E+00, 4.0533E+00, 1.8533E+01,
19:18:48.48334163, 2.9200E+00, 4.0400E+00, 1.8133E+01,
19:18:48.48334168, 2.9333E+00, 4.0800E+00, 1.8400E+01,
19:18:48.48334173, 2.9867E+00, 4.0667E+00, 1.8133E+01,
19:18:48.48334178, 2.9733E+00, 4.0667E+00, 1.8400E+01,
19:18:48.48334183, 2.9467E+00, 4.0800E+00, 1.8267E+01,
19:18:48.48334188, 2.9467E+00, 4.0667E+00, 1.8533E+01,
19:18:48.48334193, 2.9467E+00, 4.0800E+00, 1.8533E+01,
19:18:48.48334198, 2.9600E+00, 4.0800E+00, 1.8133E+01,
19:18:48.48334203, 2.9600E+00, 4.1067E+00, 1.8267E+01,
19:18:48.48334208, 2.9600E+00, 4.1067E+00, 1.8267E+01,
19:18:48.48334213, 2.9200E+00, 4.0933E+00, 1.8533E+01,
19:18:48.48334218, 2.9467E+00, 4.1067E+00, 1.8667E+01,
19:18:48.48334223, 2.9600E+00, 4.1333E+00, 1.8533E+01,
19:18:48.48334228, 2.9467E+00, 4.1600E+00, 1.8267E+01,
19:18:48.48334233, 2.9733E+00, 4.1333E+00, 1.8933E+01,
19:18:48.48334238, 2.9467E+00, 4.1467E+00, 1.8533E+01,
19:18:48.48334243, 2.9200E+00, 4.1333E+00, 1.8533E+01,
19:18:48.48334248, 2.9467E+00, 4.0933E+00, 1.8533E+01,
19:18:48.48334253, 2.9333E+00, 4.1467E+00, 1.8533E+01,
19:18:48.48334258, 2.9200E+00, 4.1600E+00, 1.8400E+01,
19:18:48.48334263, 2.9067E+00, 4.1333E+00, 1.8533E+01,
19:18:48.48334268, 2.9067E+00, 4.1600E+00, 1.8667E+01,
19:18:48.48334273, 2.9467E+00, 4.1733E+00, 1.8667E+01,
19:18:48.48334278, 2.9333E+00, 4.1600E+00, 1.8667E+01,
19:18:48.48334283, 2.9733E+00, 4.1600E+00, 1.8533E+01,
19:18:48.48334288, 2.9600E+00, 4.2000E+00, 1.8400E+01,
19:18:48.48334293, 2.9467E+00, 4.1867E+00, 1.8667E+01,
19:18:48.48334298, 2.9600E+00, 4.2133E+00, 1.8533E+01,
19:18:48.48334303, 2.9200E+00, 4.1733E+00, 1.8400E+01,
19:18:48.48334308, 2.9333E+00, 4.1733E+00, 1.8800E+01,
19:18:48.48334313, 2.9467E+00, 4.2000E+00, 1.8533E+01,
19:18:48.48334318, 2.9600E+00, 4.2000E+00, 1.8667E+01,
19:18:48.48334323, 2.9467E+00, 4.2000E+00, 1.8533E+01,
19:18:48.48334328, 2.9467E+00, 4.2533E+00, 1.8533E+01,
19:18:48.48334333, 2.9333E+00, 4.2133E+00, 1.8267E+01,
19:18:48.48334338, 2.9467E+00, 4.2400E+00, 1.8533E+01,
19:18:48.48334343, 2.9467E+00, 4.2133E+00, 1.8267E+01,
19:18:48.48334348, 2.9467E+00, 4.2133E+00, 1.8400E+01,
19:18:48.48334353, 2.9333E+00, 4.2400E+00, 1.8400E+01,
19:18:48.48334358, 2.9200E+00, 4.2400E+00, 1.8533E+01,
19:18:48.48334363, 2.9600E+00, 4.2533E+00, 1.8400E+01,
19:18:48.48334368, 2.9333E+00, 4.2533E+00, 1.8400E+01,
19:18:48.48334373, 2.9467E+00, 4.2400E+00, 1.8267E+01,
19:18:48.48334378, 2.9600E+00, 4.2667E+00, 1.8533E+01,
19:18:48.48334383, 2.9600E+00, 4.2267E+00, 1.8533E+01,
19:18:48.48334388, 2.9467E+00, 4.2933E+00, 1.8000E+01,
19:18:48.48334393, 2.9333E+00, 4.2533E+00, 1.8400E+01,
19:18:48.48334398, 2.9467E+00, 4.2533E+00, 1.8267E+01,
19:18:48.48334403, 2.9467E+00, 4.2800E+00, 1.8133E+01,
19:18:48.48334408, 2.9467E+00, 4.2933E+00, 1.8267E+01,
19:18:48.48334413, 2.9333E+00, 4.3067E+00, 1.8000E+01,
19:18:48.48334418, 2.9333E+00, 4.2933E+00, 1.8533E+01,
19:18:48.48334423, 2.9733E+00, 4.2933E+00, 1.8133E+01,
19:18:48.48334428, 2.9333E+00, 4.2933E+00, 1.8000E+01,
19:18:48.48334433, 2.9600E+00, 4.2933E+00, 1.8133E+01,
19:18:48.48334438, 2.9600E+00, 4.2933E+00, 1.8000E+01,
19:18:48.48334443, 2.9200E+00, 4.2667E+00, 1.8000E+01,
19:18:48.48334448, 2.9467E+00, 4.2933E+00, 1.7867E+01,
19:18:48.48334453, 2.9467E+00, 4.3200E+00, 1.8000E+01,
19:18:48.48334458, 2.9467E+00, 4.3067E+00, 1.7600E+01,
19:18:48.48334463, 2.9467E+00, 4.3333E+00, 1.8000E+01,
19:18:48.48334468, 2.9467E+00, 4.3067E+00, 1.7600E+01,
19:18:48.48334473, 2.9200E+00, 4.3467E+00, 1.7733E+01,
19:18:48.48334478, 2.9600E+00, 4.3467E+00, 1.7600E+01,
19:18:48.48334483, 2.9467E+00, 4.3200E+00, 1.7733E+01,
19:18:48.48334488, 2.9467E+00, 4.3733E+00, 1.7600E+01,
19:18:48.48334493, 2.9333E+00, 4.3600E+00, 1.7733E+01,
19:18:48.48334498, 2.9333E+00, 4.3467E+00, 1.7467E+01,
19:18:48.48334503, 2.9067E+00, 4.3733E+00, 1.7200E+01,
19:18:48.48334508, 2.9467E+00, 4.3733E+00, 1.7600E+01,
19:18:48.48334513, 2.9600E+00, 4.3600E+00, 1.7200E+01,
19:18:48.48334518, 2.9200E+00, 4.3733E+00, 1.7600E+01,
19:18:48.48334523, 2.9333E+00, 4.3733E+00, 1.7733E+01,
19:18:48.48334528, 2.9600E+00, 4.3467E+00, 1.7600E+01,
19:18:48.48334533, 2.9333E+00, 4.3733E+00, 1.7600E+01,
19:18:48.48334538, 2.9733E+00, 4.3733E+00, 1.7467E+01,
19:18:48.48334543, 2.9467E+00, 4.3733E+00, 1.7200E+01,
19:18:48.48334548, 2.9467E+00, 4.3467E+00, 1.7467E+01,
19:18:48.48334553, 2.9333E+00, 4.4133E+00, 1.7333E+01,
19:18:48.48334558, 2.9467E+00, 4.4000E+00, 1.7067E+01,
19:18:48.48334563, 2.9333E+00, 4.4133E+00, 1.7067E+01,
19:18:48.48334568, 2.9200E+00, 4.4000E+00, 1.7067E+01,
19:18:48.48334573, 2.9467E+00, 4.4000E+00, 1.7067E+01,
19:18:48.48334578, 2.9600E+00, 4.4000E+00, 1.6800E+01,
19:18:48.48334583, 2.9467E+00, 4.4000E+00, 1.7067E+01,
19:18:48.48334588, 2.9333E+00, 4.3867E+00, 1.6933E+01,
19:18:48.48334593, 2.9467E+00, 4.4133E+00, 1.7067E+01,
19:18:48.48334598, 2.9333E+00, 4.4133E+00, 1.7067E+01,
19:18:48.48334603, 2.9333E+00, 4.4267E+00, 1.6533E+01,
19:18:48.48334608, 2.9467E+00, 4.4000E+00, 1.6800E+01,
19:18:48.48334613, 2.9600E+00, 4.4133E+00, 1.6933E+01,
19:18:48.48334618, 2.9333E+00, 4.4133E+00, 1.6533E+01,
19:18:48.48334623, 2.9467E+00, 4.4267E+00, 1.6400E+01,
19:18:48.48334628, 2.9333E+00, 4.4267E+00, 1.6667E+01,
19:18:48.48334633, 2.9733E+00, 4.4267E+00, 1.6667E+01,
19:18:48.48334638, 2.9733E+00, 4.4400E+00, 1.6400E+01,
19:18:48.48334643, 2.9200E+00, 4.4267E+00, 1.6533E+01,
19:18:48.48334648, 2.9467E+00, 4.4400E+00, 1.6267E+01,
19:18:48.48334653, 2.9333E+00, 4.4267E+00, 1.6400E+01,
19:18:48.48334658, 2.9600E+00, 4.4400E+00, 1.6400E+01,
19:18:48.48334663, 2.9467E+00, 4.4400E+00, 1.6133E+01,
19:18:48.48334668, 2.9733E+00, 4.4400E+00, 1.6267E+01,
19:18:48.48334673, 2.9600E+00, 4.4533E+00, 1.6267E+01,
19:18:48.48334678, 2.9600E+00, 4.4400E+00, 1.6000E+01,
19:18:48.48334683, 2.9733E+00, 4.4533E+00, 1.6400E+01,
19:18:48.48334688, 2.9467E+00, 4.4533E+00, 1.5867E+01,
19:18:48.48334693, 2.9200E+00, 4.4800E+00, 1.5867E+01,
19:18:48.48334698, 2.9333E+00, 4.4800E+00, 1.5733E+01,
19:18:48.48334703, 2.9600E+00, 4.4400E+00, 1.6533E+01,
19:18:48.48334708, 2.9467E+00, 4.4800E+00, 1.5733E+01,
19:18:48.48334713, 2.9467E+00, 4.4533E+00, 1.5467E+01,
19:18:48.48334718, 2.9333E+00, 4.4533E+00, 1.5600E+01,
19:18:48.48334723, 2.9733E+00, 4.4667E+00, 1.5333E+01,
19:18:48.48334728, 2.9867E+00, 4.4800E+00, 1.5600E+01,
19:18:48.48334733, 2.9333E+00, 4.4800E+00, 1.5733E+01,
19:18:48.48334738, 2.9600E+00, 4.4533E+00, 1.5200E+01,
19:18:48.48334743, 2.9333E+00, 4.4800E+00, 1.5467E+01,
19:18:48.48334748, 2.9333E+00, 4.4400E+00, 1.5333E+01,
19:18:48.48334753, 2.9467E+00, 4.4933E+00, 1.5467E+01,
19:18:48.48334758, 2.9200E+00, 4.4667E+00, 1.5467E+01,
19:18:48.48334763, 2.9600E+00, 4.4667E+00, 1.4933E+01,
19:18:48.48334768, 2.9600E+00, 4.4800E+00, 1.5333E+01,
19:18:48.48334773, 2.9467E+00, 4.4667E+00, 1.4800E+01,
19:18:48.48334778, 2.9600E+00, 4.4800E+00, 1.5067E+01,
19:18:48.48334783, 2.9333E+00, 4.4800E+00, 1.4933E+01,
19:18:48.48334788, 2.8933E+00, 4.4800E+00, 1.4933E+01,
19:18:48.48334793, 2.9467E+00, 4.4800E+00, 1.4667E+01,
19:18:48.48334798, 2.9333E+00, 4.4800E+00, 1.4800E+01,
19:18:48.48334803, 2.9333E+00, 4.4933E+00, 1.4933E+01,
19:18:48.48334808, 2.9600E+00, 4.4800E+00, 1.4667E+01,
19:18:48.48334813, 2.9600E+00, 4.4667E+00, 1.4400E+01,
19:18:48.48334818, 2.9733E+00, 4.4667E+00, 1.4533E+01,
19:18:48.48334823, 2.9733E+00, 4.4800E+00, 1.4400E+01,
19:18:48.48334828, 2.9600E+00, 4.4400E+00, 1.4267E+01,
19:18:48.48334833, 2.9600E+00, 4.4533E+00, 1.4667E+01,
19:18:48.48334838, 2.9333E+00, 4.4667E+00, 1.4400E+01,
19:18:48.48334843, 2.9333E+00, 4.4533E+00, 1.4267E+01,
19:18:48.48334848, 2.9333E+00, 4.4533E+00, 1.4400E+01,
19:18:48.48334853, 2.9467E+00, 4.4933E+00, 1.4267E+01,
19:18:48.48334858, 2.9467E+00, 4.4933E+00, 1.4000E+01,
19:18:48.48334863, 2.9333E+00, 4.4800E+00, 1.4000E+01,
19:18:48.48334868, 2.9733E+00, 4.5067E+00, 1.4133E+01,
19:18:48.48334873, 2.9333E+00, 4.4667E+00, 1.3733E+01,
19:18:48.48334878, 2.9467E+00, 4.4933E+00, 1.3733E+01,
19:18:48.48334883, 2.9467E+00, 4.5067E+00, 1.3867E+01,
19:18:48.48334888, 2.9333E+00, 4.4800E+00, 1.3867E+01,
19:18:48.48334893, 2.9467E+00, 4.5067E+00, 1.3600E+01,
19:18:48.48334898, 2.9467E+00, 4.5067E+00, 1.3600E+01,
19:18:48.48334903, 2.9333E+00, 4.4800E+00, 1.3600E+01,
19:18:48.48334908, 2.9467E+00, 4.5467E+00, 1.3733E+01,
19:18:48.48334913, 2.9467E+00, 4.4667E+00, 1.3733E+01,
19:18:48.48334918, 2.9333E+00, 4.5200E+00, 1.3467E+01,
19:18:48.48334923, 2.9467E+00, 4.4800E+00, 1.3467E+01,
19:18:48.48334928, 2.9200E+00, 4.4800E+00, 1.3467E+01,
19:18:48.48334933, 2.9200E+00, 4.4667E+00, 1.3333E+01,
19:18:48.48334938, 2.9467E+00, 4.5067E+00, 1.3333E+01,
19:18:48.48334943, 2.9333E+00, 4.4933E+00, 1.3067E+01,
19:18:48.48334948, 2.9733E+00, 4.5200E+00, 1.2933E+01,
19:18:48.48334953, 2.9600E+00, 4.4667E+00, 1.3067E+01,
19:18:48.48334958, 2.9600E+00, 4.4667E+00, 1.3067E+01,
19:18:48.48334963, 3.0000E+00, 4.5067E+00, 1.2933E+01,
19:18:48.48334968, 2.9600E+00, 4.4667E+00, 1.2667E+01,
19:18:48.48334973, 2.9333E+00, 4.4667E+00, 1.2667E+01,
19:18:48.48334978, 2.9467E+00, 4.5067E+00, 1.2800E+01,
19:18:48.48334983, 2.9333E+00, 4.4800E+00, 1.2667E+01,
19:18:48.48334988, 2.9600E+00, 4.4800E+00, 1.2533E+01,
19:18:48.48334993, 2.9600E+00, 4.4533E+00, 1.2667E+01,
19:18:48.48334998, 2.9600E+00, 4.4800E+00, 1.2667E+01,
19:18:48.48335003, 2.9600E+00, 4.4667E+00, 1.2400E+01,
19:18:48.48335008, 2.9467E+00, 4.4667E+00, 1.2667E+01,
19:18:48.48335013, 2.9467E+00, 4.4667E+00, 1.2133E+01,
19:18:48.48335018, 2.9067E+00, 4.4400E+00, 1.2267E+01,
19:18:48.48335023, 2.9333E+00, 4.4933E+00, 1.2400E+01,
19:18:48.48335028, 2.9067E+00, 4.4533E+00, 1.2267E+01,
19:18:48.48335033, 2.9733E+00, 4.4533E+00, 1.2400E+01,
19:18:48.48335038, 2.9467E+00, 4.4667E+00, 1.2000E+01,
19:18:48.48335043, 2.9467E+00, 4.4533E+00, 1.1867E+01,
19:18:48.48335048, 2.9600E+00, 4.4667E+00, 1.2133E+01,
19:18:48.48335053, 2.9867E+00, 4.4667E+00, 1.1867E+01,
19:18:48.48335058, 2.9600E+00, 4.4667E+00, 1.1733E+01,
19:18:48.48335063, 2.9600E+00, 4.4800E+00, 1.1733E+01,
19:18:48.48335068, 2.9067E+00, 4.4400E+00, 1.2267E+01,
19:18:48.48335073, 2.9467E+00, 4.4667E+00, 1.1733E+01,
19:18:48.48335078, 2.9467E+00, 4.4533E+00, 1.1733E+01,
19:18:48.48335083, 2.9467E+00, 4.4667E+00, 1.1600E+01,
19:18:48.48335088, 2.9200E+00, 4.4533E+00, 1.1733E+01,
19:18:48.48335093, 2.9733E+00, 4.4667E+00, 1.1733E+01,
19:18:48.48335098, 2.9333E+00, 4.4400E+00, 1.1467E+01,
19:18:48.48335103, 2.9600E+00, 4.4400E+00, 1.1600E+01,
19:18:48.48335108, 2.9467E+00, 4.4533E+00, 1.1200E+01,
19:18:48.48335113, 2.9333E+00, 4.4533E+00, 1.1600E+01,
19:18:48.48335118, 2.9467E+00, 4.4400E+00, 1.1333E+01,
19:18:48.48335123, 2.9200E+00, 4.4800E+00, 1.1600E+01,
19:18:48.48335128, 2.9200E+00, 4.4400E+00, 1.0933E+01,
19:18:48.48335133, 2.9333E+00, 4.4400E+00, 1.1467E+01,
19:18:48.48335138, 2.9200E+00, 4.4000E+00, 1.1600E+01,
19:18:48.48335143, 2.9733E+00, 4.4400E+00, 1.1467E+01,
19:18:48.48335148, 2.9600E+00, 4.4400E+00, 1.1333E+01,
19:18:48.48335153, 2.9600E+00, 4.4400E+00, 1.0800E+01,
19:18:48.48335158, 2.9867E+00, 4.4400E+00, 1.0800E+01,
19:18:48.48335163, 2.9333E+00, 4.4533E+00, 1.0800E+01,
19:18:48.48335168, 2.9200E+00, 4.4000E+00, 1.1067E+01,
19:18:48.48335173, 2.9467E+00, 4.4267E+00, 1.1067E+01,
19:18:48.48335178, 2.9733E+00, 4.4267E+00, 1.0800E+01,
19:18:48.48335183, 2.9600E+00, 4.4400E+00, 1.0800E+01,
19:18:48.48335188, 2.9733E+00, 4.4267E+00, 1.0667E+01,
19:18:48.48335193, 2.9600E+00, 4.4133E+00, 1.0400E+01,
19:18:48.48335198, 2.9600E+00, 4.4133E+00, 1.0667E+01,
19:18:48.48335203, 2.9467E+00, 4.4000E+00, 1.0267E+01,
19:18:48.48335208, 2.9467E+00, 4.4000E+00, 1.0533E+01,
19:18:48.48335213, 2.9333E+00, 4.4000E+00, 1.0667E+01,
19:18:48.48335218, 2.9200E+00, 4.4267E+00, 1.0400E+01,
19:18:48.48335223, 2.9333E+00, 4.4000E+00, 1.0533E+01,
19:18:48.48335228, 2.9200E+00, 4.4267E+00, 1.0800E+01,
19:18:48.48335233, 2.9467E+00, 4.3733E+00, 1.0533E+01,
19:18:48.48335238, 2.9733E+00, 4.4133E+00, 1.0267E+01,
19:18:48.48335243, 2.9333E+00, 4.3867E+00, 1.0267E+01,
19:18:48.48335248, 2.9600E+00, 4.4000E+00, 1.0267E+01,
19:18:48.48335253, 2.9600E+00, 4.3733E+00, 1.0267E+01,
19:18:48.48335258, 2.9600E+00, 4.3733E+00, 1.0267E+01,
19:18:48.48335263, 2.9200E+00, 4.3867E+00, 1.0267E+01,
19:18:48.48335268, 2.9600E+00, 4.3733E+00, 1.0000E+01,
19:18:48.48335273, 2.9467E+00, 4.4133E+00, 1.0133E+01,
19:18:48.48335278, 2.9200E+00, 4.3733E+00, 1.0133E+01,
19:18:48.48335283, 2.9467E+00, 4.3733E+00, 1.0267E+01,
19:18:48.48335288, 2.9333E+00, 4.3600E+00, 1.0133E+01,
19:18:48.48335293, 2.9467E+00, 4.3733E+00, 1.0133E+01,
19:18:48.48335298, 2.9200E+00, 4.3600E+00, 9.8667E+00,
19:18:48.48335303, 2.9467E+00, 4.3600E+00, 9.8667E+00,
19:18:48.48335308, 2.9333E+00, 4.3333E+00, 1.0133E+01,
19:18:48.48335313, 2.9600E+00, 4.3467E+00, 1.0000E+01,
19:18:48.48335318, 2.9200E+00, 4.3867E+00, 9.8667E+00,
19:18:48.48335323, 2.9333E+00, 4.3467E+00, 9.8667E+00,
19:18:48.48335328, 2.9600E+00, 4.3333E+00, 1.0133E+01,
19:18:48.48335333, 2.9733E+00, 4.3600E+00, 9.6000E+00,
19:18:48.48335338, 2.9600E+00, 4.3333E+00, 9.6000E+00,
19:18:48.48335343, 2.9467E+00, 4.3333E+00, 9.6000E+00,
19:18:48.48335348, 2.9333E+00, 4.3200E+00, 9.8667E+00,
19:18:48.48335353, 2.9333E+00, 4.3333E+00, 9.4667E+00,
19:18:48.48335358, 2.9333E+00, 4.3333E+00, 9.4667E+00,
19:18:48.48335363, 2.9333E+00, 4.3333E+00, 9.7333E+00,
19:18:48.48335368, 2.9333E+00, 4.3467E+00, 9.6000E+00,
19:18:48.48335373, 2.9333E+00, 4.3200E+00, 9.8667E+00,
19:18:48.48335378, 2.9200E+00, 4.3200E+00, 9.4667E+00,
19:18:48.48335383, 2.9333E+00, 4.3067E+00, 9.3333E+00,
19:18:48.48335388, 2.9333E+00, 4.2800E+00, 9.4667E+00,
19:18:48.48335393, 2.9867E+00, 4.3067E+00, 9.3333E+00,
19:18:48.48335398, 2.9333E+00, 4.3067E+00, 8.9333E+00,
19:18:48.48335403, 2.9333E+00, 4.3067E+00, 9.0667E+00,
19:18:48.48335408, 2.9467E+00, 4.3200E+00, 9.4667E+00,
19:18:48.48335413, 2.9200E+00, 4.2933E+00, 9.4667E+00,
19:18:48.48335418, 2.9467E+00, 4.2933E+00, 9.2000E+00,
19:18:48.48335423, 2.9733E+00, 4.2933E+00, 9.3333E+00,
19:18:48.48335428, 2.9200E+00, 4.2933E+00, 9.4667E+00,
19:18:48.48335433, 2.9600E+00, 4.2933E+00, 9.4667E+00,
19:18:48.48335438, 2.9600E+00, 4.2800E+00, 9.2000E+00,
19:18:48.48335443, 2.9467E+00, 4.2800E+00, 9.0667E+00,
19:18:48.48335448, 2.9467E+00, 4.2800E+00, 9.3333E+00,
19:18:48.48335453, 2.9333E+00, 4.2800E+00, 9.2000E+00,
19:18:48.48335458, 2.9333E+00, 4.2800E+00, 9.3333E+00,
19:18:48.48335463, 2.9467E+00, 4.2933E+00, 9.4667E+00,
19:18:48.48335468, 2.9333E+00, 4.2533E+00, 9.0667E+00,
19:18:48.48335473, 2.9600E+00, 4.2800E+00, 9.3333E+00,
19:18:48.48335478, 2.9467E+00, 4.2667E+00, 9.2000E+00,
19:18:48.48335483, 2.9600E+00, 4.2667E+00, 9.2000E+00,
19:18:48.48335488, 2.9733E+00, 4.2800E+00, 9.0667E+00,
19:18:48.48335493, 2.9600E+00, 4.2667E+00, 9.0667E+00,
19:18:48.48335498, 2.9333E+00, 4.2533E+00, 9.2000E+00,
19:18:48.48335503, 2.9467E+00, 4.2667E+00, 8.9333E+00,
19:18:48.48335508, 2.9467E+00, 4.2400E+00, 9.2000E+00,
19:18:48.48335513, 2.9600E+00, 4.2533E+00, 9.3333E+00,
19:18:48.48335518, 2.9467E+00, 4.2667E+00, 9.0667E+00,
19:18:48.48335523, 2.9467E+00, 4.2267E+00, 9.0667E+00,
19:18:48.48335528, 2.9600E+00, 4.2400E+00, 9.3333E+00,
19:18:48.48335533, 2.9467E+00, 4.2400E+00, 8.9333E+00,
19:18:48.48335538, 2.9467E+00, 4.2533E+00, 9.0667E+00,
19:18:48.48335543, 2.9733E+00, 4.2400E+00, 9.2000E+00,
19:18:48.48335548, 2.9333E+00, 4.2133E+00, 9.2000E+00,
19:18:48.48335553, 2.8933E+00, 4.2267E+00, 8.9333E+00,
19:18:48.48335558, 2.9333E+00, 4.2000E+00, 8.9333E+00,
19:18:48.48335563, 2.9467E+00, 4.2267E+00, 9.0667E+00,
19:18:48.48335568, 2.9333E+00, 4.2133E+00, 8.9333E+00,
19:18:48.48335573, 2.9333E+00, 4.2267E+00, 9.0667E+00,
19:18:48.48335578, 2.9467E+00, 4.1867E+00, 9.2000E+00,
19:18:48.48335583, 2.9600E+00, 4.2133E+00, 8.9333E+00,
19:18:48.48335588, 2.9200E+00, 4.2400E+00, 8.9333E+00,
19:18:48.48335593, 2.9333E+00, 4.2267E+00, 8.9333E+00,
19:18:48.48335598, 2.9467E+00, 4.2000E+00, 8.9333E+00,
19:18:48.48335603, 2.9067E+00, 4.2000E+00, 9.0667E+00,
19:18:48.48335608, 2.9467E+00, 4.1867E+00, 8.9333E+00,
19:18:48.48335613, 2.9467E+00, 4.1867E+00, 9.0667E+00,
19:18:48.48335618, 2.9467E+00, 4.1733E+00, 9.3333E+00,
19:18:48.48335623, 2.9467E+00, 4.1733E+00, 9.0667E+00,
19:18:48.48335628, 2.9467E+00, 4.1733E+00, 8.9333E+00,
19:18:48.48335633, 2.9467E+00, 4.1733E+00, 8.9333E+00,
19:18:48.48335638, 2.9600E+00, 4.1467E+00, 8.9333E+00,
19:18:48.48335643, 2.9333E+00, 4.1867E+00, 9.3333E+00,
19:18:48.48335648, 2.9467E+00, 4.1600E+00, 8.9333E+00,
19:18:48.48335653, 2.9200E+00, 4.1600E+00, 8.9333E+00,
19:18:48.48335658, 2.9333E+00, 4.1600E+00, 9.0667E+00,
19:18:48.48335663, 2.9600E+00, 4.1600E+00, 9.2000E+00,
19:18:48.48335668, 2.9200E+00, 4.1600E+00, 8.9333E+00,
19:18:48.48335673, 2.9333E+00, 4.1600E+00, 8.9333E+00,
19:18:48.48335678, 2.9467E+00, 4.1600E+00, 9.2000E+00,
19:18:48.48335683, 2.9600E+00, 4.1467E+00, 9.2000E+00,
19:18:48.48335688, 2.9467E+00, 4.1600E+00, 9.0667E+00,
19:18:48.48335693, 2.9200E+00, 4.1467E+00, 8.9333E+00,
19:18:48.48335698, 2.9467E+00, 4.1467E+00, 9.0667E+00,
19:18:48.48335703, 2.9467E+00, 4.1467E+00, 9.3333E+00,
19:18:48.48335708, 2.9467E+00, 4.1467E+00, 8.9333E+00,
19:18:48.48335713, 2.9467E+00, 4.1200E+00, 9.2000E+00,
19:18:48.48335718, 2.9333E+00, 4.1200E+00, 9.3333E+00,
19:18:48.48335723, 2.9333E+00, 4.1467E+00, 9.3333E+00,
19:18:48.48335728, 2.9600E+00, 4.1600E+00, 9.4667E+00,
19:18:48.48335733, 2.9200E+00, 4.1200E+00, 9.2000E+00,
19:18:48.48335738, 2.9600E+00, 4.1333E+00, 8.9333E+00,
19:18:48.48335743, 2.9333E+00, 4.1333E+00, 9.3333E+00,
19:18:48.48335748, 2.8933E+00, 4.1067E+00, 9.2000E+00,
19:18:48.48335753, 2.9200E+00, 4.1200E+00, 9.2000E+00,
19:18:48.48335758, 2.9200E+00, 4.1200E+00, 9.3333E+00,
19:18:48.48335763, 2.9200E+00, 4.0933E+00, 9.3333E+00,
19:18:48.48335768, 2.9333E+00, 4.1067E+00, 9.7333E+00,
19:18:48.48335773, 2.9600E+00, 4.1200E+00, 9.2000E+00,
19:18:48.48335778, 2.9333E+00, 4.1067E+00, 9.2000E+00,
19:18:48.48335783, 2.9333E+00, 4.0933E+00, 9.4667E+00,
19:18:48.48335788, 2.9467E+00, 4.0933E+00, 9.3333E+00,
19:18:48.48335793, 2.9067E+00, 4.1200E+00, 9.2000E+00,
19:18:48.48335798, 2.9333E+00, 4.1067E+00, 9.4667E+00,
19:18:48.48335803, 2.9467E+00, 4.0667E+00, 9.6000E+00,
19:18:48.48335808, 2.9200E+00, 4.1067E+00, 9.4667E+00,
19:18:48.48335813, 2.9600E+00, 4.0800E+00, 9.6000E+00,
19:18:48.48335818, 2.9467E+00, 4.1200E+00, 9.3333E+00,
19:18:48.48335823, 2.9467E+00, 4.1067E+00, 9.4667E+00,
19:18:48.48335828, 2.9333E+00, 4.0667E+00, 9.4667E+00,
19:18:48.48335833, 2.9200E+00, 4.0933E+00, 9.7333E+00,
19:18:48.48335838, 2.9333E+00, 4.1067E+00, 9.3333E+00,
19:18:48.48335843, 2.8933E+00, 4.0800E+00, 9.6000E+00,
19:18:48.48335848, 2.9333E+00, 4.0933E+00, 9.6000E+00,
19:18:48.48335853, 2.9333E+00, 4.0533E+00, 9.6000E+00,
19:18:48.48335858, 2.9733E+00, 4.0933E+00, 9.6000E+00,
19:18:48.48335863, 2.9333E+00, 4.0533E+00, 9.7333E+00,
19:18:48.48335868, 2.9467E+00, 4.0400E+00, 9.7333E+00,
19:18:48.48335873, 2.9600E+00, 4.1067E+00, 9.6000E+00,
19:18:48.48335878, 2.9867E+00, 4.0800E+00, 9.6000E+00,
19:18:48.48335883, 2.8933E+00, 4.0400E+00, 9.6000E+00,
19:18:48.48335888, 2.9200E+00, 4.0533E+00, 9.4667E+00,
19:18:48.48335893, 2.8800E+00, 4.0933E+00, 1.0000E+01,
19:18:48.48335898, 2.9200E+00, 4.0400E+00, 9.8667E+00,
19:18:48.48335903, 2.9200E+00, 4.0533E+00, 9.7333E+00,
19:18:48.48335908, 2.9467E+00, 4.0400E+00, 9.8667E+00,
19:18:48.48335913, 2.9467E+00, 4.0800E+00, 9.8667E+00,
19:18:48.48335918, 2.9200E+00, 4.0533E+00, 1.0267E+01,
19:18:48.48335923, 2.9600E+00, 4.0667E+00, 9.8667E+00,
19:18:48.48335928, 2.9333E+00, 4.0667E+00, 9.8667E+00,
19:18:48.48335933, 2.9467E+00, 4.0533E+00, 1.0133E+01,
19:18:48.48335938, 2.9333E+00, 4.0400E+00, 1.0000E+01,
19:18:48.48335943, 2.9200E+00, 4.0400E+00, 1.0133E+01,
19:18:48.48335948, 2.9467E+00, 4.0800E+00, 1.0133E+01,
19:18:48.48335953, 2.9333E+00, 4.0400E+00, 1.0133E+01,
19:18:48.48335958, 2.9333E+00, 4.0400E+00, 1.0133E+01,
19:18:48.48335963, 2.9333E+00, 4.0400E+00, 1.0267E+01,
19:18:48.48335968, 2.9467E+00, 4.0400E+00, 1.0400E+01,
19:18:48.48335973, 2.9333E+00, 4.0267E+00, 1.0267E+01,
19:18:48.48335978, 2.9467E+00, 4.0400E+00, 1.0267E+01,
19:18:48.48335983, 2.8933E+00, 4.0667E+00, 1.0267E+01,
19:18:48.48335988, 2.9333E+00, 4.0133E+00, 1.0267E+01,
19:18:48.48335993, 2.9733E+00, 4.0267E+00, 1.0667E+01,
19:18:48.48335998, 2.9333E+00, 4.0133E+00, 1.0267E+01,
19:18:48.48336003, 2.9467E+00, 4.0267E+00, 1.0533E+01,
19:18:48.48336008, 2.9600E+00, 4.0400E+00, 1.0667E+01,
19:18:48.48336013, 2.9333E+00, 4.0133E+00, 1.0533E+01,
19:18:48.48336018, 2.9200E+00, 4.0267E+00, 1.0667E+01,
19:18:48.48336023, 2.9200E+00, 4.0267E+00, 1.0533E+01,
19:18:48.48336028, 2.9333E+00, 4.0267E+00, 1.0533E+01,
19:18:48.48336033, 2.9067E+00, 4.0133E+00, 1.0400E+01,
19:18:48.48336038, 2.9200E+00, 4.0267E+00, 1.0267E+01,
19:18:48.48336043, 2.9600E+00, 4.0400E+00, 1.0667E+01,
19:18:48.48336048, 2.9333E+00, 4.0267E+00, 1.0800E+01,
19:18:48.48336053, 2.9333E+00, 4.0267E+00, 1.1067E+01,
19:18:48.48336058, 2.9467E+00, 4.0400E+00, 1.0667E+01,
19:18:48.48336063, 2.9600E+00, 4.0133E+00, 1.0667E+01,
19:18:48.48336068, 2.9867E+00, 4.0000E+00, 1.0800E+01,
19:18:48.48336073, 2.9333E+00, 4.0267E+00, 1.0533E+01,
19:18:48.48336078, 2.9333E+00, 4.0267E+00, 1.0533E+01,
19:18:48.48336083, 2.9200E+00, 4.0267E+00, 1.0667E+01,
19:18:48.48336088, 2.9333E+00, 4.0267E+00, 1.1067E+01,
19:18:48.48336093, 2.9200E+00, 4.0267E+00, 1.0533E+01,
19:18:48.48336098, 2.9200E+00, 4.0133E+00, 1.0933E+01,
19:18:48.48336103, 2.9333E+00, 4.0000E+00, 1.1200E+01,
19:18:48.48336108, 2.9600E+00, 4.0000E+00, 1.0933E+01,
19:18:48.48336113, 2.9333E+00, 4.0133E+00, 1.1067E+01,
19:18:48.48336118, 2.9467E+00, 4.0133E+00, 1.0933E+01,
19:18:48.48336123, 2.9200E+00, 4.0133E+00, 1.1067E+01,
19:18:48.48336128, 2.9333E+00, 4.0267E+00, 1.0667E+01,
19:18:48.48336133, 2.9467E+00, 4.0267E+00, 1.0933E+01,
19:18:48.48336138, 2.9600E+00, 4.0133E+00, 1.1067E+01,
19:18:48.48336143, 2.9467E+00, 4.0133E+00, 1.1200E+01,
19:18:48.48336148, 2.9333E+00, 4.0267E+00, 1.1333E+01,
19:18:48.48336153, 2.9467E+00, 4.0133E+00, 1.1467E+01,
19:18:48.48336158, 2.9600E+00, 4.0267E+00, 1.1600E+01,
19:18:48.48336163, 2.9467E+00, 4.0267E+00, 1.1333E+01,
19:18:48.48336168, 2.9333E+00, 4.0267E+00, 1.1333E+01,
19:18:48.48336173, 2.9200E+00, 4.0267E+00, 1.1600E+01,
19:18:48.48336178, 2.9200E+00, 4.0000E+00, 1.1600E+01,
19:18:48.48336183, 2.9467E+00, 4.0133E+00, 1.1200E+01,
19:18:48.48336188, 2.9333E+00, 3.9733E+00, 1.1600E+01,
19:18:48.48336193, 2.9333E+00, 4.0133E+00, 1.1333E+01,
19:18:48.48336198, 2.9333E+00, 4.0267E+00, 1.1600E+01,
19:18:48.48336203, 2.9600E+00, 4.0400E+00, 1.1867E+01,
19:18:48.48336208, 2.9600E+00, 4.0000E+00, 1.2000E+01,
19:18:48.48336213, 2.9333E+00, 3.9867E+00, 1.1733E+01,
19:18:48.48336218, 2.9333E+00, 4.0267E+00, 1.2000E+01,
19:18:48.48336223, 2.9467E+00, 4.0133E+00, 1.1600E+01,
19:18:48.48336228, 2.9333E+00, 4.0000E+00, 1.1867E+01,
19:18:48.48336233, 2.9333E+00, 4.0000E+00, 1.1733E+01,
19:18:48.48336238, 2.9200E+00, 3.9867E+00, 1.2000E+01,
19:18:48.48336243, 2.9333E+00, 4.0267E+00, 1.1733E+01,
19:18:48.48336248, 2.9733E+00, 4.0000E+00, 1.2133E+01,
19:18:48.48336253, 2.9200E+00, 4.0000E+00, 1.1867E+01,
19:18:48.48336258, 2.9600E+00, 4.0267E+00, 1.1867E+01,
19:18:48.48336263, 2.9600E+00, 4.0000E+00, 1.2000E+01,
19:18:48.48336268, 2.9333E+00, 4.0000E+00, 1.2267E+01,
19:18:48.48336273, 2.9200E+00, 4.0000E+00, 1.2133E+01,
19:18:48.48336278, 2.9333E+00, 4.0000E+00, 1.1867E+01,
19:18:48.48336283, 2.9600E+00, 4.0000E+00, 1.2000E+01,
19:18:48.48336288, 2.9333E+00, 4.0267E+00, 1.2133E+01,
19:18:48.48336293, 2.9733E+00, 3.9867E+00, 1.2267E+01,
19:18:48.48336298, 2.9733E+00, 4.0267E+00, 1.2533E+01,
19:18:48.48336303, 2.9600E+00, 4.0267E+00, 1.2267E+01,
19:18:48.48336308, 2.9333E+00, 4.0133E+00, 1.2133E+01,
19:18:48.48336313, 2.9200E+00, 4.0133E+00, 1.2133E+01,
19:18:48.48336318, 2.9067E+00, 4.0000E+00, 1.2667E+01,
19:18:48.48336323, 2.9200E+00, 4.0000E+00, 1.2133E+01,
19:18:48.48336328, 2.9467E+00, 4.0133E+00, 1.2400E+01,
19:18:48.48336333, 2.9067E+00, 4.0267E+00, 1.2267E+01,
19:18:48.48336338, 2.9200E+00, 4.0133E+00, 1.2533E+01,
19:18:48.48336343, 2.9600E+00, 4.0267E+00, 1.2400E+01,
19:18:48.48336348, 2.9600E+00, 4.0133E+00, 1.2667E+01,
19:18:48.48336353, 2.9467E+00, 4.0267E+00, 1.2667E+01,
19:18:48.48336358, 2.9467E+00, 4.0267E+00, 1.2933E+01,
19:18:48.48336363, 2.9200E+00, 4.0267E+00, 1.2533E+01,
19:18:48.48336368, 2.9467E+00, 4.0133E+00, 1.2667E+01,
19:18:48.48336373, 2.9200E+00, 4.0267E+00, 1.2667E+01,
19:18:48.48336378, 2.9467E+00, 4.0400E+00, 1.2533E+01,
19:18:48.48336383, 2.9067E+00, 4.0267E+00, 1.2667E+01,
19:18:48.48336388, 2.9333E+00, 4.0133E+00, 1.3067E+01,
19:18:48.48336393, 2.9467E+00, 4.0267E+00, 1.2800E+01,
19:18:48.48336398, 2.9733E+00, 4.0267E+00, 1.2667E+01,
19:18:48.48336403, 2.9600E+00, 4.0533E+00, 1.3067E+01,
19:18:48.48336408, 2.9333E+00, 4.0133E+00, 1.2933E+01,
19:18:48.48336413, 2.9467E+00, 4.0267E+00, 1.3067E+01,
19:18:48.48336418, 2.9067E+00, 4.0000E+00, 1.3067E+01,
19:18:48.48336423, 2.9333E+00, 4.0400E+00, 1.2800E+01,
19:18:48.48336428, 2.9333E+00, 4.0400E+00, 1.2933E+01,
19:18:48.48336433, 2.9333E+00, 4.0267E+00, 1.2933E+01,
19:18:48.48336438, 2.9333E+00, 4.0400E+00, 1.3067E+01,
19:18:48.48336443, 2.9333E+00, 4.0267E+00, 1.3200E+01,
19:18:48.48336448, 2.9333E+00, 4.0267E+00, 1.3067E+01,
19:18:48.48336453, 2.9467E+00, 4.0400E+00, 1.3200E+01,
19:18:48.48336458, 2.9200E+00, 4.0267E+00, 1.3067E+01,
19:18:48.48336463, 2.9333E+00, 4.0400E+00, 1.3333E+01,
19:18:48.48336468, 2.9067E+00, 4.0267E+00, 1.2933E+01,
19:18:48.48336473, 2.9467E+00, 4.0267E+00, 1.3333E+01,
19:18:48.48336478, 2.9200E+00, 4.0400E+00, 1.3067E+01,
19:18:48.48336483, 2.9467E+00, 4.0133E+00, 1.3333E+01,
19:18:48.48336488, 2.9467E+00, 4.0533E+00, 1.3467E+01,
19:18:48.48336493, 2.9333E+00, 4.0400E+00, 1.3467E+01,
19:18:48.48336498, 2.9600E+00, 4.0267E+00, 1.3467E+01,
19:18:48.48336503, 2.9200E+00, 4.0533E+00, 1.3600E+01,
19:18:48.48336508, 2.9200E+00, 4.0400E+00, 1.3467E+01,
19:18:48.48336513, 2.8933E+00, 4.0533E+00, 1.3467E+01,
19:18:48.48336518, 2.9467E+00, 4.0267E+00, 1.3333E+01,
19:18:48.48336523, 2.9067E+00, 4.0267E+00, 1.3600E+01,
19:18:48.48336528, 2.9333E+00, 4.0400E+00, 1.3467E+01,
19:18:48.48336533, 2.9200E+00, 4.0267E+00, 1.3467E+01,
19:18:48.48336538, 2.9200E+00, 4.0267E+00, 1.3467E+01,
19:18:48.48336543, 2.8933E+00, 4.0667E+00, 1.3600E+01,
19:18:48.48336548, 2.9467E+00, 4.0400E+00, 1.3867E+01,
19:18:48.48336553, 2.9067E+00, 4.0400E+00, 1.3600E+01,
19:18:48.48336558, 2.9467E+00, 4.0400E+00, 1.3600E+01,
19:18:48.48336563, 2.9333E+00, 4.0267E+00, 1.3467E+01,
19:18:48.48336568, 2.9600E+00, 4.0667E+00, 1.3867E+01,
19:18:48.48336573, 2.9467E+00, 4.0933E+00, 1.3600E+01,
19:18:48.48336578, 2.9467E+00, 4.0800E+00, 1.3733E+01,
19:18:48.48336583, 2.9200E+00, 4.0533E+00, 1.4000E+01,
19:18:48.48336588, 2.9467E+00, 4.0533E+00, 1.3733E+01,
19:18:48.48336593, 2.9200E+00, 4.0533E+00, 1.4000E+01,
19:18:48.48336598, 2.9333E+00, 4.0667E+00, 1.3867E+01,
19:18:48.48336603, 2.9467E+00, 4.1067E+00, 1.4133E+01,
19:18:48.48336608, 2.9067E+00, 4.0667E+00, 1.4000E+01,
19:18:48.48336613, 2.9333E+00, 4.0667E+00, 1.4000E+01,
19:18:48.48336618, 2.9467E+00, 4.0400E+00, 1.4000E+01,
19:18:48.48336623, 2.9333E+00, 4.0533E+00, 1.3733E+01,
19:18:48.48336628, 2.9200E+00, 4.0667E+00, 1.4000E+01,
19:18:48.48336633, 2.9600E+00, 4.0533E+00, 1.4000E+01,
19:18:48.48336638, 2.9600E+00, 4.0667E+00, 1.3867E+01,
19:18:48.48336643, 2.9467E+00, 4.0933E+00, 1.4000E+01,
19:18:48.48336648, 2.9333E+00, 4.0933E+00, 1.3867E+01,
19:18:48.48336653, 2.9467E+00, 4.0667E+00, 1.3867E+01,
19:18:48.48336658, 2.9467E+00, 4.0533E+00, 1.4000E+01,
19:18:48.48336663, 2.9200E+00, 4.0533E+00, 1.3733E+01,
19:18:48.48336668, 2.9333E+00, 4.0933E+00, 1.4000E+01,
19:18:48.48336673, 2.9200E+00, 4.0800E+00, 1.4133E+01,
19:18:48.48336678, 2.9333E+00, 4.0800E+00, 1.4400E+01,
19:18:48.48336683, 2.9600E+00, 4.1067E+00, 1.4267E+01,
19:18:48.48336688, 2.9333E+00, 4.1067E+00, 1.4400E+01,
19:18:48.48336693, 2.9200E+00, 4.0533E+00, 1.4000E+01,
19:18:48.48336698, 2.9200E+00, 4.1067E+00, 1.4267E+01,
19:18:48.48336703, 2.9467E+00, 4.1067E+00, 1.4000E+01,
19:18:48.48336708, 2.9467E+00, 4.0933E+00, 1.4267E+01,
19:18:48.48336713, 2.9200E+00, 4.1200E+00, 1.4267E+01,
19:18:48.48336718, 2.9600E+00, 4.1067E+00, 1.4133E+01,
19:18:48.48336723, 2.9333E+00, 4.1333E+00, 1.4133E+01,
19:18:48.48336728, 2.9600E+00, 4.0933E+00, 1.4533E+01,
19:18:48.48336733, 2.9600E+00, 4.1200E+00, 1.4400E+01,
19:18:48.48336738, 2.9333E+00, 4.0933E+00, 1.4133E+01,
19:18:48.48336743, 2.9467E+00, 4.1200E+00, 1.4400E+01,
19:18:48.48336748, 2.9600E+00, 4.1333E+00, 1.4267E+01,
19:18:48.48336753, 2.9333E+00, 4.0933E+00, 1.4267E+01,
19:18:48.48336758, 2.8933E+00, 4.1067E+00, 1.4000E+01,
19:18:48.48336763, 2.9200E+00, 4.1467E+00, 1.4000E+01,
19:18:48.48336768, 2.9733E+00, 4.1333E+00, 1.4400E+01,
19:18:48.48336773, 2.9333E+00, 4.1467E+00, 1.4400E+01,
19:18:48.48336778, 2.9467E+00, 4.1200E+00, 1.4400E+01,
19:18:48.48336783, 2.9467E+00, 4.1200E+00, 1.4267E+01,
19:18:48.48336788, 2.9333E+00, 4.1200E+00, 1.4533E+01,
19:18:48.48336793, 2.9333E+00, 4.1467E+00, 1.4400E+01,
19:18:48.48336798, 2.9467E+00, 4.1333E+00, 1.4400E+01,
19:18:48.48336803, 2.9067E+00, 4.1333E+00, 1.4400E+01,
19:18:48.48336808, 2.9200E+00, 4.1333E+00, 1.4400E+01,
19:18:48.48336813, 2.9600E+00, 4.1200E+00, 1.4267E+01,
19:18:48.48336818, 2.9333E+00, 4.1600E+00, 1.4400E+01,
19:18:48.48336823, 2.9600E+00, 4.1067E+00, 1.4533E+01,
19:18:48.48336828, 2.9333E+00, 4.1600E+00, 1.4400E+01,
19:18:48.48336833, 2.9333E+00, 4.1600E+00, 1.4400E+01,
19:18:48.48336838, 2.9467E+00, 4.1600E+00, 1.4533E+01,
19:18:48.48336843, 2.9333E+00, 4.1467E+00, 1.4533E+01,
19:18:48.48336848, 2.9067E+00, 4.1467E+00, 1.4667E+01,
19:18:48.48336853, 2.9200E+00, 4.1600E+00, 1.4133E+01,
19:18:48.48336858, 2.9333E+00, 4.1600E+00, 1.4133E+01,
19:18:48.48336863, 2.9200E+00, 4.1600E+00, 1.4400E+01,
19:18:48.48336868, 2.9467E+00, 4.1600E+00, 1.4400E+01,
19:18:48.48336873, 2.9600E+00, 4.1333E+00, 1.4400E+01,
19:18:48.48336878, 2.9467E+00, 4.1733E+00, 1.4667E+01,
19:18:48.48336883, 2.9467E+00, 4.1600E+00, 1.4400E+01,
19:18:48.48336888, 2.9200E+00, 4.1600E+00, 1.4400E+01,
19:18:48.48336893, 2.9333E+00, 4.1600E+00, 1.4400E+01,
19:18:48.48336898, 2.9200E+00, 4.1733E+00, 1.4400E+01,
19:18:48.48336903, 2.9333E+00, 4.1467E+00, 1.4267E+01,
19:18:48.48336908, 2.9733E+00, 4.1600E+00, 1.4400E+01,
19:18:48.48336913, 2.9600E+00, 4.1600E+00, 1.4400E+01,
19:18:48.48336918, 2.9200E+00, 4.1733E+00, 1.4400E+01,
19:18:48.48336923, 2.9200E+00, 4.1600E+00, 1.4800E+01,
19:18:48.48336928, 2.9200E+00, 4.1467E+00, 1.4533E+01,
19:18:48.48336933, 2.9467E+00, 4.1467E+00, 1.4533E+01,
19:18:48.48336938, 2.9467E+00, 4.1467E+00, 1.4667E+01,
19:18:48.48336943, 2.9333E+00, 4.1600E+00, 1.4533E+01,
19:18:48.48336948, 2.9200E+00, 4.1600E+00, 1.4667E+01,
19:18:48.48336953, 2.9467E+00, 4.1733E+00, 1.4400E+01,
19:18:48.48336958, 2.9733E+00, 4.1600E+00, 1.4400E+01,
19:18:48.48336963, 2.9200E+00, 4.2267E+00, 1.4267E+01,
19:18:48.48336968, 2.9200E+00, 4.1733E+00, 1.4267E+01,
19:18:48.48336973, 2.9733E+00, 4.1733E+00, 1.4400E+01,
19:18:48.48336978, 2.9733E+00, 4.1600E+00, 1.4533E+01,
19:18:48.48336983, 2.9333E+00, 4.1867E+00, 1.4400E+01,
19:18:48.48336988, 2.9467E+00, 4.1733E+00, 1.4533E+01,
19:18:48.48336993, 2.9200E+00, 4.2000E+00, 1.4400E+01,
19:18:48.48336998, 2.8933E+00, 4.1867E+00, 1.4400E+01,
19:18:48.48337003, 2.9467E+00, 4.1867E+00, 1.4400E+01,
19:18:48.48337008, 2.9333E+00, 4.1867E+00, 1.4400E+01,
19:18:48.48337013, 2.9333E+00, 4.2000E+00, 1.4400E+01,
19:18:48.48337018, 2.9467E+00, 4.1867E+00, 1.4267E+01,
19:18:48.48337023, 2.9600E+00, 4.1867E+00, 1.4400E+01,
19:18:48.48337028, 2.9600E+00, 4.1733E+00, 1.4400E+01,
19:18:48.48337033, 2.9067E+00, 4.1733E+00, 1.4400E+01,
19:18:48.48337038, 2.9067E+00, 4.1867E+00, 1.4400E+01,
19:18:48.48337043, 2.9200E+00, 4.2133E+00, 1.4400E+01,
19:18:48.48337048, 2.9467E+00, 4.2400E+00, 1.4400E+01,
19:18:48.48337053, 2.9067E+00, 4.2133E+00, 1.4667E+01,
19:18:48.48337058, 2.9600E+00, 4.2000E+00, 1.4533E+01,
19:18:48.48337063, 2.9467E+00, 4.2267E+00, 1.4400E+01,
19:18:48.48337068, 2.9600E+00, 4.2133E+00, 1.4533E+01,
19:18:48.48337073, 2.9333E+00, 4.1867E+00, 1.4267E+01,
19:18:48.48337078, 2.9600E+00, 4.2000E+00, 1.4400E+01,
19:18:48.48337083, 2.9467E+00, 4.2000E+00, 1.4800E+01,
19:18:48.48337088, 2.9467E+00, 4.2133E+00, 1.4533E+01,
19:18:48.48337093, 2.9467E+00, 4.2133E+00, 1.4000E+01,
19:18:48.48337098, 2.9333E+00, 4.2133E+00, 1.4400E+01,
19:18:48.48337103, 2.9333E+00, 4.2267E+00, 1.4800E+01,
19:18:48.48337108, 2.9467E+00, 4.2133E+00, 1.4400E+01,
19:18:48.48337113, 2.9733E+00, 4.2400E+00, 1.4667E+01,
19:18:48.48337118, 2.9333E+00, 4.2400E+00, 1.4400E+01,
19:18:48.48337123, 2.9467E+00, 4.2000E+00, 1.4533E+01,
19:18:48.48337128, 2.9467E+00, 4.2267E+00, 1.4400E+01,
19:18:48.48337133, 2.9200E+00, 4.2400E+00, 1.4400E+01,
19:18:48.48337138, 2.9333E+00, 4.2267E+00, 1.4400E+01,
19:18:48.48337143, 2.9333E+00, 4.2533E+00, 1.4400E+01,
19:18:48.48337148, 2.9333E+00, 4.2400E+00, 1.4400E+01,
19:18:48.48337153, 2.9200E+00, 4.2667E+00, 1.4400E+01,
19:18:48.48337158, 2.9333E+00, 4.2400E+00, 1.4400E+01,
19:18:48.48337163, 2.9467E+00, 4.2400E+00, 1.4400E+01,
19:18:48.48337168, 2.9200E+00, 4.2400E+00, 1.4267E+01,
19:18:48.48337173, 2.9200E+00, 4.2267E+00, 1.4267E+01,
19:18:48.48337178, 2.9467E+00, 4.2400E+00, 1.4133E+01,
19:18:48.48337183, 2.9333E+00, 4.2533E+00, 1.4400E+01,
19:18:48.48337188, 2.9333E+00, 4.2400E+00, 1.4267E+01,
19:18:48.48337193, 2.9067E+00, 4.2800E+00, 1.4400E+01,
19:18:48.48337198, 2.9333E+00, 4.2667E+00, 1.4000E+01,
19:18:48.48337203, 2.9333E+00, 4.2667E+00, 1.4267E+01,
19:18:48.48337208, 2.9600E+00, 4.2000E+00, 1.4267E+01,
19:18:48.48337213, 2.9600E+00, 4.2400E+00, 1.4400E+01,
19:18:48.48337218, 2.9333E+00, 4.2400E+00, 1.4400E+01,
19:18:48.48337223, 2.9600E+00, 4.2267E+00, 1.4133E+01,
19:18:48.48337228, 2.9333E+00, 4.2400E+00, 1.4267E+01,
19:18:48.48337233, 2.9333E+00, 4.2667E+00, 1.4267E+01,
19:18:48.48337238, 2.9467E+00, 4.2400E+00, 1.4267E+01,
19:18:48.48337243, 2.9200E+00, 4.2800E+00, 1.4267E+01,
19:18:48.48337248, 2.9333E+00, 4.2400E+00, 1.4133E+01,
19:18:48.48337253, 3.0000E+00, 4.2667E+00, 1.3867E+01,
19:18:48.48337258, 2.9200E+00, 4.2667E+00, 1.4133E+01,
19:18:48.48337263, 2.9600E+00, 4.2800E+00, 1.4133E+01,
19:18:48.48337268, 2.9467E+00, 4.2800E+00, 1.4133E+01,
19:18:48.48337273, 2.9200E+00, 4.2800E+00, 1.4267E+01,
19:18:48.48337278, 2.9067E+00, 4.2800E+00, 1.4000E+01,
19:18:48.48337283, 2.9200E+00, 4.2533E+00, 1.3600E+01,
19:18:48.48337288, 2.9333E+00, 4.2667E+00, 1.3867E+01,
19:18:48.48337293, 2.9333E+00, 4.2800E+00, 1.4000E+01,
19:18:48.48337298, 2.9600E+00, 4.2667E+00, 1.3867E+01,
19:18:48.48337303, 2.9333E+00, 4.2667E+00, 1.3867E+01,
19:18:48.48337308, 2.9333E+00, 4.2400E+00, 1.3733E+01,
19:18:48.48337313, 2.9467E+00, 4.2400E+00, 1.3467E+01,
19:18:48.48337318, 2.9333E+00, 4.2533E+00, 1.3867E+01,
19:18:48.48337323, 2.9333E+00, 4.2667E+00, 1.4000E+01,
19:18:48.48337328, 2.9600E+00, 4.2533E+00, 1.3867E+01,
19:18:48.48337333, 2.9733E+00, 4.2800E+00, 1.4133E+01,
19:18:48.48337338, 2.9333E+00, 4.2533E+00, 1.3733E+01,
19:18:48.48337343, 2.9333E+00, 4.2933E+00, 1.3467E+01,
19:18:48.48337348, 2.9467E+00, 4.2933E+00, 1.3600E+01,
19:18:48.48337353, 2.9333E+00, 4.2800E+00, 1.3600E+01,
19:18:48.48337358, 2.9600E+00, 4.2667E+00, 1.3867E+01,
19:18:48.48337363, 2.9467E+00, 4.2800E+00, 1.3600E+01,
19:18:48.48337368, 2.9467E+00, 4.3067E+00, 1.3733E+01,
19:18:48.48337373, 2.9467E+00, 4.2800E+00, 1.4000E+01,
19:18:48.48337378, 2.9333E+00, 4.2667E+00, 1.3600E+01,
19:18:48.48337383, 2.9333E+00, 4.2800E+00, 1.3600E+01,
19:18:48.48337388, 2.9200E+00, 4.2933E+00, 1.3600E+01,
19:18:48.48337393, 2.9467E+00, 4.3067E+00, 1.3867E+01,
19:18:48.48337398, 2.9733E+00, 4.2800E+00, 1.3467E+01,
19:18:48.48337403, 2.9467E+00, 4.2667E+00, 1.3333E+01,
19:18:48.48337408, 2.9200E+00, 4.2800E+00, 1.3600E+01,
19:18:48.48337413, 2.9067E+00, 4.2800E+00, 1.3333E+01,
19:18:48.48337418, 2.9200E+00, 4.2800E+00, 1.3333E+01,
19:18:48.48337423, 2.9333E+00, 4.2933E+00, 1.3467E+01,
19:18:48.48337428, 2.9467E+00, 4.2667E+00, 1.3067E+01,
19:18:48.48337433, 2.9467E+00, 4.2533E+00, 1.3333E+01,
19:18:48.48337438, 2.9467E+00, 4.2800E+00, 1.3600E+01,
19:18:48.48337443, 2.9600E+00, 4.2667E+00, 1.3067E+01,
19:18:48.48337448, 2.9200E+00, 4.2800E+00, 1.3467E+01,
19:18:48.48337453, 2.9333E+00, 4.2800E+00, 1.3333E+01,
19:18:48.48337458, 2.9467E+00, 4.2933E+00, 1.3467E+01,
19:18:48.48337463, 2.9600E+00, 4.2933E+00, 1.3333E+01,
19:18:48.48337468, 2.9467E+00, 4.2533E+00, 1.3200E+01,
19:18:48.48337473, 2.8933E+00, 4.2800E+00, 1.3333E+01,
19:18:48.48337478, 2.9467E+00, 4.2533E+00, 1.3200E+01,
19:18:48.48337483, 2.9467E+00, 4.2933E+00, 1.3467E+01,
19:18:48.48337488, 2.9333E+00, 4.2933E+00, 1.3067E+01,
19:18:48.48337493, 2.9333E+00, 4.2800E+00, 1.3200E+01,
19:18:48.48337498, 2.9333E+00, 4.3067E+00, 1.2933E+01,
19:18:48.48337503, 2.9333E+00, 4.2933E+00, 1.3200E+01,
19:18:48.48337508, 2.9333E+00, 4.2933E+00, 1.3067E+01,
19:18:48.48337513, 2.9600E+00, 4.2933E+00, 1.3067E+01,
19:18:48.48337518, 2.9067E+00, 4.2933E+00, 1.3067E+01,
19:18:48.48337523, 2.9333E+00, 4.2800E+00, 1.3067E+01,
19:18:48.48337528, 2.9333E+00, 4.3067E+00, 1.3200E+01,
19:18:48.48337533, 2.9600E+00, 4.2933E+00, 1.3067E+01,
19:18:48.48337538, 2.9600E+00, 4.2933E+00, 1.3067E+01,
19:18:48.48337543, 2.9333E+00, 4.2800E+00, 1.2933E+01,
19:18:48.48337548, 2.9600E+00, 4.2667E+00, 1.3067E+01,
19:18:48.48337553, 2.9200E+00, 4.2933E+00, 1.2933E+01,
19:18:48.48337558, 2.9333E+00, 4.3067E+00, 1.2800E+01,
19:18:48.48337563, 2.9600E+00, 4.2800E+00, 1.3067E+01,
19:18:48.48337568, 2.9467E+00, 4.3067E+00, 1.2667E+01,
19:18:48.48337573, 2.9467E+00, 4.2933E+00, 1.2933E+01,
19:18:48.48337578, 2.9200E+00, 4.3067E+00, 1.3067E+01,
19:18:48.48337583, 2.9733E+00, 4.2800E+00, 1.3067E+01,
19:18:48.48337588, 2.9333E+00, 4.2933E+00, 1.2933E+01,
19:18:48.48337593, 2.9600E+00, 4.2933E+00, 1.2933E+01,
19:18:48.48337598, 2.9467E+00, 4.2667E+00, 1.2933E+01,
19:18:48.48337603, 2.9333E+00, 4.2933E+00, 1.2800E+01,
19:18:48.48337608, 2.9333E+00, 4.2800E+00, 1.3067E+01,
19:18:48.48337613, 2.9467E+00, 4.2933E+00, 1.3200E+01,
19:18:48.48337618, 2.9467E+00, 4.2933E+00, 1.2933E+01,
19:18:48.48337623, 2.9600E+00, 4.2933E+00, 1.2933E+01,
19:18:48.48337628, 2.9467E+00, 4.2933E+00, 1.2933E+01,
19:18:48.48337633, 2.9467E+00, 4.2933E+00, 1.2800E+01,
19:18:48.48337638, 2.9333E+00, 4.2667E+00, 1.2800E+01,
19:18:48.48337643, 2.9200E+00, 4.2800E+00, 1.2667E+01,
19:18:48.48337648, 2.9467E+00, 4.2800E+00, 1.2800E+01,
19:18:48.48337653, 2.9467E+00, 4.2933E+00, 1.2800E+01,
19:18:48.48337658, 2.9467E+00, 4.2800E+00, 1.3067E+01,
19:18:48.48337663, 2.9333E+00, 4.2800E+00, 1.2533E+01,
19:18:48.48337668, 2.9333E+00, 4.2533E+00, 1.2800E+01,
19:18:48.48337673, 2.9333E+00, 4.2933E+00, 1.2933E+01,
19:18:48.48337678, 2.9467E+00, 4.2800E+00, 1.2533E+01,
19:18:48.48337683, 2.9200E+00, 4.2933E+00, 1.2133E+01,
19:18:48.48337688, 2.9600E+00, 4.2800E+00, 1.2400E+01,
19:18:48.48337693, 2.9467E+00, 4.2667E+00, 1.2400E+01,
19:18:48.48337698, 2.9600E+00, 4.2800E+00, 1.2133E+01,
19:18:48.48337703, 2.9333E+00, 4.2400E+00, 1.2533E+01,
19:18:48.48337708, 2.9467E+00, 4.2667E+00, 1.2667E+01,
19:18:48.48337713, 2.9200E+00, 4.2933E+00, 1.2400E+01,
19:18:48.48337718, 2.9333E+00, 4.2933E+00, 1.2800E+01,
19:18:48.48337723, 2.9333E+00, 4.2533E+00, 1.2133E+01,
19:18:48.48337728, 2.9467E+00, 4.2533E+00, 1.2533E+01,
19:18:48.48337733, 2.9333E+00, 4.2933E+00, 1.2400E+01,
19:18:48.48337738, 2.9600E+00, 4.2533E+00, 1.2400E+01,
19:18:48.48337743, 2.9467E+00, 4.2400E+00, 1.2267E+01,
19:18:48.48337748, 2.9200E+00, 4.2533E+00, 1.2400E+01,
19:18:48.48337753, 2.9200E+00, 4.2800E+00, 1.2400E+01,
19:18:48.48337758, 2.9200E+00, 4.2533E+00, 1.2400E+01,
19:18:48.48337763, 2.9467E+00, 4.2667E+00, 1.2533E+01,
19:18:48.48337768, 2.9067E+00, 4.2667E+00, 1.1867E+01,
19:18:48.48337773, 2.9733E+00, 4.2667E+00, 1.2267E+01,
19:18:48.48337778, 2.9200E+00, 4.2800E+00, 1.2267E+01,
19:18:48.48337783, 2.9333E+00, 4.2933E+00, 1.2000E+01,
19:18:48.48337788, 2.9467E+00, 4.2800E+00, 1.2533E+01,
19:18:48.48337793, 2.9333E+00, 4.2667E+00, 1.2133E+01,
19:18:48.48337798, 2.9467E+00, 4.2933E+00, 1.1867E+01,
19:18:48.48337803, 2.9200E+00, 4.2800E+00, 1.2267E+01,
19:18:48.48337808, 2.9067E+00, 4.2933E+00, 1.2267E+01,
19:18:48.48337813, 2.9200E+00, 4.2667E+00, 1.2267E+01,
19:18:48.48337818, 2.9333E+00, 4.2933E+00, 1.2133E+01,
19:18:48.48337823, 2.9467E+00, 4.2533E+00, 1.1600E+01,
19:18:48.48337828, 2.9333E+00, 4.2667E+00, 1.2000E+01,
19:18:48.48337833, 2.9467E+00, 4.2400E+00, 1.1867E+01,
19:18:48.48337838, 2.9467E+00, 4.2533E+00, 1.2133E+01,
19:18:48.48337843, 2.9333E+00, 4.2667E+00, 1.2000E+01,
19:18:48.48337848, 2.9333E+00, 4.2667E+00, 1.2267E+01,
19:18:48.48337853, 2.9200E+00, 4.2667E+00, 1.2133E+01,
19:18:48.48337858, 2.9600E+00, 4.2400E+00, 1.2000E+01,
19:18:48.48337863, 2.9200E+00, 4.2667E+00, 1.1600E+01,
19:18:48.48337868, 2.9333E+00, 4.2933E+00, 1.1867E+01,
19:18:48.48337873, 2.9600E+00, 4.2400E+00, 1.1733E+01,
19:18:48.48337878, 2.9467E+00, 4.2400E+00, 1.2000E+01,
19:18:48.48337883, 2.9733E+00, 4.2667E+00, 1.2133E+01,
19:18:48.48337888, 2.9600E+00, 4.2667E+00, 1.2267E+01,
19:18:48.48337893, 2.9333E+00, 4.2533E+00, 1.1733E+01,
19:18:48.48337898, 2.9333E+00, 4.2533E+00, 1.2000E+01,
19:18:48.48337903, 2.9467E+00, 4.2800E+00, 1.2000E+01,
19:18:48.48337908, 2.9600E+00, 4.2533E+00, 1.1733E+01,
19:18:48.48337913, 2.9200E+00, 4.2533E+00, 1.2000E+01,
19:18:48.48337918, 2.9467E+00, 4.2400E+00, 1.1733E+01,
19:18:48.48337923, 2.9467E+00, 4.2533E+00, 1.1733E+01,
19:18:48.48337928, 2.9867E+00, 4.2667E+00, 1.1867E+01,
19:18:48.48337933, 2.9333E+00, 4.2400E+00, 1.1600E+01,
19:18:48.48337938, 2.9600E+00, 4.2533E+00, 1.1867E+01,
19:18:48.48337943, 2.9333E+00, 4.2267E+00, 1.1733E+01,
19:18:48.48337948, 2.9333E+00, 4.2533E+00, 1.1600E+01,
19:18:48.48337953, 2.9467E+00, 4.2400E+00, 1.1733E+01,
19:18:48.48337958, 2.9333E+00, 4.2533E+00, 1.1733E+01,
19:18:48.48337963, 2.9467E+00, 4.2400E+00, 1.2000E+01,
19:18:48.48337968, 2.9600E+00, 4.2933E+00, 1.1867E+01,
19:18:48.48337973, 2.9333E+00, 4.2533E+00, 1.1600E+01,
19:18:48.48337978, 2.9600E+00, 4.2400E+00, 1.1733E+01,
19:18:48.48337983, 2.9467E+00, 4.2267E+00, 1.1600E+01,
19:18:48.48337988, 2.9467E+00, 4.2533E+00, 1.1733E+01,
19:18:48.48337993, 2.9467E+00, 4.2400E+00, 1.2133E+01,
19:18:48.48337998, 2.9200E+00, 4.2400E+00, 1.1600E+01,
19:18:48.48338003, 2.9333E+00, 4.2533E+00, 1.1600E+01,
19:18:48.48338008, 2.9200E+00, 4.2267E+00, 1.1733E+01,
19:18:48.48338013, 2.9200E+00, 4.2533E+00, 1.1867E+01,
19:18:48.48338018, 2.9333E+00, 4.2400E+00, 1.1600E+01,
19:18:48.48338023, 2.9333E+00, 4.2533E+00, 1.1600E+01,
19:18:48.48338028, 2.9467E+00, 4.2533E+00, 1.1600E+01,
19:18:48.48338033, 2.9333E+00, 4.2400E+00, 1.1333E+01,
19:18:48.48338038, 2.9333E+00, 4.2267E+00, 1.1600E+01,
19:18:48.48338043, 2.9600E+00, 4.2667E+00, 1.1733E+01,
19:18:48.48338048, 2.9467E+00, 4.2667E+00, 1.1600E+01,
19:18:48.48338053, 2.9333E+00, 4.2267E+00, 1.2000E+01,
19:18:48.48338058, 2.9600E+00, 4.2400E+00, 1.1333E+01,
19:18:48.48338063, 2.9333E+00, 4.2267E+00, 1.1733E+01,
19:18:48.48338068, 2.9600E+00, 4.2267E+00, 1.1733E+01,
19:18:48.48338073, 2.9467E+00, 4.2133E+00, 1.1733E+01,
19:18:48.48338078, 2.9333E+00, 4.2267E+00, 1.1600E+01,
19:18:48.48338083, 2.9467E+00, 4.2267E+00, 1.1600E+01,
19:18:48.48338088, 2.9467E+00, 4.1733E+00, 1.1600E+01,
19:18:48.48338093, 2.9067E+00, 4.1867E+00, 1.1600E+01,
19:18:48.48338098, 2.9467E+00, 4.2133E+00, 1.1600E+01,
19:18:48.48338103, 2.9200E+00, 4.2133E+00, 1.1867E+01,
19:18:48.48338108, 2.9200E+00, 4.2533E+00, 1.1733E+01,
19:18:48.48338113, 2.9333E+00, 4.1867E+00, 1.1600E+01,
19:18:48.48338118, 2.9200E+00, 4.2000E+00, 1.1600E+01,
19:18:48.48338123, 2.9600E+00, 4.2000E+00, 1.1467E+01,
19:18:48.48338128, 2.9333E+00, 4.2133E+00, 1.1600E+01,
19:18:48.48338133, 2.9200E+00, 4.1867E+00, 1.1733E+01,
19:18:48.48338138, 2.9200E+00, 4.2000E+00, 1.1467E+01,
19:18:48.48338143, 2.8933E+00, 4.2133E+00, 1.1600E+01,
19:18:48.48338148, 2.9067E+00, 4.1733E+00, 1.1600E+01,
19:18:48.48338153, 2.9467E+00, 4.2000E+00, 1.1600E+01,
19:18:48.48338158, 2.9333E+00, 4.2000E+00, 1.1600E+01,
19:18:48.48338163, 2.9333E+00, 4.2133E+00, 1.1600E+01,
19:18:48.48338168, 2.9600E+00, 4.1867E+00, 1.1467E+01,
19:18:48.48338173, 2.9600E+00, 4.1867E+00, 1.1600E+01,
19:18:48.48338178, 2.9333E+00, 4.2133E+00, 1.1600E+01,
19:18:48.48338183, 2.9333E+00, 4.2133E+00, 1.1333E+01,
19:18:48.48338188, 2.9333E+00, 4.2400E+00, 1.1600E+01,
19:18:48.48338193, 2.9200E+00, 4.2000E+00, 1.1600E+01,
19:18:48.48338198, 2.9467E+00, 4.2000E+00, 1.1600E+01,
19:18:48.48338203, 2.9333E+00, 4.2133E+00, 1.1600E+01,
19:18:48.48338208, 2.9200E+00, 4.1867E+00, 1.1600E+01,
19:18:48.48338213, 2.9467E+00, 4.2000E+00, 1.1600E+01,
19:18:48.48338218, 2.9600E+00, 4.1867E+00, 1.1467E+01,
19:18:48.48338223, 2.9333E+00, 4.2133E+00, 1.1600E+01,
19:18:48.48338228, 2.9333E+00, 4.1867E+00, 1.1600E+01,
19:18:48.48338233, 2.9467E+00, 4.2133E+00, 1.1600E+01,
19:18:48.48338238, 2.9333E+00, 4.1733E+00, 1.1733E+01,
19:18:48.48338243, 2.9200E+00, 4.1867E+00, 1.1600E+01,
19:18:48.48338248, 2.9333E+00, 4.1600E+00, 1.1467E+01,
19:18:48.48338253, 2.9600E+00, 4.1867E+00, 1.1467E+01,
19:18:48.48338258, 2.9600E+00, 4.1600E+00, 1.1733E+01,
19:18:48.48338263, 2.9467E+00, 4.1867E+00, 1.1600E+01,
19:18:48.48338268, 2.9600E+00, 4.1867E+00, 1.1600E+01,
19:18:48.48338273, 2.9467E+00, 4.1867E+00, 1.1467E+01,
19:18:48.48338278, 2.9467E+00, 4.1867E+00, 1.1733E+01,
19:18:48.48338283, 2.9467E+00, 4.1600E+00, 1.2000E+01,
19:18:48.48338288, 2.9067E+00, 4.1600E+00, 1.1600E+01,
19:18:48.48338293, 2.9067E+00, 4.1600E+00, 1.1600E+01,
19:18:48.48338298, 2.9333E+00, 4.1867E+00, 1.1600E+01,
19:18:48.48338303, 2.9600E+00, 4.1867E+00, 1.1733E+01,
19:18:48.48338308, 2.9600E+00, 4.1733E+00, 1.1600E+01,
19:18:48.48338313, 2.9333E+00, 4.1867E+00, 1.1467E+01,
19:18:48.48338318, 2.9067E+00, 4.1733E+00, 1.1333E+01,
19:18:48.48338323, 2.9600E+00, 4.1600E+00, 1.1600E+01,
19:18:48.48338328, 2.9200E+00, 4.1733E+00, 1.1333E+01,
19:18:48.48338333, 2.9333E+00, 4.1733E+00, 1.1600E+01,
19:18:48.48338338, 2.9467E+00, 4.1867E+00, 1.1467E+01,
19:18:48.48338343, 2.9333E+00, 4.1867E+00, 1.1333E+01,
19:18:48.48338348, 2.9600E+00, 4.1600E+00, 1.1733E+01,
19:18:48.48338353, 2.9067E+00, 4.1600E+00, 1.1733E+01,
19:18:48.48338358, 2.9600E+00, 4.1600E+00, 1.1600E+01,
19:18:48.48338363, 2.9333E+00, 4.1867E+00, 1.1867E+01,
19:18:48.48338368, 2.9333E+00, 4.1600E+00, 1.1733E+01,
19:18:48.48338373, 2.9200E+00, 4.1600E+00, 1.1467E+01,
19:18:48.48338378, 2.9333E+00, 4.1600E+00, 1.1733E+01,
19:18:48.48338383, 2.9200E+00, 4.1600E+00, 1.1733E+01,
19:18:48.48338388, 2.9200E+00, 4.1733E+00, 1.1600E+01,
19:18:48.48338393, 2.9467E+00, 4.1600E+00, 1.1867E+01,
19:18:48.48338398, 2.9733E+00, 4.1600E+00, 1.1733E+01,
19:18:48.48338403, 2.9600E+00, 4.1600E+00, 1.1600E+01,
19:18:48.48338408, 2.9467E+00, 4.1733E+00, 1.1600E+01,
19:18:48.48338413, 2.9467E+00, 4.1867E+00, 1.1467E+01,
19:18:48.48338418, 2.9333E+00, 4.1600E+00, 1.1733E+01,
19:18:48.48338423, 2.9333E+00, 4.1600E+00, 1.1600E+01,
19:18:48.48338428, 2.8933E+00, 4.1733E+00, 1.1600E+01,
19:18:48.48338433, 2.8800E+00, 4.1733E+00, 1.1733E+01,
19:18:48.48338438, 2.9600E+00, 4.1467E+00, 1.1600E+01,
19:18:48.48338443, 2.9467E+00, 4.1600E+00, 1.1867E+01,
19:18:48.48338448, 2.9333E+00, 4.1600E+00, 1.1867E+01,
19:18:48.48338453, 2.9467E+00, 4.1600E+00, 1.1600E+01,
19:18:48.48338458, 2.9333E+00, 4.1600E+00, 1.1467E+01,
19:18:48.48338463, 2.9467E+00, 4.1467E+00, 1.1600E+01,
19:18:48.48338468, 2.9333E+00, 4.1600E+00, 1.1733E+01,
19:18:48.48338473, 2.8933E+00, 4.1600E+00, 1.1600E+01,
19:18:48.48338478, 2.9333E+00, 4.1467E+00, 1.1867E+01,
19:18:48.48338483, 2.9333E+00, 4.1600E+00, 1.1600E+01,
19:18:48.48338488, 2.9733E+00, 4.1600E+00, 1.1600E+01,
19:18:48.48338493, 2.9467E+00, 4.1467E+00, 1.1867E+01,
19:18:48.48338498, 2.9200E+00, 4.1600E+00, 1.1733E+01,
19:18:48.48338503, 2.9467E+00, 4.1600E+00, 1.1733E+01,
19:18:48.48338508, 2.9467E+00, 4.1200E+00, 1.1600E+01,
19:18:48.48338513, 2.9333E+00, 4.1467E+00, 1.1733E+01,
19:18:48.48338518, 2.9333E+00, 4.1333E+00, 1.1600E+01,
19:18:48.48338523, 2.9067E+00, 4.1467E+00, 1.2000E+01,
19:18:48.48338528, 2.9067E+00, 4.1467E+00, 1.1733E+01,
19:18:48.48338533, 2.9600E+00, 4.1467E+00, 1.1333E+01,
19:18:48.48338538, 2.9333E+00, 4.1333E+00, 1.1867E+01,
19:18:48.48338543, 2.9200E+00, 4.1600E+00, 1.1733E+01,
19:18:48.48338548, 2.9467E+00, 4.1333E+00, 1.1600E+01,
19:18:48.48338553, 2.9467E+00, 4.1467E+00, 1.1600E+01,
19:18:48.48338558, 2.8933E+00, 4.1467E+00, 1.1867E+01,
19:18:48.48338563, 2.9600E+00, 4.1467E+00, 1.1733E+01,
19:18:48.48338568, 2.9467E+00, 4.1733E+00, 1.1600E+01,
19:18:48.48338573, 2.9200E+00, 4.1200E+00, 1.1600E+01,
19:18:48.48338578, 2.9200E+00, 4.1467E+00, 1.1867E+01,
19:18:48.48338583, 2.9467E+00, 4.1333E+00, 1.1867E+01,
19:18:48.48338588, 2.9333E+00, 4.1200E+00, 1.2000E+01,
19:18:48.48338593, 2.9333E+00, 4.1600E+00, 1.1867E+01,
19:18:48.48338598, 2.9467E+00, 4.1600E+00, 1.2000E+01,
19:18:48.48338603, 2.9600E+00, 4.1467E+00, 1.1600E+01,
19:18:48.48338608, 2.9200E+00, 4.1333E+00, 1.1733E+01,
19:18:48.48338613, 2.9600E+00, 4.1733E+00, 1.2000E+01,
19:18:48.48338618, 2.9333E+00, 4.1067E+00, 1.1733E+01,
19:18:48.48338623, 2.8933E+00, 4.1600E+00, 1.1867E+01,
19:18:48.48338628, 2.9467E+00, 4.1600E+00, 1.2000E+01,
19:18:48.48338633, 2.9333E+00, 4.1067E+00, 1.2267E+01,
19:18:48.48338638, 2.9067E+00, 4.1333E+00, 1.1867E+01,
19:18:48.48338643, 2.9600E+00, 4.1067E+00, 1.2000E+01,
19:18:48.48338648, 2.9333E+00, 4.1600E+00, 1.1867E+01,
19:18:48.48338653, 2.9600E+00, 4.1600E+00, 1.2133E+01,
19:18:48.48338658, 2.9333E+00, 4.1600E+00, 1.1733E+01,
19:18:48.48338663, 2.9333E+00, 4.1600E+00, 1.2133E+01,
19:18:48.48338668, 2.9200E+00, 4.1467E+00, 1.1733E+01,
19:18:48.48338673, 2.9067E+00, 4.1467E+00, 1.2133E+01,
19:18:48.48338678, 2.9467E+00, 4.1333E+00, 1.2133E+01,
19:18:48.48338683, 2.9200E+00, 4.1067E+00, 1.2267E+01,
19:18:48.48338688, 2.9333E+00, 4.1067E+00, 1.2267E+01,
19:18:48.48338693, 2.9467E+00, 4.1467E+00, 1.2267E+01,
19:18:48.48338698, 2.9467E+00, 4.1333E+00, 1.1867E+01,
19:18:48.48338703, 2.9467E+00, 4.1467E+00, 1.2133E+01,
19:18:48.48338708, 2.9200E+00, 4.0933E+00, 1.2000E+01,
19:18:48.48338713, 2.9333E+00, 4.1467E+00, 1.2133E+01,
19:18:48.48338718, 2.9333E+00, 4.1200E+00, 1.2133E+01,
19:18:48.48338723, 2.9467E+00, 4.1467E+00, 1.2000E+01,
19:18:48.48338728, 2.9333E+00, 4.1067E+00, 1.1867E+01,
19:18:48.48338733, 2.9333E+00, 4.1200E+00, 1.2400E+01,
19:18:48.48338738, 2.9600E+00, 4.1067E+00, 1.2133E+01,
19:18:48.48338743, 2.9467E+00, 4.1200E+00, 1.2000E+01,
19:18:48.48338748, 2.9600E+00, 4.1600E+00, 1.2400E+01,
19:18:48.48338753, 2.9467E+00, 4.1467E+00, 1.2000E+01,
19:18:48.48338758, 2.9600E+00, 4.1333E+00, 1.2133E+01,
19:18:48.48338763, 2.9200E+00, 4.1200E+00, 1.2133E+01,
19:18:48.48338768, 2.9200E+00, 4.1067E+00, 1.1867E+01,
19:18:48.48338773, 2.9200E+00, 4.1067E+00, 1.2267E+01,
19:18:48.48338778, 2.9333E+00, 4.0933E+00, 1.2133E+01,
19:18:48.48338783, 2.9333E+00, 4.1467E+00, 1.1867E+01,
19:18:48.48338788, 2.9200E+00, 4.1333E+00, 1.2400E+01,
19:18:48.48338793, 2.9467E+00, 4.1467E+00, 1.2267E+01,
19:18:48.48338798, 2.9200E+00, 4.1200E+00, 1.2400E+01,
19:18:48.48338803, 2.9600E+00, 4.1200E+00, 1.2267E+01,
19:18:48.48338808, 2.9333E+00, 4.1333E+00, 1.2267E+01,
19:18:48.48338813, 2.9467E+00, 4.1467E+00, 1.2400E+01,
19:18:48.48338818, 2.9200E+00, 4.1200E+00, 1.2267E+01,
19:18:48.48338823, 2.9600E+00, 4.1467E+00, 1.2400E+01,
19:18:48.48338828, 2.9333E+00, 4.1200E+00, 1.2533E+01,
19:18:48.48338833, 2.9333E+00, 4.1067E+00, 1.2533E+01,
19:18:48.48338838, 2.9600E+00, 4.1333E+00, 1.2667E+01,
19:18:48.48338843, 2.9733E+00, 4.1333E+00, 1.2533E+01,
19:18:48.48338848, 2.9600E+00, 4.1067E+00, 1.2400E+01,
19:18:48.48338853, 2.9733E+00, 4.1200E+00, 1.2400E+01,
19:18:48.48338858, 2.9333E+00, 4.0933E+00, 1.2267E+01,
19:18:48.48338863, 2.9333E+00, 4.1200E+00, 1.2400E+01,
19:18:48.48338868, 2.9333E+00, 4.1467E+00, 1.2667E+01,
19:18:48.48338873, 2.9333E+00, 4.1200E+00, 1.2267E+01,
19:18:48.48338878, 2.9600E+00, 4.1333E+00, 1.2400E+01,
19:18:48.48338883, 2.9333E+00, 4.1600E+00, 1.2667E+01,
19:18:48.48338888, 2.9467E+00, 4.1333E+00, 1.2800E+01,
19:18:48.48338893, 2.9600E+00, 4.1467E+00, 1.2400E+01,
19:18:48.48338898, 2.9333E+00, 4.1467E+00, 1.2400E+01,
19:18:48.48338903, 2.9467E+00, 4.1200E+00, 1.2400E+01,
19:18:48.48338908, 2.8933E+00, 4.1333E+00, 1.2667E+01,
19:18:48.48338913, 2.9467E+00, 4.1200E+00, 1.2533E+01,
19:18:48.48338918, 2.9333E+00, 4.1333E+00, 1.2667E+01,
19:18:48.48338923, 2.9067E+00, 4.1200E+00, 1.2533E+01,
19:18:48.48338928, 2.9200E+00, 4.1200E+00, 1.2667E+01,
19:18:48.48338933, 2.9467E+00, 4.1467E+00, 1.2667E+01,
19:18:48.48338938, 2.9467E+00, 4.1067E+00, 1.3067E+01,
19:18:48.48338943, 2.9200E+00, 4.1333E+00, 1.2667E+01,
19:18:48.48338948, 2.9467E+00, 4.1200E+00, 1.2267E+01,
19:18:48.48338953, 2.9467E+00, 4.1200E+00, 1.2533E+01,
19:18:48.48338958, 2.9067E+00, 4.1600E+00, 1.2667E+01,
19:18:48.48338963, 2.9333E+00, 4.1333E+00, 1.2533E+01,
19:18:48.48338968, 2.9333E+00, 4.1333E+00, 1.2800E+01,
19:18:48.48338973, 2.9467E+00, 4.1333E+00, 1.2933E+01,
19:18:48.48338978, 2.9333E+00, 4.1467E+00, 1.2667E+01,
19:18:48.48338983, 2.9467E+00, 4.1200E+00, 1.2933E+01,
19:18:48.48338988, 2.9600E+00, 4.1200E+00, 1.2800E+01,
19:18:48.48338993, 2.9733E+00, 4.1600E+00, 1.3067E+01,
19:18:48.48338998, 2.9067E+00, 4.1200E+00, 1.2800E+01,
19:18:48.48339003, 2.9467E+00, 4.1067E+00, 1.2800E+01,
19:18:48.48339008, 2.9067E+00, 4.1467E+00, 1.2667E+01,
19:18:48.48339013, 2.9333E+00, 4.1467E+00, 1.2667E+01,
19:18:48.48339018, 2.9333E+00, 4.1333E+00, 1.2533E+01,
19:18:48.48339023, 2.9467E+00, 4.1067E+00, 1.2800E+01,
19:18:48.48339028, 2.9467E+00, 4.1600E+00, 1.2933E+01,
19:18:48.48339033, 2.9200E+00, 4.1467E+00, 1.3067E+01,
19:18:48.48339038, 2.9600E+00, 4.1200E+00, 1.2933E+01,
19:18:48.48339043, 2.9467E+00, 4.1600E+00, 1.2667E+01,
19:18:48.48339048, 2.8933E+00, 4.1467E+00, 1.2800E+01,
19:18:48.48339053, 2.9867E+00, 4.1200E+00, 1.2800E+01,
19:18:48.48339058, 2.9333E+00, 4.1200E+00, 1.2800E+01,
19:18:48.48339063, 2.9200E+00, 4.1200E+00, 1.3067E+01,
19:18:48.48339068, 2.9467E+00, 4.1200E+00, 1.2800E+01,
19:18:48.48339073, 2.9600E+00, 4.1467E+00, 1.2933E+01,
19:18:48.48339078, 2.9733E+00, 4.1333E+00, 1.2933E+01,
19:18:48.48339083, 2.9333E+00, 4.1333E+00, 1.2800E+01,
19:18:48.48339088, 2.9467E+00, 4.1200E+00, 1.2933E+01,
19:18:48.48339093, 2.9467E+00, 4.1600E+00, 1.2800E+01,
19:18:48.48339098, 2.9467E+00, 4.1200E+00, 1.3067E+01,
19:18:48.48339103, 2.9333E+00, 4.1467E+00, 1.2933E+01,
19:18:48.48339108, 2.9200E+00, 4.1600E+00, 1.2933E+01,
19:18:48.48339113, 2.9333E+00, 4.1333E+00, 1.2933E+01,
19:18:48.48339118, 2.9200E+00, 4.1467E+00, 1.2800E+01,
19:18:48.48339123, 2.9467E+00, 4.1467E+00, 1.3067E+01,
19:18:48.48339128, 2.9200E+00, 4.1467E+00, 1.3067E+01,
19:18:48.48339133, 2.9467E+00, 4.1467E+00, 1.3067E+01,
19:18:48.48339138, 2.9333E+00, 4.1600E+00, 1.2933E+01,
19:18:48.48339143, 2.9333E+00, 4.1067E+00, 1.2933E+01,
19:18:48.48339148, 2.9467E+00, 4.1333E+00, 1.2933E+01,
19:18:48.48339153, 2.9200E+00, 4.1200E+00, 1.2933E+01,
19:18:48.48339158, 2.9600E+00, 4.1067E+00, 1.3067E+01,
19:18:48.48339163, 2.9733E+00, 4.1333E+00, 1.2933E+01,
19:18:48.48339168, 2.9333E+00, 4.1467E+00, 1.3067E+01,
19:18:48.48339173, 2.9200E+00, 4.1333E+00, 1.3067E+01,
19:18:48.48339178, 2.9467E+00, 4.1333E+00, 1.2933E+01,
19:18:48.48339183, 2.9467E+00, 4.1333E+00, 1.3067E+01,
19:18:48.48339188, 2.9333E+00, 4.1600E+00, 1.2933E+01,
19:18:48.48339193, 2.9200E+00, 4.1600E+00, 1.3067E+01,
19:18:48.48339198, 2.9200E+00, 4.1600E+00, 1.3067E+01,
19:18:48.48339203, 2.9467E+00, 4.1467E+00, 1.3067E+01,
19:18:48.48339208, 2.9200E+00, 4.1467E+00, 1.3200E+01,
19:18:48.48339213, 2.9467E+00, 4.1467E+00, 1.3333E+01,
19:18:48.48339218, 2.9467E+00, 4.1600E+00, 1.3067E+01,
19:18:48.48339223, 2.9600E+00, 4.1467E+00, 1.3067E+01,
19:18:48.48339228, 2.9467E+00, 4.1733E+00, 1.3333E+01,
19:18:48.48339233, 2.9467E+00, 4.1333E+00, 1.3067E+01,
19:18:48.48339238, 2.9200E+00, 4.1333E+00, 1.3200E+01,
19:18:48.48339243, 2.9467E+00, 4.1600E+00, 1.3200E+01,
19:18:48.48339248, 2.8933E+00, 4.1733E+00, 1.3333E+01,
19:18:48.48339253, 2.9600E+00, 4.1600E+00, 1.3067E+01,
19:18:48.48339258, 2.9600E+00, 4.1333E+00, 1.3200E+01,
19:18:48.48339263, 2.9467E+00, 4.1600E+00, 1.3067E+01,
19:18:48.48339268, 2.9200E+00, 4.1600E+00, 1.3067E+01,
19:18:48.48339273, 2.9467E+00, 4.1733E+00, 1.3067E+01,
19:18:48.48339278, 2.9867E+00, 4.1200E+00, 1.3067E+01,
19:18:48.48339283, 2.9467E+00, 4.1600E+00, 1.3200E+01,
19:18:48.48339288, 2.9067E+00, 4.1600E+00, 1.3067E+01,
19:18:48.48339293, 2.9467E+00, 4.1733E+00, 1.3067E+01,
19:18:48.48339298, 2.9467E+00, 4.1467E+00, 1.3067E+01,
19:18:48.48339303, 2.9467E+00, 4.1600E+00, 1.3067E+01,
19:18:48.48339308, 2.9333E+00, 4.1600E+00, 1.3333E+01,
19:18:48.48339313, 2.9333E+00, 4.1600E+00, 1.3467E+01,
19:18:48.48339318, 2.9467E+00, 4.1333E+00, 1.3467E+01,
19:18:48.48339323, 2.9067E+00, 4.1467E+00, 1.3467E+01,
19:18:48.48339328, 2.9067E+00, 4.1467E+00, 1.3200E+01,
19:18:48.48339333, 2.9200E+00, 4.1600E+00, 1.3200E+01,
19:18:48.48339338, 2.9333E+00, 4.1467E+00, 1.3200E+01,
19:18:48.48339343, 2.9200E+00, 4.1733E+00, 1.3067E+01,
19:18:48.48339348, 2.9333E+00, 4.1333E+00, 1.3067E+01,
19:18:48.48339353, 2.9333E+00, 4.1600E+00, 1.3200E+01,
19:18:48.48339358, 2.9200E+00, 4.1600E+00, 1.3467E+01,
19:18:48.48339363, 2.9467E+00, 4.1600E+00, 1.3333E+01,
19:18:48.48339368, 2.9467E+00, 4.1333E+00, 1.3333E+01,
19:18:48.48339373, 2.9600E+00, 4.1467E+00, 1.3200E+01,
19:18:48.48339378, 2.9467E+00, 4.1600E+00, 1.3067E+01,
19:18:48.48339383, 2.9333E+00, 4.1733E+00, 1.3067E+01,
19:18:48.48339388, 2.9333E+00, 4.1600E+00, 1.3067E+01,
19:18:48.48339393, 2.9467E+00, 4.1600E+00, 1.3200E+01,
19:18:48.48339398, 2.9467E+00, 4.1600E+00, 1.3067E+01,
19:18:48.48339403, 2.9333E+00, 4.1600E+00, 1.3067E+01,
19:18:48.48339408, 2.9333E+00, 4.1333E+00, 1.3200E+01,
19:18:48.48339413, 2.9600E+00, 4.1600E+00, 1.3467E+01,
19:18:48.48339418, 2.9600E+00, 4.1600E+00, 1.3333E+01,
19:18:48.48339423, 2.9600E+00, 4.1600E+00, 1.3200E+01,
19:18:48.48339428, 2.9200E+00, 4.1733E+00, 1.3200E+01,
19:18:48.48339433, 2.9200E+00, 4.1600E+00, 1.3067E+01,
19:18:48.48339438, 2.9467E+00, 4.1600E+00, 1.3333E+01,
19:18:48.48339443, 2.9067E+00, 4.1733E+00, 1.3333E+01,
19:18:48.48339448, 2.9467E+00, 4.1867E+00, 1.3467E+01,
19:18:48.48339453, 2.9467E+00, 4.1733E+00, 1.3333E+01,
19:18:48.48339458, 2.9333E+00, 4.1467E+00, 1.3333E+01,
19:18:48.48339463, 2.9467E+00, 4.1867E+00, 1.3467E+01,
19:18:48.48339468, 2.9200E+00, 4.1733E+00, 1.3600E+01,
19:18:48.48339473, 2.9467E+00, 4.1733E+00, 1.3333E+01,
19:18:48.48339478, 2.9200E+00, 4.1867E+00, 1.3067E+01,
19:18:48.48339483, 2.9333E+00, 4.1600E+00, 1.3200E+01,
19:18:48.48339488, 2.9067E+00, 4.1733E+00, 1.3200E+01,
19:18:48.48339493, 2.9200E+00, 4.1600E+00, 1.3467E+01,
19:18:48.48339498, 2.9200E+00, 4.1600E+00, 1.3333E+01,
19:18:48.48339503, 2.9200E+00, 4.1867E+00, 1.3200E+01,
19:18:48.48339508, 2.9467E+00, 4.1733E+00, 1.3333E+01,
19:18:48.48339513, 2.9600E+00, 4.1867E+00, 1.3467E+01,
19:18:48.48339518, 2.9467E+00, 4.1867E+00, 1.3333E+01,
19:18:48.48339523, 2.9333E+00, 4.1867E+00, 1.3600E+01,
19:18:48.48339528, 2.9467E+00, 4.1733E+00, 1.3467E+01,
19:18:48.48339533, 2.9067E+00, 4.1733E+00, 1.3733E+01,
19:18:48.48339538, 2.9200E+00, 4.1600E+00, 1.3333E+01,
19:18:48.48339543, 2.9333E+00, 4.1733E+00, 1.3333E+01,
19:18:48.48339548, 2.9467E+00, 4.1867E+00, 1.3200E+01,
19:18:48.48339553, 2.9600E+00, 4.1600E+00, 1.3200E+01,
19:18:48.48339558, 2.9600E+00, 4.1733E+00, 1.3467E+01,
19:18:48.48339563, 2.9600E+00, 4.2000E+00, 1.3600E+01,
19:18:48.48339568, 2.9733E+00, 4.1733E+00, 1.3333E+01,
19:18:48.48339573, 2.9333E+00, 4.1600E+00, 1.3333E+01,
19:18:48.48339578, 2.9200E+00, 4.1867E+00, 1.3200E+01,
19:18:48.48339583, 2.9333E+00, 4.1600E+00, 1.3333E+01,
19:18:48.48339588, 2.9333E+00, 4.1867E+00, 1.3333E+01,
19:18:48.48339593, 2.9467E+00, 4.1600E+00, 1.3467E+01,
19:18:48.48339598, 2.9467E+00, 4.1867E+00, 1.3600E+01,
19:18:48.48339603, 2.9467E+00, 4.1867E+00, 1.3333E+01,
19:18:48.48339608, 2.9467E+00, 4.1600E+00, 1.3600E+01,
19:18:48.48339613, 2.8933E+00, 4.1733E+00, 1.3200E+01,
19:18:48.48339618, 2.9333E+00, 4.1733E+00, 1.3333E+01,
19:18:48.48339623, 2.9067E+00, 4.1733E+00, 1.3067E+01,
19:18:48.48339628, 2.9333E+00, 4.1867E+00, 1.3467E+01,
19:18:48.48339633, 2.9333E+00, 4.1600E+00, 1.3067E+01,
19:18:48.48339638, 2.9467E+00, 4.2000E+00, 1.3200E+01,
19:18:48.48339643, 2.9600E+00, 4.2000E+00, 1.3200E+01,
19:18:48.48339648, 2.9600E+00, 4.1867E+00, 1.3200E+01,
19:18:48.48339653, 2.9467E+00, 4.2000E+00, 1.3733E+01,
19:18:48.48339658, 2.9600E+00, 4.2000E+00, 1.3333E+01,
19:18:48.48339663, 2.9333E+00, 4.1867E+00, 1.3333E+01,
19:18:48.48339668, 2.9467E+00, 4.1733E+00, 1.3067E+01,
19:18:48.48339673, 2.9200E+00, 4.1733E+00, 1.3200E+01,
19:18:48.48339678, 2.9333E+00, 4.1867E+00, 1.3067E+01,
19:18:48.48339683, 2.9200E+00, 4.1867E+00, 1.3200E+01,
19:18:48.48339688, 2.9200E+00, 4.2000E+00, 1.3067E+01,
19:18:48.48339693, 2.9200E+00, 4.1867E+00, 1.3333E+01,
19:18:48.48339698, 2.9600E+00, 4.2000E+00, 1.3600E+01,
19:18:48.48339703, 2.9600E+00, 4.2267E+00, 1.3333E+01,
19:18:48.48339708, 2.9467E+00, 4.2133E+00, 1.3333E+01,
19:18:48.48339713, 2.9467E+00, 4.2000E+00, 1.3067E+01,
19:18:48.48339718, 2.9200E+00, 4.2000E+00, 1.3333E+01,
19:18:48.48339723, 2.9467E+00, 4.2133E+00, 1.3333E+01,
19:18:48.48339728, 2.8933E+00, 4.1867E+00, 1.3200E+01,
19:18:48.48339733, 2.9600E+00, 4.1867E+00, 1.3067E+01,
19:18:48.48339738, 2.9867E+00, 4.2000E+00, 1.3067E+01,
19:18:48.48339743, 2.9333E+00, 4.2000E+00, 1.3333E+01,
19:18:48.48339748, 2.9733E+00, 4.2133E+00, 1.3200E+01,
19:18:48.48339753, 2.9600E+00, 4.2000E+00, 1.3467E+01,
19:18:48.48339758, 2.9333E+00, 4.2000E+00, 1.3467E+01,
19:18:48.48339763, 2.9333E+00, 4.2133E+00, 1.3333E+01,
19:18:48.48339768, 2.9333E+00, 4.2000E+00, 1.3067E+01,
19:18:48.48339773, 2.9467E+00, 4.1867E+00, 1.3333E+01,
19:18:48.48339778, 2.9200E+00, 4.2133E+00, 1.3067E+01,
19:18:48.48339783, 2.9600E+00, 4.2133E+00, 1.3467E+01,
19:18:48.48339788, 2.9733E+00, 4.2133E+00, 1.3333E+01,
19:18:48.48339793, 2.9467E+00, 4.2133E+00, 1.3733E+01,
19:18:48.48339798, 2.9333E+00, 4.2000E+00, 1.3200E+01,
19:18:48.48339803, 2.9600E+00, 4.2000E+00, 1.3200E+01,
19:18:48.48339808, 2.9200E+00, 4.2000E+00, 1.3333E+01,
19:18:48.48339813, 2.9467E+00, 4.1867E+00, 1.3200E+01,
19:18:48.48339818, 2.9200E+00, 4.2000E+00, 1.3200E+01,
19:18:48.48339823, 2.9467E+00, 4.2267E+00, 1.3067E+01,
19:18:48.48339828, 2.9333E+00, 4.1733E+00, 1.3200E+01,
19:18:48.48339833, 2.9600E+00, 4.2000E+00, 1.3200E+01,
19:18:48.48339838, 2.9200E+00, 4.1733E+00, 1.3200E+01,
19:18:48.48339843, 2.9467E+00, 4.2400E+00, 1.3067E+01,
19:18:48.48339848, 2.9333E+00, 4.1867E+00, 1.3067E+01,
19:18:48.48339853, 2.9333E+00, 4.1867E+00, 1.3333E+01,
19:18:48.48339858, 2.9467E+00, 4.2267E+00, 1.3067E+01,
19:18:48.48339863, 2.9467E+00, 4.2533E+00, 1.3067E+01,
19:18:48.48339868, 2.8933E+00, 4.2000E+00, 1.3333E+01,
19:18:48.48339873, 2.9333E+00, 4.2133E+00, 1.3067E+01,
19:18:48.48339878, 2.9333E+00, 4.2000E+00, 1.3200E+01,
19:18:48.48339883, 2.9467E+00, 4.1867E+00, 1.3067E+01,
19:18:48.48339888, 2.9333E+00, 4.2533E+00, 1.3200E+01,
19:18:48.48339893, 2.9333E+00, 4.2267E+00, 1.3333E+01,
19:18:48.48339898, 2.9333E+00, 4.2000E+00, 1.3200E+01,
19:18:48.48339903, 2.9200E+00, 4.2400E+00, 1.3067E+01,
19:18:48.48339908, 2.9333E+00, 4.1733E+00, 1.3067E+01,
19:18:48.48339913, 2.9467E+00, 4.2133E+00, 1.3067E+01,
19:18:48.48339918, 2.8933E+00, 4.2133E+00, 1.3067E+01,
19:18:48.48339923, 2.9200E+00, 4.2133E+00, 1.3067E+01,
19:18:48.48339928, 2.9333E+00, 4.1867E+00, 1.3333E+01,
19:18:48.48339933, 2.9333E+00, 4.2267E+00, 1.3200E+01,
19:18:48.48339938, 2.9600E+00, 4.2400E+00, 1.3067E+01,
19:18:48.48339943, 2.9467E+00, 4.1867E+00, 1.3200E+01,
19:18:48.48339948, 2.9600E+00, 4.2267E+00, 1.3333E+01,
19:18:48.48339953, 2.9067E+00, 4.2000E+00, 1.3333E+01,
19:18:48.48339958, 2.9600E+00, 4.1733E+00, 1.3067E+01,
19:18:48.48339963, 2.9467E+00, 4.2267E+00, 1.3067E+01,
19:18:48.48339968, 2.9200E+00, 4.2000E+00, 1.3067E+01,
19:18:48.48339973, 2.9333E+00, 4.2133E+00, 1.3200E+01,
19:18:48.48339978, 2.9600E+00, 4.2267E+00, 1.2800E+01,
19:18:48.48339983, 2.9200E+00, 4.2000E+00, 1.3067E+01,
19:18:48.48339988, 2.9467E+00, 4.2267E+00, 1.3067E+01,
19:18:48.48339993, 2.9733E+00, 4.1867E+00, 1.3067E+01,
19:18:48.48339998, 2.9333E+00, 4.1867E+00, 1.3067E+01,
19:18:48.48340003, 2.9467E+00, 4.1867E+00, 1.3067E+01,
19:18:48.48340008, 2.9333E+00, 4.2000E+00, 1.3067E+01,
19:18:48.48340013, 2.9200E+00, 4.2000E+00, 1.3067E+01,
19:18:48.48340018, 2.9467E+00, 4.2000E+00, 1.2800E+01,
19:18:48.48340023, 2.9733E+00, 4.2000E+00, 1.3067E+01,
19:18:48.48340028, 2.9333E+00, 4.2000E+00, 1.3333E+01,
19:18:48.48340033, 2.9467E+00, 4.2267E+00, 1.2933E+01,
19:18:48.48340038, 2.9467E+00, 4.2133E+00, 1.3067E+01,
19:18:48.48340043, 2.9467E+00, 4.2400E+00, 1.3067E+01,
19:18:48.48340048, 2.9333E+00, 4.2000E+00, 1.3067E+01,
19:18:48.48340053, 2.9467E+00, 4.2400E+00, 1.3200E+01,
19:18:48.48340058, 2.9467E+00, 4.2400E+00, 1.3067E+01,
19:18:48.48340063, 2.8933E+00, 4.1867E+00, 1.3067E+01,
19:18:48.48340068, 2.9333E+00, 4.2267E+00, 1.3067E+01,
19:18:48.48340073, 2.9200E+00, 4.2400E+00, 1.2933E+01,
19:18:48.48340078, 2.9200E+00, 4.2533E+00, 1.3067E+01,
19:18:48.48340083, 2.9467E+00, 4.2400E+00, 1.2933E+01,
19:18:48.48340088, 2.9467E+00, 4.2400E+00, 1.3067E+01,
19:18:48.48340093, 2.9200E+00, 4.2133E+00, 1.3067E+01,
19:18:48.48340098, 2.9333E+00, 4.2133E+00, 1.3067E+01,
19:18:48.48340103, 2.9200E+00, 4.2133E+00, 1.3067E+01,
19:18:48.48340108, 2.9200E+00, 4.2000E+00, 1.3067E+01,
19:18:48.48340113, 2.9467E+00, 4.2133E+00, 1.2933E+01,
19:18:48.48340118, 2.9467E+00, 4.2000E+00, 1.2800E+01,
19:18:48.48340123, 2.8933E+00, 4.2133E+00, 1.2800E+01,
19:18:48.48340128, 2.9600E+00, 4.2133E+00, 1.3067E+01,
19:18:48.48340133, 2.9467E+00, 4.2133E+00, 1.2933E+01,
19:18:48.48340138, 2.9467E+00, 4.2267E+00, 1.2933E+01,
19:18:48.48340143, 2.9600E+00, 4.2133E+00, 1.3067E+01,
19:18:48.48340148, 2.9333E+00, 4.2133E+00, 1.3200E+01,
19:18:48.48340153, 2.9333E+00, 4.2133E+00, 1.2667E+01,
19:18:48.48340158, 2.9333E+00, 4.2000E+00, 1.2667E+01,
19:18:48.48340163, 2.9333E+00, 4.1867E+00, 1.2800E+01,
19:18:48.48340168, 2.9333E+00, 4.1867E+00, 1.3067E+01,
19:18:48.48340173, 2.9333E+00, 4.2400E+00, 1.2533E+01,
19:18:48.48340178, 2.9333E+00, 4.2133E+00, 1.2933E+01,
19:18:48.48340183, 2.9467E+00, 4.2133E+00, 1.2667E+01,
19:18:48.48340188, 2.9600E+00, 4.2133E+00, 1.3067E+01,
19:18:48.48340193, 2.9467E+00, 4.2133E+00, 1.2800E+01,
19:18:48.48340198, 2.9067E+00, 4.2000E+00, 1.2533E+01,
19:18:48.48340203, 2.9200E+00, 4.2133E+00, 1.3067E+01,
19:18:48.48340208, 2.9200E+00, 4.2133E+00, 1.2533E+01,
19:18:48.48340213, 2.9200E+00, 4.2000E+00, 1.2800E+01,
19:18:48.48340218, 2.9200E+00, 4.2000E+00, 1.2800E+01,
19:18:48.48340223, 2.9333E+00, 4.1867E+00, 1.2667E+01,
19:18:48.48340228, 2.9467E+00, 4.2000E+00, 1.2667E+01,
19:18:48.48340233, 2.9600E+00, 4.2133E+00, 1.2933E+01,
19:18:48.48340238, 2.9467E+00, 4.1867E+00, 1.2667E+01,
19:18:48.48340243, 2.9333E+00, 4.2133E+00, 1.2933E+01,
19:18:48.48340248, 2.9200E+00, 4.2000E+00, 1.2933E+01,
19:18:48.48340253, 2.9200E+00, 4.2133E+00, 1.2800E+01,
19:18:48.48340258, 2.9333E+00, 4.2267E+00, 1.2800E+01,
19:18:48.48340263, 2.9200E+00, 4.2267E+00, 1.2667E+01,
19:18:48.48340268, 2.9467E+00, 4.2267E+00, 1.2933E+01,
19:18:48.48340273, 2.9067E+00, 4.2400E+00, 1.2800E+01,
19:18:48.48340278, 2.9600E+00, 4.2000E+00, 1.2800E+01,
19:18:48.48340283, 2.9600E+00, 4.2400E+00, 1.2533E+01,
19:18:48.48340288, 2.9333E+00, 4.2000E+00, 1.2800E+01,
19:18:48.48340293, 2.9200E+00, 4.2133E+00, 1.3067E+01,
19:18:48.48340298, 2.9333E+00, 4.2133E+00, 1.2933E+01,
19:18:48.48340303, 2.9333E+00, 4.2400E+00, 1.2667E+01,
19:18:48.48340308, 2.9333E+00, 4.2133E+00, 1.2667E+01,
19:18:48.48340313, 2.9333E+00, 4.2267E+00, 1.2667E+01,
19:18:48.48340318, 2.9600E+00, 4.2267E+00, 1.2533E+01,
19:18:48.48340323, 2.9467E+00, 4.2133E+00, 1.2800E+01,
19:18:48.48340328, 2.9467E+00, 4.2133E+00, 1.2800E+01,
19:18:48.48340333, 2.9467E+00, 4.1733E+00, 1.2133E+01,
19:18:48.48340338, 2.9333E+00, 4.2267E+00, 1.2933E+01,
19:18:48.48340343, 2.9333E+00, 4.2000E+00, 1.2933E+01,
19:18:48.48340348, 2.8800E+00, 4.2000E+00, 1.2533E+01,
19:18:48.48340353, 2.9333E+00, 4.2133E+00, 1.2667E+01,
19:18:48.48340358, 2.9467E+00, 4.2267E+00, 1.2667E+01,
19:18:48.48340363, 2.9333E+00, 4.2133E+00, 1.2800E+01,
19:18:48.48340368, 2.9333E+00, 4.2267E+00, 1.2667E+01,
19:18:48.48340373, 2.9467E+00, 4.2133E+00, 1.2933E+01,
19:18:48.48340378, 2.9600E+00, 4.2000E+00, 1.2400E+01,
19:18:48.48340383, 2.9467E+00, 4.2267E+00, 1.2800E+01,
19:18:48.48340388, 2.9333E+00, 4.2267E+00, 1.2533E+01,
19:18:48.48340393, 2.9200E+00, 4.2133E+00, 1.2667E+01,
19:18:48.48340398, 2.9067E+00, 4.2000E+00, 1.2667E+01,
19:18:48.48340403, 2.9333E+00, 4.2000E+00, 1.2400E+01,
19:18:48.48340408, 2.9467E+00, 4.2133E+00, 1.2533E+01,
19:18:48.48340413, 2.9467E+00, 4.1867E+00, 1.2533E+01,
19:18:48.48340418, 2.9333E+00, 4.2000E+00, 1.2400E+01,
19:18:48.48340423, 2.9600E+00, 4.2133E+00, 1.2533E+01,
19:18:48.48340428, 2.9333E+00, 4.1733E+00, 1.2400E+01,
19:18:48.48340433, 2.9333E+00, 4.2133E+00, 1.2800E+01,
19:18:48.48340438, 2.9067E+00, 4.1867E+00, 1.2400E+01,
19:18:48.48340443, 2.9467E+00, 4.2133E+00, 1.2667E+01,
19:18:48.48340448, 2.9467E+00, 4.2133E+00, 1.2267E+01,
19:18:48.48340453, 2.9200E+00, 4.2000E+00, 1.2400E+01,
19:18:48.48340458, 2.9333E+00, 4.2267E+00, 1.2133E+01,
19:18:48.48340463, 2.9200E+00, 4.2133E+00, 1.2800E+01,
19:18:48.48340468, 2.9467E+00, 4.2133E+00, 1.2533E+01,
19:18:48.48340473, 2.9733E+00, 4.2000E+00, 1.2800E+01,
19:18:48.48340478, 2.9467E+00, 4.2267E+00, 1.2533E+01,
19:18:48.48340483, 2.9600E+00, 4.2000E+00, 1.2667E+01,
19:18:48.48340488, 2.9200E+00, 4.2000E+00, 1.2933E+01,
19:18:48.48340493, 2.9200E+00, 4.2267E+00, 1.2800E+01,
19:18:48.48340498, 2.9200E+00, 4.2133E+00, 1.2533E+01,
19:18:48.48340503, 2.9200E+00, 4.2000E+00, 1.2533E+01,
19:18:48.48340508, 2.9467E+00, 4.2000E+00, 1.2533E+01,
19:18:48.48340513, 2.9467E+00, 4.2000E+00, 1.2533E+01,
19:18:48.48340518, 2.9467E+00, 4.2133E+00, 1.2667E+01,
19:18:48.48340523, 2.9200E+00, 4.2000E+00, 1.2533E+01,
19:18:48.48340528, 2.9067E+00, 4.1867E+00, 1.2533E+01,
19:18:48.48340533, 2.9467E+00, 4.2000E+00, 1.2400E+01,
19:18:48.48340538, 2.9067E+00, 4.2267E+00, 1.2667E+01,
19:18:48.48340543, 2.9200E+00, 4.2267E+00, 1.2667E+01,
19:18:48.48340548, 2.9200E+00, 4.2400E+00, 1.2667E+01,
19:18:48.48340553, 2.8933E+00, 4.2267E+00, 1.2133E+01,
19:18:48.48340558, 2.9200E+00, 4.1600E+00, 1.2667E+01,
19:18:48.48340563, 2.9600E+00, 4.1733E+00, 1.2400E+01,
19:18:48.48340568, 2.9600E+00, 4.2000E+00, 1.2400E+01,
19:18:48.48340573, 2.9333E+00, 4.1733E+00, 1.2667E+01,
19:18:48.48340578, 2.9600E+00, 4.2000E+00, 1.2533E+01,
19:18:48.48340583, 2.9333E+00, 4.2267E+00, 1.2400E+01,
19:18:48.48340588, 2.9200E+00, 4.2133E+00, 1.2533E+01,
19:18:48.48340593, 2.9467E+00, 4.2000E+00, 1.2667E+01,
19:18:48.48340598, 2.9600E+00, 4.2267E+00, 1.2400E+01,
19:18:48.48340603, 2.9333E+00, 4.1867E+00, 1.2133E+01,
19:18:48.48340608, 2.9333E+00, 4.1867E+00, 1.2267E+01,
19:18:48.48340613, 2.9600E+00, 4.2133E+00, 1.2400E+01,
19:18:48.48340618, 2.9467E+00, 4.1733E+00, 1.2533E+01,
19:18:48.48340623, 2.9067E+00, 4.2133E+00, 1.2667E+01,
19:18:48.48340628, 2.9200E+00, 4.1867E+00, 1.2400E+01,
19:18:48.48340633, 2.9333E+00, 4.1867E+00, 1.2133E+01,
19:18:48.48340638, 2.9333E+00, 4.2133E+00, 1.2933E+01,
19:18:48.48340643, 2.9333E+00, 4.2000E+00, 1.2400E+01,
19:18:48.48340648, 2.9333E+00, 4.2133E+00, 1.2533E+01,
19:18:48.48340653, 2.9067E+00, 4.2000E+00, 1.2533E+01,
19:18:48.48340658, 2.9333E+00, 4.1867E+00, 1.2400E+01,
19:18:48.48340663, 2.9467E+00, 4.2133E+00, 1.2667E+01,
19:18:48.48340668, 2.9200E+00, 4.1867E+00, 1.2400E+01,
19:18:48.48340673, 2.9467E+00, 4.2133E+00, 1.2667E+01,
19:18:48.48340678, 2.9200E+00, 4.1600E+00, 1.2667E+01,
19:18:48.48340683, 2.9333E+00, 4.2267E+00, 1.2667E+01,
19:18:48.48340688, 2.9200E+00, 4.2000E+00, 1.2400E+01,
19:18:48.48340693, 2.9333E+00, 4.2133E+00, 1.2400E+01,
19:18:48.48340698, 2.9467E+00, 4.1867E+00, 1.2267E+01,
19:18:48.48340703, 2.9200E+00, 4.1867E+00, 1.2400E+01,
19:18:48.48340708, 2.9600E+00, 4.2000E+00, 1.2667E+01,
19:18:48.48340713, 2.9467E+00, 4.1733E+00, 1.2400E+01,
19:18:48.48340718, 2.9333E+00, 4.2000E+00, 1.2400E+01,
19:18:48.48340723, 2.9333E+00, 4.1867E+00, 1.2133E+01,
19:18:48.48340728, 2.8933E+00, 4.1733E+00, 1.2267E+01,
19:18:48.48340733, 2.9067E+00, 4.2000E+00, 1.2133E+01,
19:18:48.48340738, 2.9200E+00, 4.2000E+00, 1.2267E+01,
19:18:48.48340743, 2.9200E+00, 4.1867E+00, 1.2133E+01,
19:18:48.48340748, 2.9067E+00, 4.1733E+00, 1.2267E+01,
19:18:48.48340753, 2.9467E+00, 4.1600E+00, 1.2133E+01,
19:18:48.48340758, 2.9200E+00, 4.1733E+00, 1.2400E+01,
19:18:48.48340763, 2.9333E+00, 4.1867E+00, 1.2533E+01,
19:18:48.48340768, 2.9467E+00, 4.2000E+00, 1.2667E+01,
19:18:48.48340773, 2.9200E+00, 4.1733E+00, 1.2667E+01,
19:18:48.48340778, 2.9200E+00, 4.1867E+00, 1.2267E+01,
19:18:48.48340783, 2.9333E+00, 4.2267E+00, 1.2267E+01,
19:18:48.48340788, 2.9333E+00, 4.1733E+00, 1.2400E+01,
19:18:48.48340793, 2.9333E+00, 4.1733E+00, 1.2533E+01,
19:18:48.48340798, 2.9200E+00, 4.1867E+00, 1.2400E+01,
19:18:48.48340803, 2.9733E+00, 4.1600E+00, 1.2400E+01,
19:18:48.48340808, 2.9333E+00, 4.1733E+00, 1.2667E+01,
19:18:48.48340813, 2.9333E+00, 4.1733E+00, 1.2267E+01,
19:18:48.48340818, 2.9600E+00, 4.1733E+00, 1.2800E+01,
19:18:48.48340823, 2.9467E+00, 4.2000E+00, 1.2400E+01,
19:18:48.48340828, 2.9200E+00, 4.1867E+00, 1.2267E+01,
19:18:48.48340833, 1.9467E+00, 6.1600E+00, 1.2267E+01,
19:18:48.48340838, 1.4133E+00, 4.7067E+00, 1.2533E+01,
19:18:48.48340843, 9.0667E-01, 4.5600E+00, 1.2000E+01,
19:18:48.48340848, 6.9333E-01, 4.5333E+00, 1.2267E+01,
19:18:48.48340853, 7.0667E-01, 4.4800E+00, 1.2400E+01,
19:18:48.48340858, 6.6667E-01, 4.5067E+00, 1.2267E+01,
19:18:48.48340863, 6.8000E-01, 4.4400E+00, 1.2000E+01,
19:18:48.48340868, 6.5333E-01, 4.4400E+00, 1.2133E+01,
19:18:48.48340873, 6.2667E-01, 4.4667E+00, 1.2133E+01,
19:18:48.48340878, 6.2667E-01, 4.4667E+00, 1.2267E+01,
19:18:48.48340883, 6.1333E-01, 4.4667E+00, 1.1600E+01,
19:18:48.48340888, 5.8667E-01, 4.4800E+00, 1.1733E+01,
19:18:48.48340893, 5.8667E-01, 4.4800E+00, 1.1867E+01,
19:18:48.48340898, 6.0000E-01, 4.4667E+00, 1.1600E+01,
19:18:48.48340903, 6.2667E-01, 4.4667E+00, 1.1600E+01,
19:18:48.48340908, 5.8667E-01, 4.4800E+00, 1.1600E+01,
19:18:48.48340913, 5.7333E-01, 4.5067E+00, 1.1600E+01,
19:18:48.48340918, 5.8667E-01, 4.5067E+00, 1.1600E+01,
19:18:48.48340923, 5.8667E-01, 4.5067E+00, 1.1600E+01,
19:18:48.48340928, 6.0000E-01, 4.4933E+00, 1.1467E+01,
19:18:48.48340933, 6.0000E-01, 4.5067E+00, 1.0933E+01,
19:18:48.48340938, 5.8667E-01, 4.5200E+00, 1.1067E+01,
19:18:48.48340943, 5.7333E-01, 4.4933E+00, 1.1067E+01,
19:18:48.48340948, 5.7333E-01, 4.5467E+00, 1.0933E+01,
19:18:48.48340953, 6.0000E-01, 4.5067E+00, 1.1067E+01,
19:18:48.48340958, 5.8667E-01, 4.5467E+00, 1.0667E+01,
19:18:48.48340963, 5.8667E-01, 4.5467E+00, 1.0933E+01,
19:18:48.48340968, 5.6000E-01, 4.5600E+00, 1.0933E+01,
19:18:48.48340973, 5.4667E-01, 4.5867E+00, 1.1067E+01,
19:18:48.48340978, 5.7333E-01, 4.5733E+00, 1.0533E+01,
19:18:48.48340983, 5.8667E-01, 4.5733E+00, 1.0667E+01,
19:18:48.48340988, 5.7333E-01, 4.5867E+00, 1.0400E+01,
19:18:48.48340993, 5.7333E-01, 4.6000E+00, 1.0267E+01,
19:18:48.48340998, 5.6000E-01, 4.5600E+00, 1.0267E+01,
19:18:48.48341003, 5.8667E-01, 4.5867E+00, 1.0667E+01,
19:18:48.48341008, 5.3333E-01, 4.6000E+00, 1.0267E+01,
19:18:48.48341013, 5.7333E-01, 4.5867E+00, 1.0400E+01,
19:18:48.48341018, 5.6000E-01, 4.6133E+00, 1.0267E+01,
19:18:48.48341023, 5.4667E-01, 4.6267E+00, 1.0267E+01,
19:18:48.48341028, 5.7333E-01, 4.6267E+00, 1.0267E+01,
19:18:48.48341033, 5.2000E-01, 4.6000E+00, 9.7333E+00,
19:18:48.48341038, 5.7333E-01, 4.6267E+00, 1.0000E+01,
19:18:48.48341043, 5.7333E-01, 4.5867E+00, 9.7333E+00,
19:18:48.48341048, 5.4667E-01, 4.6400E+00, 9.6000E+00,
19:18:48.48341053, 5.4667E-01, 4.6533E+00, 9.7333E+00,
19:18:48.48341058, 5.4667E-01, 4.6533E+00, 9.6000E+00,
19:18:48.48341063, 5.2000E-01, 4.6667E+00, 9.4667E+00,
19:18:48.48341068, 5.3333E-01, 4.6400E+00, 9.4667E+00,
19:18:48.48341073, 5.4667E-01, 4.6533E+00, 9.3333E+00,
19:18:48.48341078, 5.4667E-01, 4.6533E+00, 9.3333E+00,
19:18:48.48341083, 5.3333E-01, 4.6533E+00, 8.9333E+00,
19:18:48.48341088, 5.7333E-01, 4.6800E+00, 9.0667E+00,
19:18:48.48341093, 5.3333E-01, 4.6800E+00, 8.9333E+00,
19:18:48.48341098, 5.3333E-01, 4.7067E+00, 8.9333E+00,
19:18:48.48341103, 5.3333E-01, 4.6667E+00, 8.9333E+00,
19:18:48.48341108, 5.0667E-01, 4.6800E+00, 8.8000E+00,
19:18:48.48341113, 5.2000E-01, 4.7067E+00, 8.5333E+00,
19:18:48.48341118, 5.2000E-01, 4.7200E+00, 8.5333E+00,
19:18:48.48341123, 5.2000E-01, 4.7067E+00, 8.1333E+00,
19:18:48.48341128, 5.2000E-01, 4.6933E+00, 8.2667E+00,
19:18:48.48341133, 5.3333E-01, 4.7200E+00, 8.1333E+00,
19:18:48.48341138, 5.3333E-01, 4.7200E+00, 8.1333E+00,
19:18:48.48341143, 5.6000E-01, 4.7067E+00, 8.0000E+00,
19:18:48.48341148, 5.3333E-01, 4.7467E+00, 7.7333E+00,
19:18:48.48341153, 5.2000E-01, 4.7333E+00, 7.8667E+00,
19:18:48.48341158, 4.9333E-01, 4.7467E+00, 7.6000E+00,
19:18:48.48341163, 5.2000E-01, 4.7333E+00, 7.7333E+00,
19:18:48.48341168, 5.2000E-01, 4.7333E+00, 7.6000E+00,
19:18:48.48341173, 5.2000E-01, 4.7200E+00, 7.4667E+00,
19:18:48.48341178, 4.9333E-01, 4.7200E+00, 7.3333E+00,
19:18:48.48341183, 5.3333E-01, 4.7600E+00, 7.4667E+00,
19:18:48.48341188, 5.0667E-01, 4.7600E+00, 6.9333E+00,
19:18:48.48341193, 5.2000E-01, 4.7467E+00, 7.0667E+00,
19:18:48.48341198, 5.2000E-01, 4.7333E+00, 6.8000E+00,
19:18:48.48341203, 4.9333E-01, 4.7333E+00, 7.0667E+00,
19:18:48.48341208, 4.8000E-01, 4.7467E+00, 6.8000E+00,
19:18:48.48341213, 5.2000E-01, 4.7733E+00, 6.6667E+00,
19:18:48.48341218, 4.9333E-01, 4.7467E+00, 6.9333E+00,
19:18:48.48341223, 5.2000E-01, 4.7333E+00, 6.4000E+00,
19:18:48.48341228, 5.2000E-01, 4.7733E+00, 6.4000E+00,
19:18:48.48341233, 5.2000E-01, 4.7600E+00, 6.1333E+00,
19:18:48.48341238, 5.2000E-01, 4.7467E+00, 6.1333E+00,
19:18:48.48341243, 5.2000E-01, 4.7600E+00, 6.0000E+00,
19:18:48.48341248, 5.2000E-01, 4.7600E+00, 6.0000E+00,
19:18:48.48341253, 4.9333E-01, 4.7867E+00, 6.1333E+00,
19:18:48.48341258, 5.0667E-01, 4.7733E+00, 6.0000E+00,
19:18:48.48341263, 5.0667E-01, 4.7600E+00, 6.0000E+00,
19:18:48.48341268, 5.2000E-01, 4.7733E+00, 5.8667E+00,
19:18:48.48341273, 4.9333E-01, 4.8000E+00, 5.7333E+00,
19:18:48.48341278, 5.2000E-01, 4.8133E+00, 5.2000E+00,
19:18:48.48341283, 5.0667E-01, 4.7600E+00, 4.9333E+00,
19:18:48.48341288, 5.2000E-01, 4.8000E+00, 5.3333E+00,
19:18:48.48341293, 5.0667E-01, 4.8267E+00, 5.0667E+00,
19:18:48.48341298, 5.2000E-01, 4.8000E+00, 4.9333E+00,
19:18:48.48341303, 4.8000E-01, 4.8267E+00, 4.8000E+00,
19:18:48.48341308, 4.9333E-01, 4.8000E+00, 4.8000E+00,
19:18:48.48341313, 4.9333E-01, 4.8000E+00, 4.6667E+00,
19:18:48.48341318, 4.9333E-01, 4.8000E+00, 4.6667E+00,
19:18:48.48341323, 5.2000E-01, 4.8000E+00, 4.5333E+00,
19:18:48.48341328, 5.0667E-01, 4.8267E+00, 4.4000E+00,
19:18:48.48341333, 4.8000E-01, 4.8133E+00, 4.2667E+00,
19:18:48.48341338, 5.0667E-01, 4.8000E+00, 4.1333E+00,
19:18:48.48341343, 4.8000E-01, 4.8000E+00, 4.0000E+00,
19:18:48.48341348, 4.8000E-01, 4.8000E+00, 4.0000E+00,
19:18:48.48341353, 4.6667E-01, 4.8000E+00, 4.0000E+00,
19:18:48.48341358, 4.8000E-01, 4.7867E+00, 3.8667E+00,
19:18:48.48341363, 4.8000E-01, 4.8267E+00, 3.7333E+00,
19:18:48.48341368, 5.0667E-01, 4.8133E+00, 3.3333E+00,
19:18:48.48341373, 4.9333E-01, 4.8133E+00, 3.4667E+00,
19:18:48.48341378, 4.9333E-01, 4.8133E+00, 3.4667E+00,
19:18:48.48341383, 5.0667E-01, 4.8000E+00, 3.0667E+00,
19:18:48.48341388, 4.9333E-01, 4.8000E+00, 3.0667E+00,
19:18:48.48341393, 4.5333E-01, 4.8133E+00, 3.0667E+00,
19:18:48.48341398, 4.5333E-01, 4.8133E+00, 2.9333E+00,
19:18:48.48341403, 4.5333E-01, 4.8133E+00, 2.9333E+00,
19:18:48.48341408, 4.9333E-01, 4.7867E+00, 2.8000E+00,
19:18:48.48341413, 4.8000E-01, 4.8133E+00, 2.6667E+00,
19:18:48.48341418, 4.5333E-01, 4.7733E+00, 2.6667E+00,
19:18:48.48341423, 4.6667E-01, 4.8267E+00, 2.5333E+00,
19:18:48.48341428, 4.8000E-01, 4.7867E+00, 2.4000E+00,
19:18:48.48341433, 4.6667E-01, 4.8267E+00, 2.2667E+00,
19:18:48.48341438, 4.8000E-01, 4.8267E+00, 1.8667E+00,
19:18:48.48341443, 4.8000E-01, 4.8133E+00, 2.1333E+00,
19:18:48.48341448, 4.6667E-01, 4.8133E+00, 2.0000E+00,
19:18:48.48341453, 4.6667E-01, 4.7867E+00, 1.7333E+00,
19:18:48.48341458, 4.6667E-01, 4.7867E+00, 1.6000E+00,
19:18:48.48341463, 4.6667E-01, 4.7867E+00, 2.0000E+00,
19:18:48.48341468, 4.9333E-01, 4.7867E+00, 1.3333E+00,
19:18:48.48341473, 5.0667E-01, 4.8267E+00, 1.6000E+00,
19:18:48.48341478, 4.8000E-01, 4.7867E+00, 1.2000E+00,
19:18:48.48341483, 4.6667E-01, 4.7867E+00, 9.3333E-01,
19:18:48.48341488, 4.6667E-01, 4.8133E+00, 1.2000E+00,
19:18:48.48341493, 4.6667E-01, 4.8000E+00, 6.6667E-01,
19:18:48.48341498, 4.4000E-01, 4.7867E+00, 8.0000E-01,
19:18:48.48341503, 4.5333E-01, 4.8000E+00, 6.6667E-01,
19:18:48.48341508, 4.5333E-01, 4.7733E+00, 6.6667E-01,
19:18:48.48341513, 4.8000E-01, 4.7600E+00, 4.0000E-01,
19:18:48.48341518, 4.4000E-01, 4.8133E+00, 4.0000E-01,
19:18:48.48341523, 4.4000E-01, 4.8000E+00, 5.3333E-01,
19:18:48.48341528, 4.8000E-01, 4.7600E+00, 4.0000E-01,
19:18:48.48341533, 4.6667E-01, 4.8133E+00, 1.3333E-01,
19:18:48.48341538, 4.5333E-01, 4.7733E+00,-1.3333E-01,
19:18:48.48341543, 4.4000E-01, 4.7867E+00,-2.6667E-01,
19:18:48.48341548, 4.1333E-01, 4.8000E+00,-4.0000E-01,
19:18:48.48341553, 4.2667E-01, 4.7467E+00,-1.3333E-01,
19:18:48.48341558, 4.4000E-01, 4.7333E+00,-2.6667E-01,
19:18:48.48341563, 4.4000E-01, 4.7333E+00,-4.0000E-01,
19:18:48.48341568, 4.4000E-01, 4.7600E+00,-5.3333E-01,
19:18:48.48341573, 4.6667E-01, 4.7467E+00,-6.6667E-01,
19:18:48.48341578, 4.2667E-01, 4.7467E+00,-9.3333E-01,
19:18:48.48341583, 4.8000E-01, 4.7733E+00,-6.6667E-01,
19:18:48.48341588, 4.2667E-01, 4.7467E+00,-1.2000E+00,
19:18:48.48341593, 3.7333E-01, 4.7333E+00,-9.3333E-01,
19:18:48.48341598, 4.2667E-01, 4.7333E+00,-1.3333E+00,
19:18:48.48341603, 4.4000E-01, 4.7333E+00,-1.2000E+00,
19:18:48.48341608, 4.2667E-01, 4.7333E+00,-1.7333E+00,
19:18:48.48341613, 4.4000E-01, 4.7333E+00,-1.0667E+00,
19:18:48.48341618, 4.2667E-01, 4.7333E+00,-1.4667E+00,
19:18:48.48341623, 4.0000E-01, 4.7200E+00,-1.6000E+00,
19:18:48.48341628, 4.6667E-01, 4.7333E+00,-1.8667E+00,
19:18:48.48341633, 4.0000E-01, 4.7333E+00,-1.6000E+00,
19:18:48.48341638, 4.2667E-01, 4.6933E+00,-2.0000E+00,
19:18:48.48341643, 4.2667E-01, 4.7067E+00,-2.0000E+00,
19:18:48.48341648, 4.2667E-01, 4.7067E+00,-2.0000E+00,
19:18:48.48341653, 4.1333E-01, 4.7067E+00,-2.4000E+00,
19:18:48.48341658, 4.2667E-01, 4.6800E+00,-2.2667E+00,
19:18:48.48341663, 4.5333E-01, 4.6933E+00,-2.0000E+00,
19:18:48.48341668, 4.0000E-01, 4.7067E+00,-2.5333E+00,
19:18:48.48341673, 4.2667E-01, 4.6933E+00,-2.5333E+00,
19:18:48.48341678, 4.1333E-01, 4.6933E+00,-2.9333E+00,
19:18:48.48341683, 4.1333E-01, 4.7067E+00,-2.6667E+00,
19:18:48.48341688, 3.8667E-01, 4.6933E+00,-2.8000E+00,
19:18:48.48341693, 4.0000E-01, 4.6800E+00,-2.9333E+00,
19:18:48.48341698, 3.8667E-01, 4.6800E+00,-2.8000E+00,
19:18:48.48341703, 4.0000E-01, 4.6800E+00,-3.0667E+00,
19:18:48.48341708, 4.0000E-01, 4.6533E+00,-2.9333E+00,
19:18:48.48341713, 4.0000E-01, 4.6533E+00,-3.2000E+00,
19:18:48.48341718, 4.2667E-01, 4.6533E+00,-3.3333E+00,
19:18:48.48341723, 4.0000E-01, 4.6533E+00,-3.3333E+00,
19:18:48.48341728, 4.0000E-01, 4.6400E+00,-3.6000E+00,
19:18:48.48341733, 4.0000E-01, 4.6533E+00,-3.4667E+00,
19:18:48.48341738, 3.7333E-01, 4.6133E+00,-3.3333E+00,
19:18:48.48341743, 4.0000E-01, 4.6400E+00,-3.4667E+00,
19:18:48.48341748, 3.7333E-01, 4.6133E+00,-3.7333E+00,
19:18:48.48341753, 4.0000E-01, 4.6267E+00,-3.6000E+00,
19:18:48.48341758, 4.0000E-01, 4.6267E+00,-4.0000E+00,
19:18:48.48341763, 4.1333E-01, 4.6133E+00,-3.7333E+00,
19:18:48.48341768, 4.0000E-01, 4.6133E+00,-3.7333E+00,
19:18:48.48341773, 3.7333E-01, 4.6267E+00,-3.8667E+00,
19:18:48.48341778, 3.8667E-01, 4.6133E+00,-4.2667E+00,
19:18:48.48341783, 3.7333E-01, 4.5733E+00,-4.2667E+00,
19:18:48.48341788, 3.8667E-01, 4.5733E+00,-3.7333E+00,
19:18:48.48341793, 3.7333E-01, 4.5733E+00,-4.2667E+00,
19:18:48.48341798, 4.1333E-01, 4.5733E+00,-4.2667E+00,
19:18:48.48341803, 3.6000E-01, 4.5733E+00,-4.4000E+00,
19:18:48.48341808, 3.7333E-01, 4.5467E+00,-4.2667E+00,
19:18:48.48341813, 3.7333E-01, 4.5600E+00,-4.5333E+00,
19:18:48.48341818, 3.7333E-01, 4.5600E+00,-4.5333E+00,
19:18:48.48341823, 4.0000E-01, 4.5467E+00,-4.6667E+00,
19:18:48.48341828, 3.8667E-01, 4.5600E+00,-4.8000E+00,
19:18:48.48341833, 3.6000E-01, 4.5733E+00,-4.8000E+00,
19:18:48.48341838, 3.6000E-01, 4.5200E+00,-4.8000E+00,
19:18:48.48341843, 3.7333E-01, 4.5467E+00,-4.5333E+00,
19:18:48.48341848, 3.7333E-01, 4.5200E+00,-4.8000E+00,
19:18:48.48341853, 3.7333E-01, 4.5333E+00,-4.8000E+00,
19:18:48.48341858, 4.0000E-01, 4.5200E+00,-4.8000E+00,
19:18:48.48341863, 3.8667E-01, 4.5200E+00,-4.9333E+00,
19:18:48.48341868, 3.7333E-01, 4.5200E+00,-4.9333E+00,
19:18:48.48341873, 3.7333E-01, 4.4933E+00,-4.8000E+00,
19:18:48.48341878, 3.6000E-01, 4.4933E+00,-5.0667E+00,
19:18:48.48341883, 3.7333E-01, 4.4667E+00,-4.8000E+00,
19:18:48.48341888, 3.6000E-01, 4.4800E+00,-4.9333E+00,
19:18:48.48341893, 3.7333E-01, 4.4933E+00,-5.3333E+00,
19:18:48.48341898, 3.6000E-01, 4.4933E+00,-5.2000E+00,
19:18:48.48341903, 3.7333E-01, 4.4667E+00,-5.2000E+00,
19:18:48.48341908, 3.4667E-01, 4.4800E+00,-5.4667E+00,
19:18:48.48341913, 3.7333E-01, 4.4533E+00,-5.3333E+00,
19:18:48.48341918, 3.7333E-01, 4.4800E+00,-5.6000E+00,
19:18:48.48341923, 3.6000E-01, 4.4400E+00,-5.6000E+00,
19:18:48.48341928, 3.4667E-01, 4.4533E+00,-5.4667E+00,
19:18:48.48341933, 3.7333E-01, 4.4533E+00,-5.7333E+00,
19:18:48.48341938, 3.4667E-01, 4.4400E+00,-5.4667E+00,
19:18:48.48341943, 3.6000E-01, 4.4000E+00,-5.7333E+00,
19:18:48.48341948, 3.7333E-01, 4.4133E+00,-5.4667E+00,
19:18:48.48341953, 3.7333E-01, 4.4267E+00,-5.6000E+00,
19:18:48.48341958, 3.6000E-01, 4.4000E+00,-5.6000E+00,
19:18:48.48341963, 3.3333E-01, 4.4133E+00,-5.8667E+00,
19:18:48.48341968, 3.3333E-01, 4.4133E+00,-6.0000E+00,
19:18:48.48341973, 3.6000E-01, 4.3867E+00,-5.8667E+00,
19:18:48.48341978, 3.3333E-01, 4.3867E+00,-5.7333E+00,
19:18:48.48341983, 3.4667E-01, 4.4000E+00,-6.1333E+00,
19:18:48.48341988, 3.6000E-01, 4.3733E+00,-6.1333E+00,
19:18:48.48341993, 3.3333E-01, 4.3467E+00,-5.8667E+00,
19:18:48.48341998, 3.4667E-01, 4.3733E+00,-6.1333E+00,
19:18:48.48342003, 3.6000E-01, 4.3733E+00,-6.0000E+00,
19:18:48.48342008, 3.7333E-01, 4.3467E+00,-6.1333E+00,
19:18:48.48342013, 3.3333E-01, 4.3467E+00,-6.0000E+00,
19:18:48.48342018, 3.0667E-01, 4.3600E+00,-6.0000E+00,
19:18:48.48342023, 3.2000E-01, 4.3200E+00,-6.1333E+00,
19:18:48.48342028, 3.4667E-01, 4.3467E+00,-6.1333E+00,
19:18:48.48342033, 3.4667E-01, 4.3200E+00,-6.1333E+00,
19:18:48.48342038, 3.7333E-01, 4.2933E+00,-6.0000E+00,
19:18:48.48342043, 3.3333E-01, 4.3333E+00,-6.1333E+00,
19:18:48.48342048, 3.6000E-01, 4.3067E+00,-6.0000E+00,
19:18:48.48342053, 3.4667E-01, 4.3333E+00,-6.1333E+00,
19:18:48.48342058, 3.6000E-01, 4.3067E+00,-6.1333E+00,
19:18:48.48342063, 3.3333E-01, 4.3067E+00,-6.1333E+00,
19:18:48.48342068, 3.3333E-01, 4.2933E+00,-6.4000E+00,
19:18:48.48342073, 3.0667E-01, 4.2933E+00,-6.5333E+00,
19:18:48.48342078, 3.2000E-01, 4.2800E+00,-6.2667E+00,
19:18:48.48342083, 3.4667E-01, 4.2800E+00,-6.1333E+00,
19:18:48.48342088, 3.2000E-01, 4.2933E+00,-6.0000E+00,
19:18:48.48342093, 3.2000E-01, 4.2667E+00,-6.4000E+00,
19:18:48.48342098, 3.6000E-01, 4.2933E+00,-6.1333E+00,
19:18:48.48342103, 3.0667E-01, 4.2800E+00,-6.2667E+00,
19:18:48.48342108, 3.6000E-01, 4.2400E+00,-6.1333E+00,
19:18:48.48342113, 3.0667E-01, 4.2533E+00,-6.1333E+00,
19:18:48.48342118, 3.2000E-01, 4.2400E+00,-6.1333E+00,
19:18:48.48342123, 3.3333E-01, 4.2533E+00,-6.4000E+00,
19:18:48.48342128, 2.9333E-01, 4.2400E+00,-6.2667E+00,
19:18:48.48342133, 3.2000E-01, 4.2400E+00,-6.1333E+00,
19:18:48.48342138, 3.0667E-01, 4.2533E+00,-6.0000E+00,
19:18:48.48342143, 3.3333E-01, 4.2133E+00,-6.2667E+00,
19:18:48.48342148, 3.2000E-01, 4.2267E+00,-6.1333E+00,
19:18:48.48342153, 3.3333E-01, 4.2133E+00,-6.1333E+00,
19:18:48.48342158, 3.0667E-01, 4.2133E+00,-6.1333E+00,
19:18:48.48342163, 3.2000E-01, 4.1867E+00,-6.1333E+00,
19:18:48.48342168, 2.8000E-01, 4.2267E+00,-6.1333E+00,
19:18:48.48342173, 2.9333E-01, 4.2000E+00,-6.1333E+00,
19:18:48.48342178, 3.2000E-01, 4.2000E+00,-6.1333E+00,
19:18:48.48342183, 3.2000E-01, 4.2000E+00,-6.1333E+00,
19:18:48.48342188, 2.9333E-01, 4.1733E+00,-6.1333E+00,
19:18:48.48342193, 2.8000E-01, 4.1600E+00,-6.1333E+00,
19:18:48.48342198, 3.0667E-01, 4.2000E+00,-6.1333E+00,
19:18:48.48342203, 3.0667E-01, 4.1733E+00,-6.2667E+00,
19:18:48.48342208, 2.9333E-01, 4.1600E+00,-6.1333E+00,
19:18:48.48342213, 2.9333E-01, 4.1467E+00,-6.2667E+00,
19:18:48.48342218, 2.8000E-01, 4.1867E+00,-6.1333E+00,
19:18:48.48342223, 2.9333E-01, 4.1467E+00,-6.0000E+00,
19:18:48.48342228, 3.0667E-01, 4.1600E+00,-6.0000E+00,
19:18:48.48342233, 2.6667E-01, 4.1467E+00,-5.8667E+00,
19:18:48.48342238, 2.9333E-01, 4.1200E+00,-5.8667E+00,
19:18:48.48342243, 2.9333E-01, 4.1333E+00,-6.0000E+00,
19:18:48.48342248, 3.2000E-01, 4.1200E+00,-6.1333E+00,
19:18:48.48342253, 3.0667E-01, 4.1067E+00,-6.1333E+00,
19:18:48.48342258, 2.8000E-01, 4.1200E+00,-5.7333E+00,
19:18:48.48342263, 2.6667E-01, 4.1200E+00,-5.8667E+00,
19:18:48.48342268, 2.9333E-01, 4.1200E+00,-5.8667E+00,
19:18:48.48342273, 2.8000E-01, 4.0933E+00,-5.8667E+00,
19:18:48.48342278, 3.0667E-01, 4.0933E+00,-5.8667E+00,
19:18:48.48342283, 2.8000E-01, 4.0800E+00,-5.6000E+00,
19:18:48.48342288, 3.0667E-01, 4.1067E+00,-6.0000E+00,
19:18:48.48342293, 2.9333E-01, 4.1067E+00,-6.0000E+00,
19:18:48.48342298, 2.8000E-01, 4.1067E+00,-5.7333E+00,
19:18:48.48342303, 2.6667E-01, 4.0667E+00,-5.7333E+00,
19:18:48.48342308, 2.6667E-01, 4.0800E+00,-5.4667E+00,
19:18:48.48342313, 2.5333E-01, 4.0800E+00,-5.8667E+00,
19:18:48.48342318, 2.6667E-01, 4.0533E+00,-5.6000E+00,
19:18:48.48342323, 3.0667E-01, 4.0800E+00,-5.8667E+00,
19:18:48.48342328, 2.6667E-01, 4.0800E+00,-5.3333E+00,
19:18:48.48342333, 2.8000E-01, 4.0667E+00,-5.6000E+00,
19:18:48.48342338, 3.0667E-01, 4.0400E+00,-5.4667E+00,
19:18:48.48342343, 2.9333E-01, 4.0533E+00,-5.4667E+00,
19:18:48.48342348, 2.8000E-01, 4.0800E+00,-5.6000E+00,
19:18:48.48342353, 2.8000E-01, 4.0533E+00,-5.4667E+00,
19:18:48.48342358, 2.8000E-01, 4.0400E+00,-5.3333E+00,
19:18:48.48342363, 2.6667E-01, 4.0400E+00,-5.2000E+00,
19:18:48.48342368, 2.8000E-01, 4.0400E+00,-5.3333E+00,
19:18:48.48342373, 2.6667E-01, 4.0267E+00,-5.3333E+00,
19:18:48.48342378, 2.8000E-01, 4.0133E+00,-5.2000E+00,
19:18:48.48342383, 2.8000E-01, 4.0267E+00,-4.9333E+00,
19:18:48.48342388, 2.6667E-01, 4.0267E+00,-5.0667E+00,
19:18:48.48342393, 2.5333E-01, 4.0133E+00,-5.0667E+00,
19:18:48.48342398, 2.8000E-01, 4.0133E+00,-4.9333E+00,
19:18:48.48342403, 2.6667E-01, 4.0000E+00,-5.2000E+00,
19:18:48.48342408, 2.6667E-01, 4.0267E+00,-4.9333E+00,
19:18:48.48342413, 2.6667E-01, 4.0000E+00,-4.8000E+00,
19:18:48.48342418, 2.5333E-01, 4.0267E+00,-4.9333E+00,
19:18:48.48342423, 2.6667E-01, 4.0133E+00,-4.8000E+00,
19:18:48.48342428, 2.5333E-01, 3.9867E+00,-4.8000E+00,
19:18:48.48342433, 2.4000E-01, 3.9867E+00,-4.5333E+00,
19:18:48.48342438, 2.6667E-01, 3.9867E+00,-4.6667E+00,
19:18:48.48342443, 2.6667E-01, 3.9867E+00,-4.5333E+00,
19:18:48.48342448, 2.6667E-01, 4.0133E+00,-4.4000E+00,
19:18:48.48342453, 2.5333E-01, 3.9733E+00,-4.9333E+00,
19:18:48.48342458, 2.2667E-01, 3.9467E+00,-4.5333E+00,
19:18:48.48342463, 2.2667E-01, 4.0000E+00,-4.6667E+00,
19:18:48.48342468, 2.6667E-01, 3.9733E+00,-4.5333E+00,
19:18:48.48342473, 2.8000E-01, 3.9600E+00,-4.2667E+00,
19:18:48.48342478, 2.6667E-01, 3.9867E+00,-4.0000E+00,
19:18:48.48342483, 2.4000E-01, 3.9600E+00,-4.4000E+00,
19:18:48.48342488, 2.6667E-01, 3.9733E+00,-4.1333E+00,
19:18:48.48342493, 2.6667E-01, 3.9600E+00,-4.1333E+00,
19:18:48.48342498, 2.9333E-01, 3.9467E+00,-4.0000E+00,
19:18:48.48342503, 2.4000E-01, 3.9600E+00,-4.0000E+00,
19:18:48.48342508, 2.5333E-01, 3.9600E+00,-3.8667E+00,
19:18:48.48342513, 2.5333E-01, 3.9333E+00,-4.0000E+00,
19:18:48.48342518, 2.2667E-01, 3.9467E+00,-4.0000E+00,
19:18:48.48342523, 2.5333E-01, 3.9467E+00,-3.6000E+00,
19:18:48.48342528, 2.4000E-01, 3.9600E+00,-3.8667E+00,
19:18:48.48342533, 2.5333E-01, 3.9467E+00,-4.1333E+00,
19:18:48.48342538, 2.5333E-01, 3.9200E+00,-3.7333E+00,
19:18:48.48342543, 2.5333E-01, 3.8933E+00,-3.8667E+00,
19:18:48.48342548, 2.2667E-01, 3.9200E+00,-4.0000E+00,
19:18:48.48342553, 2.4000E-01, 3.9200E+00,-3.7333E+00,
19:18:48.48342558, 2.2667E-01, 3.9333E+00,-4.0000E+00,
19:18:48.48342563, 2.4000E-01, 3.9467E+00,-3.6000E+00,
19:18:48.48342568, 2.4000E-01, 3.9333E+00,-3.6000E+00,
19:18:48.48342573, 2.4000E-01, 3.9333E+00,-3.4667E+00,
19:18:48.48342578, 2.6667E-01, 3.9333E+00,-3.3333E+00,
19:18:48.48342583, 2.4000E-01, 3.9200E+00,-3.3333E+00,
19:18:48.48342588, 2.5333E-01, 3.9200E+00,-3.4667E+00,
19:18:48.48342593, 2.0000E-01, 3.9200E+00,-3.3333E+00,
19:18:48.48342598, 2.2667E-01, 3.9333E+00,-2.8000E+00,
19:18:48.48342603, 2.5333E-01, 3.8933E+00,-2.6667E+00,
19:18:48.48342608, 2.2667E-01, 3.8933E+00,-2.8000E+00,
19:18:48.48342613, 2.2667E-01, 3.9200E+00,-2.9333E+00,
19:18:48.48342618, 2.5333E-01, 3.8933E+00,-2.8000E+00,
19:18:48.48342623, 2.5333E-01, 3.9067E+00,-2.4000E+00,
19:18:48.48342628, 2.5333E-01, 3.9067E+00,-2.5333E+00,
19:18:48.48342633, 2.4000E-01, 3.9067E+00,-2.2667E+00,
19:18:48.48342638, 2.4000E-01, 3.8933E+00,-2.5333E+00,
19:18:48.48342643, 2.2667E-01, 3.8800E+00,-2.8000E+00,
19:18:48.48342648, 2.1333E-01, 3.8800E+00,-2.4000E+00,
19:18:48.48342653, 2.2667E-01, 3.9067E+00,-2.4000E+00,
19:18:48.48342658, 2.2667E-01, 3.8800E+00,-2.2667E+00,
19:18:48.48342663, 2.4000E-01, 3.8933E+00,-2.2667E+00,
19:18:48.48342668, 2.2667E-01, 3.8933E+00,-2.1333E+00,
19:18:48.48342673, 2.4000E-01, 3.8667E+00,-2.1333E+00,
19:18:48.48342678, 2.2667E-01, 3.8933E+00,-2.0000E+00,
19:18:48.48342683, 2.1333E-01, 3.8800E+00,-2.1333E+00,
19:18:48.48342688, 2.2667E-01, 3.9200E+00,-2.0000E+00,
19:18:48.48342693, 2.4000E-01, 3.8933E+00,-1.8667E+00,
19:18:48.48342698, 2.2667E-01, 3.8800E+00,-1.7333E+00,
19:18:48.48342703, 2.2667E-01, 3.8933E+00,-2.0000E+00,
19:18:48.48342708, 2.2667E-01, 3.8933E+00,-1.8667E+00,
19:18:48.48342713, 2.2667E-01, 3.8800E+00,-1.7333E+00,
19:18:48.48342718, 2.2667E-01, 3.8800E+00,-1.4667E+00,
19:18:48.48342723, 2.4000E-01, 3.8933E+00,-1.4667E+00,
19:18:48.48342728, 2.4000E-01, 3.9200E+00,-1.2000E+00,
19:18:48.48342733, 2.2667E-01, 3.8933E+00,-1.2000E+00,
19:18:48.48342738, 2.1333E-01, 3.8933E+00,-1.6000E+00,
19:18:48.48342743, 2.2667E-01, 3.8933E+00,-1.2000E+00,
19:18:48.48342748, 2.1333E-01, 3.8667E+00,-1.3333E+00,
19:18:48.48342753, 2.2667E-01, 3.9067E+00,-1.4667E+00,
19:18:48.48342758, 2.2667E-01, 3.8933E+00,-1.2000E+00,
19:18:48.48342763, 2.4000E-01, 3.8933E+00,-1.2000E+00,
19:18:48.48342768, 2.2667E-01, 3.9067E+00,-9.3333E-01,
19:18:48.48342773, 2.4000E-01, 3.8933E+00,-1.0667E+00,
19:18:48.48342778, 2.4000E-01, 3.8800E+00,-8.0000E-01,
19:18:48.48342783, 2.1333E-01, 3.8667E+00,-8.0000E-01,
19:18:48.48342788, 2.2667E-01, 3.8933E+00,-8.0000E-01,
19:18:48.48342793, 1.7333E-01, 3.8933E+00,-8.0000E-01,
19:18:48.48342798, 2.2667E-01, 3.8933E+00,-6.6667E-01,
19:18:48.48342803, 2.2667E-01, 3.9200E+00,-6.6667E-01,
19:18:48.48342808, 2.4000E-01, 3.8933E+00,-6.6667E-01,
19:18:48.48342813, 2.2667E-01, 3.8933E+00,-5.3333E-01,
19:18:48.48342818, 2.1333E-01, 3.8933E+00,-2.6667E-01,
19:18:48.48342823, 2.2667E-01, 3.8800E+00,-5.3333E-01,
19:18:48.48342828, 2.1333E-01, 3.8933E+00,-4.0000E-01,
19:18:48.48342833, 2.2667E-01, 3.9067E+00,-5.3333E-01,
19:18:48.48342838, 2.1333E-01, 3.8933E+00,-2.6667E-01,
19:18:48.48342843, 2.1333E-01, 3.9200E+00, 1.3333E-01,
19:18:48.48342848, 2.1333E-01, 3.8933E+00, 0.0000E+00,
19:18:48.48342853, 1.8667E-01, 3.8800E+00, 2.6667E-01,
19:18:48.48342858, 2.2667E-01, 3.8933E+00, 1.3333E-01,
19:18:48.48342863, 2.0000E-01, 3.8800E+00, 1.3333E-01,
19:18:48.48342868, 2.0000E-01, 3.8933E+00, 5.3333E-01,
19:18:48.48342873, 2.0000E-01, 3.9200E+00, 4.0000E-01,
19:18:48.48342878, 2.2667E-01, 3.8933E+00, 4.0000E-01,
19:18:48.48342883, 2.2667E-01, 3.9333E+00, 1.3333E-01,
19:18:48.48342888, 2.0000E-01, 3.8800E+00, 2.6667E-01,
19:18:48.48342893, 2.0000E-01, 3.9067E+00, 6.6667E-01,
19:18:48.48342898, 2.2667E-01, 3.8933E+00, 6.6667E-01,
19:18:48.48342903, 2.2667E-01, 3.9067E+00, 5.3333E-01,
19:18:48.48342908, 2.1333E-01, 3.9067E+00, 6.6667E-01,
19:18:48.48342913, 2.4000E-01, 3.9067E+00, 9.3333E-01,
19:18:48.48342918, 2.2667E-01, 3.9200E+00, 1.0667E+00,
19:18:48.48342923, 2.2667E-01, 3.8933E+00, 8.0000E-01,
19:18:48.48342928, 2.1333E-01, 3.9067E+00, 9.3333E-01,
19:18:48.48342933, 2.0000E-01, 3.8933E+00, 9.3333E-01,
19:18:48.48342938, 2.2667E-01, 3.9067E+00, 9.3333E-01,
19:18:48.48342943, 2.1333E-01, 3.9200E+00, 1.0667E+00,
19:18:48.48342948, 2.0000E-01, 3.9200E+00, 1.3333E+00,
19:18:48.48342953, 2.4000E-01, 3.9333E+00, 1.2000E+00,
19:18:48.48342958, 2.0000E-01, 3.8933E+00, 1.0667E+00,
19:18:48.48342963, 2.2667E-01, 3.9200E+00, 1.2000E+00,
19:18:48.48342968, 2.0000E-01, 3.9067E+00, 1.2000E+00,
19:18:48.48342973, 2.2667E-01, 3.9067E+00, 1.4667E+00,
19:18:48.48342978, 2.0000E-01, 3.8933E+00, 1.6000E+00,
19:18:48.48342983, 2.1333E-01, 3.9333E+00, 1.2000E+00,
19:18:48.48342988, 1.8667E-01, 3.9333E+00, 1.2000E+00,
19:18:48.48342993, 2.1333E-01, 3.8933E+00, 1.4667E+00,
19:18:48.48342998, 2.2667E-01, 3.9067E+00, 1.6000E+00,
19:18:48.48343003, 2.1333E-01, 3.9333E+00, 1.4667E+00,
19:18:48.48343008, 2.4000E-01, 3.9333E+00, 1.6000E+00,
19:18:48.48343013, 1.6000E-01, 3.9067E+00, 1.7333E+00,
19:18:48.48343018, 2.1333E-01, 3.9200E+00, 1.8667E+00,
19:18:48.48343023, 1.8667E-01, 3.9600E+00, 2.0000E+00,
19:18:48.48343028, 1.8667E-01, 3.9067E+00, 1.6000E+00,
19:18:48.48343033, 2.0000E-01, 3.9600E+00, 2.0000E+00,
19:18:48.48343038, 2.1333E-01, 3.9733E+00, 1.7333E+00,
19:18:48.48343043, 2.0000E-01, 3.9600E+00, 1.8667E+00,
19:18:48.48343048, 2.2667E-01, 3.9333E+00, 2.0000E+00,
19:18:48.48343053, 2.0000E-01, 3.9733E+00, 2.0000E+00,
19:18:48.48343058, 2.0000E-01, 3.9733E+00, 2.0000E+00,
19:18:48.48343063, 2.2667E-01, 3.9467E+00, 2.2667E+00,
19:18:48.48343068, 2.1333E-01, 3.9600E+00, 2.1333E+00,
19:18:48.48343073, 2.0000E-01, 3.9733E+00, 2.2667E+00,
19:18:48.48343078, 1.7333E-01, 3.9600E+00, 2.4000E+00,
19:18:48.48343083, 1.8667E-01, 3.9733E+00, 2.4000E+00,
19:18:48.48343088, 2.1333E-01, 3.9733E+00, 2.2667E+00,
19:18:48.48343093, 2.0000E-01, 3.9733E+00, 2.6667E+00,
19:18:48.48343098, 2.0000E-01, 3.9867E+00, 2.4000E+00,
19:18:48.48343103, 2.1333E-01, 4.0000E+00, 2.4000E+00,
19:18:48.48343108, 2.2667E-01, 3.9600E+00, 2.2667E+00,
19:18:48.48343113, 2.0000E-01, 3.9867E+00, 2.5333E+00,
19:18:48.48343118, 2.2667E-01, 3.9867E+00, 2.5333E+00,
19:18:48.48343123, 1.8667E-01, 3.9867E+00, 2.6667E+00,
19:18:48.48343128, 2.0000E-01, 4.0000E+00, 3.2000E+00,
19:18:48.48343133, 2.1333E-01, 4.0000E+00, 2.6667E+00,
19:18:48.48343138, 1.7333E-01, 4.0133E+00, 2.5333E+00,
19:18:48.48343143, 2.1333E-01, 3.9733E+00, 2.8000E+00,
19:18:48.48343148, 2.0000E-01, 4.0267E+00, 2.9333E+00,
19:18:48.48343153, 2.1333E-01, 4.0000E+00, 2.8000E+00,
19:18:48.48343158, 2.1333E-01, 4.0000E+00, 3.2000E+00,
19:18:48.48343163, 1.8667E-01, 4.0267E+00, 3.2000E+00,
19:18:48.48343168, 2.2667E-01, 4.0133E+00, 2.8000E+00,
19:18:48.48343173, 1.4667E-01, 4.0267E+00, 3.0667E+00,
19:18:48.48343178, 1.8667E-01, 4.0267E+00, 3.0667E+00,
19:18:48.48343183, 1.8667E-01, 4.0267E+00, 3.2000E+00,
19:18:48.48343188, 2.0000E-01, 4.0267E+00, 2.9333E+00,
19:18:48.48343193, 2.0000E-01, 4.0133E+00, 3.0667E+00,
19:18:48.48343198, 2.0000E-01, 4.0267E+00, 3.3333E+00,
19:18:48.48343203, 2.4000E-01, 4.0400E+00, 3.2000E+00,
19:18:48.48343208, 1.8667E-01, 4.0267E+00, 3.3333E+00,
19:18:48.48343213, 2.0000E-01, 4.0400E+00, 3.2000E+00,
19:18:48.48343218, 1.8667E-01, 4.0400E+00, 3.0667E+00,
19:18:48.48343223, 2.0000E-01, 4.0533E+00, 3.3333E+00,
19:18:48.48343228, 1.7333E-01, 4.0533E+00, 3.2000E+00,
19:18:48.48343233, 2.0000E-01, 4.0267E+00, 3.3333E+00,
19:18:48.48343238, 2.1333E-01, 4.0400E+00, 3.3333E+00,
19:18:48.48343243, 2.1333E-01, 4.0667E+00, 3.4667E+00,
19:18:48.48343248, 1.8667E-01, 4.0933E+00, 3.4667E+00,
19:18:48.48343253, 1.8667E-01, 4.0667E+00, 3.7333E+00,
19:18:48.48343258, 1.7333E-01, 4.0933E+00, 3.6000E+00,
19:18:48.48343263, 2.1333E-01, 4.0533E+00, 3.6000E+00,
19:18:48.48343268, 2.1333E-01, 4.0667E+00, 3.4667E+00,
19:18:48.48343273, 2.0000E-01, 4.0667E+00, 3.7333E+00,
19:18:48.48343278, 2.2667E-01, 4.0933E+00, 3.4667E+00,
19:18:48.48343283, 1.8667E-01, 4.0800E+00, 3.6000E+00,
19:18:48.48343288, 2.1333E-01, 4.0933E+00, 3.7333E+00,
19:18:48.48343293, 2.0000E-01, 4.0800E+00, 3.8667E+00,
19:18:48.48343298, 1.8667E-01, 4.0667E+00, 3.7333E+00,
19:18:48.48343303, 2.1333E-01, 4.1067E+00, 3.6000E+00,
19:18:48.48343308, 2.0000E-01, 4.1067E+00, 3.6000E+00,
19:18:48.48343313, 1.8667E-01, 4.1200E+00, 3.6000E+00,
19:18:48.48343318, 1.8667E-01, 4.1067E+00, 3.6000E+00,
19:18:48.48343323, 1.8667E-01, 4.1200E+00, 3.7333E+00,
19:18:48.48343328, 2.1333E-01, 4.1067E+00, 3.8667E+00,
19:18:48.48343333, 2.0000E-01, 4.0933E+00, 3.7333E+00,
19:18:48.48343338, 2.2667E-01, 4.1200E+00, 3.8667E+00,
19:18:48.48343343, 2.0000E-01, 4.0933E+00, 3.7333E+00,
19:18:48.48343348, 2.2667E-01, 4.1067E+00, 3.6000E+00,
19:18:48.48343353, 2.1333E-01, 4.1467E+00, 3.8667E+00,
19:18:48.48343358, 2.0000E-01, 4.1467E+00, 3.7333E+00,
19:18:48.48343363, 1.6000E-01, 4.1467E+00, 3.7333E+00,
19:18:48.48343368, 1.7333E-01, 4.1467E+00, 3.7333E+00,
19:18:48.48343373, 2.0000E-01, 4.1600E+00, 3.8667E+00,
19:18:48.48343378, 2.0000E-01, 4.1467E+00, 3.7333E+00,
19:18:48.48343383, 2.2667E-01, 4.1600E+00, 3.8667E+00,
19:18:48.48343388, 2.1333E-01, 4.1600E+00, 3.8667E+00,
19:18:48.48343393, 2.0000E-01, 4.1333E+00, 3.8667E+00,
19:18:48.48343398, 2.0000E-01, 4.1600E+00, 3.8667E+00,
19:18:48.48343403, 2.1333E-01, 4.1467E+00, 4.0000E+00,
19:18:48.48343408, 2.0000E-01, 4.1867E+00, 3.7333E+00,
19:18:48.48343413, 1.8667E-01, 4.1600E+00, 4.0000E+00,
19:18:48.48343418, 1.6000E-01, 4.1600E+00, 3.7333E+00,
19:18:48.48343423, 2.1333E-01, 4.1867E+00, 4.2667E+00,
19:18:48.48343428, 2.1333E-01, 4.1867E+00, 4.0000E+00,
19:18:48.48343433, 1.8667E-01, 4.1600E+00, 3.7333E+00,
19:18:48.48343438, 2.2667E-01, 4.1733E+00, 4.1333E+00,
19:18:48.48343443, 1.8667E-01, 4.1733E+00, 4.1333E+00,
19:18:48.48343448, 1.8667E-01, 4.2000E+00, 4.2667E+00,
19:18:48.48343453, 2.1333E-01, 4.1733E+00, 4.2667E+00,
19:18:48.48343458, 1.6000E-01, 4.2000E+00, 4.1333E+00,
19:18:48.48343463, 2.0000E-01, 4.1600E+00, 4.1333E+00,
19:18:48.48343468, 1.8667E-01, 4.1867E+00, 4.1333E+00,
19:18:48.48343473, 2.1333E-01, 4.2000E+00, 4.2667E+00,
19:18:48.48343478, 1.8667E-01, 4.1867E+00, 4.2667E+00,
19:18:48.48343483, 2.0000E-01, 4.2133E+00, 4.1333E+00,
19:18:48.48343488, 2.0000E-01, 4.2133E+00, 3.8667E+00,
19:18:48.48343493, 2.0000E-01, 4.2133E+00, 3.8667E+00,
19:18:48.48343498, 2.0000E-01, 4.2133E+00, 4.1333E+00,
19:18:48.48343503, 1.7333E-01, 4.2400E+00, 3.8667E+00,
19:18:48.48343508, 2.0000E-01, 4.2400E+00, 4.1333E+00,
19:18:48.48343513, 2.0000E-01, 4.1867E+00, 4.1333E+00,
19:18:48.48343518, 1.8667E-01, 4.2667E+00, 3.8667E+00,
19:18:48.48343523, 1.8667E-01, 4.2267E+00, 3.4667E+00,
19:18:48.48343528, 1.6000E-01, 4.2667E+00, 3.8667E+00,
19:18:48.48343533, 1.8667E-01, 4.2533E+00, 3.8667E+00,
19:18:48.48343538, 2.2667E-01, 4.2533E+00, 4.0000E+00,
19:18:48.48343543, 1.7333E-01, 4.2667E+00, 3.8667E+00,
19:18:48.48343548, 2.0000E-01, 4.2400E+00, 4.4000E+00,
19:18:48.48343553, 2.1333E-01, 4.2533E+00, 4.1333E+00,
19:18:48.48343558, 1.4667E-01, 4.2267E+00, 3.8667E+00,
19:18:48.48343563, 1.6000E-01, 4.2533E+00, 4.1333E+00,
19:18:48.48343568, 1.8667E-01, 4.2400E+00, 3.6000E+00,
19:18:48.48343573, 2.1333E-01, 4.2400E+00, 3.8667E+00,
19:18:48.48343578, 1.8667E-01, 4.2933E+00, 3.8667E+00,
19:18:48.48343583, 2.0000E-01, 4.2667E+00, 3.7333E+00,
19:18:48.48343588, 2.1333E-01, 4.2667E+00, 3.7333E+00,
19:18:48.48343593, 2.1333E-01, 4.2667E+00, 4.0000E+00,
19:18:48.48343598, 2.0000E-01, 4.2933E+00, 4.1333E+00,
19:18:48.48343603, 2.2667E-01, 4.2933E+00, 4.2667E+00,
19:18:48.48343608, 2.0000E-01, 4.2667E+00, 3.7333E+00,
19:18:48.48343613, 2.2667E-01, 4.2800E+00, 3.8667E+00,
19:18:48.48343618, 1.7333E-01, 4.2933E+00, 3.7333E+00,
19:18:48.48343623, 1.8667E-01, 4.2933E+00, 3.6000E+00,
19:18:48.48343628, 2.1333E-01, 4.2933E+00, 3.8667E+00,
19:18:48.48343633, 2.0000E-01, 4.2800E+00, 3.7333E+00,
19:18:48.48343638, 1.8667E-01, 4.2933E+00, 4.0000E+00,
19:18:48.48343643, 1.8667E-01, 4.3200E+00, 3.8667E+00,
19:18:48.48343648, 1.8667E-01, 4.2933E+00, 4.0000E+00,
19:18:48.48343653, 1.8667E-01, 4.3067E+00, 4.0000E+00,
19:18:48.48343658, 1.6000E-01, 4.3067E+00, 3.6000E+00,
19:18:48.48343663, 1.8667E-01, 4.2933E+00, 3.4667E+00,
19:18:48.48343668, 2.0000E-01, 4.3067E+00, 3.7333E+00,
19:18:48.48343673, 2.1333E-01, 4.2933E+00, 3.8667E+00,
19:18:48.48343678, 1.8667E-01, 4.2933E+00, 3.4667E+00,
19:18:48.48343683, 1.6000E-01, 4.2933E+00, 3.6000E+00,
19:18:48.48343688, 1.2000E-01, 4.3067E+00, 3.7333E+00,
19:18:48.48343693, 2.2667E-01, 4.3200E+00, 3.4667E+00,
19:18:48.48343698, 2.1333E-01, 4.3200E+00, 3.7333E+00,
19:18:48.48343703, 2.0000E-01, 4.3067E+00, 3.4667E+00,
19:18:48.48343708, 2.2667E-01, 4.3467E+00, 3.3333E+00,
19:18:48.48343713, 1.7333E-01, 4.2933E+00, 3.6000E+00,
19:18:48.48343718, 1.7333E-01, 4.3067E+00, 3.6000E+00,
19:18:48.48343723, 2.0000E-01, 4.3467E+00, 3.6000E+00,
19:18:48.48343728, 2.1333E-01, 4.3333E+00, 3.4667E+00,
19:18:48.48343733, 2.1333E-01, 4.3733E+00, 3.4667E+00,
19:18:48.48343738, 1.8667E-01, 4.3600E+00, 3.4667E+00,
19:18:48.48343743, 2.0000E-01, 4.3867E+00, 3.4667E+00,
19:18:48.48343748, 1.8667E-01, 4.3467E+00, 3.4667E+00,
19:18:48.48343753, 1.8667E-01, 4.3600E+00, 3.4667E+00,
19:18:48.48343758, 1.8667E-01, 4.3067E+00, 3.3333E+00,
19:18:48.48343763, 1.7333E-01, 4.3467E+00, 3.0667E+00,
19:18:48.48343768, 2.1333E-01, 4.3467E+00, 3.4667E+00,
19:18:48.48343773, 1.8667E-01, 4.3467E+00, 3.3333E+00,
19:18:48.48343778, 1.8667E-01, 4.3733E+00, 3.0667E+00,
19:18:48.48343783, 1.8667E-01, 4.3333E+00, 2.9333E+00,
19:18:48.48343788, 2.0000E-01, 4.3600E+00, 3.0667E+00,
19:18:48.48343793, 1.7333E-01, 4.3733E+00, 3.3333E+00,
19:18:48.48343798, 1.7333E-01, 4.3467E+00, 3.0667E+00,
19:18:48.48343803, 1.8667E-01, 4.3467E+00, 3.0667E+00,
19:18:48.48343808, 1.8667E-01, 4.3600E+00, 3.0667E+00,
19:18:48.48343813, 2.0000E-01, 4.4000E+00, 2.9333E+00,
19:18:48.48343818, 2.0000E-01, 4.3867E+00, 2.6667E+00,
19:18:48.48343823, 2.0000E-01, 4.3733E+00, 2.8000E+00,
19:18:48.48343828, 2.0000E-01, 4.3867E+00, 2.9333E+00,
19:18:48.48343833, 1.7333E-01, 4.3467E+00, 2.6667E+00,
19:18:48.48343838, 2.0000E-01, 4.3867E+00, 2.9333E+00,
19:18:48.48343843, 1.6000E-01, 4.3867E+00, 3.2000E+00,
19:18:48.48343848, 2.0000E-01, 4.4400E+00, 2.9333E+00,
19:18:48.48343853, 1.6000E-01, 4.3867E+00, 2.4000E+00,
19:18:48.48343858, 1.8667E-01, 4.4133E+00, 2.5333E+00,
19:18:48.48343863, 1.7333E-01, 4.4000E+00, 2.5333E+00,
19:18:48.48343868, 1.8667E-01, 4.4000E+00, 2.8000E+00,
19:18:48.48343873, 2.0000E-01, 4.3867E+00, 2.9333E+00,
19:18:48.48343878, 1.8667E-01, 4.3867E+00, 2.6667E+00,
19:18:48.48343883, 1.8667E-01, 4.4000E+00, 2.6667E+00,
19:18:48.48343888, 1.7333E-01, 4.3600E+00, 2.2667E+00,
19:18:48.48343893, 1.7333E-01, 4.3867E+00, 2.5333E+00,
19:18:48.48343898, 1.6000E-01, 4.3867E+00, 2.5333E+00,
19:18:48.48343903, 2.0000E-01, 4.4000E+00, 2.2667E+00,
19:18:48.48343908, 1.8667E-01, 4.4400E+00, 2.2667E+00,
19:18:48.48343913, 2.0000E-01, 4.4400E+00, 2.1333E+00,
19:18:48.48343918, 1.8667E-01, 4.4000E+00, 2.2667E+00,
19:18:48.48343923, 2.1333E-01, 4.4133E+00, 2.2667E+00,
19:18:48.48343928, 1.8667E-01, 4.4267E+00, 2.1333E+00,
19:18:48.48343933, 2.1333E-01, 4.4400E+00, 2.0000E+00,
19:18:48.48343938, 1.7333E-01, 4.3867E+00, 2.1333E+00,
19:18:48.48343943, 2.0000E-01, 4.3867E+00, 2.0000E+00,
19:18:48.48343948, 1.7333E-01, 4.4000E+00, 2.0000E+00,
19:18:48.48343953, 1.8667E-01, 4.4000E+00, 1.7333E+00,
19:18:48.48343958, 1.7333E-01, 4.4000E+00, 1.8667E+00,
19:18:48.48343963, 2.0000E-01, 4.4133E+00, 1.7333E+00,
19:18:48.48343968, 2.0000E-01, 4.4000E+00, 1.8667E+00,
19:18:48.48343973, 1.4667E-01, 4.4133E+00, 1.7333E+00,
19:18:48.48343978, 2.0000E-01, 4.4000E+00, 2.0000E+00,
19:18:48.48343983, 1.4667E-01, 4.4267E+00, 1.7333E+00,
19:18:48.48343988, 1.6000E-01, 4.4000E+00, 1.8667E+00,
19:18:48.48343993, 1.6000E-01, 4.4000E+00, 1.7333E+00,
19:18:48.48343998, 2.0000E-01, 4.3867E+00, 1.7333E+00,
19:18:48.48344003, 1.8667E-01, 4.4133E+00, 1.7333E+00,
19:18:48.48344008, 1.7333E-01, 4.4133E+00, 1.7333E+00,
19:18:48.48344013, 1.7333E-01, 4.4267E+00, 1.7333E+00,
19:18:48.48344018, 2.0000E-01, 4.4267E+00, 1.6000E+00,
19:18:48.48344023, 1.8667E-01, 4.4400E+00, 1.3333E+00,
19:18:48.48344028, 1.7333E-01, 4.4267E+00, 1.4667E+00,
19:18:48.48344033, 1.8667E-01, 4.4267E+00, 1.4667E+00,
19:18:48.48344038, 1.6000E-01, 4.4000E+00, 1.6000E+00,
19:18:48.48344043, 1.4667E-01, 4.4267E+00, 1.4667E+00,
19:18:48.48344048, 1.7333E-01, 4.4400E+00, 1.4667E+00,
19:18:48.48344053, 1.7333E-01, 4.4267E+00, 1.3333E+00,
19:18:48.48344058, 1.7333E-01, 4.4267E+00, 1.2000E+00,
19:18:48.48344063, 1.4667E-01, 4.4400E+00, 1.2000E+00,
19:18:48.48344068, 1.8667E-01, 4.4267E+00, 1.0667E+00,
19:18:48.48344073, 1.4667E-01, 4.4000E+00, 1.4667E+00,
19:18:48.48344078, 1.4667E-01, 4.4267E+00, 1.3333E+00,
19:18:48.48344083, 1.8667E-01, 4.4133E+00, 9.3333E-01,
19:18:48.48344088, 1.7333E-01, 4.4000E+00, 1.2000E+00,
19:18:48.48344093, 1.6000E-01, 4.4267E+00, 9.3333E-01,
19:18:48.48344098, 1.8667E-01, 4.4000E+00, 9.3333E-01,
19:18:48.48344103, 1.8667E-01, 4.4133E+00, 8.0000E-01,
19:18:48.48344108, 1.8667E-01, 4.4133E+00, 6.6667E-01,
19:18:48.48344113, 1.7333E-01, 4.4267E+00, 6.6667E-01,
19:18:48.48344118, 1.6000E-01, 4.4000E+00, 8.0000E-01,
19:18:48.48344123, 1.6000E-01, 4.3867E+00, 8.0000E-01,
19:18:48.48344128, 1.4667E-01, 4.4400E+00, 6.6667E-01,
19:18:48.48344133, 1.7333E-01, 4.4267E+00, 9.3333E-01,
19:18:48.48344138, 1.4667E-01, 4.4133E+00, 6.6667E-01,
19:18:48.48344143, 1.7333E-01, 4.4400E+00, 1.0667E+00,
19:18:48.48344148, 1.8667E-01, 4.4267E+00, 6.6667E-01,
19:18:48.48344153, 1.7333E-01, 4.3733E+00, 6.6667E-01,
19:18:48.48344158, 1.8667E-01, 4.4133E+00, 1.3333E-01,
19:18:48.48344163, 1.6000E-01, 4.4400E+00, 6.6667E-01,
19:18:48.48344168, 1.4667E-01, 4.4133E+00, 6.6667E-01,
19:18:48.48344173, 1.6000E-01, 4.4000E+00, 5.3333E-01,
19:18:48.48344178, 1.6000E-01, 4.3867E+00, 6.6667E-01,
19:18:48.48344183, 1.4667E-01, 4.4133E+00, 6.6667E-01,
19:18:48.48344188, 1.8667E-01, 4.4133E+00, 5.3333E-01,
19:18:48.48344193, 1.8667E-01, 4.3867E+00, 4.0000E-01,
19:18:48.48344198, 1.7333E-01, 4.4000E+00, 1.3333E-01,
19:18:48.48344203, 1.8667E-01, 4.4267E+00, 2.6667E-01,
19:18:48.48344208, 1.7333E-01, 4.4267E+00, 2.6667E-01,
19:18:48.48344213, 1.6000E-01, 4.4267E+00, 2.6667E-01,
19:18:48.48344218, 1.6000E-01, 4.4400E+00, 1.3333E-01,
19:18:48.48344223, 1.2000E-01, 4.4267E+00,-2.6667E-01,
19:18:48.48344228, 1.3333E-01, 4.4133E+00, 0.0000E+00,
19:18:48.48344233, 1.6000E-01, 4.4000E+00, 0.0000E+00,
19:18:48.48344238, 1.2000E-01, 4.4267E+00, 2.6667E-01,
19:18:48.48344243, 1.6000E-01, 4.4000E+00, 0.0000E+00,
19:18:48.48344248, 1.7333E-01, 4.4400E+00,-4.0000E-01,
19:18:48.48344253, 1.8667E-01, 4.4000E+00,-1.3333E-01,
19:18:48.48344258, 1.7333E-01, 4.4400E+00,-1.3333E-01,
19:18:48.48344263, 1.6000E-01, 4.3867E+00, 0.0000E+00,
19:18:48.48344268, 1.7333E-01, 4.4000E+00,-1.3333E-01,
19:18:48.48344273, 1.7333E-01, 4.4000E+00,-4.0000E-01,
19:18:48.48344278, 1.3333E-01, 4.4000E+00,-2.6667E-01,
19:18:48.48344283, 2.1333E-01, 4.4267E+00,-4.0000E-01,
19:18:48.48344288, 1.6000E-01, 4.4400E+00,-1.3333E-01,
19:18:48.48344293, 1.7333E-01, 4.4133E+00,-2.6667E-01,
19:18:48.48344298, 1.7333E-01, 4.4133E+00,-6.6667E-01,
19:18:48.48344303, 1.6000E-01, 4.4133E+00,-2.6667E-01,
19:18:48.48344308, 1.8667E-01, 4.4000E+00,-4.0000E-01,
19:18:48.48344313, 1.2000E-01, 4.3867E+00,-2.6667E-01,
19:18:48.48344318, 1.3333E-01, 4.4267E+00,-4.0000E-01,
19:18:48.48344323, 1.0667E-01, 4.3733E+00,-4.0000E-01,
19:18:48.48344328, 1.6000E-01, 4.4133E+00,-6.6667E-01,
19:18:48.48344333, 1.4667E-01, 4.3867E+00,-6.6667E-01,
19:18:48.48344338, 1.6000E-01, 4.3867E+00,-6.6667E-01,
19:18:48.48344343, 1.7333E-01, 4.3867E+00,-6.6667E-01,
19:18:48.48344348, 1.8667E-01, 4.3733E+00,-6.6667E-01,
19:18:48.48344353, 1.8667E-01, 4.4000E+00,-6.6667E-01,
19:18:48.48344358, 1.7333E-01, 4.3600E+00,-8.0000E-01,
19:18:48.48344363, 1.6000E-01, 4.4000E+00,-8.0000E-01,
19:18:48.48344368, 1.7333E-01, 4.3867E+00,-9.3333E-01,
19:18:48.48344373, 1.6000E-01, 4.3600E+00,-9.3333E-01,
19:18:48.48344378, 1.4667E-01, 4.3867E+00,-9.3333E-01,
19:18:48.48344383, 1.4667E-01, 4.3733E+00,-6.6667E-01,
19:18:48.48344388, 1.7333E-01, 4.3600E+00,-9.3333E-01,
19:18:48.48344393, 1.6000E-01, 4.3600E+00,-9.3333E-01,
19:18:48.48344398, 1.4667E-01, 4.4000E+00,-1.0667E+00,
19:18:48.48344403, 2.0000E-01, 4.3867E+00,-1.0667E+00,
19:18:48.48344408, 1.7333E-01, 4.3733E+00,-6.6667E-01,
19:18:48.48344413, 1.6000E-01, 4.3733E+00,-9.3333E-01,
19:18:48.48344418, 1.3333E-01, 4.3733E+00,-9.3333E-01,
19:18:48.48344423, 1.3333E-01, 4.3600E+00,-1.3333E+00,
19:18:48.48344428, 1.3333E-01, 4.3733E+00,-1.0667E+00,
19:18:48.48344433, 1.4667E-01, 4.4133E+00,-9.3333E-01,
19:18:48.48344438, 1.0667E-01, 4.3333E+00,-1.4667E+00,
19:18:48.48344443, 1.6000E-01, 4.3733E+00,-1.4667E+00,
19:18:48.48344448, 1.4667E-01, 4.3467E+00,-1.2000E+00,
19:18:48.48344453, 1.4667E-01, 4.3867E+00,-1.0667E+00,
19:18:48.48344458, 1.4667E-01, 4.3600E+00,-1.6000E+00,
19:18:48.48344463, 1.4667E-01, 4.3200E+00,-1.4667E+00,
19:18:48.48344468, 1.2000E-01, 4.3600E+00,-1.3333E+00,
19:18:48.48344473, 1.3333E-01, 4.3733E+00,-1.7333E+00,
19:18:48.48344478, 1.6000E-01, 4.3600E+00,-1.2000E+00,
19:18:48.48344483, 1.4667E-01, 4.3600E+00,-1.2000E+00,
19:18:48.48344488, 1.3333E-01, 4.3333E+00,-1.4667E+00,
19:18:48.48344493, 1.2000E-01, 4.3200E+00,-1.8667E+00,
19:18:48.48344498, 1.3333E-01, 4.3333E+00,-1.6000E+00,
19:18:48.48344503, 1.3333E-01, 4.3467E+00,-1.3333E+00,
19:18:48.48344508, 1.4667E-01, 4.3067E+00,-1.4667E+00,
19:18:48.48344513, 1.3333E-01, 4.3200E+00,-1.4667E+00,
19:18:48.48344518, 1.3333E-01, 4.3067E+00,-1.6000E+00,
19:18:48.48344523, 1.0667E-01, 4.3333E+00,-1.3333E+00,
19:18:48.48344528, 1.3333E-01, 4.3333E+00,-1.4667E+00,
19:18:48.48344533, 1.4667E-01, 4.2933E+00,-1.8667E+00,
19:18:48.48344538, 1.4667E-01, 4.3333E+00,-1.3333E+00,
19:18:48.48344543, 1.4667E-01, 4.3333E+00,-1.8667E+00,
19:18:48.48344548, 1.6000E-01, 4.3467E+00,-2.0000E+00,
19:18:48.48344553, 1.2000E-01, 4.3200E+00,-1.8667E+00,
19:18:48.48344558, 1.2000E-01, 4.3067E+00,-1.7333E+00,
19:18:48.48344563, 1.3333E-01, 4.2933E+00,-1.7333E+00,
19:18:48.48344568, 1.3333E-01, 4.2933E+00,-1.6000E+00,
19:18:48.48344573, 1.2000E-01, 4.3200E+00,-1.6000E+00,
19:18:48.48344578, 1.3333E-01, 4.2933E+00,-1.6000E+00,
19:18:48.48344583, 1.3333E-01, 4.2933E+00,-1.7333E+00,
19:18:48.48344588, 1.6000E-01, 4.3200E+00,-1.6000E+00,
19:18:48.48344593, 1.6000E-01, 4.2933E+00,-2.0000E+00,
19:18:48.48344598, 1.7333E-01, 4.2933E+00,-1.6000E+00,
19:18:48.48344603, 1.3333E-01, 4.2933E+00,-1.8667E+00,
19:18:48.48344608, 1.0667E-01, 4.2800E+00,-2.0000E+00,
19:18:48.48344613, 1.4667E-01, 4.2933E+00,-1.7333E+00,
19:18:48.48344618, 1.4667E-01, 4.2800E+00,-1.8667E+00,
19:18:48.48344623, 1.0667E-01, 4.2933E+00,-1.7333E+00,
19:18:48.48344628, 1.0667E-01, 4.2667E+00,-2.0000E+00,
19:18:48.48344633, 1.2000E-01, 4.2933E+00,-1.7333E+00,
19:18:48.48344638, 1.6000E-01, 4.2933E+00,-2.1333E+00,
19:18:48.48344643, 1.6000E-01, 4.3067E+00,-1.8667E+00,
19:18:48.48344648, 1.4667E-01, 4.2800E+00,-2.1333E+00,
19:18:48.48344653, 1.3333E-01, 4.2800E+00,-1.8667E+00,
19:18:48.48344658, 1.4667E-01, 4.2933E+00,-1.8667E+00,
19:18:48.48344663, 1.2000E-01, 4.2800E+00,-1.8667E+00,
19:18:48.48344668, 1.3333E-01, 4.2800E+00,-1.8667E+00,
19:18:48.48344673, 1.4667E-01, 4.2933E+00,-1.7333E+00,
19:18:48.48344678, 1.2000E-01, 4.2933E+00,-2.0000E+00,
19:18:48.48344683, 1.0667E-01, 4.2933E+00,-2.1333E+00,
19:18:48.48344688, 1.2000E-01, 4.2667E+00,-2.1333E+00,
19:18:48.48344693, 1.4667E-01, 4.2800E+00,-2.1333E+00,
19:18:48.48344698, 1.3333E-01, 4.2400E+00,-2.0000E+00,
19:18:48.48344703, 1.3333E-01, 4.2667E+00,-2.0000E+00,
19:18:48.48344708, 1.3333E-01, 4.2533E+00,-2.0000E+00,
19:18:48.48344713, 1.0667E-01, 4.2667E+00,-2.1333E+00,
19:18:48.48344718, 1.0667E-01, 4.2533E+00,-2.0000E+00,
19:18:48.48344723, 1.0667E-01, 4.2533E+00,-2.0000E+00,
19:18:48.48344728, 1.3333E-01, 4.2533E+00,-2.0000E+00,
19:18:48.48344733, 1.3333E-01, 4.2667E+00,-2.0000E+00,
19:18:48.48344738, 1.3333E-01, 4.2133E+00,-2.1333E+00,
19:18:48.48344743, 1.0667E-01, 4.2400E+00,-2.1333E+00,
19:18:48.48344748, 1.0667E-01, 4.2267E+00,-2.4000E+00,
19:18:48.48344753, 1.0667E-01, 4.2533E+00,-2.0000E+00,
19:18:48.48344758, 1.3333E-01, 4.2533E+00,-2.0000E+00,
19:18:48.48344763, 1.0667E-01, 4.2000E+00,-2.0000E+00,
19:18:48.48344768, 1.2000E-01, 4.2133E+00,-2.1333E+00,
19:18:48.48344773, 1.3333E-01, 4.2267E+00,-2.1333E+00,
19:18:48.48344778, 1.0667E-01, 4.2267E+00,-2.1333E+00,
19:18:48.48344783, 1.3333E-01, 4.2533E+00,-2.4000E+00,
19:18:48.48344788, 9.3333E-02, 4.2267E+00,-2.2667E+00,
19:18:48.48344793, 1.4667E-01, 4.1867E+00,-2.0000E+00,
19:18:48.48344798, 1.2000E-01, 4.2267E+00,-2.0000E+00,
19:18:48.48344803, 1.0667E-01, 4.2133E+00,-2.1333E+00,
19:18:48.48344808, 9.3333E-02, 4.2000E+00,-2.1333E+00,
19:18:48.48344813, 9.3333E-02, 4.2267E+00,-2.2667E+00,
19:18:48.48344818, 8.0000E-02, 4.1867E+00,-2.0000E+00,
19:18:48.48344823, 1.4667E-01, 4.2267E+00,-1.8667E+00,
19:18:48.48344828, 1.4667E-01, 4.2000E+00,-2.0000E+00,
19:18:48.48344833, 1.3333E-01, 4.2267E+00,-2.4000E+00,
19:18:48.48344838, 1.3333E-01, 4.1733E+00,-2.1333E+00,
19:18:48.48344843, 9.3333E-02, 4.2000E+00,-2.0000E+00,
19:18:48.48344848, 1.2000E-01, 4.2133E+00,-2.0000E+00,
19:18:48.48344853, 9.3333E-02, 4.1867E+00,-2.0000E+00,
19:18:48.48344858, 1.0667E-01, 4.2133E+00,-2.0000E+00,
19:18:48.48344863, 1.0667E-01, 4.1867E+00,-2.0000E+00,
19:18:48.48344868, 1.0667E-01, 4.1867E+00,-1.8667E+00,
19:18:48.48344873, 1.0667E-01, 4.1867E+00,-2.2667E+00,
19:18:48.48344878, 1.2000E-01, 4.1733E+00,-2.1333E+00,
19:18:48.48344883, 1.2000E-01, 4.1733E+00,-2.1333E+00,
19:18:48.48344888, 1.0667E-01, 4.1867E+00,-2.0000E+00,
19:18:48.48344893, 8.0000E-02, 4.1867E+00,-2.0000E+00,
19:18:48.48344898, 1.0667E-01, 4.1733E+00,-2.1333E+00,
19:18:48.48344903, 1.0667E-01, 4.1733E+00,-2.0000E+00,
19:18:48.48344908, 1.3333E-01, 4.1733E+00,-2.1333E+00,
19:18:48.48344913, 8.0000E-02, 4.1867E+00,-2.0000E+00,
19:18:48.48344918, 1.0667E-01, 4.1600E+00,-1.7333E+00,
19:18:48.48344923, 1.2000E-01, 4.1600E+00,-2.0000E+00,
19:18:48.48344928, 1.0667E-01, 4.1600E+00,-2.1333E+00,
19:18:48.48344933, 1.0667E-01, 4.1733E+00,-2.0000E+00,
19:18:48.48344938, 1.0667E-01, 4.1600E+00,-2.0000E+00,
19:18:48.48344943, 8.0000E-02, 4.1600E+00,-2.0000E+00,
19:18:48.48344948, 9.3333E-02, 4.1867E+00,-1.8667E+00,
19:18:48.48344953, 1.0667E-01, 4.1600E+00,-1.7333E+00,
19:18:48.48344958, 8.0000E-02, 4.1600E+00,-2.0000E+00,
19:18:48.48344963, 1.0667E-01, 4.1733E+00,-2.1333E+00,
19:18:48.48344968, 1.2000E-01, 4.1867E+00,-1.8667E+00,
19:18:48.48344973, 9.3333E-02, 4.1600E+00,-2.0000E+00,
19:18:48.48344978, 1.3333E-01, 4.1600E+00,-2.1333E+00,
19:18:48.48344983, 1.2000E-01, 4.1467E+00,-2.0000E+00,
19:18:48.48344988, 9.3333E-02, 4.1600E+00,-2.1333E+00,
19:18:48.48344993, 9.3333E-02, 4.1600E+00,-2.0000E+00,
19:18:48.48344998, 8.0000E-02, 4.1200E+00,-1.7333E+00,
19:18:48.48345003, 1.0667E-01, 4.1600E+00,-1.8667E+00,
19:18:48.48345008, 8.0000E-02, 4.1467E+00,-2.0000E+00,
19:18:48.48345013, 1.2000E-01, 4.1467E+00,-1.6000E+00,
19:18:48.48345018, 1.2000E-01, 4.1333E+00,-1.8667E+00,
19:18:48.48345023, 1.2000E-01, 4.1600E+00,-1.6000E+00,
19:18:48.48345028, 9.3333E-02, 4.1333E+00,-2.0000E+00,
19:18:48.48345033, 9.3333E-02, 4.1333E+00,-2.0000E+00,
19:18:48.48345038, 1.0667E-01, 4.1467E+00,-1.7333E+00,
19:18:48.48345043, 9.3333E-02, 4.1333E+00,-2.0000E+00,
19:18:48.48345048, 1.0667E-01, 4.1333E+00,-1.6000E+00,
19:18:48.48345053, 1.2000E-01, 4.1600E+00,-1.7333E+00,
19:18:48.48345058, 1.0667E-01, 4.1600E+00,-1.6000E+00,
19:18:48.48345063, 9.3333E-02, 4.1333E+00,-1.7333E+00,
19:18:48.48345068, 1.0667E-01, 4.1600E+00,-1.4667E+00,
19:18:48.48345073, 1.2000E-01, 4.1600E+00,-1.4667E+00,
19:18:48.48345078, 8.0000E-02, 4.1200E+00,-1.6000E+00,
19:18:48.48345083, 9.3333E-02, 4.1200E+00,-1.4667E+00,
19:18:48.48345088, 8.0000E-02, 4.1200E+00,-1.7333E+00,
19:18:48.48345093, 6.6667E-02, 4.1600E+00,-1.6000E+00,
19:18:48.48345098, 8.0000E-02, 4.1200E+00,-1.7333E+00,
19:18:48.48345103, 8.0000E-02, 4.1333E+00,-1.6000E+00,
19:18:48.48345108, 9.3333E-02, 4.1333E+00,-1.4667E+00,
19:18:48.48345113, 1.0667E-01, 4.0933E+00,-1.3333E+00,
19:18:48.48345118, 1.2000E-01, 4.1200E+00,-1.4667E+00,
19:18:48.48345123, 8.0000E-02, 4.0933E+00,-1.6000E+00,
19:18:48.48345128, 1.0667E-01, 4.1067E+00,-1.7333E+00,
19:18:48.48345133, 8.0000E-02, 4.1067E+00,-1.6000E+00,
19:18:48.48345138, 8.0000E-02, 4.1333E+00,-1.2000E+00,
19:18:48.48345143, 8.0000E-02, 4.1200E+00,-1.3333E+00,
19:18:48.48345148, 1.0667E-01, 4.1200E+00,-1.2000E+00,
19:18:48.48345153, 8.0000E-02, 4.1333E+00,-1.0667E+00,
19:18:48.48345158, 9.3333E-02, 4.1200E+00,-1.6000E+00,
19:18:48.48345163, 9.3333E-02, 4.1200E+00,-1.3333E+00,
19:18:48.48345168, 8.0000E-02, 4.0800E+00,-1.3333E+00,
19:18:48.48345173, 1.0667E-01, 4.1067E+00,-1.2000E+00,
19:18:48.48345178, 1.0667E-01, 4.0933E+00,-1.4667E+00,
19:18:48.48345183, 8.0000E-02, 4.0933E+00,-1.4667E+00,
19:18:48.48345188, 8.0000E-02, 4.1200E+00,-1.0667E+00,
19:18:48.48345193, 8.0000E-02, 4.1333E+00,-9.3333E-01,
19:18:48.48345198, 8.0000E-02, 4.0800E+00,-1.0667E+00,
19:18:48.48345203, 1.0667E-01, 4.1467E+00,-1.4667E+00,
19:18:48.48345208, 1.0667E-01, 4.1067E+00,-1.0667E+00,
19:18:48.48345213, 1.0667E-01, 4.0800E+00,-1.4667E+00,
19:18:48.48345218, 1.0667E-01, 4.0933E+00,-1.2000E+00,
19:18:48.48345223, 9.3333E-02, 4.0800E+00,-1.2000E+00,
19:18:48.48345228, 8.0000E-02, 4.1333E+00,-9.3333E-01,
19:18:48.48345233, 6.6667E-02, 4.0667E+00,-9.3333E-01,
19:18:48.48345238, 6.6667E-02, 4.0800E+00,-1.0667E+00,
19:18:48.48345243, 8.0000E-02, 4.1067E+00,-9.3333E-01,
19:18:48.48345248, 8.0000E-02, 4.0800E+00,-1.0667E+00,
19:18:48.48345253, 8.0000E-02, 4.1067E+00,-8.0000E-01,
19:18:48.48345258, 8.0000E-02, 4.1067E+00,-6.6667E-01,
19:18:48.48345263, 1.0667E-01, 4.0933E+00,-6.6667E-01,
19:18:48.48345268, 8.0000E-02, 4.0933E+00,-6.6667E-01,
19:18:48.48345273, 9.3333E-02, 4.0933E+00,-6.6667E-01,
19:18:48.48345278, 8.0000E-02, 4.1067E+00,-6.6667E-01,
19:18:48.48345283, 8.0000E-02, 4.0933E+00,-6.6667E-01,
19:18:48.48345288, 8.0000E-02, 4.0800E+00,-8.0000E-01,
19:18:48.48345293, 1.3333E-01, 4.0800E+00,-6.6667E-01,
19:18:48.48345298, 9.3333E-02, 4.0933E+00,-8.0000E-01,
19:18:48.48345303, 8.0000E-02, 4.0800E+00,-6.6667E-01,
19:18:48.48345308, 9.3333E-02, 4.0800E+00,-6.6667E-01,
19:18:48.48345313, 8.0000E-02, 4.0667E+00,-8.0000E-01,
19:18:48.48345318, 1.0667E-01, 4.0533E+00,-6.6667E-01,
19:18:48.48345323, 9.3333E-02, 4.1200E+00,-8.0000E-01,
19:18:48.48345328, 9.3333E-02, 4.0667E+00,-6.6667E-01,
19:18:48.48345333, 8.0000E-02, 4.0933E+00,-6.6667E-01,
19:18:48.48345338, 9.3333E-02, 4.0800E+00,-6.6667E-01,
19:18:48.48345343, 6.6667E-02, 4.1067E+00,-5.3333E-01,
19:18:48.48345348, 8.0000E-02, 4.1067E+00,-5.3333E-01,
19:18:48.48345353, 9.3333E-02, 4.0800E+00,-5.3333E-01,
19:18:48.48345358, 9.3333E-02, 4.1067E+00,-6.6667E-01,
19:18:48.48345363, 1.0667E-01, 4.0933E+00,-4.0000E-01,
19:18:48.48345368, 8.0000E-02, 4.0933E+00,-5.3333E-01,
19:18:48.48345373, 9.3333E-02, 4.0667E+00,-5.3333E-01,
19:18:48.48345378, 5.3333E-02, 4.1067E+00,-6.6667E-01,
19:18:48.48345383, 8.0000E-02, 4.0800E+00,-1.3333E-01,
19:18:48.48345388, 1.2000E-01, 4.0800E+00,-4.0000E-01,
19:18:48.48345393, 8.0000E-02, 4.1067E+00,-6.6667E-01,
19:18:48.48345398, 8.0000E-02, 4.0933E+00,-5.3333E-01,
19:18:48.48345403, 1.0667E-01, 4.0933E+00,-5.3333E-01,
19:18:48.48345408, 1.0667E-01, 4.1067E+00,-2.6667E-01,
19:18:48.48345413, 9.3333E-02, 4.0933E+00,-4.0000E-01,
19:18:48.48345418, 1.0667E-01, 4.1067E+00,-4.0000E-01,
19:18:48.48345423, 1.0667E-01, 4.1067E+00,-2.6667E-01,
19:18:48.48345428, 8.0000E-02, 4.1067E+00,-2.6667E-01,
19:18:48.48345433, 6.6667E-02, 4.1067E+00,-4.0000E-01,
19:18:48.48345438, 5.3333E-02, 4.0933E+00, 0.0000E+00,
19:18:48.48345443, 6.6667E-02, 4.0800E+00, 0.0000E+00,
19:18:48.48345448, 8.0000E-02, 4.1067E+00, 0.0000E+00,
19:18:48.48345453, 1.0667E-01, 4.0800E+00, 1.3333E-01,
19:18:48.48345458, 9.3333E-02, 4.1067E+00, 0.0000E+00,
19:18:48.48345463, 9.3333E-02, 4.1067E+00, 1.3333E-01,
19:18:48.48345468, 8.0000E-02, 4.0800E+00, 0.0000E+00,
19:18:48.48345473, 6.6667E-02, 4.0533E+00, 0.0000E+00,
19:18:48.48345478, 8.0000E-02, 4.0933E+00, 1.3333E-01,
19:18:48.48345483, 8.0000E-02, 4.0800E+00, 0.0000E+00,
19:18:48.48345488, 8.0000E-02, 4.0933E+00, 0.0000E+00,
19:18:48.48345493, 1.0667E-01, 4.1067E+00, 1.3333E-01,
19:18:48.48345498, 9.3333E-02, 4.0800E+00, 1.3333E-01,
19:18:48.48345503, 8.0000E-02, 4.0933E+00, 4.0000E-01,
19:18:48.48345508, 6.6667E-02, 4.0800E+00, 1.3333E-01,
19:18:48.48345513, 8.0000E-02, 4.1067E+00, 1.3333E-01,
19:18:48.48345518, 8.0000E-02, 4.0933E+00, 4.0000E-01,
19:18:48.48345523, 5.3333E-02, 4.0933E+00, 4.0000E-01,
19:18:48.48345528, 8.0000E-02, 4.1067E+00, 5.3333E-01,
19:18:48.48345533, 9.3333E-02, 4.0800E+00, 4.0000E-01,
19:18:48.48345538, 9.3333E-02, 4.0933E+00, 2.6667E-01,
19:18:48.48345543, 9.3333E-02, 4.0800E+00, 1.3333E-01,
19:18:48.48345548, 8.0000E-02, 4.0800E+00, 4.0000E-01,
19:18:48.48345553, 9.3333E-02, 4.1200E+00, 2.6667E-01,
19:18:48.48345558, 8.0000E-02, 4.0533E+00, 5.3333E-01,
19:18:48.48345563, 1.0667E-01, 4.1200E+00, 4.0000E-01,
19:18:48.48345568, 6.6667E-02, 4.0933E+00, 2.6667E-01,
19:18:48.48345573, 8.0000E-02, 4.0933E+00, 6.6667E-01,
19:18:48.48345578, 6.6667E-02, 4.1067E+00, 6.6667E-01,
19:18:48.48345583, 6.6667E-02, 4.1067E+00, 6.6667E-01,
19:18:48.48345588, 6.6667E-02, 4.0933E+00, 5.3333E-01,
19:18:48.48345593, 6.6667E-02, 4.0800E+00, 8.0000E-01,
19:18:48.48345598, 1.0667E-01, 4.0800E+00, 5.3333E-01,
19:18:48.48345603, 6.6667E-02, 4.0933E+00, 6.6667E-01,
19:18:48.48345608, 5.3333E-02, 4.0667E+00, 5.3333E-01,
19:18:48.48345613, 8.0000E-02, 4.0800E+00, 5.3333E-01,
19:18:48.48345618, 2.6667E-02, 4.1067E+00, 6.6667E-01,
19:18:48.48345623, 8.0000E-02, 4.0933E+00, 6.6667E-01,
19:18:48.48345628, 6.6667E-02, 4.0800E+00, 8.0000E-01,
19:18:48.48345633, 8.0000E-02, 4.0933E+00, 5.3333E-01,
19:18:48.48345638, 6.6667E-02, 4.1200E+00, 8.0000E-01,
19:18:48.48345643, 8.0000E-02, 4.1067E+00, 6.6667E-01,
19:18:48.48345648, 1.0667E-01, 4.1067E+00, 6.6667E-01,
19:18:48.48345653, 8.0000E-02, 4.1067E+00, 9.3333E-01,
19:18:48.48345658, 8.0000E-02, 4.1200E+00, 8.0000E-01,
19:18:48.48345663, 5.3333E-02, 4.1200E+00, 6.6667E-01,
19:18:48.48345668, 8.0000E-02, 4.1200E+00, 8.0000E-01,
19:18:48.48345673, 9.3333E-02, 4.1200E+00, 8.0000E-01,
19:18:48.48345678, 8.0000E-02, 4.0933E+00, 8.0000E-01,
19:18:48.48345683, 8.0000E-02, 4.1067E+00, 6.6667E-01,
19:18:48.48345688, 8.0000E-02, 4.1200E+00, 9.3333E-01,
19:18:48.48345693, 4.0000E-02, 4.1200E+00, 8.0000E-01,
19:18:48.48345698, 8.0000E-02, 4.1200E+00, 1.0667E+00,
19:18:48.48345703, 8.0000E-02, 4.1467E+00, 9.3333E-01,
19:18:48.48345708, 8.0000E-02, 4.1333E+00, 8.0000E-01,
19:18:48.48345713, 6.6667E-02, 4.1333E+00, 6.6667E-01,
19:18:48.48345718, 5.3333E-02, 4.1200E+00, 1.0667E+00,
19:18:48.48345723, 8.0000E-02, 4.1333E+00, 8.0000E-01,
19:18:48.48345728, 6.6667E-02, 4.1200E+00, 1.2000E+00,
19:18:48.48345733, 8.0000E-02, 4.1333E+00, 9.3333E-01,
19:18:48.48345738, 6.6667E-02, 4.1333E+00, 1.2000E+00,
19:18:48.48345743, 9.3333E-02, 4.1200E+00, 9.3333E-01,
19:18:48.48345748, 4.0000E-02, 4.1200E+00, 1.0667E+00,
19:18:48.48345753, 8.0000E-02, 4.1333E+00, 8.0000E-01,
19:18:48.48345758, 5.3333E-02, 4.1333E+00, 1.3333E+00,
19:18:48.48345763, 6.6667E-02, 4.1333E+00, 1.0667E+00,
19:18:48.48345768, 8.0000E-02, 4.1200E+00, 1.2000E+00,
19:18:48.48345773, 8.0000E-02, 4.1333E+00, 1.2000E+00,
19:18:48.48345778, 6.6667E-02, 4.1333E+00, 6.6667E-01,
19:18:48.48345783, 8.0000E-02, 4.1333E+00, 1.2000E+00,
19:18:48.48345788, 8.0000E-02, 4.1333E+00, 1.2000E+00,
19:18:48.48345793, 8.0000E-02, 4.1333E+00, 1.6000E+00,
19:18:48.48345798, 8.0000E-02, 4.1467E+00, 1.3333E+00,
19:18:48.48345803, 9.3333E-02, 4.1333E+00, 1.2000E+00,
19:18:48.48345808, 8.0000E-02, 4.1067E+00, 1.4667E+00,
19:18:48.48345813, 5.3333E-02, 4.1600E+00, 1.0667E+00,
19:18:48.48345818, 8.0000E-02, 4.1467E+00, 1.4667E+00,
19:18:48.48345823, 6.6667E-02, 4.1600E+00, 1.3333E+00,
19:18:48.48345828, 8.0000E-02, 4.1600E+00, 1.4667E+00,
19:18:48.48345833, 8.0000E-02, 4.1600E+00, 1.4667E+00,
19:18:48.48345838, 8.0000E-02, 4.1333E+00, 1.4667E+00,
19:18:48.48345843, 8.0000E-02, 4.1333E+00, 1.3333E+00,
19:18:48.48345848, 8.0000E-02, 4.1333E+00, 1.4667E+00,
19:18:48.48345853, 8.0000E-02, 4.1467E+00, 1.2000E+00,
19:18:48.48345858, 8.0000E-02, 4.1600E+00, 1.0667E+00,
19:18:48.48345863, 8.0000E-02, 4.1467E+00, 1.6000E+00,
19:18:48.48345868, 6.6667E-02, 4.1600E+00, 1.2000E+00,
19:18:48.48345873, 6.6667E-02, 4.1600E+00, 1.4667E+00,
19:18:48.48345878, 8.0000E-02, 4.1467E+00, 1.7333E+00,
19:18:48.48345883, 9.3333E-02, 4.1333E+00, 1.7333E+00,
19:18:48.48345888, 9.3333E-02, 4.1333E+00, 1.0667E+00,
19:18:48.48345893, 8.0000E-02, 4.1600E+00, 1.3333E+00,
19:18:48.48345898, 8.0000E-02, 4.1600E+00, 1.8667E+00,
19:18:48.48345903, 8.0000E-02, 4.1467E+00, 1.4667E+00,
19:18:48.48345908, 9.3333E-02, 4.1733E+00, 1.4667E+00,
19:18:48.48345913, 4.0000E-02, 4.1467E+00, 1.2000E+00,
19:18:48.48345918, 8.0000E-02, 4.1600E+00, 1.3333E+00,
19:18:48.48345923, 6.6667E-02, 4.1600E+00, 1.4667E+00,
19:18:48.48345928, 8.0000E-02, 4.2000E+00, 1.3333E+00,
19:18:48.48345933, 8.0000E-02, 4.1600E+00, 1.2000E+00,
19:18:48.48345938, 9.3333E-02, 4.1600E+00, 1.6000E+00,
19:18:48.48345943, 8.0000E-02, 4.1600E+00, 1.4667E+00,
19:18:48.48345948, 6.6667E-02, 4.1733E+00, 1.4667E+00,
19:18:48.48345953, 5.3333E-02, 4.2133E+00, 1.6000E+00,
19:18:48.48345958, 8.0000E-02, 4.1867E+00, 1.2000E+00,
19:18:48.48345963, 8.0000E-02, 4.1733E+00, 1.7333E+00,
19:18:48.48345968, 5.3333E-02, 4.1467E+00, 1.3333E+00,
19:18:48.48345973, 8.0000E-02, 4.1600E+00, 1.4667E+00,
19:18:48.48345978, 1.0667E-01, 4.1600E+00, 1.6000E+00,
19:18:48.48345983, 9.3333E-02, 4.1867E+00, 1.6000E+00,
19:18:48.48345988, 8.0000E-02, 4.1600E+00, 1.6000E+00,
19:18:48.48345993, 5.3333E-02, 4.2000E+00, 1.3333E+00,
19:18:48.48345998, 5.3333E-02, 4.1867E+00, 1.4667E+00,
19:18:48.48346003, 6.6667E-02, 4.1867E+00, 1.3333E+00,
19:18:48.48346008, 8.0000E-02, 4.2000E+00, 1.4667E+00,
19:18:48.48346013, 8.0000E-02, 4.1600E+00, 1.6000E+00,
19:18:48.48346018, 8.0000E-02, 4.1733E+00, 1.8667E+00,
19:18:48.48346023, 8.0000E-02, 4.1600E+00, 1.6000E+00,
19:18:48.48346028, 9.3333E-02, 4.1733E+00, 2.0000E+00,
19:18:48.48346033, 8.0000E-02, 4.1733E+00, 1.7333E+00,
19:18:48.48346038, 8.0000E-02, 4.1600E+00, 1.6000E+00,
19:18:48.48346043, 8.0000E-02, 4.1867E+00, 1.7333E+00,
19:18:48.48346048, 8.0000E-02, 4.2000E+00, 1.6000E+00,
19:18:48.48346053, 5.3333E-02, 4.2000E+00, 1.7333E+00,
19:18:48.48346058, 6.6667E-02, 4.1733E+00, 1.7333E+00,
19:18:48.48346063, 8.0000E-02, 4.2267E+00, 1.6000E+00,
19:18:48.48346068, 6.6667E-02, 4.2267E+00, 1.8667E+00,
19:18:48.48346073, 5.3333E-02, 4.2133E+00, 1.6000E+00,
19:18:48.48346078, 8.0000E-02, 4.2133E+00, 1.3333E+00,
19:18:48.48346083, 8.0000E-02, 4.2133E+00, 1.4667E+00,
19:18:48.48346088, 6.6667E-02, 4.2133E+00, 1.7333E+00,
19:18:48.48346093, 5.3333E-02, 4.2133E+00, 1.6000E+00,
19:18:48.48346098, 6.6667E-02, 4.2133E+00, 1.3333E+00,
19:18:48.48346103, 8.0000E-02, 4.2267E+00, 2.0000E+00,
19:18:48.48346108, 8.0000E-02, 4.2000E+00, 1.6000E+00,
19:18:48.48346113, 8.0000E-02, 4.1867E+00, 1.4667E+00,
19:18:48.48346118, 8.0000E-02, 4.2133E+00, 1.3333E+00,
19:18:48.48346123, 9.3333E-02, 4.2000E+00, 1.3333E+00,
19:18:48.48346128, 8.0000E-02, 4.2267E+00, 1.6000E+00,
19:18:48.48346133, 8.0000E-02, 4.2133E+00, 1.6000E+00,
19:18:48.48346138, 5.3333E-02, 4.2267E+00, 1.8667E+00,
19:18:48.48346143, 6.6667E-02, 4.2000E+00, 1.6000E+00,
19:18:48.48346148, 4.0000E-02, 4.2267E+00, 1.4667E+00,
19:18:48.48346153, 8.0000E-02, 4.2000E+00, 1.6000E+00,
19:18:48.48346158, 8.0000E-02, 4.2133E+00, 1.3333E+00,
19:18:48.48346163, 8.0000E-02, 4.2133E+00, 1.4667E+00,
19:18:48.48346168, 8.0000E-02, 4.2533E+00, 1.6000E+00,
19:18:48.48346173, 9.3333E-02, 4.2133E+00, 1.4667E+00,
19:18:48.48346178, 6.6667E-02, 4.2267E+00, 1.8667E+00,
19:18:48.48346183, 8.0000E-02, 4.2267E+00, 1.6000E+00,
19:18:48.48346188, 6.6667E-02, 4.1867E+00, 1.3333E+00,
19:18:48.48346193, 5.3333E-02, 4.2267E+00, 1.4667E+00,
19:18:48.48346198, 8.0000E-02, 4.1867E+00, 1.7333E+00,
19:18:48.48346203, 6.6667E-02, 4.2400E+00, 1.4667E+00,
19:18:48.48346208, 1.3333E-02, 4.2267E+00, 1.3333E+00,
19:18:48.48346213, 6.6667E-02, 4.2400E+00, 1.6000E+00,
19:18:48.48346218, 5.3333E-02, 4.2533E+00, 1.6000E+00,
19:18:48.48346223, 8.0000E-02, 4.2267E+00, 1.6000E+00,
19:18:48.48346228, 8.0000E-02, 4.2400E+00, 1.8667E+00,
19:18:48.48346233, 9.3333E-02, 4.2400E+00, 1.6000E+00,
19:18:48.48346238, 6.6667E-02, 4.2533E+00, 1.7333E+00,
19:18:48.48346243, 4.0000E-02, 4.2400E+00, 1.6000E+00,
19:18:48.48346248, 5.3333E-02, 4.2400E+00, 1.6000E+00,
19:18:48.48346253, 8.0000E-02, 4.2000E+00, 1.4667E+00,
19:18:48.48346258, 6.6667E-02, 4.2400E+00, 1.7333E+00,
19:18:48.48346263, 8.0000E-02, 4.2667E+00, 1.4667E+00,
19:18:48.48346268, 8.0000E-02, 4.2400E+00, 1.4667E+00,
19:18:48.48346273, 8.0000E-02, 4.2933E+00, 1.6000E+00,
19:18:48.48346278, 8.0000E-02, 4.2400E+00, 1.8667E+00,
19:18:48.48346283, 5.3333E-02, 4.2800E+00, 1.6000E+00,
19:18:48.48346288, 8.0000E-02, 4.2533E+00, 1.8667E+00,
19:18:48.48346293, 5.3333E-02, 4.2533E+00, 1.4667E+00,
19:18:48.48346298, 8.0000E-02, 4.2400E+00, 1.6000E+00,
19:18:48.48346303, 6.6667E-02, 4.2267E+00, 1.3333E+00,
19:18:48.48346308, 5.3333E-02, 4.2267E+00, 1.6000E+00,
19:18:48.48346313, 8.0000E-02, 4.2400E+00, 1.4667E+00,
19:18:48.48346318, 8.0000E-02, 4.2667E+00, 1.4667E+00,
19:18:48.48346323, 9.3333E-02, 4.2800E+00, 1.4667E+00,
19:18:48.48346328, 8.0000E-02, 4.2667E+00, 1.2000E+00,
19:18:48.48346333, 8.0000E-02, 4.2667E+00, 1.2000E+00,
19:18:48.48346338, 4.0000E-02, 4.2667E+00, 1.2000E+00,
19:18:48.48346343, 6.6667E-02, 4.2667E+00, 1.3333E+00,
19:18:48.48346348, 8.0000E-02, 4.2800E+00, 1.2000E+00,
19:18:48.48346353, 8.0000E-02, 4.2533E+00, 1.0667E+00,
19:18:48.48346358, 6.6667E-02, 4.2533E+00, 1.3333E+00,
19:18:48.48346363, 9.3333E-02, 4.2667E+00, 1.2000E+00,
19:18:48.48346368, 8.0000E-02, 4.2933E+00, 1.4667E+00,
19:18:48.48346373, 8.0000E-02, 4.2933E+00, 1.4667E+00,
19:18:48.48346378, 6.6667E-02, 4.2533E+00, 1.4667E+00,
19:18:48.48346383, 5.3333E-02, 4.2667E+00, 1.6000E+00,
19:18:48.48346388, 8.0000E-02, 4.2533E+00, 1.3333E+00,
19:18:48.48346393, 8.0000E-02, 4.2667E+00, 9.3333E-01,
19:18:48.48346398, 8.0000E-02, 4.2933E+00, 1.3333E+00,
19:18:48.48346403, 8.0000E-02, 4.2800E+00, 1.3333E+00,
19:18:48.48346408, 8.0000E-02, 4.2533E+00, 9.3333E-01,
19:18:48.48346413, 6.6667E-02, 4.2800E+00, 1.3333E+00,
19:18:48.48346418, 8.0000E-02, 4.2800E+00, 1.0667E+00,
19:18:48.48346423, 8.0000E-02, 4.2667E+00, 1.4667E+00,
19:18:48.48346428, 5.3333E-02, 4.2667E+00, 1.3333E+00,
19:18:48.48346433, 8.0000E-02, 4.2667E+00, 8.0000E-01,
19:18:48.48346438, 6.6667E-02, 4.2667E+00, 9.3333E-01,
19:18:48.48346443, 8.0000E-02, 4.2800E+00, 9.3333E-01,
19:18:48.48346448, 6.6667E-02, 4.2800E+00, 9.3333E-01,
19:18:48.48346453, 8.0000E-02, 4.2933E+00, 1.0667E+00,
19:18:48.48346458, 6.6667E-02, 4.2800E+00, 1.3333E+00,
19:18:48.48346463, 8.0000E-02, 4.2933E+00, 8.0000E-01,
19:18:48.48346468, 8.0000E-02, 4.2800E+00, 1.4667E+00,
19:18:48.48346473, 6.6667E-02, 4.2800E+00, 1.3333E+00,
19:18:48.48346478, 5.3333E-02, 4.2800E+00, 1.4667E+00,
19:18:48.48346483, 8.0000E-02, 4.2933E+00, 1.2000E+00,
19:18:48.48346488, 8.0000E-02, 4.2933E+00, 1.2000E+00,
19:18:48.48346493, 8.0000E-02, 4.2800E+00, 9.3333E-01,
19:18:48.48346498, 8.0000E-02, 4.2667E+00, 1.0667E+00,
19:18:48.48346503, 8.0000E-02, 4.2933E+00, 1.2000E+00,
19:18:48.48346508, 8.0000E-02, 4.2933E+00, 1.0667E+00,
19:18:48.48346513, 8.0000E-02, 4.2933E+00, 1.2000E+00,
19:18:48.48346518, 8.0000E-02, 4.2933E+00, 1.2000E+00,
19:18:48.48346523, 8.0000E-02, 4.2933E+00, 1.3333E+00,
19:18:48.48346528, 6.6667E-02, 4.2667E+00, 9.3333E-01,
19:18:48.48346533, 6.6667E-02, 4.3067E+00, 6.6667E-01,
19:18:48.48346538, 2.6667E-02, 4.2933E+00, 6.6667E-01,
19:18:48.48346543, 5.3333E-02, 4.2933E+00, 8.0000E-01,
19:18:48.48346548, 8.0000E-02, 4.2667E+00, 6.6667E-01,
19:18:48.48346553, 8.0000E-02, 4.2667E+00, 8.0000E-01,
19:18:48.48346558, 8.0000E-02, 4.2933E+00, 6.6667E-01,
19:18:48.48346563, 8.0000E-02, 4.2933E+00, 8.0000E-01,
19:18:48.48346568, 5.3333E-02, 4.2800E+00, 6.6667E-01,
19:18:48.48346573, 8.0000E-02, 4.2933E+00, 9.3333E-01,
19:18:48.48346578, 4.0000E-02, 4.3067E+00, 9.3333E-01,
19:18:48.48346583, 6.6667E-02, 4.2933E+00, 6.6667E-01,
19:18:48.48346588, 6.6667E-02, 4.3067E+00, 6.6667E-01,
19:18:48.48346593, 8.0000E-02, 4.2800E+00, 6.6667E-01,
19:18:48.48346598, 8.0000E-02, 4.2667E+00, 6.6667E-01,
19:18:48.48346603, 5.3333E-02, 4.2933E+00, 6.6667E-01,
19:18:48.48346608, 4.0000E-02, 4.3067E+00, 6.6667E-01,
19:18:48.48346613, 6.6667E-02, 4.2933E+00, 6.6667E-01,
19:18:48.48346618, 5.3333E-02, 4.2933E+00, 8.0000E-01,
19:18:48.48346623, 8.0000E-02, 4.2933E+00, 8.0000E-01,
19:18:48.48346628, 8.0000E-02, 4.2933E+00, 6.6667E-01,
19:18:48.48346633, 8.0000E-02, 4.2933E+00, 6.6667E-01,
19:18:48.48346638, 8.0000E-02, 4.3067E+00, 4.0000E-01,
19:18:48.48346643, 6.6667E-02, 4.2800E+00, 6.6667E-01,
19:18:48.48346648, 6.6667E-02, 4.2933E+00, 6.6667E-01,
19:18:48.48346653, 6.6667E-02, 4.2933E+00, 5.3333E-01,
19:18:48.48346658, 5.3333E-02, 4.2800E+00, 6.6667E-01,
19:18:48.48346663, 8.0000E-02, 4.2800E+00, 2.6667E-01,
19:18:48.48346668, 8.0000E-02, 4.2933E+00, 6.6667E-01,
19:18:48.48346673, 6.6667E-02, 4.2933E+00, 6.6667E-01,
19:18:48.48346678, 5.3333E-02, 4.2933E+00, 5.3333E-01,
19:18:48.48346683, 8.0000E-02, 4.2933E+00, 5.3333E-01,
19:18:48.48346688, 6.6667E-02, 4.2667E+00, 4.0000E-01,
19:18:48.48346693, 6.6667E-02, 4.2933E+00, 6.6667E-01,
19:18:48.48346698, 6.6667E-02, 4.2933E+00, 6.6667E-01,
19:18:48.48346703, 6.6667E-02, 4.2933E+00, 6.6667E-01,
19:18:48.48346708, 6.6667E-02, 4.3067E+00, 6.6667E-01,
19:18:48.48346713, 6.6667E-02, 4.2933E+00, 4.0000E-01,
19:18:48.48346718, 8.0000E-02, 4.2933E+00, 6.6667E-01,
19:18:48.48346723, 5.3333E-02, 4.2800E+00, 4.0000E-01,
19:18:48.48346728, 8.0000E-02, 4.2933E+00, 6.6667E-01,
19:18:48.48346733, 6.6667E-02, 4.2800E+00, 4.0000E-01,
19:18:48.48346738, 6.6667E-02, 4.2533E+00, 4.0000E-01,
19:18:48.48346743, 8.0000E-02, 4.2933E+00, 4.0000E-01,
19:18:48.48346748, 1.0667E-01, 4.2800E+00, 6.6667E-01,
19:18:48.48346753, 6.6667E-02, 4.2933E+00, 2.6667E-01,
19:18:48.48346758, 9.3333E-02, 4.2933E+00,-1.3333E-01,
19:18:48.48346763, 6.6667E-02, 4.2933E+00, 2.6667E-01,
19:18:48.48346768, 6.6667E-02, 4.2933E+00, 2.6667E-01,
19:18:48.48346773, 5.3333E-02, 4.3067E+00, 1.3333E-01,
19:18:48.48346778, 6.6667E-02, 4.2800E+00, 4.0000E-01,
19:18:48.48346783, 6.6667E-02, 4.2933E+00, 0.0000E+00,
19:18:48.48346788, 8.0000E-02, 4.2800E+00, 4.0000E-01,
19:18:48.48346793, 5.3333E-02, 4.3067E+00, 2.6667E-01,
19:18:48.48346798, 6.6667E-02, 4.2933E+00, 0.0000E+00,
19:18:48.48346803, 4.0000E-02, 4.2933E+00, 5.3333E-01,
19:18:48.48346808, 4.0000E-02, 4.2800E+00, 0.0000E+00,
19:18:48.48346813, 4.0000E-02, 4.2667E+00, 4.0000E-01,
19:18:48.48346818, 5.3333E-02, 4.2933E+00, 0.0000E+00,
19:18:48.48346823, 5.3333E-02, 4.2800E+00, 2.6667E-01,
19:18:48.48346828, 6.6667E-02, 4.2933E+00, 1.3333E-01,
19:18:48.48346833, 5.3333E-02, 4.2933E+00, 2.6667E-01,
19:18:48.48346838, 6.6667E-02, 4.2933E+00, 1.3333E-01,
19:18:48.48346843, 8.0000E-02, 4.2667E+00, 0.0000E+00,
19:18:48.48346848, 8.0000E-02, 4.3067E+00,-1.3333E-01,
19:18:48.48346853, 6.6667E-02, 4.2933E+00, 2.6667E-01,
19:18:48.48346858, 5.3333E-02, 4.2933E+00, 0.0000E+00,
19:18:48.48346863, 4.0000E-02, 4.2933E+00, 0.0000E+00,
19:18:48.48346868, 6.6667E-02, 4.2933E+00, 0.0000E+00,
19:18:48.48346873, 8.0000E-02, 4.3067E+00,-1.3333E-01,
19:18:48.48346878, 8.0000E-02, 4.2800E+00, 0.0000E+00,
19:18:48.48346883, 8.0000E-02, 4.2800E+00,-1.3333E-01,
19:18:48.48346888, 8.0000E-02, 4.2933E+00, 0.0000E+00,
19:18:48.48346893, 8.0000E-02, 4.2933E+00,-2.6667E-01,
19:18:48.48346898, 6.6667E-02, 4.2800E+00, 5.3333E-01,
19:18:48.48346903, 8.0000E-02, 4.2933E+00,-1.3333E-01,
19:18:48.48346908, 4.0000E-02, 4.3067E+00,-1.3333E-01,
19:18:48.48346913, 8.0000E-02, 4.2800E+00,-1.3333E-01,
19:18:48.48346918, 5.3333E-02, 4.2667E+00, 0.0000E+00,
19:18:48.48346923, 8.0000E-02, 4.2800E+00,-4.0000E-01,
19:18:48.48346928, 6.6667E-02, 4.2800E+00,-2.6667E-01,
19:18:48.48346933, 5.3333E-02, 4.2800E+00,-5.3333E-01,
19:18:48.48346938, 8.0000E-02, 4.2800E+00,-2.6667E-01,
19:18:48.48346943, 5.3333E-02, 4.2800E+00,-2.6667E-01,
19:18:48.48346948, 5.3333E-02, 4.2800E+00,-2.6667E-01,
19:18:48.48346953, 6.6667E-02, 4.2667E+00,-1.3333E-01,
19:18:48.48346958, 5.3333E-02, 4.3067E+00,-1.3333E-01,
19:18:48.48346963, 5.3333E-02, 4.2800E+00,-2.6667E-01,
19:18:48.48346968, 4.0000E-02, 4.2800E+00,-1.3333E-01,
19:18:48.48346973, 2.6667E-02, 4.2667E+00,-2.6667E-01,
19:18:48.48346978, 6.6667E-02, 4.2667E+00,-1.3333E-01,
19:18:48.48346983, 8.0000E-02, 4.2533E+00,-5.3333E-01,
19:18:48.48346988, 8.0000E-02, 4.2933E+00,-2.6667E-01,
19:18:48.48346993, 8.0000E-02, 4.2933E+00,-2.6667E-01,
19:18:48.48346998, 8.0000E-02, 4.2800E+00,-1.3333E-01,
19:18:48.48347003, 4.0000E-02, 4.2667E+00,-2.6667E-01,
19:18:48.48347008, 8.0000E-02, 4.2933E+00,-2.6667E-01,
19:18:48.48347013, 8.0000E-02, 4.2533E+00,-4.0000E-01,
19:18:48.48347018, 5.3333E-02, 4.2667E+00,-4.0000E-01,
19:18:48.48347023, 4.0000E-02, 4.2667E+00,-2.6667E-01,
19:18:48.48347028, 6.6667E-02, 4.2667E+00,-1.3333E-01,
19:18:48.48347033, 8.0000E-02, 4.2267E+00,-4.0000E-01,
19:18:48.48347038, 5.3333E-02, 4.2800E+00,-4.0000E-01,
19:18:48.48347043, 4.0000E-02, 4.2800E+00,-2.6667E-01,
19:18:48.48347048, 5.3333E-02, 4.2400E+00,-5.3333E-01,
19:18:48.48347053, 1.3333E-02, 4.2933E+00,-5.3333E-01,
19:18:48.48347058, 0.0000E+00, 4.2533E+00,-2.6667E-01,
19:18:48.48347063, 5.3333E-02, 4.2667E+00,-5.3333E-01,
19:18:48.48347068, 6.6667E-02, 4.2800E+00,-2.6667E-01,
19:18:48.48347073, 8.0000E-02, 4.2933E+00,-5.3333E-01,
19:18:48.48347078, 9.3333E-02, 4.2933E+00,-6.6667E-01,
19:18:48.48347083, 8.0000E-02, 4.2800E+00,-6.6667E-01,
19:18:48.48347088, 2.6667E-02, 4.2533E+00,-5.3333E-01,
19:18:48.48347093, 4.0000E-02, 4.2667E+00,-6.6667E-01,
19:18:48.48347098, 2.6667E-02, 4.2800E+00,-6.6667E-01,
19:18:48.48347103, 4.0000E-02, 4.2533E+00,-4.0000E-01,
19:18:48.48347108, 4.0000E-02, 4.2667E+00,-5.3333E-01,
19:18:48.48347113, 5.3333E-02, 4.2667E+00,-6.6667E-01,
19:18:48.48347118, 6.6667E-02, 4.2533E+00,-6.6667E-01,
19:18:48.48347123, 8.0000E-02, 4.2400E+00,-4.0000E-01,
19:18:48.48347128, 5.3333E-02, 4.2667E+00,-6.6667E-01,
19:18:48.48347133, 6.6667E-02, 4.2533E+00,-8.0000E-01,
19:18:48.48347138, 6.6667E-02, 4.2533E+00,-6.6667E-01,
19:18:48.48347143, 5.3333E-02, 4.2533E+00,-6.6667E-01,
19:18:48.48347148, 5.3333E-02, 4.2667E+00,-5.3333E-01,
19:18:48.48347153, 4.0000E-02, 4.2533E+00,-5.3333E-01,
19:18:48.48347158, 1.3333E-02, 4.2667E+00,-6.6667E-01,
19:18:48.48347163, 5.3333E-02, 4.2533E+00,-5.3333E-01,
19:18:48.48347168, 6.6667E-02, 4.2667E+00,-8.0000E-01,
19:18:48.48347173, 2.6667E-02, 4.2400E+00,-5.3333E-01,
19:18:48.48347178, 6.6667E-02, 4.2667E+00,-6.6667E-01,
19:18:48.48347183, 8.0000E-02, 4.2667E+00,-8.0000E-01,
19:18:48.48347188, 5.3333E-02, 4.2533E+00,-6.6667E-01,
19:18:48.48347193, 4.0000E-02, 4.2000E+00,-6.6667E-01,
19:18:48.48347198, 6.6667E-02, 4.2133E+00,-6.6667E-01,
19:18:48.48347203, 8.0000E-02, 4.2267E+00,-6.6667E-01,
19:18:48.48347208, 6.6667E-02, 4.2533E+00,-6.6667E-01,
19:18:48.48347213, 4.0000E-02, 4.2267E+00,-6.6667E-01,
19:18:48.48347218, 6.6667E-02, 4.2400E+00,-8.0000E-01,
19:18:48.48347223, 4.0000E-02, 4.2400E+00,-6.6667E-01,
19:18:48.48347228, 5.3333E-02, 4.2533E+00,-6.6667E-01,
19:18:48.48347233, 5.3333E-02, 4.2667E+00,-9.3333E-01,
19:18:48.48347238, 6.6667E-02, 4.2400E+00,-5.3333E-01,
19:18:48.48347243, 1.3333E-02, 4.2400E+00,-6.6667E-01,
19:18:48.48347248, 4.0000E-02, 4.2400E+00,-6.6667E-01,
19:18:48.48347253, 5.3333E-02, 4.2267E+00,-6.6667E-01,
19:18:48.48347258, 4.0000E-02, 4.2533E+00,-8.0000E-01,
19:18:48.48347263, 6.6667E-02, 4.2400E+00,-6.6667E-01,
19:18:48.48347268, 5.3333E-02, 4.2400E+00,-8.0000E-01,
19:18:48.48347273, 4.0000E-02, 4.2267E+00,-8.0000E-01,
19:18:48.48347278, 6.6667E-02, 4.2267E+00,-6.6667E-01,
19:18:48.48347283, 4.0000E-02, 4.2267E+00,-4.0000E-01,
19:18:48.48347288, 2.6667E-02, 4.2400E+00,-8.0000E-01,
19:18:48.48347293, 1.3333E-02, 4.2267E+00,-8.0000E-01,
19:18:48.48347298, 4.0000E-02, 4.2267E+00,-8.0000E-01,
19:18:48.48347303, 6.6667E-02, 4.2533E+00,-4.0000E-01,
19:18:48.48347308, 5.3333E-02, 4.2400E+00,-8.0000E-01,
19:18:48.48347313, 8.0000E-02, 4.2267E+00,-6.6667E-01,
19:18:48.48347318, 4.0000E-02, 4.2000E+00,-6.6667E-01,
19:18:48.48347323, 6.6667E-02, 4.2267E+00,-6.6667E-01,
19:18:48.48347328, 4.0000E-02, 4.2133E+00,-9.3333E-01,
19:18:48.48347333, 4.0000E-02, 4.2133E+00,-6.6667E-01,
19:18:48.48347338, 0.0000E+00, 4.2267E+00,-6.6667E-01,
19:18:48.48347343, 2.6667E-02, 4.2133E+00,-6.6667E-01,
19:18:48.48347348, 4.0000E-02, 4.2133E+00,-6.6667E-01,
19:18:48.48347353, 8.0000E-02, 4.2267E+00,-6.6667E-01,
19:18:48.48347358, 4.0000E-02, 4.2267E+00,-6.6667E-01,
19:18:48.48347363, 5.3333E-02, 4.2000E+00,-6.6667E-01,
19:18:48.48347368, 6.6667E-02, 4.2133E+00,-6.6667E-01,
19:18:48.48347373, 6.6667E-02, 4.2267E+00,-6.6667E-01,
19:18:48.48347378, 5.3333E-02, 4.2000E+00,-8.0000E-01,
19:18:48.48347383, 5.3333E-02, 4.2400E+00,-6.6667E-01,
19:18:48.48347388, 5.3333E-02, 4.2133E+00,-1.0667E+00,
19:18:48.48347393, 4.0000E-02, 4.2133E+00,-9.3333E-01,
19:18:48.48347398, 5.3333E-02, 4.2533E+00,-6.6667E-01,
19:18:48.48347403, 2.6667E-02, 4.2133E+00,-6.6667E-01,
19:18:48.48347408, 2.6667E-02, 4.2400E+00,-6.6667E-01,
19:18:48.48347413, 5.3333E-02, 4.2000E+00,-9.3333E-01,
19:18:48.48347418, 4.0000E-02, 4.2133E+00,-8.0000E-01,
19:18:48.48347423, 6.6667E-02, 4.2000E+00,-6.6667E-01,
19:18:48.48347428, 5.3333E-02, 4.2133E+00,-5.3333E-01,
19:18:48.48347433, 4.0000E-02, 4.1867E+00,-5.3333E-01,
19:18:48.48347438, 2.6667E-02, 4.2000E+00,-5.3333E-01,
19:18:48.48347443, 4.0000E-02, 4.1867E+00,-6.6667E-01,
19:18:48.48347448, 5.3333E-02, 4.2000E+00,-4.0000E-01,
19:18:48.48347453, 5.3333E-02, 4.2000E+00,-5.3333E-01,
19:18:48.48347458, 1.3333E-02, 4.2133E+00,-8.0000E-01,
19:18:48.48347463, 6.6667E-02, 4.2000E+00,-6.6667E-01,
19:18:48.48347468, 8.0000E-02, 4.2000E+00,-6.6667E-01,
19:18:48.48347473, 5.3333E-02, 4.2133E+00,-5.3333E-01,
19:18:48.48347478, 2.6667E-02, 4.1600E+00,-6.6667E-01,
19:18:48.48347483, 4.0000E-02, 4.1867E+00,-6.6667E-01,
19:18:48.48347488, 4.0000E-02, 4.2000E+00,-6.6667E-01,
19:18:48.48347493, 4.0000E-02, 4.2133E+00,-6.6667E-01,
19:18:48.48347498, 4.0000E-02, 4.1600E+00,-6.6667E-01,
19:18:48.48347503, 4.0000E-02, 4.2133E+00,-6.6667E-01,
19:18:48.48347508, 2.6667E-02, 4.2133E+00,-6.6667E-01,
19:18:48.48347513, 6.6667E-02, 4.1867E+00,-6.6667E-01,
19:18:48.48347518, 6.6667E-02, 4.2133E+00,-6.6667E-01,
19:18:48.48347523, 1.3333E-02, 4.2133E+00,-6.6667E-01,
19:18:48.48347528, 0.0000E+00, 4.2133E+00,-6.6667E-01,
19:18:48.48347533, 4.0000E-02, 4.1867E+00,-6.6667E-01,
19:18:48.48347538, 4.0000E-02, 4.2133E+00,-6.6667E-01,
19:18:48.48347543, 6.6667E-02, 4.1467E+00,-5.3333E-01,
19:18:48.48347548, 5.3333E-02, 4.2000E+00,-6.6667E-01,
19:18:48.48347553, 4.0000E-02, 4.2133E+00,-9.3333E-01,
19:18:48.48347558, 2.6667E-02, 4.2000E+00,-8.0000E-01,
19:18:48.48347563, 5.3333E-02, 4.1867E+00,-8.0000E-01,
19:18:48.48347568, 1.3333E-02, 4.1867E+00,-6.6667E-01,
19:18:48.48347573, 1.3333E-02, 4.1733E+00,-8.0000E-01,
19:18:48.48347578, 5.3333E-02, 4.2000E+00,-6.6667E-01,
19:18:48.48347583, 2.6667E-02, 4.1733E+00,-8.0000E-01,
19:18:48.48347588, 2.6667E-02, 4.1733E+00,-6.6667E-01,
19:18:48.48347593, 4.0000E-02, 4.2000E+00,-4.0000E-01,
19:18:48.48347598, 5.3333E-02, 4.1733E+00,-5.3333E-01,
19:18:48.48347603, 8.0000E-02, 4.1867E+00,-6.6667E-01,
19:18:48.48347608, 6.6667E-02, 4.1600E+00,-6.6667E-01,
19:18:48.48347613, 5.3333E-02, 4.1733E+00,-6.6667E-01,
19:18:48.48347618, 2.6667E-02, 4.1600E+00,-6.6667E-01,
19:18:48.48347623, 6.6667E-02, 4.1733E+00,-5.3333E-01,
19:18:48.48347628, 2.6667E-02, 4.1733E+00,-5.3333E-01,
19:18:48.48347633, 1.3333E-02, 4.2000E+00,-4.0000E-01,
19:18:48.48347638, 4.0000E-02, 4.2000E+00,-5.3333E-01,
19:18:48.48347643, 4.0000E-02, 4.1867E+00,-9.3333E-01,
19:18:48.48347648, 4.0000E-02, 4.1867E+00,-6.6667E-01,
19:18:48.48347653, 4.0000E-02, 4.1867E+00,-6.6667E-01,
19:18:48.48347658, 0.0000E+00, 4.1600E+00,-6.6667E-01,
19:18:48.48347663, 5.3333E-02, 4.1733E+00,-6.6667E-01,
19:18:48.48347668, 2.6667E-02, 4.1733E+00,-5.3333E-01,
19:18:48.48347673, 2.6667E-02, 4.1600E+00,-5.3333E-01,
19:18:48.48347678, 4.0000E-02, 4.1733E+00,-5.3333E-01,
19:18:48.48347683, 4.0000E-02, 4.1600E+00,-5.3333E-01,
19:18:48.48347688, 4.0000E-02, 4.1600E+00,-4.0000E-01,
19:18:48.48347693, 5.3333E-02, 4.1867E+00,-6.6667E-01,
19:18:48.48347698, 5.3333E-02, 4.1867E+00,-4.0000E-01,
19:18:48.48347703, 5.3333E-02, 4.1733E+00,-4.0000E-01,
19:18:48.48347708, 5.3333E-02, 4.1600E+00,-6.6667E-01,
19:18:48.48347713, 4.0000E-02, 4.1733E+00,-5.3333E-01,
19:18:48.48347718, 2.6667E-02, 4.1467E+00,-4.0000E-01,
19:18:48.48347723, 4.0000E-02, 4.1600E+00,-5.3333E-01,
19:18:48.48347728, 4.0000E-02, 4.1733E+00,-4.0000E-01,
19:18:48.48347733, 2.6667E-02, 4.1600E+00,-2.6667E-01,
19:18:48.48347738, 4.0000E-02, 4.1600E+00,-4.0000E-01,
19:18:48.48347743, 2.6667E-02, 4.1733E+00,-4.0000E-01,
19:18:48.48347748, 5.3333E-02, 4.2000E+00,-1.3333E-01,
19:18:48.48347753, 5.3333E-02, 4.1733E+00,-6.6667E-01,
19:18:48.48347758, 5.3333E-02, 4.1600E+00,-6.6667E-01,
19:18:48.48347763, 4.0000E-02, 4.1733E+00,-4.0000E-01,
19:18:48.48347768, 0.0000E+00, 4.1467E+00,-5.3333E-01,
19:18:48.48347773, 5.3333E-02, 4.1600E+00,-5.3333E-01,
19:18:48.48347778, 2.6667E-02, 4.1467E+00,-4.0000E-01,
19:18:48.48347783, 6.6667E-02, 4.1600E+00,-4.0000E-01,
19:18:48.48347788, 4.0000E-02, 4.1600E+00,-4.0000E-01,
19:18:48.48347793, 6.6667E-02, 4.1467E+00,-4.0000E-01,
19:18:48.48347798, 2.6667E-02, 4.1867E+00,-4.0000E-01,
19:18:48.48347803, 4.0000E-02, 4.1600E+00,-4.0000E-01,
19:18:48.48347808, 5.3333E-02, 4.1600E+00,-1.3333E-01,
19:18:48.48347813, 2.6667E-02, 4.1600E+00,-4.0000E-01,
19:18:48.48347818, 2.6667E-02, 4.2000E+00,-2.6667E-01,
19:18:48.48347823, 2.6667E-02, 4.1600E+00,-4.0000E-01,
19:18:48.48347828, 2.6667E-02, 4.1733E+00,-2.6667E-01,
19:18:48.48347833, 6.6667E-02, 4.1867E+00,-2.6667E-01,
19:18:48.48347838, 2.6667E-02, 4.1867E+00, 0.0000E+00,
19:18:48.48347843, 6.6667E-02, 4.1733E+00,-2.6667E-01,
19:18:48.48347848, 6.6667E-02, 4.1867E+00,-6.6667E-01,
19:18:48.48347853, 4.0000E-02, 4.1600E+00,-4.0000E-01,
19:18:48.48347858, 5.3333E-02, 4.1600E+00,-2.6667E-01,
19:18:48.48347863, 5.3333E-02, 4.1600E+00,-5.3333E-01,
19:18:48.48347868, 5.3333E-02, 4.1467E+00,-4.0000E-01,
19:18:48.48347873, 1.3333E-02, 4.1733E+00,-1.3333E-01,
19:18:48.48347878, 1.3333E-02, 4.1600E+00,-1.3333E-01,
19:18:48.48347883, 1.3333E-02, 4.1600E+00,-1.3333E-01,
19:18:48.48347888, 2.6667E-02, 4.1600E+00,-1.3333E-01,
19:18:48.48347893, 4.0000E-02, 4.1600E+00,-4.0000E-01,
19:18:48.48347898, 4.0000E-02, 4.1600E+00,-2.6667E-01,
19:18:48.48347903, 5.3333E-02, 4.1467E+00,-4.0000E-01,
19:18:48.48347908, 1.3333E-02, 4.1600E+00, 1.3333E-01,
19:18:48.48347913, 1.3333E-02, 4.1733E+00,-4.0000E-01,
19:18:48.48347918, 2.6667E-02, 4.1600E+00,-4.0000E-01,
19:18:48.48347923, 2.6667E-02, 4.1600E+00,-2.6667E-01,
19:18:48.48347928, 4.0000E-02, 4.1867E+00,-2.6667E-01,
19:18:48.48347933, 1.3333E-02, 4.1733E+00,-4.0000E-01,
19:18:48.48347938, 4.0000E-02, 4.1867E+00, 1.3333E-01,
19:18:48.48347943, 1.3333E-02, 4.1467E+00,-1.3333E-01,
19:18:48.48347948, 6.6667E-02, 4.1733E+00, 2.6667E-01,
19:18:48.48347953, 6.6667E-02, 4.1467E+00,-1.3333E-01,
19:18:48.48347958, 6.6667E-02, 4.1333E+00,-1.3333E-01,
19:18:48.48347963, 1.3333E-02, 4.1600E+00,-1.3333E-01,
19:18:48.48347968, 2.6667E-02, 4.1600E+00, 0.0000E+00,
19:18:48.48347973, 6.6667E-02, 4.1733E+00,-1.3333E-01,
19:18:48.48347978, 1.3333E-02, 4.1733E+00, 0.0000E+00,
19:18:48.48347983, 5.3333E-02, 4.1467E+00, 1.3333E-01,
19:18:48.48347988, 4.0000E-02, 4.1600E+00, 0.0000E+00,
19:18:48.48347993, 2.6667E-02, 4.1600E+00,-2.6667E-01,
19:18:48.48347998, 2.6667E-02, 4.1733E+00, 2.6667E-01,
19:18:48.48348003, 2.6667E-02, 4.1600E+00, 0.0000E+00,
19:18:48.48348008, 1.3333E-02, 4.1333E+00, 0.0000E+00,
19:18:48.48348013, 1.3333E-02, 4.1600E+00,-1.3333E-01,
19:18:48.48348018, 1.3333E-02, 4.1600E+00,-1.3333E-01,
19:18:48.48348023, 1.3333E-02, 4.1600E+00, 1.3333E-01,
19:18:48.48348028, 5.3333E-02, 4.1333E+00, 1.3333E-01,
19:18:48.48348033, 2.6667E-02, 4.1600E+00, 1.3333E-01,
19:18:48.48348038, 6.6667E-02, 4.1600E+00, 1.3333E-01,
19:18:48.48348043, 4.0000E-02, 4.1600E+00, 0.0000E+00,
19:18:48.48348048, 1.3333E-02, 4.1600E+00,-2.6667E-01,
19:18:48.48348053, 4.0000E-02, 4.1600E+00,-1.3333E-01,
19:18:48.48348058, 2.6667E-02, 4.1467E+00,-1.3333E-01,
19:18:48.48348063, 5.3333E-02, 4.1467E+00, 0.0000E+00,
19:18:48.48348068, 2.6667E-02, 4.1733E+00,-1.3333E-01,
19:18:48.48348073, 2.6667E-02, 4.1600E+00, 1.3333E-01,
19:18:48.48348078, 6.6667E-02, 4.1600E+00, 1.3333E-01,
19:18:48.48348083, 4.0000E-02, 4.1600E+00, 2.6667E-01,
19:18:48.48348088, 6.6667E-02, 4.1600E+00, 0.0000E+00,
19:18:48.48348093, 4.0000E-02, 4.1600E+00, 1.3333E-01,
19:18:48.48348098, 4.0000E-02, 4.1600E+00, 1.3333E-01,
19:18:48.48348103, 0.0000E+00, 4.1467E+00,-1.3333E-01,
19:18:48.48348108, 5.3333E-02, 4.1467E+00, 1.3333E-01,
19:18:48.48348113, 2.6667E-02, 4.1467E+00, 0.0000E+00,
19:18:48.48348118, 0.0000E+00, 4.1600E+00, 4.0000E-01,
19:18:48.48348123, 0.0000E+00, 4.1733E+00, 2.6667E-01,
19:18:48.48348128, 2.6667E-02, 4.2000E+00, 2.6667E-01,
19:18:48.48348133, 5.3333E-02, 4.1867E+00, 5.3333E-01,
19:18:48.48348138, 4.0000E-02, 4.1600E+00, 1.3333E-01,
19:18:48.48348143, 5.3333E-02, 4.1467E+00, 2.6667E-01,
19:18:48.48348148, 4.0000E-02, 4.1600E+00, 2.6667E-01,
19:18:48.48348153, 1.3333E-02, 4.1733E+00, 4.0000E-01,
19:18:48.48348158, 1.3333E-02, 4.1333E+00, 5.3333E-01,
19:18:48.48348163, 2.6667E-02, 4.1600E+00, 6.6667E-01,
19:18:48.48348168, 5.3333E-02, 4.1600E+00, 4.0000E-01,
19:18:48.48348173, 1.3333E-02, 4.1867E+00, 2.6667E-01,
19:18:48.48348178, 6.6667E-02, 4.1600E+00, 2.6667E-01,
19:18:48.48348183, 4.0000E-02, 4.1733E+00, 6.6667E-01,
19:18:48.48348188, 6.6667E-02, 4.1600E+00, 2.6667E-01,
19:18:48.48348193, 1.3333E-02, 4.1600E+00, 0.0000E+00,
19:18:48.48348198, 4.0000E-02, 4.1600E+00, 6.6667E-01,
19:18:48.48348203, 1.3333E-02, 4.1600E+00, 5.3333E-01,
19:18:48.48348208,-1.3333E-02, 4.1600E+00, 6.6667E-01,
19:18:48.48348213, 2.6667E-02, 4.1600E+00, 4.0000E-01,
19:18:48.48348218, 2.6667E-02, 4.1733E+00, 6.6667E-01,
19:18:48.48348223, 5.3333E-02, 4.1733E+00, 2.6667E-01,
19:18:48.48348228, 2.6667E-02, 4.1600E+00, 6.6667E-01,
19:18:48.48348233, 6.6667E-02, 4.1600E+00, 6.6667E-01,
19:18:48.48348238, 2.6667E-02, 4.1600E+00, 4.0000E-01,
19:18:48.48348243, 4.0000E-02, 4.1600E+00, 1.3333E-01,
19:18:48.48348248, 2.6667E-02, 4.1467E+00, 5.3333E-01,
19:18:48.48348253, 0.0000E+00, 4.1733E+00, 1.3333E-01,
19:18:48.48348258, 1.3333E-02, 4.1733E+00, 5.3333E-01,
19:18:48.48348263, 4.0000E-02, 4.1733E+00, 5.3333E-01,
19:18:48.48348268, 4.0000E-02, 4.1600E+00, 5.3333E-01,
19:18:48.48348273, 2.6667E-02, 4.1733E+00, 5.3333E-01,
19:18:48.48348278, 6.6667E-02, 4.1600E+00, 2.6667E-01,
19:18:48.48348283, 8.0000E-02, 4.1467E+00, 2.6667E-01,
19:18:48.48348288, 1.3333E-02, 4.1467E+00, 5.3333E-01,
19:18:48.48348293, 5.3333E-02, 4.1600E+00, 6.6667E-01,
19:18:48.48348298, 4.0000E-02, 4.1600E+00, 6.6667E-01,
19:18:48.48348303, 4.0000E-02, 4.2000E+00, 5.3333E-01,
19:18:48.48348308, 1.3333E-02, 4.1600E+00, 4.0000E-01,
19:18:48.48348313, 5.3333E-02, 4.1867E+00, 4.0000E-01,
19:18:48.48348318, 5.3333E-02, 4.2000E+00, 6.6667E-01,
19:18:48.48348323, 2.6667E-02, 4.1867E+00, 6.6667E-01,
19:18:48.48348328, 4.0000E-02, 4.1867E+00, 6.6667E-01,
19:18:48.48348333, 1.3333E-02, 4.1600E+00, 6.6667E-01,
19:18:48.48348338, 4.0000E-02, 4.1867E+00, 6.6667E-01,
19:18:48.48348343, 4.0000E-02, 4.2000E+00, 6.6667E-01,
19:18:48.48348348, 1.3333E-02, 4.2000E+00, 4.0000E-01,
19:18:48.48348353, 2.6667E-02, 4.1600E+00, 4.0000E-01,
19:18:48.48348358, 2.6667E-02, 4.1867E+00, 6.6667E-01,
19:18:48.48348363, 1.3333E-02, 4.1600E+00, 6.6667E-01,
19:18:48.48348368, 6.6667E-02, 4.1867E+00, 6.6667E-01,
19:18:48.48348373, 5.3333E-02, 4.1867E+00, 6.6667E-01,
19:18:48.48348378, 4.0000E-02, 4.1867E+00, 5.3333E-01,
19:18:48.48348383, 2.6667E-02, 4.2000E+00, 6.6667E-01,
19:18:48.48348388, 0.0000E+00, 4.1600E+00, 4.0000E-01,
19:18:48.48348393, 1.3333E-02, 4.1600E+00, 5.3333E-01,
19:18:48.48348398, 4.0000E-02, 4.1867E+00, 5.3333E-01,
19:18:48.48348403, 4.0000E-02, 4.1733E+00, 6.6667E-01,
19:18:48.48348408, 1.3333E-02, 4.1867E+00, 6.6667E-01,
19:18:48.48348413, 4.0000E-02, 4.1733E+00, 8.0000E-01,
19:18:48.48348418, 5.3333E-02, 4.1867E+00, 5.3333E-01,
19:18:48.48348423, 2.6667E-02, 4.2000E+00, 8.0000E-01,
19:18:48.48348428, 1.3333E-02, 4.1600E+00, 6.6667E-01,
19:18:48.48348433, 1.3333E-02, 4.1867E+00, 6.6667E-01,
19:18:48.48348438, 5.3333E-02, 4.1733E+00, 5.3333E-01,
19:18:48.48348443, 1.3333E-02, 4.1600E+00, 8.0000E-01,
19:18:48.48348448, 0.0000E+00, 4.2000E+00, 4.0000E-01,
19:18:48.48348453, 4.0000E-02, 4.1733E+00, 9.3333E-01,
19:18:48.48348458, 6.6667E-02, 4.1600E+00, 6.6667E-01,
19:18:48.48348463, 2.6667E-02, 4.1733E+00, 9.3333E-01,
19:18:48.48348468, 0.0000E+00, 4.2000E+00, 6.6667E-01,
19:18:48.48348473, 4.0000E-02, 4.2000E+00, 8.0000E-01,
19:18:48.48348478, 1.3333E-02, 4.1867E+00, 5.3333E-01,
19:18:48.48348483, 5.3333E-02, 4.2133E+00, 8.0000E-01,
19:18:48.48348488, 2.6667E-02, 4.1733E+00, 5.3333E-01,
19:18:48.48348493, 2.6667E-02, 4.1733E+00, 6.6667E-01,
19:18:48.48348498, 0.0000E+00, 4.2267E+00, 6.6667E-01,
19:18:48.48348503, 4.0000E-02, 4.2000E+00, 6.6667E-01,
19:18:48.48348508, 1.3333E-02, 4.2000E+00, 9.3333E-01,
19:18:48.48348513, 4.0000E-02, 4.2000E+00, 8.0000E-01,
19:18:48.48348518, 0.0000E+00, 4.2000E+00, 6.6667E-01,
19:18:48.48348523, 5.3333E-02, 4.1867E+00, 6.6667E-01,
19:18:48.48348528, 2.6667E-02, 4.1867E+00, 6.6667E-01,
19:18:48.48348533, 2.6667E-02, 4.2000E+00, 5.3333E-01,
19:18:48.48348538, 0.0000E+00, 4.1867E+00, 6.6667E-01,
19:18:48.48348543, 0.0000E+00, 4.2000E+00, 5.3333E-01,
19:18:48.48348548, 4.0000E-02, 4.2133E+00, 6.6667E-01,
19:18:48.48348553, 4.0000E-02, 4.2267E+00, 6.6667E-01,
19:18:48.48348558, 4.0000E-02, 4.1600E+00, 6.6667E-01,
19:18:48.48348563, 5.3333E-02, 4.1600E+00, 6.6667E-01,
19:18:48.48348568, 2.6667E-02, 4.2000E+00, 8.0000E-01,
19:18:48.48348573, 2.6667E-02, 4.2133E+00, 8.0000E-01,
19:18:48.48348578, 1.3333E-02, 4.2267E+00, 6.6667E-01,
19:18:48.48348583, 2.6667E-02, 4.2267E+00, 5.3333E-01,
19:18:48.48348588, 0.0000E+00, 4.2000E+00, 6.6667E-01,
19:18:48.48348593, 4.0000E-02, 4.1867E+00, 8.0000E-01,
19:18:48.48348598, 2.6667E-02, 4.2000E+00, 8.0000E-01,
19:18:48.48348603, 5.3333E-02, 4.1867E+00, 6.6667E-01,
19:18:48.48348608, 4.0000E-02, 4.1733E+00, 6.6667E-01,
19:18:48.48348613, 6.6667E-02, 4.1733E+00, 6.6667E-01,
19:18:48.48348618, 5.3333E-02, 4.2000E+00, 9.3333E-01,
19:18:48.48348623, 1.3333E-02, 4.2133E+00, 9.3333E-01,
19:18:48.48348628, 4.0000E-02, 4.1733E+00, 8.0000E-01,
19:18:48.48348633, 0.0000E+00, 4.1867E+00, 6.6667E-01,
19:18:48.48348638, 1.3333E-02, 4.2133E+00, 8.0000E-01,
19:18:48.48348643, 1.3333E-02, 4.2000E+00, 5.3333E-01,
19:18:48.48348648, 6.6667E-02, 4.2133E+00, 6.6667E-01,
19:18:48.48348653, 1.3333E-02, 4.2133E+00, 6.6667E-01,
19:18:48.48348658, 4.0000E-02, 4.2267E+00, 8.0000E-01,
19:18:48.48348663, 6.6667E-02, 4.2000E+00, 8.0000E-01,
19:18:48.48348668, 1.3333E-02, 4.1867E+00, 9.3333E-01,
19:18:48.48348673, 1.3333E-02, 4.2000E+00, 6.6667E-01,
19:18:48.48348678, 1.3333E-02, 4.2000E+00, 9.3333E-01,
19:18:48.48348683, 4.0000E-02, 4.2000E+00, 8.0000E-01,
19:18:48.48348688, 2.6667E-02, 4.1867E+00, 8.0000E-01,
19:18:48.48348693, 0.0000E+00, 4.2133E+00, 8.0000E-01,
19:18:48.48348698, 4.0000E-02, 4.1733E+00, 8.0000E-01,
19:18:48.48348703, 0.0000E+00, 4.2267E+00, 6.6667E-01,
19:18:48.48348708, 2.6667E-02, 4.2000E+00, 6.6667E-01,
19:18:48.48348713, 2.6667E-02, 4.2000E+00, 8.0000E-01,
19:18:48.48348718, 6.6667E-02, 4.2267E+00, 8.0000E-01,
19:18:48.48348723, 4.0000E-02, 4.2400E+00, 5.3333E-01,
19:18:48.48348728, 2.6667E-02, 4.2133E+00, 8.0000E-01,
19:18:48.48348733, 0.0000E+00, 4.1867E+00, 6.6667E-01,
19:18:48.48348738, 2.6667E-02, 4.2267E+00, 4.0000E-01,
19:18:48.48348743, 2.6667E-02, 4.1867E+00, 6.6667E-01,
19:18:48.48348748, 0.0000E+00, 4.2133E+00, 6.6667E-01,
19:18:48.48348753, 4.0000E-02, 4.2133E+00, 6.6667E-01,
19:18:48.48348758, 2.6667E-02, 4.2133E+00, 8.0000E-01,
19:18:48.48348763, 1.3333E-02, 4.2400E+00, 9.3333E-01,
19:18:48.48348768, 2.6667E-02, 4.2000E+00, 5.3333E-01,
19:18:48.48348773, 2.6667E-02, 4.2400E+00, 5.3333E-01,
19:18:48.48348778, 4.0000E-02, 4.2400E+00, 6.6667E-01,
19:18:48.48348783, 1.3333E-02, 4.2267E+00, 6.6667E-01,
19:18:48.48348788, 5.3333E-02, 4.2667E+00, 6.6667E-01,
19:18:48.48348793, 2.6667E-02, 4.2400E+00, 9.3333E-01,
19:18:48.48348798, 5.3333E-02, 4.2000E+00, 8.0000E-01,
19:18:48.48348803, 5.3333E-02, 4.2267E+00, 6.6667E-01,
19:18:48.48348808, 2.6667E-02, 4.2000E+00, 6.6667E-01,
19:18:48.48348813, 2.6667E-02, 4.2400E+00, 8.0000E-01,
19:18:48.48348818, 2.6667E-02, 4.2000E+00, 6.6667E-01,
19:18:48.48348823, 4.0000E-02, 4.2133E+00, 6.6667E-01,
19:18:48.48348828, 1.3333E-02, 4.2400E+00, 6.6667E-01,
19:18:48.48348833, 2.6667E-02, 4.2400E+00, 6.6667E-01,
19:18:48.48348838, 1.3333E-02, 4.2267E+00, 6.6667E-01,
19:18:48.48348843, 0.0000E+00, 4.2133E+00, 8.0000E-01,
19:18:48.48348848, 1.3333E-02, 4.2267E+00, 8.0000E-01,
19:18:48.48348853, 2.6667E-02, 4.2133E+00, 6.6667E-01,
19:18:48.48348858, 5.3333E-02, 4.2400E+00, 6.6667E-01,
19:18:48.48348863, 1.3333E-02, 4.2267E+00, 6.6667E-01,
19:18:48.48348868, 5.3333E-02, 4.2267E+00, 5.3333E-01,
19:18:48.48348873, 1.3333E-02, 4.2533E+00, 6.6667E-01,
19:18:48.48348878,-1.3333E-02, 4.2267E+00, 8.0000E-01,
19:18:48.48348883, 0.0000E+00, 4.2133E+00, 6.6667E-01,
19:18:48.48348888, 2.6667E-02, 4.1733E+00, 6.6667E-01,
19:18:48.48348893, 2.6667E-02, 4.2133E+00, 6.6667E-01,
19:18:48.48348898, 2.6667E-02, 4.2267E+00, 8.0000E-01,
19:18:48.48348903, 4.0000E-02, 4.2533E+00, 9.3333E-01,
19:18:48.48348908, 2.6667E-02, 4.2533E+00, 8.0000E-01,
19:18:48.48348913, 2.6667E-02, 4.2133E+00, 6.6667E-01,
19:18:48.48348918, 2.6667E-02, 4.2133E+00, 5.3333E-01,
19:18:48.48348923, 2.6667E-02, 4.2133E+00, 6.6667E-01,
19:18:48.48348928, 1.3333E-02, 4.2267E+00, 6.6667E-01,
19:18:48.48348933,-1.3333E-02, 4.2000E+00, 5.3333E-01,
19:18:48.48348938, 4.0000E-02, 4.2667E+00, 6.6667E-01,
19:18:48.48348943, 2.6667E-02, 4.2000E+00, 6.6667E-01,
19:18:48.48348948, 8.0000E-02, 4.2400E+00, 6.6667E-01,
19:18:48.48348953, 5.3333E-02, 4.2267E+00, 4.0000E-01,
19:18:48.48348958, 4.0000E-02, 4.2267E+00, 6.6667E-01,
