"Header Size"           ,15              
"Model Name"            ,"DL850EV       "
"Comment"               ,"                         "
"BlockNumber"           ,1               
"TraceName"             ,"Vgate         ","Vds           ","Id            "
"BlockSize"             ,4004            ,4004            ,4004            
"VUnit"                 ,"V             ","V             ","A             "
"SampleRate"            ,20000000.000000 ,20000000.000000 ,20000000.000000 
"HResolution"           ,5.000000e-08    ,5.000000e-08    ,5.000000e-08    
"HOffset"               ,-4.000000e-05   ,-4.000000e-05   ,-4.000000e-05   
"HUnit"                 ,"s             ","s             ","s             "
"DisplayPointNo."       ,1               ,1               ,1               
"PhaseShift"            ,1               ,1               ,1               
"Date"                  ,"2026/04/14    ","2026/04/14    ","2026/04/14    "
"Time"                  ,"17:19:56.13392350","17:19:56.13392350","17:19:56.13392350"

17:19:56.13388350, 2.6667E-02, 2.5333E+00,-1.3333E-01,
17:19:56.13388355, 0.0000E+00, 2.5667E+00,-2.6667E-01,
17:19:56.13388360, 1.3333E-02, 2.5667E+00,-1.3333E-01,
17:19:56.13388365,-1.3333E-02, 2.5667E+00, 1.3333E-01,
17:19:56.13388370,-4.0000E-02, 2.5667E+00, 0.0000E+00,
17:19:56.13388375,-4.0000E-02, 2.5667E+00,-1.3333E-01,
17:19:56.13388380,-1.3333E-02, 2.5667E+00,-1.3333E-01,
17:19:56.13388385,-4.0000E-02, 2.5333E+00,-2.6667E-01,
17:19:56.13388390,-4.0000E-02, 2.5333E+00, 1.3333E-01,
17:19:56.13388395, 0.0000E+00, 2.5667E+00, 2.6667E-01,
17:19:56.13388400, 1.3333E-02, 2.5333E+00, 0.0000E+00,
17:19:56.13388405,-2.6667E-02, 2.5333E+00, 4.0000E-01,
17:19:56.13388410, 0.0000E+00, 2.5000E+00,-1.3333E-01,
17:19:56.13388415,-2.6667E-02, 2.5667E+00,-1.3333E-01,
17:19:56.13388420,-1.3333E-02, 2.5667E+00,-1.3333E-01,
17:19:56.13388425,-2.6667E-02, 2.5000E+00,-2.6667E-01,
17:19:56.13388430, 0.0000E+00, 2.5333E+00, 1.3333E-01,
17:19:56.13388435,-1.3333E-02, 2.5667E+00,-1.3333E-01,
17:19:56.13388440,-1.3333E-02, 2.5667E+00,-1.3333E-01,
17:19:56.13388445,-4.0000E-02, 2.5667E+00, 1.3333E-01,
17:19:56.13388450, 0.0000E+00, 2.5333E+00, 0.0000E+00,
17:19:56.13388455, 0.0000E+00, 2.5333E+00, 1.3333E-01,
17:19:56.13388460, 0.0000E+00, 2.5333E+00, 0.0000E+00,
17:19:56.13388465,-1.3333E-02, 2.5667E+00,-1.3333E-01,
17:19:56.13388470,-1.3333E-02, 2.5667E+00, 2.6667E-01,
17:19:56.13388475,-4.0000E-02, 2.5000E+00,-1.3333E-01,
17:19:56.13388480,-1.3333E-02, 2.5667E+00, 0.0000E+00,
17:19:56.13388485, 1.3333E-02, 2.5667E+00,-1.3333E-01,
17:19:56.13388490, 1.3333E-02, 2.5667E+00, 0.0000E+00,
17:19:56.13388495, 0.0000E+00, 2.5667E+00,-1.3333E-01,
17:19:56.13388500, 0.0000E+00, 2.5000E+00, 0.0000E+00,
17:19:56.13388505, 0.0000E+00, 2.6000E+00,-1.3333E-01,
17:19:56.13388510,-1.3333E-02, 2.4667E+00,-1.3333E-01,
17:19:56.13388515,-4.0000E-02, 2.5667E+00, 1.3333E-01,
17:19:56.13388520, 0.0000E+00, 2.5667E+00,-4.0000E-01,
17:19:56.13388525, 0.0000E+00, 2.5667E+00,-2.6667E-01,
17:19:56.13388530,-2.6667E-02, 2.5667E+00, 0.0000E+00,
17:19:56.13388535, 0.0000E+00, 2.4667E+00, 0.0000E+00,
17:19:56.13388540, 1.3333E-02, 2.5333E+00,-2.6667E-01,
17:19:56.13388545, 0.0000E+00, 2.5667E+00, 1.3333E-01,
17:19:56.13388550, 2.6667E-02, 2.6000E+00, 0.0000E+00,
17:19:56.13388555,-4.0000E-02, 2.5333E+00,-1.3333E-01,
17:19:56.13388560, 0.0000E+00, 2.5667E+00, 1.3333E-01,
17:19:56.13388565,-2.6667E-02, 2.5667E+00, 0.0000E+00,
17:19:56.13388570, 1.3333E-02, 2.5667E+00,-1.3333E-01,
17:19:56.13388575,-2.6667E-02, 2.5333E+00,-1.3333E-01,
17:19:56.13388580, 1.3333E-02, 2.5333E+00,-2.6667E-01,
17:19:56.13388585, 2.6667E-02, 2.4667E+00, 0.0000E+00,
17:19:56.13388590, 0.0000E+00, 2.5667E+00, 0.0000E+00,
17:19:56.13388595,-2.6667E-02, 2.5333E+00,-1.3333E-01,
17:19:56.13388600, 2.6667E-02, 2.6000E+00,-1.3333E-01,
17:19:56.13388605, 4.0000E-02, 2.6000E+00, 1.3333E-01,
17:19:56.13388610,-2.6667E-02, 2.6000E+00,-1.3333E-01,
17:19:56.13388615,-4.0000E-02, 2.5333E+00,-1.3333E-01,
17:19:56.13388620,-1.3333E-02, 2.5667E+00,-2.6667E-01,
17:19:56.13388625,-1.3333E-02, 2.5667E+00, 1.3333E-01,
17:19:56.13388630,-1.3333E-02, 2.5000E+00,-1.3333E-01,
17:19:56.13388635,-1.3333E-02, 2.5333E+00, 1.3333E-01,
17:19:56.13388640, 1.3333E-02, 2.5667E+00, 0.0000E+00,
17:19:56.13388645, 2.6667E-02, 2.5667E+00, 1.3333E-01,
17:19:56.13388650,-4.0000E-02, 2.5000E+00, 4.0000E-01,
17:19:56.13388655,-4.0000E-02, 2.5333E+00,-1.3333E-01,
17:19:56.13388660,-2.6667E-02, 2.5667E+00, 1.3333E-01,
17:19:56.13388665,-2.6667E-02, 2.5333E+00,-1.3333E-01,
17:19:56.13388670, 0.0000E+00, 2.5667E+00,-1.3333E-01,
17:19:56.13388675, 2.6667E-02, 2.5667E+00, 0.0000E+00,
17:19:56.13388680, 4.0000E-02, 2.4333E+00,-1.3333E-01,
17:19:56.13388685, 0.0000E+00, 2.5667E+00, 0.0000E+00,
17:19:56.13388690, 0.0000E+00, 2.5667E+00, 1.3333E-01,
17:19:56.13388695, 0.0000E+00, 2.5667E+00, 1.3333E-01,
17:19:56.13388700, 1.3333E-02, 2.5667E+00, 1.3333E-01,
17:19:56.13388705, 0.0000E+00, 2.5333E+00,-2.6667E-01,
17:19:56.13388710,-2.6667E-02, 2.6000E+00,-1.3333E-01,
17:19:56.13388715,-1.3333E-02, 2.5667E+00,-1.3333E-01,
17:19:56.13388720, 1.3333E-02, 2.5333E+00, 0.0000E+00,
17:19:56.13388725, 0.0000E+00, 2.5667E+00,-1.3333E-01,
17:19:56.13388730,-4.0000E-02, 2.5333E+00, 2.6667E-01,
17:19:56.13388735, 4.0000E-02, 2.5000E+00, 0.0000E+00,
17:19:56.13388740,-1.3333E-02, 2.5667E+00, 1.3333E-01,
17:19:56.13388745, 0.0000E+00, 2.5000E+00, 1.3333E-01,
17:19:56.13388750, 0.0000E+00, 2.5333E+00, 0.0000E+00,
17:19:56.13388755,-1.3333E-02, 2.5667E+00,-4.0000E-01,
17:19:56.13388760,-2.6667E-02, 2.5000E+00, 1.3333E-01,
17:19:56.13388765, 0.0000E+00, 2.5667E+00, 1.3333E-01,
17:19:56.13388770,-1.3333E-02, 2.5333E+00,-1.3333E-01,
17:19:56.13388775,-2.6667E-02, 2.5667E+00, 0.0000E+00,
17:19:56.13388780, 0.0000E+00, 2.5333E+00,-2.6667E-01,
17:19:56.13388785, 0.0000E+00, 2.5000E+00, 0.0000E+00,
17:19:56.13388790, 1.3333E-02, 2.5333E+00, 1.3333E-01,
17:19:56.13388795,-1.3333E-02, 2.5000E+00, 2.6667E-01,
17:19:56.13388800, 1.3333E-02, 2.5333E+00, 0.0000E+00,
17:19:56.13388805,-4.0000E-02, 2.5667E+00, 0.0000E+00,
17:19:56.13388810, 0.0000E+00, 2.5667E+00,-2.6667E-01,
17:19:56.13388815,-4.0000E-02, 2.5667E+00,-2.6667E-01,
17:19:56.13388820, 0.0000E+00, 2.5667E+00, 1.3333E-01,
17:19:56.13388825,-2.6667E-02, 2.5667E+00,-1.3333E-01,
17:19:56.13388830,-1.3333E-02, 2.5667E+00, 0.0000E+00,
17:19:56.13388835, 1.3333E-02, 2.5667E+00, 0.0000E+00,
17:19:56.13388840,-1.3333E-02, 2.5333E+00, 1.3333E-01,
17:19:56.13388845,-1.3333E-02, 2.5667E+00, 1.3333E-01,
17:19:56.13388850, 0.0000E+00, 2.5333E+00,-2.6667E-01,
17:19:56.13388855,-4.0000E-02, 2.5333E+00, 0.0000E+00,
17:19:56.13388860, 0.0000E+00, 2.5667E+00,-1.3333E-01,
17:19:56.13388865,-1.3333E-02, 2.5000E+00, 0.0000E+00,
17:19:56.13388870, 0.0000E+00, 2.6000E+00, 0.0000E+00,
17:19:56.13388875,-1.3333E-02, 2.5333E+00,-2.6667E-01,
17:19:56.13388880, 0.0000E+00, 2.5000E+00, 2.6667E-01,
17:19:56.13388885, 2.6667E-02, 2.5333E+00,-1.3333E-01,
17:19:56.13388890, 1.3333E-02, 2.5667E+00, 1.3333E-01,
17:19:56.13388895, 0.0000E+00, 2.5000E+00, 0.0000E+00,
17:19:56.13388900,-5.3333E-02, 2.5667E+00,-1.3333E-01,
17:19:56.13388905, 0.0000E+00, 2.5667E+00, 0.0000E+00,
17:19:56.13388910,-1.3333E-02, 2.5333E+00, 1.3333E-01,
17:19:56.13388915,-1.3333E-02, 2.5000E+00,-1.3333E-01,
17:19:56.13388920, 1.3333E-02, 2.6000E+00,-2.6667E-01,
17:19:56.13388925,-1.3333E-02, 2.5333E+00, 0.0000E+00,
17:19:56.13388930, 1.3333E-02, 2.5333E+00, 0.0000E+00,
17:19:56.13388935, 0.0000E+00, 2.5667E+00, 0.0000E+00,
17:19:56.13388940, 0.0000E+00, 2.5333E+00, 2.6667E-01,
17:19:56.13388945,-4.0000E-02, 2.5333E+00, 0.0000E+00,
17:19:56.13388950,-2.6667E-02, 2.5000E+00,-1.3333E-01,
17:19:56.13388955, 0.0000E+00, 2.5667E+00, 2.6667E-01,
17:19:56.13388960, 0.0000E+00, 2.5667E+00, 1.3333E-01,
17:19:56.13388965,-2.6667E-02, 2.5667E+00,-1.3333E-01,
17:19:56.13388970, 2.6667E-02, 2.5667E+00, 0.0000E+00,
17:19:56.13388975, 0.0000E+00, 2.5333E+00,-1.3333E-01,
17:19:56.13388980,-1.3333E-02, 2.5667E+00,-1.3333E-01,
17:19:56.13388985, 0.0000E+00, 2.5000E+00, 1.3333E-01,
17:19:56.13388990, 1.3333E-02, 2.5667E+00, 2.6667E-01,
17:19:56.13388995,-2.6667E-02, 2.5333E+00, 1.3333E-01,
17:19:56.13389000, 1.3333E-02, 2.5667E+00, 1.3333E-01,
17:19:56.13389005,-1.3333E-02, 2.5667E+00, 1.3333E-01,
17:19:56.13389010,-1.3333E-02, 2.5667E+00, 1.3333E-01,
17:19:56.13389015,-2.6667E-02, 2.6000E+00, 0.0000E+00,
17:19:56.13389020, 2.6667E-02, 2.5667E+00,-1.3333E-01,
17:19:56.13389025, 0.0000E+00, 2.5667E+00, 0.0000E+00,
17:19:56.13389030, 1.3333E-02, 2.5000E+00, 2.6667E-01,
17:19:56.13389035, 0.0000E+00, 2.5667E+00, 1.3333E-01,
17:19:56.13389040, 0.0000E+00, 2.4667E+00, 1.3333E-01,
17:19:56.13389045,-5.3333E-02, 2.5000E+00,-1.3333E-01,
17:19:56.13389050,-4.0000E-02, 2.5667E+00,-1.3333E-01,
17:19:56.13389055,-1.3333E-02, 2.5667E+00, 0.0000E+00,
17:19:56.13389060, 1.3333E-02, 2.5000E+00,-2.6667E-01,
17:19:56.13389065, 1.3333E-02, 2.5333E+00, 0.0000E+00,
17:19:56.13389070,-2.6667E-02, 2.5000E+00,-2.6667E-01,
17:19:56.13389075, 1.3333E-02, 2.5667E+00,-1.3333E-01,
17:19:56.13389080,-1.3333E-02, 2.5667E+00,-1.3333E-01,
17:19:56.13389085,-1.3333E-02, 2.5333E+00,-1.3333E-01,
17:19:56.13389090,-1.3333E-02, 2.6333E+00,-1.3333E-01,
17:19:56.13389095,-2.6667E-02, 2.5667E+00,-1.3333E-01,
17:19:56.13389100, 1.3333E-02, 2.5333E+00, 4.0000E-01,
17:19:56.13389105, 0.0000E+00, 2.5000E+00, 0.0000E+00,
17:19:56.13389110,-1.3333E-02, 2.5333E+00,-1.3333E-01,
17:19:56.13389115, 2.6667E-02, 2.5333E+00,-2.6667E-01,
17:19:56.13389120, 0.0000E+00, 2.5333E+00,-2.6667E-01,
17:19:56.13389125, 0.0000E+00, 2.5667E+00, 0.0000E+00,
17:19:56.13389130, 0.0000E+00, 2.5667E+00,-1.3333E-01,
17:19:56.13389135,-1.3333E-02, 2.5667E+00, 2.6667E-01,
17:19:56.13389140,-4.0000E-02, 2.5667E+00, 0.0000E+00,
17:19:56.13389145, 1.3333E-02, 2.5667E+00,-2.6667E-01,
17:19:56.13389150, 1.3333E-02, 2.4667E+00, 0.0000E+00,
17:19:56.13389155,-2.6667E-02, 2.4667E+00,-1.3333E-01,
17:19:56.13389160, 2.6667E-02, 2.5667E+00, 4.0000E-01,
17:19:56.13389165, 0.0000E+00, 2.5000E+00,-4.0000E-01,
17:19:56.13389170, 0.0000E+00, 2.5333E+00, 1.3333E-01,
17:19:56.13389175, 2.6667E-02, 2.5667E+00, 0.0000E+00,
17:19:56.13389180,-2.6667E-02, 2.5667E+00, 2.6667E-01,
17:19:56.13389185, 1.3333E-02, 2.5667E+00, 2.6667E-01,
17:19:56.13389190,-2.6667E-02, 2.6000E+00, 0.0000E+00,
17:19:56.13389195,-4.0000E-02, 2.5667E+00, 0.0000E+00,
17:19:56.13389200, 1.3333E-02, 2.5000E+00, 1.3333E-01,
17:19:56.13389205, 0.0000E+00, 2.5667E+00, 2.6667E-01,
17:19:56.13389210,-1.3333E-02, 2.5000E+00, 1.3333E-01,
17:19:56.13389215, 1.3333E-02, 2.6000E+00, 0.0000E+00,
17:19:56.13389220, 0.0000E+00, 2.5667E+00, 1.3333E-01,
17:19:56.13389225,-1.3333E-02, 2.5667E+00, 2.6667E-01,
17:19:56.13389230, 0.0000E+00, 2.5333E+00, 1.3333E-01,
17:19:56.13389235,-4.0000E-02, 2.5667E+00,-1.3333E-01,
17:19:56.13389240,-2.6667E-02, 2.5000E+00,-4.0000E-01,
17:19:56.13389245, 2.6667E-02, 2.5000E+00, 1.3333E-01,
17:19:56.13389250, 0.0000E+00, 2.5667E+00, 0.0000E+00,
17:19:56.13389255,-1.3333E-02, 2.5667E+00, 0.0000E+00,
17:19:56.13389260,-1.3333E-02, 2.5000E+00, 1.3333E-01,
17:19:56.13389265, 5.3333E-02, 2.5333E+00,-1.3333E-01,
17:19:56.13389270, 0.0000E+00, 2.5667E+00, 1.3333E-01,
17:19:56.13389275,-2.6667E-02, 2.5333E+00, 0.0000E+00,
17:19:56.13389280, 0.0000E+00, 2.5333E+00,-1.3333E-01,
17:19:56.13389285,-1.3333E-02, 2.5667E+00,-1.3333E-01,
17:19:56.13389290,-2.6667E-02, 2.5667E+00, 0.0000E+00,
17:19:56.13389295,-1.3333E-02, 2.5333E+00,-1.3333E-01,
17:19:56.13389300, 0.0000E+00, 2.5667E+00,-2.6667E-01,
17:19:56.13389305, 0.0000E+00, 2.5333E+00,-1.3333E-01,
17:19:56.13389310, 0.0000E+00, 2.5667E+00,-4.0000E-01,
17:19:56.13389315,-1.3333E-02, 2.5667E+00,-1.3333E-01,
17:19:56.13389320,-1.3333E-02, 2.5667E+00, 0.0000E+00,
17:19:56.13389325, 0.0000E+00, 2.5667E+00, 0.0000E+00,
17:19:56.13389330, 0.0000E+00, 2.6333E+00,-1.3333E-01,
17:19:56.13389335, 0.0000E+00, 2.5333E+00, 2.6667E-01,
17:19:56.13389340, 1.3333E-02, 2.5667E+00, 1.3333E-01,
17:19:56.13389345,-1.3333E-02, 2.5333E+00, 2.6667E-01,
17:19:56.13389350, 2.6667E-02, 2.5667E+00, 1.3333E-01,
17:19:56.13389355, 0.0000E+00, 2.5667E+00,-1.3333E-01,
17:19:56.13389360, 0.0000E+00, 2.5667E+00, 0.0000E+00,
17:19:56.13389365, 0.0000E+00, 2.4667E+00, 0.0000E+00,
17:19:56.13389370, 0.0000E+00, 2.5333E+00, 0.0000E+00,
17:19:56.13389375,-1.3333E-02, 2.5000E+00, 2.6667E-01,
17:19:56.13389380,-5.3333E-02, 2.6000E+00, 1.3333E-01,
17:19:56.13389385, 0.0000E+00, 2.5333E+00, 2.6667E-01,
17:19:56.13389390, 2.6667E-02, 2.5333E+00, 2.6667E-01,
17:19:56.13389395, 1.3333E-02, 2.4667E+00,-2.6667E-01,
17:19:56.13389400, 1.3333E-02, 2.5333E+00, 1.3333E-01,
17:19:56.13389405, 0.0000E+00, 2.5667E+00, 1.3333E-01,
17:19:56.13389410, 1.3333E-02, 2.5000E+00, 1.3333E-01,
17:19:56.13389415, 2.6667E-02, 2.5667E+00,-1.3333E-01,
17:19:56.13389420,-1.3333E-02, 2.5667E+00, 2.6667E-01,
17:19:56.13389425,-4.0000E-02, 2.5000E+00, 1.3333E-01,
17:19:56.13389430,-2.6667E-02, 2.5667E+00, 0.0000E+00,
17:19:56.13389435,-1.3333E-02, 2.5667E+00,-1.3333E-01,
17:19:56.13389440,-1.3333E-02, 2.5000E+00,-1.3333E-01,
17:19:56.13389445, 0.0000E+00, 2.5667E+00, 0.0000E+00,
17:19:56.13389450, 0.0000E+00, 2.5333E+00,-2.6667E-01,
17:19:56.13389455, 2.6667E-02, 2.6333E+00, 1.3333E-01,
17:19:56.13389460, 1.3333E-02, 2.5000E+00, 1.3333E-01,
17:19:56.13389465, 1.3333E-02, 2.5667E+00, 1.3333E-01,
17:19:56.13389470, 1.3333E-02, 2.5667E+00,-1.3333E-01,
17:19:56.13389475,-1.3333E-02, 2.5333E+00, 1.3333E-01,
17:19:56.13389480, 0.0000E+00, 2.5667E+00,-2.6667E-01,
17:19:56.13389485, 1.3333E-02, 2.4667E+00, 1.3333E-01,
17:19:56.13389490, 2.6667E-02, 2.5333E+00, 0.0000E+00,
17:19:56.13389495,-1.3333E-02, 2.5667E+00,-1.3333E-01,
17:19:56.13389500, 0.0000E+00, 2.5333E+00,-1.3333E-01,
17:19:56.13389505, 1.3333E-02, 2.6000E+00, 0.0000E+00,
17:19:56.13389510, 0.0000E+00, 2.5667E+00, 0.0000E+00,
17:19:56.13389515, 0.0000E+00, 2.5667E+00,-1.3333E-01,
17:19:56.13389520,-1.3333E-02, 2.6000E+00, 2.6667E-01,
17:19:56.13389525, 1.3333E-02, 2.5667E+00, 0.0000E+00,
17:19:56.13389530,-1.3333E-02, 2.5333E+00,-2.6667E-01,
17:19:56.13389535, 0.0000E+00, 2.5667E+00, 1.3333E-01,
17:19:56.13389540, 0.0000E+00, 2.5667E+00,-1.3333E-01,
17:19:56.13389545,-1.3333E-02, 2.5333E+00, 0.0000E+00,
17:19:56.13389550, 1.3333E-02, 2.5000E+00, 1.3333E-01,
17:19:56.13389555, 0.0000E+00, 2.5667E+00,-1.3333E-01,
17:19:56.13389560,-2.6667E-02, 2.5667E+00, 0.0000E+00,
17:19:56.13389565, 1.3333E-02, 2.5667E+00, 1.3333E-01,
17:19:56.13389570,-2.6667E-02, 2.5667E+00, 1.3333E-01,
17:19:56.13389575, 0.0000E+00, 2.5333E+00, 0.0000E+00,
17:19:56.13389580, 0.0000E+00, 2.5000E+00, 4.0000E-01,
17:19:56.13389585,-1.3333E-02, 2.5000E+00,-5.3333E-01,
17:19:56.13389590, 0.0000E+00, 2.5667E+00, 0.0000E+00,
17:19:56.13389595, 0.0000E+00, 2.5333E+00, 0.0000E+00,
17:19:56.13389600, 1.3333E-02, 2.5333E+00, 1.3333E-01,
17:19:56.13389605, 1.3333E-02, 2.5667E+00, 1.3333E-01,
17:19:56.13389610, 2.6667E-02, 2.5667E+00,-4.0000E-01,
17:19:56.13389615,-2.6667E-02, 2.5667E+00, 0.0000E+00,
17:19:56.13389620,-2.6667E-02, 2.5333E+00, 0.0000E+00,
17:19:56.13389625, 1.3333E-02, 2.5333E+00,-1.3333E-01,
17:19:56.13389630,-1.3333E-02, 2.5333E+00, 4.0000E-01,
17:19:56.13389635,-4.0000E-02, 2.5667E+00, 1.3333E-01,
17:19:56.13389640, 0.0000E+00, 2.5667E+00, 1.3333E-01,
17:19:56.13389645,-1.3333E-02, 2.5667E+00,-1.3333E-01,
17:19:56.13389650, 0.0000E+00, 2.5667E+00,-1.3333E-01,
17:19:56.13389655,-1.3333E-02, 2.5000E+00, 1.3333E-01,
17:19:56.13389660,-1.3333E-02, 2.5333E+00, 1.3333E-01,
17:19:56.13389665,-1.3333E-02, 2.5667E+00,-1.3333E-01,
17:19:56.13389670,-4.0000E-02, 2.5667E+00,-1.3333E-01,
17:19:56.13389675,-5.3333E-02, 2.5333E+00, 2.6667E-01,
17:19:56.13389680, 1.3333E-02, 2.6000E+00, 2.6667E-01,
17:19:56.13389685, 0.0000E+00, 2.5667E+00, 0.0000E+00,
17:19:56.13389690, 0.0000E+00, 2.5000E+00, 0.0000E+00,
17:19:56.13389695, 1.3333E-02, 2.5333E+00, 0.0000E+00,
17:19:56.13389700,-2.6667E-02, 2.5667E+00,-2.6667E-01,
17:19:56.13389705,-2.6667E-02, 2.5667E+00, 0.0000E+00,
17:19:56.13389710,-1.3333E-02, 2.5333E+00,-1.3333E-01,
17:19:56.13389715, 0.0000E+00, 2.4667E+00, 0.0000E+00,
17:19:56.13389720, 0.0000E+00, 2.6000E+00, 4.0000E-01,
17:19:56.13389725, 2.6667E-02, 2.5000E+00, 1.3333E-01,
17:19:56.13389730, 2.6667E-02, 2.5333E+00, 0.0000E+00,
17:19:56.13389735,-2.6667E-02, 2.5667E+00, 0.0000E+00,
17:19:56.13389740, 0.0000E+00, 2.5667E+00,-1.3333E-01,
17:19:56.13389745, 4.0000E-02, 2.5000E+00,-2.6667E-01,
17:19:56.13389750,-1.3333E-02, 2.5667E+00, 0.0000E+00,
17:19:56.13389755, 1.3333E-02, 2.5667E+00,-2.6667E-01,
17:19:56.13389760, 1.3333E-02, 2.4667E+00, 1.3333E-01,
17:19:56.13389765,-4.0000E-02, 2.5333E+00, 0.0000E+00,
17:19:56.13389770,-1.3333E-02, 2.5667E+00, 1.3333E-01,
17:19:56.13389775,-1.3333E-02, 2.5667E+00, 1.3333E-01,
17:19:56.13389780, 1.3333E-02, 2.5667E+00, 2.6667E-01,
17:19:56.13389785, 2.6667E-02, 2.5667E+00, 0.0000E+00,
17:19:56.13389790, 1.3333E-02, 2.5333E+00,-1.3333E-01,
17:19:56.13389795,-2.6667E-02, 2.6000E+00, 1.3333E-01,
17:19:56.13389800, 1.3333E-02, 2.5000E+00,-2.6667E-01,
17:19:56.13389805, 0.0000E+00, 2.5667E+00,-1.3333E-01,
17:19:56.13389810, 0.0000E+00, 2.5667E+00, 0.0000E+00,
17:19:56.13389815,-1.3333E-02, 2.5667E+00, 0.0000E+00,
17:19:56.13389820,-2.6667E-02, 2.5000E+00, 4.0000E-01,
17:19:56.13389825, 0.0000E+00, 2.5667E+00,-2.6667E-01,
17:19:56.13389830, 2.6667E-02, 2.5667E+00,-2.6667E-01,
17:19:56.13389835,-1.3333E-02, 2.5667E+00, 1.3333E-01,
17:19:56.13389840,-1.3333E-02, 2.5667E+00,-5.3333E-01,
17:19:56.13389845,-1.3333E-02, 2.5667E+00,-1.3333E-01,
17:19:56.13389850, 2.6667E-02, 2.5667E+00, 0.0000E+00,
17:19:56.13389855, 0.0000E+00, 2.4667E+00, 2.6667E-01,
17:19:56.13389860,-1.3333E-02, 2.5667E+00, 1.3333E-01,
17:19:56.13389865,-1.3333E-02, 2.5667E+00, 0.0000E+00,
17:19:56.13389870, 1.3333E-02, 2.5333E+00, 2.6667E-01,
17:19:56.13389875,-2.6667E-02, 2.5000E+00, 1.3333E-01,
17:19:56.13389880,-1.3333E-02, 2.5667E+00,-1.3333E-01,
17:19:56.13389885, 0.0000E+00, 2.5667E+00, 0.0000E+00,
17:19:56.13389890, 0.0000E+00, 2.5000E+00, 2.6667E-01,
17:19:56.13389895,-1.3333E-02, 2.5667E+00, 1.3333E-01,
17:19:56.13389900,-1.3333E-02, 2.5333E+00, 0.0000E+00,
17:19:56.13389905, 0.0000E+00, 2.5333E+00, 1.3333E-01,
17:19:56.13389910,-4.0000E-02, 2.5000E+00, 0.0000E+00,
17:19:56.13389915,-1.3333E-02, 2.5667E+00, 0.0000E+00,
17:19:56.13389920,-1.3333E-02, 2.6000E+00, 1.3333E-01,
17:19:56.13389925,-1.3333E-02, 2.5667E+00, 0.0000E+00,
17:19:56.13389930, 0.0000E+00, 2.5667E+00, 0.0000E+00,
17:19:56.13389935, 0.0000E+00, 2.5667E+00, 2.6667E-01,
17:19:56.13389940,-2.6667E-02, 2.5667E+00,-2.6667E-01,
17:19:56.13389945, 1.3333E-02, 2.5667E+00, 0.0000E+00,
17:19:56.13389950, 1.3333E-02, 2.5667E+00, 2.6667E-01,
17:19:56.13389955, 0.0000E+00, 2.5000E+00, 2.6667E-01,
17:19:56.13389960,-1.3333E-02, 2.5333E+00, 0.0000E+00,
17:19:56.13389965, 0.0000E+00, 2.5333E+00,-1.3333E-01,
17:19:56.13389970, 1.3333E-02, 2.5667E+00,-1.3333E-01,
17:19:56.13389975, 1.3333E-02, 2.5667E+00, 1.3333E-01,
17:19:56.13389980, 0.0000E+00, 2.5667E+00, 2.6667E-01,
17:19:56.13389985, 1.3333E-02, 2.5667E+00, 0.0000E+00,
17:19:56.13389990, 0.0000E+00, 2.5667E+00,-1.3333E-01,
17:19:56.13389995, 1.3333E-02, 2.5000E+00,-2.6667E-01,
17:19:56.13390000,-4.0000E-02, 2.5667E+00, 0.0000E+00,
17:19:56.13390005,-1.3333E-02, 2.6000E+00, 2.6667E-01,
17:19:56.13390010, 0.0000E+00, 2.5667E+00, 4.0000E-01,
17:19:56.13390015, 2.6667E-02, 2.5667E+00,-1.3333E-01,
17:19:56.13390020, 0.0000E+00, 2.5667E+00,-2.6667E-01,
17:19:56.13390025, 2.6667E-02, 2.5667E+00, 0.0000E+00,
17:19:56.13390030, 2.6667E-02, 2.5333E+00, 0.0000E+00,
17:19:56.13390035, 0.0000E+00, 2.5000E+00, 2.6667E-01,
17:19:56.13390040,-2.6667E-02, 2.5000E+00, 2.6667E-01,
17:19:56.13390045, 0.0000E+00, 2.5333E+00, 0.0000E+00,
17:19:56.13390050, 0.0000E+00, 2.5667E+00, 1.3333E-01,
17:19:56.13390055,-2.6667E-02, 2.5667E+00, 0.0000E+00,
17:19:56.13390060,-2.6667E-02, 2.5667E+00, 1.3333E-01,
17:19:56.13390065,-1.3333E-02, 2.5000E+00, 0.0000E+00,
17:19:56.13390070, 2.6667E-02, 2.5667E+00, 2.6667E-01,
17:19:56.13390075, 0.0000E+00, 2.6000E+00, 0.0000E+00,
17:19:56.13390080, 4.0000E-02, 2.5333E+00,-4.0000E-01,
17:19:56.13390085, 1.3333E-02, 2.5667E+00, 0.0000E+00,
17:19:56.13390090,-2.6667E-02, 2.5667E+00, 0.0000E+00,
17:19:56.13390095,-2.6667E-02, 2.5333E+00, 1.3333E-01,
17:19:56.13390100, 0.0000E+00, 2.5667E+00, 0.0000E+00,
17:19:56.13390105,-2.6667E-02, 2.5333E+00, 0.0000E+00,
17:19:56.13390110, 0.0000E+00, 2.5667E+00, 0.0000E+00,
17:19:56.13390115,-1.3333E-02, 2.5667E+00, 1.3333E-01,
17:19:56.13390120, 0.0000E+00, 2.5333E+00, 2.6667E-01,
17:19:56.13390125, 0.0000E+00, 2.5000E+00, 1.3333E-01,
17:19:56.13390130, 1.3333E-02, 2.5667E+00, 1.3333E-01,
17:19:56.13390135,-1.3333E-02, 2.5667E+00, 0.0000E+00,
17:19:56.13390140,-1.3333E-02, 2.5333E+00, 1.3333E-01,
17:19:56.13390145,-1.3333E-02, 2.5000E+00,-2.6667E-01,
17:19:56.13390150,-2.6667E-02, 2.5667E+00, 0.0000E+00,
17:19:56.13390155, 0.0000E+00, 2.5667E+00,-1.3333E-01,
17:19:56.13390160, 1.3333E-02, 2.5667E+00, 1.3333E-01,
17:19:56.13390165,-1.3333E-02, 2.5667E+00,-1.3333E-01,
17:19:56.13390170, 0.0000E+00, 2.5333E+00, 2.6667E-01,
17:19:56.13390175, 0.0000E+00, 2.5000E+00,-1.3333E-01,
17:19:56.13390180,-1.3333E-02, 2.5667E+00, 0.0000E+00,
17:19:56.13390185,-2.6667E-02, 2.5667E+00,-2.6667E-01,
17:19:56.13390190,-4.0000E-02, 2.5000E+00, 0.0000E+00,
17:19:56.13390195,-4.0000E-02, 2.5000E+00, 0.0000E+00,
17:19:56.13390200,-4.0000E-02, 2.5000E+00, 1.3333E-01,
17:19:56.13390205, 2.6667E-02, 2.5667E+00, 2.6667E-01,
17:19:56.13390210,-2.6667E-02, 2.5333E+00, 1.3333E-01,
17:19:56.13390215, 0.0000E+00, 2.5667E+00, 2.6667E-01,
17:19:56.13390220, 1.3333E-02, 2.5333E+00,-4.0000E-01,
17:19:56.13390225, 0.0000E+00, 2.5667E+00, 1.3333E-01,
17:19:56.13390230, 1.3333E-02, 2.5667E+00, 0.0000E+00,
17:19:56.13390235, 0.0000E+00, 2.5667E+00,-1.3333E-01,
17:19:56.13390240, 2.6667E-02, 2.5333E+00,-1.3333E-01,
17:19:56.13390245,-2.6667E-02, 2.5333E+00, 0.0000E+00,
17:19:56.13390250, 0.0000E+00, 2.5333E+00,-2.6667E-01,
17:19:56.13390255,-2.6667E-02, 2.5667E+00, 1.3333E-01,
17:19:56.13390260,-1.3333E-02, 2.5333E+00,-4.0000E-01,
17:19:56.13390265,-1.3333E-02, 2.5667E+00,-2.6667E-01,
17:19:56.13390270,-1.3333E-02, 2.5667E+00,-1.3333E-01,
17:19:56.13390275, 4.0000E-02, 2.5333E+00, 0.0000E+00,
17:19:56.13390280, 0.0000E+00, 2.5333E+00,-2.6667E-01,
17:19:56.13390285,-1.3333E-02, 2.5333E+00, 1.3333E-01,
17:19:56.13390290,-1.3333E-02, 2.5000E+00, 0.0000E+00,
17:19:56.13390295,-1.3333E-02, 2.5333E+00, 0.0000E+00,
17:19:56.13390300,-1.3333E-02, 2.5333E+00, 0.0000E+00,
17:19:56.13390305,-1.3333E-02, 2.5667E+00,-2.6667E-01,
17:19:56.13390310, 0.0000E+00, 2.5333E+00, 4.0000E-01,
17:19:56.13390315,-4.0000E-02, 2.5333E+00, 0.0000E+00,
17:19:56.13390320, 2.6667E-02, 2.5000E+00,-1.3333E-01,
17:19:56.13390325,-1.3333E-02, 2.5667E+00,-2.6667E-01,
17:19:56.13390330,-1.3333E-02, 2.5000E+00, 1.3333E-01,
17:19:56.13390335,-1.3333E-02, 2.5333E+00,-1.3333E-01,
17:19:56.13390340,-2.6667E-02, 2.5667E+00, 2.6667E-01,
17:19:56.13390345,-1.3333E-02, 2.5333E+00, 0.0000E+00,
17:19:56.13390350, 1.3333E-02, 2.5333E+00, 2.6667E-01,
17:19:56.13390355, 1.3333E-02, 2.4667E+00, 2.6667E-01,
17:19:56.13390360, 1.3333E-02, 2.5333E+00, 1.3333E-01,
17:19:56.13390365, 1.3333E-02, 2.5667E+00, 6.6667E-01,
17:19:56.13390370, 0.0000E+00, 2.6000E+00, 1.3333E-01,
17:19:56.13390375, 0.0000E+00, 2.5000E+00, 0.0000E+00,
17:19:56.13390380,-1.3333E-02, 2.5667E+00,-1.3333E-01,
17:19:56.13390385, 0.0000E+00, 2.5333E+00, 0.0000E+00,
17:19:56.13390390, 0.0000E+00, 2.5667E+00, 1.3333E-01,
17:19:56.13390395,-5.3333E-02, 2.5667E+00, 2.6667E-01,
17:19:56.13390400, 0.0000E+00, 2.5667E+00, 1.3333E-01,
17:19:56.13390405, 0.0000E+00, 2.5000E+00, 0.0000E+00,
17:19:56.13390410, 2.6667E-02, 2.5667E+00, 0.0000E+00,
17:19:56.13390415, 1.3333E-02, 2.5333E+00, 0.0000E+00,
17:19:56.13390420,-1.3333E-02, 2.5667E+00, 1.3333E-01,
17:19:56.13390425, 0.0000E+00, 2.4667E+00,-2.6667E-01,
17:19:56.13390430, 1.3333E-02, 2.5333E+00,-1.3333E-01,
17:19:56.13390435, 0.0000E+00, 2.5333E+00, 0.0000E+00,
17:19:56.13390440,-4.0000E-02, 2.5667E+00,-2.6667E-01,
17:19:56.13390445, 0.0000E+00, 2.5333E+00,-1.3333E-01,
17:19:56.13390450,-1.3333E-02, 2.4667E+00, 1.3333E-01,
17:19:56.13390455, 4.0000E-02, 2.5667E+00, 0.0000E+00,
17:19:56.13390460, 4.0000E-02, 2.5333E+00, 0.0000E+00,
17:19:56.13390465, 1.3333E-02, 2.5333E+00, 4.0000E-01,
17:19:56.13390470,-1.3333E-02, 2.5000E+00, 1.3333E-01,
17:19:56.13390475,-1.3333E-02, 2.5667E+00,-2.6667E-01,
17:19:56.13390480, 0.0000E+00, 2.5667E+00, 2.6667E-01,
17:19:56.13390485, 0.0000E+00, 2.5333E+00, 0.0000E+00,
17:19:56.13390490, 0.0000E+00, 2.5667E+00, 0.0000E+00,
17:19:56.13390495, 0.0000E+00, 2.5667E+00,-1.3333E-01,
17:19:56.13390500,-1.3333E-02, 2.5667E+00, 1.3333E-01,
17:19:56.13390505,-4.0000E-02, 2.5333E+00, 1.3333E-01,
17:19:56.13390510,-4.0000E-02, 2.5000E+00, 0.0000E+00,
17:19:56.13390515, 2.6667E-02, 2.5667E+00,-1.3333E-01,
17:19:56.13390520,-1.3333E-02, 2.5000E+00, 0.0000E+00,
17:19:56.13390525, 0.0000E+00, 2.5667E+00, 0.0000E+00,
17:19:56.13390530,-2.6667E-02, 2.5333E+00, 4.0000E-01,
17:19:56.13390535,-4.0000E-02, 2.5667E+00,-1.3333E-01,
17:19:56.13390540,-1.3333E-02, 2.5333E+00, 1.3333E-01,
17:19:56.13390545,-2.6667E-02, 2.5667E+00, 1.3333E-01,
17:19:56.13390550,-1.3333E-02, 2.5333E+00, 0.0000E+00,
17:19:56.13390555, 0.0000E+00, 2.5000E+00,-1.3333E-01,
17:19:56.13390560, 2.6667E-02, 2.5667E+00,-1.3333E-01,
17:19:56.13390565, 2.6667E-02, 2.5667E+00,-1.3333E-01,
17:19:56.13390570, 0.0000E+00, 2.5333E+00, 0.0000E+00,
17:19:56.13390575, 0.0000E+00, 2.5000E+00, 0.0000E+00,
17:19:56.13390580, 0.0000E+00, 2.5333E+00, 0.0000E+00,
17:19:56.13390585,-1.3333E-02, 2.5667E+00, 0.0000E+00,
17:19:56.13390590,-1.3333E-02, 2.5333E+00, 1.3333E-01,
17:19:56.13390595,-4.0000E-02, 2.5667E+00, 2.6667E-01,
17:19:56.13390600, 1.3333E-02, 2.5667E+00, 1.3333E-01,
17:19:56.13390605, 0.0000E+00, 2.5333E+00, 2.6667E-01,
17:19:56.13390610, 2.6667E-02, 2.5667E+00, 0.0000E+00,
17:19:56.13390615, 0.0000E+00, 2.4667E+00, 2.6667E-01,
17:19:56.13390620,-1.3333E-02, 2.5667E+00, 4.0000E-01,
17:19:56.13390625,-2.6667E-02, 2.5333E+00, 2.6667E-01,
17:19:56.13390630,-1.3333E-02, 2.5333E+00,-5.3333E-01,
17:19:56.13390635,-2.6667E-02, 2.5333E+00,-4.0000E-01,
17:19:56.13390640, 2.6667E-02, 2.5333E+00, 2.6667E-01,
17:19:56.13390645,-2.6667E-02, 2.5667E+00,-2.6667E-01,
17:19:56.13390650, 1.3333E-02, 2.5333E+00,-1.3333E-01,
17:19:56.13390655,-1.3333E-02, 2.5000E+00, 4.0000E-01,
17:19:56.13390660, 2.6667E-02, 2.5667E+00, 1.3333E-01,
17:19:56.13390665, 0.0000E+00, 2.5000E+00,-5.3333E-01,
17:19:56.13390670, 0.0000E+00, 2.5667E+00, 1.3333E-01,
17:19:56.13390675, 0.0000E+00, 2.5667E+00, 0.0000E+00,
17:19:56.13390680,-2.6667E-02, 2.5667E+00, 1.3333E-01,
17:19:56.13390685, 0.0000E+00, 2.5667E+00,-1.3333E-01,
17:19:56.13390690,-1.3333E-02, 2.5667E+00, 0.0000E+00,
17:19:56.13390695,-1.3333E-02, 2.5667E+00, 2.6667E-01,
17:19:56.13390700,-4.0000E-02, 2.5333E+00, 2.6667E-01,
17:19:56.13390705, 1.3333E-02, 2.5667E+00, 1.3333E-01,
17:19:56.13390710,-2.6667E-02, 2.5000E+00, 1.3333E-01,
17:19:56.13390715, 0.0000E+00, 2.5333E+00,-1.3333E-01,
17:19:56.13390720,-2.6667E-02, 2.5000E+00,-2.6667E-01,
17:19:56.13390725, 0.0000E+00, 2.5667E+00,-1.3333E-01,
17:19:56.13390730, 0.0000E+00, 2.5000E+00,-2.6667E-01,
17:19:56.13390735, 1.3333E-02, 2.5667E+00, 1.3333E-01,
17:19:56.13390740, 2.6667E-02, 2.5667E+00, 0.0000E+00,
17:19:56.13390745,-1.3333E-02, 2.5667E+00, 1.3333E-01,
17:19:56.13390750, 0.0000E+00, 2.5000E+00, 1.3333E-01,
17:19:56.13390755, 4.0000E-02, 2.5667E+00, 1.3333E-01,
17:19:56.13390760, 1.3333E-02, 2.5000E+00,-1.3333E-01,
17:19:56.13390765, 2.6667E-02, 2.5000E+00, 1.3333E-01,
17:19:56.13390770, 2.6667E-02, 2.5667E+00, 0.0000E+00,
17:19:56.13390775, 1.3333E-02, 2.5667E+00, 1.3333E-01,
17:19:56.13390780, 0.0000E+00, 2.5667E+00, 0.0000E+00,
17:19:56.13390785, 1.3333E-02, 2.5667E+00, 0.0000E+00,
17:19:56.13390790, 0.0000E+00, 2.5667E+00, 2.6667E-01,
17:19:56.13390795, 1.3333E-02, 2.5000E+00, 1.3333E-01,
17:19:56.13390800, 2.6667E-02, 2.5000E+00, 1.3333E-01,
17:19:56.13390805, 0.0000E+00, 2.5667E+00, 1.3333E-01,
17:19:56.13390810,-1.3333E-02, 2.5333E+00, 0.0000E+00,
17:19:56.13390815,-1.3333E-02, 2.5333E+00,-1.3333E-01,
17:19:56.13390820,-2.6667E-02, 2.5667E+00, 0.0000E+00,
17:19:56.13390825,-1.3333E-02, 2.5667E+00, 1.3333E-01,
17:19:56.13390830,-1.3333E-02, 2.5667E+00, 0.0000E+00,
17:19:56.13390835, 1.3333E-02, 2.6333E+00, 1.3333E-01,
17:19:56.13390840, 1.3333E-02, 2.5667E+00,-1.3333E-01,
17:19:56.13390845, 2.6667E-02, 2.5333E+00,-1.3333E-01,
17:19:56.13390850, 0.0000E+00, 2.5000E+00, 1.3333E-01,
17:19:56.13390855, 1.3333E-02, 2.5667E+00, 1.3333E-01,
17:19:56.13390860,-1.3333E-02, 2.4667E+00, 0.0000E+00,
17:19:56.13390865,-1.3333E-02, 2.6000E+00,-1.3333E-01,
17:19:56.13390870,-2.6667E-02, 2.6333E+00,-2.6667E-01,
17:19:56.13390875,-4.0000E-02, 2.5667E+00,-1.3333E-01,
17:19:56.13390880,-1.3333E-02, 2.5667E+00,-2.6667E-01,
17:19:56.13390885, 0.0000E+00, 2.5000E+00, 0.0000E+00,
17:19:56.13390890, 2.6667E-02, 2.5333E+00, 2.6667E-01,
17:19:56.13390895, 0.0000E+00, 2.5667E+00, 1.3333E-01,
17:19:56.13390900, 2.6667E-02, 2.5667E+00, 5.3333E-01,
17:19:56.13390905,-1.3333E-02, 2.5333E+00, 1.3333E-01,
17:19:56.13390910,-1.3333E-02, 2.5667E+00, 1.3333E-01,
17:19:56.13390915,-2.6667E-02, 2.5667E+00, 1.3333E-01,
17:19:56.13390920,-1.3333E-02, 2.5667E+00,-1.3333E-01,
17:19:56.13390925,-2.6667E-02, 2.5667E+00, 0.0000E+00,
17:19:56.13390930, 0.0000E+00, 2.5000E+00,-1.3333E-01,
17:19:56.13390935,-1.3333E-02, 2.5333E+00,-1.3333E-01,
17:19:56.13390940,-1.3333E-02, 2.5667E+00, 4.0000E-01,
17:19:56.13390945,-1.3333E-02, 2.5333E+00,-2.6667E-01,
17:19:56.13390950,-1.3333E-02, 2.5667E+00, 1.3333E-01,
17:19:56.13390955, 1.3333E-02, 2.5000E+00,-2.6667E-01,
17:19:56.13390960,-2.6667E-02, 2.5000E+00,-1.3333E-01,
17:19:56.13390965,-1.3333E-02, 2.5000E+00,-1.3333E-01,
17:19:56.13390970, 0.0000E+00, 2.5333E+00, 0.0000E+00,
17:19:56.13390975, 0.0000E+00, 2.5667E+00,-1.3333E-01,
17:19:56.13390980, 0.0000E+00, 2.5000E+00,-2.6667E-01,
17:19:56.13390985, 0.0000E+00, 2.5333E+00, 0.0000E+00,
17:19:56.13390990, 0.0000E+00, 2.5667E+00, 2.6667E-01,
17:19:56.13390995, 1.3333E-02, 2.5667E+00, 2.6667E-01,
17:19:56.13391000, 0.0000E+00, 2.5667E+00,-1.3333E-01,
17:19:56.13391005,-4.0000E-02, 2.5667E+00, 0.0000E+00,
17:19:56.13391010,-1.3333E-02, 2.5000E+00, 0.0000E+00,
17:19:56.13391015,-1.3333E-02, 2.5333E+00,-1.3333E-01,
17:19:56.13391020,-1.3333E-02, 2.5667E+00,-1.3333E-01,
17:19:56.13391025,-2.6667E-02, 2.5667E+00, 0.0000E+00,
17:19:56.13391030,-1.3333E-02, 2.6000E+00,-1.3333E-01,
17:19:56.13391035, 2.6667E-02, 2.5000E+00, 1.3333E-01,
17:19:56.13391040, 2.6667E-02, 2.5333E+00, 0.0000E+00,
17:19:56.13391045, 0.0000E+00, 2.6000E+00,-2.6667E-01,
17:19:56.13391050, 0.0000E+00, 2.5667E+00, 0.0000E+00,
17:19:56.13391055,-2.6667E-02, 2.5667E+00, 0.0000E+00,
17:19:56.13391060,-4.0000E-02, 2.5333E+00,-1.3333E-01,
17:19:56.13391065,-2.6667E-02, 2.5667E+00, 0.0000E+00,
17:19:56.13391070, 1.3333E-02, 2.5667E+00, 0.0000E+00,
17:19:56.13391075, 0.0000E+00, 2.5333E+00,-1.3333E-01,
17:19:56.13391080, 0.0000E+00, 2.5667E+00, 1.3333E-01,
17:19:56.13391085,-1.3333E-02, 2.5667E+00, 2.6667E-01,
17:19:56.13391090,-1.3333E-02, 2.5333E+00, 0.0000E+00,
17:19:56.13391095,-1.3333E-02, 2.6000E+00,-1.3333E-01,
17:19:56.13391100,-1.3333E-02, 2.5667E+00,-2.6667E-01,
17:19:56.13391105,-2.6667E-02, 2.5333E+00,-1.3333E-01,
17:19:56.13391110, 1.3333E-02, 2.5667E+00, 2.6667E-01,
17:19:56.13391115, 0.0000E+00, 2.5000E+00, 1.3333E-01,
17:19:56.13391120, 1.3333E-02, 2.5667E+00, 1.3333E-01,
17:19:56.13391125,-2.6667E-02, 2.5000E+00, 1.3333E-01,
17:19:56.13391130, 1.3333E-02, 2.6000E+00, 0.0000E+00,
17:19:56.13391135, 0.0000E+00, 2.5333E+00, 1.3333E-01,
17:19:56.13391140, 4.0000E-02, 2.5333E+00, 0.0000E+00,
17:19:56.13391145, 0.0000E+00, 2.5667E+00, 0.0000E+00,
17:19:56.13391150,-2.6667E-02, 2.5000E+00, 0.0000E+00,
17:19:56.13391155, 1.3333E-02, 2.5667E+00, 1.3333E-01,
17:19:56.13391160,-1.3333E-02, 2.5667E+00, 0.0000E+00,
17:19:56.13391165,-1.3333E-02, 2.4667E+00, 0.0000E+00,
17:19:56.13391170, 0.0000E+00, 2.5000E+00,-1.3333E-01,
17:19:56.13391175, 1.3333E-02, 2.5333E+00, 1.3333E-01,
17:19:56.13391180, 1.3333E-02, 2.5667E+00, 0.0000E+00,
17:19:56.13391185,-1.3333E-02, 2.5000E+00,-1.3333E-01,
17:19:56.13391190, 1.3333E-02, 2.5667E+00, 1.3333E-01,
17:19:56.13391195,-1.3333E-02, 2.5667E+00, 0.0000E+00,
17:19:56.13391200,-1.3333E-02, 2.4667E+00, 1.3333E-01,
17:19:56.13391205,-1.3333E-02, 2.5333E+00,-1.3333E-01,
17:19:56.13391210, 0.0000E+00, 2.5333E+00, 1.3333E-01,
17:19:56.13391215,-1.3333E-02, 2.5667E+00, 0.0000E+00,
17:19:56.13391220, 1.3333E-02, 2.5000E+00,-1.3333E-01,
17:19:56.13391225, 1.3333E-02, 2.6000E+00, 1.3333E-01,
17:19:56.13391230, 0.0000E+00, 2.5000E+00,-1.3333E-01,
17:19:56.13391235, 1.3333E-02, 2.5667E+00, 0.0000E+00,
17:19:56.13391240, 0.0000E+00, 2.5667E+00, 0.0000E+00,
17:19:56.13391245,-1.3333E-02, 2.5667E+00, 1.3333E-01,
17:19:56.13391250, 1.3333E-02, 2.5667E+00,-2.6667E-01,
17:19:56.13391255,-1.3333E-02, 2.5667E+00, 0.0000E+00,
17:19:56.13391260,-2.6667E-02, 2.5333E+00,-1.3333E-01,
17:19:56.13391265, 1.3333E-02, 2.5667E+00, 1.3333E-01,
17:19:56.13391270, 1.3333E-02, 2.5000E+00,-1.3333E-01,
17:19:56.13391275, 1.3333E-02, 2.5333E+00, 1.3333E-01,
17:19:56.13391280,-1.3333E-02, 2.5333E+00, 0.0000E+00,
17:19:56.13391285, 1.3333E-02, 2.5333E+00, 0.0000E+00,
17:19:56.13391290, 1.3333E-02, 2.5667E+00,-2.6667E-01,
17:19:56.13391295,-2.6667E-02, 2.5667E+00,-2.6667E-01,
17:19:56.13391300,-1.3333E-02, 2.5333E+00, 2.6667E-01,
17:19:56.13391305,-2.6667E-02, 2.5667E+00,-1.3333E-01,
17:19:56.13391310,-1.3333E-02, 2.5667E+00, 1.3333E-01,
17:19:56.13391315, 2.6667E-02, 2.5333E+00,-1.3333E-01,
17:19:56.13391320, 1.3333E-02, 2.5333E+00, 0.0000E+00,
17:19:56.13391325,-1.3333E-02, 2.5667E+00, 4.0000E-01,
17:19:56.13391330, 2.6667E-02, 2.5333E+00, 2.6667E-01,
17:19:56.13391335, 0.0000E+00, 2.5333E+00, 2.6667E-01,
17:19:56.13391340, 0.0000E+00, 2.5667E+00, 0.0000E+00,
17:19:56.13391345, 0.0000E+00, 2.5333E+00, 0.0000E+00,
17:19:56.13391350,-1.3333E-02, 2.5667E+00, 1.3333E-01,
17:19:56.13391355, 0.0000E+00, 2.5333E+00, 0.0000E+00,
17:19:56.13391360, 0.0000E+00, 2.5000E+00, 0.0000E+00,
17:19:56.13391365, 0.0000E+00, 2.5667E+00, 2.6667E-01,
17:19:56.13391370, 1.3333E-02, 2.5000E+00, 1.3333E-01,
17:19:56.13391375, 1.3333E-02, 2.5333E+00, 1.3333E-01,
17:19:56.13391380,-2.6667E-02, 2.5333E+00, 1.3333E-01,
17:19:56.13391385, 0.0000E+00, 2.5333E+00, 1.3333E-01,
17:19:56.13391390, 0.0000E+00, 2.5333E+00, 0.0000E+00,
17:19:56.13391395,-2.6667E-02, 2.5000E+00, 1.3333E-01,
17:19:56.13391400, 1.3333E-02, 2.5667E+00, 0.0000E+00,
17:19:56.13391405,-1.3333E-02, 2.5000E+00,-4.0000E-01,
17:19:56.13391410, 1.3333E-02, 2.5667E+00, 1.3333E-01,
17:19:56.13391415, 0.0000E+00, 2.5333E+00, 1.3333E-01,
17:19:56.13391420, 0.0000E+00, 2.5333E+00, 1.3333E-01,
17:19:56.13391425, 0.0000E+00, 2.5667E+00, 1.3333E-01,
17:19:56.13391430, 1.3333E-02, 2.5667E+00, 1.3333E-01,
17:19:56.13391435, 1.3333E-02, 2.5667E+00, 0.0000E+00,
17:19:56.13391440,-1.3333E-02, 2.6000E+00,-2.6667E-01,
17:19:56.13391445, 0.0000E+00, 2.5667E+00,-2.6667E-01,
17:19:56.13391450, 1.3333E-02, 2.4333E+00,-1.3333E-01,
17:19:56.13391455,-2.6667E-02, 2.5000E+00, 0.0000E+00,
17:19:56.13391460,-1.3333E-02, 2.5000E+00, 0.0000E+00,
17:19:56.13391465, 0.0000E+00, 2.5667E+00,-1.3333E-01,
17:19:56.13391470, 1.3333E-02, 2.5333E+00,-1.3333E-01,
17:19:56.13391475, 0.0000E+00, 2.6000E+00, 1.3333E-01,
17:19:56.13391480,-1.3333E-02, 2.5667E+00, 0.0000E+00,
17:19:56.13391485,-2.6667E-02, 2.5000E+00, 0.0000E+00,
17:19:56.13391490, 1.3333E-02, 2.5667E+00, 1.3333E-01,
17:19:56.13391495,-4.0000E-02, 2.6000E+00,-1.3333E-01,
17:19:56.13391500, 2.6667E-02, 2.5333E+00,-1.3333E-01,
17:19:56.13391505,-2.6667E-02, 2.5667E+00,-1.3333E-01,
17:19:56.13391510,-1.3333E-02, 2.5000E+00, 1.3333E-01,
17:19:56.13391515, 1.3333E-02, 2.5667E+00, 0.0000E+00,
17:19:56.13391520, 0.0000E+00, 2.5667E+00, 2.6667E-01,
17:19:56.13391525, 0.0000E+00, 2.5667E+00, 4.0000E-01,
17:19:56.13391530, 0.0000E+00, 2.4667E+00,-2.6667E-01,
17:19:56.13391535, 0.0000E+00, 2.5333E+00,-2.6667E-01,
17:19:56.13391540, 0.0000E+00, 2.5667E+00,-1.3333E-01,
17:19:56.13391545, 2.6667E-02, 2.5333E+00,-1.3333E-01,
17:19:56.13391550,-1.3333E-02, 2.5667E+00, 2.6667E-01,
17:19:56.13391555,-1.3333E-02, 2.5000E+00, 0.0000E+00,
17:19:56.13391560,-1.3333E-02, 2.4667E+00, 1.3333E-01,
17:19:56.13391565, 1.3333E-02, 2.5333E+00, 0.0000E+00,
17:19:56.13391570, 1.3333E-02, 2.5000E+00,-1.3333E-01,
17:19:56.13391575,-2.6667E-02, 2.5000E+00, 0.0000E+00,
17:19:56.13391580,-2.6667E-02, 2.5333E+00, 0.0000E+00,
17:19:56.13391585,-1.3333E-02, 2.5667E+00,-1.3333E-01,
17:19:56.13391590,-2.6667E-02, 2.4667E+00, 1.3333E-01,
17:19:56.13391595, 1.3333E-02, 2.5000E+00, 2.6667E-01,
17:19:56.13391600, 0.0000E+00, 2.5667E+00, 0.0000E+00,
17:19:56.13391605, 0.0000E+00, 2.6000E+00,-1.3333E-01,
17:19:56.13391610,-1.3333E-02, 2.4667E+00, 1.3333E-01,
17:19:56.13391615, 2.6667E-02, 2.5667E+00,-4.0000E-01,
17:19:56.13391620, 0.0000E+00, 2.5333E+00, 2.6667E-01,
17:19:56.13391625, 1.3333E-02, 2.4667E+00, 2.6667E-01,
17:19:56.13391630, 0.0000E+00, 2.5333E+00,-1.3333E-01,
17:19:56.13391635,-4.0000E-02, 2.5333E+00, 0.0000E+00,
17:19:56.13391640,-1.3333E-02, 2.5000E+00, 0.0000E+00,
17:19:56.13391645, 1.3333E-02, 2.5333E+00, 1.3333E-01,
17:19:56.13391650, 0.0000E+00, 2.5333E+00,-1.3333E-01,
17:19:56.13391655,-1.3333E-02, 2.5333E+00,-1.3333E-01,
17:19:56.13391660, 1.3333E-02, 2.5667E+00, 0.0000E+00,
17:19:56.13391665, 0.0000E+00, 2.5667E+00, 1.3333E-01,
17:19:56.13391670, 1.3333E-02, 2.5000E+00,-2.6667E-01,
17:19:56.13391675,-2.6667E-02, 2.5333E+00, 0.0000E+00,
17:19:56.13391680,-1.3333E-02, 2.5667E+00,-1.3333E-01,
17:19:56.13391685, 0.0000E+00, 2.5333E+00, 0.0000E+00,
17:19:56.13391690,-1.3333E-02, 2.5333E+00, 1.3333E-01,
17:19:56.13391695,-1.3333E-02, 2.5667E+00,-1.3333E-01,
17:19:56.13391700, 0.0000E+00, 2.5000E+00,-1.3333E-01,
17:19:56.13391705, 1.3333E-02, 2.5667E+00,-2.6667E-01,
17:19:56.13391710, 1.3333E-02, 2.5667E+00, 0.0000E+00,
17:19:56.13391715, 2.6667E-02, 2.5667E+00, 2.6667E-01,
17:19:56.13391720,-1.3333E-02, 2.6000E+00,-2.6667E-01,
17:19:56.13391725,-2.6667E-02, 2.5000E+00, 0.0000E+00,
17:19:56.13391730,-1.3333E-02, 2.5333E+00,-1.3333E-01,
17:19:56.13391735, 0.0000E+00, 2.5667E+00, 1.3333E-01,
17:19:56.13391740, 0.0000E+00, 2.5667E+00, 0.0000E+00,
17:19:56.13391745, 1.3333E-02, 2.5333E+00, 1.3333E-01,
17:19:56.13391750,-2.6667E-02, 2.5667E+00, 0.0000E+00,
17:19:56.13391755,-1.3333E-02, 2.5333E+00, 1.3333E-01,
17:19:56.13391760, 1.3333E-02, 2.5667E+00, 1.3333E-01,
17:19:56.13391765, 0.0000E+00, 2.5333E+00, 1.3333E-01,
17:19:56.13391770, 0.0000E+00, 2.5667E+00, 0.0000E+00,
17:19:56.13391775, 0.0000E+00, 2.5333E+00,-2.6667E-01,
17:19:56.13391780,-2.6667E-02, 2.5667E+00, 1.3333E-01,
17:19:56.13391785,-1.3333E-02, 2.5667E+00, 0.0000E+00,
17:19:56.13391790, 0.0000E+00, 2.5667E+00, 0.0000E+00,
17:19:56.13391795, 1.3333E-02, 2.5667E+00, 0.0000E+00,
17:19:56.13391800, 0.0000E+00, 2.5333E+00, 0.0000E+00,
17:19:56.13391805, 2.6667E-02, 2.5667E+00,-2.6667E-01,
17:19:56.13391810, 0.0000E+00, 2.5667E+00, 0.0000E+00,
17:19:56.13391815,-4.0000E-02, 2.5667E+00, 0.0000E+00,
17:19:56.13391820, 0.0000E+00, 2.5000E+00, 1.3333E-01,
17:19:56.13391825,-1.3333E-02, 2.5667E+00, 1.3333E-01,
17:19:56.13391830,-2.6667E-02, 2.5667E+00, 1.3333E-01,
17:19:56.13391835,-1.3333E-02, 2.5000E+00,-1.3333E-01,
17:19:56.13391840, 0.0000E+00, 2.5333E+00,-1.3333E-01,
17:19:56.13391845,-1.3333E-02, 2.5667E+00, 0.0000E+00,
17:19:56.13391850, 2.6667E-02, 2.4333E+00,-1.3333E-01,
17:19:56.13391855, 0.0000E+00, 2.5333E+00,-2.6667E-01,
17:19:56.13391860,-1.3333E-02, 2.5667E+00, 0.0000E+00,
17:19:56.13391865,-1.3333E-02, 2.5667E+00, 1.3333E-01,
17:19:56.13391870,-1.3333E-02, 2.5667E+00, 0.0000E+00,
17:19:56.13391875,-4.0000E-02, 2.5667E+00, 2.6667E-01,
17:19:56.13391880,-1.3333E-02, 2.5667E+00, 0.0000E+00,
17:19:56.13391885,-2.6667E-02, 2.5333E+00,-1.3333E-01,
17:19:56.13391890, 1.3333E-02, 2.5000E+00, 1.3333E-01,
17:19:56.13391895,-1.3333E-02, 2.5667E+00,-1.3333E-01,
17:19:56.13391900,-2.6667E-02, 2.5667E+00, 1.3333E-01,
17:19:56.13391905, 2.6667E-02, 2.5333E+00, 1.3333E-01,
17:19:56.13391910, 0.0000E+00, 2.5000E+00,-1.3333E-01,
17:19:56.13391915, 0.0000E+00, 2.6000E+00,-1.3333E-01,
17:19:56.13391920,-1.3333E-02, 2.5333E+00, 1.3333E-01,
17:19:56.13391925, 0.0000E+00, 2.5333E+00,-1.3333E-01,
17:19:56.13391930, 2.6667E-02, 2.5333E+00, 0.0000E+00,
17:19:56.13391935, 0.0000E+00, 2.5333E+00,-2.6667E-01,
17:19:56.13391940,-1.3333E-02, 2.5333E+00,-1.3333E-01,
17:19:56.13391945, 0.0000E+00, 2.5667E+00, 2.6667E-01,
17:19:56.13391950, 1.3333E-02, 2.5667E+00,-1.3333E-01,
17:19:56.13391955, 0.0000E+00, 2.5667E+00, 1.3333E-01,
17:19:56.13391960,-1.3333E-02, 2.5000E+00,-1.3333E-01,
17:19:56.13391965, 0.0000E+00, 2.5667E+00, 0.0000E+00,
17:19:56.13391970,-2.6667E-02, 2.4667E+00, 1.3333E-01,
17:19:56.13391975,-2.6667E-02, 2.5333E+00,-2.6667E-01,
17:19:56.13391980, 1.3333E-02, 2.5667E+00,-2.6667E-01,
17:19:56.13391985, 0.0000E+00, 2.5333E+00, 1.3333E-01,
17:19:56.13391990,-1.3333E-02, 2.5000E+00, 0.0000E+00,
17:19:56.13391995, 0.0000E+00, 2.5333E+00, 1.3333E-01,
17:19:56.13392000, 1.3333E-02, 2.5333E+00, 1.3333E-01,
17:19:56.13392005, 0.0000E+00, 2.5333E+00, 0.0000E+00,
17:19:56.13392010,-2.6667E-02, 2.5667E+00,-1.3333E-01,
17:19:56.13392015, 2.6667E-02, 2.5667E+00, 0.0000E+00,
17:19:56.13392020,-2.6667E-02, 2.5000E+00, 0.0000E+00,
17:19:56.13392025,-2.6667E-02, 2.6333E+00, 0.0000E+00,
17:19:56.13392030, 0.0000E+00, 2.5667E+00,-2.6667E-01,
17:19:56.13392035, 0.0000E+00, 2.5333E+00, 0.0000E+00,
17:19:56.13392040, 1.3333E-02, 2.5667E+00, 1.3333E-01,
17:19:56.13392045, 2.6667E-02, 2.5667E+00,-1.3333E-01,
17:19:56.13392050,-1.3333E-02, 2.5667E+00, 0.0000E+00,
17:19:56.13392055, 1.3333E-02, 2.5333E+00, 2.6667E-01,
17:19:56.13392060, 1.3333E-02, 2.5333E+00,-1.3333E-01,
17:19:56.13392065,-4.0000E-02, 2.5667E+00, 2.6667E-01,
17:19:56.13392070,-2.6667E-02, 2.5667E+00, 5.3333E-01,
17:19:56.13392075, 1.3333E-02, 2.5333E+00,-1.3333E-01,
17:19:56.13392080, 2.6667E-02, 2.5333E+00, 0.0000E+00,
17:19:56.13392085, 1.3333E-02, 2.5667E+00,-1.3333E-01,
17:19:56.13392090,-1.3333E-02, 2.5667E+00, 1.3333E-01,
17:19:56.13392095, 0.0000E+00, 2.5333E+00, 0.0000E+00,
17:19:56.13392100, 4.0000E-02, 2.5667E+00, 0.0000E+00,
17:19:56.13392105, 0.0000E+00, 2.5667E+00, 2.6667E-01,
17:19:56.13392110, 1.3333E-02, 2.5667E+00, 2.6667E-01,
17:19:56.13392115,-2.6667E-02, 2.4667E+00, 0.0000E+00,
17:19:56.13392120,-1.3333E-02, 2.5667E+00,-2.6667E-01,
17:19:56.13392125, 1.3333E-02, 2.5667E+00, 0.0000E+00,
17:19:56.13392130, 0.0000E+00, 2.5333E+00, 0.0000E+00,
17:19:56.13392135, 2.6667E-02, 2.5667E+00,-2.6667E-01,
17:19:56.13392140, 0.0000E+00, 2.5000E+00,-1.3333E-01,
17:19:56.13392145, 2.6667E-02, 2.5667E+00, 1.3333E-01,
17:19:56.13392150, 0.0000E+00, 2.5667E+00, 4.0000E-01,
17:19:56.13392155,-1.3333E-02, 2.5000E+00,-4.0000E-01,
17:19:56.13392160, 0.0000E+00, 2.5667E+00, 1.3333E-01,
17:19:56.13392165,-4.0000E-02, 2.6333E+00, 2.6667E-01,
17:19:56.13392170,-4.0000E-02, 2.5667E+00,-1.3333E-01,
17:19:56.13392175, 0.0000E+00, 2.5000E+00,-4.0000E-01,
17:19:56.13392180, 0.0000E+00, 2.5667E+00, 0.0000E+00,
17:19:56.13392185, 1.3333E-02, 2.5667E+00, 0.0000E+00,
17:19:56.13392190, 1.3333E-02, 2.6333E+00,-1.3333E-01,
17:19:56.13392195, 0.0000E+00, 2.5667E+00,-1.3333E-01,
17:19:56.13392200,-1.3333E-02, 2.5667E+00,-1.3333E-01,
17:19:56.13392205,-4.0000E-02, 2.5000E+00, 1.3333E-01,
17:19:56.13392210, 0.0000E+00, 2.5667E+00, 0.0000E+00,
17:19:56.13392215,-1.3333E-02, 2.5000E+00, 1.3333E-01,
17:19:56.13392220, 2.6667E-02, 2.5000E+00, 1.3333E-01,
17:19:56.13392225, 0.0000E+00, 2.5333E+00,-2.6667E-01,
17:19:56.13392230, 0.0000E+00, 2.5333E+00,-1.3333E-01,
17:19:56.13392235, 0.0000E+00, 2.5333E+00,-1.3333E-01,
17:19:56.13392240, 5.3333E-02, 2.5667E+00,-1.3333E-01,
17:19:56.13392245, 4.0000E-02, 2.5667E+00, 0.0000E+00,
17:19:56.13392250, 0.0000E+00, 2.5667E+00, 0.0000E+00,
17:19:56.13392255,-1.3333E-02, 2.5667E+00, 1.3333E-01,
17:19:56.13392260, 0.0000E+00, 2.5333E+00, 0.0000E+00,
17:19:56.13392265,-1.3333E-02, 2.5667E+00, 0.0000E+00,
17:19:56.13392270,-1.3333E-02, 2.5000E+00, 0.0000E+00,
17:19:56.13392275, 1.3333E-02, 2.5667E+00, 0.0000E+00,
17:19:56.13392280, 1.3333E-02, 2.5000E+00, 2.6667E-01,
17:19:56.13392285,-1.3333E-02, 2.5667E+00, 0.0000E+00,
17:19:56.13392290,-1.3333E-02, 2.5667E+00, 0.0000E+00,
17:19:56.13392295, 0.0000E+00, 2.5333E+00,-1.3333E-01,
17:19:56.13392300,-2.6667E-02, 2.5000E+00,-1.3333E-01,
17:19:56.13392305, 0.0000E+00, 2.5333E+00, 1.3333E-01,
17:19:56.13392310, 0.0000E+00, 2.5667E+00, 1.3333E-01,
17:19:56.13392315, 0.0000E+00, 2.5667E+00,-4.0000E-01,
17:19:56.13392320, 0.0000E+00, 2.5333E+00, 1.3333E-01,
17:19:56.13392325, 0.0000E+00, 2.5667E+00, 1.3333E-01,
17:19:56.13392330, 1.3333E-02, 2.5333E+00, 0.0000E+00,
17:19:56.13392335, 1.3333E-02, 2.5667E+00, 0.0000E+00,
17:19:56.13392340, 0.0000E+00, 2.5667E+00, 0.0000E+00,
17:19:56.13392345, 1.7333E-01, 2.5667E+00, 2.6667E-01,
17:19:56.13392350, 1.4800E+00, 2.5000E+00, 2.6667E-01,
17:19:56.13392355, 3.0267E+00, 9.0000E-01,-1.3333E-01,
17:19:56.13392360, 4.2000E+00, 7.3333E-01, 0.0000E+00,
17:19:56.13392365, 5.1333E+00, 7.3333E-01, 1.3333E-01,
17:19:56.13392370, 5.7200E+00, 7.0000E-01, 1.3333E-01,
17:19:56.13392375, 5.9867E+00, 8.0000E-01, 2.6667E-01,
17:19:56.13392380, 6.1200E+00, 8.0000E-01, 4.0000E-01,
17:19:56.13392385, 6.1200E+00, 8.3333E-01, 6.6667E-01,
17:19:56.13392390, 6.0800E+00, 8.0000E-01, 6.6667E-01,
17:19:56.13392395, 6.0800E+00, 8.6667E-01, 8.0000E-01,
17:19:56.13392400, 6.0400E+00, 8.6667E-01, 9.3333E-01,
17:19:56.13392405, 6.0533E+00, 8.6667E-01, 1.4667E+00,
17:19:56.13392410, 5.9733E+00, 9.3333E-01, 2.0000E+00,
17:19:56.13392415, 6.0000E+00, 9.3333E-01, 2.4000E+00,
17:19:56.13392420, 5.9733E+00, 9.6667E-01, 2.4000E+00,
17:19:56.13392425, 5.9467E+00, 8.6667E-01, 2.8000E+00,
17:19:56.13392430, 5.9733E+00, 9.0000E-01, 2.9333E+00,
17:19:56.13392435, 5.9733E+00, 1.0000E+00, 3.3333E+00,
17:19:56.13392440, 5.9467E+00, 9.3333E-01, 3.6000E+00,
17:19:56.13392445, 5.9067E+00, 9.6667E-01, 3.6000E+00,
17:19:56.13392450, 5.9067E+00, 9.3333E-01, 4.4000E+00,
17:19:56.13392455, 5.9200E+00, 9.6667E-01, 4.5333E+00,
17:19:56.13392460, 5.9200E+00, 9.3333E-01, 4.9333E+00,
17:19:56.13392465, 5.9067E+00, 9.0000E-01, 4.9333E+00,
17:19:56.13392470, 5.8933E+00, 8.6667E-01, 5.3333E+00,
17:19:56.13392475, 5.8667E+00, 9.6667E-01, 5.6000E+00,
17:19:56.13392480, 5.8800E+00, 9.0000E-01, 6.0000E+00,
17:19:56.13392485, 5.8667E+00, 9.3333E-01, 6.4000E+00,
17:19:56.13392490, 5.8400E+00, 9.6667E-01, 6.8000E+00,
17:19:56.13392495, 5.8933E+00, 9.0000E-01, 6.9333E+00,
17:19:56.13392500, 5.9200E+00, 9.0000E-01, 7.2000E+00,
17:19:56.13392505, 5.9600E+00, 9.3333E-01, 7.4667E+00,
17:19:56.13392510, 5.9733E+00, 8.6667E-01, 8.4000E+00,
17:19:56.13392515, 6.0533E+00, 9.0000E-01, 8.1333E+00,
17:19:56.13392520, 6.0000E+00, 9.0000E-01, 8.6667E+00,
17:19:56.13392525, 6.0667E+00, 8.6667E-01, 8.9333E+00,
17:19:56.13392530, 6.0800E+00, 9.0000E-01, 9.3333E+00,
17:19:56.13392535, 6.0800E+00, 9.6667E-01, 9.6000E+00,
17:19:56.13392540, 6.0933E+00, 8.6667E-01, 1.0000E+01,
17:19:56.13392545, 6.0933E+00, 8.6667E-01, 1.0400E+01,
17:19:56.13392550, 6.0933E+00, 9.0000E-01, 1.0533E+01,
17:19:56.13392555, 6.0800E+00, 8.6667E-01, 1.0800E+01,
17:19:56.13392560, 6.0667E+00, 8.6667E-01, 1.0933E+01,
17:19:56.13392565, 6.0800E+00, 9.0000E-01, 1.1333E+01,
17:19:56.13392570, 6.0800E+00, 8.0000E-01, 1.1733E+01,
17:19:56.13392575, 6.0533E+00, 8.6667E-01, 1.2133E+01,
17:19:56.13392580, 6.0667E+00, 8.6667E-01, 1.2267E+01,
17:19:56.13392585, 6.0533E+00, 8.0000E-01, 1.2800E+01,
17:19:56.13392590, 6.0267E+00, 8.3333E-01, 1.3067E+01,
17:19:56.13392595, 6.0400E+00, 8.0000E-01, 1.3200E+01,
17:19:56.13392600, 6.0267E+00, 7.0000E-01, 1.4000E+01,
17:19:56.13392605, 5.9867E+00, 8.0000E-01, 1.4400E+01,
17:19:56.13392610, 6.0133E+00, 7.6667E-01, 1.4400E+01,
17:19:56.13392615, 6.0133E+00, 8.3333E-01, 1.4800E+01,
17:19:56.13392620, 6.0533E+00, 8.0000E-01, 1.5067E+01,
17:19:56.13392625, 6.0800E+00, 8.3333E-01, 1.5467E+01,
17:19:56.13392630, 6.0800E+00, 6.6667E-01, 1.5467E+01,
17:19:56.13392635, 6.0800E+00, 7.0000E-01, 1.6267E+01,
17:19:56.13392640, 6.0800E+00, 7.0000E-01, 1.6133E+01,
17:19:56.13392645, 6.1200E+00, 7.3333E-01, 1.6800E+01,
17:19:56.13392650, 6.0800E+00, 7.0000E-01, 1.7067E+01,
17:19:56.13392655, 6.1067E+00, 6.6667E-01, 1.7067E+01,
17:19:56.13392660, 6.1200E+00, 7.0000E-01, 1.7733E+01,
17:19:56.13392665, 6.0933E+00, 6.6667E-01, 1.8133E+01,
17:19:56.13392670, 6.0800E+00, 6.0000E-01, 1.8400E+01,
17:19:56.13392675, 6.0800E+00, 7.3333E-01, 1.8533E+01,
17:19:56.13392680, 6.0800E+00, 6.3333E-01, 1.9067E+01,
17:19:56.13392685, 6.0533E+00, 6.6667E-01, 1.9467E+01,
17:19:56.13392690, 6.0533E+00, 6.3333E-01, 1.9733E+01,
17:19:56.13392695, 6.0533E+00, 6.6667E-01, 1.9867E+01,
17:19:56.13392700, 6.0667E+00, 6.3333E-01, 2.0267E+01,
17:19:56.13392705, 6.0267E+00, 6.6667E-01, 2.0933E+01,
17:19:56.13392710, 6.0400E+00, 6.3333E-01, 2.1200E+01,
17:19:56.13392715, 6.0533E+00, 6.6667E-01, 2.1200E+01,
17:19:56.13392720, 6.0133E+00, 6.3333E-01, 2.1733E+01,
17:19:56.13392725, 6.0400E+00, 6.6667E-01, 2.2133E+01,
17:19:56.13392730, 6.0533E+00, 6.3333E-01, 2.2533E+01,
17:19:56.13392735, 6.0000E+00, 6.0000E-01, 2.2667E+01,
17:19:56.13392740, 6.0667E+00, 6.0000E-01, 2.3200E+01,
17:19:56.13392745, 6.0667E+00, 6.0000E-01, 2.3333E+01,
17:19:56.13392750, 6.0533E+00, 6.6667E-01, 2.3867E+01,
17:19:56.13392755, 6.0933E+00, 6.0000E-01, 2.4000E+01,
17:19:56.13392760, 6.0800E+00, 6.0000E-01, 2.4267E+01,
17:19:56.13392765, 6.0933E+00, 6.6667E-01, 2.4533E+01,
17:19:56.13392770, 6.1200E+00, 6.0000E-01, 2.5200E+01,
17:19:56.13392775, 6.0933E+00, 5.3333E-01, 2.5200E+01,
17:19:56.13392780, 6.0667E+00, 5.6667E-01, 2.5333E+01,
17:19:56.13392785, 6.0667E+00, 5.6667E-01, 2.6000E+01,
17:19:56.13392790, 6.0533E+00, 6.0000E-01, 2.6400E+01,
17:19:56.13392795, 6.0667E+00, 6.0000E-01, 2.6667E+01,
17:19:56.13392800, 6.0800E+00, 5.6667E-01, 2.7333E+01,
17:19:56.13392805, 6.0800E+00, 5.6667E-01, 2.7333E+01,
17:19:56.13392810, 6.0667E+00, 5.6667E-01, 2.7600E+01,
17:19:56.13392815, 6.0400E+00, 5.6667E-01, 2.7867E+01,
17:19:56.13392820, 6.0400E+00, 5.3333E-01, 2.8267E+01,
17:19:56.13392825, 6.0267E+00, 5.6667E-01, 2.8533E+01,
17:19:56.13392830, 6.0400E+00, 5.3333E-01, 2.9067E+01,
17:19:56.13392835, 6.0000E+00, 5.0000E-01, 2.9200E+01,
17:19:56.13392840, 6.0400E+00, 5.0000E-01, 2.9333E+01,
17:19:56.13392845, 6.0667E+00, 5.6667E-01, 2.9867E+01,
17:19:56.13392850, 6.0667E+00, 5.0000E-01, 3.0400E+01,
17:19:56.13392855, 6.0800E+00, 6.0000E-01, 3.0533E+01,
17:19:56.13392860, 6.0667E+00, 5.6667E-01, 3.0800E+01,
17:19:56.13392865, 6.0933E+00, 5.0000E-01, 3.1200E+01,
17:19:56.13392870, 6.0933E+00, 5.3333E-01, 3.1600E+01,
17:19:56.13392875, 6.0933E+00, 5.3333E-01, 3.1733E+01,
17:19:56.13392880, 6.0400E+00, 5.6667E-01, 3.2400E+01,
17:19:56.13392885, 6.0533E+00, 5.6667E-01, 3.2400E+01,
17:19:56.13392890, 6.0667E+00, 5.6667E-01, 3.2933E+01,
17:19:56.13392895, 6.0667E+00, 6.0000E-01, 3.3467E+01,
17:19:56.13392900, 6.0800E+00, 5.3333E-01, 3.3467E+01,
17:19:56.13392905, 6.0400E+00, 6.3333E-01, 3.4133E+01,
17:19:56.13392910, 6.0533E+00, 5.6667E-01, 3.4000E+01,
17:19:56.13392915, 6.0533E+00, 5.6667E-01, 3.4400E+01,
17:19:56.13392920, 6.0133E+00, 5.3333E-01, 3.5067E+01,
17:19:56.13392925, 6.0400E+00, 6.0000E-01, 3.5200E+01,
17:19:56.13392930, 6.0267E+00, 5.6667E-01, 3.5467E+01,
17:19:56.13392935, 6.0400E+00, 5.3333E-01, 3.6000E+01,
17:19:56.13392940, 6.0533E+00, 6.3333E-01, 3.6000E+01,
17:19:56.13392945, 6.0267E+00, 6.0000E-01, 3.6400E+01,
17:19:56.13392950, 6.0533E+00, 5.3333E-01, 3.6800E+01,
17:19:56.13392955, 6.0667E+00, 5.6667E-01, 3.7067E+01,
17:19:56.13392960, 6.0533E+00, 5.6667E-01, 3.7333E+01,
17:19:56.13392965, 6.0667E+00, 5.3333E-01, 3.7600E+01,
17:19:56.13392970, 6.0667E+00, 5.6667E-01, 3.7733E+01,
17:19:56.13392975, 6.0533E+00, 5.3333E-01, 3.8267E+01,
17:19:56.13392980, 6.0800E+00, 5.6667E-01, 3.9067E+01,
17:19:56.13392985, 6.0533E+00, 6.0000E-01, 3.9067E+01,
17:19:56.13392990, 6.0533E+00, 6.0000E-01, 3.9333E+01,
17:19:56.13392995, 6.0533E+00, 5.6667E-01, 3.9467E+01,
17:19:56.13393000, 6.0533E+00, 6.3333E-01, 4.0267E+01,
17:19:56.13393005, 6.0533E+00, 5.3333E-01, 4.0267E+01,
17:19:56.13393010, 6.0400E+00, 5.3333E-01, 4.0400E+01,
17:19:56.13393015, 6.0533E+00, 5.3333E-01, 4.0667E+01,
17:19:56.13393020, 6.0267E+00, 6.0000E-01, 4.0667E+01,
17:19:56.13393025, 6.0133E+00, 5.6667E-01, 4.1600E+01,
17:19:56.13393030, 6.0400E+00, 5.6667E-01, 4.1733E+01,
17:19:56.13393035, 6.0267E+00, 5.6667E-01, 4.2267E+01,
17:19:56.13393040, 6.0533E+00, 6.3333E-01, 4.2133E+01,
17:19:56.13393045, 6.0133E+00, 5.3333E-01, 4.2667E+01,
17:19:56.13393050, 6.0400E+00, 5.6667E-01, 4.2933E+01,
17:19:56.13393055, 6.0400E+00, 6.0000E-01, 4.3333E+01,
17:19:56.13393060, 6.0133E+00, 6.0000E-01, 4.3600E+01,
17:19:56.13393065, 6.0133E+00, 6.3333E-01, 4.3467E+01,
17:19:56.13393070, 6.0133E+00, 6.3333E-01, 4.4133E+01,
17:19:56.13393075, 6.0533E+00, 5.3333E-01, 4.4533E+01,
17:19:56.13393080, 6.0267E+00, 5.6667E-01, 4.4667E+01,
17:19:56.13393085, 6.0400E+00, 5.6667E-01, 4.4933E+01,
17:19:56.13393090, 6.0533E+00, 5.3333E-01, 4.5333E+01,
17:19:56.13393095, 6.0400E+00, 5.6667E-01, 4.5867E+01,
17:19:56.13393100, 6.0933E+00, 6.3333E-01, 4.6000E+01,
17:19:56.13393105, 6.0533E+00, 5.6667E-01, 4.6133E+01,
17:19:56.13393110, 6.0533E+00, 6.0000E-01, 4.6533E+01,
17:19:56.13393115, 6.0400E+00, 7.3333E-01, 4.6533E+01,
17:19:56.13393120, 6.0400E+00, 7.0000E-01, 4.7200E+01,
17:19:56.13393125, 6.0400E+00, 6.0000E-01, 4.7200E+01,
17:19:56.13393130, 6.0667E+00, 6.3333E-01, 4.7467E+01,
17:19:56.13393135, 6.0267E+00, 7.0000E-01, 4.8000E+01,
17:19:56.13393140, 6.0133E+00, 6.0000E-01, 4.8533E+01,
17:19:56.13393145, 6.0133E+00, 6.6667E-01, 4.8133E+01,
17:19:56.13393150, 6.0000E+00, 6.3333E-01, 4.8800E+01,
17:19:56.13393155, 6.0667E+00, 7.0000E-01, 4.9067E+01,
17:19:56.13393160, 6.0267E+00, 6.6667E-01, 4.9600E+01,
17:19:56.13393165, 6.0533E+00, 6.3333E-01, 4.9733E+01,
17:19:56.13393170, 6.0133E+00, 6.3333E-01, 5.0000E+01,
17:19:56.13393175, 6.0667E+00, 6.6667E-01, 5.0400E+01,
17:19:56.13393180, 6.0400E+00, 6.0000E-01, 5.0533E+01,
17:19:56.13393185, 6.0133E+00, 7.0000E-01, 5.1067E+01,
17:19:56.13393190, 6.0400E+00, 7.6667E-01, 5.0933E+01,
17:19:56.13393195, 6.0800E+00, 7.3333E-01, 5.1467E+01,
17:19:56.13393200, 6.0400E+00, 7.0000E-01, 5.1467E+01,
17:19:56.13393205, 6.0400E+00, 7.3333E-01, 5.2133E+01,
17:19:56.13393210, 6.0133E+00, 6.3333E-01, 5.2667E+01,
17:19:56.13393215, 6.0267E+00, 7.0000E-01, 5.2533E+01,
17:19:56.13393220, 6.0533E+00, 7.0000E-01, 5.2667E+01,
17:19:56.13393225, 6.0133E+00, 6.6667E-01, 5.3467E+01,
17:19:56.13393230, 6.0533E+00, 6.6667E-01, 5.3600E+01,
17:19:56.13393235, 6.0400E+00, 7.3333E-01, 5.3600E+01,
17:19:56.13393240, 6.0533E+00, 7.0000E-01, 5.3733E+01,
17:19:56.13393245, 6.0533E+00, 6.3333E-01, 5.4267E+01,
17:19:56.13393250, 6.0533E+00, 7.0000E-01, 5.4267E+01,
17:19:56.13393255, 6.0133E+00, 7.0000E-01, 5.4400E+01,
17:19:56.13393260, 6.0400E+00, 7.6667E-01, 5.5067E+01,
17:19:56.13393265, 6.0000E+00, 6.6667E-01, 5.5333E+01,
17:19:56.13393270, 6.0267E+00, 7.3333E-01, 5.5467E+01,
17:19:56.13393275, 6.0267E+00, 6.3333E-01, 5.6000E+01,
17:19:56.13393280, 6.0533E+00, 7.0000E-01, 5.6000E+01,
17:19:56.13393285, 6.0267E+00, 7.3333E-01, 5.6533E+01,
17:19:56.13393290, 6.0533E+00, 7.6667E-01, 5.6800E+01,
17:19:56.13393295, 6.0667E+00, 7.0000E-01, 5.6800E+01,
17:19:56.13393300, 6.0667E+00, 7.3333E-01, 5.6933E+01,
17:19:56.13393305, 6.0400E+00, 7.6667E-01, 5.7467E+01,
17:19:56.13393310, 6.0400E+00, 7.3333E-01, 5.7733E+01,
17:19:56.13393315, 6.0267E+00, 7.3333E-01, 5.7733E+01,
17:19:56.13393320, 6.0267E+00, 7.3333E-01, 5.8400E+01,
17:19:56.13393325, 6.0400E+00, 7.0000E-01, 5.8667E+01,
17:19:56.13393330, 6.0400E+00, 8.0000E-01, 5.8533E+01,
17:19:56.13393335, 6.0400E+00, 7.3333E-01, 5.9200E+01,
17:19:56.13393340, 6.0667E+00, 8.0000E-01, 5.9600E+01,
17:19:56.13393345, 6.0133E+00, 7.6667E-01, 5.9600E+01,
17:19:56.13393350, 6.0267E+00, 7.3333E-01, 6.0000E+01,
17:19:56.13393355, 6.0400E+00, 8.0000E-01, 6.0267E+01,
17:19:56.13393360, 6.0400E+00, 8.3333E-01, 6.0133E+01,
17:19:56.13393365, 6.0133E+00, 8.3333E-01, 6.0533E+01,
17:19:56.13393370, 6.0000E+00, 8.0000E-01, 6.0800E+01,
17:19:56.13393375, 6.0267E+00, 8.6667E-01, 6.1067E+01,
17:19:56.13393380, 6.0533E+00, 7.6667E-01, 6.1600E+01,
17:19:56.13393385, 6.0400E+00, 8.0000E-01, 6.1467E+01,
17:19:56.13393390, 6.0400E+00, 8.6667E-01, 6.1867E+01,
17:19:56.13393395, 6.0667E+00, 8.6667E-01, 6.2133E+01,
17:19:56.13393400, 6.0267E+00, 8.0000E-01, 6.2267E+01,
17:19:56.13393405, 6.0133E+00, 8.6667E-01, 6.2533E+01,
17:19:56.13393410, 5.9867E+00, 8.6667E-01, 6.2667E+01,
17:19:56.13393415, 6.0267E+00, 9.0000E-01, 6.3067E+01,
17:19:56.13393420, 6.0800E+00, 8.6667E-01, 6.3600E+01,
17:19:56.13393425, 6.0267E+00, 8.6667E-01, 6.3333E+01,
17:19:56.13393430, 6.0667E+00, 9.3333E-01, 6.4267E+01,
17:19:56.13393435, 6.0800E+00, 8.0000E-01, 6.4400E+01,
17:19:56.13393440, 6.0533E+00, 8.6667E-01, 6.4400E+01,
17:19:56.13393445, 6.0667E+00, 8.6667E-01, 6.4400E+01,
17:19:56.13393450, 6.0133E+00, 9.6667E-01, 6.4933E+01,
17:19:56.13393455, 6.0000E+00, 8.6667E-01, 6.4933E+01,
17:19:56.13393460, 6.0267E+00, 8.6667E-01, 6.5067E+01,
17:19:56.13393465, 6.0533E+00, 8.6667E-01, 6.5867E+01,
17:19:56.13393470, 6.0133E+00, 9.0000E-01, 6.5733E+01,
17:19:56.13393475, 6.0267E+00, 8.6667E-01, 6.6133E+01,
17:19:56.13393480, 6.0667E+00, 9.3333E-01, 6.6400E+01,
17:19:56.13393485, 6.0533E+00, 8.6667E-01, 6.6800E+01,
17:19:56.13393490, 6.0400E+00, 8.6667E-01, 6.6933E+01,
17:19:56.13393495, 6.0000E+00, 8.3333E-01, 6.6933E+01,
17:19:56.13393500, 6.0267E+00, 9.0000E-01, 6.7067E+01,
17:19:56.13393505, 6.0267E+00, 8.3333E-01, 6.7467E+01,
17:19:56.13393510, 6.0400E+00, 9.0000E-01, 6.7733E+01,
17:19:56.13393515, 6.0400E+00, 9.0000E-01, 6.7867E+01,
17:19:56.13393520, 6.0267E+00, 8.6667E-01, 6.8267E+01,
17:19:56.13393525, 6.0533E+00, 9.0000E-01, 6.8400E+01,
17:19:56.13393530, 6.0533E+00, 9.0000E-01, 6.8533E+01,
17:19:56.13393535, 6.0400E+00, 9.0000E-01, 6.8667E+01,
17:19:56.13393540, 6.0400E+00, 9.3333E-01, 6.9200E+01,
17:19:56.13393545, 6.0267E+00, 9.3333E-01, 6.9200E+01,
17:19:56.13393550, 6.0133E+00, 9.3333E-01, 6.9600E+01,
17:19:56.13393555, 6.0000E+00, 9.3333E-01, 6.9600E+01,
17:19:56.13393560, 6.0133E+00, 9.3333E-01, 6.9867E+01,
17:19:56.13393565, 6.0133E+00, 9.0000E-01, 6.9867E+01,
17:19:56.13393570, 6.0400E+00, 9.0000E-01, 7.0133E+01,
17:19:56.13393575, 6.0267E+00, 1.0333E+00, 7.0667E+01,
17:19:56.13393580, 6.0533E+00, 9.0000E-01, 7.0533E+01,
17:19:56.13393585, 6.0267E+00, 9.6667E-01, 7.0933E+01,
17:19:56.13393590, 6.0400E+00, 9.6667E-01, 7.1467E+01,
17:19:56.13393595, 6.0133E+00, 9.6667E-01, 7.1600E+01,
17:19:56.13393600, 6.0267E+00, 9.3333E-01, 7.1600E+01,
17:19:56.13393605, 6.0267E+00, 1.0000E+00, 7.1867E+01,
17:19:56.13393610, 6.0133E+00, 9.6667E-01, 7.2000E+01,
17:19:56.13393615, 6.0133E+00, 9.6667E-01, 7.2533E+01,
17:19:56.13393620, 6.0133E+00, 1.0000E+00, 7.2533E+01,
17:19:56.13393625, 6.0267E+00, 1.0000E+00, 7.3067E+01,
17:19:56.13393630, 6.0267E+00, 9.6667E-01, 7.3067E+01,
17:19:56.13393635, 6.0533E+00, 1.0333E+00, 7.3333E+01,
17:19:56.13393640, 6.0533E+00, 1.0333E+00, 7.3200E+01,
17:19:56.13393645, 6.0400E+00, 1.0000E+00, 7.3733E+01,
17:19:56.13393650, 6.0267E+00, 9.3333E-01, 7.4000E+01,
17:19:56.13393655, 6.0267E+00, 9.6667E-01, 7.4000E+01,
17:19:56.13393660, 6.0533E+00, 1.0000E+00, 7.4400E+01,
17:19:56.13393665, 6.0133E+00, 1.0333E+00, 7.4667E+01,
17:19:56.13393670, 6.0400E+00, 1.0000E+00, 7.4667E+01,
17:19:56.13393675, 6.0400E+00, 1.0333E+00, 7.4933E+01,
17:19:56.13393680, 6.0533E+00, 1.0333E+00, 7.5067E+01,
17:19:56.13393685, 6.0400E+00, 1.0333E+00, 7.5200E+01,
17:19:56.13393690, 6.0133E+00, 1.0000E+00, 7.5467E+01,
17:19:56.13393695, 6.0267E+00, 1.0333E+00, 7.5733E+01,
17:19:56.13393700, 6.0000E+00, 1.0333E+00, 7.6000E+01,
17:19:56.13393705, 6.0267E+00, 1.1000E+00, 7.6000E+01,
17:19:56.13393710, 6.0267E+00, 1.0667E+00, 7.6133E+01,
17:19:56.13393715, 6.0667E+00, 1.0333E+00, 7.6533E+01,
17:19:56.13393720, 6.0533E+00, 1.0667E+00, 7.6800E+01,
17:19:56.13393725, 6.0267E+00, 1.0000E+00, 7.6933E+01,
17:19:56.13393730, 6.0400E+00, 1.1000E+00, 7.7333E+01,
17:19:56.13393735, 6.0533E+00, 1.1000E+00, 7.7333E+01,
17:19:56.13393740, 6.0000E+00, 1.1000E+00, 7.7467E+01,
17:19:56.13393745, 6.0000E+00, 1.0667E+00, 7.7467E+01,
17:19:56.13393750, 6.0400E+00, 1.1333E+00, 7.8000E+01,
17:19:56.13393755, 6.0400E+00, 1.1000E+00, 7.7733E+01,
17:19:56.13393760, 6.0533E+00, 1.1000E+00, 7.8400E+01,
17:19:56.13393765, 6.0533E+00, 1.0667E+00, 7.8667E+01,
17:19:56.13393770, 6.0400E+00, 1.1333E+00, 7.8800E+01,
17:19:56.13393775, 6.0400E+00, 1.1333E+00, 7.8933E+01,
17:19:56.13393780, 6.0267E+00, 1.0667E+00, 7.8933E+01,
17:19:56.13393785, 6.0267E+00, 1.0333E+00, 7.9067E+01,
17:19:56.13393790, 6.0000E+00, 1.1000E+00, 7.9600E+01,
17:19:56.13393795, 6.0133E+00, 1.2000E+00, 7.9733E+01,
17:19:56.13393800, 6.0400E+00, 1.1667E+00, 8.0133E+01,
17:19:56.13393805, 6.0267E+00, 1.1667E+00, 7.9600E+01,
17:19:56.13393810, 6.0267E+00, 1.1667E+00, 8.0533E+01,
17:19:56.13393815, 6.0267E+00, 1.2000E+00, 8.0533E+01,
17:19:56.13393820, 6.0667E+00, 1.1000E+00, 8.0667E+01,
17:19:56.13393825, 6.0267E+00, 1.1333E+00, 8.0933E+01,
17:19:56.13393830, 6.0400E+00, 1.2000E+00, 8.0933E+01,
17:19:56.13393835, 6.0400E+00, 1.1333E+00, 8.1467E+01,
17:19:56.13393840, 6.0400E+00, 1.2000E+00, 8.1333E+01,
17:19:56.13393845, 6.0133E+00, 1.1667E+00, 8.1467E+01,
17:19:56.13393850, 6.0267E+00, 1.2000E+00, 8.1600E+01,
17:19:56.13393855, 6.0267E+00, 1.1333E+00, 8.1600E+01,
17:19:56.13393860, 6.0400E+00, 1.2000E+00, 8.1733E+01,
17:19:56.13393865, 6.0400E+00, 1.1667E+00, 8.2133E+01,
17:19:56.13393870, 6.0400E+00, 1.2000E+00, 8.2400E+01,
17:19:56.13393875, 6.0667E+00, 1.1667E+00, 8.2800E+01,
17:19:56.13393880, 6.0533E+00, 1.1667E+00, 8.2800E+01,
17:19:56.13393885, 6.0267E+00, 1.1667E+00, 8.2800E+01,
17:19:56.13393890, 5.9867E+00, 1.2333E+00, 8.3067E+01,
17:19:56.13393895, 6.0000E+00, 1.1667E+00, 8.3200E+01,
17:19:56.13393900, 6.0400E+00, 1.2000E+00, 8.3200E+01,
17:19:56.13393905, 6.0400E+00, 1.2000E+00, 8.3733E+01,
17:19:56.13393910, 6.0267E+00, 1.1667E+00, 8.4000E+01,
17:19:56.13393915, 6.0533E+00, 1.1667E+00, 8.3867E+01,
17:19:56.13393920, 6.0533E+00, 1.1667E+00, 8.4267E+01,
17:19:56.13393925, 6.0267E+00, 1.2000E+00, 8.4133E+01,
17:19:56.13393930, 6.0133E+00, 1.2333E+00, 8.4267E+01,
17:19:56.13393935, 6.0133E+00, 1.2000E+00, 8.4667E+01,
17:19:56.13393940, 6.0000E+00, 1.2333E+00, 8.4800E+01,
17:19:56.13393945, 6.0133E+00, 1.2000E+00, 8.4667E+01,
17:19:56.13393950, 6.0133E+00, 1.2000E+00, 8.5333E+01,
17:19:56.13393955, 6.0267E+00, 1.2667E+00, 8.5333E+01,
17:19:56.13393960, 6.0400E+00, 1.2000E+00, 8.5600E+01,
17:19:56.13393965, 6.0267E+00, 1.2333E+00, 8.6133E+01,
17:19:56.13393970, 6.0267E+00, 1.2000E+00, 8.5600E+01,
17:19:56.13393975, 6.0133E+00, 1.2000E+00, 8.5733E+01,
17:19:56.13393980, 6.0267E+00, 1.2000E+00, 8.6400E+01,
17:19:56.13393985, 6.0133E+00, 1.3000E+00, 8.6533E+01,
17:19:56.13393990, 6.0267E+00, 1.2000E+00, 8.6533E+01,
17:19:56.13393995, 6.0533E+00, 1.2000E+00, 8.6667E+01,
17:19:56.13394000, 6.0000E+00, 1.3000E+00, 8.6933E+01,
17:19:56.13394005, 6.0400E+00, 1.2333E+00, 8.6933E+01,
17:19:56.13394010, 6.0267E+00, 1.3000E+00, 8.7067E+01,
17:19:56.13394015, 6.0267E+00, 1.3333E+00, 8.7733E+01,
17:19:56.13394020, 6.0400E+00, 1.3667E+00, 8.7333E+01,
17:19:56.13394025, 6.0400E+00, 1.2667E+00, 8.7733E+01,
17:19:56.13394030, 6.0267E+00, 1.3000E+00, 8.7733E+01,
17:19:56.13394035, 6.0000E+00, 1.3000E+00, 8.8000E+01,
17:19:56.13394040, 6.0133E+00, 1.3000E+00, 8.8267E+01,
17:19:56.13394045, 6.0267E+00, 1.3333E+00, 8.8267E+01,
17:19:56.13394050, 6.0267E+00, 1.2667E+00, 8.8267E+01,
17:19:56.13394055, 6.0400E+00, 1.3000E+00, 8.8667E+01,
17:19:56.13394060, 6.0667E+00, 1.3000E+00, 8.8800E+01,
17:19:56.13394065, 6.0267E+00, 1.3000E+00, 8.8933E+01,
17:19:56.13394070, 6.0667E+00, 1.3000E+00, 8.8800E+01,
17:19:56.13394075, 6.0533E+00, 1.3000E+00, 8.9467E+01,
17:19:56.13394080, 6.0267E+00, 1.3333E+00, 8.9200E+01,
17:19:56.13394085, 6.0267E+00, 1.3333E+00, 8.9600E+01,
17:19:56.13394090, 6.0133E+00, 1.2333E+00, 8.9600E+01,
17:19:56.13394095, 6.0400E+00, 1.3667E+00, 9.0000E+01,
17:19:56.13394100, 6.0267E+00, 1.3000E+00, 8.9867E+01,
17:19:56.13394105, 6.0267E+00, 1.2333E+00, 9.0000E+01,
17:19:56.13394110, 6.0800E+00, 1.3000E+00, 9.0533E+01,
17:19:56.13394115, 6.0400E+00, 1.3000E+00, 9.0533E+01,
17:19:56.13394120, 6.0267E+00, 1.3667E+00, 9.0533E+01,
17:19:56.13394125, 6.0267E+00, 1.2333E+00, 9.0400E+01,
17:19:56.13394130, 6.0267E+00, 1.3667E+00, 9.0533E+01,
17:19:56.13394135, 6.0267E+00, 1.4000E+00, 9.0667E+01,
17:19:56.13394140, 6.0000E+00, 1.3333E+00, 9.1200E+01,
17:19:56.13394145, 6.0267E+00, 1.3667E+00, 9.1067E+01,
17:19:56.13394150, 6.0400E+00, 1.3333E+00, 9.1600E+01,
17:19:56.13394155, 6.0533E+00, 1.3333E+00, 9.1467E+01,
17:19:56.13394160, 6.0267E+00, 1.2667E+00, 9.1600E+01,
17:19:56.13394165, 6.0400E+00, 1.4333E+00, 9.1733E+01,
17:19:56.13394170, 6.0400E+00, 1.3667E+00, 9.2267E+01,
17:19:56.13394175, 6.0133E+00, 1.4000E+00, 9.2133E+01,
17:19:56.13394180, 6.0133E+00, 1.3333E+00, 9.2133E+01,
17:19:56.13394185, 6.0400E+00, 1.3333E+00, 9.2400E+01,
17:19:56.13394190, 6.0400E+00, 1.3667E+00, 9.2400E+01,
17:19:56.13394195, 6.0667E+00, 1.3333E+00, 9.2667E+01,
17:19:56.13394200, 6.0400E+00, 1.4000E+00, 9.2800E+01,
17:19:56.13394205, 6.0533E+00, 1.4000E+00, 9.2800E+01,
17:19:56.13394210, 6.0533E+00, 1.4333E+00, 9.2933E+01,
17:19:56.13394215, 6.0133E+00, 1.4000E+00, 9.3067E+01,
17:19:56.13394220, 6.0267E+00, 1.4000E+00, 9.3467E+01,
17:19:56.13394225, 6.0133E+00, 1.4333E+00, 9.3333E+01,
17:19:56.13394230, 6.0133E+00, 1.4000E+00, 9.3200E+01,
17:19:56.13394235, 6.0400E+00, 1.5000E+00, 9.3867E+01,
17:19:56.13394240, 6.0267E+00, 1.5000E+00, 9.3867E+01,
17:19:56.13394245, 6.0267E+00, 1.3667E+00, 9.4133E+01,
17:19:56.13394250, 6.0533E+00, 1.3667E+00, 9.4267E+01,
17:19:56.13394255, 6.0400E+00, 1.4333E+00, 9.4400E+01,
17:19:56.13394260, 6.0400E+00, 1.4333E+00, 9.4533E+01,
17:19:56.13394265, 6.0533E+00, 1.4667E+00, 9.4933E+01,
17:19:56.13394270, 6.0667E+00, 1.4333E+00, 9.4667E+01,
17:19:56.13394275, 6.0133E+00, 1.4333E+00, 9.4933E+01,
17:19:56.13394280, 6.0000E+00, 1.4000E+00, 9.5200E+01,
17:19:56.13394285, 6.0667E+00, 1.4333E+00, 9.4667E+01,
17:19:56.13394290, 6.0533E+00, 1.4667E+00, 9.5067E+01,
17:19:56.13394295, 6.0933E+00, 1.4333E+00, 9.5467E+01,
17:19:56.13394300, 6.0533E+00, 1.4333E+00, 9.5333E+01,
17:19:56.13394305, 6.0667E+00, 1.4333E+00, 9.5333E+01,
17:19:56.13394310, 6.0267E+00, 1.4333E+00, 9.5867E+01,
17:19:56.13394315, 6.0533E+00, 1.4667E+00, 9.5867E+01,
17:19:56.13394320, 6.0133E+00, 1.4333E+00, 9.5600E+01,
17:19:56.13394325, 6.0267E+00, 1.5000E+00, 9.6000E+01,
17:19:56.13394330, 6.0400E+00, 1.4667E+00, 9.6267E+01,
17:19:56.13394335, 6.0267E+00, 1.5000E+00, 9.6133E+01,
17:19:56.13394340, 6.0267E+00, 1.4333E+00, 9.6267E+01,
17:19:56.13394345, 6.0267E+00, 1.5000E+00, 9.6933E+01,
17:19:56.13394350, 6.0133E+00, 1.5000E+00, 9.6667E+01,
17:19:56.13394355, 6.0400E+00, 1.5000E+00, 9.7067E+01,
17:19:56.13394360, 6.0400E+00, 1.5000E+00, 9.7067E+01,
17:19:56.13394365, 6.0133E+00, 1.5333E+00, 9.6933E+01,
17:19:56.13394370, 6.0133E+00, 1.5000E+00, 9.6933E+01,
17:19:56.13394375, 6.0000E+00, 1.4333E+00, 9.7333E+01,
17:19:56.13394380, 6.0400E+00, 1.5333E+00, 9.7200E+01,
17:19:56.13394385, 6.0400E+00, 1.5000E+00, 9.7333E+01,
17:19:56.13394390, 6.0267E+00, 1.5000E+00, 9.7467E+01,
17:19:56.13394395, 6.0667E+00, 1.5000E+00, 9.7867E+01,
17:19:56.13394400, 6.0533E+00, 1.5333E+00, 9.7867E+01,
17:19:56.13394405, 6.0667E+00, 1.5333E+00, 9.8133E+01,
17:19:56.13394410, 6.0267E+00, 1.5000E+00, 9.8133E+01,
17:19:56.13394415, 6.0667E+00, 1.5333E+00, 9.8400E+01,
17:19:56.13394420, 6.0133E+00, 1.5333E+00, 9.8400E+01,
17:19:56.13394425, 6.0400E+00, 1.5333E+00, 9.8400E+01,
17:19:56.13394430, 6.0533E+00, 1.5333E+00, 9.8667E+01,
17:19:56.13394435, 6.0533E+00, 1.5333E+00, 9.8667E+01,
17:19:56.13394440, 6.0533E+00, 1.5333E+00, 9.8933E+01,
17:19:56.13394445, 6.0533E+00, 1.5667E+00, 9.8933E+01,
17:19:56.13394450, 6.0533E+00, 1.5667E+00, 9.8933E+01,
17:19:56.13394455, 6.0400E+00, 1.5333E+00, 9.9200E+01,
17:19:56.13394460, 6.0667E+00, 1.5333E+00, 9.9333E+01,
17:19:56.13394465, 6.0000E+00, 1.5333E+00, 9.9333E+01,
17:19:56.13394470, 6.0400E+00, 1.5333E+00, 9.9600E+01,
17:19:56.13394475, 6.0400E+00, 1.5667E+00, 9.9333E+01,
17:19:56.13394480, 6.0400E+00, 1.5333E+00, 9.9733E+01,
17:19:56.13394485, 6.0267E+00, 1.5333E+00, 9.9733E+01,
17:19:56.13394490, 6.0400E+00, 1.6000E+00, 9.9733E+01,
17:19:56.13394495, 6.0533E+00, 1.6000E+00, 1.0027E+02,
17:19:56.13394500, 6.0533E+00, 1.6333E+00, 1.0027E+02,
17:19:56.13394505, 6.0267E+00, 1.6000E+00, 1.0027E+02,
17:19:56.13394510, 6.0133E+00, 1.5333E+00, 1.0027E+02,
17:19:56.13394515, 6.0667E+00, 1.5667E+00, 1.0067E+02,
17:19:56.13394520, 6.0533E+00, 1.6333E+00, 1.0053E+02,
17:19:56.13394525, 6.0267E+00, 1.5333E+00, 1.0053E+02,
17:19:56.13394530, 6.0533E+00, 1.5333E+00, 1.0067E+02,
17:19:56.13394535, 6.0400E+00, 1.5333E+00, 1.0093E+02,
17:19:56.13394540, 6.0667E+00, 1.6000E+00, 1.0107E+02,
17:19:56.13394545, 6.0533E+00, 1.5333E+00, 1.0107E+02,
17:19:56.13394550, 6.0133E+00, 1.6000E+00, 1.0107E+02,
17:19:56.13394555, 6.0267E+00, 1.6333E+00, 1.0147E+02,
17:19:56.13394560, 6.0267E+00, 1.6000E+00, 1.0120E+02,
17:19:56.13394565, 6.0267E+00, 1.5667E+00, 1.0133E+02,
17:19:56.13394570, 6.0400E+00, 1.5333E+00, 1.0160E+02,
17:19:56.13394575, 6.0400E+00, 1.6667E+00, 1.0147E+02,
17:19:56.13394580, 6.0400E+00, 1.5667E+00, 1.0173E+02,
17:19:56.13394585, 6.0667E+00, 1.5667E+00, 1.0173E+02,
17:19:56.13394590, 6.0400E+00, 1.6000E+00, 1.0173E+02,
17:19:56.13394595, 6.0000E+00, 1.6000E+00, 1.0200E+02,
17:19:56.13394600, 6.0533E+00, 1.6000E+00, 1.0213E+02,
17:19:56.13394605, 6.0267E+00, 1.6333E+00, 1.0227E+02,
17:19:56.13394610, 6.0267E+00, 1.6000E+00, 1.0213E+02,
17:19:56.13394615, 6.0000E+00, 1.6000E+00, 1.0227E+02,
17:19:56.13394620, 6.0400E+00, 1.6333E+00, 1.0227E+02,
17:19:56.13394625, 6.0400E+00, 1.6333E+00, 1.0253E+02,
17:19:56.13394630, 6.0267E+00, 1.6000E+00, 1.0240E+02,
17:19:56.13394635, 6.0667E+00, 1.6333E+00, 1.0253E+02,
17:19:56.13394640, 6.0400E+00, 1.6333E+00, 1.0280E+02,
17:19:56.13394645, 6.0533E+00, 1.6333E+00, 1.0293E+02,
17:19:56.13394650, 6.0267E+00, 1.6333E+00, 1.0307E+02,
17:19:56.13394655, 6.0133E+00, 1.6000E+00, 1.0293E+02,
17:19:56.13394660, 6.0400E+00, 1.6333E+00, 1.0307E+02,
17:19:56.13394665, 6.0400E+00, 1.6667E+00, 1.0293E+02,
17:19:56.13394670, 6.0667E+00, 1.6667E+00, 1.0333E+02,
17:19:56.13394675, 6.0667E+00, 1.6667E+00, 1.0360E+02,
17:19:56.13394680, 6.0667E+00, 1.6333E+00, 1.0347E+02,
17:19:56.13394685, 6.0533E+00, 1.7000E+00, 1.0333E+02,
17:19:56.13394690, 6.0267E+00, 1.6333E+00, 1.0347E+02,
17:19:56.13394695, 6.0533E+00, 1.7333E+00, 1.0400E+02,
17:19:56.13394700, 6.0400E+00, 1.7000E+00, 1.0387E+02,
17:19:56.13394705, 6.0267E+00, 1.7000E+00, 1.0373E+02,
17:19:56.13394710, 6.0533E+00, 1.6667E+00, 1.0413E+02,
17:19:56.13394715, 6.0533E+00, 1.7333E+00, 1.0373E+02,
17:19:56.13394720, 6.0533E+00, 1.7000E+00, 1.0440E+02,
17:19:56.13394725, 6.0400E+00, 1.7000E+00, 1.0413E+02,
17:19:56.13394730, 6.0400E+00, 1.6667E+00, 1.0413E+02,
17:19:56.13394735, 6.0400E+00, 1.6667E+00, 1.0453E+02,
17:19:56.13394740, 6.0400E+00, 1.7000E+00, 1.0480E+02,
17:19:56.13394745, 6.0400E+00, 1.7000E+00, 1.0493E+02,
17:19:56.13394750, 6.0133E+00, 1.7000E+00, 1.0467E+02,
17:19:56.13394755, 6.0267E+00, 1.7000E+00, 1.0480E+02,
17:19:56.13394760, 6.0400E+00, 1.7333E+00, 1.0467E+02,
17:19:56.13394765, 6.0667E+00, 1.6333E+00, 1.0480E+02,
17:19:56.13394770, 6.0533E+00, 1.7000E+00, 1.0480E+02,
17:19:56.13394775, 6.0533E+00, 1.6333E+00, 1.0507E+02,
17:19:56.13394780, 6.0267E+00, 1.7333E+00, 1.0520E+02,
17:19:56.13394785, 6.0667E+00, 1.7333E+00, 1.0520E+02,
17:19:56.13394790, 6.0400E+00, 1.7333E+00, 1.0507E+02,
17:19:56.13394795, 6.0267E+00, 1.7333E+00, 1.0547E+02,
17:19:56.13394800, 6.0133E+00, 1.7000E+00, 1.0547E+02,
17:19:56.13394805, 6.0267E+00, 1.7333E+00, 1.0560E+02,
17:19:56.13394810, 6.0667E+00, 1.8000E+00, 1.0520E+02,
17:19:56.13394815, 6.0133E+00, 1.6667E+00, 1.0560E+02,
17:19:56.13394820, 6.0267E+00, 1.7000E+00, 1.0587E+02,
17:19:56.13394825, 6.0400E+00, 1.7333E+00, 1.0587E+02,
17:19:56.13394830, 6.0667E+00, 1.7000E+00, 1.0587E+02,
17:19:56.13394835, 6.0667E+00, 1.7333E+00, 1.0613E+02,
17:19:56.13394840, 6.0400E+00, 1.7000E+00, 1.0613E+02,
17:19:56.13394845, 6.0267E+00, 1.7667E+00, 1.0627E+02,
17:19:56.13394850, 6.0400E+00, 1.7333E+00, 1.0613E+02,
17:19:56.13394855, 6.0133E+00, 1.7667E+00, 1.0613E+02,
17:19:56.13394860, 6.0400E+00, 1.7667E+00, 1.0613E+02,
17:19:56.13394865, 6.0267E+00, 1.7333E+00, 1.0627E+02,
17:19:56.13394870, 6.0267E+00, 1.8000E+00, 1.0640E+02,
17:19:56.13394875, 6.0267E+00, 1.8333E+00, 1.0640E+02,
17:19:56.13394880, 6.0267E+00, 1.8333E+00, 1.0640E+02,
17:19:56.13394885, 6.0400E+00, 1.7667E+00, 1.0653E+02,
17:19:56.13394890, 6.0000E+00, 1.8000E+00, 1.0693E+02,
17:19:56.13394895, 6.0400E+00, 1.8000E+00, 1.0707E+02,
17:19:56.13394900, 6.0400E+00, 1.8000E+00, 1.0680E+02,
17:19:56.13394905, 6.0533E+00, 1.7667E+00, 1.0720E+02,
17:19:56.13394910, 6.0533E+00, 1.8000E+00, 1.0693E+02,
17:19:56.13394915, 6.0533E+00, 1.8000E+00, 1.0733E+02,
17:19:56.13394920, 6.0533E+00, 1.8000E+00, 1.0733E+02,
17:19:56.13394925, 6.0533E+00, 1.8000E+00, 1.0747E+02,
17:19:56.13394930, 6.0667E+00, 1.8000E+00, 1.0720E+02,
17:19:56.13394935, 6.0267E+00, 1.8333E+00, 1.0760E+02,
17:19:56.13394940, 6.0000E+00, 1.8000E+00, 1.0760E+02,
17:19:56.13394945, 6.0267E+00, 1.7000E+00, 1.0747E+02,
17:19:56.13394950, 6.0267E+00, 1.7667E+00, 1.0747E+02,
17:19:56.13394955, 6.0533E+00, 1.8333E+00, 1.0760E+02,
17:19:56.13394960, 6.0667E+00, 1.8333E+00, 1.0773E+02,
17:19:56.13394965, 6.0667E+00, 1.9000E+00, 1.0787E+02,
17:19:56.13394970, 6.0800E+00, 1.7333E+00, 1.0813E+02,
17:19:56.13394975, 6.0400E+00, 1.8667E+00, 1.0800E+02,
17:19:56.13394980, 6.0667E+00, 1.8333E+00, 1.0800E+02,
17:19:56.13394985, 6.0400E+00, 1.8000E+00, 1.0840E+02,
17:19:56.13394990, 6.0400E+00, 1.7667E+00, 1.0813E+02,
17:19:56.13394995, 6.0533E+00, 1.8000E+00, 1.0787E+02,
17:19:56.13395000, 6.0133E+00, 1.8333E+00, 1.0813E+02,
17:19:56.13395005, 6.0400E+00, 1.8000E+00, 1.0813E+02,
17:19:56.13395010, 6.0133E+00, 1.8000E+00, 1.0840E+02,
17:19:56.13395015, 6.0533E+00, 1.8667E+00, 1.0813E+02,
17:19:56.13395020, 6.0533E+00, 1.8333E+00, 1.0827E+02,
17:19:56.13395025, 6.0667E+00, 1.8667E+00, 1.0880E+02,
17:19:56.13395030, 6.0533E+00, 1.8667E+00, 1.0880E+02,
17:19:56.13395035, 6.0133E+00, 1.8333E+00, 1.0867E+02,
17:19:56.13395040, 6.0267E+00, 1.8667E+00, 1.0867E+02,
17:19:56.13395045, 6.0400E+00, 1.8667E+00, 1.0907E+02,
17:19:56.13395050, 6.0400E+00, 1.8333E+00, 1.0867E+02,
17:19:56.13395055, 6.0533E+00, 1.8667E+00, 1.0880E+02,
17:19:56.13395060, 6.0400E+00, 1.8333E+00, 1.0893E+02,
17:19:56.13395065, 6.0267E+00, 1.8667E+00, 1.0907E+02,
17:19:56.13395070, 6.0267E+00, 1.8667E+00, 1.0920E+02,
17:19:56.13395075, 6.0267E+00, 1.8667E+00, 1.0920E+02,
17:19:56.13395080, 6.0533E+00, 1.8667E+00, 1.0933E+02,
17:19:56.13395085, 6.0400E+00, 1.8333E+00, 1.0933E+02,
17:19:56.13395090, 6.0133E+00, 1.8333E+00, 1.0920E+02,
17:19:56.13395095, 6.0133E+00, 1.8667E+00, 1.0960E+02,
17:19:56.13395100, 6.0400E+00, 1.8667E+00, 1.0947E+02,
17:19:56.13395105, 6.0400E+00, 1.8667E+00, 1.0973E+02,
17:19:56.13395110, 6.0667E+00, 1.8667E+00, 1.0947E+02,
17:19:56.13395115, 6.0533E+00, 1.8667E+00, 1.0947E+02,
17:19:56.13395120, 6.0400E+00, 1.8667E+00, 1.0947E+02,
17:19:56.13395125, 6.0667E+00, 1.9333E+00, 1.1013E+02,
17:19:56.13395130, 6.0400E+00, 1.9000E+00, 1.0973E+02,
17:19:56.13395135, 6.0400E+00, 1.8667E+00, 1.1000E+02,
17:19:56.13395140, 6.0133E+00, 1.8000E+00, 1.1000E+02,
17:19:56.13395145, 6.0800E+00, 1.8667E+00, 1.1000E+02,
17:19:56.13395150, 6.0267E+00, 1.8667E+00, 1.0973E+02,
17:19:56.13395155, 6.0533E+00, 1.9000E+00, 1.1000E+02,
17:19:56.13395160, 6.0400E+00, 1.9000E+00, 1.1000E+02,
17:19:56.13395165, 6.0533E+00, 1.8667E+00, 1.1027E+02,
17:19:56.13395170, 6.0533E+00, 1.8333E+00, 1.1027E+02,
17:19:56.13395175, 6.0133E+00, 1.8667E+00, 1.1027E+02,
17:19:56.13395180, 6.0400E+00, 1.9000E+00, 1.1027E+02,
17:19:56.13395185, 6.0533E+00, 1.9000E+00, 1.1040E+02,
17:19:56.13395190, 6.0267E+00, 1.8667E+00, 1.1040E+02,
17:19:56.13395195, 6.0267E+00, 1.9333E+00, 1.1040E+02,
17:19:56.13395200, 6.0400E+00, 1.9000E+00, 1.1053E+02,
17:19:56.13395205, 6.0400E+00, 1.8667E+00, 1.1053E+02,
17:19:56.13395210, 6.0533E+00, 1.8667E+00, 1.1053E+02,
17:19:56.13395215, 6.0267E+00, 1.9000E+00, 1.1053E+02,
17:19:56.13395220, 6.0400E+00, 1.8667E+00, 1.1080E+02,
17:19:56.13395225, 6.0533E+00, 1.8667E+00, 1.1107E+02,
17:19:56.13395230, 6.0400E+00, 1.8667E+00, 1.1067E+02,
17:19:56.13395235, 6.0000E+00, 1.9000E+00, 1.1093E+02,
17:19:56.13395240, 6.0667E+00, 1.8667E+00, 1.1093E+02,
17:19:56.13395245, 6.0400E+00, 1.9000E+00, 1.1080E+02,
17:19:56.13395250, 6.0533E+00, 1.9667E+00, 1.1093E+02,
17:19:56.13395255, 6.0533E+00, 1.9000E+00, 1.1107E+02,
17:19:56.13395260, 6.0533E+00, 1.9667E+00, 1.1080E+02,
17:19:56.13395265, 6.0533E+00, 1.9667E+00, 1.1107E+02,
17:19:56.13395270, 6.0267E+00, 1.8667E+00, 1.1107E+02,
17:19:56.13395275, 6.0667E+00, 1.9333E+00, 1.1107E+02,
17:19:56.13395280, 6.0400E+00, 1.9333E+00, 1.1093E+02,
17:19:56.13395285, 6.0267E+00, 1.9333E+00, 1.1120E+02,
17:19:56.13395290, 6.0533E+00, 1.9000E+00, 1.1160E+02,
17:19:56.13395295, 6.0933E+00, 1.9333E+00, 1.1120E+02,
17:19:56.13395300, 6.0533E+00, 1.9667E+00, 1.1107E+02,
17:19:56.13395305, 6.0667E+00, 1.9667E+00, 1.1160E+02,
17:19:56.13395310, 6.0267E+00, 1.9667E+00, 1.1160E+02,
17:19:56.13395315, 6.0400E+00, 2.0000E+00, 1.1160E+02,
17:19:56.13395320, 6.0400E+00, 1.9000E+00, 1.1160E+02,
17:19:56.13395325, 6.0267E+00, 1.9333E+00, 1.1160E+02,
17:19:56.13395330, 6.0133E+00, 1.9333E+00, 1.1160E+02,
17:19:56.13395335, 6.0400E+00, 1.9333E+00, 1.1173E+02,
17:19:56.13395340, 6.0533E+00, 1.8667E+00, 1.1160E+02,
17:19:56.13395345, 6.0267E+00, 2.0000E+00, 1.1160E+02,
17:19:56.13395350, 6.0533E+00, 1.9333E+00, 1.1160E+02,
17:19:56.13395355, 6.0667E+00, 1.9667E+00, 1.1187E+02,
17:19:56.13395360, 6.0800E+00, 1.9333E+00, 1.1147E+02,
17:19:56.13395365, 6.0533E+00, 1.9333E+00, 1.1187E+02,
17:19:56.13395370, 6.0267E+00, 1.9000E+00, 1.1187E+02,
17:19:56.13395375, 6.0133E+00, 1.9667E+00, 1.1213E+02,
17:19:56.13395380, 6.0267E+00, 2.0000E+00, 1.1200E+02,
17:19:56.13395385, 6.0533E+00, 2.0000E+00, 1.1187E+02,
17:19:56.13395390, 6.0400E+00, 1.9667E+00, 1.1227E+02,
17:19:56.13395395, 6.0667E+00, 1.9000E+00, 1.1187E+02,
17:19:56.13395400, 6.0800E+00, 1.9333E+00, 1.1200E+02,
17:19:56.13395405, 6.0400E+00, 1.9667E+00, 1.1227E+02,
17:19:56.13395410, 6.0400E+00, 2.0000E+00, 1.1227E+02,
17:19:56.13395415, 6.0533E+00, 1.9333E+00, 1.1200E+02,
17:19:56.13395420, 6.0133E+00, 1.9667E+00, 1.1227E+02,
17:19:56.13395425, 6.0400E+00, 1.9333E+00, 1.1253E+02,
17:19:56.13395430, 6.0533E+00, 2.0333E+00, 1.1240E+02,
17:19:56.13395435, 6.0533E+00, 1.9667E+00, 1.1280E+02,
17:19:56.13395440, 6.0533E+00, 2.0333E+00, 1.1213E+02,
17:19:56.13395445, 6.0533E+00, 1.9000E+00, 1.1253E+02,
17:19:56.13395450, 6.0400E+00, 1.9667E+00, 1.1253E+02,
17:19:56.13395455, 6.0400E+00, 1.9333E+00, 1.1280E+02,
17:19:56.13395460, 6.0267E+00, 2.0333E+00, 1.1280E+02,
17:19:56.13395465, 6.0667E+00, 1.9333E+00, 1.1280E+02,
17:19:56.13395470, 6.0267E+00, 1.9333E+00, 1.1280E+02,
17:19:56.13395475, 6.0267E+00, 2.0000E+00, 1.1267E+02,
17:19:56.13395480, 6.0400E+00, 2.0000E+00, 1.1267E+02,
17:19:56.13395485, 6.0400E+00, 1.9667E+00, 1.1280E+02,
17:19:56.13395490, 6.0400E+00, 1.9667E+00, 1.1293E+02,
17:19:56.13395495, 6.0800E+00, 2.0000E+00, 1.1293E+02,
17:19:56.13395500, 6.0667E+00, 1.9333E+00, 1.1280E+02,
17:19:56.13395505, 6.0533E+00, 2.0000E+00, 1.1307E+02,
17:19:56.13395510, 6.0267E+00, 1.9667E+00, 1.1293E+02,
17:19:56.13395515, 6.0533E+00, 2.0000E+00, 1.1293E+02,
17:19:56.13395520, 6.0400E+00, 1.9667E+00, 1.1280E+02,
17:19:56.13395525, 6.0400E+00, 1.9667E+00, 1.1293E+02,
17:19:56.13395530, 6.0533E+00, 2.0000E+00, 1.1307E+02,
17:19:56.13395535, 6.0533E+00, 2.0333E+00, 1.1293E+02,
17:19:56.13395540, 6.0667E+00, 2.0333E+00, 1.1307E+02,
17:19:56.13395545, 6.0533E+00, 2.0000E+00, 1.1307E+02,
17:19:56.13395550, 6.0267E+00, 2.0333E+00, 1.1307E+02,
17:19:56.13395555, 6.0533E+00, 2.0000E+00, 1.1320E+02,
17:19:56.13395560, 6.0400E+00, 1.9333E+00, 1.1293E+02,
17:19:56.13395565, 6.0533E+00, 2.0333E+00, 1.1320E+02,
17:19:56.13395570, 6.0133E+00, 2.0667E+00, 1.1307E+02,
17:19:56.13395575, 6.0667E+00, 2.0000E+00, 1.1333E+02,
17:19:56.13395580, 6.0533E+00, 2.0000E+00, 1.1360E+02,
17:19:56.13395585, 6.0400E+00, 2.1000E+00, 1.1333E+02,
17:19:56.13395590, 6.0533E+00, 2.0000E+00, 1.1347E+02,
17:19:56.13395595, 6.0533E+00, 2.0333E+00, 1.1307E+02,
17:19:56.13395600, 6.0533E+00, 2.0333E+00, 1.1347E+02,
17:19:56.13395605, 6.0267E+00, 2.0667E+00, 1.1373E+02,
17:19:56.13395610, 6.0400E+00, 2.0000E+00, 1.1347E+02,
17:19:56.13395615, 6.0267E+00, 2.0333E+00, 1.1360E+02,
17:19:56.13395620, 6.0667E+00, 2.0000E+00, 1.1347E+02,
17:19:56.13395625, 6.0267E+00, 2.0333E+00, 1.1373E+02,
17:19:56.13395630, 6.0533E+00, 2.0000E+00, 1.1373E+02,
17:19:56.13395635, 6.0267E+00, 2.0667E+00, 1.1373E+02,
17:19:56.13395640, 6.0533E+00, 2.0333E+00, 1.1373E+02,
17:19:56.13395645, 6.0533E+00, 2.0000E+00, 1.1387E+02,
17:19:56.13395650, 6.0533E+00, 2.0667E+00, 1.1373E+02,
17:19:56.13395655, 6.0400E+00, 2.0000E+00, 1.1387E+02,
17:19:56.13395660, 6.0267E+00, 2.0333E+00, 1.1400E+02,
17:19:56.13395665, 6.0267E+00, 2.0667E+00, 1.1400E+02,
17:19:56.13395670, 6.0533E+00, 2.0333E+00, 1.1387E+02,
17:19:56.13395675, 6.0533E+00, 2.0667E+00, 1.1400E+02,
17:19:56.13395680, 6.0667E+00, 2.0333E+00, 1.1400E+02,
17:19:56.13395685, 6.0267E+00, 2.1333E+00, 1.1400E+02,
17:19:56.13395690, 6.0533E+00, 2.0000E+00, 1.1373E+02,
17:19:56.13395695, 6.0800E+00, 2.0667E+00, 1.1387E+02,
17:19:56.13395700, 6.0667E+00, 2.0000E+00, 1.1400E+02,
17:19:56.13395705, 6.0667E+00, 2.0667E+00, 1.1427E+02,
17:19:56.13395710, 6.0133E+00, 2.1000E+00, 1.1413E+02,
17:19:56.13395715, 6.0267E+00, 2.0667E+00, 1.1400E+02,
17:19:56.13395720, 6.0267E+00, 2.0333E+00, 1.1427E+02,
17:19:56.13395725, 6.0400E+00, 2.1333E+00, 1.1427E+02,
17:19:56.13395730, 6.0400E+00, 2.0333E+00, 1.1427E+02,
17:19:56.13395735, 6.0533E+00, 2.0333E+00, 1.1427E+02,
17:19:56.13395740, 6.0533E+00, 2.1000E+00, 1.1413E+02,
17:19:56.13395745, 6.0400E+00, 2.1333E+00, 1.1427E+02,
17:19:56.13395750, 6.0533E+00, 2.0667E+00, 1.1400E+02,
17:19:56.13395755, 6.0400E+00, 2.0333E+00, 1.1427E+02,
17:19:56.13395760, 6.0133E+00, 2.0333E+00, 1.1427E+02,
17:19:56.13395765, 6.0267E+00, 2.0000E+00, 1.1453E+02,
17:19:56.13395770, 6.0267E+00, 2.0333E+00, 1.1427E+02,
17:19:56.13395775, 6.0533E+00, 2.1333E+00, 1.1427E+02,
17:19:56.13395780, 6.0533E+00, 2.1333E+00, 1.1427E+02,
17:19:56.13395785, 6.0667E+00, 2.0667E+00, 1.1427E+02,
17:19:56.13395790, 6.0400E+00, 2.1333E+00, 1.1427E+02,
17:19:56.13395795, 6.0533E+00, 2.0000E+00, 1.1440E+02,
17:19:56.13395800, 6.0667E+00, 2.0667E+00, 1.1467E+02,
17:19:56.13395805, 6.0533E+00, 2.1333E+00, 1.1453E+02,
17:19:56.13395810, 6.0267E+00, 2.1000E+00, 1.1427E+02,
17:19:56.13395815, 6.0400E+00, 2.0667E+00, 1.1467E+02,
17:19:56.13395820, 6.0533E+00, 2.1000E+00, 1.1467E+02,
17:19:56.13395825, 6.0267E+00, 2.1333E+00, 1.1453E+02,
17:19:56.13395830, 6.0800E+00, 2.0333E+00, 1.1453E+02,
17:19:56.13395835, 6.0667E+00, 2.0667E+00, 1.1440E+02,
17:19:56.13395840, 6.0533E+00, 2.1000E+00, 1.1440E+02,
17:19:56.13395845, 6.0400E+00, 2.0667E+00, 1.1453E+02,
17:19:56.13395850, 6.0400E+00, 2.0667E+00, 1.1453E+02,
17:19:56.13395855, 6.0133E+00, 2.1000E+00, 1.1480E+02,
17:19:56.13395860, 6.0267E+00, 2.0333E+00, 1.1427E+02,
17:19:56.13395865, 6.0400E+00, 2.1000E+00, 1.1467E+02,
17:19:56.13395870, 6.0400E+00, 2.1333E+00, 1.1493E+02,
17:19:56.13395875, 6.0667E+00, 2.0667E+00, 1.1493E+02,
17:19:56.13395880, 6.0400E+00, 2.1667E+00, 1.1453E+02,
17:19:56.13395885, 6.0533E+00, 2.1667E+00, 1.1493E+02,
17:19:56.13395890, 6.0267E+00, 2.0667E+00, 1.1493E+02,
17:19:56.13395895, 6.0533E+00, 2.0667E+00, 1.1480E+02,
17:19:56.13395900, 6.0267E+00, 2.1333E+00, 1.1507E+02,
17:19:56.13395905, 6.0400E+00, 2.1667E+00, 1.1467E+02,
17:19:56.13395910, 6.0400E+00, 2.1333E+00, 1.1493E+02,
17:19:56.13395915, 6.0267E+00, 2.1333E+00, 1.1493E+02,
17:19:56.13395920, 6.0267E+00, 2.1333E+00, 1.1493E+02,
17:19:56.13395925, 6.0400E+00, 2.1667E+00, 1.1493E+02,
17:19:56.13395930, 6.0800E+00, 2.1000E+00, 1.1493E+02,
17:19:56.13395935, 6.0667E+00, 2.1000E+00, 1.1493E+02,
17:19:56.13395940, 6.0667E+00, 2.1667E+00, 1.1507E+02,
17:19:56.13395945, 6.0400E+00, 2.1333E+00, 1.1520E+02,
17:19:56.13395950, 6.0267E+00, 2.1667E+00, 1.1507E+02,
17:19:56.13395955, 6.0400E+00, 2.0667E+00, 1.1493E+02,
17:19:56.13395960, 6.0533E+00, 2.1333E+00, 1.1507E+02,
17:19:56.13395965, 6.0667E+00, 2.1333E+00, 1.1493E+02,
17:19:56.13395970, 6.0667E+00, 2.1333E+00, 1.1533E+02,
17:19:56.13395975, 6.0400E+00, 2.1000E+00, 1.1507E+02,
17:19:56.13395980, 6.0267E+00, 2.1000E+00, 1.1493E+02,
17:19:56.13395985, 6.0800E+00, 2.1000E+00, 1.1520E+02,
17:19:56.13395990, 6.0267E+00, 2.0667E+00, 1.1520E+02,
17:19:56.13395995, 6.0533E+00, 2.1667E+00, 1.1467E+02,
17:19:56.13396000, 6.0267E+00, 2.2000E+00, 1.1493E+02,
17:19:56.13396005, 6.0133E+00, 2.1333E+00, 1.1507E+02,
17:19:56.13396010, 6.0800E+00, 2.1333E+00, 1.1507E+02,
17:19:56.13396015, 6.0267E+00, 2.0667E+00, 1.1520E+02,
17:19:56.13396020, 6.0667E+00, 2.0667E+00, 1.1547E+02,
17:19:56.13396025, 6.0533E+00, 2.1333E+00, 1.1520E+02,
17:19:56.13396030, 6.0133E+00, 2.1333E+00, 1.1507E+02,
17:19:56.13396035, 6.0267E+00, 2.1333E+00, 1.1507E+02,
17:19:56.13396040, 6.0533E+00, 2.1333E+00, 1.1533E+02,
17:19:56.13396045, 6.0267E+00, 2.1333E+00, 1.1520E+02,
17:19:56.13396050, 6.0267E+00, 2.1667E+00, 1.1520E+02,
17:19:56.13396055, 6.0267E+00, 2.1000E+00, 1.1533E+02,
17:19:56.13396060, 6.0400E+00, 2.1667E+00, 1.1547E+02,
17:19:56.13396065, 6.0800E+00, 2.1667E+00, 1.1520E+02,
17:19:56.13396070, 6.0667E+00, 2.1333E+00, 1.1533E+02,
17:19:56.13396075, 6.0667E+00, 2.2000E+00, 1.1520E+02,
17:19:56.13396080, 6.0800E+00, 2.0667E+00, 1.1533E+02,
17:19:56.13396085, 6.0533E+00, 2.2000E+00, 1.1533E+02,
17:19:56.13396090, 6.0400E+00, 2.1333E+00, 1.1547E+02,
17:19:56.13396095, 6.0133E+00, 2.1667E+00, 1.1533E+02,
17:19:56.13396100, 6.0400E+00, 2.1667E+00, 1.1507E+02,
17:19:56.13396105, 6.0400E+00, 2.1000E+00, 1.1547E+02,
17:19:56.13396110, 6.0800E+00, 2.2333E+00, 1.1560E+02,
17:19:56.13396115, 6.0533E+00, 2.0667E+00, 1.1560E+02,
17:19:56.13396120, 6.0400E+00, 2.1667E+00, 1.1533E+02,
17:19:56.13396125, 6.0533E+00, 2.1000E+00, 1.1547E+02,
17:19:56.13396130, 6.0533E+00, 2.1667E+00, 1.1533E+02,
17:19:56.13396135, 6.0533E+00, 2.2000E+00, 1.1520E+02,
17:19:56.13396140, 6.0400E+00, 2.1667E+00, 1.1547E+02,
17:19:56.13396145, 6.0533E+00, 2.1667E+00, 1.1533E+02,
17:19:56.13396150, 6.0533E+00, 2.2000E+00, 1.1547E+02,
17:19:56.13396155, 6.0800E+00, 2.2000E+00, 1.1547E+02,
17:19:56.13396160, 6.0400E+00, 2.2000E+00, 1.1547E+02,
17:19:56.13396165, 6.0267E+00, 2.1667E+00, 1.1573E+02,
17:19:56.13396170, 6.0400E+00, 2.1333E+00, 1.1533E+02,
17:19:56.13396175, 6.0533E+00, 2.2000E+00, 1.1547E+02,
17:19:56.13396180, 6.0267E+00, 2.0667E+00, 1.1533E+02,
17:19:56.13396185, 6.0267E+00, 2.2000E+00, 1.1533E+02,
17:19:56.13396190, 6.0267E+00, 2.1333E+00, 1.1560E+02,
17:19:56.13396195, 6.0533E+00, 2.1333E+00, 1.1520E+02,
17:19:56.13396200, 6.0400E+00, 2.1667E+00, 1.1520E+02,
17:19:56.13396205, 6.0933E+00, 2.1333E+00, 1.1573E+02,
17:19:56.13396210, 6.0800E+00, 2.2000E+00, 1.1547E+02,
17:19:56.13396215, 6.0667E+00, 2.2000E+00, 1.1560E+02,
17:19:56.13396220, 6.0533E+00, 2.1667E+00, 1.1533E+02,
17:19:56.13396225, 6.0533E+00, 2.2333E+00, 1.1573E+02,
17:19:56.13396230, 6.0667E+00, 2.1000E+00, 1.1547E+02,
17:19:56.13396235, 6.0267E+00, 2.2000E+00, 1.1533E+02,
17:19:56.13396240, 6.0267E+00, 2.1000E+00, 1.1560E+02,
17:19:56.13396245, 6.0267E+00, 2.1667E+00, 1.1560E+02,
17:19:56.13396250, 6.0667E+00, 2.1667E+00, 1.1573E+02,
17:19:56.13396255, 6.0667E+00, 2.1333E+00, 1.1573E+02,
17:19:56.13396260, 6.0667E+00, 2.1667E+00, 1.1547E+02,
17:19:56.13396265, 6.0800E+00, 2.1667E+00, 1.1573E+02,
17:19:56.13396270, 6.0533E+00, 2.2000E+00, 1.1560E+02,
17:19:56.13396275, 6.0533E+00, 2.1000E+00, 1.1560E+02,
17:19:56.13396280, 6.0133E+00, 2.1667E+00, 1.1573E+02,
17:19:56.13396285, 6.0267E+00, 2.1333E+00, 1.1547E+02,
17:19:56.13396290, 6.0400E+00, 2.1333E+00, 1.1547E+02,
17:19:56.13396295, 6.0533E+00, 2.2000E+00, 1.1533E+02,
17:19:56.13396300, 6.0400E+00, 2.2333E+00, 1.1560E+02,
17:19:56.13396305, 6.0667E+00, 2.1667E+00, 1.1573E+02,
17:19:56.13396310, 6.0800E+00, 2.2000E+00, 1.1573E+02,
17:19:56.13396315, 6.0667E+00, 2.1667E+00, 1.1573E+02,
17:19:56.13396320, 6.0667E+00, 2.1667E+00, 1.1573E+02,
17:19:56.13396325, 6.0533E+00, 2.2333E+00, 1.1560E+02,
17:19:56.13396330, 6.0400E+00, 2.1667E+00, 1.1587E+02,
17:19:56.13396335, 6.0533E+00, 2.2000E+00, 1.1560E+02,
17:19:56.13396340, 6.0133E+00, 2.1333E+00, 1.1587E+02,
17:19:56.13396345, 6.0533E+00, 2.1667E+00, 1.1547E+02,
17:19:56.13396350, 6.0667E+00, 2.2000E+00, 1.1587E+02,
17:19:56.13396355, 6.0400E+00, 2.1333E+00, 1.1573E+02,
17:19:56.13396360, 6.0667E+00, 2.2333E+00, 1.1573E+02,
17:19:56.13396365, 6.0667E+00, 2.1667E+00, 1.1587E+02,
17:19:56.13396370, 6.0667E+00, 2.1333E+00, 1.1560E+02,
17:19:56.13396375, 6.0267E+00, 2.2333E+00, 1.1560E+02,
17:19:56.13396380, 6.0133E+00, 2.2000E+00, 1.1587E+02,
17:19:56.13396385, 6.0267E+00, 2.1667E+00, 1.1560E+02,
17:19:56.13396390, 6.0533E+00, 2.2333E+00, 1.1547E+02,
17:19:56.13396395, 6.0667E+00, 2.2333E+00, 1.1573E+02,
17:19:56.13396400, 6.0533E+00, 2.2333E+00, 1.1573E+02,
17:19:56.13396405, 6.0667E+00, 2.1667E+00, 1.1573E+02,
17:19:56.13396410, 6.0533E+00, 2.2333E+00, 1.1573E+02,
17:19:56.13396415, 6.0667E+00, 2.2333E+00, 1.1547E+02,
17:19:56.13396420, 6.0800E+00, 2.2333E+00, 1.1560E+02,
17:19:56.13396425, 6.0267E+00, 2.2333E+00, 1.1573E+02,
17:19:56.13396430, 6.0400E+00, 2.2333E+00, 1.1573E+02,
17:19:56.13396435, 6.0667E+00, 2.2000E+00, 1.1573E+02,
17:19:56.13396440, 6.0533E+00, 2.2333E+00, 1.1573E+02,
17:19:56.13396445, 6.0533E+00, 2.2000E+00, 1.1573E+02,
17:19:56.13396450, 6.0800E+00, 2.2333E+00, 1.1573E+02,
17:19:56.13396455, 6.0400E+00, 2.1667E+00, 1.1587E+02,
17:19:56.13396460, 6.0267E+00, 2.2333E+00, 1.1573E+02,
17:19:56.13396465, 6.0667E+00, 2.2333E+00, 1.1573E+02,
17:19:56.13396470, 6.0133E+00, 2.2333E+00, 1.1573E+02,
17:19:56.13396475, 6.0400E+00, 2.2333E+00, 1.1560E+02,
17:19:56.13396480, 6.0400E+00, 2.2000E+00, 1.1587E+02,
17:19:56.13396485, 6.0133E+00, 2.2333E+00, 1.1560E+02,
17:19:56.13396490, 6.0533E+00, 2.2000E+00, 1.1573E+02,
17:19:56.13396495, 6.0533E+00, 2.1667E+00, 1.1573E+02,
17:19:56.13396500, 6.0533E+00, 2.1667E+00, 1.1573E+02,
17:19:56.13396505, 6.0533E+00, 2.2000E+00, 1.1573E+02,
17:19:56.13396510, 6.0667E+00, 2.2000E+00, 1.1573E+02,
17:19:56.13396515, 6.0400E+00, 2.2000E+00, 1.1573E+02,
17:19:56.13396520, 6.0267E+00, 2.2333E+00, 1.1573E+02,
17:19:56.13396525, 6.0533E+00, 2.2333E+00, 1.1560E+02,
17:19:56.13396530, 6.0400E+00, 2.2333E+00, 1.1547E+02,
17:19:56.13396535, 6.0667E+00, 2.2000E+00, 1.1573E+02,
17:19:56.13396540, 6.0533E+00, 2.1667E+00, 1.1573E+02,
17:19:56.13396545, 6.0533E+00, 2.2333E+00, 1.1573E+02,
17:19:56.13396550, 6.0800E+00, 2.2000E+00, 1.1600E+02,
17:19:56.13396555, 6.0400E+00, 2.2333E+00, 1.1600E+02,
17:19:56.13396560, 6.0400E+00, 2.2333E+00, 1.1573E+02,
17:19:56.13396565, 6.0533E+00, 2.2333E+00, 1.1573E+02,
17:19:56.13396570, 6.0400E+00, 2.2333E+00, 1.1573E+02,
17:19:56.13396575, 6.0400E+00, 2.2333E+00, 1.1573E+02,
17:19:56.13396580, 6.0533E+00, 2.2333E+00, 1.1560E+02,
17:19:56.13396585, 6.0400E+00, 2.2333E+00, 1.1587E+02,
17:19:56.13396590, 6.0667E+00, 2.2000E+00, 1.1573E+02,
17:19:56.13396595, 6.0533E+00, 2.1667E+00, 1.1573E+02,
17:19:56.13396600, 6.0667E+00, 2.2333E+00, 1.1587E+02,
17:19:56.13396605, 6.0533E+00, 2.2333E+00, 1.1573E+02,
17:19:56.13396610, 6.0533E+00, 2.2333E+00, 1.1587E+02,
17:19:56.13396615, 6.0533E+00, 2.1667E+00, 1.1573E+02,
17:19:56.13396620, 6.0000E+00, 2.2333E+00, 1.1587E+02,
17:19:56.13396625, 6.0400E+00, 2.2667E+00, 1.1573E+02,
17:19:56.13396630, 6.0400E+00, 2.2333E+00, 1.1573E+02,
17:19:56.13396635, 6.0533E+00, 2.2333E+00, 1.1587E+02,
17:19:56.13396640, 6.0400E+00, 2.1667E+00, 1.1587E+02,
17:19:56.13396645, 6.0533E+00, 2.2333E+00, 1.1573E+02,
17:19:56.13396650, 6.0667E+00, 2.2000E+00, 1.1587E+02,
17:19:56.13396655, 6.0533E+00, 2.2333E+00, 1.1573E+02,
17:19:56.13396660, 6.0533E+00, 2.2000E+00, 1.1547E+02,
17:19:56.13396665, 6.0400E+00, 2.2333E+00, 1.1573E+02,
17:19:56.13396670, 6.0400E+00, 2.2333E+00, 1.1547E+02,
17:19:56.13396675, 6.0133E+00, 2.2000E+00, 1.1613E+02,
17:19:56.13396680, 6.0400E+00, 2.1667E+00, 1.1600E+02,
17:19:56.13396685, 6.0400E+00, 2.1667E+00, 1.1573E+02,
17:19:56.13396690, 6.0667E+00, 2.2000E+00, 1.1560E+02,
17:19:56.13396695, 6.0400E+00, 2.2000E+00, 1.1573E+02,
17:19:56.13396700, 6.0533E+00, 2.2333E+00, 1.1547E+02,
17:19:56.13396705, 6.0267E+00, 2.2667E+00, 1.1587E+02,
17:19:56.13396710, 6.0533E+00, 2.2333E+00, 1.1573E+02,
17:19:56.13396715, 6.0267E+00, 2.2667E+00, 1.1573E+02,
17:19:56.13396720, 6.0267E+00, 2.2667E+00, 1.1533E+02,
17:19:56.13396725, 6.0400E+00, 2.2333E+00, 1.1573E+02,
17:19:56.13396730, 6.0400E+00, 2.2333E+00, 1.1560E+02,
17:19:56.13396735, 6.0400E+00, 2.2667E+00, 1.1573E+02,
17:19:56.13396740, 6.0267E+00, 2.2000E+00, 1.1573E+02,
17:19:56.13396745, 6.0933E+00, 2.1667E+00, 1.1573E+02,
17:19:56.13396750, 6.0667E+00, 2.2333E+00, 1.1573E+02,
17:19:56.13396755, 6.0400E+00, 2.2000E+00, 1.1573E+02,
17:19:56.13396760, 6.0667E+00, 2.2667E+00, 1.1573E+02,
17:19:56.13396765, 6.0267E+00, 2.2333E+00, 1.1600E+02,
17:19:56.13396770, 6.0133E+00, 2.2333E+00, 1.1573E+02,
17:19:56.13396775, 6.0533E+00, 2.2667E+00, 1.1587E+02,
17:19:56.13396780, 6.0800E+00, 2.2333E+00, 1.1573E+02,
17:19:56.13396785, 6.0533E+00, 2.2667E+00, 1.1573E+02,
17:19:56.13396790, 6.0533E+00, 2.2667E+00, 1.1573E+02,
17:19:56.13396795, 6.0667E+00, 2.2333E+00, 1.1600E+02,
17:19:56.13396800, 6.0533E+00, 2.3000E+00, 1.1560E+02,
17:19:56.13396805, 6.0267E+00, 2.2333E+00, 1.1573E+02,
17:19:56.13396810, 6.0400E+00, 2.2333E+00, 1.1573E+02,
17:19:56.13396815, 6.0267E+00, 2.2333E+00, 1.1573E+02,
17:19:56.13396820, 6.0133E+00, 2.1667E+00, 1.1560E+02,
17:19:56.13396825, 6.0667E+00, 2.2333E+00, 1.1587E+02,
17:19:56.13396830, 6.0533E+00, 2.2333E+00, 1.1573E+02,
17:19:56.13396835, 6.0667E+00, 2.2333E+00, 1.1587E+02,
17:19:56.13396840, 6.0933E+00, 2.2333E+00, 1.1600E+02,
17:19:56.13396845, 6.0400E+00, 2.2333E+00, 1.1573E+02,
17:19:56.13396850, 6.0667E+00, 2.2333E+00, 1.1560E+02,
17:19:56.13396855, 6.0400E+00, 2.2333E+00, 1.1560E+02,
17:19:56.13396860, 6.0267E+00, 2.2333E+00, 1.1587E+02,
17:19:56.13396865, 6.0400E+00, 2.2333E+00, 1.1573E+02,
17:19:56.13396870, 6.0533E+00, 2.2000E+00, 1.1573E+02,
17:19:56.13396875, 6.0400E+00, 2.2000E+00, 1.1560E+02,
17:19:56.13396880, 6.0667E+00, 2.2000E+00, 1.1573E+02,
17:19:56.13396885, 6.0400E+00, 2.2333E+00, 1.1560E+02,
17:19:56.13396890, 6.0800E+00, 2.2333E+00, 1.1573E+02,
17:19:56.13396895, 6.0667E+00, 2.2333E+00, 1.1587E+02,
17:19:56.13396900, 6.0533E+00, 2.2333E+00, 1.1573E+02,
17:19:56.13396905, 6.0533E+00, 2.2667E+00, 1.1547E+02,
17:19:56.13396910, 6.0533E+00, 2.2333E+00, 1.1560E+02,
17:19:56.13396915, 6.0533E+00, 2.2333E+00, 1.1560E+02,
17:19:56.13396920, 6.0400E+00, 2.1667E+00, 1.1533E+02,
17:19:56.13396925, 6.0267E+00, 2.2000E+00, 1.1573E+02,
17:19:56.13396930, 6.0400E+00, 2.2333E+00, 1.1573E+02,
17:19:56.13396935, 6.0667E+00, 2.2333E+00, 1.1560E+02,
17:19:56.13396940, 6.0400E+00, 2.2333E+00, 1.1573E+02,
17:19:56.13396945, 6.0400E+00, 2.2333E+00, 1.1547E+02,
17:19:56.13396950, 6.0400E+00, 2.2667E+00, 1.1547E+02,
17:19:56.13396955, 6.0267E+00, 2.2333E+00, 1.1560E+02,
17:19:56.13396960, 6.0533E+00, 2.2333E+00, 1.1573E+02,
17:19:56.13396965, 6.0267E+00, 2.2333E+00, 1.1560E+02,
17:19:56.13396970, 6.0533E+00, 2.2333E+00, 1.1560E+02,
17:19:56.13396975, 6.0400E+00, 2.2333E+00, 1.1547E+02,
17:19:56.13396980, 6.0533E+00, 2.2333E+00, 1.1560E+02,
17:19:56.13396985, 6.0400E+00, 2.2333E+00, 1.1573E+02,
17:19:56.13396990, 6.0533E+00, 2.2333E+00, 1.1560E+02,
17:19:56.13396995, 6.0667E+00, 2.2667E+00, 1.1573E+02,
17:19:56.13397000, 6.0400E+00, 2.2333E+00, 1.1547E+02,
17:19:56.13397005, 6.0400E+00, 2.2000E+00, 1.1560E+02,
17:19:56.13397010, 6.0133E+00, 2.2333E+00, 1.1560E+02,
17:19:56.13397015, 6.0800E+00, 2.2333E+00, 1.1533E+02,
17:19:56.13397020, 6.0533E+00, 2.2333E+00, 1.1533E+02,
17:19:56.13397025, 6.0400E+00, 2.2333E+00, 1.1560E+02,
17:19:56.13397030, 6.0800E+00, 2.1667E+00, 1.1533E+02,
17:19:56.13397035, 6.0667E+00, 2.2333E+00, 1.1560E+02,
17:19:56.13397040, 6.0533E+00, 2.2333E+00, 1.1573E+02,
17:19:56.13397045, 6.0667E+00, 2.3000E+00, 1.1547E+02,
17:19:56.13397050, 6.0533E+00, 2.2333E+00, 1.1573E+02,
17:19:56.13397055, 6.0533E+00, 2.2667E+00, 1.1520E+02,
17:19:56.13397060, 6.0400E+00, 2.2667E+00, 1.1573E+02,
17:19:56.13397065, 6.0400E+00, 2.2000E+00, 1.1533E+02,
17:19:56.13397070, 6.0400E+00, 2.2000E+00, 1.1573E+02,
17:19:56.13397075, 6.0800E+00, 2.1667E+00, 1.1573E+02,
17:19:56.13397080, 6.0533E+00, 2.2333E+00, 1.1520E+02,
17:19:56.13397085, 6.0267E+00, 2.2333E+00, 1.1573E+02,
17:19:56.13397090, 6.0400E+00, 2.2333E+00, 1.1587E+02,
17:19:56.13397095, 6.0533E+00, 2.2000E+00, 1.1533E+02,
17:19:56.13397100, 6.0667E+00, 2.2000E+00, 1.1547E+02,
17:19:56.13397105, 6.0267E+00, 2.2667E+00, 1.1560E+02,
17:19:56.13397110, 6.0400E+00, 2.2000E+00, 1.1573E+02,
17:19:56.13397115, 6.0667E+00, 2.2000E+00, 1.1573E+02,
17:19:56.13397120, 6.0667E+00, 2.2333E+00, 1.1533E+02,
17:19:56.13397125, 6.0800E+00, 2.2333E+00, 1.1547E+02,
17:19:56.13397130, 6.0667E+00, 2.2333E+00, 1.1547E+02,
17:19:56.13397135, 6.0667E+00, 2.2667E+00, 1.1520E+02,
17:19:56.13397140, 6.0533E+00, 2.2333E+00, 1.1547E+02,
17:19:56.13397145, 6.0667E+00, 2.2333E+00, 1.1520E+02,
17:19:56.13397150, 6.0533E+00, 2.2333E+00, 1.1520E+02,
17:19:56.13397155, 6.0400E+00, 2.3000E+00, 1.1533E+02,
17:19:56.13397160, 6.0400E+00, 2.3000E+00, 1.1533E+02,
17:19:56.13397165, 6.0400E+00, 2.3333E+00, 1.1547E+02,
17:19:56.13397170, 6.0533E+00, 2.2333E+00, 1.1560E+02,
17:19:56.13397175, 6.0533E+00, 2.3000E+00, 1.1560E+02,
17:19:56.13397180, 6.0667E+00, 2.2667E+00, 1.1573E+02,
17:19:56.13397185, 6.0533E+00, 2.3333E+00, 1.1533E+02,
17:19:56.13397190, 6.0533E+00, 2.2667E+00, 1.1520E+02,
17:19:56.13397195, 6.0533E+00, 2.3000E+00, 1.1547E+02,
17:19:56.13397200, 6.0667E+00, 2.2333E+00, 1.1507E+02,
17:19:56.13397205, 6.0667E+00, 2.3000E+00, 1.1573E+02,
17:19:56.13397210, 6.0667E+00, 2.2667E+00, 1.1533E+02,
17:19:56.13397215, 6.0800E+00, 2.3000E+00, 1.1547E+02,
17:19:56.13397220, 6.0267E+00, 2.2333E+00, 1.1547E+02,
17:19:56.13397225, 6.0800E+00, 2.2333E+00, 1.1547E+02,
17:19:56.13397230, 6.0533E+00, 2.2667E+00, 1.1560E+02,
17:19:56.13397235, 6.0667E+00, 2.3000E+00, 1.1560E+02,
17:19:56.13397240, 6.0800E+00, 2.1667E+00, 1.1520E+02,
17:19:56.13397245, 6.0400E+00, 2.2333E+00, 1.1520E+02,
17:19:56.13397250, 6.0800E+00, 2.2333E+00, 1.1520E+02,
17:19:56.13397255, 6.0800E+00, 2.2333E+00, 1.1507E+02,
17:19:56.13397260, 6.0267E+00, 2.2333E+00, 1.1560E+02,
17:19:56.13397265, 6.0533E+00, 2.2333E+00, 1.1507E+02,
17:19:56.13397270, 6.0667E+00, 2.2667E+00, 1.1507E+02,
17:19:56.13397275, 6.0667E+00, 2.2667E+00, 1.1507E+02,
17:19:56.13397280, 6.0667E+00, 2.2333E+00, 1.1547E+02,
17:19:56.13397285, 6.0667E+00, 2.2667E+00, 1.1507E+02,
17:19:56.13397290, 6.0400E+00, 2.2667E+00, 1.1507E+02,
17:19:56.13397295, 6.0800E+00, 2.2333E+00, 1.1507E+02,
17:19:56.13397300, 6.0533E+00, 2.2667E+00, 1.1533E+02,
17:19:56.13397305, 6.0400E+00, 2.2667E+00, 1.1520E+02,
17:19:56.13397310, 6.0533E+00, 2.3000E+00, 1.1533E+02,
17:19:56.13397315, 6.0533E+00, 2.2333E+00, 1.1520E+02,
17:19:56.13397320, 6.0667E+00, 2.3000E+00, 1.1547E+02,
17:19:56.13397325, 6.0667E+00, 2.3000E+00, 1.1533E+02,
17:19:56.13397330, 6.0533E+00, 2.3000E+00, 1.1547E+02,
17:19:56.13397335, 6.0533E+00, 2.2333E+00, 1.1493E+02,
17:19:56.13397340, 6.1067E+00, 2.3000E+00, 1.1533E+02,
17:19:56.13397345, 6.0533E+00, 2.2667E+00, 1.1493E+02,
17:19:56.13397350, 6.0533E+00, 2.2667E+00, 1.1480E+02,
17:19:56.13397355, 6.0400E+00, 2.2333E+00, 1.1533E+02,
17:19:56.13397360, 6.0667E+00, 2.2667E+00, 1.1520E+02,
17:19:56.13397365, 6.0800E+00, 2.2333E+00, 1.1493E+02,
17:19:56.13397370, 6.0533E+00, 2.2667E+00, 1.1520E+02,
17:19:56.13397375, 6.0400E+00, 2.2333E+00, 1.1520E+02,
17:19:56.13397380, 6.0533E+00, 2.3000E+00, 1.1520E+02,
17:19:56.13397385, 6.0667E+00, 2.3000E+00, 1.1547E+02,
17:19:56.13397390, 6.0533E+00, 2.2667E+00, 1.1547E+02,
17:19:56.13397395, 6.0533E+00, 2.2333E+00, 1.1493E+02,
17:19:56.13397400, 6.0800E+00, 2.2333E+00, 1.1507E+02,
17:19:56.13397405, 6.0533E+00, 2.2667E+00, 1.1493E+02,
17:19:56.13397410, 6.0400E+00, 2.3000E+00, 1.1493E+02,
17:19:56.13397415, 6.0400E+00, 2.2333E+00, 1.1533E+02,
17:19:56.13397420, 6.0533E+00, 2.3000E+00, 1.1533E+02,
17:19:56.13397425, 6.0267E+00, 2.2667E+00, 1.1520E+02,
17:19:56.13397430, 6.0667E+00, 2.3333E+00, 1.1493E+02,
17:19:56.13397435, 6.0533E+00, 2.2667E+00, 1.1507E+02,
17:19:56.13397440, 6.0800E+00, 2.2333E+00, 1.1493E+02,
17:19:56.13397445, 6.0533E+00, 2.2000E+00, 1.1507E+02,
17:19:56.13397450, 6.0267E+00, 2.3000E+00, 1.1493E+02,
17:19:56.13397455, 6.0667E+00, 2.2333E+00, 1.1520E+02,
17:19:56.13397460, 6.0933E+00, 2.2333E+00, 1.1520E+02,
17:19:56.13397465, 6.0533E+00, 2.2333E+00, 1.1480E+02,
17:19:56.13397470, 6.0400E+00, 2.2333E+00, 1.1480E+02,
17:19:56.13397475, 6.0933E+00, 2.2667E+00, 1.1520E+02,
17:19:56.13397480, 6.0533E+00, 2.2667E+00, 1.1493E+02,
17:19:56.13397485, 6.0533E+00, 2.2333E+00, 1.1493E+02,
17:19:56.13397490, 6.0400E+00, 2.2333E+00, 1.1507E+02,
17:19:56.13397495, 6.0667E+00, 2.2333E+00, 1.1480E+02,
17:19:56.13397500, 6.0933E+00, 2.2667E+00, 1.1467E+02,
17:19:56.13397505, 6.0667E+00, 2.2333E+00, 1.1507E+02,
17:19:56.13397510, 6.0400E+00, 2.3000E+00, 1.1493E+02,
17:19:56.13397515, 6.0800E+00, 2.3000E+00, 1.1480E+02,
17:19:56.13397520, 6.0400E+00, 2.2333E+00, 1.1493E+02,
17:19:56.13397525, 6.0800E+00, 2.2333E+00, 1.1520E+02,
17:19:56.13397530, 6.0400E+00, 2.2333E+00, 1.1453E+02,
17:19:56.13397535, 6.0267E+00, 2.3000E+00, 1.1467E+02,
17:19:56.13397540, 6.0667E+00, 2.2667E+00, 1.1480E+02,
17:19:56.13397545, 6.0400E+00, 2.2667E+00, 1.1507E+02,
17:19:56.13397550, 6.0533E+00, 2.2667E+00, 1.1493E+02,
17:19:56.13397555, 6.0400E+00, 2.2333E+00, 1.1480E+02,
17:19:56.13397560, 6.0533E+00, 2.2000E+00, 1.1520E+02,
17:19:56.13397565, 6.0667E+00, 2.2333E+00, 1.1493E+02,
17:19:56.13397570, 6.0533E+00, 2.3333E+00, 1.1480E+02,
17:19:56.13397575, 6.0400E+00, 2.3333E+00, 1.1467E+02,
17:19:56.13397580, 6.0400E+00, 2.3000E+00, 1.1480E+02,
17:19:56.13397585, 6.0400E+00, 2.2333E+00, 1.1480E+02,
17:19:56.13397590, 6.0533E+00, 2.3000E+00, 1.1453E+02,
17:19:56.13397595, 6.0400E+00, 2.2667E+00, 1.1480E+02,
17:19:56.13397600, 6.0533E+00, 2.3000E+00, 1.1467E+02,
17:19:56.13397605, 6.0933E+00, 2.2333E+00, 1.1440E+02,
17:19:56.13397610, 6.0667E+00, 2.3000E+00, 1.1467E+02,
17:19:56.13397615, 6.0667E+00, 2.3333E+00, 1.1493E+02,
17:19:56.13397620, 6.0533E+00, 2.3000E+00, 1.1493E+02,
17:19:56.13397625, 6.0667E+00, 2.2333E+00, 1.1467E+02,
17:19:56.13397630, 6.0533E+00, 2.2667E+00, 1.1467E+02,
17:19:56.13397635, 6.0400E+00, 2.2667E+00, 1.1467E+02,
17:19:56.13397640, 6.0533E+00, 2.2333E+00, 1.1467E+02,
17:19:56.13397645, 6.0533E+00, 2.2333E+00, 1.1467E+02,
17:19:56.13397650, 6.0267E+00, 2.2333E+00, 1.1453E+02,
17:19:56.13397655, 6.0533E+00, 2.3333E+00, 1.1480E+02,
17:19:56.13397660, 6.0267E+00, 2.2667E+00, 1.1507E+02,
17:19:56.13397665, 6.0933E+00, 2.2000E+00, 1.1480E+02,
17:19:56.13397670, 6.0400E+00, 2.3000E+00, 1.1467E+02,
17:19:56.13397675, 6.0533E+00, 2.2333E+00, 1.1467E+02,
17:19:56.13397680, 6.0267E+00, 2.3000E+00, 1.1453E+02,
17:19:56.13397685, 6.0400E+00, 2.2667E+00, 1.1427E+02,
17:19:56.13397690, 6.0533E+00, 2.2667E+00, 1.1493E+02,
17:19:56.13397695, 6.0800E+00, 2.2333E+00, 1.1493E+02,
17:19:56.13397700, 6.0667E+00, 2.2667E+00, 1.1453E+02,
17:19:56.13397705, 6.0533E+00, 2.3000E+00, 1.1440E+02,
17:19:56.13397710, 6.0667E+00, 2.2667E+00, 1.1440E+02,
17:19:56.13397715, 6.0667E+00, 2.2333E+00, 1.1480E+02,
17:19:56.13397720, 6.0400E+00, 2.2333E+00, 1.1453E+02,
17:19:56.13397725, 6.0533E+00, 2.2667E+00, 1.1453E+02,
17:19:56.13397730, 6.0000E+00, 2.2000E+00, 1.1427E+02,
17:19:56.13397735, 6.0800E+00, 2.2333E+00, 1.1453E+02,
17:19:56.13397740, 6.0667E+00, 2.3333E+00, 1.1453E+02,
17:19:56.13397745, 6.0400E+00, 2.3000E+00, 1.1440E+02,
17:19:56.13397750, 6.0667E+00, 2.2667E+00, 1.1453E+02,
17:19:56.13397755, 6.0667E+00, 2.2667E+00, 1.1480E+02,
17:19:56.13397760, 6.0667E+00, 2.2333E+00, 1.1480E+02,
17:19:56.13397765, 6.0533E+00, 2.3333E+00, 1.1453E+02,
17:19:56.13397770, 6.0267E+00, 2.3000E+00, 1.1467E+02,
17:19:56.13397775, 6.0533E+00, 2.2667E+00, 1.1440E+02,
17:19:56.13397780, 6.0267E+00, 2.2333E+00, 1.1440E+02,
17:19:56.13397785, 6.0267E+00, 2.2667E+00, 1.1453E+02,
17:19:56.13397790, 6.0133E+00, 2.2667E+00, 1.1427E+02,
17:19:56.13397795, 6.0533E+00, 2.2667E+00, 1.1453E+02,
17:19:56.13397800, 6.0533E+00, 2.2667E+00, 1.1440E+02,
17:19:56.13397805, 6.0800E+00, 2.3000E+00, 1.1480E+02,
17:19:56.13397810, 6.0533E+00, 2.2333E+00, 1.1427E+02,
17:19:56.13397815, 6.0267E+00, 2.3333E+00, 1.1453E+02,
17:19:56.13397820, 6.0400E+00, 2.1667E+00, 1.1453E+02,
17:19:56.13397825, 6.0533E+00, 2.2333E+00, 1.1427E+02,
17:19:56.13397830, 6.0800E+00, 2.3000E+00, 1.1440E+02,
17:19:56.13397835, 6.0533E+00, 2.3000E+00, 1.1453E+02,
17:19:56.13397840, 6.0667E+00, 2.2667E+00, 1.1427E+02,
17:19:56.13397845, 6.0400E+00, 2.3667E+00, 1.1427E+02,
17:19:56.13397850, 6.0400E+00, 2.2333E+00, 1.1427E+02,
17:19:56.13397855, 6.0533E+00, 2.3000E+00, 1.1427E+02,
17:19:56.13397860, 6.0267E+00, 2.3333E+00, 1.1427E+02,
17:19:56.13397865, 6.0533E+00, 2.3000E+00, 1.1453E+02,
17:19:56.13397870, 6.0400E+00, 2.2333E+00, 1.1453E+02,
17:19:56.13397875, 6.0667E+00, 2.3000E+00, 1.1427E+02,
17:19:56.13397880, 6.0533E+00, 2.3000E+00, 1.1427E+02,
17:19:56.13397885, 6.0400E+00, 2.2333E+00, 1.1427E+02,
17:19:56.13397890, 6.0267E+00, 2.3000E+00, 1.1427E+02,
17:19:56.13397895, 6.0400E+00, 2.2333E+00, 1.1440E+02,
17:19:56.13397900, 6.0400E+00, 2.3000E+00, 1.1427E+02,
17:19:56.13397905, 6.0800E+00, 2.3000E+00, 1.1427E+02,
17:19:56.13397910, 6.0400E+00, 2.3000E+00, 1.1427E+02,
17:19:56.13397915, 6.0400E+00, 2.2667E+00, 1.1440E+02,
17:19:56.13397920, 6.0533E+00, 2.2667E+00, 1.1427E+02,
17:19:56.13397925, 6.0800E+00, 2.2333E+00, 1.1440E+02,
17:19:56.13397930, 6.0667E+00, 2.3000E+00, 1.1440E+02,
17:19:56.13397935, 6.0800E+00, 2.2333E+00, 1.1427E+02,
17:19:56.13397940, 6.0267E+00, 2.2333E+00, 1.1427E+02,
17:19:56.13397945, 6.0933E+00, 2.3333E+00, 1.1427E+02,
17:19:56.13397950, 6.0533E+00, 2.2333E+00, 1.1440E+02,
17:19:56.13397955, 6.0533E+00, 2.2667E+00, 1.1427E+02,
17:19:56.13397960, 6.0533E+00, 2.2333E+00, 1.1427E+02,
17:19:56.13397965, 6.0400E+00, 2.3000E+00, 1.1440E+02,
17:19:56.13397970, 6.0400E+00, 2.2667E+00, 1.1427E+02,
17:19:56.13397975, 6.0667E+00, 2.2667E+00, 1.1427E+02,
17:19:56.13397980, 6.0533E+00, 2.2667E+00, 1.1413E+02,
17:19:56.13397985, 6.0533E+00, 2.2667E+00, 1.1427E+02,
17:19:56.13397990, 6.0933E+00, 2.2333E+00, 1.1413E+02,
17:19:56.13397995, 6.0800E+00, 2.3000E+00, 1.1427E+02,
17:19:56.13398000, 6.0267E+00, 2.3000E+00, 1.1427E+02,
17:19:56.13398005, 6.0667E+00, 2.3000E+00, 1.1440E+02,
17:19:56.13398010, 6.0267E+00, 2.2333E+00, 1.1427E+02,
17:19:56.13398015, 6.0400E+00, 2.3333E+00, 1.1427E+02,
17:19:56.13398020, 6.0533E+00, 2.2667E+00, 1.1427E+02,
17:19:56.13398025, 6.0400E+00, 2.3000E+00, 1.1413E+02,
17:19:56.13398030, 6.0400E+00, 2.2333E+00, 1.1427E+02,
17:19:56.13398035, 6.0800E+00, 2.2333E+00, 1.1427E+02,
17:19:56.13398040, 6.0667E+00, 2.2667E+00, 1.1427E+02,
17:19:56.13398045, 6.0533E+00, 2.3000E+00, 1.1427E+02,
17:19:56.13398050, 6.0667E+00, 2.2333E+00, 1.1400E+02,
17:19:56.13398055, 6.0533E+00, 2.3000E+00, 1.1413E+02,
17:19:56.13398060, 6.0133E+00, 2.2333E+00, 1.1427E+02,
17:19:56.13398065, 6.0533E+00, 2.2667E+00, 1.1400E+02,
17:19:56.13398070, 6.0133E+00, 2.2333E+00, 1.1427E+02,
17:19:56.13398075, 6.0800E+00, 2.2667E+00, 1.1413E+02,
17:19:56.13398080, 6.0533E+00, 2.3667E+00, 1.1400E+02,
17:19:56.13398085, 6.0400E+00, 2.3000E+00, 1.1387E+02,
17:19:56.13398090, 6.0667E+00, 2.3333E+00, 1.1387E+02,
17:19:56.13398095, 6.0800E+00, 2.2333E+00, 1.1440E+02,
17:19:56.13398100, 6.0400E+00, 2.2667E+00, 1.1427E+02,
17:19:56.13398105, 6.0400E+00, 2.2667E+00, 1.1413E+02,
17:19:56.13398110, 6.0667E+00, 2.2333E+00, 1.1400E+02,
17:19:56.13398115, 6.0400E+00, 2.2333E+00, 1.1413E+02,
17:19:56.13398120, 6.0667E+00, 2.2667E+00, 1.1360E+02,
17:19:56.13398125, 6.0800E+00, 2.3333E+00, 1.1387E+02,
17:19:56.13398130, 6.0667E+00, 2.2667E+00, 1.1427E+02,
17:19:56.13398135, 6.0533E+00, 2.3000E+00, 1.1387E+02,
17:19:56.13398140, 6.0667E+00, 2.2333E+00, 1.1413E+02,
17:19:56.13398145, 6.0533E+00, 2.2667E+00, 1.1413E+02,
17:19:56.13398150, 6.0400E+00, 2.2333E+00, 1.1387E+02,
17:19:56.13398155, 6.0533E+00, 2.2667E+00, 1.1400E+02,
17:19:56.13398160, 6.0400E+00, 2.3000E+00, 1.1413E+02,
17:19:56.13398165, 6.0667E+00, 2.2667E+00, 1.1400E+02,
17:19:56.13398170, 6.0533E+00, 2.3333E+00, 1.1387E+02,
17:19:56.13398175, 6.0800E+00, 2.2667E+00, 1.1400E+02,
17:19:56.13398180, 6.0267E+00, 2.2333E+00, 1.1387E+02,
17:19:56.13398185, 6.0667E+00, 2.2333E+00, 1.1387E+02,
17:19:56.13398190, 6.0133E+00, 2.2667E+00, 1.1373E+02,
17:19:56.13398195, 6.0400E+00, 2.2333E+00, 1.1400E+02,
17:19:56.13398200, 6.0267E+00, 2.2333E+00, 1.1387E+02,
17:19:56.13398205, 6.0267E+00, 2.3333E+00, 1.1413E+02,
17:19:56.13398210, 6.0667E+00, 2.3000E+00, 1.1400E+02,
17:19:56.13398215, 6.0400E+00, 2.3000E+00, 1.1373E+02,
17:19:56.13398220, 6.0533E+00, 2.3000E+00, 1.1373E+02,
17:19:56.13398225, 6.0533E+00, 2.2333E+00, 1.1387E+02,
17:19:56.13398230, 6.0533E+00, 2.2333E+00, 1.1387E+02,
17:19:56.13398235, 6.0667E+00, 2.3000E+00, 1.1387E+02,
17:19:56.13398240, 6.0533E+00, 2.2667E+00, 1.1387E+02,
17:19:56.13398245, 6.0800E+00, 2.3000E+00, 1.1373E+02,
17:19:56.13398250, 6.0400E+00, 2.3000E+00, 1.1373E+02,
17:19:56.13398255, 6.0267E+00, 2.2667E+00, 1.1387E+02,
17:19:56.13398260, 6.0533E+00, 2.2667E+00, 1.1387E+02,
17:19:56.13398265, 6.0533E+00, 2.2333E+00, 1.1360E+02,
17:19:56.13398270, 6.0400E+00, 2.2333E+00, 1.1400E+02,
17:19:56.13398275, 6.0667E+00, 2.2667E+00, 1.1333E+02,
17:19:56.13398280, 6.0667E+00, 2.2667E+00, 1.1373E+02,
17:19:56.13398285, 6.0800E+00, 2.2333E+00, 1.1373E+02,
17:19:56.13398290, 6.0667E+00, 2.3000E+00, 1.1373E+02,
17:19:56.13398295, 6.0400E+00, 2.2333E+00, 1.1333E+02,
17:19:56.13398300, 6.0533E+00, 2.3000E+00, 1.1373E+02,
17:19:56.13398305, 6.0533E+00, 2.2667E+00, 1.1387E+02,
17:19:56.13398310, 6.0800E+00, 2.2667E+00, 1.1373E+02,
17:19:56.13398315, 6.0800E+00, 2.2667E+00, 1.1400E+02,
17:19:56.13398320, 6.0533E+00, 2.3333E+00, 1.1347E+02,
17:19:56.13398325, 6.0533E+00, 2.2667E+00, 1.1373E+02,
17:19:56.13398330, 6.0667E+00, 2.3000E+00, 1.1387E+02,
17:19:56.13398335, 6.0533E+00, 2.3000E+00, 1.1333E+02,
17:19:56.13398340, 6.0667E+00, 2.2667E+00, 1.1373E+02,
17:19:56.13398345, 6.0400E+00, 2.2333E+00, 1.1347E+02,
17:19:56.13398350, 6.0267E+00, 2.2333E+00, 1.1373E+02,
17:19:56.13398355, 6.0267E+00, 2.2667E+00, 1.1333E+02,
17:19:56.13398360, 6.0800E+00, 2.2667E+00, 1.1373E+02,
17:19:56.13398365, 6.0533E+00, 2.2667E+00, 1.1347E+02,
17:19:56.13398370, 6.0400E+00, 2.2333E+00, 1.1333E+02,
17:19:56.13398375, 6.0533E+00, 2.2667E+00, 1.1333E+02,
17:19:56.13398380, 6.0533E+00, 2.3000E+00, 1.1347E+02,
17:19:56.13398385, 6.0667E+00, 2.2667E+00, 1.1373E+02,
17:19:56.13398390, 6.0667E+00, 2.2667E+00, 1.1400E+02,
17:19:56.13398395, 6.0400E+00, 2.2333E+00, 1.1347E+02,
17:19:56.13398400, 6.0667E+00, 2.2333E+00, 1.1333E+02,
17:19:56.13398405, 6.0800E+00, 2.3333E+00, 1.1320E+02,
17:19:56.13398410, 6.0533E+00, 2.2667E+00, 1.1333E+02,
17:19:56.13398415, 6.0533E+00, 2.2667E+00, 1.1347E+02,
17:19:56.13398420, 6.0400E+00, 2.3667E+00, 1.1333E+02,
17:19:56.13398425, 6.0667E+00, 2.3000E+00, 1.1360E+02,
17:19:56.13398430, 6.0400E+00, 2.2333E+00, 1.1347E+02,
17:19:56.13398435, 6.0400E+00, 2.2333E+00, 1.1333E+02,
17:19:56.13398440, 6.0533E+00, 2.2667E+00, 1.1333E+02,
17:19:56.13398445, 6.0533E+00, 2.2333E+00, 1.1360E+02,
17:19:56.13398450, 6.0400E+00, 2.3000E+00, 1.1320E+02,
17:19:56.13398455, 6.0667E+00, 2.2333E+00, 1.1333E+02,
17:19:56.13398460, 6.0667E+00, 2.3000E+00, 1.1347E+02,
17:19:56.13398465, 6.0533E+00, 2.2333E+00, 1.1333E+02,
17:19:56.13398470, 6.1067E+00, 2.3000E+00, 1.1307E+02,
17:19:56.13398475, 6.0800E+00, 2.3000E+00, 1.1320E+02,
17:19:56.13398480, 6.0933E+00, 2.3000E+00, 1.1347E+02,
17:19:56.13398485, 6.0400E+00, 2.3000E+00, 1.1347E+02,
17:19:56.13398490, 6.0667E+00, 2.2333E+00, 1.1333E+02,
17:19:56.13398495, 6.0533E+00, 2.3333E+00, 1.1320E+02,
17:19:56.13398500, 6.0267E+00, 2.2333E+00, 1.1320E+02,
17:19:56.13398505, 6.0267E+00, 2.3333E+00, 1.1320E+02,
17:19:56.13398510, 6.0533E+00, 2.2333E+00, 1.1360E+02,
17:19:56.13398515, 6.0400E+00, 2.3333E+00, 1.1320E+02,
17:19:56.13398520, 6.0667E+00, 2.2667E+00, 1.1307E+02,
17:19:56.13398525, 6.0667E+00, 2.3000E+00, 1.1320E+02,
17:19:56.13398530, 6.0800E+00, 2.2333E+00, 1.1307E+02,
17:19:56.13398535, 6.0533E+00, 2.2333E+00, 1.1320E+02,
17:19:56.13398540, 6.0533E+00, 2.2667E+00, 1.1320E+02,
17:19:56.13398545, 6.0533E+00, 2.2333E+00, 1.1320E+02,
17:19:56.13398550, 6.0533E+00, 2.2333E+00, 1.1307E+02,
17:19:56.13398555, 6.0800E+00, 2.3333E+00, 1.1307E+02,
17:19:56.13398560, 6.0400E+00, 2.2333E+00, 1.1333E+02,
17:19:56.13398565, 6.0800E+00, 2.2333E+00, 1.1320E+02,
17:19:56.13398570, 6.0667E+00, 2.2667E+00, 1.1320E+02,
17:19:56.13398575, 6.0667E+00, 2.2667E+00, 1.1293E+02,
17:19:56.13398580, 6.0267E+00, 2.3333E+00, 1.1293E+02,
17:19:56.13398585, 6.0400E+00, 2.3333E+00, 1.1333E+02,
17:19:56.13398590, 6.0267E+00, 2.3333E+00, 1.1293E+02,
17:19:56.13398595, 6.0533E+00, 2.3333E+00, 1.1347E+02,
17:19:56.13398600, 6.0667E+00, 2.3000E+00, 1.1320E+02,
17:19:56.13398605, 6.0533E+00, 2.2333E+00, 1.1307E+02,
17:19:56.13398610, 6.0533E+00, 2.2333E+00, 1.1320E+02,
17:19:56.13398615, 6.0667E+00, 2.3000E+00, 1.1307E+02,
17:19:56.13398620, 6.0533E+00, 2.2667E+00, 1.1307E+02,
17:19:56.13398625, 6.0800E+00, 2.2333E+00, 1.1293E+02,
17:19:56.13398630, 6.0800E+00, 2.2333E+00, 1.1307E+02,
17:19:56.13398635, 6.0133E+00, 2.3000E+00, 1.1320E+02,
17:19:56.13398640, 6.0667E+00, 2.2667E+00, 1.1307E+02,
17:19:56.13398645, 6.0400E+00, 2.2667E+00, 1.1307E+02,
17:19:56.13398650, 6.0667E+00, 2.3667E+00, 1.1307E+02,
17:19:56.13398655, 6.0533E+00, 2.3000E+00, 1.1293E+02,
17:19:56.13398660, 6.0400E+00, 2.2667E+00, 1.1293E+02,
17:19:56.13398665, 6.0933E+00, 2.3000E+00, 1.1307E+02,
17:19:56.13398670, 6.0267E+00, 2.2667E+00, 1.1293E+02,
17:19:56.13398675, 6.0667E+00, 2.3333E+00, 1.1293E+02,
17:19:56.13398680, 6.0400E+00, 2.2667E+00, 1.1293E+02,
17:19:56.13398685, 6.0400E+00, 2.2667E+00, 1.1307E+02,
17:19:56.13398690, 6.0533E+00, 2.3000E+00, 1.1307E+02,
17:19:56.13398695, 6.0533E+00, 2.3000E+00, 1.1307E+02,
17:19:56.13398700, 6.0667E+00, 2.2333E+00, 1.1280E+02,
17:19:56.13398705, 6.0533E+00, 2.2667E+00, 1.1280E+02,
17:19:56.13398710, 6.0800E+00, 2.2333E+00, 1.1307E+02,
17:19:56.13398715, 6.0533E+00, 2.2667E+00, 1.1293E+02,
17:19:56.13398720, 6.0533E+00, 2.2333E+00, 1.1293E+02,
17:19:56.13398725, 6.0933E+00, 2.3333E+00, 1.1293E+02,
17:19:56.13398730, 6.0533E+00, 2.2667E+00, 1.1320E+02,
17:19:56.13398735, 6.0133E+00, 2.2333E+00, 1.1307E+02,
17:19:56.13398740, 6.0667E+00, 2.3000E+00, 1.1293E+02,
17:19:56.13398745, 6.0400E+00, 2.3333E+00, 1.1280E+02,
17:19:56.13398750, 6.0400E+00, 2.2333E+00, 1.1307E+02,
17:19:56.13398755, 6.0533E+00, 2.2333E+00, 1.1293E+02,
17:19:56.13398760, 6.0667E+00, 2.3667E+00, 1.1293E+02,
17:19:56.13398765, 6.0533E+00, 2.2333E+00, 1.1293E+02,
17:19:56.13398770, 6.0667E+00, 2.2333E+00, 1.1293E+02,
17:19:56.13398775, 6.0667E+00, 2.3000E+00, 1.1293E+02,
17:19:56.13398780, 6.0667E+00, 2.2667E+00, 1.1293E+02,
17:19:56.13398785, 6.0400E+00, 2.3000E+00, 1.1280E+02,
17:19:56.13398790, 6.0267E+00, 2.3000E+00, 1.1293E+02,
17:19:56.13398795, 6.0667E+00, 2.3000E+00, 1.1293E+02,
17:19:56.13398800, 6.0667E+00, 2.2333E+00, 1.1267E+02,
17:19:56.13398805, 6.0533E+00, 2.2333E+00, 1.1280E+02,
17:19:56.13398810, 6.0400E+00, 2.2667E+00, 1.1307E+02,
17:19:56.13398815, 6.0667E+00, 2.2667E+00, 1.1280E+02,
17:19:56.13398820, 6.0400E+00, 2.3000E+00, 1.1293E+02,
17:19:56.13398825, 6.0533E+00, 2.2667E+00, 1.1293E+02,
17:19:56.13398830, 6.0400E+00, 2.2667E+00, 1.1293E+02,
17:19:56.13398835, 6.0667E+00, 2.3333E+00, 1.1293E+02,
17:19:56.13398840, 6.0800E+00, 2.3000E+00, 1.1293E+02,
17:19:56.13398845, 6.0400E+00, 2.3333E+00, 1.1280E+02,
17:19:56.13398850, 6.0667E+00, 2.3000E+00, 1.1280E+02,
17:19:56.13398855, 6.0800E+00, 2.2333E+00, 1.1293E+02,
17:19:56.13398860, 6.0667E+00, 2.2667E+00, 1.1267E+02,
17:19:56.13398865, 6.0800E+00, 2.2667E+00, 1.1293E+02,
17:19:56.13398870, 6.0533E+00, 2.2333E+00, 1.1293E+02,
17:19:56.13398875, 6.0533E+00, 2.2000E+00, 1.1253E+02,
17:19:56.13398880, 6.0533E+00, 2.2667E+00, 1.1293E+02,
17:19:56.13398885, 6.0667E+00, 2.2667E+00, 1.1280E+02,
17:19:56.13398890, 6.0667E+00, 2.2667E+00, 1.1293E+02,
17:19:56.13398895, 6.0667E+00, 2.3333E+00, 1.1293E+02,
17:19:56.13398900, 6.0667E+00, 2.2667E+00, 1.1280E+02,
17:19:56.13398905, 6.0800E+00, 2.2333E+00, 1.1253E+02,
17:19:56.13398910, 6.0533E+00, 2.2333E+00, 1.1267E+02,
17:19:56.13398915, 6.0667E+00, 2.2667E+00, 1.1253E+02,
17:19:56.13398920, 6.0400E+00, 2.2333E+00, 1.1280E+02,
17:19:56.13398925, 6.0533E+00, 2.3333E+00, 1.1267E+02,
17:19:56.13398930, 6.0533E+00, 2.3333E+00, 1.1280E+02,
17:19:56.13398935, 6.0533E+00, 2.2667E+00, 1.1293E+02,
17:19:56.13398940, 6.0533E+00, 2.3333E+00, 1.1267E+02,
17:19:56.13398945, 6.0267E+00, 2.2000E+00, 1.1267E+02,
17:19:56.13398950, 6.0533E+00, 2.3667E+00, 1.1253E+02,
17:19:56.13398955, 6.0533E+00, 2.2667E+00, 1.1253E+02,
17:19:56.13398960, 6.0533E+00, 2.2667E+00, 1.1253E+02,
17:19:56.13398965, 6.0400E+00, 2.2667E+00, 1.1280E+02,
17:19:56.13398970, 6.0133E+00, 2.2667E+00, 1.1267E+02,
17:19:56.13398975, 6.0267E+00, 2.2667E+00, 1.1253E+02,
17:19:56.13398980, 6.0667E+00, 2.2667E+00, 1.1253E+02,
17:19:56.13398985, 6.0667E+00, 2.3000E+00, 1.1293E+02,
17:19:56.13398990, 6.0667E+00, 2.3000E+00, 1.1280E+02,
17:19:56.13398995, 6.0667E+00, 2.3000E+00, 1.1227E+02,
17:19:56.13399000, 6.0533E+00, 2.2667E+00, 1.1267E+02,
17:19:56.13399005, 6.0400E+00, 2.3000E+00, 1.1240E+02,
17:19:56.13399010, 6.0800E+00, 2.2333E+00, 1.1267E+02,
17:19:56.13399015, 6.0667E+00, 2.2333E+00, 1.1267E+02,
17:19:56.13399020, 6.0267E+00, 2.3000E+00, 1.1253E+02,
17:19:56.13399025, 6.0400E+00, 2.2667E+00, 1.1240E+02,
17:19:56.13399030, 6.0400E+00, 2.3333E+00, 1.1253E+02,
17:19:56.13399035, 6.0533E+00, 2.3000E+00, 1.1267E+02,
17:19:56.13399040, 6.0533E+00, 2.2667E+00, 1.1253E+02,
17:19:56.13399045, 6.0667E+00, 2.2667E+00, 1.1240E+02,
17:19:56.13399050, 6.0533E+00, 2.2333E+00, 1.1227E+02,
17:19:56.13399055, 6.0800E+00, 2.3333E+00, 1.1240E+02,
17:19:56.13399060, 6.0533E+00, 2.3000E+00, 1.1253E+02,
17:19:56.13399065, 6.0667E+00, 2.3000E+00, 1.1227E+02,
17:19:56.13399070, 6.0533E+00, 2.2667E+00, 1.1213E+02,
17:19:56.13399075, 6.0667E+00, 2.3000E+00, 1.1227E+02,
17:19:56.13399080, 6.0533E+00, 2.2333E+00, 1.1253E+02,
17:19:56.13399085, 6.0400E+00, 2.2333E+00, 1.1280E+02,
17:19:56.13399090, 6.0667E+00, 2.3000E+00, 1.1240E+02,
17:19:56.13399095, 6.0667E+00, 2.3667E+00, 1.1267E+02,
17:19:56.13399100, 6.0800E+00, 2.3000E+00, 1.1253E+02,
17:19:56.13399105, 6.0533E+00, 2.2333E+00, 1.1213E+02,
17:19:56.13399110, 6.0667E+00, 2.2333E+00, 1.1267E+02,
17:19:56.13399115, 6.0267E+00, 2.2667E+00, 1.1240E+02,
17:19:56.13399120, 6.0400E+00, 2.2333E+00, 1.1227E+02,
17:19:56.13399125, 6.0533E+00, 2.2667E+00, 1.1240E+02,
17:19:56.13399130, 6.0533E+00, 2.2333E+00, 1.1253E+02,
17:19:56.13399135, 6.0667E+00, 2.2667E+00, 1.1253E+02,
17:19:56.13399140, 6.0533E+00, 2.2333E+00, 1.1267E+02,
17:19:56.13399145, 6.0933E+00, 2.2667E+00, 1.1240E+02,
17:19:56.13399150, 6.0533E+00, 2.3667E+00, 1.1213E+02,
17:19:56.13399155, 6.0267E+00, 2.2000E+00, 1.1240E+02,
17:19:56.13399160, 6.0533E+00, 2.3000E+00, 1.1213E+02,
17:19:56.13399165, 6.0667E+00, 2.3000E+00, 1.1227E+02,
17:19:56.13399170, 6.0533E+00, 2.2333E+00, 1.1227E+02,
17:19:56.13399175, 6.0400E+00, 2.3000E+00, 1.1253E+02,
17:19:56.13399180, 6.0267E+00, 2.3000E+00, 1.1213E+02,
17:19:56.13399185, 6.0800E+00, 2.2333E+00, 1.1227E+02,
17:19:56.13399190, 6.0800E+00, 2.2667E+00, 1.1227E+02,
17:19:56.13399195, 6.0533E+00, 2.2667E+00, 1.1213E+02,
17:19:56.13399200, 6.0400E+00, 2.3000E+00, 1.1213E+02,
17:19:56.13399205, 6.0400E+00, 2.3000E+00, 1.1213E+02,
17:19:56.13399210, 6.0400E+00, 2.2667E+00, 1.1213E+02,
17:19:56.13399215, 6.0400E+00, 2.2333E+00, 1.1240E+02,
17:19:56.13399220, 6.0267E+00, 2.3000E+00, 1.1240E+02,
17:19:56.13399225, 6.0267E+00, 2.2333E+00, 1.1227E+02,
17:19:56.13399230, 6.0533E+00, 2.2000E+00, 1.1213E+02,
17:19:56.13399235, 6.0267E+00, 2.3000E+00, 1.1240E+02,
17:19:56.13399240, 6.0533E+00, 2.2333E+00, 1.1253E+02,
17:19:56.13399245, 6.0667E+00, 2.2333E+00, 1.1240E+02,
17:19:56.13399250, 6.0533E+00, 2.3000E+00, 1.1227E+02,
17:19:56.13399255, 6.0400E+00, 2.2667E+00, 1.1213E+02,
17:19:56.13399260, 6.0400E+00, 2.2667E+00, 1.1213E+02,
17:19:56.13399265, 6.0667E+00, 2.2333E+00, 1.1187E+02,
17:19:56.13399270, 6.0533E+00, 2.2333E+00, 1.1227E+02,
17:19:56.13399275, 6.0267E+00, 2.2667E+00, 1.1187E+02,
17:19:56.13399280, 6.0800E+00, 2.2667E+00, 1.1173E+02,
17:19:56.13399285, 6.0533E+00, 2.3000E+00, 1.1213E+02,
17:19:56.13399290, 6.0800E+00, 2.3667E+00, 1.1187E+02,
17:19:56.13399295, 6.0533E+00, 2.3000E+00, 1.1227E+02,
17:19:56.13399300, 6.0533E+00, 2.3000E+00, 1.1187E+02,
17:19:56.13399305, 6.0533E+00, 2.2667E+00, 1.1200E+02,
17:19:56.13399310, 6.0000E+00, 2.2667E+00, 1.1187E+02,
17:19:56.13399315, 6.0667E+00, 2.3000E+00, 1.1213E+02,
17:19:56.13399320, 6.0533E+00, 2.3000E+00, 1.1200E+02,
17:19:56.13399325, 6.0533E+00, 2.3000E+00, 1.1227E+02,
17:19:56.13399330, 6.0800E+00, 2.3000E+00, 1.1213E+02,
17:19:56.13399335, 6.0800E+00, 2.2667E+00, 1.1200E+02,
17:19:56.13399340, 6.0667E+00, 2.2667E+00, 1.1200E+02,
17:19:56.13399345, 6.0533E+00, 2.2333E+00, 1.1160E+02,
17:19:56.13399350, 6.0667E+00, 2.2333E+00, 1.1187E+02,
17:19:56.13399355, 6.0400E+00, 2.3000E+00, 1.1187E+02,
17:19:56.13399360, 6.0667E+00, 2.3000E+00, 1.1187E+02,
17:19:56.13399365, 6.0533E+00, 2.3333E+00, 1.1173E+02,
17:19:56.13399370, 6.0667E+00, 2.2667E+00, 1.1200E+02,
17:19:56.13399375, 6.0533E+00, 2.2667E+00, 1.1200E+02,
17:19:56.13399380, 6.0533E+00, 2.2333E+00, 1.1213E+02,
17:19:56.13399385, 6.0533E+00, 2.3000E+00, 1.1200E+02,
17:19:56.13399390, 6.0533E+00, 2.3000E+00, 1.1173E+02,
17:19:56.13399395, 6.0533E+00, 2.3000E+00, 1.1173E+02,
17:19:56.13399400, 6.0400E+00, 2.2667E+00, 1.1200E+02,
17:19:56.13399405, 6.0267E+00, 2.3000E+00, 1.1187E+02,
17:19:56.13399410, 6.0400E+00, 2.2333E+00, 1.1213E+02,
17:19:56.13399415, 6.0267E+00, 2.3000E+00, 1.1160E+02,
17:19:56.13399420, 6.0400E+00, 2.2333E+00, 1.1187E+02,
17:19:56.13399425, 6.0667E+00, 2.2667E+00, 1.1173E+02,
17:19:56.13399430, 6.0800E+00, 2.2667E+00, 1.1160E+02,
17:19:56.13399435, 6.0667E+00, 2.2333E+00, 1.1160E+02,
17:19:56.13399440, 6.0533E+00, 2.2333E+00, 1.1160E+02,
17:19:56.13399445, 6.0267E+00, 2.3333E+00, 1.1173E+02,
17:19:56.13399450, 6.0400E+00, 2.3333E+00, 1.1173E+02,
17:19:56.13399455, 6.0667E+00, 2.3333E+00, 1.1187E+02,
17:19:56.13399460, 6.0400E+00, 2.2667E+00, 1.1187E+02,
17:19:56.13399465, 6.0667E+00, 2.2667E+00, 1.1173E+02,
17:19:56.13399470, 6.0800E+00, 2.2333E+00, 1.1160E+02,
17:19:56.13399475, 6.0533E+00, 2.3333E+00, 1.1173E+02,
17:19:56.13399480, 6.0533E+00, 2.3000E+00, 1.1173E+02,
17:19:56.13399485, 6.0667E+00, 2.3000E+00, 1.1160E+02,
17:19:56.13399490, 6.0533E+00, 2.2333E+00, 1.1160E+02,
17:19:56.13399495, 6.0400E+00, 2.3000E+00, 1.1160E+02,
17:19:56.13399500, 6.0800E+00, 2.2333E+00, 1.1173E+02,
17:19:56.13399505, 6.0400E+00, 2.3000E+00, 1.1173E+02,
17:19:56.13399510, 6.0400E+00, 2.2333E+00, 1.1160E+02,
17:19:56.13399515, 6.0667E+00, 2.2667E+00, 1.1213E+02,
17:19:56.13399520, 6.0267E+00, 2.2333E+00, 1.1187E+02,
17:19:56.13399525, 6.0533E+00, 2.3000E+00, 1.1160E+02,
17:19:56.13399530, 6.0533E+00, 2.2333E+00, 1.1160E+02,
17:19:56.13399535, 6.0667E+00, 2.3000E+00, 1.1160E+02,
17:19:56.13399540, 6.0400E+00, 2.3000E+00, 1.1160E+02,
17:19:56.13399545, 6.0400E+00, 2.3000E+00, 1.1160E+02,
17:19:56.13399550, 6.0533E+00, 2.2667E+00, 1.1160E+02,
17:19:56.13399555, 6.0800E+00, 2.3333E+00, 1.1173E+02,
17:19:56.13399560, 6.0400E+00, 2.2667E+00, 1.1160E+02,
17:19:56.13399565, 6.0667E+00, 2.2667E+00, 1.1160E+02,
17:19:56.13399570, 6.0400E+00, 2.2333E+00, 1.1147E+02,
17:19:56.13399575, 6.0400E+00, 2.3000E+00, 1.1160E+02,
17:19:56.13399580, 6.0400E+00, 2.3000E+00, 1.1160E+02,
17:19:56.13399585, 6.0667E+00, 2.2667E+00, 1.1160E+02,
17:19:56.13399590, 6.0667E+00, 2.3333E+00, 1.1120E+02,
17:19:56.13399595, 6.0533E+00, 2.3000E+00, 1.1160E+02,
17:19:56.13399600, 6.0400E+00, 2.3000E+00, 1.1160E+02,
17:19:56.13399605, 6.0400E+00, 2.2333E+00, 1.1160E+02,
17:19:56.13399610, 6.0667E+00, 2.2667E+00, 1.1160E+02,
17:19:56.13399615, 6.0667E+00, 2.2333E+00, 1.1147E+02,
17:19:56.13399620, 6.0667E+00, 2.3000E+00, 1.1147E+02,
17:19:56.13399625, 6.0667E+00, 2.2667E+00, 1.1160E+02,
17:19:56.13399630, 6.0533E+00, 2.2333E+00, 1.1160E+02,
17:19:56.13399635, 6.0667E+00, 2.3000E+00, 1.1160E+02,
17:19:56.13399640, 6.0400E+00, 2.3000E+00, 1.1120E+02,
17:19:56.13399645, 6.0400E+00, 2.2667E+00, 1.1133E+02,
17:19:56.13399650, 6.0400E+00, 2.2333E+00, 1.1160E+02,
17:19:56.13399655, 6.0667E+00, 2.2333E+00, 1.1147E+02,
17:19:56.13399660, 6.0533E+00, 2.2333E+00, 1.1147E+02,
17:19:56.13399665, 6.0800E+00, 2.3000E+00, 1.1147E+02,
17:19:56.13399670, 6.0800E+00, 2.2667E+00, 1.1147E+02,
17:19:56.13399675, 6.0533E+00, 2.1667E+00, 1.1147E+02,
17:19:56.13399680, 6.0667E+00, 2.3000E+00, 1.1147E+02,
17:19:56.13399685, 6.0400E+00, 2.2667E+00, 1.1120E+02,
17:19:56.13399690, 6.0533E+00, 2.3000E+00, 1.1133E+02,
17:19:56.13399695, 6.0533E+00, 2.3333E+00, 1.1133E+02,
17:19:56.13399700, 6.0400E+00, 2.3000E+00, 1.1160E+02,
17:19:56.13399705, 6.0400E+00, 2.2333E+00, 1.1160E+02,
17:19:56.13399710, 6.0400E+00, 2.2667E+00, 1.1147E+02,
17:19:56.13399715, 6.0533E+00, 2.3333E+00, 1.1147E+02,
17:19:56.13399720, 6.0400E+00, 2.2667E+00, 1.1147E+02,
17:19:56.13399725, 6.0533E+00, 2.3000E+00, 1.1120E+02,
17:19:56.13399730, 6.0933E+00, 2.3000E+00, 1.1160E+02,
17:19:56.13399735, 6.0533E+00, 2.2667E+00, 1.1120E+02,
17:19:56.13399740, 6.0400E+00, 2.2333E+00, 1.1120E+02,
17:19:56.13399745, 6.0800E+00, 2.3333E+00, 1.1133E+02,
17:19:56.13399750, 6.0667E+00, 2.2333E+00, 1.1080E+02,
17:19:56.13399755, 6.0400E+00, 2.2333E+00, 1.1160E+02,
17:19:56.13399760, 6.0533E+00, 2.3333E+00, 1.1147E+02,
17:19:56.13399765, 6.0933E+00, 2.3333E+00, 1.1120E+02,
17:19:56.13399770, 6.0533E+00, 2.2667E+00, 1.1147E+02,
17:19:56.13399775, 6.0533E+00, 2.2667E+00, 1.1107E+02,
17:19:56.13399780, 6.0533E+00, 2.2667E+00, 1.1120E+02,
17:19:56.13399785, 6.0533E+00, 2.3000E+00, 1.1147E+02,
17:19:56.13399790, 6.0533E+00, 2.2333E+00, 1.1107E+02,
17:19:56.13399795, 6.0267E+00, 2.2333E+00, 1.1120E+02,
17:19:56.13399800, 6.0667E+00, 2.2667E+00, 1.1120E+02,
17:19:56.13399805, 6.0533E+00, 2.3000E+00, 1.1133E+02,
17:19:56.13399810, 6.0933E+00, 2.2667E+00, 1.1147E+02,
17:19:56.13399815, 6.0667E+00, 2.2000E+00, 1.1147E+02,
17:19:56.13399820, 6.0800E+00, 2.3667E+00, 1.1147E+02,
17:19:56.13399825, 6.0533E+00, 2.2667E+00, 1.1107E+02,
17:19:56.13399830, 6.0267E+00, 2.2333E+00, 1.1093E+02,
17:19:56.13399835, 6.0400E+00, 2.3667E+00, 1.1120E+02,
17:19:56.13399840, 6.0533E+00, 2.2667E+00, 1.1120E+02,
17:19:56.13399845, 6.0267E+00, 2.2333E+00, 1.1120E+02,
17:19:56.13399850, 6.0267E+00, 2.2333E+00, 1.1107E+02,
17:19:56.13399855, 6.0667E+00, 2.2667E+00, 1.1120E+02,
17:19:56.13399860, 6.0400E+00, 2.3000E+00, 1.1133E+02,
17:19:56.13399865, 6.0667E+00, 2.2667E+00, 1.1120E+02,
17:19:56.13399870, 6.0400E+00, 2.3000E+00, 1.1120E+02,
17:19:56.13399875, 6.0533E+00, 2.3000E+00, 1.1093E+02,
17:19:56.13399880, 6.0400E+00, 2.3000E+00, 1.1080E+02,
17:19:56.13399885, 6.0267E+00, 2.3000E+00, 1.1093E+02,
17:19:56.13399890, 6.0533E+00, 2.2333E+00, 1.1093E+02,
17:19:56.13399895, 6.0400E+00, 2.2333E+00, 1.1107E+02,
17:19:56.13399900, 6.0400E+00, 2.2333E+00, 1.1093E+02,
17:19:56.13399905, 6.0533E+00, 2.4000E+00, 1.1107E+02,
17:19:56.13399910, 6.0533E+00, 2.2333E+00, 1.1107E+02,
17:19:56.13399915, 6.0400E+00, 2.3000E+00, 1.1107E+02,
17:19:56.13399920, 6.0400E+00, 2.3000E+00, 1.1093E+02,
17:19:56.13399925, 6.0267E+00, 2.3000E+00, 1.1120E+02,
17:19:56.13399930, 6.0533E+00, 2.2667E+00, 1.1107E+02,
17:19:56.13399935, 6.0133E+00, 2.2667E+00, 1.1080E+02,
17:19:56.13399940, 6.0000E+00, 2.2000E+00, 1.1093E+02,
17:19:56.13399945, 6.0400E+00, 2.3000E+00, 1.1093E+02,
17:19:56.13399950, 6.0667E+00, 2.2667E+00, 1.1120E+02,
17:19:56.13399955, 6.0667E+00, 2.2667E+00, 1.1120E+02,
17:19:56.13399960, 6.0400E+00, 2.2333E+00, 1.1093E+02,
17:19:56.13399965, 6.0800E+00, 2.2667E+00, 1.1147E+02,
17:19:56.13399970, 6.0667E+00, 2.3000E+00, 1.1067E+02,
17:19:56.13399975, 6.0267E+00, 2.2667E+00, 1.1107E+02,
17:19:56.13399980, 6.0400E+00, 2.2667E+00, 1.1080E+02,
17:19:56.13399985, 6.0533E+00, 2.2667E+00, 1.1093E+02,
17:19:56.13399990, 6.0400E+00, 2.2333E+00, 1.1067E+02,
17:19:56.13399995, 6.0400E+00, 2.2667E+00, 1.1107E+02,
17:19:56.13400000, 6.0667E+00, 2.2667E+00, 1.1093E+02,
17:19:56.13400005, 6.0667E+00, 2.2333E+00, 1.1107E+02,
17:19:56.13400010, 6.0400E+00, 2.2667E+00, 1.1093E+02,
17:19:56.13400015, 6.0667E+00, 2.2333E+00, 1.1080E+02,
17:19:56.13400020, 6.0533E+00, 2.2333E+00, 1.1080E+02,
17:19:56.13400025, 6.0267E+00, 2.2667E+00, 1.1053E+02,
17:19:56.13400030, 6.0400E+00, 2.2667E+00, 1.1080E+02,
17:19:56.13400035, 6.0533E+00, 2.2333E+00, 1.1093E+02,
17:19:56.13400040, 6.0267E+00, 2.2333E+00, 1.1093E+02,
17:19:56.13400045, 6.0533E+00, 2.2333E+00, 1.1080E+02,
17:19:56.13400050, 6.0667E+00, 2.2333E+00, 1.1093E+02,
17:19:56.13400055, 6.0533E+00, 2.3333E+00, 1.1107E+02,
17:19:56.13400060, 6.0533E+00, 2.3000E+00, 1.1080E+02,
17:19:56.13400065, 6.0533E+00, 2.3000E+00, 1.1067E+02,
17:19:56.13400070, 6.0400E+00, 2.3333E+00, 1.1080E+02,
17:19:56.13400075, 6.0533E+00, 2.3000E+00, 1.1027E+02,
17:19:56.13400080, 6.0267E+00, 2.2667E+00, 1.1067E+02,
17:19:56.13400085, 6.0533E+00, 2.3000E+00, 1.1067E+02,
17:19:56.13400090, 6.0400E+00, 2.2333E+00, 1.1093E+02,
17:19:56.13400095, 6.0667E+00, 2.3000E+00, 1.1067E+02,
17:19:56.13400100, 6.0800E+00, 2.3000E+00, 1.1053E+02,
17:19:56.13400105, 6.0800E+00, 2.2333E+00, 1.1093E+02,
17:19:56.13400110, 6.0667E+00, 2.2333E+00, 1.1053E+02,
17:19:56.13400115, 6.0667E+00, 2.2667E+00, 1.1093E+02,
17:19:56.13400120, 6.0133E+00, 2.3000E+00, 1.1067E+02,
17:19:56.13400125, 6.0400E+00, 2.2667E+00, 1.1053E+02,
17:19:56.13400130, 6.0533E+00, 2.2667E+00, 1.1040E+02,
17:19:56.13400135, 6.0533E+00, 2.3000E+00, 1.1053E+02,
17:19:56.13400140, 6.0667E+00, 2.2667E+00, 1.1067E+02,
17:19:56.13400145, 6.0400E+00, 2.2667E+00, 1.1080E+02,
17:19:56.13400150, 6.0800E+00, 2.3000E+00, 1.1093E+02,
17:19:56.13400155, 6.0533E+00, 2.2333E+00, 1.1067E+02,
17:19:56.13400160, 6.0400E+00, 2.2333E+00, 1.1067E+02,
17:19:56.13400165, 6.0400E+00, 2.2333E+00, 1.1080E+02,
17:19:56.13400170, 6.0400E+00, 2.2333E+00, 1.1067E+02,
17:19:56.13400175, 6.0267E+00, 2.2667E+00, 1.1080E+02,
17:19:56.13400180, 6.0400E+00, 2.3000E+00, 1.1053E+02,
17:19:56.13400185, 6.0533E+00, 2.3333E+00, 1.1080E+02,
17:19:56.13400190, 6.0800E+00, 2.2000E+00, 1.1080E+02,
17:19:56.13400195, 6.0800E+00, 2.3000E+00, 1.1067E+02,
17:19:56.13400200, 6.0800E+00, 2.2667E+00, 1.1053E+02,
17:19:56.13400205, 6.0667E+00, 2.3000E+00, 1.1040E+02,
17:19:56.13400210, 6.0667E+00, 2.3000E+00, 1.1067E+02,
17:19:56.13400215, 6.0267E+00, 2.3667E+00, 1.1067E+02,
17:19:56.13400220, 6.0533E+00, 2.3000E+00, 1.1053E+02,
17:19:56.13400225, 6.0533E+00, 2.2667E+00, 1.1027E+02,
17:19:56.13400230, 6.0667E+00, 2.2667E+00, 1.1040E+02,
17:19:56.13400235, 6.0800E+00, 2.2667E+00, 1.1053E+02,
17:19:56.13400240, 6.0533E+00, 2.3000E+00, 1.1067E+02,
17:19:56.13400245, 6.0667E+00, 2.2667E+00, 1.1040E+02,
17:19:56.13400250, 5.2933E+00, 2.4333E+00, 1.1040E+02,
17:19:56.13400255, 3.0267E+00, 7.7000E+00, 1.1053E+02,
17:19:56.13400260, 2.0400E+00, 8.9667E+00, 1.1093E+02,
17:19:56.13400265, 2.0800E+00, 8.0667E+00, 1.1067E+02,
17:19:56.13400270, 2.0400E+00, 7.9667E+00, 1.1093E+02,
17:19:56.13400275, 1.8800E+00, 7.5333E+00, 1.1027E+02,
17:19:56.13400280, 1.7467E+00, 5.2333E+00, 1.0973E+02,
17:19:56.13400285, 1.1067E+00, 4.9667E+00, 1.0907E+02,
17:19:56.13400290, 8.0000E-01, 4.7333E+00, 1.0853E+02,
17:19:56.13400295, 7.6000E-01, 4.6333E+00, 1.0760E+02,
17:19:56.13400300, 6.8000E-01, 4.6667E+00, 1.0680E+02,
17:19:56.13400305, 6.6667E-01, 4.6333E+00, 1.0613E+02,
17:19:56.13400310, 6.6667E-01, 4.6000E+00, 1.0587E+02,
17:19:56.13400315, 6.5333E-01, 4.6000E+00, 1.0533E+02,
17:19:56.13400320, 6.4000E-01, 4.5333E+00, 1.0493E+02,
17:19:56.13400325, 6.6667E-01, 4.5000E+00, 1.0427E+02,
17:19:56.13400330, 6.6667E-01, 4.5667E+00, 1.0360E+02,
17:19:56.13400335, 6.6667E-01, 4.6667E+00, 1.0347E+02,
17:19:56.13400340, 6.5333E-01, 4.6333E+00, 1.0307E+02,
17:19:56.13400345, 6.8000E-01, 4.6333E+00, 1.0253E+02,
17:19:56.13400350, 6.6667E-01, 4.7000E+00, 1.0200E+02,
17:19:56.13400355, 6.5333E-01, 4.7333E+00, 1.0173E+02,
17:19:56.13400360, 6.5333E-01, 4.8000E+00, 1.0120E+02,
17:19:56.13400365, 6.5333E-01, 4.7667E+00, 1.0067E+02,
17:19:56.13400370, 6.6667E-01, 4.8667E+00, 1.0027E+02,
17:19:56.13400375, 6.9333E-01, 4.9333E+00, 9.9467E+01,
17:19:56.13400380, 6.6667E-01, 4.9000E+00, 9.9200E+01,
17:19:56.13400385, 6.8000E-01, 4.9667E+00, 9.8533E+01,
17:19:56.13400390, 6.9333E-01, 4.9667E+00, 9.8133E+01,
17:19:56.13400395, 6.8000E-01, 5.0000E+00, 9.7867E+01,
17:19:56.13400400, 6.6667E-01, 5.0000E+00, 9.7333E+01,
17:19:56.13400405, 6.6667E-01, 5.0333E+00, 9.6933E+01,
17:19:56.13400410, 6.5333E-01, 5.1000E+00, 9.6133E+01,
17:19:56.13400415, 6.4000E-01, 5.1000E+00, 9.5733E+01,
17:19:56.13400420, 6.5333E-01, 5.2000E+00, 9.5333E+01,
17:19:56.13400425, 6.2667E-01, 5.2667E+00, 9.4933E+01,
17:19:56.13400430, 6.2667E-01, 5.3000E+00, 9.4533E+01,
17:19:56.13400435, 6.5333E-01, 5.3667E+00, 9.3733E+01,
17:19:56.13400440, 6.2667E-01, 5.4000E+00, 9.3333E+01,
17:19:56.13400445, 6.6667E-01, 5.4000E+00, 9.2533E+01,
17:19:56.13400450, 6.4000E-01, 5.4000E+00, 9.2000E+01,
17:19:56.13400455, 6.6667E-01, 5.5333E+00, 9.1600E+01,
17:19:56.13400460, 6.5333E-01, 5.5333E+00, 9.1067E+01,
17:19:56.13400465, 6.5333E-01, 5.5000E+00, 9.0267E+01,
17:19:56.13400470, 6.6667E-01, 5.6333E+00, 8.9733E+01,
17:19:56.13400475, 6.6667E-01, 5.6333E+00, 8.9333E+01,
17:19:56.13400480, 6.6667E-01, 5.6667E+00, 8.8933E+01,
17:19:56.13400485, 6.6667E-01, 5.6667E+00, 8.8267E+01,
17:19:56.13400490, 6.8000E-01, 5.7000E+00, 8.7333E+01,
17:19:56.13400495, 6.8000E-01, 5.8333E+00, 8.6800E+01,
17:19:56.13400500, 6.5333E-01, 5.8333E+00, 8.6267E+01,
17:19:56.13400505, 6.5333E-01, 5.8667E+00, 8.5600E+01,
17:19:56.13400510, 6.4000E-01, 5.9000E+00, 8.5067E+01,
17:19:56.13400515, 6.5333E-01, 6.0000E+00, 8.4000E+01,
17:19:56.13400520, 6.5333E-01, 6.0000E+00, 8.4000E+01,
17:19:56.13400525, 6.5333E-01, 6.0333E+00, 8.2933E+01,
17:19:56.13400530, 6.6667E-01, 6.1000E+00, 8.2667E+01,
17:19:56.13400535, 6.9333E-01, 6.1333E+00, 8.1600E+01,
17:19:56.13400540, 6.6667E-01, 6.1667E+00, 8.1067E+01,
17:19:56.13400545, 6.6667E-01, 6.1667E+00, 8.0533E+01,
17:19:56.13400550, 6.4000E-01, 6.2333E+00, 7.9867E+01,
17:19:56.13400555, 6.8000E-01, 6.3333E+00, 7.9067E+01,
17:19:56.13400560, 6.6667E-01, 6.3333E+00, 7.8400E+01,
17:19:56.13400565, 6.6667E-01, 6.3333E+00, 7.7600E+01,
17:19:56.13400570, 6.8000E-01, 6.3333E+00, 7.6800E+01,
17:19:56.13400575, 6.5333E-01, 6.4333E+00, 7.6400E+01,
17:19:56.13400580, 6.6667E-01, 6.4667E+00, 7.6000E+01,
17:19:56.13400585, 6.8000E-01, 6.5667E+00, 7.5333E+01,
17:19:56.13400590, 6.8000E-01, 6.4667E+00, 7.4400E+01,
17:19:56.13400595, 6.6667E-01, 6.6000E+00, 7.3600E+01,
17:19:56.13400600, 6.5333E-01, 6.6333E+00, 7.3200E+01,
17:19:56.13400605, 6.4000E-01, 6.6667E+00, 7.2133E+01,
17:19:56.13400610, 6.6667E-01, 6.6000E+00, 7.1733E+01,
17:19:56.13400615, 6.8000E-01, 6.7000E+00, 7.0667E+01,
17:19:56.13400620, 6.5333E-01, 6.7667E+00, 7.0000E+01,
17:19:56.13400625, 6.5333E-01, 6.7667E+00, 6.9467E+01,
17:19:56.13400630, 6.5333E-01, 6.8333E+00, 6.8667E+01,
17:19:56.13400635, 6.4000E-01, 6.8667E+00, 6.7867E+01,
17:19:56.13400640, 6.5333E-01, 6.9333E+00, 6.7333E+01,
17:19:56.13400645, 6.5333E-01, 6.9333E+00, 6.6267E+01,
17:19:56.13400650, 6.4000E-01, 6.9333E+00, 6.5733E+01,
17:19:56.13400655, 6.1333E-01, 7.0000E+00, 6.4933E+01,
17:19:56.13400660, 6.2667E-01, 6.9333E+00, 6.4400E+01,
17:19:56.13400665, 6.5333E-01, 6.9667E+00, 6.3600E+01,
17:19:56.13400670, 6.6667E-01, 7.0667E+00, 6.2533E+01,
17:19:56.13400675, 6.6667E-01, 7.0667E+00, 6.2133E+01,
17:19:56.13400680, 6.6667E-01, 7.1333E+00, 6.1600E+01,
17:19:56.13400685, 6.6667E-01, 7.2000E+00, 6.0800E+01,
17:19:56.13400690, 6.6667E-01, 7.1667E+00, 6.0000E+01,
17:19:56.13400695, 6.5333E-01, 7.2000E+00, 5.9067E+01,
17:19:56.13400700, 6.4000E-01, 7.2667E+00, 5.8133E+01,
17:19:56.13400705, 6.6667E-01, 7.2667E+00, 5.7733E+01,
17:19:56.13400710, 6.4000E-01, 7.3000E+00, 5.6800E+01,
17:19:56.13400715, 6.5333E-01, 7.3333E+00, 5.5600E+01,
17:19:56.13400720, 6.6667E-01, 7.3333E+00, 5.5200E+01,
17:19:56.13400725, 6.6667E-01, 7.3667E+00, 5.4400E+01,
17:19:56.13400730, 6.6667E-01, 7.3667E+00, 5.3600E+01,
17:19:56.13400735, 6.5333E-01, 7.4000E+00, 5.2800E+01,
17:19:56.13400740, 6.0000E-01, 7.4667E+00, 5.2000E+01,
17:19:56.13400745, 6.1333E-01, 7.4333E+00, 5.1333E+01,
17:19:56.13400750, 6.6667E-01, 7.4333E+00, 5.0400E+01,
17:19:56.13400755, 6.4000E-01, 7.5000E+00, 4.9733E+01,
17:19:56.13400760, 6.4000E-01, 7.5000E+00, 4.8933E+01,
17:19:56.13400765, 6.4000E-01, 7.6667E+00, 4.8000E+01,
17:19:56.13400770, 6.5333E-01, 7.5667E+00, 4.7600E+01,
17:19:56.13400775, 6.6667E-01, 7.6000E+00, 4.6133E+01,
17:19:56.13400780, 6.6667E-01, 7.6667E+00, 4.5733E+01,
17:19:56.13400785, 6.4000E-01, 7.6333E+00, 4.4800E+01,
17:19:56.13400790, 6.6667E-01, 7.6000E+00, 4.4133E+01,
17:19:56.13400795, 6.4000E-01, 7.6000E+00, 4.3333E+01,
17:19:56.13400800, 6.4000E-01, 7.6333E+00, 4.2400E+01,
17:19:56.13400805, 6.6667E-01, 7.7333E+00, 4.1600E+01,
17:19:56.13400810, 6.5333E-01, 7.7000E+00, 4.0667E+01,
17:19:56.13400815, 6.2667E-01, 7.7000E+00, 4.0000E+01,
17:19:56.13400820, 6.8000E-01, 7.7000E+00, 3.9200E+01,
17:19:56.13400825, 6.6667E-01, 7.7000E+00, 3.8400E+01,
17:19:56.13400830, 6.6667E-01, 7.7667E+00, 3.7600E+01,
17:19:56.13400835, 6.5333E-01, 7.7000E+00, 3.6800E+01,
17:19:56.13400840, 6.2667E-01, 7.7000E+00, 3.6000E+01,
17:19:56.13400845, 6.2667E-01, 7.7000E+00, 3.5067E+01,
17:19:56.13400850, 6.2667E-01, 7.7333E+00, 3.4400E+01,
17:19:56.13400855, 6.4000E-01, 7.7000E+00, 3.3600E+01,
17:19:56.13400860, 6.2667E-01, 7.7333E+00, 3.2667E+01,
17:19:56.13400865, 6.4000E-01, 7.7333E+00, 3.1867E+01,
17:19:56.13400870, 6.4000E-01, 7.7667E+00, 3.1067E+01,
17:19:56.13400875, 6.5333E-01, 7.7000E+00, 3.0000E+01,
17:19:56.13400880, 6.1333E-01, 7.7667E+00, 2.9200E+01,
17:19:56.13400885, 6.1333E-01, 7.7667E+00, 2.8400E+01,
17:19:56.13400890, 6.0000E-01, 7.7333E+00, 2.7467E+01,
17:19:56.13400895, 6.2667E-01, 7.7333E+00, 2.6533E+01,
17:19:56.13400900, 6.2667E-01, 7.8000E+00, 2.5600E+01,
17:19:56.13400905, 6.1333E-01, 7.8000E+00, 2.4933E+01,
17:19:56.13400910, 6.1333E-01, 7.7333E+00, 2.4000E+01,
17:19:56.13400915, 6.4000E-01, 7.7000E+00, 2.3333E+01,
17:19:56.13400920, 6.0000E-01, 7.7000E+00, 2.2400E+01,
17:19:56.13400925, 6.2667E-01, 7.6667E+00, 2.1867E+01,
17:19:56.13400930, 6.0000E-01, 7.6667E+00, 2.0800E+01,
17:19:56.13400935, 5.7333E-01, 7.7000E+00, 1.9733E+01,
17:19:56.13400940, 5.7333E-01, 7.7000E+00, 1.9067E+01,
17:19:56.13400945, 5.6000E-01, 7.7000E+00, 1.8533E+01,
17:19:56.13400950, 5.7333E-01, 7.7000E+00, 1.7067E+01,
17:19:56.13400955, 6.0000E-01, 7.6000E+00, 1.6667E+01,
17:19:56.13400960, 5.7333E-01, 7.7000E+00, 1.5867E+01,
17:19:56.13400965, 5.8667E-01, 7.6333E+00, 1.4800E+01,
17:19:56.13400970, 5.7333E-01, 7.5667E+00, 1.4133E+01,
17:19:56.13400975, 6.0000E-01, 7.5667E+00, 1.3467E+01,
17:19:56.13400980, 5.8667E-01, 7.5667E+00, 1.2667E+01,
17:19:56.13400985, 5.6000E-01, 7.5333E+00, 1.1467E+01,
17:19:56.13400990, 5.6000E-01, 7.5000E+00, 1.0667E+01,
17:19:56.13400995, 5.6000E-01, 7.5000E+00, 1.0000E+01,
17:19:56.13401000, 5.6000E-01, 7.4333E+00, 9.2000E+00,
17:19:56.13401005, 5.6000E-01, 7.4333E+00, 8.6667E+00,
17:19:56.13401010, 5.6000E-01, 7.3333E+00, 7.4667E+00,
17:19:56.13401015, 5.7333E-01, 7.3667E+00, 7.0667E+00,
17:19:56.13401020, 5.7333E-01, 7.3667E+00, 6.1333E+00,
17:19:56.13401025, 5.6000E-01, 7.2667E+00, 5.3333E+00,
17:19:56.13401030, 5.2000E-01, 7.2333E+00, 4.8000E+00,
17:19:56.13401035, 5.2000E-01, 7.2667E+00, 3.8667E+00,
17:19:56.13401040, 5.2000E-01, 7.1000E+00, 3.0667E+00,
17:19:56.13401045, 5.2000E-01, 7.2000E+00, 2.1333E+00,
17:19:56.13401050, 5.2000E-01, 7.1000E+00, 1.3333E+00,
17:19:56.13401055, 5.2000E-01, 7.1333E+00, 6.6667E-01,
17:19:56.13401060, 5.3333E-01, 7.0000E+00,-4.0000E-01,
17:19:56.13401065, 5.0667E-01, 7.0333E+00,-6.6667E-01,
17:19:56.13401070, 5.0667E-01, 6.9667E+00,-1.4667E+00,
17:19:56.13401075, 4.8000E-01, 7.0000E+00,-2.0000E+00,
17:19:56.13401080, 5.0667E-01, 6.9000E+00,-2.9333E+00,
17:19:56.13401085, 5.2000E-01, 6.9667E+00,-3.7333E+00,
17:19:56.13401090, 4.9333E-01, 6.8667E+00,-4.5333E+00,
17:19:56.13401095, 5.0667E-01, 6.8000E+00,-5.2000E+00,
17:19:56.13401100, 4.8000E-01, 6.7667E+00,-6.1333E+00,
17:19:56.13401105, 5.2000E-01, 6.7000E+00,-6.4000E+00,
17:19:56.13401110, 5.0667E-01, 6.7000E+00,-7.6000E+00,
17:19:56.13401115, 4.9333E-01, 6.7000E+00,-8.0000E+00,
17:19:56.13401120, 4.4000E-01, 6.6333E+00,-8.5333E+00,
17:19:56.13401125, 4.5333E-01, 6.5667E+00,-9.4667E+00,
17:19:56.13401130, 4.5333E-01, 6.6333E+00,-1.0267E+01,
17:19:56.13401135, 4.6667E-01, 6.5333E+00,-1.0267E+01,
17:19:56.13401140, 4.6667E-01, 6.5333E+00,-1.1600E+01,
17:19:56.13401145, 4.5333E-01, 6.4333E+00,-1.2267E+01,
17:19:56.13401150, 4.2667E-01, 6.4333E+00,-1.2800E+01,
17:19:56.13401155, 4.2667E-01, 6.4000E+00,-1.3333E+01,
17:19:56.13401160, 4.6667E-01, 6.3333E+00,-1.3733E+01,
17:19:56.13401165, 4.2667E-01, 6.4000E+00,-1.4667E+01,
17:19:56.13401170, 4.2667E-01, 6.2333E+00,-1.5333E+01,
17:19:56.13401175, 4.2667E-01, 6.2667E+00,-1.5867E+01,
17:19:56.13401180, 4.2667E-01, 6.2667E+00,-1.6800E+01,
17:19:56.13401185, 3.8667E-01, 6.1333E+00,-1.7333E+01,
17:19:56.13401190, 3.8667E-01, 6.1667E+00,-1.8000E+01,
17:19:56.13401195, 3.8667E-01, 6.1333E+00,-1.8400E+01,
17:19:56.13401200, 4.0000E-01, 6.1000E+00,-1.9200E+01,
17:19:56.13401205, 4.0000E-01, 6.0000E+00,-2.0000E+01,
17:19:56.13401210, 3.8667E-01, 5.9667E+00,-2.0400E+01,
17:19:56.13401215, 4.0000E-01, 5.9000E+00,-2.0533E+01,
17:19:56.13401220, 3.6000E-01, 5.9000E+00,-2.1467E+01,
17:19:56.13401225, 3.7333E-01, 5.8333E+00,-2.2267E+01,
17:19:56.13401230, 3.4667E-01, 5.8000E+00,-2.2533E+01,
17:19:56.13401235, 3.7333E-01, 5.8333E+00,-2.3333E+01,
17:19:56.13401240, 3.7333E-01, 5.8000E+00,-2.3733E+01,
17:19:56.13401245, 3.4667E-01, 5.6667E+00,-2.4267E+01,
17:19:56.13401250, 3.6000E-01, 5.6667E+00,-2.4933E+01,
17:19:56.13401255, 3.4667E-01, 5.6333E+00,-2.5600E+01,
17:19:56.13401260, 3.4667E-01, 5.5333E+00,-2.5733E+01,
17:19:56.13401265, 3.2000E-01, 5.4333E+00,-2.6533E+01,
17:19:56.13401270, 3.0667E-01, 5.4667E+00,-2.6800E+01,
17:19:56.13401275, 3.0667E-01, 5.4667E+00,-2.7600E+01,
17:19:56.13401280, 3.0667E-01, 5.3333E+00,-2.7867E+01,
17:19:56.13401285, 3.0667E-01, 5.3000E+00,-2.8267E+01,
17:19:56.13401290, 3.0667E-01, 5.3000E+00,-2.9333E+01,
17:19:56.13401295, 2.9333E-01, 5.2667E+00,-2.9733E+01,
17:19:56.13401300, 3.3333E-01, 5.2333E+00,-3.0133E+01,
17:19:56.13401305, 2.8000E-01, 5.2000E+00,-3.0667E+01,
17:19:56.13401310, 2.9333E-01, 5.1333E+00,-3.1067E+01,
17:19:56.13401315, 2.9333E-01, 5.0667E+00,-3.1467E+01,
17:19:56.13401320, 2.5333E-01, 5.1000E+00,-3.2000E+01,
17:19:56.13401325, 2.4000E-01, 4.9667E+00,-3.2800E+01,
17:19:56.13401330, 2.5333E-01, 4.9667E+00,-3.2800E+01,
17:19:56.13401335, 2.6667E-01, 4.9333E+00,-3.3200E+01,
17:19:56.13401340, 2.6667E-01, 4.9000E+00,-3.3867E+01,
17:19:56.13401345, 2.6667E-01, 4.8667E+00,-3.4133E+01,
17:19:56.13401350, 2.6667E-01, 4.8667E+00,-3.4667E+01,
17:19:56.13401355, 2.4000E-01, 4.7333E+00,-3.5333E+01,
17:19:56.13401360, 2.5333E-01, 4.7333E+00,-3.5333E+01,
17:19:56.13401365, 2.2667E-01, 4.6667E+00,-3.6000E+01,
17:19:56.13401370, 2.1333E-01, 4.6333E+00,-3.6133E+01,
17:19:56.13401375, 2.2667E-01, 4.6667E+00,-3.6400E+01,
17:19:56.13401380, 2.2667E-01, 4.5667E+00,-3.7467E+01,
17:19:56.13401385, 2.2667E-01, 4.5667E+00,-3.7467E+01,
17:19:56.13401390, 2.0000E-01, 4.5000E+00,-3.8000E+01,
17:19:56.13401395, 2.2667E-01, 4.4333E+00,-3.8533E+01,
17:19:56.13401400, 2.2667E-01, 4.4333E+00,-3.8267E+01,
17:19:56.13401405, 2.1333E-01, 4.3333E+00,-3.9067E+01,
17:19:56.13401410, 2.0000E-01, 4.3667E+00,-3.9200E+01,
17:19:56.13401415, 2.1333E-01, 4.3333E+00,-3.9733E+01,
17:19:56.13401420, 1.7333E-01, 4.2667E+00,-4.0133E+01,
17:19:56.13401425, 1.8667E-01, 4.2667E+00,-4.0267E+01,
17:19:56.13401430, 1.7333E-01, 4.2333E+00,-4.0400E+01,
17:19:56.13401435, 1.7333E-01, 4.1333E+00,-4.0933E+01,
17:19:56.13401440, 1.8667E-01, 4.1000E+00,-4.1600E+01,
17:19:56.13401445, 1.7333E-01, 4.0000E+00,-4.2000E+01,
17:19:56.13401450, 2.0000E-01, 4.0000E+00,-4.1733E+01,
17:19:56.13401455, 1.8667E-01, 4.0667E+00,-4.2133E+01,
17:19:56.13401460, 1.4667E-01, 3.9667E+00,-4.2667E+01,
17:19:56.13401465, 1.6000E-01, 3.9333E+00,-4.2800E+01,
17:19:56.13401470, 1.4667E-01, 3.9000E+00,-4.2933E+01,
17:19:56.13401475, 9.3333E-02, 3.8333E+00,-4.3067E+01,
17:19:56.13401480, 1.3333E-01, 3.7667E+00,-4.3333E+01,
17:19:56.13401485, 1.3333E-01, 3.7667E+00,-4.3867E+01,
17:19:56.13401490, 1.3333E-01, 3.7667E+00,-4.4133E+01,
17:19:56.13401495, 1.3333E-01, 3.7000E+00,-4.4533E+01,
17:19:56.13401500, 1.3333E-01, 3.6333E+00,-4.4533E+01,
17:19:56.13401505, 1.3333E-01, 3.5333E+00,-4.4667E+01,
17:19:56.13401510, 1.0667E-01, 3.6333E+00,-4.5200E+01,
17:19:56.13401515, 8.0000E-02, 3.5667E+00,-4.5200E+01,
17:19:56.13401520, 9.3333E-02, 3.5000E+00,-4.5467E+01,
17:19:56.13401525, 8.0000E-02, 3.4667E+00,-4.5733E+01,
17:19:56.13401530, 1.0667E-01, 3.5000E+00,-4.6000E+01,
17:19:56.13401535, 1.0667E-01, 3.4000E+00,-4.6000E+01,
17:19:56.13401540, 9.3333E-02, 3.3667E+00,-4.6267E+01,
17:19:56.13401545, 8.0000E-02, 3.3667E+00,-4.6400E+01,
17:19:56.13401550, 9.3333E-02, 3.2667E+00,-4.6667E+01,
17:19:56.13401555, 8.0000E-02, 3.3000E+00,-4.7067E+01,
17:19:56.13401560, 4.0000E-02, 3.3000E+00,-4.6667E+01,
17:19:56.13401565, 4.0000E-02, 3.2667E+00,-4.7467E+01,
17:19:56.13401570, 8.0000E-02, 3.2333E+00,-4.7200E+01,
17:19:56.13401575, 6.6667E-02, 3.2667E+00,-4.7200E+01,
17:19:56.13401580, 9.3333E-02, 3.1000E+00,-4.7733E+01,
17:19:56.13401585, 6.6667E-02, 3.1667E+00,-4.8000E+01,
17:19:56.13401590, 8.0000E-02, 3.0667E+00,-4.7867E+01,
17:19:56.13401595, 5.3333E-02, 3.0667E+00,-4.7867E+01,
17:19:56.13401600, 5.3333E-02, 3.0000E+00,-4.7867E+01,
17:19:56.13401605, 6.6667E-02, 2.9667E+00,-4.8267E+01,
17:19:56.13401610, 2.6667E-02, 2.9667E+00,-4.8667E+01,
17:19:56.13401615, 4.0000E-02, 2.9000E+00,-4.8267E+01,
17:19:56.13401620, 1.3333E-02, 2.9000E+00,-4.8667E+01,
17:19:56.13401625, 1.3333E-02, 2.8667E+00,-4.8533E+01,
17:19:56.13401630, 0.0000E+00, 2.8333E+00,-4.8800E+01,
17:19:56.13401635, 1.3333E-02, 2.8000E+00,-4.8800E+01,
17:19:56.13401640, 4.0000E-02, 2.8333E+00,-4.8933E+01,
17:19:56.13401645, 2.6667E-02, 2.7667E+00,-4.8933E+01,
17:19:56.13401650, 4.0000E-02, 2.7333E+00,-4.9067E+01,
17:19:56.13401655, 0.0000E+00, 2.6333E+00,-4.9067E+01,
17:19:56.13401660, 0.0000E+00, 2.6333E+00,-4.9333E+01,
17:19:56.13401665, 1.3333E-02, 2.6333E+00,-4.9200E+01,
17:19:56.13401670, 1.3333E-02, 2.6333E+00,-4.9467E+01,
17:19:56.13401675, 0.0000E+00, 2.6000E+00,-4.9200E+01,
17:19:56.13401680, 0.0000E+00, 2.5667E+00,-4.9467E+01,
17:19:56.13401685, 2.6667E-02, 2.5333E+00,-4.9600E+01,
17:19:56.13401690, 1.3333E-02, 2.5667E+00,-4.9333E+01,
17:19:56.13401695,-2.6667E-02, 2.5000E+00,-4.9467E+01,
17:19:56.13401700, 1.3333E-02, 2.4667E+00,-4.9467E+01,
17:19:56.13401705,-4.0000E-02, 2.4000E+00,-4.9333E+01,
17:19:56.13401710,-2.6667E-02, 2.4000E+00,-4.9467E+01,
17:19:56.13401715, 0.0000E+00, 2.3667E+00,-4.9333E+01,
17:19:56.13401720,-5.3333E-02, 2.4000E+00,-4.9600E+01,
17:19:56.13401725,-4.0000E-02, 2.3000E+00,-4.9333E+01,
17:19:56.13401730,-4.0000E-02, 2.3000E+00,-4.9333E+01,
17:19:56.13401735,-2.6667E-02, 2.3000E+00,-4.9467E+01,
17:19:56.13401740,-2.6667E-02, 2.2000E+00,-4.9333E+01,
17:19:56.13401745,-2.6667E-02, 2.2333E+00,-4.9467E+01,
17:19:56.13401750,-5.3333E-02, 2.2333E+00,-4.9200E+01,
17:19:56.13401755,-6.6667E-02, 2.2000E+00,-4.9067E+01,
17:19:56.13401760,-8.0000E-02, 2.2000E+00,-4.9067E+01,
17:19:56.13401765,-6.6667E-02, 2.1667E+00,-4.8933E+01,
17:19:56.13401770,-6.6667E-02, 2.1000E+00,-4.8933E+01,
17:19:56.13401775,-8.0000E-02, 2.1000E+00,-4.8800E+01,
17:19:56.13401780,-8.0000E-02, 2.0333E+00,-4.8667E+01,
17:19:56.13401785,-6.6667E-02, 2.0000E+00,-4.8933E+01,
17:19:56.13401790,-6.6667E-02, 2.0000E+00,-4.8667E+01,
17:19:56.13401795,-6.6667E-02, 1.9333E+00,-4.8667E+01,
17:19:56.13401800,-9.3333E-02, 1.9000E+00,-4.8667E+01,
17:19:56.13401805,-8.0000E-02, 1.9333E+00,-4.8667E+01,
17:19:56.13401810,-8.0000E-02, 1.9333E+00,-4.8133E+01,
17:19:56.13401815,-9.3333E-02, 1.9667E+00,-4.8133E+01,
17:19:56.13401820,-8.0000E-02, 1.9000E+00,-4.7867E+01,
17:19:56.13401825,-1.0667E-01, 1.9000E+00,-4.7867E+01,
17:19:56.13401830,-9.3333E-02, 1.7667E+00,-4.7867E+01,
17:19:56.13401835,-9.3333E-02, 1.8333E+00,-4.7733E+01,
17:19:56.13401840,-8.0000E-02, 1.8000E+00,-4.7333E+01,
17:19:56.13401845,-8.0000E-02, 1.7333E+00,-4.7200E+01,
17:19:56.13401850,-1.2000E-01, 1.8333E+00,-4.7467E+01,
17:19:56.13401855,-8.0000E-02, 1.7667E+00,-4.7067E+01,
17:19:56.13401860,-8.0000E-02, 1.7333E+00,-4.6933E+01,
17:19:56.13401865,-9.3333E-02, 1.7333E+00,-4.6667E+01,
17:19:56.13401870,-1.0667E-01, 1.7000E+00,-4.6800E+01,
17:19:56.13401875,-9.3333E-02, 1.7000E+00,-4.6667E+01,
17:19:56.13401880,-1.4667E-01, 1.6667E+00,-4.6400E+01,
17:19:56.13401885,-1.2000E-01, 1.6333E+00,-4.6133E+01,
17:19:56.13401890,-9.3333E-02, 1.6000E+00,-4.5867E+01,
17:19:56.13401895,-1.2000E-01, 1.5333E+00,-4.5733E+01,
17:19:56.13401900,-1.4667E-01, 1.5333E+00,-4.5733E+01,
17:19:56.13401905,-1.0667E-01, 1.5667E+00,-4.5333E+01,
17:19:56.13401910,-1.2000E-01, 1.5333E+00,-4.5333E+01,
17:19:56.13401915,-1.2000E-01, 1.5333E+00,-4.4800E+01,
17:19:56.13401920,-1.0667E-01, 1.5667E+00,-4.4667E+01,
17:19:56.13401925,-1.0667E-01, 1.5000E+00,-4.4933E+01,
17:19:56.13401930,-1.0667E-01, 1.4667E+00,-4.4533E+01,
17:19:56.13401935,-1.0667E-01, 1.5000E+00,-4.4400E+01,
17:19:56.13401940,-1.3333E-01, 1.5000E+00,-4.4000E+01,
17:19:56.13401945,-1.6000E-01, 1.5000E+00,-4.3067E+01,
17:19:56.13401950,-1.3333E-01, 1.4333E+00,-4.3333E+01,
17:19:56.13401955,-1.4667E-01, 1.4667E+00,-4.3200E+01,
17:19:56.13401960,-1.2000E-01, 1.4000E+00,-4.3067E+01,
17:19:56.13401965,-1.4667E-01, 1.4000E+00,-4.2933E+01,
17:19:56.13401970,-1.6000E-01, 1.3667E+00,-4.2133E+01,
17:19:56.13401975,-1.2000E-01, 1.3333E+00,-4.2133E+01,
17:19:56.13401980,-1.7333E-01, 1.2667E+00,-4.2133E+01,
17:19:56.13401985,-1.7333E-01, 1.2667E+00,-4.1600E+01,
17:19:56.13401990,-1.6000E-01, 1.3333E+00,-4.1467E+01,
17:19:56.13401995,-1.7333E-01, 1.3000E+00,-4.1333E+01,
17:19:56.13402000,-1.6000E-01, 1.2667E+00,-4.0667E+01,
17:19:56.13402005,-1.6000E-01, 1.2333E+00,-4.0667E+01,
17:19:56.13402010,-1.7333E-01, 1.2333E+00,-4.0400E+01,
17:19:56.13402015,-1.4667E-01, 1.2000E+00,-4.0133E+01,
17:19:56.13402020,-1.4667E-01, 1.2333E+00,-4.0000E+01,
17:19:56.13402025,-1.7333E-01, 1.2000E+00,-3.9733E+01,
17:19:56.13402030,-1.6000E-01, 1.1333E+00,-3.9600E+01,
17:19:56.13402035,-1.6000E-01, 1.1667E+00,-3.9067E+01,
17:19:56.13402040,-1.7333E-01, 1.1667E+00,-3.9067E+01,
17:19:56.13402045,-1.8667E-01, 1.1667E+00,-3.8667E+01,
17:19:56.13402050,-1.7333E-01, 1.1333E+00,-3.8133E+01,
17:19:56.13402055,-2.0000E-01, 1.1000E+00,-3.7867E+01,
17:19:56.13402060,-1.7333E-01, 1.1000E+00,-3.7467E+01,
17:19:56.13402065,-1.6000E-01, 1.0667E+00,-3.7200E+01,
17:19:56.13402070,-1.4667E-01, 1.0333E+00,-3.6667E+01,
17:19:56.13402075,-1.4667E-01, 1.0000E+00,-3.6667E+01,
17:19:56.13402080,-1.7333E-01, 1.0000E+00,-3.6400E+01,
17:19:56.13402085,-2.1333E-01, 1.0333E+00,-3.6133E+01,
17:19:56.13402090,-2.0000E-01, 1.0333E+00,-3.5733E+01,
17:19:56.13402095,-2.0000E-01, 1.0667E+00,-3.5467E+01,
17:19:56.13402100,-1.8667E-01, 9.6667E-01,-3.4933E+01,
17:19:56.13402105,-2.1333E-01, 9.3333E-01,-3.4800E+01,
17:19:56.13402110,-2.1333E-01, 1.0000E+00,-3.4133E+01,
17:19:56.13402115,-1.8667E-01, 1.0000E+00,-3.4400E+01,
17:19:56.13402120,-1.8667E-01, 9.3333E-01,-3.3867E+01,
17:19:56.13402125,-1.8667E-01, 9.6667E-01,-3.3600E+01,
17:19:56.13402130,-2.1333E-01, 9.0000E-01,-3.3200E+01,
17:19:56.13402135,-1.8667E-01, 8.6667E-01,-3.2800E+01,
17:19:56.13402140,-2.1333E-01, 9.3333E-01,-3.2800E+01,
17:19:56.13402145,-2.0000E-01, 8.6667E-01,-3.2133E+01,
17:19:56.13402150,-2.0000E-01, 9.0000E-01,-3.1867E+01,
17:19:56.13402155,-2.2667E-01, 9.6667E-01,-3.1733E+01,
17:19:56.13402160,-1.8667E-01, 8.6667E-01,-3.0933E+01,
17:19:56.13402165,-1.8667E-01, 8.6667E-01,-3.0800E+01,
17:19:56.13402170,-2.0000E-01, 8.3333E-01,-3.0533E+01,
17:19:56.13402175,-1.7333E-01, 8.6667E-01,-3.0400E+01,
17:19:56.13402180,-2.2667E-01, 8.6667E-01,-2.9467E+01,
17:19:56.13402185,-2.2667E-01, 8.6667E-01,-2.9467E+01,
17:19:56.13402190,-2.2667E-01, 8.6667E-01,-2.9067E+01,
17:19:56.13402195,-2.1333E-01, 8.3333E-01,-2.8667E+01,
17:19:56.13402200,-2.1333E-01, 8.3333E-01,-2.8267E+01,
17:19:56.13402205,-2.1333E-01, 8.0000E-01,-2.8133E+01,
17:19:56.13402210,-2.2667E-01, 8.3333E-01,-2.7600E+01,
17:19:56.13402215,-2.0000E-01, 7.6667E-01,-2.7467E+01,
17:19:56.13402220,-2.1333E-01, 8.3333E-01,-2.6933E+01,
17:19:56.13402225,-2.0000E-01, 7.6667E-01,-2.6800E+01,
17:19:56.13402230,-2.2667E-01, 7.3333E-01,-2.6000E+01,
17:19:56.13402235,-2.2667E-01, 8.3333E-01,-2.6000E+01,
17:19:56.13402240,-2.2667E-01, 7.6667E-01,-2.5467E+01,
17:19:56.13402245,-2.0000E-01, 7.0000E-01,-2.5333E+01,
17:19:56.13402250,-2.2667E-01, 7.3333E-01,-2.5067E+01,
17:19:56.13402255,-2.1333E-01, 7.3333E-01,-2.4667E+01,
17:19:56.13402260,-2.2667E-01, 7.0000E-01,-2.4133E+01,
17:19:56.13402265,-2.2667E-01, 7.6667E-01,-2.4000E+01,
17:19:56.13402270,-2.2667E-01, 7.6667E-01,-2.3467E+01,
17:19:56.13402275,-2.2667E-01, 8.0000E-01,-2.3067E+01,
17:19:56.13402280,-2.2667E-01, 7.3333E-01,-2.2933E+01,
17:19:56.13402285,-2.4000E-01, 7.3333E-01,-2.2267E+01,
17:19:56.13402290,-2.2667E-01, 7.3333E-01,-2.2267E+01,
17:19:56.13402295,-2.2667E-01, 6.6667E-01,-2.1467E+01,
17:19:56.13402300,-2.2667E-01, 7.0000E-01,-2.1200E+01,
17:19:56.13402305,-2.2667E-01, 7.0000E-01,-2.0667E+01,
17:19:56.13402310,-2.2667E-01, 6.6667E-01,-2.0533E+01,
17:19:56.13402315,-2.2667E-01, 7.3333E-01,-2.0400E+01,
17:19:56.13402320,-2.2667E-01, 7.0000E-01,-1.9733E+01,
17:19:56.13402325,-2.1333E-01, 7.3333E-01,-1.9333E+01,
17:19:56.13402330,-2.1333E-01, 6.6667E-01,-1.9200E+01,
17:19:56.13402335,-2.4000E-01, 6.0000E-01,-1.8800E+01,
17:19:56.13402340,-2.0000E-01, 7.0000E-01,-1.8533E+01,
17:19:56.13402345,-2.1333E-01, 7.3333E-01,-1.7867E+01,
17:19:56.13402350,-2.2667E-01, 6.6667E-01,-1.7333E+01,
17:19:56.13402355,-2.2667E-01, 6.6667E-01,-1.7333E+01,
17:19:56.13402360,-2.1333E-01, 6.3333E-01,-1.7067E+01,
17:19:56.13402365,-2.2667E-01, 6.6667E-01,-1.6267E+01,
17:19:56.13402370,-2.2667E-01, 6.0000E-01,-1.6133E+01,
17:19:56.13402375,-2.2667E-01, 6.3333E-01,-1.5733E+01,
17:19:56.13402380,-2.2667E-01, 6.0000E-01,-1.5467E+01,
17:19:56.13402385,-2.5333E-01, 7.0000E-01,-1.5200E+01,
17:19:56.13402390,-2.2667E-01, 6.3333E-01,-1.4667E+01,
17:19:56.13402395,-2.0000E-01, 6.3333E-01,-1.4400E+01,
17:19:56.13402400,-2.2667E-01, 6.0000E-01,-1.4267E+01,
17:19:56.13402405,-2.0000E-01, 6.3333E-01,-1.3600E+01,
17:19:56.13402410,-2.1333E-01, 6.6667E-01,-1.3600E+01,
17:19:56.13402415,-2.0000E-01, 7.3333E-01,-1.3067E+01,
17:19:56.13402420,-2.1333E-01, 7.3333E-01,-1.2800E+01,
17:19:56.13402425,-2.2667E-01, 6.6667E-01,-1.2267E+01,
17:19:56.13402430,-2.2667E-01, 7.0000E-01,-1.1733E+01,
17:19:56.13402435,-2.2667E-01, 6.3333E-01,-1.1600E+01,
17:19:56.13402440,-2.0000E-01, 6.3333E-01,-1.1067E+01,
17:19:56.13402445,-2.2667E-01, 6.3333E-01,-1.0933E+01,
17:19:56.13402450,-2.2667E-01, 6.3333E-01,-1.0400E+01,
17:19:56.13402455,-2.2667E-01, 6.0000E-01,-9.6000E+00,
17:19:56.13402460,-2.1333E-01, 7.3333E-01,-9.7333E+00,
17:19:56.13402465,-2.1333E-01, 6.0000E-01,-9.3333E+00,
17:19:56.13402470,-2.2667E-01, 6.3333E-01,-8.9333E+00,
17:19:56.13402475,-2.0000E-01, 6.0000E-01,-8.5333E+00,
17:19:56.13402480,-2.2667E-01, 6.3333E-01,-8.4000E+00,
17:19:56.13402485,-2.2667E-01, 6.6667E-01,-7.8667E+00,
17:19:56.13402490,-2.0000E-01, 6.6667E-01,-7.4667E+00,
17:19:56.13402495,-1.7333E-01, 6.6667E-01,-7.0667E+00,
17:19:56.13402500,-2.0000E-01, 7.3333E-01,-6.9333E+00,
17:19:56.13402505,-2.0000E-01, 6.0000E-01,-6.4000E+00,
17:19:56.13402510,-1.8667E-01, 6.3333E-01,-6.1333E+00,
17:19:56.13402515,-2.2667E-01, 7.0000E-01,-5.8667E+00,
17:19:56.13402520,-2.2667E-01, 6.6667E-01,-5.2000E+00,
17:19:56.13402525,-2.2667E-01, 7.3333E-01,-5.0667E+00,
17:19:56.13402530,-2.1333E-01, 6.6667E-01,-4.4000E+00,
17:19:56.13402535,-2.2667E-01, 6.6667E-01,-4.6667E+00,
17:19:56.13402540,-2.0000E-01, 6.3333E-01,-4.0000E+00,
17:19:56.13402545,-2.0000E-01, 7.0000E-01,-3.7333E+00,
17:19:56.13402550,-1.8667E-01, 6.6667E-01,-3.2000E+00,
17:19:56.13402555,-1.8667E-01, 6.6667E-01,-2.8000E+00,
17:19:56.13402560,-1.7333E-01, 7.3333E-01,-2.5333E+00,
17:19:56.13402565,-2.0000E-01, 7.0000E-01,-2.4000E+00,
17:19:56.13402570,-2.0000E-01, 6.6667E-01,-2.1333E+00,
17:19:56.13402575,-2.1333E-01, 7.0000E-01,-2.0000E+00,
17:19:56.13402580,-2.0000E-01, 7.6667E-01,-1.2000E+00,
17:19:56.13402585,-2.2667E-01, 7.3333E-01,-9.3333E-01,
17:19:56.13402590,-1.7333E-01, 7.0000E-01,-6.6667E-01,
17:19:56.13402595,-2.0000E-01, 7.3333E-01, 0.0000E+00,
17:19:56.13402600,-2.0000E-01, 7.6667E-01, 1.3333E-01,
17:19:56.13402605,-2.0000E-01, 8.3333E-01, 4.0000E-01,
17:19:56.13402610,-2.0000E-01, 8.0000E-01, 6.6667E-01,
17:19:56.13402615,-1.8667E-01, 7.6667E-01, 8.0000E-01,
17:19:56.13402620,-1.8667E-01, 7.0000E-01, 1.0667E+00,
17:19:56.13402625,-2.1333E-01, 8.0000E-01, 1.6000E+00,
17:19:56.13402630,-1.7333E-01, 7.6667E-01, 2.0000E+00,
17:19:56.13402635,-1.8667E-01, 7.6667E-01, 2.0000E+00,
17:19:56.13402640,-1.8667E-01, 8.3333E-01, 2.6667E+00,
17:19:56.13402645,-1.4667E-01, 7.6667E-01, 2.9333E+00,
17:19:56.13402650,-2.0000E-01, 8.6667E-01, 3.3333E+00,
17:19:56.13402655,-1.8667E-01, 7.6667E-01, 3.3333E+00,
17:19:56.13402660,-1.6000E-01, 8.0000E-01, 3.6000E+00,
17:19:56.13402665,-2.1333E-01, 8.6667E-01, 4.0000E+00,
17:19:56.13402670,-1.8667E-01, 8.3333E-01, 4.2667E+00,
17:19:56.13402675,-1.4667E-01, 8.6667E-01, 4.8000E+00,
17:19:56.13402680,-1.7333E-01, 8.6667E-01, 4.9333E+00,
17:19:56.13402685,-1.7333E-01, 8.6667E-01, 5.2000E+00,
17:19:56.13402690,-1.8667E-01, 9.0000E-01, 5.7333E+00,
17:19:56.13402695,-1.4667E-01, 9.3333E-01, 5.8667E+00,
17:19:56.13402700,-1.6000E-01, 8.6667E-01, 6.2667E+00,
17:19:56.13402705,-1.6000E-01, 8.6667E-01, 6.4000E+00,
17:19:56.13402710,-2.0000E-01, 9.3333E-01, 6.5333E+00,
17:19:56.13402715,-1.7333E-01, 8.3333E-01, 7.0667E+00,
17:19:56.13402720,-1.8667E-01, 8.6667E-01, 7.4667E+00,
17:19:56.13402725,-2.0000E-01, 9.0000E-01, 7.6000E+00,
17:19:56.13402730,-1.7333E-01, 9.0000E-01, 7.8667E+00,
17:19:56.13402735,-1.6000E-01, 9.3333E-01, 8.4000E+00,
17:19:56.13402740,-1.7333E-01, 9.6667E-01, 8.4000E+00,
17:19:56.13402745,-1.4667E-01, 9.6667E-01, 8.9333E+00,
17:19:56.13402750,-1.2000E-01, 9.6667E-01, 8.9333E+00,
17:19:56.13402755,-1.4667E-01, 1.0333E+00, 9.2000E+00,
17:19:56.13402760,-1.4667E-01, 1.0000E+00, 9.2000E+00,
17:19:56.13402765,-1.6000E-01, 1.0000E+00, 9.8667E+00,
17:19:56.13402770,-1.3333E-01, 1.0000E+00, 1.0267E+01,
17:19:56.13402775,-1.6000E-01, 1.0000E+00, 1.0533E+01,
17:19:56.13402780,-1.3333E-01, 1.0667E+00, 1.0533E+01,
17:19:56.13402785,-1.3333E-01, 1.0333E+00, 1.0933E+01,
17:19:56.13402790,-1.4667E-01, 1.0333E+00, 1.1333E+01,
17:19:56.13402795,-1.4667E-01, 1.1000E+00, 1.1467E+01,
17:19:56.13402800,-1.6000E-01, 1.1000E+00, 1.1733E+01,
17:19:56.13402805,-1.7333E-01, 1.0667E+00, 1.1867E+01,
17:19:56.13402810,-1.4667E-01, 1.1333E+00, 1.1867E+01,
17:19:56.13402815,-1.2000E-01, 1.2000E+00, 1.2267E+01,
17:19:56.13402820,-1.2000E-01, 1.1000E+00, 1.2667E+01,
17:19:56.13402825,-1.3333E-01, 1.1000E+00, 1.3200E+01,
17:19:56.13402830,-1.2000E-01, 1.1667E+00, 1.3067E+01,
17:19:56.13402835,-1.0667E-01, 1.2000E+00, 1.3467E+01,
17:19:56.13402840,-9.3333E-02, 1.1667E+00, 1.3600E+01,
17:19:56.13402845,-9.3333E-02, 1.1667E+00, 1.4133E+01,
17:19:56.13402850,-1.2000E-01, 1.1333E+00, 1.4000E+01,
17:19:56.13402855,-1.3333E-01, 1.1667E+00, 1.4133E+01,
17:19:56.13402860,-1.3333E-01, 1.2000E+00, 1.4533E+01,
17:19:56.13402865,-8.0000E-02, 1.2000E+00, 1.4533E+01,
17:19:56.13402870,-1.0667E-01, 1.2667E+00, 1.4933E+01,
17:19:56.13402875,-1.2000E-01, 1.2333E+00, 1.5200E+01,
17:19:56.13402880,-1.0667E-01, 1.2667E+00, 1.5200E+01,
17:19:56.13402885,-1.2000E-01, 1.2667E+00, 1.5733E+01,
17:19:56.13402890,-1.0667E-01, 1.2667E+00, 1.5733E+01,
17:19:56.13402895,-9.3333E-02, 1.3000E+00, 1.6133E+01,
17:19:56.13402900,-1.0667E-01, 1.3000E+00, 1.6133E+01,
17:19:56.13402905,-1.2000E-01, 1.2667E+00, 1.6533E+01,
17:19:56.13402910,-1.3333E-01, 1.3000E+00, 1.6800E+01,
17:19:56.13402915,-9.3333E-02, 1.3000E+00, 1.7067E+01,
17:19:56.13402920,-1.2000E-01, 1.2667E+00, 1.7067E+01,
17:19:56.13402925,-8.0000E-02, 1.3333E+00, 1.7333E+01,
17:19:56.13402930,-9.3333E-02, 1.3333E+00, 1.7467E+01,
17:19:56.13402935,-8.0000E-02, 1.3667E+00, 1.7867E+01,
17:19:56.13402940,-9.3333E-02, 1.4000E+00, 1.7733E+01,
17:19:56.13402945,-8.0000E-02, 1.4000E+00, 1.8000E+01,
17:19:56.13402950,-9.3333E-02, 1.4667E+00, 1.8000E+01,
17:19:56.13402955,-1.0667E-01, 1.4667E+00, 1.8400E+01,
17:19:56.13402960,-5.3333E-02, 1.4667E+00, 1.8533E+01,
17:19:56.13402965,-6.6667E-02, 1.4333E+00, 1.8800E+01,
17:19:56.13402970,-5.3333E-02, 1.5333E+00, 1.9200E+01,
17:19:56.13402975,-8.0000E-02, 1.4667E+00, 1.9200E+01,
17:19:56.13402980,-9.3333E-02, 1.5333E+00, 1.9067E+01,
17:19:56.13402985,-9.3333E-02, 1.4667E+00, 1.9733E+01,
17:19:56.13402990,-5.3333E-02, 1.5667E+00, 1.9467E+01,
17:19:56.13402995,-8.0000E-02, 1.5333E+00, 1.9867E+01,
17:19:56.13403000,-8.0000E-02, 1.5333E+00, 1.9733E+01,
17:19:56.13403005,-8.0000E-02, 1.5667E+00, 2.0000E+01,
17:19:56.13403010,-9.3333E-02, 1.5667E+00, 2.0133E+01,
17:19:56.13403015,-8.0000E-02, 1.5667E+00, 2.0400E+01,
17:19:56.13403020,-6.6667E-02, 1.5333E+00, 2.0533E+01,
17:19:56.13403025,-8.0000E-02, 1.6000E+00, 2.0933E+01,
17:19:56.13403030,-8.0000E-02, 1.5667E+00, 2.1200E+01,
17:19:56.13403035,-5.3333E-02, 1.6667E+00, 2.0933E+01,
17:19:56.13403040,-8.0000E-02, 1.6000E+00, 2.1200E+01,
17:19:56.13403045,-6.6667E-02, 1.6333E+00, 2.1200E+01,
17:19:56.13403050,-8.0000E-02, 1.6667E+00, 2.1733E+01,
17:19:56.13403055,-8.0000E-02, 1.6333E+00, 2.1600E+01,
17:19:56.13403060,-5.3333E-02, 1.6333E+00, 2.1867E+01,
17:19:56.13403065,-5.3333E-02, 1.7000E+00, 2.2133E+01,
17:19:56.13403070,-8.0000E-02, 1.7333E+00, 2.2133E+01,
17:19:56.13403075,-4.0000E-02, 1.7667E+00, 2.2267E+01,
17:19:56.13403080,-4.0000E-02, 1.7000E+00, 2.2267E+01,
17:19:56.13403085,-5.3333E-02, 1.7667E+00, 2.2667E+01,
17:19:56.13403090,-4.0000E-02, 1.7667E+00, 2.2533E+01,
17:19:56.13403095,-5.3333E-02, 1.8000E+00, 2.2667E+01,
17:19:56.13403100,-8.0000E-02, 1.7667E+00, 2.2667E+01,
17:19:56.13403105,-4.0000E-02, 1.8667E+00, 2.3200E+01,
17:19:56.13403110,-4.0000E-02, 1.8667E+00, 2.2933E+01,
17:19:56.13403115,-4.0000E-02, 1.8667E+00, 2.3333E+01,
17:19:56.13403120,-1.3333E-02, 1.8667E+00, 2.3467E+01,
17:19:56.13403125,-1.3333E-02, 1.8667E+00, 2.3600E+01,
17:19:56.13403130,-6.6667E-02, 1.8667E+00, 2.3600E+01,
17:19:56.13403135,-1.3333E-02, 1.8333E+00, 2.3867E+01,
17:19:56.13403140,-4.0000E-02, 1.8333E+00, 2.3867E+01,
17:19:56.13403145,-5.3333E-02, 1.8667E+00, 2.4000E+01,
17:19:56.13403150,-4.0000E-02, 1.8667E+00, 2.3867E+01,
17:19:56.13403155, 0.0000E+00, 1.9000E+00, 2.4133E+01,
17:19:56.13403160,-1.3333E-02, 1.9000E+00, 2.4267E+01,
17:19:56.13403165, 1.3333E-02, 1.9000E+00, 2.4533E+01,
17:19:56.13403170,-2.6667E-02, 1.9000E+00, 2.4533E+01,
17:19:56.13403175, 0.0000E+00, 1.9333E+00, 2.4400E+01,
17:19:56.13403180,-4.0000E-02, 1.9667E+00, 2.4667E+01,
17:19:56.13403185,-2.6667E-02, 1.9667E+00, 2.4800E+01,
17:19:56.13403190,-2.6667E-02, 1.9667E+00, 2.5067E+01,
17:19:56.13403195,-1.3333E-02, 2.0333E+00, 2.4667E+01,
17:19:56.13403200,-2.6667E-02, 2.1000E+00, 2.4667E+01,
17:19:56.13403205, 0.0000E+00, 2.0000E+00, 2.4533E+01,
17:19:56.13403210, 0.0000E+00, 2.1000E+00, 2.5067E+01,
17:19:56.13403215, 2.6667E-02, 2.0667E+00, 2.4933E+01,
17:19:56.13403220, 1.3333E-02, 2.1333E+00, 2.5067E+01,
17:19:56.13403225, 0.0000E+00, 2.1000E+00, 2.5200E+01,
17:19:56.13403230, 1.3333E-02, 2.1667E+00, 2.5333E+01,
17:19:56.13403235, 1.3333E-02, 2.2000E+00, 2.5467E+01,
17:19:56.13403240,-5.3333E-02, 2.1333E+00, 2.5333E+01,
17:19:56.13403245,-2.6667E-02, 2.2000E+00, 2.5333E+01,
17:19:56.13403250, 0.0000E+00, 2.1667E+00, 2.5467E+01,
17:19:56.13403255, 1.3333E-02, 2.1667E+00, 2.5333E+01,
17:19:56.13403260,-1.3333E-02, 2.1667E+00, 2.5600E+01,
17:19:56.13403265, 2.6667E-02, 2.2333E+00, 2.5733E+01,
17:19:56.13403270, 4.0000E-02, 2.2333E+00, 2.5600E+01,
17:19:56.13403275, 4.0000E-02, 2.2000E+00, 2.5467E+01,
17:19:56.13403280,-1.3333E-02, 2.2333E+00, 2.5333E+01,
17:19:56.13403285, 1.3333E-02, 2.3000E+00, 2.5600E+01,
17:19:56.13403290, 2.6667E-02, 2.2667E+00, 2.5733E+01,
17:19:56.13403295, 1.3333E-02, 2.3333E+00, 2.5733E+01,
17:19:56.13403300, 1.3333E-02, 2.3000E+00, 2.5733E+01,
17:19:56.13403305, 4.0000E-02, 2.3000E+00, 2.6133E+01,
17:19:56.13403310, 4.0000E-02, 2.3333E+00, 2.6000E+01,
17:19:56.13403315, 1.3333E-02, 2.3333E+00, 2.6000E+01,
17:19:56.13403320, 4.0000E-02, 2.3000E+00, 2.6133E+01,
17:19:56.13403325, 2.6667E-02, 2.3667E+00, 2.5733E+01,
17:19:56.13403330, 2.6667E-02, 2.3333E+00, 2.6133E+01,
17:19:56.13403335, 2.6667E-02, 2.3667E+00, 2.6000E+01,
17:19:56.13403340, 1.3333E-02, 2.3667E+00, 2.6133E+01,
17:19:56.13403345, 4.0000E-02, 2.5000E+00, 2.6133E+01,
17:19:56.13403350, 5.3333E-02, 2.4333E+00, 2.5733E+01,
17:19:56.13403355, 2.6667E-02, 2.5000E+00, 2.5867E+01,
17:19:56.13403360, 4.0000E-02, 2.4333E+00, 2.6133E+01,
17:19:56.13403365, 6.6667E-02, 2.4333E+00, 2.6133E+01,
17:19:56.13403370, 4.0000E-02, 2.4667E+00, 2.6267E+01,
17:19:56.13403375, 4.0000E-02, 2.5667E+00, 2.6000E+01,
17:19:56.13403380, 2.6667E-02, 2.5000E+00, 2.5867E+01,
17:19:56.13403385, 2.6667E-02, 2.5000E+00, 2.5600E+01,
17:19:56.13403390, 5.3333E-02, 2.5000E+00, 2.6000E+01,
17:19:56.13403395, 4.0000E-02, 2.5667E+00, 2.5733E+01,
17:19:56.13403400, 1.3333E-02, 2.5333E+00, 2.5867E+01,
17:19:56.13403405, 5.3333E-02, 2.5333E+00, 2.5733E+01,
17:19:56.13403410, 6.6667E-02, 2.6333E+00, 2.6133E+01,
17:19:56.13403415, 8.0000E-02, 2.5667E+00, 2.6133E+01,
17:19:56.13403420, 5.3333E-02, 2.6000E+00, 2.5733E+01,
17:19:56.13403425, 8.0000E-02, 2.6000E+00, 2.5867E+01,
17:19:56.13403430, 2.6667E-02, 2.6333E+00, 2.5867E+01,
17:19:56.13403435, 6.6667E-02, 2.6667E+00, 2.5467E+01,
17:19:56.13403440, 5.3333E-02, 2.6667E+00, 2.5333E+01,
17:19:56.13403445, 8.0000E-02, 2.6667E+00, 2.5600E+01,
17:19:56.13403450, 8.0000E-02, 2.6667E+00, 2.5467E+01,
17:19:56.13403455, 8.0000E-02, 2.7000E+00, 2.5467E+01,
17:19:56.13403460, 8.0000E-02, 2.7333E+00, 2.5333E+01,
17:19:56.13403465, 9.3333E-02, 2.6333E+00, 2.5200E+01,
17:19:56.13403470, 5.3333E-02, 2.7333E+00, 2.5467E+01,
17:19:56.13403475, 4.0000E-02, 2.7333E+00, 2.5333E+01,
17:19:56.13403480, 2.6667E-02, 2.8000E+00, 2.5333E+01,
17:19:56.13403485, 1.2000E-01, 2.7667E+00, 2.5200E+01,
17:19:56.13403490, 8.0000E-02, 2.8667E+00, 2.5200E+01,
17:19:56.13403495, 8.0000E-02, 2.8333E+00, 2.5067E+01,
17:19:56.13403500, 8.0000E-02, 2.8333E+00, 2.5067E+01,
17:19:56.13403505, 1.0667E-01, 2.7667E+00, 2.4933E+01,
17:19:56.13403510, 8.0000E-02, 2.8000E+00, 2.4933E+01,
17:19:56.13403515, 8.0000E-02, 2.8000E+00, 2.4800E+01,
17:19:56.13403520, 8.0000E-02, 2.8667E+00, 2.4800E+01,
17:19:56.13403525, 6.6667E-02, 2.8667E+00, 2.4800E+01,
17:19:56.13403530, 8.0000E-02, 2.8667E+00, 2.4267E+01,
17:19:56.13403535, 9.3333E-02, 2.9000E+00, 2.4533E+01,
17:19:56.13403540, 9.3333E-02, 2.9333E+00, 2.4533E+01,
17:19:56.13403545, 1.2000E-01, 2.9000E+00, 2.4667E+01,
17:19:56.13403550, 9.3333E-02, 2.9000E+00, 2.4133E+01,
17:19:56.13403555, 1.0667E-01, 2.9000E+00, 2.4000E+01,
17:19:56.13403560, 9.3333E-02, 2.9333E+00, 2.4000E+01,
17:19:56.13403565, 8.0000E-02, 2.9333E+00, 2.4267E+01,
17:19:56.13403570, 9.3333E-02, 3.0000E+00, 2.3867E+01,
17:19:56.13403575, 6.6667E-02, 2.9333E+00, 2.4000E+01,
17:19:56.13403580, 8.0000E-02, 2.9000E+00, 2.3600E+01,
17:19:56.13403585, 9.3333E-02, 3.0667E+00, 2.3867E+01,
17:19:56.13403590, 8.0000E-02, 3.0333E+00, 2.3333E+01,
17:19:56.13403595, 8.0000E-02, 3.0333E+00, 2.3200E+01,
17:19:56.13403600, 1.0667E-01, 2.9667E+00, 2.3200E+01,
17:19:56.13403605, 1.0667E-01, 3.0333E+00, 2.3067E+01,
17:19:56.13403610, 8.0000E-02, 3.0667E+00, 2.2933E+01,
17:19:56.13403615, 9.3333E-02, 3.0667E+00, 2.3200E+01,
17:19:56.13403620, 8.0000E-02, 3.1000E+00, 2.2667E+01,
17:19:56.13403625, 9.3333E-02, 3.1333E+00, 2.2533E+01,
17:19:56.13403630, 9.3333E-02, 3.1333E+00, 2.2267E+01,
17:19:56.13403635, 9.3333E-02, 3.1333E+00, 2.2400E+01,
17:19:56.13403640, 8.0000E-02, 3.0667E+00, 2.2133E+01,
17:19:56.13403645, 1.0667E-01, 3.1667E+00, 2.2533E+01,
17:19:56.13403650, 1.0667E-01, 3.1000E+00, 2.1867E+01,
17:19:56.13403655, 1.3333E-01, 3.1000E+00, 2.2000E+01,
17:19:56.13403660, 1.0667E-01, 3.1000E+00, 2.1867E+01,
17:19:56.13403665, 1.2000E-01, 3.1000E+00, 2.1867E+01,
17:19:56.13403670, 8.0000E-02, 3.1000E+00, 2.1467E+01,
17:19:56.13403675, 9.3333E-02, 3.2333E+00, 2.1200E+01,
17:19:56.13403680, 9.3333E-02, 3.1667E+00, 2.1200E+01,
17:19:56.13403685, 1.0667E-01, 3.2667E+00, 2.0800E+01,
17:19:56.13403690, 1.3333E-01, 3.2000E+00, 2.0933E+01,
17:19:56.13403695, 1.2000E-01, 3.2667E+00, 2.1067E+01,
17:19:56.13403700, 9.3333E-02, 3.2667E+00, 2.0667E+01,
17:19:56.13403705, 1.2000E-01, 3.2667E+00, 2.0800E+01,
17:19:56.13403710, 1.0667E-01, 3.2333E+00, 2.0667E+01,
17:19:56.13403715, 1.2000E-01, 3.2667E+00, 2.0400E+01,
17:19:56.13403720, 1.0667E-01, 3.2333E+00, 2.0400E+01,
17:19:56.13403725, 1.0667E-01, 3.2667E+00, 1.9867E+01,
17:19:56.13403730, 1.4667E-01, 3.2667E+00, 1.9867E+01,
17:19:56.13403735, 9.3333E-02, 3.2667E+00, 1.9467E+01,
17:19:56.13403740, 1.3333E-01, 3.2667E+00, 1.9200E+01,
17:19:56.13403745, 1.2000E-01, 3.2667E+00, 1.9467E+01,
17:19:56.13403750, 1.3333E-01, 3.3000E+00, 1.8933E+01,
17:19:56.13403755, 1.4667E-01, 3.3333E+00, 1.9200E+01,
17:19:56.13403760, 1.0667E-01, 3.2667E+00, 1.8933E+01,
17:19:56.13403765, 1.0667E-01, 3.2667E+00, 1.9067E+01,
17:19:56.13403770, 1.4667E-01, 3.3333E+00, 1.8533E+01,
17:19:56.13403775, 1.0667E-01, 3.3667E+00, 1.8267E+01,
17:19:56.13403780, 1.4667E-01, 3.3333E+00, 1.8000E+01,
17:19:56.13403785, 1.0667E-01, 3.3000E+00, 1.8000E+01,
17:19:56.13403790, 1.0667E-01, 3.3333E+00, 1.8000E+01,
17:19:56.13403795, 1.2000E-01, 3.4333E+00, 1.7467E+01,
17:19:56.13403800, 1.4667E-01, 3.3667E+00, 1.7600E+01,
17:19:56.13403805, 1.3333E-01, 3.3333E+00, 1.7200E+01,
17:19:56.13403810, 1.4667E-01, 3.3333E+00, 1.7200E+01,
17:19:56.13403815, 1.2000E-01, 3.4000E+00, 1.7200E+01,
17:19:56.13403820, 1.2000E-01, 3.4000E+00, 1.6933E+01,
17:19:56.13403825, 1.2000E-01, 3.3667E+00, 1.6667E+01,
17:19:56.13403830, 1.6000E-01, 3.4000E+00, 1.6267E+01,
17:19:56.13403835, 1.2000E-01, 3.4333E+00, 1.6400E+01,
17:19:56.13403840, 1.3333E-01, 3.4000E+00, 1.6267E+01,
17:19:56.13403845, 1.4667E-01, 3.4667E+00, 1.5867E+01,
17:19:56.13403850, 1.6000E-01, 3.4667E+00, 1.6000E+01,
17:19:56.13403855, 1.0667E-01, 3.3333E+00, 1.5467E+01,
17:19:56.13403860, 1.4667E-01, 3.4333E+00, 1.5733E+01,
17:19:56.13403865, 1.3333E-01, 3.4333E+00, 1.5200E+01,
17:19:56.13403870, 1.0667E-01, 3.5000E+00, 1.4800E+01,
17:19:56.13403875, 1.2000E-01, 3.4667E+00, 1.4667E+01,
17:19:56.13403880, 1.3333E-01, 3.4667E+00, 1.4800E+01,
17:19:56.13403885, 1.2000E-01, 3.4667E+00, 1.4400E+01,
17:19:56.13403890, 1.7333E-01, 3.5000E+00, 1.4400E+01,
17:19:56.13403895, 1.0667E-01, 3.5333E+00, 1.4267E+01,
17:19:56.13403900, 1.4667E-01, 3.5333E+00, 1.3867E+01,
17:19:56.13403905, 1.7333E-01, 3.4667E+00, 1.3733E+01,
17:19:56.13403910, 1.3333E-01, 3.5333E+00, 1.3600E+01,
17:19:56.13403915, 1.2000E-01, 3.5000E+00, 1.3067E+01,
17:19:56.13403920, 1.4667E-01, 3.5000E+00, 1.3200E+01,
17:19:56.13403925, 1.3333E-01, 3.5000E+00, 1.2933E+01,
17:19:56.13403930, 1.4667E-01, 3.5667E+00, 1.2800E+01,
17:19:56.13403935, 1.3333E-01, 3.5333E+00, 1.2533E+01,
17:19:56.13403940, 1.6000E-01, 3.5667E+00, 1.2400E+01,
17:19:56.13403945, 1.7333E-01, 3.5000E+00, 1.2267E+01,
17:19:56.13403950, 1.3333E-01, 3.5333E+00, 1.2000E+01,
17:19:56.13403955, 1.3333E-01, 3.5000E+00, 1.1867E+01,
17:19:56.13403960, 1.0667E-01, 3.5667E+00, 1.1733E+01,
17:19:56.13403965, 1.4667E-01, 3.5333E+00, 1.1467E+01,
17:19:56.13403970, 1.3333E-01, 3.5667E+00, 1.0933E+01,
17:19:56.13403975, 1.3333E-01, 3.5667E+00, 1.1200E+01,
17:19:56.13403980, 1.3333E-01, 3.6000E+00, 1.0800E+01,
17:19:56.13403985, 1.4667E-01, 3.6000E+00, 1.0533E+01,
17:19:56.13403990, 1.4667E-01, 3.5667E+00, 1.0267E+01,
17:19:56.13403995, 1.4667E-01, 3.5000E+00, 1.0267E+01,
17:19:56.13404000, 1.2000E-01, 3.5667E+00, 1.0133E+01,
17:19:56.13404005, 1.3333E-01, 3.5667E+00, 9.8667E+00,
17:19:56.13404010, 1.2000E-01, 3.5667E+00, 9.4667E+00,
17:19:56.13404015, 1.2000E-01, 3.5667E+00, 9.2000E+00,
17:19:56.13404020, 1.3333E-01, 3.5333E+00, 9.0667E+00,
17:19:56.13404025, 1.3333E-01, 3.5667E+00, 8.5333E+00,
17:19:56.13404030, 1.4667E-01, 3.5667E+00, 8.8000E+00,
17:19:56.13404035, 1.7333E-01, 3.6000E+00, 8.4000E+00,
17:19:56.13404040, 1.6000E-01, 3.6333E+00, 8.0000E+00,
17:19:56.13404045, 1.3333E-01, 3.5333E+00, 8.4000E+00,
17:19:56.13404050, 1.3333E-01, 3.5333E+00, 7.8667E+00,
17:19:56.13404055, 1.0667E-01, 3.5667E+00, 7.7333E+00,
17:19:56.13404060, 1.2000E-01, 3.6000E+00, 7.4667E+00,
17:19:56.13404065, 1.6000E-01, 3.6333E+00, 7.0667E+00,
17:19:56.13404070, 1.6000E-01, 3.6000E+00, 7.2000E+00,
17:19:56.13404075, 1.8667E-01, 3.6000E+00, 6.5333E+00,
17:19:56.13404080, 1.6000E-01, 3.6000E+00, 6.6667E+00,
17:19:56.13404085, 1.7333E-01, 3.5667E+00, 6.2667E+00,
17:19:56.13404090, 1.6000E-01, 3.6000E+00, 6.4000E+00,
17:19:56.13404095, 1.6000E-01, 3.6000E+00, 6.1333E+00,
17:19:56.13404100, 1.3333E-01, 3.5333E+00, 6.0000E+00,
17:19:56.13404105, 1.2000E-01, 3.5667E+00, 5.6000E+00,
17:19:56.13404110, 1.4667E-01, 3.6000E+00, 5.4667E+00,
17:19:56.13404115, 1.6000E-01, 3.5667E+00, 5.2000E+00,
17:19:56.13404120, 1.6000E-01, 3.5667E+00, 5.0667E+00,
17:19:56.13404125, 1.3333E-01, 3.6000E+00, 4.8000E+00,
17:19:56.13404130, 1.3333E-01, 3.6000E+00, 4.6667E+00,
17:19:56.13404135, 1.7333E-01, 3.6333E+00, 4.6667E+00,
17:19:56.13404140, 1.3333E-01, 3.5667E+00, 4.1333E+00,
17:19:56.13404145, 1.4667E-01, 3.6000E+00, 4.2667E+00,
17:19:56.13404150, 1.3333E-01, 3.6000E+00, 3.4667E+00,
17:19:56.13404155, 1.6000E-01, 3.5667E+00, 3.7333E+00,
17:19:56.13404160, 1.4667E-01, 3.6000E+00, 3.2000E+00,
17:19:56.13404165, 1.3333E-01, 3.6000E+00, 2.8000E+00,
17:19:56.13404170, 1.2000E-01, 3.6000E+00, 2.8000E+00,
17:19:56.13404175, 1.6000E-01, 3.6000E+00, 2.4000E+00,
17:19:56.13404180, 1.4667E-01, 3.6000E+00, 2.5333E+00,
17:19:56.13404185, 1.4667E-01, 3.5333E+00, 2.2667E+00,
17:19:56.13404190, 1.3333E-01, 3.5333E+00, 2.2667E+00,
17:19:56.13404195, 1.4667E-01, 3.6000E+00, 1.7333E+00,
17:19:56.13404200, 1.3333E-01, 3.6000E+00, 2.0000E+00,
17:19:56.13404205, 1.4667E-01, 3.5667E+00, 1.6000E+00,
17:19:56.13404210, 1.4667E-01, 3.6000E+00, 1.4667E+00,
17:19:56.13404215, 1.0667E-01, 3.5000E+00, 1.0667E+00,
17:19:56.13404220, 1.2000E-01, 3.6000E+00, 9.3333E-01,
17:19:56.13404225, 1.4667E-01, 3.5000E+00, 9.3333E-01,
17:19:56.13404230, 1.7333E-01, 3.5333E+00, 6.6667E-01,
17:19:56.13404235, 1.4667E-01, 3.5667E+00, 1.3333E-01,
17:19:56.13404240, 1.3333E-01, 3.5667E+00, 4.0000E-01,
17:19:56.13404245, 9.3333E-02, 3.4667E+00, 0.0000E+00,
17:19:56.13404250, 1.0667E-01, 3.5667E+00, 0.0000E+00,
17:19:56.13404255, 1.0667E-01, 3.4667E+00,-4.0000E-01,
17:19:56.13404260, 1.0667E-01, 3.5000E+00,-6.6667E-01,
17:19:56.13404265, 1.2000E-01, 3.5333E+00,-6.6667E-01,
17:19:56.13404270, 1.4667E-01, 3.4667E+00,-1.0667E+00,
17:19:56.13404275, 1.4667E-01, 3.5333E+00,-1.2000E+00,
17:19:56.13404280, 1.6000E-01, 3.4667E+00,-9.3333E-01,
17:19:56.13404285, 1.2000E-01, 3.5000E+00,-1.3333E+00,
17:19:56.13404290, 1.0667E-01, 3.5000E+00,-1.4667E+00,
17:19:56.13404295, 1.0667E-01, 3.5000E+00,-1.6000E+00,
17:19:56.13404300, 1.2000E-01, 3.5333E+00,-2.1333E+00,
17:19:56.13404305, 1.2000E-01, 3.5000E+00,-2.4000E+00,
17:19:56.13404310, 8.0000E-02, 3.5333E+00,-2.2667E+00,
17:19:56.13404315, 1.2000E-01, 3.4667E+00,-2.4000E+00,
17:19:56.13404320, 1.2000E-01, 3.4667E+00,-2.5333E+00,
17:19:56.13404325, 1.3333E-01, 3.4667E+00,-2.8000E+00,
17:19:56.13404330, 1.2000E-01, 3.5000E+00,-3.0667E+00,
17:19:56.13404335, 1.0667E-01, 3.5000E+00,-3.3333E+00,
17:19:56.13404340, 1.0667E-01, 3.4667E+00,-3.4667E+00,
17:19:56.13404345, 1.0667E-01, 3.4333E+00,-3.4667E+00,
17:19:56.13404350, 1.2000E-01, 3.4667E+00,-3.7333E+00,
17:19:56.13404355, 1.3333E-01, 3.4333E+00,-3.8667E+00,
17:19:56.13404360, 1.0667E-01, 3.4000E+00,-4.1333E+00,
17:19:56.13404365, 1.2000E-01, 3.4667E+00,-4.1333E+00,
17:19:56.13404370, 1.3333E-01, 3.5000E+00,-4.4000E+00,
17:19:56.13404375, 1.3333E-01, 3.4333E+00,-4.8000E+00,
17:19:56.13404380, 9.3333E-02, 3.3333E+00,-4.8000E+00,
17:19:56.13404385, 1.6000E-01, 3.3667E+00,-4.8000E+00,
17:19:56.13404390, 9.3333E-02, 3.3667E+00,-5.0667E+00,
17:19:56.13404395, 1.0667E-01, 3.3333E+00,-5.3333E+00,
17:19:56.13404400, 1.2000E-01, 3.4000E+00,-4.8000E+00,
17:19:56.13404405, 1.0667E-01, 3.3667E+00,-5.3333E+00,
17:19:56.13404410, 1.2000E-01, 3.3333E+00,-5.4667E+00,
17:19:56.13404415, 9.3333E-02, 3.2667E+00,-5.8667E+00,
17:19:56.13404420, 1.2000E-01, 3.3000E+00,-6.1333E+00,
17:19:56.13404425, 9.3333E-02, 3.2667E+00,-6.1333E+00,
17:19:56.13404430, 8.0000E-02, 3.3000E+00,-6.4000E+00,
17:19:56.13404435, 8.0000E-02, 3.4000E+00,-6.2667E+00,
17:19:56.13404440, 1.3333E-01, 3.3333E+00,-6.5333E+00,
17:19:56.13404445, 8.0000E-02, 3.3000E+00,-6.8000E+00,
17:19:56.13404450, 1.0667E-01, 3.3667E+00,-6.8000E+00,
17:19:56.13404455, 8.0000E-02, 3.2667E+00,-7.0667E+00,
17:19:56.13404460, 1.0667E-01, 3.3000E+00,-7.2000E+00,
17:19:56.13404465, 1.0667E-01, 3.2667E+00,-7.3333E+00,
17:19:56.13404470, 1.3333E-01, 3.2667E+00,-7.4667E+00,
17:19:56.13404475, 8.0000E-02, 3.3333E+00,-7.4667E+00,
17:19:56.13404480, 9.3333E-02, 3.2333E+00,-7.6000E+00,
17:19:56.13404485, 9.3333E-02, 3.2000E+00,-7.4667E+00,
17:19:56.13404490, 8.0000E-02, 3.2667E+00,-8.2667E+00,
17:19:56.13404495, 8.0000E-02, 3.2667E+00,-7.8667E+00,
17:19:56.13404500, 8.0000E-02, 3.2333E+00,-7.8667E+00,
17:19:56.13404505, 1.0667E-01, 3.2333E+00,-8.2667E+00,
17:19:56.13404510, 8.0000E-02, 3.2667E+00,-8.6667E+00,
17:19:56.13404515, 1.2000E-01, 3.2333E+00,-8.4000E+00,
17:19:56.13404520, 8.0000E-02, 3.2333E+00,-8.5333E+00,
17:19:56.13404525, 8.0000E-02, 3.2333E+00,-8.8000E+00,
17:19:56.13404530, 8.0000E-02, 3.2333E+00,-8.9333E+00,
17:19:56.13404535, 8.0000E-02, 3.2333E+00,-9.0667E+00,
17:19:56.13404540, 6.6667E-02, 3.2000E+00,-8.9333E+00,
17:19:56.13404545, 8.0000E-02, 3.1667E+00,-9.0667E+00,
17:19:56.13404550, 6.6667E-02, 3.1667E+00,-9.2000E+00,
17:19:56.13404555, 8.0000E-02, 3.1333E+00,-9.4667E+00,
17:19:56.13404560, 1.2000E-01, 3.2000E+00,-9.6000E+00,
17:19:56.13404565, 9.3333E-02, 3.1333E+00,-9.8667E+00,
17:19:56.13404570, 9.3333E-02, 3.1333E+00,-9.7333E+00,
17:19:56.13404575, 8.0000E-02, 3.0667E+00,-9.8667E+00,
17:19:56.13404580, 4.0000E-02, 3.1333E+00,-1.0267E+01,
17:19:56.13404585, 4.0000E-02, 3.1667E+00,-1.0133E+01,
17:19:56.13404590, 8.0000E-02, 3.1667E+00,-1.0000E+01,
17:19:56.13404595, 4.0000E-02, 3.1000E+00,-1.0000E+01,
17:19:56.13404600, 5.3333E-02, 3.0333E+00,-1.0267E+01,
17:19:56.13404605, 8.0000E-02, 3.1333E+00,-1.0667E+01,
17:19:56.13404610, 9.3333E-02, 3.0667E+00,-1.0533E+01,
17:19:56.13404615, 8.0000E-02, 3.0667E+00,-1.0533E+01,
17:19:56.13404620, 2.6667E-02, 3.1000E+00,-1.0667E+01,
17:19:56.13404625, 5.3333E-02, 3.0333E+00,-1.0933E+01,
17:19:56.13404630, 6.6667E-02, 3.0000E+00,-1.0933E+01,
17:19:56.13404635, 6.6667E-02, 3.0000E+00,-1.1333E+01,
17:19:56.13404640, 5.3333E-02, 3.0667E+00,-1.1333E+01,
17:19:56.13404645, 5.3333E-02, 3.0333E+00,-1.1200E+01,
17:19:56.13404650, 8.0000E-02, 3.0333E+00,-1.1200E+01,
17:19:56.13404655, 5.3333E-02, 2.9333E+00,-1.1733E+01,
17:19:56.13404660, 5.3333E-02, 2.9333E+00,-1.1600E+01,
17:19:56.13404665, 6.6667E-02, 2.9333E+00,-1.1333E+01,
17:19:56.13404670, 5.3333E-02, 2.9667E+00,-1.1333E+01,
17:19:56.13404675, 5.3333E-02, 2.9333E+00,-1.1600E+01,
17:19:56.13404680, 5.3333E-02, 2.9667E+00,-1.1467E+01,
17:19:56.13404685, 5.3333E-02, 3.0333E+00,-1.1600E+01,
17:19:56.13404690, 5.3333E-02, 2.9000E+00,-1.1600E+01,
17:19:56.13404695, 5.3333E-02, 2.9333E+00,-1.1733E+01,
17:19:56.13404700, 6.6667E-02, 2.9000E+00,-1.1867E+01,
17:19:56.13404705, 6.6667E-02, 2.8667E+00,-1.2000E+01,
17:19:56.13404710, 5.3333E-02, 2.9000E+00,-1.2133E+01,
17:19:56.13404715, 8.0000E-02, 2.8667E+00,-1.2133E+01,
17:19:56.13404720, 5.3333E-02, 2.9000E+00,-1.2000E+01,
17:19:56.13404725, 5.3333E-02, 2.9000E+00,-1.2000E+01,
17:19:56.13404730, 2.6667E-02, 2.8667E+00,-1.2267E+01,
17:19:56.13404735, 4.0000E-02, 2.9000E+00,-1.2133E+01,
17:19:56.13404740, 8.0000E-02, 2.8333E+00,-1.2133E+01,
17:19:56.13404745, 4.0000E-02, 2.8333E+00,-1.2400E+01,
17:19:56.13404750, 4.0000E-02, 2.8333E+00,-1.2400E+01,
17:19:56.13404755, 5.3333E-02, 2.8333E+00,-1.2400E+01,
17:19:56.13404760, 6.6667E-02, 2.8333E+00,-1.2267E+01,
17:19:56.13404765, 5.3333E-02, 2.8000E+00,-1.2533E+01,
17:19:56.13404770, 4.0000E-02, 2.8667E+00,-1.2400E+01,
17:19:56.13404775,-1.3333E-02, 2.8000E+00,-1.2667E+01,
17:19:56.13404780, 5.3333E-02, 2.7667E+00,-1.2667E+01,
17:19:56.13404785, 5.3333E-02, 2.7667E+00,-1.2400E+01,
17:19:56.13404790, 8.0000E-02, 2.7667E+00,-1.3067E+01,
17:19:56.13404795, 1.3333E-02, 2.8000E+00,-1.2933E+01,
17:19:56.13404800, 4.0000E-02, 2.8000E+00,-1.3067E+01,
17:19:56.13404805, 4.0000E-02, 2.7333E+00,-1.2800E+01,
17:19:56.13404810, 6.6667E-02, 2.7667E+00,-1.3067E+01,
17:19:56.13404815, 1.3333E-02, 2.7667E+00,-1.2933E+01,
17:19:56.13404820, 1.3333E-02, 2.7333E+00,-1.3067E+01,
17:19:56.13404825, 1.3333E-02, 2.6667E+00,-1.2933E+01,
17:19:56.13404830, 5.3333E-02, 2.7000E+00,-1.2800E+01,
17:19:56.13404835, 1.3333E-02, 2.6667E+00,-1.2800E+01,
17:19:56.13404840, 4.0000E-02, 2.6667E+00,-1.2533E+01,
17:19:56.13404845, 1.3333E-02, 2.6000E+00,-1.3067E+01,
17:19:56.13404850, 1.3333E-02, 2.7000E+00,-1.2933E+01,
17:19:56.13404855, 1.3333E-02, 2.6000E+00,-1.3333E+01,
17:19:56.13404860, 1.3333E-02, 2.6667E+00,-1.3200E+01,
17:19:56.13404865, 1.3333E-02, 2.6000E+00,-1.3200E+01,
17:19:56.13404870,-2.6667E-02, 2.6333E+00,-1.3067E+01,
17:19:56.13404875, 1.3333E-02, 2.6000E+00,-1.3067E+01,
17:19:56.13404880, 4.0000E-02, 2.5667E+00,-1.3067E+01,
17:19:56.13404885,-1.3333E-02, 2.5667E+00,-1.3067E+01,
17:19:56.13404890, 4.0000E-02, 2.5667E+00,-1.3067E+01,
17:19:56.13404895, 4.0000E-02, 2.5667E+00,-1.3067E+01,
17:19:56.13404900, 1.3333E-02, 2.6333E+00,-1.3200E+01,
17:19:56.13404905, 1.3333E-02, 2.5667E+00,-1.3067E+01,
17:19:56.13404910, 2.6667E-02, 2.6000E+00,-1.3333E+01,
17:19:56.13404915, 1.3333E-02, 2.5333E+00,-1.3067E+01,
17:19:56.13404920, 0.0000E+00, 2.5333E+00,-1.3200E+01,
17:19:56.13404925, 1.3333E-02, 2.5667E+00,-1.3067E+01,
17:19:56.13404930,-1.3333E-02, 2.6000E+00,-1.3067E+01,
17:19:56.13404935, 0.0000E+00, 2.5667E+00,-1.3467E+01,
17:19:56.13404940, 1.3333E-02, 2.5667E+00,-1.3333E+01,
17:19:56.13404945, 1.3333E-02, 2.5000E+00,-1.3067E+01,
17:19:56.13404950, 2.6667E-02, 2.5333E+00,-1.3200E+01,
17:19:56.13404955, 0.0000E+00, 2.5667E+00,-1.3067E+01,
17:19:56.13404960, 0.0000E+00, 2.5333E+00,-1.3333E+01,
17:19:56.13404965,-4.0000E-02, 2.4667E+00,-1.3067E+01,
17:19:56.13404970,-2.6667E-02, 2.5000E+00,-1.3067E+01,
17:19:56.13404975, 1.3333E-02, 2.5000E+00,-1.3200E+01,
17:19:56.13404980,-1.3333E-02, 2.5333E+00,-1.3067E+01,
17:19:56.13404985,-1.3333E-02, 2.5333E+00,-1.3067E+01,
17:19:56.13404990, 2.6667E-02, 2.4333E+00,-1.2933E+01,
17:19:56.13404995, 1.3333E-02, 2.4333E+00,-1.3067E+01,
17:19:56.13405000,-2.6667E-02, 2.4667E+00,-1.3067E+01,
17:19:56.13405005,-1.3333E-02, 2.4667E+00,-1.3067E+01,
17:19:56.13405010,-1.3333E-02, 2.4333E+00,-1.2933E+01,
17:19:56.13405015,-2.6667E-02, 2.4667E+00,-1.3067E+01,
17:19:56.13405020,-1.3333E-02, 2.3667E+00,-1.2933E+01,
17:19:56.13405025,-1.3333E-02, 2.4667E+00,-1.3067E+01,
17:19:56.13405030, 1.3333E-02, 2.4000E+00,-1.2933E+01,
17:19:56.13405035, 0.0000E+00, 2.3667E+00,-1.2533E+01,
17:19:56.13405040, 4.0000E-02, 2.3667E+00,-1.2933E+01,
17:19:56.13405045,-2.6667E-02, 2.3667E+00,-1.2933E+01,
17:19:56.13405050,-2.6667E-02, 2.4333E+00,-1.2800E+01,
17:19:56.13405055,-2.6667E-02, 2.3667E+00,-1.2800E+01,
17:19:56.13405060,-4.0000E-02, 2.3667E+00,-1.2400E+01,
17:19:56.13405065,-4.0000E-02, 2.3333E+00,-1.2533E+01,
17:19:56.13405070,-1.3333E-02, 2.3667E+00,-1.2667E+01,
17:19:56.13405075,-2.6667E-02, 2.3667E+00,-1.2800E+01,
17:19:56.13405080,-1.3333E-02, 2.3333E+00,-1.2267E+01,
17:19:56.13405085,-6.6667E-02, 2.3333E+00,-1.2533E+01,
17:19:56.13405090, 0.0000E+00, 2.3333E+00,-1.2400E+01,
17:19:56.13405095,-4.0000E-02, 2.3000E+00,-1.2267E+01,
17:19:56.13405100,-2.6667E-02, 2.3000E+00,-1.1867E+01,
17:19:56.13405105,-2.6667E-02, 2.3333E+00,-1.2400E+01,
17:19:56.13405110,-2.6667E-02, 2.3667E+00,-1.2267E+01,
17:19:56.13405115,-2.6667E-02, 2.3000E+00,-1.2133E+01,
17:19:56.13405120,-1.3333E-02, 2.3333E+00,-1.2400E+01,
17:19:56.13405125,-4.0000E-02, 2.2333E+00,-1.1867E+01,
17:19:56.13405130,-1.3333E-02, 2.2667E+00,-1.2133E+01,
17:19:56.13405135,-2.6667E-02, 2.2667E+00,-1.1600E+01,
17:19:56.13405140, 2.6667E-02, 2.2667E+00,-1.1867E+01,
17:19:56.13405145, 0.0000E+00, 2.2667E+00,-1.2400E+01,
17:19:56.13405150,-5.3333E-02, 2.2667E+00,-1.2000E+01,
17:19:56.13405155, 0.0000E+00, 2.2000E+00,-1.1467E+01,
17:19:56.13405160,-6.6667E-02, 2.2000E+00,-1.1600E+01,
17:19:56.13405165,-4.0000E-02, 2.2333E+00,-1.1600E+01,
17:19:56.13405170,-2.6667E-02, 2.2333E+00,-1.1467E+01,
17:19:56.13405175,-4.0000E-02, 2.2667E+00,-1.1333E+01,
17:19:56.13405180,-4.0000E-02, 2.2333E+00,-1.1467E+01,
17:19:56.13405185,-1.3333E-02, 2.2333E+00,-1.1600E+01,
17:19:56.13405190, 0.0000E+00, 2.2333E+00,-1.1067E+01,
17:19:56.13405195,-4.0000E-02, 2.3000E+00,-1.1200E+01,
17:19:56.13405200,-4.0000E-02, 2.2333E+00,-1.0800E+01,
17:19:56.13405205,-5.3333E-02, 2.2333E+00,-1.1200E+01,
17:19:56.13405210,-1.3333E-02, 2.2000E+00,-1.0933E+01,
17:19:56.13405215,-4.0000E-02, 2.1667E+00,-1.1067E+01,
17:19:56.13405220,-4.0000E-02, 2.2333E+00,-1.0800E+01,
17:19:56.13405225,-5.3333E-02, 2.1667E+00,-1.0800E+01,
17:19:56.13405230,-2.6667E-02, 2.2333E+00,-1.0533E+01,
17:19:56.13405235,-1.3333E-02, 2.2333E+00,-1.0400E+01,
17:19:56.13405240,-1.3333E-02, 2.1667E+00,-1.0533E+01,
17:19:56.13405245,-2.6667E-02, 2.2000E+00,-1.0400E+01,
17:19:56.13405250,-4.0000E-02, 2.2000E+00,-1.0400E+01,
17:19:56.13405255,-4.0000E-02, 2.1667E+00,-1.0133E+01,
17:19:56.13405260,-6.6667E-02, 2.1667E+00,-1.0000E+01,
17:19:56.13405265,-4.0000E-02, 2.1667E+00,-1.0267E+01,
17:19:56.13405270,-1.3333E-02, 2.2000E+00,-1.0133E+01,
17:19:56.13405275,-6.6667E-02, 2.1667E+00,-1.0267E+01,
17:19:56.13405280,-4.0000E-02, 2.1667E+00,-1.0133E+01,
17:19:56.13405285,-5.3333E-02, 2.0667E+00,-1.0000E+01,
17:19:56.13405290,-5.3333E-02, 2.1667E+00,-1.0000E+01,
17:19:56.13405295,-4.0000E-02, 2.2000E+00,-1.0000E+01,
17:19:56.13405300,-6.6667E-02, 2.1667E+00,-9.7333E+00,
17:19:56.13405305,-4.0000E-02, 2.1000E+00,-9.7333E+00,
17:19:56.13405310,-4.0000E-02, 2.1000E+00,-9.2000E+00,
17:19:56.13405315,-1.3333E-02, 2.0333E+00,-9.3333E+00,
17:19:56.13405320,-2.6667E-02, 2.1333E+00,-9.3333E+00,
17:19:56.13405325,-1.3333E-02, 2.0667E+00,-9.3333E+00,
17:19:56.13405330,-5.3333E-02, 2.0667E+00,-9.4667E+00,
17:19:56.13405335,-4.0000E-02, 2.0667E+00,-9.0667E+00,
17:19:56.13405340,-4.0000E-02, 2.1000E+00,-9.0667E+00,
17:19:56.13405345,-5.3333E-02, 2.1333E+00,-9.0667E+00,
17:19:56.13405350,-8.0000E-02, 2.1333E+00,-8.9333E+00,
17:19:56.13405355,-5.3333E-02, 2.1000E+00,-8.8000E+00,
17:19:56.13405360,-4.0000E-02, 2.0333E+00,-8.5333E+00,
17:19:56.13405365,-5.3333E-02, 2.0333E+00,-8.9333E+00,
17:19:56.13405370,-4.0000E-02, 2.0667E+00,-8.2667E+00,
17:19:56.13405375,-6.6667E-02, 2.0667E+00,-8.2667E+00,
17:19:56.13405380,-4.0000E-02, 2.1000E+00,-8.2667E+00,
17:19:56.13405385,-8.0000E-02, 2.1333E+00,-8.4000E+00,
17:19:56.13405390,-5.3333E-02, 2.0667E+00,-8.4000E+00,
17:19:56.13405395,-2.6667E-02, 2.1000E+00,-8.1333E+00,
17:19:56.13405400,-8.0000E-02, 2.0000E+00,-8.0000E+00,
17:19:56.13405405,-4.0000E-02, 2.0667E+00,-7.7333E+00,
17:19:56.13405410,-2.6667E-02, 2.1000E+00,-7.6000E+00,
17:19:56.13405415,-5.3333E-02, 2.0667E+00,-7.8667E+00,
17:19:56.13405420,-8.0000E-02, 2.0000E+00,-7.7333E+00,
17:19:56.13405425,-4.0000E-02, 2.0333E+00,-7.4667E+00,
17:19:56.13405430,-6.6667E-02, 1.9667E+00,-7.2000E+00,
17:19:56.13405435, 0.0000E+00, 2.0000E+00,-7.4667E+00,
17:19:56.13405440,-9.3333E-02, 2.0667E+00,-7.4667E+00,
17:19:56.13405445,-8.0000E-02, 2.0667E+00,-7.2000E+00,
17:19:56.13405450,-8.0000E-02, 2.0333E+00,-7.0667E+00,
17:19:56.13405455,-4.0000E-02, 2.0000E+00,-6.9333E+00,
17:19:56.13405460,-6.6667E-02, 1.9333E+00,-6.8000E+00,
17:19:56.13405465,-8.0000E-02, 1.9333E+00,-6.6667E+00,
17:19:56.13405470,-4.0000E-02, 2.0000E+00,-6.5333E+00,
17:19:56.13405475,-4.0000E-02, 2.0667E+00,-6.5333E+00,
17:19:56.13405480,-5.3333E-02, 1.9333E+00,-6.8000E+00,
17:19:56.13405485,-6.6667E-02, 2.0000E+00,-6.2667E+00,
17:19:56.13405490,-5.3333E-02, 2.0333E+00,-6.4000E+00,
17:19:56.13405495,-8.0000E-02, 2.0333E+00,-6.1333E+00,
17:19:56.13405500,-5.3333E-02, 2.0000E+00,-6.0000E+00,
17:19:56.13405505,-4.0000E-02, 2.0000E+00,-6.0000E+00,
17:19:56.13405510,-4.0000E-02, 1.9667E+00,-5.7333E+00,
17:19:56.13405515,-2.6667E-02, 2.0000E+00,-5.7333E+00,
17:19:56.13405520,-5.3333E-02, 1.9667E+00,-5.6000E+00,
17:19:56.13405525,-6.6667E-02, 1.9333E+00,-5.6000E+00,
17:19:56.13405530,-4.0000E-02, 2.0000E+00,-5.3333E+00,
17:19:56.13405535,-5.3333E-02, 1.8667E+00,-5.0667E+00,
17:19:56.13405540,-6.6667E-02, 2.0000E+00,-5.3333E+00,
17:19:56.13405545,-6.6667E-02, 2.0000E+00,-5.2000E+00,
17:19:56.13405550,-4.0000E-02, 2.0000E+00,-4.8000E+00,
17:19:56.13405555,-8.0000E-02, 1.9667E+00,-4.6667E+00,
17:19:56.13405560,-8.0000E-02, 1.9333E+00,-4.8000E+00,
17:19:56.13405565,-2.6667E-02, 2.0000E+00,-4.4000E+00,
17:19:56.13405570,-2.6667E-02, 1.9333E+00,-4.4000E+00,
17:19:56.13405575,-5.3333E-02, 1.9667E+00,-4.8000E+00,
17:19:56.13405580,-5.3333E-02, 1.9667E+00,-4.5333E+00,
17:19:56.13405585,-5.3333E-02, 2.0000E+00,-4.5333E+00,
17:19:56.13405590,-8.0000E-02, 2.0000E+00,-4.5333E+00,
17:19:56.13405595,-6.6667E-02, 1.9667E+00,-4.1333E+00,
17:19:56.13405600,-4.0000E-02, 2.0000E+00,-4.5333E+00,
17:19:56.13405605,-8.0000E-02, 1.9667E+00,-4.0000E+00,
17:19:56.13405610,-4.0000E-02, 1.9333E+00,-3.8667E+00,
17:19:56.13405615,-5.3333E-02, 2.0667E+00,-3.6000E+00,
17:19:56.13405620,-4.0000E-02, 1.9667E+00,-3.6000E+00,
17:19:56.13405625,-5.3333E-02, 1.9333E+00,-3.6000E+00,
17:19:56.13405630,-4.0000E-02, 1.9667E+00,-3.6000E+00,
17:19:56.13405635,-8.0000E-02, 1.9333E+00,-3.2000E+00,
17:19:56.13405640,-5.3333E-02, 1.9667E+00,-3.4667E+00,
17:19:56.13405645,-4.0000E-02, 1.9333E+00,-3.4667E+00,
17:19:56.13405650,-4.0000E-02, 1.9000E+00,-3.2000E+00,
17:19:56.13405655,-6.6667E-02, 1.9667E+00,-2.6667E+00,
17:19:56.13405660,-4.0000E-02, 2.0000E+00,-2.6667E+00,
17:19:56.13405665,-2.6667E-02, 1.9667E+00,-2.6667E+00,
17:19:56.13405670,-8.0000E-02, 2.0000E+00,-2.8000E+00,
17:19:56.13405675,-8.0000E-02, 1.9667E+00,-2.6667E+00,
17:19:56.13405680,-8.0000E-02, 1.9667E+00,-2.2667E+00,
17:19:56.13405685,-8.0000E-02, 1.9667E+00,-2.0000E+00,
17:19:56.13405690,-6.6667E-02, 1.9667E+00,-2.5333E+00,
17:19:56.13405695,-6.6667E-02, 1.9667E+00,-2.2667E+00,
17:19:56.13405700,-8.0000E-02, 1.9333E+00,-1.7333E+00,
17:19:56.13405705,-6.6667E-02, 1.8667E+00,-1.7333E+00,
17:19:56.13405710,-5.3333E-02, 2.0333E+00,-1.8667E+00,
17:19:56.13405715,-6.6667E-02, 1.9667E+00,-1.6000E+00,
17:19:56.13405720,-6.6667E-02, 1.9667E+00,-1.3333E+00,
17:19:56.13405725,-8.0000E-02, 1.9000E+00,-1.6000E+00,
17:19:56.13405730,-8.0000E-02, 1.9667E+00,-1.2000E+00,
17:19:56.13405735,-8.0000E-02, 1.9667E+00,-1.3333E+00,
17:19:56.13405740,-5.3333E-02, 1.8667E+00,-1.3333E+00,
17:19:56.13405745,-5.3333E-02, 1.9667E+00,-1.0667E+00,
17:19:56.13405750,-5.3333E-02, 1.9333E+00,-1.2000E+00,
17:19:56.13405755,-4.0000E-02, 1.9333E+00,-9.3333E-01,
17:19:56.13405760,-4.0000E-02, 1.9333E+00,-5.3333E-01,
17:19:56.13405765,-2.6667E-02, 2.0000E+00,-8.0000E-01,
17:19:56.13405770,-6.6667E-02, 1.9667E+00,-6.6667E-01,
17:19:56.13405775,-6.6667E-02, 2.0000E+00,-6.6667E-01,
17:19:56.13405780,-2.6667E-02, 2.0000E+00,-5.3333E-01,
17:19:56.13405785,-8.0000E-02, 2.0000E+00,-6.6667E-01,
17:19:56.13405790,-4.0000E-02, 1.9333E+00,-5.3333E-01,
17:19:56.13405795,-8.0000E-02, 2.0333E+00,-4.0000E-01,
17:19:56.13405800,-4.0000E-02, 1.9667E+00,-1.3333E-01,
17:19:56.13405805,-2.6667E-02, 1.9333E+00,-1.3333E-01,
17:19:56.13405810,-5.3333E-02, 1.9667E+00,-1.3333E-01,
17:19:56.13405815,-4.0000E-02, 2.0333E+00, 1.3333E-01,
17:19:56.13405820,-4.0000E-02, 2.0667E+00, 1.3333E-01,
17:19:56.13405825,-6.6667E-02, 2.0333E+00, 1.3333E-01,
17:19:56.13405830,-5.3333E-02, 1.9333E+00, 8.0000E-01,
17:19:56.13405835,-4.0000E-02, 2.0333E+00, 6.6667E-01,
17:19:56.13405840,-5.3333E-02, 1.9667E+00, 8.0000E-01,
17:19:56.13405845,-5.3333E-02, 2.0667E+00, 9.3333E-01,
17:19:56.13405850,-4.0000E-02, 1.9667E+00, 8.0000E-01,
17:19:56.13405855,-4.0000E-02, 1.9333E+00, 6.6667E-01,
17:19:56.13405860,-5.3333E-02, 2.0000E+00, 1.3333E+00,
17:19:56.13405865,-6.6667E-02, 1.9667E+00, 1.0667E+00,
17:19:56.13405870,-8.0000E-02, 2.0000E+00, 1.2000E+00,
17:19:56.13405875,-5.3333E-02, 2.0000E+00, 1.0667E+00,
17:19:56.13405880,-6.6667E-02, 2.0000E+00, 1.0667E+00,
17:19:56.13405885,-8.0000E-02, 1.9000E+00, 1.2000E+00,
17:19:56.13405890,-4.0000E-02, 1.9667E+00, 1.7333E+00,
17:19:56.13405895,-4.0000E-02, 2.0333E+00, 1.4667E+00,
17:19:56.13405900,-4.0000E-02, 2.0333E+00, 1.6000E+00,
17:19:56.13405905,-5.3333E-02, 2.0000E+00, 2.0000E+00,
17:19:56.13405910,-5.3333E-02, 2.0333E+00, 1.7333E+00,
17:19:56.13405915,-5.3333E-02, 2.0667E+00, 2.0000E+00,
17:19:56.13405920, 0.0000E+00, 2.0000E+00, 1.7333E+00,
17:19:56.13405925,-5.3333E-02, 1.9667E+00, 2.1333E+00,
17:19:56.13405930,-4.0000E-02, 2.0667E+00, 2.4000E+00,
17:19:56.13405935,-5.3333E-02, 2.0333E+00, 2.2667E+00,
17:19:56.13405940,-6.6667E-02, 2.1000E+00, 2.2667E+00,
17:19:56.13405945,-2.6667E-02, 2.0667E+00, 2.5333E+00,
17:19:56.13405950,-4.0000E-02, 2.0667E+00, 2.8000E+00,
17:19:56.13405955,-4.0000E-02, 2.0333E+00, 2.9333E+00,
17:19:56.13405960,-1.3333E-02, 2.0333E+00, 2.9333E+00,
17:19:56.13405965,-6.6667E-02, 2.0667E+00, 2.8000E+00,
17:19:56.13405970,-6.6667E-02, 2.0667E+00, 2.6667E+00,
17:19:56.13405975,-5.3333E-02, 2.1000E+00, 2.8000E+00,
17:19:56.13405980,-4.0000E-02, 2.1000E+00, 3.0667E+00,
17:19:56.13405985,-4.0000E-02, 2.0333E+00, 3.4667E+00,
17:19:56.13405990,-6.6667E-02, 2.0667E+00, 3.4667E+00,
17:19:56.13405995,-2.6667E-02, 2.0667E+00, 3.4667E+00,
17:19:56.13406000,-1.3333E-02, 2.1000E+00, 3.3333E+00,
17:19:56.13406005,-4.0000E-02, 2.1000E+00, 3.4667E+00,
17:19:56.13406010,-1.3333E-02, 2.1000E+00, 3.4667E+00,
17:19:56.13406015,-5.3333E-02, 2.1333E+00, 3.4667E+00,
17:19:56.13406020,-4.0000E-02, 2.1333E+00, 3.6000E+00,
17:19:56.13406025,-4.0000E-02, 2.1000E+00, 3.7333E+00,
17:19:56.13406030,-6.6667E-02, 2.0667E+00, 3.6000E+00,
17:19:56.13406035,-4.0000E-02, 2.1333E+00, 3.6000E+00,
17:19:56.13406040,-4.0000E-02, 2.1000E+00, 4.1333E+00,
17:19:56.13406045,-2.6667E-02, 2.1333E+00, 3.8667E+00,
17:19:56.13406050, 1.3333E-02, 2.1333E+00, 3.8667E+00,
17:19:56.13406055,-1.3333E-02, 2.1333E+00, 4.0000E+00,
17:19:56.13406060,-1.3333E-02, 2.0667E+00, 4.2667E+00,
17:19:56.13406065,-6.6667E-02, 2.1667E+00, 4.0000E+00,
17:19:56.13406070,-5.3333E-02, 2.2333E+00, 4.4000E+00,
17:19:56.13406075,-5.3333E-02, 2.1333E+00, 3.7333E+00,
17:19:56.13406080,-1.3333E-02, 2.0333E+00, 4.8000E+00,
17:19:56.13406085,-1.3333E-02, 2.2000E+00, 4.5333E+00,
17:19:56.13406090,-4.0000E-02, 2.1667E+00, 4.4000E+00,
17:19:56.13406095,-4.0000E-02, 2.1667E+00, 4.8000E+00,
17:19:56.13406100,-1.3333E-02, 2.1667E+00, 4.8000E+00,
17:19:56.13406105,-2.6667E-02, 2.1000E+00, 4.8000E+00,
17:19:56.13406110,-2.6667E-02, 2.1333E+00, 4.6667E+00,
17:19:56.13406115,-4.0000E-02, 2.1667E+00, 4.6667E+00,
17:19:56.13406120, 1.3333E-02, 2.1333E+00, 4.8000E+00,
17:19:56.13406125,-1.3333E-02, 2.2333E+00, 4.8000E+00,
17:19:56.13406130,-1.3333E-02, 2.1333E+00, 5.3333E+00,
17:19:56.13406135,-1.3333E-02, 2.2333E+00, 5.2000E+00,
17:19:56.13406140, 1.3333E-02, 2.2333E+00, 5.0667E+00,
17:19:56.13406145,-4.0000E-02, 2.2000E+00, 5.2000E+00,
17:19:56.13406150,-1.3333E-02, 2.2000E+00, 5.2000E+00,
17:19:56.13406155,-4.0000E-02, 2.2000E+00, 5.2000E+00,
17:19:56.13406160,-2.6667E-02, 2.2000E+00, 5.3333E+00,
17:19:56.13406165,-4.0000E-02, 2.1667E+00, 5.4667E+00,
17:19:56.13406170,-2.6667E-02, 2.1667E+00, 5.2000E+00,
17:19:56.13406175, 0.0000E+00, 2.1667E+00, 4.9333E+00,
17:19:56.13406180,-2.6667E-02, 2.1667E+00, 5.4667E+00,
17:19:56.13406185, 0.0000E+00, 2.2000E+00, 5.4667E+00,
17:19:56.13406190,-1.3333E-02, 2.2333E+00, 6.1333E+00,
17:19:56.13406195, 0.0000E+00, 2.2333E+00, 5.8667E+00,
17:19:56.13406200,-4.0000E-02, 2.2333E+00, 5.7333E+00,
17:19:56.13406205,-1.3333E-02, 2.2333E+00, 6.0000E+00,
17:19:56.13406210,-1.3333E-02, 2.2333E+00, 5.7333E+00,
17:19:56.13406215,-5.3333E-02, 2.2333E+00, 5.7333E+00,
17:19:56.13406220,-2.6667E-02, 2.2333E+00, 5.7333E+00,
17:19:56.13406225,-1.3333E-02, 2.2333E+00, 5.8667E+00,
17:19:56.13406230,-1.3333E-02, 2.2333E+00, 6.1333E+00,
17:19:56.13406235, 0.0000E+00, 2.2333E+00, 6.0000E+00,
17:19:56.13406240, 1.3333E-02, 2.3000E+00, 6.1333E+00,
17:19:56.13406245, 0.0000E+00, 2.3000E+00, 5.8667E+00,
17:19:56.13406250,-1.3333E-02, 2.3000E+00, 6.1333E+00,
17:19:56.13406255,-1.3333E-02, 2.2333E+00, 6.0000E+00,
17:19:56.13406260,-2.6667E-02, 2.2667E+00, 6.1333E+00,
17:19:56.13406265, 0.0000E+00, 2.2667E+00, 6.2667E+00,
17:19:56.13406270,-1.3333E-02, 2.2667E+00, 6.1333E+00,
17:19:56.13406275, 0.0000E+00, 2.2333E+00, 6.1333E+00,
17:19:56.13406280, 0.0000E+00, 2.3000E+00, 6.2667E+00,
17:19:56.13406285, 1.3333E-02, 2.3000E+00, 6.2667E+00,
17:19:56.13406290, 0.0000E+00, 2.3333E+00, 6.4000E+00,
17:19:56.13406295, 1.3333E-02, 2.2667E+00, 6.5333E+00,
17:19:56.13406300,-1.3333E-02, 2.3000E+00, 6.5333E+00,
17:19:56.13406305,-2.6667E-02, 2.3000E+00, 6.5333E+00,
17:19:56.13406310,-2.6667E-02, 2.3333E+00, 6.2667E+00,
17:19:56.13406315,-2.6667E-02, 2.3333E+00, 6.2667E+00,
17:19:56.13406320,-1.3333E-02, 2.2667E+00, 6.4000E+00,
17:19:56.13406325,-2.6667E-02, 2.3333E+00, 6.8000E+00,
17:19:56.13406330, 1.3333E-02, 2.3000E+00, 6.2667E+00,
17:19:56.13406335,-1.3333E-02, 2.3000E+00, 6.5333E+00,
17:19:56.13406340,-1.3333E-02, 2.2667E+00, 6.8000E+00,
17:19:56.13406345,-2.6667E-02, 2.3667E+00, 6.6667E+00,
17:19:56.13406350, 0.0000E+00, 2.3333E+00, 6.9333E+00,
17:19:56.13406355,-1.3333E-02, 2.3333E+00, 6.6667E+00,
17:19:56.13406360, 0.0000E+00, 2.3333E+00, 6.6667E+00,
17:19:56.13406365, 0.0000E+00, 2.4000E+00, 6.8000E+00,
17:19:56.13406370,-1.3333E-02, 2.3333E+00, 6.6667E+00,
17:19:56.13406375,-1.3333E-02, 2.4000E+00, 7.0667E+00,
17:19:56.13406380, 1.3333E-02, 2.4000E+00, 6.8000E+00,
17:19:56.13406385, 0.0000E+00, 2.4000E+00, 6.4000E+00,
17:19:56.13406390, 0.0000E+00, 2.4667E+00, 6.9333E+00,
17:19:56.13406395, 0.0000E+00, 2.3000E+00, 6.6667E+00,
17:19:56.13406400,-1.3333E-02, 2.3667E+00, 6.8000E+00,
17:19:56.13406405,-1.3333E-02, 2.4333E+00, 6.8000E+00,
17:19:56.13406410,-1.3333E-02, 2.4000E+00, 6.6667E+00,
17:19:56.13406415,-1.3333E-02, 2.4000E+00, 6.5333E+00,
17:19:56.13406420, 0.0000E+00, 2.3667E+00, 6.6667E+00,
17:19:56.13406425, 1.3333E-02, 2.3667E+00, 6.8000E+00,
17:19:56.13406430, 1.3333E-02, 2.4333E+00, 6.8000E+00,
17:19:56.13406435, 0.0000E+00, 2.4667E+00, 7.0667E+00,
17:19:56.13406440,-2.6667E-02, 2.4333E+00, 6.8000E+00,
17:19:56.13406445,-1.3333E-02, 2.4333E+00, 6.9333E+00,
17:19:56.13406450, 0.0000E+00, 2.5000E+00, 7.0667E+00,
17:19:56.13406455,-1.3333E-02, 2.4667E+00, 6.6667E+00,
17:19:56.13406460,-2.6667E-02, 2.5333E+00, 6.6667E+00,
17:19:56.13406465, 1.3333E-02, 2.4667E+00, 6.9333E+00,
17:19:56.13406470, 1.3333E-02, 2.4667E+00, 7.0667E+00,
17:19:56.13406475, 1.3333E-02, 2.4667E+00, 7.0667E+00,
17:19:56.13406480, 2.6667E-02, 2.5667E+00, 7.3333E+00,
17:19:56.13406485, 1.3333E-02, 2.4333E+00, 7.0667E+00,
17:19:56.13406490, 1.3333E-02, 2.4000E+00, 7.0667E+00,
17:19:56.13406495, 0.0000E+00, 2.4667E+00, 6.8000E+00,
17:19:56.13406500, 0.0000E+00, 2.4667E+00, 6.8000E+00,
17:19:56.13406505, 0.0000E+00, 2.5667E+00, 6.8000E+00,
17:19:56.13406510, 2.6667E-02, 2.5333E+00, 7.0667E+00,
17:19:56.13406515, 1.3333E-02, 2.4667E+00, 6.9333E+00,
17:19:56.13406520,-1.3333E-02, 2.5000E+00, 6.8000E+00,
17:19:56.13406525, 0.0000E+00, 2.5333E+00, 6.9333E+00,
17:19:56.13406530, 4.0000E-02, 2.4667E+00, 6.8000E+00,
17:19:56.13406535, 5.3333E-02, 2.4333E+00, 6.9333E+00,
17:19:56.13406540, 1.3333E-02, 2.5667E+00, 6.6667E+00,
17:19:56.13406545, 0.0000E+00, 2.5000E+00, 6.8000E+00,
17:19:56.13406550, 1.3333E-02, 2.5333E+00, 7.2000E+00,
17:19:56.13406555, 0.0000E+00, 2.5333E+00, 6.2667E+00,
17:19:56.13406560, 2.6667E-02, 2.5333E+00, 6.8000E+00,
17:19:56.13406565, 1.3333E-02, 2.5667E+00, 6.8000E+00,
17:19:56.13406570, 1.3333E-02, 2.5667E+00, 6.5333E+00,
17:19:56.13406575, 2.6667E-02, 2.5667E+00, 6.8000E+00,
17:19:56.13406580, 2.6667E-02, 2.5333E+00, 6.4000E+00,
17:19:56.13406585, 1.3333E-02, 2.5667E+00, 6.8000E+00,
17:19:56.13406590, 2.6667E-02, 2.5667E+00, 6.6667E+00,
17:19:56.13406595, 0.0000E+00, 2.5667E+00, 6.8000E+00,
17:19:56.13406600, 0.0000E+00, 2.6333E+00, 6.6667E+00,
17:19:56.13406605, 4.0000E-02, 2.5000E+00, 6.4000E+00,
17:19:56.13406610, 1.3333E-02, 2.6000E+00, 6.5333E+00,
17:19:56.13406615, 1.3333E-02, 2.6333E+00, 6.4000E+00,
17:19:56.13406620, 2.6667E-02, 2.5667E+00, 6.5333E+00,
17:19:56.13406625, 4.0000E-02, 2.5667E+00, 6.6667E+00,
17:19:56.13406630, 4.0000E-02, 2.5667E+00, 6.2667E+00,
17:19:56.13406635, 2.6667E-02, 2.6000E+00, 6.4000E+00,
17:19:56.13406640, 2.6667E-02, 2.6000E+00, 6.5333E+00,
17:19:56.13406645, 1.3333E-02, 2.5667E+00, 6.4000E+00,
17:19:56.13406650,-1.3333E-02, 2.6000E+00, 6.4000E+00,
17:19:56.13406655, 4.0000E-02, 2.6333E+00, 6.1333E+00,
17:19:56.13406660, 0.0000E+00, 2.6667E+00, 6.4000E+00,
17:19:56.13406665, 5.3333E-02, 2.6667E+00, 6.1333E+00,
17:19:56.13406670, 4.0000E-02, 2.6333E+00, 6.4000E+00,
17:19:56.13406675, 4.0000E-02, 2.6000E+00, 6.1333E+00,
17:19:56.13406680, 1.3333E-02, 2.6000E+00, 6.4000E+00,
17:19:56.13406685, 4.0000E-02, 2.5667E+00, 6.5333E+00,
17:19:56.13406690, 2.6667E-02, 2.6333E+00, 6.1333E+00,
17:19:56.13406695, 0.0000E+00, 2.5667E+00, 6.2667E+00,
17:19:56.13406700, 2.6667E-02, 2.6000E+00, 6.0000E+00,
17:19:56.13406705, 4.0000E-02, 2.6000E+00, 6.1333E+00,
17:19:56.13406710, 4.0000E-02, 2.6333E+00, 6.1333E+00,
17:19:56.13406715, 5.3333E-02, 2.6333E+00, 6.1333E+00,
17:19:56.13406720, 5.3333E-02, 2.6000E+00, 6.1333E+00,
17:19:56.13406725, 2.6667E-02, 2.6667E+00, 6.0000E+00,
17:19:56.13406730, 4.0000E-02, 2.6333E+00, 6.2667E+00,
17:19:56.13406735, 2.6667E-02, 2.6667E+00, 6.0000E+00,
17:19:56.13406740, 1.3333E-02, 2.6333E+00, 6.1333E+00,
17:19:56.13406745, 1.3333E-02, 2.7000E+00, 5.8667E+00,
17:19:56.13406750, 1.3333E-02, 2.6667E+00, 5.8667E+00,
17:19:56.13406755, 4.0000E-02, 2.6333E+00, 5.8667E+00,
17:19:56.13406760, 6.6667E-02, 2.7000E+00, 5.8667E+00,
17:19:56.13406765, 4.0000E-02, 2.6000E+00, 5.7333E+00,
17:19:56.13406770, 4.0000E-02, 2.7000E+00, 5.7333E+00,
17:19:56.13406775, 5.3333E-02, 2.6667E+00, 5.4667E+00,
17:19:56.13406780, 4.0000E-02, 2.6333E+00, 5.4667E+00,
17:19:56.13406785, 5.3333E-02, 2.7333E+00, 5.6000E+00,
17:19:56.13406790, 5.3333E-02, 2.7000E+00, 5.8667E+00,
17:19:56.13406795, 1.3333E-02, 2.6333E+00, 5.3333E+00,
17:19:56.13406800, 5.3333E-02, 2.6667E+00, 5.3333E+00,
17:19:56.13406805, 2.6667E-02, 2.7000E+00, 5.0667E+00,
17:19:56.13406810, 2.6667E-02, 2.7667E+00, 5.6000E+00,
17:19:56.13406815, 5.3333E-02, 2.6333E+00, 5.2000E+00,
17:19:56.13406820, 4.0000E-02, 2.7000E+00, 5.2000E+00,
17:19:56.13406825, 2.6667E-02, 2.6333E+00, 5.3333E+00,
17:19:56.13406830, 2.6667E-02, 2.7667E+00, 5.2000E+00,
17:19:56.13406835, 5.3333E-02, 2.7667E+00, 5.2000E+00,
17:19:56.13406840, 4.0000E-02, 2.7333E+00, 5.2000E+00,
17:19:56.13406845, 4.0000E-02, 2.7000E+00, 4.9333E+00,
17:19:56.13406850, 2.6667E-02, 2.7000E+00, 4.8000E+00,
17:19:56.13406855, 4.0000E-02, 2.7333E+00, 4.8000E+00,
17:19:56.13406860, 5.3333E-02, 2.6333E+00, 5.2000E+00,
17:19:56.13406865, 6.6667E-02, 2.7000E+00, 4.9333E+00,
17:19:56.13406870, 4.0000E-02, 2.7000E+00, 4.8000E+00,
17:19:56.13406875, 2.6667E-02, 2.7333E+00, 4.6667E+00,
17:19:56.13406880, 5.3333E-02, 2.6667E+00, 4.9333E+00,
17:19:56.13406885, 1.3333E-02, 2.7667E+00, 4.8000E+00,
17:19:56.13406890, 6.6667E-02, 2.7333E+00, 4.8000E+00,
17:19:56.13406895, 1.3333E-02, 2.7667E+00, 4.6667E+00,
17:19:56.13406900, 6.6667E-02, 2.7667E+00, 4.6667E+00,
17:19:56.13406905, 5.3333E-02, 2.7667E+00, 4.4000E+00,
17:19:56.13406910, 6.6667E-02, 2.6667E+00, 4.2667E+00,
17:19:56.13406915, 2.6667E-02, 2.7667E+00, 4.5333E+00,
17:19:56.13406920, 5.3333E-02, 2.8333E+00, 4.5333E+00,
17:19:56.13406925, 4.0000E-02, 2.8000E+00, 4.2667E+00,
17:19:56.13406930, 2.6667E-02, 2.7333E+00, 4.4000E+00,
17:19:56.13406935, 4.0000E-02, 2.7333E+00, 3.8667E+00,
17:19:56.13406940, 4.0000E-02, 2.7667E+00, 4.0000E+00,
17:19:56.13406945, 4.0000E-02, 2.8000E+00, 4.2667E+00,
17:19:56.13406950, 4.0000E-02, 2.7000E+00, 4.1333E+00,
17:19:56.13406955, 2.6667E-02, 2.7667E+00, 3.7333E+00,
17:19:56.13406960, 2.6667E-02, 2.7667E+00, 3.7333E+00,
17:19:56.13406965, 5.3333E-02, 2.7333E+00, 4.0000E+00,
17:19:56.13406970, 1.3333E-02, 2.7333E+00, 3.7333E+00,
17:19:56.13406975, 4.0000E-02, 2.7333E+00, 3.7333E+00,
17:19:56.13406980, 1.3333E-02, 2.7667E+00, 3.8667E+00,
17:19:56.13406985, 5.3333E-02, 2.8000E+00, 3.7333E+00,
17:19:56.13406990, 4.0000E-02, 2.7667E+00, 3.8667E+00,
17:19:56.13406995, 6.6667E-02, 2.8000E+00, 3.4667E+00,
17:19:56.13407000, 5.3333E-02, 2.7667E+00, 3.3333E+00,
17:19:56.13407005, 4.0000E-02, 2.7333E+00, 3.6000E+00,
17:19:56.13407010, 1.3333E-02, 2.7000E+00, 3.6000E+00,
17:19:56.13407015, 1.3333E-02, 2.7667E+00, 3.3333E+00,
17:19:56.13407020, 8.0000E-02, 2.7000E+00, 3.4667E+00,
17:19:56.13407025, 1.3333E-02, 2.7667E+00, 3.2000E+00,
17:19:56.13407030, 4.0000E-02, 2.7000E+00, 3.2000E+00,
17:19:56.13407035, 2.6667E-02, 2.8000E+00, 3.0667E+00,
17:19:56.13407040, 6.6667E-02, 2.8000E+00, 2.8000E+00,
17:19:56.13407045, 2.6667E-02, 2.7667E+00, 2.8000E+00,
17:19:56.13407050, 5.3333E-02, 2.7667E+00, 3.3333E+00,
17:19:56.13407055, 5.3333E-02, 2.8333E+00, 2.9333E+00,
17:19:56.13407060, 6.6667E-02, 2.8000E+00, 2.9333E+00,
17:19:56.13407065, 5.3333E-02, 2.8333E+00, 3.0667E+00,
17:19:56.13407070, 4.0000E-02, 2.8333E+00, 2.5333E+00,
17:19:56.13407075, 1.3333E-02, 2.8333E+00, 2.8000E+00,
17:19:56.13407080, 4.0000E-02, 2.7667E+00, 2.5333E+00,
17:19:56.13407085, 1.3333E-02, 2.8000E+00, 2.5333E+00,
17:19:56.13407090, 2.6667E-02, 2.8333E+00, 2.2667E+00,
17:19:56.13407095, 6.6667E-02, 2.8000E+00, 2.6667E+00,
17:19:56.13407100, 6.6667E-02, 2.7667E+00, 2.1333E+00,
17:19:56.13407105, 6.6667E-02, 2.8000E+00, 2.1333E+00,
17:19:56.13407110, 4.0000E-02, 2.8000E+00, 2.4000E+00,
17:19:56.13407115, 6.6667E-02, 2.7667E+00, 2.0000E+00,
17:19:56.13407120, 4.0000E-02, 2.8333E+00, 1.8667E+00,
17:19:56.13407125, 2.6667E-02, 2.7333E+00, 2.0000E+00,
17:19:56.13407130, 6.6667E-02, 2.8333E+00, 2.0000E+00,
17:19:56.13407135, 1.3333E-02, 2.8667E+00, 2.0000E+00,
17:19:56.13407140, 5.3333E-02, 2.8333E+00, 2.0000E+00,
17:19:56.13407145, 6.6667E-02, 2.8333E+00, 2.0000E+00,
17:19:56.13407150, 2.6667E-02, 2.8000E+00, 2.0000E+00,
17:19:56.13407155, 2.6667E-02, 2.8000E+00, 2.0000E+00,
17:19:56.13407160, 0.0000E+00, 2.8000E+00, 1.7333E+00,
17:19:56.13407165, 5.3333E-02, 2.8333E+00, 1.7333E+00,
17:19:56.13407170, 2.6667E-02, 2.8000E+00, 1.6000E+00,
17:19:56.13407175, 1.3333E-02, 2.8000E+00, 2.0000E+00,
17:19:56.13407180, 2.6667E-02, 2.7333E+00, 1.7333E+00,
17:19:56.13407185, 4.0000E-02, 2.8000E+00, 1.4667E+00,
17:19:56.13407190, 2.6667E-02, 2.8000E+00, 1.0667E+00,
17:19:56.13407195, 6.6667E-02, 2.8000E+00, 1.0667E+00,
17:19:56.13407200, 5.3333E-02, 2.8333E+00, 1.0667E+00,
17:19:56.13407205, 4.0000E-02, 2.8000E+00, 9.3333E-01,
17:19:56.13407210, 5.3333E-02, 2.8000E+00, 1.0667E+00,
17:19:56.13407215, 2.6667E-02, 2.8333E+00, 1.3333E+00,
17:19:56.13407220, 0.0000E+00, 2.8000E+00, 9.3333E-01,
17:19:56.13407225, 2.6667E-02, 2.8000E+00, 1.2000E+00,
17:19:56.13407230, 5.3333E-02, 2.8000E+00, 8.0000E-01,
17:19:56.13407235, 5.3333E-02, 2.8333E+00, 6.6667E-01,
17:19:56.13407240, 6.6667E-02, 2.7667E+00, 8.0000E-01,
17:19:56.13407245, 5.3333E-02, 2.8667E+00, 6.6667E-01,
17:19:56.13407250, 5.3333E-02, 2.7667E+00, 6.6667E-01,
17:19:56.13407255, 4.0000E-02, 2.8000E+00, 6.6667E-01,
17:19:56.13407260, 5.3333E-02, 2.8000E+00, 5.3333E-01,
17:19:56.13407265, 1.3333E-02, 2.8333E+00, 6.6667E-01,
17:19:56.13407270, 1.3333E-02, 2.8000E+00, 5.3333E-01,
17:19:56.13407275, 6.6667E-02, 2.8333E+00, 5.3333E-01,
17:19:56.13407280, 8.0000E-02, 2.8000E+00, 5.3333E-01,
17:19:56.13407285, 2.6667E-02, 2.8667E+00, 0.0000E+00,
17:19:56.13407290, 5.3333E-02, 2.7333E+00, 1.3333E-01,
17:19:56.13407295, 6.6667E-02, 2.8333E+00,-1.3333E-01,
17:19:56.13407300, 4.0000E-02, 2.7667E+00, 0.0000E+00,
17:19:56.13407305, 1.3333E-02, 2.8000E+00, 2.6667E-01,
17:19:56.13407310, 2.6667E-02, 2.7333E+00,-1.3333E-01,
17:19:56.13407315, 5.3333E-02, 2.7667E+00, 1.3333E-01,
17:19:56.13407320, 1.3333E-02, 2.7667E+00, 0.0000E+00,
17:19:56.13407325, 2.6667E-02, 2.8000E+00,-2.6667E-01,
17:19:56.13407330, 5.3333E-02, 2.7333E+00,-2.6667E-01,
17:19:56.13407335, 5.3333E-02, 2.7667E+00,-2.6667E-01,
17:19:56.13407340, 6.6667E-02, 2.7667E+00,-5.3333E-01,
17:19:56.13407345, 5.3333E-02, 2.7333E+00,-6.6667E-01,
17:19:56.13407350, 5.3333E-02, 2.8000E+00,-4.0000E-01,
17:19:56.13407355, 5.3333E-02, 2.7333E+00,-2.6667E-01,
17:19:56.13407360, 0.0000E+00, 2.7333E+00,-2.6667E-01,
17:19:56.13407365, 0.0000E+00, 2.8333E+00,-8.0000E-01,
17:19:56.13407370, 2.6667E-02, 2.7667E+00,-5.3333E-01,
17:19:56.13407375, 5.3333E-02, 2.7667E+00,-4.0000E-01,
17:19:56.13407380, 1.3333E-02, 2.7667E+00,-8.0000E-01,
17:19:56.13407385, 4.0000E-02, 2.8000E+00,-6.6667E-01,
17:19:56.13407390, 4.0000E-02, 2.7333E+00,-6.6667E-01,
17:19:56.13407395, 5.3333E-02, 2.7333E+00,-6.6667E-01,
17:19:56.13407400, 2.6667E-02, 2.7667E+00,-1.0667E+00,
17:19:56.13407405, 4.0000E-02, 2.7667E+00,-6.6667E-01,
17:19:56.13407410, 1.3333E-02, 2.8000E+00,-6.6667E-01,
17:19:56.13407415, 4.0000E-02, 2.7667E+00,-9.3333E-01,
17:19:56.13407420, 2.6667E-02, 2.7667E+00,-8.0000E-01,
17:19:56.13407425, 4.0000E-02, 2.7333E+00,-1.3333E+00,
17:19:56.13407430, 4.0000E-02, 2.8333E+00,-1.3333E+00,
17:19:56.13407435, 4.0000E-02, 2.7333E+00,-1.4667E+00,
17:19:56.13407440, 2.6667E-02, 2.7667E+00,-1.4667E+00,
17:19:56.13407445, 6.6667E-02, 2.8000E+00,-1.0667E+00,
17:19:56.13407450, 0.0000E+00, 2.8000E+00,-1.0667E+00,
17:19:56.13407455, 1.3333E-02, 2.7000E+00,-1.6000E+00,
17:19:56.13407460, 1.3333E-02, 2.7667E+00,-1.2000E+00,
17:19:56.13407465, 2.6667E-02, 2.7667E+00,-1.4667E+00,
17:19:56.13407470, 5.3333E-02, 2.7333E+00,-1.6000E+00,
17:19:56.13407475, 4.0000E-02, 2.7667E+00,-1.6000E+00,
17:19:56.13407480, 2.6667E-02, 2.8333E+00,-1.6000E+00,
17:19:56.13407485, 5.3333E-02, 2.7333E+00,-1.7333E+00,
17:19:56.13407490, 1.3333E-02, 2.7667E+00,-1.8667E+00,
17:19:56.13407495, 5.3333E-02, 2.7333E+00,-2.0000E+00,
17:19:56.13407500, 4.0000E-02, 2.7000E+00,-1.8667E+00,
17:19:56.13407505, 1.3333E-02, 2.7333E+00,-2.0000E+00,
17:19:56.13407510, 1.3333E-02, 2.7333E+00,-1.7333E+00,
17:19:56.13407515, 2.6667E-02, 2.7667E+00,-1.7333E+00,
17:19:56.13407520, 4.0000E-02, 2.7000E+00,-2.0000E+00,
17:19:56.13407525, 4.0000E-02, 2.7667E+00,-2.0000E+00,
17:19:56.13407530, 4.0000E-02, 2.7333E+00,-2.1333E+00,
17:19:56.13407535, 5.3333E-02, 2.7000E+00,-2.1333E+00,
17:19:56.13407540, 4.0000E-02, 2.7333E+00,-2.2667E+00,
17:19:56.13407545, 5.3333E-02, 2.7333E+00,-2.1333E+00,
17:19:56.13407550, 2.6667E-02, 2.6667E+00,-2.2667E+00,
17:19:56.13407555, 2.6667E-02, 2.6333E+00,-2.2667E+00,
17:19:56.13407560, 2.6667E-02, 2.7000E+00,-2.1333E+00,
17:19:56.13407565, 0.0000E+00, 2.6667E+00,-2.0000E+00,
17:19:56.13407570, 2.6667E-02, 2.7667E+00,-2.2667E+00,
17:19:56.13407575, 5.3333E-02, 2.7000E+00,-2.4000E+00,
17:19:56.13407580, 4.0000E-02, 2.6667E+00,-2.5333E+00,
17:19:56.13407585, 1.3333E-02, 2.7000E+00,-2.5333E+00,
17:19:56.13407590, 2.6667E-02, 2.7000E+00,-2.5333E+00,
17:19:56.13407595, 2.6667E-02, 2.6333E+00,-2.5333E+00,
17:19:56.13407600, 4.0000E-02, 2.7333E+00,-2.4000E+00,
17:19:56.13407605, 4.0000E-02, 2.7000E+00,-2.5333E+00,
17:19:56.13407610, 4.0000E-02, 2.6667E+00,-2.8000E+00,
17:19:56.13407615, 2.6667E-02, 2.6000E+00,-2.4000E+00,
17:19:56.13407620, 1.3333E-02, 2.7000E+00,-3.0667E+00,
17:19:56.13407625, 6.6667E-02, 2.6333E+00,-2.9333E+00,
17:19:56.13407630, 6.6667E-02, 2.6667E+00,-2.9333E+00,
17:19:56.13407635, 1.3333E-02, 2.7000E+00,-2.9333E+00,
17:19:56.13407640, 1.3333E-02, 2.6333E+00,-2.8000E+00,
17:19:56.13407645, 2.6667E-02, 2.6333E+00,-3.0667E+00,
17:19:56.13407650,-1.3333E-02, 2.6667E+00,-3.0667E+00,
17:19:56.13407655, 2.6667E-02, 2.6667E+00,-2.9333E+00,
17:19:56.13407660,-1.3333E-02, 2.6333E+00,-2.9333E+00,
17:19:56.13407665, 2.6667E-02, 2.7000E+00,-2.9333E+00,
17:19:56.13407670, 4.0000E-02, 2.6333E+00,-2.6667E+00,
17:19:56.13407675, 4.0000E-02, 2.6667E+00,-2.8000E+00,
17:19:56.13407680, 5.3333E-02, 2.6667E+00,-3.2000E+00,
17:19:56.13407685, 2.6667E-02, 2.6333E+00,-3.0667E+00,
17:19:56.13407690, 2.6667E-02, 2.7000E+00,-2.9333E+00,
17:19:56.13407695, 4.0000E-02, 2.7000E+00,-3.3333E+00,
17:19:56.13407700, 0.0000E+00, 2.6667E+00,-3.2000E+00,
17:19:56.13407705, 0.0000E+00, 2.7000E+00,-3.2000E+00,
17:19:56.13407710,-1.3333E-02, 2.6000E+00,-3.2000E+00,
17:19:56.13407715, 4.0000E-02, 2.5667E+00,-3.4667E+00,
17:19:56.13407720, 1.3333E-02, 2.5667E+00,-2.8000E+00,
17:19:56.13407725, 5.3333E-02, 2.6000E+00,-3.4667E+00,
17:19:56.13407730, 2.6667E-02, 2.6667E+00,-3.4667E+00,
17:19:56.13407735, 0.0000E+00, 2.5667E+00,-3.4667E+00,
17:19:56.13407740, 2.6667E-02, 2.6333E+00,-3.4667E+00,
17:19:56.13407745, 0.0000E+00, 2.5667E+00,-3.4667E+00,
17:19:56.13407750, 0.0000E+00, 2.5667E+00,-3.4667E+00,
17:19:56.13407755, 0.0000E+00, 2.6000E+00,-3.3333E+00,
17:19:56.13407760, 2.6667E-02, 2.6000E+00,-3.4667E+00,
17:19:56.13407765,-1.3333E-02, 2.6333E+00,-3.4667E+00,
17:19:56.13407770, 2.6667E-02, 2.6333E+00,-3.4667E+00,
17:19:56.13407775, 5.3333E-02, 2.5667E+00,-3.6000E+00,
17:19:56.13407780, 2.6667E-02, 2.5667E+00,-3.4667E+00,
17:19:56.13407785, 1.3333E-02, 2.6667E+00,-3.8667E+00,
17:19:56.13407790,-1.3333E-02, 2.6000E+00,-3.4667E+00,
17:19:56.13407795, 2.6667E-02, 2.6000E+00,-3.2000E+00,
17:19:56.13407800,-1.3333E-02, 2.5667E+00,-3.4667E+00,
17:19:56.13407805, 0.0000E+00, 2.6667E+00,-3.4667E+00,
17:19:56.13407810,-1.3333E-02, 2.5667E+00,-3.3333E+00,
17:19:56.13407815, 1.3333E-02, 2.6333E+00,-3.4667E+00,
17:19:56.13407820, 2.6667E-02, 2.5667E+00,-3.4667E+00,
17:19:56.13407825, 1.3333E-02, 2.6000E+00,-3.4667E+00,
17:19:56.13407830, 0.0000E+00, 2.5667E+00,-3.7333E+00,
17:19:56.13407835, 0.0000E+00, 2.6000E+00,-3.6000E+00,
17:19:56.13407840,-4.0000E-02, 2.5667E+00,-3.8667E+00,
17:19:56.13407845,-1.3333E-02, 2.5667E+00,-3.7333E+00,
17:19:56.13407850,-1.3333E-02, 2.5667E+00,-3.7333E+00,
17:19:56.13407855, 0.0000E+00, 2.5667E+00,-3.4667E+00,
17:19:56.13407860, 0.0000E+00, 2.5333E+00,-3.6000E+00,
17:19:56.13407865, 1.3333E-02, 2.5667E+00,-3.6000E+00,
17:19:56.13407870, 0.0000E+00, 2.5667E+00,-3.6000E+00,
17:19:56.13407875, 1.3333E-02, 2.5667E+00,-3.4667E+00,
17:19:56.13407880, 2.6667E-02, 2.5667E+00,-3.6000E+00,
17:19:56.13407885, 0.0000E+00, 2.5333E+00,-3.8667E+00,
17:19:56.13407890, 0.0000E+00, 2.5667E+00,-3.8667E+00,
17:19:56.13407895,-4.0000E-02, 2.5667E+00,-3.8667E+00,
17:19:56.13407900, 1.3333E-02, 2.5000E+00,-3.7333E+00,
17:19:56.13407905, 1.3333E-02, 2.5667E+00,-3.4667E+00,
17:19:56.13407910, 2.6667E-02, 2.5333E+00,-3.8667E+00,
17:19:56.13407915, 4.0000E-02, 2.5667E+00,-3.7333E+00,
17:19:56.13407920, 2.6667E-02, 2.6000E+00,-3.6000E+00,
17:19:56.13407925, 0.0000E+00, 2.5333E+00,-3.7333E+00,
17:19:56.13407930,-1.3333E-02, 2.5667E+00,-3.7333E+00,
17:19:56.13407935,-2.6667E-02, 2.5333E+00,-3.6000E+00,
17:19:56.13407940,-1.3333E-02, 2.4667E+00,-3.8667E+00,
17:19:56.13407945, 0.0000E+00, 2.5000E+00,-3.8667E+00,
17:19:56.13407950, 0.0000E+00, 2.4667E+00,-3.4667E+00,
17:19:56.13407955, 1.3333E-02, 2.5000E+00,-3.4667E+00,
17:19:56.13407960,-1.3333E-02, 2.5667E+00,-3.6000E+00,
17:19:56.13407965,-2.6667E-02, 2.5667E+00,-3.7333E+00,
17:19:56.13407970, 1.3333E-02, 2.5000E+00,-3.7333E+00,
17:19:56.13407975, 1.3333E-02, 2.5333E+00,-3.8667E+00,
17:19:56.13407980, 0.0000E+00, 2.5333E+00,-3.6000E+00,
17:19:56.13407985,-2.6667E-02, 2.5333E+00,-3.8667E+00,
17:19:56.13407990, 2.6667E-02, 2.4667E+00,-3.8667E+00,
17:19:56.13407995,-1.3333E-02, 2.5333E+00,-3.6000E+00,
17:19:56.13408000, 1.3333E-02, 2.5000E+00,-3.4667E+00,
17:19:56.13408005, 1.3333E-02, 2.5000E+00,-3.6000E+00,
17:19:56.13408010,-1.3333E-02, 2.5000E+00,-4.1333E+00,
17:19:56.13408015,-1.3333E-02, 2.4667E+00,-4.0000E+00,
17:19:56.13408020, 1.3333E-02, 2.5000E+00,-3.8667E+00,
17:19:56.13408025, 0.0000E+00, 2.5333E+00,-3.7333E+00,
17:19:56.13408030, 0.0000E+00, 2.4667E+00,-3.7333E+00,
17:19:56.13408035,-4.0000E-02, 2.4667E+00,-3.4667E+00,
17:19:56.13408040,-2.6667E-02, 2.5000E+00,-3.4667E+00,
17:19:56.13408045,-2.6667E-02, 2.4333E+00,-3.7333E+00,
17:19:56.13408050,-2.6667E-02, 2.5000E+00,-3.6000E+00,
17:19:56.13408055,-1.3333E-02, 2.5333E+00,-3.6000E+00,
17:19:56.13408060, 1.3333E-02, 2.4667E+00,-4.0000E+00,
17:19:56.13408065, 1.3333E-02, 2.4667E+00,-4.0000E+00,
17:19:56.13408070,-2.6667E-02, 2.5000E+00,-3.7333E+00,
17:19:56.13408075,-2.6667E-02, 2.4667E+00,-3.4667E+00,
17:19:56.13408080,-1.3333E-02, 2.4000E+00,-3.4667E+00,
17:19:56.13408085,-2.6667E-02, 2.4000E+00,-3.7333E+00,
17:19:56.13408090, 0.0000E+00, 2.5000E+00,-3.8667E+00,
17:19:56.13408095,-2.6667E-02, 2.5333E+00,-3.4667E+00,
17:19:56.13408100, 0.0000E+00, 2.4667E+00,-3.4667E+00,
17:19:56.13408105, 1.3333E-02, 2.4000E+00,-3.7333E+00,
17:19:56.13408110, 4.0000E-02, 2.4000E+00,-3.6000E+00,
17:19:56.13408115, 2.6667E-02, 2.4333E+00,-3.3333E+00,
17:19:56.13408120, 0.0000E+00, 2.4667E+00,-3.6000E+00,
17:19:56.13408125,-1.3333E-02, 2.4000E+00,-3.4667E+00,
17:19:56.13408130, 0.0000E+00, 2.5000E+00,-3.4667E+00,
17:19:56.13408135,-2.6667E-02, 2.4333E+00,-3.4667E+00,
17:19:56.13408140, 0.0000E+00, 2.4333E+00,-3.4667E+00,
17:19:56.13408145, 0.0000E+00, 2.4667E+00,-3.2000E+00,
17:19:56.13408150, 0.0000E+00, 2.4333E+00,-3.3333E+00,
17:19:56.13408155, 1.3333E-02, 2.4333E+00,-3.3333E+00,
17:19:56.13408160, 1.3333E-02, 2.4333E+00,-3.4667E+00,
17:19:56.13408165,-1.3333E-02, 2.4000E+00,-3.4667E+00,
17:19:56.13408170,-2.6667E-02, 2.4333E+00,-3.4667E+00,
17:19:56.13408175,-4.0000E-02, 2.4333E+00,-3.4667E+00,
17:19:56.13408180,-4.0000E-02, 2.3333E+00,-3.3333E+00,
17:19:56.13408185,-1.3333E-02, 2.4333E+00,-3.2000E+00,
17:19:56.13408190,-1.3333E-02, 2.4000E+00,-3.0667E+00,
17:19:56.13408195, 0.0000E+00, 2.4000E+00,-3.2000E+00,
17:19:56.13408200, 0.0000E+00, 2.4333E+00,-3.4667E+00,
17:19:56.13408205,-2.6667E-02, 2.4333E+00,-3.6000E+00,
17:19:56.13408210,-4.0000E-02, 2.3667E+00,-3.4667E+00,
17:19:56.13408215,-1.3333E-02, 2.4333E+00,-3.4667E+00,
17:19:56.13408220, 1.3333E-02, 2.4000E+00,-3.3333E+00,
17:19:56.13408225,-2.6667E-02, 2.3667E+00,-3.6000E+00,
17:19:56.13408230,-2.6667E-02, 2.4000E+00,-3.2000E+00,
17:19:56.13408235, 1.3333E-02, 2.3333E+00,-2.9333E+00,
17:19:56.13408240,-4.0000E-02, 2.3667E+00,-3.2000E+00,
17:19:56.13408245, 0.0000E+00, 2.4000E+00,-3.0667E+00,
17:19:56.13408250, 0.0000E+00, 2.3000E+00,-3.0667E+00,
17:19:56.13408255,-1.3333E-02, 2.4000E+00,-3.2000E+00,
17:19:56.13408260, 0.0000E+00, 2.4333E+00,-3.2000E+00,
17:19:56.13408265, 1.3333E-02, 2.4000E+00,-3.2000E+00,
17:19:56.13408270,-2.6667E-02, 2.3333E+00,-3.3333E+00,
17:19:56.13408275,-1.3333E-02, 2.3667E+00,-3.0667E+00,
17:19:56.13408280,-1.3333E-02, 2.3000E+00,-3.0667E+00,
17:19:56.13408285,-1.3333E-02, 2.4667E+00,-2.9333E+00,
17:19:56.13408290,-2.6667E-02, 2.4333E+00,-2.8000E+00,
17:19:56.13408295,-5.3333E-02, 2.4000E+00,-2.8000E+00,
17:19:56.13408300,-4.0000E-02, 2.3000E+00,-2.9333E+00,
17:19:56.13408305, 0.0000E+00, 2.3667E+00,-2.6667E+00,
17:19:56.13408310,-1.3333E-02, 2.3333E+00,-2.8000E+00,
17:19:56.13408315,-4.0000E-02, 2.4000E+00,-2.9333E+00,
17:19:56.13408320,-2.6667E-02, 2.3667E+00,-2.9333E+00,
17:19:56.13408325, 0.0000E+00, 2.3333E+00,-2.8000E+00,
17:19:56.13408330,-2.6667E-02, 2.3667E+00,-2.8000E+00,
17:19:56.13408335, 0.0000E+00, 2.3667E+00,-2.5333E+00,
17:19:56.13408340,-4.0000E-02, 2.3333E+00,-2.1333E+00,
17:19:56.13408345, 0.0000E+00, 2.3667E+00,-2.2667E+00,
17:19:56.13408350,-1.3333E-02, 2.3667E+00,-2.6667E+00,
17:19:56.13408355, 1.3333E-02, 2.3000E+00,-2.5333E+00,
17:19:56.13408360, 1.3333E-02, 2.3000E+00,-2.6667E+00,
17:19:56.13408365,-4.0000E-02, 2.3000E+00,-2.5333E+00,
