"Header Size"           ,15              
"Model Name"            ,"DL850EV       "
"Comment"               ,"                         "
"BlockNumber"           ,1               
"TraceName"             ,"V_MF1         ","V_MF2         ","Id            "
"BlockSize"             ,4004            ,4004            ,4004            
"VUnit"                 ,"V             ","V             ","A             "
"SampleRate"            ,20000000.000000 ,20000000.000000 ,20000000.000000 
"HResolution"           ,5.000000e-08    ,5.000000e-08    ,5.000000e-08    
"HOffset"               ,-4.000000e-05   ,-4.000000e-05   ,-4.000000e-05   
"HUnit"                 ,"s             ","s             ","s             "
"DisplayPointNo."       ,1               ,1               ,1               
"PhaseShift"            ,1               ,1               ,1               
"Date"                  ,"2026/04/08    ","2026/04/08    ","2026/04/08    "
"Time"                  ,"14:02:53.71843407","14:02:53.71843407","14:02:53.71843407"

14:02:53.71839407, 0.0000E+00, 1.4533E+00,-2.6667E-01,
14:02:53.71839412, 2.6667E-02, 1.4533E+00, 0.0000E+00,
14:02:53.71839417, 1.3333E-02, 1.4267E+00, 2.6667E-01,
14:02:53.71839422,-1.3333E-02, 1.4133E+00, 0.0000E+00,
14:02:53.71839427, 0.0000E+00, 1.4267E+00, 0.0000E+00,
14:02:53.71839432, 1.3333E-02, 1.4533E+00, 1.3333E-01,
14:02:53.71839437, 1.3333E-02, 1.4400E+00, 0.0000E+00,
14:02:53.71839442, 1.3333E-02, 1.4533E+00, 1.3333E-01,
14:02:53.71839447, 2.6667E-02, 1.4533E+00, 0.0000E+00,
14:02:53.71839452, 2.6667E-02, 1.4400E+00,-2.6667E-01,
14:02:53.71839457,-1.3333E-02, 1.4267E+00, 0.0000E+00,
14:02:53.71839462, 1.3333E-02, 1.4533E+00, 0.0000E+00,
14:02:53.71839467, 2.6667E-02, 1.4267E+00, 0.0000E+00,
14:02:53.71839472, 1.3333E-02, 1.4400E+00,-1.3333E-01,
14:02:53.71839477,-1.3333E-02, 1.4267E+00, 0.0000E+00,
14:02:53.71839482,-2.6667E-02, 1.4267E+00,-1.3333E-01,
14:02:53.71839487, 0.0000E+00, 1.4533E+00,-1.3333E-01,
14:02:53.71839492, 0.0000E+00, 1.4267E+00,-2.6667E-01,
14:02:53.71839497, 2.6667E-02, 1.4400E+00, 0.0000E+00,
14:02:53.71839502,-1.3333E-02, 1.4533E+00, 2.6667E-01,
14:02:53.71839507, 2.6667E-02, 1.4400E+00, 0.0000E+00,
14:02:53.71839512, 2.6667E-02, 1.4400E+00, 1.3333E-01,
14:02:53.71839517,-2.6667E-02, 1.4533E+00, 1.3333E-01,
14:02:53.71839522,-1.3333E-02, 1.4133E+00,-2.6667E-01,
14:02:53.71839527, 1.3333E-02, 1.4267E+00, 1.3333E-01,
14:02:53.71839532, 1.3333E-02, 1.4267E+00,-1.3333E-01,
14:02:53.71839537, 1.3333E-02, 1.4267E+00, 1.3333E-01,
14:02:53.71839542, 2.6667E-02, 1.4400E+00,-1.3333E-01,
14:02:53.71839547, 1.3333E-02, 1.4533E+00, 4.0000E-01,
14:02:53.71839552,-1.3333E-02, 1.4267E+00, 1.3333E-01,
14:02:53.71839557, 2.6667E-02, 1.4267E+00, 0.0000E+00,
14:02:53.71839562, 4.0000E-02, 1.4400E+00, 1.3333E-01,
14:02:53.71839567,-4.0000E-02, 1.4267E+00, 0.0000E+00,
14:02:53.71839572, 1.3333E-02, 1.4400E+00, 1.3333E-01,
14:02:53.71839577, 0.0000E+00, 1.4267E+00, 0.0000E+00,
14:02:53.71839582, 1.3333E-02, 1.4133E+00,-2.6667E-01,
14:02:53.71839587, 4.0000E-02, 1.4267E+00,-1.3333E-01,
14:02:53.71839592, 1.3333E-02, 1.4400E+00,-2.6667E-01,
14:02:53.71839597, 4.0000E-02, 1.4533E+00,-1.3333E-01,
14:02:53.71839602, 0.0000E+00, 1.4267E+00,-2.6667E-01,
14:02:53.71839607, 1.3333E-02, 1.4267E+00, 0.0000E+00,
14:02:53.71839612,-1.3333E-02, 1.4267E+00, 1.3333E-01,
14:02:53.71839617, 4.0000E-02, 1.4267E+00,-1.3333E-01,
14:02:53.71839622, 1.3333E-02, 1.4267E+00, 1.3333E-01,
14:02:53.71839627,-2.6667E-02, 1.4533E+00, 1.3333E-01,
14:02:53.71839632, 1.3333E-02, 1.4267E+00,-2.6667E-01,
14:02:53.71839637, 4.0000E-02, 1.4533E+00,-1.3333E-01,
14:02:53.71839642, 2.6667E-02, 1.4400E+00,-1.3333E-01,
14:02:53.71839647,-1.3333E-02, 1.4400E+00,-1.3333E-01,
14:02:53.71839652, 0.0000E+00, 1.4267E+00,-1.3333E-01,
14:02:53.71839657,-1.3333E-02, 1.4400E+00, 0.0000E+00,
14:02:53.71839662,-1.3333E-02, 1.4267E+00,-1.3333E-01,
14:02:53.71839667, 0.0000E+00, 1.4267E+00, 0.0000E+00,
14:02:53.71839672, 4.0000E-02, 1.4267E+00, 1.3333E-01,
14:02:53.71839677, 1.3333E-02, 1.4533E+00, 4.0000E-01,
14:02:53.71839682, 2.6667E-02, 1.4533E+00,-1.3333E-01,
14:02:53.71839687, 1.3333E-02, 1.4400E+00,-1.3333E-01,
14:02:53.71839692, 1.3333E-02, 1.4267E+00, 0.0000E+00,
14:02:53.71839697,-1.3333E-02, 1.4667E+00, 0.0000E+00,
14:02:53.71839702, 1.3333E-02, 1.4267E+00, 1.3333E-01,
14:02:53.71839707, 0.0000E+00, 1.4400E+00, 1.3333E-01,
14:02:53.71839712,-2.6667E-02, 1.4133E+00,-1.3333E-01,
14:02:53.71839717,-1.3333E-02, 1.4267E+00,-1.3333E-01,
14:02:53.71839722, 0.0000E+00, 1.4267E+00,-1.3333E-01,
14:02:53.71839727,-1.3333E-02, 1.4133E+00,-1.3333E-01,
14:02:53.71839732, 4.0000E-02, 1.4267E+00, 2.6667E-01,
14:02:53.71839737,-1.3333E-02, 1.4400E+00, 0.0000E+00,
14:02:53.71839742, 1.3333E-02, 1.4267E+00, 0.0000E+00,
14:02:53.71839747,-1.3333E-02, 1.4000E+00, 0.0000E+00,
14:02:53.71839752, 1.3333E-02, 1.4267E+00, 0.0000E+00,
14:02:53.71839757, 1.3333E-02, 1.4133E+00, 2.6667E-01,
14:02:53.71839762,-1.3333E-02, 1.4267E+00, 0.0000E+00,
14:02:53.71839767, 1.3333E-02, 1.4267E+00, 0.0000E+00,
14:02:53.71839772, 4.0000E-02, 1.4267E+00, 2.6667E-01,
14:02:53.71839777, 2.6667E-02, 1.4267E+00,-1.3333E-01,
14:02:53.71839782, 0.0000E+00, 1.4267E+00,-2.6667E-01,
14:02:53.71839787, 2.6667E-02, 1.4400E+00,-1.3333E-01,
14:02:53.71839792, 1.3333E-02, 1.4533E+00, 1.3333E-01,
14:02:53.71839797, 1.3333E-02, 1.4267E+00, 0.0000E+00,
14:02:53.71839802, 1.3333E-02, 1.4400E+00,-1.3333E-01,
14:02:53.71839807,-1.3333E-02, 1.4400E+00, 1.3333E-01,
14:02:53.71839812, 0.0000E+00, 1.4133E+00, 0.0000E+00,
14:02:53.71839817, 1.3333E-02, 1.4400E+00,-2.6667E-01,
14:02:53.71839822, 0.0000E+00, 1.4400E+00, 0.0000E+00,
14:02:53.71839827, 1.3333E-02, 1.4267E+00,-1.3333E-01,
14:02:53.71839832, 4.0000E-02, 1.4267E+00,-2.6667E-01,
14:02:53.71839837, 0.0000E+00, 1.4267E+00,-1.3333E-01,
14:02:53.71839842, 0.0000E+00, 1.4400E+00,-1.3333E-01,
14:02:53.71839847, 2.6667E-02, 1.4267E+00, 0.0000E+00,
14:02:53.71839852,-1.3333E-02, 1.4267E+00,-1.3333E-01,
14:02:53.71839857, 4.0000E-02, 1.4533E+00, 0.0000E+00,
14:02:53.71839862, 1.3333E-02, 1.4400E+00, 1.3333E-01,
14:02:53.71839867, 0.0000E+00, 1.4267E+00, 0.0000E+00,
14:02:53.71839872, 1.3333E-02, 1.4400E+00,-5.3333E-01,
14:02:53.71839877, 1.3333E-02, 1.4267E+00, 1.3333E-01,
14:02:53.71839882, 0.0000E+00, 1.4533E+00, 0.0000E+00,
14:02:53.71839887, 1.3333E-02, 1.4133E+00, 0.0000E+00,
14:02:53.71839892, 1.3333E-02, 1.4267E+00, 1.3333E-01,
14:02:53.71839897, 0.0000E+00, 1.4133E+00, 2.6667E-01,
14:02:53.71839902, 1.3333E-02, 1.4267E+00, 0.0000E+00,
14:02:53.71839907, 1.3333E-02, 1.4267E+00, 0.0000E+00,
14:02:53.71839912, 4.0000E-02, 1.4267E+00, 4.0000E-01,
14:02:53.71839917, 1.3333E-02, 1.4267E+00,-2.6667E-01,
14:02:53.71839922,-1.3333E-02, 1.4400E+00,-2.6667E-01,
14:02:53.71839927, 2.6667E-02, 1.4400E+00,-1.3333E-01,
14:02:53.71839932, 1.3333E-02, 1.4267E+00, 1.3333E-01,
14:02:53.71839937,-1.3333E-02, 1.4400E+00, 1.3333E-01,
14:02:53.71839942, 1.3333E-02, 1.4267E+00, 0.0000E+00,
14:02:53.71839947, 0.0000E+00, 1.4267E+00, 0.0000E+00,
14:02:53.71839952, 0.0000E+00, 1.4267E+00, 0.0000E+00,
14:02:53.71839957, 1.3333E-02, 1.4267E+00,-1.3333E-01,
14:02:53.71839962, 0.0000E+00, 1.4400E+00, 0.0000E+00,
14:02:53.71839967, 4.0000E-02, 1.4267E+00, 2.6667E-01,
14:02:53.71839972, 2.6667E-02, 1.4267E+00, 1.3333E-01,
14:02:53.71839977, 4.0000E-02, 1.4267E+00, 1.3333E-01,
14:02:53.71839982,-1.3333E-02, 1.4533E+00, 0.0000E+00,
14:02:53.71839987, 1.3333E-02, 1.4533E+00,-2.6667E-01,
14:02:53.71839992, 0.0000E+00, 1.4267E+00, 1.3333E-01,
14:02:53.71839997, 0.0000E+00, 1.4533E+00, 1.3333E-01,
14:02:53.71840002,-1.3333E-02, 1.4267E+00, 0.0000E+00,
14:02:53.71840007, 0.0000E+00, 1.4267E+00, 2.6667E-01,
14:02:53.71840012, 1.3333E-02, 1.4267E+00, 1.3333E-01,
14:02:53.71840017, 2.6667E-02, 1.4533E+00,-2.6667E-01,
14:02:53.71840022, 4.0000E-02, 1.4267E+00,-1.3333E-01,
14:02:53.71840027, 1.3333E-02, 1.4267E+00,-1.3333E-01,
14:02:53.71840032, 1.3333E-02, 1.4400E+00, 0.0000E+00,
14:02:53.71840037, 1.3333E-02, 1.4533E+00, 0.0000E+00,
14:02:53.71840042, 2.6667E-02, 1.4267E+00,-1.3333E-01,
14:02:53.71840047,-1.3333E-02, 1.4267E+00,-1.3333E-01,
14:02:53.71840052, 1.3333E-02, 1.4667E+00, 2.6667E-01,
14:02:53.71840057, 4.0000E-02, 1.4400E+00,-1.3333E-01,
14:02:53.71840062, 0.0000E+00, 1.4800E+00, 0.0000E+00,
14:02:53.71840067,-2.6667E-02, 1.4533E+00,-1.3333E-01,
14:02:53.71840072, 1.3333E-02, 1.4800E+00,-2.6667E-01,
14:02:53.71840077, 2.6667E-02, 1.4533E+00, 2.6667E-01,
14:02:53.71840082,-2.6667E-02, 1.4667E+00,-1.3333E-01,
14:02:53.71840087, 0.0000E+00, 1.4533E+00, 0.0000E+00,
14:02:53.71840092, 1.3333E-02, 1.4267E+00, 0.0000E+00,
14:02:53.71840097, 2.6667E-02, 1.4267E+00,-2.6667E-01,
14:02:53.71840102, 0.0000E+00, 1.4400E+00,-1.3333E-01,
14:02:53.71840107, 4.0000E-02, 1.4400E+00,-1.3333E-01,
14:02:53.71840112, 2.6667E-02, 1.4267E+00, 1.3333E-01,
14:02:53.71840117, 4.0000E-02, 1.4267E+00,-1.3333E-01,
14:02:53.71840122, 2.6667E-02, 1.4533E+00,-1.3333E-01,
14:02:53.71840127,-2.6667E-02, 1.4267E+00,-1.3333E-01,
14:02:53.71840132, 1.3333E-02, 1.4533E+00, 4.0000E-01,
14:02:53.71840137, 0.0000E+00, 1.4667E+00, 1.3333E-01,
14:02:53.71840142, 0.0000E+00, 1.4267E+00, 0.0000E+00,
14:02:53.71840147,-1.3333E-02, 1.4533E+00, 0.0000E+00,
14:02:53.71840152, 2.6667E-02, 1.4267E+00, 0.0000E+00,
14:02:53.71840157, 1.3333E-02, 1.4400E+00, 1.3333E-01,
14:02:53.71840162, 2.6667E-02, 1.4267E+00,-4.0000E-01,
14:02:53.71840167, 1.3333E-02, 1.4000E+00,-1.3333E-01,
14:02:53.71840172, 4.0000E-02, 1.4267E+00,-5.3333E-01,
14:02:53.71840177, 0.0000E+00, 1.4267E+00, 0.0000E+00,
14:02:53.71840182,-2.6667E-02, 1.4267E+00,-2.6667E-01,
14:02:53.71840187, 0.0000E+00, 1.4400E+00, 1.3333E-01,
14:02:53.71840192, 0.0000E+00, 1.4400E+00,-2.6667E-01,
14:02:53.71840197, 1.3333E-02, 1.4267E+00, 1.3333E-01,
14:02:53.71840202, 4.0000E-02, 1.4133E+00, 1.3333E-01,
14:02:53.71840207, 0.0000E+00, 1.4267E+00, 0.0000E+00,
14:02:53.71840212, 4.0000E-02, 1.4267E+00,-2.6667E-01,
14:02:53.71840217, 1.3333E-02, 1.4267E+00,-2.6667E-01,
14:02:53.71840222, 1.3333E-02, 1.4533E+00,-1.3333E-01,
14:02:53.71840227, 2.6667E-02, 1.4400E+00,-2.6667E-01,
14:02:53.71840232, 1.3333E-02, 1.4400E+00,-1.3333E-01,
14:02:53.71840237,-1.3333E-02, 1.4400E+00, 1.3333E-01,
14:02:53.71840242, 1.3333E-02, 1.4533E+00,-2.6667E-01,
14:02:53.71840247, 1.3333E-02, 1.4267E+00, 0.0000E+00,
14:02:53.71840252, 1.3333E-02, 1.4533E+00, 2.6667E-01,
14:02:53.71840257, 1.3333E-02, 1.4267E+00, 2.6667E-01,
14:02:53.71840262, 0.0000E+00, 1.4533E+00, 0.0000E+00,
14:02:53.71840267, 1.3333E-02, 1.4267E+00,-1.3333E-01,
14:02:53.71840272, 1.3333E-02, 1.4267E+00, 4.0000E-01,
14:02:53.71840277, 0.0000E+00, 1.4267E+00,-2.6667E-01,
14:02:53.71840282, 1.3333E-02, 1.4267E+00, 0.0000E+00,
14:02:53.71840287,-1.3333E-02, 1.4533E+00,-1.3333E-01,
14:02:53.71840292,-1.3333E-02, 1.4267E+00, 0.0000E+00,
14:02:53.71840297, 1.3333E-02, 1.4267E+00,-1.3333E-01,
14:02:53.71840302, 0.0000E+00, 1.4800E+00,-1.3333E-01,
14:02:53.71840307, 2.6667E-02, 1.4400E+00, 1.3333E-01,
14:02:53.71840312, 0.0000E+00, 1.4267E+00, 1.3333E-01,
14:02:53.71840317, 0.0000E+00, 1.4267E+00,-1.3333E-01,
14:02:53.71840322, 1.3333E-02, 1.4533E+00, 0.0000E+00,
14:02:53.71840327, 1.3333E-02, 1.4267E+00, 2.6667E-01,
14:02:53.71840332, 1.3333E-02, 1.4267E+00, 0.0000E+00,
14:02:53.71840337, 0.0000E+00, 1.4400E+00,-1.3333E-01,
14:02:53.71840342, 1.3333E-02, 1.4267E+00, 0.0000E+00,
14:02:53.71840347, 1.3333E-02, 1.4400E+00,-2.6667E-01,
14:02:53.71840352, 0.0000E+00, 1.4267E+00,-5.3333E-01,
14:02:53.71840357, 0.0000E+00, 1.4400E+00,-1.3333E-01,
14:02:53.71840362, 1.3333E-02, 1.4000E+00,-1.3333E-01,
14:02:53.71840367, 2.6667E-02, 1.4267E+00,-2.6667E-01,
14:02:53.71840372, 1.3333E-02, 1.4267E+00, 0.0000E+00,
14:02:53.71840377, 0.0000E+00, 1.4133E+00,-2.6667E-01,
14:02:53.71840382, 0.0000E+00, 1.4267E+00, 0.0000E+00,
14:02:53.71840387,-2.6667E-02, 1.4400E+00, 2.6667E-01,
14:02:53.71840392, 0.0000E+00, 1.4267E+00, 1.3333E-01,
14:02:53.71840397, 2.6667E-02, 1.4400E+00,-1.3333E-01,
14:02:53.71840402, 0.0000E+00, 1.4533E+00,-4.0000E-01,
14:02:53.71840407, 1.3333E-02, 1.4133E+00,-1.3333E-01,
14:02:53.71840412, 0.0000E+00, 1.4267E+00, 0.0000E+00,
14:02:53.71840417, 1.3333E-02, 1.4400E+00, 2.6667E-01,
14:02:53.71840422, 1.3333E-02, 1.4533E+00, 1.3333E-01,
14:02:53.71840427, 0.0000E+00, 1.4400E+00,-1.3333E-01,
14:02:53.71840432, 1.3333E-02, 1.4400E+00,-1.3333E-01,
14:02:53.71840437,-2.6667E-02, 1.4400E+00, 0.0000E+00,
14:02:53.71840442, 0.0000E+00, 1.4267E+00, 1.3333E-01,
14:02:53.71840447, 1.3333E-02, 1.4267E+00, 0.0000E+00,
14:02:53.71840452, 2.6667E-02, 1.4133E+00,-2.6667E-01,
14:02:53.71840457, 0.0000E+00, 1.4133E+00, 0.0000E+00,
14:02:53.71840462, 5.3333E-02, 1.4267E+00, 1.3333E-01,
14:02:53.71840467, 0.0000E+00, 1.4667E+00,-2.6667E-01,
14:02:53.71840472, 1.3333E-02, 1.4400E+00, 0.0000E+00,
14:02:53.71840477, 0.0000E+00, 1.4267E+00,-2.6667E-01,
14:02:53.71840482,-1.3333E-02, 1.4533E+00,-1.3333E-01,
14:02:53.71840487, 0.0000E+00, 1.4400E+00, 1.3333E-01,
14:02:53.71840492,-1.3333E-02, 1.4533E+00, 2.6667E-01,
14:02:53.71840497, 0.0000E+00, 1.4267E+00,-4.0000E-01,
14:02:53.71840502, 1.3333E-02, 1.4400E+00,-2.6667E-01,
14:02:53.71840507, 1.3333E-02, 1.4267E+00,-1.3333E-01,
14:02:53.71840512, 1.3333E-02, 1.4133E+00, 0.0000E+00,
14:02:53.71840517, 0.0000E+00, 1.4400E+00,-1.3333E-01,
14:02:53.71840522,-1.3333E-02, 1.4133E+00, 2.6667E-01,
14:02:53.71840527, 4.0000E-02, 1.4667E+00, 0.0000E+00,
14:02:53.71840532, 1.3333E-02, 1.4400E+00,-1.3333E-01,
14:02:53.71840537, 1.3333E-02, 1.4400E+00,-1.3333E-01,
14:02:53.71840542, 2.6667E-02, 1.4267E+00,-1.3333E-01,
14:02:53.71840547, 2.6667E-02, 1.3867E+00, 1.3333E-01,
14:02:53.71840552, 0.0000E+00, 1.4133E+00,-5.3333E-01,
14:02:53.71840557, 1.3333E-02, 1.4267E+00,-2.6667E-01,
14:02:53.71840562, 1.3333E-02, 1.4400E+00,-1.3333E-01,
14:02:53.71840567, 0.0000E+00, 1.4267E+00, 1.3333E-01,
14:02:53.71840572, 0.0000E+00, 1.4533E+00,-2.6667E-01,
14:02:53.71840577, 1.3333E-02, 1.4267E+00, 0.0000E+00,
14:02:53.71840582, 0.0000E+00, 1.4533E+00, 0.0000E+00,
14:02:53.71840587,-1.3333E-02, 1.4533E+00,-2.6667E-01,
14:02:53.71840592,-1.3333E-02, 1.4533E+00, 1.3333E-01,
14:02:53.71840597, 1.3333E-02, 1.4133E+00,-1.3333E-01,
14:02:53.71840602, 4.0000E-02, 1.4533E+00,-1.3333E-01,
14:02:53.71840607, 0.0000E+00, 1.4267E+00,-1.3333E-01,
14:02:53.71840612, 1.3333E-02, 1.4267E+00, 0.0000E+00,
14:02:53.71840617,-1.3333E-02, 1.4267E+00,-4.0000E-01,
14:02:53.71840622, 1.3333E-02, 1.4267E+00, 4.0000E-01,
14:02:53.71840627, 0.0000E+00, 1.4267E+00, 0.0000E+00,
14:02:53.71840632,-1.3333E-02, 1.4267E+00, 0.0000E+00,
14:02:53.71840637,-2.6667E-02, 1.4267E+00, 1.3333E-01,
14:02:53.71840642, 0.0000E+00, 1.4800E+00, 0.0000E+00,
14:02:53.71840647, 0.0000E+00, 1.4533E+00, 0.0000E+00,
14:02:53.71840652, 1.3333E-02, 1.4533E+00,-1.3333E-01,
14:02:53.71840657, 2.6667E-02, 1.4267E+00,-2.6667E-01,
14:02:53.71840662, 0.0000E+00, 1.4267E+00, 0.0000E+00,
14:02:53.71840667, 0.0000E+00, 1.4667E+00, 0.0000E+00,
14:02:53.71840672,-1.3333E-02, 1.4267E+00, 0.0000E+00,
14:02:53.71840677, 1.3333E-02, 1.4667E+00,-2.6667E-01,
14:02:53.71840682, 1.3333E-02, 1.4400E+00,-2.6667E-01,
14:02:53.71840687, 0.0000E+00, 1.4267E+00, 1.3333E-01,
14:02:53.71840692, 5.3333E-02, 1.4267E+00,-1.3333E-01,
14:02:53.71840697, 1.3333E-02, 1.4533E+00, 0.0000E+00,
14:02:53.71840702, 2.6667E-02, 1.4667E+00,-4.0000E-01,
14:02:53.71840707, 2.6667E-02, 1.4267E+00, 0.0000E+00,
14:02:53.71840712, 4.0000E-02, 1.4267E+00,-1.3333E-01,
14:02:53.71840717, 1.3333E-02, 1.4400E+00,-1.3333E-01,
14:02:53.71840722, 0.0000E+00, 1.4533E+00,-1.3333E-01,
14:02:53.71840727, 1.3333E-02, 1.4533E+00, 0.0000E+00,
14:02:53.71840732, 4.0000E-02, 1.4267E+00, 0.0000E+00,
14:02:53.71840737, 2.6667E-02, 1.4133E+00, 2.6667E-01,
14:02:53.71840742, 2.6667E-02, 1.4533E+00, 0.0000E+00,
14:02:53.71840747, 2.6667E-02, 1.4267E+00,-1.3333E-01,
14:02:53.71840752,-1.3333E-02, 1.4400E+00, 0.0000E+00,
14:02:53.71840757, 5.3333E-02, 1.4267E+00,-4.0000E-01,
14:02:53.71840762,-2.6667E-02, 1.4000E+00,-2.6667E-01,
14:02:53.71840767, 0.0000E+00, 1.4267E+00, 1.3333E-01,
14:02:53.71840772,-1.3333E-02, 1.4267E+00,-1.3333E-01,
14:02:53.71840777, 1.3333E-02, 1.4267E+00,-1.3333E-01,
14:02:53.71840782, 2.6667E-02, 1.4400E+00,-1.3333E-01,
14:02:53.71840787, 1.3333E-02, 1.4267E+00, 1.3333E-01,
14:02:53.71840792,-1.3333E-02, 1.4400E+00, 2.6667E-01,
14:02:53.71840797, 0.0000E+00, 1.4400E+00,-2.6667E-01,
14:02:53.71840802,-1.3333E-02, 1.4267E+00,-4.0000E-01,
14:02:53.71840807, 2.6667E-02, 1.4533E+00,-1.3333E-01,
14:02:53.71840812,-4.0000E-02, 1.4400E+00,-4.0000E-01,
14:02:53.71840817,-1.3333E-02, 1.4533E+00,-2.6667E-01,
14:02:53.71840822,-4.0000E-02, 1.4267E+00, 0.0000E+00,
14:02:53.71840827, 2.6667E-02, 1.4667E+00,-1.3333E-01,
14:02:53.71840832, 1.3333E-02, 1.4267E+00, 1.3333E-01,
14:02:53.71840837, 1.3333E-02, 1.4267E+00,-1.3333E-01,
14:02:53.71840842,-2.6667E-02, 1.4400E+00, 0.0000E+00,
14:02:53.71840847,-4.0000E-02, 1.4267E+00,-1.3333E-01,
14:02:53.71840852, 0.0000E+00, 1.4400E+00,-2.6667E-01,
14:02:53.71840857, 1.3333E-02, 1.4400E+00, 1.3333E-01,
14:02:53.71840862,-1.3333E-02, 1.4400E+00,-2.6667E-01,
14:02:53.71840867, 0.0000E+00, 1.4267E+00,-1.3333E-01,
14:02:53.71840872, 0.0000E+00, 1.4533E+00, 2.6667E-01,
14:02:53.71840877,-1.3333E-02, 1.4400E+00, 0.0000E+00,
14:02:53.71840882, 2.6667E-02, 1.4133E+00, 2.6667E-01,
14:02:53.71840887, 1.3333E-02, 1.4533E+00,-1.3333E-01,
14:02:53.71840892, 1.3333E-02, 1.4267E+00, 0.0000E+00,
14:02:53.71840897, 0.0000E+00, 1.4133E+00,-1.3333E-01,
14:02:53.71840902, 0.0000E+00, 1.4267E+00, 1.3333E-01,
14:02:53.71840907,-5.3333E-02, 1.4533E+00,-1.3333E-01,
14:02:53.71840912, 2.6667E-02, 1.4267E+00,-1.3333E-01,
14:02:53.71840917, 0.0000E+00, 1.4533E+00, 2.6667E-01,
14:02:53.71840922, 1.3333E-02, 1.4267E+00, 0.0000E+00,
14:02:53.71840927, 2.6667E-02, 1.4267E+00, 0.0000E+00,
14:02:53.71840932, 0.0000E+00, 1.4267E+00,-1.3333E-01,
14:02:53.71840937, 2.6667E-02, 1.4267E+00,-1.3333E-01,
14:02:53.71840942, 2.6667E-02, 1.4267E+00, 1.3333E-01,
14:02:53.71840947, 0.0000E+00, 1.4267E+00,-1.3333E-01,
14:02:53.71840952, 2.6667E-02, 1.4267E+00,-2.6667E-01,
14:02:53.71840957,-1.3333E-02, 1.4267E+00, 0.0000E+00,
14:02:53.71840962, 0.0000E+00, 1.4267E+00,-1.3333E-01,
14:02:53.71840967, 4.0000E-02, 1.4667E+00, 0.0000E+00,
14:02:53.71840972, 1.3333E-02, 1.4267E+00, 0.0000E+00,
14:02:53.71840977, 0.0000E+00, 1.4533E+00, 1.3333E-01,
14:02:53.71840982, 1.3333E-02, 1.4267E+00, 2.6667E-01,
14:02:53.71840987, 2.6667E-02, 1.4267E+00, 0.0000E+00,
14:02:53.71840992,-1.3333E-02, 1.4533E+00, 1.3333E-01,
14:02:53.71840997, 1.3333E-02, 1.4400E+00,-2.6667E-01,
14:02:53.71841002,-1.3333E-02, 1.4267E+00, 0.0000E+00,
14:02:53.71841007, 0.0000E+00, 1.4400E+00, 1.3333E-01,
14:02:53.71841012, 0.0000E+00, 1.4267E+00, 1.3333E-01,
14:02:53.71841017,-1.3333E-02, 1.4267E+00, 1.3333E-01,
14:02:53.71841022, 1.3333E-02, 1.4267E+00,-2.6667E-01,
14:02:53.71841027, 2.6667E-02, 1.4267E+00,-1.3333E-01,
14:02:53.71841032, 0.0000E+00, 1.4667E+00,-1.3333E-01,
14:02:53.71841037, 0.0000E+00, 1.4133E+00, 1.3333E-01,
14:02:53.71841042,-1.3333E-02, 1.4267E+00,-1.3333E-01,
14:02:53.71841047, 1.3333E-02, 1.4267E+00,-2.6667E-01,
14:02:53.71841052,-2.6667E-02, 1.4267E+00, 2.6667E-01,
14:02:53.71841057, 2.6667E-02, 1.4400E+00, 4.0000E-01,
14:02:53.71841062, 1.3333E-02, 1.4267E+00, 1.3333E-01,
14:02:53.71841067, 2.6667E-02, 1.4533E+00, 0.0000E+00,
14:02:53.71841072, 4.0000E-02, 1.4533E+00, 0.0000E+00,
14:02:53.71841077, 0.0000E+00, 1.4267E+00,-2.6667E-01,
14:02:53.71841082, 2.6667E-02, 1.4267E+00, 2.6667E-01,
14:02:53.71841087,-1.3333E-02, 1.4400E+00,-1.3333E-01,
14:02:53.71841092,-1.3333E-02, 1.4533E+00,-1.3333E-01,
14:02:53.71841097,-4.0000E-02, 1.4267E+00,-2.6667E-01,
14:02:53.71841102, 1.3333E-02, 1.4267E+00, 0.0000E+00,
14:02:53.71841107, 1.3333E-02, 1.4400E+00,-1.3333E-01,
14:02:53.71841112, 1.3333E-02, 1.4267E+00,-1.3333E-01,
14:02:53.71841117,-1.3333E-02, 1.4533E+00, 2.6667E-01,
14:02:53.71841122, 0.0000E+00, 1.4267E+00, 2.6667E-01,
14:02:53.71841127, 1.3333E-02, 1.4267E+00,-2.6667E-01,
14:02:53.71841132, 2.6667E-02, 1.4400E+00,-4.0000E-01,
14:02:53.71841137, 1.3333E-02, 1.4267E+00,-1.3333E-01,
14:02:53.71841142,-1.3333E-02, 1.4400E+00, 1.3333E-01,
14:02:53.71841147, 0.0000E+00, 1.4533E+00, 0.0000E+00,
14:02:53.71841152,-1.3333E-02, 1.4400E+00, 0.0000E+00,
14:02:53.71841157, 0.0000E+00, 1.4267E+00, 2.6667E-01,
14:02:53.71841162,-1.3333E-02, 1.4267E+00, 1.3333E-01,
14:02:53.71841167, 0.0000E+00, 1.4400E+00,-1.3333E-01,
14:02:53.71841172, 1.3333E-02, 1.4400E+00, 0.0000E+00,
14:02:53.71841177, 0.0000E+00, 1.4400E+00, 0.0000E+00,
14:02:53.71841182, 1.3333E-02, 1.4133E+00,-1.3333E-01,
14:02:53.71841187,-1.3333E-02, 1.4400E+00,-2.6667E-01,
14:02:53.71841192, 1.3333E-02, 1.4533E+00, 0.0000E+00,
14:02:53.71841197, 2.6667E-02, 1.4533E+00,-1.3333E-01,
14:02:53.71841202, 0.0000E+00, 1.4267E+00, 0.0000E+00,
14:02:53.71841207, 4.0000E-02, 1.4267E+00, 1.3333E-01,
14:02:53.71841212, 1.3333E-02, 1.4267E+00,-1.3333E-01,
14:02:53.71841217, 2.6667E-02, 1.4400E+00, 0.0000E+00,
14:02:53.71841222, 5.3333E-02, 1.4267E+00, 0.0000E+00,
14:02:53.71841227, 2.6667E-02, 1.4400E+00, 0.0000E+00,
14:02:53.71841232,-1.3333E-02, 1.4400E+00, 1.3333E-01,
14:02:53.71841237, 0.0000E+00, 1.4400E+00,-1.3333E-01,
14:02:53.71841242,-2.6667E-02, 1.4533E+00, 0.0000E+00,
14:02:53.71841247, 0.0000E+00, 1.4267E+00,-1.3333E-01,
14:02:53.71841252,-2.6667E-02, 1.4533E+00,-2.6667E-01,
14:02:53.71841257, 1.3333E-02, 1.4533E+00,-1.3333E-01,
14:02:53.71841262, 1.3333E-02, 1.4267E+00,-1.3333E-01,
14:02:53.71841267, 2.6667E-02, 1.4533E+00,-1.3333E-01,
14:02:53.71841272, 0.0000E+00, 1.4667E+00, 4.0000E-01,
14:02:53.71841277, 5.3333E-02, 1.4267E+00,-2.6667E-01,
14:02:53.71841282,-1.3333E-02, 1.4400E+00,-1.3333E-01,
14:02:53.71841287, 1.3333E-02, 1.4267E+00,-2.6667E-01,
14:02:53.71841292,-1.3333E-02, 1.4267E+00, 0.0000E+00,
14:02:53.71841297, 0.0000E+00, 1.4667E+00, 1.3333E-01,
14:02:53.71841302,-1.3333E-02, 1.4667E+00, 0.0000E+00,
14:02:53.71841307, 1.3333E-02, 1.4267E+00, 0.0000E+00,
14:02:53.71841312, 1.3333E-02, 1.4667E+00,-1.3333E-01,
14:02:53.71841317, 0.0000E+00, 1.4400E+00,-2.6667E-01,
14:02:53.71841322, 2.6667E-02, 1.4267E+00,-1.3333E-01,
14:02:53.71841327, 0.0000E+00, 1.4267E+00,-1.3333E-01,
14:02:53.71841332, 1.3333E-02, 1.4133E+00,-1.3333E-01,
14:02:53.71841337, 1.3333E-02, 1.4400E+00, 0.0000E+00,
14:02:53.71841342, 0.0000E+00, 1.4400E+00, 0.0000E+00,
14:02:53.71841347, 0.0000E+00, 1.4267E+00,-1.3333E-01,
14:02:53.71841352, 0.0000E+00, 1.4267E+00, 0.0000E+00,
14:02:53.71841357, 0.0000E+00, 1.4133E+00, 0.0000E+00,
14:02:53.71841362, 0.0000E+00, 1.4533E+00,-1.3333E-01,
14:02:53.71841367, 1.3333E-02, 1.4133E+00, 1.3333E-01,
14:02:53.71841372, 1.3333E-02, 1.4267E+00, 0.0000E+00,
14:02:53.71841377,-5.3333E-02, 1.4267E+00, 1.3333E-01,
14:02:53.71841382, 0.0000E+00, 1.4267E+00, 0.0000E+00,
14:02:53.71841387, 0.0000E+00, 1.4400E+00, 0.0000E+00,
14:02:53.71841392, 0.0000E+00, 1.4400E+00,-4.0000E-01,
14:02:53.71841397, 1.3333E-02, 1.4400E+00,-1.3333E-01,
14:02:53.71841402, 0.0000E+00, 1.4267E+00, 2.6667E-01,
14:02:53.71841407, 0.0000E+00, 1.4133E+00, 2.6667E-01,
14:02:53.71841412, 1.3333E-02, 1.4400E+00, 0.0000E+00,
14:02:53.71841417, 1.3333E-02, 1.4267E+00, 2.6667E-01,
14:02:53.71841422, 1.3333E-02, 1.4267E+00,-2.6667E-01,
14:02:53.71841427, 1.3333E-02, 1.4400E+00, 0.0000E+00,
14:02:53.71841432,-1.3333E-02, 1.4400E+00, 2.6667E-01,
14:02:53.71841437, 0.0000E+00, 1.4267E+00, 1.3333E-01,
14:02:53.71841442, 1.3333E-02, 1.4133E+00, 1.3333E-01,
14:02:53.71841447, 0.0000E+00, 1.4133E+00, 0.0000E+00,
14:02:53.71841452, 1.3333E-02, 1.4533E+00, 1.3333E-01,
14:02:53.71841457, 1.3333E-02, 1.4267E+00, 0.0000E+00,
14:02:53.71841462, 4.0000E-02, 1.4267E+00,-2.6667E-01,
14:02:53.71841467, 4.0000E-02, 1.4267E+00,-2.6667E-01,
14:02:53.71841472, 4.0000E-02, 1.4400E+00, 0.0000E+00,
14:02:53.71841477, 1.3333E-02, 1.4400E+00, 0.0000E+00,
14:02:53.71841482, 1.3333E-02, 1.4400E+00,-2.6667E-01,
14:02:53.71841487, 1.3333E-02, 1.4400E+00,-1.3333E-01,
14:02:53.71841492, 2.6667E-02, 1.4267E+00,-1.3333E-01,
14:02:53.71841497, 1.3333E-02, 1.4267E+00,-4.0000E-01,
14:02:53.71841502, 4.0000E-02, 1.4400E+00, 2.6667E-01,
14:02:53.71841507, 0.0000E+00, 1.4400E+00, 1.3333E-01,
14:02:53.71841512, 4.0000E-02, 1.4267E+00, 1.3333E-01,
14:02:53.71841517, 0.0000E+00, 1.4400E+00, 1.3333E-01,
14:02:53.71841522,-2.6667E-02, 1.4533E+00,-1.3333E-01,
14:02:53.71841527, 1.3333E-02, 1.4533E+00, 0.0000E+00,
14:02:53.71841532, 1.3333E-02, 1.4533E+00,-1.3333E-01,
14:02:53.71841537,-1.3333E-02, 1.4267E+00, 0.0000E+00,
14:02:53.71841542, 0.0000E+00, 1.4533E+00,-4.0000E-01,
14:02:53.71841547, 4.0000E-02, 1.4400E+00, 1.3333E-01,
14:02:53.71841552, 2.6667E-02, 1.4267E+00, 2.6667E-01,
14:02:53.71841557, 4.0000E-02, 1.4267E+00, 1.3333E-01,
14:02:53.71841562, 0.0000E+00, 1.4400E+00, 0.0000E+00,
14:02:53.71841567, 2.6667E-02, 1.4400E+00,-1.3333E-01,
14:02:53.71841572,-1.3333E-02, 1.4267E+00,-2.6667E-01,
14:02:53.71841577, 0.0000E+00, 1.4400E+00,-1.3333E-01,
14:02:53.71841582,-1.3333E-02, 1.4267E+00,-2.6667E-01,
14:02:53.71841587, 2.6667E-02, 1.4533E+00,-2.6667E-01,
14:02:53.71841592, 5.3333E-02, 1.4267E+00, 1.3333E-01,
14:02:53.71841597, 2.6667E-02, 1.4400E+00, 1.3333E-01,
14:02:53.71841602, 0.0000E+00, 1.4267E+00,-1.3333E-01,
14:02:53.71841607, 1.3333E-02, 1.4533E+00,-1.3333E-01,
14:02:53.71841612,-1.3333E-02, 1.4533E+00, 0.0000E+00,
14:02:53.71841617, 0.0000E+00, 1.4400E+00,-4.0000E-01,
14:02:53.71841622, 0.0000E+00, 1.4400E+00, 1.3333E-01,
14:02:53.71841627,-2.6667E-02, 1.4267E+00, 0.0000E+00,
14:02:53.71841632,-1.3333E-02, 1.4400E+00,-2.6667E-01,
14:02:53.71841637, 0.0000E+00, 1.4400E+00,-2.6667E-01,
14:02:53.71841642, 0.0000E+00, 1.4267E+00, 2.6667E-01,
14:02:53.71841647, 2.6667E-02, 1.4267E+00, 2.6667E-01,
14:02:53.71841652, 1.3333E-02, 1.4400E+00, 1.3333E-01,
14:02:53.71841657, 0.0000E+00, 1.4267E+00, 0.0000E+00,
14:02:53.71841662, 1.3333E-02, 1.4267E+00,-2.6667E-01,
14:02:53.71841667,-1.3333E-02, 1.4267E+00,-1.3333E-01,
14:02:53.71841672,-1.3333E-02, 1.4267E+00,-1.3333E-01,
14:02:53.71841677, 1.3333E-02, 1.4267E+00, 0.0000E+00,
14:02:53.71841682, 1.3333E-02, 1.4267E+00, 0.0000E+00,
14:02:53.71841687, 1.3333E-02, 1.4267E+00,-1.3333E-01,
14:02:53.71841692, 1.3333E-02, 1.4267E+00,-1.3333E-01,
14:02:53.71841697, 4.0000E-02, 1.4400E+00,-1.3333E-01,
14:02:53.71841702, 2.6667E-02, 1.4267E+00,-2.6667E-01,
14:02:53.71841707, 1.3333E-02, 1.4267E+00,-1.3333E-01,
14:02:53.71841712, 2.6667E-02, 1.4400E+00,-2.6667E-01,
14:02:53.71841717,-1.3333E-02, 1.4267E+00,-4.0000E-01,
14:02:53.71841722, 0.0000E+00, 1.4267E+00, 0.0000E+00,
14:02:53.71841727,-1.3333E-02, 1.4267E+00,-2.6667E-01,
14:02:53.71841732, 1.3333E-02, 1.4533E+00, 0.0000E+00,
14:02:53.71841737, 1.3333E-02, 1.4267E+00,-1.3333E-01,
14:02:53.71841742, 0.0000E+00, 1.4400E+00,-1.3333E-01,
14:02:53.71841747, 1.3333E-02, 1.4267E+00, 1.3333E-01,
14:02:53.71841752, 1.3333E-02, 1.4267E+00,-1.3333E-01,
14:02:53.71841757, 2.6667E-02, 1.4267E+00, 0.0000E+00,
14:02:53.71841762, 0.0000E+00, 1.4400E+00, 1.3333E-01,
14:02:53.71841767, 1.3333E-02, 1.4267E+00,-1.3333E-01,
14:02:53.71841772, 0.0000E+00, 1.4400E+00,-2.6667E-01,
14:02:53.71841777, 1.3333E-02, 1.4133E+00,-2.6667E-01,
14:02:53.71841782, 4.0000E-02, 1.4267E+00, 0.0000E+00,
14:02:53.71841787, 0.0000E+00, 1.4267E+00,-1.3333E-01,
14:02:53.71841792, 1.3333E-02, 1.4267E+00, 2.6667E-01,
14:02:53.71841797, 1.3333E-02, 1.4533E+00, 1.3333E-01,
14:02:53.71841802, 2.6667E-02, 1.4267E+00, 2.6667E-01,
14:02:53.71841807, 1.3333E-02, 1.4400E+00, 0.0000E+00,
14:02:53.71841812, 2.6667E-02, 1.4133E+00,-4.0000E-01,
14:02:53.71841817,-1.3333E-02, 1.4267E+00, 0.0000E+00,
14:02:53.71841822,-1.3333E-02, 1.4267E+00,-1.3333E-01,
14:02:53.71841827, 0.0000E+00, 1.4533E+00, 0.0000E+00,
14:02:53.71841832, 1.3333E-02, 1.4533E+00,-1.3333E-01,
14:02:53.71841837, 1.3333E-02, 1.4267E+00, 0.0000E+00,
14:02:53.71841842,-1.3333E-02, 1.4400E+00,-1.3333E-01,
14:02:53.71841847, 1.3333E-02, 1.4267E+00, 1.3333E-01,
14:02:53.71841852, 1.3333E-02, 1.4400E+00,-1.3333E-01,
14:02:53.71841857,-1.3333E-02, 1.4533E+00,-2.6667E-01,
14:02:53.71841862, 2.6667E-02, 1.4267E+00, 0.0000E+00,
14:02:53.71841867,-2.6667E-02, 1.4133E+00,-1.3333E-01,
14:02:53.71841872, 4.0000E-02, 1.4267E+00,-2.6667E-01,
14:02:53.71841877, 1.3333E-02, 1.4267E+00, 0.0000E+00,
14:02:53.71841882, 1.3333E-02, 1.4533E+00, 1.3333E-01,
14:02:53.71841887, 0.0000E+00, 1.4267E+00, 0.0000E+00,
14:02:53.71841892, 1.3333E-02, 1.4267E+00, 1.3333E-01,
14:02:53.71841897, 1.3333E-02, 1.4400E+00,-1.3333E-01,
14:02:53.71841902, 2.6667E-02, 1.4267E+00,-2.6667E-01,
14:02:53.71841907, 0.0000E+00, 1.4267E+00, 1.3333E-01,
14:02:53.71841912,-1.3333E-02, 1.4133E+00, 0.0000E+00,
14:02:53.71841917, 0.0000E+00, 1.4267E+00,-4.0000E-01,
14:02:53.71841922, 0.0000E+00, 1.4400E+00,-2.6667E-01,
14:02:53.71841927, 4.0000E-02, 1.4400E+00, 0.0000E+00,
14:02:53.71841932, 1.3333E-02, 1.4267E+00, 0.0000E+00,
14:02:53.71841937, 0.0000E+00, 1.4267E+00,-2.6667E-01,
14:02:53.71841942,-1.3333E-02, 1.4667E+00, 0.0000E+00,
14:02:53.71841947, 2.6667E-02, 1.4267E+00,-2.6667E-01,
14:02:53.71841952, 0.0000E+00, 1.4667E+00,-1.3333E-01,
14:02:53.71841957, 1.3333E-02, 1.4533E+00, 2.6667E-01,
14:02:53.71841962, 1.3333E-02, 1.4267E+00,-2.6667E-01,
14:02:53.71841967, 2.6667E-02, 1.4400E+00,-1.3333E-01,
14:02:53.71841972, 1.3333E-02, 1.4533E+00,-2.6667E-01,
14:02:53.71841977, 0.0000E+00, 1.4267E+00,-1.3333E-01,
14:02:53.71841982, 4.0000E-02, 1.4267E+00,-4.0000E-01,
14:02:53.71841987, 2.6667E-02, 1.4133E+00,-2.6667E-01,
14:02:53.71841992, 2.6667E-02, 1.4400E+00, 0.0000E+00,
14:02:53.71841997, 0.0000E+00, 1.4533E+00, 0.0000E+00,
14:02:53.71842002, 4.0000E-02, 1.4267E+00, 0.0000E+00,
14:02:53.71842007, 4.0000E-02, 1.4400E+00, 0.0000E+00,
14:02:53.71842012,-1.3333E-02, 1.4267E+00, 0.0000E+00,
14:02:53.71842017, 1.3333E-02, 1.4267E+00, 0.0000E+00,
14:02:53.71842022,-1.3333E-02, 1.4400E+00,-1.3333E-01,
14:02:53.71842027,-1.3333E-02, 1.4267E+00,-2.6667E-01,
14:02:53.71842032, 4.0000E-02, 1.4267E+00,-4.0000E-01,
14:02:53.71842037, 0.0000E+00, 1.4267E+00, 0.0000E+00,
14:02:53.71842042, 1.3333E-02, 1.4400E+00, 1.3333E-01,
14:02:53.71842047, 0.0000E+00, 1.4400E+00, 0.0000E+00,
14:02:53.71842052,-2.6667E-02, 1.4267E+00,-1.3333E-01,
14:02:53.71842057, 1.3333E-02, 1.4133E+00, 1.3333E-01,
14:02:53.71842062,-1.3333E-02, 1.4267E+00,-1.3333E-01,
14:02:53.71842067,-1.3333E-02, 1.4533E+00,-1.3333E-01,
14:02:53.71842072, 0.0000E+00, 1.4667E+00,-2.6667E-01,
14:02:53.71842077, 0.0000E+00, 1.4267E+00, 0.0000E+00,
14:02:53.71842082, 1.3333E-02, 1.4267E+00, 1.3333E-01,
14:02:53.71842087, 1.3333E-02, 1.4267E+00, 0.0000E+00,
14:02:53.71842092, 5.3333E-02, 1.4400E+00,-2.6667E-01,
14:02:53.71842097, 0.0000E+00, 1.4533E+00, 4.0000E-01,
14:02:53.71842102, 1.3333E-02, 1.4400E+00,-1.3333E-01,
14:02:53.71842107, 1.3333E-02, 1.4400E+00,-2.6667E-01,
14:02:53.71842112, 1.3333E-02, 1.4267E+00,-1.3333E-01,
14:02:53.71842117, 1.3333E-02, 1.4267E+00,-2.6667E-01,
14:02:53.71842122, 2.6667E-02, 1.4267E+00,-1.3333E-01,
14:02:53.71842127, 1.3333E-02, 1.4400E+00,-1.3333E-01,
14:02:53.71842132, 4.0000E-02, 1.4267E+00,-1.3333E-01,
14:02:53.71842137, 1.3333E-02, 1.4400E+00,-1.3333E-01,
14:02:53.71842142, 0.0000E+00, 1.4533E+00, 0.0000E+00,
14:02:53.71842147, 0.0000E+00, 1.4400E+00, 2.6667E-01,
14:02:53.71842152, 1.3333E-02, 1.4400E+00, 2.6667E-01,
14:02:53.71842157,-1.3333E-02, 1.4267E+00,-1.3333E-01,
14:02:53.71842162, 1.3333E-02, 1.4400E+00,-1.3333E-01,
14:02:53.71842167, 1.3333E-02, 1.4267E+00,-1.3333E-01,
14:02:53.71842172, 1.3333E-02, 1.4533E+00, 0.0000E+00,
14:02:53.71842177, 0.0000E+00, 1.4400E+00,-1.3333E-01,
14:02:53.71842182,-1.3333E-02, 1.4533E+00, 1.3333E-01,
14:02:53.71842187, 1.3333E-02, 1.4267E+00, 1.3333E-01,
14:02:53.71842192, 2.6667E-02, 1.4267E+00, 0.0000E+00,
14:02:53.71842197,-2.6667E-02, 1.4267E+00,-5.3333E-01,
14:02:53.71842202, 1.3333E-02, 1.4267E+00,-5.3333E-01,
14:02:53.71842207, 1.3333E-02, 1.4400E+00, 0.0000E+00,
14:02:53.71842212, 1.3333E-02, 1.4400E+00,-1.3333E-01,
14:02:53.71842217,-1.3333E-02, 1.4533E+00,-1.3333E-01,
14:02:53.71842222, 0.0000E+00, 1.4533E+00, 0.0000E+00,
14:02:53.71842227, 0.0000E+00, 1.4267E+00,-2.6667E-01,
14:02:53.71842232, 0.0000E+00, 1.4533E+00, 0.0000E+00,
14:02:53.71842237, 2.6667E-02, 1.4133E+00,-1.3333E-01,
14:02:53.71842242, 0.0000E+00, 1.4267E+00,-1.3333E-01,
14:02:53.71842247, 0.0000E+00, 1.4400E+00, 2.6667E-01,
14:02:53.71842252,-2.6667E-02, 1.4267E+00, 2.6667E-01,
14:02:53.71842257, 2.6667E-02, 1.4267E+00,-2.6667E-01,
14:02:53.71842262, 0.0000E+00, 1.4400E+00,-1.3333E-01,
14:02:53.71842267, 1.3333E-02, 1.4267E+00,-1.3333E-01,
14:02:53.71842272, 0.0000E+00, 1.4533E+00,-1.3333E-01,
14:02:53.71842277, 2.6667E-02, 1.4267E+00, 0.0000E+00,
14:02:53.71842282, 5.3333E-02, 1.4267E+00,-2.6667E-01,
14:02:53.71842287, 0.0000E+00, 1.4533E+00, 0.0000E+00,
14:02:53.71842292,-2.6667E-02, 1.4400E+00, 1.3333E-01,
14:02:53.71842297,-1.3333E-02, 1.4400E+00,-2.6667E-01,
14:02:53.71842302,-2.6667E-02, 1.4400E+00, 0.0000E+00,
14:02:53.71842307, 1.3333E-02, 1.4400E+00,-2.6667E-01,
14:02:53.71842312, 1.3333E-02, 1.4267E+00,-2.6667E-01,
14:02:53.71842317,-1.3333E-02, 1.4533E+00, 1.3333E-01,
14:02:53.71842322, 1.3333E-02, 1.4533E+00,-2.6667E-01,
14:02:53.71842327, 5.3333E-02, 1.4267E+00,-1.3333E-01,
14:02:53.71842332, 0.0000E+00, 1.4800E+00, 0.0000E+00,
14:02:53.71842337, 4.0000E-02, 1.4267E+00, 1.3333E-01,
14:02:53.71842342, 1.3333E-02, 1.4000E+00, 0.0000E+00,
14:02:53.71842347,-1.3333E-02, 1.4000E+00, 1.3333E-01,
14:02:53.71842352, 4.0000E-02, 1.4133E+00, 0.0000E+00,
14:02:53.71842357, 2.6667E-02, 1.4400E+00,-2.6667E-01,
14:02:53.71842362, 1.3333E-02, 1.4267E+00,-1.3333E-01,
14:02:53.71842367, 2.6667E-02, 1.4267E+00,-2.6667E-01,
14:02:53.71842372,-1.3333E-02, 1.4667E+00,-1.3333E-01,
14:02:53.71842377, 2.6667E-02, 1.4400E+00, 1.3333E-01,
14:02:53.71842382, 1.3333E-02, 1.4400E+00, 1.3333E-01,
14:02:53.71842387,-1.3333E-02, 1.4667E+00,-1.3333E-01,
14:02:53.71842392,-2.6667E-02, 1.4400E+00, 0.0000E+00,
14:02:53.71842397, 1.3333E-02, 1.4267E+00, 2.6667E-01,
14:02:53.71842402,-1.3333E-02, 1.4400E+00, 0.0000E+00,
14:02:53.71842407, 1.3333E-02, 1.4533E+00, 2.6667E-01,
14:02:53.71842412, 1.3333E-02, 1.4533E+00, 0.0000E+00,
14:02:53.71842417, 2.6667E-02, 1.4133E+00,-1.3333E-01,
14:02:53.71842422, 2.6667E-02, 1.4267E+00, 0.0000E+00,
14:02:53.71842427, 1.3333E-02, 1.4267E+00,-1.3333E-01,
14:02:53.71842432, 1.3333E-02, 1.4267E+00, 0.0000E+00,
14:02:53.71842437, 0.0000E+00, 1.4533E+00, 1.3333E-01,
14:02:53.71842442,-2.6667E-02, 1.4133E+00, 0.0000E+00,
14:02:53.71842447,-2.6667E-02, 1.4267E+00, 0.0000E+00,
14:02:53.71842452, 1.3333E-02, 1.4267E+00, 0.0000E+00,
14:02:53.71842457, 2.6667E-02, 1.4267E+00, 1.3333E-01,
14:02:53.71842462, 4.0000E-02, 1.4133E+00,-1.3333E-01,
14:02:53.71842467, 0.0000E+00, 1.4533E+00, 0.0000E+00,
14:02:53.71842472, 0.0000E+00, 1.4267E+00, 0.0000E+00,
14:02:53.71842477,-2.6667E-02, 1.4267E+00,-1.3333E-01,
14:02:53.71842482, 0.0000E+00, 1.4133E+00, 0.0000E+00,
14:02:53.71842487, 0.0000E+00, 1.4933E+00,-4.0000E-01,
14:02:53.71842492,-1.3333E-02, 1.4400E+00, 0.0000E+00,
14:02:53.71842497, 0.0000E+00, 1.4267E+00,-1.3333E-01,
14:02:53.71842502, 0.0000E+00, 1.4267E+00, 0.0000E+00,
14:02:53.71842507, 5.3333E-02, 1.4533E+00,-4.0000E-01,
14:02:53.71842512, 2.6667E-02, 1.4400E+00, 0.0000E+00,
14:02:53.71842517, 1.3333E-02, 1.4267E+00, 0.0000E+00,
14:02:53.71842522, 1.3333E-02, 1.4267E+00, 1.3333E-01,
14:02:53.71842527, 0.0000E+00, 1.4133E+00,-2.6667E-01,
14:02:53.71842532, 0.0000E+00, 1.4133E+00, 0.0000E+00,
14:02:53.71842537,-4.0000E-02, 1.4267E+00, 2.6667E-01,
14:02:53.71842542,-1.3333E-02, 1.4133E+00, 1.3333E-01,
14:02:53.71842547,-1.3333E-02, 1.4400E+00,-2.6667E-01,
14:02:53.71842552, 4.0000E-02, 1.4533E+00,-1.3333E-01,
14:02:53.71842557, 4.0000E-02, 1.4267E+00,-2.6667E-01,
14:02:53.71842562, 0.0000E+00, 1.4533E+00,-1.3333E-01,
14:02:53.71842567, 0.0000E+00, 1.4400E+00, 1.3333E-01,
14:02:53.71842572, 0.0000E+00, 1.4267E+00,-1.3333E-01,
14:02:53.71842577, 0.0000E+00, 1.4267E+00, 1.3333E-01,
14:02:53.71842582,-1.3333E-02, 1.4400E+00,-2.6667E-01,
14:02:53.71842587, 1.3333E-02, 1.4267E+00,-1.3333E-01,
14:02:53.71842592, 1.3333E-02, 1.4267E+00, 0.0000E+00,
14:02:53.71842597, 1.3333E-02, 1.4533E+00, 0.0000E+00,
14:02:53.71842602, 2.6667E-02, 1.4267E+00, 1.3333E-01,
14:02:53.71842607, 1.3333E-02, 1.4400E+00,-2.6667E-01,
14:02:53.71842612, 4.0000E-02, 1.4267E+00,-1.3333E-01,
14:02:53.71842617, 5.3333E-02, 1.4400E+00, 2.6667E-01,
14:02:53.71842622, 4.0000E-02, 1.4400E+00, 2.6667E-01,
14:02:53.71842627,-1.3333E-02, 1.4267E+00, 1.3333E-01,
14:02:53.71842632, 2.6667E-02, 1.4267E+00,-1.3333E-01,
14:02:53.71842637, 0.0000E+00, 1.4267E+00, 2.6667E-01,
14:02:53.71842642, 1.3333E-02, 1.4000E+00, 2.6667E-01,
14:02:53.71842647, 1.3333E-02, 1.4133E+00, 2.6667E-01,
14:02:53.71842652, 0.0000E+00, 1.4133E+00,-1.3333E-01,
14:02:53.71842657, 2.6667E-02, 1.4267E+00,-1.3333E-01,
14:02:53.71842662, 0.0000E+00, 1.4533E+00, 1.3333E-01,
14:02:53.71842667, 1.3333E-02, 1.4533E+00,-2.6667E-01,
14:02:53.71842672, 1.3333E-02, 1.4267E+00, 0.0000E+00,
14:02:53.71842677,-2.6667E-02, 1.4400E+00, 0.0000E+00,
14:02:53.71842682, 0.0000E+00, 1.4400E+00, 0.0000E+00,
14:02:53.71842687,-1.3333E-02, 1.4400E+00, 0.0000E+00,
14:02:53.71842692, 1.3333E-02, 1.4267E+00,-1.3333E-01,
14:02:53.71842697, 2.6667E-02, 1.4133E+00, 0.0000E+00,
14:02:53.71842702, 4.0000E-02, 1.4400E+00,-2.6667E-01,
14:02:53.71842707, 2.6667E-02, 1.4267E+00,-1.3333E-01,
14:02:53.71842712, 2.6667E-02, 1.4533E+00,-1.3333E-01,
14:02:53.71842717, 0.0000E+00, 1.4267E+00, 1.3333E-01,
14:02:53.71842722, 2.6667E-02, 1.4667E+00,-1.3333E-01,
14:02:53.71842727, 1.3333E-02, 1.4267E+00, 2.6667E-01,
14:02:53.71842732,-4.0000E-02, 1.4000E+00, 0.0000E+00,
14:02:53.71842737, 1.3333E-02, 1.4400E+00,-2.6667E-01,
14:02:53.71842742, 0.0000E+00, 1.4267E+00,-4.0000E-01,
14:02:53.71842747,-1.3333E-02, 1.4533E+00, 0.0000E+00,
14:02:53.71842752, 0.0000E+00, 1.4400E+00,-1.3333E-01,
14:02:53.71842757,-2.6667E-02, 1.4400E+00,-1.3333E-01,
14:02:53.71842762,-2.6667E-02, 1.4267E+00,-4.0000E-01,
14:02:53.71842767, 1.3333E-02, 1.4267E+00, 0.0000E+00,
14:02:53.71842772, 0.0000E+00, 1.4400E+00,-1.3333E-01,
14:02:53.71842777, 1.3333E-02, 1.4267E+00,-1.3333E-01,
14:02:53.71842782, 0.0000E+00, 1.4133E+00,-2.6667E-01,
14:02:53.71842787, 1.3333E-02, 1.4267E+00,-2.6667E-01,
14:02:53.71842792,-1.3333E-02, 1.4400E+00, 0.0000E+00,
14:02:53.71842797, 4.0000E-02, 1.4400E+00, 0.0000E+00,
14:02:53.71842802, 2.6667E-02, 1.4400E+00, 1.3333E-01,
14:02:53.71842807, 0.0000E+00, 1.4133E+00, 0.0000E+00,
14:02:53.71842812, 0.0000E+00, 1.4267E+00, 0.0000E+00,
14:02:53.71842817,-1.3333E-02, 1.4267E+00, 0.0000E+00,
14:02:53.71842822, 1.3333E-02, 1.4267E+00, 1.3333E-01,
14:02:53.71842827,-2.6667E-02, 1.4400E+00, 1.3333E-01,
14:02:53.71842832, 0.0000E+00, 1.4267E+00,-4.0000E-01,
14:02:53.71842837, 0.0000E+00, 1.4533E+00, 1.3333E-01,
14:02:53.71842842, 0.0000E+00, 1.4400E+00,-2.6667E-01,
14:02:53.71842847, 1.3333E-02, 1.4267E+00,-5.3333E-01,
14:02:53.71842852, 0.0000E+00, 1.4267E+00,-1.3333E-01,
14:02:53.71842857, 1.3333E-02, 1.4400E+00, 0.0000E+00,
14:02:53.71842862, 1.3333E-02, 1.4267E+00, 1.3333E-01,
14:02:53.71842867, 2.6667E-02, 1.4267E+00, 2.6667E-01,
14:02:53.71842872,-1.3333E-02, 1.4533E+00, 0.0000E+00,
14:02:53.71842877,-1.3333E-02, 1.4267E+00, 0.0000E+00,
14:02:53.71842882, 0.0000E+00, 1.4267E+00, 1.3333E-01,
14:02:53.71842887, 0.0000E+00, 1.4267E+00, 2.6667E-01,
14:02:53.71842892, 1.3333E-02, 1.4533E+00, 1.3333E-01,
14:02:53.71842897, 1.3333E-02, 1.4267E+00,-1.3333E-01,
14:02:53.71842902, 4.0000E-02, 1.4267E+00, 0.0000E+00,
14:02:53.71842907, 0.0000E+00, 1.4533E+00, 0.0000E+00,
14:02:53.71842912, 2.6667E-02, 1.4400E+00, 1.3333E-01,
14:02:53.71842917, 0.0000E+00, 1.4533E+00,-1.3333E-01,
14:02:53.71842922,-4.0000E-02, 1.4133E+00,-1.3333E-01,
14:02:53.71842927,-1.3333E-02, 1.4267E+00, 0.0000E+00,
14:02:53.71842932, 0.0000E+00, 1.4533E+00,-1.3333E-01,
14:02:53.71842937,-1.3333E-02, 1.4400E+00, 0.0000E+00,
14:02:53.71842942, 1.3333E-02, 1.4267E+00,-2.6667E-01,
14:02:53.71842947, 1.3333E-02, 1.4267E+00,-1.3333E-01,
14:02:53.71842952, 0.0000E+00, 1.4267E+00,-1.3333E-01,
14:02:53.71842957, 0.0000E+00, 1.4800E+00,-1.3333E-01,
14:02:53.71842962, 0.0000E+00, 1.4667E+00,-1.3333E-01,
14:02:53.71842967, 0.0000E+00, 1.4267E+00,-1.3333E-01,
14:02:53.71842972,-1.3333E-02, 1.4533E+00, 2.6667E-01,
14:02:53.71842977, 0.0000E+00, 1.4267E+00, 1.3333E-01,
14:02:53.71842982, 1.3333E-02, 1.4667E+00, 0.0000E+00,
14:02:53.71842987, 5.3333E-02, 1.4533E+00, 0.0000E+00,
14:02:53.71842992,-1.3333E-02, 1.4400E+00,-2.6667E-01,
14:02:53.71842997, 1.3333E-02, 1.4267E+00,-1.3333E-01,
14:02:53.71843002, 2.6667E-02, 1.4267E+00,-1.3333E-01,
14:02:53.71843007, 0.0000E+00, 1.4667E+00, 0.0000E+00,
14:02:53.71843012,-1.3333E-02, 1.4400E+00, 0.0000E+00,
14:02:53.71843017,-2.6667E-02, 1.4267E+00,-2.6667E-01,
14:02:53.71843022, 1.3333E-02, 1.4267E+00, 1.3333E-01,
14:02:53.71843027, 0.0000E+00, 1.4400E+00, 0.0000E+00,
14:02:53.71843032,-1.3333E-02, 1.3867E+00,-1.3333E-01,
14:02:53.71843037, 2.6667E-02, 1.4400E+00, 0.0000E+00,
14:02:53.71843042, 0.0000E+00, 1.4133E+00,-2.6667E-01,
14:02:53.71843047, 1.3333E-02, 1.4267E+00, 0.0000E+00,
14:02:53.71843052,-5.3333E-02, 1.4533E+00, 0.0000E+00,
14:02:53.71843057, 2.6667E-02, 1.4267E+00, 0.0000E+00,
14:02:53.71843062,-2.6667E-02, 1.4400E+00, 0.0000E+00,
14:02:53.71843067,-1.3333E-02, 1.4400E+00, 1.3333E-01,
14:02:53.71843072, 0.0000E+00, 1.4267E+00, 0.0000E+00,
14:02:53.71843077, 2.6667E-02, 1.4267E+00, 0.0000E+00,
14:02:53.71843082, 1.3333E-02, 1.4400E+00, 0.0000E+00,
14:02:53.71843087, 1.3333E-02, 1.4267E+00,-6.6667E-01,
14:02:53.71843092, 1.3333E-02, 1.4267E+00, 0.0000E+00,
14:02:53.71843097, 1.3333E-02, 1.4400E+00,-2.6667E-01,
14:02:53.71843102,-1.3333E-02, 1.4400E+00,-1.3333E-01,
14:02:53.71843107, 1.3333E-02, 1.4267E+00,-5.3333E-01,
14:02:53.71843112,-2.6667E-02, 1.4400E+00, 5.3333E-01,
14:02:53.71843117, 0.0000E+00, 1.4267E+00,-1.3333E-01,
14:02:53.71843122, 0.0000E+00, 1.4400E+00, 0.0000E+00,
14:02:53.71843127, 1.3333E-02, 1.4267E+00,-1.3333E-01,
14:02:53.71843132,-2.6667E-02, 1.4667E+00, 1.3333E-01,
14:02:53.71843137, 1.3333E-02, 1.4133E+00,-1.3333E-01,
14:02:53.71843142, 4.0000E-02, 1.4267E+00,-2.6667E-01,
14:02:53.71843147, 1.3333E-02, 1.4267E+00,-1.3333E-01,
14:02:53.71843152, 1.3333E-02, 1.4400E+00, 0.0000E+00,
14:02:53.71843157,-2.6667E-02, 1.4533E+00, 2.6667E-01,
14:02:53.71843162,-1.3333E-02, 1.4267E+00,-1.3333E-01,
14:02:53.71843167, 1.3333E-02, 1.4267E+00, 0.0000E+00,
14:02:53.71843172, 2.6667E-02, 1.4267E+00,-2.6667E-01,
14:02:53.71843177, 0.0000E+00, 1.4533E+00,-1.3333E-01,
14:02:53.71843182,-1.3333E-02, 1.4267E+00,-1.3333E-01,
14:02:53.71843187, 1.3333E-02, 1.4267E+00,-4.0000E-01,
14:02:53.71843192, 2.6667E-02, 1.4400E+00,-4.0000E-01,
14:02:53.71843197, 4.0000E-02, 1.4400E+00, 0.0000E+00,
14:02:53.71843202, 0.0000E+00, 1.4400E+00, 0.0000E+00,
14:02:53.71843207, 1.3333E-02, 1.4667E+00, 0.0000E+00,
14:02:53.71843212,-2.6667E-02, 1.4400E+00,-1.3333E-01,
14:02:53.71843217, 5.3333E-02, 1.4267E+00, 0.0000E+00,
14:02:53.71843222, 0.0000E+00, 1.4267E+00,-2.6667E-01,
14:02:53.71843227, 0.0000E+00, 1.4400E+00, 1.3333E-01,
14:02:53.71843232, 1.3333E-02, 1.4267E+00, 0.0000E+00,
14:02:53.71843237, 1.3333E-02, 1.4267E+00, 0.0000E+00,
14:02:53.71843242, 0.0000E+00, 1.4267E+00,-1.3333E-01,
14:02:53.71843247, 0.0000E+00, 1.4267E+00, 0.0000E+00,
14:02:53.71843252, 0.0000E+00, 1.4267E+00, 0.0000E+00,
14:02:53.71843257, 0.0000E+00, 1.4267E+00, 2.6667E-01,
14:02:53.71843262, 0.0000E+00, 1.4267E+00, 1.3333E-01,
14:02:53.71843267, 0.0000E+00, 1.4400E+00,-4.0000E-01,
14:02:53.71843272, 1.3333E-02, 1.4533E+00,-1.3333E-01,
14:02:53.71843277, 2.6667E-02, 1.4267E+00,-1.3333E-01,
14:02:53.71843282, 2.6667E-02, 1.4133E+00, 0.0000E+00,
14:02:53.71843287, 2.6667E-02, 1.4400E+00, 1.3333E-01,
14:02:53.71843292, 2.6667E-02, 1.4267E+00,-1.3333E-01,
14:02:53.71843297, 0.0000E+00, 1.4267E+00, 1.3333E-01,
14:02:53.71843302,-1.3333E-02, 1.4267E+00,-1.3333E-01,
14:02:53.71843307, 0.0000E+00, 1.4400E+00,-1.3333E-01,
14:02:53.71843312, 1.3333E-02, 1.4267E+00, 0.0000E+00,
14:02:53.71843317, 1.3333E-02, 1.4400E+00, 2.6667E-01,
14:02:53.71843322, 0.0000E+00, 1.4267E+00,-2.6667E-01,
14:02:53.71843327, 0.0000E+00, 1.4267E+00, 0.0000E+00,
14:02:53.71843332, 2.6667E-02, 1.4400E+00,-2.6667E-01,
14:02:53.71843337, 1.3333E-02, 1.4267E+00,-2.6667E-01,
14:02:53.71843342, 0.0000E+00, 1.4267E+00,-2.6667E-01,
14:02:53.71843347, 2.6667E-02, 1.4400E+00, 2.6667E-01,
14:02:53.71843352,-1.3333E-02, 1.4400E+00, 2.6667E-01,
14:02:53.71843357, 0.0000E+00, 1.4533E+00,-1.3333E-01,
14:02:53.71843362, 1.3333E-02, 1.4533E+00,-1.3333E-01,
14:02:53.71843367, 2.6667E-02, 1.4400E+00, 0.0000E+00,
14:02:53.71843372,-1.3333E-02, 1.4267E+00,-1.3333E-01,
14:02:53.71843377, 4.0000E-02, 1.4400E+00,-1.3333E-01,
14:02:53.71843382, 2.6667E-02, 1.4533E+00,-1.3333E-01,
14:02:53.71843387, 2.6667E-02, 1.4400E+00, 1.3333E-01,
14:02:53.71843392, 2.6667E-02, 1.4533E+00, 0.0000E+00,
14:02:53.71843397, 2.0000E-01, 1.4400E+00, 1.3333E-01,
14:02:53.71843402, 1.0933E+00, 1.4533E+00,-1.3333E-01,
14:02:53.71843407, 2.2800E+00, 1.1467E+00,-2.6667E-01,
14:02:53.71843412, 3.1733E+00, 6.8000E-01,-2.6667E-01,
14:02:53.71843417, 3.7600E+00, 6.1333E-01, 0.0000E+00,
14:02:53.71843422, 4.0533E+00, 6.1333E-01,-1.3333E-01,
14:02:53.71843427, 4.1867E+00, 6.2667E-01,-1.3333E-01,
14:02:53.71843432, 4.1733E+00, 6.1333E-01, 0.0000E+00,
14:02:53.71843437, 4.1600E+00, 6.1333E-01, 2.6667E-01,
14:02:53.71843442, 4.1467E+00, 6.1333E-01, 4.0000E-01,
14:02:53.71843447, 4.0933E+00, 6.1333E-01, 9.3333E-01,
14:02:53.71843452, 4.0667E+00, 6.1333E-01, 5.3333E-01,
14:02:53.71843457, 4.0933E+00, 6.4000E-01, 6.6667E-01,
14:02:53.71843462, 4.0667E+00, 6.5333E-01, 4.0000E-01,
14:02:53.71843467, 4.0533E+00, 6.2667E-01, 6.6667E-01,
14:02:53.71843472, 4.0400E+00, 6.2667E-01, 9.3333E-01,
14:02:53.71843477, 4.0267E+00, 6.4000E-01, 1.0667E+00,
14:02:53.71843482, 4.0133E+00, 6.4000E-01, 1.2000E+00,
14:02:53.71843487, 3.9600E+00, 6.4000E-01, 1.0667E+00,
14:02:53.71843492, 3.9733E+00, 6.5333E-01, 1.4667E+00,
14:02:53.71843497, 3.9600E+00, 6.1333E-01, 1.4667E+00,
14:02:53.71843502, 3.9867E+00, 6.4000E-01, 1.7333E+00,
14:02:53.71843507, 4.0133E+00, 6.8000E-01, 1.8667E+00,
14:02:53.71843512, 3.9600E+00, 6.2667E-01, 2.2667E+00,
14:02:53.71843517, 3.9467E+00, 6.2667E-01, 2.1333E+00,
14:02:53.71843522, 3.9600E+00, 6.2667E-01, 2.1333E+00,
14:02:53.71843527, 3.9467E+00, 6.1333E-01, 2.5333E+00,
14:02:53.71843532, 3.9067E+00, 6.2667E-01, 2.6667E+00,
14:02:53.71843537, 3.9333E+00, 6.2667E-01, 2.4000E+00,
14:02:53.71843542, 3.8933E+00, 6.4000E-01, 2.6667E+00,
14:02:53.71843547, 3.8933E+00, 6.4000E-01, 2.9333E+00,
14:02:53.71843552, 3.9067E+00, 6.4000E-01, 3.2000E+00,
14:02:53.71843557, 3.8933E+00, 6.0000E-01, 3.4667E+00,
14:02:53.71843562, 3.8800E+00, 6.1333E-01, 3.6000E+00,
14:02:53.71843567, 3.9067E+00, 6.0000E-01, 3.6000E+00,
14:02:53.71843572, 3.9067E+00, 6.1333E-01, 3.6000E+00,
14:02:53.71843577, 3.9200E+00, 6.1333E-01, 4.0000E+00,
14:02:53.71843582, 3.9067E+00, 6.0000E-01, 4.1333E+00,
14:02:53.71843587, 3.8933E+00, 6.1333E-01, 4.4000E+00,
14:02:53.71843592, 3.9467E+00, 6.0000E-01, 4.6667E+00,
14:02:53.71843597, 3.9333E+00, 5.8667E-01, 4.5333E+00,
14:02:53.71843602, 3.9333E+00, 5.7333E-01, 4.6667E+00,
14:02:53.71843607, 3.9067E+00, 5.4667E-01, 4.9333E+00,
14:02:53.71843612, 3.9467E+00, 5.8667E-01, 5.0667E+00,
14:02:53.71843617, 3.9867E+00, 5.3333E-01, 5.2000E+00,
14:02:53.71843622, 3.9733E+00, 5.4667E-01, 5.4667E+00,
14:02:53.71843627, 3.9600E+00, 5.6000E-01, 5.4667E+00,
14:02:53.71843632, 3.9600E+00, 5.3333E-01, 5.7333E+00,
14:02:53.71843637, 3.9600E+00, 5.2000E-01, 6.0000E+00,
14:02:53.71843642, 3.9733E+00, 5.0667E-01, 5.7333E+00,
14:02:53.71843647, 3.9600E+00, 5.3333E-01, 6.1333E+00,
14:02:53.71843652, 3.9733E+00, 4.9333E-01, 6.1333E+00,
14:02:53.71843657, 3.9600E+00, 5.0667E-01, 6.6667E+00,
14:02:53.71843662, 4.0000E+00, 5.0667E-01, 6.6667E+00,
14:02:53.71843667, 3.9733E+00, 4.8000E-01, 6.4000E+00,
14:02:53.71843672, 4.0133E+00, 5.0667E-01, 6.9333E+00,
14:02:53.71843677, 4.0000E+00, 4.8000E-01, 6.8000E+00,
14:02:53.71843682, 3.9733E+00, 4.8000E-01, 7.0667E+00,
14:02:53.71843687, 3.9600E+00, 4.8000E-01, 7.2000E+00,
14:02:53.71843692, 3.9733E+00, 4.9333E-01, 7.4667E+00,
14:02:53.71843697, 3.9467E+00, 4.8000E-01, 8.1333E+00,
14:02:53.71843702, 3.9600E+00, 4.6667E-01, 7.8667E+00,
14:02:53.71843707, 3.9600E+00, 4.8000E-01, 8.0000E+00,
14:02:53.71843712, 3.9867E+00, 4.8000E-01, 8.4000E+00,
14:02:53.71843717, 3.9733E+00, 4.4000E-01, 8.4000E+00,
14:02:53.71843722, 3.9867E+00, 4.6667E-01, 8.4000E+00,
14:02:53.71843727, 3.9600E+00, 4.4000E-01, 8.6667E+00,
14:02:53.71843732, 3.9733E+00, 4.6667E-01, 8.9333E+00,
14:02:53.71843737, 3.9600E+00, 4.5333E-01, 9.2000E+00,
14:02:53.71843742, 3.9867E+00, 4.6667E-01, 9.4667E+00,
14:02:53.71843747, 4.0133E+00, 4.4000E-01, 9.6000E+00,
14:02:53.71843752, 3.9867E+00, 4.1333E-01, 9.7333E+00,
14:02:53.71843757, 4.0000E+00, 4.0000E-01, 1.0133E+01,
14:02:53.71843762, 4.0000E+00, 4.2667E-01, 1.0000E+01,
14:02:53.71843767, 4.0133E+00, 4.1333E-01, 1.0267E+01,
14:02:53.71843772, 4.0267E+00, 4.1333E-01, 1.0533E+01,
14:02:53.71843777, 3.9733E+00, 4.0000E-01, 1.0667E+01,
14:02:53.71843782, 3.9467E+00, 3.8667E-01, 1.1067E+01,
14:02:53.71843787, 4.0133E+00, 4.4000E-01, 1.1067E+01,
14:02:53.71843792, 4.0267E+00, 4.2667E-01, 1.1467E+01,
14:02:53.71843797, 4.0000E+00, 4.1333E-01, 1.1333E+01,
14:02:53.71843802, 4.0133E+00, 3.8667E-01, 1.1600E+01,
14:02:53.71843807, 4.0267E+00, 3.8667E-01, 1.1600E+01,
14:02:53.71843812, 3.9467E+00, 3.7333E-01, 1.1867E+01,
14:02:53.71843817, 4.0000E+00, 4.1333E-01, 1.2000E+01,
14:02:53.71843822, 3.9867E+00, 4.0000E-01, 1.2133E+01,
14:02:53.71843827, 3.9600E+00, 4.0000E-01, 1.2667E+01,
14:02:53.71843832, 3.9600E+00, 3.6000E-01, 1.2667E+01,
14:02:53.71843837, 4.0000E+00, 4.0000E-01, 1.2800E+01,
14:02:53.71843842, 4.0000E+00, 4.0000E-01, 1.3200E+01,
14:02:53.71843847, 3.9733E+00, 4.1333E-01, 1.3067E+01,
14:02:53.71843852, 4.0133E+00, 3.7333E-01, 1.3467E+01,
14:02:53.71843857, 4.0000E+00, 3.8667E-01, 1.3600E+01,
14:02:53.71843862, 3.9867E+00, 3.7333E-01, 1.4000E+01,
14:02:53.71843867, 4.0000E+00, 3.6000E-01, 1.4400E+01,
14:02:53.71843872, 4.0000E+00, 3.6000E-01, 1.4133E+01,
14:02:53.71843877, 3.9467E+00, 3.8667E-01, 1.4400E+01,
14:02:53.71843882, 3.9600E+00, 3.4667E-01, 1.4533E+01,
14:02:53.71843887, 3.9867E+00, 3.6000E-01, 1.4800E+01,
14:02:53.71843892, 3.9867E+00, 3.7333E-01, 1.5200E+01,
14:02:53.71843897, 4.0000E+00, 3.7333E-01, 1.5200E+01,
14:02:53.71843902, 3.9867E+00, 3.3333E-01, 1.5200E+01,
14:02:53.71843907, 4.0267E+00, 3.7333E-01, 1.5600E+01,
14:02:53.71843912, 4.0000E+00, 3.3333E-01, 1.5733E+01,
14:02:53.71843917, 4.0000E+00, 3.6000E-01, 1.5733E+01,
14:02:53.71843922, 4.0000E+00, 3.4667E-01, 1.6000E+01,
14:02:53.71843927, 3.9600E+00, 3.6000E-01, 1.6267E+01,
14:02:53.71843932, 3.9867E+00, 3.4667E-01, 1.6533E+01,
14:02:53.71843937, 3.9733E+00, 3.4667E-01, 1.6800E+01,
14:02:53.71843942, 4.0133E+00, 3.4667E-01, 1.6800E+01,
14:02:53.71843947, 4.0267E+00, 3.6000E-01, 1.6933E+01,
14:02:53.71843952, 4.0000E+00, 3.6000E-01, 1.7067E+01,
14:02:53.71843957, 4.0400E+00, 3.4667E-01, 1.7600E+01,
14:02:53.71843962, 4.0000E+00, 3.4667E-01, 1.7200E+01,
14:02:53.71843967, 4.0133E+00, 3.7333E-01, 1.7733E+01,
14:02:53.71843972, 4.0133E+00, 3.6000E-01, 1.8133E+01,
14:02:53.71843977, 4.0000E+00, 3.4667E-01, 1.8400E+01,
14:02:53.71843982, 4.0133E+00, 3.3333E-01, 1.8133E+01,
14:02:53.71843987, 4.0267E+00, 3.3333E-01, 1.8533E+01,
14:02:53.71843992, 3.9867E+00, 3.4667E-01, 1.8800E+01,
14:02:53.71843997, 3.9733E+00, 3.4667E-01, 1.9200E+01,
14:02:53.71844002, 4.0400E+00, 3.6000E-01, 1.9333E+01,
14:02:53.71844007, 4.0000E+00, 3.3333E-01, 1.8933E+01,
14:02:53.71844012, 4.0133E+00, 3.6000E-01, 1.9333E+01,
14:02:53.71844017, 3.9867E+00, 3.4667E-01, 1.9600E+01,
14:02:53.71844022, 3.9867E+00, 3.8667E-01, 1.9733E+01,
14:02:53.71844027, 3.9867E+00, 3.6000E-01, 1.9867E+01,
14:02:53.71844032, 3.9867E+00, 3.7333E-01, 2.0400E+01,
14:02:53.71844037, 4.0267E+00, 3.3333E-01, 2.0267E+01,
14:02:53.71844042, 4.0000E+00, 3.4667E-01, 2.0800E+01,
14:02:53.71844047, 4.0133E+00, 3.6000E-01, 2.0933E+01,
14:02:53.71844052, 4.0267E+00, 3.4667E-01, 2.1067E+01,
14:02:53.71844057, 4.0133E+00, 3.4667E-01, 2.0667E+01,
14:02:53.71844062, 3.9867E+00, 3.4667E-01, 2.1200E+01,
14:02:53.71844067, 4.0000E+00, 3.6000E-01, 2.1467E+01,
14:02:53.71844072, 3.9867E+00, 3.4667E-01, 2.1333E+01,
14:02:53.71844077, 3.9867E+00, 3.4667E-01, 2.1867E+01,
14:02:53.71844082, 4.0267E+00, 3.3333E-01, 2.2133E+01,
14:02:53.71844087, 4.0133E+00, 3.6000E-01, 2.2400E+01,
14:02:53.71844092, 3.9867E+00, 3.6000E-01, 2.2667E+01,
14:02:53.71844097, 4.0400E+00, 3.7333E-01, 2.2667E+01,
14:02:53.71844102, 4.0133E+00, 3.4667E-01, 2.2933E+01,
14:02:53.71844107, 3.9733E+00, 3.4667E-01, 2.2933E+01,
14:02:53.71844112, 4.0000E+00, 3.4667E-01, 2.3467E+01,
14:02:53.71844117, 4.0000E+00, 3.7333E-01, 2.3467E+01,
14:02:53.71844122, 4.0000E+00, 3.7333E-01, 2.3600E+01,
14:02:53.71844127, 4.0133E+00, 3.6000E-01, 2.3867E+01,
14:02:53.71844132, 4.0267E+00, 3.6000E-01, 2.3867E+01,
14:02:53.71844137, 4.0400E+00, 3.6000E-01, 2.4133E+01,
14:02:53.71844142, 4.0000E+00, 3.4667E-01, 2.4267E+01,
14:02:53.71844147, 4.0000E+00, 3.6000E-01, 2.4400E+01,
14:02:53.71844152, 4.0267E+00, 3.8667E-01, 2.4400E+01,
14:02:53.71844157, 3.9867E+00, 3.8667E-01, 2.4533E+01,
14:02:53.71844162, 4.0000E+00, 3.7333E-01, 2.4800E+01,
14:02:53.71844167, 3.9733E+00, 3.6000E-01, 2.5200E+01,
14:02:53.71844172, 3.9867E+00, 3.8667E-01, 2.4933E+01,
14:02:53.71844177, 3.9867E+00, 3.6000E-01, 2.5733E+01,
14:02:53.71844182, 4.0000E+00, 3.8667E-01, 2.5467E+01,
14:02:53.71844187, 4.0000E+00, 3.8667E-01, 2.5733E+01,
14:02:53.71844192, 4.0000E+00, 3.8667E-01, 2.6000E+01,
14:02:53.71844197, 4.0133E+00, 3.6000E-01, 2.6000E+01,
14:02:53.71844202, 4.0267E+00, 3.7333E-01, 2.6400E+01,
14:02:53.71844207, 3.9867E+00, 3.7333E-01, 2.6400E+01,
14:02:53.71844212, 4.0000E+00, 3.7333E-01, 2.6667E+01,
14:02:53.71844217, 3.9867E+00, 4.0000E-01, 2.6667E+01,
14:02:53.71844222, 4.0000E+00, 3.8667E-01, 2.6800E+01,
14:02:53.71844227, 4.0267E+00, 4.2667E-01, 2.7067E+01,
14:02:53.71844232, 4.0400E+00, 4.0000E-01, 2.7333E+01,
14:02:53.71844237, 4.0000E+00, 4.2667E-01, 2.7600E+01,
14:02:53.71844242, 4.0267E+00, 4.0000E-01, 2.7600E+01,
14:02:53.71844247, 4.0000E+00, 4.0000E-01, 2.7733E+01,
14:02:53.71844252, 4.0267E+00, 4.0000E-01, 2.7733E+01,
14:02:53.71844257, 4.0000E+00, 3.8667E-01, 2.7600E+01,
14:02:53.71844262, 4.0133E+00, 4.4000E-01, 2.8267E+01,
14:02:53.71844267, 3.9600E+00, 4.4000E-01, 2.8267E+01,
14:02:53.71844272, 4.0133E+00, 4.2667E-01, 2.8533E+01,
14:02:53.71844277, 3.9867E+00, 4.1333E-01, 2.8800E+01,
14:02:53.71844282, 4.0133E+00, 4.1333E-01, 2.9200E+01,
14:02:53.71844287, 4.0267E+00, 4.0000E-01, 2.9200E+01,
14:02:53.71844292, 4.0133E+00, 4.0000E-01, 2.9467E+01,
14:02:53.71844297, 4.0000E+00, 4.1333E-01, 2.9333E+01,
14:02:53.71844302, 4.0133E+00, 4.1333E-01, 2.9467E+01,
14:02:53.71844307, 4.0000E+00, 4.1333E-01, 2.9467E+01,
14:02:53.71844312, 3.9733E+00, 4.4000E-01, 2.9733E+01,
14:02:53.71844317, 3.9733E+00, 4.2667E-01, 3.0133E+01,
14:02:53.71844322, 3.9600E+00, 4.4000E-01, 3.0133E+01,
14:02:53.71844327, 4.0000E+00, 4.5333E-01, 3.0400E+01,
14:02:53.71844332, 3.9867E+00, 4.1333E-01, 3.0533E+01,
14:02:53.71844337, 4.0133E+00, 4.5333E-01, 3.0800E+01,
14:02:53.71844342, 4.0267E+00, 4.1333E-01, 3.0800E+01,
14:02:53.71844347, 4.0400E+00, 4.5333E-01, 3.0933E+01,
14:02:53.71844352, 3.9867E+00, 4.5333E-01, 3.1067E+01,
14:02:53.71844357, 3.9600E+00, 4.5333E-01, 3.1067E+01,
14:02:53.71844362, 4.0133E+00, 4.4000E-01, 3.1333E+01,
14:02:53.71844367, 3.9867E+00, 4.6667E-01, 3.1467E+01,
14:02:53.71844372, 4.0000E+00, 4.2667E-01, 3.1333E+01,
14:02:53.71844377, 4.0267E+00, 4.4000E-01, 3.2000E+01,
14:02:53.71844382, 4.0267E+00, 4.6667E-01, 3.1600E+01,
14:02:53.71844387, 4.0400E+00, 4.5333E-01, 3.2400E+01,
14:02:53.71844392, 4.0000E+00, 4.8000E-01, 3.2133E+01,
14:02:53.71844397, 4.0267E+00, 4.8000E-01, 3.2267E+01,
14:02:53.71844402, 4.0000E+00, 4.8000E-01, 3.2400E+01,
14:02:53.71844407, 3.9733E+00, 4.5333E-01, 3.2933E+01,
14:02:53.71844412, 3.9867E+00, 4.5333E-01, 3.2667E+01,
14:02:53.71844417, 4.0267E+00, 4.9333E-01, 3.2800E+01,
14:02:53.71844422, 4.0000E+00, 4.8000E-01, 3.3067E+01,
14:02:53.71844427, 4.0000E+00, 4.8000E-01, 3.3333E+01,
14:02:53.71844432, 4.0267E+00, 5.0667E-01, 3.3600E+01,
14:02:53.71844437, 4.0267E+00, 5.2000E-01, 3.3600E+01,
14:02:53.71844442, 4.0000E+00, 4.8000E-01, 3.3600E+01,
14:02:53.71844447, 3.9733E+00, 4.9333E-01, 3.3600E+01,
14:02:53.71844452, 4.0133E+00, 4.8000E-01, 3.4000E+01,
14:02:53.71844457, 3.9867E+00, 4.9333E-01, 3.4400E+01,
14:02:53.71844462, 4.0133E+00, 4.8000E-01, 3.4267E+01,
14:02:53.71844467, 4.0000E+00, 5.0667E-01, 3.4400E+01,
14:02:53.71844472, 4.0000E+00, 5.2000E-01, 3.4533E+01,
14:02:53.71844477, 4.0133E+00, 4.8000E-01, 3.4533E+01,
14:02:53.71844482, 4.0400E+00, 4.9333E-01, 3.4933E+01,
14:02:53.71844487, 4.0267E+00, 4.8000E-01, 3.4933E+01,
14:02:53.71844492, 3.9867E+00, 5.0667E-01, 3.5200E+01,
14:02:53.71844497, 4.0133E+00, 5.2000E-01, 3.5467E+01,
14:02:53.71844502, 4.0133E+00, 5.2000E-01, 3.5067E+01,
14:02:53.71844507, 3.9733E+00, 5.3333E-01, 3.5600E+01,
14:02:53.71844512, 4.0000E+00, 5.2000E-01, 3.5733E+01,
14:02:53.71844517, 4.0000E+00, 5.0667E-01, 3.5467E+01,
14:02:53.71844522, 3.9867E+00, 5.0667E-01, 3.6267E+01,
14:02:53.71844527, 4.0267E+00, 5.3333E-01, 3.6133E+01,
14:02:53.71844532, 4.0267E+00, 5.4667E-01, 3.6400E+01,
14:02:53.71844537, 4.0133E+00, 5.0667E-01, 3.6400E+01,
14:02:53.71844542, 4.0133E+00, 5.3333E-01, 3.6400E+01,
14:02:53.71844547, 3.9867E+00, 5.3333E-01, 3.6400E+01,
14:02:53.71844552, 4.0000E+00, 5.2000E-01, 3.6933E+01,
14:02:53.71844557, 4.0133E+00, 5.3333E-01, 3.6800E+01,
14:02:53.71844562, 3.9867E+00, 5.3333E-01, 3.7067E+01,
14:02:53.71844567, 3.9867E+00, 5.6000E-01, 3.7600E+01,
14:02:53.71844572, 4.0000E+00, 5.4667E-01, 3.7467E+01,
14:02:53.71844577, 3.9867E+00, 5.3333E-01, 3.7333E+01,
14:02:53.71844582, 4.0133E+00, 5.4667E-01, 3.7600E+01,
14:02:53.71844587, 3.9867E+00, 5.6000E-01, 3.7600E+01,
14:02:53.71844592, 3.9733E+00, 5.6000E-01, 3.7867E+01,
14:02:53.71844597, 3.9733E+00, 5.7333E-01, 3.7867E+01,
14:02:53.71844602, 3.9867E+00, 5.4667E-01, 3.8000E+01,
14:02:53.71844607, 3.9867E+00, 5.4667E-01, 3.8133E+01,
14:02:53.71844612, 3.9867E+00, 5.4667E-01, 3.8133E+01,
14:02:53.71844617, 3.9867E+00, 5.7333E-01, 3.8400E+01,
14:02:53.71844622, 3.9867E+00, 5.7333E-01, 3.8533E+01,
14:02:53.71844627, 4.0267E+00, 5.6000E-01, 3.8800E+01,
14:02:53.71844632, 4.0000E+00, 5.7333E-01, 3.8667E+01,
14:02:53.71844637, 3.9733E+00, 5.8667E-01, 3.9067E+01,
14:02:53.71844642, 3.9733E+00, 6.1333E-01, 3.8933E+01,
14:02:53.71844647, 3.9733E+00, 5.8667E-01, 3.9067E+01,
14:02:53.71844652, 3.9733E+00, 5.7333E-01, 3.9067E+01,
14:02:53.71844657, 4.0133E+00, 5.8667E-01, 3.9333E+01,
14:02:53.71844662, 4.0000E+00, 6.1333E-01, 3.9467E+01,
14:02:53.71844667, 4.0267E+00, 5.7333E-01, 3.9733E+01,
14:02:53.71844672, 3.9867E+00, 6.1333E-01, 3.9600E+01,
14:02:53.71844677, 4.0000E+00, 6.0000E-01, 4.0133E+01,
14:02:53.71844682, 4.0267E+00, 6.1333E-01, 4.0133E+01,
14:02:53.71844687, 3.9867E+00, 6.1333E-01, 4.0133E+01,
14:02:53.71844692, 3.9733E+00, 6.1333E-01, 4.0267E+01,
14:02:53.71844697, 4.0000E+00, 6.0000E-01, 4.0133E+01,
14:02:53.71844702, 3.9867E+00, 6.1333E-01, 4.0400E+01,
14:02:53.71844707, 4.0133E+00, 6.1333E-01, 4.0400E+01,
14:02:53.71844712, 4.0000E+00, 6.1333E-01, 4.0533E+01,
14:02:53.71844717, 4.0400E+00, 6.1333E-01, 4.0800E+01,
14:02:53.71844722, 4.0000E+00, 6.1333E-01, 4.0800E+01,
14:02:53.71844727, 4.0267E+00, 6.1333E-01, 4.1200E+01,
14:02:53.71844732, 3.9733E+00, 6.1333E-01, 4.1200E+01,
14:02:53.71844737, 3.9733E+00, 6.1333E-01, 4.1467E+01,
14:02:53.71844742, 3.9867E+00, 6.1333E-01, 4.1600E+01,
14:02:53.71844747, 3.9733E+00, 6.1333E-01, 4.1200E+01,
14:02:53.71844752, 4.0133E+00, 6.2667E-01, 4.1733E+01,
14:02:53.71844757, 4.0400E+00, 6.0000E-01, 4.1867E+01,
14:02:53.71844762, 4.0000E+00, 6.4000E-01, 4.1733E+01,
14:02:53.71844767, 4.0400E+00, 6.1333E-01, 4.1867E+01,
14:02:53.71844772, 4.0400E+00, 6.1333E-01, 4.1867E+01,
14:02:53.71844777, 4.0000E+00, 6.5333E-01, 4.2267E+01,
14:02:53.71844782, 3.9867E+00, 6.4000E-01, 4.2267E+01,
14:02:53.71844787, 3.9867E+00, 6.5333E-01, 4.2400E+01,
14:02:53.71844792, 3.9733E+00, 6.5333E-01, 4.2400E+01,
14:02:53.71844797, 4.0267E+00, 6.2667E-01, 4.2667E+01,
14:02:53.71844802, 4.0000E+00, 6.5333E-01, 4.3067E+01,
14:02:53.71844807, 4.0133E+00, 6.5333E-01, 4.2800E+01,
14:02:53.71844812, 4.0000E+00, 6.5333E-01, 4.3067E+01,
14:02:53.71844817, 4.0267E+00, 6.4000E-01, 4.3067E+01,
14:02:53.71844822, 4.0133E+00, 6.6667E-01, 4.3467E+01,
14:02:53.71844827, 4.0133E+00, 6.6667E-01, 4.3200E+01,
14:02:53.71844832, 4.0000E+00, 6.9333E-01, 4.3333E+01,
14:02:53.71844837, 4.0000E+00, 6.6667E-01, 4.3467E+01,
14:02:53.71844842, 4.0000E+00, 6.5333E-01, 4.3467E+01,
14:02:53.71844847, 4.0133E+00, 6.5333E-01, 4.3733E+01,
14:02:53.71844852, 4.0133E+00, 6.8000E-01, 4.3867E+01,
14:02:53.71844857, 4.0133E+00, 6.6667E-01, 4.4000E+01,
14:02:53.71844862, 4.0267E+00, 6.6667E-01, 4.4400E+01,
14:02:53.71844867, 3.9867E+00, 7.0667E-01, 4.4267E+01,
14:02:53.71844872, 3.9867E+00, 6.9333E-01, 4.4533E+01,
14:02:53.71844877, 3.9733E+00, 7.0667E-01, 4.4533E+01,
14:02:53.71844882, 4.0000E+00, 6.6667E-01, 4.4667E+01,
14:02:53.71844887, 3.9600E+00, 6.8000E-01, 4.4267E+01,
14:02:53.71844892, 4.0000E+00, 6.9333E-01, 4.4667E+01,
14:02:53.71844897, 4.0000E+00, 7.0667E-01, 4.4533E+01,
14:02:53.71844902, 4.0133E+00, 6.6667E-01, 4.4533E+01,
14:02:53.71844907, 4.0000E+00, 6.8000E-01, 4.4667E+01,
14:02:53.71844912, 4.0267E+00, 6.8000E-01, 4.4933E+01,
14:02:53.71844917, 3.9867E+00, 6.9333E-01, 4.5067E+01,
14:02:53.71844922, 4.0133E+00, 6.9333E-01, 4.5333E+01,
14:02:53.71844927, 3.9867E+00, 7.0667E-01, 4.5733E+01,
14:02:53.71844932, 3.9867E+00, 6.6667E-01, 4.5467E+01,
14:02:53.71844937, 4.0133E+00, 7.0667E-01, 4.5467E+01,
14:02:53.71844942, 4.0000E+00, 7.2000E-01, 4.5600E+01,
14:02:53.71844947, 4.0000E+00, 6.8000E-01, 4.5867E+01,
14:02:53.71844952, 3.9733E+00, 7.0667E-01, 4.5600E+01,
14:02:53.71844957, 4.0267E+00, 7.2000E-01, 4.5733E+01,
14:02:53.71844962, 4.0000E+00, 7.0667E-01, 4.6400E+01,
14:02:53.71844967, 4.0133E+00, 7.2000E-01, 4.6000E+01,
14:02:53.71844972, 4.0267E+00, 7.0667E-01, 4.6133E+01,
14:02:53.71844977, 3.9867E+00, 7.2000E-01, 4.6000E+01,
14:02:53.71844982, 4.0000E+00, 7.3333E-01, 4.6800E+01,
14:02:53.71844987, 3.9733E+00, 7.2000E-01, 4.6400E+01,
14:02:53.71844992, 3.9867E+00, 7.4667E-01, 4.6667E+01,
14:02:53.71844997, 4.0133E+00, 7.3333E-01, 4.6533E+01,
14:02:53.71845002, 3.9733E+00, 7.4667E-01, 4.7067E+01,
14:02:53.71845007, 4.0267E+00, 7.4667E-01, 4.7067E+01,
14:02:53.71845012, 4.0133E+00, 7.4667E-01, 4.7067E+01,
14:02:53.71845017, 4.0267E+00, 7.4667E-01, 4.7200E+01,
14:02:53.71845022, 3.9867E+00, 7.3333E-01, 4.7333E+01,
14:02:53.71845027, 4.0000E+00, 7.4667E-01, 4.7200E+01,
14:02:53.71845032, 4.0133E+00, 7.2000E-01, 4.7200E+01,
14:02:53.71845037, 3.9733E+00, 7.3333E-01, 4.7600E+01,
14:02:53.71845042, 4.0000E+00, 7.4667E-01, 4.7200E+01,
14:02:53.71845047, 3.9867E+00, 7.3333E-01, 4.8000E+01,
14:02:53.71845052, 3.9867E+00, 7.6000E-01, 4.7867E+01,
14:02:53.71845057, 4.0133E+00, 7.4667E-01, 4.8000E+01,
14:02:53.71845062, 4.0267E+00, 7.4667E-01, 4.7867E+01,
14:02:53.71845067, 4.0133E+00, 7.6000E-01, 4.8000E+01,
14:02:53.71845072, 3.9867E+00, 7.4667E-01, 4.8000E+01,
14:02:53.71845077, 3.9733E+00, 7.7333E-01, 4.8267E+01,
14:02:53.71845082, 4.0000E+00, 7.6000E-01, 4.8400E+01,
14:02:53.71845087, 4.0000E+00, 7.4667E-01, 4.8667E+01,
14:02:53.71845092, 4.0000E+00, 7.4667E-01, 4.8400E+01,
14:02:53.71845097, 4.0133E+00, 7.4667E-01, 4.8667E+01,
14:02:53.71845102, 4.0000E+00, 7.4667E-01, 4.8667E+01,
14:02:53.71845107, 3.9867E+00, 8.0000E-01, 4.8800E+01,
14:02:53.71845112, 4.0133E+00, 7.7333E-01, 4.9067E+01,
14:02:53.71845117, 3.9867E+00, 7.8667E-01, 4.8800E+01,
14:02:53.71845122, 4.0000E+00, 7.8667E-01, 4.9200E+01,
14:02:53.71845127, 3.9867E+00, 7.4667E-01, 4.8800E+01,
14:02:53.71845132, 4.0267E+00, 7.8667E-01, 4.8800E+01,
14:02:53.71845137, 4.0133E+00, 7.6000E-01, 4.9200E+01,
14:02:53.71845142, 4.0133E+00, 8.2667E-01, 4.9467E+01,
14:02:53.71845147, 4.0000E+00, 7.7333E-01, 4.9333E+01,
14:02:53.71845152, 4.0133E+00, 7.7333E-01, 4.9200E+01,
14:02:53.71845157, 4.0400E+00, 8.0000E-01, 4.9467E+01,
14:02:53.71845162, 4.0000E+00, 8.0000E-01, 4.9600E+01,
14:02:53.71845167, 3.9867E+00, 8.0000E-01, 4.9733E+01,
14:02:53.71845172, 4.0133E+00, 8.0000E-01, 4.9467E+01,
14:02:53.71845177, 4.0000E+00, 7.7333E-01, 5.0000E+01,
14:02:53.71845182, 3.9867E+00, 8.1333E-01, 5.0000E+01,
14:02:53.71845187, 4.0000E+00, 8.0000E-01, 4.9867E+01,
14:02:53.71845192, 4.0000E+00, 8.0000E-01, 5.0133E+01,
14:02:53.71845197, 4.0000E+00, 8.0000E-01, 5.0267E+01,
14:02:53.71845202, 4.0267E+00, 8.0000E-01, 5.0267E+01,
14:02:53.71845207, 3.9867E+00, 7.7333E-01, 5.0400E+01,
14:02:53.71845212, 4.0133E+00, 8.1333E-01, 5.0267E+01,
14:02:53.71845217, 3.9600E+00, 8.1333E-01, 5.0400E+01,
14:02:53.71845222, 4.0000E+00, 8.1333E-01, 5.0800E+01,
14:02:53.71845227, 4.0000E+00, 7.8667E-01, 5.0933E+01,
14:02:53.71845232, 4.0133E+00, 8.0000E-01, 5.0533E+01,
14:02:53.71845237, 4.0533E+00, 8.2667E-01, 5.1067E+01,
14:02:53.71845242, 3.9867E+00, 8.1333E-01, 5.0933E+01,
14:02:53.71845247, 4.0267E+00, 8.4000E-01, 5.1067E+01,
14:02:53.71845252, 4.0000E+00, 8.1333E-01, 5.0933E+01,
14:02:53.71845257, 4.0000E+00, 8.0000E-01, 5.1333E+01,
14:02:53.71845262, 4.0267E+00, 8.4000E-01, 5.1200E+01,
14:02:53.71845267, 4.0133E+00, 8.2667E-01, 5.1200E+01,
14:02:53.71845272, 4.0000E+00, 8.1333E-01, 5.1333E+01,
14:02:53.71845277, 3.9733E+00, 8.4000E-01, 5.1333E+01,
14:02:53.71845282, 3.9867E+00, 8.5333E-01, 5.1467E+01,
14:02:53.71845287, 4.0133E+00, 8.1333E-01, 5.1467E+01,
14:02:53.71845292, 4.0267E+00, 8.4000E-01, 5.1733E+01,
14:02:53.71845297, 4.0267E+00, 8.5333E-01, 5.1867E+01,
14:02:53.71845302, 4.0000E+00, 8.0000E-01, 5.1867E+01,
14:02:53.71845307, 4.0133E+00, 8.4000E-01, 5.1867E+01,
14:02:53.71845312, 4.0267E+00, 8.5333E-01, 5.1733E+01,
14:02:53.71845317, 3.9867E+00, 8.4000E-01, 5.2000E+01,
14:02:53.71845322, 3.9867E+00, 8.2667E-01, 5.2000E+01,
14:02:53.71845327, 3.9733E+00, 8.4000E-01, 5.2000E+01,
14:02:53.71845332, 4.0133E+00, 8.5333E-01, 5.2000E+01,
14:02:53.71845337, 4.0000E+00, 8.5333E-01, 5.2533E+01,
14:02:53.71845342, 4.0267E+00, 8.6667E-01, 5.2400E+01,
14:02:53.71845347, 4.0000E+00, 8.5333E-01, 5.2400E+01,
14:02:53.71845352, 4.0000E+00, 8.6667E-01, 5.2667E+01,
14:02:53.71845357, 4.0000E+00, 8.5333E-01, 5.2667E+01,
14:02:53.71845362, 4.0133E+00, 8.4000E-01, 5.2667E+01,
14:02:53.71845367, 4.0133E+00, 8.4000E-01, 5.2667E+01,
14:02:53.71845372, 3.9867E+00, 8.8000E-01, 5.2800E+01,
14:02:53.71845377, 3.9867E+00, 8.4000E-01, 5.3067E+01,
14:02:53.71845382, 4.0267E+00, 8.5333E-01, 5.2800E+01,
14:02:53.71845387, 4.0000E+00, 8.5333E-01, 5.2933E+01,
14:02:53.71845392, 4.0400E+00, 8.8000E-01, 5.3200E+01,
14:02:53.71845397, 4.0133E+00, 8.9333E-01, 5.3067E+01,
14:02:53.71845402, 3.9867E+00, 8.4000E-01, 5.2933E+01,
14:02:53.71845407, 3.9867E+00, 8.8000E-01, 5.3333E+01,
14:02:53.71845412, 3.9600E+00, 8.6667E-01, 5.3467E+01,
14:02:53.71845417, 3.9867E+00, 8.6667E-01, 5.3200E+01,
14:02:53.71845422, 3.9867E+00, 8.5333E-01, 5.3333E+01,
14:02:53.71845427, 4.0267E+00, 8.9333E-01, 5.3600E+01,
14:02:53.71845432, 4.0267E+00, 8.8000E-01, 5.3467E+01,
14:02:53.71845437, 4.0267E+00, 8.9333E-01, 5.3733E+01,
14:02:53.71845442, 4.0000E+00, 8.9333E-01, 5.3600E+01,
14:02:53.71845447, 4.0133E+00, 8.9333E-01, 5.3733E+01,
14:02:53.71845452, 4.0267E+00, 8.9333E-01, 5.4000E+01,
14:02:53.71845457, 3.9867E+00, 8.6667E-01, 5.4133E+01,
14:02:53.71845462, 3.9867E+00, 8.9333E-01, 5.4000E+01,
14:02:53.71845467, 3.9733E+00, 8.9333E-01, 5.3600E+01,
14:02:53.71845472, 4.0000E+00, 8.8000E-01, 5.4133E+01,
14:02:53.71845477, 4.0000E+00, 8.9333E-01, 5.4133E+01,
14:02:53.71845482, 4.0267E+00, 9.0667E-01, 5.4000E+01,
14:02:53.71845487, 4.0000E+00, 8.9333E-01, 5.4133E+01,
14:02:53.71845492, 4.0133E+00, 8.9333E-01, 5.4133E+01,
14:02:53.71845497, 4.0000E+00, 8.9333E-01, 5.4400E+01,
14:02:53.71845502, 4.0133E+00, 8.6667E-01, 5.4267E+01,
14:02:53.71845507, 4.0133E+00, 8.9333E-01, 5.4800E+01,
14:02:53.71845512, 3.9867E+00, 9.0667E-01, 5.4667E+01,
14:02:53.71845517, 4.0133E+00, 8.9333E-01, 5.4267E+01,
14:02:53.71845522, 3.9733E+00, 8.9333E-01, 5.4800E+01,
14:02:53.71845527, 4.0133E+00, 8.9333E-01, 5.4533E+01,
14:02:53.71845532, 4.0000E+00, 9.0667E-01, 5.4800E+01,
14:02:53.71845537, 4.0133E+00, 9.2000E-01, 5.4667E+01,
14:02:53.71845542, 4.0133E+00, 9.3333E-01, 5.4800E+01,
14:02:53.71845547, 3.9867E+00, 8.9333E-01, 5.5200E+01,
14:02:53.71845552, 3.9867E+00, 9.3333E-01, 5.5067E+01,
14:02:53.71845557, 3.9867E+00, 8.9333E-01, 5.5467E+01,
14:02:53.71845562, 4.0133E+00, 9.2000E-01, 5.5333E+01,
14:02:53.71845567, 3.9733E+00, 8.9333E-01, 5.5467E+01,
14:02:53.71845572, 4.0267E+00, 9.2000E-01, 5.5200E+01,
14:02:53.71845577, 3.9867E+00, 9.0667E-01, 5.5467E+01,
14:02:53.71845582, 4.0000E+00, 9.0667E-01, 5.5333E+01,
14:02:53.71845587, 4.0267E+00, 9.0667E-01, 5.5600E+01,
14:02:53.71845592, 4.0000E+00, 9.2000E-01, 5.5600E+01,
14:02:53.71845597, 3.9733E+00, 9.4667E-01, 5.5867E+01,
14:02:53.71845602, 4.0267E+00, 8.9333E-01, 5.5600E+01,
14:02:53.71845607, 3.9733E+00, 9.2000E-01, 5.6133E+01,
14:02:53.71845612, 4.0133E+00, 9.3333E-01, 5.6000E+01,
14:02:53.71845617, 4.0000E+00, 9.3333E-01, 5.5867E+01,
14:02:53.71845622, 4.0133E+00, 9.6000E-01, 5.5867E+01,
14:02:53.71845627, 4.0000E+00, 9.2000E-01, 5.5867E+01,
14:02:53.71845632, 4.0000E+00, 9.4667E-01, 5.5867E+01,
14:02:53.71845637, 4.0133E+00, 9.3333E-01, 5.6533E+01,
14:02:53.71845642, 3.9733E+00, 9.0667E-01, 5.6400E+01,
14:02:53.71845647, 3.9867E+00, 9.4667E-01, 5.6000E+01,
14:02:53.71845652, 3.9867E+00, 9.6000E-01, 5.5867E+01,
14:02:53.71845657, 4.0000E+00, 9.2000E-01, 5.6800E+01,
14:02:53.71845662, 4.0000E+00, 9.3333E-01, 5.6267E+01,
14:02:53.71845667, 4.0267E+00, 9.4667E-01, 5.6267E+01,
14:02:53.71845672, 3.9733E+00, 9.3333E-01, 5.6400E+01,
14:02:53.71845677, 4.0133E+00, 9.6000E-01, 5.6667E+01,
14:02:53.71845682, 4.0133E+00, 9.3333E-01, 5.6400E+01,
14:02:53.71845687, 4.0000E+00, 9.2000E-01, 5.6667E+01,
14:02:53.71845692, 4.0267E+00, 9.4667E-01, 5.6667E+01,
14:02:53.71845697, 4.0133E+00, 9.0667E-01, 5.6800E+01,
14:02:53.71845702, 4.0133E+00, 9.6000E-01, 5.6800E+01,
14:02:53.71845707, 4.0000E+00, 9.4667E-01, 5.6933E+01,
14:02:53.71845712, 4.0000E+00, 9.8667E-01, 5.6800E+01,
14:02:53.71845717, 4.0000E+00, 9.6000E-01, 5.6800E+01,
14:02:53.71845722, 4.0400E+00, 9.7333E-01, 5.7067E+01,
14:02:53.71845727, 4.0267E+00, 9.7333E-01, 5.7067E+01,
14:02:53.71845732, 4.0000E+00, 9.2000E-01, 5.6933E+01,
14:02:53.71845737, 4.0000E+00, 9.2000E-01, 5.7067E+01,
14:02:53.71845742, 4.0000E+00, 9.7333E-01, 5.7200E+01,
14:02:53.71845747, 3.9867E+00, 9.4667E-01, 5.7333E+01,
14:02:53.71845752, 3.9867E+00, 9.8667E-01, 5.7600E+01,
14:02:53.71845757, 4.0000E+00, 9.4667E-01, 5.7600E+01,
14:02:53.71845762, 4.0133E+00, 9.4667E-01, 5.6933E+01,
14:02:53.71845767, 4.0000E+00, 9.7333E-01, 5.7467E+01,
14:02:53.71845772, 4.0267E+00, 9.8667E-01, 5.7333E+01,
14:02:53.71845777, 4.0400E+00, 9.8667E-01, 5.7467E+01,
14:02:53.71845782, 4.0267E+00, 9.7333E-01, 5.7600E+01,
14:02:53.71845787, 3.9733E+00, 9.7333E-01, 5.7867E+01,
14:02:53.71845792, 4.0000E+00, 9.4667E-01, 5.8000E+01,
14:02:53.71845797, 3.9867E+00, 9.4667E-01, 5.7467E+01,
14:02:53.71845802, 4.0000E+00, 9.7333E-01, 5.7600E+01,
14:02:53.71845807, 4.0267E+00, 9.8667E-01, 5.8000E+01,
14:02:53.71845812, 4.0000E+00, 9.8667E-01, 5.7733E+01,
14:02:53.71845817, 3.9733E+00, 9.8667E-01, 5.8000E+01,
14:02:53.71845822, 4.0000E+00, 1.0000E+00, 5.8000E+01,
14:02:53.71845827, 4.0000E+00, 9.6000E-01, 5.8000E+01,
14:02:53.71845832, 4.0133E+00, 9.7333E-01, 5.8000E+01,
14:02:53.71845837, 4.0000E+00, 1.0000E+00, 5.8133E+01,
14:02:53.71845842, 4.0267E+00, 9.6000E-01, 5.8133E+01,
14:02:53.71845847, 3.9867E+00, 9.7333E-01, 5.8267E+01,
14:02:53.71845852, 3.9867E+00, 1.0000E+00, 5.8133E+01,
14:02:53.71845857, 4.0133E+00, 9.8667E-01, 5.8133E+01,
14:02:53.71845862, 4.0000E+00, 1.0000E+00, 5.8400E+01,
14:02:53.71845867, 4.0267E+00, 9.7333E-01, 5.8133E+01,
14:02:53.71845872, 4.0133E+00, 9.8667E-01, 5.8400E+01,
14:02:53.71845877, 4.0400E+00, 1.0000E+00, 5.8667E+01,
14:02:53.71845882, 4.0133E+00, 9.7333E-01, 5.8400E+01,
14:02:53.71845887, 4.0267E+00, 1.0000E+00, 5.8667E+01,
14:02:53.71845892, 3.9600E+00, 1.0000E+00, 5.8533E+01,
14:02:53.71845897, 3.9867E+00, 1.0000E+00, 5.8667E+01,
14:02:53.71845902, 4.0000E+00, 9.8667E-01, 5.8667E+01,
14:02:53.71845907, 4.0133E+00, 1.0000E+00, 5.8533E+01,
14:02:53.71845912, 4.0400E+00, 1.0133E+00, 5.8400E+01,
14:02:53.71845917, 4.0267E+00, 1.0133E+00, 5.8667E+01,
14:02:53.71845922, 4.0267E+00, 1.0267E+00, 5.8667E+01,
14:02:53.71845927, 4.0000E+00, 1.0133E+00, 5.8933E+01,
14:02:53.71845932, 4.0133E+00, 1.0000E+00, 5.9200E+01,
14:02:53.71845937, 4.0000E+00, 1.0133E+00, 5.9333E+01,
14:02:53.71845942, 3.9867E+00, 1.0000E+00, 5.9067E+01,
14:02:53.71845947, 4.0267E+00, 9.7333E-01, 5.9067E+01,
14:02:53.71845952, 4.0267E+00, 1.0267E+00, 5.9067E+01,
14:02:53.71845957, 4.0267E+00, 1.0267E+00, 5.9200E+01,
14:02:53.71845962, 3.9867E+00, 1.0000E+00, 5.9200E+01,
14:02:53.71845967, 4.0133E+00, 1.0133E+00, 5.9067E+01,
14:02:53.71845972, 4.0133E+00, 1.0267E+00, 5.9200E+01,
14:02:53.71845977, 3.9867E+00, 1.0000E+00, 5.9600E+01,
14:02:53.71845982, 3.9733E+00, 1.0267E+00, 5.9333E+01,
14:02:53.71845987, 4.0000E+00, 9.8667E-01, 5.9467E+01,
14:02:53.71845992, 4.0000E+00, 1.0267E+00, 5.9467E+01,
14:02:53.71845997, 4.0133E+00, 1.0267E+00, 5.9600E+01,
14:02:53.71846002, 3.9867E+00, 1.0267E+00, 5.9600E+01,
14:02:53.71846007, 3.9867E+00, 1.0267E+00, 5.9600E+01,
14:02:53.71846012, 4.0000E+00, 1.0267E+00, 5.9600E+01,
14:02:53.71846017, 4.0267E+00, 1.0133E+00, 5.9600E+01,
14:02:53.71846022, 4.0267E+00, 1.0267E+00, 5.9467E+01,
14:02:53.71846027, 4.0133E+00, 1.0000E+00, 5.9600E+01,
14:02:53.71846032, 3.9867E+00, 1.0400E+00, 5.9733E+01,
14:02:53.71846037, 4.0000E+00, 1.0133E+00, 5.9867E+01,
14:02:53.71846042, 4.0133E+00, 1.0133E+00, 5.9733E+01,
14:02:53.71846047, 4.0000E+00, 1.0267E+00, 5.9733E+01,
14:02:53.71846052, 4.0133E+00, 1.0133E+00, 6.0000E+01,
14:02:53.71846057, 4.0133E+00, 1.0267E+00, 5.9600E+01,
14:02:53.71846062, 4.0133E+00, 1.0267E+00, 6.0000E+01,
14:02:53.71846067, 4.0000E+00, 1.0133E+00, 5.9867E+01,
14:02:53.71846072, 4.0000E+00, 1.0267E+00, 5.9867E+01,
14:02:53.71846077, 4.0000E+00, 1.0533E+00, 6.0133E+01,
14:02:53.71846082, 4.0000E+00, 1.0267E+00, 6.0000E+01,
14:02:53.71846087, 4.0267E+00, 1.0267E+00, 6.0533E+01,
14:02:53.71846092, 4.0133E+00, 1.0533E+00, 6.0133E+01,
14:02:53.71846097, 4.0133E+00, 1.0800E+00, 6.0133E+01,
14:02:53.71846102, 4.0267E+00, 1.0533E+00, 6.0133E+01,
14:02:53.71846107, 4.0000E+00, 1.0267E+00, 6.0400E+01,
14:02:53.71846112, 4.0133E+00, 1.0400E+00, 6.0267E+01,
14:02:53.71846117, 4.0267E+00, 1.0533E+00, 6.0267E+01,
14:02:53.71846122, 4.0267E+00, 1.0667E+00, 6.0267E+01,
14:02:53.71846127, 4.0133E+00, 1.0267E+00, 6.0667E+01,
14:02:53.71846132, 4.0133E+00, 1.0933E+00, 6.0400E+01,
14:02:53.71846137, 4.0267E+00, 1.0400E+00, 6.0533E+01,
14:02:53.71846142, 4.0133E+00, 1.0667E+00, 6.0267E+01,
14:02:53.71846147, 4.0400E+00, 1.0400E+00, 6.0800E+01,
14:02:53.71846152, 4.0133E+00, 1.0533E+00, 6.0800E+01,
14:02:53.71846157, 4.0133E+00, 1.0267E+00, 6.0800E+01,
14:02:53.71846162, 4.0267E+00, 1.0533E+00, 6.0800E+01,
14:02:53.71846167, 4.0533E+00, 1.0400E+00, 6.0667E+01,
14:02:53.71846172, 4.0133E+00, 1.0533E+00, 6.0933E+01,
14:02:53.71846177, 4.0267E+00, 1.0533E+00, 6.0800E+01,
14:02:53.71846182, 3.9867E+00, 1.0667E+00, 6.0667E+01,
14:02:53.71846187, 3.9867E+00, 1.0667E+00, 6.0800E+01,
14:02:53.71846192, 4.0133E+00, 1.0667E+00, 6.0933E+01,
14:02:53.71846197, 4.0133E+00, 1.0533E+00, 6.0933E+01,
14:02:53.71846202, 4.0000E+00, 1.0400E+00, 6.0933E+01,
14:02:53.71846207, 4.0267E+00, 1.0533E+00, 6.0933E+01,
14:02:53.71846212, 3.9867E+00, 1.0533E+00, 6.1067E+01,
14:02:53.71846217, 4.0000E+00, 1.0400E+00, 6.1333E+01,
14:02:53.71846222, 4.0000E+00, 1.0800E+00, 6.1067E+01,
14:02:53.71846227, 3.9867E+00, 1.0400E+00, 6.1200E+01,
14:02:53.71846232, 4.0400E+00, 1.0933E+00, 6.0933E+01,
14:02:53.71846237, 4.0000E+00, 1.0667E+00, 6.1200E+01,
14:02:53.71846242, 4.0000E+00, 1.0533E+00, 6.0933E+01,
14:02:53.71846247, 4.0400E+00, 1.0667E+00, 6.1333E+01,
14:02:53.71846252, 4.0400E+00, 1.0800E+00, 6.1333E+01,
14:02:53.71846257, 4.0400E+00, 1.0800E+00, 6.1333E+01,
14:02:53.71846262, 4.0267E+00, 1.0667E+00, 6.1467E+01,
14:02:53.71846267, 4.0267E+00, 1.0800E+00, 6.1467E+01,
14:02:53.71846272, 4.0267E+00, 1.0667E+00, 6.1200E+01,
14:02:53.71846277, 4.0000E+00, 1.0667E+00, 6.1467E+01,
14:02:53.71846282, 4.0133E+00, 1.0933E+00, 6.1600E+01,
14:02:53.71846287, 4.0133E+00, 1.0667E+00, 6.1600E+01,
14:02:53.71846292, 4.0000E+00, 1.0800E+00, 6.1467E+01,
14:02:53.71846297, 4.0267E+00, 1.0667E+00, 6.1600E+01,
14:02:53.71846302, 4.0400E+00, 1.0533E+00, 6.1600E+01,
14:02:53.71846307, 4.0400E+00, 1.0933E+00, 6.1867E+01,
14:02:53.71846312, 4.0267E+00, 1.0800E+00, 6.1600E+01,
14:02:53.71846317, 4.0133E+00, 1.1067E+00, 6.1600E+01,
14:02:53.71846322, 4.0000E+00, 1.0667E+00, 6.1733E+01,
14:02:53.71846327, 4.0133E+00, 1.0800E+00, 6.1867E+01,
14:02:53.71846332, 4.0133E+00, 1.0667E+00, 6.2000E+01,
14:02:53.71846337, 4.0267E+00, 1.0933E+00, 6.1867E+01,
14:02:53.71846342, 4.0267E+00, 1.0800E+00, 6.1733E+01,
14:02:53.71846347, 4.0133E+00, 1.0933E+00, 6.1600E+01,
14:02:53.71846352, 4.0133E+00, 1.1067E+00, 6.1733E+01,
14:02:53.71846357, 4.0267E+00, 1.0800E+00, 6.1467E+01,
14:02:53.71846362, 4.0000E+00, 1.0800E+00, 6.2133E+01,
14:02:53.71846367, 4.0000E+00, 1.0800E+00, 6.1867E+01,
14:02:53.71846372, 4.0000E+00, 1.0800E+00, 6.1867E+01,
14:02:53.71846377, 3.9867E+00, 1.0933E+00, 6.2133E+01,
14:02:53.71846382, 3.9867E+00, 1.0667E+00, 6.2400E+01,
14:02:53.71846387, 4.0000E+00, 1.1067E+00, 6.2133E+01,
14:02:53.71846392, 4.0000E+00, 1.0800E+00, 6.2133E+01,
14:02:53.71846397, 4.0133E+00, 1.0933E+00, 6.2267E+01,
14:02:53.71846402, 4.0133E+00, 1.0933E+00, 6.2000E+01,
14:02:53.71846407, 4.0400E+00, 1.0933E+00, 6.2533E+01,
14:02:53.71846412, 4.0133E+00, 1.0933E+00, 6.2400E+01,
14:02:53.71846417, 4.0133E+00, 1.0800E+00, 6.2267E+01,
14:02:53.71846422, 3.9867E+00, 1.1333E+00, 6.2267E+01,
14:02:53.71846427, 4.0000E+00, 1.0933E+00, 6.2400E+01,
14:02:53.71846432, 3.9867E+00, 1.0933E+00, 6.2400E+01,
14:02:53.71846437, 4.0000E+00, 1.0667E+00, 6.2667E+01,
14:02:53.71846442, 4.0133E+00, 1.1067E+00, 6.2533E+01,
14:02:53.71846447, 4.0133E+00, 1.0667E+00, 6.2533E+01,
14:02:53.71846452, 4.0133E+00, 1.0667E+00, 6.2400E+01,
14:02:53.71846457, 4.0400E+00, 1.0800E+00, 6.2533E+01,
14:02:53.71846462, 3.9867E+00, 1.0800E+00, 6.2533E+01,
14:02:53.71846467, 3.9733E+00, 1.0800E+00, 6.2533E+01,
14:02:53.71846472, 3.9867E+00, 1.0933E+00, 6.2533E+01,
14:02:53.71846477, 4.0267E+00, 1.1067E+00, 6.2400E+01,
14:02:53.71846482, 4.0133E+00, 1.0933E+00, 6.2533E+01,
14:02:53.71846487, 4.0000E+00, 1.0800E+00, 6.2400E+01,
14:02:53.71846492, 4.0133E+00, 1.0667E+00, 6.2533E+01,
14:02:53.71846497, 4.0000E+00, 1.1067E+00, 6.2533E+01,
14:02:53.71846502, 4.0000E+00, 1.1067E+00, 6.2533E+01,
14:02:53.71846507, 4.0400E+00, 1.0800E+00, 6.2800E+01,
14:02:53.71846512, 4.0000E+00, 1.1333E+00, 6.2933E+01,
14:02:53.71846517, 3.9733E+00, 1.1067E+00, 6.2667E+01,
14:02:53.71846522, 3.9867E+00, 1.1067E+00, 6.2933E+01,
14:02:53.71846527, 4.0000E+00, 1.0933E+00, 6.2800E+01,
14:02:53.71846532, 4.0000E+00, 1.1467E+00, 6.2933E+01,
14:02:53.71846537, 4.0400E+00, 1.1067E+00, 6.3200E+01,
14:02:53.71846542, 4.0400E+00, 1.1067E+00, 6.2800E+01,
14:02:53.71846547, 4.0133E+00, 1.0933E+00, 6.2800E+01,
14:02:53.71846552, 4.0267E+00, 1.1200E+00, 6.2933E+01,
14:02:53.71846557, 4.0000E+00, 1.0933E+00, 6.3200E+01,
14:02:53.71846562, 3.9867E+00, 1.1067E+00, 6.3200E+01,
14:02:53.71846567, 3.9867E+00, 1.1200E+00, 6.3067E+01,
14:02:53.71846572, 4.0267E+00, 1.1200E+00, 6.2933E+01,
14:02:53.71846577, 4.0133E+00, 1.1200E+00, 6.2933E+01,
14:02:53.71846582, 4.0267E+00, 1.1200E+00, 6.3067E+01,
14:02:53.71846587, 4.0267E+00, 1.1200E+00, 6.2933E+01,
14:02:53.71846592, 4.0133E+00, 1.1333E+00, 6.2933E+01,
14:02:53.71846597, 4.0400E+00, 1.1200E+00, 6.2933E+01,
14:02:53.71846602, 3.9867E+00, 1.1067E+00, 6.3200E+01,
14:02:53.71846607, 3.9867E+00, 1.0933E+00, 6.3200E+01,
14:02:53.71846612, 3.9867E+00, 1.1200E+00, 6.3200E+01,
14:02:53.71846617, 4.0133E+00, 1.1467E+00, 6.3333E+01,
14:02:53.71846622, 4.0533E+00, 1.1200E+00, 6.3467E+01,
14:02:53.71846627, 4.0400E+00, 1.1200E+00, 6.3333E+01,
14:02:53.71846632, 4.0133E+00, 1.1067E+00, 6.3333E+01,
14:02:53.71846637, 4.0133E+00, 1.1200E+00, 6.3067E+01,
14:02:53.71846642, 4.0267E+00, 1.1467E+00, 6.3333E+01,
14:02:53.71846647, 3.9867E+00, 1.1067E+00, 6.3600E+01,
14:02:53.71846652, 3.9733E+00, 1.1467E+00, 6.3333E+01,
14:02:53.71846657, 3.9867E+00, 1.1200E+00, 6.3600E+01,
14:02:53.71846662, 4.0000E+00, 1.1467E+00, 6.3733E+01,
14:02:53.71846667, 4.0133E+00, 1.1333E+00, 6.3733E+01,
14:02:53.71846672, 3.9867E+00, 1.1200E+00, 6.3600E+01,
14:02:53.71846677, 4.0000E+00, 1.1200E+00, 6.3600E+01,
14:02:53.71846682, 3.9867E+00, 1.1333E+00, 6.3600E+01,
14:02:53.71846687, 4.0133E+00, 1.1067E+00, 6.3600E+01,
14:02:53.71846692, 4.0133E+00, 1.1333E+00, 6.3733E+01,
14:02:53.71846697, 4.0267E+00, 1.1467E+00, 6.3600E+01,
14:02:53.71846702, 3.9867E+00, 1.1200E+00, 6.3867E+01,
14:02:53.71846707, 3.9867E+00, 1.1067E+00, 6.3600E+01,
14:02:53.71846712, 4.0000E+00, 1.1200E+00, 6.3867E+01,
14:02:53.71846717, 4.0000E+00, 1.1600E+00, 6.4000E+01,
14:02:53.71846722, 4.0000E+00, 1.1467E+00, 6.4133E+01,
14:02:53.71846727, 4.0000E+00, 1.1200E+00, 6.3867E+01,
14:02:53.71846732, 4.0000E+00, 1.1467E+00, 6.3733E+01,
14:02:53.71846737, 4.0533E+00, 1.1600E+00, 6.3867E+01,
14:02:53.71846742, 3.9733E+00, 1.1467E+00, 6.4133E+01,
14:02:53.71846747, 4.0267E+00, 1.1600E+00, 6.3867E+01,
14:02:53.71846752, 4.0267E+00, 1.1200E+00, 6.3600E+01,
14:02:53.71846757, 4.0000E+00, 1.1333E+00, 6.3867E+01,
14:02:53.71846762, 3.9733E+00, 1.1467E+00, 6.3733E+01,
14:02:53.71846767, 4.0000E+00, 1.1600E+00, 6.4000E+01,
14:02:53.71846772, 4.0000E+00, 1.1467E+00, 6.4000E+01,
14:02:53.71846777, 4.0267E+00, 1.1200E+00, 6.3867E+01,
14:02:53.71846782, 4.0267E+00, 1.1467E+00, 6.4133E+01,
14:02:53.71846787, 4.0000E+00, 1.1333E+00, 6.3600E+01,
14:02:53.71846792, 4.0267E+00, 1.1600E+00, 6.4000E+01,
14:02:53.71846797, 3.9867E+00, 1.1200E+00, 6.3867E+01,
14:02:53.71846802, 3.9733E+00, 1.1600E+00, 6.4133E+01,
14:02:53.71846807, 4.0000E+00, 1.1333E+00, 6.4133E+01,
14:02:53.71846812, 3.9867E+00, 1.1467E+00, 6.4400E+01,
14:02:53.71846817, 3.9867E+00, 1.1467E+00, 6.4267E+01,
14:02:53.71846822, 4.0000E+00, 1.1333E+00, 6.4000E+01,
14:02:53.71846827, 4.0400E+00, 1.1467E+00, 6.3600E+01,
14:02:53.71846832, 4.0400E+00, 1.1600E+00, 6.4133E+01,
14:02:53.71846837, 4.0000E+00, 1.1733E+00, 6.4000E+01,
14:02:53.71846842, 4.0400E+00, 1.1467E+00, 6.4000E+01,
14:02:53.71846847, 4.0133E+00, 1.1333E+00, 6.4000E+01,
14:02:53.71846852, 4.0133E+00, 1.1733E+00, 6.4400E+01,
14:02:53.71846857, 3.9733E+00, 1.1600E+00, 6.4400E+01,
14:02:53.71846862, 3.9867E+00, 1.1600E+00, 6.4800E+01,
14:02:53.71846867, 4.0267E+00, 1.1467E+00, 6.4133E+01,
14:02:53.71846872, 4.0000E+00, 1.1467E+00, 6.4533E+01,
14:02:53.71846877, 4.0000E+00, 1.1600E+00, 6.4267E+01,
14:02:53.71846882, 4.0133E+00, 1.1733E+00, 6.4133E+01,
14:02:53.71846887, 4.0000E+00, 1.1600E+00, 6.4533E+01,
14:02:53.71846892, 4.0000E+00, 1.1600E+00, 6.4267E+01,
14:02:53.71846897, 3.9733E+00, 1.1467E+00, 6.4000E+01,
14:02:53.71846902, 4.0133E+00, 1.1600E+00, 6.4267E+01,
14:02:53.71846907, 4.0133E+00, 1.1333E+00, 6.4400E+01,
14:02:53.71846912, 4.0000E+00, 1.1600E+00, 6.4533E+01,
14:02:53.71846917, 3.9733E+00, 1.1600E+00, 6.4667E+01,
14:02:53.71846922, 3.9867E+00, 1.1467E+00, 6.4533E+01,
14:02:53.71846927, 4.0133E+00, 1.1333E+00, 6.4267E+01,
14:02:53.71846932, 4.0400E+00, 1.1600E+00, 6.4533E+01,
14:02:53.71846937, 4.0133E+00, 1.1733E+00, 6.4133E+01,
14:02:53.71846942, 4.0133E+00, 1.1600E+00, 6.4800E+01,
14:02:53.71846947, 4.0000E+00, 1.1600E+00, 6.4800E+01,
14:02:53.71846952, 4.0267E+00, 1.1333E+00, 6.4400E+01,
14:02:53.71846957, 4.0267E+00, 1.1600E+00, 6.4533E+01,
14:02:53.71846962, 4.0267E+00, 1.1600E+00, 6.4800E+01,
14:02:53.71846967, 4.0133E+00, 1.1600E+00, 6.4800E+01,
14:02:53.71846972, 4.0267E+00, 1.1600E+00, 6.5067E+01,
14:02:53.71846977, 4.0133E+00, 1.1600E+00, 6.4800E+01,
14:02:53.71846982, 3.9867E+00, 1.1600E+00, 6.4667E+01,
14:02:53.71846987, 4.0133E+00, 1.1600E+00, 6.4667E+01,
14:02:53.71846992, 3.9867E+00, 1.1467E+00, 6.4400E+01,
14:02:53.71846997, 4.0133E+00, 1.1600E+00, 6.4533E+01,
14:02:53.71847002, 4.0533E+00, 1.1733E+00, 6.4800E+01,
14:02:53.71847007, 4.0267E+00, 1.1733E+00, 6.4800E+01,
14:02:53.71847012, 4.0000E+00, 1.1600E+00, 6.4933E+01,
14:02:53.71847017, 4.0267E+00, 1.1600E+00, 6.4933E+01,
14:02:53.71847022, 4.0267E+00, 1.1600E+00, 6.4933E+01,
14:02:53.71847027, 4.0267E+00, 1.1600E+00, 6.4933E+01,
14:02:53.71847032, 4.0133E+00, 1.1600E+00, 6.4933E+01,
14:02:53.71847037, 4.0000E+00, 1.1600E+00, 6.4933E+01,
14:02:53.71847042, 3.9867E+00, 1.1467E+00, 6.4667E+01,
14:02:53.71847047, 4.0000E+00, 1.1600E+00, 6.5067E+01,
14:02:53.71847052, 4.0133E+00, 1.1733E+00, 6.4800E+01,
14:02:53.71847057, 4.0400E+00, 1.1867E+00, 6.4800E+01,
14:02:53.71847062, 4.0133E+00, 1.1733E+00, 6.5067E+01,
14:02:53.71847067, 4.0133E+00, 1.1600E+00, 6.5067E+01,
14:02:53.71847072, 4.0267E+00, 1.1867E+00, 6.5067E+01,
14:02:53.71847077, 4.0133E+00, 1.1600E+00, 6.4800E+01,
14:02:53.71847082, 4.0133E+00, 1.1733E+00, 6.4667E+01,
14:02:53.71847087, 4.0133E+00, 1.1600E+00, 6.4933E+01,
14:02:53.71847092, 3.9733E+00, 1.1600E+00, 6.5067E+01,
14:02:53.71847097, 3.9867E+00, 1.2000E+00, 6.5067E+01,
14:02:53.71847102, 4.0533E+00, 1.1600E+00, 6.5067E+01,
14:02:53.71847107, 4.0000E+00, 1.1867E+00, 6.4800E+01,
14:02:53.71847112, 4.0533E+00, 1.1600E+00, 6.5333E+01,
14:02:53.71847117, 4.0533E+00, 1.1600E+00, 6.5067E+01,
14:02:53.71847122, 4.0133E+00, 1.1600E+00, 6.5333E+01,
14:02:53.71847127, 4.0000E+00, 1.1733E+00, 6.5067E+01,
14:02:53.71847132, 4.0133E+00, 1.1600E+00, 6.5067E+01,
14:02:53.71847137, 3.9733E+00, 1.1733E+00, 6.5067E+01,
14:02:53.71847142, 4.0267E+00, 1.2000E+00, 6.5200E+01,
14:02:53.71847147, 4.0133E+00, 1.1600E+00, 6.5067E+01,
14:02:53.71847152, 4.0133E+00, 1.1867E+00, 6.5067E+01,
14:02:53.71847157, 4.0000E+00, 1.1733E+00, 6.5333E+01,
14:02:53.71847162, 4.0133E+00, 1.1600E+00, 6.5333E+01,
14:02:53.71847167, 4.0400E+00, 1.1600E+00, 6.5467E+01,
14:02:53.71847172, 4.0400E+00, 1.1867E+00, 6.5067E+01,
14:02:53.71847177, 4.0000E+00, 1.1600E+00, 6.5200E+01,
14:02:53.71847182, 3.9733E+00, 1.1733E+00, 6.5200E+01,
14:02:53.71847187, 4.0133E+00, 1.1600E+00, 6.5333E+01,
14:02:53.71847192, 4.0000E+00, 1.1733E+00, 6.5333E+01,
14:02:53.71847197, 3.9867E+00, 1.1600E+00, 6.5467E+01,
14:02:53.71847202, 4.0133E+00, 1.1867E+00, 6.5200E+01,
14:02:53.71847207, 4.0133E+00, 1.2133E+00, 6.5467E+01,
14:02:53.71847212, 4.0267E+00, 1.1733E+00, 6.5600E+01,
14:02:53.71847217, 4.0267E+00, 1.1600E+00, 6.5333E+01,
14:02:53.71847222, 4.0133E+00, 1.1867E+00, 6.5333E+01,
14:02:53.71847227, 4.0267E+00, 1.2000E+00, 6.5333E+01,
14:02:53.71847232, 4.0133E+00, 1.1600E+00, 6.5467E+01,
14:02:53.71847237, 4.0000E+00, 1.1600E+00, 6.5333E+01,
14:02:53.71847242, 4.0000E+00, 1.1733E+00, 6.5067E+01,
14:02:53.71847247, 4.0000E+00, 1.1867E+00, 6.5467E+01,
14:02:53.71847252, 4.0267E+00, 1.1733E+00, 6.5333E+01,
14:02:53.71847257, 3.9733E+00, 1.1733E+00, 6.5467E+01,
14:02:53.71847262, 4.0000E+00, 1.1867E+00, 6.5467E+01,
14:02:53.71847267, 4.0000E+00, 1.1733E+00, 6.5200E+01,
14:02:53.71847272, 4.0133E+00, 1.2000E+00, 6.5600E+01,
14:02:53.71847277, 4.0133E+00, 1.1867E+00, 6.5467E+01,
14:02:53.71847282, 3.9867E+00, 1.1733E+00, 6.5467E+01,
14:02:53.71847287, 4.0000E+00, 1.1600E+00, 6.5467E+01,
14:02:53.71847292, 4.0000E+00, 1.1733E+00, 6.5733E+01,
14:02:53.71847297, 4.0000E+00, 1.1733E+00, 6.5600E+01,
14:02:53.71847302, 4.0133E+00, 1.1600E+00, 6.5733E+01,
14:02:53.71847307, 3.9733E+00, 1.1867E+00, 6.6000E+01,
14:02:53.71847312, 4.0400E+00, 1.1733E+00, 6.5733E+01,
14:02:53.71847317, 4.0400E+00, 1.2000E+00, 6.5467E+01,
14:02:53.71847322, 3.9867E+00, 1.1733E+00, 6.5467E+01,
14:02:53.71847327, 4.0133E+00, 1.1867E+00, 6.5467E+01,
14:02:53.71847332, 4.0267E+00, 1.1600E+00, 6.5467E+01,
14:02:53.71847337, 4.0133E+00, 1.1600E+00, 6.5733E+01,
14:02:53.71847342, 4.0000E+00, 1.1867E+00, 6.6000E+01,
14:02:53.71847347, 4.0000E+00, 1.1867E+00, 6.6133E+01,
14:02:53.71847352, 4.0133E+00, 1.1733E+00, 6.5733E+01,
14:02:53.71847357, 4.0533E+00, 1.2000E+00, 6.5600E+01,
14:02:53.71847362, 4.0400E+00, 1.2000E+00, 6.5867E+01,
14:02:53.71847367, 3.9733E+00, 1.1867E+00, 6.5600E+01,
14:02:53.71847372, 4.0133E+00, 1.2133E+00, 6.5733E+01,
14:02:53.71847377, 3.9733E+00, 1.1733E+00, 6.5733E+01,
14:02:53.71847382, 4.0000E+00, 1.1600E+00, 6.5733E+01,
14:02:53.71847387, 3.9867E+00, 1.2000E+00, 6.5867E+01,
14:02:53.71847392, 4.0133E+00, 1.2000E+00, 6.5867E+01,
14:02:53.71847397, 4.0000E+00, 1.2133E+00, 6.5733E+01,
14:02:53.71847402, 4.0133E+00, 1.2400E+00, 6.5867E+01,
14:02:53.71847407, 4.0133E+00, 1.1733E+00, 6.6000E+01,
14:02:53.71847412, 4.0400E+00, 1.2133E+00, 6.6133E+01,
14:02:53.71847417, 4.0133E+00, 1.2133E+00, 6.5733E+01,
14:02:53.71847422, 4.0000E+00, 1.1867E+00, 6.5867E+01,
14:02:53.71847427, 4.0000E+00, 1.1600E+00, 6.5733E+01,
14:02:53.71847432, 3.9867E+00, 1.2000E+00, 6.6000E+01,
14:02:53.71847437, 4.0000E+00, 1.1867E+00, 6.6000E+01,
14:02:53.71847442, 4.0533E+00, 1.2000E+00, 6.5867E+01,
14:02:53.71847447, 4.0000E+00, 1.2000E+00, 6.6267E+01,
14:02:53.71847452, 4.0000E+00, 1.1600E+00, 6.6000E+01,
14:02:53.71847457, 4.0000E+00, 1.1867E+00, 6.6133E+01,
14:02:53.71847462, 4.0267E+00, 1.1600E+00, 6.6133E+01,
14:02:53.71847467, 4.0400E+00, 1.2000E+00, 6.5733E+01,
14:02:53.71847472, 3.9867E+00, 1.1733E+00, 6.6000E+01,
14:02:53.71847477, 3.9733E+00, 1.2000E+00, 6.5600E+01,
14:02:53.71847482, 4.0133E+00, 1.2267E+00, 6.5600E+01,
14:02:53.71847487, 3.9867E+00, 1.2133E+00, 6.5600E+01,
14:02:53.71847492, 3.9867E+00, 1.1733E+00, 6.6000E+01,
14:02:53.71847497, 4.0400E+00, 1.1867E+00, 6.6000E+01,
14:02:53.71847502, 4.0133E+00, 1.1733E+00, 6.6000E+01,
14:02:53.71847507, 4.0000E+00, 1.1867E+00, 6.6133E+01,
14:02:53.71847512, 4.0133E+00, 1.2133E+00, 6.6133E+01,
14:02:53.71847517, 4.0133E+00, 1.2000E+00, 6.5733E+01,
14:02:53.71847522, 4.0267E+00, 1.2133E+00, 6.5867E+01,
14:02:53.71847527, 3.9867E+00, 1.2133E+00, 6.5867E+01,
14:02:53.71847532, 4.0133E+00, 1.2000E+00, 6.5867E+01,
14:02:53.71847537, 3.9867E+00, 1.2000E+00, 6.6000E+01,
14:02:53.71847542, 4.0000E+00, 1.1733E+00, 6.6400E+01,
14:02:53.71847547, 4.0267E+00, 1.1867E+00, 6.6000E+01,
14:02:53.71847552, 4.0133E+00, 1.2000E+00, 6.6133E+01,
14:02:53.71847557, 4.0133E+00, 1.1733E+00, 6.6267E+01,
14:02:53.71847562, 4.0133E+00, 1.2000E+00, 6.5600E+01,
14:02:53.71847567, 4.0133E+00, 1.2000E+00, 6.5867E+01,
14:02:53.71847572, 4.0133E+00, 1.2267E+00, 6.6000E+01,
14:02:53.71847577, 4.0267E+00, 1.2000E+00, 6.6267E+01,
14:02:53.71847582, 4.0133E+00, 1.1733E+00, 6.6133E+01,
14:02:53.71847587, 4.0133E+00, 1.2267E+00, 6.6267E+01,
14:02:53.71847592, 4.0133E+00, 1.2133E+00, 6.6000E+01,
14:02:53.71847597, 4.0000E+00, 1.2267E+00, 6.6267E+01,
14:02:53.71847602, 4.0133E+00, 1.2000E+00, 6.6400E+01,
14:02:53.71847607, 4.0133E+00, 1.2267E+00, 6.6133E+01,
14:02:53.71847612, 4.0267E+00, 1.2267E+00, 6.6267E+01,
14:02:53.71847617, 4.0267E+00, 1.2133E+00, 6.5867E+01,
14:02:53.71847622, 4.0000E+00, 1.2133E+00, 6.6267E+01,
14:02:53.71847627, 3.9867E+00, 1.2267E+00, 6.5867E+01,
14:02:53.71847632, 4.0000E+00, 1.2000E+00, 6.6133E+01,
14:02:53.71847637, 4.0000E+00, 1.1600E+00, 6.6400E+01,
14:02:53.71847642, 4.0000E+00, 1.1733E+00, 6.6000E+01,
14:02:53.71847647, 4.0533E+00, 1.1867E+00, 6.6133E+01,
14:02:53.71847652, 4.0267E+00, 1.2000E+00, 6.6267E+01,
14:02:53.71847657, 4.0133E+00, 1.1867E+00, 6.6400E+01,
14:02:53.71847662, 4.0000E+00, 1.1867E+00, 6.6133E+01,
14:02:53.71847667, 4.0133E+00, 1.2133E+00, 6.6267E+01,
14:02:53.71847672, 4.0267E+00, 1.2000E+00, 6.6400E+01,
14:02:53.71847677, 4.0000E+00, 1.2133E+00, 6.6400E+01,
14:02:53.71847682, 4.0267E+00, 1.2000E+00, 6.6267E+01,
14:02:53.71847687, 4.0533E+00, 1.2267E+00, 6.6400E+01,
14:02:53.71847692, 4.0400E+00, 1.2000E+00, 6.6400E+01,
14:02:53.71847697, 3.9867E+00, 1.2533E+00, 6.6533E+01,
14:02:53.71847702, 4.0267E+00, 1.1867E+00, 6.6400E+01,
14:02:53.71847707, 4.0000E+00, 1.2000E+00, 6.6400E+01,
14:02:53.71847712, 4.0000E+00, 1.1867E+00, 6.6400E+01,
14:02:53.71847717, 3.9867E+00, 1.2533E+00, 6.6267E+01,
14:02:53.71847722, 3.9867E+00, 1.2000E+00, 6.6533E+01,
14:02:53.71847727, 4.0533E+00, 1.2000E+00, 6.6267E+01,
14:02:53.71847732, 4.0267E+00, 1.2000E+00, 6.6533E+01,
14:02:53.71847737, 3.9867E+00, 1.2267E+00, 6.6533E+01,
14:02:53.71847742, 4.0133E+00, 1.2133E+00, 6.6400E+01,
14:02:53.71847747, 4.0133E+00, 1.2133E+00, 6.6400E+01,
14:02:53.71847752, 4.0000E+00, 1.2267E+00, 6.6267E+01,
14:02:53.71847757, 3.9867E+00, 1.2000E+00, 6.6667E+01,
14:02:53.71847762, 3.9733E+00, 1.1867E+00, 6.6400E+01,
14:02:53.71847767, 4.0133E+00, 1.2000E+00, 6.6400E+01,
14:02:53.71847772, 4.0000E+00, 1.2133E+00, 6.6667E+01,
14:02:53.71847777, 4.0133E+00, 1.2267E+00, 6.6533E+01,
14:02:53.71847782, 4.0133E+00, 1.2267E+00, 6.6400E+01,
14:02:53.71847787, 4.0267E+00, 1.2267E+00, 6.6533E+01,
14:02:53.71847792, 3.9867E+00, 1.2533E+00, 6.6400E+01,
14:02:53.71847797, 4.0133E+00, 1.2133E+00, 6.6533E+01,
14:02:53.71847802, 4.0000E+00, 1.2267E+00, 6.6400E+01,
14:02:53.71847807, 4.0267E+00, 1.2267E+00, 6.6667E+01,
14:02:53.71847812, 4.0000E+00, 1.2267E+00, 6.6400E+01,
14:02:53.71847817, 4.0000E+00, 1.2133E+00, 6.6400E+01,
14:02:53.71847822, 4.0000E+00, 1.2133E+00, 6.6400E+01,
14:02:53.71847827, 4.0133E+00, 1.2267E+00, 6.6400E+01,
14:02:53.71847832, 4.0000E+00, 1.2400E+00, 6.6400E+01,
14:02:53.71847837, 4.0400E+00, 1.2533E+00, 6.6533E+01,
14:02:53.71847842, 4.0400E+00, 1.2000E+00, 6.6667E+01,
14:02:53.71847847, 4.0400E+00, 1.2533E+00, 6.6400E+01,
14:02:53.71847852, 3.9867E+00, 1.2133E+00, 6.6400E+01,
14:02:53.71847857, 4.0133E+00, 1.2000E+00, 6.6400E+01,
14:02:53.71847862, 4.0267E+00, 1.2267E+00, 6.6400E+01,
14:02:53.71847867, 3.9867E+00, 1.2267E+00, 6.6533E+01,
14:02:53.71847872, 4.0400E+00, 1.2000E+00, 6.6667E+01,
14:02:53.71847877, 4.0267E+00, 1.2400E+00, 6.6800E+01,
14:02:53.71847882, 3.9867E+00, 1.2133E+00, 6.6800E+01,
14:02:53.71847887, 3.9867E+00, 1.2400E+00, 6.6800E+01,
14:02:53.71847892, 4.0133E+00, 1.2133E+00, 6.6533E+01,
14:02:53.71847897, 4.0267E+00, 1.1867E+00, 6.6933E+01,
14:02:53.71847902, 4.0000E+00, 1.2133E+00, 6.6400E+01,
14:02:53.71847907, 4.0000E+00, 1.2000E+00, 6.6667E+01,
14:02:53.71847912, 4.0000E+00, 1.2267E+00, 6.6400E+01,
14:02:53.71847917, 3.9733E+00, 1.2000E+00, 6.6800E+01,
14:02:53.71847922, 4.0400E+00, 1.2267E+00, 6.6933E+01,
14:02:53.71847927, 4.0267E+00, 1.2133E+00, 6.6533E+01,
14:02:53.71847932, 4.0133E+00, 1.2400E+00, 6.6667E+01,
14:02:53.71847937, 4.0400E+00, 1.2400E+00, 6.6933E+01,
14:02:53.71847942, 4.0267E+00, 1.2400E+00, 6.6533E+01,
14:02:53.71847947, 4.0000E+00, 1.2267E+00, 6.6667E+01,
14:02:53.71847952, 4.0267E+00, 1.2267E+00, 6.6533E+01,
14:02:53.71847957, 3.9733E+00, 1.2000E+00, 6.6667E+01,
14:02:53.71847962, 4.0000E+00, 1.2133E+00, 6.6800E+01,
14:02:53.71847967, 4.0000E+00, 1.2267E+00, 6.7067E+01,
14:02:53.71847972, 4.0267E+00, 1.2133E+00, 6.6667E+01,
14:02:53.71847977, 4.0133E+00, 1.2267E+00, 6.6667E+01,
14:02:53.71847982, 4.0133E+00, 1.2000E+00, 6.6800E+01,
14:02:53.71847987, 4.0267E+00, 1.2133E+00, 6.7067E+01,
14:02:53.71847992, 4.0000E+00, 1.2400E+00, 6.7067E+01,
14:02:53.71847997, 3.9867E+00, 1.2400E+00, 6.6800E+01,
14:02:53.71848002, 3.9600E+00, 1.2400E+00, 6.6400E+01,
14:02:53.71848007, 3.9867E+00, 1.2267E+00, 6.6667E+01,
14:02:53.71848012, 4.0000E+00, 1.2133E+00, 6.6667E+01,
14:02:53.71848017, 4.0267E+00, 1.2133E+00, 6.6667E+01,
14:02:53.71848022, 4.0000E+00, 1.2400E+00, 6.6667E+01,
14:02:53.71848027, 4.0133E+00, 1.2133E+00, 6.6933E+01,
14:02:53.71848032, 4.0400E+00, 1.2400E+00, 6.6800E+01,
14:02:53.71848037, 4.0400E+00, 1.2267E+00, 6.6667E+01,
14:02:53.71848042, 4.0000E+00, 1.2000E+00, 6.6667E+01,
14:02:53.71848047, 4.0000E+00, 1.2133E+00, 6.6800E+01,
14:02:53.71848052, 4.0267E+00, 1.2267E+00, 6.6800E+01,
14:02:53.71848057, 3.9867E+00, 1.2400E+00, 6.6800E+01,
14:02:53.71848062, 3.9867E+00, 1.2133E+00, 6.6667E+01,
14:02:53.71848067, 4.0000E+00, 1.2133E+00, 6.6533E+01,
14:02:53.71848072, 4.0133E+00, 1.2267E+00, 6.6933E+01,
14:02:53.71848077, 4.0133E+00, 1.2400E+00, 6.6933E+01,
14:02:53.71848082, 4.0267E+00, 1.2400E+00, 6.6933E+01,
14:02:53.71848087, 3.9867E+00, 1.2267E+00, 6.6533E+01,
14:02:53.71848092, 3.9867E+00, 1.2133E+00, 6.6800E+01,
14:02:53.71848097, 3.9867E+00, 1.2000E+00, 6.6667E+01,
14:02:53.71848102, 3.9867E+00, 1.2400E+00, 6.6800E+01,
14:02:53.71848107, 4.0000E+00, 1.2533E+00, 6.6667E+01,
14:02:53.71848112, 4.0267E+00, 1.2533E+00, 6.6667E+01,
14:02:53.71848117, 4.0133E+00, 1.2133E+00, 6.6933E+01,
14:02:53.71848122, 4.0000E+00, 1.2533E+00, 6.6800E+01,
14:02:53.71848127, 3.9867E+00, 1.2400E+00, 6.6667E+01,
14:02:53.71848132, 4.0133E+00, 1.2000E+00, 6.7067E+01,
14:02:53.71848137, 4.0267E+00, 1.2133E+00, 6.6933E+01,
14:02:53.71848142, 3.9733E+00, 1.2133E+00, 6.7200E+01,
14:02:53.71848147, 3.9733E+00, 1.2267E+00, 6.6667E+01,
14:02:53.71848152, 3.9867E+00, 1.2400E+00, 6.7067E+01,
14:02:53.71848157, 4.0000E+00, 1.2400E+00, 6.7200E+01,
14:02:53.71848162, 4.0133E+00, 1.2267E+00, 6.6667E+01,
14:02:53.71848167, 4.0000E+00, 1.2400E+00, 6.6933E+01,
14:02:53.71848172, 4.0400E+00, 1.2400E+00, 6.7200E+01,
14:02:53.71848177, 4.0267E+00, 1.2267E+00, 6.6667E+01,
14:02:53.71848182, 4.0133E+00, 1.2267E+00, 6.6533E+01,
14:02:53.71848187, 4.0267E+00, 1.2267E+00, 6.7200E+01,
14:02:53.71848192, 4.0267E+00, 1.2133E+00, 6.6800E+01,
14:02:53.71848197, 3.9733E+00, 1.2267E+00, 6.7200E+01,
14:02:53.71848202, 4.0133E+00, 1.2533E+00, 6.6800E+01,
14:02:53.71848207, 4.0267E+00, 1.2400E+00, 6.6933E+01,
14:02:53.71848212, 4.0133E+00, 1.2400E+00, 6.6667E+01,
14:02:53.71848217, 4.0533E+00, 1.2400E+00, 6.7067E+01,
14:02:53.71848222, 4.0133E+00, 1.2667E+00, 6.6800E+01,
14:02:53.71848227, 4.0000E+00, 1.2267E+00, 6.6800E+01,
14:02:53.71848232, 4.0133E+00, 1.2267E+00, 6.7200E+01,
14:02:53.71848237, 3.9867E+00, 1.2400E+00, 6.6933E+01,
14:02:53.71848242, 3.9733E+00, 1.2133E+00, 6.7067E+01,
14:02:53.71848247, 4.0133E+00, 1.2533E+00, 6.7067E+01,
14:02:53.71848252, 4.0267E+00, 1.2267E+00, 6.6800E+01,
14:02:53.71848257, 3.9867E+00, 1.2533E+00, 6.6933E+01,
14:02:53.71848262, 4.0267E+00, 1.2133E+00, 6.6800E+01,
14:02:53.71848267, 4.0133E+00, 1.2533E+00, 6.6933E+01,
14:02:53.71848272, 4.0267E+00, 1.2267E+00, 6.6800E+01,
14:02:53.71848277, 4.0133E+00, 1.2400E+00, 6.7067E+01,
14:02:53.71848282, 4.0267E+00, 1.2400E+00, 6.7067E+01,
14:02:53.71848287, 4.0000E+00, 1.2267E+00, 6.6933E+01,
14:02:53.71848292, 4.0000E+00, 1.2267E+00, 6.6800E+01,
14:02:53.71848297, 4.0000E+00, 1.2267E+00, 6.6667E+01,
14:02:53.71848302, 4.0133E+00, 1.2267E+00, 6.7067E+01,
14:02:53.71848307, 4.0400E+00, 1.2133E+00, 6.7200E+01,
14:02:53.71848312, 4.0133E+00, 1.2267E+00, 6.6667E+01,
14:02:53.71848317, 4.0400E+00, 1.2000E+00, 6.6933E+01,
14:02:53.71848322, 4.0400E+00, 1.2533E+00, 6.7200E+01,
14:02:53.71848327, 3.9867E+00, 1.2267E+00, 6.7067E+01,
14:02:53.71848332, 4.0000E+00, 1.2533E+00, 6.6933E+01,
14:02:53.71848337, 4.0400E+00, 1.2267E+00, 6.7200E+01,
14:02:53.71848342, 4.0000E+00, 1.2267E+00, 6.7067E+01,
14:02:53.71848347, 3.9867E+00, 1.2133E+00, 6.7067E+01,
14:02:53.71848352, 4.0133E+00, 1.2267E+00, 6.6933E+01,
14:02:53.71848357, 4.0133E+00, 1.2267E+00, 6.6800E+01,
14:02:53.71848362, 3.9867E+00, 1.2267E+00, 6.7200E+01,
14:02:53.71848367, 4.0133E+00, 1.2267E+00, 6.6933E+01,
14:02:53.71848372, 4.0400E+00, 1.2533E+00, 6.7333E+01,
14:02:53.71848377, 4.0000E+00, 1.2133E+00, 6.7333E+01,
14:02:53.71848382, 3.9867E+00, 1.2400E+00, 6.6933E+01,
14:02:53.71848387, 4.0267E+00, 1.2133E+00, 6.7600E+01,
14:02:53.71848392, 4.0133E+00, 1.2267E+00, 6.7200E+01,
14:02:53.71848397, 4.0000E+00, 1.2400E+00, 6.7200E+01,
14:02:53.71848402, 4.0133E+00, 1.2400E+00, 6.7333E+01,
14:02:53.71848407, 4.0133E+00, 1.2400E+00, 6.7200E+01,
14:02:53.71848412, 4.0267E+00, 1.2667E+00, 6.7200E+01,
14:02:53.71848417, 4.0000E+00, 1.2400E+00, 6.7200E+01,
14:02:53.71848422, 4.0133E+00, 1.2400E+00, 6.7333E+01,
14:02:53.71848427, 4.0267E+00, 1.2667E+00, 6.7200E+01,
14:02:53.71848432, 3.9867E+00, 1.2400E+00, 6.6933E+01,
14:02:53.71848437, 4.0133E+00, 1.2267E+00, 6.7067E+01,
14:02:53.71848442, 4.0267E+00, 1.2533E+00, 6.6933E+01,
14:02:53.71848447, 4.0000E+00, 1.2400E+00, 6.6933E+01,
14:02:53.71848452, 4.0133E+00, 1.2400E+00, 6.7067E+01,
14:02:53.71848457, 4.0133E+00, 1.2400E+00, 6.7333E+01,
14:02:53.71848462, 4.0267E+00, 1.2400E+00, 6.6933E+01,
14:02:53.71848467, 4.0267E+00, 1.2267E+00, 6.7200E+01,
14:02:53.71848472, 4.0133E+00, 1.2133E+00, 6.7200E+01,
14:02:53.71848477, 3.9867E+00, 1.2400E+00, 6.7067E+01,
14:02:53.71848482, 4.0267E+00, 1.2533E+00, 6.7200E+01,
14:02:53.71848487, 4.0000E+00, 1.2267E+00, 6.6800E+01,
14:02:53.71848492, 3.9867E+00, 1.2400E+00, 6.7067E+01,
14:02:53.71848497, 4.0000E+00, 1.2400E+00, 6.7067E+01,
14:02:53.71848502, 4.0267E+00, 1.2400E+00, 6.6800E+01,
14:02:53.71848507, 4.0000E+00, 1.2400E+00, 6.6800E+01,
14:02:53.71848512, 4.0000E+00, 1.2667E+00, 6.6933E+01,
14:02:53.71848517, 4.0267E+00, 1.2933E+00, 6.6933E+01,
14:02:53.71848522, 4.0133E+00, 1.2400E+00, 6.7200E+01,
14:02:53.71848527, 4.0267E+00, 1.2267E+00, 6.7333E+01,
14:02:53.71848532, 3.9733E+00, 1.2533E+00, 6.7067E+01,
14:02:53.71848537, 4.0267E+00, 1.2533E+00, 6.7200E+01,
14:02:53.71848542, 4.0267E+00, 1.2533E+00, 6.7200E+01,
14:02:53.71848547, 4.0133E+00, 1.2400E+00, 6.7333E+01,
14:02:53.71848552, 4.0400E+00, 1.2400E+00, 6.7067E+01,
14:02:53.71848557, 4.0133E+00, 1.2400E+00, 6.7200E+01,
14:02:53.71848562, 4.0133E+00, 1.2267E+00, 6.7067E+01,
14:02:53.71848567, 4.0000E+00, 1.2133E+00, 6.7467E+01,
14:02:53.71848572, 4.0133E+00, 1.2000E+00, 6.7333E+01,
14:02:53.71848577, 3.9600E+00, 1.2400E+00, 6.6933E+01,
14:02:53.71848582, 4.0133E+00, 1.2400E+00, 6.7333E+01,
14:02:53.71848587, 4.0267E+00, 1.2400E+00, 6.7333E+01,
14:02:53.71848592, 4.0133E+00, 1.2533E+00, 6.7200E+01,
14:02:53.71848597, 4.0267E+00, 1.2267E+00, 6.7067E+01,
14:02:53.71848602, 4.0267E+00, 1.2400E+00, 6.7200E+01,
14:02:53.71848607, 4.0267E+00, 1.2533E+00, 6.7200E+01,
14:02:53.71848612, 4.0133E+00, 1.2533E+00, 6.7333E+01,
14:02:53.71848617, 4.0133E+00, 1.2400E+00, 6.7067E+01,
14:02:53.71848622, 4.0000E+00, 1.2267E+00, 6.7333E+01,
14:02:53.71848627, 4.0000E+00, 1.2933E+00, 6.7333E+01,
14:02:53.71848632, 4.0400E+00, 1.2400E+00, 6.7467E+01,
14:02:53.71848637, 4.0133E+00, 1.2267E+00, 6.7200E+01,
14:02:53.71848642, 4.0267E+00, 1.2933E+00, 6.7467E+01,
14:02:53.71848647, 4.0533E+00, 1.2267E+00, 6.7333E+01,
14:02:53.71848652, 4.0400E+00, 1.2667E+00, 6.7200E+01,
14:02:53.71848657, 4.0267E+00, 1.2667E+00, 6.7467E+01,
14:02:53.71848662, 4.0000E+00, 1.2533E+00, 6.7200E+01,
14:02:53.71848667, 4.0133E+00, 1.2533E+00, 6.7333E+01,
14:02:53.71848672, 4.0000E+00, 1.2267E+00, 6.7067E+01,
14:02:53.71848677, 4.0133E+00, 1.2267E+00, 6.7467E+01,
14:02:53.71848682, 4.0400E+00, 1.2533E+00, 6.7333E+01,
14:02:53.71848687, 4.0000E+00, 1.2667E+00, 6.7200E+01,
14:02:53.71848692, 4.0000E+00, 1.2533E+00, 6.7067E+01,
14:02:53.71848697, 4.0267E+00, 1.2667E+00, 6.7333E+01,
14:02:53.71848702, 4.0000E+00, 1.2400E+00, 6.7333E+01,
14:02:53.71848707, 4.0133E+00, 1.2400E+00, 6.7333E+01,
14:02:53.71848712, 4.0133E+00, 1.2400E+00, 6.7600E+01,
14:02:53.71848717, 4.0267E+00, 1.2400E+00, 6.7467E+01,
14:02:53.71848722, 3.9867E+00, 1.2400E+00, 6.7333E+01,
14:02:53.71848727, 4.0133E+00, 1.2267E+00, 6.7067E+01,
14:02:53.71848732, 4.0133E+00, 1.2267E+00, 6.7600E+01,
14:02:53.71848737, 3.9867E+00, 1.2267E+00, 6.6933E+01,
14:02:53.71848742, 4.0133E+00, 1.2533E+00, 6.7067E+01,
14:02:53.71848747, 4.0133E+00, 1.2533E+00, 6.7467E+01,
14:02:53.71848752, 4.0133E+00, 1.2533E+00, 6.7200E+01,
14:02:53.71848757, 4.0000E+00, 1.2533E+00, 6.7200E+01,
14:02:53.71848762, 4.0400E+00, 1.2267E+00, 6.7067E+01,
14:02:53.71848767, 4.0133E+00, 1.2533E+00, 6.7600E+01,
14:02:53.71848772, 4.0133E+00, 1.2400E+00, 6.7467E+01,
14:02:53.71848777, 4.0133E+00, 1.2533E+00, 6.7333E+01,
14:02:53.71848782, 4.0267E+00, 1.2533E+00, 6.7067E+01,
14:02:53.71848787, 3.9867E+00, 1.2533E+00, 6.7600E+01,
14:02:53.71848792, 4.0133E+00, 1.2267E+00, 6.7333E+01,
14:02:53.71848797, 4.0267E+00, 1.2267E+00, 6.7467E+01,
14:02:53.71848802, 4.0133E+00, 1.2267E+00, 6.7333E+01,
14:02:53.71848807, 4.0133E+00, 1.2533E+00, 6.7200E+01,
14:02:53.71848812, 3.9733E+00, 1.2667E+00, 6.7600E+01,
14:02:53.71848817, 4.0267E+00, 1.2267E+00, 6.7333E+01,
14:02:53.71848822, 3.9867E+00, 1.2667E+00, 6.7333E+01,
14:02:53.71848827, 4.0267E+00, 1.2533E+00, 6.7200E+01,
14:02:53.71848832, 4.0400E+00, 1.2400E+00, 6.7067E+01,
14:02:53.71848837, 4.0267E+00, 1.2933E+00, 6.7200E+01,
14:02:53.71848842, 4.0400E+00, 1.2667E+00, 6.7467E+01,
14:02:53.71848847, 4.0133E+00, 1.2533E+00, 6.7467E+01,
14:02:53.71848852, 4.0000E+00, 1.2667E+00, 6.7200E+01,
14:02:53.71848857, 4.0000E+00, 1.2533E+00, 6.7333E+01,
14:02:53.71848862, 4.0133E+00, 1.2400E+00, 6.7200E+01,
14:02:53.71848867, 4.0133E+00, 1.2667E+00, 6.7467E+01,
14:02:53.71848872, 4.0133E+00, 1.2400E+00, 6.7333E+01,
14:02:53.71848877, 4.0267E+00, 1.2800E+00, 6.7333E+01,
14:02:53.71848882, 4.0400E+00, 1.2267E+00, 6.7333E+01,
14:02:53.71848887, 4.0000E+00, 1.2667E+00, 6.7733E+01,
14:02:53.71848892, 4.0400E+00, 1.2533E+00, 6.7067E+01,
14:02:53.71848897, 3.9867E+00, 1.2267E+00, 6.7733E+01,
14:02:53.71848902, 4.0133E+00, 1.2400E+00, 6.7333E+01,
14:02:53.71848907, 4.0133E+00, 1.2533E+00, 6.7733E+01,
14:02:53.71848912, 3.9733E+00, 1.2533E+00, 6.7333E+01,
14:02:53.71848917, 4.0000E+00, 1.2667E+00, 6.7467E+01,
14:02:53.71848922, 4.0133E+00, 1.2533E+00, 6.7467E+01,
14:02:53.71848927, 4.0133E+00, 1.2267E+00, 6.7333E+01,
14:02:53.71848932, 4.0400E+00, 1.2400E+00, 6.7200E+01,
14:02:53.71848937, 4.0267E+00, 1.2400E+00, 6.7333E+01,
14:02:53.71848942, 4.0533E+00, 1.2533E+00, 6.7333E+01,
14:02:53.71848947, 4.0133E+00, 1.2533E+00, 6.7200E+01,
14:02:53.71848952, 4.0000E+00, 1.2533E+00, 6.7467E+01,
14:02:53.71848957, 3.9867E+00, 1.2667E+00, 6.7467E+01,
14:02:53.71848962, 4.0000E+00, 1.2800E+00, 6.7733E+01,
14:02:53.71848967, 4.0000E+00, 1.2400E+00, 6.7600E+01,
14:02:53.71848972, 4.0133E+00, 1.2267E+00, 6.7467E+01,
14:02:53.71848977, 4.0267E+00, 1.2533E+00, 6.7333E+01,
14:02:53.71848982, 3.9867E+00, 1.2533E+00, 6.7467E+01,
14:02:53.71848987, 3.9733E+00, 1.2400E+00, 6.7200E+01,
14:02:53.71848992, 4.0000E+00, 1.2400E+00, 6.7333E+01,
14:02:53.71848997, 4.0267E+00, 1.2400E+00, 6.7467E+01,
14:02:53.71849002, 4.0133E+00, 1.2400E+00, 6.7600E+01,
14:02:53.71849007, 3.9867E+00, 1.2400E+00, 6.7467E+01,
14:02:53.71849012, 4.0267E+00, 1.2800E+00, 6.7467E+01,
14:02:53.71849017, 4.0400E+00, 1.2533E+00, 6.7600E+01,
14:02:53.71849022, 4.0133E+00, 1.2667E+00, 6.7733E+01,
14:02:53.71849027, 4.0133E+00, 1.2667E+00, 6.7467E+01,
14:02:53.71849032, 4.0400E+00, 1.2533E+00, 6.7200E+01,
14:02:53.71849037, 4.0267E+00, 1.2667E+00, 6.7467E+01,
14:02:53.71849042, 4.0400E+00, 1.2533E+00, 6.7467E+01,
14:02:53.71849047, 4.0000E+00, 1.2400E+00, 6.7467E+01,
14:02:53.71849052, 4.0133E+00, 1.2533E+00, 6.7467E+01,
14:02:53.71849057, 4.0133E+00, 1.2533E+00, 6.7600E+01,
14:02:53.71849062, 4.0000E+00, 1.2400E+00, 6.7600E+01,
14:02:53.71849067, 4.0133E+00, 1.2533E+00, 6.7333E+01,
14:02:53.71849072, 4.0267E+00, 1.2667E+00, 6.7467E+01,
14:02:53.71849077, 4.0267E+00, 1.2533E+00, 6.7200E+01,
14:02:53.71849082, 4.0267E+00, 1.2400E+00, 6.7600E+01,
14:02:53.71849087, 4.0267E+00, 1.2267E+00, 6.7600E+01,
14:02:53.71849092, 4.0267E+00, 1.2533E+00, 6.7600E+01,
14:02:53.71849097, 4.0267E+00, 1.2267E+00, 6.7200E+01,
14:02:53.71849102, 3.9867E+00, 1.2667E+00, 6.7600E+01,
14:02:53.71849107, 4.0000E+00, 1.2267E+00, 6.7733E+01,
14:02:53.71849112, 4.0133E+00, 1.2667E+00, 6.7333E+01,
14:02:53.71849117, 3.9867E+00, 1.2400E+00, 6.7733E+01,
14:02:53.71849122, 4.0000E+00, 1.2267E+00, 6.7733E+01,
14:02:53.71849127, 4.0133E+00, 1.2667E+00, 6.7200E+01,
14:02:53.71849132, 4.0400E+00, 1.2667E+00, 6.7733E+01,
14:02:53.71849137, 4.0133E+00, 1.2400E+00, 6.7600E+01,
14:02:53.71849142, 4.0133E+00, 1.2400E+00, 6.7467E+01,
14:02:53.71849147, 4.0000E+00, 1.2667E+00, 6.7467E+01,
14:02:53.71849152, 3.9867E+00, 1.2533E+00, 6.7333E+01,
14:02:53.71849157, 4.0267E+00, 1.2533E+00, 6.7467E+01,
14:02:53.71849162, 4.0267E+00, 1.2400E+00, 6.7733E+01,
14:02:53.71849167, 4.0133E+00, 1.2933E+00, 6.7600E+01,
14:02:53.71849172, 3.9867E+00, 1.2533E+00, 6.7333E+01,
14:02:53.71849177, 4.0000E+00, 1.2400E+00, 6.7200E+01,
14:02:53.71849182, 4.0133E+00, 1.2400E+00, 6.7200E+01,
14:02:53.71849187, 4.0133E+00, 1.2800E+00, 6.7333E+01,
14:02:53.71849192, 4.0133E+00, 1.2400E+00, 6.7467E+01,
14:02:53.71849197, 4.0133E+00, 1.2533E+00, 6.7733E+01,
14:02:53.71849202, 4.0000E+00, 1.2533E+00, 6.7333E+01,
14:02:53.71849207, 3.9867E+00, 1.2533E+00, 6.7467E+01,
14:02:53.71849212, 4.0133E+00, 1.2533E+00, 6.7600E+01,
14:02:53.71849217, 4.0400E+00, 1.2533E+00, 6.7333E+01,
14:02:53.71849222, 4.0267E+00, 1.2400E+00, 6.7733E+01,
14:02:53.71849227, 4.0400E+00, 1.2533E+00, 6.7200E+01,
14:02:53.71849232, 4.0400E+00, 1.2533E+00, 6.7600E+01,
14:02:53.71849237, 4.0000E+00, 1.2400E+00, 6.7333E+01,
14:02:53.71849242, 4.0400E+00, 1.2667E+00, 6.7467E+01,
14:02:53.71849247, 4.0267E+00, 1.2533E+00, 6.7733E+01,
14:02:53.71849252, 3.9867E+00, 1.2667E+00, 6.7733E+01,
14:02:53.71849257, 4.0000E+00, 1.2533E+00, 6.7600E+01,
14:02:53.71849262, 4.0133E+00, 1.2533E+00, 6.7467E+01,
14:02:53.71849267, 4.0133E+00, 1.2933E+00, 6.7333E+01,
14:02:53.71849272, 4.0133E+00, 1.2800E+00, 6.7733E+01,
14:02:53.71849277, 4.0400E+00, 1.2400E+00, 6.7733E+01,
14:02:53.71849282, 4.0000E+00, 1.2667E+00, 6.7333E+01,
14:02:53.71849287, 4.0133E+00, 1.2667E+00, 6.7467E+01,
14:02:53.71849292, 3.9733E+00, 1.2533E+00, 6.7733E+01,
14:02:53.71849297, 4.0000E+00, 1.2667E+00, 6.7467E+01,
14:02:53.71849302, 3.9867E+00, 1.2933E+00, 6.7467E+01,
14:02:53.71849307, 4.0000E+00, 1.2667E+00, 6.7600E+01,
14:02:53.71849312, 4.0133E+00, 1.2667E+00, 6.7467E+01,
14:02:53.71849317, 4.0133E+00, 1.2800E+00, 6.7733E+01,
14:02:53.71849322, 4.0267E+00, 1.2800E+00, 6.7467E+01,
14:02:53.71849327, 4.0267E+00, 1.2533E+00, 6.7867E+01,
14:02:53.71849332, 4.0133E+00, 1.2267E+00, 6.7333E+01,
14:02:53.71849337, 4.0133E+00, 1.2133E+00, 6.7600E+01,
14:02:53.71849342, 3.9867E+00, 1.2533E+00, 6.7733E+01,
14:02:53.71849347, 3.9733E+00, 1.2400E+00, 6.7600E+01,
14:02:53.71849352, 3.9867E+00, 1.2800E+00, 6.7867E+01,
14:02:53.71849357, 4.0400E+00, 1.2667E+00, 6.7600E+01,
14:02:53.71849362, 4.0133E+00, 1.2267E+00, 6.7600E+01,
14:02:53.71849367, 4.0267E+00, 1.2533E+00, 6.7333E+01,
14:02:53.71849372, 4.0267E+00, 1.2667E+00, 6.7467E+01,
14:02:53.71849377, 4.0000E+00, 1.2267E+00, 6.7467E+01,
14:02:53.71849382, 4.0267E+00, 1.2400E+00, 6.7333E+01,
14:02:53.71849387, 4.0133E+00, 1.2533E+00, 6.7467E+01,
14:02:53.71849392, 4.0133E+00, 1.2667E+00, 6.7467E+01,
14:02:53.71849397, 4.0133E+00, 1.2533E+00, 6.7733E+01,
14:02:53.71849402, 3.9867E+00, 1.2667E+00, 6.7733E+01,
14:02:53.71849407, 4.0133E+00, 1.2533E+00, 6.7600E+01,
14:02:53.71849412, 4.0133E+00, 1.2400E+00, 6.7467E+01,
14:02:53.71849417, 4.0400E+00, 1.2533E+00, 6.7600E+01,
14:02:53.71849422, 4.0267E+00, 1.2267E+00, 6.7733E+01,
14:02:53.71849427, 3.9733E+00, 1.2667E+00, 6.7467E+01,
14:02:53.71849432, 4.0000E+00, 1.2533E+00, 6.7333E+01,
14:02:53.71849437, 4.0133E+00, 1.2667E+00, 6.7733E+01,
14:02:53.71849442, 3.9867E+00, 1.2800E+00, 6.7467E+01,
14:02:53.71849447, 4.0000E+00, 1.2667E+00, 6.7600E+01,
14:02:53.71849452, 4.0000E+00, 1.2533E+00, 6.7600E+01,
14:02:53.71849457, 4.0000E+00, 1.2800E+00, 6.7600E+01,
14:02:53.71849462, 4.0267E+00, 1.2533E+00, 6.7333E+01,
14:02:53.71849467, 4.0533E+00, 1.2667E+00, 6.7467E+01,
14:02:53.71849472, 4.0400E+00, 1.2533E+00, 6.7733E+01,
14:02:53.71849477, 3.9867E+00, 1.2667E+00, 6.7200E+01,
14:02:53.71849482, 4.0000E+00, 1.2667E+00, 6.7467E+01,
14:02:53.71849487, 4.0000E+00, 1.2533E+00, 6.7733E+01,
14:02:53.71849492, 4.0133E+00, 1.2533E+00, 6.7467E+01,
14:02:53.71849497, 4.0000E+00, 1.2400E+00, 6.7733E+01,
14:02:53.71849502, 4.0133E+00, 1.2267E+00, 6.7600E+01,
14:02:53.71849507, 4.0267E+00, 1.2533E+00, 6.7467E+01,
14:02:53.71849512, 4.0267E+00, 1.2800E+00, 6.7600E+01,
14:02:53.71849517, 4.0267E+00, 1.2400E+00, 6.7600E+01,
14:02:53.71849522, 4.0133E+00, 1.2533E+00, 6.7733E+01,
14:02:53.71849527, 4.0000E+00, 1.2533E+00, 6.7600E+01,
14:02:53.71849532, 4.0133E+00, 1.2800E+00, 6.7600E+01,
14:02:53.71849537, 4.0000E+00, 1.2800E+00, 6.7733E+01,
14:02:53.71849542, 3.9867E+00, 1.2533E+00, 6.7733E+01,
14:02:53.71849547, 4.0133E+00, 1.2400E+00, 6.7733E+01,
14:02:53.71849552, 4.0000E+00, 1.2400E+00, 6.7600E+01,
14:02:53.71849557, 4.0133E+00, 1.2800E+00, 6.7733E+01,
14:02:53.71849562, 4.0000E+00, 1.2533E+00, 6.7467E+01,
14:02:53.71849567, 4.0133E+00, 1.2267E+00, 6.7333E+01,
14:02:53.71849572, 4.0133E+00, 1.2400E+00, 6.7467E+01,
14:02:53.71849577, 4.0000E+00, 1.2533E+00, 6.7600E+01,
14:02:53.71849582, 3.9867E+00, 1.2400E+00, 6.7467E+01,
14:02:53.71849587, 3.9867E+00, 1.2400E+00, 6.7867E+01,
14:02:53.71849592, 4.0267E+00, 1.2533E+00, 6.7733E+01,
14:02:53.71849597, 4.0400E+00, 1.2533E+00, 6.7733E+01,
14:02:53.71849602, 4.0133E+00, 1.2400E+00, 6.7733E+01,
14:02:53.71849607, 4.0133E+00, 1.2400E+00, 6.7467E+01,
14:02:53.71849612, 4.0267E+00, 1.2133E+00, 6.7333E+01,
14:02:53.71849617, 4.0267E+00, 1.2533E+00, 6.7733E+01,
14:02:53.71849622, 4.0000E+00, 1.2667E+00, 6.7467E+01,
14:02:53.71849627, 4.0000E+00, 1.2667E+00, 6.7733E+01,
14:02:53.71849632, 3.9867E+00, 1.2400E+00, 6.7600E+01,
14:02:53.71849637, 3.9867E+00, 1.2400E+00, 6.7733E+01,
14:02:53.71849642, 4.0000E+00, 1.2800E+00, 6.7600E+01,
14:02:53.71849647, 4.0000E+00, 1.2133E+00, 6.7733E+01,
14:02:53.71849652, 3.9867E+00, 1.2800E+00, 6.7467E+01,
14:02:53.71849657, 4.0133E+00, 1.2667E+00, 6.7733E+01,
14:02:53.71849662, 4.0267E+00, 1.2667E+00, 6.7467E+01,
14:02:53.71849667, 4.0000E+00, 1.2667E+00, 6.7333E+01,
14:02:53.71849672, 4.0267E+00, 1.2533E+00, 6.7733E+01,
14:02:53.71849677, 4.0000E+00, 1.2933E+00, 6.7600E+01,
14:02:53.71849682, 3.9867E+00, 1.2800E+00, 6.7600E+01,
14:02:53.71849687, 4.0400E+00, 1.2800E+00, 6.7733E+01,
14:02:53.71849692, 4.0133E+00, 1.2667E+00, 6.7733E+01,
14:02:53.71849697, 4.0000E+00, 1.2533E+00, 6.7733E+01,
14:02:53.71849702, 4.0267E+00, 1.2400E+00, 6.7467E+01,
14:02:53.71849707, 4.0400E+00, 1.2267E+00, 6.7333E+01,
14:02:53.71849712, 4.0000E+00, 1.2533E+00, 6.7467E+01,
14:02:53.71849717, 4.0267E+00, 1.2533E+00, 6.7333E+01,
14:02:53.71849722, 4.0133E+00, 1.2400E+00, 6.7333E+01,
14:02:53.71849727, 3.9733E+00, 1.2800E+00, 6.7733E+01,
14:02:53.71849732, 4.0133E+00, 1.2400E+00, 6.7333E+01,
14:02:53.71849737, 4.0267E+00, 1.2667E+00, 6.7733E+01,
14:02:53.71849742, 4.0133E+00, 1.2400E+00, 6.7733E+01,
14:02:53.71849747, 4.0267E+00, 1.2667E+00, 6.7733E+01,
14:02:53.71849752, 4.0133E+00, 1.2533E+00, 6.7600E+01,
14:02:53.71849757, 4.0267E+00, 1.2267E+00, 6.7333E+01,
14:02:53.71849762, 4.0267E+00, 1.2533E+00, 6.7733E+01,
14:02:53.71849767, 3.9867E+00, 1.2533E+00, 6.7600E+01,
14:02:53.71849772, 3.9867E+00, 1.2933E+00, 6.7467E+01,
14:02:53.71849777, 4.0000E+00, 1.2533E+00, 6.7467E+01,
14:02:53.71849782, 4.0133E+00, 1.2533E+00, 6.7600E+01,
14:02:53.71849787, 4.0400E+00, 1.2267E+00, 6.7733E+01,
14:02:53.71849792, 4.0000E+00, 1.2667E+00, 6.7733E+01,
14:02:53.71849797, 4.0133E+00, 1.2667E+00, 6.7733E+01,
14:02:53.71849802, 4.0000E+00, 1.2533E+00, 6.7733E+01,
14:02:53.71849807, 4.0267E+00, 1.2800E+00, 6.7733E+01,
14:02:53.71849812, 4.0000E+00, 1.2533E+00, 6.7867E+01,
14:02:53.71849817, 3.9867E+00, 1.2667E+00, 6.7333E+01,
14:02:53.71849822, 4.0000E+00, 1.2667E+00, 6.7467E+01,
14:02:53.71849827, 4.0000E+00, 1.2533E+00, 6.7733E+01,
14:02:53.71849832, 4.0267E+00, 1.2667E+00, 6.7733E+01,
14:02:53.71849837, 3.9867E+00, 1.2667E+00, 6.7733E+01,
14:02:53.71849842, 4.0133E+00, 1.2667E+00, 6.7733E+01,
14:02:53.71849847, 4.0400E+00, 1.2400E+00, 6.7733E+01,
14:02:53.71849852, 4.0267E+00, 1.2667E+00, 6.7467E+01,
14:02:53.71849857, 4.0000E+00, 1.2800E+00, 6.7600E+01,
14:02:53.71849862, 4.0267E+00, 1.2800E+00, 6.7600E+01,
14:02:53.71849867, 3.9733E+00, 1.2933E+00, 6.7600E+01,
14:02:53.71849872, 3.9600E+00, 1.2533E+00, 6.7467E+01,
14:02:53.71849877, 4.0000E+00, 1.2800E+00, 6.7733E+01,
14:02:53.71849882, 4.0133E+00, 1.2933E+00, 6.7733E+01,
14:02:53.71849887, 4.0133E+00, 1.2800E+00, 6.7467E+01,
14:02:53.71849892, 4.0267E+00, 1.2400E+00, 6.7733E+01,
14:02:53.71849897, 4.0533E+00, 1.2533E+00, 6.7333E+01,
14:02:53.71849902, 4.0533E+00, 1.2800E+00, 6.7467E+01,
14:02:53.71849907, 4.0133E+00, 1.2533E+00, 6.7467E+01,
14:02:53.71849912, 3.9867E+00, 1.2667E+00, 6.7733E+01,
14:02:53.71849917, 4.0133E+00, 1.2533E+00, 6.7600E+01,
14:02:53.71849922, 4.0267E+00, 1.2533E+00, 6.7600E+01,
14:02:53.71849927, 3.9733E+00, 1.2533E+00, 6.7733E+01,
14:02:53.71849932, 4.0000E+00, 1.2667E+00, 6.7867E+01,
14:02:53.71849937, 4.0133E+00, 1.2267E+00, 6.7733E+01,
14:02:53.71849942, 4.0267E+00, 1.2533E+00, 6.7600E+01,
14:02:53.71849947, 4.0000E+00, 1.2533E+00, 6.7600E+01,
14:02:53.71849952, 3.9867E+00, 1.2533E+00, 6.7733E+01,
14:02:53.71849957, 4.0267E+00, 1.2800E+00, 6.7467E+01,
14:02:53.71849962, 4.0133E+00, 1.2533E+00, 6.7333E+01,
14:02:53.71849967, 3.9867E+00, 1.2800E+00, 6.7600E+01,
14:02:53.71849972, 4.0267E+00, 1.2267E+00, 6.7733E+01,
14:02:53.71849977, 4.0000E+00, 1.2533E+00, 6.7733E+01,
14:02:53.71849982, 4.0267E+00, 1.2533E+00, 6.7733E+01,
14:02:53.71849987, 4.0400E+00, 1.2533E+00, 6.7333E+01,
14:02:53.71849992, 4.0133E+00, 1.2667E+00, 6.7600E+01,
14:02:53.71849997, 4.0267E+00, 1.2933E+00, 6.7600E+01,
14:02:53.71850002, 3.9867E+00, 1.2400E+00, 6.7600E+01,
14:02:53.71850007, 4.0000E+00, 1.2533E+00, 6.7733E+01,
14:02:53.71850012, 4.0133E+00, 1.2667E+00, 6.7467E+01,
14:02:53.71850017, 4.0000E+00, 1.2667E+00, 6.7733E+01,
14:02:53.71850022, 4.0133E+00, 1.2933E+00, 6.7867E+01,
14:02:53.71850027, 4.0133E+00, 1.2533E+00, 6.7733E+01,
14:02:53.71850032, 4.0000E+00, 1.2533E+00, 6.7733E+01,
14:02:53.71850037, 4.0000E+00, 1.2533E+00, 6.7733E+01,
14:02:53.71850042, 4.0133E+00, 1.2667E+00, 6.7733E+01,
14:02:53.71850047, 4.0267E+00, 1.2533E+00, 6.7733E+01,
14:02:53.71850052, 4.0267E+00, 1.2800E+00, 6.7733E+01,
14:02:53.71850057, 4.0000E+00, 1.2800E+00, 6.7733E+01,
14:02:53.71850062, 4.0133E+00, 1.2533E+00, 6.7600E+01,
14:02:53.71850067, 4.0267E+00, 1.2667E+00, 6.7733E+01,
14:02:53.71850072, 4.0133E+00, 1.2933E+00, 6.7733E+01,
14:02:53.71850077, 4.0133E+00, 1.2267E+00, 6.7733E+01,
14:02:53.71850082, 4.0267E+00, 1.2533E+00, 6.7600E+01,
14:02:53.71850087, 4.0533E+00, 1.2533E+00, 6.7600E+01,
14:02:53.71850092, 4.0000E+00, 1.2667E+00, 6.7733E+01,
14:02:53.71850097, 4.0267E+00, 1.2533E+00, 6.7733E+01,
14:02:53.71850102, 4.0133E+00, 1.2533E+00, 6.7733E+01,
14:02:53.71850107, 3.9733E+00, 1.2533E+00, 6.7600E+01,
14:02:53.71850112, 4.0000E+00, 1.2667E+00, 6.7600E+01,
14:02:53.71850117, 4.0000E+00, 1.2667E+00, 6.7600E+01,
14:02:53.71850122, 4.0400E+00, 1.2667E+00, 6.7733E+01,
14:02:53.71850127, 4.0267E+00, 1.2800E+00, 6.7733E+01,
14:02:53.71850132, 4.0267E+00, 1.2400E+00, 6.7600E+01,
14:02:53.71850137, 4.0133E+00, 1.2933E+00, 6.7467E+01,
14:02:53.71850142, 4.0267E+00, 1.2533E+00, 6.7467E+01,
14:02:53.71850147, 4.0000E+00, 1.2400E+00, 6.7600E+01,
14:02:53.71850152, 4.0267E+00, 1.2533E+00, 6.7600E+01,
14:02:53.71850157, 3.9867E+00, 1.2933E+00, 6.7733E+01,
14:02:53.71850162, 3.9867E+00, 1.2533E+00, 6.7733E+01,
14:02:53.71850167, 4.0000E+00, 1.2400E+00, 6.7333E+01,
14:02:53.71850172, 4.0267E+00, 1.2400E+00, 6.7467E+01,
14:02:53.71850177, 4.0133E+00, 1.2400E+00, 6.7600E+01,
14:02:53.71850182, 4.0533E+00, 1.2400E+00, 6.7867E+01,
14:02:53.71850187, 4.0133E+00, 1.2400E+00, 6.7733E+01,
14:02:53.71850192, 4.0133E+00, 1.2800E+00, 6.7467E+01,
14:02:53.71850197, 4.0267E+00, 1.2667E+00, 6.7333E+01,
14:02:53.71850202, 3.9867E+00, 1.2267E+00, 6.7467E+01,
14:02:53.71850207, 4.0267E+00, 1.2533E+00, 6.7733E+01,
14:02:53.71850212, 4.0133E+00, 1.2533E+00, 6.7733E+01,
14:02:53.71850217, 3.9867E+00, 1.2667E+00, 6.7733E+01,
14:02:53.71850222, 3.9867E+00, 1.2533E+00, 6.7600E+01,
14:02:53.71850227, 4.0267E+00, 1.2533E+00, 6.7600E+01,
14:02:53.71850232, 4.0533E+00, 1.2800E+00, 6.7600E+01,
14:02:53.71850237, 4.0400E+00, 1.2533E+00, 6.7733E+01,
14:02:53.71850242, 4.0133E+00, 1.2533E+00, 6.7467E+01,
14:02:53.71850247, 4.0267E+00, 1.2400E+00, 6.7333E+01,
14:02:53.71850252, 3.9733E+00, 1.2800E+00, 6.7733E+01,
14:02:53.71850257, 4.0000E+00, 1.2400E+00, 6.7733E+01,
14:02:53.71850262, 4.0133E+00, 1.2800E+00, 6.7467E+01,
14:02:53.71850267, 4.0000E+00, 1.2800E+00, 6.7733E+01,
14:02:53.71850272, 3.9867E+00, 1.2933E+00, 6.7733E+01,
14:02:53.71850277, 4.0133E+00, 1.2400E+00, 6.7600E+01,
14:02:53.71850282, 4.0133E+00, 1.2533E+00, 6.7333E+01,
14:02:53.71850287, 4.0000E+00, 1.2667E+00, 6.7733E+01,
14:02:53.71850292, 3.9867E+00, 1.2533E+00, 6.7467E+01,
14:02:53.71850297, 4.0133E+00, 1.2533E+00, 6.7467E+01,
14:02:53.71850302, 4.0000E+00, 1.2533E+00, 6.7600E+01,
14:02:53.71850307, 4.0000E+00, 1.2933E+00, 6.7733E+01,
14:02:53.71850312, 4.0267E+00, 1.2533E+00, 6.8000E+01,
14:02:53.71850317, 4.0000E+00, 1.2533E+00, 6.7733E+01,
14:02:53.71850322, 4.0267E+00, 1.2800E+00, 6.7733E+01,
14:02:53.71850327, 4.0533E+00, 1.2933E+00, 6.7733E+01,
14:02:53.71850332, 4.0000E+00, 1.2400E+00, 6.7600E+01,
14:02:53.71850337, 4.0133E+00, 1.2800E+00, 6.7733E+01,
14:02:53.71850342, 4.0133E+00, 1.2533E+00, 6.7733E+01,
14:02:53.71850347, 3.9867E+00, 1.2800E+00, 6.7733E+01,
14:02:53.71850352, 3.9600E+00, 1.2800E+00, 6.7333E+01,
14:02:53.71850357, 3.9867E+00, 1.2933E+00, 6.7733E+01,
14:02:53.71850362, 4.0133E+00, 1.2667E+00, 6.7600E+01,
14:02:53.71850367, 4.0000E+00, 1.2667E+00, 6.7733E+01,
14:02:53.71850372, 4.0400E+00, 1.2133E+00, 6.7467E+01,
14:02:53.71850377, 4.0000E+00, 1.2667E+00, 6.7600E+01,
14:02:53.71850382, 4.0267E+00, 1.2533E+00, 6.7467E+01,
14:02:53.71850387, 4.0133E+00, 1.2267E+00, 6.7467E+01,
14:02:53.71850392, 4.0133E+00, 1.2667E+00, 6.7333E+01,
14:02:53.71850397, 3.9733E+00, 1.2400E+00, 6.7600E+01,
14:02:53.71850402, 4.0000E+00, 1.2667E+00, 6.7467E+01,
14:02:53.71850407, 4.0133E+00, 1.2933E+00, 6.7733E+01,
14:02:53.71850412, 4.0400E+00, 1.2667E+00, 6.7467E+01,
14:02:53.71850417, 4.0133E+00, 1.2800E+00, 6.7600E+01,
14:02:53.71850422, 4.0400E+00, 1.2800E+00, 6.7600E+01,
14:02:53.71850427, 4.0267E+00, 1.2667E+00, 6.7600E+01,
14:02:53.71850432, 4.0267E+00, 1.2667E+00, 6.7467E+01,
14:02:53.71850437, 3.9867E+00, 1.2533E+00, 6.7600E+01,
14:02:53.71850442, 4.0133E+00, 1.2800E+00, 6.7733E+01,
14:02:53.71850447, 4.0000E+00, 1.2667E+00, 6.7333E+01,
14:02:53.71850452, 3.9867E+00, 1.2400E+00, 6.7867E+01,
14:02:53.71850457, 4.0133E+00, 1.2533E+00, 6.7733E+01,
14:02:53.71850462, 4.0000E+00, 1.2533E+00, 6.7600E+01,
14:02:53.71850467, 4.0133E+00, 1.2667E+00, 6.7733E+01,
14:02:53.71850472, 4.0133E+00, 1.2667E+00, 6.7733E+01,
14:02:53.71850477, 4.0133E+00, 1.2533E+00, 6.7733E+01,
14:02:53.71850482, 4.0267E+00, 1.2800E+00, 6.7467E+01,
14:02:53.71850487, 4.0133E+00, 1.2667E+00, 6.7600E+01,
14:02:53.71850492, 4.0000E+00, 1.2667E+00, 6.7467E+01,
14:02:53.71850497, 4.0000E+00, 1.2667E+00, 6.7467E+01,
14:02:53.71850502, 3.9867E+00, 1.2800E+00, 6.7467E+01,
14:02:53.71850507, 4.0133E+00, 1.2667E+00, 6.7733E+01,
14:02:53.71850512, 4.0267E+00, 1.2400E+00, 6.7600E+01,
14:02:53.71850517, 4.0533E+00, 1.2667E+00, 6.7867E+01,
14:02:53.71850522, 4.0000E+00, 1.2667E+00, 6.7733E+01,
14:02:53.71850527, 4.0000E+00, 1.2267E+00, 6.7600E+01,
14:02:53.71850532, 4.0133E+00, 1.2933E+00, 6.7467E+01,
14:02:53.71850537, 4.0133E+00, 1.2533E+00, 6.7733E+01,
14:02:53.71850542, 4.0133E+00, 1.2667E+00, 6.7333E+01,
14:02:53.71850547, 4.0133E+00, 1.2800E+00, 6.7600E+01,
14:02:53.71850552, 4.0000E+00, 1.2533E+00, 6.7733E+01,
14:02:53.71850557, 4.0000E+00, 1.2667E+00, 6.7600E+01,
14:02:53.71850562, 4.0267E+00, 1.2800E+00, 6.7733E+01,
14:02:53.71850567, 4.0267E+00, 1.2667E+00, 6.7600E+01,
14:02:53.71850572, 4.0267E+00, 1.2800E+00, 6.7600E+01,
14:02:53.71850577, 4.0267E+00, 1.2533E+00, 6.7733E+01,
14:02:53.71850582, 4.0000E+00, 1.2667E+00, 6.7467E+01,
14:02:53.71850587, 4.0267E+00, 1.2800E+00, 6.7467E+01,
14:02:53.71850592, 3.9733E+00, 1.2400E+00, 6.7600E+01,
14:02:53.71850597, 4.0133E+00, 1.2667E+00, 6.7733E+01,
14:02:53.71850602, 4.0000E+00, 1.2800E+00, 6.7467E+01,
14:02:53.71850607, 4.0400E+00, 1.2267E+00, 6.8000E+01,
14:02:53.71850612, 4.0400E+00, 1.2800E+00, 6.7733E+01,
14:02:53.71850617, 4.0400E+00, 1.2800E+00, 6.7333E+01,
14:02:53.71850622, 4.0000E+00, 1.2667E+00, 6.7733E+01,
14:02:53.71850627, 4.0267E+00, 1.2667E+00, 6.7600E+01,
14:02:53.71850632, 3.9867E+00, 1.2667E+00, 6.7733E+01,
14:02:53.71850637, 3.9867E+00, 1.2800E+00, 6.7733E+01,
14:02:53.71850642, 4.0133E+00, 1.2267E+00, 6.7600E+01,
14:02:53.71850647, 3.9733E+00, 1.2533E+00, 6.7467E+01,
14:02:53.71850652, 4.0133E+00, 1.2800E+00, 6.7600E+01,
14:02:53.71850657, 4.0000E+00, 1.2667E+00, 6.7733E+01,
14:02:53.71850662, 4.0267E+00, 1.2533E+00, 6.7733E+01,
14:02:53.71850667, 4.0400E+00, 1.2667E+00, 6.7733E+01,
14:02:53.71850672, 4.0400E+00, 1.2533E+00, 6.7467E+01,
14:02:53.71850677, 4.0267E+00, 1.2667E+00, 6.7600E+01,
14:02:53.71850682, 4.0000E+00, 1.2667E+00, 6.7600E+01,
14:02:53.71850687, 4.0133E+00, 1.2400E+00, 6.7600E+01,
14:02:53.71850692, 4.0133E+00, 1.2667E+00, 6.7467E+01,
14:02:53.71850697, 3.9867E+00, 1.2933E+00, 6.7467E+01,
14:02:53.71850702, 4.0133E+00, 1.2667E+00, 6.7467E+01,
14:02:53.71850707, 4.0400E+00, 1.2800E+00, 6.7733E+01,
14:02:53.71850712, 4.0400E+00, 1.2533E+00, 6.7733E+01,
14:02:53.71850717, 4.0267E+00, 1.2667E+00, 6.7867E+01,
14:02:53.71850722, 4.0267E+00, 1.2800E+00, 6.7733E+01,
14:02:53.71850727, 4.0133E+00, 1.2533E+00, 6.7733E+01,
14:02:53.71850732, 4.0133E+00, 1.2400E+00, 6.7733E+01,
14:02:53.71850737, 3.9867E+00, 1.2533E+00, 6.7733E+01,
14:02:53.71850742, 4.0000E+00, 1.2533E+00, 6.7333E+01,
14:02:53.71850747, 4.0400E+00, 1.2667E+00, 6.7733E+01,
14:02:53.71850752, 4.0000E+00, 1.2800E+00, 6.7467E+01,
14:02:53.71850757, 4.0000E+00, 1.2800E+00, 6.7600E+01,
14:02:53.71850762, 4.0133E+00, 1.2533E+00, 6.7733E+01,
14:02:53.71850767, 4.0400E+00, 1.2667E+00, 6.7600E+01,
14:02:53.71850772, 4.0133E+00, 1.2267E+00, 6.7600E+01,
14:02:53.71850777, 4.0000E+00, 1.2933E+00, 6.7733E+01,
14:02:53.71850782, 3.9867E+00, 1.2667E+00, 6.7867E+01,
14:02:53.71850787, 4.0133E+00, 1.2667E+00, 6.7467E+01,
14:02:53.71850792, 4.0000E+00, 1.2933E+00, 6.7733E+01,
14:02:53.71850797, 4.0133E+00, 1.2800E+00, 6.7600E+01,
14:02:53.71850802, 4.0000E+00, 1.2800E+00, 6.7733E+01,
14:02:53.71850807, 4.0267E+00, 1.2667E+00, 6.7600E+01,
14:02:53.71850812, 4.0133E+00, 1.2667E+00, 6.7467E+01,
14:02:53.71850817, 4.0000E+00, 1.2400E+00, 6.7600E+01,
14:02:53.71850822, 4.0133E+00, 1.2400E+00, 6.7600E+01,
14:02:53.71850827, 4.0267E+00, 1.2667E+00, 6.7467E+01,
14:02:53.71850832, 4.0133E+00, 1.2267E+00, 6.7333E+01,
14:02:53.71850837, 4.0000E+00, 1.2667E+00, 6.7600E+01,
14:02:53.71850842, 3.9867E+00, 1.2400E+00, 6.7600E+01,
14:02:53.71850847, 4.0133E+00, 1.2667E+00, 6.7467E+01,
14:02:53.71850852, 4.0267E+00, 1.2667E+00, 6.7733E+01,
14:02:53.71850857, 4.0400E+00, 1.2667E+00, 6.7733E+01,
14:02:53.71850862, 4.0000E+00, 1.2667E+00, 6.7200E+01,
14:02:53.71850867, 4.0400E+00, 1.2400E+00, 6.7200E+01,
14:02:53.71850872, 4.0133E+00, 1.2667E+00, 6.7333E+01,
14:02:53.71850877, 4.0133E+00, 1.2667E+00, 6.7733E+01,
14:02:53.71850882, 4.0133E+00, 1.2667E+00, 6.7600E+01,
14:02:53.71850887, 4.0400E+00, 1.2667E+00, 6.7600E+01,
14:02:53.71850892, 4.0000E+00, 1.2800E+00, 6.7600E+01,
14:02:53.71850897, 4.0133E+00, 1.2400E+00, 6.7333E+01,
14:02:53.71850902, 4.0400E+00, 1.2933E+00, 6.7467E+01,
14:02:53.71850907, 4.0400E+00, 1.2933E+00, 6.7600E+01,
14:02:53.71850912, 4.0133E+00, 1.2800E+00, 6.7733E+01,
14:02:53.71850917, 4.0133E+00, 1.2667E+00, 6.7467E+01,
14:02:53.71850922, 3.9733E+00, 1.2800E+00, 6.7333E+01,
14:02:53.71850927, 4.0133E+00, 1.2667E+00, 6.7467E+01,
14:02:53.71850932, 4.0133E+00, 1.2933E+00, 6.7200E+01,
14:02:53.71850937, 4.0400E+00, 1.2933E+00, 6.7467E+01,
14:02:53.71850942, 4.0400E+00, 1.2933E+00, 6.7600E+01,
14:02:53.71850947, 4.0400E+00, 1.2800E+00, 6.7733E+01,
14:02:53.71850952, 3.9867E+00, 1.2800E+00, 6.7467E+01,
14:02:53.71850957, 4.0267E+00, 1.2533E+00, 6.7867E+01,
14:02:53.71850962, 4.0133E+00, 1.2800E+00, 6.7600E+01,
14:02:53.71850967, 4.0000E+00, 1.2533E+00, 6.7467E+01,
14:02:53.71850972, 4.0267E+00, 1.2800E+00, 6.7867E+01,
14:02:53.71850977, 4.0133E+00, 1.2800E+00, 6.7467E+01,
14:02:53.71850982, 4.0267E+00, 1.3200E+00, 6.7600E+01,
14:02:53.71850987, 4.0267E+00, 1.2667E+00, 6.7733E+01,
14:02:53.71850992, 4.0000E+00, 1.2667E+00, 6.7600E+01,
14:02:53.71850997, 4.0133E+00, 1.2800E+00, 6.7200E+01,
14:02:53.71851002, 4.0267E+00, 1.2533E+00, 6.7733E+01,
14:02:53.71851007, 4.0133E+00, 1.2667E+00, 6.7733E+01,
14:02:53.71851012, 4.0133E+00, 1.2400E+00, 6.7600E+01,
14:02:53.71851017, 4.0133E+00, 1.2800E+00, 6.7467E+01,
14:02:53.71851022, 4.0400E+00, 1.2533E+00, 6.7733E+01,
14:02:53.71851027, 3.9867E+00, 1.2267E+00, 6.7733E+01,
14:02:53.71851032, 4.0000E+00, 1.2933E+00, 6.7333E+01,
14:02:53.71851037, 4.0267E+00, 1.2533E+00, 6.7467E+01,
14:02:53.71851042, 4.0000E+00, 1.2400E+00, 6.7733E+01,
14:02:53.71851047, 4.0133E+00, 1.2800E+00, 6.7600E+01,
14:02:53.71851052, 4.0267E+00, 1.2800E+00, 6.7333E+01,
14:02:53.71851057, 4.0133E+00, 1.2533E+00, 6.7733E+01,
14:02:53.71851062, 4.0400E+00, 1.2667E+00, 6.7733E+01,
14:02:53.71851067, 4.0000E+00, 1.2800E+00, 6.7467E+01,
14:02:53.71851072, 4.0133E+00, 1.2800E+00, 6.7467E+01,
14:02:53.71851077, 3.9867E+00, 1.2533E+00, 6.7733E+01,
14:02:53.71851082, 3.9733E+00, 1.2267E+00, 6.7467E+01,
14:02:53.71851087, 3.9867E+00, 1.2800E+00, 6.7600E+01,
14:02:53.71851092, 4.0000E+00, 1.2533E+00, 6.7733E+01,
14:02:53.71851097, 4.0400E+00, 1.2800E+00, 6.7467E+01,
14:02:53.71851102, 4.0133E+00, 1.2800E+00, 6.7467E+01,
14:02:53.71851107, 4.0133E+00, 1.2533E+00, 6.7733E+01,
14:02:53.71851112, 4.0000E+00, 1.2800E+00, 6.7333E+01,
14:02:53.71851117, 4.0133E+00, 1.2667E+00, 6.7333E+01,
14:02:53.71851122, 4.0133E+00, 1.2933E+00, 6.7600E+01,
14:02:53.71851127, 4.0000E+00, 1.2933E+00, 6.7333E+01,
14:02:53.71851132, 4.0000E+00, 1.2800E+00, 6.7467E+01,
14:02:53.71851137, 4.0400E+00, 1.2400E+00, 6.7333E+01,
14:02:53.71851142, 4.0267E+00, 1.2667E+00, 6.7467E+01,
14:02:53.71851147, 4.0133E+00, 1.2533E+00, 6.7733E+01,
14:02:53.71851152, 4.0267E+00, 1.2533E+00, 6.7867E+01,
14:02:53.71851157, 4.0133E+00, 1.2800E+00, 6.7600E+01,
14:02:53.71851162, 3.9733E+00, 1.2667E+00, 6.7733E+01,
14:02:53.71851167, 4.0133E+00, 1.2667E+00, 6.7600E+01,
14:02:53.71851172, 4.0267E+00, 1.2533E+00, 6.7600E+01,
14:02:53.71851177, 4.0133E+00, 1.2667E+00, 6.7733E+01,
14:02:53.71851182, 4.0000E+00, 1.2667E+00, 6.7600E+01,
14:02:53.71851187, 4.0267E+00, 1.2667E+00, 6.7200E+01,
14:02:53.71851192, 4.0267E+00, 1.2667E+00, 6.7600E+01,
14:02:53.71851197, 4.0000E+00, 1.2533E+00, 6.7733E+01,
14:02:53.71851202, 4.0000E+00, 1.2533E+00, 6.7600E+01,
14:02:53.71851207, 4.0267E+00, 1.2533E+00, 6.7600E+01,
14:02:53.71851212, 3.9867E+00, 1.2800E+00, 6.7733E+01,
14:02:53.71851217, 3.9733E+00, 1.2533E+00, 6.7200E+01,
14:02:53.71851222, 4.0267E+00, 1.2533E+00, 6.7333E+01,
14:02:53.71851227, 4.0133E+00, 1.2533E+00, 6.7600E+01,
14:02:53.71851232, 4.0000E+00, 1.2533E+00, 6.7600E+01,
14:02:53.71851237, 4.0267E+00, 1.2533E+00, 6.7733E+01,
14:02:53.71851242, 4.0133E+00, 1.2400E+00, 6.7733E+01,
14:02:53.71851247, 4.0000E+00, 1.2533E+00, 6.7467E+01,
14:02:53.71851252, 4.0267E+00, 1.2933E+00, 6.7600E+01,
14:02:53.71851257, 3.9867E+00, 1.2400E+00, 6.7733E+01,
14:02:53.71851262, 3.9867E+00, 1.2800E+00, 6.7733E+01,
14:02:53.71851267, 4.0000E+00, 1.2933E+00, 6.7467E+01,
14:02:53.71851272, 4.0267E+00, 1.2533E+00, 6.7333E+01,
14:02:53.71851277, 4.0000E+00, 1.2667E+00, 6.7467E+01,
14:02:53.71851282, 4.0400E+00, 1.2667E+00, 6.7467E+01,
14:02:53.71851287, 4.0000E+00, 1.2933E+00, 6.7333E+01,
14:02:53.71851292, 4.0267E+00, 1.2800E+00, 6.7600E+01,
14:02:53.71851297, 3.9200E+00, 1.2933E+00, 6.7467E+01,
14:02:53.71851302, 2.4000E+00, 3.9200E+00, 6.7333E+01,
14:02:53.71851307, 1.0533E+00, 5.4000E+00, 6.7600E+01,
14:02:53.71851312, 1.4133E+00, 4.8667E+00, 6.7333E+01,
14:02:53.71851317, 1.4800E+00, 4.6800E+00, 6.7600E+01,
14:02:53.71851322, 1.4800E+00, 4.1333E+00, 6.7600E+01,
14:02:53.71851327, 1.3600E+00, 3.0400E+00, 6.6800E+01,
14:02:53.71851332, 9.6000E-01, 2.8667E+00, 6.6800E+01,
14:02:53.71851337, 8.4000E-01, 2.8000E+00, 6.5733E+01,
14:02:53.71851342, 8.2667E-01, 2.7200E+00, 6.5733E+01,
14:02:53.71851347, 8.2667E-01, 2.6533E+00, 6.5733E+01,
14:02:53.71851352, 7.6000E-01, 2.6267E+00, 6.5333E+01,
14:02:53.71851357, 7.2000E-01, 2.6267E+00, 6.4933E+01,
14:02:53.71851362, 7.2000E-01, 2.6000E+00, 6.4400E+01,
14:02:53.71851367, 7.0667E-01, 2.6000E+00, 6.4267E+01,
14:02:53.71851372, 7.3333E-01, 2.6267E+00, 6.3600E+01,
14:02:53.71851377, 7.3333E-01, 2.6133E+00, 6.3333E+01,
14:02:53.71851382, 7.2000E-01, 2.6133E+00, 6.3467E+01,
14:02:53.71851387, 7.0667E-01, 2.6267E+00, 6.3333E+01,
14:02:53.71851392, 7.2000E-01, 2.6533E+00, 6.2800E+01,
14:02:53.71851397, 7.0667E-01, 2.6133E+00, 6.2800E+01,
14:02:53.71851402, 6.6667E-01, 2.6267E+00, 6.2400E+01,
14:02:53.71851407, 6.6667E-01, 2.6533E+00, 6.2267E+01,
14:02:53.71851412, 6.6667E-01, 2.6533E+00, 6.1733E+01,
14:02:53.71851417, 6.6667E-01, 2.6667E+00, 6.1467E+01,
14:02:53.71851422, 6.5333E-01, 2.6667E+00, 6.1200E+01,
14:02:53.71851427, 6.8000E-01, 2.6933E+00, 6.1067E+01,
14:02:53.71851432, 6.8000E-01, 2.7333E+00, 6.0800E+01,
14:02:53.71851437, 7.0667E-01, 2.7333E+00, 6.0667E+01,
14:02:53.71851442, 6.8000E-01, 2.7733E+00, 6.0133E+01,
14:02:53.71851447, 7.0667E-01, 2.7600E+00, 6.0267E+01,
14:02:53.71851452, 6.5333E-01, 2.8000E+00, 5.9733E+01,
14:02:53.71851457, 6.6667E-01, 2.8000E+00, 5.9600E+01,
14:02:53.71851462, 6.6667E-01, 2.8000E+00, 5.9467E+01,
14:02:53.71851467, 6.6667E-01, 2.8133E+00, 5.8800E+01,
14:02:53.71851472, 6.8000E-01, 2.8133E+00, 5.8800E+01,
14:02:53.71851477, 6.6667E-01, 2.8667E+00, 5.8267E+01,
14:02:53.71851482, 6.5333E-01, 2.8667E+00, 5.8400E+01,
14:02:53.71851487, 6.6667E-01, 2.9067E+00, 5.7733E+01,
14:02:53.71851492, 6.5333E-01, 2.9333E+00, 5.7600E+01,
14:02:53.71851497, 6.2667E-01, 2.9333E+00, 5.7067E+01,
14:02:53.71851502, 6.4000E-01, 2.9600E+00, 5.7067E+01,
14:02:53.71851507, 6.2667E-01, 2.9333E+00, 5.6933E+01,
14:02:53.71851512, 6.6667E-01, 3.0000E+00, 5.5867E+01,
14:02:53.71851517, 6.2667E-01, 3.0267E+00, 5.5867E+01,
14:02:53.71851522, 6.4000E-01, 3.0267E+00, 5.5467E+01,
14:02:53.71851527, 6.6667E-01, 3.0400E+00, 5.5467E+01,
14:02:53.71851532, 6.1333E-01, 3.0667E+00, 5.5200E+01,
14:02:53.71851537, 6.4000E-01, 3.0933E+00, 5.5067E+01,
14:02:53.71851542, 6.4000E-01, 3.0667E+00, 5.4400E+01,
14:02:53.71851547, 6.2667E-01, 3.1333E+00, 5.4133E+01,
14:02:53.71851552, 6.4000E-01, 3.1200E+00, 5.4000E+01,
14:02:53.71851557, 6.6667E-01, 3.1733E+00, 5.3333E+01,
14:02:53.71851562, 6.5333E-01, 3.1733E+00, 5.2933E+01,
14:02:53.71851567, 6.5333E-01, 3.2000E+00, 5.2667E+01,
14:02:53.71851572, 6.4000E-01, 3.2000E+00, 5.2667E+01,
14:02:53.71851577, 6.1333E-01, 3.2400E+00, 5.1867E+01,
14:02:53.71851582, 6.4000E-01, 3.2267E+00, 5.1333E+01,
14:02:53.71851587, 6.4000E-01, 3.2133E+00, 5.1333E+01,
14:02:53.71851592, 6.1333E-01, 3.2400E+00, 5.1200E+01,
14:02:53.71851597, 6.4000E-01, 3.2933E+00, 5.0933E+01,
14:02:53.71851602, 6.2667E-01, 3.3067E+00, 5.0400E+01,
14:02:53.71851607, 6.2667E-01, 3.3067E+00, 5.0000E+01,
14:02:53.71851612, 6.5333E-01, 3.3467E+00, 4.9467E+01,
14:02:53.71851617, 6.1333E-01, 3.3333E+00, 4.9200E+01,
14:02:53.71851622, 6.2667E-01, 3.3467E+00, 4.8800E+01,
14:02:53.71851627, 6.5333E-01, 3.3733E+00, 4.8533E+01,
14:02:53.71851632, 6.4000E-01, 3.3733E+00, 4.8133E+01,
14:02:53.71851637, 6.2667E-01, 3.4000E+00, 4.7867E+01,
14:02:53.71851642, 6.1333E-01, 3.4267E+00, 4.7600E+01,
14:02:53.71851647, 5.8667E-01, 3.4267E+00, 4.7200E+01,
14:02:53.71851652, 6.2667E-01, 3.4533E+00, 4.6533E+01,
14:02:53.71851657, 6.2667E-01, 3.4533E+00, 4.6267E+01,
14:02:53.71851662, 6.2667E-01, 3.4933E+00, 4.5867E+01,
14:02:53.71851667, 6.0000E-01, 3.4933E+00, 4.5067E+01,
14:02:53.71851672, 6.5333E-01, 3.4800E+00, 4.5200E+01,
14:02:53.71851677, 6.1333E-01, 3.5067E+00, 4.4800E+01,
14:02:53.71851682, 6.2667E-01, 3.5467E+00, 4.4267E+01,
14:02:53.71851687, 6.1333E-01, 3.5467E+00, 4.4000E+01,
14:02:53.71851692, 5.8667E-01, 3.5733E+00, 4.3733E+01,
14:02:53.71851697, 6.0000E-01, 3.5467E+00, 4.3333E+01,
14:02:53.71851702, 6.4000E-01, 3.5733E+00, 4.2800E+01,
14:02:53.71851707, 6.2667E-01, 3.6000E+00, 4.2533E+01,
14:02:53.71851712, 6.0000E-01, 3.6267E+00, 4.1733E+01,
14:02:53.71851717, 6.2667E-01, 3.6133E+00, 4.1467E+01,
14:02:53.71851722, 6.4000E-01, 3.6400E+00, 4.0933E+01,
14:02:53.71851727, 5.8667E-01, 3.6267E+00, 4.0800E+01,
14:02:53.71851732, 6.0000E-01, 3.6533E+00, 4.0400E+01,
14:02:53.71851737, 5.8667E-01, 3.6800E+00, 3.9867E+01,
14:02:53.71851742, 6.1333E-01, 3.7067E+00, 3.9733E+01,
14:02:53.71851747, 6.1333E-01, 3.7067E+00, 3.9067E+01,
14:02:53.71851752, 6.1333E-01, 3.7333E+00, 3.8933E+01,
14:02:53.71851757, 6.1333E-01, 3.7600E+00, 3.8133E+01,
14:02:53.71851762, 5.7333E-01, 3.7467E+00, 3.7867E+01,
14:02:53.71851767, 6.1333E-01, 3.7467E+00, 3.7467E+01,
14:02:53.71851772, 5.8667E-01, 3.7467E+00, 3.7200E+01,
14:02:53.71851777, 6.4000E-01, 3.7600E+00, 3.6267E+01,
14:02:53.71851782, 6.1333E-01, 3.8000E+00, 3.6533E+01,
14:02:53.71851787, 5.6000E-01, 3.8000E+00, 3.5867E+01,
14:02:53.71851792, 5.7333E-01, 3.8133E+00, 3.5333E+01,
14:02:53.71851797, 6.1333E-01, 3.8000E+00, 3.4933E+01,
14:02:53.71851802, 6.4000E-01, 3.8400E+00, 3.4800E+01,
14:02:53.71851807, 5.7333E-01, 3.7867E+00, 3.4133E+01,
14:02:53.71851812, 6.1333E-01, 3.8400E+00, 3.3733E+01,
14:02:53.71851817, 6.1333E-01, 3.8533E+00, 3.3333E+01,
14:02:53.71851822, 5.7333E-01, 3.8667E+00, 3.3200E+01,
14:02:53.71851827, 5.7333E-01, 3.8667E+00, 3.2267E+01,
14:02:53.71851832, 5.6000E-01, 3.8933E+00, 3.2133E+01,
14:02:53.71851837, 5.8667E-01, 3.8933E+00, 3.1600E+01,
14:02:53.71851842, 6.0000E-01, 3.8933E+00, 3.1067E+01,
14:02:53.71851847, 6.0000E-01, 3.8933E+00, 3.0533E+01,
14:02:53.71851852, 6.0000E-01, 3.8933E+00, 3.0133E+01,
14:02:53.71851857, 6.2667E-01, 3.9067E+00, 2.9600E+01,
14:02:53.71851862, 6.0000E-01, 3.8933E+00, 2.9467E+01,
14:02:53.71851867, 6.0000E-01, 3.9200E+00, 2.8933E+01,
14:02:53.71851872, 6.2667E-01, 3.9200E+00, 2.8267E+01,
14:02:53.71851877, 6.0000E-01, 3.9467E+00, 2.8000E+01,
14:02:53.71851882, 5.7333E-01, 3.9333E+00, 2.7733E+01,
14:02:53.71851887, 6.0000E-01, 3.9733E+00, 2.6933E+01,
14:02:53.71851892, 6.2667E-01, 3.9333E+00, 2.6667E+01,
14:02:53.71851897, 6.0000E-01, 3.9733E+00, 2.6267E+01,
14:02:53.71851902, 6.0000E-01, 3.9333E+00, 2.5733E+01,
14:02:53.71851907, 5.8667E-01, 3.9600E+00, 2.5333E+01,
14:02:53.71851912, 5.8667E-01, 3.9733E+00, 2.5067E+01,
14:02:53.71851917, 5.8667E-01, 3.9733E+00, 2.4667E+01,
14:02:53.71851922, 5.7333E-01, 3.9733E+00, 2.4133E+01,
14:02:53.71851927, 5.7333E-01, 3.9867E+00, 2.4000E+01,
14:02:53.71851932, 5.6000E-01, 4.0000E+00, 2.3467E+01,
14:02:53.71851937, 5.7333E-01, 4.0133E+00, 2.2933E+01,
14:02:53.71851942, 5.7333E-01, 4.0000E+00, 2.2667E+01,
14:02:53.71851947, 5.7333E-01, 4.0133E+00, 2.1867E+01,
14:02:53.71851952, 6.1333E-01, 4.0133E+00, 2.1600E+01,
14:02:53.71851957, 5.8667E-01, 4.0133E+00, 2.1067E+01,
14:02:53.71851962, 5.8667E-01, 4.0000E+00, 2.0933E+01,
14:02:53.71851967, 5.6000E-01, 4.0000E+00, 2.0267E+01,
14:02:53.71851972, 5.6000E-01, 4.0133E+00, 2.0000E+01,
14:02:53.71851977, 5.4667E-01, 4.0267E+00, 1.9867E+01,
14:02:53.71851982, 5.6000E-01, 4.0267E+00, 1.9467E+01,
14:02:53.71851987, 5.7333E-01, 4.0267E+00, 1.8667E+01,
14:02:53.71851992, 6.0000E-01, 4.0133E+00, 1.8267E+01,
14:02:53.71851997, 5.8667E-01, 4.0133E+00, 1.8000E+01,
14:02:53.71852002, 5.6000E-01, 4.0000E+00, 1.7200E+01,
14:02:53.71852007, 5.7333E-01, 4.0267E+00, 1.6800E+01,
14:02:53.71852012, 6.0000E-01, 4.0000E+00, 1.6667E+01,
14:02:53.71852017, 5.2000E-01, 4.0133E+00, 1.5867E+01,
14:02:53.71852022, 5.4667E-01, 4.0133E+00, 1.5600E+01,
14:02:53.71852027, 5.4667E-01, 4.0000E+00, 1.5333E+01,
14:02:53.71852032, 5.7333E-01, 4.0000E+00, 1.4667E+01,
14:02:53.71852037, 5.4667E-01, 4.0267E+00, 1.3867E+01,
14:02:53.71852042, 5.6000E-01, 4.0267E+00, 1.3467E+01,
14:02:53.71852047, 5.4667E-01, 4.0133E+00, 1.3333E+01,
14:02:53.71852052, 5.7333E-01, 4.0267E+00, 1.2933E+01,
14:02:53.71852057, 5.7333E-01, 3.9733E+00, 1.2133E+01,
14:02:53.71852062, 5.8667E-01, 4.0000E+00, 1.1600E+01,
14:02:53.71852067, 5.7333E-01, 4.0133E+00, 1.1600E+01,
14:02:53.71852072, 5.3333E-01, 4.0000E+00, 1.1200E+01,
14:02:53.71852077, 5.2000E-01, 4.0133E+00, 1.0533E+01,
14:02:53.71852082, 5.6000E-01, 4.0267E+00, 1.0267E+01,
14:02:53.71852087, 5.4667E-01, 3.9867E+00, 9.6000E+00,
14:02:53.71852092, 5.3333E-01, 3.9867E+00, 9.4667E+00,
14:02:53.71852097, 5.7333E-01, 3.9600E+00, 8.9333E+00,
14:02:53.71852102, 5.6000E-01, 3.9733E+00, 8.6667E+00,
14:02:53.71852107, 5.4667E-01, 3.9600E+00, 7.8667E+00,
14:02:53.71852112, 5.7333E-01, 3.9467E+00, 7.6000E+00,
14:02:53.71852117, 5.4667E-01, 3.9467E+00, 7.4667E+00,
14:02:53.71852122, 5.2000E-01, 3.9600E+00, 6.6667E+00,
14:02:53.71852127, 5.3333E-01, 3.9867E+00, 6.5333E+00,
14:02:53.71852132, 5.2000E-01, 3.9600E+00, 6.1333E+00,
14:02:53.71852137, 5.3333E-01, 3.9333E+00, 5.6000E+00,
14:02:53.71852142, 5.4667E-01, 3.9333E+00, 5.0667E+00,
14:02:53.71852147, 5.3333E-01, 3.9200E+00, 4.8000E+00,
14:02:53.71852152, 5.3333E-01, 3.8933E+00, 4.4000E+00,
14:02:53.71852157, 5.2000E-01, 3.9200E+00, 4.1333E+00,
14:02:53.71852162, 5.3333E-01, 3.9200E+00, 3.6000E+00,
14:02:53.71852167, 5.3333E-01, 3.8800E+00, 3.0667E+00,
14:02:53.71852172, 5.2000E-01, 3.8933E+00, 2.6667E+00,
14:02:53.71852177, 5.2000E-01, 3.8933E+00, 2.2667E+00,
14:02:53.71852182, 5.2000E-01, 3.8667E+00, 1.7333E+00,
14:02:53.71852187, 5.3333E-01, 3.8533E+00, 1.7333E+00,
14:02:53.71852192, 5.0667E-01, 3.8400E+00, 9.3333E-01,
14:02:53.71852197, 5.2000E-01, 3.8533E+00, 6.6667E-01,
14:02:53.71852202, 5.2000E-01, 3.8267E+00, 1.3333E-01,
14:02:53.71852207, 5.2000E-01, 3.8267E+00,-1.3333E-01,
14:02:53.71852212, 5.2000E-01, 3.8133E+00,-4.0000E-01,
14:02:53.71852217, 4.9333E-01, 3.8000E+00,-6.6667E-01,
14:02:53.71852222, 5.0667E-01, 3.7733E+00,-1.3333E+00,
14:02:53.71852227, 5.0667E-01, 3.7600E+00,-1.7333E+00,
14:02:53.71852232, 5.0667E-01, 3.7600E+00,-1.8667E+00,
14:02:53.71852237, 5.0667E-01, 3.7200E+00,-2.6667E+00,
14:02:53.71852242, 5.2000E-01, 3.6933E+00,-2.9333E+00,
14:02:53.71852247, 5.2000E-01, 3.7200E+00,-3.4667E+00,
14:02:53.71852252, 4.9333E-01, 3.7067E+00,-3.4667E+00,
14:02:53.71852257, 5.2000E-01, 3.6800E+00,-4.0000E+00,
14:02:53.71852262, 4.8000E-01, 3.6800E+00,-4.2667E+00,
14:02:53.71852267, 4.8000E-01, 3.6667E+00,-5.0667E+00,
14:02:53.71852272, 4.9333E-01, 3.6400E+00,-5.0667E+00,
14:02:53.71852277, 4.9333E-01, 3.6133E+00,-5.4667E+00,
14:02:53.71852282, 4.9333E-01, 3.6267E+00,-5.6000E+00,
14:02:53.71852287, 4.6667E-01, 3.6133E+00,-6.1333E+00,
14:02:53.71852292, 4.6667E-01, 3.6000E+00,-6.5333E+00,
14:02:53.71852297, 5.0667E-01, 3.6000E+00,-7.2000E+00,
14:02:53.71852302, 4.6667E-01, 3.5467E+00,-6.8000E+00,
14:02:53.71852307, 4.6667E-01, 3.5333E+00,-7.7333E+00,
14:02:53.71852312, 4.2667E-01, 3.5333E+00,-8.1333E+00,
14:02:53.71852317, 4.4000E-01, 3.5467E+00,-8.2667E+00,
14:02:53.71852322, 4.6667E-01, 3.4800E+00,-8.5333E+00,
14:02:53.71852327, 4.8000E-01, 3.4933E+00,-8.9333E+00,
14:02:53.71852332, 4.5333E-01, 3.4933E+00,-9.3333E+00,
14:02:53.71852337, 4.8000E-01, 3.4800E+00,-9.7333E+00,
14:02:53.71852342, 4.4000E-01, 3.4667E+00,-1.0133E+01,
14:02:53.71852347, 4.5333E-01, 3.4267E+00,-1.0533E+01,
14:02:53.71852352, 4.4000E-01, 3.4400E+00,-1.0667E+01,
14:02:53.71852357, 4.6667E-01, 3.4133E+00,-1.0933E+01,
14:02:53.71852362, 4.2667E-01, 3.4000E+00,-1.1467E+01,
14:02:53.71852367, 4.5333E-01, 3.3867E+00,-1.1733E+01,
14:02:53.71852372, 4.1333E-01, 3.3867E+00,-1.2000E+01,
14:02:53.71852377, 4.5333E-01, 3.3467E+00,-1.2533E+01,
14:02:53.71852382, 4.2667E-01, 3.3333E+00,-1.3200E+01,
14:02:53.71852387, 4.2667E-01, 3.3333E+00,-1.3067E+01,
14:02:53.71852392, 4.2667E-01, 3.3067E+00,-1.3333E+01,
14:02:53.71852397, 4.5333E-01, 3.3200E+00,-1.3467E+01,
14:02:53.71852402, 4.1333E-01, 3.2933E+00,-1.4133E+01,
14:02:53.71852407, 4.4000E-01, 3.2400E+00,-1.4267E+01,
14:02:53.71852412, 4.1333E-01, 3.2533E+00,-1.4533E+01,
14:02:53.71852417, 4.2667E-01, 3.2400E+00,-1.4800E+01,
14:02:53.71852422, 3.8667E-01, 3.1867E+00,-1.5333E+01,
14:02:53.71852427, 4.2667E-01, 3.1867E+00,-1.5733E+01,
14:02:53.71852432, 4.2667E-01, 3.1867E+00,-1.5733E+01,
14:02:53.71852437, 4.4000E-01, 3.1600E+00,-1.6400E+01,
14:02:53.71852442, 4.1333E-01, 3.1733E+00,-1.6400E+01,
14:02:53.71852447, 4.5333E-01, 3.1733E+00,-1.6533E+01,
14:02:53.71852452, 3.8667E-01, 3.1200E+00,-1.6933E+01,
14:02:53.71852457, 4.1333E-01, 3.1200E+00,-1.7200E+01,
14:02:53.71852462, 4.0000E-01, 3.0933E+00,-1.7467E+01,
14:02:53.71852467, 4.0000E-01, 3.0800E+00,-1.7867E+01,
14:02:53.71852472, 4.0000E-01, 3.0667E+00,-1.7867E+01,
14:02:53.71852477, 4.2667E-01, 3.0267E+00,-1.8533E+01,
14:02:53.71852482, 4.0000E-01, 3.0267E+00,-1.8667E+01,
14:02:53.71852487, 3.8667E-01, 3.0267E+00,-1.8933E+01,
14:02:53.71852492, 4.0000E-01, 2.9867E+00,-1.9200E+01,
14:02:53.71852497, 3.8667E-01, 2.9600E+00,-1.9333E+01,
14:02:53.71852502, 3.6000E-01, 2.9733E+00,-1.9867E+01,
14:02:53.71852507, 3.7333E-01, 2.9333E+00,-1.9733E+01,
14:02:53.71852512, 3.8667E-01, 2.9200E+00,-2.0133E+01,
14:02:53.71852517, 3.7333E-01, 2.8933E+00,-2.0267E+01,
14:02:53.71852522, 4.0000E-01, 2.8933E+00,-2.0933E+01,
14:02:53.71852527, 4.0000E-01, 2.9067E+00,-2.0800E+01,
14:02:53.71852532, 3.6000E-01, 2.8533E+00,-2.1200E+01,
14:02:53.71852537, 4.1333E-01, 2.8667E+00,-2.1467E+01,
14:02:53.71852542, 3.7333E-01, 2.8267E+00,-2.1467E+01,
14:02:53.71852547, 3.4667E-01, 2.8267E+00,-2.1867E+01,
14:02:53.71852552, 3.8667E-01, 2.7733E+00,-2.2267E+01,
14:02:53.71852557, 3.6000E-01, 2.7733E+00,-2.2000E+01,
14:02:53.71852562, 3.6000E-01, 2.7467E+00,-2.2400E+01,
14:02:53.71852567, 3.7333E-01, 2.7467E+00,-2.2667E+01,
14:02:53.71852572, 3.6000E-01, 2.7200E+00,-2.2667E+01,
14:02:53.71852577, 3.7333E-01, 2.7200E+00,-2.3333E+01,
14:02:53.71852582, 3.6000E-01, 2.6933E+00,-2.3200E+01,
14:02:53.71852587, 3.7333E-01, 2.6667E+00,-2.3733E+01,
14:02:53.71852592, 3.0667E-01, 2.6667E+00,-2.4000E+01,
14:02:53.71852597, 3.0667E-01, 2.6667E+00,-2.4000E+01,
14:02:53.71852602, 3.3333E-01, 2.6533E+00,-2.4133E+01,
14:02:53.71852607, 3.6000E-01, 2.6267E+00,-2.4400E+01,
14:02:53.71852612, 3.6000E-01, 2.5733E+00,-2.4267E+01,
14:02:53.71852617, 3.3333E-01, 2.5600E+00,-2.4800E+01,
14:02:53.71852622, 3.6000E-01, 2.5600E+00,-2.4933E+01,
14:02:53.71852627, 3.6000E-01, 2.5467E+00,-2.5200E+01,
14:02:53.71852632, 3.2000E-01, 2.5200E+00,-2.5467E+01,
14:02:53.71852637, 3.2000E-01, 2.5200E+00,-2.5600E+01,
14:02:53.71852642, 3.2000E-01, 2.4800E+00,-2.5733E+01,
14:02:53.71852647, 3.0667E-01, 2.4933E+00,-2.5467E+01,
14:02:53.71852652, 3.0667E-01, 2.4533E+00,-2.6000E+01,
14:02:53.71852657, 3.2000E-01, 2.4400E+00,-2.6133E+01,
14:02:53.71852662, 3.0667E-01, 2.4000E+00,-2.6400E+01,
14:02:53.71852667, 3.4667E-01, 2.3867E+00,-2.6533E+01,
14:02:53.71852672, 3.0667E-01, 2.3867E+00,-2.6667E+01,
14:02:53.71852677, 3.3333E-01, 2.3867E+00,-2.6667E+01,
14:02:53.71852682, 3.2000E-01, 2.3733E+00,-2.7200E+01,
14:02:53.71852687, 3.2000E-01, 2.3600E+00,-2.7200E+01,
14:02:53.71852692, 2.9333E-01, 2.3200E+00,-2.7333E+01,
14:02:53.71852697, 2.9333E-01, 2.3067E+00,-2.7733E+01,
14:02:53.71852702, 3.0667E-01, 2.2933E+00,-2.7067E+01,
14:02:53.71852707, 2.9333E-01, 2.3200E+00,-2.7867E+01,
14:02:53.71852712, 2.8000E-01, 2.2533E+00,-2.8133E+01,
14:02:53.71852717, 3.0667E-01, 2.2533E+00,-2.8133E+01,
14:02:53.71852722, 2.9333E-01, 2.2400E+00,-2.8400E+01,
14:02:53.71852727, 2.8000E-01, 2.2267E+00,-2.8133E+01,
14:02:53.71852732, 3.0667E-01, 2.2267E+00,-2.8400E+01,
14:02:53.71852737, 2.5333E-01, 2.1867E+00,-2.8400E+01,
14:02:53.71852742, 2.6667E-01, 2.1733E+00,-2.8933E+01,
14:02:53.71852747, 2.6667E-01, 2.1467E+00,-2.8533E+01,
14:02:53.71852752, 2.6667E-01, 2.0933E+00,-2.8933E+01,
14:02:53.71852757, 3.0667E-01, 2.1067E+00,-2.9333E+01,
14:02:53.71852762, 2.9333E-01, 2.1067E+00,-2.8933E+01,
14:02:53.71852767, 2.8000E-01, 2.0667E+00,-2.9467E+01,
14:02:53.71852772, 2.6667E-01, 2.1200E+00,-2.9200E+01,
14:02:53.71852777, 2.8000E-01, 2.0533E+00,-2.9467E+01,
14:02:53.71852782, 2.5333E-01, 2.0667E+00,-2.9467E+01,
14:02:53.71852787, 2.9333E-01, 2.0533E+00,-2.9867E+01,
14:02:53.71852792, 2.5333E-01, 2.0133E+00,-2.9733E+01,
14:02:53.71852797, 2.4000E-01, 2.0000E+00,-3.0000E+01,
14:02:53.71852802, 2.6667E-01, 1.9733E+00,-3.0000E+01,
14:02:53.71852807, 2.4000E-01, 1.9733E+00,-3.0000E+01,
14:02:53.71852812, 2.4000E-01, 1.9600E+00,-3.0133E+01,
14:02:53.71852817, 2.5333E-01, 1.9467E+00,-3.0267E+01,
14:02:53.71852822, 2.5333E-01, 1.9467E+00,-3.0533E+01,
14:02:53.71852827, 2.1333E-01, 1.9067E+00,-3.0667E+01,
14:02:53.71852832, 2.2667E-01, 1.9200E+00,-3.0533E+01,
14:02:53.71852837, 2.4000E-01, 1.8800E+00,-3.0400E+01,
14:02:53.71852842, 2.4000E-01, 1.8667E+00,-3.0800E+01,
14:02:53.71852847, 2.2667E-01, 1.8400E+00,-3.0800E+01,
14:02:53.71852852, 2.2667E-01, 1.8133E+00,-3.0800E+01,
14:02:53.71852857, 2.6667E-01, 1.8400E+00,-3.0533E+01,
14:02:53.71852862, 2.6667E-01, 1.8000E+00,-3.0533E+01,
14:02:53.71852867, 2.2667E-01, 1.7867E+00,-3.0800E+01,
14:02:53.71852872, 2.1333E-01, 1.7600E+00,-3.1067E+01,
14:02:53.71852877, 2.4000E-01, 1.7600E+00,-3.0933E+01,
14:02:53.71852882, 2.1333E-01, 1.7067E+00,-3.1067E+01,
14:02:53.71852887, 2.2667E-01, 1.7333E+00,-3.1067E+01,
14:02:53.71852892, 2.1333E-01, 1.7067E+00,-3.1200E+01,
14:02:53.71852897, 2.0000E-01, 1.7200E+00,-3.1067E+01,
14:02:53.71852902, 2.2667E-01, 1.6800E+00,-3.1200E+01,
14:02:53.71852907, 2.4000E-01, 1.6933E+00,-3.1067E+01,
14:02:53.71852912, 2.4000E-01, 1.6267E+00,-3.1067E+01,
14:02:53.71852917, 2.0000E-01, 1.6267E+00,-3.1333E+01,
14:02:53.71852922, 2.2667E-01, 1.6533E+00,-3.1733E+01,
14:02:53.71852927, 2.0000E-01, 1.5867E+00,-3.1333E+01,
14:02:53.71852932, 1.8667E-01, 1.5867E+00,-3.1200E+01,
14:02:53.71852937, 2.0000E-01, 1.5867E+00,-3.1333E+01,
14:02:53.71852942, 1.6000E-01, 1.5867E+00,-3.1333E+01,
14:02:53.71852947, 2.0000E-01, 1.5467E+00,-3.1733E+01,
14:02:53.71852952, 1.8667E-01, 1.5467E+00,-3.1467E+01,
14:02:53.71852957, 2.1333E-01, 1.5467E+00,-3.1600E+01,
14:02:53.71852962, 1.8667E-01, 1.5067E+00,-3.1200E+01,
14:02:53.71852967, 1.8667E-01, 1.5200E+00,-3.1733E+01,
14:02:53.71852972, 2.1333E-01, 1.5067E+00,-3.1467E+01,
14:02:53.71852977, 2.0000E-01, 1.4800E+00,-3.1733E+01,
14:02:53.71852982, 1.4667E-01, 1.4267E+00,-3.1067E+01,
14:02:53.71852987, 2.0000E-01, 1.4267E+00,-3.1467E+01,
14:02:53.71852992, 2.1333E-01, 1.4267E+00,-3.1333E+01,
14:02:53.71852997, 1.8667E-01, 1.4267E+00,-3.1600E+01,
14:02:53.71853002, 1.7333E-01, 1.4133E+00,-3.1467E+01,
14:02:53.71853007, 1.7333E-01, 1.3867E+00,-3.1200E+01,
14:02:53.71853012, 1.7333E-01, 1.3867E+00,-3.1200E+01,
14:02:53.71853017, 1.6000E-01, 1.3733E+00,-3.1467E+01,
14:02:53.71853022, 2.1333E-01, 1.3733E+00,-3.1067E+01,
14:02:53.71853027, 2.0000E-01, 1.3467E+00,-3.1200E+01,
14:02:53.71853032, 1.4667E-01, 1.3333E+00,-3.1200E+01,
14:02:53.71853037, 1.4667E-01, 1.3200E+00,-3.1200E+01,
14:02:53.71853042, 1.3333E-01, 1.2933E+00,-3.1333E+01,
14:02:53.71853047, 1.7333E-01, 1.2933E+00,-3.1067E+01,
14:02:53.71853052, 1.7333E-01, 1.2667E+00,-3.0800E+01,
14:02:53.71853057, 2.1333E-01, 1.2400E+00,-3.0800E+01,
14:02:53.71853062, 1.7333E-01, 1.2667E+00,-3.1200E+01,
14:02:53.71853067, 1.7333E-01, 1.2400E+00,-3.1067E+01,
14:02:53.71853072, 1.3333E-01, 1.2133E+00,-3.1067E+01,
14:02:53.71853077, 1.6000E-01, 1.2267E+00,-3.0933E+01,
14:02:53.71853082, 1.2000E-01, 1.2000E+00,-3.0800E+01,
14:02:53.71853087, 1.7333E-01, 1.2133E+00,-3.0800E+01,
14:02:53.71853092, 1.4667E-01, 1.1733E+00,-3.0800E+01,
14:02:53.71853097, 1.3333E-01, 1.1600E+00,-3.0800E+01,
14:02:53.71853102, 1.4667E-01, 1.1600E+00,-3.0533E+01,
14:02:53.71853107, 1.6000E-01, 1.1467E+00,-3.0800E+01,
14:02:53.71853112, 1.3333E-01, 1.1200E+00,-3.0400E+01,
14:02:53.71853117, 1.4667E-01, 1.1200E+00,-3.0267E+01,
14:02:53.71853122, 1.0667E-01, 1.1067E+00,-3.0400E+01,
14:02:53.71853127, 1.0667E-01, 1.0800E+00,-3.0400E+01,
14:02:53.71853132, 1.3333E-01, 1.0667E+00,-3.0267E+01,
14:02:53.71853137, 1.3333E-01, 1.0800E+00,-3.0000E+01,
14:02:53.71853142, 1.0667E-01, 1.0533E+00,-3.0400E+01,
14:02:53.71853147, 1.4667E-01, 1.0400E+00,-2.9600E+01,
14:02:53.71853152, 1.4667E-01, 1.0667E+00,-3.0000E+01,
14:02:53.71853157, 1.0667E-01, 1.0000E+00,-2.9733E+01,
14:02:53.71853162, 1.4667E-01, 1.0267E+00,-2.9867E+01,
14:02:53.71853167, 1.2000E-01, 1.0267E+00,-3.0133E+01,
14:02:53.71853172, 9.3333E-02, 1.0000E+00,-2.9600E+01,
14:02:53.71853177, 1.0667E-01, 9.7333E-01,-2.9467E+01,
14:02:53.71853182, 9.3333E-02, 9.7333E-01,-2.9333E+01,
14:02:53.71853187, 1.2000E-01, 9.6000E-01,-2.9067E+01,
14:02:53.71853192, 1.0667E-01, 9.3333E-01,-2.9200E+01,
14:02:53.71853197, 1.2000E-01, 9.6000E-01,-2.8800E+01,
14:02:53.71853202, 9.3333E-02, 9.2000E-01,-2.8667E+01,
14:02:53.71853207, 1.0667E-01, 9.3333E-01,-2.8800E+01,
14:02:53.71853212, 1.3333E-01, 9.2000E-01,-2.8533E+01,
14:02:53.71853217, 1.0667E-01, 8.6667E-01,-2.8533E+01,
14:02:53.71853222, 9.3333E-02, 8.9333E-01,-2.8800E+01,
14:02:53.71853227, 8.0000E-02, 8.9333E-01,-2.8400E+01,
14:02:53.71853232, 8.0000E-02, 8.8000E-01,-2.8267E+01,
14:02:53.71853237, 1.2000E-01, 8.6667E-01,-2.8000E+01,
14:02:53.71853242, 8.0000E-02, 8.4000E-01,-2.8000E+01,
14:02:53.71853247, 9.3333E-02, 8.5333E-01,-2.7867E+01,
14:02:53.71853252, 1.0667E-01, 8.8000E-01,-2.7600E+01,
14:02:53.71853257, 9.3333E-02, 8.2667E-01,-2.7733E+01,
14:02:53.71853262, 8.0000E-02, 8.4000E-01,-2.7600E+01,
14:02:53.71853267, 5.3333E-02, 7.8667E-01,-2.7200E+01,
14:02:53.71853272, 8.0000E-02, 7.8667E-01,-2.7200E+01,
14:02:53.71853277, 6.6667E-02, 7.6000E-01,-2.6933E+01,
14:02:53.71853282, 8.0000E-02, 7.7333E-01,-2.6800E+01,
14:02:53.71853287, 8.0000E-02, 7.4667E-01,-2.6667E+01,
14:02:53.71853292, 9.3333E-02, 7.4667E-01,-2.6800E+01,
14:02:53.71853297, 1.0667E-01, 7.3333E-01,-2.6667E+01,
14:02:53.71853302, 8.0000E-02, 7.6000E-01,-2.6533E+01,
14:02:53.71853307, 8.0000E-02, 7.2000E-01,-2.6533E+01,
14:02:53.71853312, 9.3333E-02, 7.0667E-01,-2.6000E+01,
14:02:53.71853317, 8.0000E-02, 6.8000E-01,-2.6267E+01,
14:02:53.71853322, 5.3333E-02, 6.9333E-01,-2.5867E+01,
14:02:53.71853327, 8.0000E-02, 6.9333E-01,-2.5733E+01,
14:02:53.71853332, 6.6667E-02, 6.8000E-01,-2.5333E+01,
14:02:53.71853337, 8.0000E-02, 6.6667E-01,-2.5600E+01,
14:02:53.71853342, 8.0000E-02, 6.4000E-01,-2.5333E+01,
14:02:53.71853347, 8.0000E-02, 6.2667E-01,-2.5333E+01,
14:02:53.71853352, 6.6667E-02, 6.5333E-01,-2.4533E+01,
14:02:53.71853357, 8.0000E-02, 6.4000E-01,-2.4933E+01,
14:02:53.71853362, 4.0000E-02, 6.2667E-01,-2.4667E+01,
14:02:53.71853367, 6.6667E-02, 6.1333E-01,-2.4533E+01,
14:02:53.71853372, 5.3333E-02, 6.1333E-01,-2.4267E+01,
14:02:53.71853377, 8.0000E-02, 6.1333E-01,-2.4133E+01,
14:02:53.71853382, 5.3333E-02, 6.1333E-01,-2.4133E+01,
14:02:53.71853387, 5.3333E-02, 6.0000E-01,-2.3733E+01,
14:02:53.71853392, 4.0000E-02, 6.1333E-01,-2.3867E+01,
14:02:53.71853397, 5.3333E-02, 5.4667E-01,-2.3467E+01,
14:02:53.71853402, 6.6667E-02, 5.8667E-01,-2.3200E+01,
14:02:53.71853407, 6.6667E-02, 5.4667E-01,-2.3467E+01,
14:02:53.71853412, 4.0000E-02, 5.4667E-01,-2.3200E+01,
14:02:53.71853417, 5.3333E-02, 5.6000E-01,-2.2667E+01,
14:02:53.71853422, 4.0000E-02, 5.4667E-01,-2.2667E+01,
14:02:53.71853427, 1.3333E-02, 5.3333E-01,-2.2267E+01,
14:02:53.71853432, 4.0000E-02, 5.6000E-01,-2.2000E+01,
14:02:53.71853437, 5.3333E-02, 5.0667E-01,-2.2133E+01,
14:02:53.71853442, 5.3333E-02, 5.3333E-01,-2.1467E+01,
14:02:53.71853447, 5.3333E-02, 5.0667E-01,-2.1867E+01,
14:02:53.71853452, 2.6667E-02, 5.0667E-01,-2.1600E+01,
14:02:53.71853457, 4.0000E-02, 5.2000E-01,-2.1067E+01,
14:02:53.71853462, 2.6667E-02, 4.8000E-01,-2.1333E+01,
14:02:53.71853467, 2.6667E-02, 4.6667E-01,-2.1067E+01,
14:02:53.71853472, 4.0000E-02, 4.8000E-01,-2.0667E+01,
14:02:53.71853477, 4.0000E-02, 4.9333E-01,-2.0533E+01,
14:02:53.71853482, 1.3333E-02, 4.5333E-01,-2.0267E+01,
14:02:53.71853487, 2.6667E-02, 4.6667E-01,-2.0267E+01,
14:02:53.71853492, 2.6667E-02, 4.5333E-01,-1.9733E+01,
14:02:53.71853497, 1.3333E-02, 4.4000E-01,-1.9867E+01,
14:02:53.71853502, 4.0000E-02, 4.5333E-01,-1.9600E+01,
14:02:53.71853507, 2.6667E-02, 4.2667E-01,-1.9467E+01,
14:02:53.71853512, 2.6667E-02, 4.2667E-01,-1.9200E+01,
14:02:53.71853517, 1.3333E-02, 4.4000E-01,-1.9333E+01,
14:02:53.71853522, 1.3333E-02, 4.1333E-01,-1.8800E+01,
14:02:53.71853527, 1.3333E-02, 4.1333E-01,-1.8533E+01,
14:02:53.71853532, 1.3333E-02, 4.2667E-01,-1.8533E+01,
14:02:53.71853537, 2.6667E-02, 4.4000E-01,-1.8267E+01,
14:02:53.71853542, 0.0000E+00, 4.1333E-01,-1.7733E+01,
14:02:53.71853547, 2.6667E-02, 3.8667E-01,-1.8133E+01,
14:02:53.71853552, 2.6667E-02, 3.7333E-01,-1.7600E+01,
14:02:53.71853557,-1.3333E-02, 4.1333E-01,-1.7733E+01,
14:02:53.71853562, 0.0000E+00, 3.7333E-01,-1.7067E+01,
14:02:53.71853567, 1.3333E-02, 3.8667E-01,-1.7067E+01,
14:02:53.71853572, 2.6667E-02, 3.6000E-01,-1.6800E+01,
14:02:53.71853577, 1.3333E-02, 3.4667E-01,-1.6800E+01,
14:02:53.71853582, 0.0000E+00, 3.7333E-01,-1.6533E+01,
14:02:53.71853587, 1.3333E-02, 3.4667E-01,-1.6133E+01,
14:02:53.71853592, 1.3333E-02, 3.6000E-01,-1.6000E+01,
14:02:53.71853597, 1.3333E-02, 3.6000E-01,-1.5733E+01,
14:02:53.71853602, 0.0000E+00, 3.3333E-01,-1.5733E+01,
14:02:53.71853607,-2.6667E-02, 3.4667E-01,-1.5733E+01,
14:02:53.71853612, 2.6667E-02, 3.4667E-01,-1.5200E+01,
14:02:53.71853617, 1.3333E-02, 3.2000E-01,-1.4933E+01,
14:02:53.71853622, 2.6667E-02, 3.4667E-01,-1.4800E+01,
14:02:53.71853627, 4.0000E-02, 3.4667E-01,-1.4267E+01,
14:02:53.71853632, 1.3333E-02, 3.4667E-01,-1.4267E+01,
14:02:53.71853637, 1.3333E-02, 3.3333E-01,-1.4267E+01,
14:02:53.71853642, 1.3333E-02, 3.4667E-01,-1.3867E+01,
14:02:53.71853647, 2.6667E-02, 3.6000E-01,-1.3867E+01,
14:02:53.71853652,-1.3333E-02, 3.3333E-01,-1.3333E+01,
14:02:53.71853657,-1.3333E-02, 3.4667E-01,-1.3200E+01,
14:02:53.71853662, 0.0000E+00, 3.0667E-01,-1.3067E+01,
14:02:53.71853667, 1.3333E-02, 3.3333E-01,-1.2933E+01,
14:02:53.71853672, 0.0000E+00, 3.3333E-01,-1.2267E+01,
14:02:53.71853677, 0.0000E+00, 3.4667E-01,-1.2267E+01,
14:02:53.71853682, 0.0000E+00, 3.2000E-01,-1.2267E+01,
14:02:53.71853687, 1.3333E-02, 3.0667E-01,-1.1867E+01,
14:02:53.71853692, 1.3333E-02, 2.8000E-01,-1.1600E+01,
14:02:53.71853697,-1.3333E-02, 2.9333E-01,-1.1600E+01,
14:02:53.71853702, 1.3333E-02, 3.2000E-01,-1.1333E+01,
14:02:53.71853707,-1.3333E-02, 3.2000E-01,-1.1200E+01,
14:02:53.71853712,-1.3333E-02, 2.9333E-01,-1.0800E+01,
14:02:53.71853717, 0.0000E+00, 2.8000E-01,-1.0800E+01,
14:02:53.71853722,-2.6667E-02, 2.8000E-01,-1.0400E+01,
14:02:53.71853727, 2.6667E-02, 2.9333E-01,-1.0267E+01,
14:02:53.71853732,-1.3333E-02, 2.6667E-01,-1.0133E+01,
14:02:53.71853737, 0.0000E+00, 2.9333E-01,-1.0000E+01,
14:02:53.71853742, 0.0000E+00, 2.9333E-01,-9.4667E+00,
14:02:53.71853747,-1.3333E-02, 2.8000E-01,-9.2000E+00,
14:02:53.71853752,-1.3333E-02, 2.8000E-01,-8.9333E+00,
14:02:53.71853757, 1.3333E-02, 2.6667E-01,-8.9333E+00,
14:02:53.71853762, 2.6667E-02, 3.0667E-01,-8.8000E+00,
14:02:53.71853767, 1.3333E-02, 2.6667E-01,-8.5333E+00,
14:02:53.71853772,-2.6667E-02, 2.8000E-01,-8.5333E+00,
14:02:53.71853777, 1.3333E-02, 2.9333E-01,-8.1333E+00,
14:02:53.71853782,-1.3333E-02, 2.9333E-01,-7.6000E+00,
14:02:53.71853787,-1.3333E-02, 2.9333E-01,-7.8667E+00,
14:02:53.71853792,-1.3333E-02, 2.8000E-01,-7.4667E+00,
14:02:53.71853797,-1.3333E-02, 2.8000E-01,-7.4667E+00,
14:02:53.71853802,-1.3333E-02, 2.6667E-01,-6.9333E+00,
14:02:53.71853807,-2.6667E-02, 2.9333E-01,-7.0667E+00,
14:02:53.71853812,-1.3333E-02, 3.0667E-01,-6.6667E+00,
14:02:53.71853817,-1.3333E-02, 2.8000E-01,-6.4000E+00,
14:02:53.71853822, 1.3333E-02, 2.9333E-01,-6.0000E+00,
14:02:53.71853827, 2.6667E-02, 2.8000E-01,-5.6000E+00,
14:02:53.71853832, 0.0000E+00, 2.5333E-01,-5.7333E+00,
14:02:53.71853837, 1.3333E-02, 2.6667E-01,-5.7333E+00,
14:02:53.71853842,-1.3333E-02, 2.6667E-01,-5.3333E+00,
14:02:53.71853847, 0.0000E+00, 2.8000E-01,-5.0667E+00,
14:02:53.71853852,-4.0000E-02, 2.8000E-01,-4.9333E+00,
14:02:53.71853857,-1.3333E-02, 3.2000E-01,-4.5333E+00,
14:02:53.71853862, 0.0000E+00, 3.0667E-01,-4.6667E+00,
14:02:53.71853867,-1.3333E-02, 2.6667E-01,-4.1333E+00,
14:02:53.71853872, 1.3333E-02, 3.2000E-01,-4.1333E+00,
14:02:53.71853877, 2.6667E-02, 2.8000E-01,-3.4667E+00,
14:02:53.71853882, 1.3333E-02, 2.9333E-01,-3.7333E+00,
14:02:53.71853887,-2.6667E-02, 2.6667E-01,-3.2000E+00,
14:02:53.71853892,-1.3333E-02, 2.8000E-01,-3.3333E+00,
14:02:53.71853897,-1.3333E-02, 3.0667E-01,-2.8000E+00,
14:02:53.71853902,-4.0000E-02, 2.8000E-01,-2.6667E+00,
14:02:53.71853907, 1.3333E-02, 3.2000E-01,-2.4000E+00,
14:02:53.71853912,-1.3333E-02, 3.2000E-01,-2.0000E+00,
14:02:53.71853917, 0.0000E+00, 3.3333E-01,-1.8667E+00,
14:02:53.71853922, 0.0000E+00, 3.4667E-01,-1.7333E+00,
14:02:53.71853927, 1.3333E-02, 3.0667E-01,-1.4667E+00,
14:02:53.71853932,-1.3333E-02, 3.2000E-01,-1.4667E+00,
14:02:53.71853937,-1.3333E-02, 2.9333E-01,-1.0667E+00,
14:02:53.71853942, 0.0000E+00, 3.2000E-01,-1.2000E+00,
14:02:53.71853947,-2.6667E-02, 3.2000E-01,-6.6667E-01,
14:02:53.71853952, 2.6667E-02, 3.2000E-01,-6.6667E-01,
14:02:53.71853957, 1.3333E-02, 3.2000E-01,-5.3333E-01,
14:02:53.71853962,-1.3333E-02, 3.4667E-01,-2.6667E-01,
14:02:53.71853967, 4.0000E-02, 3.3333E-01, 1.3333E-01,
14:02:53.71853972, 0.0000E+00, 3.3333E-01, 4.0000E-01,
14:02:53.71853977, 4.0000E-02, 3.3333E-01, 4.0000E-01,
14:02:53.71853982, 2.6667E-02, 3.4667E-01, 6.6667E-01,
14:02:53.71853987,-2.6667E-02, 3.2000E-01, 6.6667E-01,
14:02:53.71853992,-2.6667E-02, 3.4667E-01, 8.0000E-01,
14:02:53.71853997,-4.0000E-02, 3.4667E-01, 1.2000E+00,
14:02:53.71854002, 0.0000E+00, 3.6000E-01, 1.3333E+00,
14:02:53.71854007, 1.3333E-02, 3.4667E-01, 1.3333E+00,
14:02:53.71854012, 1.3333E-02, 3.6000E-01, 1.7333E+00,
14:02:53.71854017, 5.3333E-02, 3.4667E-01, 2.0000E+00,
14:02:53.71854022, 2.6667E-02, 3.4667E-01, 2.0000E+00,
14:02:53.71854027, 1.3333E-02, 3.6000E-01, 2.4000E+00,
14:02:53.71854032, 2.6667E-02, 3.8667E-01, 2.4000E+00,
14:02:53.71854037,-2.6667E-02, 3.8667E-01, 2.6667E+00,
14:02:53.71854042,-1.3333E-02, 4.1333E-01, 2.6667E+00,
14:02:53.71854047, 2.6667E-02, 3.8667E-01, 3.3333E+00,
14:02:53.71854052, 4.0000E-02, 3.7333E-01, 3.4667E+00,
14:02:53.71854057, 2.6667E-02, 4.0000E-01, 3.3333E+00,
14:02:53.71854062, 4.0000E-02, 4.1333E-01, 3.4667E+00,
14:02:53.71854067, 0.0000E+00, 4.0000E-01, 3.6000E+00,
14:02:53.71854072, 4.0000E-02, 3.8667E-01, 3.7333E+00,
14:02:53.71854077, 5.3333E-02, 4.4000E-01, 4.2667E+00,
14:02:53.71854082,-1.3333E-02, 4.5333E-01, 4.2667E+00,
14:02:53.71854087, 0.0000E+00, 4.4000E-01, 4.8000E+00,
14:02:53.71854092,-1.3333E-02, 4.0000E-01, 4.8000E+00,
14:02:53.71854097, 4.0000E-02, 4.2667E-01, 4.8000E+00,
14:02:53.71854102, 1.3333E-02, 4.2667E-01, 4.9333E+00,
14:02:53.71854107, 4.0000E-02, 4.6667E-01, 5.4667E+00,
14:02:53.71854112, 2.6667E-02, 4.6667E-01, 5.3333E+00,
14:02:53.71854117, 4.0000E-02, 4.6667E-01, 5.4667E+00,
14:02:53.71854122, 5.3333E-02, 4.6667E-01, 6.1333E+00,
14:02:53.71854127, 1.3333E-02, 4.6667E-01, 6.1333E+00,
14:02:53.71854132, 2.6667E-02, 4.8000E-01, 6.1333E+00,
14:02:53.71854137, 1.3333E-02, 4.9333E-01, 6.1333E+00,
14:02:53.71854142, 4.0000E-02, 4.9333E-01, 6.8000E+00,
14:02:53.71854147, 4.0000E-02, 4.8000E-01, 6.6667E+00,
14:02:53.71854152, 0.0000E+00, 4.8000E-01, 6.8000E+00,
14:02:53.71854157, 2.6667E-02, 4.8000E-01, 6.8000E+00,
14:02:53.71854162, 2.6667E-02, 4.8000E-01, 7.2000E+00,
14:02:53.71854167, 4.0000E-02, 5.2000E-01, 7.2000E+00,
14:02:53.71854172, 5.3333E-02, 5.2000E-01, 7.4667E+00,
14:02:53.71854177, 6.6667E-02, 5.2000E-01, 7.7333E+00,
14:02:53.71854182, 5.3333E-02, 5.6000E-01, 7.7333E+00,
14:02:53.71854187, 1.3333E-02, 5.3333E-01, 7.7333E+00,
14:02:53.71854192, 2.6667E-02, 5.4667E-01, 7.8667E+00,
14:02:53.71854197, 6.6667E-02, 5.4667E-01, 7.7333E+00,
14:02:53.71854202, 5.3333E-02, 5.8667E-01, 8.2667E+00,
14:02:53.71854207, 5.3333E-02, 6.0000E-01, 8.4000E+00,
14:02:53.71854212, 5.3333E-02, 5.6000E-01, 8.5333E+00,
14:02:53.71854217, 6.6667E-02, 5.8667E-01, 8.9333E+00,
14:02:53.71854222, 6.6667E-02, 6.0000E-01, 8.9333E+00,
14:02:53.71854227, 5.3333E-02, 5.8667E-01, 8.8000E+00,
14:02:53.71854232, 5.3333E-02, 6.0000E-01, 9.0667E+00,
14:02:53.71854237, 4.0000E-02, 6.0000E-01, 8.9333E+00,
14:02:53.71854242, 5.3333E-02, 6.2667E-01, 9.4667E+00,
14:02:53.71854247, 4.0000E-02, 6.1333E-01, 8.9333E+00,
14:02:53.71854252, 6.6667E-02, 6.2667E-01, 9.4667E+00,
14:02:53.71854257, 5.3333E-02, 6.4000E-01, 9.8667E+00,
14:02:53.71854262, 5.3333E-02, 6.5333E-01, 9.8667E+00,
14:02:53.71854267, 5.3333E-02, 6.8000E-01, 1.0133E+01,
14:02:53.71854272, 4.0000E-02, 6.6667E-01, 1.0267E+01,
14:02:53.71854277, 4.0000E-02, 6.6667E-01, 1.0400E+01,
14:02:53.71854282, 5.3333E-02, 6.5333E-01, 1.0267E+01,
14:02:53.71854287, 4.0000E-02, 6.8000E-01, 1.0400E+01,
14:02:53.71854292, 8.0000E-02, 6.6667E-01, 1.0800E+01,
14:02:53.71854297, 8.0000E-02, 6.8000E-01, 1.0800E+01,
14:02:53.71854302, 5.3333E-02, 7.2000E-01, 1.1067E+01,
14:02:53.71854307, 5.3333E-02, 7.2000E-01, 1.1067E+01,
14:02:53.71854312, 8.0000E-02, 7.0667E-01, 1.1333E+01,
14:02:53.71854317, 6.6667E-02, 7.3333E-01, 1.1200E+01,
14:02:53.71854322, 5.3333E-02, 7.4667E-01, 1.1867E+01,
14:02:53.71854327, 6.6667E-02, 7.3333E-01, 1.1600E+01,
14:02:53.71854332, 6.6667E-02, 7.4667E-01, 1.1600E+01,
14:02:53.71854337, 5.3333E-02, 7.4667E-01, 1.1600E+01,
14:02:53.71854342, 8.0000E-02, 7.4667E-01, 1.1733E+01,
14:02:53.71854347, 6.6667E-02, 7.7333E-01, 1.2133E+01,
14:02:53.71854352, 6.6667E-02, 7.7333E-01, 1.2133E+01,
14:02:53.71854357, 9.3333E-02, 7.6000E-01, 1.2533E+01,
14:02:53.71854362, 6.6667E-02, 7.8667E-01, 1.2133E+01,
14:02:53.71854367, 8.0000E-02, 7.7333E-01, 1.2933E+01,
14:02:53.71854372, 8.0000E-02, 7.8667E-01, 1.2533E+01,
14:02:53.71854377, 6.6667E-02, 8.0000E-01, 1.2933E+01,
14:02:53.71854382, 6.6667E-02, 8.1333E-01, 1.2667E+01,
14:02:53.71854387, 8.0000E-02, 8.4000E-01, 1.2933E+01,
14:02:53.71854392, 6.6667E-02, 7.8667E-01, 1.2800E+01,
14:02:53.71854397, 8.0000E-02, 8.4000E-01, 1.3067E+01,
14:02:53.71854402, 8.0000E-02, 8.4000E-01, 1.3200E+01,
14:02:53.71854407, 8.0000E-02, 8.8000E-01, 1.3200E+01,
14:02:53.71854412, 8.0000E-02, 8.6667E-01, 1.3467E+01,
14:02:53.71854417, 9.3333E-02, 8.6667E-01, 1.3467E+01,
14:02:53.71854422, 6.6667E-02, 8.9333E-01, 1.3600E+01,
14:02:53.71854427, 6.6667E-02, 8.6667E-01, 1.3733E+01,
14:02:53.71854432, 8.0000E-02, 8.9333E-01, 1.3333E+01,
14:02:53.71854437, 8.0000E-02, 8.9333E-01, 1.3867E+01,
14:02:53.71854442, 9.3333E-02, 8.8000E-01, 1.3867E+01,
14:02:53.71854447, 9.3333E-02, 9.2000E-01, 1.4000E+01,
14:02:53.71854452, 8.0000E-02, 9.0667E-01, 1.4267E+01,
14:02:53.71854457, 8.0000E-02, 9.3333E-01, 1.4267E+01,
14:02:53.71854462, 8.0000E-02, 9.3333E-01, 1.4400E+01,
14:02:53.71854467, 8.0000E-02, 9.6000E-01, 1.4400E+01,
14:02:53.71854472, 6.6667E-02, 9.7333E-01, 1.4400E+01,
14:02:53.71854477, 8.0000E-02, 9.7333E-01, 1.4133E+01,
14:02:53.71854482, 1.0667E-01, 9.8667E-01, 1.4400E+01,
14:02:53.71854487, 9.3333E-02, 9.7333E-01, 1.4667E+01,
14:02:53.71854492, 9.3333E-02, 1.0000E+00, 1.4933E+01,
14:02:53.71854497, 9.3333E-02, 1.0000E+00, 1.4933E+01,
14:02:53.71854502, 1.2000E-01, 1.0000E+00, 1.4667E+01,
14:02:53.71854507, 1.2000E-01, 9.8667E-01, 1.5067E+01,
14:02:53.71854512, 8.0000E-02, 1.0133E+00, 1.4800E+01,
14:02:53.71854517, 1.3333E-01, 1.0133E+00, 1.5333E+01,
14:02:53.71854522, 9.3333E-02, 1.0000E+00, 1.5200E+01,
14:02:53.71854527, 8.0000E-02, 1.0267E+00, 1.5333E+01,
14:02:53.71854532, 8.0000E-02, 1.0667E+00, 1.5200E+01,
14:02:53.71854537, 9.3333E-02, 1.0267E+00, 1.5200E+01,
14:02:53.71854542, 1.4667E-01, 1.0667E+00, 1.5600E+01,
14:02:53.71854547, 1.3333E-01, 1.0800E+00, 1.5200E+01,
14:02:53.71854552, 1.0667E-01, 1.0667E+00, 1.5333E+01,
14:02:53.71854557, 8.0000E-02, 1.1067E+00, 1.5600E+01,
14:02:53.71854562, 1.2000E-01, 1.0800E+00, 1.5867E+01,
14:02:53.71854567, 9.3333E-02, 1.0800E+00, 1.5600E+01,
14:02:53.71854572, 9.3333E-02, 1.0933E+00, 1.5867E+01,
14:02:53.71854577, 1.2000E-01, 1.1067E+00, 1.5600E+01,
14:02:53.71854582, 1.3333E-01, 1.1067E+00, 1.5733E+01,
14:02:53.71854587, 1.2000E-01, 1.1067E+00, 1.5867E+01,
14:02:53.71854592, 1.3333E-01, 1.1333E+00, 1.5733E+01,
14:02:53.71854597, 1.2000E-01, 1.1467E+00, 1.5467E+01,
14:02:53.71854602, 1.0667E-01, 1.1200E+00, 1.6000E+01,
14:02:53.71854607, 1.4667E-01, 1.1467E+00, 1.5867E+01,
14:02:53.71854612, 1.2000E-01, 1.1733E+00, 1.6000E+01,
14:02:53.71854617, 8.0000E-02, 1.1733E+00, 1.6267E+01,
14:02:53.71854622, 9.3333E-02, 1.1600E+00, 1.6133E+01,
14:02:53.71854627, 9.3333E-02, 1.1867E+00, 1.6000E+01,
14:02:53.71854632, 1.2000E-01, 1.1733E+00, 1.6267E+01,
14:02:53.71854637, 1.2000E-01, 1.2267E+00, 1.6267E+01,
14:02:53.71854642, 1.2000E-01, 1.2133E+00, 1.6133E+01,
14:02:53.71854647, 1.3333E-01, 1.2133E+00, 1.6133E+01,
14:02:53.71854652, 1.0667E-01, 1.2000E+00, 1.6267E+01,
14:02:53.71854657, 1.3333E-01, 1.2133E+00, 1.6533E+01,
14:02:53.71854662, 1.0667E-01, 1.2667E+00, 1.6533E+01,
14:02:53.71854667, 1.0667E-01, 1.2267E+00, 1.6267E+01,
14:02:53.71854672, 1.2000E-01, 1.2133E+00, 1.6400E+01,
14:02:53.71854677, 1.4667E-01, 1.2800E+00, 1.6000E+01,
14:02:53.71854682, 1.2000E-01, 1.2667E+00, 1.6667E+01,
14:02:53.71854687, 1.6000E-01, 1.2800E+00, 1.6533E+01,
14:02:53.71854692, 1.3333E-01, 1.3200E+00, 1.6400E+01,
14:02:53.71854697, 1.6000E-01, 1.2933E+00, 1.6533E+01,
14:02:53.71854702, 1.4667E-01, 1.2933E+00, 1.6667E+01,
14:02:53.71854707, 1.0667E-01, 1.2933E+00, 1.6933E+01,
14:02:53.71854712, 1.2000E-01, 1.3067E+00, 1.6267E+01,
14:02:53.71854717, 1.2000E-01, 1.3333E+00, 1.6400E+01,
14:02:53.71854722, 1.2000E-01, 1.3467E+00, 1.6267E+01,
14:02:53.71854727, 1.2000E-01, 1.3067E+00, 1.6000E+01,
14:02:53.71854732, 1.4667E-01, 1.3467E+00, 1.6133E+01,
14:02:53.71854737, 1.4667E-01, 1.4000E+00, 1.6667E+01,
14:02:53.71854742, 1.4667E-01, 1.3733E+00, 1.6667E+01,
14:02:53.71854747, 1.2000E-01, 1.3600E+00, 1.6533E+01,
14:02:53.71854752, 1.2000E-01, 1.3867E+00, 1.6400E+01,
14:02:53.71854757, 1.6000E-01, 1.3733E+00, 1.6667E+01,
14:02:53.71854762, 1.2000E-01, 1.3600E+00, 1.6533E+01,
14:02:53.71854767, 1.3333E-01, 1.4133E+00, 1.6533E+01,
14:02:53.71854772, 1.3333E-01, 1.4267E+00, 1.6800E+01,
14:02:53.71854777, 1.4667E-01, 1.4000E+00, 1.6533E+01,
14:02:53.71854782, 1.7333E-01, 1.4133E+00, 1.6667E+01,
14:02:53.71854787, 1.6000E-01, 1.4267E+00, 1.6400E+01,
14:02:53.71854792, 1.2000E-01, 1.4267E+00, 1.6533E+01,
14:02:53.71854797, 1.6000E-01, 1.4267E+00, 1.6133E+01,
14:02:53.71854802, 1.2000E-01, 1.4400E+00, 1.6400E+01,
14:02:53.71854807, 1.3333E-01, 1.4267E+00, 1.6400E+01,
14:02:53.71854812, 1.7333E-01, 1.4133E+00, 1.6667E+01,
14:02:53.71854817, 1.3333E-01, 1.4800E+00, 1.6400E+01,
14:02:53.71854822, 1.4667E-01, 1.4533E+00, 1.6400E+01,
14:02:53.71854827, 1.3333E-01, 1.4400E+00, 1.6267E+01,
14:02:53.71854832, 1.6000E-01, 1.4933E+00, 1.6267E+01,
14:02:53.71854837, 1.6000E-01, 1.4800E+00, 1.6133E+01,
14:02:53.71854842, 1.4667E-01, 1.5333E+00, 1.6400E+01,
14:02:53.71854847, 1.2000E-01, 1.5200E+00, 1.6267E+01,
14:02:53.71854852, 1.2000E-01, 1.5067E+00, 1.6267E+01,
14:02:53.71854857, 1.3333E-01, 1.5333E+00, 1.6133E+01,
14:02:53.71854862, 1.2000E-01, 1.5600E+00, 1.6000E+01,
14:02:53.71854867, 1.7333E-01, 1.5333E+00, 1.6400E+01,
14:02:53.71854872, 1.4667E-01, 1.5600E+00, 1.6133E+01,
14:02:53.71854877, 1.7333E-01, 1.5733E+00, 1.6000E+01,
14:02:53.71854882, 1.7333E-01, 1.5867E+00, 1.5867E+01,
14:02:53.71854887, 1.7333E-01, 1.5467E+00, 1.5867E+01,
14:02:53.71854892, 1.6000E-01, 1.5867E+00, 1.6133E+01,
14:02:53.71854897, 1.6000E-01, 1.5600E+00, 1.6133E+01,
14:02:53.71854902, 1.4667E-01, 1.6133E+00, 1.5733E+01,
14:02:53.71854907, 1.2000E-01, 1.6000E+00, 1.5867E+01,
14:02:53.71854912, 1.6000E-01, 1.6000E+00, 1.5733E+01,
14:02:53.71854917, 1.7333E-01, 1.6000E+00, 1.5733E+01,
14:02:53.71854922, 1.6000E-01, 1.6133E+00, 1.5733E+01,
14:02:53.71854927, 1.6000E-01, 1.6000E+00, 1.5467E+01,
14:02:53.71854932, 1.8667E-01, 1.6400E+00, 1.5733E+01,
14:02:53.71854937, 1.7333E-01, 1.6000E+00, 1.5600E+01,
14:02:53.71854942, 1.3333E-01, 1.6533E+00, 1.5733E+01,
14:02:53.71854947, 1.3333E-01, 1.6533E+00, 1.5600E+01,
14:02:53.71854952, 1.6000E-01, 1.6400E+00, 1.5467E+01,
14:02:53.71854957, 1.6000E-01, 1.6267E+00, 1.5467E+01,
14:02:53.71854962, 1.4667E-01, 1.6667E+00, 1.5200E+01,
14:02:53.71854967, 1.6000E-01, 1.7067E+00, 1.5200E+01,
14:02:53.71854972, 1.7333E-01, 1.6400E+00, 1.5200E+01,
14:02:53.71854977, 1.6000E-01, 1.6933E+00, 1.5200E+01,
14:02:53.71854982, 1.7333E-01, 1.6933E+00, 1.5067E+01,
14:02:53.71854987, 1.8667E-01, 1.7067E+00, 1.5200E+01,
14:02:53.71854992, 1.7333E-01, 1.7067E+00, 1.4800E+01,
14:02:53.71854997, 1.3333E-01, 1.7067E+00, 1.4800E+01,
14:02:53.71855002, 1.6000E-01, 1.7067E+00, 1.4667E+01,
14:02:53.71855007, 1.6000E-01, 1.7200E+00, 1.4800E+01,
14:02:53.71855012, 2.1333E-01, 1.7200E+00, 1.4533E+01,
14:02:53.71855017, 1.7333E-01, 1.7333E+00, 1.4667E+01,
14:02:53.71855022, 2.0000E-01, 1.7200E+00, 1.4400E+01,
14:02:53.71855027, 1.7333E-01, 1.7467E+00, 1.4267E+01,
14:02:53.71855032, 2.0000E-01, 1.7600E+00, 1.4400E+01,
14:02:53.71855037, 1.6000E-01, 1.7333E+00, 1.4000E+01,
14:02:53.71855042, 1.6000E-01, 1.7467E+00, 1.4267E+01,
14:02:53.71855047, 1.7333E-01, 1.7733E+00, 1.4400E+01,
14:02:53.71855052, 1.7333E-01, 1.7733E+00, 1.4000E+01,
14:02:53.71855057, 1.8667E-01, 1.7733E+00, 1.3867E+01,
14:02:53.71855062, 2.0000E-01, 1.7733E+00, 1.3867E+01,
14:02:53.71855067, 2.1333E-01, 1.7467E+00, 1.3600E+01,
14:02:53.71855072, 1.7333E-01, 1.8000E+00, 1.4000E+01,
14:02:53.71855077, 1.6000E-01, 1.8000E+00, 1.3733E+01,
14:02:53.71855082, 1.7333E-01, 1.8133E+00, 1.3867E+01,
14:02:53.71855087, 1.6000E-01, 1.8133E+00, 1.3600E+01,
14:02:53.71855092, 1.4667E-01, 1.8400E+00, 1.3600E+01,
14:02:53.71855097, 1.8667E-01, 1.8133E+00, 1.3333E+01,
14:02:53.71855102, 2.0000E-01, 1.8400E+00, 1.3333E+01,
14:02:53.71855107, 1.4667E-01, 1.8133E+00, 1.3333E+01,
14:02:53.71855112, 1.4667E-01, 1.8400E+00, 1.3200E+01,
14:02:53.71855117, 1.6000E-01, 1.8267E+00, 1.3200E+01,
14:02:53.71855122, 2.0000E-01, 1.8533E+00, 1.3067E+01,
14:02:53.71855127, 1.6000E-01, 1.8533E+00, 1.2667E+01,
14:02:53.71855132, 2.0000E-01, 1.8667E+00, 1.2667E+01,
14:02:53.71855137, 1.8667E-01, 1.8667E+00, 1.2933E+01,
14:02:53.71855142, 1.7333E-01, 1.9200E+00, 1.2667E+01,
14:02:53.71855147, 1.7333E-01, 1.8933E+00, 1.2533E+01,
14:02:53.71855152, 1.8667E-01, 1.8667E+00, 1.2667E+01,
14:02:53.71855157, 2.1333E-01, 1.8400E+00, 1.2400E+01,
14:02:53.71855162, 1.4667E-01, 1.8667E+00, 1.2133E+01,
14:02:53.71855167, 1.8667E-01, 1.8800E+00, 1.2267E+01,
14:02:53.71855172, 1.7333E-01, 1.8800E+00, 1.2267E+01,
14:02:53.71855177, 1.8667E-01, 1.9067E+00, 1.2000E+01,
14:02:53.71855182, 1.7333E-01, 1.8667E+00, 1.1867E+01,
14:02:53.71855187, 1.7333E-01, 1.8933E+00, 1.1733E+01,
14:02:53.71855192, 1.7333E-01, 1.9067E+00, 1.1733E+01,
14:02:53.71855197, 2.0000E-01, 1.9333E+00, 1.1600E+01,
14:02:53.71855202, 1.7333E-01, 1.9200E+00, 1.1467E+01,
14:02:53.71855207, 1.7333E-01, 1.9200E+00, 1.1600E+01,
14:02:53.71855212, 1.8667E-01, 1.9200E+00, 1.1200E+01,
14:02:53.71855217, 1.6000E-01, 1.9333E+00, 1.1200E+01,
14:02:53.71855222, 2.2667E-01, 1.9200E+00, 1.1333E+01,
14:02:53.71855227, 1.7333E-01, 1.9467E+00, 1.0933E+01,
14:02:53.71855232, 1.8667E-01, 1.9333E+00, 1.0933E+01,
14:02:53.71855237, 1.8667E-01, 1.9467E+00, 1.0800E+01,
14:02:53.71855242, 1.7333E-01, 1.9600E+00, 1.0800E+01,
14:02:53.71855247, 1.7333E-01, 1.9333E+00, 1.0667E+01,
14:02:53.71855252, 1.7333E-01, 1.9467E+00, 1.0667E+01,
14:02:53.71855257, 1.8667E-01, 1.9733E+00, 1.0267E+01,
14:02:53.71855262, 1.8667E-01, 1.9600E+00, 1.0400E+01,
14:02:53.71855267, 2.1333E-01, 1.9467E+00, 1.0133E+01,
14:02:53.71855272, 1.8667E-01, 1.9733E+00, 1.0133E+01,
14:02:53.71855277, 1.8667E-01, 1.9467E+00, 1.0000E+01,
14:02:53.71855282, 1.7333E-01, 1.9733E+00, 1.0000E+01,
14:02:53.71855287, 1.7333E-01, 1.9733E+00, 1.0000E+01,
14:02:53.71855292, 1.8667E-01, 1.9733E+00, 9.6000E+00,
14:02:53.71855297, 2.1333E-01, 1.9733E+00, 9.6000E+00,
14:02:53.71855302, 1.8667E-01, 1.9867E+00, 9.6000E+00,
14:02:53.71855307, 2.0000E-01, 1.9867E+00, 9.3333E+00,
14:02:53.71855312, 1.8667E-01, 1.9733E+00, 9.0667E+00,
14:02:53.71855317, 1.8667E-01, 2.0000E+00, 8.9333E+00,
14:02:53.71855322, 1.8667E-01, 2.0000E+00, 8.9333E+00,
14:02:53.71855327, 1.7333E-01, 2.0133E+00, 8.9333E+00,
14:02:53.71855332, 1.7333E-01, 2.0000E+00, 8.9333E+00,
14:02:53.71855337, 1.8667E-01, 2.0267E+00, 8.8000E+00,
14:02:53.71855342, 1.7333E-01, 1.9867E+00, 8.9333E+00,
14:02:53.71855347, 1.8667E-01, 2.0133E+00, 8.8000E+00,
14:02:53.71855352, 1.7333E-01, 2.0267E+00, 8.2667E+00,
14:02:53.71855357, 1.7333E-01, 2.0267E+00, 8.0000E+00,
14:02:53.71855362, 1.7333E-01, 1.9733E+00, 8.0000E+00,
14:02:53.71855367, 2.1333E-01, 2.0133E+00, 7.8667E+00,
14:02:53.71855372, 1.7333E-01, 2.0267E+00, 7.8667E+00,
14:02:53.71855377, 1.6000E-01, 2.0133E+00, 8.0000E+00,
14:02:53.71855382, 1.6000E-01, 2.0000E+00, 7.6000E+00,
14:02:53.71855387, 2.0000E-01, 2.0133E+00, 7.6000E+00,
14:02:53.71855392, 2.2667E-01, 2.0400E+00, 7.4667E+00,
14:02:53.71855397, 1.8667E-01, 2.0400E+00, 7.4667E+00,
14:02:53.71855402, 2.0000E-01, 2.0133E+00, 7.2000E+00,
14:02:53.71855407, 2.2667E-01, 2.0133E+00, 6.9333E+00,
14:02:53.71855412, 1.8667E-01, 2.0533E+00, 6.9333E+00,
14:02:53.71855417, 2.0000E-01, 2.0133E+00, 6.5333E+00,
14:02:53.71855422, 2.0000E-01, 2.0533E+00, 6.6667E+00,
14:02:53.71855427, 2.0000E-01, 2.0000E+00, 6.9333E+00,
14:02:53.71855432, 1.4667E-01, 2.0133E+00, 6.1333E+00,
14:02:53.71855437, 2.0000E-01, 2.0667E+00, 6.5333E+00,
14:02:53.71855442, 2.1333E-01, 2.0267E+00, 6.8000E+00,
14:02:53.71855447, 2.0000E-01, 2.0800E+00, 6.0000E+00,
14:02:53.71855452, 1.8667E-01, 2.0400E+00, 6.1333E+00,
14:02:53.71855457, 1.6000E-01, 2.0400E+00, 6.0000E+00,
14:02:53.71855462, 1.8667E-01, 2.0267E+00, 5.8667E+00,
14:02:53.71855467, 2.1333E-01, 2.0133E+00, 5.8667E+00,
14:02:53.71855472, 1.6000E-01, 2.0267E+00, 5.4667E+00,
14:02:53.71855477, 1.7333E-01, 2.0667E+00, 5.4667E+00,
14:02:53.71855482, 2.0000E-01, 2.0267E+00, 4.9333E+00,
14:02:53.71855487, 2.0000E-01, 2.0400E+00, 5.3333E+00,
14:02:53.71855492, 1.7333E-01, 2.0667E+00, 5.4667E+00,
14:02:53.71855497, 1.8667E-01, 2.0667E+00, 5.0667E+00,
14:02:53.71855502, 1.7333E-01, 2.0533E+00, 4.9333E+00,
14:02:53.71855507, 2.0000E-01, 2.0267E+00, 4.8000E+00,
14:02:53.71855512, 1.6000E-01, 2.0533E+00, 4.6667E+00,
14:02:53.71855517, 1.4667E-01, 2.0667E+00, 4.6667E+00,
14:02:53.71855522, 1.8667E-01, 2.0533E+00, 4.5333E+00,
14:02:53.71855527, 1.6000E-01, 2.0533E+00, 4.4000E+00,
14:02:53.71855532, 1.4667E-01, 2.0400E+00, 4.1333E+00,
14:02:53.71855537, 2.0000E-01, 2.0800E+00, 4.0000E+00,
14:02:53.71855542, 1.8667E-01, 2.0533E+00, 4.1333E+00,
14:02:53.71855547, 2.1333E-01, 2.0533E+00, 3.8667E+00,
14:02:53.71855552, 1.8667E-01, 2.0667E+00, 3.8667E+00,
14:02:53.71855557, 2.1333E-01, 2.0667E+00, 3.4667E+00,
14:02:53.71855562, 1.4667E-01, 2.0800E+00, 3.4667E+00,
14:02:53.71855567, 1.8667E-01, 2.0400E+00, 3.3333E+00,
14:02:53.71855572, 1.7333E-01, 2.0667E+00, 3.0667E+00,
14:02:53.71855577, 2.0000E-01, 2.0533E+00, 3.0667E+00,
14:02:53.71855582, 2.0000E-01, 2.0667E+00, 3.2000E+00,
14:02:53.71855587, 1.4667E-01, 2.0267E+00, 2.8000E+00,
14:02:53.71855592, 1.6000E-01, 2.0400E+00, 3.0667E+00,
14:02:53.71855597, 1.6000E-01, 2.0400E+00, 2.6667E+00,
14:02:53.71855602, 1.8667E-01, 2.0000E+00, 2.4000E+00,
14:02:53.71855607, 2.0000E-01, 2.0667E+00, 2.2667E+00,
14:02:53.71855612, 1.7333E-01, 2.0667E+00, 2.0000E+00,
14:02:53.71855617, 1.6000E-01, 2.0400E+00, 2.0000E+00,
14:02:53.71855622, 1.4667E-01, 2.0667E+00, 2.1333E+00,
14:02:53.71855627, 1.8667E-01, 2.0400E+00, 2.0000E+00,
14:02:53.71855632, 1.7333E-01, 2.0267E+00, 2.0000E+00,
14:02:53.71855637, 1.7333E-01, 2.0800E+00, 1.7333E+00,
14:02:53.71855642, 1.7333E-01, 2.0533E+00, 1.3333E+00,
14:02:53.71855647, 1.7333E-01, 2.0533E+00, 9.3333E-01,
14:02:53.71855652, 1.6000E-01, 2.0267E+00, 1.4667E+00,
14:02:53.71855657, 1.7333E-01, 2.0400E+00, 9.3333E-01,
14:02:53.71855662, 1.7333E-01, 2.0267E+00, 1.0667E+00,
14:02:53.71855667, 1.6000E-01, 2.0400E+00, 9.3333E-01,
14:02:53.71855672, 1.7333E-01, 2.0267E+00, 8.0000E-01,
14:02:53.71855677, 1.8667E-01, 2.0533E+00, 9.3333E-01,
14:02:53.71855682, 1.6000E-01, 2.0267E+00, 6.6667E-01,
14:02:53.71855687, 1.4667E-01, 2.0667E+00, 5.3333E-01,
14:02:53.71855692, 1.7333E-01, 2.0400E+00, 5.3333E-01,
14:02:53.71855697, 1.6000E-01, 2.0000E+00, 4.0000E-01,
14:02:53.71855702, 1.7333E-01, 2.0400E+00, 2.6667E-01,
14:02:53.71855707, 1.6000E-01, 2.0400E+00, 2.6667E-01,
14:02:53.71855712, 1.6000E-01, 2.0267E+00,-1.3333E-01,
14:02:53.71855717, 1.6000E-01, 2.0133E+00,-1.3333E-01,
14:02:53.71855722, 1.3333E-01, 2.0133E+00,-4.0000E-01,
14:02:53.71855727, 1.3333E-01, 2.0000E+00,-5.3333E-01,
14:02:53.71855732, 1.7333E-01, 2.0133E+00,-6.6667E-01,
14:02:53.71855737, 1.6000E-01, 2.0267E+00,-5.3333E-01,
14:02:53.71855742, 1.6000E-01, 2.0133E+00,-8.0000E-01,
14:02:53.71855747, 1.3333E-01, 2.0133E+00,-6.6667E-01,
14:02:53.71855752, 1.4667E-01, 2.0000E+00,-1.0667E+00,
14:02:53.71855757, 1.7333E-01, 2.0000E+00,-9.3333E-01,
14:02:53.71855762, 1.3333E-01, 2.0133E+00,-9.3333E-01,
14:02:53.71855767, 1.4667E-01, 2.0133E+00,-1.0667E+00,
14:02:53.71855772, 1.8667E-01, 1.9867E+00,-1.4667E+00,
14:02:53.71855777, 1.7333E-01, 1.9733E+00,-1.4667E+00,
14:02:53.71855782, 1.4667E-01, 1.9733E+00,-1.4667E+00,
14:02:53.71855787, 1.7333E-01, 1.9867E+00,-1.4667E+00,
14:02:53.71855792, 2.1333E-01, 1.9867E+00,-1.8667E+00,
14:02:53.71855797, 1.7333E-01, 2.0000E+00,-1.8667E+00,
14:02:53.71855802, 1.3333E-01, 2.0000E+00,-2.0000E+00,
14:02:53.71855807, 1.3333E-01, 1.9733E+00,-2.1333E+00,
14:02:53.71855812, 1.4667E-01, 1.9467E+00,-2.4000E+00,
14:02:53.71855817, 1.6000E-01, 1.9867E+00,-2.1333E+00,
14:02:53.71855822, 1.4667E-01, 1.9733E+00,-2.0000E+00,
14:02:53.71855827, 1.7333E-01, 1.9600E+00,-2.5333E+00,
14:02:53.71855832, 1.4667E-01, 1.9733E+00,-2.5333E+00,
14:02:53.71855837, 1.2000E-01, 1.9733E+00,-2.5333E+00,
14:02:53.71855842, 1.4667E-01, 1.9467E+00,-2.8000E+00,
14:02:53.71855847, 1.6000E-01, 1.9600E+00,-2.8000E+00,
14:02:53.71855852, 1.6000E-01, 1.9600E+00,-3.0667E+00,
14:02:53.71855857, 1.6000E-01, 1.9733E+00,-3.2000E+00,
14:02:53.71855862, 1.2000E-01, 1.9067E+00,-3.0667E+00,
14:02:53.71855867, 1.4667E-01, 1.9600E+00,-3.3333E+00,
14:02:53.71855872, 1.8667E-01, 1.9600E+00,-3.2000E+00,
14:02:53.71855877, 1.4667E-01, 1.9333E+00,-3.0667E+00,
14:02:53.71855882, 1.6000E-01, 1.9200E+00,-3.4667E+00,
14:02:53.71855887, 1.3333E-01, 1.9467E+00,-3.4667E+00,
14:02:53.71855892, 1.4667E-01, 1.9200E+00,-3.6000E+00,
14:02:53.71855897, 1.6000E-01, 1.9333E+00,-3.7333E+00,
14:02:53.71855902, 1.7333E-01, 1.9200E+00,-3.6000E+00,
14:02:53.71855907, 1.2000E-01, 1.9067E+00,-3.7333E+00,
14:02:53.71855912, 1.3333E-01, 1.9333E+00,-3.8667E+00,
14:02:53.71855917, 1.2000E-01, 1.9200E+00,-4.0000E+00,
14:02:53.71855922, 1.4667E-01, 1.9333E+00,-4.0000E+00,
14:02:53.71855927, 1.2000E-01, 1.8800E+00,-3.8667E+00,
14:02:53.71855932, 1.4667E-01, 1.9333E+00,-4.0000E+00,
14:02:53.71855937, 1.4667E-01, 1.9067E+00,-4.5333E+00,
14:02:53.71855942, 1.4667E-01, 1.9067E+00,-4.6667E+00,
14:02:53.71855947, 1.3333E-01, 1.8800E+00,-4.8000E+00,
14:02:53.71855952, 1.6000E-01, 1.9200E+00,-4.8000E+00,
14:02:53.71855957, 1.3333E-01, 1.8800E+00,-4.8000E+00,
14:02:53.71855962, 1.2000E-01, 1.8933E+00,-4.8000E+00,
14:02:53.71855967, 1.4667E-01, 1.8667E+00,-4.8000E+00,
14:02:53.71855972, 1.4667E-01, 1.8667E+00,-4.8000E+00,
14:02:53.71855977, 1.4667E-01, 1.8800E+00,-5.2000E+00,
14:02:53.71855982, 1.3333E-01, 1.8533E+00,-5.0667E+00,
14:02:53.71855987, 1.6000E-01, 1.8667E+00,-5.0667E+00,
14:02:53.71855992, 1.0667E-01, 1.8533E+00,-5.7333E+00,
14:02:53.71855997, 1.3333E-01, 1.8800E+00,-5.3333E+00,
14:02:53.71856002, 1.2000E-01, 1.8933E+00,-5.3333E+00,
14:02:53.71856007, 1.0667E-01, 1.8533E+00,-5.2000E+00,
14:02:53.71856012, 1.6000E-01, 1.8400E+00,-5.7333E+00,
14:02:53.71856017, 1.6000E-01, 1.8400E+00,-5.7333E+00,
14:02:53.71856022, 1.4667E-01, 1.8400E+00,-5.8667E+00,
14:02:53.71856027, 1.4667E-01, 1.8400E+00,-5.4667E+00,
14:02:53.71856032, 1.3333E-01, 1.8133E+00,-5.8667E+00,
14:02:53.71856037, 1.6000E-01, 1.8400E+00,-6.0000E+00,
14:02:53.71856042, 1.4667E-01, 1.8400E+00,-6.1333E+00,
14:02:53.71856047, 1.2000E-01, 1.7867E+00,-6.1333E+00,
14:02:53.71856052, 1.0667E-01, 1.8133E+00,-6.1333E+00,
14:02:53.71856057, 1.4667E-01, 1.8000E+00,-6.1333E+00,
14:02:53.71856062, 1.0667E-01, 1.8133E+00,-6.1333E+00,
14:02:53.71856067, 1.2000E-01, 1.7733E+00,-6.1333E+00,
14:02:53.71856072, 1.3333E-01, 1.7733E+00,-6.1333E+00,
14:02:53.71856077, 1.4667E-01, 1.8133E+00,-6.4000E+00,
14:02:53.71856082, 1.2000E-01, 1.8000E+00,-6.5333E+00,
14:02:53.71856087, 1.2000E-01, 1.7600E+00,-6.5333E+00,
14:02:53.71856092, 9.3333E-02, 1.7867E+00,-6.6667E+00,
14:02:53.71856097, 1.0667E-01, 1.7733E+00,-7.0667E+00,
14:02:53.71856102, 1.0667E-01, 1.7867E+00,-6.4000E+00,
14:02:53.71856107, 1.3333E-01, 1.7600E+00,-6.8000E+00,
14:02:53.71856112, 1.2000E-01, 1.7733E+00,-6.8000E+00,
14:02:53.71856117, 9.3333E-02, 1.7733E+00,-6.9333E+00,
14:02:53.71856122, 1.2000E-01, 1.7600E+00,-6.9333E+00,
14:02:53.71856127, 9.3333E-02, 1.7467E+00,-7.0667E+00,
14:02:53.71856132, 1.2000E-01, 1.7333E+00,-7.2000E+00,
14:02:53.71856137, 1.2000E-01, 1.7333E+00,-7.3333E+00,
14:02:53.71856142, 1.0667E-01, 1.7467E+00,-6.9333E+00,
14:02:53.71856147, 1.0667E-01, 1.7333E+00,-7.2000E+00,
14:02:53.71856152, 1.2000E-01, 1.7200E+00,-7.4667E+00,
14:02:53.71856157, 1.2000E-01, 1.7067E+00,-7.4667E+00,
14:02:53.71856162, 9.3333E-02, 1.7200E+00,-7.4667E+00,
14:02:53.71856167, 1.2000E-01, 1.7067E+00,-6.9333E+00,
14:02:53.71856172, 1.0667E-01, 1.7067E+00,-7.4667E+00,
14:02:53.71856177, 9.3333E-02, 1.7200E+00,-7.8667E+00,
14:02:53.71856182, 9.3333E-02, 1.7067E+00,-7.4667E+00,
14:02:53.71856187, 1.0667E-01, 1.6933E+00,-7.4667E+00,
14:02:53.71856192, 8.0000E-02, 1.7067E+00,-7.7333E+00,
14:02:53.71856197, 9.3333E-02, 1.6933E+00,-7.6000E+00,
14:02:53.71856202, 1.0667E-01, 1.6800E+00,-7.8667E+00,
14:02:53.71856207, 9.3333E-02, 1.7067E+00,-7.6000E+00,
14:02:53.71856212, 1.2000E-01, 1.6800E+00,-7.7333E+00,
14:02:53.71856217, 1.0667E-01, 1.6533E+00,-7.7333E+00,
14:02:53.71856222, 9.3333E-02, 1.6667E+00,-7.6000E+00,
14:02:53.71856227, 1.3333E-01, 1.6400E+00,-8.0000E+00,
14:02:53.71856232, 1.3333E-01, 1.6400E+00,-8.0000E+00,
14:02:53.71856237, 1.0667E-01, 1.6133E+00,-7.7333E+00,
14:02:53.71856242, 1.0667E-01, 1.6400E+00,-8.1333E+00,
14:02:53.71856247, 8.0000E-02, 1.6133E+00,-8.1333E+00,
14:02:53.71856252, 9.3333E-02, 1.6533E+00,-8.1333E+00,
14:02:53.71856257, 9.3333E-02, 1.6133E+00,-8.0000E+00,
14:02:53.71856262, 8.0000E-02, 1.6000E+00,-8.0000E+00,
14:02:53.71856267, 1.0667E-01, 1.6000E+00,-8.1333E+00,
14:02:53.71856272, 1.2000E-01, 1.6267E+00,-7.7333E+00,
14:02:53.71856277, 8.0000E-02, 1.6133E+00,-8.1333E+00,
14:02:53.71856282, 9.3333E-02, 1.5733E+00,-8.2667E+00,
14:02:53.71856287, 9.3333E-02, 1.5733E+00,-8.5333E+00,
14:02:53.71856292, 8.0000E-02, 1.5867E+00,-8.4000E+00,
14:02:53.71856297, 1.0667E-01, 1.6133E+00,-8.1333E+00,
14:02:53.71856302, 8.0000E-02, 1.5733E+00,-8.1333E+00,
14:02:53.71856307, 8.0000E-02, 1.5600E+00,-8.4000E+00,
14:02:53.71856312, 9.3333E-02, 1.5733E+00,-8.4000E+00,
14:02:53.71856317, 1.0667E-01, 1.5733E+00,-8.1333E+00,
14:02:53.71856322, 8.0000E-02, 1.5733E+00,-8.2667E+00,
14:02:53.71856327, 1.0667E-01, 1.5733E+00,-8.5333E+00,
14:02:53.71856332, 9.3333E-02, 1.5600E+00,-8.6667E+00,
14:02:53.71856337, 9.3333E-02, 1.5733E+00,-8.6667E+00,
14:02:53.71856342, 8.0000E-02, 1.5467E+00,-8.5333E+00,
14:02:53.71856347, 8.0000E-02, 1.5600E+00,-8.4000E+00,
14:02:53.71856352, 9.3333E-02, 1.5733E+00,-8.6667E+00,
14:02:53.71856357, 9.3333E-02, 1.5600E+00,-8.4000E+00,
14:02:53.71856362, 1.2000E-01, 1.5200E+00,-8.4000E+00,
14:02:53.71856367, 9.3333E-02, 1.5600E+00,-8.4000E+00,
14:02:53.71856372, 8.0000E-02, 1.5467E+00,-8.5333E+00,
14:02:53.71856377, 8.0000E-02, 1.5200E+00,-8.6667E+00,
14:02:53.71856382, 8.0000E-02, 1.5200E+00,-8.4000E+00,
14:02:53.71856387, 8.0000E-02, 1.5200E+00,-8.9333E+00,
14:02:53.71856392, 6.6667E-02, 1.4933E+00,-8.8000E+00,
14:02:53.71856397, 8.0000E-02, 1.5067E+00,-8.6667E+00,
14:02:53.71856402, 1.0667E-01, 1.5200E+00,-8.5333E+00,
14:02:53.71856407, 8.0000E-02, 1.4667E+00,-8.6667E+00,
14:02:53.71856412, 8.0000E-02, 1.4933E+00,-8.9333E+00,
14:02:53.71856417, 1.0667E-01, 1.4533E+00,-8.6667E+00,
14:02:53.71856422, 9.3333E-02, 1.4800E+00,-8.9333E+00,
14:02:53.71856427, 9.3333E-02, 1.4800E+00,-8.8000E+00,
14:02:53.71856432, 9.3333E-02, 1.4400E+00,-8.9333E+00,
14:02:53.71856437, 6.6667E-02, 1.4533E+00,-8.8000E+00,
14:02:53.71856442, 8.0000E-02, 1.4400E+00,-8.5333E+00,
14:02:53.71856447, 8.0000E-02, 1.4533E+00,-8.8000E+00,
14:02:53.71856452, 8.0000E-02, 1.4400E+00,-8.6667E+00,
14:02:53.71856457, 1.2000E-01, 1.4533E+00,-8.6667E+00,
14:02:53.71856462, 8.0000E-02, 1.4400E+00,-8.5333E+00,
14:02:53.71856467, 8.0000E-02, 1.4400E+00,-8.5333E+00,
14:02:53.71856472, 6.6667E-02, 1.4267E+00,-8.8000E+00,
14:02:53.71856477, 8.0000E-02, 1.4267E+00,-8.5333E+00,
14:02:53.71856482, 8.0000E-02, 1.4267E+00,-8.5333E+00,
14:02:53.71856487, 8.0000E-02, 1.4267E+00,-8.8000E+00,
14:02:53.71856492, 1.0667E-01, 1.4133E+00,-8.5333E+00,
14:02:53.71856497, 9.3333E-02, 1.4133E+00,-8.4000E+00,
14:02:53.71856502, 6.6667E-02, 1.4267E+00,-8.6667E+00,
14:02:53.71856507, 8.0000E-02, 1.4000E+00,-8.5333E+00,
14:02:53.71856512, 8.0000E-02, 1.4267E+00,-8.2667E+00,
14:02:53.71856517, 8.0000E-02, 1.3867E+00,-8.5333E+00,
14:02:53.71856522, 9.3333E-02, 1.4000E+00,-8.6667E+00,
14:02:53.71856527, 8.0000E-02, 1.4133E+00,-8.6667E+00,
14:02:53.71856532, 6.6667E-02, 1.3600E+00,-8.5333E+00,
14:02:53.71856537, 5.3333E-02, 1.4000E+00,-8.1333E+00,
14:02:53.71856542, 8.0000E-02, 1.3867E+00,-8.4000E+00,
14:02:53.71856547, 8.0000E-02, 1.4000E+00,-8.2667E+00,
14:02:53.71856552, 8.0000E-02, 1.3733E+00,-8.2667E+00,
14:02:53.71856557, 8.0000E-02, 1.3467E+00,-8.1333E+00,
14:02:53.71856562, 5.3333E-02, 1.3733E+00,-8.2667E+00,
14:02:53.71856567, 8.0000E-02, 1.3333E+00,-8.6667E+00,
14:02:53.71856572, 8.0000E-02, 1.3600E+00,-8.6667E+00,
14:02:53.71856577, 4.0000E-02, 1.3733E+00,-8.5333E+00,
14:02:53.71856582, 2.6667E-02, 1.3600E+00,-8.6667E+00,
14:02:53.71856587, 6.6667E-02, 1.3467E+00,-8.4000E+00,
14:02:53.71856592, 5.3333E-02, 1.3467E+00,-8.4000E+00,
14:02:53.71856597, 6.6667E-02, 1.3467E+00,-8.0000E+00,
14:02:53.71856602, 6.6667E-02, 1.2933E+00,-8.4000E+00,
14:02:53.71856607, 8.0000E-02, 1.3200E+00,-8.2667E+00,
14:02:53.71856612, 6.6667E-02, 1.3067E+00,-8.2667E+00,
14:02:53.71856617, 5.3333E-02, 1.3067E+00,-8.1333E+00,
14:02:53.71856622, 4.0000E-02, 1.3067E+00,-8.1333E+00,
14:02:53.71856627, 6.6667E-02, 1.3067E+00,-8.1333E+00,
14:02:53.71856632, 6.6667E-02, 1.3333E+00,-8.0000E+00,
14:02:53.71856637, 5.3333E-02, 1.2933E+00,-8.0000E+00,
14:02:53.71856642, 4.0000E-02, 1.2933E+00,-8.4000E+00,
14:02:53.71856647, 8.0000E-02, 1.3067E+00,-8.1333E+00,
14:02:53.71856652, 8.0000E-02, 1.3067E+00,-7.8667E+00,
14:02:53.71856657, 6.6667E-02, 1.2800E+00,-8.2667E+00,
14:02:53.71856662, 6.6667E-02, 1.2800E+00,-8.0000E+00,
14:02:53.71856667, 4.0000E-02, 1.2800E+00,-8.1333E+00,
14:02:53.71856672, 4.0000E-02, 1.2933E+00,-7.8667E+00,
14:02:53.71856677, 6.6667E-02, 1.2800E+00,-8.0000E+00,
14:02:53.71856682, 2.6667E-02, 1.2533E+00,-8.0000E+00,
14:02:53.71856687, 6.6667E-02, 1.2667E+00,-7.7333E+00,
14:02:53.71856692, 5.3333E-02, 1.2667E+00,-7.7333E+00,
14:02:53.71856697, 6.6667E-02, 1.2667E+00,-7.6000E+00,
14:02:53.71856702, 5.3333E-02, 1.2400E+00,-7.7333E+00,
14:02:53.71856707, 6.6667E-02, 1.2533E+00,-7.6000E+00,
14:02:53.71856712, 4.0000E-02, 1.2533E+00,-7.6000E+00,
14:02:53.71856717, 5.3333E-02, 1.2400E+00,-7.4667E+00,
14:02:53.71856722, 6.6667E-02, 1.2667E+00,-7.4667E+00,
14:02:53.71856727, 4.0000E-02, 1.2400E+00,-7.7333E+00,
14:02:53.71856732, 1.3333E-02, 1.2400E+00,-8.0000E+00,
14:02:53.71856737, 5.3333E-02, 1.2400E+00,-7.4667E+00,
14:02:53.71856742, 5.3333E-02, 1.2667E+00,-7.4667E+00,
14:02:53.71856747, 5.3333E-02, 1.2267E+00,-7.2000E+00,
14:02:53.71856752, 6.6667E-02, 1.2667E+00,-7.4667E+00,
14:02:53.71856757, 1.3333E-02, 1.2133E+00,-7.0667E+00,
14:02:53.71856762, 2.6667E-02, 1.2267E+00,-7.3333E+00,
14:02:53.71856767, 4.0000E-02, 1.2667E+00,-7.3333E+00,
14:02:53.71856772, 2.6667E-02, 1.2267E+00,-7.0667E+00,
14:02:53.71856777, 2.6667E-02, 1.1600E+00,-7.2000E+00,
14:02:53.71856782, 5.3333E-02, 1.2533E+00,-6.9333E+00,
14:02:53.71856787, 5.3333E-02, 1.2133E+00,-7.2000E+00,
14:02:53.71856792, 8.0000E-02, 1.2267E+00,-6.8000E+00,
14:02:53.71856797, 4.0000E-02, 1.2000E+00,-7.2000E+00,
14:02:53.71856802, 4.0000E-02, 1.1867E+00,-7.2000E+00,
14:02:53.71856807, 4.0000E-02, 1.2000E+00,-6.8000E+00,
14:02:53.71856812, 2.6667E-02, 1.2133E+00,-6.6667E+00,
14:02:53.71856817, 4.0000E-02, 1.2000E+00,-7.2000E+00,
14:02:53.71856822, 4.0000E-02, 1.1733E+00,-6.9333E+00,
14:02:53.71856827, 4.0000E-02, 1.2000E+00,-6.6667E+00,
14:02:53.71856832, 6.6667E-02, 1.1733E+00,-6.5333E+00,
14:02:53.71856837, 4.0000E-02, 1.1733E+00,-6.4000E+00,
14:02:53.71856842, 6.6667E-02, 1.1867E+00,-6.2667E+00,
14:02:53.71856847, 4.0000E-02, 1.1733E+00,-6.5333E+00,
14:02:53.71856852, 2.6667E-02, 1.1600E+00,-6.6667E+00,
14:02:53.71856857, 4.0000E-02, 1.1600E+00,-6.1333E+00,
14:02:53.71856862, 4.0000E-02, 1.1733E+00,-6.5333E+00,
14:02:53.71856867, 2.6667E-02, 1.1733E+00,-6.2667E+00,
14:02:53.71856872, 1.3333E-02, 1.1733E+00,-6.2667E+00,
14:02:53.71856877, 4.0000E-02, 1.1600E+00,-6.2667E+00,
14:02:53.71856882, 5.3333E-02, 1.1467E+00,-6.1333E+00,
14:02:53.71856887, 5.3333E-02, 1.1733E+00,-6.0000E+00,
14:02:53.71856892, 5.3333E-02, 1.1333E+00,-6.0000E+00,
14:02:53.71856897, 2.6667E-02, 1.1333E+00,-6.1333E+00,
14:02:53.71856902, 4.0000E-02, 1.1467E+00,-5.8667E+00,
14:02:53.71856907, 4.0000E-02, 1.1600E+00,-6.0000E+00,
14:02:53.71856912, 5.3333E-02, 1.1333E+00,-6.1333E+00,
14:02:53.71856917, 2.6667E-02, 1.1467E+00,-6.1333E+00,
14:02:53.71856922, 4.0000E-02, 1.1600E+00,-5.7333E+00,
14:02:53.71856927, 2.6667E-02, 1.1467E+00,-5.8667E+00,
14:02:53.71856932, 2.6667E-02, 1.1467E+00,-5.7333E+00,
14:02:53.71856937, 1.3333E-02, 1.1467E+00,-5.4667E+00,
14:02:53.71856942, 5.3333E-02, 1.0933E+00,-5.6000E+00,
14:02:53.71856947, 4.0000E-02, 1.1067E+00,-5.2000E+00,
14:02:53.71856952, 4.0000E-02, 1.1333E+00,-5.2000E+00,
14:02:53.71856957, 1.3333E-02, 1.1600E+00,-5.4667E+00,
14:02:53.71856962, 1.3333E-02, 1.1600E+00,-5.3333E+00,
14:02:53.71856967, 2.6667E-02, 1.1600E+00,-5.3333E+00,
14:02:53.71856972, 4.0000E-02, 1.1200E+00,-5.4667E+00,
14:02:53.71856977, 1.3333E-02, 1.1067E+00,-4.9333E+00,
14:02:53.71856982, 1.3333E-02, 1.1200E+00,-5.2000E+00,
14:02:53.71856987, 6.6667E-02, 1.1600E+00,-5.2000E+00,
14:02:53.71856992, 4.0000E-02, 1.1067E+00,-4.9333E+00,
14:02:53.71856997, 4.0000E-02, 1.0933E+00,-4.9333E+00,
14:02:53.71857002, 4.0000E-02, 1.1200E+00,-4.6667E+00,
14:02:53.71857007,-1.3333E-02, 1.1067E+00,-4.8000E+00,
14:02:53.71857012, 1.3333E-02, 1.1067E+00,-4.6667E+00,
14:02:53.71857017, 4.0000E-02, 1.1067E+00,-4.8000E+00,
14:02:53.71857022, 4.0000E-02, 1.1467E+00,-4.9333E+00,
14:02:53.71857027, 2.6667E-02, 1.1200E+00,-4.6667E+00,
14:02:53.71857032, 5.3333E-02, 1.0933E+00,-4.5333E+00,
14:02:53.71857037, 4.0000E-02, 1.1200E+00,-4.4000E+00,
14:02:53.71857042, 4.0000E-02, 1.1067E+00,-4.2667E+00,
14:02:53.71857047, 5.3333E-02, 1.0400E+00,-4.2667E+00,
14:02:53.71857052, 2.6667E-02, 1.1067E+00,-4.2667E+00,
14:02:53.71857057,-1.3333E-02, 1.0933E+00,-4.1333E+00,
14:02:53.71857062, 0.0000E+00, 1.0933E+00,-4.1333E+00,
14:02:53.71857067, 2.6667E-02, 1.0667E+00,-4.4000E+00,
14:02:53.71857072, 4.0000E-02, 1.1200E+00,-3.8667E+00,
14:02:53.71857077, 2.6667E-02, 1.1067E+00,-4.1333E+00,
14:02:53.71857082, 6.6667E-02, 1.1200E+00,-4.0000E+00,
14:02:53.71857087, 1.3333E-02, 1.1067E+00,-3.6000E+00,
14:02:53.71857092, 0.0000E+00, 1.1067E+00,-3.6000E+00,
14:02:53.71857097, 0.0000E+00, 1.0933E+00,-4.0000E+00,
14:02:53.71857102, 5.3333E-02, 1.0667E+00,-3.6000E+00,
14:02:53.71857107, 2.6667E-02, 1.1067E+00,-4.1333E+00,
14:02:53.71857112, 2.6667E-02, 1.0667E+00,-3.8667E+00,
14:02:53.71857117, 2.6667E-02, 1.0800E+00,-3.4667E+00,
14:02:53.71857122, 2.6667E-02, 1.0667E+00,-3.4667E+00,
14:02:53.71857127, 2.6667E-02, 1.0800E+00,-3.4667E+00,
14:02:53.71857132, 1.3333E-02, 1.0533E+00,-3.4667E+00,
14:02:53.71857137, 4.0000E-02, 1.0533E+00,-3.3333E+00,
14:02:53.71857142, 2.6667E-02, 1.0800E+00,-3.4667E+00,
14:02:53.71857147, 4.0000E-02, 1.0667E+00,-3.4667E+00,
14:02:53.71857152, 2.6667E-02, 1.0800E+00,-3.2000E+00,
14:02:53.71857157, 1.3333E-02, 1.0533E+00,-3.0667E+00,
14:02:53.71857162, 4.0000E-02, 1.0667E+00,-3.2000E+00,
14:02:53.71857167, 1.3333E-02, 1.0933E+00,-3.2000E+00,
14:02:53.71857172, 2.6667E-02, 1.0800E+00,-3.0667E+00,
14:02:53.71857177, 2.6667E-02, 1.0667E+00,-2.9333E+00,
14:02:53.71857182, 5.3333E-02, 1.0800E+00,-2.5333E+00,
14:02:53.71857187, 2.6667E-02, 1.0933E+00,-2.8000E+00,
14:02:53.71857192, 2.6667E-02, 1.0533E+00,-2.5333E+00,
14:02:53.71857197, 1.3333E-02, 1.0533E+00,-2.6667E+00,
14:02:53.71857202, 2.6667E-02, 1.0667E+00,-2.6667E+00,
14:02:53.71857207, 2.6667E-02, 1.0933E+00,-2.1333E+00,
14:02:53.71857212, 2.6667E-02, 1.0933E+00,-2.5333E+00,
14:02:53.71857217, 0.0000E+00, 1.0800E+00,-2.5333E+00,
14:02:53.71857222, 4.0000E-02, 1.0800E+00,-2.1333E+00,
14:02:53.71857227, 0.0000E+00, 1.0933E+00,-2.1333E+00,
14:02:53.71857232, 5.3333E-02, 1.0667E+00,-2.2667E+00,
14:02:53.71857237, 0.0000E+00, 1.0533E+00,-2.1333E+00,
14:02:53.71857242, 1.3333E-02, 1.0533E+00,-2.0000E+00,
14:02:53.71857247, 2.6667E-02, 1.0800E+00,-1.7333E+00,
14:02:53.71857252, 1.3333E-02, 1.0667E+00,-2.0000E+00,
14:02:53.71857257, 2.6667E-02, 1.0667E+00,-2.0000E+00,
14:02:53.71857262, 2.6667E-02, 1.1067E+00,-1.7333E+00,
14:02:53.71857267, 2.6667E-02, 1.0800E+00,-1.7333E+00,
14:02:53.71857272, 4.0000E-02, 1.0933E+00,-1.4667E+00,
14:02:53.71857277, 1.3333E-02, 1.0667E+00,-1.3333E+00,
14:02:53.71857282, 1.3333E-02, 1.0533E+00,-1.0667E+00,
14:02:53.71857287, 4.0000E-02, 1.0533E+00,-1.2000E+00,
14:02:53.71857292, 4.0000E-02, 1.1067E+00,-1.4667E+00,
14:02:53.71857297, 1.3333E-02, 1.0667E+00,-1.2000E+00,
14:02:53.71857302, 1.3333E-02, 1.0667E+00,-1.2000E+00,
14:02:53.71857307, 1.3333E-02, 1.1067E+00,-1.3333E+00,
14:02:53.71857312, 4.0000E-02, 1.0933E+00,-1.2000E+00,
14:02:53.71857317, 4.0000E-02, 1.0667E+00,-1.0667E+00,
14:02:53.71857322, 4.0000E-02, 1.0933E+00,-9.3333E-01,
14:02:53.71857327, 5.3333E-02, 1.0933E+00,-8.0000E-01,
14:02:53.71857332, 2.6667E-02, 1.0533E+00,-6.6667E-01,
14:02:53.71857337, 4.0000E-02, 1.0667E+00,-9.3333E-01,
14:02:53.71857342,-1.3333E-02, 1.0800E+00,-6.6667E-01,
14:02:53.71857347, 1.3333E-02, 1.0533E+00,-8.0000E-01,
14:02:53.71857352, 1.3333E-02, 1.0800E+00,-4.0000E-01,
14:02:53.71857357, 2.6667E-02, 1.0933E+00,-8.0000E-01,
14:02:53.71857362, 0.0000E+00, 1.0667E+00,-6.6667E-01,
14:02:53.71857367, 2.6667E-02, 1.0667E+00,-5.3333E-01,
14:02:53.71857372, 2.6667E-02, 1.0800E+00,-1.3333E-01,
14:02:53.71857377, 2.6667E-02, 1.1067E+00,-4.0000E-01,
14:02:53.71857382, 2.6667E-02, 1.0933E+00,-4.0000E-01,
14:02:53.71857387, 5.3333E-02, 1.1200E+00,-2.6667E-01,
14:02:53.71857392,-2.6667E-02, 1.0667E+00,-2.6667E-01,
14:02:53.71857397, 0.0000E+00, 1.1200E+00,-1.3333E-01,
14:02:53.71857402, 2.6667E-02, 1.0800E+00,-4.0000E-01,
14:02:53.71857407, 1.3333E-02, 1.1067E+00,-4.0000E-01,
14:02:53.71857412, 2.6667E-02, 1.0933E+00, 1.3333E-01,
14:02:53.71857417, 4.0000E-02, 1.1067E+00,-1.3333E-01,
14:02:53.71857422, 2.6667E-02, 1.1200E+00, 1.3333E-01,
14:02:53.71857427, 4.0000E-02, 1.1200E+00, 1.3333E-01,
14:02:53.71857432, 2.6667E-02, 1.0667E+00, 2.6667E-01,
14:02:53.71857437, 4.0000E-02, 1.0667E+00, 6.6667E-01,
14:02:53.71857442, 2.6667E-02, 1.1200E+00, 2.6667E-01,
14:02:53.71857447,-1.3333E-02, 1.1200E+00, 5.3333E-01,
14:02:53.71857452, 2.6667E-02, 1.0667E+00, 4.0000E-01,
14:02:53.71857457, 1.3333E-02, 1.1067E+00, 4.0000E-01,
14:02:53.71857462, 4.0000E-02, 1.1067E+00, 5.3333E-01,
14:02:53.71857467, 5.3333E-02, 1.1067E+00, 8.0000E-01,
14:02:53.71857472, 5.3333E-02, 1.1200E+00, 8.0000E-01,
14:02:53.71857477, 5.3333E-02, 1.1067E+00, 8.0000E-01,
14:02:53.71857482, 4.0000E-02, 1.1067E+00, 1.0667E+00,
14:02:53.71857487, 2.6667E-02, 1.1067E+00, 8.0000E-01,
14:02:53.71857492, 2.6667E-02, 1.1333E+00, 1.0667E+00,
14:02:53.71857497, 1.3333E-02, 1.1067E+00, 9.3333E-01,
14:02:53.71857502, 2.6667E-02, 1.1067E+00, 1.0667E+00,
14:02:53.71857507, 1.3333E-02, 1.0933E+00, 9.3333E-01,
14:02:53.71857512, 1.3333E-02, 1.0933E+00, 8.0000E-01,
14:02:53.71857517, 2.6667E-02, 1.0933E+00, 9.3333E-01,
14:02:53.71857522, 0.0000E+00, 1.1200E+00, 1.3333E+00,
14:02:53.71857527, 2.6667E-02, 1.1200E+00, 1.2000E+00,
14:02:53.71857532, 2.6667E-02, 1.1200E+00, 1.7333E+00,
14:02:53.71857537, 1.3333E-02, 1.1200E+00, 1.6000E+00,
14:02:53.71857542, 2.6667E-02, 1.1333E+00, 1.3333E+00,
14:02:53.71857547, 4.0000E-02, 1.1333E+00, 1.6000E+00,
14:02:53.71857552, 1.3333E-02, 1.1333E+00, 1.6000E+00,
14:02:53.71857557, 4.0000E-02, 1.1200E+00, 1.3333E+00,
14:02:53.71857562, 2.6667E-02, 1.1600E+00, 1.6000E+00,
14:02:53.71857567, 0.0000E+00, 1.1200E+00, 2.0000E+00,
14:02:53.71857572, 4.0000E-02, 1.1067E+00, 2.0000E+00,
14:02:53.71857577, 5.3333E-02, 1.1467E+00, 1.7333E+00,
14:02:53.71857582, 0.0000E+00, 1.1333E+00, 2.0000E+00,
14:02:53.71857587, 0.0000E+00, 1.1600E+00, 2.2667E+00,
14:02:53.71857592, 5.3333E-02, 1.1467E+00, 2.0000E+00,
14:02:53.71857597, 2.6667E-02, 1.1600E+00, 2.0000E+00,
14:02:53.71857602, 2.6667E-02, 1.1467E+00, 2.2667E+00,
14:02:53.71857607, 4.0000E-02, 1.1467E+00, 2.0000E+00,
14:02:53.71857612, 6.6667E-02, 1.1600E+00, 2.1333E+00,
14:02:53.71857617, 4.0000E-02, 1.1333E+00, 2.0000E+00,
14:02:53.71857622, 4.0000E-02, 1.1600E+00, 2.1333E+00,
14:02:53.71857627, 0.0000E+00, 1.1600E+00, 2.4000E+00,
14:02:53.71857632, 0.0000E+00, 1.1333E+00, 2.2667E+00,
14:02:53.71857637,-1.3333E-02, 1.1467E+00, 2.2667E+00,
14:02:53.71857642, 1.3333E-02, 1.1333E+00, 2.2667E+00,
14:02:53.71857647, 4.0000E-02, 1.1867E+00, 2.8000E+00,
14:02:53.71857652, 0.0000E+00, 1.1600E+00, 2.4000E+00,
14:02:53.71857657, 4.0000E-02, 1.1867E+00, 2.8000E+00,
14:02:53.71857662, 2.6667E-02, 1.2000E+00, 2.6667E+00,
14:02:53.71857667, 2.6667E-02, 1.1733E+00, 2.6667E+00,
14:02:53.71857672, 2.6667E-02, 1.1867E+00, 2.9333E+00,
14:02:53.71857677, 2.6667E-02, 1.1600E+00, 2.8000E+00,
14:02:53.71857682, 1.3333E-02, 1.1733E+00, 2.6667E+00,
14:02:53.71857687, 2.6667E-02, 1.1733E+00, 2.8000E+00,
14:02:53.71857692, 1.3333E-02, 1.1600E+00, 2.8000E+00,
14:02:53.71857697, 4.0000E-02, 1.1733E+00, 2.8000E+00,
14:02:53.71857702, 5.3333E-02, 1.1733E+00, 2.9333E+00,
14:02:53.71857707, 0.0000E+00, 1.1867E+00, 2.8000E+00,
14:02:53.71857712, 4.0000E-02, 1.1600E+00, 3.0667E+00,
14:02:53.71857717, 5.3333E-02, 1.2000E+00, 2.9333E+00,
14:02:53.71857722, 4.0000E-02, 1.2000E+00, 3.2000E+00,
14:02:53.71857727, 1.3333E-02, 1.1867E+00, 3.3333E+00,
14:02:53.71857732, 1.3333E-02, 1.2000E+00, 3.2000E+00,
14:02:53.71857737, 4.0000E-02, 1.1733E+00, 3.2000E+00,
14:02:53.71857742, 5.3333E-02, 1.1733E+00, 3.3333E+00,
14:02:53.71857747, 2.6667E-02, 1.1867E+00, 3.4667E+00,
14:02:53.71857752, 4.0000E-02, 1.1733E+00, 3.4667E+00,
14:02:53.71857757, 2.6667E-02, 1.2133E+00, 3.3333E+00,
14:02:53.71857762, 8.0000E-02, 1.2000E+00, 3.2000E+00,
14:02:53.71857767, 6.6667E-02, 1.2000E+00, 3.4667E+00,
14:02:53.71857772, 2.6667E-02, 1.2000E+00, 3.4667E+00,
14:02:53.71857777, 4.0000E-02, 1.2133E+00, 3.4667E+00,
14:02:53.71857782, 5.3333E-02, 1.1867E+00, 3.4667E+00,
14:02:53.71857787, 2.6667E-02, 1.2533E+00, 3.6000E+00,
14:02:53.71857792, 6.6667E-02, 1.2267E+00, 3.4667E+00,
14:02:53.71857797, 8.0000E-02, 1.2267E+00, 3.6000E+00,
14:02:53.71857802, 4.0000E-02, 1.2400E+00, 3.6000E+00,
14:02:53.71857807, 4.0000E-02, 1.2400E+00, 3.6000E+00,
14:02:53.71857812, 2.6667E-02, 1.2667E+00, 3.8667E+00,
14:02:53.71857817, 4.0000E-02, 1.2400E+00, 3.7333E+00,
14:02:53.71857822, 1.3333E-02, 1.2400E+00, 3.6000E+00,
14:02:53.71857827, 4.0000E-02, 1.2400E+00, 3.7333E+00,
14:02:53.71857832, 2.6667E-02, 1.2667E+00, 3.8667E+00,
14:02:53.71857837, 6.6667E-02, 1.2667E+00, 3.8667E+00,
14:02:53.71857842, 4.0000E-02, 1.2533E+00, 3.8667E+00,
14:02:53.71857847, 2.6667E-02, 1.2800E+00, 3.7333E+00,
14:02:53.71857852, 4.0000E-02, 1.2533E+00, 3.8667E+00,
14:02:53.71857857, 2.6667E-02, 1.2667E+00, 4.1333E+00,
14:02:53.71857862, 6.6667E-02, 1.2667E+00, 3.8667E+00,
14:02:53.71857867, 6.6667E-02, 1.2800E+00, 3.8667E+00,
14:02:53.71857872, 4.0000E-02, 1.2667E+00, 3.8667E+00,
14:02:53.71857877, 4.0000E-02, 1.2800E+00, 4.0000E+00,
14:02:53.71857882, 6.6667E-02, 1.2800E+00, 4.1333E+00,
14:02:53.71857887, 6.6667E-02, 1.2800E+00, 4.1333E+00,
14:02:53.71857892, 6.6667E-02, 1.2533E+00, 4.1333E+00,
14:02:53.71857897, 6.6667E-02, 1.2667E+00, 4.1333E+00,
14:02:53.71857902, 5.3333E-02, 1.2667E+00, 4.2667E+00,
14:02:53.71857907, 2.6667E-02, 1.2533E+00, 3.8667E+00,
14:02:53.71857912, 4.0000E-02, 1.2667E+00, 4.1333E+00,
14:02:53.71857917, 2.6667E-02, 1.2933E+00, 4.2667E+00,
14:02:53.71857922, 2.6667E-02, 1.2933E+00, 4.1333E+00,
14:02:53.71857927, 5.3333E-02, 1.2933E+00, 4.0000E+00,
14:02:53.71857932, 4.0000E-02, 1.3067E+00, 4.0000E+00,
14:02:53.71857937, 8.0000E-02, 1.2800E+00, 4.0000E+00,
14:02:53.71857942, 5.3333E-02, 1.3067E+00, 4.2667E+00,
14:02:53.71857947, 4.0000E-02, 1.2933E+00, 4.0000E+00,
14:02:53.71857952, 6.6667E-02, 1.2933E+00, 4.4000E+00,
14:02:53.71857957, 5.3333E-02, 1.3200E+00, 4.2667E+00,
14:02:53.71857962, 5.3333E-02, 1.3200E+00, 4.6667E+00,
14:02:53.71857967, 4.0000E-02, 1.3067E+00, 4.5333E+00,
14:02:53.71857972, 2.6667E-02, 1.3333E+00, 4.4000E+00,
14:02:53.71857977, 5.3333E-02, 1.3067E+00, 4.5333E+00,
14:02:53.71857982, 4.0000E-02, 1.3200E+00, 4.2667E+00,
14:02:53.71857987, 5.3333E-02, 1.3467E+00, 4.6667E+00,
14:02:53.71857992, 6.6667E-02, 1.3067E+00, 4.4000E+00,
14:02:53.71857997, 8.0000E-02, 1.3333E+00, 4.2667E+00,
14:02:53.71858002, 4.0000E-02, 1.3067E+00, 4.4000E+00,
14:02:53.71858007, 6.6667E-02, 1.3333E+00, 4.5333E+00,
14:02:53.71858012, 4.0000E-02, 1.3467E+00, 4.5333E+00,
14:02:53.71858017, 4.0000E-02, 1.3467E+00, 4.2667E+00,
14:02:53.71858022, 4.0000E-02, 1.3200E+00, 4.4000E+00,
14:02:53.71858027, 2.6667E-02, 1.3467E+00, 4.2667E+00,
14:02:53.71858032, 6.6667E-02, 1.3200E+00, 4.6667E+00,
14:02:53.71858037, 6.6667E-02, 1.3600E+00, 4.5333E+00,
14:02:53.71858042, 5.3333E-02, 1.3467E+00, 4.4000E+00,
14:02:53.71858047, 6.6667E-02, 1.3467E+00, 4.2667E+00,
14:02:53.71858052, 4.0000E-02, 1.3733E+00, 4.5333E+00,
14:02:53.71858057, 4.0000E-02, 1.4000E+00, 4.6667E+00,
14:02:53.71858062, 6.6667E-02, 1.3600E+00, 4.5333E+00,
14:02:53.71858067, 5.3333E-02, 1.3733E+00, 4.6667E+00,
14:02:53.71858072, 5.3333E-02, 1.3600E+00, 4.5333E+00,
14:02:53.71858077, 6.6667E-02, 1.4000E+00, 4.4000E+00,
14:02:53.71858082, 8.0000E-02, 1.3600E+00, 4.2667E+00,
14:02:53.71858087, 4.0000E-02, 1.3867E+00, 4.4000E+00,
14:02:53.71858092, 8.0000E-02, 1.3600E+00, 4.6667E+00,
14:02:53.71858097, 8.0000E-02, 1.3733E+00, 4.4000E+00,
14:02:53.71858102, 6.6667E-02, 1.3867E+00, 4.8000E+00,
14:02:53.71858107, 5.3333E-02, 1.4000E+00, 4.8000E+00,
14:02:53.71858112, 4.0000E-02, 1.3867E+00, 4.6667E+00,
14:02:53.71858117, 8.0000E-02, 1.3867E+00, 4.5333E+00,
14:02:53.71858122, 5.3333E-02, 1.4000E+00, 4.4000E+00,
14:02:53.71858127, 2.6667E-02, 1.3867E+00, 4.4000E+00,
14:02:53.71858132, 6.6667E-02, 1.4267E+00, 4.2667E+00,
14:02:53.71858137, 6.6667E-02, 1.4133E+00, 4.4000E+00,
14:02:53.71858142, 6.6667E-02, 1.4133E+00, 4.4000E+00,
14:02:53.71858147, 8.0000E-02, 1.3867E+00, 4.8000E+00,
14:02:53.71858152, 5.3333E-02, 1.4000E+00, 4.6667E+00,
14:02:53.71858157, 6.6667E-02, 1.4267E+00, 4.6667E+00,
14:02:53.71858162, 2.6667E-02, 1.4400E+00, 4.8000E+00,
14:02:53.71858167, 5.3333E-02, 1.4267E+00, 4.4000E+00,
14:02:53.71858172, 5.3333E-02, 1.4000E+00, 4.6667E+00,
14:02:53.71858177, 6.6667E-02, 1.4267E+00, 4.6667E+00,
14:02:53.71858182, 8.0000E-02, 1.4267E+00, 4.4000E+00,
14:02:53.71858187, 4.0000E-02, 1.4267E+00, 4.4000E+00,
14:02:53.71858192, 6.6667E-02, 1.4267E+00, 4.8000E+00,
14:02:53.71858197, 6.6667E-02, 1.4267E+00, 4.5333E+00,
14:02:53.71858202, 5.3333E-02, 1.4267E+00, 4.6667E+00,
14:02:53.71858207, 6.6667E-02, 1.4000E+00, 4.6667E+00,
14:02:53.71858212, 5.3333E-02, 1.4267E+00, 4.2667E+00,
14:02:53.71858217, 6.6667E-02, 1.4400E+00, 4.4000E+00,
14:02:53.71858222, 8.0000E-02, 1.4400E+00, 4.2667E+00,
14:02:53.71858227, 5.3333E-02, 1.4267E+00, 4.6667E+00,
14:02:53.71858232, 4.0000E-02, 1.4400E+00, 4.8000E+00,
14:02:53.71858237, 5.3333E-02, 1.4267E+00, 4.6667E+00,
14:02:53.71858242, 5.3333E-02, 1.4400E+00, 4.4000E+00,
14:02:53.71858247, 5.3333E-02, 1.4267E+00, 4.5333E+00,
14:02:53.71858252, 5.3333E-02, 1.4800E+00, 4.1333E+00,
14:02:53.71858257, 6.6667E-02, 1.4800E+00, 4.6667E+00,
14:02:53.71858262, 5.3333E-02, 1.4667E+00, 4.6667E+00,
14:02:53.71858267, 2.6667E-02, 1.4667E+00, 4.6667E+00,
14:02:53.71858272, 5.3333E-02, 1.4533E+00, 3.8667E+00,
14:02:53.71858277, 8.0000E-02, 1.4533E+00, 4.4000E+00,
14:02:53.71858282, 6.6667E-02, 1.4667E+00, 4.2667E+00,
14:02:53.71858287, 5.3333E-02, 1.4400E+00, 4.1333E+00,
14:02:53.71858292, 5.3333E-02, 1.4667E+00, 4.2667E+00,
14:02:53.71858297, 1.3333E-02, 1.4533E+00, 4.1333E+00,
14:02:53.71858302, 6.6667E-02, 1.4400E+00, 4.4000E+00,
14:02:53.71858307, 6.6667E-02, 1.4933E+00, 4.5333E+00,
14:02:53.71858312, 6.6667E-02, 1.5067E+00, 4.5333E+00,
14:02:53.71858317, 8.0000E-02, 1.4667E+00, 4.1333E+00,
14:02:53.71858322, 8.0000E-02, 1.4533E+00, 4.4000E+00,
14:02:53.71858327, 5.3333E-02, 1.4667E+00, 4.1333E+00,
14:02:53.71858332, 8.0000E-02, 1.4800E+00, 4.2667E+00,
14:02:53.71858337, 8.0000E-02, 1.4667E+00, 4.4000E+00,
14:02:53.71858342, 8.0000E-02, 1.4800E+00, 4.0000E+00,
14:02:53.71858347, 5.3333E-02, 1.5200E+00, 4.0000E+00,
14:02:53.71858352, 5.3333E-02, 1.4933E+00, 4.1333E+00,
14:02:53.71858357, 4.0000E-02, 1.5067E+00, 4.1333E+00,
14:02:53.71858362, 4.0000E-02, 1.5200E+00, 4.1333E+00,
14:02:53.71858367, 6.6667E-02, 1.5067E+00, 4.1333E+00,
14:02:53.71858372, 8.0000E-02, 1.4667E+00, 4.1333E+00,
14:02:53.71858377, 6.6667E-02, 1.4933E+00, 3.8667E+00,
14:02:53.71858382, 8.0000E-02, 1.5067E+00, 4.2667E+00,
14:02:53.71858387, 5.3333E-02, 1.5067E+00, 4.2667E+00,
14:02:53.71858392, 6.6667E-02, 1.5333E+00, 3.8667E+00,
14:02:53.71858397, 2.6667E-02, 1.5200E+00, 4.2667E+00,
14:02:53.71858402, 5.3333E-02, 1.5200E+00, 3.8667E+00,
14:02:53.71858407, 8.0000E-02, 1.5067E+00, 4.1333E+00,
14:02:53.71858412, 4.0000E-02, 1.4933E+00, 3.8667E+00,
14:02:53.71858417, 5.3333E-02, 1.5067E+00, 4.1333E+00,
14:02:53.71858422, 6.6667E-02, 1.5467E+00, 4.0000E+00,
14:02:53.71858427, 8.0000E-02, 1.5200E+00, 3.7333E+00,
14:02:53.71858432, 5.3333E-02, 1.5333E+00, 3.8667E+00,
14:02:53.71858437, 8.0000E-02, 1.5333E+00, 3.8667E+00,
14:02:53.71858442, 5.3333E-02, 1.5467E+00, 3.7333E+00,
14:02:53.71858447, 6.6667E-02, 1.5333E+00, 3.6000E+00,
14:02:53.71858452, 8.0000E-02, 1.5200E+00, 4.0000E+00,
14:02:53.71858457, 4.0000E-02, 1.5333E+00, 3.6000E+00,
14:02:53.71858462, 6.6667E-02, 1.5333E+00, 3.4667E+00,
14:02:53.71858467, 8.0000E-02, 1.5600E+00, 3.7333E+00,
14:02:53.71858472, 4.0000E-02, 1.5600E+00, 3.6000E+00,
14:02:53.71858477, 9.3333E-02, 1.5333E+00, 3.7333E+00,
14:02:53.71858482, 6.6667E-02, 1.5333E+00, 3.6000E+00,
14:02:53.71858487, 6.6667E-02, 1.5600E+00, 3.4667E+00,
14:02:53.71858492, 8.0000E-02, 1.5600E+00, 3.3333E+00,
14:02:53.71858497, 5.3333E-02, 1.5600E+00, 3.4667E+00,
14:02:53.71858502, 5.3333E-02, 1.5467E+00, 3.6000E+00,
14:02:53.71858507, 6.6667E-02, 1.5333E+00, 3.4667E+00,
14:02:53.71858512, 5.3333E-02, 1.5600E+00, 3.4667E+00,
14:02:53.71858517, 6.6667E-02, 1.5600E+00, 3.4667E+00,
14:02:53.71858522, 8.0000E-02, 1.5467E+00, 2.9333E+00,
14:02:53.71858527, 8.0000E-02, 1.5733E+00, 3.4667E+00,
14:02:53.71858532, 8.0000E-02, 1.5600E+00, 3.4667E+00,
14:02:53.71858537, 9.3333E-02, 1.5467E+00, 3.4667E+00,
14:02:53.71858542, 4.0000E-02, 1.5467E+00, 3.4667E+00,
14:02:53.71858547, 6.6667E-02, 1.5867E+00, 3.4667E+00,
14:02:53.71858552, 6.6667E-02, 1.5333E+00, 3.4667E+00,
14:02:53.71858557, 5.3333E-02, 1.5600E+00, 3.3333E+00,
14:02:53.71858562, 6.6667E-02, 1.5733E+00, 2.9333E+00,
14:02:53.71858567, 8.0000E-02, 1.5467E+00, 3.0667E+00,
14:02:53.71858572, 9.3333E-02, 1.5733E+00, 2.9333E+00,
14:02:53.71858577, 9.3333E-02, 1.5733E+00, 3.0667E+00,
14:02:53.71858582, 4.0000E-02, 1.5733E+00, 2.6667E+00,
14:02:53.71858587, 6.6667E-02, 1.5733E+00, 2.9333E+00,
14:02:53.71858592, 4.0000E-02, 1.5733E+00, 2.8000E+00,
14:02:53.71858597, 6.6667E-02, 1.5733E+00, 3.3333E+00,
14:02:53.71858602, 5.3333E-02, 1.5467E+00, 2.8000E+00,
14:02:53.71858607, 6.6667E-02, 1.5733E+00, 2.8000E+00,
14:02:53.71858612, 6.6667E-02, 1.5733E+00, 2.8000E+00,
14:02:53.71858617, 6.6667E-02, 1.5733E+00, 3.2000E+00,
14:02:53.71858622, 8.0000E-02, 1.5733E+00, 2.5333E+00,
14:02:53.71858627, 8.0000E-02, 1.5733E+00, 2.9333E+00,
14:02:53.71858632, 5.3333E-02, 1.5733E+00, 2.6667E+00,
14:02:53.71858637, 4.0000E-02, 1.5733E+00, 2.8000E+00,
14:02:53.71858642, 8.0000E-02, 1.5733E+00, 2.8000E+00,
14:02:53.71858647, 8.0000E-02, 1.5733E+00, 2.5333E+00,
14:02:53.71858652, 8.0000E-02, 1.5867E+00, 2.4000E+00,
14:02:53.71858657, 5.3333E-02, 1.5867E+00, 2.4000E+00,
14:02:53.71858662, 5.3333E-02, 1.6000E+00, 2.5333E+00,
14:02:53.71858667, 6.6667E-02, 1.5867E+00, 2.2667E+00,
14:02:53.71858672, 6.6667E-02, 1.5867E+00, 2.1333E+00,
14:02:53.71858677, 4.0000E-02, 1.6000E+00, 2.1333E+00,
14:02:53.71858682, 8.0000E-02, 1.6000E+00, 2.2667E+00,
14:02:53.71858687, 4.0000E-02, 1.5867E+00, 2.5333E+00,
14:02:53.71858692, 4.0000E-02, 1.6000E+00, 2.4000E+00,
14:02:53.71858697, 5.3333E-02, 1.5733E+00, 2.2667E+00,
14:02:53.71858702, 8.0000E-02, 1.5867E+00, 2.4000E+00,
14:02:53.71858707, 5.3333E-02, 1.6000E+00, 2.1333E+00,
14:02:53.71858712, 8.0000E-02, 1.5867E+00, 2.0000E+00,
14:02:53.71858717, 8.0000E-02, 1.5867E+00, 2.2667E+00,
14:02:53.71858722, 6.6667E-02, 1.6000E+00, 2.0000E+00,
14:02:53.71858727, 5.3333E-02, 1.5733E+00, 2.0000E+00,
14:02:53.71858732, 2.6667E-02, 1.6133E+00, 2.0000E+00,
14:02:53.71858737, 5.3333E-02, 1.5867E+00, 2.2667E+00,
14:02:53.71858742, 5.3333E-02, 1.5733E+00, 2.0000E+00,
14:02:53.71858747, 6.6667E-02, 1.6133E+00, 1.8667E+00,
14:02:53.71858752, 6.6667E-02, 1.5867E+00, 2.1333E+00,
14:02:53.71858757, 9.3333E-02, 1.6267E+00, 2.0000E+00,
14:02:53.71858762, 8.0000E-02, 1.6000E+00, 1.8667E+00,
14:02:53.71858767, 8.0000E-02, 1.6133E+00, 1.7333E+00,
14:02:53.71858772, 8.0000E-02, 1.6000E+00, 1.8667E+00,
14:02:53.71858777, 4.0000E-02, 1.6000E+00, 1.6000E+00,
14:02:53.71858782, 6.6667E-02, 1.6133E+00, 1.8667E+00,
14:02:53.71858787, 8.0000E-02, 1.5600E+00, 1.4667E+00,
14:02:53.71858792, 6.6667E-02, 1.6133E+00, 1.7333E+00,
14:02:53.71858797, 9.3333E-02, 1.5733E+00, 1.4667E+00,
14:02:53.71858802, 8.0000E-02, 1.6000E+00, 1.7333E+00,
14:02:53.71858807, 8.0000E-02, 1.5867E+00, 1.4667E+00,
14:02:53.71858812, 6.6667E-02, 1.6400E+00, 1.3333E+00,
14:02:53.71858817, 6.6667E-02, 1.6000E+00, 1.2000E+00,
14:02:53.71858822, 4.0000E-02, 1.6000E+00, 1.2000E+00,
14:02:53.71858827, 6.6667E-02, 1.6133E+00, 1.4667E+00,
14:02:53.71858832, 4.0000E-02, 1.6000E+00, 1.3333E+00,
14:02:53.71858837, 5.3333E-02, 1.6000E+00, 1.4667E+00,
14:02:53.71858842, 8.0000E-02, 1.6133E+00, 1.4667E+00,
14:02:53.71858847, 6.6667E-02, 1.6000E+00, 1.4667E+00,
14:02:53.71858852, 5.3333E-02, 1.6000E+00, 1.4667E+00,
14:02:53.71858857, 8.0000E-02, 1.6000E+00, 1.0667E+00,
14:02:53.71858862, 5.3333E-02, 1.6133E+00, 1.0667E+00,
14:02:53.71858867, 6.6667E-02, 1.5733E+00, 9.3333E-01,
14:02:53.71858872, 6.6667E-02, 1.6000E+00, 9.3333E-01,
14:02:53.71858877, 5.3333E-02, 1.5867E+00, 1.0667E+00,
14:02:53.71858882, 4.0000E-02, 1.5867E+00, 8.0000E-01,
14:02:53.71858887, 5.3333E-02, 1.6133E+00, 9.3333E-01,
14:02:53.71858892, 8.0000E-02, 1.6400E+00, 1.2000E+00,
14:02:53.71858897, 8.0000E-02, 1.6000E+00, 1.0667E+00,
14:02:53.71858902, 8.0000E-02, 1.6133E+00, 8.0000E-01,
14:02:53.71858907, 5.3333E-02, 1.6133E+00, 6.6667E-01,
14:02:53.71858912, 8.0000E-02, 1.6133E+00, 6.6667E-01,
14:02:53.71858917, 6.6667E-02, 1.5867E+00, 5.3333E-01,
14:02:53.71858922, 5.3333E-02, 1.6000E+00, 6.6667E-01,
14:02:53.71858927, 6.6667E-02, 1.6000E+00, 6.6667E-01,
14:02:53.71858932, 6.6667E-02, 1.6133E+00, 6.6667E-01,
14:02:53.71858937, 6.6667E-02, 1.6267E+00, 6.6667E-01,
14:02:53.71858942, 8.0000E-02, 1.6133E+00, 6.6667E-01,
14:02:53.71858947, 8.0000E-02, 1.6000E+00, 8.0000E-01,
14:02:53.71858952, 8.0000E-02, 1.5867E+00, 6.6667E-01,
14:02:53.71858957, 8.0000E-02, 1.6000E+00, 6.6667E-01,
14:02:53.71858962, 6.6667E-02, 1.6133E+00, 6.6667E-01,
14:02:53.71858967, 5.3333E-02, 1.6267E+00, 1.3333E-01,
14:02:53.71858972, 8.0000E-02, 1.5867E+00, 4.0000E-01,
14:02:53.71858977, 4.0000E-02, 1.5867E+00, 1.3333E-01,
14:02:53.71858982, 5.3333E-02, 1.6000E+00, 4.0000E-01,
14:02:53.71858987, 4.0000E-02, 1.5867E+00, 2.6667E-01,
14:02:53.71858992, 8.0000E-02, 1.6133E+00, 4.0000E-01,
14:02:53.71858997, 8.0000E-02, 1.6133E+00, 1.3333E-01,
14:02:53.71859002, 8.0000E-02, 1.6000E+00, 2.6667E-01,
14:02:53.71859007, 6.6667E-02, 1.5867E+00, 1.3333E-01,
14:02:53.71859012, 4.0000E-02, 1.6000E+00, 1.3333E-01,
14:02:53.71859017, 5.3333E-02, 1.5867E+00, 1.3333E-01,
14:02:53.71859022, 2.6667E-02, 1.6267E+00,-2.6667E-01,
14:02:53.71859027, 6.6667E-02, 1.6000E+00, 0.0000E+00,
14:02:53.71859032, 5.3333E-02, 1.5733E+00, 1.3333E-01,
14:02:53.71859037, 6.6667E-02, 1.6133E+00, 0.0000E+00,
14:02:53.71859042, 8.0000E-02, 1.6133E+00,-4.0000E-01,
14:02:53.71859047, 8.0000E-02, 1.6133E+00, 0.0000E+00,
14:02:53.71859052, 6.6667E-02, 1.5733E+00,-1.3333E-01,
14:02:53.71859057, 8.0000E-02, 1.5733E+00,-4.0000E-01,
14:02:53.71859062, 6.6667E-02, 1.6000E+00,-4.0000E-01,
14:02:53.71859067, 4.0000E-02, 1.5867E+00,-2.6667E-01,
14:02:53.71859072, 6.6667E-02, 1.5867E+00,-2.6667E-01,
14:02:53.71859077, 8.0000E-02, 1.5867E+00,-4.0000E-01,
14:02:53.71859082, 5.3333E-02, 1.5733E+00,-4.0000E-01,
14:02:53.71859087, 8.0000E-02, 1.6000E+00,-4.0000E-01,
14:02:53.71859092, 8.0000E-02, 1.5733E+00,-5.3333E-01,
14:02:53.71859097, 4.0000E-02, 1.5867E+00,-6.6667E-01,
14:02:53.71859102, 6.6667E-02, 1.5733E+00,-4.0000E-01,
14:02:53.71859107, 8.0000E-02, 1.5867E+00,-5.3333E-01,
14:02:53.71859112, 5.3333E-02, 1.5733E+00,-6.6667E-01,
14:02:53.71859117, 2.6667E-02, 1.5733E+00,-1.0667E+00,
14:02:53.71859122, 5.3333E-02, 1.5867E+00,-6.6667E-01,
14:02:53.71859127, 4.0000E-02, 1.5867E+00,-8.0000E-01,
14:02:53.71859132, 8.0000E-02, 1.5733E+00,-6.6667E-01,
14:02:53.71859137, 5.3333E-02, 1.5867E+00,-5.3333E-01,
14:02:53.71859142, 6.6667E-02, 1.6000E+00,-5.3333E-01,
14:02:53.71859147, 6.6667E-02, 1.5733E+00,-1.0667E+00,
14:02:53.71859152, 6.6667E-02, 1.5867E+00,-6.6667E-01,
14:02:53.71859157, 6.6667E-02, 1.5733E+00,-9.3333E-01,
14:02:53.71859162, 5.3333E-02, 1.5733E+00,-6.6667E-01,
14:02:53.71859167, 2.6667E-02, 1.5733E+00,-9.3333E-01,
14:02:53.71859172, 5.3333E-02, 1.5733E+00,-9.3333E-01,
14:02:53.71859177, 4.0000E-02, 1.5733E+00,-8.0000E-01,
14:02:53.71859182, 5.3333E-02, 1.5733E+00,-8.0000E-01,
14:02:53.71859187, 8.0000E-02, 1.5733E+00,-1.0667E+00,
14:02:53.71859192, 5.3333E-02, 1.5733E+00,-1.0667E+00,
14:02:53.71859197, 8.0000E-02, 1.5867E+00,-1.2000E+00,
14:02:53.71859202, 5.3333E-02, 1.5467E+00,-9.3333E-01,
14:02:53.71859207, 8.0000E-02, 1.5733E+00,-1.0667E+00,
14:02:53.71859212, 5.3333E-02, 1.5733E+00,-1.3333E+00,
14:02:53.71859217, 5.3333E-02, 1.5867E+00,-1.3333E+00,
14:02:53.71859222, 5.3333E-02, 1.5733E+00,-1.2000E+00,
14:02:53.71859227, 6.6667E-02, 1.5600E+00,-1.4667E+00,
14:02:53.71859232, 5.3333E-02, 1.5467E+00,-1.2000E+00,
14:02:53.71859237, 8.0000E-02, 1.5600E+00,-1.6000E+00,
14:02:53.71859242, 6.6667E-02, 1.5600E+00,-1.2000E+00,
14:02:53.71859247, 0.0000E+00, 1.5467E+00,-1.3333E+00,
14:02:53.71859252, 8.0000E-02, 1.5467E+00,-1.6000E+00,
14:02:53.71859257, 5.3333E-02, 1.5733E+00,-1.6000E+00,
14:02:53.71859262, 5.3333E-02, 1.5600E+00,-1.4667E+00,
14:02:53.71859267, 4.0000E-02, 1.5600E+00,-1.7333E+00,
14:02:53.71859272, 4.0000E-02, 1.5600E+00,-1.3333E+00,
14:02:53.71859277, 6.6667E-02, 1.5733E+00,-1.7333E+00,
14:02:53.71859282, 4.0000E-02, 1.5600E+00,-1.4667E+00,
14:02:53.71859287, 6.6667E-02, 1.5733E+00,-1.6000E+00,
14:02:53.71859292, 5.3333E-02, 1.5600E+00,-1.6000E+00,
14:02:53.71859297, 6.6667E-02, 1.5467E+00,-1.7333E+00,
14:02:53.71859302, 6.6667E-02, 1.5333E+00,-2.0000E+00,
14:02:53.71859307, 8.0000E-02, 1.5600E+00,-1.8667E+00,
14:02:53.71859312, 5.3333E-02, 1.5467E+00,-1.8667E+00,
14:02:53.71859317, 2.6667E-02, 1.5333E+00,-1.6000E+00,
14:02:53.71859322, 4.0000E-02, 1.5733E+00,-1.8667E+00,
14:02:53.71859327, 6.6667E-02, 1.5600E+00,-1.8667E+00,
14:02:53.71859332, 6.6667E-02, 1.5333E+00,-1.8667E+00,
14:02:53.71859337, 6.6667E-02, 1.5333E+00,-1.8667E+00,
14:02:53.71859342, 6.6667E-02, 1.5200E+00,-1.8667E+00,
14:02:53.71859347, 6.6667E-02, 1.5333E+00,-2.0000E+00,
14:02:53.71859352, 6.6667E-02, 1.5200E+00,-2.1333E+00,
14:02:53.71859357, 0.0000E+00, 1.5600E+00,-2.0000E+00,
14:02:53.71859362, 2.6667E-02, 1.5733E+00,-2.0000E+00,
14:02:53.71859367, 6.6667E-02, 1.5467E+00,-2.0000E+00,
14:02:53.71859372, 5.3333E-02, 1.5200E+00,-2.1333E+00,
14:02:53.71859377, 5.3333E-02, 1.5333E+00,-2.1333E+00,
14:02:53.71859382, 5.3333E-02, 1.5467E+00,-2.0000E+00,
14:02:53.71859387, 5.3333E-02, 1.5333E+00,-2.0000E+00,
14:02:53.71859392, 6.6667E-02, 1.5600E+00,-2.0000E+00,
14:02:53.71859397, 4.0000E-02, 1.5067E+00,-2.0000E+00,
14:02:53.71859402, 4.0000E-02, 1.4933E+00,-1.8667E+00,
14:02:53.71859407, 2.6667E-02, 1.5067E+00,-2.1333E+00,
14:02:53.71859412, 1.3333E-02, 1.5067E+00,-1.8667E+00,
14:02:53.71859417, 5.3333E-02, 1.4800E+00,-2.5333E+00,
14:02:53.71859422, 4.0000E-02, 1.5067E+00,-2.1333E+00,
