"Header Size"           ,15              
"Model Name"            ,"DL850EV       "
"Comment"               ,"                         "
"BlockNumber"           ,1               
"TraceName"             ,"V_MF1         ","V_MF2         ","Id            "
"BlockSize"             ,4004            ,4004            ,4004            
"VUnit"                 ,"V             ","V             ","A             "
"SampleRate"            ,20000000.000000 ,20000000.000000 ,20000000.000000 
"HResolution"           ,5.000000e-08    ,5.000000e-08    ,5.000000e-08    
"HOffset"               ,-4.000000e-05   ,-4.000000e-05   ,-4.000000e-05   
"HUnit"                 ,"s             ","s             ","s             "
"DisplayPointNo."       ,1               ,1               ,1               
"PhaseShift"            ,1               ,1               ,1               
"Date"                  ,"2026/04/08    ","2026/04/08    ","2026/04/08    "
"Time"                  ,"17:09:56.35203723","17:09:56.35203723","17:09:56.35203723"

17:09:56.35199723, 1.3333E-02, 1.0833E+01, 0.0000E+00,
17:09:56.35199728,-2.6667E-02, 1.0867E+01,-2.6667E-01,
17:09:56.35199733,-2.6667E-02, 1.0933E+01, 2.6667E-01,
17:09:56.35199738, 0.0000E+00, 1.0933E+01,-1.3333E-01,
17:09:56.35199743, 1.3333E-02, 1.0900E+01, 0.0000E+00,
17:09:56.35199748, 0.0000E+00, 1.0833E+01, 0.0000E+00,
17:09:56.35199753, 2.6667E-02, 1.0867E+01, 4.0000E-01,
17:09:56.35199758, 1.3333E-02, 1.0900E+01, 0.0000E+00,
17:09:56.35199763, 1.3333E-02, 1.0933E+01,-1.3333E-01,
17:09:56.35199768,-1.3333E-02, 1.0800E+01,-2.6667E-01,
17:09:56.35199773, 4.0000E-02, 1.0867E+01,-1.3333E-01,
17:09:56.35199778,-2.6667E-02, 1.0867E+01, 5.3333E-01,
17:09:56.35199783, 0.0000E+00, 1.0900E+01, 0.0000E+00,
17:09:56.35199788,-1.3333E-02, 1.0833E+01, 2.6667E-01,
17:09:56.35199793, 2.6667E-02, 1.0833E+01, 0.0000E+00,
17:09:56.35199798, 0.0000E+00, 1.0833E+01, 2.6667E-01,
17:09:56.35199803, 0.0000E+00, 1.0900E+01, 0.0000E+00,
17:09:56.35199808, 0.0000E+00, 1.0800E+01, 4.0000E-01,
17:09:56.35199813, 2.6667E-02, 1.0767E+01, 1.3333E-01,
17:09:56.35199818, 1.3333E-02, 1.0867E+01, 0.0000E+00,
17:09:56.35199823,-4.0000E-02, 1.0833E+01, 0.0000E+00,
17:09:56.35199828,-1.3333E-02, 1.0833E+01, 5.3333E-01,
17:09:56.35199833, 0.0000E+00, 1.0867E+01, 6.6667E-01,
17:09:56.35199838, 0.0000E+00, 1.0900E+01, 2.6667E-01,
17:09:56.35199843, 1.3333E-02, 1.0833E+01,-1.3333E-01,
17:09:56.35199848, 1.3333E-02, 1.0800E+01, 4.0000E-01,
17:09:56.35199853, 0.0000E+00, 1.0867E+01,-1.3333E-01,
17:09:56.35199858, 1.3333E-02, 1.0867E+01, 2.6667E-01,
17:09:56.35199863, 1.3333E-02, 1.0867E+01,-1.3333E-01,
17:09:56.35199868, 2.6667E-02, 1.0833E+01,-1.3333E-01,
17:09:56.35199873, 1.3333E-02, 1.0900E+01, 0.0000E+00,
17:09:56.35199878,-2.6667E-02, 1.0800E+01, 2.6667E-01,
17:09:56.35199883,-1.3333E-02, 1.0833E+01,-1.3333E-01,
17:09:56.35199888, 0.0000E+00, 1.0833E+01, 1.3333E-01,
17:09:56.35199893,-2.6667E-02, 1.0900E+01, 0.0000E+00,
17:09:56.35199898, 0.0000E+00, 1.0867E+01, 0.0000E+00,
17:09:56.35199903,-2.6667E-02, 1.0800E+01, 0.0000E+00,
17:09:56.35199908, 0.0000E+00, 1.0800E+01, 4.0000E-01,
17:09:56.35199913,-1.3333E-02, 1.0800E+01, 1.3333E-01,
17:09:56.35199918, 0.0000E+00, 1.0900E+01,-2.6667E-01,
17:09:56.35199923,-2.6667E-02, 1.0900E+01, 0.0000E+00,
17:09:56.35199928, 0.0000E+00, 1.0867E+01, 0.0000E+00,
17:09:56.35199933, 0.0000E+00, 1.0833E+01, 0.0000E+00,
17:09:56.35199938, 0.0000E+00, 1.0933E+01, 0.0000E+00,
17:09:56.35199943, 0.0000E+00, 1.0833E+01, 0.0000E+00,
17:09:56.35199948, 0.0000E+00, 1.0867E+01, 1.3333E-01,
17:09:56.35199953,-1.3333E-02, 1.0800E+01,-1.3333E-01,
17:09:56.35199958, 0.0000E+00, 1.0867E+01, 0.0000E+00,
17:09:56.35199963, 0.0000E+00, 1.0867E+01, 0.0000E+00,
17:09:56.35199968, 0.0000E+00, 1.0800E+01, 1.3333E-01,
17:09:56.35199973, 1.3333E-02, 1.0933E+01, 2.6667E-01,
17:09:56.35199978, 2.6667E-02, 1.0833E+01,-1.3333E-01,
17:09:56.35199983, 0.0000E+00, 1.0900E+01, 4.0000E-01,
17:09:56.35199988, 0.0000E+00, 1.0900E+01, 1.3333E-01,
17:09:56.35199993, 2.6667E-02, 1.0967E+01, 2.6667E-01,
17:09:56.35199998, 0.0000E+00, 1.0800E+01, 4.0000E-01,
17:09:56.35200003,-1.3333E-02, 1.0767E+01, 4.0000E-01,
17:09:56.35200008,-1.3333E-02, 1.0867E+01, 0.0000E+00,
17:09:56.35200013, 2.6667E-02, 1.0833E+01, 0.0000E+00,
17:09:56.35200018,-1.3333E-02, 1.0933E+01, 2.6667E-01,
17:09:56.35200023,-4.0000E-02, 1.0867E+01, 2.6667E-01,
17:09:56.35200028,-2.6667E-02, 1.0833E+01, 1.3333E-01,
17:09:56.35200033, 0.0000E+00, 1.0867E+01, 4.0000E-01,
17:09:56.35200038,-2.6667E-02, 1.0833E+01,-1.3333E-01,
17:09:56.35200043, 0.0000E+00, 1.0800E+01,-1.3333E-01,
17:09:56.35200048,-1.3333E-02, 1.0867E+01, 2.6667E-01,
17:09:56.35200053,-1.3333E-02, 1.0833E+01, 2.6667E-01,
17:09:56.35200058,-1.3333E-02, 1.0867E+01,-1.3333E-01,
17:09:56.35200063,-2.6667E-02, 1.0900E+01, 2.6667E-01,
17:09:56.35200068, 1.3333E-02, 1.0867E+01, 0.0000E+00,
17:09:56.35200073,-2.6667E-02, 1.0800E+01, 2.6667E-01,
17:09:56.35200078, 0.0000E+00, 1.0833E+01, 1.3333E-01,
17:09:56.35200083,-2.6667E-02, 1.0867E+01, 1.3333E-01,
17:09:56.35200088, 1.3333E-02, 1.0933E+01, 1.3333E-01,
17:09:56.35200093, 0.0000E+00, 1.0900E+01, 2.6667E-01,
17:09:56.35200098, 2.6667E-02, 1.0900E+01, 1.3333E-01,
17:09:56.35200103, 0.0000E+00, 1.0767E+01, 2.6667E-01,
17:09:56.35200108,-1.3333E-02, 1.0933E+01, 2.6667E-01,
17:09:56.35200113,-1.3333E-02, 1.0967E+01,-1.3333E-01,
17:09:56.35200118,-2.6667E-02, 1.0867E+01, 1.3333E-01,
17:09:56.35200123,-2.6667E-02, 1.0833E+01, 1.3333E-01,
17:09:56.35200128, 0.0000E+00, 1.0900E+01, 1.3333E-01,
17:09:56.35200133, 2.6667E-02, 1.0900E+01, 1.3333E-01,
17:09:56.35200138,-2.6667E-02, 1.0867E+01, 2.6667E-01,
17:09:56.35200143, 2.6667E-02, 1.0833E+01, 1.3333E-01,
17:09:56.35200148,-1.3333E-02, 1.0833E+01, 1.3333E-01,
17:09:56.35200153,-1.3333E-02, 1.0900E+01, 0.0000E+00,
17:09:56.35200158,-1.3333E-02, 1.0900E+01, 2.6667E-01,
17:09:56.35200163,-2.6667E-02, 1.0933E+01, 0.0000E+00,
17:09:56.35200168,-1.3333E-02, 1.0933E+01, 1.3333E-01,
17:09:56.35200173, 1.3333E-02, 1.0900E+01, 0.0000E+00,
17:09:56.35200178,-1.3333E-02, 1.0900E+01,-1.3333E-01,
17:09:56.35200183, 0.0000E+00, 1.0833E+01, 0.0000E+00,
17:09:56.35200188,-2.6667E-02, 1.0867E+01, 2.6667E-01,
17:09:56.35200193,-2.6667E-02, 1.0867E+01,-1.3333E-01,
17:09:56.35200198, 1.3333E-02, 1.0867E+01,-4.0000E-01,
17:09:56.35200203,-2.6667E-02, 1.0867E+01, 2.6667E-01,
17:09:56.35200208, 1.3333E-02, 1.0900E+01, 0.0000E+00,
17:09:56.35200213, 1.3333E-02, 1.0833E+01,-1.3333E-01,
17:09:56.35200218,-1.3333E-02, 1.0900E+01, 4.0000E-01,
17:09:56.35200223,-1.3333E-02, 1.0867E+01, 0.0000E+00,
17:09:56.35200228,-1.3333E-02, 1.0867E+01, 0.0000E+00,
17:09:56.35200233, 0.0000E+00, 1.0833E+01, 4.0000E-01,
17:09:56.35200238, 2.6667E-02, 1.0900E+01, 4.0000E-01,
17:09:56.35200243,-1.3333E-02, 1.0867E+01, 2.6667E-01,
17:09:56.35200248,-1.3333E-02, 1.0833E+01, 1.3333E-01,
17:09:56.35200253, 0.0000E+00, 1.0833E+01, 1.3333E-01,
17:09:56.35200258,-4.0000E-02, 1.0933E+01, 1.3333E-01,
17:09:56.35200263, 0.0000E+00, 1.0900E+01, 4.0000E-01,
17:09:56.35200268,-1.3333E-02, 1.0833E+01, 0.0000E+00,
17:09:56.35200273,-1.3333E-02, 1.0867E+01, 5.3333E-01,
17:09:56.35200278, 0.0000E+00, 1.0900E+01, 2.6667E-01,
17:09:56.35200283, 1.3333E-02, 1.0867E+01, 0.0000E+00,
17:09:56.35200288, 1.3333E-02, 1.0867E+01, 4.0000E-01,
17:09:56.35200293, 1.3333E-02, 1.0833E+01, 0.0000E+00,
17:09:56.35200298,-1.3333E-02, 1.0900E+01, 1.3333E-01,
17:09:56.35200303, 0.0000E+00, 1.0867E+01, 1.3333E-01,
17:09:56.35200308,-2.6667E-02, 1.0833E+01, 1.3333E-01,
17:09:56.35200313,-2.6667E-02, 1.0833E+01, 2.6667E-01,
17:09:56.35200318, 0.0000E+00, 1.0900E+01, 1.3333E-01,
17:09:56.35200323,-2.6667E-02, 1.0833E+01, 0.0000E+00,
17:09:56.35200328, 1.3333E-02, 1.0800E+01, 1.3333E-01,
17:09:56.35200333,-1.3333E-02, 1.0867E+01, 4.0000E-01,
17:09:56.35200338, 1.3333E-02, 1.0833E+01,-1.3333E-01,
17:09:56.35200343,-2.6667E-02, 1.0867E+01, 1.3333E-01,
17:09:56.35200348, 0.0000E+00, 1.0833E+01, 1.3333E-01,
17:09:56.35200353,-1.3333E-02, 1.0867E+01, 0.0000E+00,
17:09:56.35200358,-2.6667E-02, 1.0800E+01, 0.0000E+00,
17:09:56.35200363,-1.3333E-02, 1.0900E+01, 2.6667E-01,
17:09:56.35200368,-1.3333E-02, 1.0900E+01, 0.0000E+00,
17:09:56.35200373, 1.3333E-02, 1.0900E+01, 1.3333E-01,
17:09:56.35200378,-1.3333E-02, 1.0833E+01, 1.3333E-01,
17:09:56.35200383, 0.0000E+00, 1.0867E+01, 1.3333E-01,
17:09:56.35200388, 1.3333E-02, 1.0867E+01, 1.3333E-01,
17:09:56.35200393,-1.3333E-02, 1.0933E+01, 2.6667E-01,
17:09:56.35200398,-6.6667E-02, 1.0800E+01,-1.3333E-01,
17:09:56.35200403,-1.3333E-02, 1.0900E+01, 0.0000E+00,
17:09:56.35200408, 0.0000E+00, 1.0833E+01, 0.0000E+00,
17:09:56.35200413, 0.0000E+00, 1.0867E+01, 1.3333E-01,
17:09:56.35200418,-1.3333E-02, 1.0867E+01, 0.0000E+00,
17:09:56.35200423, 0.0000E+00, 1.0800E+01,-1.3333E-01,
17:09:56.35200428, 0.0000E+00, 1.0867E+01, 0.0000E+00,
17:09:56.35200433, 0.0000E+00, 1.0867E+01, 1.3333E-01,
17:09:56.35200438,-2.6667E-02, 1.0833E+01,-1.3333E-01,
17:09:56.35200443, 0.0000E+00, 1.0900E+01, 1.3333E-01,
17:09:56.35200448,-2.6667E-02, 1.0867E+01, 1.3333E-01,
17:09:56.35200453, 0.0000E+00, 1.0933E+01, 0.0000E+00,
17:09:56.35200458,-2.6667E-02, 1.0833E+01, 0.0000E+00,
17:09:56.35200463, 4.0000E-02, 1.0867E+01, 1.3333E-01,
17:09:56.35200468, 0.0000E+00, 1.0867E+01, 2.6667E-01,
17:09:56.35200473, 0.0000E+00, 1.0900E+01, 1.3333E-01,
17:09:56.35200478,-2.6667E-02, 1.0900E+01, 5.3333E-01,
17:09:56.35200483,-1.3333E-02, 1.0900E+01, 1.3333E-01,
17:09:56.35200488,-2.6667E-02, 1.0933E+01, 1.3333E-01,
17:09:56.35200493, 1.3333E-02, 1.0833E+01, 1.3333E-01,
17:09:56.35200498,-2.6667E-02, 1.0833E+01,-2.6667E-01,
17:09:56.35200503,-1.3333E-02, 1.0800E+01, 0.0000E+00,
17:09:56.35200508, 0.0000E+00, 1.0833E+01, 0.0000E+00,
17:09:56.35200513, 2.6667E-02, 1.0800E+01, 4.0000E-01,
17:09:56.35200518, 0.0000E+00, 1.0800E+01, 1.3333E-01,
17:09:56.35200523, 1.3333E-02, 1.0900E+01, 1.3333E-01,
17:09:56.35200528, 0.0000E+00, 1.0800E+01, 1.3333E-01,
17:09:56.35200533,-2.6667E-02, 1.0900E+01, 2.6667E-01,
17:09:56.35200538, 1.3333E-02, 1.0900E+01, 1.3333E-01,
17:09:56.35200543, 0.0000E+00, 1.0933E+01, 1.3333E-01,
17:09:56.35200548,-1.3333E-02, 1.0833E+01, 0.0000E+00,
17:09:56.35200553, 0.0000E+00, 1.0867E+01, 1.3333E-01,
17:09:56.35200558, 0.0000E+00, 1.0933E+01,-1.3333E-01,
17:09:56.35200563, 4.0000E-02, 1.0900E+01, 0.0000E+00,
17:09:56.35200568, 0.0000E+00, 1.0900E+01, 0.0000E+00,
17:09:56.35200573,-2.6667E-02, 1.0900E+01,-1.3333E-01,
17:09:56.35200578, 0.0000E+00, 1.0867E+01, 1.3333E-01,
17:09:56.35200583, 1.3333E-02, 1.0900E+01, 2.6667E-01,
17:09:56.35200588, 0.0000E+00, 1.0900E+01,-1.3333E-01,
17:09:56.35200593,-4.0000E-02, 1.0933E+01,-1.3333E-01,
17:09:56.35200598,-2.6667E-02, 1.0900E+01, 2.6667E-01,
17:09:56.35200603, 1.3333E-02, 1.0833E+01,-1.3333E-01,
17:09:56.35200608, 1.3333E-02, 1.0867E+01, 4.0000E-01,
17:09:56.35200613, 1.3333E-02, 1.0867E+01, 2.6667E-01,
17:09:56.35200618, 0.0000E+00, 1.0867E+01, 1.3333E-01,
17:09:56.35200623, 0.0000E+00, 1.0933E+01, 4.0000E-01,
17:09:56.35200628,-1.3333E-02, 1.0933E+01, 1.3333E-01,
17:09:56.35200633, 0.0000E+00, 1.0867E+01, 4.0000E-01,
17:09:56.35200638, 0.0000E+00, 1.0900E+01, 1.3333E-01,
17:09:56.35200643,-1.3333E-02, 1.0833E+01, 2.6667E-01,
17:09:56.35200648,-1.3333E-02, 1.0867E+01, 0.0000E+00,
17:09:56.35200653, 0.0000E+00, 1.0900E+01, 0.0000E+00,
17:09:56.35200658,-1.3333E-02, 1.0867E+01, 0.0000E+00,
17:09:56.35200663,-1.3333E-02, 1.0867E+01,-1.3333E-01,
17:09:56.35200668, 0.0000E+00, 1.0867E+01, 1.3333E-01,
17:09:56.35200673, 1.3333E-02, 1.0933E+01, 1.3333E-01,
17:09:56.35200678, 1.3333E-02, 1.0833E+01, 2.6667E-01,
17:09:56.35200683,-1.3333E-02, 1.0800E+01, 2.6667E-01,
17:09:56.35200688,-1.3333E-02, 1.0967E+01, 1.3333E-01,
17:09:56.35200693,-1.3333E-02, 1.0767E+01, 1.3333E-01,
17:09:56.35200698,-1.3333E-02, 1.0867E+01, 1.3333E-01,
17:09:56.35200703, 0.0000E+00, 1.0833E+01, 4.0000E-01,
17:09:56.35200708, 0.0000E+00, 1.0900E+01, 2.6667E-01,
17:09:56.35200713,-1.3333E-02, 1.0933E+01, 0.0000E+00,
17:09:56.35200718, 1.3333E-02, 1.0800E+01, 1.3333E-01,
17:09:56.35200723,-1.3333E-02, 1.0900E+01, 1.3333E-01,
17:09:56.35200728,-1.3333E-02, 1.0933E+01, 1.3333E-01,
17:09:56.35200733,-1.3333E-02, 1.0800E+01, 1.3333E-01,
17:09:56.35200738,-4.0000E-02, 1.0900E+01, 0.0000E+00,
17:09:56.35200743,-1.3333E-02, 1.0867E+01, 2.6667E-01,
17:09:56.35200748, 0.0000E+00, 1.0867E+01, 2.6667E-01,
17:09:56.35200753, 0.0000E+00, 1.0767E+01,-1.3333E-01,
17:09:56.35200758,-1.3333E-02, 1.0833E+01, 0.0000E+00,
17:09:56.35200763, 0.0000E+00, 1.0900E+01, 4.0000E-01,
17:09:56.35200768, 0.0000E+00, 1.0833E+01, 0.0000E+00,
17:09:56.35200773,-1.3333E-02, 1.0867E+01, 2.6667E-01,
17:09:56.35200778,-2.6667E-02, 1.0867E+01, 1.3333E-01,
17:09:56.35200783, 1.3333E-02, 1.0900E+01, 2.6667E-01,
17:09:56.35200788, 2.6667E-02, 1.0900E+01, 2.6667E-01,
17:09:56.35200793, 0.0000E+00, 1.0933E+01,-1.3333E-01,
17:09:56.35200798,-1.3333E-02, 1.0900E+01, 2.6667E-01,
17:09:56.35200803,-1.3333E-02, 1.0900E+01, 1.3333E-01,
17:09:56.35200808, 1.3333E-02, 1.0933E+01, 1.3333E-01,
17:09:56.35200813, 0.0000E+00, 1.0867E+01, 2.6667E-01,
17:09:56.35200818,-1.3333E-02, 1.0867E+01,-1.3333E-01,
17:09:56.35200823, 0.0000E+00, 1.0833E+01, 1.3333E-01,
17:09:56.35200828,-1.3333E-02, 1.0800E+01, 2.6667E-01,
17:09:56.35200833,-2.6667E-02, 1.0867E+01, 2.6667E-01,
17:09:56.35200838,-1.3333E-02, 1.0933E+01, 1.3333E-01,
17:09:56.35200843,-1.3333E-02, 1.0800E+01,-2.6667E-01,
17:09:56.35200848,-1.3333E-02, 1.0867E+01, 0.0000E+00,
17:09:56.35200853,-2.6667E-02, 1.0867E+01,-2.6667E-01,
17:09:56.35200858,-1.3333E-02, 1.0933E+01, 1.3333E-01,
17:09:56.35200863, 1.3333E-02, 1.0833E+01, 0.0000E+00,
17:09:56.35200868, 0.0000E+00, 1.0800E+01, 4.0000E-01,
17:09:56.35200873,-2.6667E-02, 1.0800E+01, 1.3333E-01,
17:09:56.35200878,-4.0000E-02, 1.0900E+01,-1.3333E-01,
17:09:56.35200883,-1.3333E-02, 1.0867E+01,-2.6667E-01,
17:09:56.35200888,-1.3333E-02, 1.0867E+01,-2.6667E-01,
17:09:56.35200893,-1.3333E-02, 1.0900E+01, 2.6667E-01,
17:09:56.35200898,-1.3333E-02, 1.0900E+01,-1.3333E-01,
17:09:56.35200903,-1.3333E-02, 1.0833E+01, 1.3333E-01,
17:09:56.35200908, 0.0000E+00, 1.0833E+01, 4.0000E-01,
17:09:56.35200913, 0.0000E+00, 1.0867E+01,-1.3333E-01,
17:09:56.35200918,-2.6667E-02, 1.0933E+01, 1.3333E-01,
17:09:56.35200923,-2.6667E-02, 1.0900E+01, 1.3333E-01,
17:09:56.35200928,-1.3333E-02, 1.0867E+01,-1.3333E-01,
17:09:56.35200933,-1.3333E-02, 1.0900E+01, 2.6667E-01,
17:09:56.35200938,-4.0000E-02, 1.0833E+01, 1.3333E-01,
17:09:56.35200943,-1.3333E-02, 1.0867E+01,-1.3333E-01,
17:09:56.35200948, 0.0000E+00, 1.0833E+01, 1.3333E-01,
17:09:56.35200953, 4.0000E-02, 1.0900E+01, 1.3333E-01,
17:09:56.35200958, 0.0000E+00, 1.0833E+01, 0.0000E+00,
17:09:56.35200963, 2.6667E-02, 1.0900E+01, 6.6667E-01,
17:09:56.35200968,-1.3333E-02, 1.0833E+01, 1.3333E-01,
17:09:56.35200973,-1.3333E-02, 1.0833E+01, 1.3333E-01,
17:09:56.35200978, 0.0000E+00, 1.0833E+01, 0.0000E+00,
17:09:56.35200983, 0.0000E+00, 1.0900E+01, 4.0000E-01,
17:09:56.35200988, 0.0000E+00, 1.0767E+01, 2.6667E-01,
17:09:56.35200993,-2.6667E-02, 1.0867E+01, 1.3333E-01,
17:09:56.35200998,-1.3333E-02, 1.0867E+01, 2.6667E-01,
17:09:56.35201003, 1.3333E-02, 1.0900E+01, 1.3333E-01,
17:09:56.35201008, 0.0000E+00, 1.0900E+01, 1.3333E-01,
17:09:56.35201013, 0.0000E+00, 1.0800E+01, 4.0000E-01,
17:09:56.35201018, 1.3333E-02, 1.0833E+01, 2.6667E-01,
17:09:56.35201023,-4.0000E-02, 1.0867E+01, 1.3333E-01,
17:09:56.35201028,-2.6667E-02, 1.0833E+01, 0.0000E+00,
17:09:56.35201033,-1.3333E-02, 1.0900E+01, 0.0000E+00,
17:09:56.35201038, 2.6667E-02, 1.0900E+01, 0.0000E+00,
17:09:56.35201043, 1.3333E-02, 1.0867E+01, 4.0000E-01,
17:09:56.35201048, 0.0000E+00, 1.0833E+01, 2.6667E-01,
17:09:56.35201053,-1.3333E-02, 1.0900E+01, 2.6667E-01,
17:09:56.35201058,-1.3333E-02, 1.0867E+01, 0.0000E+00,
17:09:56.35201063, 0.0000E+00, 1.0867E+01, 1.3333E-01,
17:09:56.35201068,-1.3333E-02, 1.0800E+01, 2.6667E-01,
17:09:56.35201073,-4.0000E-02, 1.0900E+01, 2.6667E-01,
17:09:56.35201078,-4.0000E-02, 1.0833E+01, 1.3333E-01,
17:09:56.35201083, 1.3333E-02, 1.0867E+01,-2.6667E-01,
17:09:56.35201088, 0.0000E+00, 1.0800E+01, 0.0000E+00,
17:09:56.35201093, 2.6667E-02, 1.0867E+01, 0.0000E+00,
17:09:56.35201098,-1.3333E-02, 1.0867E+01, 1.3333E-01,
17:09:56.35201103, 1.3333E-02, 1.0900E+01,-4.0000E-01,
17:09:56.35201108, 1.3333E-02, 1.0867E+01, 2.6667E-01,
17:09:56.35201113, 0.0000E+00, 1.0867E+01, 2.6667E-01,
17:09:56.35201118,-2.6667E-02, 1.0933E+01, 0.0000E+00,
17:09:56.35201123,-2.6667E-02, 1.0867E+01, 5.3333E-01,
17:09:56.35201128,-1.3333E-02, 1.0900E+01, 1.3333E-01,
17:09:56.35201133, 0.0000E+00, 1.0800E+01, 1.3333E-01,
17:09:56.35201138, 0.0000E+00, 1.0867E+01,-1.3333E-01,
17:09:56.35201143, 0.0000E+00, 1.0900E+01,-1.3333E-01,
17:09:56.35201148,-1.3333E-02, 1.0833E+01, 1.3333E-01,
17:09:56.35201153, 0.0000E+00, 1.0900E+01, 4.0000E-01,
17:09:56.35201158,-1.3333E-02, 1.0867E+01, 1.3333E-01,
17:09:56.35201163,-1.3333E-02, 1.0900E+01, 2.6667E-01,
17:09:56.35201168,-2.6667E-02, 1.0833E+01, 0.0000E+00,
17:09:56.35201173,-2.6667E-02, 1.0867E+01, 1.3333E-01,
17:09:56.35201178,-1.3333E-02, 1.0833E+01, 1.3333E-01,
17:09:56.35201183,-2.6667E-02, 1.0833E+01,-1.3333E-01,
17:09:56.35201188,-4.0000E-02, 1.0800E+01,-1.3333E-01,
17:09:56.35201193,-1.3333E-02, 1.0933E+01,-2.6667E-01,
17:09:56.35201198, 1.3333E-02, 1.0867E+01, 0.0000E+00,
17:09:56.35201203, 0.0000E+00, 1.0900E+01, 2.6667E-01,
17:09:56.35201208,-2.6667E-02, 1.0833E+01, 1.3333E-01,
17:09:56.35201213, 1.3333E-02, 1.0833E+01, 1.3333E-01,
17:09:56.35201218,-2.6667E-02, 1.0867E+01, 1.3333E-01,
17:09:56.35201223,-2.6667E-02, 1.0900E+01, 1.3333E-01,
17:09:56.35201228, 0.0000E+00, 1.0833E+01, 1.3333E-01,
17:09:56.35201233, 0.0000E+00, 1.0900E+01, 4.0000E-01,
17:09:56.35201238,-1.3333E-02, 1.0833E+01,-2.6667E-01,
17:09:56.35201243, 0.0000E+00, 1.0833E+01, 2.6667E-01,
17:09:56.35201248, 0.0000E+00, 1.0933E+01, 1.3333E-01,
17:09:56.35201253, 0.0000E+00, 1.0867E+01, 1.3333E-01,
17:09:56.35201258,-2.6667E-02, 1.0900E+01, 2.6667E-01,
17:09:56.35201263,-1.3333E-02, 1.0867E+01, 4.0000E-01,
17:09:56.35201268,-1.3333E-02, 1.0900E+01, 1.3333E-01,
17:09:56.35201273,-1.3333E-02, 1.0867E+01, 5.3333E-01,
17:09:56.35201278,-2.6667E-02, 1.0833E+01, 1.3333E-01,
17:09:56.35201283, 0.0000E+00, 1.0800E+01, 0.0000E+00,
17:09:56.35201288, 1.3333E-02, 1.0900E+01, 1.3333E-01,
17:09:56.35201293, 0.0000E+00, 1.0867E+01, 5.3333E-01,
17:09:56.35201298, 1.3333E-02, 1.0900E+01, 0.0000E+00,
17:09:56.35201303, 1.3333E-02, 1.0800E+01, 0.0000E+00,
17:09:56.35201308,-1.3333E-02, 1.0800E+01, 0.0000E+00,
17:09:56.35201313,-2.6667E-02, 1.0833E+01, 4.0000E-01,
17:09:56.35201318,-1.3333E-02, 1.0833E+01, 0.0000E+00,
17:09:56.35201323, 1.3333E-02, 1.0900E+01, 2.6667E-01,
17:09:56.35201328,-1.3333E-02, 1.0800E+01, 0.0000E+00,
17:09:56.35201333, 1.3333E-02, 1.0900E+01, 0.0000E+00,
17:09:56.35201338, 0.0000E+00, 1.0967E+01, 1.3333E-01,
17:09:56.35201343, 4.0000E-02, 1.0867E+01, 1.3333E-01,
17:09:56.35201348, 0.0000E+00, 1.0933E+01, 1.3333E-01,
17:09:56.35201353, 0.0000E+00, 1.0833E+01, 2.6667E-01,
17:09:56.35201358,-1.3333E-02, 1.0800E+01, 2.6667E-01,
17:09:56.35201363, 0.0000E+00, 1.0867E+01, 1.3333E-01,
17:09:56.35201368, 0.0000E+00, 1.0867E+01, 0.0000E+00,
17:09:56.35201373, 0.0000E+00, 1.0933E+01, 0.0000E+00,
17:09:56.35201378, 1.3333E-02, 1.0867E+01, 0.0000E+00,
17:09:56.35201383, 0.0000E+00, 1.0867E+01, 0.0000E+00,
17:09:56.35201388, 0.0000E+00, 1.0833E+01, 1.3333E-01,
17:09:56.35201393, 2.6667E-02, 1.0900E+01, 1.3333E-01,
17:09:56.35201398, 0.0000E+00, 1.1000E+01, 1.3333E-01,
17:09:56.35201403, 0.0000E+00, 1.0867E+01, 1.3333E-01,
17:09:56.35201408,-5.3333E-02, 1.0833E+01, 4.0000E-01,
17:09:56.35201413,-1.3333E-02, 1.0967E+01, 1.3333E-01,
17:09:56.35201418,-1.3333E-02, 1.0800E+01, 1.3333E-01,
17:09:56.35201423, 0.0000E+00, 1.0900E+01, 2.6667E-01,
17:09:56.35201428, 1.3333E-02, 1.0933E+01, 1.3333E-01,
17:09:56.35201433, 2.6667E-02, 1.0933E+01, 0.0000E+00,
17:09:56.35201438,-1.3333E-02, 1.0900E+01, 0.0000E+00,
17:09:56.35201443, 2.6667E-02, 1.0867E+01, 0.0000E+00,
17:09:56.35201448,-2.6667E-02, 1.0900E+01, 1.3333E-01,
17:09:56.35201453, 0.0000E+00, 1.0833E+01, 4.0000E-01,
17:09:56.35201458,-1.3333E-02, 1.0867E+01, 4.0000E-01,
17:09:56.35201463, 0.0000E+00, 1.0833E+01, 4.0000E-01,
17:09:56.35201468,-2.6667E-02, 1.0800E+01, 1.3333E-01,
17:09:56.35201473, 1.3333E-02, 1.0867E+01, 0.0000E+00,
17:09:56.35201478,-2.6667E-02, 1.0867E+01, 0.0000E+00,
17:09:56.35201483, 4.0000E-02, 1.0900E+01, 4.0000E-01,
17:09:56.35201488,-1.3333E-02, 1.0800E+01, 1.3333E-01,
17:09:56.35201493, 2.6667E-02, 1.0833E+01, 2.6667E-01,
17:09:56.35201498, 0.0000E+00, 1.0800E+01, 5.3333E-01,
17:09:56.35201503,-1.3333E-02, 1.0867E+01, 1.3333E-01,
17:09:56.35201508, 0.0000E+00, 1.0833E+01, 1.3333E-01,
17:09:56.35201513,-1.3333E-02, 1.0867E+01, 2.6667E-01,
17:09:56.35201518, 0.0000E+00, 1.0833E+01, 0.0000E+00,
17:09:56.35201523, 1.3333E-02, 1.0867E+01, 2.6667E-01,
17:09:56.35201528, 1.3333E-02, 1.0867E+01, 2.6667E-01,
17:09:56.35201533, 0.0000E+00, 1.0867E+01, 0.0000E+00,
17:09:56.35201538, 0.0000E+00, 1.0833E+01, 2.6667E-01,
17:09:56.35201543, 4.0000E-02, 1.0900E+01, 4.0000E-01,
17:09:56.35201548, 0.0000E+00, 1.0833E+01, 0.0000E+00,
17:09:56.35201553,-1.3333E-02, 1.0867E+01, 0.0000E+00,
17:09:56.35201558,-4.0000E-02, 1.0833E+01, 1.3333E-01,
17:09:56.35201563,-2.6667E-02, 1.0867E+01, 1.3333E-01,
17:09:56.35201568, 1.3333E-02, 1.0800E+01,-1.3333E-01,
17:09:56.35201573, 4.0000E-02, 1.0833E+01,-1.3333E-01,
17:09:56.35201578, 1.3333E-02, 1.0867E+01, 0.0000E+00,
17:09:56.35201583,-2.6667E-02, 1.0833E+01, 0.0000E+00,
17:09:56.35201588, 1.3333E-02, 1.0867E+01, 1.3333E-01,
17:09:56.35201593,-1.3333E-02, 1.0867E+01, 0.0000E+00,
17:09:56.35201598,-1.3333E-02, 1.0833E+01, 2.6667E-01,
17:09:56.35201603,-2.6667E-02, 1.0833E+01,-1.3333E-01,
17:09:56.35201608, 0.0000E+00, 1.0833E+01, 0.0000E+00,
17:09:56.35201613,-1.3333E-02, 1.0867E+01, 1.3333E-01,
17:09:56.35201618, 1.3333E-02, 1.0867E+01,-1.3333E-01,
17:09:56.35201623,-1.3333E-02, 1.0900E+01, 1.3333E-01,
17:09:56.35201628, 2.6667E-02, 1.0833E+01, 0.0000E+00,
17:09:56.35201633, 0.0000E+00, 1.0900E+01, 0.0000E+00,
17:09:56.35201638,-1.3333E-02, 1.0833E+01, 2.6667E-01,
17:09:56.35201643,-1.3333E-02, 1.0933E+01, 4.0000E-01,
17:09:56.35201648,-1.3333E-02, 1.0867E+01,-1.3333E-01,
17:09:56.35201653,-1.3333E-02, 1.0900E+01,-1.3333E-01,
17:09:56.35201658,-1.3333E-02, 1.0833E+01, 2.6667E-01,
17:09:56.35201663, 1.3333E-02, 1.0933E+01, 1.3333E-01,
17:09:56.35201668, 0.0000E+00, 1.0833E+01,-2.6667E-01,
17:09:56.35201673, 0.0000E+00, 1.0900E+01,-2.6667E-01,
17:09:56.35201678,-1.3333E-02, 1.0867E+01, 0.0000E+00,
17:09:56.35201683, 0.0000E+00, 1.0833E+01, 0.0000E+00,
17:09:56.35201688,-1.3333E-02, 1.0833E+01, 0.0000E+00,
17:09:56.35201693,-1.3333E-02, 1.0933E+01, 1.3333E-01,
17:09:56.35201698,-1.3333E-02, 1.0833E+01,-2.6667E-01,
17:09:56.35201703, 1.3333E-02, 1.0867E+01, 2.6667E-01,
17:09:56.35201708, 1.3333E-02, 1.0867E+01, 1.3333E-01,
17:09:56.35201713,-1.3333E-02, 1.0800E+01,-1.3333E-01,
17:09:56.35201718, 1.3333E-02, 1.0867E+01, 0.0000E+00,
17:09:56.35201723, 0.0000E+00, 1.0833E+01,-1.3333E-01,
17:09:56.35201728, 1.3333E-02, 1.0933E+01, 1.3333E-01,
17:09:56.35201733, 0.0000E+00, 1.0800E+01, 1.3333E-01,
17:09:56.35201738, 0.0000E+00, 1.0900E+01, 2.6667E-01,
17:09:56.35201743,-2.6667E-02, 1.0933E+01,-1.3333E-01,
17:09:56.35201748,-1.3333E-02, 1.0900E+01, 1.3333E-01,
17:09:56.35201753, 1.3333E-02, 1.0867E+01, 5.3333E-01,
17:09:56.35201758, 0.0000E+00, 1.0867E+01, 0.0000E+00,
17:09:56.35201763,-1.3333E-02, 1.0933E+01, 0.0000E+00,
17:09:56.35201768, 0.0000E+00, 1.0867E+01, 1.3333E-01,
17:09:56.35201773, 0.0000E+00, 1.0900E+01, 1.3333E-01,
17:09:56.35201778, 0.0000E+00, 1.0867E+01, 2.6667E-01,
17:09:56.35201783, 1.3333E-02, 1.0900E+01, 0.0000E+00,
17:09:56.35201788,-1.3333E-02, 1.0800E+01, 4.0000E-01,
17:09:56.35201793,-2.6667E-02, 1.0867E+01, 0.0000E+00,
17:09:56.35201798, 2.6667E-02, 1.0867E+01, 0.0000E+00,
17:09:56.35201803, 0.0000E+00, 1.0900E+01,-1.3333E-01,
17:09:56.35201808,-1.3333E-02, 1.0833E+01, 0.0000E+00,
17:09:56.35201813, 1.3333E-02, 1.0867E+01, 0.0000E+00,
17:09:56.35201818, 2.6667E-02, 1.0867E+01, 0.0000E+00,
17:09:56.35201823, 0.0000E+00, 1.0833E+01, 2.6667E-01,
17:09:56.35201828, 6.6667E-02, 1.0900E+01, 0.0000E+00,
17:09:56.35201833,-1.3333E-02, 1.0933E+01, 1.3333E-01,
17:09:56.35201838,-1.3333E-02, 1.0900E+01, 0.0000E+00,
17:09:56.35201843, 0.0000E+00, 1.0933E+01, 2.6667E-01,
17:09:56.35201848,-1.3333E-02, 1.0767E+01, 0.0000E+00,
17:09:56.35201853, 1.3333E-02, 1.0867E+01,-2.6667E-01,
17:09:56.35201858, 1.3333E-02, 1.0867E+01, 0.0000E+00,
17:09:56.35201863, 1.3333E-02, 1.0900E+01, 0.0000E+00,
17:09:56.35201868,-2.6667E-02, 1.0867E+01, 0.0000E+00,
17:09:56.35201873,-2.6667E-02, 1.0867E+01, 0.0000E+00,
17:09:56.35201878,-2.6667E-02, 1.0900E+01, 1.3333E-01,
17:09:56.35201883, 1.3333E-02, 1.0767E+01, 2.6667E-01,
17:09:56.35201888, 0.0000E+00, 1.0833E+01, 0.0000E+00,
17:09:56.35201893,-4.0000E-02, 1.0833E+01, 4.0000E-01,
17:09:56.35201898,-1.3333E-02, 1.0833E+01, 0.0000E+00,
17:09:56.35201903, 0.0000E+00, 1.0800E+01,-1.3333E-01,
17:09:56.35201908, 0.0000E+00, 1.0833E+01, 1.3333E-01,
17:09:56.35201913,-1.3333E-02, 1.0833E+01, 0.0000E+00,
17:09:56.35201918, 2.6667E-02, 1.0867E+01, 0.0000E+00,
17:09:56.35201923, 1.3333E-02, 1.0833E+01, 0.0000E+00,
17:09:56.35201928, 0.0000E+00, 1.0900E+01, 0.0000E+00,
17:09:56.35201933, 1.3333E-02, 1.0867E+01,-1.3333E-01,
17:09:56.35201938,-2.6667E-02, 1.0900E+01, 0.0000E+00,
17:09:56.35201943,-1.3333E-02, 1.0833E+01, 1.3333E-01,
17:09:56.35201948, 0.0000E+00, 1.0767E+01, 2.6667E-01,
17:09:56.35201953, 0.0000E+00, 1.0900E+01, 1.3333E-01,
17:09:56.35201958,-1.3333E-02, 1.0800E+01,-1.3333E-01,
17:09:56.35201963, 1.3333E-02, 1.0900E+01, 1.3333E-01,
17:09:56.35201968, 0.0000E+00, 1.0867E+01, 0.0000E+00,
17:09:56.35201973, 1.3333E-02, 1.0900E+01, 2.6667E-01,
17:09:56.35201978, 0.0000E+00, 1.0867E+01, 1.3333E-01,
17:09:56.35201983, 0.0000E+00, 1.0933E+01, 2.6667E-01,
17:09:56.35201988,-4.0000E-02, 1.0833E+01, 2.6667E-01,
17:09:56.35201993,-1.3333E-02, 1.0867E+01, 1.3333E-01,
17:09:56.35201998, 1.3333E-02, 1.0800E+01, 0.0000E+00,
17:09:56.35202003, 0.0000E+00, 1.0867E+01, 0.0000E+00,
17:09:56.35202008, 0.0000E+00, 1.0867E+01, 1.3333E-01,
17:09:56.35202013,-1.3333E-02, 1.0867E+01, 0.0000E+00,
17:09:56.35202018,-2.6667E-02, 1.0833E+01, 2.6667E-01,
17:09:56.35202023,-1.3333E-02, 1.0867E+01, 2.6667E-01,
17:09:56.35202028, 0.0000E+00, 1.0833E+01, 0.0000E+00,
17:09:56.35202033,-1.3333E-02, 1.0867E+01, 4.0000E-01,
17:09:56.35202038,-2.6667E-02, 1.0867E+01, 0.0000E+00,
17:09:56.35202043,-1.3333E-02, 1.0900E+01, 2.6667E-01,
17:09:56.35202048, 0.0000E+00, 1.0900E+01, 2.6667E-01,
17:09:56.35202053, 1.3333E-02, 1.0867E+01, 0.0000E+00,
17:09:56.35202058,-1.3333E-02, 1.0867E+01, 1.3333E-01,
17:09:56.35202063,-2.6667E-02, 1.0933E+01, 1.3333E-01,
17:09:56.35202068, 0.0000E+00, 1.0867E+01,-1.3333E-01,
17:09:56.35202073,-5.3333E-02, 1.0800E+01, 0.0000E+00,
17:09:56.35202078, 0.0000E+00, 1.0900E+01, 1.3333E-01,
17:09:56.35202083,-2.6667E-02, 1.0833E+01, 4.0000E-01,
17:09:56.35202088, 0.0000E+00, 1.0800E+01, 0.0000E+00,
17:09:56.35202093,-1.3333E-02, 1.0867E+01, 1.3333E-01,
17:09:56.35202098,-1.3333E-02, 1.0800E+01,-1.3333E-01,
17:09:56.35202103, 0.0000E+00, 1.0867E+01, 1.3333E-01,
17:09:56.35202108,-1.3333E-02, 1.0867E+01,-1.3333E-01,
17:09:56.35202113,-1.3333E-02, 1.0800E+01, 0.0000E+00,
17:09:56.35202118,-1.3333E-02, 1.0867E+01, 1.3333E-01,
17:09:56.35202123, 0.0000E+00, 1.0867E+01, 2.6667E-01,
17:09:56.35202128, 1.3333E-02, 1.0900E+01, 1.3333E-01,
17:09:56.35202133,-4.0000E-02, 1.0833E+01, 4.0000E-01,
17:09:56.35202138, 1.3333E-02, 1.0833E+01,-2.6667E-01,
17:09:56.35202143, 5.3333E-02, 1.0867E+01, 0.0000E+00,
17:09:56.35202148, 1.3333E-02, 1.0900E+01, 1.3333E-01,
17:09:56.35202153, 0.0000E+00, 1.0833E+01,-1.3333E-01,
17:09:56.35202158, 0.0000E+00, 1.0833E+01, 1.3333E-01,
17:09:56.35202163, 2.6667E-02, 1.0800E+01, 0.0000E+00,
17:09:56.35202168,-1.3333E-02, 1.0867E+01, 2.6667E-01,
17:09:56.35202173, 0.0000E+00, 1.0800E+01, 1.3333E-01,
17:09:56.35202178,-2.6667E-02, 1.0867E+01, 4.0000E-01,
17:09:56.35202183,-1.3333E-02, 1.0867E+01, 5.3333E-01,
17:09:56.35202188,-1.3333E-02, 1.0833E+01, 0.0000E+00,
17:09:56.35202193, 0.0000E+00, 1.0833E+01, 4.0000E-01,
17:09:56.35202198, 1.3333E-02, 1.0833E+01, 1.3333E-01,
17:09:56.35202203,-1.3333E-02, 1.0800E+01, 0.0000E+00,
17:09:56.35202208, 2.6667E-02, 1.0900E+01, 2.6667E-01,
17:09:56.35202213,-1.3333E-02, 1.0800E+01, 0.0000E+00,
17:09:56.35202218, 1.3333E-02, 1.0833E+01, 0.0000E+00,
17:09:56.35202223,-2.6667E-02, 1.0833E+01, 1.3333E-01,
17:09:56.35202228,-2.6667E-02, 1.0800E+01, 2.6667E-01,
17:09:56.35202233, 2.6667E-02, 1.0833E+01, 1.3333E-01,
17:09:56.35202238,-2.6667E-02, 1.0933E+01, 4.0000E-01,
17:09:56.35202243, 0.0000E+00, 1.0833E+01, 0.0000E+00,
17:09:56.35202248,-1.3333E-02, 1.0900E+01, 1.3333E-01,
17:09:56.35202253, 0.0000E+00, 1.0867E+01, 1.3333E-01,
17:09:56.35202258,-1.3333E-02, 1.0833E+01, 0.0000E+00,
17:09:56.35202263,-2.6667E-02, 1.0900E+01, 0.0000E+00,
17:09:56.35202268,-1.3333E-02, 1.0867E+01, 1.3333E-01,
17:09:56.35202273, 0.0000E+00, 1.0900E+01, 5.3333E-01,
17:09:56.35202278, 0.0000E+00, 1.0867E+01, 1.3333E-01,
17:09:56.35202283,-5.3333E-02, 1.0833E+01, 5.3333E-01,
17:09:56.35202288,-2.6667E-02, 1.0933E+01, 0.0000E+00,
17:09:56.35202293, 0.0000E+00, 1.0833E+01, 4.0000E-01,
17:09:56.35202298, 1.3333E-02, 1.0900E+01, 1.3333E-01,
17:09:56.35202303,-2.6667E-02, 1.0800E+01, 1.3333E-01,
17:09:56.35202308, 0.0000E+00, 1.0867E+01, 0.0000E+00,
17:09:56.35202313, 0.0000E+00, 1.0867E+01, 0.0000E+00,
17:09:56.35202318,-4.0000E-02, 1.0900E+01, 0.0000E+00,
17:09:56.35202323,-1.3333E-02, 1.0900E+01, 2.6667E-01,
17:09:56.35202328, 0.0000E+00, 1.0833E+01, 1.3333E-01,
17:09:56.35202333, 0.0000E+00, 1.0833E+01, 1.3333E-01,
17:09:56.35202338, 1.3333E-02, 1.0867E+01, 1.3333E-01,
17:09:56.35202343, 1.3333E-02, 1.0833E+01, 2.6667E-01,
17:09:56.35202348, 1.3333E-02, 1.0867E+01, 4.0000E-01,
17:09:56.35202353,-2.6667E-02, 1.0833E+01, 1.3333E-01,
17:09:56.35202358, 0.0000E+00, 1.0900E+01,-1.3333E-01,
17:09:56.35202363, 1.3333E-02, 1.0900E+01, 4.0000E-01,
17:09:56.35202368,-4.0000E-02, 1.0900E+01, 1.3333E-01,
17:09:56.35202373,-1.3333E-02, 1.0900E+01, 0.0000E+00,
17:09:56.35202378,-1.3333E-02, 1.0867E+01, 4.0000E-01,
17:09:56.35202383, 2.6667E-02, 1.0800E+01, 1.3333E-01,
17:09:56.35202388,-1.3333E-02, 1.0867E+01, 1.3333E-01,
17:09:56.35202393, 1.3333E-02, 1.0867E+01, 1.3333E-01,
17:09:56.35202398,-1.3333E-02, 1.0833E+01, 2.6667E-01,
17:09:56.35202403, 0.0000E+00, 1.0867E+01, 0.0000E+00,
17:09:56.35202408, 0.0000E+00, 1.0867E+01, 4.0000E-01,
17:09:56.35202413,-2.6667E-02, 1.0933E+01, 2.6667E-01,
17:09:56.35202418,-2.6667E-02, 1.0833E+01, 2.6667E-01,
17:09:56.35202423,-2.6667E-02, 1.0800E+01, 5.3333E-01,
17:09:56.35202428,-1.3333E-02, 1.0833E+01, 0.0000E+00,
17:09:56.35202433, 1.3333E-02, 1.0833E+01, 0.0000E+00,
17:09:56.35202438, 2.6667E-02, 1.0933E+01, 0.0000E+00,
17:09:56.35202443,-2.6667E-02, 1.0900E+01, 1.3333E-01,
17:09:56.35202448, 0.0000E+00, 1.0900E+01,-1.3333E-01,
17:09:56.35202453, 0.0000E+00, 1.0867E+01, 1.3333E-01,
17:09:56.35202458, 0.0000E+00, 1.0933E+01, 2.6667E-01,
17:09:56.35202463, 0.0000E+00, 1.0867E+01, 4.0000E-01,
17:09:56.35202468,-1.3333E-02, 1.0867E+01, 4.0000E-01,
17:09:56.35202473, 1.3333E-02, 1.0900E+01, 0.0000E+00,
17:09:56.35202478,-1.3333E-02, 1.0867E+01, 5.3333E-01,
17:09:56.35202483, 0.0000E+00, 1.0900E+01, 4.0000E-01,
17:09:56.35202488, 0.0000E+00, 1.0867E+01,-1.3333E-01,
17:09:56.35202493, 1.3333E-02, 1.0867E+01, 1.3333E-01,
17:09:56.35202498, 1.3333E-02, 1.0833E+01, 0.0000E+00,
17:09:56.35202503, 0.0000E+00, 1.0900E+01,-1.3333E-01,
17:09:56.35202508,-1.3333E-02, 1.0900E+01, 2.6667E-01,
17:09:56.35202513, 0.0000E+00, 1.0867E+01, 2.6667E-01,
17:09:56.35202518,-1.3333E-02, 1.0833E+01, 0.0000E+00,
17:09:56.35202523, 1.3333E-02, 1.0867E+01, 1.3333E-01,
17:09:56.35202528, 1.3333E-02, 1.0833E+01, 1.3333E-01,
17:09:56.35202533, 2.6667E-02, 1.0900E+01, 0.0000E+00,
17:09:56.35202538, 1.3333E-02, 1.0833E+01, 4.0000E-01,
17:09:56.35202543,-1.3333E-02, 1.0833E+01, 0.0000E+00,
17:09:56.35202548, 0.0000E+00, 1.0867E+01,-1.3333E-01,
17:09:56.35202553,-2.6667E-02, 1.0867E+01, 0.0000E+00,
17:09:56.35202558,-1.3333E-02, 1.0833E+01, 1.3333E-01,
17:09:56.35202563,-1.3333E-02, 1.0867E+01, 1.3333E-01,
17:09:56.35202568, 0.0000E+00, 1.0900E+01,-1.3333E-01,
17:09:56.35202573, 1.3333E-02, 1.0867E+01, 0.0000E+00,
17:09:56.35202578,-2.6667E-02, 1.0833E+01, 0.0000E+00,
17:09:56.35202583, 1.3333E-02, 1.0933E+01,-2.6667E-01,
17:09:56.35202588, 0.0000E+00, 1.0833E+01, 0.0000E+00,
17:09:56.35202593,-1.3333E-02, 1.0933E+01,-1.3333E-01,
17:09:56.35202598, 0.0000E+00, 1.0833E+01, 0.0000E+00,
17:09:56.35202603,-1.3333E-02, 1.0900E+01, 1.3333E-01,
17:09:56.35202608, 1.3333E-02, 1.0833E+01, 4.0000E-01,
17:09:56.35202613, 0.0000E+00, 1.0867E+01, 4.0000E-01,
17:09:56.35202618,-1.3333E-02, 1.0867E+01, 2.6667E-01,
17:09:56.35202623, 1.3333E-02, 1.0767E+01, 1.3333E-01,
17:09:56.35202628, 1.3333E-02, 1.0800E+01, 2.6667E-01,
17:09:56.35202633, 1.3333E-02, 1.0800E+01, 2.6667E-01,
17:09:56.35202638, 0.0000E+00, 1.0900E+01, 1.3333E-01,
17:09:56.35202643,-1.3333E-02, 1.0933E+01, 1.3333E-01,
17:09:56.35202648,-1.3333E-02, 1.0900E+01, 1.3333E-01,
17:09:56.35202653,-2.6667E-02, 1.0900E+01, 0.0000E+00,
17:09:56.35202658,-2.6667E-02, 1.0867E+01,-2.6667E-01,
17:09:56.35202663, 1.3333E-02, 1.0933E+01,-1.3333E-01,
17:09:56.35202668, 1.3333E-02, 1.0900E+01, 1.3333E-01,
17:09:56.35202673,-1.3333E-02, 1.0900E+01, 5.3333E-01,
17:09:56.35202678, 0.0000E+00, 1.0833E+01, 1.3333E-01,
17:09:56.35202683, 0.0000E+00, 1.0900E+01, 0.0000E+00,
17:09:56.35202688, 1.3333E-02, 1.0900E+01, 2.6667E-01,
17:09:56.35202693,-1.3333E-02, 1.0900E+01, 1.3333E-01,
17:09:56.35202698,-2.6667E-02, 1.0900E+01,-2.6667E-01,
17:09:56.35202703,-2.6667E-02, 1.0800E+01, 1.3333E-01,
17:09:56.35202708,-1.3333E-02, 1.0867E+01, 2.6667E-01,
17:09:56.35202713, 1.3333E-02, 1.0867E+01, 1.3333E-01,
17:09:56.35202718, 0.0000E+00, 1.0867E+01, 4.0000E-01,
17:09:56.35202723,-1.3333E-02, 1.0833E+01,-1.3333E-01,
17:09:56.35202728, 0.0000E+00, 1.0833E+01, 1.3333E-01,
17:09:56.35202733, 0.0000E+00, 1.0833E+01, 1.3333E-01,
17:09:56.35202738, 0.0000E+00, 1.0867E+01,-4.0000E-01,
17:09:56.35202743,-1.3333E-02, 1.0800E+01, 0.0000E+00,
17:09:56.35202748,-2.6667E-02, 1.0900E+01,-1.3333E-01,
17:09:56.35202753,-4.0000E-02, 1.0900E+01, 4.0000E-01,
17:09:56.35202758, 0.0000E+00, 1.0867E+01, 0.0000E+00,
17:09:56.35202763,-2.6667E-02, 1.0867E+01, 5.3333E-01,
17:09:56.35202768,-1.3333E-02, 1.0767E+01, 1.3333E-01,
17:09:56.35202773, 2.6667E-02, 1.0833E+01, 2.6667E-01,
17:09:56.35202778,-2.6667E-02, 1.0800E+01, 1.3333E-01,
17:09:56.35202783,-1.3333E-02, 1.0900E+01, 2.6667E-01,
17:09:56.35202788, 1.3333E-02, 1.0933E+01, 4.0000E-01,
17:09:56.35202793, 0.0000E+00, 1.0833E+01, 1.3333E-01,
17:09:56.35202798, 0.0000E+00, 1.0833E+01, 2.6667E-01,
17:09:56.35202803, 0.0000E+00, 1.0867E+01, 1.3333E-01,
17:09:56.35202808, 0.0000E+00, 1.0867E+01, 0.0000E+00,
17:09:56.35202813, 1.3333E-02, 1.0800E+01, 0.0000E+00,
17:09:56.35202818, 0.0000E+00, 1.0933E+01, 2.6667E-01,
17:09:56.35202823, 0.0000E+00, 1.0900E+01, 2.6667E-01,
17:09:56.35202828, 1.3333E-02, 1.0833E+01, 2.6667E-01,
17:09:56.35202833, 0.0000E+00, 1.0900E+01, 0.0000E+00,
17:09:56.35202838, 1.3333E-02, 1.0900E+01,-1.3333E-01,
17:09:56.35202843,-1.3333E-02, 1.0900E+01,-1.3333E-01,
17:09:56.35202848,-4.0000E-02, 1.0867E+01, 1.3333E-01,
17:09:56.35202853, 0.0000E+00, 1.0800E+01, 0.0000E+00,
17:09:56.35202858, 1.3333E-02, 1.0933E+01, 2.6667E-01,
17:09:56.35202863,-1.3333E-02, 1.0833E+01, 5.3333E-01,
17:09:56.35202868, 0.0000E+00, 1.0867E+01, 1.3333E-01,
17:09:56.35202873, 0.0000E+00, 1.0900E+01, 2.6667E-01,
17:09:56.35202878,-1.3333E-02, 1.0967E+01, 4.0000E-01,
17:09:56.35202883,-1.3333E-02, 1.0833E+01,-4.0000E-01,
17:09:56.35202888, 1.3333E-02, 1.0900E+01, 0.0000E+00,
17:09:56.35202893,-1.3333E-02, 1.0900E+01, 1.3333E-01,
17:09:56.35202898, 0.0000E+00, 1.0833E+01, 0.0000E+00,
17:09:56.35202903,-2.6667E-02, 1.0833E+01, 1.3333E-01,
17:09:56.35202908,-1.3333E-02, 1.0833E+01, 0.0000E+00,
17:09:56.35202913, 1.3333E-02, 1.0867E+01,-1.3333E-01,
17:09:56.35202918,-1.3333E-02, 1.0867E+01, 2.6667E-01,
17:09:56.35202923,-1.3333E-02, 1.0800E+01, 5.3333E-01,
17:09:56.35202928,-1.3333E-02, 1.0800E+01, 1.3333E-01,
17:09:56.35202933, 0.0000E+00, 1.0933E+01, 1.3333E-01,
17:09:56.35202938, 1.3333E-02, 1.0867E+01, 2.6667E-01,
17:09:56.35202943,-1.3333E-02, 1.0800E+01, 0.0000E+00,
17:09:56.35202948,-1.3333E-02, 1.0833E+01, 1.3333E-01,
17:09:56.35202953, 0.0000E+00, 1.0800E+01, 2.6667E-01,
17:09:56.35202958, 1.3333E-02, 1.0800E+01,-1.3333E-01,
17:09:56.35202963, 0.0000E+00, 1.0800E+01, 0.0000E+00,
17:09:56.35202968, 0.0000E+00, 1.0933E+01, 0.0000E+00,
17:09:56.35202973, 0.0000E+00, 1.0900E+01, 2.6667E-01,
17:09:56.35202978, 0.0000E+00, 1.0933E+01, 2.6667E-01,
17:09:56.35202983, 1.3333E-02, 1.0900E+01, 0.0000E+00,
17:09:56.35202988,-1.3333E-02, 1.0900E+01,-2.6667E-01,
17:09:56.35202993,-1.3333E-02, 1.0900E+01, 2.6667E-01,
17:09:56.35202998,-1.3333E-02, 1.0833E+01, 0.0000E+00,
17:09:56.35203003, 0.0000E+00, 1.0867E+01, 1.3333E-01,
17:09:56.35203008, 2.6667E-02, 1.0833E+01,-1.3333E-01,
17:09:56.35203013, 0.0000E+00, 1.0833E+01, 2.6667E-01,
17:09:56.35203018, 1.3333E-02, 1.0900E+01, 0.0000E+00,
17:09:56.35203023, 0.0000E+00, 1.0900E+01, 4.0000E-01,
17:09:56.35203028, 1.3333E-02, 1.0900E+01, 1.3333E-01,
17:09:56.35203033,-1.3333E-02, 1.0900E+01, 2.6667E-01,
17:09:56.35203038,-2.6667E-02, 1.0900E+01, 2.6667E-01,
17:09:56.35203043, 0.0000E+00, 1.0833E+01,-2.6667E-01,
17:09:56.35203048,-1.3333E-02, 1.0867E+01,-1.3333E-01,
17:09:56.35203053, 0.0000E+00, 1.0933E+01, 1.3333E-01,
17:09:56.35203058,-1.3333E-02, 1.0833E+01, 0.0000E+00,
17:09:56.35203063, 2.6667E-02, 1.0867E+01, 2.6667E-01,
17:09:56.35203068, 1.3333E-02, 1.0833E+01, 2.6667E-01,
17:09:56.35203073, 2.6667E-02, 1.0867E+01, 1.3333E-01,
17:09:56.35203078,-1.3333E-02, 1.0900E+01, 1.3333E-01,
17:09:56.35203083,-6.6667E-02, 1.0867E+01, 1.3333E-01,
17:09:56.35203088,-1.3333E-02, 1.0900E+01, 1.3333E-01,
17:09:56.35203093, 1.3333E-02, 1.0767E+01,-1.3333E-01,
17:09:56.35203098, 1.3333E-02, 1.0867E+01, 0.0000E+00,
17:09:56.35203103, 4.0000E-02, 1.0867E+01, 0.0000E+00,
17:09:56.35203108, 4.0000E-02, 1.0900E+01, 2.6667E-01,
17:09:56.35203113, 0.0000E+00, 1.0900E+01, 2.6667E-01,
17:09:56.35203118,-2.6667E-02, 1.0833E+01, 1.3333E-01,
17:09:56.35203123, 1.3333E-02, 1.0967E+01, 0.0000E+00,
17:09:56.35203128,-1.3333E-02, 1.0800E+01, 1.3333E-01,
17:09:56.35203133,-2.6667E-02, 1.0867E+01,-1.3333E-01,
17:09:56.35203138, 0.0000E+00, 1.0800E+01, 1.3333E-01,
17:09:56.35203143, 1.3333E-02, 1.0933E+01, 1.3333E-01,
17:09:56.35203148, 1.3333E-02, 1.0867E+01, 1.3333E-01,
17:09:56.35203153, 1.3333E-02, 1.0900E+01, 0.0000E+00,
17:09:56.35203158, 0.0000E+00, 1.0800E+01, 1.3333E-01,
17:09:56.35203163,-2.6667E-02, 1.0833E+01, 1.3333E-01,
17:09:56.35203168,-2.6667E-02, 1.0800E+01, 0.0000E+00,
17:09:56.35203173, 1.3333E-02, 1.0867E+01, 2.6667E-01,
17:09:56.35203178,-4.0000E-02, 1.0933E+01, 0.0000E+00,
17:09:56.35203183,-4.0000E-02, 1.0867E+01, 2.6667E-01,
17:09:56.35203188,-1.3333E-02, 1.0833E+01,-1.3333E-01,
17:09:56.35203193,-2.6667E-02, 1.0867E+01, 1.3333E-01,
17:09:56.35203198, 0.0000E+00, 1.0867E+01, 1.3333E-01,
17:09:56.35203203, 0.0000E+00, 1.0867E+01, 0.0000E+00,
17:09:56.35203208, 0.0000E+00, 1.0800E+01, 1.3333E-01,
17:09:56.35203213, 0.0000E+00, 1.0833E+01, 2.6667E-01,
17:09:56.35203218, 1.3333E-02, 1.0833E+01,-2.6667E-01,
17:09:56.35203223,-4.0000E-02, 1.0833E+01, 0.0000E+00,
17:09:56.35203228,-2.6667E-02, 1.0867E+01, 0.0000E+00,
17:09:56.35203233,-1.3333E-02, 1.0833E+01, 0.0000E+00,
17:09:56.35203238, 0.0000E+00, 1.0833E+01, 4.0000E-01,
17:09:56.35203243,-1.3333E-02, 1.0900E+01, 0.0000E+00,
17:09:56.35203248, 0.0000E+00, 1.0833E+01, 0.0000E+00,
17:09:56.35203253,-1.3333E-02, 1.0900E+01, 1.3333E-01,
17:09:56.35203258, 0.0000E+00, 1.0800E+01, 2.6667E-01,
17:09:56.35203263,-2.6667E-02, 1.0800E+01,-1.3333E-01,
17:09:56.35203268, 0.0000E+00, 1.0867E+01, 1.3333E-01,
17:09:56.35203273,-2.6667E-02, 1.0867E+01,-1.3333E-01,
17:09:56.35203278,-1.3333E-02, 1.0800E+01, 0.0000E+00,
17:09:56.35203283,-1.3333E-02, 1.0833E+01,-1.3333E-01,
17:09:56.35203288, 1.3333E-02, 1.0900E+01, 0.0000E+00,
17:09:56.35203293, 1.3333E-02, 1.0833E+01, 0.0000E+00,
17:09:56.35203298,-1.3333E-02, 1.0900E+01, 0.0000E+00,
17:09:56.35203303, 1.3333E-02, 1.0867E+01, 1.3333E-01,
17:09:56.35203308, 1.3333E-02, 1.0867E+01, 2.6667E-01,
17:09:56.35203313,-1.3333E-02, 1.0800E+01, 2.6667E-01,
17:09:56.35203318, 0.0000E+00, 1.0900E+01, 2.6667E-01,
17:09:56.35203323,-1.3333E-02, 1.0867E+01, 2.6667E-01,
17:09:56.35203328,-1.3333E-02, 1.0833E+01, 0.0000E+00,
17:09:56.35203333, 0.0000E+00, 1.0800E+01, 1.3333E-01,
17:09:56.35203338,-1.3333E-02, 1.0867E+01, 0.0000E+00,
17:09:56.35203343, 1.3333E-02, 1.0833E+01,-1.3333E-01,
17:09:56.35203348, 1.3333E-02, 1.0900E+01, 0.0000E+00,
17:09:56.35203353, 1.3333E-02, 1.0867E+01, 2.6667E-01,
17:09:56.35203358, 1.3333E-02, 1.0933E+01, 4.0000E-01,
17:09:56.35203363,-4.0000E-02, 1.0867E+01, 1.3333E-01,
17:09:56.35203368,-1.3333E-02, 1.0867E+01,-2.6667E-01,
17:09:56.35203373,-1.3333E-02, 1.0867E+01, 4.0000E-01,
17:09:56.35203378, 1.3333E-02, 1.0833E+01, 1.3333E-01,
17:09:56.35203383, 0.0000E+00, 1.0933E+01, 0.0000E+00,
17:09:56.35203388, 0.0000E+00, 1.0833E+01, 1.3333E-01,
17:09:56.35203393, 0.0000E+00, 1.0867E+01, 4.0000E-01,
17:09:56.35203398, 4.0000E-02, 1.0867E+01, 4.0000E-01,
17:09:56.35203403, 0.0000E+00, 1.0867E+01, 1.3333E-01,
17:09:56.35203408, 1.3333E-02, 1.0900E+01, 0.0000E+00,
17:09:56.35203413, 1.3333E-02, 1.0833E+01, 0.0000E+00,
17:09:56.35203418,-1.3333E-02, 1.0900E+01, 1.3333E-01,
17:09:56.35203423, 0.0000E+00, 1.0867E+01, 0.0000E+00,
17:09:56.35203428, 0.0000E+00, 1.0867E+01, 0.0000E+00,
17:09:56.35203433, 0.0000E+00, 1.0900E+01, 0.0000E+00,
17:09:56.35203438, 2.6667E-02, 1.0833E+01, 2.6667E-01,
17:09:56.35203443, 1.3333E-02, 1.0800E+01, 1.3333E-01,
17:09:56.35203448, 0.0000E+00, 1.0800E+01, 0.0000E+00,
17:09:56.35203453, 2.6667E-02, 1.0867E+01, 4.0000E-01,
17:09:56.35203458,-1.3333E-02, 1.0900E+01, 6.6667E-01,
17:09:56.35203463,-1.3333E-02, 1.0933E+01, 4.0000E-01,
17:09:56.35203468,-1.3333E-02, 1.0867E+01, 2.6667E-01,
17:09:56.35203473, 0.0000E+00, 1.0833E+01, 0.0000E+00,
17:09:56.35203478,-1.3333E-02, 1.0833E+01, 0.0000E+00,
17:09:56.35203483,-1.3333E-02, 1.0833E+01, 0.0000E+00,
17:09:56.35203488, 0.0000E+00, 1.0800E+01,-1.3333E-01,
17:09:56.35203493, 1.3333E-02, 1.0867E+01, 2.6667E-01,
17:09:56.35203498, 0.0000E+00, 1.0833E+01, 4.0000E-01,
17:09:56.35203503, 2.6667E-02, 1.0867E+01, 4.0000E-01,
17:09:56.35203508,-2.6667E-02, 1.0867E+01,-1.3333E-01,
17:09:56.35203513,-2.6667E-02, 1.0900E+01, 1.3333E-01,
17:09:56.35203518,-2.6667E-02, 1.0833E+01, 1.3333E-01,
17:09:56.35203523, 1.3333E-02, 1.0900E+01, 0.0000E+00,
17:09:56.35203528, 0.0000E+00, 1.0867E+01,-1.3333E-01,
17:09:56.35203533, 0.0000E+00, 1.0833E+01, 0.0000E+00,
17:09:56.35203538, 0.0000E+00, 1.0900E+01, 1.3333E-01,
17:09:56.35203543, 0.0000E+00, 1.1000E+01, 1.3333E-01,
17:09:56.35203548, 4.0000E-02, 1.0900E+01, 0.0000E+00,
17:09:56.35203553, 1.3333E-02, 1.0867E+01,-1.3333E-01,
17:09:56.35203558,-1.3333E-02, 1.0800E+01,-1.3333E-01,
17:09:56.35203563,-4.0000E-02, 1.0833E+01,-1.3333E-01,
17:09:56.35203568, 1.3333E-02, 1.0867E+01,-1.3333E-01,
17:09:56.35203573,-1.3333E-02, 1.0867E+01,-1.3333E-01,
17:09:56.35203578,-2.6667E-02, 1.0867E+01, 0.0000E+00,
17:09:56.35203583, 0.0000E+00, 1.0867E+01, 2.6667E-01,
17:09:56.35203588, 0.0000E+00, 1.0900E+01, 1.3333E-01,
17:09:56.35203593, 1.3333E-02, 1.0900E+01,-1.3333E-01,
17:09:56.35203598, 1.3333E-02, 1.0867E+01, 2.6667E-01,
17:09:56.35203603, 0.0000E+00, 1.0800E+01, 0.0000E+00,
17:09:56.35203608,-2.6667E-02, 1.0900E+01,-1.3333E-01,
17:09:56.35203613,-1.3333E-02, 1.0833E+01, 1.3333E-01,
17:09:56.35203618,-1.3333E-02, 1.0867E+01, 0.0000E+00,
17:09:56.35203623,-1.3333E-02, 1.0833E+01,-1.3333E-01,
17:09:56.35203628,-4.0000E-02, 1.0800E+01, 1.3333E-01,
17:09:56.35203633, 0.0000E+00, 1.0900E+01, 1.3333E-01,
17:09:56.35203638, 1.3333E-02, 1.0867E+01, 0.0000E+00,
17:09:56.35203643, 1.3333E-02, 1.0867E+01, 1.3333E-01,
17:09:56.35203648,-1.3333E-02, 1.0833E+01, 4.0000E-01,
17:09:56.35203653,-1.3333E-02, 1.0900E+01, 0.0000E+00,
17:09:56.35203658,-1.3333E-02, 1.0833E+01, 2.6667E-01,
17:09:56.35203663, 1.3333E-02, 1.0833E+01, 4.0000E-01,
17:09:56.35203668,-1.3333E-02, 1.0833E+01, 5.3333E-01,
17:09:56.35203673, 2.6667E-02, 1.0933E+01,-1.3333E-01,
17:09:56.35203678, 1.3333E-02, 1.0867E+01, 0.0000E+00,
17:09:56.35203683,-2.6667E-02, 1.0900E+01,-1.3333E-01,
17:09:56.35203688, 2.6667E-02, 1.0833E+01, 1.3333E-01,
17:09:56.35203693, 0.0000E+00, 1.0867E+01, 0.0000E+00,
17:09:56.35203698, 0.0000E+00, 1.0867E+01, 1.3333E-01,
17:09:56.35203703, 0.0000E+00, 1.0867E+01, 2.6667E-01,
17:09:56.35203708, 4.0000E-02, 1.0833E+01,-1.3333E-01,
17:09:56.35203713, 1.7333E-01, 1.0867E+01,-1.3333E-01,
17:09:56.35203718, 6.5333E-01, 1.0933E+01,-1.3333E-01,
17:09:56.35203723, 1.2133E+00, 1.0833E+01, 0.0000E+00,
17:09:56.35203728, 1.6000E+00, 1.0867E+01, 2.6667E-01,
17:09:56.35203733, 1.8000E+00, 1.0900E+01, 2.6667E-01,
17:09:56.35203738, 1.8133E+00, 1.0867E+01, 2.6667E-01,
17:09:56.35203743, 1.8133E+00, 1.0867E+01, 4.0000E-01,
17:09:56.35203748, 1.8267E+00, 1.0800E+01, 2.6667E-01,
17:09:56.35203753, 1.7867E+00, 1.0933E+01, 0.0000E+00,
17:09:56.35203758, 1.8000E+00, 1.0933E+01,-1.3333E-01,
17:09:56.35203763, 1.7867E+00, 1.0900E+01, 0.0000E+00,
17:09:56.35203768, 1.7733E+00, 1.0867E+01, 1.3333E-01,
17:09:56.35203773, 1.7733E+00, 1.0867E+01, 0.0000E+00,
17:09:56.35203778, 1.8133E+00, 1.0867E+01, 2.6667E-01,
17:09:56.35203783, 1.7867E+00, 1.0833E+01, 0.0000E+00,
17:09:56.35203788, 1.7733E+00, 1.0867E+01, 0.0000E+00,
17:09:56.35203793, 1.7600E+00, 1.0867E+01, 2.6667E-01,
17:09:56.35203798, 1.7467E+00, 1.0867E+01, 6.6667E-01,
17:09:56.35203803, 1.7467E+00, 1.0800E+01, 0.0000E+00,
17:09:56.35203808, 1.7600E+00, 1.0833E+01, 0.0000E+00,
17:09:56.35203813, 1.7467E+00, 1.0833E+01, 1.3333E-01,
17:09:56.35203818, 1.7333E+00, 1.0867E+01, 0.0000E+00,
17:09:56.35203823, 1.7600E+00, 1.0900E+01, 1.3333E-01,
17:09:56.35203828, 1.7600E+00, 1.0967E+01, 2.6667E-01,
17:09:56.35203833, 1.7333E+00, 1.0900E+01, 0.0000E+00,
17:09:56.35203838, 1.7333E+00, 1.0867E+01, 4.0000E-01,
17:09:56.35203843, 1.7067E+00, 1.0833E+01, 2.6667E-01,
17:09:56.35203848, 1.7067E+00, 1.0833E+01, 2.6667E-01,
17:09:56.35203853, 1.6933E+00, 1.0867E+01, 0.0000E+00,
17:09:56.35203858, 1.7200E+00, 1.0900E+01, 0.0000E+00,
17:09:56.35203863, 1.7467E+00, 1.0867E+01, 0.0000E+00,
17:09:56.35203868, 1.6933E+00, 1.0867E+01, 4.0000E-01,
17:09:56.35203873, 1.7067E+00, 1.0867E+01, 0.0000E+00,
17:09:56.35203878, 1.7200E+00, 1.0900E+01,-2.6667E-01,
17:09:56.35203883, 1.7067E+00, 1.0833E+01, 0.0000E+00,
17:09:56.35203888, 1.6933E+00, 1.0900E+01, 1.3333E-01,
17:09:56.35203893, 1.6933E+00, 1.0867E+01, 0.0000E+00,
17:09:56.35203898, 1.6800E+00, 1.0900E+01,-1.3333E-01,
17:09:56.35203903, 1.6800E+00, 1.0833E+01, 1.3333E-01,
17:09:56.35203908, 1.6800E+00, 1.0867E+01, 0.0000E+00,
17:09:56.35203913, 1.6667E+00, 1.0833E+01,-1.3333E-01,
17:09:56.35203918, 1.6933E+00, 1.0867E+01,-1.3333E-01,
17:09:56.35203923, 1.6800E+00, 1.0800E+01, 0.0000E+00,
17:09:56.35203928, 1.6667E+00, 1.0900E+01, 2.6667E-01,
17:09:56.35203933, 1.6667E+00, 1.0900E+01, 0.0000E+00,
17:09:56.35203938, 1.6800E+00, 1.0900E+01, 2.6667E-01,
17:09:56.35203943, 1.6533E+00, 1.0867E+01, 4.0000E-01,
17:09:56.35203948, 1.6400E+00, 1.0867E+01, 4.0000E-01,
17:09:56.35203953, 1.6533E+00, 1.0833E+01,-1.3333E-01,
17:09:56.35203958, 1.6667E+00, 1.0867E+01,-1.3333E-01,
17:09:56.35203963, 1.6533E+00, 1.0900E+01, 1.3333E-01,
17:09:56.35203968, 1.6667E+00, 1.0900E+01, 0.0000E+00,
17:09:56.35203973, 1.6533E+00, 1.0867E+01, 1.3333E-01,
17:09:56.35203978, 1.6533E+00, 1.0833E+01, 4.0000E-01,
17:09:56.35203983, 1.6267E+00, 1.0867E+01, 4.0000E-01,
17:09:56.35203988, 1.6400E+00, 1.0867E+01, 1.3333E-01,
17:09:56.35203993, 1.6133E+00, 1.0867E+01, 1.3333E-01,
17:09:56.35203998, 1.6133E+00, 1.0833E+01, 0.0000E+00,
17:09:56.35204003, 1.6000E+00, 1.0867E+01, 0.0000E+00,
17:09:56.35204008, 1.6000E+00, 1.0867E+01, 4.0000E-01,
17:09:56.35204013, 1.6000E+00, 1.0833E+01, 2.6667E-01,
17:09:56.35204018, 1.6400E+00, 1.0867E+01, 0.0000E+00,
17:09:56.35204023, 1.6133E+00, 1.0900E+01, 0.0000E+00,
17:09:56.35204028, 1.5600E+00, 1.0900E+01,-1.3333E-01,
17:09:56.35204033, 1.6000E+00, 1.0900E+01, 0.0000E+00,
17:09:56.35204038, 1.6133E+00, 1.0900E+01, 1.3333E-01,
17:09:56.35204043, 1.5867E+00, 1.0833E+01,-1.3333E-01,
17:09:56.35204048, 1.6000E+00, 1.0833E+01,-1.3333E-01,
17:09:56.35204053, 1.5867E+00, 1.0867E+01, 0.0000E+00,
17:09:56.35204058, 1.6000E+00, 1.0867E+01, 1.3333E-01,
17:09:56.35204063, 1.5867E+00, 1.0900E+01,-1.3333E-01,
17:09:56.35204068, 1.6133E+00, 1.0900E+01, 4.0000E-01,
17:09:56.35204073, 1.6267E+00, 1.0933E+01,-1.3333E-01,
17:09:56.35204078, 1.5867E+00, 1.0867E+01, 4.0000E-01,
17:09:56.35204083, 1.5733E+00, 1.0800E+01, 1.3333E-01,
17:09:56.35204088, 1.5867E+00, 1.0900E+01,-1.3333E-01,
17:09:56.35204093, 1.5733E+00, 1.0767E+01,-1.3333E-01,
17:09:56.35204098, 1.5733E+00, 1.0833E+01, 4.0000E-01,
17:09:56.35204103, 1.5733E+00, 1.0867E+01, 1.3333E-01,
17:09:56.35204108, 1.5867E+00, 1.0900E+01, 0.0000E+00,
17:09:56.35204113, 1.6267E+00, 1.0900E+01, 0.0000E+00,
17:09:56.35204118, 1.6133E+00, 1.0933E+01, 0.0000E+00,
17:09:56.35204123, 1.6267E+00, 1.0833E+01, 2.6667E-01,
17:09:56.35204128, 1.6000E+00, 1.0867E+01, 4.0000E-01,
17:09:56.35204133, 1.5867E+00, 1.0833E+01, 1.3333E-01,
17:09:56.35204138, 1.6000E+00, 1.0933E+01, 1.3333E-01,
17:09:56.35204143, 1.5733E+00, 1.0800E+01,-1.3333E-01,
17:09:56.35204148, 1.5733E+00, 1.0900E+01, 2.6667E-01,
17:09:56.35204153, 1.5733E+00, 1.0867E+01, 4.0000E-01,
17:09:56.35204158, 1.5867E+00, 1.0900E+01, 0.0000E+00,
17:09:56.35204163, 1.5867E+00, 1.0867E+01, 2.6667E-01,
17:09:56.35204168, 1.6133E+00, 1.0833E+01, 0.0000E+00,
17:09:56.35204173, 1.6000E+00, 1.0833E+01, 1.3333E-01,
17:09:56.35204178, 1.6133E+00, 1.0933E+01, 1.3333E-01,
17:09:56.35204183, 1.5600E+00, 1.0800E+01, 1.3333E-01,
17:09:56.35204188, 1.5600E+00, 1.0867E+01, 2.6667E-01,
17:09:56.35204193, 1.5733E+00, 1.0833E+01, 1.3333E-01,
17:09:56.35204198, 1.6267E+00, 1.0900E+01, 0.0000E+00,
17:09:56.35204203, 1.5867E+00, 1.0833E+01, 0.0000E+00,
17:09:56.35204208, 1.6133E+00, 1.0933E+01, 2.6667E-01,
17:09:56.35204213, 1.6133E+00, 1.0900E+01, 1.3333E-01,
17:09:56.35204218, 1.6133E+00, 1.0833E+01, 0.0000E+00,
17:09:56.35204223, 1.6133E+00, 1.0833E+01, 0.0000E+00,
17:09:56.35204228, 1.6000E+00, 1.0900E+01,-1.3333E-01,
17:09:56.35204233, 1.6000E+00, 1.0833E+01, 1.3333E-01,
17:09:56.35204238, 1.5733E+00, 1.0833E+01, 2.6667E-01,
17:09:56.35204243, 1.5867E+00, 1.0833E+01, 0.0000E+00,
17:09:56.35204248, 1.6000E+00, 1.0867E+01,-1.3333E-01,
17:09:56.35204253, 1.6133E+00, 1.0867E+01, 1.3333E-01,
17:09:56.35204258, 1.6133E+00, 1.0867E+01,-1.3333E-01,
17:09:56.35204263, 1.5867E+00, 1.0833E+01, 1.3333E-01,
17:09:56.35204268, 1.5867E+00, 1.0900E+01, 1.3333E-01,
17:09:56.35204273, 1.6267E+00, 1.0867E+01, 0.0000E+00,
17:09:56.35204278, 1.5867E+00, 1.0867E+01, 4.0000E-01,
17:09:56.35204283, 1.5600E+00, 1.0867E+01, 0.0000E+00,
17:09:56.35204288, 1.5600E+00, 1.0800E+01,-1.3333E-01,
17:09:56.35204293, 1.5867E+00, 1.0833E+01, 0.0000E+00,
17:09:56.35204298, 1.6133E+00, 1.0833E+01,-1.3333E-01,
17:09:56.35204303, 1.5600E+00, 1.0867E+01, 1.3333E-01,
17:09:56.35204308, 1.5867E+00, 1.0833E+01,-1.3333E-01,
17:09:56.35204313, 1.6267E+00, 1.0833E+01, 0.0000E+00,
17:09:56.35204318, 1.6267E+00, 1.0867E+01, 1.3333E-01,
17:09:56.35204323, 1.6000E+00, 1.0900E+01, 2.6667E-01,
17:09:56.35204328, 1.6000E+00, 1.0800E+01, 2.6667E-01,
17:09:56.35204333, 1.5867E+00, 1.0900E+01, 2.6667E-01,
17:09:56.35204338, 1.6267E+00, 1.0900E+01,-4.0000E-01,
17:09:56.35204343, 1.6000E+00, 1.0900E+01,-1.3333E-01,
17:09:56.35204348, 1.6000E+00, 1.0800E+01,-2.6667E-01,
17:09:56.35204353, 1.6133E+00, 1.0833E+01, 2.6667E-01,
17:09:56.35204358, 1.6133E+00, 1.0833E+01,-2.6667E-01,
17:09:56.35204363, 1.5867E+00, 1.0933E+01,-1.3333E-01,
17:09:56.35204368, 1.6133E+00, 1.0867E+01, 1.3333E-01,
17:09:56.35204373, 1.5867E+00, 1.0833E+01, 1.3333E-01,
17:09:56.35204378, 1.5867E+00, 1.0867E+01, 2.6667E-01,
17:09:56.35204383, 1.6000E+00, 1.0833E+01, 0.0000E+00,
17:09:56.35204388, 1.6267E+00, 1.0900E+01,-1.3333E-01,
17:09:56.35204393, 1.6000E+00, 1.0867E+01, 0.0000E+00,
17:09:56.35204398, 1.6133E+00, 1.0867E+01, 1.3333E-01,
17:09:56.35204403, 1.6267E+00, 1.0867E+01, 1.3333E-01,
17:09:56.35204408, 1.6400E+00, 1.0900E+01, 0.0000E+00,
17:09:56.35204413, 1.6000E+00, 1.0900E+01, 1.3333E-01,
17:09:56.35204418, 1.5867E+00, 1.0833E+01, 0.0000E+00,
17:09:56.35204423, 1.5600E+00, 1.0867E+01, 1.3333E-01,
17:09:56.35204428, 1.6133E+00, 1.0867E+01, 1.3333E-01,
17:09:56.35204433, 1.5733E+00, 1.0867E+01, 0.0000E+00,
17:09:56.35204438, 1.5867E+00, 1.0867E+01, 0.0000E+00,
17:09:56.35204443, 1.5733E+00, 1.0900E+01,-2.6667E-01,
17:09:56.35204448, 1.6000E+00, 1.0933E+01, 2.6667E-01,
17:09:56.35204453, 1.5867E+00, 1.0967E+01, 4.0000E-01,
17:09:56.35204458, 1.6133E+00, 1.0833E+01, 0.0000E+00,
17:09:56.35204463, 1.6000E+00, 1.0867E+01, 4.0000E-01,
17:09:56.35204468, 1.6000E+00, 1.0800E+01, 1.3333E-01,
17:09:56.35204473, 1.6000E+00, 1.0833E+01, 1.3333E-01,
17:09:56.35204478, 1.5733E+00, 1.0900E+01, 1.3333E-01,
17:09:56.35204483, 1.5867E+00, 1.0867E+01, 1.3333E-01,
17:09:56.35204488, 1.5867E+00, 1.0900E+01, 0.0000E+00,
17:09:56.35204493, 1.5867E+00, 1.0900E+01, 2.6667E-01,
17:09:56.35204498, 1.5867E+00, 1.0867E+01,-1.3333E-01,
17:09:56.35204503, 1.6267E+00, 1.0767E+01, 2.6667E-01,
17:09:56.35204508, 1.5867E+00, 1.0900E+01, 1.3333E-01,
17:09:56.35204513, 1.6000E+00, 1.0900E+01, 0.0000E+00,
17:09:56.35204518, 1.5733E+00, 1.0867E+01, 4.0000E-01,
17:09:56.35204523, 1.5467E+00, 1.0833E+01, 1.3333E-01,
17:09:56.35204528, 1.5867E+00, 1.0900E+01,-1.3333E-01,
17:09:56.35204533, 1.6000E+00, 1.0967E+01, 1.3333E-01,
17:09:56.35204538, 1.6000E+00, 1.0833E+01,-2.6667E-01,
17:09:56.35204543, 1.6000E+00, 1.0933E+01,-2.6667E-01,
17:09:56.35204548, 1.6267E+00, 1.0933E+01, 2.6667E-01,
17:09:56.35204553, 1.6000E+00, 1.0867E+01, 2.6667E-01,
17:09:56.35204558, 1.5867E+00, 1.0867E+01, 2.6667E-01,
17:09:56.35204563, 1.6133E+00, 1.0867E+01, 0.0000E+00,
17:09:56.35204568, 1.6000E+00, 1.0833E+01, 0.0000E+00,
17:09:56.35204573, 1.5867E+00, 1.0900E+01, 2.6667E-01,
17:09:56.35204578, 1.6000E+00, 1.0800E+01, 2.6667E-01,
17:09:56.35204583, 1.6133E+00, 1.0867E+01, 1.3333E-01,
17:09:56.35204588, 1.5867E+00, 1.0833E+01, 1.3333E-01,
17:09:56.35204593, 1.5867E+00, 1.0900E+01, 1.3333E-01,
17:09:56.35204598, 1.5867E+00, 1.0900E+01, 4.0000E-01,
17:09:56.35204603, 1.6133E+00, 1.0800E+01, 0.0000E+00,
17:09:56.35204608, 1.6267E+00, 1.0900E+01, 4.0000E-01,
17:09:56.35204613, 1.6267E+00, 1.0867E+01, 5.3333E-01,
17:09:56.35204618, 1.6000E+00, 1.0833E+01,-2.6667E-01,
17:09:56.35204623, 1.5867E+00, 1.0900E+01, 2.6667E-01,
17:09:56.35204628, 1.5600E+00, 1.0900E+01, 0.0000E+00,
17:09:56.35204633, 1.6400E+00, 1.0800E+01,-2.6667E-01,
17:09:56.35204638, 1.5867E+00, 1.0833E+01, 2.6667E-01,
17:09:56.35204643, 1.6000E+00, 1.0867E+01, 1.3333E-01,
17:09:56.35204648, 1.6000E+00, 1.0833E+01,-1.3333E-01,
17:09:56.35204653, 1.6000E+00, 1.0933E+01, 1.3333E-01,
17:09:56.35204658, 1.5867E+00, 1.0833E+01,-2.6667E-01,
17:09:56.35204663, 1.6000E+00, 1.0833E+01, 0.0000E+00,
17:09:56.35204668, 1.5867E+00, 1.0833E+01, 0.0000E+00,
17:09:56.35204673, 1.6133E+00, 1.0967E+01, 1.3333E-01,
17:09:56.35204678, 1.6267E+00, 1.0800E+01, 2.6667E-01,
17:09:56.35204683, 1.6133E+00, 1.0800E+01,-1.3333E-01,
17:09:56.35204688, 1.5867E+00, 1.0867E+01, 1.3333E-01,
17:09:56.35204693, 1.6133E+00, 1.0833E+01, 2.6667E-01,
17:09:56.35204698, 1.6000E+00, 1.0833E+01, 0.0000E+00,
17:09:56.35204703, 1.5733E+00, 1.0900E+01, 1.3333E-01,
17:09:56.35204708, 1.5867E+00, 1.0833E+01, 2.6667E-01,
17:09:56.35204713, 1.6000E+00, 1.0867E+01, 1.3333E-01,
17:09:56.35204718, 1.5733E+00, 1.0900E+01,-2.6667E-01,
17:09:56.35204723, 1.6000E+00, 1.0833E+01, 0.0000E+00,
17:09:56.35204728, 1.6133E+00, 1.0833E+01, 2.6667E-01,
17:09:56.35204733, 1.6400E+00, 1.0867E+01, 1.3333E-01,
17:09:56.35204738, 1.6000E+00, 1.0900E+01, 1.3333E-01,
17:09:56.35204743, 1.6000E+00, 1.0900E+01, 1.3333E-01,
17:09:56.35204748, 1.6133E+00, 1.0900E+01, 0.0000E+00,
17:09:56.35204753, 1.6000E+00, 1.0867E+01, 2.6667E-01,
17:09:56.35204758, 1.5600E+00, 1.0867E+01, 2.6667E-01,
17:09:56.35204763, 1.5867E+00, 1.0900E+01, 0.0000E+00,
17:09:56.35204768, 1.6000E+00, 1.0867E+01, 0.0000E+00,
17:09:56.35204773, 1.6133E+00, 1.0933E+01, 0.0000E+00,
17:09:56.35204778, 1.6133E+00, 1.0800E+01, 1.3333E-01,
17:09:56.35204783, 1.6267E+00, 1.0833E+01, 0.0000E+00,
17:09:56.35204788, 1.5867E+00, 1.0867E+01, 5.3333E-01,
17:09:56.35204793, 1.6133E+00, 1.0800E+01, 1.3333E-01,
17:09:56.35204798, 1.6000E+00, 1.0867E+01, 5.3333E-01,
17:09:56.35204803, 1.6133E+00, 1.0867E+01, 2.6667E-01,
17:09:56.35204808, 1.5733E+00, 1.0900E+01, 4.0000E-01,
17:09:56.35204813, 1.6000E+00, 1.0833E+01, 1.3333E-01,
17:09:56.35204818, 1.5867E+00, 1.0900E+01, 2.6667E-01,
17:09:56.35204823, 1.5867E+00, 1.0867E+01, 0.0000E+00,
17:09:56.35204828, 1.6133E+00, 1.0867E+01, 0.0000E+00,
17:09:56.35204833, 1.5867E+00, 1.0833E+01, 1.3333E-01,
17:09:56.35204838, 1.6133E+00, 1.0900E+01, 2.6667E-01,
17:09:56.35204843, 1.6133E+00, 1.0867E+01, 2.6667E-01,
17:09:56.35204848, 1.6000E+00, 1.0833E+01, 1.3333E-01,
17:09:56.35204853, 1.6000E+00, 1.0800E+01, 2.6667E-01,
17:09:56.35204858, 1.5600E+00, 1.0833E+01, 0.0000E+00,
17:09:56.35204863, 1.5733E+00, 1.0833E+01, 2.6667E-01,
17:09:56.35204868, 1.6133E+00, 1.0800E+01, 4.0000E-01,
17:09:56.35204873, 1.6000E+00, 1.0833E+01, 1.3333E-01,
17:09:56.35204878, 1.6000E+00, 1.0900E+01,-1.3333E-01,
17:09:56.35204883, 1.6533E+00, 1.0833E+01, 1.3333E-01,
17:09:56.35204888, 1.6000E+00, 1.0867E+01, 1.3333E-01,
17:09:56.35204893, 1.6133E+00, 1.0900E+01, 2.6667E-01,
17:09:56.35204898, 1.5733E+00, 1.0933E+01, 2.6667E-01,
17:09:56.35204903, 1.6000E+00, 1.0867E+01, 0.0000E+00,
17:09:56.35204908, 1.5733E+00, 1.0900E+01, 2.6667E-01,
17:09:56.35204913, 1.5733E+00, 1.0833E+01, 1.3333E-01,
17:09:56.35204918, 1.6133E+00, 1.0767E+01, 0.0000E+00,
17:09:56.35204923, 1.6133E+00, 1.0867E+01, 1.3333E-01,
17:09:56.35204928, 1.6267E+00, 1.0900E+01,-1.3333E-01,
17:09:56.35204933, 1.6267E+00, 1.0867E+01,-1.3333E-01,
17:09:56.35204938, 1.6000E+00, 1.0900E+01, 1.3333E-01,
17:09:56.35204943, 1.6133E+00, 1.0867E+01, 1.3333E-01,
17:09:56.35204948, 1.6000E+00, 1.0900E+01, 2.6667E-01,
17:09:56.35204953, 1.5600E+00, 1.0867E+01, 0.0000E+00,
17:09:56.35204958, 1.6000E+00, 1.0867E+01, 2.6667E-01,
17:09:56.35204963, 1.6000E+00, 1.0900E+01, 0.0000E+00,
17:09:56.35204968, 1.6000E+00, 1.0833E+01, 0.0000E+00,
17:09:56.35204973, 1.6267E+00, 1.0767E+01, 4.0000E-01,
17:09:56.35204978, 1.6000E+00, 1.0867E+01,-4.0000E-01,
17:09:56.35204983, 1.6133E+00, 1.0867E+01, 2.6667E-01,
17:09:56.35204988, 1.6000E+00, 1.0867E+01, 4.0000E-01,
17:09:56.35204993, 1.6000E+00, 1.0867E+01,-1.3333E-01,
17:09:56.35204998, 1.6000E+00, 1.0867E+01,-1.3333E-01,
17:09:56.35205003, 1.6000E+00, 1.0900E+01, 2.6667E-01,
17:09:56.35205008, 1.6133E+00, 1.0767E+01, 0.0000E+00,
17:09:56.35205013, 1.6133E+00, 1.0900E+01, 1.3333E-01,
17:09:56.35205018, 1.6000E+00, 1.0833E+01,-1.3333E-01,
17:09:56.35205023, 1.6000E+00, 1.0867E+01,-1.3333E-01,
17:09:56.35205028, 1.5867E+00, 1.0833E+01,-2.6667E-01,
17:09:56.35205033, 1.6000E+00, 1.0800E+01,-1.3333E-01,
17:09:56.35205038, 1.5733E+00, 1.0900E+01,-2.6667E-01,
17:09:56.35205043, 1.6400E+00, 1.0867E+01,-1.3333E-01,
17:09:56.35205048, 1.6267E+00, 1.0867E+01, 4.0000E-01,
17:09:56.35205053, 1.6000E+00, 1.0833E+01, 4.0000E-01,
17:09:56.35205058, 1.6000E+00, 1.0800E+01, 0.0000E+00,
17:09:56.35205063, 1.6133E+00, 1.0900E+01, 5.3333E-01,
17:09:56.35205068, 1.6000E+00, 1.0900E+01, 0.0000E+00,
17:09:56.35205073, 1.6267E+00, 1.0867E+01, 2.6667E-01,
17:09:56.35205078, 1.6267E+00, 1.0900E+01, 1.3333E-01,
17:09:56.35205083, 1.6000E+00, 1.0933E+01, 0.0000E+00,
17:09:56.35205088, 1.6000E+00, 1.0833E+01, 2.6667E-01,
17:09:56.35205093, 1.6133E+00, 1.0867E+01, 2.6667E-01,
17:09:56.35205098, 1.5867E+00, 1.0867E+01, 4.0000E-01,
17:09:56.35205103, 1.5867E+00, 1.0800E+01, 2.6667E-01,
17:09:56.35205108, 1.5733E+00, 1.0867E+01, 2.6667E-01,
17:09:56.35205113, 1.6000E+00, 1.0867E+01, 1.3333E-01,
17:09:56.35205118, 1.5867E+00, 1.0833E+01, 0.0000E+00,
17:09:56.35205123, 1.6000E+00, 1.0833E+01, 0.0000E+00,
17:09:56.35205128, 1.6133E+00, 1.0900E+01, 1.3333E-01,
17:09:56.35205133, 1.5867E+00, 1.0833E+01, 4.0000E-01,
17:09:56.35205138, 1.6133E+00, 1.0833E+01,-4.0000E-01,
17:09:56.35205143, 1.5867E+00, 1.0867E+01, 0.0000E+00,
17:09:56.35205148, 1.5733E+00, 1.0900E+01, 4.0000E-01,
17:09:56.35205153, 1.5867E+00, 1.0900E+01, 1.3333E-01,
17:09:56.35205158, 1.6000E+00, 1.0833E+01, 4.0000E-01,
17:09:56.35205163, 1.6000E+00, 1.0900E+01, 0.0000E+00,
17:09:56.35205168, 1.5733E+00, 1.0833E+01, 2.6667E-01,
17:09:56.35205173, 1.6000E+00, 1.0867E+01, 0.0000E+00,
17:09:56.35205178, 1.6400E+00, 1.0900E+01, 0.0000E+00,
17:09:56.35205183, 1.6267E+00, 1.0867E+01, 1.3333E-01,
17:09:56.35205188, 1.5867E+00, 1.0900E+01, 0.0000E+00,
17:09:56.35205193, 1.6267E+00, 1.0900E+01,-1.3333E-01,
17:09:56.35205198, 1.5733E+00, 1.0933E+01, 0.0000E+00,
17:09:56.35205203, 1.6267E+00, 1.0867E+01, 2.6667E-01,
17:09:56.35205208, 1.6000E+00, 1.0833E+01, 1.3333E-01,
17:09:56.35205213, 1.6133E+00, 1.0867E+01, 1.3333E-01,
17:09:56.35205218, 1.6000E+00, 1.0867E+01,-2.6667E-01,
17:09:56.35205223, 1.5867E+00, 1.0833E+01,-1.3333E-01,
17:09:56.35205228, 1.6133E+00, 1.0867E+01, 0.0000E+00,
17:09:56.35205233, 1.6133E+00, 1.0767E+01, 2.6667E-01,
17:09:56.35205238, 1.5733E+00, 1.0833E+01, 0.0000E+00,
17:09:56.35205243, 1.5733E+00, 1.0833E+01, 2.6667E-01,
17:09:56.35205248, 1.6000E+00, 1.0900E+01, 0.0000E+00,
17:09:56.35205253, 1.6000E+00, 1.0900E+01, 1.3333E-01,
17:09:56.35205258, 1.6000E+00, 1.0867E+01, 0.0000E+00,
17:09:56.35205263, 1.6000E+00, 1.0833E+01, 2.6667E-01,
17:09:56.35205268, 1.6000E+00, 1.0833E+01,-1.3333E-01,
17:09:56.35205273, 1.6133E+00, 1.0900E+01, 0.0000E+00,
17:09:56.35205278, 1.5867E+00, 1.0867E+01,-2.6667E-01,
17:09:56.35205283, 1.6133E+00, 1.0867E+01,-2.6667E-01,
17:09:56.35205288, 1.5867E+00, 1.0900E+01, 0.0000E+00,
17:09:56.35205293, 1.5867E+00, 1.0867E+01, 1.3333E-01,
17:09:56.35205298, 1.6000E+00, 1.0867E+01, 4.0000E-01,
17:09:56.35205303, 1.5867E+00, 1.0800E+01, 0.0000E+00,
17:09:56.35205308, 1.6267E+00, 1.0867E+01, 1.3333E-01,
17:09:56.35205313, 1.5867E+00, 1.0900E+01, 0.0000E+00,
17:09:56.35205318, 1.6000E+00, 1.0867E+01,-2.6667E-01,
17:09:56.35205323, 1.6267E+00, 1.0833E+01, 0.0000E+00,
17:09:56.35205328, 1.6000E+00, 1.0900E+01, 0.0000E+00,
17:09:56.35205333, 1.6000E+00, 1.0833E+01, 2.6667E-01,
17:09:56.35205338, 1.6133E+00, 1.0800E+01, 1.3333E-01,
17:09:56.35205343, 1.6000E+00, 1.0933E+01, 6.6667E-01,
17:09:56.35205348, 1.5600E+00, 1.0833E+01, 1.3333E-01,
17:09:56.35205353, 1.6133E+00, 1.0900E+01, 1.3333E-01,
17:09:56.35205358, 1.5867E+00, 1.0833E+01, 1.3333E-01,
17:09:56.35205363, 1.6133E+00, 1.0833E+01, 1.3333E-01,
17:09:56.35205368, 1.6133E+00, 1.0833E+01, 4.0000E-01,
17:09:56.35205373, 1.6133E+00, 1.0933E+01, 1.3333E-01,
17:09:56.35205378, 1.6133E+00, 1.0800E+01,-1.3333E-01,
17:09:56.35205383, 1.5600E+00, 1.0867E+01, 2.6667E-01,
17:09:56.35205388, 1.5733E+00, 1.0867E+01, 0.0000E+00,
17:09:56.35205393, 1.5867E+00, 1.0833E+01, 2.6667E-01,
17:09:56.35205398, 1.5600E+00, 1.0900E+01, 2.6667E-01,
17:09:56.35205403, 1.6133E+00, 1.0833E+01, 1.3333E-01,
17:09:56.35205408, 1.6000E+00, 1.0867E+01, 0.0000E+00,
17:09:56.35205413, 1.6133E+00, 1.0933E+01, 1.3333E-01,
17:09:56.35205418, 1.6133E+00, 1.0933E+01,-1.3333E-01,
17:09:56.35205423, 1.6133E+00, 1.0867E+01, 0.0000E+00,
17:09:56.35205428, 1.5733E+00, 1.0867E+01, 1.3333E-01,
17:09:56.35205433, 1.6000E+00, 1.0833E+01, 0.0000E+00,
17:09:56.35205438, 1.6133E+00, 1.0833E+01, 2.6667E-01,
17:09:56.35205443, 1.6400E+00, 1.0867E+01, 4.0000E-01,
17:09:56.35205448, 1.6400E+00, 1.0833E+01, 0.0000E+00,
17:09:56.35205453, 1.5867E+00, 1.0833E+01, 0.0000E+00,
17:09:56.35205458, 1.6000E+00, 1.0900E+01, 2.6667E-01,
17:09:56.35205463, 1.6400E+00, 1.0867E+01, 4.0000E-01,
17:09:56.35205468, 1.6267E+00, 1.0867E+01,-1.3333E-01,
17:09:56.35205473, 1.6000E+00, 1.0933E+01, 4.0000E-01,
17:09:56.35205478, 1.6133E+00, 1.0867E+01, 2.6667E-01,
17:09:56.35205483, 1.5733E+00, 1.0867E+01, 1.3333E-01,
17:09:56.35205488, 1.6133E+00, 1.0867E+01, 1.3333E-01,
17:09:56.35205493, 1.6133E+00, 1.0833E+01, 1.3333E-01,
17:09:56.35205498, 1.6133E+00, 1.0833E+01, 1.3333E-01,
17:09:56.35205503, 1.6000E+00, 1.0900E+01, 1.3333E-01,
17:09:56.35205508, 1.6000E+00, 1.0867E+01,-1.3333E-01,
17:09:56.35205513, 1.6000E+00, 1.0867E+01,-1.3333E-01,
17:09:56.35205518, 1.6000E+00, 1.0933E+01, 1.3333E-01,
17:09:56.35205523, 1.5867E+00, 1.0833E+01, 0.0000E+00,
17:09:56.35205528, 1.5867E+00, 1.0867E+01, 0.0000E+00,
17:09:56.35205533, 1.5733E+00, 1.0867E+01, 2.6667E-01,
17:09:56.35205538, 1.6267E+00, 1.0833E+01, 1.3333E-01,
17:09:56.35205543, 1.6133E+00, 1.0867E+01, 4.0000E-01,
17:09:56.35205548, 1.5867E+00, 1.0833E+01, 0.0000E+00,
17:09:56.35205553, 1.6133E+00, 1.0833E+01, 1.3333E-01,
17:09:56.35205558, 1.6133E+00, 1.0867E+01,-2.6667E-01,
17:09:56.35205563, 1.6133E+00, 1.0833E+01, 2.6667E-01,
17:09:56.35205568, 1.6133E+00, 1.0867E+01,-2.6667E-01,
17:09:56.35205573, 1.5733E+00, 1.0900E+01, 1.3333E-01,
17:09:56.35205578, 1.6000E+00, 1.0833E+01, 4.0000E-01,
17:09:56.35205583, 1.6000E+00, 1.0867E+01, 1.3333E-01,
17:09:56.35205588, 1.6000E+00, 1.0800E+01, 4.0000E-01,
17:09:56.35205593, 1.5867E+00, 1.0833E+01, 1.3333E-01,
17:09:56.35205598, 1.6133E+00, 1.0800E+01, 1.3333E-01,
17:09:56.35205603, 1.6267E+00, 1.0867E+01, 1.3333E-01,
17:09:56.35205608, 1.6133E+00, 1.0867E+01,-1.3333E-01,
17:09:56.35205613, 1.6267E+00, 1.0767E+01, 0.0000E+00,
17:09:56.35205618, 1.5600E+00, 1.0833E+01, 0.0000E+00,
17:09:56.35205623, 1.6133E+00, 1.0933E+01, 2.6667E-01,
17:09:56.35205628, 1.5867E+00, 1.0967E+01, 1.3333E-01,
17:09:56.35205633, 1.6133E+00, 1.0867E+01, 0.0000E+00,
17:09:56.35205638, 1.5867E+00, 1.0900E+01, 4.0000E-01,
17:09:56.35205643, 1.5600E+00, 1.0800E+01,-1.3333E-01,
17:09:56.35205648, 1.6133E+00, 1.0900E+01, 0.0000E+00,
17:09:56.35205653, 1.6133E+00, 1.0833E+01, 0.0000E+00,
17:09:56.35205658, 1.6267E+00, 1.0900E+01,-1.3333E-01,
17:09:56.35205663, 1.6133E+00, 1.0900E+01, 0.0000E+00,
17:09:56.35205668, 1.6000E+00, 1.0867E+01, 4.0000E-01,
17:09:56.35205673, 1.6000E+00, 1.0833E+01, 2.6667E-01,
17:09:56.35205678, 1.5867E+00, 1.0867E+01, 0.0000E+00,
17:09:56.35205683, 1.5867E+00, 1.0867E+01, 0.0000E+00,
17:09:56.35205688, 1.6133E+00, 1.0833E+01, 1.3333E-01,
17:09:56.35205693, 1.6000E+00, 1.0900E+01, 2.6667E-01,
17:09:56.35205698, 1.6133E+00, 1.0867E+01,-1.3333E-01,
17:09:56.35205703, 1.6000E+00, 1.0800E+01,-1.3333E-01,
17:09:56.35205708, 1.6000E+00, 1.0867E+01,-1.3333E-01,
17:09:56.35205713, 1.6133E+00, 1.0900E+01, 1.3333E-01,
17:09:56.35205718, 1.6267E+00, 1.0833E+01, 0.0000E+00,
17:09:56.35205723, 1.5867E+00, 1.0800E+01,-1.3333E-01,
17:09:56.35205728, 1.6133E+00, 1.0867E+01,-2.6667E-01,
17:09:56.35205733, 1.5867E+00, 1.0833E+01, 4.0000E-01,
17:09:56.35205738, 1.5733E+00, 1.0800E+01, 1.3333E-01,
17:09:56.35205743, 1.6000E+00, 1.0800E+01, 5.3333E-01,
17:09:56.35205748, 1.5867E+00, 1.0833E+01, 1.3333E-01,
17:09:56.35205753, 1.6000E+00, 1.0833E+01, 0.0000E+00,
17:09:56.35205758, 1.6267E+00, 1.0833E+01,-1.3333E-01,
17:09:56.35205763, 1.5867E+00, 1.0833E+01, 1.3333E-01,
17:09:56.35205768, 1.5867E+00, 1.0767E+01,-2.6667E-01,
17:09:56.35205773, 1.5867E+00, 1.0867E+01, 0.0000E+00,
17:09:56.35205778, 1.6000E+00, 1.0867E+01, 0.0000E+00,
17:09:56.35205783, 1.6000E+00, 1.0833E+01, 1.3333E-01,
17:09:56.35205788, 1.6000E+00, 1.0867E+01, 0.0000E+00,
17:09:56.35205793, 1.5733E+00, 1.0867E+01, 2.6667E-01,
17:09:56.35205798, 1.6000E+00, 1.0867E+01,-1.3333E-01,
17:09:56.35205803, 1.6133E+00, 1.0867E+01, 0.0000E+00,
17:09:56.35205808, 1.6133E+00, 1.0867E+01, 0.0000E+00,
17:09:56.35205813, 1.6267E+00, 1.0967E+01, 0.0000E+00,
17:09:56.35205818, 1.6133E+00, 1.0900E+01, 4.0000E-01,
17:09:56.35205823, 1.6000E+00, 1.0967E+01, 2.6667E-01,
17:09:56.35205828, 1.6000E+00, 1.0867E+01, 1.3333E-01,
17:09:56.35205833, 1.6000E+00, 1.0900E+01, 4.0000E-01,
17:09:56.35205838, 1.6267E+00, 1.0833E+01, 1.3333E-01,
17:09:56.35205843, 1.6133E+00, 1.0833E+01, 0.0000E+00,
17:09:56.35205848, 1.6000E+00, 1.0833E+01, 2.6667E-01,
17:09:56.35205853, 1.6133E+00, 1.0833E+01, 2.6667E-01,
17:09:56.35205858, 1.6000E+00, 1.0900E+01, 0.0000E+00,
17:09:56.35205863, 1.6133E+00, 1.0900E+01, 0.0000E+00,
17:09:56.35205868, 1.5733E+00, 1.0867E+01, 0.0000E+00,
17:09:56.35205873, 1.5733E+00, 1.0833E+01, 4.0000E-01,
17:09:56.35205878, 1.6000E+00, 1.0867E+01, 0.0000E+00,
17:09:56.35205883, 1.6133E+00, 1.0833E+01, 0.0000E+00,
17:09:56.35205888, 1.6000E+00, 1.0833E+01, 0.0000E+00,
17:09:56.35205893, 1.6400E+00, 1.0767E+01, 1.3333E-01,
17:09:56.35205898, 1.6267E+00, 1.0833E+01, 2.6667E-01,
17:09:56.35205903, 1.5867E+00, 1.0900E+01, 0.0000E+00,
17:09:56.35205908, 1.5867E+00, 1.0867E+01, 2.6667E-01,
17:09:56.35205913, 1.6133E+00, 1.0867E+01, 1.3333E-01,
17:09:56.35205918, 1.6000E+00, 1.0800E+01, 0.0000E+00,
17:09:56.35205923, 1.6133E+00, 1.0800E+01, 1.3333E-01,
17:09:56.35205928, 1.5867E+00, 1.0867E+01, 2.6667E-01,
17:09:56.35205933, 1.6133E+00, 1.0767E+01,-1.3333E-01,
17:09:56.35205938, 1.6133E+00, 1.0900E+01, 2.6667E-01,
17:09:56.35205943, 1.6267E+00, 1.0867E+01,-1.3333E-01,
17:09:56.35205948, 1.6000E+00, 1.0833E+01, 0.0000E+00,
17:09:56.35205953, 1.6000E+00, 1.0833E+01,-1.3333E-01,
17:09:56.35205958, 1.6133E+00, 1.0833E+01, 1.3333E-01,
17:09:56.35205963, 1.5867E+00, 1.0833E+01, 2.6667E-01,
17:09:56.35205968, 1.6000E+00, 1.0867E+01,-1.3333E-01,
17:09:56.35205973, 1.6133E+00, 1.0867E+01, 5.3333E-01,
17:09:56.35205978, 1.5600E+00, 1.0900E+01, 1.3333E-01,
17:09:56.35205983, 1.5600E+00, 1.0833E+01, 2.6667E-01,
17:09:56.35205988, 1.5867E+00, 1.0833E+01, 0.0000E+00,
17:09:56.35205993, 1.6000E+00, 1.0900E+01, 4.0000E-01,
17:09:56.35205998, 1.6000E+00, 1.0833E+01,-1.3333E-01,
17:09:56.35206003, 1.6000E+00, 1.0867E+01, 4.0000E-01,
17:09:56.35206008, 1.6000E+00, 1.0867E+01, 4.0000E-01,
17:09:56.35206013, 1.6000E+00, 1.0800E+01, 1.3333E-01,
17:09:56.35206018, 1.6133E+00, 1.0833E+01, 5.3333E-01,
17:09:56.35206023, 1.6267E+00, 1.0867E+01, 2.6667E-01,
17:09:56.35206028, 1.6000E+00, 1.0867E+01,-2.6667E-01,
17:09:56.35206033, 1.5867E+00, 1.0867E+01, 5.3333E-01,
17:09:56.35206038, 1.6000E+00, 1.0933E+01, 2.6667E-01,
17:09:56.35206043, 1.6133E+00, 1.0867E+01, 0.0000E+00,
17:09:56.35206048, 1.6000E+00, 1.0867E+01, 2.6667E-01,
17:09:56.35206053, 1.5733E+00, 1.0800E+01, 1.3333E-01,
17:09:56.35206058, 1.6000E+00, 1.0867E+01, 4.0000E-01,
17:09:56.35206063, 1.5867E+00, 1.0867E+01, 1.3333E-01,
17:09:56.35206068, 1.6000E+00, 1.0800E+01, 2.6667E-01,
17:09:56.35206073, 1.6133E+00, 1.0867E+01, 2.6667E-01,
17:09:56.35206078, 1.6000E+00, 1.0833E+01, 1.3333E-01,
17:09:56.35206083, 1.6133E+00, 1.0867E+01, 1.3333E-01,
17:09:56.35206088, 1.6133E+00, 1.0867E+01, 2.6667E-01,
17:09:56.35206093, 1.6267E+00, 1.0833E+01, 0.0000E+00,
17:09:56.35206098, 1.6000E+00, 1.0800E+01, 1.3333E-01,
17:09:56.35206103, 1.5867E+00, 1.0867E+01, 0.0000E+00,
17:09:56.35206108, 1.6133E+00, 1.0900E+01, 1.3333E-01,
17:09:56.35206113, 1.5733E+00, 1.0867E+01, 2.6667E-01,
17:09:56.35206118, 1.6133E+00, 1.0867E+01, 1.3333E-01,
17:09:56.35206123, 1.6000E+00, 1.0867E+01, 2.6667E-01,
17:09:56.35206128, 1.6000E+00, 1.0767E+01, 2.6667E-01,
17:09:56.35206133, 1.5867E+00, 1.0833E+01, 2.6667E-01,
17:09:56.35206138, 1.6000E+00, 1.0867E+01, 0.0000E+00,
17:09:56.35206143, 1.5733E+00, 1.0833E+01,-1.3333E-01,
17:09:56.35206148, 1.6000E+00, 1.0867E+01,-1.3333E-01,
17:09:56.35206153, 1.5867E+00, 1.0800E+01, 2.6667E-01,
17:09:56.35206158, 1.6000E+00, 1.0833E+01, 0.0000E+00,
17:09:56.35206163, 1.6000E+00, 1.0833E+01, 2.6667E-01,
17:09:56.35206168, 1.5867E+00, 1.0867E+01, 0.0000E+00,
17:09:56.35206173, 1.6133E+00, 1.0833E+01, 1.3333E-01,
17:09:56.35206178, 1.6133E+00, 1.0900E+01, 1.3333E-01,
17:09:56.35206183, 1.6133E+00, 1.0900E+01, 0.0000E+00,
17:09:56.35206188, 1.5733E+00, 1.0867E+01, 0.0000E+00,
17:09:56.35206193, 1.5867E+00, 1.0900E+01,-1.3333E-01,
17:09:56.35206198, 1.5867E+00, 1.0867E+01,-1.3333E-01,
17:09:56.35206203, 1.5600E+00, 1.0933E+01, 1.3333E-01,
17:09:56.35206208, 1.5733E+00, 1.0900E+01, 1.3333E-01,
17:09:56.35206213, 1.5867E+00, 1.0867E+01, 2.6667E-01,
17:09:56.35206218, 1.6133E+00, 1.0833E+01, 2.6667E-01,
17:09:56.35206223, 1.6000E+00, 1.0833E+01, 2.6667E-01,
17:09:56.35206228, 1.6267E+00, 1.0867E+01, 2.6667E-01,
17:09:56.35206233, 1.6133E+00, 1.0867E+01, 0.0000E+00,
17:09:56.35206238, 1.6000E+00, 1.0900E+01,-1.3333E-01,
17:09:56.35206243, 1.6000E+00, 1.0867E+01, 1.3333E-01,
17:09:56.35206248, 1.6133E+00, 1.0867E+01, 5.3333E-01,
17:09:56.35206253, 1.6133E+00, 1.0767E+01, 1.3333E-01,
17:09:56.35206258, 1.6133E+00, 1.0933E+01, 2.6667E-01,
17:09:56.35206263, 1.6133E+00, 1.0867E+01, 0.0000E+00,
17:09:56.35206268, 1.6000E+00, 1.0867E+01, 0.0000E+00,
17:09:56.35206273, 1.6267E+00, 1.0833E+01, 0.0000E+00,
17:09:56.35206278, 1.6133E+00, 1.0867E+01,-1.3333E-01,
17:09:56.35206283, 1.5867E+00, 1.0900E+01, 0.0000E+00,
17:09:56.35206288, 1.6133E+00, 1.0833E+01, 1.3333E-01,
17:09:56.35206293, 1.6000E+00, 1.0833E+01, 2.6667E-01,
17:09:56.35206298, 1.5867E+00, 1.0867E+01, 0.0000E+00,
17:09:56.35206303, 1.6000E+00, 1.0900E+01, 5.3333E-01,
17:09:56.35206308, 1.6133E+00, 1.0767E+01, 0.0000E+00,
17:09:56.35206313, 1.6000E+00, 1.0833E+01, 2.6667E-01,
17:09:56.35206318, 1.6133E+00, 1.0867E+01, 1.3333E-01,
17:09:56.35206323, 1.6000E+00, 1.0867E+01, 1.3333E-01,
17:09:56.35206328, 1.6133E+00, 1.0833E+01, 1.3333E-01,
17:09:56.35206333, 1.6133E+00, 1.0900E+01, 1.3333E-01,
17:09:56.35206338, 1.6000E+00, 1.0833E+01, 2.6667E-01,
17:09:56.35206343, 1.5467E+00, 1.0833E+01, 0.0000E+00,
17:09:56.35206348, 1.6000E+00, 1.0867E+01, 0.0000E+00,
17:09:56.35206353, 1.6267E+00, 1.0867E+01, 4.0000E-01,
17:09:56.35206358, 1.6000E+00, 1.0867E+01, 0.0000E+00,
17:09:56.35206363, 1.5867E+00, 1.0867E+01, 1.3333E-01,
17:09:56.35206368, 1.6000E+00, 1.0833E+01, 4.0000E-01,
17:09:56.35206373, 1.6267E+00, 1.0800E+01, 1.3333E-01,
17:09:56.35206378, 1.6000E+00, 1.0867E+01, 4.0000E-01,
17:09:56.35206383, 1.5733E+00, 1.0867E+01, 1.3333E-01,
17:09:56.35206388, 1.6000E+00, 1.0833E+01, 2.6667E-01,
17:09:56.35206393, 1.6000E+00, 1.0833E+01, 1.3333E-01,
17:09:56.35206398, 1.6133E+00, 1.0800E+01, 0.0000E+00,
17:09:56.35206403, 1.6000E+00, 1.0833E+01, 1.3333E-01,
17:09:56.35206408, 1.5867E+00, 1.0833E+01, 4.0000E-01,
17:09:56.35206413, 1.6000E+00, 1.0867E+01, 0.0000E+00,
17:09:56.35206418, 1.6000E+00, 1.0800E+01, 4.0000E-01,
17:09:56.35206423, 1.6000E+00, 1.0900E+01, 0.0000E+00,
17:09:56.35206428, 1.5867E+00, 1.0900E+01,-1.3333E-01,
17:09:56.35206433, 1.5867E+00, 1.0867E+01, 0.0000E+00,
17:09:56.35206438, 1.6133E+00, 1.0900E+01,-2.6667E-01,
17:09:56.35206443, 1.5733E+00, 1.0867E+01, 1.3333E-01,
17:09:56.35206448, 1.5867E+00, 1.0900E+01, 4.0000E-01,
17:09:56.35206453, 1.5867E+00, 1.0800E+01, 1.3333E-01,
17:09:56.35206458, 1.6000E+00, 1.0900E+01, 1.3333E-01,
17:09:56.35206463, 1.5867E+00, 1.0867E+01,-1.3333E-01,
17:09:56.35206468, 1.6267E+00, 1.0900E+01, 1.3333E-01,
17:09:56.35206473, 1.6267E+00, 1.0867E+01,-1.3333E-01,
17:09:56.35206478, 1.5733E+00, 1.0833E+01, 2.6667E-01,
17:09:56.35206483, 1.5600E+00, 1.0767E+01, 0.0000E+00,
17:09:56.35206488, 1.5867E+00, 1.0867E+01,-2.6667E-01,
17:09:56.35206493, 1.5867E+00, 1.0867E+01,-1.3333E-01,
17:09:56.35206498, 1.6000E+00, 1.0867E+01, 4.0000E-01,
17:09:56.35206503, 1.6000E+00, 1.0867E+01, 1.3333E-01,
17:09:56.35206508, 1.6000E+00, 1.0867E+01, 2.6667E-01,
17:09:56.35206513, 1.6133E+00, 1.1000E+01, 0.0000E+00,
17:09:56.35206518, 1.6267E+00, 1.0833E+01,-1.3333E-01,
17:09:56.35206523, 1.6000E+00, 1.0833E+01, 1.3333E-01,
17:09:56.35206528, 1.6400E+00, 1.0800E+01, 1.3333E-01,
17:09:56.35206533, 1.6133E+00, 1.0833E+01, 1.3333E-01,
17:09:56.35206538, 1.5467E+00, 1.0833E+01, 4.0000E-01,
17:09:56.35206543, 1.6000E+00, 1.0867E+01, 2.6667E-01,
17:09:56.35206548, 1.5867E+00, 1.0867E+01, 1.3333E-01,
17:09:56.35206553, 1.6133E+00, 1.0867E+01, 1.3333E-01,
17:09:56.35206558, 1.5867E+00, 1.0833E+01, 1.3333E-01,
17:09:56.35206563, 1.6000E+00, 1.0900E+01, 2.6667E-01,
17:09:56.35206568, 1.6267E+00, 1.0867E+01, 4.0000E-01,
17:09:56.35206573, 1.6133E+00, 1.0833E+01, 0.0000E+00,
17:09:56.35206578, 1.6133E+00, 1.0867E+01,-2.6667E-01,
17:09:56.35206583, 1.6133E+00, 1.0867E+01, 2.6667E-01,
17:09:56.35206588, 1.5733E+00, 1.0800E+01, 2.6667E-01,
17:09:56.35206593, 1.6267E+00, 1.0833E+01, 0.0000E+00,
17:09:56.35206598, 1.6133E+00, 1.0900E+01, 0.0000E+00,
17:09:56.35206603, 1.6133E+00, 1.0800E+01, 5.3333E-01,
17:09:56.35206608, 1.6133E+00, 1.0800E+01, 0.0000E+00,
17:09:56.35206613, 1.6267E+00, 1.0867E+01, 0.0000E+00,
17:09:56.35206618, 1.5867E+00, 1.0900E+01, 0.0000E+00,
17:09:56.35206623, 1.5867E+00, 1.0867E+01, 4.0000E-01,
17:09:56.35206628, 1.6000E+00, 1.0867E+01, 0.0000E+00,
17:09:56.35206633, 1.6133E+00, 1.0933E+01, 0.0000E+00,
17:09:56.35206638, 1.6267E+00, 1.0867E+01, 4.0000E-01,
17:09:56.35206643, 1.6000E+00, 1.0800E+01, 2.6667E-01,
17:09:56.35206648, 1.6000E+00, 1.0867E+01, 2.6667E-01,
17:09:56.35206653, 1.6400E+00, 1.0900E+01, 5.3333E-01,
17:09:56.35206658, 1.6133E+00, 1.0867E+01, 6.6667E-01,
17:09:56.35206663, 1.5867E+00, 1.0900E+01,-1.3333E-01,
17:09:56.35206668, 1.5867E+00, 1.0933E+01, 2.6667E-01,
17:09:56.35206673, 1.6000E+00, 1.0867E+01, 1.3333E-01,
17:09:56.35206678, 1.5867E+00, 1.0833E+01,-2.6667E-01,
17:09:56.35206683, 1.6000E+00, 1.0867E+01, 1.3333E-01,
17:09:56.35206688, 1.6000E+00, 1.0833E+01, 1.3333E-01,
17:09:56.35206693, 1.5600E+00, 1.0833E+01, 1.3333E-01,
17:09:56.35206698, 1.6267E+00, 1.0800E+01, 1.3333E-01,
17:09:56.35206703, 1.6000E+00, 1.0800E+01, 2.6667E-01,
17:09:56.35206708, 1.6533E+00, 1.0867E+01, 0.0000E+00,
17:09:56.35206713, 1.6000E+00, 1.0833E+01,-1.3333E-01,
17:09:56.35206718, 1.6000E+00, 1.0900E+01, 0.0000E+00,
17:09:56.35206723, 1.6000E+00, 1.0833E+01, 0.0000E+00,
17:09:56.35206728, 1.6000E+00, 1.0833E+01, 1.3333E-01,
17:09:56.35206733, 1.5867E+00, 1.0767E+01,-1.3333E-01,
17:09:56.35206738, 1.6000E+00, 1.0867E+01, 1.3333E-01,
17:09:56.35206743, 1.6400E+00, 1.0833E+01,-1.3333E-01,
17:09:56.35206748, 1.6133E+00, 1.0833E+01, 1.3333E-01,
17:09:56.35206753, 1.6267E+00, 1.0900E+01, 2.6667E-01,
17:09:56.35206758, 1.6000E+00, 1.0900E+01, 0.0000E+00,
17:09:56.35206763, 1.6133E+00, 1.0833E+01, 0.0000E+00,
17:09:56.35206768, 1.6000E+00, 1.0833E+01, 1.3333E-01,
17:09:56.35206773, 1.5733E+00, 1.0867E+01, 2.6667E-01,
17:09:56.35206778, 1.6000E+00, 1.0800E+01, 1.3333E-01,
17:09:56.35206783, 1.5733E+00, 1.0900E+01, 2.6667E-01,
17:09:56.35206788, 1.6000E+00, 1.0900E+01, 2.6667E-01,
17:09:56.35206793, 1.5867E+00, 1.0867E+01, 4.0000E-01,
17:09:56.35206798, 1.6133E+00, 1.0833E+01, 2.6667E-01,
17:09:56.35206803, 1.6267E+00, 1.0900E+01, 2.6667E-01,
17:09:56.35206808, 1.6000E+00, 1.0833E+01, 4.0000E-01,
17:09:56.35206813, 1.6000E+00, 1.0867E+01, 0.0000E+00,
17:09:56.35206818, 1.5733E+00, 1.0800E+01, 2.6667E-01,
17:09:56.35206823, 1.5733E+00, 1.0833E+01,-2.6667E-01,
17:09:56.35206828, 1.5867E+00, 1.0867E+01, 1.3333E-01,
17:09:56.35206833, 1.6000E+00, 1.0867E+01, 1.3333E-01,
17:09:56.35206838, 1.6133E+00, 1.0900E+01, 4.0000E-01,
17:09:56.35206843, 1.5867E+00, 1.0900E+01, 0.0000E+00,
17:09:56.35206848, 1.6133E+00, 1.0933E+01, 0.0000E+00,
17:09:56.35206853, 1.6133E+00, 1.0900E+01, 5.3333E-01,
17:09:56.35206858, 1.6267E+00, 1.0833E+01, 2.6667E-01,
17:09:56.35206863, 1.6000E+00, 1.0867E+01, 5.3333E-01,
17:09:56.35206868, 1.5867E+00, 1.0800E+01, 4.0000E-01,
17:09:56.35206873, 1.5600E+00, 1.0800E+01, 0.0000E+00,
17:09:56.35206878, 1.6133E+00, 1.0867E+01,-1.3333E-01,
17:09:56.35206883, 1.6000E+00, 1.0867E+01, 1.3333E-01,
17:09:56.35206888, 1.6133E+00, 1.0833E+01, 1.3333E-01,
17:09:56.35206893, 1.5867E+00, 1.0833E+01, 0.0000E+00,
17:09:56.35206898, 1.5733E+00, 1.0900E+01, 1.3333E-01,
17:09:56.35206903, 1.6267E+00, 1.0933E+01, 0.0000E+00,
17:09:56.35206908, 1.5600E+00, 1.0800E+01, 2.6667E-01,
17:09:56.35206913, 1.6133E+00, 1.0833E+01, 0.0000E+00,
17:09:56.35206918, 1.5867E+00, 1.0833E+01, 1.3333E-01,
17:09:56.35206923, 1.6133E+00, 1.0867E+01, 0.0000E+00,
17:09:56.35206928, 1.6000E+00, 1.0800E+01,-1.3333E-01,
17:09:56.35206933, 1.6000E+00, 1.0867E+01, 1.3333E-01,
17:09:56.35206938, 1.6133E+00, 1.0833E+01, 1.3333E-01,
17:09:56.35206943, 1.5733E+00, 1.0900E+01, 1.3333E-01,
17:09:56.35206948, 1.6133E+00, 1.0900E+01, 4.0000E-01,
17:09:56.35206953, 1.6133E+00, 1.0867E+01, 0.0000E+00,
17:09:56.35206958, 1.6133E+00, 1.0833E+01, 1.3333E-01,
17:09:56.35206963, 1.6133E+00, 1.0833E+01,-1.3333E-01,
17:09:56.35206968, 1.6267E+00, 1.0800E+01, 0.0000E+00,
17:09:56.35206973, 1.5733E+00, 1.0867E+01, 2.6667E-01,
17:09:56.35206978, 1.6133E+00, 1.0833E+01, 0.0000E+00,
17:09:56.35206983, 1.6000E+00, 1.0867E+01, 2.6667E-01,
17:09:56.35206988, 1.6133E+00, 1.0767E+01, 4.0000E-01,
17:09:56.35206993, 1.6267E+00, 1.0900E+01, 4.0000E-01,
17:09:56.35206998, 1.6133E+00, 1.0900E+01, 2.6667E-01,
17:09:56.35207003, 1.6133E+00, 1.0833E+01, 2.6667E-01,
17:09:56.35207008, 1.6133E+00, 1.0900E+01, 0.0000E+00,
17:09:56.35207013, 1.5733E+00, 1.0867E+01, 2.6667E-01,
17:09:56.35207018, 1.5867E+00, 1.0867E+01, 1.3333E-01,
17:09:56.35207023, 1.5867E+00, 1.0867E+01, 1.3333E-01,
17:09:56.35207028, 1.6133E+00, 1.0833E+01, 1.3333E-01,
17:09:56.35207033, 1.6000E+00, 1.0933E+01, 0.0000E+00,
17:09:56.35207038, 1.6000E+00, 1.0933E+01, 1.3333E-01,
17:09:56.35207043, 1.6267E+00, 1.0900E+01, 5.3333E-01,
17:09:56.35207048, 1.6400E+00, 1.0833E+01, 5.3333E-01,
17:09:56.35207053, 1.5733E+00, 1.0867E+01, 0.0000E+00,
17:09:56.35207058, 1.5867E+00, 1.0900E+01, 0.0000E+00,
17:09:56.35207063, 1.5733E+00, 1.0933E+01, 2.6667E-01,
17:09:56.35207068, 1.5600E+00, 1.0900E+01, 2.6667E-01,
17:09:56.35207073, 1.5867E+00, 1.0900E+01, 1.3333E-01,
17:09:56.35207078, 1.6000E+00, 1.0867E+01, 0.0000E+00,
17:09:56.35207083, 1.6133E+00, 1.0833E+01, 4.0000E-01,
17:09:56.35207088, 1.6133E+00, 1.0867E+01, 2.6667E-01,
17:09:56.35207093, 1.6400E+00, 1.0900E+01, 1.3333E-01,
17:09:56.35207098, 1.6133E+00, 1.0867E+01, 1.3333E-01,
17:09:56.35207103, 1.6400E+00, 1.0900E+01,-1.3333E-01,
17:09:56.35207108, 1.6000E+00, 1.0833E+01, 1.3333E-01,
17:09:56.35207113, 1.5733E+00, 1.0867E+01, 1.3333E-01,
17:09:56.35207118, 1.6000E+00, 1.0833E+01, 1.3333E-01,
17:09:56.35207123, 1.5867E+00, 1.0800E+01,-1.3333E-01,
17:09:56.35207128, 1.6133E+00, 1.0900E+01, 0.0000E+00,
17:09:56.35207133, 1.6133E+00, 1.0867E+01, 0.0000E+00,
17:09:56.35207138, 1.6133E+00, 1.0833E+01, 0.0000E+00,
17:09:56.35207143, 1.5867E+00, 1.0867E+01, 2.6667E-01,
17:09:56.35207148, 1.6000E+00, 1.0833E+01, 0.0000E+00,
17:09:56.35207153, 1.5733E+00, 1.0833E+01, 1.3333E-01,
17:09:56.35207158, 1.5867E+00, 1.0833E+01, 2.6667E-01,
17:09:56.35207163, 1.5867E+00, 1.0867E+01, 0.0000E+00,
17:09:56.35207168, 1.6133E+00, 1.0833E+01, 1.3333E-01,
17:09:56.35207173, 1.5867E+00, 1.0800E+01, 2.6667E-01,
17:09:56.35207178, 1.5867E+00, 1.0800E+01,-1.3333E-01,
17:09:56.35207183, 1.6133E+00, 1.0833E+01, 4.0000E-01,
17:09:56.35207188, 1.6267E+00, 1.0833E+01,-2.6667E-01,
17:09:56.35207193, 1.6000E+00, 1.0867E+01,-1.3333E-01,
17:09:56.35207198, 1.6000E+00, 1.0800E+01, 1.3333E-01,
17:09:56.35207203, 1.6133E+00, 1.0833E+01, 2.6667E-01,
17:09:56.35207208, 1.5867E+00, 1.0833E+01,-4.0000E-01,
17:09:56.35207213, 1.5600E+00, 1.0800E+01, 1.3333E-01,
17:09:56.35207218, 1.6133E+00, 1.0867E+01, 2.6667E-01,
17:09:56.35207223, 1.5733E+00, 1.0867E+01, 1.3333E-01,
17:09:56.35207228, 1.6133E+00, 1.0833E+01, 1.3333E-01,
17:09:56.35207233, 1.6133E+00, 1.0900E+01,-4.0000E-01,
17:09:56.35207238, 1.6000E+00, 1.0833E+01, 2.6667E-01,
17:09:56.35207243, 1.6000E+00, 1.0900E+01,-1.3333E-01,
17:09:56.35207248, 1.6400E+00, 1.0867E+01, 0.0000E+00,
17:09:56.35207253, 1.6000E+00, 1.0800E+01, 2.6667E-01,
17:09:56.35207258, 1.5733E+00, 1.0833E+01, 1.3333E-01,
17:09:56.35207263, 1.6000E+00, 1.0900E+01,-1.3333E-01,
17:09:56.35207268, 1.5867E+00, 1.0867E+01,-2.6667E-01,
17:09:56.35207273, 1.5733E+00, 1.0833E+01, 1.3333E-01,
17:09:56.35207278, 1.6000E+00, 1.0933E+01, 0.0000E+00,
17:09:56.35207283, 1.6000E+00, 1.0900E+01, 1.3333E-01,
17:09:56.35207288, 1.5867E+00, 1.0833E+01, 4.0000E-01,
17:09:56.35207293, 1.6267E+00, 1.0800E+01, 4.0000E-01,
17:09:56.35207298, 1.5867E+00, 1.0867E+01, 1.3333E-01,
17:09:56.35207303, 1.6000E+00, 1.0833E+01, 4.0000E-01,
17:09:56.35207308, 1.5867E+00, 1.0867E+01,-1.3333E-01,
17:09:56.35207313, 1.6000E+00, 1.0800E+01, 0.0000E+00,
17:09:56.35207318, 1.5600E+00, 1.0933E+01, 1.3333E-01,
17:09:56.35207323, 1.6133E+00, 1.0833E+01,-1.3333E-01,
17:09:56.35207328, 1.6000E+00, 1.0800E+01, 2.6667E-01,
17:09:56.35207333, 1.5867E+00, 1.0833E+01, 2.6667E-01,
17:09:56.35207338, 1.6267E+00, 1.0833E+01, 2.6667E-01,
17:09:56.35207343, 1.5867E+00, 1.0867E+01, 1.3333E-01,
17:09:56.35207348, 1.6000E+00, 1.0833E+01, 1.3333E-01,
17:09:56.35207353, 1.6000E+00, 1.0800E+01, 4.0000E-01,
17:09:56.35207358, 1.6133E+00, 1.0867E+01,-1.3333E-01,
17:09:56.35207363, 1.5867E+00, 1.0867E+01, 2.6667E-01,
17:09:56.35207368, 1.5867E+00, 1.0833E+01, 2.6667E-01,
17:09:56.35207373, 1.6133E+00, 1.0900E+01, 1.3333E-01,
17:09:56.35207378, 1.5867E+00, 1.0767E+01, 0.0000E+00,
17:09:56.35207383, 1.6267E+00, 1.0867E+01, 4.0000E-01,
17:09:56.35207388, 1.5867E+00, 1.0833E+01, 0.0000E+00,
17:09:56.35207393, 1.6133E+00, 1.0867E+01,-1.3333E-01,
17:09:56.35207398, 1.5600E+00, 1.0800E+01, 5.3333E-01,
17:09:56.35207403, 1.5733E+00, 1.0867E+01, 1.3333E-01,
17:09:56.35207408, 1.5733E+00, 1.0867E+01, 0.0000E+00,
17:09:56.35207413, 1.6000E+00, 1.0867E+01, 1.3333E-01,
17:09:56.35207418, 1.5867E+00, 1.0900E+01,-1.3333E-01,
17:09:56.35207423, 1.5733E+00, 1.0900E+01, 1.3333E-01,
17:09:56.35207428, 1.5867E+00, 1.0800E+01, 1.3333E-01,
17:09:56.35207433, 1.6000E+00, 1.0833E+01,-1.3333E-01,
17:09:56.35207438, 1.6133E+00, 1.0900E+01, 0.0000E+00,
17:09:56.35207443, 1.6000E+00, 1.0867E+01, 2.6667E-01,
17:09:56.35207448, 1.5733E+00, 1.0867E+01, 4.0000E-01,
17:09:56.35207453, 1.6267E+00, 1.0867E+01, 1.3333E-01,
17:09:56.35207458, 1.5867E+00, 1.0867E+01, 2.6667E-01,
17:09:56.35207463, 1.6133E+00, 1.0867E+01, 1.3333E-01,
17:09:56.35207468, 1.6133E+00, 1.0767E+01, 5.3333E-01,
17:09:56.35207473, 1.5867E+00, 1.0900E+01, 1.3333E-01,
17:09:56.35207478, 1.6267E+00, 1.0867E+01, 4.0000E-01,
17:09:56.35207483, 1.6000E+00, 1.0933E+01, 2.6667E-01,
17:09:56.35207488, 1.6267E+00, 1.0833E+01, 0.0000E+00,
17:09:56.35207493, 1.5733E+00, 1.0833E+01, 4.0000E-01,
17:09:56.35207498, 1.6267E+00, 1.0900E+01, 0.0000E+00,
17:09:56.35207503, 1.6000E+00, 1.0867E+01, 2.6667E-01,
17:09:56.35207508, 1.6133E+00, 1.0867E+01,-1.3333E-01,
17:09:56.35207513, 1.6533E+00, 1.0867E+01, 0.0000E+00,
17:09:56.35207518, 1.6400E+00, 1.0833E+01, 1.3333E-01,
17:09:56.35207523, 1.5867E+00, 1.0900E+01, 0.0000E+00,
17:09:56.35207528, 1.6133E+00, 1.0867E+01, 2.6667E-01,
17:09:56.35207533, 1.6267E+00, 1.0867E+01, 0.0000E+00,
17:09:56.35207538, 1.6000E+00, 1.0867E+01, 1.3333E-01,
17:09:56.35207543, 1.6133E+00, 1.0900E+01, 2.6667E-01,
17:09:56.35207548, 1.5733E+00, 1.0900E+01, 1.3333E-01,
17:09:56.35207553, 1.5733E+00, 1.0967E+01, 4.0000E-01,
17:09:56.35207558, 1.6000E+00, 1.0933E+01, 2.6667E-01,
17:09:56.35207563, 1.6133E+00, 1.0767E+01, 4.0000E-01,
17:09:56.35207568, 1.5733E+00, 1.0800E+01,-1.3333E-01,
17:09:56.35207573, 1.6133E+00, 1.0867E+01,-1.3333E-01,
17:09:56.35207578, 1.6133E+00, 1.0833E+01, 5.3333E-01,
17:09:56.35207583, 1.6000E+00, 1.0900E+01,-1.3333E-01,
17:09:56.35207588, 1.6000E+00, 1.0767E+01, 1.3333E-01,
17:09:56.35207593, 1.6000E+00, 1.0767E+01, 1.3333E-01,
17:09:56.35207598, 1.6000E+00, 1.0833E+01, 1.3333E-01,
17:09:56.35207603, 1.6000E+00, 1.0900E+01, 0.0000E+00,
17:09:56.35207608, 1.5867E+00, 1.0800E+01, 0.0000E+00,
17:09:56.35207613, 1.6000E+00, 1.0867E+01,-1.3333E-01,
17:09:56.35207618, 1.6133E+00, 1.0867E+01,-2.6667E-01,
17:09:56.35207623, 1.6000E+00, 1.0833E+01,-1.3333E-01,
17:09:56.35207628, 1.5867E+00, 1.0900E+01, 0.0000E+00,
17:09:56.35207633, 1.6133E+00, 1.0867E+01, 0.0000E+00,
17:09:56.35207638, 1.5733E+00, 1.0833E+01, 1.3333E-01,
17:09:56.35207643, 1.5733E+00, 1.0833E+01,-2.6667E-01,
17:09:56.35207648, 1.6000E+00, 1.0833E+01, 0.0000E+00,
17:09:56.35207653, 1.5600E+00, 1.0867E+01, 0.0000E+00,
17:09:56.35207658, 1.6133E+00, 1.0800E+01, 1.3333E-01,
17:09:56.35207663, 1.6267E+00, 1.0867E+01, 1.3333E-01,
17:09:56.35207668, 1.6133E+00, 1.0867E+01, 0.0000E+00,
17:09:56.35207673, 1.5867E+00, 1.0833E+01, 0.0000E+00,
17:09:56.35207678, 1.6133E+00, 1.0867E+01, 1.3333E-01,
17:09:56.35207683, 1.5867E+00, 1.0867E+01, 2.6667E-01,
17:09:56.35207688, 1.6267E+00, 1.0833E+01, 2.6667E-01,
17:09:56.35207693, 1.5867E+00, 1.0833E+01, 0.0000E+00,
17:09:56.35207698, 1.6133E+00, 1.0800E+01, 4.0000E-01,
17:09:56.35207703, 1.6267E+00, 1.0833E+01, 1.3333E-01,
17:09:56.35207708, 1.6267E+00, 1.0900E+01,-1.3333E-01,
17:09:56.35207713, 1.6133E+00, 1.0833E+01,-1.3333E-01,
17:09:56.35207718, 1.6267E+00, 1.0833E+01, 0.0000E+00,
17:09:56.35207723, 1.6000E+00, 1.0833E+01, 1.3333E-01,
17:09:56.35207728, 1.5867E+00, 1.0833E+01, 4.0000E-01,
17:09:56.35207733, 1.5867E+00, 1.0800E+01, 4.0000E-01,
17:09:56.35207738, 1.5867E+00, 1.0900E+01, 1.3333E-01,
17:09:56.35207743, 1.5867E+00, 1.0867E+01,-1.3333E-01,
17:09:56.35207748, 1.6133E+00, 1.0867E+01, 1.3333E-01,
17:09:56.35207753, 1.5733E+00, 1.0833E+01,-1.3333E-01,
17:09:56.35207758, 1.6133E+00, 1.0900E+01,-1.3333E-01,
17:09:56.35207763, 1.6133E+00, 1.0867E+01, 2.6667E-01,
17:09:56.35207768, 1.5733E+00, 1.0833E+01,-2.6667E-01,
17:09:56.35207773, 1.6000E+00, 1.0833E+01, 2.6667E-01,
17:09:56.35207778, 1.5600E+00, 1.0833E+01, 0.0000E+00,
17:09:56.35207783, 1.5733E+00, 1.0833E+01, 1.3333E-01,
17:09:56.35207788, 1.5867E+00, 1.0900E+01,-1.3333E-01,
17:09:56.35207793, 1.6533E+00, 1.0867E+01, 2.6667E-01,
17:09:56.35207798, 1.5867E+00, 1.0900E+01,-4.0000E-01,
17:09:56.35207803, 1.6133E+00, 1.0833E+01, 1.3333E-01,
17:09:56.35207808, 1.6133E+00, 1.0933E+01,-1.3333E-01,
17:09:56.35207813, 1.5867E+00, 1.0867E+01, 1.3333E-01,
17:09:56.35207818, 1.6400E+00, 1.0867E+01, 2.6667E-01,
17:09:56.35207823, 1.6267E+00, 1.0867E+01, 0.0000E+00,
17:09:56.35207828, 1.6000E+00, 1.0833E+01, 4.0000E-01,
17:09:56.35207833, 1.5733E+00, 1.0833E+01, 4.0000E-01,
17:09:56.35207838, 1.5600E+00, 1.0867E+01, 2.6667E-01,
17:09:56.35207843, 1.6133E+00, 1.0867E+01, 2.6667E-01,
17:09:56.35207848, 1.5867E+00, 1.0833E+01,-2.6667E-01,
17:09:56.35207853, 1.6133E+00, 1.0900E+01, 0.0000E+00,
17:09:56.35207858, 1.6133E+00, 1.0833E+01,-1.3333E-01,
17:09:56.35207863, 1.6133E+00, 1.0833E+01,-2.6667E-01,
17:09:56.35207868, 1.6267E+00, 1.0867E+01, 1.3333E-01,
17:09:56.35207873, 1.6000E+00, 1.0900E+01, 0.0000E+00,
17:09:56.35207878, 1.6133E+00, 1.0900E+01, 2.6667E-01,
17:09:56.35207883, 1.5600E+00, 1.0833E+01, 0.0000E+00,
17:09:56.35207888, 1.6400E+00, 1.0867E+01, 4.0000E-01,
17:09:56.35207893, 1.6000E+00, 1.0867E+01, 0.0000E+00,
17:09:56.35207898, 1.5867E+00, 1.0867E+01, 1.3333E-01,
17:09:56.35207903, 1.6267E+00, 1.0833E+01, 0.0000E+00,
17:09:56.35207908, 1.5867E+00, 1.0867E+01,-1.3333E-01,
17:09:56.35207913, 1.6133E+00, 1.0900E+01, 0.0000E+00,
17:09:56.35207918, 1.6267E+00, 1.0833E+01, 2.6667E-01,
17:09:56.35207923, 1.6133E+00, 1.0867E+01, 0.0000E+00,
17:09:56.35207928, 1.6000E+00, 1.0833E+01, 1.3333E-01,
17:09:56.35207933, 1.5867E+00, 1.0967E+01, 0.0000E+00,
17:09:56.35207938, 1.6000E+00, 1.0867E+01, 1.3333E-01,
17:09:56.35207943, 1.6133E+00, 1.0867E+01, 0.0000E+00,
17:09:56.35207948, 1.5867E+00, 1.0833E+01, 5.3333E-01,
17:09:56.35207953, 1.6000E+00, 1.0867E+01, 1.3333E-01,
17:09:56.35207958, 1.5867E+00, 1.0767E+01,-1.3333E-01,
17:09:56.35207963, 1.6000E+00, 1.0833E+01, 0.0000E+00,
17:09:56.35207968, 1.6000E+00, 1.0933E+01, 0.0000E+00,
17:09:56.35207973, 1.5733E+00, 1.0867E+01, 2.6667E-01,
17:09:56.35207978, 1.5733E+00, 1.0867E+01, 2.6667E-01,
17:09:56.35207983, 1.6000E+00, 1.0833E+01, 1.3333E-01,
17:09:56.35207988, 1.6000E+00, 1.0900E+01, 1.3333E-01,
17:09:56.35207993, 1.6133E+00, 1.0833E+01, 5.3333E-01,
17:09:56.35207998, 1.6000E+00, 1.0833E+01, 0.0000E+00,
17:09:56.35208003, 1.6000E+00, 1.0867E+01, 0.0000E+00,
17:09:56.35208008, 1.6133E+00, 1.0867E+01, 1.3333E-01,
17:09:56.35208013, 1.6000E+00, 1.0833E+01,-1.3333E-01,
17:09:56.35208018, 1.6000E+00, 1.0900E+01, 0.0000E+00,
17:09:56.35208023, 1.6000E+00, 1.0867E+01, 0.0000E+00,
17:09:56.35208028, 1.6000E+00, 1.0833E+01, 2.6667E-01,
17:09:56.35208033, 1.5867E+00, 1.0867E+01, 1.3333E-01,
17:09:56.35208038, 1.6000E+00, 1.0833E+01,-1.3333E-01,
17:09:56.35208043, 1.6133E+00, 1.0900E+01, 0.0000E+00,
17:09:56.35208048, 1.6267E+00, 1.0833E+01, 4.0000E-01,
17:09:56.35208053, 1.6267E+00, 1.0800E+01, 1.3333E-01,
17:09:56.35208058, 1.6267E+00, 1.0867E+01, 0.0000E+00,
17:09:56.35208063, 1.6000E+00, 1.0867E+01, 1.3333E-01,
17:09:56.35208068, 1.5600E+00, 1.0867E+01, 4.0000E-01,
17:09:56.35208073, 1.6133E+00, 1.0900E+01, 2.6667E-01,
17:09:56.35208078, 1.5867E+00, 1.0900E+01,-1.3333E-01,
17:09:56.35208083, 1.6133E+00, 1.0833E+01, 0.0000E+00,
17:09:56.35208088, 1.6133E+00, 1.0900E+01, 0.0000E+00,
17:09:56.35208093, 1.5733E+00, 1.0900E+01,-1.3333E-01,
17:09:56.35208098, 1.5733E+00, 1.0833E+01, 2.6667E-01,
17:09:56.35208103, 1.6133E+00, 1.0867E+01, 1.3333E-01,
17:09:56.35208108, 1.6000E+00, 1.0867E+01, 2.6667E-01,
17:09:56.35208113, 1.6533E+00, 1.0867E+01, 2.6667E-01,
17:09:56.35208118, 1.5733E+00, 1.0833E+01, 0.0000E+00,
17:09:56.35208123, 1.6000E+00, 1.0900E+01, 1.3333E-01,
17:09:56.35208128, 1.6000E+00, 1.0900E+01, 1.3333E-01,
17:09:56.35208133, 1.6000E+00, 1.0867E+01,-1.3333E-01,
17:09:56.35208138, 1.6000E+00, 1.0867E+01,-4.0000E-01,
17:09:56.35208143, 1.6267E+00, 1.0900E+01, 0.0000E+00,
17:09:56.35208148, 1.6133E+00, 1.0933E+01, 1.3333E-01,
17:09:56.35208153, 1.6000E+00, 1.0800E+01, 0.0000E+00,
17:09:56.35208158, 1.6000E+00, 1.0800E+01, 2.6667E-01,
17:09:56.35208163, 1.6133E+00, 1.0833E+01,-1.3333E-01,
17:09:56.35208168, 1.6133E+00, 1.0800E+01, 0.0000E+00,
17:09:56.35208173, 1.6133E+00, 1.0800E+01, 2.6667E-01,
17:09:56.35208178, 1.6133E+00, 1.0867E+01, 1.3333E-01,
17:09:56.35208183, 1.6000E+00, 1.0900E+01, 0.0000E+00,
17:09:56.35208188, 1.6000E+00, 1.0833E+01, 2.6667E-01,
17:09:56.35208193, 1.6267E+00, 1.0900E+01, 1.3333E-01,
17:09:56.35208198, 1.6000E+00, 1.0833E+01, 2.6667E-01,
17:09:56.35208203, 1.5867E+00, 1.0900E+01, 0.0000E+00,
17:09:56.35208208, 1.5867E+00, 1.0867E+01, 1.3333E-01,
17:09:56.35208213, 1.6000E+00, 1.0867E+01, 1.3333E-01,
17:09:56.35208218, 1.5867E+00, 1.0800E+01, 5.3333E-01,
17:09:56.35208223, 1.6267E+00, 1.0833E+01, 2.6667E-01,
17:09:56.35208228, 1.6000E+00, 1.0833E+01, 2.6667E-01,
17:09:56.35208233, 1.6133E+00, 1.0833E+01, 2.6667E-01,
17:09:56.35208238, 1.6000E+00, 1.0900E+01, 4.0000E-01,
17:09:56.35208243, 1.5867E+00, 1.0833E+01, 2.6667E-01,
17:09:56.35208248, 1.6133E+00, 1.0900E+01, 0.0000E+00,
17:09:56.35208253, 1.5867E+00, 1.0833E+01, 0.0000E+00,
17:09:56.35208258, 1.5733E+00, 1.0833E+01, 1.3333E-01,
17:09:56.35208263, 1.5867E+00, 1.0867E+01, 0.0000E+00,
17:09:56.35208268, 1.5733E+00, 1.0833E+01, 4.0000E-01,
17:09:56.35208273, 1.6133E+00, 1.0900E+01, 1.3333E-01,
17:09:56.35208278, 1.6133E+00, 1.0833E+01, 2.6667E-01,
17:09:56.35208283, 1.6000E+00, 1.0833E+01,-4.0000E-01,
17:09:56.35208288, 1.6133E+00, 1.0833E+01,-1.3333E-01,
17:09:56.35208293, 1.6267E+00, 1.0933E+01,-2.6667E-01,
17:09:56.35208298, 1.6133E+00, 1.0867E+01, 1.3333E-01,
17:09:56.35208303, 1.6267E+00, 1.0833E+01, 1.3333E-01,
17:09:56.35208308, 1.5733E+00, 1.0800E+01, 0.0000E+00,
17:09:56.35208313, 1.6133E+00, 1.0833E+01, 0.0000E+00,
17:09:56.35208318, 1.5867E+00, 1.0900E+01, 0.0000E+00,
17:09:56.35208323, 1.6133E+00, 1.0833E+01, 2.6667E-01,
17:09:56.35208328, 1.6267E+00, 1.0800E+01,-1.3333E-01,
17:09:56.35208333, 1.6267E+00, 1.0867E+01, 0.0000E+00,
17:09:56.35208338, 1.6133E+00, 1.0833E+01, 1.3333E-01,
17:09:56.35208343, 1.6267E+00, 1.0900E+01,-1.3333E-01,
17:09:56.35208348, 1.6000E+00, 1.0867E+01, 1.3333E-01,
17:09:56.35208353, 1.5600E+00, 1.0867E+01, 0.0000E+00,
17:09:56.35208358, 1.5733E+00, 1.0933E+01, 0.0000E+00,
17:09:56.35208363, 1.5867E+00, 1.0867E+01, 0.0000E+00,
17:09:56.35208368, 1.6133E+00, 1.0900E+01, 1.3333E-01,
17:09:56.35208373, 1.6267E+00, 1.0833E+01, 1.3333E-01,
17:09:56.35208378, 1.5733E+00, 1.0833E+01,-1.3333E-01,
17:09:56.35208383, 1.5733E+00, 1.0867E+01, 2.6667E-01,
17:09:56.35208388, 1.6000E+00, 1.0833E+01, 1.3333E-01,
17:09:56.35208393, 1.6133E+00, 1.0867E+01, 1.3333E-01,
17:09:56.35208398, 1.6000E+00, 1.0833E+01,-1.3333E-01,
17:09:56.35208403, 1.5867E+00, 1.0867E+01, 0.0000E+00,
17:09:56.35208408, 1.5867E+00, 1.0833E+01, 0.0000E+00,
17:09:56.35208413, 1.5867E+00, 1.0867E+01, 4.0000E-01,
17:09:56.35208418, 1.6000E+00, 1.0867E+01, 0.0000E+00,
17:09:56.35208423, 1.6400E+00, 1.0833E+01, 2.6667E-01,
17:09:56.35208428, 1.6133E+00, 1.0867E+01, 0.0000E+00,
17:09:56.35208433, 1.6000E+00, 1.0900E+01,-1.3333E-01,
17:09:56.35208438, 1.5867E+00, 1.0833E+01,-2.6667E-01,
17:09:56.35208443, 1.6400E+00, 1.0900E+01, 0.0000E+00,
17:09:56.35208448, 1.5867E+00, 1.0867E+01, 0.0000E+00,
17:09:56.35208453, 1.6000E+00, 1.0900E+01, 2.6667E-01,
17:09:56.35208458, 1.6000E+00, 1.0900E+01, 4.0000E-01,
17:09:56.35208463, 1.6000E+00, 1.0800E+01, 4.0000E-01,
17:09:56.35208468, 1.6267E+00, 1.0900E+01, 2.6667E-01,
17:09:56.35208473, 1.6000E+00, 1.0900E+01, 2.6667E-01,
17:09:56.35208478, 1.6000E+00, 1.0933E+01, 2.6667E-01,
17:09:56.35208483, 1.6400E+00, 1.0900E+01, 1.3333E-01,
17:09:56.35208488, 1.6000E+00, 1.0900E+01, 2.6667E-01,
17:09:56.35208493, 1.5867E+00, 1.0800E+01, 0.0000E+00,
17:09:56.35208498, 1.6133E+00, 1.0833E+01, 2.6667E-01,
17:09:56.35208503, 1.5733E+00, 1.0900E+01, 2.6667E-01,
17:09:56.35208508, 1.6000E+00, 1.0833E+01, 0.0000E+00,
17:09:56.35208513, 1.6000E+00, 1.0833E+01, 2.6667E-01,
17:09:56.35208518, 1.5867E+00, 1.0833E+01, 1.3333E-01,
17:09:56.35208523, 1.6000E+00, 1.0867E+01, 0.0000E+00,
17:09:56.35208528, 1.6133E+00, 1.0867E+01, 1.3333E-01,
17:09:56.35208533, 1.6000E+00, 1.0867E+01, 1.3333E-01,
17:09:56.35208538, 1.6000E+00, 1.0900E+01, 2.6667E-01,
17:09:56.35208543, 1.5867E+00, 1.0933E+01,-1.3333E-01,
17:09:56.35208548, 1.5867E+00, 1.0933E+01, 2.6667E-01,
17:09:56.35208553, 1.5733E+00, 1.0867E+01, 1.3333E-01,
17:09:56.35208558, 1.5867E+00, 1.0900E+01, 1.3333E-01,
17:09:56.35208563, 1.6000E+00, 1.0833E+01,-1.3333E-01,
17:09:56.35208568, 1.5867E+00, 1.0833E+01, 0.0000E+00,
17:09:56.35208573, 1.6267E+00, 1.0800E+01, 1.3333E-01,
17:09:56.35208578, 1.6000E+00, 1.0800E+01, 1.3333E-01,
17:09:56.35208583, 1.6000E+00, 1.0800E+01,-2.6667E-01,
17:09:56.35208588, 1.6000E+00, 1.0933E+01,-1.3333E-01,
17:09:56.35208593, 1.5867E+00, 1.0833E+01, 0.0000E+00,
17:09:56.35208598, 1.5733E+00, 1.0867E+01, 1.3333E-01,
17:09:56.35208603, 1.6400E+00, 1.0800E+01, 2.6667E-01,
17:09:56.35208608, 1.6133E+00, 1.0833E+01, 0.0000E+00,
17:09:56.35208613, 1.5867E+00, 1.0833E+01, 2.6667E-01,
17:09:56.35208618, 1.5867E+00, 1.0833E+01, 1.3333E-01,
17:09:56.35208623, 1.6000E+00, 1.0833E+01, 0.0000E+00,
17:09:56.35208628, 1.6000E+00, 1.0767E+01, 1.3333E-01,
17:09:56.35208633, 1.6133E+00, 1.0867E+01, 1.3333E-01,
17:09:56.35208638, 1.6400E+00, 1.0833E+01,-2.6667E-01,
17:09:56.35208643, 1.5733E+00, 1.0833E+01, 0.0000E+00,
17:09:56.35208648, 1.5600E+00, 1.0867E+01, 1.3333E-01,
17:09:56.35208653, 1.6000E+00, 1.0800E+01, 5.3333E-01,
17:09:56.35208658, 1.5733E+00, 1.0867E+01, 0.0000E+00,
17:09:56.35208663, 1.6000E+00, 1.0833E+01, 2.6667E-01,
17:09:56.35208668, 1.5733E+00, 1.0900E+01,-1.3333E-01,
17:09:56.35208673, 1.6000E+00, 1.0900E+01, 0.0000E+00,
17:09:56.35208678, 1.6000E+00, 1.0867E+01,-2.6667E-01,
17:09:56.35208683, 1.6267E+00, 1.0867E+01, 2.6667E-01,
17:09:56.35208688, 1.5867E+00, 1.0833E+01, 1.3333E-01,
17:09:56.35208693, 1.6000E+00, 1.0833E+01, 0.0000E+00,
17:09:56.35208698, 1.5867E+00, 1.0833E+01, 1.3333E-01,
17:09:56.35208703, 1.5733E+00, 1.0867E+01, 1.3333E-01,
17:09:56.35208708, 1.6133E+00, 1.0833E+01, 0.0000E+00,
17:09:56.35208713, 1.5867E+00, 1.0833E+01, 1.3333E-01,
17:09:56.35208718, 1.6133E+00, 1.0867E+01, 2.6667E-01,
17:09:56.35208723, 1.6133E+00, 1.0833E+01, 1.3333E-01,
17:09:56.35208728, 1.6000E+00, 1.0867E+01, 1.3333E-01,
17:09:56.35208733, 1.6133E+00, 1.0833E+01, 0.0000E+00,
17:09:56.35208738, 1.5867E+00, 1.0833E+01, 1.3333E-01,
17:09:56.35208743, 1.6000E+00, 1.0900E+01, 4.0000E-01,
17:09:56.35208748, 1.5867E+00, 1.0833E+01, 2.6667E-01,
17:09:56.35208753, 1.6133E+00, 1.0867E+01, 2.6667E-01,
17:09:56.35208758, 1.5867E+00, 1.0900E+01, 4.0000E-01,
17:09:56.35208763, 1.6000E+00, 1.0867E+01,-1.3333E-01,
17:09:56.35208768, 1.6267E+00, 1.0867E+01,-1.3333E-01,
17:09:56.35208773, 1.6000E+00, 1.0833E+01, 1.3333E-01,
17:09:56.35208778, 1.6133E+00, 1.0867E+01, 1.3333E-01,
17:09:56.35208783, 1.6133E+00, 1.0867E+01, 0.0000E+00,
17:09:56.35208788, 1.5867E+00, 1.0900E+01, 1.3333E-01,
17:09:56.35208793, 1.5867E+00, 1.0833E+01, 0.0000E+00,
17:09:56.35208798, 1.5867E+00, 1.0900E+01,-4.0000E-01,
17:09:56.35208803, 1.6133E+00, 1.0867E+01, 5.3333E-01,
17:09:56.35208808, 1.6000E+00, 1.0833E+01, 0.0000E+00,
17:09:56.35208813, 1.6133E+00, 1.0867E+01, 0.0000E+00,
17:09:56.35208818, 1.6133E+00, 1.0867E+01,-1.3333E-01,
17:09:56.35208823, 1.6267E+00, 1.0867E+01,-4.0000E-01,
17:09:56.35208828, 1.6267E+00, 1.0833E+01,-5.3333E-01,
17:09:56.35208833, 1.5733E+00, 1.0900E+01,-1.3333E-01,
17:09:56.35208838, 1.6000E+00, 1.0867E+01, 1.3333E-01,
17:09:56.35208843, 1.5867E+00, 1.0800E+01, 1.3333E-01,
17:09:56.35208848, 1.6133E+00, 1.0867E+01, 4.0000E-01,
17:09:56.35208853, 1.5600E+00, 1.0867E+01, 1.3333E-01,
17:09:56.35208858, 1.6000E+00, 1.0900E+01, 2.6667E-01,
17:09:56.35208863, 1.6133E+00, 1.0867E+01, 0.0000E+00,
17:09:56.35208868, 1.6133E+00, 1.0833E+01, 0.0000E+00,
17:09:56.35208873, 1.6133E+00, 1.0867E+01, 1.3333E-01,
17:09:56.35208878, 1.6133E+00, 1.0867E+01,-1.3333E-01,
17:09:56.35208883, 1.5733E+00, 1.0933E+01,-1.3333E-01,
17:09:56.35208888, 1.5867E+00, 1.0867E+01, 2.6667E-01,
17:09:56.35208893, 1.6000E+00, 1.0833E+01, 1.3333E-01,
17:09:56.35208898, 1.5733E+00, 1.0867E+01, 1.3333E-01,
17:09:56.35208903, 1.5733E+00, 1.0833E+01,-1.3333E-01,
17:09:56.35208908, 1.6000E+00, 1.0767E+01,-1.3333E-01,
17:09:56.35208913, 1.6000E+00, 1.0867E+01, 1.3333E-01,
17:09:56.35208918, 1.6400E+00, 1.0867E+01, 0.0000E+00,
17:09:56.35208923, 1.5867E+00, 1.0900E+01,-2.6667E-01,
17:09:56.35208928, 1.5867E+00, 1.0867E+01, 1.3333E-01,
17:09:56.35208933, 1.5733E+00, 1.0800E+01, 4.0000E-01,
17:09:56.35208938, 1.6133E+00, 1.0900E+01, 2.6667E-01,
17:09:56.35208943, 1.6267E+00, 1.0867E+01, 2.6667E-01,
17:09:56.35208948, 1.6133E+00, 1.0867E+01, 0.0000E+00,
17:09:56.35208953, 1.5867E+00, 1.0867E+01, 4.0000E-01,
17:09:56.35208958, 1.6133E+00, 1.0867E+01, 0.0000E+00,
17:09:56.35208963, 1.5867E+00, 1.0900E+01, 0.0000E+00,
17:09:56.35208968, 1.5867E+00, 1.0833E+01,-1.3333E-01,
17:09:56.35208973, 1.6000E+00, 1.0867E+01,-2.6667E-01,
17:09:56.35208978, 1.5867E+00, 1.0833E+01, 1.3333E-01,
17:09:56.35208983, 1.5733E+00, 1.0900E+01, 0.0000E+00,
17:09:56.35208988, 1.6000E+00, 1.0867E+01,-2.6667E-01,
17:09:56.35208993, 1.5733E+00, 1.0800E+01, 4.0000E-01,
17:09:56.35208998, 1.6133E+00, 1.0867E+01, 2.6667E-01,
17:09:56.35209003, 1.6133E+00, 1.0867E+01, 1.3333E-01,
17:09:56.35209008, 1.6267E+00, 1.0933E+01, 0.0000E+00,
17:09:56.35209013, 1.6133E+00, 1.0867E+01, 1.3333E-01,
17:09:56.35209018, 1.6267E+00, 1.0900E+01,-1.3333E-01,
17:09:56.35209023, 1.6000E+00, 1.0767E+01, 0.0000E+00,
17:09:56.35209028, 1.5733E+00, 1.0867E+01, 2.6667E-01,
17:09:56.35209033, 1.6000E+00, 1.0900E+01, 0.0000E+00,
17:09:56.35209038, 1.6000E+00, 1.0867E+01,-1.3333E-01,
17:09:56.35209043, 1.5867E+00, 1.0900E+01, 0.0000E+00,
17:09:56.35209048, 1.5867E+00, 1.0833E+01, 1.3333E-01,
17:09:56.35209053, 1.6267E+00, 1.0833E+01, 1.3333E-01,
17:09:56.35209058, 1.6000E+00, 1.0867E+01, 1.3333E-01,
17:09:56.35209063, 1.6133E+00, 1.0800E+01, 0.0000E+00,
17:09:56.35209068, 1.5733E+00, 1.0900E+01,-2.6667E-01,
17:09:56.35209073, 1.6267E+00, 1.0833E+01, 0.0000E+00,
17:09:56.35209078, 1.6133E+00, 1.0867E+01,-2.6667E-01,
17:09:56.35209083, 1.6000E+00, 1.0900E+01, 2.6667E-01,
17:09:56.35209088, 1.6000E+00, 1.0867E+01, 1.3333E-01,
17:09:56.35209093, 1.6000E+00, 1.0867E+01, 2.6667E-01,
17:09:56.35209098, 1.6000E+00, 1.0833E+01, 4.0000E-01,
17:09:56.35209103, 1.6267E+00, 1.0767E+01,-1.3333E-01,
17:09:56.35209108, 1.6267E+00, 1.0800E+01,-1.3333E-01,
17:09:56.35209113, 1.6133E+00, 1.0833E+01,-2.6667E-01,
17:09:56.35209118, 1.5867E+00, 1.0833E+01,-1.3333E-01,
17:09:56.35209123, 1.5733E+00, 1.0833E+01,-1.3333E-01,
17:09:56.35209128, 1.5600E+00, 1.0800E+01, 0.0000E+00,
17:09:56.35209133, 1.6000E+00, 1.0833E+01, 6.6667E-01,
17:09:56.35209138, 1.6000E+00, 1.0900E+01, 2.6667E-01,
17:09:56.35209143, 1.6000E+00, 1.0867E+01, 4.0000E-01,
17:09:56.35209148, 1.5867E+00, 1.0800E+01, 6.6667E-01,
17:09:56.35209153, 1.6133E+00, 1.0800E+01, 1.3333E-01,
17:09:56.35209158, 1.6267E+00, 1.0833E+01, 1.3333E-01,
17:09:56.35209163, 1.5733E+00, 1.0833E+01, 2.6667E-01,
17:09:56.35209168, 1.6000E+00, 1.0867E+01, 2.6667E-01,
17:09:56.35209173, 1.5600E+00, 1.0833E+01, 0.0000E+00,
17:09:56.35209178, 1.6133E+00, 1.0800E+01, 2.6667E-01,
17:09:56.35209183, 1.6000E+00, 1.0900E+01, 5.3333E-01,
17:09:56.35209188, 1.6267E+00, 1.0800E+01, 0.0000E+00,
17:09:56.35209193, 1.5867E+00, 1.0900E+01, 2.6667E-01,
17:09:56.35209198, 1.6133E+00, 1.0867E+01, 4.0000E-01,
17:09:56.35209203, 1.5867E+00, 1.0800E+01, 2.6667E-01,
17:09:56.35209208, 1.6133E+00, 1.0867E+01,-2.6667E-01,
17:09:56.35209213, 1.6267E+00, 1.0900E+01, 0.0000E+00,
17:09:56.35209218, 1.6000E+00, 1.0867E+01, 0.0000E+00,
17:09:56.35209223, 1.6000E+00, 1.0867E+01, 1.3333E-01,
17:09:56.35209228, 1.5733E+00, 1.0767E+01, 2.6667E-01,
17:09:56.35209233, 1.5867E+00, 1.0867E+01, 4.0000E-01,
17:09:56.35209238, 1.6133E+00, 1.0933E+01, 1.3333E-01,
17:09:56.35209243, 1.6000E+00, 1.0867E+01, 0.0000E+00,
17:09:56.35209248, 1.6400E+00, 1.0833E+01, 2.6667E-01,
17:09:56.35209253, 1.6000E+00, 1.0900E+01, 0.0000E+00,
17:09:56.35209258, 1.5867E+00, 1.0900E+01,-1.3333E-01,
17:09:56.35209263, 1.6400E+00, 1.0867E+01, 4.0000E-01,
17:09:56.35209268, 1.6000E+00, 1.0833E+01, 1.3333E-01,
17:09:56.35209273, 1.5600E+00, 1.0900E+01, 4.0000E-01,
17:09:56.35209278, 1.5733E+00, 1.0833E+01, 2.6667E-01,
17:09:56.35209283, 1.5867E+00, 1.0833E+01, 2.6667E-01,
17:09:56.35209288, 1.6267E+00, 1.0833E+01, 0.0000E+00,
17:09:56.35209293, 1.6133E+00, 1.0833E+01, 1.3333E-01,
17:09:56.35209298, 1.5867E+00, 1.0867E+01, 1.3333E-01,
17:09:56.35209303, 1.6267E+00, 1.0833E+01, 0.0000E+00,
17:09:56.35209308, 1.6133E+00, 1.0833E+01, 0.0000E+00,
17:09:56.35209313, 1.6133E+00, 1.0867E+01, 1.3333E-01,
17:09:56.35209318, 1.6133E+00, 1.0867E+01, 0.0000E+00,
17:09:56.35209323, 1.6000E+00, 1.0833E+01, 1.3333E-01,
17:09:56.35209328, 1.6000E+00, 1.0900E+01, 1.3333E-01,
17:09:56.35209333, 1.5867E+00, 1.0933E+01, 4.0000E-01,
17:09:56.35209338, 1.5867E+00, 1.0933E+01, 1.3333E-01,
17:09:56.35209343, 1.6000E+00, 1.0867E+01, 1.3333E-01,
17:09:56.35209348, 1.6000E+00, 1.0867E+01, 0.0000E+00,
17:09:56.35209353, 1.5867E+00, 1.0867E+01,-4.0000E-01,
17:09:56.35209358, 1.5733E+00, 1.0900E+01,-4.0000E-01,
17:09:56.35209363, 1.6133E+00, 1.0900E+01,-1.3333E-01,
17:09:56.35209368, 1.6000E+00, 1.0833E+01, 0.0000E+00,
17:09:56.35209373, 1.6133E+00, 1.0900E+01, 1.3333E-01,
17:09:56.35209378, 1.5867E+00, 1.0867E+01, 5.3333E-01,
17:09:56.35209383, 1.6000E+00, 1.0833E+01,-1.3333E-01,
17:09:56.35209388, 1.6400E+00, 1.0900E+01, 1.3333E-01,
17:09:56.35209393, 1.6000E+00, 1.0933E+01, 2.6667E-01,
17:09:56.35209398, 1.6267E+00, 1.0833E+01, 1.3333E-01,
17:09:56.35209403, 1.5600E+00, 1.0900E+01, 1.3333E-01,
17:09:56.35209408, 1.6267E+00, 1.0800E+01, 1.3333E-01,
17:09:56.35209413, 1.5733E+00, 1.0833E+01, 1.3333E-01,
17:09:56.35209418, 1.6000E+00, 1.0833E+01, 2.6667E-01,
17:09:56.35209423, 1.6133E+00, 1.0933E+01, 4.0000E-01,
17:09:56.35209428, 1.5867E+00, 1.0867E+01, 4.0000E-01,
17:09:56.35209433, 1.6000E+00, 1.0867E+01, 4.0000E-01,
17:09:56.35209438, 1.6133E+00, 1.0867E+01, 2.6667E-01,
17:09:56.35209443, 1.6267E+00, 1.0867E+01, 2.6667E-01,
17:09:56.35209448, 1.5733E+00, 1.0800E+01, 4.0000E-01,
17:09:56.35209453, 1.5600E+00, 1.0833E+01, 1.3333E-01,
17:09:56.35209458, 1.5867E+00, 1.0900E+01, 0.0000E+00,
17:09:56.35209463, 1.5733E+00, 1.0900E+01, 1.3333E-01,
17:09:56.35209468, 1.6000E+00, 1.0900E+01, 2.6667E-01,
17:09:56.35209473, 1.6133E+00, 1.0867E+01,-1.3333E-01,
17:09:56.35209478, 1.6000E+00, 1.0867E+01,-1.3333E-01,
17:09:56.35209483, 1.5867E+00, 1.0933E+01, 0.0000E+00,
17:09:56.35209488, 1.6133E+00, 1.0833E+01, 2.6667E-01,
17:09:56.35209493, 1.5733E+00, 1.0900E+01, 1.3333E-01,
17:09:56.35209498, 1.6267E+00, 1.0900E+01,-2.6667E-01,
17:09:56.35209503, 1.5867E+00, 1.0967E+01, 1.3333E-01,
17:09:56.35209508, 1.5867E+00, 1.0867E+01,-1.3333E-01,
17:09:56.35209513, 1.5733E+00, 1.0900E+01, 1.3333E-01,
17:09:56.35209518, 1.5733E+00, 1.0833E+01, 1.3333E-01,
17:09:56.35209523, 1.6000E+00, 1.0900E+01, 0.0000E+00,
17:09:56.35209528, 1.6000E+00, 1.0867E+01, 0.0000E+00,
17:09:56.35209533, 1.6400E+00, 1.0900E+01, 1.3333E-01,
17:09:56.35209538, 1.6133E+00, 1.0933E+01, 2.6667E-01,
17:09:56.35209543, 1.6000E+00, 1.0833E+01, 1.3333E-01,
17:09:56.35209548, 1.6000E+00, 1.0833E+01, 2.6667E-01,
17:09:56.35209553, 1.5600E+00, 1.0867E+01, 0.0000E+00,
17:09:56.35209558, 1.6133E+00, 1.0833E+01, 0.0000E+00,
17:09:56.35209563, 1.6000E+00, 1.0833E+01, 2.6667E-01,
17:09:56.35209568, 1.6000E+00, 1.0833E+01, 1.3333E-01,
17:09:56.35209573, 1.5867E+00, 1.0800E+01, 2.6667E-01,
17:09:56.35209578, 1.5867E+00, 1.0900E+01, 2.6667E-01,
17:09:56.35209583, 1.5733E+00, 1.0967E+01,-1.3333E-01,
17:09:56.35209588, 1.6133E+00, 1.0867E+01, 4.0000E-01,
17:09:56.35209593, 1.5600E+00, 1.0867E+01, 2.6667E-01,
17:09:56.35209598, 1.5867E+00, 1.0900E+01, 0.0000E+00,
17:09:56.35209603, 1.6000E+00, 1.0867E+01, 0.0000E+00,
17:09:56.35209608, 1.6000E+00, 1.0867E+01, 0.0000E+00,
17:09:56.35209613, 1.5733E+00, 1.0933E+01, 4.0000E-01,
17:09:56.35209618, 1.6267E+00, 1.0833E+01, 4.0000E-01,
17:09:56.35209623, 1.6133E+00, 1.0800E+01, 4.0000E-01,
17:09:56.35209628, 1.6133E+00, 1.0833E+01, 2.6667E-01,
17:09:56.35209633, 1.6000E+00, 1.0867E+01, 4.0000E-01,
17:09:56.35209638, 1.6267E+00, 1.0767E+01, 1.3333E-01,
17:09:56.35209643, 1.6133E+00, 1.0867E+01, 1.3333E-01,
17:09:56.35209648, 1.5867E+00, 1.0800E+01, 0.0000E+00,
17:09:56.35209653, 1.5867E+00, 1.0833E+01, 1.3333E-01,
17:09:56.35209658, 1.6133E+00, 1.0833E+01,-1.3333E-01,
17:09:56.35209663, 1.5733E+00, 1.0833E+01, 0.0000E+00,
17:09:56.35209668, 1.6000E+00, 1.0833E+01, 0.0000E+00,
17:09:56.35209673, 1.6000E+00, 1.0800E+01, 4.0000E-01,
17:09:56.35209678, 1.5867E+00, 1.0867E+01, 2.6667E-01,
17:09:56.35209683, 1.6000E+00, 1.0900E+01, 1.3333E-01,
17:09:56.35209688, 1.6133E+00, 1.0867E+01, 0.0000E+00,
17:09:56.35209693, 1.6267E+00, 1.0900E+01,-1.3333E-01,
17:09:56.35209698, 1.6000E+00, 1.0800E+01,-1.3333E-01,
17:09:56.35209703, 1.6000E+00, 1.0867E+01, 0.0000E+00,
17:09:56.35209708, 1.6133E+00, 1.0767E+01, 0.0000E+00,
17:09:56.35209713, 1.6000E+00, 1.0900E+01,-2.6667E-01,
17:09:56.35209718, 1.6000E+00, 1.0900E+01, 2.6667E-01,
17:09:56.35209723, 1.6000E+00, 1.0867E+01, 0.0000E+00,
17:09:56.35209728, 1.6133E+00, 1.0900E+01, 0.0000E+00,
17:09:56.35209733, 1.5733E+00, 1.0800E+01, 2.6667E-01,
17:09:56.35209738, 1.5867E+00, 1.0933E+01, 0.0000E+00,
17:09:56.35209743, 1.5867E+00, 1.0867E+01, 0.0000E+00,
17:09:56.35209748, 1.6000E+00, 1.0800E+01, 2.6667E-01,
17:09:56.35209753, 1.5867E+00, 1.0833E+01,-1.3333E-01,
17:09:56.35209758, 1.6133E+00, 1.0867E+01, 0.0000E+00,
17:09:56.35209763, 1.6267E+00, 1.0900E+01, 1.3333E-01,
17:09:56.35209768, 1.5867E+00, 1.0800E+01, 0.0000E+00,
17:09:56.35209773, 1.6533E+00, 1.0867E+01, 2.6667E-01,
17:09:56.35209778, 1.6133E+00, 1.0867E+01, 0.0000E+00,
17:09:56.35209783, 1.6133E+00, 1.0933E+01, 0.0000E+00,
17:09:56.35209788, 1.6000E+00, 1.0900E+01,-1.3333E-01,
17:09:56.35209793, 1.5733E+00, 1.0900E+01, 1.3333E-01,
17:09:56.35209798, 1.5867E+00, 1.0867E+01, 4.0000E-01,
17:09:56.35209803, 1.6000E+00, 1.0867E+01,-1.3333E-01,
17:09:56.35209808, 1.5733E+00, 1.0867E+01, 1.3333E-01,
17:09:56.35209813, 1.5733E+00, 1.0900E+01, 0.0000E+00,
17:09:56.35209818, 1.6400E+00, 1.0867E+01, 4.0000E-01,
17:09:56.35209823, 1.6133E+00, 1.0800E+01, 1.3333E-01,
17:09:56.35209828, 1.5733E+00, 1.0867E+01,-4.0000E-01,
17:09:56.35209833, 1.5600E+00, 1.0900E+01, 1.3333E-01,
17:09:56.35209838, 1.5867E+00, 1.0933E+01, 0.0000E+00,
17:09:56.35209843, 1.5733E+00, 1.0867E+01, 1.3333E-01,
17:09:56.35209848, 1.6000E+00, 1.0900E+01,-1.3333E-01,
17:09:56.35209853, 1.5867E+00, 1.0833E+01, 2.6667E-01,
17:09:56.35209858, 1.6000E+00, 1.0833E+01, 2.6667E-01,
17:09:56.35209863, 1.5867E+00, 1.0833E+01, 1.3333E-01,
17:09:56.35209868, 1.6133E+00, 1.0800E+01, 2.6667E-01,
17:09:56.35209873, 1.6133E+00, 1.0867E+01, 2.6667E-01,
17:09:56.35209878, 1.6000E+00, 1.0867E+01, 2.6667E-01,
17:09:56.35209883, 1.5867E+00, 1.0833E+01,-1.3333E-01,
17:09:56.35209888, 1.5467E+00, 1.0800E+01, 2.6667E-01,
17:09:56.35209893, 1.5867E+00, 1.0867E+01, 1.3333E-01,
17:09:56.35209898, 1.6000E+00, 1.0833E+01,-1.3333E-01,
17:09:56.35209903, 1.5733E+00, 1.0800E+01,-1.3333E-01,
17:09:56.35209908, 1.6000E+00, 1.0933E+01, 1.3333E-01,
17:09:56.35209913, 1.6133E+00, 1.0833E+01, 1.3333E-01,
17:09:56.35209918, 1.6133E+00, 1.0900E+01, 2.6667E-01,
17:09:56.35209923, 1.6133E+00, 1.0867E+01, 0.0000E+00,
17:09:56.35209928, 1.6000E+00, 1.0867E+01, 2.6667E-01,
17:09:56.35209933, 1.6133E+00, 1.0833E+01,-4.0000E-01,
17:09:56.35209938, 1.5733E+00, 1.0833E+01,-1.3333E-01,
17:09:56.35209943, 1.5733E+00, 1.0867E+01,-1.3333E-01,
17:09:56.35209948, 1.5733E+00, 1.0867E+01,-1.3333E-01,
17:09:56.35209953, 1.5867E+00, 1.0900E+01, 1.3333E-01,
17:09:56.35209958, 1.6000E+00, 1.0800E+01, 2.6667E-01,
17:09:56.35209963, 1.6133E+00, 1.0800E+01, 2.6667E-01,
17:09:56.35209968, 1.5867E+00, 1.0867E+01, 0.0000E+00,
17:09:56.35209973, 1.6267E+00, 1.0867E+01, 2.6667E-01,
17:09:56.35209978, 1.6133E+00, 1.0867E+01, 0.0000E+00,
17:09:56.35209983, 1.5867E+00, 1.0867E+01, 4.0000E-01,
17:09:56.35209988, 1.6000E+00, 1.0900E+01, 1.3333E-01,
17:09:56.35209993, 1.6000E+00, 1.0867E+01,-1.3333E-01,
17:09:56.35209998, 1.5733E+00, 1.0800E+01, 2.6667E-01,
17:09:56.35210003, 1.6000E+00, 1.0867E+01, 0.0000E+00,
17:09:56.35210008, 1.6133E+00, 1.0900E+01, 1.3333E-01,
17:09:56.35210013, 1.6133E+00, 1.0900E+01, 5.3333E-01,
17:09:56.35210018, 1.6267E+00, 1.0833E+01, 1.3333E-01,
17:09:56.35210023, 1.6133E+00, 1.0900E+01, 0.0000E+00,
17:09:56.35210028, 1.6133E+00, 1.0867E+01, 1.3333E-01,
17:09:56.35210033, 1.5600E+00, 1.0833E+01, 1.3333E-01,
17:09:56.35210038, 1.5867E+00, 1.0833E+01, 4.0000E-01,
17:09:56.35210043, 1.6000E+00, 1.0867E+01, 1.3333E-01,
17:09:56.35210048, 1.5867E+00, 1.0900E+01, 1.3333E-01,
17:09:56.35210053, 1.6000E+00, 1.0833E+01, 4.0000E-01,
17:09:56.35210058, 1.6133E+00, 1.0867E+01, 0.0000E+00,
17:09:56.35210063, 1.6267E+00, 1.0867E+01, 0.0000E+00,
17:09:56.35210068, 1.6400E+00, 1.0867E+01,-2.6667E-01,
17:09:56.35210073, 1.6133E+00, 1.0833E+01, 2.6667E-01,
17:09:56.35210078, 1.5867E+00, 1.0900E+01, 2.6667E-01,
17:09:56.35210083, 1.5733E+00, 1.0833E+01, 0.0000E+00,
17:09:56.35210088, 1.6000E+00, 1.0900E+01, 1.3333E-01,
17:09:56.35210093, 1.6000E+00, 1.0900E+01, 2.6667E-01,
17:09:56.35210098, 1.6000E+00, 1.0867E+01,-2.6667E-01,
17:09:56.35210103, 1.5867E+00, 1.0867E+01, 2.6667E-01,
17:09:56.35210108, 1.6267E+00, 1.0767E+01, 1.3333E-01,
17:09:56.35210113, 1.6133E+00, 1.0833E+01, 1.3333E-01,
17:09:56.35210118, 1.6000E+00, 1.0800E+01, 2.6667E-01,
17:09:56.35210123, 1.6000E+00, 1.0867E+01, 4.0000E-01,
17:09:56.35210128, 1.6133E+00, 1.0900E+01, 0.0000E+00,
17:09:56.35210133, 1.6267E+00, 1.0867E+01, 1.3333E-01,
17:09:56.35210138, 1.5733E+00, 1.0867E+01, 4.0000E-01,
17:09:56.35210143, 1.6267E+00, 1.0867E+01, 1.3333E-01,
17:09:56.35210148, 1.5867E+00, 1.0867E+01, 1.3333E-01,
17:09:56.35210153, 1.6000E+00, 1.0867E+01,-1.3333E-01,
17:09:56.35210158, 1.6133E+00, 1.0833E+01, 2.6667E-01,
17:09:56.35210163, 1.5867E+00, 1.0867E+01, 4.0000E-01,
17:09:56.35210168, 1.6267E+00, 1.0833E+01, 4.0000E-01,
17:09:56.35210173, 1.6133E+00, 1.0767E+01, 1.3333E-01,
17:09:56.35210178, 1.5867E+00, 1.0900E+01, 1.3333E-01,
17:09:56.35210183, 1.6000E+00, 1.0900E+01, 0.0000E+00,
17:09:56.35210188, 1.6400E+00, 1.0800E+01,-1.3333E-01,
17:09:56.35210193, 1.6133E+00, 1.0800E+01, 4.0000E-01,
17:09:56.35210198, 1.5733E+00, 1.0900E+01, 1.3333E-01,
17:09:56.35210203, 1.5733E+00, 1.0867E+01,-1.3333E-01,
17:09:56.35210208, 1.6133E+00, 1.0833E+01, 0.0000E+00,
17:09:56.35210213, 1.6000E+00, 1.0900E+01, 1.3333E-01,
17:09:56.35210218, 1.6000E+00, 1.0867E+01, 0.0000E+00,
17:09:56.35210223, 1.5733E+00, 1.0867E+01, 1.3333E-01,
17:09:56.35210228, 1.5733E+00, 1.0867E+01, 1.3333E-01,
17:09:56.35210233, 1.5867E+00, 1.0867E+01,-1.3333E-01,
17:09:56.35210238, 1.6133E+00, 1.0900E+01, 2.6667E-01,
17:09:56.35210243, 1.6000E+00, 1.0867E+01, 1.3333E-01,
17:09:56.35210248, 1.6133E+00, 1.0867E+01, 1.3333E-01,
17:09:56.35210253, 1.5733E+00, 1.0800E+01, 1.3333E-01,
17:09:56.35210258, 1.5867E+00, 1.0833E+01,-1.3333E-01,
17:09:56.35210263, 1.6000E+00, 1.0900E+01, 0.0000E+00,
17:09:56.35210268, 1.5733E+00, 1.0867E+01, 1.3333E-01,
17:09:56.35210273, 1.5867E+00, 1.0833E+01,-1.3333E-01,
17:09:56.35210278, 1.5600E+00, 1.0833E+01, 0.0000E+00,
17:09:56.35210283, 1.6000E+00, 1.0867E+01, 1.3333E-01,
17:09:56.35210288, 1.5733E+00, 1.0867E+01, 0.0000E+00,
17:09:56.35210293, 1.6000E+00, 1.0867E+01, 2.6667E-01,
17:09:56.35210298, 1.6000E+00, 1.0833E+01, 5.3333E-01,
17:09:56.35210303, 1.6267E+00, 1.0833E+01, 2.6667E-01,
17:09:56.35210308, 1.6267E+00, 1.0833E+01,-1.3333E-01,
17:09:56.35210313, 1.6000E+00, 1.0867E+01,-1.3333E-01,
17:09:56.35210318, 1.5733E+00, 1.0900E+01, 1.3333E-01,
17:09:56.35210323, 1.5733E+00, 1.0900E+01, 0.0000E+00,
17:09:56.35210328, 1.6133E+00, 1.0867E+01, 0.0000E+00,
17:09:56.35210333, 1.5600E+00, 1.0800E+01,-1.3333E-01,
17:09:56.35210338, 1.5600E+00, 1.0900E+01, 2.6667E-01,
17:09:56.35210343, 1.6133E+00, 1.0900E+01, 4.0000E-01,
17:09:56.35210348, 1.6133E+00, 1.0767E+01, 1.3333E-01,
17:09:56.35210353, 1.6267E+00, 1.0833E+01, 1.3333E-01,
17:09:56.35210358, 1.5733E+00, 1.0767E+01, 1.3333E-01,
17:09:56.35210363, 1.5867E+00, 1.0800E+01, 0.0000E+00,
17:09:56.35210368, 1.6000E+00, 1.0800E+01, 2.6667E-01,
17:09:56.35210373, 1.5867E+00, 1.0833E+01, 0.0000E+00,
17:09:56.35210378, 1.6133E+00, 1.0867E+01, 2.6667E-01,
17:09:56.35210383, 1.6133E+00, 1.0833E+01, 0.0000E+00,
17:09:56.35210388, 1.6000E+00, 1.0867E+01,-2.6667E-01,
17:09:56.35210393, 1.5733E+00, 1.0933E+01, 0.0000E+00,
17:09:56.35210398, 1.6000E+00, 1.0867E+01, 2.6667E-01,
17:09:56.35210403, 1.5867E+00, 1.0833E+01, 1.3333E-01,
17:09:56.35210408, 1.5867E+00, 1.0800E+01, 4.0000E-01,
17:09:56.35210413, 1.5600E+00, 1.0867E+01, 0.0000E+00,
17:09:56.35210418, 1.5733E+00, 1.0867E+01, 0.0000E+00,
17:09:56.35210423, 1.6133E+00, 1.0933E+01, 0.0000E+00,
17:09:56.35210428, 1.6000E+00, 1.0900E+01, 0.0000E+00,
17:09:56.35210433, 1.6000E+00, 1.0833E+01, 5.3333E-01,
17:09:56.35210438, 1.6000E+00, 1.0867E+01, 0.0000E+00,
17:09:56.35210443, 1.6133E+00, 1.0867E+01, 1.3333E-01,
17:09:56.35210448, 1.6267E+00, 1.0900E+01,-2.6667E-01,
17:09:56.35210453, 1.6000E+00, 1.0833E+01, 6.6667E-01,
17:09:56.35210458, 1.6000E+00, 1.0900E+01, 2.6667E-01,
17:09:56.35210463, 1.5867E+00, 1.0900E+01, 2.6667E-01,
17:09:56.35210468, 1.5600E+00, 1.0867E+01, 1.3333E-01,
17:09:56.35210473, 1.5867E+00, 1.0900E+01, 5.3333E-01,
17:09:56.35210478, 1.6000E+00, 1.0900E+01, 0.0000E+00,
17:09:56.35210483, 1.6133E+00, 1.0900E+01, 0.0000E+00,
17:09:56.35210488, 1.6000E+00, 1.0867E+01, 4.0000E-01,
17:09:56.35210493, 1.5733E+00, 1.0900E+01, 0.0000E+00,
17:09:56.35210498, 1.6400E+00, 1.0867E+01, 1.3333E-01,
17:09:56.35210503, 1.6133E+00, 1.0833E+01,-1.3333E-01,
17:09:56.35210508, 1.6000E+00, 1.0833E+01, 1.3333E-01,
17:09:56.35210513, 1.5733E+00, 1.0867E+01,-1.3333E-01,
17:09:56.35210518, 1.6000E+00, 1.0867E+01, 1.3333E-01,
17:09:56.35210523, 1.5867E+00, 1.0900E+01,-1.3333E-01,
17:09:56.35210528, 1.6133E+00, 1.0800E+01, 1.3333E-01,
17:09:56.35210533, 1.6000E+00, 1.0867E+01,-4.0000E-01,
17:09:56.35210538, 1.6000E+00, 1.0900E+01, 0.0000E+00,
17:09:56.35210543, 1.6400E+00, 1.0800E+01, 1.3333E-01,
17:09:56.35210548, 1.6267E+00, 1.0867E+01, 2.6667E-01,
17:09:56.35210553, 1.5867E+00, 1.0867E+01, 2.6667E-01,
17:09:56.35210558, 1.5600E+00, 1.0900E+01, 1.3333E-01,
17:09:56.35210563, 1.5867E+00, 1.0900E+01, 4.0000E-01,
17:09:56.35210568, 1.5867E+00, 1.0900E+01, 1.3333E-01,
17:09:56.35210573, 1.5867E+00, 1.0867E+01, 1.3333E-01,
17:09:56.35210578, 1.5733E+00, 1.0867E+01, 2.6667E-01,
17:09:56.35210583, 1.6133E+00, 1.0867E+01, 0.0000E+00,
17:09:56.35210588, 1.6133E+00, 1.0867E+01,-1.3333E-01,
17:09:56.35210593, 1.6133E+00, 1.0900E+01, 2.6667E-01,
17:09:56.35210598, 1.5733E+00, 1.0900E+01, 1.3333E-01,
17:09:56.35210603, 1.5867E+00, 1.0900E+01, 5.3333E-01,
17:09:56.35210608, 1.5867E+00, 1.0867E+01, 4.0000E-01,
17:09:56.35210613, 1.6000E+00, 1.0867E+01, 2.6667E-01,
17:09:56.35210618, 1.5733E+00, 1.0800E+01, 0.0000E+00,
17:09:56.35210623, 1.5867E+00, 1.0900E+01, 2.6667E-01,
17:09:56.35210628, 1.6133E+00, 1.0867E+01, 1.3333E-01,
17:09:56.35210633, 1.6000E+00, 1.0833E+01,-2.6667E-01,
17:09:56.35210638, 1.6000E+00, 1.0833E+01, 1.3333E-01,
17:09:56.35210643, 1.6133E+00, 1.0867E+01, 2.6667E-01,
17:09:56.35210648, 1.6267E+00, 1.0867E+01, 4.0000E-01,
17:09:56.35210653, 1.6000E+00, 1.0800E+01, 2.6667E-01,
17:09:56.35210658, 1.6133E+00, 1.0933E+01, 2.6667E-01,
17:09:56.35210663, 1.5733E+00, 1.0833E+01, 0.0000E+00,
17:09:56.35210668, 1.5867E+00, 1.0933E+01, 1.3333E-01,
17:09:56.35210673, 1.5733E+00, 1.0800E+01, 1.3333E-01,
17:09:56.35210678, 1.6267E+00, 1.0867E+01, 1.3333E-01,
17:09:56.35210683, 1.6267E+00, 1.0833E+01, 1.3333E-01,
17:09:56.35210688, 1.5867E+00, 1.0900E+01, 2.6667E-01,
17:09:56.35210693, 1.6133E+00, 1.0867E+01, 2.6667E-01,
17:09:56.35210698, 1.5867E+00, 1.0833E+01, 1.3333E-01,
17:09:56.35210703, 1.5867E+00, 1.0867E+01, 2.6667E-01,
17:09:56.35210708, 1.6000E+00, 1.0867E+01, 0.0000E+00,
17:09:56.35210713, 1.6000E+00, 1.0933E+01, 1.3333E-01,
17:09:56.35210718, 1.6267E+00, 1.0833E+01, 1.3333E-01,
17:09:56.35210723, 1.6133E+00, 1.0833E+01, 1.3333E-01,
17:09:56.35210728, 1.6400E+00, 1.0767E+01, 0.0000E+00,
17:09:56.35210733, 1.6000E+00, 1.0867E+01,-1.3333E-01,
17:09:56.35210738, 1.6000E+00, 1.0900E+01, 1.3333E-01,
17:09:56.35210743, 1.5867E+00, 1.0867E+01, 0.0000E+00,
17:09:56.35210748, 1.6133E+00, 1.0800E+01, 1.3333E-01,
17:09:56.35210753, 1.6133E+00, 1.0867E+01, 2.6667E-01,
17:09:56.35210758, 1.6000E+00, 1.0867E+01, 0.0000E+00,
17:09:56.35210763, 1.6133E+00, 1.0800E+01, 2.6667E-01,
17:09:56.35210768, 1.5733E+00, 1.0833E+01,-1.3333E-01,
17:09:56.35210773, 1.5867E+00, 1.0867E+01,-2.6667E-01,
17:09:56.35210778, 1.6267E+00, 1.0833E+01,-2.6667E-01,
17:09:56.35210783, 1.5867E+00, 1.0867E+01,-2.6667E-01,
17:09:56.35210788, 1.6267E+00, 1.0833E+01, 1.3333E-01,
17:09:56.35210793, 1.5867E+00, 1.0900E+01,-1.3333E-01,
17:09:56.35210798, 1.5867E+00, 1.0800E+01, 1.3333E-01,
17:09:56.35210803, 1.5867E+00, 1.0833E+01, 1.3333E-01,
17:09:56.35210808, 1.5733E+00, 1.0900E+01, 0.0000E+00,
17:09:56.35210813, 1.6000E+00, 1.0800E+01, 2.6667E-01,
17:09:56.35210818, 1.5733E+00, 1.0900E+01,-1.3333E-01,
17:09:56.35210823, 1.6000E+00, 1.0867E+01, 0.0000E+00,
17:09:56.35210828, 1.6267E+00, 1.0867E+01, 0.0000E+00,
17:09:56.35210833, 1.6000E+00, 1.0933E+01, 0.0000E+00,
17:09:56.35210838, 1.6000E+00, 1.0933E+01, 0.0000E+00,
17:09:56.35210843, 1.5733E+00, 1.0867E+01, 0.0000E+00,
17:09:56.35210848, 1.6133E+00, 1.0900E+01, 4.0000E-01,
17:09:56.35210853, 1.5733E+00, 1.0833E+01, 0.0000E+00,
17:09:56.35210858, 1.6267E+00, 1.0867E+01, 4.0000E-01,
17:09:56.35210863, 1.6000E+00, 1.0900E+01, 1.3333E-01,
17:09:56.35210868, 1.6000E+00, 1.0767E+01, 0.0000E+00,
17:09:56.35210873, 1.6133E+00, 1.0867E+01, 1.3333E-01,
17:09:56.35210878, 1.6400E+00, 1.0867E+01, 2.6667E-01,
17:09:56.35210883, 1.5867E+00, 1.0867E+01,-4.0000E-01,
17:09:56.35210888, 1.5867E+00, 1.0833E+01, 2.6667E-01,
17:09:56.35210893, 1.6133E+00, 1.0767E+01, 2.6667E-01,
17:09:56.35210898, 1.5867E+00, 1.0833E+01, 1.3333E-01,
17:09:56.35210903, 1.6000E+00, 1.0867E+01, 2.6667E-01,
17:09:56.35210908, 1.6000E+00, 1.0900E+01,-2.6667E-01,
17:09:56.35210913, 1.6133E+00, 1.0867E+01, 0.0000E+00,
17:09:56.35210918, 1.6267E+00, 1.0900E+01, 1.3333E-01,
17:09:56.35210923, 1.6133E+00, 1.0867E+01,-1.3333E-01,
17:09:56.35210928, 1.6000E+00, 1.0900E+01, 2.6667E-01,
17:09:56.35210933, 1.6267E+00, 1.0967E+01, 1.3333E-01,
17:09:56.35210938, 1.6000E+00, 1.0900E+01, 4.0000E-01,
17:09:56.35210943, 1.6133E+00, 1.0900E+01, 4.0000E-01,
17:09:56.35210948, 1.6133E+00, 1.0800E+01, 2.6667E-01,
17:09:56.35210953, 1.5733E+00, 1.0867E+01, 0.0000E+00,
17:09:56.35210958, 1.6000E+00, 1.0833E+01, 1.3333E-01,
17:09:56.35210963, 1.5867E+00, 1.0867E+01, 0.0000E+00,
17:09:56.35210968, 1.6000E+00, 1.0833E+01, 0.0000E+00,
17:09:56.35210973, 1.6133E+00, 1.0867E+01,-2.6667E-01,
17:09:56.35210978, 1.6400E+00, 1.0867E+01, 2.6667E-01,
17:09:56.35210983, 1.5867E+00, 1.0833E+01, 1.3333E-01,
17:09:56.35210988, 1.6133E+00, 1.0933E+01, 1.3333E-01,
17:09:56.35210993, 1.6000E+00, 1.0800E+01, 0.0000E+00,
17:09:56.35210998, 1.5733E+00, 1.0800E+01, 0.0000E+00,
17:09:56.35211003, 1.6267E+00, 1.0800E+01, 1.3333E-01,
17:09:56.35211008, 1.5867E+00, 1.0867E+01, 1.3333E-01,
17:09:56.35211013, 1.6133E+00, 1.0900E+01,-1.3333E-01,
17:09:56.35211018, 1.6267E+00, 1.0867E+01, 0.0000E+00,
17:09:56.35211023, 1.6267E+00, 1.0833E+01, 1.3333E-01,
17:09:56.35211028, 1.6000E+00, 1.0900E+01, 4.0000E-01,
17:09:56.35211033, 1.5867E+00, 1.0867E+01, 2.6667E-01,
17:09:56.35211038, 1.6133E+00, 1.0933E+01, 2.6667E-01,
17:09:56.35211043, 1.6000E+00, 1.0867E+01, 1.3333E-01,
17:09:56.35211048, 1.6000E+00, 1.0867E+01,-1.3333E-01,
17:09:56.35211053, 1.6000E+00, 1.0867E+01,-1.3333E-01,
17:09:56.35211058, 1.6000E+00, 1.0867E+01, 0.0000E+00,
17:09:56.35211063, 1.6133E+00, 1.0900E+01, 1.3333E-01,
17:09:56.35211068, 1.6000E+00, 1.0867E+01, 0.0000E+00,
17:09:56.35211073, 1.5867E+00, 1.0900E+01,-2.6667E-01,
17:09:56.35211078, 1.6000E+00, 1.0833E+01, 0.0000E+00,
17:09:56.35211083, 1.6133E+00, 1.0900E+01, 0.0000E+00,
17:09:56.35211088, 1.5733E+00, 1.0867E+01, 2.6667E-01,
17:09:56.35211093, 1.5600E+00, 1.0900E+01, 0.0000E+00,
17:09:56.35211098, 1.6000E+00, 1.0833E+01, 1.3333E-01,
17:09:56.35211103, 1.6133E+00, 1.0867E+01, 1.3333E-01,
17:09:56.35211108, 1.6133E+00, 1.0900E+01, 2.6667E-01,
17:09:56.35211113, 1.6000E+00, 1.0833E+01, 1.3333E-01,
17:09:56.35211118, 1.6000E+00, 1.0800E+01, 1.3333E-01,
17:09:56.35211123, 1.6133E+00, 1.0833E+01,-1.3333E-01,
17:09:56.35211128, 1.6000E+00, 1.0867E+01, 1.3333E-01,
17:09:56.35211133, 1.6000E+00, 1.0800E+01, 1.3333E-01,
17:09:56.35211138, 1.6000E+00, 1.0833E+01, 4.0000E-01,
17:09:56.35211143, 1.5733E+00, 1.0800E+01, 1.3333E-01,
17:09:56.35211148, 1.5867E+00, 1.0833E+01, 2.6667E-01,
17:09:56.35211153, 1.5867E+00, 1.0867E+01, 0.0000E+00,
17:09:56.35211158, 1.6000E+00, 1.0900E+01,-2.6667E-01,
17:09:56.35211163, 1.6000E+00, 1.0900E+01, 1.3333E-01,
17:09:56.35211168, 1.6267E+00, 1.0933E+01, 1.3333E-01,
17:09:56.35211173, 1.6267E+00, 1.0900E+01, 0.0000E+00,
17:09:56.35211178, 1.6133E+00, 1.0833E+01, 0.0000E+00,
17:09:56.35211183, 1.6133E+00, 1.0833E+01, 0.0000E+00,
17:09:56.35211188, 1.6000E+00, 1.0833E+01, 2.6667E-01,
17:09:56.35211193, 1.5867E+00, 1.0867E+01, 0.0000E+00,
17:09:56.35211198, 1.6133E+00, 1.0800E+01, 4.0000E-01,
17:09:56.35211203, 1.5867E+00, 1.0833E+01, 4.0000E-01,
17:09:56.35211208, 1.6267E+00, 1.0867E+01,-2.6667E-01,
17:09:56.35211213, 1.6533E+00, 1.0900E+01,-1.3333E-01,
17:09:56.35211218, 1.6133E+00, 1.0900E+01, 1.3333E-01,
17:09:56.35211223, 1.5867E+00, 1.0867E+01, 0.0000E+00,
17:09:56.35211228, 1.5733E+00, 1.0900E+01, 0.0000E+00,
17:09:56.35211233, 1.5733E+00, 1.0867E+01, 1.3333E-01,
17:09:56.35211238, 1.5733E+00, 1.0900E+01, 1.3333E-01,
17:09:56.35211243, 1.5867E+00, 1.0900E+01, 1.3333E-01,
17:09:56.35211248, 1.6000E+00, 1.0933E+01, 1.3333E-01,
17:09:56.35211253, 1.6000E+00, 1.0900E+01, 0.0000E+00,
17:09:56.35211258, 1.6000E+00, 1.0867E+01, 0.0000E+00,
17:09:56.35211263, 1.5867E+00, 1.0867E+01, 0.0000E+00,
17:09:56.35211268, 1.5867E+00, 1.0867E+01,-2.6667E-01,
17:09:56.35211273, 1.6000E+00, 1.0867E+01, 2.6667E-01,
17:09:56.35211278, 1.5867E+00, 1.0867E+01, 2.6667E-01,
17:09:56.35211283, 1.5867E+00, 1.0833E+01, 4.0000E-01,
17:09:56.35211288, 1.5733E+00, 1.0867E+01, 1.3333E-01,
17:09:56.35211293, 1.6133E+00, 1.0833E+01, 0.0000E+00,
17:09:56.35211298, 1.5733E+00, 1.0833E+01,-1.3333E-01,
17:09:56.35211303, 1.5867E+00, 1.0900E+01, 4.0000E-01,
17:09:56.35211308, 1.6000E+00, 1.0900E+01, 4.0000E-01,
17:09:56.35211313, 1.5867E+00, 1.0867E+01,-1.3333E-01,
17:09:56.35211318, 1.6000E+00, 1.0900E+01, 2.6667E-01,
17:09:56.35211323, 1.6000E+00, 1.0900E+01, 4.0000E-01,
17:09:56.35211328, 1.5867E+00, 1.0900E+01, 1.3333E-01,
17:09:56.35211333, 1.5867E+00, 1.0900E+01, 0.0000E+00,
17:09:56.35211338, 1.6000E+00, 1.0900E+01, 1.3333E-01,
17:09:56.35211343, 1.5733E+00, 1.0900E+01, 1.3333E-01,
17:09:56.35211348, 1.6133E+00, 1.0867E+01, 4.0000E-01,
17:09:56.35211353, 1.6133E+00, 1.0900E+01, 1.3333E-01,
17:09:56.35211358, 1.6267E+00, 1.0867E+01, 0.0000E+00,
17:09:56.35211363, 1.6133E+00, 1.0867E+01, 0.0000E+00,
17:09:56.35211368, 1.6000E+00, 1.0900E+01, 0.0000E+00,
17:09:56.35211373, 1.6000E+00, 1.0833E+01, 4.0000E-01,
17:09:56.35211378, 1.5867E+00, 1.0833E+01, 2.6667E-01,
17:09:56.35211383, 1.5867E+00, 1.0800E+01, 2.6667E-01,
17:09:56.35211388, 1.5867E+00, 1.0900E+01, 2.6667E-01,
17:09:56.35211393, 1.6000E+00, 1.0867E+01, 1.3333E-01,
17:09:56.35211398, 1.5600E+00, 1.0867E+01,-1.3333E-01,
17:09:56.35211403, 1.6133E+00, 1.0833E+01, 1.3333E-01,
17:09:56.35211408, 1.6000E+00, 1.0833E+01, 1.3333E-01,
17:09:56.35211413, 1.5733E+00, 1.0933E+01, 0.0000E+00,
17:09:56.35211418, 1.6000E+00, 1.0900E+01, 2.6667E-01,
17:09:56.35211423, 1.5733E+00, 1.0767E+01, 2.6667E-01,
17:09:56.35211428, 1.6400E+00, 1.0867E+01, 2.6667E-01,
17:09:56.35211433, 1.5867E+00, 1.0900E+01, 0.0000E+00,
17:09:56.35211438, 1.6000E+00, 1.0800E+01, 0.0000E+00,
17:09:56.35211443, 1.5733E+00, 1.0800E+01, 4.0000E-01,
17:09:56.35211448, 1.6133E+00, 1.0833E+01, 1.3333E-01,
17:09:56.35211453, 1.6000E+00, 1.0867E+01, 1.3333E-01,
17:09:56.35211458, 1.6000E+00, 1.0867E+01, 1.3333E-01,
17:09:56.35211463, 1.6267E+00, 1.0867E+01, 2.6667E-01,
17:09:56.35211468, 1.6000E+00, 1.0900E+01, 1.3333E-01,
17:09:56.35211473, 1.6000E+00, 1.0833E+01, 1.3333E-01,
17:09:56.35211478, 1.5467E+00, 1.0833E+01,-2.6667E-01,
17:09:56.35211483, 1.5867E+00, 1.0900E+01, 2.6667E-01,
17:09:56.35211488, 1.6133E+00, 1.0867E+01, 2.6667E-01,
17:09:56.35211493, 1.5733E+00, 1.0867E+01,-2.6667E-01,
17:09:56.35211498, 1.6000E+00, 1.0867E+01, 1.3333E-01,
17:09:56.35211503, 1.6133E+00, 1.0867E+01, 4.0000E-01,
17:09:56.35211508, 1.6267E+00, 1.0867E+01,-1.3333E-01,
17:09:56.35211513, 1.6133E+00, 1.0867E+01, 0.0000E+00,
17:09:56.35211518, 1.5600E+00, 1.0867E+01, 2.6667E-01,
17:09:56.35211523, 1.6133E+00, 1.0867E+01, 1.3333E-01,
17:09:56.35211528, 1.6000E+00, 1.0833E+01, 4.0000E-01,
17:09:56.35211533, 1.6133E+00, 1.0867E+01, 2.6667E-01,
17:09:56.35211538, 1.5867E+00, 1.0833E+01, 4.0000E-01,
17:09:56.35211543, 1.6533E+00, 1.0800E+01, 0.0000E+00,
17:09:56.35211548, 1.6133E+00, 1.0833E+01, 2.6667E-01,
17:09:56.35211553, 1.6400E+00, 1.0867E+01,-1.3333E-01,
17:09:56.35211558, 1.6267E+00, 1.0900E+01, 0.0000E+00,
17:09:56.35211563, 1.5733E+00, 1.0900E+01, 0.0000E+00,
17:09:56.35211568, 1.6000E+00, 1.0800E+01, 1.3333E-01,
17:09:56.35211573, 1.6000E+00, 1.0867E+01, 0.0000E+00,
17:09:56.35211578, 1.6000E+00, 1.0933E+01, 0.0000E+00,
17:09:56.35211583, 1.5867E+00, 1.0800E+01, 2.6667E-01,
17:09:56.35211588, 1.5867E+00, 1.0833E+01, 0.0000E+00,
17:09:56.35211593, 1.6267E+00, 1.0867E+01, 0.0000E+00,
17:09:56.35211598, 1.6267E+00, 1.0833E+01, 4.0000E-01,
17:09:56.35211603, 1.6000E+00, 1.0933E+01,-1.3333E-01,
17:09:56.35211608, 1.3067E+00, 1.0867E+01,-1.3333E-01,
17:09:56.35211613, 7.6000E-01, 1.0833E+01, 1.3333E-01,
17:09:56.35211618, 6.1333E-01, 1.0767E+01, 5.3333E-01,
17:09:56.35211623, 5.8667E-01, 1.0867E+01, 0.0000E+00,
17:09:56.35211628, 5.8667E-01, 1.0867E+01,-2.6667E-01,
17:09:56.35211633, 6.0000E-01, 1.0867E+01, 4.0000E-01,
17:09:56.35211638, 5.8667E-01, 1.0867E+01, 1.3333E-01,
17:09:56.35211643, 5.7333E-01, 1.0867E+01, 1.3333E-01,
17:09:56.35211648, 6.0000E-01, 1.0900E+01,-1.3333E-01,
17:09:56.35211653, 6.1333E-01, 1.0900E+01, 0.0000E+00,
17:09:56.35211658, 5.6000E-01, 1.0833E+01, 1.3333E-01,
17:09:56.35211663, 5.7333E-01, 1.0867E+01, 1.3333E-01,
17:09:56.35211668, 5.7333E-01, 1.0867E+01, 1.3333E-01,
17:09:56.35211673, 5.6000E-01, 1.0800E+01, 1.3333E-01,
17:09:56.35211678, 5.7333E-01, 1.0833E+01, 1.3333E-01,
17:09:56.35211683, 5.3333E-01, 1.0867E+01,-2.6667E-01,
17:09:56.35211688, 5.7333E-01, 1.0967E+01, 1.3333E-01,
17:09:56.35211693, 5.7333E-01, 1.0833E+01,-1.3333E-01,
17:09:56.35211698, 5.3333E-01, 1.0900E+01,-1.3333E-01,
17:09:56.35211703, 5.4667E-01, 1.0833E+01, 1.3333E-01,
17:09:56.35211708, 5.6000E-01, 1.0800E+01, 0.0000E+00,
17:09:56.35211713, 5.2000E-01, 1.0867E+01, 2.6667E-01,
17:09:56.35211718, 5.2000E-01, 1.0833E+01, 4.0000E-01,
17:09:56.35211723, 5.2000E-01, 1.0867E+01, 1.3333E-01,
17:09:56.35211728, 5.0667E-01, 1.0900E+01, 2.6667E-01,
17:09:56.35211733, 5.4667E-01, 1.0833E+01, 0.0000E+00,
17:09:56.35211738, 5.2000E-01, 1.0800E+01, 1.3333E-01,
17:09:56.35211743, 5.2000E-01, 1.0800E+01, 1.3333E-01,
17:09:56.35211748, 5.2000E-01, 1.0800E+01, 0.0000E+00,
17:09:56.35211753, 5.2000E-01, 1.0900E+01, 1.3333E-01,
17:09:56.35211758, 5.2000E-01, 1.0900E+01, 2.6667E-01,
17:09:56.35211763, 5.2000E-01, 1.0833E+01, 4.0000E-01,
17:09:56.35211768, 5.2000E-01, 1.0867E+01, 1.3333E-01,
17:09:56.35211773, 5.4667E-01, 1.0900E+01, 0.0000E+00,
17:09:56.35211778, 5.2000E-01, 1.0900E+01, 4.0000E-01,
17:09:56.35211783, 5.2000E-01, 1.0867E+01,-1.3333E-01,
17:09:56.35211788, 5.2000E-01, 1.0833E+01, 0.0000E+00,
17:09:56.35211793, 5.2000E-01, 1.0900E+01, 2.6667E-01,
17:09:56.35211798, 5.2000E-01, 1.0867E+01, 0.0000E+00,
17:09:56.35211803, 5.0667E-01, 1.0867E+01, 1.3333E-01,
17:09:56.35211808, 5.0667E-01, 1.0900E+01, 4.0000E-01,
17:09:56.35211813, 4.9333E-01, 1.0867E+01, 2.6667E-01,
17:09:56.35211818, 5.0667E-01, 1.0833E+01, 2.6667E-01,
17:09:56.35211823, 5.0667E-01, 1.0900E+01, 2.6667E-01,
17:09:56.35211828, 5.0667E-01, 1.0900E+01,-1.3333E-01,
17:09:56.35211833, 5.0667E-01, 1.0833E+01,-1.3333E-01,
17:09:56.35211838, 4.9333E-01, 1.0900E+01, 1.3333E-01,
17:09:56.35211843, 4.9333E-01, 1.0867E+01, 1.3333E-01,
17:09:56.35211848, 5.2000E-01, 1.0900E+01, 1.3333E-01,
17:09:56.35211853, 5.0667E-01, 1.0833E+01, 2.6667E-01,
17:09:56.35211858, 4.9333E-01, 1.0833E+01, 4.0000E-01,
17:09:56.35211863, 4.6667E-01, 1.0867E+01, 1.3333E-01,
17:09:56.35211868, 4.8000E-01, 1.0900E+01, 1.3333E-01,
17:09:56.35211873, 5.2000E-01, 1.0800E+01, 2.6667E-01,
17:09:56.35211878, 4.9333E-01, 1.0867E+01, 1.3333E-01,
17:09:56.35211883, 5.2000E-01, 1.0933E+01,-1.3333E-01,
17:09:56.35211888, 4.8000E-01, 1.0967E+01, 2.6667E-01,
17:09:56.35211893, 4.9333E-01, 1.0833E+01, 2.6667E-01,
17:09:56.35211898, 5.0667E-01, 1.0867E+01,-2.6667E-01,
17:09:56.35211903, 4.8000E-01, 1.0800E+01, 1.3333E-01,
17:09:56.35211908, 4.5333E-01, 1.0833E+01, 2.6667E-01,
17:09:56.35211913, 5.2000E-01, 1.0933E+01, 2.6667E-01,
17:09:56.35211918, 4.9333E-01, 1.0867E+01, 1.3333E-01,
17:09:56.35211923, 4.9333E-01, 1.0933E+01,-1.3333E-01,
17:09:56.35211928, 4.9333E-01, 1.0800E+01,-1.3333E-01,
17:09:56.35211933, 5.2000E-01, 1.0867E+01, 0.0000E+00,
17:09:56.35211938, 4.8000E-01, 1.0833E+01, 0.0000E+00,
17:09:56.35211943, 4.6667E-01, 1.0833E+01,-1.3333E-01,
17:09:56.35211948, 4.8000E-01, 1.0867E+01, 1.3333E-01,
17:09:56.35211953, 5.0667E-01, 1.0933E+01, 4.0000E-01,
17:09:56.35211958, 4.6667E-01, 1.0900E+01, 1.3333E-01,
17:09:56.35211963, 4.9333E-01, 1.0867E+01, 5.3333E-01,
17:09:56.35211968, 4.6667E-01, 1.0833E+01, 0.0000E+00,
17:09:56.35211973, 4.9333E-01, 1.0867E+01, 2.6667E-01,
17:09:56.35211978, 4.5333E-01, 1.0933E+01, 0.0000E+00,
17:09:56.35211983, 4.9333E-01, 1.0833E+01, 1.3333E-01,
17:09:56.35211988, 4.6667E-01, 1.0867E+01,-2.6667E-01,
17:09:56.35211993, 4.8000E-01, 1.0833E+01, 0.0000E+00,
17:09:56.35211998, 4.2667E-01, 1.0867E+01,-1.3333E-01,
17:09:56.35212003, 4.2667E-01, 1.0967E+01, 4.0000E-01,
17:09:56.35212008, 4.6667E-01, 1.0833E+01, 2.6667E-01,
17:09:56.35212013, 4.8000E-01, 1.0833E+01, 1.3333E-01,
17:09:56.35212018, 4.5333E-01, 1.0800E+01, 1.3333E-01,
17:09:56.35212023, 4.9333E-01, 1.0867E+01, 1.3333E-01,
17:09:56.35212028, 4.9333E-01, 1.0867E+01, 0.0000E+00,
17:09:56.35212033, 4.6667E-01, 1.0800E+01,-1.3333E-01,
17:09:56.35212038, 4.5333E-01, 1.0833E+01, 2.6667E-01,
17:09:56.35212043, 4.6667E-01, 1.0867E+01, 1.3333E-01,
17:09:56.35212048, 4.8000E-01, 1.0800E+01, 2.6667E-01,
17:09:56.35212053, 4.4000E-01, 1.0833E+01, 2.6667E-01,
17:09:56.35212058, 4.6667E-01, 1.0767E+01, 2.6667E-01,
17:09:56.35212063, 4.6667E-01, 1.0800E+01, 1.3333E-01,
17:09:56.35212068, 4.5333E-01, 1.0867E+01, 1.3333E-01,
17:09:56.35212073, 4.5333E-01, 1.0833E+01, 0.0000E+00,
17:09:56.35212078, 4.6667E-01, 1.0867E+01, 2.6667E-01,
17:09:56.35212083, 4.5333E-01, 1.0867E+01, 4.0000E-01,
17:09:56.35212088, 4.5333E-01, 1.0867E+01, 1.3333E-01,
17:09:56.35212093, 4.4000E-01, 1.0833E+01, 1.3333E-01,
17:09:56.35212098, 4.5333E-01, 1.0833E+01,-1.3333E-01,
17:09:56.35212103, 4.8000E-01, 1.0933E+01, 1.3333E-01,
17:09:56.35212108, 4.5333E-01, 1.0867E+01, 1.3333E-01,
17:09:56.35212113, 4.4000E-01, 1.0867E+01, 2.6667E-01,
17:09:56.35212118, 4.2667E-01, 1.0900E+01, 0.0000E+00,
17:09:56.35212123, 4.5333E-01, 1.0833E+01, 4.0000E-01,
17:09:56.35212128, 4.4000E-01, 1.0933E+01, 0.0000E+00,
17:09:56.35212133, 4.4000E-01, 1.0867E+01,-2.6667E-01,
17:09:56.35212138, 4.2667E-01, 1.0800E+01, 1.3333E-01,
17:09:56.35212143, 4.2667E-01, 1.0933E+01,-2.6667E-01,
17:09:56.35212148, 4.2667E-01, 1.0900E+01, 0.0000E+00,
17:09:56.35212153, 4.2667E-01, 1.0900E+01, 1.3333E-01,
17:09:56.35212158, 4.4000E-01, 1.0867E+01,-1.3333E-01,
17:09:56.35212163, 4.5333E-01, 1.0800E+01, 1.3333E-01,
17:09:56.35212168, 4.4000E-01, 1.0867E+01,-2.6667E-01,
17:09:56.35212173, 4.2667E-01, 1.0867E+01,-1.3333E-01,
17:09:56.35212178, 4.2667E-01, 1.0867E+01,-1.3333E-01,
17:09:56.35212183, 4.2667E-01, 1.0867E+01,-2.6667E-01,
17:09:56.35212188, 4.1333E-01, 1.0867E+01,-1.3333E-01,
17:09:56.35212193, 4.1333E-01, 1.0900E+01, 1.3333E-01,
17:09:56.35212198, 4.0000E-01, 1.0867E+01, 1.3333E-01,
17:09:56.35212203, 4.6667E-01, 1.0800E+01,-2.6667E-01,
17:09:56.35212208, 4.2667E-01, 1.0900E+01, 0.0000E+00,
17:09:56.35212213, 4.0000E-01, 1.0833E+01, 2.6667E-01,
17:09:56.35212218, 4.1333E-01, 1.0833E+01, 1.3333E-01,
17:09:56.35212223, 4.6667E-01, 1.0833E+01,-2.6667E-01,
17:09:56.35212228, 4.2667E-01, 1.0933E+01, 0.0000E+00,
17:09:56.35212233, 4.0000E-01, 1.0833E+01, 0.0000E+00,
17:09:56.35212238, 4.0000E-01, 1.0900E+01, 0.0000E+00,
17:09:56.35212243, 4.0000E-01, 1.0833E+01, 4.0000E-01,
17:09:56.35212248, 3.8667E-01, 1.0800E+01, 1.3333E-01,
17:09:56.35212253, 4.1333E-01, 1.0867E+01, 0.0000E+00,
17:09:56.35212258, 4.2667E-01, 1.0833E+01, 0.0000E+00,
17:09:56.35212263, 4.5333E-01, 1.0900E+01, 2.6667E-01,
17:09:56.35212268, 4.2667E-01, 1.0867E+01, 2.6667E-01,
17:09:56.35212273, 4.4000E-01, 1.0867E+01,-1.3333E-01,
17:09:56.35212278, 4.2667E-01, 1.0900E+01, 1.3333E-01,
17:09:56.35212283, 4.0000E-01, 1.0833E+01, 0.0000E+00,
17:09:56.35212288, 3.8667E-01, 1.0867E+01, 1.3333E-01,
17:09:56.35212293, 4.1333E-01, 1.0867E+01, 1.3333E-01,
17:09:56.35212298, 3.8667E-01, 1.0833E+01, 1.3333E-01,
17:09:56.35212303, 4.0000E-01, 1.0867E+01, 5.3333E-01,
17:09:56.35212308, 3.7333E-01, 1.0867E+01, 2.6667E-01,
17:09:56.35212313, 4.2667E-01, 1.0933E+01, 1.3333E-01,
17:09:56.35212318, 4.2667E-01, 1.0833E+01, 4.0000E-01,
17:09:56.35212323, 4.2667E-01, 1.0800E+01, 1.3333E-01,
17:09:56.35212328, 3.8667E-01, 1.0833E+01,-1.3333E-01,
17:09:56.35212333, 4.0000E-01, 1.0833E+01, 0.0000E+00,
17:09:56.35212338, 3.7333E-01, 1.0867E+01, 1.3333E-01,
17:09:56.35212343, 3.8667E-01, 1.0833E+01, 2.6667E-01,
17:09:56.35212348, 3.8667E-01, 1.0933E+01, 0.0000E+00,
17:09:56.35212353, 3.8667E-01, 1.0933E+01, 2.6667E-01,
17:09:56.35212358, 4.0000E-01, 1.0867E+01, 0.0000E+00,
17:09:56.35212363, 4.2667E-01, 1.0933E+01, 1.3333E-01,
17:09:56.35212368, 3.7333E-01, 1.0867E+01, 2.6667E-01,
17:09:56.35212373, 4.0000E-01, 1.0867E+01,-2.6667E-01,
17:09:56.35212378, 4.0000E-01, 1.0867E+01,-1.3333E-01,
17:09:56.35212383, 3.8667E-01, 1.0867E+01,-1.3333E-01,
17:09:56.35212388, 3.8667E-01, 1.0867E+01, 4.0000E-01,
17:09:56.35212393, 3.7333E-01, 1.0867E+01, 4.0000E-01,
17:09:56.35212398, 4.0000E-01, 1.0833E+01, 4.0000E-01,
17:09:56.35212403, 4.1333E-01, 1.0867E+01, 4.0000E-01,
17:09:56.35212408, 4.0000E-01, 1.0867E+01, 0.0000E+00,
17:09:56.35212413, 3.8667E-01, 1.0767E+01, 2.6667E-01,
17:09:56.35212418, 4.1333E-01, 1.0833E+01,-2.6667E-01,
17:09:56.35212423, 4.1333E-01, 1.0867E+01, 1.3333E-01,
17:09:56.35212428, 3.8667E-01, 1.0833E+01, 1.3333E-01,
17:09:56.35212433, 3.7333E-01, 1.0833E+01, 0.0000E+00,
17:09:56.35212438, 3.7333E-01, 1.0867E+01, 2.6667E-01,
17:09:56.35212443, 4.0000E-01, 1.0933E+01, 1.3333E-01,
17:09:56.35212448, 3.8667E-01, 1.0867E+01, 1.3333E-01,
17:09:56.35212453, 4.0000E-01, 1.0833E+01, 1.3333E-01,
17:09:56.35212458, 3.8667E-01, 1.0933E+01,-2.6667E-01,
17:09:56.35212463, 4.0000E-01, 1.0833E+01, 2.6667E-01,
17:09:56.35212468, 3.7333E-01, 1.0900E+01,-1.3333E-01,
17:09:56.35212473, 4.0000E-01, 1.0833E+01, 2.6667E-01,
17:09:56.35212478, 3.8667E-01, 1.0900E+01, 1.3333E-01,
17:09:56.35212483, 3.8667E-01, 1.0833E+01,-4.0000E-01,
17:09:56.35212488, 4.0000E-01, 1.0833E+01, 1.3333E-01,
17:09:56.35212493, 3.8667E-01, 1.0867E+01, 5.3333E-01,
17:09:56.35212498, 3.8667E-01, 1.0867E+01, 0.0000E+00,
17:09:56.35212503, 3.8667E-01, 1.0900E+01, 1.3333E-01,
17:09:56.35212508, 3.7333E-01, 1.0933E+01, 2.6667E-01,
17:09:56.35212513, 4.1333E-01, 1.0900E+01, 0.0000E+00,
17:09:56.35212518, 3.7333E-01, 1.0833E+01,-2.6667E-01,
17:09:56.35212523, 3.7333E-01, 1.0900E+01, 1.3333E-01,
17:09:56.35212528, 3.6000E-01, 1.0933E+01, 2.6667E-01,
17:09:56.35212533, 3.7333E-01, 1.0800E+01, 0.0000E+00,
17:09:56.35212538, 4.1333E-01, 1.0867E+01,-1.3333E-01,
17:09:56.35212543, 3.7333E-01, 1.0833E+01, 4.0000E-01,
17:09:56.35212548, 3.6000E-01, 1.0867E+01, 1.3333E-01,
17:09:56.35212553, 3.7333E-01, 1.0867E+01, 2.6667E-01,
17:09:56.35212558, 3.8667E-01, 1.0833E+01, 1.3333E-01,
17:09:56.35212563, 3.7333E-01, 1.0833E+01, 1.3333E-01,
17:09:56.35212568, 3.7333E-01, 1.0900E+01,-2.6667E-01,
17:09:56.35212573, 3.6000E-01, 1.0833E+01, 1.3333E-01,
17:09:56.35212578, 3.6000E-01, 1.0900E+01,-1.3333E-01,
17:09:56.35212583, 3.6000E-01, 1.0867E+01, 2.6667E-01,
17:09:56.35212588, 3.7333E-01, 1.0867E+01,-1.3333E-01,
17:09:56.35212593, 3.7333E-01, 1.0900E+01, 5.3333E-01,
17:09:56.35212598, 3.7333E-01, 1.0867E+01, 0.0000E+00,
17:09:56.35212603, 3.4667E-01, 1.0933E+01, 2.6667E-01,
17:09:56.35212608, 3.6000E-01, 1.0800E+01, 1.3333E-01,
17:09:56.35212613, 3.7333E-01, 1.0800E+01, 1.3333E-01,
17:09:56.35212618, 3.6000E-01, 1.0933E+01,-1.3333E-01,
17:09:56.35212623, 3.7333E-01, 1.0867E+01, 2.6667E-01,
17:09:56.35212628, 3.4667E-01, 1.0800E+01,-4.0000E-01,
17:09:56.35212633, 3.6000E-01, 1.0867E+01,-1.3333E-01,
17:09:56.35212638, 3.6000E-01, 1.0833E+01, 2.6667E-01,
17:09:56.35212643, 3.8667E-01, 1.0900E+01, 2.6667E-01,
17:09:56.35212648, 3.6000E-01, 1.0833E+01,-1.3333E-01,
17:09:56.35212653, 3.4667E-01, 1.0833E+01, 0.0000E+00,
17:09:56.35212658, 3.8667E-01, 1.0867E+01, 2.6667E-01,
17:09:56.35212663, 3.6000E-01, 1.0833E+01, 1.3333E-01,
17:09:56.35212668, 3.6000E-01, 1.0933E+01, 0.0000E+00,
17:09:56.35212673, 3.6000E-01, 1.0933E+01, 0.0000E+00,
17:09:56.35212678, 3.4667E-01, 1.0900E+01,-1.3333E-01,
17:09:56.35212683, 3.4667E-01, 1.0833E+01, 2.6667E-01,
17:09:56.35212688, 3.6000E-01, 1.0900E+01, 1.3333E-01,
17:09:56.35212693, 3.3333E-01, 1.0833E+01, 1.3333E-01,
17:09:56.35212698, 3.4667E-01, 1.0833E+01, 0.0000E+00,
17:09:56.35212703, 3.7333E-01, 1.0867E+01, 1.3333E-01,
17:09:56.35212708, 3.4667E-01, 1.0900E+01,-2.6667E-01,
17:09:56.35212713, 3.3333E-01, 1.0933E+01,-1.3333E-01,
17:09:56.35212718, 3.6000E-01, 1.0833E+01, 0.0000E+00,
17:09:56.35212723, 3.2000E-01, 1.0833E+01, 0.0000E+00,
17:09:56.35212728, 3.4667E-01, 1.0867E+01,-1.3333E-01,
17:09:56.35212733, 3.2000E-01, 1.0833E+01, 2.6667E-01,
17:09:56.35212738, 3.2000E-01, 1.0867E+01,-1.3333E-01,
17:09:56.35212743, 3.6000E-01, 1.0800E+01, 2.6667E-01,
17:09:56.35212748, 3.7333E-01, 1.0933E+01,-1.3333E-01,
17:09:56.35212753, 3.6000E-01, 1.0833E+01, 0.0000E+00,
17:09:56.35212758, 3.7333E-01, 1.0867E+01,-1.3333E-01,
17:09:56.35212763, 3.4667E-01, 1.0800E+01, 0.0000E+00,
17:09:56.35212768, 3.3333E-01, 1.0800E+01, 1.3333E-01,
17:09:56.35212773, 3.2000E-01, 1.0867E+01, 0.0000E+00,
17:09:56.35212778, 3.3333E-01, 1.0933E+01, 4.0000E-01,
17:09:56.35212783, 3.3333E-01, 1.0933E+01, 2.6667E-01,
17:09:56.35212788, 3.6000E-01, 1.0933E+01, 6.6667E-01,
17:09:56.35212793, 3.6000E-01, 1.0900E+01, 0.0000E+00,
17:09:56.35212798, 3.6000E-01, 1.0800E+01,-1.3333E-01,
17:09:56.35212803, 3.2000E-01, 1.0867E+01, 0.0000E+00,
17:09:56.35212808, 3.4667E-01, 1.0833E+01, 0.0000E+00,
17:09:56.35212813, 3.3333E-01, 1.0833E+01, 0.0000E+00,
17:09:56.35212818, 3.2000E-01, 1.0800E+01, 0.0000E+00,
17:09:56.35212823, 3.3333E-01, 1.0900E+01, 0.0000E+00,
17:09:56.35212828, 3.4667E-01, 1.0833E+01, 2.6667E-01,
17:09:56.35212833, 3.0667E-01, 1.0833E+01, 2.6667E-01,
17:09:56.35212838, 3.4667E-01, 1.0900E+01, 4.0000E-01,
17:09:56.35212843, 3.4667E-01, 1.0833E+01, 0.0000E+00,
17:09:56.35212848, 3.2000E-01, 1.0900E+01, 0.0000E+00,
17:09:56.35212853, 3.6000E-01, 1.0833E+01, 2.6667E-01,
17:09:56.35212858, 3.6000E-01, 1.0800E+01,-1.3333E-01,
17:09:56.35212863, 2.9333E-01, 1.0833E+01, 0.0000E+00,
17:09:56.35212868, 3.4667E-01, 1.0867E+01, 0.0000E+00,
17:09:56.35212873, 3.3333E-01, 1.0933E+01, 0.0000E+00,
17:09:56.35212878, 3.0667E-01, 1.0867E+01, 0.0000E+00,
17:09:56.35212883, 3.3333E-01, 1.0867E+01, 5.3333E-01,
17:09:56.35212888, 3.3333E-01, 1.0900E+01, 0.0000E+00,
17:09:56.35212893, 3.0667E-01, 1.0867E+01, 0.0000E+00,
17:09:56.35212898, 3.3333E-01, 1.0767E+01,-1.3333E-01,
17:09:56.35212903, 3.2000E-01, 1.0833E+01, 1.3333E-01,
17:09:56.35212908, 3.3333E-01, 1.0833E+01,-1.3333E-01,
17:09:56.35212913, 3.0667E-01, 1.0800E+01, 0.0000E+00,
17:09:56.35212918, 2.9333E-01, 1.0900E+01, 1.3333E-01,
17:09:56.35212923, 3.3333E-01, 1.0833E+01, 4.0000E-01,
17:09:56.35212928, 3.2000E-01, 1.0867E+01, 4.0000E-01,
17:09:56.35212933, 3.2000E-01, 1.0933E+01, 2.6667E-01,
17:09:56.35212938, 3.3333E-01, 1.0833E+01, 0.0000E+00,
17:09:56.35212943, 3.6000E-01, 1.0867E+01, 5.3333E-01,
17:09:56.35212948, 3.3333E-01, 1.0833E+01, 0.0000E+00,
17:09:56.35212953, 3.2000E-01, 1.0867E+01,-1.3333E-01,
17:09:56.35212958, 2.8000E-01, 1.0833E+01, 1.3333E-01,
17:09:56.35212963, 3.2000E-01, 1.0767E+01,-1.3333E-01,
17:09:56.35212968, 3.0667E-01, 1.0833E+01, 0.0000E+00,
17:09:56.35212973, 3.0667E-01, 1.0833E+01, 1.3333E-01,
17:09:56.35212978, 2.9333E-01, 1.0867E+01, 1.3333E-01,
17:09:56.35212983, 3.3333E-01, 1.0767E+01, 1.3333E-01,
17:09:56.35212988, 3.3333E-01, 1.0867E+01, 0.0000E+00,
17:09:56.35212993, 3.2000E-01, 1.0900E+01, 0.0000E+00,
17:09:56.35212998, 3.2000E-01, 1.0867E+01, 1.3333E-01,
17:09:56.35213003, 3.0667E-01, 1.0800E+01, 0.0000E+00,
17:09:56.35213008, 2.6667E-01, 1.0900E+01,-1.3333E-01,
17:09:56.35213013, 2.8000E-01, 1.0833E+01, 0.0000E+00,
17:09:56.35213018, 2.9333E-01, 1.0833E+01, 0.0000E+00,
17:09:56.35213023, 3.2000E-01, 1.0833E+01, 1.3333E-01,
17:09:56.35213028, 3.2000E-01, 1.0867E+01, 4.0000E-01,
17:09:56.35213033, 3.0667E-01, 1.0867E+01, 4.0000E-01,
17:09:56.35213038, 3.0667E-01, 1.0900E+01, 6.6667E-01,
17:09:56.35213043, 3.3333E-01, 1.0867E+01, 2.6667E-01,
17:09:56.35213048, 3.2000E-01, 1.0867E+01, 1.3333E-01,
17:09:56.35213053, 2.8000E-01, 1.0867E+01, 1.3333E-01,
17:09:56.35213058, 3.0667E-01, 1.0900E+01, 0.0000E+00,
17:09:56.35213063, 2.9333E-01, 1.0867E+01,-1.3333E-01,
17:09:56.35213068, 3.2000E-01, 1.0867E+01, 1.3333E-01,
17:09:56.35213073, 3.2000E-01, 1.0800E+01, 2.6667E-01,
17:09:56.35213078, 3.4667E-01, 1.0800E+01, 1.3333E-01,
17:09:56.35213083, 3.0667E-01, 1.0833E+01, 1.3333E-01,
17:09:56.35213088, 3.0667E-01, 1.0867E+01, 4.0000E-01,
17:09:56.35213093, 3.0667E-01, 1.0867E+01, 2.6667E-01,
17:09:56.35213098, 3.0667E-01, 1.0833E+01, 0.0000E+00,
17:09:56.35213103, 2.9333E-01, 1.0933E+01, 0.0000E+00,
17:09:56.35213108, 3.0667E-01, 1.0900E+01,-1.3333E-01,
17:09:56.35213113, 3.3333E-01, 1.0833E+01,-1.3333E-01,
17:09:56.35213118, 3.0667E-01, 1.0900E+01, 1.3333E-01,
17:09:56.35213123, 3.0667E-01, 1.0900E+01, 0.0000E+00,
17:09:56.35213128, 2.9333E-01, 1.0900E+01, 1.3333E-01,
17:09:56.35213133, 2.9333E-01, 1.0900E+01, 1.3333E-01,
17:09:56.35213138, 3.0667E-01, 1.0867E+01, 1.3333E-01,
17:09:56.35213143, 2.8000E-01, 1.0867E+01, 0.0000E+00,
17:09:56.35213148, 2.9333E-01, 1.0900E+01,-2.6667E-01,
17:09:56.35213153, 2.9333E-01, 1.0867E+01, 1.3333E-01,
17:09:56.35213158, 2.8000E-01, 1.0900E+01, 0.0000E+00,
17:09:56.35213163, 2.9333E-01, 1.0900E+01, 1.3333E-01,
17:09:56.35213168, 3.0667E-01, 1.0833E+01, 1.3333E-01,
17:09:56.35213173, 2.9333E-01, 1.0767E+01, 1.3333E-01,
17:09:56.35213178, 3.0667E-01, 1.0867E+01, 1.3333E-01,
17:09:56.35213183, 3.0667E-01, 1.0867E+01, 0.0000E+00,
17:09:56.35213188, 3.3333E-01, 1.0867E+01, 2.6667E-01,
17:09:56.35213193, 2.8000E-01, 1.0833E+01, 1.3333E-01,
17:09:56.35213198, 2.8000E-01, 1.0800E+01,-1.3333E-01,
17:09:56.35213203, 2.9333E-01, 1.0800E+01, 2.6667E-01,
17:09:56.35213208, 3.0667E-01, 1.0833E+01, 2.6667E-01,
17:09:56.35213213, 2.9333E-01, 1.0867E+01, 2.6667E-01,
17:09:56.35213218, 2.5333E-01, 1.0833E+01, 0.0000E+00,
17:09:56.35213223, 2.9333E-01, 1.0867E+01, 2.6667E-01,
17:09:56.35213228, 2.6667E-01, 1.0867E+01, 4.0000E-01,
17:09:56.35213233, 2.9333E-01, 1.0867E+01, 1.3333E-01,
17:09:56.35213238, 2.6667E-01, 1.0867E+01, 4.0000E-01,
17:09:56.35213243, 3.0667E-01, 1.0800E+01,-1.3333E-01,
17:09:56.35213248, 2.5333E-01, 1.0900E+01, 2.6667E-01,
17:09:56.35213253, 2.5333E-01, 1.0833E+01, 1.3333E-01,
17:09:56.35213258, 2.8000E-01, 1.0867E+01, 2.6667E-01,
17:09:56.35213263, 2.8000E-01, 1.0867E+01, 1.3333E-01,
17:09:56.35213268, 2.9333E-01, 1.0867E+01, 1.3333E-01,
17:09:56.35213273, 3.2000E-01, 1.0900E+01, 0.0000E+00,
17:09:56.35213278, 3.0667E-01, 1.0867E+01, 2.6667E-01,
17:09:56.35213283, 2.8000E-01, 1.0833E+01, 0.0000E+00,
17:09:56.35213288, 2.6667E-01, 1.0867E+01, 0.0000E+00,
17:09:56.35213293, 2.8000E-01, 1.0900E+01, 0.0000E+00,
17:09:56.35213298, 2.5333E-01, 1.0900E+01, 1.3333E-01,
17:09:56.35213303, 2.6667E-01, 1.0933E+01, 2.6667E-01,
17:09:56.35213308, 2.8000E-01, 1.0833E+01,-1.3333E-01,
17:09:56.35213313, 2.8000E-01, 1.0833E+01, 0.0000E+00,
17:09:56.35213318, 2.9333E-01, 1.0867E+01, 1.3333E-01,
17:09:56.35213323, 2.5333E-01, 1.0800E+01, 1.3333E-01,
17:09:56.35213328, 2.9333E-01, 1.0800E+01, 1.3333E-01,
17:09:56.35213333, 2.8000E-01, 1.0867E+01, 2.6667E-01,
17:09:56.35213338, 2.4000E-01, 1.0900E+01,-2.6667E-01,
17:09:56.35213343, 2.8000E-01, 1.0867E+01, 4.0000E-01,
17:09:56.35213348, 2.6667E-01, 1.0900E+01, 0.0000E+00,
17:09:56.35213353, 2.8000E-01, 1.0833E+01,-1.3333E-01,
17:09:56.35213358, 2.5333E-01, 1.0900E+01,-1.3333E-01,
17:09:56.35213363, 2.5333E-01, 1.0900E+01, 2.6667E-01,
17:09:56.35213368, 2.9333E-01, 1.0833E+01, 0.0000E+00,
17:09:56.35213373, 2.8000E-01, 1.0900E+01,-2.6667E-01,
17:09:56.35213378, 2.5333E-01, 1.0867E+01,-1.3333E-01,
17:09:56.35213383, 2.6667E-01, 1.0867E+01,-1.3333E-01,
17:09:56.35213388, 2.9333E-01, 1.0900E+01,-2.6667E-01,
17:09:56.35213393, 2.9333E-01, 1.0900E+01, 2.6667E-01,
17:09:56.35213398, 2.5333E-01, 1.0867E+01, 1.3333E-01,
17:09:56.35213403, 2.5333E-01, 1.0800E+01,-2.6667E-01,
17:09:56.35213408, 2.6667E-01, 1.0933E+01, 0.0000E+00,
17:09:56.35213413, 2.9333E-01, 1.0900E+01,-1.3333E-01,
17:09:56.35213418, 2.8000E-01, 1.0833E+01, 5.3333E-01,
17:09:56.35213423, 2.5333E-01, 1.0800E+01, 2.6667E-01,
17:09:56.35213428, 2.5333E-01, 1.0933E+01,-1.3333E-01,
17:09:56.35213433, 2.4000E-01, 1.0833E+01, 1.3333E-01,
17:09:56.35213438, 2.4000E-01, 1.0867E+01, 1.3333E-01,
17:09:56.35213443, 2.5333E-01, 1.0800E+01, 1.3333E-01,
17:09:56.35213448, 2.6667E-01, 1.0900E+01, 0.0000E+00,
17:09:56.35213453, 2.5333E-01, 1.0900E+01, 0.0000E+00,
17:09:56.35213458, 2.4000E-01, 1.0767E+01, 1.3333E-01,
17:09:56.35213463, 2.8000E-01, 1.0867E+01, 2.6667E-01,
17:09:56.35213468, 2.8000E-01, 1.0867E+01, 4.0000E-01,
17:09:56.35213473, 2.9333E-01, 1.0867E+01, 1.3333E-01,
17:09:56.35213478, 2.4000E-01, 1.0867E+01, 2.6667E-01,
17:09:56.35213483, 2.4000E-01, 1.0900E+01, 0.0000E+00,
17:09:56.35213488, 2.4000E-01, 1.0867E+01,-2.6667E-01,
17:09:56.35213493, 2.8000E-01, 1.0767E+01, 1.3333E-01,
17:09:56.35213498, 2.4000E-01, 1.0867E+01, 0.0000E+00,
17:09:56.35213503, 2.4000E-01, 1.0867E+01, 1.3333E-01,
17:09:56.35213508, 2.4000E-01, 1.0867E+01, 2.6667E-01,
17:09:56.35213513, 2.2667E-01, 1.0867E+01, 1.3333E-01,
17:09:56.35213518, 2.5333E-01, 1.0900E+01, 1.3333E-01,
17:09:56.35213523, 2.5333E-01, 1.0900E+01, 0.0000E+00,
17:09:56.35213528, 2.4000E-01, 1.0833E+01, 0.0000E+00,
17:09:56.35213533, 2.6667E-01, 1.0933E+01, 1.3333E-01,
17:09:56.35213538, 2.6667E-01, 1.0867E+01, 0.0000E+00,
17:09:56.35213543, 2.8000E-01, 1.0867E+01, 0.0000E+00,
17:09:56.35213548, 2.5333E-01, 1.0800E+01, 0.0000E+00,
17:09:56.35213553, 2.4000E-01, 1.0900E+01,-1.3333E-01,
17:09:56.35213558, 2.5333E-01, 1.0933E+01,-1.3333E-01,
17:09:56.35213563, 2.4000E-01, 1.0833E+01, 1.3333E-01,
17:09:56.35213568, 2.5333E-01, 1.0800E+01, 1.3333E-01,
17:09:56.35213573, 2.2667E-01, 1.0867E+01, 1.3333E-01,
17:09:56.35213578, 2.5333E-01, 1.0867E+01, 0.0000E+00,
17:09:56.35213583, 2.2667E-01, 1.0867E+01, 1.3333E-01,
17:09:56.35213588, 2.2667E-01, 1.0900E+01, 0.0000E+00,
17:09:56.35213593, 2.2667E-01, 1.0900E+01, 2.6667E-01,
17:09:56.35213598, 2.6667E-01, 1.0833E+01, 1.3333E-01,
17:09:56.35213603, 2.5333E-01, 1.0800E+01, 2.6667E-01,
17:09:56.35213608, 2.5333E-01, 1.0833E+01, 0.0000E+00,
17:09:56.35213613, 2.5333E-01, 1.0867E+01, 4.0000E-01,
17:09:56.35213618, 2.5333E-01, 1.0833E+01,-1.3333E-01,
17:09:56.35213623, 2.2667E-01, 1.0900E+01, 1.3333E-01,
17:09:56.35213628, 2.5333E-01, 1.0900E+01, 1.3333E-01,
17:09:56.35213633, 2.4000E-01, 1.0900E+01, 2.6667E-01,
17:09:56.35213638, 2.2667E-01, 1.0767E+01, 2.6667E-01,
17:09:56.35213643, 2.4000E-01, 1.0800E+01,-2.6667E-01,
17:09:56.35213648, 2.4000E-01, 1.0767E+01, 6.6667E-01,
17:09:56.35213653, 2.4000E-01, 1.0900E+01, 0.0000E+00,
17:09:56.35213658, 2.4000E-01, 1.0833E+01, 4.0000E-01,
17:09:56.35213663, 2.6667E-01, 1.0833E+01, 2.6667E-01,
17:09:56.35213668, 2.2667E-01, 1.0867E+01, 2.6667E-01,
17:09:56.35213673, 2.4000E-01, 1.0933E+01, 0.0000E+00,
17:09:56.35213678, 2.1333E-01, 1.0900E+01, 1.3333E-01,
17:09:56.35213683, 2.2667E-01, 1.0833E+01, 0.0000E+00,
17:09:56.35213688, 2.4000E-01, 1.0900E+01,-1.3333E-01,
17:09:56.35213693, 2.2667E-01, 1.0900E+01, 0.0000E+00,
17:09:56.35213698, 2.4000E-01, 1.0900E+01, 1.3333E-01,
17:09:56.35213703, 2.4000E-01, 1.0833E+01, 0.0000E+00,
17:09:56.35213708, 2.4000E-01, 1.0867E+01, 1.3333E-01,
17:09:56.35213713, 2.1333E-01, 1.0867E+01, 0.0000E+00,
17:09:56.35213718, 2.5333E-01, 1.0867E+01, 1.3333E-01,
17:09:56.35213723, 2.2667E-01, 1.0867E+01, 2.6667E-01,
17:09:56.35213728, 2.2667E-01, 1.0833E+01, 2.6667E-01,
17:09:56.35213733, 2.0000E-01, 1.0867E+01,-1.3333E-01,
17:09:56.35213738, 2.5333E-01, 1.0900E+01, 1.3333E-01,
17:09:56.35213743, 2.2667E-01, 1.0833E+01,-2.6667E-01,
17:09:56.35213748, 2.2667E-01, 1.0867E+01, 1.3333E-01,
17:09:56.35213753, 2.2667E-01, 1.0900E+01, 1.3333E-01,
17:09:56.35213758, 2.2667E-01, 1.0867E+01, 1.3333E-01,
17:09:56.35213763, 2.2667E-01, 1.0867E+01, 0.0000E+00,
17:09:56.35213768, 2.4000E-01, 1.0900E+01, 0.0000E+00,
17:09:56.35213773, 2.1333E-01, 1.0833E+01, 4.0000E-01,
17:09:56.35213778, 2.0000E-01, 1.0900E+01, 1.3333E-01,
17:09:56.35213783, 2.1333E-01, 1.0800E+01, 1.3333E-01,
17:09:56.35213788, 2.2667E-01, 1.0767E+01, 1.3333E-01,
17:09:56.35213793, 2.2667E-01, 1.0900E+01, 2.6667E-01,
17:09:56.35213798, 2.2667E-01, 1.0800E+01, 0.0000E+00,
17:09:56.35213803, 2.5333E-01, 1.0867E+01, 0.0000E+00,
17:09:56.35213808, 2.2667E-01, 1.0833E+01, 2.6667E-01,
17:09:56.35213813, 2.4000E-01, 1.0900E+01, 2.6667E-01,
17:09:56.35213818, 2.2667E-01, 1.0867E+01, 1.3333E-01,
17:09:56.35213823, 2.2667E-01, 1.0833E+01, 0.0000E+00,
17:09:56.35213828, 2.2667E-01, 1.0833E+01, 1.3333E-01,
17:09:56.35213833, 2.2667E-01, 1.0900E+01, 1.3333E-01,
17:09:56.35213838, 1.8667E-01, 1.0867E+01, 1.3333E-01,
17:09:56.35213843, 2.4000E-01, 1.0833E+01, 1.3333E-01,
17:09:56.35213848, 2.0000E-01, 1.0867E+01, 0.0000E+00,
17:09:56.35213853, 2.2667E-01, 1.0767E+01,-2.6667E-01,
17:09:56.35213858, 2.1333E-01, 1.0933E+01, 2.6667E-01,
17:09:56.35213863, 2.2667E-01, 1.0833E+01, 0.0000E+00,
17:09:56.35213868, 2.2667E-01, 1.0900E+01, 1.3333E-01,
17:09:56.35213873, 1.7333E-01, 1.0833E+01, 2.6667E-01,
17:09:56.35213878, 2.2667E-01, 1.0833E+01, 1.3333E-01,
17:09:56.35213883, 2.2667E-01, 1.0967E+01, 0.0000E+00,
17:09:56.35213888, 2.2667E-01, 1.0867E+01, 0.0000E+00,
17:09:56.35213893, 2.2667E-01, 1.0900E+01, 0.0000E+00,
17:09:56.35213898, 2.1333E-01, 1.0833E+01,-2.6667E-01,
17:09:56.35213903, 2.0000E-01, 1.0900E+01, 0.0000E+00,
17:09:56.35213908, 2.1333E-01, 1.0867E+01, 2.6667E-01,
17:09:56.35213913, 2.2667E-01, 1.0933E+01, 0.0000E+00,
17:09:56.35213918, 2.1333E-01, 1.0867E+01, 1.3333E-01,
17:09:56.35213923, 2.2667E-01, 1.0900E+01, 0.0000E+00,
17:09:56.35213928, 2.1333E-01, 1.0867E+01, 1.3333E-01,
17:09:56.35213933, 2.1333E-01, 1.0900E+01, 1.3333E-01,
17:09:56.35213938, 2.1333E-01, 1.0767E+01, 0.0000E+00,
17:09:56.35213943, 2.2667E-01, 1.0800E+01, 1.3333E-01,
17:09:56.35213948, 2.5333E-01, 1.0900E+01, 1.3333E-01,
17:09:56.35213953, 2.4000E-01, 1.0867E+01, 0.0000E+00,
17:09:56.35213958, 2.2667E-01, 1.0933E+01, 1.3333E-01,
17:09:56.35213963, 2.1333E-01, 1.0800E+01, 1.3333E-01,
17:09:56.35213968, 2.0000E-01, 1.0867E+01, 1.3333E-01,
17:09:56.35213973, 2.0000E-01, 1.0833E+01, 1.3333E-01,
17:09:56.35213978, 2.1333E-01, 1.0833E+01,-1.3333E-01,
17:09:56.35213983, 1.8667E-01, 1.0933E+01, 0.0000E+00,
17:09:56.35213988, 2.2667E-01, 1.0900E+01,-2.6667E-01,
17:09:56.35213993, 2.2667E-01, 1.0867E+01,-1.3333E-01,
17:09:56.35213998, 2.4000E-01, 1.0933E+01, 0.0000E+00,
17:09:56.35214003, 2.2667E-01, 1.0900E+01,-2.6667E-01,
17:09:56.35214008, 2.0000E-01, 1.0867E+01, 2.6667E-01,
17:09:56.35214013, 1.8667E-01, 1.0867E+01, 5.3333E-01,
17:09:56.35214018, 2.1333E-01, 1.0933E+01,-2.6667E-01,
17:09:56.35214023, 2.0000E-01, 1.0867E+01, 1.3333E-01,
17:09:56.35214028, 2.1333E-01, 1.0867E+01, 1.3333E-01,
17:09:56.35214033, 2.2667E-01, 1.0933E+01,-1.3333E-01,
17:09:56.35214038, 2.1333E-01, 1.0833E+01,-1.3333E-01,
17:09:56.35214043, 2.1333E-01, 1.0867E+01, 0.0000E+00,
17:09:56.35214048, 2.2667E-01, 1.0933E+01, 2.6667E-01,
17:09:56.35214053, 2.1333E-01, 1.0867E+01, 1.3333E-01,
17:09:56.35214058, 2.0000E-01, 1.0867E+01, 1.3333E-01,
17:09:56.35214063, 2.1333E-01, 1.0833E+01, 0.0000E+00,
17:09:56.35214068, 2.0000E-01, 1.0833E+01, 2.6667E-01,
17:09:56.35214073, 2.1333E-01, 1.0933E+01,-2.6667E-01,
17:09:56.35214078, 2.2667E-01, 1.0833E+01, 0.0000E+00,
17:09:56.35214083, 2.0000E-01, 1.0833E+01, 0.0000E+00,
17:09:56.35214088, 2.0000E-01, 1.0867E+01, 2.6667E-01,
17:09:56.35214093, 2.0000E-01, 1.0900E+01, 1.3333E-01,
17:09:56.35214098, 2.1333E-01, 1.0900E+01, 1.3333E-01,
17:09:56.35214103, 2.1333E-01, 1.0833E+01, 1.3333E-01,
17:09:56.35214108, 1.6000E-01, 1.0900E+01,-1.3333E-01,
17:09:56.35214113, 2.1333E-01, 1.0933E+01, 1.3333E-01,
17:09:56.35214118, 1.7333E-01, 1.0833E+01, 1.3333E-01,
17:09:56.35214123, 2.1333E-01, 1.0767E+01, 0.0000E+00,
17:09:56.35214128, 2.1333E-01, 1.0833E+01, 1.3333E-01,
17:09:56.35214133, 2.1333E-01, 1.0767E+01,-1.3333E-01,
17:09:56.35214138, 1.8667E-01, 1.0867E+01,-1.3333E-01,
17:09:56.35214143, 2.0000E-01, 1.0833E+01,-1.3333E-01,
17:09:56.35214148, 2.0000E-01, 1.0867E+01,-1.3333E-01,
17:09:56.35214153, 1.8667E-01, 1.0800E+01, 0.0000E+00,
17:09:56.35214158, 2.1333E-01, 1.0900E+01, 0.0000E+00,
17:09:56.35214163, 1.8667E-01, 1.0800E+01, 0.0000E+00,
17:09:56.35214168, 1.7333E-01, 1.0933E+01,-2.6667E-01,
17:09:56.35214173, 1.8667E-01, 1.0867E+01,-2.6667E-01,
17:09:56.35214178, 1.8667E-01, 1.0800E+01, 0.0000E+00,
17:09:56.35214183, 1.8667E-01, 1.0833E+01, 0.0000E+00,
17:09:56.35214188, 2.0000E-01, 1.0867E+01, 4.0000E-01,
17:09:56.35214193, 2.1333E-01, 1.0900E+01, 1.3333E-01,
17:09:56.35214198, 1.7333E-01, 1.0900E+01, 1.3333E-01,
17:09:56.35214203, 2.0000E-01, 1.0833E+01, 0.0000E+00,
17:09:56.35214208, 1.7333E-01, 1.0867E+01, 2.6667E-01,
17:09:56.35214213, 2.0000E-01, 1.0900E+01, 1.3333E-01,
17:09:56.35214218, 1.8667E-01, 1.0867E+01, 2.6667E-01,
17:09:56.35214223, 2.1333E-01, 1.0867E+01, 1.3333E-01,
17:09:56.35214228, 1.8667E-01, 1.0900E+01, 2.6667E-01,
17:09:56.35214233, 2.1333E-01, 1.0867E+01, 1.3333E-01,
17:09:56.35214238, 2.0000E-01, 1.0900E+01,-1.3333E-01,
17:09:56.35214243, 2.0000E-01, 1.0867E+01, 4.0000E-01,
17:09:56.35214248, 1.8667E-01, 1.0900E+01, 2.6667E-01,
17:09:56.35214253, 1.6000E-01, 1.0800E+01,-1.3333E-01,
17:09:56.35214258, 1.7333E-01, 1.0867E+01, 0.0000E+00,
17:09:56.35214263, 2.0000E-01, 1.0900E+01,-2.6667E-01,
17:09:56.35214268, 2.0000E-01, 1.0833E+01, 1.3333E-01,
17:09:56.35214273, 2.1333E-01, 1.0767E+01, 0.0000E+00,
17:09:56.35214278, 2.1333E-01, 1.0833E+01, 0.0000E+00,
17:09:56.35214283, 2.1333E-01, 1.0800E+01, 0.0000E+00,
17:09:56.35214288, 1.8667E-01, 1.0900E+01, 0.0000E+00,
17:09:56.35214293, 2.0000E-01, 1.0867E+01, 1.3333E-01,
17:09:56.35214298, 2.0000E-01, 1.0833E+01, 4.0000E-01,
17:09:56.35214303, 2.0000E-01, 1.0867E+01, 2.6667E-01,
17:09:56.35214308, 1.8667E-01, 1.0800E+01, 0.0000E+00,
17:09:56.35214313, 1.7333E-01, 1.0900E+01, 2.6667E-01,
17:09:56.35214318, 1.8667E-01, 1.0867E+01, 2.6667E-01,
17:09:56.35214323, 1.7333E-01, 1.0800E+01, 1.3333E-01,
17:09:56.35214328, 2.0000E-01, 1.0833E+01, 1.3333E-01,
17:09:56.35214333, 2.0000E-01, 1.0900E+01,-2.6667E-01,
17:09:56.35214338, 2.2667E-01, 1.0900E+01, 2.6667E-01,
17:09:56.35214343, 2.0000E-01, 1.0833E+01, 4.0000E-01,
17:09:56.35214348, 1.4667E-01, 1.0900E+01, 1.3333E-01,
17:09:56.35214353, 1.7333E-01, 1.0867E+01, 2.6667E-01,
17:09:56.35214358, 1.8667E-01, 1.0800E+01, 0.0000E+00,
17:09:56.35214363, 2.0000E-01, 1.0867E+01, 4.0000E-01,
17:09:56.35214368, 2.0000E-01, 1.0833E+01, 0.0000E+00,
17:09:56.35214373, 2.0000E-01, 1.0867E+01, 1.3333E-01,
17:09:56.35214378, 2.0000E-01, 1.0800E+01, 0.0000E+00,
17:09:56.35214383, 1.8667E-01, 1.0867E+01, 1.3333E-01,
17:09:56.35214388, 1.7333E-01, 1.0833E+01, 5.3333E-01,
17:09:56.35214393, 1.8667E-01, 1.0867E+01,-1.3333E-01,
17:09:56.35214398, 1.4667E-01, 1.0967E+01, 1.3333E-01,
17:09:56.35214403, 1.8667E-01, 1.0867E+01, 4.0000E-01,
17:09:56.35214408, 1.7333E-01, 1.0867E+01, 0.0000E+00,
17:09:56.35214413, 1.8667E-01, 1.0900E+01, 1.3333E-01,
17:09:56.35214418, 2.2667E-01, 1.0900E+01,-1.3333E-01,
17:09:56.35214423, 2.0000E-01, 1.0833E+01, 2.6667E-01,
17:09:56.35214428, 1.7333E-01, 1.0767E+01,-1.3333E-01,
17:09:56.35214433, 2.0000E-01, 1.0933E+01,-1.3333E-01,
17:09:56.35214438, 1.8667E-01, 1.0867E+01, 1.3333E-01,
17:09:56.35214443, 1.8667E-01, 1.0833E+01, 5.3333E-01,
17:09:56.35214448, 1.7333E-01, 1.0833E+01, 0.0000E+00,
17:09:56.35214453, 1.8667E-01, 1.0900E+01, 0.0000E+00,
17:09:56.35214458, 2.0000E-01, 1.0833E+01, 2.6667E-01,
17:09:56.35214463, 1.7333E-01, 1.0800E+01,-2.6667E-01,
17:09:56.35214468, 2.0000E-01, 1.0833E+01, 0.0000E+00,
17:09:56.35214473, 2.1333E-01, 1.0767E+01,-2.6667E-01,
17:09:56.35214478, 1.7333E-01, 1.0900E+01, 0.0000E+00,
17:09:56.35214483, 2.0000E-01, 1.0833E+01,-1.3333E-01,
17:09:56.35214488, 1.7333E-01, 1.0800E+01, 1.3333E-01,
17:09:56.35214493, 1.6000E-01, 1.0867E+01, 2.6667E-01,
17:09:56.35214498, 1.6000E-01, 1.0833E+01, 1.3333E-01,
17:09:56.35214503, 1.7333E-01, 1.0867E+01, 0.0000E+00,
17:09:56.35214508, 1.6000E-01, 1.0800E+01,-2.6667E-01,
17:09:56.35214513, 1.7333E-01, 1.0833E+01,-2.6667E-01,
17:09:56.35214518, 2.1333E-01, 1.0833E+01, 0.0000E+00,
17:09:56.35214523, 1.6000E-01, 1.0867E+01,-1.3333E-01,
17:09:56.35214528, 1.8667E-01, 1.0867E+01, 0.0000E+00,
17:09:56.35214533, 1.7333E-01, 1.0900E+01, 0.0000E+00,
17:09:56.35214538, 1.8667E-01, 1.0833E+01,-1.3333E-01,
17:09:56.35214543, 1.6000E-01, 1.0767E+01, 2.6667E-01,
17:09:56.35214548, 1.4667E-01, 1.0867E+01, 4.0000E-01,
17:09:56.35214553, 1.6000E-01, 1.0900E+01, 0.0000E+00,
17:09:56.35214558, 1.7333E-01, 1.0800E+01,-1.3333E-01,
17:09:56.35214563, 1.8667E-01, 1.0833E+01,-2.6667E-01,
17:09:56.35214568, 1.7333E-01, 1.0867E+01,-2.6667E-01,
17:09:56.35214573, 1.4667E-01, 1.0900E+01,-6.6667E-01,
17:09:56.35214578, 1.4667E-01, 1.0867E+01, 0.0000E+00,
17:09:56.35214583, 2.0000E-01, 1.0900E+01, 1.3333E-01,
17:09:56.35214588, 1.4667E-01, 1.0900E+01, 1.3333E-01,
17:09:56.35214593, 1.7333E-01, 1.0900E+01, 4.0000E-01,
17:09:56.35214598, 1.6000E-01, 1.0867E+01,-2.6667E-01,
17:09:56.35214603, 1.6000E-01, 1.0800E+01, 1.3333E-01,
17:09:56.35214608, 1.3333E-01, 1.0800E+01, 0.0000E+00,
17:09:56.35214613, 1.8667E-01, 1.0867E+01, 0.0000E+00,
17:09:56.35214618, 1.6000E-01, 1.0833E+01, 1.3333E-01,
17:09:56.35214623, 1.4667E-01, 1.0833E+01, 0.0000E+00,
17:09:56.35214628, 1.6000E-01, 1.0867E+01, 1.3333E-01,
17:09:56.35214633, 2.0000E-01, 1.0900E+01, 2.6667E-01,
17:09:56.35214638, 1.7333E-01, 1.0833E+01, 1.3333E-01,
17:09:56.35214643, 1.4667E-01, 1.0800E+01, 2.6667E-01,
17:09:56.35214648, 1.8667E-01, 1.0900E+01,-1.3333E-01,
17:09:56.35214653, 1.7333E-01, 1.0867E+01, 0.0000E+00,
17:09:56.35214658, 1.4667E-01, 1.0833E+01, 1.3333E-01,
17:09:56.35214663, 1.6000E-01, 1.0900E+01, 1.3333E-01,
17:09:56.35214668, 1.6000E-01, 1.0800E+01, 0.0000E+00,
17:09:56.35214673, 1.6000E-01, 1.0933E+01, 1.3333E-01,
17:09:56.35214678, 1.6000E-01, 1.0900E+01,-1.3333E-01,
17:09:56.35214683, 1.4667E-01, 1.0867E+01, 6.6667E-01,
17:09:56.35214688, 1.8667E-01, 1.0833E+01, 2.6667E-01,
17:09:56.35214693, 1.4667E-01, 1.0833E+01, 6.6667E-01,
17:09:56.35214698, 1.6000E-01, 1.0800E+01, 1.3333E-01,
17:09:56.35214703, 1.3333E-01, 1.0900E+01, 0.0000E+00,
17:09:56.35214708, 1.6000E-01, 1.0833E+01, 0.0000E+00,
17:09:56.35214713, 2.0000E-01, 1.0833E+01,-1.3333E-01,
17:09:56.35214718, 1.4667E-01, 1.0933E+01,-1.3333E-01,
17:09:56.35214723, 1.4667E-01, 1.0867E+01, 0.0000E+00,
17:09:56.35214728, 1.6000E-01, 1.0867E+01, 1.3333E-01,
17:09:56.35214733, 1.4667E-01, 1.0867E+01, 2.6667E-01,
17:09:56.35214738, 1.6000E-01, 1.0900E+01, 1.3333E-01,
17:09:56.35214743, 1.3333E-01, 1.0900E+01, 0.0000E+00,
17:09:56.35214748, 1.6000E-01, 1.0900E+01, 4.0000E-01,
17:09:56.35214753, 1.4667E-01, 1.0900E+01, 0.0000E+00,
17:09:56.35214758, 1.6000E-01, 1.0833E+01,-4.0000E-01,
17:09:56.35214763, 1.7333E-01, 1.0900E+01, 0.0000E+00,
17:09:56.35214768, 1.6000E-01, 1.0833E+01, 4.0000E-01,
17:09:56.35214773, 1.3333E-01, 1.0867E+01, 2.6667E-01,
17:09:56.35214778, 1.3333E-01, 1.0867E+01, 4.0000E-01,
17:09:56.35214783, 1.4667E-01, 1.0833E+01, 2.6667E-01,
17:09:56.35214788, 1.6000E-01, 1.0833E+01,-1.3333E-01,
17:09:56.35214793, 1.6000E-01, 1.0867E+01, 2.6667E-01,
17:09:56.35214798, 1.3333E-01, 1.0833E+01,-1.3333E-01,
17:09:56.35214803, 1.6000E-01, 1.1000E+01,-1.3333E-01,
17:09:56.35214808, 2.0000E-01, 1.0900E+01, 1.3333E-01,
17:09:56.35214813, 1.6000E-01, 1.0900E+01, 2.6667E-01,
17:09:56.35214818, 1.7333E-01, 1.0800E+01,-1.3333E-01,
17:09:56.35214823, 1.3333E-01, 1.0933E+01, 0.0000E+00,
17:09:56.35214828, 1.4667E-01, 1.0833E+01, 1.3333E-01,
17:09:56.35214833, 1.4667E-01, 1.0867E+01, 2.6667E-01,
17:09:56.35214838, 1.4667E-01, 1.0867E+01,-2.6667E-01,
17:09:56.35214843, 1.8667E-01, 1.0867E+01, 2.6667E-01,
17:09:56.35214848, 1.4667E-01, 1.0867E+01,-2.6667E-01,
17:09:56.35214853, 1.6000E-01, 1.0833E+01, 1.3333E-01,
17:09:56.35214858, 1.3333E-01, 1.0833E+01, 1.3333E-01,
17:09:56.35214863, 1.6000E-01, 1.0867E+01, 1.3333E-01,
17:09:56.35214868, 1.2000E-01, 1.0933E+01,-1.3333E-01,
17:09:56.35214873, 1.6000E-01, 1.0767E+01, 2.6667E-01,
17:09:56.35214878, 1.3333E-01, 1.0867E+01, 1.3333E-01,
17:09:56.35214883, 1.3333E-01, 1.0800E+01, 2.6667E-01,
17:09:56.35214888, 1.3333E-01, 1.0800E+01, 2.6667E-01,
17:09:56.35214893, 1.2000E-01, 1.0867E+01, 4.0000E-01,
17:09:56.35214898, 1.3333E-01, 1.0933E+01, 0.0000E+00,
17:09:56.35214903, 2.0000E-01, 1.0900E+01,-1.3333E-01,
17:09:56.35214908, 1.4667E-01, 1.0867E+01, 0.0000E+00,
17:09:56.35214913, 1.4667E-01, 1.0900E+01, 1.3333E-01,
17:09:56.35214918, 1.3333E-01, 1.0833E+01, 1.3333E-01,
17:09:56.35214923, 1.3333E-01, 1.0833E+01,-1.3333E-01,
17:09:56.35214928, 1.2000E-01, 1.0867E+01, 4.0000E-01,
17:09:56.35214933, 1.3333E-01, 1.0900E+01, 1.3333E-01,
17:09:56.35214938, 1.7333E-01, 1.0933E+01,-1.3333E-01,
17:09:56.35214943, 1.3333E-01, 1.0767E+01,-1.3333E-01,
17:09:56.35214948, 1.4667E-01, 1.0833E+01, 4.0000E-01,
17:09:56.35214953, 1.4667E-01, 1.0867E+01, 2.6667E-01,
17:09:56.35214958, 1.6000E-01, 1.0833E+01, 0.0000E+00,
17:09:56.35214963, 1.4667E-01, 1.0900E+01,-1.3333E-01,
17:09:56.35214968, 1.3333E-01, 1.0867E+01, 4.0000E-01,
17:09:56.35214973, 1.6000E-01, 1.0833E+01,-1.3333E-01,
17:09:56.35214978, 1.2000E-01, 1.0833E+01,-1.3333E-01,
17:09:56.35214983, 1.3333E-01, 1.0833E+01, 0.0000E+00,
17:09:56.35214988, 1.4667E-01, 1.0867E+01,-1.3333E-01,
17:09:56.35214993, 1.7333E-01, 1.0900E+01, 2.6667E-01,
17:09:56.35214998, 1.4667E-01, 1.0867E+01, 1.3333E-01,
17:09:56.35215003, 1.3333E-01, 1.0867E+01, 0.0000E+00,
17:09:56.35215008, 1.3333E-01, 1.0833E+01,-1.3333E-01,
17:09:56.35215013, 1.2000E-01, 1.0867E+01, 0.0000E+00,
17:09:56.35215018, 1.3333E-01, 1.0833E+01, 1.3333E-01,
17:09:56.35215023, 1.0667E-01, 1.0867E+01, 0.0000E+00,
17:09:56.35215028, 9.3333E-02, 1.0867E+01,-1.3333E-01,
17:09:56.35215033, 1.2000E-01, 1.0900E+01, 1.3333E-01,
17:09:56.35215038, 1.4667E-01, 1.0833E+01, 1.3333E-01,
17:09:56.35215043, 1.3333E-01, 1.0900E+01,-1.3333E-01,
17:09:56.35215048, 1.4667E-01, 1.0833E+01, 0.0000E+00,
17:09:56.35215053, 1.3333E-01, 1.0933E+01, 2.6667E-01,
17:09:56.35215058, 1.4667E-01, 1.0800E+01, 1.3333E-01,
17:09:56.35215063, 1.6000E-01, 1.0900E+01, 1.3333E-01,
17:09:56.35215068, 1.4667E-01, 1.0900E+01,-1.3333E-01,
17:09:56.35215073, 1.3333E-01, 1.0867E+01, 4.0000E-01,
17:09:56.35215078, 1.3333E-01, 1.0867E+01,-2.6667E-01,
17:09:56.35215083, 1.3333E-01, 1.0867E+01, 2.6667E-01,
17:09:56.35215088, 1.2000E-01, 1.0833E+01, 0.0000E+00,
17:09:56.35215093, 1.4667E-01, 1.0933E+01,-1.3333E-01,
17:09:56.35215098, 1.4667E-01, 1.0833E+01,-1.3333E-01,
17:09:56.35215103, 1.3333E-01, 1.0867E+01,-2.6667E-01,
17:09:56.35215108, 1.4667E-01, 1.0867E+01, 2.6667E-01,
17:09:56.35215113, 1.2000E-01, 1.0933E+01, 0.0000E+00,
17:09:56.35215118, 1.3333E-01, 1.0833E+01,-1.3333E-01,
17:09:56.35215123, 1.3333E-01, 1.0833E+01, 0.0000E+00,
17:09:56.35215128, 1.2000E-01, 1.0900E+01, 1.3333E-01,
17:09:56.35215133, 1.4667E-01, 1.0833E+01, 1.3333E-01,
17:09:56.35215138, 1.6000E-01, 1.0833E+01, 0.0000E+00,
17:09:56.35215143, 1.2000E-01, 1.0900E+01,-2.6667E-01,
17:09:56.35215148, 1.3333E-01, 1.0900E+01, 1.3333E-01,
17:09:56.35215153, 1.3333E-01, 1.0833E+01,-1.3333E-01,
17:09:56.35215158, 9.3333E-02, 1.0833E+01, 1.3333E-01,
17:09:56.35215163, 1.2000E-01, 1.0967E+01, 0.0000E+00,
17:09:56.35215168, 1.3333E-01, 1.0867E+01, 1.3333E-01,
17:09:56.35215173, 1.2000E-01, 1.0867E+01,-1.3333E-01,
17:09:56.35215178, 1.4667E-01, 1.0867E+01, 2.6667E-01,
17:09:56.35215183, 1.3333E-01, 1.0900E+01, 1.3333E-01,
17:09:56.35215188, 1.4667E-01, 1.0833E+01, 0.0000E+00,
17:09:56.35215193, 1.3333E-01, 1.0867E+01, 0.0000E+00,
17:09:56.35215198, 1.4667E-01, 1.0900E+01, 1.3333E-01,
17:09:56.35215203, 1.4667E-01, 1.0833E+01,-1.3333E-01,
17:09:56.35215208, 1.3333E-01, 1.0900E+01,-1.3333E-01,
17:09:56.35215213, 1.0667E-01, 1.0933E+01, 0.0000E+00,
17:09:56.35215218, 1.2000E-01, 1.0933E+01, 1.3333E-01,
17:09:56.35215223, 1.2000E-01, 1.0900E+01, 4.0000E-01,
17:09:56.35215228, 1.2000E-01, 1.0800E+01, 1.3333E-01,
17:09:56.35215233, 1.3333E-01, 1.0833E+01,-2.6667E-01,
17:09:56.35215238, 1.2000E-01, 1.0900E+01, 0.0000E+00,
17:09:56.35215243, 1.2000E-01, 1.0833E+01, 1.3333E-01,
17:09:56.35215248, 1.6000E-01, 1.0867E+01,-1.3333E-01,
17:09:56.35215253, 1.3333E-01, 1.0933E+01, 0.0000E+00,
17:09:56.35215258, 1.2000E-01, 1.0867E+01, 0.0000E+00,
17:09:56.35215263, 1.0667E-01, 1.0867E+01, 4.0000E-01,
17:09:56.35215268, 1.2000E-01, 1.0800E+01,-1.3333E-01,
17:09:56.35215273, 1.6000E-01, 1.0967E+01, 1.3333E-01,
17:09:56.35215278, 1.3333E-01, 1.0900E+01, 5.3333E-01,
17:09:56.35215283, 1.4667E-01, 1.0867E+01,-1.3333E-01,
17:09:56.35215288, 1.4667E-01, 1.0833E+01, 0.0000E+00,
17:09:56.35215293, 1.3333E-01, 1.0933E+01, 1.3333E-01,
17:09:56.35215298, 1.3333E-01, 1.0867E+01, 1.3333E-01,
17:09:56.35215303, 1.6000E-01, 1.0833E+01,-4.0000E-01,
17:09:56.35215308, 9.3333E-02, 1.0833E+01, 2.6667E-01,
17:09:56.35215313, 1.0667E-01, 1.0767E+01,-1.3333E-01,
17:09:56.35215318, 1.3333E-01, 1.0900E+01, 4.0000E-01,
17:09:56.35215323, 1.2000E-01, 1.0833E+01, 2.6667E-01,
17:09:56.35215328, 1.0667E-01, 1.0867E+01, 2.6667E-01,
17:09:56.35215333, 1.2000E-01, 1.0867E+01, 0.0000E+00,
17:09:56.35215338, 1.3333E-01, 1.0900E+01, 0.0000E+00,
17:09:56.35215343, 1.2000E-01, 1.0800E+01, 1.3333E-01,
17:09:56.35215348, 1.2000E-01, 1.0800E+01, 0.0000E+00,
17:09:56.35215353, 1.3333E-01, 1.0800E+01, 0.0000E+00,
17:09:56.35215358, 1.0667E-01, 1.0800E+01,-2.6667E-01,
17:09:56.35215363, 9.3333E-02, 1.0867E+01, 0.0000E+00,
17:09:56.35215368, 1.2000E-01, 1.0900E+01, 4.0000E-01,
17:09:56.35215373, 1.2000E-01, 1.0833E+01, 5.3333E-01,
17:09:56.35215378, 1.4667E-01, 1.0867E+01, 4.0000E-01,
17:09:56.35215383, 1.3333E-01, 1.0867E+01, 0.0000E+00,
17:09:56.35215388, 1.0667E-01, 1.0900E+01, 1.3333E-01,
17:09:56.35215393, 1.2000E-01, 1.0867E+01, 4.0000E-01,
17:09:56.35215398, 1.3333E-01, 1.0900E+01, 1.3333E-01,
17:09:56.35215403, 1.0667E-01, 1.0933E+01,-1.3333E-01,
17:09:56.35215408, 1.2000E-01, 1.0900E+01, 2.6667E-01,
17:09:56.35215413, 1.3333E-01, 1.0867E+01,-1.3333E-01,
17:09:56.35215418, 1.0667E-01, 1.0900E+01, 1.3333E-01,
17:09:56.35215423, 1.3333E-01, 1.0900E+01, 0.0000E+00,
17:09:56.35215428, 1.4667E-01, 1.0800E+01, 0.0000E+00,
17:09:56.35215433, 1.0667E-01, 1.0900E+01, 1.3333E-01,
17:09:56.35215438, 1.2000E-01, 1.0900E+01,-2.6667E-01,
17:09:56.35215443, 1.2000E-01, 1.0900E+01, 1.3333E-01,
17:09:56.35215448, 1.2000E-01, 1.0867E+01, 1.3333E-01,
17:09:56.35215453, 9.3333E-02, 1.0833E+01,-2.6667E-01,
17:09:56.35215458, 9.3333E-02, 1.0833E+01, 2.6667E-01,
17:09:56.35215463, 1.3333E-01, 1.0900E+01, 0.0000E+00,
17:09:56.35215468, 1.2000E-01, 1.0867E+01, 2.6667E-01,
17:09:56.35215473, 1.0667E-01, 1.0933E+01, 2.6667E-01,
17:09:56.35215478, 1.3333E-01, 1.0867E+01, 1.3333E-01,
17:09:56.35215483, 1.2000E-01, 1.0867E+01,-2.6667E-01,
17:09:56.35215488, 1.3333E-01, 1.0833E+01, 2.6667E-01,
17:09:56.35215493, 9.3333E-02, 1.0833E+01, 0.0000E+00,
17:09:56.35215498, 1.2000E-01, 1.0833E+01, 2.6667E-01,
17:09:56.35215503, 9.3333E-02, 1.0867E+01,-1.3333E-01,
17:09:56.35215508, 1.0667E-01, 1.0867E+01, 0.0000E+00,
17:09:56.35215513, 1.3333E-01, 1.0867E+01, 1.3333E-01,
17:09:56.35215518, 1.2000E-01, 1.0867E+01, 0.0000E+00,
17:09:56.35215523, 1.3333E-01, 1.0867E+01,-1.3333E-01,
17:09:56.35215528, 1.0667E-01, 1.0900E+01, 0.0000E+00,
17:09:56.35215533, 1.2000E-01, 1.0900E+01, 0.0000E+00,
17:09:56.35215538, 1.0667E-01, 1.0867E+01,-1.3333E-01,
17:09:56.35215543, 1.2000E-01, 1.0900E+01, 1.3333E-01,
17:09:56.35215548, 8.0000E-02, 1.0833E+01, 0.0000E+00,
17:09:56.35215553, 1.0667E-01, 1.0867E+01, 2.6667E-01,
17:09:56.35215558, 9.3333E-02, 1.0833E+01, 0.0000E+00,
17:09:56.35215563, 1.0667E-01, 1.0867E+01,-1.3333E-01,
17:09:56.35215568, 1.2000E-01, 1.0867E+01, 2.6667E-01,
17:09:56.35215573, 9.3333E-02, 1.0867E+01, 0.0000E+00,
17:09:56.35215578, 1.0667E-01, 1.0867E+01, 1.3333E-01,
17:09:56.35215583, 1.2000E-01, 1.0800E+01, 2.6667E-01,
17:09:56.35215588, 9.3333E-02, 1.0867E+01,-1.3333E-01,
17:09:56.35215593, 1.0667E-01, 1.0900E+01, 4.0000E-01,
17:09:56.35215598, 1.2000E-01, 1.0800E+01, 1.3333E-01,
17:09:56.35215603, 1.0667E-01, 1.0867E+01, 2.6667E-01,
17:09:56.35215608, 1.0667E-01, 1.0900E+01, 2.6667E-01,
17:09:56.35215613, 1.0667E-01, 1.0833E+01, 0.0000E+00,
17:09:56.35215618, 1.3333E-01, 1.0833E+01, 1.3333E-01,
17:09:56.35215623, 8.0000E-02, 1.0900E+01,-2.6667E-01,
17:09:56.35215628, 1.3333E-01, 1.0867E+01,-1.3333E-01,
17:09:56.35215633, 1.2000E-01, 1.0833E+01, 2.6667E-01,
17:09:56.35215638, 8.0000E-02, 1.0867E+01, 2.6667E-01,
17:09:56.35215643, 9.3333E-02, 1.0867E+01, 1.3333E-01,
17:09:56.35215648, 9.3333E-02, 1.0867E+01, 0.0000E+00,
17:09:56.35215653, 8.0000E-02, 1.0867E+01, 1.3333E-01,
17:09:56.35215658, 8.0000E-02, 1.0933E+01, 4.0000E-01,
17:09:56.35215663, 1.3333E-01, 1.0833E+01, 4.0000E-01,
17:09:56.35215668, 8.0000E-02, 1.0933E+01, 6.6667E-01,
17:09:56.35215673, 1.2000E-01, 1.0867E+01, 1.3333E-01,
17:09:56.35215678, 8.0000E-02, 1.0800E+01, 0.0000E+00,
17:09:56.35215683, 8.0000E-02, 1.0933E+01, 0.0000E+00,
17:09:56.35215688, 1.0667E-01, 1.0900E+01, 1.3333E-01,
17:09:56.35215693, 9.3333E-02, 1.0767E+01,-2.6667E-01,
17:09:56.35215698, 1.0667E-01, 1.0867E+01, 2.6667E-01,
17:09:56.35215703, 1.2000E-01, 1.0867E+01, 2.6667E-01,
17:09:56.35215708, 1.0667E-01, 1.0900E+01,-1.3333E-01,
17:09:56.35215713, 9.3333E-02, 1.0867E+01, 1.3333E-01,
17:09:56.35215718, 1.2000E-01, 1.0833E+01, 4.0000E-01,
17:09:56.35215723, 1.2000E-01, 1.0833E+01,-1.3333E-01,
17:09:56.35215728, 8.0000E-02, 1.0800E+01, 1.3333E-01,
17:09:56.35215733, 1.0667E-01, 1.0833E+01, 0.0000E+00,
17:09:56.35215738, 6.6667E-02, 1.0800E+01, 2.6667E-01,
17:09:56.35215743, 1.0667E-01, 1.0867E+01, 1.3333E-01,
17:09:56.35215748, 9.3333E-02, 1.0900E+01, 0.0000E+00,
17:09:56.35215753, 1.2000E-01, 1.0833E+01, 1.3333E-01,
17:09:56.35215758, 9.3333E-02, 1.0833E+01,-1.3333E-01,
17:09:56.35215763, 1.0667E-01, 1.0867E+01, 1.3333E-01,
17:09:56.35215768, 1.0667E-01, 1.0900E+01, 0.0000E+00,
17:09:56.35215773, 9.3333E-02, 1.0800E+01, 0.0000E+00,
17:09:56.35215778, 9.3333E-02, 1.0833E+01,-2.6667E-01,
17:09:56.35215783, 1.0667E-01, 1.0833E+01,-2.6667E-01,
17:09:56.35215788, 9.3333E-02, 1.0967E+01,-1.3333E-01,
17:09:56.35215793, 8.0000E-02, 1.0833E+01, 1.3333E-01,
17:09:56.35215798, 9.3333E-02, 1.0800E+01, 1.3333E-01,
17:09:56.35215803, 9.3333E-02, 1.0900E+01, 0.0000E+00,
17:09:56.35215808, 1.2000E-01, 1.0867E+01, 1.3333E-01,
17:09:56.35215813, 1.3333E-01, 1.0800E+01, 1.3333E-01,
17:09:56.35215818, 9.3333E-02, 1.0900E+01, 4.0000E-01,
17:09:56.35215823, 1.2000E-01, 1.0800E+01,-1.3333E-01,
17:09:56.35215828, 9.3333E-02, 1.0900E+01,-1.3333E-01,
17:09:56.35215833, 9.3333E-02, 1.0900E+01, 1.3333E-01,
17:09:56.35215838, 9.3333E-02, 1.0900E+01, 2.6667E-01,
17:09:56.35215843, 8.0000E-02, 1.0833E+01,-1.3333E-01,
17:09:56.35215848, 9.3333E-02, 1.0833E+01, 5.3333E-01,
17:09:56.35215853, 1.2000E-01, 1.0867E+01,-2.6667E-01,
17:09:56.35215858, 8.0000E-02, 1.0867E+01, 2.6667E-01,
17:09:56.35215863, 1.3333E-01, 1.0900E+01, 1.3333E-01,
17:09:56.35215868, 1.0667E-01, 1.0767E+01, 1.3333E-01,
17:09:56.35215873, 9.3333E-02, 1.0833E+01, 0.0000E+00,
17:09:56.35215878, 1.2000E-01, 1.0867E+01, 1.3333E-01,
17:09:56.35215883, 8.0000E-02, 1.0833E+01, 2.6667E-01,
17:09:56.35215888, 9.3333E-02, 1.0833E+01, 2.6667E-01,
17:09:56.35215893, 6.6667E-02, 1.0833E+01, 4.0000E-01,
17:09:56.35215898, 9.3333E-02, 1.0933E+01, 2.6667E-01,
17:09:56.35215903, 1.0667E-01, 1.0867E+01, 2.6667E-01,
17:09:56.35215908, 9.3333E-02, 1.0867E+01, 2.6667E-01,
17:09:56.35215913, 1.0667E-01, 1.0933E+01, 1.3333E-01,
17:09:56.35215918, 1.0667E-01, 1.0867E+01, 1.3333E-01,
17:09:56.35215923, 1.0667E-01, 1.0800E+01, 1.3333E-01,
17:09:56.35215928, 9.3333E-02, 1.0900E+01, 1.3333E-01,
17:09:56.35215933, 1.0667E-01, 1.0867E+01, 4.0000E-01,
17:09:56.35215938, 9.3333E-02, 1.0833E+01,-2.6667E-01,
17:09:56.35215943, 1.0667E-01, 1.0867E+01, 2.6667E-01,
17:09:56.35215948, 9.3333E-02, 1.0800E+01,-1.3333E-01,
17:09:56.35215953, 1.0667E-01, 1.0833E+01, 2.6667E-01,
17:09:56.35215958, 8.0000E-02, 1.0833E+01,-1.3333E-01,
17:09:56.35215963, 1.0667E-01, 1.0900E+01, 1.3333E-01,
17:09:56.35215968, 8.0000E-02, 1.0867E+01, 0.0000E+00,
17:09:56.35215973, 9.3333E-02, 1.0800E+01, 2.6667E-01,
17:09:56.35215978, 8.0000E-02, 1.0867E+01, 0.0000E+00,
17:09:56.35215983, 8.0000E-02, 1.0833E+01, 2.6667E-01,
17:09:56.35215988, 1.0667E-01, 1.0800E+01, 0.0000E+00,
17:09:56.35215993, 8.0000E-02, 1.0867E+01, 1.3333E-01,
17:09:56.35215998, 1.2000E-01, 1.0800E+01, 0.0000E+00,
17:09:56.35216003, 1.0667E-01, 1.0833E+01, 6.6667E-01,
17:09:56.35216008, 1.0667E-01, 1.0900E+01, 1.3333E-01,
17:09:56.35216013, 9.3333E-02, 1.0867E+01, 0.0000E+00,
17:09:56.35216018, 8.0000E-02, 1.0800E+01, 1.3333E-01,
17:09:56.35216023, 1.0667E-01, 1.0867E+01, 0.0000E+00,
17:09:56.35216028, 9.3333E-02, 1.0900E+01, 4.0000E-01,
17:09:56.35216033, 8.0000E-02, 1.0867E+01,-1.3333E-01,
17:09:56.35216038, 9.3333E-02, 1.0833E+01, 1.3333E-01,
17:09:56.35216043, 1.2000E-01, 1.0833E+01, 1.3333E-01,
17:09:56.35216048, 1.0667E-01, 1.0867E+01, 0.0000E+00,
17:09:56.35216053, 1.2000E-01, 1.0800E+01,-1.3333E-01,
17:09:56.35216058, 9.3333E-02, 1.0833E+01,-1.3333E-01,
17:09:56.35216063, 8.0000E-02, 1.0867E+01, 1.3333E-01,
17:09:56.35216068, 8.0000E-02, 1.0900E+01, 0.0000E+00,
17:09:56.35216073, 8.0000E-02, 1.0833E+01, 1.3333E-01,
17:09:56.35216078, 6.6667E-02, 1.0900E+01, 2.6667E-01,
17:09:56.35216083, 8.0000E-02, 1.0833E+01,-1.3333E-01,
17:09:56.35216088, 9.3333E-02, 1.0867E+01, 2.6667E-01,
17:09:56.35216093, 8.0000E-02, 1.0900E+01,-1.3333E-01,
17:09:56.35216098, 1.0667E-01, 1.0900E+01, 2.6667E-01,
17:09:56.35216103, 1.2000E-01, 1.0867E+01,-1.3333E-01,
17:09:56.35216108, 9.3333E-02, 1.0767E+01, 2.6667E-01,
17:09:56.35216113, 9.3333E-02, 1.0900E+01, 1.3333E-01,
17:09:56.35216118, 8.0000E-02, 1.0800E+01, 0.0000E+00,
17:09:56.35216123, 8.0000E-02, 1.0867E+01, 0.0000E+00,
17:09:56.35216128, 8.0000E-02, 1.0900E+01, 0.0000E+00,
17:09:56.35216133, 8.0000E-02, 1.0800E+01, 1.3333E-01,
17:09:56.35216138, 9.3333E-02, 1.0900E+01, 2.6667E-01,
17:09:56.35216143, 9.3333E-02, 1.0767E+01, 2.6667E-01,
17:09:56.35216148, 8.0000E-02, 1.0933E+01, 4.0000E-01,
17:09:56.35216153, 9.3333E-02, 1.0833E+01, 1.3333E-01,
17:09:56.35216158, 1.2000E-01, 1.0867E+01, 2.6667E-01,
17:09:56.35216163, 8.0000E-02, 1.0833E+01, 1.3333E-01,
17:09:56.35216168, 8.0000E-02, 1.0900E+01,-1.3333E-01,
17:09:56.35216173, 9.3333E-02, 1.0900E+01, 0.0000E+00,
17:09:56.35216178, 8.0000E-02, 1.0800E+01, 0.0000E+00,
17:09:56.35216183, 8.0000E-02, 1.0833E+01,-1.3333E-01,
17:09:56.35216188, 9.3333E-02, 1.0867E+01,-1.3333E-01,
17:09:56.35216193, 1.0667E-01, 1.0833E+01, 2.6667E-01,
17:09:56.35216198, 8.0000E-02, 1.0833E+01, 1.3333E-01,
17:09:56.35216203, 1.3333E-01, 1.0900E+01, 1.3333E-01,
17:09:56.35216208, 8.0000E-02, 1.0867E+01, 0.0000E+00,
17:09:56.35216213, 9.3333E-02, 1.0833E+01, 1.3333E-01,
17:09:56.35216218, 6.6667E-02, 1.0800E+01, 4.0000E-01,
17:09:56.35216223, 6.6667E-02, 1.0867E+01,-1.3333E-01,
17:09:56.35216228, 8.0000E-02, 1.0867E+01, 0.0000E+00,
17:09:56.35216233, 8.0000E-02, 1.0833E+01, 0.0000E+00,
17:09:56.35216238, 8.0000E-02, 1.0767E+01, 1.3333E-01,
17:09:56.35216243, 9.3333E-02, 1.0900E+01, 1.3333E-01,
17:09:56.35216248, 1.0667E-01, 1.0867E+01, 1.3333E-01,
17:09:56.35216253, 9.3333E-02, 1.0900E+01, 0.0000E+00,
17:09:56.35216258, 8.0000E-02, 1.0833E+01, 0.0000E+00,
17:09:56.35216263, 8.0000E-02, 1.0800E+01,-4.0000E-01,
17:09:56.35216268, 8.0000E-02, 1.0900E+01,-1.3333E-01,
17:09:56.35216273, 8.0000E-02, 1.0833E+01, 1.3333E-01,
17:09:56.35216278, 8.0000E-02, 1.0800E+01, 0.0000E+00,
17:09:56.35216283, 8.0000E-02, 1.0833E+01, 1.3333E-01,
17:09:56.35216288, 9.3333E-02, 1.0900E+01, 1.3333E-01,
17:09:56.35216293, 1.0667E-01, 1.0833E+01, 4.0000E-01,
17:09:56.35216298, 6.6667E-02, 1.0867E+01, 2.6667E-01,
17:09:56.35216303, 8.0000E-02, 1.0867E+01, 1.3333E-01,
17:09:56.35216308, 1.0667E-01, 1.0933E+01, 0.0000E+00,
17:09:56.35216313, 8.0000E-02, 1.0867E+01,-1.3333E-01,
17:09:56.35216318, 8.0000E-02, 1.0900E+01, 1.3333E-01,
17:09:56.35216323, 9.3333E-02, 1.0867E+01,-1.3333E-01,
17:09:56.35216328, 8.0000E-02, 1.0867E+01, 0.0000E+00,
17:09:56.35216333, 1.0667E-01, 1.0833E+01, 2.6667E-01,
17:09:56.35216338, 1.3333E-01, 1.0900E+01, 2.6667E-01,
17:09:56.35216343, 8.0000E-02, 1.0867E+01, 1.3333E-01,
17:09:56.35216348, 8.0000E-02, 1.0867E+01, 1.3333E-01,
17:09:56.35216353, 8.0000E-02, 1.0800E+01,-1.3333E-01,
17:09:56.35216358, 8.0000E-02, 1.0767E+01, 2.6667E-01,
17:09:56.35216363, 5.3333E-02, 1.0833E+01, 6.6667E-01,
17:09:56.35216368, 6.6667E-02, 1.0900E+01,-1.3333E-01,
17:09:56.35216373, 8.0000E-02, 1.0867E+01,-2.6667E-01,
17:09:56.35216378, 1.0667E-01, 1.0833E+01, 0.0000E+00,
17:09:56.35216383, 8.0000E-02, 1.0800E+01, 1.3333E-01,
17:09:56.35216388, 8.0000E-02, 1.0833E+01, 2.6667E-01,
17:09:56.35216393, 8.0000E-02, 1.0867E+01, 2.6667E-01,
17:09:56.35216398, 9.3333E-02, 1.0833E+01, 0.0000E+00,
17:09:56.35216403, 8.0000E-02, 1.0800E+01, 2.6667E-01,
17:09:56.35216408, 8.0000E-02, 1.0833E+01, 0.0000E+00,
17:09:56.35216413, 8.0000E-02, 1.0867E+01,-1.3333E-01,
17:09:56.35216418, 8.0000E-02, 1.0867E+01,-1.3333E-01,
17:09:56.35216423, 6.6667E-02, 1.0867E+01, 1.3333E-01,
17:09:56.35216428, 6.6667E-02, 1.0867E+01, 2.6667E-01,
17:09:56.35216433, 8.0000E-02, 1.0933E+01, 0.0000E+00,
17:09:56.35216438, 8.0000E-02, 1.0800E+01, 4.0000E-01,
17:09:56.35216443, 8.0000E-02, 1.0800E+01, 4.0000E-01,
17:09:56.35216448, 9.3333E-02, 1.0833E+01, 0.0000E+00,
17:09:56.35216453, 5.3333E-02, 1.0800E+01, 2.6667E-01,
17:09:56.35216458, 5.3333E-02, 1.0867E+01, 2.6667E-01,
17:09:56.35216463, 8.0000E-02, 1.0800E+01, 2.6667E-01,
17:09:56.35216468, 8.0000E-02, 1.0833E+01,-1.3333E-01,
17:09:56.35216473, 8.0000E-02, 1.0833E+01, 1.3333E-01,
17:09:56.35216478, 6.6667E-02, 1.0933E+01, 0.0000E+00,
17:09:56.35216483, 8.0000E-02, 1.0900E+01, 1.3333E-01,
17:09:56.35216488, 8.0000E-02, 1.0867E+01, 1.3333E-01,
17:09:56.35216493, 8.0000E-02, 1.0867E+01, 2.6667E-01,
17:09:56.35216498, 9.3333E-02, 1.0933E+01, 2.6667E-01,
17:09:56.35216503, 8.0000E-02, 1.0833E+01, 1.3333E-01,
17:09:56.35216508, 6.6667E-02, 1.0900E+01, 0.0000E+00,
17:09:56.35216513, 9.3333E-02, 1.0867E+01,-1.3333E-01,
17:09:56.35216518, 6.6667E-02, 1.0833E+01,-1.3333E-01,
17:09:56.35216523, 8.0000E-02, 1.0900E+01, 0.0000E+00,
17:09:56.35216528, 8.0000E-02, 1.0967E+01, 4.0000E-01,
17:09:56.35216533, 9.3333E-02, 1.0900E+01, 1.3333E-01,
17:09:56.35216538, 6.6667E-02, 1.0933E+01, 6.6667E-01,
17:09:56.35216543, 8.0000E-02, 1.0867E+01,-2.6667E-01,
17:09:56.35216548, 8.0000E-02, 1.0833E+01, 0.0000E+00,
17:09:56.35216553, 5.3333E-02, 1.0833E+01,-1.3333E-01,
17:09:56.35216558, 6.6667E-02, 1.0800E+01, 1.3333E-01,
17:09:56.35216563, 8.0000E-02, 1.0867E+01, 0.0000E+00,
17:09:56.35216568, 1.0667E-01, 1.0900E+01,-1.3333E-01,
17:09:56.35216573, 8.0000E-02, 1.0833E+01, 5.3333E-01,
17:09:56.35216578, 8.0000E-02, 1.0833E+01, 2.6667E-01,
17:09:56.35216583, 9.3333E-02, 1.0833E+01,-2.6667E-01,
17:09:56.35216588, 6.6667E-02, 1.0800E+01, 1.3333E-01,
17:09:56.35216593, 8.0000E-02, 1.0900E+01, 4.0000E-01,
17:09:56.35216598, 6.6667E-02, 1.0900E+01, 0.0000E+00,
17:09:56.35216603, 6.6667E-02, 1.0800E+01, 1.3333E-01,
17:09:56.35216608, 5.3333E-02, 1.0833E+01, 0.0000E+00,
17:09:56.35216613, 8.0000E-02, 1.0833E+01, 2.6667E-01,
17:09:56.35216618, 6.6667E-02, 1.0833E+01, 1.3333E-01,
17:09:56.35216623, 1.0667E-01, 1.0900E+01, 0.0000E+00,
17:09:56.35216628, 8.0000E-02, 1.0867E+01, 1.3333E-01,
17:09:56.35216633, 8.0000E-02, 1.0933E+01, 0.0000E+00,
17:09:56.35216638, 8.0000E-02, 1.0867E+01,-1.3333E-01,
17:09:56.35216643, 6.6667E-02, 1.0900E+01, 0.0000E+00,
17:09:56.35216648, 6.6667E-02, 1.0833E+01, 0.0000E+00,
17:09:56.35216653, 4.0000E-02, 1.0833E+01, 1.3333E-01,
17:09:56.35216658, 8.0000E-02, 1.0867E+01, 0.0000E+00,
17:09:56.35216663, 8.0000E-02, 1.0900E+01, 2.6667E-01,
17:09:56.35216668, 8.0000E-02, 1.0867E+01, 0.0000E+00,
17:09:56.35216673, 8.0000E-02, 1.0833E+01, 1.3333E-01,
17:09:56.35216678, 8.0000E-02, 1.0867E+01, 0.0000E+00,
17:09:56.35216683, 8.0000E-02, 1.0900E+01, 1.3333E-01,
17:09:56.35216688, 6.6667E-02, 1.0867E+01, 1.3333E-01,
17:09:56.35216693, 5.3333E-02, 1.0833E+01,-1.3333E-01,
17:09:56.35216698, 5.3333E-02, 1.0933E+01, 0.0000E+00,
17:09:56.35216703, 9.3333E-02, 1.0867E+01, 2.6667E-01,
17:09:56.35216708, 6.6667E-02, 1.0867E+01, 0.0000E+00,
17:09:56.35216713, 9.3333E-02, 1.0900E+01, 1.3333E-01,
17:09:56.35216718, 9.3333E-02, 1.0900E+01, 2.6667E-01,
17:09:56.35216723, 9.3333E-02, 1.0833E+01, 4.0000E-01,
17:09:56.35216728, 8.0000E-02, 1.0867E+01, 1.3333E-01,
17:09:56.35216733, 8.0000E-02, 1.0900E+01, 5.3333E-01,
17:09:56.35216738, 8.0000E-02, 1.0867E+01,-1.3333E-01,
17:09:56.35216743, 6.6667E-02, 1.0867E+01, 1.3333E-01,
17:09:56.35216748, 6.6667E-02, 1.0833E+01,-1.3333E-01,
17:09:56.35216753, 8.0000E-02, 1.0867E+01,-2.6667E-01,
17:09:56.35216758, 6.6667E-02, 1.0867E+01, 4.0000E-01,
17:09:56.35216763, 9.3333E-02, 1.0867E+01, 1.3333E-01,
17:09:56.35216768, 8.0000E-02, 1.0900E+01, 0.0000E+00,
17:09:56.35216773, 9.3333E-02, 1.0867E+01, 2.6667E-01,
17:09:56.35216778, 6.6667E-02, 1.0900E+01, 0.0000E+00,
17:09:56.35216783, 6.6667E-02, 1.0867E+01, 4.0000E-01,
17:09:56.35216788, 6.6667E-02, 1.0900E+01, 2.6667E-01,
17:09:56.35216793, 5.3333E-02, 1.0867E+01, 1.3333E-01,
17:09:56.35216798, 6.6667E-02, 1.0767E+01, 1.3333E-01,
17:09:56.35216803, 6.6667E-02, 1.0833E+01,-2.6667E-01,
17:09:56.35216808, 8.0000E-02, 1.0900E+01,-2.6667E-01,
17:09:56.35216813, 6.6667E-02, 1.0867E+01,-1.3333E-01,
17:09:56.35216818, 9.3333E-02, 1.0933E+01, 0.0000E+00,
17:09:56.35216823, 8.0000E-02, 1.0900E+01, 0.0000E+00,
17:09:56.35216828, 8.0000E-02, 1.0900E+01, 1.3333E-01,
17:09:56.35216833, 6.6667E-02, 1.0900E+01, 1.3333E-01,
17:09:56.35216838, 5.3333E-02, 1.0867E+01, 0.0000E+00,
17:09:56.35216843, 6.6667E-02, 1.0800E+01, 4.0000E-01,
17:09:56.35216848, 8.0000E-02, 1.0900E+01, 0.0000E+00,
17:09:56.35216853, 5.3333E-02, 1.0967E+01,-1.3333E-01,
17:09:56.35216858, 8.0000E-02, 1.0900E+01, 1.3333E-01,
17:09:56.35216863, 6.6667E-02, 1.0800E+01, 0.0000E+00,
17:09:56.35216868, 9.3333E-02, 1.0900E+01, 0.0000E+00,
17:09:56.35216873, 6.6667E-02, 1.0833E+01,-1.3333E-01,
17:09:56.35216878, 8.0000E-02, 1.0900E+01, 1.3333E-01,
17:09:56.35216883, 8.0000E-02, 1.0800E+01, 2.6667E-01,
17:09:56.35216888, 5.3333E-02, 1.0933E+01, 4.0000E-01,
17:09:56.35216893, 5.3333E-02, 1.0867E+01, 0.0000E+00,
17:09:56.35216898, 8.0000E-02, 1.0900E+01,-2.6667E-01,
17:09:56.35216903, 8.0000E-02, 1.0867E+01, 0.0000E+00,
17:09:56.35216908, 5.3333E-02, 1.0867E+01, 2.6667E-01,
17:09:56.35216913, 8.0000E-02, 1.0933E+01, 0.0000E+00,
17:09:56.35216918, 6.6667E-02, 1.0900E+01, 2.6667E-01,
17:09:56.35216923, 8.0000E-02, 1.0867E+01, 0.0000E+00,
17:09:56.35216928, 8.0000E-02, 1.0867E+01, 2.6667E-01,
17:09:56.35216933, 5.3333E-02, 1.0867E+01, 2.6667E-01,
17:09:56.35216938, 6.6667E-02, 1.0867E+01, 1.3333E-01,
17:09:56.35216943, 8.0000E-02, 1.0867E+01,-2.6667E-01,
17:09:56.35216948, 5.3333E-02, 1.0867E+01, 1.3333E-01,
17:09:56.35216953, 4.0000E-02, 1.0900E+01, 1.3333E-01,
17:09:56.35216958, 8.0000E-02, 1.0900E+01, 0.0000E+00,
17:09:56.35216963, 9.3333E-02, 1.0833E+01, 1.3333E-01,
17:09:56.35216968, 8.0000E-02, 1.0900E+01, 0.0000E+00,
17:09:56.35216973, 8.0000E-02, 1.0833E+01,-1.3333E-01,
17:09:56.35216978, 6.6667E-02, 1.0933E+01, 1.3333E-01,
17:09:56.35216983, 8.0000E-02, 1.0867E+01, 0.0000E+00,
17:09:56.35216988, 6.6667E-02, 1.0900E+01,-4.0000E-01,
17:09:56.35216993, 6.6667E-02, 1.0900E+01, 1.3333E-01,
17:09:56.35216998, 6.6667E-02, 1.0800E+01, 2.6667E-01,
17:09:56.35217003, 6.6667E-02, 1.0833E+01, 1.3333E-01,
17:09:56.35217008, 8.0000E-02, 1.0800E+01, 1.3333E-01,
17:09:56.35217013, 8.0000E-02, 1.0833E+01, 2.6667E-01,
17:09:56.35217018, 6.6667E-02, 1.0867E+01, 1.3333E-01,
17:09:56.35217023, 8.0000E-02, 1.0867E+01, 1.3333E-01,
17:09:56.35217028, 6.6667E-02, 1.0833E+01, 4.0000E-01,
17:09:56.35217033, 5.3333E-02, 1.0800E+01, 1.3333E-01,
17:09:56.35217038, 8.0000E-02, 1.0833E+01, 0.0000E+00,
17:09:56.35217043, 6.6667E-02, 1.0867E+01, 0.0000E+00,
17:09:56.35217048, 8.0000E-02, 1.0800E+01, 1.3333E-01,
17:09:56.35217053, 9.3333E-02, 1.0933E+01,-1.3333E-01,
17:09:56.35217058, 6.6667E-02, 1.0900E+01, 2.6667E-01,
17:09:56.35217063, 6.6667E-02, 1.0833E+01, 0.0000E+00,
17:09:56.35217068, 6.6667E-02, 1.0833E+01, 2.6667E-01,
17:09:56.35217073, 6.6667E-02, 1.0800E+01, 4.0000E-01,
17:09:56.35217078, 5.3333E-02, 1.0800E+01, 2.6667E-01,
17:09:56.35217083, 6.6667E-02, 1.0867E+01, 5.3333E-01,
17:09:56.35217088, 8.0000E-02, 1.0933E+01,-2.6667E-01,
17:09:56.35217093, 8.0000E-02, 1.0833E+01,-2.6667E-01,
17:09:56.35217098, 5.3333E-02, 1.0800E+01,-2.6667E-01,
17:09:56.35217103, 5.3333E-02, 1.0833E+01, 1.3333E-01,
17:09:56.35217108, 8.0000E-02, 1.0867E+01, 0.0000E+00,
17:09:56.35217113, 8.0000E-02, 1.0900E+01, 0.0000E+00,
17:09:56.35217118, 6.6667E-02, 1.0900E+01, 4.0000E-01,
17:09:56.35217123, 8.0000E-02, 1.0867E+01, 4.0000E-01,
17:09:56.35217128, 1.3333E-02, 1.0833E+01, 0.0000E+00,
17:09:56.35217133, 6.6667E-02, 1.0933E+01, 1.3333E-01,
17:09:56.35217138, 5.3333E-02, 1.0900E+01,-2.6667E-01,
17:09:56.35217143, 6.6667E-02, 1.0967E+01, 2.6667E-01,
17:09:56.35217148, 4.0000E-02, 1.0900E+01,-1.3333E-01,
17:09:56.35217153, 5.3333E-02, 1.0900E+01, 1.3333E-01,
17:09:56.35217158, 8.0000E-02, 1.0900E+01,-2.6667E-01,
17:09:56.35217163, 9.3333E-02, 1.0833E+01, 4.0000E-01,
17:09:56.35217168, 5.3333E-02, 1.0867E+01, 2.6667E-01,
17:09:56.35217173, 8.0000E-02, 1.0867E+01, 1.3333E-01,
17:09:56.35217178, 5.3333E-02, 1.0867E+01, 1.3333E-01,
17:09:56.35217183, 2.6667E-02, 1.0833E+01, 4.0000E-01,
17:09:56.35217188, 4.0000E-02, 1.0867E+01,-1.3333E-01,
17:09:56.35217193, 5.3333E-02, 1.0833E+01,-2.6667E-01,
17:09:56.35217198, 5.3333E-02, 1.0933E+01, 1.3333E-01,
17:09:56.35217203, 8.0000E-02, 1.0867E+01,-1.3333E-01,
17:09:56.35217208, 6.6667E-02, 1.0867E+01, 1.3333E-01,
17:09:56.35217213, 8.0000E-02, 1.0833E+01, 4.0000E-01,
17:09:56.35217218, 8.0000E-02, 1.0767E+01,-1.3333E-01,
17:09:56.35217223, 4.0000E-02, 1.0867E+01, 1.3333E-01,
17:09:56.35217228, 4.0000E-02, 1.0900E+01, 1.3333E-01,
17:09:56.35217233, 6.6667E-02, 1.0833E+01, 1.3333E-01,
17:09:56.35217238, 8.0000E-02, 1.0900E+01, 1.3333E-01,
17:09:56.35217243, 8.0000E-02, 1.0833E+01, 0.0000E+00,
17:09:56.35217248, 8.0000E-02, 1.0900E+01, 2.6667E-01,
17:09:56.35217253, 9.3333E-02, 1.0833E+01, 0.0000E+00,
17:09:56.35217258, 5.3333E-02, 1.0867E+01, 2.6667E-01,
17:09:56.35217263, 5.3333E-02, 1.0867E+01, 1.3333E-01,
17:09:56.35217268, 4.0000E-02, 1.0900E+01, 2.6667E-01,
17:09:56.35217273, 4.0000E-02, 1.0833E+01, 2.6667E-01,
17:09:56.35217278, 1.3333E-02, 1.0800E+01, 2.6667E-01,
17:09:56.35217283, 4.0000E-02, 1.0867E+01, 1.3333E-01,
17:09:56.35217288, 6.6667E-02, 1.0833E+01, 0.0000E+00,
17:09:56.35217293, 8.0000E-02, 1.0800E+01,-1.3333E-01,
17:09:56.35217298, 8.0000E-02, 1.0833E+01, 0.0000E+00,
17:09:56.35217303, 4.0000E-02, 1.0867E+01, 0.0000E+00,
17:09:56.35217308, 8.0000E-02, 1.0867E+01, 0.0000E+00,
17:09:56.35217313, 5.3333E-02, 1.0867E+01, 2.6667E-01,
17:09:56.35217318, 5.3333E-02, 1.0967E+01, 2.6667E-01,
17:09:56.35217323, 4.0000E-02, 1.0900E+01, 4.0000E-01,
17:09:56.35217328, 5.3333E-02, 1.0867E+01, 1.3333E-01,
17:09:56.35217333, 6.6667E-02, 1.0800E+01, 0.0000E+00,
17:09:56.35217338, 5.3333E-02, 1.0800E+01, 2.6667E-01,
17:09:56.35217343, 8.0000E-02, 1.0833E+01, 1.3333E-01,
17:09:56.35217348, 6.6667E-02, 1.0800E+01, 1.3333E-01,
17:09:56.35217353, 5.3333E-02, 1.0900E+01, 2.6667E-01,
17:09:56.35217358, 6.6667E-02, 1.0833E+01, 2.6667E-01,
17:09:56.35217363, 8.0000E-02, 1.0867E+01, 5.3333E-01,
17:09:56.35217368, 6.6667E-02, 1.0933E+01,-1.3333E-01,
17:09:56.35217373, 4.0000E-02, 1.0800E+01, 0.0000E+00,
17:09:56.35217378, 4.0000E-02, 1.0933E+01, 1.3333E-01,
17:09:56.35217383, 6.6667E-02, 1.0867E+01, 2.6667E-01,
17:09:56.35217388, 8.0000E-02, 1.0867E+01, 2.6667E-01,
17:09:56.35217393, 5.3333E-02, 1.0900E+01, 0.0000E+00,
17:09:56.35217398, 5.3333E-02, 1.0867E+01, 1.3333E-01,
17:09:56.35217403, 2.6667E-02, 1.0833E+01, 1.3333E-01,
17:09:56.35217408, 4.0000E-02, 1.0833E+01, 2.6667E-01,
17:09:56.35217413, 4.0000E-02, 1.0867E+01, 2.6667E-01,
17:09:56.35217418, 4.0000E-02, 1.0800E+01, 2.6667E-01,
17:09:56.35217423, 6.6667E-02, 1.0833E+01, 2.6667E-01,
17:09:56.35217428, 9.3333E-02, 1.0867E+01, 1.3333E-01,
17:09:56.35217433, 9.3333E-02, 1.0900E+01,-1.3333E-01,
17:09:56.35217438, 9.3333E-02, 1.0867E+01, 1.3333E-01,
17:09:56.35217443, 2.6667E-02, 1.0867E+01, 0.0000E+00,
17:09:56.35217448, 8.0000E-02, 1.0833E+01, 1.3333E-01,
17:09:56.35217453, 4.0000E-02, 1.0833E+01, 0.0000E+00,
17:09:56.35217458, 5.3333E-02, 1.0833E+01, 1.3333E-01,
17:09:56.35217463, 6.6667E-02, 1.0900E+01, 6.6667E-01,
17:09:56.35217468, 5.3333E-02, 1.0767E+01, 0.0000E+00,
17:09:56.35217473, 5.3333E-02, 1.0900E+01, 4.0000E-01,
17:09:56.35217478, 8.0000E-02, 1.0867E+01, 1.3333E-01,
17:09:56.35217483, 5.3333E-02, 1.0833E+01,-1.3333E-01,
17:09:56.35217488, 6.6667E-02, 1.0867E+01, 0.0000E+00,
17:09:56.35217493, 6.6667E-02, 1.0867E+01, 0.0000E+00,
17:09:56.35217498, 6.6667E-02, 1.0833E+01,-4.0000E-01,
17:09:56.35217503, 6.6667E-02, 1.0867E+01, 0.0000E+00,
17:09:56.35217508, 4.0000E-02, 1.0833E+01, 4.0000E-01,
17:09:56.35217513, 5.3333E-02, 1.0867E+01, 1.3333E-01,
17:09:56.35217518, 6.6667E-02, 1.0967E+01, 1.3333E-01,
17:09:56.35217523, 8.0000E-02, 1.0867E+01, 0.0000E+00,
17:09:56.35217528, 9.3333E-02, 1.0833E+01, 0.0000E+00,
17:09:56.35217533, 6.6667E-02, 1.0867E+01, 1.3333E-01,
17:09:56.35217538, 6.6667E-02, 1.0867E+01, 0.0000E+00,
17:09:56.35217543, 8.0000E-02, 1.0900E+01, 2.6667E-01,
17:09:56.35217548, 6.6667E-02, 1.0900E+01, 2.6667E-01,
17:09:56.35217553, 4.0000E-02, 1.0900E+01, 2.6667E-01,
17:09:56.35217558, 4.0000E-02, 1.0867E+01, 1.3333E-01,
17:09:56.35217563, 4.0000E-02, 1.0867E+01,-1.3333E-01,
17:09:56.35217568, 5.3333E-02, 1.0900E+01, 2.6667E-01,
17:09:56.35217573, 5.3333E-02, 1.0933E+01, 4.0000E-01,
17:09:56.35217578, 6.6667E-02, 1.0867E+01, 2.6667E-01,
17:09:56.35217583, 5.3333E-02, 1.0833E+01, 0.0000E+00,
17:09:56.35217588, 5.3333E-02, 1.0900E+01, 4.0000E-01,
17:09:56.35217593, 6.6667E-02, 1.0767E+01, 1.3333E-01,
17:09:56.35217598, 5.3333E-02, 1.0833E+01, 1.3333E-01,
17:09:56.35217603, 5.3333E-02, 1.0800E+01, 4.0000E-01,
17:09:56.35217608, 5.3333E-02, 1.0833E+01, 2.6667E-01,
17:09:56.35217613, 4.0000E-02, 1.0867E+01, 4.0000E-01,
17:09:56.35217618, 5.3333E-02, 1.0867E+01, 0.0000E+00,
17:09:56.35217623, 8.0000E-02, 1.0900E+01, 2.6667E-01,
17:09:56.35217628, 5.3333E-02, 1.0867E+01, 0.0000E+00,
17:09:56.35217633, 6.6667E-02, 1.0867E+01,-2.6667E-01,
17:09:56.35217638, 6.6667E-02, 1.0867E+01, 0.0000E+00,
17:09:56.35217643, 4.0000E-02, 1.0833E+01,-2.6667E-01,
17:09:56.35217648, 2.6667E-02, 1.0900E+01,-1.3333E-01,
17:09:56.35217653, 2.6667E-02, 1.0933E+01, 1.3333E-01,
17:09:56.35217658, 4.0000E-02, 1.0833E+01, 2.6667E-01,
17:09:56.35217663, 8.0000E-02, 1.0833E+01, 0.0000E+00,
17:09:56.35217668, 6.6667E-02, 1.0833E+01, 2.6667E-01,
17:09:56.35217673, 8.0000E-02, 1.0800E+01, 0.0000E+00,
17:09:56.35217678, 4.0000E-02, 1.0933E+01, 1.3333E-01,
17:09:56.35217683, 8.0000E-02, 1.0900E+01,-2.6667E-01,
17:09:56.35217688, 4.0000E-02, 1.0867E+01,-1.3333E-01,
17:09:56.35217693, 6.6667E-02, 1.0900E+01,-1.3333E-01,
17:09:56.35217698, 4.0000E-02, 1.0833E+01, 2.6667E-01,
17:09:56.35217703, 5.3333E-02, 1.0833E+01, 4.0000E-01,
17:09:56.35217708, 8.0000E-02, 1.0867E+01, 1.3333E-01,
17:09:56.35217713, 5.3333E-02, 1.0833E+01, 2.6667E-01,
17:09:56.35217718, 4.0000E-02, 1.0867E+01, 0.0000E+00,
17:09:56.35217723, 4.0000E-02, 1.0867E+01,-4.0000E-01,
17:09:56.35217728, 4.0000E-02, 1.0933E+01, 1.3333E-01,
17:09:56.35217733, 6.6667E-02, 1.0833E+01,-1.3333E-01,
17:09:56.35217738, 6.6667E-02, 1.0800E+01, 0.0000E+00,
17:09:56.35217743, 8.0000E-02, 1.0867E+01,-1.3333E-01,
17:09:56.35217748, 4.0000E-02, 1.0833E+01, 2.6667E-01,
17:09:56.35217753, 5.3333E-02, 1.0867E+01, 2.6667E-01,
17:09:56.35217758, 4.0000E-02, 1.0900E+01, 2.6667E-01,
17:09:56.35217763, 5.3333E-02, 1.0867E+01,-1.3333E-01,
17:09:56.35217768, 6.6667E-02, 1.0867E+01, 0.0000E+00,
17:09:56.35217773, 8.0000E-02, 1.0867E+01, 1.3333E-01,
17:09:56.35217778, 4.0000E-02, 1.0867E+01,-1.3333E-01,
17:09:56.35217783, 8.0000E-02, 1.0900E+01, 1.3333E-01,
17:09:56.35217788, 8.0000E-02, 1.0867E+01, 1.3333E-01,
17:09:56.35217793, 6.6667E-02, 1.0833E+01, 0.0000E+00,
17:09:56.35217798, 6.6667E-02, 1.0833E+01, 1.3333E-01,
17:09:56.35217803, 2.6667E-02, 1.0933E+01, 2.6667E-01,
17:09:56.35217808, 2.6667E-02, 1.0867E+01, 1.3333E-01,
17:09:56.35217813, 9.3333E-02, 1.0867E+01, 0.0000E+00,
17:09:56.35217818, 6.6667E-02, 1.0867E+01, 1.3333E-01,
17:09:56.35217823, 6.6667E-02, 1.0867E+01, 1.3333E-01,
17:09:56.35217828, 5.3333E-02, 1.0767E+01, 0.0000E+00,
17:09:56.35217833, 5.3333E-02, 1.0867E+01, 1.3333E-01,
17:09:56.35217838, 5.3333E-02, 1.0800E+01, 0.0000E+00,
17:09:56.35217843, 5.3333E-02, 1.0800E+01, 0.0000E+00,
17:09:56.35217848, 2.6667E-02, 1.0967E+01, 4.0000E-01,
17:09:56.35217853, 6.6667E-02, 1.0867E+01, 0.0000E+00,
17:09:56.35217858, 2.6667E-02, 1.0833E+01, 2.6667E-01,
17:09:56.35217863, 8.0000E-02, 1.0867E+01,-1.3333E-01,
17:09:56.35217868, 5.3333E-02, 1.0867E+01, 0.0000E+00,
17:09:56.35217873, 6.6667E-02, 1.0900E+01, 0.0000E+00,
17:09:56.35217878, 8.0000E-02, 1.0867E+01, 0.0000E+00,
17:09:56.35217883, 4.0000E-02, 1.0833E+01, 1.3333E-01,
17:09:56.35217888, 6.6667E-02, 1.0767E+01, 1.3333E-01,
17:09:56.35217893, 5.3333E-02, 1.0867E+01, 2.6667E-01,
17:09:56.35217898, 1.3333E-02, 1.0833E+01, 1.3333E-01,
17:09:56.35217903, 5.3333E-02, 1.0867E+01, 1.3333E-01,
17:09:56.35217908, 4.0000E-02, 1.0867E+01,-1.3333E-01,
17:09:56.35217913, 5.3333E-02, 1.0833E+01, 4.0000E-01,
17:09:56.35217918, 6.6667E-02, 1.0867E+01, 1.3333E-01,
17:09:56.35217923, 6.6667E-02, 1.0767E+01,-1.3333E-01,
17:09:56.35217928, 5.3333E-02, 1.0833E+01,-1.3333E-01,
17:09:56.35217933, 4.0000E-02, 1.0933E+01, 5.3333E-01,
17:09:56.35217938, 1.3333E-02, 1.0900E+01, 2.6667E-01,
17:09:56.35217943, 2.6667E-02, 1.0867E+01, 0.0000E+00,
17:09:56.35217948, 1.3333E-02, 1.0900E+01, 1.3333E-01,
17:09:56.35217953, 5.3333E-02, 1.0900E+01, 2.6667E-01,
17:09:56.35217958, 1.3333E-02, 1.0867E+01, 2.6667E-01,
17:09:56.35217963, 8.0000E-02, 1.0833E+01, 2.6667E-01,
17:09:56.35217968, 8.0000E-02, 1.0833E+01, 1.3333E-01,
17:09:56.35217973, 8.0000E-02, 1.0833E+01, 1.3333E-01,
17:09:56.35217978, 5.3333E-02, 1.0900E+01, 2.6667E-01,
17:09:56.35217983, 5.3333E-02, 1.0867E+01,-1.3333E-01,
17:09:56.35217988, 6.6667E-02, 1.0833E+01, 1.3333E-01,
17:09:56.35217993, 5.3333E-02, 1.0900E+01, 4.0000E-01,
17:09:56.35217998, 2.6667E-02, 1.0867E+01, 1.3333E-01,
17:09:56.35218003, 5.3333E-02, 1.0867E+01, 0.0000E+00,
17:09:56.35218008, 4.0000E-02, 1.0900E+01, 1.3333E-01,
17:09:56.35218013, 5.3333E-02, 1.0867E+01, 2.6667E-01,
17:09:56.35218018, 2.6667E-02, 1.0833E+01, 0.0000E+00,
17:09:56.35218023, 5.3333E-02, 1.0867E+01, 1.3333E-01,
17:09:56.35218028, 5.3333E-02, 1.0867E+01, 0.0000E+00,
17:09:56.35218033, 8.0000E-02, 1.0833E+01,-1.3333E-01,
17:09:56.35218038, 4.0000E-02, 1.0933E+01, 2.6667E-01,
17:09:56.35218043, 2.6667E-02, 1.0900E+01, 0.0000E+00,
17:09:56.35218048, 4.0000E-02, 1.0833E+01, 2.6667E-01,
17:09:56.35218053, 4.0000E-02, 1.0900E+01, 1.3333E-01,
17:09:56.35218058, 6.6667E-02, 1.0867E+01, 5.3333E-01,
17:09:56.35218063, 5.3333E-02, 1.0833E+01, 1.3333E-01,
17:09:56.35218068, 5.3333E-02, 1.0867E+01, 0.0000E+00,
17:09:56.35218073, 5.3333E-02, 1.0800E+01, 1.3333E-01,
17:09:56.35218078, 5.3333E-02, 1.0867E+01, 1.3333E-01,
17:09:56.35218083, 5.3333E-02, 1.0833E+01, 1.3333E-01,
17:09:56.35218088, 2.6667E-02, 1.0867E+01, 1.3333E-01,
17:09:56.35218093, 1.3333E-02, 1.0867E+01, 1.3333E-01,
17:09:56.35218098, 5.3333E-02, 1.0867E+01,-1.3333E-01,
17:09:56.35218103, 1.3333E-02, 1.0867E+01, 0.0000E+00,
17:09:56.35218108, 5.3333E-02, 1.0833E+01, 1.3333E-01,
17:09:56.35218113, 8.0000E-02, 1.0867E+01, 0.0000E+00,
17:09:56.35218118, 5.3333E-02, 1.0800E+01, 0.0000E+00,
17:09:56.35218123, 4.0000E-02, 1.0900E+01,-1.3333E-01,
17:09:56.35218128, 5.3333E-02, 1.0800E+01, 0.0000E+00,
17:09:56.35218133, 4.0000E-02, 1.0867E+01,-1.3333E-01,
17:09:56.35218138, 2.6667E-02, 1.0867E+01, 2.6667E-01,
17:09:56.35218143, 5.3333E-02, 1.0900E+01, 2.6667E-01,
17:09:56.35218148, 4.0000E-02, 1.0867E+01, 1.3333E-01,
17:09:56.35218153, 4.0000E-02, 1.0900E+01, 4.0000E-01,
17:09:56.35218158, 6.6667E-02, 1.0900E+01, 2.6667E-01,
17:09:56.35218163, 4.0000E-02, 1.0800E+01, 1.3333E-01,
17:09:56.35218168, 5.3333E-02, 1.0867E+01, 1.3333E-01,
17:09:56.35218173, 2.6667E-02, 1.0833E+01,-1.3333E-01,
17:09:56.35218178, 5.3333E-02, 1.0867E+01, 4.0000E-01,
17:09:56.35218183, 1.3333E-02, 1.0900E+01, 2.6667E-01,
17:09:56.35218188, 4.0000E-02, 1.0867E+01, 1.3333E-01,
17:09:56.35218193, 4.0000E-02, 1.0900E+01, 0.0000E+00,
17:09:56.35218198, 4.0000E-02, 1.0833E+01, 1.3333E-01,
17:09:56.35218203, 6.6667E-02, 1.0933E+01, 2.6667E-01,
17:09:56.35218208, 2.6667E-02, 1.0833E+01, 1.3333E-01,
17:09:56.35218213, 6.6667E-02, 1.0833E+01, 0.0000E+00,
17:09:56.35218218, 4.0000E-02, 1.0833E+01, 2.6667E-01,
17:09:56.35218223, 2.6667E-02, 1.0867E+01, 0.0000E+00,
17:09:56.35218228, 1.3333E-02, 1.0900E+01, 2.6667E-01,
17:09:56.35218233, 2.6667E-02, 1.0833E+01, 1.3333E-01,
17:09:56.35218238, 4.0000E-02, 1.0867E+01, 1.3333E-01,
17:09:56.35218243, 4.0000E-02, 1.0800E+01,-1.3333E-01,
17:09:56.35218248, 5.3333E-02, 1.0833E+01, 1.3333E-01,
17:09:56.35218253, 5.3333E-02, 1.0833E+01, 0.0000E+00,
17:09:56.35218258, 4.0000E-02, 1.0900E+01, 0.0000E+00,
17:09:56.35218263, 8.0000E-02, 1.0867E+01, 0.0000E+00,
17:09:56.35218268, 4.0000E-02, 1.0900E+01,-2.6667E-01,
17:09:56.35218273, 5.3333E-02, 1.0800E+01, 2.6667E-01,
17:09:56.35218278, 4.0000E-02, 1.0833E+01, 2.6667E-01,
17:09:56.35218283, 5.3333E-02, 1.0933E+01, 1.3333E-01,
17:09:56.35218288, 1.3333E-02, 1.0867E+01, 4.0000E-01,
17:09:56.35218293, 4.0000E-02, 1.0867E+01, 2.6667E-01,
17:09:56.35218298, 4.0000E-02, 1.0867E+01, 5.3333E-01,
17:09:56.35218303, 6.6667E-02, 1.0833E+01, 1.3333E-01,
17:09:56.35218308, 5.3333E-02, 1.0900E+01, 2.6667E-01,
17:09:56.35218313, 5.3333E-02, 1.0933E+01,-1.3333E-01,
17:09:56.35218318, 4.0000E-02, 1.0767E+01, 1.3333E-01,
17:09:56.35218323, 6.6667E-02, 1.0900E+01, 0.0000E+00,
17:09:56.35218328, 1.3333E-02, 1.0900E+01, 0.0000E+00,
17:09:56.35218333, 1.3333E-02, 1.0867E+01, 0.0000E+00,
17:09:56.35218338, 5.3333E-02, 1.0800E+01, 1.3333E-01,
17:09:56.35218343, 4.0000E-02, 1.0833E+01,-2.6667E-01,
17:09:56.35218348, 4.0000E-02, 1.0833E+01, 4.0000E-01,
17:09:56.35218353, 4.0000E-02, 1.0867E+01, 0.0000E+00,
17:09:56.35218358, 6.6667E-02, 1.0867E+01, 2.6667E-01,
17:09:56.35218363, 4.0000E-02, 1.0867E+01,-2.6667E-01,
17:09:56.35218368, 5.3333E-02, 1.0900E+01,-1.3333E-01,
17:09:56.35218373, 5.3333E-02, 1.0867E+01, 1.3333E-01,
17:09:56.35218378, 4.0000E-02, 1.0833E+01,-2.6667E-01,
17:09:56.35218383, 4.0000E-02, 1.0867E+01,-1.3333E-01,
17:09:56.35218388, 1.3333E-02, 1.0867E+01, 2.6667E-01,
17:09:56.35218393, 2.6667E-02, 1.0767E+01, 0.0000E+00,
17:09:56.35218398, 6.6667E-02, 1.0800E+01,-2.6667E-01,
17:09:56.35218403, 5.3333E-02, 1.0900E+01,-1.3333E-01,
17:09:56.35218408, 2.6667E-02, 1.0800E+01,-2.6667E-01,
17:09:56.35218413, 1.3333E-02, 1.0833E+01, 0.0000E+00,
17:09:56.35218418, 2.6667E-02, 1.0867E+01, 4.0000E-01,
17:09:56.35218423, 2.6667E-02, 1.0833E+01, 1.3333E-01,
17:09:56.35218428, 1.3333E-02, 1.0933E+01, 0.0000E+00,
17:09:56.35218433, 2.6667E-02, 1.0900E+01, 4.0000E-01,
17:09:56.35218438, 2.6667E-02, 1.0833E+01, 2.6667E-01,
17:09:56.35218443, 6.6667E-02, 1.0900E+01, 4.0000E-01,
17:09:56.35218448, 4.0000E-02, 1.0900E+01, 1.3333E-01,
17:09:56.35218453, 6.6667E-02, 1.0900E+01, 2.6667E-01,
17:09:56.35218458, 4.0000E-02, 1.0833E+01, 1.3333E-01,
17:09:56.35218463, 4.0000E-02, 1.0900E+01, 0.0000E+00,
17:09:56.35218468, 5.3333E-02, 1.0833E+01, 0.0000E+00,
17:09:56.35218473, 2.6667E-02, 1.0833E+01, 2.6667E-01,
17:09:56.35218478, 5.3333E-02, 1.0833E+01, 0.0000E+00,
17:09:56.35218483, 6.6667E-02, 1.0867E+01, 0.0000E+00,
17:09:56.35218488, 2.6667E-02, 1.0967E+01, 0.0000E+00,
17:09:56.35218493, 4.0000E-02, 1.0867E+01, 0.0000E+00,
17:09:56.35218498, 4.0000E-02, 1.0867E+01, 1.3333E-01,
17:09:56.35218503, 6.6667E-02, 1.0833E+01,-1.3333E-01,
17:09:56.35218508, 1.3333E-02, 1.0867E+01, 0.0000E+00,
17:09:56.35218513, 4.0000E-02, 1.0833E+01, 0.0000E+00,
17:09:56.35218518, 4.0000E-02, 1.0867E+01, 0.0000E+00,
17:09:56.35218523, 2.6667E-02, 1.0800E+01,-2.6667E-01,
17:09:56.35218528, 6.6667E-02, 1.0800E+01, 1.3333E-01,
17:09:56.35218533, 6.6667E-02, 1.0900E+01, 2.6667E-01,
17:09:56.35218538, 4.0000E-02, 1.0867E+01, 5.3333E-01,
17:09:56.35218543, 6.6667E-02, 1.0833E+01, 0.0000E+00,
17:09:56.35218548, 4.0000E-02, 1.0900E+01,-1.3333E-01,
17:09:56.35218553, 5.3333E-02, 1.0833E+01, 2.6667E-01,
17:09:56.35218558, 4.0000E-02, 1.0900E+01, 0.0000E+00,
17:09:56.35218563, 4.0000E-02, 1.0900E+01, 1.3333E-01,
17:09:56.35218568, 2.6667E-02, 1.0867E+01, 1.3333E-01,
17:09:56.35218573, 1.3333E-02, 1.0800E+01, 1.3333E-01,
17:09:56.35218578, 4.0000E-02, 1.0833E+01, 2.6667E-01,
17:09:56.35218583, 5.3333E-02, 1.0900E+01, 2.6667E-01,
17:09:56.35218588, 4.0000E-02, 1.0833E+01, 0.0000E+00,
17:09:56.35218593, 6.6667E-02, 1.0900E+01, 2.6667E-01,
17:09:56.35218598, 4.0000E-02, 1.0900E+01, 2.6667E-01,
17:09:56.35218603, 6.6667E-02, 1.0833E+01,-1.3333E-01,
17:09:56.35218608, 2.6667E-02, 1.0833E+01, 2.6667E-01,
17:09:56.35218613, 4.0000E-02, 1.0833E+01, 1.3333E-01,
17:09:56.35218618, 0.0000E+00, 1.0900E+01, 2.6667E-01,
17:09:56.35218623, 2.6667E-02, 1.0867E+01, 0.0000E+00,
17:09:56.35218628, 6.6667E-02, 1.0900E+01,-2.6667E-01,
17:09:56.35218633, 4.0000E-02, 1.0833E+01, 4.0000E-01,
17:09:56.35218638, 6.6667E-02, 1.0867E+01,-2.6667E-01,
17:09:56.35218643, 4.0000E-02, 1.0967E+01, 0.0000E+00,
17:09:56.35218648, 5.3333E-02, 1.0900E+01, 0.0000E+00,
17:09:56.35218653, 2.6667E-02, 1.0800E+01, 0.0000E+00,
17:09:56.35218658, 5.3333E-02, 1.0867E+01,-2.6667E-01,
17:09:56.35218663, 2.6667E-02, 1.0867E+01, 2.6667E-01,
17:09:56.35218668, 2.6667E-02, 1.0900E+01, 2.6667E-01,
17:09:56.35218673, 4.0000E-02, 1.0767E+01,-1.3333E-01,
17:09:56.35218678, 2.6667E-02, 1.0867E+01, 2.6667E-01,
17:09:56.35218683, 1.3333E-02, 1.0900E+01,-1.3333E-01,
17:09:56.35218688, 4.0000E-02, 1.0867E+01, 1.3333E-01,
17:09:56.35218693, 4.0000E-02, 1.0800E+01, 0.0000E+00,
17:09:56.35218698, 4.0000E-02, 1.0867E+01, 1.3333E-01,
17:09:56.35218703, 4.0000E-02, 1.0867E+01, 0.0000E+00,
17:09:56.35218708, 4.0000E-02, 1.0867E+01, 0.0000E+00,
17:09:56.35218713, 2.6667E-02, 1.0800E+01, 1.3333E-01,
17:09:56.35218718, 2.6667E-02, 1.0867E+01, 2.6667E-01,
17:09:56.35218723, 4.0000E-02, 1.0900E+01, 2.6667E-01,
17:09:56.35218728, 4.0000E-02, 1.0833E+01, 2.6667E-01,
17:09:56.35218733, 2.6667E-02, 1.0900E+01, 1.3333E-01,
17:09:56.35218738, 6.6667E-02, 1.0800E+01, 0.0000E+00,
17:09:56.35218743, 4.0000E-02, 1.0800E+01, 4.0000E-01,
17:09:56.35218748, 4.0000E-02, 1.0900E+01, 5.3333E-01,
17:09:56.35218753, 2.6667E-02, 1.0867E+01, 2.6667E-01,
17:09:56.35218758, 4.0000E-02, 1.0833E+01, 0.0000E+00,
17:09:56.35218763,-1.3333E-02, 1.0900E+01, 2.6667E-01,
17:09:56.35218768, 4.0000E-02, 1.0900E+01, 0.0000E+00,
17:09:56.35218773, 0.0000E+00, 1.0933E+01, 1.3333E-01,
17:09:56.35218778, 2.6667E-02, 1.0833E+01, 2.6667E-01,
17:09:56.35218783, 6.6667E-02, 1.0800E+01, 1.3333E-01,
17:09:56.35218788, 5.3333E-02, 1.0967E+01, 1.3333E-01,
17:09:56.35218793, 4.0000E-02, 1.0867E+01, 2.6667E-01,
17:09:56.35218798, 2.6667E-02, 1.0900E+01,-1.3333E-01,
17:09:56.35218803, 4.0000E-02, 1.0867E+01, 2.6667E-01,
17:09:56.35218808, 2.6667E-02, 1.0900E+01, 0.0000E+00,
17:09:56.35218813, 1.3333E-02, 1.0933E+01, 1.3333E-01,
17:09:56.35218818, 4.0000E-02, 1.0833E+01, 0.0000E+00,
17:09:56.35218823, 4.0000E-02, 1.0833E+01,-1.3333E-01,
17:09:56.35218828, 2.6667E-02, 1.0933E+01, 5.3333E-01,
17:09:56.35218833, 4.0000E-02, 1.0867E+01,-1.3333E-01,
17:09:56.35218838, 4.0000E-02, 1.0833E+01, 0.0000E+00,
17:09:56.35218843, 4.0000E-02, 1.0867E+01,-1.3333E-01,
17:09:56.35218848, 2.6667E-02, 1.0900E+01,-1.3333E-01,
17:09:56.35218853, 1.3333E-02, 1.0900E+01,-1.3333E-01,
17:09:56.35218858, 1.3333E-02, 1.0900E+01, 2.6667E-01,
17:09:56.35218863, 2.6667E-02, 1.0867E+01, 2.6667E-01,
17:09:56.35218868, 5.3333E-02, 1.0867E+01, 2.6667E-01,
17:09:56.35218873, 6.6667E-02, 1.0900E+01, 4.0000E-01,
17:09:56.35218878, 6.6667E-02, 1.0833E+01, 1.3333E-01,
17:09:56.35218883, 5.3333E-02, 1.0833E+01,-1.3333E-01,
17:09:56.35218888, 4.0000E-02, 1.0800E+01, 0.0000E+00,
17:09:56.35218893, 2.6667E-02, 1.0867E+01, 0.0000E+00,
17:09:56.35218898, 2.6667E-02, 1.0900E+01, 0.0000E+00,
17:09:56.35218903, 2.6667E-02, 1.0900E+01, 0.0000E+00,
17:09:56.35218908, 1.3333E-02, 1.0867E+01,-1.3333E-01,
17:09:56.35218913, 2.6667E-02, 1.0867E+01, 1.3333E-01,
17:09:56.35218918, 1.3333E-02, 1.0800E+01, 1.3333E-01,
17:09:56.35218923, 2.6667E-02, 1.0800E+01, 1.3333E-01,
17:09:56.35218928, 1.3333E-02, 1.0900E+01, 2.6667E-01,
17:09:56.35218933, 4.0000E-02, 1.0833E+01, 2.6667E-01,
17:09:56.35218938, 4.0000E-02, 1.0800E+01,-2.6667E-01,
17:09:56.35218943, 2.6667E-02, 1.0867E+01, 2.6667E-01,
17:09:56.35218948, 1.3333E-02, 1.0867E+01,-1.3333E-01,
17:09:56.35218953, 1.3333E-02, 1.0900E+01, 0.0000E+00,
17:09:56.35218958, 6.6667E-02, 1.0900E+01, 2.6667E-01,
17:09:56.35218963, 4.0000E-02, 1.0867E+01, 1.3333E-01,
17:09:56.35218968, 5.3333E-02, 1.0833E+01, 1.3333E-01,
17:09:56.35218973, 4.0000E-02, 1.0833E+01,-1.3333E-01,
17:09:56.35218978, 4.0000E-02, 1.0867E+01,-1.3333E-01,
17:09:56.35218983, 2.6667E-02, 1.0833E+01, 1.3333E-01,
17:09:56.35218988, 1.3333E-02, 1.0767E+01, 0.0000E+00,
17:09:56.35218993, 4.0000E-02, 1.0833E+01,-1.3333E-01,
17:09:56.35218998, 1.3333E-02, 1.0867E+01, 1.3333E-01,
17:09:56.35219003, 5.3333E-02, 1.0967E+01, 0.0000E+00,
17:09:56.35219008, 5.3333E-02, 1.0867E+01, 2.6667E-01,
17:09:56.35219013, 4.0000E-02, 1.0900E+01, 2.6667E-01,
17:09:56.35219018, 1.3333E-02, 1.0867E+01, 0.0000E+00,
17:09:56.35219023, 4.0000E-02, 1.0867E+01, 1.3333E-01,
17:09:56.35219028, 4.0000E-02, 1.0867E+01, 1.3333E-01,
17:09:56.35219033, 2.6667E-02, 1.0900E+01, 0.0000E+00,
17:09:56.35219038, 4.0000E-02, 1.0867E+01, 1.3333E-01,
17:09:56.35219043, 0.0000E+00, 1.0867E+01, 4.0000E-01,
17:09:56.35219048, 0.0000E+00, 1.0900E+01, 1.3333E-01,
17:09:56.35219053, 0.0000E+00, 1.0867E+01, 2.6667E-01,
17:09:56.35219058, 0.0000E+00, 1.0867E+01,-1.3333E-01,
17:09:56.35219063, 4.0000E-02, 1.0900E+01, 2.6667E-01,
17:09:56.35219068, 2.6667E-02, 1.0833E+01, 2.6667E-01,
17:09:56.35219073, 4.0000E-02, 1.0900E+01, 0.0000E+00,
17:09:56.35219078, 6.6667E-02, 1.0900E+01, 4.0000E-01,
17:09:56.35219083, 4.0000E-02, 1.0833E+01, 0.0000E+00,
17:09:56.35219088, 0.0000E+00, 1.0800E+01, 4.0000E-01,
17:09:56.35219093, 0.0000E+00, 1.0900E+01, 0.0000E+00,
17:09:56.35219098, 0.0000E+00, 1.0900E+01, 0.0000E+00,
17:09:56.35219103, 1.3333E-02, 1.0767E+01,-1.3333E-01,
17:09:56.35219108, 4.0000E-02, 1.0900E+01, 0.0000E+00,
17:09:56.35219113, 4.0000E-02, 1.0867E+01, 4.0000E-01,
17:09:56.35219118, 5.3333E-02, 1.0867E+01, 1.3333E-01,
17:09:56.35219123, 4.0000E-02, 1.0867E+01, 2.6667E-01,
17:09:56.35219128, 8.0000E-02, 1.0933E+01, 1.3333E-01,
17:09:56.35219133, 5.3333E-02, 1.0900E+01, 1.3333E-01,
17:09:56.35219138, 4.0000E-02, 1.0800E+01,-2.6667E-01,
17:09:56.35219143, 2.6667E-02, 1.0933E+01, 1.3333E-01,
17:09:56.35219148, 1.3333E-02, 1.0867E+01, 2.6667E-01,
17:09:56.35219153, 4.0000E-02, 1.0867E+01, 1.3333E-01,
17:09:56.35219158, 1.3333E-02, 1.0833E+01, 1.3333E-01,
17:09:56.35219163, 1.3333E-02, 1.0900E+01, 1.3333E-01,
17:09:56.35219168, 6.6667E-02, 1.0867E+01, 2.6667E-01,
17:09:56.35219173, 4.0000E-02, 1.0833E+01,-1.3333E-01,
17:09:56.35219178, 5.3333E-02, 1.0833E+01, 1.3333E-01,
17:09:56.35219183, 4.0000E-02, 1.0867E+01, 0.0000E+00,
17:09:56.35219188, 4.0000E-02, 1.0833E+01, 0.0000E+00,
17:09:56.35219193, 1.3333E-02, 1.0867E+01,-1.3333E-01,
17:09:56.35219198, 4.0000E-02, 1.0833E+01,-1.3333E-01,
17:09:56.35219203, 5.3333E-02, 1.0833E+01, 2.6667E-01,
17:09:56.35219208, 2.6667E-02, 1.0900E+01, 0.0000E+00,
17:09:56.35219213, 4.0000E-02, 1.0867E+01, 0.0000E+00,
17:09:56.35219218, 5.3333E-02, 1.0867E+01, 1.3333E-01,
17:09:56.35219223, 4.0000E-02, 1.0800E+01, 0.0000E+00,
17:09:56.35219228, 4.0000E-02, 1.0833E+01, 1.3333E-01,
17:09:56.35219233, 2.6667E-02, 1.0933E+01,-1.3333E-01,
17:09:56.35219238, 1.3333E-02, 1.0867E+01, 2.6667E-01,
17:09:56.35219243, 5.3333E-02, 1.0900E+01, 2.6667E-01,
17:09:56.35219248, 5.3333E-02, 1.0900E+01, 0.0000E+00,
17:09:56.35219253, 6.6667E-02, 1.0900E+01, 2.6667E-01,
17:09:56.35219258, 5.3333E-02, 1.0867E+01, 2.6667E-01,
17:09:56.35219263, 4.0000E-02, 1.0833E+01, 1.3333E-01,
17:09:56.35219268, 6.6667E-02, 1.0900E+01, 6.6667E-01,
17:09:56.35219273, 2.6667E-02, 1.0900E+01, 2.6667E-01,
17:09:56.35219278, 4.0000E-02, 1.0833E+01, 1.3333E-01,
17:09:56.35219283, 2.6667E-02, 1.0900E+01, 1.3333E-01,
17:09:56.35219288, 4.0000E-02, 1.0867E+01,-1.3333E-01,
17:09:56.35219293, 4.0000E-02, 1.0833E+01,-1.3333E-01,
17:09:56.35219298, 0.0000E+00, 1.0867E+01, 1.3333E-01,
17:09:56.35219303, 1.3333E-02, 1.0767E+01,-1.3333E-01,
17:09:56.35219308, 1.3333E-02, 1.0833E+01, 0.0000E+00,
17:09:56.35219313, 2.6667E-02, 1.0833E+01, 4.0000E-01,
17:09:56.35219318, 4.0000E-02, 1.0867E+01, 1.3333E-01,
17:09:56.35219323, 1.3333E-02, 1.0867E+01, 4.0000E-01,
17:09:56.35219328, 4.0000E-02, 1.0867E+01, 1.3333E-01,
17:09:56.35219333, 2.6667E-02, 1.0867E+01, 0.0000E+00,
17:09:56.35219338, 1.3333E-02, 1.0833E+01, 1.3333E-01,
17:09:56.35219343, 4.0000E-02, 1.0833E+01, 2.6667E-01,
17:09:56.35219348, 4.0000E-02, 1.0867E+01,-1.3333E-01,
17:09:56.35219353,-2.6667E-02, 1.0867E+01,-1.3333E-01,
17:09:56.35219358, 6.6667E-02, 1.0867E+01, 1.3333E-01,
17:09:56.35219363, 2.6667E-02, 1.0833E+01, 1.3333E-01,
17:09:56.35219368, 1.3333E-02, 1.0800E+01, 4.0000E-01,
17:09:56.35219373, 0.0000E+00, 1.0867E+01, 0.0000E+00,
17:09:56.35219378, 4.0000E-02, 1.0800E+01, 0.0000E+00,
17:09:56.35219383, 0.0000E+00, 1.0867E+01,-1.3333E-01,
17:09:56.35219388, 1.3333E-02, 1.0833E+01, 0.0000E+00,
17:09:56.35219393,-1.3333E-02, 1.0867E+01, 4.0000E-01,
17:09:56.35219398, 2.6667E-02, 1.0900E+01, 4.0000E-01,
17:09:56.35219403, 1.3333E-02, 1.0867E+01, 0.0000E+00,
17:09:56.35219408, 2.6667E-02, 1.0833E+01, 4.0000E-01,
17:09:56.35219413, 0.0000E+00, 1.0867E+01, 0.0000E+00,
17:09:56.35219418, 1.3333E-02, 1.0867E+01, 0.0000E+00,
17:09:56.35219423, 2.6667E-02, 1.0867E+01, 0.0000E+00,
17:09:56.35219428,-1.3333E-02, 1.0833E+01,-2.6667E-01,
17:09:56.35219433,-2.6667E-02, 1.0833E+01, 0.0000E+00,
17:09:56.35219438, 2.6667E-02, 1.0933E+01, 0.0000E+00,
17:09:56.35219443, 2.6667E-02, 1.0867E+01, 0.0000E+00,
17:09:56.35219448, 1.3333E-02, 1.0867E+01,-2.6667E-01,
17:09:56.35219453, 2.6667E-02, 1.0800E+01, 1.3333E-01,
17:09:56.35219458, 4.0000E-02, 1.0867E+01, 1.3333E-01,
17:09:56.35219463, 5.3333E-02, 1.0800E+01, 2.6667E-01,
17:09:56.35219468, 4.0000E-02, 1.0867E+01, 2.6667E-01,
17:09:56.35219473, 1.3333E-02, 1.0867E+01,-2.6667E-01,
17:09:56.35219478, 0.0000E+00, 1.0900E+01, 2.6667E-01,
17:09:56.35219483, 1.3333E-02, 1.0933E+01, 0.0000E+00,
17:09:56.35219488, 2.6667E-02, 1.0833E+01, 2.6667E-01,
17:09:56.35219493, 4.0000E-02, 1.0867E+01, 0.0000E+00,
17:09:56.35219498, 2.6667E-02, 1.0800E+01, 0.0000E+00,
17:09:56.35219503, 5.3333E-02, 1.0833E+01, 2.6667E-01,
17:09:56.35219508, 4.0000E-02, 1.0867E+01, 2.6667E-01,
17:09:56.35219513, 1.3333E-02, 1.0867E+01, 2.6667E-01,
17:09:56.35219518, 2.6667E-02, 1.0833E+01, 4.0000E-01,
17:09:56.35219523, 1.3333E-02, 1.0867E+01, 1.3333E-01,
17:09:56.35219528, 1.3333E-02, 1.0933E+01, 1.3333E-01,
17:09:56.35219533, 5.3333E-02, 1.0867E+01,-1.3333E-01,
17:09:56.35219538, 2.6667E-02, 1.0833E+01, 0.0000E+00,
17:09:56.35219543, 6.6667E-02, 1.0867E+01, 0.0000E+00,
17:09:56.35219548, 2.6667E-02, 1.0867E+01, 1.3333E-01,
17:09:56.35219553, 5.3333E-02, 1.0800E+01, 0.0000E+00,
17:09:56.35219558, 0.0000E+00, 1.0867E+01, 4.0000E-01,
17:09:56.35219563, 2.6667E-02, 1.0900E+01,-1.3333E-01,
17:09:56.35219568, 0.0000E+00, 1.0900E+01,-2.6667E-01,
17:09:56.35219573, 2.6667E-02, 1.0833E+01, 1.3333E-01,
17:09:56.35219578, 2.6667E-02, 1.0867E+01, 1.3333E-01,
17:09:56.35219583, 2.6667E-02, 1.0800E+01,-1.3333E-01,
17:09:56.35219588, 2.6667E-02, 1.0967E+01, 1.3333E-01,
17:09:56.35219593, 1.3333E-02, 1.0833E+01,-1.3333E-01,
17:09:56.35219598, 2.6667E-02, 1.0833E+01,-1.3333E-01,
17:09:56.35219603, 5.3333E-02, 1.0900E+01, 1.3333E-01,
17:09:56.35219608, 4.0000E-02, 1.0800E+01, 2.6667E-01,
17:09:56.35219613, 4.0000E-02, 1.0833E+01, 4.0000E-01,
17:09:56.35219618, 1.3333E-02, 1.0867E+01, 0.0000E+00,
17:09:56.35219623, 0.0000E+00, 1.0833E+01,-1.3333E-01,
17:09:56.35219628, 1.3333E-02, 1.0867E+01, 0.0000E+00,
17:09:56.35219633, 2.6667E-02, 1.0833E+01, 1.3333E-01,
17:09:56.35219638, 4.0000E-02, 1.0900E+01,-1.3333E-01,
17:09:56.35219643, 1.3333E-02, 1.1000E+01, 1.3333E-01,
17:09:56.35219648, 0.0000E+00, 1.0933E+01,-1.3333E-01,
17:09:56.35219653, 1.3333E-02, 1.0833E+01, 1.3333E-01,
17:09:56.35219658, 1.3333E-02, 1.0833E+01, 2.6667E-01,
17:09:56.35219663,-1.3333E-02, 1.0900E+01, 0.0000E+00,
17:09:56.35219668, 1.3333E-02, 1.0900E+01, 2.6667E-01,
17:09:56.35219673, 1.3333E-02, 1.0900E+01, 0.0000E+00,
17:09:56.35219678, 4.0000E-02, 1.0900E+01, 2.6667E-01,
17:09:56.35219683, 0.0000E+00, 1.0933E+01,-1.3333E-01,
17:09:56.35219688, 4.0000E-02, 1.0867E+01, 0.0000E+00,
17:09:56.35219693, 1.3333E-02, 1.0833E+01, 1.3333E-01,
17:09:56.35219698, 5.3333E-02, 1.0800E+01, 1.3333E-01,
17:09:56.35219703, 4.0000E-02, 1.0933E+01, 0.0000E+00,
17:09:56.35219708, 2.6667E-02, 1.0900E+01, 0.0000E+00,
17:09:56.35219713, 5.3333E-02, 1.0900E+01, 1.3333E-01,
17:09:56.35219718, 1.3333E-02, 1.0800E+01, 1.3333E-01,
17:09:56.35219723,-1.3333E-02, 1.0833E+01, 2.6667E-01,
17:09:56.35219728, 2.6667E-02, 1.0867E+01, 0.0000E+00,
17:09:56.35219733, 2.6667E-02, 1.0933E+01, 1.3333E-01,
17:09:56.35219738, 2.6667E-02, 1.0833E+01, 2.6667E-01,
