"Header Size"           ,15              
"Model Name"            ,"DL850EV       "
"Comment"               ,"                         "
"BlockNumber"           ,1               
"TraceName"             ,"V_MF1         ","V_MF2         ","Id            "
"BlockSize"             ,4004            ,4004            ,4004            
"VUnit"                 ,"V             ","V             ","A             "
"SampleRate"            ,20000000.000000 ,20000000.000000 ,20000000.000000 
"HResolution"           ,5.000000e-08    ,5.000000e-08    ,5.000000e-08    
"HOffset"               ,-4.000000e-05   ,-4.000000e-05   ,-4.000000e-05   
"HUnit"                 ,"s             ","s             ","s             "
"DisplayPointNo."       ,1               ,1               ,1               
"PhaseShift"            ,1               ,1               ,1               
"Date"                  ,"2026/04/08    ","2026/04/08    ","2026/04/08    "
"Time"                  ,"17:10:23.99189174","17:10:23.99189174","17:10:23.99189174"

17:10:23.99185174, 1.3333E-02, 1.0867E+01, 2.6667E-01,
17:10:23.99185179,-1.3333E-02, 1.0867E+01, 1.3333E-01,
17:10:23.99185184, 0.0000E+00, 1.0900E+01, 1.3333E-01,
17:10:23.99185189, 2.6667E-02, 1.0867E+01, 1.3333E-01,
17:10:23.99185194, 4.0000E-02, 1.0900E+01, 2.6667E-01,
17:10:23.99185199,-1.3333E-02, 1.0800E+01, 1.3333E-01,
17:10:23.99185204,-1.3333E-02, 1.0867E+01, 0.0000E+00,
17:10:23.99185209,-1.3333E-02, 1.0833E+01, 0.0000E+00,
17:10:23.99185214, 0.0000E+00, 1.0833E+01, 2.6667E-01,
17:10:23.99185219,-4.0000E-02, 1.0867E+01, 1.3333E-01,
17:10:23.99185224,-2.6667E-02, 1.0800E+01, 1.3333E-01,
17:10:23.99185229,-2.6667E-02, 1.0900E+01,-2.6667E-01,
17:10:23.99185234,-2.6667E-02, 1.0867E+01, 4.0000E-01,
17:10:23.99185239, 2.6667E-02, 1.0867E+01, 1.3333E-01,
17:10:23.99185244, 2.6667E-02, 1.0867E+01, 0.0000E+00,
17:10:23.99185249, 1.3333E-02, 1.0900E+01,-4.0000E-01,
17:10:23.99185254, 1.3333E-02, 1.0900E+01,-2.6667E-01,
17:10:23.99185259, 0.0000E+00, 1.0867E+01, 2.6667E-01,
17:10:23.99185264, 0.0000E+00, 1.0800E+01, 1.3333E-01,
17:10:23.99185269,-1.3333E-02, 1.0833E+01, 2.6667E-01,
17:10:23.99185274,-2.6667E-02, 1.0867E+01, 1.3333E-01,
17:10:23.99185279, 0.0000E+00, 1.0900E+01,-1.3333E-01,
17:10:23.99185284,-2.6667E-02, 1.0800E+01, 0.0000E+00,
17:10:23.99185289, 1.3333E-02, 1.0800E+01, 4.0000E-01,
17:10:23.99185294,-1.3333E-02, 1.0833E+01, 0.0000E+00,
17:10:23.99185299, 0.0000E+00, 1.0867E+01, 1.3333E-01,
17:10:23.99185304,-1.3333E-02, 1.0833E+01, 1.3333E-01,
17:10:23.99185309, 1.3333E-02, 1.0900E+01, 1.3333E-01,
17:10:23.99185314,-1.3333E-02, 1.0867E+01, 1.3333E-01,
17:10:23.99185319,-2.6667E-02, 1.0800E+01, 2.6667E-01,
17:10:23.99185324,-1.3333E-02, 1.0867E+01, 4.0000E-01,
17:10:23.99185329, 0.0000E+00, 1.0867E+01, 0.0000E+00,
17:10:23.99185334, 2.6667E-02, 1.0867E+01, 1.3333E-01,
17:10:23.99185339,-1.3333E-02, 1.0900E+01,-1.3333E-01,
17:10:23.99185344, 2.6667E-02, 1.0900E+01, 1.3333E-01,
17:10:23.99185349, 0.0000E+00, 1.0867E+01, 0.0000E+00,
17:10:23.99185354, 1.3333E-02, 1.0833E+01, 4.0000E-01,
17:10:23.99185359,-1.3333E-02, 1.0833E+01, 0.0000E+00,
17:10:23.99185364,-2.6667E-02, 1.0867E+01, 2.6667E-01,
17:10:23.99185369, 1.3333E-02, 1.0900E+01, 0.0000E+00,
17:10:23.99185374, 0.0000E+00, 1.0833E+01, 2.6667E-01,
17:10:23.99185379, 0.0000E+00, 1.0867E+01, 1.3333E-01,
17:10:23.99185384, 1.3333E-02, 1.0833E+01, 0.0000E+00,
17:10:23.99185389, 1.3333E-02, 1.0867E+01, 1.3333E-01,
17:10:23.99185394, 2.6667E-02, 1.0833E+01,-4.0000E-01,
17:10:23.99185399, 1.3333E-02, 1.0867E+01, 0.0000E+00,
17:10:23.99185404, 0.0000E+00, 1.0833E+01, 1.3333E-01,
17:10:23.99185409, 2.6667E-02, 1.0833E+01, 1.3333E-01,
17:10:23.99185414,-1.3333E-02, 1.0767E+01,-1.3333E-01,
17:10:23.99185419,-2.6667E-02, 1.0900E+01, 4.0000E-01,
17:10:23.99185424, 1.3333E-02, 1.0900E+01, 1.3333E-01,
17:10:23.99185429, 1.3333E-02, 1.0767E+01, 1.3333E-01,
17:10:23.99185434, 2.6667E-02, 1.0900E+01,-1.3333E-01,
17:10:23.99185439,-1.3333E-02, 1.0867E+01, 1.3333E-01,
17:10:23.99185444, 0.0000E+00, 1.0833E+01, 0.0000E+00,
17:10:23.99185449, 2.6667E-02, 1.0800E+01, 2.6667E-01,
17:10:23.99185454,-1.3333E-02, 1.0967E+01, 0.0000E+00,
17:10:23.99185459, 0.0000E+00, 1.0833E+01,-1.3333E-01,
17:10:23.99185464, 0.0000E+00, 1.0867E+01, 0.0000E+00,
17:10:23.99185469,-2.6667E-02, 1.0900E+01, 0.0000E+00,
17:10:23.99185474, 0.0000E+00, 1.0933E+01, 1.3333E-01,
17:10:23.99185479, 1.3333E-02, 1.0933E+01, 4.0000E-01,
17:10:23.99185484, 0.0000E+00, 1.0867E+01, 1.3333E-01,
17:10:23.99185489, 2.6667E-02, 1.0900E+01, 0.0000E+00,
17:10:23.99185494,-1.3333E-02, 1.0867E+01, 0.0000E+00,
17:10:23.99185499, 2.6667E-02, 1.0900E+01, 0.0000E+00,
17:10:23.99185504, 1.3333E-02, 1.0767E+01, 0.0000E+00,
17:10:23.99185509,-2.6667E-02, 1.0900E+01, 1.3333E-01,
17:10:23.99185514, 0.0000E+00, 1.0967E+01,-1.3333E-01,
17:10:23.99185519,-1.3333E-02, 1.0900E+01, 1.3333E-01,
17:10:23.99185524, 2.6667E-02, 1.0900E+01, 0.0000E+00,
17:10:23.99185529, 2.6667E-02, 1.0833E+01, 1.3333E-01,
17:10:23.99185534, 1.3333E-02, 1.0867E+01, 1.3333E-01,
17:10:23.99185539,-1.3333E-02, 1.0833E+01, 0.0000E+00,
17:10:23.99185544, 0.0000E+00, 1.0900E+01, 1.3333E-01,
17:10:23.99185549, 1.3333E-02, 1.0933E+01, 1.3333E-01,
17:10:23.99185554,-1.3333E-02, 1.0900E+01, 0.0000E+00,
17:10:23.99185559,-1.3333E-02, 1.0867E+01, 0.0000E+00,
17:10:23.99185564, 0.0000E+00, 1.0900E+01, 1.3333E-01,
17:10:23.99185569,-1.3333E-02, 1.0900E+01, 2.6667E-01,
17:10:23.99185574, 0.0000E+00, 1.0933E+01, 0.0000E+00,
17:10:23.99185579, 0.0000E+00, 1.0833E+01,-1.3333E-01,
17:10:23.99185584, 2.6667E-02, 1.0933E+01, 0.0000E+00,
17:10:23.99185589,-1.3333E-02, 1.0900E+01, 0.0000E+00,
17:10:23.99185594, 1.3333E-02, 1.0867E+01, 0.0000E+00,
17:10:23.99185599,-2.6667E-02, 1.0900E+01, 0.0000E+00,
17:10:23.99185604,-1.3333E-02, 1.0867E+01, 1.3333E-01,
17:10:23.99185609, 0.0000E+00, 1.0833E+01, 4.0000E-01,
17:10:23.99185614, 2.6667E-02, 1.0833E+01, 4.0000E-01,
17:10:23.99185619, 1.3333E-02, 1.0800E+01, 0.0000E+00,
17:10:23.99185624,-1.3333E-02, 1.0933E+01, 1.3333E-01,
17:10:23.99185629,-1.3333E-02, 1.0833E+01, 0.0000E+00,
17:10:23.99185634, 1.3333E-02, 1.0867E+01, 0.0000E+00,
17:10:23.99185639, 1.3333E-02, 1.0867E+01, 1.3333E-01,
17:10:23.99185644, 0.0000E+00, 1.0800E+01, 0.0000E+00,
17:10:23.99185649,-1.3333E-02, 1.0800E+01, 0.0000E+00,
17:10:23.99185654, 1.3333E-02, 1.0867E+01, 0.0000E+00,
17:10:23.99185659, 0.0000E+00, 1.0833E+01, 2.6667E-01,
17:10:23.99185664, 0.0000E+00, 1.0867E+01, 0.0000E+00,
17:10:23.99185669, 1.3333E-02, 1.0933E+01, 2.6667E-01,
17:10:23.99185674, 2.6667E-02, 1.0867E+01, 1.3333E-01,
17:10:23.99185679, 1.3333E-02, 1.0833E+01, 0.0000E+00,
17:10:23.99185684, 1.3333E-02, 1.0867E+01,-1.3333E-01,
17:10:23.99185689,-1.3333E-02, 1.0900E+01,-1.3333E-01,
17:10:23.99185694, 1.3333E-02, 1.0867E+01, 1.3333E-01,
17:10:23.99185699, 0.0000E+00, 1.0833E+01, 0.0000E+00,
17:10:23.99185704, 0.0000E+00, 1.0867E+01,-1.3333E-01,
17:10:23.99185709,-1.3333E-02, 1.0867E+01, 2.6667E-01,
17:10:23.99185714, 0.0000E+00, 1.0833E+01, 2.6667E-01,
17:10:23.99185719, 0.0000E+00, 1.0867E+01, 0.0000E+00,
17:10:23.99185724,-1.3333E-02, 1.0867E+01, 4.0000E-01,
17:10:23.99185729,-1.3333E-02, 1.0867E+01, 1.3333E-01,
17:10:23.99185734, 0.0000E+00, 1.0800E+01, 0.0000E+00,
17:10:23.99185739,-1.3333E-02, 1.0900E+01, 1.3333E-01,
17:10:23.99185744, 1.3333E-02, 1.0800E+01, 0.0000E+00,
17:10:23.99185749,-2.6667E-02, 1.0867E+01, 1.3333E-01,
17:10:23.99185754,-5.3333E-02, 1.0867E+01, 2.6667E-01,
17:10:23.99185759,-2.6667E-02, 1.0867E+01, 1.3333E-01,
17:10:23.99185764, 0.0000E+00, 1.0967E+01, 4.0000E-01,
17:10:23.99185769,-1.3333E-02, 1.0867E+01,-1.3333E-01,
17:10:23.99185774,-2.6667E-02, 1.0833E+01,-2.6667E-01,
17:10:23.99185779, 2.6667E-02, 1.0800E+01, 0.0000E+00,
17:10:23.99185784, 2.6667E-02, 1.0833E+01, 1.3333E-01,
17:10:23.99185789,-1.3333E-02, 1.0900E+01, 2.6667E-01,
17:10:23.99185794, 1.3333E-02, 1.0900E+01,-1.3333E-01,
17:10:23.99185799,-1.3333E-02, 1.0833E+01, 1.3333E-01,
17:10:23.99185804,-2.6667E-02, 1.0867E+01, 4.0000E-01,
17:10:23.99185809, 0.0000E+00, 1.0833E+01, 0.0000E+00,
17:10:23.99185814, 0.0000E+00, 1.0867E+01, 2.6667E-01,
17:10:23.99185819, 2.6667E-02, 1.0800E+01, 0.0000E+00,
17:10:23.99185824,-1.3333E-02, 1.0867E+01, 1.3333E-01,
17:10:23.99185829, 0.0000E+00, 1.0867E+01, 1.3333E-01,
17:10:23.99185834,-2.6667E-02, 1.0867E+01, 2.6667E-01,
17:10:23.99185839,-1.3333E-02, 1.0900E+01, 2.6667E-01,
17:10:23.99185844, 0.0000E+00, 1.0900E+01, 6.6667E-01,
17:10:23.99185849, 0.0000E+00, 1.0833E+01, 2.6667E-01,
17:10:23.99185854,-1.3333E-02, 1.0967E+01, 1.3333E-01,
17:10:23.99185859, 0.0000E+00, 1.0833E+01, 2.6667E-01,
17:10:23.99185864, 0.0000E+00, 1.0867E+01, 0.0000E+00,
17:10:23.99185869,-2.6667E-02, 1.0867E+01, 2.6667E-01,
17:10:23.99185874, 1.3333E-02, 1.0833E+01,-1.3333E-01,
17:10:23.99185879, 5.3333E-02, 1.0867E+01, 4.0000E-01,
17:10:23.99185884, 0.0000E+00, 1.0833E+01,-1.3333E-01,
17:10:23.99185889, 4.0000E-02, 1.0867E+01,-1.3333E-01,
17:10:23.99185894,-2.6667E-02, 1.0867E+01, 2.6667E-01,
17:10:23.99185899,-2.6667E-02, 1.0933E+01, 0.0000E+00,
17:10:23.99185904, 0.0000E+00, 1.0867E+01, 0.0000E+00,
17:10:23.99185909,-4.0000E-02, 1.0833E+01, 0.0000E+00,
17:10:23.99185914,-2.6667E-02, 1.0833E+01, 1.3333E-01,
17:10:23.99185919, 4.0000E-02, 1.0833E+01, 0.0000E+00,
17:10:23.99185924,-1.3333E-02, 1.0800E+01, 1.3333E-01,
17:10:23.99185929, 4.0000E-02, 1.0867E+01, 2.6667E-01,
17:10:23.99185934, 2.6667E-02, 1.0900E+01, 4.0000E-01,
17:10:23.99185939, 1.3333E-02, 1.0867E+01, 1.3333E-01,
17:10:23.99185944,-1.3333E-02, 1.0800E+01,-2.6667E-01,
17:10:23.99185949,-2.6667E-02, 1.0833E+01, 2.6667E-01,
17:10:23.99185954, 1.3333E-02, 1.0900E+01, 0.0000E+00,
17:10:23.99185959, 0.0000E+00, 1.0833E+01, 1.3333E-01,
17:10:23.99185964, 1.3333E-02, 1.0867E+01, 1.3333E-01,
17:10:23.99185969, 2.6667E-02, 1.0867E+01, 0.0000E+00,
17:10:23.99185974, 1.3333E-02, 1.0833E+01, 0.0000E+00,
17:10:23.99185979, 4.0000E-02, 1.0900E+01, 2.6667E-01,
17:10:23.99185984,-1.3333E-02, 1.0800E+01, 0.0000E+00,
17:10:23.99185989,-2.6667E-02, 1.0867E+01, 1.3333E-01,
17:10:23.99185994, 0.0000E+00, 1.0867E+01, 1.3333E-01,
17:10:23.99185999, 1.3333E-02, 1.0867E+01, 4.0000E-01,
17:10:23.99186004,-2.6667E-02, 1.0900E+01, 4.0000E-01,
17:10:23.99186009, 0.0000E+00, 1.0900E+01, 0.0000E+00,
17:10:23.99186014, 1.3333E-02, 1.0833E+01, 0.0000E+00,
17:10:23.99186019, 0.0000E+00, 1.0867E+01, 1.3333E-01,
17:10:23.99186024,-1.3333E-02, 1.0867E+01, 4.0000E-01,
17:10:23.99186029, 1.3333E-02, 1.0867E+01,-1.3333E-01,
17:10:23.99186034,-2.6667E-02, 1.0833E+01,-1.3333E-01,
17:10:23.99186039, 0.0000E+00, 1.0900E+01,-2.6667E-01,
17:10:23.99186044, 0.0000E+00, 1.0867E+01, 2.6667E-01,
17:10:23.99186049,-2.6667E-02, 1.0867E+01, 2.6667E-01,
17:10:23.99186054,-2.6667E-02, 1.0900E+01, 0.0000E+00,
17:10:23.99186059, 0.0000E+00, 1.0900E+01, 2.6667E-01,
17:10:23.99186064, 0.0000E+00, 1.0900E+01, 1.3333E-01,
17:10:23.99186069,-1.3333E-02, 1.0800E+01, 4.0000E-01,
17:10:23.99186074, 1.3333E-02, 1.0900E+01, 2.6667E-01,
17:10:23.99186079,-1.3333E-02, 1.0867E+01,-1.3333E-01,
17:10:23.99186084,-1.3333E-02, 1.0833E+01, 2.6667E-01,
17:10:23.99186089,-1.3333E-02, 1.0867E+01, 4.0000E-01,
17:10:23.99186094, 1.3333E-02, 1.0867E+01, 0.0000E+00,
17:10:23.99186099,-1.3333E-02, 1.0867E+01, 4.0000E-01,
17:10:23.99186104, 0.0000E+00, 1.0933E+01, 2.6667E-01,
17:10:23.99186109, 1.3333E-02, 1.0867E+01, 5.3333E-01,
17:10:23.99186114, 1.3333E-02, 1.0867E+01, 1.3333E-01,
17:10:23.99186119, 0.0000E+00, 1.0900E+01, 0.0000E+00,
17:10:23.99186124, 1.3333E-02, 1.0900E+01,-1.3333E-01,
17:10:23.99186129,-2.6667E-02, 1.0867E+01, 1.3333E-01,
17:10:23.99186134,-2.6667E-02, 1.0833E+01, 1.3333E-01,
17:10:23.99186139, 1.3333E-02, 1.0867E+01,-1.3333E-01,
17:10:23.99186144,-4.0000E-02, 1.0867E+01, 0.0000E+00,
17:10:23.99186149, 0.0000E+00, 1.0867E+01, 0.0000E+00,
17:10:23.99186154,-1.3333E-02, 1.0800E+01, 1.3333E-01,
17:10:23.99186159, 0.0000E+00, 1.0833E+01, 1.3333E-01,
17:10:23.99186164, 4.0000E-02, 1.0800E+01, 0.0000E+00,
17:10:23.99186169, 0.0000E+00, 1.0867E+01,-2.6667E-01,
17:10:23.99186174, 1.3333E-02, 1.0800E+01, 0.0000E+00,
17:10:23.99186179, 0.0000E+00, 1.0933E+01, 1.3333E-01,
17:10:23.99186184, 0.0000E+00, 1.0833E+01, 2.6667E-01,
17:10:23.99186189,-1.3333E-02, 1.0867E+01, 0.0000E+00,
17:10:23.99186194,-2.6667E-02, 1.0833E+01, 1.3333E-01,
17:10:23.99186199, 4.0000E-02, 1.0867E+01, 2.6667E-01,
17:10:23.99186204, 0.0000E+00, 1.0867E+01, 0.0000E+00,
17:10:23.99186209, 2.6667E-02, 1.0867E+01, 4.0000E-01,
17:10:23.99186214, 1.3333E-02, 1.0833E+01, 2.6667E-01,
17:10:23.99186219,-1.3333E-02, 1.0867E+01, 1.3333E-01,
17:10:23.99186224,-2.6667E-02, 1.0900E+01, 2.6667E-01,
17:10:23.99186229, 1.3333E-02, 1.0933E+01, 0.0000E+00,
17:10:23.99186234, 0.0000E+00, 1.0833E+01, 2.6667E-01,
17:10:23.99186239,-2.6667E-02, 1.0867E+01, 2.6667E-01,
17:10:23.99186244,-2.6667E-02, 1.0867E+01, 0.0000E+00,
17:10:23.99186249, 0.0000E+00, 1.0833E+01,-2.6667E-01,
17:10:23.99186254, 0.0000E+00, 1.0833E+01, 2.6667E-01,
17:10:23.99186259, 1.3333E-02, 1.0833E+01,-1.3333E-01,
17:10:23.99186264,-1.3333E-02, 1.0867E+01, 0.0000E+00,
17:10:23.99186269, 0.0000E+00, 1.0833E+01, 0.0000E+00,
17:10:23.99186274, 1.3333E-02, 1.0867E+01, 2.6667E-01,
17:10:23.99186279,-2.6667E-02, 1.0833E+01, 2.6667E-01,
17:10:23.99186284,-1.3333E-02, 1.0833E+01, 4.0000E-01,
17:10:23.99186289,-1.3333E-02, 1.0833E+01, 1.3333E-01,
17:10:23.99186294, 2.6667E-02, 1.0867E+01, 2.6667E-01,
17:10:23.99186299,-2.6667E-02, 1.0867E+01, 2.6667E-01,
17:10:23.99186304, 1.3333E-02, 1.0867E+01, 4.0000E-01,
17:10:23.99186309, 4.0000E-02, 1.0900E+01, 1.3333E-01,
17:10:23.99186314, 0.0000E+00, 1.0833E+01, 1.3333E-01,
17:10:23.99186319, 1.3333E-02, 1.0900E+01, 1.3333E-01,
17:10:23.99186324,-1.3333E-02, 1.0900E+01, 1.3333E-01,
17:10:23.99186329, 1.3333E-02, 1.0867E+01, 0.0000E+00,
17:10:23.99186334, 1.3333E-02, 1.0867E+01, 0.0000E+00,
17:10:23.99186339, 0.0000E+00, 1.0833E+01, 2.6667E-01,
17:10:23.99186344, 1.3333E-02, 1.0800E+01, 1.3333E-01,
17:10:23.99186349, 0.0000E+00, 1.0867E+01, 2.6667E-01,
17:10:23.99186354,-1.3333E-02, 1.0833E+01, 1.3333E-01,
17:10:23.99186359,-1.3333E-02, 1.0900E+01, 1.3333E-01,
17:10:23.99186364, 0.0000E+00, 1.0967E+01, 1.3333E-01,
17:10:23.99186369,-1.3333E-02, 1.0900E+01, 2.6667E-01,
17:10:23.99186374,-1.3333E-02, 1.0833E+01, 1.3333E-01,
17:10:23.99186379,-1.3333E-02, 1.0867E+01, 1.3333E-01,
17:10:23.99186384,-1.3333E-02, 1.0833E+01, 0.0000E+00,
17:10:23.99186389,-1.3333E-02, 1.0867E+01,-2.6667E-01,
17:10:23.99186394,-1.3333E-02, 1.0833E+01, 1.3333E-01,
17:10:23.99186399,-1.3333E-02, 1.0933E+01, 1.3333E-01,
17:10:23.99186404,-1.3333E-02, 1.0900E+01,-1.3333E-01,
17:10:23.99186409, 0.0000E+00, 1.0900E+01,-1.3333E-01,
17:10:23.99186414, 1.3333E-02, 1.0900E+01, 1.3333E-01,
17:10:23.99186419, 0.0000E+00, 1.0900E+01,-1.3333E-01,
17:10:23.99186424,-2.6667E-02, 1.0933E+01, 2.6667E-01,
17:10:23.99186429,-1.3333E-02, 1.0867E+01, 0.0000E+00,
17:10:23.99186434, 0.0000E+00, 1.0867E+01, 0.0000E+00,
17:10:23.99186439, 0.0000E+00, 1.0867E+01, 2.6667E-01,
17:10:23.99186444, 0.0000E+00, 1.0867E+01, 0.0000E+00,
17:10:23.99186449,-2.6667E-02, 1.0900E+01,-1.3333E-01,
17:10:23.99186454, 2.6667E-02, 1.0800E+01,-1.3333E-01,
17:10:23.99186459, 0.0000E+00, 1.0800E+01, 2.6667E-01,
17:10:23.99186464,-2.6667E-02, 1.0900E+01, 2.6667E-01,
17:10:23.99186469, 1.3333E-02, 1.0967E+01, 2.6667E-01,
17:10:23.99186474,-1.3333E-02, 1.0867E+01, 2.6667E-01,
17:10:23.99186479,-2.6667E-02, 1.0800E+01, 0.0000E+00,
17:10:23.99186484,-1.3333E-02, 1.0867E+01, 4.0000E-01,
17:10:23.99186489, 0.0000E+00, 1.0900E+01, 4.0000E-01,
17:10:23.99186494,-1.3333E-02, 1.0833E+01, 0.0000E+00,
17:10:23.99186499, 0.0000E+00, 1.0900E+01,-1.3333E-01,
17:10:23.99186504,-2.6667E-02, 1.0833E+01, 0.0000E+00,
17:10:23.99186509, 1.3333E-02, 1.0800E+01, 2.6667E-01,
17:10:23.99186514, 0.0000E+00, 1.0800E+01, 0.0000E+00,
17:10:23.99186519, 0.0000E+00, 1.0867E+01, 2.6667E-01,
17:10:23.99186524,-1.3333E-02, 1.0867E+01, 1.3333E-01,
17:10:23.99186529,-1.3333E-02, 1.0800E+01, 2.6667E-01,
17:10:23.99186534, 1.3333E-02, 1.0800E+01, 2.6667E-01,
17:10:23.99186539, 0.0000E+00, 1.0867E+01, 4.0000E-01,
17:10:23.99186544, 0.0000E+00, 1.0867E+01, 4.0000E-01,
17:10:23.99186549, 1.3333E-02, 1.0900E+01,-1.3333E-01,
17:10:23.99186554,-1.3333E-02, 1.0800E+01, 1.3333E-01,
17:10:23.99186559,-1.3333E-02, 1.0867E+01, 0.0000E+00,
17:10:23.99186564,-5.3333E-02, 1.0900E+01, 4.0000E-01,
17:10:23.99186569,-1.3333E-02, 1.0800E+01,-2.6667E-01,
17:10:23.99186574,-2.6667E-02, 1.0833E+01, 2.6667E-01,
17:10:23.99186579,-2.6667E-02, 1.0833E+01, 1.3333E-01,
17:10:23.99186584, 0.0000E+00, 1.0867E+01, 1.3333E-01,
17:10:23.99186589, 1.3333E-02, 1.0867E+01, 4.0000E-01,
17:10:23.99186594, 0.0000E+00, 1.0833E+01, 0.0000E+00,
17:10:23.99186599, 1.3333E-02, 1.0867E+01, 0.0000E+00,
17:10:23.99186604,-1.3333E-02, 1.0867E+01,-1.3333E-01,
17:10:23.99186609,-2.6667E-02, 1.0900E+01,-1.3333E-01,
17:10:23.99186614,-1.3333E-02, 1.0867E+01, 1.3333E-01,
17:10:23.99186619, 0.0000E+00, 1.0833E+01, 1.3333E-01,
17:10:23.99186624, 0.0000E+00, 1.0900E+01, 4.0000E-01,
17:10:23.99186629,-4.0000E-02, 1.0800E+01, 0.0000E+00,
17:10:23.99186634, 1.3333E-02, 1.0833E+01, 0.0000E+00,
17:10:23.99186639, 1.3333E-02, 1.0867E+01, 1.3333E-01,
17:10:23.99186644,-1.3333E-02, 1.0867E+01, 2.6667E-01,
17:10:23.99186649, 1.3333E-02, 1.0833E+01,-2.6667E-01,
17:10:23.99186654,-1.3333E-02, 1.0833E+01, 0.0000E+00,
17:10:23.99186659, 0.0000E+00, 1.0900E+01, 1.3333E-01,
17:10:23.99186664,-4.0000E-02, 1.0900E+01, 2.6667E-01,
17:10:23.99186669, 2.6667E-02, 1.0867E+01,-1.3333E-01,
17:10:23.99186674, 0.0000E+00, 1.0900E+01,-1.3333E-01,
17:10:23.99186679,-1.3333E-02, 1.0833E+01, 2.6667E-01,
17:10:23.99186684, 1.3333E-02, 1.0867E+01, 1.3333E-01,
17:10:23.99186689, 0.0000E+00, 1.0867E+01, 0.0000E+00,
17:10:23.99186694, 0.0000E+00, 1.0867E+01,-1.3333E-01,
17:10:23.99186699, 1.3333E-02, 1.0900E+01, 1.3333E-01,
17:10:23.99186704, 0.0000E+00, 1.0933E+01, 1.3333E-01,
17:10:23.99186709,-4.0000E-02, 1.0833E+01, 2.6667E-01,
17:10:23.99186714,-2.6667E-02, 1.0867E+01, 0.0000E+00,
17:10:23.99186719,-4.0000E-02, 1.0800E+01, 4.0000E-01,
17:10:23.99186724,-2.6667E-02, 1.0867E+01, 4.0000E-01,
17:10:23.99186729, 2.6667E-02, 1.0867E+01, 4.0000E-01,
17:10:23.99186734, 0.0000E+00, 1.0900E+01, 0.0000E+00,
17:10:23.99186739, 2.6667E-02, 1.0833E+01, 0.0000E+00,
17:10:23.99186744,-2.6667E-02, 1.0867E+01,-2.6667E-01,
17:10:23.99186749, 0.0000E+00, 1.0867E+01, 1.3333E-01,
17:10:23.99186754,-1.3333E-02, 1.0800E+01, 2.6667E-01,
17:10:23.99186759,-2.6667E-02, 1.0833E+01, 1.3333E-01,
17:10:23.99186764, 0.0000E+00, 1.0833E+01,-2.6667E-01,
17:10:23.99186769,-1.3333E-02, 1.0867E+01, 0.0000E+00,
17:10:23.99186774, 1.3333E-02, 1.0900E+01, 1.3333E-01,
17:10:23.99186779, 1.3333E-02, 1.0900E+01, 2.6667E-01,
17:10:23.99186784, 0.0000E+00, 1.0833E+01, 1.3333E-01,
17:10:23.99186789, 0.0000E+00, 1.0867E+01,-1.3333E-01,
17:10:23.99186794,-1.3333E-02, 1.0933E+01, 0.0000E+00,
17:10:23.99186799,-1.3333E-02, 1.0867E+01, 1.3333E-01,
17:10:23.99186804,-1.3333E-02, 1.0867E+01, 2.6667E-01,
17:10:23.99186809,-4.0000E-02, 1.0833E+01, 1.3333E-01,
17:10:23.99186814,-1.3333E-02, 1.0833E+01, 0.0000E+00,
17:10:23.99186819,-1.3333E-02, 1.0767E+01, 4.0000E-01,
17:10:23.99186824,-1.3333E-02, 1.0833E+01, 2.6667E-01,
17:10:23.99186829,-1.3333E-02, 1.0867E+01, 2.6667E-01,
17:10:23.99186834, 1.3333E-02, 1.0833E+01, 0.0000E+00,
17:10:23.99186839,-1.3333E-02, 1.0900E+01, 2.6667E-01,
17:10:23.99186844, 1.3333E-02, 1.0833E+01, 1.3333E-01,
17:10:23.99186849, 0.0000E+00, 1.0867E+01, 0.0000E+00,
17:10:23.99186854,-2.6667E-02, 1.0867E+01,-1.3333E-01,
17:10:23.99186859,-2.6667E-02, 1.0867E+01, 4.0000E-01,
17:10:23.99186864, 0.0000E+00, 1.0800E+01, 2.6667E-01,
17:10:23.99186869,-1.3333E-02, 1.0900E+01, 0.0000E+00,
17:10:23.99186874, 0.0000E+00, 1.0867E+01, 2.6667E-01,
17:10:23.99186879, 1.3333E-02, 1.0800E+01,-1.3333E-01,
17:10:23.99186884, 1.3333E-02, 1.0867E+01, 1.3333E-01,
17:10:23.99186889,-2.6667E-02, 1.0867E+01, 1.3333E-01,
17:10:23.99186894, 2.6667E-02, 1.0833E+01, 1.3333E-01,
17:10:23.99186899, 0.0000E+00, 1.0767E+01, 1.3333E-01,
17:10:23.99186904,-1.3333E-02, 1.0867E+01,-2.6667E-01,
17:10:23.99186909, 1.3333E-02, 1.0833E+01, 1.3333E-01,
17:10:23.99186914,-2.6667E-02, 1.0900E+01, 2.6667E-01,
17:10:23.99186919, 0.0000E+00, 1.0833E+01,-1.3333E-01,
17:10:23.99186924,-1.3333E-02, 1.0833E+01, 5.3333E-01,
17:10:23.99186929,-1.3333E-02, 1.0800E+01, 0.0000E+00,
17:10:23.99186934, 4.0000E-02, 1.0900E+01, 4.0000E-01,
17:10:23.99186939, 4.0000E-02, 1.0867E+01, 5.3333E-01,
17:10:23.99186944,-1.3333E-02, 1.0867E+01, 2.6667E-01,
17:10:23.99186949, 0.0000E+00, 1.0800E+01,-4.0000E-01,
17:10:23.99186954,-2.6667E-02, 1.0867E+01, 2.6667E-01,
17:10:23.99186959,-1.3333E-02, 1.0833E+01,-2.6667E-01,
17:10:23.99186964, 0.0000E+00, 1.0900E+01, 1.3333E-01,
17:10:23.99186969,-1.3333E-02, 1.0933E+01, 1.3333E-01,
17:10:23.99186974, 0.0000E+00, 1.0900E+01, 1.3333E-01,
17:10:23.99186979,-4.0000E-02, 1.0867E+01, 2.6667E-01,
17:10:23.99186984,-1.3333E-02, 1.0833E+01, 1.3333E-01,
17:10:23.99186989,-2.6667E-02, 1.0900E+01, 1.3333E-01,
17:10:23.99186994,-2.6667E-02, 1.0767E+01, 0.0000E+00,
17:10:23.99186999,-1.3333E-02, 1.0867E+01,-1.3333E-01,
17:10:23.99187004,-2.6667E-02, 1.0900E+01, 0.0000E+00,
17:10:23.99187009, 1.3333E-02, 1.0900E+01, 4.0000E-01,
17:10:23.99187014, 1.3333E-02, 1.0900E+01,-1.3333E-01,
17:10:23.99187019, 1.3333E-02, 1.0833E+01, 2.6667E-01,
17:10:23.99187024,-1.3333E-02, 1.0867E+01, 0.0000E+00,
17:10:23.99187029, 1.3333E-02, 1.0833E+01, 1.3333E-01,
17:10:23.99187034, 0.0000E+00, 1.0900E+01,-2.6667E-01,
17:10:23.99187039,-1.3333E-02, 1.0900E+01, 1.3333E-01,
17:10:23.99187044,-1.3333E-02, 1.0867E+01, 0.0000E+00,
17:10:23.99187049,-2.6667E-02, 1.0900E+01, 1.3333E-01,
17:10:23.99187054,-2.6667E-02, 1.0867E+01, 0.0000E+00,
17:10:23.99187059, 0.0000E+00, 1.0833E+01, 2.6667E-01,
17:10:23.99187064, 0.0000E+00, 1.0833E+01, 2.6667E-01,
17:10:23.99187069,-1.3333E-02, 1.0867E+01, 4.0000E-01,
17:10:23.99187074, 0.0000E+00, 1.0833E+01, 2.6667E-01,
17:10:23.99187079,-1.3333E-02, 1.0867E+01, 4.0000E-01,
17:10:23.99187084,-4.0000E-02, 1.0867E+01, 2.6667E-01,
17:10:23.99187089, 0.0000E+00, 1.0900E+01, 0.0000E+00,
17:10:23.99187094,-4.0000E-02, 1.0900E+01, 0.0000E+00,
17:10:23.99187099,-1.3333E-02, 1.0833E+01, 4.0000E-01,
17:10:23.99187104,-1.3333E-02, 1.0900E+01,-1.3333E-01,
17:10:23.99187109, 0.0000E+00, 1.0833E+01, 0.0000E+00,
17:10:23.99187114,-2.6667E-02, 1.0833E+01, 1.3333E-01,
17:10:23.99187119, 0.0000E+00, 1.0900E+01, 4.0000E-01,
17:10:23.99187124, 1.3333E-02, 1.0967E+01, 1.3333E-01,
17:10:23.99187129, 2.6667E-02, 1.0900E+01, 1.3333E-01,
17:10:23.99187134,-1.3333E-02, 1.0800E+01,-2.6667E-01,
17:10:23.99187139,-1.3333E-02, 1.0833E+01, 2.6667E-01,
17:10:23.99187144,-2.6667E-02, 1.0933E+01, 0.0000E+00,
17:10:23.99187149,-1.3333E-02, 1.0867E+01, 2.6667E-01,
17:10:23.99187154, 0.0000E+00, 1.0867E+01, 1.3333E-01,
17:10:23.99187159,-1.3333E-02, 1.0800E+01, 4.0000E-01,
17:10:23.99187164, 0.0000E+00, 1.0900E+01, 1.3333E-01,
17:10:23.99187169, 0.0000E+00, 1.0900E+01, 0.0000E+00,
17:10:23.99187174,-1.3333E-02, 1.0867E+01, 1.3333E-01,
17:10:23.99187179, 0.0000E+00, 1.0867E+01, 0.0000E+00,
17:10:23.99187184, 1.3333E-02, 1.0867E+01, 2.6667E-01,
17:10:23.99187189,-2.6667E-02, 1.0900E+01,-1.3333E-01,
17:10:23.99187194,-1.3333E-02, 1.0800E+01,-1.3333E-01,
17:10:23.99187199,-1.3333E-02, 1.0833E+01, 1.3333E-01,
17:10:23.99187204,-1.3333E-02, 1.0867E+01,-1.3333E-01,
17:10:23.99187209, 0.0000E+00, 1.0833E+01, 1.3333E-01,
17:10:23.99187214, 1.3333E-02, 1.0833E+01, 0.0000E+00,
17:10:23.99187219,-1.3333E-02, 1.0867E+01, 4.0000E-01,
17:10:23.99187224, 0.0000E+00, 1.0967E+01, 2.6667E-01,
17:10:23.99187229, 0.0000E+00, 1.0900E+01,-1.3333E-01,
17:10:23.99187234, 1.3333E-02, 1.0800E+01, 0.0000E+00,
17:10:23.99187239,-2.6667E-02, 1.0900E+01, 4.0000E-01,
17:10:23.99187244, 0.0000E+00, 1.0833E+01, 0.0000E+00,
17:10:23.99187249, 2.6667E-02, 1.0867E+01, 4.0000E-01,
17:10:23.99187254, 1.3333E-02, 1.0900E+01, 1.3333E-01,
17:10:23.99187259,-4.0000E-02, 1.0867E+01, 4.0000E-01,
17:10:23.99187264, 4.0000E-02, 1.0867E+01, 2.6667E-01,
17:10:23.99187269, 0.0000E+00, 1.0933E+01, 2.6667E-01,
17:10:23.99187274, 0.0000E+00, 1.0833E+01, 2.6667E-01,
17:10:23.99187279, 1.3333E-02, 1.0900E+01, 0.0000E+00,
17:10:23.99187284,-1.3333E-02, 1.0867E+01,-1.3333E-01,
17:10:23.99187289, 0.0000E+00, 1.0867E+01, 4.0000E-01,
17:10:23.99187294,-1.3333E-02, 1.0800E+01,-1.3333E-01,
17:10:23.99187299,-4.0000E-02, 1.0833E+01,-1.3333E-01,
17:10:23.99187304, 0.0000E+00, 1.0867E+01, 1.3333E-01,
17:10:23.99187309, 0.0000E+00, 1.0800E+01, 1.3333E-01,
17:10:23.99187314, 1.3333E-02, 1.0867E+01, 4.0000E-01,
17:10:23.99187319,-1.3333E-02, 1.0900E+01, 2.6667E-01,
17:10:23.99187324,-1.3333E-02, 1.0833E+01, 2.6667E-01,
17:10:23.99187329, 1.3333E-02, 1.0900E+01, 1.3333E-01,
17:10:23.99187334,-2.6667E-02, 1.0833E+01,-1.3333E-01,
17:10:23.99187339,-2.6667E-02, 1.0833E+01, 0.0000E+00,
17:10:23.99187344, 1.3333E-02, 1.0867E+01, 4.0000E-01,
17:10:23.99187349, 0.0000E+00, 1.0900E+01, 1.3333E-01,
17:10:23.99187354, 0.0000E+00, 1.0900E+01, 4.0000E-01,
17:10:23.99187359,-1.3333E-02, 1.0867E+01, 0.0000E+00,
17:10:23.99187364, 0.0000E+00, 1.0900E+01, 0.0000E+00,
17:10:23.99187369,-4.0000E-02, 1.0800E+01, 1.3333E-01,
17:10:23.99187374,-2.6667E-02, 1.0800E+01, 0.0000E+00,
17:10:23.99187379,-1.3333E-02, 1.0867E+01, 2.6667E-01,
17:10:23.99187384,-4.0000E-02, 1.0800E+01, 0.0000E+00,
17:10:23.99187389, 0.0000E+00, 1.0800E+01, 0.0000E+00,
17:10:23.99187394,-2.6667E-02, 1.0833E+01, 1.3333E-01,
17:10:23.99187399,-1.3333E-02, 1.0833E+01, 0.0000E+00,
17:10:23.99187404,-2.6667E-02, 1.0833E+01, 2.6667E-01,
17:10:23.99187409, 1.3333E-02, 1.0933E+01, 2.6667E-01,
17:10:23.99187414, 1.3333E-02, 1.0867E+01, 2.6667E-01,
17:10:23.99187419,-1.3333E-02, 1.0900E+01, 1.3333E-01,
17:10:23.99187424, 1.3333E-02, 1.0800E+01, 0.0000E+00,
17:10:23.99187429,-1.3333E-02, 1.0833E+01, 0.0000E+00,
17:10:23.99187434, 0.0000E+00, 1.0867E+01,-1.3333E-01,
17:10:23.99187439,-1.3333E-02, 1.0933E+01, 1.3333E-01,
17:10:23.99187444, 1.3333E-02, 1.0867E+01, 2.6667E-01,
17:10:23.99187449,-2.6667E-02, 1.0933E+01, 2.6667E-01,
17:10:23.99187454,-1.3333E-02, 1.0867E+01, 2.6667E-01,
17:10:23.99187459, 0.0000E+00, 1.0867E+01, 2.6667E-01,
17:10:23.99187464,-1.3333E-02, 1.0900E+01, 0.0000E+00,
17:10:23.99187469, 0.0000E+00, 1.0867E+01, 1.3333E-01,
17:10:23.99187474,-2.6667E-02, 1.0900E+01, 1.3333E-01,
17:10:23.99187479, 0.0000E+00, 1.0867E+01, 0.0000E+00,
17:10:23.99187484,-2.6667E-02, 1.0833E+01, 1.3333E-01,
17:10:23.99187489, 1.3333E-02, 1.0867E+01, 1.3333E-01,
17:10:23.99187494,-1.3333E-02, 1.0900E+01, 1.3333E-01,
17:10:23.99187499,-1.3333E-02, 1.0933E+01, 4.0000E-01,
17:10:23.99187504, 1.3333E-02, 1.0900E+01, 2.6667E-01,
17:10:23.99187509,-1.3333E-02, 1.0900E+01, 5.3333E-01,
17:10:23.99187514, 0.0000E+00, 1.0867E+01, 2.6667E-01,
17:10:23.99187519,-1.3333E-02, 1.0833E+01, 1.3333E-01,
17:10:23.99187524, 0.0000E+00, 1.0833E+01, 0.0000E+00,
17:10:23.99187529, 0.0000E+00, 1.0867E+01,-1.3333E-01,
17:10:23.99187534, 0.0000E+00, 1.0833E+01, 1.3333E-01,
17:10:23.99187539, 0.0000E+00, 1.0800E+01, 2.6667E-01,
17:10:23.99187544,-2.6667E-02, 1.0867E+01, 1.3333E-01,
17:10:23.99187549, 2.6667E-02, 1.0833E+01,-1.3333E-01,
17:10:23.99187554, 0.0000E+00, 1.0900E+01, 1.3333E-01,
17:10:23.99187559, 1.3333E-02, 1.0867E+01, 1.3333E-01,
17:10:23.99187564, 1.3333E-02, 1.0867E+01,-1.3333E-01,
17:10:23.99187569, 0.0000E+00, 1.0900E+01, 2.6667E-01,
17:10:23.99187574,-1.3333E-02, 1.0867E+01, 0.0000E+00,
17:10:23.99187579, 0.0000E+00, 1.0867E+01, 0.0000E+00,
17:10:23.99187584,-1.3333E-02, 1.0833E+01, 4.0000E-01,
17:10:23.99187589, 1.3333E-02, 1.0800E+01, 0.0000E+00,
17:10:23.99187594, 1.3333E-02, 1.0833E+01, 2.6667E-01,
17:10:23.99187599, 2.6667E-02, 1.0900E+01, 1.3333E-01,
17:10:23.99187604, 0.0000E+00, 1.0767E+01,-1.3333E-01,
17:10:23.99187609, 1.3333E-02, 1.0833E+01, 0.0000E+00,
17:10:23.99187614,-1.3333E-02, 1.0900E+01, 0.0000E+00,
17:10:23.99187619,-1.3333E-02, 1.0933E+01, 0.0000E+00,
17:10:23.99187624,-1.3333E-02, 1.0800E+01, 0.0000E+00,
17:10:23.99187629,-4.0000E-02, 1.0833E+01, 0.0000E+00,
17:10:23.99187634,-1.3333E-02, 1.0867E+01, 0.0000E+00,
17:10:23.99187639,-1.3333E-02, 1.0867E+01, 0.0000E+00,
17:10:23.99187644,-1.3333E-02, 1.0867E+01, 1.3333E-01,
17:10:23.99187649,-1.3333E-02, 1.0933E+01, 1.3333E-01,
17:10:23.99187654, 1.3333E-02, 1.0900E+01, 1.3333E-01,
17:10:23.99187659,-1.3333E-02, 1.0933E+01, 2.6667E-01,
17:10:23.99187664,-2.6667E-02, 1.0800E+01,-1.3333E-01,
17:10:23.99187669,-2.6667E-02, 1.0767E+01, 1.3333E-01,
17:10:23.99187674,-4.0000E-02, 1.0867E+01, 1.3333E-01,
17:10:23.99187679,-4.0000E-02, 1.0867E+01, 0.0000E+00,
17:10:23.99187684,-4.0000E-02, 1.0867E+01, 2.6667E-01,
17:10:23.99187689, 1.3333E-02, 1.0867E+01, 2.6667E-01,
17:10:23.99187694, 2.6667E-02, 1.0867E+01, 2.6667E-01,
17:10:23.99187699, 1.3333E-02, 1.0800E+01, 2.6667E-01,
17:10:23.99187704, 0.0000E+00, 1.0833E+01, 0.0000E+00,
17:10:23.99187709, 1.3333E-02, 1.0833E+01, 1.3333E-01,
17:10:23.99187714, 0.0000E+00, 1.0867E+01, 2.6667E-01,
17:10:23.99187719,-4.0000E-02, 1.0933E+01, 1.3333E-01,
17:10:23.99187724,-1.3333E-02, 1.0900E+01, 0.0000E+00,
17:10:23.99187729, 0.0000E+00, 1.0833E+01,-1.3333E-01,
17:10:23.99187734, 1.3333E-02, 1.0867E+01, 0.0000E+00,
17:10:23.99187739,-2.6667E-02, 1.0900E+01, 0.0000E+00,
17:10:23.99187744, 0.0000E+00, 1.0867E+01, 0.0000E+00,
17:10:23.99187749, 0.0000E+00, 1.0833E+01, 4.0000E-01,
17:10:23.99187754, 1.3333E-02, 1.0867E+01,-1.3333E-01,
17:10:23.99187759, 1.3333E-02, 1.0767E+01, 5.3333E-01,
17:10:23.99187764,-4.0000E-02, 1.0867E+01, 2.6667E-01,
17:10:23.99187769,-2.6667E-02, 1.0867E+01,-2.6667E-01,
17:10:23.99187774, 0.0000E+00, 1.0833E+01, 1.3333E-01,
17:10:23.99187779, 0.0000E+00, 1.0800E+01, 2.6667E-01,
17:10:23.99187784, 1.3333E-02, 1.0833E+01, 1.3333E-01,
17:10:23.99187789, 0.0000E+00, 1.0867E+01, 0.0000E+00,
17:10:23.99187794, 0.0000E+00, 1.0900E+01,-1.3333E-01,
17:10:23.99187799,-1.3333E-02, 1.0833E+01, 0.0000E+00,
17:10:23.99187804, 1.3333E-02, 1.0900E+01, 1.3333E-01,
17:10:23.99187809, 1.3333E-02, 1.0833E+01, 0.0000E+00,
17:10:23.99187814, 1.3333E-02, 1.0867E+01, 1.3333E-01,
17:10:23.99187819,-4.0000E-02, 1.0833E+01,-2.6667E-01,
17:10:23.99187824,-1.3333E-02, 1.0900E+01, 0.0000E+00,
17:10:23.99187829, 1.3333E-02, 1.0867E+01, 1.3333E-01,
17:10:23.99187834, 1.3333E-02, 1.0867E+01, 2.6667E-01,
17:10:23.99187839, 2.6667E-02, 1.0867E+01, 1.3333E-01,
17:10:23.99187844, 1.3333E-02, 1.0867E+01, 1.3333E-01,
17:10:23.99187849, 0.0000E+00, 1.0867E+01, 4.0000E-01,
17:10:23.99187854,-1.3333E-02, 1.0867E+01,-2.6667E-01,
17:10:23.99187859,-4.0000E-02, 1.0900E+01, 0.0000E+00,
17:10:23.99187864,-1.3333E-02, 1.0833E+01, 0.0000E+00,
17:10:23.99187869,-2.6667E-02, 1.0933E+01, 4.0000E-01,
17:10:23.99187874, 1.3333E-02, 1.0900E+01, 0.0000E+00,
17:10:23.99187879,-1.3333E-02, 1.0867E+01, 1.3333E-01,
17:10:23.99187884,-2.6667E-02, 1.0900E+01, 4.0000E-01,
17:10:23.99187889,-1.3333E-02, 1.0900E+01, 1.3333E-01,
17:10:23.99187894, 0.0000E+00, 1.0833E+01, 0.0000E+00,
17:10:23.99187899, 2.6667E-02, 1.0867E+01, 1.3333E-01,
17:10:23.99187904, 0.0000E+00, 1.0867E+01, 4.0000E-01,
17:10:23.99187909,-2.6667E-02, 1.0833E+01, 0.0000E+00,
17:10:23.99187914,-1.3333E-02, 1.0867E+01,-1.3333E-01,
17:10:23.99187919, 0.0000E+00, 1.0833E+01, 0.0000E+00,
17:10:23.99187924, 1.3333E-02, 1.0833E+01, 5.3333E-01,
17:10:23.99187929, 0.0000E+00, 1.0800E+01, 2.6667E-01,
17:10:23.99187934,-4.0000E-02, 1.0933E+01, 0.0000E+00,
17:10:23.99187939, 0.0000E+00, 1.0800E+01,-1.3333E-01,
17:10:23.99187944, 0.0000E+00, 1.0800E+01, 4.0000E-01,
17:10:23.99187949, 0.0000E+00, 1.0833E+01, 1.3333E-01,
17:10:23.99187954, 0.0000E+00, 1.0800E+01, 2.6667E-01,
17:10:23.99187959,-2.6667E-02, 1.0833E+01, 4.0000E-01,
17:10:23.99187964, 0.0000E+00, 1.0900E+01, 0.0000E+00,
17:10:23.99187969,-1.3333E-02, 1.0833E+01, 1.3333E-01,
17:10:23.99187974, 0.0000E+00, 1.0867E+01,-1.3333E-01,
17:10:23.99187979, 2.6667E-02, 1.0800E+01, 4.0000E-01,
17:10:23.99187984,-1.3333E-02, 1.0867E+01, 2.6667E-01,
17:10:23.99187989, 0.0000E+00, 1.0833E+01, 2.6667E-01,
17:10:23.99187994, 4.0000E-02, 1.0867E+01, 1.3333E-01,
17:10:23.99187999,-1.3333E-02, 1.0933E+01, 0.0000E+00,
17:10:23.99188004,-1.3333E-02, 1.0867E+01, 2.6667E-01,
17:10:23.99188009,-2.6667E-02, 1.0900E+01, 2.6667E-01,
17:10:23.99188014, 1.3333E-02, 1.0800E+01, 0.0000E+00,
17:10:23.99188019,-1.3333E-02, 1.0833E+01, 1.3333E-01,
17:10:23.99188024, 1.3333E-02, 1.0833E+01, 0.0000E+00,
17:10:23.99188029,-1.3333E-02, 1.0867E+01, 1.3333E-01,
17:10:23.99188034, 1.3333E-02, 1.0900E+01, 2.6667E-01,
17:10:23.99188039, 1.3333E-02, 1.0900E+01, 2.6667E-01,
17:10:23.99188044, 0.0000E+00, 1.0867E+01, 5.3333E-01,
17:10:23.99188049, 1.3333E-02, 1.0867E+01, 0.0000E+00,
17:10:23.99188054,-2.6667E-02, 1.0833E+01, 2.6667E-01,
17:10:23.99188059,-4.0000E-02, 1.0867E+01, 0.0000E+00,
17:10:23.99188064,-2.6667E-02, 1.0867E+01, 1.3333E-01,
17:10:23.99188069, 2.6667E-02, 1.0900E+01,-1.3333E-01,
17:10:23.99188074, 1.3333E-02, 1.0900E+01, 2.6667E-01,
17:10:23.99188079, 0.0000E+00, 1.0867E+01, 0.0000E+00,
17:10:23.99188084, 0.0000E+00, 1.0933E+01, 2.6667E-01,
17:10:23.99188089, 0.0000E+00, 1.0867E+01, 1.3333E-01,
17:10:23.99188094, 0.0000E+00, 1.0833E+01, 4.0000E-01,
17:10:23.99188099,-2.6667E-02, 1.0933E+01, 1.3333E-01,
17:10:23.99188104, 2.6667E-02, 1.0867E+01, 1.3333E-01,
17:10:23.99188109,-4.0000E-02, 1.0833E+01, 1.3333E-01,
17:10:23.99188114,-1.3333E-02, 1.0867E+01,-1.3333E-01,
17:10:23.99188119,-1.3333E-02, 1.0800E+01, 2.6667E-01,
17:10:23.99188124, 1.3333E-02, 1.0867E+01, 2.6667E-01,
17:10:23.99188129, 0.0000E+00, 1.0867E+01, 2.6667E-01,
17:10:23.99188134, 0.0000E+00, 1.0867E+01, 1.3333E-01,
17:10:23.99188139, 1.3333E-02, 1.0833E+01, 2.6667E-01,
17:10:23.99188144,-1.3333E-02, 1.0833E+01, 1.3333E-01,
17:10:23.99188149,-5.3333E-02, 1.0867E+01, 2.6667E-01,
17:10:23.99188154,-2.6667E-02, 1.0900E+01, 4.0000E-01,
17:10:23.99188159, 0.0000E+00, 1.0900E+01, 2.6667E-01,
17:10:23.99188164,-1.3333E-02, 1.0867E+01, 0.0000E+00,
17:10:23.99188169, 0.0000E+00, 1.0833E+01, 0.0000E+00,
17:10:23.99188174,-1.3333E-02, 1.0867E+01, 1.3333E-01,
17:10:23.99188179, 1.3333E-02, 1.0833E+01, 1.3333E-01,
17:10:23.99188184, 1.3333E-02, 1.0933E+01,-1.3333E-01,
17:10:23.99188189, 0.0000E+00, 1.0867E+01, 1.3333E-01,
17:10:23.99188194,-4.0000E-02, 1.0867E+01, 1.3333E-01,
17:10:23.99188199, 1.3333E-02, 1.0867E+01, 4.0000E-01,
17:10:23.99188204,-2.6667E-02, 1.0900E+01, 1.3333E-01,
17:10:23.99188209, 1.3333E-02, 1.0867E+01, 1.3333E-01,
17:10:23.99188214,-2.6667E-02, 1.0833E+01, 1.3333E-01,
17:10:23.99188219,-1.3333E-02, 1.0833E+01, 4.0000E-01,
17:10:23.99188224, 1.3333E-02, 1.0867E+01,-2.6667E-01,
17:10:23.99188229,-1.3333E-02, 1.0900E+01, 0.0000E+00,
17:10:23.99188234, 0.0000E+00, 1.0867E+01, 2.6667E-01,
17:10:23.99188239, 0.0000E+00, 1.0900E+01, 0.0000E+00,
17:10:23.99188244,-2.6667E-02, 1.0900E+01, 2.6667E-01,
17:10:23.99188249,-1.3333E-02, 1.0833E+01, 2.6667E-01,
17:10:23.99188254, 0.0000E+00, 1.0867E+01, 0.0000E+00,
17:10:23.99188259,-1.3333E-02, 1.0867E+01, 5.3333E-01,
17:10:23.99188264,-1.3333E-02, 1.0933E+01, 2.6667E-01,
17:10:23.99188269, 0.0000E+00, 1.0900E+01, 1.3333E-01,
17:10:23.99188274, 0.0000E+00, 1.0867E+01, 1.3333E-01,
17:10:23.99188279, 0.0000E+00, 1.0933E+01, 2.6667E-01,
17:10:23.99188284,-2.6667E-02, 1.0867E+01, 4.0000E-01,
17:10:23.99188289, 1.3333E-02, 1.0933E+01, 1.3333E-01,
17:10:23.99188294, 1.3333E-02, 1.0933E+01, 4.0000E-01,
17:10:23.99188299,-2.6667E-02, 1.0900E+01, 2.6667E-01,
17:10:23.99188304, 1.3333E-02, 1.0833E+01, 1.3333E-01,
17:10:23.99188309,-2.6667E-02, 1.0833E+01, 1.3333E-01,
17:10:23.99188314, 1.3333E-02, 1.0833E+01, 1.3333E-01,
17:10:23.99188319, 1.3333E-02, 1.0833E+01, 0.0000E+00,
17:10:23.99188324,-1.3333E-02, 1.0900E+01, 1.3333E-01,
17:10:23.99188329,-1.3333E-02, 1.0900E+01, 0.0000E+00,
17:10:23.99188334,-2.6667E-02, 1.0933E+01, 0.0000E+00,
17:10:23.99188339,-1.3333E-02, 1.0867E+01, 0.0000E+00,
17:10:23.99188344,-2.6667E-02, 1.0867E+01, 0.0000E+00,
17:10:23.99188349, 0.0000E+00, 1.0867E+01,-1.3333E-01,
17:10:23.99188354, 2.6667E-02, 1.0900E+01, 4.0000E-01,
17:10:23.99188359, 0.0000E+00, 1.0833E+01,-1.3333E-01,
17:10:23.99188364, 4.0000E-02, 1.0900E+01, 4.0000E-01,
17:10:23.99188369, 1.3333E-02, 1.0833E+01, 2.6667E-01,
17:10:23.99188374, 0.0000E+00, 1.0900E+01, 1.3333E-01,
17:10:23.99188379, 0.0000E+00, 1.0833E+01, 1.3333E-01,
17:10:23.99188384, 0.0000E+00, 1.0867E+01, 0.0000E+00,
17:10:23.99188389,-2.6667E-02, 1.0900E+01, 5.3333E-01,
17:10:23.99188394, 2.6667E-02, 1.0933E+01, 4.0000E-01,
17:10:23.99188399,-1.3333E-02, 1.0933E+01, 4.0000E-01,
17:10:23.99188404,-1.3333E-02, 1.0800E+01, 0.0000E+00,
17:10:23.99188409,-1.3333E-02, 1.0800E+01, 0.0000E+00,
17:10:23.99188414, 2.6667E-02, 1.0800E+01, 1.3333E-01,
17:10:23.99188419, 2.6667E-02, 1.0833E+01, 0.0000E+00,
17:10:23.99188424, 0.0000E+00, 1.0833E+01, 4.0000E-01,
17:10:23.99188429, 1.3333E-02, 1.0900E+01, 1.3333E-01,
17:10:23.99188434,-1.3333E-02, 1.0833E+01, 1.3333E-01,
17:10:23.99188439,-2.6667E-02, 1.0800E+01, 1.3333E-01,
17:10:23.99188444,-2.6667E-02, 1.0833E+01, 1.3333E-01,
17:10:23.99188449, 2.6667E-02, 1.0967E+01, 2.6667E-01,
17:10:23.99188454,-1.3333E-02, 1.0833E+01, 0.0000E+00,
17:10:23.99188459, 1.3333E-02, 1.0767E+01, 1.3333E-01,
17:10:23.99188464, 2.6667E-02, 1.0833E+01, 0.0000E+00,
17:10:23.99188469, 0.0000E+00, 1.0833E+01, 1.3333E-01,
17:10:23.99188474, 0.0000E+00, 1.0867E+01,-1.3333E-01,
17:10:23.99188479,-1.3333E-02, 1.0900E+01, 4.0000E-01,
17:10:23.99188484,-5.3333E-02, 1.0900E+01, 1.3333E-01,
17:10:23.99188489,-2.6667E-02, 1.0900E+01, 0.0000E+00,
17:10:23.99188494, 0.0000E+00, 1.0800E+01, 1.3333E-01,
17:10:23.99188499, 2.6667E-02, 1.1000E+01, 2.6667E-01,
17:10:23.99188504, 1.3333E-02, 1.0800E+01, 0.0000E+00,
17:10:23.99188509, 0.0000E+00, 1.0900E+01, 5.3333E-01,
17:10:23.99188514, 1.3333E-02, 1.0867E+01, 2.6667E-01,
17:10:23.99188519, 1.3333E-02, 1.0800E+01, 0.0000E+00,
17:10:23.99188524,-1.3333E-02, 1.0833E+01, 2.6667E-01,
17:10:23.99188529,-1.3333E-02, 1.0867E+01, 5.3333E-01,
17:10:23.99188534,-2.6667E-02, 1.0867E+01, 1.3333E-01,
17:10:23.99188539,-1.3333E-02, 1.0867E+01, 0.0000E+00,
17:10:23.99188544,-1.3333E-02, 1.0800E+01, 2.6667E-01,
17:10:23.99188549,-1.3333E-02, 1.0933E+01, 2.6667E-01,
17:10:23.99188554,-4.0000E-02, 1.0867E+01, 1.3333E-01,
17:10:23.99188559, 0.0000E+00, 1.0867E+01, 1.3333E-01,
17:10:23.99188564, 1.3333E-02, 1.0867E+01, 0.0000E+00,
17:10:23.99188569,-1.3333E-02, 1.0867E+01, 1.3333E-01,
17:10:23.99188574,-1.3333E-02, 1.0900E+01, 2.6667E-01,
17:10:23.99188579,-1.3333E-02, 1.0867E+01, 1.3333E-01,
17:10:23.99188584,-2.6667E-02, 1.0867E+01, 1.3333E-01,
17:10:23.99188589,-1.3333E-02, 1.0933E+01, 1.3333E-01,
17:10:23.99188594, 2.6667E-02, 1.0867E+01,-1.3333E-01,
17:10:23.99188599, 2.6667E-02, 1.0933E+01, 2.6667E-01,
17:10:23.99188604,-2.6667E-02, 1.0867E+01, 0.0000E+00,
17:10:23.99188609, 1.3333E-02, 1.0867E+01, 1.3333E-01,
17:10:23.99188614, 0.0000E+00, 1.0867E+01, 2.6667E-01,
17:10:23.99188619, 2.6667E-02, 1.0867E+01, 1.3333E-01,
17:10:23.99188624, 1.3333E-02, 1.0867E+01, 1.3333E-01,
17:10:23.99188629, 1.3333E-02, 1.0933E+01, 4.0000E-01,
17:10:23.99188634, 0.0000E+00, 1.0767E+01, 0.0000E+00,
17:10:23.99188639,-1.3333E-02, 1.0867E+01, 0.0000E+00,
17:10:23.99188644,-2.6667E-02, 1.0833E+01, 0.0000E+00,
17:10:23.99188649, 2.6667E-02, 1.0867E+01,-1.3333E-01,
17:10:23.99188654, 1.3333E-02, 1.0800E+01,-1.3333E-01,
17:10:23.99188659,-1.3333E-02, 1.0833E+01, 1.3333E-01,
17:10:23.99188664, 0.0000E+00, 1.0833E+01,-2.6667E-01,
17:10:23.99188669,-1.3333E-02, 1.0933E+01, 2.6667E-01,
17:10:23.99188674, 1.3333E-02, 1.0800E+01, 1.3333E-01,
17:10:23.99188679,-2.6667E-02, 1.0867E+01, 4.0000E-01,
17:10:23.99188684,-1.3333E-02, 1.0800E+01,-1.3333E-01,
17:10:23.99188689, 0.0000E+00, 1.0833E+01, 4.0000E-01,
17:10:23.99188694, 0.0000E+00, 1.0833E+01, 0.0000E+00,
17:10:23.99188699,-2.6667E-02, 1.0900E+01, 5.3333E-01,
17:10:23.99188704, 1.3333E-02, 1.0833E+01, 1.3333E-01,
17:10:23.99188709, 0.0000E+00, 1.0867E+01, 2.6667E-01,
17:10:23.99188714, 1.3333E-02, 1.0867E+01, 1.3333E-01,
17:10:23.99188719,-1.3333E-02, 1.0900E+01, 0.0000E+00,
17:10:23.99188724, 0.0000E+00, 1.0867E+01,-1.3333E-01,
17:10:23.99188729,-1.3333E-02, 1.0867E+01, 2.6667E-01,
17:10:23.99188734, 0.0000E+00, 1.0900E+01, 2.6667E-01,
17:10:23.99188739, 0.0000E+00, 1.0800E+01,-2.6667E-01,
17:10:23.99188744, 0.0000E+00, 1.0800E+01, 0.0000E+00,
17:10:23.99188749, 1.3333E-02, 1.0833E+01, 1.3333E-01,
17:10:23.99188754,-4.0000E-02, 1.0833E+01,-1.3333E-01,
17:10:23.99188759, 2.6667E-02, 1.0833E+01,-1.3333E-01,
17:10:23.99188764, 1.3333E-02, 1.0867E+01, 0.0000E+00,
17:10:23.99188769, 1.3333E-02, 1.0800E+01, 5.3333E-01,
17:10:23.99188774,-2.6667E-02, 1.0867E+01, 0.0000E+00,
17:10:23.99188779,-1.3333E-02, 1.0900E+01, 1.3333E-01,
17:10:23.99188784, 1.3333E-02, 1.0867E+01, 1.3333E-01,
17:10:23.99188789, 0.0000E+00, 1.0800E+01, 0.0000E+00,
17:10:23.99188794,-1.3333E-02, 1.0833E+01, 4.0000E-01,
17:10:23.99188799, 0.0000E+00, 1.0833E+01, 0.0000E+00,
17:10:23.99188804, 4.0000E-02, 1.0933E+01,-1.3333E-01,
17:10:23.99188809, 1.3333E-02, 1.0867E+01, 1.3333E-01,
17:10:23.99188814, 0.0000E+00, 1.0867E+01, 1.3333E-01,
17:10:23.99188819, 1.3333E-02, 1.0833E+01, 0.0000E+00,
17:10:23.99188824,-1.3333E-02, 1.0867E+01,-1.3333E-01,
17:10:23.99188829, 1.3333E-02, 1.0867E+01, 0.0000E+00,
17:10:23.99188834, 2.6667E-02, 1.0833E+01, 0.0000E+00,
17:10:23.99188839, 1.3333E-02, 1.0867E+01, 2.6667E-01,
17:10:23.99188844, 0.0000E+00, 1.0767E+01, 2.6667E-01,
17:10:23.99188849, 1.3333E-02, 1.0800E+01, 0.0000E+00,
17:10:23.99188854, 0.0000E+00, 1.0800E+01, 0.0000E+00,
17:10:23.99188859, 0.0000E+00, 1.0867E+01, 4.0000E-01,
17:10:23.99188864,-2.6667E-02, 1.0900E+01, 1.3333E-01,
17:10:23.99188869,-4.0000E-02, 1.0967E+01, 0.0000E+00,
17:10:23.99188874,-1.3333E-02, 1.0933E+01, 1.3333E-01,
17:10:23.99188879, 1.3333E-02, 1.0800E+01,-1.3333E-01,
17:10:23.99188884, 0.0000E+00, 1.0867E+01, 0.0000E+00,
17:10:23.99188889, 5.3333E-02, 1.0900E+01, 2.6667E-01,
17:10:23.99188894, 0.0000E+00, 1.0800E+01,-2.6667E-01,
17:10:23.99188899, 0.0000E+00, 1.0900E+01, 1.3333E-01,
17:10:23.99188904,-2.6667E-02, 1.0900E+01, 1.3333E-01,
17:10:23.99188909,-1.3333E-02, 1.0800E+01, 0.0000E+00,
17:10:23.99188914, 1.3333E-02, 1.0833E+01, 0.0000E+00,
17:10:23.99188919,-4.0000E-02, 1.0967E+01, 1.3333E-01,
17:10:23.99188924,-1.3333E-02, 1.0867E+01, 1.3333E-01,
17:10:23.99188929, 0.0000E+00, 1.0933E+01, 0.0000E+00,
17:10:23.99188934,-1.3333E-02, 1.0833E+01,-2.6667E-01,
17:10:23.99188939, 2.6667E-02, 1.0933E+01, 1.3333E-01,
17:10:23.99188944, 2.6667E-02, 1.0800E+01, 2.6667E-01,
17:10:23.99188949, 4.0000E-02, 1.0900E+01, 2.6667E-01,
17:10:23.99188954, 0.0000E+00, 1.0833E+01, 2.6667E-01,
17:10:23.99188959,-1.3333E-02, 1.0867E+01, 4.0000E-01,
17:10:23.99188964,-1.3333E-02, 1.0900E+01,-1.3333E-01,
17:10:23.99188969, 0.0000E+00, 1.0833E+01, 2.6667E-01,
17:10:23.99188974, 1.3333E-02, 1.0900E+01, 0.0000E+00,
17:10:23.99188979,-4.0000E-02, 1.0867E+01, 1.3333E-01,
17:10:23.99188984, 0.0000E+00, 1.0833E+01,-1.3333E-01,
17:10:23.99188989, 2.6667E-02, 1.0900E+01,-1.3333E-01,
17:10:23.99188994, 4.0000E-02, 1.0867E+01, 0.0000E+00,
17:10:23.99188999, 2.6667E-02, 1.0800E+01, 1.3333E-01,
17:10:23.99189004,-1.3333E-02, 1.0867E+01, 4.0000E-01,
17:10:23.99189009, 0.0000E+00, 1.0867E+01, 1.3333E-01,
17:10:23.99189014, 0.0000E+00, 1.0867E+01,-1.3333E-01,
17:10:23.99189019,-2.6667E-02, 1.0867E+01, 1.3333E-01,
17:10:23.99189024, 0.0000E+00, 1.0833E+01,-1.3333E-01,
17:10:23.99189029, 0.0000E+00, 1.0867E+01, 1.3333E-01,
17:10:23.99189034, 0.0000E+00, 1.0800E+01, 0.0000E+00,
17:10:23.99189039, 1.3333E-02, 1.0867E+01,-2.6667E-01,
17:10:23.99189044, 0.0000E+00, 1.0867E+01, 1.3333E-01,
17:10:23.99189049,-1.3333E-02, 1.0833E+01, 0.0000E+00,
17:10:23.99189054, 2.6667E-02, 1.0833E+01,-1.3333E-01,
17:10:23.99189059,-5.3333E-02, 1.0900E+01, 4.0000E-01,
17:10:23.99189064,-1.3333E-02, 1.0833E+01, 2.6667E-01,
17:10:23.99189069, 0.0000E+00, 1.0833E+01,-2.6667E-01,
17:10:23.99189074, 1.3333E-02, 1.0867E+01, 1.3333E-01,
17:10:23.99189079,-1.3333E-02, 1.0833E+01, 0.0000E+00,
17:10:23.99189084, 1.3333E-02, 1.0833E+01, 1.3333E-01,
17:10:23.99189089, 2.6667E-02, 1.0900E+01,-2.6667E-01,
17:10:23.99189094, 1.3333E-02, 1.0833E+01, 4.0000E-01,
17:10:23.99189099,-1.3333E-02, 1.0867E+01, 4.0000E-01,
17:10:23.99189104, 0.0000E+00, 1.0867E+01,-1.3333E-01,
17:10:23.99189109,-1.3333E-02, 1.0833E+01, 0.0000E+00,
17:10:23.99189114, 1.3333E-02, 1.0833E+01, 1.3333E-01,
17:10:23.99189119,-2.6667E-02, 1.0833E+01, 1.3333E-01,
17:10:23.99189124, 1.3333E-02, 1.0867E+01, 0.0000E+00,
17:10:23.99189129,-1.3333E-02, 1.0933E+01,-2.6667E-01,
17:10:23.99189134, 0.0000E+00, 1.0833E+01,-2.6667E-01,
17:10:23.99189139, 0.0000E+00, 1.0900E+01, 1.3333E-01,
17:10:23.99189144, 1.3333E-02, 1.0867E+01, 0.0000E+00,
17:10:23.99189149,-1.3333E-02, 1.0867E+01,-1.3333E-01,
17:10:23.99189154, 0.0000E+00, 1.0867E+01, 0.0000E+00,
17:10:23.99189159, 2.6667E-02, 1.0867E+01, 0.0000E+00,
17:10:23.99189164, 8.0000E-02, 1.0833E+01, 6.6667E-01,
17:10:23.99189169, 5.4667E-01, 1.0933E+01,-1.3333E-01,
17:10:23.99189174, 1.1333E+00, 1.0900E+01, 0.0000E+00,
17:10:23.99189179, 1.6933E+00, 1.0833E+01, 1.3333E-01,
17:10:23.99189184, 2.0133E+00, 1.0867E+01, 1.3333E-01,
17:10:23.99189189, 2.0533E+00, 1.0833E+01, 0.0000E+00,
17:10:23.99189194, 2.0667E+00, 1.0867E+01, 0.0000E+00,
17:10:23.99189199, 2.0667E+00, 1.0900E+01, 4.0000E-01,
17:10:23.99189204, 2.0533E+00, 1.0800E+01, 0.0000E+00,
17:10:23.99189209, 2.0533E+00, 1.0833E+01, 1.3333E-01,
17:10:23.99189214, 2.0667E+00, 1.0867E+01,-1.3333E-01,
17:10:23.99189219, 2.0400E+00, 1.0900E+01, 2.6667E-01,
17:10:23.99189224, 2.0533E+00, 1.0867E+01,-1.3333E-01,
17:10:23.99189229, 2.0800E+00, 1.0867E+01, 5.3333E-01,
17:10:23.99189234, 2.0533E+00, 1.0833E+01, 0.0000E+00,
17:10:23.99189239, 2.0133E+00, 1.0833E+01, 1.3333E-01,
17:10:23.99189244, 2.0000E+00, 1.0900E+01,-2.6667E-01,
17:10:23.99189249, 1.9867E+00, 1.0867E+01, 0.0000E+00,
17:10:23.99189254, 2.0000E+00, 1.0800E+01, 1.3333E-01,
17:10:23.99189259, 1.9867E+00, 1.0833E+01, 1.3333E-01,
17:10:23.99189264, 2.0133E+00, 1.0867E+01, 2.6667E-01,
17:10:23.99189269, 1.9867E+00, 1.0867E+01, 2.6667E-01,
17:10:23.99189274, 1.9867E+00, 1.0833E+01,-1.3333E-01,
17:10:23.99189279, 1.9867E+00, 1.0800E+01, 1.3333E-01,
17:10:23.99189284, 2.0000E+00, 1.0933E+01, 2.6667E-01,
17:10:23.99189289, 1.9867E+00, 1.0833E+01, 1.3333E-01,
17:10:23.99189294, 1.9867E+00, 1.0867E+01,-1.3333E-01,
17:10:23.99189299, 1.9600E+00, 1.0800E+01,-1.3333E-01,
17:10:23.99189304, 1.9333E+00, 1.0900E+01, 1.3333E-01,
17:10:23.99189309, 1.9733E+00, 1.0900E+01, 0.0000E+00,
17:10:23.99189314, 1.9600E+00, 1.0833E+01,-2.6667E-01,
17:10:23.99189319, 1.9733E+00, 1.0867E+01, 1.3333E-01,
17:10:23.99189324, 1.9600E+00, 1.0867E+01, 1.3333E-01,
17:10:23.99189329, 1.9600E+00, 1.0867E+01, 2.6667E-01,
17:10:23.99189334, 1.9333E+00, 1.0833E+01, 1.3333E-01,
17:10:23.99189339, 1.9200E+00, 1.0900E+01, 4.0000E-01,
17:10:23.99189344, 1.9200E+00, 1.0833E+01, 2.6667E-01,
17:10:23.99189349, 1.9067E+00, 1.0933E+01,-1.3333E-01,
17:10:23.99189354, 1.8800E+00, 1.0900E+01, 0.0000E+00,
17:10:23.99189359, 1.9333E+00, 1.0900E+01, 2.6667E-01,
17:10:23.99189364, 1.9200E+00, 1.0867E+01, 5.3333E-01,
17:10:23.99189369, 1.9467E+00, 1.0867E+01, 0.0000E+00,
17:10:23.99189374, 1.8667E+00, 1.0933E+01,-1.3333E-01,
17:10:23.99189379, 1.8933E+00, 1.0867E+01, 0.0000E+00,
17:10:23.99189384, 1.8800E+00, 1.0833E+01,-1.3333E-01,
17:10:23.99189389, 1.9200E+00, 1.0900E+01, 2.6667E-01,
17:10:23.99189394, 1.8800E+00, 1.0867E+01, 1.3333E-01,
17:10:23.99189399, 1.8533E+00, 1.0800E+01, 1.3333E-01,
17:10:23.99189404, 1.8533E+00, 1.0833E+01, 4.0000E-01,
17:10:23.99189409, 1.8667E+00, 1.0900E+01, 0.0000E+00,
17:10:23.99189414, 1.8667E+00, 1.0800E+01, 2.6667E-01,
17:10:23.99189419, 1.8400E+00, 1.0833E+01, 0.0000E+00,
17:10:23.99189424, 1.8533E+00, 1.0833E+01, 0.0000E+00,
17:10:23.99189429, 1.9067E+00, 1.0900E+01, 1.3333E-01,
17:10:23.99189434, 1.8667E+00, 1.0900E+01, 1.3333E-01,
17:10:23.99189439, 1.8400E+00, 1.0867E+01, 1.3333E-01,
17:10:23.99189444, 1.8400E+00, 1.0800E+01, 0.0000E+00,
17:10:23.99189449, 1.8533E+00, 1.0800E+01,-1.3333E-01,
17:10:23.99189454, 1.8667E+00, 1.0900E+01,-1.3333E-01,
17:10:23.99189459, 1.8400E+00, 1.0800E+01, 2.6667E-01,
17:10:23.99189464, 1.8400E+00, 1.0867E+01, 1.3333E-01,
17:10:23.99189469, 1.8667E+00, 1.0867E+01, 2.6667E-01,
17:10:23.99189474, 1.8400E+00, 1.0900E+01, 1.3333E-01,
17:10:23.99189479, 1.8133E+00, 1.0833E+01, 2.6667E-01,
17:10:23.99189484, 1.8533E+00, 1.0867E+01, 0.0000E+00,
17:10:23.99189489, 1.8133E+00, 1.0867E+01, 2.6667E-01,
17:10:23.99189494, 1.8000E+00, 1.0867E+01, 1.3333E-01,
17:10:23.99189499, 1.8267E+00, 1.0867E+01,-1.3333E-01,
17:10:23.99189504, 1.8400E+00, 1.0867E+01, 0.0000E+00,
17:10:23.99189509, 1.8267E+00, 1.0867E+01, 1.3333E-01,
17:10:23.99189514, 1.8267E+00, 1.0900E+01, 1.3333E-01,
17:10:23.99189519, 1.8533E+00, 1.0867E+01, 1.3333E-01,
17:10:23.99189524, 1.8400E+00, 1.0933E+01, 0.0000E+00,
17:10:23.99189529, 1.8000E+00, 1.0867E+01, 0.0000E+00,
17:10:23.99189534, 1.8133E+00, 1.0867E+01,-4.0000E-01,
17:10:23.99189539, 1.8133E+00, 1.0933E+01, 0.0000E+00,
17:10:23.99189544, 1.8400E+00, 1.0867E+01, 1.3333E-01,
17:10:23.99189549, 1.8267E+00, 1.0933E+01, 0.0000E+00,
17:10:23.99189554, 1.8133E+00, 1.0867E+01, 1.3333E-01,
17:10:23.99189559, 1.8400E+00, 1.0900E+01, 0.0000E+00,
17:10:23.99189564, 1.8133E+00, 1.0867E+01, 0.0000E+00,
17:10:23.99189569, 1.8267E+00, 1.0933E+01,-2.6667E-01,
17:10:23.99189574, 1.8267E+00, 1.0867E+01, 2.6667E-01,
17:10:23.99189579, 1.8000E+00, 1.0833E+01, 1.3333E-01,
17:10:23.99189584, 1.8133E+00, 1.0867E+01, 5.3333E-01,
17:10:23.99189589, 1.8000E+00, 1.0800E+01, 4.0000E-01,
17:10:23.99189594, 1.8133E+00, 1.0867E+01,-1.3333E-01,
17:10:23.99189599, 1.8267E+00, 1.0833E+01, 2.6667E-01,
17:10:23.99189604, 1.8267E+00, 1.0833E+01, 2.6667E-01,
17:10:23.99189609, 1.8400E+00, 1.0833E+01,-1.3333E-01,
17:10:23.99189614, 1.8000E+00, 1.0867E+01, 1.3333E-01,
17:10:23.99189619, 1.7867E+00, 1.0867E+01, 1.3333E-01,
17:10:23.99189624, 1.8000E+00, 1.0900E+01, 0.0000E+00,
17:10:23.99189629, 1.8267E+00, 1.0900E+01, 1.3333E-01,
17:10:23.99189634, 1.8133E+00, 1.0833E+01, 2.6667E-01,
17:10:23.99189639, 1.8267E+00, 1.0867E+01, 1.3333E-01,
17:10:23.99189644, 1.8133E+00, 1.0833E+01, 2.6667E-01,
17:10:23.99189649, 1.8267E+00, 1.0833E+01, 4.0000E-01,
17:10:23.99189654, 1.8133E+00, 1.0833E+01, 0.0000E+00,
17:10:23.99189659, 1.8267E+00, 1.0833E+01, 2.6667E-01,
17:10:23.99189664, 1.8267E+00, 1.0867E+01, 1.3333E-01,
17:10:23.99189669, 1.8133E+00, 1.0867E+01, 0.0000E+00,
17:10:23.99189674, 1.8267E+00, 1.0867E+01, 1.3333E-01,
17:10:23.99189679, 1.8000E+00, 1.0867E+01, 1.3333E-01,
17:10:23.99189684, 1.8133E+00, 1.0833E+01, 1.3333E-01,
17:10:23.99189689, 1.8133E+00, 1.0833E+01, 0.0000E+00,
17:10:23.99189694, 1.8000E+00, 1.0900E+01, 2.6667E-01,
17:10:23.99189699, 1.8133E+00, 1.0900E+01, 2.6667E-01,
17:10:23.99189704, 1.8400E+00, 1.0867E+01, 2.6667E-01,
17:10:23.99189709, 1.8000E+00, 1.0833E+01,-1.3333E-01,
17:10:23.99189714, 1.8267E+00, 1.0833E+01,-1.3333E-01,
17:10:23.99189719, 1.8000E+00, 1.0800E+01, 0.0000E+00,
17:10:23.99189724, 1.8400E+00, 1.0867E+01, 0.0000E+00,
17:10:23.99189729, 1.8133E+00, 1.0867E+01, 1.3333E-01,
17:10:23.99189734, 1.7733E+00, 1.0767E+01, 2.6667E-01,
17:10:23.99189739, 1.8000E+00, 1.0867E+01, 2.6667E-01,
17:10:23.99189744, 1.8267E+00, 1.0867E+01, 1.3333E-01,
17:10:23.99189749, 1.8400E+00, 1.0833E+01, 5.3333E-01,
17:10:23.99189754, 1.8133E+00, 1.0900E+01, 2.6667E-01,
17:10:23.99189759, 1.8400E+00, 1.0900E+01, 0.0000E+00,
17:10:23.99189764, 1.8133E+00, 1.0933E+01, 0.0000E+00,
17:10:23.99189769, 1.8133E+00, 1.0900E+01, 1.3333E-01,
17:10:23.99189774, 1.8400E+00, 1.0833E+01, 2.6667E-01,
17:10:23.99189779, 1.8000E+00, 1.0800E+01,-1.3333E-01,
17:10:23.99189784, 1.8000E+00, 1.0867E+01, 2.6667E-01,
17:10:23.99189789, 1.8133E+00, 1.0900E+01, 1.3333E-01,
17:10:23.99189794, 1.8000E+00, 1.0867E+01, 1.3333E-01,
17:10:23.99189799, 1.8000E+00, 1.0867E+01, 1.3333E-01,
17:10:23.99189804, 1.8400E+00, 1.0933E+01, 2.6667E-01,
17:10:23.99189809, 1.8400E+00, 1.0933E+01, 0.0000E+00,
17:10:23.99189814, 1.8400E+00, 1.0800E+01, 4.0000E-01,
17:10:23.99189819, 1.8000E+00, 1.0867E+01, 1.3333E-01,
17:10:23.99189824, 1.8133E+00, 1.0900E+01,-2.6667E-01,
17:10:23.99189829, 1.7867E+00, 1.0900E+01, 0.0000E+00,
17:10:23.99189834, 1.8000E+00, 1.0767E+01, 1.3333E-01,
17:10:23.99189839, 1.8400E+00, 1.0867E+01, 6.6667E-01,
17:10:23.99189844, 1.8133E+00, 1.0867E+01, 4.0000E-01,
17:10:23.99189849, 1.8267E+00, 1.0900E+01, 0.0000E+00,
17:10:23.99189854, 1.8400E+00, 1.0900E+01, 1.3333E-01,
17:10:23.99189859, 1.8133E+00, 1.0933E+01, 2.6667E-01,
17:10:23.99189864, 1.8267E+00, 1.0867E+01,-1.3333E-01,
17:10:23.99189869, 1.8133E+00, 1.0833E+01, 0.0000E+00,
17:10:23.99189874, 1.8000E+00, 1.0800E+01, 1.3333E-01,
17:10:23.99189879, 1.8267E+00, 1.0800E+01, 1.3333E-01,
17:10:23.99189884, 1.8267E+00, 1.0833E+01,-1.3333E-01,
17:10:23.99189889, 1.8267E+00, 1.0900E+01, 1.3333E-01,
17:10:23.99189894, 1.8133E+00, 1.0833E+01, 2.6667E-01,
17:10:23.99189899, 1.8400E+00, 1.0800E+01, 1.3333E-01,
17:10:23.99189904, 1.8133E+00, 1.0867E+01, 2.6667E-01,
17:10:23.99189909, 1.7867E+00, 1.0800E+01, 1.3333E-01,
17:10:23.99189914, 1.8400E+00, 1.0867E+01, 0.0000E+00,
17:10:23.99189919, 1.8000E+00, 1.0867E+01, 0.0000E+00,
17:10:23.99189924, 1.7867E+00, 1.0833E+01, 1.3333E-01,
17:10:23.99189929, 1.8133E+00, 1.0800E+01,-1.3333E-01,
17:10:23.99189934, 1.8267E+00, 1.0867E+01, 1.3333E-01,
17:10:23.99189939, 1.8267E+00, 1.0867E+01,-1.3333E-01,
17:10:23.99189944, 1.8267E+00, 1.0900E+01, 1.3333E-01,
17:10:23.99189949, 1.8133E+00, 1.0933E+01, 0.0000E+00,
17:10:23.99189954, 1.8400E+00, 1.0833E+01, 0.0000E+00,
17:10:23.99189959, 1.8000E+00, 1.0833E+01, 0.0000E+00,
17:10:23.99189964, 1.8000E+00, 1.0867E+01, 4.0000E-01,
17:10:23.99189969, 1.8400E+00, 1.0867E+01,-2.6667E-01,
17:10:23.99189974, 1.8133E+00, 1.0867E+01, 0.0000E+00,
17:10:23.99189979, 1.8000E+00, 1.0867E+01, 1.3333E-01,
17:10:23.99189984, 1.8133E+00, 1.0967E+01, 4.0000E-01,
17:10:23.99189989, 1.8267E+00, 1.0933E+01, 4.0000E-01,
17:10:23.99189994, 1.8400E+00, 1.0900E+01, 2.6667E-01,
17:10:23.99189999, 1.8533E+00, 1.0900E+01, 0.0000E+00,
17:10:23.99190004, 1.8133E+00, 1.0833E+01,-1.3333E-01,
17:10:23.99190009, 1.8400E+00, 1.0833E+01, 1.3333E-01,
17:10:23.99190014, 1.8133E+00, 1.0767E+01, 1.3333E-01,
17:10:23.99190019, 1.8000E+00, 1.0867E+01, 0.0000E+00,
17:10:23.99190024, 1.8133E+00, 1.0867E+01, 2.6667E-01,
17:10:23.99190029, 1.8133E+00, 1.0867E+01, 4.0000E-01,
17:10:23.99190034, 1.7867E+00, 1.0933E+01, 4.0000E-01,
17:10:23.99190039, 1.8133E+00, 1.0833E+01, 2.6667E-01,
17:10:23.99190044, 1.8267E+00, 1.0867E+01, 2.6667E-01,
17:10:23.99190049, 1.8400E+00, 1.0867E+01,-1.3333E-01,
17:10:23.99190054, 1.8267E+00, 1.0833E+01, 1.3333E-01,
17:10:23.99190059, 1.8133E+00, 1.0867E+01, 2.6667E-01,
17:10:23.99190064, 1.8400E+00, 1.0867E+01, 0.0000E+00,
17:10:23.99190069, 1.8400E+00, 1.0767E+01, 1.3333E-01,
17:10:23.99190074, 1.8000E+00, 1.0833E+01,-1.3333E-01,
17:10:23.99190079, 1.8400E+00, 1.0867E+01, 0.0000E+00,
17:10:23.99190084, 1.8400E+00, 1.0867E+01, 1.3333E-01,
17:10:23.99190089, 1.8000E+00, 1.0900E+01, 2.6667E-01,
17:10:23.99190094, 1.8000E+00, 1.0867E+01, 1.3333E-01,
17:10:23.99190099, 1.8000E+00, 1.0900E+01, 2.6667E-01,
17:10:23.99190104, 1.8400E+00, 1.0833E+01, 2.6667E-01,
17:10:23.99190109, 1.8267E+00, 1.0867E+01, 1.3333E-01,
17:10:23.99190114, 1.8267E+00, 1.0867E+01, 1.3333E-01,
17:10:23.99190119, 1.8400E+00, 1.0867E+01, 2.6667E-01,
17:10:23.99190124, 1.8133E+00, 1.0867E+01, 1.3333E-01,
17:10:23.99190129, 1.8400E+00, 1.0900E+01, 0.0000E+00,
17:10:23.99190134, 1.8267E+00, 1.0900E+01, 1.3333E-01,
17:10:23.99190139, 1.8267E+00, 1.0900E+01, 2.6667E-01,
17:10:23.99190144, 1.8400E+00, 1.0900E+01, 2.6667E-01,
17:10:23.99190149, 1.8000E+00, 1.0900E+01,-1.3333E-01,
17:10:23.99190154, 1.8400E+00, 1.0867E+01, 1.3333E-01,
17:10:23.99190159, 1.8267E+00, 1.0900E+01, 1.3333E-01,
17:10:23.99190164, 1.8133E+00, 1.0800E+01,-1.3333E-01,
17:10:23.99190169, 1.8133E+00, 1.0900E+01, 4.0000E-01,
17:10:23.99190174, 1.8133E+00, 1.0867E+01, 1.3333E-01,
17:10:23.99190179, 1.8267E+00, 1.0900E+01,-1.3333E-01,
17:10:23.99190184, 1.8400E+00, 1.0833E+01, 2.6667E-01,
17:10:23.99190189, 1.8000E+00, 1.0900E+01, 1.3333E-01,
17:10:23.99190194, 1.8267E+00, 1.0867E+01, 0.0000E+00,
17:10:23.99190199, 1.8133E+00, 1.0800E+01, 1.3333E-01,
17:10:23.99190204, 1.8267E+00, 1.0867E+01,-1.3333E-01,
17:10:23.99190209, 1.8133E+00, 1.0867E+01, 0.0000E+00,
17:10:23.99190214, 1.7733E+00, 1.0900E+01,-1.3333E-01,
17:10:23.99190219, 1.8133E+00, 1.0900E+01, 0.0000E+00,
17:10:23.99190224, 1.8133E+00, 1.0800E+01, 1.3333E-01,
17:10:23.99190229, 1.8400E+00, 1.0800E+01, 2.6667E-01,
17:10:23.99190234, 1.8267E+00, 1.0800E+01, 4.0000E-01,
17:10:23.99190239, 1.8267E+00, 1.0867E+01, 1.3333E-01,
17:10:23.99190244, 1.8267E+00, 1.0800E+01, 1.3333E-01,
17:10:23.99190249, 1.8267E+00, 1.0900E+01, 1.3333E-01,
17:10:23.99190254, 1.8267E+00, 1.0900E+01,-1.3333E-01,
17:10:23.99190259, 1.8000E+00, 1.0833E+01, 0.0000E+00,
17:10:23.99190264, 1.8133E+00, 1.0833E+01, 2.6667E-01,
17:10:23.99190269, 1.8000E+00, 1.0900E+01, 1.3333E-01,
17:10:23.99190274, 1.8133E+00, 1.0933E+01, 1.3333E-01,
17:10:23.99190279, 1.8133E+00, 1.0867E+01, 2.6667E-01,
17:10:23.99190284, 1.8267E+00, 1.0867E+01, 0.0000E+00,
17:10:23.99190289, 1.8267E+00, 1.0833E+01, 1.3333E-01,
17:10:23.99190294, 1.8133E+00, 1.0900E+01, 2.6667E-01,
17:10:23.99190299, 1.8267E+00, 1.0833E+01,-1.3333E-01,
17:10:23.99190304, 1.8133E+00, 1.0867E+01, 1.3333E-01,
17:10:23.99190309, 1.7867E+00, 1.0900E+01, 2.6667E-01,
17:10:23.99190314, 1.8000E+00, 1.0833E+01,-1.3333E-01,
17:10:23.99190319, 1.8400E+00, 1.0900E+01, 2.6667E-01,
17:10:23.99190324, 1.8267E+00, 1.0800E+01, 1.3333E-01,
17:10:23.99190329, 1.8267E+00, 1.0900E+01, 1.3333E-01,
17:10:23.99190334, 1.8400E+00, 1.0900E+01, 0.0000E+00,
17:10:23.99190339, 1.8400E+00, 1.0767E+01,-1.3333E-01,
17:10:23.99190344, 1.8267E+00, 1.0867E+01, 1.3333E-01,
17:10:23.99190349, 1.8400E+00, 1.0867E+01,-1.3333E-01,
17:10:23.99190354, 1.8133E+00, 1.0900E+01, 0.0000E+00,
17:10:23.99190359, 1.8133E+00, 1.0933E+01, 0.0000E+00,
17:10:23.99190364, 1.8267E+00, 1.0867E+01, 1.3333E-01,
17:10:23.99190369, 1.8133E+00, 1.0800E+01, 2.6667E-01,
17:10:23.99190374, 1.8400E+00, 1.0900E+01, 4.0000E-01,
17:10:23.99190379, 1.8133E+00, 1.0900E+01, 2.6667E-01,
17:10:23.99190384, 1.8400E+00, 1.0867E+01, 1.3333E-01,
17:10:23.99190389, 1.8267E+00, 1.0867E+01, 2.6667E-01,
17:10:23.99190394, 1.8400E+00, 1.0833E+01,-1.3333E-01,
17:10:23.99190399, 1.8133E+00, 1.0833E+01, 2.6667E-01,
17:10:23.99190404, 1.8000E+00, 1.0800E+01, 1.3333E-01,
17:10:23.99190409, 1.8000E+00, 1.0900E+01, 0.0000E+00,
17:10:23.99190414, 1.8000E+00, 1.0867E+01, 0.0000E+00,
17:10:23.99190419, 1.8267E+00, 1.0933E+01, 1.3333E-01,
17:10:23.99190424, 1.8133E+00, 1.0833E+01, 1.3333E-01,
17:10:23.99190429, 1.8267E+00, 1.0867E+01, 2.6667E-01,
17:10:23.99190434, 1.8267E+00, 1.0900E+01, 0.0000E+00,
17:10:23.99190439, 1.8000E+00, 1.0833E+01, 1.3333E-01,
17:10:23.99190444, 1.8000E+00, 1.0867E+01,-2.6667E-01,
17:10:23.99190449, 1.8133E+00, 1.0867E+01,-1.3333E-01,
17:10:23.99190454, 1.8133E+00, 1.0867E+01, 0.0000E+00,
17:10:23.99190459, 1.8133E+00, 1.0867E+01,-2.6667E-01,
17:10:23.99190464, 1.7867E+00, 1.0800E+01,-1.3333E-01,
17:10:23.99190469, 1.8267E+00, 1.0833E+01,-1.3333E-01,
17:10:23.99190474, 1.8267E+00, 1.0900E+01, 0.0000E+00,
17:10:23.99190479, 1.8400E+00, 1.0800E+01, 2.6667E-01,
17:10:23.99190484, 1.8400E+00, 1.0900E+01, 1.3333E-01,
17:10:23.99190489, 1.8133E+00, 1.0833E+01, 2.6667E-01,
17:10:23.99190494, 1.8267E+00, 1.0867E+01, 0.0000E+00,
17:10:23.99190499, 1.8133E+00, 1.0867E+01, 0.0000E+00,
17:10:23.99190504, 1.8400E+00, 1.0833E+01, 1.3333E-01,
17:10:23.99190509, 1.8267E+00, 1.0867E+01, 4.0000E-01,
17:10:23.99190514, 1.7867E+00, 1.0867E+01, 1.3333E-01,
17:10:23.99190519, 1.8133E+00, 1.0833E+01, 2.6667E-01,
17:10:23.99190524, 1.8400E+00, 1.0867E+01, 1.3333E-01,
17:10:23.99190529, 1.8133E+00, 1.0800E+01, 4.0000E-01,
17:10:23.99190534, 1.8133E+00, 1.0833E+01, 4.0000E-01,
17:10:23.99190539, 1.7867E+00, 1.0767E+01, 1.3333E-01,
17:10:23.99190544, 1.8000E+00, 1.0833E+01, 0.0000E+00,
17:10:23.99190549, 1.8000E+00, 1.0833E+01, 0.0000E+00,
17:10:23.99190554, 1.8400E+00, 1.0867E+01, 0.0000E+00,
17:10:23.99190559, 1.8267E+00, 1.0900E+01, 1.3333E-01,
17:10:23.99190564, 1.8267E+00, 1.0867E+01,-1.3333E-01,
17:10:23.99190569, 1.8267E+00, 1.0900E+01, 2.6667E-01,
17:10:23.99190574, 1.8400E+00, 1.0833E+01, 2.6667E-01,
17:10:23.99190579, 1.8267E+00, 1.0867E+01, 1.3333E-01,
17:10:23.99190584, 1.8000E+00, 1.0933E+01, 1.3333E-01,
17:10:23.99190589, 1.7600E+00, 1.0833E+01, 0.0000E+00,
17:10:23.99190594, 1.8000E+00, 1.0833E+01, 1.3333E-01,
17:10:23.99190599, 1.8000E+00, 1.0833E+01,-1.3333E-01,
17:10:23.99190604, 1.8133E+00, 1.0800E+01, 4.0000E-01,
17:10:23.99190609, 1.8267E+00, 1.0833E+01, 1.3333E-01,
17:10:23.99190614, 1.8133E+00, 1.0867E+01, 4.0000E-01,
17:10:23.99190619, 1.8400E+00, 1.0900E+01, 0.0000E+00,
17:10:23.99190624, 1.8400E+00, 1.0800E+01, 1.3333E-01,
17:10:23.99190629, 1.8400E+00, 1.0900E+01, 1.3333E-01,
17:10:23.99190634, 1.8267E+00, 1.0867E+01, 0.0000E+00,
17:10:23.99190639, 1.8267E+00, 1.0867E+01, 0.0000E+00,
17:10:23.99190644, 1.8267E+00, 1.0867E+01, 1.3333E-01,
17:10:23.99190649, 1.8000E+00, 1.0867E+01,-2.6667E-01,
17:10:23.99190654, 1.8267E+00, 1.0833E+01, 0.0000E+00,
17:10:23.99190659, 1.8133E+00, 1.0900E+01, 1.3333E-01,
17:10:23.99190664, 1.8267E+00, 1.0800E+01, 2.6667E-01,
17:10:23.99190669, 1.8400E+00, 1.0867E+01, 0.0000E+00,
17:10:23.99190674, 1.8400E+00, 1.0867E+01, 1.3333E-01,
17:10:23.99190679, 1.8400E+00, 1.0900E+01, 0.0000E+00,
17:10:23.99190684, 1.8000E+00, 1.0867E+01, 1.3333E-01,
17:10:23.99190689, 1.8133E+00, 1.0900E+01, 2.6667E-01,
17:10:23.99190694, 1.8267E+00, 1.0867E+01, 2.6667E-01,
17:10:23.99190699, 1.8133E+00, 1.0867E+01, 0.0000E+00,
17:10:23.99190704, 1.8133E+00, 1.0900E+01,-1.3333E-01,
17:10:23.99190709, 1.8000E+00, 1.0867E+01, 1.3333E-01,
17:10:23.99190714, 1.8267E+00, 1.0900E+01, 0.0000E+00,
17:10:23.99190719, 1.8133E+00, 1.0800E+01, 0.0000E+00,
17:10:23.99190724, 1.8267E+00, 1.0833E+01, 1.3333E-01,
17:10:23.99190729, 1.8133E+00, 1.0867E+01, 2.6667E-01,
17:10:23.99190734, 1.8267E+00, 1.0867E+01, 0.0000E+00,
17:10:23.99190739, 1.8267E+00, 1.0833E+01, 0.0000E+00,
17:10:23.99190744, 1.8133E+00, 1.0867E+01, 0.0000E+00,
17:10:23.99190749, 1.8000E+00, 1.0800E+01, 1.3333E-01,
17:10:23.99190754, 1.8267E+00, 1.0933E+01, 1.3333E-01,
17:10:23.99190759, 1.8400E+00, 1.0867E+01, 0.0000E+00,
17:10:23.99190764, 1.7733E+00, 1.0767E+01, 2.6667E-01,
17:10:23.99190769, 1.8133E+00, 1.0833E+01,-1.3333E-01,
17:10:23.99190774, 1.8267E+00, 1.0767E+01, 5.3333E-01,
17:10:23.99190779, 1.8400E+00, 1.0867E+01,-1.3333E-01,
17:10:23.99190784, 1.8400E+00, 1.0900E+01,-2.6667E-01,
17:10:23.99190789, 1.7867E+00, 1.0800E+01,-1.3333E-01,
17:10:23.99190794, 1.8400E+00, 1.0867E+01, 1.3333E-01,
17:10:23.99190799, 1.8133E+00, 1.0833E+01, 0.0000E+00,
17:10:23.99190804, 1.8267E+00, 1.0833E+01,-1.3333E-01,
17:10:23.99190809, 1.8133E+00, 1.0833E+01, 2.6667E-01,
17:10:23.99190814, 1.8267E+00, 1.0767E+01, 2.6667E-01,
17:10:23.99190819, 1.8400E+00, 1.0800E+01, 1.3333E-01,
17:10:23.99190824, 1.8267E+00, 1.0900E+01, 2.6667E-01,
17:10:23.99190829, 1.8400E+00, 1.0867E+01, 2.6667E-01,
17:10:23.99190834, 1.8400E+00, 1.0800E+01, 1.3333E-01,
17:10:23.99190839, 1.8133E+00, 1.0833E+01, 1.3333E-01,
17:10:23.99190844, 1.8400E+00, 1.0833E+01, 2.6667E-01,
17:10:23.99190849, 1.8133E+00, 1.0867E+01, 4.0000E-01,
17:10:23.99190854, 1.8133E+00, 1.0867E+01, 1.3333E-01,
17:10:23.99190859, 1.8400E+00, 1.0867E+01, 4.0000E-01,
17:10:23.99190864, 1.8133E+00, 1.0833E+01, 2.6667E-01,
17:10:23.99190869, 1.8133E+00, 1.0900E+01, 2.6667E-01,
17:10:23.99190874, 1.8000E+00, 1.0900E+01, 2.6667E-01,
17:10:23.99190879, 1.8133E+00, 1.0800E+01, 0.0000E+00,
17:10:23.99190884, 1.8267E+00, 1.0867E+01, 1.3333E-01,
17:10:23.99190889, 1.8400E+00, 1.0900E+01,-1.3333E-01,
17:10:23.99190894, 1.8400E+00, 1.0833E+01, 1.3333E-01,
17:10:23.99190899, 1.8133E+00, 1.0867E+01, 1.3333E-01,
17:10:23.99190904, 1.8133E+00, 1.0800E+01, 1.3333E-01,
17:10:23.99190909, 1.8267E+00, 1.0800E+01,-1.3333E-01,
17:10:23.99190914, 1.8267E+00, 1.0767E+01, 0.0000E+00,
17:10:23.99190919, 1.8400E+00, 1.0867E+01, 1.3333E-01,
17:10:23.99190924, 1.8267E+00, 1.0800E+01, 4.0000E-01,
17:10:23.99190929, 1.8000E+00, 1.0833E+01, 2.6667E-01,
17:10:23.99190934, 1.8133E+00, 1.0900E+01, 2.6667E-01,
17:10:23.99190939, 1.8133E+00, 1.0833E+01, 2.6667E-01,
17:10:23.99190944, 1.8133E+00, 1.0933E+01, 0.0000E+00,
17:10:23.99190949, 1.8267E+00, 1.0833E+01, 1.3333E-01,
17:10:23.99190954, 1.8400E+00, 1.0833E+01, 0.0000E+00,
17:10:23.99190959, 1.8400E+00, 1.0867E+01, 4.0000E-01,
17:10:23.99190964, 1.8000E+00, 1.0900E+01, 1.3333E-01,
17:10:23.99190969, 1.8000E+00, 1.0833E+01, 0.0000E+00,
17:10:23.99190974, 1.8400E+00, 1.0933E+01, 0.0000E+00,
17:10:23.99190979, 1.8000E+00, 1.0867E+01,-1.3333E-01,
17:10:23.99190984, 1.8133E+00, 1.0833E+01,-1.3333E-01,
17:10:23.99190989, 1.7867E+00, 1.0833E+01,-1.3333E-01,
17:10:23.99190994, 1.8400E+00, 1.0900E+01, 0.0000E+00,
17:10:23.99190999, 1.8133E+00, 1.0867E+01, 1.3333E-01,
17:10:23.99191004, 1.8133E+00, 1.0833E+01, 1.3333E-01,
17:10:23.99191009, 1.7867E+00, 1.0800E+01, 1.3333E-01,
17:10:23.99191014, 1.8267E+00, 1.0833E+01, 2.6667E-01,
17:10:23.99191019, 1.8267E+00, 1.0833E+01, 2.6667E-01,
17:10:23.99191024, 1.8000E+00, 1.0867E+01, 2.6667E-01,
17:10:23.99191029, 1.8133E+00, 1.0900E+01, 4.0000E-01,
17:10:23.99191034, 1.8133E+00, 1.0867E+01, 0.0000E+00,
17:10:23.99191039, 1.8267E+00, 1.0833E+01, 0.0000E+00,
17:10:23.99191044, 1.8133E+00, 1.0867E+01, 4.0000E-01,
17:10:23.99191049, 1.8400E+00, 1.0867E+01, 2.6667E-01,
17:10:23.99191054, 1.8400E+00, 1.0833E+01, 1.3333E-01,
17:10:23.99191059, 1.8400E+00, 1.0833E+01, 1.3333E-01,
17:10:23.99191064, 1.8400E+00, 1.0867E+01, 1.3333E-01,
17:10:23.99191069, 1.8400E+00, 1.0900E+01, 6.6667E-01,
17:10:23.99191074, 1.8267E+00, 1.0833E+01, 1.3333E-01,
17:10:23.99191079, 1.8133E+00, 1.0867E+01,-1.3333E-01,
17:10:23.99191084, 1.7867E+00, 1.0900E+01,-2.6667E-01,
17:10:23.99191089, 1.8267E+00, 1.0833E+01, 0.0000E+00,
17:10:23.99191094, 1.8133E+00, 1.0867E+01,-1.3333E-01,
17:10:23.99191099, 1.8267E+00, 1.0833E+01, 0.0000E+00,
17:10:23.99191104, 1.8267E+00, 1.0833E+01, 4.0000E-01,
17:10:23.99191109, 1.8267E+00, 1.0867E+01,-1.3333E-01,
17:10:23.99191114, 1.8133E+00, 1.0867E+01,-1.3333E-01,
17:10:23.99191119, 1.8000E+00, 1.0767E+01, 2.6667E-01,
17:10:23.99191124, 1.8000E+00, 1.0867E+01, 0.0000E+00,
17:10:23.99191129, 1.8133E+00, 1.0867E+01,-4.0000E-01,
17:10:23.99191134, 1.8267E+00, 1.0900E+01, 0.0000E+00,
17:10:23.99191139, 1.8133E+00, 1.0900E+01,-1.3333E-01,
17:10:23.99191144, 1.8133E+00, 1.0800E+01, 0.0000E+00,
17:10:23.99191149, 1.8000E+00, 1.0833E+01,-1.3333E-01,
17:10:23.99191154, 1.8267E+00, 1.0800E+01, 1.3333E-01,
17:10:23.99191159, 1.8133E+00, 1.0833E+01, 1.3333E-01,
17:10:23.99191164, 1.8267E+00, 1.0800E+01, 1.3333E-01,
17:10:23.99191169, 1.8267E+00, 1.0900E+01, 0.0000E+00,
17:10:23.99191174, 1.8133E+00, 1.0900E+01, 0.0000E+00,
17:10:23.99191179, 1.8400E+00, 1.0867E+01,-2.6667E-01,
17:10:23.99191184, 1.8400E+00, 1.0867E+01, 0.0000E+00,
17:10:23.99191189, 1.8400E+00, 1.0800E+01, 0.0000E+00,
17:10:23.99191194, 1.8400E+00, 1.0900E+01, 0.0000E+00,
17:10:23.99191199, 1.8133E+00, 1.0933E+01, 1.3333E-01,
17:10:23.99191204, 1.7867E+00, 1.0900E+01,-2.6667E-01,
17:10:23.99191209, 1.8267E+00, 1.0867E+01, 1.3333E-01,
17:10:23.99191214, 1.8000E+00, 1.0833E+01, 0.0000E+00,
17:10:23.99191219, 1.7867E+00, 1.0900E+01, 2.6667E-01,
17:10:23.99191224, 1.7867E+00, 1.0900E+01,-1.3333E-01,
17:10:23.99191229, 1.8000E+00, 1.0867E+01, 1.3333E-01,
17:10:23.99191234, 1.8267E+00, 1.0800E+01, 0.0000E+00,
17:10:23.99191239, 1.8400E+00, 1.0900E+01, 1.3333E-01,
17:10:23.99191244, 1.8267E+00, 1.0900E+01, 1.3333E-01,
17:10:23.99191249, 1.8400E+00, 1.0900E+01, 2.6667E-01,
17:10:23.99191254, 1.8400E+00, 1.0867E+01, 2.6667E-01,
17:10:23.99191259, 1.8267E+00, 1.0900E+01, 2.6667E-01,
17:10:23.99191264, 1.8133E+00, 1.0867E+01, 1.3333E-01,
17:10:23.99191269, 1.8000E+00, 1.0833E+01, 2.6667E-01,
17:10:23.99191274, 1.8133E+00, 1.0833E+01,-1.3333E-01,
17:10:23.99191279, 1.8133E+00, 1.0800E+01, 0.0000E+00,
17:10:23.99191284, 1.8400E+00, 1.0833E+01,-1.3333E-01,
17:10:23.99191289, 1.8400E+00, 1.0867E+01, 1.3333E-01,
17:10:23.99191294, 1.8267E+00, 1.0900E+01, 1.3333E-01,
17:10:23.99191299, 1.8133E+00, 1.0867E+01, 0.0000E+00,
17:10:23.99191304, 1.8133E+00, 1.0900E+01, 0.0000E+00,
17:10:23.99191309, 1.8133E+00, 1.0800E+01, 1.3333E-01,
17:10:23.99191314, 1.8133E+00, 1.0833E+01, 2.6667E-01,
17:10:23.99191319, 1.8133E+00, 1.0800E+01, 1.3333E-01,
17:10:23.99191324, 1.7867E+00, 1.0867E+01, 1.3333E-01,
17:10:23.99191329, 1.8133E+00, 1.0833E+01, 4.0000E-01,
17:10:23.99191334, 1.8133E+00, 1.0800E+01, 2.6667E-01,
17:10:23.99191339, 1.8133E+00, 1.0900E+01, 4.0000E-01,
17:10:23.99191344, 1.8267E+00, 1.0800E+01, 4.0000E-01,
17:10:23.99191349, 1.8267E+00, 1.0967E+01, 0.0000E+00,
17:10:23.99191354, 1.8400E+00, 1.0833E+01, 1.3333E-01,
17:10:23.99191359, 1.8267E+00, 1.0900E+01, 2.6667E-01,
17:10:23.99191364, 1.8133E+00, 1.0833E+01, 1.3333E-01,
17:10:23.99191369, 1.8133E+00, 1.0867E+01, 2.6667E-01,
17:10:23.99191374, 1.8000E+00, 1.0833E+01, 4.0000E-01,
17:10:23.99191379, 1.8133E+00, 1.0833E+01, 1.3333E-01,
17:10:23.99191384, 1.8267E+00, 1.0833E+01, 0.0000E+00,
17:10:23.99191389, 1.8400E+00, 1.0833E+01,-1.3333E-01,
17:10:23.99191394, 1.8267E+00, 1.0867E+01, 4.0000E-01,
17:10:23.99191399, 1.8400E+00, 1.0800E+01, 4.0000E-01,
17:10:23.99191404, 1.8133E+00, 1.0933E+01, 1.3333E-01,
17:10:23.99191409, 1.8133E+00, 1.0933E+01, 0.0000E+00,
17:10:23.99191414, 1.8133E+00, 1.0933E+01, 0.0000E+00,
17:10:23.99191419, 1.8133E+00, 1.0833E+01, 2.6667E-01,
17:10:23.99191424, 1.8000E+00, 1.0867E+01, 1.3333E-01,
17:10:23.99191429, 1.8400E+00, 1.0867E+01, 0.0000E+00,
17:10:23.99191434, 1.8400E+00, 1.0833E+01, 0.0000E+00,
17:10:23.99191439, 1.8400E+00, 1.0867E+01, 2.6667E-01,
17:10:23.99191444, 1.8267E+00, 1.0867E+01, 2.6667E-01,
17:10:23.99191449, 1.8400E+00, 1.0867E+01, 0.0000E+00,
17:10:23.99191454, 1.8133E+00, 1.0900E+01, 2.6667E-01,
17:10:23.99191459, 1.8133E+00, 1.0833E+01, 2.6667E-01,
17:10:23.99191464, 1.8133E+00, 1.0900E+01, 0.0000E+00,
17:10:23.99191469, 1.8000E+00, 1.0833E+01, 2.6667E-01,
17:10:23.99191474, 1.7867E+00, 1.0867E+01, 1.3333E-01,
17:10:23.99191479, 1.8133E+00, 1.0900E+01, 0.0000E+00,
17:10:23.99191484, 1.8400E+00, 1.0900E+01, 1.3333E-01,
17:10:23.99191489, 1.8133E+00, 1.0767E+01, 0.0000E+00,
17:10:23.99191494, 1.8133E+00, 1.0800E+01,-1.3333E-01,
17:10:23.99191499, 1.8267E+00, 1.0900E+01,-1.3333E-01,
17:10:23.99191504, 1.8133E+00, 1.0833E+01, 5.3333E-01,
17:10:23.99191509, 1.8133E+00, 1.0867E+01, 0.0000E+00,
17:10:23.99191514, 1.8267E+00, 1.0900E+01,-1.3333E-01,
17:10:23.99191519, 1.8133E+00, 1.0833E+01,-1.3333E-01,
17:10:23.99191524, 1.8400E+00, 1.0833E+01,-1.3333E-01,
17:10:23.99191529, 1.8400E+00, 1.0833E+01,-1.3333E-01,
17:10:23.99191534, 1.8133E+00, 1.0767E+01, 4.0000E-01,
17:10:23.99191539, 1.8133E+00, 1.0800E+01,-1.3333E-01,
17:10:23.99191544, 1.8133E+00, 1.0900E+01, 2.6667E-01,
17:10:23.99191549, 1.7867E+00, 1.0867E+01, 4.0000E-01,
17:10:23.99191554, 1.8000E+00, 1.0900E+01, 0.0000E+00,
17:10:23.99191559, 1.8000E+00, 1.0900E+01, 1.3333E-01,
17:10:23.99191564, 1.8400E+00, 1.0833E+01,-1.3333E-01,
17:10:23.99191569, 1.8267E+00, 1.0767E+01, 1.3333E-01,
17:10:23.99191574, 1.8400E+00, 1.0867E+01,-1.3333E-01,
17:10:23.99191579, 1.8000E+00, 1.0800E+01, 1.3333E-01,
17:10:23.99191584, 1.8400E+00, 1.0833E+01, 4.0000E-01,
17:10:23.99191589, 1.8400E+00, 1.0867E+01, 1.3333E-01,
17:10:23.99191594, 1.8267E+00, 1.0933E+01, 0.0000E+00,
17:10:23.99191599, 1.8267E+00, 1.0900E+01, 1.3333E-01,
17:10:23.99191604, 1.8133E+00, 1.0867E+01,-1.3333E-01,
17:10:23.99191609, 1.8400E+00, 1.0900E+01, 0.0000E+00,
17:10:23.99191614, 1.8400E+00, 1.0833E+01, 0.0000E+00,
17:10:23.99191619, 1.8400E+00, 1.0833E+01, 0.0000E+00,
17:10:23.99191624, 1.8267E+00, 1.0900E+01, 2.6667E-01,
17:10:23.99191629, 1.8400E+00, 1.0900E+01, 1.3333E-01,
17:10:23.99191634, 1.8133E+00, 1.0800E+01, 2.6667E-01,
17:10:23.99191639, 1.8133E+00, 1.0867E+01, 1.3333E-01,
17:10:23.99191644, 1.8000E+00, 1.0900E+01, 0.0000E+00,
17:10:23.99191649, 1.8000E+00, 1.0800E+01, 2.6667E-01,
17:10:23.99191654, 1.8000E+00, 1.0767E+01, 2.6667E-01,
17:10:23.99191659, 1.8000E+00, 1.0833E+01,-1.3333E-01,
17:10:23.99191664, 1.8267E+00, 1.0900E+01, 1.3333E-01,
17:10:23.99191669, 1.8400E+00, 1.0867E+01, 2.6667E-01,
17:10:23.99191674, 1.8267E+00, 1.0800E+01, 2.6667E-01,
17:10:23.99191679, 1.8400E+00, 1.0867E+01, 1.3333E-01,
17:10:23.99191684, 1.8267E+00, 1.0800E+01, 4.0000E-01,
17:10:23.99191689, 1.8000E+00, 1.0933E+01, 2.6667E-01,
17:10:23.99191694, 1.8133E+00, 1.0833E+01, 2.6667E-01,
17:10:23.99191699, 1.8267E+00, 1.0833E+01, 1.3333E-01,
17:10:23.99191704, 1.8400E+00, 1.0867E+01, 0.0000E+00,
17:10:23.99191709, 1.8000E+00, 1.0833E+01,-1.3333E-01,
17:10:23.99191714, 1.8267E+00, 1.0900E+01,-1.3333E-01,
17:10:23.99191719, 1.8133E+00, 1.0833E+01,-1.3333E-01,
17:10:23.99191724, 1.7867E+00, 1.0867E+01,-1.3333E-01,
17:10:23.99191729, 1.8267E+00, 1.0833E+01, 0.0000E+00,
17:10:23.99191734, 1.8000E+00, 1.0900E+01, 2.6667E-01,
17:10:23.99191739, 1.8400E+00, 1.0833E+01, 0.0000E+00,
17:10:23.99191744, 1.8133E+00, 1.0833E+01, 1.3333E-01,
17:10:23.99191749, 1.8133E+00, 1.0867E+01,-2.6667E-01,
17:10:23.99191754, 1.8267E+00, 1.0867E+01, 1.3333E-01,
17:10:23.99191759, 1.8133E+00, 1.0933E+01, 1.3333E-01,
17:10:23.99191764, 1.8000E+00, 1.0833E+01, 1.3333E-01,
17:10:23.99191769, 1.8000E+00, 1.0867E+01,-1.3333E-01,
17:10:23.99191774, 1.8000E+00, 1.0867E+01, 1.3333E-01,
17:10:23.99191779, 1.8400E+00, 1.0867E+01, 1.3333E-01,
17:10:23.99191784, 1.8000E+00, 1.0833E+01,-1.3333E-01,
17:10:23.99191789, 1.8000E+00, 1.0900E+01, 1.3333E-01,
17:10:23.99191794, 1.8000E+00, 1.0867E+01, 4.0000E-01,
17:10:23.99191799, 1.8133E+00, 1.0900E+01, 2.6667E-01,
17:10:23.99191804, 1.8267E+00, 1.0867E+01,-1.3333E-01,
17:10:23.99191809, 1.8267E+00, 1.0767E+01, 0.0000E+00,
17:10:23.99191814, 1.8133E+00, 1.0833E+01, 2.6667E-01,
17:10:23.99191819, 1.8400E+00, 1.0833E+01, 0.0000E+00,
17:10:23.99191824, 1.8400E+00, 1.0867E+01, 1.3333E-01,
17:10:23.99191829, 1.8133E+00, 1.0833E+01, 2.6667E-01,
17:10:23.99191834, 1.8133E+00, 1.0900E+01, 1.3333E-01,
17:10:23.99191839, 1.8133E+00, 1.0867E+01, 4.0000E-01,
17:10:23.99191844, 1.8400E+00, 1.0867E+01, 2.6667E-01,
17:10:23.99191849, 1.8267E+00, 1.0800E+01,-1.3333E-01,
17:10:23.99191854, 1.8400E+00, 1.0900E+01, 1.3333E-01,
17:10:23.99191859, 1.8267E+00, 1.0900E+01, 2.6667E-01,
17:10:23.99191864, 1.8000E+00, 1.0867E+01, 4.0000E-01,
17:10:23.99191869, 1.8400E+00, 1.0833E+01, 0.0000E+00,
17:10:23.99191874, 1.8400E+00, 1.0900E+01, 1.3333E-01,
17:10:23.99191879, 1.8133E+00, 1.0867E+01, 2.6667E-01,
17:10:23.99191884, 1.8267E+00, 1.0933E+01, 1.3333E-01,
17:10:23.99191889, 1.8000E+00, 1.0900E+01, 1.3333E-01,
17:10:23.99191894, 1.8267E+00, 1.0833E+01, 2.6667E-01,
17:10:23.99191899, 1.7867E+00, 1.0867E+01, 0.0000E+00,
17:10:23.99191904, 1.8133E+00, 1.0800E+01, 1.3333E-01,
17:10:23.99191909, 1.8400E+00, 1.0833E+01,-1.3333E-01,
17:10:23.99191914, 1.8267E+00, 1.0900E+01, 0.0000E+00,
17:10:23.99191919, 1.8133E+00, 1.0767E+01, 0.0000E+00,
17:10:23.99191924, 1.8000E+00, 1.0933E+01,-1.3333E-01,
17:10:23.99191929, 1.8267E+00, 1.0867E+01,-1.3333E-01,
17:10:23.99191934, 1.8133E+00, 1.0867E+01,-1.3333E-01,
17:10:23.99191939, 1.8133E+00, 1.0800E+01, 0.0000E+00,
17:10:23.99191944, 1.8400E+00, 1.0900E+01, 4.0000E-01,
17:10:23.99191949, 1.8267E+00, 1.0833E+01,-1.3333E-01,
17:10:23.99191954, 1.8400E+00, 1.0900E+01, 1.3333E-01,
17:10:23.99191959, 1.8533E+00, 1.0900E+01, 0.0000E+00,
17:10:23.99191964, 1.8400E+00, 1.0867E+01, 1.3333E-01,
17:10:23.99191969, 1.8267E+00, 1.0900E+01, 0.0000E+00,
17:10:23.99191974, 1.8000E+00, 1.0833E+01, 2.6667E-01,
17:10:23.99191979, 1.8267E+00, 1.0867E+01, 2.6667E-01,
17:10:23.99191984, 1.8267E+00, 1.0900E+01, 2.6667E-01,
17:10:23.99191989, 1.8000E+00, 1.0833E+01, 0.0000E+00,
17:10:23.99191994, 1.8133E+00, 1.0833E+01, 4.0000E-01,
17:10:23.99191999, 1.8267E+00, 1.0833E+01,-4.0000E-01,
17:10:23.99192004, 1.7867E+00, 1.0867E+01, 0.0000E+00,
17:10:23.99192009, 1.8400E+00, 1.0967E+01,-1.3333E-01,
17:10:23.99192014, 1.8133E+00, 1.0833E+01,-1.3333E-01,
17:10:23.99192019, 1.8400E+00, 1.0833E+01,-1.3333E-01,
17:10:23.99192024, 1.8400E+00, 1.0900E+01, 1.3333E-01,
17:10:23.99192029, 1.8000E+00, 1.0800E+01, 4.0000E-01,
17:10:23.99192034, 1.8133E+00, 1.0900E+01, 2.6667E-01,
17:10:23.99192039, 1.8000E+00, 1.0900E+01, 4.0000E-01,
17:10:23.99192044, 1.8000E+00, 1.0833E+01, 0.0000E+00,
17:10:23.99192049, 1.8267E+00, 1.0933E+01, 1.3333E-01,
17:10:23.99192054, 1.8400E+00, 1.0833E+01,-2.6667E-01,
17:10:23.99192059, 1.8133E+00, 1.0833E+01, 0.0000E+00,
17:10:23.99192064, 1.8133E+00, 1.0867E+01, 0.0000E+00,
17:10:23.99192069, 1.8400E+00, 1.0833E+01,-2.6667E-01,
17:10:23.99192074, 1.8400E+00, 1.0800E+01, 1.3333E-01,
17:10:23.99192079, 1.8133E+00, 1.0833E+01, 1.3333E-01,
17:10:23.99192084, 1.7867E+00, 1.0833E+01, 0.0000E+00,
17:10:23.99192089, 1.8267E+00, 1.0867E+01, 0.0000E+00,
17:10:23.99192094, 1.8400E+00, 1.0867E+01, 1.3333E-01,
17:10:23.99192099, 1.8267E+00, 1.0800E+01, 0.0000E+00,
17:10:23.99192104, 1.8267E+00, 1.0833E+01, 0.0000E+00,
17:10:23.99192109, 1.8267E+00, 1.0867E+01, 5.3333E-01,
17:10:23.99192114, 1.8133E+00, 1.0900E+01, 0.0000E+00,
17:10:23.99192119, 1.8133E+00, 1.0867E+01, 0.0000E+00,
17:10:23.99192124, 1.8267E+00, 1.0900E+01, 1.3333E-01,
17:10:23.99192129, 1.8133E+00, 1.0833E+01,-2.6667E-01,
17:10:23.99192134, 1.8267E+00, 1.0833E+01, 0.0000E+00,
17:10:23.99192139, 1.8400E+00, 1.0833E+01,-1.3333E-01,
17:10:23.99192144, 1.8133E+00, 1.0833E+01, 0.0000E+00,
17:10:23.99192149, 1.8267E+00, 1.0900E+01,-1.3333E-01,
17:10:23.99192154, 1.8400E+00, 1.0867E+01,-1.3333E-01,
17:10:23.99192159, 1.8400E+00, 1.0933E+01, 1.3333E-01,
17:10:23.99192164, 1.8267E+00, 1.0867E+01, 2.6667E-01,
17:10:23.99192169, 1.8133E+00, 1.0833E+01, 1.3333E-01,
17:10:23.99192174, 1.8000E+00, 1.0900E+01, 0.0000E+00,
17:10:23.99192179, 1.7867E+00, 1.0867E+01, 1.3333E-01,
17:10:23.99192184, 1.8133E+00, 1.0900E+01, 4.0000E-01,
17:10:23.99192189, 1.8133E+00, 1.0833E+01, 0.0000E+00,
17:10:23.99192194, 1.8400E+00, 1.0900E+01,-1.3333E-01,
17:10:23.99192199, 1.8267E+00, 1.0833E+01,-1.3333E-01,
17:10:23.99192204, 1.8400E+00, 1.0900E+01,-2.6667E-01,
17:10:23.99192209, 1.8400E+00, 1.0767E+01, 2.6667E-01,
17:10:23.99192214, 1.8133E+00, 1.0900E+01, 0.0000E+00,
17:10:23.99192219, 1.8400E+00, 1.0900E+01, 4.0000E-01,
17:10:23.99192224, 1.8133E+00, 1.0867E+01, 2.6667E-01,
17:10:23.99192229, 1.8267E+00, 1.0900E+01, 2.6667E-01,
17:10:23.99192234, 1.8267E+00, 1.0933E+01,-1.3333E-01,
17:10:23.99192239, 1.8400E+00, 1.0833E+01, 0.0000E+00,
17:10:23.99192244, 1.8267E+00, 1.0867E+01, 2.6667E-01,
17:10:23.99192249, 1.8267E+00, 1.0867E+01, 0.0000E+00,
17:10:23.99192254, 1.8267E+00, 1.0833E+01, 1.3333E-01,
17:10:23.99192259, 1.8267E+00, 1.0900E+01, 1.3333E-01,
17:10:23.99192264, 1.8267E+00, 1.0800E+01, 2.6667E-01,
17:10:23.99192269, 1.8000E+00, 1.0867E+01, 0.0000E+00,
17:10:23.99192274, 1.8000E+00, 1.0900E+01, 1.3333E-01,
17:10:23.99192279, 1.8000E+00, 1.0867E+01, 0.0000E+00,
17:10:23.99192284, 1.7867E+00, 1.0933E+01, 4.0000E-01,
17:10:23.99192289, 1.8400E+00, 1.0833E+01, 2.6667E-01,
17:10:23.99192294, 1.8133E+00, 1.0833E+01, 0.0000E+00,
17:10:23.99192299, 1.8400E+00, 1.0833E+01, 0.0000E+00,
17:10:23.99192304, 1.8267E+00, 1.0867E+01,-1.3333E-01,
17:10:23.99192309, 1.7867E+00, 1.0900E+01, 0.0000E+00,
17:10:23.99192314, 1.8133E+00, 1.0900E+01, 1.3333E-01,
17:10:23.99192319, 1.7733E+00, 1.0800E+01, 1.3333E-01,
17:10:23.99192324, 1.8000E+00, 1.0867E+01, 0.0000E+00,
17:10:23.99192329, 1.8400E+00, 1.0800E+01, 2.6667E-01,
17:10:23.99192334, 1.7867E+00, 1.0833E+01, 2.6667E-01,
17:10:23.99192339, 1.8267E+00, 1.0800E+01, 2.6667E-01,
17:10:23.99192344, 1.8133E+00, 1.0800E+01, 0.0000E+00,
17:10:23.99192349, 1.8400E+00, 1.0833E+01, 2.6667E-01,
17:10:23.99192354, 1.8133E+00, 1.0900E+01, 1.3333E-01,
17:10:23.99192359, 1.8400E+00, 1.0867E+01, 2.6667E-01,
17:10:23.99192364, 1.7733E+00, 1.0867E+01, 2.6667E-01,
17:10:23.99192369, 1.8267E+00, 1.0933E+01,-1.3333E-01,
17:10:23.99192374, 1.8267E+00, 1.0900E+01,-1.3333E-01,
17:10:23.99192379, 1.8267E+00, 1.0800E+01, 2.6667E-01,
17:10:23.99192384, 1.8400E+00, 1.0933E+01, 1.3333E-01,
17:10:23.99192389, 1.8267E+00, 1.0867E+01, 0.0000E+00,
17:10:23.99192394, 1.8133E+00, 1.0900E+01, 0.0000E+00,
17:10:23.99192399, 1.8133E+00, 1.0933E+01, 0.0000E+00,
17:10:23.99192404, 1.8000E+00, 1.0833E+01,-1.3333E-01,
17:10:23.99192409, 1.8400E+00, 1.0833E+01, 1.3333E-01,
17:10:23.99192414, 1.8000E+00, 1.0900E+01,-2.6667E-01,
17:10:23.99192419, 1.7867E+00, 1.0933E+01, 0.0000E+00,
17:10:23.99192424, 1.8533E+00, 1.0867E+01, 0.0000E+00,
17:10:23.99192429, 1.8000E+00, 1.0833E+01, 0.0000E+00,
17:10:23.99192434, 1.8133E+00, 1.0833E+01, 0.0000E+00,
17:10:23.99192439, 1.8267E+00, 1.0867E+01, 1.3333E-01,
17:10:23.99192444, 1.8400E+00, 1.0900E+01, 2.6667E-01,
17:10:23.99192449, 1.8267E+00, 1.0867E+01, 1.3333E-01,
17:10:23.99192454, 1.8133E+00, 1.0900E+01, 1.3333E-01,
17:10:23.99192459, 1.7733E+00, 1.0833E+01, 0.0000E+00,
17:10:23.99192464, 1.8000E+00, 1.0900E+01, 2.6667E-01,
17:10:23.99192469, 1.8133E+00, 1.0867E+01, 1.3333E-01,
17:10:23.99192474, 1.8000E+00, 1.0833E+01, 2.6667E-01,
17:10:23.99192479, 1.8000E+00, 1.0867E+01, 1.3333E-01,
17:10:23.99192484, 1.8267E+00, 1.0833E+01, 1.3333E-01,
17:10:23.99192489, 1.8133E+00, 1.0800E+01,-1.3333E-01,
17:10:23.99192494, 1.8400E+00, 1.0900E+01, 0.0000E+00,
17:10:23.99192499, 1.8400E+00, 1.0900E+01,-1.3333E-01,
17:10:23.99192504, 1.8133E+00, 1.0867E+01, 2.6667E-01,
17:10:23.99192509, 1.8133E+00, 1.0900E+01,-2.6667E-01,
17:10:23.99192514, 1.8400E+00, 1.0867E+01,-1.3333E-01,
17:10:23.99192519, 1.7867E+00, 1.0867E+01, 2.6667E-01,
17:10:23.99192524, 1.8267E+00, 1.0833E+01, 1.3333E-01,
17:10:23.99192529, 1.8000E+00, 1.0867E+01, 1.3333E-01,
17:10:23.99192534, 1.8000E+00, 1.0867E+01, 1.3333E-01,
17:10:23.99192539, 1.8400E+00, 1.0800E+01, 1.3333E-01,
17:10:23.99192544, 1.8400E+00, 1.0900E+01, 4.0000E-01,
17:10:23.99192549, 1.8267E+00, 1.0867E+01, 0.0000E+00,
17:10:23.99192554, 1.8400E+00, 1.0833E+01, 1.3333E-01,
17:10:23.99192559, 1.8000E+00, 1.0900E+01, 0.0000E+00,
17:10:23.99192564, 1.8133E+00, 1.0867E+01, 1.3333E-01,
17:10:23.99192569, 1.8267E+00, 1.0900E+01, 1.3333E-01,
17:10:23.99192574, 1.8133E+00, 1.0867E+01, 5.3333E-01,
17:10:23.99192579, 1.8133E+00, 1.0933E+01, 4.0000E-01,
17:10:23.99192584, 1.8400E+00, 1.0933E+01, 2.6667E-01,
17:10:23.99192589, 1.8267E+00, 1.0867E+01, 1.3333E-01,
17:10:23.99192594, 1.8400E+00, 1.0867E+01, 0.0000E+00,
17:10:23.99192599, 1.8133E+00, 1.0833E+01,-1.3333E-01,
17:10:23.99192604, 1.8267E+00, 1.0833E+01, 2.6667E-01,
17:10:23.99192609, 1.8000E+00, 1.0833E+01, 2.6667E-01,
17:10:23.99192614, 1.8133E+00, 1.0833E+01, 5.3333E-01,
17:10:23.99192619, 1.8133E+00, 1.0967E+01, 2.6667E-01,
17:10:23.99192624, 1.8400E+00, 1.0967E+01, 4.0000E-01,
17:10:23.99192629, 1.8400E+00, 1.0767E+01, 5.3333E-01,
17:10:23.99192634, 1.8133E+00, 1.0867E+01, 1.3333E-01,
17:10:23.99192639, 1.8267E+00, 1.0867E+01, 2.6667E-01,
17:10:23.99192644, 1.8133E+00, 1.0900E+01,-1.3333E-01,
17:10:23.99192649, 1.8400E+00, 1.0833E+01, 0.0000E+00,
17:10:23.99192654, 1.8133E+00, 1.0800E+01, 4.0000E-01,
17:10:23.99192659, 1.8133E+00, 1.0767E+01, 1.3333E-01,
17:10:23.99192664, 1.8400E+00, 1.0833E+01, 2.6667E-01,
17:10:23.99192669, 1.8267E+00, 1.0900E+01, 0.0000E+00,
17:10:23.99192674, 1.8267E+00, 1.0867E+01, 2.6667E-01,
17:10:23.99192679, 1.8133E+00, 1.0867E+01,-1.3333E-01,
17:10:23.99192684, 1.8133E+00, 1.0900E+01, 1.3333E-01,
17:10:23.99192689, 1.8267E+00, 1.0867E+01, 4.0000E-01,
17:10:23.99192694, 1.8133E+00, 1.0933E+01, 1.3333E-01,
17:10:23.99192699, 1.8400E+00, 1.0867E+01, 1.3333E-01,
17:10:23.99192704, 1.8000E+00, 1.0833E+01, 0.0000E+00,
17:10:23.99192709, 1.8133E+00, 1.0800E+01, 4.0000E-01,
17:10:23.99192714, 1.8000E+00, 1.0900E+01, 1.3333E-01,
17:10:23.99192719, 1.8400E+00, 1.0900E+01, 2.6667E-01,
17:10:23.99192724, 1.8267E+00, 1.0867E+01,-2.6667E-01,
17:10:23.99192729, 1.8133E+00, 1.0833E+01, 1.3333E-01,
17:10:23.99192734, 1.8133E+00, 1.0867E+01, 1.3333E-01,
17:10:23.99192739, 1.8400E+00, 1.0900E+01, 0.0000E+00,
17:10:23.99192744, 1.8267E+00, 1.0800E+01,-1.3333E-01,
17:10:23.99192749, 1.8267E+00, 1.0867E+01, 1.3333E-01,
17:10:23.99192754, 1.8000E+00, 1.0833E+01, 2.6667E-01,
17:10:23.99192759, 1.8000E+00, 1.0867E+01, 2.6667E-01,
17:10:23.99192764, 1.8400E+00, 1.0833E+01, 2.6667E-01,
17:10:23.99192769, 1.8400E+00, 1.0867E+01, 2.6667E-01,
17:10:23.99192774, 1.8133E+00, 1.0867E+01,-2.6667E-01,
17:10:23.99192779, 1.8000E+00, 1.0867E+01,-1.3333E-01,
17:10:23.99192784, 1.8133E+00, 1.0900E+01,-1.3333E-01,
17:10:23.99192789, 1.8267E+00, 1.0833E+01, 1.3333E-01,
17:10:23.99192794, 1.8000E+00, 1.0833E+01, 2.6667E-01,
17:10:23.99192799, 1.7867E+00, 1.0833E+01, 6.6667E-01,
17:10:23.99192804, 1.8000E+00, 1.0867E+01, 4.0000E-01,
17:10:23.99192809, 1.8000E+00, 1.0867E+01, 2.6667E-01,
17:10:23.99192814, 1.8400E+00, 1.0833E+01, 4.0000E-01,
17:10:23.99192819, 1.8267E+00, 1.0933E+01, 2.6667E-01,
17:10:23.99192824, 1.8000E+00, 1.0867E+01, 4.0000E-01,
17:10:23.99192829, 1.8133E+00, 1.0767E+01, 2.6667E-01,
17:10:23.99192834, 1.8267E+00, 1.0900E+01, 0.0000E+00,
17:10:23.99192839, 1.8400E+00, 1.0800E+01, 2.6667E-01,
17:10:23.99192844, 1.8533E+00, 1.0833E+01, 1.3333E-01,
17:10:23.99192849, 1.7867E+00, 1.0867E+01, 1.3333E-01,
17:10:23.99192854, 1.8267E+00, 1.0867E+01, 2.6667E-01,
17:10:23.99192859, 1.8267E+00, 1.0800E+01, 4.0000E-01,
17:10:23.99192864, 1.8267E+00, 1.0767E+01, 1.3333E-01,
17:10:23.99192869, 1.8133E+00, 1.0900E+01, 4.0000E-01,
17:10:23.99192874, 1.8133E+00, 1.0900E+01,-1.3333E-01,
17:10:23.99192879, 1.8533E+00, 1.0867E+01, 1.3333E-01,
17:10:23.99192884, 1.8400E+00, 1.0900E+01,-2.6667E-01,
17:10:23.99192889, 1.8267E+00, 1.0800E+01, 0.0000E+00,
17:10:23.99192894, 1.7867E+00, 1.0900E+01, 2.6667E-01,
17:10:23.99192899, 1.7867E+00, 1.0867E+01, 0.0000E+00,
17:10:23.99192904, 1.8267E+00, 1.0867E+01, 1.3333E-01,
17:10:23.99192909, 1.8133E+00, 1.0833E+01, 4.0000E-01,
17:10:23.99192914, 1.8133E+00, 1.0867E+01,-1.3333E-01,
17:10:23.99192919, 1.8267E+00, 1.0867E+01, 1.3333E-01,
17:10:23.99192924, 1.8400E+00, 1.0867E+01,-1.3333E-01,
17:10:23.99192929, 1.8133E+00, 1.0867E+01, 0.0000E+00,
17:10:23.99192934, 1.8133E+00, 1.0967E+01, 1.3333E-01,
17:10:23.99192939, 1.8000E+00, 1.0900E+01, 1.3333E-01,
17:10:23.99192944, 1.8133E+00, 1.0867E+01, 1.3333E-01,
17:10:23.99192949, 1.8400E+00, 1.0900E+01, 1.3333E-01,
17:10:23.99192954, 1.8400E+00, 1.0800E+01,-1.3333E-01,
17:10:23.99192959, 1.8133E+00, 1.0833E+01,-1.3333E-01,
17:10:23.99192964, 1.8400E+00, 1.0833E+01, 1.3333E-01,
17:10:23.99192969, 1.8400E+00, 1.0833E+01,-1.3333E-01,
17:10:23.99192974, 1.8267E+00, 1.0800E+01, 1.3333E-01,
17:10:23.99192979, 1.8267E+00, 1.0833E+01, 2.6667E-01,
17:10:23.99192984, 1.8133E+00, 1.0800E+01, 1.3333E-01,
17:10:23.99192989, 1.7867E+00, 1.0833E+01,-1.3333E-01,
17:10:23.99192994, 1.8133E+00, 1.0800E+01, 1.3333E-01,
17:10:23.99192999, 1.8000E+00, 1.0833E+01, 4.0000E-01,
17:10:23.99193004, 1.8400E+00, 1.0800E+01, 1.3333E-01,
17:10:23.99193009, 1.8267E+00, 1.0900E+01, 4.0000E-01,
17:10:23.99193014, 1.8400E+00, 1.0867E+01, 5.3333E-01,
17:10:23.99193019, 1.8267E+00, 1.0867E+01, 1.3333E-01,
17:10:23.99193024, 1.8400E+00, 1.0833E+01, 1.3333E-01,
17:10:23.99193029, 1.8267E+00, 1.0833E+01, 2.6667E-01,
17:10:23.99193034, 1.8133E+00, 1.0833E+01, 0.0000E+00,
17:10:23.99193039, 1.7733E+00, 1.0833E+01,-1.3333E-01,
17:10:23.99193044, 1.8133E+00, 1.0900E+01,-1.3333E-01,
17:10:23.99193049, 1.8000E+00, 1.0900E+01, 0.0000E+00,
17:10:23.99193054, 1.8133E+00, 1.0867E+01, 4.0000E-01,
17:10:23.99193059, 1.8267E+00, 1.0867E+01, 4.0000E-01,
17:10:23.99193064, 1.8400E+00, 1.0867E+01, 1.3333E-01,
17:10:23.99193069, 1.8400E+00, 1.0900E+01, 1.3333E-01,
17:10:23.99193074, 1.8400E+00, 1.0800E+01, 0.0000E+00,
17:10:23.99193079, 1.7867E+00, 1.0900E+01, 0.0000E+00,
17:10:23.99193084, 1.8267E+00, 1.0867E+01, 1.3333E-01,
17:10:23.99193089, 1.7867E+00, 1.0833E+01, 2.6667E-01,
17:10:23.99193094, 1.8400E+00, 1.0833E+01,-1.3333E-01,
17:10:23.99193099, 1.8267E+00, 1.0833E+01, 0.0000E+00,
17:10:23.99193104, 1.8400E+00, 1.0867E+01, 1.3333E-01,
17:10:23.99193109, 1.8400E+00, 1.0833E+01,-1.3333E-01,
17:10:23.99193114, 1.8400E+00, 1.0867E+01, 0.0000E+00,
17:10:23.99193119, 1.8400E+00, 1.0867E+01, 2.6667E-01,
17:10:23.99193124, 1.8267E+00, 1.0867E+01, 0.0000E+00,
17:10:23.99193129, 1.8000E+00, 1.0867E+01, 1.3333E-01,
17:10:23.99193134, 1.8000E+00, 1.0833E+01, 0.0000E+00,
17:10:23.99193139, 1.8267E+00, 1.0900E+01,-1.3333E-01,
17:10:23.99193144, 1.8267E+00, 1.0833E+01,-1.3333E-01,
17:10:23.99193149, 1.8000E+00, 1.0933E+01, 2.6667E-01,
17:10:23.99193154, 1.7867E+00, 1.0867E+01, 0.0000E+00,
17:10:23.99193159, 1.8000E+00, 1.0900E+01, 1.3333E-01,
17:10:23.99193164, 1.8133E+00, 1.0867E+01, 4.0000E-01,
17:10:23.99193169, 1.8133E+00, 1.0800E+01, 0.0000E+00,
17:10:23.99193174, 1.8400E+00, 1.0900E+01, 0.0000E+00,
17:10:23.99193179, 1.8000E+00, 1.0867E+01,-1.3333E-01,
17:10:23.99193184, 1.8400E+00, 1.0933E+01,-1.3333E-01,
17:10:23.99193189, 1.8400E+00, 1.0867E+01, 1.3333E-01,
17:10:23.99193194, 1.8000E+00, 1.0900E+01, 2.6667E-01,
17:10:23.99193199, 1.8000E+00, 1.0867E+01, 2.6667E-01,
17:10:23.99193204, 1.8267E+00, 1.0867E+01, 1.3333E-01,
17:10:23.99193209, 1.8133E+00, 1.0900E+01,-1.3333E-01,
17:10:23.99193214, 1.8133E+00, 1.0867E+01, 2.6667E-01,
17:10:23.99193219, 1.8400E+00, 1.0833E+01, 1.3333E-01,
17:10:23.99193224, 1.8400E+00, 1.0867E+01, 0.0000E+00,
17:10:23.99193229, 1.7733E+00, 1.0900E+01, 1.3333E-01,
17:10:23.99193234, 1.7867E+00, 1.0900E+01, 2.6667E-01,
17:10:23.99193239, 1.8000E+00, 1.0833E+01, 2.6667E-01,
17:10:23.99193244, 1.8000E+00, 1.0900E+01, 1.3333E-01,
17:10:23.99193249, 1.8400E+00, 1.0900E+01, 2.6667E-01,
17:10:23.99193254, 1.8133E+00, 1.0833E+01, 1.3333E-01,
17:10:23.99193259, 1.8400E+00, 1.0833E+01, 1.3333E-01,
17:10:23.99193264, 1.8133E+00, 1.0867E+01, 1.3333E-01,
17:10:23.99193269, 1.8000E+00, 1.0933E+01, 1.3333E-01,
17:10:23.99193274, 1.7867E+00, 1.0833E+01, 1.3333E-01,
17:10:23.99193279, 1.8267E+00, 1.0867E+01, 0.0000E+00,
17:10:23.99193284, 1.8133E+00, 1.0800E+01, 2.6667E-01,
17:10:23.99193289, 1.8400E+00, 1.0833E+01, 1.3333E-01,
17:10:23.99193294, 1.8133E+00, 1.0767E+01, 2.6667E-01,
17:10:23.99193299, 1.8267E+00, 1.0867E+01, 1.3333E-01,
17:10:23.99193304, 1.8133E+00, 1.0933E+01, 0.0000E+00,
17:10:23.99193309, 1.8133E+00, 1.0833E+01,-1.3333E-01,
17:10:23.99193314, 1.8133E+00, 1.0900E+01, 2.6667E-01,
17:10:23.99193319, 1.8400E+00, 1.0900E+01, 1.3333E-01,
17:10:23.99193324, 1.8267E+00, 1.0867E+01, 0.0000E+00,
17:10:23.99193329, 1.8400E+00, 1.0867E+01,-1.3333E-01,
17:10:23.99193334, 1.8267E+00, 1.0867E+01, 0.0000E+00,
17:10:23.99193339, 1.8133E+00, 1.0800E+01, 0.0000E+00,
17:10:23.99193344, 1.8400E+00, 1.0900E+01, 2.6667E-01,
17:10:23.99193349, 1.8267E+00, 1.0867E+01, 4.0000E-01,
17:10:23.99193354, 1.8400E+00, 1.0900E+01, 1.3333E-01,
17:10:23.99193359, 1.8400E+00, 1.0833E+01, 0.0000E+00,
17:10:23.99193364, 1.8133E+00, 1.0833E+01, 2.6667E-01,
17:10:23.99193369, 1.8400E+00, 1.0833E+01,-1.3333E-01,
17:10:23.99193374, 1.8133E+00, 1.0867E+01, 2.6667E-01,
17:10:23.99193379, 1.7867E+00, 1.0900E+01, 1.3333E-01,
17:10:23.99193384, 1.8267E+00, 1.0867E+01,-1.3333E-01,
17:10:23.99193389, 1.8267E+00, 1.0867E+01, 0.0000E+00,
17:10:23.99193394, 1.8267E+00, 1.0867E+01, 1.3333E-01,
17:10:23.99193399, 1.8400E+00, 1.0867E+01, 2.6667E-01,
17:10:23.99193404, 1.8533E+00, 1.0833E+01, 1.3333E-01,
17:10:23.99193409, 1.8400E+00, 1.0800E+01,-1.3333E-01,
17:10:23.99193414, 1.8267E+00, 1.0833E+01, 0.0000E+00,
17:10:23.99193419, 1.8000E+00, 1.0867E+01, 1.3333E-01,
17:10:23.99193424, 1.8267E+00, 1.0867E+01, 0.0000E+00,
17:10:23.99193429, 1.8267E+00, 1.0833E+01, 1.3333E-01,
17:10:23.99193434, 1.8267E+00, 1.0867E+01, 0.0000E+00,
17:10:23.99193439, 1.8400E+00, 1.0833E+01, 0.0000E+00,
17:10:23.99193444, 1.8000E+00, 1.0867E+01, 2.6667E-01,
17:10:23.99193449, 1.8400E+00, 1.0800E+01, 2.6667E-01,
17:10:23.99193454, 1.8400E+00, 1.0867E+01, 1.3333E-01,
17:10:23.99193459, 1.8400E+00, 1.0800E+01, 1.3333E-01,
17:10:23.99193464, 1.8267E+00, 1.0833E+01, 1.3333E-01,
17:10:23.99193469, 1.7867E+00, 1.0867E+01, 1.3333E-01,
17:10:23.99193474, 1.7867E+00, 1.0967E+01, 2.6667E-01,
17:10:23.99193479, 1.8133E+00, 1.0800E+01, 1.3333E-01,
17:10:23.99193484, 1.8400E+00, 1.0833E+01,-1.3333E-01,
17:10:23.99193489, 1.8267E+00, 1.0833E+01, 1.3333E-01,
17:10:23.99193494, 1.8133E+00, 1.0833E+01, 4.0000E-01,
17:10:23.99193499, 1.8533E+00, 1.0867E+01, 2.6667E-01,
17:10:23.99193504, 1.8400E+00, 1.0867E+01, 1.3333E-01,
17:10:23.99193509, 1.8000E+00, 1.0767E+01, 4.0000E-01,
17:10:23.99193514, 1.7867E+00, 1.0800E+01, 2.6667E-01,
17:10:23.99193519, 1.8133E+00, 1.0867E+01, 0.0000E+00,
17:10:23.99193524, 1.8267E+00, 1.0767E+01, 4.0000E-01,
17:10:23.99193529, 1.8133E+00, 1.0833E+01, 4.0000E-01,
17:10:23.99193534, 1.8133E+00, 1.0900E+01, 0.0000E+00,
17:10:23.99193539, 1.8267E+00, 1.0900E+01, 0.0000E+00,
17:10:23.99193544, 1.8400E+00, 1.0900E+01, 1.3333E-01,
17:10:23.99193549, 1.7867E+00, 1.0867E+01, 1.3333E-01,
17:10:23.99193554, 1.8000E+00, 1.0800E+01, 4.0000E-01,
17:10:23.99193559, 1.8400E+00, 1.0833E+01, 0.0000E+00,
17:10:23.99193564, 1.8000E+00, 1.0867E+01,-2.6667E-01,
17:10:23.99193569, 1.8133E+00, 1.0933E+01, 2.6667E-01,
17:10:23.99193574, 1.8133E+00, 1.0933E+01, 0.0000E+00,
17:10:23.99193579, 1.8133E+00, 1.0967E+01,-2.6667E-01,
17:10:23.99193584, 1.8267E+00, 1.0833E+01, 4.0000E-01,
17:10:23.99193589, 1.8400E+00, 1.0900E+01, 1.3333E-01,
17:10:23.99193594, 1.8267E+00, 1.0867E+01,-1.3333E-01,
17:10:23.99193599, 1.8267E+00, 1.0933E+01, 0.0000E+00,
17:10:23.99193604, 1.8133E+00, 1.0833E+01, 1.3333E-01,
17:10:23.99193609, 1.8400E+00, 1.0900E+01,-1.3333E-01,
17:10:23.99193614, 1.7867E+00, 1.0900E+01, 0.0000E+00,
17:10:23.99193619, 1.8000E+00, 1.0867E+01,-1.3333E-01,
17:10:23.99193624, 1.8400E+00, 1.0900E+01, 0.0000E+00,
17:10:23.99193629, 1.8400E+00, 1.0833E+01, 0.0000E+00,
17:10:23.99193634, 1.8400E+00, 1.0833E+01, 1.3333E-01,
17:10:23.99193639, 1.8133E+00, 1.0867E+01, 2.6667E-01,
17:10:23.99193644, 1.8267E+00, 1.0800E+01, 5.3333E-01,
17:10:23.99193649, 1.8000E+00, 1.0867E+01, 2.6667E-01,
17:10:23.99193654, 1.8000E+00, 1.0800E+01, 1.3333E-01,
17:10:23.99193659, 1.8133E+00, 1.0867E+01, 2.6667E-01,
17:10:23.99193664, 1.7733E+00, 1.0933E+01, 0.0000E+00,
17:10:23.99193669, 1.8400E+00, 1.0800E+01, 1.3333E-01,
17:10:23.99193674, 1.8267E+00, 1.0833E+01, 0.0000E+00,
17:10:23.99193679, 1.8000E+00, 1.0900E+01, 0.0000E+00,
17:10:23.99193684, 1.8000E+00, 1.0833E+01, 4.0000E-01,
17:10:23.99193689, 1.8267E+00, 1.0833E+01,-1.3333E-01,
17:10:23.99193694, 1.8400E+00, 1.0900E+01, 2.6667E-01,
17:10:23.99193699, 1.8133E+00, 1.0867E+01, 1.3333E-01,
17:10:23.99193704, 1.8133E+00, 1.0867E+01,-1.3333E-01,
17:10:23.99193709, 1.8267E+00, 1.0867E+01, 0.0000E+00,
17:10:23.99193714, 1.8400E+00, 1.0900E+01, 4.0000E-01,
17:10:23.99193719, 1.8400E+00, 1.0800E+01, 2.6667E-01,
17:10:23.99193724, 1.8133E+00, 1.0900E+01, 6.6667E-01,
17:10:23.99193729, 1.8000E+00, 1.0867E+01, 2.6667E-01,
17:10:23.99193734, 1.8400E+00, 1.0900E+01, 2.6667E-01,
17:10:23.99193739, 1.8400E+00, 1.0867E+01, 2.6667E-01,
17:10:23.99193744, 1.8000E+00, 1.0833E+01, 1.3333E-01,
17:10:23.99193749, 1.8133E+00, 1.0867E+01, 1.3333E-01,
17:10:23.99193754, 1.8133E+00, 1.0833E+01, 0.0000E+00,
17:10:23.99193759, 1.8133E+00, 1.0833E+01, 0.0000E+00,
17:10:23.99193764, 1.8267E+00, 1.0867E+01, 0.0000E+00,
17:10:23.99193769, 1.8000E+00, 1.0900E+01, 0.0000E+00,
17:10:23.99193774, 1.8000E+00, 1.0900E+01, 4.0000E-01,
17:10:23.99193779, 1.8400E+00, 1.0867E+01,-1.3333E-01,
17:10:23.99193784, 1.8533E+00, 1.0933E+01, 4.0000E-01,
17:10:23.99193789, 1.8133E+00, 1.0867E+01, 2.6667E-01,
17:10:23.99193794, 1.8267E+00, 1.0833E+01, 1.3333E-01,
17:10:23.99193799, 1.8267E+00, 1.0833E+01, 2.6667E-01,
17:10:23.99193804, 1.8533E+00, 1.0867E+01, 2.6667E-01,
17:10:23.99193809, 1.8000E+00, 1.0833E+01, 1.3333E-01,
17:10:23.99193814, 1.8267E+00, 1.0900E+01, 1.3333E-01,
17:10:23.99193819, 1.8267E+00, 1.0867E+01, 1.3333E-01,
17:10:23.99193824, 1.8133E+00, 1.0867E+01, 2.6667E-01,
17:10:23.99193829, 1.8267E+00, 1.0833E+01, 0.0000E+00,
17:10:23.99193834, 1.8400E+00, 1.0933E+01, 1.3333E-01,
17:10:23.99193839, 1.8267E+00, 1.0900E+01, 0.0000E+00,
17:10:23.99193844, 1.8133E+00, 1.0833E+01, 2.6667E-01,
17:10:23.99193849, 1.8000E+00, 1.0867E+01,-1.3333E-01,
17:10:23.99193854, 1.8267E+00, 1.0867E+01,-1.3333E-01,
17:10:23.99193859, 1.8133E+00, 1.0833E+01,-1.3333E-01,
17:10:23.99193864, 1.8133E+00, 1.0867E+01, 1.3333E-01,
17:10:23.99193869, 1.8400E+00, 1.0900E+01, 1.3333E-01,
17:10:23.99193874, 1.8267E+00, 1.0867E+01,-1.3333E-01,
17:10:23.99193879, 1.8267E+00, 1.0867E+01, 0.0000E+00,
17:10:23.99193884, 1.8133E+00, 1.0867E+01, 0.0000E+00,
17:10:23.99193889, 1.8400E+00, 1.0867E+01, 1.3333E-01,
17:10:23.99193894, 1.8400E+00, 1.0833E+01, 1.3333E-01,
17:10:23.99193899, 1.8000E+00, 1.0767E+01, 0.0000E+00,
17:10:23.99193904, 1.7867E+00, 1.0900E+01, 0.0000E+00,
17:10:23.99193909, 1.8267E+00, 1.0833E+01,-1.3333E-01,
17:10:23.99193914, 1.8133E+00, 1.0933E+01, 4.0000E-01,
17:10:23.99193919, 1.8133E+00, 1.0933E+01, 1.3333E-01,
17:10:23.99193924, 1.8133E+00, 1.0900E+01,-2.6667E-01,
17:10:23.99193929, 1.8400E+00, 1.0867E+01, 1.3333E-01,
17:10:23.99193934, 1.8267E+00, 1.0900E+01, 0.0000E+00,
17:10:23.99193939, 1.8133E+00, 1.0800E+01, 0.0000E+00,
17:10:23.99193944, 1.8400E+00, 1.0833E+01, 0.0000E+00,
17:10:23.99193949, 1.8000E+00, 1.0933E+01, 1.3333E-01,
17:10:23.99193954, 1.8400E+00, 1.0900E+01, 0.0000E+00,
17:10:23.99193959, 1.8000E+00, 1.0900E+01, 1.3333E-01,
17:10:23.99193964, 1.8267E+00, 1.0900E+01, 1.3333E-01,
17:10:23.99193969, 1.8133E+00, 1.0867E+01, 1.3333E-01,
17:10:23.99193974, 1.8000E+00, 1.0867E+01, 2.6667E-01,
17:10:23.99193979, 1.8133E+00, 1.0900E+01, 1.3333E-01,
17:10:23.99193984, 1.8400E+00, 1.0833E+01, 5.3333E-01,
17:10:23.99193989, 1.8267E+00, 1.0867E+01, 0.0000E+00,
17:10:23.99193994, 1.8000E+00, 1.0867E+01, 0.0000E+00,
17:10:23.99193999, 1.8133E+00, 1.0900E+01,-1.3333E-01,
17:10:23.99194004, 1.7867E+00, 1.0800E+01, 1.3333E-01,
17:10:23.99194009, 1.8400E+00, 1.0867E+01, 2.6667E-01,
17:10:23.99194014, 1.8400E+00, 1.0800E+01,-1.3333E-01,
17:10:23.99194019, 1.8400E+00, 1.0867E+01, 1.3333E-01,
17:10:23.99194024, 1.8400E+00, 1.0833E+01,-1.3333E-01,
17:10:23.99194029, 1.8533E+00, 1.0800E+01, 1.3333E-01,
17:10:23.99194034, 1.8400E+00, 1.0867E+01, 2.6667E-01,
17:10:23.99194039, 1.8400E+00, 1.0900E+01, 1.3333E-01,
17:10:23.99194044, 1.8400E+00, 1.0833E+01, 2.6667E-01,
17:10:23.99194049, 1.7867E+00, 1.0900E+01, 1.3333E-01,
17:10:23.99194054, 1.8267E+00, 1.0800E+01, 2.6667E-01,
17:10:23.99194059, 1.8400E+00, 1.0800E+01, 4.0000E-01,
17:10:23.99194064, 1.8133E+00, 1.0867E+01, 0.0000E+00,
17:10:23.99194069, 1.8133E+00, 1.0867E+01, 0.0000E+00,
17:10:23.99194074, 1.8267E+00, 1.0867E+01, 1.3333E-01,
17:10:23.99194079, 1.8133E+00, 1.0900E+01, 1.3333E-01,
17:10:23.99194084, 1.8267E+00, 1.0833E+01, 0.0000E+00,
17:10:23.99194089, 1.8000E+00, 1.0833E+01, 1.3333E-01,
17:10:23.99194094, 1.8133E+00, 1.0867E+01, 1.3333E-01,
17:10:23.99194099, 1.8400E+00, 1.0800E+01,-1.3333E-01,
17:10:23.99194104, 1.8000E+00, 1.0900E+01, 0.0000E+00,
17:10:23.99194109, 1.8267E+00, 1.0867E+01, 5.3333E-01,
17:10:23.99194114, 1.8000E+00, 1.0800E+01, 0.0000E+00,
17:10:23.99194119, 1.8267E+00, 1.0833E+01,-2.6667E-01,
17:10:23.99194124, 1.8400E+00, 1.0900E+01,-4.0000E-01,
17:10:23.99194129, 1.8133E+00, 1.0900E+01, 1.3333E-01,
17:10:23.99194134, 1.8400E+00, 1.0867E+01, 1.3333E-01,
17:10:23.99194139, 1.8267E+00, 1.0900E+01,-2.6667E-01,
17:10:23.99194144, 1.8133E+00, 1.0900E+01,-1.3333E-01,
17:10:23.99194149, 1.8000E+00, 1.0900E+01, 1.3333E-01,
17:10:23.99194154, 1.8400E+00, 1.0900E+01, 2.6667E-01,
17:10:23.99194159, 1.8267E+00, 1.0867E+01, 2.6667E-01,
17:10:23.99194164, 1.8400E+00, 1.0833E+01, 0.0000E+00,
17:10:23.99194169, 1.8267E+00, 1.0900E+01, 1.3333E-01,
17:10:23.99194174, 1.8400E+00, 1.0967E+01,-1.3333E-01,
17:10:23.99194179, 1.8133E+00, 1.0833E+01, 1.3333E-01,
17:10:23.99194184, 1.8400E+00, 1.0800E+01, 0.0000E+00,
17:10:23.99194189, 1.8133E+00, 1.0833E+01, 2.6667E-01,
17:10:23.99194194, 1.8000E+00, 1.0833E+01, 0.0000E+00,
17:10:23.99194199, 1.8267E+00, 1.0933E+01, 0.0000E+00,
17:10:23.99194204, 1.8133E+00, 1.0833E+01, 0.0000E+00,
17:10:23.99194209, 1.8267E+00, 1.0867E+01, 1.3333E-01,
17:10:23.99194214, 1.8000E+00, 1.0900E+01, 4.0000E-01,
17:10:23.99194219, 1.8000E+00, 1.0800E+01, 4.0000E-01,
17:10:23.99194224, 1.8133E+00, 1.0867E+01, 0.0000E+00,
17:10:23.99194229, 1.8133E+00, 1.0867E+01, 1.3333E-01,
17:10:23.99194234, 1.8000E+00, 1.0833E+01, 0.0000E+00,
17:10:23.99194239, 1.8400E+00, 1.0867E+01, 1.3333E-01,
17:10:23.99194244, 1.8267E+00, 1.0800E+01, 2.6667E-01,
17:10:23.99194249, 1.8267E+00, 1.0767E+01, 0.0000E+00,
17:10:23.99194254, 1.8400E+00, 1.0933E+01, 4.0000E-01,
17:10:23.99194259, 1.8267E+00, 1.0833E+01, 0.0000E+00,
17:10:23.99194264, 1.8133E+00, 1.0933E+01,-1.3333E-01,
17:10:23.99194269, 1.8267E+00, 1.0867E+01, 0.0000E+00,
17:10:23.99194274, 1.8400E+00, 1.0833E+01, 5.3333E-01,
17:10:23.99194279, 1.8400E+00, 1.0867E+01, 1.3333E-01,
17:10:23.99194284, 1.8133E+00, 1.0800E+01, 1.3333E-01,
17:10:23.99194289, 1.7867E+00, 1.0900E+01, 2.6667E-01,
17:10:23.99194294, 1.8000E+00, 1.0833E+01, 1.3333E-01,
17:10:23.99194299, 1.8267E+00, 1.0900E+01, 2.6667E-01,
17:10:23.99194304, 1.8000E+00, 1.0800E+01, 1.3333E-01,
17:10:23.99194309, 1.8000E+00, 1.0900E+01, 2.6667E-01,
17:10:23.99194314, 1.8267E+00, 1.0833E+01, 2.6667E-01,
17:10:23.99194319, 1.8133E+00, 1.0833E+01,-1.3333E-01,
17:10:23.99194324, 1.8267E+00, 1.0900E+01, 0.0000E+00,
17:10:23.99194329, 1.8267E+00, 1.0900E+01, 4.0000E-01,
17:10:23.99194334, 1.8133E+00, 1.0867E+01,-1.3333E-01,
17:10:23.99194339, 1.8000E+00, 1.0833E+01, 1.3333E-01,
17:10:23.99194344, 1.7733E+00, 1.0767E+01, 0.0000E+00,
17:10:23.99194349, 1.8000E+00, 1.0867E+01,-1.3333E-01,
17:10:23.99194354, 1.8133E+00, 1.0867E+01, 2.6667E-01,
17:10:23.99194359, 1.8267E+00, 1.0900E+01, 1.3333E-01,
17:10:23.99194364, 1.8000E+00, 1.0900E+01, 2.6667E-01,
17:10:23.99194369, 1.8267E+00, 1.0833E+01, 4.0000E-01,
17:10:23.99194374, 1.8133E+00, 1.0833E+01, 0.0000E+00,
17:10:23.99194379, 1.8400E+00, 1.0833E+01, 4.0000E-01,
17:10:23.99194384, 1.8267E+00, 1.0867E+01, 1.3333E-01,
17:10:23.99194389, 1.8133E+00, 1.0867E+01,-1.3333E-01,
17:10:23.99194394, 1.8133E+00, 1.0800E+01, 0.0000E+00,
17:10:23.99194399, 1.7867E+00, 1.0800E+01, 1.3333E-01,
17:10:23.99194404, 1.8133E+00, 1.0833E+01, 0.0000E+00,
17:10:23.99194409, 1.8267E+00, 1.0900E+01,-1.3333E-01,
17:10:23.99194414, 1.8267E+00, 1.0867E+01, 2.6667E-01,
17:10:23.99194419, 1.7867E+00, 1.0833E+01, 1.3333E-01,
17:10:23.99194424, 1.8133E+00, 1.0900E+01, 2.6667E-01,
17:10:23.99194429, 1.8000E+00, 1.0867E+01, 0.0000E+00,
17:10:23.99194434, 1.7867E+00, 1.0833E+01, 1.3333E-01,
17:10:23.99194439, 1.8133E+00, 1.0867E+01, 1.3333E-01,
17:10:23.99194444, 1.8133E+00, 1.0800E+01, 1.3333E-01,
17:10:23.99194449, 1.8267E+00, 1.0900E+01, 0.0000E+00,
17:10:23.99194454, 1.8133E+00, 1.0800E+01, 2.6667E-01,
17:10:23.99194459, 1.8133E+00, 1.0867E+01, 0.0000E+00,
17:10:23.99194464, 1.8400E+00, 1.0867E+01, 0.0000E+00,
17:10:23.99194469, 1.8400E+00, 1.0867E+01, 1.3333E-01,
17:10:23.99194474, 1.7867E+00, 1.0833E+01, 1.3333E-01,
17:10:23.99194479, 1.8133E+00, 1.0900E+01, 0.0000E+00,
17:10:23.99194484, 1.8267E+00, 1.0833E+01, 1.3333E-01,
17:10:23.99194489, 1.8267E+00, 1.0867E+01,-1.3333E-01,
17:10:23.99194494, 1.8533E+00, 1.0833E+01, 0.0000E+00,
17:10:23.99194499, 1.8267E+00, 1.0867E+01, 4.0000E-01,
17:10:23.99194504, 1.8133E+00, 1.0833E+01, 1.3333E-01,
17:10:23.99194509, 1.8400E+00, 1.0833E+01, 4.0000E-01,
17:10:23.99194514, 1.8400E+00, 1.0833E+01, 2.6667E-01,
17:10:23.99194519, 1.8133E+00, 1.0833E+01, 5.3333E-01,
17:10:23.99194524, 1.7867E+00, 1.0867E+01, 0.0000E+00,
17:10:23.99194529, 1.8000E+00, 1.0833E+01, 2.6667E-01,
17:10:23.99194534, 1.7867E+00, 1.0867E+01,-1.3333E-01,
17:10:23.99194539, 1.8400E+00, 1.0800E+01, 0.0000E+00,
17:10:23.99194544, 1.8133E+00, 1.0833E+01, 0.0000E+00,
17:10:23.99194549, 1.8400E+00, 1.0867E+01, 2.6667E-01,
17:10:23.99194554, 1.8133E+00, 1.0900E+01, 2.6667E-01,
17:10:23.99194559, 1.8400E+00, 1.0867E+01, 0.0000E+00,
17:10:23.99194564, 1.8133E+00, 1.0900E+01, 6.6667E-01,
17:10:23.99194569, 1.8133E+00, 1.0867E+01, 2.6667E-01,
17:10:23.99194574, 1.7867E+00, 1.0933E+01, 0.0000E+00,
17:10:23.99194579, 1.8000E+00, 1.0867E+01,-4.0000E-01,
17:10:23.99194584, 1.8133E+00, 1.0833E+01,-1.3333E-01,
17:10:23.99194589, 1.8400E+00, 1.0900E+01, 0.0000E+00,
17:10:23.99194594, 1.8000E+00, 1.0867E+01, 0.0000E+00,
17:10:23.99194599, 1.8400E+00, 1.0933E+01, 1.3333E-01,
17:10:23.99194604, 1.8400E+00, 1.0900E+01, 0.0000E+00,
17:10:23.99194609, 1.8267E+00, 1.0833E+01, 4.0000E-01,
17:10:23.99194614, 1.8267E+00, 1.0900E+01, 0.0000E+00,
17:10:23.99194619, 1.8000E+00, 1.0833E+01, 0.0000E+00,
17:10:23.99194624, 1.8000E+00, 1.0833E+01, 0.0000E+00,
17:10:23.99194629, 1.8000E+00, 1.0867E+01,-2.6667E-01,
17:10:23.99194634, 1.8533E+00, 1.0900E+01, 0.0000E+00,
17:10:23.99194639, 1.8000E+00, 1.0833E+01, 1.3333E-01,
17:10:23.99194644, 1.8400E+00, 1.0833E+01, 2.6667E-01,
17:10:23.99194649, 1.8267E+00, 1.0833E+01, 2.6667E-01,
17:10:23.99194654, 1.8133E+00, 1.0867E+01, 5.3333E-01,
17:10:23.99194659, 1.8000E+00, 1.0867E+01, 2.6667E-01,
17:10:23.99194664, 1.8267E+00, 1.0833E+01, 1.3333E-01,
17:10:23.99194669, 1.8000E+00, 1.0800E+01, 2.6667E-01,
17:10:23.99194674, 1.8000E+00, 1.0933E+01, 2.6667E-01,
17:10:23.99194679, 1.8133E+00, 1.0900E+01, 1.3333E-01,
17:10:23.99194684, 1.8133E+00, 1.0800E+01, 1.3333E-01,
17:10:23.99194689, 1.8267E+00, 1.0933E+01, 0.0000E+00,
17:10:23.99194694, 1.8000E+00, 1.0900E+01, 1.3333E-01,
17:10:23.99194699, 1.8533E+00, 1.0833E+01, 2.6667E-01,
17:10:23.99194704, 1.8400E+00, 1.0800E+01, 2.6667E-01,
17:10:23.99194709, 1.8400E+00, 1.0833E+01, 2.6667E-01,
17:10:23.99194714, 1.8133E+00, 1.0933E+01,-1.3333E-01,
17:10:23.99194719, 1.8533E+00, 1.0900E+01, 4.0000E-01,
17:10:23.99194724, 1.8267E+00, 1.0800E+01, 0.0000E+00,
17:10:23.99194729, 1.8400E+00, 1.0867E+01, 0.0000E+00,
17:10:23.99194734, 1.8133E+00, 1.0833E+01, 4.0000E-01,
17:10:23.99194739, 1.8267E+00, 1.0933E+01, 2.6667E-01,
17:10:23.99194744, 1.8133E+00, 1.0800E+01, 1.3333E-01,
17:10:23.99194749, 1.8133E+00, 1.0867E+01,-2.6667E-01,
17:10:23.99194754, 1.8533E+00, 1.0867E+01, 2.6667E-01,
17:10:23.99194759, 1.8267E+00, 1.0933E+01,-1.3333E-01,
17:10:23.99194764, 1.8000E+00, 1.0833E+01, 1.3333E-01,
17:10:23.99194769, 1.7867E+00, 1.0833E+01, 1.3333E-01,
17:10:23.99194774, 1.8133E+00, 1.0833E+01, 1.3333E-01,
17:10:23.99194779, 1.8133E+00, 1.0900E+01, 1.3333E-01,
17:10:23.99194784, 1.8133E+00, 1.0867E+01, 2.6667E-01,
17:10:23.99194789, 1.8400E+00, 1.0867E+01, 4.0000E-01,
17:10:23.99194794, 1.8267E+00, 1.0800E+01, 1.3333E-01,
17:10:23.99194799, 1.8133E+00, 1.0767E+01, 0.0000E+00,
17:10:23.99194804, 1.8133E+00, 1.0833E+01, 2.6667E-01,
17:10:23.99194809, 1.7733E+00, 1.0900E+01, 2.6667E-01,
17:10:23.99194814, 1.7867E+00, 1.0833E+01, 0.0000E+00,
17:10:23.99194819, 1.7867E+00, 1.0867E+01, 1.3333E-01,
17:10:23.99194824, 1.8000E+00, 1.0867E+01, 0.0000E+00,
17:10:23.99194829, 1.8000E+00, 1.0800E+01,-1.3333E-01,
17:10:23.99194834, 1.8000E+00, 1.0833E+01,-1.3333E-01,
17:10:23.99194839, 1.8267E+00, 1.0900E+01, 2.6667E-01,
17:10:23.99194844, 1.8267E+00, 1.0833E+01, 1.3333E-01,
17:10:23.99194849, 1.8400E+00, 1.0867E+01, 1.3333E-01,
17:10:23.99194854, 1.8133E+00, 1.0867E+01,-2.6667E-01,
17:10:23.99194859, 1.8133E+00, 1.0767E+01, 0.0000E+00,
17:10:23.99194864, 1.7867E+00, 1.0800E+01, 0.0000E+00,
17:10:23.99194869, 1.8267E+00, 1.0867E+01, 1.3333E-01,
17:10:23.99194874, 1.7867E+00, 1.0867E+01,-1.3333E-01,
17:10:23.99194879, 1.8267E+00, 1.0833E+01,-1.3333E-01,
17:10:23.99194884, 1.8267E+00, 1.0800E+01,-1.3333E-01,
17:10:23.99194889, 1.8000E+00, 1.0867E+01, 0.0000E+00,
17:10:23.99194894, 1.8133E+00, 1.0833E+01, 1.3333E-01,
17:10:23.99194899, 1.8000E+00, 1.0867E+01, 1.3333E-01,
17:10:23.99194904, 1.8267E+00, 1.0867E+01, 2.6667E-01,
17:10:23.99194909, 1.8133E+00, 1.0833E+01, 0.0000E+00,
17:10:23.99194914, 1.8000E+00, 1.0867E+01,-1.3333E-01,
17:10:23.99194919, 1.8000E+00, 1.0767E+01, 1.3333E-01,
17:10:23.99194924, 1.8267E+00, 1.0867E+01, 0.0000E+00,
17:10:23.99194929, 1.8000E+00, 1.0833E+01, 1.3333E-01,
17:10:23.99194934, 1.8400E+00, 1.0867E+01, 1.3333E-01,
17:10:23.99194939, 1.8400E+00, 1.0867E+01,-2.6667E-01,
17:10:23.99194944, 1.8133E+00, 1.0833E+01, 0.0000E+00,
17:10:23.99194949, 1.8133E+00, 1.0900E+01,-1.3333E-01,
17:10:23.99194954, 1.8000E+00, 1.0867E+01, 0.0000E+00,
17:10:23.99194959, 1.8133E+00, 1.0933E+01, 1.3333E-01,
17:10:23.99194964, 1.8133E+00, 1.0867E+01, 0.0000E+00,
17:10:23.99194969, 1.8000E+00, 1.0833E+01, 1.3333E-01,
17:10:23.99194974, 1.8400E+00, 1.0900E+01, 0.0000E+00,
17:10:23.99194979, 1.8000E+00, 1.0867E+01, 1.3333E-01,
17:10:23.99194984, 1.8267E+00, 1.0867E+01, 2.6667E-01,
17:10:23.99194989, 1.8400E+00, 1.0867E+01, 1.3333E-01,
17:10:23.99194994, 1.8133E+00, 1.0867E+01, 0.0000E+00,
17:10:23.99194999, 1.8400E+00, 1.0833E+01, 1.3333E-01,
17:10:23.99195004, 1.8000E+00, 1.0867E+01, 1.3333E-01,
17:10:23.99195009, 1.8267E+00, 1.0900E+01, 1.3333E-01,
17:10:23.99195014, 1.7867E+00, 1.0867E+01, 2.6667E-01,
17:10:23.99195019, 1.8400E+00, 1.0867E+01,-1.3333E-01,
17:10:23.99195024, 1.8000E+00, 1.0867E+01, 1.3333E-01,
17:10:23.99195029, 1.8400E+00, 1.0933E+01, 0.0000E+00,
17:10:23.99195034, 1.8267E+00, 1.0833E+01, 0.0000E+00,
17:10:23.99195039, 1.8267E+00, 1.0833E+01, 1.3333E-01,
17:10:23.99195044, 1.8267E+00, 1.0833E+01, 0.0000E+00,
17:10:23.99195049, 1.8133E+00, 1.0867E+01, 4.0000E-01,
17:10:23.99195054, 1.8000E+00, 1.0900E+01, 4.0000E-01,
17:10:23.99195059, 1.8000E+00, 1.0833E+01, 4.0000E-01,
17:10:23.99195064, 1.8267E+00, 1.0900E+01, 0.0000E+00,
17:10:23.99195069, 1.8000E+00, 1.0867E+01, 1.3333E-01,
17:10:23.99195074, 1.8267E+00, 1.0800E+01,-1.3333E-01,
17:10:23.99195079, 1.8400E+00, 1.0933E+01, 0.0000E+00,
17:10:23.99195084, 1.8133E+00, 1.0867E+01, 0.0000E+00,
17:10:23.99195089, 1.8267E+00, 1.0900E+01, 0.0000E+00,
17:10:23.99195094, 1.8133E+00, 1.0933E+01, 5.3333E-01,
17:10:23.99195099, 1.8000E+00, 1.0833E+01, 2.6667E-01,
17:10:23.99195104, 1.8133E+00, 1.0867E+01, 1.3333E-01,
17:10:23.99195109, 1.8000E+00, 1.0933E+01, 0.0000E+00,
17:10:23.99195114, 1.8267E+00, 1.0833E+01, 2.6667E-01,
17:10:23.99195119, 1.8000E+00, 1.0933E+01, 1.3333E-01,
17:10:23.99195124, 1.8533E+00, 1.0833E+01, 0.0000E+00,
17:10:23.99195129, 1.8400E+00, 1.0867E+01, 1.3333E-01,
17:10:23.99195134, 1.8400E+00, 1.0800E+01, 0.0000E+00,
17:10:23.99195139, 1.8133E+00, 1.0800E+01, 1.3333E-01,
17:10:23.99195144, 1.8267E+00, 1.0867E+01, 4.0000E-01,
17:10:23.99195149, 1.8000E+00, 1.0867E+01, 0.0000E+00,
17:10:23.99195154, 1.8000E+00, 1.0900E+01, 0.0000E+00,
17:10:23.99195159, 1.8000E+00, 1.0833E+01, 0.0000E+00,
17:10:23.99195164, 1.8400E+00, 1.0967E+01, 1.3333E-01,
17:10:23.99195169, 1.8400E+00, 1.0933E+01, 0.0000E+00,
17:10:23.99195174, 1.8133E+00, 1.0900E+01,-1.3333E-01,
17:10:23.99195179, 1.8267E+00, 1.0833E+01, 2.6667E-01,
17:10:23.99195184, 1.8400E+00, 1.0900E+01, 1.3333E-01,
17:10:23.99195189, 1.8000E+00, 1.0867E+01, 2.6667E-01,
17:10:23.99195194, 1.8000E+00, 1.0900E+01, 0.0000E+00,
17:10:23.99195199, 1.7733E+00, 1.0933E+01,-1.3333E-01,
17:10:23.99195204, 1.8133E+00, 1.0867E+01,-1.3333E-01,
17:10:23.99195209, 1.8000E+00, 1.0833E+01, 2.6667E-01,
17:10:23.99195214, 1.8267E+00, 1.0867E+01, 1.3333E-01,
17:10:23.99195219, 1.8400E+00, 1.0900E+01, 0.0000E+00,
17:10:23.99195224, 1.8267E+00, 1.0867E+01, 0.0000E+00,
17:10:23.99195229, 1.8133E+00, 1.0867E+01, 4.0000E-01,
17:10:23.99195234, 1.8133E+00, 1.0800E+01, 1.3333E-01,
17:10:23.99195239, 1.8267E+00, 1.0867E+01, 1.3333E-01,
17:10:23.99195244, 1.8000E+00, 1.0833E+01, 1.3333E-01,
17:10:23.99195249, 1.8000E+00, 1.0833E+01, 2.6667E-01,
17:10:23.99195254, 1.8267E+00, 1.0867E+01,-1.3333E-01,
17:10:23.99195259, 1.8133E+00, 1.0867E+01, 1.3333E-01,
17:10:23.99195264, 1.8400E+00, 1.0867E+01, 1.3333E-01,
17:10:23.99195269, 1.8000E+00, 1.0833E+01, 2.6667E-01,
17:10:23.99195274, 1.8400E+00, 1.0833E+01, 1.3333E-01,
17:10:23.99195279, 1.8400E+00, 1.1000E+01, 0.0000E+00,
17:10:23.99195284, 1.8267E+00, 1.0900E+01, 5.3333E-01,
17:10:23.99195289, 1.8000E+00, 1.0800E+01, 2.6667E-01,
17:10:23.99195294, 1.8000E+00, 1.0833E+01, 4.0000E-01,
17:10:23.99195299, 1.8267E+00, 1.0833E+01, 1.3333E-01,
17:10:23.99195304, 1.8000E+00, 1.0867E+01, 1.3333E-01,
17:10:23.99195309, 1.8133E+00, 1.0900E+01, 1.3333E-01,
17:10:23.99195314, 1.8133E+00, 1.0833E+01, 4.0000E-01,
17:10:23.99195319, 1.8400E+00, 1.0800E+01, 0.0000E+00,
17:10:23.99195324, 1.8000E+00, 1.0900E+01, 1.3333E-01,
17:10:23.99195329, 1.8133E+00, 1.0900E+01,-1.3333E-01,
17:10:23.99195334, 1.8267E+00, 1.0867E+01, 1.3333E-01,
17:10:23.99195339, 1.8133E+00, 1.0833E+01, 2.6667E-01,
17:10:23.99195344, 1.8267E+00, 1.0833E+01, 2.6667E-01,
17:10:23.99195349, 1.8133E+00, 1.0867E+01, 5.3333E-01,
17:10:23.99195354, 1.8133E+00, 1.0833E+01, 0.0000E+00,
17:10:23.99195359, 1.8267E+00, 1.0867E+01,-2.6667E-01,
17:10:23.99195364, 1.8267E+00, 1.0867E+01,-1.3333E-01,
17:10:23.99195369, 1.8267E+00, 1.0900E+01,-1.3333E-01,
17:10:23.99195374, 1.8400E+00, 1.0867E+01, 0.0000E+00,
17:10:23.99195379, 1.8400E+00, 1.0900E+01, 0.0000E+00,
17:10:23.99195384, 1.7867E+00, 1.0833E+01, 1.3333E-01,
17:10:23.99195389, 1.8000E+00, 1.0933E+01, 2.6667E-01,
17:10:23.99195394, 1.8400E+00, 1.0833E+01, 4.0000E-01,
17:10:23.99195399, 1.7867E+00, 1.0867E+01, 0.0000E+00,
17:10:23.99195404, 1.8133E+00, 1.0867E+01, 4.0000E-01,
17:10:23.99195409, 1.8267E+00, 1.0967E+01, 2.6667E-01,
17:10:23.99195414, 1.7867E+00, 1.0833E+01, 2.6667E-01,
17:10:23.99195419, 1.8400E+00, 1.0900E+01, 0.0000E+00,
17:10:23.99195424, 1.8133E+00, 1.0867E+01, 1.3333E-01,
17:10:23.99195429, 1.8267E+00, 1.0800E+01,-1.3333E-01,
17:10:23.99195434, 1.8000E+00, 1.0900E+01, 0.0000E+00,
17:10:23.99195439, 1.8133E+00, 1.0767E+01, 1.3333E-01,
17:10:23.99195444, 1.8000E+00, 1.0900E+01, 2.6667E-01,
17:10:23.99195449, 1.8400E+00, 1.0900E+01, 0.0000E+00,
17:10:23.99195454, 1.8000E+00, 1.0867E+01, 0.0000E+00,
17:10:23.99195459, 1.8267E+00, 1.0867E+01, 0.0000E+00,
17:10:23.99195464, 1.8400E+00, 1.0900E+01, 0.0000E+00,
17:10:23.99195469, 1.8400E+00, 1.0933E+01, 0.0000E+00,
17:10:23.99195474, 1.8133E+00, 1.0800E+01, 1.3333E-01,
17:10:23.99195479, 1.8133E+00, 1.0833E+01,-1.3333E-01,
17:10:23.99195484, 1.8000E+00, 1.0800E+01, 1.3333E-01,
17:10:23.99195489, 1.8267E+00, 1.0833E+01, 0.0000E+00,
17:10:23.99195494, 1.8267E+00, 1.0900E+01, 0.0000E+00,
17:10:23.99195499, 1.8133E+00, 1.0867E+01, 0.0000E+00,
17:10:23.99195504, 1.8267E+00, 1.0800E+01, 0.0000E+00,
17:10:23.99195509, 1.8400E+00, 1.0900E+01,-2.6667E-01,
17:10:23.99195514, 1.8267E+00, 1.0867E+01, 0.0000E+00,
17:10:23.99195519, 1.8133E+00, 1.0833E+01, 1.3333E-01,
17:10:23.99195524, 1.7867E+00, 1.0833E+01, 2.6667E-01,
17:10:23.99195529, 1.8133E+00, 1.0867E+01, 2.6667E-01,
17:10:23.99195534, 1.8267E+00, 1.0900E+01,-2.6667E-01,
17:10:23.99195539, 1.8000E+00, 1.0867E+01, 2.6667E-01,
17:10:23.99195544, 1.8133E+00, 1.0833E+01, 1.3333E-01,
17:10:23.99195549, 1.8267E+00, 1.0867E+01,-1.3333E-01,
17:10:23.99195554, 1.8400E+00, 1.0900E+01, 0.0000E+00,
17:10:23.99195559, 1.8267E+00, 1.0933E+01, 1.3333E-01,
17:10:23.99195564, 1.8267E+00, 1.0867E+01, 1.3333E-01,
17:10:23.99195569, 1.8000E+00, 1.0833E+01, 1.3333E-01,
17:10:23.99195574, 1.8000E+00, 1.0800E+01, 2.6667E-01,
17:10:23.99195579, 1.8133E+00, 1.0833E+01, 1.3333E-01,
17:10:23.99195584, 1.8133E+00, 1.0800E+01, 1.3333E-01,
17:10:23.99195589, 1.8133E+00, 1.0867E+01, 1.3333E-01,
17:10:23.99195594, 1.8133E+00, 1.0867E+01, 2.6667E-01,
17:10:23.99195599, 1.8133E+00, 1.0933E+01, 0.0000E+00,
17:10:23.99195604, 1.8400E+00, 1.0800E+01,-1.3333E-01,
17:10:23.99195609, 1.8400E+00, 1.0867E+01, 0.0000E+00,
17:10:23.99195614, 1.8000E+00, 1.0900E+01, 1.3333E-01,
17:10:23.99195619, 1.8400E+00, 1.0800E+01, 2.6667E-01,
17:10:23.99195624, 1.8000E+00, 1.0833E+01, 4.0000E-01,
17:10:23.99195629, 1.8000E+00, 1.0933E+01,-1.3333E-01,
17:10:23.99195634, 1.8133E+00, 1.0833E+01, 1.3333E-01,
17:10:23.99195639, 1.8133E+00, 1.0833E+01, 1.3333E-01,
17:10:23.99195644, 1.8133E+00, 1.0900E+01, 0.0000E+00,
17:10:23.99195649, 1.8000E+00, 1.0867E+01, 1.3333E-01,
17:10:23.99195654, 1.8133E+00, 1.0933E+01, 4.0000E-01,
17:10:23.99195659, 1.8267E+00, 1.0767E+01, 1.3333E-01,
17:10:23.99195664, 1.8133E+00, 1.0800E+01, 2.6667E-01,
17:10:23.99195669, 1.8267E+00, 1.0767E+01, 1.3333E-01,
17:10:23.99195674, 1.8000E+00, 1.0800E+01, 2.6667E-01,
17:10:23.99195679, 1.8133E+00, 1.0867E+01,-4.0000E-01,
17:10:23.99195684, 1.8133E+00, 1.0833E+01, 1.3333E-01,
17:10:23.99195689, 1.8133E+00, 1.0867E+01, 0.0000E+00,
17:10:23.99195694, 1.8133E+00, 1.0900E+01, 2.6667E-01,
17:10:23.99195699, 1.8533E+00, 1.0800E+01, 0.0000E+00,
17:10:23.99195704, 1.8533E+00, 1.0867E+01, 1.3333E-01,
17:10:23.99195709, 1.8267E+00, 1.0767E+01, 1.3333E-01,
17:10:23.99195714, 1.8400E+00, 1.0867E+01, 2.6667E-01,
17:10:23.99195719, 1.8267E+00, 1.0900E+01, 2.6667E-01,
17:10:23.99195724, 1.8000E+00, 1.0800E+01, 0.0000E+00,
17:10:23.99195729, 1.8133E+00, 1.0900E+01, 5.3333E-01,
17:10:23.99195734, 1.8000E+00, 1.0867E+01,-2.6667E-01,
17:10:23.99195739, 1.8133E+00, 1.0900E+01,-2.6667E-01,
17:10:23.99195744, 1.7867E+00, 1.0833E+01, 2.6667E-01,
17:10:23.99195749, 1.8133E+00, 1.0900E+01, 0.0000E+00,
17:10:23.99195754, 1.8267E+00, 1.0833E+01,-1.3333E-01,
17:10:23.99195759, 1.8267E+00, 1.0900E+01, 0.0000E+00,
17:10:23.99195764, 1.8400E+00, 1.0833E+01, 0.0000E+00,
17:10:23.99195769, 1.7733E+00, 1.0833E+01, 0.0000E+00,
17:10:23.99195774, 1.8133E+00, 1.0833E+01, 1.3333E-01,
17:10:23.99195779, 1.8000E+00, 1.0833E+01, 0.0000E+00,
17:10:23.99195784, 1.7867E+00, 1.0767E+01, 0.0000E+00,
17:10:23.99195789, 1.8133E+00, 1.0833E+01, 0.0000E+00,
17:10:23.99195794, 1.8400E+00, 1.0900E+01, 0.0000E+00,
17:10:23.99195799, 1.8267E+00, 1.0933E+01, 2.6667E-01,
17:10:23.99195804, 1.8133E+00, 1.0833E+01, 1.3333E-01,
17:10:23.99195809, 1.8133E+00, 1.0800E+01, 0.0000E+00,
17:10:23.99195814, 1.7867E+00, 1.0867E+01, 2.6667E-01,
17:10:23.99195819, 1.7867E+00, 1.0800E+01, 1.3333E-01,
17:10:23.99195824, 1.7867E+00, 1.0933E+01, 0.0000E+00,
17:10:23.99195829, 1.8400E+00, 1.0867E+01, 2.6667E-01,
17:10:23.99195834, 1.8400E+00, 1.0967E+01, 0.0000E+00,
17:10:23.99195839, 1.8133E+00, 1.0867E+01, 1.3333E-01,
17:10:23.99195844, 1.8400E+00, 1.0833E+01, 0.0000E+00,
17:10:23.99195849, 1.8400E+00, 1.0867E+01, 0.0000E+00,
17:10:23.99195854, 1.8400E+00, 1.0833E+01, 0.0000E+00,
17:10:23.99195859, 1.8400E+00, 1.0867E+01, 1.3333E-01,
17:10:23.99195864, 1.7867E+00, 1.0833E+01, 0.0000E+00,
17:10:23.99195869, 1.7867E+00, 1.0867E+01, 2.6667E-01,
17:10:23.99195874, 1.8133E+00, 1.0800E+01, 4.0000E-01,
17:10:23.99195879, 1.8133E+00, 1.0800E+01, 0.0000E+00,
17:10:23.99195884, 1.8000E+00, 1.0833E+01, 5.3333E-01,
17:10:23.99195889, 1.8400E+00, 1.0900E+01, 2.6667E-01,
17:10:23.99195894, 1.8400E+00, 1.0800E+01, 0.0000E+00,
17:10:23.99195899, 1.8267E+00, 1.0900E+01, 1.3333E-01,
17:10:23.99195904, 1.8267E+00, 1.0833E+01, 0.0000E+00,
17:10:23.99195909, 1.8400E+00, 1.0900E+01, 1.3333E-01,
17:10:23.99195914, 1.8267E+00, 1.0867E+01,-1.3333E-01,
17:10:23.99195919, 1.8400E+00, 1.0900E+01, 0.0000E+00,
17:10:23.99195924, 1.8000E+00, 1.0800E+01, 2.6667E-01,
17:10:23.99195929, 1.8400E+00, 1.0867E+01,-1.3333E-01,
17:10:23.99195934, 1.8400E+00, 1.0867E+01,-2.6667E-01,
17:10:23.99195939, 1.8133E+00, 1.0900E+01,-1.3333E-01,
17:10:23.99195944, 1.8400E+00, 1.0867E+01, 1.3333E-01,
17:10:23.99195949, 1.8133E+00, 1.0933E+01,-2.6667E-01,
17:10:23.99195954, 1.8400E+00, 1.0800E+01, 2.6667E-01,
17:10:23.99195959, 1.8000E+00, 1.0800E+01,-1.3333E-01,
17:10:23.99195964, 1.8133E+00, 1.0800E+01, 1.3333E-01,
17:10:23.99195969, 1.7867E+00, 1.0900E+01, 1.3333E-01,
17:10:23.99195974, 1.8267E+00, 1.0867E+01, 2.6667E-01,
17:10:23.99195979, 1.8133E+00, 1.0933E+01, 4.0000E-01,
17:10:23.99195984, 1.8267E+00, 1.0800E+01, 1.3333E-01,
17:10:23.99195989, 1.8267E+00, 1.0933E+01, 1.3333E-01,
17:10:23.99195994, 1.8267E+00, 1.0867E+01, 2.6667E-01,
17:10:23.99195999, 1.8267E+00, 1.0867E+01, 2.6667E-01,
17:10:23.99196004, 1.8133E+00, 1.0833E+01, 2.6667E-01,
17:10:23.99196009, 1.8267E+00, 1.0833E+01, 1.3333E-01,
17:10:23.99196014, 1.8267E+00, 1.0900E+01,-1.3333E-01,
17:10:23.99196019, 1.8267E+00, 1.0900E+01, 2.6667E-01,
17:10:23.99196024, 1.8400E+00, 1.0900E+01, 2.6667E-01,
17:10:23.99196029, 1.8000E+00, 1.0967E+01, 1.3333E-01,
17:10:23.99196034, 1.8133E+00, 1.0867E+01, 1.3333E-01,
17:10:23.99196039, 1.8400E+00, 1.0900E+01, 2.6667E-01,
17:10:23.99196044, 1.8267E+00, 1.0933E+01, 1.3333E-01,
17:10:23.99196049, 1.7867E+00, 1.0833E+01, 0.0000E+00,
17:10:23.99196054, 1.8133E+00, 1.0833E+01, 1.3333E-01,
17:10:23.99196059, 1.8133E+00, 1.0833E+01,-1.3333E-01,
17:10:23.99196064, 1.8133E+00, 1.0900E+01, 1.3333E-01,
17:10:23.99196069, 1.8400E+00, 1.0900E+01, 1.3333E-01,
17:10:23.99196074, 1.8133E+00, 1.0833E+01, 4.0000E-01,
17:10:23.99196079, 1.8000E+00, 1.0867E+01, 4.0000E-01,
17:10:23.99196084, 1.8400E+00, 1.0833E+01, 1.3333E-01,
17:10:23.99196089, 1.8400E+00, 1.0900E+01, 1.3333E-01,
17:10:23.99196094, 1.8267E+00, 1.0867E+01, 2.6667E-01,
17:10:23.99196099, 1.8133E+00, 1.0867E+01, 2.6667E-01,
17:10:23.99196104, 1.8000E+00, 1.0867E+01, 1.3333E-01,
17:10:23.99196109, 1.7867E+00, 1.0833E+01, 1.3333E-01,
17:10:23.99196114, 1.8133E+00, 1.0800E+01, 2.6667E-01,
17:10:23.99196119, 1.8133E+00, 1.0867E+01, 1.3333E-01,
17:10:23.99196124, 1.8267E+00, 1.0933E+01, 1.3333E-01,
17:10:23.99196129, 1.8267E+00, 1.0933E+01, 1.3333E-01,
17:10:23.99196134, 1.8533E+00, 1.0867E+01, 2.6667E-01,
17:10:23.99196139, 1.8133E+00, 1.0867E+01, 1.3333E-01,
17:10:23.99196144, 1.8400E+00, 1.0867E+01,-4.0000E-01,
17:10:23.99196149, 1.8133E+00, 1.0867E+01,-1.3333E-01,
17:10:23.99196154, 1.8000E+00, 1.0833E+01,-1.3333E-01,
17:10:23.99196159, 1.8000E+00, 1.0867E+01, 2.6667E-01,
17:10:23.99196164, 1.7733E+00, 1.0867E+01, 1.3333E-01,
17:10:23.99196169, 1.8000E+00, 1.0833E+01, 4.0000E-01,
17:10:23.99196174, 1.8133E+00, 1.0833E+01, 1.3333E-01,
17:10:23.99196179, 1.8400E+00, 1.0833E+01, 1.3333E-01,
17:10:23.99196184, 1.8267E+00, 1.0833E+01, 2.6667E-01,
17:10:23.99196189, 1.8267E+00, 1.0833E+01, 1.3333E-01,
17:10:23.99196194, 1.8133E+00, 1.0833E+01, 1.3333E-01,
17:10:23.99196199, 1.8267E+00, 1.0867E+01, 0.0000E+00,
17:10:23.99196204, 1.7733E+00, 1.0900E+01, 5.3333E-01,
17:10:23.99196209, 1.8267E+00, 1.0867E+01, 0.0000E+00,
17:10:23.99196214, 1.8400E+00, 1.0867E+01, 2.6667E-01,
17:10:23.99196219, 1.8133E+00, 1.0867E+01, 2.6667E-01,
17:10:23.99196224, 1.8400E+00, 1.0800E+01, 1.3333E-01,
17:10:23.99196229, 1.8400E+00, 1.0867E+01, 0.0000E+00,
17:10:23.99196234, 1.8400E+00, 1.0867E+01, 2.6667E-01,
17:10:23.99196239, 1.8000E+00, 1.0833E+01,-1.3333E-01,
17:10:23.99196244, 1.8000E+00, 1.0867E+01, 2.6667E-01,
17:10:23.99196249, 1.7733E+00, 1.0833E+01, 1.3333E-01,
17:10:23.99196254, 1.8267E+00, 1.0833E+01, 1.3333E-01,
17:10:23.99196259, 1.8000E+00, 1.0900E+01, 0.0000E+00,
17:10:23.99196264, 1.8000E+00, 1.0933E+01, 1.3333E-01,
17:10:23.99196269, 1.8400E+00, 1.0833E+01, 4.0000E-01,
17:10:23.99196274, 1.8133E+00, 1.0900E+01, 2.6667E-01,
17:10:23.99196279, 1.8000E+00, 1.0867E+01, 4.0000E-01,
17:10:23.99196284, 1.8267E+00, 1.0933E+01,-1.3333E-01,
17:10:23.99196289, 1.8267E+00, 1.0800E+01, 0.0000E+00,
17:10:23.99196294, 1.8133E+00, 1.0867E+01, 0.0000E+00,
17:10:23.99196299, 1.8000E+00, 1.0800E+01, 0.0000E+00,
17:10:23.99196304, 1.7733E+00, 1.0833E+01, 2.6667E-01,
17:10:23.99196309, 1.8000E+00, 1.0833E+01, 1.3333E-01,
17:10:23.99196314, 1.8400E+00, 1.0800E+01, 1.3333E-01,
17:10:23.99196319, 1.8267E+00, 1.0833E+01, 2.6667E-01,
17:10:23.99196324, 1.8000E+00, 1.0900E+01, 2.6667E-01,
17:10:23.99196329, 1.8133E+00, 1.0867E+01, 2.6667E-01,
17:10:23.99196334, 1.8267E+00, 1.0867E+01,-1.3333E-01,
17:10:23.99196339, 1.8133E+00, 1.0800E+01,-1.3333E-01,
17:10:23.99196344, 1.7867E+00, 1.0900E+01,-1.3333E-01,
17:10:23.99196349, 1.8267E+00, 1.0833E+01, 1.3333E-01,
17:10:23.99196354, 1.8133E+00, 1.0800E+01, 4.0000E-01,
17:10:23.99196359, 1.8400E+00, 1.0867E+01, 5.3333E-01,
17:10:23.99196364, 1.8133E+00, 1.0833E+01, 4.0000E-01,
17:10:23.99196369, 1.8000E+00, 1.0900E+01, 2.6667E-01,
17:10:23.99196374, 1.8400E+00, 1.0867E+01, 0.0000E+00,
17:10:23.99196379, 1.8000E+00, 1.0833E+01,-1.3333E-01,
17:10:23.99196384, 1.8133E+00, 1.0800E+01, 1.3333E-01,
17:10:23.99196389, 1.7867E+00, 1.0800E+01,-1.3333E-01,
17:10:23.99196394, 1.8267E+00, 1.0867E+01, 5.3333E-01,
17:10:23.99196399, 1.8400E+00, 1.0800E+01, 0.0000E+00,
17:10:23.99196404, 1.8267E+00, 1.0867E+01, 0.0000E+00,
17:10:23.99196409, 1.8133E+00, 1.0833E+01, 1.3333E-01,
17:10:23.99196414, 1.8400E+00, 1.0867E+01, 1.3333E-01,
17:10:23.99196419, 1.8267E+00, 1.0800E+01,-1.3333E-01,
17:10:23.99196424, 1.8133E+00, 1.0867E+01, 4.0000E-01,
17:10:23.99196429, 1.8400E+00, 1.0933E+01,-2.6667E-01,
17:10:23.99196434, 1.8267E+00, 1.0800E+01, 2.6667E-01,
17:10:23.99196439, 1.7600E+00, 1.0833E+01, 1.3333E-01,
17:10:23.99196444, 1.8000E+00, 1.0933E+01, 0.0000E+00,
17:10:23.99196449, 1.8133E+00, 1.0833E+01, 4.0000E-01,
17:10:23.99196454, 1.8133E+00, 1.0933E+01, 2.6667E-01,
17:10:23.99196459, 1.8133E+00, 1.0833E+01, 4.0000E-01,
17:10:23.99196464, 1.8400E+00, 1.0800E+01, 0.0000E+00,
17:10:23.99196469, 1.8400E+00, 1.0867E+01, 0.0000E+00,
17:10:23.99196474, 1.8400E+00, 1.0867E+01, 0.0000E+00,
17:10:23.99196479, 1.8267E+00, 1.0800E+01, 2.6667E-01,
17:10:23.99196484, 1.8267E+00, 1.0900E+01,-1.3333E-01,
17:10:23.99196489, 1.8267E+00, 1.0900E+01, 0.0000E+00,
17:10:23.99196494, 1.7600E+00, 1.0833E+01, 0.0000E+00,
17:10:23.99196499, 1.8267E+00, 1.0933E+01, 0.0000E+00,
17:10:23.99196504, 1.8267E+00, 1.0900E+01, 1.3333E-01,
17:10:23.99196509, 1.8000E+00, 1.0900E+01, 1.3333E-01,
17:10:23.99196514, 1.8267E+00, 1.0867E+01, 2.6667E-01,
17:10:23.99196519, 1.8267E+00, 1.0900E+01, 0.0000E+00,
17:10:23.99196524, 1.8267E+00, 1.0867E+01, 0.0000E+00,
17:10:23.99196529, 1.8267E+00, 1.0900E+01,-1.3333E-01,
17:10:23.99196534, 1.8267E+00, 1.0900E+01, 2.6667E-01,
17:10:23.99196539, 1.7600E+00, 1.0900E+01,-2.6667E-01,
17:10:23.99196544, 1.8267E+00, 1.0867E+01, 2.6667E-01,
17:10:23.99196549, 1.8267E+00, 1.0900E+01, 5.3333E-01,
17:10:23.99196554, 1.8400E+00, 1.0833E+01, 2.6667E-01,
17:10:23.99196559, 1.8400E+00, 1.0900E+01,-1.3333E-01,
17:10:23.99196564, 1.8000E+00, 1.0900E+01, 0.0000E+00,
17:10:23.99196569, 1.8400E+00, 1.0867E+01, 1.3333E-01,
17:10:23.99196574, 1.8400E+00, 1.0833E+01, 2.6667E-01,
17:10:23.99196579, 1.8267E+00, 1.0833E+01,-1.3333E-01,
17:10:23.99196584, 1.8267E+00, 1.0867E+01, 1.3333E-01,
17:10:23.99196589, 1.7867E+00, 1.0833E+01, 0.0000E+00,
17:10:23.99196594, 1.8133E+00, 1.0867E+01,-1.3333E-01,
17:10:23.99196599, 1.7867E+00, 1.0867E+01, 2.6667E-01,
17:10:23.99196604, 1.8133E+00, 1.0900E+01, 2.6667E-01,
17:10:23.99196609, 1.8400E+00, 1.0833E+01, 2.6667E-01,
17:10:23.99196614, 1.8400E+00, 1.0867E+01, 1.3333E-01,
17:10:23.99196619, 1.8267E+00, 1.0800E+01, 2.6667E-01,
17:10:23.99196624, 1.8133E+00, 1.0833E+01, 0.0000E+00,
17:10:23.99196629, 1.8267E+00, 1.0867E+01, 0.0000E+00,
17:10:23.99196634, 1.8400E+00, 1.0833E+01, 2.6667E-01,
17:10:23.99196639, 1.8133E+00, 1.0800E+01, 1.3333E-01,
17:10:23.99196644, 1.8267E+00, 1.0933E+01, 1.3333E-01,
17:10:23.99196649, 1.8400E+00, 1.0833E+01, 5.3333E-01,
17:10:23.99196654, 1.8267E+00, 1.0900E+01,-4.0000E-01,
17:10:23.99196659, 1.8400E+00, 1.0833E+01, 1.3333E-01,
17:10:23.99196664, 1.8400E+00, 1.0867E+01, 2.6667E-01,
17:10:23.99196669, 1.8267E+00, 1.0800E+01, 0.0000E+00,
17:10:23.99196674, 1.8267E+00, 1.0867E+01, 1.3333E-01,
17:10:23.99196679, 1.8400E+00, 1.0867E+01, 1.3333E-01,
17:10:23.99196684, 1.7867E+00, 1.0833E+01, 0.0000E+00,
17:10:23.99196689, 1.7867E+00, 1.0867E+01, 1.3333E-01,
17:10:23.99196694, 1.7867E+00, 1.0867E+01, 2.6667E-01,
17:10:23.99196699, 1.8267E+00, 1.0833E+01, 1.3333E-01,
17:10:23.99196704, 1.7867E+00, 1.0867E+01, 2.6667E-01,
17:10:23.99196709, 1.8400E+00, 1.0867E+01,-1.3333E-01,
17:10:23.99196714, 1.8133E+00, 1.0900E+01, 0.0000E+00,
17:10:23.99196719, 1.8267E+00, 1.0867E+01, 0.0000E+00,
17:10:23.99196724, 1.8267E+00, 1.0867E+01, 1.3333E-01,
17:10:23.99196729, 1.8133E+00, 1.0867E+01, 0.0000E+00,
17:10:23.99196734, 1.8000E+00, 1.0833E+01, 1.3333E-01,
17:10:23.99196739, 1.8000E+00, 1.0833E+01, 2.6667E-01,
17:10:23.99196744, 1.8400E+00, 1.0867E+01, 0.0000E+00,
17:10:23.99196749, 1.8400E+00, 1.0900E+01, 0.0000E+00,
17:10:23.99196754, 1.8400E+00, 1.0867E+01, 2.6667E-01,
17:10:23.99196759, 1.8133E+00, 1.0833E+01,-1.3333E-01,
17:10:23.99196764, 1.8400E+00, 1.0800E+01, 0.0000E+00,
17:10:23.99196769, 1.8000E+00, 1.0867E+01,-1.3333E-01,
17:10:23.99196774, 1.8400E+00, 1.0867E+01, 0.0000E+00,
17:10:23.99196779, 1.7867E+00, 1.0767E+01,-1.3333E-01,
17:10:23.99196784, 1.8267E+00, 1.0800E+01, 0.0000E+00,
17:10:23.99196789, 1.8267E+00, 1.0933E+01, 4.0000E-01,
17:10:23.99196794, 1.8133E+00, 1.0767E+01, 2.6667E-01,
17:10:23.99196799, 1.8400E+00, 1.0900E+01, 1.3333E-01,
17:10:23.99196804, 1.8000E+00, 1.0833E+01, 4.0000E-01,
17:10:23.99196809, 1.8400E+00, 1.0867E+01, 1.3333E-01,
17:10:23.99196814, 1.8267E+00, 1.0900E+01, 0.0000E+00,
17:10:23.99196819, 1.8133E+00, 1.0800E+01, 0.0000E+00,
17:10:23.99196824, 1.7733E+00, 1.0867E+01,-2.6667E-01,
17:10:23.99196829, 1.8133E+00, 1.0900E+01, 2.6667E-01,
17:10:23.99196834, 1.8133E+00, 1.0800E+01, 0.0000E+00,
17:10:23.99196839, 1.8133E+00, 1.0833E+01, 1.3333E-01,
17:10:23.99196844, 1.8000E+00, 1.0867E+01, 5.3333E-01,
17:10:23.99196849, 1.8400E+00, 1.0800E+01, 0.0000E+00,
17:10:23.99196854, 1.8400E+00, 1.0800E+01, 1.3333E-01,
17:10:23.99196859, 1.8267E+00, 1.0867E+01, 2.6667E-01,
17:10:23.99196864, 1.8133E+00, 1.0867E+01, 2.6667E-01,
17:10:23.99196869, 1.8133E+00, 1.0900E+01, 0.0000E+00,
17:10:23.99196874, 1.8133E+00, 1.0867E+01, 1.3333E-01,
17:10:23.99196879, 1.8000E+00, 1.0900E+01, 0.0000E+00,
17:10:23.99196884, 1.8267E+00, 1.0833E+01, 0.0000E+00,
17:10:23.99196889, 1.8267E+00, 1.0800E+01, 2.6667E-01,
17:10:23.99196894, 1.8133E+00, 1.0933E+01, 5.3333E-01,
17:10:23.99196899, 1.7733E+00, 1.0833E+01, 0.0000E+00,
17:10:23.99196904, 1.8267E+00, 1.0833E+01, 0.0000E+00,
17:10:23.99196909, 1.8133E+00, 1.0833E+01, 0.0000E+00,
17:10:23.99196914, 1.8267E+00, 1.0867E+01, 2.6667E-01,
17:10:23.99196919, 1.8133E+00, 1.0867E+01,-1.3333E-01,
17:10:23.99196924, 1.8267E+00, 1.0833E+01, 0.0000E+00,
17:10:23.99196929, 1.7867E+00, 1.0800E+01, 0.0000E+00,
17:10:23.99196934, 1.8133E+00, 1.0900E+01, 1.3333E-01,
17:10:23.99196939, 1.8400E+00, 1.0900E+01, 0.0000E+00,
17:10:23.99196944, 1.8133E+00, 1.0800E+01,-1.3333E-01,
17:10:23.99196949, 1.8400E+00, 1.0800E+01, 1.3333E-01,
17:10:23.99196954, 1.8000E+00, 1.0867E+01, 0.0000E+00,
17:10:23.99196959, 1.8133E+00, 1.0867E+01,-2.6667E-01,
17:10:23.99196964, 1.8133E+00, 1.0867E+01, 0.0000E+00,
17:10:23.99196969, 1.8267E+00, 1.0800E+01, 0.0000E+00,
17:10:23.99196974, 1.8000E+00, 1.0800E+01, 1.3333E-01,
17:10:23.99196979, 1.8133E+00, 1.0867E+01,-1.3333E-01,
17:10:23.99196984, 1.8000E+00, 1.0867E+01, 4.0000E-01,
17:10:23.99196989, 1.8000E+00, 1.0833E+01, 2.6667E-01,
17:10:23.99196994, 1.8133E+00, 1.0867E+01, 0.0000E+00,
17:10:23.99196999, 1.8000E+00, 1.0867E+01, 2.6667E-01,
17:10:23.99197004, 1.8133E+00, 1.0800E+01, 1.3333E-01,
17:10:23.99197009, 1.8267E+00, 1.0933E+01, 1.3333E-01,
17:10:23.99197014, 1.8267E+00, 1.0867E+01, 1.3333E-01,
17:10:23.99197019, 1.8000E+00, 1.0900E+01,-1.3333E-01,
17:10:23.99197024, 1.8000E+00, 1.0800E+01,-1.3333E-01,
17:10:23.99197029, 1.8133E+00, 1.0867E+01,-1.3333E-01,
17:10:23.99197034, 1.8133E+00, 1.0867E+01, 1.3333E-01,
17:10:23.99197039, 1.8267E+00, 1.0800E+01, 1.3333E-01,
17:10:23.99197044, 1.8667E+00, 1.0833E+01, 2.6667E-01,
17:10:23.99197049, 1.8400E+00, 1.0900E+01, 4.0000E-01,
17:10:23.99197054, 1.8267E+00, 1.0867E+01, 1.3333E-01,
17:10:23.99197059, 1.7867E+00, 1.0800E+01, 4.0000E-01,
17:10:23.99197064, 1.0667E+00, 1.0933E+01,-2.6667E-01,
17:10:23.99197069, 6.5333E-01, 1.0867E+01, 0.0000E+00,
17:10:23.99197074, 6.1333E-01, 1.0900E+01, 4.0000E-01,
17:10:23.99197079, 6.1333E-01, 1.0900E+01, 1.3333E-01,
17:10:23.99197084, 5.7333E-01, 1.0833E+01, 4.0000E-01,
17:10:23.99197089, 5.7333E-01, 1.0833E+01,-1.3333E-01,
17:10:23.99197094, 6.0000E-01, 1.0867E+01, 1.3333E-01,
17:10:23.99197099, 5.4667E-01, 1.0900E+01, 2.6667E-01,
17:10:23.99197104, 5.6000E-01, 1.0900E+01,-1.3333E-01,
17:10:23.99197109, 5.6000E-01, 1.0900E+01, 0.0000E+00,
17:10:23.99197114, 5.6000E-01, 1.0833E+01, 1.3333E-01,
17:10:23.99197119, 5.8667E-01, 1.0900E+01,-2.6667E-01,
17:10:23.99197124, 5.2000E-01, 1.0933E+01, 1.3333E-01,
17:10:23.99197129, 5.6000E-01, 1.0867E+01, 1.3333E-01,
17:10:23.99197134, 5.6000E-01, 1.0867E+01, 2.6667E-01,
17:10:23.99197139, 5.2000E-01, 1.0867E+01, 1.3333E-01,
17:10:23.99197144, 5.4667E-01, 1.0833E+01, 0.0000E+00,
17:10:23.99197149, 5.6000E-01, 1.0900E+01,-2.6667E-01,
17:10:23.99197154, 5.2000E-01, 1.0833E+01,-1.3333E-01,
17:10:23.99197159, 5.2000E-01, 1.0867E+01, 1.3333E-01,
17:10:23.99197164, 5.2000E-01, 1.0900E+01, 0.0000E+00,
17:10:23.99197169, 5.2000E-01, 1.0867E+01, 0.0000E+00,
17:10:23.99197174, 5.4667E-01, 1.0833E+01, 0.0000E+00,
17:10:23.99197179, 5.2000E-01, 1.0867E+01, 1.3333E-01,
17:10:23.99197184, 5.3333E-01, 1.0867E+01, 1.3333E-01,
17:10:23.99197189, 5.2000E-01, 1.0767E+01, 0.0000E+00,
17:10:23.99197194, 5.6000E-01, 1.0867E+01, 1.3333E-01,
17:10:23.99197199, 5.0667E-01, 1.0900E+01, 0.0000E+00,
17:10:23.99197204, 5.0667E-01, 1.0867E+01, 1.3333E-01,
17:10:23.99197209, 5.2000E-01, 1.0900E+01,-1.3333E-01,
17:10:23.99197214, 5.2000E-01, 1.0900E+01,-4.0000E-01,
17:10:23.99197219, 5.2000E-01, 1.0800E+01, 0.0000E+00,
17:10:23.99197224, 5.2000E-01, 1.0800E+01, 1.3333E-01,
17:10:23.99197229, 5.2000E-01, 1.0900E+01, 2.6667E-01,
17:10:23.99197234, 5.0667E-01, 1.0833E+01, 6.6667E-01,
17:10:23.99197239, 5.2000E-01, 1.0867E+01, 4.0000E-01,
17:10:23.99197244, 5.2000E-01, 1.0833E+01, 1.3333E-01,
17:10:23.99197249, 5.3333E-01, 1.0867E+01, 1.3333E-01,
17:10:23.99197254, 4.8000E-01, 1.0833E+01, 1.3333E-01,
17:10:23.99197259, 5.0667E-01, 1.0900E+01, 1.3333E-01,
17:10:23.99197264, 5.0667E-01, 1.0867E+01, 0.0000E+00,
17:10:23.99197269, 5.0667E-01, 1.0900E+01, 1.3333E-01,
17:10:23.99197274, 5.2000E-01, 1.0867E+01, 1.3333E-01,
17:10:23.99197279, 4.9333E-01, 1.0833E+01, 4.0000E-01,
17:10:23.99197284, 5.0667E-01, 1.0867E+01, 0.0000E+00,
17:10:23.99197289, 5.2000E-01, 1.0833E+01, 1.3333E-01,
17:10:23.99197294, 4.9333E-01, 1.0933E+01, 4.0000E-01,
17:10:23.99197299, 4.9333E-01, 1.0867E+01,-1.3333E-01,
17:10:23.99197304, 5.0667E-01, 1.0867E+01, 1.3333E-01,
17:10:23.99197309, 4.8000E-01, 1.0900E+01, 4.0000E-01,
17:10:23.99197314, 5.2000E-01, 1.0833E+01, 1.3333E-01,
17:10:23.99197319, 5.0667E-01, 1.0833E+01,-1.3333E-01,
17:10:23.99197324, 5.2000E-01, 1.0800E+01, 1.3333E-01,
17:10:23.99197329, 4.9333E-01, 1.0933E+01, 1.3333E-01,
17:10:23.99197334, 5.0667E-01, 1.0933E+01, 2.6667E-01,
17:10:23.99197339, 5.2000E-01, 1.0833E+01, 1.3333E-01,
17:10:23.99197344, 5.0667E-01, 1.0933E+01,-1.3333E-01,
17:10:23.99197349, 5.0667E-01, 1.0867E+01, 0.0000E+00,
17:10:23.99197354, 4.9333E-01, 1.0833E+01, 1.3333E-01,
17:10:23.99197359, 4.5333E-01, 1.0867E+01, 0.0000E+00,
17:10:23.99197364, 4.6667E-01, 1.0833E+01, 1.3333E-01,
17:10:23.99197369, 4.9333E-01, 1.0800E+01, 1.3333E-01,
17:10:23.99197374, 5.0667E-01, 1.0867E+01, 1.3333E-01,
17:10:23.99197379, 5.2000E-01, 1.0867E+01, 0.0000E+00,
17:10:23.99197384, 4.9333E-01, 1.0800E+01, 2.6667E-01,
17:10:23.99197389, 4.9333E-01, 1.0867E+01, 4.0000E-01,
17:10:23.99197394, 4.8000E-01, 1.0867E+01, 2.6667E-01,
17:10:23.99197399, 4.6667E-01, 1.0867E+01,-1.3333E-01,
17:10:23.99197404, 4.9333E-01, 1.0900E+01, 0.0000E+00,
17:10:23.99197409, 4.8000E-01, 1.0833E+01,-1.3333E-01,
17:10:23.99197414, 4.8000E-01, 1.0867E+01, 0.0000E+00,
17:10:23.99197419, 4.9333E-01, 1.0900E+01, 1.3333E-01,
17:10:23.99197424, 4.9333E-01, 1.0867E+01, 4.0000E-01,
17:10:23.99197429, 5.0667E-01, 1.0867E+01,-1.3333E-01,
17:10:23.99197434, 4.6667E-01, 1.0867E+01, 4.0000E-01,
17:10:23.99197439, 4.6667E-01, 1.0867E+01,-1.3333E-01,
17:10:23.99197444, 4.6667E-01, 1.0833E+01, 1.3333E-01,
17:10:23.99197449, 4.4000E-01, 1.0833E+01, 0.0000E+00,
17:10:23.99197454, 4.5333E-01, 1.0800E+01, 1.3333E-01,
17:10:23.99197459, 4.5333E-01, 1.0833E+01, 2.6667E-01,
17:10:23.99197464, 4.5333E-01, 1.0833E+01, 1.3333E-01,
17:10:23.99197469, 4.9333E-01, 1.0833E+01, 2.6667E-01,
17:10:23.99197474, 4.5333E-01, 1.0833E+01, 2.6667E-01,
17:10:23.99197479, 4.6667E-01, 1.0900E+01, 1.3333E-01,
17:10:23.99197484, 4.9333E-01, 1.0867E+01, 5.3333E-01,
17:10:23.99197489, 4.5333E-01, 1.0933E+01, 4.0000E-01,
17:10:23.99197494, 4.8000E-01, 1.0867E+01, 0.0000E+00,
17:10:23.99197499, 4.4000E-01, 1.0867E+01, 0.0000E+00,
17:10:23.99197504, 4.5333E-01, 1.0833E+01, 0.0000E+00,
17:10:23.99197509, 4.5333E-01, 1.0933E+01, 0.0000E+00,
17:10:23.99197514, 4.6667E-01, 1.0933E+01,-1.3333E-01,
17:10:23.99197519, 4.5333E-01, 1.0833E+01, 1.3333E-01,
17:10:23.99197524, 4.8000E-01, 1.0900E+01, 2.6667E-01,
17:10:23.99197529, 4.4000E-01, 1.0900E+01, 0.0000E+00,
17:10:23.99197534, 4.4000E-01, 1.0867E+01, 2.6667E-01,
17:10:23.99197539, 4.2667E-01, 1.0867E+01, 0.0000E+00,
17:10:23.99197544, 4.2667E-01, 1.0867E+01, 1.3333E-01,
17:10:23.99197549, 4.6667E-01, 1.0867E+01, 0.0000E+00,
17:10:23.99197554, 4.5333E-01, 1.0900E+01, 1.3333E-01,
17:10:23.99197559, 4.2667E-01, 1.0867E+01, 1.3333E-01,
17:10:23.99197564, 4.6667E-01, 1.0933E+01,-2.6667E-01,
17:10:23.99197569, 4.5333E-01, 1.0867E+01, 0.0000E+00,
17:10:23.99197574, 4.4000E-01, 1.0867E+01, 2.6667E-01,
17:10:23.99197579, 4.5333E-01, 1.0900E+01, 0.0000E+00,
17:10:23.99197584, 4.4000E-01, 1.0833E+01, 1.3333E-01,
17:10:23.99197589, 4.1333E-01, 1.0800E+01, 1.3333E-01,
17:10:23.99197594, 4.5333E-01, 1.0900E+01, 2.6667E-01,
17:10:23.99197599, 4.2667E-01, 1.0867E+01, 1.3333E-01,
17:10:23.99197604, 4.2667E-01, 1.0833E+01, 4.0000E-01,
17:10:23.99197609, 4.2667E-01, 1.0867E+01, 4.0000E-01,
17:10:23.99197614, 4.4000E-01, 1.0867E+01,-2.6667E-01,
17:10:23.99197619, 4.5333E-01, 1.0800E+01, 0.0000E+00,
17:10:23.99197624, 4.4000E-01, 1.0833E+01, 1.3333E-01,
17:10:23.99197629, 4.5333E-01, 1.0867E+01, 1.3333E-01,
17:10:23.99197634, 4.4000E-01, 1.0800E+01, 5.3333E-01,
17:10:23.99197639, 4.4000E-01, 1.0867E+01, 2.6667E-01,
17:10:23.99197644, 4.2667E-01, 1.0800E+01, 1.3333E-01,
17:10:23.99197649, 4.1333E-01, 1.0833E+01, 1.3333E-01,
17:10:23.99197654, 4.4000E-01, 1.0833E+01, 2.6667E-01,
17:10:23.99197659, 4.5333E-01, 1.0867E+01, 2.6667E-01,
17:10:23.99197664, 4.1333E-01, 1.0867E+01, 1.3333E-01,
17:10:23.99197669, 4.4000E-01, 1.0867E+01, 1.3333E-01,
17:10:23.99197674, 4.1333E-01, 1.0833E+01, 4.0000E-01,
17:10:23.99197679, 4.5333E-01, 1.0867E+01, 2.6667E-01,
17:10:23.99197684, 4.1333E-01, 1.0800E+01, 4.0000E-01,
17:10:23.99197689, 4.2667E-01, 1.0867E+01, 1.3333E-01,
17:10:23.99197694, 4.6667E-01, 1.0867E+01, 1.3333E-01,
17:10:23.99197699, 4.4000E-01, 1.0900E+01, 2.6667E-01,
17:10:23.99197704, 4.0000E-01, 1.0867E+01, 1.3333E-01,
17:10:23.99197709, 4.1333E-01, 1.0900E+01,-2.6667E-01,
17:10:23.99197714, 4.2667E-01, 1.0833E+01, 0.0000E+00,
17:10:23.99197719, 4.4000E-01, 1.0867E+01, 0.0000E+00,
17:10:23.99197724, 4.5333E-01, 1.0867E+01, 0.0000E+00,
17:10:23.99197729, 4.1333E-01, 1.0867E+01, 1.3333E-01,
17:10:23.99197734, 4.1333E-01, 1.0833E+01, 0.0000E+00,
17:10:23.99197739, 4.1333E-01, 1.0933E+01,-1.3333E-01,
17:10:23.99197744, 3.8667E-01, 1.0800E+01, 2.6667E-01,
17:10:23.99197749, 4.0000E-01, 1.0833E+01,-4.0000E-01,
17:10:23.99197754, 4.2667E-01, 1.0900E+01, 2.6667E-01,
17:10:23.99197759, 4.1333E-01, 1.0900E+01,-2.6667E-01,
17:10:23.99197764, 4.0000E-01, 1.0867E+01,-1.3333E-01,
17:10:23.99197769, 4.0000E-01, 1.0833E+01, 2.6667E-01,
17:10:23.99197774, 3.8667E-01, 1.0867E+01, 5.3333E-01,
17:10:23.99197779, 4.1333E-01, 1.0900E+01,-1.3333E-01,
17:10:23.99197784, 4.0000E-01, 1.0833E+01, 0.0000E+00,
17:10:23.99197789, 3.8667E-01, 1.0900E+01, 4.0000E-01,
17:10:23.99197794, 4.2667E-01, 1.0833E+01,-2.6667E-01,
17:10:23.99197799, 4.0000E-01, 1.0867E+01, 0.0000E+00,
17:10:23.99197804, 4.0000E-01, 1.0900E+01, 1.3333E-01,
17:10:23.99197809, 4.1333E-01, 1.0833E+01, 2.6667E-01,
17:10:23.99197814, 4.0000E-01, 1.0800E+01, 1.3333E-01,
17:10:23.99197819, 4.2667E-01, 1.0867E+01, 5.3333E-01,
17:10:23.99197824, 4.2667E-01, 1.0833E+01,-1.3333E-01,
17:10:23.99197829, 3.7333E-01, 1.0867E+01, 0.0000E+00,
17:10:23.99197834, 4.1333E-01, 1.0833E+01, 2.6667E-01,
17:10:23.99197839, 4.1333E-01, 1.0867E+01, 1.3333E-01,
17:10:23.99197844, 4.1333E-01, 1.0900E+01,-1.3333E-01,
17:10:23.99197849, 4.0000E-01, 1.0867E+01, 2.6667E-01,
17:10:23.99197854, 3.8667E-01, 1.0933E+01, 5.3333E-01,
17:10:23.99197859, 4.0000E-01, 1.0867E+01, 2.6667E-01,
17:10:23.99197864, 4.2667E-01, 1.0833E+01, 2.6667E-01,
17:10:23.99197869, 4.1333E-01, 1.0800E+01, 2.6667E-01,
17:10:23.99197874, 3.7333E-01, 1.0900E+01, 1.3333E-01,
17:10:23.99197879, 3.6000E-01, 1.0900E+01, 0.0000E+00,
17:10:23.99197884, 3.7333E-01, 1.0800E+01, 1.3333E-01,
17:10:23.99197889, 4.1333E-01, 1.0800E+01,-2.6667E-01,
17:10:23.99197894, 3.7333E-01, 1.0800E+01, 2.6667E-01,
17:10:23.99197899, 3.8667E-01, 1.0800E+01, 0.0000E+00,
17:10:23.99197904, 4.0000E-01, 1.0900E+01, 1.3333E-01,
17:10:23.99197909, 3.7333E-01, 1.0900E+01, 1.3333E-01,
17:10:23.99197914, 3.8667E-01, 1.0867E+01, 0.0000E+00,
17:10:23.99197919, 4.0000E-01, 1.0800E+01, 2.6667E-01,
17:10:23.99197924, 3.7333E-01, 1.0900E+01, 1.3333E-01,
17:10:23.99197929, 3.6000E-01, 1.0900E+01, 1.3333E-01,
17:10:23.99197934, 3.7333E-01, 1.0867E+01, 2.6667E-01,
17:10:23.99197939, 4.1333E-01, 1.0833E+01, 1.3333E-01,
17:10:23.99197944, 3.8667E-01, 1.0867E+01,-1.3333E-01,
17:10:23.99197949, 3.7333E-01, 1.0800E+01, 0.0000E+00,
17:10:23.99197954, 3.6000E-01, 1.0867E+01,-1.3333E-01,
17:10:23.99197959, 3.8667E-01, 1.0933E+01,-1.3333E-01,
17:10:23.99197964, 3.8667E-01, 1.0900E+01, 4.0000E-01,
17:10:23.99197969, 3.6000E-01, 1.0867E+01, 1.3333E-01,
17:10:23.99197974, 3.6000E-01, 1.0833E+01, 1.3333E-01,
17:10:23.99197979, 3.4667E-01, 1.0900E+01, 1.3333E-01,
17:10:23.99197984, 3.7333E-01, 1.0800E+01, 1.3333E-01,
17:10:23.99197989, 4.0000E-01, 1.0800E+01, 0.0000E+00,
17:10:23.99197994, 3.7333E-01, 1.0833E+01, 2.6667E-01,
17:10:23.99197999, 3.7333E-01, 1.0867E+01, 1.3333E-01,
17:10:23.99198004, 3.6000E-01, 1.0933E+01, 4.0000E-01,
17:10:23.99198009, 3.7333E-01, 1.0867E+01, 0.0000E+00,
17:10:23.99198014, 3.7333E-01, 1.0900E+01, 4.0000E-01,
17:10:23.99198019, 3.7333E-01, 1.0867E+01, 0.0000E+00,
17:10:23.99198024, 3.3333E-01, 1.0800E+01,-1.3333E-01,
17:10:23.99198029, 3.4667E-01, 1.0867E+01, 2.6667E-01,
17:10:23.99198034, 3.6000E-01, 1.0867E+01, 4.0000E-01,
17:10:23.99198039, 3.7333E-01, 1.0867E+01,-1.3333E-01,
17:10:23.99198044, 3.6000E-01, 1.0900E+01,-2.6667E-01,
17:10:23.99198049, 3.8667E-01, 1.0933E+01, 0.0000E+00,
17:10:23.99198054, 3.7333E-01, 1.0933E+01, 4.0000E-01,
17:10:23.99198059, 3.7333E-01, 1.0867E+01, 2.6667E-01,
17:10:23.99198064, 3.6000E-01, 1.0867E+01, 0.0000E+00,
17:10:23.99198069, 3.7333E-01, 1.0833E+01, 2.6667E-01,
17:10:23.99198074, 3.6000E-01, 1.0867E+01, 4.0000E-01,
17:10:23.99198079, 3.4667E-01, 1.0833E+01, 0.0000E+00,
17:10:23.99198084, 3.7333E-01, 1.0867E+01,-4.0000E-01,
17:10:23.99198089, 3.7333E-01, 1.0900E+01, 0.0000E+00,
17:10:23.99198094, 3.7333E-01, 1.0900E+01,-1.3333E-01,
17:10:23.99198099, 3.8667E-01, 1.0833E+01, 0.0000E+00,
17:10:23.99198104, 3.7333E-01, 1.0900E+01, 4.0000E-01,
17:10:23.99198109, 3.3333E-01, 1.0933E+01, 1.3333E-01,
17:10:23.99198114, 3.2000E-01, 1.0867E+01, 1.3333E-01,
17:10:23.99198119, 3.7333E-01, 1.0800E+01, 2.6667E-01,
17:10:23.99198124, 3.3333E-01, 1.0800E+01, 2.6667E-01,
17:10:23.99198129, 3.3333E-01, 1.0867E+01,-1.3333E-01,
17:10:23.99198134, 3.6000E-01, 1.0833E+01, 1.3333E-01,
17:10:23.99198139, 3.7333E-01, 1.0800E+01, 0.0000E+00,
17:10:23.99198144, 3.4667E-01, 1.0867E+01,-1.3333E-01,
17:10:23.99198149, 3.8667E-01, 1.0833E+01, 0.0000E+00,
17:10:23.99198154, 3.8667E-01, 1.0833E+01,-1.3333E-01,
17:10:23.99198159, 3.4667E-01, 1.0867E+01, 0.0000E+00,
17:10:23.99198164, 3.6000E-01, 1.0867E+01, 2.6667E-01,
17:10:23.99198169, 3.6000E-01, 1.0933E+01, 0.0000E+00,
17:10:23.99198174, 3.3333E-01, 1.0800E+01, 1.3333E-01,
17:10:23.99198179, 3.7333E-01, 1.0833E+01, 2.6667E-01,
17:10:23.99198184, 3.4667E-01, 1.0867E+01, 0.0000E+00,
17:10:23.99198189, 3.4667E-01, 1.0900E+01, 1.3333E-01,
17:10:23.99198194, 3.4667E-01, 1.0800E+01, 4.0000E-01,
17:10:23.99198199, 3.3333E-01, 1.0833E+01,-1.3333E-01,
17:10:23.99198204, 3.6000E-01, 1.0833E+01, 2.6667E-01,
17:10:23.99198209, 3.6000E-01, 1.0833E+01, 1.3333E-01,
17:10:23.99198214, 3.2000E-01, 1.0800E+01, 0.0000E+00,
17:10:23.99198219, 3.3333E-01, 1.0867E+01, 2.6667E-01,
17:10:23.99198224, 3.6000E-01, 1.0800E+01, 1.3333E-01,
17:10:23.99198229, 3.3333E-01, 1.0867E+01,-2.6667E-01,
17:10:23.99198234, 3.4667E-01, 1.0900E+01, 0.0000E+00,
17:10:23.99198239, 3.6000E-01, 1.0833E+01, 0.0000E+00,
17:10:23.99198244, 3.7333E-01, 1.0967E+01, 0.0000E+00,
17:10:23.99198249, 3.3333E-01, 1.0867E+01, 4.0000E-01,
17:10:23.99198254, 3.6000E-01, 1.0867E+01, 2.6667E-01,
17:10:23.99198259, 3.0667E-01, 1.0833E+01, 0.0000E+00,
17:10:23.99198264, 3.2000E-01, 1.0900E+01, 0.0000E+00,
17:10:23.99198269, 3.2000E-01, 1.0833E+01, 2.6667E-01,
17:10:23.99198274, 3.3333E-01, 1.0767E+01, 0.0000E+00,
17:10:23.99198279, 3.3333E-01, 1.0900E+01, 1.3333E-01,
17:10:23.99198284, 3.4667E-01, 1.0867E+01, 0.0000E+00,
17:10:23.99198289, 3.2000E-01, 1.0900E+01, 2.6667E-01,
17:10:23.99198294, 3.4667E-01, 1.0867E+01, 1.3333E-01,
17:10:23.99198299, 3.2000E-01, 1.0833E+01,-1.3333E-01,
17:10:23.99198304, 3.2000E-01, 1.0833E+01, 2.6667E-01,
17:10:23.99198309, 3.3333E-01, 1.0867E+01, 2.6667E-01,
17:10:23.99198314, 3.2000E-01, 1.0900E+01,-1.3333E-01,
17:10:23.99198319, 3.6000E-01, 1.0867E+01, 1.3333E-01,
17:10:23.99198324, 3.3333E-01, 1.0967E+01,-2.6667E-01,
17:10:23.99198329, 3.0667E-01, 1.0833E+01,-2.6667E-01,
17:10:23.99198334, 3.3333E-01, 1.0800E+01, 1.3333E-01,
17:10:23.99198339, 3.4667E-01, 1.0900E+01,-1.3333E-01,
17:10:23.99198344, 3.3333E-01, 1.0867E+01, 0.0000E+00,
17:10:23.99198349, 3.6000E-01, 1.0833E+01, 2.6667E-01,
17:10:23.99198354, 2.6667E-01, 1.0900E+01, 0.0000E+00,
17:10:23.99198359, 3.2000E-01, 1.0933E+01, 2.6667E-01,
17:10:23.99198364, 3.4667E-01, 1.0833E+01, 0.0000E+00,
17:10:23.99198369, 3.0667E-01, 1.0867E+01, 2.6667E-01,
17:10:23.99198374, 3.4667E-01, 1.0867E+01,-2.6667E-01,
17:10:23.99198379, 3.0667E-01, 1.0933E+01, 1.3333E-01,
17:10:23.99198384, 2.9333E-01, 1.0933E+01, 0.0000E+00,
17:10:23.99198389, 3.0667E-01, 1.0833E+01, 1.3333E-01,
17:10:23.99198394, 3.3333E-01, 1.0900E+01, 0.0000E+00,
17:10:23.99198399, 2.9333E-01, 1.0833E+01, 0.0000E+00,
17:10:23.99198404, 3.3333E-01, 1.0833E+01, 1.3333E-01,
17:10:23.99198409, 3.3333E-01, 1.0867E+01,-1.3333E-01,
17:10:23.99198414, 3.2000E-01, 1.0800E+01, 1.3333E-01,
17:10:23.99198419, 3.2000E-01, 1.0833E+01, 2.6667E-01,
17:10:23.99198424, 3.3333E-01, 1.0767E+01,-2.6667E-01,
17:10:23.99198429, 3.3333E-01, 1.0767E+01,-2.6667E-01,
17:10:23.99198434, 3.0667E-01, 1.0867E+01, 1.3333E-01,
17:10:23.99198439, 3.6000E-01, 1.0833E+01, 1.3333E-01,
17:10:23.99198444, 3.2000E-01, 1.0833E+01, 1.3333E-01,
17:10:23.99198449, 3.2000E-01, 1.0900E+01, 0.0000E+00,
17:10:23.99198454, 3.2000E-01, 1.0833E+01,-1.3333E-01,
17:10:23.99198459, 3.0667E-01, 1.0900E+01, 2.6667E-01,
17:10:23.99198464, 2.9333E-01, 1.0933E+01, 4.0000E-01,
17:10:23.99198469, 3.4667E-01, 1.0867E+01, 2.6667E-01,
17:10:23.99198474, 3.0667E-01, 1.0767E+01, 0.0000E+00,
17:10:23.99198479, 3.2000E-01, 1.0867E+01,-1.3333E-01,
17:10:23.99198484, 3.0667E-01, 1.0867E+01, 1.3333E-01,
17:10:23.99198489, 3.4667E-01, 1.0867E+01, 0.0000E+00,
17:10:23.99198494, 2.8000E-01, 1.0867E+01, 1.3333E-01,
17:10:23.99198499, 2.8000E-01, 1.0900E+01, 4.0000E-01,
17:10:23.99198504, 3.0667E-01, 1.0867E+01, 1.3333E-01,
17:10:23.99198509, 2.9333E-01, 1.0833E+01, 2.6667E-01,
17:10:23.99198514, 2.9333E-01, 1.0900E+01, 2.6667E-01,
17:10:23.99198519, 3.0667E-01, 1.0900E+01, 0.0000E+00,
17:10:23.99198524, 3.0667E-01, 1.0800E+01, 2.6667E-01,
17:10:23.99198529, 3.0667E-01, 1.0800E+01, 0.0000E+00,
17:10:23.99198534, 3.6000E-01, 1.0900E+01,-1.3333E-01,
17:10:23.99198539, 3.0667E-01, 1.0900E+01, 2.6667E-01,
17:10:23.99198544, 3.0667E-01, 1.0833E+01,-1.3333E-01,
17:10:23.99198549, 3.0667E-01, 1.0933E+01,-2.6667E-01,
17:10:23.99198554, 2.9333E-01, 1.0867E+01, 0.0000E+00,
17:10:23.99198559, 3.2000E-01, 1.1000E+01, 2.6667E-01,
17:10:23.99198564, 2.9333E-01, 1.0867E+01, 0.0000E+00,
17:10:23.99198569, 3.0667E-01, 1.0867E+01,-1.3333E-01,
17:10:23.99198574, 3.0667E-01, 1.0933E+01,-2.6667E-01,
17:10:23.99198579, 3.2000E-01, 1.0900E+01,-1.3333E-01,
17:10:23.99198584, 3.0667E-01, 1.0833E+01, 1.3333E-01,
17:10:23.99198589, 2.8000E-01, 1.0800E+01,-1.3333E-01,
17:10:23.99198594, 2.8000E-01, 1.0833E+01, 1.3333E-01,
17:10:23.99198599, 2.9333E-01, 1.0900E+01, 1.3333E-01,
17:10:23.99198604, 2.9333E-01, 1.0900E+01,-1.3333E-01,
17:10:23.99198609, 2.9333E-01, 1.0867E+01, 2.6667E-01,
17:10:23.99198614, 3.0667E-01, 1.0900E+01,-1.3333E-01,
17:10:23.99198619, 2.9333E-01, 1.0900E+01, 0.0000E+00,
17:10:23.99198624, 2.9333E-01, 1.0867E+01,-1.3333E-01,
17:10:23.99198629, 2.8000E-01, 1.0900E+01, 1.3333E-01,
17:10:23.99198634, 2.9333E-01, 1.0800E+01, 1.3333E-01,
17:10:23.99198639, 2.9333E-01, 1.0900E+01,-2.6667E-01,
17:10:23.99198644, 2.8000E-01, 1.0800E+01, 0.0000E+00,
17:10:23.99198649, 2.6667E-01, 1.0833E+01, 1.3333E-01,
17:10:23.99198654, 2.5333E-01, 1.0833E+01,-4.0000E-01,
17:10:23.99198659, 2.8000E-01, 1.0833E+01, 4.0000E-01,
17:10:23.99198664, 2.6667E-01, 1.0833E+01, 5.3333E-01,
17:10:23.99198669, 2.9333E-01, 1.0933E+01, 0.0000E+00,
17:10:23.99198674, 2.8000E-01, 1.0933E+01, 2.6667E-01,
17:10:23.99198679, 2.5333E-01, 1.0800E+01, 0.0000E+00,
17:10:23.99198684, 2.8000E-01, 1.0867E+01, 2.6667E-01,
17:10:23.99198689, 2.5333E-01, 1.0867E+01, 2.6667E-01,
17:10:23.99198694, 2.8000E-01, 1.0900E+01, 0.0000E+00,
17:10:23.99198699, 2.6667E-01, 1.0833E+01, 4.0000E-01,
17:10:23.99198704, 2.6667E-01, 1.0867E+01,-1.3333E-01,
17:10:23.99198709, 2.8000E-01, 1.0867E+01, 2.6667E-01,
17:10:23.99198714, 2.9333E-01, 1.0900E+01,-2.6667E-01,
17:10:23.99198719, 3.0667E-01, 1.0900E+01, 0.0000E+00,
17:10:23.99198724, 3.0667E-01, 1.0933E+01, 2.6667E-01,
17:10:23.99198729, 2.9333E-01, 1.0867E+01, 0.0000E+00,
17:10:23.99198734, 2.9333E-01, 1.0900E+01, 0.0000E+00,
17:10:23.99198739, 3.0667E-01, 1.0900E+01,-1.3333E-01,
17:10:23.99198744, 2.9333E-01, 1.0867E+01, 2.6667E-01,
17:10:23.99198749, 3.0667E-01, 1.0767E+01, 2.6667E-01,
17:10:23.99198754, 2.8000E-01, 1.0867E+01, 4.0000E-01,
17:10:23.99198759, 2.5333E-01, 1.0933E+01,-1.3333E-01,
17:10:23.99198764, 2.9333E-01, 1.0833E+01, 2.6667E-01,
17:10:23.99198769, 2.9333E-01, 1.0900E+01, 1.3333E-01,
17:10:23.99198774, 2.8000E-01, 1.0900E+01, 0.0000E+00,
17:10:23.99198779, 2.9333E-01, 1.0800E+01,-1.3333E-01,
17:10:23.99198784, 2.6667E-01, 1.0800E+01, 0.0000E+00,
17:10:23.99198789, 2.8000E-01, 1.0833E+01, 4.0000E-01,
17:10:23.99198794, 2.4000E-01, 1.0833E+01, 0.0000E+00,
17:10:23.99198799, 2.6667E-01, 1.0933E+01, 0.0000E+00,
17:10:23.99198804, 2.9333E-01, 1.0833E+01,-1.3333E-01,
17:10:23.99198809, 2.5333E-01, 1.0867E+01, 2.6667E-01,
17:10:23.99198814, 2.9333E-01, 1.0867E+01, 1.3333E-01,
17:10:23.99198819, 2.6667E-01, 1.0767E+01, 0.0000E+00,
17:10:23.99198824, 2.9333E-01, 1.0867E+01, 0.0000E+00,
17:10:23.99198829, 2.8000E-01, 1.0800E+01, 0.0000E+00,
17:10:23.99198834, 2.6667E-01, 1.0867E+01, 0.0000E+00,
17:10:23.99198839, 2.9333E-01, 1.0867E+01,-2.6667E-01,
17:10:23.99198844, 2.6667E-01, 1.0833E+01, 0.0000E+00,
17:10:23.99198849, 2.5333E-01, 1.0867E+01, 0.0000E+00,
17:10:23.99198854, 2.5333E-01, 1.0800E+01, 1.3333E-01,
17:10:23.99198859, 2.5333E-01, 1.0867E+01, 0.0000E+00,
17:10:23.99198864, 2.8000E-01, 1.0833E+01, 0.0000E+00,
17:10:23.99198869, 2.8000E-01, 1.0933E+01,-1.3333E-01,
17:10:23.99198874, 2.9333E-01, 1.0867E+01, 2.6667E-01,
17:10:23.99198879, 2.9333E-01, 1.0833E+01, 2.6667E-01,
17:10:23.99198884, 2.8000E-01, 1.0867E+01, 4.0000E-01,
17:10:23.99198889, 2.5333E-01, 1.0867E+01, 1.3333E-01,
17:10:23.99198894, 2.5333E-01, 1.0833E+01, 0.0000E+00,
17:10:23.99198899, 2.5333E-01, 1.0833E+01, 2.6667E-01,
17:10:23.99198904, 2.4000E-01, 1.0900E+01, 1.3333E-01,
17:10:23.99198909, 2.2667E-01, 1.0867E+01, 4.0000E-01,
17:10:23.99198914, 2.6667E-01, 1.0767E+01, 2.6667E-01,
17:10:23.99198919, 2.6667E-01, 1.0833E+01, 1.3333E-01,
17:10:23.99198924, 2.5333E-01, 1.0867E+01,-2.6667E-01,
17:10:23.99198929, 2.5333E-01, 1.0800E+01, 1.3333E-01,
17:10:23.99198934, 2.4000E-01, 1.0867E+01, 0.0000E+00,
17:10:23.99198939, 2.4000E-01, 1.0800E+01, 2.6667E-01,
17:10:23.99198944, 2.5333E-01, 1.0867E+01, 0.0000E+00,
17:10:23.99198949, 2.2667E-01, 1.0867E+01, 1.3333E-01,
17:10:23.99198954, 2.5333E-01, 1.0900E+01, 0.0000E+00,
17:10:23.99198959, 2.5333E-01, 1.0900E+01,-2.6667E-01,
17:10:23.99198964, 2.5333E-01, 1.0800E+01,-1.3333E-01,
17:10:23.99198969, 2.4000E-01, 1.0800E+01, 2.6667E-01,
17:10:23.99198974, 2.8000E-01, 1.0800E+01, 1.3333E-01,
17:10:23.99198979, 2.2667E-01, 1.0867E+01,-1.3333E-01,
17:10:23.99198984, 2.5333E-01, 1.0900E+01, 1.3333E-01,
17:10:23.99198989, 2.5333E-01, 1.0867E+01, 0.0000E+00,
17:10:23.99198994, 2.4000E-01, 1.0833E+01, 1.3333E-01,
17:10:23.99198999, 2.8000E-01, 1.0833E+01, 1.3333E-01,
17:10:23.99199004, 2.9333E-01, 1.0867E+01, 1.3333E-01,
17:10:23.99199009, 2.6667E-01, 1.0933E+01, 0.0000E+00,
17:10:23.99199014, 2.8000E-01, 1.0933E+01,-1.3333E-01,
17:10:23.99199019, 2.6667E-01, 1.0867E+01, 0.0000E+00,
17:10:23.99199024, 2.4000E-01, 1.0833E+01, 2.6667E-01,
17:10:23.99199029, 2.4000E-01, 1.0800E+01, 4.0000E-01,
17:10:23.99199034, 2.2667E-01, 1.0867E+01, 1.3333E-01,
17:10:23.99199039, 2.5333E-01, 1.0867E+01,-1.3333E-01,
17:10:23.99199044, 2.6667E-01, 1.0867E+01, 0.0000E+00,
17:10:23.99199049, 2.5333E-01, 1.0867E+01, 1.3333E-01,
17:10:23.99199054, 2.6667E-01, 1.0833E+01,-2.6667E-01,
17:10:23.99199059, 2.8000E-01, 1.0867E+01, 1.3333E-01,
17:10:23.99199064, 2.4000E-01, 1.0833E+01, 0.0000E+00,
17:10:23.99199069, 2.2667E-01, 1.0833E+01, 2.6667E-01,
17:10:23.99199074, 2.2667E-01, 1.0900E+01, 2.6667E-01,
17:10:23.99199079, 2.4000E-01, 1.0867E+01, 0.0000E+00,
17:10:23.99199084, 2.2667E-01, 1.0833E+01, 1.3333E-01,
17:10:23.99199089, 2.2667E-01, 1.0833E+01, 4.0000E-01,
17:10:23.99199094, 2.4000E-01, 1.0867E+01, 1.3333E-01,
17:10:23.99199099, 2.4000E-01, 1.0900E+01, 0.0000E+00,
17:10:23.99199104, 2.5333E-01, 1.0900E+01,-1.3333E-01,
17:10:23.99199109, 2.4000E-01, 1.0867E+01,-1.3333E-01,
17:10:23.99199114, 2.0000E-01, 1.0933E+01,-2.6667E-01,
17:10:23.99199119, 2.1333E-01, 1.0900E+01, 1.3333E-01,
17:10:23.99199124, 2.4000E-01, 1.0867E+01, 1.3333E-01,
17:10:23.99199129, 2.2667E-01, 1.0900E+01, 1.3333E-01,
17:10:23.99199134, 2.2667E-01, 1.0933E+01, 1.3333E-01,
17:10:23.99199139, 2.6667E-01, 1.0833E+01, 2.6667E-01,
17:10:23.99199144, 2.1333E-01, 1.0833E+01, 1.3333E-01,
17:10:23.99199149, 2.2667E-01, 1.0800E+01, 0.0000E+00,
17:10:23.99199154, 2.2667E-01, 1.0867E+01, 1.3333E-01,
17:10:23.99199159, 2.2667E-01, 1.0867E+01, 1.3333E-01,
17:10:23.99199164, 2.4000E-01, 1.0900E+01,-2.6667E-01,
17:10:23.99199169, 2.1333E-01, 1.0900E+01, 1.3333E-01,
17:10:23.99199174, 2.2667E-01, 1.0800E+01, 0.0000E+00,
17:10:23.99199179, 2.2667E-01, 1.0933E+01, 2.6667E-01,
17:10:23.99199184, 2.2667E-01, 1.0833E+01, 1.3333E-01,
17:10:23.99199189, 2.4000E-01, 1.0867E+01,-2.6667E-01,
17:10:23.99199194, 2.2667E-01, 1.0833E+01, 1.3333E-01,
17:10:23.99199199, 2.4000E-01, 1.0900E+01, 4.0000E-01,
17:10:23.99199204, 2.2667E-01, 1.0933E+01,-1.3333E-01,
17:10:23.99199209, 2.2667E-01, 1.0867E+01, 0.0000E+00,
17:10:23.99199214, 2.2667E-01, 1.0867E+01, 0.0000E+00,
17:10:23.99199219, 2.0000E-01, 1.0933E+01, 4.0000E-01,
17:10:23.99199224, 2.1333E-01, 1.0900E+01, 0.0000E+00,
17:10:23.99199229, 2.2667E-01, 1.0833E+01, 0.0000E+00,
17:10:23.99199234, 2.2667E-01, 1.0833E+01, 2.6667E-01,
17:10:23.99199239, 2.2667E-01, 1.0933E+01, 0.0000E+00,
17:10:23.99199244, 2.5333E-01, 1.0800E+01, 1.3333E-01,
17:10:23.99199249, 2.2667E-01, 1.0833E+01,-4.0000E-01,
17:10:23.99199254, 2.2667E-01, 1.0867E+01, 1.3333E-01,
17:10:23.99199259, 2.2667E-01, 1.0833E+01, 1.3333E-01,
17:10:23.99199264, 2.1333E-01, 1.0800E+01, 0.0000E+00,
17:10:23.99199269, 2.2667E-01, 1.0867E+01, 1.3333E-01,
17:10:23.99199274, 2.1333E-01, 1.0833E+01, 2.6667E-01,
17:10:23.99199279, 2.2667E-01, 1.0833E+01,-1.3333E-01,
17:10:23.99199284, 2.2667E-01, 1.0900E+01, 4.0000E-01,
17:10:23.99199289, 2.2667E-01, 1.0833E+01, 1.3333E-01,
17:10:23.99199294, 2.2667E-01, 1.0900E+01,-1.3333E-01,
17:10:23.99199299, 2.4000E-01, 1.0900E+01, 0.0000E+00,
17:10:23.99199304, 2.2667E-01, 1.0900E+01, 1.3333E-01,
17:10:23.99199309, 2.2667E-01, 1.0800E+01, 4.0000E-01,
17:10:23.99199314, 2.1333E-01, 1.0800E+01,-1.3333E-01,
17:10:23.99199319, 2.1333E-01, 1.0900E+01, 1.3333E-01,
17:10:23.99199324, 2.0000E-01, 1.0800E+01, 4.0000E-01,
17:10:23.99199329, 2.6667E-01, 1.0833E+01, 1.3333E-01,
17:10:23.99199334, 2.1333E-01, 1.0867E+01, 2.6667E-01,
17:10:23.99199339, 2.2667E-01, 1.0833E+01, 0.0000E+00,
17:10:23.99199344, 1.7333E-01, 1.0867E+01, 1.3333E-01,
17:10:23.99199349, 2.2667E-01, 1.0833E+01, 1.3333E-01,
17:10:23.99199354, 2.0000E-01, 1.0933E+01,-2.6667E-01,
17:10:23.99199359, 2.2667E-01, 1.0800E+01,-1.3333E-01,
17:10:23.99199364, 2.0000E-01, 1.0867E+01, 1.3333E-01,
17:10:23.99199369, 2.2667E-01, 1.0867E+01, 1.3333E-01,
17:10:23.99199374, 2.2667E-01, 1.0833E+01,-1.3333E-01,
17:10:23.99199379, 2.2667E-01, 1.0933E+01, 4.0000E-01,
17:10:23.99199384, 2.4000E-01, 1.0833E+01, 0.0000E+00,
17:10:23.99199389, 2.2667E-01, 1.0900E+01, 0.0000E+00,
17:10:23.99199394, 2.2667E-01, 1.0867E+01,-1.3333E-01,
17:10:23.99199399, 2.2667E-01, 1.0867E+01, 1.3333E-01,
17:10:23.99199404, 1.8667E-01, 1.0900E+01,-4.0000E-01,
17:10:23.99199409, 2.2667E-01, 1.0833E+01, 1.3333E-01,
17:10:23.99199414, 2.0000E-01, 1.0833E+01, 0.0000E+00,
17:10:23.99199419, 1.8667E-01, 1.0867E+01,-1.3333E-01,
17:10:23.99199424, 2.2667E-01, 1.0900E+01,-1.3333E-01,
17:10:23.99199429, 2.1333E-01, 1.0833E+01, 1.3333E-01,
17:10:23.99199434, 2.2667E-01, 1.0867E+01, 0.0000E+00,
17:10:23.99199439, 2.2667E-01, 1.0867E+01,-1.3333E-01,
17:10:23.99199444, 2.2667E-01, 1.0800E+01,-1.3333E-01,
17:10:23.99199449, 2.2667E-01, 1.0800E+01,-4.0000E-01,
17:10:23.99199454, 2.0000E-01, 1.0900E+01, 2.6667E-01,
17:10:23.99199459, 2.0000E-01, 1.0833E+01,-1.3333E-01,
17:10:23.99199464, 2.0000E-01, 1.0867E+01, 2.6667E-01,
17:10:23.99199469, 2.1333E-01, 1.0900E+01,-1.3333E-01,
17:10:23.99199474, 2.1333E-01, 1.0833E+01, 1.3333E-01,
17:10:23.99199479, 2.2667E-01, 1.0833E+01, 4.0000E-01,
17:10:23.99199484, 2.0000E-01, 1.0833E+01, 1.3333E-01,
17:10:23.99199489, 2.2667E-01, 1.0900E+01, 1.3333E-01,
17:10:23.99199494, 2.0000E-01, 1.0833E+01, 1.3333E-01,
17:10:23.99199499, 2.0000E-01, 1.0867E+01,-1.3333E-01,
17:10:23.99199504, 1.8667E-01, 1.0867E+01,-1.3333E-01,
17:10:23.99199509, 2.1333E-01, 1.0867E+01,-1.3333E-01,
17:10:23.99199514, 1.8667E-01, 1.0900E+01, 2.6667E-01,
17:10:23.99199519, 2.1333E-01, 1.0900E+01, 0.0000E+00,
17:10:23.99199524, 2.1333E-01, 1.0867E+01, 1.3333E-01,
17:10:23.99199529, 2.1333E-01, 1.0867E+01,-2.6667E-01,
17:10:23.99199534, 2.0000E-01, 1.0867E+01, 1.3333E-01,
17:10:23.99199539, 2.0000E-01, 1.0900E+01, 1.3333E-01,
17:10:23.99199544, 2.0000E-01, 1.0867E+01,-1.3333E-01,
17:10:23.99199549, 2.4000E-01, 1.0767E+01, 1.3333E-01,
17:10:23.99199554, 2.0000E-01, 1.0800E+01, 0.0000E+00,
17:10:23.99199559, 2.0000E-01, 1.0767E+01, 4.0000E-01,
17:10:23.99199564, 1.7333E-01, 1.0867E+01,-1.3333E-01,
17:10:23.99199569, 2.0000E-01, 1.0833E+01, 5.3333E-01,
17:10:23.99199574, 2.0000E-01, 1.0867E+01, 2.6667E-01,
17:10:23.99199579, 1.7333E-01, 1.0867E+01, 1.3333E-01,
17:10:23.99199584, 2.0000E-01, 1.0867E+01, 4.0000E-01,
17:10:23.99199589, 2.2667E-01, 1.0933E+01, 1.3333E-01,
17:10:23.99199594, 1.8667E-01, 1.0933E+01, 0.0000E+00,
17:10:23.99199599, 2.1333E-01, 1.0767E+01, 1.3333E-01,
17:10:23.99199604, 1.6000E-01, 1.0833E+01, 0.0000E+00,
17:10:23.99199609, 1.8667E-01, 1.0833E+01, 1.3333E-01,
17:10:23.99199614, 1.8667E-01, 1.0833E+01, 0.0000E+00,
17:10:23.99199619, 1.8667E-01, 1.0867E+01, 1.3333E-01,
17:10:23.99199624, 1.8667E-01, 1.0800E+01, 1.3333E-01,
17:10:23.99199629, 2.1333E-01, 1.0900E+01,-1.3333E-01,
17:10:23.99199634, 2.0000E-01, 1.0933E+01, 4.0000E-01,
17:10:23.99199639, 2.2667E-01, 1.0867E+01,-1.3333E-01,
17:10:23.99199644, 1.8667E-01, 1.0867E+01, 1.3333E-01,
17:10:23.99199649, 1.8667E-01, 1.0800E+01, 2.6667E-01,
17:10:23.99199654, 1.7333E-01, 1.0800E+01,-1.3333E-01,
17:10:23.99199659, 2.1333E-01, 1.0900E+01,-1.3333E-01,
17:10:23.99199664, 1.8667E-01, 1.0833E+01, 2.6667E-01,
17:10:23.99199669, 2.1333E-01, 1.0833E+01, 2.6667E-01,
17:10:23.99199674, 2.0000E-01, 1.0867E+01,-1.3333E-01,
17:10:23.99199679, 2.0000E-01, 1.0833E+01, 1.3333E-01,
17:10:23.99199684, 2.0000E-01, 1.0900E+01, 0.0000E+00,
17:10:23.99199689, 2.0000E-01, 1.0833E+01,-1.3333E-01,
17:10:23.99199694, 2.0000E-01, 1.0800E+01, 1.3333E-01,
17:10:23.99199699, 1.6000E-01, 1.0933E+01,-1.3333E-01,
17:10:23.99199704, 1.7333E-01, 1.0867E+01, 2.6667E-01,
17:10:23.99199709, 1.8667E-01, 1.0833E+01, 2.6667E-01,
17:10:23.99199714, 1.8667E-01, 1.0933E+01, 1.3333E-01,
17:10:23.99199719, 2.1333E-01, 1.0900E+01, 2.6667E-01,
17:10:23.99199724, 2.1333E-01, 1.0833E+01, 0.0000E+00,
17:10:23.99199729, 2.2667E-01, 1.0867E+01, 1.3333E-01,
17:10:23.99199734, 2.0000E-01, 1.0867E+01, 0.0000E+00,
17:10:23.99199739, 1.8667E-01, 1.0900E+01, 0.0000E+00,
17:10:23.99199744, 1.7333E-01, 1.0867E+01, 1.3333E-01,
17:10:23.99199749, 2.1333E-01, 1.0867E+01, 1.3333E-01,
17:10:23.99199754, 1.8667E-01, 1.0967E+01, 0.0000E+00,
17:10:23.99199759, 1.8667E-01, 1.0833E+01, 0.0000E+00,
17:10:23.99199764, 2.1333E-01, 1.0833E+01,-1.3333E-01,
17:10:23.99199769, 1.6000E-01, 1.0900E+01, 4.0000E-01,
17:10:23.99199774, 2.0000E-01, 1.0867E+01, 4.0000E-01,
17:10:23.99199779, 1.7333E-01, 1.0867E+01, 2.6667E-01,
17:10:23.99199784, 2.0000E-01, 1.0833E+01, 1.3333E-01,
17:10:23.99199789, 1.7333E-01, 1.0867E+01, 0.0000E+00,
17:10:23.99199794, 1.8667E-01, 1.0900E+01, 2.6667E-01,
17:10:23.99199799, 1.3333E-01, 1.0867E+01,-1.3333E-01,
17:10:23.99199804, 1.8667E-01, 1.0867E+01,-1.3333E-01,
17:10:23.99199809, 1.8667E-01, 1.0933E+01,-1.3333E-01,
17:10:23.99199814, 1.8667E-01, 1.0900E+01, 2.6667E-01,
17:10:23.99199819, 1.8667E-01, 1.0867E+01, 0.0000E+00,
17:10:23.99199824, 2.0000E-01, 1.0833E+01, 0.0000E+00,
17:10:23.99199829, 2.2667E-01, 1.0867E+01, 1.3333E-01,
17:10:23.99199834, 2.0000E-01, 1.0900E+01, 2.6667E-01,
17:10:23.99199839, 1.6000E-01, 1.0867E+01,-1.3333E-01,
17:10:23.99199844, 1.6000E-01, 1.0833E+01, 2.6667E-01,
17:10:23.99199849, 1.7333E-01, 1.0833E+01, 0.0000E+00,
17:10:23.99199854, 1.8667E-01, 1.0767E+01, 1.3333E-01,
17:10:23.99199859, 1.8667E-01, 1.0833E+01, 1.3333E-01,
17:10:23.99199864, 2.0000E-01, 1.0833E+01,-1.3333E-01,
17:10:23.99199869, 2.0000E-01, 1.0833E+01, 0.0000E+00,
17:10:23.99199874, 2.1333E-01, 1.0833E+01, 0.0000E+00,
17:10:23.99199879, 2.0000E-01, 1.0800E+01, 1.3333E-01,
17:10:23.99199884, 2.0000E-01, 1.0867E+01, 2.6667E-01,
17:10:23.99199889, 1.7333E-01, 1.0867E+01, 0.0000E+00,
17:10:23.99199894, 1.6000E-01, 1.0800E+01, 4.0000E-01,
17:10:23.99199899, 1.6000E-01, 1.0867E+01, 4.0000E-01,
17:10:23.99199904, 2.0000E-01, 1.0867E+01, 2.6667E-01,
17:10:23.99199909, 1.7333E-01, 1.0900E+01, 0.0000E+00,
17:10:23.99199914, 1.6000E-01, 1.0767E+01, 0.0000E+00,
17:10:23.99199919, 1.7333E-01, 1.0900E+01, 0.0000E+00,
17:10:23.99199924, 1.7333E-01, 1.0933E+01, 2.6667E-01,
17:10:23.99199929, 1.6000E-01, 1.0867E+01, 1.3333E-01,
17:10:23.99199934, 1.6000E-01, 1.0900E+01, 0.0000E+00,
17:10:23.99199939, 1.6000E-01, 1.0867E+01, 1.3333E-01,
17:10:23.99199944, 1.7333E-01, 1.0867E+01, 1.3333E-01,
17:10:23.99199949, 1.6000E-01, 1.0833E+01, 1.3333E-01,
17:10:23.99199954, 2.0000E-01, 1.0933E+01,-1.3333E-01,
17:10:23.99199959, 1.7333E-01, 1.0933E+01,-2.6667E-01,
17:10:23.99199964, 1.6000E-01, 1.0833E+01, 1.3333E-01,
17:10:23.99199969, 2.0000E-01, 1.0800E+01, 0.0000E+00,
17:10:23.99199974, 1.8667E-01, 1.0867E+01, 4.0000E-01,
17:10:23.99199979, 1.8667E-01, 1.0867E+01, 5.3333E-01,
17:10:23.99199984, 1.7333E-01, 1.0833E+01, 0.0000E+00,
17:10:23.99199989, 1.6000E-01, 1.0933E+01, 4.0000E-01,
17:10:23.99199994, 1.6000E-01, 1.0867E+01, 1.3333E-01,
17:10:23.99199999, 1.4667E-01, 1.0933E+01, 1.3333E-01,
17:10:23.99200004, 1.6000E-01, 1.0867E+01, 2.6667E-01,
17:10:23.99200009, 1.6000E-01, 1.0867E+01,-1.3333E-01,
17:10:23.99200014, 1.8667E-01, 1.0933E+01, 2.6667E-01,
17:10:23.99200019, 1.6000E-01, 1.0833E+01, 2.6667E-01,
17:10:23.99200024, 1.7333E-01, 1.0833E+01, 0.0000E+00,
17:10:23.99200029, 1.7333E-01, 1.0900E+01, 1.3333E-01,
17:10:23.99200034, 1.6000E-01, 1.0833E+01,-5.3333E-01,
17:10:23.99200039, 1.4667E-01, 1.0867E+01, 1.3333E-01,
17:10:23.99200044, 1.6000E-01, 1.0867E+01, 0.0000E+00,
17:10:23.99200049, 1.6000E-01, 1.0867E+01,-1.3333E-01,
17:10:23.99200054, 1.7333E-01, 1.0833E+01, 1.3333E-01,
17:10:23.99200059, 1.7333E-01, 1.0833E+01,-1.3333E-01,
17:10:23.99200064, 2.0000E-01, 1.0900E+01, 1.3333E-01,
17:10:23.99200069, 1.7333E-01, 1.0867E+01, 1.3333E-01,
17:10:23.99200074, 1.6000E-01, 1.0867E+01, 0.0000E+00,
17:10:23.99200079, 1.4667E-01, 1.0833E+01, 0.0000E+00,
17:10:23.99200084, 1.3333E-01, 1.0867E+01, 2.6667E-01,
17:10:23.99200089, 1.3333E-01, 1.0933E+01, 2.6667E-01,
17:10:23.99200094, 1.6000E-01, 1.0800E+01, 0.0000E+00,
17:10:23.99200099, 1.4667E-01, 1.0800E+01, 0.0000E+00,
17:10:23.99200104, 1.4667E-01, 1.0867E+01, 0.0000E+00,
17:10:23.99200109, 1.3333E-01, 1.0867E+01, 2.6667E-01,
17:10:23.99200114, 1.6000E-01, 1.0800E+01, 2.6667E-01,
17:10:23.99200119, 1.7333E-01, 1.0833E+01, 2.6667E-01,
17:10:23.99200124, 1.6000E-01, 1.0800E+01, 0.0000E+00,
17:10:23.99200129, 1.6000E-01, 1.0900E+01, 0.0000E+00,
17:10:23.99200134, 1.6000E-01, 1.0800E+01, 0.0000E+00,
17:10:23.99200139, 1.6000E-01, 1.0833E+01,-1.3333E-01,
17:10:23.99200144, 1.4667E-01, 1.0800E+01, 0.0000E+00,
17:10:23.99200149, 1.7333E-01, 1.0800E+01, 0.0000E+00,
17:10:23.99200154, 1.6000E-01, 1.0867E+01, 1.3333E-01,
17:10:23.99200159, 1.7333E-01, 1.0900E+01,-1.3333E-01,
17:10:23.99200164, 1.6000E-01, 1.0800E+01,-1.3333E-01,
17:10:23.99200169, 1.4667E-01, 1.0933E+01, 1.3333E-01,
17:10:23.99200174, 1.4667E-01, 1.0833E+01, 0.0000E+00,
17:10:23.99200179, 1.3333E-01, 1.0867E+01, 1.3333E-01,
17:10:23.99200184, 1.7333E-01, 1.0867E+01,-2.6667E-01,
17:10:23.99200189, 1.3333E-01, 1.0833E+01, 2.6667E-01,
17:10:23.99200194, 1.3333E-01, 1.0867E+01, 1.3333E-01,
17:10:23.99200199, 1.7333E-01, 1.0833E+01, 2.6667E-01,
17:10:23.99200204, 1.2000E-01, 1.0867E+01,-2.6667E-01,
17:10:23.99200209, 1.7333E-01, 1.0833E+01, 4.0000E-01,
17:10:23.99200214, 1.7333E-01, 1.0833E+01, 2.6667E-01,
17:10:23.99200219, 1.6000E-01, 1.0900E+01, 0.0000E+00,
17:10:23.99200224, 1.4667E-01, 1.0867E+01, 1.3333E-01,
17:10:23.99200229, 1.4667E-01, 1.0867E+01, 1.3333E-01,
17:10:23.99200234, 1.7333E-01, 1.0800E+01, 0.0000E+00,
17:10:23.99200239, 1.4667E-01, 1.0933E+01, 1.3333E-01,
17:10:23.99200244, 1.7333E-01, 1.0867E+01, 2.6667E-01,
17:10:23.99200249, 1.4667E-01, 1.0933E+01, 5.3333E-01,
17:10:23.99200254, 2.1333E-01, 1.0933E+01, 0.0000E+00,
17:10:23.99200259, 1.7333E-01, 1.0867E+01, 1.3333E-01,
17:10:23.99200264, 1.6000E-01, 1.0867E+01, 2.6667E-01,
17:10:23.99200269, 1.7333E-01, 1.0867E+01, 2.6667E-01,
17:10:23.99200274, 1.3333E-01, 1.0967E+01, 0.0000E+00,
17:10:23.99200279, 1.3333E-01, 1.0800E+01,-1.3333E-01,
17:10:23.99200284, 1.3333E-01, 1.0767E+01, 0.0000E+00,
17:10:23.99200289, 1.4667E-01, 1.0833E+01, 0.0000E+00,
17:10:23.99200294, 1.4667E-01, 1.0867E+01,-1.3333E-01,
17:10:23.99200299, 1.7333E-01, 1.0800E+01, 1.3333E-01,
17:10:23.99200304, 1.7333E-01, 1.0833E+01, 1.3333E-01,
17:10:23.99200309, 1.6000E-01, 1.0867E+01, 1.3333E-01,
17:10:23.99200314, 1.8667E-01, 1.0933E+01, 2.6667E-01,
17:10:23.99200319, 1.6000E-01, 1.0833E+01, 0.0000E+00,
17:10:23.99200324, 1.3333E-01, 1.0867E+01,-4.0000E-01,
17:10:23.99200329, 1.4667E-01, 1.0867E+01,-1.3333E-01,
17:10:23.99200334, 1.3333E-01, 1.0833E+01, 0.0000E+00,
17:10:23.99200339, 1.3333E-01, 1.0900E+01, 0.0000E+00,
17:10:23.99200344, 1.2000E-01, 1.0800E+01, 2.6667E-01,
17:10:23.99200349, 1.3333E-01, 1.0833E+01, 1.3333E-01,
17:10:23.99200354, 1.3333E-01, 1.0833E+01,-1.3333E-01,
17:10:23.99200359, 1.4667E-01, 1.0900E+01, 4.0000E-01,
17:10:23.99200364, 1.7333E-01, 1.0900E+01, 1.3333E-01,
17:10:23.99200369, 1.4667E-01, 1.0800E+01, 1.3333E-01,
17:10:23.99200374, 1.3333E-01, 1.0867E+01,-1.3333E-01,
17:10:23.99200379, 1.4667E-01, 1.0833E+01, 1.3333E-01,
17:10:23.99200384, 1.6000E-01, 1.0833E+01, 1.3333E-01,
17:10:23.99200389, 1.6000E-01, 1.0900E+01, 0.0000E+00,
17:10:23.99200394, 1.6000E-01, 1.0800E+01, 4.0000E-01,
17:10:23.99200399, 1.3333E-01, 1.0833E+01, 2.6667E-01,
17:10:23.99200404, 1.4667E-01, 1.0900E+01, 0.0000E+00,
17:10:23.99200409, 1.3333E-01, 1.0833E+01, 1.3333E-01,
17:10:23.99200414, 1.3333E-01, 1.0833E+01, 1.3333E-01,
17:10:23.99200419, 1.2000E-01, 1.0867E+01, 0.0000E+00,
17:10:23.99200424, 1.2000E-01, 1.0833E+01,-1.3333E-01,
17:10:23.99200429, 1.3333E-01, 1.0833E+01,-1.3333E-01,
17:10:23.99200434, 1.3333E-01, 1.0867E+01, 0.0000E+00,
17:10:23.99200439, 1.2000E-01, 1.0900E+01, 4.0000E-01,
17:10:23.99200444, 1.4667E-01, 1.0800E+01, 2.6667E-01,
17:10:23.99200449, 1.7333E-01, 1.0900E+01, 5.3333E-01,
17:10:23.99200454, 1.3333E-01, 1.0900E+01, 4.0000E-01,
17:10:23.99200459, 1.3333E-01, 1.0833E+01, 4.0000E-01,
17:10:23.99200464, 1.4667E-01, 1.0867E+01, 2.6667E-01,
17:10:23.99200469, 1.2000E-01, 1.0900E+01,-1.3333E-01,
17:10:23.99200474, 1.6000E-01, 1.0900E+01, 0.0000E+00,
17:10:23.99200479, 1.2000E-01, 1.0833E+01, 1.3333E-01,
17:10:23.99200484, 1.8667E-01, 1.0833E+01, 5.3333E-01,
17:10:23.99200489, 1.3333E-01, 1.0867E+01, 0.0000E+00,
17:10:23.99200494, 1.7333E-01, 1.0833E+01, 0.0000E+00,
17:10:23.99200499, 1.4667E-01, 1.0867E+01, 4.0000E-01,
17:10:23.99200504, 1.4667E-01, 1.0867E+01, 4.0000E-01,
17:10:23.99200509, 1.2000E-01, 1.0867E+01, 1.3333E-01,
17:10:23.99200514, 1.4667E-01, 1.0800E+01, 2.6667E-01,
17:10:23.99200519, 1.4667E-01, 1.0900E+01, 1.3333E-01,
17:10:23.99200524, 1.4667E-01, 1.0833E+01, 1.3333E-01,
17:10:23.99200529, 1.3333E-01, 1.0833E+01,-1.3333E-01,
17:10:23.99200534, 1.4667E-01, 1.0867E+01, 0.0000E+00,
17:10:23.99200539, 1.2000E-01, 1.0800E+01, 2.6667E-01,
17:10:23.99200544, 1.3333E-01, 1.0867E+01,-1.3333E-01,
17:10:23.99200549, 1.2000E-01, 1.0833E+01, 0.0000E+00,
17:10:23.99200554, 1.3333E-01, 1.0833E+01, 1.3333E-01,
17:10:23.99200559, 1.3333E-01, 1.0833E+01, 0.0000E+00,
17:10:23.99200564, 1.0667E-01, 1.0767E+01, 0.0000E+00,
17:10:23.99200569, 1.0667E-01, 1.0900E+01, 1.3333E-01,
17:10:23.99200574, 1.2000E-01, 1.0800E+01, 0.0000E+00,
17:10:23.99200579, 1.4667E-01, 1.0900E+01,-4.0000E-01,
17:10:23.99200584, 1.4667E-01, 1.0833E+01, 0.0000E+00,
17:10:23.99200589, 1.2000E-01, 1.0867E+01, 2.6667E-01,
17:10:23.99200594, 1.3333E-01, 1.0867E+01,-1.3333E-01,
17:10:23.99200599, 1.4667E-01, 1.0867E+01, 4.0000E-01,
17:10:23.99200604, 1.2000E-01, 1.0867E+01, 2.6667E-01,
17:10:23.99200609, 1.4667E-01, 1.0833E+01, 1.3333E-01,
17:10:23.99200614, 1.0667E-01, 1.0800E+01, 2.6667E-01,
17:10:23.99200619, 9.3333E-02, 1.0867E+01, 4.0000E-01,
17:10:23.99200624, 1.4667E-01, 1.0900E+01, 0.0000E+00,
17:10:23.99200629, 9.3333E-02, 1.0833E+01, 1.3333E-01,
17:10:23.99200634, 1.6000E-01, 1.0900E+01, 0.0000E+00,
17:10:23.99200639, 1.4667E-01, 1.0833E+01, 1.3333E-01,
17:10:23.99200644, 1.3333E-01, 1.0867E+01, 1.3333E-01,
17:10:23.99200649, 1.6000E-01, 1.0900E+01, 2.6667E-01,
17:10:23.99200654, 1.3333E-01, 1.0933E+01, 2.6667E-01,
17:10:23.99200659, 1.2000E-01, 1.0867E+01,-1.3333E-01,
17:10:23.99200664, 1.2000E-01, 1.0867E+01, 0.0000E+00,
17:10:23.99200669, 9.3333E-02, 1.0867E+01, 1.3333E-01,
17:10:23.99200674, 9.3333E-02, 1.0900E+01, 0.0000E+00,
17:10:23.99200679, 1.4667E-01, 1.0833E+01, 1.3333E-01,
17:10:23.99200684, 1.2000E-01, 1.0800E+01, 2.6667E-01,
17:10:23.99200689, 1.3333E-01, 1.0900E+01,-1.3333E-01,
17:10:23.99200694, 1.3333E-01, 1.0900E+01, 4.0000E-01,
17:10:23.99200699, 1.4667E-01, 1.0867E+01,-1.3333E-01,
17:10:23.99200704, 1.2000E-01, 1.0833E+01, 2.6667E-01,
17:10:23.99200709, 9.3333E-02, 1.0833E+01, 2.6667E-01,
17:10:23.99200714, 1.2000E-01, 1.0833E+01, 0.0000E+00,
17:10:23.99200719, 9.3333E-02, 1.0900E+01,-1.3333E-01,
17:10:23.99200724, 1.3333E-01, 1.0867E+01, 1.3333E-01,
17:10:23.99200729, 1.2000E-01, 1.0900E+01, 1.3333E-01,
17:10:23.99200734, 1.3333E-01, 1.0833E+01, 2.6667E-01,
17:10:23.99200739, 1.2000E-01, 1.0833E+01, 0.0000E+00,
17:10:23.99200744, 1.3333E-01, 1.0933E+01, 1.3333E-01,
17:10:23.99200749, 1.2000E-01, 1.0833E+01, 0.0000E+00,
17:10:23.99200754, 1.0667E-01, 1.0867E+01, 2.6667E-01,
17:10:23.99200759, 9.3333E-02, 1.0867E+01, 1.3333E-01,
17:10:23.99200764, 1.7333E-01, 1.0833E+01, 1.3333E-01,
17:10:23.99200769, 1.2000E-01, 1.0867E+01, 0.0000E+00,
17:10:23.99200774, 1.2000E-01, 1.0933E+01, 1.3333E-01,
17:10:23.99200779, 1.4667E-01, 1.0933E+01, 0.0000E+00,
17:10:23.99200784, 9.3333E-02, 1.0800E+01, 1.3333E-01,
17:10:23.99200789, 1.0667E-01, 1.0800E+01, 2.6667E-01,
17:10:23.99200794, 1.0667E-01, 1.0867E+01, 1.3333E-01,
17:10:23.99200799, 1.0667E-01, 1.0833E+01, 0.0000E+00,
17:10:23.99200804, 1.2000E-01, 1.0933E+01,-1.3333E-01,
17:10:23.99200809, 9.3333E-02, 1.0867E+01, 0.0000E+00,
17:10:23.99200814, 1.0667E-01, 1.0867E+01, 1.3333E-01,
17:10:23.99200819, 1.4667E-01, 1.0767E+01, 0.0000E+00,
17:10:23.99200824, 1.2000E-01, 1.0900E+01, 0.0000E+00,
17:10:23.99200829, 1.2000E-01, 1.0867E+01, 1.3333E-01,
17:10:23.99200834, 1.3333E-01, 1.0933E+01, 4.0000E-01,
17:10:23.99200839, 1.4667E-01, 1.0767E+01, 1.3333E-01,
17:10:23.99200844, 1.6000E-01, 1.0867E+01, 0.0000E+00,
17:10:23.99200849, 9.3333E-02, 1.0867E+01, 1.3333E-01,
17:10:23.99200854, 1.0667E-01, 1.0867E+01, 0.0000E+00,
17:10:23.99200859, 9.3333E-02, 1.0967E+01, 1.3333E-01,
17:10:23.99200864, 1.2000E-01, 1.0867E+01, 0.0000E+00,
17:10:23.99200869, 1.2000E-01, 1.0900E+01, 1.3333E-01,
17:10:23.99200874, 1.0667E-01, 1.0900E+01,-1.3333E-01,
17:10:23.99200879, 1.4667E-01, 1.0833E+01, 0.0000E+00,
17:10:23.99200884, 1.2000E-01, 1.0867E+01, 4.0000E-01,
17:10:23.99200889, 1.0667E-01, 1.0900E+01, 2.6667E-01,
17:10:23.99200894, 1.2000E-01, 1.0867E+01, 6.6667E-01,
17:10:23.99200899, 8.0000E-02, 1.0800E+01, 1.3333E-01,
17:10:23.99200904, 1.2000E-01, 1.0867E+01, 2.6667E-01,
17:10:23.99200909, 1.0667E-01, 1.0900E+01, 1.3333E-01,
17:10:23.99200914, 1.2000E-01, 1.0933E+01, 0.0000E+00,
17:10:23.99200919, 1.3333E-01, 1.0833E+01, 1.3333E-01,
17:10:23.99200924, 1.2000E-01, 1.0867E+01, 1.3333E-01,
17:10:23.99200929, 1.3333E-01, 1.0900E+01, 1.3333E-01,
17:10:23.99200934, 1.0667E-01, 1.0833E+01, 0.0000E+00,
17:10:23.99200939, 1.0667E-01, 1.0833E+01, 4.0000E-01,
17:10:23.99200944, 1.0667E-01, 1.0833E+01, 2.6667E-01,
17:10:23.99200949, 1.0667E-01, 1.0900E+01,-1.3333E-01,
17:10:23.99200954, 8.0000E-02, 1.0833E+01, 1.3333E-01,
17:10:23.99200959, 1.4667E-01, 1.0833E+01, 2.6667E-01,
17:10:23.99200964, 1.0667E-01, 1.0900E+01,-2.6667E-01,
17:10:23.99200969, 1.2000E-01, 1.0900E+01, 1.3333E-01,
17:10:23.99200974, 1.4667E-01, 1.0867E+01, 2.6667E-01,
17:10:23.99200979, 1.0667E-01, 1.0900E+01, 1.3333E-01,
17:10:23.99200984, 9.3333E-02, 1.0800E+01, 1.3333E-01,
17:10:23.99200989, 1.2000E-01, 1.0867E+01, 0.0000E+00,
17:10:23.99200994, 8.0000E-02, 1.0833E+01, 4.0000E-01,
17:10:23.99200999, 9.3333E-02, 1.0833E+01, 1.3333E-01,
17:10:23.99201004, 1.0667E-01, 1.0900E+01, 1.3333E-01,
17:10:23.99201009, 1.3333E-01, 1.0900E+01, 4.0000E-01,
17:10:23.99201014, 1.0667E-01, 1.0900E+01,-2.6667E-01,
17:10:23.99201019, 1.2000E-01, 1.0933E+01, 0.0000E+00,
17:10:23.99201024, 8.0000E-02, 1.0833E+01,-1.3333E-01,
17:10:23.99201029, 1.0667E-01, 1.0867E+01, 1.3333E-01,
17:10:23.99201034, 1.3333E-01, 1.0867E+01, 0.0000E+00,
17:10:23.99201039, 8.0000E-02, 1.0900E+01, 1.3333E-01,
17:10:23.99201044, 9.3333E-02, 1.0900E+01,-2.6667E-01,
17:10:23.99201049, 1.0667E-01, 1.0867E+01, 0.0000E+00,
17:10:23.99201054, 1.3333E-01, 1.0867E+01, 4.0000E-01,
17:10:23.99201059, 9.3333E-02, 1.0833E+01,-1.3333E-01,
17:10:23.99201064, 1.2000E-01, 1.0867E+01, 0.0000E+00,
17:10:23.99201069, 1.0667E-01, 1.0900E+01,-1.3333E-01,
17:10:23.99201074, 1.2000E-01, 1.0900E+01, 0.0000E+00,
17:10:23.99201079, 1.3333E-01, 1.0867E+01,-1.3333E-01,
17:10:23.99201084, 1.3333E-01, 1.0867E+01, 4.0000E-01,
17:10:23.99201089, 9.3333E-02, 1.0833E+01, 4.0000E-01,
17:10:23.99201094, 9.3333E-02, 1.0800E+01,-1.3333E-01,
17:10:23.99201099, 9.3333E-02, 1.0867E+01, 1.3333E-01,
17:10:23.99201104, 1.3333E-01, 1.0833E+01, 1.3333E-01,
17:10:23.99201109, 1.3333E-01, 1.0867E+01,-1.3333E-01,
17:10:23.99201114, 1.2000E-01, 1.0867E+01, 1.3333E-01,
17:10:23.99201119, 1.3333E-01, 1.0800E+01,-2.6667E-01,
17:10:23.99201124, 1.3333E-01, 1.0867E+01, 2.6667E-01,
17:10:23.99201129, 1.2000E-01, 1.0900E+01, 1.3333E-01,
17:10:23.99201134, 9.3333E-02, 1.0833E+01, 2.6667E-01,
17:10:23.99201139, 9.3333E-02, 1.0800E+01, 2.6667E-01,
17:10:23.99201144, 8.0000E-02, 1.0833E+01, 0.0000E+00,
17:10:23.99201149, 1.0667E-01, 1.0900E+01, 1.3333E-01,
17:10:23.99201154, 1.2000E-01, 1.0800E+01, 1.3333E-01,
17:10:23.99201159, 1.2000E-01, 1.0867E+01, 0.0000E+00,
17:10:23.99201164, 1.2000E-01, 1.0833E+01, 0.0000E+00,
17:10:23.99201169, 1.3333E-01, 1.0833E+01, 0.0000E+00,
17:10:23.99201174, 1.2000E-01, 1.0833E+01, 1.3333E-01,
17:10:23.99201179, 1.0667E-01, 1.0867E+01, 2.6667E-01,
17:10:23.99201184, 1.0667E-01, 1.0867E+01, 4.0000E-01,
17:10:23.99201189, 8.0000E-02, 1.0867E+01, 0.0000E+00,
17:10:23.99201194, 9.3333E-02, 1.0933E+01, 0.0000E+00,
17:10:23.99201199, 9.3333E-02, 1.0867E+01, 0.0000E+00,
17:10:23.99201204, 1.3333E-01, 1.0867E+01, 2.6667E-01,
17:10:23.99201209, 1.0667E-01, 1.0867E+01, 0.0000E+00,
17:10:23.99201214, 1.0667E-01, 1.0933E+01,-5.3333E-01,
17:10:23.99201219, 1.2000E-01, 1.0800E+01, 1.3333E-01,
17:10:23.99201224, 9.3333E-02, 1.0800E+01, 2.6667E-01,
17:10:23.99201229, 1.2000E-01, 1.0900E+01, 2.6667E-01,
17:10:23.99201234, 1.0667E-01, 1.0833E+01, 1.3333E-01,
17:10:23.99201239, 8.0000E-02, 1.0933E+01, 1.3333E-01,
17:10:23.99201244, 1.3333E-01, 1.0867E+01, 2.6667E-01,
17:10:23.99201249, 1.0667E-01, 1.0900E+01, 0.0000E+00,
17:10:23.99201254, 1.2000E-01, 1.0867E+01, 1.3333E-01,
17:10:23.99201259, 1.0667E-01, 1.0833E+01, 2.6667E-01,
17:10:23.99201264, 1.0667E-01, 1.0867E+01, 1.3333E-01,
17:10:23.99201269, 9.3333E-02, 1.0867E+01, 0.0000E+00,
17:10:23.99201274, 9.3333E-02, 1.0833E+01, 1.3333E-01,
17:10:23.99201279, 8.0000E-02, 1.0833E+01,-2.6667E-01,
17:10:23.99201284, 1.0667E-01, 1.0867E+01, 1.3333E-01,
17:10:23.99201289, 9.3333E-02, 1.0867E+01, 1.3333E-01,
17:10:23.99201294, 9.3333E-02, 1.0833E+01, 0.0000E+00,
17:10:23.99201299, 1.0667E-01, 1.0933E+01, 0.0000E+00,
17:10:23.99201304, 9.3333E-02, 1.0867E+01, 1.3333E-01,
17:10:23.99201309, 1.0667E-01, 1.0867E+01,-1.3333E-01,
17:10:23.99201314, 1.2000E-01, 1.0900E+01, 0.0000E+00,
17:10:23.99201319, 9.3333E-02, 1.0900E+01, 2.6667E-01,
17:10:23.99201324, 1.0667E-01, 1.0900E+01, 1.3333E-01,
17:10:23.99201329, 8.0000E-02, 1.0833E+01, 0.0000E+00,
17:10:23.99201334, 1.0667E-01, 1.0833E+01, 0.0000E+00,
17:10:23.99201339, 1.0667E-01, 1.0867E+01, 0.0000E+00,
17:10:23.99201344, 9.3333E-02, 1.0800E+01, 1.3333E-01,
17:10:23.99201349, 1.0667E-01, 1.0833E+01, 1.3333E-01,
17:10:23.99201354, 9.3333E-02, 1.0833E+01, 0.0000E+00,
17:10:23.99201359, 8.0000E-02, 1.0867E+01, 1.3333E-01,
17:10:23.99201364, 1.2000E-01, 1.0933E+01, 2.6667E-01,
17:10:23.99201369, 1.0667E-01, 1.0833E+01, 2.6667E-01,
17:10:23.99201374, 9.3333E-02, 1.0833E+01, 2.6667E-01,
17:10:23.99201379, 9.3333E-02, 1.0800E+01, 0.0000E+00,
17:10:23.99201384, 6.6667E-02, 1.0800E+01, 2.6667E-01,
17:10:23.99201389, 1.0667E-01, 1.0900E+01, 1.3333E-01,
17:10:23.99201394, 1.0667E-01, 1.0833E+01,-1.3333E-01,
17:10:23.99201399, 9.3333E-02, 1.0867E+01, 1.3333E-01,
17:10:23.99201404, 9.3333E-02, 1.0933E+01, 0.0000E+00,
17:10:23.99201409, 1.2000E-01, 1.0800E+01,-1.3333E-01,
17:10:23.99201414, 1.0667E-01, 1.0900E+01, 1.3333E-01,
17:10:23.99201419, 1.0667E-01, 1.0867E+01, 0.0000E+00,
17:10:23.99201424, 6.6667E-02, 1.0833E+01, 4.0000E-01,
17:10:23.99201429, 8.0000E-02, 1.0800E+01, 1.3333E-01,
17:10:23.99201434, 8.0000E-02, 1.0867E+01, 0.0000E+00,
17:10:23.99201439, 1.0667E-01, 1.0867E+01, 1.3333E-01,
17:10:23.99201444, 9.3333E-02, 1.0867E+01, 0.0000E+00,
17:10:23.99201449, 9.3333E-02, 1.0867E+01, 0.0000E+00,
17:10:23.99201454, 9.3333E-02, 1.0900E+01,-1.3333E-01,
17:10:23.99201459, 9.3333E-02, 1.0900E+01,-4.0000E-01,
17:10:23.99201464, 9.3333E-02, 1.0933E+01, 1.3333E-01,
17:10:23.99201469, 9.3333E-02, 1.0833E+01, 0.0000E+00,
17:10:23.99201474, 9.3333E-02, 1.0833E+01, 2.6667E-01,
17:10:23.99201479, 9.3333E-02, 1.0867E+01, 2.6667E-01,
17:10:23.99201484, 6.6667E-02, 1.0900E+01,-1.3333E-01,
17:10:23.99201489, 8.0000E-02, 1.0900E+01,-1.3333E-01,
17:10:23.99201494, 1.0667E-01, 1.0833E+01, 1.3333E-01,
17:10:23.99201499, 1.2000E-01, 1.0933E+01, 2.6667E-01,
17:10:23.99201504, 1.0667E-01, 1.0800E+01, 0.0000E+00,
17:10:23.99201509, 1.2000E-01, 1.0867E+01, 1.3333E-01,
17:10:23.99201514, 9.3333E-02, 1.0867E+01, 0.0000E+00,
17:10:23.99201519, 8.0000E-02, 1.0867E+01,-2.6667E-01,
17:10:23.99201524, 8.0000E-02, 1.0833E+01, 1.3333E-01,
17:10:23.99201529, 8.0000E-02, 1.0800E+01, 0.0000E+00,
17:10:23.99201534, 9.3333E-02, 1.0867E+01, 1.3333E-01,
17:10:23.99201539, 1.2000E-01, 1.0900E+01, 4.0000E-01,
17:10:23.99201544, 9.3333E-02, 1.0867E+01,-1.3333E-01,
17:10:23.99201549, 1.0667E-01, 1.0800E+01,-1.3333E-01,
17:10:23.99201554, 1.0667E-01, 1.0800E+01,-2.6667E-01,
17:10:23.99201559, 9.3333E-02, 1.0867E+01, 2.6667E-01,
17:10:23.99201564, 9.3333E-02, 1.0933E+01, 0.0000E+00,
17:10:23.99201569, 9.3333E-02, 1.0933E+01, 1.3333E-01,
17:10:23.99201574, 8.0000E-02, 1.0833E+01, 0.0000E+00,
17:10:23.99201579, 8.0000E-02, 1.0967E+01, 0.0000E+00,
17:10:23.99201584, 1.0667E-01, 1.0867E+01,-2.6667E-01,
17:10:23.99201589, 1.2000E-01, 1.0867E+01, 0.0000E+00,
17:10:23.99201594, 8.0000E-02, 1.0833E+01, 2.6667E-01,
17:10:23.99201599, 1.2000E-01, 1.0833E+01, 0.0000E+00,
17:10:23.99201604, 8.0000E-02, 1.0767E+01, 1.3333E-01,
17:10:23.99201609, 8.0000E-02, 1.0867E+01, 0.0000E+00,
17:10:23.99201614, 1.0667E-01, 1.0833E+01, 1.3333E-01,
17:10:23.99201619, 8.0000E-02, 1.0867E+01, 2.6667E-01,
17:10:23.99201624, 8.0000E-02, 1.0833E+01, 2.6667E-01,
17:10:23.99201629, 8.0000E-02, 1.0867E+01, 2.6667E-01,
17:10:23.99201634, 8.0000E-02, 1.0867E+01, 0.0000E+00,
17:10:23.99201639, 5.3333E-02, 1.0800E+01,-1.3333E-01,
17:10:23.99201644, 1.0667E-01, 1.0833E+01, 5.3333E-01,
17:10:23.99201649, 9.3333E-02, 1.0900E+01,-1.3333E-01,
17:10:23.99201654, 1.2000E-01, 1.0867E+01, 1.3333E-01,
17:10:23.99201659, 8.0000E-02, 1.0833E+01, 1.3333E-01,
17:10:23.99201664, 5.3333E-02, 1.0867E+01, 6.6667E-01,
17:10:23.99201669, 6.6667E-02, 1.0900E+01, 1.3333E-01,
17:10:23.99201674, 8.0000E-02, 1.0867E+01, 2.6667E-01,
17:10:23.99201679, 8.0000E-02, 1.0800E+01, 2.6667E-01,
17:10:23.99201684, 1.0667E-01, 1.0867E+01, 1.3333E-01,
17:10:23.99201689, 9.3333E-02, 1.0867E+01, 0.0000E+00,
17:10:23.99201694, 9.3333E-02, 1.0867E+01, 0.0000E+00,
17:10:23.99201699, 8.0000E-02, 1.0867E+01, 1.3333E-01,
17:10:23.99201704, 9.3333E-02, 1.0900E+01, 1.3333E-01,
17:10:23.99201709, 8.0000E-02, 1.0800E+01, 4.0000E-01,
17:10:23.99201714, 8.0000E-02, 1.0900E+01, 5.3333E-01,
17:10:23.99201719, 8.0000E-02, 1.0933E+01, 1.3333E-01,
17:10:23.99201724, 8.0000E-02, 1.0900E+01, 4.0000E-01,
17:10:23.99201729, 1.2000E-01, 1.1000E+01, 2.6667E-01,
17:10:23.99201734, 1.0667E-01, 1.0800E+01, 0.0000E+00,
17:10:23.99201739, 1.0667E-01, 1.0867E+01, 1.3333E-01,
17:10:23.99201744, 8.0000E-02, 1.0833E+01,-1.3333E-01,
17:10:23.99201749, 9.3333E-02, 1.0833E+01,-1.3333E-01,
17:10:23.99201754, 8.0000E-02, 1.0900E+01, 1.3333E-01,
17:10:23.99201759, 8.0000E-02, 1.0800E+01, 5.3333E-01,
17:10:23.99201764, 9.3333E-02, 1.0867E+01, 1.3333E-01,
17:10:23.99201769, 8.0000E-02, 1.0933E+01, 1.3333E-01,
17:10:23.99201774, 1.0667E-01, 1.0933E+01, 2.6667E-01,
17:10:23.99201779, 8.0000E-02, 1.0867E+01, 4.0000E-01,
17:10:23.99201784, 8.0000E-02, 1.0867E+01, 4.0000E-01,
17:10:23.99201789, 1.0667E-01, 1.0867E+01, 2.6667E-01,
17:10:23.99201794, 1.0667E-01, 1.0900E+01,-1.3333E-01,
17:10:23.99201799, 8.0000E-02, 1.0867E+01, 1.3333E-01,
17:10:23.99201804, 9.3333E-02, 1.0833E+01, 1.3333E-01,
17:10:23.99201809, 8.0000E-02, 1.0833E+01, 1.3333E-01,
17:10:23.99201814, 8.0000E-02, 1.0833E+01, 2.6667E-01,
17:10:23.99201819, 8.0000E-02, 1.0767E+01, 5.3333E-01,
17:10:23.99201824, 8.0000E-02, 1.0867E+01, 1.3333E-01,
17:10:23.99201829, 9.3333E-02, 1.0900E+01, 4.0000E-01,
17:10:23.99201834, 8.0000E-02, 1.0833E+01, 4.0000E-01,
17:10:23.99201839, 6.6667E-02, 1.0800E+01,-1.3333E-01,
17:10:23.99201844, 8.0000E-02, 1.0900E+01,-1.3333E-01,
17:10:23.99201849, 8.0000E-02, 1.0900E+01,-1.3333E-01,
17:10:23.99201854, 8.0000E-02, 1.0800E+01, 0.0000E+00,
17:10:23.99201859, 8.0000E-02, 1.0933E+01, 2.6667E-01,
17:10:23.99201864, 8.0000E-02, 1.0833E+01, 0.0000E+00,
17:10:23.99201869, 8.0000E-02, 1.0833E+01, 1.3333E-01,
17:10:23.99201874, 8.0000E-02, 1.0800E+01, 2.6667E-01,
17:10:23.99201879, 8.0000E-02, 1.0933E+01, 0.0000E+00,
17:10:23.99201884, 9.3333E-02, 1.0900E+01, 1.3333E-01,
17:10:23.99201889, 8.0000E-02, 1.0833E+01, 4.0000E-01,
17:10:23.99201894, 9.3333E-02, 1.0833E+01,-2.6667E-01,
17:10:23.99201899, 8.0000E-02, 1.0900E+01, 2.6667E-01,
17:10:23.99201904, 8.0000E-02, 1.0900E+01,-1.3333E-01,
17:10:23.99201909, 1.0667E-01, 1.0933E+01,-2.6667E-01,
17:10:23.99201914, 8.0000E-02, 1.0933E+01, 0.0000E+00,
17:10:23.99201919, 6.6667E-02, 1.0867E+01,-2.6667E-01,
17:10:23.99201924, 6.6667E-02, 1.0833E+01, 4.0000E-01,
17:10:23.99201929, 8.0000E-02, 1.0833E+01, 4.0000E-01,
17:10:23.99201934, 1.0667E-01, 1.0867E+01, 0.0000E+00,
17:10:23.99201939, 8.0000E-02, 1.0833E+01, 0.0000E+00,
17:10:23.99201944, 9.3333E-02, 1.0867E+01, 0.0000E+00,
17:10:23.99201949, 6.6667E-02, 1.0800E+01, 0.0000E+00,
17:10:23.99201954, 8.0000E-02, 1.0867E+01, 1.3333E-01,
17:10:23.99201959, 8.0000E-02, 1.0933E+01, 1.3333E-01,
17:10:23.99201964, 8.0000E-02, 1.0867E+01, 2.6667E-01,
17:10:23.99201969, 8.0000E-02, 1.0833E+01, 0.0000E+00,
17:10:23.99201974, 9.3333E-02, 1.0800E+01, 1.3333E-01,
17:10:23.99201979, 9.3333E-02, 1.0867E+01, 0.0000E+00,
17:10:23.99201984, 1.0667E-01, 1.0867E+01,-1.3333E-01,
17:10:23.99201989, 1.0667E-01, 1.0867E+01,-1.3333E-01,
17:10:23.99201994, 8.0000E-02, 1.0800E+01, 2.6667E-01,
17:10:23.99201999, 6.6667E-02, 1.0800E+01, 1.3333E-01,
17:10:23.99202004, 5.3333E-02, 1.0833E+01, 4.0000E-01,
17:10:23.99202009, 6.6667E-02, 1.0833E+01, 2.6667E-01,
17:10:23.99202014, 8.0000E-02, 1.0833E+01, 1.3333E-01,
17:10:23.99202019, 8.0000E-02, 1.0833E+01, 2.6667E-01,
17:10:23.99202024, 9.3333E-02, 1.0833E+01, 0.0000E+00,
17:10:23.99202029, 8.0000E-02, 1.0900E+01, 1.3333E-01,
17:10:23.99202034, 1.2000E-01, 1.0833E+01, 1.3333E-01,
17:10:23.99202039, 8.0000E-02, 1.0867E+01, 0.0000E+00,
17:10:23.99202044, 8.0000E-02, 1.0900E+01, 0.0000E+00,
17:10:23.99202049, 5.3333E-02, 1.0800E+01, 2.6667E-01,
17:10:23.99202054, 9.3333E-02, 1.0800E+01, 2.6667E-01,
17:10:23.99202059, 6.6667E-02, 1.0900E+01, 0.0000E+00,
17:10:23.99202064, 9.3333E-02, 1.0900E+01, 4.0000E-01,
17:10:23.99202069, 9.3333E-02, 1.0867E+01, 2.6667E-01,
17:10:23.99202074, 1.0667E-01, 1.0800E+01, 1.3333E-01,
17:10:23.99202079, 8.0000E-02, 1.0867E+01, 2.6667E-01,
17:10:23.99202084, 6.6667E-02, 1.0767E+01,-1.3333E-01,
17:10:23.99202089, 8.0000E-02, 1.0833E+01, 0.0000E+00,
17:10:23.99202094, 8.0000E-02, 1.0867E+01, 4.0000E-01,
17:10:23.99202099, 8.0000E-02, 1.0900E+01, 5.3333E-01,
17:10:23.99202104, 5.3333E-02, 1.0833E+01,-1.3333E-01,
17:10:23.99202109, 6.6667E-02, 1.0900E+01, 2.6667E-01,
17:10:23.99202114, 6.6667E-02, 1.0967E+01, 2.6667E-01,
17:10:23.99202119, 5.3333E-02, 1.0900E+01, 2.6667E-01,
17:10:23.99202124, 8.0000E-02, 1.0900E+01, 1.3333E-01,
17:10:23.99202129, 6.6667E-02, 1.0867E+01, 0.0000E+00,
17:10:23.99202134, 8.0000E-02, 1.0867E+01, 2.6667E-01,
17:10:23.99202139, 8.0000E-02, 1.0967E+01, 4.0000E-01,
17:10:23.99202144, 8.0000E-02, 1.0867E+01, 1.3333E-01,
17:10:23.99202149, 5.3333E-02, 1.0833E+01,-1.3333E-01,
17:10:23.99202154, 6.6667E-02, 1.0867E+01, 0.0000E+00,
17:10:23.99202159, 2.6667E-02, 1.0867E+01, 1.3333E-01,
17:10:23.99202164, 5.3333E-02, 1.0867E+01, 0.0000E+00,
17:10:23.99202169, 6.6667E-02, 1.0833E+01, 0.0000E+00,
17:10:23.99202174, 6.6667E-02, 1.0867E+01, 1.3333E-01,
17:10:23.99202179, 8.0000E-02, 1.0867E+01, 2.6667E-01,
17:10:23.99202184, 5.3333E-02, 1.0833E+01, 0.0000E+00,
17:10:23.99202189, 6.6667E-02, 1.0867E+01, 1.3333E-01,
17:10:23.99202194, 4.0000E-02, 1.0900E+01,-1.3333E-01,
17:10:23.99202199, 8.0000E-02, 1.0867E+01, 1.3333E-01,
17:10:23.99202204, 6.6667E-02, 1.0833E+01, 2.6667E-01,
17:10:23.99202209, 8.0000E-02, 1.0900E+01,-1.3333E-01,
17:10:23.99202214, 6.6667E-02, 1.0833E+01, 0.0000E+00,
17:10:23.99202219, 6.6667E-02, 1.0900E+01, 1.3333E-01,
17:10:23.99202224, 6.6667E-02, 1.0900E+01, 0.0000E+00,
17:10:23.99202229, 5.3333E-02, 1.0900E+01,-1.3333E-01,
17:10:23.99202234, 6.6667E-02, 1.0800E+01, 1.3333E-01,
17:10:23.99202239, 6.6667E-02, 1.0900E+01, 0.0000E+00,
17:10:23.99202244, 8.0000E-02, 1.0900E+01, 0.0000E+00,
17:10:23.99202249, 5.3333E-02, 1.0867E+01, 1.3333E-01,
17:10:23.99202254, 8.0000E-02, 1.0867E+01, 1.3333E-01,
17:10:23.99202259, 6.6667E-02, 1.0867E+01,-1.3333E-01,
17:10:23.99202264, 8.0000E-02, 1.0867E+01, 1.3333E-01,
17:10:23.99202269, 1.0667E-01, 1.0867E+01, 0.0000E+00,
17:10:23.99202274, 8.0000E-02, 1.0867E+01, 1.3333E-01,
17:10:23.99202279, 6.6667E-02, 1.0900E+01, 1.3333E-01,
17:10:23.99202284, 6.6667E-02, 1.0900E+01, 2.6667E-01,
17:10:23.99202289, 2.6667E-02, 1.0900E+01, 0.0000E+00,
17:10:23.99202294, 8.0000E-02, 1.0833E+01, 1.3333E-01,
17:10:23.99202299, 4.0000E-02, 1.0900E+01, 2.6667E-01,
17:10:23.99202304, 8.0000E-02, 1.0833E+01, 2.6667E-01,
17:10:23.99202309, 6.6667E-02, 1.0867E+01, 1.3333E-01,
17:10:23.99202314, 5.3333E-02, 1.0900E+01, 2.6667E-01,
17:10:23.99202319, 8.0000E-02, 1.0800E+01, 1.3333E-01,
17:10:23.99202324, 6.6667E-02, 1.0833E+01, 1.3333E-01,
17:10:23.99202329, 8.0000E-02, 1.0900E+01,-1.3333E-01,
17:10:23.99202334, 8.0000E-02, 1.0833E+01, 2.6667E-01,
17:10:23.99202339, 6.6667E-02, 1.0900E+01, 1.3333E-01,
17:10:23.99202344, 5.3333E-02, 1.0933E+01, 2.6667E-01,
17:10:23.99202349, 5.3333E-02, 1.0933E+01, 4.0000E-01,
17:10:23.99202354, 8.0000E-02, 1.0800E+01, 1.3333E-01,
17:10:23.99202359, 6.6667E-02, 1.0933E+01, 5.3333E-01,
17:10:23.99202364, 8.0000E-02, 1.0867E+01,-1.3333E-01,
17:10:23.99202369, 8.0000E-02, 1.0833E+01, 0.0000E+00,
17:10:23.99202374, 8.0000E-02, 1.0900E+01, 1.3333E-01,
17:10:23.99202379, 9.3333E-02, 1.0867E+01, 1.3333E-01,
17:10:23.99202384, 6.6667E-02, 1.0867E+01, 2.6667E-01,
17:10:23.99202389, 6.6667E-02, 1.0867E+01,-2.6667E-01,
17:10:23.99202394, 6.6667E-02, 1.0867E+01, 1.3333E-01,
17:10:23.99202399, 8.0000E-02, 1.0800E+01, 4.0000E-01,
17:10:23.99202404, 6.6667E-02, 1.0867E+01, 1.3333E-01,
17:10:23.99202409, 6.6667E-02, 1.0867E+01, 1.3333E-01,
17:10:23.99202414, 8.0000E-02, 1.0833E+01, 0.0000E+00,
17:10:23.99202419, 5.3333E-02, 1.0900E+01, 0.0000E+00,
17:10:23.99202424, 8.0000E-02, 1.0867E+01, 0.0000E+00,
17:10:23.99202429, 8.0000E-02, 1.0867E+01, 1.3333E-01,
17:10:23.99202434, 4.0000E-02, 1.0833E+01, 1.3333E-01,
17:10:23.99202439, 5.3333E-02, 1.0800E+01, 2.6667E-01,
17:10:23.99202444, 6.6667E-02, 1.0767E+01, 6.6667E-01,
17:10:23.99202449, 9.3333E-02, 1.0833E+01, 1.3333E-01,
17:10:23.99202454, 8.0000E-02, 1.0900E+01, 1.3333E-01,
17:10:23.99202459, 8.0000E-02, 1.0800E+01, 4.0000E-01,
17:10:23.99202464, 6.6667E-02, 1.0900E+01, 0.0000E+00,
17:10:23.99202469, 9.3333E-02, 1.0900E+01, 2.6667E-01,
17:10:23.99202474, 8.0000E-02, 1.0833E+01, 1.3333E-01,
17:10:23.99202479, 6.6667E-02, 1.0800E+01, 0.0000E+00,
17:10:23.99202484, 8.0000E-02, 1.0900E+01,-2.6667E-01,
17:10:23.99202489, 8.0000E-02, 1.0867E+01, 2.6667E-01,
17:10:23.99202494, 5.3333E-02, 1.0833E+01, 0.0000E+00,
17:10:23.99202499, 8.0000E-02, 1.0867E+01, 1.3333E-01,
17:10:23.99202504, 8.0000E-02, 1.0833E+01, 1.3333E-01,
17:10:23.99202509, 8.0000E-02, 1.0900E+01, 1.3333E-01,
17:10:23.99202514, 5.3333E-02, 1.0933E+01, 0.0000E+00,
17:10:23.99202519, 6.6667E-02, 1.0900E+01, 4.0000E-01,
17:10:23.99202524, 4.0000E-02, 1.0867E+01, 0.0000E+00,
17:10:23.99202529, 8.0000E-02, 1.0933E+01, 1.3333E-01,
17:10:23.99202534, 8.0000E-02, 1.0867E+01, 4.0000E-01,
17:10:23.99202539, 8.0000E-02, 1.0833E+01, 0.0000E+00,
17:10:23.99202544, 1.0667E-01, 1.0900E+01, 4.0000E-01,
17:10:23.99202549, 5.3333E-02, 1.0867E+01, 2.6667E-01,
17:10:23.99202554, 8.0000E-02, 1.0833E+01,-1.3333E-01,
17:10:23.99202559, 8.0000E-02, 1.0867E+01, 0.0000E+00,
17:10:23.99202564, 8.0000E-02, 1.0767E+01,-1.3333E-01,
17:10:23.99202569, 8.0000E-02, 1.0867E+01,-1.3333E-01,
17:10:23.99202574, 8.0000E-02, 1.0833E+01, 2.6667E-01,
17:10:23.99202579, 5.3333E-02, 1.0767E+01, 2.6667E-01,
17:10:23.99202584, 5.3333E-02, 1.0800E+01, 1.3333E-01,
17:10:23.99202589, 8.0000E-02, 1.0933E+01, 4.0000E-01,
17:10:23.99202594, 6.6667E-02, 1.0867E+01, 2.6667E-01,
17:10:23.99202599, 5.3333E-02, 1.0867E+01, 1.3333E-01,
17:10:23.99202604, 8.0000E-02, 1.0900E+01, 2.6667E-01,
17:10:23.99202609, 8.0000E-02, 1.0800E+01, 1.3333E-01,
17:10:23.99202614, 6.6667E-02, 1.0833E+01, 2.6667E-01,
17:10:23.99202619, 8.0000E-02, 1.0867E+01, 1.3333E-01,
17:10:23.99202624, 4.0000E-02, 1.0900E+01, 1.3333E-01,
17:10:23.99202629, 5.3333E-02, 1.0867E+01, 1.3333E-01,
17:10:23.99202634, 4.0000E-02, 1.0867E+01, 4.0000E-01,
17:10:23.99202639, 8.0000E-02, 1.0933E+01, 4.0000E-01,
17:10:23.99202644, 8.0000E-02, 1.0800E+01, 1.3333E-01,
17:10:23.99202649, 5.3333E-02, 1.0800E+01, 4.0000E-01,
17:10:23.99202654, 6.6667E-02, 1.0867E+01, 0.0000E+00,
17:10:23.99202659, 8.0000E-02, 1.0900E+01, 1.3333E-01,
17:10:23.99202664, 6.6667E-02, 1.0867E+01, 1.3333E-01,
17:10:23.99202669, 6.6667E-02, 1.0900E+01, 2.6667E-01,
17:10:23.99202674, 8.0000E-02, 1.0900E+01, 0.0000E+00,
17:10:23.99202679, 8.0000E-02, 1.0867E+01, 2.6667E-01,
17:10:23.99202684, 5.3333E-02, 1.0933E+01, 1.3333E-01,
17:10:23.99202689, 6.6667E-02, 1.0933E+01, 6.6667E-01,
17:10:23.99202694, 6.6667E-02, 1.0800E+01, 4.0000E-01,
17:10:23.99202699, 6.6667E-02, 1.0900E+01, 2.6667E-01,
17:10:23.99202704, 8.0000E-02, 1.0933E+01,-2.6667E-01,
17:10:23.99202709, 8.0000E-02, 1.0833E+01, 1.3333E-01,
17:10:23.99202714, 5.3333E-02, 1.0900E+01, 0.0000E+00,
17:10:23.99202719, 8.0000E-02, 1.0933E+01, 1.3333E-01,
17:10:23.99202724, 5.3333E-02, 1.0867E+01, 0.0000E+00,
17:10:23.99202729, 8.0000E-02, 1.0833E+01, 0.0000E+00,
17:10:23.99202734, 6.6667E-02, 1.0900E+01, 1.3333E-01,
17:10:23.99202739, 8.0000E-02, 1.0867E+01, 5.3333E-01,
17:10:23.99202744, 8.0000E-02, 1.0900E+01, 0.0000E+00,
17:10:23.99202749, 5.3333E-02, 1.0967E+01, 0.0000E+00,
17:10:23.99202754, 4.0000E-02, 1.0900E+01, 0.0000E+00,
17:10:23.99202759, 8.0000E-02, 1.0933E+01,-2.6667E-01,
17:10:23.99202764, 5.3333E-02, 1.0867E+01, 1.3333E-01,
17:10:23.99202769, 5.3333E-02, 1.0833E+01, 1.3333E-01,
17:10:23.99202774, 5.3333E-02, 1.0867E+01, 1.3333E-01,
17:10:23.99202779, 6.6667E-02, 1.0867E+01, 0.0000E+00,
17:10:23.99202784, 6.6667E-02, 1.0867E+01, 1.3333E-01,
17:10:23.99202789, 8.0000E-02, 1.0900E+01, 4.0000E-01,
17:10:23.99202794, 8.0000E-02, 1.0867E+01, 0.0000E+00,
17:10:23.99202799, 6.6667E-02, 1.0833E+01, 0.0000E+00,
17:10:23.99202804, 8.0000E-02, 1.0867E+01, 1.3333E-01,
17:10:23.99202809, 8.0000E-02, 1.0867E+01, 2.6667E-01,
17:10:23.99202814, 4.0000E-02, 1.0933E+01, 1.3333E-01,
17:10:23.99202819, 5.3333E-02, 1.0900E+01, 1.3333E-01,
17:10:23.99202824, 8.0000E-02, 1.0800E+01, 4.0000E-01,
17:10:23.99202829, 8.0000E-02, 1.0867E+01,-4.0000E-01,
17:10:23.99202834, 6.6667E-02, 1.0800E+01, 2.6667E-01,
17:10:23.99202839, 8.0000E-02, 1.0867E+01, 1.3333E-01,
17:10:23.99202844, 8.0000E-02, 1.0800E+01, 0.0000E+00,
17:10:23.99202849, 6.6667E-02, 1.0900E+01, 4.0000E-01,
17:10:23.99202854, 5.3333E-02, 1.0867E+01, 0.0000E+00,
17:10:23.99202859, 5.3333E-02, 1.0867E+01, 0.0000E+00,
17:10:23.99202864, 6.6667E-02, 1.0867E+01, 1.3333E-01,
17:10:23.99202869, 8.0000E-02, 1.0867E+01, 4.0000E-01,
17:10:23.99202874, 4.0000E-02, 1.0867E+01, 2.6667E-01,
17:10:23.99202879, 5.3333E-02, 1.0867E+01,-1.3333E-01,
17:10:23.99202884, 8.0000E-02, 1.0900E+01, 2.6667E-01,
17:10:23.99202889, 8.0000E-02, 1.0800E+01, 4.0000E-01,
17:10:23.99202894, 9.3333E-02, 1.0833E+01, 2.6667E-01,
17:10:23.99202899, 6.6667E-02, 1.0867E+01, 1.3333E-01,
17:10:23.99202904, 6.6667E-02, 1.0867E+01, 1.3333E-01,
17:10:23.99202909, 5.3333E-02, 1.0867E+01, 0.0000E+00,
17:10:23.99202914, 4.0000E-02, 1.0900E+01,-1.3333E-01,
17:10:23.99202919, 5.3333E-02, 1.0867E+01, 1.3333E-01,
17:10:23.99202924, 6.6667E-02, 1.0867E+01, 1.3333E-01,
17:10:23.99202929, 6.6667E-02, 1.0900E+01, 2.6667E-01,
17:10:23.99202934, 8.0000E-02, 1.0867E+01,-1.3333E-01,
17:10:23.99202939, 5.3333E-02, 1.0867E+01, 0.0000E+00,
17:10:23.99202944, 4.0000E-02, 1.0867E+01, 1.3333E-01,
17:10:23.99202949, 8.0000E-02, 1.0833E+01, 2.6667E-01,
17:10:23.99202954, 8.0000E-02, 1.0800E+01,-1.3333E-01,
17:10:23.99202959, 4.0000E-02, 1.0833E+01,-1.3333E-01,
17:10:23.99202964, 2.6667E-02, 1.0900E+01, 1.3333E-01,
17:10:23.99202969, 4.0000E-02, 1.0900E+01,-2.6667E-01,
17:10:23.99202974, 6.6667E-02, 1.0900E+01, 1.3333E-01,
17:10:23.99202979, 6.6667E-02, 1.0900E+01, 2.6667E-01,
17:10:23.99202984, 5.3333E-02, 1.0867E+01, 2.6667E-01,
17:10:23.99202989, 5.3333E-02, 1.0900E+01, 4.0000E-01,
17:10:23.99202994, 8.0000E-02, 1.0800E+01, 2.6667E-01,
17:10:23.99202999, 5.3333E-02, 1.0867E+01, 1.3333E-01,
17:10:23.99203004, 6.6667E-02, 1.0867E+01, 5.3333E-01,
17:10:23.99203009, 4.0000E-02, 1.0933E+01, 4.0000E-01,
17:10:23.99203014, 4.0000E-02, 1.0833E+01, 1.3333E-01,
17:10:23.99203019, 5.3333E-02, 1.0833E+01, 1.3333E-01,
17:10:23.99203024, 6.6667E-02, 1.0900E+01, 4.0000E-01,
17:10:23.99203029, 8.0000E-02, 1.0867E+01, 2.6667E-01,
17:10:23.99203034, 5.3333E-02, 1.0833E+01, 1.3333E-01,
17:10:23.99203039, 8.0000E-02, 1.0833E+01, 1.3333E-01,
17:10:23.99203044, 5.3333E-02, 1.0933E+01, 0.0000E+00,
17:10:23.99203049, 4.0000E-02, 1.0833E+01, 0.0000E+00,
17:10:23.99203054, 5.3333E-02, 1.0833E+01,-2.6667E-01,
17:10:23.99203059, 4.0000E-02, 1.0867E+01, 0.0000E+00,
17:10:23.99203064, 4.0000E-02, 1.0867E+01, 5.3333E-01,
17:10:23.99203069, 2.6667E-02, 1.0833E+01, 2.6667E-01,
17:10:23.99203074, 5.3333E-02, 1.0900E+01, 4.0000E-01,
17:10:23.99203079, 4.0000E-02, 1.0867E+01, 2.6667E-01,
17:10:23.99203084, 4.0000E-02, 1.0867E+01, 4.0000E-01,
17:10:23.99203089, 4.0000E-02, 1.0867E+01, 1.3333E-01,
17:10:23.99203094, 6.6667E-02, 1.0833E+01, 0.0000E+00,
17:10:23.99203099, 1.3333E-02, 1.0867E+01, 0.0000E+00,
17:10:23.99203104, 6.6667E-02, 1.0833E+01, 2.6667E-01,
17:10:23.99203109, 4.0000E-02, 1.0833E+01, 1.3333E-01,
17:10:23.99203114, 6.6667E-02, 1.0900E+01, 1.3333E-01,
17:10:23.99203119, 8.0000E-02, 1.0867E+01, 1.3333E-01,
17:10:23.99203124, 5.3333E-02, 1.0800E+01, 1.3333E-01,
17:10:23.99203129, 5.3333E-02, 1.0900E+01, 1.3333E-01,
17:10:23.99203134, 6.6667E-02, 1.0900E+01, 4.0000E-01,
17:10:23.99203139, 1.3333E-02, 1.0900E+01, 1.3333E-01,
17:10:23.99203144, 5.3333E-02, 1.0933E+01,-1.3333E-01,
17:10:23.99203149, 5.3333E-02, 1.0800E+01, 0.0000E+00,
17:10:23.99203154, 4.0000E-02, 1.0833E+01, 2.6667E-01,
17:10:23.99203159, 4.0000E-02, 1.0867E+01, 1.3333E-01,
17:10:23.99203164, 6.6667E-02, 1.0933E+01, 1.3333E-01,
17:10:23.99203169, 6.6667E-02, 1.0867E+01, 0.0000E+00,
17:10:23.99203174, 4.0000E-02, 1.0867E+01, 5.3333E-01,
17:10:23.99203179, 6.6667E-02, 1.0867E+01, 1.3333E-01,
17:10:23.99203184, 6.6667E-02, 1.0833E+01, 1.3333E-01,
17:10:23.99203189, 5.3333E-02, 1.0900E+01, 2.6667E-01,
17:10:23.99203194, 2.6667E-02, 1.0867E+01, 1.3333E-01,
17:10:23.99203199, 8.0000E-02, 1.0867E+01, 0.0000E+00,
17:10:23.99203204, 4.0000E-02, 1.0867E+01, 2.6667E-01,
17:10:23.99203209, 4.0000E-02, 1.0900E+01, 0.0000E+00,
17:10:23.99203214, 2.6667E-02, 1.0867E+01, 0.0000E+00,
17:10:23.99203219, 5.3333E-02, 1.0933E+01, 0.0000E+00,
17:10:23.99203224, 8.0000E-02, 1.0800E+01, 4.0000E-01,
17:10:23.99203229, 4.0000E-02, 1.0867E+01, 1.3333E-01,
17:10:23.99203234, 6.6667E-02, 1.0967E+01, 2.6667E-01,
17:10:23.99203239, 4.0000E-02, 1.0800E+01, 1.3333E-01,
17:10:23.99203244, 6.6667E-02, 1.0933E+01, 1.3333E-01,
17:10:23.99203249, 2.6667E-02, 1.0800E+01, 1.3333E-01,
17:10:23.99203254, 1.3333E-02, 1.0833E+01, 1.3333E-01,
17:10:23.99203259, 5.3333E-02, 1.0867E+01, 2.6667E-01,
17:10:23.99203264, 6.6667E-02, 1.0933E+01,-1.3333E-01,
17:10:23.99203269, 4.0000E-02, 1.0933E+01, 2.6667E-01,
17:10:23.99203274, 4.0000E-02, 1.0867E+01, 1.3333E-01,
17:10:23.99203279, 6.6667E-02, 1.0867E+01, 4.0000E-01,
17:10:23.99203284, 8.0000E-02, 1.0800E+01, 2.6667E-01,
17:10:23.99203289, 4.0000E-02, 1.0867E+01, 2.6667E-01,
17:10:23.99203294, 4.0000E-02, 1.0833E+01, 5.3333E-01,
17:10:23.99203299, 5.3333E-02, 1.0867E+01, 4.0000E-01,
17:10:23.99203304, 4.0000E-02, 1.0833E+01, 1.3333E-01,
17:10:23.99203309, 6.6667E-02, 1.0767E+01, 1.3333E-01,
17:10:23.99203314, 6.6667E-02, 1.0867E+01, 0.0000E+00,
17:10:23.99203319, 4.0000E-02, 1.0867E+01, 6.6667E-01,
17:10:23.99203324, 4.0000E-02, 1.0933E+01, 2.6667E-01,
17:10:23.99203329, 8.0000E-02, 1.0867E+01, 5.3333E-01,
17:10:23.99203334, 6.6667E-02, 1.0800E+01,-2.6667E-01,
17:10:23.99203339, 5.3333E-02, 1.0833E+01, 0.0000E+00,
17:10:23.99203344, 5.3333E-02, 1.0867E+01, 2.6667E-01,
17:10:23.99203349, 2.6667E-02, 1.0867E+01,-1.3333E-01,
17:10:23.99203354, 4.0000E-02, 1.0900E+01, 1.3333E-01,
17:10:23.99203359, 5.3333E-02, 1.0933E+01, 4.0000E-01,
17:10:23.99203364, 4.0000E-02, 1.0867E+01, 2.6667E-01,
17:10:23.99203369, 5.3333E-02, 1.0933E+01, 0.0000E+00,
17:10:23.99203374, 5.3333E-02, 1.0867E+01, 1.3333E-01,
17:10:23.99203379, 4.0000E-02, 1.0900E+01, 4.0000E-01,
17:10:23.99203384, 6.6667E-02, 1.0900E+01, 0.0000E+00,
17:10:23.99203389, 4.0000E-02, 1.0833E+01, 0.0000E+00,
17:10:23.99203394, 2.6667E-02, 1.0867E+01, 0.0000E+00,
17:10:23.99203399, 5.3333E-02, 1.0900E+01, 0.0000E+00,
17:10:23.99203404, 5.3333E-02, 1.0867E+01, 4.0000E-01,
17:10:23.99203409, 8.0000E-02, 1.0900E+01, 1.3333E-01,
17:10:23.99203414, 5.3333E-02, 1.0900E+01, 1.3333E-01,
17:10:23.99203419, 4.0000E-02, 1.0933E+01,-2.6667E-01,
17:10:23.99203424, 2.6667E-02, 1.0967E+01, 2.6667E-01,
17:10:23.99203429, 5.3333E-02, 1.0800E+01, 0.0000E+00,
17:10:23.99203434, 8.0000E-02, 1.0867E+01,-2.6667E-01,
17:10:23.99203439, 4.0000E-02, 1.0833E+01, 2.6667E-01,
17:10:23.99203444, 2.6667E-02, 1.0900E+01, 0.0000E+00,
17:10:23.99203449, 6.6667E-02, 1.0867E+01, 2.6667E-01,
17:10:23.99203454, 5.3333E-02, 1.0867E+01,-1.3333E-01,
17:10:23.99203459, 5.3333E-02, 1.0833E+01, 2.6667E-01,
17:10:23.99203464, 6.6667E-02, 1.0867E+01, 2.6667E-01,
17:10:23.99203469, 5.3333E-02, 1.0900E+01, 1.3333E-01,
17:10:23.99203474, 6.6667E-02, 1.0800E+01, 6.6667E-01,
17:10:23.99203479, 2.6667E-02, 1.0900E+01, 1.3333E-01,
17:10:23.99203484, 5.3333E-02, 1.0900E+01, 0.0000E+00,
17:10:23.99203489, 1.3333E-02, 1.0900E+01,-2.6667E-01,
17:10:23.99203494, 2.6667E-02, 1.0800E+01, 0.0000E+00,
17:10:23.99203499, 2.6667E-02, 1.0867E+01, 0.0000E+00,
17:10:23.99203504, 6.6667E-02, 1.0833E+01, 2.6667E-01,
17:10:23.99203509, 2.6667E-02, 1.0933E+01, 4.0000E-01,
17:10:23.99203514, 5.3333E-02, 1.0867E+01, 0.0000E+00,
17:10:23.99203519, 6.6667E-02, 1.0933E+01, 2.6667E-01,
17:10:23.99203524, 6.6667E-02, 1.0800E+01, 1.3333E-01,
17:10:23.99203529, 2.6667E-02, 1.0800E+01, 1.3333E-01,
17:10:23.99203534, 2.6667E-02, 1.0833E+01, 0.0000E+00,
17:10:23.99203539, 2.6667E-02, 1.0867E+01, 0.0000E+00,
17:10:23.99203544, 5.3333E-02, 1.0833E+01,-1.3333E-01,
17:10:23.99203549, 6.6667E-02, 1.0833E+01, 1.3333E-01,
17:10:23.99203554, 6.6667E-02, 1.0900E+01, 2.6667E-01,
17:10:23.99203559, 4.0000E-02, 1.0867E+01, 5.3333E-01,
17:10:23.99203564, 6.6667E-02, 1.0900E+01, 2.6667E-01,
17:10:23.99203569, 5.3333E-02, 1.0933E+01, 0.0000E+00,
17:10:23.99203574, 5.3333E-02, 1.0867E+01, 1.3333E-01,
17:10:23.99203579, 4.0000E-02, 1.0933E+01, 1.3333E-01,
17:10:23.99203584, 1.3333E-02, 1.1000E+01,-1.3333E-01,
17:10:23.99203589, 6.6667E-02, 1.0800E+01, 0.0000E+00,
17:10:23.99203594, 5.3333E-02, 1.0900E+01, 4.0000E-01,
17:10:23.99203599, 4.0000E-02, 1.0800E+01,-1.3333E-01,
17:10:23.99203604, 5.3333E-02, 1.0900E+01, 2.6667E-01,
17:10:23.99203609, 6.6667E-02, 1.0867E+01,-1.3333E-01,
17:10:23.99203614, 5.3333E-02, 1.0900E+01, 1.3333E-01,
17:10:23.99203619, 4.0000E-02, 1.0833E+01,-1.3333E-01,
17:10:23.99203624, 4.0000E-02, 1.0800E+01, 0.0000E+00,
17:10:23.99203629, 4.0000E-02, 1.0900E+01, 0.0000E+00,
17:10:23.99203634, 2.6667E-02, 1.0867E+01, 0.0000E+00,
17:10:23.99203639, 4.0000E-02, 1.0833E+01, 2.6667E-01,
17:10:23.99203644, 2.6667E-02, 1.0833E+01, 0.0000E+00,
17:10:23.99203649, 2.6667E-02, 1.0867E+01, 2.6667E-01,
17:10:23.99203654, 5.3333E-02, 1.0933E+01, 1.3333E-01,
17:10:23.99203659, 2.6667E-02, 1.0900E+01, 0.0000E+00,
17:10:23.99203664, 6.6667E-02, 1.0867E+01, 2.6667E-01,
17:10:23.99203669, 2.6667E-02, 1.0833E+01, 0.0000E+00,
17:10:23.99203674, 4.0000E-02, 1.0900E+01, 0.0000E+00,
17:10:23.99203679, 4.0000E-02, 1.0867E+01, 0.0000E+00,
17:10:23.99203684, 2.6667E-02, 1.0900E+01, 2.6667E-01,
17:10:23.99203689, 5.3333E-02, 1.0867E+01, 1.3333E-01,
17:10:23.99203694, 5.3333E-02, 1.0767E+01, 1.3333E-01,
17:10:23.99203699, 6.6667E-02, 1.0867E+01,-1.3333E-01,
17:10:23.99203704, 5.3333E-02, 1.0967E+01,-1.3333E-01,
17:10:23.99203709, 2.6667E-02, 1.0933E+01, 1.3333E-01,
17:10:23.99203714, 4.0000E-02, 1.0867E+01,-1.3333E-01,
17:10:23.99203719, 4.0000E-02, 1.0867E+01, 1.3333E-01,
17:10:23.99203724, 6.6667E-02, 1.0800E+01,-1.3333E-01,
17:10:23.99203729, 2.6667E-02, 1.0900E+01,-1.3333E-01,
17:10:23.99203734, 5.3333E-02, 1.0867E+01, 0.0000E+00,
17:10:23.99203739, 2.6667E-02, 1.0900E+01, 0.0000E+00,
17:10:23.99203744, 2.6667E-02, 1.0867E+01, 1.3333E-01,
17:10:23.99203749, 1.3333E-02, 1.0767E+01, 0.0000E+00,
17:10:23.99203754, 4.0000E-02, 1.0800E+01, 1.3333E-01,
17:10:23.99203759, 4.0000E-02, 1.0833E+01, 1.3333E-01,
17:10:23.99203764, 2.6667E-02, 1.0900E+01, 2.6667E-01,
17:10:23.99203769, 2.6667E-02, 1.0800E+01, 2.6667E-01,
17:10:23.99203774, 4.0000E-02, 1.0900E+01, 5.3333E-01,
17:10:23.99203779, 1.3333E-02, 1.0867E+01, 4.0000E-01,
17:10:23.99203784, 1.3333E-02, 1.0800E+01, 1.3333E-01,
17:10:23.99203789, 4.0000E-02, 1.0833E+01, 4.0000E-01,
17:10:23.99203794, 2.6667E-02, 1.0867E+01, 0.0000E+00,
17:10:23.99203799, 4.0000E-02, 1.0833E+01, 4.0000E-01,
17:10:23.99203804, 2.6667E-02, 1.0900E+01, 1.3333E-01,
17:10:23.99203809, 4.0000E-02, 1.0867E+01, 2.6667E-01,
17:10:23.99203814, 8.0000E-02, 1.0900E+01, 4.0000E-01,
17:10:23.99203819, 4.0000E-02, 1.0867E+01, 2.6667E-01,
17:10:23.99203824, 1.3333E-02, 1.0867E+01, 0.0000E+00,
17:10:23.99203829, 4.0000E-02, 1.0833E+01, 2.6667E-01,
17:10:23.99203834, 4.0000E-02, 1.0867E+01, 2.6667E-01,
17:10:23.99203839, 4.0000E-02, 1.0800E+01, 2.6667E-01,
17:10:23.99203844, 5.3333E-02, 1.0833E+01, 0.0000E+00,
17:10:23.99203849, 4.0000E-02, 1.0867E+01, 0.0000E+00,
17:10:23.99203854, 4.0000E-02, 1.0900E+01, 4.0000E-01,
17:10:23.99203859, 2.6667E-02, 1.0867E+01, 1.3333E-01,
17:10:23.99203864, 5.3333E-02, 1.0833E+01, 4.0000E-01,
17:10:23.99203869, 2.6667E-02, 1.0967E+01,-1.3333E-01,
17:10:23.99203874, 2.6667E-02, 1.0800E+01, 0.0000E+00,
17:10:23.99203879, 6.6667E-02, 1.0867E+01, 2.6667E-01,
17:10:23.99203884, 5.3333E-02, 1.0833E+01, 4.0000E-01,
17:10:23.99203889, 4.0000E-02, 1.0900E+01, 1.3333E-01,
17:10:23.99203894, 2.6667E-02, 1.0867E+01,-1.3333E-01,
17:10:23.99203899, 6.6667E-02, 1.0800E+01,-1.3333E-01,
17:10:23.99203904, 4.0000E-02, 1.0833E+01, 0.0000E+00,
17:10:23.99203909, 0.0000E+00, 1.0800E+01, 0.0000E+00,
17:10:23.99203914, 5.3333E-02, 1.0867E+01, 0.0000E+00,
17:10:23.99203919, 5.3333E-02, 1.0833E+01,-1.3333E-01,
17:10:23.99203924, 1.3333E-02, 1.0833E+01, 0.0000E+00,
17:10:23.99203929, 2.6667E-02, 1.0900E+01, 1.3333E-01,
17:10:23.99203934, 5.3333E-02, 1.0867E+01, 1.3333E-01,
17:10:23.99203939, 6.6667E-02, 1.0933E+01, 2.6667E-01,
17:10:23.99203944, 2.6667E-02, 1.0867E+01, 2.6667E-01,
17:10:23.99203949, 2.6667E-02, 1.0900E+01, 0.0000E+00,
17:10:23.99203954, 4.0000E-02, 1.0867E+01, 1.3333E-01,
17:10:23.99203959, 2.6667E-02, 1.0800E+01, 0.0000E+00,
17:10:23.99203964, 2.6667E-02, 1.0933E+01, 0.0000E+00,
17:10:23.99203969, 4.0000E-02, 1.0933E+01,-4.0000E-01,
17:10:23.99203974, 4.0000E-02, 1.0800E+01, 0.0000E+00,
17:10:23.99203979, 4.0000E-02, 1.0800E+01, 2.6667E-01,
17:10:23.99203984, 5.3333E-02, 1.0900E+01, 0.0000E+00,
17:10:23.99203989, 6.6667E-02, 1.0833E+01, 0.0000E+00,
17:10:23.99203994, 2.6667E-02, 1.0833E+01,-1.3333E-01,
17:10:23.99203999, 5.3333E-02, 1.0800E+01, 2.6667E-01,
17:10:23.99204004, 4.0000E-02, 1.0833E+01, 0.0000E+00,
17:10:23.99204009, 1.3333E-02, 1.0900E+01, 4.0000E-01,
17:10:23.99204014, 5.3333E-02, 1.0867E+01, 2.6667E-01,
17:10:23.99204019, 2.6667E-02, 1.0867E+01, 2.6667E-01,
17:10:23.99204024, 2.6667E-02, 1.0867E+01, 0.0000E+00,
17:10:23.99204029, 2.6667E-02, 1.0867E+01, 1.3333E-01,
17:10:23.99204034, 4.0000E-02, 1.0900E+01, 0.0000E+00,
17:10:23.99204039, 5.3333E-02, 1.0833E+01, 2.6667E-01,
17:10:23.99204044, 5.3333E-02, 1.0867E+01, 6.6667E-01,
17:10:23.99204049, 4.0000E-02, 1.0900E+01, 2.6667E-01,
17:10:23.99204054, 5.3333E-02, 1.0900E+01, 1.3333E-01,
17:10:23.99204059, 5.3333E-02, 1.0967E+01, 1.3333E-01,
17:10:23.99204064, 5.3333E-02, 1.0833E+01, 1.3333E-01,
17:10:23.99204069, 5.3333E-02, 1.0933E+01, 2.6667E-01,
17:10:23.99204074, 4.0000E-02, 1.0833E+01, 1.3333E-01,
17:10:23.99204079, 2.6667E-02, 1.0933E+01, 0.0000E+00,
17:10:23.99204084, 5.3333E-02, 1.0900E+01, 1.3333E-01,
17:10:23.99204089, 5.3333E-02, 1.0767E+01, 0.0000E+00,
17:10:23.99204094, 5.3333E-02, 1.0833E+01, 4.0000E-01,
17:10:23.99204099, 5.3333E-02, 1.0900E+01, 0.0000E+00,
17:10:23.99204104, 4.0000E-02, 1.0833E+01, 1.3333E-01,
17:10:23.99204109, 1.3333E-02, 1.0867E+01, 1.3333E-01,
17:10:23.99204114, 8.0000E-02, 1.0833E+01,-1.3333E-01,
17:10:23.99204119, 5.3333E-02, 1.0867E+01, 0.0000E+00,
17:10:23.99204124, 5.3333E-02, 1.0833E+01, 1.3333E-01,
17:10:23.99204129, 2.6667E-02, 1.0900E+01, 1.3333E-01,
17:10:23.99204134, 6.6667E-02, 1.0867E+01, 1.3333E-01,
17:10:23.99204139, 6.6667E-02, 1.0867E+01, 1.3333E-01,
17:10:23.99204144, 6.6667E-02, 1.0867E+01, 4.0000E-01,
17:10:23.99204149, 5.3333E-02, 1.0833E+01, 1.3333E-01,
17:10:23.99204154, 2.6667E-02, 1.0833E+01, 2.6667E-01,
17:10:23.99204159, 4.0000E-02, 1.0967E+01, 1.3333E-01,
17:10:23.99204164, 4.0000E-02, 1.0867E+01, 4.0000E-01,
17:10:23.99204169, 2.6667E-02, 1.0900E+01, 1.3333E-01,
17:10:23.99204174, 6.6667E-02, 1.0833E+01,-2.6667E-01,
17:10:23.99204179, 2.6667E-02, 1.0833E+01, 0.0000E+00,
17:10:23.99204184, 2.6667E-02, 1.0867E+01, 0.0000E+00,
17:10:23.99204189, 2.6667E-02, 1.0900E+01, 1.3333E-01,
17:10:23.99204194, 4.0000E-02, 1.0900E+01, 1.3333E-01,
17:10:23.99204199, 2.6667E-02, 1.0867E+01, 1.3333E-01,
17:10:23.99204204, 5.3333E-02, 1.0833E+01, 0.0000E+00,
17:10:23.99204209, 4.0000E-02, 1.0833E+01, 1.3333E-01,
17:10:23.99204214, 1.3333E-02, 1.0833E+01, 1.3333E-01,
17:10:23.99204219, 4.0000E-02, 1.0867E+01,-2.6667E-01,
17:10:23.99204224, 4.0000E-02, 1.0833E+01, 1.3333E-01,
17:10:23.99204229, 5.3333E-02, 1.0867E+01,-2.6667E-01,
17:10:23.99204234, 4.0000E-02, 1.0833E+01, 1.3333E-01,
17:10:23.99204239, 2.6667E-02, 1.0900E+01, 1.3333E-01,
17:10:23.99204244, 2.6667E-02, 1.0867E+01, 2.6667E-01,
17:10:23.99204249, 5.3333E-02, 1.0833E+01, 1.3333E-01,
17:10:23.99204254, 1.3333E-02, 1.0800E+01, 1.3333E-01,
17:10:23.99204259, 4.0000E-02, 1.0800E+01,-1.3333E-01,
17:10:23.99204264, 2.6667E-02, 1.0900E+01, 2.6667E-01,
17:10:23.99204269, 1.3333E-02, 1.0833E+01,-1.3333E-01,
17:10:23.99204274, 4.0000E-02, 1.0833E+01, 2.6667E-01,
17:10:23.99204279, 2.6667E-02, 1.0900E+01, 2.6667E-01,
17:10:23.99204284, 4.0000E-02, 1.0800E+01, 4.0000E-01,
17:10:23.99204289, 4.0000E-02, 1.0800E+01, 1.3333E-01,
17:10:23.99204294, 4.0000E-02, 1.0800E+01, 2.6667E-01,
17:10:23.99204299, 5.3333E-02, 1.0867E+01, 2.6667E-01,
17:10:23.99204304, 1.3333E-02, 1.0867E+01, 1.3333E-01,
17:10:23.99204309, 5.3333E-02, 1.0833E+01, 1.3333E-01,
17:10:23.99204314, 2.6667E-02, 1.0867E+01,-4.0000E-01,
17:10:23.99204319, 0.0000E+00, 1.0833E+01, 0.0000E+00,
17:10:23.99204324, 4.0000E-02, 1.0933E+01, 1.3333E-01,
17:10:23.99204329, 4.0000E-02, 1.0867E+01, 2.6667E-01,
17:10:23.99204334, 2.6667E-02, 1.0867E+01, 0.0000E+00,
17:10:23.99204339, 4.0000E-02, 1.0833E+01, 2.6667E-01,
17:10:23.99204344, 2.6667E-02, 1.0833E+01, 0.0000E+00,
17:10:23.99204349, 1.3333E-02, 1.0833E+01, 1.3333E-01,
17:10:23.99204354, 1.3333E-02, 1.0833E+01, 2.6667E-01,
17:10:23.99204359, 5.3333E-02, 1.0867E+01,-1.3333E-01,
17:10:23.99204364, 2.6667E-02, 1.0867E+01, 0.0000E+00,
17:10:23.99204369, 0.0000E+00, 1.0867E+01, 4.0000E-01,
17:10:23.99204374, 2.6667E-02, 1.0867E+01, 1.3333E-01,
17:10:23.99204379, 4.0000E-02, 1.0867E+01,-1.3333E-01,
17:10:23.99204384, 2.6667E-02, 1.0867E+01, 2.6667E-01,
17:10:23.99204389, 2.6667E-02, 1.0800E+01, 5.3333E-01,
17:10:23.99204394, 4.0000E-02, 1.0900E+01, 1.3333E-01,
17:10:23.99204399, 2.6667E-02, 1.0833E+01, 0.0000E+00,
17:10:23.99204404, 2.6667E-02, 1.0900E+01,-1.3333E-01,
17:10:23.99204409, 4.0000E-02, 1.0800E+01, 1.3333E-01,
17:10:23.99204414, 2.6667E-02, 1.0900E+01, 2.6667E-01,
17:10:23.99204419, 1.3333E-02, 1.0900E+01, 1.3333E-01,
17:10:23.99204424, 4.0000E-02, 1.0833E+01,-4.0000E-01,
17:10:23.99204429, 6.6667E-02, 1.0833E+01, 1.3333E-01,
17:10:23.99204434, 2.6667E-02, 1.0900E+01, 0.0000E+00,
17:10:23.99204439, 4.0000E-02, 1.0867E+01, 0.0000E+00,
17:10:23.99204444, 2.6667E-02, 1.0867E+01, 1.3333E-01,
17:10:23.99204449, 0.0000E+00, 1.0867E+01, 1.3333E-01,
17:10:23.99204454, 4.0000E-02, 1.0833E+01, 1.3333E-01,
17:10:23.99204459, 2.6667E-02, 1.0867E+01, 1.3333E-01,
17:10:23.99204464, 2.6667E-02, 1.0900E+01, 1.3333E-01,
17:10:23.99204469, 2.6667E-02, 1.0867E+01, 4.0000E-01,
17:10:23.99204474, 2.6667E-02, 1.0867E+01, 2.6667E-01,
17:10:23.99204479, 2.6667E-02, 1.0800E+01, 0.0000E+00,
17:10:23.99204484, 2.6667E-02, 1.0833E+01, 1.3333E-01,
17:10:23.99204489, 2.6667E-02, 1.0833E+01, 2.6667E-01,
17:10:23.99204494, 1.3333E-02, 1.0800E+01, 1.3333E-01,
17:10:23.99204499, 4.0000E-02, 1.0900E+01, 0.0000E+00,
17:10:23.99204504, 4.0000E-02, 1.0867E+01, 0.0000E+00,
17:10:23.99204509, 5.3333E-02, 1.0933E+01, 2.6667E-01,
17:10:23.99204514, 1.3333E-02, 1.0867E+01, 1.3333E-01,
17:10:23.99204519, 1.3333E-02, 1.0833E+01, 1.3333E-01,
17:10:23.99204524, 2.6667E-02, 1.0867E+01, 0.0000E+00,
17:10:23.99204529, 5.3333E-02, 1.0867E+01, 0.0000E+00,
17:10:23.99204534, 4.0000E-02, 1.0900E+01, 4.0000E-01,
17:10:23.99204539, 8.0000E-02, 1.0900E+01, 0.0000E+00,
17:10:23.99204544, 1.3333E-02, 1.0933E+01, 4.0000E-01,
17:10:23.99204549, 4.0000E-02, 1.0833E+01, 0.0000E+00,
17:10:23.99204554, 0.0000E+00, 1.0833E+01, 0.0000E+00,
17:10:23.99204559, 4.0000E-02, 1.0867E+01, 4.0000E-01,
17:10:23.99204564, 0.0000E+00, 1.0833E+01, 1.3333E-01,
17:10:23.99204569, 2.6667E-02, 1.0867E+01, 1.3333E-01,
17:10:23.99204574, 5.3333E-02, 1.0867E+01,-1.3333E-01,
17:10:23.99204579, 2.6667E-02, 1.0833E+01, 1.3333E-01,
17:10:23.99204584, 4.0000E-02, 1.0900E+01, 2.6667E-01,
17:10:23.99204589, 1.3333E-02, 1.0833E+01, 2.6667E-01,
17:10:23.99204594, 1.3333E-02, 1.0900E+01, 2.6667E-01,
17:10:23.99204599, 0.0000E+00, 1.0867E+01,-1.3333E-01,
17:10:23.99204604, 4.0000E-02, 1.0900E+01, 0.0000E+00,
17:10:23.99204609, 0.0000E+00, 1.0900E+01, 1.3333E-01,
17:10:23.99204614, 1.3333E-02, 1.0900E+01,-2.6667E-01,
17:10:23.99204619, 1.3333E-02, 1.0800E+01,-4.0000E-01,
17:10:23.99204624, 2.6667E-02, 1.0900E+01, 2.6667E-01,
17:10:23.99204629, 4.0000E-02, 1.0867E+01, 4.0000E-01,
17:10:23.99204634, 5.3333E-02, 1.0833E+01, 5.3333E-01,
17:10:23.99204639, 1.3333E-02, 1.0933E+01, 5.3333E-01,
17:10:23.99204644, 1.3333E-02, 1.0900E+01,-2.6667E-01,
17:10:23.99204649, 4.0000E-02, 1.0767E+01, 0.0000E+00,
17:10:23.99204654, 1.3333E-02, 1.0800E+01,-1.3333E-01,
17:10:23.99204659, 5.3333E-02, 1.0867E+01, 0.0000E+00,
17:10:23.99204664, 5.3333E-02, 1.0800E+01, 1.3333E-01,
17:10:23.99204669, 4.0000E-02, 1.0833E+01,-1.3333E-01,
17:10:23.99204674, 4.0000E-02, 1.0833E+01, 0.0000E+00,
17:10:23.99204679, 0.0000E+00, 1.0833E+01, 1.3333E-01,
17:10:23.99204684, 1.3333E-02, 1.0833E+01, 0.0000E+00,
17:10:23.99204689,-1.3333E-02, 1.0933E+01,-2.6667E-01,
17:10:23.99204694, 1.3333E-02, 1.0833E+01, 1.3333E-01,
17:10:23.99204699, 2.6667E-02, 1.0867E+01, 1.3333E-01,
17:10:23.99204704, 1.3333E-02, 1.0933E+01, 1.3333E-01,
17:10:23.99204709, 1.3333E-02, 1.0833E+01, 2.6667E-01,
17:10:23.99204714, 5.3333E-02, 1.0867E+01,-1.3333E-01,
17:10:23.99204719, 4.0000E-02, 1.0867E+01, 2.6667E-01,
17:10:23.99204724, 2.6667E-02, 1.0833E+01, 4.0000E-01,
17:10:23.99204729, 2.6667E-02, 1.0867E+01, 2.6667E-01,
17:10:23.99204734,-1.3333E-02, 1.0833E+01, 2.6667E-01,
17:10:23.99204739, 5.3333E-02, 1.0900E+01, 1.3333E-01,
17:10:23.99204744, 4.0000E-02, 1.0867E+01, 1.3333E-01,
17:10:23.99204749, 4.0000E-02, 1.0833E+01, 2.6667E-01,
17:10:23.99204754, 2.6667E-02, 1.0833E+01, 0.0000E+00,
17:10:23.99204759, 5.3333E-02, 1.0867E+01, 2.6667E-01,
17:10:23.99204764, 5.3333E-02, 1.0867E+01, 4.0000E-01,
17:10:23.99204769, 1.3333E-02, 1.0800E+01, 1.3333E-01,
17:10:23.99204774, 2.6667E-02, 1.0867E+01, 2.6667E-01,
17:10:23.99204779, 4.0000E-02, 1.0833E+01, 0.0000E+00,
17:10:23.99204784, 1.3333E-02, 1.0800E+01, 1.3333E-01,
17:10:23.99204789, 1.3333E-02, 1.0867E+01, 4.0000E-01,
17:10:23.99204794, 4.0000E-02, 1.0900E+01, 4.0000E-01,
17:10:23.99204799, 2.6667E-02, 1.0800E+01, 2.6667E-01,
17:10:23.99204804, 2.6667E-02, 1.0867E+01,-1.3333E-01,
17:10:23.99204809, 4.0000E-02, 1.0833E+01, 0.0000E+00,
17:10:23.99204814, 5.3333E-02, 1.0867E+01, 1.3333E-01,
17:10:23.99204819, 1.3333E-02, 1.0833E+01, 2.6667E-01,
17:10:23.99204824, 4.0000E-02, 1.1000E+01, 1.3333E-01,
17:10:23.99204829, 1.3333E-02, 1.0867E+01, 2.6667E-01,
17:10:23.99204834, 4.0000E-02, 1.0833E+01, 0.0000E+00,
17:10:23.99204839, 1.3333E-02, 1.0933E+01, 2.6667E-01,
17:10:23.99204844, 2.6667E-02, 1.0867E+01, 0.0000E+00,
17:10:23.99204849, 4.0000E-02, 1.0900E+01, 1.3333E-01,
17:10:23.99204854, 4.0000E-02, 1.0833E+01,-1.3333E-01,
17:10:23.99204859, 0.0000E+00, 1.0867E+01, 2.6667E-01,
17:10:23.99204864, 4.0000E-02, 1.0867E+01, 4.0000E-01,
17:10:23.99204869, 2.6667E-02, 1.0867E+01, 4.0000E-01,
17:10:23.99204874, 4.0000E-02, 1.0900E+01, 1.3333E-01,
17:10:23.99204879, 1.3333E-02, 1.0833E+01, 0.0000E+00,
17:10:23.99204884, 2.6667E-02, 1.0867E+01, 2.6667E-01,
17:10:23.99204889, 1.3333E-02, 1.0900E+01, 2.6667E-01,
17:10:23.99204894, 0.0000E+00, 1.0833E+01, 2.6667E-01,
17:10:23.99204899,-1.3333E-02, 1.0833E+01, 1.3333E-01,
17:10:23.99204904, 5.3333E-02, 1.0867E+01, 1.3333E-01,
17:10:23.99204909, 4.0000E-02, 1.0867E+01, 2.6667E-01,
17:10:23.99204914, 4.0000E-02, 1.0867E+01, 1.3333E-01,
17:10:23.99204919, 2.6667E-02, 1.0833E+01,-1.3333E-01,
17:10:23.99204924, 1.3333E-02, 1.0900E+01, 4.0000E-01,
17:10:23.99204929, 0.0000E+00, 1.0833E+01, 1.3333E-01,
17:10:23.99204934, 1.3333E-02, 1.0833E+01, 0.0000E+00,
17:10:23.99204939, 1.3333E-02, 1.0833E+01, 0.0000E+00,
17:10:23.99204944, 4.0000E-02, 1.0867E+01, 1.3333E-01,
17:10:23.99204949, 6.6667E-02, 1.0867E+01, 1.3333E-01,
17:10:23.99204954,-1.3333E-02, 1.0900E+01, 1.3333E-01,
17:10:23.99204959, 4.0000E-02, 1.0867E+01, 0.0000E+00,
17:10:23.99204964, 2.6667E-02, 1.0900E+01, 1.3333E-01,
17:10:23.99204969, 2.6667E-02, 1.0867E+01, 1.3333E-01,
17:10:23.99204974, 0.0000E+00, 1.0900E+01, 0.0000E+00,
17:10:23.99204979, 2.6667E-02, 1.0867E+01, 2.6667E-01,
17:10:23.99204984, 4.0000E-02, 1.0800E+01, 2.6667E-01,
17:10:23.99204989, 0.0000E+00, 1.0833E+01, 1.3333E-01,
17:10:23.99204994, 5.3333E-02, 1.0833E+01, 1.3333E-01,
17:10:23.99204999, 5.3333E-02, 1.0833E+01, 2.6667E-01,
17:10:23.99205004, 4.0000E-02, 1.0900E+01, 4.0000E-01,
17:10:23.99205009, 0.0000E+00, 1.0933E+01, 0.0000E+00,
17:10:23.99205014, 1.3333E-02, 1.0800E+01, 1.3333E-01,
17:10:23.99205019, 1.3333E-02, 1.0900E+01, 2.6667E-01,
17:10:23.99205024, 1.3333E-02, 1.0867E+01, 2.6667E-01,
17:10:23.99205029, 2.6667E-02, 1.0833E+01, 0.0000E+00,
17:10:23.99205034, 2.6667E-02, 1.0833E+01,-1.3333E-01,
17:10:23.99205039, 4.0000E-02, 1.0833E+01, 2.6667E-01,
17:10:23.99205044, 4.0000E-02, 1.0867E+01, 0.0000E+00,
17:10:23.99205049, 5.3333E-02, 1.0767E+01, 2.6667E-01,
17:10:23.99205054, 2.6667E-02, 1.0933E+01, 0.0000E+00,
17:10:23.99205059, 4.0000E-02, 1.0900E+01, 1.3333E-01,
17:10:23.99205064, 1.3333E-02, 1.0800E+01, 2.6667E-01,
17:10:23.99205069, 1.3333E-02, 1.0867E+01, 0.0000E+00,
17:10:23.99205074, 1.3333E-02, 1.0833E+01, 1.3333E-01,
17:10:23.99205079, 4.0000E-02, 1.0767E+01, 1.3333E-01,
17:10:23.99205084, 2.6667E-02, 1.0900E+01, 0.0000E+00,
17:10:23.99205089, 0.0000E+00, 1.0833E+01, 0.0000E+00,
17:10:23.99205094, 2.6667E-02, 1.0833E+01, 2.6667E-01,
17:10:23.99205099, 1.3333E-02, 1.0900E+01, 0.0000E+00,
17:10:23.99205104, 1.3333E-02, 1.0900E+01, 0.0000E+00,
17:10:23.99205109, 2.6667E-02, 1.0867E+01, 1.3333E-01,
17:10:23.99205114, 1.3333E-02, 1.0933E+01, 5.3333E-01,
17:10:23.99205119, 2.6667E-02, 1.0933E+01, 1.3333E-01,
17:10:23.99205124, 4.0000E-02, 1.0867E+01, 1.3333E-01,
17:10:23.99205129, 2.6667E-02, 1.0900E+01, 4.0000E-01,
17:10:23.99205134,-1.3333E-02, 1.0767E+01, 0.0000E+00,
17:10:23.99205139, 4.0000E-02, 1.0800E+01, 0.0000E+00,
17:10:23.99205144, 1.3333E-02, 1.0933E+01,-1.3333E-01,
17:10:23.99205149, 2.6667E-02, 1.0833E+01, 0.0000E+00,
17:10:23.99205154, 1.3333E-02, 1.0900E+01, 0.0000E+00,
17:10:23.99205159, 4.0000E-02, 1.0933E+01,-1.3333E-01,
17:10:23.99205164, 1.3333E-02, 1.0833E+01, 0.0000E+00,
17:10:23.99205169, 1.3333E-02, 1.0833E+01, 0.0000E+00,
17:10:23.99205174, 0.0000E+00, 1.0967E+01, 4.0000E-01,
17:10:23.99205179, 4.0000E-02, 1.0900E+01, 2.6667E-01,
17:10:23.99205184, 2.6667E-02, 1.0800E+01, 2.6667E-01,
17:10:23.99205189, 4.0000E-02, 1.0900E+01, 2.6667E-01,
