"Header Size"           ,15              
"Model Name"            ,"DL850EV       "
"Comment"               ,"                         "
"BlockNumber"           ,1               
"TraceName"             ,"Vgate         ","Vds           ","Id            "
"BlockSize"             ,4004            ,4004            ,4004            
"VUnit"                 ,"V             ","V             ","A             "
"SampleRate"            ,20000000.000000 ,20000000.000000 ,20000000.000000 
"HResolution"           ,5.000000e-08    ,5.000000e-08    ,5.000000e-08    
"HOffset"               ,-2.000000e-05   ,-2.000000e-05   ,-2.000000e-05   
"HUnit"                 ,"s             ","s             ","s             "
"DisplayPointNo."       ,1               ,1               ,1               
"PhaseShift"            ,1               ,1               ,1               
"Date"                  ,"2026/05/20    ","2026/05/20    ","2026/05/20    "
"Time"                  ,"10:59:24.72097044","10:59:24.72097044","10:59:24.72097044"

10:59:24.72095044,-3.3333E-02, 8.6667E-01, 9.3333E-01,
10:59:24.72095049, 0.0000E+00, 8.0000E-01, 9.3333E-01,
10:59:24.72095054, 6.6667E-02, 8.0000E-01, 9.3333E-01,
10:59:24.72095059, 6.6667E-02, 7.3333E-01, 1.0667E+00,
10:59:24.72095064, 6.6667E-02, 8.6667E-01, 1.2000E+00,
10:59:24.72095069,-3.3333E-02, 8.6667E-01, 1.0667E+00,
10:59:24.72095074, 3.3333E-02, 8.0000E-01, 1.0667E+00,
10:59:24.72095079, 0.0000E+00, 8.6667E-01, 9.3333E-01,
10:59:24.72095084, 0.0000E+00, 7.3333E-01, 1.0667E+00,
10:59:24.72095089, 0.0000E+00, 6.6667E-01, 1.0667E+00,
10:59:24.72095094, 0.0000E+00, 8.0000E-01, 1.0667E+00,
10:59:24.72095099, 6.6667E-02, 8.6667E-01, 9.3333E-01,
10:59:24.72095104, 6.6667E-02, 8.6667E-01, 8.0000E-01,
10:59:24.72095109,-3.3333E-02, 8.6667E-01, 1.0667E+00,
10:59:24.72095114, 0.0000E+00, 7.3333E-01, 6.6667E-01,
10:59:24.72095119,-3.3333E-02, 8.6667E-01, 1.2000E+00,
10:59:24.72095124, 0.0000E+00, 8.0000E-01, 8.0000E-01,
10:59:24.72095129, 3.3333E-02, 8.0000E-01, 1.0667E+00,
10:59:24.72095134, 6.6667E-02, 8.0000E-01, 6.6667E-01,
10:59:24.72095139, 0.0000E+00, 7.3333E-01, 1.0667E+00,
10:59:24.72095144, 3.3333E-02, 9.3333E-01, 8.0000E-01,
10:59:24.72095149, 3.3333E-02, 8.6667E-01, 8.0000E-01,
10:59:24.72095154, 3.3333E-02, 8.6667E-01, 8.0000E-01,
10:59:24.72095159,-3.3333E-02, 7.3333E-01, 9.3333E-01,
10:59:24.72095164, 3.3333E-02, 8.0000E-01, 9.3333E-01,
10:59:24.72095169, 0.0000E+00, 8.0000E-01, 1.2000E+00,
10:59:24.72095174, 0.0000E+00, 7.3333E-01, 1.0667E+00,
10:59:24.72095179,-3.3333E-02, 8.6667E-01, 6.6667E-01,
10:59:24.72095184, 3.3333E-02, 8.6667E-01, 8.0000E-01,
10:59:24.72095189,-3.3333E-02, 7.3333E-01, 9.3333E-01,
10:59:24.72095194, 1.0000E-01, 7.3333E-01, 8.0000E-01,
10:59:24.72095199, 0.0000E+00, 8.0000E-01, 1.0667E+00,
10:59:24.72095204,-3.3333E-02, 7.3333E-01, 8.0000E-01,
10:59:24.72095209, 3.3333E-02, 7.3333E-01, 1.2000E+00,
10:59:24.72095214,-3.3333E-02, 8.0000E-01, 1.0667E+00,
10:59:24.72095219, 3.3333E-02, 8.6667E-01, 9.3333E-01,
10:59:24.72095224, 3.3333E-02, 8.6667E-01, 9.3333E-01,
10:59:24.72095229, 3.3333E-02, 7.3333E-01, 9.3333E-01,
10:59:24.72095234, 1.3333E-01, 8.0000E-01, 6.6667E-01,
10:59:24.72095239, 1.0000E-01, 7.3333E-01, 6.6667E-01,
10:59:24.72095244, 0.0000E+00, 8.0000E-01, 9.3333E-01,
10:59:24.72095249, 3.3333E-02, 8.0000E-01, 8.0000E-01,
10:59:24.72095254, 0.0000E+00, 7.3333E-01, 9.3333E-01,
10:59:24.72095259, 3.3333E-02, 8.0000E-01, 1.0667E+00,
10:59:24.72095264,-3.3333E-02, 7.3333E-01, 9.3333E-01,
10:59:24.72095269, 6.6667E-02, 8.0000E-01, 1.2000E+00,
10:59:24.72095274, 0.0000E+00, 8.6667E-01, 8.0000E-01,
10:59:24.72095279, 6.6667E-02, 8.6667E-01, 8.0000E-01,
10:59:24.72095284, 0.0000E+00, 8.0000E-01, 6.6667E-01,
10:59:24.72095289, 0.0000E+00, 8.6667E-01, 1.0667E+00,
10:59:24.72095294, 0.0000E+00, 8.6667E-01, 8.0000E-01,
10:59:24.72095299, 0.0000E+00, 1.0000E+00, 8.0000E-01,
10:59:24.72095304,-3.3333E-02, 8.6667E-01, 8.0000E-01,
10:59:24.72095309, 0.0000E+00, 8.6667E-01, 9.3333E-01,
10:59:24.72095314, 0.0000E+00, 8.6667E-01, 8.0000E-01,
10:59:24.72095319, 6.6667E-02, 8.0000E-01, 1.0667E+00,
10:59:24.72095324, 0.0000E+00, 7.3333E-01, 8.0000E-01,
10:59:24.72095329, 0.0000E+00, 8.6667E-01, 9.3333E-01,
10:59:24.72095334, 3.3333E-02, 8.0000E-01, 9.3333E-01,
10:59:24.72095339, 3.3333E-02, 8.0000E-01, 8.0000E-01,
10:59:24.72095344, 1.0000E-01, 8.6667E-01, 9.3333E-01,
10:59:24.72095349, 3.3333E-02, 7.3333E-01, 9.3333E-01,
10:59:24.72095354, 6.6667E-02, 8.6667E-01, 1.2000E+00,
10:59:24.72095359, 6.6667E-02, 8.6667E-01, 6.6667E-01,
10:59:24.72095364, 3.3333E-02, 8.0000E-01, 1.0667E+00,
10:59:24.72095369, 1.0000E-01, 7.3333E-01, 1.0667E+00,
10:59:24.72095374, 6.6667E-02, 8.6667E-01, 9.3333E-01,
10:59:24.72095379, 1.0000E-01, 7.3333E-01, 8.0000E-01,
10:59:24.72095384, 3.3333E-02, 8.0000E-01, 9.3333E-01,
10:59:24.72095389, 3.3333E-02, 8.6667E-01, 1.2000E+00,
10:59:24.72095394, 0.0000E+00, 8.6667E-01, 6.6667E-01,
10:59:24.72095399, 6.6667E-02, 7.3333E-01, 1.0667E+00,
10:59:24.72095404, 6.6667E-02, 8.0000E-01, 9.3333E-01,
10:59:24.72095409,-3.3333E-02, 8.0000E-01, 8.0000E-01,
10:59:24.72095414, 0.0000E+00, 8.0000E-01, 8.0000E-01,
10:59:24.72095419, 6.6667E-02, 9.3333E-01, 8.0000E-01,
10:59:24.72095424, 3.3333E-02, 8.0000E-01, 8.0000E-01,
10:59:24.72095429, 0.0000E+00, 8.6667E-01, 1.2000E+00,
10:59:24.72095434, 3.3333E-02, 8.0000E-01, 1.2000E+00,
10:59:24.72095439, 0.0000E+00, 1.0000E+00, 8.0000E-01,
10:59:24.72095444, 0.0000E+00, 9.3333E-01, 1.2000E+00,
10:59:24.72095449,-3.3333E-02, 8.6667E-01, 8.0000E-01,
10:59:24.72095454,-6.6667E-02, 8.0000E-01, 9.3333E-01,
10:59:24.72095459, 3.3333E-02, 7.3333E-01, 1.2000E+00,
10:59:24.72095464, 0.0000E+00, 8.0000E-01, 1.2000E+00,
10:59:24.72095469, 0.0000E+00, 6.6667E-01, 1.0667E+00,
10:59:24.72095474, 6.6667E-02, 1.0000E+00, 9.3333E-01,
10:59:24.72095479, 0.0000E+00, 8.6667E-01, 1.0667E+00,
10:59:24.72095484,-3.3333E-02, 8.0000E-01, 1.0667E+00,
10:59:24.72095489, 3.3333E-02, 8.0000E-01, 8.0000E-01,
10:59:24.72095494,-3.3333E-02, 8.6667E-01, 1.0667E+00,
10:59:24.72095499, 0.0000E+00, 8.0000E-01, 1.0667E+00,
10:59:24.72095504, 6.6667E-02, 8.0000E-01, 8.0000E-01,
10:59:24.72095509, 0.0000E+00, 8.6667E-01, 1.4667E+00,
10:59:24.72095514, 0.0000E+00, 9.3333E-01, 9.3333E-01,
10:59:24.72095519, 6.6667E-02, 8.0000E-01, 1.0667E+00,
10:59:24.72095524, 3.3333E-02, 8.6667E-01, 1.2000E+00,
10:59:24.72095529, 3.3333E-02, 8.6667E-01, 8.0000E-01,
10:59:24.72095534, 0.0000E+00, 7.3333E-01, 1.0667E+00,
10:59:24.72095539, 0.0000E+00, 8.0000E-01, 1.0667E+00,
10:59:24.72095544, 6.6667E-02, 6.6667E-01, 9.3333E-01,
10:59:24.72095549,-3.3333E-02, 8.0000E-01, 9.3333E-01,
10:59:24.72095554,-3.3333E-02, 8.0000E-01, 1.2000E+00,
10:59:24.72095559,-3.3333E-02, 9.3333E-01, 1.2000E+00,
10:59:24.72095564,-3.3333E-02, 9.3333E-01, 1.0667E+00,
10:59:24.72095569, 0.0000E+00, 7.3333E-01, 1.3333E+00,
10:59:24.72095574, 0.0000E+00, 7.3333E-01, 9.3333E-01,
10:59:24.72095579, 3.3333E-02, 8.0000E-01, 8.0000E-01,
10:59:24.72095584, 0.0000E+00, 7.3333E-01, 9.3333E-01,
10:59:24.72095589, 0.0000E+00, 8.6667E-01, 9.3333E-01,
10:59:24.72095594, 3.3333E-02, 7.3333E-01, 9.3333E-01,
10:59:24.72095599, 0.0000E+00, 8.0000E-01, 1.2000E+00,
10:59:24.72095604, 6.6667E-02, 8.6667E-01, 1.0667E+00,
10:59:24.72095609, 3.3333E-02, 7.3333E-01, 1.2000E+00,
10:59:24.72095614, 1.3333E-01, 6.6667E-01, 9.3333E-01,
10:59:24.72095619, 0.0000E+00, 7.3333E-01, 1.2000E+00,
10:59:24.72095624, 1.0000E-01, 6.6667E-01, 1.2000E+00,
10:59:24.72095629, 6.6667E-02, 7.3333E-01, 8.0000E-01,
10:59:24.72095634, 3.3333E-02, 6.6667E-01, 8.0000E-01,
10:59:24.72095639, 3.3333E-02, 7.3333E-01, 9.3333E-01,
10:59:24.72095644, 3.3333E-02, 7.3333E-01, 9.3333E-01,
10:59:24.72095649, 0.0000E+00, 9.3333E-01, 1.2000E+00,
10:59:24.72095654, 6.6667E-02, 8.6667E-01, 1.0667E+00,
10:59:24.72095659, 3.3333E-02, 9.3333E-01, 8.0000E-01,
10:59:24.72095664, 0.0000E+00, 6.6667E-01, 9.3333E-01,
10:59:24.72095669, 6.6667E-02, 8.6667E-01, 8.0000E-01,
10:59:24.72095674, 3.3333E-02, 6.6667E-01, 1.2000E+00,
10:59:24.72095679, 0.0000E+00, 9.3333E-01, 9.3333E-01,
10:59:24.72095684,-3.3333E-02, 6.0000E-01, 1.2000E+00,
10:59:24.72095689,-3.3333E-02, 7.3333E-01, 1.2000E+00,
10:59:24.72095694, 0.0000E+00, 7.3333E-01, 1.2000E+00,
10:59:24.72095699, 3.3333E-02, 8.0000E-01, 1.0667E+00,
10:59:24.72095704,-3.3333E-02, 8.6667E-01, 8.0000E-01,
10:59:24.72095709, 1.0000E-01, 8.0000E-01, 1.0667E+00,
10:59:24.72095714, 3.3333E-02, 7.3333E-01, 1.2000E+00,
10:59:24.72095719, 1.0000E-01, 9.3333E-01, 1.2000E+00,
10:59:24.72095724, 0.0000E+00, 9.3333E-01, 1.2000E+00,
10:59:24.72095729, 3.3333E-02, 8.0000E-01, 8.0000E-01,
10:59:24.72095734, 0.0000E+00, 8.0000E-01, 1.0667E+00,
10:59:24.72095739, 3.3333E-02, 7.3333E-01, 9.3333E-01,
10:59:24.72095744, 0.0000E+00, 8.0000E-01, 6.6667E-01,
10:59:24.72095749,-3.3333E-02, 8.0000E-01, 9.3333E-01,
10:59:24.72095754, 3.3333E-02, 8.6667E-01, 1.0667E+00,
10:59:24.72095759, 6.6667E-02, 8.0000E-01, 1.0667E+00,
10:59:24.72095764, 0.0000E+00, 8.0000E-01, 6.6667E-01,
10:59:24.72095769, 0.0000E+00, 8.6667E-01, 1.0667E+00,
10:59:24.72095774,-6.6667E-02, 9.3333E-01, 9.3333E-01,
10:59:24.72095779, 0.0000E+00, 8.0000E-01, 1.0667E+00,
10:59:24.72095784,-6.6667E-02, 9.3333E-01, 6.6667E-01,
10:59:24.72095789,-3.3333E-02, 7.3333E-01, 8.0000E-01,
10:59:24.72095794, 0.0000E+00, 9.3333E-01, 9.3333E-01,
10:59:24.72095799, 3.3333E-02, 8.0000E-01, 1.2000E+00,
10:59:24.72095804, 0.0000E+00, 6.6667E-01, 9.3333E-01,
10:59:24.72095809, 3.3333E-02, 7.3333E-01, 9.3333E-01,
10:59:24.72095814, 3.3333E-02, 8.0000E-01, 9.3333E-01,
10:59:24.72095819, 0.0000E+00, 8.0000E-01, 9.3333E-01,
10:59:24.72095824,-3.3333E-02, 8.0000E-01, 6.6667E-01,
10:59:24.72095829, 0.0000E+00, 7.3333E-01, 8.0000E-01,
10:59:24.72095834,-3.3333E-02, 8.6667E-01, 8.0000E-01,
10:59:24.72095839, 6.6667E-02, 8.0000E-01, 1.0667E+00,
10:59:24.72095844, 3.3333E-02, 7.3333E-01, 1.0667E+00,
10:59:24.72095849, 0.0000E+00, 8.0000E-01, 1.0667E+00,
10:59:24.72095854, 0.0000E+00, 8.6667E-01, 1.2000E+00,
10:59:24.72095859, 3.3333E-02, 9.3333E-01, 6.6667E-01,
10:59:24.72095864, 3.3333E-02, 8.6667E-01, 8.0000E-01,
10:59:24.72095869, 3.3333E-02, 8.6667E-01, 1.0667E+00,
10:59:24.72095874, 0.0000E+00, 8.0000E-01, 1.3333E+00,
10:59:24.72095879, 0.0000E+00, 8.0000E-01, 8.0000E-01,
10:59:24.72095884, 6.6667E-02, 6.0000E-01, 9.3333E-01,
10:59:24.72095889,-3.3333E-02, 8.0000E-01, 1.2000E+00,
10:59:24.72095894, 3.3333E-02, 8.0000E-01, 1.0667E+00,
10:59:24.72095899, 0.0000E+00, 9.3333E-01, 1.2000E+00,
10:59:24.72095904,-3.3333E-02, 9.3333E-01, 1.0667E+00,
10:59:24.72095909, 3.3333E-02, 9.3333E-01, 9.3333E-01,
10:59:24.72095914, 3.3333E-02, 8.0000E-01, 1.2000E+00,
10:59:24.72095919, 0.0000E+00, 6.6667E-01, 9.3333E-01,
10:59:24.72095924, 3.3333E-02, 7.3333E-01, 6.6667E-01,
10:59:24.72095929, 3.3333E-02, 8.6667E-01, 1.0667E+00,
10:59:24.72095934, 3.3333E-02, 8.6667E-01, 1.2000E+00,
10:59:24.72095939, 6.6667E-02, 9.3333E-01, 8.0000E-01,
10:59:24.72095944,-3.3333E-02, 9.3333E-01, 9.3333E-01,
10:59:24.72095949, 0.0000E+00, 7.3333E-01, 8.0000E-01,
10:59:24.72095954, 6.6667E-02, 9.3333E-01, 8.0000E-01,
10:59:24.72095959, 6.6667E-02, 8.0000E-01, 8.0000E-01,
10:59:24.72095964, 6.6667E-02, 8.0000E-01, 8.0000E-01,
10:59:24.72095969,-3.3333E-02, 8.0000E-01, 8.0000E-01,
10:59:24.72095974,-3.3333E-02, 8.0000E-01, 8.0000E-01,
10:59:24.72095979, 6.6667E-02, 7.3333E-01, 6.6667E-01,
10:59:24.72095984, 3.3333E-02, 8.0000E-01, 1.0667E+00,
10:59:24.72095989, 0.0000E+00, 9.3333E-01, 1.2000E+00,
10:59:24.72095994, 3.3333E-02, 8.0000E-01, 1.6000E+00,
10:59:24.72095999, 3.3333E-02, 9.3333E-01, 1.0667E+00,
10:59:24.72096004, 3.3333E-02, 8.6667E-01, 9.3333E-01,
10:59:24.72096009, 3.3333E-02, 8.6667E-01, 9.3333E-01,
10:59:24.72096014, 3.3333E-02, 8.0000E-01, 1.0667E+00,
10:59:24.72096019, 0.0000E+00, 7.3333E-01, 1.0667E+00,
10:59:24.72096024,-3.3333E-02, 6.6667E-01, 8.0000E-01,
10:59:24.72096029, 3.3333E-02, 8.6667E-01, 1.0667E+00,
10:59:24.72096034, 0.0000E+00, 6.0000E-01, 1.0667E+00,
10:59:24.72096039, 3.3333E-02, 7.3333E-01, 1.0667E+00,
10:59:24.72096044, 6.6667E-02, 7.3333E-01, 9.3333E-01,
10:59:24.72096049, 0.0000E+00, 8.0000E-01, 9.3333E-01,
10:59:24.72096054, 0.0000E+00, 7.3333E-01, 9.3333E-01,
10:59:24.72096059,-3.3333E-02, 8.0000E-01, 8.0000E-01,
10:59:24.72096064, 3.3333E-02, 8.6667E-01, 9.3333E-01,
10:59:24.72096069, 0.0000E+00, 8.0000E-01, 6.6667E-01,
10:59:24.72096074, 0.0000E+00, 8.0000E-01, 9.3333E-01,
10:59:24.72096079,-3.3333E-02, 8.0000E-01, 8.0000E-01,
10:59:24.72096084, 6.6667E-02, 8.6667E-01, 9.3333E-01,
10:59:24.72096089, 6.6667E-02, 8.6667E-01, 1.2000E+00,
10:59:24.72096094, 3.3333E-02, 8.6667E-01, 1.2000E+00,
10:59:24.72096099,-3.3333E-02, 8.0000E-01, 6.6667E-01,
10:59:24.72096104, 1.3333E-01, 9.3333E-01, 1.0667E+00,
10:59:24.72096109,-3.3333E-02, 6.6667E-01, 9.3333E-01,
10:59:24.72096114, 1.0000E-01, 8.0000E-01, 1.0667E+00,
10:59:24.72096119,-3.3333E-02, 7.3333E-01, 1.3333E+00,
10:59:24.72096124, 3.3333E-02, 9.3333E-01, 8.0000E-01,
10:59:24.72096129, 3.3333E-02, 8.6667E-01, 6.6667E-01,
10:59:24.72096134, 0.0000E+00, 8.6667E-01, 1.0667E+00,
10:59:24.72096139, 3.3333E-02, 7.3333E-01, 1.0667E+00,
10:59:24.72096144, 0.0000E+00, 8.6667E-01, 1.0667E+00,
10:59:24.72096149, 3.3333E-02, 8.6667E-01, 1.0667E+00,
10:59:24.72096154, 0.0000E+00, 6.6667E-01, 1.0667E+00,
10:59:24.72096159, 0.0000E+00, 8.6667E-01, 1.0667E+00,
10:59:24.72096164, 0.0000E+00, 8.6667E-01, 1.0667E+00,
10:59:24.72096169,-6.6667E-02, 9.3333E-01, 1.2000E+00,
10:59:24.72096174, 3.3333E-02, 6.6667E-01, 9.3333E-01,
10:59:24.72096179, 6.6667E-02, 7.3333E-01, 9.3333E-01,
10:59:24.72096184, 0.0000E+00, 7.3333E-01, 1.2000E+00,
10:59:24.72096189, 3.3333E-02, 8.0000E-01, 9.3333E-01,
10:59:24.72096194, 6.6667E-02, 9.3333E-01, 1.2000E+00,
10:59:24.72096199, 3.3333E-02, 7.3333E-01, 1.0667E+00,
10:59:24.72096204, 3.3333E-02, 8.0000E-01, 1.0667E+00,
10:59:24.72096209,-3.3333E-02, 8.0000E-01, 1.0667E+00,
10:59:24.72096214, 0.0000E+00, 8.6667E-01, 9.3333E-01,
10:59:24.72096219, 3.3333E-02, 8.0000E-01, 8.0000E-01,
10:59:24.72096224, 0.0000E+00, 7.3333E-01, 9.3333E-01,
10:59:24.72096229,-6.6667E-02, 1.0000E+00, 9.3333E-01,
10:59:24.72096234,-3.3333E-02, 8.0000E-01, 9.3333E-01,
10:59:24.72096239, 3.3333E-02, 7.3333E-01, 9.3333E-01,
10:59:24.72096244, 3.3333E-02, 8.6667E-01, 1.0667E+00,
10:59:24.72096249, 3.3333E-02, 8.6667E-01, 9.3333E-01,
10:59:24.72096254,-6.6667E-02, 6.6667E-01, 1.3333E+00,
10:59:24.72096259, 6.6667E-02, 7.3333E-01, 9.3333E-01,
10:59:24.72096264,-3.3333E-02, 8.0000E-01, 1.2000E+00,
10:59:24.72096269, 3.3333E-02, 8.6667E-01, 6.6667E-01,
10:59:24.72096274, 0.0000E+00, 8.0000E-01, 1.2000E+00,
10:59:24.72096279, 3.3333E-02, 7.3333E-01, 1.0667E+00,
10:59:24.72096284, 3.3333E-02, 7.3333E-01, 1.0667E+00,
10:59:24.72096289, 6.6667E-02, 7.3333E-01, 8.0000E-01,
10:59:24.72096294, 3.3333E-02, 8.6667E-01, 8.0000E-01,
10:59:24.72096299, 1.0000E-01, 8.6667E-01, 6.6667E-01,
10:59:24.72096304,-3.3333E-02, 8.6667E-01, 8.0000E-01,
10:59:24.72096309, 6.6667E-02, 7.3333E-01, 9.3333E-01,
10:59:24.72096314, 3.3333E-02, 7.3333E-01, 9.3333E-01,
10:59:24.72096319, 3.3333E-02, 8.6667E-01, 1.2000E+00,
10:59:24.72096324, 0.0000E+00, 8.6667E-01, 1.2000E+00,
10:59:24.72096329, 1.3333E-01, 9.3333E-01, 1.0667E+00,
10:59:24.72096334, 0.0000E+00, 9.3333E-01, 1.0667E+00,
10:59:24.72096339, 6.6667E-02, 8.6667E-01, 1.0667E+00,
10:59:24.72096344, 0.0000E+00, 8.6667E-01, 1.2000E+00,
10:59:24.72096349, 0.0000E+00, 9.3333E-01, 9.3333E-01,
10:59:24.72096354, 0.0000E+00, 7.3333E-01, 6.6667E-01,
10:59:24.72096359, 0.0000E+00, 7.3333E-01, 1.2000E+00,
10:59:24.72096364,-3.3333E-02, 8.6667E-01, 8.0000E-01,
10:59:24.72096369, 0.0000E+00, 8.0000E-01, 6.6667E-01,
10:59:24.72096374,-3.3333E-02, 8.0000E-01, 9.3333E-01,
10:59:24.72096379, 0.0000E+00, 7.3333E-01, 1.2000E+00,
10:59:24.72096384, 0.0000E+00, 8.0000E-01, 1.0667E+00,
10:59:24.72096389, 1.0000E-01, 7.3333E-01, 1.0667E+00,
10:59:24.72096394,-3.3333E-02, 8.0000E-01, 9.3333E-01,
10:59:24.72096399, 3.3333E-02, 8.0000E-01, 1.0667E+00,
10:59:24.72096404, 0.0000E+00, 8.0000E-01, 9.3333E-01,
10:59:24.72096409,-6.6667E-02, 6.6667E-01, 9.3333E-01,
10:59:24.72096414, 0.0000E+00, 7.3333E-01, 1.0667E+00,
10:59:24.72096419, 6.6667E-02, 8.6667E-01, 1.0667E+00,
10:59:24.72096424, 3.3333E-02, 7.3333E-01, 8.0000E-01,
10:59:24.72096429, 0.0000E+00, 1.0000E+00, 1.0667E+00,
10:59:24.72096434, 0.0000E+00, 8.6667E-01, 9.3333E-01,
10:59:24.72096439,-3.3333E-02, 7.3333E-01, 1.0667E+00,
10:59:24.72096444, 3.3333E-02, 9.3333E-01, 1.2000E+00,
10:59:24.72096449,-3.3333E-02, 8.6667E-01, 8.0000E-01,
10:59:24.72096454, 0.0000E+00, 7.3333E-01, 9.3333E-01,
10:59:24.72096459, 0.0000E+00, 8.6667E-01, 6.6667E-01,
10:59:24.72096464, 6.6667E-02, 8.0000E-01, 8.0000E-01,
10:59:24.72096469,-3.3333E-02, 8.6667E-01, 8.0000E-01,
10:59:24.72096474, 0.0000E+00, 8.0000E-01, 9.3333E-01,
10:59:24.72096479, 0.0000E+00, 8.0000E-01, 1.3333E+00,
10:59:24.72096484, 6.6667E-02, 8.0000E-01, 9.3333E-01,
10:59:24.72096489,-6.6667E-02, 8.0000E-01, 6.6667E-01,
10:59:24.72096494, 0.0000E+00, 8.6667E-01, 1.0667E+00,
10:59:24.72096499,-3.3333E-02, 7.3333E-01, 8.0000E-01,
10:59:24.72096504, 3.3333E-02, 7.3333E-01, 1.0667E+00,
10:59:24.72096509, 0.0000E+00, 8.6667E-01, 9.3333E-01,
10:59:24.72096514, 0.0000E+00, 8.6667E-01, 8.0000E-01,
10:59:24.72096519, 3.3333E-02, 6.6667E-01, 9.3333E-01,
10:59:24.72096524, 0.0000E+00, 8.6667E-01, 9.3333E-01,
10:59:24.72096529,-3.3333E-02, 8.0000E-01, 9.3333E-01,
10:59:24.72096534, 3.3333E-02, 8.6667E-01, 9.3333E-01,
10:59:24.72096539, 3.3333E-02, 6.6667E-01, 1.0667E+00,
10:59:24.72096544, 6.6667E-02, 8.6667E-01, 9.3333E-01,
10:59:24.72096549, 0.0000E+00, 7.3333E-01, 6.6667E-01,
10:59:24.72096554, 3.3333E-02, 7.3333E-01, 6.6667E-01,
10:59:24.72096559,-3.3333E-02, 8.0000E-01, 6.6667E-01,
10:59:24.72096564, 3.3333E-02, 8.0000E-01, 9.3333E-01,
10:59:24.72096569,-3.3333E-02, 8.0000E-01, 9.3333E-01,
10:59:24.72096574, 0.0000E+00, 9.3333E-01, 1.0667E+00,
10:59:24.72096579, 3.3333E-02, 8.0000E-01, 8.0000E-01,
10:59:24.72096584, 3.3333E-02, 6.6667E-01, 8.0000E-01,
10:59:24.72096589, 0.0000E+00, 9.3333E-01, 9.3333E-01,
10:59:24.72096594, 6.6667E-02, 7.3333E-01, 9.3333E-01,
10:59:24.72096599, 3.3333E-02, 9.3333E-01, 1.3333E+00,
10:59:24.72096604, 3.3333E-02, 8.0000E-01, 1.2000E+00,
10:59:24.72096609, 1.0000E-01, 6.6667E-01, 9.3333E-01,
10:59:24.72096614, 3.3333E-02, 8.0000E-01, 1.0667E+00,
10:59:24.72096619, 6.6667E-02, 8.6667E-01, 9.3333E-01,
10:59:24.72096624, 1.0000E-01, 8.6667E-01, 9.3333E-01,
10:59:24.72096629, 0.0000E+00, 8.0000E-01, 1.3333E+00,
10:59:24.72096634, 0.0000E+00, 8.0000E-01, 1.2000E+00,
10:59:24.72096639, 0.0000E+00, 8.0000E-01, 8.0000E-01,
10:59:24.72096644, 0.0000E+00, 8.0000E-01, 8.0000E-01,
10:59:24.72096649,-3.3333E-02, 8.6667E-01, 9.3333E-01,
10:59:24.72096654, 0.0000E+00, 7.3333E-01, 1.0667E+00,
10:59:24.72096659, 1.0000E-01, 8.0000E-01, 6.6667E-01,
10:59:24.72096664, 0.0000E+00, 8.6667E-01, 1.3333E+00,
10:59:24.72096669, 6.6667E-02, 8.0000E-01, 9.3333E-01,
10:59:24.72096674, 3.3333E-02, 9.3333E-01, 1.2000E+00,
10:59:24.72096679, 3.3333E-02, 8.0000E-01, 8.0000E-01,
10:59:24.72096684,-3.3333E-02, 6.0000E-01, 1.2000E+00,
10:59:24.72096689, 6.6667E-02, 7.3333E-01, 1.0667E+00,
10:59:24.72096694, 3.3333E-02, 8.0000E-01, 8.0000E-01,
10:59:24.72096699,-3.3333E-02, 8.0000E-01, 9.3333E-01,
10:59:24.72096704, 0.0000E+00, 7.3333E-01, 8.0000E-01,
10:59:24.72096709, 3.3333E-02, 8.0000E-01, 8.0000E-01,
10:59:24.72096714, 6.6667E-02, 8.6667E-01, 1.3333E+00,
10:59:24.72096719, 0.0000E+00, 8.0000E-01, 6.6667E-01,
10:59:24.72096724, 3.3333E-02, 8.6667E-01, 1.0667E+00,
10:59:24.72096729, 6.6667E-02, 8.0000E-01, 8.0000E-01,
10:59:24.72096734, 3.3333E-02, 8.6667E-01, 1.3333E+00,
10:59:24.72096739, 0.0000E+00, 9.3333E-01, 1.3333E+00,
10:59:24.72096744,-3.3333E-02, 8.6667E-01, 9.3333E-01,
10:59:24.72096749,-3.3333E-02, 8.6667E-01, 8.0000E-01,
10:59:24.72096754, 6.6667E-02, 8.6667E-01, 9.3333E-01,
10:59:24.72096759, 3.3333E-02, 8.0000E-01, 1.0667E+00,
10:59:24.72096764, 0.0000E+00, 7.3333E-01, 8.0000E-01,
10:59:24.72096769,-1.0000E-01, 7.3333E-01, 1.0667E+00,
10:59:24.72096774, 0.0000E+00, 6.6667E-01, 1.3333E+00,
10:59:24.72096779, 0.0000E+00, 8.6667E-01, 6.6667E-01,
10:59:24.72096784, 0.0000E+00, 8.0000E-01, 1.0667E+00,
10:59:24.72096789,-3.3333E-02, 8.0000E-01, 9.3333E-01,
10:59:24.72096794, 3.3333E-02, 8.6667E-01, 8.0000E-01,
10:59:24.72096799, 0.0000E+00, 8.0000E-01, 8.0000E-01,
10:59:24.72096804, 3.3333E-02, 8.0000E-01, 9.3333E-01,
10:59:24.72096809, 0.0000E+00, 7.3333E-01, 8.0000E-01,
10:59:24.72096814,-6.6667E-02, 8.0000E-01, 1.0667E+00,
10:59:24.72096819, 3.3333E-02, 8.6667E-01, 9.3333E-01,
10:59:24.72096824, 3.3333E-02, 8.0000E-01, 6.6667E-01,
10:59:24.72096829, 0.0000E+00, 9.3333E-01, 9.3333E-01,
10:59:24.72096834,-6.6667E-02, 8.0000E-01, 1.2000E+00,
10:59:24.72096839, 3.3333E-02, 9.3333E-01, 9.3333E-01,
10:59:24.72096844, 0.0000E+00, 8.0000E-01, 1.0667E+00,
10:59:24.72096849,-3.3333E-02, 8.6667E-01, 9.3333E-01,
10:59:24.72096854, 6.6667E-02, 7.3333E-01, 9.3333E-01,
10:59:24.72096859, 0.0000E+00, 8.0000E-01, 1.3333E+00,
10:59:24.72096864,-6.6667E-02, 8.0000E-01, 6.6667E-01,
10:59:24.72096869, 0.0000E+00, 8.0000E-01, 9.3333E-01,
10:59:24.72096874, 3.3333E-02, 7.3333E-01, 1.2000E+00,
10:59:24.72096879, 0.0000E+00, 7.3333E-01, 1.2000E+00,
10:59:24.72096884, 0.0000E+00, 8.0000E-01, 1.0667E+00,
10:59:24.72096889, 3.3333E-02, 8.0000E-01, 9.3333E-01,
10:59:24.72096894,-3.3333E-02, 7.3333E-01, 9.3333E-01,
10:59:24.72096899, 3.3333E-02, 8.0000E-01, 1.0667E+00,
10:59:24.72096904,-3.3333E-02, 9.3333E-01, 8.0000E-01,
10:59:24.72096909, 1.0000E-01, 9.3333E-01, 1.0667E+00,
10:59:24.72096914, 6.6667E-02, 8.0000E-01, 8.0000E-01,
10:59:24.72096919, 6.6667E-02, 8.0000E-01, 1.0667E+00,
10:59:24.72096924, 0.0000E+00, 8.0000E-01, 6.6667E-01,
10:59:24.72096929, 3.3333E-02, 8.0000E-01, 1.2000E+00,
10:59:24.72096934,-6.6667E-02, 7.3333E-01, 1.0667E+00,
10:59:24.72096939, 0.0000E+00, 7.3333E-01, 8.0000E-01,
10:59:24.72096944, 3.3333E-02, 6.6667E-01, 1.0667E+00,
10:59:24.72096949, 3.3333E-02, 8.6667E-01, 1.0667E+00,
10:59:24.72096954, 0.0000E+00, 8.6667E-01, 9.3333E-01,
10:59:24.72096959,-3.3333E-02, 8.6667E-01, 1.0667E+00,
10:59:24.72096964, 6.6667E-02, 8.6667E-01, 1.2000E+00,
10:59:24.72096969, 0.0000E+00, 7.3333E-01, 1.2000E+00,
10:59:24.72096974, 0.0000E+00, 9.3333E-01, 1.0667E+00,
10:59:24.72096979, 3.3333E-02, 8.6667E-01, 9.3333E-01,
10:59:24.72096984, 0.0000E+00, 8.6667E-01, 9.3333E-01,
10:59:24.72096989, 3.3333E-02, 8.0000E-01, 1.2000E+00,
10:59:24.72096994, 3.3333E-02, 8.0000E-01, 8.0000E-01,
10:59:24.72096999, 0.0000E+00, 8.0000E-01, 6.6667E-01,
10:59:24.72097004,-6.6667E-02, 8.6667E-01, 1.0667E+00,
10:59:24.72097009, 3.3333E-02, 8.0000E-01, 6.6667E-01,
10:59:24.72097014, 0.0000E+00, 7.3333E-01, 1.0667E+00,
10:59:24.72097019, 6.6667E-02, 8.0000E-01, 1.2000E+00,
10:59:24.72097024,-6.6667E-02, 8.6667E-01, 8.0000E-01,
10:59:24.72097029, 6.6667E-02, 6.6667E-01, 8.0000E-01,
10:59:24.72097034, 3.3333E-02, 6.6667E-01, 8.0000E-01,
10:59:24.72097039, 9.6667E-01, 8.6667E-01, 1.0667E+00,
10:59:24.72097044, 4.6333E+00, 6.6667E-01, 9.3333E-01,
10:59:24.72097049, 9.7667E+00, 5.3333E-01, 8.0000E-01,
10:59:24.72097054, 1.4400E+01, 4.0000E-01, 8.0000E-01,
10:59:24.72097059, 1.6933E+01, 3.3333E-01, 9.3333E-01,
10:59:24.72097064, 1.7067E+01, 4.6667E-01, 1.0667E+00,
10:59:24.72097069, 1.6600E+01, 4.0000E-01, 6.6667E-01,
10:59:24.72097074, 1.6333E+01, 5.3333E-01, 1.0667E+00,
10:59:24.72097079, 1.6400E+01, 4.0000E-01, 1.0667E+00,
10:59:24.72097084, 1.6267E+01, 5.3333E-01, 1.0667E+00,
10:59:24.72097089, 1.6300E+01, 5.3333E-01, 1.2000E+00,
10:59:24.72097094, 1.6033E+01, 6.0000E-01, 1.3333E+00,
10:59:24.72097099, 1.5600E+01, 6.0000E-01, 1.2000E+00,
10:59:24.72097104, 1.5067E+01, 4.0000E-01, 1.6000E+00,
10:59:24.72097109, 1.4100E+01, 6.0000E-01, 1.4667E+00,
10:59:24.72097114, 1.2633E+01, 6.0000E-01, 1.8667E+00,
10:59:24.72097119, 1.1867E+01, 6.6667E-01, 1.7333E+00,
10:59:24.72097124, 1.2367E+01, 7.3333E-01, 1.8667E+00,
10:59:24.72097129, 1.3667E+01, 5.3333E-01, 2.0000E+00,
10:59:24.72097134, 1.4933E+01, 5.3333E-01, 1.7333E+00,
10:59:24.72097139, 1.5533E+01, 6.0000E-01, 1.8667E+00,
10:59:24.72097144, 1.5667E+01, 5.3333E-01, 2.0000E+00,
10:59:24.72097149, 1.5567E+01, 6.0000E-01, 2.0000E+00,
10:59:24.72097154, 1.5567E+01, 4.6667E-01, 2.2667E+00,
10:59:24.72097159, 1.5500E+01, 4.6667E-01, 2.2667E+00,
10:59:24.72097164, 1.5500E+01, 6.0000E-01, 2.1333E+00,
10:59:24.72097169, 1.5433E+01, 5.3333E-01, 2.4000E+00,
10:59:24.72097174, 1.5433E+01, 6.0000E-01, 2.1333E+00,
10:59:24.72097179, 1.5367E+01, 6.6667E-01, 2.1333E+00,
10:59:24.72097184, 1.5333E+01, 6.0000E-01, 2.5333E+00,
10:59:24.72097189, 1.5300E+01, 5.3333E-01, 2.4000E+00,
10:59:24.72097194, 1.5300E+01, 4.6667E-01, 2.4000E+00,
10:59:24.72097199, 1.5300E+01, 6.0000E-01, 2.4000E+00,
10:59:24.72097204, 1.5267E+01, 6.0000E-01, 2.6667E+00,
10:59:24.72097209, 1.5167E+01, 5.3333E-01, 2.6667E+00,
10:59:24.72097214, 1.5167E+01, 4.6667E-01, 2.9333E+00,
10:59:24.72097219, 1.5100E+01, 5.3333E-01, 2.8000E+00,
10:59:24.72097224, 1.5167E+01, 5.3333E-01, 2.6667E+00,
10:59:24.72097229, 1.5067E+01, 4.0000E-01, 2.9333E+00,
10:59:24.72097234, 1.5067E+01, 6.0000E-01, 2.9333E+00,
10:59:24.72097239, 1.5000E+01, 6.6667E-01, 2.8000E+00,
10:59:24.72097244, 1.5000E+01, 5.3333E-01, 3.4667E+00,
10:59:24.72097249, 1.4967E+01, 6.0000E-01, 3.3333E+00,
10:59:24.72097254, 1.4933E+01, 5.3333E-01, 3.4667E+00,
10:59:24.72097259, 1.4933E+01, 4.6667E-01, 3.4667E+00,
10:59:24.72097264, 1.4933E+01, 6.0000E-01, 3.6000E+00,
10:59:24.72097269, 1.4900E+01, 4.6667E-01, 3.3333E+00,
10:59:24.72097274, 1.4933E+01, 6.6667E-01, 3.6000E+00,
10:59:24.72097279, 1.4933E+01, 4.0000E-01, 3.3333E+00,
10:59:24.72097284, 1.4933E+01, 5.3333E-01, 3.3333E+00,
10:59:24.72097289, 1.4933E+01, 6.6667E-01, 3.4667E+00,
10:59:24.72097294, 1.4900E+01, 6.0000E-01, 3.7333E+00,
10:59:24.72097299, 1.5000E+01, 3.3333E-01, 3.6000E+00,
10:59:24.72097304, 1.4933E+01, 5.3333E-01, 4.0000E+00,
10:59:24.72097309, 1.4933E+01, 6.6667E-01, 4.1333E+00,
10:59:24.72097314, 1.4900E+01, 6.0000E-01, 3.8667E+00,
10:59:24.72097319, 1.4933E+01, 6.0000E-01, 4.1333E+00,
10:59:24.72097324, 1.4933E+01, 5.3333E-01, 4.2667E+00,
10:59:24.72097329, 1.5000E+01, 4.6667E-01, 4.0000E+00,
10:59:24.72097334, 1.4933E+01, 4.0000E-01, 4.1333E+00,
10:59:24.72097339, 1.4933E+01, 8.0000E-01, 4.1333E+00,
10:59:24.72097344, 1.4900E+01, 6.6667E-01, 4.5333E+00,
10:59:24.72097349, 1.4967E+01, 6.6667E-01, 4.4000E+00,
10:59:24.72097354, 1.4933E+01, 4.0000E-01, 4.4000E+00,
10:59:24.72097359, 1.5000E+01, 4.0000E-01, 4.8000E+00,
10:59:24.72097364, 1.5000E+01, 5.3333E-01, 4.6667E+00,
10:59:24.72097369, 1.4967E+01, 6.0000E-01, 4.6667E+00,
10:59:24.72097374, 1.4933E+01, 6.0000E-01, 4.5333E+00,
10:59:24.72097379, 1.5000E+01, 5.3333E-01, 4.8000E+00,
10:59:24.72097384, 1.4967E+01, 6.0000E-01, 4.8000E+00,
10:59:24.72097389, 1.4933E+01, 5.3333E-01, 4.5333E+00,
10:59:24.72097394, 1.4933E+01, 4.0000E-01, 5.0667E+00,
10:59:24.72097399, 1.4933E+01, 6.6667E-01, 4.9333E+00,
10:59:24.72097404, 1.5000E+01, 4.6667E-01, 5.2000E+00,
10:59:24.72097409, 1.4933E+01, 4.0000E-01, 5.2000E+00,
10:59:24.72097414, 1.5000E+01, 4.6667E-01, 5.2000E+00,
10:59:24.72097419, 1.4967E+01, 4.0000E-01, 5.2000E+00,
10:59:24.72097424, 1.4933E+01, 4.6667E-01, 4.9333E+00,
10:59:24.72097429, 1.5000E+01, 4.6667E-01, 5.6000E+00,
10:59:24.72097434, 1.4933E+01, 4.0000E-01, 5.2000E+00,
10:59:24.72097439, 1.4933E+01, 5.3333E-01, 5.6000E+00,
10:59:24.72097444, 1.4933E+01, 5.3333E-01, 6.0000E+00,
10:59:24.72097449, 1.4933E+01, 4.6667E-01, 5.7333E+00,
10:59:24.72097454, 1.5000E+01, 5.3333E-01, 5.7333E+00,
10:59:24.72097459, 1.4967E+01, 4.6667E-01, 5.8667E+00,
10:59:24.72097464, 1.4933E+01, 6.0000E-01, 6.1333E+00,
10:59:24.72097469, 1.4967E+01, 4.0000E-01, 6.1333E+00,
10:59:24.72097474, 1.4933E+01, 4.0000E-01, 5.7333E+00,
10:59:24.72097479, 1.4933E+01, 5.3333E-01, 6.4000E+00,
10:59:24.72097484, 1.4933E+01, 5.3333E-01, 6.2667E+00,
10:59:24.72097489, 1.5000E+01, 6.0000E-01, 6.4000E+00,
10:59:24.72097494, 1.4933E+01, 4.6667E-01, 6.2667E+00,
10:59:24.72097499, 1.5033E+01, 5.3333E-01, 6.8000E+00,
10:59:24.72097504, 1.4933E+01, 4.6667E-01, 6.6667E+00,
10:59:24.72097509, 1.4967E+01, 3.3333E-01, 6.6667E+00,
10:59:24.72097514, 1.4933E+01, 4.6667E-01, 6.5333E+00,
10:59:24.72097519, 1.4967E+01, 6.6667E-01, 6.5333E+00,
10:59:24.72097524, 1.4967E+01, 6.0000E-01, 6.8000E+00,
10:59:24.72097529, 1.4933E+01, 4.6667E-01, 6.6667E+00,
10:59:24.72097534, 1.4967E+01, 4.6667E-01, 6.8000E+00,
10:59:24.72097539, 1.4933E+01, 5.3333E-01, 7.3333E+00,
10:59:24.72097544, 1.4967E+01, 5.3333E-01, 7.0667E+00,
10:59:24.72097549, 1.5000E+01, 6.0000E-01, 7.4667E+00,
10:59:24.72097554, 1.4967E+01, 6.0000E-01, 7.4667E+00,
10:59:24.72097559, 1.5033E+01, 4.0000E-01, 7.2000E+00,
10:59:24.72097564, 1.5033E+01, 5.3333E-01, 7.4667E+00,
10:59:24.72097569, 1.4967E+01, 6.0000E-01, 7.6000E+00,
10:59:24.72097574, 1.4933E+01, 4.6667E-01, 7.4667E+00,
10:59:24.72097579, 1.4967E+01, 5.3333E-01, 7.4667E+00,
10:59:24.72097584, 1.5033E+01, 6.0000E-01, 7.7333E+00,
10:59:24.72097589, 1.5067E+01, 3.3333E-01, 7.6000E+00,
10:59:24.72097594, 1.5067E+01, 6.0000E-01, 8.1333E+00,
10:59:24.72097599, 1.5033E+01, 4.0000E-01, 7.6000E+00,
10:59:24.72097604, 1.5000E+01, 5.3333E-01, 8.1333E+00,
10:59:24.72097609, 1.4967E+01, 4.6667E-01, 8.1333E+00,
10:59:24.72097614, 1.5000E+01, 5.3333E-01, 8.0000E+00,
10:59:24.72097619, 1.5033E+01, 5.3333E-01, 8.2667E+00,
10:59:24.72097624, 1.5000E+01, 4.0000E-01, 8.4000E+00,
10:59:24.72097629, 1.5033E+01, 5.3333E-01, 8.1333E+00,
10:59:24.72097634, 1.5100E+01, 4.6667E-01, 8.4000E+00,
10:59:24.72097639, 1.4967E+01, 6.0000E-01, 8.2667E+00,
10:59:24.72097644, 1.5067E+01, 5.3333E-01, 8.6667E+00,
10:59:24.72097649, 1.5033E+01, 4.6667E-01, 8.8000E+00,
10:59:24.72097654, 1.4967E+01, 6.0000E-01, 8.9333E+00,
10:59:24.72097659, 1.4967E+01, 4.0000E-01, 8.9333E+00,
10:59:24.72097664, 1.4967E+01, 4.0000E-01, 8.9333E+00,
10:59:24.72097669, 1.4933E+01, 4.0000E-01, 8.6667E+00,
10:59:24.72097674, 1.5000E+01, 4.0000E-01, 8.9333E+00,
10:59:24.72097679, 1.5100E+01, 5.3333E-01, 8.9333E+00,
10:59:24.72097684, 1.5000E+01, 6.6667E-01, 8.9333E+00,
10:59:24.72097689, 1.5067E+01, 4.6667E-01, 8.9333E+00,
10:59:24.72097694, 1.5100E+01, 4.0000E-01, 9.3333E+00,
10:59:24.72097699, 1.4967E+01, 4.6667E-01, 8.9333E+00,
10:59:24.72097704, 1.5067E+01, 6.0000E-01, 9.4667E+00,
10:59:24.72097709, 1.5000E+01, 4.0000E-01, 9.2000E+00,
10:59:24.72097714, 1.5000E+01, 4.6667E-01, 9.4667E+00,
10:59:24.72097719, 1.4967E+01, 5.3333E-01, 9.7333E+00,
10:59:24.72097724, 1.5067E+01, 4.6667E-01, 9.7333E+00,
10:59:24.72097729, 1.5000E+01, 6.0000E-01, 9.6000E+00,
10:59:24.72097734, 1.5000E+01, 3.3333E-01, 9.4667E+00,
10:59:24.72097739, 1.4967E+01, 4.6667E-01, 1.0133E+01,
10:59:24.72097744, 1.5000E+01, 4.0000E-01, 1.0000E+01,
10:59:24.72097749, 1.5033E+01, 6.0000E-01, 1.0133E+01,
10:59:24.72097754, 1.5000E+01, 4.6667E-01, 1.0000E+01,
10:59:24.72097759, 1.5067E+01, 4.6667E-01, 9.7333E+00,
10:59:24.72097764, 1.5067E+01, 4.0000E-01, 1.0267E+01,
10:59:24.72097769, 1.5067E+01, 5.3333E-01, 1.0267E+01,
10:59:24.72097774, 1.5033E+01, 3.3333E-01, 1.0000E+01,
10:59:24.72097779, 1.5000E+01, 4.6667E-01, 1.0133E+01,
10:59:24.72097784, 1.5067E+01, 4.6667E-01, 1.0400E+01,
10:59:24.72097789, 1.4967E+01, 6.0000E-01, 1.0667E+01,
10:59:24.72097794, 1.5033E+01, 6.0000E-01, 1.0533E+01,
10:59:24.72097799, 1.5033E+01, 5.3333E-01, 1.0400E+01,
10:59:24.72097804, 1.5000E+01, 6.0000E-01, 1.0933E+01,
10:59:24.72097809, 1.5033E+01, 6.0000E-01, 1.0667E+01,
10:59:24.72097814, 1.5000E+01, 5.3333E-01, 1.0533E+01,
10:59:24.72097819, 1.5033E+01, 4.0000E-01, 1.0667E+01,
10:59:24.72097824, 1.5067E+01, 5.3333E-01, 1.1067E+01,
10:59:24.72097829, 1.5033E+01, 4.6667E-01, 1.0667E+01,
10:59:24.72097834, 1.5033E+01, 5.3333E-01, 1.1200E+01,
10:59:24.72097839, 1.5033E+01, 4.0000E-01, 1.1067E+01,
10:59:24.72097844, 1.5067E+01, 5.3333E-01, 1.1067E+01,
10:59:24.72097849, 1.5033E+01, 5.3333E-01, 1.1200E+01,
10:59:24.72097854, 1.4967E+01, 4.0000E-01, 1.1600E+01,
10:59:24.72097859, 1.5033E+01, 4.6667E-01, 1.1467E+01,
10:59:24.72097864, 1.4967E+01, 4.6667E-01, 1.1067E+01,
10:59:24.72097869, 1.5000E+01, 4.6667E-01, 1.1467E+01,
10:59:24.72097874, 1.5067E+01, 6.0000E-01, 1.1600E+01,
10:59:24.72097879, 1.5133E+01, 6.0000E-01, 1.1600E+01,
10:59:24.72097884, 1.5033E+01, 4.6667E-01, 1.1467E+01,
10:59:24.72097889, 1.4967E+01, 5.3333E-01, 1.2000E+01,
10:59:24.72097894, 1.5033E+01, 5.3333E-01, 1.1600E+01,
10:59:24.72097899, 1.5067E+01, 4.6667E-01, 1.1600E+01,
10:59:24.72097904, 1.5033E+01, 5.3333E-01, 1.1867E+01,
10:59:24.72097909, 1.5033E+01, 4.6667E-01, 1.1733E+01,
10:59:24.72097914, 1.5033E+01, 5.3333E-01, 1.1867E+01,
10:59:24.72097919, 1.5033E+01, 5.3333E-01, 1.1867E+01,
10:59:24.72097924, 1.4967E+01, 5.3333E-01, 1.2000E+01,
10:59:24.72097929, 1.5067E+01, 5.3333E-01, 1.2133E+01,
10:59:24.72097934, 1.5067E+01, 6.0000E-01, 1.1867E+01,
10:59:24.72097939, 1.5033E+01, 4.6667E-01, 1.2133E+01,
10:59:24.72097944, 1.5033E+01, 5.3333E-01, 1.2000E+01,
10:59:24.72097949, 1.5100E+01, 4.6667E-01, 1.2133E+01,
10:59:24.72097954, 1.4967E+01, 5.3333E-01, 1.2267E+01,
10:59:24.72097959, 1.5000E+01, 4.6667E-01, 1.2400E+01,
10:59:24.72097964, 1.5067E+01, 4.6667E-01, 1.2133E+01,
10:59:24.72097969, 1.5067E+01, 6.0000E-01, 1.2667E+01,
10:59:24.72097974, 1.5033E+01, 6.6667E-01, 1.2400E+01,
10:59:24.72097979, 1.5067E+01, 6.0000E-01, 1.2800E+01,
10:59:24.72097984, 1.4967E+01, 6.6667E-01, 1.2533E+01,
10:59:24.72097989, 1.5033E+01, 6.0000E-01, 1.2933E+01,
10:59:24.72097994, 1.5100E+01, 7.3333E-01, 1.2933E+01,
10:59:24.72097999, 1.5033E+01, 6.0000E-01, 1.2800E+01,
10:59:24.72098004, 1.5033E+01, 4.6667E-01, 1.2933E+01,
10:59:24.72098009, 1.5000E+01, 4.6667E-01, 1.3067E+01,
10:59:24.72098014, 1.5100E+01, 5.3333E-01, 1.3067E+01,
10:59:24.72098019, 1.5067E+01, 4.6667E-01, 1.3067E+01,
10:59:24.72098024, 1.5067E+01, 6.0000E-01, 1.2933E+01,
10:59:24.72098029, 1.5000E+01, 6.0000E-01, 1.2933E+01,
10:59:24.72098034, 1.5033E+01, 5.3333E-01, 1.3333E+01,
10:59:24.72098039, 1.5067E+01, 6.6667E-01, 1.3200E+01,
10:59:24.72098044, 1.5033E+01, 4.6667E-01, 1.3333E+01,
10:59:24.72098049, 1.5067E+01, 5.3333E-01, 1.3067E+01,
10:59:24.72098054, 1.5067E+01, 6.0000E-01, 1.3467E+01,
10:59:24.72098059, 1.5100E+01, 4.6667E-01, 1.3467E+01,
10:59:24.72098064, 1.5000E+01, 8.0000E-01, 1.3067E+01,
10:59:24.72098069, 1.5033E+01, 6.0000E-01, 1.3600E+01,
10:59:24.72098074, 1.5100E+01, 5.3333E-01, 1.3600E+01,
10:59:24.72098079, 1.5033E+01, 5.3333E-01, 1.3733E+01,
10:59:24.72098084, 1.5000E+01, 5.3333E-01, 1.3733E+01,
10:59:24.72098089, 1.5000E+01, 6.0000E-01, 1.3733E+01,
10:59:24.72098094, 1.5067E+01, 6.6667E-01, 1.3467E+01,
10:59:24.72098099, 1.5067E+01, 4.6667E-01, 1.4000E+01,
10:59:24.72098104, 1.5033E+01, 6.6667E-01, 1.3733E+01,
10:59:24.72098109, 1.5000E+01, 6.0000E-01, 1.3733E+01,
10:59:24.72098114, 1.5133E+01, 6.0000E-01, 1.3867E+01,
10:59:24.72098119, 1.5100E+01, 4.0000E-01, 1.4133E+01,
10:59:24.72098124, 1.5100E+01, 5.3333E-01, 1.3867E+01,
10:59:24.72098129, 1.5033E+01, 4.6667E-01, 1.3867E+01,
10:59:24.72098134, 1.5000E+01, 6.6667E-01, 1.4400E+01,
10:59:24.72098139, 1.5067E+01, 6.0000E-01, 1.4400E+01,
10:59:24.72098144, 1.5067E+01, 6.0000E-01, 1.4133E+01,
10:59:24.72098149, 1.5000E+01, 4.0000E-01, 1.4267E+01,
10:59:24.72098154, 1.5067E+01, 5.3333E-01, 1.4267E+01,
10:59:24.72098159, 1.5100E+01, 6.6667E-01, 1.4400E+01,
10:59:24.72098164, 1.5067E+01, 5.3333E-01, 1.4133E+01,
10:59:24.72098169, 1.5033E+01, 7.3333E-01, 1.4400E+01,
10:59:24.72098174, 1.5100E+01, 5.3333E-01, 1.4533E+01,
10:59:24.72098179, 1.5100E+01, 6.6667E-01, 1.4400E+01,
10:59:24.72098184, 1.5067E+01, 5.3333E-01, 1.4533E+01,
10:59:24.72098189, 1.5067E+01, 6.6667E-01, 1.4533E+01,
10:59:24.72098194, 1.5100E+01, 6.0000E-01, 1.4533E+01,
10:59:24.72098199, 1.5000E+01, 6.6667E-01, 1.4400E+01,
10:59:24.72098204, 1.5100E+01, 6.6667E-01, 1.4533E+01,
10:59:24.72098209, 1.5067E+01, 5.3333E-01, 1.4667E+01,
10:59:24.72098214, 1.4967E+01, 6.6667E-01, 1.4533E+01,
10:59:24.72098219, 1.5033E+01, 6.0000E-01, 1.4667E+01,
10:59:24.72098224, 1.5000E+01, 5.3333E-01, 1.4667E+01,
10:59:24.72098229, 1.5033E+01, 6.0000E-01, 1.4933E+01,
10:59:24.72098234, 1.5033E+01, 6.0000E-01, 1.4800E+01,
10:59:24.72098239, 1.5033E+01, 5.3333E-01, 1.4800E+01,
10:59:24.72098244, 1.5033E+01, 6.6667E-01, 1.4933E+01,
10:59:24.72098249, 1.5067E+01, 6.0000E-01, 1.4933E+01,
10:59:24.72098254, 1.5133E+01, 5.3333E-01, 1.4933E+01,
10:59:24.72098259, 1.5067E+01, 6.6667E-01, 1.4667E+01,
10:59:24.72098264, 1.5100E+01, 7.3333E-01, 1.5067E+01,
10:59:24.72098269, 1.5033E+01, 5.3333E-01, 1.4933E+01,
10:59:24.72098274, 1.5000E+01, 6.0000E-01, 1.5200E+01,
10:59:24.72098279, 1.5000E+01, 6.6667E-01, 1.5200E+01,
10:59:24.72098284, 1.5000E+01, 6.6667E-01, 1.5333E+01,
10:59:24.72098289, 1.5100E+01, 6.0000E-01, 1.5067E+01,
10:59:24.72098294, 1.5067E+01, 6.6667E-01, 1.5200E+01,
10:59:24.72098299, 1.5000E+01, 6.6667E-01, 1.5067E+01,
10:59:24.72098304, 1.5067E+01, 6.6667E-01, 1.5333E+01,
10:59:24.72098309, 1.5033E+01, 6.6667E-01, 1.5200E+01,
10:59:24.72098314, 1.4967E+01, 4.6667E-01, 1.5067E+01,
10:59:24.72098319, 1.5033E+01, 7.3333E-01, 1.5200E+01,
10:59:24.72098324, 1.4967E+01, 6.0000E-01, 1.5333E+01,
10:59:24.72098329, 1.5133E+01, 5.3333E-01, 1.5333E+01,
10:59:24.72098334, 1.5000E+01, 5.3333E-01, 1.5200E+01,
10:59:24.72098339, 1.5100E+01, 6.0000E-01, 1.5200E+01,
10:59:24.72098344, 1.4933E+01, 6.0000E-01, 1.5333E+01,
10:59:24.72098349, 1.5033E+01, 6.6667E-01, 1.5333E+01,
10:59:24.72098354, 1.5033E+01, 6.6667E-01, 1.5733E+01,
10:59:24.72098359, 1.5067E+01, 7.3333E-01, 1.5733E+01,
10:59:24.72098364, 1.5067E+01, 8.0000E-01, 1.5467E+01,
10:59:24.72098369, 1.5000E+01, 6.0000E-01, 1.5467E+01,
10:59:24.72098374, 1.5033E+01, 6.6667E-01, 1.5733E+01,
10:59:24.72098379, 1.5000E+01, 6.0000E-01, 1.5600E+01,
10:59:24.72098384, 1.5033E+01, 6.6667E-01, 1.5600E+01,
10:59:24.72098389, 1.5067E+01, 7.3333E-01, 1.5733E+01,
10:59:24.72098394, 1.5067E+01, 6.6667E-01, 1.5733E+01,
10:59:24.72098399, 1.5133E+01, 6.0000E-01, 1.5600E+01,
10:59:24.72098404, 1.5100E+01, 6.0000E-01, 1.5733E+01,
10:59:24.72098409, 1.5033E+01, 7.3333E-01, 1.5733E+01,
10:59:24.72098414, 1.5000E+01, 7.3333E-01, 1.5867E+01,
10:59:24.72098419, 1.5000E+01, 5.3333E-01, 1.5867E+01,
10:59:24.72098424, 1.5000E+01, 6.0000E-01, 1.6133E+01,
10:59:24.72098429, 1.5000E+01, 7.3333E-01, 1.5733E+01,
10:59:24.72098434, 1.4967E+01, 6.0000E-01, 1.6000E+01,
10:59:24.72098439, 1.5033E+01, 7.3333E-01, 1.5867E+01,
10:59:24.72098444, 1.5067E+01, 6.6667E-01, 1.5733E+01,
10:59:24.72098449, 1.5067E+01, 6.6667E-01, 1.6133E+01,
10:59:24.72098454, 1.5067E+01, 7.3333E-01, 1.5867E+01,
10:59:24.72098459, 1.5133E+01, 7.3333E-01, 1.5867E+01,
10:59:24.72098464, 1.5133E+01, 6.6667E-01, 1.6133E+01,
10:59:24.72098469, 1.4967E+01, 6.6667E-01, 1.5867E+01,
10:59:24.72098474, 1.5067E+01, 7.3333E-01, 1.6000E+01,
10:59:24.72098479, 1.5000E+01, 7.3333E-01, 1.6133E+01,
10:59:24.72098484, 1.5067E+01, 6.6667E-01, 1.5867E+01,
10:59:24.72098489, 1.5133E+01, 7.3333E-01, 1.5867E+01,
10:59:24.72098494, 1.5067E+01, 7.3333E-01, 1.6133E+01,
10:59:24.72098499, 1.5000E+01, 8.6667E-01, 1.6000E+01,
10:59:24.72098504, 1.5033E+01, 7.3333E-01, 1.5867E+01,
10:59:24.72098509, 1.5100E+01, 8.0000E-01, 1.6133E+01,
10:59:24.72098514, 1.5067E+01, 7.3333E-01, 1.6133E+01,
10:59:24.72098519, 1.5033E+01, 8.0000E-01, 1.5733E+01,
10:59:24.72098524, 1.5100E+01, 6.6667E-01, 1.6133E+01,
10:59:24.72098529, 1.5000E+01, 6.6667E-01, 1.6000E+01,
10:59:24.72098534, 1.5033E+01, 7.3333E-01, 1.5733E+01,
10:59:24.72098539, 1.5033E+01, 7.3333E-01, 1.5867E+01,
10:59:24.72098544, 1.5067E+01, 6.0000E-01, 1.6133E+01,
10:59:24.72098549, 1.5100E+01, 7.3333E-01, 1.6133E+01,
10:59:24.72098554, 1.5067E+01, 6.6667E-01, 1.6267E+01,
10:59:24.72098559, 1.5067E+01, 7.3333E-01, 1.6000E+01,
10:59:24.72098564, 1.5000E+01, 8.6667E-01, 1.6533E+01,
10:59:24.72098569, 1.5000E+01, 7.3333E-01, 1.6267E+01,
10:59:24.72098574, 1.5100E+01, 7.3333E-01, 1.6267E+01,
10:59:24.72098579, 1.5067E+01, 8.0000E-01, 1.6267E+01,
10:59:24.72098584, 1.5067E+01, 7.3333E-01, 1.6400E+01,
10:59:24.72098589, 1.5067E+01, 6.0000E-01, 1.6000E+01,
10:59:24.72098594, 1.5067E+01, 6.0000E-01, 1.6533E+01,
10:59:24.72098599, 1.5033E+01, 7.3333E-01, 1.6400E+01,
10:59:24.72098604, 1.5100E+01, 7.3333E-01, 1.6400E+01,
10:59:24.72098609, 1.5033E+01, 7.3333E-01, 1.6533E+01,
10:59:24.72098614, 1.5033E+01, 6.6667E-01, 1.6400E+01,
10:59:24.72098619, 1.5000E+01, 8.0000E-01, 1.6400E+01,
10:59:24.72098624, 1.5067E+01, 8.0000E-01, 1.6933E+01,
10:59:24.72098629, 1.5000E+01, 5.3333E-01, 1.6400E+01,
10:59:24.72098634, 1.5100E+01, 7.3333E-01, 1.6533E+01,
10:59:24.72098639, 1.5100E+01, 6.6667E-01, 1.6267E+01,
10:59:24.72098644, 1.5067E+01, 7.3333E-01, 1.6667E+01,
10:59:24.72098649, 1.5033E+01, 8.0000E-01, 1.6267E+01,
10:59:24.72098654, 1.5033E+01, 8.6667E-01, 1.6400E+01,
10:59:24.72098659, 1.5000E+01, 6.0000E-01, 1.6533E+01,
10:59:24.72098664, 1.5033E+01, 5.3333E-01, 1.6667E+01,
10:59:24.72098669, 1.5000E+01, 7.3333E-01, 1.6667E+01,
10:59:24.72098674, 1.5033E+01, 6.0000E-01, 1.6533E+01,
10:59:24.72098679, 1.5033E+01, 6.0000E-01, 1.6800E+01,
10:59:24.72098684, 1.5100E+01, 6.6667E-01, 1.6533E+01,
10:59:24.72098689, 1.5033E+01, 7.3333E-01, 1.6933E+01,
10:59:24.72098694, 1.5067E+01, 7.3333E-01, 1.6800E+01,
10:59:24.72098699, 1.5033E+01, 8.0000E-01, 1.6133E+01,
10:59:24.72098704, 1.5100E+01, 6.6667E-01, 1.6667E+01,
10:59:24.72098709, 1.5000E+01, 7.3333E-01, 1.6533E+01,
10:59:24.72098714, 1.5067E+01, 7.3333E-01, 1.6667E+01,
10:59:24.72098719, 1.5000E+01, 6.6667E-01, 1.6667E+01,
10:59:24.72098724, 1.5033E+01, 7.3333E-01, 1.6533E+01,
10:59:24.72098729, 1.5067E+01, 7.3333E-01, 1.6800E+01,
10:59:24.72098734, 1.5100E+01, 7.3333E-01, 1.6667E+01,
10:59:24.72098739, 1.5033E+01, 7.3333E-01, 1.6533E+01,
10:59:24.72098744, 1.5100E+01, 7.3333E-01, 1.6533E+01,
10:59:24.72098749, 1.5067E+01, 6.0000E-01, 1.6400E+01,
10:59:24.72098754, 1.5067E+01, 7.3333E-01, 1.6933E+01,
10:59:24.72098759, 1.5033E+01, 6.0000E-01, 1.6667E+01,
10:59:24.72098764, 1.5067E+01, 7.3333E-01, 1.6533E+01,
10:59:24.72098769, 1.5100E+01, 6.6667E-01, 1.6667E+01,
10:59:24.72098774, 1.5067E+01, 8.0000E-01, 1.6800E+01,
10:59:24.72098779, 1.5067E+01, 7.3333E-01, 1.6667E+01,
10:59:24.72098784, 1.5100E+01, 7.3333E-01, 1.6667E+01,
10:59:24.72098789, 1.5100E+01, 8.0000E-01, 1.6533E+01,
10:59:24.72098794, 1.5067E+01, 7.3333E-01, 1.6667E+01,
10:59:24.72098799, 1.5000E+01, 8.0000E-01, 1.6400E+01,
10:59:24.72098804, 1.5033E+01, 6.0000E-01, 1.6667E+01,
10:59:24.72098809, 1.5067E+01, 7.3333E-01, 1.6667E+01,
10:59:24.72098814, 1.5067E+01, 7.3333E-01, 1.6800E+01,
10:59:24.72098819, 1.5067E+01, 8.0000E-01, 1.6533E+01,
10:59:24.72098824, 1.5033E+01, 6.6667E-01, 1.6933E+01,
10:59:24.72098829, 1.5033E+01, 8.0000E-01, 1.6667E+01,
10:59:24.72098834, 1.5100E+01, 6.6667E-01, 1.6533E+01,
10:59:24.72098839, 1.5033E+01, 9.3333E-01, 1.6800E+01,
10:59:24.72098844, 1.5000E+01, 8.0000E-01, 1.6533E+01,
10:59:24.72098849, 1.5067E+01, 6.6667E-01, 1.6533E+01,
10:59:24.72098854, 1.5000E+01, 8.6667E-01, 1.6800E+01,
10:59:24.72098859, 1.5033E+01, 7.3333E-01, 1.7067E+01,
10:59:24.72098864, 1.5167E+01, 8.6667E-01, 1.6800E+01,
10:59:24.72098869, 1.4967E+01, 8.0000E-01, 1.7067E+01,
10:59:24.72098874, 1.5033E+01, 7.3333E-01, 1.6800E+01,
10:59:24.72098879, 1.5000E+01, 7.3333E-01, 1.6933E+01,
10:59:24.72098884, 1.5067E+01, 8.0000E-01, 1.6800E+01,
10:59:24.72098889, 1.5000E+01, 7.3333E-01, 1.6267E+01,
10:59:24.72098894, 1.5000E+01, 6.6667E-01, 1.6667E+01,
10:59:24.72098899, 1.5033E+01, 7.3333E-01, 1.6800E+01,
10:59:24.72098904, 1.5100E+01, 7.3333E-01, 1.6667E+01,
10:59:24.72098909, 1.5133E+01, 6.6667E-01, 1.6533E+01,
10:59:24.72098914, 1.5100E+01, 8.0000E-01, 1.6800E+01,
10:59:24.72098919, 1.5067E+01, 8.6667E-01, 1.6800E+01,
10:59:24.72098924, 1.5033E+01, 7.3333E-01, 1.6667E+01,
10:59:24.72098929, 1.5000E+01, 6.6667E-01, 1.6667E+01,
10:59:24.72098934, 1.5100E+01, 7.3333E-01, 1.6667E+01,
10:59:24.72098939, 1.5033E+01, 6.6667E-01, 1.6800E+01,
10:59:24.72098944, 1.5067E+01, 7.3333E-01, 1.6533E+01,
10:59:24.72098949, 1.5067E+01, 8.0000E-01, 1.6800E+01,
10:59:24.72098954, 1.5033E+01, 9.3333E-01, 1.6400E+01,
10:59:24.72098959, 1.5033E+01, 8.0000E-01, 1.6400E+01,
10:59:24.72098964, 1.5033E+01, 7.3333E-01, 1.6400E+01,
10:59:24.72098969, 1.4967E+01, 8.6667E-01, 1.6800E+01,
10:59:24.72098974, 1.5033E+01, 8.0000E-01, 1.6933E+01,
10:59:24.72098979, 1.5033E+01, 8.6667E-01, 1.6400E+01,
10:59:24.72098984, 1.5067E+01, 6.6667E-01, 1.6667E+01,
10:59:24.72098989, 1.5067E+01, 8.6667E-01, 1.6667E+01,
10:59:24.72098994, 1.5100E+01, 9.3333E-01, 1.6533E+01,
10:59:24.72098999, 1.5033E+01, 8.6667E-01, 1.6667E+01,
10:59:24.72099004, 1.5033E+01, 8.6667E-01, 1.6400E+01,
10:59:24.72099009, 1.5067E+01, 8.0000E-01, 1.6800E+01,
10:59:24.72099014, 1.5033E+01, 7.3333E-01, 1.6533E+01,
10:59:24.72099019, 1.5067E+01, 9.3333E-01, 1.6400E+01,
10:59:24.72099024, 1.5033E+01, 8.6667E-01, 1.6400E+01,
10:59:24.72099029, 1.5067E+01, 9.3333E-01, 1.6667E+01,
10:59:24.72099034, 1.5000E+01, 8.0000E-01, 1.6667E+01,
10:59:24.72099039, 1.5067E+01, 8.0000E-01, 1.6400E+01,
10:59:24.72099044, 1.5000E+01, 8.6667E-01, 1.6533E+01,
10:59:24.72099049, 1.5067E+01, 6.6667E-01, 1.7067E+01,
10:59:24.72099054, 1.5133E+01, 8.6667E-01, 1.6533E+01,
10:59:24.72099059, 1.5067E+01, 8.0000E-01, 1.6533E+01,
10:59:24.72099064, 1.5000E+01, 8.0000E-01, 1.6533E+01,
10:59:24.72099069, 1.5067E+01, 7.3333E-01, 1.6667E+01,
10:59:24.72099074, 1.5067E+01, 6.6667E-01, 1.6667E+01,
10:59:24.72099079, 1.5000E+01, 8.0000E-01, 1.6533E+01,
10:59:24.72099084, 1.5000E+01, 8.0000E-01, 1.6267E+01,
10:59:24.72099089, 1.5067E+01, 8.0000E-01, 1.6533E+01,
10:59:24.72099094, 1.5067E+01, 6.6667E-01, 1.6533E+01,
10:59:24.72099099, 1.5067E+01, 7.3333E-01, 1.6667E+01,
10:59:24.72099104, 1.5067E+01, 6.6667E-01, 1.6533E+01,
10:59:24.72099109, 1.5000E+01, 8.0000E-01, 1.6533E+01,
10:59:24.72099114, 1.5000E+01, 7.3333E-01, 1.6667E+01,
10:59:24.72099119, 1.5067E+01, 8.0000E-01, 1.6667E+01,
10:59:24.72099124, 1.5100E+01, 8.6667E-01, 1.6267E+01,
10:59:24.72099129, 1.5067E+01, 8.0000E-01, 1.6533E+01,
10:59:24.72099134, 1.5000E+01, 6.6667E-01, 1.6133E+01,
10:59:24.72099139, 1.5100E+01, 7.3333E-01, 1.6667E+01,
10:59:24.72099144, 1.5133E+01, 8.6667E-01, 1.6267E+01,
10:59:24.72099149, 1.5067E+01, 8.0000E-01, 1.6667E+01,
10:59:24.72099154, 1.5100E+01, 7.3333E-01, 1.6400E+01,
10:59:24.72099159, 1.5067E+01, 8.0000E-01, 1.6533E+01,
10:59:24.72099164, 1.5067E+01, 9.3333E-01, 1.6533E+01,
10:59:24.72099169, 1.5133E+01, 8.0000E-01, 1.6533E+01,
10:59:24.72099174, 1.5033E+01, 6.6667E-01, 1.6267E+01,
10:59:24.72099179, 1.5067E+01, 8.0000E-01, 1.6533E+01,
10:59:24.72099184, 1.4967E+01, 8.0000E-01, 1.6267E+01,
10:59:24.72099189, 1.5100E+01, 8.0000E-01, 1.5867E+01,
10:59:24.72099194, 1.5000E+01, 8.6667E-01, 1.6400E+01,
10:59:24.72099199, 1.5000E+01, 8.0000E-01, 1.6133E+01,
10:59:24.72099204, 1.5067E+01, 7.3333E-01, 1.6400E+01,
10:59:24.72099209, 1.5100E+01, 9.3333E-01, 1.6267E+01,
10:59:24.72099214, 1.5033E+01, 8.6667E-01, 1.6400E+01,
10:59:24.72099219, 1.5067E+01, 8.6667E-01, 1.6267E+01,
10:59:24.72099224, 1.5000E+01, 6.6667E-01, 1.6400E+01,
10:59:24.72099229, 1.5067E+01, 8.6667E-01, 1.6400E+01,
10:59:24.72099234, 1.5067E+01, 8.0000E-01, 1.6133E+01,
10:59:24.72099239, 1.4967E+01, 6.6667E-01, 1.6533E+01,
10:59:24.72099244, 1.5067E+01, 7.3333E-01, 1.6267E+01,
10:59:24.72099249, 1.5067E+01, 6.6667E-01, 1.6800E+01,
10:59:24.72099254, 1.5033E+01, 9.3333E-01, 1.6267E+01,
10:59:24.72099259, 1.5033E+01, 8.6667E-01, 1.6133E+01,
10:59:24.72099264, 1.5067E+01, 8.6667E-01, 1.6000E+01,
10:59:24.72099269, 1.5033E+01, 7.3333E-01, 1.6400E+01,
10:59:24.72099274, 1.5000E+01, 8.6667E-01, 1.6133E+01,
10:59:24.72099279, 1.5000E+01, 6.0000E-01, 1.6400E+01,
10:59:24.72099284, 1.5033E+01, 8.0000E-01, 1.6000E+01,
10:59:24.72099289, 1.5033E+01, 8.6667E-01, 1.6133E+01,
10:59:24.72099294, 1.5033E+01, 8.0000E-01, 1.6267E+01,
10:59:24.72099299, 1.5000E+01, 8.6667E-01, 1.6267E+01,
10:59:24.72099304, 1.5067E+01, 8.6667E-01, 1.6267E+01,
10:59:24.72099309, 1.5033E+01, 8.0000E-01, 1.6133E+01,
10:59:24.72099314, 1.5067E+01, 8.0000E-01, 1.6267E+01,
10:59:24.72099319, 1.5000E+01, 7.3333E-01, 1.6133E+01,
10:59:24.72099324, 1.5033E+01, 6.0000E-01, 1.5733E+01,
10:59:24.72099329, 1.5067E+01, 7.3333E-01, 1.5733E+01,
10:59:24.72099334, 1.5000E+01, 8.0000E-01, 1.6000E+01,
10:59:24.72099339, 1.5033E+01, 9.3333E-01, 1.6133E+01,
10:59:24.72099344, 1.5000E+01, 6.6667E-01, 1.6000E+01,
10:59:24.72099349, 1.5067E+01, 7.3333E-01, 1.6000E+01,
10:59:24.72099354, 1.5100E+01, 8.0000E-01, 1.6000E+01,
10:59:24.72099359, 1.5033E+01, 8.0000E-01, 1.6267E+01,
10:59:24.72099364, 1.5033E+01, 8.0000E-01, 1.6133E+01,
10:59:24.72099369, 1.5033E+01, 6.6667E-01, 1.5867E+01,
10:59:24.72099374, 1.5033E+01, 6.6667E-01, 1.5867E+01,
10:59:24.72099379, 1.5067E+01, 7.3333E-01, 1.6000E+01,
10:59:24.72099384, 1.4933E+01, 6.6667E-01, 1.5867E+01,
10:59:24.72099389, 1.5100E+01, 7.3333E-01, 1.6133E+01,
10:59:24.72099394, 1.5000E+01, 8.0000E-01, 1.5733E+01,
10:59:24.72099399, 1.5067E+01, 8.0000E-01, 1.6000E+01,
10:59:24.72099404, 1.5067E+01, 7.3333E-01, 1.6000E+01,
10:59:24.72099409, 1.5033E+01, 8.6667E-01, 1.6400E+01,
10:59:24.72099414, 1.5033E+01, 6.6667E-01, 1.5733E+01,
10:59:24.72099419, 1.5033E+01, 8.0000E-01, 1.6267E+01,
10:59:24.72099424, 1.5000E+01, 7.3333E-01, 1.5733E+01,
10:59:24.72099429, 1.5100E+01, 8.0000E-01, 1.6000E+01,
10:59:24.72099434, 1.4967E+01, 7.3333E-01, 1.5733E+01,
10:59:24.72099439, 1.5067E+01, 8.0000E-01, 1.6267E+01,
10:59:24.72099444, 1.5067E+01, 9.3333E-01, 1.6000E+01,
10:59:24.72099449, 1.5067E+01, 8.0000E-01, 1.6133E+01,
10:59:24.72099454, 1.5067E+01, 9.3333E-01, 1.6133E+01,
10:59:24.72099459, 1.5100E+01, 7.3333E-01, 1.6267E+01,
10:59:24.72099464, 1.5033E+01, 7.3333E-01, 1.5733E+01,
10:59:24.72099469, 1.5000E+01, 8.6667E-01, 1.6000E+01,
10:59:24.72099474, 1.5000E+01, 7.3333E-01, 1.5733E+01,
10:59:24.72099479, 1.5067E+01, 8.0000E-01, 1.5733E+01,
10:59:24.72099484, 1.5100E+01, 8.0000E-01, 1.5733E+01,
10:59:24.72099489, 1.5067E+01, 7.3333E-01, 1.5867E+01,
10:59:24.72099494, 1.5067E+01, 8.6667E-01, 1.6000E+01,
10:59:24.72099499, 1.5067E+01, 7.3333E-01, 1.5867E+01,
10:59:24.72099504, 1.5100E+01, 8.0000E-01, 1.5867E+01,
10:59:24.72099509, 1.5000E+01, 8.0000E-01, 1.5733E+01,
10:59:24.72099514, 1.4967E+01, 7.3333E-01, 1.5867E+01,
10:59:24.72099519, 1.5000E+01, 8.0000E-01, 1.5467E+01,
10:59:24.72099524, 1.5033E+01, 8.0000E-01, 1.5733E+01,
10:59:24.72099529, 1.5067E+01, 7.3333E-01, 1.5600E+01,
10:59:24.72099534, 1.5000E+01, 8.6667E-01, 1.5867E+01,
10:59:24.72099539, 1.5033E+01, 7.3333E-01, 1.5600E+01,
10:59:24.72099544, 1.5067E+01, 8.6667E-01, 1.5867E+01,
10:59:24.72099549, 1.5000E+01, 7.3333E-01, 1.5733E+01,
10:59:24.72099554, 1.5033E+01, 8.0000E-01, 1.5867E+01,
10:59:24.72099559, 1.5033E+01, 6.6667E-01, 1.5600E+01,
10:59:24.72099564, 1.5033E+01, 7.3333E-01, 1.5600E+01,
10:59:24.72099569, 1.5033E+01, 8.0000E-01, 1.5467E+01,
10:59:24.72099574, 1.5100E+01, 8.6667E-01, 1.5733E+01,
10:59:24.72099579, 1.5033E+01, 8.6667E-01, 1.5733E+01,
10:59:24.72099584, 1.5000E+01, 8.0000E-01, 1.5600E+01,
10:59:24.72099589, 1.4967E+01, 8.6667E-01, 1.5867E+01,
10:59:24.72099594, 1.5067E+01, 7.3333E-01, 1.5467E+01,
10:59:24.72099599, 1.5100E+01, 8.0000E-01, 1.5600E+01,
10:59:24.72099604, 1.5000E+01, 5.3333E-01, 1.5867E+01,
10:59:24.72099609, 1.4967E+01, 7.3333E-01, 1.5200E+01,
10:59:24.72099614, 1.5067E+01, 8.0000E-01, 1.5733E+01,
10:59:24.72099619, 1.5033E+01, 8.6667E-01, 1.5733E+01,
10:59:24.72099624, 1.5067E+01, 1.0000E+00, 1.5600E+01,
10:59:24.72099629, 1.5067E+01, 8.0000E-01, 1.5733E+01,
10:59:24.72099634, 1.5000E+01, 8.0000E-01, 1.5733E+01,
10:59:24.72099639, 1.5033E+01, 8.0000E-01, 1.5600E+01,
10:59:24.72099644, 1.4967E+01, 8.0000E-01, 1.5733E+01,
10:59:24.72099649, 1.5000E+01, 6.6667E-01, 1.5733E+01,
10:59:24.72099654, 1.5033E+01, 8.0000E-01, 1.5733E+01,
10:59:24.72099659, 1.5000E+01, 8.0000E-01, 1.5600E+01,
10:59:24.72099664, 1.5000E+01, 8.6667E-01, 1.5467E+01,
10:59:24.72099669, 1.5033E+01, 8.0000E-01, 1.5333E+01,
10:59:24.72099674, 1.5033E+01, 8.0000E-01, 1.5867E+01,
10:59:24.72099679, 1.5000E+01, 1.0000E+00, 1.5733E+01,
10:59:24.72099684, 1.5100E+01, 8.0000E-01, 1.5467E+01,
10:59:24.72099689, 1.5000E+01, 8.6667E-01, 1.5733E+01,
10:59:24.72099694, 1.5133E+01, 6.6667E-01, 1.5467E+01,
10:59:24.72099699, 1.5067E+01, 8.6667E-01, 1.5733E+01,
10:59:24.72099704, 1.5067E+01, 1.0000E+00, 1.5467E+01,
10:59:24.72099709, 1.5067E+01, 8.0000E-01, 1.5467E+01,
10:59:24.72099714, 1.5033E+01, 8.6667E-01, 1.5200E+01,
10:59:24.72099719, 1.5000E+01, 8.6667E-01, 1.5467E+01,
10:59:24.72099724, 1.5067E+01, 8.0000E-01, 1.5600E+01,
10:59:24.72099729, 1.5067E+01, 6.6667E-01, 1.5467E+01,
10:59:24.72099734, 1.5067E+01, 7.3333E-01, 1.5600E+01,
10:59:24.72099739, 1.5100E+01, 8.0000E-01, 1.5333E+01,
10:59:24.72099744, 1.5000E+01, 7.3333E-01, 1.5733E+01,
10:59:24.72099749, 1.5033E+01, 8.0000E-01, 1.5333E+01,
10:59:24.72099754, 1.5033E+01, 6.6667E-01, 1.5733E+01,
10:59:24.72099759, 1.5033E+01, 8.6667E-01, 1.5333E+01,
10:59:24.72099764, 1.5067E+01, 8.0000E-01, 1.5467E+01,
10:59:24.72099769, 1.5000E+01, 7.3333E-01, 1.5333E+01,
10:59:24.72099774, 1.5000E+01, 8.6667E-01, 1.5467E+01,
10:59:24.72099779, 1.4967E+01, 8.0000E-01, 1.5467E+01,
10:59:24.72099784, 1.5000E+01, 8.6667E-01, 1.5200E+01,
10:59:24.72099789, 1.5067E+01, 7.3333E-01, 1.5733E+01,
10:59:24.72099794, 1.5033E+01, 6.6667E-01, 1.5200E+01,
10:59:24.72099799, 1.5067E+01, 9.3333E-01, 1.5200E+01,
10:59:24.72099804, 1.5067E+01, 8.0000E-01, 1.5333E+01,
10:59:24.72099809, 1.4967E+01, 7.3333E-01, 1.5200E+01,
10:59:24.72099814, 1.4967E+01, 8.0000E-01, 1.5067E+01,
10:59:24.72099819, 1.5033E+01, 7.3333E-01, 1.5467E+01,
10:59:24.72099824, 1.4967E+01, 7.3333E-01, 1.5333E+01,
10:59:24.72099829, 1.5033E+01, 8.0000E-01, 1.5200E+01,
10:59:24.72099834, 1.5033E+01, 8.0000E-01, 1.5200E+01,
10:59:24.72099839, 1.5100E+01, 8.0000E-01, 1.5333E+01,
10:59:24.72099844, 1.5033E+01, 7.3333E-01, 1.5200E+01,
10:59:24.72099849, 1.5000E+01, 8.6667E-01, 1.5467E+01,
10:59:24.72099854, 1.5000E+01, 8.0000E-01, 1.5600E+01,
10:59:24.72099859, 1.5033E+01, 8.6667E-01, 1.5067E+01,
10:59:24.72099864, 1.5100E+01, 8.0000E-01, 1.5600E+01,
10:59:24.72099869, 1.5067E+01, 8.0000E-01, 1.5200E+01,
10:59:24.72099874, 1.5033E+01, 8.0000E-01, 1.5200E+01,
10:59:24.72099879, 1.5033E+01, 7.3333E-01, 1.5200E+01,
10:59:24.72099884, 1.5067E+01, 7.3333E-01, 1.5333E+01,
10:59:24.72099889, 1.5067E+01, 1.0000E+00, 1.5467E+01,
10:59:24.72099894, 1.5000E+01, 8.6667E-01, 1.5333E+01,
10:59:24.72099899, 1.5067E+01, 8.0000E-01, 1.5333E+01,
10:59:24.72099904, 1.5033E+01, 8.0000E-01, 1.5467E+01,
10:59:24.72099909, 1.5100E+01, 7.3333E-01, 1.5067E+01,
10:59:24.72099914, 1.5000E+01, 8.0000E-01, 1.5333E+01,
10:59:24.72099919, 1.5067E+01, 8.0000E-01, 1.5200E+01,
10:59:24.72099924, 1.5033E+01, 7.3333E-01, 1.4800E+01,
10:59:24.72099929, 1.5000E+01, 7.3333E-01, 1.5200E+01,
10:59:24.72099934, 1.5000E+01, 7.3333E-01, 1.5067E+01,
10:59:24.72099939, 1.5067E+01, 7.3333E-01, 1.5067E+01,
10:59:24.72099944, 1.5067E+01, 8.0000E-01, 1.5200E+01,
10:59:24.72099949, 1.5000E+01, 7.3333E-01, 1.5600E+01,
10:59:24.72099954, 1.5067E+01, 7.3333E-01, 1.4933E+01,
10:59:24.72099959, 1.5033E+01, 8.0000E-01, 1.5200E+01,
10:59:24.72099964, 1.5067E+01, 8.6667E-01, 1.5200E+01,
10:59:24.72099969, 1.5067E+01, 7.3333E-01, 1.5067E+01,
10:59:24.72099974, 1.5033E+01, 8.0000E-01, 1.5200E+01,
10:59:24.72099979, 1.5067E+01, 7.3333E-01, 1.5333E+01,
10:59:24.72099984, 1.5067E+01, 7.3333E-01, 1.5067E+01,
10:59:24.72099989, 1.5033E+01, 7.3333E-01, 1.5200E+01,
10:59:24.72099994, 1.5033E+01, 8.0000E-01, 1.5067E+01,
10:59:24.72099999, 1.5133E+01, 6.0000E-01, 1.4933E+01,
10:59:24.72100004, 1.5033E+01, 6.6667E-01, 1.4933E+01,
10:59:24.72100009, 1.5067E+01, 8.0000E-01, 1.4933E+01,
10:59:24.72100014, 1.5067E+01, 8.6667E-01, 1.4800E+01,
10:59:24.72100019, 1.5000E+01, 8.6667E-01, 1.4667E+01,
10:59:24.72100024, 1.5067E+01, 8.0000E-01, 1.5333E+01,
10:59:24.72100029, 1.5033E+01, 8.0000E-01, 1.5067E+01,
10:59:24.72100034, 1.5000E+01, 9.3333E-01, 1.4933E+01,
10:59:24.72100039, 1.5133E+01, 8.0000E-01, 1.5333E+01,
10:59:24.72100044, 1.5033E+01, 6.6667E-01, 1.5200E+01,
10:59:24.72100049, 1.5067E+01, 6.6667E-01, 1.5333E+01,
10:59:24.72100054, 1.5000E+01, 6.6667E-01, 1.5200E+01,
10:59:24.72100059, 1.5033E+01, 8.0000E-01, 1.5067E+01,
10:59:24.72100064, 1.5033E+01, 7.3333E-01, 1.4800E+01,
10:59:24.72100069, 1.5067E+01, 6.6667E-01, 1.4933E+01,
10:59:24.72100074, 1.5067E+01, 7.3333E-01, 1.4933E+01,
10:59:24.72100079, 1.5033E+01, 8.6667E-01, 1.5067E+01,
10:59:24.72100084, 1.5000E+01, 8.0000E-01, 1.5200E+01,
10:59:24.72100089, 1.5067E+01, 8.6667E-01, 1.5200E+01,
10:59:24.72100094, 1.5033E+01, 6.6667E-01, 1.4933E+01,
10:59:24.72100099, 1.5033E+01, 6.6667E-01, 1.4667E+01,
10:59:24.72100104, 1.4967E+01, 8.6667E-01, 1.4800E+01,
10:59:24.72100109, 1.5067E+01, 7.3333E-01, 1.4933E+01,
10:59:24.72100114, 1.5033E+01, 7.3333E-01, 1.4933E+01,
10:59:24.72100119, 1.5033E+01, 8.6667E-01, 1.5067E+01,
10:59:24.72100124, 1.4967E+01, 7.3333E-01, 1.5333E+01,
10:59:24.72100129, 1.5033E+01, 8.6667E-01, 1.5067E+01,
10:59:24.72100134, 1.5067E+01, 6.6667E-01, 1.5067E+01,
10:59:24.72100139, 1.4967E+01, 8.0000E-01, 1.5200E+01,
10:59:24.72100144, 1.5067E+01, 8.0000E-01, 1.4933E+01,
10:59:24.72100149, 1.5100E+01, 7.3333E-01, 1.4800E+01,
10:59:24.72100154, 1.5000E+01, 8.6667E-01, 1.4800E+01,
10:59:24.72100159, 1.5067E+01, 6.6667E-01, 1.4667E+01,
10:59:24.72100164, 1.5033E+01, 6.0000E-01, 1.5200E+01,
10:59:24.72100169, 1.5033E+01, 7.3333E-01, 1.4933E+01,
10:59:24.72100174, 1.5000E+01, 8.0000E-01, 1.4933E+01,
10:59:24.72100179, 1.5067E+01, 7.3333E-01, 1.4800E+01,
10:59:24.72100184, 1.5000E+01, 9.3333E-01, 1.5067E+01,
10:59:24.72100189, 1.5067E+01, 8.6667E-01, 1.5200E+01,
10:59:24.72100194, 1.4967E+01, 8.6667E-01, 1.4800E+01,
10:59:24.72100199, 1.5000E+01, 6.6667E-01, 1.4800E+01,
10:59:24.72100204, 1.5033E+01, 8.0000E-01, 1.4933E+01,
10:59:24.72100209, 1.5000E+01, 7.3333E-01, 1.5067E+01,
10:59:24.72100214, 1.5067E+01, 7.3333E-01, 1.5200E+01,
10:59:24.72100219, 1.5033E+01, 8.0000E-01, 1.5067E+01,
10:59:24.72100224, 1.5100E+01, 7.3333E-01, 1.4667E+01,
10:59:24.72100229, 1.5067E+01, 8.0000E-01, 1.4933E+01,
10:59:24.72100234, 1.5100E+01, 8.0000E-01, 1.4800E+01,
10:59:24.72100239, 1.5000E+01, 7.3333E-01, 1.4800E+01,
10:59:24.72100244, 1.5067E+01, 8.6667E-01, 1.4667E+01,
10:59:24.72100249, 1.5067E+01, 7.3333E-01, 1.4800E+01,
10:59:24.72100254, 1.5167E+01, 8.0000E-01, 1.4667E+01,
10:59:24.72100259, 1.5067E+01, 8.0000E-01, 1.4933E+01,
10:59:24.72100264, 1.5067E+01, 8.0000E-01, 1.4933E+01,
10:59:24.72100269, 1.5100E+01, 7.3333E-01, 1.5200E+01,
10:59:24.72100274, 1.5000E+01, 6.6667E-01, 1.4933E+01,
10:59:24.72100279, 1.5067E+01, 7.3333E-01, 1.4800E+01,
10:59:24.72100284, 1.5000E+01, 8.0000E-01, 1.4933E+01,
10:59:24.72100289, 1.5000E+01, 8.6667E-01, 1.4933E+01,
10:59:24.72100294, 1.5100E+01, 8.0000E-01, 1.4800E+01,
10:59:24.72100299, 1.5067E+01, 6.0000E-01, 1.4667E+01,
10:59:24.72100304, 1.5000E+01, 8.6667E-01, 1.4800E+01,
10:59:24.72100309, 1.5033E+01, 8.0000E-01, 1.4800E+01,
10:59:24.72100314, 1.5067E+01, 7.3333E-01, 1.4933E+01,
10:59:24.72100319, 1.5000E+01, 8.0000E-01, 1.4800E+01,
10:59:24.72100324, 1.4967E+01, 6.0000E-01, 1.4800E+01,
10:59:24.72100329, 1.5033E+01, 8.0000E-01, 1.4533E+01,
10:59:24.72100334, 1.5000E+01, 6.6667E-01, 1.4533E+01,
10:59:24.72100339, 1.5033E+01, 8.6667E-01, 1.4933E+01,
10:59:24.72100344, 1.5033E+01, 8.0000E-01, 1.4800E+01,
10:59:24.72100349, 1.5000E+01, 7.3333E-01, 1.5200E+01,
10:59:24.72100354, 1.5100E+01, 6.6667E-01, 1.4800E+01,
10:59:24.72100359, 1.5033E+01, 8.0000E-01, 1.4933E+01,
10:59:24.72100364, 1.5033E+01, 8.0000E-01, 1.5067E+01,
10:59:24.72100369, 1.5033E+01, 7.3333E-01, 1.5067E+01,
10:59:24.72100374, 1.5033E+01, 7.3333E-01, 1.5067E+01,
10:59:24.72100379, 1.5000E+01, 8.0000E-01, 1.5067E+01,
10:59:24.72100384, 1.5133E+01, 8.0000E-01, 1.4667E+01,
10:59:24.72100389, 1.5067E+01, 8.0000E-01, 1.4667E+01,
10:59:24.72100394, 1.5033E+01, 6.6667E-01, 1.4667E+01,
10:59:24.72100399, 1.4967E+01, 8.0000E-01, 1.4933E+01,
10:59:24.72100404, 1.5000E+01, 7.3333E-01, 1.4533E+01,
10:59:24.72100409, 1.5033E+01, 8.0000E-01, 1.4933E+01,
10:59:24.72100414, 1.4967E+01, 6.0000E-01, 1.4667E+01,
10:59:24.72100419, 1.5033E+01, 7.3333E-01, 1.4667E+01,
10:59:24.72100424, 1.5100E+01, 8.0000E-01, 1.4933E+01,
10:59:24.72100429, 1.5000E+01, 8.6667E-01, 1.4667E+01,
10:59:24.72100434, 1.5067E+01, 8.0000E-01, 1.5067E+01,
10:59:24.72100439, 1.5000E+01, 9.3333E-01, 1.4667E+01,
10:59:24.72100444, 1.5067E+01, 6.0000E-01, 1.4533E+01,
10:59:24.72100449, 1.5067E+01, 8.0000E-01, 1.4533E+01,
10:59:24.72100454, 1.5100E+01, 8.0000E-01, 1.4800E+01,
10:59:24.72100459, 1.5000E+01, 6.0000E-01, 1.4800E+01,
10:59:24.72100464, 1.5000E+01, 8.0000E-01, 1.5333E+01,
10:59:24.72100469, 1.5067E+01, 8.6667E-01, 1.4933E+01,
10:59:24.72100474, 1.5133E+01, 8.0000E-01, 1.4800E+01,
10:59:24.72100479, 1.5033E+01, 8.0000E-01, 1.5067E+01,
10:59:24.72100484, 1.5000E+01, 9.3333E-01, 1.4800E+01,
10:59:24.72100489, 1.5033E+01, 7.3333E-01, 1.4800E+01,
10:59:24.72100494, 1.5033E+01, 8.0000E-01, 1.4800E+01,
10:59:24.72100499, 1.5133E+01, 7.3333E-01, 1.4533E+01,
10:59:24.72100504, 1.5100E+01, 8.0000E-01, 1.4533E+01,
10:59:24.72100509, 1.5000E+01, 8.0000E-01, 1.4533E+01,
10:59:24.72100514, 1.5100E+01, 8.0000E-01, 1.4933E+01,
10:59:24.72100519, 1.5067E+01, 7.3333E-01, 1.4667E+01,
10:59:24.72100524, 1.5000E+01, 6.6667E-01, 1.4933E+01,
10:59:24.72100529, 1.5067E+01, 7.3333E-01, 1.4800E+01,
10:59:24.72100534, 1.5100E+01, 8.0000E-01, 1.4667E+01,
10:59:24.72100539, 1.5000E+01, 6.0000E-01, 1.4800E+01,
10:59:24.72100544, 1.5100E+01, 6.0000E-01, 1.4933E+01,
10:59:24.72100549, 1.5067E+01, 8.6667E-01, 1.4933E+01,
10:59:24.72100554, 1.5033E+01, 5.3333E-01, 1.4800E+01,
10:59:24.72100559, 1.5033E+01, 7.3333E-01, 1.4933E+01,
10:59:24.72100564, 1.5000E+01, 8.0000E-01, 1.4667E+01,
10:59:24.72100569, 1.5000E+01, 7.3333E-01, 1.4933E+01,
10:59:24.72100574, 1.5000E+01, 8.0000E-01, 1.4800E+01,
10:59:24.72100579, 1.5000E+01, 7.3333E-01, 1.4800E+01,
10:59:24.72100584, 1.5033E+01, 8.6667E-01, 1.4800E+01,
10:59:24.72100589, 1.5067E+01, 6.6667E-01, 1.4800E+01,
10:59:24.72100594, 1.5033E+01, 6.6667E-01, 1.4800E+01,
10:59:24.72100599, 1.5033E+01, 8.0000E-01, 1.4933E+01,
10:59:24.72100604, 1.5033E+01, 6.6667E-01, 1.4667E+01,
10:59:24.72100609, 1.5100E+01, 8.6667E-01, 1.4933E+01,
10:59:24.72100614, 1.5067E+01, 7.3333E-01, 1.4800E+01,
10:59:24.72100619, 1.5033E+01, 8.0000E-01, 1.4800E+01,
10:59:24.72100624, 1.5033E+01, 6.6667E-01, 1.5067E+01,
10:59:24.72100629, 1.5000E+01, 7.3333E-01, 1.4800E+01,
10:59:24.72100634, 1.5133E+01, 6.6667E-01, 1.5200E+01,
10:59:24.72100639, 1.5067E+01, 7.3333E-01, 1.4667E+01,
10:59:24.72100644, 1.5067E+01, 6.0000E-01, 1.4667E+01,
10:59:24.72100649, 1.5000E+01, 8.6667E-01, 1.4933E+01,
10:59:24.72100654, 1.5033E+01, 8.0000E-01, 1.4800E+01,
10:59:24.72100659, 1.5067E+01, 7.3333E-01, 1.4800E+01,
10:59:24.72100664, 1.5033E+01, 8.6667E-01, 1.5200E+01,
10:59:24.72100669, 1.5033E+01, 8.0000E-01, 1.4933E+01,
10:59:24.72100674, 1.4967E+01, 8.0000E-01, 1.4667E+01,
10:59:24.72100679, 1.5067E+01, 8.6667E-01, 1.4533E+01,
10:59:24.72100684, 1.5033E+01, 8.0000E-01, 1.4800E+01,
10:59:24.72100689, 1.5100E+01, 7.3333E-01, 1.4533E+01,
10:59:24.72100694, 1.5000E+01, 6.6667E-01, 1.4800E+01,
10:59:24.72100699, 1.5067E+01, 8.6667E-01, 1.4667E+01,
10:59:24.72100704, 1.5067E+01, 8.0000E-01, 1.4933E+01,
10:59:24.72100709, 1.5067E+01, 8.0000E-01, 1.5067E+01,
10:59:24.72100714, 1.5033E+01, 7.3333E-01, 1.5067E+01,
10:59:24.72100719, 1.5000E+01, 8.6667E-01, 1.5067E+01,
10:59:24.72100724, 1.5000E+01, 7.3333E-01, 1.4533E+01,
10:59:24.72100729, 1.5033E+01, 8.6667E-01, 1.4533E+01,
10:59:24.72100734, 1.5067E+01, 9.3333E-01, 1.4800E+01,
10:59:24.72100739, 1.5100E+01, 8.0000E-01, 1.4667E+01,
10:59:24.72100744, 1.4967E+01, 7.3333E-01, 1.4933E+01,
10:59:24.72100749, 1.5100E+01, 7.3333E-01, 1.4667E+01,
10:59:24.72100754, 1.4967E+01, 8.6667E-01, 1.4800E+01,
10:59:24.72100759, 1.5067E+01, 8.0000E-01, 1.4533E+01,
10:59:24.72100764, 1.5000E+01, 7.3333E-01, 1.4667E+01,
10:59:24.72100769, 1.5067E+01, 8.0000E-01, 1.4667E+01,
10:59:24.72100774, 1.5067E+01, 8.0000E-01, 1.4933E+01,
10:59:24.72100779, 1.5033E+01, 7.3333E-01, 1.5200E+01,
10:59:24.72100784, 1.4967E+01, 8.0000E-01, 1.4667E+01,
10:59:24.72100789, 1.5000E+01, 7.3333E-01, 1.4933E+01,
10:59:24.72100794, 1.5067E+01, 7.3333E-01, 1.4800E+01,
10:59:24.72100799, 1.5100E+01, 5.3333E-01, 1.4800E+01,
10:59:24.72100804, 1.5000E+01, 8.6667E-01, 1.5067E+01,
10:59:24.72100809, 1.5000E+01, 8.0000E-01, 1.4933E+01,
10:59:24.72100814, 1.5100E+01, 6.6667E-01, 1.4667E+01,
10:59:24.72100819, 1.5033E+01, 8.0000E-01, 1.4800E+01,
10:59:24.72100824, 1.5000E+01, 9.3333E-01, 1.4800E+01,
10:59:24.72100829, 1.5067E+01, 7.3333E-01, 1.4667E+01,
10:59:24.72100834, 1.5033E+01, 6.0000E-01, 1.4933E+01,
10:59:24.72100839, 1.5033E+01, 6.0000E-01, 1.4800E+01,
10:59:24.72100844, 1.5100E+01, 7.3333E-01, 1.4800E+01,
10:59:24.72100849, 1.5067E+01, 8.0000E-01, 1.5200E+01,
10:59:24.72100854, 1.5033E+01, 8.0000E-01, 1.4800E+01,
10:59:24.72100859, 1.5100E+01, 7.3333E-01, 1.5067E+01,
10:59:24.72100864, 1.5000E+01, 7.3333E-01, 1.4800E+01,
10:59:24.72100869, 1.5067E+01, 8.0000E-01, 1.5200E+01,
10:59:24.72100874, 1.5067E+01, 7.3333E-01, 1.4933E+01,
10:59:24.72100879, 1.5067E+01, 8.0000E-01, 1.4933E+01,
10:59:24.72100884, 1.5067E+01, 8.0000E-01, 1.4800E+01,
10:59:24.72100889, 1.5033E+01, 7.3333E-01, 1.4933E+01,
10:59:24.72100894, 1.5100E+01, 8.6667E-01, 1.4667E+01,
10:59:24.72100899, 1.5033E+01, 7.3333E-01, 1.5067E+01,
10:59:24.72100904, 1.5033E+01, 6.6667E-01, 1.4667E+01,
10:59:24.72100909, 1.5000E+01, 7.3333E-01, 1.4933E+01,
10:59:24.72100914, 1.5067E+01, 8.0000E-01, 1.4933E+01,
10:59:24.72100919, 1.5067E+01, 8.0000E-01, 1.5200E+01,
10:59:24.72100924, 1.5100E+01, 6.6667E-01, 1.4667E+01,
10:59:24.72100929, 1.5000E+01, 7.3333E-01, 1.5067E+01,
10:59:24.72100934, 1.5033E+01, 8.6667E-01, 1.4667E+01,
10:59:24.72100939, 1.5067E+01, 7.3333E-01, 1.4533E+01,
10:59:24.72100944, 1.5100E+01, 7.3333E-01, 1.4667E+01,
10:59:24.72100949, 1.4967E+01, 7.3333E-01, 1.4800E+01,
10:59:24.72100954, 1.4967E+01, 8.6667E-01, 1.4933E+01,
10:59:24.72100959, 1.5000E+01, 6.0000E-01, 1.4800E+01,
10:59:24.72100964, 1.5033E+01, 7.3333E-01, 1.4667E+01,
10:59:24.72100969, 1.5033E+01, 8.0000E-01, 1.4933E+01,
10:59:24.72100974, 1.5000E+01, 8.0000E-01, 1.4667E+01,
10:59:24.72100979, 1.5067E+01, 8.0000E-01, 1.5067E+01,
10:59:24.72100984, 1.5033E+01, 8.0000E-01, 1.4933E+01,
10:59:24.72100989, 1.5067E+01, 8.0000E-01, 1.4933E+01,
10:59:24.72100994, 1.4967E+01, 6.6667E-01, 1.4800E+01,
10:59:24.72100999, 1.5033E+01, 8.0000E-01, 1.4800E+01,
10:59:24.72101004, 1.4933E+01, 7.3333E-01, 1.4533E+01,
10:59:24.72101009, 1.5033E+01, 7.3333E-01, 1.4800E+01,
10:59:24.72101014, 1.5033E+01, 8.0000E-01, 1.4933E+01,
10:59:24.72101019, 1.5000E+01, 8.6667E-01, 1.4400E+01,
10:59:24.72101024, 1.5100E+01, 6.6667E-01, 1.4933E+01,
10:59:24.72101029, 1.5067E+01, 7.3333E-01, 1.4800E+01,
10:59:24.72101034, 1.5133E+01, 8.0000E-01, 1.4400E+01,
10:59:24.72101039, 1.5067E+01, 7.3333E-01, 1.4667E+01,
10:59:24.72101044, 1.5067E+01, 7.3333E-01, 1.5200E+01,
10:59:24.72101049, 1.5000E+01, 6.6667E-01, 1.5067E+01,
10:59:24.72101054, 1.5033E+01, 9.3333E-01, 1.5200E+01,
10:59:24.72101059, 1.4967E+01, 5.3333E-01, 1.4933E+01,
10:59:24.72101064, 1.5067E+01, 6.0000E-01, 1.5067E+01,
10:59:24.72101069, 1.5067E+01, 8.6667E-01, 1.4667E+01,
10:59:24.72101074, 1.5000E+01, 8.0000E-01, 1.4800E+01,
10:59:24.72101079, 1.5033E+01, 8.6667E-01, 1.4800E+01,
10:59:24.72101084, 1.5067E+01, 8.6667E-01, 1.4800E+01,
10:59:24.72101089, 1.5000E+01, 9.3333E-01, 1.4933E+01,
10:59:24.72101094, 1.5033E+01, 8.6667E-01, 1.4800E+01,
10:59:24.72101099, 1.5033E+01, 1.0000E+00, 1.4800E+01,
10:59:24.72101104, 1.5067E+01, 8.0000E-01, 1.4933E+01,
10:59:24.72101109, 1.5067E+01, 7.3333E-01, 1.5200E+01,
10:59:24.72101114, 1.5033E+01, 7.3333E-01, 1.4667E+01,
10:59:24.72101119, 1.5100E+01, 6.6667E-01, 1.4800E+01,
10:59:24.72101124, 1.5000E+01, 8.0000E-01, 1.4933E+01,
10:59:24.72101129, 1.5033E+01, 8.0000E-01, 1.4933E+01,
10:59:24.72101134, 1.5033E+01, 8.0000E-01, 1.4800E+01,
10:59:24.72101139, 1.5033E+01, 8.0000E-01, 1.4800E+01,
10:59:24.72101144, 1.5100E+01, 6.6667E-01, 1.5067E+01,
10:59:24.72101149, 1.5033E+01, 8.6667E-01, 1.4933E+01,
10:59:24.72101154, 1.5033E+01, 6.6667E-01, 1.5200E+01,
10:59:24.72101159, 1.5067E+01, 8.0000E-01, 1.5067E+01,
10:59:24.72101164, 1.5000E+01, 6.6667E-01, 1.4933E+01,
10:59:24.72101169, 1.5033E+01, 8.0000E-01, 1.4800E+01,
10:59:24.72101174, 1.5000E+01, 7.3333E-01, 1.4800E+01,
10:59:24.72101179, 1.5100E+01, 8.6667E-01, 1.4933E+01,
10:59:24.72101184, 1.5033E+01, 8.6667E-01, 1.5200E+01,
10:59:24.72101189, 1.4933E+01, 7.3333E-01, 1.4400E+01,
10:59:24.72101194, 1.5000E+01, 7.3333E-01, 1.4800E+01,
10:59:24.72101199, 1.5067E+01, 8.0000E-01, 1.5067E+01,
10:59:24.72101204, 1.5000E+01, 7.3333E-01, 1.4933E+01,
10:59:24.72101209, 1.5033E+01, 6.6667E-01, 1.4800E+01,
10:59:24.72101214, 1.5033E+01, 7.3333E-01, 1.4933E+01,
10:59:24.72101219, 1.5033E+01, 7.3333E-01, 1.5067E+01,
10:59:24.72101224, 1.5000E+01, 8.0000E-01, 1.4667E+01,
10:59:24.72101229, 1.5100E+01, 8.6667E-01, 1.4933E+01,
10:59:24.72101234, 1.5067E+01, 6.0000E-01, 1.4933E+01,
10:59:24.72101239, 1.5033E+01, 8.0000E-01, 1.4933E+01,
10:59:24.72101244, 1.5033E+01, 7.3333E-01, 1.4667E+01,
10:59:24.72101249, 1.5033E+01, 7.3333E-01, 1.5067E+01,
10:59:24.72101254, 1.5067E+01, 8.0000E-01, 1.5067E+01,
10:59:24.72101259, 1.4967E+01, 8.0000E-01, 1.4933E+01,
10:59:24.72101264, 1.4967E+01, 6.0000E-01, 1.4933E+01,
10:59:24.72101269, 1.5067E+01, 8.0000E-01, 1.4667E+01,
10:59:24.72101274, 1.5067E+01, 7.3333E-01, 1.4933E+01,
10:59:24.72101279, 1.5067E+01, 8.0000E-01, 1.4933E+01,
10:59:24.72101284, 1.4967E+01, 8.0000E-01, 1.4800E+01,
10:59:24.72101289, 1.4967E+01, 8.0000E-01, 1.4933E+01,
10:59:24.72101294, 1.4967E+01, 7.3333E-01, 1.5067E+01,
10:59:24.72101299, 1.5000E+01, 7.3333E-01, 1.5200E+01,
10:59:24.72101304, 1.4967E+01, 7.3333E-01, 1.5067E+01,
10:59:24.72101309, 1.5033E+01, 9.3333E-01, 1.4800E+01,
10:59:24.72101314, 1.5067E+01, 8.0000E-01, 1.4933E+01,
10:59:24.72101319, 1.5033E+01, 7.3333E-01, 1.4533E+01,
10:59:24.72101324, 1.5000E+01, 8.0000E-01, 1.5200E+01,
10:59:24.72101329, 1.5000E+01, 7.3333E-01, 1.4933E+01,
10:59:24.72101334, 1.5067E+01, 6.6667E-01, 1.5200E+01,
10:59:24.72101339, 1.5033E+01, 6.0000E-01, 1.4933E+01,
10:59:24.72101344, 1.5000E+01, 7.3333E-01, 1.5067E+01,
10:59:24.72101349, 1.5033E+01, 6.6667E-01, 1.5200E+01,
10:59:24.72101354, 1.4933E+01, 8.0000E-01, 1.5067E+01,
10:59:24.72101359, 1.5033E+01, 7.3333E-01, 1.5067E+01,
10:59:24.72101364, 1.5033E+01, 6.6667E-01, 1.5067E+01,
10:59:24.72101369, 1.5067E+01, 6.0000E-01, 1.4933E+01,
10:59:24.72101374, 1.5033E+01, 7.3333E-01, 1.5200E+01,
10:59:24.72101379, 1.5000E+01, 6.6667E-01, 1.5067E+01,
10:59:24.72101384, 1.5133E+01, 7.3333E-01, 1.4933E+01,
10:59:24.72101389, 1.5000E+01, 8.0000E-01, 1.5333E+01,
10:59:24.72101394, 1.5100E+01, 6.0000E-01, 1.4800E+01,
10:59:24.72101399, 1.5000E+01, 7.3333E-01, 1.4933E+01,
10:59:24.72101404, 1.5000E+01, 7.3333E-01, 1.5200E+01,
10:59:24.72101409, 1.5067E+01, 7.3333E-01, 1.5200E+01,
10:59:24.72101414, 1.5033E+01, 7.3333E-01, 1.4800E+01,
10:59:24.72101419, 1.5067E+01, 6.6667E-01, 1.5333E+01,
10:59:24.72101424, 1.5067E+01, 8.0000E-01, 1.5067E+01,
10:59:24.72101429, 1.4967E+01, 7.3333E-01, 1.4933E+01,
10:59:24.72101434, 1.5000E+01, 8.0000E-01, 1.5067E+01,
10:59:24.72101439, 1.5000E+01, 6.6667E-01, 1.4667E+01,
10:59:24.72101444, 1.4933E+01, 8.6667E-01, 1.5067E+01,
10:59:24.72101449, 1.5033E+01, 5.3333E-01, 1.5200E+01,
10:59:24.72101454, 1.5067E+01, 7.3333E-01, 1.5067E+01,
10:59:24.72101459, 1.5033E+01, 8.0000E-01, 1.5200E+01,
10:59:24.72101464, 1.5067E+01, 7.3333E-01, 1.4800E+01,
10:59:24.72101469, 1.5000E+01, 9.3333E-01, 1.5200E+01,
10:59:24.72101474, 1.5067E+01, 8.6667E-01, 1.4933E+01,
10:59:24.72101479, 1.5033E+01, 8.6667E-01, 1.5067E+01,
10:59:24.72101484, 1.5067E+01, 8.0000E-01, 1.4800E+01,
10:59:24.72101489, 1.5033E+01, 6.6667E-01, 1.5067E+01,
10:59:24.72101494, 1.5033E+01, 6.6667E-01, 1.4667E+01,
10:59:24.72101499, 1.5067E+01, 8.0000E-01, 1.5067E+01,
10:59:24.72101504, 1.5000E+01, 6.6667E-01, 1.4933E+01,
10:59:24.72101509, 1.5100E+01, 6.6667E-01, 1.5200E+01,
10:59:24.72101514, 1.4967E+01, 8.0000E-01, 1.5067E+01,
10:59:24.72101519, 1.5033E+01, 6.0000E-01, 1.4533E+01,
10:59:24.72101524, 1.5033E+01, 8.0000E-01, 1.5067E+01,
10:59:24.72101529, 1.5100E+01, 7.3333E-01, 1.5200E+01,
10:59:24.72101534, 1.4967E+01, 7.3333E-01, 1.4667E+01,
10:59:24.72101539, 1.4933E+01, 8.6667E-01, 1.5333E+01,
10:59:24.72101544, 1.5033E+01, 7.3333E-01, 1.4933E+01,
10:59:24.72101549, 1.5100E+01, 6.6667E-01, 1.5333E+01,
10:59:24.72101554, 1.5033E+01, 6.6667E-01, 1.5200E+01,
10:59:24.72101559, 1.5067E+01, 8.6667E-01, 1.5200E+01,
10:59:24.72101564, 1.5067E+01, 1.0000E+00, 1.4933E+01,
10:59:24.72101569, 1.5100E+01, 7.3333E-01, 1.4667E+01,
10:59:24.72101574, 1.5000E+01, 8.6667E-01, 1.4800E+01,
10:59:24.72101579, 1.5067E+01, 7.3333E-01, 1.4933E+01,
10:59:24.72101584, 1.5033E+01, 8.6667E-01, 1.4800E+01,
10:59:24.72101589, 1.5000E+01, 6.6667E-01, 1.5333E+01,
10:59:24.72101594, 1.5033E+01, 8.6667E-01, 1.5067E+01,
10:59:24.72101599, 1.5067E+01, 7.3333E-01, 1.4667E+01,
10:59:24.72101604, 1.5100E+01, 6.6667E-01, 1.4933E+01,
10:59:24.72101609, 1.5000E+01, 7.3333E-01, 1.5200E+01,
10:59:24.72101614, 1.5033E+01, 9.3333E-01, 1.4800E+01,
10:59:24.72101619, 1.5000E+01, 6.6667E-01, 1.4933E+01,
10:59:24.72101624, 1.5033E+01, 7.3333E-01, 1.4800E+01,
10:59:24.72101629, 1.5000E+01, 6.6667E-01, 1.5067E+01,
10:59:24.72101634, 1.5000E+01, 8.0000E-01, 1.5067E+01,
10:59:24.72101639, 1.5000E+01, 6.0000E-01, 1.4933E+01,
10:59:24.72101644, 1.5067E+01, 7.3333E-01, 1.5200E+01,
10:59:24.72101649, 1.5167E+01, 7.3333E-01, 1.4800E+01,
10:59:24.72101654, 1.5000E+01, 8.6667E-01, 1.4667E+01,
10:59:24.72101659, 1.5033E+01, 6.6667E-01, 1.4933E+01,
10:59:24.72101664, 1.5033E+01, 6.6667E-01, 1.5333E+01,
10:59:24.72101669, 1.5000E+01, 8.0000E-01, 1.5067E+01,
10:59:24.72101674, 1.4933E+01, 8.0000E-01, 1.5200E+01,
10:59:24.72101679, 1.5033E+01, 8.0000E-01, 1.5067E+01,
10:59:24.72101684, 1.4967E+01, 8.6667E-01, 1.5333E+01,
10:59:24.72101689, 1.5100E+01, 8.0000E-01, 1.4933E+01,
10:59:24.72101694, 1.5000E+01, 8.0000E-01, 1.5333E+01,
10:59:24.72101699, 1.5067E+01, 9.3333E-01, 1.4933E+01,
10:59:24.72101704, 1.5067E+01, 8.0000E-01, 1.4933E+01,
10:59:24.72101709, 1.5133E+01, 7.3333E-01, 1.4800E+01,
10:59:24.72101714, 1.5033E+01, 7.3333E-01, 1.5067E+01,
10:59:24.72101719, 1.5033E+01, 6.6667E-01, 1.5067E+01,
10:59:24.72101724, 1.5100E+01, 7.3333E-01, 1.5067E+01,
10:59:24.72101729, 1.5033E+01, 8.0000E-01, 1.5067E+01,
10:59:24.72101734, 1.5033E+01, 7.3333E-01, 1.4933E+01,
10:59:24.72101739, 1.5000E+01, 8.6667E-01, 1.5467E+01,
10:59:24.72101744, 1.5033E+01, 8.0000E-01, 1.4933E+01,
10:59:24.72101749, 1.5100E+01, 8.0000E-01, 1.4800E+01,
10:59:24.72101754, 1.5033E+01, 7.3333E-01, 1.5067E+01,
10:59:24.72101759, 1.5000E+01, 8.0000E-01, 1.5200E+01,
10:59:24.72101764, 1.5100E+01, 8.0000E-01, 1.4533E+01,
10:59:24.72101769, 1.5033E+01, 8.0000E-01, 1.5333E+01,
10:59:24.72101774, 1.4967E+01, 6.6667E-01, 1.5067E+01,
10:59:24.72101779, 1.5000E+01, 7.3333E-01, 1.5200E+01,
10:59:24.72101784, 1.5067E+01, 7.3333E-01, 1.5067E+01,
10:59:24.72101789, 1.5033E+01, 6.0000E-01, 1.4933E+01,
10:59:24.72101794, 1.5033E+01, 7.3333E-01, 1.5200E+01,
10:59:24.72101799, 1.5033E+01, 7.3333E-01, 1.5333E+01,
10:59:24.72101804, 1.5033E+01, 6.6667E-01, 1.5333E+01,
10:59:24.72101809, 1.5033E+01, 7.3333E-01, 1.5067E+01,
10:59:24.72101814, 1.5067E+01, 6.6667E-01, 1.4933E+01,
10:59:24.72101819, 1.5133E+01, 6.6667E-01, 1.4933E+01,
10:59:24.72101824, 1.5000E+01, 6.6667E-01, 1.4933E+01,
10:59:24.72101829, 1.5067E+01, 8.6667E-01, 1.5200E+01,
10:59:24.72101834, 1.5000E+01, 6.6667E-01, 1.5200E+01,
10:59:24.72101839, 1.5033E+01, 8.6667E-01, 1.5467E+01,
10:59:24.72101844, 1.5000E+01, 7.3333E-01, 1.5067E+01,
10:59:24.72101849, 1.5000E+01, 8.0000E-01, 1.5067E+01,
10:59:24.72101854, 1.5033E+01, 6.6667E-01, 1.5200E+01,
10:59:24.72101859, 1.5067E+01, 6.6667E-01, 1.5067E+01,
10:59:24.72101864, 1.5067E+01, 6.6667E-01, 1.5200E+01,
10:59:24.72101869, 1.5033E+01, 6.6667E-01, 1.5200E+01,
10:59:24.72101874, 1.5067E+01, 7.3333E-01, 1.5200E+01,
10:59:24.72101879, 1.5067E+01, 9.3333E-01, 1.5333E+01,
10:59:24.72101884, 1.4967E+01, 8.6667E-01, 1.5067E+01,
10:59:24.72101889, 1.4967E+01, 8.0000E-01, 1.4933E+01,
10:59:24.72101894, 1.5133E+01, 7.3333E-01, 1.5067E+01,
10:59:24.72101899, 1.5033E+01, 7.3333E-01, 1.5067E+01,
10:59:24.72101904, 1.5133E+01, 8.0000E-01, 1.5200E+01,
10:59:24.72101909, 1.5100E+01, 8.0000E-01, 1.5200E+01,
10:59:24.72101914, 1.5067E+01, 7.3333E-01, 1.5200E+01,
10:59:24.72101919, 1.5067E+01, 8.0000E-01, 1.4800E+01,
10:59:24.72101924, 1.5067E+01, 8.6667E-01, 1.5467E+01,
10:59:24.72101929, 1.5100E+01, 8.0000E-01, 1.5200E+01,
10:59:24.72101934, 1.5000E+01, 6.6667E-01, 1.5067E+01,
10:59:24.72101939, 1.5033E+01, 8.0000E-01, 1.5200E+01,
10:59:24.72101944, 1.5100E+01, 8.0000E-01, 1.5200E+01,
10:59:24.72101949, 1.5033E+01, 8.0000E-01, 1.4933E+01,
10:59:24.72101954, 1.5100E+01, 7.3333E-01, 1.4800E+01,
10:59:24.72101959, 1.4933E+01, 8.0000E-01, 1.4800E+01,
10:59:24.72101964, 1.5033E+01, 9.3333E-01, 1.5200E+01,
10:59:24.72101969, 1.5033E+01, 8.0000E-01, 1.5067E+01,
10:59:24.72101974, 1.5100E+01, 6.0000E-01, 1.4800E+01,
10:59:24.72101979, 1.5067E+01, 8.0000E-01, 1.4933E+01,
10:59:24.72101984, 1.5000E+01, 9.3333E-01, 1.5067E+01,
10:59:24.72101989, 1.5033E+01, 7.3333E-01, 1.5467E+01,
10:59:24.72101994, 1.5100E+01, 6.0000E-01, 1.5067E+01,
10:59:24.72101999, 1.5033E+01, 6.0000E-01, 1.4933E+01,
10:59:24.72102004, 1.5000E+01, 6.0000E-01, 1.4933E+01,
10:59:24.72102009, 1.5000E+01, 6.6667E-01, 1.4933E+01,
10:59:24.72102014, 1.5100E+01, 6.6667E-01, 1.5067E+01,
10:59:24.72102019, 1.5067E+01, 7.3333E-01, 1.4933E+01,
10:59:24.72102024, 1.5033E+01, 7.3333E-01, 1.5200E+01,
10:59:24.72102029, 1.4967E+01, 7.3333E-01, 1.5067E+01,
10:59:24.72102034, 1.5033E+01, 8.0000E-01, 1.5200E+01,
10:59:24.72102039, 1.5100E+01, 8.0000E-01, 1.5333E+01,
10:59:24.72102044, 1.4967E+01, 7.3333E-01, 1.5067E+01,
10:59:24.72102049, 1.5000E+01, 7.3333E-01, 1.5333E+01,
10:59:24.72102054, 1.5033E+01, 8.0000E-01, 1.4933E+01,
10:59:24.72102059, 1.5033E+01, 7.3333E-01, 1.4667E+01,
10:59:24.72102064, 1.5000E+01, 8.0000E-01, 1.5333E+01,
10:59:24.72102069, 1.5000E+01, 8.0000E-01, 1.5333E+01,
10:59:24.72102074, 1.5033E+01, 7.3333E-01, 1.5067E+01,
10:59:24.72102079, 1.5000E+01, 8.0000E-01, 1.5200E+01,
10:59:24.72102084, 1.5000E+01, 8.6667E-01, 1.5067E+01,
10:59:24.72102089, 1.5067E+01, 7.3333E-01, 1.5200E+01,
10:59:24.72102094, 1.5000E+01, 6.6667E-01, 1.5200E+01,
10:59:24.72102099, 1.5033E+01, 8.0000E-01, 1.5067E+01,
10:59:24.72102104, 1.5000E+01, 8.0000E-01, 1.4800E+01,
10:59:24.72102109, 1.4933E+01, 6.6667E-01, 1.5067E+01,
10:59:24.72102114, 1.5033E+01, 7.3333E-01, 1.5333E+01,
10:59:24.72102119, 1.5000E+01, 8.0000E-01, 1.5200E+01,
10:59:24.72102124, 1.5033E+01, 7.3333E-01, 1.4933E+01,
10:59:24.72102129, 1.5000E+01, 1.0000E+00, 1.5200E+01,
10:59:24.72102134, 1.5067E+01, 7.3333E-01, 1.5200E+01,
10:59:24.72102139, 1.5033E+01, 8.0000E-01, 1.4933E+01,
10:59:24.72102144, 1.4967E+01, 8.0000E-01, 1.5067E+01,
10:59:24.72102149, 1.5033E+01, 8.6667E-01, 1.5200E+01,
10:59:24.72102154, 1.5033E+01, 9.3333E-01, 1.4933E+01,
10:59:24.72102159, 1.5133E+01, 7.3333E-01, 1.5333E+01,
10:59:24.72102164, 1.5033E+01, 6.0000E-01, 1.4933E+01,
10:59:24.72102169, 1.5033E+01, 8.0000E-01, 1.5333E+01,
10:59:24.72102174, 1.4967E+01, 7.3333E-01, 1.5200E+01,
10:59:24.72102179, 1.5133E+01, 8.0000E-01, 1.4800E+01,
10:59:24.72102184, 1.5100E+01, 7.3333E-01, 1.5467E+01,
10:59:24.72102189, 1.5067E+01, 8.6667E-01, 1.5200E+01,
10:59:24.72102194, 1.4967E+01, 6.6667E-01, 1.4933E+01,
10:59:24.72102199, 1.5033E+01, 7.3333E-01, 1.4800E+01,
10:59:24.72102204, 1.5067E+01, 7.3333E-01, 1.4933E+01,
10:59:24.72102209, 1.5067E+01, 8.0000E-01, 1.5067E+01,
10:59:24.72102214, 1.4967E+01, 8.6667E-01, 1.5200E+01,
10:59:24.72102219, 1.4967E+01, 8.6667E-01, 1.5067E+01,
10:59:24.72102224, 1.5100E+01, 8.0000E-01, 1.5067E+01,
10:59:24.72102229, 1.5067E+01, 8.0000E-01, 1.4933E+01,
10:59:24.72102234, 1.5033E+01, 6.6667E-01, 1.4933E+01,
10:59:24.72102239, 1.5033E+01, 7.3333E-01, 1.4933E+01,
10:59:24.72102244, 1.5067E+01, 7.3333E-01, 1.5067E+01,
10:59:24.72102249, 1.5000E+01, 7.3333E-01, 1.5200E+01,
10:59:24.72102254, 1.5000E+01, 8.0000E-01, 1.5067E+01,
10:59:24.72102259, 1.5100E+01, 7.3333E-01, 1.5200E+01,
10:59:24.72102264, 1.4967E+01, 6.6667E-01, 1.5467E+01,
10:59:24.72102269, 1.5067E+01, 7.3333E-01, 1.5200E+01,
10:59:24.72102274, 1.4967E+01, 8.0000E-01, 1.4667E+01,
10:59:24.72102279, 1.5000E+01, 6.0000E-01, 1.5600E+01,
10:59:24.72102284, 1.5100E+01, 8.6667E-01, 1.5200E+01,
10:59:24.72102289, 1.5067E+01, 7.3333E-01, 1.5200E+01,
10:59:24.72102294, 1.4967E+01, 6.6667E-01, 1.5067E+01,
10:59:24.72102299, 1.4933E+01, 8.0000E-01, 1.5067E+01,
10:59:24.72102304, 1.5067E+01, 8.0000E-01, 1.5067E+01,
10:59:24.72102309, 1.5000E+01, 7.3333E-01, 1.5067E+01,
10:59:24.72102314, 1.5033E+01, 8.0000E-01, 1.5333E+01,
10:59:24.72102319, 1.5000E+01, 7.3333E-01, 1.4667E+01,
10:59:24.72102324, 1.5000E+01, 7.3333E-01, 1.5067E+01,
10:59:24.72102329, 1.5033E+01, 8.6667E-01, 1.4933E+01,
10:59:24.72102334, 1.5100E+01, 8.0000E-01, 1.5067E+01,
10:59:24.72102339, 1.5000E+01, 1.0000E+00, 1.5467E+01,
10:59:24.72102344, 1.5067E+01, 8.0000E-01, 1.5200E+01,
10:59:24.72102349, 1.5067E+01, 8.0000E-01, 1.5067E+01,
10:59:24.72102354, 1.5000E+01, 8.0000E-01, 1.5067E+01,
10:59:24.72102359, 1.5067E+01, 8.0000E-01, 1.5200E+01,
10:59:24.72102364, 1.5067E+01, 6.6667E-01, 1.5333E+01,
10:59:24.72102369, 1.5000E+01, 9.3333E-01, 1.5733E+01,
10:59:24.72102374, 1.5033E+01, 7.3333E-01, 1.4933E+01,
10:59:24.72102379, 1.5100E+01, 8.6667E-01, 1.5333E+01,
10:59:24.72102384, 1.4967E+01, 7.3333E-01, 1.4933E+01,
10:59:24.72102389, 1.4933E+01, 8.6667E-01, 1.4800E+01,
10:59:24.72102394, 1.5000E+01, 7.3333E-01, 1.4800E+01,
10:59:24.72102399, 1.4967E+01, 7.3333E-01, 1.5200E+01,
10:59:24.72102404, 1.5033E+01, 7.3333E-01, 1.5333E+01,
10:59:24.72102409, 1.5100E+01, 8.6667E-01, 1.5067E+01,
10:59:24.72102414, 1.5067E+01, 8.6667E-01, 1.5200E+01,
10:59:24.72102419, 1.5067E+01, 7.3333E-01, 1.5333E+01,
10:59:24.72102424, 1.5033E+01, 7.3333E-01, 1.4933E+01,
10:59:24.72102429, 1.5033E+01, 7.3333E-01, 1.5333E+01,
10:59:24.72102434, 1.5033E+01, 9.3333E-01, 1.4667E+01,
10:59:24.72102439, 1.5000E+01, 8.0000E-01, 1.4667E+01,
10:59:24.72102444, 1.5033E+01, 7.3333E-01, 1.5200E+01,
10:59:24.72102449, 1.5000E+01, 8.0000E-01, 1.5333E+01,
10:59:24.72102454, 1.5100E+01, 8.0000E-01, 1.5200E+01,
10:59:24.72102459, 1.5067E+01, 8.0000E-01, 1.4933E+01,
10:59:24.72102464, 1.5033E+01, 6.0000E-01, 1.5067E+01,
10:59:24.72102469, 1.5100E+01, 8.6667E-01, 1.5333E+01,
10:59:24.72102474, 1.5033E+01, 8.0000E-01, 1.5200E+01,
10:59:24.72102479, 1.5067E+01, 8.0000E-01, 1.5067E+01,
10:59:24.72102484, 1.5000E+01, 7.3333E-01, 1.4800E+01,
10:59:24.72102489, 1.4967E+01, 6.6667E-01, 1.5200E+01,
10:59:24.72102494, 1.5033E+01, 8.6667E-01, 1.5200E+01,
10:59:24.72102499, 1.5000E+01, 8.0000E-01, 1.5467E+01,
10:59:24.72102504, 1.5033E+01, 8.6667E-01, 1.5067E+01,
10:59:24.72102509, 1.4967E+01, 8.6667E-01, 1.5200E+01,
10:59:24.72102514, 1.5033E+01, 6.6667E-01, 1.5467E+01,
10:59:24.72102519, 1.5000E+01, 7.3333E-01, 1.5333E+01,
10:59:24.72102524, 1.5033E+01, 8.0000E-01, 1.5067E+01,
10:59:24.72102529, 1.5033E+01, 8.0000E-01, 1.5467E+01,
10:59:24.72102534, 1.5067E+01, 6.6667E-01, 1.4667E+01,
10:59:24.72102539, 1.5000E+01, 6.6667E-01, 1.5067E+01,
10:59:24.72102544, 1.4967E+01, 9.3333E-01, 1.5067E+01,
10:59:24.72102549, 1.5033E+01, 8.0000E-01, 1.5067E+01,
10:59:24.72102554, 1.5067E+01, 8.0000E-01, 1.4933E+01,
10:59:24.72102559, 1.4967E+01, 6.6667E-01, 1.4533E+01,
10:59:24.72102564, 1.5000E+01, 7.3333E-01, 1.5333E+01,
10:59:24.72102569, 1.4967E+01, 6.6667E-01, 1.4933E+01,
10:59:24.72102574, 1.5067E+01, 8.0000E-01, 1.5067E+01,
10:59:24.72102579, 1.5067E+01, 8.0000E-01, 1.5467E+01,
10:59:24.72102584, 1.5000E+01, 7.3333E-01, 1.5067E+01,
10:59:24.72102589, 1.5067E+01, 7.3333E-01, 1.5200E+01,
10:59:24.72102594, 1.5000E+01, 7.3333E-01, 1.4933E+01,
10:59:24.72102599, 1.5133E+01, 6.6667E-01, 1.5333E+01,
10:59:24.72102604, 1.5133E+01, 8.6667E-01, 1.5200E+01,
10:59:24.72102609, 1.5067E+01, 7.3333E-01, 1.5067E+01,
10:59:24.72102614, 1.4933E+01, 6.6667E-01, 1.5067E+01,
10:59:24.72102619, 1.5067E+01, 8.0000E-01, 1.4800E+01,
10:59:24.72102624, 1.5000E+01, 6.6667E-01, 1.4800E+01,
10:59:24.72102629, 1.5067E+01, 6.6667E-01, 1.5067E+01,
10:59:24.72102634, 1.5033E+01, 8.6667E-01, 1.4933E+01,
10:59:24.72102639, 1.5033E+01, 7.3333E-01, 1.4933E+01,
10:59:24.72102644, 1.5067E+01, 7.3333E-01, 1.5067E+01,
10:59:24.72102649, 1.5000E+01, 8.6667E-01, 1.5067E+01,
10:59:24.72102654, 1.5067E+01, 8.0000E-01, 1.4933E+01,
10:59:24.72102659, 1.5067E+01, 7.3333E-01, 1.5467E+01,
10:59:24.72102664, 1.5000E+01, 8.0000E-01, 1.5333E+01,
10:59:24.72102669, 1.5033E+01, 7.3333E-01, 1.5333E+01,
10:59:24.72102674, 1.5033E+01, 7.3333E-01, 1.4933E+01,
10:59:24.72102679, 1.5000E+01, 8.6667E-01, 1.4933E+01,
10:59:24.72102684, 1.5100E+01, 9.3333E-01, 1.4667E+01,
10:59:24.72102689, 1.5033E+01, 7.3333E-01, 1.5200E+01,
10:59:24.72102694, 1.5033E+01, 7.3333E-01, 1.5067E+01,
10:59:24.72102699, 1.5000E+01, 6.6667E-01, 1.5200E+01,
10:59:24.72102704, 1.5067E+01, 8.6667E-01, 1.5200E+01,
10:59:24.72102709, 1.5033E+01, 8.6667E-01, 1.5200E+01,
10:59:24.72102714, 1.4967E+01, 8.0000E-01, 1.5200E+01,
10:59:24.72102719, 1.5033E+01, 7.3333E-01, 1.5333E+01,
10:59:24.72102724, 1.5033E+01, 8.0000E-01, 1.5067E+01,
10:59:24.72102729, 1.5033E+01, 8.0000E-01, 1.5333E+01,
10:59:24.72102734, 1.5100E+01, 8.0000E-01, 1.5200E+01,
10:59:24.72102739, 1.5033E+01, 9.3333E-01, 1.5200E+01,
10:59:24.72102744, 1.5067E+01, 7.3333E-01, 1.5333E+01,
10:59:24.72102749, 1.5033E+01, 7.3333E-01, 1.5200E+01,
10:59:24.72102754, 1.5033E+01, 7.3333E-01, 1.5333E+01,
10:59:24.72102759, 1.5000E+01, 8.6667E-01, 1.5333E+01,
10:59:24.72102764, 1.5067E+01, 8.6667E-01, 1.5067E+01,
10:59:24.72102769, 1.5067E+01, 8.0000E-01, 1.5200E+01,
10:59:24.72102774, 1.5033E+01, 8.6667E-01, 1.5200E+01,
10:59:24.72102779, 1.5033E+01, 7.3333E-01, 1.5333E+01,
10:59:24.72102784, 1.5000E+01, 7.3333E-01, 1.5067E+01,
10:59:24.72102789, 1.5100E+01, 8.0000E-01, 1.4933E+01,
10:59:24.72102794, 1.5033E+01, 9.3333E-01, 1.4933E+01,
10:59:24.72102799, 1.5033E+01, 7.3333E-01, 1.5467E+01,
10:59:24.72102804, 1.5100E+01, 8.6667E-01, 1.5333E+01,
10:59:24.72102809, 1.5067E+01, 8.0000E-01, 1.5067E+01,
10:59:24.72102814, 1.5067E+01, 7.3333E-01, 1.5200E+01,
10:59:24.72102819, 1.5000E+01, 7.3333E-01, 1.4933E+01,
10:59:24.72102824, 1.5033E+01, 7.3333E-01, 1.5067E+01,
10:59:24.72102829, 1.4967E+01, 6.6667E-01, 1.5067E+01,
10:59:24.72102834, 1.5033E+01, 7.3333E-01, 1.5333E+01,
10:59:24.72102839, 1.5033E+01, 6.6667E-01, 1.4933E+01,
10:59:24.72102844, 1.5100E+01, 8.0000E-01, 1.4933E+01,
10:59:24.72102849, 1.5067E+01, 6.6667E-01, 1.4933E+01,
10:59:24.72102854, 1.5100E+01, 8.6667E-01, 1.5200E+01,
10:59:24.72102859, 1.5133E+01, 8.0000E-01, 1.5333E+01,
10:59:24.72102864, 1.5000E+01, 8.6667E-01, 1.5067E+01,
10:59:24.72102869, 1.5000E+01, 6.6667E-01, 1.5067E+01,
10:59:24.72102874, 1.5100E+01, 7.3333E-01, 1.5067E+01,
10:59:24.72102879, 1.5100E+01, 7.3333E-01, 1.5067E+01,
10:59:24.72102884, 1.5000E+01, 8.0000E-01, 1.4933E+01,
10:59:24.72102889, 1.5067E+01, 8.0000E-01, 1.5067E+01,
10:59:24.72102894, 1.5033E+01, 8.0000E-01, 1.5333E+01,
10:59:24.72102899, 1.5067E+01, 8.0000E-01, 1.5067E+01,
10:59:24.72102904, 1.5067E+01, 8.0000E-01, 1.5467E+01,
10:59:24.72102909, 1.5067E+01, 6.6667E-01, 1.5067E+01,
10:59:24.72102914, 1.5033E+01, 8.6667E-01, 1.5067E+01,
10:59:24.72102919, 1.5000E+01, 8.6667E-01, 1.5067E+01,
10:59:24.72102924, 1.5067E+01, 7.3333E-01, 1.5067E+01,
10:59:24.72102929, 1.5033E+01, 8.0000E-01, 1.4933E+01,
10:59:24.72102934, 1.5033E+01, 8.0000E-01, 1.5200E+01,
10:59:24.72102939, 1.5033E+01, 7.3333E-01, 1.5067E+01,
10:59:24.72102944, 1.5033E+01, 7.3333E-01, 1.5067E+01,
10:59:24.72102949, 1.5033E+01, 6.6667E-01, 1.4933E+01,
10:59:24.72102954, 1.5033E+01, 8.0000E-01, 1.5200E+01,
10:59:24.72102959, 1.5000E+01, 7.3333E-01, 1.5067E+01,
10:59:24.72102964, 1.5067E+01, 7.3333E-01, 1.5067E+01,
10:59:24.72102969, 1.5100E+01, 7.3333E-01, 1.5067E+01,
10:59:24.72102974, 1.5000E+01, 6.6667E-01, 1.4933E+01,
10:59:24.72102979, 1.4967E+01, 8.0000E-01, 1.4533E+01,
10:59:24.72102984, 1.5067E+01, 7.3333E-01, 1.5067E+01,
10:59:24.72102989, 1.4967E+01, 8.0000E-01, 1.5067E+01,
10:59:24.72102994, 1.4967E+01, 7.3333E-01, 1.5067E+01,
10:59:24.72102999, 1.5000E+01, 6.6667E-01, 1.5067E+01,
10:59:24.72103004, 1.5067E+01, 7.3333E-01, 1.5467E+01,
10:59:24.72103009, 1.5067E+01, 6.6667E-01, 1.5333E+01,
10:59:24.72103014, 1.5067E+01, 6.0000E-01, 1.5067E+01,
10:59:24.72103019, 1.5067E+01, 6.6667E-01, 1.4933E+01,
10:59:24.72103024, 1.5033E+01, 8.6667E-01, 1.5067E+01,
10:59:24.72103029, 1.5067E+01, 7.3333E-01, 1.5200E+01,
10:59:24.72103034, 1.5033E+01, 6.6667E-01, 1.5333E+01,
10:59:24.72103039, 1.5100E+01, 8.0000E-01, 1.5067E+01,
10:59:24.72103044, 1.5000E+01, 8.6667E-01, 1.5200E+01,
10:59:24.72103049, 1.5033E+01, 9.3333E-01, 1.5067E+01,
10:59:24.72103054, 1.5000E+01, 7.3333E-01, 1.5200E+01,
10:59:24.72103059, 1.4967E+01, 6.6667E-01, 1.5333E+01,
10:59:24.72103064, 1.4967E+01, 9.3333E-01, 1.5067E+01,
10:59:24.72103069, 1.4967E+01, 7.3333E-01, 1.5200E+01,
10:59:24.72103074, 1.5000E+01, 6.6667E-01, 1.4933E+01,
10:59:24.72103079, 1.5100E+01, 7.3333E-01, 1.5333E+01,
10:59:24.72103084, 1.5100E+01, 7.3333E-01, 1.5200E+01,
10:59:24.72103089, 1.5000E+01, 8.0000E-01, 1.4933E+01,
10:59:24.72103094, 1.5000E+01, 8.0000E-01, 1.4800E+01,
10:59:24.72103099, 1.4967E+01, 7.3333E-01, 1.5200E+01,
10:59:24.72103104, 1.5000E+01, 9.3333E-01, 1.5333E+01,
10:59:24.72103109, 1.5067E+01, 7.3333E-01, 1.4800E+01,
10:59:24.72103114, 1.5067E+01, 6.6667E-01, 1.4800E+01,
10:59:24.72103119, 1.5067E+01, 9.3333E-01, 1.5333E+01,
10:59:24.72103124, 1.5100E+01, 7.3333E-01, 1.5067E+01,
10:59:24.72103129, 1.5067E+01, 6.6667E-01, 1.4933E+01,
10:59:24.72103134, 1.5000E+01, 8.0000E-01, 1.4933E+01,
10:59:24.72103139, 1.5100E+01, 6.6667E-01, 1.5200E+01,
10:59:24.72103144, 1.5067E+01, 8.6667E-01, 1.5067E+01,
10:59:24.72103149, 1.4967E+01, 8.0000E-01, 1.5067E+01,
10:59:24.72103154, 1.4967E+01, 8.0000E-01, 1.5067E+01,
10:59:24.72103159, 1.5100E+01, 7.3333E-01, 1.5200E+01,
10:59:24.72103164, 1.5000E+01, 6.6667E-01, 1.5067E+01,
10:59:24.72103169, 1.4967E+01, 8.6667E-01, 1.4933E+01,
10:59:24.72103174, 1.5033E+01, 6.6667E-01, 1.4800E+01,
10:59:24.72103179, 1.5067E+01, 9.3333E-01, 1.4667E+01,
10:59:24.72103184, 1.5000E+01, 6.6667E-01, 1.5200E+01,
10:59:24.72103189, 1.5067E+01, 6.6667E-01, 1.5067E+01,
10:59:24.72103194, 1.5033E+01, 6.6667E-01, 1.5333E+01,
10:59:24.72103199, 1.5067E+01, 6.6667E-01, 1.5200E+01,
10:59:24.72103204, 1.5067E+01, 8.6667E-01, 1.5067E+01,
10:59:24.72103209, 1.5067E+01, 7.3333E-01, 1.5067E+01,
10:59:24.72103214, 1.5000E+01, 7.3333E-01, 1.5200E+01,
10:59:24.72103219, 1.4967E+01, 7.3333E-01, 1.4800E+01,
10:59:24.72103224, 1.5067E+01, 8.0000E-01, 1.4800E+01,
10:59:24.72103229, 1.5033E+01, 8.0000E-01, 1.4933E+01,
10:59:24.72103234, 1.5067E+01, 8.0000E-01, 1.4800E+01,
10:59:24.72103239, 1.5067E+01, 6.0000E-01, 1.5200E+01,
10:59:24.72103244, 1.5000E+01, 8.0000E-01, 1.5067E+01,
10:59:24.72103249, 1.5000E+01, 8.0000E-01, 1.5467E+01,
10:59:24.72103254, 1.5067E+01, 8.6667E-01, 1.5467E+01,
10:59:24.72103259, 1.5000E+01, 8.0000E-01, 1.5200E+01,
10:59:24.72103264, 1.5067E+01, 8.6667E-01, 1.5067E+01,
10:59:24.72103269, 1.5033E+01, 8.0000E-01, 1.4800E+01,
10:59:24.72103274, 1.5000E+01, 7.3333E-01, 1.4800E+01,
10:59:24.72103279, 1.5067E+01, 6.6667E-01, 1.4933E+01,
10:59:24.72103284, 1.5100E+01, 7.3333E-01, 1.4933E+01,
10:59:24.72103289, 1.5033E+01, 6.0000E-01, 1.5200E+01,
10:59:24.72103294, 1.5000E+01, 8.0000E-01, 1.5200E+01,
10:59:24.72103299, 1.5000E+01, 8.6667E-01, 1.5067E+01,
10:59:24.72103304, 1.5067E+01, 6.6667E-01, 1.5200E+01,
10:59:24.72103309, 1.5000E+01, 8.0000E-01, 1.5200E+01,
10:59:24.72103314, 1.5067E+01, 7.3333E-01, 1.5067E+01,
10:59:24.72103319, 1.5000E+01, 8.0000E-01, 1.5067E+01,
10:59:24.72103324, 1.5000E+01, 7.3333E-01, 1.4933E+01,
10:59:24.72103329, 1.5067E+01, 7.3333E-01, 1.5067E+01,
10:59:24.72103334, 1.5067E+01, 8.0000E-01, 1.4933E+01,
10:59:24.72103339, 1.5000E+01, 8.0000E-01, 1.5067E+01,
10:59:24.72103344, 1.5000E+01, 7.3333E-01, 1.5333E+01,
10:59:24.72103349, 1.5033E+01, 8.0000E-01, 1.5067E+01,
10:59:24.72103354, 1.4933E+01, 8.0000E-01, 1.4933E+01,
10:59:24.72103359, 1.4967E+01, 8.0000E-01, 1.5067E+01,
10:59:24.72103364, 1.5000E+01, 7.3333E-01, 1.5200E+01,
10:59:24.72103369, 1.5067E+01, 8.0000E-01, 1.4933E+01,
10:59:24.72103374, 1.4967E+01, 8.0000E-01, 1.4933E+01,
10:59:24.72103379, 1.5033E+01, 8.0000E-01, 1.4933E+01,
10:59:24.72103384, 1.5067E+01, 8.0000E-01, 1.4933E+01,
10:59:24.72103389, 1.5000E+01, 7.3333E-01, 1.5200E+01,
10:59:24.72103394, 1.5100E+01, 7.3333E-01, 1.5333E+01,
10:59:24.72103399, 1.5100E+01, 6.0000E-01, 1.4800E+01,
10:59:24.72103404, 1.5100E+01, 8.6667E-01, 1.4800E+01,
10:59:24.72103409, 1.5100E+01, 8.6667E-01, 1.5067E+01,
10:59:24.72103414, 1.5033E+01, 8.6667E-01, 1.4800E+01,
10:59:24.72103419, 1.5067E+01, 7.3333E-01, 1.4933E+01,
10:59:24.72103424, 1.5100E+01, 6.6667E-01, 1.5333E+01,
10:59:24.72103429, 1.5000E+01, 6.6667E-01, 1.4933E+01,
10:59:24.72103434, 1.5033E+01, 7.3333E-01, 1.5067E+01,
10:59:24.72103439, 1.5000E+01, 7.3333E-01, 1.5333E+01,
10:59:24.72103444, 1.5033E+01, 7.3333E-01, 1.5200E+01,
10:59:24.72103449, 1.5067E+01, 6.6667E-01, 1.4800E+01,
10:59:24.72103454, 1.5067E+01, 8.6667E-01, 1.4933E+01,
10:59:24.72103459, 1.5033E+01, 8.0000E-01, 1.4933E+01,
10:59:24.72103464, 1.5033E+01, 6.6667E-01, 1.5067E+01,
10:59:24.72103469, 1.5033E+01, 8.6667E-01, 1.5200E+01,
10:59:24.72103474, 1.5033E+01, 8.0000E-01, 1.5467E+01,
10:59:24.72103479, 1.5100E+01, 7.3333E-01, 1.5067E+01,
10:59:24.72103484, 1.4967E+01, 6.6667E-01, 1.5200E+01,
10:59:24.72103489, 1.5000E+01, 8.6667E-01, 1.5067E+01,
10:59:24.72103494, 1.5000E+01, 6.0000E-01, 1.4933E+01,
10:59:24.72103499, 1.5067E+01, 6.6667E-01, 1.5067E+01,
10:59:24.72103504, 1.5000E+01, 8.6667E-01, 1.4933E+01,
10:59:24.72103509, 1.5067E+01, 7.3333E-01, 1.5333E+01,
10:59:24.72103514, 1.5033E+01, 6.6667E-01, 1.4933E+01,
10:59:24.72103519, 1.5067E+01, 8.6667E-01, 1.5333E+01,
10:59:24.72103524, 1.5000E+01, 8.0000E-01, 1.5333E+01,
10:59:24.72103529, 1.5033E+01, 6.6667E-01, 1.5200E+01,
10:59:24.72103534, 1.5000E+01, 8.0000E-01, 1.4800E+01,
10:59:24.72103539, 1.5000E+01, 7.3333E-01, 1.5067E+01,
10:59:24.72103544, 1.5000E+01, 8.6667E-01, 1.5200E+01,
10:59:24.72103549, 1.5067E+01, 8.0000E-01, 1.4800E+01,
10:59:24.72103554, 1.5000E+01, 8.0000E-01, 1.5067E+01,
10:59:24.72103559, 1.5000E+01, 8.0000E-01, 1.4800E+01,
10:59:24.72103564, 1.5067E+01, 6.0000E-01, 1.5067E+01,
10:59:24.72103569, 1.4967E+01, 8.6667E-01, 1.4800E+01,
10:59:24.72103574, 1.5100E+01, 8.0000E-01, 1.5067E+01,
10:59:24.72103579, 1.5000E+01, 8.6667E-01, 1.5200E+01,
10:59:24.72103584, 1.5000E+01, 6.6667E-01, 1.5200E+01,
10:59:24.72103589, 1.5000E+01, 9.3333E-01, 1.4800E+01,
10:59:24.72103594, 1.5000E+01, 8.0000E-01, 1.5200E+01,
10:59:24.72103599, 1.5100E+01, 8.6667E-01, 1.4933E+01,
10:59:24.72103604, 1.5067E+01, 7.3333E-01, 1.5333E+01,
10:59:24.72103609, 1.5067E+01, 9.3333E-01, 1.5333E+01,
10:59:24.72103614, 1.5100E+01, 6.6667E-01, 1.5200E+01,
10:59:24.72103619, 1.5033E+01, 7.3333E-01, 1.4800E+01,
10:59:24.72103624, 1.5067E+01, 7.3333E-01, 1.4667E+01,
10:59:24.72103629, 1.5033E+01, 1.0000E+00, 1.4933E+01,
10:59:24.72103634, 1.5000E+01, 8.0000E-01, 1.5200E+01,
10:59:24.72103639, 1.5100E+01, 7.3333E-01, 1.4800E+01,
10:59:24.72103644, 1.5000E+01, 6.6667E-01, 1.4667E+01,
10:59:24.72103649, 1.5067E+01, 6.0000E-01, 1.4933E+01,
10:59:24.72103654, 1.5033E+01, 8.0000E-01, 1.4800E+01,
10:59:24.72103659, 1.5033E+01, 6.6667E-01, 1.5200E+01,
10:59:24.72103664, 1.5133E+01, 8.0000E-01, 1.4933E+01,
10:59:24.72103669, 1.5167E+01, 8.0000E-01, 1.5333E+01,
10:59:24.72103674, 1.4967E+01, 8.6667E-01, 1.5333E+01,
10:59:24.72103679, 1.5000E+01, 7.3333E-01, 1.5200E+01,
10:59:24.72103684, 1.5033E+01, 7.3333E-01, 1.5333E+01,
10:59:24.72103689, 1.5067E+01, 8.0000E-01, 1.4933E+01,
10:59:24.72103694, 1.5033E+01, 7.3333E-01, 1.5200E+01,
10:59:24.72103699, 1.5033E+01, 8.0000E-01, 1.5067E+01,
10:59:24.72103704, 1.5067E+01, 7.3333E-01, 1.4933E+01,
10:59:24.72103709, 1.5000E+01, 6.6667E-01, 1.4933E+01,
10:59:24.72103714, 1.5067E+01, 6.6667E-01, 1.5200E+01,
10:59:24.72103719, 1.4967E+01, 6.6667E-01, 1.5067E+01,
10:59:24.72103724, 1.5033E+01, 7.3333E-01, 1.4933E+01,
10:59:24.72103729, 1.5033E+01, 7.3333E-01, 1.5067E+01,
10:59:24.72103734, 1.5100E+01, 8.0000E-01, 1.4933E+01,
10:59:24.72103739, 1.5033E+01, 8.0000E-01, 1.5200E+01,
10:59:24.72103744, 1.5033E+01, 7.3333E-01, 1.5067E+01,
10:59:24.72103749, 1.5067E+01, 7.3333E-01, 1.4800E+01,
10:59:24.72103754, 1.5033E+01, 8.6667E-01, 1.4800E+01,
10:59:24.72103759, 1.4967E+01, 8.6667E-01, 1.4933E+01,
10:59:24.72103764, 1.5067E+01, 7.3333E-01, 1.4933E+01,
10:59:24.72103769, 1.5033E+01, 7.3333E-01, 1.4800E+01,
10:59:24.72103774, 1.5000E+01, 6.0000E-01, 1.5067E+01,
10:59:24.72103779, 1.5067E+01, 8.0000E-01, 1.5200E+01,
10:59:24.72103784, 1.5000E+01, 7.3333E-01, 1.4800E+01,
10:59:24.72103789, 1.4967E+01, 8.0000E-01, 1.4933E+01,
10:59:24.72103794, 1.5067E+01, 7.3333E-01, 1.5200E+01,
10:59:24.72103799, 1.4967E+01, 5.3333E-01, 1.5200E+01,
10:59:24.72103804, 1.5067E+01, 8.0000E-01, 1.5067E+01,
10:59:24.72103809, 1.5067E+01, 7.3333E-01, 1.4933E+01,
10:59:24.72103814, 1.5067E+01, 8.0000E-01, 1.4933E+01,
10:59:24.72103819, 1.5033E+01, 6.6667E-01, 1.4933E+01,
10:59:24.72103824, 1.4967E+01, 8.6667E-01, 1.5200E+01,
10:59:24.72103829, 1.4967E+01, 9.3333E-01, 1.5333E+01,
10:59:24.72103834, 1.5000E+01, 7.3333E-01, 1.4933E+01,
10:59:24.72103839, 1.5100E+01, 8.0000E-01, 1.5067E+01,
10:59:24.72103844, 1.5067E+01, 7.3333E-01, 1.5600E+01,
10:59:24.72103849, 1.5100E+01, 6.6667E-01, 1.5067E+01,
10:59:24.72103854, 1.5033E+01, 6.6667E-01, 1.5333E+01,
10:59:24.72103859, 1.5000E+01, 7.3333E-01, 1.4800E+01,
10:59:24.72103864, 1.5000E+01, 8.0000E-01, 1.4933E+01,
10:59:24.72103869, 1.4967E+01, 7.3333E-01, 1.5067E+01,
10:59:24.72103874, 1.5033E+01, 7.3333E-01, 1.5333E+01,
10:59:24.72103879, 1.5100E+01, 6.0000E-01, 1.5067E+01,
10:59:24.72103884, 1.5000E+01, 7.3333E-01, 1.5067E+01,
10:59:24.72103889, 1.5067E+01, 8.0000E-01, 1.5333E+01,
10:59:24.72103894, 1.5033E+01, 7.3333E-01, 1.5200E+01,
10:59:24.72103899, 1.5000E+01, 6.6667E-01, 1.5067E+01,
10:59:24.72103904, 1.4967E+01, 8.0000E-01, 1.4933E+01,
10:59:24.72103909, 1.5100E+01, 8.0000E-01, 1.5067E+01,
10:59:24.72103914, 1.5000E+01, 7.3333E-01, 1.4933E+01,
10:59:24.72103919, 1.5000E+01, 8.6667E-01, 1.4800E+01,
10:59:24.72103924, 1.5000E+01, 8.0000E-01, 1.5200E+01,
10:59:24.72103929, 1.4967E+01, 7.3333E-01, 1.4933E+01,
10:59:24.72103934, 1.5033E+01, 6.6667E-01, 1.4800E+01,
10:59:24.72103939, 1.5033E+01, 8.6667E-01, 1.4667E+01,
10:59:24.72103944, 1.5067E+01, 8.6667E-01, 1.4800E+01,
10:59:24.72103949, 1.5100E+01, 7.3333E-01, 1.5067E+01,
10:59:24.72103954, 1.5067E+01, 8.6667E-01, 1.5200E+01,
10:59:24.72103959, 1.5067E+01, 8.6667E-01, 1.4667E+01,
10:59:24.72103964, 1.5033E+01, 8.0000E-01, 1.5200E+01,
10:59:24.72103969, 1.5033E+01, 7.3333E-01, 1.5067E+01,
10:59:24.72103974, 1.4933E+01, 7.3333E-01, 1.5067E+01,
10:59:24.72103979, 1.5033E+01, 8.0000E-01, 1.4933E+01,
10:59:24.72103984, 1.5067E+01, 8.6667E-01, 1.5200E+01,
10:59:24.72103989, 1.5000E+01, 8.6667E-01, 1.5200E+01,
10:59:24.72103994, 1.5100E+01, 8.0000E-01, 1.4800E+01,
10:59:24.72103999, 1.5067E+01, 9.3333E-01, 1.5200E+01,
10:59:24.72104004, 1.5067E+01, 9.3333E-01, 1.5067E+01,
10:59:24.72104009, 1.5067E+01, 9.3333E-01, 1.5067E+01,
10:59:24.72104014, 1.5033E+01, 8.6667E-01, 1.5067E+01,
10:59:24.72104019, 1.5000E+01, 7.3333E-01, 1.5200E+01,
10:59:24.72104024, 1.5033E+01, 6.0000E-01, 1.4800E+01,
10:59:24.72104029, 1.5000E+01, 8.6667E-01, 1.5067E+01,
10:59:24.72104034, 1.5033E+01, 8.0000E-01, 1.5067E+01,
10:59:24.72104039, 1.4967E+01, 8.0000E-01, 1.5067E+01,
10:59:24.72104044, 1.5067E+01, 7.3333E-01, 1.5067E+01,
10:59:24.72104049, 1.5033E+01, 8.0000E-01, 1.5067E+01,
10:59:24.72104054, 1.5100E+01, 8.6667E-01, 1.5200E+01,
10:59:24.72104059, 1.5033E+01, 7.3333E-01, 1.4933E+01,
10:59:24.72104064, 1.4967E+01, 8.0000E-01, 1.5333E+01,
10:59:24.72104069, 1.4967E+01, 8.6667E-01, 1.5067E+01,
10:59:24.72104074, 1.5000E+01, 6.6667E-01, 1.5067E+01,
10:59:24.72104079, 1.4967E+01, 7.3333E-01, 1.5067E+01,
10:59:24.72104084, 1.5000E+01, 8.6667E-01, 1.5467E+01,
10:59:24.72104089, 1.5100E+01, 8.6667E-01, 1.5067E+01,
10:59:24.72104094, 1.4967E+01, 8.0000E-01, 1.5200E+01,
10:59:24.72104099, 1.5133E+01, 6.6667E-01, 1.5067E+01,
10:59:24.72104104, 1.5033E+01, 7.3333E-01, 1.5067E+01,
10:59:24.72104109, 1.5000E+01, 7.3333E-01, 1.5067E+01,
10:59:24.72104114, 1.5100E+01, 8.0000E-01, 1.4933E+01,
10:59:24.72104119, 1.5000E+01, 8.0000E-01, 1.5200E+01,
10:59:24.72104124, 1.5000E+01, 8.0000E-01, 1.4933E+01,
10:59:24.72104129, 1.5100E+01, 7.3333E-01, 1.5067E+01,
10:59:24.72104134, 1.5000E+01, 8.0000E-01, 1.4933E+01,
10:59:24.72104139, 1.5000E+01, 8.0000E-01, 1.5067E+01,
10:59:24.72104144, 1.5000E+01, 7.3333E-01, 1.5200E+01,
10:59:24.72104149, 1.5067E+01, 9.3333E-01, 1.5067E+01,
10:59:24.72104154, 1.5000E+01, 8.6667E-01, 1.5067E+01,
10:59:24.72104159, 1.5000E+01, 8.0000E-01, 1.5067E+01,
10:59:24.72104164, 1.5000E+01, 7.3333E-01, 1.5333E+01,
10:59:24.72104169, 1.5100E+01, 8.0000E-01, 1.5067E+01,
10:59:24.72104174, 1.5100E+01, 7.3333E-01, 1.4800E+01,
10:59:24.72104179, 1.5000E+01, 8.0000E-01, 1.5333E+01,
10:59:24.72104184, 1.5067E+01, 8.6667E-01, 1.5067E+01,
10:59:24.72104189, 1.5067E+01, 7.3333E-01, 1.4933E+01,
10:59:24.72104194, 1.5033E+01, 9.3333E-01, 1.5067E+01,
10:59:24.72104199, 1.5000E+01, 7.3333E-01, 1.5200E+01,
10:59:24.72104204, 1.5000E+01, 7.3333E-01, 1.4800E+01,
10:59:24.72104209, 1.5067E+01, 8.6667E-01, 1.4933E+01,
10:59:24.72104214, 1.5100E+01, 7.3333E-01, 1.5200E+01,
10:59:24.72104219, 1.4933E+01, 7.3333E-01, 1.5467E+01,
10:59:24.72104224, 1.4933E+01, 6.6667E-01, 1.5600E+01,
10:59:24.72104229, 1.5000E+01, 7.3333E-01, 1.5067E+01,
10:59:24.72104234, 1.5033E+01, 8.0000E-01, 1.5200E+01,
10:59:24.72104239, 1.5000E+01, 8.6667E-01, 1.4933E+01,
10:59:24.72104244, 1.5100E+01, 6.0000E-01, 1.5067E+01,
10:59:24.72104249, 1.5033E+01, 6.6667E-01, 1.4800E+01,
10:59:24.72104254, 1.4967E+01, 8.6667E-01, 1.5200E+01,
10:59:24.72104259, 1.5000E+01, 8.0000E-01, 1.5067E+01,
10:59:24.72104264, 1.5000E+01, 8.6667E-01, 1.5333E+01,
10:59:24.72104269, 1.5033E+01, 8.0000E-01, 1.5200E+01,
10:59:24.72104274, 1.5033E+01, 8.6667E-01, 1.5200E+01,
10:59:24.72104279, 1.5100E+01, 8.0000E-01, 1.4800E+01,
10:59:24.72104284, 1.5000E+01, 8.0000E-01, 1.4933E+01,
10:59:24.72104289, 1.5100E+01, 7.3333E-01, 1.4933E+01,
10:59:24.72104294, 1.5000E+01, 6.6667E-01, 1.4933E+01,
10:59:24.72104299, 1.5100E+01, 6.0000E-01, 1.4800E+01,
10:59:24.72104304, 1.5067E+01, 8.0000E-01, 1.4933E+01,
10:59:24.72104309, 1.4967E+01, 7.3333E-01, 1.5067E+01,
10:59:24.72104314, 1.5000E+01, 7.3333E-01, 1.4933E+01,
10:59:24.72104319, 1.5100E+01, 8.0000E-01, 1.5067E+01,
10:59:24.72104324, 1.5000E+01, 8.0000E-01, 1.4933E+01,
10:59:24.72104329, 1.5033E+01, 7.3333E-01, 1.5067E+01,
10:59:24.72104334, 1.5067E+01, 8.0000E-01, 1.5067E+01,
10:59:24.72104339, 1.5067E+01, 9.3333E-01, 1.5067E+01,
10:59:24.72104344, 1.5000E+01, 8.6667E-01, 1.5067E+01,
10:59:24.72104349, 1.5067E+01, 6.6667E-01, 1.5200E+01,
10:59:24.72104354, 1.5033E+01, 7.3333E-01, 1.5333E+01,
10:59:24.72104359, 1.5000E+01, 8.6667E-01, 1.4933E+01,
10:59:24.72104364, 1.5000E+01, 7.3333E-01, 1.4933E+01,
10:59:24.72104369, 1.5033E+01, 7.3333E-01, 1.5067E+01,
10:59:24.72104374, 1.4967E+01, 8.0000E-01, 1.5200E+01,
10:59:24.72104379, 1.5067E+01, 6.6667E-01, 1.4933E+01,
10:59:24.72104384, 1.5067E+01, 8.0000E-01, 1.4800E+01,
10:59:24.72104389, 1.5067E+01, 6.6667E-01, 1.5067E+01,
10:59:24.72104394, 1.5067E+01, 8.0000E-01, 1.5200E+01,
10:59:24.72104399, 1.5033E+01, 8.0000E-01, 1.5333E+01,
10:59:24.72104404, 1.4967E+01, 8.6667E-01, 1.4933E+01,
10:59:24.72104409, 1.4967E+01, 7.3333E-01, 1.5467E+01,
10:59:24.72104414, 1.5067E+01, 7.3333E-01, 1.5333E+01,
10:59:24.72104419, 1.5033E+01, 9.3333E-01, 1.5200E+01,
10:59:24.72104424, 1.5067E+01, 6.6667E-01, 1.4933E+01,
10:59:24.72104429, 1.5033E+01, 6.6667E-01, 1.5067E+01,
10:59:24.72104434, 1.5033E+01, 6.6667E-01, 1.4800E+01,
10:59:24.72104439, 1.5100E+01, 7.3333E-01, 1.5200E+01,
10:59:24.72104444, 1.5033E+01, 7.3333E-01, 1.5067E+01,
10:59:24.72104449, 1.5067E+01, 7.3333E-01, 1.5067E+01,
10:59:24.72104454, 1.5033E+01, 8.0000E-01, 1.5200E+01,
10:59:24.72104459, 1.4967E+01, 6.6667E-01, 1.5067E+01,
10:59:24.72104464, 1.5000E+01, 7.3333E-01, 1.5067E+01,
10:59:24.72104469, 1.5033E+01, 8.0000E-01, 1.5067E+01,
10:59:24.72104474, 1.5000E+01, 8.6667E-01, 1.4800E+01,
10:59:24.72104479, 1.5067E+01, 8.6667E-01, 1.5067E+01,
10:59:24.72104484, 1.5033E+01, 7.3333E-01, 1.5200E+01,
10:59:24.72104489, 1.5067E+01, 7.3333E-01, 1.4933E+01,
10:59:24.72104494, 1.5067E+01, 6.6667E-01, 1.5333E+01,
10:59:24.72104499, 1.5000E+01, 8.0000E-01, 1.4933E+01,
10:59:24.72104504, 1.5033E+01, 7.3333E-01, 1.5333E+01,
10:59:24.72104509, 1.4967E+01, 8.0000E-01, 1.5200E+01,
10:59:24.72104514, 1.5033E+01, 7.3333E-01, 1.5333E+01,
10:59:24.72104519, 1.5000E+01, 8.0000E-01, 1.5067E+01,
10:59:24.72104524, 1.5000E+01, 7.3333E-01, 1.5200E+01,
10:59:24.72104529, 1.5033E+01, 7.3333E-01, 1.4933E+01,
10:59:24.72104534, 1.5067E+01, 8.0000E-01, 1.4933E+01,
10:59:24.72104539, 1.5033E+01, 6.6667E-01, 1.4400E+01,
10:59:24.72104544, 1.4967E+01, 8.0000E-01, 1.4933E+01,
10:59:24.72104549, 1.5067E+01, 7.3333E-01, 1.5200E+01,
10:59:24.72104554, 1.5000E+01, 9.3333E-01, 1.5333E+01,
10:59:24.72104559, 1.5033E+01, 8.0000E-01, 1.4933E+01,
10:59:24.72104564, 1.5033E+01, 7.3333E-01, 1.5067E+01,
10:59:24.72104569, 1.5067E+01, 9.3333E-01, 1.5333E+01,
10:59:24.72104574, 1.5033E+01, 6.6667E-01, 1.5067E+01,
10:59:24.72104579, 1.5067E+01, 8.6667E-01, 1.4933E+01,
10:59:24.72104584, 1.4933E+01, 7.3333E-01, 1.5067E+01,
10:59:24.72104589, 1.5000E+01, 8.0000E-01, 1.5067E+01,
10:59:24.72104594, 1.4967E+01, 6.6667E-01, 1.5067E+01,
10:59:24.72104599, 1.4967E+01, 8.0000E-01, 1.5200E+01,
10:59:24.72104604, 1.5033E+01, 8.6667E-01, 1.4933E+01,
10:59:24.72104609, 1.5033E+01, 6.0000E-01, 1.5067E+01,
10:59:24.72104614, 1.4967E+01, 6.0000E-01, 1.5067E+01,
10:59:24.72104619, 1.5000E+01, 8.0000E-01, 1.5200E+01,
10:59:24.72104624, 1.5033E+01, 8.6667E-01, 1.5200E+01,
10:59:24.72104629, 1.4933E+01, 6.6667E-01, 1.4800E+01,
10:59:24.72104634, 1.5100E+01, 8.0000E-01, 1.4933E+01,
10:59:24.72104639, 1.5000E+01, 6.6667E-01, 1.5067E+01,
10:59:24.72104644, 1.4967E+01, 7.3333E-01, 1.5467E+01,
10:59:24.72104649, 1.5067E+01, 8.0000E-01, 1.5067E+01,
10:59:24.72104654, 1.5000E+01, 8.6667E-01, 1.4933E+01,
10:59:24.72104659, 1.5033E+01, 7.3333E-01, 1.5333E+01,
10:59:24.72104664, 1.5033E+01, 9.3333E-01, 1.5467E+01,
10:59:24.72104669, 1.5067E+01, 7.3333E-01, 1.5067E+01,
10:59:24.72104674, 1.5067E+01, 6.6667E-01, 1.5067E+01,
10:59:24.72104679, 1.5033E+01, 8.6667E-01, 1.4667E+01,
10:59:24.72104684, 1.5067E+01, 6.6667E-01, 1.5067E+01,
10:59:24.72104689, 1.5000E+01, 7.3333E-01, 1.4933E+01,
10:59:24.72104694, 1.5067E+01, 8.0000E-01, 1.4933E+01,
10:59:24.72104699, 1.5000E+01, 7.3333E-01, 1.5067E+01,
10:59:24.72104704, 1.5100E+01, 6.6667E-01, 1.4933E+01,
10:59:24.72104709, 1.5000E+01, 6.0000E-01, 1.5067E+01,
10:59:24.72104714, 1.5033E+01, 8.6667E-01, 1.5200E+01,
10:59:24.72104719, 1.5000E+01, 8.0000E-01, 1.5200E+01,
10:59:24.72104724, 1.5067E+01, 6.6667E-01, 1.4800E+01,
10:59:24.72104729, 1.4967E+01, 8.0000E-01, 1.5067E+01,
10:59:24.72104734, 1.5000E+01, 7.3333E-01, 1.5067E+01,
10:59:24.72104739, 1.5033E+01, 6.6667E-01, 1.5067E+01,
10:59:24.72104744, 1.4967E+01, 6.6667E-01, 1.5067E+01,
10:59:24.72104749, 1.5033E+01, 8.0000E-01, 1.5067E+01,
10:59:24.72104754, 1.5033E+01, 6.6667E-01, 1.5467E+01,
10:59:24.72104759, 1.4967E+01, 9.3333E-01, 1.5200E+01,
10:59:24.72104764, 1.4967E+01, 8.0000E-01, 1.4800E+01,
10:59:24.72104769, 1.5000E+01, 8.0000E-01, 1.4933E+01,
10:59:24.72104774, 1.5067E+01, 8.0000E-01, 1.4800E+01,
10:59:24.72104779, 1.5033E+01, 6.6667E-01, 1.4933E+01,
10:59:24.72104784, 1.4967E+01, 8.6667E-01, 1.5200E+01,
10:59:24.72104789, 1.5000E+01, 6.6667E-01, 1.5200E+01,
10:59:24.72104794, 1.5067E+01, 7.3333E-01, 1.5067E+01,
10:59:24.72104799, 1.5100E+01, 7.3333E-01, 1.5067E+01,
10:59:24.72104804, 1.5067E+01, 9.3333E-01, 1.5200E+01,
10:59:24.72104809, 1.5033E+01, 7.3333E-01, 1.5333E+01,
10:59:24.72104814, 1.5100E+01, 7.3333E-01, 1.5200E+01,
10:59:24.72104819, 1.5100E+01, 8.6667E-01, 1.5067E+01,
10:59:24.72104824, 1.5033E+01, 7.3333E-01, 1.5067E+01,
10:59:24.72104829, 1.5067E+01, 6.6667E-01, 1.4933E+01,
10:59:24.72104834, 1.5000E+01, 6.6667E-01, 1.4933E+01,
10:59:24.72104839, 1.5067E+01, 8.0000E-01, 1.4667E+01,
10:59:24.72104844, 1.4967E+01, 6.6667E-01, 1.4800E+01,
10:59:24.72104849, 1.5000E+01, 7.3333E-01, 1.5067E+01,
10:59:24.72104854, 1.5000E+01, 8.6667E-01, 1.4933E+01,
10:59:24.72104859, 1.5067E+01, 8.6667E-01, 1.5067E+01,
10:59:24.72104864, 1.5033E+01, 7.3333E-01, 1.4800E+01,
10:59:24.72104869, 1.5133E+01, 7.3333E-01, 1.4933E+01,
10:59:24.72104874, 1.5033E+01, 8.6667E-01, 1.4933E+01,
10:59:24.72104879, 1.5000E+01, 7.3333E-01, 1.5067E+01,
10:59:24.72104884, 1.5033E+01, 7.3333E-01, 1.4933E+01,
10:59:24.72104889, 1.4967E+01, 9.3333E-01, 1.5067E+01,
10:59:24.72104894, 1.5067E+01, 8.0000E-01, 1.5200E+01,
10:59:24.72104899, 1.5033E+01, 7.3333E-01, 1.5467E+01,
10:59:24.72104904, 1.4967E+01, 7.3333E-01, 1.5200E+01,
10:59:24.72104909, 1.5100E+01, 7.3333E-01, 1.5200E+01,
10:59:24.72104914, 1.5000E+01, 8.0000E-01, 1.4933E+01,
10:59:24.72104919, 1.5067E+01, 6.6667E-01, 1.4933E+01,
10:59:24.72104924, 1.5000E+01, 8.0000E-01, 1.4933E+01,
10:59:24.72104929, 1.5033E+01, 7.3333E-01, 1.5200E+01,
10:59:24.72104934, 1.4300E+01, 5.3333E-01, 1.5067E+01,
10:59:24.72104939, 3.0000E+00, 5.6000E+00, 1.5333E+01,
10:59:24.72104944,-1.0333E+00, 1.5333E+00, 1.4933E+01,
10:59:24.72104949,-2.0000E-01, 1.0000E+00, 1.4933E+01,
10:59:24.72104954,-6.6667E-02, 1.0000E+00, 1.4800E+01,
10:59:24.72104959,-2.0000E-01, 1.0000E+00, 1.4667E+01,
10:59:24.72104964, 0.0000E+00, 1.1333E+00, 1.4667E+01,
10:59:24.72104969,-3.0000E-01, 1.0000E+00, 1.4400E+01,
10:59:24.72104974,-1.0000E-01, 1.1333E+00, 1.4400E+01,
10:59:24.72104979,-2.0000E-01, 1.0667E+00, 1.4400E+01,
10:59:24.72104984,-1.0000E-01, 1.0000E+00, 1.4267E+01,
10:59:24.72104989,-1.3333E-01, 9.3333E-01, 1.4400E+01,
10:59:24.72104994, 0.0000E+00, 1.0000E+00, 1.4400E+01,
10:59:24.72104999,-3.3333E-02, 1.0667E+00, 1.4133E+01,
10:59:24.72105004,-3.3333E-02, 1.0000E+00, 1.4267E+01,
10:59:24.72105009, 0.0000E+00, 1.0000E+00, 1.4000E+01,
10:59:24.72105014,-6.6667E-02, 9.3333E-01, 1.3867E+01,
10:59:24.72105019, 3.3333E-02, 1.0000E+00, 1.3600E+01,
10:59:24.72105024,-3.3333E-02, 1.1333E+00, 1.3600E+01,
10:59:24.72105029,-6.6667E-02, 1.0667E+00, 1.3733E+01,
10:59:24.72105034, 0.0000E+00, 1.1333E+00, 1.3467E+01,
10:59:24.72105039,-3.3333E-02, 1.0000E+00, 1.3867E+01,
10:59:24.72105044,-6.6667E-02, 1.0000E+00, 1.4133E+01,
10:59:24.72105049, 0.0000E+00, 1.0667E+00, 1.3333E+01,
10:59:24.72105054,-3.3333E-02, 1.0667E+00, 1.3467E+01,
10:59:24.72105059, 1.0000E-01, 1.0000E+00, 1.3200E+01,
10:59:24.72105064, 0.0000E+00, 1.0667E+00, 1.3333E+01,
10:59:24.72105069, 0.0000E+00, 1.0667E+00, 1.3067E+01,
10:59:24.72105074,-6.6667E-02, 9.3333E-01, 1.3067E+01,
10:59:24.72105079, 3.3333E-02, 1.0667E+00, 1.3067E+01,
10:59:24.72105084, 0.0000E+00, 1.0000E+00, 1.3333E+01,
10:59:24.72105089, 0.0000E+00, 1.0000E+00, 1.2800E+01,
10:59:24.72105094, 6.6667E-02, 1.2000E+00, 1.2933E+01,
10:59:24.72105099,-3.3333E-02, 1.1333E+00, 1.2800E+01,
10:59:24.72105104, 3.3333E-02, 1.0000E+00, 1.2667E+01,
10:59:24.72105109, 0.0000E+00, 1.0000E+00, 1.2667E+01,
10:59:24.72105114, 3.3333E-02, 1.0667E+00, 1.2800E+01,
10:59:24.72105119, 3.3333E-02, 1.0000E+00, 1.2400E+01,
10:59:24.72105124, 1.0000E-01, 1.0667E+00, 1.2533E+01,
10:59:24.72105129, 1.3333E-01, 1.0000E+00, 1.1867E+01,
10:59:24.72105134, 0.0000E+00, 1.2000E+00, 1.2533E+01,
10:59:24.72105139,-3.3333E-02, 1.0000E+00, 1.2267E+01,
10:59:24.72105144, 0.0000E+00, 1.0667E+00, 1.1867E+01,
10:59:24.72105149, 0.0000E+00, 1.0667E+00, 1.2000E+01,
10:59:24.72105154, 1.0000E-01, 1.0000E+00, 1.2000E+01,
10:59:24.72105159, 0.0000E+00, 1.2000E+00, 1.1600E+01,
10:59:24.72105164, 3.3333E-02, 1.1333E+00, 1.1600E+01,
10:59:24.72105169, 6.6667E-02, 1.2000E+00, 1.1600E+01,
10:59:24.72105174, 3.3333E-02, 1.0667E+00, 1.1200E+01,
10:59:24.72105179, 3.3333E-02, 1.0000E+00, 1.1333E+01,
10:59:24.72105184, 6.6667E-02, 1.1333E+00, 1.1200E+01,
10:59:24.72105189, 6.6667E-02, 1.0000E+00, 1.1333E+01,
10:59:24.72105194, 3.3333E-02, 1.2667E+00, 1.1333E+01,
10:59:24.72105199, 6.6667E-02, 1.2000E+00, 1.1333E+01,
10:59:24.72105204, 0.0000E+00, 1.2000E+00, 1.0800E+01,
10:59:24.72105209, 0.0000E+00, 1.0667E+00, 1.0667E+01,
10:59:24.72105214, 3.3333E-02, 1.1333E+00, 1.0800E+01,
10:59:24.72105219, 3.3333E-02, 1.2667E+00, 1.0667E+01,
10:59:24.72105224, 1.0000E-01, 1.0000E+00, 1.0667E+01,
10:59:24.72105229, 0.0000E+00, 1.0667E+00, 1.0533E+01,
10:59:24.72105234, 1.0000E-01, 1.0000E+00, 1.0667E+01,
10:59:24.72105239, 3.3333E-02, 1.2000E+00, 1.0267E+01,
10:59:24.72105244, 0.0000E+00, 1.2667E+00, 1.0133E+01,
10:59:24.72105249, 3.3333E-02, 1.1333E+00, 1.0267E+01,
10:59:24.72105254, 1.0000E-01, 1.0667E+00, 1.0133E+01,
10:59:24.72105259, 6.6667E-02, 1.1333E+00, 1.0133E+01,
10:59:24.72105264, 6.6667E-02, 1.1333E+00, 9.8667E+00,
10:59:24.72105269, 3.3333E-02, 1.0000E+00, 9.7333E+00,
10:59:24.72105274, 6.6667E-02, 1.1333E+00, 9.8667E+00,
10:59:24.72105279, 3.3333E-02, 1.2000E+00, 9.6000E+00,
10:59:24.72105284, 1.3333E-01, 1.0667E+00, 9.3333E+00,
10:59:24.72105289, 6.6667E-02, 1.0667E+00, 9.4667E+00,
10:59:24.72105294, 6.6667E-02, 1.0667E+00, 9.3333E+00,
10:59:24.72105299, 1.0000E-01, 1.1333E+00, 9.2000E+00,
10:59:24.72105304, 1.0000E-01, 1.2000E+00, 9.0667E+00,
10:59:24.72105309, 3.3333E-02, 1.0000E+00, 8.9333E+00,
10:59:24.72105314, 3.3333E-02, 1.0667E+00, 9.0667E+00,
10:59:24.72105319, 0.0000E+00, 1.1333E+00, 8.8000E+00,
10:59:24.72105324, 6.6667E-02, 1.0667E+00, 8.6667E+00,
10:59:24.72105329, 1.0000E-01, 1.2000E+00, 8.9333E+00,
10:59:24.72105334, 1.3333E-01, 1.1333E+00, 8.8000E+00,
10:59:24.72105339, 3.3333E-02, 1.1333E+00, 8.6667E+00,
10:59:24.72105344, 1.0000E-01, 1.2667E+00, 8.2667E+00,
10:59:24.72105349, 1.3333E-01, 1.2000E+00, 8.1333E+00,
10:59:24.72105354, 3.3333E-02, 1.0667E+00, 7.8667E+00,
10:59:24.72105359, 6.6667E-02, 1.2000E+00, 8.2667E+00,
10:59:24.72105364, 1.0000E-01, 1.0000E+00, 8.0000E+00,
10:59:24.72105369, 3.3333E-02, 1.0000E+00, 7.6000E+00,
10:59:24.72105374, 3.3333E-02, 1.1333E+00, 7.7333E+00,
10:59:24.72105379, 3.3333E-02, 1.2000E+00, 7.7333E+00,
10:59:24.72105384, 6.6667E-02, 1.1333E+00, 7.7333E+00,
10:59:24.72105389, 6.6667E-02, 1.2000E+00, 7.4667E+00,
10:59:24.72105394, 6.6667E-02, 1.2667E+00, 7.4667E+00,
10:59:24.72105399, 1.0000E-01, 1.2000E+00, 7.0667E+00,
10:59:24.72105404, 3.3333E-02, 1.1333E+00, 7.0667E+00,
10:59:24.72105409, 3.3333E-02, 1.0667E+00, 7.0667E+00,
10:59:24.72105414, 6.6667E-02, 1.2000E+00, 6.8000E+00,
10:59:24.72105419, 1.0000E-01, 1.1333E+00, 7.2000E+00,
10:59:24.72105424, 1.0000E-01, 1.2667E+00, 6.5333E+00,
10:59:24.72105429, 3.3333E-02, 1.2000E+00, 6.6667E+00,
10:59:24.72105434, 6.6667E-02, 1.0667E+00, 6.5333E+00,
10:59:24.72105439, 6.6667E-02, 1.2000E+00, 6.2667E+00,
10:59:24.72105444, 1.0000E-01, 1.2000E+00, 6.2667E+00,
10:59:24.72105449, 1.0000E-01, 1.0667E+00, 6.1333E+00,
10:59:24.72105454, 1.0000E-01, 1.2667E+00, 6.2667E+00,
10:59:24.72105459, 1.3333E-01, 1.0667E+00, 6.0000E+00,
10:59:24.72105464, 1.3333E-01, 1.1333E+00, 6.0000E+00,
10:59:24.72105469, 6.6667E-02, 1.1333E+00, 5.7333E+00,
10:59:24.72105474, 3.3333E-02, 1.2000E+00, 5.8667E+00,
10:59:24.72105479, 1.0000E-01, 1.1333E+00, 6.0000E+00,
10:59:24.72105484, 1.0000E-01, 1.0667E+00, 5.7333E+00,
10:59:24.72105489, 6.6667E-02, 1.1333E+00, 5.6000E+00,
10:59:24.72105494, 6.6667E-02, 1.1333E+00, 5.6000E+00,
10:59:24.72105499, 6.6667E-02, 1.1333E+00, 5.4667E+00,
10:59:24.72105504, 6.6667E-02, 1.2667E+00, 5.2000E+00,
10:59:24.72105509, 6.6667E-02, 1.1333E+00, 4.9333E+00,
10:59:24.72105514, 6.6667E-02, 1.0667E+00, 5.0667E+00,
10:59:24.72105519, 6.6667E-02, 1.0667E+00, 4.8000E+00,
10:59:24.72105524, 3.3333E-02, 1.1333E+00, 4.8000E+00,
10:59:24.72105529, 0.0000E+00, 1.0667E+00, 4.5333E+00,
10:59:24.72105534, 1.0000E-01, 1.1333E+00, 4.9333E+00,
10:59:24.72105539, 3.3333E-02, 1.2000E+00, 4.6667E+00,
10:59:24.72105544, 6.6667E-02, 1.1333E+00, 4.2667E+00,
10:59:24.72105549, 3.3333E-02, 1.0000E+00, 4.1333E+00,
10:59:24.72105554, 1.3333E-01, 1.1333E+00, 4.0000E+00,
10:59:24.72105559, 3.3333E-02, 1.1333E+00, 4.0000E+00,
10:59:24.72105564, 1.0000E-01, 1.0667E+00, 3.8667E+00,
10:59:24.72105569, 1.0000E-01, 1.1333E+00, 4.0000E+00,
10:59:24.72105574, 6.6667E-02, 1.0667E+00, 3.8667E+00,
10:59:24.72105579, 0.0000E+00, 1.1333E+00, 3.7333E+00,
10:59:24.72105584, 6.6667E-02, 1.0667E+00, 3.3333E+00,
10:59:24.72105589, 1.0000E-01, 1.1333E+00, 3.6000E+00,
10:59:24.72105594, 3.3333E-02, 1.2667E+00, 3.6000E+00,
10:59:24.72105599, 6.6667E-02, 1.2000E+00, 3.4667E+00,
10:59:24.72105604, 1.0000E-01, 1.1333E+00, 3.4667E+00,
10:59:24.72105609, 3.3333E-02, 1.1333E+00, 3.0667E+00,
10:59:24.72105614, 6.6667E-02, 1.2000E+00, 2.9333E+00,
10:59:24.72105619, 6.6667E-02, 1.0000E+00, 3.2000E+00,
10:59:24.72105624, 6.6667E-02, 1.0000E+00, 2.8000E+00,
10:59:24.72105629, 6.6667E-02, 1.0000E+00, 3.2000E+00,
10:59:24.72105634, 6.6667E-02, 1.1333E+00, 2.5333E+00,
10:59:24.72105639, 3.3333E-02, 1.2000E+00, 2.9333E+00,
10:59:24.72105644, 6.6667E-02, 1.0667E+00, 2.2667E+00,
10:59:24.72105649, 3.3333E-02, 1.2000E+00, 2.2667E+00,
10:59:24.72105654, 3.3333E-02, 1.0000E+00, 2.0000E+00,
10:59:24.72105659, 3.3333E-02, 1.2000E+00, 2.0000E+00,
10:59:24.72105664, 3.3333E-02, 1.1333E+00, 2.2667E+00,
10:59:24.72105669, 3.3333E-02, 1.1333E+00, 2.1333E+00,
10:59:24.72105674, 6.6667E-02, 1.2000E+00, 2.2667E+00,
10:59:24.72105679, 1.3333E-01, 1.1333E+00, 2.1333E+00,
10:59:24.72105684, 3.3333E-02, 1.2000E+00, 1.7333E+00,
10:59:24.72105689, 6.6667E-02, 1.0667E+00, 1.8667E+00,
10:59:24.72105694, 3.3333E-02, 1.0000E+00, 1.7333E+00,
10:59:24.72105699, 6.6667E-02, 1.0667E+00, 1.4667E+00,
10:59:24.72105704, 3.3333E-02, 1.2667E+00, 1.2000E+00,
10:59:24.72105709, 6.6667E-02, 1.2667E+00, 1.4667E+00,
10:59:24.72105714, 1.3333E-01, 1.0000E+00, 1.3333E+00,
10:59:24.72105719, 1.0000E-01, 1.2667E+00, 1.2000E+00,
10:59:24.72105724, 1.0000E-01, 1.0000E+00, 1.2000E+00,
10:59:24.72105729, 0.0000E+00, 1.2000E+00, 1.2000E+00,
10:59:24.72105734, 6.6667E-02, 1.0000E+00, 1.0667E+00,
10:59:24.72105739, 6.6667E-02, 1.1333E+00, 8.0000E-01,
10:59:24.72105744, 3.3333E-02, 1.2000E+00, 6.6667E-01,
10:59:24.72105749, 3.3333E-02, 1.0667E+00, 6.6667E-01,
10:59:24.72105754, 1.0000E-01, 1.0000E+00, 5.3333E-01,
10:59:24.72105759, 6.6667E-02, 1.1333E+00, 6.6667E-01,
10:59:24.72105764, 6.6667E-02, 1.0000E+00, 6.6667E-01,
10:59:24.72105769, 3.3333E-02, 1.0667E+00, 6.6667E-01,
10:59:24.72105774, 6.6667E-02, 1.2000E+00, 2.6667E-01,
10:59:24.72105779, 0.0000E+00, 1.0667E+00, 4.0000E-01,
10:59:24.72105784, 1.3333E-01, 1.0000E+00, 2.6667E-01,
10:59:24.72105789, 1.0000E-01, 1.0667E+00, 1.3333E-01,
10:59:24.72105794,-6.6667E-02, 1.0000E+00,-2.6667E-01,
10:59:24.72105799, 1.0000E-01, 1.1333E+00, 0.0000E+00,
10:59:24.72105804, 3.3333E-02, 1.0000E+00, 0.0000E+00,
10:59:24.72105809, 0.0000E+00, 1.0667E+00,-1.3333E-01,
10:59:24.72105814, 3.3333E-02, 1.0667E+00,-5.3333E-01,
10:59:24.72105819, 0.0000E+00, 9.3333E-01,-4.0000E-01,
10:59:24.72105824, 6.6667E-02, 1.2000E+00,-2.6667E-01,
10:59:24.72105829, 1.3333E-01, 1.0667E+00,-5.3333E-01,
10:59:24.72105834, 6.6667E-02, 1.0000E+00,-6.6667E-01,
10:59:24.72105839, 3.3333E-02, 1.0667E+00,-6.6667E-01,
10:59:24.72105844, 6.6667E-02, 1.0000E+00,-6.6667E-01,
10:59:24.72105849, 6.6667E-02, 1.0667E+00,-8.0000E-01,
10:59:24.72105854, 1.0000E-01, 1.0000E+00,-1.2000E+00,
10:59:24.72105859, 0.0000E+00, 1.0000E+00,-1.0667E+00,
10:59:24.72105864, 1.0000E-01, 1.0000E+00,-8.0000E-01,
10:59:24.72105869, 6.6667E-02, 1.0000E+00,-9.3333E-01,
10:59:24.72105874, 0.0000E+00, 1.0000E+00,-1.3333E+00,
10:59:24.72105879, 6.6667E-02, 1.2667E+00,-1.3333E+00,
10:59:24.72105884, 0.0000E+00, 1.0000E+00,-1.4667E+00,
10:59:24.72105889, 3.3333E-02, 1.0000E+00,-1.8667E+00,
10:59:24.72105894, 0.0000E+00, 1.0000E+00,-1.7333E+00,
10:59:24.72105899, 1.0000E-01, 1.0667E+00,-1.4667E+00,
10:59:24.72105904, 3.3333E-02, 1.1333E+00,-1.8667E+00,
10:59:24.72105909, 6.6667E-02, 1.0000E+00,-1.6000E+00,
10:59:24.72105914, 6.6667E-02, 1.0667E+00,-1.7333E+00,
10:59:24.72105919, 3.3333E-02, 1.0000E+00,-1.8667E+00,
10:59:24.72105924, 6.6667E-02, 9.3333E-01,-2.0000E+00,
10:59:24.72105929, 3.3333E-02, 1.0000E+00,-2.1333E+00,
10:59:24.72105934, 1.0000E-01, 1.0667E+00,-2.2667E+00,
10:59:24.72105939, 3.3333E-02, 1.0000E+00,-2.4000E+00,
10:59:24.72105944, 6.6667E-02, 1.0667E+00,-2.2667E+00,
10:59:24.72105949, 6.6667E-02, 1.0000E+00,-2.2667E+00,
10:59:24.72105954, 0.0000E+00, 1.0000E+00,-2.2667E+00,
10:59:24.72105959, 1.3333E-01, 1.0000E+00,-2.2667E+00,
10:59:24.72105964, 3.3333E-02, 1.0000E+00,-2.6667E+00,
10:59:24.72105969, 6.6667E-02, 1.0000E+00,-2.2667E+00,
10:59:24.72105974, 6.6667E-02, 9.3333E-01,-2.4000E+00,
10:59:24.72105979, 3.3333E-02, 1.0000E+00,-2.5333E+00,
10:59:24.72105984,-3.3333E-02, 1.0000E+00,-2.5333E+00,
10:59:24.72105989, 0.0000E+00, 1.0000E+00,-2.8000E+00,
10:59:24.72105994, 3.3333E-02, 1.0667E+00,-2.8000E+00,
10:59:24.72105999, 3.3333E-02, 1.0000E+00,-3.2000E+00,
10:59:24.72106004, 1.0000E-01, 1.0000E+00,-2.6667E+00,
10:59:24.72106009, 0.0000E+00, 1.0000E+00,-2.9333E+00,
10:59:24.72106014, 0.0000E+00, 9.3333E-01,-3.0667E+00,
10:59:24.72106019,-6.6667E-02, 1.0000E+00,-2.6667E+00,
10:59:24.72106024, 6.6667E-02, 1.0000E+00,-3.0667E+00,
10:59:24.72106029,-6.6667E-02, 1.0000E+00,-3.3333E+00,
10:59:24.72106034, 0.0000E+00, 1.0667E+00,-3.2000E+00,
10:59:24.72106039, 0.0000E+00, 9.3333E-01,-3.6000E+00,
10:59:24.72106044,-6.6667E-02, 1.0667E+00,-3.4667E+00,
10:59:24.72106049, 6.6667E-02, 1.0000E+00,-3.4667E+00,
10:59:24.72106054, 3.3333E-02, 1.0000E+00,-3.4667E+00,
10:59:24.72106059, 0.0000E+00, 9.3333E-01,-3.3333E+00,
10:59:24.72106064, 1.3333E-01, 1.0667E+00,-3.3333E+00,
10:59:24.72106069, 0.0000E+00, 1.0000E+00,-3.4667E+00,
10:59:24.72106074, 3.3333E-02, 1.0667E+00,-3.6000E+00,
10:59:24.72106079, 3.3333E-02, 1.0000E+00,-3.6000E+00,
10:59:24.72106084,-3.3333E-02, 9.3333E-01,-3.4667E+00,
10:59:24.72106089, 3.3333E-02, 1.0000E+00,-3.6000E+00,
10:59:24.72106094,-3.3333E-02, 1.0000E+00,-4.0000E+00,
10:59:24.72106099,-3.3333E-02, 9.3333E-01,-4.0000E+00,
10:59:24.72106104, 1.0000E-01, 1.0000E+00,-3.6000E+00,
10:59:24.72106109, 3.3333E-02, 1.0000E+00,-3.7333E+00,
10:59:24.72106114, 0.0000E+00, 1.0000E+00,-4.0000E+00,
10:59:24.72106119, 3.3333E-02, 9.3333E-01,-3.8667E+00,
10:59:24.72106124, 6.6667E-02, 1.0000E+00,-4.1333E+00,
10:59:24.72106129, 1.0000E-01, 1.0000E+00,-3.7333E+00,
10:59:24.72106134, 0.0000E+00, 1.0000E+00,-4.0000E+00,
10:59:24.72106139, 6.6667E-02, 9.3333E-01,-4.2667E+00,
10:59:24.72106144, 0.0000E+00, 8.0000E-01,-4.2667E+00,
10:59:24.72106149, 0.0000E+00, 1.0000E+00,-4.4000E+00,
10:59:24.72106154, 0.0000E+00, 1.0000E+00,-4.5333E+00,
10:59:24.72106159, 6.6667E-02, 1.0000E+00,-4.1333E+00,
10:59:24.72106164, 3.3333E-02, 8.6667E-01,-4.1333E+00,
10:59:24.72106169, 3.3333E-02, 9.3333E-01,-4.0000E+00,
10:59:24.72106174, 0.0000E+00, 1.0000E+00,-4.5333E+00,
10:59:24.72106179, 0.0000E+00, 1.0000E+00,-4.2667E+00,
10:59:24.72106184, 0.0000E+00, 1.0000E+00,-4.8000E+00,
10:59:24.72106189, 3.3333E-02, 8.6667E-01,-4.5333E+00,
10:59:24.72106194,-3.3333E-02, 9.3333E-01,-4.4000E+00,
10:59:24.72106199, 3.3333E-02, 8.0000E-01,-4.4000E+00,
10:59:24.72106204, 3.3333E-02, 8.6667E-01,-4.5333E+00,
10:59:24.72106209, 6.6667E-02, 8.6667E-01,-4.8000E+00,
10:59:24.72106214, 0.0000E+00, 9.3333E-01,-4.2667E+00,
10:59:24.72106219,-3.3333E-02, 8.6667E-01,-4.6667E+00,
10:59:24.72106224, 3.3333E-02, 1.0000E+00,-4.6667E+00,
10:59:24.72106229, 3.3333E-02, 8.0000E-01,-4.6667E+00,
10:59:24.72106234, 0.0000E+00, 8.6667E-01,-4.6667E+00,
10:59:24.72106239, 0.0000E+00, 9.3333E-01,-4.8000E+00,
10:59:24.72106244, 3.3333E-02, 8.6667E-01,-4.6667E+00,
10:59:24.72106249, 3.3333E-02, 9.3333E-01,-4.6667E+00,
10:59:24.72106254, 3.3333E-02, 8.6667E-01,-4.5333E+00,
10:59:24.72106259, 3.3333E-02, 8.0000E-01,-4.5333E+00,
10:59:24.72106264, 0.0000E+00, 9.3333E-01,-4.5333E+00,
10:59:24.72106269,-3.3333E-02, 1.0000E+00,-4.6667E+00,
10:59:24.72106274, 3.3333E-02, 9.3333E-01,-4.8000E+00,
10:59:24.72106279,-1.0000E-01, 9.3333E-01,-4.8000E+00,
10:59:24.72106284, 3.3333E-02, 9.3333E-01,-4.8000E+00,
10:59:24.72106289,-6.6667E-02, 8.6667E-01,-4.6667E+00,
10:59:24.72106294,-3.3333E-02, 8.0000E-01,-4.5333E+00,
10:59:24.72106299, 3.3333E-02, 8.6667E-01,-4.9333E+00,
10:59:24.72106304, 0.0000E+00, 8.0000E-01,-4.6667E+00,
10:59:24.72106309, 0.0000E+00, 8.6667E-01,-4.6667E+00,
10:59:24.72106314, 0.0000E+00, 8.6667E-01,-4.6667E+00,
10:59:24.72106319, 0.0000E+00, 9.3333E-01,-4.6667E+00,
10:59:24.72106324,-6.6667E-02, 7.3333E-01,-4.8000E+00,
10:59:24.72106329, 0.0000E+00, 8.0000E-01,-4.8000E+00,
10:59:24.72106334, 6.6667E-02, 8.6667E-01,-4.8000E+00,
10:59:24.72106339,-6.6667E-02, 8.6667E-01,-4.8000E+00,
10:59:24.72106344, 3.3333E-02, 8.0000E-01,-4.8000E+00,
10:59:24.72106349,-3.3333E-02, 7.3333E-01,-5.0667E+00,
10:59:24.72106354, 0.0000E+00, 7.3333E-01,-4.8000E+00,
10:59:24.72106359, 3.3333E-02, 8.0000E-01,-4.8000E+00,
10:59:24.72106364,-6.6667E-02, 9.3333E-01,-4.8000E+00,
10:59:24.72106369, 0.0000E+00, 7.3333E-01,-4.8000E+00,
10:59:24.72106374, 0.0000E+00, 8.0000E-01,-4.9333E+00,
10:59:24.72106379, 0.0000E+00, 8.6667E-01,-4.8000E+00,
10:59:24.72106384,-3.3333E-02, 7.3333E-01,-4.9333E+00,
10:59:24.72106389,-3.3333E-02, 7.3333E-01,-4.9333E+00,
10:59:24.72106394, 6.6667E-02, 8.0000E-01,-4.8000E+00,
10:59:24.72106399,-3.3333E-02, 7.3333E-01,-4.9333E+00,
10:59:24.72106404, 3.3333E-02, 8.6667E-01,-4.8000E+00,
10:59:24.72106409, 0.0000E+00, 7.3333E-01,-4.8000E+00,
10:59:24.72106414, 3.3333E-02, 7.3333E-01,-4.8000E+00,
10:59:24.72106419,-3.3333E-02, 8.0000E-01,-4.9333E+00,
10:59:24.72106424,-1.0000E-01, 7.3333E-01,-4.9333E+00,
10:59:24.72106429, 3.3333E-02, 9.3333E-01,-4.8000E+00,
10:59:24.72106434, 0.0000E+00, 8.0000E-01,-4.9333E+00,
10:59:24.72106439, 3.3333E-02, 6.6667E-01,-4.6667E+00,
10:59:24.72106444, 3.3333E-02, 8.6667E-01,-5.0667E+00,
10:59:24.72106449, 0.0000E+00, 8.0000E-01,-4.8000E+00,
10:59:24.72106454, 6.6667E-02, 8.0000E-01,-4.6667E+00,
10:59:24.72106459,-6.6667E-02, 8.0000E-01,-4.8000E+00,
10:59:24.72106464,-6.6667E-02, 6.0000E-01,-4.9333E+00,
10:59:24.72106469,-1.3333E-01, 8.6667E-01,-4.9333E+00,
10:59:24.72106474,-3.3333E-02, 8.6667E-01,-4.8000E+00,
10:59:24.72106479, 0.0000E+00, 8.6667E-01,-4.8000E+00,
10:59:24.72106484,-3.3333E-02, 7.3333E-01,-4.8000E+00,
10:59:24.72106489, 3.3333E-02, 6.6667E-01,-4.2667E+00,
10:59:24.72106494, 0.0000E+00, 9.3333E-01,-4.6667E+00,
10:59:24.72106499, 0.0000E+00, 8.6667E-01,-4.8000E+00,
10:59:24.72106504, 0.0000E+00, 8.0000E-01,-4.6667E+00,
10:59:24.72106509, 0.0000E+00, 8.0000E-01,-4.8000E+00,
10:59:24.72106514,-6.6667E-02, 7.3333E-01,-4.8000E+00,
10:59:24.72106519,-6.6667E-02, 8.0000E-01,-4.4000E+00,
10:59:24.72106524,-3.3333E-02, 7.3333E-01,-4.5333E+00,
10:59:24.72106529, 0.0000E+00, 7.3333E-01,-4.4000E+00,
10:59:24.72106534,-6.6667E-02, 8.6667E-01,-4.5333E+00,
10:59:24.72106539, 6.6667E-02, 7.3333E-01,-4.6667E+00,
10:59:24.72106544, 3.3333E-02, 5.3333E-01,-4.8000E+00,
10:59:24.72106549, 0.0000E+00, 1.0000E+00,-4.6667E+00,
10:59:24.72106554, 0.0000E+00, 8.0000E-01,-4.4000E+00,
10:59:24.72106559,-3.3333E-02, 8.6667E-01,-4.6667E+00,
10:59:24.72106564,-3.3333E-02, 6.0000E-01,-4.6667E+00,
10:59:24.72106569,-3.3333E-02, 6.0000E-01,-4.6667E+00,
10:59:24.72106574,-3.3333E-02, 8.0000E-01,-4.6667E+00,
10:59:24.72106579, 0.0000E+00, 7.3333E-01,-4.8000E+00,
10:59:24.72106584, 6.6667E-02, 6.0000E-01,-4.4000E+00,
10:59:24.72106589, 3.3333E-02, 8.0000E-01,-4.4000E+00,
10:59:24.72106594, 0.0000E+00, 7.3333E-01,-4.4000E+00,
10:59:24.72106599, 6.6667E-02, 7.3333E-01,-4.2667E+00,
10:59:24.72106604,-3.3333E-02, 7.3333E-01,-4.1333E+00,
10:59:24.72106609,-6.6667E-02, 7.3333E-01,-4.4000E+00,
10:59:24.72106614, 3.3333E-02, 7.3333E-01,-4.4000E+00,
10:59:24.72106619, 0.0000E+00, 7.3333E-01,-4.4000E+00,
10:59:24.72106624,-3.3333E-02, 6.6667E-01,-4.4000E+00,
10:59:24.72106629, 0.0000E+00, 7.3333E-01,-4.4000E+00,
10:59:24.72106634, 6.6667E-02, 7.3333E-01,-4.2667E+00,
10:59:24.72106639, 3.3333E-02, 5.3333E-01,-4.1333E+00,
10:59:24.72106644,-6.6667E-02, 6.6667E-01,-4.2667E+00,
10:59:24.72106649, 0.0000E+00, 6.0000E-01,-4.1333E+00,
10:59:24.72106654,-6.6667E-02, 7.3333E-01,-4.1333E+00,
10:59:24.72106659,-3.3333E-02, 7.3333E-01,-3.8667E+00,
10:59:24.72106664, 0.0000E+00, 8.0000E-01,-4.2667E+00,
10:59:24.72106669, 3.3333E-02, 7.3333E-01,-4.1333E+00,
10:59:24.72106674,-3.3333E-02, 6.6667E-01,-4.0000E+00,
10:59:24.72106679, 3.3333E-02, 8.0000E-01,-4.2667E+00,
10:59:24.72106684, 3.3333E-02, 7.3333E-01,-4.1333E+00,
10:59:24.72106689, 0.0000E+00, 7.3333E-01,-3.4667E+00,
10:59:24.72106694, 3.3333E-02, 6.6667E-01,-3.7333E+00,
10:59:24.72106699,-3.3333E-02, 6.6667E-01,-3.7333E+00,
10:59:24.72106704,-6.6667E-02, 7.3333E-01,-3.4667E+00,
10:59:24.72106709, 3.3333E-02, 7.3333E-01,-3.8667E+00,
10:59:24.72106714, 3.3333E-02, 6.0000E-01,-3.4667E+00,
10:59:24.72106719, 6.6667E-02, 7.3333E-01,-3.6000E+00,
10:59:24.72106724,-3.3333E-02, 7.3333E-01,-3.8667E+00,
10:59:24.72106729, 0.0000E+00, 5.3333E-01,-3.4667E+00,
10:59:24.72106734, 0.0000E+00, 8.0000E-01,-3.8667E+00,
10:59:24.72106739, 3.3333E-02, 6.0000E-01,-3.4667E+00,
10:59:24.72106744, 0.0000E+00, 6.6667E-01,-3.3333E+00,
10:59:24.72106749, 0.0000E+00, 6.6667E-01,-3.3333E+00,
10:59:24.72106754,-3.3333E-02, 6.6667E-01,-3.4667E+00,
10:59:24.72106759,-6.6667E-02, 7.3333E-01,-3.4667E+00,
10:59:24.72106764,-6.6667E-02, 6.0000E-01,-3.4667E+00,
10:59:24.72106769, 0.0000E+00, 8.0000E-01,-3.2000E+00,
10:59:24.72106774,-3.3333E-02, 6.0000E-01,-3.4667E+00,
10:59:24.72106779, 0.0000E+00, 7.3333E-01,-3.2000E+00,
10:59:24.72106784, 0.0000E+00, 6.0000E-01,-3.2000E+00,
10:59:24.72106789,-6.6667E-02, 8.0000E-01,-3.4667E+00,
10:59:24.72106794, 0.0000E+00, 6.6667E-01,-2.9333E+00,
10:59:24.72106799,-3.3333E-02, 6.6667E-01,-3.0667E+00,
10:59:24.72106804, 0.0000E+00, 7.3333E-01,-3.0667E+00,
10:59:24.72106809,-3.3333E-02, 6.6667E-01,-3.3333E+00,
10:59:24.72106814, 0.0000E+00, 6.0000E-01,-3.0667E+00,
10:59:24.72106819, 3.3333E-02, 6.6667E-01,-3.2000E+00,
10:59:24.72106824, 0.0000E+00, 8.0000E-01,-2.6667E+00,
10:59:24.72106829, 0.0000E+00, 6.0000E-01,-2.8000E+00,
10:59:24.72106834, 0.0000E+00, 8.0000E-01,-2.8000E+00,
10:59:24.72106839,-1.0000E-01, 6.0000E-01,-2.6667E+00,
10:59:24.72106844,-3.3333E-02, 7.3333E-01,-2.8000E+00,
10:59:24.72106849,-1.0000E-01, 6.0000E-01,-2.6667E+00,
10:59:24.72106854,-3.3333E-02, 6.0000E-01,-2.8000E+00,
10:59:24.72106859, 0.0000E+00, 6.0000E-01,-2.8000E+00,
10:59:24.72106864, 6.6667E-02, 7.3333E-01,-2.5333E+00,
10:59:24.72106869,-1.0000E-01, 6.0000E-01,-2.8000E+00,
10:59:24.72106874, 3.3333E-02, 6.0000E-01,-2.5333E+00,
10:59:24.72106879, 0.0000E+00, 6.6667E-01,-2.4000E+00,
10:59:24.72106884, 3.3333E-02, 6.0000E-01,-2.1333E+00,
10:59:24.72106889, 0.0000E+00, 6.0000E-01,-2.1333E+00,
10:59:24.72106894,-3.3333E-02, 6.0000E-01,-2.2667E+00,
10:59:24.72106899,-1.0000E-01, 6.6667E-01,-2.1333E+00,
10:59:24.72106904,-6.6667E-02, 6.6667E-01,-2.2667E+00,
10:59:24.72106909,-3.3333E-02, 7.3333E-01,-2.0000E+00,
10:59:24.72106914,-3.3333E-02, 5.3333E-01,-2.0000E+00,
10:59:24.72106919, 0.0000E+00, 6.0000E-01,-2.1333E+00,
10:59:24.72106924, 0.0000E+00, 6.6667E-01,-2.0000E+00,
10:59:24.72106929,-3.3333E-02, 6.0000E-01,-2.0000E+00,
10:59:24.72106934, 3.3333E-02, 6.6667E-01,-2.0000E+00,
10:59:24.72106939,-3.3333E-02, 6.6667E-01,-2.0000E+00,
10:59:24.72106944,-3.3333E-02, 6.0000E-01,-2.0000E+00,
10:59:24.72106949,-6.6667E-02, 8.0000E-01,-1.8667E+00,
10:59:24.72106954, 3.3333E-02, 6.6667E-01,-1.8667E+00,
10:59:24.72106959,-3.3333E-02, 6.0000E-01,-2.0000E+00,
10:59:24.72106964, 0.0000E+00, 7.3333E-01,-1.6000E+00,
10:59:24.72106969, 0.0000E+00, 6.0000E-01,-1.6000E+00,
10:59:24.72106974, 3.3333E-02, 5.3333E-01,-1.6000E+00,
10:59:24.72106979, 0.0000E+00, 4.0000E-01,-1.8667E+00,
10:59:24.72106984, 0.0000E+00, 8.0000E-01,-1.7333E+00,
10:59:24.72106989, 3.3333E-02, 6.0000E-01,-1.4667E+00,
10:59:24.72106994,-3.3333E-02, 4.6667E-01,-1.2000E+00,
10:59:24.72106999, 3.3333E-02, 5.3333E-01,-1.3333E+00,
10:59:24.72107004, 3.3333E-02, 6.0000E-01,-1.0667E+00,
10:59:24.72107009,-6.6667E-02, 6.0000E-01,-1.2000E+00,
10:59:24.72107014, 0.0000E+00, 6.6667E-01,-1.4667E+00,
10:59:24.72107019, 3.3333E-02, 6.0000E-01,-1.3333E+00,
10:59:24.72107024, 3.3333E-02, 6.6667E-01,-1.2000E+00,
10:59:24.72107029, 0.0000E+00, 5.3333E-01,-1.4667E+00,
10:59:24.72107034,-3.3333E-02, 4.6667E-01,-1.0667E+00,
10:59:24.72107039, 3.3333E-02, 7.3333E-01,-1.2000E+00,
10:59:24.72107044, 3.3333E-02, 6.6667E-01,-1.3333E+00,
10:59:24.72107049,-1.0000E-01, 6.6667E-01,-9.3333E-01,
10:59:24.72107054,-6.6667E-02, 7.3333E-01,-1.0667E+00,
10:59:24.72107059, 0.0000E+00, 7.3333E-01,-1.2000E+00,
10:59:24.72107064, 3.3333E-02, 4.0000E-01,-6.6667E-01,
10:59:24.72107069,-6.6667E-02, 7.3333E-01,-9.3333E-01,
10:59:24.72107074,-6.6667E-02, 6.6667E-01,-6.6667E-01,
10:59:24.72107079, 3.3333E-02, 7.3333E-01,-5.3333E-01,
10:59:24.72107084,-3.3333E-02, 4.0000E-01,-6.6667E-01,
10:59:24.72107089,-6.6667E-02, 6.0000E-01,-6.6667E-01,
10:59:24.72107094, 0.0000E+00, 6.0000E-01,-8.0000E-01,
10:59:24.72107099,-3.3333E-02, 5.3333E-01,-4.0000E-01,
10:59:24.72107104, 0.0000E+00, 6.6667E-01,-6.6667E-01,
10:59:24.72107109, 0.0000E+00, 6.0000E-01,-4.0000E-01,
10:59:24.72107114,-3.3333E-02, 6.0000E-01,-2.6667E-01,
10:59:24.72107119,-3.3333E-02, 6.0000E-01,-5.3333E-01,
10:59:24.72107124, 6.6667E-02, 6.0000E-01,-4.0000E-01,
10:59:24.72107129, 0.0000E+00, 6.0000E-01,-1.3333E-01,
10:59:24.72107134, 0.0000E+00, 5.3333E-01,-1.3333E-01,
10:59:24.72107139, 0.0000E+00, 6.6667E-01,-1.3333E-01,
10:59:24.72107144,-6.6667E-02, 5.3333E-01, 1.3333E-01,
10:59:24.72107149, 0.0000E+00, 5.3333E-01,-2.6667E-01,
10:59:24.72107154, 3.3333E-02, 5.3333E-01,-1.3333E-01,
10:59:24.72107159, 6.6667E-02, 6.6667E-01,-1.3333E-01,
10:59:24.72107164, 0.0000E+00, 6.6667E-01, 0.0000E+00,
10:59:24.72107169,-1.0000E-01, 6.0000E-01, 2.6667E-01,
10:59:24.72107174, 3.3333E-02, 7.3333E-01,-1.3333E-01,
10:59:24.72107179,-3.3333E-02, 6.6667E-01, 5.3333E-01,
10:59:24.72107184,-1.0000E-01, 6.6667E-01, 4.0000E-01,
10:59:24.72107189,-3.3333E-02, 6.0000E-01, 2.6667E-01,
10:59:24.72107194,-6.6667E-02, 6.6667E-01, 1.3333E-01,
10:59:24.72107199, 0.0000E+00, 6.0000E-01, 2.6667E-01,
10:59:24.72107204,-3.3333E-02, 6.6667E-01, 5.3333E-01,
10:59:24.72107209, 6.6667E-02, 6.0000E-01, 1.3333E-01,
10:59:24.72107214, 0.0000E+00, 6.6667E-01, 4.0000E-01,
10:59:24.72107219, 0.0000E+00, 6.0000E-01, 6.6667E-01,
10:59:24.72107224, 0.0000E+00, 6.6667E-01, 4.0000E-01,
10:59:24.72107229, 0.0000E+00, 6.6667E-01, 6.6667E-01,
10:59:24.72107234, 0.0000E+00, 6.0000E-01, 6.6667E-01,
10:59:24.72107239, 0.0000E+00, 7.3333E-01, 6.6667E-01,
10:59:24.72107244, 3.3333E-02, 6.6667E-01, 6.6667E-01,
10:59:24.72107249,-6.6667E-02, 7.3333E-01, 9.3333E-01,
10:59:24.72107254, 6.6667E-02, 4.6667E-01, 8.0000E-01,
10:59:24.72107259,-3.3333E-02, 6.0000E-01, 8.0000E-01,
10:59:24.72107264, 0.0000E+00, 6.0000E-01, 8.0000E-01,
10:59:24.72107269, 0.0000E+00, 8.0000E-01, 9.3333E-01,
10:59:24.72107274,-6.6667E-02, 5.3333E-01, 1.0667E+00,
10:59:24.72107279,-3.3333E-02, 6.0000E-01, 1.2000E+00,
10:59:24.72107284, 3.3333E-02, 7.3333E-01, 1.2000E+00,
10:59:24.72107289, 3.3333E-02, 6.6667E-01, 9.3333E-01,
10:59:24.72107294, 3.3333E-02, 7.3333E-01, 1.2000E+00,
10:59:24.72107299, 3.3333E-02, 6.6667E-01, 1.3333E+00,
10:59:24.72107304, 3.3333E-02, 6.6667E-01, 1.0667E+00,
10:59:24.72107309, 3.3333E-02, 5.3333E-01, 1.3333E+00,
10:59:24.72107314,-6.6667E-02, 6.0000E-01, 1.2000E+00,
10:59:24.72107319,-3.3333E-02, 5.3333E-01, 1.3333E+00,
10:59:24.72107324,-1.0000E-01, 4.6667E-01, 1.0667E+00,
10:59:24.72107329, 0.0000E+00, 6.6667E-01, 1.0667E+00,
10:59:24.72107334, 3.3333E-02, 6.0000E-01, 1.4667E+00,
10:59:24.72107339, 0.0000E+00, 5.3333E-01, 1.6000E+00,
10:59:24.72107344, 3.3333E-02, 6.6667E-01, 1.2000E+00,
10:59:24.72107349, 0.0000E+00, 7.3333E-01, 1.0667E+00,
10:59:24.72107354, 0.0000E+00, 7.3333E-01, 1.6000E+00,
10:59:24.72107359, 1.3333E-01, 6.6667E-01, 1.4667E+00,
10:59:24.72107364,-3.3333E-02, 6.6667E-01, 1.8667E+00,
10:59:24.72107369, 3.3333E-02, 6.6667E-01, 1.7333E+00,
10:59:24.72107374,-6.6667E-02, 8.0000E-01, 1.4667E+00,
10:59:24.72107379,-3.3333E-02, 6.0000E-01, 1.6000E+00,
10:59:24.72107384, 0.0000E+00, 6.6667E-01, 2.0000E+00,
10:59:24.72107389, 3.3333E-02, 5.3333E-01, 2.0000E+00,
10:59:24.72107394, 6.6667E-02, 6.0000E-01, 1.6000E+00,
10:59:24.72107399, 0.0000E+00, 7.3333E-01, 1.7333E+00,
10:59:24.72107404, 3.3333E-02, 6.6667E-01, 2.1333E+00,
10:59:24.72107409, 6.6667E-02, 7.3333E-01, 2.0000E+00,
10:59:24.72107414, 3.3333E-02, 7.3333E-01, 2.2667E+00,
10:59:24.72107419, 0.0000E+00, 7.3333E-01, 2.0000E+00,
10:59:24.72107424, 0.0000E+00, 6.6667E-01, 2.0000E+00,
10:59:24.72107429,-6.6667E-02, 5.3333E-01, 2.4000E+00,
10:59:24.72107434,-3.3333E-02, 6.6667E-01, 2.2667E+00,
10:59:24.72107439,-3.3333E-02, 7.3333E-01, 2.4000E+00,
10:59:24.72107444,-3.3333E-02, 8.0000E-01, 2.4000E+00,
10:59:24.72107449, 0.0000E+00, 6.0000E-01, 2.2667E+00,
10:59:24.72107454, 3.3333E-02, 8.0000E-01, 2.2667E+00,
10:59:24.72107459, 0.0000E+00, 6.6667E-01, 2.2667E+00,
10:59:24.72107464,-3.3333E-02, 7.3333E-01, 2.0000E+00,
10:59:24.72107469, 3.3333E-02, 6.0000E-01, 2.1333E+00,
10:59:24.72107474,-3.3333E-02, 8.0000E-01, 2.0000E+00,
10:59:24.72107479,-3.3333E-02, 8.0000E-01, 2.1333E+00,
10:59:24.72107484, 0.0000E+00, 8.0000E-01, 2.0000E+00,
10:59:24.72107489, 0.0000E+00, 7.3333E-01, 2.4000E+00,
10:59:24.72107494, 0.0000E+00, 6.6667E-01, 2.6667E+00,
10:59:24.72107499, 3.3333E-02, 6.6667E-01, 2.5333E+00,
10:59:24.72107504, 0.0000E+00, 6.6667E-01, 2.4000E+00,
10:59:24.72107509, 6.6667E-02, 6.0000E-01, 2.4000E+00,
10:59:24.72107514,-3.3333E-02, 5.3333E-01, 2.5333E+00,
10:59:24.72107519,-3.3333E-02, 7.3333E-01, 2.6667E+00,
10:59:24.72107524, 0.0000E+00, 6.6667E-01, 2.5333E+00,
10:59:24.72107529, 3.3333E-02, 6.0000E-01, 2.8000E+00,
10:59:24.72107534,-3.3333E-02, 7.3333E-01, 2.6667E+00,
10:59:24.72107539,-3.3333E-02, 7.3333E-01, 2.6667E+00,
10:59:24.72107544, 0.0000E+00, 6.0000E-01, 2.8000E+00,
10:59:24.72107549, 3.3333E-02, 6.6667E-01, 2.8000E+00,
10:59:24.72107554, 6.6667E-02, 6.6667E-01, 2.8000E+00,
10:59:24.72107559,-6.6667E-02, 7.3333E-01, 2.6667E+00,
10:59:24.72107564, 0.0000E+00, 8.0000E-01, 2.8000E+00,
10:59:24.72107569, 0.0000E+00, 6.6667E-01, 3.2000E+00,
10:59:24.72107574,-3.3333E-02, 7.3333E-01, 2.9333E+00,
10:59:24.72107579,-3.3333E-02, 7.3333E-01, 2.8000E+00,
10:59:24.72107584, 6.6667E-02, 7.3333E-01, 3.0667E+00,
10:59:24.72107589,-6.6667E-02, 6.6667E-01, 2.6667E+00,
10:59:24.72107594, 6.6667E-02, 7.3333E-01, 3.0667E+00,
10:59:24.72107599, 3.3333E-02, 8.6667E-01, 2.8000E+00,
10:59:24.72107604, 0.0000E+00, 6.6667E-01, 3.0667E+00,
10:59:24.72107609,-3.3333E-02, 8.0000E-01, 3.3333E+00,
10:59:24.72107614,-3.3333E-02, 8.0000E-01, 3.2000E+00,
10:59:24.72107619,-6.6667E-02, 7.3333E-01, 3.2000E+00,
10:59:24.72107624, 0.0000E+00, 7.3333E-01, 3.2000E+00,
10:59:24.72107629, 3.3333E-02, 8.0000E-01, 2.8000E+00,
10:59:24.72107634, 1.3333E-01, 8.0000E-01, 2.8000E+00,
10:59:24.72107639, 0.0000E+00, 8.0000E-01, 3.2000E+00,
10:59:24.72107644, 0.0000E+00, 6.0000E-01, 3.3333E+00,
10:59:24.72107649, 3.3333E-02, 7.3333E-01, 3.2000E+00,
10:59:24.72107654,-6.6667E-02, 7.3333E-01, 3.2000E+00,
10:59:24.72107659, 1.0000E-01, 6.6667E-01, 3.3333E+00,
10:59:24.72107664, 3.3333E-02, 7.3333E-01, 3.4667E+00,
10:59:24.72107669,-3.3333E-02, 7.3333E-01, 3.3333E+00,
10:59:24.72107674, 3.3333E-02, 8.0000E-01, 3.2000E+00,
10:59:24.72107679, 3.3333E-02, 7.3333E-01, 3.0667E+00,
10:59:24.72107684,-3.3333E-02, 7.3333E-01, 3.4667E+00,
10:59:24.72107689,-3.3333E-02, 7.3333E-01, 3.3333E+00,
10:59:24.72107694, 6.6667E-02, 6.0000E-01, 3.4667E+00,
10:59:24.72107699, 6.6667E-02, 6.6667E-01, 3.4667E+00,
10:59:24.72107704, 6.6667E-02, 8.0000E-01, 3.4667E+00,
10:59:24.72107709, 6.6667E-02, 7.3333E-01, 3.2000E+00,
10:59:24.72107714,-3.3333E-02, 8.0000E-01, 3.4667E+00,
10:59:24.72107719, 6.6667E-02, 7.3333E-01, 3.4667E+00,
10:59:24.72107724, 3.3333E-02, 7.3333E-01, 3.4667E+00,
10:59:24.72107729, 6.6667E-02, 6.6667E-01, 3.4667E+00,
10:59:24.72107734, 0.0000E+00, 6.0000E-01, 3.4667E+00,
10:59:24.72107739, 6.6667E-02, 8.0000E-01, 3.3333E+00,
10:59:24.72107744, 0.0000E+00, 6.6667E-01, 3.4667E+00,
10:59:24.72107749, 3.3333E-02, 6.6667E-01, 3.4667E+00,
10:59:24.72107754, 6.6667E-02, 8.0000E-01, 3.6000E+00,
10:59:24.72107759, 3.3333E-02, 8.0000E-01, 3.7333E+00,
10:59:24.72107764, 3.3333E-02, 7.3333E-01, 3.4667E+00,
10:59:24.72107769, 3.3333E-02, 7.3333E-01, 3.4667E+00,
10:59:24.72107774, 1.0000E-01, 7.3333E-01, 3.7333E+00,
10:59:24.72107779, 3.3333E-02, 7.3333E-01, 3.7333E+00,
10:59:24.72107784,-3.3333E-02, 5.3333E-01, 3.4667E+00,
10:59:24.72107789, 3.3333E-02, 7.3333E-01, 3.4667E+00,
10:59:24.72107794, 6.6667E-02, 7.3333E-01, 3.6000E+00,
10:59:24.72107799, 0.0000E+00, 7.3333E-01, 3.6000E+00,
10:59:24.72107804, 0.0000E+00, 7.3333E-01, 3.6000E+00,
10:59:24.72107809, 3.3333E-02, 7.3333E-01, 3.7333E+00,
10:59:24.72107814,-3.3333E-02, 7.3333E-01, 3.8667E+00,
10:59:24.72107819, 0.0000E+00, 7.3333E-01, 3.8667E+00,
10:59:24.72107824,-3.3333E-02, 8.0000E-01, 3.8667E+00,
10:59:24.72107829, 1.0000E-01, 6.6667E-01, 3.7333E+00,
10:59:24.72107834, 1.0000E-01, 6.6667E-01, 3.4667E+00,
10:59:24.72107839, 6.6667E-02, 7.3333E-01, 3.3333E+00,
10:59:24.72107844, 6.6667E-02, 6.0000E-01, 3.6000E+00,
10:59:24.72107849, 3.3333E-02, 7.3333E-01, 3.7333E+00,
10:59:24.72107854, 0.0000E+00, 8.0000E-01, 3.8667E+00,
10:59:24.72107859, 0.0000E+00, 7.3333E-01, 3.4667E+00,
10:59:24.72107864, 6.6667E-02, 8.0000E-01, 3.8667E+00,
10:59:24.72107869, 3.3333E-02, 8.0000E-01, 3.6000E+00,
10:59:24.72107874, 3.3333E-02, 8.0000E-01, 3.6000E+00,
10:59:24.72107879, 1.0000E-01, 7.3333E-01, 4.0000E+00,
10:59:24.72107884, 1.3333E-01, 6.6667E-01, 3.4667E+00,
10:59:24.72107889,-6.6667E-02, 8.6667E-01, 3.7333E+00,
10:59:24.72107894, 3.3333E-02, 8.0000E-01, 3.6000E+00,
10:59:24.72107899, 6.6667E-02, 7.3333E-01, 4.1333E+00,
10:59:24.72107904, 3.3333E-02, 8.6667E-01, 3.6000E+00,
10:59:24.72107909, 6.6667E-02, 7.3333E-01, 3.8667E+00,
10:59:24.72107914,-3.3333E-02, 7.3333E-01, 3.7333E+00,
10:59:24.72107919, 6.6667E-02, 8.6667E-01, 3.4667E+00,
10:59:24.72107924, 1.0000E-01, 7.3333E-01, 4.0000E+00,
10:59:24.72107929, 3.3333E-02, 1.0000E+00, 4.0000E+00,
10:59:24.72107934, 3.3333E-02, 7.3333E-01, 3.6000E+00,
10:59:24.72107939, 3.3333E-02, 8.6667E-01, 3.6000E+00,
10:59:24.72107944, 0.0000E+00, 9.3333E-01, 3.6000E+00,
10:59:24.72107949, 3.3333E-02, 8.0000E-01, 3.6000E+00,
10:59:24.72107954, 6.6667E-02, 8.6667E-01, 3.8667E+00,
10:59:24.72107959, 3.3333E-02, 8.6667E-01, 3.8667E+00,
10:59:24.72107964, 6.6667E-02, 8.6667E-01, 3.6000E+00,
10:59:24.72107969, 0.0000E+00, 8.6667E-01, 3.6000E+00,
10:59:24.72107974, 1.0000E-01, 8.0000E-01, 3.7333E+00,
10:59:24.72107979, 3.3333E-02, 8.6667E-01, 3.7333E+00,
10:59:24.72107984, 1.0000E-01, 8.6667E-01, 3.7333E+00,
10:59:24.72107989, 1.3333E-01, 7.3333E-01, 3.8667E+00,
10:59:24.72107994, 1.0000E-01, 8.6667E-01, 3.8667E+00,
10:59:24.72107999, 0.0000E+00, 8.0000E-01, 3.6000E+00,
10:59:24.72108004, 1.0000E-01, 6.6667E-01, 3.8667E+00,
10:59:24.72108009, 6.6667E-02, 9.3333E-01, 3.7333E+00,
10:59:24.72108014, 1.3333E-01, 7.3333E-01, 3.8667E+00,
10:59:24.72108019, 6.6667E-02, 8.6667E-01, 3.7333E+00,
10:59:24.72108024, 1.0000E-01, 6.6667E-01, 4.1333E+00,
10:59:24.72108029, 0.0000E+00, 8.6667E-01, 3.7333E+00,
10:59:24.72108034, 6.6667E-02, 7.3333E-01, 3.7333E+00,
10:59:24.72108039, 0.0000E+00, 8.6667E-01, 3.7333E+00,
10:59:24.72108044, 0.0000E+00, 7.3333E-01, 3.4667E+00,
10:59:24.72108049, 6.6667E-02, 8.6667E-01, 3.4667E+00,
10:59:24.72108054, 6.6667E-02, 8.6667E-01, 3.8667E+00,
10:59:24.72108059, 6.6667E-02, 8.0000E-01, 3.6000E+00,
10:59:24.72108064, 0.0000E+00, 8.6667E-01, 3.4667E+00,
10:59:24.72108069, 0.0000E+00, 8.6667E-01, 3.8667E+00,
10:59:24.72108074, 6.6667E-02, 8.6667E-01, 3.8667E+00,
10:59:24.72108079, 1.3333E-01, 1.0000E+00, 3.4667E+00,
10:59:24.72108084, 0.0000E+00, 7.3333E-01, 3.8667E+00,
10:59:24.72108089, 6.6667E-02, 8.0000E-01, 3.7333E+00,
10:59:24.72108094, 0.0000E+00, 8.0000E-01, 3.6000E+00,
10:59:24.72108099, 0.0000E+00, 8.0000E-01, 3.4667E+00,
10:59:24.72108104, 3.3333E-02, 7.3333E-01, 3.7333E+00,
10:59:24.72108109, 3.3333E-02, 9.3333E-01, 3.4667E+00,
10:59:24.72108114, 6.6667E-02, 7.3333E-01, 3.7333E+00,
10:59:24.72108119, 1.0000E-01, 8.0000E-01, 3.7333E+00,
10:59:24.72108124, 0.0000E+00, 1.0000E+00, 3.4667E+00,
10:59:24.72108129, 1.0000E-01, 8.0000E-01, 3.4667E+00,
10:59:24.72108134,-3.3333E-02, 7.3333E-01, 3.4667E+00,
10:59:24.72108139, 6.6667E-02, 8.6667E-01, 3.6000E+00,
10:59:24.72108144, 3.3333E-02, 9.3333E-01, 3.4667E+00,
10:59:24.72108149,-1.0000E-01, 8.0000E-01, 3.6000E+00,
10:59:24.72108154, 0.0000E+00, 8.6667E-01, 3.4667E+00,
10:59:24.72108159, 1.0000E-01, 7.3333E-01, 3.7333E+00,
10:59:24.72108164, 1.0000E-01, 7.3333E-01, 3.7333E+00,
10:59:24.72108169, 1.3333E-01, 8.0000E-01, 3.6000E+00,
10:59:24.72108174, 1.0000E-01, 8.0000E-01, 3.4667E+00,
10:59:24.72108179, 0.0000E+00, 7.3333E-01, 3.6000E+00,
10:59:24.72108184, 6.6667E-02, 8.0000E-01, 3.3333E+00,
10:59:24.72108189, 0.0000E+00, 8.0000E-01, 3.4667E+00,
10:59:24.72108194, 1.0000E-01, 1.0000E+00, 3.4667E+00,
10:59:24.72108199, 6.6667E-02, 8.0000E-01, 3.2000E+00,
10:59:24.72108204, 6.6667E-02, 9.3333E-01, 3.4667E+00,
10:59:24.72108209, 6.6667E-02, 8.0000E-01, 3.4667E+00,
10:59:24.72108214, 6.6667E-02, 7.3333E-01, 3.4667E+00,
10:59:24.72108219,-3.3333E-02, 8.0000E-01, 3.4667E+00,
10:59:24.72108224, 3.3333E-02, 8.0000E-01, 3.4667E+00,
10:59:24.72108229, 0.0000E+00, 7.3333E-01, 3.4667E+00,
10:59:24.72108234, 0.0000E+00, 8.6667E-01, 3.2000E+00,
10:59:24.72108239, 3.3333E-02, 8.0000E-01, 3.3333E+00,
10:59:24.72108244, 3.3333E-02, 9.3333E-01, 3.6000E+00,
10:59:24.72108249,-3.3333E-02, 8.6667E-01, 3.4667E+00,
10:59:24.72108254, 1.0000E-01, 8.0000E-01, 3.4667E+00,
10:59:24.72108259, 3.3333E-02, 1.0000E+00, 3.4667E+00,
10:59:24.72108264, 1.0000E-01, 8.6667E-01, 3.3333E+00,
10:59:24.72108269, 6.6667E-02, 8.6667E-01, 3.4667E+00,
10:59:24.72108274, 6.6667E-02, 1.0000E+00, 2.9333E+00,
10:59:24.72108279, 0.0000E+00, 8.6667E-01, 3.2000E+00,
10:59:24.72108284, 0.0000E+00, 1.0000E+00, 2.9333E+00,
10:59:24.72108289, 6.6667E-02, 9.3333E-01, 2.9333E+00,
10:59:24.72108294, 3.3333E-02, 8.6667E-01, 3.0667E+00,
10:59:24.72108299, 6.6667E-02, 9.3333E-01, 2.9333E+00,
10:59:24.72108304, 1.0000E-01, 8.6667E-01, 3.0667E+00,
10:59:24.72108309, 6.6667E-02, 7.3333E-01, 3.2000E+00,
10:59:24.72108314, 6.6667E-02, 8.6667E-01, 3.3333E+00,
10:59:24.72108319, 1.0000E-01, 9.3333E-01, 3.2000E+00,
10:59:24.72108324, 0.0000E+00, 8.6667E-01, 2.6667E+00,
10:59:24.72108329, 3.3333E-02, 8.6667E-01, 3.0667E+00,
10:59:24.72108334, 6.6667E-02, 9.3333E-01, 3.2000E+00,
10:59:24.72108339, 0.0000E+00, 9.3333E-01, 3.3333E+00,
10:59:24.72108344, 3.3333E-02, 8.0000E-01, 2.8000E+00,
10:59:24.72108349, 1.0000E-01, 9.3333E-01, 3.2000E+00,
10:59:24.72108354, 6.6667E-02, 8.6667E-01, 3.3333E+00,
10:59:24.72108359, 3.3333E-02, 8.6667E-01, 3.0667E+00,
10:59:24.72108364, 6.6667E-02, 7.3333E-01, 3.3333E+00,
10:59:24.72108369, 3.3333E-02, 8.6667E-01, 2.9333E+00,
10:59:24.72108374, 0.0000E+00, 8.6667E-01, 2.8000E+00,
10:59:24.72108379, 1.0000E-01, 9.3333E-01, 2.8000E+00,
10:59:24.72108384, 0.0000E+00, 9.3333E-01, 3.0667E+00,
10:59:24.72108389, 3.3333E-02, 1.0000E+00, 2.6667E+00,
10:59:24.72108394, 3.3333E-02, 9.3333E-01, 2.9333E+00,
10:59:24.72108399, 3.3333E-02, 7.3333E-01, 3.3333E+00,
10:59:24.72108404, 6.6667E-02, 8.0000E-01, 2.8000E+00,
10:59:24.72108409, 1.3333E-01, 8.0000E-01, 2.5333E+00,
10:59:24.72108414, 1.0000E-01, 8.6667E-01, 2.8000E+00,
10:59:24.72108419,-3.3333E-02, 7.3333E-01, 2.6667E+00,
10:59:24.72108424, 0.0000E+00, 8.6667E-01, 2.5333E+00,
10:59:24.72108429,-3.3333E-02, 9.3333E-01, 2.5333E+00,
10:59:24.72108434, 3.3333E-02, 8.6667E-01, 2.6667E+00,
10:59:24.72108439, 6.6667E-02, 8.0000E-01, 2.5333E+00,
10:59:24.72108444, 3.3333E-02, 8.6667E-01, 2.6667E+00,
10:59:24.72108449, 6.6667E-02, 8.6667E-01, 2.5333E+00,
10:59:24.72108454, 3.3333E-02, 8.0000E-01, 2.6667E+00,
10:59:24.72108459, 6.6667E-02, 7.3333E-01, 2.8000E+00,
10:59:24.72108464, 3.3333E-02, 8.0000E-01, 2.5333E+00,
10:59:24.72108469, 3.3333E-02, 7.3333E-01, 2.4000E+00,
10:59:24.72108474, 6.6667E-02, 9.3333E-01, 2.0000E+00,
10:59:24.72108479, 0.0000E+00, 9.3333E-01, 2.5333E+00,
10:59:24.72108484,-3.3333E-02, 7.3333E-01, 2.4000E+00,
10:59:24.72108489, 6.6667E-02, 9.3333E-01, 2.5333E+00,
10:59:24.72108494, 1.3333E-01, 8.0000E-01, 2.2667E+00,
10:59:24.72108499, 6.6667E-02, 8.6667E-01, 2.4000E+00,
10:59:24.72108504, 6.6667E-02, 8.0000E-01, 2.2667E+00,
10:59:24.72108509, 6.6667E-02, 9.3333E-01, 2.4000E+00,
10:59:24.72108514, 6.6667E-02, 8.6667E-01, 2.2667E+00,
10:59:24.72108519, 6.6667E-02, 8.0000E-01, 2.2667E+00,
10:59:24.72108524, 6.6667E-02, 8.0000E-01, 2.1333E+00,
10:59:24.72108529, 3.3333E-02, 9.3333E-01, 2.2667E+00,
10:59:24.72108534, 3.3333E-02, 9.3333E-01, 2.1333E+00,
10:59:24.72108539, 1.0000E-01, 8.0000E-01, 2.2667E+00,
10:59:24.72108544, 6.6667E-02, 8.0000E-01, 2.2667E+00,
10:59:24.72108549, 3.3333E-02, 7.3333E-01, 2.4000E+00,
10:59:24.72108554, 1.0000E-01, 8.6667E-01, 2.5333E+00,
10:59:24.72108559, 6.6667E-02, 8.6667E-01, 2.1333E+00,
10:59:24.72108564, 3.3333E-02, 8.0000E-01, 2.4000E+00,
10:59:24.72108569, 0.0000E+00, 7.3333E-01, 2.0000E+00,
10:59:24.72108574, 1.0000E-01, 8.6667E-01, 2.0000E+00,
10:59:24.72108579,-3.3333E-02, 9.3333E-01, 2.0000E+00,
10:59:24.72108584, 6.6667E-02, 1.0000E+00, 1.7333E+00,
10:59:24.72108589, 3.3333E-02, 8.6667E-01, 1.7333E+00,
10:59:24.72108594, 3.3333E-02, 8.6667E-01, 2.0000E+00,
10:59:24.72108599, 3.3333E-02, 8.0000E-01, 2.0000E+00,
10:59:24.72108604, 3.3333E-02, 8.0000E-01, 2.1333E+00,
10:59:24.72108609, 1.0000E-01, 8.0000E-01, 2.0000E+00,
10:59:24.72108614, 3.3333E-02, 1.0000E+00, 1.6000E+00,
10:59:24.72108619, 0.0000E+00, 1.0000E+00, 1.8667E+00,
10:59:24.72108624, 6.6667E-02, 1.0000E+00, 1.7333E+00,
10:59:24.72108629, 3.3333E-02, 8.6667E-01, 2.0000E+00,
10:59:24.72108634, 3.3333E-02, 9.3333E-01, 1.8667E+00,
10:59:24.72108639, 1.0000E-01, 1.0000E+00, 1.7333E+00,
10:59:24.72108644, 1.0000E-01, 8.6667E-01, 1.7333E+00,
10:59:24.72108649, 6.6667E-02, 6.6667E-01, 1.8667E+00,
10:59:24.72108654, 3.3333E-02, 7.3333E-01, 1.8667E+00,
10:59:24.72108659, 0.0000E+00, 8.6667E-01, 2.0000E+00,
10:59:24.72108664, 1.0000E-01, 8.0000E-01, 1.8667E+00,
10:59:24.72108669, 3.3333E-02, 9.3333E-01, 1.3333E+00,
10:59:24.72108674,-3.3333E-02, 8.0000E-01, 1.6000E+00,
10:59:24.72108679, 6.6667E-02, 9.3333E-01, 1.6000E+00,
10:59:24.72108684, 6.6667E-02, 8.0000E-01, 1.6000E+00,
10:59:24.72108689, 3.3333E-02, 8.0000E-01, 1.6000E+00,
10:59:24.72108694, 1.0000E-01, 8.0000E-01, 1.4667E+00,
10:59:24.72108699, 0.0000E+00, 1.0000E+00, 1.7333E+00,
10:59:24.72108704, 3.3333E-02, 7.3333E-01, 1.8667E+00,
10:59:24.72108709, 6.6667E-02, 1.0000E+00, 1.6000E+00,
10:59:24.72108714, 6.6667E-02, 9.3333E-01, 1.6000E+00,
10:59:24.72108719, 3.3333E-02, 7.3333E-01, 1.3333E+00,
10:59:24.72108724, 3.3333E-02, 8.6667E-01, 1.3333E+00,
10:59:24.72108729, 3.3333E-02, 8.6667E-01, 1.3333E+00,
10:59:24.72108734, 3.3333E-02, 8.0000E-01, 1.6000E+00,
10:59:24.72108739, 1.0000E-01, 8.0000E-01, 1.4667E+00,
10:59:24.72108744, 6.6667E-02, 8.0000E-01, 1.4667E+00,
10:59:24.72108749, 3.3333E-02, 8.0000E-01, 1.4667E+00,
10:59:24.72108754, 6.6667E-02, 8.6667E-01, 1.2000E+00,
10:59:24.72108759, 6.6667E-02, 8.6667E-01, 1.7333E+00,
10:59:24.72108764, 6.6667E-02, 7.3333E-01, 1.2000E+00,
10:59:24.72108769,-3.3333E-02, 8.6667E-01, 1.3333E+00,
10:59:24.72108774, 1.0000E-01, 8.6667E-01, 1.3333E+00,
10:59:24.72108779, 0.0000E+00, 9.3333E-01, 1.2000E+00,
10:59:24.72108784, 6.6667E-02, 8.6667E-01, 1.0667E+00,
10:59:24.72108789, 1.0000E-01, 8.6667E-01, 1.2000E+00,
10:59:24.72108794, 3.3333E-02, 1.0000E+00, 1.0667E+00,
10:59:24.72108799, 1.6667E-01, 9.3333E-01, 1.0667E+00,
10:59:24.72108804, 6.6667E-02, 8.6667E-01, 9.3333E-01,
10:59:24.72108809, 3.3333E-02, 8.6667E-01, 9.3333E-01,
10:59:24.72108814,-6.6667E-02, 8.0000E-01, 1.0667E+00,
10:59:24.72108819, 6.6667E-02, 9.3333E-01, 1.2000E+00,
10:59:24.72108824, 3.3333E-02, 8.6667E-01, 9.3333E-01,
10:59:24.72108829, 6.6667E-02, 8.0000E-01, 1.2000E+00,
10:59:24.72108834, 3.3333E-02, 8.0000E-01, 1.3333E+00,
10:59:24.72108839, 0.0000E+00, 8.6667E-01, 9.3333E-01,
10:59:24.72108844, 3.3333E-02, 8.0000E-01, 9.3333E-01,
10:59:24.72108849, 3.3333E-02, 9.3333E-01, 1.0667E+00,
10:59:24.72108854, 1.3333E-01, 9.3333E-01, 6.6667E-01,
10:59:24.72108859, 6.6667E-02, 9.3333E-01, 8.0000E-01,
10:59:24.72108864, 6.6667E-02, 8.6667E-01, 6.6667E-01,
10:59:24.72108869, 3.3333E-02, 8.0000E-01, 8.0000E-01,
10:59:24.72108874, 3.3333E-02, 8.0000E-01, 6.6667E-01,
10:59:24.72108879, 6.6667E-02, 8.0000E-01, 9.3333E-01,
10:59:24.72108884, 6.6667E-02, 9.3333E-01, 1.2000E+00,
10:59:24.72108889, 6.6667E-02, 8.0000E-01, 8.0000E-01,
10:59:24.72108894, 6.6667E-02, 8.6667E-01, 8.0000E-01,
10:59:24.72108899, 3.3333E-02, 8.0000E-01, 8.0000E-01,
10:59:24.72108904, 3.3333E-02, 8.6667E-01, 5.3333E-01,
10:59:24.72108909, 3.3333E-02, 9.3333E-01, 1.0667E+00,
10:59:24.72108914, 3.3333E-02, 8.0000E-01, 6.6667E-01,
10:59:24.72108919, 3.3333E-02, 8.0000E-01, 6.6667E-01,
10:59:24.72108924, 6.6667E-02, 8.6667E-01, 6.6667E-01,
10:59:24.72108929, 6.6667E-02, 8.6667E-01, 6.6667E-01,
10:59:24.72108934, 6.6667E-02, 9.3333E-01, 8.0000E-01,
10:59:24.72108939, 6.6667E-02, 9.3333E-01, 9.3333E-01,
10:59:24.72108944, 1.0000E-01, 8.6667E-01, 6.6667E-01,
10:59:24.72108949, 6.6667E-02, 8.6667E-01, 6.6667E-01,
10:59:24.72108954, 6.6667E-02, 8.6667E-01, 6.6667E-01,
10:59:24.72108959, 3.3333E-02, 8.6667E-01, 4.0000E-01,
10:59:24.72108964, 3.3333E-02, 1.0000E+00, 4.0000E-01,
10:59:24.72108969, 1.0000E-01, 8.6667E-01, 5.3333E-01,
10:59:24.72108974, 3.3333E-02, 8.0000E-01, 6.6667E-01,
10:59:24.72108979, 6.6667E-02, 8.6667E-01, 6.6667E-01,
10:59:24.72108984, 1.0000E-01, 8.0000E-01, 6.6667E-01,
10:59:24.72108989, 1.0000E-01, 8.0000E-01, 5.3333E-01,
10:59:24.72108994, 3.3333E-02, 9.3333E-01, 5.3333E-01,
10:59:24.72108999, 1.0000E-01, 7.3333E-01, 4.0000E-01,
10:59:24.72109004, 3.3333E-02, 1.0000E+00, 0.0000E+00,
10:59:24.72109009, 0.0000E+00, 1.0000E+00, 5.3333E-01,
10:59:24.72109014, 6.6667E-02, 8.6667E-01, 2.6667E-01,
10:59:24.72109019, 1.0000E-01, 7.3333E-01, 2.6667E-01,
10:59:24.72109024, 0.0000E+00, 9.3333E-01, 2.6667E-01,
10:59:24.72109029, 3.3333E-02, 8.0000E-01, 6.6667E-01,
10:59:24.72109034, 6.6667E-02, 7.3333E-01, 4.0000E-01,
10:59:24.72109039, 1.0000E-01, 7.3333E-01, 5.3333E-01,
10:59:24.72109044, 1.0000E-01, 8.6667E-01, 4.0000E-01,
10:59:24.72109049,-3.3333E-02, 8.6667E-01, 4.0000E-01,
10:59:24.72109054, 0.0000E+00, 8.6667E-01, 4.0000E-01,
10:59:24.72109059, 0.0000E+00, 8.6667E-01, 1.3333E-01,
10:59:24.72109064, 1.3333E-01, 8.0000E-01, 6.6667E-01,
10:59:24.72109069, 6.6667E-02, 8.0000E-01, 2.6667E-01,
10:59:24.72109074, 1.0000E-01, 8.0000E-01, 1.3333E-01,
10:59:24.72109079, 6.6667E-02, 8.6667E-01, 4.0000E-01,
10:59:24.72109084, 6.6667E-02, 8.0000E-01, 0.0000E+00,
10:59:24.72109089, 1.0000E-01, 1.0000E+00, 2.6667E-01,
10:59:24.72109094, 1.0000E-01, 9.3333E-01, 2.6667E-01,
10:59:24.72109099, 3.3333E-02, 8.0000E-01, 0.0000E+00,
10:59:24.72109104, 6.6667E-02, 8.0000E-01, 1.3333E-01,
10:59:24.72109109, 1.0000E-01, 9.3333E-01, 0.0000E+00,
10:59:24.72109114, 6.6667E-02, 8.0000E-01, 0.0000E+00,
10:59:24.72109119, 0.0000E+00, 8.6667E-01, 0.0000E+00,
10:59:24.72109124, 3.3333E-02, 8.6667E-01, 0.0000E+00,
10:59:24.72109129, 6.6667E-02, 8.0000E-01, 1.3333E-01,
10:59:24.72109134, 1.3333E-01, 9.3333E-01, 1.3333E-01,
10:59:24.72109139, 1.0000E-01, 8.0000E-01, 1.3333E-01,
10:59:24.72109144, 3.3333E-02, 9.3333E-01,-1.3333E-01,
10:59:24.72109149, 3.3333E-02, 9.3333E-01, 0.0000E+00,
10:59:24.72109154, 3.3333E-02, 8.0000E-01,-2.6667E-01,
10:59:24.72109159, 3.3333E-02, 8.0000E-01,-1.3333E-01,
10:59:24.72109164,-6.6667E-02, 8.0000E-01, 1.3333E-01,
10:59:24.72109169, 3.3333E-02, 8.0000E-01, 0.0000E+00,
10:59:24.72109174, 1.3333E-01, 8.6667E-01, 0.0000E+00,
10:59:24.72109179, 6.6667E-02, 8.0000E-01, 1.3333E-01,
10:59:24.72109184,-3.3333E-02, 8.6667E-01,-2.6667E-01,
10:59:24.72109189, 3.3333E-02, 9.3333E-01,-2.6667E-01,
10:59:24.72109194, 0.0000E+00, 7.3333E-01, 0.0000E+00,
10:59:24.72109199, 1.3333E-01, 8.6667E-01, 0.0000E+00,
10:59:24.72109204, 3.3333E-02, 9.3333E-01,-1.3333E-01,
10:59:24.72109209, 6.6667E-02, 8.6667E-01,-1.3333E-01,
10:59:24.72109214,-3.3333E-02, 8.0000E-01,-1.3333E-01,
10:59:24.72109219, 1.0000E-01, 8.0000E-01, 1.3333E-01,
10:59:24.72109224, 1.3333E-01, 7.3333E-01, 1.3333E-01,
10:59:24.72109229, 3.3333E-02, 8.6667E-01,-2.6667E-01,
10:59:24.72109234, 3.3333E-02, 8.0000E-01,-1.3333E-01,
10:59:24.72109239, 3.3333E-02, 7.3333E-01, 1.3333E-01,
10:59:24.72109244,-3.3333E-02, 7.3333E-01, 1.3333E-01,
10:59:24.72109249, 0.0000E+00, 7.3333E-01,-2.6667E-01,
10:59:24.72109254, 3.3333E-02, 7.3333E-01,-2.6667E-01,
10:59:24.72109259, 3.3333E-02, 8.0000E-01, 0.0000E+00,
10:59:24.72109264, 3.3333E-02, 1.0000E+00,-2.6667E-01,
10:59:24.72109269, 1.3333E-01, 8.6667E-01,-6.6667E-01,
10:59:24.72109274, 3.3333E-02, 7.3333E-01,-4.0000E-01,
10:59:24.72109279, 3.3333E-02, 8.6667E-01, 0.0000E+00,
10:59:24.72109284, 0.0000E+00, 8.6667E-01,-2.6667E-01,
10:59:24.72109289, 3.3333E-02, 1.0000E+00,-2.6667E-01,
10:59:24.72109294, 0.0000E+00, 8.6667E-01,-2.6667E-01,
10:59:24.72109299, 3.3333E-02, 9.3333E-01,-6.6667E-01,
10:59:24.72109304, 0.0000E+00, 9.3333E-01,-1.3333E-01,
10:59:24.72109309, 0.0000E+00, 8.6667E-01,-1.3333E-01,
10:59:24.72109314, 6.6667E-02, 1.0000E+00,-2.6667E-01,
10:59:24.72109319, 3.3333E-02, 9.3333E-01,-1.3333E-01,
10:59:24.72109324, 0.0000E+00, 8.6667E-01,-4.0000E-01,
10:59:24.72109329, 6.6667E-02, 8.0000E-01,-4.0000E-01,
10:59:24.72109334, 6.6667E-02, 6.6667E-01,-2.6667E-01,
10:59:24.72109339, 3.3333E-02, 7.3333E-01,-4.0000E-01,
10:59:24.72109344, 0.0000E+00, 8.6667E-01,-2.6667E-01,
10:59:24.72109349, 0.0000E+00, 7.3333E-01,-5.3333E-01,
10:59:24.72109354, 1.0000E-01, 8.6667E-01,-4.0000E-01,
10:59:24.72109359, 1.0000E-01, 8.0000E-01,-1.3333E-01,
10:59:24.72109364, 0.0000E+00, 8.6667E-01,-2.6667E-01,
10:59:24.72109369, 6.6667E-02, 7.3333E-01,-5.3333E-01,
10:59:24.72109374,-3.3333E-02, 8.6667E-01,-2.6667E-01,
10:59:24.72109379, 1.0000E-01, 7.3333E-01,-1.3333E-01,
10:59:24.72109384, 0.0000E+00, 6.6667E-01,-1.3333E-01,
10:59:24.72109389,-6.6667E-02, 8.6667E-01,-4.0000E-01,
10:59:24.72109394, 3.3333E-02, 8.6667E-01,-2.6667E-01,
10:59:24.72109399, 3.3333E-02, 7.3333E-01,-4.0000E-01,
10:59:24.72109404, 6.6667E-02, 8.0000E-01,-2.6667E-01,
10:59:24.72109409, 6.6667E-02, 8.0000E-01,-4.0000E-01,
10:59:24.72109414, 0.0000E+00, 8.0000E-01,-4.0000E-01,
10:59:24.72109419, 3.3333E-02, 8.6667E-01,-2.6667E-01,
10:59:24.72109424, 0.0000E+00, 9.3333E-01,-4.0000E-01,
10:59:24.72109429, 6.6667E-02, 8.6667E-01, 1.3333E-01,
10:59:24.72109434, 0.0000E+00, 6.6667E-01,-4.0000E-01,
10:59:24.72109439, 0.0000E+00, 7.3333E-01,-4.0000E-01,
10:59:24.72109444, 3.3333E-02, 8.0000E-01,-1.3333E-01,
10:59:24.72109449, 3.3333E-02, 7.3333E-01,-2.6667E-01,
10:59:24.72109454, 0.0000E+00, 9.3333E-01,-5.3333E-01,
10:59:24.72109459, 0.0000E+00, 8.0000E-01,-2.6667E-01,
10:59:24.72109464, 6.6667E-02, 8.6667E-01, 0.0000E+00,
10:59:24.72109469, 6.6667E-02, 8.0000E-01,-2.6667E-01,
10:59:24.72109474, 0.0000E+00, 8.6667E-01,-1.3333E-01,
10:59:24.72109479,-3.3333E-02, 7.3333E-01,-1.3333E-01,
10:59:24.72109484, 0.0000E+00, 6.6667E-01,-2.6667E-01,
10:59:24.72109489, 0.0000E+00, 8.0000E-01, 0.0000E+00,
10:59:24.72109494, 3.3333E-02, 7.3333E-01,-2.6667E-01,
10:59:24.72109499,-6.6667E-02, 7.3333E-01,-4.0000E-01,
10:59:24.72109504, 6.6667E-02, 8.0000E-01,-1.3333E-01,
10:59:24.72109509, 0.0000E+00, 7.3333E-01,-5.3333E-01,
10:59:24.72109514, 6.6667E-02, 1.0000E+00,-4.0000E-01,
10:59:24.72109519, 1.0000E-01, 7.3333E-01,-2.6667E-01,
10:59:24.72109524, 3.3333E-02, 7.3333E-01,-1.3333E-01,
10:59:24.72109529, 3.3333E-02, 7.3333E-01,-2.6667E-01,
10:59:24.72109534, 0.0000E+00, 7.3333E-01,-4.0000E-01,
10:59:24.72109539, 6.6667E-02, 6.6667E-01,-5.3333E-01,
10:59:24.72109544,-6.6667E-02, 8.0000E-01,-2.6667E-01,
10:59:24.72109549, 0.0000E+00, 8.0000E-01,-4.0000E-01,
10:59:24.72109554, 3.3333E-02, 8.0000E-01,-5.3333E-01,
10:59:24.72109559, 3.3333E-02, 8.0000E-01,-1.3333E-01,
10:59:24.72109564,-3.3333E-02, 8.0000E-01, 1.3333E-01,
10:59:24.72109569, 3.3333E-02, 8.0000E-01,-1.3333E-01,
10:59:24.72109574,-3.3333E-02, 6.6667E-01,-1.3333E-01,
10:59:24.72109579, 0.0000E+00, 6.6667E-01,-1.3333E-01,
10:59:24.72109584, 0.0000E+00, 8.0000E-01,-1.3333E-01,
10:59:24.72109589, 6.6667E-02, 6.0000E-01,-2.6667E-01,
10:59:24.72109594, 3.3333E-02, 8.0000E-01,-4.0000E-01,
10:59:24.72109599, 0.0000E+00, 8.0000E-01,-2.6667E-01,
10:59:24.72109604, 3.3333E-02, 7.3333E-01,-2.6667E-01,
10:59:24.72109609, 3.3333E-02, 8.0000E-01,-1.3333E-01,
10:59:24.72109614,-3.3333E-02, 8.0000E-01,-4.0000E-01,
10:59:24.72109619,-3.3333E-02, 8.0000E-01,-4.0000E-01,
10:59:24.72109624,-3.3333E-02, 8.0000E-01,-1.3333E-01,
10:59:24.72109629, 6.6667E-02, 6.6667E-01, 0.0000E+00,
10:59:24.72109634, 0.0000E+00, 8.6667E-01,-1.3333E-01,
10:59:24.72109639,-3.3333E-02, 7.3333E-01,-2.6667E-01,
10:59:24.72109644, 3.3333E-02, 8.6667E-01,-6.6667E-01,
10:59:24.72109649, 3.3333E-02, 8.0000E-01,-4.0000E-01,
10:59:24.72109654, 0.0000E+00, 7.3333E-01,-5.3333E-01,
10:59:24.72109659, 3.3333E-02, 8.6667E-01,-1.3333E-01,
10:59:24.72109664, 3.3333E-02, 7.3333E-01, 0.0000E+00,
10:59:24.72109669,-3.3333E-02, 8.6667E-01,-1.3333E-01,
10:59:24.72109674, 0.0000E+00, 8.6667E-01, 1.3333E-01,
10:59:24.72109679, 6.6667E-02, 8.0000E-01, 0.0000E+00,
10:59:24.72109684,-3.3333E-02, 8.0000E-01,-2.6667E-01,
10:59:24.72109689, 1.0000E-01, 8.0000E-01,-1.3333E-01,
10:59:24.72109694, 3.3333E-02, 7.3333E-01,-2.6667E-01,
10:59:24.72109699, 3.3333E-02, 9.3333E-01,-1.3333E-01,
10:59:24.72109704, 3.3333E-02, 8.0000E-01, 2.6667E-01,
10:59:24.72109709, 3.3333E-02, 8.6667E-01, 2.6667E-01,
10:59:24.72109714,-3.3333E-02, 6.6667E-01,-1.3333E-01,
10:59:24.72109719, 3.3333E-02, 9.3333E-01, 1.3333E-01,
10:59:24.72109724, 0.0000E+00, 8.0000E-01, 2.6667E-01,
10:59:24.72109729, 3.3333E-02, 8.0000E-01, 2.6667E-01,
10:59:24.72109734, 0.0000E+00, 6.6667E-01, 2.6667E-01,
10:59:24.72109739, 0.0000E+00, 7.3333E-01,-1.3333E-01,
10:59:24.72109744, 3.3333E-02, 8.0000E-01,-2.6667E-01,
10:59:24.72109749, 3.3333E-02, 8.0000E-01, 1.3333E-01,
10:59:24.72109754, 6.6667E-02, 8.0000E-01, 0.0000E+00,
10:59:24.72109759, 3.3333E-02, 8.0000E-01,-2.6667E-01,
10:59:24.72109764, 0.0000E+00, 8.6667E-01,-1.3333E-01,
10:59:24.72109769, 3.3333E-02, 7.3333E-01,-1.3333E-01,
10:59:24.72109774, 3.3333E-02, 8.6667E-01,-1.3333E-01,
10:59:24.72109779, 6.6667E-02, 9.3333E-01, 1.3333E-01,
10:59:24.72109784, 0.0000E+00, 8.0000E-01, 1.3333E-01,
10:59:24.72109789, 6.6667E-02, 7.3333E-01,-1.3333E-01,
10:59:24.72109794, 6.6667E-02, 8.0000E-01, 1.3333E-01,
10:59:24.72109799, 1.0000E-01, 8.0000E-01,-1.3333E-01,
10:59:24.72109804, 3.3333E-02, 7.3333E-01, 1.3333E-01,
10:59:24.72109809, 3.3333E-02, 8.6667E-01,-1.3333E-01,
10:59:24.72109814, 6.6667E-02, 6.6667E-01, 0.0000E+00,
10:59:24.72109819, 0.0000E+00, 7.3333E-01, 2.6667E-01,
10:59:24.72109824, 0.0000E+00, 7.3333E-01, 2.6667E-01,
10:59:24.72109829, 0.0000E+00, 6.6667E-01, 2.6667E-01,
10:59:24.72109834, 0.0000E+00, 8.0000E-01,-1.3333E-01,
10:59:24.72109839,-3.3333E-02, 6.0000E-01,-2.6667E-01,
10:59:24.72109844, 0.0000E+00, 7.3333E-01, 1.3333E-01,
10:59:24.72109849,-3.3333E-02, 8.0000E-01, 0.0000E+00,
10:59:24.72109854,-3.3333E-02, 8.0000E-01, 0.0000E+00,
10:59:24.72109859, 0.0000E+00, 7.3333E-01, 0.0000E+00,
10:59:24.72109864, 0.0000E+00, 8.0000E-01, 1.3333E-01,
10:59:24.72109869, 0.0000E+00, 7.3333E-01, 4.0000E-01,
10:59:24.72109874, 6.6667E-02, 8.0000E-01, 0.0000E+00,
10:59:24.72109879, 3.3333E-02, 7.3333E-01, 0.0000E+00,
10:59:24.72109884, 6.6667E-02, 7.3333E-01, 2.6667E-01,
10:59:24.72109889,-6.6667E-02, 8.0000E-01, 4.0000E-01,
10:59:24.72109894, 0.0000E+00, 7.3333E-01, 2.6667E-01,
10:59:24.72109899, 3.3333E-02, 6.6667E-01, 0.0000E+00,
10:59:24.72109904,-3.3333E-02, 8.0000E-01, 4.0000E-01,
10:59:24.72109909, 0.0000E+00, 8.0000E-01, 2.6667E-01,
10:59:24.72109914, 0.0000E+00, 8.0000E-01, 1.3333E-01,
10:59:24.72109919,-3.3333E-02, 8.0000E-01, 2.6667E-01,
10:59:24.72109924, 3.3333E-02, 7.3333E-01, 1.3333E-01,
10:59:24.72109929, 3.3333E-02, 8.6667E-01, 1.3333E-01,
10:59:24.72109934, 1.0000E-01, 6.6667E-01, 1.3333E-01,
10:59:24.72109939,-3.3333E-02, 8.0000E-01, 4.0000E-01,
10:59:24.72109944, 1.0000E-01, 6.6667E-01, 5.3333E-01,
10:59:24.72109949, 1.0000E-01, 6.6667E-01, 2.6667E-01,
10:59:24.72109954, 3.3333E-02, 8.0000E-01, 4.0000E-01,
10:59:24.72109959,-3.3333E-02, 6.6667E-01, 6.6667E-01,
10:59:24.72109964, 0.0000E+00, 6.0000E-01, 6.6667E-01,
10:59:24.72109969, 0.0000E+00, 7.3333E-01, 5.3333E-01,
10:59:24.72109974,-6.6667E-02, 7.3333E-01, 1.3333E-01,
10:59:24.72109979, 3.3333E-02, 6.0000E-01, 4.0000E-01,
10:59:24.72109984,-3.3333E-02, 7.3333E-01, 4.0000E-01,
10:59:24.72109989, 3.3333E-02, 7.3333E-01, 2.6667E-01,
10:59:24.72109994, 3.3333E-02, 9.3333E-01, 4.0000E-01,
10:59:24.72109999, 3.3333E-02, 8.6667E-01, 6.6667E-01,
10:59:24.72110004,-6.6667E-02, 8.0000E-01, 4.0000E-01,
10:59:24.72110009, 0.0000E+00, 8.6667E-01, 6.6667E-01,
10:59:24.72110014,-3.3333E-02, 8.0000E-01, 4.0000E-01,
10:59:24.72110019, 6.6667E-02, 7.3333E-01, 6.6667E-01,
10:59:24.72110024, 3.3333E-02, 6.6667E-01, 4.0000E-01,
10:59:24.72110029, 3.3333E-02, 8.0000E-01, 5.3333E-01,
10:59:24.72110034, 0.0000E+00, 6.6667E-01, 4.0000E-01,
10:59:24.72110039, 6.6667E-02, 8.0000E-01, 6.6667E-01,
10:59:24.72110044,-3.3333E-02, 8.0000E-01, 5.3333E-01,
10:59:24.72110049, 0.0000E+00, 7.3333E-01, 4.0000E-01,
10:59:24.72110054,-3.3333E-02, 6.6667E-01, 6.6667E-01,
10:59:24.72110059,-3.3333E-02, 6.6667E-01, 5.3333E-01,
10:59:24.72110064, 0.0000E+00, 7.3333E-01, 6.6667E-01,
10:59:24.72110069, 0.0000E+00, 8.6667E-01, 6.6667E-01,
10:59:24.72110074, 0.0000E+00, 7.3333E-01, 6.6667E-01,
10:59:24.72110079, 3.3333E-02, 7.3333E-01, 5.3333E-01,
10:59:24.72110084, 3.3333E-02, 6.6667E-01, 6.6667E-01,
10:59:24.72110089, 1.3333E-01, 8.0000E-01, 2.6667E-01,
10:59:24.72110094, 0.0000E+00, 7.3333E-01, 6.6667E-01,
10:59:24.72110099, 3.3333E-02, 8.6667E-01, 6.6667E-01,
10:59:24.72110104, 3.3333E-02, 6.6667E-01, 6.6667E-01,
10:59:24.72110109, 0.0000E+00, 9.3333E-01, 6.6667E-01,
10:59:24.72110114, 3.3333E-02, 7.3333E-01, 4.0000E-01,
10:59:24.72110119, 6.6667E-02, 8.0000E-01, 4.0000E-01,
10:59:24.72110124, 0.0000E+00, 8.0000E-01, 6.6667E-01,
10:59:24.72110129,-3.3333E-02, 7.3333E-01, 6.6667E-01,
10:59:24.72110134, 6.6667E-02, 8.0000E-01, 6.6667E-01,
10:59:24.72110139, 1.0000E-01, 8.6667E-01, 8.0000E-01,
10:59:24.72110144,-3.3333E-02, 8.0000E-01, 6.6667E-01,
10:59:24.72110149, 3.3333E-02, 7.3333E-01, 6.6667E-01,
10:59:24.72110154, 3.3333E-02, 8.0000E-01, 8.0000E-01,
10:59:24.72110159, 0.0000E+00, 8.6667E-01, 6.6667E-01,
10:59:24.72110164, 3.3333E-02, 8.0000E-01, 9.3333E-01,
10:59:24.72110169, 0.0000E+00, 8.0000E-01, 6.6667E-01,
10:59:24.72110174, 1.3333E-01, 7.3333E-01, 1.0667E+00,
10:59:24.72110179, 6.6667E-02, 7.3333E-01, 6.6667E-01,
10:59:24.72110184, 0.0000E+00, 7.3333E-01, 6.6667E-01,
10:59:24.72110189, 0.0000E+00, 7.3333E-01, 9.3333E-01,
10:59:24.72110194, 0.0000E+00, 7.3333E-01, 6.6667E-01,
10:59:24.72110199,-3.3333E-02, 7.3333E-01, 6.6667E-01,
10:59:24.72110204, 6.6667E-02, 7.3333E-01, 8.0000E-01,
10:59:24.72110209,-3.3333E-02, 8.0000E-01, 8.0000E-01,
10:59:24.72110214, 0.0000E+00, 6.6667E-01, 8.0000E-01,
10:59:24.72110219, 3.3333E-02, 7.3333E-01, 6.6667E-01,
10:59:24.72110224, 3.3333E-02, 9.3333E-01, 9.3333E-01,
10:59:24.72110229, 0.0000E+00, 8.0000E-01, 6.6667E-01,
10:59:24.72110234, 6.6667E-02, 7.3333E-01, 6.6667E-01,
10:59:24.72110239, 6.6667E-02, 7.3333E-01, 6.6667E-01,
10:59:24.72110244, 0.0000E+00, 8.6667E-01, 1.0667E+00,
10:59:24.72110249, 3.3333E-02, 6.6667E-01, 6.6667E-01,
10:59:24.72110254, 3.3333E-02, 6.0000E-01, 1.0667E+00,
10:59:24.72110259,-3.3333E-02, 8.0000E-01, 9.3333E-01,
10:59:24.72110264,-3.3333E-02, 6.6667E-01, 8.0000E-01,
10:59:24.72110269, 0.0000E+00, 8.6667E-01, 6.6667E-01,
10:59:24.72110274, 6.6667E-02, 8.6667E-01, 9.3333E-01,
10:59:24.72110279, 0.0000E+00, 7.3333E-01, 1.3333E+00,
10:59:24.72110284, 6.6667E-02, 7.3333E-01, 1.0667E+00,
10:59:24.72110289, 0.0000E+00, 7.3333E-01, 1.0667E+00,
10:59:24.72110294, 3.3333E-02, 8.0000E-01, 1.3333E+00,
10:59:24.72110299, 3.3333E-02, 5.3333E-01, 9.3333E-01,
10:59:24.72110304, 0.0000E+00, 7.3333E-01, 8.0000E-01,
10:59:24.72110309, 0.0000E+00, 6.6667E-01, 8.0000E-01,
10:59:24.72110314, 6.6667E-02, 7.3333E-01, 1.0667E+00,
10:59:24.72110319, 0.0000E+00, 7.3333E-01, 8.0000E-01,
10:59:24.72110324, 0.0000E+00, 6.6667E-01, 9.3333E-01,
10:59:24.72110329, 6.6667E-02, 1.0000E+00, 9.3333E-01,
10:59:24.72110334, 0.0000E+00, 6.6667E-01, 1.0667E+00,
10:59:24.72110339, 3.3333E-02, 8.0000E-01, 1.0667E+00,
10:59:24.72110344,-1.0000E-01, 7.3333E-01, 9.3333E-01,
10:59:24.72110349, 6.6667E-02, 7.3333E-01, 1.2000E+00,
10:59:24.72110354, 6.6667E-02, 8.0000E-01, 9.3333E-01,
10:59:24.72110359, 0.0000E+00, 8.0000E-01, 8.0000E-01,
10:59:24.72110364, 0.0000E+00, 8.0000E-01, 1.0667E+00,
10:59:24.72110369, 1.0000E-01, 8.0000E-01, 9.3333E-01,
10:59:24.72110374, 1.0000E-01, 8.0000E-01, 9.3333E-01,
10:59:24.72110379, 0.0000E+00, 7.3333E-01, 1.0667E+00,
10:59:24.72110384, 0.0000E+00, 6.6667E-01, 1.2000E+00,
10:59:24.72110389, 0.0000E+00, 8.6667E-01, 9.3333E-01,
10:59:24.72110394,-3.3333E-02, 8.0000E-01, 9.3333E-01,
10:59:24.72110399, 0.0000E+00, 6.0000E-01, 1.0667E+00,
10:59:24.72110404, 3.3333E-02, 8.0000E-01, 1.0667E+00,
10:59:24.72110409, 0.0000E+00, 8.0000E-01, 1.0667E+00,
10:59:24.72110414,-3.3333E-02, 6.6667E-01, 1.0667E+00,
10:59:24.72110419, 1.0000E-01, 8.0000E-01, 1.2000E+00,
10:59:24.72110424, 3.3333E-02, 8.0000E-01, 1.0667E+00,
10:59:24.72110429, 3.3333E-02, 6.6667E-01, 1.3333E+00,
10:59:24.72110434, 0.0000E+00, 8.0000E-01, 1.7333E+00,
10:59:24.72110439,-6.6667E-02, 6.6667E-01, 1.2000E+00,
10:59:24.72110444, 0.0000E+00, 6.0000E-01, 1.3333E+00,
10:59:24.72110449,-6.6667E-02, 8.0000E-01, 1.3333E+00,
10:59:24.72110454, 6.6667E-02, 7.3333E-01, 1.3333E+00,
10:59:24.72110459, 0.0000E+00, 8.0000E-01, 1.6000E+00,
10:59:24.72110464, 6.6667E-02, 7.3333E-01, 1.2000E+00,
10:59:24.72110469, 6.6667E-02, 6.6667E-01, 1.4667E+00,
10:59:24.72110474, 0.0000E+00, 7.3333E-01, 1.0667E+00,
10:59:24.72110479, 0.0000E+00, 6.0000E-01, 1.4667E+00,
10:59:24.72110484, 3.3333E-02, 8.0000E-01, 1.3333E+00,
10:59:24.72110489, 3.3333E-02, 7.3333E-01, 1.3333E+00,
10:59:24.72110494, 0.0000E+00, 8.6667E-01, 1.0667E+00,
10:59:24.72110499, 1.0000E-01, 7.3333E-01, 1.2000E+00,
10:59:24.72110504, 3.3333E-02, 8.0000E-01, 1.3333E+00,
10:59:24.72110509, 3.3333E-02, 8.0000E-01, 1.2000E+00,
10:59:24.72110514, 3.3333E-02, 7.3333E-01, 1.0667E+00,
10:59:24.72110519, 0.0000E+00, 8.0000E-01, 1.2000E+00,
10:59:24.72110524,-6.6667E-02, 6.6667E-01, 1.0667E+00,
10:59:24.72110529, 3.3333E-02, 8.0000E-01, 1.6000E+00,
10:59:24.72110534, 0.0000E+00, 8.6667E-01, 1.4667E+00,
10:59:24.72110539, 0.0000E+00, 8.6667E-01, 1.7333E+00,
10:59:24.72110544, 3.3333E-02, 8.0000E-01, 1.4667E+00,
10:59:24.72110549, 0.0000E+00, 7.3333E-01, 1.2000E+00,
10:59:24.72110554, 3.3333E-02, 8.0000E-01, 1.4667E+00,
10:59:24.72110559, 6.6667E-02, 7.3333E-01, 1.2000E+00,
10:59:24.72110564, 1.0000E-01, 6.0000E-01, 1.4667E+00,
10:59:24.72110569, 6.6667E-02, 7.3333E-01, 1.6000E+00,
10:59:24.72110574,-3.3333E-02, 6.6667E-01, 1.6000E+00,
10:59:24.72110579,-6.6667E-02, 7.3333E-01, 1.3333E+00,
10:59:24.72110584, 6.6667E-02, 6.6667E-01, 1.4667E+00,
10:59:24.72110589, 0.0000E+00, 7.3333E-01, 1.7333E+00,
10:59:24.72110594, 3.3333E-02, 7.3333E-01, 1.4667E+00,
10:59:24.72110599,-3.3333E-02, 8.6667E-01, 1.4667E+00,
10:59:24.72110604, 3.3333E-02, 8.6667E-01, 1.3333E+00,
10:59:24.72110609, 3.3333E-02, 8.0000E-01, 1.3333E+00,
10:59:24.72110614, 3.3333E-02, 7.3333E-01, 1.4667E+00,
10:59:24.72110619, 0.0000E+00, 8.0000E-01, 1.6000E+00,
10:59:24.72110624, 3.3333E-02, 7.3333E-01, 1.4667E+00,
10:59:24.72110629, 0.0000E+00, 6.6667E-01, 1.3333E+00,
10:59:24.72110634, 0.0000E+00, 6.6667E-01, 1.6000E+00,
10:59:24.72110639, 0.0000E+00, 8.6667E-01, 1.6000E+00,
10:59:24.72110644, 0.0000E+00, 7.3333E-01, 1.6000E+00,
10:59:24.72110649,-3.3333E-02, 9.3333E-01, 1.6000E+00,
10:59:24.72110654, 0.0000E+00, 6.6667E-01, 1.3333E+00,
10:59:24.72110659, 1.0000E-01, 7.3333E-01, 1.3333E+00,
10:59:24.72110664, 6.6667E-02, 8.6667E-01, 1.7333E+00,
10:59:24.72110669, 3.3333E-02, 8.0000E-01, 1.4667E+00,
10:59:24.72110674, 6.6667E-02, 8.6667E-01, 1.6000E+00,
10:59:24.72110679, 3.3333E-02, 8.0000E-01, 1.6000E+00,
10:59:24.72110684, 1.0000E-01, 7.3333E-01, 1.7333E+00,
10:59:24.72110689, 3.3333E-02, 8.0000E-01, 1.4667E+00,
10:59:24.72110694, 0.0000E+00, 7.3333E-01, 1.8667E+00,
10:59:24.72110699, 3.3333E-02, 8.6667E-01, 1.4667E+00,
10:59:24.72110704, 1.0000E-01, 8.0000E-01, 1.6000E+00,
10:59:24.72110709, 0.0000E+00, 7.3333E-01, 1.6000E+00,
10:59:24.72110714, 6.6667E-02, 6.6667E-01, 1.6000E+00,
10:59:24.72110719, 0.0000E+00, 6.6667E-01, 1.6000E+00,
10:59:24.72110724,-6.6667E-02, 8.6667E-01, 1.6000E+00,
10:59:24.72110729, 0.0000E+00, 8.0000E-01, 1.8667E+00,
10:59:24.72110734, 0.0000E+00, 7.3333E-01, 1.7333E+00,
10:59:24.72110739, 6.6667E-02, 8.0000E-01, 1.6000E+00,
10:59:24.72110744, 6.6667E-02, 8.6667E-01, 1.6000E+00,
10:59:24.72110749, 6.6667E-02, 7.3333E-01, 1.6000E+00,
10:59:24.72110754, 1.0000E-01, 8.0000E-01, 1.4667E+00,
10:59:24.72110759, 3.3333E-02, 8.0000E-01, 1.8667E+00,
10:59:24.72110764, 6.6667E-02, 8.6667E-01, 1.7333E+00,
10:59:24.72110769, 0.0000E+00, 7.3333E-01, 1.6000E+00,
10:59:24.72110774, 3.3333E-02, 7.3333E-01, 1.3333E+00,
10:59:24.72110779, 3.3333E-02, 8.0000E-01, 1.6000E+00,
10:59:24.72110784, 0.0000E+00, 8.6667E-01, 1.3333E+00,
10:59:24.72110789, 0.0000E+00, 8.6667E-01, 1.8667E+00,
10:59:24.72110794, 3.3333E-02, 8.6667E-01, 1.8667E+00,
10:59:24.72110799, 6.6667E-02, 8.0000E-01, 1.4667E+00,
10:59:24.72110804, 3.3333E-02, 7.3333E-01, 1.7333E+00,
10:59:24.72110809, 3.3333E-02, 8.0000E-01, 1.3333E+00,
10:59:24.72110814, 6.6667E-02, 7.3333E-01, 1.6000E+00,
10:59:24.72110819, 3.3333E-02, 7.3333E-01, 1.4667E+00,
10:59:24.72110824, 6.6667E-02, 8.0000E-01, 1.8667E+00,
10:59:24.72110829, 0.0000E+00, 8.0000E-01, 1.4667E+00,
10:59:24.72110834, 6.6667E-02, 8.6667E-01, 1.8667E+00,
10:59:24.72110839, 0.0000E+00, 8.0000E-01, 1.7333E+00,
10:59:24.72110844, 1.3333E-01, 8.6667E-01, 2.0000E+00,
10:59:24.72110849, 3.3333E-02, 6.6667E-01, 1.4667E+00,
10:59:24.72110854, 6.6667E-02, 7.3333E-01, 1.7333E+00,
10:59:24.72110859, 0.0000E+00, 8.0000E-01, 1.7333E+00,
10:59:24.72110864, 6.6667E-02, 6.0000E-01, 2.0000E+00,
10:59:24.72110869,-3.3333E-02, 7.3333E-01, 1.8667E+00,
10:59:24.72110874, 3.3333E-02, 6.6667E-01, 1.8667E+00,
10:59:24.72110879, 0.0000E+00, 8.6667E-01, 1.7333E+00,
10:59:24.72110884,-3.3333E-02, 8.0000E-01, 1.8667E+00,
10:59:24.72110889, 3.3333E-02, 8.0000E-01, 1.8667E+00,
10:59:24.72110894, 3.3333E-02, 7.3333E-01, 2.0000E+00,
10:59:24.72110899, 3.3333E-02, 6.6667E-01, 1.7333E+00,
10:59:24.72110904, 6.6667E-02, 8.0000E-01, 1.6000E+00,
10:59:24.72110909, 0.0000E+00, 7.3333E-01, 1.4667E+00,
10:59:24.72110914, 3.3333E-02, 8.0000E-01, 1.6000E+00,
10:59:24.72110919, 3.3333E-02, 8.6667E-01, 1.7333E+00,
10:59:24.72110924, 6.6667E-02, 8.6667E-01, 1.8667E+00,
10:59:24.72110929, 3.3333E-02, 8.0000E-01, 1.8667E+00,
10:59:24.72110934, 0.0000E+00, 8.0000E-01, 1.7333E+00,
10:59:24.72110939, 0.0000E+00, 6.6667E-01, 2.0000E+00,
10:59:24.72110944, 3.3333E-02, 9.3333E-01, 1.7333E+00,
10:59:24.72110949, 1.0000E-01, 7.3333E-01, 1.8667E+00,
10:59:24.72110954, 1.0000E-01, 8.6667E-01, 1.6000E+00,
10:59:24.72110959, 0.0000E+00, 8.0000E-01, 1.7333E+00,
10:59:24.72110964,-3.3333E-02, 6.6667E-01, 1.6000E+00,
10:59:24.72110969,-3.3333E-02, 8.6667E-01, 1.6000E+00,
10:59:24.72110974, 6.6667E-02, 7.3333E-01, 1.7333E+00,
10:59:24.72110979, 0.0000E+00, 8.0000E-01, 1.8667E+00,
10:59:24.72110984, 3.3333E-02, 8.6667E-01, 1.8667E+00,
10:59:24.72110989, 0.0000E+00, 8.6667E-01, 1.7333E+00,
10:59:24.72110994, 0.0000E+00, 8.6667E-01, 1.6000E+00,
10:59:24.72110999, 3.3333E-02, 8.6667E-01, 1.3333E+00,
10:59:24.72111004, 3.3333E-02, 8.0000E-01, 1.8667E+00,
10:59:24.72111009, 6.6667E-02, 7.3333E-01, 1.8667E+00,
10:59:24.72111014, 0.0000E+00, 8.6667E-01, 1.4667E+00,
10:59:24.72111019, 6.6667E-02, 9.3333E-01, 1.6000E+00,
10:59:24.72111024, 6.6667E-02, 8.6667E-01, 1.8667E+00,
10:59:24.72111029, 0.0000E+00, 8.0000E-01, 1.7333E+00,
10:59:24.72111034, 3.3333E-02, 6.6667E-01, 2.0000E+00,
10:59:24.72111039, 1.3333E-01, 8.0000E-01, 1.7333E+00,
10:59:24.72111044, 1.0000E-01, 8.0000E-01, 1.8667E+00,
10:59:24.72111049, 0.0000E+00, 6.6667E-01, 2.0000E+00,
10:59:24.72111054,-3.3333E-02, 7.3333E-01, 1.6000E+00,
10:59:24.72111059,-3.3333E-02, 8.6667E-01, 1.6000E+00,
10:59:24.72111064, 0.0000E+00, 8.0000E-01, 1.7333E+00,
10:59:24.72111069, 0.0000E+00, 8.6667E-01, 1.4667E+00,
10:59:24.72111074, 6.6667E-02, 8.6667E-01, 1.6000E+00,
10:59:24.72111079, 3.3333E-02, 8.6667E-01, 1.6000E+00,
10:59:24.72111084, 6.6667E-02, 8.0000E-01, 1.4667E+00,
10:59:24.72111089, 3.3333E-02, 8.0000E-01, 1.7333E+00,
10:59:24.72111094, 6.6667E-02, 8.0000E-01, 1.4667E+00,
10:59:24.72111099,-3.3333E-02, 8.0000E-01, 1.8667E+00,
10:59:24.72111104, 3.3333E-02, 8.0000E-01, 1.8667E+00,
10:59:24.72111109,-3.3333E-02, 9.3333E-01, 1.4667E+00,
10:59:24.72111114, 0.0000E+00, 6.6667E-01, 1.8667E+00,
10:59:24.72111119, 0.0000E+00, 7.3333E-01, 1.6000E+00,
10:59:24.72111124, 3.3333E-02, 8.6667E-01, 1.7333E+00,
10:59:24.72111129, 3.3333E-02, 8.0000E-01, 1.7333E+00,
10:59:24.72111134, 6.6667E-02, 8.0000E-01, 1.3333E+00,
10:59:24.72111139, 0.0000E+00, 8.0000E-01, 1.4667E+00,
10:59:24.72111144, 3.3333E-02, 9.3333E-01, 1.6000E+00,
10:59:24.72111149, 6.6667E-02, 8.0000E-01, 1.6000E+00,
10:59:24.72111154, 0.0000E+00, 8.0000E-01, 1.7333E+00,
10:59:24.72111159, 0.0000E+00, 8.0000E-01, 1.4667E+00,
10:59:24.72111164, 3.3333E-02, 1.0000E+00, 1.7333E+00,
10:59:24.72111169, 3.3333E-02, 7.3333E-01, 1.7333E+00,
10:59:24.72111174, 0.0000E+00, 8.6667E-01, 1.3333E+00,
10:59:24.72111179, 1.0000E-01, 8.6667E-01, 1.6000E+00,
10:59:24.72111184, 0.0000E+00, 8.0000E-01, 1.8667E+00,
10:59:24.72111189, 6.6667E-02, 8.0000E-01, 1.7333E+00,
10:59:24.72111194, 3.3333E-02, 8.6667E-01, 1.2000E+00,
10:59:24.72111199, 3.3333E-02, 8.0000E-01, 1.2000E+00,
10:59:24.72111204, 3.3333E-02, 9.3333E-01, 1.7333E+00,
10:59:24.72111209, 3.3333E-02, 8.6667E-01, 1.7333E+00,
10:59:24.72111214,-3.3333E-02, 9.3333E-01, 1.3333E+00,
10:59:24.72111219, 1.0000E-01, 8.6667E-01, 1.7333E+00,
10:59:24.72111224, 3.3333E-02, 8.0000E-01, 1.7333E+00,
10:59:24.72111229, 6.6667E-02, 8.6667E-01, 1.6000E+00,
10:59:24.72111234,-3.3333E-02, 8.0000E-01, 1.6000E+00,
10:59:24.72111239, 3.3333E-02, 7.3333E-01, 1.6000E+00,
10:59:24.72111244, 3.3333E-02, 7.3333E-01, 1.6000E+00,
10:59:24.72111249, 6.6667E-02, 8.6667E-01, 1.8667E+00,
10:59:24.72111254,-3.3333E-02, 8.0000E-01, 1.4667E+00,
10:59:24.72111259, 6.6667E-02, 6.6667E-01, 1.6000E+00,
10:59:24.72111264, 0.0000E+00, 8.0000E-01, 1.4667E+00,
10:59:24.72111269, 6.6667E-02, 8.0000E-01, 1.6000E+00,
10:59:24.72111274, 3.3333E-02, 7.3333E-01, 1.6000E+00,
10:59:24.72111279, 6.6667E-02, 6.0000E-01, 1.4667E+00,
10:59:24.72111284, 6.6667E-02, 8.6667E-01, 1.6000E+00,
10:59:24.72111289, 0.0000E+00, 7.3333E-01, 1.0667E+00,
10:59:24.72111294, 0.0000E+00, 8.6667E-01, 1.6000E+00,
10:59:24.72111299,-3.3333E-02, 6.6667E-01, 1.6000E+00,
10:59:24.72111304, 0.0000E+00, 8.0000E-01, 1.6000E+00,
10:59:24.72111309, 6.6667E-02, 8.6667E-01, 1.8667E+00,
10:59:24.72111314, 3.3333E-02, 6.6667E-01, 1.7333E+00,
10:59:24.72111319, 3.3333E-02, 8.0000E-01, 1.7333E+00,
10:59:24.72111324, 6.6667E-02, 8.6667E-01, 1.6000E+00,
10:59:24.72111329, 6.6667E-02, 8.6667E-01, 1.6000E+00,
10:59:24.72111334, 3.3333E-02, 8.6667E-01, 1.3333E+00,
10:59:24.72111339, 6.6667E-02, 8.0000E-01, 1.4667E+00,
10:59:24.72111344, 3.3333E-02, 6.6667E-01, 1.2000E+00,
10:59:24.72111349, 3.3333E-02, 6.6667E-01, 1.4667E+00,
10:59:24.72111354, 0.0000E+00, 8.6667E-01, 1.4667E+00,
10:59:24.72111359, 3.3333E-02, 7.3333E-01, 1.4667E+00,
10:59:24.72111364, 3.3333E-02, 7.3333E-01, 1.7333E+00,
10:59:24.72111369, 1.0000E-01, 8.6667E-01, 1.6000E+00,
10:59:24.72111374, 3.3333E-02, 8.0000E-01, 1.4667E+00,
10:59:24.72111379, 1.0000E-01, 8.0000E-01, 1.6000E+00,
10:59:24.72111384, 1.0000E-01, 8.0000E-01, 1.2000E+00,
10:59:24.72111389, 3.3333E-02, 8.0000E-01, 1.3333E+00,
10:59:24.72111394, 0.0000E+00, 7.3333E-01, 1.3333E+00,
10:59:24.72111399, 3.3333E-02, 8.6667E-01, 1.4667E+00,
10:59:24.72111404, 0.0000E+00, 7.3333E-01, 1.3333E+00,
10:59:24.72111409, 6.6667E-02, 8.0000E-01, 1.0667E+00,
10:59:24.72111414, 0.0000E+00, 8.0000E-01, 1.3333E+00,
10:59:24.72111419, 3.3333E-02, 8.0000E-01, 1.4667E+00,
10:59:24.72111424, 1.0000E-01, 6.6667E-01, 1.7333E+00,
10:59:24.72111429, 3.3333E-02, 8.0000E-01, 1.4667E+00,
10:59:24.72111434, 3.3333E-02, 8.0000E-01, 1.4667E+00,
10:59:24.72111439, 3.3333E-02, 1.0000E+00, 1.6000E+00,
10:59:24.72111444,-6.6667E-02, 8.0000E-01, 1.4667E+00,
10:59:24.72111449, 6.6667E-02, 8.6667E-01, 1.7333E+00,
10:59:24.72111454, 1.0000E-01, 7.3333E-01, 1.4667E+00,
10:59:24.72111459, 3.3333E-02, 7.3333E-01, 1.6000E+00,
10:59:24.72111464, 3.3333E-02, 9.3333E-01, 1.4667E+00,
10:59:24.72111469, 3.3333E-02, 8.6667E-01, 1.3333E+00,
10:59:24.72111474, 1.0000E-01, 8.0000E-01, 1.2000E+00,
10:59:24.72111479, 0.0000E+00, 8.6667E-01, 1.3333E+00,
10:59:24.72111484, 0.0000E+00, 8.0000E-01, 1.2000E+00,
10:59:24.72111489, 0.0000E+00, 8.0000E-01, 1.7333E+00,
10:59:24.72111494, 6.6667E-02, 9.3333E-01, 1.3333E+00,
10:59:24.72111499, 6.6667E-02, 7.3333E-01, 1.3333E+00,
10:59:24.72111504, 1.0000E-01, 6.6667E-01, 1.6000E+00,
10:59:24.72111509, 0.0000E+00, 6.6667E-01, 1.2000E+00,
10:59:24.72111514, 0.0000E+00, 7.3333E-01, 1.3333E+00,
10:59:24.72111519, 3.3333E-02, 8.0000E-01, 1.2000E+00,
10:59:24.72111524, 3.3333E-02, 8.6667E-01, 1.6000E+00,
10:59:24.72111529, 6.6667E-02, 6.6667E-01, 1.4667E+00,
10:59:24.72111534, 3.3333E-02, 8.0000E-01, 1.2000E+00,
10:59:24.72111539, 6.6667E-02, 8.6667E-01, 1.0667E+00,
10:59:24.72111544, 6.6667E-02, 8.6667E-01, 1.4667E+00,
10:59:24.72111549,-3.3333E-02, 9.3333E-01, 1.4667E+00,
10:59:24.72111554, 3.3333E-02, 8.0000E-01, 1.2000E+00,
10:59:24.72111559,-3.3333E-02, 8.0000E-01, 1.0667E+00,
10:59:24.72111564, 0.0000E+00, 8.0000E-01, 1.0667E+00,
10:59:24.72111569, 1.0000E-01, 8.0000E-01, 1.2000E+00,
10:59:24.72111574, 6.6667E-02, 9.3333E-01, 1.3333E+00,
10:59:24.72111579, 6.6667E-02, 8.6667E-01, 1.3333E+00,
10:59:24.72111584, 1.0000E-01, 9.3333E-01, 1.4667E+00,
10:59:24.72111589, 6.6667E-02, 8.6667E-01, 1.2000E+00,
10:59:24.72111594, 6.6667E-02, 7.3333E-01, 1.3333E+00,
10:59:24.72111599, 6.6667E-02, 8.0000E-01, 1.2000E+00,
10:59:24.72111604, 6.6667E-02, 8.6667E-01, 1.0667E+00,
10:59:24.72111609, 3.3333E-02, 6.6667E-01, 1.3333E+00,
10:59:24.72111614, 3.3333E-02, 8.0000E-01, 1.3333E+00,
10:59:24.72111619, 6.6667E-02, 8.0000E-01, 1.0667E+00,
10:59:24.72111624, 3.3333E-02, 9.3333E-01, 1.2000E+00,
10:59:24.72111629, 3.3333E-02, 8.6667E-01, 9.3333E-01,
10:59:24.72111634, 3.3333E-02, 8.6667E-01, 1.0667E+00,
10:59:24.72111639,-3.3333E-02, 8.0000E-01, 1.2000E+00,
10:59:24.72111644, 3.3333E-02, 6.6667E-01, 1.3333E+00,
10:59:24.72111649, 0.0000E+00, 9.3333E-01, 1.2000E+00,
10:59:24.72111654, 1.0000E-01, 8.0000E-01, 1.3333E+00,
10:59:24.72111659, 6.6667E-02, 6.6667E-01, 1.2000E+00,
10:59:24.72111664, 1.0000E-01, 8.6667E-01, 1.2000E+00,
10:59:24.72111669, 3.3333E-02, 7.3333E-01, 1.2000E+00,
10:59:24.72111674, 0.0000E+00, 7.3333E-01, 9.3333E-01,
10:59:24.72111679, 1.0000E-01, 8.0000E-01, 1.2000E+00,
10:59:24.72111684, 0.0000E+00, 8.0000E-01, 1.0667E+00,
10:59:24.72111689,-6.6667E-02, 8.0000E-01, 9.3333E-01,
10:59:24.72111694, 0.0000E+00, 8.0000E-01, 1.3333E+00,
10:59:24.72111699,-3.3333E-02, 8.0000E-01, 1.2000E+00,
10:59:24.72111704, 6.6667E-02, 8.0000E-01, 1.4667E+00,
10:59:24.72111709, 3.3333E-02, 9.3333E-01, 1.0667E+00,
10:59:24.72111714, 3.3333E-02, 8.6667E-01, 1.3333E+00,
10:59:24.72111719, 6.6667E-02, 8.6667E-01, 1.2000E+00,
10:59:24.72111724, 0.0000E+00, 8.0000E-01, 1.2000E+00,
10:59:24.72111729, 0.0000E+00, 8.0000E-01, 1.0667E+00,
10:59:24.72111734, 3.3333E-02, 7.3333E-01, 1.6000E+00,
10:59:24.72111739, 0.0000E+00, 8.6667E-01, 1.3333E+00,
10:59:24.72111744, 6.6667E-02, 6.6667E-01, 9.3333E-01,
10:59:24.72111749, 1.0000E-01, 7.3333E-01, 1.0667E+00,
10:59:24.72111754, 3.3333E-02, 7.3333E-01, 9.3333E-01,
10:59:24.72111759, 0.0000E+00, 8.6667E-01, 1.4667E+00,
10:59:24.72111764, 6.6667E-02, 8.0000E-01, 1.2000E+00,
10:59:24.72111769, 1.3333E-01, 7.3333E-01, 9.3333E-01,
10:59:24.72111774, 1.0000E-01, 6.6667E-01, 1.3333E+00,
10:59:24.72111779, 3.3333E-02, 7.3333E-01, 1.3333E+00,
10:59:24.72111784, 3.3333E-02, 8.0000E-01, 1.3333E+00,
10:59:24.72111789, 0.0000E+00, 8.0000E-01, 1.3333E+00,
10:59:24.72111794, 6.6667E-02, 7.3333E-01, 6.6667E-01,
10:59:24.72111799, 0.0000E+00, 8.0000E-01, 1.0667E+00,
10:59:24.72111804, 6.6667E-02, 8.6667E-01, 1.2000E+00,
10:59:24.72111809, 0.0000E+00, 8.0000E-01, 1.2000E+00,
10:59:24.72111814, 0.0000E+00, 8.6667E-01, 1.0667E+00,
10:59:24.72111819,-3.3333E-02, 9.3333E-01, 8.0000E-01,
10:59:24.72111824, 0.0000E+00, 9.3333E-01, 1.0667E+00,
10:59:24.72111829, 3.3333E-02, 8.6667E-01, 6.6667E-01,
10:59:24.72111834, 0.0000E+00, 8.0000E-01, 8.0000E-01,
10:59:24.72111839, 6.6667E-02, 8.0000E-01, 1.2000E+00,
10:59:24.72111844, 0.0000E+00, 8.0000E-01, 1.2000E+00,
10:59:24.72111849, 3.3333E-02, 8.0000E-01, 1.2000E+00,
10:59:24.72111854, 6.6667E-02, 9.3333E-01, 9.3333E-01,
10:59:24.72111859, 6.6667E-02, 7.3333E-01, 1.0667E+00,
10:59:24.72111864, 3.3333E-02, 8.0000E-01, 9.3333E-01,
10:59:24.72111869, 6.6667E-02, 8.6667E-01, 1.0667E+00,
10:59:24.72111874, 6.6667E-02, 6.6667E-01, 9.3333E-01,
10:59:24.72111879, 3.3333E-02, 8.6667E-01, 8.0000E-01,
10:59:24.72111884, 6.6667E-02, 8.6667E-01, 1.0667E+00,
10:59:24.72111889,-3.3333E-02, 8.0000E-01, 8.0000E-01,
10:59:24.72111894, 3.3333E-02, 7.3333E-01, 1.0667E+00,
10:59:24.72111899, 0.0000E+00, 6.6667E-01, 8.0000E-01,
10:59:24.72111904, 1.0000E-01, 8.0000E-01, 1.2000E+00,
10:59:24.72111909,-3.3333E-02, 8.6667E-01, 1.0667E+00,
10:59:24.72111914, 6.6667E-02, 8.6667E-01, 9.3333E-01,
10:59:24.72111919, 3.3333E-02, 8.6667E-01, 9.3333E-01,
10:59:24.72111924, 0.0000E+00, 7.3333E-01, 9.3333E-01,
10:59:24.72111929,-6.6667E-02, 7.3333E-01, 8.0000E-01,
10:59:24.72111934, 6.6667E-02, 7.3333E-01, 9.3333E-01,
10:59:24.72111939, 3.3333E-02, 6.6667E-01, 1.0667E+00,
10:59:24.72111944, 1.3333E-01, 9.3333E-01, 8.0000E-01,
10:59:24.72111949,-3.3333E-02, 7.3333E-01, 9.3333E-01,
10:59:24.72111954, 1.0000E-01, 8.0000E-01, 1.0667E+00,
10:59:24.72111959, 3.3333E-02, 6.0000E-01, 6.6667E-01,
10:59:24.72111964, 6.6667E-02, 7.3333E-01, 9.3333E-01,
10:59:24.72111969, 3.3333E-02, 8.6667E-01, 6.6667E-01,
10:59:24.72111974, 3.3333E-02, 8.0000E-01, 8.0000E-01,
10:59:24.72111979, 0.0000E+00, 9.3333E-01, 9.3333E-01,
10:59:24.72111984, 0.0000E+00, 8.6667E-01, 6.6667E-01,
10:59:24.72111989, 1.0000E-01, 9.3333E-01, 6.6667E-01,
10:59:24.72111994, 3.3333E-02, 8.6667E-01, 9.3333E-01,
10:59:24.72111999, 6.6667E-02, 6.6667E-01, 8.0000E-01,
10:59:24.72112004, 0.0000E+00, 8.0000E-01, 8.0000E-01,
10:59:24.72112009, 1.0000E-01, 8.0000E-01, 9.3333E-01,
10:59:24.72112014, 3.3333E-02, 9.3333E-01, 9.3333E-01,
10:59:24.72112019, 0.0000E+00, 9.3333E-01, 6.6667E-01,
10:59:24.72112024,-3.3333E-02, 8.6667E-01, 5.3333E-01,
10:59:24.72112029, 6.6667E-02, 1.0000E+00, 8.0000E-01,
10:59:24.72112034,-3.3333E-02, 8.0000E-01, 1.0667E+00,
10:59:24.72112039, 3.3333E-02, 8.0000E-01, 6.6667E-01,
10:59:24.72112044, 0.0000E+00, 6.6667E-01, 8.0000E-01,
10:59:24.72112049, 3.3333E-02, 8.0000E-01, 1.2000E+00,
10:59:24.72112054, 1.0000E-01, 8.0000E-01, 9.3333E-01,
10:59:24.72112059, 3.3333E-02, 7.3333E-01, 6.6667E-01,
10:59:24.72112064, 1.0000E-01, 8.0000E-01, 6.6667E-01,
10:59:24.72112069, 6.6667E-02, 6.6667E-01, 6.6667E-01,
10:59:24.72112074, 1.0000E-01, 8.0000E-01, 6.6667E-01,
10:59:24.72112079, 6.6667E-02, 8.0000E-01, 6.6667E-01,
10:59:24.72112084, 0.0000E+00, 7.3333E-01, 8.0000E-01,
10:59:24.72112089, 6.6667E-02, 6.6667E-01, 8.0000E-01,
10:59:24.72112094, 0.0000E+00, 8.0000E-01, 8.0000E-01,
10:59:24.72112099, 3.3333E-02, 9.3333E-01, 8.0000E-01,
10:59:24.72112104, 0.0000E+00, 7.3333E-01, 8.0000E-01,
10:59:24.72112109, 3.3333E-02, 8.0000E-01, 5.3333E-01,
10:59:24.72112114,-3.3333E-02, 8.0000E-01, 6.6667E-01,
10:59:24.72112119, 0.0000E+00, 7.3333E-01, 9.3333E-01,
10:59:24.72112124, 6.6667E-02, 6.6667E-01, 6.6667E-01,
10:59:24.72112129, 0.0000E+00, 8.6667E-01, 6.6667E-01,
10:59:24.72112134, 3.3333E-02, 8.0000E-01, 2.6667E-01,
10:59:24.72112139, 6.6667E-02, 8.0000E-01, 6.6667E-01,
10:59:24.72112144, 0.0000E+00, 9.3333E-01, 8.0000E-01,
10:59:24.72112149, 6.6667E-02, 8.0000E-01, 9.3333E-01,
10:59:24.72112154, 6.6667E-02, 8.6667E-01, 6.6667E-01,
10:59:24.72112159, 1.3333E-01, 7.3333E-01, 5.3333E-01,
10:59:24.72112164, 3.3333E-02, 6.6667E-01, 8.0000E-01,
10:59:24.72112169,-3.3333E-02, 8.0000E-01, 5.3333E-01,
10:59:24.72112174, 6.6667E-02, 8.6667E-01, 6.6667E-01,
10:59:24.72112179, 3.3333E-02, 6.6667E-01, 6.6667E-01,
10:59:24.72112184, 3.3333E-02, 9.3333E-01, 8.0000E-01,
10:59:24.72112189, 1.3333E-01, 8.6667E-01, 8.0000E-01,
10:59:24.72112194, 0.0000E+00, 8.0000E-01, 5.3333E-01,
10:59:24.72112199, 3.3333E-02, 8.0000E-01, 6.6667E-01,
10:59:24.72112204, 0.0000E+00, 8.0000E-01, 9.3333E-01,
10:59:24.72112209, 3.3333E-02, 8.6667E-01, 6.6667E-01,
10:59:24.72112214,-3.3333E-02, 6.6667E-01, 6.6667E-01,
10:59:24.72112219, 3.3333E-02, 8.0000E-01, 6.6667E-01,
10:59:24.72112224,-6.6667E-02, 8.0000E-01, 5.3333E-01,
10:59:24.72112229, 3.3333E-02, 8.0000E-01, 9.3333E-01,
10:59:24.72112234, 3.3333E-02, 9.3333E-01, 6.6667E-01,
10:59:24.72112239, 0.0000E+00, 8.0000E-01, 9.3333E-01,
10:59:24.72112244, 6.6667E-02, 8.6667E-01, 9.3333E-01,
10:59:24.72112249,-3.3333E-02, 8.6667E-01, 1.0667E+00,
10:59:24.72112254, 6.6667E-02, 6.6667E-01, 5.3333E-01,
10:59:24.72112259, 0.0000E+00, 8.6667E-01, 6.6667E-01,
10:59:24.72112264, 3.3333E-02, 9.3333E-01, 6.6667E-01,
10:59:24.72112269, 3.3333E-02, 8.0000E-01, 6.6667E-01,
10:59:24.72112274, 0.0000E+00, 8.0000E-01, 5.3333E-01,
10:59:24.72112279,-6.6667E-02, 8.0000E-01, 6.6667E-01,
10:59:24.72112284, 6.6667E-02, 7.3333E-01, 9.3333E-01,
10:59:24.72112289, 6.6667E-02, 8.0000E-01, 8.0000E-01,
10:59:24.72112294, 3.3333E-02, 8.6667E-01, 6.6667E-01,
10:59:24.72112299, 6.6667E-02, 8.6667E-01, 6.6667E-01,
10:59:24.72112304, 0.0000E+00, 8.0000E-01, 6.6667E-01,
10:59:24.72112309, 3.3333E-02, 8.6667E-01, 6.6667E-01,
10:59:24.72112314, 0.0000E+00, 8.6667E-01, 5.3333E-01,
10:59:24.72112319, 6.6667E-02, 8.6667E-01, 6.6667E-01,
10:59:24.72112324, 3.3333E-02, 8.0000E-01, 6.6667E-01,
10:59:24.72112329, 0.0000E+00, 8.6667E-01, 6.6667E-01,
10:59:24.72112334, 1.0000E-01, 8.0000E-01, 6.6667E-01,
10:59:24.72112339, 3.3333E-02, 6.0000E-01, 6.6667E-01,
10:59:24.72112344, 3.3333E-02, 8.0000E-01, 6.6667E-01,
10:59:24.72112349, 3.3333E-02, 6.6667E-01, 6.6667E-01,
10:59:24.72112354,-3.3333E-02, 1.0000E+00, 8.0000E-01,
10:59:24.72112359, 0.0000E+00, 8.0000E-01, 6.6667E-01,
10:59:24.72112364, 1.0000E-01, 9.3333E-01, 6.6667E-01,
10:59:24.72112369, 6.6667E-02, 8.6667E-01, 6.6667E-01,
10:59:24.72112374, 3.3333E-02, 7.3333E-01, 6.6667E-01,
10:59:24.72112379, 3.3333E-02, 8.0000E-01, 5.3333E-01,
10:59:24.72112384, 3.3333E-02, 7.3333E-01, 8.0000E-01,
10:59:24.72112389, 6.6667E-02, 8.0000E-01, 8.0000E-01,
10:59:24.72112394, 3.3333E-02, 8.0000E-01, 6.6667E-01,
10:59:24.72112399,-3.3333E-02, 8.6667E-01, 6.6667E-01,
10:59:24.72112404, 3.3333E-02, 7.3333E-01, 6.6667E-01,
10:59:24.72112409, 0.0000E+00, 8.0000E-01, 6.6667E-01,
10:59:24.72112414, 3.3333E-02, 8.0000E-01, 5.3333E-01,
10:59:24.72112419, 3.3333E-02, 1.0000E+00, 6.6667E-01,
10:59:24.72112424, 0.0000E+00, 9.3333E-01, 6.6667E-01,
10:59:24.72112429, 3.3333E-02, 8.6667E-01, 8.0000E-01,
10:59:24.72112434, 3.3333E-02, 8.0000E-01, 8.0000E-01,
10:59:24.72112439, 0.0000E+00, 8.0000E-01, 8.0000E-01,
10:59:24.72112444, 6.6667E-02, 8.0000E-01, 6.6667E-01,
10:59:24.72112449, 3.3333E-02, 6.6667E-01, 6.6667E-01,
10:59:24.72112454, 6.6667E-02, 8.0000E-01, 6.6667E-01,
10:59:24.72112459, 3.3333E-02, 8.0000E-01, 5.3333E-01,
10:59:24.72112464, 3.3333E-02, 8.6667E-01, 6.6667E-01,
10:59:24.72112469, 6.6667E-02, 8.0000E-01, 6.6667E-01,
10:59:24.72112474, 1.0000E-01, 7.3333E-01, 8.0000E-01,
10:59:24.72112479, 3.3333E-02, 9.3333E-01, 8.0000E-01,
10:59:24.72112484, 0.0000E+00, 8.0000E-01, 9.3333E-01,
10:59:24.72112489, 6.6667E-02, 7.3333E-01, 9.3333E-01,
10:59:24.72112494, 3.3333E-02, 8.0000E-01, 8.0000E-01,
10:59:24.72112499,-3.3333E-02, 8.6667E-01, 1.0667E+00,
10:59:24.72112504, 0.0000E+00, 6.6667E-01, 8.0000E-01,
10:59:24.72112509, 0.0000E+00, 8.6667E-01, 9.3333E-01,
10:59:24.72112514, 0.0000E+00, 8.6667E-01, 2.6667E-01,
10:59:24.72112519, 6.6667E-02, 7.3333E-01, 6.6667E-01,
10:59:24.72112524, 0.0000E+00, 6.6667E-01, 8.0000E-01,
10:59:24.72112529, 0.0000E+00, 7.3333E-01, 6.6667E-01,
10:59:24.72112534, 6.6667E-02, 6.6667E-01, 8.0000E-01,
10:59:24.72112539, 3.3333E-02, 8.6667E-01, 8.0000E-01,
10:59:24.72112544, 0.0000E+00, 8.6667E-01, 6.6667E-01,
10:59:24.72112549,-6.6667E-02, 7.3333E-01, 6.6667E-01,
10:59:24.72112554, 0.0000E+00, 9.3333E-01, 6.6667E-01,
10:59:24.72112559, 6.6667E-02, 7.3333E-01, 8.0000E-01,
10:59:24.72112564, 3.3333E-02, 7.3333E-01, 8.0000E-01,
10:59:24.72112569, 0.0000E+00, 7.3333E-01, 9.3333E-01,
10:59:24.72112574, 1.6667E-01, 9.3333E-01, 8.0000E-01,
10:59:24.72112579, 3.3333E-02, 8.0000E-01, 6.6667E-01,
10:59:24.72112584, 6.6667E-02, 7.3333E-01, 8.0000E-01,
10:59:24.72112589, 6.6667E-02, 8.0000E-01, 6.6667E-01,
10:59:24.72112594,-3.3333E-02, 1.0000E+00, 6.6667E-01,
10:59:24.72112599, 3.3333E-02, 8.6667E-01, 9.3333E-01,
10:59:24.72112604, 0.0000E+00, 8.6667E-01, 6.6667E-01,
10:59:24.72112609,-3.3333E-02, 9.3333E-01, 8.0000E-01,
10:59:24.72112614, 3.3333E-02, 7.3333E-01, 6.6667E-01,
10:59:24.72112619, 0.0000E+00, 5.3333E-01, 8.0000E-01,
10:59:24.72112624, 0.0000E+00, 7.3333E-01, 6.6667E-01,
10:59:24.72112629, 6.6667E-02, 8.6667E-01, 9.3333E-01,
10:59:24.72112634, 0.0000E+00, 8.0000E-01, 6.6667E-01,
10:59:24.72112639, 3.3333E-02, 7.3333E-01, 6.6667E-01,
10:59:24.72112644, 3.3333E-02, 8.6667E-01, 6.6667E-01,
10:59:24.72112649, 6.6667E-02, 7.3333E-01, 9.3333E-01,
10:59:24.72112654, 1.3333E-01, 8.0000E-01, 6.6667E-01,
10:59:24.72112659, 6.6667E-02, 8.6667E-01, 6.6667E-01,
10:59:24.72112664, 3.3333E-02, 8.6667E-01, 5.3333E-01,
10:59:24.72112669,-6.6667E-02, 8.0000E-01, 8.0000E-01,
10:59:24.72112674, 6.6667E-02, 6.0000E-01, 8.0000E-01,
10:59:24.72112679, 3.3333E-02, 8.0000E-01, 6.6667E-01,
10:59:24.72112684, 0.0000E+00, 8.0000E-01, 1.0667E+00,
10:59:24.72112689, 3.3333E-02, 8.6667E-01, 8.0000E-01,
10:59:24.72112694, 3.3333E-02, 7.3333E-01, 8.0000E-01,
10:59:24.72112699, 3.3333E-02, 9.3333E-01, 6.6667E-01,
10:59:24.72112704, 1.0000E-01, 8.0000E-01, 9.3333E-01,
10:59:24.72112709, 3.3333E-02, 8.6667E-01, 6.6667E-01,
10:59:24.72112714, 0.0000E+00, 7.3333E-01, 6.6667E-01,
10:59:24.72112719, 6.6667E-02, 8.0000E-01, 6.6667E-01,
10:59:24.72112724, 3.3333E-02, 8.0000E-01, 6.6667E-01,
10:59:24.72112729, 3.3333E-02, 8.0000E-01, 6.6667E-01,
10:59:24.72112734, 0.0000E+00, 6.6667E-01, 9.3333E-01,
10:59:24.72112739,-6.6667E-02, 8.6667E-01, 8.0000E-01,
10:59:24.72112744, 6.6667E-02, 8.6667E-01, 8.0000E-01,
10:59:24.72112749, 0.0000E+00, 6.6667E-01, 5.3333E-01,
10:59:24.72112754, 3.3333E-02, 6.6667E-01, 8.0000E-01,
10:59:24.72112759, 0.0000E+00, 8.0000E-01, 6.6667E-01,
10:59:24.72112764, 6.6667E-02, 8.0000E-01, 8.0000E-01,
10:59:24.72112769, 6.6667E-02, 8.6667E-01, 8.0000E-01,
10:59:24.72112774,-3.3333E-02, 7.3333E-01, 8.0000E-01,
10:59:24.72112779, 3.3333E-02, 8.0000E-01, 8.0000E-01,
10:59:24.72112784, 6.6667E-02, 6.0000E-01, 8.0000E-01,
10:59:24.72112789,-3.3333E-02, 8.6667E-01, 9.3333E-01,
10:59:24.72112794, 0.0000E+00, 8.6667E-01, 6.6667E-01,
10:59:24.72112799, 0.0000E+00, 8.0000E-01, 6.6667E-01,
10:59:24.72112804, 3.3333E-02, 6.6667E-01, 5.3333E-01,
10:59:24.72112809, 6.6667E-02, 8.0000E-01, 9.3333E-01,
10:59:24.72112814, 6.6667E-02, 7.3333E-01, 6.6667E-01,
10:59:24.72112819, 6.6667E-02, 8.0000E-01, 6.6667E-01,
10:59:24.72112824, 0.0000E+00, 9.3333E-01, 6.6667E-01,
10:59:24.72112829,-6.6667E-02, 8.0000E-01, 9.3333E-01,
10:59:24.72112834, 3.3333E-02, 8.0000E-01, 8.0000E-01,
10:59:24.72112839, 0.0000E+00, 8.0000E-01, 6.6667E-01,
10:59:24.72112844, 6.6667E-02, 8.0000E-01, 8.0000E-01,
10:59:24.72112849, 6.6667E-02, 8.6667E-01, 6.6667E-01,
10:59:24.72112854, 0.0000E+00, 7.3333E-01, 8.0000E-01,
10:59:24.72112859, 0.0000E+00, 8.6667E-01, 8.0000E-01,
10:59:24.72112864, 3.3333E-02, 6.6667E-01, 6.6667E-01,
10:59:24.72112869, 0.0000E+00, 9.3333E-01, 6.6667E-01,
10:59:24.72112874, 3.3333E-02, 7.3333E-01, 9.3333E-01,
10:59:24.72112879, 1.0000E-01, 8.0000E-01, 1.0667E+00,
10:59:24.72112884, 0.0000E+00, 6.6667E-01, 4.0000E-01,
10:59:24.72112889, 0.0000E+00, 8.0000E-01, 8.0000E-01,
10:59:24.72112894, 0.0000E+00, 8.6667E-01, 6.6667E-01,
10:59:24.72112899, 3.3333E-02, 8.0000E-01, 5.3333E-01,
10:59:24.72112904, 6.6667E-02, 8.0000E-01, 1.0667E+00,
10:59:24.72112909, 3.3333E-02, 9.3333E-01, 6.6667E-01,
10:59:24.72112914, 0.0000E+00, 7.3333E-01, 6.6667E-01,
10:59:24.72112919, 6.6667E-02, 7.3333E-01, 1.2000E+00,
10:59:24.72112924, 0.0000E+00, 8.0000E-01, 6.6667E-01,
10:59:24.72112929,-6.6667E-02, 8.0000E-01, 1.0667E+00,
10:59:24.72112934, 0.0000E+00, 8.0000E-01, 6.6667E-01,
10:59:24.72112939, 0.0000E+00, 7.3333E-01, 9.3333E-01,
10:59:24.72112944, 0.0000E+00, 9.3333E-01, 8.0000E-01,
10:59:24.72112949, 0.0000E+00, 7.3333E-01, 9.3333E-01,
10:59:24.72112954, 3.3333E-02, 8.0000E-01, 8.0000E-01,
10:59:24.72112959, 1.0000E-01, 6.6667E-01, 6.6667E-01,
10:59:24.72112964, 0.0000E+00, 7.3333E-01, 6.6667E-01,
10:59:24.72112969, 3.3333E-02, 8.0000E-01, 8.0000E-01,
10:59:24.72112974,-3.3333E-02, 6.6667E-01, 8.0000E-01,
10:59:24.72112979, 0.0000E+00, 8.0000E-01, 8.0000E-01,
10:59:24.72112984, 3.3333E-02, 7.3333E-01, 6.6667E-01,
10:59:24.72112989, 3.3333E-02, 6.6667E-01, 1.0667E+00,
10:59:24.72112994, 1.3333E-01, 9.3333E-01, 6.6667E-01,
10:59:24.72112999, 0.0000E+00, 8.0000E-01, 9.3333E-01,
10:59:24.72113004, 1.0000E-01, 8.0000E-01, 6.6667E-01,
10:59:24.72113009, 6.6667E-02, 7.3333E-01, 9.3333E-01,
10:59:24.72113014, 6.6667E-02, 7.3333E-01, 1.0667E+00,
10:59:24.72113019, 3.3333E-02, 8.0000E-01, 9.3333E-01,
10:59:24.72113024, 6.6667E-02, 7.3333E-01, 9.3333E-01,
10:59:24.72113029, 3.3333E-02, 8.0000E-01, 1.2000E+00,
10:59:24.72113034, 6.6667E-02, 8.6667E-01, 6.6667E-01,
10:59:24.72113039, 6.6667E-02, 7.3333E-01, 6.6667E-01,
10:59:24.72113044, 0.0000E+00, 8.0000E-01, 6.6667E-01,
10:59:24.72113049,-3.3333E-02, 6.6667E-01, 1.0667E+00,
10:59:24.72113054, 1.0000E-01, 7.3333E-01, 8.0000E-01,
10:59:24.72113059, 0.0000E+00, 8.0000E-01, 8.0000E-01,
10:59:24.72113064, 0.0000E+00, 8.6667E-01, 6.6667E-01,
10:59:24.72113069, 6.6667E-02, 7.3333E-01, 9.3333E-01,
10:59:24.72113074, 3.3333E-02, 8.6667E-01, 9.3333E-01,
10:59:24.72113079, 6.6667E-02, 8.0000E-01, 9.3333E-01,
10:59:24.72113084, 0.0000E+00, 7.3333E-01, 6.6667E-01,
10:59:24.72113089, 3.3333E-02, 7.3333E-01, 8.0000E-01,
10:59:24.72113094, 6.6667E-02, 7.3333E-01, 8.0000E-01,
10:59:24.72113099, 1.0000E-01, 9.3333E-01, 6.6667E-01,
10:59:24.72113104, 0.0000E+00, 7.3333E-01, 6.6667E-01,
10:59:24.72113109,-3.3333E-02, 9.3333E-01, 1.0667E+00,
10:59:24.72113114, 6.6667E-02, 7.3333E-01, 9.3333E-01,
10:59:24.72113119, 3.3333E-02, 7.3333E-01, 1.0667E+00,
10:59:24.72113124, 6.6667E-02, 6.6667E-01, 9.3333E-01,
10:59:24.72113129,-6.6667E-02, 8.6667E-01, 1.0667E+00,
10:59:24.72113134, 3.3333E-02, 6.6667E-01, 9.3333E-01,
10:59:24.72113139, 6.6667E-02, 8.6667E-01, 8.0000E-01,
10:59:24.72113144, 3.3333E-02, 9.3333E-01, 9.3333E-01,
10:59:24.72113149, 6.6667E-02, 9.3333E-01, 9.3333E-01,
10:59:24.72113154, 0.0000E+00, 7.3333E-01, 6.6667E-01,
10:59:24.72113159, 1.3333E-01, 8.0000E-01, 1.0667E+00,
10:59:24.72113164, 3.3333E-02, 7.3333E-01, 6.6667E-01,
10:59:24.72113169, 0.0000E+00, 8.0000E-01, 1.0667E+00,
10:59:24.72113174, 6.6667E-02, 8.6667E-01, 1.0667E+00,
10:59:24.72113179, 0.0000E+00, 8.6667E-01, 9.3333E-01,
10:59:24.72113184, 0.0000E+00, 7.3333E-01, 9.3333E-01,
10:59:24.72113189, 6.6667E-02, 7.3333E-01, 6.6667E-01,
10:59:24.72113194, 3.3333E-02, 8.0000E-01, 8.0000E-01,
10:59:24.72113199, 3.3333E-02, 8.6667E-01, 1.0667E+00,
10:59:24.72113204, 6.6667E-02, 8.0000E-01, 1.2000E+00,
10:59:24.72113209, 3.3333E-02, 7.3333E-01, 8.0000E-01,
10:59:24.72113214,-3.3333E-02, 7.3333E-01, 9.3333E-01,
10:59:24.72113219, 1.0000E-01, 6.6667E-01, 8.0000E-01,
10:59:24.72113224, 3.3333E-02, 8.0000E-01, 1.0667E+00,
10:59:24.72113229, 6.6667E-02, 7.3333E-01, 1.0667E+00,
10:59:24.72113234, 3.3333E-02, 8.0000E-01, 9.3333E-01,
10:59:24.72113239, 6.6667E-02, 9.3333E-01, 6.6667E-01,
10:59:24.72113244, 3.3333E-02, 9.3333E-01, 9.3333E-01,
10:59:24.72113249, 3.3333E-02, 8.0000E-01, 9.3333E-01,
10:59:24.72113254, 0.0000E+00, 7.3333E-01, 1.0667E+00,
10:59:24.72113259, 3.3333E-02, 8.6667E-01, 8.0000E-01,
10:59:24.72113264, 6.6667E-02, 8.0000E-01, 9.3333E-01,
10:59:24.72113269, 3.3333E-02, 7.3333E-01, 1.0667E+00,
10:59:24.72113274, 6.6667E-02, 8.6667E-01, 8.0000E-01,
10:59:24.72113279, 3.3333E-02, 9.3333E-01, 9.3333E-01,
10:59:24.72113284, 3.3333E-02, 8.0000E-01, 1.2000E+00,
10:59:24.72113289, 6.6667E-02, 8.0000E-01, 9.3333E-01,
10:59:24.72113294, 3.3333E-02, 8.6667E-01, 8.0000E-01,
10:59:24.72113299,-3.3333E-02, 6.0000E-01, 8.0000E-01,
10:59:24.72113304, 0.0000E+00, 8.6667E-01, 9.3333E-01,
10:59:24.72113309, 6.6667E-02, 8.0000E-01, 1.2000E+00,
10:59:24.72113314, 0.0000E+00, 7.3333E-01, 1.2000E+00,
10:59:24.72113319,-6.6667E-02, 8.0000E-01, 1.2000E+00,
10:59:24.72113324, 3.3333E-02, 9.3333E-01, 1.2000E+00,
10:59:24.72113329, 3.3333E-02, 8.0000E-01, 1.2000E+00,
10:59:24.72113334, 6.6667E-02, 7.3333E-01, 1.2000E+00,
10:59:24.72113339,-3.3333E-02, 8.0000E-01, 1.0667E+00,
10:59:24.72113344, 0.0000E+00, 6.0000E-01, 6.6667E-01,
10:59:24.72113349, 0.0000E+00, 6.6667E-01, 6.6667E-01,
10:59:24.72113354, 6.6667E-02, 7.3333E-01, 1.0667E+00,
10:59:24.72113359, 0.0000E+00, 8.0000E-01, 9.3333E-01,
10:59:24.72113364, 0.0000E+00, 7.3333E-01, 1.4667E+00,
10:59:24.72113369, 6.6667E-02, 8.0000E-01, 1.0667E+00,
10:59:24.72113374, 0.0000E+00, 6.6667E-01, 1.0667E+00,
10:59:24.72113379, 3.3333E-02, 7.3333E-01, 9.3333E-01,
10:59:24.72113384,-3.3333E-02, 8.0000E-01, 1.0667E+00,
10:59:24.72113389, 6.6667E-02, 8.0000E-01, 9.3333E-01,
10:59:24.72113394, 0.0000E+00, 8.6667E-01, 8.0000E-01,
10:59:24.72113399, 3.3333E-02, 7.3333E-01, 8.0000E-01,
10:59:24.72113404,-3.3333E-02, 7.3333E-01, 1.0667E+00,
10:59:24.72113409, 3.3333E-02, 6.6667E-01, 8.0000E-01,
10:59:24.72113414, 0.0000E+00, 8.0000E-01, 1.6000E+00,
10:59:24.72113419, 6.6667E-02, 6.6667E-01, 8.0000E-01,
10:59:24.72113424, 3.3333E-02, 8.0000E-01, 1.2000E+00,
10:59:24.72113429, 3.3333E-02, 8.0000E-01, 1.2000E+00,
10:59:24.72113434, 3.3333E-02, 8.6667E-01, 1.2000E+00,
10:59:24.72113439, 1.0000E-01, 7.3333E-01, 8.0000E-01,
10:59:24.72113444, 3.3333E-02, 8.0000E-01, 1.0667E+00,
10:59:24.72113449, 6.6667E-02, 8.0000E-01, 1.0667E+00,
10:59:24.72113454,-6.6667E-02, 9.3333E-01, 1.0667E+00,
10:59:24.72113459,-3.3333E-02, 8.0000E-01, 8.0000E-01,
10:59:24.72113464,-6.6667E-02, 8.6667E-01, 1.0667E+00,
10:59:24.72113469, 6.6667E-02, 8.0000E-01, 1.2000E+00,
10:59:24.72113474, 0.0000E+00, 6.6667E-01, 1.4667E+00,
10:59:24.72113479, 3.3333E-02, 7.3333E-01, 8.0000E-01,
10:59:24.72113484, 3.3333E-02, 7.3333E-01, 8.0000E-01,
10:59:24.72113489, 3.3333E-02, 8.0000E-01, 1.2000E+00,
10:59:24.72113494, 3.3333E-02, 6.0000E-01, 6.6667E-01,
10:59:24.72113499,-3.3333E-02, 8.0000E-01, 1.2000E+00,
10:59:24.72113504, 3.3333E-02, 7.3333E-01, 1.0667E+00,
10:59:24.72113509,-6.6667E-02, 8.0000E-01, 9.3333E-01,
10:59:24.72113514, 6.6667E-02, 7.3333E-01, 9.3333E-01,
10:59:24.72113519, 3.3333E-02, 8.0000E-01, 1.3333E+00,
10:59:24.72113524, 3.3333E-02, 9.3333E-01, 1.2000E+00,
10:59:24.72113529, 6.6667E-02, 8.6667E-01, 1.2000E+00,
10:59:24.72113534, 3.3333E-02, 6.6667E-01, 1.2000E+00,
10:59:24.72113539,-3.3333E-02, 6.0000E-01, 9.3333E-01,
10:59:24.72113544, 0.0000E+00, 7.3333E-01, 1.3333E+00,
10:59:24.72113549, 0.0000E+00, 8.0000E-01, 9.3333E-01,
10:59:24.72113554,-3.3333E-02, 8.0000E-01, 1.4667E+00,
10:59:24.72113559,-6.6667E-02, 8.0000E-01, 1.6000E+00,
10:59:24.72113564, 1.0000E-01, 8.0000E-01, 1.4667E+00,
10:59:24.72113569, 0.0000E+00, 8.0000E-01, 1.3333E+00,
10:59:24.72113574, 3.3333E-02, 7.3333E-01, 1.0667E+00,
10:59:24.72113579, 1.0000E-01, 8.0000E-01, 1.0667E+00,
10:59:24.72113584, 0.0000E+00, 8.6667E-01, 9.3333E-01,
10:59:24.72113589,-3.3333E-02, 8.0000E-01, 9.3333E-01,
10:59:24.72113594, 0.0000E+00, 7.3333E-01, 8.0000E-01,
10:59:24.72113599,-6.6667E-02, 7.3333E-01, 1.0667E+00,
10:59:24.72113604, 0.0000E+00, 7.3333E-01, 1.0667E+00,
10:59:24.72113609, 3.3333E-02, 8.0000E-01, 1.3333E+00,
10:59:24.72113614, 6.6667E-02, 8.0000E-01, 1.3333E+00,
10:59:24.72113619, 3.3333E-02, 8.6667E-01, 1.0667E+00,
10:59:24.72113624, 6.6667E-02, 8.0000E-01, 1.0667E+00,
10:59:24.72113629, 6.6667E-02, 6.6667E-01, 1.2000E+00,
10:59:24.72113634, 3.3333E-02, 7.3333E-01, 1.0667E+00,
10:59:24.72113639, 1.0000E-01, 7.3333E-01, 1.2000E+00,
10:59:24.72113644,-3.3333E-02, 9.3333E-01, 1.0667E+00,
10:59:24.72113649, 3.3333E-02, 8.6667E-01, 1.4667E+00,
10:59:24.72113654, 0.0000E+00, 8.6667E-01, 1.2000E+00,
10:59:24.72113659,-3.3333E-02, 8.0000E-01, 1.2000E+00,
10:59:24.72113664, 3.3333E-02, 8.0000E-01, 1.3333E+00,
10:59:24.72113669, 3.3333E-02, 8.6667E-01, 1.0667E+00,
10:59:24.72113674, 0.0000E+00, 9.3333E-01, 1.2000E+00,
10:59:24.72113679, 0.0000E+00, 7.3333E-01, 9.3333E-01,
10:59:24.72113684, 6.6667E-02, 9.3333E-01, 1.2000E+00,
10:59:24.72113689,-3.3333E-02, 8.0000E-01, 1.3333E+00,
10:59:24.72113694, 3.3333E-02, 8.0000E-01, 1.3333E+00,
10:59:24.72113699, 6.6667E-02, 8.6667E-01, 1.2000E+00,
10:59:24.72113704, 0.0000E+00, 7.3333E-01, 1.0667E+00,
10:59:24.72113709, 6.6667E-02, 9.3333E-01, 1.0667E+00,
10:59:24.72113714,-6.6667E-02, 8.0000E-01, 9.3333E-01,
10:59:24.72113719,-6.6667E-02, 8.6667E-01, 1.3333E+00,
10:59:24.72113724, 6.6667E-02, 7.3333E-01, 6.6667E-01,
10:59:24.72113729, 3.3333E-02, 8.0000E-01, 1.2000E+00,
10:59:24.72113734, 3.3333E-02, 7.3333E-01, 1.2000E+00,
10:59:24.72113739, 3.3333E-02, 7.3333E-01, 1.3333E+00,
10:59:24.72113744, 0.0000E+00, 9.3333E-01, 8.0000E-01,
10:59:24.72113749, 0.0000E+00, 8.6667E-01, 9.3333E-01,
10:59:24.72113754,-3.3333E-02, 8.0000E-01, 1.2000E+00,
10:59:24.72113759, 6.6667E-02, 7.3333E-01, 1.6000E+00,
10:59:24.72113764, 0.0000E+00, 8.0000E-01, 1.3333E+00,
10:59:24.72113769, 6.6667E-02, 7.3333E-01, 9.3333E-01,
10:59:24.72113774, 0.0000E+00, 6.6667E-01, 9.3333E-01,
10:59:24.72113779,-3.3333E-02, 8.0000E-01, 1.2000E+00,
10:59:24.72113784, 3.3333E-02, 7.3333E-01, 8.0000E-01,
10:59:24.72113789, 1.0000E-01, 8.6667E-01, 1.2000E+00,
10:59:24.72113794, 0.0000E+00, 8.6667E-01, 9.3333E-01,
10:59:24.72113799,-3.3333E-02, 8.0000E-01, 1.2000E+00,
10:59:24.72113804, 0.0000E+00, 9.3333E-01, 8.0000E-01,
10:59:24.72113809,-3.3333E-02, 9.3333E-01, 1.0667E+00,
10:59:24.72113814, 0.0000E+00, 8.6667E-01, 1.2000E+00,
10:59:24.72113819, 6.6667E-02, 7.3333E-01, 9.3333E-01,
10:59:24.72113824, 6.6667E-02, 6.0000E-01, 9.3333E-01,
10:59:24.72113829, 3.3333E-02, 8.0000E-01, 8.0000E-01,
10:59:24.72113834, 3.3333E-02, 7.3333E-01, 8.0000E-01,
10:59:24.72113839, 0.0000E+00, 8.6667E-01, 1.0667E+00,
10:59:24.72113844, 6.6667E-02, 6.6667E-01, 1.0667E+00,
10:59:24.72113849, 3.3333E-02, 1.0000E+00, 1.2000E+00,
10:59:24.72113854, 6.6667E-02, 8.0000E-01, 9.3333E-01,
10:59:24.72113859, 6.6667E-02, 8.6667E-01, 1.3333E+00,
10:59:24.72113864, 3.3333E-02, 6.6667E-01, 1.0667E+00,
10:59:24.72113869, 6.6667E-02, 8.0000E-01, 1.0667E+00,
10:59:24.72113874, 0.0000E+00, 8.0000E-01, 1.0667E+00,
10:59:24.72113879, 1.0000E-01, 8.0000E-01, 1.0667E+00,
10:59:24.72113884, 0.0000E+00, 7.3333E-01, 1.2000E+00,
10:59:24.72113889, 0.0000E+00, 8.0000E-01, 1.4667E+00,
10:59:24.72113894, 0.0000E+00, 8.6667E-01, 1.3333E+00,
10:59:24.72113899,-6.6667E-02, 8.0000E-01, 1.3333E+00,
10:59:24.72113904, 3.3333E-02, 9.3333E-01, 1.0667E+00,
10:59:24.72113909, 3.3333E-02, 6.0000E-01, 1.3333E+00,
10:59:24.72113914, 6.6667E-02, 8.6667E-01, 1.2000E+00,
10:59:24.72113919, 6.6667E-02, 8.0000E-01, 1.2000E+00,
10:59:24.72113924, 6.6667E-02, 8.0000E-01, 1.2000E+00,
10:59:24.72113929,-1.0000E-01, 7.3333E-01, 1.0667E+00,
10:59:24.72113934, 0.0000E+00, 7.3333E-01, 1.3333E+00,
10:59:24.72113939, 0.0000E+00, 8.0000E-01, 1.0667E+00,
10:59:24.72113944,-3.3333E-02, 8.0000E-01, 1.3333E+00,
10:59:24.72113949, 6.6667E-02, 8.6667E-01, 1.3333E+00,
10:59:24.72113954, 3.3333E-02, 8.0000E-01, 1.0667E+00,
10:59:24.72113959, 6.6667E-02, 7.3333E-01, 1.2000E+00,
10:59:24.72113964, 3.3333E-02, 6.6667E-01, 1.2000E+00,
10:59:24.72113969, 0.0000E+00, 8.0000E-01, 9.3333E-01,
10:59:24.72113974, 3.3333E-02, 8.0000E-01, 1.2000E+00,
10:59:24.72113979, 0.0000E+00, 8.6667E-01, 1.2000E+00,
10:59:24.72113984, 0.0000E+00, 7.3333E-01, 1.0667E+00,
10:59:24.72113989, 0.0000E+00, 8.6667E-01, 1.3333E+00,
10:59:24.72113994, 0.0000E+00, 6.6667E-01, 1.2000E+00,
10:59:24.72113999,-3.3333E-02, 8.6667E-01, 1.0667E+00,
10:59:24.72114004,-6.6667E-02, 8.0000E-01, 1.2000E+00,
10:59:24.72114009, 3.3333E-02, 7.3333E-01, 1.4667E+00,
10:59:24.72114014, 0.0000E+00, 8.0000E-01, 1.0667E+00,
10:59:24.72114019, 3.3333E-02, 9.3333E-01, 1.0667E+00,
10:59:24.72114024, 3.3333E-02, 8.6667E-01, 1.2000E+00,
10:59:24.72114029, 3.3333E-02, 7.3333E-01, 1.3333E+00,
10:59:24.72114034, 6.6667E-02, 7.3333E-01, 9.3333E-01,
10:59:24.72114039, 3.3333E-02, 8.6667E-01, 1.2000E+00,
10:59:24.72114044,-3.3333E-02, 9.3333E-01, 8.0000E-01,
10:59:24.72114049, 0.0000E+00, 8.0000E-01, 1.2000E+00,
10:59:24.72114054, 6.6667E-02, 8.6667E-01, 1.0667E+00,
10:59:24.72114059, 3.3333E-02, 7.3333E-01, 1.2000E+00,
10:59:24.72114064, 1.3333E-01, 8.6667E-01, 8.0000E-01,
10:59:24.72114069, 0.0000E+00, 8.6667E-01, 1.2000E+00,
10:59:24.72114074, 0.0000E+00, 8.0000E-01, 1.0667E+00,
10:59:24.72114079, 0.0000E+00, 8.0000E-01, 1.2000E+00,
10:59:24.72114084, 1.0000E-01, 8.6667E-01, 1.0667E+00,
10:59:24.72114089, 3.3333E-02, 6.6667E-01, 1.2000E+00,
10:59:24.72114094, 3.3333E-02, 1.0000E+00, 9.3333E-01,
10:59:24.72114099, 0.0000E+00, 8.0000E-01, 1.3333E+00,
10:59:24.72114104, 0.0000E+00, 7.3333E-01, 1.0667E+00,
10:59:24.72114109, 3.3333E-02, 7.3333E-01, 1.2000E+00,
10:59:24.72114114, 6.6667E-02, 8.0000E-01, 1.0667E+00,
10:59:24.72114119, 3.3333E-02, 8.6667E-01, 1.2000E+00,
10:59:24.72114124, 0.0000E+00, 9.3333E-01, 8.0000E-01,
10:59:24.72114129, 0.0000E+00, 7.3333E-01, 8.0000E-01,
10:59:24.72114134, 6.6667E-02, 8.0000E-01, 8.0000E-01,
10:59:24.72114139, 6.6667E-02, 7.3333E-01, 1.2000E+00,
10:59:24.72114144, 0.0000E+00, 9.3333E-01, 1.3333E+00,
10:59:24.72114149, 1.0000E-01, 8.0000E-01, 1.6000E+00,
10:59:24.72114154, 0.0000E+00, 8.6667E-01, 9.3333E-01,
10:59:24.72114159, 0.0000E+00, 8.6667E-01, 1.0667E+00,
10:59:24.72114164, 1.0000E-01, 7.3333E-01, 1.0667E+00,
10:59:24.72114169, 6.6667E-02, 8.0000E-01, 1.0667E+00,
10:59:24.72114174, 0.0000E+00, 7.3333E-01, 1.2000E+00,
10:59:24.72114179,-3.3333E-02, 7.3333E-01, 1.0667E+00,
10:59:24.72114184, 1.3333E-01, 6.6667E-01, 1.2000E+00,
10:59:24.72114189, 1.0000E-01, 8.0000E-01, 1.3333E+00,
10:59:24.72114194, 3.3333E-02, 1.0000E+00, 9.3333E-01,
10:59:24.72114199, 6.6667E-02, 8.0000E-01, 1.2000E+00,
10:59:24.72114204, 1.0000E-01, 8.0000E-01, 1.0667E+00,
10:59:24.72114209, 3.3333E-02, 7.3333E-01, 1.0667E+00,
10:59:24.72114214, 1.0000E-01, 8.6667E-01, 8.0000E-01,
10:59:24.72114219,-6.6667E-02, 8.0000E-01, 1.0667E+00,
10:59:24.72114224,-3.3333E-02, 7.3333E-01, 1.0667E+00,
10:59:24.72114229, 6.6667E-02, 6.6667E-01, 1.2000E+00,
10:59:24.72114234, 0.0000E+00, 8.6667E-01, 9.3333E-01,
10:59:24.72114239, 0.0000E+00, 8.6667E-01, 1.2000E+00,
10:59:24.72114244, 3.3333E-02, 8.0000E-01, 1.3333E+00,
10:59:24.72114249, 6.6667E-02, 9.3333E-01, 8.0000E-01,
10:59:24.72114254, 3.3333E-02, 7.3333E-01, 1.2000E+00,
10:59:24.72114259, 6.6667E-02, 8.6667E-01, 1.2000E+00,
10:59:24.72114264, 1.3333E-01, 7.3333E-01, 8.0000E-01,
10:59:24.72114269,-3.3333E-02, 7.3333E-01, 1.4667E+00,
10:59:24.72114274, 3.3333E-02, 8.0000E-01, 1.0667E+00,
10:59:24.72114279, 0.0000E+00, 6.6667E-01, 1.3333E+00,
10:59:24.72114284, 0.0000E+00, 8.0000E-01, 1.4667E+00,
10:59:24.72114289, 3.3333E-02, 8.6667E-01, 1.3333E+00,
10:59:24.72114294, 6.6667E-02, 8.0000E-01, 1.0667E+00,
10:59:24.72114299, 6.6667E-02, 8.6667E-01, 1.3333E+00,
10:59:24.72114304, 0.0000E+00, 8.0000E-01, 9.3333E-01,
10:59:24.72114309, 6.6667E-02, 8.0000E-01, 1.2000E+00,
10:59:24.72114314, 0.0000E+00, 6.6667E-01, 1.0667E+00,
10:59:24.72114319, 1.6667E-01, 9.3333E-01, 9.3333E-01,
10:59:24.72114324, 0.0000E+00, 7.3333E-01, 9.3333E-01,
10:59:24.72114329, 0.0000E+00, 7.3333E-01, 1.2000E+00,
10:59:24.72114334, 0.0000E+00, 8.0000E-01, 1.2000E+00,
10:59:24.72114339, 0.0000E+00, 9.3333E-01, 1.2000E+00,
10:59:24.72114344, 1.0000E-01, 7.3333E-01, 1.2000E+00,
10:59:24.72114349, 3.3333E-02, 8.6667E-01, 1.0667E+00,
10:59:24.72114354, 0.0000E+00, 7.3333E-01, 1.0667E+00,
10:59:24.72114359, 1.0000E-01, 1.0000E+00, 1.3333E+00,
10:59:24.72114364,-3.3333E-02, 8.6667E-01, 9.3333E-01,
10:59:24.72114369, 3.3333E-02, 7.3333E-01, 1.0667E+00,
10:59:24.72114374, 0.0000E+00, 6.6667E-01, 1.0667E+00,
10:59:24.72114379, 0.0000E+00, 7.3333E-01, 9.3333E-01,
10:59:24.72114384, 6.6667E-02, 6.6667E-01, 9.3333E-01,
10:59:24.72114389, 3.3333E-02, 8.0000E-01, 1.2000E+00,
10:59:24.72114394, 1.0000E-01, 8.6667E-01, 1.3333E+00,
10:59:24.72114399,-3.3333E-02, 7.3333E-01, 1.0667E+00,
10:59:24.72114404, 0.0000E+00, 9.3333E-01, 9.3333E-01,
10:59:24.72114409, 6.6667E-02, 8.0000E-01, 9.3333E-01,
10:59:24.72114414, 0.0000E+00, 8.6667E-01, 1.0667E+00,
10:59:24.72114419, 0.0000E+00, 8.6667E-01, 9.3333E-01,
10:59:24.72114424, 0.0000E+00, 8.0000E-01, 1.0667E+00,
10:59:24.72114429, 3.3333E-02, 8.6667E-01, 9.3333E-01,
10:59:24.72114434, 3.3333E-02, 6.6667E-01, 1.2000E+00,
10:59:24.72114439,-3.3333E-02, 8.6667E-01, 9.3333E-01,
10:59:24.72114444, 3.3333E-02, 8.0000E-01, 1.2000E+00,
10:59:24.72114449, 6.6667E-02, 8.6667E-01, 1.3333E+00,
10:59:24.72114454, 0.0000E+00, 8.0000E-01, 9.3333E-01,
10:59:24.72114459,-3.3333E-02, 8.0000E-01, 9.3333E-01,
10:59:24.72114464, 1.0000E-01, 8.6667E-01, 1.0667E+00,
10:59:24.72114469, 1.3333E-01, 8.0000E-01, 8.0000E-01,
10:59:24.72114474, 3.3333E-02, 7.3333E-01, 1.2000E+00,
10:59:24.72114479,-3.3333E-02, 9.3333E-01, 9.3333E-01,
10:59:24.72114484, 1.0000E-01, 8.0000E-01, 8.0000E-01,
10:59:24.72114489, 3.3333E-02, 8.6667E-01, 9.3333E-01,
10:59:24.72114494, 1.0000E-01, 8.6667E-01, 1.0667E+00,
10:59:24.72114499, 0.0000E+00, 8.0000E-01, 1.0667E+00,
10:59:24.72114504, 3.3333E-02, 9.3333E-01, 1.6000E+00,
10:59:24.72114509, 0.0000E+00, 8.0000E-01, 1.3333E+00,
10:59:24.72114514,-3.3333E-02, 8.0000E-01, 1.3333E+00,
10:59:24.72114519, 3.3333E-02, 8.6667E-01, 8.0000E-01,
10:59:24.72114524,-6.6667E-02, 8.0000E-01, 1.2000E+00,
10:59:24.72114529, 3.3333E-02, 9.3333E-01, 9.3333E-01,
10:59:24.72114534, 1.0000E-01, 7.3333E-01, 1.0667E+00,
10:59:24.72114539, 6.6667E-02, 7.3333E-01, 9.3333E-01,
10:59:24.72114544, 6.6667E-02, 7.3333E-01, 1.0667E+00,
10:59:24.72114549, 3.3333E-02, 8.0000E-01, 8.0000E-01,
10:59:24.72114554, 3.3333E-02, 7.3333E-01, 1.3333E+00,
10:59:24.72114559, 0.0000E+00, 9.3333E-01, 1.0667E+00,
10:59:24.72114564, 0.0000E+00, 8.0000E-01, 1.0667E+00,
10:59:24.72114569,-3.3333E-02, 8.0000E-01, 9.3333E-01,
10:59:24.72114574, 0.0000E+00, 8.0000E-01, 1.0667E+00,
10:59:24.72114579, 3.3333E-02, 8.6667E-01, 8.0000E-01,
10:59:24.72114584, 6.6667E-02, 6.0000E-01, 8.0000E-01,
10:59:24.72114589, 6.6667E-02, 8.0000E-01, 8.0000E-01,
10:59:24.72114594, 3.3333E-02, 8.6667E-01, 1.0667E+00,
10:59:24.72114599, 3.3333E-02, 9.3333E-01, 1.0667E+00,
10:59:24.72114604, 0.0000E+00, 9.3333E-01, 8.0000E-01,
10:59:24.72114609, 6.6667E-02, 7.3333E-01, 9.3333E-01,
10:59:24.72114614,-6.6667E-02, 7.3333E-01, 1.0667E+00,
10:59:24.72114619, 0.0000E+00, 8.6667E-01, 9.3333E-01,
10:59:24.72114624, 3.3333E-02, 8.0000E-01, 1.0667E+00,
10:59:24.72114629, 1.0000E-01, 8.6667E-01, 1.3333E+00,
10:59:24.72114634, 0.0000E+00, 8.6667E-01, 1.0667E+00,
10:59:24.72114639, 3.3333E-02, 8.6667E-01, 8.0000E-01,
10:59:24.72114644, 3.3333E-02, 8.0000E-01, 9.3333E-01,
10:59:24.72114649, 0.0000E+00, 7.3333E-01, 9.3333E-01,
10:59:24.72114654, 0.0000E+00, 8.0000E-01, 1.0667E+00,
10:59:24.72114659,-6.6667E-02, 8.0000E-01, 1.0667E+00,
10:59:24.72114664, 3.3333E-02, 8.6667E-01, 1.4667E+00,
10:59:24.72114669, 3.3333E-02, 8.0000E-01, 9.3333E-01,
10:59:24.72114674, 6.6667E-02, 8.0000E-01, 9.3333E-01,
10:59:24.72114679, 6.6667E-02, 9.3333E-01, 1.0667E+00,
10:59:24.72114684, 0.0000E+00, 8.0000E-01, 9.3333E-01,
10:59:24.72114689, 3.3333E-02, 9.3333E-01, 1.0667E+00,
10:59:24.72114694, 6.6667E-02, 8.6667E-01, 1.2000E+00,
10:59:24.72114699, 3.3333E-02, 8.6667E-01, 9.3333E-01,
10:59:24.72114704, 3.3333E-02, 8.6667E-01, 8.0000E-01,
10:59:24.72114709, 3.3333E-02, 8.0000E-01, 1.0667E+00,
10:59:24.72114714, 6.6667E-02, 8.0000E-01, 9.3333E-01,
10:59:24.72114719, 3.3333E-02, 8.0000E-01, 1.0667E+00,
10:59:24.72114724, 3.3333E-02, 8.0000E-01, 1.0667E+00,
10:59:24.72114729, 6.6667E-02, 8.0000E-01, 1.0667E+00,
10:59:24.72114734, 1.0000E-01, 1.0000E+00, 8.0000E-01,
10:59:24.72114739, 6.6667E-02, 9.3333E-01, 1.0667E+00,
10:59:24.72114744, 6.6667E-02, 7.3333E-01, 8.0000E-01,
10:59:24.72114749, 3.3333E-02, 8.0000E-01, 1.2000E+00,
10:59:24.72114754, 3.3333E-02, 8.0000E-01, 1.3333E+00,
10:59:24.72114759, 0.0000E+00, 8.6667E-01, 1.0667E+00,
10:59:24.72114764, 0.0000E+00, 8.0000E-01, 9.3333E-01,
10:59:24.72114769, 0.0000E+00, 7.3333E-01, 1.0667E+00,
10:59:24.72114774, 6.6667E-02, 8.0000E-01, 1.0667E+00,
10:59:24.72114779, 1.0000E-01, 7.3333E-01, 1.3333E+00,
10:59:24.72114784,-6.6667E-02, 8.6667E-01, 8.0000E-01,
10:59:24.72114789, 3.3333E-02, 7.3333E-01, 9.3333E-01,
10:59:24.72114794, 6.6667E-02, 8.0000E-01, 1.0667E+00,
10:59:24.72114799, 0.0000E+00, 8.6667E-01, 9.3333E-01,
10:59:24.72114804,-6.6667E-02, 6.6667E-01, 9.3333E-01,
10:59:24.72114809, 6.6667E-02, 8.6667E-01, 8.0000E-01,
10:59:24.72114814, 0.0000E+00, 8.0000E-01, 8.0000E-01,
10:59:24.72114819,-3.3333E-02, 8.6667E-01, 1.2000E+00,
10:59:24.72114824, 6.6667E-02, 8.0000E-01, 1.2000E+00,
10:59:24.72114829, 3.3333E-02, 7.3333E-01, 9.3333E-01,
10:59:24.72114834, 6.6667E-02, 8.6667E-01, 1.0667E+00,
10:59:24.72114839, 1.0000E-01, 8.0000E-01, 9.3333E-01,
10:59:24.72114844,-3.3333E-02, 8.6667E-01, 9.3333E-01,
10:59:24.72114849, 6.6667E-02, 8.6667E-01, 8.0000E-01,
10:59:24.72114854, 0.0000E+00, 7.3333E-01, 9.3333E-01,
10:59:24.72114859, 6.6667E-02, 7.3333E-01, 9.3333E-01,
10:59:24.72114864, 3.3333E-02, 8.6667E-01, 1.0667E+00,
10:59:24.72114869, 3.3333E-02, 7.3333E-01, 8.0000E-01,
10:59:24.72114874, 6.6667E-02, 8.0000E-01, 1.0667E+00,
10:59:24.72114879, 0.0000E+00, 7.3333E-01, 1.0667E+00,
10:59:24.72114884, 3.3333E-02, 8.0000E-01, 8.0000E-01,
10:59:24.72114889,-3.3333E-02, 7.3333E-01, 1.2000E+00,
10:59:24.72114894, 0.0000E+00, 8.0000E-01, 8.0000E-01,
10:59:24.72114899, 3.3333E-02, 8.0000E-01, 9.3333E-01,
10:59:24.72114904, 0.0000E+00, 8.6667E-01, 1.0667E+00,
10:59:24.72114909, 0.0000E+00, 7.3333E-01, 1.0667E+00,
10:59:24.72114914, 3.3333E-02, 8.0000E-01, 1.0667E+00,
10:59:24.72114919, 0.0000E+00, 7.3333E-01, 9.3333E-01,
10:59:24.72114924, 3.3333E-02, 8.6667E-01, 9.3333E-01,
10:59:24.72114929, 0.0000E+00, 8.6667E-01, 1.0667E+00,
10:59:24.72114934,-3.3333E-02, 9.3333E-01, 6.6667E-01,
10:59:24.72114939, 3.3333E-02, 8.0000E-01, 8.0000E-01,
10:59:24.72114944,-3.3333E-02, 6.6667E-01, 8.0000E-01,
10:59:24.72114949, 3.3333E-02, 8.6667E-01, 9.3333E-01,
10:59:24.72114954, 6.6667E-02, 9.3333E-01, 8.0000E-01,
10:59:24.72114959, 0.0000E+00, 8.0000E-01, 1.0667E+00,
10:59:24.72114964, 6.6667E-02, 8.0000E-01, 1.3333E+00,
10:59:24.72114969, 3.3333E-02, 9.3333E-01, 6.6667E-01,
10:59:24.72114974, 6.6667E-02, 7.3333E-01, 1.0667E+00,
10:59:24.72114979, 3.3333E-02, 7.3333E-01, 8.0000E-01,
10:59:24.72114984, 3.3333E-02, 6.6667E-01, 6.6667E-01,
10:59:24.72114989,-3.3333E-02, 8.0000E-01, 8.0000E-01,
10:59:24.72114994,-3.3333E-02, 7.3333E-01, 8.0000E-01,
10:59:24.72114999, 3.3333E-02, 6.6667E-01, 8.0000E-01,
10:59:24.72115004, 3.3333E-02, 6.6667E-01, 9.3333E-01,
10:59:24.72115009, 3.3333E-02, 6.6667E-01, 9.3333E-01,
10:59:24.72115014, 3.3333E-02, 7.3333E-01, 1.3333E+00,
10:59:24.72115019, 3.3333E-02, 8.6667E-01, 1.0667E+00,
10:59:24.72115024, 3.3333E-02, 8.0000E-01, 1.3333E+00,
10:59:24.72115029, 3.3333E-02, 9.3333E-01, 1.0667E+00,
10:59:24.72115034, 0.0000E+00, 6.6667E-01, 6.6667E-01,
10:59:24.72115039,-3.3333E-02, 8.0000E-01, 9.3333E-01,
10:59:24.72115044, 0.0000E+00, 8.0000E-01, 1.0667E+00,
10:59:24.72115049, 3.3333E-02, 6.0000E-01, 1.2000E+00,
10:59:24.72115054, 0.0000E+00, 7.3333E-01, 6.6667E-01,
10:59:24.72115059,-3.3333E-02, 8.0000E-01, 9.3333E-01,
