"Header Size"           ,15              
"Model Name"            ,"DL850EV       "
"Comment"               ,"                         "
"BlockNumber"           ,1               
"TraceName"             ,"Vgate         ","Vds           ","Id            "
"BlockSize"             ,4004            ,4004            ,4004            
"VUnit"                 ,"V             ","V             ","A             "
"SampleRate"            ,20000000.000000 ,20000000.000000 ,20000000.000000 
"HResolution"           ,5.000000e-08    ,5.000000e-08    ,5.000000e-08    
"HOffset"               ,-4.000000e-05   ,-4.000000e-05   ,-4.000000e-05   
"HUnit"                 ,"s             ","s             ","s             "
"DisplayPointNo."       ,1               ,1               ,1               
"PhaseShift"            ,1               ,1               ,1               
"Date"                  ,"2026/04/14    ","2026/04/14    ","2026/04/14    "
"Time"                  ,"13:35:00.39302492","13:35:00.39302492","13:35:00.39302492"

13:35:00.39298492,-1.3333E-02, 2.3733E+00, 4.0000E-01,
13:35:00.39298497, 0.0000E+00, 2.3467E+00,-1.3333E-01,
13:35:00.39298502, 2.6667E-02, 2.3600E+00, 1.3333E-01,
13:35:00.39298507, 2.6667E-02, 2.3600E+00, 1.3333E-01,
13:35:00.39298512,-2.6667E-02, 2.3333E+00, 0.0000E+00,
13:35:00.39298517, 0.0000E+00, 2.3733E+00, 4.0000E-01,
13:35:00.39298522, 1.3333E-02, 2.3467E+00, 0.0000E+00,
13:35:00.39298527, 2.6667E-02, 2.3733E+00,-1.3333E-01,
13:35:00.39298532, 5.3333E-02, 2.3867E+00,-1.3333E-01,
13:35:00.39298537, 1.3333E-02, 2.3600E+00,-1.3333E-01,
13:35:00.39298542, 1.3333E-02, 2.3867E+00, 2.6667E-01,
13:35:00.39298547, 0.0000E+00, 2.3600E+00, 0.0000E+00,
13:35:00.39298552, 0.0000E+00, 2.3467E+00, 1.3333E-01,
13:35:00.39298557,-1.3333E-02, 2.3333E+00, 0.0000E+00,
13:35:00.39298562, 0.0000E+00, 2.3867E+00, 5.3333E-01,
13:35:00.39298567,-1.3333E-02, 2.3733E+00, 1.3333E-01,
13:35:00.39298572, 0.0000E+00, 2.3467E+00, 2.6667E-01,
13:35:00.39298577, 1.3333E-02, 2.3867E+00, 0.0000E+00,
13:35:00.39298582, 4.0000E-02, 2.3733E+00,-2.6667E-01,
13:35:00.39298587, 2.6667E-02, 2.3733E+00, 2.6667E-01,
13:35:00.39298592, 0.0000E+00, 2.3600E+00,-2.6667E-01,
13:35:00.39298597, 1.3333E-02, 2.3600E+00, 4.0000E-01,
13:35:00.39298602, 0.0000E+00, 2.3467E+00, 4.0000E-01,
13:35:00.39298607, 0.0000E+00, 2.3333E+00, 2.6667E-01,
13:35:00.39298612, 0.0000E+00, 2.3733E+00, 1.3333E-01,
13:35:00.39298617, 1.3333E-02, 2.3600E+00,-2.6667E-01,
13:35:00.39298622, 0.0000E+00, 2.3600E+00, 0.0000E+00,
13:35:00.39298627, 2.6667E-02, 2.3733E+00,-2.6667E-01,
13:35:00.39298632, 0.0000E+00, 2.3867E+00, 1.3333E-01,
13:35:00.39298637,-1.3333E-02, 2.3733E+00, 2.6667E-01,
13:35:00.39298642,-1.3333E-02, 2.3867E+00, 0.0000E+00,
13:35:00.39298647, 1.3333E-02, 2.3733E+00, 1.3333E-01,
13:35:00.39298652,-2.6667E-02, 2.3600E+00, 2.6667E-01,
13:35:00.39298657, 2.6667E-02, 2.3600E+00,-2.6667E-01,
13:35:00.39298662, 5.3333E-02, 2.3867E+00,-1.3333E-01,
13:35:00.39298667, 0.0000E+00, 2.3733E+00, 4.0000E-01,
13:35:00.39298672,-1.3333E-02, 2.3867E+00, 0.0000E+00,
13:35:00.39298677, 0.0000E+00, 2.3733E+00, 0.0000E+00,
13:35:00.39298682, 1.3333E-02, 2.4000E+00, 0.0000E+00,
13:35:00.39298687, 2.6667E-02, 2.3733E+00, 0.0000E+00,
13:35:00.39298692, 4.0000E-02, 2.3600E+00, 0.0000E+00,
13:35:00.39298697, 1.3333E-02, 2.3733E+00, 0.0000E+00,
13:35:00.39298702, 0.0000E+00, 2.3600E+00, 4.0000E-01,
13:35:00.39298707, 2.6667E-02, 2.3600E+00, 1.3333E-01,
13:35:00.39298712, 1.3333E-02, 2.3733E+00, 1.3333E-01,
13:35:00.39298717, 4.0000E-02, 2.3867E+00, 1.3333E-01,
13:35:00.39298722, 0.0000E+00, 2.3867E+00, 2.6667E-01,
13:35:00.39298727, 4.0000E-02, 2.3467E+00, 1.3333E-01,
13:35:00.39298732, 2.6667E-02, 2.3600E+00, 2.6667E-01,
13:35:00.39298737, 0.0000E+00, 2.3733E+00, 2.6667E-01,
13:35:00.39298742, 1.3333E-02, 2.3467E+00, 1.3333E-01,
13:35:00.39298747, 1.3333E-02, 2.3867E+00, 1.3333E-01,
13:35:00.39298752,-2.6667E-02, 2.3733E+00, 2.6667E-01,
13:35:00.39298757, 2.6667E-02, 2.3733E+00, 0.0000E+00,
13:35:00.39298762, 0.0000E+00, 2.3600E+00, 2.6667E-01,
13:35:00.39298767, 2.6667E-02, 2.3600E+00, 0.0000E+00,
13:35:00.39298772, 2.6667E-02, 2.3867E+00,-1.3333E-01,
13:35:00.39298777, 0.0000E+00, 2.3600E+00, 2.6667E-01,
13:35:00.39298782, 2.6667E-02, 2.3867E+00, 1.3333E-01,
13:35:00.39298787, 2.6667E-02, 2.3733E+00, 4.0000E-01,
13:35:00.39298792, 1.3333E-02, 2.3733E+00, 0.0000E+00,
13:35:00.39298797,-1.3333E-02, 2.3467E+00, 1.3333E-01,
13:35:00.39298802, 0.0000E+00, 2.3467E+00, 4.0000E-01,
13:35:00.39298807, 2.6667E-02, 2.3733E+00, 2.6667E-01,
13:35:00.39298812, 1.3333E-02, 2.3867E+00, 1.3333E-01,
13:35:00.39298817, 1.3333E-02, 2.3467E+00,-1.3333E-01,
13:35:00.39298822, 1.3333E-02, 2.4000E+00,-4.0000E-01,
13:35:00.39298827, 2.6667E-02, 2.3467E+00, 0.0000E+00,
13:35:00.39298832, 0.0000E+00, 2.3733E+00, 0.0000E+00,
13:35:00.39298837, 1.3333E-02, 2.3733E+00, 1.3333E-01,
13:35:00.39298842,-1.3333E-02, 2.3867E+00, 1.3333E-01,
13:35:00.39298847, 0.0000E+00, 2.3733E+00, 2.6667E-01,
13:35:00.39298852, 0.0000E+00, 2.3333E+00, 1.3333E-01,
13:35:00.39298857, 1.3333E-02, 2.3600E+00, 4.0000E-01,
13:35:00.39298862, 1.3333E-02, 2.3867E+00,-2.6667E-01,
13:35:00.39298867,-2.6667E-02, 2.4000E+00,-1.3333E-01,
13:35:00.39298872, 1.3333E-02, 2.3867E+00, 1.3333E-01,
13:35:00.39298877, 1.3333E-02, 2.3867E+00, 0.0000E+00,
13:35:00.39298882,-1.3333E-02, 2.3733E+00, 2.6667E-01,
13:35:00.39298887,-1.3333E-02, 2.3467E+00, 4.0000E-01,
13:35:00.39298892, 1.3333E-02, 2.3867E+00, 2.6667E-01,
13:35:00.39298897, 0.0000E+00, 2.3733E+00, 4.0000E-01,
13:35:00.39298902, 0.0000E+00, 2.3867E+00, 1.3333E-01,
13:35:00.39298907, 0.0000E+00, 2.3733E+00, 2.6667E-01,
13:35:00.39298912, 1.3333E-02, 2.3867E+00, 4.0000E-01,
13:35:00.39298917, 0.0000E+00, 2.3733E+00,-1.3333E-01,
13:35:00.39298922, 1.3333E-02, 2.3867E+00,-1.3333E-01,
13:35:00.39298927, 1.3333E-02, 2.3600E+00, 1.3333E-01,
13:35:00.39298932, 2.6667E-02, 2.3733E+00, 0.0000E+00,
13:35:00.39298937, 0.0000E+00, 2.3867E+00, 2.6667E-01,
13:35:00.39298942, 0.0000E+00, 2.3467E+00, 2.6667E-01,
13:35:00.39298947, 1.3333E-02, 2.3333E+00, 2.6667E-01,
13:35:00.39298952, 2.6667E-02, 2.3867E+00, 0.0000E+00,
13:35:00.39298957, 2.6667E-02, 2.3867E+00, 0.0000E+00,
13:35:00.39298962, 2.6667E-02, 2.3467E+00, 1.3333E-01,
13:35:00.39298967, 2.6667E-02, 2.3333E+00, 2.6667E-01,
13:35:00.39298972, 1.3333E-02, 2.3733E+00,-1.3333E-01,
13:35:00.39298977, 0.0000E+00, 2.3467E+00,-1.3333E-01,
13:35:00.39298982, 1.3333E-02, 2.3733E+00, 1.3333E-01,
13:35:00.39298987,-2.6667E-02, 2.3200E+00, 2.6667E-01,
13:35:00.39298992,-1.3333E-02, 2.3867E+00, 2.6667E-01,
13:35:00.39298997,-1.3333E-02, 2.3467E+00, 1.3333E-01,
13:35:00.39299002, 1.3333E-02, 2.3600E+00,-1.3333E-01,
13:35:00.39299007, 1.3333E-02, 2.3733E+00,-1.3333E-01,
13:35:00.39299012, 4.0000E-02, 2.3600E+00, 0.0000E+00,
13:35:00.39299017, 1.3333E-02, 2.3867E+00, 0.0000E+00,
13:35:00.39299022, 2.6667E-02, 2.3600E+00, 0.0000E+00,
13:35:00.39299027, 4.0000E-02, 2.3467E+00, 4.0000E-01,
13:35:00.39299032, 0.0000E+00, 2.3733E+00, 0.0000E+00,
13:35:00.39299037,-1.3333E-02, 2.3867E+00, 1.3333E-01,
13:35:00.39299042, 2.6667E-02, 2.3600E+00, 2.6667E-01,
13:35:00.39299047, 1.3333E-02, 2.3867E+00, 0.0000E+00,
13:35:00.39299052, 2.6667E-02, 2.3867E+00, 4.0000E-01,
13:35:00.39299057, 0.0000E+00, 2.3733E+00, 0.0000E+00,
13:35:00.39299062, 1.3333E-02, 2.3733E+00,-1.3333E-01,
13:35:00.39299067, 2.6667E-02, 2.3867E+00, 6.6667E-01,
13:35:00.39299072, 0.0000E+00, 2.3867E+00, 0.0000E+00,
13:35:00.39299077, 1.3333E-02, 2.3867E+00, 0.0000E+00,
13:35:00.39299082,-1.3333E-02, 2.3733E+00, 2.6667E-01,
13:35:00.39299087,-1.3333E-02, 2.4000E+00, 4.0000E-01,
13:35:00.39299092, 2.6667E-02, 2.3467E+00, 4.0000E-01,
13:35:00.39299097, 4.0000E-02, 2.3867E+00, 2.6667E-01,
13:35:00.39299102, 5.3333E-02, 2.3600E+00, 5.3333E-01,
13:35:00.39299107, 2.6667E-02, 2.3600E+00, 0.0000E+00,
13:35:00.39299112, 1.3333E-02, 2.3867E+00, 1.3333E-01,
13:35:00.39299117, 4.0000E-02, 2.3333E+00, 0.0000E+00,
13:35:00.39299122, 4.0000E-02, 2.3600E+00, 0.0000E+00,
13:35:00.39299127, 1.3333E-02, 2.3867E+00, 0.0000E+00,
13:35:00.39299132, 0.0000E+00, 2.3467E+00, 0.0000E+00,
13:35:00.39299137,-2.6667E-02, 2.3733E+00, 1.3333E-01,
13:35:00.39299142,-1.3333E-02, 2.3867E+00,-1.3333E-01,
13:35:00.39299147, 0.0000E+00, 2.3600E+00,-1.3333E-01,
13:35:00.39299152, 1.3333E-02, 2.3733E+00, 1.3333E-01,
13:35:00.39299157, 1.3333E-02, 2.3867E+00,-1.3333E-01,
13:35:00.39299162,-1.3333E-02, 2.3867E+00, 1.3333E-01,
13:35:00.39299167, 4.0000E-02, 2.3600E+00, 0.0000E+00,
13:35:00.39299172, 4.0000E-02, 2.3467E+00,-1.3333E-01,
13:35:00.39299177, 4.0000E-02, 2.3733E+00, 1.3333E-01,
13:35:00.39299182, 1.3333E-02, 2.3467E+00, 2.6667E-01,
13:35:00.39299187,-2.6667E-02, 2.3600E+00,-1.3333E-01,
13:35:00.39299192, 1.3333E-02, 2.3867E+00,-1.3333E-01,
13:35:00.39299197, 2.6667E-02, 2.3867E+00, 1.3333E-01,
13:35:00.39299202, 0.0000E+00, 2.3867E+00, 1.3333E-01,
13:35:00.39299207, 0.0000E+00, 2.3600E+00,-1.3333E-01,
13:35:00.39299212, 0.0000E+00, 2.3600E+00, 1.3333E-01,
13:35:00.39299217, 1.3333E-02, 2.3333E+00, 0.0000E+00,
13:35:00.39299222, 4.0000E-02, 2.3867E+00, 0.0000E+00,
13:35:00.39299227, 0.0000E+00, 2.3867E+00, 5.3333E-01,
13:35:00.39299232,-1.3333E-02, 2.3467E+00, 2.6667E-01,
13:35:00.39299237, 1.3333E-02, 2.3867E+00, 2.6667E-01,
13:35:00.39299242, 0.0000E+00, 2.3600E+00, 1.3333E-01,
13:35:00.39299247, 4.0000E-02, 2.3867E+00, 1.3333E-01,
13:35:00.39299252, 4.0000E-02, 2.3867E+00,-2.6667E-01,
13:35:00.39299257, 1.3333E-02, 2.3867E+00, 1.3333E-01,
13:35:00.39299262, 1.3333E-02, 2.3600E+00, 1.3333E-01,
13:35:00.39299267, 1.3333E-02, 2.3733E+00, 0.0000E+00,
13:35:00.39299272,-1.3333E-02, 2.3867E+00, 2.6667E-01,
13:35:00.39299277, 0.0000E+00, 2.3867E+00, 2.6667E-01,
13:35:00.39299282, 1.3333E-02, 2.3600E+00, 4.0000E-01,
13:35:00.39299287, 0.0000E+00, 2.3600E+00, 2.6667E-01,
13:35:00.39299292, 0.0000E+00, 2.3867E+00, 2.6667E-01,
13:35:00.39299297, 1.3333E-02, 2.3467E+00, 0.0000E+00,
13:35:00.39299302, 2.6667E-02, 2.3600E+00, 1.3333E-01,
13:35:00.39299307, 1.3333E-02, 2.3867E+00, 2.6667E-01,
13:35:00.39299312, 4.0000E-02, 2.3867E+00,-1.3333E-01,
13:35:00.39299317,-1.3333E-02, 2.3733E+00, 0.0000E+00,
13:35:00.39299322, 0.0000E+00, 2.3867E+00, 2.6667E-01,
13:35:00.39299327, 1.3333E-02, 2.3733E+00, 0.0000E+00,
13:35:00.39299332,-1.3333E-02, 2.3733E+00, 2.6667E-01,
13:35:00.39299337, 2.6667E-02, 2.3733E+00, 0.0000E+00,
13:35:00.39299342, 1.3333E-02, 2.3600E+00, 1.3333E-01,
13:35:00.39299347, 1.3333E-02, 2.3867E+00, 1.3333E-01,
13:35:00.39299352, 0.0000E+00, 2.3733E+00, 1.3333E-01,
13:35:00.39299357,-1.3333E-02, 2.3467E+00, 2.6667E-01,
13:35:00.39299362, 1.3333E-02, 2.3467E+00, 4.0000E-01,
13:35:00.39299367, 2.6667E-02, 2.3600E+00, 4.0000E-01,
13:35:00.39299372,-1.3333E-02, 2.3867E+00, 4.0000E-01,
13:35:00.39299377, 2.6667E-02, 2.3600E+00, 1.3333E-01,
13:35:00.39299382, 1.3333E-02, 2.3600E+00, 0.0000E+00,
13:35:00.39299387, 0.0000E+00, 2.3733E+00, 2.6667E-01,
13:35:00.39299392, 1.3333E-02, 2.3467E+00, 1.3333E-01,
13:35:00.39299397, 2.6667E-02, 2.3600E+00,-1.3333E-01,
13:35:00.39299402, 4.0000E-02, 2.3867E+00,-1.3333E-01,
13:35:00.39299407, 0.0000E+00, 2.3867E+00,-1.3333E-01,
13:35:00.39299412,-1.3333E-02, 2.3600E+00, 1.3333E-01,
13:35:00.39299417, 0.0000E+00, 2.3733E+00, 1.3333E-01,
13:35:00.39299422,-1.3333E-02, 2.3467E+00, 1.3333E-01,
13:35:00.39299427, 5.3333E-02, 2.3600E+00, 1.3333E-01,
13:35:00.39299432,-1.3333E-02, 2.3867E+00, 4.0000E-01,
13:35:00.39299437,-2.6667E-02, 2.3733E+00, 2.6667E-01,
13:35:00.39299442, 0.0000E+00, 2.3867E+00, 4.0000E-01,
13:35:00.39299447, 1.3333E-02, 2.3600E+00,-2.6667E-01,
13:35:00.39299452, 0.0000E+00, 2.3867E+00, 2.6667E-01,
13:35:00.39299457, 1.3333E-02, 2.3467E+00, 1.3333E-01,
13:35:00.39299462, 0.0000E+00, 2.3867E+00, 1.3333E-01,
13:35:00.39299467,-1.3333E-02, 2.3733E+00, 0.0000E+00,
13:35:00.39299472, 1.3333E-02, 2.3867E+00, 1.3333E-01,
13:35:00.39299477, 2.6667E-02, 2.3867E+00, 2.6667E-01,
13:35:00.39299482,-1.3333E-02, 2.3733E+00, 0.0000E+00,
13:35:00.39299487, 2.6667E-02, 2.3600E+00,-1.3333E-01,
13:35:00.39299492, 0.0000E+00, 2.3867E+00, 2.6667E-01,
13:35:00.39299497, 1.3333E-02, 2.3733E+00,-1.3333E-01,
13:35:00.39299502, 1.3333E-02, 2.3733E+00, 1.3333E-01,
13:35:00.39299507, 2.6667E-02, 2.3733E+00, 1.3333E-01,
13:35:00.39299512, 0.0000E+00, 2.3733E+00, 1.3333E-01,
13:35:00.39299517, 1.3333E-02, 2.3733E+00, 0.0000E+00,
13:35:00.39299522, 0.0000E+00, 2.3733E+00, 1.3333E-01,
13:35:00.39299527, 0.0000E+00, 2.3733E+00, 2.6667E-01,
13:35:00.39299532, 1.3333E-02, 2.3600E+00, 2.6667E-01,
13:35:00.39299537, 2.6667E-02, 2.3733E+00, 2.6667E-01,
13:35:00.39299542, 5.3333E-02, 2.3867E+00, 1.3333E-01,
13:35:00.39299547,-1.3333E-02, 2.3867E+00, 1.3333E-01,
13:35:00.39299552, 2.6667E-02, 2.3733E+00,-1.3333E-01,
13:35:00.39299557, 0.0000E+00, 2.3867E+00, 1.3333E-01,
13:35:00.39299562, 1.3333E-02, 2.3867E+00, 0.0000E+00,
13:35:00.39299567, 0.0000E+00, 2.3867E+00, 2.6667E-01,
13:35:00.39299572, 1.3333E-02, 2.3867E+00, 1.3333E-01,
13:35:00.39299577, 0.0000E+00, 2.3733E+00, 5.3333E-01,
13:35:00.39299582, 1.3333E-02, 2.3467E+00, 1.3333E-01,
13:35:00.39299587, 1.3333E-02, 2.3467E+00, 1.3333E-01,
13:35:00.39299592, 2.6667E-02, 2.3733E+00, 1.3333E-01,
13:35:00.39299597, 1.3333E-02, 2.3600E+00, 0.0000E+00,
13:35:00.39299602, 2.6667E-02, 2.3600E+00,-2.6667E-01,
13:35:00.39299607, 0.0000E+00, 2.3467E+00, 4.0000E-01,
13:35:00.39299612,-1.3333E-02, 2.3867E+00, 2.6667E-01,
13:35:00.39299617, 0.0000E+00, 2.3467E+00, 2.6667E-01,
13:35:00.39299622, 1.3333E-02, 2.3867E+00, 2.6667E-01,
13:35:00.39299627, 4.0000E-02, 2.3600E+00, 2.6667E-01,
13:35:00.39299632, 0.0000E+00, 2.3733E+00, 2.6667E-01,
13:35:00.39299637,-1.3333E-02, 2.3733E+00,-1.3333E-01,
13:35:00.39299642, 2.6667E-02, 2.3467E+00, 0.0000E+00,
13:35:00.39299647, 1.3333E-02, 2.3467E+00,-1.3333E-01,
13:35:00.39299652, 4.0000E-02, 2.3600E+00, 1.3333E-01,
13:35:00.39299657,-1.3333E-02, 2.3333E+00, 2.6667E-01,
13:35:00.39299662,-1.3333E-02, 2.3600E+00,-1.3333E-01,
13:35:00.39299667, 0.0000E+00, 2.3733E+00,-1.3333E-01,
13:35:00.39299672, 0.0000E+00, 2.3467E+00,-1.3333E-01,
13:35:00.39299677, 1.3333E-02, 2.3867E+00, 2.6667E-01,
13:35:00.39299682, 1.3333E-02, 2.3467E+00, 1.3333E-01,
13:35:00.39299687, 1.3333E-02, 2.3600E+00, 0.0000E+00,
13:35:00.39299692, 2.6667E-02, 2.3733E+00, 1.3333E-01,
13:35:00.39299697, 4.0000E-02, 2.3867E+00,-2.6667E-01,
13:35:00.39299702, 1.3333E-02, 2.3467E+00,-1.3333E-01,
13:35:00.39299707, 0.0000E+00, 2.3867E+00, 1.3333E-01,
13:35:00.39299712, 0.0000E+00, 2.3867E+00, 0.0000E+00,
13:35:00.39299717, 2.6667E-02, 2.3867E+00, 2.6667E-01,
13:35:00.39299722, 0.0000E+00, 2.3733E+00, 4.0000E-01,
13:35:00.39299727, 0.0000E+00, 2.3600E+00, 4.0000E-01,
13:35:00.39299732, 2.6667E-02, 2.3733E+00,-1.3333E-01,
13:35:00.39299737, 2.6667E-02, 2.3733E+00, 4.0000E-01,
13:35:00.39299742, 1.3333E-02, 2.3333E+00, 0.0000E+00,
13:35:00.39299747, 2.6667E-02, 2.3467E+00,-2.6667E-01,
13:35:00.39299752, 0.0000E+00, 2.3867E+00, 1.3333E-01,
13:35:00.39299757, 0.0000E+00, 2.3733E+00, 2.6667E-01,
13:35:00.39299762, 0.0000E+00, 2.3867E+00, 2.6667E-01,
13:35:00.39299767, 0.0000E+00, 2.3867E+00, 1.3333E-01,
13:35:00.39299772, 0.0000E+00, 2.3867E+00, 0.0000E+00,
13:35:00.39299777, 2.6667E-02, 2.3867E+00, 0.0000E+00,
13:35:00.39299782, 2.6667E-02, 2.3867E+00, 4.0000E-01,
13:35:00.39299787,-1.3333E-02, 2.3733E+00,-1.3333E-01,
13:35:00.39299792,-1.3333E-02, 2.3867E+00, 1.3333E-01,
13:35:00.39299797, 1.3333E-02, 2.3600E+00,-2.6667E-01,
13:35:00.39299802,-1.3333E-02, 2.3600E+00, 2.6667E-01,
13:35:00.39299807,-1.3333E-02, 2.3333E+00, 2.6667E-01,
13:35:00.39299812, 0.0000E+00, 2.3467E+00, 0.0000E+00,
13:35:00.39299817, 1.3333E-02, 2.3467E+00,-1.3333E-01,
13:35:00.39299822, 2.6667E-02, 2.3200E+00,-1.3333E-01,
13:35:00.39299827, 4.0000E-02, 2.3867E+00, 0.0000E+00,
13:35:00.39299832, 1.3333E-02, 2.3600E+00, 4.0000E-01,
13:35:00.39299837, 2.6667E-02, 2.3600E+00,-1.3333E-01,
13:35:00.39299842, 1.3333E-02, 2.3733E+00, 1.3333E-01,
13:35:00.39299847,-1.3333E-02, 2.3733E+00, 0.0000E+00,
13:35:00.39299852, 0.0000E+00, 2.3467E+00, 0.0000E+00,
13:35:00.39299857, 2.6667E-02, 2.3600E+00, 1.3333E-01,
13:35:00.39299862,-1.3333E-02, 2.3733E+00, 1.3333E-01,
13:35:00.39299867, 2.6667E-02, 2.3867E+00, 0.0000E+00,
13:35:00.39299872, 1.3333E-02, 2.3733E+00, 1.3333E-01,
13:35:00.39299877, 4.0000E-02, 2.3600E+00, 1.3333E-01,
13:35:00.39299882, 1.3333E-02, 2.3600E+00,-1.3333E-01,
13:35:00.39299887, 2.6667E-02, 2.4000E+00, 0.0000E+00,
13:35:00.39299892, 1.3333E-02, 2.3867E+00, 0.0000E+00,
13:35:00.39299897, 0.0000E+00, 2.3867E+00,-1.3333E-01,
13:35:00.39299902,-1.3333E-02, 2.3733E+00, 5.3333E-01,
13:35:00.39299907, 1.3333E-02, 2.3467E+00, 0.0000E+00,
13:35:00.39299912, 1.3333E-02, 2.3600E+00, 0.0000E+00,
13:35:00.39299917, 1.3333E-02, 2.3733E+00,-1.3333E-01,
13:35:00.39299922,-1.3333E-02, 2.3600E+00, 0.0000E+00,
13:35:00.39299927, 5.3333E-02, 2.3733E+00, 4.0000E-01,
13:35:00.39299932, 1.3333E-02, 2.3733E+00, 1.3333E-01,
13:35:00.39299937, 0.0000E+00, 2.3600E+00,-2.6667E-01,
13:35:00.39299942,-1.3333E-02, 2.3733E+00,-1.3333E-01,
13:35:00.39299947, 0.0000E+00, 2.3867E+00,-1.3333E-01,
13:35:00.39299952,-2.6667E-02, 2.3467E+00, 0.0000E+00,
13:35:00.39299957, 4.0000E-02, 2.3467E+00, 2.6667E-01,
13:35:00.39299962,-1.3333E-02, 2.3867E+00,-2.6667E-01,
13:35:00.39299967,-1.3333E-02, 2.3467E+00, 1.3333E-01,
13:35:00.39299972, 2.6667E-02, 2.3600E+00, 1.3333E-01,
13:35:00.39299977, 2.6667E-02, 2.3600E+00,-1.3333E-01,
13:35:00.39299982,-1.3333E-02, 2.3733E+00, 1.3333E-01,
13:35:00.39299987, 1.3333E-02, 2.3600E+00, 1.3333E-01,
13:35:00.39299992, 0.0000E+00, 2.3600E+00, 0.0000E+00,
13:35:00.39299997,-1.3333E-02, 2.3867E+00, 2.6667E-01,
13:35:00.39300002,-1.3333E-02, 2.3600E+00, 1.3333E-01,
13:35:00.39300007, 6.6667E-02, 2.3333E+00, 2.6667E-01,
13:35:00.39300012, 0.0000E+00, 2.3733E+00, 2.6667E-01,
13:35:00.39300017, 1.3333E-02, 2.3467E+00, 0.0000E+00,
13:35:00.39300022,-2.6667E-02, 2.3600E+00, 0.0000E+00,
13:35:00.39300027, 0.0000E+00, 2.3733E+00, 0.0000E+00,
13:35:00.39300032, 1.3333E-02, 2.3467E+00, 0.0000E+00,
13:35:00.39300037, 1.3333E-02, 2.3867E+00, 1.3333E-01,
13:35:00.39300042, 0.0000E+00, 2.3867E+00, 1.3333E-01,
13:35:00.39300047,-2.6667E-02, 2.3733E+00, 0.0000E+00,
13:35:00.39300052,-1.3333E-02, 2.3867E+00, 0.0000E+00,
13:35:00.39300057, 0.0000E+00, 2.3733E+00,-1.3333E-01,
13:35:00.39300062, 1.3333E-02, 2.3867E+00, 1.3333E-01,
13:35:00.39300067, 1.3333E-02, 2.3467E+00, 0.0000E+00,
13:35:00.39300072, 1.3333E-02, 2.3600E+00, 1.3333E-01,
13:35:00.39300077, 2.6667E-02, 2.3733E+00, 0.0000E+00,
13:35:00.39300082, 0.0000E+00, 2.3733E+00, 2.6667E-01,
13:35:00.39300087, 1.3333E-02, 2.3867E+00, 0.0000E+00,
13:35:00.39300092, 1.3333E-02, 2.3867E+00, 2.6667E-01,
13:35:00.39300097, 1.3333E-02, 2.3733E+00, 0.0000E+00,
13:35:00.39300102,-2.6667E-02, 2.3467E+00, 1.3333E-01,
13:35:00.39300107, 1.3333E-02, 2.3867E+00, 0.0000E+00,
13:35:00.39300112, 1.3333E-02, 2.3600E+00, 1.3333E-01,
13:35:00.39300117, 5.3333E-02, 2.3600E+00, 4.0000E-01,
13:35:00.39300122, 5.3333E-02, 2.3867E+00,-1.3333E-01,
13:35:00.39300127, 4.0000E-02, 2.3600E+00, 2.6667E-01,
13:35:00.39300132, 2.6667E-02, 2.4000E+00,-1.3333E-01,
13:35:00.39300137,-1.3333E-02, 2.3733E+00,-1.3333E-01,
13:35:00.39300142, 1.3333E-02, 2.3733E+00, 0.0000E+00,
13:35:00.39300147, 1.3333E-02, 2.3333E+00, 1.3333E-01,
13:35:00.39300152, 4.0000E-02, 2.3733E+00, 1.3333E-01,
13:35:00.39300157, 2.6667E-02, 2.3600E+00, 1.3333E-01,
13:35:00.39300162, 0.0000E+00, 2.3867E+00, 2.6667E-01,
13:35:00.39300167, 0.0000E+00, 2.3600E+00, 2.6667E-01,
13:35:00.39300172, 2.6667E-02, 2.3867E+00, 2.6667E-01,
13:35:00.39300177, 0.0000E+00, 2.3600E+00,-1.3333E-01,
13:35:00.39300182, 1.3333E-02, 2.3600E+00, 2.6667E-01,
13:35:00.39300187, 2.6667E-02, 2.3733E+00,-1.3333E-01,
13:35:00.39300192,-4.0000E-02, 2.3867E+00, 1.3333E-01,
13:35:00.39300197, 1.3333E-02, 2.3867E+00, 0.0000E+00,
13:35:00.39300202, 2.6667E-02, 2.3733E+00, 4.0000E-01,
13:35:00.39300207, 0.0000E+00, 2.3467E+00, 2.6667E-01,
13:35:00.39300212, 0.0000E+00, 2.3867E+00, 1.3333E-01,
13:35:00.39300217, 4.0000E-02, 2.3867E+00,-1.3333E-01,
13:35:00.39300222, 2.6667E-02, 2.3467E+00,-4.0000E-01,
13:35:00.39300227, 0.0000E+00, 2.3600E+00,-1.3333E-01,
13:35:00.39300232, 1.3333E-02, 2.3733E+00, 0.0000E+00,
13:35:00.39300237,-2.6667E-02, 2.3467E+00,-1.3333E-01,
13:35:00.39300242, 1.3333E-02, 2.3733E+00, 1.3333E-01,
13:35:00.39300247, 0.0000E+00, 2.3600E+00, 4.0000E-01,
13:35:00.39300252, 2.6667E-02, 2.3867E+00, 1.3333E-01,
13:35:00.39300257, 4.0000E-02, 2.3733E+00, 0.0000E+00,
13:35:00.39300262, 2.6667E-02, 2.3733E+00, 2.6667E-01,
13:35:00.39300267, 1.3333E-02, 2.3733E+00, 1.3333E-01,
13:35:00.39300272,-1.3333E-02, 2.3467E+00,-1.3333E-01,
13:35:00.39300277, 2.6667E-02, 2.3467E+00,-2.6667E-01,
13:35:00.39300282, 1.3333E-02, 2.3467E+00,-1.3333E-01,
13:35:00.39300287, 0.0000E+00, 2.4000E+00, 1.3333E-01,
13:35:00.39300292, 1.3333E-02, 2.3600E+00, 1.3333E-01,
13:35:00.39300297, 1.3333E-02, 2.3867E+00, 4.0000E-01,
13:35:00.39300302, 0.0000E+00, 2.3333E+00, 4.0000E-01,
13:35:00.39300307, 1.3333E-02, 2.3867E+00, 0.0000E+00,
13:35:00.39300312,-1.3333E-02, 2.3600E+00,-1.3333E-01,
13:35:00.39300317, 1.3333E-02, 2.3733E+00, 4.0000E-01,
13:35:00.39300322, 1.3333E-02, 2.3867E+00, 0.0000E+00,
13:35:00.39300327, 1.3333E-02, 2.3733E+00,-1.3333E-01,
13:35:00.39300332, 1.3333E-02, 2.3600E+00, 4.0000E-01,
13:35:00.39300337,-1.3333E-02, 2.3600E+00, 0.0000E+00,
13:35:00.39300342, 2.6667E-02, 2.3733E+00, 1.3333E-01,
13:35:00.39300347, 4.0000E-02, 2.3600E+00,-1.3333E-01,
13:35:00.39300352, 0.0000E+00, 2.3867E+00, 1.3333E-01,
13:35:00.39300357, 1.3333E-02, 2.3867E+00, 0.0000E+00,
13:35:00.39300362, 2.6667E-02, 2.3867E+00, 4.0000E-01,
13:35:00.39300367,-1.3333E-02, 2.3733E+00, 2.6667E-01,
13:35:00.39300372, 1.3333E-02, 2.3733E+00,-1.3333E-01,
13:35:00.39300377,-1.3333E-02, 2.3733E+00, 0.0000E+00,
13:35:00.39300382,-1.3333E-02, 2.3733E+00, 1.3333E-01,
13:35:00.39300387,-1.3333E-02, 2.3733E+00,-1.3333E-01,
13:35:00.39300392, 0.0000E+00, 2.3467E+00, 1.3333E-01,
13:35:00.39300397, 0.0000E+00, 2.3733E+00, 0.0000E+00,
13:35:00.39300402, 2.6667E-02, 2.3867E+00, 1.3333E-01,
13:35:00.39300407, 2.6667E-02, 2.3867E+00, 0.0000E+00,
13:35:00.39300412, 4.0000E-02, 2.3733E+00, 4.0000E-01,
13:35:00.39300417, 1.3333E-02, 2.3867E+00, 0.0000E+00,
13:35:00.39300422, 2.6667E-02, 2.3867E+00, 2.6667E-01,
13:35:00.39300427,-1.3333E-02, 2.3867E+00, 1.3333E-01,
13:35:00.39300432, 0.0000E+00, 2.3467E+00, 1.3333E-01,
13:35:00.39300437, 0.0000E+00, 2.3733E+00, 1.3333E-01,
13:35:00.39300442,-1.3333E-02, 2.3733E+00, 0.0000E+00,
13:35:00.39300447, 1.3333E-02, 2.3733E+00,-1.3333E-01,
13:35:00.39300452, 1.3333E-02, 2.3867E+00, 0.0000E+00,
13:35:00.39300457, 0.0000E+00, 2.3867E+00, 2.6667E-01,
13:35:00.39300462, 0.0000E+00, 2.3733E+00, 2.6667E-01,
13:35:00.39300467,-1.3333E-02, 2.3600E+00, 0.0000E+00,
13:35:00.39300472,-2.6667E-02, 2.3600E+00,-2.6667E-01,
13:35:00.39300477, 1.3333E-02, 2.3600E+00, 2.6667E-01,
13:35:00.39300482, 0.0000E+00, 2.3733E+00, 1.3333E-01,
13:35:00.39300487, 0.0000E+00, 2.3467E+00, 1.3333E-01,
13:35:00.39300492, 1.3333E-02, 2.3733E+00, 0.0000E+00,
13:35:00.39300497, 4.0000E-02, 2.3867E+00, 4.0000E-01,
13:35:00.39300502,-2.6667E-02, 2.3733E+00, 1.3333E-01,
13:35:00.39300507, 0.0000E+00, 2.3867E+00, 4.0000E-01,
13:35:00.39300512, 4.0000E-02, 2.3867E+00, 2.6667E-01,
13:35:00.39300517,-1.3333E-02, 2.4000E+00, 1.3333E-01,
13:35:00.39300522, 0.0000E+00, 2.3467E+00, 4.0000E-01,
13:35:00.39300527, 0.0000E+00, 2.3733E+00, 0.0000E+00,
13:35:00.39300532,-2.6667E-02, 2.3600E+00,-2.6667E-01,
13:35:00.39300537, 0.0000E+00, 2.3867E+00,-1.3333E-01,
13:35:00.39300542, 2.6667E-02, 2.3867E+00, 2.6667E-01,
13:35:00.39300547, 1.3333E-02, 2.3600E+00, 0.0000E+00,
13:35:00.39300552, 1.3333E-02, 2.3733E+00, 1.3333E-01,
13:35:00.39300557, 4.0000E-02, 2.3867E+00, 1.3333E-01,
13:35:00.39300562, 0.0000E+00, 2.3867E+00, 2.6667E-01,
13:35:00.39300567, 1.3333E-02, 2.3600E+00,-1.3333E-01,
13:35:00.39300572,-2.6667E-02, 2.3467E+00,-1.3333E-01,
13:35:00.39300577,-2.6667E-02, 2.3333E+00,-2.6667E-01,
13:35:00.39300582, 0.0000E+00, 2.3333E+00, 0.0000E+00,
13:35:00.39300587, 2.6667E-02, 2.3333E+00, 2.6667E-01,
13:35:00.39300592, 0.0000E+00, 2.3600E+00, 0.0000E+00,
13:35:00.39300597, 1.3333E-02, 2.3333E+00,-1.3333E-01,
13:35:00.39300602, 1.3333E-02, 2.4000E+00, 2.6667E-01,
13:35:00.39300607, 1.3333E-02, 2.3867E+00, 1.3333E-01,
13:35:00.39300612, 0.0000E+00, 2.3600E+00, 0.0000E+00,
13:35:00.39300617,-1.3333E-02, 2.3733E+00, 0.0000E+00,
13:35:00.39300622, 0.0000E+00, 2.3733E+00, 0.0000E+00,
13:35:00.39300627, 0.0000E+00, 2.3867E+00, 0.0000E+00,
13:35:00.39300632, 0.0000E+00, 2.3733E+00, 2.6667E-01,
13:35:00.39300637,-1.3333E-02, 2.3733E+00, 0.0000E+00,
13:35:00.39300642, 2.6667E-02, 2.3333E+00, 0.0000E+00,
13:35:00.39300647, 1.3333E-02, 2.3867E+00, 4.0000E-01,
13:35:00.39300652,-1.3333E-02, 2.3867E+00, 4.0000E-01,
13:35:00.39300657, 2.6667E-02, 2.3867E+00, 2.6667E-01,
13:35:00.39300662, 0.0000E+00, 2.3867E+00, 2.6667E-01,
13:35:00.39300667, 1.3333E-02, 2.3600E+00, 2.6667E-01,
13:35:00.39300672,-4.0000E-02, 2.3733E+00, 2.6667E-01,
13:35:00.39300677, 1.3333E-02, 2.3600E+00,-1.3333E-01,
13:35:00.39300682, 1.3333E-02, 2.3467E+00, 0.0000E+00,
13:35:00.39300687, 0.0000E+00, 2.3600E+00, 1.3333E-01,
13:35:00.39300692, 1.3333E-02, 2.3733E+00,-1.3333E-01,
13:35:00.39300697, 1.3333E-02, 2.3867E+00,-1.3333E-01,
13:35:00.39300702, 0.0000E+00, 2.3733E+00, 2.6667E-01,
13:35:00.39300707, 0.0000E+00, 2.3867E+00, 0.0000E+00,
13:35:00.39300712, 0.0000E+00, 2.3600E+00, 0.0000E+00,
13:35:00.39300717, 0.0000E+00, 2.3867E+00, 0.0000E+00,
13:35:00.39300722, 0.0000E+00, 2.3867E+00, 1.3333E-01,
13:35:00.39300727, 1.3333E-02, 2.4133E+00, 2.6667E-01,
13:35:00.39300732, 0.0000E+00, 2.3733E+00, 1.3333E-01,
13:35:00.39300737, 1.3333E-02, 2.3600E+00, 1.3333E-01,
13:35:00.39300742, 2.6667E-02, 2.3867E+00, 0.0000E+00,
13:35:00.39300747, 1.3333E-02, 2.3867E+00, 2.6667E-01,
13:35:00.39300752, 4.0000E-02, 2.3733E+00, 1.3333E-01,
13:35:00.39300757, 0.0000E+00, 2.3733E+00, 1.3333E-01,
13:35:00.39300762, 0.0000E+00, 2.3733E+00, 1.3333E-01,
13:35:00.39300767,-1.3333E-02, 2.3867E+00, 1.3333E-01,
13:35:00.39300772, 2.6667E-02, 2.3733E+00, 1.3333E-01,
13:35:00.39300777, 2.6667E-02, 2.3733E+00,-1.3333E-01,
13:35:00.39300782, 1.3333E-02, 2.3733E+00, 0.0000E+00,
13:35:00.39300787, 2.6667E-02, 2.3733E+00,-2.6667E-01,
13:35:00.39300792, 1.3333E-02, 2.3733E+00, 0.0000E+00,
13:35:00.39300797, 1.3333E-02, 2.3600E+00, 2.6667E-01,
13:35:00.39300802,-1.3333E-02, 2.3733E+00, 1.3333E-01,
13:35:00.39300807, 0.0000E+00, 2.3867E+00,-2.6667E-01,
13:35:00.39300812, 0.0000E+00, 2.3733E+00, 1.3333E-01,
13:35:00.39300817, 2.6667E-02, 2.3867E+00, 1.3333E-01,
13:35:00.39300822,-2.6667E-02, 2.3733E+00, 2.6667E-01,
13:35:00.39300827, 1.3333E-02, 2.3867E+00, 0.0000E+00,
13:35:00.39300832, 0.0000E+00, 2.3733E+00, 2.6667E-01,
13:35:00.39300837, 4.0000E-02, 2.3733E+00, 0.0000E+00,
13:35:00.39300842, 4.0000E-02, 2.3467E+00, 0.0000E+00,
13:35:00.39300847, 2.6667E-02, 2.3600E+00, 0.0000E+00,
13:35:00.39300852, 0.0000E+00, 2.3733E+00,-1.3333E-01,
13:35:00.39300857, 1.3333E-02, 2.3600E+00,-2.6667E-01,
13:35:00.39300862, 2.6667E-02, 2.3867E+00, 1.3333E-01,
13:35:00.39300867,-1.3333E-02, 2.3867E+00, 1.3333E-01,
13:35:00.39300872, 1.3333E-02, 2.3867E+00,-1.3333E-01,
13:35:00.39300877, 1.3333E-02, 2.3733E+00, 4.0000E-01,
13:35:00.39300882, 1.3333E-02, 2.4133E+00, 2.6667E-01,
13:35:00.39300887, 4.0000E-02, 2.3733E+00,-1.3333E-01,
13:35:00.39300892, 2.6667E-02, 2.3733E+00, 0.0000E+00,
13:35:00.39300897, 1.3333E-02, 2.3867E+00, 1.3333E-01,
13:35:00.39300902,-2.6667E-02, 2.3600E+00, 1.3333E-01,
13:35:00.39300907, 0.0000E+00, 2.3733E+00, 2.6667E-01,
13:35:00.39300912,-1.3333E-02, 2.3600E+00, 1.3333E-01,
13:35:00.39300917, 4.0000E-02, 2.3867E+00, 0.0000E+00,
13:35:00.39300922, 1.3333E-02, 2.3600E+00, 2.6667E-01,
13:35:00.39300927, 2.6667E-02, 2.3733E+00, 2.6667E-01,
13:35:00.39300932, 0.0000E+00, 2.3600E+00, 0.0000E+00,
13:35:00.39300937,-1.3333E-02, 2.3467E+00, 5.3333E-01,
13:35:00.39300942,-4.0000E-02, 2.3733E+00, 4.0000E-01,
13:35:00.39300947, 4.0000E-02, 2.3867E+00, 1.3333E-01,
13:35:00.39300952, 0.0000E+00, 2.3867E+00, 1.3333E-01,
13:35:00.39300957, 1.3333E-02, 2.3733E+00, 1.3333E-01,
13:35:00.39300962, 1.3333E-02, 2.3600E+00,-2.6667E-01,
13:35:00.39300967, 1.3333E-02, 2.3733E+00, 0.0000E+00,
13:35:00.39300972, 1.3333E-02, 2.3867E+00, 1.3333E-01,
13:35:00.39300977,-1.3333E-02, 2.3733E+00, 4.0000E-01,
13:35:00.39300982, 2.6667E-02, 2.3600E+00, 1.3333E-01,
13:35:00.39300987, 0.0000E+00, 2.3733E+00, 0.0000E+00,
13:35:00.39300992, 1.3333E-02, 2.3733E+00, 2.6667E-01,
13:35:00.39300997, 1.3333E-02, 2.3733E+00, 2.6667E-01,
13:35:00.39301002,-1.3333E-02, 2.3467E+00, 5.3333E-01,
13:35:00.39301007,-1.3333E-02, 2.3733E+00, 0.0000E+00,
13:35:00.39301012, 0.0000E+00, 2.3733E+00,-1.3333E-01,
13:35:00.39301017, 0.0000E+00, 2.3733E+00,-2.6667E-01,
13:35:00.39301022, 0.0000E+00, 2.3733E+00, 0.0000E+00,
13:35:00.39301027, 2.6667E-02, 2.3867E+00,-2.6667E-01,
13:35:00.39301032, 0.0000E+00, 2.3733E+00,-1.3333E-01,
13:35:00.39301037, 2.6667E-02, 2.3600E+00, 1.3333E-01,
13:35:00.39301042, 0.0000E+00, 2.3333E+00, 0.0000E+00,
13:35:00.39301047, 2.6667E-02, 2.3467E+00, 1.3333E-01,
13:35:00.39301052,-2.6667E-02, 2.3600E+00, 0.0000E+00,
13:35:00.39301057, 2.6667E-02, 2.3867E+00,-1.3333E-01,
13:35:00.39301062, 1.3333E-02, 2.3600E+00,-4.0000E-01,
13:35:00.39301067, 1.3333E-02, 2.3867E+00, 1.3333E-01,
13:35:00.39301072, 0.0000E+00, 2.3733E+00, 1.3333E-01,
13:35:00.39301077, 2.6667E-02, 2.3867E+00, 0.0000E+00,
13:35:00.39301082,-2.6667E-02, 2.3867E+00, 1.3333E-01,
13:35:00.39301087, 0.0000E+00, 2.3867E+00, 2.6667E-01,
13:35:00.39301092,-2.6667E-02, 2.3733E+00, 0.0000E+00,
13:35:00.39301097, 1.3333E-02, 2.3867E+00, 1.3333E-01,
13:35:00.39301102,-1.3333E-02, 2.3600E+00, 1.3333E-01,
13:35:00.39301107, 2.6667E-02, 2.3867E+00, 1.3333E-01,
13:35:00.39301112,-1.3333E-02, 2.3733E+00, 1.3333E-01,
13:35:00.39301117, 0.0000E+00, 2.3733E+00, 1.3333E-01,
13:35:00.39301122, 2.6667E-02, 2.4000E+00, 0.0000E+00,
13:35:00.39301127, 6.6667E-02, 2.3867E+00, 1.3333E-01,
13:35:00.39301132, 2.6667E-02, 2.3733E+00, 2.6667E-01,
13:35:00.39301137, 1.3333E-02, 2.3867E+00, 0.0000E+00,
13:35:00.39301142, 1.3333E-02, 2.3867E+00, 1.3333E-01,
13:35:00.39301147, 0.0000E+00, 2.3733E+00, 2.6667E-01,
13:35:00.39301152,-1.3333E-02, 2.3867E+00, 0.0000E+00,
13:35:00.39301157, 2.6667E-02, 2.3867E+00, 1.3333E-01,
13:35:00.39301162, 1.3333E-02, 2.3733E+00, 0.0000E+00,
13:35:00.39301167, 1.3333E-02, 2.3733E+00, 0.0000E+00,
13:35:00.39301172, 1.3333E-02, 2.3733E+00,-1.3333E-01,
13:35:00.39301177, 1.3333E-02, 2.3867E+00, 0.0000E+00,
13:35:00.39301182, 6.6667E-02, 2.3867E+00, 2.6667E-01,
13:35:00.39301187,-2.6667E-02, 2.3733E+00, 4.0000E-01,
13:35:00.39301192,-2.6667E-02, 2.3733E+00, 2.6667E-01,
13:35:00.39301197, 0.0000E+00, 2.3600E+00, 4.0000E-01,
13:35:00.39301202, 0.0000E+00, 2.3733E+00, 2.6667E-01,
13:35:00.39301207, 1.3333E-02, 2.3600E+00, 4.0000E-01,
13:35:00.39301212, 2.6667E-02, 2.3600E+00, 0.0000E+00,
13:35:00.39301217, 0.0000E+00, 2.3733E+00, 2.6667E-01,
13:35:00.39301222, 1.3333E-02, 2.3600E+00, 2.6667E-01,
13:35:00.39301227, 1.3333E-02, 2.3867E+00,-5.3333E-01,
13:35:00.39301232, 0.0000E+00, 2.3600E+00, 1.3333E-01,
13:35:00.39301237, 1.3333E-02, 2.3733E+00, 4.0000E-01,
13:35:00.39301242, 4.0000E-02, 2.3467E+00, 0.0000E+00,
13:35:00.39301247, 0.0000E+00, 2.3467E+00, 4.0000E-01,
13:35:00.39301252, 0.0000E+00, 2.3467E+00, 0.0000E+00,
13:35:00.39301257, 2.6667E-02, 2.3867E+00, 0.0000E+00,
13:35:00.39301262, 2.6667E-02, 2.3733E+00, 0.0000E+00,
13:35:00.39301267, 1.3333E-02, 2.3867E+00, 1.3333E-01,
13:35:00.39301272, 1.3333E-02, 2.3733E+00, 5.3333E-01,
13:35:00.39301277,-1.3333E-02, 2.3333E+00, 1.3333E-01,
13:35:00.39301282, 0.0000E+00, 2.3467E+00, 1.3333E-01,
13:35:00.39301287, 1.3333E-02, 2.3600E+00, 2.6667E-01,
13:35:00.39301292, 0.0000E+00, 2.3600E+00, 0.0000E+00,
13:35:00.39301297,-1.3333E-02, 2.3600E+00, 1.3333E-01,
13:35:00.39301302, 1.3333E-02, 2.3733E+00, 0.0000E+00,
13:35:00.39301307, 0.0000E+00, 2.3600E+00, 1.3333E-01,
13:35:00.39301312, 1.3333E-02, 2.3867E+00, 0.0000E+00,
13:35:00.39301317, 2.6667E-02, 2.3867E+00, 2.6667E-01,
13:35:00.39301322, 1.3333E-02, 2.3600E+00, 2.6667E-01,
13:35:00.39301327, 0.0000E+00, 2.3600E+00, 1.3333E-01,
13:35:00.39301332,-1.3333E-02, 2.3867E+00,-4.0000E-01,
13:35:00.39301337, 0.0000E+00, 2.3733E+00, 0.0000E+00,
13:35:00.39301342,-4.0000E-02, 2.3600E+00, 1.3333E-01,
13:35:00.39301347,-1.3333E-02, 2.3600E+00, 0.0000E+00,
13:35:00.39301352,-1.3333E-02, 2.3733E+00,-2.6667E-01,
13:35:00.39301357, 4.0000E-02, 2.3867E+00, 1.3333E-01,
13:35:00.39301362, 2.6667E-02, 2.3867E+00, 1.3333E-01,
13:35:00.39301367, 1.3333E-02, 2.3733E+00, 1.3333E-01,
13:35:00.39301372, 2.6667E-02, 2.3867E+00, 4.0000E-01,
13:35:00.39301377, 2.6667E-02, 2.3733E+00, 2.6667E-01,
13:35:00.39301382,-1.3333E-02, 2.3333E+00, 0.0000E+00,
13:35:00.39301387,-1.3333E-02, 2.3600E+00, 6.6667E-01,
13:35:00.39301392, 2.6667E-02, 2.3867E+00, 0.0000E+00,
13:35:00.39301397, 0.0000E+00, 2.3867E+00,-1.3333E-01,
13:35:00.39301402, 2.6667E-02, 2.3600E+00, 1.3333E-01,
13:35:00.39301407, 2.6667E-02, 2.3467E+00,-1.3333E-01,
13:35:00.39301412, 1.3333E-02, 2.3867E+00, 0.0000E+00,
13:35:00.39301417, 0.0000E+00, 2.3867E+00, 0.0000E+00,
13:35:00.39301422, 1.3333E-02, 2.3600E+00, 1.3333E-01,
13:35:00.39301427,-1.3333E-02, 2.3600E+00, 1.3333E-01,
13:35:00.39301432, 0.0000E+00, 2.3867E+00,-1.3333E-01,
13:35:00.39301437, 0.0000E+00, 2.3600E+00, 4.0000E-01,
13:35:00.39301442, 0.0000E+00, 2.3867E+00, 2.6667E-01,
13:35:00.39301447, 2.6667E-02, 2.3867E+00, 1.3333E-01,
13:35:00.39301452, 0.0000E+00, 2.3467E+00, 1.3333E-01,
13:35:00.39301457, 4.0000E-02, 2.3733E+00, 0.0000E+00,
13:35:00.39301462, 2.6667E-02, 2.3600E+00, 1.3333E-01,
13:35:00.39301467, 0.0000E+00, 2.3600E+00, 0.0000E+00,
13:35:00.39301472, 1.3333E-02, 2.3867E+00, 5.3333E-01,
13:35:00.39301477,-1.3333E-02, 2.3600E+00, 0.0000E+00,
13:35:00.39301482, 0.0000E+00, 2.3467E+00, 0.0000E+00,
13:35:00.39301487, 1.3333E-02, 2.3733E+00, 1.3333E-01,
13:35:00.39301492,-2.6667E-02, 2.3467E+00, 0.0000E+00,
13:35:00.39301497, 0.0000E+00, 2.3467E+00, 2.6667E-01,
13:35:00.39301502, 1.3333E-02, 2.3600E+00,-1.3333E-01,
13:35:00.39301507, 1.3333E-02, 2.3867E+00, 0.0000E+00,
13:35:00.39301512, 1.3333E-02, 2.3333E+00, 1.3333E-01,
13:35:00.39301517, 2.6667E-02, 2.3867E+00, 1.3333E-01,
13:35:00.39301522, 2.6667E-02, 2.3600E+00, 1.3333E-01,
13:35:00.39301527, 2.6667E-02, 2.3600E+00, 2.6667E-01,
13:35:00.39301532, 0.0000E+00, 2.4000E+00,-1.3333E-01,
13:35:00.39301537, 1.3333E-02, 2.3467E+00, 1.3333E-01,
13:35:00.39301542, 2.6667E-02, 2.3600E+00,-1.3333E-01,
13:35:00.39301547,-1.3333E-02, 2.3600E+00, 2.6667E-01,
13:35:00.39301552, 4.0000E-02, 2.3600E+00,-1.3333E-01,
13:35:00.39301557, 0.0000E+00, 2.3733E+00,-1.3333E-01,
13:35:00.39301562, 4.0000E-02, 2.3867E+00, 2.6667E-01,
13:35:00.39301567, 0.0000E+00, 2.3867E+00, 2.6667E-01,
13:35:00.39301572, 1.3333E-02, 2.3600E+00, 2.6667E-01,
13:35:00.39301577, 0.0000E+00, 2.3600E+00, 4.0000E-01,
13:35:00.39301582, 0.0000E+00, 2.3733E+00, 0.0000E+00,
13:35:00.39301587, 2.6667E-02, 2.3600E+00,-1.3333E-01,
13:35:00.39301592, 1.3333E-02, 2.3867E+00,-1.3333E-01,
13:35:00.39301597, 2.6667E-02, 2.3867E+00, 2.6667E-01,
13:35:00.39301602,-2.6667E-02, 2.3867E+00,-1.3333E-01,
13:35:00.39301607, 4.0000E-02, 2.3600E+00, 2.6667E-01,
13:35:00.39301612, 0.0000E+00, 2.3733E+00, 0.0000E+00,
13:35:00.39301617, 1.3333E-02, 2.3867E+00, 2.6667E-01,
13:35:00.39301622, 2.6667E-02, 2.3867E+00, 0.0000E+00,
13:35:00.39301627,-1.3333E-02, 2.3733E+00, 0.0000E+00,
13:35:00.39301632, 0.0000E+00, 2.3733E+00, 1.3333E-01,
13:35:00.39301637, 1.3333E-02, 2.3867E+00, 2.6667E-01,
13:35:00.39301642, 1.3333E-02, 2.3867E+00,-2.6667E-01,
13:35:00.39301647, 1.3333E-02, 2.3600E+00, 0.0000E+00,
13:35:00.39301652, 1.3333E-02, 2.3867E+00, 1.3333E-01,
13:35:00.39301657, 0.0000E+00, 2.3600E+00, 0.0000E+00,
13:35:00.39301662, 1.3333E-02, 2.3600E+00, 5.3333E-01,
13:35:00.39301667,-1.3333E-02, 2.3600E+00,-1.3333E-01,
13:35:00.39301672, 1.3333E-02, 2.3733E+00,-2.6667E-01,
13:35:00.39301677, 1.3333E-02, 2.3600E+00, 1.3333E-01,
13:35:00.39301682, 0.0000E+00, 2.3733E+00, 1.3333E-01,
13:35:00.39301687, 1.3333E-02, 2.3733E+00,-1.3333E-01,
13:35:00.39301692, 2.6667E-02, 2.3733E+00, 1.3333E-01,
13:35:00.39301697, 1.3333E-02, 2.3600E+00, 4.0000E-01,
13:35:00.39301702, 4.0000E-02, 2.3867E+00, 4.0000E-01,
13:35:00.39301707, 0.0000E+00, 2.3600E+00, 1.3333E-01,
13:35:00.39301712, 0.0000E+00, 2.3600E+00, 1.3333E-01,
13:35:00.39301717, 1.3333E-02, 2.3467E+00, 2.6667E-01,
13:35:00.39301722, 0.0000E+00, 2.3600E+00,-2.6667E-01,
13:35:00.39301727, 0.0000E+00, 2.3467E+00, 0.0000E+00,
13:35:00.39301732, 1.3333E-02, 2.3867E+00, 0.0000E+00,
13:35:00.39301737, 2.6667E-02, 2.3733E+00, 1.3333E-01,
13:35:00.39301742, 1.3333E-02, 2.3467E+00,-2.6667E-01,
13:35:00.39301747, 0.0000E+00, 2.3733E+00, 0.0000E+00,
13:35:00.39301752, 0.0000E+00, 2.3467E+00, 0.0000E+00,
13:35:00.39301757, 1.3333E-02, 2.3867E+00, 6.6667E-01,
13:35:00.39301762, 1.3333E-02, 2.3867E+00, 2.6667E-01,
13:35:00.39301767, 0.0000E+00, 2.3733E+00, 1.3333E-01,
13:35:00.39301772, 1.3333E-02, 2.3867E+00, 0.0000E+00,
13:35:00.39301777, 1.3333E-02, 2.3600E+00,-1.3333E-01,
13:35:00.39301782, 1.3333E-02, 2.3600E+00, 1.3333E-01,
13:35:00.39301787, 1.3333E-02, 2.3867E+00, 1.3333E-01,
13:35:00.39301792, 1.3333E-02, 2.3867E+00, 1.3333E-01,
13:35:00.39301797, 0.0000E+00, 2.4000E+00, 0.0000E+00,
13:35:00.39301802, 0.0000E+00, 2.3600E+00, 1.3333E-01,
13:35:00.39301807, 0.0000E+00, 2.3600E+00,-2.6667E-01,
13:35:00.39301812, 0.0000E+00, 2.3733E+00, 1.3333E-01,
13:35:00.39301817, 2.6667E-02, 2.3867E+00, 4.0000E-01,
13:35:00.39301822,-1.3333E-02, 2.3733E+00, 2.6667E-01,
13:35:00.39301827, 2.6667E-02, 2.3867E+00, 0.0000E+00,
13:35:00.39301832, 0.0000E+00, 2.3733E+00, 1.3333E-01,
13:35:00.39301837,-1.3333E-02, 2.3867E+00, 0.0000E+00,
13:35:00.39301842, 5.3333E-02, 2.3467E+00, 6.6667E-01,
13:35:00.39301847, 2.6667E-02, 2.3733E+00,-2.6667E-01,
13:35:00.39301852, 1.3333E-02, 2.3733E+00, 1.3333E-01,
13:35:00.39301857, 0.0000E+00, 2.3867E+00, 1.3333E-01,
13:35:00.39301862, 1.3333E-02, 2.3867E+00, 1.3333E-01,
13:35:00.39301867, 0.0000E+00, 2.3867E+00, 2.6667E-01,
13:35:00.39301872, 0.0000E+00, 2.3733E+00, 2.6667E-01,
13:35:00.39301877, 0.0000E+00, 2.3867E+00, 1.3333E-01,
13:35:00.39301882, 4.0000E-02, 2.3333E+00, 2.6667E-01,
13:35:00.39301887, 2.6667E-02, 2.3600E+00,-1.3333E-01,
13:35:00.39301892, 0.0000E+00, 2.3867E+00,-1.3333E-01,
13:35:00.39301897, 2.6667E-02, 2.3867E+00, 2.6667E-01,
13:35:00.39301902,-1.3333E-02, 2.3600E+00, 1.3333E-01,
13:35:00.39301907, 2.6667E-02, 2.3600E+00, 4.0000E-01,
13:35:00.39301912, 0.0000E+00, 2.3733E+00, 4.0000E-01,
13:35:00.39301917, 1.3333E-02, 2.3733E+00, 1.3333E-01,
13:35:00.39301922,-1.3333E-02, 2.3600E+00,-1.3333E-01,
13:35:00.39301927,-1.3333E-02, 2.3867E+00, 1.3333E-01,
13:35:00.39301932, 4.0000E-02, 2.3733E+00, 2.6667E-01,
13:35:00.39301937, 2.6667E-02, 2.3600E+00, 0.0000E+00,
13:35:00.39301942, 5.3333E-02, 2.3733E+00, 1.3333E-01,
13:35:00.39301947, 0.0000E+00, 2.3867E+00, 2.6667E-01,
13:35:00.39301952, 0.0000E+00, 2.4000E+00, 1.3333E-01,
13:35:00.39301957, 1.3333E-02, 2.3600E+00, 2.6667E-01,
13:35:00.39301962, 1.3333E-02, 2.3867E+00, 2.6667E-01,
13:35:00.39301967, 0.0000E+00, 2.3467E+00, 2.6667E-01,
13:35:00.39301972, 1.3333E-02, 2.3600E+00, 5.3333E-01,
13:35:00.39301977, 1.3333E-02, 2.3867E+00, 0.0000E+00,
13:35:00.39301982, 4.0000E-02, 2.3733E+00, 0.0000E+00,
13:35:00.39301987, 0.0000E+00, 2.3600E+00, 1.3333E-01,
13:35:00.39301992, 1.3333E-02, 2.3600E+00,-2.6667E-01,
13:35:00.39301997, 1.3333E-02, 2.3733E+00, 1.3333E-01,
13:35:00.39302002, 0.0000E+00, 2.3867E+00, 2.6667E-01,
13:35:00.39302007, 1.3333E-02, 2.3467E+00,-1.3333E-01,
13:35:00.39302012, 0.0000E+00, 2.3867E+00, 0.0000E+00,
13:35:00.39302017, 0.0000E+00, 2.3867E+00,-1.3333E-01,
13:35:00.39302022, 1.3333E-02, 2.3867E+00, 0.0000E+00,
13:35:00.39302027, 1.3333E-02, 2.3467E+00, 1.3333E-01,
13:35:00.39302032, 4.0000E-02, 2.3733E+00, 0.0000E+00,
13:35:00.39302037, 0.0000E+00, 2.3600E+00, 0.0000E+00,
13:35:00.39302042,-1.3333E-02, 2.3733E+00, 4.0000E-01,
13:35:00.39302047, 1.3333E-02, 2.3467E+00, 1.3333E-01,
13:35:00.39302052,-1.3333E-02, 2.3600E+00,-2.6667E-01,
13:35:00.39302057, 0.0000E+00, 2.3867E+00,-1.3333E-01,
13:35:00.39302062, 2.6667E-02, 2.3867E+00, 5.3333E-01,
13:35:00.39302067,-2.6667E-02, 2.3600E+00, 2.6667E-01,
13:35:00.39302072, 2.6667E-02, 2.3600E+00, 0.0000E+00,
13:35:00.39302077, 1.3333E-02, 2.3600E+00, 1.3333E-01,
13:35:00.39302082, 1.3333E-02, 2.3600E+00, 4.0000E-01,
13:35:00.39302087, 2.6667E-02, 2.3467E+00, 0.0000E+00,
13:35:00.39302092, 1.3333E-02, 2.3600E+00, 5.3333E-01,
13:35:00.39302097, 5.3333E-02, 2.3733E+00, 2.6667E-01,
13:35:00.39302102, 1.3333E-02, 2.3600E+00, 2.6667E-01,
13:35:00.39302107, 0.0000E+00, 2.3733E+00, 1.3333E-01,
13:35:00.39302112, 2.6667E-02, 2.3600E+00, 1.3333E-01,
13:35:00.39302117, 2.6667E-02, 2.3867E+00,-1.3333E-01,
13:35:00.39302122,-1.3333E-02, 2.3600E+00, 0.0000E+00,
13:35:00.39302127, 5.3333E-02, 2.3600E+00, 2.6667E-01,
13:35:00.39302132, 2.6667E-02, 2.3467E+00,-1.3333E-01,
13:35:00.39302137,-1.3333E-02, 2.3867E+00,-1.3333E-01,
13:35:00.39302142, 1.3333E-02, 2.3867E+00, 0.0000E+00,
13:35:00.39302147, 0.0000E+00, 2.3333E+00, 1.3333E-01,
13:35:00.39302152,-2.6667E-02, 2.3600E+00, 2.6667E-01,
13:35:00.39302157, 0.0000E+00, 2.3600E+00, 2.6667E-01,
13:35:00.39302162,-1.3333E-02, 2.3867E+00, 2.6667E-01,
13:35:00.39302167, 2.6667E-02, 2.3733E+00, 1.3333E-01,
13:35:00.39302172,-1.3333E-02, 2.3600E+00, 2.6667E-01,
13:35:00.39302177, 8.0000E-02, 2.3733E+00,-2.6667E-01,
13:35:00.39302182, 2.6667E-02, 2.3867E+00, 0.0000E+00,
13:35:00.39302187, 1.3333E-02, 2.3867E+00, 0.0000E+00,
13:35:00.39302192,-1.3333E-02, 2.3867E+00, 0.0000E+00,
13:35:00.39302197, 0.0000E+00, 2.3733E+00, 1.3333E-01,
13:35:00.39302202,-1.3333E-02, 2.3467E+00, 2.6667E-01,
13:35:00.39302207,-1.3333E-02, 2.3600E+00, 2.6667E-01,
13:35:00.39302212,-1.3333E-02, 2.3733E+00, 2.6667E-01,
13:35:00.39302217,-1.3333E-02, 2.3600E+00, 2.6667E-01,
13:35:00.39302222, 0.0000E+00, 2.3600E+00, 1.3333E-01,
13:35:00.39302227, 1.3333E-02, 2.3600E+00, 1.3333E-01,
13:35:00.39302232, 2.6667E-02, 2.3467E+00, 2.6667E-01,
13:35:00.39302237, 2.6667E-02, 2.3867E+00, 1.3333E-01,
13:35:00.39302242, 1.3333E-02, 2.3467E+00, 0.0000E+00,
13:35:00.39302247, 1.3333E-02, 2.3733E+00, 0.0000E+00,
13:35:00.39302252, 1.3333E-02, 2.3733E+00, 5.3333E-01,
13:35:00.39302257,-1.3333E-02, 2.3733E+00, 6.6667E-01,
13:35:00.39302262, 1.3333E-02, 2.3733E+00, 2.6667E-01,
13:35:00.39302267, 0.0000E+00, 2.3600E+00, 1.3333E-01,
13:35:00.39302272, 0.0000E+00, 2.3867E+00, 2.6667E-01,
13:35:00.39302277, 0.0000E+00, 2.3733E+00,-1.3333E-01,
13:35:00.39302282, 1.3333E-02, 2.3867E+00,-1.3333E-01,
13:35:00.39302287,-1.3333E-02, 2.3600E+00, 0.0000E+00,
13:35:00.39302292, 1.3333E-02, 2.3867E+00, 1.3333E-01,
13:35:00.39302297, 0.0000E+00, 2.3867E+00,-2.6667E-01,
13:35:00.39302302, 0.0000E+00, 2.3733E+00, 0.0000E+00,
13:35:00.39302307, 0.0000E+00, 2.3867E+00,-1.3333E-01,
13:35:00.39302312,-1.3333E-02, 2.3867E+00, 0.0000E+00,
13:35:00.39302317, 5.3333E-02, 2.3600E+00, 2.6667E-01,
13:35:00.39302322, 5.3333E-02, 2.3467E+00, 2.6667E-01,
13:35:00.39302327, 0.0000E+00, 2.3867E+00, 2.6667E-01,
13:35:00.39302332, 0.0000E+00, 2.3467E+00,-1.3333E-01,
13:35:00.39302337, 0.0000E+00, 2.3467E+00, 4.0000E-01,
13:35:00.39302342,-2.6667E-02, 2.3867E+00, 0.0000E+00,
13:35:00.39302347,-1.3333E-02, 2.3467E+00, 1.3333E-01,
13:35:00.39302352, 0.0000E+00, 2.3867E+00, 1.3333E-01,
13:35:00.39302357, 0.0000E+00, 2.3467E+00, 4.0000E-01,
13:35:00.39302362, 0.0000E+00, 2.3733E+00, 1.3333E-01,
13:35:00.39302367, 2.6667E-02, 2.3333E+00, 4.0000E-01,
13:35:00.39302372, 2.6667E-02, 2.3733E+00, 1.3333E-01,
13:35:00.39302377, 0.0000E+00, 2.3867E+00, 0.0000E+00,
13:35:00.39302382, 2.6667E-02, 2.3600E+00, 0.0000E+00,
13:35:00.39302387, 0.0000E+00, 2.3733E+00, 0.0000E+00,
13:35:00.39302392, 0.0000E+00, 2.3467E+00, 1.3333E-01,
13:35:00.39302397, 0.0000E+00, 2.3867E+00, 2.6667E-01,
13:35:00.39302402, 0.0000E+00, 2.3867E+00, 2.6667E-01,
13:35:00.39302407, 0.0000E+00, 2.3867E+00, 0.0000E+00,
13:35:00.39302412,-1.3333E-02, 2.3867E+00, 2.6667E-01,
13:35:00.39302417, 5.3333E-02, 2.3600E+00,-1.3333E-01,
13:35:00.39302422, 2.6667E-02, 2.3867E+00, 0.0000E+00,
13:35:00.39302427, 0.0000E+00, 2.3867E+00, 2.6667E-01,
13:35:00.39302432, 1.3333E-02, 2.3467E+00, 1.3333E-01,
13:35:00.39302437,-2.6667E-02, 2.3867E+00, 0.0000E+00,
13:35:00.39302442, 0.0000E+00, 2.3600E+00, 4.0000E-01,
13:35:00.39302447, 0.0000E+00, 2.3600E+00, 0.0000E+00,
13:35:00.39302452, 1.3333E-02, 2.3867E+00, 1.3333E-01,
13:35:00.39302457, 1.3333E-02, 2.3467E+00, 0.0000E+00,
13:35:00.39302462, 2.6667E-02, 2.3867E+00, 0.0000E+00,
13:35:00.39302467, 1.3333E-02, 2.3733E+00, 4.0000E-01,
13:35:00.39302472, 2.6667E-02, 2.3600E+00, 0.0000E+00,
13:35:00.39302477, 1.3333E-02, 2.3733E+00, 2.6667E-01,
13:35:00.39302482, 2.6667E-02, 2.3733E+00, 0.0000E+00,
13:35:00.39302487, 2.0000E-01, 2.4000E+00, 1.3333E-01,
13:35:00.39302492, 7.7333E-01, 2.3867E+00, 1.3333E-01,
13:35:00.39302497, 1.5867E+00, 2.3733E+00, 0.0000E+00,
13:35:00.39302502, 2.2133E+00, 2.2133E+00, 4.0000E-01,
13:35:00.39302507, 2.4667E+00, 2.1200E+00, 1.3333E-01,
13:35:00.39302512, 2.5867E+00, 2.2000E+00,-1.3333E-01,
13:35:00.39302517, 2.5867E+00, 2.2667E+00, 0.0000E+00,
13:35:00.39302522, 2.5733E+00, 2.3067E+00, 2.6667E-01,
13:35:00.39302527, 2.5867E+00, 2.3333E+00, 1.3333E-01,
13:35:00.39302532, 2.5867E+00, 2.3200E+00, 2.6667E-01,
13:35:00.39302537, 2.5600E+00, 2.3333E+00, 0.0000E+00,
13:35:00.39302542, 2.5600E+00, 2.3467E+00, 0.0000E+00,
13:35:00.39302547, 2.5867E+00, 2.3600E+00, 2.6667E-01,
13:35:00.39302552, 2.5867E+00, 2.3200E+00, 4.0000E-01,
13:35:00.39302557, 2.5733E+00, 2.3200E+00, 0.0000E+00,
13:35:00.39302562, 2.5733E+00, 2.3200E+00, 2.6667E-01,
13:35:00.39302567, 2.5733E+00, 2.3200E+00, 4.0000E-01,
13:35:00.39302572, 2.5600E+00, 2.3333E+00, 0.0000E+00,
13:35:00.39302577, 2.5333E+00, 2.3333E+00, 2.6667E-01,
13:35:00.39302582, 2.5600E+00, 2.3333E+00, 1.3333E-01,
13:35:00.39302587, 2.5467E+00, 2.3600E+00, 5.3333E-01,
13:35:00.39302592, 2.5600E+00, 2.3333E+00, 5.3333E-01,
13:35:00.39302597, 2.5333E+00, 2.3200E+00, 5.3333E-01,
13:35:00.39302602, 2.5333E+00, 2.3333E+00, 2.6667E-01,
13:35:00.39302607, 2.5733E+00, 2.3467E+00, 1.3333E-01,
13:35:00.39302612, 2.5600E+00, 2.3333E+00, 4.0000E-01,
13:35:00.39302617, 2.5200E+00, 2.3067E+00, 0.0000E+00,
13:35:00.39302622, 2.5733E+00, 2.3333E+00, 5.3333E-01,
13:35:00.39302627, 2.5200E+00, 2.3333E+00, 2.6667E-01,
13:35:00.39302632, 2.5333E+00, 2.3333E+00, 4.0000E-01,
13:35:00.39302637, 2.4933E+00, 2.3333E+00, 6.6667E-01,
13:35:00.39302642, 2.5333E+00, 2.3333E+00, 6.6667E-01,
13:35:00.39302647, 2.5333E+00, 2.3200E+00, 1.3333E-01,
13:35:00.39302652, 2.5067E+00, 2.2933E+00, 4.0000E-01,
13:35:00.39302657, 2.4800E+00, 2.3333E+00, 5.3333E-01,
13:35:00.39302662, 2.5333E+00, 2.3200E+00, 2.6667E-01,
13:35:00.39302667, 2.4933E+00, 2.3200E+00, 4.0000E-01,
13:35:00.39302672, 2.5067E+00, 2.3200E+00, 5.3333E-01,
13:35:00.39302677, 2.4533E+00, 2.3333E+00, 6.6667E-01,
13:35:00.39302682, 2.4533E+00, 2.3200E+00, 5.3333E-01,
13:35:00.39302687, 2.4800E+00, 2.2933E+00, 8.0000E-01,
13:35:00.39302692, 2.4533E+00, 2.3200E+00, 6.6667E-01,
13:35:00.39302697, 2.4933E+00, 2.3200E+00, 6.6667E-01,
13:35:00.39302702, 2.4533E+00, 2.3333E+00, 6.6667E-01,
13:35:00.39302707, 2.4533E+00, 2.3333E+00, 4.0000E-01,
13:35:00.39302712, 2.4800E+00, 2.3200E+00, 2.6667E-01,
13:35:00.39302717, 2.4533E+00, 2.2933E+00, 6.6667E-01,
13:35:00.39302722, 2.4267E+00, 2.3067E+00, 8.0000E-01,
13:35:00.39302727, 2.4400E+00, 2.3333E+00, 1.3333E-01,
13:35:00.39302732, 2.4133E+00, 2.3067E+00, 4.0000E-01,
13:35:00.39302737, 2.4667E+00, 2.3467E+00, 6.6667E-01,
13:35:00.39302742, 2.4400E+00, 2.3333E+00, 6.6667E-01,
13:35:00.39302747, 2.4533E+00, 2.3200E+00, 4.0000E-01,
13:35:00.39302752, 2.4667E+00, 2.3200E+00, 5.3333E-01,
13:35:00.39302757, 2.4400E+00, 2.3067E+00, 6.6667E-01,
13:35:00.39302762, 2.4133E+00, 2.2800E+00, 4.0000E-01,
13:35:00.39302767, 2.4400E+00, 2.3200E+00, 4.0000E-01,
13:35:00.39302772, 2.4400E+00, 2.3067E+00, 9.3333E-01,
13:35:00.39302777, 2.4133E+00, 2.3467E+00, 2.6667E-01,
13:35:00.39302782, 2.4133E+00, 2.3333E+00, 4.0000E-01,
13:35:00.39302787, 2.4267E+00, 2.3067E+00, 8.0000E-01,
13:35:00.39302792, 2.4267E+00, 2.3067E+00, 5.3333E-01,
13:35:00.39302797, 2.4133E+00, 2.3333E+00, 6.6667E-01,
13:35:00.39302802, 2.4400E+00, 2.3200E+00, 6.6667E-01,
13:35:00.39302807, 2.4267E+00, 2.3067E+00, 6.6667E-01,
13:35:00.39302812, 2.4133E+00, 2.3600E+00, 6.6667E-01,
13:35:00.39302817, 2.4133E+00, 2.3333E+00, 4.0000E-01,
13:35:00.39302822, 2.4133E+00, 2.3467E+00, 5.3333E-01,
13:35:00.39302827, 2.4000E+00, 2.3333E+00, 5.3333E-01,
13:35:00.39302832, 2.4000E+00, 2.3067E+00, 8.0000E-01,
13:35:00.39302837, 2.3867E+00, 2.3200E+00, 1.0667E+00,
13:35:00.39302842, 2.4267E+00, 2.3067E+00, 8.0000E-01,
13:35:00.39302847, 2.4000E+00, 2.3200E+00, 6.6667E-01,
13:35:00.39302852, 2.4133E+00, 2.3200E+00, 6.6667E-01,
13:35:00.39302857, 2.4133E+00, 2.3067E+00, 6.6667E-01,
13:35:00.39302862, 2.4133E+00, 2.3200E+00, 4.0000E-01,
13:35:00.39302867, 2.3867E+00, 2.3200E+00, 8.0000E-01,
13:35:00.39302872, 2.3733E+00, 2.3200E+00, 8.0000E-01,
13:35:00.39302877, 2.4133E+00, 2.3067E+00, 6.6667E-01,
13:35:00.39302882, 2.3867E+00, 2.2933E+00, 9.3333E-01,
13:35:00.39302887, 2.4133E+00, 2.3467E+00, 6.6667E-01,
13:35:00.39302892, 2.4000E+00, 2.2933E+00, 8.0000E-01,
13:35:00.39302897, 2.4000E+00, 2.3333E+00, 8.0000E-01,
13:35:00.39302902, 2.4267E+00, 2.3333E+00, 1.0667E+00,
13:35:00.39302907, 2.4000E+00, 2.2933E+00, 6.6667E-01,
13:35:00.39302912, 2.4000E+00, 2.3067E+00, 6.6667E-01,
13:35:00.39302917, 2.3733E+00, 2.3067E+00, 8.0000E-01,
13:35:00.39302922, 2.4000E+00, 2.3067E+00, 8.0000E-01,
13:35:00.39302927, 2.4000E+00, 2.3333E+00, 8.0000E-01,
13:35:00.39302932, 2.4000E+00, 2.3467E+00, 6.6667E-01,
13:35:00.39302937, 2.3733E+00, 2.3333E+00, 8.0000E-01,
13:35:00.39302942, 2.4133E+00, 2.3200E+00, 6.6667E-01,
13:35:00.39302947, 2.4000E+00, 2.3067E+00, 6.6667E-01,
13:35:00.39302952, 2.4133E+00, 2.3333E+00, 6.6667E-01,
13:35:00.39302957, 2.4000E+00, 2.3200E+00, 1.0667E+00,
13:35:00.39302962, 2.3733E+00, 2.3200E+00, 9.3333E-01,
13:35:00.39302967, 2.3867E+00, 2.2933E+00, 8.0000E-01,
13:35:00.39302972, 2.3600E+00, 2.3333E+00, 1.0667E+00,
13:35:00.39302977, 2.4000E+00, 2.3067E+00, 8.0000E-01,
13:35:00.39302982, 2.4267E+00, 2.3200E+00, 1.0667E+00,
13:35:00.39302987, 2.4133E+00, 2.3467E+00, 9.3333E-01,
13:35:00.39302992, 2.3867E+00, 2.3067E+00, 9.3333E-01,
13:35:00.39302997, 2.3867E+00, 2.3200E+00, 6.6667E-01,
13:35:00.39303002, 2.3867E+00, 2.3333E+00, 1.2000E+00,
13:35:00.39303007, 2.3867E+00, 2.3467E+00, 6.6667E-01,
13:35:00.39303012, 2.3867E+00, 2.3200E+00, 8.0000E-01,
13:35:00.39303017, 2.4000E+00, 2.3467E+00, 6.6667E-01,
13:35:00.39303022, 2.4000E+00, 2.3333E+00, 1.2000E+00,
13:35:00.39303027, 2.4000E+00, 2.2933E+00, 1.2000E+00,
13:35:00.39303032, 2.3867E+00, 2.3333E+00, 1.2000E+00,
13:35:00.39303037, 2.4000E+00, 2.3600E+00, 9.3333E-01,
13:35:00.39303042, 2.4133E+00, 2.3467E+00, 9.3333E-01,
13:35:00.39303047, 2.4267E+00, 2.3200E+00, 1.0667E+00,
13:35:00.39303052, 2.4000E+00, 2.3333E+00, 9.3333E-01,
13:35:00.39303057, 2.4000E+00, 2.3067E+00, 1.0667E+00,
13:35:00.39303062, 2.3467E+00, 2.3200E+00, 1.0667E+00,
13:35:00.39303067, 2.4000E+00, 2.3200E+00, 9.3333E-01,
13:35:00.39303072, 2.4133E+00, 2.3200E+00, 1.3333E+00,
13:35:00.39303077, 2.4133E+00, 2.3200E+00, 1.3333E+00,
13:35:00.39303082, 2.4000E+00, 2.3200E+00, 9.3333E-01,
13:35:00.39303087, 2.3867E+00, 2.3200E+00, 1.0667E+00,
13:35:00.39303092, 2.4133E+00, 2.3200E+00, 1.0667E+00,
13:35:00.39303097, 2.3867E+00, 2.3200E+00, 1.0667E+00,
13:35:00.39303102, 2.3867E+00, 2.3467E+00, 1.2000E+00,
13:35:00.39303107, 2.4000E+00, 2.3333E+00, 1.2000E+00,
13:35:00.39303112, 2.4000E+00, 2.3467E+00, 1.0667E+00,
13:35:00.39303117, 2.3600E+00, 2.3200E+00, 1.3333E+00,
13:35:00.39303122, 2.3733E+00, 2.3333E+00, 1.3333E+00,
13:35:00.39303127, 2.3867E+00, 2.3200E+00, 1.3333E+00,
13:35:00.39303132, 2.4000E+00, 2.3467E+00, 1.0667E+00,
13:35:00.39303137, 2.4133E+00, 2.3333E+00, 1.2000E+00,
13:35:00.39303142, 2.4133E+00, 2.3333E+00, 1.0667E+00,
13:35:00.39303147, 2.3867E+00, 2.3467E+00, 1.2000E+00,
13:35:00.39303152, 2.4267E+00, 2.3467E+00, 1.0667E+00,
13:35:00.39303157, 2.3867E+00, 2.3467E+00, 1.0667E+00,
13:35:00.39303162, 2.3733E+00, 2.3600E+00, 1.3333E+00,
13:35:00.39303167, 2.4000E+00, 2.2933E+00, 1.3333E+00,
13:35:00.39303172, 2.4000E+00, 2.3467E+00, 1.0667E+00,
13:35:00.39303177, 2.3867E+00, 2.3467E+00, 1.3333E+00,
13:35:00.39303182, 2.4000E+00, 2.3200E+00, 1.0667E+00,
13:35:00.39303187, 2.3867E+00, 2.3333E+00, 1.2000E+00,
13:35:00.39303192, 2.4133E+00, 2.3467E+00, 1.3333E+00,
13:35:00.39303197, 2.3867E+00, 2.3467E+00, 1.2000E+00,
13:35:00.39303202, 2.4133E+00, 2.3467E+00, 1.2000E+00,
13:35:00.39303207, 2.3733E+00, 2.3600E+00, 1.0667E+00,
13:35:00.39303212, 2.3733E+00, 2.3600E+00, 1.0667E+00,
13:35:00.39303217, 2.3867E+00, 2.3467E+00, 1.0667E+00,
13:35:00.39303222, 2.3733E+00, 2.3600E+00, 1.4667E+00,
13:35:00.39303227, 2.3600E+00, 2.3200E+00, 1.3333E+00,
13:35:00.39303232, 2.4000E+00, 2.3600E+00, 1.3333E+00,
13:35:00.39303237, 2.3867E+00, 2.3600E+00, 1.4667E+00,
13:35:00.39303242, 2.4133E+00, 2.3333E+00, 1.2000E+00,
13:35:00.39303247, 2.4000E+00, 2.3733E+00, 1.3333E+00,
13:35:00.39303252, 2.4000E+00, 2.3467E+00, 1.3333E+00,
13:35:00.39303257, 2.3733E+00, 2.3467E+00, 1.3333E+00,
13:35:00.39303262, 2.3867E+00, 2.3467E+00, 1.6000E+00,
13:35:00.39303267, 2.3867E+00, 2.3200E+00, 1.6000E+00,
13:35:00.39303272, 2.3867E+00, 2.3467E+00, 1.6000E+00,
13:35:00.39303277, 2.4267E+00, 2.3733E+00, 1.6000E+00,
13:35:00.39303282, 2.4000E+00, 2.3333E+00, 1.2000E+00,
13:35:00.39303287, 2.4000E+00, 2.3600E+00, 1.3333E+00,
13:35:00.39303292, 2.4133E+00, 2.3467E+00, 1.6000E+00,
13:35:00.39303297, 2.3867E+00, 2.3467E+00, 1.2000E+00,
13:35:00.39303302, 2.3733E+00, 2.3467E+00, 1.7333E+00,
13:35:00.39303307, 2.4000E+00, 2.3333E+00, 1.0667E+00,
13:35:00.39303312, 2.4000E+00, 2.3333E+00, 1.0667E+00,
13:35:00.39303317, 2.4133E+00, 2.3333E+00, 1.2000E+00,
13:35:00.39303322, 2.4133E+00, 2.3333E+00, 1.2000E+00,
13:35:00.39303327, 2.4000E+00, 2.3333E+00, 1.2000E+00,
13:35:00.39303332, 2.4000E+00, 2.3600E+00, 1.4667E+00,
13:35:00.39303337, 2.4000E+00, 2.3600E+00, 1.2000E+00,
13:35:00.39303342, 2.4000E+00, 2.3600E+00, 1.0667E+00,
13:35:00.39303347, 2.4133E+00, 2.3600E+00, 1.4667E+00,
13:35:00.39303352, 2.3867E+00, 2.3467E+00, 1.2000E+00,
13:35:00.39303357, 2.4133E+00, 2.3867E+00, 1.3333E+00,
13:35:00.39303362, 2.4133E+00, 2.3867E+00, 1.6000E+00,
13:35:00.39303367, 2.3867E+00, 2.3467E+00, 1.3333E+00,
13:35:00.39303372, 2.3867E+00, 2.3467E+00, 1.3333E+00,
13:35:00.39303377, 2.4267E+00, 2.3467E+00, 1.3333E+00,
13:35:00.39303382, 2.4133E+00, 2.3600E+00, 1.2000E+00,
13:35:00.39303387, 2.4267E+00, 2.3867E+00, 1.3333E+00,
13:35:00.39303392, 2.3867E+00, 2.3867E+00, 1.2000E+00,
13:35:00.39303397, 2.3733E+00, 2.3733E+00, 1.3333E+00,
13:35:00.39303402, 2.3867E+00, 2.3333E+00, 1.4667E+00,
13:35:00.39303407, 2.3867E+00, 2.3600E+00, 1.4667E+00,
13:35:00.39303412, 2.4133E+00, 2.3467E+00, 1.6000E+00,
13:35:00.39303417, 2.4000E+00, 2.3467E+00, 2.0000E+00,
13:35:00.39303422, 2.4267E+00, 2.3867E+00, 1.4667E+00,
13:35:00.39303427, 2.4267E+00, 2.3867E+00, 1.4667E+00,
13:35:00.39303432, 2.4133E+00, 2.3867E+00, 1.6000E+00,
13:35:00.39303437, 2.4000E+00, 2.3333E+00, 1.6000E+00,
13:35:00.39303442, 2.4000E+00, 2.3867E+00, 1.2000E+00,
13:35:00.39303447, 2.3733E+00, 2.3333E+00, 1.3333E+00,
13:35:00.39303452, 2.3733E+00, 2.3733E+00, 1.3333E+00,
13:35:00.39303457, 2.4000E+00, 2.3733E+00, 1.8667E+00,
13:35:00.39303462, 2.4133E+00, 2.3733E+00, 1.0667E+00,
13:35:00.39303467, 2.4267E+00, 2.3733E+00, 1.4667E+00,
13:35:00.39303472, 2.4000E+00, 2.3600E+00, 1.4667E+00,
13:35:00.39303477, 2.4267E+00, 2.3867E+00, 1.2000E+00,
13:35:00.39303482, 2.3867E+00, 2.3867E+00, 9.3333E-01,
13:35:00.39303487, 2.3600E+00, 2.3733E+00, 1.3333E+00,
13:35:00.39303492, 2.3867E+00, 2.3733E+00, 1.3333E+00,
13:35:00.39303497, 2.3600E+00, 2.3600E+00, 1.3333E+00,
13:35:00.39303502, 2.4133E+00, 2.3600E+00, 1.6000E+00,
13:35:00.39303507, 2.4133E+00, 2.3733E+00, 1.3333E+00,
13:35:00.39303512, 2.4000E+00, 2.3600E+00, 1.6000E+00,
13:35:00.39303517, 2.4000E+00, 2.3867E+00, 1.4667E+00,
13:35:00.39303522, 2.4133E+00, 2.3733E+00, 1.4667E+00,
13:35:00.39303527, 2.4133E+00, 2.3867E+00, 1.3333E+00,
13:35:00.39303532, 2.4000E+00, 2.3733E+00, 1.3333E+00,
13:35:00.39303537, 2.3733E+00, 2.3733E+00, 1.0667E+00,
13:35:00.39303542, 2.4133E+00, 2.3733E+00, 1.2000E+00,
13:35:00.39303547, 2.3867E+00, 2.3600E+00, 1.6000E+00,
13:35:00.39303552, 2.3867E+00, 2.3867E+00, 1.4667E+00,
13:35:00.39303557, 2.4133E+00, 2.3733E+00, 1.6000E+00,
13:35:00.39303562, 2.4133E+00, 2.3733E+00, 1.3333E+00,
13:35:00.39303567, 2.4000E+00, 2.3733E+00, 1.4667E+00,
13:35:00.39303572, 2.4267E+00, 2.3600E+00, 1.4667E+00,
13:35:00.39303577, 2.4133E+00, 2.3867E+00, 1.3333E+00,
13:35:00.39303582, 2.4000E+00, 2.3867E+00, 1.4667E+00,
13:35:00.39303587, 2.4000E+00, 2.3867E+00, 1.3333E+00,
13:35:00.39303592, 2.3867E+00, 2.3867E+00, 1.2000E+00,
13:35:00.39303597, 2.4133E+00, 2.3733E+00, 1.6000E+00,
13:35:00.39303602, 2.4133E+00, 2.3467E+00, 1.0667E+00,
13:35:00.39303607, 2.4267E+00, 2.3867E+00, 1.4667E+00,
13:35:00.39303612, 2.4000E+00, 2.3867E+00, 1.3333E+00,
13:35:00.39303617, 2.4133E+00, 2.3867E+00, 1.2000E+00,
13:35:00.39303622, 2.4133E+00, 2.3867E+00, 1.3333E+00,
13:35:00.39303627, 2.4267E+00, 2.3867E+00, 1.0667E+00,
13:35:00.39303632, 2.4000E+00, 2.4000E+00, 1.2000E+00,
13:35:00.39303637, 2.4000E+00, 2.3867E+00, 1.2000E+00,
13:35:00.39303642, 2.4000E+00, 2.3867E+00, 1.6000E+00,
13:35:00.39303647, 2.4000E+00, 2.4000E+00, 1.3333E+00,
13:35:00.39303652, 2.4267E+00, 2.3867E+00, 1.2000E+00,
13:35:00.39303657, 2.4133E+00, 2.3867E+00, 1.4667E+00,
13:35:00.39303662, 2.4000E+00, 2.4133E+00, 1.3333E+00,
13:35:00.39303667, 2.4400E+00, 2.3733E+00, 1.0667E+00,
13:35:00.39303672, 2.4267E+00, 2.3867E+00, 1.3333E+00,
13:35:00.39303677, 2.3867E+00, 2.4000E+00, 1.4667E+00,
13:35:00.39303682, 2.4267E+00, 2.4000E+00, 1.6000E+00,
13:35:00.39303687, 2.3733E+00, 2.3867E+00, 1.4667E+00,
13:35:00.39303692, 2.3733E+00, 2.3867E+00, 1.2000E+00,
13:35:00.39303697, 2.4267E+00, 2.3733E+00, 1.4667E+00,
13:35:00.39303702, 2.4133E+00, 2.3867E+00, 1.6000E+00,
13:35:00.39303707, 2.3867E+00, 2.3867E+00, 1.7333E+00,
13:35:00.39303712, 2.4133E+00, 2.3733E+00, 1.3333E+00,
13:35:00.39303717, 2.4267E+00, 2.3867E+00, 9.3333E-01,
13:35:00.39303722, 2.4133E+00, 2.3867E+00, 1.2000E+00,
13:35:00.39303727, 2.4133E+00, 2.3867E+00, 1.3333E+00,
13:35:00.39303732, 2.3867E+00, 2.3733E+00, 1.3333E+00,
13:35:00.39303737, 2.3867E+00, 2.3867E+00, 1.2000E+00,
13:35:00.39303742, 2.4000E+00, 2.3867E+00, 1.2000E+00,
13:35:00.39303747, 2.4133E+00, 2.3733E+00, 1.6000E+00,
13:35:00.39303752, 2.3867E+00, 2.3867E+00, 1.3333E+00,
13:35:00.39303757, 2.4267E+00, 2.3867E+00, 9.3333E-01,
13:35:00.39303762, 2.3867E+00, 2.3733E+00, 1.4667E+00,
13:35:00.39303767, 2.4000E+00, 2.3867E+00, 1.3333E+00,
13:35:00.39303772, 2.3867E+00, 2.3867E+00, 1.6000E+00,
13:35:00.39303777, 2.3733E+00, 2.3733E+00, 1.4667E+00,
13:35:00.39303782, 2.4133E+00, 2.3467E+00, 1.0667E+00,
13:35:00.39303787, 2.3733E+00, 2.3867E+00, 1.2000E+00,
13:35:00.39303792, 2.3867E+00, 2.3733E+00, 1.2000E+00,
13:35:00.39303797, 2.4267E+00, 2.3733E+00, 1.2000E+00,
13:35:00.39303802, 2.4000E+00, 2.3867E+00, 1.3333E+00,
13:35:00.39303807, 2.4133E+00, 2.3867E+00, 8.0000E-01,
13:35:00.39303812, 2.4133E+00, 2.3867E+00, 1.4667E+00,
13:35:00.39303817, 2.3867E+00, 2.4000E+00, 1.0667E+00,
13:35:00.39303822, 2.4000E+00, 2.4000E+00, 1.2000E+00,
13:35:00.39303827, 2.3733E+00, 2.3867E+00, 1.2000E+00,
13:35:00.39303832, 2.3867E+00, 2.4000E+00, 1.2000E+00,
13:35:00.39303837, 2.4267E+00, 2.3867E+00, 1.4667E+00,
13:35:00.39303842, 2.4133E+00, 2.3867E+00, 1.3333E+00,
13:35:00.39303847, 2.3733E+00, 2.3867E+00, 1.0667E+00,
13:35:00.39303852, 2.4000E+00, 2.3733E+00, 1.0667E+00,
13:35:00.39303857, 2.4000E+00, 2.3867E+00, 1.3333E+00,
13:35:00.39303862, 2.4267E+00, 2.4000E+00, 1.2000E+00,
13:35:00.39303867, 2.3867E+00, 2.3867E+00, 1.2000E+00,
13:35:00.39303872, 2.4133E+00, 2.3867E+00, 1.0667E+00,
13:35:00.39303877, 2.4000E+00, 2.3733E+00, 1.2000E+00,
13:35:00.39303882, 2.4000E+00, 2.3867E+00, 9.3333E-01,
13:35:00.39303887, 2.4133E+00, 2.3867E+00, 1.0667E+00,
13:35:00.39303892, 2.4000E+00, 2.3867E+00, 8.0000E-01,
13:35:00.39303897, 2.3867E+00, 2.4000E+00, 9.3333E-01,
13:35:00.39303902, 2.4000E+00, 2.3867E+00, 9.3333E-01,
13:35:00.39303907, 2.4133E+00, 2.4133E+00, 1.2000E+00,
13:35:00.39303912, 2.4267E+00, 2.3867E+00, 1.2000E+00,
13:35:00.39303917, 2.4133E+00, 2.3867E+00, 8.0000E-01,
13:35:00.39303922, 2.4267E+00, 2.3867E+00, 9.3333E-01,
13:35:00.39303927, 2.3867E+00, 2.4133E+00, 9.3333E-01,
13:35:00.39303932, 2.4133E+00, 2.4133E+00, 6.6667E-01,
13:35:00.39303937, 2.3867E+00, 2.4133E+00, 1.0667E+00,
13:35:00.39303942, 2.4267E+00, 2.4133E+00, 8.0000E-01,
13:35:00.39303947, 2.4267E+00, 2.4133E+00, 9.3333E-01,
13:35:00.39303952, 2.4000E+00, 2.3867E+00, 6.6667E-01,
13:35:00.39303957, 2.4000E+00, 2.4267E+00, 1.2000E+00,
13:35:00.39303962, 2.4133E+00, 2.4000E+00, 1.3333E+00,
13:35:00.39303967, 2.4000E+00, 2.4133E+00, 8.0000E-01,
13:35:00.39303972, 2.4000E+00, 2.4267E+00, 9.3333E-01,
13:35:00.39303977, 2.4000E+00, 2.4133E+00, 1.0667E+00,
13:35:00.39303982, 2.3867E+00, 2.4133E+00, 1.0667E+00,
13:35:00.39303987, 2.4000E+00, 2.3867E+00, 1.2000E+00,
13:35:00.39303992, 2.3867E+00, 2.3600E+00, 9.3333E-01,
13:35:00.39303997, 2.4267E+00, 2.3600E+00, 8.0000E-01,
13:35:00.39304002, 2.4267E+00, 2.3867E+00, 1.0667E+00,
13:35:00.39304007, 2.4133E+00, 2.3867E+00, 1.0667E+00,
13:35:00.39304012, 2.3867E+00, 2.3867E+00, 1.0667E+00,
13:35:00.39304017, 2.3600E+00, 2.3867E+00, 9.3333E-01,
13:35:00.39304022, 2.3467E+00, 2.4000E+00, 1.0667E+00,
13:35:00.39304027, 2.4000E+00, 2.3867E+00, 8.0000E-01,
13:35:00.39304032, 2.4000E+00, 2.3867E+00, 1.0667E+00,
13:35:00.39304037, 2.3867E+00, 2.3867E+00, 9.3333E-01,
13:35:00.39304042, 2.4000E+00, 2.3867E+00, 9.3333E-01,
13:35:00.39304047, 2.4000E+00, 2.4267E+00, 9.3333E-01,
13:35:00.39304052, 2.4267E+00, 2.3867E+00, 8.0000E-01,
13:35:00.39304057, 2.4000E+00, 2.3600E+00, 1.2000E+00,
13:35:00.39304062, 2.3867E+00, 2.4133E+00, 1.0667E+00,
13:35:00.39304067, 2.4000E+00, 2.4133E+00, 9.3333E-01,
13:35:00.39304072, 2.4000E+00, 2.4000E+00, 1.0667E+00,
13:35:00.39304077, 2.4133E+00, 2.3867E+00, 9.3333E-01,
13:35:00.39304082, 2.4000E+00, 2.4133E+00, 9.3333E-01,
13:35:00.39304087, 2.4267E+00, 2.3867E+00, 9.3333E-01,
13:35:00.39304092, 2.4000E+00, 2.3867E+00, 1.0667E+00,
13:35:00.39304097, 2.4400E+00, 2.4000E+00, 1.0667E+00,
13:35:00.39304102, 2.4133E+00, 2.3867E+00, 9.3333E-01,
13:35:00.39304107, 2.3867E+00, 2.3867E+00, 1.0667E+00,
13:35:00.39304112, 2.4000E+00, 2.4000E+00, 1.0667E+00,
13:35:00.39304117, 2.4000E+00, 2.3867E+00, 6.6667E-01,
13:35:00.39304122, 2.4133E+00, 2.4000E+00, 6.6667E-01,
13:35:00.39304127, 2.3867E+00, 2.3867E+00, 8.0000E-01,
13:35:00.39304132, 2.4133E+00, 2.4000E+00, 9.3333E-01,
13:35:00.39304137, 2.4000E+00, 2.3867E+00, 8.0000E-01,
13:35:00.39304142, 2.4133E+00, 2.4133E+00, 1.2000E+00,
13:35:00.39304147, 2.4000E+00, 2.3867E+00, 6.6667E-01,
13:35:00.39304152, 2.4267E+00, 2.3867E+00, 9.3333E-01,
13:35:00.39304157, 2.3867E+00, 2.4133E+00, 8.0000E-01,
13:35:00.39304162, 2.3733E+00, 2.4000E+00, 6.6667E-01,
13:35:00.39304167, 2.4000E+00, 2.3867E+00, 8.0000E-01,
13:35:00.39304172, 2.4000E+00, 2.3867E+00, 6.6667E-01,
13:35:00.39304177, 2.4133E+00, 2.4000E+00, 8.0000E-01,
13:35:00.39304182, 2.4133E+00, 2.3867E+00, 6.6667E-01,
13:35:00.39304187, 2.3867E+00, 2.4267E+00, 8.0000E-01,
13:35:00.39304192, 2.4133E+00, 2.4267E+00, 6.6667E-01,
13:35:00.39304197, 2.4000E+00, 2.3867E+00, 8.0000E-01,
13:35:00.39304202, 2.3867E+00, 2.3867E+00, 6.6667E-01,
13:35:00.39304207, 2.4000E+00, 2.4133E+00, 9.3333E-01,
13:35:00.39304212, 2.4267E+00, 2.4000E+00, 6.6667E-01,
13:35:00.39304217, 2.4000E+00, 2.3733E+00, 6.6667E-01,
13:35:00.39304222, 2.3467E+00, 2.3867E+00, 6.6667E-01,
13:35:00.39304227, 2.3733E+00, 2.3867E+00, 6.6667E-01,
13:35:00.39304232, 2.4133E+00, 2.4000E+00, 8.0000E-01,
13:35:00.39304237, 2.4133E+00, 2.3867E+00, 8.0000E-01,
13:35:00.39304242, 2.4133E+00, 2.3867E+00, 9.3333E-01,
13:35:00.39304247, 2.4000E+00, 2.4000E+00, 6.6667E-01,
13:35:00.39304252, 2.4000E+00, 2.4133E+00, 8.0000E-01,
13:35:00.39304257, 2.3733E+00, 2.3867E+00, 6.6667E-01,
13:35:00.39304262, 2.4000E+00, 2.4267E+00, 6.6667E-01,
13:35:00.39304267, 2.3867E+00, 2.4000E+00, 6.6667E-01,
13:35:00.39304272, 2.4000E+00, 2.3867E+00, 6.6667E-01,
13:35:00.39304277, 2.4133E+00, 2.4000E+00, 8.0000E-01,
13:35:00.39304282, 2.3733E+00, 2.4000E+00, 5.3333E-01,
13:35:00.39304287, 2.3867E+00, 2.4000E+00, 8.0000E-01,
13:35:00.39304292, 2.4133E+00, 2.4133E+00, 1.0667E+00,
13:35:00.39304297, 2.4133E+00, 2.4000E+00, 8.0000E-01,
13:35:00.39304302, 2.4133E+00, 2.3867E+00, 9.3333E-01,
13:35:00.39304307, 2.4000E+00, 2.3867E+00, 6.6667E-01,
13:35:00.39304312, 2.3733E+00, 2.4000E+00, 5.3333E-01,
13:35:00.39304317, 2.4133E+00, 2.3867E+00, 4.0000E-01,
13:35:00.39304322, 2.4267E+00, 2.4000E+00, 9.3333E-01,
13:35:00.39304327, 2.4000E+00, 2.4133E+00, 5.3333E-01,
13:35:00.39304332, 2.4133E+00, 2.4000E+00, 6.6667E-01,
13:35:00.39304337, 2.4133E+00, 2.4133E+00, 6.6667E-01,
13:35:00.39304342, 2.4267E+00, 2.4000E+00, 6.6667E-01,
13:35:00.39304347, 2.4000E+00, 2.4000E+00, 6.6667E-01,
13:35:00.39304352, 2.3867E+00, 2.4000E+00, 6.6667E-01,
13:35:00.39304357, 2.3867E+00, 2.3867E+00, 5.3333E-01,
13:35:00.39304362, 2.3600E+00, 2.4133E+00, 6.6667E-01,
13:35:00.39304367, 2.4400E+00, 2.3600E+00, 4.0000E-01,
13:35:00.39304372, 2.3867E+00, 2.3867E+00, 2.6667E-01,
13:35:00.39304377, 2.4267E+00, 2.4000E+00, 6.6667E-01,
13:35:00.39304382, 2.4133E+00, 2.3733E+00, 6.6667E-01,
13:35:00.39304387, 2.4000E+00, 2.3867E+00, 5.3333E-01,
13:35:00.39304392, 2.4400E+00, 2.4000E+00, 5.3333E-01,
13:35:00.39304397, 2.4267E+00, 2.3867E+00, 8.0000E-01,
13:35:00.39304402, 2.4133E+00, 2.3867E+00, 6.6667E-01,
13:35:00.39304407, 2.3467E+00, 2.4267E+00, 6.6667E-01,
13:35:00.39304412, 2.4267E+00, 2.3867E+00, 4.0000E-01,
13:35:00.39304417, 2.4000E+00, 2.3867E+00, 5.3333E-01,
13:35:00.39304422, 2.4133E+00, 2.3867E+00, 5.3333E-01,
13:35:00.39304427, 2.4000E+00, 2.4000E+00, 6.6667E-01,
13:35:00.39304432, 2.4133E+00, 2.3867E+00, 4.0000E-01,
13:35:00.39304437, 2.4133E+00, 2.3867E+00, 6.6667E-01,
13:35:00.39304442, 2.3733E+00, 2.4000E+00, 5.3333E-01,
13:35:00.39304447, 2.3867E+00, 2.4133E+00, 6.6667E-01,
13:35:00.39304452, 2.3467E+00, 2.4000E+00, 4.0000E-01,
13:35:00.39304457, 2.3867E+00, 2.4133E+00, 6.6667E-01,
13:35:00.39304462, 2.3733E+00, 2.3867E+00, 5.3333E-01,
13:35:00.39304467, 2.3867E+00, 2.3867E+00, 5.3333E-01,
13:35:00.39304472, 2.3733E+00, 2.3867E+00, 5.3333E-01,
13:35:00.39304477, 2.4133E+00, 2.4000E+00, 8.0000E-01,
13:35:00.39304482, 2.4000E+00, 2.3867E+00, 4.0000E-01,
13:35:00.39304487, 2.4000E+00, 2.4000E+00, 5.3333E-01,
13:35:00.39304492, 2.4000E+00, 2.3867E+00, 5.3333E-01,
13:35:00.39304497, 2.4000E+00, 2.3733E+00, 5.3333E-01,
13:35:00.39304502, 2.4000E+00, 2.4000E+00, 4.0000E-01,
13:35:00.39304507, 2.4000E+00, 2.4000E+00, 5.3333E-01,
13:35:00.39304512, 2.4000E+00, 2.3867E+00, 5.3333E-01,
13:35:00.39304517, 2.4133E+00, 2.3867E+00, 6.6667E-01,
13:35:00.39304522, 2.4400E+00, 2.3867E+00, 5.3333E-01,
13:35:00.39304527, 2.4267E+00, 2.3867E+00, 4.0000E-01,
13:35:00.39304532, 2.4000E+00, 2.3867E+00, 6.6667E-01,
13:35:00.39304537, 2.4000E+00, 2.3867E+00, 4.0000E-01,
13:35:00.39304542, 2.4267E+00, 2.3867E+00, 5.3333E-01,
13:35:00.39304547, 2.3867E+00, 2.3733E+00, 6.6667E-01,
13:35:00.39304552, 2.3733E+00, 2.3867E+00, 5.3333E-01,
13:35:00.39304557, 2.4133E+00, 2.3600E+00, 2.6667E-01,
13:35:00.39304562, 2.3867E+00, 2.4000E+00, 5.3333E-01,
13:35:00.39304567, 2.3867E+00, 2.3733E+00, 5.3333E-01,
13:35:00.39304572, 2.4000E+00, 2.3600E+00, 5.3333E-01,
13:35:00.39304577, 2.4000E+00, 2.3733E+00, 6.6667E-01,
13:35:00.39304582, 2.4267E+00, 2.3733E+00, 6.6667E-01,
13:35:00.39304587, 2.3867E+00, 2.4133E+00, 6.6667E-01,
13:35:00.39304592, 2.4133E+00, 2.3733E+00, 6.6667E-01,
13:35:00.39304597, 2.3733E+00, 2.3867E+00, 2.6667E-01,
13:35:00.39304602, 2.3867E+00, 2.3867E+00, 5.3333E-01,
13:35:00.39304607, 2.3867E+00, 2.3867E+00, 2.6667E-01,
13:35:00.39304612, 2.4133E+00, 2.4133E+00, 4.0000E-01,
13:35:00.39304617, 2.4133E+00, 2.3867E+00, 0.0000E+00,
13:35:00.39304622, 2.4133E+00, 2.3867E+00, 1.3333E-01,
13:35:00.39304627, 2.4267E+00, 2.3733E+00, 4.0000E-01,
13:35:00.39304632, 2.4133E+00, 2.3733E+00, 6.6667E-01,
13:35:00.39304637, 2.4000E+00, 2.4000E+00, 5.3333E-01,
13:35:00.39304642, 2.3600E+00, 2.3867E+00, 5.3333E-01,
13:35:00.39304647, 2.3600E+00, 2.3733E+00, 5.3333E-01,
13:35:00.39304652, 2.4267E+00, 2.3867E+00, 4.0000E-01,
13:35:00.39304657, 2.4000E+00, 2.3867E+00, 1.3333E-01,
13:35:00.39304662, 2.4267E+00, 2.3867E+00, 4.0000E-01,
13:35:00.39304667, 2.4400E+00, 2.3867E+00, 5.3333E-01,
13:35:00.39304672, 2.4267E+00, 2.3733E+00, 5.3333E-01,
13:35:00.39304677, 2.3867E+00, 2.3600E+00, 5.3333E-01,
13:35:00.39304682, 2.4133E+00, 2.3867E+00, 4.0000E-01,
13:35:00.39304687, 2.3867E+00, 2.3733E+00, 4.0000E-01,
13:35:00.39304692, 2.3867E+00, 2.3600E+00, 6.6667E-01,
13:35:00.39304697, 2.3733E+00, 2.3600E+00, 4.0000E-01,
13:35:00.39304702, 2.3867E+00, 2.3733E+00, 2.6667E-01,
13:35:00.39304707, 2.4000E+00, 2.3867E+00, 1.3333E-01,
13:35:00.39304712, 2.3867E+00, 2.3733E+00, 2.6667E-01,
13:35:00.39304717, 2.4133E+00, 2.3600E+00, 2.6667E-01,
13:35:00.39304722, 2.4133E+00, 2.3867E+00, 1.3333E-01,
13:35:00.39304727, 2.3867E+00, 2.3600E+00, 2.6667E-01,
13:35:00.39304732, 2.4267E+00, 2.3867E+00, 5.3333E-01,
13:35:00.39304737, 2.3867E+00, 2.3867E+00, 4.0000E-01,
13:35:00.39304742, 2.3867E+00, 2.3733E+00, 6.6667E-01,
13:35:00.39304747, 2.4000E+00, 2.3867E+00, 5.3333E-01,
13:35:00.39304752, 2.4000E+00, 2.3733E+00, 2.6667E-01,
13:35:00.39304757, 2.4000E+00, 2.3600E+00, 2.6667E-01,
13:35:00.39304762, 2.4000E+00, 2.3600E+00, 1.3333E-01,
13:35:00.39304767, 2.4000E+00, 2.3867E+00, 4.0000E-01,
13:35:00.39304772, 2.4400E+00, 2.3733E+00, 1.3333E-01,
13:35:00.39304777, 2.4133E+00, 2.3733E+00, 4.0000E-01,
13:35:00.39304782, 2.4000E+00, 2.3600E+00, 6.6667E-01,
13:35:00.39304787, 2.3867E+00, 2.3867E+00, 1.3333E-01,
13:35:00.39304792, 2.4000E+00, 2.3600E+00, 6.6667E-01,
13:35:00.39304797, 2.3867E+00, 2.3867E+00, 4.0000E-01,
13:35:00.39304802, 2.4000E+00, 2.4000E+00, 2.6667E-01,
13:35:00.39304807, 2.4400E+00, 2.3600E+00, 4.0000E-01,
13:35:00.39304812, 2.3867E+00, 2.3733E+00, 2.6667E-01,
13:35:00.39304817, 2.4133E+00, 2.3867E+00, 4.0000E-01,
13:35:00.39304822, 2.3867E+00, 2.3600E+00, 2.6667E-01,
13:35:00.39304827, 2.4400E+00, 2.3467E+00, 6.6667E-01,
13:35:00.39304832, 2.4133E+00, 2.3467E+00, 4.0000E-01,
13:35:00.39304837, 2.3600E+00, 2.3733E+00, 4.0000E-01,
13:35:00.39304842, 2.3867E+00, 2.3467E+00, 5.3333E-01,
13:35:00.39304847, 2.4133E+00, 2.3600E+00, 4.0000E-01,
13:35:00.39304852, 2.4000E+00, 2.3467E+00, 2.6667E-01,
13:35:00.39304857, 2.4000E+00, 2.3600E+00, 2.6667E-01,
13:35:00.39304862, 2.3733E+00, 2.3733E+00, 1.3333E-01,
13:35:00.39304867, 2.3867E+00, 2.3733E+00, 4.0000E-01,
13:35:00.39304872, 2.4133E+00, 2.3600E+00, 4.0000E-01,
13:35:00.39304877, 2.4000E+00, 2.3733E+00, 6.6667E-01,
13:35:00.39304882, 2.4000E+00, 2.3867E+00, 4.0000E-01,
13:35:00.39304887, 2.3600E+00, 2.3733E+00, 1.3333E-01,
13:35:00.39304892, 2.4000E+00, 2.3867E+00, 4.0000E-01,
13:35:00.39304897, 2.4000E+00, 2.3867E+00, 5.3333E-01,
13:35:00.39304902, 2.3733E+00, 2.3600E+00, 2.6667E-01,
13:35:00.39304907, 2.3867E+00, 2.3867E+00, 4.0000E-01,
13:35:00.39304912, 2.4267E+00, 2.3600E+00, 1.3333E-01,
13:35:00.39304917, 2.4000E+00, 2.3867E+00, 1.3333E-01,
13:35:00.39304922, 2.3733E+00, 2.3867E+00, 2.6667E-01,
13:35:00.39304927, 2.3867E+00, 2.3467E+00, 1.3333E-01,
13:35:00.39304932, 2.3867E+00, 2.3600E+00, 2.6667E-01,
13:35:00.39304937, 2.3867E+00, 2.3733E+00, 4.0000E-01,
13:35:00.39304942, 2.4000E+00, 2.3600E+00, 2.6667E-01,
13:35:00.39304947, 2.4000E+00, 2.3467E+00, 2.6667E-01,
13:35:00.39304952, 2.3867E+00, 2.3467E+00, 4.0000E-01,
13:35:00.39304957, 2.4133E+00, 2.3333E+00, 2.6667E-01,
13:35:00.39304962, 2.4133E+00, 2.3467E+00, 0.0000E+00,
13:35:00.39304967, 2.4000E+00, 2.3600E+00, 1.3333E-01,
13:35:00.39304972, 2.4133E+00, 2.3867E+00, 4.0000E-01,
13:35:00.39304977, 2.3867E+00, 2.3600E+00, 1.3333E-01,
13:35:00.39304982, 2.3867E+00, 2.3867E+00, 2.6667E-01,
13:35:00.39304987, 2.4000E+00, 2.3600E+00, 6.6667E-01,
13:35:00.39304992, 2.4133E+00, 2.3733E+00, 4.0000E-01,
13:35:00.39304997, 2.4000E+00, 2.3467E+00, 2.6667E-01,
13:35:00.39305002, 2.4000E+00, 2.3733E+00, 0.0000E+00,
13:35:00.39305007, 2.4133E+00, 2.3600E+00, 5.3333E-01,
13:35:00.39305012, 2.4133E+00, 2.3733E+00, 4.0000E-01,
13:35:00.39305017, 2.4000E+00, 2.3600E+00, 4.0000E-01,
13:35:00.39305022, 2.4133E+00, 2.3600E+00, 4.0000E-01,
13:35:00.39305027, 2.4000E+00, 2.3600E+00, 2.6667E-01,
13:35:00.39305032, 2.3733E+00, 2.3600E+00, 2.6667E-01,
13:35:00.39305037, 2.3867E+00, 2.3600E+00, 4.0000E-01,
13:35:00.39305042, 2.4000E+00, 2.3467E+00, 2.6667E-01,
13:35:00.39305047, 2.4133E+00, 2.3467E+00, 6.6667E-01,
13:35:00.39305052, 2.4000E+00, 2.3733E+00, 4.0000E-01,
13:35:00.39305057, 2.4000E+00, 2.3733E+00,-1.3333E-01,
13:35:00.39305062, 2.4133E+00, 2.3600E+00, 2.6667E-01,
13:35:00.39305067, 2.3867E+00, 2.3733E+00, 6.6667E-01,
13:35:00.39305072, 2.4000E+00, 2.3600E+00, 4.0000E-01,
13:35:00.39305077, 2.3733E+00, 2.3467E+00, 4.0000E-01,
13:35:00.39305082, 2.4133E+00, 2.3600E+00, 5.3333E-01,
13:35:00.39305087, 2.3867E+00, 2.3733E+00, 2.6667E-01,
13:35:00.39305092, 2.4000E+00, 2.3600E+00, 4.0000E-01,
13:35:00.39305097, 2.4000E+00, 2.3733E+00, 4.0000E-01,
13:35:00.39305102, 2.4133E+00, 2.3600E+00, 5.3333E-01,
13:35:00.39305107, 2.3867E+00, 2.3333E+00, 4.0000E-01,
13:35:00.39305112, 2.3867E+00, 2.4000E+00, 4.0000E-01,
13:35:00.39305117, 2.3867E+00, 2.3467E+00, 5.3333E-01,
13:35:00.39305122, 2.3600E+00, 2.3867E+00, 6.6667E-01,
13:35:00.39305127, 2.3733E+00, 2.3600E+00, 4.0000E-01,
13:35:00.39305132, 2.4000E+00, 2.3600E+00, 4.0000E-01,
13:35:00.39305137, 2.4267E+00, 2.3333E+00, 5.3333E-01,
13:35:00.39305142, 2.4133E+00, 2.3467E+00, 1.3333E-01,
13:35:00.39305147, 2.4000E+00, 2.3600E+00, 4.0000E-01,
13:35:00.39305152, 2.4000E+00, 2.3467E+00, 4.0000E-01,
13:35:00.39305157, 2.4133E+00, 2.3733E+00, 1.3333E-01,
13:35:00.39305162, 2.4000E+00, 2.3600E+00, 2.6667E-01,
13:35:00.39305167, 2.4267E+00, 2.3333E+00, 5.3333E-01,
13:35:00.39305172, 2.3733E+00, 2.3733E+00, 6.6667E-01,
13:35:00.39305177, 2.3867E+00, 2.3867E+00, 4.0000E-01,
13:35:00.39305182, 2.4000E+00, 2.3467E+00, 6.6667E-01,
13:35:00.39305187, 2.4000E+00, 2.3867E+00, 4.0000E-01,
13:35:00.39305192, 2.3867E+00, 2.3600E+00, 4.0000E-01,
13:35:00.39305197, 2.4267E+00, 2.3600E+00, 5.3333E-01,
13:35:00.39305202, 2.4133E+00, 2.3600E+00, 5.3333E-01,
13:35:00.39305207, 2.4133E+00, 2.3333E+00, 4.0000E-01,
13:35:00.39305212, 2.4133E+00, 2.3200E+00, 4.0000E-01,
13:35:00.39305217, 2.3733E+00, 2.3733E+00, 2.6667E-01,
13:35:00.39305222, 2.3733E+00, 2.3333E+00, 5.3333E-01,
13:35:00.39305227, 2.4133E+00, 2.3467E+00, 6.6667E-01,
13:35:00.39305232, 2.4400E+00, 2.3333E+00, 5.3333E-01,
13:35:00.39305237, 2.4267E+00, 2.3467E+00, 6.6667E-01,
13:35:00.39305242, 2.4133E+00, 2.3333E+00, 6.6667E-01,
13:35:00.39305247, 2.4267E+00, 2.3467E+00, 5.3333E-01,
13:35:00.39305252, 2.4400E+00, 2.3467E+00, 4.0000E-01,
13:35:00.39305257, 2.4133E+00, 2.3467E+00, 5.3333E-01,
13:35:00.39305262, 2.4267E+00, 2.3333E+00, 6.6667E-01,
13:35:00.39305267, 2.4000E+00, 2.3467E+00, 4.0000E-01,
13:35:00.39305272, 2.4000E+00, 2.3600E+00, 4.0000E-01,
13:35:00.39305277, 2.4000E+00, 2.3467E+00, 6.6667E-01,
13:35:00.39305282, 2.4133E+00, 2.3467E+00, 6.6667E-01,
13:35:00.39305287, 2.4133E+00, 2.3467E+00, 6.6667E-01,
13:35:00.39305292, 2.3867E+00, 2.3333E+00, 6.6667E-01,
13:35:00.39305297, 2.3867E+00, 2.3467E+00, 6.6667E-01,
13:35:00.39305302, 2.4000E+00, 2.3467E+00, 2.6667E-01,
13:35:00.39305307, 2.3867E+00, 2.3867E+00, 5.3333E-01,
13:35:00.39305312, 2.3867E+00, 2.3467E+00, 6.6667E-01,
13:35:00.39305317, 2.3733E+00, 2.3600E+00, 4.0000E-01,
13:35:00.39305322, 2.3733E+00, 2.3467E+00, 5.3333E-01,
13:35:00.39305327, 2.4133E+00, 2.3600E+00, 5.3333E-01,
13:35:00.39305332, 2.4133E+00, 2.3333E+00, 6.6667E-01,
13:35:00.39305337, 2.4000E+00, 2.3333E+00, 4.0000E-01,
13:35:00.39305342, 2.3733E+00, 2.3333E+00, 4.0000E-01,
13:35:00.39305347, 2.4000E+00, 2.3333E+00, 6.6667E-01,
13:35:00.39305352, 2.4267E+00, 2.3200E+00, 1.3333E-01,
13:35:00.39305357, 2.3867E+00, 2.3467E+00, 5.3333E-01,
13:35:00.39305362, 2.4000E+00, 2.3467E+00, 6.6667E-01,
13:35:00.39305367, 2.3733E+00, 2.4000E+00, 5.3333E-01,
13:35:00.39305372, 2.4000E+00, 2.3467E+00, 8.0000E-01,
13:35:00.39305377, 2.4000E+00, 2.3467E+00, 9.3333E-01,
13:35:00.39305382, 2.4000E+00, 2.3333E+00, 6.6667E-01,
13:35:00.39305387, 2.4133E+00, 2.3600E+00, 6.6667E-01,
13:35:00.39305392, 2.4000E+00, 2.3467E+00, 5.3333E-01,
13:35:00.39305397, 2.3867E+00, 2.3467E+00, 6.6667E-01,
13:35:00.39305402, 2.3733E+00, 2.3333E+00, 6.6667E-01,
13:35:00.39305407, 2.3867E+00, 2.3467E+00, 5.3333E-01,
13:35:00.39305412, 2.4133E+00, 2.3600E+00, 6.6667E-01,
13:35:00.39305417, 2.4000E+00, 2.3467E+00, 6.6667E-01,
13:35:00.39305422, 2.4000E+00, 2.3333E+00, 6.6667E-01,
13:35:00.39305427, 2.4000E+00, 2.3333E+00, 4.0000E-01,
13:35:00.39305432, 2.4000E+00, 2.3200E+00, 6.6667E-01,
13:35:00.39305437, 2.3867E+00, 2.3333E+00, 6.6667E-01,
13:35:00.39305442, 2.4000E+00, 2.2933E+00, 6.6667E-01,
13:35:00.39305447, 2.4133E+00, 2.3467E+00, 6.6667E-01,
13:35:00.39305452, 2.4000E+00, 2.3467E+00, 6.6667E-01,
13:35:00.39305457, 2.3733E+00, 2.3200E+00, 6.6667E-01,
13:35:00.39305462, 2.3867E+00, 2.3733E+00, 6.6667E-01,
13:35:00.39305467, 2.3867E+00, 2.3733E+00, 5.3333E-01,
13:35:00.39305472, 2.4000E+00, 2.3200E+00, 6.6667E-01,
13:35:00.39305477, 2.3733E+00, 2.3733E+00, 6.6667E-01,
13:35:00.39305482, 2.4267E+00, 2.3467E+00, 2.6667E-01,
13:35:00.39305487, 2.4267E+00, 2.3333E+00, 6.6667E-01,
13:35:00.39305492, 2.4267E+00, 2.3600E+00, 6.6667E-01,
13:35:00.39305497, 2.3600E+00, 2.3733E+00, 6.6667E-01,
13:35:00.39305502, 2.4267E+00, 2.3600E+00, 5.3333E-01,
13:35:00.39305507, 2.4133E+00, 2.3333E+00, 6.6667E-01,
13:35:00.39305512, 2.3867E+00, 2.3333E+00, 9.3333E-01,
13:35:00.39305517, 2.3733E+00, 2.3200E+00, 9.3333E-01,
13:35:00.39305522, 2.4000E+00, 2.3067E+00, 6.6667E-01,
13:35:00.39305527, 2.4133E+00, 2.3333E+00, 6.6667E-01,
13:35:00.39305532, 2.3867E+00, 2.3600E+00, 6.6667E-01,
13:35:00.39305537, 2.3733E+00, 2.3467E+00, 6.6667E-01,
13:35:00.39305542, 2.4000E+00, 2.3600E+00, 5.3333E-01,
13:35:00.39305547, 2.3867E+00, 2.3467E+00, 6.6667E-01,
13:35:00.39305552, 2.4000E+00, 2.3467E+00, 6.6667E-01,
13:35:00.39305557, 2.3867E+00, 2.3467E+00, 6.6667E-01,
13:35:00.39305562, 2.3733E+00, 2.3333E+00, 6.6667E-01,
13:35:00.39305567, 2.4133E+00, 2.3467E+00, 6.6667E-01,
13:35:00.39305572, 2.3867E+00, 2.3467E+00, 6.6667E-01,
13:35:00.39305577, 2.4000E+00, 2.3467E+00, 6.6667E-01,
13:35:00.39305582, 2.4267E+00, 2.3333E+00, 6.6667E-01,
13:35:00.39305587, 2.4000E+00, 2.3600E+00, 6.6667E-01,
13:35:00.39305592, 2.4000E+00, 2.3467E+00, 2.6667E-01,
13:35:00.39305597, 2.4000E+00, 2.3467E+00, 6.6667E-01,
13:35:00.39305602, 2.4000E+00, 2.3333E+00, 6.6667E-01,
13:35:00.39305607, 2.4000E+00, 2.3600E+00, 6.6667E-01,
13:35:00.39305612, 2.4267E+00, 2.3467E+00, 8.0000E-01,
13:35:00.39305617, 2.4133E+00, 2.3333E+00, 6.6667E-01,
13:35:00.39305622, 2.4267E+00, 2.3333E+00, 5.3333E-01,
13:35:00.39305627, 2.3733E+00, 2.3333E+00, 6.6667E-01,
13:35:00.39305632, 2.4267E+00, 2.3600E+00, 8.0000E-01,
13:35:00.39305637, 2.4000E+00, 2.3333E+00, 6.6667E-01,
13:35:00.39305642, 2.4000E+00, 2.3600E+00, 4.0000E-01,
13:35:00.39305647, 2.3733E+00, 2.3733E+00, 4.0000E-01,
13:35:00.39305652, 2.4000E+00, 2.3467E+00, 8.0000E-01,
13:35:00.39305657, 2.3733E+00, 2.3467E+00, 6.6667E-01,
13:35:00.39305662, 2.4133E+00, 2.3467E+00, 6.6667E-01,
13:35:00.39305667, 2.3867E+00, 2.3467E+00, 6.6667E-01,
13:35:00.39305672, 2.4133E+00, 2.3467E+00, 8.0000E-01,
13:35:00.39305677, 2.4133E+00, 2.3200E+00, 6.6667E-01,
13:35:00.39305682, 2.4133E+00, 2.3467E+00, 6.6667E-01,
13:35:00.39305687, 2.4133E+00, 2.3467E+00, 6.6667E-01,
13:35:00.39305692, 2.3600E+00, 2.3467E+00, 8.0000E-01,
13:35:00.39305697, 2.3867E+00, 2.3600E+00, 6.6667E-01,
13:35:00.39305702, 2.4267E+00, 2.3200E+00, 6.6667E-01,
13:35:00.39305707, 2.4000E+00, 2.3600E+00, 8.0000E-01,
13:35:00.39305712, 2.3867E+00, 2.3333E+00, 8.0000E-01,
13:35:00.39305717, 2.3867E+00, 2.3333E+00, 5.3333E-01,
13:35:00.39305722, 2.4267E+00, 2.3600E+00, 6.6667E-01,
13:35:00.39305727, 2.4400E+00, 2.3467E+00, 8.0000E-01,
13:35:00.39305732, 2.4133E+00, 2.3467E+00, 6.6667E-01,
13:35:00.39305737, 2.4133E+00, 2.3733E+00, 6.6667E-01,
13:35:00.39305742, 2.4000E+00, 2.3867E+00, 6.6667E-01,
13:35:00.39305747, 2.3733E+00, 2.3600E+00, 6.6667E-01,
13:35:00.39305752, 2.3867E+00, 2.3733E+00, 6.6667E-01,
13:35:00.39305757, 2.4000E+00, 2.3733E+00, 8.0000E-01,
13:35:00.39305762, 2.4267E+00, 2.3467E+00, 8.0000E-01,
13:35:00.39305767, 2.3867E+00, 2.3467E+00, 8.0000E-01,
13:35:00.39305772, 2.4000E+00, 2.3333E+00, 8.0000E-01,
13:35:00.39305777, 2.4000E+00, 2.3600E+00, 6.6667E-01,
13:35:00.39305782, 2.4267E+00, 2.3333E+00, 8.0000E-01,
13:35:00.39305787, 2.3867E+00, 2.3467E+00, 9.3333E-01,
13:35:00.39305792, 2.4000E+00, 2.3600E+00, 6.6667E-01,
13:35:00.39305797, 2.3733E+00, 2.3467E+00, 1.0667E+00,
13:35:00.39305802, 2.3867E+00, 2.3600E+00, 6.6667E-01,
13:35:00.39305807, 2.3867E+00, 2.3600E+00, 6.6667E-01,
13:35:00.39305812, 2.4133E+00, 2.3467E+00, 9.3333E-01,
13:35:00.39305817, 2.3733E+00, 2.3867E+00, 1.0667E+00,
13:35:00.39305822, 2.4133E+00, 2.3333E+00, 9.3333E-01,
13:35:00.39305827, 2.4000E+00, 2.3600E+00, 8.0000E-01,
13:35:00.39305832, 2.4000E+00, 2.3733E+00, 8.0000E-01,
13:35:00.39305837, 2.3867E+00, 2.3467E+00, 5.3333E-01,
13:35:00.39305842, 2.3867E+00, 2.3467E+00, 8.0000E-01,
13:35:00.39305847, 2.4000E+00, 2.3600E+00, 6.6667E-01,
13:35:00.39305852, 2.4000E+00, 2.3333E+00, 8.0000E-01,
13:35:00.39305857, 2.4133E+00, 2.3733E+00, 9.3333E-01,
13:35:00.39305862, 2.4000E+00, 2.3467E+00, 6.6667E-01,
13:35:00.39305867, 2.4000E+00, 2.3333E+00, 9.3333E-01,
13:35:00.39305872, 2.4000E+00, 2.3600E+00, 9.3333E-01,
13:35:00.39305877, 2.4267E+00, 2.3467E+00, 8.0000E-01,
13:35:00.39305882, 2.4000E+00, 2.3333E+00, 8.0000E-01,
13:35:00.39305887, 2.4267E+00, 2.3600E+00, 9.3333E-01,
13:35:00.39305892, 2.4000E+00, 2.3600E+00, 6.6667E-01,
13:35:00.39305897, 2.4000E+00, 2.3333E+00, 9.3333E-01,
13:35:00.39305902, 2.4000E+00, 2.3333E+00, 9.3333E-01,
13:35:00.39305907, 2.4133E+00, 2.3867E+00, 6.6667E-01,
13:35:00.39305912, 2.4000E+00, 2.3733E+00, 9.3333E-01,
13:35:00.39305917, 2.4400E+00, 2.3733E+00, 8.0000E-01,
13:35:00.39305922, 2.4133E+00, 2.3467E+00, 5.3333E-01,
13:35:00.39305927, 2.4000E+00, 2.3733E+00, 6.6667E-01,
13:35:00.39305932, 2.4133E+00, 2.3733E+00, 6.6667E-01,
13:35:00.39305937, 2.4000E+00, 2.3600E+00, 9.3333E-01,
13:35:00.39305942, 2.3733E+00, 2.3733E+00, 8.0000E-01,
13:35:00.39305947, 2.4000E+00, 2.3600E+00, 1.0667E+00,
13:35:00.39305952, 2.3867E+00, 2.3733E+00, 9.3333E-01,
13:35:00.39305957, 2.4000E+00, 2.3733E+00, 5.3333E-01,
13:35:00.39305962, 2.4267E+00, 2.3600E+00, 6.6667E-01,
13:35:00.39305967, 2.4400E+00, 2.3600E+00, 1.0667E+00,
13:35:00.39305972, 2.4133E+00, 2.3600E+00, 6.6667E-01,
13:35:00.39305977, 2.4267E+00, 2.3600E+00, 8.0000E-01,
13:35:00.39305982, 2.4133E+00, 2.3733E+00, 6.6667E-01,
13:35:00.39305987, 2.3867E+00, 2.3867E+00, 1.0667E+00,
13:35:00.39305992, 2.3733E+00, 2.3600E+00, 6.6667E-01,
13:35:00.39305997, 2.4000E+00, 2.3467E+00, 1.0667E+00,
13:35:00.39306002, 2.3867E+00, 2.3867E+00, 9.3333E-01,
13:35:00.39306007, 2.3867E+00, 2.3467E+00, 9.3333E-01,
13:35:00.39306012, 2.4133E+00, 2.3600E+00, 1.0667E+00,
13:35:00.39306017, 2.3733E+00, 2.3467E+00, 8.0000E-01,
13:35:00.39306022, 2.4267E+00, 2.3467E+00, 9.3333E-01,
13:35:00.39306027, 2.4133E+00, 2.3600E+00, 9.3333E-01,
13:35:00.39306032, 2.3867E+00, 2.3467E+00, 6.6667E-01,
13:35:00.39306037, 2.3867E+00, 2.3467E+00, 6.6667E-01,
13:35:00.39306042, 2.4000E+00, 2.3600E+00, 6.6667E-01,
13:35:00.39306047, 2.3867E+00, 2.3467E+00, 9.3333E-01,
13:35:00.39306052, 2.4000E+00, 2.3733E+00, 9.3333E-01,
13:35:00.39306057, 2.4000E+00, 2.3600E+00, 8.0000E-01,
13:35:00.39306062, 2.4267E+00, 2.3467E+00, 9.3333E-01,
13:35:00.39306067, 2.4267E+00, 2.3600E+00, 1.0667E+00,
13:35:00.39306072, 2.3867E+00, 2.3600E+00, 9.3333E-01,
13:35:00.39306077, 2.4000E+00, 2.3600E+00, 8.0000E-01,
13:35:00.39306082, 2.4133E+00, 2.3600E+00, 6.6667E-01,
13:35:00.39306087, 2.4133E+00, 2.3733E+00, 9.3333E-01,
13:35:00.39306092, 2.3867E+00, 2.3467E+00, 9.3333E-01,
13:35:00.39306097, 2.3867E+00, 2.3733E+00, 9.3333E-01,
13:35:00.39306102, 2.4000E+00, 2.3467E+00, 6.6667E-01,
13:35:00.39306107, 2.4000E+00, 2.3600E+00, 1.0667E+00,
13:35:00.39306112, 2.3867E+00, 2.3733E+00, 9.3333E-01,
13:35:00.39306117, 2.3867E+00, 2.3600E+00, 1.0667E+00,
13:35:00.39306122, 2.4000E+00, 2.3600E+00, 9.3333E-01,
13:35:00.39306127, 2.3867E+00, 2.3600E+00, 9.3333E-01,
13:35:00.39306132, 2.3867E+00, 2.3600E+00, 1.0667E+00,
13:35:00.39306137, 2.3867E+00, 2.3467E+00, 9.3333E-01,
13:35:00.39306142, 2.4133E+00, 2.3600E+00, 9.3333E-01,
13:35:00.39306147, 2.3733E+00, 2.3867E+00, 6.6667E-01,
13:35:00.39306152, 2.3867E+00, 2.3733E+00, 1.0667E+00,
13:35:00.39306157, 2.4000E+00, 2.3733E+00, 8.0000E-01,
13:35:00.39306162, 2.3867E+00, 2.3867E+00, 8.0000E-01,
13:35:00.39306167, 2.3867E+00, 2.3867E+00, 1.0667E+00,
13:35:00.39306172, 2.4000E+00, 2.3733E+00, 1.0667E+00,
13:35:00.39306177, 2.3733E+00, 2.3733E+00, 8.0000E-01,
13:35:00.39306182, 2.3733E+00, 2.3467E+00, 9.3333E-01,
13:35:00.39306187, 2.4000E+00, 2.3867E+00, 6.6667E-01,
13:35:00.39306192, 2.3867E+00, 2.3333E+00, 1.2000E+00,
13:35:00.39306197, 2.4000E+00, 2.3733E+00, 8.0000E-01,
13:35:00.39306202, 2.4000E+00, 2.3867E+00, 1.0667E+00,
13:35:00.39306207, 2.4000E+00, 2.3867E+00, 6.6667E-01,
13:35:00.39306212, 2.4000E+00, 2.3467E+00, 1.0667E+00,
13:35:00.39306217, 2.4133E+00, 2.3867E+00, 1.0667E+00,
13:35:00.39306222, 2.3867E+00, 2.3733E+00, 1.0667E+00,
13:35:00.39306227, 2.3600E+00, 2.3467E+00, 1.2000E+00,
13:35:00.39306232, 2.3867E+00, 2.3467E+00, 8.0000E-01,
13:35:00.39306237, 2.4133E+00, 2.3333E+00, 6.6667E-01,
13:35:00.39306242, 2.4000E+00, 2.3600E+00, 9.3333E-01,
13:35:00.39306247, 2.4000E+00, 2.3600E+00, 9.3333E-01,
13:35:00.39306252, 2.3867E+00, 2.3467E+00, 1.0667E+00,
13:35:00.39306257, 2.4000E+00, 2.3733E+00, 1.0667E+00,
13:35:00.39306262, 2.3867E+00, 2.3867E+00, 1.0667E+00,
13:35:00.39306267, 2.3867E+00, 2.3733E+00, 8.0000E-01,
13:35:00.39306272, 2.4133E+00, 2.3867E+00, 1.0667E+00,
13:35:00.39306277, 2.3733E+00, 2.3867E+00, 6.6667E-01,
13:35:00.39306282, 2.4133E+00, 2.3733E+00, 9.3333E-01,
13:35:00.39306287, 2.3867E+00, 2.3733E+00, 8.0000E-01,
13:35:00.39306292, 2.4133E+00, 2.3733E+00, 9.3333E-01,
13:35:00.39306297, 2.4000E+00, 2.3600E+00, 1.2000E+00,
13:35:00.39306302, 2.4133E+00, 2.3467E+00, 1.0667E+00,
13:35:00.39306307, 2.4133E+00, 2.3867E+00, 8.0000E-01,
13:35:00.39306312, 2.3733E+00, 2.3867E+00, 1.3333E+00,
13:35:00.39306317, 2.3867E+00, 2.3733E+00, 6.6667E-01,
13:35:00.39306322, 2.4133E+00, 2.3867E+00, 1.0667E+00,
13:35:00.39306327, 2.3867E+00, 2.3867E+00, 8.0000E-01,
13:35:00.39306332, 2.3733E+00, 2.3733E+00, 1.0667E+00,
13:35:00.39306337, 2.4133E+00, 2.3733E+00, 9.3333E-01,
13:35:00.39306342, 2.4267E+00, 2.3733E+00, 1.2000E+00,
13:35:00.39306347, 2.3867E+00, 2.3733E+00, 9.3333E-01,
13:35:00.39306352, 2.4267E+00, 2.3867E+00, 1.0667E+00,
13:35:00.39306357, 2.4267E+00, 2.3733E+00, 8.0000E-01,
13:35:00.39306362, 2.3867E+00, 2.3867E+00, 8.0000E-01,
13:35:00.39306367, 2.4133E+00, 2.3867E+00, 9.3333E-01,
13:35:00.39306372, 2.3333E+00, 2.3733E+00, 9.3333E-01,
13:35:00.39306377, 2.3867E+00, 2.3600E+00, 6.6667E-01,
13:35:00.39306382, 2.3867E+00, 2.3867E+00, 8.0000E-01,
13:35:00.39306387, 2.4267E+00, 2.3467E+00, 1.0667E+00,
13:35:00.39306392, 2.4267E+00, 2.3733E+00, 1.0667E+00,
13:35:00.39306397, 2.4000E+00, 2.3467E+00, 8.0000E-01,
13:35:00.39306402, 2.3867E+00, 2.3600E+00, 9.3333E-01,
13:35:00.39306407, 2.4133E+00, 2.4000E+00, 9.3333E-01,
13:35:00.39306412, 2.4133E+00, 2.3600E+00, 8.0000E-01,
13:35:00.39306417, 2.3733E+00, 2.3867E+00, 9.3333E-01,
13:35:00.39306422, 2.4267E+00, 2.3733E+00, 1.2000E+00,
13:35:00.39306427, 2.3867E+00, 2.3733E+00, 1.0667E+00,
13:35:00.39306432, 2.4267E+00, 2.3600E+00, 1.2000E+00,
13:35:00.39306437, 2.4133E+00, 2.3600E+00, 1.0667E+00,
13:35:00.39306442, 2.3733E+00, 2.3867E+00, 9.3333E-01,
13:35:00.39306447, 2.4133E+00, 2.3867E+00, 1.0667E+00,
13:35:00.39306452, 2.4133E+00, 2.3600E+00, 8.0000E-01,
13:35:00.39306457, 2.4133E+00, 2.3867E+00, 8.0000E-01,
13:35:00.39306462, 2.4133E+00, 2.3467E+00, 6.6667E-01,
13:35:00.39306467, 2.3733E+00, 2.3733E+00, 6.6667E-01,
13:35:00.39306472, 2.3867E+00, 2.3867E+00, 1.0667E+00,
13:35:00.39306477, 2.3867E+00, 2.3600E+00, 1.0667E+00,
13:35:00.39306482, 2.3867E+00, 2.3733E+00, 9.3333E-01,
13:35:00.39306487, 2.4267E+00, 2.3733E+00, 9.3333E-01,
13:35:00.39306492, 2.4133E+00, 2.4000E+00, 6.6667E-01,
13:35:00.39306497, 2.4000E+00, 2.3867E+00, 8.0000E-01,
13:35:00.39306502, 2.4133E+00, 2.3467E+00, 1.0667E+00,
13:35:00.39306507, 2.4000E+00, 2.3867E+00, 1.0667E+00,
13:35:00.39306512, 2.3867E+00, 2.3733E+00, 1.0667E+00,
13:35:00.39306517, 2.3733E+00, 2.3733E+00, 9.3333E-01,
13:35:00.39306522, 2.4267E+00, 2.3600E+00, 8.0000E-01,
13:35:00.39306527, 2.4000E+00, 2.3733E+00, 6.6667E-01,
13:35:00.39306532, 2.3867E+00, 2.3333E+00, 9.3333E-01,
13:35:00.39306537, 2.4267E+00, 2.3467E+00, 9.3333E-01,
13:35:00.39306542, 2.4400E+00, 2.3867E+00, 8.0000E-01,
13:35:00.39306547, 2.3867E+00, 2.3867E+00, 8.0000E-01,
13:35:00.39306552, 2.4000E+00, 2.3733E+00, 8.0000E-01,
13:35:00.39306557, 2.3467E+00, 2.3733E+00, 9.3333E-01,
13:35:00.39306562, 2.3733E+00, 2.3600E+00, 1.0667E+00,
13:35:00.39306567, 2.3600E+00, 2.3733E+00, 8.0000E-01,
13:35:00.39306572, 2.4000E+00, 2.3867E+00, 8.0000E-01,
13:35:00.39306577, 2.3600E+00, 2.3600E+00, 9.3333E-01,
13:35:00.39306582, 2.3867E+00, 2.3867E+00, 8.0000E-01,
13:35:00.39306587, 2.4400E+00, 2.3867E+00, 1.0667E+00,
13:35:00.39306592, 2.4133E+00, 2.3733E+00, 8.0000E-01,
13:35:00.39306597, 2.4267E+00, 2.3867E+00, 1.0667E+00,
13:35:00.39306602, 2.4133E+00, 2.3600E+00, 8.0000E-01,
13:35:00.39306607, 2.4000E+00, 2.3867E+00, 9.3333E-01,
13:35:00.39306612, 2.3867E+00, 2.3600E+00, 6.6667E-01,
13:35:00.39306617, 2.3867E+00, 2.3733E+00, 9.3333E-01,
13:35:00.39306622, 2.3867E+00, 2.3867E+00, 9.3333E-01,
13:35:00.39306627, 2.4133E+00, 2.3733E+00, 9.3333E-01,
13:35:00.39306632, 2.4133E+00, 2.3867E+00, 8.0000E-01,
13:35:00.39306637, 2.4133E+00, 2.4133E+00, 6.6667E-01,
13:35:00.39306642, 2.4133E+00, 2.3733E+00, 8.0000E-01,
13:35:00.39306647, 2.4000E+00, 2.3867E+00, 6.6667E-01,
13:35:00.39306652, 2.3733E+00, 2.3733E+00, 8.0000E-01,
13:35:00.39306657, 2.3733E+00, 2.3733E+00, 6.6667E-01,
13:35:00.39306662, 2.4000E+00, 2.3867E+00, 1.0667E+00,
13:35:00.39306667, 2.4000E+00, 2.3733E+00, 9.3333E-01,
13:35:00.39306672, 2.4000E+00, 2.3867E+00, 6.6667E-01,
13:35:00.39306677, 2.4000E+00, 2.3867E+00, 8.0000E-01,
13:35:00.39306682, 2.4000E+00, 2.3600E+00, 8.0000E-01,
13:35:00.39306687, 2.4000E+00, 2.3867E+00, 9.3333E-01,
13:35:00.39306692, 2.4133E+00, 2.3467E+00, 1.0667E+00,
13:35:00.39306697, 2.3600E+00, 2.3867E+00, 6.6667E-01,
13:35:00.39306702, 2.3867E+00, 2.3600E+00, 1.0667E+00,
13:35:00.39306707, 2.4133E+00, 2.3733E+00, 1.0667E+00,
13:35:00.39306712, 2.3600E+00, 2.3867E+00, 9.3333E-01,
13:35:00.39306717, 2.4000E+00, 2.3733E+00, 1.0667E+00,
13:35:00.39306722, 2.4000E+00, 2.3867E+00, 1.0667E+00,
13:35:00.39306727, 2.3867E+00, 2.3867E+00, 9.3333E-01,
13:35:00.39306732, 2.3867E+00, 2.3600E+00, 8.0000E-01,
13:35:00.39306737, 2.4133E+00, 2.3733E+00, 1.0667E+00,
13:35:00.39306742, 2.4133E+00, 2.3867E+00, 6.6667E-01,
13:35:00.39306747, 2.3733E+00, 2.3733E+00, 6.6667E-01,
13:35:00.39306752, 2.3867E+00, 2.3867E+00, 9.3333E-01,
13:35:00.39306757, 2.3733E+00, 2.3467E+00, 6.6667E-01,
13:35:00.39306762, 2.3867E+00, 2.3867E+00, 9.3333E-01,
13:35:00.39306767, 2.3867E+00, 2.3733E+00, 9.3333E-01,
13:35:00.39306772, 2.3867E+00, 2.4000E+00, 9.3333E-01,
13:35:00.39306777, 2.4000E+00, 2.3867E+00, 6.6667E-01,
13:35:00.39306782, 2.3867E+00, 2.3867E+00, 9.3333E-01,
13:35:00.39306787, 2.4267E+00, 2.3867E+00, 1.2000E+00,
13:35:00.39306792, 2.4267E+00, 2.3867E+00, 9.3333E-01,
13:35:00.39306797, 2.4000E+00, 2.3867E+00, 9.3333E-01,
13:35:00.39306802, 2.3867E+00, 2.3867E+00, 9.3333E-01,
13:35:00.39306807, 2.3867E+00, 2.3600E+00, 8.0000E-01,
13:35:00.39306812, 2.4133E+00, 2.3600E+00, 6.6667E-01,
13:35:00.39306817, 2.3867E+00, 2.3867E+00, 6.6667E-01,
13:35:00.39306822, 2.3733E+00, 2.3867E+00, 6.6667E-01,
13:35:00.39306827, 2.4000E+00, 2.3733E+00, 9.3333E-01,
13:35:00.39306832, 2.4133E+00, 2.3867E+00, 1.0667E+00,
13:35:00.39306837, 2.3867E+00, 2.3867E+00, 8.0000E-01,
13:35:00.39306842, 2.4267E+00, 2.3867E+00, 9.3333E-01,
13:35:00.39306847, 2.3867E+00, 2.4133E+00, 6.6667E-01,
13:35:00.39306852, 2.3867E+00, 2.4000E+00, 6.6667E-01,
13:35:00.39306857, 2.3733E+00, 2.3600E+00, 8.0000E-01,
13:35:00.39306862, 2.4133E+00, 2.3867E+00, 5.3333E-01,
13:35:00.39306867, 2.3867E+00, 2.3867E+00, 8.0000E-01,
13:35:00.39306872, 2.4267E+00, 2.3867E+00, 8.0000E-01,
13:35:00.39306877, 2.4267E+00, 2.3467E+00, 8.0000E-01,
13:35:00.39306882, 2.4133E+00, 2.3867E+00, 9.3333E-01,
13:35:00.39306887, 2.4133E+00, 2.3867E+00, 1.2000E+00,
13:35:00.39306892, 2.4000E+00, 2.3867E+00, 8.0000E-01,
13:35:00.39306897, 2.3867E+00, 2.3867E+00, 6.6667E-01,
13:35:00.39306902, 2.4267E+00, 2.3600E+00, 8.0000E-01,
13:35:00.39306907, 2.4133E+00, 2.3867E+00, 6.6667E-01,
13:35:00.39306912, 2.4400E+00, 2.3867E+00, 8.0000E-01,
13:35:00.39306917, 2.4000E+00, 2.3600E+00, 8.0000E-01,
13:35:00.39306922, 2.3733E+00, 2.3467E+00, 6.6667E-01,
13:35:00.39306927, 2.3867E+00, 2.4000E+00, 6.6667E-01,
13:35:00.39306932, 2.4133E+00, 2.3733E+00, 9.3333E-01,
13:35:00.39306937, 2.3733E+00, 2.3600E+00, 6.6667E-01,
13:35:00.39306942, 2.3733E+00, 2.3600E+00, 6.6667E-01,
13:35:00.39306947, 2.3867E+00, 2.3867E+00, 6.6667E-01,
13:35:00.39306952, 2.4133E+00, 2.3867E+00, 6.6667E-01,
13:35:00.39306957, 2.4133E+00, 2.3867E+00, 6.6667E-01,
13:35:00.39306962, 2.4133E+00, 2.4000E+00, 6.6667E-01,
13:35:00.39306967, 2.4000E+00, 2.4000E+00, 6.6667E-01,
13:35:00.39306972, 2.4400E+00, 2.3867E+00, 8.0000E-01,
13:35:00.39306977, 2.4000E+00, 2.3733E+00, 6.6667E-01,
13:35:00.39306982, 2.4000E+00, 2.4000E+00, 8.0000E-01,
13:35:00.39306987, 2.3733E+00, 2.3867E+00, 6.6667E-01,
13:35:00.39306992, 2.3867E+00, 2.3867E+00, 6.6667E-01,
13:35:00.39306997, 2.3867E+00, 2.3867E+00, 6.6667E-01,
13:35:00.39307002, 2.3733E+00, 2.3733E+00, 6.6667E-01,
13:35:00.39307007, 2.3867E+00, 2.3600E+00, 9.3333E-01,
13:35:00.39307012, 2.4000E+00, 2.3867E+00, 4.0000E-01,
13:35:00.39307017, 2.4267E+00, 2.3867E+00, 8.0000E-01,
13:35:00.39307022, 2.4133E+00, 2.3733E+00, 8.0000E-01,
13:35:00.39307027, 2.3733E+00, 2.3600E+00, 6.6667E-01,
13:35:00.39307032, 2.4133E+00, 2.3600E+00, 1.0667E+00,
13:35:00.39307037, 2.4000E+00, 2.3600E+00, 6.6667E-01,
13:35:00.39307042, 2.3600E+00, 2.3867E+00, 4.0000E-01,
13:35:00.39307047, 2.3733E+00, 2.3600E+00, 6.6667E-01,
13:35:00.39307052, 2.4133E+00, 2.3867E+00, 8.0000E-01,
13:35:00.39307057, 2.4000E+00, 2.3867E+00, 6.6667E-01,
13:35:00.39307062, 2.3867E+00, 2.3867E+00, 8.0000E-01,
13:35:00.39307067, 2.4267E+00, 2.3733E+00, 6.6667E-01,
13:35:00.39307072, 2.4000E+00, 2.3600E+00, 6.6667E-01,
13:35:00.39307077, 2.4400E+00, 2.3733E+00, 9.3333E-01,
13:35:00.39307082, 2.4133E+00, 2.3600E+00, 9.3333E-01,
13:35:00.39307087, 2.3867E+00, 2.3733E+00, 6.6667E-01,
13:35:00.39307092, 2.3867E+00, 2.3867E+00, 4.0000E-01,
13:35:00.39307097, 2.3733E+00, 2.3867E+00, 1.0667E+00,
13:35:00.39307102, 2.3867E+00, 2.3867E+00, 2.6667E-01,
13:35:00.39307107, 2.3733E+00, 2.3733E+00, 6.6667E-01,
13:35:00.39307112, 2.4267E+00, 2.3600E+00, 9.3333E-01,
13:35:00.39307117, 2.4000E+00, 2.3867E+00, 6.6667E-01,
13:35:00.39307122, 2.3867E+00, 2.3733E+00, 6.6667E-01,
13:35:00.39307127, 2.3867E+00, 2.3867E+00, 4.0000E-01,
13:35:00.39307132, 2.4133E+00, 2.3733E+00, 9.3333E-01,
13:35:00.39307137, 2.4000E+00, 2.3867E+00, 6.6667E-01,
13:35:00.39307142, 2.3733E+00, 2.3867E+00, 6.6667E-01,
13:35:00.39307147, 2.3600E+00, 2.3867E+00, 6.6667E-01,
13:35:00.39307152, 2.4267E+00, 2.4000E+00, 4.0000E-01,
13:35:00.39307157, 2.4267E+00, 2.3867E+00, 5.3333E-01,
13:35:00.39307162, 2.4267E+00, 2.3733E+00, 5.3333E-01,
13:35:00.39307167, 2.3867E+00, 2.3867E+00, 8.0000E-01,
13:35:00.39307172, 2.4267E+00, 2.3867E+00, 6.6667E-01,
13:35:00.39307177, 2.3600E+00, 2.3867E+00, 6.6667E-01,
13:35:00.39307182, 2.4000E+00, 2.3867E+00, 6.6667E-01,
13:35:00.39307187, 2.4000E+00, 2.3867E+00, 6.6667E-01,
13:35:00.39307192, 2.3867E+00, 2.3867E+00, 8.0000E-01,
13:35:00.39307197, 2.3733E+00, 2.3867E+00, 6.6667E-01,
13:35:00.39307202, 2.3733E+00, 2.3733E+00, 6.6667E-01,
13:35:00.39307207, 2.3867E+00, 2.3867E+00, 6.6667E-01,
13:35:00.39307212, 2.4267E+00, 2.3867E+00, 8.0000E-01,
13:35:00.39307217, 2.4000E+00, 2.3733E+00, 8.0000E-01,
13:35:00.39307222, 2.3867E+00, 2.3733E+00, 8.0000E-01,
13:35:00.39307227, 2.3867E+00, 2.3867E+00, 9.3333E-01,
13:35:00.39307232, 2.3867E+00, 2.3467E+00, 9.3333E-01,
13:35:00.39307237, 2.3733E+00, 2.3867E+00, 6.6667E-01,
13:35:00.39307242, 2.4000E+00, 2.3600E+00, 6.6667E-01,
13:35:00.39307247, 2.4133E+00, 2.3733E+00, 6.6667E-01,
13:35:00.39307252, 2.4133E+00, 2.3733E+00, 5.3333E-01,
13:35:00.39307257, 2.4267E+00, 2.4000E+00, 5.3333E-01,
13:35:00.39307262, 2.4133E+00, 2.3867E+00, 8.0000E-01,
13:35:00.39307267, 2.4133E+00, 2.4000E+00, 8.0000E-01,
13:35:00.39307272, 2.4400E+00, 2.3867E+00, 8.0000E-01,
13:35:00.39307277, 2.3867E+00, 2.3867E+00, 6.6667E-01,
13:35:00.39307282, 2.3867E+00, 2.3600E+00, 6.6667E-01,
13:35:00.39307287, 2.3867E+00, 2.3867E+00, 6.6667E-01,
13:35:00.39307292, 2.3867E+00, 2.3600E+00, 4.0000E-01,
13:35:00.39307297, 2.4267E+00, 2.3600E+00, 6.6667E-01,
13:35:00.39307302, 2.4000E+00, 2.3867E+00, 6.6667E-01,
13:35:00.39307307, 2.3867E+00, 2.3867E+00, 6.6667E-01,
13:35:00.39307312, 2.4267E+00, 2.3600E+00, 6.6667E-01,
13:35:00.39307317, 2.4133E+00, 2.3467E+00, 9.3333E-01,
13:35:00.39307322, 2.3867E+00, 2.3733E+00, 5.3333E-01,
13:35:00.39307327, 2.4000E+00, 2.3600E+00, 8.0000E-01,
13:35:00.39307332, 2.4000E+00, 2.3733E+00, 5.3333E-01,
13:35:00.39307337, 2.4133E+00, 2.3733E+00, 4.0000E-01,
13:35:00.39307342, 2.3867E+00, 2.4000E+00, 6.6667E-01,
13:35:00.39307347, 2.4000E+00, 2.3733E+00, 8.0000E-01,
13:35:00.39307352, 2.4133E+00, 2.4000E+00, 6.6667E-01,
13:35:00.39307357, 2.4400E+00, 2.3600E+00, 6.6667E-01,
13:35:00.39307362, 2.4267E+00, 2.3600E+00, 5.3333E-01,
13:35:00.39307367, 2.4400E+00, 2.3867E+00, 6.6667E-01,
13:35:00.39307372, 2.3867E+00, 2.3733E+00, 6.6667E-01,
13:35:00.39307377, 2.3733E+00, 2.3867E+00, 5.3333E-01,
13:35:00.39307382, 2.3733E+00, 2.3867E+00, 6.6667E-01,
13:35:00.39307387, 2.4000E+00, 2.3733E+00, 6.6667E-01,
13:35:00.39307392, 2.4000E+00, 2.3867E+00, 5.3333E-01,
13:35:00.39307397, 2.4000E+00, 2.3867E+00, 6.6667E-01,
13:35:00.39307402, 2.4000E+00, 2.3333E+00, 6.6667E-01,
13:35:00.39307407, 2.4000E+00, 2.4000E+00, 6.6667E-01,
13:35:00.39307412, 2.4000E+00, 2.3733E+00, 5.3333E-01,
13:35:00.39307417, 2.4267E+00, 2.3733E+00, 6.6667E-01,
13:35:00.39307422, 2.4000E+00, 2.3867E+00, 4.0000E-01,
13:35:00.39307427, 2.4000E+00, 2.3733E+00, 6.6667E-01,
13:35:00.39307432, 2.4000E+00, 2.3867E+00, 5.3333E-01,
13:35:00.39307437, 2.4133E+00, 2.4000E+00, 8.0000E-01,
13:35:00.39307442, 2.4000E+00, 2.3467E+00, 5.3333E-01,
13:35:00.39307447, 2.4000E+00, 2.3600E+00, 5.3333E-01,
13:35:00.39307452, 2.4133E+00, 2.3867E+00, 4.0000E-01,
13:35:00.39307457, 2.4133E+00, 2.3867E+00, 6.6667E-01,
13:35:00.39307462, 2.4000E+00, 2.3733E+00, 5.3333E-01,
13:35:00.39307467, 2.3867E+00, 2.3867E+00, 6.6667E-01,
13:35:00.39307472, 2.3867E+00, 2.3600E+00, 6.6667E-01,
13:35:00.39307477, 2.3867E+00, 2.3733E+00, 8.0000E-01,
13:35:00.39307482, 2.3867E+00, 2.4133E+00, 5.3333E-01,
13:35:00.39307487, 2.4133E+00, 2.3867E+00, 2.6667E-01,
13:35:00.39307492, 2.4133E+00, 2.3867E+00, 6.6667E-01,
13:35:00.39307497, 2.3733E+00, 2.3867E+00, 6.6667E-01,
13:35:00.39307502, 2.4267E+00, 2.3867E+00, 6.6667E-01,
13:35:00.39307507, 2.4000E+00, 2.3600E+00, 6.6667E-01,
13:35:00.39307512, 2.4133E+00, 2.3733E+00, 6.6667E-01,
13:35:00.39307517, 2.4000E+00, 2.3867E+00, 8.0000E-01,
13:35:00.39307522, 2.3733E+00, 2.3600E+00, 6.6667E-01,
13:35:00.39307527, 2.4133E+00, 2.3733E+00, 6.6667E-01,
13:35:00.39307532, 2.4000E+00, 2.3600E+00, 6.6667E-01,
13:35:00.39307537, 2.4267E+00, 2.3600E+00, 5.3333E-01,
13:35:00.39307542, 2.3867E+00, 2.3733E+00, 8.0000E-01,
13:35:00.39307547, 2.3867E+00, 2.3867E+00, 5.3333E-01,
13:35:00.39307552, 2.4267E+00, 2.3733E+00, 6.6667E-01,
13:35:00.39307557, 2.3733E+00, 2.3733E+00, 6.6667E-01,
13:35:00.39307562, 2.3600E+00, 2.3867E+00, 5.3333E-01,
13:35:00.39307567, 2.3867E+00, 2.3733E+00, 6.6667E-01,
13:35:00.39307572, 2.3867E+00, 2.3600E+00, 6.6667E-01,
13:35:00.39307577, 2.4133E+00, 2.3867E+00, 5.3333E-01,
13:35:00.39307582, 2.3733E+00, 2.3600E+00, 6.6667E-01,
13:35:00.39307587, 2.4267E+00, 2.3867E+00, 6.6667E-01,
13:35:00.39307592, 2.3867E+00, 2.3733E+00, 6.6667E-01,
13:35:00.39307597, 2.4000E+00, 2.3867E+00, 6.6667E-01,
13:35:00.39307602, 2.4133E+00, 2.3467E+00, 6.6667E-01,
13:35:00.39307607, 2.4133E+00, 2.3867E+00, 5.3333E-01,
13:35:00.39307612, 2.3867E+00, 2.4000E+00, 6.6667E-01,
13:35:00.39307617, 2.4000E+00, 2.3600E+00, 5.3333E-01,
13:35:00.39307622, 2.4000E+00, 2.3867E+00, 6.6667E-01,
13:35:00.39307627, 2.3733E+00, 2.3867E+00, 5.3333E-01,
13:35:00.39307632, 2.4267E+00, 2.3867E+00, 6.6667E-01,
13:35:00.39307637, 2.3867E+00, 2.3733E+00, 8.0000E-01,
13:35:00.39307642, 2.3867E+00, 2.3333E+00, 5.3333E-01,
13:35:00.39307647, 2.4267E+00, 2.3867E+00, 6.6667E-01,
13:35:00.39307652, 2.3867E+00, 2.3867E+00, 6.6667E-01,
13:35:00.39307657, 2.3733E+00, 2.3733E+00, 9.3333E-01,
13:35:00.39307662, 2.3733E+00, 2.3733E+00, 4.0000E-01,
13:35:00.39307667, 2.3867E+00, 2.3467E+00, 6.6667E-01,
13:35:00.39307672, 2.3867E+00, 2.3867E+00, 6.6667E-01,
13:35:00.39307677, 2.4133E+00, 2.3867E+00, 6.6667E-01,
13:35:00.39307682, 2.4133E+00, 2.3600E+00, 5.3333E-01,
13:35:00.39307687, 2.4000E+00, 2.3600E+00, 8.0000E-01,
13:35:00.39307692, 2.4000E+00, 2.3867E+00, 5.3333E-01,
13:35:00.39307697, 2.4133E+00, 2.3733E+00, 6.6667E-01,
13:35:00.39307702, 2.4267E+00, 2.3600E+00, 8.0000E-01,
13:35:00.39307707, 2.3867E+00, 2.3733E+00, 5.3333E-01,
13:35:00.39307712, 2.4000E+00, 2.3733E+00, 6.6667E-01,
13:35:00.39307717, 2.3600E+00, 2.3733E+00, 4.0000E-01,
13:35:00.39307722, 2.4000E+00, 2.3733E+00, 4.0000E-01,
13:35:00.39307727, 2.3867E+00, 2.3733E+00, 6.6667E-01,
13:35:00.39307732, 2.4133E+00, 2.3333E+00, 6.6667E-01,
13:35:00.39307737, 2.3867E+00, 2.3733E+00, 4.0000E-01,
13:35:00.39307742, 2.4133E+00, 2.3867E+00, 2.6667E-01,
13:35:00.39307747, 2.4000E+00, 2.3733E+00, 6.6667E-01,
13:35:00.39307752, 2.3867E+00, 2.3600E+00, 6.6667E-01,
13:35:00.39307757, 2.3867E+00, 2.3467E+00, 6.6667E-01,
13:35:00.39307762, 2.3867E+00, 2.3467E+00, 5.3333E-01,
13:35:00.39307767, 2.3867E+00, 2.3867E+00, 6.6667E-01,
13:35:00.39307772, 2.3733E+00, 2.3600E+00, 4.0000E-01,
13:35:00.39307777, 2.3733E+00, 2.3600E+00, 4.0000E-01,
13:35:00.39307782, 2.4000E+00, 2.3867E+00, 4.0000E-01,
13:35:00.39307787, 2.4267E+00, 2.3867E+00, 5.3333E-01,
13:35:00.39307792, 2.4267E+00, 2.3867E+00, 5.3333E-01,
13:35:00.39307797, 2.4000E+00, 2.3600E+00, 6.6667E-01,
13:35:00.39307802, 2.4133E+00, 2.3867E+00, 6.6667E-01,
13:35:00.39307807, 2.4133E+00, 2.3733E+00, 6.6667E-01,
13:35:00.39307812, 2.3867E+00, 2.3467E+00, 5.3333E-01,
13:35:00.39307817, 2.3733E+00, 2.3733E+00, 8.0000E-01,
13:35:00.39307822, 2.4000E+00, 2.3733E+00, 6.6667E-01,
13:35:00.39307827, 2.4133E+00, 2.3867E+00, 6.6667E-01,
13:35:00.39307832, 2.4400E+00, 2.3600E+00, 6.6667E-01,
13:35:00.39307837, 2.4000E+00, 2.3867E+00, 2.6667E-01,
13:35:00.39307842, 2.3867E+00, 2.3867E+00, 6.6667E-01,
13:35:00.39307847, 2.4400E+00, 2.3867E+00, 6.6667E-01,
13:35:00.39307852, 2.3867E+00, 2.3733E+00, 4.0000E-01,
13:35:00.39307857, 2.3867E+00, 2.3467E+00, 5.3333E-01,
13:35:00.39307862, 2.3600E+00, 2.3600E+00, 6.6667E-01,
13:35:00.39307867, 2.4000E+00, 2.3867E+00, 6.6667E-01,
13:35:00.39307872, 2.4267E+00, 2.3333E+00, 6.6667E-01,
13:35:00.39307877, 2.4133E+00, 2.3600E+00, 5.3333E-01,
13:35:00.39307882, 2.4133E+00, 2.3467E+00, 6.6667E-01,
13:35:00.39307887, 2.4267E+00, 2.3600E+00, 6.6667E-01,
13:35:00.39307892, 2.4000E+00, 2.3467E+00, 6.6667E-01,
13:35:00.39307897, 2.4133E+00, 2.3733E+00, 2.6667E-01,
13:35:00.39307902, 2.3867E+00, 2.3733E+00, 6.6667E-01,
13:35:00.39307907, 2.4000E+00, 2.3600E+00, 6.6667E-01,
13:35:00.39307912, 2.3733E+00, 2.3733E+00, 6.6667E-01,
13:35:00.39307917, 2.3867E+00, 2.3600E+00, 6.6667E-01,
13:35:00.39307922, 2.4000E+00, 2.3467E+00, 6.6667E-01,
13:35:00.39307927, 2.3867E+00, 2.3600E+00, 6.6667E-01,
13:35:00.39307932, 2.4000E+00, 2.3867E+00, 1.3333E-01,
13:35:00.39307937, 2.4000E+00, 2.3333E+00, 6.6667E-01,
13:35:00.39307942, 2.4000E+00, 2.3733E+00, 6.6667E-01,
13:35:00.39307947, 2.4000E+00, 2.3333E+00, 5.3333E-01,
13:35:00.39307952, 2.3733E+00, 2.3600E+00, 6.6667E-01,
13:35:00.39307957, 2.3733E+00, 2.3733E+00, 8.0000E-01,
13:35:00.39307962, 2.4267E+00, 2.3733E+00, 6.6667E-01,
13:35:00.39307967, 2.4133E+00, 2.3867E+00, 9.3333E-01,
13:35:00.39307972, 2.4133E+00, 2.3467E+00, 5.3333E-01,
13:35:00.39307977, 2.4133E+00, 2.3733E+00, 5.3333E-01,
13:35:00.39307982, 2.4133E+00, 2.3733E+00, 6.6667E-01,
13:35:00.39307987, 2.4000E+00, 2.3867E+00, 5.3333E-01,
13:35:00.39307992, 2.4000E+00, 2.3733E+00, 8.0000E-01,
13:35:00.39307997, 2.4000E+00, 2.3867E+00, 6.6667E-01,
13:35:00.39308002, 2.3467E+00, 2.3467E+00, 6.6667E-01,
13:35:00.39308007, 2.3867E+00, 2.3733E+00, 6.6667E-01,
13:35:00.39308012, 2.3867E+00, 2.3867E+00, 6.6667E-01,
13:35:00.39308017, 2.4000E+00, 2.3333E+00, 4.0000E-01,
13:35:00.39308022, 2.3733E+00, 2.3600E+00, 6.6667E-01,
13:35:00.39308027, 2.4000E+00, 2.3467E+00, 5.3333E-01,
13:35:00.39308032, 2.4000E+00, 2.3467E+00, 9.3333E-01,
13:35:00.39308037, 2.3733E+00, 2.3600E+00, 6.6667E-01,
13:35:00.39308042, 2.3867E+00, 2.3467E+00, 6.6667E-01,
13:35:00.39308047, 2.3867E+00, 2.3467E+00, 6.6667E-01,
13:35:00.39308052, 2.3867E+00, 2.3467E+00, 5.3333E-01,
13:35:00.39308057, 2.3867E+00, 2.3867E+00, 5.3333E-01,
13:35:00.39308062, 2.4267E+00, 2.3600E+00, 8.0000E-01,
13:35:00.39308067, 2.4000E+00, 2.3867E+00, 6.6667E-01,
13:35:00.39308072, 2.4400E+00, 2.3867E+00, 4.0000E-01,
13:35:00.39308077, 2.3867E+00, 2.3867E+00, 9.3333E-01,
13:35:00.39308082, 2.4000E+00, 2.3600E+00, 4.0000E-01,
13:35:00.39308087, 2.3867E+00, 2.3467E+00, 5.3333E-01,
13:35:00.39308092, 2.4133E+00, 2.3600E+00, 8.0000E-01,
13:35:00.39308097, 2.4000E+00, 2.3733E+00, 5.3333E-01,
13:35:00.39308102, 2.4000E+00, 2.3733E+00, 8.0000E-01,
13:35:00.39308107, 2.3733E+00, 2.3467E+00, 6.6667E-01,
13:35:00.39308112, 2.4000E+00, 2.3733E+00, 6.6667E-01,
13:35:00.39308117, 2.3867E+00, 2.3733E+00, 6.6667E-01,
13:35:00.39308122, 2.4133E+00, 2.3467E+00, 6.6667E-01,
13:35:00.39308127, 2.4133E+00, 2.3467E+00, 6.6667E-01,
13:35:00.39308132, 2.4000E+00, 2.3733E+00, 6.6667E-01,
13:35:00.39308137, 2.4000E+00, 2.3600E+00, 6.6667E-01,
13:35:00.39308142, 2.3733E+00, 2.3733E+00, 4.0000E-01,
13:35:00.39308147, 2.4000E+00, 2.3867E+00, 6.6667E-01,
13:35:00.39308152, 2.3733E+00, 2.3467E+00, 2.6667E-01,
13:35:00.39308157, 2.3867E+00, 2.3467E+00, 9.3333E-01,
13:35:00.39308162, 2.4000E+00, 2.3600E+00, 6.6667E-01,
13:35:00.39308167, 2.4267E+00, 2.3600E+00, 6.6667E-01,
13:35:00.39308172, 2.4000E+00, 2.3600E+00, 6.6667E-01,
13:35:00.39308177, 2.4267E+00, 2.3733E+00, 2.6667E-01,
13:35:00.39308182, 2.4000E+00, 2.3600E+00, 6.6667E-01,
13:35:00.39308187, 2.3733E+00, 2.3733E+00, 9.3333E-01,
13:35:00.39308192, 2.3733E+00, 2.3600E+00, 5.3333E-01,
13:35:00.39308197, 2.3600E+00, 2.3333E+00, 1.0667E+00,
13:35:00.39308202, 2.4000E+00, 2.3600E+00, 8.0000E-01,
13:35:00.39308207, 2.3867E+00, 2.3467E+00, 5.3333E-01,
13:35:00.39308212, 2.4000E+00, 2.3600E+00, 6.6667E-01,
13:35:00.39308217, 2.4000E+00, 2.3467E+00, 8.0000E-01,
13:35:00.39308222, 2.3867E+00, 2.3467E+00, 6.6667E-01,
13:35:00.39308227, 2.4133E+00, 2.3600E+00, 2.6667E-01,
13:35:00.39308232, 2.4133E+00, 2.3733E+00, 5.3333E-01,
13:35:00.39308237, 2.3733E+00, 2.3867E+00, 6.6667E-01,
13:35:00.39308242, 2.4000E+00, 2.3867E+00, 5.3333E-01,
13:35:00.39308247, 2.3733E+00, 2.3333E+00, 6.6667E-01,
13:35:00.39308252, 2.4000E+00, 2.3733E+00, 6.6667E-01,
13:35:00.39308257, 2.4000E+00, 2.3333E+00, 8.0000E-01,
13:35:00.39308262, 2.3867E+00, 2.3600E+00, 6.6667E-01,
13:35:00.39308267, 2.3733E+00, 2.3333E+00, 5.3333E-01,
13:35:00.39308272, 2.4000E+00, 2.3333E+00, 5.3333E-01,
13:35:00.39308277, 2.3867E+00, 2.3467E+00, 4.0000E-01,
13:35:00.39308282, 2.4133E+00, 2.3867E+00, 6.6667E-01,
13:35:00.39308287, 2.3867E+00, 2.3467E+00, 6.6667E-01,
13:35:00.39308292, 2.3600E+00, 2.3467E+00, 6.6667E-01,
13:35:00.39308297, 2.3733E+00, 2.3600E+00, 6.6667E-01,
13:35:00.39308302, 2.4133E+00, 2.3467E+00, 6.6667E-01,
13:35:00.39308307, 2.4133E+00, 2.3867E+00, 2.6667E-01,
13:35:00.39308312, 2.3867E+00, 2.3467E+00, 5.3333E-01,
13:35:00.39308317, 2.4133E+00, 2.3733E+00, 8.0000E-01,
13:35:00.39308322, 2.3733E+00, 2.3467E+00, 6.6667E-01,
13:35:00.39308327, 2.4133E+00, 2.3467E+00, 6.6667E-01,
13:35:00.39308332, 2.3733E+00, 2.3600E+00, 5.3333E-01,
13:35:00.39308337, 2.3867E+00, 2.3867E+00, 6.6667E-01,
13:35:00.39308342, 2.3867E+00, 2.3600E+00, 8.0000E-01,
13:35:00.39308347, 2.4133E+00, 2.3733E+00, 1.0667E+00,
13:35:00.39308352, 2.4133E+00, 2.3600E+00, 8.0000E-01,
13:35:00.39308357, 2.4400E+00, 2.3733E+00, 6.6667E-01,
13:35:00.39308362, 2.4000E+00, 2.3733E+00, 8.0000E-01,
13:35:00.39308367, 2.3867E+00, 2.3467E+00, 6.6667E-01,
13:35:00.39308372, 2.4000E+00, 2.3467E+00, 6.6667E-01,
13:35:00.39308377, 2.4133E+00, 2.3467E+00, 5.3333E-01,
13:35:00.39308382, 2.4000E+00, 2.3733E+00, 8.0000E-01,
13:35:00.39308387, 2.4000E+00, 2.3600E+00, 2.6667E-01,
13:35:00.39308392, 2.4000E+00, 2.3467E+00, 6.6667E-01,
13:35:00.39308397, 2.3733E+00, 2.3600E+00, 8.0000E-01,
13:35:00.39308402, 2.4133E+00, 2.3867E+00, 6.6667E-01,
13:35:00.39308407, 2.3867E+00, 2.3600E+00, 6.6667E-01,
13:35:00.39308412, 2.4133E+00, 2.3733E+00, 6.6667E-01,
13:35:00.39308417, 2.3733E+00, 2.3867E+00, 8.0000E-01,
13:35:00.39308422, 2.4133E+00, 2.3867E+00, 8.0000E-01,
13:35:00.39308427, 2.3733E+00, 2.4000E+00, 6.6667E-01,
13:35:00.39308432, 2.4000E+00, 2.3867E+00, 6.6667E-01,
13:35:00.39308437, 2.4133E+00, 2.3867E+00, 6.6667E-01,
13:35:00.39308442, 2.3733E+00, 2.3600E+00, 6.6667E-01,
13:35:00.39308447, 2.3733E+00, 2.3600E+00, 6.6667E-01,
13:35:00.39308452, 2.3600E+00, 2.3600E+00, 6.6667E-01,
13:35:00.39308457, 2.3867E+00, 2.3733E+00, 6.6667E-01,
13:35:00.39308462, 2.3867E+00, 2.3600E+00, 6.6667E-01,
13:35:00.39308467, 2.4000E+00, 2.3467E+00, 4.0000E-01,
13:35:00.39308472, 2.4000E+00, 2.3733E+00, 6.6667E-01,
13:35:00.39308477, 2.4000E+00, 2.3733E+00, 6.6667E-01,
13:35:00.39308482, 2.4133E+00, 2.3733E+00, 8.0000E-01,
13:35:00.39308487, 2.3600E+00, 2.3467E+00, 8.0000E-01,
13:35:00.39308492, 2.3867E+00, 2.3600E+00, 8.0000E-01,
13:35:00.39308497, 2.4133E+00, 2.3467E+00, 6.6667E-01,
13:35:00.39308502, 2.4267E+00, 2.3333E+00, 6.6667E-01,
13:35:00.39308507, 2.4267E+00, 2.3600E+00, 6.6667E-01,
13:35:00.39308512, 2.4267E+00, 2.3600E+00, 6.6667E-01,
13:35:00.39308517, 2.4000E+00, 2.3600E+00, 4.0000E-01,
13:35:00.39308522, 2.3733E+00, 2.3467E+00, 6.6667E-01,
13:35:00.39308527, 2.4000E+00, 2.3600E+00, 6.6667E-01,
13:35:00.39308532, 2.3467E+00, 2.3467E+00, 6.6667E-01,
13:35:00.39308537, 2.3733E+00, 2.3733E+00, 8.0000E-01,
13:35:00.39308542, 2.3867E+00, 2.3600E+00, 6.6667E-01,
13:35:00.39308547, 2.3867E+00, 2.3600E+00, 6.6667E-01,
13:35:00.39308552, 2.4267E+00, 2.3733E+00, 6.6667E-01,
13:35:00.39308557, 2.4267E+00, 2.3600E+00, 6.6667E-01,
13:35:00.39308562, 2.3867E+00, 2.3467E+00, 6.6667E-01,
13:35:00.39308567, 2.3867E+00, 2.3600E+00, 8.0000E-01,
13:35:00.39308572, 2.3867E+00, 2.3467E+00, 6.6667E-01,
13:35:00.39308577, 2.3867E+00, 2.3733E+00, 6.6667E-01,
13:35:00.39308582, 2.4267E+00, 2.3600E+00, 6.6667E-01,
13:35:00.39308587, 2.3867E+00, 2.3467E+00, 9.3333E-01,
13:35:00.39308592, 2.3867E+00, 2.3733E+00, 6.6667E-01,
13:35:00.39308597, 2.4000E+00, 2.3333E+00, 4.0000E-01,
13:35:00.39308602, 2.4267E+00, 2.3467E+00, 6.6667E-01,
13:35:00.39308607, 2.3867E+00, 2.3467E+00, 8.0000E-01,
13:35:00.39308612, 2.3733E+00, 2.3600E+00, 6.6667E-01,
13:35:00.39308617, 2.4267E+00, 2.3867E+00, 8.0000E-01,
13:35:00.39308622, 2.4000E+00, 2.3600E+00, 6.6667E-01,
13:35:00.39308627, 2.4267E+00, 2.3600E+00, 6.6667E-01,
13:35:00.39308632, 2.3867E+00, 2.3867E+00, 8.0000E-01,
13:35:00.39308637, 2.4533E+00, 2.3867E+00, 9.3333E-01,
13:35:00.39308642, 2.4267E+00, 2.3733E+00, 6.6667E-01,
13:35:00.39308647, 2.4000E+00, 2.3333E+00, 8.0000E-01,
13:35:00.39308652, 2.4267E+00, 2.3333E+00, 6.6667E-01,
13:35:00.39308657, 2.4133E+00, 2.3600E+00, 8.0000E-01,
13:35:00.39308662, 2.3867E+00, 2.3467E+00, 9.3333E-01,
13:35:00.39308667, 2.4267E+00, 2.3867E+00, 6.6667E-01,
13:35:00.39308672, 2.3867E+00, 2.3867E+00, 8.0000E-01,
13:35:00.39308677, 2.3733E+00, 2.3867E+00, 5.3333E-01,
13:35:00.39308682, 2.3733E+00, 2.3600E+00, 8.0000E-01,
13:35:00.39308687, 2.3733E+00, 2.3733E+00, 6.6667E-01,
13:35:00.39308692, 2.3733E+00, 2.3867E+00, 6.6667E-01,
13:35:00.39308697, 2.4000E+00, 2.3467E+00, 8.0000E-01,
13:35:00.39308702, 2.4133E+00, 2.3600E+00, 6.6667E-01,
13:35:00.39308707, 2.4133E+00, 2.3867E+00, 6.6667E-01,
13:35:00.39308712, 2.4133E+00, 2.3600E+00, 6.6667E-01,
13:35:00.39308717, 2.4000E+00, 2.3467E+00, 6.6667E-01,
13:35:00.39308722, 2.3867E+00, 2.3600E+00, 1.0667E+00,
13:35:00.39308727, 2.4000E+00, 2.3467E+00, 9.3333E-01,
13:35:00.39308732, 2.3867E+00, 2.3733E+00, 1.0667E+00,
13:35:00.39308737, 2.4000E+00, 2.3867E+00, 8.0000E-01,
13:35:00.39308742, 2.4000E+00, 2.3600E+00, 5.3333E-01,
13:35:00.39308747, 2.4000E+00, 2.3867E+00, 8.0000E-01,
13:35:00.39308752, 2.3867E+00, 2.3733E+00, 6.6667E-01,
13:35:00.39308757, 2.4000E+00, 2.3733E+00, 5.3333E-01,
13:35:00.39308762, 2.4000E+00, 2.3733E+00, 6.6667E-01,
13:35:00.39308767, 2.4000E+00, 2.3600E+00, 6.6667E-01,
13:35:00.39308772, 2.3600E+00, 2.3467E+00, 8.0000E-01,
13:35:00.39308777, 2.3733E+00, 2.3600E+00, 8.0000E-01,
13:35:00.39308782, 2.4133E+00, 2.3600E+00, 8.0000E-01,
13:35:00.39308787, 2.4133E+00, 2.3333E+00, 9.3333E-01,
13:35:00.39308792, 2.3733E+00, 2.3733E+00, 9.3333E-01,
13:35:00.39308797, 2.4133E+00, 2.3733E+00, 6.6667E-01,
13:35:00.39308802, 2.4000E+00, 2.3867E+00, 5.3333E-01,
13:35:00.39308807, 2.4133E+00, 2.3600E+00, 6.6667E-01,
13:35:00.39308812, 2.3867E+00, 2.3733E+00, 8.0000E-01,
13:35:00.39308817, 2.4000E+00, 2.3733E+00, 8.0000E-01,
13:35:00.39308822, 2.4000E+00, 2.3733E+00, 6.6667E-01,
13:35:00.39308827, 2.3867E+00, 2.3733E+00, 6.6667E-01,
13:35:00.39308832, 2.3867E+00, 2.3867E+00, 1.2000E+00,
13:35:00.39308837, 2.4267E+00, 2.3733E+00, 9.3333E-01,
13:35:00.39308842, 2.4000E+00, 2.3733E+00, 9.3333E-01,
13:35:00.39308847, 2.3867E+00, 2.3467E+00, 6.6667E-01,
13:35:00.39308852, 2.3733E+00, 2.3733E+00, 6.6667E-01,
13:35:00.39308857, 2.3867E+00, 2.3600E+00, 6.6667E-01,
13:35:00.39308862, 2.3467E+00, 2.3467E+00, 6.6667E-01,
13:35:00.39308867, 2.3733E+00, 2.3867E+00, 9.3333E-01,
13:35:00.39308872, 2.3600E+00, 2.3867E+00, 8.0000E-01,
13:35:00.39308877, 2.3867E+00, 2.3733E+00, 9.3333E-01,
13:35:00.39308882, 2.4267E+00, 2.3867E+00, 8.0000E-01,
13:35:00.39308887, 2.4000E+00, 2.3733E+00, 8.0000E-01,
13:35:00.39308892, 2.4267E+00, 2.3600E+00, 8.0000E-01,
13:35:00.39308897, 2.4000E+00, 2.3733E+00, 8.0000E-01,
13:35:00.39308902, 2.4133E+00, 2.3867E+00, 6.6667E-01,
13:35:00.39308907, 2.4133E+00, 2.3467E+00, 6.6667E-01,
13:35:00.39308912, 2.3733E+00, 2.3733E+00, 6.6667E-01,
13:35:00.39308917, 2.3600E+00, 2.3733E+00, 6.6667E-01,
13:35:00.39308922, 2.3867E+00, 2.3467E+00, 8.0000E-01,
13:35:00.39308927, 2.3867E+00, 2.3600E+00, 6.6667E-01,
13:35:00.39308932, 2.4267E+00, 2.3733E+00, 9.3333E-01,
13:35:00.39308937, 2.4000E+00, 2.3867E+00, 8.0000E-01,
13:35:00.39308942, 2.3867E+00, 2.3733E+00, 6.6667E-01,
13:35:00.39308947, 2.3867E+00, 2.3467E+00, 8.0000E-01,
13:35:00.39308952, 2.4133E+00, 2.3600E+00, 6.6667E-01,
13:35:00.39308957, 2.4000E+00, 2.3600E+00, 6.6667E-01,
13:35:00.39308962, 2.3867E+00, 2.3733E+00, 1.0667E+00,
13:35:00.39308967, 2.4000E+00, 2.3467E+00, 8.0000E-01,
13:35:00.39308972, 2.4267E+00, 2.3733E+00, 9.3333E-01,
13:35:00.39308977, 2.4133E+00, 2.3467E+00, 1.0667E+00,
13:35:00.39308982, 2.3867E+00, 2.3467E+00, 6.6667E-01,
13:35:00.39308987, 2.4133E+00, 2.3867E+00, 9.3333E-01,
13:35:00.39308992, 2.4133E+00, 2.3733E+00, 6.6667E-01,
13:35:00.39308997, 2.4133E+00, 2.3867E+00, 6.6667E-01,
13:35:00.39309002, 2.4000E+00, 2.3733E+00, 6.6667E-01,
13:35:00.39309007, 2.3867E+00, 2.3600E+00, 6.6667E-01,
13:35:00.39309012, 2.3733E+00, 2.3733E+00, 6.6667E-01,
13:35:00.39309017, 2.3600E+00, 2.3600E+00, 8.0000E-01,
13:35:00.39309022, 2.3733E+00, 2.3600E+00, 1.6000E+00,
13:35:00.39309027, 2.4133E+00, 2.3733E+00, 6.6667E-01,
13:35:00.39309032, 2.3867E+00, 2.3867E+00, 8.0000E-01,
13:35:00.39309037, 2.4267E+00, 2.3600E+00, 9.3333E-01,
13:35:00.39309042, 2.3733E+00, 2.3733E+00, 8.0000E-01,
13:35:00.39309047, 2.4267E+00, 2.3867E+00, 6.6667E-01,
13:35:00.39309052, 2.4267E+00, 2.3733E+00, 1.0667E+00,
13:35:00.39309057, 2.3867E+00, 2.3867E+00, 6.6667E-01,
13:35:00.39309062, 2.3867E+00, 2.3867E+00, 8.0000E-01,
13:35:00.39309067, 2.4133E+00, 2.3733E+00, 9.3333E-01,
13:35:00.39309072, 2.4267E+00, 2.3867E+00, 1.0667E+00,
13:35:00.39309077, 2.4267E+00, 2.3600E+00, 6.6667E-01,
13:35:00.39309082, 2.4400E+00, 2.3867E+00, 8.0000E-01,
13:35:00.39309087, 2.4000E+00, 2.3733E+00, 8.0000E-01,
13:35:00.39309092, 2.4133E+00, 2.3867E+00, 1.0667E+00,
13:35:00.39309097, 2.4133E+00, 2.3467E+00, 6.6667E-01,
13:35:00.39309102, 2.4133E+00, 2.3867E+00, 6.6667E-01,
13:35:00.39309107, 2.4133E+00, 2.3600E+00, 9.3333E-01,
13:35:00.39309112, 2.4000E+00, 2.3867E+00, 6.6667E-01,
13:35:00.39309117, 2.4000E+00, 2.3867E+00, 8.0000E-01,
13:35:00.39309122, 2.4000E+00, 2.3867E+00, 6.6667E-01,
13:35:00.39309127, 2.4000E+00, 2.3600E+00, 1.0667E+00,
13:35:00.39309132, 2.3867E+00, 2.3733E+00, 8.0000E-01,
13:35:00.39309137, 2.3733E+00, 2.3733E+00, 8.0000E-01,
13:35:00.39309142, 2.4000E+00, 2.3600E+00, 9.3333E-01,
13:35:00.39309147, 2.4000E+00, 2.3600E+00, 6.6667E-01,
13:35:00.39309152, 2.3867E+00, 2.3467E+00, 8.0000E-01,
13:35:00.39309157, 2.3867E+00, 2.3733E+00, 6.6667E-01,
13:35:00.39309162, 2.3867E+00, 2.3600E+00, 8.0000E-01,
13:35:00.39309167, 2.4267E+00, 2.3733E+00, 8.0000E-01,
13:35:00.39309172, 2.4133E+00, 2.3867E+00, 5.3333E-01,
13:35:00.39309177, 2.4267E+00, 2.3467E+00, 6.6667E-01,
13:35:00.39309182, 2.3867E+00, 2.3733E+00, 8.0000E-01,
13:35:00.39309187, 2.4000E+00, 2.3733E+00, 5.3333E-01,
13:35:00.39309192, 2.3600E+00, 2.3600E+00, 6.6667E-01,
13:35:00.39309197, 2.3733E+00, 2.3733E+00, 6.6667E-01,
13:35:00.39309202, 2.3733E+00, 2.3867E+00, 6.6667E-01,
13:35:00.39309207, 2.4000E+00, 2.3467E+00, 8.0000E-01,
13:35:00.39309212, 2.3867E+00, 2.3600E+00, 6.6667E-01,
13:35:00.39309217, 2.3867E+00, 2.3600E+00, 8.0000E-01,
13:35:00.39309222, 2.4000E+00, 2.3867E+00, 9.3333E-01,
13:35:00.39309227, 2.4267E+00, 2.3867E+00, 6.6667E-01,
13:35:00.39309232, 2.4000E+00, 2.3733E+00, 6.6667E-01,
13:35:00.39309237, 2.4133E+00, 2.3867E+00, 8.0000E-01,
13:35:00.39309242, 2.3867E+00, 2.3733E+00, 8.0000E-01,
13:35:00.39309247, 2.3867E+00, 2.3867E+00, 6.6667E-01,
13:35:00.39309252, 2.4000E+00, 2.3600E+00, 6.6667E-01,
13:35:00.39309257, 2.4133E+00, 2.3867E+00, 6.6667E-01,
13:35:00.39309262, 2.3867E+00, 2.3867E+00, 9.3333E-01,
13:35:00.39309267, 2.4267E+00, 2.3733E+00, 6.6667E-01,
13:35:00.39309272, 2.4133E+00, 2.4000E+00, 6.6667E-01,
13:35:00.39309277, 2.4000E+00, 2.4000E+00, 1.0667E+00,
13:35:00.39309282, 2.3867E+00, 2.3733E+00, 8.0000E-01,
13:35:00.39309287, 2.4267E+00, 2.3733E+00, 5.3333E-01,
13:35:00.39309292, 2.3867E+00, 2.3867E+00, 8.0000E-01,
13:35:00.39309297, 2.3867E+00, 2.4133E+00, 6.6667E-01,
13:35:00.39309302, 2.3867E+00, 2.3733E+00, 8.0000E-01,
13:35:00.39309307, 2.4000E+00, 2.3600E+00, 8.0000E-01,
13:35:00.39309312, 2.3733E+00, 2.3333E+00, 6.6667E-01,
13:35:00.39309317, 2.4000E+00, 2.3867E+00, 8.0000E-01,
13:35:00.39309322, 2.4267E+00, 2.3733E+00, 8.0000E-01,
13:35:00.39309327, 2.4133E+00, 2.3733E+00, 8.0000E-01,
13:35:00.39309332, 2.4267E+00, 2.3867E+00, 8.0000E-01,
13:35:00.39309337, 2.3867E+00, 2.3600E+00, 9.3333E-01,
13:35:00.39309342, 2.4000E+00, 2.3600E+00, 6.6667E-01,
13:35:00.39309347, 2.4000E+00, 2.4000E+00, 6.6667E-01,
13:35:00.39309352, 2.3733E+00, 2.3600E+00, 1.0667E+00,
13:35:00.39309357, 2.4000E+00, 2.3867E+00, 6.6667E-01,
13:35:00.39309362, 2.4267E+00, 2.3333E+00, 8.0000E-01,
13:35:00.39309367, 2.4133E+00, 2.3733E+00, 8.0000E-01,
13:35:00.39309372, 2.4000E+00, 2.3600E+00, 6.6667E-01,
13:35:00.39309377, 2.4000E+00, 2.3467E+00, 9.3333E-01,
13:35:00.39309382, 2.4000E+00, 2.3867E+00, 9.3333E-01,
13:35:00.39309387, 2.3867E+00, 2.3867E+00, 8.0000E-01,
13:35:00.39309392, 2.3867E+00, 2.3867E+00, 1.0667E+00,
13:35:00.39309397, 2.3867E+00, 2.3733E+00, 8.0000E-01,
13:35:00.39309402, 2.3733E+00, 2.3600E+00, 5.3333E-01,
13:35:00.39309407, 2.3867E+00, 2.3733E+00, 6.6667E-01,
13:35:00.39309412, 2.3867E+00, 2.3333E+00, 9.3333E-01,
13:35:00.39309417, 2.4133E+00, 2.3733E+00, 9.3333E-01,
13:35:00.39309422, 2.4400E+00, 2.3867E+00, 1.0667E+00,
13:35:00.39309427, 2.4400E+00, 2.3600E+00, 6.6667E-01,
13:35:00.39309432, 2.4133E+00, 2.3867E+00, 6.6667E-01,
13:35:00.39309437, 2.4000E+00, 2.3867E+00, 6.6667E-01,
13:35:00.39309442, 2.3733E+00, 2.3600E+00, 6.6667E-01,
13:35:00.39309447, 2.4133E+00, 2.3600E+00, 6.6667E-01,
13:35:00.39309452, 2.4133E+00, 2.3733E+00, 9.3333E-01,
13:35:00.39309457, 2.3867E+00, 2.4133E+00, 9.3333E-01,
13:35:00.39309462, 2.4133E+00, 2.3467E+00, 8.0000E-01,
13:35:00.39309467, 2.3733E+00, 2.3733E+00, 4.0000E-01,
13:35:00.39309472, 2.4267E+00, 2.3867E+00, 6.6667E-01,
13:35:00.39309477, 2.3867E+00, 2.3867E+00, 5.3333E-01,
13:35:00.39309482, 2.4000E+00, 2.3600E+00, 6.6667E-01,
13:35:00.39309487, 2.3733E+00, 2.3867E+00, 6.6667E-01,
13:35:00.39309492, 2.4000E+00, 2.3600E+00, 6.6667E-01,
13:35:00.39309497, 2.3867E+00, 2.3733E+00, 6.6667E-01,
13:35:00.39309502, 2.4133E+00, 2.3733E+00, 6.6667E-01,
13:35:00.39309507, 2.4133E+00, 2.3867E+00, 6.6667E-01,
13:35:00.39309512, 2.4000E+00, 2.3733E+00, 8.0000E-01,
13:35:00.39309517, 2.4000E+00, 2.3867E+00, 4.0000E-01,
13:35:00.39309522, 2.4000E+00, 2.3600E+00, 6.6667E-01,
13:35:00.39309527, 2.4000E+00, 2.3867E+00, 8.0000E-01,
13:35:00.39309532, 2.3733E+00, 2.3600E+00, 5.3333E-01,
13:35:00.39309537, 2.3733E+00, 2.3600E+00, 6.6667E-01,
13:35:00.39309542, 2.3867E+00, 2.3867E+00, 6.6667E-01,
13:35:00.39309547, 2.3733E+00, 2.3467E+00, 6.6667E-01,
13:35:00.39309552, 2.4000E+00, 2.3867E+00, 6.6667E-01,
13:35:00.39309557, 2.4267E+00, 2.3733E+00, 9.3333E-01,
13:35:00.39309562, 2.3867E+00, 2.3867E+00, 6.6667E-01,
13:35:00.39309567, 2.4000E+00, 2.3733E+00, 6.6667E-01,
13:35:00.39309572, 2.4133E+00, 2.3600E+00, 9.3333E-01,
13:35:00.39309577, 2.4267E+00, 2.3867E+00, 8.0000E-01,
13:35:00.39309582, 2.3600E+00, 2.3733E+00, 6.6667E-01,
13:35:00.39309587, 2.4000E+00, 2.3733E+00, 8.0000E-01,
13:35:00.39309592, 2.3600E+00, 2.3600E+00, 8.0000E-01,
13:35:00.39309597, 2.4000E+00, 2.3600E+00, 9.3333E-01,
13:35:00.39309602, 2.3867E+00, 2.3867E+00, 8.0000E-01,
13:35:00.39309607, 2.3867E+00, 2.3867E+00, 8.0000E-01,
13:35:00.39309612, 2.4133E+00, 2.3733E+00, 8.0000E-01,
13:35:00.39309617, 2.3867E+00, 2.3867E+00, 8.0000E-01,
13:35:00.39309622, 2.3867E+00, 2.3733E+00, 6.6667E-01,
13:35:00.39309627, 2.4133E+00, 2.3733E+00, 9.3333E-01,
13:35:00.39309632, 2.4000E+00, 2.3867E+00, 6.6667E-01,
13:35:00.39309637, 2.4133E+00, 2.3867E+00, 6.6667E-01,
13:35:00.39309642, 2.3867E+00, 2.3733E+00, 6.6667E-01,
13:35:00.39309647, 2.4267E+00, 2.3733E+00, 6.6667E-01,
13:35:00.39309652, 2.4267E+00, 2.4000E+00, 6.6667E-01,
13:35:00.39309657, 2.4133E+00, 2.3600E+00, 8.0000E-01,
13:35:00.39309662, 2.4267E+00, 2.4000E+00, 8.0000E-01,
13:35:00.39309667, 2.4000E+00, 2.3867E+00, 8.0000E-01,
13:35:00.39309672, 2.3733E+00, 2.3733E+00, 6.6667E-01,
13:35:00.39309677, 2.4000E+00, 2.3867E+00, 6.6667E-01,
13:35:00.39309682, 2.3600E+00, 2.3867E+00, 8.0000E-01,
13:35:00.39309687, 2.3867E+00, 2.3600E+00, 6.6667E-01,
13:35:00.39309692, 2.4133E+00, 2.3867E+00, 8.0000E-01,
13:35:00.39309697, 2.4133E+00, 2.3867E+00, 8.0000E-01,
13:35:00.39309702, 2.3733E+00, 2.3867E+00, 6.6667E-01,
13:35:00.39309707, 2.4000E+00, 2.3733E+00, 9.3333E-01,
13:35:00.39309712, 2.4000E+00, 2.3600E+00, 6.6667E-01,
13:35:00.39309717, 2.3733E+00, 2.3733E+00, 9.3333E-01,
13:35:00.39309722, 2.3867E+00, 2.3467E+00, 6.6667E-01,
13:35:00.39309727, 2.4000E+00, 2.3733E+00, 8.0000E-01,
13:35:00.39309732, 2.3733E+00, 2.3600E+00, 4.0000E-01,
13:35:00.39309737, 2.4133E+00, 2.3600E+00, 5.3333E-01,
13:35:00.39309742, 2.4267E+00, 2.3733E+00, 5.3333E-01,
13:35:00.39309747, 2.4133E+00, 2.3600E+00, 6.6667E-01,
13:35:00.39309752, 2.4133E+00, 2.3867E+00, 9.3333E-01,
13:35:00.39309757, 2.4267E+00, 2.3733E+00, 6.6667E-01,
13:35:00.39309762, 2.4267E+00, 2.3733E+00, 8.0000E-01,
13:35:00.39309767, 2.4000E+00, 2.3733E+00, 6.6667E-01,
13:35:00.39309772, 2.3733E+00, 2.3600E+00, 5.3333E-01,
13:35:00.39309777, 2.3600E+00, 2.3600E+00, 8.0000E-01,
13:35:00.39309782, 2.3733E+00, 2.3733E+00, 6.6667E-01,
13:35:00.39309787, 2.3867E+00, 2.3867E+00, 6.6667E-01,
13:35:00.39309792, 2.4267E+00, 2.3600E+00, 6.6667E-01,
13:35:00.39309797, 2.4400E+00, 2.3733E+00, 8.0000E-01,
13:35:00.39309802, 2.4400E+00, 2.3733E+00, 6.6667E-01,
13:35:00.39309807, 2.4000E+00, 2.3867E+00, 6.6667E-01,
13:35:00.39309812, 2.4000E+00, 2.3867E+00, 8.0000E-01,
13:35:00.39309817, 2.4133E+00, 2.3867E+00, 6.6667E-01,
13:35:00.39309822, 2.3867E+00, 2.3333E+00, 6.6667E-01,
13:35:00.39309827, 2.3867E+00, 2.3600E+00, 5.3333E-01,
13:35:00.39309832, 2.4000E+00, 2.3600E+00, 6.6667E-01,
13:35:00.39309837, 2.4133E+00, 2.3867E+00, 1.0667E+00,
13:35:00.39309842, 2.4133E+00, 2.3600E+00, 6.6667E-01,
13:35:00.39309847, 2.4133E+00, 2.3600E+00, 8.0000E-01,
13:35:00.39309852, 2.3867E+00, 2.3467E+00, 6.6667E-01,
13:35:00.39309857, 2.4000E+00, 2.3867E+00, 1.0667E+00,
13:35:00.39309862, 2.3867E+00, 2.3867E+00, 6.6667E-01,
13:35:00.39309867, 2.4000E+00, 2.3733E+00, 6.6667E-01,
13:35:00.39309872, 2.3867E+00, 2.3600E+00, 5.3333E-01,
13:35:00.39309877, 2.3867E+00, 2.3867E+00, 5.3333E-01,
13:35:00.39309882, 2.4267E+00, 2.3600E+00, 6.6667E-01,
13:35:00.39309887, 2.4133E+00, 2.3867E+00, 5.3333E-01,
13:35:00.39309892, 2.4000E+00, 2.3867E+00, 8.0000E-01,
13:35:00.39309897, 2.4000E+00, 2.3867E+00, 9.3333E-01,
13:35:00.39309902, 2.4133E+00, 2.3600E+00, 6.6667E-01,
13:35:00.39309907, 2.4267E+00, 2.3733E+00, 5.3333E-01,
13:35:00.39309912, 2.4000E+00, 2.3733E+00, 6.6667E-01,
13:35:00.39309917, 2.3733E+00, 2.3600E+00, 6.6667E-01,
13:35:00.39309922, 2.3733E+00, 2.3733E+00, 1.3333E-01,
13:35:00.39309927, 2.4000E+00, 2.3600E+00, 5.3333E-01,
13:35:00.39309932, 2.3733E+00, 2.3867E+00, 6.6667E-01,
13:35:00.39309937, 2.4133E+00, 2.3733E+00, 6.6667E-01,
13:35:00.39309942, 2.4000E+00, 2.3600E+00, 6.6667E-01,
13:35:00.39309947, 2.4000E+00, 2.3867E+00, 8.0000E-01,
13:35:00.39309952, 2.3867E+00, 2.3600E+00, 6.6667E-01,
13:35:00.39309957, 2.4133E+00, 2.3867E+00, 5.3333E-01,
13:35:00.39309962, 2.4267E+00, 2.3867E+00, 5.3333E-01,
13:35:00.39309967, 2.3733E+00, 2.3467E+00, 2.6667E-01,
13:35:00.39309972, 2.4000E+00, 2.3600E+00, 6.6667E-01,
13:35:00.39309977, 2.4133E+00, 2.3600E+00, 5.3333E-01,
13:35:00.39309982, 2.4000E+00, 2.3733E+00, 9.3333E-01,
13:35:00.39309987, 2.4000E+00, 2.3733E+00, 5.3333E-01,
13:35:00.39309992, 2.4133E+00, 2.3467E+00, 6.6667E-01,
13:35:00.39309997, 2.4267E+00, 2.3600E+00, 8.0000E-01,
13:35:00.39310002, 2.4267E+00, 2.3733E+00, 9.3333E-01,
13:35:00.39310007, 2.4000E+00, 2.3733E+00, 6.6667E-01,
13:35:00.39310012, 2.3733E+00, 2.3600E+00, 8.0000E-01,
13:35:00.39310017, 2.3867E+00, 2.3600E+00, 6.6667E-01,
13:35:00.39310022, 2.4000E+00, 2.3333E+00, 6.6667E-01,
13:35:00.39310027, 2.4133E+00, 2.3867E+00, 8.0000E-01,
13:35:00.39310032, 2.3867E+00, 2.3733E+00, 6.6667E-01,
13:35:00.39310037, 2.4000E+00, 2.3867E+00, 6.6667E-01,
13:35:00.39310042, 2.4267E+00, 2.3600E+00, 6.6667E-01,
13:35:00.39310047, 2.3867E+00, 2.3467E+00, 6.6667E-01,
13:35:00.39310052, 2.4000E+00, 2.3733E+00, 1.0667E+00,
13:35:00.39310057, 2.4000E+00, 2.3867E+00, 9.3333E-01,
13:35:00.39310062, 2.3867E+00, 2.3600E+00, 5.3333E-01,
13:35:00.39310067, 2.3600E+00, 2.3733E+00, 8.0000E-01,
13:35:00.39310072, 2.3867E+00, 2.3600E+00, 8.0000E-01,
13:35:00.39310077, 2.4267E+00, 2.3467E+00, 4.0000E-01,
13:35:00.39310082, 2.3867E+00, 2.3733E+00, 8.0000E-01,
13:35:00.39310087, 2.4267E+00, 2.3733E+00, 8.0000E-01,
13:35:00.39310092, 2.3867E+00, 2.3600E+00, 8.0000E-01,
13:35:00.39310097, 2.4267E+00, 2.3333E+00, 8.0000E-01,
13:35:00.39310102, 2.4000E+00, 2.3867E+00, 6.6667E-01,
13:35:00.39310107, 2.3867E+00, 2.3867E+00, 6.6667E-01,
13:35:00.39310112, 2.3600E+00, 2.3733E+00, 6.6667E-01,
13:35:00.39310117, 2.4000E+00, 2.3867E+00, 5.3333E-01,
13:35:00.39310122, 2.3600E+00, 2.3733E+00, 6.6667E-01,
13:35:00.39310127, 2.3733E+00, 2.4000E+00, 6.6667E-01,
13:35:00.39310132, 2.4000E+00, 2.3733E+00, 5.3333E-01,
13:35:00.39310137, 2.4267E+00, 2.3867E+00, 6.6667E-01,
13:35:00.39310142, 2.4000E+00, 2.3733E+00, 4.0000E-01,
13:35:00.39310147, 2.4133E+00, 2.3867E+00, 6.6667E-01,
13:35:00.39310152, 2.3733E+00, 2.3867E+00, 6.6667E-01,
13:35:00.39310157, 2.3733E+00, 2.3600E+00, 2.6667E-01,
13:35:00.39310162, 2.3733E+00, 2.3867E+00, 6.6667E-01,
13:35:00.39310167, 2.4133E+00, 2.3867E+00, 8.0000E-01,
13:35:00.39310172, 2.3867E+00, 2.3467E+00, 6.6667E-01,
13:35:00.39310177, 2.3867E+00, 2.3733E+00, 5.3333E-01,
13:35:00.39310182, 2.4000E+00, 2.3600E+00, 8.0000E-01,
13:35:00.39310187, 2.4133E+00, 2.3733E+00, 8.0000E-01,
13:35:00.39310192, 2.4267E+00, 2.3733E+00, 6.6667E-01,
13:35:00.39310197, 2.4000E+00, 2.3867E+00, 6.6667E-01,
13:35:00.39310202, 2.4133E+00, 2.3600E+00, 5.3333E-01,
13:35:00.39310207, 2.3733E+00, 2.3600E+00, 6.6667E-01,
13:35:00.39310212, 2.3733E+00, 2.3733E+00, 6.6667E-01,
13:35:00.39310217, 2.4133E+00, 2.3867E+00, 5.3333E-01,
13:35:00.39310222, 2.4000E+00, 2.3733E+00, 6.6667E-01,
13:35:00.39310227, 2.3867E+00, 2.3867E+00, 6.6667E-01,
13:35:00.39310232, 2.4000E+00, 2.3733E+00, 5.3333E-01,
13:35:00.39310237, 2.3867E+00, 2.3867E+00, 4.0000E-01,
13:35:00.39310242, 2.4133E+00, 2.3733E+00, 5.3333E-01,
13:35:00.39310247, 2.4000E+00, 2.3600E+00, 6.6667E-01,
13:35:00.39310252, 2.3733E+00, 2.3733E+00, 6.6667E-01,
13:35:00.39310257, 2.4000E+00, 2.3733E+00, 9.3333E-01,
13:35:00.39310262, 2.3733E+00, 2.3600E+00, 6.6667E-01,
13:35:00.39310267, 2.3867E+00, 2.3733E+00, 6.6667E-01,
13:35:00.39310272, 2.3867E+00, 2.3467E+00, 6.6667E-01,
13:35:00.39310277, 2.3867E+00, 2.3600E+00, 6.6667E-01,
13:35:00.39310282, 2.4267E+00, 2.3867E+00, 6.6667E-01,
13:35:00.39310287, 2.4000E+00, 2.3600E+00, 8.0000E-01,
13:35:00.39310292, 2.4133E+00, 2.3733E+00, 6.6667E-01,
13:35:00.39310297, 2.4000E+00, 2.3867E+00, 5.3333E-01,
13:35:00.39310302, 2.3600E+00, 2.3333E+00, 6.6667E-01,
13:35:00.39310307, 2.4133E+00, 2.3733E+00, 8.0000E-01,
13:35:00.39310312, 2.3867E+00, 2.3733E+00, 6.6667E-01,
13:35:00.39310317, 2.3733E+00, 2.4133E+00, 2.6667E-01,
13:35:00.39310322, 2.4267E+00, 2.3867E+00, 6.6667E-01,
13:35:00.39310327, 2.4000E+00, 2.3733E+00, 5.3333E-01,
13:35:00.39310332, 2.4000E+00, 2.3600E+00, 8.0000E-01,
13:35:00.39310337, 2.3733E+00, 2.3733E+00, 8.0000E-01,
13:35:00.39310342, 2.3867E+00, 2.3733E+00, 6.6667E-01,
13:35:00.39310347, 2.3867E+00, 2.3600E+00, 8.0000E-01,
13:35:00.39310352, 2.3733E+00, 2.3600E+00, 4.0000E-01,
13:35:00.39310357, 2.3467E+00, 2.3867E+00, 6.6667E-01,
13:35:00.39310362, 2.4000E+00, 2.3733E+00, 4.0000E-01,
13:35:00.39310367, 2.3867E+00, 2.3867E+00, 6.6667E-01,
13:35:00.39310372, 2.4133E+00, 2.3733E+00, 5.3333E-01,
13:35:00.39310377, 2.4267E+00, 2.3600E+00, 5.3333E-01,
13:35:00.39310382, 2.3733E+00, 2.3200E+00, 9.3333E-01,
13:35:00.39310387, 1.6267E+00, 2.4000E+00, 2.6667E-01,
13:35:00.39310392, 8.1333E-01, 2.3600E+00, 1.2000E+00,
13:35:00.39310397, 6.5333E-01, 2.3867E+00, 8.0000E-01,
13:35:00.39310402, 5.8667E-01, 2.3867E+00, 6.6667E-01,
13:35:00.39310407, 5.8667E-01, 2.3733E+00, 6.6667E-01,
13:35:00.39310412, 6.0000E-01, 2.3867E+00, 6.6667E-01,
13:35:00.39310417, 5.7333E-01, 2.3600E+00, 5.3333E-01,
13:35:00.39310422, 6.1333E-01, 2.3733E+00, 6.6667E-01,
13:35:00.39310427, 6.0000E-01, 2.3733E+00, 6.6667E-01,
13:35:00.39310432, 6.0000E-01, 2.3867E+00, 8.0000E-01,
13:35:00.39310437, 5.7333E-01, 2.3867E+00, 6.6667E-01,
13:35:00.39310442, 5.6000E-01, 2.3867E+00, 1.0667E+00,
13:35:00.39310447, 5.2000E-01, 2.3867E+00, 6.6667E-01,
13:35:00.39310452, 5.6000E-01, 2.3867E+00, 6.6667E-01,
13:35:00.39310457, 5.4667E-01, 2.3867E+00, 6.6667E-01,
13:35:00.39310462, 5.4667E-01, 2.3867E+00, 5.3333E-01,
13:35:00.39310467, 5.6000E-01, 2.3867E+00, 5.3333E-01,
13:35:00.39310472, 5.4667E-01, 2.3867E+00, 5.3333E-01,
13:35:00.39310477, 5.8667E-01, 2.3867E+00, 5.3333E-01,
13:35:00.39310482, 5.8667E-01, 2.3867E+00, 6.6667E-01,
13:35:00.39310487, 5.4667E-01, 2.4133E+00, 6.6667E-01,
13:35:00.39310492, 5.4667E-01, 2.3867E+00, 6.6667E-01,
13:35:00.39310497, 5.4667E-01, 2.3867E+00, 6.6667E-01,
13:35:00.39310502, 5.3333E-01, 2.3600E+00, 8.0000E-01,
13:35:00.39310507, 5.2000E-01, 2.3867E+00, 5.3333E-01,
13:35:00.39310512, 5.2000E-01, 2.4133E+00, 6.6667E-01,
13:35:00.39310517, 5.6000E-01, 2.3867E+00, 6.6667E-01,
13:35:00.39310522, 5.3333E-01, 2.3867E+00, 6.6667E-01,
13:35:00.39310527, 5.8667E-01, 2.4000E+00, 6.6667E-01,
13:35:00.39310532, 5.7333E-01, 2.3600E+00, 6.6667E-01,
13:35:00.39310537, 5.3333E-01, 2.3733E+00, 9.3333E-01,
13:35:00.39310542, 5.2000E-01, 2.3733E+00, 6.6667E-01,
13:35:00.39310547, 5.2000E-01, 2.3867E+00, 5.3333E-01,
13:35:00.39310552, 5.4667E-01, 2.3867E+00, 6.6667E-01,
13:35:00.39310557, 5.0667E-01, 2.3867E+00, 6.6667E-01,
13:35:00.39310562, 5.2000E-01, 2.3600E+00, 5.3333E-01,
13:35:00.39310567, 5.3333E-01, 2.3600E+00, 6.6667E-01,
13:35:00.39310572, 5.4667E-01, 2.3867E+00, 5.3333E-01,
13:35:00.39310577, 5.4667E-01, 2.3867E+00, 8.0000E-01,
13:35:00.39310582, 5.2000E-01, 2.3600E+00, 4.0000E-01,
13:35:00.39310587, 5.2000E-01, 2.3867E+00, 6.6667E-01,
13:35:00.39310592, 5.2000E-01, 2.3733E+00, 6.6667E-01,
13:35:00.39310597, 5.2000E-01, 2.3867E+00, 5.3333E-01,
13:35:00.39310602, 5.2000E-01, 2.3867E+00, 4.0000E-01,
13:35:00.39310607, 5.4667E-01, 2.4000E+00, 4.0000E-01,
13:35:00.39310612, 5.3333E-01, 2.4000E+00, 1.3333E-01,
13:35:00.39310617, 5.3333E-01, 2.3733E+00, 6.6667E-01,
13:35:00.39310622, 5.2000E-01, 2.3867E+00, 4.0000E-01,
13:35:00.39310627, 5.3333E-01, 2.4000E+00, 6.6667E-01,
13:35:00.39310632, 5.2000E-01, 2.4000E+00, 8.0000E-01,
13:35:00.39310637, 5.2000E-01, 2.3867E+00, 6.6667E-01,
13:35:00.39310642, 5.2000E-01, 2.3867E+00, 8.0000E-01,
13:35:00.39310647, 5.2000E-01, 2.3867E+00, 4.0000E-01,
13:35:00.39310652, 5.0667E-01, 2.3867E+00, 6.6667E-01,
13:35:00.39310657, 5.3333E-01, 2.3867E+00, 4.0000E-01,
13:35:00.39310662, 5.0667E-01, 2.4000E+00, 5.3333E-01,
13:35:00.39310667, 5.4667E-01, 2.3867E+00, 1.3333E-01,
13:35:00.39310672, 5.2000E-01, 2.3733E+00, 6.6667E-01,
13:35:00.39310677, 5.2000E-01, 2.3600E+00, 6.6667E-01,
13:35:00.39310682, 5.0667E-01, 2.3867E+00, 5.3333E-01,
13:35:00.39310687, 4.8000E-01, 2.3867E+00, 6.6667E-01,
13:35:00.39310692, 5.0667E-01, 2.4133E+00, 6.6667E-01,
13:35:00.39310697, 4.9333E-01, 2.3867E+00, 5.3333E-01,
13:35:00.39310702, 4.9333E-01, 2.4000E+00, 5.3333E-01,
13:35:00.39310707, 5.0667E-01, 2.4000E+00, 6.6667E-01,
13:35:00.39310712, 4.9333E-01, 2.3867E+00, 4.0000E-01,
13:35:00.39310717, 5.2000E-01, 2.3867E+00, 2.6667E-01,
13:35:00.39310722, 5.0667E-01, 2.3867E+00, 6.6667E-01,
13:35:00.39310727, 5.0667E-01, 2.3867E+00, 6.6667E-01,
13:35:00.39310732, 5.0667E-01, 2.4000E+00, 5.3333E-01,
13:35:00.39310737, 5.3333E-01, 2.4000E+00, 5.3333E-01,
13:35:00.39310742, 4.8000E-01, 2.3867E+00, 5.3333E-01,
13:35:00.39310747, 4.9333E-01, 2.4000E+00, 2.6667E-01,
13:35:00.39310752, 5.3333E-01, 2.4000E+00, 1.3333E-01,
13:35:00.39310757, 5.0667E-01, 2.3733E+00, 5.3333E-01,
13:35:00.39310762, 5.0667E-01, 2.4133E+00, 6.6667E-01,
13:35:00.39310767, 5.2000E-01, 2.3867E+00, 2.6667E-01,
13:35:00.39310772, 4.8000E-01, 2.3867E+00, 4.0000E-01,
13:35:00.39310777, 4.6667E-01, 2.3867E+00, 6.6667E-01,
13:35:00.39310782, 4.6667E-01, 2.4000E+00, 6.6667E-01,
13:35:00.39310787, 4.5333E-01, 2.3867E+00, 6.6667E-01,
13:35:00.39310792, 4.8000E-01, 2.4133E+00, 5.3333E-01,
13:35:00.39310797, 5.0667E-01, 2.3867E+00, 2.6667E-01,
13:35:00.39310802, 4.9333E-01, 2.3733E+00, 4.0000E-01,
13:35:00.39310807, 4.8000E-01, 2.3867E+00, 6.6667E-01,
13:35:00.39310812, 5.0667E-01, 2.3867E+00, 4.0000E-01,
13:35:00.39310817, 4.8000E-01, 2.3867E+00, 4.0000E-01,
13:35:00.39310822, 4.6667E-01, 2.3867E+00, 6.6667E-01,
13:35:00.39310827, 4.8000E-01, 2.3867E+00, 6.6667E-01,
13:35:00.39310832, 4.6667E-01, 2.3867E+00, 6.6667E-01,
13:35:00.39310837, 4.9333E-01, 2.3867E+00, 5.3333E-01,
13:35:00.39310842, 4.5333E-01, 2.4133E+00, 2.6667E-01,
13:35:00.39310847, 4.9333E-01, 2.3733E+00, 2.6667E-01,
13:35:00.39310852, 4.9333E-01, 2.4267E+00, 4.0000E-01,
13:35:00.39310857, 4.9333E-01, 2.3867E+00, 2.6667E-01,
13:35:00.39310862, 4.9333E-01, 2.3867E+00, 2.6667E-01,
13:35:00.39310867, 4.9333E-01, 2.3867E+00, 2.6667E-01,
13:35:00.39310872, 4.4000E-01, 2.4000E+00, 2.6667E-01,
13:35:00.39310877, 4.8000E-01, 2.4000E+00, 4.0000E-01,
13:35:00.39310882, 5.0667E-01, 2.4133E+00, 2.6667E-01,
13:35:00.39310887, 4.8000E-01, 2.3867E+00, 1.3333E-01,
13:35:00.39310892, 4.9333E-01, 2.3867E+00, 5.3333E-01,
13:35:00.39310897, 4.4000E-01, 2.3867E+00, 2.6667E-01,
13:35:00.39310902, 4.5333E-01, 2.3867E+00, 1.3333E-01,
13:35:00.39310907, 4.4000E-01, 2.3867E+00, 2.6667E-01,
13:35:00.39310912, 4.4000E-01, 2.4000E+00, 4.0000E-01,
13:35:00.39310917, 4.9333E-01, 2.4133E+00, 4.0000E-01,
13:35:00.39310922, 4.5333E-01, 2.3867E+00, 2.6667E-01,
13:35:00.39310927, 4.5333E-01, 2.4133E+00, 1.3333E-01,
13:35:00.39310932, 4.1333E-01, 2.3867E+00, 0.0000E+00,
13:35:00.39310937, 4.6667E-01, 2.3733E+00, 4.0000E-01,
13:35:00.39310942, 4.5333E-01, 2.4000E+00, 2.6667E-01,
13:35:00.39310947, 4.8000E-01, 2.4000E+00, 1.3333E-01,
13:35:00.39310952, 4.8000E-01, 2.4000E+00, 4.0000E-01,
13:35:00.39310957, 4.6667E-01, 2.4000E+00, 4.0000E-01,
13:35:00.39310962, 4.6667E-01, 2.3867E+00, 5.3333E-01,
13:35:00.39310967, 4.6667E-01, 2.3867E+00, 2.6667E-01,
13:35:00.39310972, 4.5333E-01, 2.3867E+00, 5.3333E-01,
13:35:00.39310977, 4.4000E-01, 2.4000E+00, 0.0000E+00,
13:35:00.39310982, 4.5333E-01, 2.3867E+00, 0.0000E+00,
13:35:00.39310987, 4.0000E-01, 2.3867E+00, 2.6667E-01,
13:35:00.39310992, 4.5333E-01, 2.4133E+00, 6.6667E-01,
13:35:00.39310997, 4.6667E-01, 2.3600E+00, 1.3333E-01,
13:35:00.39311002, 4.6667E-01, 2.4000E+00, 2.6667E-01,
13:35:00.39311007, 4.5333E-01, 2.3867E+00, 4.0000E-01,
13:35:00.39311012, 4.2667E-01, 2.3867E+00, 0.0000E+00,
13:35:00.39311017, 4.5333E-01, 2.3733E+00, 5.3333E-01,
13:35:00.39311022, 4.2667E-01, 2.3867E+00, 4.0000E-01,
13:35:00.39311027, 4.4000E-01, 2.4133E+00, 4.0000E-01,
13:35:00.39311032, 4.2667E-01, 2.3867E+00, 0.0000E+00,
13:35:00.39311037, 4.4000E-01, 2.3733E+00, 0.0000E+00,
13:35:00.39311042, 4.4000E-01, 2.3867E+00, 1.3333E-01,
13:35:00.39311047, 4.4000E-01, 2.4133E+00, 2.6667E-01,
13:35:00.39311052, 4.8000E-01, 2.3600E+00, 6.6667E-01,
13:35:00.39311057, 4.4000E-01, 2.3867E+00, 1.3333E-01,
13:35:00.39311062, 4.4000E-01, 2.3867E+00, 5.3333E-01,
13:35:00.39311067, 4.1333E-01, 2.3867E+00, 0.0000E+00,
13:35:00.39311072, 4.1333E-01, 2.4000E+00, 1.3333E-01,
13:35:00.39311077, 4.2667E-01, 2.3867E+00, 4.0000E-01,
13:35:00.39311082, 4.4000E-01, 2.3733E+00, 1.3333E-01,
13:35:00.39311087, 4.2667E-01, 2.3733E+00, 1.3333E-01,
13:35:00.39311092, 4.4000E-01, 2.3867E+00, 0.0000E+00,
13:35:00.39311097, 4.5333E-01, 2.3867E+00, 2.6667E-01,
13:35:00.39311102, 4.4000E-01, 2.3867E+00,-2.6667E-01,
13:35:00.39311107, 4.5333E-01, 2.3867E+00,-1.3333E-01,
13:35:00.39311112, 4.5333E-01, 2.3733E+00, 0.0000E+00,
13:35:00.39311117, 4.4000E-01, 2.3867E+00, 0.0000E+00,
13:35:00.39311122, 4.1333E-01, 2.3733E+00,-1.3333E-01,
13:35:00.39311127, 4.4000E-01, 2.4267E+00, 2.6667E-01,
13:35:00.39311132, 4.5333E-01, 2.3867E+00, 2.6667E-01,
13:35:00.39311137, 4.1333E-01, 2.4000E+00,-1.3333E-01,
13:35:00.39311142, 4.6667E-01, 2.3733E+00, 1.3333E-01,
13:35:00.39311147, 4.4000E-01, 2.3867E+00, 0.0000E+00,
13:35:00.39311152, 4.1333E-01, 2.4000E+00,-1.3333E-01,
13:35:00.39311157, 4.4000E-01, 2.3867E+00, 0.0000E+00,
13:35:00.39311162, 3.8667E-01, 2.3867E+00,-4.0000E-01,
13:35:00.39311167, 4.0000E-01, 2.3867E+00, 2.6667E-01,
13:35:00.39311172, 4.4000E-01, 2.3867E+00,-2.6667E-01,
13:35:00.39311177, 4.1333E-01, 2.3867E+00, 2.6667E-01,
13:35:00.39311182, 4.1333E-01, 2.3867E+00, 0.0000E+00,
13:35:00.39311187, 4.5333E-01, 2.3867E+00,-1.3333E-01,
13:35:00.39311192, 4.2667E-01, 2.3867E+00, 1.3333E-01,
13:35:00.39311197, 4.1333E-01, 2.3867E+00, 1.3333E-01,
13:35:00.39311202, 4.2667E-01, 2.4133E+00,-4.0000E-01,
13:35:00.39311207, 4.1333E-01, 2.3867E+00, 1.3333E-01,
13:35:00.39311212, 4.2667E-01, 2.4000E+00, 1.3333E-01,
13:35:00.39311217, 4.1333E-01, 2.3733E+00, 2.6667E-01,
13:35:00.39311222, 4.2667E-01, 2.3733E+00, 0.0000E+00,
13:35:00.39311227, 4.1333E-01, 2.3733E+00, 2.6667E-01,
13:35:00.39311232, 4.0000E-01, 2.3867E+00, 1.3333E-01,
13:35:00.39311237, 4.1333E-01, 2.3867E+00,-1.3333E-01,
13:35:00.39311242, 4.2667E-01, 2.3867E+00,-2.6667E-01,
13:35:00.39311247, 4.2667E-01, 2.4000E+00,-1.3333E-01,
13:35:00.39311252, 4.0000E-01, 2.3867E+00,-1.3333E-01,
13:35:00.39311257, 4.2667E-01, 2.3600E+00,-2.6667E-01,
13:35:00.39311262, 4.1333E-01, 2.3867E+00, 1.3333E-01,
13:35:00.39311267, 4.2667E-01, 2.3867E+00, 1.3333E-01,
13:35:00.39311272, 4.0000E-01, 2.3867E+00,-2.6667E-01,
13:35:00.39311277, 4.0000E-01, 2.3867E+00,-2.6667E-01,
13:35:00.39311282, 3.7333E-01, 2.3867E+00, 0.0000E+00,
13:35:00.39311287, 4.0000E-01, 2.3867E+00,-1.3333E-01,
13:35:00.39311292, 4.0000E-01, 2.3867E+00, 0.0000E+00,
13:35:00.39311297, 4.0000E-01, 2.3733E+00, 1.3333E-01,
13:35:00.39311302, 4.0000E-01, 2.3867E+00,-1.3333E-01,
13:35:00.39311307, 4.0000E-01, 2.3867E+00,-1.3333E-01,
13:35:00.39311312, 3.8667E-01, 2.3733E+00,-2.6667E-01,
13:35:00.39311317, 3.8667E-01, 2.4267E+00,-1.3333E-01,
13:35:00.39311322, 4.4000E-01, 2.3867E+00, 1.3333E-01,
13:35:00.39311327, 3.8667E-01, 2.3867E+00,-2.6667E-01,
13:35:00.39311332, 4.0000E-01, 2.3867E+00, 1.3333E-01,
13:35:00.39311337, 4.0000E-01, 2.3867E+00,-1.3333E-01,
13:35:00.39311342, 4.1333E-01, 2.3600E+00,-2.6667E-01,
13:35:00.39311347, 4.0000E-01, 2.3867E+00,-2.6667E-01,
13:35:00.39311352, 3.8667E-01, 2.3867E+00,-1.3333E-01,
13:35:00.39311357, 3.7333E-01, 2.3867E+00,-1.3333E-01,
13:35:00.39311362, 4.0000E-01, 2.3867E+00, 0.0000E+00,
13:35:00.39311367, 4.1333E-01, 2.3867E+00,-1.3333E-01,
13:35:00.39311372, 3.7333E-01, 2.3867E+00, 0.0000E+00,
13:35:00.39311377, 3.7333E-01, 2.3867E+00,-5.3333E-01,
13:35:00.39311382, 4.0000E-01, 2.3867E+00,-2.6667E-01,
13:35:00.39311387, 3.7333E-01, 2.3733E+00,-1.3333E-01,
13:35:00.39311392, 3.8667E-01, 2.3867E+00,-1.3333E-01,
13:35:00.39311397, 3.8667E-01, 2.3867E+00,-2.6667E-01,
13:35:00.39311402, 3.8667E-01, 2.3867E+00,-4.0000E-01,
13:35:00.39311407, 4.0000E-01, 2.3733E+00,-1.3333E-01,
13:35:00.39311412, 4.0000E-01, 2.3867E+00,-2.6667E-01,
13:35:00.39311417, 3.7333E-01, 2.4000E+00, 1.3333E-01,
13:35:00.39311422, 4.0000E-01, 2.3867E+00, 0.0000E+00,
13:35:00.39311427, 3.7333E-01, 2.3867E+00,-4.0000E-01,
13:35:00.39311432, 4.0000E-01, 2.3600E+00,-2.6667E-01,
13:35:00.39311437, 3.8667E-01, 2.4000E+00,-1.3333E-01,
13:35:00.39311442, 4.0000E-01, 2.3867E+00,-2.6667E-01,
13:35:00.39311447, 4.0000E-01, 2.4000E+00, 0.0000E+00,
13:35:00.39311452, 3.7333E-01, 2.3733E+00,-1.3333E-01,
13:35:00.39311457, 3.7333E-01, 2.3600E+00,-1.3333E-01,
13:35:00.39311462, 3.8667E-01, 2.3600E+00,-1.3333E-01,
13:35:00.39311467, 4.0000E-01, 2.3867E+00, 0.0000E+00,
13:35:00.39311472, 3.7333E-01, 2.3733E+00,-1.3333E-01,
13:35:00.39311477, 3.8667E-01, 2.3600E+00,-2.6667E-01,
13:35:00.39311482, 4.0000E-01, 2.3733E+00,-4.0000E-01,
13:35:00.39311487, 3.7333E-01, 2.3867E+00,-5.3333E-01,
13:35:00.39311492, 3.7333E-01, 2.3867E+00,-4.0000E-01,
13:35:00.39311497, 3.6000E-01, 2.3867E+00,-5.3333E-01,
13:35:00.39311502, 3.6000E-01, 2.3867E+00,-5.3333E-01,
13:35:00.39311507, 3.7333E-01, 2.3867E+00,-1.3333E-01,
13:35:00.39311512, 4.0000E-01, 2.3867E+00,-2.6667E-01,
13:35:00.39311517, 3.8667E-01, 2.3867E+00,-1.3333E-01,
13:35:00.39311522, 3.6000E-01, 2.3733E+00, 0.0000E+00,
13:35:00.39311527, 3.6000E-01, 2.3733E+00,-2.6667E-01,
13:35:00.39311532, 3.7333E-01, 2.3867E+00,-2.6667E-01,
13:35:00.39311537, 3.6000E-01, 2.4000E+00,-2.6667E-01,
13:35:00.39311542, 3.6000E-01, 2.3867E+00,-2.6667E-01,
13:35:00.39311547, 3.4667E-01, 2.4133E+00, 0.0000E+00,
13:35:00.39311552, 3.7333E-01, 2.3867E+00,-2.6667E-01,
13:35:00.39311557, 3.6000E-01, 2.3733E+00, 0.0000E+00,
13:35:00.39311562, 3.6000E-01, 2.3867E+00,-4.0000E-01,
13:35:00.39311567, 3.7333E-01, 2.3867E+00,-2.6667E-01,
13:35:00.39311572, 3.7333E-01, 2.3867E+00,-1.3333E-01,
13:35:00.39311577, 3.7333E-01, 2.3733E+00,-1.3333E-01,
13:35:00.39311582, 3.7333E-01, 2.3600E+00, 1.3333E-01,
13:35:00.39311587, 3.4667E-01, 2.3733E+00,-1.3333E-01,
13:35:00.39311592, 3.8667E-01, 2.3733E+00, 1.3333E-01,
13:35:00.39311597, 3.7333E-01, 2.3733E+00,-2.6667E-01,
13:35:00.39311602, 3.3333E-01, 2.3600E+00,-5.3333E-01,
13:35:00.39311607, 3.4667E-01, 2.3467E+00, 0.0000E+00,
13:35:00.39311612, 3.7333E-01, 2.3867E+00,-5.3333E-01,
13:35:00.39311617, 3.2000E-01, 2.3600E+00,-1.3333E-01,
13:35:00.39311622, 3.7333E-01, 2.3600E+00,-2.6667E-01,
13:35:00.39311627, 3.7333E-01, 2.3600E+00,-1.3333E-01,
13:35:00.39311632, 3.7333E-01, 2.3600E+00,-4.0000E-01,
13:35:00.39311637, 3.7333E-01, 2.3467E+00, 0.0000E+00,
13:35:00.39311642, 3.7333E-01, 2.3733E+00,-5.3333E-01,
13:35:00.39311647, 3.6000E-01, 2.3867E+00,-1.3333E-01,
13:35:00.39311652, 3.4667E-01, 2.3867E+00,-2.6667E-01,
13:35:00.39311657, 3.6000E-01, 2.3733E+00, 1.3333E-01,
13:35:00.39311662, 3.6000E-01, 2.3867E+00,-2.6667E-01,
13:35:00.39311667, 3.8667E-01, 2.3867E+00, 1.3333E-01,
13:35:00.39311672, 3.7333E-01, 2.3867E+00,-4.0000E-01,
13:35:00.39311677, 3.4667E-01, 2.3867E+00,-4.0000E-01,
13:35:00.39311682, 3.7333E-01, 2.3467E+00,-2.6667E-01,
13:35:00.39311687, 3.3333E-01, 2.3867E+00, 0.0000E+00,
13:35:00.39311692, 3.7333E-01, 2.3733E+00,-2.6667E-01,
13:35:00.39311697, 3.2000E-01, 2.3867E+00,-4.0000E-01,
13:35:00.39311702, 3.2000E-01, 2.3600E+00,-2.6667E-01,
13:35:00.39311707, 3.4667E-01, 2.3600E+00, 0.0000E+00,
13:35:00.39311712, 3.6000E-01, 2.3600E+00, 1.3333E-01,
13:35:00.39311717, 3.7333E-01, 2.3733E+00,-1.3333E-01,
13:35:00.39311722, 3.3333E-01, 2.4000E+00,-1.3333E-01,
13:35:00.39311727, 3.7333E-01, 2.3467E+00,-1.3333E-01,
13:35:00.39311732, 3.6000E-01, 2.4000E+00,-2.6667E-01,
13:35:00.39311737, 3.2000E-01, 2.3733E+00,-2.6667E-01,
13:35:00.39311742, 3.6000E-01, 2.3867E+00,-1.3333E-01,
13:35:00.39311747, 3.6000E-01, 2.3867E+00,-2.6667E-01,
13:35:00.39311752, 3.4667E-01, 2.3600E+00, 1.3333E-01,
13:35:00.39311757, 3.6000E-01, 2.3333E+00,-1.3333E-01,
13:35:00.39311762, 3.4667E-01, 2.3733E+00, 0.0000E+00,
13:35:00.39311767, 3.6000E-01, 2.3867E+00, 0.0000E+00,
13:35:00.39311772, 3.4667E-01, 2.3867E+00,-4.0000E-01,
13:35:00.39311777, 3.6000E-01, 2.3600E+00,-1.3333E-01,
13:35:00.39311782, 3.3333E-01, 2.3200E+00,-2.6667E-01,
13:35:00.39311787, 3.2000E-01, 2.3867E+00,-2.6667E-01,
13:35:00.39311792, 3.3333E-01, 2.3867E+00,-4.0000E-01,
13:35:00.39311797, 3.4667E-01, 2.3867E+00, 0.0000E+00,
13:35:00.39311802, 3.4667E-01, 2.3600E+00,-1.3333E-01,
13:35:00.39311807, 3.6000E-01, 2.3733E+00,-1.3333E-01,
13:35:00.39311812, 3.6000E-01, 2.3733E+00,-4.0000E-01,
13:35:00.39311817, 3.7333E-01, 2.3867E+00,-2.6667E-01,
13:35:00.39311822, 3.6000E-01, 2.3867E+00,-5.3333E-01,
13:35:00.39311827, 3.6000E-01, 2.3600E+00,-5.3333E-01,
13:35:00.39311832, 3.2000E-01, 2.3600E+00,-4.0000E-01,
13:35:00.39311837, 3.3333E-01, 2.3600E+00, 1.3333E-01,
13:35:00.39311842, 3.3333E-01, 2.3200E+00,-4.0000E-01,
13:35:00.39311847, 3.3333E-01, 2.3733E+00,-2.6667E-01,
13:35:00.39311852, 3.7333E-01, 2.3600E+00,-2.6667E-01,
13:35:00.39311857, 3.6000E-01, 2.3600E+00,-4.0000E-01,
13:35:00.39311862, 3.4667E-01, 2.3467E+00,-1.3333E-01,
13:35:00.39311867, 3.3333E-01, 2.3867E+00,-2.6667E-01,
13:35:00.39311872, 3.3333E-01, 2.3733E+00,-1.3333E-01,
13:35:00.39311877, 3.6000E-01, 2.3600E+00,-5.3333E-01,
13:35:00.39311882, 3.2000E-01, 2.3333E+00,-2.6667E-01,
13:35:00.39311887, 2.9333E-01, 2.3867E+00,-2.6667E-01,
13:35:00.39311892, 3.2000E-01, 2.3467E+00,-2.6667E-01,
13:35:00.39311897, 3.6000E-01, 2.3467E+00,-2.6667E-01,
13:35:00.39311902, 3.3333E-01, 2.3600E+00,-2.6667E-01,
13:35:00.39311907, 3.6000E-01, 2.3733E+00,-2.6667E-01,
13:35:00.39311912, 3.2000E-01, 2.3733E+00,-1.3333E-01,
13:35:00.39311917, 3.6000E-01, 2.3867E+00,-1.3333E-01,
13:35:00.39311922, 3.4667E-01, 2.3467E+00,-5.3333E-01,
13:35:00.39311927, 2.9333E-01, 2.3600E+00,-2.6667E-01,
13:35:00.39311932, 2.8000E-01, 2.3600E+00,-4.0000E-01,
13:35:00.39311937, 3.2000E-01, 2.3733E+00, 1.3333E-01,
13:35:00.39311942, 3.3333E-01, 2.3733E+00, 0.0000E+00,
13:35:00.39311947, 3.3333E-01, 2.3867E+00,-2.6667E-01,
13:35:00.39311952, 3.3333E-01, 2.3867E+00,-4.0000E-01,
13:35:00.39311957, 3.3333E-01, 2.3600E+00,-4.0000E-01,
13:35:00.39311962, 3.3333E-01, 2.3867E+00,-2.6667E-01,
13:35:00.39311967, 3.0667E-01, 2.3467E+00,-1.3333E-01,
13:35:00.39311972, 3.3333E-01, 2.3333E+00,-2.6667E-01,
13:35:00.39311977, 3.3333E-01, 2.3867E+00,-1.3333E-01,
13:35:00.39311982, 3.0667E-01, 2.3467E+00,-2.6667E-01,
13:35:00.39311987, 3.3333E-01, 2.3733E+00,-2.6667E-01,
13:35:00.39311992, 3.0667E-01, 2.3733E+00,-1.3333E-01,
13:35:00.39311997, 3.2000E-01, 2.3600E+00,-2.6667E-01,
13:35:00.39312002, 3.4667E-01, 2.3733E+00, 0.0000E+00,
13:35:00.39312007, 3.4667E-01, 2.3733E+00, 0.0000E+00,
13:35:00.39312012, 3.2000E-01, 2.3333E+00,-1.3333E-01,
13:35:00.39312017, 3.2000E-01, 2.3600E+00, 2.6667E-01,
13:35:00.39312022, 3.2000E-01, 2.3467E+00, 1.3333E-01,
13:35:00.39312027, 2.9333E-01, 2.3733E+00,-2.6667E-01,
13:35:00.39312032, 2.8000E-01, 2.3600E+00,-4.0000E-01,
13:35:00.39312037, 3.3333E-01, 2.3333E+00,-2.6667E-01,
13:35:00.39312042, 2.9333E-01, 2.3600E+00, 2.6667E-01,
13:35:00.39312047, 3.4667E-01, 2.3467E+00, 0.0000E+00,
13:35:00.39312052, 3.3333E-01, 2.3733E+00,-1.3333E-01,
13:35:00.39312057, 3.3333E-01, 2.3600E+00,-2.6667E-01,
13:35:00.39312062, 3.0667E-01, 2.3467E+00, 0.0000E+00,
13:35:00.39312067, 2.8000E-01, 2.3867E+00,-4.0000E-01,
13:35:00.39312072, 3.0667E-01, 2.3467E+00,-6.6667E-01,
13:35:00.39312077, 3.2000E-01, 2.3600E+00,-1.3333E-01,
13:35:00.39312082, 2.8000E-01, 2.3733E+00,-1.3333E-01,
13:35:00.39312087, 3.0667E-01, 2.3867E+00, 0.0000E+00,
13:35:00.39312092, 2.9333E-01, 2.3467E+00, 0.0000E+00,
13:35:00.39312097, 3.0667E-01, 2.3467E+00,-4.0000E-01,
13:35:00.39312102, 3.2000E-01, 2.3600E+00,-1.3333E-01,
13:35:00.39312107, 2.9333E-01, 2.3733E+00,-1.3333E-01,
13:35:00.39312112, 2.9333E-01, 2.3467E+00,-2.6667E-01,
13:35:00.39312117, 3.0667E-01, 2.3200E+00, 0.0000E+00,
13:35:00.39312122, 3.3333E-01, 2.3333E+00,-2.6667E-01,
13:35:00.39312127, 3.0667E-01, 2.3600E+00,-2.6667E-01,
13:35:00.39312132, 2.6667E-01, 2.3733E+00,-2.6667E-01,
13:35:00.39312137, 3.2000E-01, 2.3600E+00,-2.6667E-01,
13:35:00.39312142, 3.2000E-01, 2.3600E+00, 0.0000E+00,
13:35:00.39312147, 3.0667E-01, 2.3600E+00, 1.3333E-01,
13:35:00.39312152, 3.2000E-01, 2.3733E+00,-1.3333E-01,
13:35:00.39312157, 2.8000E-01, 2.3467E+00,-1.3333E-01,
13:35:00.39312162, 2.9333E-01, 2.3333E+00, 0.0000E+00,
13:35:00.39312167, 2.9333E-01, 2.3467E+00,-1.3333E-01,
13:35:00.39312172, 2.8000E-01, 2.3333E+00, 0.0000E+00,
13:35:00.39312177, 2.5333E-01, 2.3867E+00, 1.3333E-01,
13:35:00.39312182, 2.8000E-01, 2.3600E+00,-4.0000E-01,
13:35:00.39312187, 3.3333E-01, 2.3733E+00,-4.0000E-01,
13:35:00.39312192, 3.0667E-01, 2.3467E+00,-1.3333E-01,
13:35:00.39312197, 3.0667E-01, 2.3600E+00,-2.6667E-01,
13:35:00.39312202, 3.0667E-01, 2.3733E+00,-2.6667E-01,
13:35:00.39312207, 3.0667E-01, 2.3733E+00,-1.3333E-01,
13:35:00.39312212, 3.2000E-01, 2.3600E+00, 0.0000E+00,
13:35:00.39312217, 2.9333E-01, 2.3600E+00,-4.0000E-01,
13:35:00.39312222, 2.5333E-01, 2.3600E+00,-1.3333E-01,
13:35:00.39312227, 2.9333E-01, 2.3600E+00,-1.3333E-01,
13:35:00.39312232, 2.9333E-01, 2.3467E+00, 0.0000E+00,
13:35:00.39312237, 2.8000E-01, 2.3600E+00, 2.6667E-01,
13:35:00.39312242, 2.9333E-01, 2.3333E+00, 0.0000E+00,
13:35:00.39312247, 2.9333E-01, 2.3733E+00, 1.3333E-01,
13:35:00.39312252, 3.2000E-01, 2.3733E+00, 0.0000E+00,
13:35:00.39312257, 3.0667E-01, 2.3600E+00, 1.3333E-01,
13:35:00.39312262, 2.8000E-01, 2.3467E+00,-2.6667E-01,
13:35:00.39312267, 2.9333E-01, 2.3867E+00,-2.6667E-01,
13:35:00.39312272, 2.9333E-01, 2.3733E+00, 0.0000E+00,
13:35:00.39312277, 3.0667E-01, 2.3733E+00, 2.6667E-01,
13:35:00.39312282, 2.6667E-01, 2.3200E+00, 1.3333E-01,
13:35:00.39312287, 3.0667E-01, 2.3600E+00, 1.3333E-01,
13:35:00.39312292, 2.6667E-01, 2.3600E+00, 0.0000E+00,
13:35:00.39312297, 2.8000E-01, 2.3600E+00, 1.3333E-01,
13:35:00.39312302, 3.0667E-01, 2.3333E+00, 1.3333E-01,
13:35:00.39312307, 3.0667E-01, 2.3467E+00, 1.3333E-01,
13:35:00.39312312, 2.8000E-01, 2.3600E+00,-1.3333E-01,
13:35:00.39312317, 2.6667E-01, 2.3600E+00,-2.6667E-01,
13:35:00.39312322, 2.6667E-01, 2.3467E+00, 0.0000E+00,
13:35:00.39312327, 3.0667E-01, 2.3600E+00, 4.0000E-01,
13:35:00.39312332, 2.9333E-01, 2.3333E+00,-2.6667E-01,
13:35:00.39312337, 2.6667E-01, 2.3600E+00, 1.3333E-01,
13:35:00.39312342, 2.6667E-01, 2.3467E+00, 2.6667E-01,
13:35:00.39312347, 2.8000E-01, 2.3467E+00,-4.0000E-01,
13:35:00.39312352, 2.8000E-01, 2.3467E+00, 1.3333E-01,
13:35:00.39312357, 2.8000E-01, 2.3467E+00, 2.6667E-01,
13:35:00.39312362, 2.4000E-01, 2.3600E+00,-2.6667E-01,
13:35:00.39312367, 2.6667E-01, 2.3600E+00,-2.6667E-01,
13:35:00.39312372, 2.9333E-01, 2.3467E+00,-2.6667E-01,
13:35:00.39312377, 2.8000E-01, 2.3733E+00, 0.0000E+00,
13:35:00.39312382, 3.0667E-01, 2.3867E+00,-2.6667E-01,
13:35:00.39312387, 3.2000E-01, 2.3333E+00,-1.3333E-01,
13:35:00.39312392, 2.9333E-01, 2.3867E+00,-2.6667E-01,
13:35:00.39312397, 2.9333E-01, 2.3867E+00, 0.0000E+00,
13:35:00.39312402, 2.8000E-01, 2.3467E+00, 1.3333E-01,
13:35:00.39312407, 2.6667E-01, 2.3600E+00, 0.0000E+00,
13:35:00.39312412, 2.5333E-01, 2.3600E+00, 1.3333E-01,
13:35:00.39312417, 2.6667E-01, 2.3600E+00, 0.0000E+00,
13:35:00.39312422, 2.4000E-01, 2.3733E+00,-1.3333E-01,
13:35:00.39312427, 2.5333E-01, 2.3333E+00, 1.3333E-01,
13:35:00.39312432, 2.8000E-01, 2.3600E+00, 1.3333E-01,
13:35:00.39312437, 3.0667E-01, 2.3333E+00, 1.3333E-01,
13:35:00.39312442, 2.9333E-01, 2.3333E+00, 2.6667E-01,
13:35:00.39312447, 2.6667E-01, 2.3333E+00,-2.6667E-01,
13:35:00.39312452, 3.0667E-01, 2.3467E+00, 1.3333E-01,
13:35:00.39312457, 2.8000E-01, 2.3600E+00, 5.3333E-01,
13:35:00.39312462, 2.5333E-01, 2.3600E+00, 1.3333E-01,
13:35:00.39312467, 2.5333E-01, 2.3333E+00,-1.3333E-01,
13:35:00.39312472, 2.6667E-01, 2.3600E+00, 1.3333E-01,
13:35:00.39312477, 2.9333E-01, 2.3467E+00, 1.3333E-01,
13:35:00.39312482, 2.9333E-01, 2.3600E+00, 1.3333E-01,
13:35:00.39312487, 2.8000E-01, 2.3733E+00, 2.6667E-01,
13:35:00.39312492, 2.5333E-01, 2.3467E+00, 4.0000E-01,
13:35:00.39312497, 2.6667E-01, 2.3467E+00, 0.0000E+00,
13:35:00.39312502, 2.2667E-01, 2.3333E+00,-1.3333E-01,
13:35:00.39312507, 2.4000E-01, 2.3333E+00, 0.0000E+00,
13:35:00.39312512, 2.5333E-01, 2.3467E+00, 2.6667E-01,
13:35:00.39312517, 2.5333E-01, 2.3467E+00, 2.6667E-01,
13:35:00.39312522, 2.8000E-01, 2.3600E+00, 1.3333E-01,
13:35:00.39312527, 2.8000E-01, 2.3333E+00, 0.0000E+00,
13:35:00.39312532, 2.8000E-01, 2.3467E+00, 1.3333E-01,
13:35:00.39312537, 2.6667E-01, 2.3467E+00, 1.3333E-01,
13:35:00.39312542, 2.8000E-01, 2.3733E+00, 4.0000E-01,
13:35:00.39312547, 2.8000E-01, 2.3733E+00, 4.0000E-01,
13:35:00.39312552, 2.5333E-01, 2.3467E+00, 0.0000E+00,
13:35:00.39312557, 2.5333E-01, 2.3733E+00, 2.6667E-01,
13:35:00.39312562, 2.5333E-01, 2.3200E+00, 1.3333E-01,
13:35:00.39312567, 2.6667E-01, 2.3733E+00, 4.0000E-01,
13:35:00.39312572, 2.9333E-01, 2.3867E+00, 1.3333E-01,
13:35:00.39312577, 2.8000E-01, 2.3467E+00, 2.6667E-01,
13:35:00.39312582, 2.8000E-01, 2.3333E+00, 4.0000E-01,
13:35:00.39312587, 2.8000E-01, 2.3600E+00, 0.0000E+00,
13:35:00.39312592, 2.4000E-01, 2.3600E+00, 2.6667E-01,
13:35:00.39312597, 2.4000E-01, 2.3733E+00,-1.3333E-01,
13:35:00.39312602, 2.4000E-01, 2.3733E+00, 0.0000E+00,
13:35:00.39312607, 2.2667E-01, 2.3733E+00,-1.3333E-01,
13:35:00.39312612, 2.2667E-01, 2.3733E+00, 1.3333E-01,
13:35:00.39312617, 2.4000E-01, 2.3733E+00, 2.6667E-01,
13:35:00.39312622, 2.5333E-01, 2.3733E+00, 1.3333E-01,
13:35:00.39312627, 2.4000E-01, 2.3867E+00, 2.6667E-01,
13:35:00.39312632, 2.6667E-01, 2.3867E+00, 1.3333E-01,
13:35:00.39312637, 2.5333E-01, 2.3600E+00, 0.0000E+00,
13:35:00.39312642, 2.5333E-01, 2.3467E+00, 5.3333E-01,
13:35:00.39312647, 2.2667E-01, 2.3467E+00, 0.0000E+00,
13:35:00.39312652, 2.4000E-01, 2.3600E+00, 4.0000E-01,
13:35:00.39312657, 2.5333E-01, 2.3333E+00, 2.6667E-01,
13:35:00.39312662, 2.2667E-01, 2.3467E+00, 0.0000E+00,
13:35:00.39312667, 2.2667E-01, 2.3867E+00, 1.3333E-01,
13:35:00.39312672, 2.5333E-01, 2.3467E+00, 0.0000E+00,
13:35:00.39312677, 2.4000E-01, 2.3733E+00, 2.6667E-01,
13:35:00.39312682, 2.4000E-01, 2.3733E+00, 4.0000E-01,
13:35:00.39312687, 2.6667E-01, 2.3467E+00, 1.3333E-01,
13:35:00.39312692, 2.5333E-01, 2.3333E+00, 2.6667E-01,
13:35:00.39312697, 2.2667E-01, 2.3600E+00, 5.3333E-01,
13:35:00.39312702, 2.2667E-01, 2.3733E+00, 4.0000E-01,
13:35:00.39312707, 2.5333E-01, 2.3600E+00, 1.3333E-01,
13:35:00.39312712, 2.4000E-01, 2.3600E+00, 2.6667E-01,
13:35:00.39312717, 2.2667E-01, 2.3733E+00, 2.6667E-01,
13:35:00.39312722, 2.4000E-01, 2.3600E+00, 5.3333E-01,
13:35:00.39312727, 2.5333E-01, 2.3600E+00, 4.0000E-01,
13:35:00.39312732, 2.5333E-01, 2.3600E+00, 4.0000E-01,
13:35:00.39312737, 2.9333E-01, 2.3733E+00, 4.0000E-01,
13:35:00.39312742, 2.6667E-01, 2.3733E+00, 2.6667E-01,
13:35:00.39312747, 2.2667E-01, 2.3467E+00, 1.3333E-01,
13:35:00.39312752, 2.5333E-01, 2.3733E+00, 1.3333E-01,
13:35:00.39312757, 2.6667E-01, 2.3733E+00, 1.3333E-01,
13:35:00.39312762, 2.5333E-01, 2.3333E+00, 4.0000E-01,
13:35:00.39312767, 2.4000E-01, 2.3333E+00, 5.3333E-01,
13:35:00.39312772, 2.5333E-01, 2.3600E+00, 2.6667E-01,
13:35:00.39312777, 2.5333E-01, 2.3600E+00, 2.6667E-01,
13:35:00.39312782, 2.8000E-01, 2.3733E+00, 4.0000E-01,
13:35:00.39312787, 2.4000E-01, 2.3867E+00, 5.3333E-01,
13:35:00.39312792, 2.2667E-01, 2.3733E+00, 2.6667E-01,
13:35:00.39312797, 2.2667E-01, 2.3467E+00, 4.0000E-01,
13:35:00.39312802, 2.5333E-01, 2.3467E+00, 1.3333E-01,
13:35:00.39312807, 2.5333E-01, 2.3733E+00, 2.6667E-01,
13:35:00.39312812, 2.5333E-01, 2.3867E+00, 2.6667E-01,
13:35:00.39312817, 2.4000E-01, 2.3467E+00, 2.6667E-01,
13:35:00.39312822, 2.2667E-01, 2.3600E+00, 2.6667E-01,
13:35:00.39312827, 2.2667E-01, 2.3600E+00, 4.0000E-01,
13:35:00.39312832, 2.2667E-01, 2.3600E+00, 5.3333E-01,
13:35:00.39312837, 2.4000E-01, 2.3600E+00, 5.3333E-01,
13:35:00.39312842, 2.2667E-01, 2.3733E+00, 4.0000E-01,
13:35:00.39312847, 2.2667E-01, 2.3733E+00, 2.6667E-01,
13:35:00.39312852, 2.5333E-01, 2.3867E+00, 2.6667E-01,
13:35:00.39312857, 2.5333E-01, 2.3600E+00, 0.0000E+00,
13:35:00.39312862, 2.4000E-01, 2.3600E+00, 1.3333E-01,
13:35:00.39312867, 2.4000E-01, 2.3867E+00, 2.6667E-01,
13:35:00.39312872, 2.4000E-01, 2.3467E+00, 2.6667E-01,
13:35:00.39312877, 2.4000E-01, 2.3733E+00, 5.3333E-01,
13:35:00.39312882, 2.5333E-01, 2.3733E+00, 1.3333E-01,
13:35:00.39312887, 2.2667E-01, 2.3600E+00, 2.6667E-01,
13:35:00.39312892, 2.2667E-01, 2.3867E+00, 2.6667E-01,
13:35:00.39312897, 2.0000E-01, 2.3600E+00, 1.3333E-01,
13:35:00.39312902, 2.4000E-01, 2.3867E+00, 2.6667E-01,
13:35:00.39312907, 2.2667E-01, 2.3867E+00, 1.3333E-01,
13:35:00.39312912, 2.2667E-01, 2.3600E+00, 5.3333E-01,
13:35:00.39312917, 2.5333E-01, 2.3600E+00, 5.3333E-01,
13:35:00.39312922, 2.1333E-01, 2.3600E+00, 2.6667E-01,
13:35:00.39312927, 2.2667E-01, 2.3467E+00, 2.6667E-01,
13:35:00.39312932, 2.2667E-01, 2.3600E+00, 1.3333E-01,
13:35:00.39312937, 2.2667E-01, 2.3867E+00, 4.0000E-01,
13:35:00.39312942, 1.8667E-01, 2.3467E+00, 5.3333E-01,
13:35:00.39312947, 2.2667E-01, 2.3733E+00, 2.6667E-01,
13:35:00.39312952, 2.2667E-01, 2.3733E+00, 1.3333E-01,
13:35:00.39312957, 2.4000E-01, 2.3600E+00, 2.6667E-01,
13:35:00.39312962, 2.2667E-01, 2.3333E+00, 5.3333E-01,
13:35:00.39312967, 2.4000E-01, 2.3600E+00, 1.3333E-01,
13:35:00.39312972, 2.5333E-01, 2.3733E+00, 1.3333E-01,
13:35:00.39312977, 2.2667E-01, 2.3333E+00, 2.6667E-01,
13:35:00.39312982, 2.2667E-01, 2.3867E+00, 4.0000E-01,
13:35:00.39312987, 2.4000E-01, 2.3733E+00, 2.6667E-01,
13:35:00.39312992, 2.2667E-01, 2.3867E+00, 5.3333E-01,
13:35:00.39312997, 2.2667E-01, 2.3867E+00, 1.3333E-01,
13:35:00.39313002, 2.4000E-01, 2.3867E+00, 2.6667E-01,
13:35:00.39313007, 2.2667E-01, 2.3600E+00, 5.3333E-01,
13:35:00.39313012, 2.2667E-01, 2.3733E+00, 2.6667E-01,
13:35:00.39313017, 2.2667E-01, 2.3467E+00, 2.6667E-01,
13:35:00.39313022, 2.4000E-01, 2.3467E+00, 2.6667E-01,
13:35:00.39313027, 2.2667E-01, 2.3867E+00, 4.0000E-01,
13:35:00.39313032, 2.5333E-01, 2.3733E+00, 6.6667E-01,
13:35:00.39313037, 2.2667E-01, 2.3733E+00, 0.0000E+00,
13:35:00.39313042, 1.8667E-01, 2.3867E+00, 4.0000E-01,
13:35:00.39313047, 2.2667E-01, 2.3867E+00, 6.6667E-01,
13:35:00.39313052, 2.2667E-01, 2.3600E+00, 0.0000E+00,
13:35:00.39313057, 2.2667E-01, 2.3600E+00, 2.6667E-01,
13:35:00.39313062, 2.2667E-01, 2.4000E+00, 0.0000E+00,
13:35:00.39313067, 2.1333E-01, 2.3600E+00, 2.6667E-01,
13:35:00.39313072, 2.2667E-01, 2.3867E+00, 2.6667E-01,
13:35:00.39313077, 2.2667E-01, 2.3867E+00, 5.3333E-01,
13:35:00.39313082, 2.2667E-01, 2.3600E+00, 0.0000E+00,
13:35:00.39313087, 2.0000E-01, 2.3600E+00, 6.6667E-01,
13:35:00.39313092, 2.0000E-01, 2.3467E+00, 4.0000E-01,
13:35:00.39313097, 2.2667E-01, 2.3600E+00, 1.3333E-01,
13:35:00.39313102, 2.1333E-01, 2.3733E+00, 1.3333E-01,
13:35:00.39313107, 2.2667E-01, 2.3867E+00, 1.3333E-01,
13:35:00.39313112, 2.4000E-01, 2.3733E+00, 6.6667E-01,
13:35:00.39313117, 2.2667E-01, 2.3733E+00, 0.0000E+00,
13:35:00.39313122, 2.2667E-01, 2.3733E+00, 2.6667E-01,
13:35:00.39313127, 2.1333E-01, 2.3733E+00, 2.6667E-01,
13:35:00.39313132, 2.1333E-01, 2.3467E+00, 1.3333E-01,
13:35:00.39313137, 2.0000E-01, 2.3600E+00, 2.6667E-01,
13:35:00.39313142, 2.1333E-01, 2.3733E+00, 0.0000E+00,
13:35:00.39313147, 2.1333E-01, 2.3467E+00, 4.0000E-01,
13:35:00.39313152, 2.2667E-01, 2.3467E+00, 4.0000E-01,
13:35:00.39313157, 2.5333E-01, 2.4000E+00, 6.6667E-01,
13:35:00.39313162, 2.2667E-01, 2.3867E+00, 6.6667E-01,
13:35:00.39313167, 2.0000E-01, 2.3733E+00, 6.6667E-01,
13:35:00.39313172, 2.4000E-01, 2.3467E+00, 2.6667E-01,
13:35:00.39313177, 2.1333E-01, 2.3733E+00, 5.3333E-01,
13:35:00.39313182, 2.2667E-01, 2.3467E+00, 5.3333E-01,
13:35:00.39313187, 2.1333E-01, 2.3733E+00, 6.6667E-01,
13:35:00.39313192, 2.2667E-01, 2.3600E+00, 4.0000E-01,
13:35:00.39313197, 2.0000E-01, 2.3733E+00, 5.3333E-01,
13:35:00.39313202, 2.2667E-01, 2.3600E+00, 1.3333E-01,
13:35:00.39313207, 2.2667E-01, 2.3600E+00, 4.0000E-01,
13:35:00.39313212, 2.2667E-01, 2.3733E+00, 0.0000E+00,
13:35:00.39313217, 2.4000E-01, 2.3733E+00, 6.6667E-01,
13:35:00.39313222, 2.1333E-01, 2.3733E+00, 4.0000E-01,
13:35:00.39313227, 2.2667E-01, 2.3867E+00, 4.0000E-01,
13:35:00.39313232, 2.2667E-01, 2.3867E+00, 5.3333E-01,
13:35:00.39313237, 2.0000E-01, 2.3600E+00, 1.3333E-01,
13:35:00.39313242, 2.2667E-01, 2.3467E+00, 2.6667E-01,
13:35:00.39313247, 2.1333E-01, 2.3600E+00, 4.0000E-01,
13:35:00.39313252, 2.2667E-01, 2.3867E+00, 5.3333E-01,
13:35:00.39313257, 2.2667E-01, 2.3867E+00, 4.0000E-01,
13:35:00.39313262, 2.2667E-01, 2.3867E+00, 4.0000E-01,
13:35:00.39313267, 2.2667E-01, 2.3867E+00, 4.0000E-01,
13:35:00.39313272, 2.0000E-01, 2.3867E+00, 5.3333E-01,
13:35:00.39313277, 2.2667E-01, 2.3733E+00, 4.0000E-01,
13:35:00.39313282, 2.2667E-01, 2.3733E+00, 2.6667E-01,
13:35:00.39313287, 2.1333E-01, 2.3733E+00, 4.0000E-01,
13:35:00.39313292, 2.2667E-01, 2.3733E+00, 1.3333E-01,
13:35:00.39313297, 2.2667E-01, 2.3733E+00, 2.6667E-01,
13:35:00.39313302, 2.2667E-01, 2.3733E+00, 4.0000E-01,
13:35:00.39313307, 2.2667E-01, 2.3467E+00, 1.3333E-01,
13:35:00.39313312, 2.2667E-01, 2.3733E+00, 4.0000E-01,
13:35:00.39313317, 2.0000E-01, 2.3600E+00, 1.3333E-01,
13:35:00.39313322, 1.8667E-01, 2.3733E+00, 6.6667E-01,
13:35:00.39313327, 2.1333E-01, 2.3867E+00,-1.3333E-01,
13:35:00.39313332, 2.1333E-01, 2.3733E+00, 1.3333E-01,
13:35:00.39313337, 2.4000E-01, 2.3600E+00, 0.0000E+00,
13:35:00.39313342, 2.2667E-01, 2.3600E+00, 2.6667E-01,
13:35:00.39313347, 2.1333E-01, 2.3867E+00, 2.6667E-01,
13:35:00.39313352, 2.4000E-01, 2.3600E+00, 4.0000E-01,
13:35:00.39313357, 2.2667E-01, 2.3867E+00, 1.3333E-01,
13:35:00.39313362, 2.0000E-01, 2.3733E+00, 5.3333E-01,
13:35:00.39313367, 2.2667E-01, 2.3600E+00, 0.0000E+00,
13:35:00.39313372, 2.0000E-01, 2.3867E+00, 5.3333E-01,
13:35:00.39313377, 1.7333E-01, 2.3867E+00, 6.6667E-01,
13:35:00.39313382, 2.4000E-01, 2.3733E+00, 4.0000E-01,
13:35:00.39313387, 2.0000E-01, 2.3733E+00, 1.3333E-01,
13:35:00.39313392, 2.1333E-01, 2.3867E+00, 2.6667E-01,
13:35:00.39313397, 2.1333E-01, 2.3867E+00, 2.6667E-01,
13:35:00.39313402, 2.1333E-01, 2.3867E+00, 2.6667E-01,
13:35:00.39313407, 2.0000E-01, 2.3867E+00, 4.0000E-01,
13:35:00.39313412, 2.0000E-01, 2.3733E+00, 2.6667E-01,
13:35:00.39313417, 2.1333E-01, 2.3867E+00, 4.0000E-01,
13:35:00.39313422, 2.0000E-01, 2.4000E+00, 4.0000E-01,
13:35:00.39313427, 2.0000E-01, 2.3467E+00, 2.6667E-01,
13:35:00.39313432, 1.8667E-01, 2.3867E+00, 5.3333E-01,
13:35:00.39313437, 2.0000E-01, 2.3733E+00, 2.6667E-01,
13:35:00.39313442, 2.0000E-01, 2.3733E+00, 1.3333E-01,
13:35:00.39313447, 2.2667E-01, 2.3733E+00, 4.0000E-01,
13:35:00.39313452, 2.1333E-01, 2.3867E+00, 6.6667E-01,
13:35:00.39313457, 2.1333E-01, 2.3867E+00, 2.6667E-01,
13:35:00.39313462, 2.0000E-01, 2.3867E+00,-1.3333E-01,
13:35:00.39313467, 2.0000E-01, 2.3733E+00, 2.6667E-01,
13:35:00.39313472, 2.0000E-01, 2.3600E+00, 2.6667E-01,
13:35:00.39313477, 1.8667E-01, 2.3867E+00, 4.0000E-01,
13:35:00.39313482, 1.8667E-01, 2.3867E+00, 0.0000E+00,
13:35:00.39313487, 1.8667E-01, 2.3867E+00, 0.0000E+00,
13:35:00.39313492, 2.0000E-01, 2.3467E+00, 6.6667E-01,
13:35:00.39313497, 1.8667E-01, 2.3867E+00, 2.6667E-01,
13:35:00.39313502, 2.2667E-01, 2.3867E+00, 4.0000E-01,
13:35:00.39313507, 1.8667E-01, 2.3600E+00, 2.6667E-01,
13:35:00.39313512, 2.1333E-01, 2.3867E+00, 4.0000E-01,
13:35:00.39313517, 1.8667E-01, 2.3867E+00, 5.3333E-01,
13:35:00.39313522, 2.1333E-01, 2.3867E+00, 1.3333E-01,
13:35:00.39313527, 1.7333E-01, 2.3600E+00, 2.6667E-01,
13:35:00.39313532, 2.2667E-01, 2.3867E+00, 6.6667E-01,
13:35:00.39313537, 1.8667E-01, 2.3733E+00, 2.6667E-01,
13:35:00.39313542, 2.0000E-01, 2.3600E+00, 0.0000E+00,
13:35:00.39313547, 2.0000E-01, 2.3867E+00, 2.6667E-01,
13:35:00.39313552, 2.1333E-01, 2.3867E+00, 2.6667E-01,
13:35:00.39313557, 2.1333E-01, 2.3867E+00, 0.0000E+00,
13:35:00.39313562, 2.0000E-01, 2.3867E+00, 5.3333E-01,
13:35:00.39313567, 1.6000E-01, 2.3867E+00, 6.6667E-01,
13:35:00.39313572, 1.7333E-01, 2.3733E+00, 1.3333E-01,
13:35:00.39313577, 2.2667E-01, 2.3867E+00, 2.6667E-01,
13:35:00.39313582, 1.8667E-01, 2.3867E+00,-1.3333E-01,
13:35:00.39313587, 1.8667E-01, 2.3733E+00, 4.0000E-01,
13:35:00.39313592, 1.8667E-01, 2.3733E+00, 2.6667E-01,
13:35:00.39313597, 2.0000E-01, 2.3867E+00, 2.6667E-01,
13:35:00.39313602, 2.0000E-01, 2.3600E+00, 2.6667E-01,
13:35:00.39313607, 1.7333E-01, 2.3867E+00, 1.3333E-01,
13:35:00.39313612, 1.6000E-01, 2.3867E+00, 2.6667E-01,
13:35:00.39313617, 2.1333E-01, 2.3600E+00,-2.6667E-01,
13:35:00.39313622, 2.1333E-01, 2.3867E+00, 4.0000E-01,
13:35:00.39313627, 1.8667E-01, 2.3867E+00, 0.0000E+00,
13:35:00.39313632, 1.7333E-01, 2.3867E+00, 0.0000E+00,
13:35:00.39313637, 1.7333E-01, 2.3733E+00, 2.6667E-01,
13:35:00.39313642, 2.0000E-01, 2.3867E+00, 5.3333E-01,
13:35:00.39313647, 1.8667E-01, 2.4000E+00, 2.6667E-01,
13:35:00.39313652, 2.0000E-01, 2.3733E+00, 2.6667E-01,
13:35:00.39313657, 1.4667E-01, 2.3600E+00, 2.6667E-01,
13:35:00.39313662, 1.8667E-01, 2.3733E+00, 1.3333E-01,
13:35:00.39313667, 2.0000E-01, 2.4000E+00, 2.6667E-01,
13:35:00.39313672, 2.0000E-01, 2.3867E+00,-1.3333E-01,
13:35:00.39313677, 2.0000E-01, 2.3600E+00, 0.0000E+00,
13:35:00.39313682, 2.0000E-01, 2.3867E+00, 2.6667E-01,
13:35:00.39313687, 1.8667E-01, 2.3733E+00, 4.0000E-01,
13:35:00.39313692, 2.1333E-01, 2.3733E+00, 2.6667E-01,
13:35:00.39313697, 1.8667E-01, 2.4000E+00, 2.6667E-01,
13:35:00.39313702, 1.4667E-01, 2.3867E+00, 4.0000E-01,
13:35:00.39313707, 1.7333E-01, 2.3733E+00, 4.0000E-01,
13:35:00.39313712, 1.8667E-01, 2.3867E+00, 4.0000E-01,
13:35:00.39313717, 1.4667E-01, 2.3867E+00, 1.3333E-01,
13:35:00.39313722, 1.7333E-01, 2.3867E+00, 2.6667E-01,
13:35:00.39313727, 1.6000E-01, 2.3867E+00, 0.0000E+00,
13:35:00.39313732, 2.0000E-01, 2.3600E+00, 2.6667E-01,
13:35:00.39313737, 1.7333E-01, 2.3867E+00, 1.3333E-01,
13:35:00.39313742, 1.8667E-01, 2.3333E+00, 0.0000E+00,
13:35:00.39313747, 1.7333E-01, 2.3867E+00, 1.3333E-01,
13:35:00.39313752, 1.8667E-01, 2.3867E+00, 2.6667E-01,
13:35:00.39313757, 1.7333E-01, 2.3733E+00, 1.3333E-01,
13:35:00.39313762, 1.8667E-01, 2.4000E+00, 5.3333E-01,
13:35:00.39313767, 2.0000E-01, 2.3600E+00, 2.6667E-01,
13:35:00.39313772, 1.4667E-01, 2.3867E+00, 2.6667E-01,
13:35:00.39313777, 2.0000E-01, 2.3733E+00, 2.6667E-01,
13:35:00.39313782, 2.0000E-01, 2.3867E+00, 0.0000E+00,
13:35:00.39313787, 1.6000E-01, 2.3867E+00, 2.6667E-01,
13:35:00.39313792, 1.7333E-01, 2.3600E+00, 2.6667E-01,
13:35:00.39313797, 1.7333E-01, 2.3867E+00, 2.6667E-01,
13:35:00.39313802, 1.7333E-01, 2.3867E+00, 2.6667E-01,
13:35:00.39313807, 2.0000E-01, 2.3733E+00,-1.3333E-01,
13:35:00.39313812, 1.8667E-01, 2.3867E+00,-1.3333E-01,
13:35:00.39313817, 1.8667E-01, 2.3733E+00,-1.3333E-01,
13:35:00.39313822, 1.8667E-01, 2.4000E+00,-1.3333E-01,
13:35:00.39313827, 1.7333E-01, 2.3733E+00, 1.3333E-01,
13:35:00.39313832, 1.7333E-01, 2.3733E+00, 0.0000E+00,
13:35:00.39313837, 1.7333E-01, 2.3867E+00, 2.6667E-01,
13:35:00.39313842, 1.7333E-01, 2.3867E+00,-1.3333E-01,
13:35:00.39313847, 1.8667E-01, 2.3867E+00, 0.0000E+00,
13:35:00.39313852, 1.6000E-01, 2.3867E+00, 0.0000E+00,
13:35:00.39313857, 1.7333E-01, 2.3867E+00,-1.3333E-01,
13:35:00.39313862, 2.0000E-01, 2.3733E+00, 4.0000E-01,
13:35:00.39313867, 1.7333E-01, 2.3733E+00, 1.3333E-01,
13:35:00.39313872, 1.7333E-01, 2.3867E+00,-1.3333E-01,
13:35:00.39313877, 1.7333E-01, 2.3733E+00, 1.3333E-01,
13:35:00.39313882, 2.0000E-01, 2.3600E+00, 1.3333E-01,
13:35:00.39313887, 1.8667E-01, 2.3867E+00, 1.3333E-01,
13:35:00.39313892, 2.1333E-01, 2.3867E+00,-1.3333E-01,
13:35:00.39313897, 1.6000E-01, 2.3733E+00, 4.0000E-01,
13:35:00.39313902, 1.7333E-01, 2.3600E+00, 2.6667E-01,
13:35:00.39313907, 1.7333E-01, 2.3867E+00, 1.3333E-01,
13:35:00.39313912, 1.7333E-01, 2.3733E+00, 0.0000E+00,
13:35:00.39313917, 1.8667E-01, 2.3733E+00, 0.0000E+00,
13:35:00.39313922, 2.1333E-01, 2.3867E+00, 1.3333E-01,
13:35:00.39313927, 1.8667E-01, 2.3867E+00, 4.0000E-01,
13:35:00.39313932, 2.0000E-01, 2.3733E+00, 0.0000E+00,
13:35:00.39313937, 1.7333E-01, 2.3867E+00, 1.3333E-01,
13:35:00.39313942, 1.6000E-01, 2.4000E+00,-2.6667E-01,
13:35:00.39313947, 1.7333E-01, 2.3867E+00, 0.0000E+00,
13:35:00.39313952, 1.3333E-01, 2.3733E+00, 1.3333E-01,
13:35:00.39313957, 1.6000E-01, 2.3867E+00,-2.6667E-01,
13:35:00.39313962, 1.6000E-01, 2.3733E+00, 0.0000E+00,
13:35:00.39313967, 1.6000E-01, 2.3600E+00,-1.3333E-01,
13:35:00.39313972, 1.8667E-01, 2.3867E+00, 5.3333E-01,
13:35:00.39313977, 1.4667E-01, 2.3467E+00, 2.6667E-01,
13:35:00.39313982, 1.6000E-01, 2.4000E+00,-1.3333E-01,
13:35:00.39313987, 1.6000E-01, 2.3867E+00, 1.3333E-01,
13:35:00.39313992, 1.4667E-01, 2.3867E+00, 0.0000E+00,
13:35:00.39313997, 1.4667E-01, 2.3867E+00, 0.0000E+00,
13:35:00.39314002, 1.8667E-01, 2.3600E+00, 1.3333E-01,
13:35:00.39314007, 1.4667E-01, 2.3733E+00, 1.3333E-01,
13:35:00.39314012, 1.6000E-01, 2.4000E+00,-1.3333E-01,
13:35:00.39314017, 1.8667E-01, 2.3733E+00,-2.6667E-01,
13:35:00.39314022, 1.6000E-01, 2.3600E+00,-2.6667E-01,
13:35:00.39314027, 1.7333E-01, 2.3600E+00,-1.3333E-01,
13:35:00.39314032, 1.7333E-01, 2.3867E+00, 0.0000E+00,
13:35:00.39314037, 1.8667E-01, 2.3867E+00, 1.3333E-01,
13:35:00.39314042, 1.4667E-01, 2.3867E+00,-1.3333E-01,
13:35:00.39314047, 1.8667E-01, 2.3733E+00, 1.3333E-01,
13:35:00.39314052, 1.6000E-01, 2.3467E+00, 0.0000E+00,
13:35:00.39314057, 1.4667E-01, 2.3867E+00, 0.0000E+00,
13:35:00.39314062, 1.7333E-01, 2.3867E+00,-2.6667E-01,
13:35:00.39314067, 1.4667E-01, 2.3867E+00,-2.6667E-01,
13:35:00.39314072, 1.7333E-01, 2.3867E+00,-2.6667E-01,
13:35:00.39314077, 1.6000E-01, 2.3867E+00, 0.0000E+00,
13:35:00.39314082, 1.6000E-01, 2.3733E+00,-2.6667E-01,
13:35:00.39314087, 1.4667E-01, 2.3867E+00, 5.3333E-01,
13:35:00.39314092, 1.4667E-01, 2.3333E+00, 0.0000E+00,
13:35:00.39314097, 1.7333E-01, 2.3733E+00,-1.3333E-01,
13:35:00.39314102, 1.7333E-01, 2.3733E+00, 0.0000E+00,
13:35:00.39314107, 1.7333E-01, 2.3867E+00,-2.6667E-01,
13:35:00.39314112, 1.6000E-01, 2.3733E+00, 1.3333E-01,
13:35:00.39314117, 1.8667E-01, 2.3733E+00, 1.3333E-01,
13:35:00.39314122, 2.0000E-01, 2.3600E+00, 0.0000E+00,
13:35:00.39314127, 1.6000E-01, 2.3867E+00,-1.3333E-01,
13:35:00.39314132, 1.6000E-01, 2.3867E+00, 2.6667E-01,
13:35:00.39314137, 1.3333E-01, 2.3867E+00,-2.6667E-01,
13:35:00.39314142, 1.3333E-01, 2.3600E+00, 1.3333E-01,
13:35:00.39314147, 1.6000E-01, 2.3733E+00, 0.0000E+00,
13:35:00.39314152, 1.3333E-01, 2.3867E+00, 1.3333E-01,
13:35:00.39314157, 1.7333E-01, 2.3600E+00, 0.0000E+00,
13:35:00.39314162, 1.6000E-01, 2.3867E+00, 1.3333E-01,
13:35:00.39314167, 2.0000E-01, 2.3600E+00,-2.6667E-01,
13:35:00.39314172, 1.7333E-01, 2.3867E+00, 1.3333E-01,
13:35:00.39314177, 1.6000E-01, 2.3867E+00, 2.6667E-01,
13:35:00.39314182, 1.6000E-01, 2.3733E+00, 2.6667E-01,
13:35:00.39314187, 1.3333E-01, 2.3867E+00,-1.3333E-01,
13:35:00.39314192, 1.2000E-01, 2.4000E+00, 2.6667E-01,
13:35:00.39314197, 1.6000E-01, 2.3600E+00, 1.3333E-01,
13:35:00.39314202, 1.6000E-01, 2.3600E+00,-1.3333E-01,
13:35:00.39314207, 1.8667E-01, 2.3600E+00,-2.6667E-01,
13:35:00.39314212, 2.0000E-01, 2.3467E+00,-1.3333E-01,
13:35:00.39314217, 1.7333E-01, 2.3733E+00,-2.6667E-01,
13:35:00.39314222, 1.6000E-01, 2.3733E+00,-2.6667E-01,
13:35:00.39314227, 1.8667E-01, 2.3867E+00, 0.0000E+00,
13:35:00.39314232, 1.3333E-01, 2.3600E+00,-1.3333E-01,
13:35:00.39314237, 1.3333E-01, 2.3467E+00,-2.6667E-01,
13:35:00.39314242, 1.4667E-01, 2.3733E+00, 1.3333E-01,
13:35:00.39314247, 1.7333E-01, 2.3867E+00, 0.0000E+00,
13:35:00.39314252, 1.6000E-01, 2.3867E+00, 1.3333E-01,
13:35:00.39314257, 1.6000E-01, 2.4000E+00,-1.3333E-01,
13:35:00.39314262, 1.8667E-01, 2.3467E+00, 0.0000E+00,
13:35:00.39314267, 1.7333E-01, 2.3600E+00,-2.6667E-01,
13:35:00.39314272, 1.3333E-01, 2.3733E+00,-1.3333E-01,
13:35:00.39314277, 1.3333E-01, 2.3467E+00, 0.0000E+00,
13:35:00.39314282, 1.3333E-01, 2.3600E+00,-1.3333E-01,
13:35:00.39314287, 1.2000E-01, 2.3867E+00,-1.3333E-01,
13:35:00.39314292, 1.6000E-01, 2.3600E+00, 0.0000E+00,
13:35:00.39314297, 1.4667E-01, 2.3867E+00,-2.6667E-01,
13:35:00.39314302, 1.6000E-01, 2.3600E+00,-1.3333E-01,
13:35:00.39314307, 1.2000E-01, 2.3733E+00, 1.3333E-01,
13:35:00.39314312, 1.8667E-01, 2.3733E+00, 1.3333E-01,
13:35:00.39314317, 1.6000E-01, 2.3867E+00, 0.0000E+00,
13:35:00.39314322, 1.3333E-01, 2.3733E+00, 0.0000E+00,
13:35:00.39314327, 1.2000E-01, 2.3467E+00,-2.6667E-01,
13:35:00.39314332, 1.3333E-01, 2.3600E+00, 0.0000E+00,
13:35:00.39314337, 1.3333E-01, 2.3733E+00, 0.0000E+00,
13:35:00.39314342, 1.6000E-01, 2.3867E+00,-1.3333E-01,
13:35:00.39314347, 1.6000E-01, 2.3333E+00, 1.3333E-01,
13:35:00.39314352, 1.4667E-01, 2.3467E+00,-1.3333E-01,
13:35:00.39314357, 1.6000E-01, 2.3867E+00,-4.0000E-01,
13:35:00.39314362, 1.7333E-01, 2.3867E+00, 0.0000E+00,
13:35:00.39314367, 1.3333E-01, 2.3867E+00, 1.3333E-01,
13:35:00.39314372, 1.6000E-01, 2.3600E+00, 0.0000E+00,
13:35:00.39314377, 1.2000E-01, 2.4000E+00,-2.6667E-01,
13:35:00.39314382, 1.2000E-01, 2.3733E+00, 0.0000E+00,
13:35:00.39314387, 1.4667E-01, 2.3467E+00, 0.0000E+00,
13:35:00.39314392, 1.4667E-01, 2.3600E+00,-1.3333E-01,
13:35:00.39314397, 1.3333E-01, 2.3600E+00,-1.3333E-01,
13:35:00.39314402, 1.6000E-01, 2.3600E+00, 1.3333E-01,
13:35:00.39314407, 1.4667E-01, 2.3733E+00,-1.3333E-01,
13:35:00.39314412, 1.3333E-01, 2.3733E+00, 0.0000E+00,
13:35:00.39314417, 1.7333E-01, 2.3733E+00, 0.0000E+00,
13:35:00.39314422, 1.3333E-01, 2.3733E+00, 0.0000E+00,
13:35:00.39314427, 1.3333E-01, 2.3333E+00, 0.0000E+00,
13:35:00.39314432, 1.3333E-01, 2.3600E+00, 0.0000E+00,
13:35:00.39314437, 1.3333E-01, 2.3733E+00, 0.0000E+00,
13:35:00.39314442, 1.3333E-01, 2.3733E+00, 1.3333E-01,
13:35:00.39314447, 1.6000E-01, 2.3733E+00,-1.3333E-01,
13:35:00.39314452, 1.4667E-01, 2.3733E+00, 0.0000E+00,
13:35:00.39314457, 1.3333E-01, 2.3600E+00,-1.3333E-01,
13:35:00.39314462, 1.3333E-01, 2.3600E+00,-2.6667E-01,
13:35:00.39314467, 1.6000E-01, 2.3467E+00, 1.3333E-01,
13:35:00.39314472, 1.0667E-01, 2.3333E+00, 0.0000E+00,
13:35:00.39314477, 1.3333E-01, 2.3867E+00,-2.6667E-01,
13:35:00.39314482, 1.6000E-01, 2.3733E+00, 1.3333E-01,
13:35:00.39314487, 1.6000E-01, 2.3600E+00, 4.0000E-01,
13:35:00.39314492, 1.6000E-01, 2.3867E+00,-1.3333E-01,
13:35:00.39314497, 1.2000E-01, 2.3733E+00, 1.3333E-01,
13:35:00.39314502, 1.6000E-01, 2.3867E+00,-1.3333E-01,
13:35:00.39314507, 1.7333E-01, 2.3733E+00,-4.0000E-01,
13:35:00.39314512, 1.7333E-01, 2.3600E+00, 1.3333E-01,
13:35:00.39314517, 1.6000E-01, 2.3600E+00,-2.6667E-01,
13:35:00.39314522, 1.0667E-01, 2.3600E+00, 0.0000E+00,
13:35:00.39314527, 1.3333E-01, 2.3600E+00, 0.0000E+00,
13:35:00.39314532, 1.3333E-01, 2.3867E+00, 0.0000E+00,
13:35:00.39314537, 1.6000E-01, 2.3600E+00, 0.0000E+00,
13:35:00.39314542, 1.3333E-01, 2.3733E+00,-2.6667E-01,
13:35:00.39314547, 1.6000E-01, 2.3867E+00,-1.3333E-01,
13:35:00.39314552, 1.6000E-01, 2.3867E+00,-5.3333E-01,
13:35:00.39314557, 1.4667E-01, 2.3733E+00,-2.6667E-01,
13:35:00.39314562, 1.6000E-01, 2.3867E+00, 0.0000E+00,
13:35:00.39314567, 1.3333E-01, 2.3733E+00, 1.3333E-01,
13:35:00.39314572, 1.3333E-01, 2.3600E+00, 0.0000E+00,
13:35:00.39314577, 1.2000E-01, 2.3733E+00,-2.6667E-01,
13:35:00.39314582, 1.3333E-01, 2.3733E+00, 0.0000E+00,
13:35:00.39314587, 1.2000E-01, 2.3600E+00,-1.3333E-01,
13:35:00.39314592, 1.3333E-01, 2.3733E+00, 2.6667E-01,
13:35:00.39314597, 1.3333E-01, 2.3733E+00, 0.0000E+00,
13:35:00.39314602, 1.6000E-01, 2.3733E+00,-1.3333E-01,
13:35:00.39314607, 1.4667E-01, 2.3867E+00,-1.3333E-01,
13:35:00.39314612, 1.2000E-01, 2.3733E+00, 0.0000E+00,
13:35:00.39314617, 1.3333E-01, 2.3600E+00, 0.0000E+00,
13:35:00.39314622, 1.0667E-01, 2.3600E+00,-1.3333E-01,
13:35:00.39314627, 1.3333E-01, 2.3600E+00, 1.3333E-01,
13:35:00.39314632, 1.4667E-01, 2.3867E+00, 4.0000E-01,
13:35:00.39314637, 1.4667E-01, 2.3600E+00, 1.3333E-01,
13:35:00.39314642, 1.4667E-01, 2.3867E+00, 1.3333E-01,
13:35:00.39314647, 1.6000E-01, 2.3867E+00, 1.3333E-01,
13:35:00.39314652, 1.2000E-01, 2.3733E+00,-4.0000E-01,
13:35:00.39314657, 1.3333E-01, 2.3733E+00,-2.6667E-01,
13:35:00.39314662, 1.2000E-01, 2.3867E+00, 2.6667E-01,
13:35:00.39314667, 1.0667E-01, 2.3733E+00,-2.6667E-01,
13:35:00.39314672, 1.4667E-01, 2.3600E+00,-1.3333E-01,
13:35:00.39314677, 1.3333E-01, 2.3467E+00, 1.3333E-01,
13:35:00.39314682, 1.6000E-01, 2.3600E+00,-1.3333E-01,
13:35:00.39314687, 1.4667E-01, 2.3867E+00,-1.3333E-01,
13:35:00.39314692, 1.3333E-01, 2.3867E+00, 0.0000E+00,
13:35:00.39314697, 1.4667E-01, 2.3467E+00,-2.6667E-01,
13:35:00.39314702, 1.3333E-01, 2.3867E+00,-2.6667E-01,
13:35:00.39314707, 1.6000E-01, 2.3733E+00,-1.3333E-01,
13:35:00.39314712, 1.2000E-01, 2.3467E+00,-1.3333E-01,
13:35:00.39314717, 9.3333E-02, 2.3867E+00,-1.3333E-01,
13:35:00.39314722, 1.6000E-01, 2.3867E+00, 0.0000E+00,
13:35:00.39314727, 1.3333E-01, 2.3467E+00, 0.0000E+00,
13:35:00.39314732, 1.3333E-01, 2.3733E+00, 0.0000E+00,
13:35:00.39314737, 1.3333E-01, 2.3600E+00,-2.6667E-01,
13:35:00.39314742, 1.2000E-01, 2.3867E+00, 1.3333E-01,
13:35:00.39314747, 1.3333E-01, 2.3867E+00,-1.3333E-01,
13:35:00.39314752, 9.3333E-02, 2.3600E+00,-4.0000E-01,
13:35:00.39314757, 1.0667E-01, 2.3600E+00,-5.3333E-01,
13:35:00.39314762, 1.2000E-01, 2.3867E+00,-1.3333E-01,
13:35:00.39314767, 1.0667E-01, 2.3467E+00, 0.0000E+00,
13:35:00.39314772, 1.4667E-01, 2.3733E+00,-2.6667E-01,
13:35:00.39314777, 1.3333E-01, 2.3600E+00, 1.3333E-01,
13:35:00.39314782, 1.2000E-01, 2.3733E+00, 0.0000E+00,
13:35:00.39314787, 1.3333E-01, 2.3867E+00, 1.3333E-01,
13:35:00.39314792, 1.4667E-01, 2.3600E+00, 0.0000E+00,
13:35:00.39314797, 1.3333E-01, 2.3733E+00, 1.3333E-01,
13:35:00.39314802, 1.3333E-01, 2.3600E+00,-2.6667E-01,
13:35:00.39314807, 1.2000E-01, 2.3733E+00,-1.3333E-01,
13:35:00.39314812, 1.3333E-01, 2.3733E+00, 4.0000E-01,
13:35:00.39314817, 1.0667E-01, 2.3733E+00, 0.0000E+00,
13:35:00.39314822, 1.4667E-01, 2.3600E+00, 0.0000E+00,
13:35:00.39314827, 1.3333E-01, 2.3467E+00, 0.0000E+00,
13:35:00.39314832, 1.2000E-01, 2.3733E+00, 1.3333E-01,
13:35:00.39314837, 1.2000E-01, 2.3333E+00,-1.3333E-01,
13:35:00.39314842, 1.3333E-01, 2.3733E+00,-2.6667E-01,
13:35:00.39314847, 8.0000E-02, 2.3867E+00,-2.6667E-01,
13:35:00.39314852, 1.4667E-01, 2.3733E+00,-1.3333E-01,
13:35:00.39314857, 1.2000E-01, 2.3600E+00, 0.0000E+00,
13:35:00.39314862, 1.0667E-01, 2.3600E+00, 0.0000E+00,
13:35:00.39314867, 1.3333E-01, 2.3733E+00, 1.3333E-01,
13:35:00.39314872, 1.3333E-01, 2.3600E+00, 0.0000E+00,
13:35:00.39314877, 1.6000E-01, 2.3867E+00, 1.3333E-01,
13:35:00.39314882, 1.4667E-01, 2.3867E+00, 1.3333E-01,
13:35:00.39314887, 1.4667E-01, 2.3600E+00, 0.0000E+00,
13:35:00.39314892, 1.3333E-01, 2.3600E+00, 0.0000E+00,
13:35:00.39314897, 1.2000E-01, 2.3467E+00, 0.0000E+00,
13:35:00.39314902, 1.2000E-01, 2.3867E+00,-1.3333E-01,
13:35:00.39314907, 9.3333E-02, 2.4000E+00,-1.3333E-01,
13:35:00.39314912, 1.4667E-01, 2.3600E+00, 1.3333E-01,
13:35:00.39314917, 1.3333E-01, 2.3467E+00, 0.0000E+00,
13:35:00.39314922, 1.6000E-01, 2.3733E+00, 1.3333E-01,
13:35:00.39314927, 1.0667E-01, 2.3600E+00, 0.0000E+00,
13:35:00.39314932, 1.3333E-01, 2.3333E+00, 1.3333E-01,
13:35:00.39314937, 1.2000E-01, 2.3600E+00, 0.0000E+00,
13:35:00.39314942, 1.4667E-01, 2.3733E+00, 1.3333E-01,
13:35:00.39314947, 1.3333E-01, 2.3467E+00,-2.6667E-01,
13:35:00.39314952, 1.2000E-01, 2.3600E+00, 2.6667E-01,
13:35:00.39314957, 1.0667E-01, 2.3600E+00, 1.3333E-01,
13:35:00.39314962, 1.3333E-01, 2.3600E+00,-1.3333E-01,
13:35:00.39314967, 1.4667E-01, 2.3733E+00, 0.0000E+00,
13:35:00.39314972, 1.3333E-01, 2.3733E+00,-1.3333E-01,
13:35:00.39314977, 1.2000E-01, 2.3733E+00, 0.0000E+00,
13:35:00.39314982, 1.3333E-01, 2.3600E+00, 2.6667E-01,
13:35:00.39314987, 1.4667E-01, 2.3733E+00,-1.3333E-01,
13:35:00.39314992, 1.0667E-01, 2.3333E+00, 0.0000E+00,
13:35:00.39314997, 1.0667E-01, 2.3600E+00, 0.0000E+00,
13:35:00.39315002, 1.2000E-01, 2.3600E+00, 1.3333E-01,
13:35:00.39315007, 1.3333E-01, 2.3733E+00,-1.3333E-01,
13:35:00.39315012, 1.2000E-01, 2.3867E+00, 0.0000E+00,
13:35:00.39315017, 1.2000E-01, 2.3733E+00,-1.3333E-01,
13:35:00.39315022, 1.4667E-01, 2.3733E+00, 1.3333E-01,
13:35:00.39315027, 1.2000E-01, 2.3333E+00,-1.3333E-01,
13:35:00.39315032, 1.3333E-01, 2.3733E+00, 4.0000E-01,
13:35:00.39315037, 1.3333E-01, 2.3733E+00,-1.3333E-01,
13:35:00.39315042, 1.2000E-01, 2.3600E+00, 1.3333E-01,
13:35:00.39315047, 9.3333E-02, 2.3733E+00, 2.6667E-01,
13:35:00.39315052, 9.3333E-02, 2.3867E+00, 2.6667E-01,
13:35:00.39315057, 1.0667E-01, 2.3867E+00,-1.3333E-01,
13:35:00.39315062, 1.2000E-01, 2.3467E+00, 4.0000E-01,
13:35:00.39315067, 1.0667E-01, 2.3600E+00, 4.0000E-01,
13:35:00.39315072, 1.3333E-01, 2.3600E+00, 1.3333E-01,
13:35:00.39315077, 1.0667E-01, 2.3867E+00, 1.3333E-01,
13:35:00.39315082, 1.3333E-01, 2.3467E+00,-1.3333E-01,
13:35:00.39315087, 9.3333E-02, 2.3867E+00, 2.6667E-01,
13:35:00.39315092, 1.2000E-01, 2.3733E+00, 0.0000E+00,
13:35:00.39315097, 1.0667E-01, 2.3867E+00, 0.0000E+00,
13:35:00.39315102, 1.0667E-01, 2.3600E+00, 4.0000E-01,
13:35:00.39315107, 1.0667E-01, 2.3467E+00, 2.6667E-01,
13:35:00.39315112, 1.2000E-01, 2.3733E+00, 1.3333E-01,
13:35:00.39315117, 1.0667E-01, 2.3733E+00, 0.0000E+00,
13:35:00.39315122, 1.0667E-01, 2.3467E+00, 1.3333E-01,
13:35:00.39315127, 1.3333E-01, 2.3600E+00, 0.0000E+00,
13:35:00.39315132, 1.3333E-01, 2.3600E+00, 1.3333E-01,
13:35:00.39315137, 1.2000E-01, 2.3600E+00,-1.3333E-01,
13:35:00.39315142, 1.2000E-01, 2.3733E+00, 0.0000E+00,
13:35:00.39315147, 9.3333E-02, 2.3467E+00, 1.3333E-01,
13:35:00.39315152, 8.0000E-02, 2.3867E+00,-1.3333E-01,
13:35:00.39315157, 1.3333E-01, 2.3467E+00, 1.3333E-01,
13:35:00.39315162, 1.2000E-01, 2.3867E+00, 4.0000E-01,
13:35:00.39315167, 1.3333E-01, 2.3600E+00, 1.3333E-01,
13:35:00.39315172, 1.2000E-01, 2.3867E+00, 5.3333E-01,
13:35:00.39315177, 1.0667E-01, 2.3600E+00, 0.0000E+00,
13:35:00.39315182, 1.0667E-01, 2.3733E+00, 2.6667E-01,
13:35:00.39315187, 1.0667E-01, 2.3867E+00,-1.3333E-01,
13:35:00.39315192, 1.0667E-01, 2.3867E+00,-1.3333E-01,
13:35:00.39315197, 1.0667E-01, 2.3600E+00,-2.6667E-01,
13:35:00.39315202, 1.2000E-01, 2.3733E+00,-1.3333E-01,
13:35:00.39315207, 1.2000E-01, 2.3333E+00, 1.3333E-01,
13:35:00.39315212, 8.0000E-02, 2.3733E+00, 2.6667E-01,
13:35:00.39315217, 1.2000E-01, 2.3600E+00, 1.3333E-01,
13:35:00.39315222, 1.0667E-01, 2.3467E+00,-1.3333E-01,
13:35:00.39315227, 1.3333E-01, 2.3733E+00, 2.6667E-01,
13:35:00.39315232, 1.2000E-01, 2.3467E+00, 1.3333E-01,
13:35:00.39315237, 9.3333E-02, 2.3600E+00, 1.3333E-01,
13:35:00.39315242, 8.0000E-02, 2.3467E+00, 1.3333E-01,
13:35:00.39315247, 1.0667E-01, 2.3200E+00, 0.0000E+00,
13:35:00.39315252, 8.0000E-02, 2.3867E+00, 4.0000E-01,
13:35:00.39315257, 1.0667E-01, 2.3733E+00, 1.3333E-01,
13:35:00.39315262, 1.2000E-01, 2.3867E+00, 2.6667E-01,
13:35:00.39315267, 1.2000E-01, 2.3867E+00, 1.3333E-01,
13:35:00.39315272, 1.3333E-01, 2.3867E+00, 2.6667E-01,
13:35:00.39315277, 1.0667E-01, 2.3467E+00, 2.6667E-01,
13:35:00.39315282, 1.2000E-01, 2.3600E+00, 1.3333E-01,
13:35:00.39315287, 9.3333E-02, 2.3600E+00, 1.3333E-01,
13:35:00.39315292, 9.3333E-02, 2.3867E+00, 1.3333E-01,
13:35:00.39315297, 1.0667E-01, 2.3867E+00, 4.0000E-01,
13:35:00.39315302, 1.0667E-01, 2.3733E+00, 5.3333E-01,
13:35:00.39315307, 8.0000E-02, 2.3733E+00,-1.3333E-01,
13:35:00.39315312, 1.0667E-01, 2.3867E+00, 2.6667E-01,
13:35:00.39315317, 1.0667E-01, 2.3467E+00, 2.6667E-01,
13:35:00.39315322, 8.0000E-02, 2.3467E+00, 2.6667E-01,
13:35:00.39315327, 1.3333E-01, 2.3867E+00, 2.6667E-01,
13:35:00.39315332, 8.0000E-02, 2.3600E+00, 0.0000E+00,
13:35:00.39315337, 8.0000E-02, 2.3467E+00, 2.6667E-01,
13:35:00.39315342, 1.0667E-01, 2.3600E+00, 2.6667E-01,
13:35:00.39315347, 1.0667E-01, 2.3733E+00, 0.0000E+00,
13:35:00.39315352, 1.0667E-01, 2.3867E+00, 2.6667E-01,
13:35:00.39315357, 9.3333E-02, 2.3733E+00, 1.3333E-01,
13:35:00.39315362, 1.3333E-01, 2.3333E+00, 4.0000E-01,
13:35:00.39315367, 1.2000E-01, 2.3600E+00,-1.3333E-01,
13:35:00.39315372, 9.3333E-02, 2.3467E+00, 2.6667E-01,
13:35:00.39315377, 1.2000E-01, 2.3467E+00, 4.0000E-01,
13:35:00.39315382, 9.3333E-02, 2.3733E+00, 1.3333E-01,
13:35:00.39315387, 9.3333E-02, 2.3467E+00, 0.0000E+00,
13:35:00.39315392, 8.0000E-02, 2.3333E+00, 2.6667E-01,
13:35:00.39315397, 1.3333E-01, 2.3467E+00, 1.3333E-01,
13:35:00.39315402, 1.0667E-01, 2.3733E+00, 0.0000E+00,
13:35:00.39315407, 1.2000E-01, 2.3867E+00, 1.3333E-01,
13:35:00.39315412, 1.2000E-01, 2.3733E+00, 2.6667E-01,
13:35:00.39315417, 9.3333E-02, 2.3733E+00, 1.3333E-01,
13:35:00.39315422, 1.0667E-01, 2.3733E+00, 0.0000E+00,
13:35:00.39315427, 8.0000E-02, 2.3733E+00, 1.3333E-01,
13:35:00.39315432, 9.3333E-02, 2.4000E+00,-2.6667E-01,
13:35:00.39315437, 9.3333E-02, 2.3600E+00, 5.3333E-01,
13:35:00.39315442, 9.3333E-02, 2.3733E+00, 0.0000E+00,
13:35:00.39315447, 8.0000E-02, 2.3867E+00, 2.6667E-01,
13:35:00.39315452, 1.2000E-01, 2.3867E+00, 5.3333E-01,
13:35:00.39315457, 1.2000E-01, 2.3600E+00, 2.6667E-01,
13:35:00.39315462, 1.2000E-01, 2.3600E+00, 2.6667E-01,
13:35:00.39315467, 1.2000E-01, 2.3467E+00, 2.6667E-01,
13:35:00.39315472, 1.0667E-01, 2.3467E+00, 1.3333E-01,
13:35:00.39315477, 1.2000E-01, 2.3600E+00,-1.3333E-01,
13:35:00.39315482, 9.3333E-02, 2.3867E+00, 2.6667E-01,
13:35:00.39315487, 9.3333E-02, 2.3467E+00, 0.0000E+00,
13:35:00.39315492, 1.2000E-01, 2.3733E+00, 0.0000E+00,
13:35:00.39315497, 1.0667E-01, 2.3733E+00, 1.3333E-01,
13:35:00.39315502, 1.0667E-01, 2.3867E+00, 1.3333E-01,
13:35:00.39315507, 9.3333E-02, 2.3733E+00, 1.3333E-01,
13:35:00.39315512, 1.2000E-01, 2.3867E+00, 5.3333E-01,
13:35:00.39315517, 9.3333E-02, 2.3600E+00, 2.6667E-01,
13:35:00.39315522, 1.0667E-01, 2.3600E+00, 0.0000E+00,
13:35:00.39315527, 8.0000E-02, 2.3733E+00, 2.6667E-01,
13:35:00.39315532, 1.3333E-01, 2.3600E+00, 1.3333E-01,
13:35:00.39315537, 1.0667E-01, 2.3867E+00, 1.3333E-01,
13:35:00.39315542, 1.0667E-01, 2.3867E+00,-1.3333E-01,
13:35:00.39315547, 8.0000E-02, 2.3733E+00, 1.3333E-01,
13:35:00.39315552, 9.3333E-02, 2.3600E+00, 2.6667E-01,
13:35:00.39315557, 1.0667E-01, 2.3600E+00, 5.3333E-01,
13:35:00.39315562, 9.3333E-02, 2.3600E+00, 5.3333E-01,
13:35:00.39315567, 8.0000E-02, 2.4000E+00, 4.0000E-01,
13:35:00.39315572, 8.0000E-02, 2.3867E+00, 1.3333E-01,
13:35:00.39315577, 8.0000E-02, 2.3733E+00, 1.3333E-01,
13:35:00.39315582, 9.3333E-02, 2.3600E+00, 1.3333E-01,
13:35:00.39315587, 8.0000E-02, 2.3600E+00, 4.0000E-01,
13:35:00.39315592, 1.0667E-01, 2.3600E+00, 0.0000E+00,
13:35:00.39315597, 1.2000E-01, 2.3733E+00, 1.3333E-01,
13:35:00.39315602, 9.3333E-02, 2.3467E+00, 2.6667E-01,
13:35:00.39315607, 1.0667E-01, 2.3600E+00, 0.0000E+00,
13:35:00.39315612, 9.3333E-02, 2.3600E+00, 2.6667E-01,
13:35:00.39315617, 9.3333E-02, 2.3600E+00, 2.6667E-01,
13:35:00.39315622, 8.0000E-02, 2.3733E+00,-1.3333E-01,
13:35:00.39315627, 9.3333E-02, 2.3733E+00, 0.0000E+00,
13:35:00.39315632, 8.0000E-02, 2.3600E+00, 0.0000E+00,
13:35:00.39315637, 9.3333E-02, 2.3733E+00, 1.3333E-01,
13:35:00.39315642, 1.2000E-01, 2.3600E+00, 4.0000E-01,
13:35:00.39315647, 8.0000E-02, 2.3600E+00, 6.6667E-01,
13:35:00.39315652, 1.0667E-01, 2.3600E+00, 6.6667E-01,
13:35:00.39315657, 1.0667E-01, 2.3600E+00, 1.3333E-01,
13:35:00.39315662, 1.2000E-01, 2.3867E+00, 2.6667E-01,
13:35:00.39315667, 9.3333E-02, 2.3867E+00, 1.3333E-01,
13:35:00.39315672, 5.3333E-02, 2.3600E+00, 1.3333E-01,
13:35:00.39315677, 8.0000E-02, 2.3867E+00, 0.0000E+00,
13:35:00.39315682, 1.0667E-01, 2.3867E+00, 0.0000E+00,
13:35:00.39315687, 9.3333E-02, 2.3600E+00, 2.6667E-01,
13:35:00.39315692, 1.2000E-01, 2.3200E+00, 1.3333E-01,
13:35:00.39315697, 1.2000E-01, 2.3467E+00, 4.0000E-01,
13:35:00.39315702, 1.2000E-01, 2.3733E+00, 1.3333E-01,
13:35:00.39315707, 9.3333E-02, 2.3867E+00, 0.0000E+00,
13:35:00.39315712, 6.6667E-02, 2.3867E+00, 1.3333E-01,
13:35:00.39315717, 9.3333E-02, 2.3733E+00, 0.0000E+00,
13:35:00.39315722, 1.0667E-01, 2.3867E+00,-1.3333E-01,
13:35:00.39315727, 8.0000E-02, 2.3867E+00, 1.3333E-01,
13:35:00.39315732, 1.0667E-01, 2.3600E+00, 4.0000E-01,
13:35:00.39315737, 9.3333E-02, 2.3467E+00,-1.3333E-01,
13:35:00.39315742, 9.3333E-02, 2.3867E+00, 1.3333E-01,
13:35:00.39315747, 8.0000E-02, 2.3467E+00, 2.6667E-01,
13:35:00.39315752, 9.3333E-02, 2.3733E+00, 1.3333E-01,
13:35:00.39315757, 9.3333E-02, 2.3467E+00, 4.0000E-01,
13:35:00.39315762, 9.3333E-02, 2.3733E+00, 1.3333E-01,
13:35:00.39315767, 8.0000E-02, 2.3600E+00, 5.3333E-01,
13:35:00.39315772, 8.0000E-02, 2.3733E+00, 0.0000E+00,
13:35:00.39315777, 8.0000E-02, 2.3867E+00, 2.6667E-01,
13:35:00.39315782, 1.0667E-01, 2.4000E+00, 2.6667E-01,
13:35:00.39315787, 1.0667E-01, 2.3600E+00, 4.0000E-01,
13:35:00.39315792, 1.0667E-01, 2.3867E+00, 1.3333E-01,
13:35:00.39315797, 1.3333E-01, 2.3600E+00, 1.3333E-01,
13:35:00.39315802, 1.0667E-01, 2.3467E+00, 2.6667E-01,
13:35:00.39315807, 8.0000E-02, 2.3733E+00, 4.0000E-01,
13:35:00.39315812, 8.0000E-02, 2.3867E+00, 2.6667E-01,
13:35:00.39315817, 1.0667E-01, 2.3867E+00, 4.0000E-01,
13:35:00.39315822, 9.3333E-02, 2.3733E+00, 0.0000E+00,
13:35:00.39315827, 9.3333E-02, 2.3467E+00, 0.0000E+00,
13:35:00.39315832, 1.0667E-01, 2.3467E+00, 2.6667E-01,
13:35:00.39315837, 1.0667E-01, 2.3867E+00, 2.6667E-01,
13:35:00.39315842, 1.3333E-01, 2.3867E+00, 5.3333E-01,
13:35:00.39315847, 8.0000E-02, 2.3600E+00, 1.3333E-01,
13:35:00.39315852, 8.0000E-02, 2.3733E+00, 2.6667E-01,
13:35:00.39315857, 9.3333E-02, 2.3733E+00, 2.6667E-01,
13:35:00.39315862, 8.0000E-02, 2.3867E+00, 1.3333E-01,
13:35:00.39315867, 9.3333E-02, 2.3467E+00, 0.0000E+00,
13:35:00.39315872, 8.0000E-02, 2.3467E+00,-1.3333E-01,
13:35:00.39315877, 8.0000E-02, 2.3600E+00, 2.6667E-01,
13:35:00.39315882, 8.0000E-02, 2.3467E+00, 4.0000E-01,
13:35:00.39315887, 8.0000E-02, 2.3733E+00, 2.6667E-01,
13:35:00.39315892, 8.0000E-02, 2.3733E+00, 2.6667E-01,
13:35:00.39315897, 1.0667E-01, 2.3600E+00, 4.0000E-01,
13:35:00.39315902, 9.3333E-02, 2.3867E+00, 2.6667E-01,
13:35:00.39315907, 9.3333E-02, 2.3467E+00, 4.0000E-01,
13:35:00.39315912, 8.0000E-02, 2.3867E+00, 4.0000E-01,
13:35:00.39315917, 8.0000E-02, 2.3867E+00, 4.0000E-01,
13:35:00.39315922, 8.0000E-02, 2.3867E+00, 2.6667E-01,
13:35:00.39315927, 9.3333E-02, 2.3600E+00, 4.0000E-01,
13:35:00.39315932, 9.3333E-02, 2.3467E+00, 1.3333E-01,
13:35:00.39315937, 1.0667E-01, 2.3867E+00,-1.3333E-01,
13:35:00.39315942, 9.3333E-02, 2.3733E+00, 5.3333E-01,
13:35:00.39315947, 8.0000E-02, 2.3867E+00, 0.0000E+00,
13:35:00.39315952, 1.0667E-01, 2.3600E+00, 4.0000E-01,
13:35:00.39315957, 5.3333E-02, 2.3733E+00, 2.6667E-01,
13:35:00.39315962, 8.0000E-02, 2.3467E+00, 1.3333E-01,
13:35:00.39315967, 8.0000E-02, 2.3733E+00, 2.6667E-01,
13:35:00.39315972, 9.3333E-02, 2.3600E+00, 1.3333E-01,
13:35:00.39315977, 9.3333E-02, 2.3733E+00, 0.0000E+00,
13:35:00.39315982, 1.2000E-01, 2.3600E+00, 4.0000E-01,
13:35:00.39315987, 1.0667E-01, 2.3600E+00, 2.6667E-01,
13:35:00.39315992, 1.0667E-01, 2.3733E+00, 0.0000E+00,
13:35:00.39315997, 1.2000E-01, 2.3467E+00, 5.3333E-01,
13:35:00.39316002, 9.3333E-02, 2.3867E+00, 1.3333E-01,
13:35:00.39316007, 5.3333E-02, 2.3867E+00, 2.6667E-01,
13:35:00.39316012, 8.0000E-02, 2.3867E+00, 4.0000E-01,
13:35:00.39316017, 8.0000E-02, 2.3867E+00,-1.3333E-01,
13:35:00.39316022, 8.0000E-02, 2.3467E+00, 1.3333E-01,
13:35:00.39316027, 8.0000E-02, 2.3733E+00, 1.3333E-01,
13:35:00.39316032, 8.0000E-02, 2.3467E+00, 0.0000E+00,
13:35:00.39316037, 9.3333E-02, 2.3867E+00, 6.6667E-01,
13:35:00.39316042, 8.0000E-02, 2.3600E+00, 6.6667E-01,
13:35:00.39316047, 1.0667E-01, 2.3867E+00, 2.6667E-01,
13:35:00.39316052, 9.3333E-02, 2.3733E+00,-1.3333E-01,
13:35:00.39316057, 9.3333E-02, 2.3867E+00, 1.3333E-01,
13:35:00.39316062, 8.0000E-02, 2.3733E+00, 2.6667E-01,
13:35:00.39316067, 8.0000E-02, 2.4000E+00, 2.6667E-01,
13:35:00.39316072, 8.0000E-02, 2.3733E+00, 1.3333E-01,
13:35:00.39316077, 9.3333E-02, 2.3600E+00, 1.3333E-01,
13:35:00.39316082, 8.0000E-02, 2.3467E+00, 0.0000E+00,
13:35:00.39316087, 6.6667E-02, 2.3867E+00, 5.3333E-01,
13:35:00.39316092, 5.3333E-02, 2.3733E+00, 1.3333E-01,
13:35:00.39316097, 1.0667E-01, 2.3600E+00, 2.6667E-01,
13:35:00.39316102, 8.0000E-02, 2.3867E+00, 0.0000E+00,
13:35:00.39316107, 8.0000E-02, 2.3867E+00,-1.3333E-01,
13:35:00.39316112, 9.3333E-02, 2.3867E+00, 0.0000E+00,
13:35:00.39316117, 8.0000E-02, 2.3733E+00, 0.0000E+00,
13:35:00.39316122, 8.0000E-02, 2.3867E+00, 5.3333E-01,
13:35:00.39316127, 8.0000E-02, 2.3733E+00, 0.0000E+00,
13:35:00.39316132, 9.3333E-02, 2.3733E+00, 2.6667E-01,
13:35:00.39316137, 8.0000E-02, 2.3867E+00,-1.3333E-01,
13:35:00.39316142, 5.3333E-02, 2.3867E+00, 0.0000E+00,
13:35:00.39316147, 8.0000E-02, 2.3867E+00, 1.3333E-01,
13:35:00.39316152, 6.6667E-02, 2.3867E+00, 0.0000E+00,
13:35:00.39316157, 8.0000E-02, 2.3733E+00, 4.0000E-01,
13:35:00.39316162, 9.3333E-02, 2.3867E+00, 5.3333E-01,
13:35:00.39316167, 6.6667E-02, 2.3867E+00, 0.0000E+00,
13:35:00.39316172, 8.0000E-02, 2.3867E+00, 1.3333E-01,
13:35:00.39316177, 6.6667E-02, 2.3733E+00, 1.3333E-01,
13:35:00.39316182, 1.0667E-01, 2.3733E+00, 1.3333E-01,
13:35:00.39316187, 1.0667E-01, 2.3867E+00, 4.0000E-01,
13:35:00.39316192, 5.3333E-02, 2.3600E+00, 6.6667E-01,
13:35:00.39316197, 8.0000E-02, 2.3867E+00, 5.3333E-01,
13:35:00.39316202, 8.0000E-02, 2.3867E+00, 0.0000E+00,
13:35:00.39316207, 6.6667E-02, 2.3600E+00, 1.3333E-01,
13:35:00.39316212, 8.0000E-02, 2.3200E+00, 2.6667E-01,
13:35:00.39316217, 8.0000E-02, 2.4000E+00, 4.0000E-01,
13:35:00.39316222, 8.0000E-02, 2.3600E+00, 1.3333E-01,
13:35:00.39316227, 1.2000E-01, 2.3733E+00, 1.3333E-01,
13:35:00.39316232, 8.0000E-02, 2.3600E+00, 1.3333E-01,
13:35:00.39316237, 8.0000E-02, 2.3600E+00, 5.3333E-01,
13:35:00.39316242, 5.3333E-02, 2.3600E+00, 4.0000E-01,
13:35:00.39316247, 6.6667E-02, 2.3733E+00, 1.3333E-01,
13:35:00.39316252, 8.0000E-02, 2.3733E+00,-1.3333E-01,
13:35:00.39316257, 9.3333E-02, 2.3733E+00, 1.3333E-01,
13:35:00.39316262, 9.3333E-02, 2.3600E+00, 1.3333E-01,
13:35:00.39316267, 9.3333E-02, 2.3733E+00, 0.0000E+00,
13:35:00.39316272, 8.0000E-02, 2.3600E+00, 2.6667E-01,
13:35:00.39316277, 9.3333E-02, 2.3867E+00, 2.6667E-01,
13:35:00.39316282, 8.0000E-02, 2.3600E+00, 0.0000E+00,
13:35:00.39316287, 9.3333E-02, 2.3733E+00, 1.3333E-01,
13:35:00.39316292, 8.0000E-02, 2.3867E+00, 1.3333E-01,
13:35:00.39316297, 8.0000E-02, 2.3867E+00, 1.3333E-01,
13:35:00.39316302, 8.0000E-02, 2.3867E+00, 1.3333E-01,
13:35:00.39316307, 9.3333E-02, 2.3733E+00, 2.6667E-01,
13:35:00.39316312, 8.0000E-02, 2.3867E+00, 2.6667E-01,
13:35:00.39316317, 8.0000E-02, 2.3467E+00, 1.3333E-01,
13:35:00.39316322, 5.3333E-02, 2.3867E+00, 2.6667E-01,
13:35:00.39316327, 9.3333E-02, 2.3600E+00, 0.0000E+00,
13:35:00.39316332, 1.2000E-01, 2.3867E+00, 1.3333E-01,
13:35:00.39316337, 8.0000E-02, 2.3600E+00, 4.0000E-01,
13:35:00.39316342, 9.3333E-02, 2.3600E+00, 4.0000E-01,
13:35:00.39316347, 8.0000E-02, 2.3867E+00, 0.0000E+00,
13:35:00.39316352, 6.6667E-02, 2.3600E+00, 0.0000E+00,
13:35:00.39316357, 8.0000E-02, 2.3867E+00, 0.0000E+00,
13:35:00.39316362, 8.0000E-02, 2.3733E+00, 4.0000E-01,
13:35:00.39316367, 9.3333E-02, 2.3733E+00, 1.3333E-01,
13:35:00.39316372, 9.3333E-02, 2.3867E+00, 2.6667E-01,
13:35:00.39316377, 1.0667E-01, 2.3600E+00, 1.3333E-01,
13:35:00.39316382, 8.0000E-02, 2.3600E+00, 1.3333E-01,
13:35:00.39316387, 8.0000E-02, 2.3867E+00, 1.3333E-01,
13:35:00.39316392, 6.6667E-02, 2.3867E+00, 2.6667E-01,
13:35:00.39316397, 8.0000E-02, 2.4000E+00, 1.3333E-01,
13:35:00.39316402, 6.6667E-02, 2.3600E+00, 0.0000E+00,
13:35:00.39316407, 8.0000E-02, 2.3867E+00, 0.0000E+00,
13:35:00.39316412, 8.0000E-02, 2.3733E+00, 2.6667E-01,
13:35:00.39316417, 9.3333E-02, 2.3600E+00, 0.0000E+00,
13:35:00.39316422, 1.0667E-01, 2.3867E+00, 1.3333E-01,
13:35:00.39316427, 9.3333E-02, 2.3733E+00, 1.3333E-01,
13:35:00.39316432, 8.0000E-02, 2.3600E+00, 0.0000E+00,
13:35:00.39316437, 8.0000E-02, 2.3867E+00, 0.0000E+00,
13:35:00.39316442, 2.6667E-02, 2.3867E+00, 1.3333E-01,
13:35:00.39316447, 6.6667E-02, 2.3600E+00, 1.3333E-01,
13:35:00.39316452, 5.3333E-02, 2.3733E+00, 0.0000E+00,
13:35:00.39316457, 9.3333E-02, 2.3467E+00, 0.0000E+00,
13:35:00.39316462, 8.0000E-02, 2.3600E+00, 1.3333E-01,
13:35:00.39316467, 8.0000E-02, 2.3600E+00, 1.3333E-01,
13:35:00.39316472, 1.0667E-01, 2.3600E+00, 2.6667E-01,
13:35:00.39316477, 1.0667E-01, 2.3867E+00, 2.6667E-01,
13:35:00.39316482, 8.0000E-02, 2.3867E+00, 1.3333E-01,
13:35:00.39316487, 8.0000E-02, 2.3733E+00, 0.0000E+00,
13:35:00.39316492, 5.3333E-02, 2.3733E+00, 1.3333E-01,
13:35:00.39316497, 8.0000E-02, 2.3467E+00, 0.0000E+00,
13:35:00.39316502, 9.3333E-02, 2.3600E+00, 0.0000E+00,
13:35:00.39316507, 9.3333E-02, 2.3467E+00, 4.0000E-01,
13:35:00.39316512, 9.3333E-02, 2.3600E+00, 1.3333E-01,
13:35:00.39316517, 8.0000E-02, 2.3467E+00, 2.6667E-01,
13:35:00.39316522, 9.3333E-02, 2.3867E+00, 2.6667E-01,
13:35:00.39316527, 9.3333E-02, 2.3733E+00,-1.3333E-01,
13:35:00.39316532, 8.0000E-02, 2.3733E+00, 4.0000E-01,
13:35:00.39316537, 8.0000E-02, 2.3600E+00, 0.0000E+00,
13:35:00.39316542, 1.0667E-01, 2.3867E+00, 0.0000E+00,
13:35:00.39316547, 8.0000E-02, 2.3733E+00, 1.3333E-01,
13:35:00.39316552, 8.0000E-02, 2.3867E+00,-2.6667E-01,
13:35:00.39316557, 8.0000E-02, 2.3867E+00,-2.6667E-01,
13:35:00.39316562, 8.0000E-02, 2.3867E+00, 2.6667E-01,
13:35:00.39316567, 6.6667E-02, 2.3867E+00, 2.6667E-01,
13:35:00.39316572, 6.6667E-02, 2.3867E+00, 1.3333E-01,
13:35:00.39316577, 9.3333E-02, 2.3600E+00, 2.6667E-01,
13:35:00.39316582, 6.6667E-02, 2.3733E+00, 0.0000E+00,
13:35:00.39316587, 6.6667E-02, 2.3733E+00, 1.3333E-01,
13:35:00.39316592, 8.0000E-02, 2.3600E+00, 1.3333E-01,
13:35:00.39316597, 6.6667E-02, 2.3733E+00, 2.6667E-01,
13:35:00.39316602, 8.0000E-02, 2.3733E+00,-2.6667E-01,
13:35:00.39316607, 8.0000E-02, 2.3867E+00, 0.0000E+00,
13:35:00.39316612, 1.2000E-01, 2.3867E+00, 2.6667E-01,
13:35:00.39316617, 1.2000E-01, 2.3733E+00, 1.3333E-01,
13:35:00.39316622, 8.0000E-02, 2.3867E+00, 0.0000E+00,
13:35:00.39316627, 4.0000E-02, 2.3733E+00, 0.0000E+00,
13:35:00.39316632, 6.6667E-02, 2.3867E+00, 2.6667E-01,
13:35:00.39316637, 6.6667E-02, 2.3867E+00, 1.3333E-01,
13:35:00.39316642, 6.6667E-02, 2.4000E+00, 1.3333E-01,
13:35:00.39316647, 8.0000E-02, 2.3600E+00, 1.3333E-01,
13:35:00.39316652, 1.2000E-01, 2.3733E+00, 0.0000E+00,
13:35:00.39316657, 8.0000E-02, 2.3867E+00, 2.6667E-01,
13:35:00.39316662, 8.0000E-02, 2.3733E+00, 1.3333E-01,
13:35:00.39316667, 8.0000E-02, 2.3867E+00, 1.3333E-01,
13:35:00.39316672, 8.0000E-02, 2.3733E+00, 1.3333E-01,
13:35:00.39316677, 8.0000E-02, 2.3867E+00, 6.6667E-01,
13:35:00.39316682, 8.0000E-02, 2.3733E+00, 1.3333E-01,
13:35:00.39316687, 5.3333E-02, 2.3733E+00, 1.3333E-01,
13:35:00.39316692, 6.6667E-02, 2.3733E+00, 0.0000E+00,
13:35:00.39316697, 6.6667E-02, 2.3867E+00,-5.3333E-01,
13:35:00.39316702, 9.3333E-02, 2.3733E+00, 0.0000E+00,
13:35:00.39316707, 1.2000E-01, 2.3733E+00, 0.0000E+00,
13:35:00.39316712, 9.3333E-02, 2.3733E+00, 1.3333E-01,
13:35:00.39316717, 8.0000E-02, 2.3600E+00, 5.3333E-01,
13:35:00.39316722, 6.6667E-02, 2.3733E+00, 0.0000E+00,
13:35:00.39316727, 5.3333E-02, 2.3867E+00, 0.0000E+00,
13:35:00.39316732, 5.3333E-02, 2.3733E+00, 0.0000E+00,
13:35:00.39316737, 8.0000E-02, 2.3600E+00,-1.3333E-01,
13:35:00.39316742, 6.6667E-02, 2.3867E+00, 1.3333E-01,
13:35:00.39316747, 8.0000E-02, 2.3733E+00, 2.6667E-01,
13:35:00.39316752, 8.0000E-02, 2.3467E+00, 1.3333E-01,
13:35:00.39316757, 8.0000E-02, 2.3733E+00,-1.3333E-01,
13:35:00.39316762, 8.0000E-02, 2.3867E+00, 2.6667E-01,
13:35:00.39316767, 8.0000E-02, 2.3867E+00, 5.3333E-01,
13:35:00.39316772, 5.3333E-02, 2.3867E+00, 4.0000E-01,
13:35:00.39316777, 5.3333E-02, 2.3600E+00, 4.0000E-01,
13:35:00.39316782, 8.0000E-02, 2.3867E+00,-1.3333E-01,
13:35:00.39316787, 8.0000E-02, 2.3733E+00, 2.6667E-01,
13:35:00.39316792, 8.0000E-02, 2.3733E+00, 2.6667E-01,
13:35:00.39316797, 8.0000E-02, 2.3867E+00, 1.3333E-01,
13:35:00.39316802, 5.3333E-02, 2.3867E+00, 0.0000E+00,
13:35:00.39316807, 8.0000E-02, 2.3867E+00, 1.3333E-01,
13:35:00.39316812, 6.6667E-02, 2.3867E+00, 0.0000E+00,
13:35:00.39316817, 5.3333E-02, 2.3867E+00, 0.0000E+00,
13:35:00.39316822, 6.6667E-02, 2.3600E+00, 4.0000E-01,
13:35:00.39316827, 8.0000E-02, 2.3867E+00, 2.6667E-01,
13:35:00.39316832, 5.3333E-02, 2.3867E+00, 1.3333E-01,
13:35:00.39316837, 8.0000E-02, 2.3600E+00,-2.6667E-01,
13:35:00.39316842, 8.0000E-02, 2.3733E+00, 2.6667E-01,
13:35:00.39316847, 8.0000E-02, 2.3467E+00, 0.0000E+00,
13:35:00.39316852, 8.0000E-02, 2.3867E+00, 1.3333E-01,
13:35:00.39316857, 8.0000E-02, 2.3600E+00,-2.6667E-01,
13:35:00.39316862, 1.0667E-01, 2.3733E+00, 1.3333E-01,
13:35:00.39316867, 6.6667E-02, 2.3733E+00,-1.3333E-01,
13:35:00.39316872, 8.0000E-02, 2.3600E+00, 1.3333E-01,
13:35:00.39316877, 6.6667E-02, 2.3600E+00, 4.0000E-01,
13:35:00.39316882, 8.0000E-02, 2.3600E+00, 1.3333E-01,
13:35:00.39316887, 8.0000E-02, 2.3733E+00, 1.3333E-01,
13:35:00.39316892, 9.3333E-02, 2.3733E+00, 0.0000E+00,
13:35:00.39316897, 5.3333E-02, 2.3867E+00, 1.3333E-01,
13:35:00.39316902, 8.0000E-02, 2.3867E+00, 4.0000E-01,
13:35:00.39316907, 8.0000E-02, 2.3867E+00, 1.3333E-01,
13:35:00.39316912, 6.6667E-02, 2.4000E+00, 4.0000E-01,
13:35:00.39316917, 5.3333E-02, 2.3733E+00, 1.3333E-01,
13:35:00.39316922, 8.0000E-02, 2.3600E+00, 2.6667E-01,
13:35:00.39316927, 9.3333E-02, 2.3467E+00,-1.3333E-01,
13:35:00.39316932, 6.6667E-02, 2.3467E+00, 0.0000E+00,
13:35:00.39316937, 9.3333E-02, 2.3733E+00,-1.3333E-01,
13:35:00.39316942, 6.6667E-02, 2.3733E+00, 4.0000E-01,
13:35:00.39316947, 9.3333E-02, 2.3867E+00, 0.0000E+00,
13:35:00.39316952, 8.0000E-02, 2.3467E+00, 1.3333E-01,
13:35:00.39316957, 8.0000E-02, 2.3600E+00, 1.3333E-01,
13:35:00.39316962, 6.6667E-02, 2.3467E+00, 1.3333E-01,
13:35:00.39316967, 4.0000E-02, 2.3867E+00, 0.0000E+00,
13:35:00.39316972, 8.0000E-02, 2.4000E+00, 2.6667E-01,
13:35:00.39316977, 6.6667E-02, 2.3867E+00,-1.3333E-01,
13:35:00.39316982, 6.6667E-02, 2.3867E+00, 1.3333E-01,
13:35:00.39316987, 6.6667E-02, 2.3867E+00, 0.0000E+00,
13:35:00.39316992, 8.0000E-02, 2.3867E+00, 1.3333E-01,
13:35:00.39316997, 9.3333E-02, 2.3733E+00,-2.6667E-01,
13:35:00.39317002, 6.6667E-02, 2.3867E+00,-1.3333E-01,
13:35:00.39317007, 8.0000E-02, 2.3600E+00, 0.0000E+00,
13:35:00.39317012, 8.0000E-02, 2.3600E+00, 0.0000E+00,
13:35:00.39317017, 4.0000E-02, 2.3733E+00, 4.0000E-01,
13:35:00.39317022, 6.6667E-02, 2.3733E+00, 2.6667E-01,
13:35:00.39317027, 8.0000E-02, 2.3867E+00, 4.0000E-01,
13:35:00.39317032, 6.6667E-02, 2.3600E+00, 1.3333E-01,
13:35:00.39317037, 8.0000E-02, 2.4000E+00, 0.0000E+00,
13:35:00.39317042, 6.6667E-02, 2.3867E+00, 0.0000E+00,
13:35:00.39317047, 6.6667E-02, 2.3733E+00, 4.0000E-01,
13:35:00.39317052, 8.0000E-02, 2.3867E+00, 1.3333E-01,
13:35:00.39317057, 6.6667E-02, 2.3867E+00, 2.6667E-01,
13:35:00.39317062, 4.0000E-02, 2.3867E+00, 1.3333E-01,
13:35:00.39317067, 6.6667E-02, 2.3733E+00, 2.6667E-01,
13:35:00.39317072, 8.0000E-02, 2.3467E+00, 5.3333E-01,
13:35:00.39317077, 6.6667E-02, 2.3733E+00, 1.3333E-01,
13:35:00.39317082, 6.6667E-02, 2.3733E+00, 2.6667E-01,
13:35:00.39317087, 6.6667E-02, 2.3467E+00, 1.3333E-01,
13:35:00.39317092, 8.0000E-02, 2.3867E+00,-2.6667E-01,
13:35:00.39317097, 8.0000E-02, 2.3733E+00,-1.3333E-01,
13:35:00.39317102, 2.6667E-02, 2.3867E+00, 1.3333E-01,
13:35:00.39317107, 4.0000E-02, 2.3733E+00,-1.3333E-01,
13:35:00.39317112, 5.3333E-02, 2.3867E+00, 1.3333E-01,
13:35:00.39317117, 5.3333E-02, 2.3600E+00, 1.3333E-01,
13:35:00.39317122, 8.0000E-02, 2.3600E+00, 0.0000E+00,
13:35:00.39317127, 8.0000E-02, 2.3600E+00, 1.3333E-01,
13:35:00.39317132, 8.0000E-02, 2.3733E+00,-4.0000E-01,
13:35:00.39317137, 8.0000E-02, 2.3733E+00,-1.3333E-01,
13:35:00.39317142, 8.0000E-02, 2.3867E+00,-2.6667E-01,
13:35:00.39317147, 8.0000E-02, 2.3733E+00, 0.0000E+00,
13:35:00.39317152, 8.0000E-02, 2.3600E+00, 1.3333E-01,
13:35:00.39317157, 8.0000E-02, 2.3733E+00, 2.6667E-01,
13:35:00.39317162, 5.3333E-02, 2.3733E+00, 2.6667E-01,
13:35:00.39317167, 6.6667E-02, 2.3467E+00, 0.0000E+00,
13:35:00.39317172, 8.0000E-02, 2.3733E+00, 2.6667E-01,
13:35:00.39317177, 8.0000E-02, 2.3867E+00, 2.6667E-01,
13:35:00.39317182, 8.0000E-02, 2.3600E+00, 1.3333E-01,
13:35:00.39317187, 9.3333E-02, 2.3733E+00,-2.6667E-01,
13:35:00.39317192, 9.3333E-02, 2.3867E+00, 0.0000E+00,
13:35:00.39317197, 5.3333E-02, 2.3733E+00, 2.6667E-01,
13:35:00.39317202, 8.0000E-02, 2.4000E+00, 1.3333E-01,
13:35:00.39317207, 4.0000E-02, 2.3467E+00, 0.0000E+00,
13:35:00.39317212, 6.6667E-02, 2.3733E+00, 0.0000E+00,
13:35:00.39317217, 8.0000E-02, 2.3733E+00, 0.0000E+00,
13:35:00.39317222, 8.0000E-02, 2.3733E+00, 1.3333E-01,
13:35:00.39317227, 6.6667E-02, 2.3867E+00,-1.3333E-01,
13:35:00.39317232, 8.0000E-02, 2.3467E+00,-4.0000E-01,
13:35:00.39317237, 6.6667E-02, 2.3867E+00,-2.6667E-01,
13:35:00.39317242, 8.0000E-02, 2.3600E+00,-2.6667E-01,
13:35:00.39317247, 8.0000E-02, 2.3733E+00, 0.0000E+00,
13:35:00.39317252, 8.0000E-02, 2.3867E+00, 0.0000E+00,
13:35:00.39317257, 4.0000E-02, 2.4000E+00, 1.3333E-01,
13:35:00.39317262, 6.6667E-02, 2.3467E+00,-2.6667E-01,
13:35:00.39317267, 6.6667E-02, 2.3600E+00, 0.0000E+00,
13:35:00.39317272, 8.0000E-02, 2.3733E+00, 0.0000E+00,
13:35:00.39317277, 8.0000E-02, 2.3867E+00, 2.6667E-01,
13:35:00.39317282, 8.0000E-02, 2.3600E+00, 1.3333E-01,
13:35:00.39317287, 4.0000E-02, 2.3467E+00, 0.0000E+00,
13:35:00.39317292, 8.0000E-02, 2.3733E+00, 1.3333E-01,
13:35:00.39317297, 8.0000E-02, 2.3600E+00, 0.0000E+00,
13:35:00.39317302, 5.3333E-02, 2.3867E+00,-1.3333E-01,
13:35:00.39317307, 5.3333E-02, 2.3733E+00,-1.3333E-01,
13:35:00.39317312, 8.0000E-02, 2.3867E+00,-1.3333E-01,
13:35:00.39317317, 8.0000E-02, 2.3867E+00, 0.0000E+00,
13:35:00.39317322, 6.6667E-02, 2.3867E+00, 4.0000E-01,
13:35:00.39317327, 8.0000E-02, 2.3600E+00, 0.0000E+00,
13:35:00.39317332, 8.0000E-02, 2.3867E+00,-1.3333E-01,
13:35:00.39317337, 4.0000E-02, 2.3467E+00, 0.0000E+00,
13:35:00.39317342, 4.0000E-02, 2.3600E+00, 0.0000E+00,
13:35:00.39317347, 9.3333E-02, 2.3600E+00, 1.3333E-01,
13:35:00.39317352, 4.0000E-02, 2.3867E+00, 2.6667E-01,
13:35:00.39317357, 6.6667E-02, 2.3600E+00, 2.6667E-01,
13:35:00.39317362, 5.3333E-02, 2.3733E+00, 5.3333E-01,
13:35:00.39317367, 8.0000E-02, 2.3867E+00,-1.3333E-01,
13:35:00.39317372, 8.0000E-02, 2.3733E+00, 2.6667E-01,
13:35:00.39317377, 5.3333E-02, 2.3733E+00, 1.3333E-01,
13:35:00.39317382, 5.3333E-02, 2.3600E+00,-1.3333E-01,
13:35:00.39317387, 5.3333E-02, 2.3867E+00,-1.3333E-01,
13:35:00.39317392, 9.3333E-02, 2.3600E+00, 1.3333E-01,
13:35:00.39317397, 5.3333E-02, 2.3733E+00, 0.0000E+00,
13:35:00.39317402, 4.0000E-02, 2.3600E+00, 5.3333E-01,
13:35:00.39317407, 5.3333E-02, 2.3733E+00, 1.3333E-01,
13:35:00.39317412, 6.6667E-02, 2.4000E+00, 2.6667E-01,
13:35:00.39317417, 8.0000E-02, 2.3867E+00, 4.0000E-01,
13:35:00.39317422, 8.0000E-02, 2.3867E+00,-1.3333E-01,
13:35:00.39317427, 8.0000E-02, 2.3867E+00, 2.6667E-01,
13:35:00.39317432, 8.0000E-02, 2.3867E+00,-1.3333E-01,
13:35:00.39317437, 8.0000E-02, 2.3733E+00, 1.3333E-01,
13:35:00.39317442, 8.0000E-02, 2.3733E+00, 1.3333E-01,
13:35:00.39317447, 2.6667E-02, 2.3867E+00, 0.0000E+00,
13:35:00.39317452, 5.3333E-02, 2.3733E+00, 1.3333E-01,
13:35:00.39317457, 8.0000E-02, 2.3733E+00, 0.0000E+00,
13:35:00.39317462, 8.0000E-02, 2.3867E+00, 0.0000E+00,
13:35:00.39317467, 8.0000E-02, 2.3733E+00,-1.3333E-01,
13:35:00.39317472, 8.0000E-02, 2.3867E+00, 0.0000E+00,
13:35:00.39317477, 6.6667E-02, 2.3733E+00,-1.3333E-01,
13:35:00.39317482, 6.6667E-02, 2.3467E+00, 0.0000E+00,
13:35:00.39317487, 5.3333E-02, 2.3733E+00,-1.3333E-01,
13:35:00.39317492, 6.6667E-02, 2.3733E+00, 0.0000E+00,
13:35:00.39317497, 8.0000E-02, 2.3600E+00, 2.6667E-01,
13:35:00.39317502, 5.3333E-02, 2.3733E+00, 2.6667E-01,
13:35:00.39317507, 8.0000E-02, 2.3600E+00, 1.3333E-01,
13:35:00.39317512, 8.0000E-02, 2.3600E+00, 0.0000E+00,
13:35:00.39317517, 8.0000E-02, 2.3600E+00, 2.6667E-01,
13:35:00.39317522, 8.0000E-02, 2.3600E+00,-2.6667E-01,
13:35:00.39317527, 6.6667E-02, 2.3733E+00, 0.0000E+00,
13:35:00.39317532, 5.3333E-02, 2.3733E+00, 5.3333E-01,
13:35:00.39317537, 4.0000E-02, 2.3467E+00, 0.0000E+00,
13:35:00.39317542, 4.0000E-02, 2.3733E+00, 2.6667E-01,
13:35:00.39317547, 4.0000E-02, 2.3733E+00, 2.6667E-01,
13:35:00.39317552, 5.3333E-02, 2.3600E+00, 2.6667E-01,
13:35:00.39317557, 6.6667E-02, 2.3467E+00, 1.3333E-01,
13:35:00.39317562, 6.6667E-02, 2.3733E+00, 4.0000E-01,
13:35:00.39317567, 6.6667E-02, 2.3600E+00, 2.6667E-01,
13:35:00.39317572, 8.0000E-02, 2.3733E+00, 0.0000E+00,
13:35:00.39317577, 6.6667E-02, 2.3733E+00,-1.3333E-01,
13:35:00.39317582, 5.3333E-02, 2.3600E+00, 2.6667E-01,
13:35:00.39317587, 8.0000E-02, 2.3600E+00,-4.0000E-01,
13:35:00.39317592, 5.3333E-02, 2.3867E+00, 1.3333E-01,
13:35:00.39317597, 5.3333E-02, 2.3733E+00, 0.0000E+00,
13:35:00.39317602, 6.6667E-02, 2.3467E+00, 1.3333E-01,
13:35:00.39317607, 4.0000E-02, 2.3867E+00, 4.0000E-01,
13:35:00.39317612, 6.6667E-02, 2.3733E+00, 0.0000E+00,
13:35:00.39317617, 8.0000E-02, 2.3867E+00, 2.6667E-01,
13:35:00.39317622, 6.6667E-02, 2.3733E+00,-1.3333E-01,
13:35:00.39317627, 5.3333E-02, 2.3467E+00, 0.0000E+00,
13:35:00.39317632, 8.0000E-02, 2.3867E+00, 1.3333E-01,
13:35:00.39317637, 8.0000E-02, 2.3733E+00, 0.0000E+00,
13:35:00.39317642, 5.3333E-02, 2.3733E+00,-1.3333E-01,
13:35:00.39317647, 5.3333E-02, 2.3867E+00, 4.0000E-01,
13:35:00.39317652, 5.3333E-02, 2.3467E+00, 2.6667E-01,
13:35:00.39317657, 6.6667E-02, 2.3867E+00, 0.0000E+00,
13:35:00.39317662, 4.0000E-02, 2.3867E+00, 1.3333E-01,
13:35:00.39317667, 5.3333E-02, 2.3600E+00, 2.6667E-01,
13:35:00.39317672, 8.0000E-02, 2.3733E+00, 0.0000E+00,
13:35:00.39317677, 2.6667E-02, 2.3600E+00,-2.6667E-01,
13:35:00.39317682, 8.0000E-02, 2.3733E+00,-1.3333E-01,
13:35:00.39317687, 6.6667E-02, 2.3467E+00, 0.0000E+00,
13:35:00.39317692, 4.0000E-02, 2.3733E+00, 2.6667E-01,
13:35:00.39317697, 4.0000E-02, 2.3867E+00, 1.3333E-01,
13:35:00.39317702, 6.6667E-02, 2.3867E+00, 0.0000E+00,
13:35:00.39317707, 8.0000E-02, 2.3867E+00, 0.0000E+00,
13:35:00.39317712, 6.6667E-02, 2.3867E+00, 1.3333E-01,
13:35:00.39317717, 5.3333E-02, 2.3733E+00, 0.0000E+00,
13:35:00.39317722, 4.0000E-02, 2.3600E+00, 1.3333E-01,
13:35:00.39317727, 6.6667E-02, 2.3333E+00, 2.6667E-01,
13:35:00.39317732, 5.3333E-02, 2.3733E+00, 1.3333E-01,
13:35:00.39317737, 4.0000E-02, 2.3867E+00, 1.3333E-01,
13:35:00.39317742, 5.3333E-02, 2.3733E+00, 2.6667E-01,
13:35:00.39317747, 6.6667E-02, 2.3733E+00, 2.6667E-01,
13:35:00.39317752, 5.3333E-02, 2.3867E+00,-2.6667E-01,
13:35:00.39317757, 8.0000E-02, 2.3600E+00, 1.3333E-01,
13:35:00.39317762, 8.0000E-02, 2.3333E+00, 0.0000E+00,
13:35:00.39317767, 6.6667E-02, 2.3733E+00,-1.3333E-01,
13:35:00.39317772, 8.0000E-02, 2.3733E+00,-1.3333E-01,
13:35:00.39317777, 5.3333E-02, 2.3867E+00, 0.0000E+00,
13:35:00.39317782, 5.3333E-02, 2.3467E+00,-1.3333E-01,
13:35:00.39317787, 4.0000E-02, 2.3867E+00, 1.3333E-01,
13:35:00.39317792, 4.0000E-02, 2.3600E+00, 0.0000E+00,
13:35:00.39317797, 5.3333E-02, 2.3733E+00, 1.3333E-01,
13:35:00.39317802, 6.6667E-02, 2.3467E+00, 1.3333E-01,
13:35:00.39317807, 5.3333E-02, 2.3733E+00, 0.0000E+00,
13:35:00.39317812, 8.0000E-02, 2.3867E+00, 0.0000E+00,
13:35:00.39317817, 9.3333E-02, 2.3733E+00, 0.0000E+00,
13:35:00.39317822, 5.3333E-02, 2.3600E+00, 1.3333E-01,
13:35:00.39317827, 8.0000E-02, 2.3733E+00,-1.3333E-01,
13:35:00.39317832, 5.3333E-02, 2.3733E+00,-1.3333E-01,
13:35:00.39317837, 2.6667E-02, 2.3733E+00, 1.3333E-01,
13:35:00.39317842, 6.6667E-02, 2.3733E+00, 0.0000E+00,
13:35:00.39317847, 5.3333E-02, 2.3733E+00, 2.6667E-01,
13:35:00.39317852, 2.6667E-02, 2.3733E+00, 2.6667E-01,
13:35:00.39317857, 5.3333E-02, 2.3733E+00, 2.6667E-01,
13:35:00.39317862, 6.6667E-02, 2.3733E+00,-4.0000E-01,
13:35:00.39317867, 6.6667E-02, 2.3733E+00,-1.3333E-01,
13:35:00.39317872, 5.3333E-02, 2.3467E+00,-4.0000E-01,
13:35:00.39317877, 1.3333E-02, 2.3600E+00,-1.3333E-01,
13:35:00.39317882, 5.3333E-02, 2.3733E+00, 1.3333E-01,
13:35:00.39317887, 6.6667E-02, 2.3333E+00, 0.0000E+00,
13:35:00.39317892, 6.6667E-02, 2.3867E+00, 4.0000E-01,
13:35:00.39317897, 5.3333E-02, 2.3733E+00, 2.6667E-01,
13:35:00.39317902, 5.3333E-02, 2.3867E+00, 2.6667E-01,
13:35:00.39317907, 5.3333E-02, 2.3467E+00, 0.0000E+00,
13:35:00.39317912, 8.0000E-02, 2.3600E+00,-1.3333E-01,
13:35:00.39317917, 6.6667E-02, 2.3200E+00,-2.6667E-01,
13:35:00.39317922, 4.0000E-02, 2.3333E+00, 0.0000E+00,
13:35:00.39317927, 5.3333E-02, 2.3600E+00, 2.6667E-01,
13:35:00.39317932, 4.0000E-02, 2.3867E+00, 1.3333E-01,
13:35:00.39317937, 6.6667E-02, 2.3867E+00, 1.3333E-01,
13:35:00.39317942, 6.6667E-02, 2.3867E+00,-1.3333E-01,
13:35:00.39317947, 6.6667E-02, 2.3733E+00, 4.0000E-01,
13:35:00.39317952, 8.0000E-02, 2.3467E+00, 1.3333E-01,
13:35:00.39317957, 5.3333E-02, 2.3467E+00, 2.6667E-01,
13:35:00.39317962, 5.3333E-02, 2.3733E+00, 1.3333E-01,
13:35:00.39317967, 6.6667E-02, 2.3733E+00, 0.0000E+00,
13:35:00.39317972, 4.0000E-02, 2.3867E+00, 1.3333E-01,
13:35:00.39317977, 6.6667E-02, 2.3867E+00, 0.0000E+00,
13:35:00.39317982, 4.0000E-02, 2.3733E+00, 6.6667E-01,
13:35:00.39317987, 6.6667E-02, 2.3600E+00, 1.3333E-01,
13:35:00.39317992, 5.3333E-02, 2.3733E+00,-1.3333E-01,
13:35:00.39317997, 5.3333E-02, 2.3733E+00, 2.6667E-01,
13:35:00.39318002, 6.6667E-02, 2.3467E+00, 4.0000E-01,
13:35:00.39318007, 8.0000E-02, 2.3867E+00, 1.3333E-01,
13:35:00.39318012, 2.6667E-02, 2.3467E+00, 2.6667E-01,
13:35:00.39318017, 6.6667E-02, 2.3867E+00, 0.0000E+00,
13:35:00.39318022, 6.6667E-02, 2.3733E+00, 1.3333E-01,
13:35:00.39318027, 5.3333E-02, 2.3600E+00, 1.3333E-01,
13:35:00.39318032, 4.0000E-02, 2.3600E+00, 2.6667E-01,
13:35:00.39318037, 4.0000E-02, 2.3733E+00,-1.3333E-01,
13:35:00.39318042, 4.0000E-02, 2.3867E+00, 0.0000E+00,
13:35:00.39318047, 5.3333E-02, 2.3733E+00, 1.3333E-01,
13:35:00.39318052, 6.6667E-02, 2.3867E+00, 0.0000E+00,
13:35:00.39318057, 5.3333E-02, 2.3867E+00, 0.0000E+00,
13:35:00.39318062, 5.3333E-02, 2.3467E+00,-1.3333E-01,
13:35:00.39318067, 0.0000E+00, 2.3733E+00, 5.3333E-01,
13:35:00.39318072, 4.0000E-02, 2.3733E+00,-1.3333E-01,
13:35:00.39318077, 2.6667E-02, 2.3467E+00, 1.3333E-01,
13:35:00.39318082, 8.0000E-02, 2.3867E+00, 5.3333E-01,
13:35:00.39318087, 8.0000E-02, 2.3867E+00, 1.3333E-01,
13:35:00.39318092, 4.0000E-02, 2.3600E+00, 4.0000E-01,
13:35:00.39318097, 5.3333E-02, 2.3600E+00, 0.0000E+00,
13:35:00.39318102, 5.3333E-02, 2.3333E+00, 2.6667E-01,
13:35:00.39318107, 6.6667E-02, 2.3733E+00,-1.3333E-01,
13:35:00.39318112, 5.3333E-02, 2.3467E+00, 1.3333E-01,
13:35:00.39318117, 4.0000E-02, 2.3600E+00, 0.0000E+00,
13:35:00.39318122, 1.3333E-02, 2.3600E+00,-1.3333E-01,
13:35:00.39318127, 1.3333E-02, 2.3867E+00, 2.6667E-01,
13:35:00.39318132, 1.3333E-02, 2.3867E+00,-2.6667E-01,
13:35:00.39318137, 5.3333E-02, 2.3600E+00, 1.3333E-01,
13:35:00.39318142, 2.6667E-02, 2.3600E+00, 1.3333E-01,
13:35:00.39318147, 5.3333E-02, 2.3467E+00, 1.3333E-01,
13:35:00.39318152, 8.0000E-02, 2.3733E+00, 1.3333E-01,
13:35:00.39318157, 5.3333E-02, 2.3867E+00,-2.6667E-01,
13:35:00.39318162, 2.6667E-02, 2.3467E+00, 2.6667E-01,
13:35:00.39318167, 4.0000E-02, 2.3600E+00,-4.0000E-01,
13:35:00.39318172, 5.3333E-02, 2.3467E+00,-1.3333E-01,
13:35:00.39318177, 8.0000E-02, 2.3867E+00,-1.3333E-01,
13:35:00.39318182, 6.6667E-02, 2.3733E+00, 4.0000E-01,
13:35:00.39318187, 4.0000E-02, 2.3733E+00, 0.0000E+00,
13:35:00.39318192, 6.6667E-02, 2.3867E+00, 0.0000E+00,
13:35:00.39318197, 2.6667E-02, 2.3600E+00, 1.3333E-01,
13:35:00.39318202, 8.0000E-02, 2.3600E+00, 2.6667E-01,
13:35:00.39318207, 8.0000E-02, 2.3600E+00, 2.6667E-01,
13:35:00.39318212, 1.3333E-02, 2.3467E+00, 5.3333E-01,
13:35:00.39318217, 4.0000E-02, 2.3600E+00,-1.3333E-01,
13:35:00.39318222, 4.0000E-02, 2.3733E+00, 1.3333E-01,
13:35:00.39318227, 8.0000E-02, 2.3733E+00, 4.0000E-01,
13:35:00.39318232, 4.0000E-02, 2.3733E+00, 1.3333E-01,
13:35:00.39318237, 5.3333E-02, 2.3867E+00, 5.3333E-01,
13:35:00.39318242, 6.6667E-02, 2.3867E+00, 0.0000E+00,
13:35:00.39318247, 5.3333E-02, 2.3867E+00, 4.0000E-01,
13:35:00.39318252, 6.6667E-02, 2.3733E+00,-1.3333E-01,
13:35:00.39318257, 4.0000E-02, 2.3867E+00, 0.0000E+00,
13:35:00.39318262, 5.3333E-02, 2.3600E+00, 2.6667E-01,
13:35:00.39318267, 4.0000E-02, 2.3467E+00, 2.6667E-01,
13:35:00.39318272, 4.0000E-02, 2.3733E+00,-2.6667E-01,
13:35:00.39318277, 6.6667E-02, 2.3733E+00, 1.3333E-01,
13:35:00.39318282, 6.6667E-02, 2.3467E+00,-2.6667E-01,
13:35:00.39318287, 6.6667E-02, 2.3600E+00, 2.6667E-01,
13:35:00.39318292, 6.6667E-02, 2.3600E+00, 1.3333E-01,
13:35:00.39318297, 4.0000E-02, 2.3867E+00, 2.6667E-01,
13:35:00.39318302, 4.0000E-02, 2.3600E+00,-1.3333E-01,
13:35:00.39318307, 5.3333E-02, 2.3867E+00,-1.3333E-01,
13:35:00.39318312, 2.6667E-02, 2.3867E+00, 1.3333E-01,
13:35:00.39318317, 4.0000E-02, 2.4133E+00, 0.0000E+00,
13:35:00.39318322, 4.0000E-02, 2.3867E+00, 4.0000E-01,
13:35:00.39318327, 6.6667E-02, 2.3733E+00, 5.3333E-01,
13:35:00.39318332, 4.0000E-02, 2.4133E+00,-1.3333E-01,
13:35:00.39318337, 5.3333E-02, 2.3867E+00, 1.3333E-01,
13:35:00.39318342, 8.0000E-02, 2.3733E+00, 2.6667E-01,
13:35:00.39318347, 4.0000E-02, 2.3333E+00, 1.3333E-01,
13:35:00.39318352, 5.3333E-02, 2.3867E+00, 1.3333E-01,
13:35:00.39318357, 2.6667E-02, 2.3600E+00, 1.3333E-01,
13:35:00.39318362, 5.3333E-02, 2.3733E+00, 1.3333E-01,
13:35:00.39318367, 8.0000E-02, 2.3733E+00, 1.3333E-01,
13:35:00.39318372, 5.3333E-02, 2.3733E+00, 4.0000E-01,
13:35:00.39318377, 5.3333E-02, 2.3733E+00, 2.6667E-01,
13:35:00.39318382, 5.3333E-02, 2.3600E+00, 0.0000E+00,
13:35:00.39318387, 2.6667E-02, 2.3600E+00, 0.0000E+00,
13:35:00.39318392, 5.3333E-02, 2.3867E+00, 0.0000E+00,
13:35:00.39318397, 8.0000E-02, 2.3467E+00, 4.0000E-01,
13:35:00.39318402, 6.6667E-02, 2.3600E+00, 2.6667E-01,
13:35:00.39318407, 4.0000E-02, 2.3867E+00, 1.3333E-01,
13:35:00.39318412, 1.3333E-02, 2.3867E+00, 1.3333E-01,
13:35:00.39318417, 4.0000E-02, 2.3733E+00, 0.0000E+00,
13:35:00.39318422, 5.3333E-02, 2.3733E+00, 1.3333E-01,
13:35:00.39318427, 5.3333E-02, 2.3600E+00, 2.6667E-01,
13:35:00.39318432, 5.3333E-02, 2.3600E+00, 2.6667E-01,
13:35:00.39318437, 6.6667E-02, 2.3867E+00, 2.6667E-01,
13:35:00.39318442, 5.3333E-02, 2.3600E+00, 2.6667E-01,
13:35:00.39318447, 8.0000E-02, 2.3867E+00, 0.0000E+00,
13:35:00.39318452, 5.3333E-02, 2.3467E+00, 1.3333E-01,
13:35:00.39318457, 2.6667E-02, 2.3867E+00, 2.6667E-01,
13:35:00.39318462, 5.3333E-02, 2.3600E+00, 1.3333E-01,
13:35:00.39318467, 4.0000E-02, 2.3600E+00, 0.0000E+00,
13:35:00.39318472, 6.6667E-02, 2.3600E+00, 2.6667E-01,
13:35:00.39318477, 4.0000E-02, 2.3467E+00, 2.6667E-01,
13:35:00.39318482, 1.3333E-02, 2.3867E+00, 4.0000E-01,
13:35:00.39318487, 6.6667E-02, 2.3867E+00, 4.0000E-01,
13:35:00.39318492, 5.3333E-02, 2.3600E+00, 2.6667E-01,
13:35:00.39318497, 5.3333E-02, 2.3733E+00, 0.0000E+00,
13:35:00.39318502, 2.6667E-02, 2.3600E+00,-4.0000E-01,
13:35:00.39318507, 1.3333E-02, 2.3867E+00, 1.3333E-01,
