"Header Size"           ,15              
"Model Name"            ,"DL850EV       "
"Comment"               ,"                         "
"BlockNumber"           ,1               
"TraceName"             ,"Vgate         ","Vds           ","Id            "
"BlockSize"             ,4004            ,4004            ,4004            
"VUnit"                 ,"V             ","V             ","A             "
"SampleRate"            ,20000000.000000 ,20000000.000000 ,20000000.000000 
"HResolution"           ,5.000000e-08    ,5.000000e-08    ,5.000000e-08    
"HOffset"               ,-4.000000e-05   ,-4.000000e-05   ,-4.000000e-05   
"HUnit"                 ,"s             ","s             ","s             "
"DisplayPointNo."       ,1               ,1               ,1               
"PhaseShift"            ,1               ,1               ,1               
"Date"                  ,"2026/04/14    ","2026/04/14    ","2026/04/14    "
"Time"                  ,"13:52:51.11977675","13:52:51.11977675","13:52:51.11977675"

13:52:51.11973675,-2.6667E-02, 2.9067E+00, 0.0000E+00,
13:52:51.11973680, 0.0000E+00, 2.8933E+00, 2.6667E-01,
13:52:51.11973685, 1.3333E-02, 2.9067E+00,-1.3333E-01,
13:52:51.11973690, 1.3333E-02, 2.8667E+00, 1.3333E-01,
13:52:51.11973695,-1.3333E-02, 2.8800E+00, 0.0000E+00,
13:52:51.11973700, 4.0000E-02, 2.8933E+00, 2.6667E-01,
13:52:51.11973705, 0.0000E+00, 2.8667E+00, 0.0000E+00,
13:52:51.11973710, 1.3333E-02, 2.9200E+00, 1.3333E-01,
13:52:51.11973715,-2.6667E-02, 2.8933E+00,-1.3333E-01,
13:52:51.11973720, 0.0000E+00, 2.9333E+00,-2.6667E-01,
13:52:51.11973725,-4.0000E-02, 2.8667E+00, 0.0000E+00,
13:52:51.11973730,-1.3333E-02, 2.9200E+00, 0.0000E+00,
13:52:51.11973735,-1.3333E-02, 2.8800E+00,-1.3333E-01,
13:52:51.11973740, 1.3333E-02, 2.8400E+00, 1.3333E-01,
13:52:51.11973745, 2.6667E-02, 2.8800E+00, 1.3333E-01,
13:52:51.11973750, 1.3333E-02, 2.8533E+00, 1.3333E-01,
13:52:51.11973755,-1.3333E-02, 2.8800E+00, 2.6667E-01,
13:52:51.11973760, 1.3333E-02, 2.8933E+00,-1.3333E-01,
13:52:51.11973765,-4.0000E-02, 2.8533E+00, 0.0000E+00,
13:52:51.11973770,-1.3333E-02, 2.8933E+00, 1.3333E-01,
13:52:51.11973775, 0.0000E+00, 2.8667E+00, 2.6667E-01,
13:52:51.11973780, 4.0000E-02, 2.8800E+00,-1.3333E-01,
13:52:51.11973785,-1.3333E-02, 2.8800E+00,-1.3333E-01,
13:52:51.11973790, 1.3333E-02, 2.8667E+00, 0.0000E+00,
13:52:51.11973795, 2.6667E-02, 2.8667E+00, 0.0000E+00,
13:52:51.11973800, 2.6667E-02, 2.8800E+00, 2.6667E-01,
13:52:51.11973805,-2.6667E-02, 2.8400E+00, 1.3333E-01,
13:52:51.11973810, 0.0000E+00, 2.9200E+00, 1.3333E-01,
13:52:51.11973815, 0.0000E+00, 2.8800E+00, 2.6667E-01,
13:52:51.11973820, 1.3333E-02, 2.8667E+00, 2.6667E-01,
13:52:51.11973825, 0.0000E+00, 2.8667E+00,-1.3333E-01,
13:52:51.11973830, 2.6667E-02, 2.8667E+00, 1.3333E-01,
13:52:51.11973835, 0.0000E+00, 2.8667E+00, 0.0000E+00,
13:52:51.11973840,-1.3333E-02, 2.8933E+00, 4.0000E-01,
13:52:51.11973845, 2.6667E-02, 2.8667E+00, 2.6667E-01,
13:52:51.11973850,-1.3333E-02, 2.8933E+00, 4.0000E-01,
13:52:51.11973855, 4.0000E-02, 2.8667E+00, 1.3333E-01,
13:52:51.11973860,-2.6667E-02, 2.8933E+00, 1.3333E-01,
13:52:51.11973865,-1.3333E-02, 2.8933E+00, 2.6667E-01,
13:52:51.11973870,-1.3333E-02, 2.8800E+00, 2.6667E-01,
13:52:51.11973875, 1.3333E-02, 2.8533E+00, 0.0000E+00,
13:52:51.11973880, 1.3333E-02, 2.8933E+00, 4.0000E-01,
13:52:51.11973885, 1.3333E-02, 2.8667E+00, 0.0000E+00,
13:52:51.11973890, 1.3333E-02, 2.8933E+00,-1.3333E-01,
13:52:51.11973895, 2.6667E-02, 2.8800E+00, 2.6667E-01,
13:52:51.11973900, 2.6667E-02, 2.8800E+00, 0.0000E+00,
13:52:51.11973905, 1.3333E-02, 2.8800E+00,-1.3333E-01,
13:52:51.11973910,-1.3333E-02, 2.9200E+00, 2.6667E-01,
13:52:51.11973915, 0.0000E+00, 2.9067E+00, 2.6667E-01,
13:52:51.11973920, 0.0000E+00, 2.8667E+00, 1.3333E-01,
13:52:51.11973925, 1.3333E-02, 2.8800E+00, 2.6667E-01,
13:52:51.11973930,-1.3333E-02, 2.8933E+00,-1.3333E-01,
13:52:51.11973935,-1.3333E-02, 2.8933E+00,-1.3333E-01,
13:52:51.11973940, 1.3333E-02, 2.8933E+00, 0.0000E+00,
13:52:51.11973945, 2.6667E-02, 2.8800E+00, 1.3333E-01,
13:52:51.11973950, 1.3333E-02, 2.9067E+00, 1.3333E-01,
13:52:51.11973955, 2.6667E-02, 2.8667E+00, 0.0000E+00,
13:52:51.11973960, 1.3333E-02, 2.8933E+00, 0.0000E+00,
13:52:51.11973965, 0.0000E+00, 2.9067E+00, 0.0000E+00,
13:52:51.11973970, 1.3333E-02, 2.9067E+00, 2.6667E-01,
13:52:51.11973975, 0.0000E+00, 2.8933E+00, 1.3333E-01,
13:52:51.11973980,-1.3333E-02, 2.8800E+00, 0.0000E+00,
13:52:51.11973985, 4.0000E-02, 2.8800E+00, 2.6667E-01,
13:52:51.11973990, 1.3333E-02, 2.8667E+00, 1.3333E-01,
13:52:51.11973995, 1.3333E-02, 2.8667E+00, 4.0000E-01,
13:52:51.11974000, 0.0000E+00, 2.8933E+00, 2.6667E-01,
13:52:51.11974005, 1.3333E-02, 2.9067E+00, 4.0000E-01,
13:52:51.11974010,-4.0000E-02, 2.8933E+00, 4.0000E-01,
13:52:51.11974015,-2.6667E-02, 2.8800E+00,-1.3333E-01,
13:52:51.11974020, 0.0000E+00, 2.8400E+00, 2.6667E-01,
13:52:51.11974025, 0.0000E+00, 2.9067E+00,-1.3333E-01,
13:52:51.11974030, 4.0000E-02, 2.9067E+00, 0.0000E+00,
13:52:51.11974035, 1.3333E-02, 2.8667E+00, 0.0000E+00,
13:52:51.11974040, 4.0000E-02, 2.8800E+00,-1.3333E-01,
13:52:51.11974045, 0.0000E+00, 2.8800E+00, 2.6667E-01,
13:52:51.11974050,-1.3333E-02, 2.8667E+00, 2.6667E-01,
13:52:51.11974055,-1.3333E-02, 2.8933E+00, 0.0000E+00,
13:52:51.11974060, 0.0000E+00, 2.8933E+00, 0.0000E+00,
13:52:51.11974065, 5.3333E-02, 2.8933E+00, 0.0000E+00,
13:52:51.11974070, 1.3333E-02, 2.8667E+00, 1.3333E-01,
13:52:51.11974075, 2.6667E-02, 2.9067E+00, 0.0000E+00,
13:52:51.11974080, 1.3333E-02, 2.8800E+00, 1.3333E-01,
13:52:51.11974085, 0.0000E+00, 2.8933E+00, 4.0000E-01,
13:52:51.11974090,-1.3333E-02, 2.8667E+00, 0.0000E+00,
13:52:51.11974095, 0.0000E+00, 2.8800E+00, 1.3333E-01,
13:52:51.11974100, 0.0000E+00, 2.8800E+00, 0.0000E+00,
13:52:51.11974105, 0.0000E+00, 2.8800E+00, 0.0000E+00,
13:52:51.11974110,-4.0000E-02, 2.8667E+00, 2.6667E-01,
13:52:51.11974115,-4.0000E-02, 2.8933E+00,-2.6667E-01,
13:52:51.11974120, 2.6667E-02, 2.8800E+00, 4.0000E-01,
13:52:51.11974125, 1.3333E-02, 2.9067E+00, 0.0000E+00,
13:52:51.11974130, 2.6667E-02, 2.8800E+00, 0.0000E+00,
13:52:51.11974135, 0.0000E+00, 2.8933E+00, 0.0000E+00,
13:52:51.11974140, 2.6667E-02, 2.9067E+00, 1.3333E-01,
13:52:51.11974145, 1.3333E-02, 2.8933E+00, 4.0000E-01,
13:52:51.11974150, 0.0000E+00, 2.9067E+00, 2.6667E-01,
13:52:51.11974155, 1.3333E-02, 2.8667E+00,-1.3333E-01,
13:52:51.11974160, 2.6667E-02, 2.8667E+00, 0.0000E+00,
13:52:51.11974165, 0.0000E+00, 2.8800E+00,-1.3333E-01,
13:52:51.11974170, 0.0000E+00, 2.8800E+00,-1.3333E-01,
13:52:51.11974175, 2.6667E-02, 2.8533E+00, 0.0000E+00,
13:52:51.11974180, 1.3333E-02, 2.8800E+00,-2.6667E-01,
13:52:51.11974185, 4.0000E-02, 2.8667E+00, 1.3333E-01,
13:52:51.11974190,-1.3333E-02, 2.8800E+00, 0.0000E+00,
13:52:51.11974195, 0.0000E+00, 2.8667E+00, 4.0000E-01,
13:52:51.11974200, 2.6667E-02, 2.8800E+00, 1.3333E-01,
13:52:51.11974205, 0.0000E+00, 2.8800E+00, 0.0000E+00,
13:52:51.11974210, 2.6667E-02, 2.8400E+00, 2.6667E-01,
13:52:51.11974215, 0.0000E+00, 2.8933E+00, 0.0000E+00,
13:52:51.11974220, 1.3333E-02, 2.8533E+00, 0.0000E+00,
13:52:51.11974225, 1.3333E-02, 2.8933E+00,-4.0000E-01,
13:52:51.11974230, 1.3333E-02, 2.8800E+00, 0.0000E+00,
13:52:51.11974235, 0.0000E+00, 2.8933E+00,-1.3333E-01,
13:52:51.11974240, 2.6667E-02, 2.8800E+00, 2.6667E-01,
13:52:51.11974245,-1.3333E-02, 2.8667E+00, 4.0000E-01,
13:52:51.11974250,-1.3333E-02, 2.9067E+00, 1.3333E-01,
13:52:51.11974255, 0.0000E+00, 2.8933E+00, 1.3333E-01,
13:52:51.11974260, 2.6667E-02, 2.8933E+00, 4.0000E-01,
13:52:51.11974265, 0.0000E+00, 2.8800E+00, 0.0000E+00,
13:52:51.11974270, 0.0000E+00, 2.8933E+00, 4.0000E-01,
13:52:51.11974275, 2.6667E-02, 2.8667E+00, 1.3333E-01,
13:52:51.11974280, 0.0000E+00, 2.8800E+00, 4.0000E-01,
13:52:51.11974285, 1.3333E-02, 2.8667E+00,-1.3333E-01,
13:52:51.11974290,-2.6667E-02, 2.8933E+00,-1.3333E-01,
13:52:51.11974295,-1.3333E-02, 2.9067E+00, 5.3333E-01,
13:52:51.11974300, 2.6667E-02, 2.8800E+00, 0.0000E+00,
13:52:51.11974305, 2.6667E-02, 2.8800E+00, 0.0000E+00,
13:52:51.11974310, 2.6667E-02, 2.9067E+00, 1.3333E-01,
13:52:51.11974315, 2.6667E-02, 2.8667E+00, 4.0000E-01,
13:52:51.11974320, 0.0000E+00, 2.8800E+00, 0.0000E+00,
13:52:51.11974325, 0.0000E+00, 2.8267E+00, 2.6667E-01,
13:52:51.11974330, 1.3333E-02, 2.8667E+00, 0.0000E+00,
13:52:51.11974335, 0.0000E+00, 2.8800E+00, 2.6667E-01,
13:52:51.11974340,-2.6667E-02, 2.8800E+00, 1.3333E-01,
13:52:51.11974345,-1.3333E-02, 2.8800E+00, 1.3333E-01,
13:52:51.11974350, 2.6667E-02, 2.8933E+00,-1.3333E-01,
13:52:51.11974355, 1.3333E-02, 2.8667E+00, 1.3333E-01,
13:52:51.11974360, 1.3333E-02, 2.8667E+00, 1.3333E-01,
13:52:51.11974365, 5.3333E-02, 2.8533E+00, 0.0000E+00,
13:52:51.11974370, 2.6667E-02, 2.8667E+00, 2.6667E-01,
13:52:51.11974375,-1.3333E-02, 2.8533E+00,-1.3333E-01,
13:52:51.11974380, 0.0000E+00, 2.9067E+00, 0.0000E+00,
13:52:51.11974385, 0.0000E+00, 2.8933E+00, 2.6667E-01,
13:52:51.11974390,-2.6667E-02, 2.8933E+00, 1.3333E-01,
13:52:51.11974395, 1.3333E-02, 2.8800E+00, 1.3333E-01,
13:52:51.11974400, 1.3333E-02, 2.8533E+00, 1.3333E-01,
13:52:51.11974405, 2.6667E-02, 2.8267E+00, 4.0000E-01,
13:52:51.11974410, 2.6667E-02, 2.8933E+00, 2.6667E-01,
13:52:51.11974415, 0.0000E+00, 2.8667E+00, 0.0000E+00,
13:52:51.11974420,-1.3333E-02, 2.8800E+00, 4.0000E-01,
13:52:51.11974425, 1.3333E-02, 2.8533E+00, 1.3333E-01,
13:52:51.11974430, 0.0000E+00, 2.9067E+00, 2.6667E-01,
13:52:51.11974435,-1.3333E-02, 2.9200E+00, 4.0000E-01,
13:52:51.11974440, 2.6667E-02, 2.8800E+00, 1.3333E-01,
13:52:51.11974445, 0.0000E+00, 2.8400E+00, 2.6667E-01,
13:52:51.11974450, 1.3333E-02, 2.8533E+00, 1.3333E-01,
13:52:51.11974455, 1.3333E-02, 2.8667E+00, 1.3333E-01,
13:52:51.11974460, 4.0000E-02, 2.8533E+00, 4.0000E-01,
13:52:51.11974465, 0.0000E+00, 2.8800E+00, 1.3333E-01,
13:52:51.11974470, 1.3333E-02, 2.8667E+00, 4.0000E-01,
13:52:51.11974475, 1.3333E-02, 2.8933E+00, 1.3333E-01,
13:52:51.11974480, 0.0000E+00, 2.8267E+00, 1.3333E-01,
13:52:51.11974485, 0.0000E+00, 2.8800E+00, 1.3333E-01,
13:52:51.11974490, 1.3333E-02, 2.8533E+00, 4.0000E-01,
13:52:51.11974495, 0.0000E+00, 2.8800E+00, 2.6667E-01,
13:52:51.11974500, 0.0000E+00, 2.8800E+00, 1.3333E-01,
13:52:51.11974505, 2.6667E-02, 2.8933E+00, 1.3333E-01,
13:52:51.11974510, 5.3333E-02, 2.8800E+00, 1.3333E-01,
13:52:51.11974515, 1.3333E-02, 2.8667E+00, 2.6667E-01,
13:52:51.11974520, 2.6667E-02, 2.8800E+00, 2.6667E-01,
13:52:51.11974525, 1.3333E-02, 2.8667E+00, 2.6667E-01,
13:52:51.11974530, 2.6667E-02, 2.8667E+00, 2.6667E-01,
13:52:51.11974535, 0.0000E+00, 2.8933E+00, 1.3333E-01,
13:52:51.11974540, 0.0000E+00, 2.8533E+00, 5.3333E-01,
13:52:51.11974545, 4.0000E-02, 2.8667E+00, 2.6667E-01,
13:52:51.11974550, 0.0000E+00, 2.9200E+00, 4.0000E-01,
13:52:51.11974555, 0.0000E+00, 2.9067E+00, 1.3333E-01,
13:52:51.11974560, 2.6667E-02, 2.8667E+00, 4.0000E-01,
13:52:51.11974565, 0.0000E+00, 2.8800E+00, 1.3333E-01,
13:52:51.11974570,-1.3333E-02, 2.8933E+00, 4.0000E-01,
13:52:51.11974575, 1.3333E-02, 2.8667E+00, 1.3333E-01,
13:52:51.11974580, 0.0000E+00, 2.8667E+00, 0.0000E+00,
13:52:51.11974585, 0.0000E+00, 2.8667E+00, 4.0000E-01,
13:52:51.11974590, 2.6667E-02, 2.8800E+00, 0.0000E+00,
13:52:51.11974595, 0.0000E+00, 2.8533E+00,-1.3333E-01,
13:52:51.11974600, 2.6667E-02, 2.8533E+00, 0.0000E+00,
13:52:51.11974605, 2.6667E-02, 2.8800E+00, 2.6667E-01,
13:52:51.11974610, 4.0000E-02, 2.8800E+00, 4.0000E-01,
13:52:51.11974615, 1.3333E-02, 2.9067E+00, 0.0000E+00,
13:52:51.11974620, 1.3333E-02, 2.8800E+00, 1.3333E-01,
13:52:51.11974625,-1.3333E-02, 2.8933E+00, 2.6667E-01,
13:52:51.11974630,-1.3333E-02, 2.8933E+00, 1.3333E-01,
13:52:51.11974635, 1.3333E-02, 2.8533E+00,-1.3333E-01,
13:52:51.11974640,-1.3333E-02, 2.8800E+00, 0.0000E+00,
13:52:51.11974645, 6.6667E-02, 2.9200E+00, 2.6667E-01,
13:52:51.11974650, 1.3333E-02, 2.8533E+00, 1.3333E-01,
13:52:51.11974655, 0.0000E+00, 2.8933E+00,-1.3333E-01,
13:52:51.11974660,-2.6667E-02, 2.8933E+00, 2.6667E-01,
13:52:51.11974665, 1.3333E-02, 2.9067E+00, 1.3333E-01,
13:52:51.11974670, 2.6667E-02, 2.8533E+00, 1.3333E-01,
13:52:51.11974675,-2.6667E-02, 2.8667E+00, 1.3333E-01,
13:52:51.11974680,-1.3333E-02, 2.8800E+00, 5.3333E-01,
13:52:51.11974685, 1.3333E-02, 2.8933E+00, 2.6667E-01,
13:52:51.11974690, 2.6667E-02, 2.8933E+00, 0.0000E+00,
13:52:51.11974695,-1.3333E-02, 2.8667E+00, 1.3333E-01,
13:52:51.11974700, 1.3333E-02, 2.8667E+00,-1.3333E-01,
13:52:51.11974705, 4.0000E-02, 2.8933E+00, 0.0000E+00,
13:52:51.11974710, 1.3333E-02, 2.9067E+00, 0.0000E+00,
13:52:51.11974715,-1.3333E-02, 2.8667E+00,-1.3333E-01,
13:52:51.11974720,-1.3333E-02, 2.8800E+00, 2.6667E-01,
13:52:51.11974725, 0.0000E+00, 2.8800E+00, 1.3333E-01,
13:52:51.11974730, 1.3333E-02, 2.8533E+00, 4.0000E-01,
13:52:51.11974735, 2.6667E-02, 2.8933E+00, 1.3333E-01,
13:52:51.11974740, 2.6667E-02, 2.8800E+00, 2.6667E-01,
13:52:51.11974745, 0.0000E+00, 2.8533E+00, 0.0000E+00,
13:52:51.11974750, 1.3333E-02, 2.8933E+00, 1.3333E-01,
13:52:51.11974755, 1.3333E-02, 2.9067E+00, 2.6667E-01,
13:52:51.11974760, 1.3333E-02, 2.9200E+00, 1.3333E-01,
13:52:51.11974765, 2.6667E-02, 2.8933E+00, 0.0000E+00,
13:52:51.11974770, 1.3333E-02, 2.8800E+00, 1.3333E-01,
13:52:51.11974775, 1.3333E-02, 2.8533E+00, 2.6667E-01,
13:52:51.11974780,-1.3333E-02, 2.8667E+00, 0.0000E+00,
13:52:51.11974785,-1.3333E-02, 2.8800E+00, 2.6667E-01,
13:52:51.11974790, 1.3333E-02, 2.8667E+00, 4.0000E-01,
13:52:51.11974795, 0.0000E+00, 2.8800E+00, 1.3333E-01,
13:52:51.11974800, 2.6667E-02, 2.8533E+00, 0.0000E+00,
13:52:51.11974805, 1.3333E-02, 2.8933E+00, 2.6667E-01,
13:52:51.11974810, 0.0000E+00, 2.8400E+00, 2.6667E-01,
13:52:51.11974815, 2.6667E-02, 2.8533E+00, 1.3333E-01,
13:52:51.11974820, 0.0000E+00, 2.8533E+00, 4.0000E-01,
13:52:51.11974825,-2.6667E-02, 2.8800E+00, 1.3333E-01,
13:52:51.11974830,-1.3333E-02, 2.8800E+00,-1.3333E-01,
13:52:51.11974835, 0.0000E+00, 2.8933E+00, 0.0000E+00,
13:52:51.11974840, 0.0000E+00, 2.8800E+00, 1.3333E-01,
13:52:51.11974845, 0.0000E+00, 2.8667E+00, 4.0000E-01,
13:52:51.11974850, 2.6667E-02, 2.9067E+00,-2.6667E-01,
13:52:51.11974855, 2.6667E-02, 2.8933E+00, 1.3333E-01,
13:52:51.11974860, 5.3333E-02, 2.8800E+00, 0.0000E+00,
13:52:51.11974865, 2.6667E-02, 2.8800E+00, 2.6667E-01,
13:52:51.11974870,-4.0000E-02, 2.8933E+00, 2.6667E-01,
13:52:51.11974875,-1.3333E-02, 2.9067E+00, 2.6667E-01,
13:52:51.11974880, 0.0000E+00, 2.8667E+00, 5.3333E-01,
13:52:51.11974885, 4.0000E-02, 2.8933E+00,-1.3333E-01,
13:52:51.11974890, 0.0000E+00, 2.8800E+00,-1.3333E-01,
13:52:51.11974895, 0.0000E+00, 2.8667E+00, 1.3333E-01,
13:52:51.11974900, 1.3333E-02, 2.8933E+00, 1.3333E-01,
13:52:51.11974905, 2.6667E-02, 2.8933E+00, 0.0000E+00,
13:52:51.11974910, 2.6667E-02, 2.9067E+00, 1.3333E-01,
13:52:51.11974915,-1.3333E-02, 2.8667E+00,-1.3333E-01,
13:52:51.11974920, 0.0000E+00, 2.9067E+00, 2.6667E-01,
13:52:51.11974925,-1.3333E-02, 2.8933E+00, 1.3333E-01,
13:52:51.11974930, 0.0000E+00, 2.9067E+00, 1.3333E-01,
13:52:51.11974935, 4.0000E-02, 2.9067E+00, 1.3333E-01,
13:52:51.11974940, 2.6667E-02, 2.9067E+00, 2.6667E-01,
13:52:51.11974945, 0.0000E+00, 2.8933E+00, 1.3333E-01,
13:52:51.11974950, 2.6667E-02, 2.9200E+00, 0.0000E+00,
13:52:51.11974955, 2.6667E-02, 2.8933E+00, 2.6667E-01,
13:52:51.11974960,-1.3333E-02, 2.8667E+00, 2.6667E-01,
13:52:51.11974965, 1.3333E-02, 2.9067E+00, 1.3333E-01,
13:52:51.11974970,-1.3333E-02, 2.8533E+00,-1.3333E-01,
13:52:51.11974975, 1.3333E-02, 2.8667E+00, 2.6667E-01,
13:52:51.11974980, 0.0000E+00, 2.8800E+00, 1.3333E-01,
13:52:51.11974985, 1.3333E-02, 2.8933E+00, 1.3333E-01,
13:52:51.11974990, 4.0000E-02, 2.8533E+00, 1.3333E-01,
13:52:51.11974995, 1.3333E-02, 2.8667E+00, 0.0000E+00,
13:52:51.11975000, 1.3333E-02, 2.9067E+00, 0.0000E+00,
13:52:51.11975005, 1.3333E-02, 2.8667E+00, 1.3333E-01,
13:52:51.11975010, 1.3333E-02, 2.8533E+00, 1.3333E-01,
13:52:51.11975015, 0.0000E+00, 2.8800E+00, 2.6667E-01,
13:52:51.11975020, 1.3333E-02, 2.8667E+00, 1.3333E-01,
13:52:51.11975025, 1.3333E-02, 2.8533E+00, 1.3333E-01,
13:52:51.11975030, 2.6667E-02, 2.8533E+00, 1.3333E-01,
13:52:51.11975035, 0.0000E+00, 2.8667E+00, 1.3333E-01,
13:52:51.11975040, 6.6667E-02, 2.9067E+00,-1.3333E-01,
13:52:51.11975045,-1.3333E-02, 2.8800E+00, 2.6667E-01,
13:52:51.11975050, 2.6667E-02, 2.8933E+00, 1.3333E-01,
13:52:51.11975055, 0.0000E+00, 2.8533E+00,-1.3333E-01,
13:52:51.11975060,-2.6667E-02, 2.8533E+00, 5.3333E-01,
13:52:51.11975065,-2.6667E-02, 2.8533E+00, 2.6667E-01,
13:52:51.11975070, 1.3333E-02, 2.8667E+00, 0.0000E+00,
13:52:51.11975075, 1.3333E-02, 2.8800E+00, 4.0000E-01,
13:52:51.11975080, 0.0000E+00, 2.8800E+00, 4.0000E-01,
13:52:51.11975085, 5.3333E-02, 2.8667E+00, 0.0000E+00,
13:52:51.11975090, 1.3333E-02, 2.8800E+00, 0.0000E+00,
13:52:51.11975095,-1.3333E-02, 2.8933E+00, 4.0000E-01,
13:52:51.11975100, 2.6667E-02, 2.8800E+00, 1.3333E-01,
13:52:51.11975105, 0.0000E+00, 2.8933E+00, 4.0000E-01,
13:52:51.11975110, 1.3333E-02, 2.8933E+00,-1.3333E-01,
13:52:51.11975115, 0.0000E+00, 2.8667E+00, 1.3333E-01,
13:52:51.11975120, 2.6667E-02, 2.8933E+00, 4.0000E-01,
13:52:51.11975125, 1.3333E-02, 2.8800E+00, 2.6667E-01,
13:52:51.11975130,-1.3333E-02, 2.8667E+00, 1.3333E-01,
13:52:51.11975135, 2.6667E-02, 2.8800E+00, 2.6667E-01,
13:52:51.11975140, 0.0000E+00, 2.8533E+00, 2.6667E-01,
13:52:51.11975145, 4.0000E-02, 2.8533E+00, 2.6667E-01,
13:52:51.11975150, 1.3333E-02, 2.8800E+00, 1.3333E-01,
13:52:51.11975155, 0.0000E+00, 2.8667E+00, 4.0000E-01,
13:52:51.11975160,-4.0000E-02, 2.8800E+00,-1.3333E-01,
13:52:51.11975165,-1.3333E-02, 2.8800E+00, 0.0000E+00,
13:52:51.11975170, 1.3333E-02, 2.9067E+00, 2.6667E-01,
13:52:51.11975175, 1.3333E-02, 2.8667E+00, 0.0000E+00,
13:52:51.11975180, 2.6667E-02, 2.8533E+00, 4.0000E-01,
13:52:51.11975185, 1.3333E-02, 2.8800E+00,-2.6667E-01,
13:52:51.11975190, 1.3333E-02, 2.8667E+00, 0.0000E+00,
13:52:51.11975195, 2.6667E-02, 2.8800E+00, 1.3333E-01,
13:52:51.11975200,-1.3333E-02, 2.8800E+00, 2.6667E-01,
13:52:51.11975205, 0.0000E+00, 2.8800E+00, 2.6667E-01,
13:52:51.11975210, 0.0000E+00, 2.9067E+00, 1.3333E-01,
13:52:51.11975215, 0.0000E+00, 2.8933E+00, 2.6667E-01,
13:52:51.11975220, 1.3333E-02, 2.8667E+00, 0.0000E+00,
13:52:51.11975225, 1.3333E-02, 2.8933E+00, 1.3333E-01,
13:52:51.11975230, 1.3333E-02, 2.8800E+00, 0.0000E+00,
13:52:51.11975235, 0.0000E+00, 2.8800E+00,-2.6667E-01,
13:52:51.11975240, 1.3333E-02, 2.8667E+00,-1.3333E-01,
13:52:51.11975245,-1.3333E-02, 2.8667E+00, 1.3333E-01,
13:52:51.11975250, 1.3333E-02, 2.8800E+00, 4.0000E-01,
13:52:51.11975255,-2.6667E-02, 2.9067E+00, 2.6667E-01,
13:52:51.11975260,-4.0000E-02, 2.8933E+00, 1.3333E-01,
13:52:51.11975265, 2.6667E-02, 2.8667E+00, 1.3333E-01,
13:52:51.11975270, 1.3333E-02, 2.9067E+00, 2.6667E-01,
13:52:51.11975275, 1.3333E-02, 2.9067E+00, 2.6667E-01,
13:52:51.11975280, 2.6667E-02, 2.8800E+00,-1.3333E-01,
13:52:51.11975285, 0.0000E+00, 2.8667E+00, 2.6667E-01,
13:52:51.11975290, 5.3333E-02, 2.8933E+00,-1.3333E-01,
13:52:51.11975295, 0.0000E+00, 2.8400E+00,-1.3333E-01,
13:52:51.11975300,-1.3333E-02, 2.8667E+00, 0.0000E+00,
13:52:51.11975305,-1.3333E-02, 2.8933E+00, 6.6667E-01,
13:52:51.11975310, 0.0000E+00, 2.8800E+00, 1.3333E-01,
13:52:51.11975315, 1.3333E-02, 2.8800E+00, 4.0000E-01,
13:52:51.11975320, 2.6667E-02, 2.8800E+00, 2.6667E-01,
13:52:51.11975325, 0.0000E+00, 2.8667E+00, 2.6667E-01,
13:52:51.11975330, 0.0000E+00, 2.8533E+00,-2.6667E-01,
13:52:51.11975335, 2.6667E-02, 2.8800E+00,-1.3333E-01,
13:52:51.11975340, 1.3333E-02, 2.8667E+00, 1.3333E-01,
13:52:51.11975345, 0.0000E+00, 2.8933E+00, 0.0000E+00,
13:52:51.11975350, 0.0000E+00, 2.8667E+00,-1.3333E-01,
13:52:51.11975355, 0.0000E+00, 2.8667E+00, 2.6667E-01,
13:52:51.11975360, 1.3333E-02, 2.8933E+00, 1.3333E-01,
13:52:51.11975365, 4.0000E-02, 2.8800E+00, 2.6667E-01,
13:52:51.11975370, 4.0000E-02, 2.8933E+00, 2.6667E-01,
13:52:51.11975375, 2.6667E-02, 2.8800E+00, 2.6667E-01,
13:52:51.11975380, 2.6667E-02, 2.8533E+00, 1.3333E-01,
13:52:51.11975385, 0.0000E+00, 2.8800E+00, 0.0000E+00,
13:52:51.11975390, 0.0000E+00, 2.8267E+00,-1.3333E-01,
13:52:51.11975395,-1.3333E-02, 2.8933E+00,-1.3333E-01,
13:52:51.11975400,-1.3333E-02, 2.8667E+00, 0.0000E+00,
13:52:51.11975405, 1.3333E-02, 2.8667E+00, 1.3333E-01,
13:52:51.11975410, 2.6667E-02, 2.8533E+00, 1.3333E-01,
13:52:51.11975415, 4.0000E-02, 2.8667E+00,-2.6667E-01,
13:52:51.11975420, 0.0000E+00, 2.8533E+00, 0.0000E+00,
13:52:51.11975425, 5.3333E-02, 2.9067E+00,-1.3333E-01,
13:52:51.11975430, 4.0000E-02, 2.8800E+00, 0.0000E+00,
13:52:51.11975435, 0.0000E+00, 2.8800E+00, 1.3333E-01,
13:52:51.11975440,-1.3333E-02, 2.8667E+00, 2.6667E-01,
13:52:51.11975445,-1.3333E-02, 2.8533E+00,-1.3333E-01,
13:52:51.11975450, 0.0000E+00, 2.8667E+00, 0.0000E+00,
13:52:51.11975455, 1.3333E-02, 2.8800E+00, 0.0000E+00,
13:52:51.11975460, 1.3333E-02, 2.8800E+00, 1.3333E-01,
13:52:51.11975465,-1.3333E-02, 2.8800E+00,-1.3333E-01,
13:52:51.11975470, 1.3333E-02, 2.8667E+00, 2.6667E-01,
13:52:51.11975475, 0.0000E+00, 2.8933E+00, 4.0000E-01,
13:52:51.11975480, 0.0000E+00, 2.8800E+00, 1.3333E-01,
13:52:51.11975485,-1.3333E-02, 2.8800E+00, 1.3333E-01,
13:52:51.11975490,-1.3333E-02, 2.8667E+00, 0.0000E+00,
13:52:51.11975495, 1.3333E-02, 2.8933E+00, 4.0000E-01,
13:52:51.11975500,-1.3333E-02, 2.8667E+00, 1.3333E-01,
13:52:51.11975505, 1.3333E-02, 2.8800E+00, 2.6667E-01,
13:52:51.11975510, 2.6667E-02, 2.9067E+00, 4.0000E-01,
13:52:51.11975515, 0.0000E+00, 2.8667E+00, 5.3333E-01,
13:52:51.11975520,-1.3333E-02, 2.8933E+00, 1.3333E-01,
13:52:51.11975525,-1.3333E-02, 2.8667E+00, 1.3333E-01,
13:52:51.11975530, 1.3333E-02, 2.9067E+00, 0.0000E+00,
13:52:51.11975535, 1.3333E-02, 2.8933E+00,-1.3333E-01,
13:52:51.11975540,-4.0000E-02, 2.8933E+00, 0.0000E+00,
13:52:51.11975545, 0.0000E+00, 2.8933E+00, 4.0000E-01,
13:52:51.11975550,-1.3333E-02, 2.8667E+00,-4.0000E-01,
13:52:51.11975555, 1.3333E-02, 2.8933E+00,-1.3333E-01,
13:52:51.11975560, 2.6667E-02, 2.8933E+00, 2.6667E-01,
13:52:51.11975565, 0.0000E+00, 2.8667E+00, 4.0000E-01,
13:52:51.11975570, 4.0000E-02, 2.8800E+00, 0.0000E+00,
13:52:51.11975575, 0.0000E+00, 2.8933E+00, 0.0000E+00,
13:52:51.11975580, 2.6667E-02, 2.8800E+00, 1.3333E-01,
13:52:51.11975585, 1.3333E-02, 2.8800E+00, 1.3333E-01,
13:52:51.11975590, 0.0000E+00, 2.8933E+00, 2.6667E-01,
13:52:51.11975595, 0.0000E+00, 2.8800E+00, 1.3333E-01,
13:52:51.11975600, 2.6667E-02, 2.9200E+00, 0.0000E+00,
13:52:51.11975605, 2.6667E-02, 2.8933E+00, 0.0000E+00,
13:52:51.11975610, 2.6667E-02, 2.8800E+00, 0.0000E+00,
13:52:51.11975615, 2.6667E-02, 2.8933E+00, 1.3333E-01,
13:52:51.11975620, 0.0000E+00, 2.8667E+00, 0.0000E+00,
13:52:51.11975625,-1.3333E-02, 2.8667E+00, 1.3333E-01,
13:52:51.11975630, 1.3333E-02, 2.8400E+00, 1.3333E-01,
13:52:51.11975635, 1.3333E-02, 2.8800E+00, 0.0000E+00,
13:52:51.11975640, 1.3333E-02, 2.8533E+00, 0.0000E+00,
13:52:51.11975645,-4.0000E-02, 2.8933E+00,-1.3333E-01,
13:52:51.11975650, 0.0000E+00, 2.8933E+00, 0.0000E+00,
13:52:51.11975655, 1.3333E-02, 2.8933E+00, 1.3333E-01,
13:52:51.11975660,-1.3333E-02, 2.8533E+00, 2.6667E-01,
13:52:51.11975665, 4.0000E-02, 2.8533E+00,-2.6667E-01,
13:52:51.11975670, 2.6667E-02, 2.8800E+00,-2.6667E-01,
13:52:51.11975675, 2.6667E-02, 2.9200E+00, 0.0000E+00,
13:52:51.11975680, 0.0000E+00, 2.8933E+00, 0.0000E+00,
13:52:51.11975685,-1.3333E-02, 2.9067E+00, 0.0000E+00,
13:52:51.11975690,-1.3333E-02, 2.8667E+00, 2.6667E-01,
13:52:51.11975695, 1.3333E-02, 2.9200E+00, 2.6667E-01,
13:52:51.11975700, 1.3333E-02, 2.8400E+00, 4.0000E-01,
13:52:51.11975705, 1.3333E-02, 2.8667E+00, 2.6667E-01,
13:52:51.11975710, 4.0000E-02, 2.8400E+00, 4.0000E-01,
13:52:51.11975715, 4.0000E-02, 2.8667E+00, 0.0000E+00,
13:52:51.11975720,-1.3333E-02, 2.8800E+00, 2.6667E-01,
13:52:51.11975725, 0.0000E+00, 2.8800E+00, 1.3333E-01,
13:52:51.11975730,-1.3333E-02, 2.8800E+00, 0.0000E+00,
13:52:51.11975735,-4.0000E-02, 2.8533E+00, 2.6667E-01,
13:52:51.11975740, 0.0000E+00, 2.8533E+00, 2.6667E-01,
13:52:51.11975745, 2.6667E-02, 2.8800E+00, 1.3333E-01,
13:52:51.11975750, 1.3333E-02, 2.8800E+00, 2.6667E-01,
13:52:51.11975755, 1.3333E-02, 2.9067E+00, 1.3333E-01,
13:52:51.11975760,-1.3333E-02, 2.8800E+00, 0.0000E+00,
13:52:51.11975765, 0.0000E+00, 2.8667E+00, 5.3333E-01,
13:52:51.11975770, 4.0000E-02, 2.8933E+00, 5.3333E-01,
13:52:51.11975775, 1.3333E-02, 2.8933E+00, 0.0000E+00,
13:52:51.11975780,-4.0000E-02, 2.8933E+00,-1.3333E-01,
13:52:51.11975785,-1.3333E-02, 2.9067E+00,-1.3333E-01,
13:52:51.11975790,-1.3333E-02, 2.8800E+00,-1.3333E-01,
13:52:51.11975795, 4.0000E-02, 2.8800E+00, 1.3333E-01,
13:52:51.11975800, 2.6667E-02, 2.8800E+00, 1.3333E-01,
13:52:51.11975805, 0.0000E+00, 2.8800E+00, 0.0000E+00,
13:52:51.11975810, 1.3333E-02, 2.8800E+00, 2.6667E-01,
13:52:51.11975815, 0.0000E+00, 2.8800E+00, 4.0000E-01,
13:52:51.11975820, 1.3333E-02, 2.8533E+00, 2.6667E-01,
13:52:51.11975825,-1.3333E-02, 2.8667E+00, 2.6667E-01,
13:52:51.11975830,-1.3333E-02, 2.8667E+00, 0.0000E+00,
13:52:51.11975835,-2.6667E-02, 2.9067E+00, 1.3333E-01,
13:52:51.11975840, 2.6667E-02, 2.8800E+00, 0.0000E+00,
13:52:51.11975845, 2.6667E-02, 2.8800E+00, 0.0000E+00,
13:52:51.11975850, 0.0000E+00, 2.8933E+00, 0.0000E+00,
13:52:51.11975855, 0.0000E+00, 2.9200E+00, 1.3333E-01,
13:52:51.11975860, 1.3333E-02, 2.8800E+00,-1.3333E-01,
13:52:51.11975865,-1.3333E-02, 2.8667E+00, 0.0000E+00,
13:52:51.11975870, 1.3333E-02, 2.8933E+00, 0.0000E+00,
13:52:51.11975875, 0.0000E+00, 2.8800E+00, 0.0000E+00,
13:52:51.11975880, 2.6667E-02, 2.8667E+00,-1.3333E-01,
13:52:51.11975885, 1.3333E-02, 2.8800E+00, 2.6667E-01,
13:52:51.11975890, 0.0000E+00, 2.8933E+00, 1.3333E-01,
13:52:51.11975895, 2.6667E-02, 2.8667E+00, 0.0000E+00,
13:52:51.11975900, 0.0000E+00, 2.8800E+00, 1.3333E-01,
13:52:51.11975905,-1.3333E-02, 2.8667E+00, 5.3333E-01,
13:52:51.11975910, 0.0000E+00, 2.8667E+00, 1.3333E-01,
13:52:51.11975915, 0.0000E+00, 2.8933E+00, 4.0000E-01,
13:52:51.11975920, 1.3333E-02, 2.8933E+00, 2.6667E-01,
13:52:51.11975925, 0.0000E+00, 2.8800E+00,-1.3333E-01,
13:52:51.11975930,-1.3333E-02, 2.8800E+00, 0.0000E+00,
13:52:51.11975935,-1.3333E-02, 2.8933E+00, 0.0000E+00,
13:52:51.11975940, 0.0000E+00, 2.8800E+00, 0.0000E+00,
13:52:51.11975945, 1.3333E-02, 2.8667E+00, 0.0000E+00,
13:52:51.11975950, 1.3333E-02, 2.8933E+00, 4.0000E-01,
13:52:51.11975955, 2.6667E-02, 2.8800E+00, 4.0000E-01,
13:52:51.11975960, 0.0000E+00, 2.8800E+00, 4.0000E-01,
13:52:51.11975965,-1.3333E-02, 2.8667E+00, 4.0000E-01,
13:52:51.11975970, 0.0000E+00, 2.8533E+00, 0.0000E+00,
13:52:51.11975975, 0.0000E+00, 2.8800E+00, 0.0000E+00,
13:52:51.11975980, 0.0000E+00, 2.8800E+00, 0.0000E+00,
13:52:51.11975985,-2.6667E-02, 2.8800E+00, 4.0000E-01,
13:52:51.11975990,-2.6667E-02, 2.8667E+00, 2.6667E-01,
13:52:51.11975995, 0.0000E+00, 2.8933E+00, 2.6667E-01,
13:52:51.11976000,-2.6667E-02, 2.8933E+00, 2.6667E-01,
13:52:51.11976005, 2.6667E-02, 2.8800E+00, 0.0000E+00,
13:52:51.11976010, 1.3333E-02, 2.8667E+00, 1.3333E-01,
13:52:51.11976015, 1.3333E-02, 2.9067E+00, 1.3333E-01,
13:52:51.11976020,-1.3333E-02, 2.8667E+00, 2.6667E-01,
13:52:51.11976025, 0.0000E+00, 2.8533E+00, 1.3333E-01,
13:52:51.11976030,-2.6667E-02, 2.8533E+00,-1.3333E-01,
13:52:51.11976035, 1.3333E-02, 2.9067E+00, 1.3333E-01,
13:52:51.11976040, 1.3333E-02, 2.8800E+00, 4.0000E-01,
13:52:51.11976045, 1.3333E-02, 2.8800E+00, 1.3333E-01,
13:52:51.11976050, 0.0000E+00, 2.8667E+00, 1.3333E-01,
13:52:51.11976055, 0.0000E+00, 2.8800E+00, 0.0000E+00,
13:52:51.11976060,-2.6667E-02, 2.8933E+00, 0.0000E+00,
13:52:51.11976065,-2.6667E-02, 2.8800E+00, 0.0000E+00,
13:52:51.11976070, 0.0000E+00, 2.8800E+00, 0.0000E+00,
13:52:51.11976075, 1.3333E-02, 2.8533E+00,-1.3333E-01,
13:52:51.11976080, 2.6667E-02, 2.8800E+00, 1.3333E-01,
13:52:51.11976085, 1.3333E-02, 2.8800E+00, 0.0000E+00,
13:52:51.11976090, 0.0000E+00, 2.8667E+00, 2.6667E-01,
13:52:51.11976095, 1.3333E-02, 2.8800E+00, 2.6667E-01,
13:52:51.11976100, 0.0000E+00, 2.8667E+00, 1.3333E-01,
13:52:51.11976105, 2.6667E-02, 2.8800E+00, 2.6667E-01,
13:52:51.11976110, 0.0000E+00, 2.8933E+00, 0.0000E+00,
13:52:51.11976115,-1.3333E-02, 2.8533E+00, 0.0000E+00,
13:52:51.11976120, 2.6667E-02, 2.8267E+00, 1.3333E-01,
13:52:51.11976125, 1.3333E-02, 2.8933E+00,-2.6667E-01,
13:52:51.11976130, 0.0000E+00, 2.8933E+00,-1.3333E-01,
13:52:51.11976135, 1.3333E-02, 2.8533E+00, 1.3333E-01,
13:52:51.11976140, 5.3333E-02, 2.8667E+00,-1.3333E-01,
13:52:51.11976145,-1.3333E-02, 2.8800E+00, 1.3333E-01,
13:52:51.11976150, 2.6667E-02, 2.8933E+00, 2.6667E-01,
13:52:51.11976155, 0.0000E+00, 2.8933E+00, 0.0000E+00,
13:52:51.11976160,-2.6667E-02, 2.8800E+00, 2.6667E-01,
13:52:51.11976165,-4.0000E-02, 2.8933E+00, 0.0000E+00,
13:52:51.11976170,-1.3333E-02, 2.8667E+00, 0.0000E+00,
13:52:51.11976175, 2.6667E-02, 2.8933E+00, 1.3333E-01,
13:52:51.11976180, 2.6667E-02, 2.8667E+00, 2.6667E-01,
13:52:51.11976185,-1.3333E-02, 2.8800E+00, 0.0000E+00,
13:52:51.11976190, 1.3333E-02, 2.9067E+00, 2.6667E-01,
13:52:51.11976195, 2.6667E-02, 2.8800E+00, 0.0000E+00,
13:52:51.11976200, 1.3333E-02, 2.8667E+00, 1.3333E-01,
13:52:51.11976205, 1.3333E-02, 2.9067E+00, 0.0000E+00,
13:52:51.11976210,-1.3333E-02, 2.8933E+00,-2.6667E-01,
13:52:51.11976215, 0.0000E+00, 2.8800E+00, 2.6667E-01,
13:52:51.11976220, 0.0000E+00, 2.8667E+00, 0.0000E+00,
13:52:51.11976225, 2.6667E-02, 2.8267E+00,-1.3333E-01,
13:52:51.11976230,-4.0000E-02, 2.8933E+00, 2.6667E-01,
13:52:51.11976235, 5.3333E-02, 2.9067E+00, 0.0000E+00,
13:52:51.11976240, 1.3333E-02, 2.8667E+00, 0.0000E+00,
13:52:51.11976245, 1.3333E-02, 2.8800E+00, 0.0000E+00,
13:52:51.11976250,-1.3333E-02, 2.8800E+00, 2.6667E-01,
13:52:51.11976255, 0.0000E+00, 2.8533E+00,-1.3333E-01,
13:52:51.11976260,-2.6667E-02, 2.8667E+00,-1.3333E-01,
13:52:51.11976265, 0.0000E+00, 2.9067E+00, 0.0000E+00,
13:52:51.11976270, 0.0000E+00, 2.8800E+00, 0.0000E+00,
13:52:51.11976275,-1.3333E-02, 2.8800E+00,-1.3333E-01,
13:52:51.11976280, 1.3333E-02, 2.8800E+00, 2.6667E-01,
13:52:51.11976285, 2.6667E-02, 2.8800E+00, 1.3333E-01,
13:52:51.11976290, 2.6667E-02, 2.8667E+00, 0.0000E+00,
13:52:51.11976295, 1.3333E-02, 2.8667E+00, 1.3333E-01,
13:52:51.11976300, 1.3333E-02, 2.8933E+00, 4.0000E-01,
13:52:51.11976305, 0.0000E+00, 2.8800E+00,-1.3333E-01,
13:52:51.11976310, 0.0000E+00, 2.8800E+00, 0.0000E+00,
13:52:51.11976315, 1.3333E-02, 2.8933E+00, 1.3333E-01,
13:52:51.11976320, 0.0000E+00, 2.9200E+00,-2.6667E-01,
13:52:51.11976325, 0.0000E+00, 2.9200E+00, 0.0000E+00,
13:52:51.11976330, 1.3333E-02, 2.8667E+00, 2.6667E-01,
13:52:51.11976335, 1.3333E-02, 2.8800E+00, 0.0000E+00,
13:52:51.11976340, 0.0000E+00, 2.8800E+00,-1.3333E-01,
13:52:51.11976345, 1.3333E-02, 2.8667E+00, 0.0000E+00,
13:52:51.11976350,-1.3333E-02, 2.8933E+00, 1.3333E-01,
13:52:51.11976355, 0.0000E+00, 2.8667E+00,-2.6667E-01,
13:52:51.11976360,-1.3333E-02, 2.8933E+00, 4.0000E-01,
13:52:51.11976365, 0.0000E+00, 2.8533E+00, 1.3333E-01,
13:52:51.11976370, 1.3333E-02, 2.8533E+00, 0.0000E+00,
13:52:51.11976375, 2.6667E-02, 2.8800E+00, 0.0000E+00,
13:52:51.11976380, 2.6667E-02, 2.9067E+00, 1.3333E-01,
13:52:51.11976385, 2.6667E-02, 2.8533E+00, 1.3333E-01,
13:52:51.11976390, 0.0000E+00, 2.8533E+00, 1.3333E-01,
13:52:51.11976395, 0.0000E+00, 2.8800E+00, 2.6667E-01,
13:52:51.11976400, 2.6667E-02, 2.8667E+00, 0.0000E+00,
13:52:51.11976405, 4.0000E-02, 2.8667E+00, 0.0000E+00,
13:52:51.11976410, 1.3333E-02, 2.8533E+00, 1.3333E-01,
13:52:51.11976415, 2.6667E-02, 2.9067E+00, 1.3333E-01,
13:52:51.11976420,-1.3333E-02, 2.8667E+00, 1.3333E-01,
13:52:51.11976425, 0.0000E+00, 2.8933E+00,-1.3333E-01,
13:52:51.11976430,-1.3333E-02, 2.8667E+00, 1.3333E-01,
13:52:51.11976435, 1.3333E-02, 2.8800E+00, 1.3333E-01,
13:52:51.11976440, 2.6667E-02, 2.8800E+00, 1.3333E-01,
13:52:51.11976445, 1.3333E-02, 2.9067E+00,-2.6667E-01,
13:52:51.11976450,-2.6667E-02, 2.8533E+00, 1.3333E-01,
13:52:51.11976455, 0.0000E+00, 2.8800E+00, 2.6667E-01,
13:52:51.11976460,-1.3333E-02, 2.8800E+00, 1.3333E-01,
13:52:51.11976465, 0.0000E+00, 2.8533E+00,-1.3333E-01,
13:52:51.11976470, 1.3333E-02, 2.8933E+00, 0.0000E+00,
13:52:51.11976475, 5.3333E-02, 2.8800E+00, 1.3333E-01,
13:52:51.11976480, 2.6667E-02, 2.8667E+00, 2.6667E-01,
13:52:51.11976485, 0.0000E+00, 2.9067E+00, 4.0000E-01,
13:52:51.11976490, 1.3333E-02, 2.8533E+00, 2.6667E-01,
13:52:51.11976495, 0.0000E+00, 2.8800E+00,-1.3333E-01,
13:52:51.11976500, 1.3333E-02, 2.8667E+00, 0.0000E+00,
13:52:51.11976505,-1.3333E-02, 2.8800E+00,-2.6667E-01,
13:52:51.11976510, 2.6667E-02, 2.8800E+00, 2.6667E-01,
13:52:51.11976515, 1.3333E-02, 2.8800E+00, 4.0000E-01,
13:52:51.11976520, 4.0000E-02, 2.8533E+00, 0.0000E+00,
13:52:51.11976525, 2.6667E-02, 2.8533E+00, 1.3333E-01,
13:52:51.11976530, 2.6667E-02, 2.8667E+00, 0.0000E+00,
13:52:51.11976535, 1.3333E-02, 2.8800E+00, 4.0000E-01,
13:52:51.11976540, 1.3333E-02, 2.8933E+00, 0.0000E+00,
13:52:51.11976545, 5.3333E-02, 2.9200E+00, 4.0000E-01,
13:52:51.11976550, 1.3333E-02, 2.8800E+00,-1.3333E-01,
13:52:51.11976555, 2.6667E-02, 2.8933E+00, 0.0000E+00,
13:52:51.11976560, 0.0000E+00, 2.8533E+00, 1.3333E-01,
13:52:51.11976565, 1.3333E-02, 2.8667E+00, 1.3333E-01,
13:52:51.11976570, 4.0000E-02, 2.8933E+00, 1.3333E-01,
13:52:51.11976575, 1.3333E-02, 2.9067E+00, 2.6667E-01,
13:52:51.11976580, 2.6667E-02, 2.8800E+00, 2.6667E-01,
13:52:51.11976585, 0.0000E+00, 2.9067E+00, 1.3333E-01,
13:52:51.11976590, 1.3333E-02, 2.8933E+00, 5.3333E-01,
13:52:51.11976595, 0.0000E+00, 2.8933E+00, 1.3333E-01,
13:52:51.11976600, 4.0000E-02, 2.8933E+00, 4.0000E-01,
13:52:51.11976605,-1.3333E-02, 2.8933E+00, 1.3333E-01,
13:52:51.11976610, 0.0000E+00, 2.8667E+00, 1.3333E-01,
13:52:51.11976615, 0.0000E+00, 2.8800E+00,-1.3333E-01,
13:52:51.11976620,-1.3333E-02, 2.8800E+00, 1.3333E-01,
13:52:51.11976625, 2.6667E-02, 2.8800E+00, 2.6667E-01,
13:52:51.11976630, 0.0000E+00, 2.9067E+00, 5.3333E-01,
13:52:51.11976635, 2.6667E-02, 2.8800E+00, 2.6667E-01,
13:52:51.11976640,-2.6667E-02, 2.8800E+00, 2.6667E-01,
13:52:51.11976645,-1.3333E-02, 2.8533E+00, 1.3333E-01,
13:52:51.11976650, 0.0000E+00, 2.8667E+00,-1.3333E-01,
13:52:51.11976655, 0.0000E+00, 2.8533E+00, 0.0000E+00,
13:52:51.11976660, 1.3333E-02, 2.8800E+00, 1.3333E-01,
13:52:51.11976665, 0.0000E+00, 2.8267E+00, 1.3333E-01,
13:52:51.11976670,-1.3333E-02, 2.8800E+00, 0.0000E+00,
13:52:51.11976675, 4.0000E-02, 2.8800E+00, 4.0000E-01,
13:52:51.11976680, 1.3333E-02, 2.8533E+00, 2.6667E-01,
13:52:51.11976685,-1.3333E-02, 2.8800E+00, 1.3333E-01,
13:52:51.11976690, 1.3333E-02, 2.8800E+00, 5.3333E-01,
13:52:51.11976695, 0.0000E+00, 2.8933E+00, 1.3333E-01,
13:52:51.11976700, 1.3333E-02, 2.8800E+00, 2.6667E-01,
13:52:51.11976705, 1.3333E-02, 2.8667E+00, 1.3333E-01,
13:52:51.11976710, 0.0000E+00, 2.8933E+00, 0.0000E+00,
13:52:51.11976715, 1.3333E-02, 2.8667E+00, 0.0000E+00,
13:52:51.11976720, 5.3333E-02, 2.8667E+00, 1.3333E-01,
13:52:51.11976725, 1.3333E-02, 2.8933E+00, 2.6667E-01,
13:52:51.11976730, 2.6667E-02, 2.9067E+00, 2.6667E-01,
13:52:51.11976735,-1.3333E-02, 2.8667E+00, 2.6667E-01,
13:52:51.11976740,-1.3333E-02, 2.8933E+00, 1.3333E-01,
13:52:51.11976745, 1.3333E-02, 2.8800E+00,-1.3333E-01,
13:52:51.11976750, 0.0000E+00, 2.8667E+00, 4.0000E-01,
13:52:51.11976755, 2.6667E-02, 2.8933E+00, 0.0000E+00,
13:52:51.11976760, 0.0000E+00, 2.8800E+00, 2.6667E-01,
13:52:51.11976765, 0.0000E+00, 2.8667E+00, 0.0000E+00,
13:52:51.11976770, 1.3333E-02, 2.8800E+00, 0.0000E+00,
13:52:51.11976775, 4.0000E-02, 2.8667E+00, 2.6667E-01,
13:52:51.11976780,-1.3333E-02, 2.9067E+00, 1.3333E-01,
13:52:51.11976785, 0.0000E+00, 2.9067E+00, 0.0000E+00,
13:52:51.11976790,-1.3333E-02, 2.8800E+00, 0.0000E+00,
13:52:51.11976795, 4.0000E-02, 2.8800E+00,-1.3333E-01,
13:52:51.11976800,-1.3333E-02, 2.8267E+00, 0.0000E+00,
13:52:51.11976805, 1.3333E-02, 2.8800E+00, 1.3333E-01,
13:52:51.11976810, 2.6667E-02, 2.8667E+00, 0.0000E+00,
13:52:51.11976815, 2.6667E-02, 2.8667E+00, 1.3333E-01,
13:52:51.11976820, 2.6667E-02, 2.8667E+00, 1.3333E-01,
13:52:51.11976825, 0.0000E+00, 2.8533E+00, 2.6667E-01,
13:52:51.11976830, 1.3333E-02, 2.8667E+00, 1.3333E-01,
13:52:51.11976835,-1.3333E-02, 2.8933E+00, 0.0000E+00,
13:52:51.11976840, 1.3333E-02, 2.9200E+00, 2.6667E-01,
13:52:51.11976845, 2.6667E-02, 2.8800E+00, 0.0000E+00,
13:52:51.11976850,-4.0000E-02, 2.8667E+00, 0.0000E+00,
13:52:51.11976855, 2.6667E-02, 2.8933E+00, 0.0000E+00,
13:52:51.11976860, 1.3333E-02, 2.8667E+00, 1.3333E-01,
13:52:51.11976865, 2.6667E-02, 2.8533E+00, 1.3333E-01,
13:52:51.11976870, 0.0000E+00, 2.8933E+00,-1.3333E-01,
13:52:51.11976875,-1.3333E-02, 2.8800E+00,-1.3333E-01,
13:52:51.11976880, 0.0000E+00, 2.8800E+00, 1.3333E-01,
13:52:51.11976885,-1.3333E-02, 2.8533E+00, 5.3333E-01,
13:52:51.11976890,-2.6667E-02, 2.8800E+00, 2.6667E-01,
13:52:51.11976895,-2.6667E-02, 2.8667E+00,-1.3333E-01,
13:52:51.11976900,-1.3333E-02, 2.8933E+00, 0.0000E+00,
13:52:51.11976905, 0.0000E+00, 2.9067E+00,-1.3333E-01,
13:52:51.11976910, 1.3333E-02, 2.8933E+00, 1.3333E-01,
13:52:51.11976915, 1.3333E-02, 2.8533E+00, 0.0000E+00,
13:52:51.11976920, 1.3333E-02, 2.8667E+00, 5.3333E-01,
13:52:51.11976925,-1.3333E-02, 2.8667E+00, 1.3333E-01,
13:52:51.11976930, 0.0000E+00, 2.9067E+00, 1.3333E-01,
13:52:51.11976935, 1.3333E-02, 2.8800E+00, 0.0000E+00,
13:52:51.11976940, 4.0000E-02, 2.9067E+00, 1.3333E-01,
13:52:51.11976945,-1.3333E-02, 2.8667E+00, 2.6667E-01,
13:52:51.11976950, 2.6667E-02, 2.8800E+00, 2.6667E-01,
13:52:51.11976955, 2.6667E-02, 2.8267E+00, 1.3333E-01,
13:52:51.11976960, 2.6667E-02, 2.9200E+00, 2.6667E-01,
13:52:51.11976965, 1.3333E-02, 2.8667E+00,-1.3333E-01,
13:52:51.11976970, 1.3333E-02, 2.8667E+00, 0.0000E+00,
13:52:51.11976975, 0.0000E+00, 2.8800E+00, 1.3333E-01,
13:52:51.11976980, 2.6667E-02, 2.8667E+00, 2.6667E-01,
13:52:51.11976985,-2.6667E-02, 2.8800E+00, 0.0000E+00,
13:52:51.11976990, 0.0000E+00, 2.8800E+00, 2.6667E-01,
13:52:51.11976995, 0.0000E+00, 2.8667E+00, 4.0000E-01,
13:52:51.11977000,-1.3333E-02, 2.8667E+00, 0.0000E+00,
13:52:51.11977005, 1.3333E-02, 2.8800E+00, 1.3333E-01,
13:52:51.11977010, 5.3333E-02, 2.8800E+00, 2.6667E-01,
13:52:51.11977015, 2.6667E-02, 2.9067E+00, 0.0000E+00,
13:52:51.11977020, 2.6667E-02, 2.9333E+00, 1.3333E-01,
13:52:51.11977025,-1.3333E-02, 2.8933E+00, 1.3333E-01,
13:52:51.11977030,-1.3333E-02, 2.8533E+00,-1.3333E-01,
13:52:51.11977035, 0.0000E+00, 2.8933E+00, 0.0000E+00,
13:52:51.11977040, 0.0000E+00, 2.8933E+00, 0.0000E+00,
13:52:51.11977045, 2.6667E-02, 2.8800E+00, 1.3333E-01,
13:52:51.11977050, 2.6667E-02, 2.9200E+00, 0.0000E+00,
13:52:51.11977055, 0.0000E+00, 2.8800E+00, 0.0000E+00,
13:52:51.11977060, 2.6667E-02, 2.8933E+00, 0.0000E+00,
13:52:51.11977065,-1.3333E-02, 2.9067E+00, 2.6667E-01,
13:52:51.11977070, 0.0000E+00, 2.8667E+00, 2.6667E-01,
13:52:51.11977075,-2.6667E-02, 2.8667E+00, 0.0000E+00,
13:52:51.11977080, 1.3333E-02, 2.8667E+00, 0.0000E+00,
13:52:51.11977085, 2.6667E-02, 2.9067E+00, 0.0000E+00,
13:52:51.11977090, 4.0000E-02, 2.9067E+00,-1.3333E-01,
13:52:51.11977095,-2.6667E-02, 2.8667E+00, 2.6667E-01,
13:52:51.11977100, 2.6667E-02, 2.8533E+00,-1.3333E-01,
13:52:51.11977105, 2.6667E-02, 2.8667E+00, 2.6667E-01,
13:52:51.11977110, 1.3333E-02, 2.8933E+00,-1.3333E-01,
13:52:51.11977115,-1.3333E-02, 2.8800E+00, 1.3333E-01,
13:52:51.11977120, 0.0000E+00, 2.8133E+00, 0.0000E+00,
13:52:51.11977125, 1.3333E-02, 2.8533E+00,-2.6667E-01,
13:52:51.11977130, 1.3333E-02, 2.8667E+00, 0.0000E+00,
13:52:51.11977135,-1.3333E-02, 2.8800E+00, 1.3333E-01,
13:52:51.11977140, 1.3333E-02, 2.8533E+00, 1.3333E-01,
13:52:51.11977145, 4.0000E-02, 2.8667E+00, 1.3333E-01,
13:52:51.11977150, 1.3333E-02, 2.8800E+00, 1.3333E-01,
13:52:51.11977155, 0.0000E+00, 2.8800E+00, 2.6667E-01,
13:52:51.11977160, 1.3333E-02, 2.8800E+00, 1.3333E-01,
13:52:51.11977165, 1.3333E-02, 2.8800E+00, 1.3333E-01,
13:52:51.11977170, 0.0000E+00, 2.8667E+00, 1.3333E-01,
13:52:51.11977175, 0.0000E+00, 2.8800E+00, 2.6667E-01,
13:52:51.11977180,-1.3333E-02, 2.8933E+00, 2.6667E-01,
13:52:51.11977185, 0.0000E+00, 2.8933E+00, 4.0000E-01,
13:52:51.11977190,-1.3333E-02, 2.8667E+00,-1.3333E-01,
13:52:51.11977195, 0.0000E+00, 2.8533E+00, 0.0000E+00,
13:52:51.11977200, 2.6667E-02, 2.8533E+00, 1.3333E-01,
13:52:51.11977205, 4.0000E-02, 2.8667E+00, 1.3333E-01,
13:52:51.11977210, 2.6667E-02, 2.8933E+00, 5.3333E-01,
13:52:51.11977215, 1.3333E-02, 2.8800E+00, 1.3333E-01,
13:52:51.11977220,-1.3333E-02, 2.8933E+00, 0.0000E+00,
13:52:51.11977225, 0.0000E+00, 2.8800E+00, 1.3333E-01,
13:52:51.11977230, 0.0000E+00, 2.8667E+00, 2.6667E-01,
13:52:51.11977235, 1.3333E-02, 2.8800E+00, 4.0000E-01,
13:52:51.11977240, 4.0000E-02, 2.8800E+00, 1.3333E-01,
13:52:51.11977245, 1.3333E-02, 2.8933E+00, 2.6667E-01,
13:52:51.11977250, 0.0000E+00, 2.8933E+00, 0.0000E+00,
13:52:51.11977255, 2.6667E-02, 2.9067E+00, 0.0000E+00,
13:52:51.11977260, 1.3333E-02, 2.8800E+00, 0.0000E+00,
13:52:51.11977265, 1.3333E-02, 2.8800E+00,-1.3333E-01,
13:52:51.11977270,-1.3333E-02, 2.8933E+00, 1.3333E-01,
13:52:51.11977275, 0.0000E+00, 2.8933E+00, 1.3333E-01,
13:52:51.11977280, 1.3333E-02, 2.8667E+00, 1.3333E-01,
13:52:51.11977285, 1.3333E-02, 2.8533E+00, 2.6667E-01,
13:52:51.11977290, 0.0000E+00, 2.9200E+00,-2.6667E-01,
13:52:51.11977295, 1.3333E-02, 2.8667E+00, 0.0000E+00,
13:52:51.11977300, 0.0000E+00, 2.8933E+00, 1.3333E-01,
13:52:51.11977305, 2.6667E-02, 2.9200E+00, 1.3333E-01,
13:52:51.11977310,-1.3333E-02, 2.8533E+00, 1.3333E-01,
13:52:51.11977315,-1.3333E-02, 2.8800E+00, 0.0000E+00,
13:52:51.11977320, 1.3333E-02, 2.8400E+00, 4.0000E-01,
13:52:51.11977325, 0.0000E+00, 2.8933E+00, 1.3333E-01,
13:52:51.11977330, 4.0000E-02, 2.8800E+00,-1.3333E-01,
13:52:51.11977335,-1.3333E-02, 2.8933E+00,-1.3333E-01,
13:52:51.11977340, 2.6667E-02, 2.8800E+00, 1.3333E-01,
13:52:51.11977345, 1.3333E-02, 2.8933E+00, 2.6667E-01,
13:52:51.11977350, 1.3333E-02, 2.8800E+00, 0.0000E+00,
13:52:51.11977355, 0.0000E+00, 2.8800E+00, 1.3333E-01,
13:52:51.11977360, 0.0000E+00, 2.8800E+00, 1.3333E-01,
13:52:51.11977365, 0.0000E+00, 2.8667E+00,-2.6667E-01,
13:52:51.11977370, 1.3333E-02, 2.8667E+00, 1.3333E-01,
13:52:51.11977375,-1.3333E-02, 2.8800E+00,-2.6667E-01,
13:52:51.11977380, 1.3333E-02, 2.8800E+00,-4.0000E-01,
13:52:51.11977385, 0.0000E+00, 2.8667E+00,-1.3333E-01,
13:52:51.11977390, 4.0000E-02, 2.8933E+00, 0.0000E+00,
13:52:51.11977395, 0.0000E+00, 2.8800E+00, 1.3333E-01,
13:52:51.11977400, 1.3333E-02, 2.8933E+00, 1.3333E-01,
13:52:51.11977405, 2.6667E-02, 2.8933E+00, 4.0000E-01,
13:52:51.11977410,-4.0000E-02, 2.8800E+00, 2.6667E-01,
13:52:51.11977415, 0.0000E+00, 2.8933E+00, 5.3333E-01,
13:52:51.11977420, 0.0000E+00, 2.8667E+00, 1.3333E-01,
13:52:51.11977425, 1.3333E-02, 2.8533E+00, 0.0000E+00,
13:52:51.11977430, 2.6667E-02, 2.9200E+00, 4.0000E-01,
13:52:51.11977435, 4.0000E-02, 2.8800E+00,-2.6667E-01,
13:52:51.11977440, 1.3333E-02, 2.8800E+00, 1.3333E-01,
13:52:51.11977445, 1.3333E-02, 2.8933E+00, 2.6667E-01,
13:52:51.11977450, 0.0000E+00, 2.8800E+00, 2.6667E-01,
13:52:51.11977455,-1.3333E-02, 2.8800E+00, 4.0000E-01,
13:52:51.11977460, 2.6667E-02, 2.9067E+00, 2.6667E-01,
13:52:51.11977465,-1.3333E-02, 2.8933E+00, 0.0000E+00,
13:52:51.11977470, 1.3333E-02, 2.8800E+00, 1.3333E-01,
13:52:51.11977475, 1.3333E-02, 2.9200E+00,-1.3333E-01,
13:52:51.11977480, 1.3333E-02, 2.8667E+00, 4.0000E-01,
13:52:51.11977485,-2.6667E-02, 2.8933E+00, 1.3333E-01,
13:52:51.11977490, 4.0000E-02, 2.8667E+00,-1.3333E-01,
13:52:51.11977495, 1.3333E-02, 2.8667E+00, 0.0000E+00,
13:52:51.11977500, 4.0000E-02, 2.8933E+00,-1.3333E-01,
13:52:51.11977505,-2.6667E-02, 2.8933E+00, 0.0000E+00,
13:52:51.11977510, 1.3333E-02, 2.8933E+00, 1.3333E-01,
13:52:51.11977515, 1.3333E-02, 2.8800E+00, 1.3333E-01,
13:52:51.11977520, 1.3333E-02, 2.8800E+00, 1.3333E-01,
13:52:51.11977525, 0.0000E+00, 2.8800E+00, 4.0000E-01,
13:52:51.11977530, 2.6667E-02, 2.8533E+00, 0.0000E+00,
13:52:51.11977535, 0.0000E+00, 2.8800E+00, 1.3333E-01,
13:52:51.11977540, 1.3333E-02, 2.8800E+00,-1.3333E-01,
13:52:51.11977545,-2.6667E-02, 2.8933E+00, 0.0000E+00,
13:52:51.11977550, 1.3333E-02, 2.8800E+00,-2.6667E-01,
13:52:51.11977555,-2.6667E-02, 2.8933E+00, 1.3333E-01,
13:52:51.11977560, 0.0000E+00, 2.8800E+00, 2.6667E-01,
13:52:51.11977565, 1.3333E-02, 2.9067E+00, 0.0000E+00,
13:52:51.11977570, 1.3333E-02, 2.8667E+00, 0.0000E+00,
13:52:51.11977575, 2.6667E-02, 2.8800E+00,-1.3333E-01,
13:52:51.11977580, 0.0000E+00, 2.8667E+00, 0.0000E+00,
13:52:51.11977585, 2.6667E-02, 2.8800E+00, 2.6667E-01,
13:52:51.11977590,-1.3333E-02, 2.8933E+00, 0.0000E+00,
13:52:51.11977595, 1.3333E-02, 2.8533E+00, 2.6667E-01,
13:52:51.11977600,-2.6667E-02, 2.8667E+00, 2.6667E-01,
13:52:51.11977605, 1.3333E-02, 2.9200E+00, 6.6667E-01,
13:52:51.11977610, 2.6667E-02, 2.9067E+00, 2.6667E-01,
13:52:51.11977615,-2.6667E-02, 2.9067E+00, 2.6667E-01,
13:52:51.11977620, 2.6667E-02, 2.8667E+00, 2.6667E-01,
13:52:51.11977625, 1.3333E-02, 2.9067E+00, 0.0000E+00,
13:52:51.11977630, 4.0000E-02, 2.9067E+00,-1.3333E-01,
13:52:51.11977635, 1.3333E-02, 2.9067E+00, 2.6667E-01,
13:52:51.11977640, 1.3333E-02, 2.8933E+00,-1.3333E-01,
13:52:51.11977645, 1.3333E-02, 2.8800E+00, 4.0000E-01,
13:52:51.11977650, 0.0000E+00, 2.8667E+00,-1.3333E-01,
13:52:51.11977655, 2.6667E-02, 2.8933E+00, 1.3333E-01,
13:52:51.11977660,-1.3333E-02, 2.8667E+00, 1.3333E-01,
13:52:51.11977665, 5.3333E-02, 2.8933E+00, 0.0000E+00,
13:52:51.11977670, 3.8667E-01, 2.8933E+00, 2.6667E-01,
13:52:51.11977675, 1.1733E+00, 2.9067E+00, 4.0000E-01,
13:52:51.11977680, 1.9733E+00, 2.7600E+00,-1.3333E-01,
13:52:51.11977685, 2.4533E+00, 2.5067E+00, 2.6667E-01,
13:52:51.11977690, 2.6267E+00, 2.5867E+00, 2.6667E-01,
13:52:51.11977695, 2.6667E+00, 2.6533E+00, 0.0000E+00,
13:52:51.11977700, 2.6667E+00, 2.7200E+00, 1.3333E-01,
13:52:51.11977705, 2.6933E+00, 2.7733E+00, 4.0000E-01,
13:52:51.11977710, 2.6800E+00, 2.8000E+00, 0.0000E+00,
13:52:51.11977715, 2.6800E+00, 2.7733E+00, 2.6667E-01,
13:52:51.11977720, 2.7067E+00, 2.8000E+00, 1.3333E-01,
13:52:51.11977725, 2.6800E+00, 2.8267E+00, 2.6667E-01,
13:52:51.11977730, 2.6667E+00, 2.8000E+00, 1.3333E-01,
13:52:51.11977735, 2.6533E+00, 2.7867E+00, 1.3333E-01,
13:52:51.11977740, 2.6533E+00, 2.8000E+00, 4.0000E-01,
13:52:51.11977745, 2.6133E+00, 2.8000E+00, 5.3333E-01,
13:52:51.11977750, 2.6533E+00, 2.8000E+00, 2.6667E-01,
13:52:51.11977755, 2.6400E+00, 2.8000E+00, 4.0000E-01,
13:52:51.11977760, 2.6667E+00, 2.8000E+00, 4.0000E-01,
13:52:51.11977765, 2.6400E+00, 2.8000E+00, 4.0000E-01,
13:52:51.11977770, 2.6400E+00, 2.8400E+00, 4.0000E-01,
13:52:51.11977775, 2.6267E+00, 2.8000E+00, 2.6667E-01,
13:52:51.11977780, 2.6267E+00, 2.8000E+00, 4.0000E-01,
13:52:51.11977785, 2.6267E+00, 2.8000E+00, 6.6667E-01,
13:52:51.11977790, 2.5867E+00, 2.8267E+00, 6.6667E-01,
13:52:51.11977795, 2.6000E+00, 2.8000E+00, 5.3333E-01,
13:52:51.11977800, 2.5867E+00, 2.8000E+00, 8.0000E-01,
13:52:51.11977805, 2.6000E+00, 2.8000E+00, 2.6667E-01,
13:52:51.11977810, 2.6267E+00, 2.8133E+00, 8.0000E-01,
13:52:51.11977815, 2.6000E+00, 2.8267E+00, 1.3333E-01,
13:52:51.11977820, 2.6267E+00, 2.8267E+00, 5.3333E-01,
13:52:51.11977825, 2.6000E+00, 2.8000E+00, 5.3333E-01,
13:52:51.11977830, 2.6000E+00, 2.8000E+00, 4.0000E-01,
13:52:51.11977835, 2.5867E+00, 2.8000E+00, 6.6667E-01,
13:52:51.11977840, 2.5867E+00, 2.8000E+00, 6.6667E-01,
13:52:51.11977845, 2.5867E+00, 2.7867E+00, 9.3333E-01,
13:52:51.11977850, 2.5467E+00, 2.8000E+00, 5.3333E-01,
13:52:51.11977855, 2.5733E+00, 2.8133E+00, 6.6667E-01,
13:52:51.11977860, 2.5600E+00, 2.8267E+00, 5.3333E-01,
13:52:51.11977865, 2.5733E+00, 2.8000E+00, 6.6667E-01,
13:52:51.11977870, 2.5733E+00, 2.8000E+00, 6.6667E-01,
13:52:51.11977875, 2.5733E+00, 2.8000E+00, 5.3333E-01,
13:52:51.11977880, 2.5600E+00, 2.8133E+00, 6.6667E-01,
13:52:51.11977885, 2.5333E+00, 2.8133E+00, 6.6667E-01,
13:52:51.11977890, 2.5333E+00, 2.8133E+00, 1.0667E+00,
13:52:51.11977895, 2.5333E+00, 2.8000E+00, 8.0000E-01,
13:52:51.11977900, 2.5200E+00, 2.8000E+00, 6.6667E-01,
13:52:51.11977905, 2.5200E+00, 2.8000E+00, 6.6667E-01,
13:52:51.11977910, 2.5333E+00, 2.8267E+00, 8.0000E-01,
13:52:51.11977915, 2.5333E+00, 2.8000E+00, 6.6667E-01,
13:52:51.11977920, 2.5200E+00, 2.7867E+00, 9.3333E-01,
13:52:51.11977925, 2.5067E+00, 2.8000E+00, 8.0000E-01,
13:52:51.11977930, 2.5067E+00, 2.7867E+00, 1.0667E+00,
13:52:51.11977935, 2.5200E+00, 2.8000E+00, 8.0000E-01,
13:52:51.11977940, 2.4533E+00, 2.8000E+00, 1.0667E+00,
13:52:51.11977945, 2.5067E+00, 2.7733E+00, 1.2000E+00,
13:52:51.11977950, 2.4667E+00, 2.7733E+00, 1.0667E+00,
13:52:51.11977955, 2.5067E+00, 2.8000E+00, 6.6667E-01,
13:52:51.11977960, 2.4800E+00, 2.8133E+00, 9.3333E-01,
13:52:51.11977965, 2.4800E+00, 2.7867E+00, 6.6667E-01,
13:52:51.11977970, 2.5067E+00, 2.7333E+00, 1.0667E+00,
13:52:51.11977975, 2.4800E+00, 2.7733E+00, 8.0000E-01,
13:52:51.11977980, 2.4800E+00, 2.7733E+00, 1.0667E+00,
13:52:51.11977985, 2.4400E+00, 2.7733E+00, 1.2000E+00,
13:52:51.11977990, 2.4400E+00, 2.8000E+00, 8.0000E-01,
13:52:51.11977995, 2.4933E+00, 2.8000E+00, 8.0000E-01,
13:52:51.11978000, 2.4800E+00, 2.7867E+00, 1.0667E+00,
13:52:51.11978005, 2.5067E+00, 2.8000E+00, 9.3333E-01,
13:52:51.11978010, 2.4800E+00, 2.8000E+00, 1.2000E+00,
13:52:51.11978015, 2.4933E+00, 2.7867E+00, 1.0667E+00,
13:52:51.11978020, 2.4933E+00, 2.8000E+00, 1.0667E+00,
13:52:51.11978025, 2.4800E+00, 2.7867E+00, 8.0000E-01,
13:52:51.11978030, 2.4667E+00, 2.8000E+00, 1.0667E+00,
13:52:51.11978035, 2.4667E+00, 2.8000E+00, 8.0000E-01,
13:52:51.11978040, 2.4667E+00, 2.8000E+00, 1.3333E+00,
13:52:51.11978045, 2.4533E+00, 2.8000E+00, 1.0667E+00,
13:52:51.11978050, 2.4800E+00, 2.8133E+00, 1.2000E+00,
13:52:51.11978055, 2.4800E+00, 2.7733E+00, 1.3333E+00,
13:52:51.11978060, 2.4533E+00, 2.7733E+00, 9.3333E-01,
13:52:51.11978065, 2.4800E+00, 2.8000E+00, 1.0667E+00,
13:52:51.11978070, 2.4667E+00, 2.8000E+00, 1.2000E+00,
13:52:51.11978075, 2.4533E+00, 2.7733E+00, 1.4667E+00,
13:52:51.11978080, 2.4533E+00, 2.8000E+00, 1.0667E+00,
13:52:51.11978085, 2.4667E+00, 2.8133E+00, 1.6000E+00,
13:52:51.11978090, 2.4533E+00, 2.7867E+00, 1.2000E+00,
13:52:51.11978095, 2.5067E+00, 2.8000E+00, 1.0667E+00,
13:52:51.11978100, 2.4667E+00, 2.7733E+00, 1.4667E+00,
13:52:51.11978105, 2.4800E+00, 2.8000E+00, 1.2000E+00,
13:52:51.11978110, 2.4667E+00, 2.7733E+00, 1.3333E+00,
13:52:51.11978115, 2.4533E+00, 2.8000E+00, 1.4667E+00,
13:52:51.11978120, 2.4800E+00, 2.7600E+00, 1.0667E+00,
13:52:51.11978125, 2.4533E+00, 2.8000E+00, 1.3333E+00,
13:52:51.11978130, 2.4533E+00, 2.7733E+00, 1.4667E+00,
13:52:51.11978135, 2.4533E+00, 2.8000E+00, 1.6000E+00,
13:52:51.11978140, 2.4667E+00, 2.7733E+00, 1.6000E+00,
13:52:51.11978145, 2.4667E+00, 2.7867E+00, 1.7333E+00,
13:52:51.11978150, 2.4667E+00, 2.7867E+00, 1.8667E+00,
13:52:51.11978155, 2.4667E+00, 2.8000E+00, 1.4667E+00,
13:52:51.11978160, 2.5067E+00, 2.7867E+00, 1.6000E+00,
13:52:51.11978165, 2.4667E+00, 2.7733E+00, 1.6000E+00,
13:52:51.11978170, 2.4933E+00, 2.7733E+00, 1.7333E+00,
13:52:51.11978175, 2.4667E+00, 2.8133E+00, 1.4667E+00,
13:52:51.11978180, 2.4533E+00, 2.7867E+00, 1.6000E+00,
13:52:51.11978185, 2.4667E+00, 2.8000E+00, 1.7333E+00,
13:52:51.11978190, 2.4533E+00, 2.8133E+00, 1.8667E+00,
13:52:51.11978195, 2.4933E+00, 2.8000E+00, 1.7333E+00,
13:52:51.11978200, 2.5067E+00, 2.8000E+00, 1.8667E+00,
13:52:51.11978205, 2.4933E+00, 2.8000E+00, 1.8667E+00,
13:52:51.11978210, 2.4667E+00, 2.8000E+00, 1.7333E+00,
13:52:51.11978215, 2.4800E+00, 2.8133E+00, 1.4667E+00,
13:52:51.11978220, 2.4667E+00, 2.8000E+00, 2.0000E+00,
13:52:51.11978225, 2.4667E+00, 2.8000E+00, 1.8667E+00,
13:52:51.11978230, 2.4533E+00, 2.8000E+00, 1.8667E+00,
13:52:51.11978235, 2.4667E+00, 2.7600E+00, 2.0000E+00,
13:52:51.11978240, 2.4800E+00, 2.8000E+00, 2.0000E+00,
13:52:51.11978245, 2.5067E+00, 2.7867E+00, 2.1333E+00,
13:52:51.11978250, 2.4667E+00, 2.8000E+00, 2.0000E+00,
13:52:51.11978255, 2.4800E+00, 2.7867E+00, 2.0000E+00,
13:52:51.11978260, 2.4800E+00, 2.8000E+00, 1.8667E+00,
13:52:51.11978265, 2.4667E+00, 2.8000E+00, 1.8667E+00,
13:52:51.11978270, 2.4667E+00, 2.8133E+00, 2.0000E+00,
13:52:51.11978275, 2.4667E+00, 2.8267E+00, 1.8667E+00,
13:52:51.11978280, 2.4667E+00, 2.8133E+00, 2.0000E+00,
13:52:51.11978285, 2.4933E+00, 2.8267E+00, 2.4000E+00,
13:52:51.11978290, 2.4800E+00, 2.8133E+00, 2.0000E+00,
13:52:51.11978295, 2.5067E+00, 2.8133E+00, 2.0000E+00,
13:52:51.11978300, 2.5067E+00, 2.7867E+00, 2.1333E+00,
13:52:51.11978305, 2.4667E+00, 2.8400E+00, 1.8667E+00,
13:52:51.11978310, 2.4800E+00, 2.8000E+00, 2.0000E+00,
13:52:51.11978315, 2.4667E+00, 2.8000E+00, 2.0000E+00,
13:52:51.11978320, 2.4533E+00, 2.8000E+00, 2.0000E+00,
13:52:51.11978325, 2.4800E+00, 2.8267E+00, 2.0000E+00,
13:52:51.11978330, 2.4400E+00, 2.8000E+00, 2.1333E+00,
13:52:51.11978335, 2.5067E+00, 2.8000E+00, 2.4000E+00,
13:52:51.11978340, 2.4933E+00, 2.8133E+00, 2.2667E+00,
13:52:51.11978345, 2.4800E+00, 2.8000E+00, 2.1333E+00,
13:52:51.11978350, 2.4933E+00, 2.8133E+00, 2.0000E+00,
13:52:51.11978355, 2.4933E+00, 2.8000E+00, 1.8667E+00,
13:52:51.11978360, 2.4933E+00, 2.8267E+00, 2.2667E+00,
13:52:51.11978365, 2.4400E+00, 2.8267E+00, 1.8667E+00,
13:52:51.11978370, 2.4667E+00, 2.8000E+00, 2.2667E+00,
13:52:51.11978375, 2.4933E+00, 2.8000E+00, 2.0000E+00,
13:52:51.11978380, 2.4800E+00, 2.8133E+00, 2.1333E+00,
13:52:51.11978385, 2.4933E+00, 2.8267E+00, 2.1333E+00,
13:52:51.11978390, 2.4800E+00, 2.8133E+00, 2.1333E+00,
13:52:51.11978395, 2.5067E+00, 2.8000E+00, 2.1333E+00,
13:52:51.11978400, 2.4800E+00, 2.8267E+00, 2.1333E+00,
13:52:51.11978405, 2.4667E+00, 2.8133E+00, 2.1333E+00,
13:52:51.11978410, 2.4800E+00, 2.7867E+00, 2.1333E+00,
13:52:51.11978415, 2.4400E+00, 2.8267E+00, 2.2667E+00,
13:52:51.11978420, 2.4400E+00, 2.8400E+00, 2.0000E+00,
13:52:51.11978425, 2.4667E+00, 2.8000E+00, 2.2667E+00,
13:52:51.11978430, 2.4800E+00, 2.8133E+00, 2.1333E+00,
13:52:51.11978435, 2.4933E+00, 2.8133E+00, 2.5333E+00,
13:52:51.11978440, 2.4933E+00, 2.8000E+00, 2.1333E+00,
13:52:51.11978445, 2.4800E+00, 2.8133E+00, 2.2667E+00,
13:52:51.11978450, 2.4533E+00, 2.8267E+00, 2.2667E+00,
13:52:51.11978455, 2.4933E+00, 2.8533E+00, 2.1333E+00,
13:52:51.11978460, 2.4667E+00, 2.8400E+00, 2.1333E+00,
13:52:51.11978465, 2.4933E+00, 2.8400E+00, 2.1333E+00,
13:52:51.11978470, 2.5067E+00, 2.8267E+00, 2.1333E+00,
13:52:51.11978475, 2.4800E+00, 2.8133E+00, 2.1333E+00,
13:52:51.11978480, 2.4800E+00, 2.8533E+00, 2.2667E+00,
13:52:51.11978485, 2.5067E+00, 2.8267E+00, 2.4000E+00,
13:52:51.11978490, 2.4933E+00, 2.8400E+00, 2.6667E+00,
13:52:51.11978495, 2.4800E+00, 2.8267E+00, 2.2667E+00,
13:52:51.11978500, 2.4800E+00, 2.8400E+00, 2.5333E+00,
13:52:51.11978505, 2.4667E+00, 2.8267E+00, 2.1333E+00,
13:52:51.11978510, 2.4800E+00, 2.8400E+00, 2.4000E+00,
13:52:51.11978515, 2.4667E+00, 2.8533E+00, 2.6667E+00,
13:52:51.11978520, 2.4533E+00, 2.8400E+00, 2.4000E+00,
13:52:51.11978525, 2.4800E+00, 2.8667E+00, 2.2667E+00,
13:52:51.11978530, 2.4933E+00, 2.8400E+00, 2.6667E+00,
13:52:51.11978535, 2.4800E+00, 2.8667E+00, 2.4000E+00,
13:52:51.11978540, 2.5333E+00, 2.8400E+00, 2.5333E+00,
13:52:51.11978545, 2.4800E+00, 2.8533E+00, 2.4000E+00,
13:52:51.11978550, 2.4800E+00, 2.8667E+00, 2.2667E+00,
13:52:51.11978555, 2.4933E+00, 2.8800E+00, 2.4000E+00,
13:52:51.11978560, 2.4933E+00, 2.8400E+00, 2.1333E+00,
13:52:51.11978565, 2.4800E+00, 2.8400E+00, 2.2667E+00,
13:52:51.11978570, 2.4800E+00, 2.8267E+00, 2.2667E+00,
13:52:51.11978575, 2.4933E+00, 2.8400E+00, 2.2667E+00,
13:52:51.11978580, 2.4933E+00, 2.8667E+00, 2.6667E+00,
13:52:51.11978585, 2.5067E+00, 2.8533E+00, 2.6667E+00,
13:52:51.11978590, 2.4800E+00, 2.8533E+00, 2.5333E+00,
13:52:51.11978595, 2.4933E+00, 2.8667E+00, 2.6667E+00,
13:52:51.11978600, 2.4933E+00, 2.8533E+00, 2.4000E+00,
13:52:51.11978605, 2.4667E+00, 2.8400E+00, 2.2667E+00,
13:52:51.11978610, 2.4533E+00, 2.8400E+00, 2.4000E+00,
13:52:51.11978615, 2.4667E+00, 2.8800E+00, 2.4000E+00,
13:52:51.11978620, 2.4800E+00, 2.8400E+00, 2.1333E+00,
13:52:51.11978625, 2.4400E+00, 2.8667E+00, 2.5333E+00,
13:52:51.11978630, 2.4667E+00, 2.8533E+00, 2.2667E+00,
13:52:51.11978635, 2.5200E+00, 2.8800E+00, 2.5333E+00,
13:52:51.11978640, 2.5067E+00, 2.8533E+00, 2.5333E+00,
13:52:51.11978645, 2.5067E+00, 2.8533E+00, 2.6667E+00,
13:52:51.11978650, 2.4800E+00, 2.8667E+00, 2.5333E+00,
13:52:51.11978655, 2.4800E+00, 2.8533E+00, 2.2667E+00,
13:52:51.11978660, 2.4800E+00, 2.8533E+00, 2.4000E+00,
13:52:51.11978665, 2.4933E+00, 2.8933E+00, 2.6667E+00,
13:52:51.11978670, 2.5067E+00, 2.8800E+00, 2.5333E+00,
13:52:51.11978675, 2.5067E+00, 2.8667E+00, 2.2667E+00,
13:52:51.11978680, 2.4667E+00, 2.8533E+00, 2.4000E+00,
13:52:51.11978685, 2.4933E+00, 2.8933E+00, 2.2667E+00,
13:52:51.11978690, 2.5067E+00, 2.8933E+00, 2.2667E+00,
13:52:51.11978695, 2.5067E+00, 2.8533E+00, 2.4000E+00,
13:52:51.11978700, 2.4933E+00, 2.8667E+00, 2.6667E+00,
13:52:51.11978705, 2.4667E+00, 2.8533E+00, 2.5333E+00,
13:52:51.11978710, 2.4800E+00, 2.8667E+00, 2.2667E+00,
13:52:51.11978715, 2.4800E+00, 2.8400E+00, 2.2667E+00,
13:52:51.11978720, 2.4933E+00, 2.9067E+00, 2.6667E+00,
13:52:51.11978725, 2.4800E+00, 2.8533E+00, 2.5333E+00,
13:52:51.11978730, 2.4933E+00, 2.8667E+00, 2.4000E+00,
13:52:51.11978735, 2.4800E+00, 2.8800E+00, 2.4000E+00,
13:52:51.11978740, 2.4933E+00, 2.8800E+00, 2.4000E+00,
13:52:51.11978745, 2.4667E+00, 2.8800E+00, 2.5333E+00,
13:52:51.11978750, 2.4667E+00, 2.8667E+00, 2.0000E+00,
13:52:51.11978755, 2.4800E+00, 2.8800E+00, 2.2667E+00,
13:52:51.11978760, 2.4667E+00, 2.8800E+00, 2.0000E+00,
13:52:51.11978765, 2.4667E+00, 2.8933E+00, 2.8000E+00,
13:52:51.11978770, 2.4800E+00, 2.8800E+00, 2.2667E+00,
13:52:51.11978775, 2.5067E+00, 2.8800E+00, 2.6667E+00,
13:52:51.11978780, 2.5067E+00, 2.9200E+00, 2.5333E+00,
13:52:51.11978785, 2.4667E+00, 2.8800E+00, 2.4000E+00,
13:52:51.11978790, 2.4667E+00, 2.8667E+00, 2.2667E+00,
13:52:51.11978795, 2.4533E+00, 2.9200E+00, 2.8000E+00,
13:52:51.11978800, 2.4533E+00, 2.8667E+00, 2.5333E+00,
13:52:51.11978805, 2.4800E+00, 2.8800E+00, 2.5333E+00,
13:52:51.11978810, 2.4533E+00, 2.9067E+00, 2.2667E+00,
13:52:51.11978815, 2.4800E+00, 2.8933E+00, 2.2667E+00,
13:52:51.11978820, 2.5333E+00, 2.9200E+00, 2.4000E+00,
13:52:51.11978825, 2.5067E+00, 2.9067E+00, 2.6667E+00,
13:52:51.11978830, 2.4800E+00, 2.8667E+00, 2.4000E+00,
13:52:51.11978835, 2.4933E+00, 2.8933E+00, 2.9333E+00,
13:52:51.11978840, 2.5067E+00, 2.8667E+00, 2.0000E+00,
13:52:51.11978845, 2.4800E+00, 2.8933E+00, 2.1333E+00,
13:52:51.11978850, 2.4933E+00, 2.8800E+00, 2.4000E+00,
13:52:51.11978855, 2.4933E+00, 2.8933E+00, 2.1333E+00,
13:52:51.11978860, 2.5067E+00, 2.9200E+00, 2.2667E+00,
13:52:51.11978865, 2.4933E+00, 2.8933E+00, 2.0000E+00,
13:52:51.11978870, 2.4933E+00, 2.8800E+00, 2.6667E+00,
13:52:51.11978875, 2.5333E+00, 2.8800E+00, 2.5333E+00,
13:52:51.11978880, 2.5333E+00, 2.9200E+00, 2.5333E+00,
13:52:51.11978885, 2.5200E+00, 2.9200E+00, 2.6667E+00,
13:52:51.11978890, 2.4533E+00, 2.8933E+00, 2.1333E+00,
13:52:51.11978895, 2.4667E+00, 2.8933E+00, 2.0000E+00,
13:52:51.11978900, 2.4667E+00, 2.8933E+00, 2.5333E+00,
13:52:51.11978905, 2.4933E+00, 2.8800E+00, 2.0000E+00,
13:52:51.11978910, 2.4933E+00, 2.8933E+00, 2.4000E+00,
13:52:51.11978915, 2.5067E+00, 2.9333E+00, 2.2667E+00,
13:52:51.11978920, 2.4933E+00, 2.9067E+00, 2.2667E+00,
13:52:51.11978925, 2.4933E+00, 2.9067E+00, 2.5333E+00,
13:52:51.11978930, 2.4933E+00, 2.8933E+00, 2.5333E+00,
13:52:51.11978935, 2.5067E+00, 2.9067E+00, 2.6667E+00,
13:52:51.11978940, 2.4667E+00, 2.9200E+00, 2.0000E+00,
13:52:51.11978945, 2.4667E+00, 2.9067E+00, 2.1333E+00,
13:52:51.11978950, 2.4800E+00, 2.9200E+00, 2.1333E+00,
13:52:51.11978955, 2.4667E+00, 2.9200E+00, 2.4000E+00,
13:52:51.11978960, 2.4800E+00, 2.9333E+00, 2.2667E+00,
13:52:51.11978965, 2.4933E+00, 2.8800E+00, 2.5333E+00,
13:52:51.11978970, 2.4933E+00, 2.8933E+00, 2.2667E+00,
13:52:51.11978975, 2.5067E+00, 2.9200E+00, 2.1333E+00,
13:52:51.11978980, 2.5067E+00, 2.9067E+00, 2.5333E+00,
13:52:51.11978985, 2.4400E+00, 2.9200E+00, 2.0000E+00,
13:52:51.11978990, 2.4933E+00, 2.9200E+00, 2.4000E+00,
13:52:51.11978995, 2.4933E+00, 2.9333E+00, 2.0000E+00,
13:52:51.11979000, 2.4667E+00, 2.9200E+00, 2.1333E+00,
13:52:51.11979005, 2.4800E+00, 2.9067E+00, 2.1333E+00,
13:52:51.11979010, 2.4533E+00, 2.9333E+00, 2.1333E+00,
13:52:51.11979015, 2.5067E+00, 2.8933E+00, 2.2667E+00,
13:52:51.11979020, 2.4800E+00, 2.9467E+00, 2.1333E+00,
13:52:51.11979025, 2.4667E+00, 2.9200E+00, 2.4000E+00,
13:52:51.11979030, 2.4933E+00, 2.9200E+00, 2.0000E+00,
13:52:51.11979035, 2.4667E+00, 2.9067E+00, 2.1333E+00,
13:52:51.11979040, 2.4800E+00, 2.9067E+00, 2.0000E+00,
13:52:51.11979045, 2.4667E+00, 2.8933E+00, 2.1333E+00,
13:52:51.11979050, 2.5067E+00, 2.9067E+00, 2.2667E+00,
13:52:51.11979055, 2.4800E+00, 2.9200E+00, 2.2667E+00,
13:52:51.11979060, 2.4933E+00, 2.9467E+00, 2.4000E+00,
13:52:51.11979065, 2.4933E+00, 2.8933E+00, 2.1333E+00,
13:52:51.11979070, 2.4800E+00, 2.9067E+00, 2.1333E+00,
13:52:51.11979075, 2.4933E+00, 2.9333E+00, 2.0000E+00,
13:52:51.11979080, 2.4667E+00, 2.8800E+00, 2.2667E+00,
13:52:51.11979085, 2.4400E+00, 2.9200E+00, 2.0000E+00,
13:52:51.11979090, 2.4933E+00, 2.9067E+00, 2.0000E+00,
13:52:51.11979095, 2.4800E+00, 2.9200E+00, 2.1333E+00,
13:52:51.11979100, 2.4933E+00, 2.9333E+00, 2.2667E+00,
13:52:51.11979105, 2.4800E+00, 2.8800E+00, 2.0000E+00,
13:52:51.11979110, 2.4933E+00, 2.9333E+00, 2.0000E+00,
13:52:51.11979115, 2.4933E+00, 2.9200E+00, 2.2667E+00,
13:52:51.11979120, 2.5067E+00, 2.9333E+00, 2.5333E+00,
13:52:51.11979125, 2.4800E+00, 2.9333E+00, 2.0000E+00,
13:52:51.11979130, 2.5067E+00, 2.9733E+00, 2.0000E+00,
13:52:51.11979135, 2.4933E+00, 2.9067E+00, 1.8667E+00,
13:52:51.11979140, 2.4800E+00, 2.9200E+00, 2.0000E+00,
13:52:51.11979145, 2.4933E+00, 2.9333E+00, 2.2667E+00,
13:52:51.11979150, 2.4800E+00, 2.9200E+00, 2.0000E+00,
13:52:51.11979155, 2.4800E+00, 2.9067E+00, 2.0000E+00,
13:52:51.11979160, 2.5200E+00, 2.9333E+00, 2.2667E+00,
13:52:51.11979165, 2.5067E+00, 2.9200E+00, 2.0000E+00,
13:52:51.11979170, 2.5067E+00, 2.9333E+00, 2.1333E+00,
13:52:51.11979175, 2.5067E+00, 2.9333E+00, 2.1333E+00,
13:52:51.11979180, 2.4533E+00, 2.9333E+00, 1.7333E+00,
13:52:51.11979185, 2.4667E+00, 2.9333E+00, 2.1333E+00,
13:52:51.11979190, 2.4667E+00, 2.9333E+00, 1.7333E+00,
13:52:51.11979195, 2.4667E+00, 2.9333E+00, 1.8667E+00,
13:52:51.11979200, 2.4667E+00, 2.9333E+00, 2.0000E+00,
13:52:51.11979205, 2.4667E+00, 2.8800E+00, 1.8667E+00,
13:52:51.11979210, 2.4800E+00, 2.9333E+00, 2.0000E+00,
13:52:51.11979215, 2.4933E+00, 2.9333E+00, 2.0000E+00,
13:52:51.11979220, 2.5067E+00, 2.9333E+00, 1.7333E+00,
13:52:51.11979225, 2.4800E+00, 2.9333E+00, 2.0000E+00,
13:52:51.11979230, 2.4800E+00, 2.9333E+00, 1.7333E+00,
13:52:51.11979235, 2.4667E+00, 2.9333E+00, 1.8667E+00,
13:52:51.11979240, 2.4533E+00, 2.9333E+00, 1.7333E+00,
13:52:51.11979245, 2.4933E+00, 2.9333E+00, 1.8667E+00,
13:52:51.11979250, 2.4800E+00, 2.9333E+00, 2.0000E+00,
13:52:51.11979255, 2.4933E+00, 2.9333E+00, 1.8667E+00,
13:52:51.11979260, 2.4800E+00, 2.9333E+00, 2.1333E+00,
13:52:51.11979265, 2.4667E+00, 2.9333E+00, 1.8667E+00,
13:52:51.11979270, 2.4800E+00, 2.9200E+00, 1.8667E+00,
13:52:51.11979275, 2.5200E+00, 2.9333E+00, 2.0000E+00,
13:52:51.11979280, 2.5067E+00, 2.9333E+00, 1.8667E+00,
13:52:51.11979285, 2.4667E+00, 2.9333E+00, 1.8667E+00,
13:52:51.11979290, 2.4533E+00, 2.9067E+00, 1.6000E+00,
13:52:51.11979295, 2.4667E+00, 2.9333E+00, 1.8667E+00,
13:52:51.11979300, 2.4667E+00, 2.9333E+00, 1.8667E+00,
13:52:51.11979305, 2.4800E+00, 2.9333E+00, 1.8667E+00,
13:52:51.11979310, 2.5200E+00, 2.9333E+00, 1.7333E+00,
13:52:51.11979315, 2.5067E+00, 2.9467E+00, 1.7333E+00,
13:52:51.11979320, 2.4800E+00, 2.9333E+00, 1.6000E+00,
13:52:51.11979325, 2.5067E+00, 2.9333E+00, 1.6000E+00,
13:52:51.11979330, 2.4800E+00, 2.9333E+00, 1.6000E+00,
13:52:51.11979335, 2.4800E+00, 2.9200E+00, 2.0000E+00,
13:52:51.11979340, 2.4933E+00, 2.9600E+00, 1.7333E+00,
13:52:51.11979345, 2.5067E+00, 2.9333E+00, 1.7333E+00,
13:52:51.11979350, 2.4667E+00, 2.9333E+00, 1.8667E+00,
13:52:51.11979355, 2.5200E+00, 2.9467E+00, 1.7333E+00,
13:52:51.11979360, 2.5200E+00, 2.9467E+00, 1.7333E+00,
13:52:51.11979365, 2.5067E+00, 2.9333E+00, 2.0000E+00,
13:52:51.11979370, 2.4800E+00, 2.9333E+00, 1.6000E+00,
13:52:51.11979375, 2.4800E+00, 2.9333E+00, 1.7333E+00,
13:52:51.11979380, 2.4400E+00, 2.9333E+00, 1.6000E+00,
13:52:51.11979385, 2.4800E+00, 2.9467E+00, 1.2000E+00,
13:52:51.11979390, 2.4800E+00, 2.9467E+00, 1.7333E+00,
13:52:51.11979395, 2.4933E+00, 2.9333E+00, 1.6000E+00,
13:52:51.11979400, 2.4933E+00, 2.9333E+00, 1.6000E+00,
13:52:51.11979405, 2.4933E+00, 2.9467E+00, 1.4667E+00,
13:52:51.11979410, 2.4800E+00, 2.9333E+00, 1.7333E+00,
13:52:51.11979415, 2.4800E+00, 2.9467E+00, 1.6000E+00,
13:52:51.11979420, 2.4933E+00, 2.9467E+00, 1.6000E+00,
13:52:51.11979425, 2.4800E+00, 2.9200E+00, 1.6000E+00,
13:52:51.11979430, 2.4933E+00, 2.9333E+00, 1.4667E+00,
13:52:51.11979435, 2.4533E+00, 2.9467E+00, 1.6000E+00,
13:52:51.11979440, 2.4933E+00, 2.9200E+00, 1.4667E+00,
13:52:51.11979445, 2.4800E+00, 2.9333E+00, 1.7333E+00,
13:52:51.11979450, 2.4533E+00, 2.9333E+00, 1.3333E+00,
13:52:51.11979455, 2.4933E+00, 2.9333E+00, 1.4667E+00,
13:52:51.11979460, 2.4933E+00, 2.9333E+00, 1.4667E+00,
13:52:51.11979465, 2.4533E+00, 2.9600E+00, 1.3333E+00,
13:52:51.11979470, 2.5333E+00, 2.9333E+00, 1.2000E+00,
13:52:51.11979475, 2.4800E+00, 2.9067E+00, 1.6000E+00,
13:52:51.11979480, 2.5067E+00, 2.9067E+00, 1.3333E+00,
13:52:51.11979485, 2.5067E+00, 2.9333E+00, 1.4667E+00,
13:52:51.11979490, 2.4800E+00, 2.9333E+00, 1.2000E+00,
13:52:51.11979495, 2.4933E+00, 2.9333E+00, 1.6000E+00,
13:52:51.11979500, 2.5200E+00, 2.8933E+00, 1.6000E+00,
13:52:51.11979505, 2.5067E+00, 2.9067E+00, 1.2000E+00,
13:52:51.11979510, 2.4667E+00, 2.9200E+00, 1.6000E+00,
13:52:51.11979515, 2.5067E+00, 2.9600E+00, 1.3333E+00,
13:52:51.11979520, 2.4667E+00, 2.9333E+00, 1.4667E+00,
13:52:51.11979525, 2.4933E+00, 2.9333E+00, 1.3333E+00,
13:52:51.11979530, 2.4667E+00, 2.9333E+00, 1.0667E+00,
13:52:51.11979535, 2.5067E+00, 2.9200E+00, 1.0667E+00,
13:52:51.11979540, 2.5067E+00, 2.9333E+00, 1.6000E+00,
13:52:51.11979545, 2.5200E+00, 2.9333E+00, 1.2000E+00,
13:52:51.11979550, 2.4933E+00, 2.9333E+00, 1.6000E+00,
13:52:51.11979555, 2.4933E+00, 2.9333E+00, 1.2000E+00,
13:52:51.11979560, 2.4933E+00, 2.9467E+00, 1.3333E+00,
13:52:51.11979565, 2.4667E+00, 2.9200E+00, 1.2000E+00,
13:52:51.11979570, 2.4800E+00, 2.9333E+00, 1.0667E+00,
13:52:51.11979575, 2.5067E+00, 2.9333E+00, 9.3333E-01,
13:52:51.11979580, 2.5333E+00, 2.9333E+00, 1.2000E+00,
13:52:51.11979585, 2.5067E+00, 2.9333E+00, 1.0667E+00,
13:52:51.11979590, 2.5200E+00, 2.9333E+00, 1.0667E+00,
13:52:51.11979595, 2.5067E+00, 2.9067E+00, 1.0667E+00,
13:52:51.11979600, 2.4933E+00, 2.9333E+00, 1.2000E+00,
13:52:51.11979605, 2.5067E+00, 2.9333E+00, 1.0667E+00,
13:52:51.11979610, 2.4667E+00, 2.9067E+00, 1.3333E+00,
13:52:51.11979615, 2.4800E+00, 2.9067E+00, 1.4667E+00,
13:52:51.11979620, 2.4800E+00, 2.9333E+00, 1.0667E+00,
13:52:51.11979625, 2.5067E+00, 2.9333E+00, 1.0667E+00,
13:52:51.11979630, 2.4533E+00, 2.9333E+00, 1.0667E+00,
13:52:51.11979635, 2.4800E+00, 2.8933E+00, 1.3333E+00,
13:52:51.11979640, 2.5067E+00, 2.9067E+00, 8.0000E-01,
13:52:51.11979645, 2.4667E+00, 2.9333E+00, 1.0667E+00,
13:52:51.11979650, 2.4933E+00, 2.9333E+00, 9.3333E-01,
13:52:51.11979655, 2.4667E+00, 2.9333E+00, 1.0667E+00,
13:52:51.11979660, 2.4800E+00, 2.9333E+00, 1.3333E+00,
13:52:51.11979665, 2.4667E+00, 2.9333E+00, 1.0667E+00,
13:52:51.11979670, 2.4933E+00, 2.8933E+00, 1.0667E+00,
13:52:51.11979675, 2.4667E+00, 2.9200E+00, 9.3333E-01,
13:52:51.11979680, 2.5067E+00, 2.9333E+00, 1.2000E+00,
13:52:51.11979685, 2.5200E+00, 2.9200E+00, 9.3333E-01,
13:52:51.11979690, 2.5067E+00, 2.9200E+00, 9.3333E-01,
13:52:51.11979695, 2.4667E+00, 2.9067E+00, 1.0667E+00,
13:52:51.11979700, 2.4933E+00, 2.9333E+00, 1.0667E+00,
13:52:51.11979705, 2.4533E+00, 2.9200E+00, 9.3333E-01,
13:52:51.11979710, 2.4800E+00, 2.9333E+00, 9.3333E-01,
13:52:51.11979715, 2.4667E+00, 2.9067E+00, 9.3333E-01,
13:52:51.11979720, 2.5200E+00, 2.9200E+00, 9.3333E-01,
13:52:51.11979725, 2.5067E+00, 2.9333E+00, 6.6667E-01,
13:52:51.11979730, 2.5067E+00, 2.9333E+00, 8.0000E-01,
13:52:51.11979735, 2.4800E+00, 2.9067E+00, 8.0000E-01,
13:52:51.11979740, 2.4933E+00, 2.9333E+00, 1.0667E+00,
13:52:51.11979745, 2.4667E+00, 2.9333E+00, 8.0000E-01,
13:52:51.11979750, 2.4800E+00, 2.9333E+00, 1.3333E+00,
13:52:51.11979755, 2.5067E+00, 2.9067E+00, 1.2000E+00,
13:52:51.11979760, 2.4800E+00, 2.9333E+00, 1.0667E+00,
13:52:51.11979765, 2.4800E+00, 2.9067E+00, 6.6667E-01,
13:52:51.11979770, 2.4800E+00, 2.9200E+00, 9.3333E-01,
13:52:51.11979775, 2.4933E+00, 2.9067E+00, 1.2000E+00,
13:52:51.11979780, 2.4933E+00, 2.9333E+00, 9.3333E-01,
13:52:51.11979785, 2.4800E+00, 2.9333E+00, 6.6667E-01,
13:52:51.11979790, 2.4800E+00, 2.9200E+00, 9.3333E-01,
13:52:51.11979795, 2.4667E+00, 2.8933E+00, 8.0000E-01,
13:52:51.11979800, 2.4533E+00, 2.9200E+00, 8.0000E-01,
13:52:51.11979805, 2.5200E+00, 2.9067E+00, 9.3333E-01,
13:52:51.11979810, 2.4533E+00, 2.8933E+00, 8.0000E-01,
13:52:51.11979815, 2.4933E+00, 2.9200E+00, 6.6667E-01,
13:52:51.11979820, 2.4933E+00, 2.8933E+00, 8.0000E-01,
13:52:51.11979825, 2.4800E+00, 2.9200E+00, 8.0000E-01,
13:52:51.11979830, 2.4800E+00, 2.8933E+00, 6.6667E-01,
13:52:51.11979835, 2.5067E+00, 2.8933E+00, 9.3333E-01,
13:52:51.11979840, 2.5067E+00, 2.8933E+00, 9.3333E-01,
13:52:51.11979845, 2.4800E+00, 2.8933E+00, 6.6667E-01,
13:52:51.11979850, 2.4800E+00, 2.8667E+00, 1.2000E+00,
13:52:51.11979855, 2.5067E+00, 2.8933E+00, 9.3333E-01,
13:52:51.11979860, 2.5067E+00, 2.8933E+00, 8.0000E-01,
13:52:51.11979865, 2.5067E+00, 2.9067E+00, 8.0000E-01,
13:52:51.11979870, 2.5200E+00, 2.9067E+00, 6.6667E-01,
13:52:51.11979875, 2.4933E+00, 2.9200E+00, 1.0667E+00,
13:52:51.11979880, 2.4933E+00, 2.8533E+00, 6.6667E-01,
13:52:51.11979885, 2.5067E+00, 2.8933E+00, 6.6667E-01,
13:52:51.11979890, 2.4800E+00, 2.8667E+00, 6.6667E-01,
13:52:51.11979895, 2.4533E+00, 2.9067E+00, 8.0000E-01,
13:52:51.11979900, 2.4533E+00, 2.9067E+00, 6.6667E-01,
13:52:51.11979905, 2.4800E+00, 2.8800E+00, 8.0000E-01,
13:52:51.11979910, 2.4400E+00, 2.9067E+00, 6.6667E-01,
13:52:51.11979915, 2.5067E+00, 2.9200E+00, 1.0667E+00,
13:52:51.11979920, 2.4533E+00, 2.9067E+00, 6.6667E-01,
13:52:51.11979925, 2.5200E+00, 2.9067E+00, 8.0000E-01,
13:52:51.11979930, 2.4800E+00, 2.8667E+00, 9.3333E-01,
13:52:51.11979935, 2.4800E+00, 2.9067E+00, 8.0000E-01,
13:52:51.11979940, 2.4800E+00, 2.8800E+00, 9.3333E-01,
13:52:51.11979945, 2.4667E+00, 2.8933E+00, 6.6667E-01,
13:52:51.11979950, 2.4533E+00, 2.8933E+00, 6.6667E-01,
13:52:51.11979955, 2.4533E+00, 2.9067E+00, 9.3333E-01,
13:52:51.11979960, 2.4667E+00, 2.9067E+00, 8.0000E-01,
13:52:51.11979965, 2.4800E+00, 2.9067E+00, 6.6667E-01,
13:52:51.11979970, 2.4400E+00, 2.8800E+00, 6.6667E-01,
13:52:51.11979975, 2.4800E+00, 2.8933E+00, 9.3333E-01,
13:52:51.11979980, 2.5200E+00, 2.9067E+00, 6.6667E-01,
13:52:51.11979985, 2.4800E+00, 2.9067E+00, 8.0000E-01,
13:52:51.11979990, 2.4933E+00, 2.8800E+00, 6.6667E-01,
13:52:51.11979995, 2.4400E+00, 2.8667E+00, 8.0000E-01,
13:52:51.11980000, 2.4667E+00, 2.8933E+00, 9.3333E-01,
13:52:51.11980005, 2.4533E+00, 2.8800E+00, 6.6667E-01,
13:52:51.11980010, 2.4800E+00, 2.8800E+00, 6.6667E-01,
13:52:51.11980015, 2.4667E+00, 2.8800E+00, 4.0000E-01,
13:52:51.11980020, 2.4933E+00, 2.8933E+00, 6.6667E-01,
13:52:51.11980025, 2.4800E+00, 2.8933E+00, 6.6667E-01,
13:52:51.11980030, 2.4800E+00, 2.8667E+00, 5.3333E-01,
13:52:51.11980035, 2.5067E+00, 2.8800E+00, 6.6667E-01,
13:52:51.11980040, 2.5067E+00, 2.8933E+00, 6.6667E-01,
13:52:51.11980045, 2.4667E+00, 2.8933E+00, 1.0667E+00,
13:52:51.11980050, 2.4933E+00, 2.8800E+00, 6.6667E-01,
13:52:51.11980055, 2.4800E+00, 2.8800E+00, 6.6667E-01,
13:52:51.11980060, 2.4667E+00, 2.9067E+00, 8.0000E-01,
13:52:51.11980065, 2.4667E+00, 2.8933E+00, 5.3333E-01,
13:52:51.11980070, 2.5067E+00, 2.8800E+00, 9.3333E-01,
13:52:51.11980075, 2.4800E+00, 2.9200E+00, 9.3333E-01,
13:52:51.11980080, 2.4933E+00, 2.8667E+00, 8.0000E-01,
13:52:51.11980085, 2.4933E+00, 2.8800E+00, 8.0000E-01,
13:52:51.11980090, 2.4933E+00, 2.8800E+00, 9.3333E-01,
13:52:51.11980095, 2.4533E+00, 2.8667E+00, 6.6667E-01,
13:52:51.11980100, 2.4800E+00, 2.8667E+00, 6.6667E-01,
13:52:51.11980105, 2.4800E+00, 2.8533E+00, 8.0000E-01,
13:52:51.11980110, 2.4933E+00, 2.8800E+00, 8.0000E-01,
13:52:51.11980115, 2.4933E+00, 2.8533E+00, 6.6667E-01,
13:52:51.11980120, 2.4933E+00, 2.8533E+00, 8.0000E-01,
13:52:51.11980125, 2.4667E+00, 2.8800E+00, 6.6667E-01,
13:52:51.11980130, 2.4667E+00, 2.8800E+00, 8.0000E-01,
13:52:51.11980135, 2.4800E+00, 2.8800E+00, 8.0000E-01,
13:52:51.11980140, 2.4667E+00, 2.8800E+00, 8.0000E-01,
13:52:51.11980145, 2.4667E+00, 2.8800E+00, 8.0000E-01,
13:52:51.11980150, 2.4800E+00, 2.8667E+00, 8.0000E-01,
13:52:51.11980155, 2.5200E+00, 2.8800E+00, 9.3333E-01,
13:52:51.11980160, 2.4667E+00, 2.8933E+00, 5.3333E-01,
13:52:51.11980165, 2.4800E+00, 2.8800E+00, 6.6667E-01,
13:52:51.11980170, 2.5067E+00, 2.9067E+00, 6.6667E-01,
13:52:51.11980175, 2.4933E+00, 2.8800E+00, 8.0000E-01,
13:52:51.11980180, 2.4800E+00, 2.8667E+00, 6.6667E-01,
13:52:51.11980185, 2.4933E+00, 2.8667E+00, 9.3333E-01,
13:52:51.11980190, 2.4533E+00, 2.8667E+00, 8.0000E-01,
13:52:51.11980195, 2.4933E+00, 2.8933E+00, 6.6667E-01,
13:52:51.11980200, 2.5067E+00, 2.8667E+00, 1.2000E+00,
13:52:51.11980205, 2.5067E+00, 2.8400E+00, 4.0000E-01,
13:52:51.11980210, 2.4800E+00, 2.8533E+00, 6.6667E-01,
13:52:51.11980215, 2.4800E+00, 2.8800E+00, 9.3333E-01,
13:52:51.11980220, 2.5200E+00, 2.8667E+00, 6.6667E-01,
13:52:51.11980225, 2.4933E+00, 2.8267E+00, 8.0000E-01,
13:52:51.11980230, 2.4533E+00, 2.8667E+00, 6.6667E-01,
13:52:51.11980235, 2.4800E+00, 2.8400E+00, 9.3333E-01,
13:52:51.11980240, 2.4800E+00, 2.8400E+00, 6.6667E-01,
13:52:51.11980245, 2.4800E+00, 2.8533E+00, 6.6667E-01,
13:52:51.11980250, 2.4800E+00, 2.8667E+00, 6.6667E-01,
13:52:51.11980255, 2.4933E+00, 2.8533E+00, 6.6667E-01,
13:52:51.11980260, 2.4800E+00, 2.8667E+00, 9.3333E-01,
13:52:51.11980265, 2.4933E+00, 2.8933E+00, 6.6667E-01,
13:52:51.11980270, 2.4800E+00, 2.8533E+00, 6.6667E-01,
13:52:51.11980275, 2.5067E+00, 2.8533E+00, 8.0000E-01,
13:52:51.11980280, 2.4933E+00, 2.8267E+00, 6.6667E-01,
13:52:51.11980285, 2.4667E+00, 2.8533E+00, 9.3333E-01,
13:52:51.11980290, 2.4667E+00, 2.8533E+00, 1.0667E+00,
13:52:51.11980295, 2.4800E+00, 2.8400E+00, 6.6667E-01,
13:52:51.11980300, 2.4933E+00, 2.8533E+00, 9.3333E-01,
13:52:51.11980305, 2.4933E+00, 2.8400E+00, 8.0000E-01,
13:52:51.11980310, 2.4933E+00, 2.8400E+00, 8.0000E-01,
13:52:51.11980315, 2.5067E+00, 2.8533E+00, 8.0000E-01,
13:52:51.11980320, 2.5200E+00, 2.8400E+00, 8.0000E-01,
13:52:51.11980325, 2.4800E+00, 2.8400E+00, 6.6667E-01,
13:52:51.11980330, 2.4667E+00, 2.8667E+00, 8.0000E-01,
13:52:51.11980335, 2.4933E+00, 2.8533E+00, 9.3333E-01,
13:52:51.11980340, 2.4933E+00, 2.8533E+00, 1.0667E+00,
13:52:51.11980345, 2.4400E+00, 2.8800E+00, 8.0000E-01,
13:52:51.11980350, 2.4933E+00, 2.8667E+00, 8.0000E-01,
13:52:51.11980355, 2.4933E+00, 2.8533E+00, 6.6667E-01,
13:52:51.11980360, 2.4800E+00, 2.8667E+00, 8.0000E-01,
13:52:51.11980365, 2.4933E+00, 2.8667E+00, 8.0000E-01,
13:52:51.11980370, 2.4800E+00, 2.8533E+00, 9.3333E-01,
13:52:51.11980375, 2.4533E+00, 2.8267E+00, 8.0000E-01,
13:52:51.11980380, 2.4933E+00, 2.8400E+00, 1.2000E+00,
13:52:51.11980385, 2.4800E+00, 2.8533E+00, 8.0000E-01,
13:52:51.11980390, 2.4933E+00, 2.8133E+00, 1.2000E+00,
13:52:51.11980395, 2.4800E+00, 2.8533E+00, 6.6667E-01,
13:52:51.11980400, 2.4667E+00, 2.8400E+00, 1.2000E+00,
13:52:51.11980405, 2.4800E+00, 2.8667E+00, 5.3333E-01,
13:52:51.11980410, 2.4800E+00, 2.8400E+00, 1.0667E+00,
13:52:51.11980415, 2.4667E+00, 2.8400E+00, 1.2000E+00,
13:52:51.11980420, 2.4800E+00, 2.8400E+00, 8.0000E-01,
13:52:51.11980425, 2.4933E+00, 2.8533E+00, 8.0000E-01,
13:52:51.11980430, 2.4533E+00, 2.8133E+00, 1.0667E+00,
13:52:51.11980435, 2.4533E+00, 2.8533E+00, 1.3333E+00,
13:52:51.11980440, 2.4800E+00, 2.8533E+00, 9.3333E-01,
13:52:51.11980445, 2.4667E+00, 2.8400E+00, 9.3333E-01,
13:52:51.11980450, 2.4800E+00, 2.8400E+00, 5.3333E-01,
13:52:51.11980455, 2.5067E+00, 2.8533E+00, 9.3333E-01,
13:52:51.11980460, 2.4667E+00, 2.8400E+00, 6.6667E-01,
13:52:51.11980465, 2.4800E+00, 2.8533E+00, 8.0000E-01,
13:52:51.11980470, 2.4267E+00, 2.8667E+00, 9.3333E-01,
13:52:51.11980475, 2.4933E+00, 2.8667E+00, 6.6667E-01,
13:52:51.11980480, 2.4667E+00, 2.8400E+00, 8.0000E-01,
13:52:51.11980485, 2.4533E+00, 2.8400E+00, 1.2000E+00,
13:52:51.11980490, 2.4800E+00, 2.8533E+00, 9.3333E-01,
13:52:51.11980495, 2.4933E+00, 2.8533E+00, 1.3333E+00,
13:52:51.11980500, 2.4800E+00, 2.8400E+00, 9.3333E-01,
13:52:51.11980505, 2.5200E+00, 2.8667E+00, 1.0667E+00,
13:52:51.11980510, 2.5200E+00, 2.8400E+00, 1.2000E+00,
13:52:51.11980515, 2.4667E+00, 2.8400E+00, 8.0000E-01,
13:52:51.11980520, 2.5067E+00, 2.8400E+00, 9.3333E-01,
13:52:51.11980525, 2.4800E+00, 2.8400E+00, 1.0667E+00,
13:52:51.11980530, 2.4667E+00, 2.8267E+00, 1.3333E+00,
13:52:51.11980535, 2.4667E+00, 2.8400E+00, 1.0667E+00,
13:52:51.11980540, 2.5067E+00, 2.8267E+00, 1.0667E+00,
13:52:51.11980545, 2.4800E+00, 2.8800E+00, 1.2000E+00,
13:52:51.11980550, 2.5067E+00, 2.8400E+00, 1.0667E+00,
13:52:51.11980555, 2.4933E+00, 2.8400E+00, 9.3333E-01,
13:52:51.11980560, 2.5067E+00, 2.8533E+00, 1.2000E+00,
13:52:51.11980565, 2.4800E+00, 2.8267E+00, 8.0000E-01,
13:52:51.11980570, 2.4667E+00, 2.8400E+00, 1.0667E+00,
13:52:51.11980575, 2.4667E+00, 2.8400E+00, 1.3333E+00,
13:52:51.11980580, 2.4800E+00, 2.8533E+00, 1.0667E+00,
13:52:51.11980585, 2.4667E+00, 2.8533E+00, 1.2000E+00,
13:52:51.11980590, 2.4800E+00, 2.8533E+00, 1.0667E+00,
13:52:51.11980595, 2.4533E+00, 2.8533E+00, 8.0000E-01,
13:52:51.11980600, 2.4800E+00, 2.8400E+00, 1.0667E+00,
13:52:51.11980605, 2.4933E+00, 2.8267E+00, 9.3333E-01,
13:52:51.11980610, 2.4933E+00, 2.8533E+00, 1.3333E+00,
13:52:51.11980615, 2.5067E+00, 2.8133E+00, 1.2000E+00,
13:52:51.11980620, 2.4933E+00, 2.8400E+00, 1.4667E+00,
13:52:51.11980625, 2.4667E+00, 2.8267E+00, 1.0667E+00,
13:52:51.11980630, 2.5067E+00, 2.8533E+00, 1.0667E+00,
13:52:51.11980635, 2.4933E+00, 2.8400E+00, 9.3333E-01,
13:52:51.11980640, 2.5200E+00, 2.8400E+00, 1.2000E+00,
13:52:51.11980645, 2.4533E+00, 2.8400E+00, 1.2000E+00,
13:52:51.11980650, 2.5067E+00, 2.8667E+00, 1.2000E+00,
13:52:51.11980655, 2.4933E+00, 2.8400E+00, 1.0667E+00,
13:52:51.11980660, 2.4800E+00, 2.8400E+00, 1.0667E+00,
13:52:51.11980665, 2.4933E+00, 2.8267E+00, 1.2000E+00,
13:52:51.11980670, 2.4667E+00, 2.8267E+00, 1.2000E+00,
13:52:51.11980675, 2.4933E+00, 2.8533E+00, 1.3333E+00,
13:52:51.11980680, 2.4933E+00, 2.8400E+00, 1.3333E+00,
13:52:51.11980685, 2.5200E+00, 2.8667E+00, 1.2000E+00,
13:52:51.11980690, 2.4800E+00, 2.8133E+00, 1.0667E+00,
13:52:51.11980695, 2.4933E+00, 2.8400E+00, 6.6667E-01,
13:52:51.11980700, 2.4800E+00, 2.8533E+00, 1.4667E+00,
13:52:51.11980705, 2.4800E+00, 2.8267E+00, 1.3333E+00,
13:52:51.11980710, 2.4933E+00, 2.8133E+00, 1.4667E+00,
13:52:51.11980715, 2.4933E+00, 2.8267E+00, 1.2000E+00,
13:52:51.11980720, 2.4800E+00, 2.8533E+00, 1.4667E+00,
13:52:51.11980725, 2.4533E+00, 2.8000E+00, 1.3333E+00,
13:52:51.11980730, 2.4933E+00, 2.8267E+00, 1.6000E+00,
13:52:51.11980735, 2.4933E+00, 2.8400E+00, 1.4667E+00,
13:52:51.11980740, 2.4933E+00, 2.8267E+00, 1.3333E+00,
13:52:51.11980745, 2.4800E+00, 2.8267E+00, 1.3333E+00,
13:52:51.11980750, 2.4933E+00, 2.8267E+00, 1.0667E+00,
13:52:51.11980755, 2.5067E+00, 2.8400E+00, 1.0667E+00,
13:52:51.11980760, 2.4533E+00, 2.8400E+00, 1.2000E+00,
13:52:51.11980765, 2.5067E+00, 2.8800E+00, 1.2000E+00,
13:52:51.11980770, 2.4667E+00, 2.8400E+00, 1.0667E+00,
13:52:51.11980775, 2.4933E+00, 2.8400E+00, 1.3333E+00,
13:52:51.11980780, 2.4800E+00, 2.8400E+00, 1.0667E+00,
13:52:51.11980785, 2.5067E+00, 2.8400E+00, 1.2000E+00,
13:52:51.11980790, 2.5200E+00, 2.8533E+00, 1.2000E+00,
13:52:51.11980795, 2.4933E+00, 2.8133E+00, 1.3333E+00,
13:52:51.11980800, 2.5200E+00, 2.8400E+00, 1.6000E+00,
13:52:51.11980805, 2.4667E+00, 2.8533E+00, 1.3333E+00,
13:52:51.11980810, 2.4800E+00, 2.8267E+00, 1.4667E+00,
13:52:51.11980815, 2.4533E+00, 2.8400E+00, 1.4667E+00,
13:52:51.11980820, 2.4667E+00, 2.8533E+00, 1.3333E+00,
13:52:51.11980825, 2.4933E+00, 2.8267E+00, 1.2000E+00,
13:52:51.11980830, 2.4800E+00, 2.8533E+00, 1.6000E+00,
13:52:51.11980835, 2.4933E+00, 2.8400E+00, 1.4667E+00,
13:52:51.11980840, 2.5067E+00, 2.8133E+00, 1.6000E+00,
13:52:51.11980845, 2.5200E+00, 2.8133E+00, 1.3333E+00,
13:52:51.11980850, 2.4933E+00, 2.8533E+00, 1.2000E+00,
13:52:51.11980855, 2.4533E+00, 2.8667E+00, 1.3333E+00,
13:52:51.11980860, 2.4800E+00, 2.8267E+00, 1.4667E+00,
13:52:51.11980865, 2.4800E+00, 2.8400E+00, 1.6000E+00,
13:52:51.11980870, 2.5067E+00, 2.8667E+00, 1.4667E+00,
13:52:51.11980875, 2.4667E+00, 2.8267E+00, 1.6000E+00,
13:52:51.11980880, 2.5067E+00, 2.8533E+00, 1.3333E+00,
13:52:51.11980885, 2.4933E+00, 2.8400E+00, 1.4667E+00,
13:52:51.11980890, 2.4933E+00, 2.8400E+00, 1.7333E+00,
13:52:51.11980895, 2.5333E+00, 2.8400E+00, 1.3333E+00,
13:52:51.11980900, 2.4800E+00, 2.8133E+00, 1.4667E+00,
13:52:51.11980905, 2.4667E+00, 2.8400E+00, 1.3333E+00,
13:52:51.11980910, 2.4533E+00, 2.8267E+00, 1.2000E+00,
13:52:51.11980915, 2.4533E+00, 2.8667E+00, 1.3333E+00,
13:52:51.11980920, 2.5067E+00, 2.8667E+00, 1.3333E+00,
13:52:51.11980925, 2.4800E+00, 2.8533E+00, 1.3333E+00,
13:52:51.11980930, 2.4933E+00, 2.8533E+00, 1.4667E+00,
13:52:51.11980935, 2.4933E+00, 2.8533E+00, 1.2000E+00,
13:52:51.11980940, 2.4933E+00, 2.8400E+00, 1.3333E+00,
13:52:51.11980945, 2.4933E+00, 2.8400E+00, 1.6000E+00,
13:52:51.11980950, 2.4800E+00, 2.8533E+00, 1.6000E+00,
13:52:51.11980955, 2.4800E+00, 2.8267E+00, 1.8667E+00,
13:52:51.11980960, 2.4533E+00, 2.8400E+00, 1.6000E+00,
13:52:51.11980965, 2.4800E+00, 2.8267E+00, 1.8667E+00,
13:52:51.11980970, 2.4667E+00, 2.8533E+00, 1.6000E+00,
13:52:51.11980975, 2.4933E+00, 2.8533E+00, 1.4667E+00,
13:52:51.11980980, 2.4667E+00, 2.8267E+00, 1.7333E+00,
13:52:51.11980985, 2.4933E+00, 2.8533E+00, 1.4667E+00,
13:52:51.11980990, 2.5200E+00, 2.8133E+00, 1.2000E+00,
13:52:51.11980995, 2.4800E+00, 2.8400E+00, 1.6000E+00,
13:52:51.11981000, 2.4667E+00, 2.8667E+00, 1.2000E+00,
13:52:51.11981005, 2.4800E+00, 2.8400E+00, 1.4667E+00,
13:52:51.11981010, 2.5067E+00, 2.8400E+00, 1.3333E+00,
13:52:51.11981015, 2.4933E+00, 2.8667E+00, 1.6000E+00,
13:52:51.11981020, 2.4667E+00, 2.8667E+00, 1.6000E+00,
13:52:51.11981025, 2.4800E+00, 2.8400E+00, 1.3333E+00,
13:52:51.11981030, 2.4933E+00, 2.8400E+00, 1.7333E+00,
13:52:51.11981035, 2.4933E+00, 2.8667E+00, 1.6000E+00,
13:52:51.11981040, 2.5333E+00, 2.8267E+00, 1.3333E+00,
13:52:51.11981045, 2.5067E+00, 2.8133E+00, 1.7333E+00,
13:52:51.11981050, 2.4667E+00, 2.8133E+00, 1.6000E+00,
13:52:51.11981055, 2.4667E+00, 2.8267E+00, 1.3333E+00,
13:52:51.11981060, 2.4800E+00, 2.8533E+00, 1.7333E+00,
13:52:51.11981065, 2.4667E+00, 2.8533E+00, 1.6000E+00,
13:52:51.11981070, 2.4667E+00, 2.8133E+00, 1.4667E+00,
13:52:51.11981075, 2.4933E+00, 2.8400E+00, 1.6000E+00,
13:52:51.11981080, 2.4933E+00, 2.8267E+00, 1.2000E+00,
13:52:51.11981085, 2.4667E+00, 2.8533E+00, 1.4667E+00,
13:52:51.11981090, 2.4933E+00, 2.8400E+00, 1.6000E+00,
13:52:51.11981095, 2.4667E+00, 2.8400E+00, 1.8667E+00,
13:52:51.11981100, 2.4667E+00, 2.8267E+00, 1.6000E+00,
13:52:51.11981105, 2.4667E+00, 2.8400E+00, 1.7333E+00,
13:52:51.11981110, 2.4667E+00, 2.8667E+00, 1.7333E+00,
13:52:51.11981115, 2.4800E+00, 2.8800E+00, 2.0000E+00,
13:52:51.11981120, 2.5200E+00, 2.8400E+00, 1.7333E+00,
13:52:51.11981125, 2.5067E+00, 2.8533E+00, 1.7333E+00,
13:52:51.11981130, 2.4800E+00, 2.8267E+00, 1.8667E+00,
13:52:51.11981135, 2.4800E+00, 2.8133E+00, 1.7333E+00,
13:52:51.11981140, 2.5200E+00, 2.8533E+00, 1.8667E+00,
13:52:51.11981145, 2.4933E+00, 2.8533E+00, 1.8667E+00,
13:52:51.11981150, 2.4800E+00, 2.8400E+00, 1.7333E+00,
13:52:51.11981155, 2.4800E+00, 2.8800E+00, 1.7333E+00,
13:52:51.11981160, 2.4933E+00, 2.8267E+00, 1.6000E+00,
13:52:51.11981165, 2.4533E+00, 2.8533E+00, 2.0000E+00,
13:52:51.11981170, 2.5200E+00, 2.8800E+00, 1.7333E+00,
13:52:51.11981175, 2.5067E+00, 2.8800E+00, 1.8667E+00,
13:52:51.11981180, 2.4933E+00, 2.8533E+00, 1.6000E+00,
13:52:51.11981185, 2.5067E+00, 2.8667E+00, 1.8667E+00,
13:52:51.11981190, 2.4933E+00, 2.8533E+00, 1.7333E+00,
13:52:51.11981195, 2.4533E+00, 2.8933E+00, 1.7333E+00,
13:52:51.11981200, 2.4400E+00, 2.8800E+00, 1.8667E+00,
13:52:51.11981205, 2.4800E+00, 2.8267E+00, 1.6000E+00,
13:52:51.11981210, 2.5067E+00, 2.8667E+00, 1.8667E+00,
13:52:51.11981215, 2.4933E+00, 2.8800E+00, 1.6000E+00,
13:52:51.11981220, 2.4533E+00, 2.8667E+00, 1.7333E+00,
13:52:51.11981225, 2.5200E+00, 2.8400E+00, 1.8667E+00,
13:52:51.11981230, 2.4667E+00, 2.8667E+00, 1.8667E+00,
13:52:51.11981235, 2.4933E+00, 2.8533E+00, 1.6000E+00,
13:52:51.11981240, 2.4800E+00, 2.8667E+00, 1.8667E+00,
13:52:51.11981245, 2.4667E+00, 2.8533E+00, 1.8667E+00,
13:52:51.11981250, 2.4667E+00, 2.8400E+00, 1.8667E+00,
13:52:51.11981255, 2.5333E+00, 2.8400E+00, 1.8667E+00,
13:52:51.11981260, 2.4800E+00, 2.8533E+00, 2.0000E+00,
13:52:51.11981265, 2.4933E+00, 2.8533E+00, 2.1333E+00,
13:52:51.11981270, 2.5200E+00, 2.8400E+00, 2.0000E+00,
13:52:51.11981275, 2.4933E+00, 2.8400E+00, 1.7333E+00,
13:52:51.11981280, 2.5067E+00, 2.8667E+00, 2.0000E+00,
13:52:51.11981285, 2.5067E+00, 2.8533E+00, 1.8667E+00,
13:52:51.11981290, 2.4933E+00, 2.8667E+00, 2.0000E+00,
13:52:51.11981295, 2.4800E+00, 2.8533E+00, 2.1333E+00,
13:52:51.11981300, 2.4667E+00, 2.8400E+00, 2.1333E+00,
13:52:51.11981305, 2.4800E+00, 2.8667E+00, 2.0000E+00,
13:52:51.11981310, 2.4800E+00, 2.8533E+00, 1.7333E+00,
13:52:51.11981315, 2.5200E+00, 2.8533E+00, 1.6000E+00,
13:52:51.11981320, 2.4933E+00, 2.8667E+00, 2.0000E+00,
13:52:51.11981325, 2.4933E+00, 2.8533E+00, 1.8667E+00,
13:52:51.11981330, 2.4800E+00, 2.8533E+00, 1.8667E+00,
13:52:51.11981335, 2.4800E+00, 2.8667E+00, 2.0000E+00,
13:52:51.11981340, 2.4800E+00, 2.8800E+00, 1.7333E+00,
13:52:51.11981345, 2.4800E+00, 2.8933E+00, 1.8667E+00,
13:52:51.11981350, 2.4800E+00, 2.8933E+00, 1.8667E+00,
13:52:51.11981355, 2.4933E+00, 2.8933E+00, 2.0000E+00,
13:52:51.11981360, 2.4800E+00, 2.8667E+00, 2.0000E+00,
13:52:51.11981365, 2.5067E+00, 2.8400E+00, 2.0000E+00,
13:52:51.11981370, 2.4933E+00, 2.8933E+00, 1.4667E+00,
13:52:51.11981375, 2.4933E+00, 2.8533E+00, 2.0000E+00,
13:52:51.11981380, 2.4800E+00, 2.8933E+00, 2.1333E+00,
13:52:51.11981385, 2.4933E+00, 2.8933E+00, 2.0000E+00,
13:52:51.11981390, 2.4400E+00, 2.8533E+00, 1.7333E+00,
13:52:51.11981395, 2.4800E+00, 2.8800E+00, 1.8667E+00,
13:52:51.11981400, 2.4533E+00, 2.8667E+00, 1.8667E+00,
13:52:51.11981405, 2.5067E+00, 2.8400E+00, 1.7333E+00,
13:52:51.11981410, 2.5200E+00, 2.8800E+00, 2.0000E+00,
13:52:51.11981415, 2.5067E+00, 2.8800E+00, 2.0000E+00,
13:52:51.11981420, 2.4667E+00, 2.8400E+00, 1.7333E+00,
13:52:51.11981425, 2.4800E+00, 2.8933E+00, 1.7333E+00,
13:52:51.11981430, 2.5067E+00, 2.8667E+00, 1.6000E+00,
13:52:51.11981435, 2.4800E+00, 2.8800E+00, 1.8667E+00,
13:52:51.11981440, 2.4800E+00, 2.8533E+00, 2.0000E+00,
13:52:51.11981445, 2.4800E+00, 2.8800E+00, 1.7333E+00,
13:52:51.11981450, 2.4800E+00, 2.8800E+00, 1.8667E+00,
13:52:51.11981455, 2.5067E+00, 2.8533E+00, 1.4667E+00,
13:52:51.11981460, 2.4667E+00, 2.8800E+00, 2.0000E+00,
13:52:51.11981465, 2.4933E+00, 2.8667E+00, 2.0000E+00,
13:52:51.11981470, 2.4667E+00, 2.9067E+00, 2.0000E+00,
13:52:51.11981475, 2.4800E+00, 2.8533E+00, 1.7333E+00,
13:52:51.11981480, 2.4667E+00, 2.8533E+00, 2.0000E+00,
13:52:51.11981485, 2.4933E+00, 2.8667E+00, 2.0000E+00,
13:52:51.11981490, 2.4667E+00, 2.8933E+00, 2.0000E+00,
13:52:51.11981495, 2.4667E+00, 2.8533E+00, 1.7333E+00,
13:52:51.11981500, 2.4933E+00, 2.8933E+00, 1.6000E+00,
13:52:51.11981505, 2.4933E+00, 2.8667E+00, 1.7333E+00,
13:52:51.11981510, 2.4933E+00, 2.8533E+00, 2.0000E+00,
13:52:51.11981515, 2.4933E+00, 2.8800E+00, 1.8667E+00,
13:52:51.11981520, 2.5067E+00, 2.8667E+00, 2.0000E+00,
13:52:51.11981525, 2.4667E+00, 2.8800E+00, 2.0000E+00,
13:52:51.11981530, 2.5067E+00, 2.8800E+00, 1.7333E+00,
13:52:51.11981535, 2.4800E+00, 2.8800E+00, 1.7333E+00,
13:52:51.11981540, 2.5067E+00, 2.8933E+00, 2.0000E+00,
13:52:51.11981545, 2.5067E+00, 2.8533E+00, 1.4667E+00,
13:52:51.11981550, 2.4667E+00, 2.9067E+00, 2.0000E+00,
13:52:51.11981555, 2.5067E+00, 2.8800E+00, 1.8667E+00,
13:52:51.11981560, 2.4933E+00, 2.9067E+00, 2.0000E+00,
13:52:51.11981565, 2.4800E+00, 2.8667E+00, 1.7333E+00,
13:52:51.11981570, 2.5067E+00, 2.8933E+00, 1.6000E+00,
13:52:51.11981575, 2.4933E+00, 2.8667E+00, 1.8667E+00,
13:52:51.11981580, 2.4667E+00, 2.8933E+00, 2.0000E+00,
13:52:51.11981585, 2.4933E+00, 2.8800E+00, 2.0000E+00,
13:52:51.11981590, 2.4800E+00, 2.8667E+00, 1.7333E+00,
13:52:51.11981595, 2.5200E+00, 2.8933E+00, 1.8667E+00,
13:52:51.11981600, 2.4933E+00, 2.8933E+00, 1.8667E+00,
13:52:51.11981605, 2.4933E+00, 2.8800E+00, 2.1333E+00,
13:52:51.11981610, 2.4533E+00, 2.8800E+00, 2.0000E+00,
13:52:51.11981615, 2.4933E+00, 2.8933E+00, 1.6000E+00,
13:52:51.11981620, 2.5067E+00, 2.8800E+00, 1.7333E+00,
13:52:51.11981625, 2.4533E+00, 2.9333E+00, 1.4667E+00,
13:52:51.11981630, 2.4667E+00, 2.8933E+00, 1.8667E+00,
13:52:51.11981635, 2.5200E+00, 2.9067E+00, 1.6000E+00,
13:52:51.11981640, 2.5067E+00, 2.8933E+00, 1.7333E+00,
13:52:51.11981645, 2.4800E+00, 2.8933E+00, 1.6000E+00,
13:52:51.11981650, 2.4800E+00, 2.8933E+00, 1.7333E+00,
13:52:51.11981655, 2.4667E+00, 2.8533E+00, 1.8667E+00,
13:52:51.11981660, 2.5067E+00, 2.8800E+00, 2.0000E+00,
13:52:51.11981665, 2.5200E+00, 2.8800E+00, 1.8667E+00,
13:52:51.11981670, 2.4800E+00, 2.9067E+00, 1.7333E+00,
13:52:51.11981675, 2.4800E+00, 2.8933E+00, 1.6000E+00,
13:52:51.11981680, 2.4800E+00, 2.9333E+00, 1.8667E+00,
13:52:51.11981685, 2.4400E+00, 2.9067E+00, 1.8667E+00,
13:52:51.11981690, 2.4800E+00, 2.8533E+00, 2.0000E+00,
13:52:51.11981695, 2.4933E+00, 2.8800E+00, 1.8667E+00,
13:52:51.11981700, 2.4933E+00, 2.8800E+00, 1.7333E+00,
13:52:51.11981705, 2.4800E+00, 2.9067E+00, 1.3333E+00,
13:52:51.11981710, 2.4933E+00, 2.8667E+00, 1.6000E+00,
13:52:51.11981715, 2.4800E+00, 2.8933E+00, 1.8667E+00,
13:52:51.11981720, 2.4400E+00, 2.8933E+00, 1.7333E+00,
13:52:51.11981725, 2.4400E+00, 2.8800E+00, 2.0000E+00,
13:52:51.11981730, 2.4667E+00, 2.8800E+00, 1.7333E+00,
13:52:51.11981735, 2.5200E+00, 2.8800E+00, 2.0000E+00,
13:52:51.11981740, 2.4933E+00, 2.9067E+00, 1.7333E+00,
13:52:51.11981745, 2.4667E+00, 2.8800E+00, 1.7333E+00,
13:52:51.11981750, 2.4933E+00, 2.9200E+00, 1.6000E+00,
13:52:51.11981755, 2.5200E+00, 2.8667E+00, 1.7333E+00,
13:52:51.11981760, 2.4667E+00, 2.8800E+00, 1.8667E+00,
13:52:51.11981765, 2.4800E+00, 2.9067E+00, 1.8667E+00,
13:52:51.11981770, 2.4667E+00, 2.9200E+00, 1.6000E+00,
13:52:51.11981775, 2.5067E+00, 2.9067E+00, 2.0000E+00,
13:52:51.11981780, 2.4933E+00, 2.9067E+00, 2.0000E+00,
13:52:51.11981785, 2.4933E+00, 2.9067E+00, 2.0000E+00,
13:52:51.11981790, 2.4800E+00, 2.8800E+00, 1.8667E+00,
13:52:51.11981795, 2.5200E+00, 2.9067E+00, 2.0000E+00,
13:52:51.11981800, 2.5067E+00, 2.8933E+00, 1.6000E+00,
13:52:51.11981805, 2.4933E+00, 2.8800E+00, 1.7333E+00,
13:52:51.11981810, 2.4800E+00, 2.9200E+00, 1.3333E+00,
13:52:51.11981815, 2.5067E+00, 2.9067E+00, 1.7333E+00,
13:52:51.11981820, 2.4933E+00, 2.8933E+00, 1.7333E+00,
13:52:51.11981825, 2.4667E+00, 2.8933E+00, 1.8667E+00,
13:52:51.11981830, 2.4667E+00, 2.9067E+00, 2.0000E+00,
13:52:51.11981835, 2.4933E+00, 2.9333E+00, 1.8667E+00,
13:52:51.11981840, 2.4933E+00, 2.8800E+00, 1.7333E+00,
13:52:51.11981845, 2.5200E+00, 2.8933E+00, 1.6000E+00,
13:52:51.11981850, 2.5333E+00, 2.8800E+00, 1.8667E+00,
13:52:51.11981855, 2.4933E+00, 2.8933E+00, 1.7333E+00,
13:52:51.11981860, 2.4800E+00, 2.8667E+00, 1.6000E+00,
13:52:51.11981865, 2.4667E+00, 2.9200E+00, 1.6000E+00,
13:52:51.11981870, 2.4800E+00, 2.9067E+00, 1.7333E+00,
13:52:51.11981875, 2.4800E+00, 2.9200E+00, 1.4667E+00,
13:52:51.11981880, 2.4933E+00, 2.9067E+00, 1.6000E+00,
13:52:51.11981885, 2.4400E+00, 2.9200E+00, 1.6000E+00,
13:52:51.11981890, 2.4667E+00, 2.8933E+00, 1.4667E+00,
13:52:51.11981895, 2.4800E+00, 2.8933E+00, 1.3333E+00,
13:52:51.11981900, 2.4933E+00, 2.9067E+00, 1.4667E+00,
13:52:51.11981905, 2.4933E+00, 2.8933E+00, 1.6000E+00,
13:52:51.11981910, 2.4933E+00, 2.9067E+00, 1.6000E+00,
13:52:51.11981915, 2.4933E+00, 2.8933E+00, 1.4667E+00,
13:52:51.11981920, 2.4533E+00, 2.9067E+00, 1.6000E+00,
13:52:51.11981925, 2.4933E+00, 2.8800E+00, 1.7333E+00,
13:52:51.11981930, 2.4933E+00, 2.8800E+00, 1.4667E+00,
13:52:51.11981935, 2.4800E+00, 2.8667E+00, 1.3333E+00,
13:52:51.11981940, 2.4933E+00, 2.8800E+00, 1.7333E+00,
13:52:51.11981945, 2.5067E+00, 2.9067E+00, 2.0000E+00,
13:52:51.11981950, 2.4933E+00, 2.8933E+00, 1.7333E+00,
13:52:51.11981955, 2.5067E+00, 2.8933E+00, 1.6000E+00,
13:52:51.11981960, 2.4800E+00, 2.8933E+00, 1.7333E+00,
13:52:51.11981965, 2.4533E+00, 2.8933E+00, 1.6000E+00,
13:52:51.11981970, 2.4800E+00, 2.9200E+00, 1.2000E+00,
13:52:51.11981975, 2.4800E+00, 2.9200E+00, 1.7333E+00,
13:52:51.11981980, 2.4933E+00, 2.9067E+00, 1.4667E+00,
13:52:51.11981985, 2.4667E+00, 2.8667E+00, 1.6000E+00,
13:52:51.11981990, 2.4933E+00, 2.8933E+00, 1.6000E+00,
13:52:51.11981995, 2.4800E+00, 2.8933E+00, 2.0000E+00,
13:52:51.11982000, 2.4933E+00, 2.8533E+00, 2.0000E+00,
13:52:51.11982005, 2.4800E+00, 2.8933E+00, 1.4667E+00,
13:52:51.11982010, 2.4800E+00, 2.9200E+00, 1.7333E+00,
13:52:51.11982015, 2.4667E+00, 2.9067E+00, 1.3333E+00,
13:52:51.11982020, 2.5067E+00, 2.9200E+00, 2.0000E+00,
13:52:51.11982025, 2.4800E+00, 2.8933E+00, 1.6000E+00,
13:52:51.11982030, 2.4933E+00, 2.8933E+00, 1.4667E+00,
13:52:51.11982035, 2.5067E+00, 2.8933E+00, 1.8667E+00,
13:52:51.11982040, 2.4933E+00, 2.8933E+00, 1.4667E+00,
13:52:51.11982045, 2.5067E+00, 2.9067E+00, 2.0000E+00,
13:52:51.11982050, 2.4800E+00, 2.8933E+00, 1.7333E+00,
13:52:51.11982055, 2.4800E+00, 2.8800E+00, 1.7333E+00,
13:52:51.11982060, 2.4800E+00, 2.9067E+00, 1.7333E+00,
13:52:51.11982065, 2.4800E+00, 2.8800E+00, 1.6000E+00,
13:52:51.11982070, 2.4933E+00, 2.8933E+00, 1.6000E+00,
13:52:51.11982075, 2.4933E+00, 2.8933E+00, 1.6000E+00,
13:52:51.11982080, 2.4800E+00, 2.9200E+00, 1.3333E+00,
13:52:51.11982085, 2.5067E+00, 2.8933E+00, 1.3333E+00,
13:52:51.11982090, 2.4667E+00, 2.9200E+00, 1.6000E+00,
13:52:51.11982095, 2.4800E+00, 2.8933E+00, 1.4667E+00,
13:52:51.11982100, 2.4667E+00, 2.8933E+00, 1.7333E+00,
13:52:51.11982105, 2.4933E+00, 2.9200E+00, 1.3333E+00,
13:52:51.11982110, 2.4800E+00, 2.9200E+00, 1.2000E+00,
13:52:51.11982115, 2.4667E+00, 2.9067E+00, 1.4667E+00,
13:52:51.11982120, 2.4800E+00, 2.8933E+00, 1.3333E+00,
13:52:51.11982125, 2.4667E+00, 2.9067E+00, 1.3333E+00,
13:52:51.11982130, 2.4933E+00, 2.8800E+00, 1.2000E+00,
13:52:51.11982135, 2.5067E+00, 2.8800E+00, 1.6000E+00,
13:52:51.11982140, 2.5067E+00, 2.9333E+00, 1.3333E+00,
13:52:51.11982145, 2.4800E+00, 2.8800E+00, 1.7333E+00,
13:52:51.11982150, 2.4800E+00, 2.9067E+00, 1.6000E+00,
13:52:51.11982155, 2.4800E+00, 2.8800E+00, 1.3333E+00,
13:52:51.11982160, 2.4533E+00, 2.9200E+00, 1.2000E+00,
13:52:51.11982165, 2.4933E+00, 2.9333E+00, 1.3333E+00,
13:52:51.11982170, 2.4667E+00, 2.9200E+00, 1.0667E+00,
13:52:51.11982175, 2.4933E+00, 2.8800E+00, 1.2000E+00,
13:52:51.11982180, 2.4667E+00, 2.8667E+00, 1.3333E+00,
13:52:51.11982185, 2.4933E+00, 2.9067E+00, 1.4667E+00,
13:52:51.11982190, 2.5067E+00, 2.8800E+00, 1.6000E+00,
13:52:51.11982195, 2.4533E+00, 2.9067E+00, 1.6000E+00,
13:52:51.11982200, 2.4933E+00, 2.8667E+00, 1.3333E+00,
13:52:51.11982205, 2.4667E+00, 2.9067E+00, 1.6000E+00,
13:52:51.11982210, 2.4667E+00, 2.8933E+00, 1.4667E+00,
13:52:51.11982215, 2.5067E+00, 2.8800E+00, 1.4667E+00,
13:52:51.11982220, 2.5067E+00, 2.9067E+00, 1.3333E+00,
13:52:51.11982225, 2.5067E+00, 2.9067E+00, 1.6000E+00,
13:52:51.11982230, 2.5067E+00, 2.8800E+00, 1.4667E+00,
13:52:51.11982235, 2.5200E+00, 2.9200E+00, 1.6000E+00,
13:52:51.11982240, 2.4933E+00, 2.9200E+00, 1.3333E+00,
13:52:51.11982245, 2.4800E+00, 2.9200E+00, 1.7333E+00,
13:52:51.11982250, 2.4533E+00, 2.9067E+00, 8.0000E-01,
13:52:51.11982255, 2.4667E+00, 2.8933E+00, 1.6000E+00,
13:52:51.11982260, 2.4933E+00, 2.8933E+00, 1.0667E+00,
13:52:51.11982265, 2.4667E+00, 2.9333E+00, 1.7333E+00,
13:52:51.11982270, 2.4933E+00, 2.8667E+00, 1.8667E+00,
13:52:51.11982275, 2.4933E+00, 2.8933E+00, 1.6000E+00,
13:52:51.11982280, 2.4667E+00, 2.9067E+00, 1.4667E+00,
13:52:51.11982285, 2.5067E+00, 2.8933E+00, 1.6000E+00,
13:52:51.11982290, 2.5200E+00, 2.8933E+00, 9.3333E-01,
13:52:51.11982295, 2.4933E+00, 2.8800E+00, 1.3333E+00,
13:52:51.11982300, 2.4667E+00, 2.8800E+00, 1.3333E+00,
13:52:51.11982305, 2.4667E+00, 2.9067E+00, 1.2000E+00,
13:52:51.11982310, 2.4933E+00, 2.8533E+00, 1.4667E+00,
13:52:51.11982315, 2.4667E+00, 2.8933E+00, 1.2000E+00,
13:52:51.11982320, 2.4933E+00, 2.9067E+00, 1.7333E+00,
13:52:51.11982325, 2.5067E+00, 2.8800E+00, 1.2000E+00,
13:52:51.11982330, 2.4533E+00, 2.8933E+00, 1.3333E+00,
13:52:51.11982335, 2.4800E+00, 2.8800E+00, 1.2000E+00,
13:52:51.11982340, 2.4667E+00, 2.9333E+00, 1.0667E+00,
13:52:51.11982345, 2.4400E+00, 2.8933E+00, 1.3333E+00,
13:52:51.11982350, 2.4533E+00, 2.8933E+00, 9.3333E-01,
13:52:51.11982355, 2.4933E+00, 2.9200E+00, 1.4667E+00,
13:52:51.11982360, 2.4800E+00, 2.8800E+00, 9.3333E-01,
13:52:51.11982365, 2.4933E+00, 2.9067E+00, 1.2000E+00,
13:52:51.11982370, 2.5200E+00, 2.8800E+00, 1.2000E+00,
13:52:51.11982375, 2.5067E+00, 2.8800E+00, 1.6000E+00,
13:52:51.11982380, 2.4667E+00, 2.8933E+00, 1.3333E+00,
13:52:51.11982385, 2.4800E+00, 2.8933E+00, 1.4667E+00,
13:52:51.11982390, 2.4933E+00, 2.9067E+00, 1.6000E+00,
13:52:51.11982395, 2.4400E+00, 2.8667E+00, 1.3333E+00,
13:52:51.11982400, 2.5067E+00, 2.8933E+00, 1.4667E+00,
13:52:51.11982405, 2.4800E+00, 2.9067E+00, 1.3333E+00,
13:52:51.11982410, 2.5067E+00, 2.8400E+00, 1.0667E+00,
13:52:51.11982415, 2.4667E+00, 2.8800E+00, 1.2000E+00,
13:52:51.11982420, 2.5067E+00, 2.9067E+00, 1.3333E+00,
13:52:51.11982425, 2.5067E+00, 2.9067E+00, 1.3333E+00,
13:52:51.11982430, 2.5067E+00, 2.8667E+00, 1.2000E+00,
13:52:51.11982435, 2.4933E+00, 2.8933E+00, 1.2000E+00,
13:52:51.11982440, 2.4533E+00, 2.8800E+00, 1.4667E+00,
13:52:51.11982445, 2.4800E+00, 2.9200E+00, 1.0667E+00,
13:52:51.11982450, 2.4533E+00, 2.9333E+00, 1.0667E+00,
13:52:51.11982455, 2.4533E+00, 2.9067E+00, 1.2000E+00,
13:52:51.11982460, 2.4800E+00, 2.8667E+00, 1.3333E+00,
13:52:51.11982465, 2.4667E+00, 2.9067E+00, 1.2000E+00,
13:52:51.11982470, 2.4667E+00, 2.9067E+00, 1.7333E+00,
13:52:51.11982475, 2.4933E+00, 2.8933E+00, 1.6000E+00,
13:52:51.11982480, 2.4800E+00, 2.8933E+00, 1.4667E+00,
13:52:51.11982485, 2.4933E+00, 2.8800E+00, 1.4667E+00,
13:52:51.11982490, 2.4667E+00, 2.8800E+00, 1.2000E+00,
13:52:51.11982495, 2.4667E+00, 2.8533E+00, 9.3333E-01,
13:52:51.11982500, 2.4667E+00, 2.8800E+00, 1.4667E+00,
13:52:51.11982505, 2.4667E+00, 2.8667E+00, 1.0667E+00,
13:52:51.11982510, 2.5200E+00, 2.8800E+00, 1.2000E+00,
13:52:51.11982515, 2.4800E+00, 2.8800E+00, 1.3333E+00,
13:52:51.11982520, 2.5067E+00, 2.8800E+00, 1.3333E+00,
13:52:51.11982525, 2.4933E+00, 2.8800E+00, 1.3333E+00,
13:52:51.11982530, 2.5067E+00, 2.9067E+00, 1.3333E+00,
13:52:51.11982535, 2.4933E+00, 2.8933E+00, 1.2000E+00,
13:52:51.11982540, 2.4933E+00, 2.8800E+00, 1.3333E+00,
13:52:51.11982545, 2.4800E+00, 2.8933E+00, 1.4667E+00,
13:52:51.11982550, 2.4667E+00, 2.8533E+00, 1.3333E+00,
13:52:51.11982555, 2.4667E+00, 2.8533E+00, 1.3333E+00,
13:52:51.11982560, 2.4933E+00, 2.8933E+00, 1.2000E+00,
13:52:51.11982565, 2.4933E+00, 2.8533E+00, 1.3333E+00,
13:52:51.11982570, 2.4800E+00, 2.8800E+00, 1.3333E+00,
13:52:51.11982575, 2.4933E+00, 2.8933E+00, 1.4667E+00,
13:52:51.11982580, 2.4800E+00, 2.8933E+00, 1.3333E+00,
13:52:51.11982585, 2.4800E+00, 2.8800E+00, 1.3333E+00,
13:52:51.11982590, 2.4667E+00, 2.8933E+00, 1.0667E+00,
13:52:51.11982595, 2.4533E+00, 2.8800E+00, 8.0000E-01,
13:52:51.11982600, 2.5333E+00, 2.8800E+00, 1.0667E+00,
13:52:51.11982605, 2.5067E+00, 2.8667E+00, 9.3333E-01,
13:52:51.11982610, 2.5200E+00, 2.8800E+00, 1.0667E+00,
13:52:51.11982615, 2.5200E+00, 2.9333E+00, 1.0667E+00,
13:52:51.11982620, 2.4533E+00, 2.8667E+00, 1.3333E+00,
13:52:51.11982625, 2.4667E+00, 2.9067E+00, 1.2000E+00,
13:52:51.11982630, 2.4800E+00, 2.8800E+00, 1.6000E+00,
13:52:51.11982635, 2.4400E+00, 2.9067E+00, 1.2000E+00,
13:52:51.11982640, 2.4533E+00, 2.8533E+00, 1.2000E+00,
13:52:51.11982645, 2.4800E+00, 2.8933E+00, 1.0667E+00,
13:52:51.11982650, 2.4800E+00, 2.8667E+00, 1.3333E+00,
13:52:51.11982655, 2.4933E+00, 2.8933E+00, 1.0667E+00,
13:52:51.11982660, 2.4933E+00, 2.8933E+00, 1.0667E+00,
13:52:51.11982665, 2.5067E+00, 2.8800E+00, 1.4667E+00,
13:52:51.11982670, 2.4933E+00, 2.8933E+00, 1.2000E+00,
13:52:51.11982675, 2.4667E+00, 2.8933E+00, 1.4667E+00,
13:52:51.11982680, 2.4800E+00, 2.9067E+00, 1.3333E+00,
13:52:51.11982685, 2.4667E+00, 2.8933E+00, 1.2000E+00,
13:52:51.11982690, 2.5067E+00, 2.8667E+00, 1.0667E+00,
13:52:51.11982695, 2.4933E+00, 2.8800E+00, 1.2000E+00,
13:52:51.11982700, 2.4933E+00, 2.8533E+00, 9.3333E-01,
13:52:51.11982705, 2.4667E+00, 2.8800E+00, 1.2000E+00,
13:52:51.11982710, 2.4933E+00, 2.8933E+00, 1.0667E+00,
13:52:51.11982715, 2.5067E+00, 2.8667E+00, 1.0667E+00,
13:52:51.11982720, 2.4933E+00, 2.8933E+00, 9.3333E-01,
13:52:51.11982725, 2.4800E+00, 2.8667E+00, 8.0000E-01,
13:52:51.11982730, 2.4800E+00, 2.8400E+00, 1.2000E+00,
13:52:51.11982735, 2.4800E+00, 2.8667E+00, 9.3333E-01,
13:52:51.11982740, 2.4667E+00, 2.9200E+00, 9.3333E-01,
13:52:51.11982745, 2.5067E+00, 2.8533E+00, 1.2000E+00,
13:52:51.11982750, 2.4667E+00, 2.9067E+00, 1.2000E+00,
13:52:51.11982755, 2.4800E+00, 2.8800E+00, 1.3333E+00,
13:52:51.11982760, 2.4800E+00, 2.9067E+00, 1.0667E+00,
13:52:51.11982765, 2.4533E+00, 2.8800E+00, 1.0667E+00,
13:52:51.11982770, 2.4933E+00, 2.8800E+00, 1.3333E+00,
13:52:51.11982775, 2.4800E+00, 2.8667E+00, 1.3333E+00,
13:52:51.11982780, 2.4800E+00, 2.8933E+00, 1.2000E+00,
13:52:51.11982785, 2.4533E+00, 2.8933E+00, 1.0667E+00,
13:52:51.11982790, 2.4667E+00, 2.8533E+00, 1.0667E+00,
13:52:51.11982795, 2.4667E+00, 2.8933E+00, 1.0667E+00,
13:52:51.11982800, 2.4933E+00, 2.8800E+00, 6.6667E-01,
13:52:51.11982805, 2.4933E+00, 2.8533E+00, 1.0667E+00,
13:52:51.11982810, 2.5067E+00, 2.8533E+00, 1.2000E+00,
13:52:51.11982815, 2.4933E+00, 2.8933E+00, 9.3333E-01,
13:52:51.11982820, 2.4800E+00, 2.8400E+00, 1.2000E+00,
13:52:51.11982825, 2.4667E+00, 2.8533E+00, 1.3333E+00,
13:52:51.11982830, 2.4667E+00, 2.8667E+00, 1.0667E+00,
13:52:51.11982835, 2.4667E+00, 2.8800E+00, 9.3333E-01,
13:52:51.11982840, 2.5067E+00, 2.9067E+00, 8.0000E-01,
13:52:51.11982845, 2.4933E+00, 2.8800E+00, 1.2000E+00,
13:52:51.11982850, 2.4667E+00, 2.9067E+00, 1.2000E+00,
13:52:51.11982855, 2.4933E+00, 2.8667E+00, 1.3333E+00,
13:52:51.11982860, 2.4933E+00, 2.8800E+00, 1.0667E+00,
13:52:51.11982865, 2.4800E+00, 2.8533E+00, 8.0000E-01,
13:52:51.11982870, 2.4667E+00, 2.8800E+00, 1.2000E+00,
13:52:51.11982875, 2.4667E+00, 2.8933E+00, 1.6000E+00,
13:52:51.11982880, 2.4400E+00, 2.8533E+00, 1.0667E+00,
13:52:51.11982885, 2.4533E+00, 2.8667E+00, 1.2000E+00,
13:52:51.11982890, 2.4800E+00, 2.9067E+00, 1.3333E+00,
13:52:51.11982895, 2.5067E+00, 2.8933E+00, 1.2000E+00,
13:52:51.11982900, 2.5067E+00, 2.9067E+00, 1.2000E+00,
13:52:51.11982905, 2.4667E+00, 2.8667E+00, 1.3333E+00,
13:52:51.11982910, 2.4800E+00, 2.8800E+00, 1.4667E+00,
13:52:51.11982915, 2.4933E+00, 2.8800E+00, 1.3333E+00,
13:52:51.11982920, 2.4533E+00, 2.8667E+00, 1.2000E+00,
13:52:51.11982925, 2.4667E+00, 2.8800E+00, 1.2000E+00,
13:52:51.11982930, 2.4667E+00, 2.9067E+00, 1.2000E+00,
13:52:51.11982935, 2.4800E+00, 2.8667E+00, 1.0667E+00,
13:52:51.11982940, 2.4800E+00, 2.8800E+00, 1.0667E+00,
13:52:51.11982945, 2.4933E+00, 2.8800E+00, 1.4667E+00,
13:52:51.11982950, 2.4933E+00, 2.9200E+00, 1.4667E+00,
13:52:51.11982955, 2.4667E+00, 2.8533E+00, 9.3333E-01,
13:52:51.11982960, 2.4800E+00, 2.8667E+00, 9.3333E-01,
13:52:51.11982965, 2.4933E+00, 2.8800E+00, 1.2000E+00,
13:52:51.11982970, 2.4800E+00, 2.8533E+00, 1.0667E+00,
13:52:51.11982975, 2.4533E+00, 2.8667E+00, 1.2000E+00,
13:52:51.11982980, 2.4667E+00, 2.8800E+00, 1.4667E+00,
13:52:51.11982985, 2.4667E+00, 2.8800E+00, 8.0000E-01,
13:52:51.11982990, 2.4933E+00, 2.8800E+00, 1.2000E+00,
13:52:51.11982995, 2.4800E+00, 2.8667E+00, 1.0667E+00,
13:52:51.11983000, 2.5067E+00, 2.8800E+00, 1.2000E+00,
13:52:51.11983005, 2.4800E+00, 2.8933E+00, 1.0667E+00,
13:52:51.11983010, 2.4800E+00, 2.8933E+00, 1.0667E+00,
13:52:51.11983015, 2.4800E+00, 2.8533E+00, 1.3333E+00,
13:52:51.11983020, 2.4800E+00, 2.8400E+00, 1.4667E+00,
13:52:51.11983025, 2.4933E+00, 2.8533E+00, 9.3333E-01,
13:52:51.11983030, 2.4667E+00, 2.8667E+00, 1.2000E+00,
13:52:51.11983035, 2.4667E+00, 2.8667E+00, 9.3333E-01,
13:52:51.11983040, 2.4933E+00, 2.8267E+00, 1.2000E+00,
13:52:51.11983045, 2.4933E+00, 2.8800E+00, 1.4667E+00,
13:52:51.11983050, 2.4933E+00, 2.8667E+00, 9.3333E-01,
13:52:51.11983055, 2.4933E+00, 2.8533E+00, 1.0667E+00,
13:52:51.11983060, 2.4667E+00, 2.8533E+00, 1.3333E+00,
13:52:51.11983065, 2.4533E+00, 2.8800E+00, 1.2000E+00,
13:52:51.11983070, 2.4533E+00, 2.8400E+00, 1.0667E+00,
13:52:51.11983075, 2.4800E+00, 2.8800E+00, 1.2000E+00,
13:52:51.11983080, 2.4933E+00, 2.8800E+00, 1.2000E+00,
13:52:51.11983085, 2.5067E+00, 2.8533E+00, 1.0667E+00,
13:52:51.11983090, 2.4933E+00, 2.8533E+00, 1.0667E+00,
13:52:51.11983095, 2.4933E+00, 2.8800E+00, 1.2000E+00,
13:52:51.11983100, 2.4933E+00, 2.8667E+00, 1.0667E+00,
13:52:51.11983105, 2.4800E+00, 2.8800E+00, 1.3333E+00,
13:52:51.11983110, 2.4800E+00, 2.8933E+00, 1.2000E+00,
13:52:51.11983115, 2.4667E+00, 2.8267E+00, 1.4667E+00,
13:52:51.11983120, 2.4667E+00, 2.8400E+00, 1.4667E+00,
13:52:51.11983125, 2.4800E+00, 2.8800E+00, 1.3333E+00,
13:52:51.11983130, 2.4667E+00, 2.8533E+00, 1.0667E+00,
13:52:51.11983135, 2.4667E+00, 2.8667E+00, 1.3333E+00,
13:52:51.11983140, 2.4800E+00, 2.8533E+00, 1.3333E+00,
13:52:51.11983145, 2.4933E+00, 2.8667E+00, 1.3333E+00,
13:52:51.11983150, 2.5067E+00, 2.8400E+00, 1.2000E+00,
13:52:51.11983155, 2.4800E+00, 2.8400E+00, 1.3333E+00,
13:52:51.11983160, 2.4667E+00, 2.8533E+00, 1.0667E+00,
13:52:51.11983165, 2.4800E+00, 2.8800E+00, 1.3333E+00,
13:52:51.11983170, 2.4800E+00, 2.8667E+00, 1.4667E+00,
13:52:51.11983175, 2.4667E+00, 2.8533E+00, 1.3333E+00,
13:52:51.11983180, 2.4933E+00, 2.8400E+00, 1.4667E+00,
13:52:51.11983185, 2.4933E+00, 2.8933E+00, 1.2000E+00,
13:52:51.11983190, 2.5067E+00, 2.8400E+00, 1.2000E+00,
13:52:51.11983195, 2.5067E+00, 2.8933E+00, 1.0667E+00,
13:52:51.11983200, 2.4800E+00, 2.8800E+00, 1.2000E+00,
13:52:51.11983205, 2.4800E+00, 2.8400E+00, 1.2000E+00,
13:52:51.11983210, 2.4667E+00, 2.8533E+00, 1.0667E+00,
13:52:51.11983215, 2.4667E+00, 2.8800E+00, 1.6000E+00,
13:52:51.11983220, 2.4800E+00, 2.8933E+00, 1.2000E+00,
13:52:51.11983225, 2.5067E+00, 2.8667E+00, 1.2000E+00,
13:52:51.11983230, 2.4933E+00, 2.8533E+00, 1.3333E+00,
13:52:51.11983235, 2.4800E+00, 2.8533E+00, 1.2000E+00,
13:52:51.11983240, 2.4933E+00, 2.8533E+00, 1.2000E+00,
13:52:51.11983245, 2.4667E+00, 2.8533E+00, 1.2000E+00,
13:52:51.11983250, 2.4933E+00, 2.8533E+00, 1.4667E+00,
13:52:51.11983255, 2.5200E+00, 2.8533E+00, 1.3333E+00,
13:52:51.11983260, 2.4667E+00, 2.8267E+00, 1.3333E+00,
13:52:51.11983265, 2.4800E+00, 2.8800E+00, 9.3333E-01,
13:52:51.11983270, 2.4933E+00, 2.8800E+00, 1.2000E+00,
13:52:51.11983275, 2.4933E+00, 2.9067E+00, 1.0667E+00,
13:52:51.11983280, 2.4533E+00, 2.8800E+00, 1.4667E+00,
13:52:51.11983285, 2.4800E+00, 2.8667E+00, 1.3333E+00,
13:52:51.11983290, 2.4533E+00, 2.8800E+00, 1.0667E+00,
13:52:51.11983295, 2.4667E+00, 2.8667E+00, 1.3333E+00,
13:52:51.11983300, 2.4800E+00, 2.8533E+00, 1.3333E+00,
13:52:51.11983305, 2.4667E+00, 2.8800E+00, 1.2000E+00,
13:52:51.11983310, 2.4800E+00, 2.8800E+00, 1.4667E+00,
13:52:51.11983315, 2.4933E+00, 2.8800E+00, 1.2000E+00,
13:52:51.11983320, 2.4800E+00, 2.8800E+00, 1.2000E+00,
13:52:51.11983325, 2.5067E+00, 2.8667E+00, 9.3333E-01,
13:52:51.11983330, 2.5067E+00, 2.8667E+00, 1.2000E+00,
13:52:51.11983335, 2.4533E+00, 2.8533E+00, 1.3333E+00,
13:52:51.11983340, 2.4800E+00, 2.8667E+00, 1.3333E+00,
13:52:51.11983345, 2.4667E+00, 2.8400E+00, 1.2000E+00,
13:52:51.11983350, 2.4933E+00, 2.8533E+00, 1.3333E+00,
13:52:51.11983355, 2.4933E+00, 2.8533E+00, 1.2000E+00,
13:52:51.11983360, 2.4933E+00, 2.8533E+00, 1.3333E+00,
13:52:51.11983365, 2.4667E+00, 2.8133E+00, 1.4667E+00,
13:52:51.11983370, 2.4667E+00, 2.8400E+00, 1.6000E+00,
13:52:51.11983375, 2.4933E+00, 2.8800E+00, 1.4667E+00,
13:52:51.11983380, 2.5200E+00, 2.8400E+00, 1.3333E+00,
13:52:51.11983385, 2.5067E+00, 2.8667E+00, 1.2000E+00,
13:52:51.11983390, 2.4933E+00, 2.8400E+00, 1.2000E+00,
13:52:51.11983395, 2.4800E+00, 2.8533E+00, 1.3333E+00,
13:52:51.11983400, 2.4667E+00, 2.8267E+00, 1.3333E+00,
13:52:51.11983405, 2.4933E+00, 2.8667E+00, 1.2000E+00,
13:52:51.11983410, 2.4800E+00, 2.8667E+00, 1.3333E+00,
13:52:51.11983415, 2.4933E+00, 2.8667E+00, 1.3333E+00,
13:52:51.11983420, 2.4800E+00, 2.8667E+00, 1.4667E+00,
13:52:51.11983425, 2.4933E+00, 2.8533E+00, 1.4667E+00,
13:52:51.11983430, 2.4933E+00, 2.8800E+00, 1.4667E+00,
13:52:51.11983435, 2.5200E+00, 2.8533E+00, 1.2000E+00,
13:52:51.11983440, 2.4800E+00, 2.8667E+00, 1.4667E+00,
13:52:51.11983445, 2.5200E+00, 2.8933E+00, 1.4667E+00,
13:52:51.11983450, 2.5067E+00, 2.8533E+00, 1.7333E+00,
13:52:51.11983455, 2.4800E+00, 2.8667E+00, 1.4667E+00,
13:52:51.11983460, 2.4667E+00, 2.8533E+00, 1.4667E+00,
13:52:51.11983465, 2.4800E+00, 2.8667E+00, 1.3333E+00,
13:52:51.11983470, 2.4667E+00, 2.8533E+00, 1.3333E+00,
13:52:51.11983475, 2.4800E+00, 2.8267E+00, 1.3333E+00,
13:52:51.11983480, 2.4933E+00, 2.8533E+00, 1.4667E+00,
13:52:51.11983485, 2.4800E+00, 2.8400E+00, 1.2000E+00,
13:52:51.11983490, 2.4800E+00, 2.8400E+00, 1.3333E+00,
13:52:51.11983495, 2.4933E+00, 2.8667E+00, 1.3333E+00,
13:52:51.11983500, 2.4800E+00, 2.8667E+00, 1.2000E+00,
13:52:51.11983505, 2.4667E+00, 2.8400E+00, 1.3333E+00,
13:52:51.11983510, 2.5067E+00, 2.8533E+00, 1.4667E+00,
13:52:51.11983515, 2.4933E+00, 2.8667E+00, 1.2000E+00,
13:52:51.11983520, 2.4800E+00, 2.8400E+00, 1.4667E+00,
13:52:51.11983525, 2.4800E+00, 2.8667E+00, 1.0667E+00,
13:52:51.11983530, 2.4800E+00, 2.8667E+00, 1.3333E+00,
13:52:51.11983535, 2.5200E+00, 2.8933E+00, 1.6000E+00,
13:52:51.11983540, 2.5067E+00, 2.8400E+00, 1.3333E+00,
13:52:51.11983545, 2.4533E+00, 2.8533E+00, 1.3333E+00,
13:52:51.11983550, 2.4667E+00, 2.8400E+00, 1.2000E+00,
13:52:51.11983555, 2.4667E+00, 2.8667E+00, 1.2000E+00,
13:52:51.11983560, 2.4533E+00, 2.8800E+00, 1.6000E+00,
13:52:51.11983565, 2.4667E+00, 2.8400E+00, 1.6000E+00,
13:52:51.11983570, 2.5200E+00, 2.8800E+00, 1.6000E+00,
13:52:51.11983575, 2.4667E+00, 2.8667E+00, 1.4667E+00,
13:52:51.11983580, 2.4933E+00, 2.8933E+00, 1.2000E+00,
13:52:51.11983585, 2.5067E+00, 2.8267E+00, 1.8667E+00,
13:52:51.11983590, 2.4533E+00, 2.8533E+00, 1.6000E+00,
13:52:51.11983595, 2.4400E+00, 2.8667E+00, 1.6000E+00,
13:52:51.11983600, 2.4667E+00, 2.8533E+00, 1.3333E+00,
13:52:51.11983605, 2.4800E+00, 2.8667E+00, 1.4667E+00,
13:52:51.11983610, 2.4667E+00, 2.8533E+00, 1.2000E+00,
13:52:51.11983615, 2.4933E+00, 2.9067E+00, 1.3333E+00,
13:52:51.11983620, 2.4933E+00, 2.8533E+00, 1.4667E+00,
13:52:51.11983625, 2.5200E+00, 2.8533E+00, 1.4667E+00,
13:52:51.11983630, 2.4800E+00, 2.8533E+00, 1.3333E+00,
13:52:51.11983635, 2.4933E+00, 2.8533E+00, 1.4667E+00,
13:52:51.11983640, 2.4533E+00, 2.8533E+00, 1.8667E+00,
13:52:51.11983645, 2.4667E+00, 2.8533E+00, 1.7333E+00,
13:52:51.11983650, 2.4933E+00, 2.8533E+00, 1.2000E+00,
13:52:51.11983655, 2.4533E+00, 2.8533E+00, 1.2000E+00,
13:52:51.11983660, 2.4533E+00, 2.8533E+00, 1.3333E+00,
13:52:51.11983665, 2.4800E+00, 2.8533E+00, 1.2000E+00,
13:52:51.11983670, 2.4933E+00, 2.8533E+00, 1.3333E+00,
13:52:51.11983675, 2.4933E+00, 2.8933E+00, 1.4667E+00,
13:52:51.11983680, 2.4800E+00, 2.8933E+00, 1.4667E+00,
13:52:51.11983685, 2.4667E+00, 2.8800E+00, 1.3333E+00,
13:52:51.11983690, 2.4800E+00, 2.8667E+00, 1.4667E+00,
13:52:51.11983695, 2.4800E+00, 2.8667E+00, 1.3333E+00,
13:52:51.11983700, 2.4533E+00, 2.8533E+00, 1.6000E+00,
13:52:51.11983705, 2.4800E+00, 2.8800E+00, 1.4667E+00,
13:52:51.11983710, 2.4800E+00, 2.8400E+00, 1.6000E+00,
13:52:51.11983715, 2.4933E+00, 2.8667E+00, 1.6000E+00,
13:52:51.11983720, 2.5067E+00, 2.8667E+00, 1.4667E+00,
13:52:51.11983725, 2.4667E+00, 2.8800E+00, 1.3333E+00,
13:52:51.11983730, 2.4800E+00, 2.8800E+00, 1.2000E+00,
13:52:51.11983735, 2.4800E+00, 2.8533E+00, 1.4667E+00,
13:52:51.11983740, 2.5067E+00, 2.8667E+00, 1.7333E+00,
13:52:51.11983745, 2.4800E+00, 2.8933E+00, 1.7333E+00,
13:52:51.11983750, 2.5067E+00, 2.8533E+00, 1.8667E+00,
13:52:51.11983755, 2.4800E+00, 2.8800E+00, 1.4667E+00,
13:52:51.11983760, 2.4933E+00, 2.8533E+00, 1.8667E+00,
13:52:51.11983765, 2.4800E+00, 2.8800E+00, 1.6000E+00,
13:52:51.11983770, 2.5067E+00, 2.8533E+00, 1.4667E+00,
13:52:51.11983775, 2.4667E+00, 2.8667E+00, 1.2000E+00,
13:52:51.11983780, 2.4933E+00, 2.8667E+00, 1.3333E+00,
13:52:51.11983785, 2.4400E+00, 2.8533E+00, 1.6000E+00,
13:52:51.11983790, 2.4933E+00, 2.8533E+00, 1.2000E+00,
13:52:51.11983795, 2.4533E+00, 2.8667E+00, 1.4667E+00,
13:52:51.11983800, 2.4800E+00, 2.8667E+00, 1.3333E+00,
13:52:51.11983805, 2.4667E+00, 2.8667E+00, 1.2000E+00,
13:52:51.11983810, 2.4800E+00, 2.8533E+00, 1.3333E+00,
13:52:51.11983815, 2.5200E+00, 2.8400E+00, 1.6000E+00,
13:52:51.11983820, 2.4933E+00, 2.8800E+00, 1.6000E+00,
13:52:51.11983825, 2.4933E+00, 2.8400E+00, 1.4667E+00,
13:52:51.11983830, 2.4800E+00, 2.8533E+00, 1.0667E+00,
13:52:51.11983835, 2.4400E+00, 2.8667E+00, 1.3333E+00,
13:52:51.11983840, 2.4667E+00, 2.8667E+00, 1.6000E+00,
13:52:51.11983845, 2.5200E+00, 2.8667E+00, 1.6000E+00,
13:52:51.11983850, 2.4800E+00, 2.8533E+00, 1.8667E+00,
13:52:51.11983855, 2.5200E+00, 2.8267E+00, 1.2000E+00,
13:52:51.11983860, 2.4933E+00, 2.8533E+00, 1.3333E+00,
13:52:51.11983865, 2.5067E+00, 2.8667E+00, 1.4667E+00,
13:52:51.11983870, 2.4933E+00, 2.8667E+00, 1.6000E+00,
13:52:51.11983875, 2.4800E+00, 2.8533E+00, 1.3333E+00,
13:52:51.11983880, 2.4800E+00, 2.8533E+00, 1.3333E+00,
13:52:51.11983885, 2.4667E+00, 2.8667E+00, 1.2000E+00,
13:52:51.11983890, 2.4800E+00, 2.8667E+00, 1.4667E+00,
13:52:51.11983895, 2.5067E+00, 2.8533E+00, 1.4667E+00,
13:52:51.11983900, 2.5067E+00, 2.8800E+00, 1.4667E+00,
13:52:51.11983905, 2.4667E+00, 2.8667E+00, 1.3333E+00,
13:52:51.11983910, 2.5333E+00, 2.8800E+00, 1.6000E+00,
13:52:51.11983915, 2.5067E+00, 2.8800E+00, 1.3333E+00,
13:52:51.11983920, 2.4800E+00, 2.8400E+00, 1.3333E+00,
13:52:51.11983925, 2.4400E+00, 2.8800E+00, 1.6000E+00,
13:52:51.11983930, 2.4667E+00, 2.8667E+00, 1.4667E+00,
13:52:51.11983935, 2.4800E+00, 2.8533E+00, 1.7333E+00,
13:52:51.11983940, 2.4800E+00, 2.8667E+00, 1.8667E+00,
13:52:51.11983945, 2.4800E+00, 2.8667E+00, 1.3333E+00,
13:52:51.11983950, 2.5067E+00, 2.8933E+00, 1.3333E+00,
13:52:51.11983955, 2.4667E+00, 2.8400E+00, 1.6000E+00,
13:52:51.11983960, 2.5067E+00, 2.8667E+00, 1.6000E+00,
13:52:51.11983965, 2.4800E+00, 2.8800E+00, 1.6000E+00,
13:52:51.11983970, 2.5067E+00, 2.8667E+00, 1.6000E+00,
13:52:51.11983975, 2.4533E+00, 2.8667E+00, 1.7333E+00,
13:52:51.11983980, 2.4933E+00, 2.8933E+00, 1.7333E+00,
13:52:51.11983985, 2.4667E+00, 2.8667E+00, 1.6000E+00,
13:52:51.11983990, 2.5067E+00, 2.8933E+00, 1.8667E+00,
13:52:51.11983995, 2.4800E+00, 2.8533E+00, 1.4667E+00,
13:52:51.11984000, 2.4800E+00, 2.8667E+00, 1.8667E+00,
13:52:51.11984005, 2.4933E+00, 2.8667E+00, 1.6000E+00,
13:52:51.11984010, 2.4933E+00, 2.8667E+00, 1.6000E+00,
13:52:51.11984015, 2.4933E+00, 2.8667E+00, 1.4667E+00,
13:52:51.11984020, 2.4800E+00, 2.8667E+00, 1.7333E+00,
13:52:51.11984025, 2.4667E+00, 2.8800E+00, 1.3333E+00,
13:52:51.11984030, 2.4800E+00, 2.8800E+00, 2.0000E+00,
13:52:51.11984035, 2.4933E+00, 2.8933E+00, 1.6000E+00,
13:52:51.11984040, 2.4800E+00, 2.8800E+00, 1.7333E+00,
13:52:51.11984045, 2.5067E+00, 2.8533E+00, 1.4667E+00,
13:52:51.11984050, 2.4533E+00, 2.8533E+00, 1.4667E+00,
13:52:51.11984055, 2.5067E+00, 2.8533E+00, 1.3333E+00,
13:52:51.11984060, 2.4800E+00, 2.8667E+00, 1.4667E+00,
13:52:51.11984065, 2.4933E+00, 2.8800E+00, 1.4667E+00,
13:52:51.11984070, 2.4667E+00, 2.8400E+00, 1.4667E+00,
13:52:51.11984075, 2.4667E+00, 2.8533E+00, 1.4667E+00,
13:52:51.11984080, 2.4533E+00, 2.8667E+00, 2.0000E+00,
13:52:51.11984085, 2.4933E+00, 2.8667E+00, 1.4667E+00,
13:52:51.11984090, 2.5067E+00, 2.8667E+00, 1.7333E+00,
13:52:51.11984095, 2.5200E+00, 2.8800E+00, 1.6000E+00,
13:52:51.11984100, 2.4933E+00, 2.8667E+00, 1.6000E+00,
13:52:51.11984105, 2.5067E+00, 2.8933E+00, 1.6000E+00,
13:52:51.11984110, 2.4800E+00, 2.9067E+00, 1.3333E+00,
13:52:51.11984115, 2.5067E+00, 2.8800E+00, 1.4667E+00,
13:52:51.11984120, 2.4800E+00, 2.8667E+00, 1.4667E+00,
13:52:51.11984125, 2.4533E+00, 2.8667E+00, 1.3333E+00,
13:52:51.11984130, 2.4800E+00, 2.8933E+00, 1.7333E+00,
13:52:51.11984135, 2.4933E+00, 2.9067E+00, 1.7333E+00,
13:52:51.11984140, 2.4800E+00, 2.8667E+00, 1.7333E+00,
13:52:51.11984145, 2.4933E+00, 2.8933E+00, 1.3333E+00,
13:52:51.11984150, 2.5200E+00, 2.8800E+00, 1.6000E+00,
13:52:51.11984155, 2.4933E+00, 2.8667E+00, 1.6000E+00,
13:52:51.11984160, 2.4933E+00, 2.8667E+00, 1.8667E+00,
13:52:51.11984165, 2.4800E+00, 2.8933E+00, 1.6000E+00,
13:52:51.11984170, 2.4533E+00, 2.8933E+00, 1.4667E+00,
13:52:51.11984175, 2.4667E+00, 2.8667E+00, 1.8667E+00,
13:52:51.11984180, 2.5067E+00, 2.8800E+00, 1.6000E+00,
13:52:51.11984185, 2.4933E+00, 2.8533E+00, 1.2000E+00,
13:52:51.11984190, 2.4667E+00, 2.8933E+00, 1.7333E+00,
13:52:51.11984195, 2.4933E+00, 2.8933E+00, 1.2000E+00,
13:52:51.11984200, 2.4933E+00, 2.8933E+00, 2.0000E+00,
13:52:51.11984205, 2.5067E+00, 2.8667E+00, 1.4667E+00,
13:52:51.11984210, 2.5067E+00, 2.8933E+00, 1.7333E+00,
13:52:51.11984215, 2.4667E+00, 2.8933E+00, 1.4667E+00,
13:52:51.11984220, 2.4533E+00, 2.9067E+00, 1.7333E+00,
13:52:51.11984225, 2.4400E+00, 2.8667E+00, 1.7333E+00,
13:52:51.11984230, 2.4933E+00, 2.8933E+00, 1.7333E+00,
13:52:51.11984235, 2.4800E+00, 2.8933E+00, 1.4667E+00,
13:52:51.11984240, 2.4800E+00, 2.8800E+00, 1.3333E+00,
13:52:51.11984245, 2.4800E+00, 2.8933E+00, 1.4667E+00,
13:52:51.11984250, 2.4933E+00, 2.8533E+00, 1.3333E+00,
13:52:51.11984255, 2.4667E+00, 2.8667E+00, 1.3333E+00,
13:52:51.11984260, 2.4533E+00, 2.8667E+00, 1.4667E+00,
13:52:51.11984265, 2.4667E+00, 2.8800E+00, 1.7333E+00,
13:52:51.11984270, 2.4400E+00, 2.8533E+00, 1.7333E+00,
13:52:51.11984275, 2.4933E+00, 2.8933E+00, 1.7333E+00,
13:52:51.11984280, 2.4933E+00, 2.8933E+00, 1.3333E+00,
13:52:51.11984285, 2.4667E+00, 2.8667E+00, 1.4667E+00,
13:52:51.11984290, 2.4667E+00, 2.8933E+00, 1.2000E+00,
13:52:51.11984295, 2.4933E+00, 2.8400E+00, 1.3333E+00,
13:52:51.11984300, 2.4667E+00, 2.8800E+00, 1.0667E+00,
13:52:51.11984305, 2.4800E+00, 2.8533E+00, 1.3333E+00,
13:52:51.11984310, 2.4800E+00, 2.8667E+00, 1.3333E+00,
13:52:51.11984315, 2.4667E+00, 2.8800E+00, 1.2000E+00,
13:52:51.11984320, 2.4667E+00, 2.8800E+00, 1.7333E+00,
13:52:51.11984325, 2.4667E+00, 2.8800E+00, 1.7333E+00,
13:52:51.11984330, 2.4800E+00, 2.8533E+00, 1.6000E+00,
13:52:51.11984335, 2.4800E+00, 2.8533E+00, 1.7333E+00,
13:52:51.11984340, 2.4933E+00, 2.8667E+00, 1.3333E+00,
13:52:51.11984345, 2.4933E+00, 2.8533E+00, 1.3333E+00,
13:52:51.11984350, 2.5067E+00, 2.8933E+00, 1.8667E+00,
13:52:51.11984355, 2.4933E+00, 2.8800E+00, 1.7333E+00,
13:52:51.11984360, 2.4667E+00, 2.9200E+00, 1.3333E+00,
13:52:51.11984365, 2.4667E+00, 2.8800E+00, 1.7333E+00,
13:52:51.11984370, 2.4800E+00, 2.9067E+00, 1.3333E+00,
13:52:51.11984375, 2.4800E+00, 2.8800E+00, 1.4667E+00,
13:52:51.11984380, 2.4800E+00, 2.9067E+00, 1.6000E+00,
13:52:51.11984385, 2.4667E+00, 2.9067E+00, 1.8667E+00,
13:52:51.11984390, 2.4933E+00, 2.8533E+00, 1.7333E+00,
13:52:51.11984395, 2.5200E+00, 2.8933E+00, 1.3333E+00,
13:52:51.11984400, 2.4800E+00, 2.9067E+00, 1.8667E+00,
13:52:51.11984405, 2.4933E+00, 2.8800E+00, 2.0000E+00,
13:52:51.11984410, 2.4667E+00, 2.9067E+00, 1.6000E+00,
13:52:51.11984415, 2.4800E+00, 2.8533E+00, 1.3333E+00,
13:52:51.11984420, 2.4800E+00, 2.8667E+00, 1.6000E+00,
13:52:51.11984425, 2.4667E+00, 2.8667E+00, 1.4667E+00,
13:52:51.11984430, 2.4800E+00, 2.8800E+00, 1.8667E+00,
13:52:51.11984435, 2.5067E+00, 2.8933E+00, 1.8667E+00,
13:52:51.11984440, 2.4933E+00, 2.9067E+00, 1.3333E+00,
13:52:51.11984445, 2.4933E+00, 2.8800E+00, 1.3333E+00,
13:52:51.11984450, 2.4800E+00, 2.8933E+00, 1.6000E+00,
13:52:51.11984455, 2.4800E+00, 2.8800E+00, 1.6000E+00,
13:52:51.11984460, 2.4400E+00, 2.8800E+00, 1.4667E+00,
13:52:51.11984465, 2.4667E+00, 2.8800E+00, 1.6000E+00,
13:52:51.11984470, 2.4667E+00, 2.8667E+00, 1.4667E+00,
13:52:51.11984475, 2.4933E+00, 2.8667E+00, 1.6000E+00,
13:52:51.11984480, 2.4667E+00, 2.9067E+00, 1.8667E+00,
13:52:51.11984485, 2.5067E+00, 2.8933E+00, 1.7333E+00,
13:52:51.11984490, 2.4933E+00, 2.8667E+00, 1.4667E+00,
13:52:51.11984495, 2.5067E+00, 2.8800E+00, 1.6000E+00,
13:52:51.11984500, 2.4667E+00, 2.8800E+00, 1.6000E+00,
13:52:51.11984505, 2.4400E+00, 2.8800E+00, 1.3333E+00,
13:52:51.11984510, 2.4400E+00, 2.8800E+00, 1.4667E+00,
13:52:51.11984515, 2.4800E+00, 2.8667E+00, 1.4667E+00,
13:52:51.11984520, 2.4667E+00, 2.9067E+00, 1.6000E+00,
13:52:51.11984525, 2.5333E+00, 2.8667E+00, 1.4667E+00,
13:52:51.11984530, 2.5067E+00, 2.9067E+00, 1.7333E+00,
13:52:51.11984535, 2.4933E+00, 2.9067E+00, 1.4667E+00,
13:52:51.11984540, 2.5067E+00, 2.8800E+00, 1.4667E+00,
13:52:51.11984545, 2.4933E+00, 2.9200E+00, 1.3333E+00,
13:52:51.11984550, 2.4533E+00, 2.9067E+00, 1.3333E+00,
13:52:51.11984555, 2.4533E+00, 2.9200E+00, 1.4667E+00,
13:52:51.11984560, 2.4800E+00, 2.8533E+00, 1.3333E+00,
13:52:51.11984565, 2.4800E+00, 2.8667E+00, 1.3333E+00,
13:52:51.11984570, 2.5200E+00, 2.8933E+00, 2.0000E+00,
13:52:51.11984575, 2.5067E+00, 2.8933E+00, 1.3333E+00,
13:52:51.11984580, 2.4933E+00, 2.8800E+00, 1.6000E+00,
13:52:51.11984585, 2.5067E+00, 2.8533E+00, 1.6000E+00,
13:52:51.11984590, 2.4933E+00, 2.8800E+00, 1.3333E+00,
13:52:51.11984595, 2.4800E+00, 2.8800E+00, 1.4667E+00,
13:52:51.11984600, 2.4800E+00, 2.8800E+00, 1.6000E+00,
13:52:51.11984605, 2.4800E+00, 2.8933E+00, 1.4667E+00,
13:52:51.11984610, 2.4667E+00, 2.8667E+00, 1.6000E+00,
13:52:51.11984615, 2.4933E+00, 2.8800E+00, 1.4667E+00,
13:52:51.11984620, 2.4533E+00, 2.8667E+00, 1.6000E+00,
13:52:51.11984625, 2.4933E+00, 2.8800E+00, 1.6000E+00,
13:52:51.11984630, 2.5067E+00, 2.9067E+00, 1.6000E+00,
13:52:51.11984635, 2.4800E+00, 2.8667E+00, 1.4667E+00,
13:52:51.11984640, 2.4933E+00, 2.8533E+00, 1.4667E+00,
13:52:51.11984645, 2.4667E+00, 2.8933E+00, 1.3333E+00,
13:52:51.11984650, 2.4800E+00, 2.8800E+00, 1.6000E+00,
13:52:51.11984655, 2.5067E+00, 2.8667E+00, 1.4667E+00,
13:52:51.11984660, 2.5067E+00, 2.8800E+00, 1.7333E+00,
13:52:51.11984665, 2.4533E+00, 2.8933E+00, 1.6000E+00,
13:52:51.11984670, 2.4800E+00, 2.8667E+00, 1.4667E+00,
13:52:51.11984675, 2.5200E+00, 2.8933E+00, 1.3333E+00,
13:52:51.11984680, 2.4667E+00, 2.8667E+00, 1.4667E+00,
13:52:51.11984685, 2.4933E+00, 2.9067E+00, 1.3333E+00,
13:52:51.11984690, 2.5200E+00, 2.8667E+00, 1.2000E+00,
13:52:51.11984695, 2.4667E+00, 2.8667E+00, 1.4667E+00,
13:52:51.11984700, 2.4533E+00, 2.8800E+00, 1.4667E+00,
13:52:51.11984705, 2.4667E+00, 2.8800E+00, 1.3333E+00,
13:52:51.11984710, 2.4933E+00, 2.8800E+00, 1.3333E+00,
13:52:51.11984715, 2.4800E+00, 2.8667E+00, 1.6000E+00,
13:52:51.11984720, 2.4800E+00, 2.8933E+00, 1.6000E+00,
13:52:51.11984725, 2.5067E+00, 2.8933E+00, 1.6000E+00,
13:52:51.11984730, 2.4667E+00, 2.9200E+00, 1.7333E+00,
13:52:51.11984735, 2.5067E+00, 2.8800E+00, 1.4667E+00,
13:52:51.11984740, 2.4800E+00, 2.9067E+00, 1.4667E+00,
13:52:51.11984745, 2.4933E+00, 2.9067E+00, 1.4667E+00,
13:52:51.11984750, 2.4533E+00, 2.8667E+00, 1.3333E+00,
13:52:51.11984755, 2.4800E+00, 2.8933E+00, 1.2000E+00,
13:52:51.11984760, 2.4533E+00, 2.8933E+00, 1.4667E+00,
13:52:51.11984765, 2.4800E+00, 2.9067E+00, 1.7333E+00,
13:52:51.11984770, 2.4933E+00, 2.8667E+00, 1.4667E+00,
13:52:51.11984775, 2.4933E+00, 2.8933E+00, 1.4667E+00,
13:52:51.11984780, 2.4933E+00, 2.8800E+00, 1.2000E+00,
13:52:51.11984785, 2.4933E+00, 2.8800E+00, 1.7333E+00,
13:52:51.11984790, 2.4933E+00, 2.8933E+00, 1.6000E+00,
13:52:51.11984795, 2.4800E+00, 2.8400E+00, 1.7333E+00,
13:52:51.11984800, 2.4533E+00, 2.8800E+00, 1.2000E+00,
13:52:51.11984805, 2.4800E+00, 2.8667E+00, 1.6000E+00,
13:52:51.11984810, 2.4667E+00, 2.8800E+00, 1.3333E+00,
13:52:51.11984815, 2.4800E+00, 2.8800E+00, 1.3333E+00,
13:52:51.11984820, 2.4933E+00, 2.8800E+00, 1.6000E+00,
13:52:51.11984825, 2.4667E+00, 2.9200E+00, 1.7333E+00,
13:52:51.11984830, 2.4800E+00, 2.8933E+00, 1.4667E+00,
13:52:51.11984835, 2.4533E+00, 2.8667E+00, 1.6000E+00,
13:52:51.11984840, 2.4800E+00, 2.8933E+00, 1.2000E+00,
13:52:51.11984845, 2.4667E+00, 2.8400E+00, 1.4667E+00,
13:52:51.11984850, 2.4800E+00, 2.8533E+00, 1.4667E+00,
13:52:51.11984855, 2.4667E+00, 2.8533E+00, 1.6000E+00,
13:52:51.11984860, 2.5067E+00, 2.8667E+00, 1.4667E+00,
13:52:51.11984865, 2.4667E+00, 2.8933E+00, 1.3333E+00,
13:52:51.11984870, 2.4933E+00, 2.8800E+00, 1.4667E+00,
13:52:51.11984875, 2.4933E+00, 2.8800E+00, 1.6000E+00,
13:52:51.11984880, 2.4800E+00, 2.8667E+00, 1.3333E+00,
13:52:51.11984885, 2.4667E+00, 2.8667E+00, 1.3333E+00,
13:52:51.11984890, 2.4667E+00, 2.8667E+00, 1.2000E+00,
13:52:51.11984895, 2.4533E+00, 2.8667E+00, 1.7333E+00,
13:52:51.11984900, 2.4800E+00, 2.9067E+00, 1.6000E+00,
13:52:51.11984905, 2.4933E+00, 2.8667E+00, 1.6000E+00,
13:52:51.11984910, 2.4933E+00, 2.8533E+00, 1.7333E+00,
13:52:51.11984915, 2.4800E+00, 2.8933E+00, 1.3333E+00,
13:52:51.11984920, 2.4800E+00, 2.9067E+00, 1.6000E+00,
13:52:51.11984925, 2.4667E+00, 2.8933E+00, 1.3333E+00,
13:52:51.11984930, 2.4533E+00, 2.8800E+00, 1.3333E+00,
13:52:51.11984935, 2.4800E+00, 2.9067E+00, 9.3333E-01,
13:52:51.11984940, 2.4533E+00, 2.8933E+00, 1.2000E+00,
13:52:51.11984945, 2.4667E+00, 2.8933E+00, 1.3333E+00,
13:52:51.11984950, 2.4800E+00, 2.8533E+00, 1.4667E+00,
13:52:51.11984955, 2.4933E+00, 2.8933E+00, 1.3333E+00,
13:52:51.11984960, 2.4800E+00, 2.8667E+00, 1.4667E+00,
13:52:51.11984965, 2.5067E+00, 2.8667E+00, 1.4667E+00,
13:52:51.11984970, 2.5200E+00, 2.8933E+00, 1.4667E+00,
13:52:51.11984975, 2.4800E+00, 2.8933E+00, 1.2000E+00,
13:52:51.11984980, 2.4533E+00, 2.9067E+00, 9.3333E-01,
13:52:51.11984985, 2.5067E+00, 2.8933E+00, 1.3333E+00,
13:52:51.11984990, 2.4933E+00, 2.8800E+00, 1.3333E+00,
13:52:51.11984995, 2.4800E+00, 2.9067E+00, 1.2000E+00,
13:52:51.11985000, 2.4933E+00, 2.8800E+00, 1.4667E+00,
13:52:51.11985005, 2.4800E+00, 2.8800E+00, 1.4667E+00,
13:52:51.11985010, 2.4800E+00, 2.8933E+00, 1.2000E+00,
13:52:51.11985015, 2.4800E+00, 2.8933E+00, 1.6000E+00,
13:52:51.11985020, 2.4667E+00, 2.9067E+00, 1.3333E+00,
13:52:51.11985025, 2.4667E+00, 2.8533E+00, 1.2000E+00,
13:52:51.11985030, 2.4800E+00, 2.8933E+00, 1.6000E+00,
13:52:51.11985035, 2.4533E+00, 2.8933E+00, 1.4667E+00,
13:52:51.11985040, 2.4667E+00, 2.9200E+00, 1.3333E+00,
13:52:51.11985045, 2.4933E+00, 2.9067E+00, 1.0667E+00,
13:52:51.11985050, 2.4800E+00, 2.8800E+00, 1.7333E+00,
13:52:51.11985055, 2.4667E+00, 2.8667E+00, 1.2000E+00,
13:52:51.11985060, 2.5067E+00, 2.8400E+00, 1.3333E+00,
13:52:51.11985065, 2.4933E+00, 2.8800E+00, 1.4667E+00,
13:52:51.11985070, 2.4800E+00, 2.8933E+00, 1.2000E+00,
13:52:51.11985075, 2.4800E+00, 2.8933E+00, 1.2000E+00,
13:52:51.11985080, 2.4933E+00, 2.8800E+00, 1.2000E+00,
13:52:51.11985085, 2.4800E+00, 2.8933E+00, 1.3333E+00,
13:52:51.11985090, 2.4667E+00, 2.8800E+00, 1.3333E+00,
13:52:51.11985095, 2.4933E+00, 2.8800E+00, 1.2000E+00,
13:52:51.11985100, 2.4667E+00, 2.8533E+00, 1.6000E+00,
13:52:51.11985105, 2.4800E+00, 2.8800E+00, 1.3333E+00,
13:52:51.11985110, 2.4933E+00, 2.8933E+00, 1.3333E+00,
13:52:51.11985115, 2.5067E+00, 2.8933E+00, 1.4667E+00,
13:52:51.11985120, 2.5067E+00, 2.8533E+00, 1.4667E+00,
13:52:51.11985125, 2.4800E+00, 2.9067E+00, 1.3333E+00,
13:52:51.11985130, 2.4667E+00, 2.8933E+00, 1.0667E+00,
13:52:51.11985135, 2.4667E+00, 2.8800E+00, 1.4667E+00,
13:52:51.11985140, 2.4667E+00, 2.9067E+00, 1.3333E+00,
13:52:51.11985145, 2.4667E+00, 2.8667E+00, 1.3333E+00,
13:52:51.11985150, 2.4800E+00, 2.8933E+00, 1.6000E+00,
13:52:51.11985155, 2.4933E+00, 2.8800E+00, 1.4667E+00,
13:52:51.11985160, 2.4933E+00, 2.8933E+00, 1.3333E+00,
13:52:51.11985165, 2.4667E+00, 2.8800E+00, 1.4667E+00,
13:52:51.11985170, 2.4933E+00, 2.8933E+00, 1.4667E+00,
13:52:51.11985175, 2.4800E+00, 2.8667E+00, 1.3333E+00,
13:52:51.11985180, 2.4667E+00, 2.9067E+00, 9.3333E-01,
13:52:51.11985185, 2.4800E+00, 2.8933E+00, 1.3333E+00,
13:52:51.11985190, 2.4933E+00, 2.8933E+00, 1.3333E+00,
13:52:51.11985195, 2.4800E+00, 2.8933E+00, 1.3333E+00,
13:52:51.11985200, 2.4800E+00, 2.8800E+00, 1.2000E+00,
13:52:51.11985205, 2.4800E+00, 2.9067E+00, 1.3333E+00,
13:52:51.11985210, 2.4800E+00, 2.8800E+00, 1.3333E+00,
13:52:51.11985215, 2.5200E+00, 2.8933E+00, 1.4667E+00,
13:52:51.11985220, 2.4667E+00, 2.8800E+00, 1.4667E+00,
13:52:51.11985225, 2.4533E+00, 2.8800E+00, 1.4667E+00,
13:52:51.11985230, 2.4667E+00, 2.8400E+00, 1.4667E+00,
13:52:51.11985235, 2.4933E+00, 2.9067E+00, 1.3333E+00,
13:52:51.11985240, 2.4533E+00, 2.8933E+00, 1.3333E+00,
13:52:51.11985245, 2.4800E+00, 2.8933E+00, 1.3333E+00,
13:52:51.11985250, 2.4667E+00, 2.8800E+00, 1.3333E+00,
13:52:51.11985255, 2.4933E+00, 2.8667E+00, 1.4667E+00,
13:52:51.11985260, 2.5067E+00, 2.8933E+00, 1.3333E+00,
13:52:51.11985265, 2.4667E+00, 2.8933E+00, 1.3333E+00,
13:52:51.11985270, 2.4533E+00, 2.8800E+00, 1.2000E+00,
13:52:51.11985275, 2.4400E+00, 2.8533E+00, 1.0667E+00,
13:52:51.11985280, 2.4667E+00, 2.8800E+00, 1.3333E+00,
13:52:51.11985285, 2.4667E+00, 2.9200E+00, 1.3333E+00,
13:52:51.11985290, 2.4800E+00, 2.8800E+00, 1.3333E+00,
13:52:51.11985295, 2.4667E+00, 2.8933E+00, 1.4667E+00,
13:52:51.11985300, 2.4933E+00, 2.8533E+00, 1.4667E+00,
13:52:51.11985305, 2.4800E+00, 2.8667E+00, 1.2000E+00,
13:52:51.11985310, 2.5067E+00, 2.8400E+00, 1.4667E+00,
13:52:51.11985315, 2.4667E+00, 2.8933E+00, 1.2000E+00,
13:52:51.11985320, 2.4667E+00, 2.8533E+00, 1.3333E+00,
13:52:51.11985325, 2.4667E+00, 2.8667E+00, 1.7333E+00,
13:52:51.11985330, 2.4800E+00, 2.8800E+00, 1.6000E+00,
13:52:51.11985335, 2.4933E+00, 2.8933E+00, 1.3333E+00,
13:52:51.11985340, 2.5067E+00, 2.8667E+00, 1.4667E+00,
13:52:51.11985345, 2.4933E+00, 2.8933E+00, 1.7333E+00,
13:52:51.11985350, 2.4800E+00, 2.9067E+00, 1.3333E+00,
13:52:51.11985355, 2.4667E+00, 2.9200E+00, 1.6000E+00,
13:52:51.11985360, 2.4667E+00, 2.8667E+00, 1.3333E+00,
13:52:51.11985365, 2.4667E+00, 2.9067E+00, 1.3333E+00,
13:52:51.11985370, 2.4667E+00, 2.8533E+00, 1.2000E+00,
13:52:51.11985375, 2.5067E+00, 2.8933E+00, 1.2000E+00,
13:52:51.11985380, 2.4533E+00, 2.8533E+00, 1.3333E+00,
13:52:51.11985385, 2.4933E+00, 2.9067E+00, 1.3333E+00,
13:52:51.11985390, 2.4933E+00, 2.8800E+00, 1.6000E+00,
13:52:51.11985395, 2.4933E+00, 2.9067E+00, 1.3333E+00,
13:52:51.11985400, 2.4933E+00, 2.8800E+00, 1.4667E+00,
13:52:51.11985405, 2.4800E+00, 2.8933E+00, 1.3333E+00,
13:52:51.11985410, 2.4667E+00, 2.8800E+00, 1.3333E+00,
13:52:51.11985415, 2.4667E+00, 2.8800E+00, 1.3333E+00,
13:52:51.11985420, 2.4800E+00, 2.8800E+00, 1.4667E+00,
13:52:51.11985425, 2.4667E+00, 2.8933E+00, 1.2000E+00,
13:52:51.11985430, 2.4800E+00, 2.8667E+00, 1.3333E+00,
13:52:51.11985435, 2.4933E+00, 2.8667E+00, 1.3333E+00,
13:52:51.11985440, 2.4933E+00, 2.8667E+00, 1.2000E+00,
13:52:51.11985445, 2.5200E+00, 2.9200E+00, 1.3333E+00,
13:52:51.11985450, 2.4667E+00, 2.8667E+00, 1.4667E+00,
13:52:51.11985455, 2.4667E+00, 2.8800E+00, 1.2000E+00,
13:52:51.11985460, 2.4800E+00, 2.8533E+00, 1.0667E+00,
13:52:51.11985465, 2.4667E+00, 2.8667E+00, 1.6000E+00,
13:52:51.11985470, 2.4667E+00, 2.8800E+00, 1.2000E+00,
13:52:51.11985475, 2.4800E+00, 2.8800E+00, 1.2000E+00,
13:52:51.11985480, 2.4667E+00, 2.8667E+00, 1.4667E+00,
13:52:51.11985485, 2.4533E+00, 2.8800E+00, 1.7333E+00,
13:52:51.11985490, 2.4667E+00, 2.8933E+00, 1.3333E+00,
13:52:51.11985495, 2.4933E+00, 2.8533E+00, 1.2000E+00,
13:52:51.11985500, 2.4800E+00, 2.8800E+00, 1.0667E+00,
13:52:51.11985505, 2.4933E+00, 2.8933E+00, 1.4667E+00,
13:52:51.11985510, 2.4933E+00, 2.8800E+00, 9.3333E-01,
13:52:51.11985515, 2.4400E+00, 2.8533E+00, 1.3333E+00,
13:52:51.11985520, 2.4667E+00, 2.8667E+00, 1.0667E+00,
13:52:51.11985525, 2.4800E+00, 2.8800E+00, 1.4667E+00,
13:52:51.11985530, 2.4933E+00, 2.8400E+00, 1.0667E+00,
13:52:51.11985535, 2.4933E+00, 2.8533E+00, 1.3333E+00,
13:52:51.11985540, 2.4800E+00, 2.8933E+00, 1.2000E+00,
13:52:51.11985545, 2.4933E+00, 2.8800E+00, 1.6000E+00,
13:52:51.11985550, 2.5067E+00, 2.8667E+00, 1.4667E+00,
13:52:51.11985555, 2.4933E+00, 2.8933E+00, 1.2000E+00,
13:52:51.11985560, 2.4800E+00, 2.8933E+00, 1.2000E+00,
13:52:51.11985565, 2.2267E+00, 3.5067E+00, 1.2000E+00,
13:52:51.11985570, 1.2000E+00, 2.9067E+00, 1.3333E+00,
13:52:51.11985575, 7.0667E-01, 2.9067E+00, 1.3333E+00,
13:52:51.11985580, 6.0000E-01, 2.9067E+00, 1.2000E+00,
13:52:51.11985585, 6.2667E-01, 2.9200E+00, 1.4667E+00,
13:52:51.11985590, 6.1333E-01, 2.8800E+00, 1.3333E+00,
13:52:51.11985595, 5.8667E-01, 2.8933E+00, 1.3333E+00,
13:52:51.11985600, 5.7333E-01, 2.9333E+00, 1.4667E+00,
13:52:51.11985605, 5.8667E-01, 2.9067E+00, 1.4667E+00,
13:52:51.11985610, 5.4667E-01, 2.9200E+00, 1.3333E+00,
13:52:51.11985615, 5.2000E-01, 2.8933E+00, 1.2000E+00,
13:52:51.11985620, 5.6000E-01, 2.9200E+00, 1.2000E+00,
13:52:51.11985625, 5.6000E-01, 2.8800E+00, 1.6000E+00,
13:52:51.11985630, 5.6000E-01, 2.9200E+00, 1.3333E+00,
13:52:51.11985635, 5.8667E-01, 2.9067E+00, 1.6000E+00,
13:52:51.11985640, 5.7333E-01, 2.8800E+00, 1.2000E+00,
13:52:51.11985645, 5.4667E-01, 2.9067E+00, 1.4667E+00,
13:52:51.11985650, 5.7333E-01, 2.8933E+00, 1.0667E+00,
13:52:51.11985655, 5.7333E-01, 2.9067E+00, 1.3333E+00,
13:52:51.11985660, 5.3333E-01, 2.9067E+00, 1.3333E+00,
13:52:51.11985665, 5.6000E-01, 2.9200E+00, 1.3333E+00,
13:52:51.11985670, 5.4667E-01, 2.8933E+00, 1.0667E+00,
13:52:51.11985675, 5.7333E-01, 2.9200E+00, 1.2000E+00,
13:52:51.11985680, 5.7333E-01, 2.8933E+00, 1.0667E+00,
13:52:51.11985685, 5.4667E-01, 2.9200E+00, 1.3333E+00,
13:52:51.11985690, 5.3333E-01, 2.8800E+00, 1.4667E+00,
13:52:51.11985695, 5.4667E-01, 2.9067E+00, 1.3333E+00,
13:52:51.11985700, 5.2000E-01, 2.8800E+00, 1.2000E+00,
13:52:51.11985705, 5.3333E-01, 2.9067E+00, 1.0667E+00,
13:52:51.11985710, 5.0667E-01, 2.9200E+00, 9.3333E-01,
13:52:51.11985715, 5.0667E-01, 2.9333E+00, 6.6667E-01,
13:52:51.11985720, 5.4667E-01, 2.9200E+00, 1.2000E+00,
13:52:51.11985725, 5.4667E-01, 2.9067E+00, 1.3333E+00,
13:52:51.11985730, 5.4667E-01, 2.9200E+00, 1.0667E+00,
13:52:51.11985735, 5.4667E-01, 2.9067E+00, 9.3333E-01,
13:52:51.11985740, 5.3333E-01, 2.9333E+00, 1.0667E+00,
13:52:51.11985745, 5.2000E-01, 2.9333E+00, 1.0667E+00,
13:52:51.11985750, 5.0667E-01, 2.8933E+00, 1.2000E+00,
13:52:51.11985755, 5.0667E-01, 2.9200E+00, 1.0667E+00,
13:52:51.11985760, 5.2000E-01, 2.8933E+00, 9.3333E-01,
13:52:51.11985765, 5.4667E-01, 2.9333E+00, 1.2000E+00,
13:52:51.11985770, 5.2000E-01, 2.9333E+00, 1.2000E+00,
13:52:51.11985775, 5.3333E-01, 2.9333E+00, 8.0000E-01,
13:52:51.11985780, 5.4667E-01, 2.9200E+00, 9.3333E-01,
13:52:51.11985785, 5.3333E-01, 2.9067E+00, 1.4667E+00,
13:52:51.11985790, 5.2000E-01, 2.9200E+00, 1.2000E+00,
13:52:51.11985795, 4.9333E-01, 2.9333E+00, 1.0667E+00,
13:52:51.11985800, 5.0667E-01, 2.9333E+00, 1.2000E+00,
13:52:51.11985805, 5.3333E-01, 2.9200E+00, 1.2000E+00,
13:52:51.11985810, 5.2000E-01, 2.9333E+00, 8.0000E-01,
13:52:51.11985815, 5.3333E-01, 2.9333E+00, 8.0000E-01,
13:52:51.11985820, 5.3333E-01, 2.9467E+00, 9.3333E-01,
13:52:51.11985825, 5.3333E-01, 2.9067E+00, 1.0667E+00,
13:52:51.11985830, 5.2000E-01, 2.9333E+00, 1.0667E+00,
13:52:51.11985835, 5.2000E-01, 2.9333E+00, 9.3333E-01,
13:52:51.11985840, 4.8000E-01, 2.9200E+00, 1.0667E+00,
13:52:51.11985845, 4.9333E-01, 2.9467E+00, 1.0667E+00,
13:52:51.11985850, 5.0667E-01, 2.9467E+00, 1.0667E+00,
13:52:51.11985855, 4.8000E-01, 2.9333E+00, 9.3333E-01,
13:52:51.11985860, 5.3333E-01, 2.9200E+00, 8.0000E-01,
13:52:51.11985865, 5.2000E-01, 2.9200E+00, 6.6667E-01,
13:52:51.11985870, 5.2000E-01, 2.9200E+00, 1.0667E+00,
13:52:51.11985875, 5.2000E-01, 2.9333E+00, 8.0000E-01,
13:52:51.11985880, 5.2000E-01, 2.9200E+00, 9.3333E-01,
13:52:51.11985885, 5.2000E-01, 2.8933E+00, 8.0000E-01,
13:52:51.11985890, 5.3333E-01, 2.9333E+00, 9.3333E-01,
13:52:51.11985895, 4.9333E-01, 2.9200E+00, 8.0000E-01,
13:52:51.11985900, 4.6667E-01, 2.9200E+00, 6.6667E-01,
13:52:51.11985905, 4.9333E-01, 2.9200E+00, 8.0000E-01,
13:52:51.11985910, 5.2000E-01, 2.9067E+00, 6.6667E-01,
13:52:51.11985915, 4.9333E-01, 2.9200E+00, 1.0667E+00,
13:52:51.11985920, 5.2000E-01, 2.9467E+00, 8.0000E-01,
13:52:51.11985925, 5.0667E-01, 2.9200E+00, 9.3333E-01,
13:52:51.11985930, 5.0667E-01, 2.9200E+00, 8.0000E-01,
13:52:51.11985935, 5.0667E-01, 2.9333E+00, 9.3333E-01,
13:52:51.11985940, 4.8000E-01, 2.9333E+00, 8.0000E-01,
13:52:51.11985945, 5.0667E-01, 2.9333E+00, 9.3333E-01,
13:52:51.11985950, 4.6667E-01, 2.9200E+00, 6.6667E-01,
13:52:51.11985955, 4.6667E-01, 2.8933E+00, 6.6667E-01,
13:52:51.11985960, 5.0667E-01, 2.9467E+00, 6.6667E-01,
13:52:51.11985965, 5.0667E-01, 2.9200E+00, 6.6667E-01,
13:52:51.11985970, 4.9333E-01, 2.9333E+00, 8.0000E-01,
13:52:51.11985975, 5.2000E-01, 2.9200E+00, 6.6667E-01,
13:52:51.11985980, 4.8000E-01, 2.9333E+00, 6.6667E-01,
13:52:51.11985985, 4.9333E-01, 2.9333E+00, 6.6667E-01,
13:52:51.11985990, 4.9333E-01, 2.9333E+00, 8.0000E-01,
13:52:51.11985995, 5.0667E-01, 2.9333E+00, 6.6667E-01,
13:52:51.11986000, 4.8000E-01, 2.9067E+00, 6.6667E-01,
13:52:51.11986005, 4.8000E-01, 2.9467E+00, 6.6667E-01,
13:52:51.11986010, 5.2000E-01, 2.9333E+00, 8.0000E-01,
13:52:51.11986015, 4.8000E-01, 2.9333E+00, 6.6667E-01,
13:52:51.11986020, 4.6667E-01, 2.9467E+00, 6.6667E-01,
13:52:51.11986025, 5.2000E-01, 2.9467E+00, 6.6667E-01,
13:52:51.11986030, 4.6667E-01, 2.9467E+00, 6.6667E-01,
13:52:51.11986035, 4.8000E-01, 2.9333E+00, 6.6667E-01,
13:52:51.11986040, 4.6667E-01, 2.9467E+00, 6.6667E-01,
13:52:51.11986045, 4.5333E-01, 2.9333E+00, 5.3333E-01,
13:52:51.11986050, 4.9333E-01, 2.9333E+00, 6.6667E-01,
13:52:51.11986055, 4.8000E-01, 2.9600E+00, 5.3333E-01,
13:52:51.11986060, 4.8000E-01, 2.9600E+00, 6.6667E-01,
13:52:51.11986065, 4.6667E-01, 2.9333E+00, 4.0000E-01,
13:52:51.11986070, 4.5333E-01, 2.9200E+00, 6.6667E-01,
13:52:51.11986075, 4.6667E-01, 2.9333E+00, 4.0000E-01,
13:52:51.11986080, 4.9333E-01, 2.9467E+00, 8.0000E-01,
13:52:51.11986085, 4.6667E-01, 2.9200E+00, 9.3333E-01,
13:52:51.11986090, 4.6667E-01, 2.9333E+00, 5.3333E-01,
13:52:51.11986095, 4.6667E-01, 2.9333E+00, 4.0000E-01,
13:52:51.11986100, 5.0667E-01, 2.9200E+00, 4.0000E-01,
13:52:51.11986105, 4.1333E-01, 2.9333E+00, 4.0000E-01,
13:52:51.11986110, 4.9333E-01, 2.9333E+00, 6.6667E-01,
13:52:51.11986115, 4.5333E-01, 2.9333E+00, 5.3333E-01,
13:52:51.11986120, 4.8000E-01, 2.9067E+00, 4.0000E-01,
13:52:51.11986125, 4.6667E-01, 2.9333E+00,-1.3333E-01,
13:52:51.11986130, 4.6667E-01, 2.9200E+00, 5.3333E-01,
13:52:51.11986135, 4.5333E-01, 2.9067E+00, 5.3333E-01,
13:52:51.11986140, 4.5333E-01, 2.9333E+00, 4.0000E-01,
13:52:51.11986145, 4.6667E-01, 2.9200E+00, 4.0000E-01,
13:52:51.11986150, 4.6667E-01, 2.9467E+00, 6.6667E-01,
13:52:51.11986155, 4.4000E-01, 2.9333E+00, 5.3333E-01,
13:52:51.11986160, 4.6667E-01, 2.9333E+00, 5.3333E-01,
13:52:51.11986165, 4.8000E-01, 2.9200E+00, 5.3333E-01,
13:52:51.11986170, 4.6667E-01, 2.9333E+00, 1.3333E-01,
13:52:51.11986175, 4.8000E-01, 2.9467E+00, 4.0000E-01,
13:52:51.11986180, 4.4000E-01, 2.9200E+00, 4.0000E-01,
13:52:51.11986185, 4.4000E-01, 2.9333E+00, 4.0000E-01,
13:52:51.11986190, 4.5333E-01, 2.9333E+00, 6.6667E-01,
13:52:51.11986195, 4.5333E-01, 2.9333E+00, 4.0000E-01,
13:52:51.11986200, 4.4000E-01, 2.9467E+00, 2.6667E-01,
13:52:51.11986205, 4.4000E-01, 2.9333E+00, 4.0000E-01,
13:52:51.11986210, 4.4000E-01, 2.9333E+00, 1.3333E-01,
13:52:51.11986215, 4.5333E-01, 2.9467E+00, 2.6667E-01,
13:52:51.11986220, 4.5333E-01, 2.9333E+00, 1.3333E-01,
13:52:51.11986225, 4.2667E-01, 2.9333E+00, 1.3333E-01,
13:52:51.11986230, 4.4000E-01, 2.9333E+00, 5.3333E-01,
13:52:51.11986235, 4.2667E-01, 2.9067E+00, 4.0000E-01,
13:52:51.11986240, 4.6667E-01, 2.9333E+00, 1.3333E-01,
13:52:51.11986245, 4.4000E-01, 2.9333E+00, 0.0000E+00,
13:52:51.11986250, 4.4000E-01, 2.9467E+00, 1.3333E-01,
13:52:51.11986255, 4.4000E-01, 2.9333E+00, 2.6667E-01,
13:52:51.11986260, 4.4000E-01, 2.9333E+00, 2.6667E-01,
13:52:51.11986265, 4.4000E-01, 2.9333E+00, 5.3333E-01,
13:52:51.11986270, 4.2667E-01, 2.9333E+00, 0.0000E+00,
13:52:51.11986275, 4.2667E-01, 2.9333E+00, 6.6667E-01,
13:52:51.11986280, 4.1333E-01, 2.9200E+00,-2.6667E-01,
13:52:51.11986285, 4.0000E-01, 2.9200E+00, 1.3333E-01,
13:52:51.11986290, 4.6667E-01, 2.9200E+00, 1.3333E-01,
13:52:51.11986295, 4.2667E-01, 2.9467E+00, 2.6667E-01,
13:52:51.11986300, 4.5333E-01, 2.9333E+00, 2.6667E-01,
13:52:51.11986305, 4.5333E-01, 2.9067E+00,-1.3333E-01,
13:52:51.11986310, 4.2667E-01, 2.9333E+00, 0.0000E+00,
13:52:51.11986315, 4.2667E-01, 2.9467E+00, 2.6667E-01,
13:52:51.11986320, 4.2667E-01, 2.9333E+00, 0.0000E+00,
13:52:51.11986325, 4.4000E-01, 2.9333E+00, 0.0000E+00,
13:52:51.11986330, 4.1333E-01, 2.9333E+00, 2.6667E-01,
13:52:51.11986335, 4.0000E-01, 2.9333E+00, 0.0000E+00,
13:52:51.11986340, 4.0000E-01, 2.9467E+00, 0.0000E+00,
13:52:51.11986345, 4.1333E-01, 2.9333E+00, 1.3333E-01,
13:52:51.11986350, 4.1333E-01, 2.9200E+00,-1.3333E-01,
13:52:51.11986355, 4.1333E-01, 2.9200E+00, 1.3333E-01,
13:52:51.11986360, 4.2667E-01, 2.9467E+00,-4.0000E-01,
13:52:51.11986365, 4.2667E-01, 2.9200E+00, 0.0000E+00,
13:52:51.11986370, 4.0000E-01, 2.9333E+00,-1.3333E-01,
13:52:51.11986375, 3.8667E-01, 2.9200E+00,-1.3333E-01,
13:52:51.11986380, 4.1333E-01, 2.9200E+00,-2.6667E-01,
13:52:51.11986385, 4.2667E-01, 2.9333E+00, 0.0000E+00,
13:52:51.11986390, 4.2667E-01, 2.9200E+00,-1.3333E-01,
13:52:51.11986395, 4.0000E-01, 2.9200E+00,-1.3333E-01,
13:52:51.11986400, 4.4000E-01, 2.9467E+00,-2.6667E-01,
13:52:51.11986405, 4.5333E-01, 2.9600E+00,-1.3333E-01,
13:52:51.11986410, 4.1333E-01, 2.9333E+00,-2.6667E-01,
13:52:51.11986415, 4.2667E-01, 2.9333E+00, 0.0000E+00,
13:52:51.11986420, 4.1333E-01, 2.9333E+00,-5.3333E-01,
13:52:51.11986425, 4.1333E-01, 2.9333E+00, 1.3333E-01,
13:52:51.11986430, 4.0000E-01, 2.9333E+00, 1.3333E-01,
13:52:51.11986435, 4.0000E-01, 2.9467E+00,-5.3333E-01,
13:52:51.11986440, 4.0000E-01, 2.9467E+00,-2.6667E-01,
13:52:51.11986445, 3.8667E-01, 2.9067E+00,-5.3333E-01,
13:52:51.11986450, 4.1333E-01, 2.9333E+00,-4.0000E-01,
13:52:51.11986455, 4.4000E-01, 2.9200E+00,-2.6667E-01,
13:52:51.11986460, 3.7333E-01, 2.9333E+00,-4.0000E-01,
13:52:51.11986465, 4.2667E-01, 2.9333E+00,-2.6667E-01,
13:52:51.11986470, 4.0000E-01, 2.9200E+00,-4.0000E-01,
13:52:51.11986475, 4.0000E-01, 2.9333E+00,-1.3333E-01,
13:52:51.11986480, 4.0000E-01, 2.9333E+00, 0.0000E+00,
13:52:51.11986485, 4.0000E-01, 2.9333E+00,-1.3333E-01,
13:52:51.11986490, 3.8667E-01, 2.9333E+00,-5.3333E-01,
13:52:51.11986495, 4.2667E-01, 2.9333E+00,-4.0000E-01,
13:52:51.11986500, 4.1333E-01, 2.9333E+00,-1.3333E-01,
13:52:51.11986505, 3.8667E-01, 2.9333E+00,-2.6667E-01,
13:52:51.11986510, 4.0000E-01, 2.9067E+00,-2.6667E-01,
13:52:51.11986515, 4.0000E-01, 2.9333E+00,-2.6667E-01,
13:52:51.11986520, 3.7333E-01, 2.9200E+00,-6.6667E-01,
13:52:51.11986525, 3.8667E-01, 2.8933E+00,-2.6667E-01,
13:52:51.11986530, 3.8667E-01, 2.9200E+00,-4.0000E-01,
13:52:51.11986535, 4.1333E-01, 2.9067E+00, 1.3333E-01,
13:52:51.11986540, 4.1333E-01, 2.9067E+00,-4.0000E-01,
13:52:51.11986545, 4.2667E-01, 2.9067E+00,-2.6667E-01,
13:52:51.11986550, 3.7333E-01, 2.8933E+00,-2.6667E-01,
13:52:51.11986555, 4.0000E-01, 2.9067E+00,-1.3333E-01,
13:52:51.11986560, 3.6000E-01, 2.9333E+00,-5.3333E-01,
13:52:51.11986565, 3.7333E-01, 2.9200E+00, 0.0000E+00,
13:52:51.11986570, 3.7333E-01, 2.9333E+00, 0.0000E+00,
13:52:51.11986575, 4.0000E-01, 2.9067E+00,-2.6667E-01,
13:52:51.11986580, 3.6000E-01, 2.9333E+00,-2.6667E-01,
13:52:51.11986585, 3.7333E-01, 2.8933E+00,-4.0000E-01,
13:52:51.11986590, 4.1333E-01, 2.8933E+00,-5.3333E-01,
13:52:51.11986595, 4.0000E-01, 2.9200E+00,-2.6667E-01,
13:52:51.11986600, 3.8667E-01, 2.9200E+00,-4.0000E-01,
13:52:51.11986605, 3.7333E-01, 2.9200E+00,-2.6667E-01,
13:52:51.11986610, 4.0000E-01, 2.9333E+00,-2.6667E-01,
13:52:51.11986615, 3.8667E-01, 2.9200E+00,-2.6667E-01,
13:52:51.11986620, 3.7333E-01, 2.9333E+00,-4.0000E-01,
13:52:51.11986625, 3.7333E-01, 2.9067E+00,-2.6667E-01,
13:52:51.11986630, 3.7333E-01, 2.9333E+00,-6.6667E-01,
13:52:51.11986635, 3.7333E-01, 2.9067E+00,-5.3333E-01,
13:52:51.11986640, 3.7333E-01, 2.9200E+00,-6.6667E-01,
13:52:51.11986645, 3.8667E-01, 2.9067E+00,-6.6667E-01,
13:52:51.11986650, 3.7333E-01, 2.9067E+00,-1.3333E-01,
13:52:51.11986655, 3.4667E-01, 2.9200E+00,-5.3333E-01,
13:52:51.11986660, 3.8667E-01, 2.9200E+00,-5.3333E-01,
13:52:51.11986665, 3.8667E-01, 2.9200E+00,-5.3333E-01,
13:52:51.11986670, 3.7333E-01, 2.8933E+00,-4.0000E-01,
13:52:51.11986675, 3.6000E-01, 2.9067E+00,-5.3333E-01,
13:52:51.11986680, 3.7333E-01, 2.9067E+00,-5.3333E-01,
13:52:51.11986685, 3.8667E-01, 2.9067E+00,-5.3333E-01,
13:52:51.11986690, 4.0000E-01, 2.9200E+00,-4.0000E-01,
13:52:51.11986695, 3.8667E-01, 2.9333E+00,-6.6667E-01,
13:52:51.11986700, 3.7333E-01, 2.9067E+00,-6.6667E-01,
13:52:51.11986705, 3.7333E-01, 2.9200E+00,-6.6667E-01,
13:52:51.11986710, 3.4667E-01, 2.9067E+00,-2.6667E-01,
13:52:51.11986715, 3.7333E-01, 2.8933E+00,-6.6667E-01,
13:52:51.11986720, 3.7333E-01, 2.9333E+00,-2.6667E-01,
13:52:51.11986725, 3.4667E-01, 2.8800E+00,-6.6667E-01,
13:52:51.11986730, 3.4667E-01, 2.8933E+00,-5.3333E-01,
13:52:51.11986735, 3.7333E-01, 2.8933E+00,-2.6667E-01,
13:52:51.11986740, 3.7333E-01, 2.8933E+00,-5.3333E-01,
13:52:51.11986745, 3.7333E-01, 2.9067E+00,-6.6667E-01,
13:52:51.11986750, 3.6000E-01, 2.9067E+00,-5.3333E-01,
13:52:51.11986755, 3.4667E-01, 2.8933E+00,-4.0000E-01,
13:52:51.11986760, 3.2000E-01, 2.9067E+00,-6.6667E-01,
13:52:51.11986765, 3.7333E-01, 2.8933E+00,-2.6667E-01,
13:52:51.11986770, 3.7333E-01, 2.8933E+00,-2.6667E-01,
13:52:51.11986775, 3.6000E-01, 2.8667E+00,-6.6667E-01,
13:52:51.11986780, 3.4667E-01, 2.8800E+00,-1.3333E-01,
13:52:51.11986785, 3.7333E-01, 2.8933E+00,-4.0000E-01,
13:52:51.11986790, 3.7333E-01, 2.8933E+00,-5.3333E-01,
13:52:51.11986795, 3.6000E-01, 2.8667E+00,-5.3333E-01,
13:52:51.11986800, 3.4667E-01, 2.8800E+00,-5.3333E-01,
13:52:51.11986805, 3.3333E-01, 2.8933E+00,-5.3333E-01,
13:52:51.11986810, 3.6000E-01, 2.9200E+00,-2.6667E-01,
13:52:51.11986815, 3.6000E-01, 2.8933E+00,-6.6667E-01,
13:52:51.11986820, 3.6000E-01, 2.8933E+00,-6.6667E-01,
13:52:51.11986825, 3.6000E-01, 2.8667E+00,-4.0000E-01,
13:52:51.11986830, 3.7333E-01, 2.8933E+00,-6.6667E-01,
13:52:51.11986835, 3.6000E-01, 2.8800E+00,-6.6667E-01,
13:52:51.11986840, 3.7333E-01, 2.8933E+00,-4.0000E-01,
13:52:51.11986845, 3.7333E-01, 2.8800E+00,-2.6667E-01,
13:52:51.11986850, 3.3333E-01, 2.8800E+00,-6.6667E-01,
13:52:51.11986855, 3.6000E-01, 2.8933E+00,-4.0000E-01,
13:52:51.11986860, 3.4667E-01, 2.8800E+00,-6.6667E-01,
13:52:51.11986865, 3.3333E-01, 2.8667E+00,-5.3333E-01,
13:52:51.11986870, 3.8667E-01, 2.8933E+00,-6.6667E-01,
13:52:51.11986875, 3.2000E-01, 2.8933E+00,-6.6667E-01,
13:52:51.11986880, 3.7333E-01, 2.8933E+00,-5.3333E-01,
13:52:51.11986885, 3.7333E-01, 2.8933E+00,-6.6667E-01,
13:52:51.11986890, 3.4667E-01, 2.8933E+00,-4.0000E-01,
13:52:51.11986895, 3.4667E-01, 2.8933E+00,-6.6667E-01,
13:52:51.11986900, 3.3333E-01, 2.8800E+00,-4.0000E-01,
13:52:51.11986905, 3.0667E-01, 2.8667E+00,-5.3333E-01,
13:52:51.11986910, 3.3333E-01, 2.8400E+00,-6.6667E-01,
13:52:51.11986915, 3.3333E-01, 2.8800E+00,-4.0000E-01,
13:52:51.11986920, 3.3333E-01, 2.8667E+00,-4.0000E-01,
13:52:51.11986925, 3.7333E-01, 2.8667E+00,-8.0000E-01,
13:52:51.11986930, 3.6000E-01, 2.8800E+00,-4.0000E-01,
13:52:51.11986935, 3.7333E-01, 2.8800E+00,-5.3333E-01,
13:52:51.11986940, 3.3333E-01, 2.8667E+00,-4.0000E-01,
13:52:51.11986945, 3.3333E-01, 2.8800E+00,-4.0000E-01,
13:52:51.11986950, 3.0667E-01, 2.8400E+00,-5.3333E-01,
13:52:51.11986955, 3.2000E-01, 2.8667E+00,-6.6667E-01,
13:52:51.11986960, 3.3333E-01, 2.8533E+00,-5.3333E-01,
13:52:51.11986965, 3.6000E-01, 2.9067E+00,-4.0000E-01,
13:52:51.11986970, 3.3333E-01, 2.8533E+00,-5.3333E-01,
13:52:51.11986975, 3.7333E-01, 2.8933E+00,-5.3333E-01,
13:52:51.11986980, 3.3333E-01, 2.8533E+00,-5.3333E-01,
13:52:51.11986985, 3.4667E-01, 2.8267E+00,-6.6667E-01,
13:52:51.11986990, 3.2000E-01, 2.8800E+00,-6.6667E-01,
13:52:51.11986995, 3.3333E-01, 2.8800E+00,-1.3333E-01,
13:52:51.11987000, 3.0667E-01, 2.9067E+00,-6.6667E-01,
13:52:51.11987005, 3.2000E-01, 2.8667E+00,-5.3333E-01,
13:52:51.11987010, 3.4667E-01, 2.8667E+00,-5.3333E-01,
13:52:51.11987015, 3.3333E-01, 2.8533E+00,-5.3333E-01,
13:52:51.11987020, 3.2000E-01, 2.8800E+00,-6.6667E-01,
13:52:51.11987025, 3.4667E-01, 2.8800E+00,-6.6667E-01,
13:52:51.11987030, 3.2000E-01, 2.8400E+00,-5.3333E-01,
13:52:51.11987035, 3.2000E-01, 2.8533E+00,-2.6667E-01,
13:52:51.11987040, 3.2000E-01, 2.8800E+00,-6.6667E-01,
13:52:51.11987045, 3.0667E-01, 2.8800E+00,-6.6667E-01,
13:52:51.11987050, 3.2000E-01, 2.8667E+00,-6.6667E-01,
13:52:51.11987055, 3.3333E-01, 2.8533E+00,-2.6667E-01,
13:52:51.11987060, 3.3333E-01, 2.8800E+00,-5.3333E-01,
13:52:51.11987065, 3.2000E-01, 2.8667E+00,-5.3333E-01,
13:52:51.11987070, 3.7333E-01, 2.8800E+00,-6.6667E-01,
13:52:51.11987075, 3.2000E-01, 2.8800E+00,-5.3333E-01,
13:52:51.11987080, 3.0667E-01, 2.8533E+00,-6.6667E-01,
13:52:51.11987085, 3.3333E-01, 2.8800E+00,-6.6667E-01,
13:52:51.11987090, 2.9333E-01, 2.8667E+00,-5.3333E-01,
13:52:51.11987095, 3.2000E-01, 2.8533E+00,-4.0000E-01,
13:52:51.11987100, 3.0667E-01, 2.8533E+00,-2.6667E-01,
13:52:51.11987105, 3.3333E-01, 2.8400E+00,-4.0000E-01,
13:52:51.11987110, 3.0667E-01, 2.8533E+00,-6.6667E-01,
13:52:51.11987115, 3.4667E-01, 2.8800E+00,-5.3333E-01,
13:52:51.11987120, 3.4667E-01, 2.8533E+00,-2.6667E-01,
13:52:51.11987125, 3.0667E-01, 2.8667E+00,-4.0000E-01,
13:52:51.11987130, 3.4667E-01, 2.8667E+00,-4.0000E-01,
13:52:51.11987135, 3.4667E-01, 2.8667E+00,-1.3333E-01,
13:52:51.11987140, 3.0667E-01, 2.8400E+00,-4.0000E-01,
13:52:51.11987145, 3.3333E-01, 2.8133E+00,-4.0000E-01,
13:52:51.11987150, 3.2000E-01, 2.8533E+00,-1.3333E-01,
13:52:51.11987155, 3.0667E-01, 2.8133E+00,-5.3333E-01,
13:52:51.11987160, 3.2000E-01, 2.8267E+00,-2.6667E-01,
13:52:51.11987165, 3.2000E-01, 2.8533E+00,-1.3333E-01,
13:52:51.11987170, 3.3333E-01, 2.8533E+00,-5.3333E-01,
13:52:51.11987175, 3.0667E-01, 2.8800E+00,-4.0000E-01,
13:52:51.11987180, 2.9333E-01, 2.8667E+00,-5.3333E-01,
13:52:51.11987185, 3.2000E-01, 2.8400E+00,-6.6667E-01,
13:52:51.11987190, 3.0667E-01, 2.8533E+00,-6.6667E-01,
13:52:51.11987195, 2.9333E-01, 2.8400E+00, 0.0000E+00,
13:52:51.11987200, 3.2000E-01, 2.8400E+00,-5.3333E-01,
13:52:51.11987205, 3.3333E-01, 2.8533E+00, 0.0000E+00,
13:52:51.11987210, 3.0667E-01, 2.8667E+00,-2.6667E-01,
13:52:51.11987215, 3.3333E-01, 2.8533E+00,-2.6667E-01,
13:52:51.11987220, 3.0667E-01, 2.8533E+00,-1.3333E-01,
13:52:51.11987225, 3.2000E-01, 2.8400E+00,-6.6667E-01,
13:52:51.11987230, 2.9333E-01, 2.8667E+00,-5.3333E-01,
13:52:51.11987235, 3.0667E-01, 2.8533E+00,-4.0000E-01,
13:52:51.11987240, 2.6667E-01, 2.8533E+00,-2.6667E-01,
13:52:51.11987245, 3.0667E-01, 2.8400E+00,-2.6667E-01,
13:52:51.11987250, 3.2000E-01, 2.8533E+00,-1.3333E-01,
13:52:51.11987255, 2.9333E-01, 2.8667E+00,-2.6667E-01,
13:52:51.11987260, 2.9333E-01, 2.8533E+00, 0.0000E+00,
13:52:51.11987265, 3.2000E-01, 2.8533E+00,-2.6667E-01,
13:52:51.11987270, 3.0667E-01, 2.8400E+00,-2.6667E-01,
13:52:51.11987275, 3.0667E-01, 2.8533E+00,-5.3333E-01,
13:52:51.11987280, 3.2000E-01, 2.8533E+00,-2.6667E-01,
13:52:51.11987285, 2.8000E-01, 2.8667E+00, 2.6667E-01,
13:52:51.11987290, 2.9333E-01, 2.8400E+00,-2.6667E-01,
13:52:51.11987295, 2.8000E-01, 2.8400E+00,-2.6667E-01,
13:52:51.11987300, 2.8000E-01, 2.8667E+00,-5.3333E-01,
13:52:51.11987305, 3.0667E-01, 2.8533E+00, 0.0000E+00,
13:52:51.11987310, 3.0667E-01, 2.8533E+00,-2.6667E-01,
13:52:51.11987315, 3.0667E-01, 2.8267E+00,-2.6667E-01,
13:52:51.11987320, 2.9333E-01, 2.8533E+00,-2.6667E-01,
13:52:51.11987325, 2.9333E-01, 2.8667E+00,-1.3333E-01,
13:52:51.11987330, 3.0667E-01, 2.8533E+00,-4.0000E-01,
13:52:51.11987335, 2.9333E-01, 2.8267E+00, 0.0000E+00,
13:52:51.11987340, 2.9333E-01, 2.8400E+00,-1.3333E-01,
13:52:51.11987345, 2.8000E-01, 2.8667E+00,-4.0000E-01,
13:52:51.11987350, 2.9333E-01, 2.8267E+00,-4.0000E-01,
13:52:51.11987355, 3.0667E-01, 2.8133E+00,-1.3333E-01,
13:52:51.11987360, 3.0667E-01, 2.8667E+00,-1.3333E-01,
13:52:51.11987365, 2.9333E-01, 2.8400E+00,-2.6667E-01,
13:52:51.11987370, 2.6667E-01, 2.8400E+00,-2.6667E-01,
13:52:51.11987375, 2.8000E-01, 2.8667E+00,-2.6667E-01,
13:52:51.11987380, 2.9333E-01, 2.8400E+00,-2.6667E-01,
13:52:51.11987385, 2.6667E-01, 2.8133E+00,-1.3333E-01,
13:52:51.11987390, 2.9333E-01, 2.8400E+00,-2.6667E-01,
13:52:51.11987395, 2.8000E-01, 2.8267E+00,-2.6667E-01,
13:52:51.11987400, 2.8000E-01, 2.8533E+00, 0.0000E+00,
13:52:51.11987405, 2.9333E-01, 2.8667E+00,-2.6667E-01,
13:52:51.11987410, 3.0667E-01, 2.8400E+00,-1.3333E-01,
13:52:51.11987415, 2.8000E-01, 2.8400E+00,-2.6667E-01,
13:52:51.11987420, 2.8000E-01, 2.8400E+00, 0.0000E+00,
13:52:51.11987425, 2.8000E-01, 2.8533E+00,-1.3333E-01,
13:52:51.11987430, 2.8000E-01, 2.8533E+00,-1.3333E-01,
13:52:51.11987435, 2.6667E-01, 2.8400E+00,-2.6667E-01,
13:52:51.11987440, 2.9333E-01, 2.8000E+00,-1.3333E-01,
13:52:51.11987445, 2.8000E-01, 2.8533E+00,-1.3333E-01,
13:52:51.11987450, 2.9333E-01, 2.8267E+00,-2.6667E-01,
13:52:51.11987455, 3.3333E-01, 2.8267E+00, 0.0000E+00,
13:52:51.11987460, 3.0667E-01, 2.8267E+00, 0.0000E+00,
13:52:51.11987465, 2.9333E-01, 2.8267E+00,-1.3333E-01,
13:52:51.11987470, 2.9333E-01, 2.8533E+00,-1.3333E-01,
13:52:51.11987475, 2.9333E-01, 2.8267E+00,-1.3333E-01,
13:52:51.11987480, 2.5333E-01, 2.8400E+00, 1.3333E-01,
13:52:51.11987485, 2.8000E-01, 2.8533E+00, 0.0000E+00,
13:52:51.11987490, 3.0667E-01, 2.8533E+00, 0.0000E+00,
13:52:51.11987495, 2.5333E-01, 2.8400E+00,-1.3333E-01,
13:52:51.11987500, 2.8000E-01, 2.8133E+00, 1.3333E-01,
13:52:51.11987505, 2.8000E-01, 2.8533E+00, 0.0000E+00,
13:52:51.11987510, 2.5333E-01, 2.8400E+00,-1.3333E-01,
13:52:51.11987515, 2.8000E-01, 2.8533E+00, 1.3333E-01,
13:52:51.11987520, 2.6667E-01, 2.8400E+00, 0.0000E+00,
13:52:51.11987525, 2.4000E-01, 2.8667E+00, 1.3333E-01,
13:52:51.11987530, 2.6667E-01, 2.8267E+00, 0.0000E+00,
13:52:51.11987535, 2.5333E-01, 2.8400E+00, 0.0000E+00,
13:52:51.11987540, 2.8000E-01, 2.8400E+00, 1.3333E-01,
13:52:51.11987545, 2.8000E-01, 2.8267E+00, 2.6667E-01,
13:52:51.11987550, 2.6667E-01, 2.8667E+00, 2.6667E-01,
13:52:51.11987555, 2.8000E-01, 2.8400E+00, 2.6667E-01,
13:52:51.11987560, 2.8000E-01, 2.8267E+00, 0.0000E+00,
13:52:51.11987565, 2.9333E-01, 2.8800E+00, 0.0000E+00,
13:52:51.11987570, 2.6667E-01, 2.8133E+00, 0.0000E+00,
13:52:51.11987575, 2.2667E-01, 2.8800E+00, 2.6667E-01,
13:52:51.11987580, 2.6667E-01, 2.8533E+00, 1.3333E-01,
13:52:51.11987585, 2.8000E-01, 2.8533E+00, 0.0000E+00,
13:52:51.11987590, 2.5333E-01, 2.8533E+00, 1.3333E-01,
13:52:51.11987595, 2.4000E-01, 2.8400E+00, 2.6667E-01,
13:52:51.11987600, 2.8000E-01, 2.8267E+00,-2.6667E-01,
13:52:51.11987605, 2.8000E-01, 2.8133E+00, 1.3333E-01,
13:52:51.11987610, 2.6667E-01, 2.8533E+00, 2.6667E-01,
13:52:51.11987615, 2.9333E-01, 2.8400E+00, 0.0000E+00,
13:52:51.11987620, 2.4000E-01, 2.8533E+00,-1.3333E-01,
13:52:51.11987625, 2.5333E-01, 2.8267E+00, 2.6667E-01,
13:52:51.11987630, 2.9333E-01, 2.8533E+00, 1.3333E-01,
13:52:51.11987635, 2.6667E-01, 2.8533E+00, 0.0000E+00,
13:52:51.11987640, 2.8000E-01, 2.8667E+00, 2.6667E-01,
13:52:51.11987645, 3.0667E-01, 2.8400E+00, 1.3333E-01,
13:52:51.11987650, 2.5333E-01, 2.8667E+00, 1.3333E-01,
13:52:51.11987655, 2.6667E-01, 2.8400E+00, 0.0000E+00,
13:52:51.11987660, 2.8000E-01, 2.8533E+00, 0.0000E+00,
13:52:51.11987665, 2.8000E-01, 2.8400E+00, 2.6667E-01,
13:52:51.11987670, 2.4000E-01, 2.8400E+00,-1.3333E-01,
13:52:51.11987675, 2.6667E-01, 2.8533E+00, 2.6667E-01,
13:52:51.11987680, 2.4000E-01, 2.8533E+00, 0.0000E+00,
13:52:51.11987685, 2.8000E-01, 2.8267E+00, 1.3333E-01,
13:52:51.11987690, 2.6667E-01, 2.8533E+00, 4.0000E-01,
13:52:51.11987695, 2.8000E-01, 2.8667E+00, 6.6667E-01,
13:52:51.11987700, 2.5333E-01, 2.8533E+00, 2.6667E-01,
13:52:51.11987705, 2.5333E-01, 2.8533E+00, 2.6667E-01,
13:52:51.11987710, 2.9333E-01, 2.8667E+00, 1.3333E-01,
13:52:51.11987715, 2.2667E-01, 2.8133E+00, 1.3333E-01,
13:52:51.11987720, 2.2667E-01, 2.8400E+00, 2.6667E-01,
13:52:51.11987725, 2.6667E-01, 2.8533E+00, 5.3333E-01,
13:52:51.11987730, 2.4000E-01, 2.8667E+00, 2.6667E-01,
13:52:51.11987735, 2.2667E-01, 2.8400E+00, 1.3333E-01,
13:52:51.11987740, 2.8000E-01, 2.8400E+00, 2.6667E-01,
13:52:51.11987745, 2.5333E-01, 2.8667E+00, 2.6667E-01,
13:52:51.11987750, 2.5333E-01, 2.8667E+00, 6.6667E-01,
13:52:51.11987755, 2.4000E-01, 2.8400E+00, 4.0000E-01,
13:52:51.11987760, 2.5333E-01, 2.8533E+00, 5.3333E-01,
13:52:51.11987765, 2.1333E-01, 2.8667E+00, 0.0000E+00,
13:52:51.11987770, 2.5333E-01, 2.8400E+00, 1.3333E-01,
13:52:51.11987775, 2.8000E-01, 2.8400E+00, 2.6667E-01,
13:52:51.11987780, 2.2667E-01, 2.8267E+00, 4.0000E-01,
13:52:51.11987785, 2.4000E-01, 2.8533E+00, 5.3333E-01,
13:52:51.11987790, 2.5333E-01, 2.8400E+00, 1.3333E-01,
13:52:51.11987795, 2.8000E-01, 2.8667E+00, 2.6667E-01,
13:52:51.11987800, 2.6667E-01, 2.8400E+00, 6.6667E-01,
13:52:51.11987805, 2.2667E-01, 2.8400E+00,-1.3333E-01,
13:52:51.11987810, 2.5333E-01, 2.8667E+00,-1.3333E-01,
13:52:51.11987815, 2.2667E-01, 2.8533E+00, 2.6667E-01,
13:52:51.11987820, 2.4000E-01, 2.8400E+00, 1.3333E-01,
13:52:51.11987825, 2.4000E-01, 2.8667E+00, 1.3333E-01,
13:52:51.11987830, 2.2667E-01, 2.8133E+00, 2.6667E-01,
13:52:51.11987835, 2.2667E-01, 2.8267E+00, 5.3333E-01,
13:52:51.11987840, 2.6667E-01, 2.8533E+00, 6.6667E-01,
13:52:51.11987845, 2.4000E-01, 2.8533E+00, 6.6667E-01,
13:52:51.11987850, 2.5333E-01, 2.8667E+00, 0.0000E+00,
13:52:51.11987855, 2.8000E-01, 2.8400E+00, 1.3333E-01,
13:52:51.11987860, 2.4000E-01, 2.8000E+00, 2.6667E-01,
13:52:51.11987865, 2.5333E-01, 2.8400E+00, 5.3333E-01,
13:52:51.11987870, 2.6667E-01, 2.8400E+00, 2.6667E-01,
13:52:51.11987875, 2.4000E-01, 2.8533E+00, 4.0000E-01,
13:52:51.11987880, 2.6667E-01, 2.8400E+00, 6.6667E-01,
13:52:51.11987885, 2.4000E-01, 2.8533E+00, 2.6667E-01,
13:52:51.11987890, 2.2667E-01, 2.9067E+00, 4.0000E-01,
13:52:51.11987895, 2.2667E-01, 2.8533E+00, 5.3333E-01,
13:52:51.11987900, 2.5333E-01, 2.8533E+00, 5.3333E-01,
13:52:51.11987905, 2.2667E-01, 2.8533E+00, 6.6667E-01,
13:52:51.11987910, 2.2667E-01, 2.8400E+00, 4.0000E-01,
13:52:51.11987915, 2.4000E-01, 2.8667E+00, 4.0000E-01,
13:52:51.11987920, 2.4000E-01, 2.8267E+00, 4.0000E-01,
13:52:51.11987925, 2.2667E-01, 2.8667E+00, 1.3333E-01,
13:52:51.11987930, 2.4000E-01, 2.8800E+00, 5.3333E-01,
13:52:51.11987935, 2.4000E-01, 2.8800E+00, 5.3333E-01,
13:52:51.11987940, 2.5333E-01, 2.8800E+00, 6.6667E-01,
13:52:51.11987945, 2.5333E-01, 2.8533E+00, 6.6667E-01,
13:52:51.11987950, 2.5333E-01, 2.8267E+00, 2.6667E-01,
13:52:51.11987955, 2.2667E-01, 2.8533E+00, 5.3333E-01,
13:52:51.11987960, 2.4000E-01, 2.8800E+00, 6.6667E-01,
13:52:51.11987965, 2.2667E-01, 2.8400E+00, 6.6667E-01,
13:52:51.11987970, 2.4000E-01, 2.8533E+00, 6.6667E-01,
13:52:51.11987975, 2.4000E-01, 2.8667E+00, 5.3333E-01,
13:52:51.11987980, 2.4000E-01, 2.8800E+00, 5.3333E-01,
13:52:51.11987985, 2.4000E-01, 2.8533E+00, 5.3333E-01,
13:52:51.11987990, 2.2667E-01, 2.8667E+00, 6.6667E-01,
13:52:51.11987995, 2.4000E-01, 2.8800E+00, 5.3333E-01,
13:52:51.11988000, 2.2667E-01, 2.8667E+00, 4.0000E-01,
13:52:51.11988005, 2.2667E-01, 2.8533E+00, 5.3333E-01,
13:52:51.11988010, 2.4000E-01, 2.8533E+00, 5.3333E-01,
13:52:51.11988015, 2.4000E-01, 2.8667E+00, 5.3333E-01,
13:52:51.11988020, 2.4000E-01, 2.8800E+00, 8.0000E-01,
13:52:51.11988025, 2.2667E-01, 2.8667E+00, 6.6667E-01,
13:52:51.11988030, 2.2667E-01, 2.8533E+00, 6.6667E-01,
13:52:51.11988035, 2.2667E-01, 2.8667E+00, 6.6667E-01,
13:52:51.11988040, 2.5333E-01, 2.8800E+00, 5.3333E-01,
13:52:51.11988045, 2.2667E-01, 2.8667E+00, 2.6667E-01,
13:52:51.11988050, 2.4000E-01, 2.8800E+00, 6.6667E-01,
13:52:51.11988055, 2.2667E-01, 2.8667E+00, 4.0000E-01,
13:52:51.11988060, 2.2667E-01, 2.8533E+00, 4.0000E-01,
13:52:51.11988065, 2.2667E-01, 2.8533E+00, 5.3333E-01,
13:52:51.11988070, 2.4000E-01, 2.8533E+00, 2.6667E-01,
13:52:51.11988075, 2.2667E-01, 2.8400E+00, 6.6667E-01,
13:52:51.11988080, 2.2667E-01, 2.8800E+00, 6.6667E-01,
13:52:51.11988085, 2.4000E-01, 2.8800E+00, 2.6667E-01,
13:52:51.11988090, 2.2667E-01, 2.8533E+00, 4.0000E-01,
13:52:51.11988095, 2.1333E-01, 2.8800E+00, 6.6667E-01,
13:52:51.11988100, 2.4000E-01, 2.8800E+00, 6.6667E-01,
13:52:51.11988105, 2.4000E-01, 2.8800E+00, 6.6667E-01,
13:52:51.11988110, 2.2667E-01, 2.8800E+00, 5.3333E-01,
13:52:51.11988115, 2.0000E-01, 2.8800E+00, 5.3333E-01,
13:52:51.11988120, 2.2667E-01, 2.8667E+00, 6.6667E-01,
13:52:51.11988125, 2.2667E-01, 2.9067E+00, 6.6667E-01,
13:52:51.11988130, 2.2667E-01, 2.8667E+00, 6.6667E-01,
13:52:51.11988135, 2.4000E-01, 2.9067E+00, 5.3333E-01,
13:52:51.11988140, 2.2667E-01, 2.8667E+00, 5.3333E-01,
13:52:51.11988145, 2.2667E-01, 2.8667E+00, 6.6667E-01,
13:52:51.11988150, 2.2667E-01, 2.8933E+00, 4.0000E-01,
13:52:51.11988155, 2.2667E-01, 2.8400E+00, 5.3333E-01,
13:52:51.11988160, 2.0000E-01, 2.8800E+00, 5.3333E-01,
13:52:51.11988165, 2.1333E-01, 2.8667E+00, 6.6667E-01,
13:52:51.11988170, 2.2667E-01, 2.9067E+00, 2.6667E-01,
13:52:51.11988175, 2.1333E-01, 2.9067E+00, 8.0000E-01,
13:52:51.11988180, 2.5333E-01, 2.8667E+00, 5.3333E-01,
13:52:51.11988185, 2.2667E-01, 2.8800E+00, 6.6667E-01,
13:52:51.11988190, 2.4000E-01, 2.9067E+00, 6.6667E-01,
13:52:51.11988195, 2.2667E-01, 2.8800E+00, 5.3333E-01,
13:52:51.11988200, 2.0000E-01, 2.8800E+00, 5.3333E-01,
13:52:51.11988205, 2.0000E-01, 2.8933E+00, 4.0000E-01,
13:52:51.11988210, 2.5333E-01, 2.8400E+00, 6.6667E-01,
13:52:51.11988215, 2.0000E-01, 2.9067E+00, 4.0000E-01,
13:52:51.11988220, 2.1333E-01, 2.8667E+00, 4.0000E-01,
13:52:51.11988225, 2.4000E-01, 2.8800E+00, 6.6667E-01,
13:52:51.11988230, 2.4000E-01, 2.9067E+00, 8.0000E-01,
13:52:51.11988235, 2.2667E-01, 2.8400E+00, 4.0000E-01,
13:52:51.11988240, 2.2667E-01, 2.8533E+00, 6.6667E-01,
13:52:51.11988245, 2.1333E-01, 2.9067E+00, 6.6667E-01,
13:52:51.11988250, 2.0000E-01, 2.8933E+00, 4.0000E-01,
13:52:51.11988255, 2.1333E-01, 2.8800E+00, 6.6667E-01,
13:52:51.11988260, 2.2667E-01, 2.8933E+00, 6.6667E-01,
13:52:51.11988265, 2.2667E-01, 2.9067E+00, 4.0000E-01,
13:52:51.11988270, 2.4000E-01, 2.8667E+00, 6.6667E-01,
13:52:51.11988275, 2.2667E-01, 2.8800E+00, 8.0000E-01,
13:52:51.11988280, 2.4000E-01, 2.8933E+00, 6.6667E-01,
13:52:51.11988285, 2.2667E-01, 2.8533E+00, 6.6667E-01,
13:52:51.11988290, 1.8667E-01, 2.8933E+00, 6.6667E-01,
13:52:51.11988295, 2.1333E-01, 2.8800E+00, 6.6667E-01,
13:52:51.11988300, 2.1333E-01, 2.8800E+00, 8.0000E-01,
13:52:51.11988305, 2.2667E-01, 2.8933E+00, 6.6667E-01,
13:52:51.11988310, 2.1333E-01, 2.8800E+00, 6.6667E-01,
13:52:51.11988315, 2.2667E-01, 2.9067E+00, 5.3333E-01,
13:52:51.11988320, 2.2667E-01, 2.8933E+00, 5.3333E-01,
13:52:51.11988325, 2.2667E-01, 2.8800E+00, 6.6667E-01,
13:52:51.11988330, 2.2667E-01, 2.8667E+00, 6.6667E-01,
13:52:51.11988335, 2.0000E-01, 2.8933E+00, 5.3333E-01,
13:52:51.11988340, 2.0000E-01, 2.8667E+00, 6.6667E-01,
13:52:51.11988345, 1.8667E-01, 2.8800E+00, 5.3333E-01,
13:52:51.11988350, 2.2667E-01, 2.8800E+00, 2.6667E-01,
13:52:51.11988355, 2.2667E-01, 2.8667E+00,-1.3333E-01,
13:52:51.11988360, 2.2667E-01, 2.8800E+00, 6.6667E-01,
13:52:51.11988365, 2.1333E-01, 2.8800E+00, 6.6667E-01,
13:52:51.11988370, 2.1333E-01, 2.8800E+00, 5.3333E-01,
13:52:51.11988375, 2.2667E-01, 2.8933E+00, 5.3333E-01,
13:52:51.11988380, 2.2667E-01, 2.8800E+00, 6.6667E-01,
13:52:51.11988385, 2.2667E-01, 2.8933E+00, 6.6667E-01,
13:52:51.11988390, 2.1333E-01, 2.8800E+00, 6.6667E-01,
13:52:51.11988395, 2.1333E-01, 2.8933E+00, 6.6667E-01,
13:52:51.11988400, 2.1333E-01, 2.8933E+00, 5.3333E-01,
13:52:51.11988405, 2.0000E-01, 2.8933E+00, 2.6667E-01,
13:52:51.11988410, 2.2667E-01, 2.9067E+00, 2.6667E-01,
13:52:51.11988415, 2.2667E-01, 2.9333E+00, 8.0000E-01,
13:52:51.11988420, 2.1333E-01, 2.9067E+00, 6.6667E-01,
13:52:51.11988425, 2.0000E-01, 2.9067E+00, 6.6667E-01,
13:52:51.11988430, 2.0000E-01, 2.8800E+00, 6.6667E-01,
13:52:51.11988435, 2.1333E-01, 2.8800E+00, 5.3333E-01,
13:52:51.11988440, 2.0000E-01, 2.9067E+00, 5.3333E-01,
13:52:51.11988445, 2.1333E-01, 2.8933E+00, 5.3333E-01,
13:52:51.11988450, 2.2667E-01, 2.8667E+00, 4.0000E-01,
13:52:51.11988455, 2.1333E-01, 2.8933E+00, 1.3333E-01,
13:52:51.11988460, 2.1333E-01, 2.8933E+00, 4.0000E-01,
13:52:51.11988465, 2.2667E-01, 2.8800E+00, 5.3333E-01,
13:52:51.11988470, 2.2667E-01, 2.8933E+00, 8.0000E-01,
13:52:51.11988475, 2.1333E-01, 2.8800E+00, 6.6667E-01,
13:52:51.11988480, 2.0000E-01, 2.8933E+00, 5.3333E-01,
13:52:51.11988485, 2.1333E-01, 2.8933E+00, 6.6667E-01,
13:52:51.11988490, 2.1333E-01, 2.8933E+00, 4.0000E-01,
13:52:51.11988495, 1.8667E-01, 2.9333E+00, 6.6667E-01,
13:52:51.11988500, 2.1333E-01, 2.9067E+00, 5.3333E-01,
13:52:51.11988505, 2.1333E-01, 2.8800E+00, 8.0000E-01,
13:52:51.11988510, 2.1333E-01, 2.9200E+00, 6.6667E-01,
13:52:51.11988515, 2.1333E-01, 2.8933E+00, 8.0000E-01,
13:52:51.11988520, 2.0000E-01, 2.9333E+00, 4.0000E-01,
13:52:51.11988525, 2.1333E-01, 2.8933E+00, 4.0000E-01,
13:52:51.11988530, 1.8667E-01, 2.9200E+00, 5.3333E-01,
13:52:51.11988535, 1.7333E-01, 2.8933E+00, 0.0000E+00,
13:52:51.11988540, 2.1333E-01, 2.8800E+00, 5.3333E-01,
13:52:51.11988545, 2.0000E-01, 2.9333E+00, 6.6667E-01,
13:52:51.11988550, 2.1333E-01, 2.9067E+00, 1.3333E-01,
13:52:51.11988555, 2.1333E-01, 2.9200E+00, 6.6667E-01,
13:52:51.11988560, 2.1333E-01, 2.9333E+00, 5.3333E-01,
13:52:51.11988565, 2.2667E-01, 2.8800E+00, 5.3333E-01,
13:52:51.11988570, 2.0000E-01, 2.8800E+00, 6.6667E-01,
13:52:51.11988575, 2.0000E-01, 2.8667E+00, 6.6667E-01,
13:52:51.11988580, 2.1333E-01, 2.9200E+00, 2.6667E-01,
13:52:51.11988585, 1.8667E-01, 2.8933E+00, 4.0000E-01,
13:52:51.11988590, 2.0000E-01, 2.8933E+00, 2.6667E-01,
13:52:51.11988595, 2.0000E-01, 2.9067E+00, 1.3333E-01,
13:52:51.11988600, 1.8667E-01, 2.9067E+00, 5.3333E-01,
13:52:51.11988605, 2.2667E-01, 2.9067E+00, 6.6667E-01,
13:52:51.11988610, 2.2667E-01, 2.8933E+00, 2.6667E-01,
13:52:51.11988615, 2.0000E-01, 2.8933E+00, 4.0000E-01,
13:52:51.11988620, 2.2667E-01, 2.9200E+00, 5.3333E-01,
13:52:51.11988625, 2.0000E-01, 2.8667E+00, 6.6667E-01,
13:52:51.11988630, 1.8667E-01, 2.9067E+00, 4.0000E-01,
13:52:51.11988635, 2.0000E-01, 2.8800E+00, 4.0000E-01,
13:52:51.11988640, 2.0000E-01, 2.9067E+00, 2.6667E-01,
13:52:51.11988645, 2.2667E-01, 2.8933E+00, 4.0000E-01,
13:52:51.11988650, 1.8667E-01, 2.9200E+00, 5.3333E-01,
13:52:51.11988655, 2.1333E-01, 2.8933E+00, 5.3333E-01,
13:52:51.11988660, 2.0000E-01, 2.8933E+00, 6.6667E-01,
13:52:51.11988665, 2.2667E-01, 2.8667E+00, 2.6667E-01,
13:52:51.11988670, 2.1333E-01, 2.9067E+00, 4.0000E-01,
13:52:51.11988675, 1.7333E-01, 2.9200E+00, 2.6667E-01,
13:52:51.11988680, 1.7333E-01, 2.8933E+00, 4.0000E-01,
13:52:51.11988685, 2.2667E-01, 2.9200E+00, 2.6667E-01,
13:52:51.11988690, 2.0000E-01, 2.8933E+00, 2.6667E-01,
13:52:51.11988695, 1.8667E-01, 2.9067E+00, 5.3333E-01,
13:52:51.11988700, 2.2667E-01, 2.9067E+00, 2.6667E-01,
13:52:51.11988705, 2.1333E-01, 2.8933E+00, 6.6667E-01,
13:52:51.11988710, 1.8667E-01, 2.9067E+00, 6.6667E-01,
13:52:51.11988715, 2.0000E-01, 2.8933E+00, 5.3333E-01,
13:52:51.11988720, 1.8667E-01, 2.9067E+00, 6.6667E-01,
13:52:51.11988725, 1.8667E-01, 2.8800E+00, 1.3333E-01,
13:52:51.11988730, 2.0000E-01, 2.9067E+00, 5.3333E-01,
13:52:51.11988735, 1.7333E-01, 2.8933E+00, 2.6667E-01,
13:52:51.11988740, 1.7333E-01, 2.9067E+00, 1.3333E-01,
13:52:51.11988745, 2.1333E-01, 2.9333E+00, 5.3333E-01,
13:52:51.11988750, 2.0000E-01, 2.9200E+00, 4.0000E-01,
13:52:51.11988755, 1.7333E-01, 2.9200E+00, 5.3333E-01,
13:52:51.11988760, 1.8667E-01, 2.8933E+00, 1.3333E-01,
13:52:51.11988765, 2.1333E-01, 2.8933E+00, 1.3333E-01,
13:52:51.11988770, 1.7333E-01, 2.8933E+00, 2.6667E-01,
13:52:51.11988775, 1.7333E-01, 2.9200E+00, 2.6667E-01,
13:52:51.11988780, 1.6000E-01, 2.8933E+00, 2.6667E-01,
13:52:51.11988785, 2.0000E-01, 2.8800E+00,-1.3333E-01,
13:52:51.11988790, 1.6000E-01, 2.9333E+00, 4.0000E-01,
13:52:51.11988795, 2.0000E-01, 2.8800E+00, 4.0000E-01,
13:52:51.11988800, 1.8667E-01, 2.9200E+00, 1.3333E-01,
13:52:51.11988805, 2.1333E-01, 2.8933E+00, 0.0000E+00,
13:52:51.11988810, 2.0000E-01, 2.9200E+00, 2.6667E-01,
13:52:51.11988815, 1.7333E-01, 2.9067E+00, 5.3333E-01,
13:52:51.11988820, 2.0000E-01, 2.8933E+00, 0.0000E+00,
13:52:51.11988825, 2.0000E-01, 2.8933E+00, 1.3333E-01,
13:52:51.11988830, 1.7333E-01, 2.9200E+00,-1.3333E-01,
13:52:51.11988835, 1.6000E-01, 2.9067E+00, 5.3333E-01,
13:52:51.11988840, 1.8667E-01, 2.9067E+00, 5.3333E-01,
13:52:51.11988845, 2.0000E-01, 2.9067E+00, 5.3333E-01,
13:52:51.11988850, 2.0000E-01, 2.9067E+00, 1.3333E-01,
13:52:51.11988855, 2.1333E-01, 2.8800E+00, 0.0000E+00,
13:52:51.11988860, 1.8667E-01, 2.9200E+00, 2.6667E-01,
13:52:51.11988865, 1.8667E-01, 2.8933E+00, 0.0000E+00,
13:52:51.11988870, 2.1333E-01, 2.9067E+00, 5.3333E-01,
13:52:51.11988875, 1.7333E-01, 2.9067E+00, 0.0000E+00,
13:52:51.11988880, 1.6000E-01, 2.8800E+00, 4.0000E-01,
13:52:51.11988885, 1.8667E-01, 2.8933E+00, 4.0000E-01,
13:52:51.11988890, 1.7333E-01, 2.8667E+00,-1.3333E-01,
13:52:51.11988895, 2.1333E-01, 2.8933E+00, 1.3333E-01,
13:52:51.11988900, 2.2667E-01, 2.9067E+00, 5.3333E-01,
13:52:51.11988905, 1.7333E-01, 2.9200E+00, 4.0000E-01,
13:52:51.11988910, 1.7333E-01, 2.8933E+00, 1.3333E-01,
13:52:51.11988915, 2.0000E-01, 2.8933E+00,-1.3333E-01,
13:52:51.11988920, 1.4667E-01, 2.8933E+00, 2.6667E-01,
13:52:51.11988925, 2.0000E-01, 2.9333E+00, 0.0000E+00,
13:52:51.11988930, 1.7333E-01, 2.9067E+00, 4.0000E-01,
13:52:51.11988935, 2.1333E-01, 2.9067E+00, 2.6667E-01,
13:52:51.11988940, 2.1333E-01, 2.9333E+00,-2.6667E-01,
13:52:51.11988945, 1.7333E-01, 2.8933E+00, 4.0000E-01,
13:52:51.11988950, 2.0000E-01, 2.8933E+00, 0.0000E+00,
13:52:51.11988955, 1.7333E-01, 2.9067E+00, 1.3333E-01,
13:52:51.11988960, 1.7333E-01, 2.9333E+00, 5.3333E-01,
13:52:51.11988965, 1.6000E-01, 2.9067E+00, 6.6667E-01,
13:52:51.11988970, 1.4667E-01, 2.9200E+00, 5.3333E-01,
13:52:51.11988975, 2.2667E-01, 2.9067E+00, 0.0000E+00,
13:52:51.11988980, 1.6000E-01, 2.8800E+00,-1.3333E-01,
13:52:51.11988985, 1.8667E-01, 2.9200E+00,-1.3333E-01,
13:52:51.11988990, 2.2667E-01, 2.8933E+00, 1.3333E-01,
13:52:51.11988995, 1.8667E-01, 2.9200E+00, 0.0000E+00,
13:52:51.11989000, 1.7333E-01, 2.9200E+00, 1.3333E-01,
13:52:51.11989005, 1.7333E-01, 2.8933E+00, 4.0000E-01,
13:52:51.11989010, 1.6000E-01, 2.9200E+00, 0.0000E+00,
13:52:51.11989015, 1.8667E-01, 2.8800E+00, 1.3333E-01,
13:52:51.11989020, 1.7333E-01, 2.8933E+00, 1.3333E-01,
13:52:51.11989025, 2.0000E-01, 2.9067E+00, 1.3333E-01,
13:52:51.11989030, 2.0000E-01, 2.8800E+00,-1.3333E-01,
13:52:51.11989035, 1.7333E-01, 2.8933E+00,-1.3333E-01,
13:52:51.11989040, 1.7333E-01, 2.8933E+00, 1.3333E-01,
13:52:51.11989045, 1.8667E-01, 2.8933E+00, 2.6667E-01,
13:52:51.11989050, 1.8667E-01, 2.9200E+00, 1.3333E-01,
13:52:51.11989055, 1.7333E-01, 2.9200E+00, 0.0000E+00,
13:52:51.11989060, 1.6000E-01, 2.8933E+00, 0.0000E+00,
13:52:51.11989065, 1.7333E-01, 2.9067E+00, 0.0000E+00,
13:52:51.11989070, 1.4667E-01, 2.9067E+00, 1.3333E-01,
13:52:51.11989075, 1.8667E-01, 2.9200E+00, 0.0000E+00,
13:52:51.11989080, 1.7333E-01, 2.9200E+00,-1.3333E-01,
13:52:51.11989085, 1.7333E-01, 2.8800E+00, 1.3333E-01,
13:52:51.11989090, 1.7333E-01, 2.9067E+00,-1.3333E-01,
13:52:51.11989095, 1.8667E-01, 2.8933E+00, 0.0000E+00,
13:52:51.11989100, 1.4667E-01, 2.8800E+00, 0.0000E+00,
13:52:51.11989105, 1.4667E-01, 2.8533E+00,-2.6667E-01,
13:52:51.11989110, 1.7333E-01, 2.9067E+00, 2.6667E-01,
13:52:51.11989115, 1.4667E-01, 2.9067E+00, 1.3333E-01,
13:52:51.11989120, 1.7333E-01, 2.9067E+00, 0.0000E+00,
13:52:51.11989125, 1.7333E-01, 2.9200E+00, 2.6667E-01,
13:52:51.11989130, 1.7333E-01, 2.8667E+00,-1.3333E-01,
13:52:51.11989135, 2.0000E-01, 2.8933E+00, 0.0000E+00,
13:52:51.11989140, 1.8667E-01, 2.9467E+00, 0.0000E+00,
13:52:51.11989145, 1.6000E-01, 2.8933E+00, 0.0000E+00,
13:52:51.11989150, 1.8667E-01, 2.8933E+00,-1.3333E-01,
13:52:51.11989155, 1.6000E-01, 2.9067E+00, 1.3333E-01,
13:52:51.11989160, 1.6000E-01, 2.9067E+00, 0.0000E+00,
13:52:51.11989165, 1.4667E-01, 2.9333E+00, 1.3333E-01,
13:52:51.11989170, 1.4667E-01, 2.9200E+00, 2.6667E-01,
13:52:51.11989175, 1.7333E-01, 2.8800E+00, 1.3333E-01,
13:52:51.11989180, 1.4667E-01, 2.8933E+00,-1.3333E-01,
13:52:51.11989185, 1.8667E-01, 2.9067E+00, 1.3333E-01,
13:52:51.11989190, 1.7333E-01, 2.9067E+00,-1.3333E-01,
13:52:51.11989195, 1.7333E-01, 2.9067E+00, 1.3333E-01,
13:52:51.11989200, 1.3333E-01, 2.8933E+00, 1.3333E-01,
13:52:51.11989205, 1.8667E-01, 2.9200E+00,-1.3333E-01,
13:52:51.11989210, 1.4667E-01, 2.8933E+00, 1.3333E-01,
13:52:51.11989215, 1.6000E-01, 2.9067E+00, 0.0000E+00,
13:52:51.11989220, 1.8667E-01, 2.8933E+00,-4.0000E-01,
13:52:51.11989225, 2.0000E-01, 2.8800E+00,-1.3333E-01,
13:52:51.11989230, 1.7333E-01, 2.9067E+00,-2.6667E-01,
13:52:51.11989235, 1.4667E-01, 2.8933E+00,-1.3333E-01,
13:52:51.11989240, 1.6000E-01, 2.9067E+00, 1.3333E-01,
13:52:51.11989245, 1.7333E-01, 2.9067E+00,-2.6667E-01,
13:52:51.11989250, 1.6000E-01, 2.8933E+00, 0.0000E+00,
13:52:51.11989255, 1.6000E-01, 2.8800E+00,-2.6667E-01,
13:52:51.11989260, 1.7333E-01, 2.9067E+00, 0.0000E+00,
13:52:51.11989265, 1.4667E-01, 2.8800E+00,-1.3333E-01,
13:52:51.11989270, 1.4667E-01, 2.9067E+00,-1.3333E-01,
13:52:51.11989275, 1.6000E-01, 2.8933E+00, 0.0000E+00,
13:52:51.11989280, 1.6000E-01, 2.8533E+00,-2.6667E-01,
13:52:51.11989285, 1.4667E-01, 2.8800E+00, 0.0000E+00,
13:52:51.11989290, 1.7333E-01, 2.8667E+00, 0.0000E+00,
13:52:51.11989295, 1.4667E-01, 2.9200E+00,-1.3333E-01,
13:52:51.11989300, 1.2000E-01, 2.8933E+00, 1.3333E-01,
13:52:51.11989305, 1.7333E-01, 2.8800E+00, 0.0000E+00,
13:52:51.11989310, 1.4667E-01, 2.9333E+00,-1.3333E-01,
13:52:51.11989315, 1.6000E-01, 2.9200E+00,-1.3333E-01,
13:52:51.11989320, 2.1333E-01, 2.8667E+00,-1.3333E-01,
13:52:51.11989325, 1.6000E-01, 2.9200E+00, 1.3333E-01,
13:52:51.11989330, 1.4667E-01, 2.8933E+00,-2.6667E-01,
13:52:51.11989335, 1.6000E-01, 2.8667E+00, 1.3333E-01,
13:52:51.11989340, 1.4667E-01, 2.9067E+00,-1.3333E-01,
13:52:51.11989345, 1.4667E-01, 2.8800E+00, 1.3333E-01,
13:52:51.11989350, 1.2000E-01, 2.8933E+00,-1.3333E-01,
13:52:51.11989355, 1.2000E-01, 2.8933E+00, 0.0000E+00,
13:52:51.11989360, 1.6000E-01, 2.8800E+00,-4.0000E-01,
13:52:51.11989365, 1.3333E-01, 2.9200E+00, 1.3333E-01,
13:52:51.11989370, 1.6000E-01, 2.9067E+00,-4.0000E-01,
13:52:51.11989375, 1.4667E-01, 2.8800E+00,-1.3333E-01,
13:52:51.11989380, 1.6000E-01, 2.8667E+00,-4.0000E-01,
13:52:51.11989385, 1.2000E-01, 2.8800E+00,-1.3333E-01,
13:52:51.11989390, 1.4667E-01, 2.8667E+00,-1.3333E-01,
13:52:51.11989395, 1.4667E-01, 2.8800E+00,-2.6667E-01,
13:52:51.11989400, 1.4667E-01, 2.8933E+00, 0.0000E+00,
13:52:51.11989405, 1.6000E-01, 2.8933E+00, 0.0000E+00,
13:52:51.11989410, 1.6000E-01, 2.9067E+00,-1.3333E-01,
13:52:51.11989415, 1.8667E-01, 2.8667E+00,-1.3333E-01,
13:52:51.11989420, 1.6000E-01, 2.8533E+00,-6.6667E-01,
13:52:51.11989425, 1.4667E-01, 2.8800E+00,-1.3333E-01,
13:52:51.11989430, 1.7333E-01, 2.8800E+00,-1.3333E-01,
13:52:51.11989435, 1.6000E-01, 2.8800E+00, 0.0000E+00,
13:52:51.11989440, 1.4667E-01, 2.8933E+00,-1.3333E-01,
13:52:51.11989445, 1.3333E-01, 2.8800E+00,-1.3333E-01,
13:52:51.11989450, 1.4667E-01, 2.8533E+00,-4.0000E-01,
13:52:51.11989455, 1.2000E-01, 2.8533E+00, 1.3333E-01,
13:52:51.11989460, 1.6000E-01, 2.8933E+00,-1.3333E-01,
13:52:51.11989465, 1.3333E-01, 2.8800E+00,-1.3333E-01,
13:52:51.11989470, 1.6000E-01, 2.8667E+00,-1.3333E-01,
13:52:51.11989475, 1.6000E-01, 2.8667E+00, 0.0000E+00,
13:52:51.11989480, 1.6000E-01, 2.8800E+00,-5.3333E-01,
13:52:51.11989485, 1.4667E-01, 2.8800E+00,-1.3333E-01,
13:52:51.11989490, 1.2000E-01, 2.9200E+00, 2.6667E-01,
13:52:51.11989495, 1.0667E-01, 2.8800E+00,-2.6667E-01,
13:52:51.11989500, 1.4667E-01, 2.8667E+00,-1.3333E-01,
13:52:51.11989505, 1.4667E-01, 2.8533E+00,-2.6667E-01,
13:52:51.11989510, 1.4667E-01, 2.8933E+00,-2.6667E-01,
13:52:51.11989515, 1.6000E-01, 2.8800E+00,-1.3333E-01,
13:52:51.11989520, 1.6000E-01, 2.8800E+00, 0.0000E+00,
13:52:51.11989525, 1.4667E-01, 2.8800E+00,-2.6667E-01,
13:52:51.11989530, 1.4667E-01, 2.8533E+00, 0.0000E+00,
13:52:51.11989535, 1.3333E-01, 2.8667E+00,-2.6667E-01,
13:52:51.11989540, 1.3333E-01, 2.9200E+00,-2.6667E-01,
13:52:51.11989545, 1.6000E-01, 2.9067E+00,-4.0000E-01,
13:52:51.11989550, 1.4667E-01, 2.8933E+00, 0.0000E+00,
13:52:51.11989555, 1.6000E-01, 2.8800E+00,-2.6667E-01,
13:52:51.11989560, 1.7333E-01, 2.8800E+00, 0.0000E+00,
13:52:51.11989565, 1.7333E-01, 2.8667E+00,-2.6667E-01,
13:52:51.11989570, 1.3333E-01, 2.9067E+00,-2.6667E-01,
13:52:51.11989575, 1.6000E-01, 2.8933E+00, 0.0000E+00,
13:52:51.11989580, 1.7333E-01, 2.8800E+00, 0.0000E+00,
13:52:51.11989585, 1.6000E-01, 2.8800E+00,-1.3333E-01,
13:52:51.11989590, 1.6000E-01, 2.8533E+00,-2.6667E-01,
13:52:51.11989595, 1.6000E-01, 2.9067E+00,-1.3333E-01,
13:52:51.11989600, 1.6000E-01, 2.8667E+00,-2.6667E-01,
13:52:51.11989605, 1.4667E-01, 2.8933E+00,-5.3333E-01,
13:52:51.11989610, 1.6000E-01, 2.8667E+00,-2.6667E-01,
13:52:51.11989615, 1.3333E-01, 2.8533E+00,-4.0000E-01,
13:52:51.11989620, 1.6000E-01, 2.8933E+00, 0.0000E+00,
13:52:51.11989625, 1.4667E-01, 2.8800E+00,-2.6667E-01,
13:52:51.11989630, 1.0667E-01, 2.8800E+00, 1.3333E-01,
13:52:51.11989635, 1.2000E-01, 2.8800E+00, 0.0000E+00,
13:52:51.11989640, 1.2000E-01, 2.8667E+00, 1.3333E-01,
13:52:51.11989645, 1.6000E-01, 2.8667E+00,-2.6667E-01,
13:52:51.11989650, 1.4667E-01, 2.8533E+00,-2.6667E-01,
13:52:51.11989655, 1.3333E-01, 2.9067E+00,-2.6667E-01,
13:52:51.11989660, 1.6000E-01, 2.8933E+00,-4.0000E-01,
13:52:51.11989665, 1.6000E-01, 2.8533E+00,-4.0000E-01,
13:52:51.11989670, 1.6000E-01, 2.9200E+00,-4.0000E-01,
13:52:51.11989675, 1.6000E-01, 2.9067E+00,-2.6667E-01,
13:52:51.11989680, 9.3333E-02, 2.8800E+00,-1.3333E-01,
13:52:51.11989685, 1.3333E-01, 2.8933E+00,-1.3333E-01,
13:52:51.11989690, 1.4667E-01, 2.8667E+00,-2.6667E-01,
13:52:51.11989695, 1.4667E-01, 2.8800E+00,-2.6667E-01,
13:52:51.11989700, 1.2000E-01, 2.8933E+00, 1.3333E-01,
13:52:51.11989705, 1.6000E-01, 2.8667E+00,-2.6667E-01,
13:52:51.11989710, 1.4667E-01, 2.8933E+00,-1.3333E-01,
13:52:51.11989715, 1.0667E-01, 2.8667E+00,-2.6667E-01,
13:52:51.11989720, 1.3333E-01, 2.8533E+00,-2.6667E-01,
13:52:51.11989725, 1.6000E-01, 2.8933E+00, 0.0000E+00,
13:52:51.11989730, 1.3333E-01, 2.8800E+00,-2.6667E-01,
13:52:51.11989735, 1.2000E-01, 2.8667E+00,-2.6667E-01,
13:52:51.11989740, 1.4667E-01, 2.8933E+00, 0.0000E+00,
13:52:51.11989745, 1.4667E-01, 2.8400E+00,-1.3333E-01,
13:52:51.11989750, 1.2000E-01, 2.8533E+00, 1.3333E-01,
13:52:51.11989755, 1.6000E-01, 2.8800E+00,-1.3333E-01,
13:52:51.11989760, 1.7333E-01, 2.8533E+00,-2.6667E-01,
13:52:51.11989765, 1.6000E-01, 2.8800E+00,-5.3333E-01,
13:52:51.11989770, 1.6000E-01, 2.8933E+00, 0.0000E+00,
13:52:51.11989775, 1.3333E-01, 2.8933E+00, 0.0000E+00,
13:52:51.11989780, 1.0667E-01, 2.8667E+00,-2.6667E-01,
13:52:51.11989785, 1.6000E-01, 2.8667E+00,-2.6667E-01,
13:52:51.11989790, 1.3333E-01, 2.8667E+00,-2.6667E-01,
13:52:51.11989795, 1.3333E-01, 2.8667E+00,-1.3333E-01,
13:52:51.11989800, 1.4667E-01, 2.8533E+00,-2.6667E-01,
13:52:51.11989805, 1.2000E-01, 2.8533E+00,-2.6667E-01,
13:52:51.11989810, 1.0667E-01, 2.8667E+00,-5.3333E-01,
13:52:51.11989815, 1.3333E-01, 2.8667E+00, 0.0000E+00,
13:52:51.11989820, 1.2000E-01, 2.8667E+00,-1.3333E-01,
13:52:51.11989825, 1.0667E-01, 2.8667E+00, 0.0000E+00,
13:52:51.11989830, 1.2000E-01, 2.8800E+00,-2.6667E-01,
13:52:51.11989835, 1.3333E-01, 2.8800E+00, 2.6667E-01,
13:52:51.11989840, 1.3333E-01, 2.8800E+00,-1.3333E-01,
13:52:51.11989845, 1.0667E-01, 2.8400E+00,-4.0000E-01,
13:52:51.11989850, 1.3333E-01, 2.8800E+00,-1.3333E-01,
13:52:51.11989855, 1.6000E-01, 2.8800E+00,-2.6667E-01,
13:52:51.11989860, 1.4667E-01, 2.8667E+00,-4.0000E-01,
13:52:51.11989865, 1.4667E-01, 2.8667E+00, 0.0000E+00,
13:52:51.11989870, 1.4667E-01, 2.8800E+00,-1.3333E-01,
13:52:51.11989875, 1.3333E-01, 2.8800E+00,-1.3333E-01,
13:52:51.11989880, 1.2000E-01, 2.8933E+00,-2.6667E-01,
13:52:51.11989885, 1.4667E-01, 2.8400E+00, 0.0000E+00,
13:52:51.11989890, 1.0667E-01, 2.9067E+00, 1.3333E-01,
13:52:51.11989895, 1.2000E-01, 2.8800E+00,-2.6667E-01,
13:52:51.11989900, 1.4667E-01, 2.8667E+00,-5.3333E-01,
13:52:51.11989905, 1.3333E-01, 2.8667E+00,-1.3333E-01,
13:52:51.11989910, 1.6000E-01, 2.8800E+00,-1.3333E-01,
13:52:51.11989915, 1.2000E-01, 2.8800E+00, 0.0000E+00,
13:52:51.11989920, 1.3333E-01, 2.8933E+00,-1.3333E-01,
13:52:51.11989925, 9.3333E-02, 2.8400E+00, 0.0000E+00,
13:52:51.11989930, 1.2000E-01, 2.8933E+00, 2.6667E-01,
13:52:51.11989935, 1.3333E-01, 2.8800E+00,-4.0000E-01,
13:52:51.11989940, 1.2000E-01, 2.8800E+00, 0.0000E+00,
13:52:51.11989945, 1.2000E-01, 2.8533E+00,-4.0000E-01,
13:52:51.11989950, 1.3333E-01, 2.8933E+00,-2.6667E-01,
13:52:51.11989955, 1.3333E-01, 2.9067E+00,-2.6667E-01,
13:52:51.11989960, 1.0667E-01, 2.8933E+00, 0.0000E+00,
13:52:51.11989965, 1.3333E-01, 2.8667E+00, 0.0000E+00,
13:52:51.11989970, 1.3333E-01, 2.8800E+00, 0.0000E+00,
13:52:51.11989975, 1.4667E-01, 2.8933E+00,-1.3333E-01,
13:52:51.11989980, 1.2000E-01, 2.8800E+00,-2.6667E-01,
13:52:51.11989985, 1.7333E-01, 2.8400E+00,-4.0000E-01,
13:52:51.11989990, 1.2000E-01, 2.9067E+00,-1.3333E-01,
13:52:51.11989995, 1.3333E-01, 2.8800E+00, 0.0000E+00,
13:52:51.11990000, 1.4667E-01, 2.8533E+00,-1.3333E-01,
13:52:51.11990005, 1.3333E-01, 2.8533E+00,-2.6667E-01,
13:52:51.11990010, 1.3333E-01, 2.8667E+00,-1.3333E-01,
13:52:51.11990015, 9.3333E-02, 2.8267E+00, 0.0000E+00,
13:52:51.11990020, 1.0667E-01, 2.8533E+00, 0.0000E+00,
13:52:51.11990025, 1.0667E-01, 2.8800E+00,-1.3333E-01,
13:52:51.11990030, 9.3333E-02, 2.8667E+00,-1.3333E-01,
13:52:51.11990035, 1.2000E-01, 2.8533E+00, 0.0000E+00,
13:52:51.11990040, 1.2000E-01, 2.8400E+00,-2.6667E-01,
13:52:51.11990045, 1.6000E-01, 2.8667E+00,-4.0000E-01,
13:52:51.11990050, 1.0667E-01, 2.8667E+00, 2.6667E-01,
13:52:51.11990055, 1.4667E-01, 2.8800E+00,-2.6667E-01,
13:52:51.11990060, 1.2000E-01, 2.8400E+00,-2.6667E-01,
13:52:51.11990065, 9.3333E-02, 2.8667E+00,-2.6667E-01,
13:52:51.11990070, 9.3333E-02, 2.8667E+00, 2.6667E-01,
13:52:51.11990075, 1.0667E-01, 2.8667E+00, 1.3333E-01,
13:52:51.11990080, 1.2000E-01, 2.8533E+00, 2.6667E-01,
13:52:51.11990085, 1.2000E-01, 2.8667E+00, 0.0000E+00,
13:52:51.11990090, 1.0667E-01, 2.8800E+00, 1.3333E-01,
13:52:51.11990095, 1.4667E-01, 2.8533E+00,-2.6667E-01,
13:52:51.11990100, 1.2000E-01, 2.8533E+00, 1.3333E-01,
13:52:51.11990105, 1.2000E-01, 2.8933E+00, 0.0000E+00,
13:52:51.11990110, 1.0667E-01, 2.8400E+00,-1.3333E-01,
13:52:51.11990115, 1.2000E-01, 2.8800E+00,-1.3333E-01,
13:52:51.11990120, 1.2000E-01, 2.8533E+00, 0.0000E+00,
13:52:51.11990125, 1.2000E-01, 2.8533E+00,-1.3333E-01,
13:52:51.11990130, 1.2000E-01, 2.8533E+00,-1.3333E-01,
13:52:51.11990135, 1.2000E-01, 2.8667E+00,-1.3333E-01,
13:52:51.11990140, 1.2000E-01, 2.8533E+00, 1.3333E-01,
13:52:51.11990145, 1.6000E-01, 2.8533E+00, 2.6667E-01,
13:52:51.11990150, 1.0667E-01, 2.8800E+00, 2.6667E-01,
13:52:51.11990155, 1.2000E-01, 2.8933E+00, 1.3333E-01,
13:52:51.11990160, 1.0667E-01, 2.8533E+00, 0.0000E+00,
13:52:51.11990165, 1.2000E-01, 2.8400E+00, 5.3333E-01,
13:52:51.11990170, 9.3333E-02, 2.8667E+00, 1.3333E-01,
13:52:51.11990175, 9.3333E-02, 2.8667E+00, 4.0000E-01,
13:52:51.11990180, 1.3333E-01, 2.8800E+00, 0.0000E+00,
13:52:51.11990185, 1.3333E-01, 2.8933E+00,-1.3333E-01,
13:52:51.11990190, 1.3333E-01, 2.8800E+00,-1.3333E-01,
13:52:51.11990195, 1.3333E-01, 2.8667E+00,-4.0000E-01,
13:52:51.11990200, 1.4667E-01, 2.9067E+00, 0.0000E+00,
13:52:51.11990205, 1.2000E-01, 2.8933E+00, 0.0000E+00,
13:52:51.11990210, 1.0667E-01, 2.8667E+00, 2.6667E-01,
13:52:51.11990215, 1.2000E-01, 2.8533E+00, 1.3333E-01,
13:52:51.11990220, 1.2000E-01, 2.8533E+00, 1.3333E-01,
13:52:51.11990225, 1.2000E-01, 2.8400E+00, 0.0000E+00,
13:52:51.11990230, 1.2000E-01, 2.8400E+00,-1.3333E-01,
13:52:51.11990235, 1.0667E-01, 2.8533E+00, 0.0000E+00,
13:52:51.11990240, 1.3333E-01, 2.8667E+00, 0.0000E+00,
13:52:51.11990245, 1.6000E-01, 2.8800E+00,-1.3333E-01,
13:52:51.11990250, 9.3333E-02, 2.8267E+00,-2.6667E-01,
13:52:51.11990255, 1.3333E-01, 2.8400E+00, 0.0000E+00,
13:52:51.11990260, 1.0667E-01, 2.8533E+00, 1.3333E-01,
13:52:51.11990265, 1.2000E-01, 2.8533E+00, 1.3333E-01,
13:52:51.11990270, 1.3333E-01, 2.8800E+00, 0.0000E+00,
13:52:51.11990275, 1.0667E-01, 2.8400E+00, 1.3333E-01,
13:52:51.11990280, 1.3333E-01, 2.8533E+00,-1.3333E-01,
13:52:51.11990285, 1.3333E-01, 2.8667E+00,-1.3333E-01,
13:52:51.11990290, 1.3333E-01, 2.8800E+00, 0.0000E+00,
13:52:51.11990295, 9.3333E-02, 2.8800E+00, 2.6667E-01,
13:52:51.11990300, 8.0000E-02, 2.8800E+00, 0.0000E+00,
13:52:51.11990305, 9.3333E-02, 2.8400E+00, 0.0000E+00,
13:52:51.11990310, 1.0667E-01, 2.8800E+00, 5.3333E-01,
13:52:51.11990315, 1.0667E-01, 2.8667E+00, 2.6667E-01,
13:52:51.11990320, 1.3333E-01, 2.8533E+00, 0.0000E+00,
13:52:51.11990325, 1.2000E-01, 2.8800E+00, 2.6667E-01,
13:52:51.11990330, 8.0000E-02, 2.8133E+00, 2.6667E-01,
13:52:51.11990335, 1.0667E-01, 2.8400E+00,-1.3333E-01,
13:52:51.11990340, 8.0000E-02, 2.8800E+00, 4.0000E-01,
13:52:51.11990345, 9.3333E-02, 2.8667E+00, 1.3333E-01,
13:52:51.11990350, 9.3333E-02, 2.8400E+00,-1.3333E-01,
13:52:51.11990355, 1.2000E-01, 2.8400E+00, 4.0000E-01,
13:52:51.11990360, 1.2000E-01, 2.8667E+00, 0.0000E+00,
13:52:51.11990365, 9.3333E-02, 2.8533E+00, 1.3333E-01,
13:52:51.11990370, 1.0667E-01, 2.8667E+00, 2.6667E-01,
13:52:51.11990375, 9.3333E-02, 2.8533E+00, 2.6667E-01,
13:52:51.11990380, 1.2000E-01, 2.8800E+00, 2.6667E-01,
13:52:51.11990385, 1.2000E-01, 2.8933E+00, 0.0000E+00,
13:52:51.11990390, 1.2000E-01, 2.8667E+00, 2.6667E-01,
13:52:51.11990395, 9.3333E-02, 2.8400E+00, 1.3333E-01,
13:52:51.11990400, 1.2000E-01, 2.8933E+00, 0.0000E+00,
13:52:51.11990405, 9.3333E-02, 2.8800E+00, 2.6667E-01,
13:52:51.11990410, 9.3333E-02, 2.8667E+00, 2.6667E-01,
13:52:51.11990415, 9.3333E-02, 2.8400E+00, 4.0000E-01,
13:52:51.11990420, 1.2000E-01, 2.8933E+00, 1.3333E-01,
13:52:51.11990425, 1.0667E-01, 2.8533E+00, 2.6667E-01,
13:52:51.11990430, 1.0667E-01, 2.8533E+00, 0.0000E+00,
13:52:51.11990435, 1.0667E-01, 2.8667E+00, 0.0000E+00,
13:52:51.11990440, 9.3333E-02, 2.8667E+00,-1.3333E-01,
13:52:51.11990445, 1.2000E-01, 2.8800E+00, 0.0000E+00,
13:52:51.11990450, 8.0000E-02, 2.8800E+00, 2.6667E-01,
13:52:51.11990455, 1.0667E-01, 2.8667E+00, 4.0000E-01,
13:52:51.11990460, 1.3333E-01, 2.8933E+00, 5.3333E-01,
13:52:51.11990465, 1.2000E-01, 2.8800E+00, 2.6667E-01,
13:52:51.11990470, 9.3333E-02, 2.8667E+00, 5.3333E-01,
13:52:51.11990475, 1.0667E-01, 2.8400E+00, 5.3333E-01,
13:52:51.11990480, 1.0667E-01, 2.8800E+00, 1.3333E-01,
13:52:51.11990485, 1.2000E-01, 2.9067E+00, 1.3333E-01,
13:52:51.11990490, 1.2000E-01, 2.8800E+00, 2.6667E-01,
13:52:51.11990495, 9.3333E-02, 2.8667E+00, 0.0000E+00,
13:52:51.11990500, 9.3333E-02, 2.8667E+00, 0.0000E+00,
13:52:51.11990505, 1.2000E-01, 2.8533E+00, 1.3333E-01,
13:52:51.11990510, 8.0000E-02, 2.8667E+00, 0.0000E+00,
13:52:51.11990515, 1.0667E-01, 2.8667E+00, 2.6667E-01,
13:52:51.11990520, 9.3333E-02, 2.8400E+00, 2.6667E-01,
13:52:51.11990525, 1.0667E-01, 2.8800E+00, 2.6667E-01,
13:52:51.11990530, 1.2000E-01, 2.8667E+00, 2.6667E-01,
13:52:51.11990535, 8.0000E-02, 2.8667E+00, 2.6667E-01,
13:52:51.11990540, 1.0667E-01, 2.8667E+00,-1.3333E-01,
13:52:51.11990545, 9.3333E-02, 2.8667E+00, 1.3333E-01,
13:52:51.11990550, 8.0000E-02, 2.8400E+00, 4.0000E-01,
13:52:51.11990555, 8.0000E-02, 2.8667E+00, 2.6667E-01,
13:52:51.11990560, 1.0667E-01, 2.8800E+00, 1.3333E-01,
13:52:51.11990565, 1.3333E-01, 2.8800E+00, 1.3333E-01,
13:52:51.11990570, 1.2000E-01, 2.8533E+00, 4.0000E-01,
13:52:51.11990575, 1.0667E-01, 2.8533E+00, 2.6667E-01,
13:52:51.11990580, 1.4667E-01, 2.8667E+00, 4.0000E-01,
13:52:51.11990585, 8.0000E-02, 2.8933E+00,-1.3333E-01,
13:52:51.11990590, 9.3333E-02, 2.8667E+00, 2.6667E-01,
13:52:51.11990595, 9.3333E-02, 2.8933E+00, 1.3333E-01,
13:52:51.11990600, 8.0000E-02, 2.8267E+00, 1.3333E-01,
13:52:51.11990605, 1.2000E-01, 2.8667E+00, 1.3333E-01,
13:52:51.11990610, 1.0667E-01, 2.9067E+00, 0.0000E+00,
13:52:51.11990615, 1.2000E-01, 2.8667E+00, 1.3333E-01,
13:52:51.11990620, 1.2000E-01, 2.8800E+00, 1.3333E-01,
13:52:51.11990625, 9.3333E-02, 2.8667E+00, 4.0000E-01,
13:52:51.11990630, 1.0667E-01, 2.8667E+00, 4.0000E-01,
13:52:51.11990635, 8.0000E-02, 2.8533E+00, 2.6667E-01,
13:52:51.11990640, 8.0000E-02, 2.8933E+00, 2.6667E-01,
13:52:51.11990645, 9.3333E-02, 2.8800E+00, 1.3333E-01,
13:52:51.11990650, 1.0667E-01, 2.9067E+00, 2.6667E-01,
13:52:51.11990655, 1.0667E-01, 2.8667E+00, 4.0000E-01,
13:52:51.11990660, 1.2000E-01, 2.8667E+00, 2.6667E-01,
13:52:51.11990665, 8.0000E-02, 2.8667E+00, 2.6667E-01,
13:52:51.11990670, 1.3333E-01, 2.8667E+00, 4.0000E-01,
13:52:51.11990675, 8.0000E-02, 2.9067E+00, 0.0000E+00,
13:52:51.11990680, 1.0667E-01, 2.8667E+00, 0.0000E+00,
13:52:51.11990685, 8.0000E-02, 2.8667E+00, 5.3333E-01,
13:52:51.11990690, 9.3333E-02, 2.8933E+00, 2.6667E-01,
13:52:51.11990695, 1.0667E-01, 2.8800E+00, 2.6667E-01,
13:52:51.11990700, 9.3333E-02, 2.8667E+00, 4.0000E-01,
13:52:51.11990705, 8.0000E-02, 2.8800E+00, 2.6667E-01,
13:52:51.11990710, 1.2000E-01, 2.8933E+00, 2.6667E-01,
13:52:51.11990715, 1.0667E-01, 2.8800E+00, 4.0000E-01,
13:52:51.11990720, 9.3333E-02, 2.8800E+00, 2.6667E-01,
13:52:51.11990725, 1.0667E-01, 2.8933E+00, 4.0000E-01,
13:52:51.11990730, 9.3333E-02, 2.8533E+00, 2.6667E-01,
13:52:51.11990735, 8.0000E-02, 2.8800E+00, 1.3333E-01,
13:52:51.11990740, 9.3333E-02, 2.9067E+00, 0.0000E+00,
13:52:51.11990745, 8.0000E-02, 2.8400E+00, 1.3333E-01,
13:52:51.11990750, 9.3333E-02, 2.8667E+00, 6.6667E-01,
13:52:51.11990755, 8.0000E-02, 2.8400E+00, 1.3333E-01,
13:52:51.11990760, 8.0000E-02, 2.9067E+00, 4.0000E-01,
13:52:51.11990765, 1.3333E-01, 2.9200E+00, 1.3333E-01,
13:52:51.11990770, 8.0000E-02, 2.9067E+00, 6.6667E-01,
13:52:51.11990775, 1.0667E-01, 2.8667E+00, 5.3333E-01,
13:52:51.11990780, 8.0000E-02, 2.8400E+00, 0.0000E+00,
13:52:51.11990785, 9.3333E-02, 2.8533E+00, 5.3333E-01,
13:52:51.11990790, 9.3333E-02, 2.8800E+00, 2.6667E-01,
13:52:51.11990795, 8.0000E-02, 2.8400E+00, 2.6667E-01,
13:52:51.11990800, 8.0000E-02, 2.8800E+00, 1.3333E-01,
13:52:51.11990805, 9.3333E-02, 2.8667E+00, 1.3333E-01,
13:52:51.11990810, 1.2000E-01, 2.8933E+00, 4.0000E-01,
13:52:51.11990815, 1.2000E-01, 2.8800E+00, 4.0000E-01,
13:52:51.11990820, 9.3333E-02, 2.8800E+00, 2.6667E-01,
13:52:51.11990825, 9.3333E-02, 2.8667E+00, 1.3333E-01,
13:52:51.11990830, 9.3333E-02, 2.8800E+00, 2.6667E-01,
13:52:51.11990835, 8.0000E-02, 2.8800E+00, 4.0000E-01,
13:52:51.11990840, 9.3333E-02, 2.8800E+00, 4.0000E-01,
13:52:51.11990845, 1.0667E-01, 2.8800E+00, 2.6667E-01,
13:52:51.11990850, 9.3333E-02, 2.8800E+00, 4.0000E-01,
13:52:51.11990855, 9.3333E-02, 2.8800E+00, 1.3333E-01,
13:52:51.11990860, 1.0667E-01, 2.9067E+00, 1.3333E-01,
13:52:51.11990865, 1.2000E-01, 2.8800E+00, 4.0000E-01,
13:52:51.11990870, 1.0667E-01, 2.9067E+00, 0.0000E+00,
13:52:51.11990875, 9.3333E-02, 2.8667E+00, 2.6667E-01,
13:52:51.11990880, 8.0000E-02, 2.8800E+00, 2.6667E-01,
13:52:51.11990885, 1.0667E-01, 2.8800E+00, 2.6667E-01,
13:52:51.11990890, 9.3333E-02, 2.8933E+00, 2.6667E-01,
13:52:51.11990895, 9.3333E-02, 2.8933E+00, 4.0000E-01,
13:52:51.11990900, 8.0000E-02, 2.8400E+00, 2.6667E-01,
13:52:51.11990905, 9.3333E-02, 2.8667E+00, 1.3333E-01,
13:52:51.11990910, 9.3333E-02, 2.8933E+00, 4.0000E-01,
13:52:51.11990915, 1.0667E-01, 2.8667E+00, 2.6667E-01,
13:52:51.11990920, 1.2000E-01, 2.8667E+00, 0.0000E+00,
13:52:51.11990925, 8.0000E-02, 2.8800E+00, 5.3333E-01,
13:52:51.11990930, 8.0000E-02, 2.8800E+00, 5.3333E-01,
13:52:51.11990935, 8.0000E-02, 2.8533E+00, 1.3333E-01,
13:52:51.11990940, 1.0667E-01, 2.9067E+00, 2.6667E-01,
13:52:51.11990945, 9.3333E-02, 2.8667E+00, 0.0000E+00,
13:52:51.11990950, 1.0667E-01, 2.8667E+00, 6.6667E-01,
13:52:51.11990955, 9.3333E-02, 2.8667E+00, 4.0000E-01,
13:52:51.11990960, 9.3333E-02, 2.8800E+00, 4.0000E-01,
13:52:51.11990965, 1.0667E-01, 2.8800E+00, 2.6667E-01,
13:52:51.11990970, 8.0000E-02, 2.8667E+00, 2.6667E-01,
13:52:51.11990975, 5.3333E-02, 2.8667E+00, 4.0000E-01,
13:52:51.11990980, 8.0000E-02, 2.8667E+00, 1.3333E-01,
13:52:51.11990985, 9.3333E-02, 2.8800E+00, 1.3333E-01,
13:52:51.11990990, 8.0000E-02, 2.8667E+00, 4.0000E-01,
13:52:51.11990995, 9.3333E-02, 2.8533E+00, 4.0000E-01,
13:52:51.11991000, 8.0000E-02, 2.8800E+00, 1.3333E-01,
13:52:51.11991005, 9.3333E-02, 2.8933E+00, 1.3333E-01,
13:52:51.11991010, 1.0667E-01, 2.8800E+00, 2.6667E-01,
13:52:51.11991015, 9.3333E-02, 2.9067E+00, 5.3333E-01,
13:52:51.11991020, 8.0000E-02, 2.8933E+00, 4.0000E-01,
13:52:51.11991025, 5.3333E-02, 2.8933E+00, 2.6667E-01,
13:52:51.11991030, 8.0000E-02, 2.9067E+00, 1.3333E-01,
13:52:51.11991035, 9.3333E-02, 2.8933E+00, 2.6667E-01,
13:52:51.11991040, 8.0000E-02, 2.8800E+00, 5.3333E-01,
13:52:51.11991045, 8.0000E-02, 2.8667E+00, 1.3333E-01,
13:52:51.11991050, 9.3333E-02, 2.8800E+00, 4.0000E-01,
13:52:51.11991055, 8.0000E-02, 2.8933E+00, 4.0000E-01,
13:52:51.11991060, 1.0667E-01, 2.8667E+00, 1.3333E-01,
13:52:51.11991065, 8.0000E-02, 2.8800E+00, 4.0000E-01,
13:52:51.11991070, 8.0000E-02, 2.8933E+00, 1.3333E-01,
13:52:51.11991075, 9.3333E-02, 2.8400E+00, 1.3333E-01,
13:52:51.11991080, 8.0000E-02, 2.8800E+00, 4.0000E-01,
13:52:51.11991085, 8.0000E-02, 2.8667E+00, 5.3333E-01,
13:52:51.11991090, 1.0667E-01, 2.9067E+00, 1.3333E-01,
13:52:51.11991095, 9.3333E-02, 2.9200E+00, 2.6667E-01,
13:52:51.11991100, 8.0000E-02, 2.8933E+00, 4.0000E-01,
13:52:51.11991105, 9.3333E-02, 2.8933E+00, 4.0000E-01,
13:52:51.11991110, 8.0000E-02, 2.8933E+00, 4.0000E-01,
13:52:51.11991115, 1.0667E-01, 2.8667E+00, 2.6667E-01,
13:52:51.11991120, 6.6667E-02, 2.8800E+00, 2.6667E-01,
13:52:51.11991125, 6.6667E-02, 2.8800E+00, 4.0000E-01,
13:52:51.11991130, 1.0667E-01, 2.8933E+00, 2.6667E-01,
13:52:51.11991135, 1.2000E-01, 2.9067E+00, 2.6667E-01,
13:52:51.11991140, 9.3333E-02, 2.8800E+00, 0.0000E+00,
13:52:51.11991145, 1.2000E-01, 2.8800E+00, 6.6667E-01,
13:52:51.11991150, 9.3333E-02, 2.8800E+00, 5.3333E-01,
13:52:51.11991155, 1.0667E-01, 2.8933E+00, 2.6667E-01,
13:52:51.11991160, 9.3333E-02, 2.8667E+00, 1.3333E-01,
13:52:51.11991165, 6.6667E-02, 2.8933E+00, 2.6667E-01,
13:52:51.11991170, 8.0000E-02, 2.9067E+00, 4.0000E-01,
13:52:51.11991175, 8.0000E-02, 2.9200E+00, 2.6667E-01,
13:52:51.11991180, 6.6667E-02, 2.8800E+00, 1.3333E-01,
13:52:51.11991185, 6.6667E-02, 2.8800E+00, 0.0000E+00,
13:52:51.11991190, 1.0667E-01, 2.8800E+00, 4.0000E-01,
13:52:51.11991195, 8.0000E-02, 2.9200E+00, 0.0000E+00,
13:52:51.11991200, 1.0667E-01, 2.8800E+00, 4.0000E-01,
13:52:51.11991205, 1.0667E-01, 2.9067E+00, 4.0000E-01,
13:52:51.11991210, 9.3333E-02, 2.8800E+00, 2.6667E-01,
13:52:51.11991215, 9.3333E-02, 2.8933E+00, 1.3333E-01,
13:52:51.11991220, 8.0000E-02, 2.8933E+00, 0.0000E+00,
13:52:51.11991225, 8.0000E-02, 2.8800E+00, 5.3333E-01,
13:52:51.11991230, 1.0667E-01, 2.8800E+00, 1.3333E-01,
13:52:51.11991235, 1.0667E-01, 2.8667E+00, 2.6667E-01,
13:52:51.11991240, 8.0000E-02, 2.8933E+00, 4.0000E-01,
13:52:51.11991245, 9.3333E-02, 2.8933E+00, 4.0000E-01,
13:52:51.11991250, 9.3333E-02, 2.8800E+00, 1.3333E-01,
13:52:51.11991255, 8.0000E-02, 2.8667E+00, 0.0000E+00,
13:52:51.11991260, 1.2000E-01, 2.8533E+00, 6.6667E-01,
13:52:51.11991265, 9.3333E-02, 2.9067E+00, 1.3333E-01,
13:52:51.11991270, 8.0000E-02, 2.8800E+00, 5.3333E-01,
13:52:51.11991275, 9.3333E-02, 2.8533E+00, 0.0000E+00,
13:52:51.11991280, 9.3333E-02, 2.8667E+00, 2.6667E-01,
13:52:51.11991285, 9.3333E-02, 2.8667E+00, 0.0000E+00,
13:52:51.11991290, 1.0667E-01, 2.8933E+00, 1.3333E-01,
13:52:51.11991295, 1.0667E-01, 2.9067E+00, 4.0000E-01,
13:52:51.11991300, 1.0667E-01, 2.8533E+00, 4.0000E-01,
13:52:51.11991305, 8.0000E-02, 2.8933E+00, 5.3333E-01,
13:52:51.11991310, 8.0000E-02, 2.8667E+00, 4.0000E-01,
13:52:51.11991315, 5.3333E-02, 2.8533E+00, 1.3333E-01,
13:52:51.11991320, 8.0000E-02, 2.9067E+00, 1.3333E-01,
13:52:51.11991325, 9.3333E-02, 2.8800E+00, 4.0000E-01,
13:52:51.11991330, 1.0667E-01, 2.8933E+00, 1.3333E-01,
13:52:51.11991335, 6.6667E-02, 2.8933E+00, 2.6667E-01,
13:52:51.11991340, 9.3333E-02, 2.8933E+00, 2.6667E-01,
13:52:51.11991345, 9.3333E-02, 2.8533E+00, 2.6667E-01,
13:52:51.11991350, 9.3333E-02, 2.9067E+00, 5.3333E-01,
13:52:51.11991355, 9.3333E-02, 2.8800E+00, 0.0000E+00,
13:52:51.11991360, 8.0000E-02, 2.8667E+00, 0.0000E+00,
13:52:51.11991365, 6.6667E-02, 2.8933E+00, 2.6667E-01,
13:52:51.11991370, 6.6667E-02, 2.9067E+00, 0.0000E+00,
13:52:51.11991375, 8.0000E-02, 2.9067E+00, 1.3333E-01,
13:52:51.11991380, 9.3333E-02, 2.8800E+00, 0.0000E+00,
13:52:51.11991385, 8.0000E-02, 2.8667E+00, 1.3333E-01,
13:52:51.11991390, 9.3333E-02, 2.9067E+00, 0.0000E+00,
13:52:51.11991395, 8.0000E-02, 2.8533E+00,-1.3333E-01,
13:52:51.11991400, 8.0000E-02, 2.8800E+00, 1.3333E-01,
13:52:51.11991405, 8.0000E-02, 2.8933E+00, 4.0000E-01,
13:52:51.11991410, 5.3333E-02, 2.9067E+00, 2.6667E-01,
13:52:51.11991415, 1.0667E-01, 2.9067E+00,-1.3333E-01,
13:52:51.11991420, 9.3333E-02, 2.9067E+00, 0.0000E+00,
13:52:51.11991425, 9.3333E-02, 2.8800E+00, 0.0000E+00,
13:52:51.11991430, 8.0000E-02, 2.9067E+00, 0.0000E+00,
13:52:51.11991435, 9.3333E-02, 2.8800E+00, 1.3333E-01,
13:52:51.11991440, 8.0000E-02, 2.8533E+00, 1.3333E-01,
13:52:51.11991445, 8.0000E-02, 2.8933E+00, 1.3333E-01,
13:52:51.11991450, 1.0667E-01, 2.8800E+00, 1.3333E-01,
13:52:51.11991455, 6.6667E-02, 2.8800E+00, 1.3333E-01,
13:52:51.11991460, 8.0000E-02, 2.9067E+00,-1.3333E-01,
13:52:51.11991465, 1.0667E-01, 2.8933E+00, 1.3333E-01,
13:52:51.11991470, 8.0000E-02, 2.8933E+00,-1.3333E-01,
13:52:51.11991475, 8.0000E-02, 2.8933E+00,-1.3333E-01,
13:52:51.11991480, 9.3333E-02, 2.8933E+00, 0.0000E+00,
13:52:51.11991485, 8.0000E-02, 2.8933E+00, 4.0000E-01,
13:52:51.11991490, 9.3333E-02, 2.8800E+00, 1.3333E-01,
13:52:51.11991495, 8.0000E-02, 2.8533E+00,-2.6667E-01,
13:52:51.11991500, 5.3333E-02, 2.8933E+00, 1.3333E-01,
13:52:51.11991505, 6.6667E-02, 2.8800E+00,-1.3333E-01,
13:52:51.11991510, 6.6667E-02, 2.8933E+00, 1.3333E-01,
13:52:51.11991515, 9.3333E-02, 2.8800E+00, 1.3333E-01,
13:52:51.11991520, 8.0000E-02, 2.8933E+00, 0.0000E+00,
13:52:51.11991525, 9.3333E-02, 2.9200E+00, 1.3333E-01,
13:52:51.11991530, 8.0000E-02, 2.8533E+00,-1.3333E-01,
13:52:51.11991535, 1.0667E-01, 2.9067E+00, 2.6667E-01,
13:52:51.11991540, 9.3333E-02, 2.8667E+00,-1.3333E-01,
13:52:51.11991545, 1.0667E-01, 2.8800E+00, 1.3333E-01,
13:52:51.11991550, 9.3333E-02, 2.8933E+00,-1.3333E-01,
13:52:51.11991555, 6.6667E-02, 2.9200E+00, 2.6667E-01,
13:52:51.11991560, 8.0000E-02, 2.8800E+00,-1.3333E-01,
13:52:51.11991565, 9.3333E-02, 2.8800E+00, 1.3333E-01,
13:52:51.11991570, 6.6667E-02, 2.8667E+00, 1.3333E-01,
13:52:51.11991575, 8.0000E-02, 2.8667E+00, 1.3333E-01,
13:52:51.11991580, 8.0000E-02, 2.9067E+00, 0.0000E+00,
13:52:51.11991585, 6.6667E-02, 2.8800E+00, 4.0000E-01,
13:52:51.11991590, 1.0667E-01, 2.8933E+00, 2.6667E-01,
13:52:51.11991595, 8.0000E-02, 2.8800E+00, 2.6667E-01,
13:52:51.11991600, 8.0000E-02, 2.8933E+00, 0.0000E+00,
13:52:51.11991605, 5.3333E-02, 2.8800E+00,-2.6667E-01,
13:52:51.11991610, 8.0000E-02, 2.8933E+00, 0.0000E+00,
13:52:51.11991615, 6.6667E-02, 2.9067E+00, 0.0000E+00,
13:52:51.11991620, 8.0000E-02, 2.8933E+00, 0.0000E+00,
13:52:51.11991625, 8.0000E-02, 2.8933E+00,-1.3333E-01,
13:52:51.11991630, 8.0000E-02, 2.8800E+00, 2.6667E-01,
13:52:51.11991635, 8.0000E-02, 2.9067E+00, 2.6667E-01,
13:52:51.11991640, 8.0000E-02, 2.8667E+00, 6.6667E-01,
13:52:51.11991645, 6.6667E-02, 2.9067E+00, 4.0000E-01,
13:52:51.11991650, 6.6667E-02, 2.8800E+00, 0.0000E+00,
13:52:51.11991655, 8.0000E-02, 2.8800E+00, 1.3333E-01,
13:52:51.11991660, 8.0000E-02, 2.9200E+00, 1.3333E-01,
13:52:51.11991665, 8.0000E-02, 2.9200E+00, 2.6667E-01,
13:52:51.11991670, 5.3333E-02, 2.8800E+00,-2.6667E-01,
13:52:51.11991675, 9.3333E-02, 2.9067E+00, 0.0000E+00,
13:52:51.11991680, 8.0000E-02, 2.8533E+00, 0.0000E+00,
13:52:51.11991685, 9.3333E-02, 2.8800E+00, 0.0000E+00,
13:52:51.11991690, 6.6667E-02, 2.9067E+00, 1.3333E-01,
13:52:51.11991695, 5.3333E-02, 2.9067E+00, 2.6667E-01,
13:52:51.11991700, 5.3333E-02, 2.8800E+00, 2.6667E-01,
13:52:51.11991705, 1.0667E-01, 2.8800E+00, 0.0000E+00,
13:52:51.11991710, 8.0000E-02, 2.9067E+00, 0.0000E+00,
13:52:51.11991715, 8.0000E-02, 2.8933E+00, 0.0000E+00,
13:52:51.11991720, 6.6667E-02, 2.8933E+00, 2.6667E-01,
13:52:51.11991725, 1.0667E-01, 2.8667E+00, 0.0000E+00,
13:52:51.11991730, 6.6667E-02, 2.8800E+00, 0.0000E+00,
13:52:51.11991735, 8.0000E-02, 2.8533E+00, 1.3333E-01,
13:52:51.11991740, 6.6667E-02, 2.8800E+00, 1.3333E-01,
13:52:51.11991745, 5.3333E-02, 2.9067E+00, 2.6667E-01,
13:52:51.11991750, 8.0000E-02, 2.9067E+00, 1.3333E-01,
13:52:51.11991755, 8.0000E-02, 2.8933E+00, 1.3333E-01,
13:52:51.11991760, 8.0000E-02, 2.8667E+00,-1.3333E-01,
13:52:51.11991765, 9.3333E-02, 2.8667E+00, 4.0000E-01,
13:52:51.11991770, 9.3333E-02, 2.8800E+00, 2.6667E-01,
13:52:51.11991775, 8.0000E-02, 2.8933E+00, 0.0000E+00,
13:52:51.11991780, 8.0000E-02, 2.8667E+00, 0.0000E+00,
13:52:51.11991785, 8.0000E-02, 2.8533E+00, 2.6667E-01,
13:52:51.11991790, 6.6667E-02, 2.9067E+00, 2.6667E-01,
13:52:51.11991795, 8.0000E-02, 2.9200E+00, 2.6667E-01,
13:52:51.11991800, 5.3333E-02, 2.9200E+00, 1.3333E-01,
13:52:51.11991805, 8.0000E-02, 2.8800E+00, 1.3333E-01,
13:52:51.11991810, 8.0000E-02, 2.8667E+00, 4.0000E-01,
13:52:51.11991815, 8.0000E-02, 2.8800E+00, 2.6667E-01,
13:52:51.11991820, 8.0000E-02, 2.8800E+00, 1.3333E-01,
13:52:51.11991825, 8.0000E-02, 2.9067E+00, 1.3333E-01,
13:52:51.11991830, 8.0000E-02, 2.8800E+00, 1.3333E-01,
13:52:51.11991835, 4.0000E-02, 2.8800E+00, 1.3333E-01,
13:52:51.11991840, 5.3333E-02, 2.9067E+00, 2.6667E-01,
13:52:51.11991845, 5.3333E-02, 2.9067E+00,-1.3333E-01,
13:52:51.11991850, 8.0000E-02, 2.8933E+00, 0.0000E+00,
13:52:51.11991855, 5.3333E-02, 2.9067E+00,-1.3333E-01,
13:52:51.11991860, 8.0000E-02, 2.8933E+00, 0.0000E+00,
13:52:51.11991865, 8.0000E-02, 2.8933E+00, 2.6667E-01,
13:52:51.11991870, 8.0000E-02, 2.9333E+00, 2.6667E-01,
13:52:51.11991875, 8.0000E-02, 2.8667E+00, 0.0000E+00,
13:52:51.11991880, 9.3333E-02, 2.8933E+00, 2.6667E-01,
13:52:51.11991885, 5.3333E-02, 2.8667E+00,-4.0000E-01,
13:52:51.11991890, 6.6667E-02, 2.8933E+00, 1.3333E-01,
13:52:51.11991895, 6.6667E-02, 2.9333E+00, 0.0000E+00,
13:52:51.11991900, 8.0000E-02, 2.8667E+00, 2.6667E-01,
13:52:51.11991905, 8.0000E-02, 2.9200E+00, 0.0000E+00,
13:52:51.11991910, 8.0000E-02, 2.8667E+00, 4.0000E-01,
13:52:51.11991915, 6.6667E-02, 2.8933E+00, 0.0000E+00,
13:52:51.11991920, 6.6667E-02, 2.8667E+00,-1.3333E-01,
13:52:51.11991925, 8.0000E-02, 2.9067E+00,-2.6667E-01,
13:52:51.11991930, 9.3333E-02, 2.8800E+00,-1.3333E-01,
13:52:51.11991935, 4.0000E-02, 2.8933E+00, 2.6667E-01,
13:52:51.11991940, 8.0000E-02, 2.9067E+00, 1.3333E-01,
13:52:51.11991945, 8.0000E-02, 2.8800E+00, 1.3333E-01,
13:52:51.11991950, 8.0000E-02, 2.8800E+00, 2.6667E-01,
13:52:51.11991955, 5.3333E-02, 2.8933E+00, 0.0000E+00,
13:52:51.11991960, 4.0000E-02, 2.8800E+00, 0.0000E+00,
13:52:51.11991965, 9.3333E-02, 2.8800E+00, 0.0000E+00,
13:52:51.11991970, 8.0000E-02, 2.8667E+00, 0.0000E+00,
13:52:51.11991975, 8.0000E-02, 2.8800E+00, 4.0000E-01,
13:52:51.11991980, 6.6667E-02, 2.8933E+00, 2.6667E-01,
13:52:51.11991985, 5.3333E-02, 2.8933E+00, 2.6667E-01,
13:52:51.11991990, 5.3333E-02, 2.8933E+00,-1.3333E-01,
13:52:51.11991995, 8.0000E-02, 2.8933E+00, 0.0000E+00,
13:52:51.11992000, 5.3333E-02, 2.8667E+00,-1.3333E-01,
13:52:51.11992005, 6.6667E-02, 2.8667E+00, 0.0000E+00,
13:52:51.11992010, 5.3333E-02, 2.8667E+00, 4.0000E-01,
13:52:51.11992015, 9.3333E-02, 2.8800E+00,-1.3333E-01,
13:52:51.11992020, 6.6667E-02, 2.8800E+00, 0.0000E+00,
13:52:51.11992025, 8.0000E-02, 2.8800E+00, 2.6667E-01,
13:52:51.11992030, 8.0000E-02, 2.8800E+00, 1.3333E-01,
13:52:51.11992035, 4.0000E-02, 2.8667E+00, 2.6667E-01,
13:52:51.11992040, 8.0000E-02, 2.9067E+00,-1.3333E-01,
13:52:51.11992045, 8.0000E-02, 2.8933E+00, 1.3333E-01,
13:52:51.11992050, 8.0000E-02, 2.8933E+00, 0.0000E+00,
13:52:51.11992055, 8.0000E-02, 2.9067E+00, 1.3333E-01,
13:52:51.11992060, 8.0000E-02, 2.8800E+00, 0.0000E+00,
13:52:51.11992065, 8.0000E-02, 2.9200E+00, 1.3333E-01,
13:52:51.11992070, 4.0000E-02, 2.8800E+00, 2.6667E-01,
13:52:51.11992075, 6.6667E-02, 2.8800E+00, 1.3333E-01,
13:52:51.11992080, 8.0000E-02, 2.9067E+00, 1.3333E-01,
13:52:51.11992085, 8.0000E-02, 2.8800E+00,-1.3333E-01,
13:52:51.11992090, 8.0000E-02, 2.8800E+00, 2.6667E-01,
13:52:51.11992095, 1.0667E-01, 2.8933E+00,-1.3333E-01,
13:52:51.11992100, 8.0000E-02, 2.9067E+00,-1.3333E-01,
13:52:51.11992105, 5.3333E-02, 2.9067E+00, 0.0000E+00,
13:52:51.11992110, 6.6667E-02, 2.8800E+00, 1.3333E-01,
13:52:51.11992115, 8.0000E-02, 2.8800E+00, 0.0000E+00,
13:52:51.11992120, 8.0000E-02, 2.8667E+00, 0.0000E+00,
13:52:51.11992125, 5.3333E-02, 2.8800E+00, 2.6667E-01,
13:52:51.11992130, 4.0000E-02, 2.8667E+00,-2.6667E-01,
13:52:51.11992135, 4.0000E-02, 2.8800E+00, 0.0000E+00,
13:52:51.11992140, 9.3333E-02, 2.8800E+00,-1.3333E-01,
13:52:51.11992145, 5.3333E-02, 2.8800E+00, 1.3333E-01,
13:52:51.11992150, 6.6667E-02, 2.8667E+00,-1.3333E-01,
13:52:51.11992155, 6.6667E-02, 2.8800E+00,-2.6667E-01,
13:52:51.11992160, 6.6667E-02, 2.8800E+00, 0.0000E+00,
13:52:51.11992165, 6.6667E-02, 2.9067E+00,-1.3333E-01,
13:52:51.11992170, 8.0000E-02, 2.8933E+00, 4.0000E-01,
13:52:51.11992175, 5.3333E-02, 2.8800E+00, 0.0000E+00,
13:52:51.11992180, 5.3333E-02, 2.8800E+00,-1.3333E-01,
13:52:51.11992185, 6.6667E-02, 2.8800E+00,-1.3333E-01,
13:52:51.11992190, 2.6667E-02, 2.8667E+00, 1.3333E-01,
13:52:51.11992195, 8.0000E-02, 2.8800E+00,-1.3333E-01,
13:52:51.11992200, 8.0000E-02, 2.8933E+00,-2.6667E-01,
13:52:51.11992205, 5.3333E-02, 2.8800E+00, 1.3333E-01,
13:52:51.11992210, 6.6667E-02, 2.8933E+00,-1.3333E-01,
13:52:51.11992215, 6.6667E-02, 2.8800E+00,-1.3333E-01,
13:52:51.11992220, 8.0000E-02, 2.8667E+00, 4.0000E-01,
13:52:51.11992225, 2.6667E-02, 2.9067E+00,-2.6667E-01,
13:52:51.11992230, 5.3333E-02, 2.8800E+00, 0.0000E+00,
13:52:51.11992235, 6.6667E-02, 2.8800E+00, 0.0000E+00,
13:52:51.11992240, 8.0000E-02, 2.8933E+00,-1.3333E-01,
13:52:51.11992245, 6.6667E-02, 2.9067E+00, 1.3333E-01,
13:52:51.11992250, 8.0000E-02, 2.8933E+00,-4.0000E-01,
13:52:51.11992255, 6.6667E-02, 2.8800E+00, 2.6667E-01,
13:52:51.11992260, 8.0000E-02, 2.8533E+00, 1.3333E-01,
13:52:51.11992265, 6.6667E-02, 2.9067E+00, 1.3333E-01,
13:52:51.11992270, 6.6667E-02, 2.8933E+00, 1.3333E-01,
13:52:51.11992275, 9.3333E-02, 2.9200E+00, 2.6667E-01,
13:52:51.11992280, 5.3333E-02, 2.8933E+00, 0.0000E+00,
13:52:51.11992285, 4.0000E-02, 2.8800E+00, 0.0000E+00,
13:52:51.11992290, 8.0000E-02, 2.8800E+00,-2.6667E-01,
13:52:51.11992295, 6.6667E-02, 2.8933E+00, 4.0000E-01,
13:52:51.11992300, 8.0000E-02, 2.8800E+00, 2.6667E-01,
13:52:51.11992305, 6.6667E-02, 2.8933E+00, 1.3333E-01,
13:52:51.11992310, 1.3333E-02, 2.8533E+00, 0.0000E+00,
13:52:51.11992315, 4.0000E-02, 2.8800E+00, 2.6667E-01,
13:52:51.11992320, 9.3333E-02, 2.8667E+00,-1.3333E-01,
13:52:51.11992325, 4.0000E-02, 2.8800E+00, 2.6667E-01,
13:52:51.11992330, 2.6667E-02, 2.8800E+00,-2.6667E-01,
13:52:51.11992335, 6.6667E-02, 2.8800E+00, 0.0000E+00,
13:52:51.11992340, 4.0000E-02, 2.8667E+00,-2.6667E-01,
13:52:51.11992345, 6.6667E-02, 2.8800E+00,-1.3333E-01,
13:52:51.11992350, 9.3333E-02, 2.8533E+00,-1.3333E-01,
13:52:51.11992355, 5.3333E-02, 2.8800E+00, 1.3333E-01,
13:52:51.11992360, 4.0000E-02, 2.8933E+00,-2.6667E-01,
13:52:51.11992365, 8.0000E-02, 2.8800E+00, 0.0000E+00,
13:52:51.11992370, 5.3333E-02, 2.9067E+00, 0.0000E+00,
13:52:51.11992375, 4.0000E-02, 2.8800E+00, 0.0000E+00,
13:52:51.11992380, 6.6667E-02, 2.8933E+00, 1.3333E-01,
13:52:51.11992385, 8.0000E-02, 2.8533E+00, 0.0000E+00,
13:52:51.11992390, 6.6667E-02, 2.8933E+00,-1.3333E-01,
13:52:51.11992395, 8.0000E-02, 2.8933E+00, 4.0000E-01,
13:52:51.11992400, 8.0000E-02, 2.8533E+00,-2.6667E-01,
13:52:51.11992405, 6.6667E-02, 2.8667E+00,-1.3333E-01,
13:52:51.11992410, 8.0000E-02, 2.8800E+00,-1.3333E-01,
13:52:51.11992415, 2.6667E-02, 2.8800E+00, 2.6667E-01,
13:52:51.11992420, 4.0000E-02, 2.8533E+00, 2.6667E-01,
13:52:51.11992425, 4.0000E-02, 2.8533E+00, 0.0000E+00,
13:52:51.11992430, 8.0000E-02, 2.8667E+00,-2.6667E-01,
13:52:51.11992435, 8.0000E-02, 2.8533E+00,-1.3333E-01,
13:52:51.11992440, 8.0000E-02, 2.8800E+00,-1.3333E-01,
13:52:51.11992445, 4.0000E-02, 2.8800E+00, 2.6667E-01,
13:52:51.11992450, 6.6667E-02, 2.8933E+00,-2.6667E-01,
13:52:51.11992455, 2.6667E-02, 2.9067E+00, 2.6667E-01,
13:52:51.11992460, 5.3333E-02, 2.8933E+00,-2.6667E-01,
13:52:51.11992465, 2.6667E-02, 2.8933E+00, 2.6667E-01,
13:52:51.11992470, 4.0000E-02, 2.8800E+00,-1.3333E-01,
13:52:51.11992475, 6.6667E-02, 2.9067E+00, 0.0000E+00,
13:52:51.11992480, 4.0000E-02, 2.8667E+00, 1.3333E-01,
13:52:51.11992485, 9.3333E-02, 2.8933E+00, 0.0000E+00,
13:52:51.11992490, 6.6667E-02, 2.8533E+00,-4.0000E-01,
13:52:51.11992495, 8.0000E-02, 2.8533E+00, 1.3333E-01,
13:52:51.11992500, 8.0000E-02, 2.8533E+00, 1.3333E-01,
13:52:51.11992505, 6.6667E-02, 2.9067E+00, 0.0000E+00,
13:52:51.11992510, 8.0000E-02, 2.8933E+00, 1.3333E-01,
13:52:51.11992515, 6.6667E-02, 2.8933E+00, 4.0000E-01,
13:52:51.11992520, 6.6667E-02, 2.8667E+00, 0.0000E+00,
13:52:51.11992525, 6.6667E-02, 2.8800E+00,-1.3333E-01,
13:52:51.11992530, 8.0000E-02, 2.8667E+00, 0.0000E+00,
13:52:51.11992535, 8.0000E-02, 2.8667E+00,-1.3333E-01,
13:52:51.11992540, 8.0000E-02, 2.8667E+00, 0.0000E+00,
13:52:51.11992545, 8.0000E-02, 2.8800E+00, 4.0000E-01,
13:52:51.11992550, 5.3333E-02, 2.8800E+00, 1.3333E-01,
13:52:51.11992555, 6.6667E-02, 2.8667E+00, 2.6667E-01,
13:52:51.11992560, 2.6667E-02, 2.8667E+00, 1.3333E-01,
13:52:51.11992565, 5.3333E-02, 2.8533E+00, 1.3333E-01,
13:52:51.11992570, 6.6667E-02, 2.8667E+00, 1.3333E-01,
13:52:51.11992575, 6.6667E-02, 2.8800E+00,-2.6667E-01,
13:52:51.11992580, 5.3333E-02, 2.8667E+00, 2.6667E-01,
13:52:51.11992585, 6.6667E-02, 2.8800E+00, 0.0000E+00,
13:52:51.11992590, 6.6667E-02, 2.8533E+00,-1.3333E-01,
13:52:51.11992595, 5.3333E-02, 2.8800E+00, 2.6667E-01,
13:52:51.11992600, 8.0000E-02, 2.8933E+00, 1.3333E-01,
13:52:51.11992605, 6.6667E-02, 2.8800E+00, 0.0000E+00,
13:52:51.11992610, 4.0000E-02, 2.8533E+00, 2.6667E-01,
13:52:51.11992615, 5.3333E-02, 2.8800E+00, 1.3333E-01,
13:52:51.11992620, 6.6667E-02, 2.8667E+00, 1.3333E-01,
13:52:51.11992625, 6.6667E-02, 2.8533E+00, 0.0000E+00,
13:52:51.11992630, 5.3333E-02, 2.8667E+00,-2.6667E-01,
13:52:51.11992635, 6.6667E-02, 2.8667E+00,-2.6667E-01,
13:52:51.11992640, 6.6667E-02, 2.8800E+00,-2.6667E-01,
13:52:51.11992645, 5.3333E-02, 2.9067E+00, 0.0000E+00,
13:52:51.11992650, 5.3333E-02, 2.8800E+00, 0.0000E+00,
13:52:51.11992655, 6.6667E-02, 2.8667E+00, 1.3333E-01,
13:52:51.11992660, 4.0000E-02, 2.8667E+00,-1.3333E-01,
13:52:51.11992665, 6.6667E-02, 2.8933E+00, 0.0000E+00,
13:52:51.11992670, 8.0000E-02, 2.8667E+00, 1.3333E-01,
13:52:51.11992675, 5.3333E-02, 2.8800E+00,-1.3333E-01,
13:52:51.11992680, 6.6667E-02, 2.9067E+00, 1.3333E-01,
13:52:51.11992685, 5.3333E-02, 2.8533E+00,-1.3333E-01,
13:52:51.11992690, 5.3333E-02, 2.9067E+00, 1.3333E-01,
13:52:51.11992695, 6.6667E-02, 2.9333E+00,-2.6667E-01,
13:52:51.11992700, 5.3333E-02, 2.8667E+00, 0.0000E+00,
13:52:51.11992705, 4.0000E-02, 2.9067E+00, 0.0000E+00,
13:52:51.11992710, 6.6667E-02, 2.8533E+00,-4.0000E-01,
13:52:51.11992715, 6.6667E-02, 2.8667E+00, 1.3333E-01,
13:52:51.11992720, 5.3333E-02, 2.8667E+00, 1.3333E-01,
13:52:51.11992725, 6.6667E-02, 2.8533E+00,-1.3333E-01,
13:52:51.11992730, 5.3333E-02, 2.8533E+00, 0.0000E+00,
13:52:51.11992735, 8.0000E-02, 2.9067E+00,-5.3333E-01,
13:52:51.11992740, 5.3333E-02, 2.8933E+00,-1.3333E-01,
13:52:51.11992745, 6.6667E-02, 2.8800E+00,-1.3333E-01,
13:52:51.11992750, 6.6667E-02, 2.8533E+00,-2.6667E-01,
13:52:51.11992755, 4.0000E-02, 2.8533E+00, 1.3333E-01,
13:52:51.11992760, 8.0000E-02, 2.8667E+00, 0.0000E+00,
13:52:51.11992765, 4.0000E-02, 2.8933E+00, 0.0000E+00,
13:52:51.11992770, 4.0000E-02, 2.8533E+00, 0.0000E+00,
13:52:51.11992775, 8.0000E-02, 2.8800E+00, 0.0000E+00,
13:52:51.11992780, 6.6667E-02, 2.8800E+00,-1.3333E-01,
13:52:51.11992785, 4.0000E-02, 2.8800E+00, 0.0000E+00,
13:52:51.11992790, 5.3333E-02, 2.8933E+00, 1.3333E-01,
13:52:51.11992795, 4.0000E-02, 2.9067E+00, 1.3333E-01,
13:52:51.11992800, 1.3333E-02, 2.8933E+00, 2.6667E-01,
13:52:51.11992805, 6.6667E-02, 2.8533E+00, 2.6667E-01,
13:52:51.11992810, 8.0000E-02, 2.8267E+00,-1.3333E-01,
13:52:51.11992815, 8.0000E-02, 2.8667E+00, 2.6667E-01,
13:52:51.11992820, 5.3333E-02, 2.9067E+00, 2.6667E-01,
13:52:51.11992825, 6.6667E-02, 2.8667E+00,-1.3333E-01,
13:52:51.11992830, 8.0000E-02, 2.9067E+00,-1.3333E-01,
13:52:51.11992835, 4.0000E-02, 2.8933E+00,-2.6667E-01,
13:52:51.11992840, 6.6667E-02, 2.8667E+00, 0.0000E+00,
13:52:51.11992845, 6.6667E-02, 2.8667E+00, 1.3333E-01,
13:52:51.11992850, 6.6667E-02, 2.8933E+00, 0.0000E+00,
13:52:51.11992855, 8.0000E-02, 2.8667E+00, 1.3333E-01,
13:52:51.11992860, 6.6667E-02, 2.9067E+00, 4.0000E-01,
13:52:51.11992865, 6.6667E-02, 2.8667E+00, 2.6667E-01,
13:52:51.11992870, 6.6667E-02, 2.8933E+00,-1.3333E-01,
13:52:51.11992875, 8.0000E-02, 2.8933E+00, 0.0000E+00,
13:52:51.11992880, 8.0000E-02, 2.8667E+00,-1.3333E-01,
13:52:51.11992885, 5.3333E-02, 2.9200E+00,-1.3333E-01,
13:52:51.11992890, 4.0000E-02, 2.8933E+00, 1.3333E-01,
13:52:51.11992895, 6.6667E-02, 2.8933E+00, 0.0000E+00,
13:52:51.11992900, 4.0000E-02, 2.8800E+00, 0.0000E+00,
13:52:51.11992905, 8.0000E-02, 2.8667E+00, 0.0000E+00,
13:52:51.11992910, 5.3333E-02, 2.8800E+00,-1.3333E-01,
13:52:51.11992915, 2.6667E-02, 2.8933E+00, 4.0000E-01,
13:52:51.11992920, 8.0000E-02, 2.9067E+00, 0.0000E+00,
13:52:51.11992925, 8.0000E-02, 2.8667E+00, 1.3333E-01,
13:52:51.11992930, 8.0000E-02, 2.8800E+00, 0.0000E+00,
13:52:51.11992935, 8.0000E-02, 2.8800E+00,-1.3333E-01,
13:52:51.11992940, 2.6667E-02, 2.9067E+00,-2.6667E-01,
13:52:51.11992945, 5.3333E-02, 2.8667E+00, 2.6667E-01,
13:52:51.11992950, 2.6667E-02, 2.8400E+00, 4.0000E-01,
13:52:51.11992955, 8.0000E-02, 2.8667E+00, 2.6667E-01,
13:52:51.11992960, 4.0000E-02, 2.8800E+00, 2.6667E-01,
13:52:51.11992965, 6.6667E-02, 2.9067E+00, 2.6667E-01,
13:52:51.11992970, 6.6667E-02, 2.8800E+00,-1.3333E-01,
13:52:51.11992975, 4.0000E-02, 2.8533E+00, 0.0000E+00,
13:52:51.11992980, 5.3333E-02, 2.8933E+00,-2.6667E-01,
13:52:51.11992985, 5.3333E-02, 2.8800E+00, 1.3333E-01,
13:52:51.11992990, 6.6667E-02, 2.8800E+00, 1.3333E-01,
13:52:51.11992995, 4.0000E-02, 2.8667E+00, 1.3333E-01,
13:52:51.11993000, 8.0000E-02, 2.8533E+00, 1.3333E-01,
13:52:51.11993005, 4.0000E-02, 2.8800E+00, 4.0000E-01,
13:52:51.11993010, 6.6667E-02, 2.8667E+00, 0.0000E+00,
13:52:51.11993015, 6.6667E-02, 2.8800E+00, 0.0000E+00,
13:52:51.11993020, 5.3333E-02, 2.8400E+00, 2.6667E-01,
13:52:51.11993025, 4.0000E-02, 2.8933E+00, 0.0000E+00,
13:52:51.11993030, 6.6667E-02, 2.8800E+00, 0.0000E+00,
13:52:51.11993035, 2.6667E-02, 2.8800E+00, 1.3333E-01,
13:52:51.11993040, 4.0000E-02, 2.8933E+00, 0.0000E+00,
13:52:51.11993045, 4.0000E-02, 2.9067E+00, 2.6667E-01,
13:52:51.11993050, 5.3333E-02, 2.8533E+00, 2.6667E-01,
13:52:51.11993055, 6.6667E-02, 2.8533E+00, 1.3333E-01,
13:52:51.11993060, 4.0000E-02, 2.8800E+00, 0.0000E+00,
13:52:51.11993065, 8.0000E-02, 2.8933E+00,-1.3333E-01,
13:52:51.11993070, 5.3333E-02, 2.8667E+00, 1.3333E-01,
13:52:51.11993075, 5.3333E-02, 2.8800E+00, 1.3333E-01,
13:52:51.11993080, 8.0000E-02, 2.8400E+00, 0.0000E+00,
13:52:51.11993085, 6.6667E-02, 2.8533E+00, 1.3333E-01,
13:52:51.11993090, 2.6667E-02, 2.8800E+00, 1.3333E-01,
13:52:51.11993095, 6.6667E-02, 2.8933E+00, 2.6667E-01,
13:52:51.11993100, 8.0000E-02, 2.8533E+00, 0.0000E+00,
13:52:51.11993105, 6.6667E-02, 2.8667E+00, 1.3333E-01,
13:52:51.11993110, 6.6667E-02, 2.8667E+00, 0.0000E+00,
13:52:51.11993115, 8.0000E-02, 2.9067E+00, 2.6667E-01,
13:52:51.11993120, 5.3333E-02, 2.8667E+00, 1.3333E-01,
13:52:51.11993125, 5.3333E-02, 2.8667E+00, 1.3333E-01,
13:52:51.11993130, 5.3333E-02, 2.8800E+00, 2.6667E-01,
13:52:51.11993135, 4.0000E-02, 2.8800E+00, 1.3333E-01,
13:52:51.11993140, 2.6667E-02, 2.9200E+00, 1.3333E-01,
13:52:51.11993145, 4.0000E-02, 2.8800E+00, 0.0000E+00,
13:52:51.11993150, 4.0000E-02, 2.8800E+00, 4.0000E-01,
13:52:51.11993155, 6.6667E-02, 2.8667E+00, 1.3333E-01,
13:52:51.11993160, 6.6667E-02, 2.8533E+00, 0.0000E+00,
13:52:51.11993165, 2.6667E-02, 2.9067E+00,-2.6667E-01,
13:52:51.11993170, 6.6667E-02, 2.8667E+00, 1.3333E-01,
13:52:51.11993175, 4.0000E-02, 2.8400E+00, 2.6667E-01,
13:52:51.11993180, 6.6667E-02, 2.8533E+00, 0.0000E+00,
13:52:51.11993185, 2.6667E-02, 2.8667E+00, 0.0000E+00,
13:52:51.11993190, 6.6667E-02, 2.8800E+00, 0.0000E+00,
13:52:51.11993195, 5.3333E-02, 2.8667E+00, 2.6667E-01,
13:52:51.11993200, 4.0000E-02, 2.8667E+00, 2.6667E-01,
13:52:51.11993205, 6.6667E-02, 2.8800E+00, 4.0000E-01,
13:52:51.11993210, 8.0000E-02, 2.8800E+00, 0.0000E+00,
13:52:51.11993215, 6.6667E-02, 2.8933E+00,-2.6667E-01,
13:52:51.11993220, 5.3333E-02, 2.9067E+00, 1.3333E-01,
13:52:51.11993225, 5.3333E-02, 2.8667E+00, 1.3333E-01,
13:52:51.11993230, 4.0000E-02, 2.8800E+00, 1.3333E-01,
13:52:51.11993235, 5.3333E-02, 2.8933E+00, 1.3333E-01,
13:52:51.11993240, 8.0000E-02, 2.8667E+00, 2.6667E-01,
13:52:51.11993245, 6.6667E-02, 2.8800E+00, 1.3333E-01,
13:52:51.11993250, 6.6667E-02, 2.8800E+00, 4.0000E-01,
13:52:51.11993255, 5.3333E-02, 2.8800E+00, 0.0000E+00,
13:52:51.11993260, 6.6667E-02, 2.9200E+00, 0.0000E+00,
13:52:51.11993265, 4.0000E-02, 2.8800E+00,-2.6667E-01,
13:52:51.11993270, 5.3333E-02, 2.8667E+00, 0.0000E+00,
13:52:51.11993275, 1.3333E-02, 2.8800E+00, 2.6667E-01,
13:52:51.11993280, 2.6667E-02, 2.8667E+00, 0.0000E+00,
13:52:51.11993285, 2.6667E-02, 2.8667E+00, 5.3333E-01,
13:52:51.11993290, 4.0000E-02, 2.8933E+00, 5.3333E-01,
13:52:51.11993295, 6.6667E-02, 2.8400E+00, 4.0000E-01,
13:52:51.11993300, 4.0000E-02, 2.8533E+00, 4.0000E-01,
13:52:51.11993305, 4.0000E-02, 2.8933E+00, 2.6667E-01,
13:52:51.11993310, 8.0000E-02, 2.8667E+00, 1.3333E-01,
13:52:51.11993315, 5.3333E-02, 2.8800E+00,-1.3333E-01,
13:52:51.11993320, 5.3333E-02, 2.9067E+00, 4.0000E-01,
13:52:51.11993325, 5.3333E-02, 2.8800E+00, 2.6667E-01,
13:52:51.11993330, 4.0000E-02, 2.8667E+00, 4.0000E-01,
13:52:51.11993335, 4.0000E-02, 2.9067E+00, 2.6667E-01,
13:52:51.11993340, 6.6667E-02, 2.8667E+00, 6.6667E-01,
13:52:51.11993345, 5.3333E-02, 2.8533E+00, 4.0000E-01,
13:52:51.11993350, 6.6667E-02, 2.8933E+00, 1.3333E-01,
13:52:51.11993355, 6.6667E-02, 2.8667E+00, 2.6667E-01,
13:52:51.11993360, 8.0000E-02, 2.8533E+00, 0.0000E+00,
13:52:51.11993365, 6.6667E-02, 2.8533E+00, 2.6667E-01,
13:52:51.11993370, 5.3333E-02, 2.8800E+00, 1.3333E-01,
13:52:51.11993375, 2.6667E-02, 2.8800E+00, 2.6667E-01,
13:52:51.11993380, 2.6667E-02, 2.8667E+00, 4.0000E-01,
13:52:51.11993385, 5.3333E-02, 2.8667E+00, 1.3333E-01,
13:52:51.11993390, 5.3333E-02, 2.8933E+00,-1.3333E-01,
13:52:51.11993395, 6.6667E-02, 2.9067E+00, 1.3333E-01,
13:52:51.11993400, 6.6667E-02, 2.8800E+00,-1.3333E-01,
13:52:51.11993405, 6.6667E-02, 2.9200E+00, 0.0000E+00,
13:52:51.11993410, 6.6667E-02, 2.8533E+00, 0.0000E+00,
13:52:51.11993415, 4.0000E-02, 2.8267E+00, 4.0000E-01,
13:52:51.11993420, 0.0000E+00, 2.8533E+00, 1.3333E-01,
13:52:51.11993425, 2.6667E-02, 2.8667E+00, 1.3333E-01,
13:52:51.11993430, 4.0000E-02, 2.8533E+00, 4.0000E-01,
13:52:51.11993435, 1.3333E-02, 2.8267E+00, 2.6667E-01,
13:52:51.11993440, 5.3333E-02, 2.8667E+00, 1.3333E-01,
13:52:51.11993445, 5.3333E-02, 2.8533E+00, 2.6667E-01,
13:52:51.11993450, 6.6667E-02, 2.8800E+00, 4.0000E-01,
13:52:51.11993455, 6.6667E-02, 2.9067E+00, 1.3333E-01,
13:52:51.11993460, 4.0000E-02, 2.8400E+00, 2.6667E-01,
13:52:51.11993465, 4.0000E-02, 2.8800E+00, 4.0000E-01,
13:52:51.11993470, 5.3333E-02, 2.8933E+00, 1.3333E-01,
13:52:51.11993475, 2.6667E-02, 2.8800E+00, 2.6667E-01,
13:52:51.11993480, 2.6667E-02, 2.8800E+00, 1.3333E-01,
13:52:51.11993485, 5.3333E-02, 2.8933E+00, 1.3333E-01,
13:52:51.11993490, 5.3333E-02, 2.8667E+00, 4.0000E-01,
13:52:51.11993495, 8.0000E-02, 2.8933E+00, 5.3333E-01,
13:52:51.11993500, 8.0000E-02, 2.8667E+00, 4.0000E-01,
13:52:51.11993505, 5.3333E-02, 2.8800E+00, 2.6667E-01,
13:52:51.11993510, 6.6667E-02, 2.8933E+00, 2.6667E-01,
13:52:51.11993515, 5.3333E-02, 2.8800E+00,-1.3333E-01,
13:52:51.11993520, 1.3333E-02, 2.8800E+00, 4.0000E-01,
13:52:51.11993525, 1.3333E-02, 2.8933E+00, 1.3333E-01,
13:52:51.11993530, 5.3333E-02, 2.8933E+00, 1.3333E-01,
13:52:51.11993535, 4.0000E-02, 2.8800E+00, 2.6667E-01,
13:52:51.11993540, 4.0000E-02, 2.8667E+00, 2.6667E-01,
13:52:51.11993545, 1.3333E-02, 2.8933E+00, 2.6667E-01,
13:52:51.11993550, 4.0000E-02, 2.9067E+00, 4.0000E-01,
13:52:51.11993555, 6.6667E-02, 2.8533E+00, 1.3333E-01,
13:52:51.11993560, 4.0000E-02, 2.8533E+00,-1.3333E-01,
13:52:51.11993565, 0.0000E+00, 2.8667E+00, 2.6667E-01,
13:52:51.11993570, 2.6667E-02, 2.8800E+00, 0.0000E+00,
13:52:51.11993575, 6.6667E-02, 2.8800E+00, 0.0000E+00,
13:52:51.11993580, 5.3333E-02, 2.8800E+00, 2.6667E-01,
13:52:51.11993585, 5.3333E-02, 2.8800E+00, 5.3333E-01,
13:52:51.11993590, 5.3333E-02, 2.8667E+00,-1.3333E-01,
13:52:51.11993595, 8.0000E-02, 2.8533E+00, 5.3333E-01,
13:52:51.11993600, 5.3333E-02, 2.8667E+00, 2.6667E-01,
13:52:51.11993605, 5.3333E-02, 2.8533E+00, 1.3333E-01,
13:52:51.11993610, 2.6667E-02, 2.8800E+00, 1.3333E-01,
13:52:51.11993615, 4.0000E-02, 2.8533E+00, 1.3333E-01,
13:52:51.11993620, 4.0000E-02, 2.8933E+00, 4.0000E-01,
13:52:51.11993625, 2.6667E-02, 2.9067E+00, 2.6667E-01,
13:52:51.11993630, 4.0000E-02, 2.8933E+00, 4.0000E-01,
13:52:51.11993635, 5.3333E-02, 2.8933E+00, 1.3333E-01,
13:52:51.11993640, 5.3333E-02, 2.8667E+00, 2.6667E-01,
13:52:51.11993645, 4.0000E-02, 2.8667E+00,-1.3333E-01,
13:52:51.11993650, 6.6667E-02, 2.8533E+00, 1.3333E-01,
13:52:51.11993655, 4.0000E-02, 2.8667E+00, 0.0000E+00,
13:52:51.11993660, 6.6667E-02, 2.8933E+00, 2.6667E-01,
13:52:51.11993665, 1.3333E-02, 2.8667E+00, 0.0000E+00,
13:52:51.11993670, 2.6667E-02, 2.8800E+00, 0.0000E+00,
13:52:51.11993675, 4.0000E-02, 2.8800E+00, 1.3333E-01,
13:52:51.11993680, 5.3333E-02, 2.8800E+00, 4.0000E-01,
13:52:51.11993685, 4.0000E-02, 2.8667E+00, 5.3333E-01,
13:52:51.11993690, 6.6667E-02, 2.8800E+00, 1.3333E-01,
