"Header Size"           ,15              
"Model Name"            ,"DL850EV       "
"Comment"               ,"                         "
"BlockNumber"           ,1               
"TraceName"             ,"Vgate         ","Vds           ","Id            "
"BlockSize"             ,4004            ,4004            ,4004            
"VUnit"                 ,"V             ","V             ","A             "
"SampleRate"            ,20000000.000000 ,20000000.000000 ,20000000.000000 
"HResolution"           ,5.000000e-08    ,5.000000e-08    ,5.000000e-08    
"HOffset"               ,-6.000000e-05   ,-6.000000e-05   ,-6.000000e-05   
"HUnit"                 ,"s             ","s             ","s             "
"DisplayPointNo."       ,1               ,1               ,1               
"PhaseShift"            ,1               ,1               ,1               
"Date"                  ,"2026/05/15    ","2026/05/15    ","2026/05/15    "
"Time"                  ,"15:25:03.66375823","15:25:03.66375823","15:25:03.66375823"

15:25:03.66369823, 3.3333E-02, 7.3333E-01, 1.4667E+00,
15:25:03.66369828, 0.0000E+00, 8.0000E-01, 1.6000E+00,
15:25:03.66369833,-3.3333E-02, 7.3333E-01, 1.4667E+00,
15:25:03.66369838, 3.3333E-02, 7.3333E-01, 1.3333E+00,
15:25:03.66369843, 0.0000E+00, 6.6667E-01, 1.2000E+00,
15:25:03.66369848, 3.3333E-02, 7.3333E-01, 1.4667E+00,
15:25:03.66369853, 0.0000E+00, 7.3333E-01, 1.3333E+00,
15:25:03.66369858, 6.6667E-02, 8.6667E-01, 1.6000E+00,
15:25:03.66369863, 0.0000E+00, 8.6667E-01, 1.6000E+00,
15:25:03.66369868, 0.0000E+00, 7.3333E-01, 1.3333E+00,
15:25:03.66369873,-6.6667E-02, 6.6667E-01, 1.3333E+00,
15:25:03.66369878, 3.3333E-02, 8.6667E-01, 1.6000E+00,
15:25:03.66369883, 3.3333E-02, 8.0000E-01, 1.4667E+00,
15:25:03.66369888, 0.0000E+00, 7.3333E-01, 1.2000E+00,
15:25:03.66369893, 3.3333E-02, 8.6667E-01, 1.4667E+00,
15:25:03.66369898,-3.3333E-02, 8.6667E-01, 1.3333E+00,
15:25:03.66369903,-3.3333E-02, 7.3333E-01, 1.6000E+00,
15:25:03.66369908, 0.0000E+00, 8.0000E-01, 1.3333E+00,
15:25:03.66369913, 0.0000E+00, 8.6667E-01, 1.3333E+00,
15:25:03.66369918, 0.0000E+00, 6.0000E-01, 1.6000E+00,
15:25:03.66369923, 6.6667E-02, 7.3333E-01, 1.3333E+00,
15:25:03.66369928, 0.0000E+00, 8.0000E-01, 1.3333E+00,
15:25:03.66369933, 3.3333E-02, 7.3333E-01, 1.3333E+00,
15:25:03.66369938, 0.0000E+00, 6.6667E-01, 1.3333E+00,
15:25:03.66369943, 0.0000E+00, 7.3333E-01, 1.2000E+00,
15:25:03.66369948, 3.3333E-02, 9.3333E-01, 1.2000E+00,
15:25:03.66369953, 3.3333E-02, 9.3333E-01, 1.3333E+00,
15:25:03.66369958,-6.6667E-02, 7.3333E-01, 1.3333E+00,
15:25:03.66369963, 3.3333E-02, 8.0000E-01, 1.4667E+00,
15:25:03.66369968,-6.6667E-02, 8.6667E-01, 1.3333E+00,
15:25:03.66369973,-6.6667E-02, 6.6667E-01, 1.4667E+00,
15:25:03.66369978, 3.3333E-02, 8.6667E-01, 1.6000E+00,
15:25:03.66369983, 6.6667E-02, 6.0000E-01, 1.4667E+00,
15:25:03.66369988, 0.0000E+00, 8.0000E-01, 1.3333E+00,
15:25:03.66369993,-3.3333E-02, 8.6667E-01, 1.4667E+00,
15:25:03.66369998, 3.3333E-02, 7.3333E-01, 1.4667E+00,
15:25:03.66370003, 1.0000E-01, 8.0000E-01, 1.3333E+00,
15:25:03.66370008, 0.0000E+00, 9.3333E-01, 1.3333E+00,
15:25:03.66370013, 3.3333E-02, 8.0000E-01, 1.3333E+00,
15:25:03.66370018, 3.3333E-02, 8.6667E-01, 1.6000E+00,
15:25:03.66370023, 3.3333E-02, 8.0000E-01, 1.4667E+00,
15:25:03.66370028,-6.6667E-02, 8.0000E-01, 1.4667E+00,
15:25:03.66370033, 6.6667E-02, 8.6667E-01, 1.6000E+00,
15:25:03.66370038, 6.6667E-02, 8.6667E-01, 1.0667E+00,
15:25:03.66370043, 0.0000E+00, 8.0000E-01, 1.3333E+00,
15:25:03.66370048, 3.3333E-02, 6.6667E-01, 1.3333E+00,
15:25:03.66370053,-3.3333E-02, 8.6667E-01, 1.4667E+00,
15:25:03.66370058, 3.3333E-02, 8.0000E-01, 1.6000E+00,
15:25:03.66370063, 3.3333E-02, 8.6667E-01, 1.3333E+00,
15:25:03.66370068, 1.0000E-01, 7.3333E-01, 1.7333E+00,
15:25:03.66370073, 0.0000E+00, 8.0000E-01, 1.6000E+00,
15:25:03.66370078, 0.0000E+00, 7.3333E-01, 1.3333E+00,
15:25:03.66370083,-3.3333E-02, 7.3333E-01, 1.3333E+00,
15:25:03.66370088, 3.3333E-02, 8.6667E-01, 1.2000E+00,
15:25:03.66370093, 3.3333E-02, 1.0000E+00, 1.3333E+00,
15:25:03.66370098, 3.3333E-02, 7.3333E-01, 1.4667E+00,
15:25:03.66370103, 6.6667E-02, 8.0000E-01, 1.7333E+00,
15:25:03.66370108, 0.0000E+00, 7.3333E-01, 1.3333E+00,
15:25:03.66370113, 3.3333E-02, 8.0000E-01, 1.4667E+00,
15:25:03.66370118,-3.3333E-02, 9.3333E-01, 1.4667E+00,
15:25:03.66370123, 0.0000E+00, 8.6667E-01, 1.6000E+00,
15:25:03.66370128, 1.0000E-01, 8.0000E-01, 1.4667E+00,
15:25:03.66370133, 3.3333E-02, 6.6667E-01, 1.0667E+00,
15:25:03.66370138, 3.3333E-02, 8.0000E-01, 1.2000E+00,
15:25:03.66370143, 1.3333E-01, 7.3333E-01, 1.6000E+00,
15:25:03.66370148, 0.0000E+00, 8.0000E-01, 1.4667E+00,
15:25:03.66370153,-6.6667E-02, 7.3333E-01, 1.6000E+00,
15:25:03.66370158, 0.0000E+00, 8.0000E-01, 1.0667E+00,
15:25:03.66370163, 0.0000E+00, 7.3333E-01, 1.2000E+00,
15:25:03.66370168, 3.3333E-02, 8.0000E-01, 1.6000E+00,
15:25:03.66370173, 6.6667E-02, 7.3333E-01, 1.7333E+00,
15:25:03.66370178, 0.0000E+00, 6.6667E-01, 1.4667E+00,
15:25:03.66370183, 0.0000E+00, 8.6667E-01, 1.3333E+00,
15:25:03.66370188, 3.3333E-02, 8.0000E-01, 1.2000E+00,
15:25:03.66370193, 3.3333E-02, 6.6667E-01, 1.7333E+00,
15:25:03.66370198,-3.3333E-02, 8.6667E-01, 1.3333E+00,
15:25:03.66370203,-3.3333E-02, 8.0000E-01, 1.4667E+00,
15:25:03.66370208, 3.3333E-02, 7.3333E-01, 9.3333E-01,
15:25:03.66370213, 3.3333E-02, 8.0000E-01, 1.0667E+00,
15:25:03.66370218,-3.3333E-02, 7.3333E-01, 1.3333E+00,
15:25:03.66370223, 0.0000E+00, 9.3333E-01, 1.2000E+00,
15:25:03.66370228,-3.3333E-02, 7.3333E-01, 1.4667E+00,
15:25:03.66370233,-3.3333E-02, 6.6667E-01, 1.3333E+00,
15:25:03.66370238,-3.3333E-02, 6.6667E-01, 1.3333E+00,
15:25:03.66370243, 3.3333E-02, 7.3333E-01, 1.2000E+00,
15:25:03.66370248,-3.3333E-02, 8.6667E-01, 1.3333E+00,
15:25:03.66370253, 0.0000E+00, 8.6667E-01, 1.7333E+00,
15:25:03.66370258, 0.0000E+00, 8.0000E-01, 1.4667E+00,
15:25:03.66370263, 6.6667E-02, 6.6667E-01, 1.7333E+00,
15:25:03.66370268, 6.6667E-02, 8.0000E-01, 1.2000E+00,
15:25:03.66370273,-6.6667E-02, 6.6667E-01, 1.3333E+00,
15:25:03.66370278, 0.0000E+00, 8.6667E-01, 1.6000E+00,
15:25:03.66370283, 1.3333E-01, 8.0000E-01, 1.4667E+00,
15:25:03.66370288,-3.3333E-02, 7.3333E-01, 1.4667E+00,
15:25:03.66370293,-3.3333E-02, 8.0000E-01, 1.3333E+00,
15:25:03.66370298,-3.3333E-02, 8.0000E-01, 1.0667E+00,
15:25:03.66370303, 0.0000E+00, 7.3333E-01, 1.4667E+00,
15:25:03.66370308, 3.3333E-02, 8.6667E-01, 1.6000E+00,
15:25:03.66370313, 3.3333E-02, 8.0000E-01, 1.6000E+00,
15:25:03.66370318, 6.6667E-02, 7.3333E-01, 1.4667E+00,
15:25:03.66370323,-3.3333E-02, 7.3333E-01, 1.3333E+00,
15:25:03.66370328, 0.0000E+00, 8.0000E-01, 1.0667E+00,
15:25:03.66370333,-6.6667E-02, 9.3333E-01, 1.3333E+00,
15:25:03.66370338, 3.3333E-02, 8.6667E-01, 1.2000E+00,
15:25:03.66370343,-3.3333E-02, 6.6667E-01, 1.6000E+00,
15:25:03.66370348, 6.6667E-02, 7.3333E-01, 1.6000E+00,
15:25:03.66370353, 3.3333E-02, 7.3333E-01, 1.3333E+00,
15:25:03.66370358,-6.6667E-02, 7.3333E-01, 1.4667E+00,
15:25:03.66370363, 0.0000E+00, 8.0000E-01, 1.4667E+00,
15:25:03.66370368, 0.0000E+00, 8.6667E-01, 1.4667E+00,
15:25:03.66370373, 1.0000E-01, 7.3333E-01, 1.4667E+00,
15:25:03.66370378, 3.3333E-02, 8.0000E-01, 1.3333E+00,
15:25:03.66370383, 3.3333E-02, 8.0000E-01, 1.4667E+00,
15:25:03.66370388, 0.0000E+00, 8.0000E-01, 1.2000E+00,
15:25:03.66370393, 3.3333E-02, 8.0000E-01, 1.7333E+00,
15:25:03.66370398,-6.6667E-02, 8.0000E-01, 1.3333E+00,
15:25:03.66370403, 3.3333E-02, 8.6667E-01, 1.4667E+00,
15:25:03.66370408,-6.6667E-02, 8.6667E-01, 1.3333E+00,
15:25:03.66370413, 3.3333E-02, 6.0000E-01, 1.2000E+00,
15:25:03.66370418, 3.3333E-02, 9.3333E-01, 1.3333E+00,
15:25:03.66370423,-3.3333E-02, 8.0000E-01, 1.3333E+00,
15:25:03.66370428, 3.3333E-02, 8.6667E-01, 1.3333E+00,
15:25:03.66370433, 0.0000E+00, 8.0000E-01, 1.3333E+00,
15:25:03.66370438, 0.0000E+00, 6.0000E-01, 1.4667E+00,
15:25:03.66370443, 3.3333E-02, 7.3333E-01, 1.3333E+00,
15:25:03.66370448,-3.3333E-02, 8.0000E-01, 1.2000E+00,
15:25:03.66370453, 0.0000E+00, 6.6667E-01, 8.0000E-01,
15:25:03.66370458, 0.0000E+00, 7.3333E-01, 1.6000E+00,
15:25:03.66370463,-3.3333E-02, 7.3333E-01, 1.2000E+00,
15:25:03.66370468, 0.0000E+00, 8.6667E-01, 1.6000E+00,
15:25:03.66370473, 0.0000E+00, 8.0000E-01, 1.0667E+00,
15:25:03.66370478, 0.0000E+00, 8.6667E-01, 1.3333E+00,
15:25:03.66370483,-3.3333E-02, 8.0000E-01, 1.0667E+00,
15:25:03.66370488, 0.0000E+00, 8.0000E-01, 1.6000E+00,
15:25:03.66370493,-3.3333E-02, 7.3333E-01, 1.4667E+00,
15:25:03.66370498, 3.3333E-02, 7.3333E-01, 1.4667E+00,
15:25:03.66370503, 6.6667E-02, 7.3333E-01, 1.2000E+00,
15:25:03.66370508, 0.0000E+00, 6.6667E-01, 1.3333E+00,
15:25:03.66370513, 3.3333E-02, 8.0000E-01, 1.2000E+00,
15:25:03.66370518, 0.0000E+00, 8.6667E-01, 1.4667E+00,
15:25:03.66370523, 3.3333E-02, 8.6667E-01, 1.3333E+00,
15:25:03.66370528, 1.0000E-01, 8.6667E-01, 1.2000E+00,
15:25:03.66370533, 3.3333E-02, 8.6667E-01, 1.4667E+00,
15:25:03.66370538,-6.6667E-02, 7.3333E-01, 1.6000E+00,
15:25:03.66370543, 3.3333E-02, 8.0000E-01, 1.3333E+00,
15:25:03.66370548,-3.3333E-02, 7.3333E-01, 1.3333E+00,
15:25:03.66370553, 6.6667E-02, 8.0000E-01, 1.4667E+00,
15:25:03.66370558, 0.0000E+00, 7.3333E-01, 1.4667E+00,
15:25:03.66370563,-3.3333E-02, 8.6667E-01, 1.4667E+00,
15:25:03.66370568, 3.3333E-02, 7.3333E-01, 1.4667E+00,
15:25:03.66370573, 3.3333E-02, 8.0000E-01, 1.4667E+00,
15:25:03.66370578, 0.0000E+00, 7.3333E-01, 1.4667E+00,
15:25:03.66370583, 0.0000E+00, 8.0000E-01, 1.4667E+00,
15:25:03.66370588, 0.0000E+00, 7.3333E-01, 1.4667E+00,
15:25:03.66370593, 0.0000E+00, 8.0000E-01, 1.7333E+00,
15:25:03.66370598, 0.0000E+00, 7.3333E-01, 1.6000E+00,
15:25:03.66370603, 3.3333E-02, 8.6667E-01, 1.3333E+00,
15:25:03.66370608, 3.3333E-02, 8.0000E-01, 1.3333E+00,
15:25:03.66370613, 0.0000E+00, 8.6667E-01, 1.4667E+00,
15:25:03.66370618,-3.3333E-02, 8.6667E-01, 1.3333E+00,
15:25:03.66370623, 3.3333E-02, 8.6667E-01, 1.4667E+00,
15:25:03.66370628, 0.0000E+00, 6.6667E-01, 1.6000E+00,
15:25:03.66370633,-3.3333E-02, 6.6667E-01, 1.3333E+00,
15:25:03.66370638, 3.3333E-02, 8.6667E-01, 1.4667E+00,
15:25:03.66370643,-1.0000E-01, 6.6667E-01, 1.6000E+00,
15:25:03.66370648, 3.3333E-02, 7.3333E-01, 1.3333E+00,
15:25:03.66370653, 3.3333E-02, 7.3333E-01, 1.6000E+00,
15:25:03.66370658,-1.0000E-01, 7.3333E-01, 1.3333E+00,
15:25:03.66370663, 0.0000E+00, 7.3333E-01, 1.6000E+00,
15:25:03.66370668, 0.0000E+00, 7.3333E-01, 1.3333E+00,
15:25:03.66370673, 3.3333E-02, 8.0000E-01, 1.2000E+00,
15:25:03.66370678, 0.0000E+00, 8.0000E-01, 1.4667E+00,
15:25:03.66370683, 0.0000E+00, 8.0000E-01, 1.6000E+00,
15:25:03.66370688,-6.6667E-02, 7.3333E-01, 1.6000E+00,
15:25:03.66370693, 0.0000E+00, 8.0000E-01, 1.4667E+00,
15:25:03.66370698,-6.6667E-02, 8.0000E-01, 1.3333E+00,
15:25:03.66370703, 3.3333E-02, 8.6667E-01, 1.4667E+00,
15:25:03.66370708, 3.3333E-02, 7.3333E-01, 1.3333E+00,
15:25:03.66370713, 3.3333E-02, 7.3333E-01, 1.4667E+00,
15:25:03.66370718, 0.0000E+00, 8.0000E-01, 1.7333E+00,
15:25:03.66370723, 6.6667E-02, 9.3333E-01, 1.3333E+00,
15:25:03.66370728, 3.3333E-02, 7.3333E-01, 1.4667E+00,
15:25:03.66370733,-6.6667E-02, 8.0000E-01, 1.3333E+00,
15:25:03.66370738, 3.3333E-02, 8.6667E-01, 1.4667E+00,
15:25:03.66370743,-3.3333E-02, 8.6667E-01, 1.6000E+00,
15:25:03.66370748, 0.0000E+00, 7.3333E-01, 1.6000E+00,
15:25:03.66370753, 0.0000E+00, 7.3333E-01, 1.4667E+00,
15:25:03.66370758, 6.6667E-02, 8.6667E-01, 1.2000E+00,
15:25:03.66370763, 3.3333E-02, 8.6667E-01, 1.2000E+00,
15:25:03.66370768, 3.3333E-02, 8.0000E-01, 1.3333E+00,
15:25:03.66370773,-3.3333E-02, 6.0000E-01, 1.6000E+00,
15:25:03.66370778,-3.3333E-02, 7.3333E-01, 1.4667E+00,
15:25:03.66370783,-3.3333E-02, 8.0000E-01, 1.4667E+00,
15:25:03.66370788,-3.3333E-02, 8.0000E-01, 1.0667E+00,
15:25:03.66370793,-3.3333E-02, 6.6667E-01, 1.2000E+00,
15:25:03.66370798, 3.3333E-02, 6.6667E-01, 1.4667E+00,
15:25:03.66370803, 3.3333E-02, 8.0000E-01, 1.6000E+00,
15:25:03.66370808, 1.0000E-01, 7.3333E-01, 1.6000E+00,
15:25:03.66370813,-6.6667E-02, 7.3333E-01, 1.4667E+00,
15:25:03.66370818, 0.0000E+00, 8.0000E-01, 1.2000E+00,
15:25:03.66370823,-6.6667E-02, 9.3333E-01, 1.3333E+00,
15:25:03.66370828,-3.3333E-02, 7.3333E-01, 1.0667E+00,
15:25:03.66370833, 1.0000E-01, 7.3333E-01, 1.4667E+00,
15:25:03.66370838, 3.3333E-02, 8.0000E-01, 1.4667E+00,
15:25:03.66370843, 3.3333E-02, 7.3333E-01, 1.2000E+00,
15:25:03.66370848,-3.3333E-02, 8.0000E-01, 1.2000E+00,
15:25:03.66370853, 6.6667E-02, 8.6667E-01, 1.3333E+00,
15:25:03.66370858, 3.3333E-02, 7.3333E-01, 1.6000E+00,
15:25:03.66370863, 3.3333E-02, 8.0000E-01, 1.0667E+00,
15:25:03.66370868, 1.0000E-01, 7.3333E-01, 1.4667E+00,
15:25:03.66370873, 6.6667E-02, 7.3333E-01, 1.7333E+00,
15:25:03.66370878, 6.6667E-02, 8.0000E-01, 1.4667E+00,
15:25:03.66370883, 0.0000E+00, 6.0000E-01, 1.4667E+00,
15:25:03.66370888, 3.3333E-02, 8.0000E-01, 1.3333E+00,
15:25:03.66370893, 1.0000E-01, 8.0000E-01, 1.0667E+00,
15:25:03.66370898, 1.0000E-01, 8.0000E-01, 1.3333E+00,
15:25:03.66370903, 6.6667E-02, 7.3333E-01, 1.6000E+00,
15:25:03.66370908, 0.0000E+00, 6.6667E-01, 1.3333E+00,
15:25:03.66370913,-3.3333E-02, 7.3333E-01, 1.2000E+00,
15:25:03.66370918, 0.0000E+00, 7.3333E-01, 1.2000E+00,
15:25:03.66370923,-3.3333E-02, 7.3333E-01, 1.6000E+00,
15:25:03.66370928, 0.0000E+00, 8.0000E-01, 1.2000E+00,
15:25:03.66370933, 0.0000E+00, 9.3333E-01, 1.3333E+00,
15:25:03.66370938, 6.6667E-02, 8.0000E-01, 1.6000E+00,
15:25:03.66370943, 0.0000E+00, 7.3333E-01, 1.6000E+00,
15:25:03.66370948, 6.6667E-02, 9.3333E-01, 1.3333E+00,
15:25:03.66370953, 6.6667E-02, 7.3333E-01, 1.3333E+00,
15:25:03.66370958, 6.6667E-02, 8.0000E-01, 1.4667E+00,
15:25:03.66370963, 0.0000E+00, 7.3333E-01, 1.4667E+00,
15:25:03.66370968, 0.0000E+00, 8.0000E-01, 1.2000E+00,
15:25:03.66370973,-6.6667E-02, 8.0000E-01, 1.6000E+00,
15:25:03.66370978,-6.6667E-02, 8.6667E-01, 1.3333E+00,
15:25:03.66370983, 0.0000E+00, 7.3333E-01, 1.4667E+00,
15:25:03.66370988, 6.6667E-02, 6.6667E-01, 1.2000E+00,
15:25:03.66370993, 6.6667E-02, 6.6667E-01, 1.2000E+00,
15:25:03.66370998, 0.0000E+00, 9.3333E-01, 1.3333E+00,
15:25:03.66371003, 6.6667E-02, 8.0000E-01, 1.6000E+00,
15:25:03.66371008,-3.3333E-02, 7.3333E-01, 1.6000E+00,
15:25:03.66371013, 0.0000E+00, 6.6667E-01, 1.2000E+00,
15:25:03.66371018, 0.0000E+00, 7.3333E-01, 1.3333E+00,
15:25:03.66371023, 0.0000E+00, 7.3333E-01, 1.3333E+00,
15:25:03.66371028, 6.6667E-02, 8.0000E-01, 1.2000E+00,
15:25:03.66371033, 6.6667E-02, 8.6667E-01, 1.0667E+00,
15:25:03.66371038, 3.3333E-02, 6.6667E-01, 1.6000E+00,
15:25:03.66371043, 0.0000E+00, 8.0000E-01, 1.6000E+00,
15:25:03.66371048, 0.0000E+00, 8.0000E-01, 1.3333E+00,
15:25:03.66371053, 0.0000E+00, 7.3333E-01, 1.6000E+00,
15:25:03.66371058,-6.6667E-02, 7.3333E-01, 1.4667E+00,
15:25:03.66371063,-3.3333E-02, 7.3333E-01, 1.2000E+00,
15:25:03.66371068, 6.6667E-02, 7.3333E-01, 1.4667E+00,
15:25:03.66371073,-3.3333E-02, 7.3333E-01, 1.2000E+00,
15:25:03.66371078, 3.3333E-02, 8.0000E-01, 1.6000E+00,
15:25:03.66371083, 0.0000E+00, 6.6667E-01, 1.3333E+00,
15:25:03.66371088, 6.6667E-02, 8.0000E-01, 1.6000E+00,
15:25:03.66371093, 3.3333E-02, 8.6667E-01, 1.7333E+00,
15:25:03.66371098, 3.3333E-02, 6.6667E-01, 1.6000E+00,
15:25:03.66371103, 3.3333E-02, 7.3333E-01, 1.7333E+00,
15:25:03.66371108, 0.0000E+00, 7.3333E-01, 1.3333E+00,
15:25:03.66371113,-6.6667E-02, 7.3333E-01, 1.4667E+00,
15:25:03.66371118, 0.0000E+00, 8.0000E-01, 1.2000E+00,
15:25:03.66371123, 0.0000E+00, 6.6667E-01, 1.3333E+00,
15:25:03.66371128,-3.3333E-02, 8.0000E-01, 1.2000E+00,
15:25:03.66371133, 3.3333E-02, 6.6667E-01, 1.4667E+00,
15:25:03.66371138, 3.3333E-02, 8.0000E-01, 1.6000E+00,
15:25:03.66371143,-6.6667E-02, 8.0000E-01, 1.2000E+00,
15:25:03.66371148, 3.3333E-02, 7.3333E-01, 1.3333E+00,
15:25:03.66371153, 3.3333E-02, 8.0000E-01, 1.4667E+00,
15:25:03.66371158, 6.6667E-02, 7.3333E-01, 1.3333E+00,
15:25:03.66371163, 3.3333E-02, 8.0000E-01, 1.3333E+00,
15:25:03.66371168, 0.0000E+00, 8.0000E-01, 1.2000E+00,
15:25:03.66371173, 3.3333E-02, 8.0000E-01, 1.3333E+00,
15:25:03.66371178,-3.3333E-02, 6.6667E-01, 1.4667E+00,
15:25:03.66371183, 0.0000E+00, 6.0000E-01, 1.4667E+00,
15:25:03.66371188,-3.3333E-02, 8.6667E-01, 1.3333E+00,
15:25:03.66371193, 3.3333E-02, 8.0000E-01, 1.6000E+00,
15:25:03.66371198, 0.0000E+00, 8.0000E-01, 1.2000E+00,
15:25:03.66371203,-3.3333E-02, 7.3333E-01, 1.2000E+00,
15:25:03.66371208, 0.0000E+00, 8.6667E-01, 1.2000E+00,
15:25:03.66371213, 0.0000E+00, 7.3333E-01, 1.2000E+00,
15:25:03.66371218, 3.3333E-02, 8.0000E-01, 1.6000E+00,
15:25:03.66371223, 0.0000E+00, 8.6667E-01, 1.3333E+00,
15:25:03.66371228, 6.6667E-02, 8.0000E-01, 1.3333E+00,
15:25:03.66371233, 0.0000E+00, 8.0000E-01, 1.4667E+00,
15:25:03.66371238, 1.0000E-01, 7.3333E-01, 1.6000E+00,
15:25:03.66371243, 3.3333E-02, 8.0000E-01, 1.6000E+00,
15:25:03.66371248, 3.3333E-02, 7.3333E-01, 1.3333E+00,
15:25:03.66371253, 3.3333E-02, 6.6667E-01, 1.0667E+00,
15:25:03.66371258, 0.0000E+00, 8.0000E-01, 1.2000E+00,
15:25:03.66371263, 0.0000E+00, 9.3333E-01, 1.3333E+00,
15:25:03.66371268, 3.3333E-02, 8.6667E-01, 1.4667E+00,
15:25:03.66371273, 0.0000E+00, 8.0000E-01, 1.2000E+00,
15:25:03.66371278, 3.3333E-02, 7.3333E-01, 1.2000E+00,
15:25:03.66371283, 3.3333E-02, 7.3333E-01, 1.3333E+00,
15:25:03.66371288, 6.6667E-02, 8.6667E-01, 1.4667E+00,
15:25:03.66371293,-3.3333E-02, 8.6667E-01, 1.3333E+00,
15:25:03.66371298, 0.0000E+00, 8.0000E-01, 1.6000E+00,
15:25:03.66371303, 3.3333E-02, 6.0000E-01, 1.2000E+00,
15:25:03.66371308, 0.0000E+00, 8.0000E-01, 1.0667E+00,
15:25:03.66371313,-6.6667E-02, 8.0000E-01, 1.4667E+00,
15:25:03.66371318,-3.3333E-02, 7.3333E-01, 1.2000E+00,
15:25:03.66371323, 0.0000E+00, 8.0000E-01, 1.2000E+00,
15:25:03.66371328, 6.6667E-02, 8.6667E-01, 1.4667E+00,
15:25:03.66371333, 3.3333E-02, 6.6667E-01, 1.4667E+00,
15:25:03.66371338, 6.6667E-02, 7.3333E-01, 1.4667E+00,
15:25:03.66371343, 6.6667E-02, 8.6667E-01, 1.4667E+00,
15:25:03.66371348, 0.0000E+00, 7.3333E-01, 1.6000E+00,
15:25:03.66371353,-3.3333E-02, 7.3333E-01, 1.3333E+00,
15:25:03.66371358, 6.6667E-02, 8.6667E-01, 1.4667E+00,
15:25:03.66371363, 0.0000E+00, 8.0000E-01, 1.3333E+00,
15:25:03.66371368, 0.0000E+00, 8.6667E-01, 1.3333E+00,
15:25:03.66371373, 0.0000E+00, 7.3333E-01, 1.3333E+00,
15:25:03.66371378, 6.6667E-02, 8.0000E-01, 1.0667E+00,
15:25:03.66371383,-3.3333E-02, 8.0000E-01, 1.2000E+00,
15:25:03.66371388, 3.3333E-02, 7.3333E-01, 1.3333E+00,
15:25:03.66371393, 0.0000E+00, 8.0000E-01, 1.3333E+00,
15:25:03.66371398, 3.3333E-02, 8.6667E-01, 1.4667E+00,
15:25:03.66371403,-6.6667E-02, 9.3333E-01, 9.3333E-01,
15:25:03.66371408, 0.0000E+00, 8.0000E-01, 1.3333E+00,
15:25:03.66371413, 0.0000E+00, 8.0000E-01, 1.2000E+00,
15:25:03.66371418,-3.3333E-02, 7.3333E-01, 1.6000E+00,
15:25:03.66371423, 3.3333E-02, 8.0000E-01, 1.3333E+00,
15:25:03.66371428,-3.3333E-02, 8.0000E-01, 1.0667E+00,
15:25:03.66371433, 6.6667E-02, 8.0000E-01, 1.4667E+00,
15:25:03.66371438, 0.0000E+00, 6.6667E-01, 1.6000E+00,
15:25:03.66371443, 3.3333E-02, 8.0000E-01, 1.2000E+00,
15:25:03.66371448, 6.6667E-02, 8.6667E-01, 1.3333E+00,
15:25:03.66371453,-6.6667E-02, 8.0000E-01, 1.2000E+00,
15:25:03.66371458, 6.6667E-02, 7.3333E-01, 1.2000E+00,
15:25:03.66371463, 3.3333E-02, 8.0000E-01, 1.2000E+00,
15:25:03.66371468, 0.0000E+00, 8.0000E-01, 1.3333E+00,
15:25:03.66371473, 6.6667E-02, 7.3333E-01, 1.4667E+00,
15:25:03.66371478, 3.3333E-02, 9.3333E-01, 1.2000E+00,
15:25:03.66371483, 0.0000E+00, 8.0000E-01, 1.7333E+00,
15:25:03.66371488, 3.3333E-02, 8.6667E-01, 1.4667E+00,
15:25:03.66371493, 0.0000E+00, 7.3333E-01, 1.7333E+00,
15:25:03.66371498,-3.3333E-02, 8.0000E-01, 1.4667E+00,
15:25:03.66371503,-3.3333E-02, 9.3333E-01, 1.4667E+00,
15:25:03.66371508, 3.3333E-02, 8.0000E-01, 1.4667E+00,
15:25:03.66371513,-3.3333E-02, 6.6667E-01, 1.6000E+00,
15:25:03.66371518,-3.3333E-02, 8.6667E-01, 1.3333E+00,
15:25:03.66371523,-3.3333E-02, 8.0000E-01, 1.2000E+00,
15:25:03.66371528, 3.3333E-02, 6.6667E-01, 1.2000E+00,
15:25:03.66371533, 3.3333E-02, 7.3333E-01, 1.2000E+00,
15:25:03.66371538, 3.3333E-02, 8.6667E-01, 1.0667E+00,
15:25:03.66371543,-3.3333E-02, 8.0000E-01, 1.3333E+00,
15:25:03.66371548, 0.0000E+00, 6.6667E-01, 1.3333E+00,
15:25:03.66371553,-3.3333E-02, 7.3333E-01, 1.0667E+00,
15:25:03.66371558, 0.0000E+00, 7.3333E-01, 1.4667E+00,
15:25:03.66371563,-3.3333E-02, 7.3333E-01, 1.6000E+00,
15:25:03.66371568, 3.3333E-02, 7.3333E-01, 1.4667E+00,
15:25:03.66371573, 6.6667E-02, 8.6667E-01, 1.6000E+00,
15:25:03.66371578, 3.3333E-02, 7.3333E-01, 1.6000E+00,
15:25:03.66371583, 6.6667E-02, 7.3333E-01, 1.6000E+00,
15:25:03.66371588,-3.3333E-02, 7.3333E-01, 1.4667E+00,
15:25:03.66371593,-6.6667E-02, 8.0000E-01, 1.4667E+00,
15:25:03.66371598, 3.3333E-02, 8.0000E-01, 1.6000E+00,
15:25:03.66371603,-3.3333E-02, 6.6667E-01, 1.0667E+00,
15:25:03.66371608, 3.3333E-02, 9.3333E-01, 8.0000E-01,
15:25:03.66371613, 1.0000E-01, 7.3333E-01, 1.3333E+00,
15:25:03.66371618, 6.6667E-02, 7.3333E-01, 1.4667E+00,
15:25:03.66371623, 3.3333E-02, 7.3333E-01, 1.3333E+00,
15:25:03.66371628, 3.3333E-02, 8.6667E-01, 1.2000E+00,
15:25:03.66371633, 1.0000E-01, 6.6667E-01, 1.3333E+00,
15:25:03.66371638,-6.6667E-02, 9.3333E-01, 1.2000E+00,
15:25:03.66371643,-1.0000E-01, 8.0000E-01, 1.6000E+00,
15:25:03.66371648, 3.3333E-02, 8.0000E-01, 1.4667E+00,
15:25:03.66371653,-3.3333E-02, 8.0000E-01, 1.4667E+00,
15:25:03.66371658,-6.6667E-02, 8.0000E-01, 1.4667E+00,
15:25:03.66371663, 0.0000E+00, 7.3333E-01, 1.4667E+00,
15:25:03.66371668, 6.6667E-02, 7.3333E-01, 1.7333E+00,
15:25:03.66371673, 6.6667E-02, 8.0000E-01, 1.2000E+00,
15:25:03.66371678, 0.0000E+00, 8.0000E-01, 1.0667E+00,
15:25:03.66371683,-3.3333E-02, 8.6667E-01, 1.3333E+00,
15:25:03.66371688, 0.0000E+00, 8.0000E-01, 1.3333E+00,
15:25:03.66371693, 0.0000E+00, 8.6667E-01, 1.2000E+00,
15:25:03.66371698,-3.3333E-02, 7.3333E-01, 1.2000E+00,
15:25:03.66371703,-3.3333E-02, 8.0000E-01, 1.4667E+00,
15:25:03.66371708, 3.3333E-02, 7.3333E-01, 1.7333E+00,
15:25:03.66371713, 6.6667E-02, 7.3333E-01, 1.3333E+00,
15:25:03.66371718,-3.3333E-02, 7.3333E-01, 1.3333E+00,
15:25:03.66371723, 3.3333E-02, 8.0000E-01, 1.4667E+00,
15:25:03.66371728, 0.0000E+00, 8.0000E-01, 1.3333E+00,
15:25:03.66371733, 0.0000E+00, 8.6667E-01, 1.0667E+00,
15:25:03.66371738, 6.6667E-02, 7.3333E-01, 1.6000E+00,
15:25:03.66371743,-3.3333E-02, 8.6667E-01, 1.0667E+00,
15:25:03.66371748, 6.6667E-02, 6.0000E-01, 1.2000E+00,
15:25:03.66371753,-6.6667E-02, 8.0000E-01, 1.6000E+00,
15:25:03.66371758, 6.6667E-02, 8.0000E-01, 1.0667E+00,
15:25:03.66371763, 0.0000E+00, 8.0000E-01, 1.7333E+00,
15:25:03.66371768, 3.3333E-02, 8.6667E-01, 1.2000E+00,
15:25:03.66371773, 3.3333E-02, 6.6667E-01, 1.6000E+00,
15:25:03.66371778, 0.0000E+00, 8.0000E-01, 1.4667E+00,
15:25:03.66371783, 0.0000E+00, 7.3333E-01, 1.4667E+00,
15:25:03.66371788,-3.3333E-02, 1.0000E+00, 1.3333E+00,
15:25:03.66371793,-3.3333E-02, 7.3333E-01, 1.4667E+00,
15:25:03.66371798, 0.0000E+00, 7.3333E-01, 1.3333E+00,
15:25:03.66371803, 3.3333E-02, 7.3333E-01, 1.2000E+00,
15:25:03.66371808, 3.3333E-02, 8.0000E-01, 1.6000E+00,
15:25:03.66371813, 3.3333E-02, 8.0000E-01, 1.8667E+00,
15:25:03.66371818, 1.0000E-01, 8.0000E-01, 1.4667E+00,
15:25:03.66371823, 6.6667E-02, 7.3333E-01, 1.4667E+00,
15:25:03.66371828, 0.0000E+00, 6.6667E-01, 1.7333E+00,
15:25:03.66371833, 3.3333E-02, 6.0000E-01, 1.3333E+00,
15:25:03.66371838, 0.0000E+00, 7.3333E-01, 1.2000E+00,
15:25:03.66371843, 3.3333E-02, 9.3333E-01, 1.0667E+00,
15:25:03.66371848, 0.0000E+00, 7.3333E-01, 1.7333E+00,
15:25:03.66371853, 0.0000E+00, 8.0000E-01, 1.6000E+00,
15:25:03.66371858,-3.3333E-02, 8.0000E-01, 1.2000E+00,
15:25:03.66371863, 6.6667E-02, 8.0000E-01, 1.2000E+00,
15:25:03.66371868, 6.6667E-02, 8.6667E-01, 1.6000E+00,
15:25:03.66371873,-6.6667E-02, 8.0000E-01, 1.6000E+00,
15:25:03.66371878, 6.6667E-02, 8.0000E-01, 1.3333E+00,
15:25:03.66371883,-1.0000E-01, 8.0000E-01, 1.6000E+00,
15:25:03.66371888,-3.3333E-02, 8.0000E-01, 1.2000E+00,
15:25:03.66371893, 3.3333E-02, 8.0000E-01, 1.3333E+00,
15:25:03.66371898, 0.0000E+00, 6.6667E-01, 1.3333E+00,
15:25:03.66371903, 3.3333E-02, 8.6667E-01, 1.2000E+00,
15:25:03.66371908, 6.6667E-02, 8.0000E-01, 1.6000E+00,
15:25:03.66371913, 0.0000E+00, 8.6667E-01, 1.4667E+00,
15:25:03.66371918,-3.3333E-02, 7.3333E-01, 1.3333E+00,
15:25:03.66371923,-3.3333E-02, 8.0000E-01, 1.3333E+00,
15:25:03.66371928, 0.0000E+00, 8.0000E-01, 1.2000E+00,
15:25:03.66371933, 0.0000E+00, 7.3333E-01, 1.2000E+00,
15:25:03.66371938,-6.6667E-02, 8.6667E-01, 1.4667E+00,
15:25:03.66371943, 0.0000E+00, 8.0000E-01, 1.0667E+00,
15:25:03.66371948,-3.3333E-02, 7.3333E-01, 1.4667E+00,
15:25:03.66371953, 0.0000E+00, 7.3333E-01, 1.3333E+00,
15:25:03.66371958, 6.6667E-02, 8.0000E-01, 1.4667E+00,
15:25:03.66371963,-6.6667E-02, 7.3333E-01, 1.2000E+00,
15:25:03.66371968, 6.6667E-02, 7.3333E-01, 1.3333E+00,
15:25:03.66371973,-3.3333E-02, 8.6667E-01, 1.4667E+00,
15:25:03.66371978,-6.6667E-02, 8.0000E-01, 1.6000E+00,
15:25:03.66371983, 0.0000E+00, 8.6667E-01, 1.3333E+00,
15:25:03.66371988, 3.3333E-02, 8.0000E-01, 1.0667E+00,
15:25:03.66371993, 3.3333E-02, 7.3333E-01, 1.2000E+00,
15:25:03.66371998, 6.6667E-02, 8.6667E-01, 1.2000E+00,
15:25:03.66372003, 0.0000E+00, 6.6667E-01, 1.3333E+00,
15:25:03.66372008, 3.3333E-02, 7.3333E-01, 1.3333E+00,
15:25:03.66372013, 0.0000E+00, 8.0000E-01, 1.3333E+00,
15:25:03.66372018, 0.0000E+00, 8.6667E-01, 1.3333E+00,
15:25:03.66372023, 0.0000E+00, 8.0000E-01, 1.2000E+00,
15:25:03.66372028, 1.0000E-01, 8.0000E-01, 1.2000E+00,
15:25:03.66372033, 6.6667E-02, 8.6667E-01, 1.4667E+00,
15:25:03.66372038, 3.3333E-02, 8.0000E-01, 1.0667E+00,
15:25:03.66372043, 0.0000E+00, 8.6667E-01, 1.2000E+00,
15:25:03.66372048,-6.6667E-02, 8.0000E-01, 1.6000E+00,
15:25:03.66372053, 1.0000E-01, 8.0000E-01, 1.2000E+00,
15:25:03.66372058, 3.3333E-02, 6.6667E-01, 1.2000E+00,
15:25:03.66372063,-3.3333E-02, 6.6667E-01, 1.2000E+00,
15:25:03.66372068, 6.6667E-02, 8.6667E-01, 1.4667E+00,
15:25:03.66372073, 0.0000E+00, 7.3333E-01, 1.6000E+00,
15:25:03.66372078,-3.3333E-02, 7.3333E-01, 1.2000E+00,
15:25:03.66372083, 3.3333E-02, 8.0000E-01, 1.4667E+00,
15:25:03.66372088, 0.0000E+00, 8.0000E-01, 1.4667E+00,
15:25:03.66372093,-6.6667E-02, 8.6667E-01, 1.3333E+00,
15:25:03.66372098,-6.6667E-02, 8.0000E-01, 1.4667E+00,
15:25:03.66372103, 3.3333E-02, 6.6667E-01, 1.2000E+00,
15:25:03.66372108, 3.3333E-02, 8.0000E-01, 1.3333E+00,
15:25:03.66372113, 0.0000E+00, 8.0000E-01, 1.3333E+00,
15:25:03.66372118, 0.0000E+00, 6.6667E-01, 1.4667E+00,
15:25:03.66372123, 3.3333E-02, 7.3333E-01, 1.0667E+00,
15:25:03.66372128, 3.3333E-02, 8.0000E-01, 1.3333E+00,
15:25:03.66372133, 3.3333E-02, 6.6667E-01, 1.6000E+00,
15:25:03.66372138, 0.0000E+00, 6.6667E-01, 1.2000E+00,
15:25:03.66372143, 0.0000E+00, 8.0000E-01, 1.4667E+00,
15:25:03.66372148, 6.6667E-02, 7.3333E-01, 1.6000E+00,
15:25:03.66372153, 3.3333E-02, 8.0000E-01, 1.4667E+00,
15:25:03.66372158, 0.0000E+00, 8.6667E-01, 1.3333E+00,
15:25:03.66372163, 0.0000E+00, 7.3333E-01, 1.3333E+00,
15:25:03.66372168, 0.0000E+00, 8.6667E-01, 1.4667E+00,
15:25:03.66372173, 3.3333E-02, 8.6667E-01, 1.6000E+00,
15:25:03.66372178,-3.3333E-02, 7.3333E-01, 1.0667E+00,
15:25:03.66372183, 3.3333E-02, 8.0000E-01, 1.3333E+00,
15:25:03.66372188, 0.0000E+00, 7.3333E-01, 1.3333E+00,
15:25:03.66372193,-3.3333E-02, 8.6667E-01, 1.4667E+00,
15:25:03.66372198, 6.6667E-02, 7.3333E-01, 1.2000E+00,
15:25:03.66372203, 1.6667E-01, 6.6667E-01, 1.4667E+00,
15:25:03.66372208,-3.3333E-02, 8.6667E-01, 1.6000E+00,
15:25:03.66372213, 3.3333E-02, 8.0000E-01, 1.4667E+00,
15:25:03.66372218, 6.6667E-02, 8.0000E-01, 1.6000E+00,
15:25:03.66372223, 3.3333E-02, 8.6667E-01, 1.3333E+00,
15:25:03.66372228, 6.6667E-02, 8.0000E-01, 1.4667E+00,
15:25:03.66372233, 0.0000E+00, 8.6667E-01, 1.4667E+00,
15:25:03.66372238, 3.3333E-02, 8.0000E-01, 1.3333E+00,
15:25:03.66372243, 6.6667E-02, 8.0000E-01, 1.4667E+00,
15:25:03.66372248, 3.3333E-02, 7.3333E-01, 1.4667E+00,
15:25:03.66372253, 0.0000E+00, 8.0000E-01, 1.4667E+00,
15:25:03.66372258, 3.3333E-02, 8.0000E-01, 1.8667E+00,
15:25:03.66372263,-6.6667E-02, 8.0000E-01, 1.6000E+00,
15:25:03.66372268,-6.6667E-02, 8.0000E-01, 1.4667E+00,
15:25:03.66372273,-6.6667E-02, 7.3333E-01, 1.2000E+00,
15:25:03.66372278, 0.0000E+00, 8.6667E-01, 1.2000E+00,
15:25:03.66372283, 0.0000E+00, 8.0000E-01, 1.2000E+00,
15:25:03.66372288, 1.0000E-01, 8.0000E-01, 1.0667E+00,
15:25:03.66372293, 0.0000E+00, 8.6667E-01, 1.4667E+00,
15:25:03.66372298, 6.6667E-02, 8.0000E-01, 1.0667E+00,
15:25:03.66372303, 6.6667E-02, 7.3333E-01, 1.4667E+00,
15:25:03.66372308, 6.6667E-02, 7.3333E-01, 1.3333E+00,
15:25:03.66372313,-3.3333E-02, 8.0000E-01, 1.6000E+00,
15:25:03.66372318,-3.3333E-02, 6.6667E-01, 1.7333E+00,
15:25:03.66372323, 6.6667E-02, 7.3333E-01, 1.3333E+00,
15:25:03.66372328, 0.0000E+00, 7.3333E-01, 1.4667E+00,
15:25:03.66372333, 0.0000E+00, 8.0000E-01, 1.4667E+00,
15:25:03.66372338, 6.6667E-02, 7.3333E-01, 1.6000E+00,
15:25:03.66372343,-3.3333E-02, 8.0000E-01, 1.4667E+00,
15:25:03.66372348, 1.0000E-01, 8.0000E-01, 1.3333E+00,
15:25:03.66372353, 6.6667E-02, 9.3333E-01, 1.2000E+00,
15:25:03.66372358, 3.3333E-02, 8.6667E-01, 1.8667E+00,
15:25:03.66372363, 0.0000E+00, 8.6667E-01, 1.3333E+00,
15:25:03.66372368,-3.3333E-02, 8.6667E-01, 1.2000E+00,
15:25:03.66372373, 3.3333E-02, 6.6667E-01, 1.2000E+00,
15:25:03.66372378, 6.6667E-02, 7.3333E-01, 1.6000E+00,
15:25:03.66372383, 3.3333E-02, 7.3333E-01, 1.4667E+00,
15:25:03.66372388, 3.3333E-02, 8.6667E-01, 1.7333E+00,
15:25:03.66372393, 0.0000E+00, 8.0000E-01, 1.3333E+00,
15:25:03.66372398, 3.3333E-02, 6.6667E-01, 1.4667E+00,
15:25:03.66372403, 0.0000E+00, 7.3333E-01, 1.4667E+00,
15:25:03.66372408, 3.3333E-02, 8.6667E-01, 1.3333E+00,
15:25:03.66372413,-1.0000E-01, 5.3333E-01, 1.2000E+00,
15:25:03.66372418, 6.6667E-02, 8.0000E-01, 1.2000E+00,
15:25:03.66372423, 6.6667E-02, 6.6667E-01, 1.4667E+00,
15:25:03.66372428, 0.0000E+00, 8.6667E-01, 1.4667E+00,
15:25:03.66372433, 6.6667E-02, 9.3333E-01, 1.3333E+00,
15:25:03.66372438, 6.6667E-02, 9.3333E-01, 1.6000E+00,
15:25:03.66372443, 3.3333E-02, 7.3333E-01, 1.0667E+00,
15:25:03.66372448, 3.3333E-02, 8.6667E-01, 1.3333E+00,
15:25:03.66372453, 0.0000E+00, 8.6667E-01, 1.3333E+00,
15:25:03.66372458, 3.3333E-02, 8.0000E-01, 1.6000E+00,
15:25:03.66372463, 3.3333E-02, 8.0000E-01, 1.3333E+00,
15:25:03.66372468, 3.3333E-02, 8.0000E-01, 1.0667E+00,
15:25:03.66372473, 6.6667E-02, 8.6667E-01, 1.0667E+00,
15:25:03.66372478, 3.3333E-02, 8.6667E-01, 1.4667E+00,
15:25:03.66372483, 1.0000E-01, 8.0000E-01, 1.4667E+00,
15:25:03.66372488, 6.6667E-02, 8.0000E-01, 1.3333E+00,
15:25:03.66372493, 3.3333E-02, 8.6667E-01, 1.3333E+00,
15:25:03.66372498, 3.3333E-02, 7.3333E-01, 9.3333E-01,
15:25:03.66372503, 1.0000E-01, 6.6667E-01, 1.3333E+00,
15:25:03.66372508, 0.0000E+00, 6.6667E-01, 1.2000E+00,
15:25:03.66372513,-6.6667E-02, 8.0000E-01, 1.0667E+00,
15:25:03.66372518, 3.3333E-02, 6.6667E-01, 1.2000E+00,
15:25:03.66372523, 3.3333E-02, 6.6667E-01, 1.4667E+00,
15:25:03.66372528, 0.0000E+00, 8.6667E-01, 1.4667E+00,
15:25:03.66372533, 6.6667E-02, 8.0000E-01, 1.3333E+00,
15:25:03.66372538, 3.3333E-02, 7.3333E-01, 1.6000E+00,
15:25:03.66372543, 0.0000E+00, 8.6667E-01, 1.3333E+00,
15:25:03.66372548, 0.0000E+00, 7.3333E-01, 1.4667E+00,
15:25:03.66372553, 0.0000E+00, 6.6667E-01, 1.4667E+00,
15:25:03.66372558, 0.0000E+00, 8.0000E-01, 1.4667E+00,
15:25:03.66372563, 3.3333E-02, 8.6667E-01, 1.7333E+00,
15:25:03.66372568, 6.6667E-02, 8.6667E-01, 1.4667E+00,
15:25:03.66372573, 6.6667E-02, 7.3333E-01, 1.4667E+00,
15:25:03.66372578, 0.0000E+00, 8.6667E-01, 1.4667E+00,
15:25:03.66372583, 3.3333E-02, 6.0000E-01, 1.2000E+00,
15:25:03.66372588,-3.3333E-02, 7.3333E-01, 1.4667E+00,
15:25:03.66372593, 3.3333E-02, 7.3333E-01, 1.2000E+00,
15:25:03.66372598, 3.3333E-02, 6.6667E-01, 1.4667E+00,
15:25:03.66372603,-3.3333E-02, 7.3333E-01, 1.4667E+00,
15:25:03.66372608,-3.3333E-02, 8.6667E-01, 1.6000E+00,
15:25:03.66372613, 3.3333E-02, 8.0000E-01, 1.4667E+00,
15:25:03.66372618, 0.0000E+00, 6.0000E-01, 1.6000E+00,
15:25:03.66372623, 0.0000E+00, 7.3333E-01, 1.2000E+00,
15:25:03.66372628, 1.0000E-01, 7.3333E-01, 1.4667E+00,
15:25:03.66372633, 6.6667E-02, 8.0000E-01, 1.3333E+00,
15:25:03.66372638, 3.3333E-02, 8.0000E-01, 1.4667E+00,
15:25:03.66372643,-3.3333E-02, 8.0000E-01, 1.3333E+00,
15:25:03.66372648, 3.3333E-02, 7.3333E-01, 1.7333E+00,
15:25:03.66372653,-3.3333E-02, 6.6667E-01, 1.2000E+00,
15:25:03.66372658, 0.0000E+00, 6.6667E-01, 1.6000E+00,
15:25:03.66372663, 0.0000E+00, 7.3333E-01, 1.3333E+00,
15:25:03.66372668, 0.0000E+00, 7.3333E-01, 1.2000E+00,
15:25:03.66372673, 3.3333E-02, 7.3333E-01, 1.2000E+00,
15:25:03.66372678, 0.0000E+00, 6.6667E-01, 1.2000E+00,
15:25:03.66372683, 3.3333E-02, 8.0000E-01, 1.3333E+00,
15:25:03.66372688, 0.0000E+00, 7.3333E-01, 1.2000E+00,
15:25:03.66372693, 1.0000E-01, 7.3333E-01, 1.0667E+00,
15:25:03.66372698, 0.0000E+00, 6.6667E-01, 1.2000E+00,
15:25:03.66372703, 3.3333E-02, 7.3333E-01, 1.4667E+00,
15:25:03.66372708, 3.3333E-02, 8.0000E-01, 1.2000E+00,
15:25:03.66372713, 1.0000E-01, 9.3333E-01, 1.3333E+00,
15:25:03.66372718, 3.3333E-02, 6.6667E-01, 1.7333E+00,
15:25:03.66372723, 0.0000E+00, 8.6667E-01, 1.2000E+00,
15:25:03.66372728, 6.6667E-02, 6.6667E-01, 1.3333E+00,
15:25:03.66372733, 0.0000E+00, 9.3333E-01, 1.6000E+00,
15:25:03.66372738,-3.3333E-02, 8.6667E-01, 1.2000E+00,
15:25:03.66372743, 0.0000E+00, 7.3333E-01, 1.6000E+00,
15:25:03.66372748,-3.3333E-02, 8.6667E-01, 1.6000E+00,
15:25:03.66372753, 0.0000E+00, 8.0000E-01, 1.4667E+00,
15:25:03.66372758, 0.0000E+00, 7.3333E-01, 1.3333E+00,
15:25:03.66372763, 3.3333E-02, 8.0000E-01, 1.4667E+00,
15:25:03.66372768, 6.6667E-02, 8.0000E-01, 1.0667E+00,
15:25:03.66372773, 3.3333E-02, 6.6667E-01, 1.4667E+00,
15:25:03.66372778, 0.0000E+00, 8.0000E-01, 1.3333E+00,
15:25:03.66372783, 0.0000E+00, 7.3333E-01, 1.7333E+00,
15:25:03.66372788, 0.0000E+00, 8.0000E-01, 1.0667E+00,
15:25:03.66372793, 3.3333E-02, 8.6667E-01, 1.6000E+00,
15:25:03.66372798,-3.3333E-02, 6.6667E-01, 1.6000E+00,
15:25:03.66372803, 3.3333E-02, 7.3333E-01, 1.3333E+00,
15:25:03.66372808, 0.0000E+00, 7.3333E-01, 1.4667E+00,
15:25:03.66372813, 0.0000E+00, 6.6667E-01, 1.3333E+00,
15:25:03.66372818, 0.0000E+00, 8.0000E-01, 1.7333E+00,
15:25:03.66372823, 3.3333E-02, 8.6667E-01, 1.6000E+00,
15:25:03.66372828, 0.0000E+00, 7.3333E-01, 1.4667E+00,
15:25:03.66372833, 0.0000E+00, 8.0000E-01, 1.3333E+00,
15:25:03.66372838, 0.0000E+00, 8.0000E-01, 1.2000E+00,
15:25:03.66372843, 0.0000E+00, 7.3333E-01, 1.4667E+00,
15:25:03.66372848, 0.0000E+00, 8.6667E-01, 1.3333E+00,
15:25:03.66372853, 0.0000E+00, 8.0000E-01, 1.4667E+00,
15:25:03.66372858, 3.3333E-02, 6.6667E-01, 1.4667E+00,
15:25:03.66372863,-3.3333E-02, 8.0000E-01, 1.4667E+00,
15:25:03.66372868, 3.3333E-02, 7.3333E-01, 1.3333E+00,
15:25:03.66372873, 3.3333E-02, 6.6667E-01, 1.3333E+00,
15:25:03.66372878, 3.3333E-02, 6.6667E-01, 1.0667E+00,
15:25:03.66372883,-3.3333E-02, 8.0000E-01, 1.6000E+00,
15:25:03.66372888, 3.3333E-02, 9.3333E-01, 1.6000E+00,
15:25:03.66372893, 0.0000E+00, 8.0000E-01, 1.4667E+00,
15:25:03.66372898, 6.6667E-02, 8.6667E-01, 1.7333E+00,
15:25:03.66372903,-3.3333E-02, 8.0000E-01, 1.4667E+00,
15:25:03.66372908, 3.3333E-02, 7.3333E-01, 1.4667E+00,
15:25:03.66372913, 0.0000E+00, 8.0000E-01, 1.4667E+00,
15:25:03.66372918, 6.6667E-02, 8.0000E-01, 1.6000E+00,
15:25:03.66372923, 0.0000E+00, 8.0000E-01, 1.3333E+00,
15:25:03.66372928, 3.3333E-02, 8.6667E-01, 9.3333E-01,
15:25:03.66372933, 0.0000E+00, 8.0000E-01, 1.4667E+00,
15:25:03.66372938, 0.0000E+00, 6.6667E-01, 1.3333E+00,
15:25:03.66372943, 1.0000E-01, 8.6667E-01, 1.2000E+00,
15:25:03.66372948, 3.3333E-02, 7.3333E-01, 1.4667E+00,
15:25:03.66372953, 0.0000E+00, 7.3333E-01, 1.4667E+00,
15:25:03.66372958, 6.6667E-02, 7.3333E-01, 1.3333E+00,
15:25:03.66372963,-3.3333E-02, 7.3333E-01, 1.3333E+00,
15:25:03.66372968, 6.6667E-02, 8.6667E-01, 1.3333E+00,
15:25:03.66372973, 0.0000E+00, 8.0000E-01, 1.3333E+00,
15:25:03.66372978, 0.0000E+00, 6.6667E-01, 1.3333E+00,
15:25:03.66372983, 0.0000E+00, 7.3333E-01, 8.0000E-01,
15:25:03.66372988, 0.0000E+00, 8.6667E-01, 1.4667E+00,
15:25:03.66372993,-6.6667E-02, 7.3333E-01, 1.6000E+00,
15:25:03.66372998, 3.3333E-02, 7.3333E-01, 1.6000E+00,
15:25:03.66373003, 6.6667E-02, 7.3333E-01, 1.2000E+00,
15:25:03.66373008, 6.6667E-02, 8.0000E-01, 1.3333E+00,
15:25:03.66373013, 1.0000E-01, 7.3333E-01, 1.4667E+00,
15:25:03.66373018, 6.6667E-02, 8.0000E-01, 1.2000E+00,
15:25:03.66373023, 0.0000E+00, 8.0000E-01, 1.3333E+00,
15:25:03.66373028, 6.6667E-02, 8.0000E-01, 1.0667E+00,
15:25:03.66373033, 3.3333E-02, 6.0000E-01, 1.3333E+00,
15:25:03.66373038, 1.3333E-01, 8.0000E-01, 1.2000E+00,
15:25:03.66373043, 1.0000E-01, 7.3333E-01, 1.3333E+00,
15:25:03.66373048, 0.0000E+00, 6.6667E-01, 1.3333E+00,
15:25:03.66373053, 3.3333E-02, 8.6667E-01, 1.3333E+00,
15:25:03.66373058, 3.3333E-02, 7.3333E-01, 9.3333E-01,
15:25:03.66373063, 0.0000E+00, 7.3333E-01, 1.4667E+00,
15:25:03.66373068, 3.3333E-02, 6.6667E-01, 1.2000E+00,
15:25:03.66373073, 0.0000E+00, 6.6667E-01, 1.7333E+00,
15:25:03.66373078,-6.6667E-02, 8.0000E-01, 1.4667E+00,
15:25:03.66373083, 3.3333E-02, 9.3333E-01, 1.4667E+00,
15:25:03.66373088,-3.3333E-02, 7.3333E-01, 1.6000E+00,
15:25:03.66373093, 6.6667E-02, 7.3333E-01, 1.6000E+00,
15:25:03.66373098, 0.0000E+00, 7.3333E-01, 1.0667E+00,
15:25:03.66373103, 1.0000E-01, 7.3333E-01, 1.3333E+00,
15:25:03.66373108, 6.6667E-02, 8.6667E-01, 1.3333E+00,
15:25:03.66373113, 3.3333E-02, 7.3333E-01, 1.4667E+00,
15:25:03.66373118,-3.3333E-02, 8.6667E-01, 1.4667E+00,
15:25:03.66373123, 0.0000E+00, 6.6667E-01, 1.0667E+00,
15:25:03.66373128,-1.0000E-01, 7.3333E-01, 1.4667E+00,
15:25:03.66373133, 3.3333E-02, 7.3333E-01, 1.4667E+00,
15:25:03.66373138, 6.6667E-02, 7.3333E-01, 1.8667E+00,
15:25:03.66373143, 0.0000E+00, 8.0000E-01, 1.3333E+00,
15:25:03.66373148, 3.3333E-02, 7.3333E-01, 1.4667E+00,
15:25:03.66373153, 0.0000E+00, 7.3333E-01, 1.2000E+00,
15:25:03.66373158, 6.6667E-02, 8.6667E-01, 1.4667E+00,
15:25:03.66373163, 3.3333E-02, 7.3333E-01, 1.2000E+00,
15:25:03.66373168,-3.3333E-02, 8.0000E-01, 1.3333E+00,
15:25:03.66373173, 3.3333E-02, 6.0000E-01, 1.0667E+00,
15:25:03.66373178, 0.0000E+00, 8.0000E-01, 1.6000E+00,
15:25:03.66373183, 3.3333E-02, 7.3333E-01, 1.2000E+00,
15:25:03.66373188, 3.3333E-02, 8.0000E-01, 1.4667E+00,
15:25:03.66373193, 0.0000E+00, 6.6667E-01, 1.2000E+00,
15:25:03.66373198, 6.6667E-02, 8.6667E-01, 1.4667E+00,
15:25:03.66373203, 3.3333E-02, 8.6667E-01, 1.4667E+00,
15:25:03.66373208, 3.3333E-02, 8.0000E-01, 1.3333E+00,
15:25:03.66373213,-1.0000E-01, 8.0000E-01, 1.2000E+00,
15:25:03.66373218,-3.3333E-02, 7.3333E-01, 1.3333E+00,
15:25:03.66373223, 0.0000E+00, 8.0000E-01, 1.4667E+00,
15:25:03.66373228, 0.0000E+00, 8.0000E-01, 1.6000E+00,
15:25:03.66373233,-3.3333E-02, 7.3333E-01, 1.3333E+00,
15:25:03.66373238, 0.0000E+00, 6.0000E-01, 1.6000E+00,
15:25:03.66373243, 3.3333E-02, 7.3333E-01, 1.6000E+00,
15:25:03.66373248, 3.3333E-02, 7.3333E-01, 1.6000E+00,
15:25:03.66373253, 6.6667E-02, 7.3333E-01, 1.0667E+00,
15:25:03.66373258, 6.6667E-02, 9.3333E-01, 1.2000E+00,
15:25:03.66373263,-6.6667E-02, 8.0000E-01, 1.2000E+00,
15:25:03.66373268, 6.6667E-02, 9.3333E-01, 1.7333E+00,
15:25:03.66373273,-3.3333E-02, 8.0000E-01, 1.4667E+00,
15:25:03.66373278,-3.3333E-02, 8.0000E-01, 1.4667E+00,
15:25:03.66373283, 3.3333E-02, 6.6667E-01, 1.3333E+00,
15:25:03.66373288,-3.3333E-02, 7.3333E-01, 1.6000E+00,
15:25:03.66373293, 6.6667E-02, 8.6667E-01, 1.6000E+00,
15:25:03.66373298, 3.3333E-02, 8.6667E-01, 1.3333E+00,
15:25:03.66373303, 1.0000E-01, 8.6667E-01, 1.4667E+00,
15:25:03.66373308, 0.0000E+00, 8.6667E-01, 1.4667E+00,
15:25:03.66373313, 3.3333E-02, 6.6667E-01, 1.0667E+00,
15:25:03.66373318, 0.0000E+00, 7.3333E-01, 1.2000E+00,
15:25:03.66373323,-3.3333E-02, 6.6667E-01, 1.7333E+00,
15:25:03.66373328, 0.0000E+00, 6.0000E-01, 1.6000E+00,
15:25:03.66373333, 3.3333E-02, 8.6667E-01, 1.6000E+00,
15:25:03.66373338, 3.3333E-02, 8.0000E-01, 1.4667E+00,
15:25:03.66373343, 0.0000E+00, 6.6667E-01, 1.0667E+00,
15:25:03.66373348, 3.3333E-02, 8.0000E-01, 1.3333E+00,
15:25:03.66373353, 3.3333E-02, 8.0000E-01, 1.6000E+00,
15:25:03.66373358, 6.6667E-02, 8.6667E-01, 1.3333E+00,
15:25:03.66373363,-3.3333E-02, 7.3333E-01, 1.2000E+00,
15:25:03.66373368, 0.0000E+00, 7.3333E-01, 1.7333E+00,
15:25:03.66373373, 0.0000E+00, 8.0000E-01, 1.4667E+00,
15:25:03.66373378, 0.0000E+00, 8.0000E-01, 1.3333E+00,
15:25:03.66373383, 3.3333E-02, 8.0000E-01, 1.3333E+00,
15:25:03.66373388, 3.3333E-02, 8.6667E-01, 1.4667E+00,
15:25:03.66373393, 0.0000E+00, 8.0000E-01, 1.3333E+00,
15:25:03.66373398,-6.6667E-02, 8.0000E-01, 1.3333E+00,
15:25:03.66373403, 6.6667E-02, 9.3333E-01, 1.6000E+00,
15:25:03.66373408, 0.0000E+00, 7.3333E-01, 1.4667E+00,
15:25:03.66373413,-3.3333E-02, 8.6667E-01, 1.6000E+00,
15:25:03.66373418, 3.3333E-02, 8.0000E-01, 1.4667E+00,
15:25:03.66373423, 3.3333E-02, 6.0000E-01, 1.4667E+00,
15:25:03.66373428, 6.6667E-02, 8.6667E-01, 1.6000E+00,
15:25:03.66373433,-6.6667E-02, 7.3333E-01, 1.4667E+00,
15:25:03.66373438, 3.3333E-02, 8.0000E-01, 1.3333E+00,
15:25:03.66373443, 0.0000E+00, 9.3333E-01, 1.4667E+00,
15:25:03.66373448, 6.6667E-02, 8.6667E-01, 1.6000E+00,
15:25:03.66373453,-3.3333E-02, 6.6667E-01, 1.4667E+00,
15:25:03.66373458, 0.0000E+00, 8.6667E-01, 1.3333E+00,
15:25:03.66373463, 0.0000E+00, 6.6667E-01, 1.2000E+00,
15:25:03.66373468, 0.0000E+00, 8.0000E-01, 1.0667E+00,
15:25:03.66373473,-3.3333E-02, 6.6667E-01, 1.4667E+00,
15:25:03.66373478, 0.0000E+00, 8.0000E-01, 1.4667E+00,
15:25:03.66373483, 0.0000E+00, 6.0000E-01, 1.4667E+00,
15:25:03.66373488, 0.0000E+00, 7.3333E-01, 1.6000E+00,
15:25:03.66373493, 0.0000E+00, 8.6667E-01, 1.3333E+00,
15:25:03.66373498, 6.6667E-02, 8.0000E-01, 1.2000E+00,
15:25:03.66373503, 6.6667E-02, 6.0000E-01, 1.3333E+00,
15:25:03.66373508, 3.3333E-02, 8.6667E-01, 1.0667E+00,
15:25:03.66373513, 3.3333E-02, 7.3333E-01, 1.4667E+00,
15:25:03.66373518, 6.6667E-02, 8.6667E-01, 1.6000E+00,
15:25:03.66373523, 0.0000E+00, 8.0000E-01, 1.4667E+00,
15:25:03.66373528, 6.6667E-02, 7.3333E-01, 1.3333E+00,
15:25:03.66373533, 0.0000E+00, 8.6667E-01, 1.7333E+00,
15:25:03.66373538,-6.6667E-02, 7.3333E-01, 1.3333E+00,
15:25:03.66373543, 0.0000E+00, 8.6667E-01, 1.3333E+00,
15:25:03.66373548, 0.0000E+00, 9.3333E-01, 1.3333E+00,
15:25:03.66373553,-3.3333E-02, 8.0000E-01, 1.3333E+00,
15:25:03.66373558,-3.3333E-02, 8.6667E-01, 1.4667E+00,
15:25:03.66373563, 3.3333E-02, 8.0000E-01, 1.3333E+00,
15:25:03.66373568, 3.3333E-02, 7.3333E-01, 1.2000E+00,
15:25:03.66373573, 6.6667E-02, 8.0000E-01, 1.3333E+00,
15:25:03.66373578, 0.0000E+00, 8.6667E-01, 1.4667E+00,
15:25:03.66373583, 3.3333E-02, 7.3333E-01, 1.3333E+00,
15:25:03.66373588, 0.0000E+00, 8.0000E-01, 1.3333E+00,
15:25:03.66373593, 0.0000E+00, 7.3333E-01, 1.4667E+00,
15:25:03.66373598, 1.0000E-01, 6.6667E-01, 1.3333E+00,
15:25:03.66373603,-3.3333E-02, 8.0000E-01, 1.4667E+00,
15:25:03.66373608, 0.0000E+00, 8.6667E-01, 1.7333E+00,
15:25:03.66373613,-6.6667E-02, 8.0000E-01, 1.6000E+00,
15:25:03.66373618, 3.3333E-02, 8.6667E-01, 9.3333E-01,
15:25:03.66373623, 0.0000E+00, 8.0000E-01, 1.4667E+00,
15:25:03.66373628, 6.6667E-02, 8.6667E-01, 1.4667E+00,
15:25:03.66373633, 0.0000E+00, 7.3333E-01, 1.6000E+00,
15:25:03.66373638, 3.3333E-02, 6.6667E-01, 1.6000E+00,
15:25:03.66373643, 0.0000E+00, 6.6667E-01, 1.6000E+00,
15:25:03.66373648, 3.3333E-02, 8.0000E-01, 1.7333E+00,
15:25:03.66373653, 0.0000E+00, 7.3333E-01, 1.3333E+00,
15:25:03.66373658,-6.6667E-02, 6.6667E-01, 1.6000E+00,
15:25:03.66373663,-6.6667E-02, 7.3333E-01, 1.3333E+00,
15:25:03.66373668, 3.3333E-02, 7.3333E-01, 1.4667E+00,
15:25:03.66373673, 3.3333E-02, 8.0000E-01, 1.3333E+00,
15:25:03.66373678, 3.3333E-02, 6.6667E-01, 1.3333E+00,
15:25:03.66373683, 6.6667E-02, 7.3333E-01, 1.4667E+00,
15:25:03.66373688, 1.3333E-01, 7.3333E-01, 1.3333E+00,
15:25:03.66373693, 3.3333E-02, 7.3333E-01, 1.7333E+00,
15:25:03.66373698,-3.3333E-02, 7.3333E-01, 1.2000E+00,
15:25:03.66373703, 0.0000E+00, 8.0000E-01, 1.3333E+00,
15:25:03.66373708,-3.3333E-02, 6.6667E-01, 1.4667E+00,
15:25:03.66373713, 6.6667E-02, 8.0000E-01, 1.6000E+00,
15:25:03.66373718,-6.6667E-02, 8.0000E-01, 1.6000E+00,
15:25:03.66373723, 3.3333E-02, 7.3333E-01, 1.3333E+00,
15:25:03.66373728, 3.3333E-02, 8.0000E-01, 1.3333E+00,
15:25:03.66373733, 1.0000E-01, 8.6667E-01, 1.3333E+00,
15:25:03.66373738, 6.6667E-02, 8.0000E-01, 1.2000E+00,
15:25:03.66373743, 3.3333E-02, 8.0000E-01, 1.3333E+00,
15:25:03.66373748,-6.6667E-02, 9.3333E-01, 1.3333E+00,
15:25:03.66373753, 0.0000E+00, 8.6667E-01, 1.3333E+00,
15:25:03.66373758,-3.3333E-02, 7.3333E-01, 1.3333E+00,
15:25:03.66373763,-3.3333E-02, 7.3333E-01, 1.3333E+00,
15:25:03.66373768, 0.0000E+00, 8.0000E-01, 1.6000E+00,
15:25:03.66373773, 6.6667E-02, 6.6667E-01, 1.4667E+00,
15:25:03.66373778, 3.3333E-02, 7.3333E-01, 1.4667E+00,
15:25:03.66373783, 0.0000E+00, 8.0000E-01, 1.4667E+00,
15:25:03.66373788, 3.3333E-02, 7.3333E-01, 1.3333E+00,
15:25:03.66373793, 6.6667E-02, 7.3333E-01, 1.3333E+00,
15:25:03.66373798, 6.6667E-02, 6.6667E-01, 1.6000E+00,
15:25:03.66373803, 6.6667E-02, 7.3333E-01, 1.3333E+00,
15:25:03.66373808, 0.0000E+00, 8.0000E-01, 1.2000E+00,
15:25:03.66373813, 0.0000E+00, 8.0000E-01, 1.6000E+00,
15:25:03.66373818, 0.0000E+00, 8.0000E-01, 1.6000E+00,
15:25:03.66373823, 0.0000E+00, 9.3333E-01, 1.3333E+00,
15:25:03.66373828,-3.3333E-02, 8.6667E-01, 1.4667E+00,
15:25:03.66373833, 0.0000E+00, 8.0000E-01, 1.7333E+00,
15:25:03.66373838, 3.3333E-02, 8.0000E-01, 1.2000E+00,
15:25:03.66373843,-3.3333E-02, 5.3333E-01, 1.2000E+00,
15:25:03.66373848, 3.3333E-02, 8.0000E-01, 1.4667E+00,
15:25:03.66373853,-3.3333E-02, 7.3333E-01, 1.6000E+00,
15:25:03.66373858, 3.3333E-02, 8.6667E-01, 1.6000E+00,
15:25:03.66373863, 1.0000E-01, 8.0000E-01, 1.6000E+00,
15:25:03.66373868, 6.6667E-02, 8.0000E-01, 1.3333E+00,
15:25:03.66373873, 6.6667E-02, 8.0000E-01, 1.7333E+00,
15:25:03.66373878, 0.0000E+00, 7.3333E-01, 1.3333E+00,
15:25:03.66373883, 6.6667E-02, 7.3333E-01, 1.7333E+00,
15:25:03.66373888, 3.3333E-02, 6.6667E-01, 1.4667E+00,
15:25:03.66373893, 3.3333E-02, 8.6667E-01, 1.4667E+00,
15:25:03.66373898, 3.3333E-02, 1.0000E+00, 1.0667E+00,
15:25:03.66373903,-3.3333E-02, 8.6667E-01, 1.4667E+00,
15:25:03.66373908,-3.3333E-02, 8.6667E-01, 1.4667E+00,
15:25:03.66373913, 3.3333E-02, 6.6667E-01, 1.4667E+00,
15:25:03.66373918, 6.6667E-02, 7.3333E-01, 1.2000E+00,
15:25:03.66373923, 3.3333E-02, 8.6667E-01, 1.3333E+00,
15:25:03.66373928, 0.0000E+00, 7.3333E-01, 1.0667E+00,
15:25:03.66373933, 0.0000E+00, 8.0000E-01, 1.4667E+00,
15:25:03.66373938, 0.0000E+00, 8.0000E-01, 1.3333E+00,
15:25:03.66373943, 3.3333E-02, 6.6667E-01, 1.6000E+00,
15:25:03.66373948, 0.0000E+00, 6.6667E-01, 1.6000E+00,
15:25:03.66373953,-3.3333E-02, 7.3333E-01, 1.4667E+00,
15:25:03.66373958,-3.3333E-02, 8.0000E-01, 1.3333E+00,
15:25:03.66373963, 0.0000E+00, 7.3333E-01, 1.2000E+00,
15:25:03.66373968, 3.3333E-02, 8.6667E-01, 1.3333E+00,
15:25:03.66373973,-3.3333E-02, 9.3333E-01, 1.0667E+00,
15:25:03.66373978, 3.3333E-02, 8.0000E-01, 1.4667E+00,
15:25:03.66373983, 0.0000E+00, 8.0000E-01, 1.3333E+00,
15:25:03.66373988, 0.0000E+00, 8.6667E-01, 1.4667E+00,
15:25:03.66373993,-3.3333E-02, 6.0000E-01, 1.2000E+00,
15:25:03.66373998,-3.3333E-02, 6.6667E-01, 1.3333E+00,
15:25:03.66374003, 0.0000E+00, 9.3333E-01, 1.3333E+00,
15:25:03.66374008, 6.6667E-02, 6.6667E-01, 1.3333E+00,
15:25:03.66374013, 3.3333E-02, 8.6667E-01, 1.7333E+00,
15:25:03.66374018, 0.0000E+00, 8.0000E-01, 1.4667E+00,
15:25:03.66374023, 3.3333E-02, 6.6667E-01, 1.2000E+00,
15:25:03.66374028, 0.0000E+00, 8.0000E-01, 1.3333E+00,
15:25:03.66374033,-3.3333E-02, 6.6667E-01, 1.4667E+00,
15:25:03.66374038, 0.0000E+00, 7.3333E-01, 1.3333E+00,
15:25:03.66374043, 3.3333E-02, 8.0000E-01, 1.4667E+00,
15:25:03.66374048,-6.6667E-02, 7.3333E-01, 1.3333E+00,
15:25:03.66374053,-6.6667E-02, 6.6667E-01, 1.3333E+00,
15:25:03.66374058, 0.0000E+00, 7.3333E-01, 1.4667E+00,
15:25:03.66374063, 0.0000E+00, 7.3333E-01, 1.4667E+00,
15:25:03.66374068, 3.3333E-02, 8.0000E-01, 1.4667E+00,
15:25:03.66374073, 0.0000E+00, 6.6667E-01, 1.4667E+00,
15:25:03.66374078, 6.6667E-02, 8.6667E-01, 1.7333E+00,
15:25:03.66374083, 6.6667E-02, 8.0000E-01, 1.3333E+00,
15:25:03.66374088,-6.6667E-02, 8.0000E-01, 1.7333E+00,
15:25:03.66374093, 0.0000E+00, 6.6667E-01, 1.6000E+00,
15:25:03.66374098, 0.0000E+00, 7.3333E-01, 1.6000E+00,
15:25:03.66374103, 3.3333E-02, 8.6667E-01, 1.6000E+00,
15:25:03.66374108,-6.6667E-02, 6.6667E-01, 1.2000E+00,
15:25:03.66374113, 6.6667E-02, 8.0000E-01, 1.3333E+00,
15:25:03.66374118, 6.6667E-02, 7.3333E-01, 1.3333E+00,
15:25:03.66374123, 0.0000E+00, 6.6667E-01, 1.3333E+00,
15:25:03.66374128, 0.0000E+00, 7.3333E-01, 1.4667E+00,
15:25:03.66374133, 0.0000E+00, 7.3333E-01, 1.2000E+00,
15:25:03.66374138,-3.3333E-02, 8.0000E-01, 1.4667E+00,
15:25:03.66374143, 0.0000E+00, 8.0000E-01, 1.3333E+00,
15:25:03.66374148,-3.3333E-02, 7.3333E-01, 1.4667E+00,
15:25:03.66374153, 6.6667E-02, 6.6667E-01, 1.2000E+00,
15:25:03.66374158, 0.0000E+00, 7.3333E-01, 1.2000E+00,
15:25:03.66374163,-3.3333E-02, 8.0000E-01, 1.2000E+00,
15:25:03.66374168, 6.6667E-02, 6.0000E-01, 1.3333E+00,
15:25:03.66374173,-6.6667E-02, 6.6667E-01, 1.6000E+00,
15:25:03.66374178, 0.0000E+00, 7.3333E-01, 1.3333E+00,
15:25:03.66374183, 6.6667E-02, 6.0000E-01, 1.3333E+00,
15:25:03.66374188, 0.0000E+00, 8.0000E-01, 1.0667E+00,
15:25:03.66374193, 3.3333E-02, 7.3333E-01, 1.4667E+00,
15:25:03.66374198, 0.0000E+00, 8.0000E-01, 1.4667E+00,
15:25:03.66374203, 0.0000E+00, 9.3333E-01, 1.7333E+00,
15:25:03.66374208, 0.0000E+00, 6.6667E-01, 1.2000E+00,
15:25:03.66374213, 0.0000E+00, 9.3333E-01, 1.2000E+00,
15:25:03.66374218, 3.3333E-02, 8.6667E-01, 1.2000E+00,
15:25:03.66374223,-3.3333E-02, 8.6667E-01, 1.3333E+00,
15:25:03.66374228, 3.3333E-02, 8.0000E-01, 1.3333E+00,
15:25:03.66374233,-3.3333E-02, 8.0000E-01, 1.0667E+00,
15:25:03.66374238, 3.3333E-02, 7.3333E-01, 1.2000E+00,
15:25:03.66374243, 3.3333E-02, 8.0000E-01, 1.6000E+00,
15:25:03.66374248,-6.6667E-02, 8.0000E-01, 1.4667E+00,
15:25:03.66374253, 6.6667E-02, 8.0000E-01, 1.6000E+00,
15:25:03.66374258, 6.6667E-02, 8.0000E-01, 1.2000E+00,
15:25:03.66374263, 0.0000E+00, 7.3333E-01, 1.7333E+00,
15:25:03.66374268, 6.6667E-02, 6.6667E-01, 1.3333E+00,
15:25:03.66374273, 3.3333E-02, 7.3333E-01, 1.3333E+00,
15:25:03.66374278, 3.3333E-02, 8.0000E-01, 1.2000E+00,
15:25:03.66374283,-3.3333E-02, 6.6667E-01, 1.6000E+00,
15:25:03.66374288, 3.3333E-02, 8.6667E-01, 1.4667E+00,
15:25:03.66374293,-3.3333E-02, 7.3333E-01, 1.7333E+00,
15:25:03.66374298, 6.6667E-02, 8.0000E-01, 1.3333E+00,
15:25:03.66374303,-6.6667E-02, 8.6667E-01, 1.4667E+00,
15:25:03.66374308, 6.6667E-02, 7.3333E-01, 1.4667E+00,
15:25:03.66374313, 0.0000E+00, 7.3333E-01, 1.4667E+00,
15:25:03.66374318, 0.0000E+00, 7.3333E-01, 1.3333E+00,
15:25:03.66374323, 0.0000E+00, 8.6667E-01, 1.3333E+00,
15:25:03.66374328,-3.3333E-02, 8.0000E-01, 1.3333E+00,
15:25:03.66374333, 0.0000E+00, 8.6667E-01, 1.3333E+00,
15:25:03.66374338, 0.0000E+00, 7.3333E-01, 1.2000E+00,
15:25:03.66374343, 0.0000E+00, 8.0000E-01, 8.0000E-01,
15:25:03.66374348, 3.3333E-02, 7.3333E-01, 1.8667E+00,
15:25:03.66374353, 3.3333E-02, 8.0000E-01, 1.4667E+00,
15:25:03.66374358, 6.6667E-02, 7.3333E-01, 1.3333E+00,
15:25:03.66374363, 0.0000E+00, 8.6667E-01, 1.0667E+00,
15:25:03.66374368, 0.0000E+00, 9.3333E-01, 1.4667E+00,
15:25:03.66374373,-6.6667E-02, 8.0000E-01, 1.2000E+00,
15:25:03.66374378, 1.0000E-01, 8.6667E-01, 1.3333E+00,
15:25:03.66374383, 0.0000E+00, 8.0000E-01, 1.4667E+00,
15:25:03.66374388, 3.3333E-02, 8.0000E-01, 1.8667E+00,
15:25:03.66374393,-3.3333E-02, 9.3333E-01, 1.3333E+00,
15:25:03.66374398, 6.6667E-02, 8.0000E-01, 1.7333E+00,
15:25:03.66374403, 6.6667E-02, 8.0000E-01, 1.3333E+00,
15:25:03.66374408,-3.3333E-02, 8.6667E-01, 1.3333E+00,
15:25:03.66374413,-3.3333E-02, 6.6667E-01, 1.3333E+00,
15:25:03.66374418,-3.3333E-02, 8.0000E-01, 1.6000E+00,
15:25:03.66374423,-3.3333E-02, 8.0000E-01, 1.4667E+00,
15:25:03.66374428, 0.0000E+00, 8.0000E-01, 1.4667E+00,
15:25:03.66374433, 0.0000E+00, 8.6667E-01, 1.4667E+00,
15:25:03.66374438, 3.3333E-02, 8.0000E-01, 1.3333E+00,
15:25:03.66374443, 0.0000E+00, 8.0000E-01, 1.4667E+00,
15:25:03.66374448, 0.0000E+00, 7.3333E-01, 1.6000E+00,
15:25:03.66374453, 0.0000E+00, 7.3333E-01, 1.6000E+00,
15:25:03.66374458, 0.0000E+00, 8.6667E-01, 1.4667E+00,
15:25:03.66374463, 0.0000E+00, 6.6667E-01, 1.4667E+00,
15:25:03.66374468, 0.0000E+00, 8.0000E-01, 1.3333E+00,
15:25:03.66374473, 3.3333E-02, 6.6667E-01, 1.3333E+00,
15:25:03.66374478, 0.0000E+00, 8.0000E-01, 1.2000E+00,
15:25:03.66374483, 1.0000E-01, 8.0000E-01, 1.4667E+00,
15:25:03.66374488,-3.3333E-02, 7.3333E-01, 1.3333E+00,
15:25:03.66374493, 3.3333E-02, 7.3333E-01, 1.3333E+00,
15:25:03.66374498, 3.3333E-02, 7.3333E-01, 1.7333E+00,
15:25:03.66374503, 6.6667E-02, 6.6667E-01, 1.4667E+00,
15:25:03.66374508, 6.6667E-02, 8.0000E-01, 1.4667E+00,
15:25:03.66374513, 6.6667E-02, 8.6667E-01, 1.3333E+00,
15:25:03.66374518, 3.3333E-02, 8.0000E-01, 1.3333E+00,
15:25:03.66374523, 6.6667E-02, 8.0000E-01, 1.3333E+00,
15:25:03.66374528, 3.3333E-02, 8.0000E-01, 1.3333E+00,
15:25:03.66374533, 6.6667E-02, 6.6667E-01, 1.6000E+00,
15:25:03.66374538, 6.6667E-02, 8.0000E-01, 1.6000E+00,
15:25:03.66374543, 3.3333E-02, 7.3333E-01, 1.3333E+00,
15:25:03.66374548, 6.6667E-02, 7.3333E-01, 1.4667E+00,
15:25:03.66374553, 3.3333E-02, 8.6667E-01, 1.2000E+00,
15:25:03.66374558, 6.6667E-02, 8.6667E-01, 1.2000E+00,
15:25:03.66374563,-6.6667E-02, 8.0000E-01, 1.0667E+00,
15:25:03.66374568, 3.3333E-02, 9.3333E-01, 1.3333E+00,
15:25:03.66374573, 3.3333E-02, 8.6667E-01, 1.4667E+00,
15:25:03.66374578, 3.3333E-02, 8.0000E-01, 1.4667E+00,
15:25:03.66374583, 3.3333E-02, 7.3333E-01, 1.3333E+00,
15:25:03.66374588, 3.3333E-02, 8.6667E-01, 1.3333E+00,
15:25:03.66374593, 3.3333E-02, 8.6667E-01, 1.4667E+00,
15:25:03.66374598, 3.3333E-02, 8.0000E-01, 1.4667E+00,
15:25:03.66374603, 0.0000E+00, 8.0000E-01, 1.6000E+00,
15:25:03.66374608,-3.3333E-02, 7.3333E-01, 1.4667E+00,
15:25:03.66374613, 0.0000E+00, 7.3333E-01, 1.4667E+00,
15:25:03.66374618,-3.3333E-02, 6.6667E-01, 1.4667E+00,
15:25:03.66374623, 0.0000E+00, 6.6667E-01, 1.4667E+00,
15:25:03.66374628, 3.3333E-02, 8.6667E-01, 1.2000E+00,
15:25:03.66374633, 3.3333E-02, 8.0000E-01, 1.4667E+00,
15:25:03.66374638, 0.0000E+00, 7.3333E-01, 1.6000E+00,
15:25:03.66374643, 0.0000E+00, 8.6667E-01, 1.4667E+00,
15:25:03.66374648, 1.0000E-01, 6.6667E-01, 1.7333E+00,
15:25:03.66374653, 3.3333E-02, 7.3333E-01, 1.4667E+00,
15:25:03.66374658, 3.3333E-02, 7.3333E-01, 1.6000E+00,
15:25:03.66374663, 0.0000E+00, 8.6667E-01, 1.6000E+00,
15:25:03.66374668,-3.3333E-02, 9.3333E-01, 1.3333E+00,
15:25:03.66374673, 0.0000E+00, 8.6667E-01, 1.4667E+00,
15:25:03.66374678, 0.0000E+00, 8.0000E-01, 1.3333E+00,
15:25:03.66374683,-3.3333E-02, 7.3333E-01, 1.6000E+00,
15:25:03.66374688, 3.3333E-02, 8.0000E-01, 1.4667E+00,
15:25:03.66374693, 3.3333E-02, 8.6667E-01, 1.6000E+00,
15:25:03.66374698, 3.3333E-02, 8.6667E-01, 1.2000E+00,
15:25:03.66374703,-3.3333E-02, 7.3333E-01, 1.6000E+00,
15:25:03.66374708, 0.0000E+00, 8.0000E-01, 1.3333E+00,
15:25:03.66374713, 0.0000E+00, 7.3333E-01, 1.4667E+00,
15:25:03.66374718, 0.0000E+00, 8.0000E-01, 1.6000E+00,
15:25:03.66374723, 0.0000E+00, 8.6667E-01, 1.3333E+00,
15:25:03.66374728, 0.0000E+00, 7.3333E-01, 1.3333E+00,
15:25:03.66374733, 0.0000E+00, 9.3333E-01, 1.2000E+00,
15:25:03.66374738, 1.0000E-01, 8.6667E-01, 1.7333E+00,
15:25:03.66374743, 0.0000E+00, 6.6667E-01, 1.7333E+00,
15:25:03.66374748, 0.0000E+00, 8.6667E-01, 1.6000E+00,
15:25:03.66374753,-6.6667E-02, 6.6667E-01, 1.4667E+00,
15:25:03.66374758, 0.0000E+00, 9.3333E-01, 1.7333E+00,
15:25:03.66374763, 3.3333E-02, 6.6667E-01, 1.4667E+00,
15:25:03.66374768, 0.0000E+00, 6.0000E-01, 1.4667E+00,
15:25:03.66374773,-3.3333E-02, 8.6667E-01, 1.6000E+00,
15:25:03.66374778, 6.6667E-02, 7.3333E-01, 1.4667E+00,
15:25:03.66374783, 3.3333E-02, 8.0000E-01, 1.3333E+00,
15:25:03.66374788, 1.3333E-01, 7.3333E-01, 1.8667E+00,
15:25:03.66374793, 6.6667E-02, 8.6667E-01, 1.3333E+00,
15:25:03.66374798, 0.0000E+00, 8.0000E-01, 1.3333E+00,
15:25:03.66374803, 0.0000E+00, 8.0000E-01, 1.2000E+00,
15:25:03.66374808,-3.3333E-02, 8.0000E-01, 1.2000E+00,
15:25:03.66374813,-3.3333E-02, 9.3333E-01, 1.6000E+00,
15:25:03.66374818,-6.6667E-02, 8.6667E-01, 1.2000E+00,
15:25:03.66374823, 3.3333E-02, 6.6667E-01, 1.4667E+00,
15:25:03.66374828, 0.0000E+00, 6.0000E-01, 1.7333E+00,
15:25:03.66374833, 3.3333E-02, 8.0000E-01, 1.4667E+00,
15:25:03.66374838, 3.3333E-02, 6.6667E-01, 1.8667E+00,
15:25:03.66374843, 0.0000E+00, 8.0000E-01, 1.6000E+00,
15:25:03.66374848, 0.0000E+00, 1.0000E+00, 1.3333E+00,
15:25:03.66374853,-6.6667E-02, 8.0000E-01, 1.0667E+00,
15:25:03.66374858,-1.0000E-01, 8.0000E-01, 1.4667E+00,
15:25:03.66374863, 0.0000E+00, 8.0000E-01, 1.3333E+00,
15:25:03.66374868, 3.3333E-02, 8.6667E-01, 1.3333E+00,
15:25:03.66374873,-3.3333E-02, 8.0000E-01, 1.4667E+00,
15:25:03.66374878, 0.0000E+00, 7.3333E-01, 1.7333E+00,
15:25:03.66374883,-3.3333E-02, 6.6667E-01, 1.6000E+00,
15:25:03.66374888, 3.3333E-02, 8.0000E-01, 1.4667E+00,
15:25:03.66374893, 3.3333E-02, 7.3333E-01, 1.6000E+00,
15:25:03.66374898,-3.3333E-02, 6.6667E-01, 1.3333E+00,
15:25:03.66374903,-3.3333E-02, 6.6667E-01, 1.0667E+00,
15:25:03.66374908, 3.3333E-02, 6.6667E-01, 1.4667E+00,
15:25:03.66374913, 0.0000E+00, 8.0000E-01, 1.2000E+00,
15:25:03.66374918, 6.6667E-02, 8.6667E-01, 1.3333E+00,
15:25:03.66374923, 3.3333E-02, 8.0000E-01, 1.4667E+00,
15:25:03.66374928, 0.0000E+00, 7.3333E-01, 1.4667E+00,
15:25:03.66374933,-3.3333E-02, 7.3333E-01, 1.4667E+00,
15:25:03.66374938,-3.3333E-02, 8.0000E-01, 1.8667E+00,
15:25:03.66374943, 3.3333E-02, 8.0000E-01, 1.3333E+00,
15:25:03.66374948, 3.3333E-02, 7.3333E-01, 1.0667E+00,
15:25:03.66374953, 3.3333E-02, 7.3333E-01, 9.3333E-01,
15:25:03.66374958, 3.3333E-02, 6.6667E-01, 9.3333E-01,
15:25:03.66374963, 6.6667E-02, 6.0000E-01, 1.4667E+00,
15:25:03.66374968, 3.3333E-02, 8.0000E-01, 1.4667E+00,
15:25:03.66374973, 3.3333E-02, 8.0000E-01, 1.4667E+00,
15:25:03.66374978, 0.0000E+00, 8.6667E-01, 1.6000E+00,
15:25:03.66374983, 6.6667E-02, 7.3333E-01, 1.7333E+00,
15:25:03.66374988, 3.3333E-02, 7.3333E-01, 1.6000E+00,
15:25:03.66374993,-3.3333E-02, 1.0000E+00, 1.3333E+00,
15:25:03.66374998, 0.0000E+00, 9.3333E-01, 1.7333E+00,
15:25:03.66375003, 0.0000E+00, 9.3333E-01, 1.4667E+00,
15:25:03.66375008, 3.3333E-02, 8.0000E-01, 1.6000E+00,
15:25:03.66375013, 0.0000E+00, 8.6667E-01, 1.3333E+00,
15:25:03.66375018, 3.3333E-02, 8.6667E-01, 1.3333E+00,
15:25:03.66375023, 3.3333E-02, 6.6667E-01, 1.4667E+00,
15:25:03.66375028,-3.3333E-02, 7.3333E-01, 1.4667E+00,
15:25:03.66375033, 0.0000E+00, 8.0000E-01, 1.7333E+00,
15:25:03.66375038, 6.6667E-02, 8.6667E-01, 1.3333E+00,
15:25:03.66375043,-3.3333E-02, 8.6667E-01, 1.6000E+00,
15:25:03.66375048, 0.0000E+00, 8.0000E-01, 1.4667E+00,
15:25:03.66375053, 3.3333E-02, 8.0000E-01, 1.3333E+00,
15:25:03.66375058, 3.3333E-02, 8.0000E-01, 1.7333E+00,
15:25:03.66375063, 3.3333E-02, 7.3333E-01, 1.6000E+00,
15:25:03.66375068, 3.3333E-02, 8.0000E-01, 1.4667E+00,
15:25:03.66375073,-3.3333E-02, 8.0000E-01, 1.2000E+00,
15:25:03.66375078,-3.3333E-02, 7.3333E-01, 1.4667E+00,
15:25:03.66375083, 3.3333E-02, 7.3333E-01, 1.7333E+00,
15:25:03.66375088, 0.0000E+00, 8.0000E-01, 1.6000E+00,
15:25:03.66375093, 6.6667E-02, 6.6667E-01, 1.6000E+00,
15:25:03.66375098, 0.0000E+00, 6.0000E-01, 1.2000E+00,
15:25:03.66375103,-3.3333E-02, 8.0000E-01, 1.3333E+00,
15:25:03.66375108,-3.3333E-02, 8.0000E-01, 1.4667E+00,
15:25:03.66375113, 3.3333E-02, 6.0000E-01, 1.6000E+00,
15:25:03.66375118, 3.3333E-02, 7.3333E-01, 1.7333E+00,
15:25:03.66375123, 3.3333E-02, 6.6667E-01, 1.4667E+00,
15:25:03.66375128, 1.3333E-01, 6.0000E-01, 1.4667E+00,
15:25:03.66375133, 0.0000E+00, 6.6667E-01, 1.3333E+00,
15:25:03.66375138, 0.0000E+00, 6.6667E-01, 1.3333E+00,
15:25:03.66375143,-3.3333E-02, 6.6667E-01, 1.3333E+00,
15:25:03.66375148, 3.3333E-02, 8.0000E-01, 1.4667E+00,
15:25:03.66375153, 0.0000E+00, 8.0000E-01, 1.2000E+00,
15:25:03.66375158, 6.6667E-02, 8.0000E-01, 1.4667E+00,
15:25:03.66375163, 6.6667E-02, 8.0000E-01, 1.2000E+00,
15:25:03.66375168, 6.6667E-02, 6.0000E-01, 1.4667E+00,
15:25:03.66375173, 6.6667E-02, 9.3333E-01, 1.3333E+00,
15:25:03.66375178,-3.3333E-02, 6.6667E-01, 1.6000E+00,
15:25:03.66375183,-3.3333E-02, 6.6667E-01, 1.7333E+00,
15:25:03.66375188,-3.3333E-02, 8.6667E-01, 1.4667E+00,
15:25:03.66375193, 0.0000E+00, 6.0000E-01, 1.3333E+00,
15:25:03.66375198, 0.0000E+00, 7.3333E-01, 1.6000E+00,
15:25:03.66375203, 3.3333E-02, 8.0000E-01, 1.4667E+00,
15:25:03.66375208, 0.0000E+00, 8.0000E-01, 1.3333E+00,
15:25:03.66375213, 1.0000E-01, 8.0000E-01, 1.6000E+00,
15:25:03.66375218, 6.6667E-02, 8.0000E-01, 1.4667E+00,
15:25:03.66375223, 3.3333E-02, 7.3333E-01, 1.4667E+00,
15:25:03.66375228, 3.3333E-02, 8.6667E-01, 1.3333E+00,
15:25:03.66375233, 0.0000E+00, 9.3333E-01, 1.7333E+00,
15:25:03.66375238,-3.3333E-02, 9.3333E-01, 1.4667E+00,
15:25:03.66375243, 3.3333E-02, 7.3333E-01, 1.3333E+00,
15:25:03.66375248,-3.3333E-02, 8.0000E-01, 1.2000E+00,
15:25:03.66375253,-3.3333E-02, 8.6667E-01, 1.2000E+00,
15:25:03.66375258, 3.3333E-02, 8.6667E-01, 1.3333E+00,
15:25:03.66375263, 6.6667E-02, 7.3333E-01, 1.8667E+00,
15:25:03.66375268, 0.0000E+00, 8.0000E-01, 1.7333E+00,
15:25:03.66375273, 3.3333E-02, 7.3333E-01, 1.6000E+00,
15:25:03.66375278, 0.0000E+00, 8.0000E-01, 1.3333E+00,
15:25:03.66375283,-6.6667E-02, 8.0000E-01, 1.3333E+00,
15:25:03.66375288, 3.3333E-02, 8.0000E-01, 1.4667E+00,
15:25:03.66375293, 0.0000E+00, 7.3333E-01, 1.3333E+00,
15:25:03.66375298,-6.6667E-02, 7.3333E-01, 1.6000E+00,
15:25:03.66375303, 0.0000E+00, 6.6667E-01, 1.3333E+00,
15:25:03.66375308, 1.0000E-01, 7.3333E-01, 1.2000E+00,
15:25:03.66375313, 0.0000E+00, 8.0000E-01, 1.4667E+00,
15:25:03.66375318, 0.0000E+00, 6.6667E-01, 1.4667E+00,
15:25:03.66375323, 0.0000E+00, 8.0000E-01, 1.6000E+00,
15:25:03.66375328, 3.3333E-02, 8.0000E-01, 1.2000E+00,
15:25:03.66375333,-6.6667E-02, 8.0000E-01, 1.4667E+00,
15:25:03.66375338, 0.0000E+00, 8.0000E-01, 1.3333E+00,
15:25:03.66375343, 6.6667E-02, 7.3333E-01, 1.7333E+00,
15:25:03.66375348,-6.6667E-02, 6.6667E-01, 1.7333E+00,
15:25:03.66375353, 0.0000E+00, 8.0000E-01, 1.4667E+00,
15:25:03.66375358, 0.0000E+00, 6.6667E-01, 1.4667E+00,
15:25:03.66375363, 6.6667E-02, 7.3333E-01, 1.6000E+00,
15:25:03.66375368, 0.0000E+00, 8.0000E-01, 1.6000E+00,
15:25:03.66375373, 0.0000E+00, 8.0000E-01, 1.2000E+00,
15:25:03.66375378, 0.0000E+00, 7.3333E-01, 1.6000E+00,
15:25:03.66375383, 0.0000E+00, 8.0000E-01, 1.2000E+00,
15:25:03.66375388, 0.0000E+00, 7.3333E-01, 1.4667E+00,
15:25:03.66375393, 6.6667E-02, 7.3333E-01, 1.2000E+00,
15:25:03.66375398, 3.3333E-02, 8.0000E-01, 1.2000E+00,
15:25:03.66375403, 3.3333E-02, 6.6667E-01, 1.4667E+00,
15:25:03.66375408,-6.6667E-02, 7.3333E-01, 1.0667E+00,
15:25:03.66375413, 3.3333E-02, 7.3333E-01, 1.4667E+00,
15:25:03.66375418, 1.3333E-01, 7.3333E-01, 1.4667E+00,
15:25:03.66375423,-3.3333E-02, 9.3333E-01, 1.7333E+00,
15:25:03.66375428,-3.3333E-02, 8.6667E-01, 1.6000E+00,
15:25:03.66375433,-6.6667E-02, 8.6667E-01, 1.2000E+00,
15:25:03.66375438, 0.0000E+00, 6.6667E-01, 1.6000E+00,
15:25:03.66375443, 0.0000E+00, 1.0000E+00, 1.3333E+00,
15:25:03.66375448, 6.6667E-02, 8.0000E-01, 1.3333E+00,
15:25:03.66375453, 0.0000E+00, 8.0000E-01, 1.3333E+00,
15:25:03.66375458,-3.3333E-02, 7.3333E-01, 1.3333E+00,
15:25:03.66375463,-3.3333E-02, 7.3333E-01, 1.7333E+00,
15:25:03.66375468, 6.6667E-02, 8.6667E-01, 1.4667E+00,
15:25:03.66375473, 0.0000E+00, 7.3333E-01, 1.6000E+00,
15:25:03.66375478, 6.6667E-02, 6.6667E-01, 1.6000E+00,
15:25:03.66375483, 3.3333E-02, 7.3333E-01, 1.7333E+00,
15:25:03.66375488, 3.3333E-02, 8.0000E-01, 1.3333E+00,
15:25:03.66375493, 3.3333E-02, 6.6667E-01, 1.3333E+00,
15:25:03.66375498, 0.0000E+00, 8.6667E-01, 1.6000E+00,
15:25:03.66375503, 0.0000E+00, 8.0000E-01, 1.6000E+00,
15:25:03.66375508, 3.3333E-02, 8.0000E-01, 1.7333E+00,
15:25:03.66375513, 3.3333E-02, 8.0000E-01, 1.3333E+00,
15:25:03.66375518, 3.3333E-02, 8.0000E-01, 1.4667E+00,
15:25:03.66375523, 3.3333E-02, 6.6667E-01, 1.8667E+00,
15:25:03.66375528,-3.3333E-02, 7.3333E-01, 1.2000E+00,
15:25:03.66375533, 1.0000E-01, 6.0000E-01, 1.3333E+00,
15:25:03.66375538, 0.0000E+00, 8.0000E-01, 1.7333E+00,
15:25:03.66375543, 3.3333E-02, 8.0000E-01, 1.4667E+00,
15:25:03.66375548, 0.0000E+00, 6.6667E-01, 1.2000E+00,
15:25:03.66375553, 0.0000E+00, 8.0000E-01, 1.4667E+00,
15:25:03.66375558, 0.0000E+00, 9.3333E-01, 1.7333E+00,
15:25:03.66375563, 0.0000E+00, 6.6667E-01, 1.3333E+00,
15:25:03.66375568, 3.3333E-02, 7.3333E-01, 1.4667E+00,
15:25:03.66375573, 0.0000E+00, 6.6667E-01, 1.4667E+00,
15:25:03.66375578,-3.3333E-02, 8.0000E-01, 1.6000E+00,
15:25:03.66375583,-3.3333E-02, 8.0000E-01, 1.3333E+00,
15:25:03.66375588, 3.3333E-02, 8.6667E-01, 1.2000E+00,
15:25:03.66375593,-6.6667E-02, 8.0000E-01, 1.6000E+00,
15:25:03.66375598, 0.0000E+00, 6.6667E-01, 1.3333E+00,
15:25:03.66375603, 1.0000E-01, 8.0000E-01, 1.6000E+00,
15:25:03.66375608, 3.3333E-02, 6.6667E-01, 1.6000E+00,
15:25:03.66375613, 3.3333E-02, 7.3333E-01, 1.4667E+00,
15:25:03.66375618, 3.3333E-02, 7.3333E-01, 1.4667E+00,
15:25:03.66375623, 0.0000E+00, 7.3333E-01, 1.7333E+00,
15:25:03.66375628, 0.0000E+00, 7.3333E-01, 1.3333E+00,
15:25:03.66375633,-3.3333E-02, 6.6667E-01, 1.4667E+00,
15:25:03.66375638, 0.0000E+00, 7.3333E-01, 1.7333E+00,
15:25:03.66375643, 6.6667E-02, 6.6667E-01, 1.4667E+00,
15:25:03.66375648, 0.0000E+00, 8.0000E-01, 1.0667E+00,
15:25:03.66375653,-6.6667E-02, 7.3333E-01, 1.6000E+00,
15:25:03.66375658, 3.3333E-02, 7.3333E-01, 1.4667E+00,
15:25:03.66375663, 0.0000E+00, 8.0000E-01, 1.4667E+00,
15:25:03.66375668,-3.3333E-02, 7.3333E-01, 1.7333E+00,
15:25:03.66375673,-6.6667E-02, 8.6667E-01, 1.3333E+00,
15:25:03.66375678, 3.3333E-02, 8.0000E-01, 1.4667E+00,
15:25:03.66375683, 1.0000E-01, 9.3333E-01, 9.3333E-01,
15:25:03.66375688, 6.6667E-02, 1.0000E+00, 1.4667E+00,
15:25:03.66375693, 3.3333E-02, 8.6667E-01, 1.3333E+00,
15:25:03.66375698, 0.0000E+00, 8.6667E-01, 1.4667E+00,
15:25:03.66375703, 0.0000E+00, 7.3333E-01, 1.6000E+00,
15:25:03.66375708, 3.3333E-02, 8.6667E-01, 1.6000E+00,
15:25:03.66375713,-3.3333E-02, 7.3333E-01, 1.7333E+00,
15:25:03.66375718, 3.3333E-02, 7.3333E-01, 1.6000E+00,
15:25:03.66375723, 0.0000E+00, 8.0000E-01, 1.4667E+00,
15:25:03.66375728, 0.0000E+00, 8.0000E-01, 1.3333E+00,
15:25:03.66375733,-3.3333E-02, 5.3333E-01, 9.3333E-01,
15:25:03.66375738, 6.6667E-02, 7.3333E-01, 1.4667E+00,
15:25:03.66375743,-6.6667E-02, 7.3333E-01, 1.4667E+00,
15:25:03.66375748, 0.0000E+00, 7.3333E-01, 1.6000E+00,
15:25:03.66375753, 3.3333E-02, 8.0000E-01, 1.4667E+00,
15:25:03.66375758, 0.0000E+00, 7.3333E-01, 1.4667E+00,
15:25:03.66375763, 3.3333E-02, 7.3333E-01, 1.6000E+00,
15:25:03.66375768,-6.6667E-02, 7.3333E-01, 1.4667E+00,
15:25:03.66375773, 0.0000E+00, 8.0000E-01, 1.2000E+00,
15:25:03.66375778, 6.6667E-02, 7.3333E-01, 1.3333E+00,
15:25:03.66375783, 3.3333E-02, 7.3333E-01, 1.2000E+00,
15:25:03.66375788, 6.6667E-02, 8.0000E-01, 1.2000E+00,
15:25:03.66375793,-3.3333E-02, 8.0000E-01, 1.7333E+00,
15:25:03.66375798, 0.0000E+00, 8.0000E-01, 1.4667E+00,
15:25:03.66375803, 3.3333E-02, 8.0000E-01, 1.2000E+00,
15:25:03.66375808,-3.3333E-02, 7.3333E-01, 1.4667E+00,
15:25:03.66375813, 6.6667E-02, 8.0000E-01, 1.6000E+00,
15:25:03.66375818, 8.6667E-01, 8.0000E-01, 1.6000E+00,
15:25:03.66375823, 3.1333E+00, 6.0000E-01, 1.3333E+00,
15:25:03.66375828, 5.5000E+00, 2.6667E-01, 1.4667E+00,
15:25:03.66375833, 7.5333E+00, 4.6667E-01, 1.3333E+00,
15:25:03.66375838, 8.9000E+00, 5.3333E-01, 1.3333E+00,
15:25:03.66375843, 9.6000E+00, 5.3333E-01, 1.3333E+00,
15:25:03.66375848, 9.7667E+00, 7.3333E-01, 1.3333E+00,
15:25:03.66375853, 9.8000E+00, 6.0000E-01, 1.3333E+00,
15:25:03.66375858, 9.7000E+00, 5.3333E-01, 1.3333E+00,
15:25:03.66375863, 9.7333E+00, 6.0000E-01, 1.6000E+00,
15:25:03.66375868, 9.7667E+00, 6.0000E-01, 1.6000E+00,
15:25:03.66375873, 9.7000E+00, 4.6667E-01, 1.8667E+00,
15:25:03.66375878, 9.7667E+00, 6.6667E-01, 1.8667E+00,
15:25:03.66375883, 9.7333E+00, 6.0000E-01, 1.6000E+00,
15:25:03.66375888, 9.6667E+00, 5.3333E-01, 1.7333E+00,
15:25:03.66375893, 9.7667E+00, 4.0000E-01, 2.0000E+00,
15:25:03.66375898, 9.7000E+00, 6.0000E-01, 2.0000E+00,
15:25:03.66375903, 9.6667E+00, 6.0000E-01, 2.1333E+00,
15:25:03.66375908, 9.6667E+00, 8.0000E-01, 2.0000E+00,
15:25:03.66375913, 9.6333E+00, 5.3333E-01, 2.0000E+00,
15:25:03.66375918, 9.6667E+00, 4.6667E-01, 2.0000E+00,
15:25:03.66375923, 9.6667E+00, 6.0000E-01, 2.0000E+00,
15:25:03.66375928, 9.6333E+00, 5.3333E-01, 2.4000E+00,
15:25:03.66375933, 9.5667E+00, 4.6667E-01, 2.0000E+00,
15:25:03.66375938, 9.6000E+00, 5.3333E-01, 2.0000E+00,
15:25:03.66375943, 9.6000E+00, 6.6667E-01, 2.2667E+00,
15:25:03.66375948, 9.5000E+00, 6.0000E-01, 2.1333E+00,
15:25:03.66375953, 9.5333E+00, 6.6667E-01, 2.0000E+00,
15:25:03.66375958, 9.5000E+00, 7.3333E-01, 2.1333E+00,
15:25:03.66375963, 9.5000E+00, 6.6667E-01, 2.4000E+00,
15:25:03.66375968, 9.5333E+00, 5.3333E-01, 2.4000E+00,
15:25:03.66375973, 9.5000E+00, 6.0000E-01, 2.6667E+00,
15:25:03.66375978, 9.5000E+00, 6.0000E-01, 2.6667E+00,
15:25:03.66375983, 9.4667E+00, 6.0000E-01, 2.6667E+00,
15:25:03.66375988, 9.4333E+00, 7.3333E-01, 2.4000E+00,
15:25:03.66375993, 9.4000E+00, 7.3333E-01, 2.5333E+00,
15:25:03.66375998, 9.4333E+00, 5.3333E-01, 3.0667E+00,
15:25:03.66376003, 9.4000E+00, 6.0000E-01, 2.6667E+00,
15:25:03.66376008, 9.4000E+00, 6.0000E-01, 2.8000E+00,
15:25:03.66376013, 9.4000E+00, 7.3333E-01, 2.8000E+00,
15:25:03.66376018, 9.4000E+00, 6.0000E-01, 2.8000E+00,
15:25:03.66376023, 9.4000E+00, 6.6667E-01, 2.9333E+00,
15:25:03.66376028, 9.4667E+00, 6.6667E-01, 2.9333E+00,
15:25:03.66376033, 9.4333E+00, 6.0000E-01, 2.9333E+00,
15:25:03.66376038, 9.4333E+00, 8.0000E-01, 2.9333E+00,
15:25:03.66376043, 9.4000E+00, 6.6667E-01, 3.2000E+00,
15:25:03.66376048, 9.3000E+00, 6.6667E-01, 3.2000E+00,
15:25:03.66376053, 9.3667E+00, 6.0000E-01, 3.2000E+00,
15:25:03.66376058, 9.3333E+00, 6.6667E-01, 2.8000E+00,
15:25:03.66376063, 9.3333E+00, 6.6667E-01, 3.2000E+00,
15:25:03.66376068, 9.3000E+00, 7.3333E-01, 3.3333E+00,
15:25:03.66376073, 9.3000E+00, 7.3333E-01, 3.2000E+00,
15:25:03.66376078, 9.2667E+00, 5.3333E-01, 3.0667E+00,
15:25:03.66376083, 9.3000E+00, 6.6667E-01, 3.0667E+00,
15:25:03.66376088, 9.3000E+00, 6.0000E-01, 3.2000E+00,
15:25:03.66376093, 9.2000E+00, 6.6667E-01, 3.2000E+00,
15:25:03.66376098, 9.2333E+00, 6.0000E-01, 3.4667E+00,
15:25:03.66376103, 9.2667E+00, 6.6667E-01, 3.7333E+00,
15:25:03.66376108, 9.3000E+00, 7.3333E-01, 3.4667E+00,
15:25:03.66376113, 9.2333E+00, 7.3333E-01, 3.7333E+00,
15:25:03.66376118, 9.2333E+00, 5.3333E-01, 3.4667E+00,
15:25:03.66376123, 9.1667E+00, 6.0000E-01, 3.4667E+00,
15:25:03.66376128, 9.2000E+00, 7.3333E-01, 3.4667E+00,
15:25:03.66376133, 9.2333E+00, 6.0000E-01, 3.6000E+00,
15:25:03.66376138, 9.1667E+00, 6.6667E-01, 3.4667E+00,
15:25:03.66376143, 9.2333E+00, 6.6667E-01, 3.8667E+00,
15:25:03.66376148, 9.2000E+00, 6.6667E-01, 3.4667E+00,
15:25:03.66376153, 9.1333E+00, 6.0000E-01, 3.8667E+00,
15:25:03.66376158, 9.2000E+00, 4.6667E-01, 3.6000E+00,
15:25:03.66376163, 9.1000E+00, 5.3333E-01, 3.8667E+00,
15:25:03.66376168, 9.1333E+00, 8.0000E-01, 3.4667E+00,
15:25:03.66376173, 9.1000E+00, 6.0000E-01, 3.7333E+00,
15:25:03.66376178, 9.0333E+00, 6.6667E-01, 3.7333E+00,
15:25:03.66376183, 9.0667E+00, 6.6667E-01, 3.4667E+00,
15:25:03.66376188, 9.1667E+00, 5.3333E-01, 4.2667E+00,
15:25:03.66376193, 9.0333E+00, 6.6667E-01, 4.1333E+00,
15:25:03.66376198, 9.0000E+00, 6.6667E-01, 4.1333E+00,
15:25:03.66376203, 9.0333E+00, 6.6667E-01, 4.0000E+00,
15:25:03.66376208, 9.0333E+00, 6.0000E-01, 4.1333E+00,
15:25:03.66376213, 9.0000E+00, 7.3333E-01, 3.7333E+00,
15:25:03.66376218, 9.0000E+00, 5.3333E-01, 4.1333E+00,
15:25:03.66376223, 9.0000E+00, 7.3333E-01, 4.1333E+00,
15:25:03.66376228, 8.9667E+00, 7.3333E-01, 3.8667E+00,
15:25:03.66376233, 9.0333E+00, 6.6667E-01, 4.2667E+00,
15:25:03.66376238, 9.0333E+00, 6.6667E-01, 4.0000E+00,
15:25:03.66376243, 8.9333E+00, 6.0000E-01, 4.1333E+00,
15:25:03.66376248, 8.9667E+00, 6.6667E-01, 4.0000E+00,
15:25:03.66376253, 8.9000E+00, 5.3333E-01, 4.0000E+00,
15:25:03.66376258, 8.9333E+00, 6.6667E-01, 4.2667E+00,
15:25:03.66376263, 8.9000E+00, 6.6667E-01, 4.4000E+00,
15:25:03.66376268, 8.9000E+00, 6.6667E-01, 4.1333E+00,
15:25:03.66376273, 8.9333E+00, 7.3333E-01, 4.1333E+00,
15:25:03.66376278, 8.8333E+00, 6.6667E-01, 4.4000E+00,
15:25:03.66376283, 8.9333E+00, 6.0000E-01, 4.5333E+00,
15:25:03.66376288, 8.8333E+00, 5.3333E-01, 4.8000E+00,
15:25:03.66376293, 8.8667E+00, 7.3333E-01, 4.4000E+00,
15:25:03.66376298, 8.9000E+00, 6.0000E-01, 4.6667E+00,
15:25:03.66376303, 8.8333E+00, 7.3333E-01, 4.6667E+00,
15:25:03.66376308, 8.8333E+00, 6.0000E-01, 4.6667E+00,
15:25:03.66376313, 8.8333E+00, 6.0000E-01, 4.5333E+00,
15:25:03.66376318, 8.9000E+00, 6.6667E-01, 4.8000E+00,
15:25:03.66376323, 8.8000E+00, 7.3333E-01, 4.2667E+00,
15:25:03.66376328, 8.8333E+00, 7.3333E-01, 4.5333E+00,
15:25:03.66376333, 8.8333E+00, 6.6667E-01, 4.6667E+00,
15:25:03.66376338, 8.8000E+00, 5.3333E-01, 4.8000E+00,
15:25:03.66376343, 8.8333E+00, 6.6667E-01, 4.8000E+00,
15:25:03.66376348, 8.8667E+00, 6.6667E-01, 5.0667E+00,
15:25:03.66376353, 8.8667E+00, 7.3333E-01, 5.0667E+00,
15:25:03.66376358, 8.8333E+00, 6.0000E-01, 4.9333E+00,
15:25:03.66376363, 8.9333E+00, 6.6667E-01, 4.8000E+00,
15:25:03.66376368, 8.8333E+00, 7.3333E-01, 4.6667E+00,
15:25:03.66376373, 8.9000E+00, 4.6667E-01, 4.8000E+00,
15:25:03.66376378, 8.8667E+00, 6.6667E-01, 4.8000E+00,
15:25:03.66376383, 8.8333E+00, 7.3333E-01, 4.8000E+00,
15:25:03.66376388, 8.8000E+00, 7.3333E-01, 5.0667E+00,
15:25:03.66376393, 8.8000E+00, 7.3333E-01, 4.9333E+00,
15:25:03.66376398, 8.8667E+00, 6.6667E-01, 5.2000E+00,
15:25:03.66376403, 8.9000E+00, 6.6667E-01, 4.8000E+00,
15:25:03.66376408, 8.7333E+00, 6.6667E-01, 5.0667E+00,
15:25:03.66376413, 8.8000E+00, 6.6667E-01, 5.0667E+00,
15:25:03.66376418, 8.8000E+00, 6.6667E-01, 5.0667E+00,
15:25:03.66376423, 8.8667E+00, 7.3333E-01, 5.0667E+00,
15:25:03.66376428, 8.8000E+00, 6.6667E-01, 5.0667E+00,
15:25:03.66376433, 8.8000E+00, 6.6667E-01, 5.2000E+00,
15:25:03.66376438, 8.8333E+00, 6.0000E-01, 5.0667E+00,
15:25:03.66376443, 8.7667E+00, 8.6667E-01, 5.2000E+00,
15:25:03.66376448, 8.8333E+00, 8.0000E-01, 5.0667E+00,
15:25:03.66376453, 8.8333E+00, 7.3333E-01, 5.3333E+00,
15:25:03.66376458, 8.9000E+00, 6.6667E-01, 5.3333E+00,
15:25:03.66376463, 8.8333E+00, 8.6667E-01, 5.0667E+00,
15:25:03.66376468, 8.9000E+00, 6.6667E-01, 5.3333E+00,
15:25:03.66376473, 8.8333E+00, 7.3333E-01, 5.0667E+00,
15:25:03.66376478, 8.8333E+00, 6.0000E-01, 5.2000E+00,
15:25:03.66376483, 8.8000E+00, 6.6667E-01, 5.2000E+00,
15:25:03.66376488, 8.7667E+00, 8.0000E-01, 5.0667E+00,
15:25:03.66376493, 8.8000E+00, 6.6667E-01, 5.6000E+00,
15:25:03.66376498, 8.8000E+00, 7.3333E-01, 5.4667E+00,
15:25:03.66376503, 8.8333E+00, 8.0000E-01, 5.2000E+00,
15:25:03.66376508, 8.8333E+00, 6.0000E-01, 5.0667E+00,
15:25:03.66376513, 8.9000E+00, 7.3333E-01, 5.3333E+00,
15:25:03.66376518, 8.8667E+00, 6.6667E-01, 5.6000E+00,
15:25:03.66376523, 8.8667E+00, 6.6667E-01, 5.4667E+00,
15:25:03.66376528, 8.8000E+00, 6.6667E-01, 5.8667E+00,
15:25:03.66376533, 8.9000E+00, 7.3333E-01, 5.6000E+00,
15:25:03.66376538, 8.8333E+00, 7.3333E-01, 5.6000E+00,
15:25:03.66376543, 8.9000E+00, 6.6667E-01, 5.6000E+00,
15:25:03.66376548, 8.8667E+00, 8.6667E-01, 5.6000E+00,
15:25:03.66376553, 8.8333E+00, 7.3333E-01, 5.8667E+00,
15:25:03.66376558, 8.8667E+00, 6.6667E-01, 5.8667E+00,
15:25:03.66376563, 8.8000E+00, 7.3333E-01, 5.0667E+00,
15:25:03.66376568, 8.8667E+00, 6.6667E-01, 5.7333E+00,
15:25:03.66376573, 8.8333E+00, 4.6667E-01, 5.6000E+00,
15:25:03.66376578, 8.8333E+00, 5.3333E-01, 5.6000E+00,
15:25:03.66376583, 8.8000E+00, 6.6667E-01, 5.7333E+00,
15:25:03.66376588, 8.8333E+00, 6.0000E-01, 5.6000E+00,
15:25:03.66376593, 8.8667E+00, 8.0000E-01, 6.0000E+00,
15:25:03.66376598, 8.9000E+00, 7.3333E-01, 5.7333E+00,
15:25:03.66376603, 8.8667E+00, 6.0000E-01, 5.8667E+00,
15:25:03.66376608, 8.9000E+00, 6.0000E-01, 5.7333E+00,
15:25:03.66376613, 8.8333E+00, 7.3333E-01, 6.0000E+00,
15:25:03.66376618, 8.8667E+00, 6.0000E-01, 5.7333E+00,
15:25:03.66376623, 8.8333E+00, 7.3333E-01, 6.0000E+00,
15:25:03.66376628, 8.8333E+00, 6.6667E-01, 5.6000E+00,
15:25:03.66376633, 8.9000E+00, 6.0000E-01, 6.0000E+00,
15:25:03.66376638, 8.8333E+00, 7.3333E-01, 5.8667E+00,
15:25:03.66376643, 8.9000E+00, 7.3333E-01, 6.1333E+00,
15:25:03.66376648, 8.8333E+00, 7.3333E-01, 5.8667E+00,
15:25:03.66376653, 8.9000E+00, 8.0000E-01, 5.8667E+00,
15:25:03.66376658, 8.8333E+00, 6.6667E-01, 5.8667E+00,
15:25:03.66376663, 8.9333E+00, 6.0000E-01, 5.8667E+00,
15:25:03.66376668, 8.8667E+00, 8.6667E-01, 6.1333E+00,
15:25:03.66376673, 8.8667E+00, 6.6667E-01, 6.1333E+00,
15:25:03.66376678, 8.8333E+00, 6.6667E-01, 5.8667E+00,
15:25:03.66376683, 8.8000E+00, 6.0000E-01, 6.2667E+00,
15:25:03.66376688, 8.8000E+00, 6.6667E-01, 6.1333E+00,
15:25:03.66376693, 8.8333E+00, 7.3333E-01, 6.1333E+00,
15:25:03.66376698, 8.9000E+00, 7.3333E-01, 6.4000E+00,
15:25:03.66376703, 8.9000E+00, 7.3333E-01, 5.7333E+00,
15:25:03.66376708, 8.9000E+00, 7.3333E-01, 6.2667E+00,
15:25:03.66376713, 8.9333E+00, 7.3333E-01, 6.0000E+00,
15:25:03.66376718, 8.9000E+00, 7.3333E-01, 6.2667E+00,
15:25:03.66376723, 8.8333E+00, 6.6667E-01, 6.1333E+00,
15:25:03.66376728, 8.8000E+00, 6.6667E-01, 6.1333E+00,
15:25:03.66376733, 8.8667E+00, 7.3333E-01, 6.1333E+00,
15:25:03.66376738, 8.9000E+00, 6.0000E-01, 6.1333E+00,
15:25:03.66376743, 8.8667E+00, 8.0000E-01, 6.1333E+00,
15:25:03.66376748, 8.8000E+00, 7.3333E-01, 6.2667E+00,
15:25:03.66376753, 8.8667E+00, 6.6667E-01, 6.2667E+00,
15:25:03.66376758, 8.9000E+00, 7.3333E-01, 6.2667E+00,
15:25:03.66376763, 8.8667E+00, 5.3333E-01, 6.1333E+00,
15:25:03.66376768, 8.8667E+00, 6.0000E-01, 6.4000E+00,
15:25:03.66376773, 8.8667E+00, 7.3333E-01, 6.1333E+00,
15:25:03.66376778, 8.8667E+00, 6.0000E-01, 6.4000E+00,
15:25:03.66376783, 8.8667E+00, 6.0000E-01, 6.2667E+00,
15:25:03.66376788, 8.8667E+00, 8.0000E-01, 6.2667E+00,
15:25:03.66376793, 8.9000E+00, 7.3333E-01, 6.4000E+00,
15:25:03.66376798, 8.9000E+00, 6.0000E-01, 6.2667E+00,
15:25:03.66376803, 8.9000E+00, 6.0000E-01, 6.2667E+00,
15:25:03.66376808, 8.9333E+00, 6.0000E-01, 6.2667E+00,
15:25:03.66376813, 8.8333E+00, 7.3333E-01, 6.4000E+00,
15:25:03.66376818, 8.8667E+00, 7.3333E-01, 6.1333E+00,
15:25:03.66376823, 8.9000E+00, 6.6667E-01, 6.4000E+00,
15:25:03.66376828, 8.8333E+00, 6.6667E-01, 6.4000E+00,
15:25:03.66376833, 8.8667E+00, 6.6667E-01, 6.4000E+00,
15:25:03.66376838, 8.8333E+00, 6.6667E-01, 6.5333E+00,
15:25:03.66376843, 8.9000E+00, 9.3333E-01, 6.4000E+00,
15:25:03.66376848, 8.8000E+00, 6.6667E-01, 6.1333E+00,
15:25:03.66376853, 8.8667E+00, 6.6667E-01, 6.5333E+00,
15:25:03.66376858, 8.8667E+00, 7.3333E-01, 6.6667E+00,
15:25:03.66376863, 8.8333E+00, 7.3333E-01, 6.4000E+00,
15:25:03.66376868, 8.8667E+00, 7.3333E-01, 6.4000E+00,
15:25:03.66376873, 8.7667E+00, 7.3333E-01, 6.6667E+00,
15:25:03.66376878, 8.8000E+00, 7.3333E-01, 6.4000E+00,
15:25:03.66376883, 8.8667E+00, 7.3333E-01, 6.6667E+00,
15:25:03.66376888, 8.9333E+00, 6.6667E-01, 6.4000E+00,
15:25:03.66376893, 8.8667E+00, 5.3333E-01, 6.5333E+00,
15:25:03.66376898, 8.8333E+00, 7.3333E-01, 6.4000E+00,
15:25:03.66376903, 8.8333E+00, 7.3333E-01, 6.1333E+00,
15:25:03.66376908, 8.8667E+00, 8.0000E-01, 6.4000E+00,
15:25:03.66376913, 8.9333E+00, 7.3333E-01, 6.5333E+00,
15:25:03.66376918, 8.9000E+00, 7.3333E-01, 6.6667E+00,
15:25:03.66376923, 8.8667E+00, 8.0000E-01, 6.5333E+00,
15:25:03.66376928, 8.9000E+00, 7.3333E-01, 6.6667E+00,
15:25:03.66376933, 8.8667E+00, 7.3333E-01, 6.4000E+00,
15:25:03.66376938, 8.9000E+00, 7.3333E-01, 6.9333E+00,
15:25:03.66376943, 8.8667E+00, 6.0000E-01, 6.5333E+00,
15:25:03.66376948, 8.9000E+00, 7.3333E-01, 6.5333E+00,
15:25:03.66376953, 8.8667E+00, 6.6667E-01, 6.5333E+00,
15:25:03.66376958, 8.8667E+00, 8.0000E-01, 6.6667E+00,
15:25:03.66376963, 8.8333E+00, 6.0000E-01, 6.5333E+00,
15:25:03.66376968, 8.8000E+00, 7.3333E-01, 6.8000E+00,
15:25:03.66376973, 8.8000E+00, 6.6667E-01, 6.4000E+00,
15:25:03.66376978, 9.0000E+00, 8.0000E-01, 6.6667E+00,
15:25:03.66376983, 8.9333E+00, 8.0000E-01, 6.5333E+00,
15:25:03.66376988, 8.9000E+00, 8.0000E-01, 6.6667E+00,
15:25:03.66376993, 8.9000E+00, 8.0000E-01, 6.4000E+00,
15:25:03.66376998, 8.8333E+00, 6.0000E-01, 6.6667E+00,
15:25:03.66377003, 8.8333E+00, 7.3333E-01, 6.8000E+00,
15:25:03.66377008, 8.8667E+00, 8.6667E-01, 6.6667E+00,
15:25:03.66377013, 8.8000E+00, 6.6667E-01, 6.9333E+00,
15:25:03.66377018, 8.8667E+00, 7.3333E-01, 6.6667E+00,
15:25:03.66377023, 8.9000E+00, 7.3333E-01, 6.9333E+00,
15:25:03.66377028, 8.8000E+00, 7.3333E-01, 7.0667E+00,
15:25:03.66377033, 8.9000E+00, 6.6667E-01, 6.8000E+00,
15:25:03.66377038, 8.8667E+00, 6.6667E-01, 6.6667E+00,
15:25:03.66377043, 8.8667E+00, 6.6667E-01, 6.8000E+00,
15:25:03.66377048, 8.8667E+00, 6.6667E-01, 6.5333E+00,
15:25:03.66377053, 8.9000E+00, 8.6667E-01, 7.0667E+00,
15:25:03.66377058, 8.8667E+00, 6.6667E-01, 6.8000E+00,
15:25:03.66377063, 8.8333E+00, 8.0000E-01, 6.6667E+00,
15:25:03.66377068, 8.9000E+00, 7.3333E-01, 6.9333E+00,
15:25:03.66377073, 8.9000E+00, 8.0000E-01, 6.5333E+00,
15:25:03.66377078, 8.8000E+00, 6.6667E-01, 6.9333E+00,
15:25:03.66377083, 8.9000E+00, 6.0000E-01, 6.8000E+00,
15:25:03.66377088, 8.8667E+00, 8.0000E-01, 6.9333E+00,
15:25:03.66377093, 8.9000E+00, 6.6667E-01, 6.5333E+00,
15:25:03.66377098, 8.8667E+00, 6.6667E-01, 6.6667E+00,
15:25:03.66377103, 8.8333E+00, 7.3333E-01, 6.6667E+00,
15:25:03.66377108, 8.8000E+00, 8.0000E-01, 6.6667E+00,
15:25:03.66377113, 8.8667E+00, 8.0000E-01, 6.5333E+00,
15:25:03.66377118, 8.8667E+00, 8.0000E-01, 6.6667E+00,
15:25:03.66377123, 8.8667E+00, 6.6667E-01, 6.6667E+00,
15:25:03.66377128, 8.8667E+00, 6.0000E-01, 6.6667E+00,
15:25:03.66377133, 8.8667E+00, 6.0000E-01, 6.6667E+00,
15:25:03.66377138, 8.8333E+00, 6.6667E-01, 6.8000E+00,
15:25:03.66377143, 8.8333E+00, 8.0000E-01, 6.9333E+00,
15:25:03.66377148, 8.9000E+00, 8.0000E-01, 6.5333E+00,
15:25:03.66377153, 8.8667E+00, 6.6667E-01, 6.8000E+00,
15:25:03.66377158, 8.8333E+00, 8.0000E-01, 6.6667E+00,
15:25:03.66377163, 8.9000E+00, 8.6667E-01, 7.0667E+00,
15:25:03.66377168, 8.9333E+00, 7.3333E-01, 6.5333E+00,
15:25:03.66377173, 8.8667E+00, 9.3333E-01, 7.2000E+00,
15:25:03.66377178, 8.8667E+00, 8.0000E-01, 6.8000E+00,
15:25:03.66377183, 8.8667E+00, 6.6667E-01, 6.8000E+00,
15:25:03.66377188, 8.8667E+00, 8.0000E-01, 6.6667E+00,
15:25:03.66377193, 8.8667E+00, 7.3333E-01, 6.5333E+00,
15:25:03.66377198, 8.8333E+00, 8.6667E-01, 7.2000E+00,
15:25:03.66377203, 8.9333E+00, 8.6667E-01, 7.0667E+00,
15:25:03.66377208, 8.8667E+00, 8.0000E-01, 6.8000E+00,
15:25:03.66377213, 8.9000E+00, 8.0000E-01, 7.0667E+00,
15:25:03.66377218, 9.0000E+00, 7.3333E-01, 6.9333E+00,
15:25:03.66377223, 8.8667E+00, 7.3333E-01, 6.9333E+00,
15:25:03.66377228, 8.9000E+00, 8.6667E-01, 6.5333E+00,
15:25:03.66377233, 8.9333E+00, 9.3333E-01, 7.2000E+00,
15:25:03.66377238, 8.8333E+00, 7.3333E-01, 6.6667E+00,
15:25:03.66377243, 8.8333E+00, 6.6667E-01, 6.9333E+00,
15:25:03.66377248, 8.8667E+00, 8.0000E-01, 6.9333E+00,
15:25:03.66377253, 8.8000E+00, 8.0000E-01, 7.0667E+00,
15:25:03.66377258, 8.8667E+00, 8.6667E-01, 6.8000E+00,
15:25:03.66377263, 8.8333E+00, 7.3333E-01, 7.0667E+00,
15:25:03.66377268, 8.9000E+00, 7.3333E-01, 7.0667E+00,
15:25:03.66377273, 8.8000E+00, 6.6667E-01, 6.8000E+00,
15:25:03.66377278, 8.8667E+00, 7.3333E-01, 6.6667E+00,
15:25:03.66377283, 8.8333E+00, 6.0000E-01, 6.6667E+00,
15:25:03.66377288, 8.8667E+00, 7.3333E-01, 6.8000E+00,
15:25:03.66377293, 8.9333E+00, 8.0000E-01, 6.5333E+00,
15:25:03.66377298, 8.8667E+00, 7.3333E-01, 6.9333E+00,
15:25:03.66377303, 8.9000E+00, 8.6667E-01, 6.8000E+00,
15:25:03.66377308, 8.8667E+00, 8.6667E-01, 6.8000E+00,
15:25:03.66377313, 8.9000E+00, 8.0000E-01, 6.9333E+00,
15:25:03.66377318, 8.9000E+00, 6.6667E-01, 7.2000E+00,
15:25:03.66377323, 8.8000E+00, 6.6667E-01, 6.8000E+00,
15:25:03.66377328, 8.9000E+00, 7.3333E-01, 6.9333E+00,
15:25:03.66377333, 8.8333E+00, 7.3333E-01, 6.5333E+00,
15:25:03.66377338, 8.8667E+00, 7.3333E-01, 6.9333E+00,
15:25:03.66377343, 8.9333E+00, 7.3333E-01, 6.6667E+00,
15:25:03.66377348, 8.8000E+00, 8.0000E-01, 6.8000E+00,
15:25:03.66377353, 8.9000E+00, 8.6667E-01, 6.6667E+00,
15:25:03.66377358, 8.8667E+00, 8.0000E-01, 6.9333E+00,
15:25:03.66377363, 8.9333E+00, 6.6667E-01, 6.8000E+00,
15:25:03.66377368, 8.8667E+00, 6.6667E-01, 6.6667E+00,
15:25:03.66377373, 9.0000E+00, 7.3333E-01, 6.9333E+00,
15:25:03.66377378, 8.8333E+00, 7.3333E-01, 6.9333E+00,
15:25:03.66377383, 8.8333E+00, 7.3333E-01, 6.4000E+00,
15:25:03.66377388, 8.9000E+00, 8.0000E-01, 7.2000E+00,
15:25:03.66377393, 8.8667E+00, 7.3333E-01, 6.6667E+00,
15:25:03.66377398, 8.9000E+00, 7.3333E-01, 6.9333E+00,
15:25:03.66377403, 8.8667E+00, 7.3333E-01, 6.9333E+00,
15:25:03.66377408, 8.9000E+00, 7.3333E-01, 6.6667E+00,
15:25:03.66377413, 8.9333E+00, 8.0000E-01, 7.0667E+00,
15:25:03.66377418, 8.9000E+00, 6.6667E-01, 6.6667E+00,
15:25:03.66377423, 8.9000E+00, 8.0000E-01, 6.9333E+00,
15:25:03.66377428, 8.9333E+00, 8.0000E-01, 6.8000E+00,
15:25:03.66377433, 8.8333E+00, 7.3333E-01, 6.8000E+00,
15:25:03.66377438, 8.9000E+00, 6.6667E-01, 6.6667E+00,
15:25:03.66377443, 8.8333E+00, 7.3333E-01, 6.6667E+00,
15:25:03.66377448, 8.8333E+00, 7.3333E-01, 7.0667E+00,
15:25:03.66377453, 8.8333E+00, 8.6667E-01, 6.5333E+00,
15:25:03.66377458, 8.8000E+00, 8.0000E-01, 6.8000E+00,
15:25:03.66377463, 8.8667E+00, 7.3333E-01, 6.6667E+00,
15:25:03.66377468, 8.8333E+00, 7.3333E-01, 7.0667E+00,
15:25:03.66377473, 8.8333E+00, 7.3333E-01, 6.6667E+00,
15:25:03.66377478, 8.9000E+00, 8.0000E-01, 6.8000E+00,
15:25:03.66377483, 8.9667E+00, 8.0000E-01, 6.9333E+00,
15:25:03.66377488, 8.8667E+00, 7.3333E-01, 6.9333E+00,
15:25:03.66377493, 8.8667E+00, 7.3333E-01, 6.6667E+00,
15:25:03.66377498, 8.8667E+00, 6.6667E-01, 6.9333E+00,
15:25:03.66377503, 8.8333E+00, 6.6667E-01, 6.9333E+00,
15:25:03.66377508, 8.8333E+00, 6.6667E-01, 6.9333E+00,
15:25:03.66377513, 8.8667E+00, 8.0000E-01, 6.6667E+00,
15:25:03.66377518, 8.9000E+00, 6.6667E-01, 6.6667E+00,
15:25:03.66377523, 8.8667E+00, 6.6667E-01, 6.9333E+00,
15:25:03.66377528, 8.9000E+00, 8.0000E-01, 6.8000E+00,
15:25:03.66377533, 8.8667E+00, 8.0000E-01, 6.8000E+00,
15:25:03.66377538, 8.8667E+00, 8.0000E-01, 6.9333E+00,
15:25:03.66377543, 8.8667E+00, 6.6667E-01, 6.8000E+00,
15:25:03.66377548, 8.8000E+00, 8.0000E-01, 6.6667E+00,
15:25:03.66377553, 8.8000E+00, 6.0000E-01, 6.5333E+00,
15:25:03.66377558, 8.9000E+00, 6.6667E-01, 6.9333E+00,
15:25:03.66377563, 8.8667E+00, 6.6667E-01, 6.5333E+00,
15:25:03.66377568, 8.8000E+00, 7.3333E-01, 6.9333E+00,
15:25:03.66377573, 8.8667E+00, 6.6667E-01, 6.9333E+00,
15:25:03.66377578, 8.8000E+00, 8.0000E-01, 6.9333E+00,
15:25:03.66377583, 8.8667E+00, 8.0000E-01, 6.9333E+00,
15:25:03.66377588, 8.8000E+00, 8.0000E-01, 6.6667E+00,
15:25:03.66377593, 8.8667E+00, 9.3333E-01, 6.9333E+00,
15:25:03.66377598, 8.8333E+00, 8.0000E-01, 6.6667E+00,
15:25:03.66377603, 8.8667E+00, 8.0000E-01, 6.8000E+00,
15:25:03.66377608, 8.8333E+00, 6.0000E-01, 6.8000E+00,
15:25:03.66377613, 8.8667E+00, 6.6667E-01, 6.8000E+00,
15:25:03.66377618, 8.8333E+00, 7.3333E-01, 6.9333E+00,
15:25:03.66377623, 8.8333E+00, 7.3333E-01, 6.4000E+00,
15:25:03.66377628, 8.8667E+00, 6.6667E-01, 6.6667E+00,
15:25:03.66377633, 8.8000E+00, 8.0000E-01, 6.6667E+00,
15:25:03.66377638, 8.8333E+00, 6.6667E-01, 6.4000E+00,
15:25:03.66377643, 8.8333E+00, 6.0000E-01, 6.8000E+00,
15:25:03.66377648, 8.8667E+00, 8.0000E-01, 7.2000E+00,
15:25:03.66377653, 8.8333E+00, 8.0000E-01, 6.6667E+00,
15:25:03.66377658, 8.7667E+00, 8.0000E-01, 6.8000E+00,
15:25:03.66377663, 8.8667E+00, 6.6667E-01, 6.8000E+00,
15:25:03.66377668, 8.8667E+00, 6.6667E-01, 6.8000E+00,
15:25:03.66377673, 8.9000E+00, 7.3333E-01, 6.6667E+00,
15:25:03.66377678, 8.8333E+00, 7.3333E-01, 6.9333E+00,
15:25:03.66377683, 8.8667E+00, 7.3333E-01, 6.5333E+00,
15:25:03.66377688, 8.8000E+00, 6.0000E-01, 6.6667E+00,
15:25:03.66377693, 8.9333E+00, 8.6667E-01, 6.8000E+00,
15:25:03.66377698, 8.8333E+00, 7.3333E-01, 6.8000E+00,
15:25:03.66377703, 8.9000E+00, 7.3333E-01, 6.9333E+00,
15:25:03.66377708, 8.9333E+00, 6.0000E-01, 6.4000E+00,
15:25:03.66377713, 8.8000E+00, 8.6667E-01, 6.9333E+00,
15:25:03.66377718, 8.8667E+00, 8.0000E-01, 6.9333E+00,
15:25:03.66377723, 8.8667E+00, 8.6667E-01, 6.4000E+00,
15:25:03.66377728, 8.8667E+00, 7.3333E-01, 6.6667E+00,
15:25:03.66377733, 8.8000E+00, 8.6667E-01, 6.4000E+00,
15:25:03.66377738, 8.8333E+00, 7.3333E-01, 6.5333E+00,
15:25:03.66377743, 8.9333E+00, 8.0000E-01, 6.8000E+00,
15:25:03.66377748, 8.8667E+00, 6.0000E-01, 6.9333E+00,
15:25:03.66377753, 8.8667E+00, 8.6667E-01, 6.4000E+00,
15:25:03.66377758, 8.8667E+00, 8.0000E-01, 6.4000E+00,
15:25:03.66377763, 8.8333E+00, 6.0000E-01, 6.6667E+00,
15:25:03.66377768, 8.9333E+00, 8.0000E-01, 6.4000E+00,
15:25:03.66377773, 8.8667E+00, 7.3333E-01, 6.4000E+00,
15:25:03.66377778, 8.7667E+00, 8.0000E-01, 6.5333E+00,
15:25:03.66377783, 8.8667E+00, 7.3333E-01, 6.5333E+00,
15:25:03.66377788, 8.8000E+00, 8.6667E-01, 6.4000E+00,
15:25:03.66377793, 8.9333E+00, 6.6667E-01, 6.2667E+00,
15:25:03.66377798, 8.8333E+00, 8.0000E-01, 6.6667E+00,
15:25:03.66377803, 8.8667E+00, 9.3333E-01, 6.5333E+00,
15:25:03.66377808, 8.8667E+00, 7.3333E-01, 6.9333E+00,
15:25:03.66377813, 8.8667E+00, 8.6667E-01, 6.6667E+00,
15:25:03.66377818, 8.9333E+00, 8.0000E-01, 6.5333E+00,
15:25:03.66377823, 8.9000E+00, 6.0000E-01, 6.5333E+00,
15:25:03.66377828, 8.8333E+00, 9.3333E-01, 6.5333E+00,
15:25:03.66377833, 8.8000E+00, 8.0000E-01, 6.2667E+00,
15:25:03.66377838, 8.9000E+00, 7.3333E-01, 6.2667E+00,
15:25:03.66377843, 8.9000E+00, 8.0000E-01, 6.8000E+00,
15:25:03.66377848, 8.9000E+00, 7.3333E-01, 6.8000E+00,
15:25:03.66377853, 8.9000E+00, 6.0000E-01, 6.6667E+00,
15:25:03.66377858, 8.9000E+00, 8.6667E-01, 6.8000E+00,
15:25:03.66377863, 8.9667E+00, 6.6667E-01, 6.6667E+00,
15:25:03.66377868, 8.8333E+00, 8.0000E-01, 6.4000E+00,
15:25:03.66377873, 8.8000E+00, 8.6667E-01, 6.4000E+00,
15:25:03.66377878, 8.9000E+00, 8.0000E-01, 6.5333E+00,
15:25:03.66377883, 8.9333E+00, 8.0000E-01, 6.2667E+00,
15:25:03.66377888, 8.8667E+00, 8.0000E-01, 6.4000E+00,
15:25:03.66377893, 8.8333E+00, 7.3333E-01, 6.4000E+00,
15:25:03.66377898, 8.8333E+00, 8.6667E-01, 6.5333E+00,
15:25:03.66377903, 8.9333E+00, 5.3333E-01, 6.6667E+00,
15:25:03.66377908, 8.8667E+00, 8.0000E-01, 6.4000E+00,
15:25:03.66377913, 8.9667E+00, 6.6667E-01, 6.2667E+00,
15:25:03.66377918, 8.9333E+00, 7.3333E-01, 6.4000E+00,
15:25:03.66377923, 8.8667E+00, 8.0000E-01, 6.4000E+00,
15:25:03.66377928, 8.8667E+00, 7.3333E-01, 6.5333E+00,
15:25:03.66377933, 8.9000E+00, 7.3333E-01, 6.2667E+00,
15:25:03.66377938, 8.8333E+00, 8.0000E-01, 6.4000E+00,
15:25:03.66377943, 8.8333E+00, 7.3333E-01, 6.4000E+00,
15:25:03.66377948, 8.8667E+00, 7.3333E-01, 6.8000E+00,
15:25:03.66377953, 8.8667E+00, 8.6667E-01, 6.2667E+00,
15:25:03.66377958, 8.9000E+00, 7.3333E-01, 6.9333E+00,
15:25:03.66377963, 8.8667E+00, 7.3333E-01, 6.2667E+00,
15:25:03.66377968, 8.8333E+00, 8.6667E-01, 6.2667E+00,
15:25:03.66377973, 8.8333E+00, 7.3333E-01, 6.5333E+00,
15:25:03.66377978, 8.9000E+00, 8.0000E-01, 6.4000E+00,
15:25:03.66377983, 8.8333E+00, 8.6667E-01, 6.5333E+00,
15:25:03.66377988, 8.9333E+00, 6.0000E-01, 6.4000E+00,
15:25:03.66377993, 8.9000E+00, 8.6667E-01, 6.2667E+00,
15:25:03.66377998, 8.9000E+00, 6.6667E-01, 6.6667E+00,
15:25:03.66378003, 8.9000E+00, 6.0000E-01, 6.6667E+00,
15:25:03.66378008, 8.9000E+00, 8.0000E-01, 6.5333E+00,
15:25:03.66378013, 8.8333E+00, 7.3333E-01, 6.5333E+00,
15:25:03.66378018, 8.8667E+00, 7.3333E-01, 6.4000E+00,
15:25:03.66378023, 8.8333E+00, 8.0000E-01, 6.5333E+00,
15:25:03.66378028, 8.9000E+00, 8.6667E-01, 6.4000E+00,
15:25:03.66378033, 8.9000E+00, 8.6667E-01, 6.2667E+00,
15:25:03.66378038, 8.9000E+00, 8.0000E-01, 6.8000E+00,
15:25:03.66378043, 8.9000E+00, 8.0000E-01, 6.6667E+00,
15:25:03.66378048, 8.8000E+00, 9.3333E-01, 6.4000E+00,
15:25:03.66378053, 8.8667E+00, 6.0000E-01, 6.5333E+00,
15:25:03.66378058, 8.8000E+00, 7.3333E-01, 6.6667E+00,
15:25:03.66378063, 8.8333E+00, 7.3333E-01, 6.4000E+00,
15:25:03.66378068, 8.8667E+00, 8.0000E-01, 6.2667E+00,
15:25:03.66378073, 8.9000E+00, 7.3333E-01, 6.4000E+00,
15:25:03.66378078, 8.8667E+00, 6.6667E-01, 6.4000E+00,
15:25:03.66378083, 8.8333E+00, 8.0000E-01, 6.2667E+00,
15:25:03.66378088, 8.8333E+00, 6.6667E-01, 6.5333E+00,
15:25:03.66378093, 8.9000E+00, 7.3333E-01, 6.2667E+00,
15:25:03.66378098, 8.9000E+00, 8.0000E-01, 6.2667E+00,
15:25:03.66378103, 8.8000E+00, 8.0000E-01, 6.2667E+00,
15:25:03.66378108, 8.8667E+00, 7.3333E-01, 6.2667E+00,
15:25:03.66378113, 8.8333E+00, 8.0000E-01, 6.5333E+00,
15:25:03.66378118, 8.9000E+00, 7.3333E-01, 6.4000E+00,
15:25:03.66378123, 8.8333E+00, 8.0000E-01, 6.1333E+00,
15:25:03.66378128, 8.8333E+00, 8.6667E-01, 6.1333E+00,
15:25:03.66378133, 8.9000E+00, 7.3333E-01, 6.4000E+00,
15:25:03.66378138, 8.8667E+00, 6.6667E-01, 6.4000E+00,
15:25:03.66378143, 8.8667E+00, 6.6667E-01, 6.4000E+00,
15:25:03.66378148, 8.8667E+00, 8.6667E-01, 6.2667E+00,
15:25:03.66378153, 8.8667E+00, 8.6667E-01, 6.4000E+00,
15:25:03.66378158, 8.8667E+00, 8.6667E-01, 6.2667E+00,
15:25:03.66378163, 8.8667E+00, 7.3333E-01, 6.2667E+00,
15:25:03.66378168, 8.8667E+00, 6.6667E-01, 6.4000E+00,
15:25:03.66378173, 8.9000E+00, 8.0000E-01, 6.1333E+00,
15:25:03.66378178, 8.9333E+00, 8.6667E-01, 6.1333E+00,
15:25:03.66378183, 8.8000E+00, 8.0000E-01, 6.4000E+00,
15:25:03.66378188, 8.8333E+00, 8.0000E-01, 6.2667E+00,
15:25:03.66378193, 8.8667E+00, 8.6667E-01, 6.2667E+00,
15:25:03.66378198, 8.8667E+00, 7.3333E-01, 6.2667E+00,
15:25:03.66378203, 8.9333E+00, 1.0000E+00, 6.4000E+00,
15:25:03.66378208, 8.8667E+00, 6.6667E-01, 6.4000E+00,
15:25:03.66378213, 8.8000E+00, 7.3333E-01, 6.1333E+00,
15:25:03.66378218, 8.8667E+00, 6.6667E-01, 6.4000E+00,
15:25:03.66378223, 8.7667E+00, 6.6667E-01, 6.1333E+00,
15:25:03.66378228, 8.8333E+00, 7.3333E-01, 6.5333E+00,
15:25:03.66378233, 8.8333E+00, 6.6667E-01, 6.2667E+00,
15:25:03.66378238, 8.8667E+00, 8.0000E-01, 6.2667E+00,
15:25:03.66378243, 8.9000E+00, 6.6667E-01, 6.2667E+00,
15:25:03.66378248, 8.8333E+00, 8.0000E-01, 6.4000E+00,
15:25:03.66378253, 8.8667E+00, 8.0000E-01, 6.5333E+00,
15:25:03.66378258, 8.8667E+00, 6.6667E-01, 6.1333E+00,
15:25:03.66378263, 8.9000E+00, 7.3333E-01, 6.1333E+00,
15:25:03.66378268, 8.8667E+00, 8.0000E-01, 6.4000E+00,
15:25:03.66378273, 8.9333E+00, 6.6667E-01, 6.2667E+00,
15:25:03.66378278, 8.8333E+00, 7.3333E-01, 6.1333E+00,
15:25:03.66378283, 8.8333E+00, 8.0000E-01, 6.2667E+00,
15:25:03.66378288, 8.8333E+00, 7.3333E-01, 6.1333E+00,
15:25:03.66378293, 8.8667E+00, 7.3333E-01, 6.4000E+00,
15:25:03.66378298, 8.8333E+00, 8.0000E-01, 6.1333E+00,
15:25:03.66378303, 8.8000E+00, 7.3333E-01, 6.6667E+00,
15:25:03.66378308, 8.8333E+00, 8.6667E-01, 6.1333E+00,
15:25:03.66378313, 8.8667E+00, 6.6667E-01, 6.2667E+00,
15:25:03.66378318, 8.8000E+00, 8.0000E-01, 6.5333E+00,
15:25:03.66378323, 8.8667E+00, 5.3333E-01, 6.1333E+00,
15:25:03.66378328, 8.8000E+00, 7.3333E-01, 6.1333E+00,
15:25:03.66378333, 8.9000E+00, 8.0000E-01, 6.4000E+00,
15:25:03.66378338, 8.8667E+00, 8.0000E-01, 6.2667E+00,
15:25:03.66378343, 8.9000E+00, 8.0000E-01, 6.5333E+00,
15:25:03.66378348, 8.8333E+00, 8.0000E-01, 6.1333E+00,
15:25:03.66378353, 8.8667E+00, 7.3333E-01, 6.5333E+00,
15:25:03.66378358, 8.8333E+00, 7.3333E-01, 6.2667E+00,
15:25:03.66378363, 8.8000E+00, 7.3333E-01, 6.2667E+00,
15:25:03.66378368, 8.8667E+00, 6.6667E-01, 6.2667E+00,
15:25:03.66378373, 8.8667E+00, 8.0000E-01, 6.1333E+00,
15:25:03.66378378, 8.8667E+00, 8.0000E-01, 6.4000E+00,
15:25:03.66378383, 8.8667E+00, 7.3333E-01, 6.6667E+00,
15:25:03.66378388, 8.8333E+00, 8.6667E-01, 6.4000E+00,
15:25:03.66378393, 8.8667E+00, 7.3333E-01, 6.4000E+00,
15:25:03.66378398, 8.9000E+00, 8.0000E-01, 6.1333E+00,
15:25:03.66378403, 8.8333E+00, 8.0000E-01, 6.1333E+00,
15:25:03.66378408, 8.8000E+00, 7.3333E-01, 6.2667E+00,
15:25:03.66378413, 8.9000E+00, 7.3333E-01, 6.1333E+00,
15:25:03.66378418, 8.9333E+00, 8.0000E-01, 6.1333E+00,
15:25:03.66378423, 8.8333E+00, 7.3333E-01, 6.1333E+00,
15:25:03.66378428, 8.8667E+00, 8.6667E-01, 6.4000E+00,
15:25:03.66378433, 8.9000E+00, 8.0000E-01, 6.1333E+00,
15:25:03.66378438, 8.8000E+00, 8.0000E-01, 6.1333E+00,
15:25:03.66378443, 8.8667E+00, 7.3333E-01, 6.4000E+00,
15:25:03.66378448, 8.8000E+00, 6.0000E-01, 6.4000E+00,
15:25:03.66378453, 8.8000E+00, 8.0000E-01, 6.1333E+00,
15:25:03.66378458, 8.8000E+00, 8.6667E-01, 6.0000E+00,
15:25:03.66378463, 8.8333E+00, 6.6667E-01, 6.1333E+00,
15:25:03.66378468, 8.8333E+00, 7.3333E-01, 6.1333E+00,
15:25:03.66378473, 8.9333E+00, 8.0000E-01, 6.2667E+00,
15:25:03.66378478, 8.8333E+00, 8.6667E-01, 6.2667E+00,
15:25:03.66378483, 8.8667E+00, 8.0000E-01, 6.1333E+00,
15:25:03.66378488, 8.8667E+00, 8.0000E-01, 6.0000E+00,
15:25:03.66378493, 8.8667E+00, 7.3333E-01, 6.2667E+00,
15:25:03.66378498, 8.8667E+00, 7.3333E-01, 6.1333E+00,
15:25:03.66378503, 8.8000E+00, 6.0000E-01, 6.1333E+00,
15:25:03.66378508, 8.8667E+00, 6.6667E-01, 6.1333E+00,
15:25:03.66378513, 8.8667E+00, 7.3333E-01, 6.1333E+00,
15:25:03.66378518, 8.9000E+00, 7.3333E-01, 6.1333E+00,
15:25:03.66378523, 8.8333E+00, 7.3333E-01, 6.1333E+00,
15:25:03.66378528, 8.8333E+00, 8.0000E-01, 6.2667E+00,
15:25:03.66378533, 8.8000E+00, 8.0000E-01, 6.1333E+00,
15:25:03.66378538, 8.8333E+00, 8.6667E-01, 6.2667E+00,
15:25:03.66378543, 8.8667E+00, 8.6667E-01, 6.1333E+00,
15:25:03.66378548, 8.8000E+00, 7.3333E-01, 6.1333E+00,
15:25:03.66378553, 8.9000E+00, 6.0000E-01, 5.8667E+00,
15:25:03.66378558, 8.8333E+00, 6.0000E-01, 6.1333E+00,
15:25:03.66378563, 8.8667E+00, 8.6667E-01, 6.1333E+00,
15:25:03.66378568, 8.9000E+00, 7.3333E-01, 6.1333E+00,
15:25:03.66378573, 8.9000E+00, 7.3333E-01, 5.8667E+00,
15:25:03.66378578, 8.9000E+00, 8.6667E-01, 6.4000E+00,
15:25:03.66378583, 8.9000E+00, 6.6667E-01, 6.1333E+00,
15:25:03.66378588, 8.8000E+00, 6.0000E-01, 6.1333E+00,
15:25:03.66378593, 8.8667E+00, 8.0000E-01, 6.5333E+00,
15:25:03.66378598, 8.9000E+00, 7.3333E-01, 6.1333E+00,
15:25:03.66378603, 8.8667E+00, 8.0000E-01, 5.7333E+00,
15:25:03.66378608, 8.8333E+00, 6.6667E-01, 5.8667E+00,
15:25:03.66378613, 8.9333E+00, 8.6667E-01, 6.1333E+00,
15:25:03.66378618, 8.9000E+00, 7.3333E-01, 6.1333E+00,
15:25:03.66378623, 8.8333E+00, 7.3333E-01, 6.4000E+00,
15:25:03.66378628, 8.8667E+00, 6.6667E-01, 6.1333E+00,
15:25:03.66378633, 8.9000E+00, 7.3333E-01, 6.2667E+00,
15:25:03.66378638, 8.8667E+00, 7.3333E-01, 6.0000E+00,
15:25:03.66378643, 8.7667E+00, 6.6667E-01, 6.1333E+00,
15:25:03.66378648, 8.8000E+00, 6.6667E-01, 6.1333E+00,
15:25:03.66378653, 8.8667E+00, 8.0000E-01, 6.1333E+00,
15:25:03.66378658, 8.9000E+00, 6.6667E-01, 6.0000E+00,
15:25:03.66378663, 8.8667E+00, 8.0000E-01, 6.0000E+00,
15:25:03.66378668, 8.9000E+00, 7.3333E-01, 6.0000E+00,
15:25:03.66378673, 8.8667E+00, 8.6667E-01, 6.0000E+00,
15:25:03.66378678, 8.8333E+00, 8.0000E-01, 6.1333E+00,
15:25:03.66378683, 8.8667E+00, 8.6667E-01, 6.1333E+00,
15:25:03.66378688, 8.8667E+00, 6.6667E-01, 6.2667E+00,
15:25:03.66378693, 8.8333E+00, 6.0000E-01, 6.1333E+00,
15:25:03.66378698, 8.8333E+00, 7.3333E-01, 6.1333E+00,
15:25:03.66378703, 8.9333E+00, 6.6667E-01, 6.0000E+00,
15:25:03.66378708, 8.8333E+00, 6.6667E-01, 6.2667E+00,
15:25:03.66378713, 8.8667E+00, 7.3333E-01, 6.0000E+00,
15:25:03.66378718, 8.9333E+00, 6.0000E-01, 6.2667E+00,
15:25:03.66378723, 8.9000E+00, 8.6667E-01, 6.1333E+00,
15:25:03.66378728, 8.8000E+00, 8.6667E-01, 6.0000E+00,
15:25:03.66378733, 8.8667E+00, 9.3333E-01, 6.1333E+00,
15:25:03.66378738, 8.8333E+00, 7.3333E-01, 6.1333E+00,
15:25:03.66378743, 8.9000E+00, 6.6667E-01, 6.0000E+00,
15:25:03.66378748, 8.9000E+00, 8.6667E-01, 6.1333E+00,
15:25:03.66378753, 8.8667E+00, 8.0000E-01, 6.1333E+00,
15:25:03.66378758, 8.8333E+00, 8.0000E-01, 6.4000E+00,
15:25:03.66378763, 8.8333E+00, 7.3333E-01, 6.1333E+00,
15:25:03.66378768, 8.8667E+00, 8.0000E-01, 6.1333E+00,
15:25:03.66378773, 8.8667E+00, 8.0000E-01, 6.1333E+00,
15:25:03.66378778, 8.8333E+00, 8.6667E-01, 6.1333E+00,
15:25:03.66378783, 8.8667E+00, 7.3333E-01, 6.4000E+00,
15:25:03.66378788, 8.8333E+00, 6.6667E-01, 6.1333E+00,
15:25:03.66378793, 8.8667E+00, 8.0000E-01, 6.1333E+00,
15:25:03.66378798, 8.8333E+00, 6.6667E-01, 5.8667E+00,
15:25:03.66378803, 8.9000E+00, 8.0000E-01, 6.1333E+00,
15:25:03.66378808, 8.9000E+00, 7.3333E-01, 6.0000E+00,
15:25:03.66378813, 8.9333E+00, 9.3333E-01, 5.7333E+00,
15:25:03.66378818, 8.9000E+00, 8.0000E-01, 6.0000E+00,
15:25:03.66378823, 8.8333E+00, 8.0000E-01, 6.0000E+00,
15:25:03.66378828, 8.9000E+00, 8.0000E-01, 6.2667E+00,
15:25:03.66378833, 8.8667E+00, 8.0000E-01, 6.2667E+00,
15:25:03.66378838, 8.8667E+00, 7.3333E-01, 6.1333E+00,
15:25:03.66378843, 8.8667E+00, 7.3333E-01, 6.1333E+00,
15:25:03.66378848, 8.8667E+00, 7.3333E-01, 6.1333E+00,
15:25:03.66378853, 8.8667E+00, 7.3333E-01, 6.0000E+00,
15:25:03.66378858, 8.8667E+00, 7.3333E-01, 6.1333E+00,
15:25:03.66378863, 8.8333E+00, 6.6667E-01, 6.1333E+00,
15:25:03.66378868, 8.8333E+00, 6.0000E-01, 5.7333E+00,
15:25:03.66378873, 8.8333E+00, 7.3333E-01, 6.0000E+00,
15:25:03.66378878, 8.8000E+00, 6.6667E-01, 6.1333E+00,
15:25:03.66378883, 8.8333E+00, 6.6667E-01, 6.1333E+00,
15:25:03.66378888, 8.8667E+00, 6.6667E-01, 6.1333E+00,
15:25:03.66378893, 8.8667E+00, 6.6667E-01, 6.1333E+00,
15:25:03.66378898, 8.9000E+00, 8.6667E-01, 6.0000E+00,
15:25:03.66378903, 8.9333E+00, 8.0000E-01, 6.1333E+00,
15:25:03.66378908, 8.9000E+00, 7.3333E-01, 6.1333E+00,
15:25:03.66378913, 8.8000E+00, 9.3333E-01, 6.1333E+00,
15:25:03.66378918, 8.9000E+00, 7.3333E-01, 6.1333E+00,
15:25:03.66378923, 8.8333E+00, 9.3333E-01, 6.1333E+00,
15:25:03.66378928, 8.8667E+00, 8.0000E-01, 6.2667E+00,
15:25:03.66378933, 8.8667E+00, 7.3333E-01, 5.8667E+00,
15:25:03.66378938, 8.8667E+00, 8.0000E-01, 6.1333E+00,
15:25:03.66378943, 8.8667E+00, 9.3333E-01, 6.0000E+00,
15:25:03.66378948, 8.8667E+00, 8.0000E-01, 6.0000E+00,
15:25:03.66378953, 8.8667E+00, 8.6667E-01, 6.1333E+00,
15:25:03.66378958, 8.8333E+00, 8.0000E-01, 6.1333E+00,
15:25:03.66378963, 8.9333E+00, 7.3333E-01, 6.1333E+00,
15:25:03.66378968, 8.8333E+00, 4.6667E-01, 6.1333E+00,
15:25:03.66378973, 8.7667E+00, 8.0000E-01, 6.1333E+00,
15:25:03.66378978, 8.9000E+00, 9.3333E-01, 6.0000E+00,
15:25:03.66378983, 8.8000E+00, 7.3333E-01, 6.2667E+00,
15:25:03.66378988, 8.9000E+00, 6.6667E-01, 5.8667E+00,
15:25:03.66378993, 8.8667E+00, 7.3333E-01, 6.2667E+00,
15:25:03.66378998, 8.7667E+00, 7.3333E-01, 6.0000E+00,
15:25:03.66379003, 8.9000E+00, 8.6667E-01, 6.1333E+00,
15:25:03.66379008, 8.8667E+00, 7.3333E-01, 6.1333E+00,
15:25:03.66379013, 8.9333E+00, 8.0000E-01, 6.1333E+00,
15:25:03.66379018, 8.9333E+00, 7.3333E-01, 6.0000E+00,
15:25:03.66379023, 8.8667E+00, 8.6667E-01, 6.1333E+00,
15:25:03.66379028, 8.8333E+00, 7.3333E-01, 5.8667E+00,
15:25:03.66379033, 8.9000E+00, 8.0000E-01, 6.2667E+00,
15:25:03.66379038, 8.9333E+00, 8.0000E-01, 6.2667E+00,
15:25:03.66379043, 8.8333E+00, 8.0000E-01, 5.8667E+00,
15:25:03.66379048, 8.8667E+00, 8.0000E-01, 6.2667E+00,
15:25:03.66379053, 8.9000E+00, 8.0000E-01, 6.1333E+00,
15:25:03.66379058, 8.8667E+00, 8.0000E-01, 6.1333E+00,
15:25:03.66379063, 8.8333E+00, 6.6667E-01, 6.2667E+00,
15:25:03.66379068, 8.8000E+00, 6.6667E-01, 6.1333E+00,
15:25:03.66379073, 8.9000E+00, 8.0000E-01, 6.1333E+00,
15:25:03.66379078, 8.8000E+00, 8.0000E-01, 6.0000E+00,
15:25:03.66379083, 8.8333E+00, 7.3333E-01, 6.0000E+00,
15:25:03.66379088, 8.8333E+00, 7.3333E-01, 6.0000E+00,
15:25:03.66379093, 8.8333E+00, 8.6667E-01, 6.1333E+00,
15:25:03.66379098, 8.8667E+00, 8.0000E-01, 6.0000E+00,
15:25:03.66379103, 8.8667E+00, 6.6667E-01, 5.8667E+00,
15:25:03.66379108, 8.9000E+00, 6.6667E-01, 6.0000E+00,
15:25:03.66379113, 8.8000E+00, 8.0000E-01, 6.1333E+00,
15:25:03.66379118, 8.8667E+00, 7.3333E-01, 6.0000E+00,
15:25:03.66379123, 8.8333E+00, 7.3333E-01, 5.8667E+00,
15:25:03.66379128, 8.8333E+00, 8.0000E-01, 5.8667E+00,
15:25:03.66379133, 8.8000E+00, 6.6667E-01, 6.2667E+00,
15:25:03.66379138, 8.8667E+00, 7.3333E-01, 6.1333E+00,
15:25:03.66379143, 8.8333E+00, 8.6667E-01, 6.0000E+00,
15:25:03.66379148, 8.8333E+00, 8.0000E-01, 6.1333E+00,
15:25:03.66379153, 8.8667E+00, 8.6667E-01, 6.1333E+00,
15:25:03.66379158, 8.9000E+00, 7.3333E-01, 6.0000E+00,
15:25:03.66379163, 8.9000E+00, 6.6667E-01, 6.0000E+00,
15:25:03.66379168, 8.8667E+00, 6.6667E-01, 6.1333E+00,
15:25:03.66379173, 8.8000E+00, 8.0000E-01, 6.0000E+00,
15:25:03.66379178, 8.8333E+00, 8.0000E-01, 6.5333E+00,
15:25:03.66379183, 8.8333E+00, 8.6667E-01, 6.1333E+00,
15:25:03.66379188, 8.9000E+00, 7.3333E-01, 6.1333E+00,
15:25:03.66379193, 8.9333E+00, 8.6667E-01, 6.2667E+00,
15:25:03.66379198, 8.8667E+00, 7.3333E-01, 6.2667E+00,
15:25:03.66379203, 8.8000E+00, 8.6667E-01, 6.1333E+00,
15:25:03.66379208, 8.9333E+00, 8.0000E-01, 6.1333E+00,
15:25:03.66379213, 8.8667E+00, 7.3333E-01, 6.1333E+00,
15:25:03.66379218, 8.8667E+00, 8.0000E-01, 6.1333E+00,
15:25:03.66379223, 8.9000E+00, 7.3333E-01, 6.1333E+00,
15:25:03.66379228, 8.8333E+00, 8.0000E-01, 5.8667E+00,
15:25:03.66379233, 8.8667E+00, 8.6667E-01, 6.1333E+00,
15:25:03.66379238, 8.8667E+00, 8.6667E-01, 6.1333E+00,
15:25:03.66379243, 8.8333E+00, 9.3333E-01, 6.0000E+00,
15:25:03.66379248, 8.9000E+00, 8.0000E-01, 6.0000E+00,
15:25:03.66379253, 8.8333E+00, 6.6667E-01, 6.0000E+00,
15:25:03.66379258, 8.8667E+00, 8.6667E-01, 6.1333E+00,
15:25:03.66379263, 8.8333E+00, 7.3333E-01, 6.2667E+00,
15:25:03.66379268, 8.8333E+00, 9.3333E-01, 6.2667E+00,
15:25:03.66379273, 8.8000E+00, 7.3333E-01, 6.1333E+00,
15:25:03.66379278, 8.9000E+00, 7.3333E-01, 5.8667E+00,
15:25:03.66379283, 8.8333E+00, 7.3333E-01, 5.8667E+00,
15:25:03.66379288, 8.8333E+00, 7.3333E-01, 5.8667E+00,
15:25:03.66379293, 8.8667E+00, 8.0000E-01, 6.0000E+00,
15:25:03.66379298, 8.8667E+00, 7.3333E-01, 5.8667E+00,
15:25:03.66379303, 8.8667E+00, 7.3333E-01, 6.0000E+00,
15:25:03.66379308, 8.7333E+00, 6.6667E-01, 6.0000E+00,
15:25:03.66379313, 8.8667E+00, 8.6667E-01, 6.1333E+00,
15:25:03.66379318, 8.8667E+00, 7.3333E-01, 6.1333E+00,
15:25:03.66379323, 8.8667E+00, 8.0000E-01, 6.0000E+00,
15:25:03.66379328, 8.8667E+00, 6.6667E-01, 6.2667E+00,
15:25:03.66379333, 8.8000E+00, 6.0000E-01, 6.1333E+00,
15:25:03.66379338, 8.8667E+00, 6.6667E-01, 5.7333E+00,
15:25:03.66379343, 8.8667E+00, 7.3333E-01, 6.0000E+00,
15:25:03.66379348, 8.8667E+00, 7.3333E-01, 6.1333E+00,
15:25:03.66379353, 8.8333E+00, 7.3333E-01, 6.0000E+00,
15:25:03.66379358, 8.8000E+00, 7.3333E-01, 6.0000E+00,
15:25:03.66379363, 8.8000E+00, 6.6667E-01, 6.0000E+00,
15:25:03.66379368, 8.8667E+00, 8.0000E-01, 6.2667E+00,
15:25:03.66379373, 8.8333E+00, 8.0000E-01, 6.1333E+00,
15:25:03.66379378, 8.8667E+00, 6.6667E-01, 6.0000E+00,
15:25:03.66379383, 8.8333E+00, 6.6667E-01, 5.8667E+00,
15:25:03.66379388, 8.8000E+00, 7.3333E-01, 6.0000E+00,
15:25:03.66379393, 8.8000E+00, 8.6667E-01, 6.1333E+00,
15:25:03.66379398, 8.8667E+00, 8.0000E-01, 5.8667E+00,
15:25:03.66379403, 8.9000E+00, 6.6667E-01, 6.1333E+00,
15:25:03.66379408, 8.9333E+00, 8.0000E-01, 6.2667E+00,
15:25:03.66379413, 8.8333E+00, 7.3333E-01, 6.0000E+00,
15:25:03.66379418, 8.9333E+00, 7.3333E-01, 5.8667E+00,
15:25:03.66379423, 8.9333E+00, 8.0000E-01, 6.1333E+00,
15:25:03.66379428, 8.8667E+00, 8.0000E-01, 6.1333E+00,
15:25:03.66379433, 8.8333E+00, 6.6667E-01, 5.8667E+00,
15:25:03.66379438, 8.8667E+00, 7.3333E-01, 6.1333E+00,
15:25:03.66379443, 8.8667E+00, 6.6667E-01, 6.0000E+00,
15:25:03.66379448, 8.9333E+00, 7.3333E-01, 6.1333E+00,
15:25:03.66379453, 8.8333E+00, 9.3333E-01, 6.1333E+00,
15:25:03.66379458, 8.7333E+00, 7.3333E-01, 6.1333E+00,
15:25:03.66379463, 8.8667E+00, 8.0000E-01, 6.1333E+00,
15:25:03.66379468, 8.8333E+00, 8.6667E-01, 6.1333E+00,
15:25:03.66379473, 8.8667E+00, 7.3333E-01, 6.2667E+00,
15:25:03.66379478, 8.8333E+00, 6.6667E-01, 6.1333E+00,
15:25:03.66379483, 8.8667E+00, 7.3333E-01, 6.0000E+00,
15:25:03.66379488, 8.8333E+00, 8.0000E-01, 6.1333E+00,
15:25:03.66379493, 8.8667E+00, 8.6667E-01, 6.0000E+00,
15:25:03.66379498, 8.8000E+00, 7.3333E-01, 6.1333E+00,
15:25:03.66379503, 8.8333E+00, 8.0000E-01, 6.1333E+00,
15:25:03.66379508, 8.7333E+00, 7.3333E-01, 6.1333E+00,
15:25:03.66379513, 8.9000E+00, 6.6667E-01, 6.1333E+00,
15:25:03.66379518, 8.8333E+00, 8.6667E-01, 6.1333E+00,
15:25:03.66379523, 8.8333E+00, 9.3333E-01, 5.8667E+00,
15:25:03.66379528, 8.9000E+00, 8.0000E-01, 6.1333E+00,
15:25:03.66379533, 8.8667E+00, 7.3333E-01, 6.1333E+00,
15:25:03.66379538, 8.8333E+00, 8.6667E-01, 6.1333E+00,
15:25:03.66379543, 8.9000E+00, 7.3333E-01, 6.1333E+00,
15:25:03.66379548, 8.8000E+00, 8.0000E-01, 6.2667E+00,
15:25:03.66379553, 8.8000E+00, 7.3333E-01, 5.8667E+00,
15:25:03.66379558, 8.8333E+00, 7.3333E-01, 6.2667E+00,
15:25:03.66379563, 8.9000E+00, 8.0000E-01, 6.2667E+00,
15:25:03.66379568, 8.8333E+00, 7.3333E-01, 6.2667E+00,
15:25:03.66379573, 8.8667E+00, 6.6667E-01, 6.1333E+00,
15:25:03.66379578, 8.9000E+00, 8.0000E-01, 6.1333E+00,
15:25:03.66379583, 8.8333E+00, 9.3333E-01, 6.1333E+00,
15:25:03.66379588, 8.8667E+00, 5.3333E-01, 6.1333E+00,
15:25:03.66379593, 8.8667E+00, 6.0000E-01, 6.0000E+00,
15:25:03.66379598, 8.8333E+00, 8.0000E-01, 6.1333E+00,
15:25:03.66379603, 8.8667E+00, 7.3333E-01, 6.1333E+00,
15:25:03.66379608, 8.8333E+00, 6.0000E-01, 6.2667E+00,
15:25:03.66379613, 8.8667E+00, 8.0000E-01, 6.1333E+00,
15:25:03.66379618, 8.9333E+00, 8.6667E-01, 6.1333E+00,
15:25:03.66379623, 8.8667E+00, 7.3333E-01, 6.2667E+00,
15:25:03.66379628, 8.8667E+00, 7.3333E-01, 6.1333E+00,
15:25:03.66379633, 8.9000E+00, 7.3333E-01, 6.1333E+00,
15:25:03.66379638, 8.9333E+00, 6.6667E-01, 6.1333E+00,
15:25:03.66379643, 8.9333E+00, 8.0000E-01, 6.1333E+00,
15:25:03.66379648, 8.8667E+00, 8.0000E-01, 6.2667E+00,
15:25:03.66379653, 8.9000E+00, 8.0000E-01, 6.1333E+00,
15:25:03.66379658, 8.8667E+00, 7.3333E-01, 6.1333E+00,
15:25:03.66379663, 8.8333E+00, 7.3333E-01, 6.1333E+00,
15:25:03.66379668, 8.9000E+00, 9.3333E-01, 6.1333E+00,
15:25:03.66379673, 8.9333E+00, 7.3333E-01, 6.1333E+00,
15:25:03.66379678, 8.8667E+00, 7.3333E-01, 6.1333E+00,
15:25:03.66379683, 8.9000E+00, 7.3333E-01, 6.1333E+00,
15:25:03.66379688, 8.8667E+00, 6.0000E-01, 6.1333E+00,
15:25:03.66379693, 8.9000E+00, 7.3333E-01, 6.1333E+00,
15:25:03.66379698, 8.8000E+00, 7.3333E-01, 6.2667E+00,
15:25:03.66379703, 8.8000E+00, 7.3333E-01, 6.1333E+00,
15:25:03.66379708, 8.8333E+00, 7.3333E-01, 6.1333E+00,
15:25:03.66379713, 8.8000E+00, 9.3333E-01, 6.1333E+00,
15:25:03.66379718, 8.9000E+00, 6.6667E-01, 6.1333E+00,
15:25:03.66379723, 8.8333E+00, 7.3333E-01, 6.4000E+00,
15:25:03.66379728, 8.9333E+00, 7.3333E-01, 6.1333E+00,
15:25:03.66379733, 8.8667E+00, 6.0000E-01, 6.0000E+00,
15:25:03.66379738, 8.8667E+00, 8.0000E-01, 5.8667E+00,
15:25:03.66379743, 8.8333E+00, 8.0000E-01, 6.0000E+00,
15:25:03.66379748, 8.8667E+00, 7.3333E-01, 6.1333E+00,
15:25:03.66379753, 8.7667E+00, 8.0000E-01, 6.1333E+00,
15:25:03.66379758, 8.8667E+00, 7.3333E-01, 6.1333E+00,
15:25:03.66379763, 8.8000E+00, 7.3333E-01, 6.1333E+00,
15:25:03.66379768, 8.7667E+00, 7.3333E-01, 6.1333E+00,
15:25:03.66379773, 8.9000E+00, 6.6667E-01, 6.1333E+00,
15:25:03.66379778, 8.8333E+00, 8.6667E-01, 6.1333E+00,
15:25:03.66379783, 8.8333E+00, 6.0000E-01, 5.8667E+00,
15:25:03.66379788, 8.8000E+00, 6.6667E-01, 6.0000E+00,
15:25:03.66379793, 8.8667E+00, 6.6667E-01, 6.1333E+00,
15:25:03.66379798, 8.8333E+00, 8.0000E-01, 6.1333E+00,
15:25:03.66379803, 8.9333E+00, 8.0000E-01, 6.1333E+00,
15:25:03.66379808, 8.8333E+00, 7.3333E-01, 6.0000E+00,
15:25:03.66379813, 8.9333E+00, 6.6667E-01, 6.1333E+00,
15:25:03.66379818, 8.8000E+00, 5.3333E-01, 6.0000E+00,
15:25:03.66379823, 8.8333E+00, 6.0000E-01, 6.1333E+00,
15:25:03.66379828, 8.8667E+00, 8.6667E-01, 5.8667E+00,
15:25:03.66379833, 8.9333E+00, 7.3333E-01, 6.1333E+00,
15:25:03.66379838, 8.8333E+00, 8.6667E-01, 5.6000E+00,
15:25:03.66379843, 8.8333E+00, 6.6667E-01, 6.1333E+00,
15:25:03.66379848, 8.8667E+00, 7.3333E-01, 6.1333E+00,
15:25:03.66379853, 8.8333E+00, 7.3333E-01, 6.1333E+00,
15:25:03.66379858, 8.9333E+00, 6.6667E-01, 6.1333E+00,
15:25:03.66379863, 8.8667E+00, 6.6667E-01, 6.1333E+00,
15:25:03.66379868, 8.8000E+00, 8.0000E-01, 6.0000E+00,
15:25:03.66379873, 8.8667E+00, 8.0000E-01, 6.0000E+00,
15:25:03.66379878, 8.8333E+00, 6.6667E-01, 6.0000E+00,
15:25:03.66379883, 8.8333E+00, 8.6667E-01, 6.1333E+00,
15:25:03.66379888, 8.9000E+00, 7.3333E-01, 6.1333E+00,
15:25:03.66379893, 8.8667E+00, 8.0000E-01, 6.0000E+00,
15:25:03.66379898, 8.8333E+00, 7.3333E-01, 6.1333E+00,
15:25:03.66379903, 8.9000E+00, 7.3333E-01, 6.1333E+00,
15:25:03.66379908, 8.8667E+00, 7.3333E-01, 6.1333E+00,
15:25:03.66379913, 8.8333E+00, 6.6667E-01, 6.2667E+00,
15:25:03.66379918, 8.9333E+00, 8.0000E-01, 6.1333E+00,
15:25:03.66379923, 8.8333E+00, 6.6667E-01, 6.1333E+00,
15:25:03.66379928, 8.8667E+00, 7.3333E-01, 5.7333E+00,
15:25:03.66379933, 8.8667E+00, 8.0000E-01, 6.2667E+00,
15:25:03.66379938, 8.8000E+00, 8.0000E-01, 6.1333E+00,
15:25:03.66379943, 8.9000E+00, 6.0000E-01, 6.2667E+00,
15:25:03.66379948, 8.8333E+00, 8.0000E-01, 6.1333E+00,
15:25:03.66379953, 8.8333E+00, 7.3333E-01, 6.1333E+00,
15:25:03.66379958, 8.8333E+00, 7.3333E-01, 6.2667E+00,
15:25:03.66379963, 8.9000E+00, 7.3333E-01, 6.1333E+00,
15:25:03.66379968, 8.8000E+00, 6.0000E-01, 6.1333E+00,
15:25:03.66379973, 8.8667E+00, 6.6667E-01, 6.1333E+00,
15:25:03.66379978, 8.9333E+00, 6.6667E-01, 6.1333E+00,
15:25:03.66379983, 8.8333E+00, 8.6667E-01, 6.0000E+00,
15:25:03.66379988, 8.8000E+00, 8.0000E-01, 6.0000E+00,
15:25:03.66379993, 8.8667E+00, 7.3333E-01, 6.1333E+00,
15:25:03.66379998, 8.8333E+00, 8.6667E-01, 6.0000E+00,
15:25:03.66380003, 8.9000E+00, 8.0000E-01, 6.1333E+00,
15:25:03.66380008, 8.9000E+00, 7.3333E-01, 6.1333E+00,
15:25:03.66380013, 8.8667E+00, 6.0000E-01, 6.1333E+00,
15:25:03.66380018, 8.8333E+00, 8.0000E-01, 6.1333E+00,
15:25:03.66380023, 8.8667E+00, 8.0000E-01, 6.1333E+00,
15:25:03.66380028, 8.8333E+00, 6.0000E-01, 6.1333E+00,
15:25:03.66380033, 8.8000E+00, 8.0000E-01, 6.1333E+00,
15:25:03.66380038, 8.8000E+00, 7.3333E-01, 6.1333E+00,
15:25:03.66380043, 8.9000E+00, 6.6667E-01, 6.1333E+00,
15:25:03.66380048, 8.8667E+00, 8.6667E-01, 6.2667E+00,
15:25:03.66380053, 8.8333E+00, 8.0000E-01, 6.4000E+00,
15:25:03.66380058, 8.9000E+00, 8.0000E-01, 6.1333E+00,
15:25:03.66380063, 8.9000E+00, 7.3333E-01, 6.0000E+00,
15:25:03.66380068, 8.8333E+00, 7.3333E-01, 6.1333E+00,
15:25:03.66380073, 8.8333E+00, 8.0000E-01, 6.1333E+00,
15:25:03.66380078, 8.8667E+00, 6.0000E-01, 6.1333E+00,
15:25:03.66380083, 8.8667E+00, 6.6667E-01, 6.0000E+00,
15:25:03.66380088, 8.7667E+00, 8.6667E-01, 6.1333E+00,
15:25:03.66380093, 8.8000E+00, 7.3333E-01, 6.1333E+00,
15:25:03.66380098, 8.8333E+00, 9.3333E-01, 5.8667E+00,
15:25:03.66380103, 8.8333E+00, 6.6667E-01, 6.0000E+00,
15:25:03.66380108, 8.9000E+00, 8.0000E-01, 6.0000E+00,
15:25:03.66380113, 8.9667E+00, 7.3333E-01, 6.1333E+00,
15:25:03.66380118, 8.8667E+00, 8.0000E-01, 6.1333E+00,
15:25:03.66380123, 8.8333E+00, 6.6667E-01, 5.7333E+00,
15:25:03.66380128, 8.8667E+00, 6.6667E-01, 6.0000E+00,
15:25:03.66380133, 8.9000E+00, 6.6667E-01, 6.1333E+00,
15:25:03.66380138, 8.8000E+00, 8.0000E-01, 6.0000E+00,
15:25:03.66380143, 8.8333E+00, 7.3333E-01, 6.1333E+00,
15:25:03.66380148, 8.8000E+00, 6.6667E-01, 6.1333E+00,
15:25:03.66380153, 8.9333E+00, 6.6667E-01, 6.1333E+00,
15:25:03.66380158, 8.9333E+00, 7.3333E-01, 6.0000E+00,
15:25:03.66380163, 8.8667E+00, 7.3333E-01, 5.8667E+00,
15:25:03.66380168, 8.8333E+00, 8.0000E-01, 6.1333E+00,
15:25:03.66380173, 8.8333E+00, 6.6667E-01, 6.0000E+00,
15:25:03.66380178, 8.7667E+00, 7.3333E-01, 6.1333E+00,
15:25:03.66380183, 8.8333E+00, 6.6667E-01, 6.2667E+00,
15:25:03.66380188, 8.8333E+00, 7.3333E-01, 6.2667E+00,
15:25:03.66380193, 8.8333E+00, 8.0000E-01, 6.4000E+00,
15:25:03.66380198, 8.8667E+00, 5.3333E-01, 6.2667E+00,
15:25:03.66380203, 8.8667E+00, 8.0000E-01, 6.2667E+00,
15:25:03.66380208, 8.8667E+00, 8.6667E-01, 6.1333E+00,
15:25:03.66380213, 8.9000E+00, 7.3333E-01, 6.2667E+00,
15:25:03.66380218, 8.8667E+00, 8.0000E-01, 6.1333E+00,
15:25:03.66380223, 8.9000E+00, 7.3333E-01, 6.1333E+00,
15:25:03.66380228, 8.8667E+00, 7.3333E-01, 6.0000E+00,
15:25:03.66380233, 8.7667E+00, 7.3333E-01, 6.1333E+00,
15:25:03.66380238, 8.8000E+00, 8.0000E-01, 6.2667E+00,
15:25:03.66380243, 8.9000E+00, 8.6667E-01, 6.1333E+00,
15:25:03.66380248, 8.9000E+00, 7.3333E-01, 6.1333E+00,
15:25:03.66380253, 8.9667E+00, 6.6667E-01, 6.1333E+00,
15:25:03.66380258, 8.8333E+00, 7.3333E-01, 6.1333E+00,
15:25:03.66380263, 8.8667E+00, 8.6667E-01, 6.1333E+00,
15:25:03.66380268, 8.8333E+00, 8.0000E-01, 5.8667E+00,
15:25:03.66380273, 8.8667E+00, 8.0000E-01, 6.1333E+00,
15:25:03.66380278, 8.8000E+00, 8.0000E-01, 6.4000E+00,
15:25:03.66380283, 8.8000E+00, 7.3333E-01, 6.2667E+00,
15:25:03.66380288, 8.8000E+00, 8.0000E-01, 6.0000E+00,
15:25:03.66380293, 8.8333E+00, 6.0000E-01, 6.1333E+00,
15:25:03.66380298, 8.8333E+00, 6.0000E-01, 6.2667E+00,
15:25:03.66380303, 8.8667E+00, 6.6667E-01, 6.1333E+00,
15:25:03.66380308, 8.9333E+00, 8.0000E-01, 6.1333E+00,
15:25:03.66380313, 8.8667E+00, 8.0000E-01, 6.1333E+00,
15:25:03.66380318, 8.8000E+00, 8.0000E-01, 6.1333E+00,
15:25:03.66380323, 8.8333E+00, 6.6667E-01, 6.1333E+00,
15:25:03.66380328, 8.8333E+00, 6.6667E-01, 6.1333E+00,
15:25:03.66380333, 8.8667E+00, 8.0000E-01, 6.1333E+00,
15:25:03.66380338, 8.8333E+00, 7.3333E-01, 6.4000E+00,
15:25:03.66380343, 8.9000E+00, 7.3333E-01, 6.1333E+00,
15:25:03.66380348, 8.8333E+00, 7.3333E-01, 6.1333E+00,
15:25:03.66380353, 8.8667E+00, 8.0000E-01, 6.2667E+00,
15:25:03.66380358, 8.9000E+00, 6.6667E-01, 6.1333E+00,
15:25:03.66380363, 8.8333E+00, 8.6667E-01, 6.1333E+00,
15:25:03.66380368, 8.8000E+00, 8.0000E-01, 6.0000E+00,
15:25:03.66380373, 8.8667E+00, 8.6667E-01, 6.0000E+00,
15:25:03.66380378, 8.8333E+00, 8.0000E-01, 6.5333E+00,
15:25:03.66380383, 8.9000E+00, 8.0000E-01, 6.1333E+00,
15:25:03.66380388, 8.9667E+00, 8.0000E-01, 6.1333E+00,
15:25:03.66380393, 8.8333E+00, 7.3333E-01, 6.1333E+00,
15:25:03.66380398, 8.9333E+00, 8.0000E-01, 6.1333E+00,
15:25:03.66380403, 8.8667E+00, 7.3333E-01, 6.1333E+00,
15:25:03.66380408, 8.8333E+00, 8.0000E-01, 6.4000E+00,
15:25:03.66380413, 8.8667E+00, 9.3333E-01, 6.1333E+00,
15:25:03.66380418, 8.7667E+00, 8.6667E-01, 6.1333E+00,
15:25:03.66380423, 8.8333E+00, 8.0000E-01, 6.5333E+00,
15:25:03.66380428, 8.8667E+00, 8.0000E-01, 6.2667E+00,
15:25:03.66380433, 8.8000E+00, 8.0000E-01, 6.2667E+00,
15:25:03.66380438, 8.8333E+00, 7.3333E-01, 6.2667E+00,
15:25:03.66380443, 8.8667E+00, 8.0000E-01, 6.1333E+00,
15:25:03.66380448, 8.8667E+00, 9.3333E-01, 6.0000E+00,
15:25:03.66380453, 8.9333E+00, 7.3333E-01, 6.1333E+00,
15:25:03.66380458, 8.8333E+00, 8.6667E-01, 6.2667E+00,
15:25:03.66380463, 8.8333E+00, 6.6667E-01, 6.2667E+00,
15:25:03.66380468, 8.8333E+00, 9.3333E-01, 6.0000E+00,
15:25:03.66380473, 8.9000E+00, 8.6667E-01, 6.0000E+00,
15:25:03.66380478, 8.8333E+00, 8.0000E-01, 6.0000E+00,
15:25:03.66380483, 8.9000E+00, 8.0000E-01, 6.1333E+00,
15:25:03.66380488, 8.9333E+00, 8.0000E-01, 6.2667E+00,
15:25:03.66380493, 8.8667E+00, 7.3333E-01, 6.1333E+00,
15:25:03.66380498, 8.8667E+00, 7.3333E-01, 6.4000E+00,
15:25:03.66380503, 8.8000E+00, 8.0000E-01, 6.2667E+00,
15:25:03.66380508, 8.8333E+00, 6.6667E-01, 6.1333E+00,
15:25:03.66380513, 8.8333E+00, 8.0000E-01, 6.1333E+00,
15:25:03.66380518, 8.8333E+00, 6.6667E-01, 6.1333E+00,
15:25:03.66380523, 8.8000E+00, 6.0000E-01, 6.2667E+00,
15:25:03.66380528, 8.9000E+00, 8.6667E-01, 6.4000E+00,
15:25:03.66380533, 8.8667E+00, 8.0000E-01, 6.1333E+00,
15:25:03.66380538, 8.7667E+00, 6.0000E-01, 6.1333E+00,
15:25:03.66380543, 8.8333E+00, 6.6667E-01, 6.1333E+00,
15:25:03.66380548, 8.8333E+00, 7.3333E-01, 6.1333E+00,
15:25:03.66380553, 8.8667E+00, 7.3333E-01, 6.2667E+00,
15:25:03.66380558, 8.8667E+00, 7.3333E-01, 6.1333E+00,
15:25:03.66380563, 8.8667E+00, 6.6667E-01, 6.1333E+00,
15:25:03.66380568, 8.8667E+00, 6.0000E-01, 6.1333E+00,
15:25:03.66380573, 8.7667E+00, 6.6667E-01, 6.0000E+00,
15:25:03.66380578, 8.8667E+00, 7.3333E-01, 6.1333E+00,
15:25:03.66380583, 8.9333E+00, 6.6667E-01, 6.1333E+00,
15:25:03.66380588, 8.9333E+00, 6.0000E-01, 6.1333E+00,
15:25:03.66380593, 8.8333E+00, 7.3333E-01, 6.2667E+00,
15:25:03.66380598, 8.9000E+00, 7.3333E-01, 6.2667E+00,
15:25:03.66380603, 8.8667E+00, 7.3333E-01, 6.0000E+00,
15:25:03.66380608, 8.8667E+00, 6.6667E-01, 6.0000E+00,
15:25:03.66380613, 8.8667E+00, 6.0000E-01, 6.2667E+00,
15:25:03.66380618, 8.8333E+00, 7.3333E-01, 6.1333E+00,
15:25:03.66380623, 8.9000E+00, 7.3333E-01, 6.1333E+00,
15:25:03.66380628, 8.9333E+00, 7.3333E-01, 6.1333E+00,
15:25:03.66380633, 8.8333E+00, 8.0000E-01, 6.2667E+00,
15:25:03.66380638, 8.8667E+00, 6.0000E-01, 6.2667E+00,
15:25:03.66380643, 8.8667E+00, 6.6667E-01, 6.1333E+00,
15:25:03.66380648, 8.8667E+00, 1.0000E+00, 6.2667E+00,
15:25:03.66380653, 8.8333E+00, 6.6667E-01, 6.4000E+00,
15:25:03.66380658, 8.9000E+00, 7.3333E-01, 6.1333E+00,
15:25:03.66380663, 8.8667E+00, 6.6667E-01, 6.1333E+00,
15:25:03.66380668, 8.8667E+00, 7.3333E-01, 6.0000E+00,
15:25:03.66380673, 8.8333E+00, 6.6667E-01, 6.2667E+00,
15:25:03.66380678, 8.9000E+00, 7.3333E-01, 6.2667E+00,
15:25:03.66380683, 8.9000E+00, 8.6667E-01, 6.1333E+00,
15:25:03.66380688, 8.8333E+00, 8.6667E-01, 6.0000E+00,
15:25:03.66380693, 8.9000E+00, 8.6667E-01, 6.1333E+00,
15:25:03.66380698, 8.8333E+00, 9.3333E-01, 6.1333E+00,
15:25:03.66380703, 8.9667E+00, 8.0000E-01, 6.2667E+00,
15:25:03.66380708, 8.8000E+00, 8.0000E-01, 6.1333E+00,
15:25:03.66380713, 8.8333E+00, 8.0000E-01, 6.1333E+00,
15:25:03.66380718, 8.8667E+00, 7.3333E-01, 6.4000E+00,
15:25:03.66380723, 8.8667E+00, 7.3333E-01, 6.1333E+00,
15:25:03.66380728, 8.8667E+00, 6.6667E-01, 6.4000E+00,
15:25:03.66380733, 8.8333E+00, 7.3333E-01, 6.4000E+00,
15:25:03.66380738, 8.8667E+00, 7.3333E-01, 6.2667E+00,
15:25:03.66380743, 8.8000E+00, 7.3333E-01, 6.2667E+00,
15:25:03.66380748, 8.8667E+00, 6.6667E-01, 6.2667E+00,
15:25:03.66380753, 8.8333E+00, 7.3333E-01, 6.1333E+00,
15:25:03.66380758, 8.8667E+00, 6.6667E-01, 6.1333E+00,
15:25:03.66380763, 8.8000E+00, 6.6667E-01, 6.0000E+00,
15:25:03.66380768, 8.9000E+00, 8.0000E-01, 6.1333E+00,
15:25:03.66380773, 8.9000E+00, 7.3333E-01, 6.1333E+00,
15:25:03.66380778, 8.9000E+00, 7.3333E-01, 6.2667E+00,
15:25:03.66380783, 8.8667E+00, 6.6667E-01, 6.1333E+00,
15:25:03.66380788, 8.8667E+00, 7.3333E-01, 6.5333E+00,
15:25:03.66380793, 8.8667E+00, 6.0000E-01, 6.1333E+00,
15:25:03.66380798, 8.7667E+00, 6.6667E-01, 6.1333E+00,
15:25:03.66380803, 8.8333E+00, 7.3333E-01, 6.1333E+00,
15:25:03.66380808, 8.8667E+00, 4.6667E-01, 6.1333E+00,
15:25:03.66380813, 8.8000E+00, 8.6667E-01, 6.4000E+00,
15:25:03.66380818, 8.8667E+00, 8.6667E-01, 6.0000E+00,
15:25:03.66380823, 8.8667E+00, 6.6667E-01, 6.1333E+00,
15:25:03.66380828, 8.8333E+00, 7.3333E-01, 6.2667E+00,
15:25:03.66380833, 8.8667E+00, 7.3333E-01, 6.4000E+00,
15:25:03.66380838, 8.8333E+00, 8.0000E-01, 6.1333E+00,
15:25:03.66380843, 8.9000E+00, 6.6667E-01, 6.1333E+00,
15:25:03.66380848, 8.8333E+00, 6.6667E-01, 6.0000E+00,
15:25:03.66380853, 8.8667E+00, 8.0000E-01, 5.7333E+00,
15:25:03.66380858, 8.8333E+00, 8.0000E-01, 6.1333E+00,
15:25:03.66380863, 8.9000E+00, 7.3333E-01, 6.2667E+00,
15:25:03.66380868, 8.8667E+00, 7.3333E-01, 6.1333E+00,
15:25:03.66380873, 8.8667E+00, 8.0000E-01, 6.1333E+00,
15:25:03.66380878, 8.9000E+00, 6.6667E-01, 6.4000E+00,
15:25:03.66380883, 8.8667E+00, 1.0000E+00, 6.1333E+00,
15:25:03.66380888, 8.8333E+00, 9.3333E-01, 6.2667E+00,
15:25:03.66380893, 8.8000E+00, 8.0000E-01, 6.1333E+00,
15:25:03.66380898, 8.8333E+00, 8.0000E-01, 6.1333E+00,
15:25:03.66380903, 8.8333E+00, 7.3333E-01, 6.1333E+00,
15:25:03.66380908, 8.8333E+00, 6.0000E-01, 5.8667E+00,
15:25:03.66380913, 8.8667E+00, 8.6667E-01, 6.2667E+00,
15:25:03.66380918, 8.8000E+00, 9.3333E-01, 6.1333E+00,
15:25:03.66380923, 8.8667E+00, 8.0000E-01, 6.2667E+00,
15:25:03.66380928, 8.9000E+00, 8.0000E-01, 6.2667E+00,
15:25:03.66380933, 8.8667E+00, 7.3333E-01, 6.4000E+00,
15:25:03.66380938, 8.9000E+00, 8.0000E-01, 6.0000E+00,
15:25:03.66380943, 8.9333E+00, 7.3333E-01, 6.2667E+00,
15:25:03.66380948, 8.8333E+00, 8.6667E-01, 6.1333E+00,
15:25:03.66380953, 8.8333E+00, 8.6667E-01, 6.1333E+00,
15:25:03.66380958, 8.9000E+00, 6.6667E-01, 6.4000E+00,
15:25:03.66380963, 8.9000E+00, 8.0000E-01, 6.4000E+00,
15:25:03.66380968, 8.9333E+00, 6.6667E-01, 6.2667E+00,
15:25:03.66380973, 8.9000E+00, 7.3333E-01, 6.1333E+00,
15:25:03.66380978, 8.8667E+00, 8.6667E-01, 6.2667E+00,
15:25:03.66380983, 8.8667E+00, 7.3333E-01, 6.1333E+00,
15:25:03.66380988, 8.8333E+00, 8.0000E-01, 6.1333E+00,
15:25:03.66380993, 8.8333E+00, 8.0000E-01, 6.1333E+00,
15:25:03.66380998, 8.8000E+00, 8.0000E-01, 6.1333E+00,
15:25:03.66381003, 8.9333E+00, 6.6667E-01, 6.1333E+00,
15:25:03.66381008, 8.8333E+00, 8.0000E-01, 6.0000E+00,
15:25:03.66381013, 8.9000E+00, 8.0000E-01, 6.4000E+00,
15:25:03.66381018, 8.9000E+00, 8.0000E-01, 6.4000E+00,
15:25:03.66381023, 8.8667E+00, 7.3333E-01, 6.2667E+00,
15:25:03.66381028, 8.8333E+00, 8.0000E-01, 6.1333E+00,
15:25:03.66381033, 8.8667E+00, 8.6667E-01, 6.1333E+00,
15:25:03.66381038, 8.8333E+00, 7.3333E-01, 6.0000E+00,
15:25:03.66381043, 8.8667E+00, 7.3333E-01, 6.4000E+00,
15:25:03.66381048, 8.9333E+00, 8.0000E-01, 6.1333E+00,
15:25:03.66381053, 8.9000E+00, 7.3333E-01, 6.2667E+00,
15:25:03.66381058, 8.8667E+00, 6.6667E-01, 6.1333E+00,
15:25:03.66381063, 8.9000E+00, 6.6667E-01, 6.0000E+00,
15:25:03.66381068, 8.9000E+00, 7.3333E-01, 6.1333E+00,
15:25:03.66381073, 8.8333E+00, 8.6667E-01, 6.1333E+00,
15:25:03.66381078, 8.8000E+00, 7.3333E-01, 6.0000E+00,
15:25:03.66381083, 8.8000E+00, 8.0000E-01, 6.0000E+00,
15:25:03.66381088, 8.9000E+00, 8.0000E-01, 6.0000E+00,
15:25:03.66381093, 8.8667E+00, 8.0000E-01, 6.0000E+00,
15:25:03.66381098, 8.8667E+00, 8.0000E-01, 6.1333E+00,
15:25:03.66381103, 8.8333E+00, 9.3333E-01, 6.0000E+00,
15:25:03.66381108, 8.8667E+00, 8.6667E-01, 6.2667E+00,
15:25:03.66381113, 8.8667E+00, 8.6667E-01, 6.1333E+00,
15:25:03.66381118, 8.9667E+00, 6.6667E-01, 6.1333E+00,
15:25:03.66381123, 8.9000E+00, 8.0000E-01, 6.2667E+00,
15:25:03.66381128, 8.8000E+00, 8.0000E-01, 6.1333E+00,
15:25:03.66381133, 8.8667E+00, 7.3333E-01, 6.1333E+00,
15:25:03.66381138, 8.8333E+00, 8.0000E-01, 6.1333E+00,
15:25:03.66381143, 8.8333E+00, 7.3333E-01, 6.1333E+00,
15:25:03.66381148, 8.7667E+00, 9.3333E-01, 6.1333E+00,
15:25:03.66381153, 8.8667E+00, 6.0000E-01, 5.7333E+00,
15:25:03.66381158, 8.8000E+00, 8.0000E-01, 6.1333E+00,
15:25:03.66381163, 8.8667E+00, 7.3333E-01, 6.2667E+00,
15:25:03.66381168, 8.8333E+00, 7.3333E-01, 6.1333E+00,
15:25:03.66381173, 8.9000E+00, 6.6667E-01, 6.4000E+00,
15:25:03.66381178, 8.8667E+00, 6.6667E-01, 6.2667E+00,
15:25:03.66381183, 8.8333E+00, 9.3333E-01, 6.1333E+00,
15:25:03.66381188, 8.8667E+00, 6.6667E-01, 6.1333E+00,
15:25:03.66381193, 8.8667E+00, 6.6667E-01, 6.1333E+00,
15:25:03.66381198, 8.8667E+00, 6.6667E-01, 6.4000E+00,
15:25:03.66381203, 8.8333E+00, 9.3333E-01, 6.1333E+00,
15:25:03.66381208, 8.8667E+00, 6.6667E-01, 6.1333E+00,
15:25:03.66381213, 8.8667E+00, 7.3333E-01, 6.1333E+00,
15:25:03.66381218, 8.8333E+00, 8.0000E-01, 6.1333E+00,
15:25:03.66381223, 8.8333E+00, 8.0000E-01, 6.1333E+00,
15:25:03.66381228, 8.8333E+00, 8.0000E-01, 6.1333E+00,
15:25:03.66381233, 8.9333E+00, 6.6667E-01, 6.1333E+00,
15:25:03.66381238, 8.8667E+00, 8.0000E-01, 6.1333E+00,
15:25:03.66381243, 8.8000E+00, 8.0000E-01, 6.1333E+00,
15:25:03.66381248, 8.8333E+00, 6.0000E-01, 6.1333E+00,
15:25:03.66381253, 8.8333E+00, 8.6667E-01, 6.4000E+00,
15:25:03.66381258, 8.8333E+00, 8.0000E-01, 6.1333E+00,
15:25:03.66381263, 8.9000E+00, 8.0000E-01, 6.1333E+00,
15:25:03.66381268, 8.8333E+00, 8.0000E-01, 6.1333E+00,
15:25:03.66381273, 8.8333E+00, 7.3333E-01, 6.0000E+00,
15:25:03.66381278, 8.8667E+00, 7.3333E-01, 6.0000E+00,
15:25:03.66381283, 8.8667E+00, 7.3333E-01, 6.1333E+00,
15:25:03.66381288, 8.8000E+00, 8.0000E-01, 6.1333E+00,
15:25:03.66381293, 8.8333E+00, 8.0000E-01, 6.2667E+00,
15:25:03.66381298, 8.8333E+00, 6.6667E-01, 6.1333E+00,
15:25:03.66381303, 8.7667E+00, 7.3333E-01, 6.1333E+00,
15:25:03.66381308, 8.8333E+00, 7.3333E-01, 6.1333E+00,
15:25:03.66381313, 8.9000E+00, 8.6667E-01, 6.2667E+00,
15:25:03.66381318, 8.9000E+00, 7.3333E-01, 6.2667E+00,
15:25:03.66381323, 8.7667E+00, 6.6667E-01, 6.1333E+00,
15:25:03.66381328, 8.7667E+00, 8.0000E-01, 6.0000E+00,
15:25:03.66381333, 8.8000E+00, 8.0000E-01, 6.0000E+00,
15:25:03.66381338, 8.9000E+00, 6.6667E-01, 6.1333E+00,
15:25:03.66381343, 8.8000E+00, 7.3333E-01, 6.2667E+00,
15:25:03.66381348, 8.8333E+00, 7.3333E-01, 6.1333E+00,
15:25:03.66381353, 8.8667E+00, 8.6667E-01, 6.4000E+00,
15:25:03.66381358, 8.8667E+00, 7.3333E-01, 6.4000E+00,
15:25:03.66381363, 8.8333E+00, 7.3333E-01, 6.2667E+00,
15:25:03.66381368, 8.8667E+00, 8.0000E-01, 6.2667E+00,
15:25:03.66381373, 8.8333E+00, 8.6667E-01, 6.5333E+00,
15:25:03.66381378, 8.8667E+00, 7.3333E-01, 6.1333E+00,
15:25:03.66381383, 8.9000E+00, 7.3333E-01, 6.0000E+00,
15:25:03.66381388, 8.8667E+00, 7.3333E-01, 6.1333E+00,
15:25:03.66381393, 8.8667E+00, 8.6667E-01, 6.0000E+00,
15:25:03.66381398, 8.8667E+00, 7.3333E-01, 6.1333E+00,
15:25:03.66381403, 8.8667E+00, 7.3333E-01, 6.1333E+00,
15:25:03.66381408, 8.9000E+00, 7.3333E-01, 6.2667E+00,
15:25:03.66381413, 8.8000E+00, 7.3333E-01, 6.1333E+00,
15:25:03.66381418, 8.8333E+00, 6.0000E-01, 6.2667E+00,
15:25:03.66381423, 8.8667E+00, 8.6667E-01, 6.1333E+00,
15:25:03.66381428, 8.8333E+00, 8.0000E-01, 6.2667E+00,
15:25:03.66381433, 8.8333E+00, 8.6667E-01, 6.1333E+00,
15:25:03.66381438, 8.8333E+00, 6.6667E-01, 6.1333E+00,
15:25:03.66381443, 8.9000E+00, 1.0000E+00, 6.0000E+00,
15:25:03.66381448, 8.9000E+00, 8.6667E-01, 6.1333E+00,
15:25:03.66381453, 8.8667E+00, 8.0000E-01, 6.1333E+00,
15:25:03.66381458, 8.9000E+00, 5.3333E-01, 6.4000E+00,
15:25:03.66381463, 8.8667E+00, 7.3333E-01, 6.2667E+00,
15:25:03.66381468, 8.8333E+00, 7.3333E-01, 6.1333E+00,
15:25:03.66381473, 8.8667E+00, 8.0000E-01, 6.1333E+00,
15:25:03.66381478, 8.8667E+00, 8.0000E-01, 6.1333E+00,
15:25:03.66381483, 8.8000E+00, 7.3333E-01, 6.1333E+00,
15:25:03.66381488, 8.8000E+00, 6.6667E-01, 6.0000E+00,
15:25:03.66381493, 8.9000E+00, 8.0000E-01, 6.2667E+00,
15:25:03.66381498, 8.9000E+00, 7.3333E-01, 6.2667E+00,
15:25:03.66381503, 8.9000E+00, 8.6667E-01, 6.2667E+00,
15:25:03.66381508, 8.8667E+00, 6.0000E-01, 6.2667E+00,
15:25:03.66381513, 8.8000E+00, 7.3333E-01, 6.1333E+00,
15:25:03.66381518, 8.8333E+00, 8.0000E-01, 6.2667E+00,
15:25:03.66381523, 8.8667E+00, 7.3333E-01, 6.1333E+00,
15:25:03.66381528, 8.8333E+00, 8.0000E-01, 6.1333E+00,
15:25:03.66381533, 8.8000E+00, 8.0000E-01, 6.1333E+00,
15:25:03.66381538, 8.8667E+00, 6.6667E-01, 6.1333E+00,
15:25:03.66381543, 8.9000E+00, 7.3333E-01, 5.8667E+00,
15:25:03.66381548, 8.8667E+00, 8.0000E-01, 6.1333E+00,
15:25:03.66381553, 8.8667E+00, 7.3333E-01, 6.2667E+00,
15:25:03.66381558, 8.8667E+00, 7.3333E-01, 6.1333E+00,
15:25:03.66381563, 8.8333E+00, 6.6667E-01, 6.4000E+00,
15:25:03.66381568, 8.7667E+00, 7.3333E-01, 6.0000E+00,
15:25:03.66381573, 8.9000E+00, 8.0000E-01, 6.2667E+00,
15:25:03.66381578, 8.8333E+00, 6.0000E-01, 6.1333E+00,
15:25:03.66381583, 8.9000E+00, 7.3333E-01, 6.1333E+00,
15:25:03.66381588, 8.8667E+00, 8.0000E-01, 6.0000E+00,
15:25:03.66381593, 8.8000E+00, 8.6667E-01, 6.2667E+00,
15:25:03.66381598, 8.8667E+00, 6.0000E-01, 6.1333E+00,
15:25:03.66381603, 8.8333E+00, 8.0000E-01, 6.2667E+00,
15:25:03.66381608, 8.9000E+00, 7.3333E-01, 6.4000E+00,
15:25:03.66381613, 8.8667E+00, 7.3333E-01, 6.0000E+00,
15:25:03.66381618, 8.8333E+00, 7.3333E-01, 5.8667E+00,
15:25:03.66381623, 8.8000E+00, 8.0000E-01, 6.4000E+00,
15:25:03.66381628, 8.9000E+00, 7.3333E-01, 6.1333E+00,
15:25:03.66381633, 8.8667E+00, 7.3333E-01, 6.4000E+00,
15:25:03.66381638, 8.9667E+00, 8.0000E-01, 6.0000E+00,
15:25:03.66381643, 8.8667E+00, 8.0000E-01, 6.0000E+00,
15:25:03.66381648, 8.8667E+00, 8.0000E-01, 6.1333E+00,
15:25:03.66381653, 8.8667E+00, 6.6667E-01, 6.1333E+00,
15:25:03.66381658, 8.8667E+00, 7.3333E-01, 6.1333E+00,
15:25:03.66381663, 8.9000E+00, 7.3333E-01, 6.1333E+00,
15:25:03.66381668, 8.7667E+00, 8.6667E-01, 6.1333E+00,
15:25:03.66381673, 8.8667E+00, 7.3333E-01, 6.1333E+00,
15:25:03.66381678, 8.8667E+00, 6.6667E-01, 6.1333E+00,
15:25:03.66381683, 8.8667E+00, 8.0000E-01, 6.4000E+00,
15:25:03.66381688, 8.8667E+00, 8.6667E-01, 6.1333E+00,
15:25:03.66381693, 8.8667E+00, 7.3333E-01, 6.1333E+00,
15:25:03.66381698, 8.8333E+00, 8.0000E-01, 6.1333E+00,
15:25:03.66381703, 8.8333E+00, 8.0000E-01, 6.2667E+00,
15:25:03.66381708, 8.8000E+00, 8.0000E-01, 6.1333E+00,
15:25:03.66381713, 8.9333E+00, 6.0000E-01, 6.1333E+00,
15:25:03.66381718, 8.8333E+00, 6.0000E-01, 6.1333E+00,
15:25:03.66381723, 8.8333E+00, 7.3333E-01, 6.1333E+00,
15:25:03.66381728, 8.8333E+00, 8.0000E-01, 6.1333E+00,
15:25:03.66381733, 8.8667E+00, 7.3333E-01, 6.1333E+00,
15:25:03.66381738, 8.8667E+00, 7.3333E-01, 6.2667E+00,
15:25:03.66381743, 8.8333E+00, 6.6667E-01, 6.1333E+00,
15:25:03.66381748, 8.8333E+00, 8.0000E-01, 6.1333E+00,
15:25:03.66381753, 8.8333E+00, 8.0000E-01, 6.1333E+00,
15:25:03.66381758, 8.8667E+00, 8.6667E-01, 6.0000E+00,
15:25:03.66381763, 8.8000E+00, 6.6667E-01, 6.1333E+00,
15:25:03.66381768, 8.8333E+00, 7.3333E-01, 6.0000E+00,
15:25:03.66381773, 8.8333E+00, 7.3333E-01, 6.1333E+00,
15:25:03.66381778, 8.8000E+00, 7.3333E-01, 6.1333E+00,
15:25:03.66381783, 8.8667E+00, 8.6667E-01, 5.8667E+00,
15:25:03.66381788, 8.8667E+00, 8.0000E-01, 6.1333E+00,
15:25:03.66381793, 8.8333E+00, 6.6667E-01, 6.1333E+00,
15:25:03.66381798, 8.8333E+00, 6.0000E-01, 6.1333E+00,
15:25:03.66381803, 8.8333E+00, 8.0000E-01, 6.0000E+00,
15:25:03.66381808, 8.8667E+00, 7.3333E-01, 6.2667E+00,
15:25:03.66381813, 8.8667E+00, 8.6667E-01, 6.1333E+00,
15:25:03.66381818, 8.9333E+00, 8.0000E-01, 6.2667E+00,
15:25:03.66381823, 8.8667E+00, 8.0000E-01, 6.2667E+00,
15:25:03.66381828, 8.8333E+00, 8.6667E-01, 6.2667E+00,
15:25:03.66381833, 8.8667E+00, 7.3333E-01, 6.1333E+00,
15:25:03.66381838, 8.9000E+00, 6.6667E-01, 6.2667E+00,
15:25:03.66381843, 8.9000E+00, 7.3333E-01, 6.0000E+00,
15:25:03.66381848, 8.8333E+00, 7.3333E-01, 6.2667E+00,
15:25:03.66381853, 8.9333E+00, 7.3333E-01, 6.1333E+00,
15:25:03.66381858, 8.7333E+00, 8.0000E-01, 6.1333E+00,
15:25:03.66381863, 8.8667E+00, 8.0000E-01, 6.1333E+00,
15:25:03.66381868, 8.8667E+00, 8.0000E-01, 6.2667E+00,
15:25:03.66381873, 8.8667E+00, 8.0000E-01, 6.1333E+00,
15:25:03.66381878, 8.8667E+00, 9.3333E-01, 6.1333E+00,
15:25:03.66381883, 8.8000E+00, 6.6667E-01, 6.6667E+00,
15:25:03.66381888, 8.8667E+00, 6.6667E-01, 6.0000E+00,
15:25:03.66381893, 8.9000E+00, 8.0000E-01, 6.5333E+00,
15:25:03.66381898, 8.8333E+00, 7.3333E-01, 6.4000E+00,
15:25:03.66381903, 8.9000E+00, 7.3333E-01, 6.1333E+00,
15:25:03.66381908, 8.9333E+00, 8.0000E-01, 6.1333E+00,
15:25:03.66381913, 8.8667E+00, 9.3333E-01, 6.1333E+00,
15:25:03.66381918, 8.9000E+00, 7.3333E-01, 6.2667E+00,
15:25:03.66381923, 8.9000E+00, 7.3333E-01, 6.1333E+00,
15:25:03.66381928, 8.8667E+00, 7.3333E-01, 6.1333E+00,
15:25:03.66381933, 8.8333E+00, 6.6667E-01, 6.4000E+00,
15:25:03.66381938, 8.8333E+00, 7.3333E-01, 6.2667E+00,
15:25:03.66381943, 8.8667E+00, 7.3333E-01, 6.1333E+00,
15:25:03.66381948, 8.9000E+00, 9.3333E-01, 6.4000E+00,
15:25:03.66381953, 8.8333E+00, 7.3333E-01, 6.1333E+00,
15:25:03.66381958, 8.8667E+00, 6.6667E-01, 6.2667E+00,
15:25:03.66381963, 8.8000E+00, 6.6667E-01, 6.1333E+00,
15:25:03.66381968, 8.9000E+00, 8.6667E-01, 6.1333E+00,
15:25:03.66381973, 8.9333E+00, 7.3333E-01, 6.1333E+00,
15:25:03.66381978, 8.9000E+00, 7.3333E-01, 5.8667E+00,
15:25:03.66381983, 8.8333E+00, 7.3333E-01, 5.8667E+00,
15:25:03.66381988, 8.8000E+00, 8.0000E-01, 6.1333E+00,
15:25:03.66381993, 8.9333E+00, 7.3333E-01, 6.1333E+00,
15:25:03.66381998, 8.9000E+00, 7.3333E-01, 6.4000E+00,
15:25:03.66382003, 8.8667E+00, 7.3333E-01, 6.1333E+00,
15:25:03.66382008, 8.8000E+00, 6.6667E-01, 6.2667E+00,
15:25:03.66382013, 8.8667E+00, 9.3333E-01, 6.1333E+00,
15:25:03.66382018, 8.7667E+00, 7.3333E-01, 6.0000E+00,
15:25:03.66382023, 8.9333E+00, 8.0000E-01, 6.1333E+00,
15:25:03.66382028, 8.8667E+00, 7.3333E-01, 6.1333E+00,
15:25:03.66382033, 8.8333E+00, 8.0000E-01, 6.1333E+00,
15:25:03.66382038, 8.8333E+00, 6.6667E-01, 6.0000E+00,
15:25:03.66382043, 8.8333E+00, 6.6667E-01, 6.1333E+00,
15:25:03.66382048, 8.7667E+00, 8.0000E-01, 6.1333E+00,
15:25:03.66382053, 8.8333E+00, 8.0000E-01, 6.0000E+00,
15:25:03.66382058, 8.8667E+00, 7.3333E-01, 6.1333E+00,
15:25:03.66382063, 8.8667E+00, 8.0000E-01, 6.1333E+00,
15:25:03.66382068, 8.8667E+00, 8.6667E-01, 5.8667E+00,
15:25:03.66382073, 8.8667E+00, 6.0000E-01, 6.1333E+00,
15:25:03.66382078, 8.9000E+00, 6.6667E-01, 6.1333E+00,
15:25:03.66382083, 8.9000E+00, 7.3333E-01, 6.1333E+00,
15:25:03.66382088, 8.8333E+00, 8.0000E-01, 6.2667E+00,
15:25:03.66382093, 8.8333E+00, 7.3333E-01, 6.4000E+00,
15:25:03.66382098, 8.9333E+00, 8.6667E-01, 6.2667E+00,
15:25:03.66382103, 8.8667E+00, 7.3333E-01, 6.1333E+00,
15:25:03.66382108, 8.9000E+00, 7.3333E-01, 6.2667E+00,
15:25:03.66382113, 8.8667E+00, 8.0000E-01, 6.2667E+00,
15:25:03.66382118, 8.8667E+00, 8.0000E-01, 6.1333E+00,
15:25:03.66382123, 8.8333E+00, 8.0000E-01, 6.1333E+00,
15:25:03.66382128, 8.8000E+00, 6.6667E-01, 6.1333E+00,
15:25:03.66382133, 8.8667E+00, 7.3333E-01, 6.1333E+00,
15:25:03.66382138, 8.8333E+00, 7.3333E-01, 6.0000E+00,
15:25:03.66382143, 8.8667E+00, 6.6667E-01, 6.1333E+00,
15:25:03.66382148, 8.8667E+00, 6.6667E-01, 6.1333E+00,
15:25:03.66382153, 8.8333E+00, 7.3333E-01, 6.1333E+00,
15:25:03.66382158, 8.8000E+00, 7.3333E-01, 6.2667E+00,
15:25:03.66382163, 8.9000E+00, 7.3333E-01, 6.1333E+00,
15:25:03.66382168, 8.8000E+00, 8.0000E-01, 6.1333E+00,
15:25:03.66382173, 8.8333E+00, 8.6667E-01, 6.2667E+00,
15:25:03.66382178, 8.8333E+00, 8.0000E-01, 6.1333E+00,
15:25:03.66382183, 8.8667E+00, 6.6667E-01, 6.1333E+00,
15:25:03.66382188, 8.8667E+00, 7.3333E-01, 6.2667E+00,
15:25:03.66382193, 8.9000E+00, 8.6667E-01, 6.1333E+00,
15:25:03.66382198, 8.9333E+00, 7.3333E-01, 6.2667E+00,
15:25:03.66382203, 8.8667E+00, 8.6667E-01, 6.1333E+00,
15:25:03.66382208, 8.9000E+00, 8.0000E-01, 6.1333E+00,
15:25:03.66382213, 8.8667E+00, 7.3333E-01, 6.1333E+00,
15:25:03.66382218, 8.8667E+00, 6.0000E-01, 6.0000E+00,
15:25:03.66382223, 8.9000E+00, 8.0000E-01, 6.1333E+00,
15:25:03.66382228, 8.8333E+00, 8.0000E-01, 6.4000E+00,
15:25:03.66382233, 8.8333E+00, 8.6667E-01, 6.4000E+00,
15:25:03.66382238, 8.7667E+00, 6.0000E-01, 6.5333E+00,
15:25:03.66382243, 8.8333E+00, 7.3333E-01, 6.0000E+00,
15:25:03.66382248, 8.8333E+00, 7.3333E-01, 6.2667E+00,
15:25:03.66382253, 8.9000E+00, 7.3333E-01, 6.1333E+00,
15:25:03.66382258, 8.9333E+00, 6.6667E-01, 5.8667E+00,
15:25:03.66382263, 8.8333E+00, 8.0000E-01, 6.5333E+00,
15:25:03.66382268, 8.8333E+00, 6.0000E-01, 6.2667E+00,
15:25:03.66382273, 8.9000E+00, 7.3333E-01, 6.1333E+00,
15:25:03.66382278, 8.8667E+00, 8.0000E-01, 6.2667E+00,
15:25:03.66382283, 8.8333E+00, 8.6667E-01, 6.1333E+00,
15:25:03.66382288, 8.7667E+00, 6.6667E-01, 6.1333E+00,
15:25:03.66382293, 8.8667E+00, 6.6667E-01, 6.2667E+00,
15:25:03.66382298, 8.8333E+00, 8.0000E-01, 6.1333E+00,
15:25:03.66382303, 8.9000E+00, 7.3333E-01, 6.1333E+00,
15:25:03.66382308, 8.9333E+00, 8.6667E-01, 6.0000E+00,
15:25:03.66382313, 8.9333E+00, 8.6667E-01, 6.1333E+00,
15:25:03.66382318, 8.8333E+00, 6.6667E-01, 6.1333E+00,
15:25:03.66382323, 8.8333E+00, 8.0000E-01, 6.1333E+00,
15:25:03.66382328, 8.8000E+00, 8.0000E-01, 6.1333E+00,
15:25:03.66382333, 8.8333E+00, 6.6667E-01, 6.2667E+00,
15:25:03.66382338, 8.8333E+00, 8.6667E-01, 5.8667E+00,
15:25:03.66382343, 8.8333E+00, 8.0000E-01, 6.1333E+00,
15:25:03.66382348, 8.9000E+00, 7.3333E-01, 6.1333E+00,
15:25:03.66382353, 8.8667E+00, 7.3333E-01, 6.0000E+00,
15:25:03.66382358, 8.8667E+00, 6.6667E-01, 6.1333E+00,
15:25:03.66382363, 8.9667E+00, 6.6667E-01, 6.1333E+00,
15:25:03.66382368, 8.9000E+00, 8.6667E-01, 6.1333E+00,
15:25:03.66382373, 8.8667E+00, 7.3333E-01, 6.1333E+00,
15:25:03.66382378, 8.8333E+00, 8.6667E-01, 6.1333E+00,
15:25:03.66382383, 8.8667E+00, 8.0000E-01, 6.1333E+00,
15:25:03.66382388, 8.8667E+00, 8.0000E-01, 6.1333E+00,
15:25:03.66382393, 8.8333E+00, 8.0000E-01, 6.2667E+00,
15:25:03.66382398, 8.8333E+00, 8.0000E-01, 6.1333E+00,
15:25:03.66382403, 8.8667E+00, 8.0000E-01, 6.1333E+00,
15:25:03.66382408, 8.9333E+00, 6.6667E-01, 6.1333E+00,
15:25:03.66382413, 8.9000E+00, 8.6667E-01, 6.0000E+00,
15:25:03.66382418, 8.8667E+00, 7.3333E-01, 6.1333E+00,
15:25:03.66382423, 8.8333E+00, 8.0000E-01, 6.2667E+00,
15:25:03.66382428, 8.9000E+00, 8.0000E-01, 6.2667E+00,
15:25:03.66382433, 8.8000E+00, 7.3333E-01, 6.1333E+00,
15:25:03.66382438, 8.8333E+00, 6.0000E-01, 6.2667E+00,
15:25:03.66382443, 8.8667E+00, 7.3333E-01, 5.8667E+00,
15:25:03.66382448, 8.8333E+00, 6.6667E-01, 6.0000E+00,
15:25:03.66382453, 8.9000E+00, 7.3333E-01, 6.1333E+00,
15:25:03.66382458, 8.8333E+00, 6.6667E-01, 5.8667E+00,
15:25:03.66382463, 8.9333E+00, 7.3333E-01, 6.1333E+00,
15:25:03.66382468, 8.8333E+00, 7.3333E-01, 6.1333E+00,
15:25:03.66382473, 8.8333E+00, 6.0000E-01, 6.1333E+00,
15:25:03.66382478, 8.8333E+00, 9.3333E-01, 6.4000E+00,
15:25:03.66382483, 8.8667E+00, 8.6667E-01, 6.1333E+00,
15:25:03.66382488, 8.9000E+00, 6.0000E-01, 6.1333E+00,
15:25:03.66382493, 8.8000E+00, 8.0000E-01, 6.1333E+00,
15:25:03.66382498, 8.9333E+00, 8.0000E-01, 6.0000E+00,
15:25:03.66382503, 8.8333E+00, 6.6667E-01, 6.1333E+00,
15:25:03.66382508, 8.9000E+00, 8.0000E-01, 6.0000E+00,
15:25:03.66382513, 8.8000E+00, 6.6667E-01, 6.1333E+00,
15:25:03.66382518, 8.9000E+00, 8.0000E-01, 6.1333E+00,
15:25:03.66382523, 8.8667E+00, 6.0000E-01, 6.0000E+00,
15:25:03.66382528, 8.7333E+00, 6.6667E-01, 6.5333E+00,
15:25:03.66382533, 8.8667E+00, 7.3333E-01, 6.0000E+00,
15:25:03.66382538, 8.8333E+00, 7.3333E-01, 6.2667E+00,
15:25:03.66382543, 8.8667E+00, 8.0000E-01, 6.0000E+00,
15:25:03.66382548, 8.9667E+00, 6.0000E-01, 6.1333E+00,
15:25:03.66382553, 8.8667E+00, 8.6667E-01, 6.1333E+00,
15:25:03.66382558, 8.8000E+00, 8.0000E-01, 6.1333E+00,
15:25:03.66382563, 8.8333E+00, 7.3333E-01, 6.0000E+00,
15:25:03.66382568, 8.8667E+00, 7.3333E-01, 6.1333E+00,
15:25:03.66382573, 8.8333E+00, 6.6667E-01, 6.4000E+00,
15:25:03.66382578, 8.8333E+00, 6.6667E-01, 6.1333E+00,
15:25:03.66382583, 8.9333E+00, 5.3333E-01, 6.4000E+00,
15:25:03.66382588, 8.9000E+00, 8.0000E-01, 6.0000E+00,
15:25:03.66382593, 8.8333E+00, 6.6667E-01, 6.2667E+00,
15:25:03.66382598, 8.9333E+00, 6.6667E-01, 6.1333E+00,
15:25:03.66382603, 8.8667E+00, 8.0000E-01, 6.0000E+00,
15:25:03.66382608, 8.8667E+00, 8.0000E-01, 6.5333E+00,
15:25:03.66382613, 8.8667E+00, 8.0000E-01, 6.5333E+00,
15:25:03.66382618, 8.8667E+00, 7.3333E-01, 6.1333E+00,
15:25:03.66382623, 8.8000E+00, 8.0000E-01, 6.1333E+00,
15:25:03.66382628, 8.8667E+00, 8.0000E-01, 6.0000E+00,
15:25:03.66382633, 8.8667E+00, 8.0000E-01, 6.1333E+00,
15:25:03.66382638, 8.8667E+00, 6.0000E-01, 6.1333E+00,
15:25:03.66382643, 8.8667E+00, 7.3333E-01, 6.2667E+00,
15:25:03.66382648, 8.8667E+00, 8.0000E-01, 6.5333E+00,
15:25:03.66382653, 8.8000E+00, 6.6667E-01, 6.2667E+00,
15:25:03.66382658, 8.8667E+00, 7.3333E-01, 6.2667E+00,
15:25:03.66382663, 8.8333E+00, 8.0000E-01, 5.8667E+00,
15:25:03.66382668, 8.8333E+00, 8.6667E-01, 6.2667E+00,
15:25:03.66382673, 8.8000E+00, 7.3333E-01, 6.4000E+00,
15:25:03.66382678, 8.9000E+00, 7.3333E-01, 6.2667E+00,
15:25:03.66382683, 8.8333E+00, 7.3333E-01, 6.1333E+00,
15:25:03.66382688, 8.9000E+00, 6.0000E-01, 6.4000E+00,
15:25:03.66382693, 8.9000E+00, 6.6667E-01, 6.1333E+00,
15:25:03.66382698, 8.8667E+00, 8.6667E-01, 6.1333E+00,
15:25:03.66382703, 8.8667E+00, 6.0000E-01, 6.1333E+00,
15:25:03.66382708, 8.9000E+00, 8.6667E-01, 6.2667E+00,
15:25:03.66382713, 8.8333E+00, 6.6667E-01, 6.1333E+00,
15:25:03.66382718, 8.7667E+00, 8.0000E-01, 6.1333E+00,
15:25:03.66382723, 8.9333E+00, 6.6667E-01, 6.1333E+00,
15:25:03.66382728, 8.8667E+00, 8.0000E-01, 6.1333E+00,
15:25:03.66382733, 8.8000E+00, 7.3333E-01, 6.1333E+00,
15:25:03.66382738, 8.9333E+00, 6.6667E-01, 6.1333E+00,
15:25:03.66382743, 8.9000E+00, 8.0000E-01, 6.1333E+00,
15:25:03.66382748, 8.8667E+00, 6.6667E-01, 6.1333E+00,
15:25:03.66382753, 8.8333E+00, 8.0000E-01, 6.1333E+00,
15:25:03.66382758, 8.8667E+00, 7.3333E-01, 6.1333E+00,
15:25:03.66382763, 8.9000E+00, 6.6667E-01, 6.1333E+00,
15:25:03.66382768, 8.9333E+00, 7.3333E-01, 6.1333E+00,
15:25:03.66382773, 8.8333E+00, 7.3333E-01, 6.1333E+00,
15:25:03.66382778, 8.8333E+00, 8.0000E-01, 6.2667E+00,
15:25:03.66382783, 8.8333E+00, 8.0000E-01, 6.1333E+00,
15:25:03.66382788, 8.9333E+00, 7.3333E-01, 6.0000E+00,
15:25:03.66382793, 8.8333E+00, 6.6667E-01, 6.1333E+00,
15:25:03.66382798, 8.8000E+00, 8.6667E-01, 6.2667E+00,
15:25:03.66382803, 8.7667E+00, 6.6667E-01, 6.4000E+00,
15:25:03.66382808, 8.8333E+00, 6.0000E-01, 6.1333E+00,
15:25:03.66382813, 8.7667E+00, 7.3333E-01, 6.1333E+00,
15:25:03.66382818, 8.8333E+00, 6.6667E-01, 6.2667E+00,
15:25:03.66382823, 8.8000E+00, 7.3333E-01, 6.1333E+00,
15:25:03.66382828, 8.8667E+00, 7.3333E-01, 6.1333E+00,
15:25:03.66382833, 8.8667E+00, 6.6667E-01, 6.1333E+00,
15:25:03.66382838, 8.9333E+00, 7.3333E-01, 6.1333E+00,
15:25:03.66382843, 8.8000E+00, 9.3333E-01, 6.0000E+00,
15:25:03.66382848, 8.8667E+00, 8.6667E-01, 6.2667E+00,
15:25:03.66382853, 8.8000E+00, 7.3333E-01, 6.1333E+00,
15:25:03.66382858, 8.8333E+00, 8.0000E-01, 6.1333E+00,
15:25:03.66382863, 8.8000E+00, 8.6667E-01, 6.2667E+00,
15:25:03.66382868, 8.9000E+00, 8.0000E-01, 6.4000E+00,
15:25:03.66382873, 8.8667E+00, 7.3333E-01, 6.5333E+00,
15:25:03.66382878, 8.8667E+00, 8.6667E-01, 6.1333E+00,
15:25:03.66382883, 8.8667E+00, 6.6667E-01, 6.0000E+00,
15:25:03.66382888, 8.9000E+00, 7.3333E-01, 6.1333E+00,
15:25:03.66382893, 8.8667E+00, 7.3333E-01, 6.2667E+00,
15:25:03.66382898, 8.7667E+00, 6.0000E-01, 6.1333E+00,
15:25:03.66382903, 8.8333E+00, 7.3333E-01, 6.1333E+00,
15:25:03.66382908, 8.8667E+00, 7.3333E-01, 6.1333E+00,
15:25:03.66382913, 8.8000E+00, 8.0000E-01, 6.2667E+00,
15:25:03.66382918, 8.8667E+00, 8.0000E-01, 6.2667E+00,
15:25:03.66382923, 8.8333E+00, 8.0000E-01, 6.1333E+00,
15:25:03.66382928, 8.8667E+00, 6.6667E-01, 6.1333E+00,
15:25:03.66382933, 8.8333E+00, 6.6667E-01, 6.1333E+00,
15:25:03.66382938, 8.8667E+00, 7.3333E-01, 6.0000E+00,
15:25:03.66382943, 8.9000E+00, 7.3333E-01, 6.1333E+00,
15:25:03.66382948, 8.8333E+00, 8.0000E-01, 6.4000E+00,
15:25:03.66382953, 8.8667E+00, 7.3333E-01, 6.2667E+00,
15:25:03.66382958, 8.8333E+00, 7.3333E-01, 6.0000E+00,
15:25:03.66382963, 8.8667E+00, 7.3333E-01, 6.4000E+00,
15:25:03.66382968, 8.8667E+00, 8.6667E-01, 6.1333E+00,
15:25:03.66382973, 8.8000E+00, 6.6667E-01, 6.1333E+00,
15:25:03.66382978, 8.8667E+00, 8.0000E-01, 6.1333E+00,
15:25:03.66382983, 8.8000E+00, 6.0000E-01, 6.2667E+00,
15:25:03.66382988, 8.8667E+00, 7.3333E-01, 6.1333E+00,
15:25:03.66382993, 8.8667E+00, 8.6667E-01, 6.1333E+00,
15:25:03.66382998, 8.9333E+00, 8.6667E-01, 6.1333E+00,
15:25:03.66383003, 8.8333E+00, 8.6667E-01, 6.0000E+00,
15:25:03.66383008, 8.8333E+00, 7.3333E-01, 6.1333E+00,
15:25:03.66383013, 8.8667E+00, 5.3333E-01, 6.0000E+00,
15:25:03.66383018, 8.8667E+00, 7.3333E-01, 6.1333E+00,
15:25:03.66383023, 8.8667E+00, 8.0000E-01, 6.0000E+00,
15:25:03.66383028, 8.9000E+00, 8.6667E-01, 6.1333E+00,
15:25:03.66383033, 8.8667E+00, 8.0000E-01, 6.2667E+00,
15:25:03.66383038, 8.8667E+00, 6.0000E-01, 5.8667E+00,
15:25:03.66383043, 8.8667E+00, 7.3333E-01, 6.1333E+00,
15:25:03.66383048, 8.8333E+00, 8.0000E-01, 6.1333E+00,
15:25:03.66383053, 8.7333E+00, 8.6667E-01, 6.2667E+00,
15:25:03.66383058, 8.9000E+00, 6.6667E-01, 6.1333E+00,
15:25:03.66383063, 8.9000E+00, 6.0000E-01, 6.1333E+00,
15:25:03.66383068, 8.8333E+00, 8.0000E-01, 6.0000E+00,
15:25:03.66383073, 8.8667E+00, 7.3333E-01, 6.2667E+00,
15:25:03.66383078, 8.8667E+00, 6.6667E-01, 6.0000E+00,
15:25:03.66383083, 8.9000E+00, 6.6667E-01, 6.1333E+00,
15:25:03.66383088, 8.8667E+00, 7.3333E-01, 6.2667E+00,
15:25:03.66383093, 8.8333E+00, 8.0000E-01, 6.1333E+00,
15:25:03.66383098, 8.8667E+00, 7.3333E-01, 6.1333E+00,
15:25:03.66383103, 8.8667E+00, 8.0000E-01, 6.1333E+00,
15:25:03.66383108, 8.8000E+00, 8.0000E-01, 6.1333E+00,
15:25:03.66383113, 8.8667E+00, 6.6667E-01, 6.1333E+00,
15:25:03.66383118, 8.9000E+00, 8.0000E-01, 6.1333E+00,
15:25:03.66383123, 8.7667E+00, 7.3333E-01, 6.1333E+00,
15:25:03.66383128, 8.9000E+00, 8.0000E-01, 6.2667E+00,
15:25:03.66383133, 8.9000E+00, 6.6667E-01, 6.1333E+00,
15:25:03.66383138, 8.8333E+00, 6.6667E-01, 6.1333E+00,
15:25:03.66383143, 8.9000E+00, 6.0000E-01, 6.1333E+00,
15:25:03.66383148, 8.8667E+00, 8.6667E-01, 6.1333E+00,
15:25:03.66383153, 8.8333E+00, 8.0000E-01, 5.8667E+00,
15:25:03.66383158, 8.8667E+00, 6.6667E-01, 6.4000E+00,
15:25:03.66383163, 8.9000E+00, 7.3333E-01, 5.8667E+00,
15:25:03.66383168, 8.8333E+00, 8.0000E-01, 6.1333E+00,
15:25:03.66383173, 8.8333E+00, 5.3333E-01, 6.1333E+00,
15:25:03.66383178, 8.9000E+00, 8.0000E-01, 6.1333E+00,
15:25:03.66383183, 8.8667E+00, 6.0000E-01, 6.1333E+00,
15:25:03.66383188, 8.9000E+00, 7.3333E-01, 6.1333E+00,
15:25:03.66383193, 8.7333E+00, 6.6667E-01, 6.2667E+00,
15:25:03.66383198, 8.8333E+00, 8.6667E-01, 6.4000E+00,
15:25:03.66383203, 8.9000E+00, 8.0000E-01, 6.4000E+00,
15:25:03.66383208, 8.8000E+00, 7.3333E-01, 6.4000E+00,
15:25:03.66383213, 8.8333E+00, 6.6667E-01, 6.5333E+00,
15:25:03.66383218, 8.8333E+00, 7.3333E-01, 5.8667E+00,
15:25:03.66383223, 8.9000E+00, 8.0000E-01, 6.0000E+00,
15:25:03.66383228, 8.8000E+00, 8.0000E-01, 6.2667E+00,
15:25:03.66383233, 8.8333E+00, 7.3333E-01, 6.1333E+00,
15:25:03.66383238, 8.7333E+00, 8.6667E-01, 6.1333E+00,
15:25:03.66383243, 8.9000E+00, 5.3333E-01, 6.0000E+00,
15:25:03.66383248, 8.8333E+00, 8.0000E-01, 6.1333E+00,
15:25:03.66383253, 8.9333E+00, 8.0000E-01, 6.1333E+00,
15:25:03.66383258, 8.8333E+00, 6.0000E-01, 6.1333E+00,
15:25:03.66383263, 8.8667E+00, 7.3333E-01, 6.1333E+00,
15:25:03.66383268, 8.9000E+00, 8.6667E-01, 6.0000E+00,
15:25:03.66383273, 8.7667E+00, 7.3333E-01, 6.2667E+00,
15:25:03.66383278, 8.9333E+00, 8.0000E-01, 6.1333E+00,
15:25:03.66383283, 8.8667E+00, 6.6667E-01, 6.1333E+00,
15:25:03.66383288, 8.7667E+00, 6.0000E-01, 6.1333E+00,
15:25:03.66383293, 8.8000E+00, 6.6667E-01, 6.1333E+00,
15:25:03.66383298, 8.8333E+00, 6.6667E-01, 6.1333E+00,
15:25:03.66383303, 9.0000E+00, 6.6667E-01, 6.1333E+00,
15:25:03.66383308, 8.9333E+00, 7.3333E-01, 6.2667E+00,
15:25:03.66383313, 8.8000E+00, 7.3333E-01, 6.2667E+00,
15:25:03.66383318, 8.8667E+00, 8.6667E-01, 6.2667E+00,
15:25:03.66383323, 8.9000E+00, 7.3333E-01, 6.2667E+00,
15:25:03.66383328, 8.8667E+00, 6.0000E-01, 6.2667E+00,
15:25:03.66383333, 8.8667E+00, 8.0000E-01, 6.0000E+00,
15:25:03.66383338, 8.9000E+00, 7.3333E-01, 6.1333E+00,
15:25:03.66383343, 8.7667E+00, 8.0000E-01, 6.1333E+00,
15:25:03.66383348, 8.9000E+00, 7.3333E-01, 6.1333E+00,
15:25:03.66383353, 8.9000E+00, 8.0000E-01, 6.4000E+00,
15:25:03.66383358, 8.9000E+00, 7.3333E-01, 6.2667E+00,
15:25:03.66383363, 8.8667E+00, 8.6667E-01, 6.1333E+00,
15:25:03.66383368, 8.8667E+00, 6.6667E-01, 6.1333E+00,
15:25:03.66383373, 8.8667E+00, 8.6667E-01, 6.0000E+00,
15:25:03.66383378, 8.8333E+00, 7.3333E-01, 6.2667E+00,
15:25:03.66383383, 8.9000E+00, 7.3333E-01, 6.1333E+00,
15:25:03.66383388, 8.8333E+00, 7.3333E-01, 6.4000E+00,
15:25:03.66383393, 8.8667E+00, 8.0000E-01, 6.1333E+00,
15:25:03.66383398, 8.9000E+00, 8.0000E-01, 6.2667E+00,
15:25:03.66383403, 8.8333E+00, 6.6667E-01, 6.2667E+00,
15:25:03.66383408, 8.9000E+00, 8.0000E-01, 6.4000E+00,
15:25:03.66383413, 8.8000E+00, 6.6667E-01, 6.4000E+00,
15:25:03.66383418, 8.8000E+00, 6.0000E-01, 6.0000E+00,
15:25:03.66383423, 8.8667E+00, 6.6667E-01, 6.1333E+00,
15:25:03.66383428, 8.8333E+00, 6.6667E-01, 6.1333E+00,
15:25:03.66383433, 8.8333E+00, 8.0000E-01, 6.1333E+00,
15:25:03.66383438, 8.8000E+00, 7.3333E-01, 6.1333E+00,
15:25:03.66383443, 8.8333E+00, 8.6667E-01, 6.1333E+00,
15:25:03.66383448, 8.8667E+00, 7.3333E-01, 6.1333E+00,
15:25:03.66383453, 8.8333E+00, 6.6667E-01, 6.1333E+00,
15:25:03.66383458, 8.8333E+00, 8.0000E-01, 6.1333E+00,
15:25:03.66383463, 8.8667E+00, 8.0000E-01, 6.2667E+00,
15:25:03.66383468, 8.8667E+00, 7.3333E-01, 6.1333E+00,
15:25:03.66383473, 8.8000E+00, 6.6667E-01, 6.1333E+00,
15:25:03.66383478, 8.8333E+00, 7.3333E-01, 6.1333E+00,
15:25:03.66383483, 8.8333E+00, 6.6667E-01, 6.1333E+00,
15:25:03.66383488, 8.7667E+00, 8.0000E-01, 6.2667E+00,
15:25:03.66383493, 8.8333E+00, 6.6667E-01, 6.1333E+00,
15:25:03.66383498, 8.8667E+00, 8.0000E-01, 6.1333E+00,
15:25:03.66383503, 8.8333E+00, 8.0000E-01, 6.4000E+00,
15:25:03.66383508, 8.9000E+00, 8.6667E-01, 6.2667E+00,
15:25:03.66383513, 8.8667E+00, 8.0000E-01, 6.1333E+00,
15:25:03.66383518, 8.8333E+00, 8.0000E-01, 6.1333E+00,
15:25:03.66383523, 8.8000E+00, 9.3333E-01, 6.0000E+00,
15:25:03.66383528, 8.8333E+00, 7.3333E-01, 5.7333E+00,
15:25:03.66383533, 8.9000E+00, 9.3333E-01, 6.0000E+00,
15:25:03.66383538, 8.8667E+00, 8.0000E-01, 6.2667E+00,
15:25:03.66383543, 8.9667E+00, 6.6667E-01, 6.1333E+00,
15:25:03.66383548, 8.8667E+00, 8.0000E-01, 6.1333E+00,
15:25:03.66383553, 8.8000E+00, 6.6667E-01, 6.1333E+00,
15:25:03.66383558, 8.9333E+00, 6.0000E-01, 6.0000E+00,
15:25:03.66383563, 8.8667E+00, 7.3333E-01, 6.1333E+00,
15:25:03.66383568, 8.8333E+00, 7.3333E-01, 5.8667E+00,
15:25:03.66383573, 8.8333E+00, 7.3333E-01, 6.1333E+00,
15:25:03.66383578, 8.8667E+00, 8.0000E-01, 6.0000E+00,
15:25:03.66383583, 8.8333E+00, 6.6667E-01, 6.1333E+00,
15:25:03.66383588, 8.9000E+00, 7.3333E-01, 6.1333E+00,
15:25:03.66383593, 8.8333E+00, 8.0000E-01, 6.2667E+00,
15:25:03.66383598, 8.9000E+00, 8.0000E-01, 6.4000E+00,
15:25:03.66383603, 8.9000E+00, 8.6667E-01, 6.2667E+00,
15:25:03.66383608, 8.8333E+00, 7.3333E-01, 6.2667E+00,
15:25:03.66383613, 8.8667E+00, 7.3333E-01, 6.1333E+00,
15:25:03.66383618, 8.8000E+00, 6.6667E-01, 6.1333E+00,
15:25:03.66383623, 8.8000E+00, 6.6667E-01, 6.1333E+00,
15:25:03.66383628, 8.9000E+00, 7.3333E-01, 6.1333E+00,
15:25:03.66383633, 8.8000E+00, 8.0000E-01, 6.0000E+00,
15:25:03.66383638, 8.8667E+00, 5.3333E-01, 6.2667E+00,
15:25:03.66383643, 8.8333E+00, 6.6667E-01, 6.2667E+00,
15:25:03.66383648, 8.8667E+00, 7.3333E-01, 6.4000E+00,
15:25:03.66383653, 8.8667E+00, 7.3333E-01, 6.0000E+00,
15:25:03.66383658, 8.8667E+00, 7.3333E-01, 6.0000E+00,
15:25:03.66383663, 8.8333E+00, 5.3333E-01, 6.1333E+00,
15:25:03.66383668, 8.8000E+00, 8.6667E-01, 6.1333E+00,
15:25:03.66383673, 8.8000E+00, 7.3333E-01, 6.1333E+00,
15:25:03.66383678, 8.8333E+00, 8.0000E-01, 6.1333E+00,
15:25:03.66383683, 8.8333E+00, 7.3333E-01, 6.1333E+00,
15:25:03.66383688, 8.8667E+00, 8.6667E-01, 6.0000E+00,
15:25:03.66383693, 8.8333E+00, 8.0000E-01, 6.4000E+00,
15:25:03.66383698, 8.8000E+00, 8.0000E-01, 6.2667E+00,
15:25:03.66383703, 8.8667E+00, 8.6667E-01, 6.6667E+00,
15:25:03.66383708, 8.8667E+00, 8.0000E-01, 6.1333E+00,
15:25:03.66383713, 6.9667E+00, 9.3333E-01, 6.1333E+00,
15:25:03.66383718, 3.0000E+00, 1.8667E+00, 6.1333E+00,
15:25:03.66383723, 1.2000E+00, 1.1333E+00, 6.1333E+00,
15:25:03.66383728, 6.3333E-01, 7.3333E-01, 6.1333E+00,
15:25:03.66383733, 6.0000E-01, 1.0667E+00, 6.1333E+00,
15:25:03.66383738, 5.6667E-01, 8.6667E-01, 6.1333E+00,
15:25:03.66383743, 6.0000E-01, 9.3333E-01, 6.0000E+00,
15:25:03.66383748, 6.0000E-01, 1.0000E+00, 6.1333E+00,
15:25:03.66383753, 5.6667E-01, 1.0000E+00, 5.7333E+00,
15:25:03.66383758, 5.6667E-01, 1.0000E+00, 6.0000E+00,
15:25:03.66383763, 5.6667E-01, 1.0000E+00, 5.7333E+00,
15:25:03.66383768, 5.3333E-01, 9.3333E-01, 5.6000E+00,
15:25:03.66383773, 5.6667E-01, 8.0000E-01, 5.7333E+00,
15:25:03.66383778, 5.6667E-01, 9.3333E-01, 5.6000E+00,
15:25:03.66383783, 5.6667E-01, 1.0667E+00, 5.6000E+00,
15:25:03.66383788, 6.0000E-01, 1.0000E+00, 5.7333E+00,
15:25:03.66383793, 5.6667E-01, 8.6667E-01, 5.7333E+00,
15:25:03.66383798, 5.6667E-01, 1.0000E+00, 5.3333E+00,
15:25:03.66383803, 5.6667E-01, 1.0000E+00, 5.2000E+00,
15:25:03.66383808, 5.6667E-01, 8.6667E-01, 5.6000E+00,
15:25:03.66383813, 6.0000E-01, 9.3333E-01, 5.4667E+00,
15:25:03.66383818, 5.3333E-01, 9.3333E-01, 4.8000E+00,
15:25:03.66383823, 5.3333E-01, 1.0000E+00, 5.2000E+00,
15:25:03.66383828, 5.3333E-01, 9.3333E-01, 5.2000E+00,
15:25:03.66383833, 5.6667E-01, 1.0000E+00, 5.0667E+00,
15:25:03.66383838, 5.3333E-01, 1.0000E+00, 5.0667E+00,
15:25:03.66383843, 5.0000E-01, 8.6667E-01, 5.0667E+00,
15:25:03.66383848, 5.6667E-01, 8.6667E-01, 4.9333E+00,
15:25:03.66383853, 5.6667E-01, 8.6667E-01, 4.9333E+00,
15:25:03.66383858, 5.3333E-01, 9.3333E-01, 4.9333E+00,
15:25:03.66383863, 6.0000E-01, 8.6667E-01, 4.9333E+00,
15:25:03.66383868, 5.6667E-01, 8.6667E-01, 4.8000E+00,
15:25:03.66383873, 4.6667E-01, 1.0000E+00, 4.8000E+00,
15:25:03.66383878, 5.6667E-01, 8.6667E-01, 4.8000E+00,
15:25:03.66383883, 5.3333E-01, 8.6667E-01, 4.8000E+00,
15:25:03.66383888, 5.0000E-01, 9.3333E-01, 4.6667E+00,
15:25:03.66383893, 5.6667E-01, 8.6667E-01, 4.8000E+00,
15:25:03.66383898, 5.6667E-01, 9.3333E-01, 4.8000E+00,
15:25:03.66383903, 5.0000E-01, 1.0000E+00, 4.6667E+00,
15:25:03.66383908, 5.6667E-01, 8.6667E-01, 4.5333E+00,
15:25:03.66383913, 5.6667E-01, 1.0000E+00, 4.8000E+00,
15:25:03.66383918, 5.3333E-01, 8.6667E-01, 4.4000E+00,
15:25:03.66383923, 5.6667E-01, 1.0000E+00, 4.4000E+00,
15:25:03.66383928, 5.6667E-01, 9.3333E-01, 4.6667E+00,
15:25:03.66383933, 5.6667E-01, 9.3333E-01, 4.2667E+00,
15:25:03.66383938, 5.0000E-01, 1.0000E+00, 4.4000E+00,
15:25:03.66383943, 5.6667E-01, 9.3333E-01, 4.4000E+00,
15:25:03.66383948, 5.3333E-01, 8.0000E-01, 4.1333E+00,
15:25:03.66383953, 5.6667E-01, 9.3333E-01, 4.0000E+00,
15:25:03.66383958, 5.0000E-01, 7.3333E-01, 4.1333E+00,
15:25:03.66383963, 5.0000E-01, 8.0000E-01, 3.8667E+00,
15:25:03.66383968, 5.6667E-01, 8.6667E-01, 3.7333E+00,
15:25:03.66383973, 5.0000E-01, 9.3333E-01, 3.7333E+00,
15:25:03.66383978, 4.6667E-01, 1.0000E+00, 4.1333E+00,
15:25:03.66383983, 5.3333E-01, 9.3333E-01, 4.2667E+00,
15:25:03.66383988, 5.0000E-01, 9.3333E-01, 4.0000E+00,
15:25:03.66383993, 5.6667E-01, 8.6667E-01, 4.1333E+00,
15:25:03.66383998, 5.3333E-01, 1.0000E+00, 3.7333E+00,
15:25:03.66384003, 4.6667E-01, 8.0000E-01, 3.6000E+00,
15:25:03.66384008, 5.3333E-01, 8.0000E-01, 3.6000E+00,
15:25:03.66384013, 5.3333E-01, 8.0000E-01, 3.4667E+00,
15:25:03.66384018, 5.0000E-01, 8.6667E-01, 4.1333E+00,
15:25:03.66384023, 5.6667E-01, 1.0000E+00, 3.4667E+00,
15:25:03.66384028, 5.0000E-01, 9.3333E-01, 3.8667E+00,
15:25:03.66384033, 5.3333E-01, 8.0000E-01, 3.4667E+00,
15:25:03.66384038, 5.3333E-01, 8.0000E-01, 3.4667E+00,
15:25:03.66384043, 5.6667E-01, 1.0000E+00, 3.4667E+00,
15:25:03.66384048, 5.3333E-01, 1.0000E+00, 3.6000E+00,
15:25:03.66384053, 5.0000E-01, 8.6667E-01, 3.4667E+00,
15:25:03.66384058, 4.3333E-01, 9.3333E-01, 3.4667E+00,
15:25:03.66384063, 5.3333E-01, 9.3333E-01, 3.0667E+00,
15:25:03.66384068, 5.6667E-01, 9.3333E-01, 3.2000E+00,
15:25:03.66384073, 4.3333E-01, 1.0000E+00, 3.4667E+00,
15:25:03.66384078, 5.3333E-01, 8.6667E-01, 3.4667E+00,
15:25:03.66384083, 5.3333E-01, 1.0000E+00, 3.0667E+00,
15:25:03.66384088, 5.3333E-01, 8.6667E-01, 3.4667E+00,
15:25:03.66384093, 5.0000E-01, 1.0000E+00, 3.2000E+00,
15:25:03.66384098, 4.0000E-01, 1.0000E+00, 3.2000E+00,
15:25:03.66384103, 5.0000E-01, 1.0000E+00, 3.2000E+00,
15:25:03.66384108, 5.0000E-01, 9.3333E-01, 2.9333E+00,
15:25:03.66384113, 5.0000E-01, 1.0000E+00, 3.2000E+00,
15:25:03.66384118, 5.0000E-01, 9.3333E-01, 2.6667E+00,
15:25:03.66384123, 5.0000E-01, 1.0000E+00, 2.6667E+00,
15:25:03.66384128, 5.3333E-01, 9.3333E-01, 2.9333E+00,
15:25:03.66384133, 4.0000E-01, 9.3333E-01, 2.5333E+00,
15:25:03.66384138, 5.0000E-01, 8.6667E-01, 3.0667E+00,
15:25:03.66384143, 5.3333E-01, 8.0000E-01, 2.6667E+00,
15:25:03.66384148, 4.3333E-01, 8.6667E-01, 2.8000E+00,
15:25:03.66384153, 4.6667E-01, 8.0000E-01, 2.8000E+00,
15:25:03.66384158, 5.0000E-01, 1.0000E+00, 2.8000E+00,
15:25:03.66384163, 5.0000E-01, 8.0000E-01, 2.6667E+00,
15:25:03.66384168, 4.3333E-01, 9.3333E-01, 2.8000E+00,
15:25:03.66384173, 5.0000E-01, 8.6667E-01, 2.6667E+00,
15:25:03.66384178, 4.6667E-01, 9.3333E-01, 2.6667E+00,
15:25:03.66384183, 5.6667E-01, 8.6667E-01, 2.8000E+00,
15:25:03.66384188, 4.3333E-01, 1.0000E+00, 2.6667E+00,
15:25:03.66384193, 4.6667E-01, 9.3333E-01, 2.5333E+00,
15:25:03.66384198, 4.0000E-01, 1.0000E+00, 2.5333E+00,
15:25:03.66384203, 5.0000E-01, 8.6667E-01, 2.4000E+00,
15:25:03.66384208, 4.0000E-01, 8.0000E-01, 2.1333E+00,
15:25:03.66384213, 5.0000E-01, 8.6667E-01, 2.6667E+00,
15:25:03.66384218, 4.3333E-01, 9.3333E-01, 2.0000E+00,
15:25:03.66384223, 4.6667E-01, 9.3333E-01, 2.4000E+00,
15:25:03.66384228, 5.0000E-01, 8.6667E-01, 2.1333E+00,
15:25:03.66384233, 5.3333E-01, 1.0000E+00, 2.2667E+00,
15:25:03.66384238, 5.0000E-01, 8.6667E-01, 2.0000E+00,
15:25:03.66384243, 5.0000E-01, 7.3333E-01, 2.4000E+00,
15:25:03.66384248, 4.3333E-01, 7.3333E-01, 2.1333E+00,
15:25:03.66384253, 4.3333E-01, 8.6667E-01, 2.0000E+00,
15:25:03.66384258, 4.6667E-01, 8.6667E-01, 2.1333E+00,
15:25:03.66384263, 5.0000E-01, 8.6667E-01, 2.0000E+00,
15:25:03.66384268, 5.0000E-01, 8.6667E-01, 1.8667E+00,
15:25:03.66384273, 4.0000E-01, 8.6667E-01, 2.0000E+00,
15:25:03.66384278, 5.0000E-01, 9.3333E-01, 1.8667E+00,
15:25:03.66384283, 4.6667E-01, 1.0000E+00, 2.1333E+00,
15:25:03.66384288, 4.3333E-01, 8.6667E-01, 2.1333E+00,
15:25:03.66384293, 4.6667E-01, 9.3333E-01, 2.0000E+00,
15:25:03.66384298, 4.0000E-01, 8.0000E-01, 2.0000E+00,
15:25:03.66384303, 5.0000E-01, 8.6667E-01, 1.8667E+00,
15:25:03.66384308, 4.6667E-01, 8.6667E-01, 2.0000E+00,
15:25:03.66384313, 4.0000E-01, 9.3333E-01, 2.0000E+00,
15:25:03.66384318, 4.6667E-01, 9.3333E-01, 1.7333E+00,
15:25:03.66384323, 4.6667E-01, 8.0000E-01, 2.0000E+00,
15:25:03.66384328, 5.3333E-01, 8.0000E-01, 1.4667E+00,
15:25:03.66384333, 4.6667E-01, 8.6667E-01, 1.7333E+00,
15:25:03.66384338, 5.0000E-01, 1.0000E+00, 1.8667E+00,
15:25:03.66384343, 4.0000E-01, 9.3333E-01, 1.8667E+00,
15:25:03.66384348, 3.6667E-01, 8.6667E-01, 1.6000E+00,
15:25:03.66384353, 4.0000E-01, 7.3333E-01, 1.6000E+00,
15:25:03.66384358, 4.6667E-01, 9.3333E-01, 1.3333E+00,
15:25:03.66384363, 4.3333E-01, 8.0000E-01, 1.7333E+00,
15:25:03.66384368, 4.3333E-01, 7.3333E-01, 1.6000E+00,
15:25:03.66384373, 5.0000E-01, 9.3333E-01, 1.7333E+00,
15:25:03.66384378, 4.6667E-01, 9.3333E-01, 1.8667E+00,
15:25:03.66384383, 4.3333E-01, 8.0000E-01, 1.6000E+00,
15:25:03.66384388, 4.3333E-01, 8.6667E-01, 1.6000E+00,
15:25:03.66384393, 4.3333E-01, 8.6667E-01, 1.4667E+00,
15:25:03.66384398, 4.3333E-01, 7.3333E-01, 1.4667E+00,
15:25:03.66384403, 4.3333E-01, 9.3333E-01, 1.6000E+00,
15:25:03.66384408, 4.3333E-01, 8.0000E-01, 1.6000E+00,
15:25:03.66384413, 4.3333E-01, 9.3333E-01, 1.3333E+00,
15:25:03.66384418, 4.0000E-01, 9.3333E-01, 1.2000E+00,
15:25:03.66384423, 4.0000E-01, 8.6667E-01, 1.7333E+00,
15:25:03.66384428, 4.0000E-01, 8.6667E-01, 1.6000E+00,
15:25:03.66384433, 3.6667E-01, 6.6667E-01, 1.4667E+00,
15:25:03.66384438, 3.6667E-01, 1.0000E+00, 1.3333E+00,
15:25:03.66384443, 4.3333E-01, 8.0000E-01, 1.3333E+00,
15:25:03.66384448, 4.0000E-01, 8.0000E-01, 1.2000E+00,
15:25:03.66384453, 4.3333E-01, 8.6667E-01, 1.2000E+00,
15:25:03.66384458, 3.6667E-01, 8.0000E-01, 1.2000E+00,
15:25:03.66384463, 3.6667E-01, 9.3333E-01, 1.3333E+00,
15:25:03.66384468, 4.0000E-01, 9.3333E-01, 1.2000E+00,
15:25:03.66384473, 4.3333E-01, 9.3333E-01, 1.4667E+00,
15:25:03.66384478, 3.6667E-01, 8.0000E-01, 1.3333E+00,
15:25:03.66384483, 3.6667E-01, 7.3333E-01, 1.3333E+00,
15:25:03.66384488, 4.3333E-01, 8.0000E-01, 1.3333E+00,
15:25:03.66384493, 4.0000E-01, 8.6667E-01, 8.0000E-01,
15:25:03.66384498, 4.0000E-01, 9.3333E-01, 1.0667E+00,
15:25:03.66384503, 3.6667E-01, 8.0000E-01, 1.2000E+00,
15:25:03.66384508, 4.6667E-01, 8.0000E-01, 1.2000E+00,
15:25:03.66384513, 4.6667E-01, 8.6667E-01, 9.3333E-01,
15:25:03.66384518, 4.0000E-01, 8.6667E-01, 1.0667E+00,
15:25:03.66384523, 3.6667E-01, 9.3333E-01, 1.0667E+00,
15:25:03.66384528, 3.6667E-01, 9.3333E-01, 9.3333E-01,
15:25:03.66384533, 3.6667E-01, 8.6667E-01, 1.0667E+00,
15:25:03.66384538, 4.0000E-01, 8.6667E-01, 1.0667E+00,
15:25:03.66384543, 3.6667E-01, 8.0000E-01, 9.3333E-01,
15:25:03.66384548, 4.6667E-01, 8.0000E-01, 8.0000E-01,
15:25:03.66384553, 3.6667E-01, 9.3333E-01, 6.6667E-01,
15:25:03.66384558, 4.3333E-01, 7.3333E-01, 8.0000E-01,
15:25:03.66384563, 4.0000E-01, 8.6667E-01, 1.0667E+00,
15:25:03.66384568, 4.6667E-01, 8.0000E-01, 9.3333E-01,
15:25:03.66384573, 4.0000E-01, 8.0000E-01, 9.3333E-01,
15:25:03.66384578, 3.6667E-01, 8.0000E-01, 1.4667E+00,
15:25:03.66384583, 3.3333E-01, 8.6667E-01, 1.3333E+00,
15:25:03.66384588, 4.0000E-01, 8.0000E-01, 9.3333E-01,
15:25:03.66384593, 4.0000E-01, 7.3333E-01, 8.0000E-01,
15:25:03.66384598, 4.0000E-01, 8.0000E-01, 1.0667E+00,
15:25:03.66384603, 3.6667E-01, 8.0000E-01, 6.6667E-01,
15:25:03.66384608, 4.3333E-01, 9.3333E-01, 8.0000E-01,
15:25:03.66384613, 4.3333E-01, 8.0000E-01, 9.3333E-01,
15:25:03.66384618, 3.6667E-01, 6.6667E-01, 8.0000E-01,
15:25:03.66384623, 4.0000E-01, 1.0000E+00, 1.2000E+00,
15:25:03.66384628, 3.3333E-01, 8.0000E-01, 9.3333E-01,
15:25:03.66384633, 3.6667E-01, 8.6667E-01, 9.3333E-01,
15:25:03.66384638, 4.0000E-01, 8.0000E-01, 1.2000E+00,
15:25:03.66384643, 4.0000E-01, 6.6667E-01, 9.3333E-01,
15:25:03.66384648, 3.0000E-01, 7.3333E-01, 8.0000E-01,
15:25:03.66384653, 4.0000E-01, 9.3333E-01, 6.6667E-01,
15:25:03.66384658, 4.3333E-01, 7.3333E-01, 6.6667E-01,
15:25:03.66384663, 4.0000E-01, 8.0000E-01, 6.6667E-01,
15:25:03.66384668, 4.3333E-01, 8.6667E-01, 5.3333E-01,
15:25:03.66384673, 3.3333E-01, 8.6667E-01, 8.0000E-01,
15:25:03.66384678, 4.0000E-01, 8.0000E-01, 6.6667E-01,
15:25:03.66384683, 3.0000E-01, 7.3333E-01, 6.6667E-01,
15:25:03.66384688, 3.0000E-01, 8.6667E-01, 6.6667E-01,
15:25:03.66384693, 3.6667E-01, 8.0000E-01, 6.6667E-01,
15:25:03.66384698, 3.3333E-01, 9.3333E-01, 6.6667E-01,
15:25:03.66384703, 4.3333E-01, 7.3333E-01, 5.3333E-01,
15:25:03.66384708, 3.3333E-01, 8.0000E-01, 8.0000E-01,
15:25:03.66384713, 4.0000E-01, 7.3333E-01, 5.3333E-01,
15:25:03.66384718, 4.0000E-01, 8.0000E-01, 6.6667E-01,
15:25:03.66384723, 3.6667E-01, 8.0000E-01, 6.6667E-01,
15:25:03.66384728, 3.6667E-01, 6.6667E-01, 6.6667E-01,
15:25:03.66384733, 3.6667E-01, 8.6667E-01, 6.6667E-01,
15:25:03.66384738, 3.0000E-01, 7.3333E-01, 5.3333E-01,
15:25:03.66384743, 3.3333E-01, 7.3333E-01, 6.6667E-01,
15:25:03.66384748, 3.0000E-01, 7.3333E-01, 4.0000E-01,
15:25:03.66384753, 3.6667E-01, 8.0000E-01, 4.0000E-01,
15:25:03.66384758, 3.6667E-01, 8.6667E-01, 5.3333E-01,
15:25:03.66384763, 3.3333E-01, 8.6667E-01, 6.6667E-01,
15:25:03.66384768, 3.3333E-01, 7.3333E-01, 6.6667E-01,
15:25:03.66384773, 3.6667E-01, 8.0000E-01, 6.6667E-01,
15:25:03.66384778, 3.6667E-01, 8.0000E-01, 4.0000E-01,
15:25:03.66384783, 4.0000E-01, 8.6667E-01, 4.0000E-01,
15:25:03.66384788, 3.6667E-01, 6.6667E-01, 4.0000E-01,
15:25:03.66384793, 4.0000E-01, 7.3333E-01, 8.0000E-01,
15:25:03.66384798, 3.3333E-01, 8.6667E-01, 6.6667E-01,
15:25:03.66384803, 3.6667E-01, 8.0000E-01, 6.6667E-01,
15:25:03.66384808, 4.3333E-01, 6.6667E-01, 4.0000E-01,
15:25:03.66384813, 3.3333E-01, 8.0000E-01, 4.0000E-01,
15:25:03.66384818, 3.6667E-01, 9.3333E-01, 6.6667E-01,
15:25:03.66384823, 2.3333E-01, 8.6667E-01, 8.0000E-01,
15:25:03.66384828, 3.6667E-01, 7.3333E-01, 4.0000E-01,
15:25:03.66384833, 3.6667E-01, 8.0000E-01, 5.3333E-01,
15:25:03.66384838, 3.6667E-01, 8.6667E-01, 6.6667E-01,
15:25:03.66384843, 4.3333E-01, 8.6667E-01, 2.6667E-01,
15:25:03.66384848, 3.6667E-01, 8.0000E-01, 8.0000E-01,
15:25:03.66384853, 2.3333E-01, 8.0000E-01, 4.0000E-01,
15:25:03.66384858, 3.6667E-01, 8.0000E-01, 5.3333E-01,
15:25:03.66384863, 3.3333E-01, 8.0000E-01, 6.6667E-01,
15:25:03.66384868, 3.3333E-01, 8.0000E-01, 4.0000E-01,
15:25:03.66384873, 3.0000E-01, 7.3333E-01, 4.0000E-01,
15:25:03.66384878, 4.0000E-01, 8.0000E-01, 6.6667E-01,
15:25:03.66384883, 3.0000E-01, 7.3333E-01, 5.3333E-01,
15:25:03.66384888, 3.6667E-01, 8.0000E-01, 2.6667E-01,
15:25:03.66384893, 4.0000E-01, 8.0000E-01, 1.3333E-01,
15:25:03.66384898, 4.0000E-01, 6.0000E-01, 6.6667E-01,
15:25:03.66384903, 3.0000E-01, 6.0000E-01, 5.3333E-01,
15:25:03.66384908, 3.3333E-01, 7.3333E-01, 6.6667E-01,
15:25:03.66384913, 3.6667E-01, 9.3333E-01, 5.3333E-01,
15:25:03.66384918, 4.0000E-01, 8.0000E-01, 5.3333E-01,
15:25:03.66384923, 3.0000E-01, 7.3333E-01, 5.3333E-01,
15:25:03.66384928, 3.3333E-01, 8.0000E-01, 5.3333E-01,
15:25:03.66384933, 3.6667E-01, 8.0000E-01, 5.3333E-01,
15:25:03.66384938, 3.6667E-01, 7.3333E-01, 5.3333E-01,
15:25:03.66384943, 3.3333E-01, 8.0000E-01, 5.3333E-01,
15:25:03.66384948, 3.3333E-01, 7.3333E-01, 6.6667E-01,
15:25:03.66384953, 3.0000E-01, 7.3333E-01, 6.6667E-01,
15:25:03.66384958, 3.0000E-01, 7.3333E-01, 6.6667E-01,
15:25:03.66384963, 3.6667E-01, 6.0000E-01, 6.6667E-01,
15:25:03.66384968, 2.6667E-01, 8.0000E-01, 6.6667E-01,
15:25:03.66384973, 3.3333E-01, 8.0000E-01, 6.6667E-01,
15:25:03.66384978, 3.3333E-01, 8.0000E-01, 5.3333E-01,
15:25:03.66384983, 3.0000E-01, 9.3333E-01, 5.3333E-01,
15:25:03.66384988, 3.3333E-01, 9.3333E-01, 4.0000E-01,
15:25:03.66384993, 2.6667E-01, 7.3333E-01, 5.3333E-01,
15:25:03.66384998, 3.3333E-01, 7.3333E-01, 4.0000E-01,
15:25:03.66385003, 3.3333E-01, 7.3333E-01, 4.0000E-01,
15:25:03.66385008, 3.3333E-01, 7.3333E-01, 4.0000E-01,
15:25:03.66385013, 2.3333E-01, 8.0000E-01, 2.6667E-01,
15:25:03.66385018, 3.0000E-01, 7.3333E-01, 5.3333E-01,
15:25:03.66385023, 2.3333E-01, 7.3333E-01, 5.3333E-01,
15:25:03.66385028, 3.6667E-01, 7.3333E-01, 2.6667E-01,
15:25:03.66385033, 3.6667E-01, 8.6667E-01, 5.3333E-01,
15:25:03.66385038, 3.3333E-01, 6.6667E-01, 6.6667E-01,
15:25:03.66385043, 3.6667E-01, 8.6667E-01, 6.6667E-01,
15:25:03.66385048, 3.0000E-01, 7.3333E-01, 5.3333E-01,
15:25:03.66385053, 3.0000E-01, 7.3333E-01, 4.0000E-01,
15:25:03.66385058, 3.3333E-01, 8.6667E-01, 5.3333E-01,
15:25:03.66385063, 3.0000E-01, 7.3333E-01, 6.6667E-01,
15:25:03.66385068, 3.3333E-01, 8.0000E-01, 5.3333E-01,
15:25:03.66385073, 3.3333E-01, 8.0000E-01, 2.6667E-01,
15:25:03.66385078, 3.3333E-01, 9.3333E-01, 5.3333E-01,
15:25:03.66385083, 3.3333E-01, 7.3333E-01, 6.6667E-01,
15:25:03.66385088, 3.3333E-01, 8.0000E-01, 4.0000E-01,
15:25:03.66385093, 3.6667E-01, 1.0000E+00, 4.0000E-01,
15:25:03.66385098, 2.6667E-01, 6.6667E-01, 2.6667E-01,
15:25:03.66385103, 2.3333E-01, 8.6667E-01, 4.0000E-01,
15:25:03.66385108, 3.0000E-01, 8.0000E-01, 6.6667E-01,
15:25:03.66385113, 2.0000E-01, 6.6667E-01, 6.6667E-01,
15:25:03.66385118, 3.3333E-01, 7.3333E-01, 6.6667E-01,
15:25:03.66385123, 3.3333E-01, 8.0000E-01, 6.6667E-01,
15:25:03.66385128, 2.6667E-01, 8.6667E-01, 6.6667E-01,
15:25:03.66385133, 3.0000E-01, 7.3333E-01, 5.3333E-01,
15:25:03.66385138, 3.3333E-01, 8.0000E-01, 6.6667E-01,
15:25:03.66385143, 3.6667E-01, 8.6667E-01, 4.0000E-01,
15:25:03.66385148, 3.0000E-01, 8.0000E-01, 2.6667E-01,
15:25:03.66385153, 3.0000E-01, 6.0000E-01, 6.6667E-01,
15:25:03.66385158, 2.0000E-01, 6.6667E-01, 6.6667E-01,
15:25:03.66385163, 2.6667E-01, 7.3333E-01, 6.6667E-01,
15:25:03.66385168, 3.6667E-01, 6.6667E-01, 5.3333E-01,
15:25:03.66385173, 3.3333E-01, 8.0000E-01, 4.0000E-01,
15:25:03.66385178, 3.0000E-01, 7.3333E-01, 4.0000E-01,
15:25:03.66385183, 3.0000E-01, 8.0000E-01, 6.6667E-01,
15:25:03.66385188, 3.3333E-01, 8.0000E-01, 6.6667E-01,
15:25:03.66385193, 4.0000E-01, 8.6667E-01, 5.3333E-01,
15:25:03.66385198, 3.3333E-01, 7.3333E-01, 6.6667E-01,
15:25:03.66385203, 3.0000E-01, 7.3333E-01, 6.6667E-01,
15:25:03.66385208, 3.0000E-01, 6.6667E-01, 6.6667E-01,
15:25:03.66385213, 3.6667E-01, 7.3333E-01, 4.0000E-01,
15:25:03.66385218, 3.3333E-01, 7.3333E-01, 6.6667E-01,
15:25:03.66385223, 3.0000E-01, 9.3333E-01, 5.3333E-01,
15:25:03.66385228, 2.6667E-01, 8.0000E-01, 6.6667E-01,
15:25:03.66385233, 4.0000E-01, 6.0000E-01, 6.6667E-01,
15:25:03.66385238, 3.6667E-01, 8.0000E-01, 6.6667E-01,
15:25:03.66385243, 3.0000E-01, 8.6667E-01, 4.0000E-01,
15:25:03.66385248, 3.6667E-01, 6.6667E-01, 6.6667E-01,
15:25:03.66385253, 3.3333E-01, 7.3333E-01, 6.6667E-01,
15:25:03.66385258, 3.3333E-01, 6.6667E-01, 6.6667E-01,
15:25:03.66385263, 3.3333E-01, 8.0000E-01, 6.6667E-01,
15:25:03.66385268, 2.6667E-01, 8.6667E-01, 6.6667E-01,
15:25:03.66385273, 3.0000E-01, 8.0000E-01, 6.6667E-01,
15:25:03.66385278, 3.3333E-01, 7.3333E-01, 6.6667E-01,
15:25:03.66385283, 3.3333E-01, 7.3333E-01, 6.6667E-01,
15:25:03.66385288, 2.3333E-01, 6.6667E-01, 6.6667E-01,
15:25:03.66385293, 3.0000E-01, 6.6667E-01, 9.3333E-01,
15:25:03.66385298, 2.6667E-01, 7.3333E-01, 1.0667E+00,
15:25:03.66385303, 3.0000E-01, 6.6667E-01, 5.3333E-01,
15:25:03.66385308, 3.0000E-01, 8.6667E-01, 6.6667E-01,
15:25:03.66385313, 2.6667E-01, 8.0000E-01, 6.6667E-01,
15:25:03.66385318, 2.0000E-01, 7.3333E-01, 6.6667E-01,
15:25:03.66385323, 2.6667E-01, 6.6667E-01, 8.0000E-01,
15:25:03.66385328, 3.6667E-01, 8.0000E-01, 5.3333E-01,
15:25:03.66385333, 3.0000E-01, 6.6667E-01, 6.6667E-01,
15:25:03.66385338, 2.6667E-01, 8.0000E-01, 6.6667E-01,
15:25:03.66385343, 3.3333E-01, 8.6667E-01, 9.3333E-01,
15:25:03.66385348, 3.0000E-01, 7.3333E-01, 4.0000E-01,
15:25:03.66385353, 3.0000E-01, 8.0000E-01, 9.3333E-01,
15:25:03.66385358, 2.3333E-01, 8.6667E-01, 8.0000E-01,
15:25:03.66385363, 2.6667E-01, 9.3333E-01, 8.0000E-01,
15:25:03.66385368, 2.6667E-01, 8.0000E-01, 5.3333E-01,
15:25:03.66385373, 2.6667E-01, 8.0000E-01, 8.0000E-01,
15:25:03.66385378, 2.6667E-01, 6.6667E-01, 6.6667E-01,
15:25:03.66385383, 2.3333E-01, 7.3333E-01, 8.0000E-01,
15:25:03.66385388, 2.3333E-01, 8.0000E-01, 9.3333E-01,
15:25:03.66385393, 2.0000E-01, 8.6667E-01, 6.6667E-01,
15:25:03.66385398, 2.6667E-01, 8.0000E-01, 8.0000E-01,
15:25:03.66385403, 2.3333E-01, 6.6667E-01, 6.6667E-01,
15:25:03.66385408, 2.6667E-01, 8.0000E-01, 8.0000E-01,
15:25:03.66385413, 3.3333E-01, 6.6667E-01, 6.6667E-01,
15:25:03.66385418, 2.6667E-01, 9.3333E-01, 6.6667E-01,
15:25:03.66385423, 3.0000E-01, 6.6667E-01, 6.6667E-01,
15:25:03.66385428, 3.0000E-01, 6.6667E-01, 9.3333E-01,
15:25:03.66385433, 3.0000E-01, 8.0000E-01, 6.6667E-01,
15:25:03.66385438, 2.6667E-01, 7.3333E-01, 6.6667E-01,
15:25:03.66385443, 2.6667E-01, 8.6667E-01, 9.3333E-01,
15:25:03.66385448, 3.0000E-01, 7.3333E-01, 8.0000E-01,
15:25:03.66385453, 2.3333E-01, 7.3333E-01, 1.0667E+00,
15:25:03.66385458, 2.6667E-01, 8.6667E-01, 9.3333E-01,
15:25:03.66385463, 2.0000E-01, 8.0000E-01, 6.6667E-01,
15:25:03.66385468, 2.3333E-01, 7.3333E-01, 6.6667E-01,
15:25:03.66385473, 2.6667E-01, 8.0000E-01, 8.0000E-01,
15:25:03.66385478, 2.6667E-01, 7.3333E-01, 8.0000E-01,
15:25:03.66385483, 3.3333E-01, 8.0000E-01, 8.0000E-01,
15:25:03.66385488, 2.3333E-01, 8.0000E-01, 9.3333E-01,
15:25:03.66385493, 2.3333E-01, 8.0000E-01, 1.0667E+00,
15:25:03.66385498, 2.6667E-01, 8.6667E-01, 1.0667E+00,
15:25:03.66385503, 3.0000E-01, 9.3333E-01, 9.3333E-01,
15:25:03.66385508, 2.6667E-01, 6.6667E-01, 6.6667E-01,
15:25:03.66385513, 3.0000E-01, 7.3333E-01, 1.2000E+00,
15:25:03.66385518, 3.0000E-01, 7.3333E-01, 8.0000E-01,
15:25:03.66385523, 2.0000E-01, 6.6667E-01, 1.2000E+00,
15:25:03.66385528, 3.3333E-01, 7.3333E-01, 1.0667E+00,
15:25:03.66385533, 2.6667E-01, 8.0000E-01, 9.3333E-01,
15:25:03.66385538, 3.0000E-01, 7.3333E-01, 1.0667E+00,
15:25:03.66385543, 2.6667E-01, 7.3333E-01, 6.6667E-01,
15:25:03.66385548, 2.6667E-01, 8.0000E-01, 6.6667E-01,
15:25:03.66385553, 2.6667E-01, 7.3333E-01, 1.2000E+00,
15:25:03.66385558, 3.0000E-01, 8.6667E-01, 8.0000E-01,
15:25:03.66385563, 3.6667E-01, 6.6667E-01, 1.0667E+00,
15:25:03.66385568, 2.6667E-01, 8.0000E-01, 8.0000E-01,
15:25:03.66385573, 3.0000E-01, 7.3333E-01, 9.3333E-01,
15:25:03.66385578, 2.6667E-01, 8.0000E-01, 9.3333E-01,
15:25:03.66385583, 2.6667E-01, 6.0000E-01, 9.3333E-01,
15:25:03.66385588, 2.3333E-01, 7.3333E-01, 9.3333E-01,
15:25:03.66385593, 2.6667E-01, 8.0000E-01, 9.3333E-01,
15:25:03.66385598, 2.0000E-01, 6.6667E-01, 1.2000E+00,
15:25:03.66385603, 2.6667E-01, 6.6667E-01, 1.2000E+00,
15:25:03.66385608, 2.3333E-01, 7.3333E-01, 9.3333E-01,
15:25:03.66385613, 2.0000E-01, 7.3333E-01, 1.2000E+00,
15:25:03.66385618, 3.3333E-01, 7.3333E-01, 9.3333E-01,
15:25:03.66385623, 3.0000E-01, 8.0000E-01, 1.2000E+00,
15:25:03.66385628, 3.0000E-01, 6.0000E-01, 1.2000E+00,
15:25:03.66385633, 3.0000E-01, 8.0000E-01, 8.0000E-01,
15:25:03.66385638, 2.3333E-01, 8.6667E-01, 1.2000E+00,
15:25:03.66385643, 2.3333E-01, 8.0000E-01, 1.0667E+00,
15:25:03.66385648, 2.0000E-01, 8.6667E-01, 1.3333E+00,
15:25:03.66385653, 3.0000E-01, 9.3333E-01, 1.0667E+00,
15:25:03.66385658, 2.0000E-01, 8.6667E-01, 1.2000E+00,
15:25:03.66385663, 3.6667E-01, 6.0000E-01, 1.2000E+00,
15:25:03.66385668, 2.3333E-01, 8.6667E-01, 1.0667E+00,
15:25:03.66385673, 3.0000E-01, 7.3333E-01, 1.3333E+00,
15:25:03.66385678, 2.0000E-01, 8.6667E-01, 9.3333E-01,
15:25:03.66385683, 2.3333E-01, 6.6667E-01, 8.0000E-01,
15:25:03.66385688, 2.0000E-01, 7.3333E-01, 1.2000E+00,
15:25:03.66385693, 3.0000E-01, 8.0000E-01, 1.0667E+00,
15:25:03.66385698, 2.3333E-01, 8.0000E-01, 9.3333E-01,
15:25:03.66385703, 2.3333E-01, 6.6667E-01, 1.0667E+00,
15:25:03.66385708, 3.0000E-01, 8.6667E-01, 1.0667E+00,
15:25:03.66385713, 2.0000E-01, 7.3333E-01, 8.0000E-01,
15:25:03.66385718, 2.0000E-01, 7.3333E-01, 8.0000E-01,
15:25:03.66385723, 2.3333E-01, 7.3333E-01, 1.2000E+00,
15:25:03.66385728, 3.3333E-01, 7.3333E-01, 8.0000E-01,
15:25:03.66385733, 2.0000E-01, 6.6667E-01, 1.2000E+00,
15:25:03.66385738, 3.0000E-01, 8.0000E-01, 1.3333E+00,
15:25:03.66385743, 2.3333E-01, 7.3333E-01, 1.3333E+00,
15:25:03.66385748, 2.6667E-01, 8.0000E-01, 1.2000E+00,
15:25:03.66385753, 2.3333E-01, 7.3333E-01, 1.2000E+00,
15:25:03.66385758, 2.3333E-01, 7.3333E-01, 1.0667E+00,
15:25:03.66385763, 3.0000E-01, 7.3333E-01, 9.3333E-01,
15:25:03.66385768, 2.3333E-01, 6.0000E-01, 1.0667E+00,
15:25:03.66385773, 2.6667E-01, 8.6667E-01, 9.3333E-01,
15:25:03.66385778, 2.0000E-01, 8.6667E-01, 1.3333E+00,
15:25:03.66385783, 3.0000E-01, 6.6667E-01, 1.2000E+00,
15:25:03.66385788, 2.0000E-01, 7.3333E-01, 1.4667E+00,
15:25:03.66385793, 3.0000E-01, 8.0000E-01, 1.3333E+00,
15:25:03.66385798, 3.0000E-01, 6.6667E-01, 1.2000E+00,
15:25:03.66385803, 2.6667E-01, 8.0000E-01, 1.3333E+00,
15:25:03.66385808, 2.6667E-01, 6.6667E-01, 1.0667E+00,
15:25:03.66385813, 2.0000E-01, 8.0000E-01, 1.3333E+00,
15:25:03.66385818, 3.0000E-01, 7.3333E-01, 1.0667E+00,
15:25:03.66385823, 3.0000E-01, 8.0000E-01, 1.0667E+00,
15:25:03.66385828, 1.6667E-01, 8.6667E-01, 1.6000E+00,
15:25:03.66385833, 2.6667E-01, 8.0000E-01, 1.3333E+00,
15:25:03.66385838, 2.3333E-01, 6.6667E-01, 1.3333E+00,
15:25:03.66385843, 3.0000E-01, 8.0000E-01, 1.2000E+00,
15:25:03.66385848, 3.0000E-01, 8.6667E-01, 1.2000E+00,
15:25:03.66385853, 2.6667E-01, 7.3333E-01, 1.2000E+00,
15:25:03.66385858, 2.3333E-01, 7.3333E-01, 1.4667E+00,
15:25:03.66385863, 2.6667E-01, 8.0000E-01, 1.2000E+00,
15:25:03.66385868, 2.6667E-01, 7.3333E-01, 1.4667E+00,
15:25:03.66385873, 2.6667E-01, 8.0000E-01, 1.2000E+00,
15:25:03.66385878, 2.0000E-01, 6.6667E-01, 1.4667E+00,
15:25:03.66385883, 2.0000E-01, 6.6667E-01, 1.2000E+00,
15:25:03.66385888, 2.3333E-01, 8.0000E-01, 1.4667E+00,
15:25:03.66385893, 2.0000E-01, 8.0000E-01, 1.4667E+00,
15:25:03.66385898, 2.6667E-01, 6.6667E-01, 1.2000E+00,
15:25:03.66385903, 2.0000E-01, 8.0000E-01, 1.3333E+00,
15:25:03.66385908, 2.6667E-01, 6.6667E-01, 1.3333E+00,
15:25:03.66385913, 3.0000E-01, 7.3333E-01, 1.2000E+00,
15:25:03.66385918, 2.3333E-01, 8.0000E-01, 1.3333E+00,
15:25:03.66385923, 2.6667E-01, 8.0000E-01, 1.0667E+00,
15:25:03.66385928, 2.6667E-01, 6.6667E-01, 1.6000E+00,
15:25:03.66385933, 2.0000E-01, 7.3333E-01, 1.4667E+00,
15:25:03.66385938, 2.0000E-01, 6.6667E-01, 1.4667E+00,
15:25:03.66385943, 2.3333E-01, 7.3333E-01, 1.2000E+00,
15:25:03.66385948, 3.0000E-01, 8.0000E-01, 1.2000E+00,
15:25:03.66385953, 3.0000E-01, 9.3333E-01, 1.0667E+00,
15:25:03.66385958, 2.0000E-01, 6.6667E-01, 1.3333E+00,
15:25:03.66385963, 2.3333E-01, 7.3333E-01, 1.2000E+00,
15:25:03.66385968, 2.3333E-01, 7.3333E-01, 1.4667E+00,
15:25:03.66385973, 2.0000E-01, 7.3333E-01, 1.3333E+00,
15:25:03.66385978, 2.0000E-01, 6.6667E-01, 1.2000E+00,
15:25:03.66385983, 2.6667E-01, 7.3333E-01, 1.6000E+00,
15:25:03.66385988, 2.0000E-01, 6.0000E-01, 1.2000E+00,
15:25:03.66385993, 2.3333E-01, 8.0000E-01, 1.0667E+00,
15:25:03.66385998, 2.3333E-01, 8.0000E-01, 1.2000E+00,
15:25:03.66386003, 2.0000E-01, 6.6667E-01, 1.0667E+00,
15:25:03.66386008, 2.3333E-01, 7.3333E-01, 1.4667E+00,
15:25:03.66386013, 2.0000E-01, 8.6667E-01, 1.2000E+00,
15:25:03.66386018, 3.0000E-01, 8.6667E-01, 1.3333E+00,
15:25:03.66386023, 2.3333E-01, 6.0000E-01, 1.4667E+00,
15:25:03.66386028, 2.0000E-01, 6.6667E-01, 1.6000E+00,
15:25:03.66386033, 2.0000E-01, 6.6667E-01, 1.7333E+00,
15:25:03.66386038, 2.6667E-01, 8.6667E-01, 1.2000E+00,
15:25:03.66386043, 2.0000E-01, 8.0000E-01, 1.6000E+00,
15:25:03.66386048, 2.3333E-01, 7.3333E-01, 1.4667E+00,
15:25:03.66386053, 2.0000E-01, 6.6667E-01, 1.4667E+00,
15:25:03.66386058, 2.3333E-01, 7.3333E-01, 1.3333E+00,
15:25:03.66386063, 2.0000E-01, 6.0000E-01, 1.3333E+00,
15:25:03.66386068, 2.3333E-01, 8.0000E-01, 1.6000E+00,
15:25:03.66386073, 2.0000E-01, 8.6667E-01, 1.4667E+00,
15:25:03.66386078, 2.3333E-01, 7.3333E-01, 1.6000E+00,
15:25:03.66386083, 2.3333E-01, 7.3333E-01, 1.3333E+00,
15:25:03.66386088, 2.3333E-01, 7.3333E-01, 1.7333E+00,
15:25:03.66386093, 2.6667E-01, 8.0000E-01, 1.0667E+00,
15:25:03.66386098, 2.6667E-01, 8.6667E-01, 1.8667E+00,
15:25:03.66386103, 2.0000E-01, 8.6667E-01, 1.4667E+00,
15:25:03.66386108, 3.0000E-01, 8.0000E-01, 1.4667E+00,
15:25:03.66386113, 2.3333E-01, 8.6667E-01, 1.4667E+00,
15:25:03.66386118, 2.3333E-01, 7.3333E-01, 1.4667E+00,
15:25:03.66386123, 2.3333E-01, 6.0000E-01, 1.4667E+00,
15:25:03.66386128, 3.3333E-01, 7.3333E-01, 1.4667E+00,
15:25:03.66386133, 2.0000E-01, 8.0000E-01, 1.8667E+00,
15:25:03.66386138, 2.3333E-01, 8.0000E-01, 1.8667E+00,
15:25:03.66386143, 2.3333E-01, 8.0000E-01, 1.4667E+00,
15:25:03.66386148, 2.0000E-01, 7.3333E-01, 1.3333E+00,
15:25:03.66386153, 2.0000E-01, 8.0000E-01, 1.4667E+00,
15:25:03.66386158, 2.6667E-01, 8.0000E-01, 1.3333E+00,
15:25:03.66386163, 2.0000E-01, 7.3333E-01, 1.4667E+00,
15:25:03.66386168, 2.6667E-01, 8.0000E-01, 1.7333E+00,
15:25:03.66386173, 2.0000E-01, 7.3333E-01, 1.7333E+00,
15:25:03.66386178, 2.0000E-01, 8.6667E-01, 1.4667E+00,
15:25:03.66386183, 3.3333E-01, 8.0000E-01, 1.7333E+00,
15:25:03.66386188, 2.6667E-01, 7.3333E-01, 1.4667E+00,
15:25:03.66386193, 2.3333E-01, 8.0000E-01, 1.4667E+00,
15:25:03.66386198, 2.0000E-01, 8.6667E-01, 1.4667E+00,
15:25:03.66386203, 2.3333E-01, 8.0000E-01, 1.6000E+00,
15:25:03.66386208, 2.3333E-01, 8.6667E-01, 1.2000E+00,
15:25:03.66386213, 2.0000E-01, 8.0000E-01, 1.3333E+00,
15:25:03.66386218, 2.0000E-01, 7.3333E-01, 1.8667E+00,
15:25:03.66386223, 2.6667E-01, 8.6667E-01, 1.3333E+00,
15:25:03.66386228, 2.3333E-01, 7.3333E-01, 1.6000E+00,
15:25:03.66386233, 2.6667E-01, 6.0000E-01, 1.3333E+00,
15:25:03.66386238, 2.3333E-01, 8.6667E-01, 1.4667E+00,
15:25:03.66386243, 2.6667E-01, 8.0000E-01, 1.4667E+00,
15:25:03.66386248, 2.3333E-01, 8.0000E-01, 1.6000E+00,
15:25:03.66386253, 2.3333E-01, 7.3333E-01, 1.6000E+00,
15:25:03.66386258, 3.0000E-01, 8.0000E-01, 1.4667E+00,
15:25:03.66386263, 2.3333E-01, 7.3333E-01, 1.0667E+00,
15:25:03.66386268, 2.3333E-01, 6.6667E-01, 1.6000E+00,
15:25:03.66386273, 2.0000E-01, 8.6667E-01, 1.4667E+00,
15:25:03.66386278, 2.3333E-01, 7.3333E-01, 1.4667E+00,
15:25:03.66386283, 2.0000E-01, 6.6667E-01, 1.8667E+00,
15:25:03.66386288, 2.3333E-01, 6.6667E-01, 1.3333E+00,
15:25:03.66386293, 2.0000E-01, 8.0000E-01, 1.4667E+00,
15:25:03.66386298, 2.0000E-01, 8.0000E-01, 1.6000E+00,
15:25:03.66386303, 2.0000E-01, 8.0000E-01, 1.4667E+00,
15:25:03.66386308, 1.3333E-01, 7.3333E-01, 1.4667E+00,
15:25:03.66386313, 2.3333E-01, 8.6667E-01, 1.2000E+00,
15:25:03.66386318, 1.6667E-01, 6.0000E-01, 1.7333E+00,
15:25:03.66386323, 2.6667E-01, 6.6667E-01, 1.7333E+00,
15:25:03.66386328, 2.0000E-01, 7.3333E-01, 1.7333E+00,
15:25:03.66386333, 2.6667E-01, 7.3333E-01, 1.4667E+00,
15:25:03.66386338, 2.6667E-01, 8.6667E-01, 1.7333E+00,
15:25:03.66386343, 2.3333E-01, 7.3333E-01, 1.4667E+00,
15:25:03.66386348, 2.3333E-01, 9.3333E-01, 1.3333E+00,
15:25:03.66386353, 2.0000E-01, 7.3333E-01, 1.6000E+00,
15:25:03.66386358, 2.0000E-01, 7.3333E-01, 1.8667E+00,
15:25:03.66386363, 2.0000E-01, 8.0000E-01, 1.7333E+00,
15:25:03.66386368, 2.3333E-01, 9.3333E-01, 1.7333E+00,
15:25:03.66386373, 2.3333E-01, 8.0000E-01, 1.8667E+00,
15:25:03.66386378, 2.0000E-01, 8.6667E-01, 1.4667E+00,
15:25:03.66386383, 3.0000E-01, 6.6667E-01, 1.4667E+00,
15:25:03.66386388, 2.3333E-01, 8.6667E-01, 1.7333E+00,
15:25:03.66386393, 2.0000E-01, 6.0000E-01, 1.4667E+00,
15:25:03.66386398, 2.0000E-01, 8.0000E-01, 1.7333E+00,
15:25:03.66386403, 2.3333E-01, 7.3333E-01, 1.7333E+00,
15:25:03.66386408, 2.3333E-01, 8.0000E-01, 1.4667E+00,
15:25:03.66386413, 2.0000E-01, 8.6667E-01, 1.4667E+00,
15:25:03.66386418, 2.0000E-01, 8.6667E-01, 1.4667E+00,
15:25:03.66386423, 2.3333E-01, 7.3333E-01, 1.7333E+00,
15:25:03.66386428, 2.0000E-01, 7.3333E-01, 1.4667E+00,
15:25:03.66386433, 2.0000E-01, 8.0000E-01, 1.6000E+00,
15:25:03.66386438, 2.0000E-01, 8.6667E-01, 1.4667E+00,
15:25:03.66386443, 2.3333E-01, 8.0000E-01, 1.6000E+00,
15:25:03.66386448, 2.3333E-01, 9.3333E-01, 1.7333E+00,
15:25:03.66386453, 3.3333E-01, 8.0000E-01, 1.6000E+00,
15:25:03.66386458, 2.6667E-01, 8.0000E-01, 1.3333E+00,
15:25:03.66386463, 2.0000E-01, 6.0000E-01, 1.4667E+00,
15:25:03.66386468, 2.3333E-01, 9.3333E-01, 1.6000E+00,
15:25:03.66386473, 2.6667E-01, 8.0000E-01, 1.4667E+00,
15:25:03.66386478, 3.0000E-01, 7.3333E-01, 1.7333E+00,
15:25:03.66386483, 2.3333E-01, 8.0000E-01, 1.3333E+00,
15:25:03.66386488, 2.0000E-01, 8.0000E-01, 1.7333E+00,
15:25:03.66386493, 2.0000E-01, 8.0000E-01, 1.3333E+00,
15:25:03.66386498, 3.0000E-01, 8.0000E-01, 1.6000E+00,
15:25:03.66386503, 1.3333E-01, 8.6667E-01, 1.8667E+00,
15:25:03.66386508, 2.3333E-01, 8.6667E-01, 1.7333E+00,
15:25:03.66386513, 2.6667E-01, 6.6667E-01, 1.7333E+00,
15:25:03.66386518, 2.0000E-01, 8.0000E-01, 1.7333E+00,
15:25:03.66386523, 2.6667E-01, 7.3333E-01, 1.6000E+00,
15:25:03.66386528, 2.3333E-01, 7.3333E-01, 1.7333E+00,
15:25:03.66386533, 2.0000E-01, 8.6667E-01, 1.2000E+00,
15:25:03.66386538, 2.0000E-01, 9.3333E-01, 1.6000E+00,
15:25:03.66386543, 2.0000E-01, 7.3333E-01, 1.3333E+00,
15:25:03.66386548, 1.6667E-01, 9.3333E-01, 1.6000E+00,
15:25:03.66386553, 2.0000E-01, 7.3333E-01, 1.6000E+00,
15:25:03.66386558, 1.6667E-01, 8.6667E-01, 1.6000E+00,
15:25:03.66386563, 2.3333E-01, 8.6667E-01, 1.7333E+00,
15:25:03.66386568, 2.0000E-01, 7.3333E-01, 1.7333E+00,
15:25:03.66386573, 1.6667E-01, 8.6667E-01, 1.7333E+00,
15:25:03.66386578, 2.0000E-01, 7.3333E-01, 1.6000E+00,
15:25:03.66386583, 2.0000E-01, 7.3333E-01, 1.4667E+00,
15:25:03.66386588, 2.3333E-01, 8.6667E-01, 1.4667E+00,
15:25:03.66386593, 2.6667E-01, 8.6667E-01, 1.4667E+00,
15:25:03.66386598, 2.0000E-01, 8.6667E-01, 1.3333E+00,
15:25:03.66386603, 1.6667E-01, 8.6667E-01, 1.8667E+00,
15:25:03.66386608, 2.3333E-01, 6.6667E-01, 1.6000E+00,
15:25:03.66386613, 2.3333E-01, 8.0000E-01, 1.7333E+00,
15:25:03.66386618, 2.0000E-01, 8.0000E-01, 1.6000E+00,
15:25:03.66386623, 2.0000E-01, 8.0000E-01, 2.0000E+00,
15:25:03.66386628, 1.6667E-01, 9.3333E-01, 1.6000E+00,
15:25:03.66386633, 2.0000E-01, 7.3333E-01, 1.6000E+00,
15:25:03.66386638, 2.3333E-01, 6.0000E-01, 1.8667E+00,
15:25:03.66386643, 2.0000E-01, 5.3333E-01, 1.8667E+00,
15:25:03.66386648, 2.0000E-01, 6.0000E-01, 1.4667E+00,
15:25:03.66386653, 2.0000E-01, 8.0000E-01, 1.4667E+00,
15:25:03.66386658, 2.0000E-01, 8.6667E-01, 1.7333E+00,
15:25:03.66386663, 2.0000E-01, 8.0000E-01, 1.6000E+00,
15:25:03.66386668, 2.0000E-01, 8.0000E-01, 1.3333E+00,
15:25:03.66386673, 2.0000E-01, 7.3333E-01, 1.7333E+00,
15:25:03.66386678, 2.3333E-01, 7.3333E-01, 1.6000E+00,
15:25:03.66386683, 2.0000E-01, 8.0000E-01, 1.4667E+00,
15:25:03.66386688, 2.3333E-01, 8.6667E-01, 1.6000E+00,
15:25:03.66386693, 1.6667E-01, 6.6667E-01, 1.6000E+00,
15:25:03.66386698, 2.0000E-01, 7.3333E-01, 1.4667E+00,
15:25:03.66386703, 2.0000E-01, 8.0000E-01, 1.7333E+00,
15:25:03.66386708, 2.0000E-01, 7.3333E-01, 1.7333E+00,
15:25:03.66386713, 2.0000E-01, 7.3333E-01, 1.3333E+00,
15:25:03.66386718, 2.0000E-01, 6.6667E-01, 1.7333E+00,
15:25:03.66386723, 2.6667E-01, 8.0000E-01, 2.0000E+00,
15:25:03.66386728, 2.0000E-01, 1.0000E+00, 1.4667E+00,
15:25:03.66386733, 2.0000E-01, 8.6667E-01, 1.6000E+00,
15:25:03.66386738, 2.0000E-01, 8.0000E-01, 1.7333E+00,
15:25:03.66386743, 2.0000E-01, 8.0000E-01, 1.8667E+00,
15:25:03.66386748, 1.3333E-01, 7.3333E-01, 1.3333E+00,
15:25:03.66386753, 2.0000E-01, 8.6667E-01, 1.4667E+00,
15:25:03.66386758, 2.0000E-01, 8.0000E-01, 1.7333E+00,
15:25:03.66386763, 2.0000E-01, 8.6667E-01, 1.4667E+00,
15:25:03.66386768, 3.3333E-01, 6.6667E-01, 1.7333E+00,
15:25:03.66386773, 2.0000E-01, 6.0000E-01, 1.4667E+00,
15:25:03.66386778, 2.0000E-01, 6.6667E-01, 1.4667E+00,
15:25:03.66386783, 2.0000E-01, 7.3333E-01, 1.6000E+00,
15:25:03.66386788, 2.0000E-01, 9.3333E-01, 1.0667E+00,
15:25:03.66386793, 2.3333E-01, 7.3333E-01, 1.7333E+00,
15:25:03.66386798, 2.3333E-01, 7.3333E-01, 1.6000E+00,
15:25:03.66386803, 2.0000E-01, 8.0000E-01, 1.8667E+00,
15:25:03.66386808, 2.0000E-01, 7.3333E-01, 1.6000E+00,
15:25:03.66386813, 2.3333E-01, 8.6667E-01, 1.8667E+00,
15:25:03.66386818, 2.0000E-01, 7.3333E-01, 1.3333E+00,
15:25:03.66386823, 2.0000E-01, 8.0000E-01, 1.4667E+00,
15:25:03.66386828, 2.0000E-01, 7.3333E-01, 1.4667E+00,
15:25:03.66386833, 2.0000E-01, 7.3333E-01, 1.6000E+00,
15:25:03.66386838, 2.0000E-01, 8.0000E-01, 1.6000E+00,
15:25:03.66386843, 2.0000E-01, 7.3333E-01, 1.4667E+00,
15:25:03.66386848, 2.0000E-01, 7.3333E-01, 1.4667E+00,
15:25:03.66386853, 2.3333E-01, 8.0000E-01, 1.8667E+00,
15:25:03.66386858, 2.0000E-01, 8.0000E-01, 1.7333E+00,
15:25:03.66386863, 2.3333E-01, 7.3333E-01, 1.7333E+00,
15:25:03.66386868, 2.0000E-01, 9.3333E-01, 1.6000E+00,
15:25:03.66386873, 2.0000E-01, 8.0000E-01, 1.7333E+00,
15:25:03.66386878, 1.6667E-01, 7.3333E-01, 1.3333E+00,
15:25:03.66386883, 1.6667E-01, 6.6667E-01, 1.4667E+00,
15:25:03.66386888, 2.3333E-01, 8.0000E-01, 1.3333E+00,
15:25:03.66386893, 2.0000E-01, 9.3333E-01, 1.6000E+00,
15:25:03.66386898, 2.0000E-01, 8.6667E-01, 1.6000E+00,
15:25:03.66386903, 1.6667E-01, 8.0000E-01, 1.4667E+00,
15:25:03.66386908, 2.0000E-01, 8.0000E-01, 1.7333E+00,
15:25:03.66386913, 3.0000E-01, 7.3333E-01, 1.7333E+00,
15:25:03.66386918, 2.0000E-01, 7.3333E-01, 1.6000E+00,
15:25:03.66386923, 2.3333E-01, 8.6667E-01, 1.7333E+00,
15:25:03.66386928, 2.0000E-01, 7.3333E-01, 1.6000E+00,
15:25:03.66386933, 2.0000E-01, 8.6667E-01, 1.6000E+00,
15:25:03.66386938, 2.0000E-01, 7.3333E-01, 1.3333E+00,
15:25:03.66386943, 2.0000E-01, 6.6667E-01, 1.3333E+00,
15:25:03.66386948, 2.0000E-01, 7.3333E-01, 1.6000E+00,
15:25:03.66386953, 2.3333E-01, 8.6667E-01, 1.6000E+00,
15:25:03.66386958, 2.3333E-01, 8.0000E-01, 1.4667E+00,
15:25:03.66386963, 2.0000E-01, 8.0000E-01, 1.6000E+00,
15:25:03.66386968, 2.6667E-01, 8.0000E-01, 1.6000E+00,
15:25:03.66386973, 2.0000E-01, 1.0000E+00, 1.6000E+00,
15:25:03.66386978, 2.6667E-01, 8.0000E-01, 1.4667E+00,
15:25:03.66386983, 2.0000E-01, 8.6667E-01, 1.4667E+00,
15:25:03.66386988, 2.0000E-01, 8.0000E-01, 1.2000E+00,
15:25:03.66386993, 2.0000E-01, 8.0000E-01, 2.0000E+00,
15:25:03.66386998, 2.3333E-01, 1.0000E+00, 1.8667E+00,
15:25:03.66387003, 2.0000E-01, 6.6667E-01, 1.6000E+00,
15:25:03.66387008, 2.0000E-01, 8.0000E-01, 1.3333E+00,
15:25:03.66387013, 2.0000E-01, 7.3333E-01, 1.6000E+00,
15:25:03.66387018, 2.0000E-01, 7.3333E-01, 1.8667E+00,
15:25:03.66387023, 2.0000E-01, 8.0000E-01, 1.7333E+00,
15:25:03.66387028, 2.0000E-01, 7.3333E-01, 1.3333E+00,
15:25:03.66387033, 2.0000E-01, 6.6667E-01, 9.3333E-01,
15:25:03.66387038, 1.6667E-01, 8.0000E-01, 1.4667E+00,
15:25:03.66387043, 2.0000E-01, 8.0000E-01, 1.7333E+00,
15:25:03.66387048, 2.0000E-01, 6.6667E-01, 1.7333E+00,
15:25:03.66387053, 2.3333E-01, 6.6667E-01, 1.7333E+00,
15:25:03.66387058, 2.0000E-01, 8.0000E-01, 1.2000E+00,
15:25:03.66387063, 2.3333E-01, 7.3333E-01, 1.3333E+00,
15:25:03.66387068, 2.0000E-01, 6.6667E-01, 1.6000E+00,
15:25:03.66387073, 1.6667E-01, 7.3333E-01, 1.6000E+00,
15:25:03.66387078, 2.0000E-01, 8.6667E-01, 1.4667E+00,
15:25:03.66387083, 1.3333E-01, 8.0000E-01, 2.0000E+00,
15:25:03.66387088, 2.0000E-01, 8.0000E-01, 1.6000E+00,
15:25:03.66387093, 2.0000E-01, 6.0000E-01, 1.7333E+00,
15:25:03.66387098, 2.0000E-01, 8.6667E-01, 1.6000E+00,
15:25:03.66387103, 2.0000E-01, 8.6667E-01, 1.3333E+00,
15:25:03.66387108, 1.6667E-01, 8.6667E-01, 1.7333E+00,
15:25:03.66387113, 2.3333E-01, 8.0000E-01, 1.4667E+00,
15:25:03.66387118, 1.3333E-01, 8.0000E-01, 1.4667E+00,
15:25:03.66387123, 1.6667E-01, 7.3333E-01, 1.7333E+00,
15:25:03.66387128, 2.0000E-01, 6.0000E-01, 1.6000E+00,
15:25:03.66387133, 2.0000E-01, 8.0000E-01, 1.7333E+00,
15:25:03.66387138, 2.0000E-01, 8.0000E-01, 1.6000E+00,
15:25:03.66387143, 1.6667E-01, 7.3333E-01, 1.8667E+00,
15:25:03.66387148, 2.3333E-01, 8.0000E-01, 1.4667E+00,
15:25:03.66387153, 2.0000E-01, 9.3333E-01, 2.0000E+00,
15:25:03.66387158, 2.0000E-01, 8.0000E-01, 1.4667E+00,
15:25:03.66387163, 2.0000E-01, 8.0000E-01, 2.0000E+00,
15:25:03.66387168, 2.3333E-01, 8.0000E-01, 1.3333E+00,
15:25:03.66387173, 1.6667E-01, 7.3333E-01, 1.7333E+00,
15:25:03.66387178, 2.0000E-01, 7.3333E-01, 1.4667E+00,
15:25:03.66387183, 2.3333E-01, 8.0000E-01, 1.3333E+00,
15:25:03.66387188, 2.3333E-01, 6.6667E-01, 1.6000E+00,
15:25:03.66387193, 2.0000E-01, 8.0000E-01, 1.3333E+00,
15:25:03.66387198, 2.3333E-01, 6.6667E-01, 1.6000E+00,
15:25:03.66387203, 2.3333E-01, 8.6667E-01, 1.6000E+00,
15:25:03.66387208, 2.0000E-01, 7.3333E-01, 2.0000E+00,
15:25:03.66387213, 1.6667E-01, 7.3333E-01, 1.6000E+00,
15:25:03.66387218, 1.3333E-01, 8.0000E-01, 1.2000E+00,
15:25:03.66387223, 1.3333E-01, 8.0000E-01, 1.4667E+00,
15:25:03.66387228, 2.0000E-01, 7.3333E-01, 1.3333E+00,
15:25:03.66387233, 2.0000E-01, 7.3333E-01, 1.7333E+00,
15:25:03.66387238, 1.3333E-01, 8.0000E-01, 1.3333E+00,
15:25:03.66387243, 2.6667E-01, 8.0000E-01, 1.3333E+00,
15:25:03.66387248, 2.6667E-01, 8.6667E-01, 1.7333E+00,
15:25:03.66387253, 1.6667E-01, 6.0000E-01, 1.4667E+00,
15:25:03.66387258, 2.0000E-01, 8.0000E-01, 1.4667E+00,
15:25:03.66387263, 2.3333E-01, 7.3333E-01, 1.7333E+00,
15:25:03.66387268, 2.0000E-01, 6.6667E-01, 1.4667E+00,
15:25:03.66387273, 1.3333E-01, 7.3333E-01, 1.6000E+00,
15:25:03.66387278, 2.3333E-01, 8.6667E-01, 1.6000E+00,
15:25:03.66387283, 2.0000E-01, 8.6667E-01, 1.3333E+00,
15:25:03.66387288, 1.6667E-01, 8.0000E-01, 1.6000E+00,
15:25:03.66387293, 2.0000E-01, 8.0000E-01, 1.3333E+00,
15:25:03.66387298, 2.3333E-01, 8.0000E-01, 1.6000E+00,
15:25:03.66387303, 1.6667E-01, 7.3333E-01, 1.7333E+00,
15:25:03.66387308, 2.0000E-01, 8.6667E-01, 1.6000E+00,
15:25:03.66387313, 1.6667E-01, 7.3333E-01, 1.6000E+00,
15:25:03.66387318, 1.6667E-01, 8.0000E-01, 1.4667E+00,
15:25:03.66387323, 2.3333E-01, 7.3333E-01, 1.7333E+00,
15:25:03.66387328, 2.3333E-01, 8.0000E-01, 1.4667E+00,
15:25:03.66387333, 2.0000E-01, 1.0000E+00, 1.4667E+00,
15:25:03.66387338, 2.0000E-01, 8.0000E-01, 1.6000E+00,
15:25:03.66387343, 1.3333E-01, 8.0000E-01, 1.4667E+00,
15:25:03.66387348, 1.6667E-01, 8.0000E-01, 1.4667E+00,
15:25:03.66387353, 2.0000E-01, 6.0000E-01, 1.7333E+00,
15:25:03.66387358, 1.6667E-01, 8.0000E-01, 1.4667E+00,
15:25:03.66387363, 2.0000E-01, 8.6667E-01, 1.6000E+00,
15:25:03.66387368, 1.6667E-01, 6.6667E-01, 1.6000E+00,
15:25:03.66387373, 2.3333E-01, 8.0000E-01, 1.8667E+00,
15:25:03.66387378, 2.0000E-01, 8.0000E-01, 1.6000E+00,
15:25:03.66387383, 2.6667E-01, 8.0000E-01, 1.6000E+00,
15:25:03.66387388, 2.0000E-01, 8.6667E-01, 1.4667E+00,
15:25:03.66387393, 2.0000E-01, 8.6667E-01, 1.4667E+00,
15:25:03.66387398, 2.6667E-01, 7.3333E-01, 1.7333E+00,
15:25:03.66387403, 2.0000E-01, 8.0000E-01, 1.4667E+00,
15:25:03.66387408, 1.6667E-01, 8.6667E-01, 1.6000E+00,
15:25:03.66387413, 2.0000E-01, 7.3333E-01, 1.3333E+00,
15:25:03.66387418, 1.6667E-01, 1.0000E+00, 1.3333E+00,
15:25:03.66387423, 1.6667E-01, 8.0000E-01, 1.3333E+00,
15:25:03.66387428, 1.6667E-01, 6.6667E-01, 1.3333E+00,
15:25:03.66387433, 1.6667E-01, 7.3333E-01, 1.4667E+00,
15:25:03.66387438, 2.3333E-01, 8.6667E-01, 1.0667E+00,
15:25:03.66387443, 2.0000E-01, 8.0000E-01, 1.6000E+00,
15:25:03.66387448, 2.0000E-01, 8.6667E-01, 1.3333E+00,
15:25:03.66387453, 2.0000E-01, 7.3333E-01, 1.6000E+00,
15:25:03.66387458, 2.0000E-01, 8.0000E-01, 1.4667E+00,
15:25:03.66387463, 2.0000E-01, 9.3333E-01, 1.4667E+00,
15:25:03.66387468, 2.0000E-01, 8.6667E-01, 1.2000E+00,
15:25:03.66387473, 1.6667E-01, 7.3333E-01, 1.4667E+00,
15:25:03.66387478, 2.0000E-01, 6.6667E-01, 1.7333E+00,
15:25:03.66387483, 2.0000E-01, 6.6667E-01, 1.6000E+00,
15:25:03.66387488, 1.6667E-01, 7.3333E-01, 1.3333E+00,
15:25:03.66387493, 1.6667E-01, 7.3333E-01, 1.6000E+00,
15:25:03.66387498, 2.0000E-01, 8.6667E-01, 1.4667E+00,
15:25:03.66387503, 2.0000E-01, 6.6667E-01, 1.3333E+00,
15:25:03.66387508, 1.3333E-01, 7.3333E-01, 1.4667E+00,
15:25:03.66387513, 1.6667E-01, 8.0000E-01, 1.3333E+00,
15:25:03.66387518, 1.6667E-01, 8.0000E-01, 1.8667E+00,
15:25:03.66387523, 2.0000E-01, 7.3333E-01, 1.4667E+00,
15:25:03.66387528, 1.6667E-01, 8.6667E-01, 1.6000E+00,
15:25:03.66387533, 2.3333E-01, 7.3333E-01, 1.3333E+00,
15:25:03.66387538, 1.6667E-01, 8.6667E-01, 1.2000E+00,
15:25:03.66387543, 2.0000E-01, 6.6667E-01, 1.4667E+00,
15:25:03.66387548, 1.6667E-01, 7.3333E-01, 1.7333E+00,
15:25:03.66387553, 2.0000E-01, 6.0000E-01, 1.7333E+00,
15:25:03.66387558, 2.0000E-01, 6.6667E-01, 1.8667E+00,
15:25:03.66387563, 2.0000E-01, 7.3333E-01, 1.3333E+00,
15:25:03.66387568, 1.3333E-01, 8.0000E-01, 1.3333E+00,
15:25:03.66387573, 2.0000E-01, 7.3333E-01, 1.4667E+00,
15:25:03.66387578, 2.0000E-01, 9.3333E-01, 1.4667E+00,
15:25:03.66387583, 1.6667E-01, 7.3333E-01, 2.0000E+00,
15:25:03.66387588, 1.6667E-01, 8.0000E-01, 1.7333E+00,
15:25:03.66387593, 2.0000E-01, 7.3333E-01, 1.7333E+00,
15:25:03.66387598, 1.6667E-01, 7.3333E-01, 1.6000E+00,
15:25:03.66387603, 2.0000E-01, 9.3333E-01, 1.4667E+00,
15:25:03.66387608, 1.3333E-01, 6.0000E-01, 1.3333E+00,
15:25:03.66387613, 1.6667E-01, 8.0000E-01, 1.4667E+00,
15:25:03.66387618, 1.3333E-01, 7.3333E-01, 1.7333E+00,
15:25:03.66387623, 1.6667E-01, 7.3333E-01, 1.3333E+00,
15:25:03.66387628, 2.0000E-01, 6.6667E-01, 1.4667E+00,
15:25:03.66387633, 1.6667E-01, 6.6667E-01, 1.4667E+00,
15:25:03.66387638, 1.3333E-01, 7.3333E-01, 1.0667E+00,
15:25:03.66387643, 2.0000E-01, 7.3333E-01, 1.6000E+00,
15:25:03.66387648, 2.0000E-01, 7.3333E-01, 1.3333E+00,
15:25:03.66387653, 1.6667E-01, 8.0000E-01, 1.4667E+00,
15:25:03.66387658, 1.6667E-01, 8.0000E-01, 1.3333E+00,
15:25:03.66387663, 1.6667E-01, 8.0000E-01, 1.0667E+00,
15:25:03.66387668, 2.0000E-01, 8.6667E-01, 1.2000E+00,
15:25:03.66387673, 2.0000E-01, 6.6667E-01, 1.4667E+00,
15:25:03.66387678, 1.6667E-01, 8.0000E-01, 1.2000E+00,
15:25:03.66387683, 1.6667E-01, 9.3333E-01, 1.6000E+00,
15:25:03.66387688, 1.6667E-01, 8.0000E-01, 1.2000E+00,
15:25:03.66387693, 2.0000E-01, 8.0000E-01, 1.6000E+00,
15:25:03.66387698, 2.0000E-01, 7.3333E-01, 1.3333E+00,
15:25:03.66387703, 2.0000E-01, 8.6667E-01, 1.6000E+00,
15:25:03.66387708, 1.0000E-01, 7.3333E-01, 1.4667E+00,
15:25:03.66387713, 2.0000E-01, 8.0000E-01, 1.3333E+00,
15:25:03.66387718, 1.6667E-01, 8.0000E-01, 9.3333E-01,
15:25:03.66387723, 2.0000E-01, 8.6667E-01, 1.6000E+00,
15:25:03.66387728, 1.6667E-01, 8.0000E-01, 1.3333E+00,
15:25:03.66387733, 2.0000E-01, 6.6667E-01, 1.2000E+00,
15:25:03.66387738, 1.6667E-01, 7.3333E-01, 1.7333E+00,
15:25:03.66387743, 2.0000E-01, 7.3333E-01, 1.4667E+00,
15:25:03.66387748, 2.0000E-01, 7.3333E-01, 1.6000E+00,
15:25:03.66387753, 1.3333E-01, 8.0000E-01, 1.4667E+00,
15:25:03.66387758, 1.6667E-01, 8.6667E-01, 1.4667E+00,
15:25:03.66387763, 1.0000E-01, 8.0000E-01, 1.2000E+00,
15:25:03.66387768, 1.6667E-01, 8.6667E-01, 1.6000E+00,
15:25:03.66387773, 1.6667E-01, 8.6667E-01, 1.6000E+00,
15:25:03.66387778, 2.0000E-01, 7.3333E-01, 1.6000E+00,
15:25:03.66387783, 1.6667E-01, 7.3333E-01, 1.3333E+00,
15:25:03.66387788, 1.6667E-01, 9.3333E-01, 1.3333E+00,
15:25:03.66387793, 6.6667E-02, 7.3333E-01, 1.3333E+00,
15:25:03.66387798, 2.0000E-01, 8.0000E-01, 1.7333E+00,
15:25:03.66387803, 2.0000E-01, 8.6667E-01, 1.2000E+00,
15:25:03.66387808, 1.3333E-01, 6.0000E-01, 1.4667E+00,
15:25:03.66387813, 1.6667E-01, 8.0000E-01, 1.2000E+00,
15:25:03.66387818, 2.0000E-01, 7.3333E-01, 1.2000E+00,
15:25:03.66387823, 1.3333E-01, 8.0000E-01, 1.4667E+00,
15:25:03.66387828, 2.0000E-01, 7.3333E-01, 1.3333E+00,
15:25:03.66387833, 1.3333E-01, 7.3333E-01, 1.6000E+00,
15:25:03.66387838, 2.3333E-01, 8.0000E-01, 1.4667E+00,
15:25:03.66387843, 2.0000E-01, 8.0000E-01, 1.3333E+00,
15:25:03.66387848, 1.6667E-01, 8.6667E-01, 1.6000E+00,
15:25:03.66387853, 1.3333E-01, 8.0000E-01, 1.4667E+00,
15:25:03.66387858, 1.6667E-01, 8.6667E-01, 1.6000E+00,
15:25:03.66387863, 2.0000E-01, 8.0000E-01, 1.4667E+00,
15:25:03.66387868, 2.3333E-01, 8.0000E-01, 1.7333E+00,
15:25:03.66387873, 2.0000E-01, 8.0000E-01, 1.2000E+00,
15:25:03.66387878, 2.0000E-01, 7.3333E-01, 1.4667E+00,
15:25:03.66387883, 1.3333E-01, 7.3333E-01, 1.7333E+00,
15:25:03.66387888, 1.3333E-01, 7.3333E-01, 1.6000E+00,
15:25:03.66387893, 1.3333E-01, 6.6667E-01, 1.6000E+00,
15:25:03.66387898, 2.0000E-01, 7.3333E-01, 1.3333E+00,
15:25:03.66387903, 1.6667E-01, 8.0000E-01, 1.6000E+00,
15:25:03.66387908, 1.6667E-01, 7.3333E-01, 1.3333E+00,
15:25:03.66387913, 1.6667E-01, 7.3333E-01, 1.6000E+00,
15:25:03.66387918, 1.3333E-01, 8.0000E-01, 1.6000E+00,
15:25:03.66387923, 1.0000E-01, 8.6667E-01, 1.3333E+00,
15:25:03.66387928, 2.3333E-01, 9.3333E-01, 1.3333E+00,
15:25:03.66387933, 2.0000E-01, 8.6667E-01, 1.3333E+00,
15:25:03.66387938, 2.0000E-01, 8.0000E-01, 1.6000E+00,
15:25:03.66387943, 1.3333E-01, 7.3333E-01, 1.7333E+00,
15:25:03.66387948, 2.0000E-01, 8.0000E-01, 1.4667E+00,
15:25:03.66387953, 1.0000E-01, 8.0000E-01, 1.2000E+00,
15:25:03.66387958, 2.0000E-01, 7.3333E-01, 1.8667E+00,
15:25:03.66387963, 2.0000E-01, 8.6667E-01, 1.8667E+00,
15:25:03.66387968, 2.0000E-01, 1.0000E+00, 1.4667E+00,
15:25:03.66387973, 1.0000E-01, 8.0000E-01, 1.7333E+00,
15:25:03.66387978, 2.0000E-01, 6.6667E-01, 1.3333E+00,
15:25:03.66387983, 1.3333E-01, 1.0000E+00, 1.3333E+00,
15:25:03.66387988, 1.0000E-01, 8.0000E-01, 1.6000E+00,
15:25:03.66387993, 1.3333E-01, 7.3333E-01, 1.6000E+00,
15:25:03.66387998, 1.3333E-01, 7.3333E-01, 1.4667E+00,
15:25:03.66388003, 2.0000E-01, 8.0000E-01, 1.6000E+00,
15:25:03.66388008, 1.6667E-01, 8.0000E-01, 1.3333E+00,
15:25:03.66388013, 1.6667E-01, 8.0000E-01, 1.3333E+00,
15:25:03.66388018, 1.6667E-01, 8.0000E-01, 1.3333E+00,
15:25:03.66388023, 1.6667E-01, 8.0000E-01, 1.3333E+00,
15:25:03.66388028, 1.6667E-01, 8.0000E-01, 1.4667E+00,
15:25:03.66388033, 1.0000E-01, 8.6667E-01, 1.3333E+00,
15:25:03.66388038, 1.3333E-01, 8.6667E-01, 1.2000E+00,
15:25:03.66388043, 1.6667E-01, 8.0000E-01, 1.6000E+00,
15:25:03.66388048, 1.6667E-01, 8.6667E-01, 1.4667E+00,
15:25:03.66388053, 1.6667E-01, 8.0000E-01, 1.4667E+00,
15:25:03.66388058, 2.0000E-01, 7.3333E-01, 1.4667E+00,
15:25:03.66388063, 1.6667E-01, 7.3333E-01, 1.2000E+00,
15:25:03.66388068, 1.6667E-01, 7.3333E-01, 1.3333E+00,
15:25:03.66388073, 3.3333E-02, 6.6667E-01, 1.4667E+00,
15:25:03.66388078, 1.6667E-01, 7.3333E-01, 1.2000E+00,
15:25:03.66388083, 1.6667E-01, 6.6667E-01, 1.7333E+00,
15:25:03.66388088, 1.6667E-01, 8.0000E-01, 1.4667E+00,
15:25:03.66388093, 1.0000E-01, 7.3333E-01, 1.7333E+00,
15:25:03.66388098, 1.6667E-01, 7.3333E-01, 1.3333E+00,
15:25:03.66388103, 1.3333E-01, 8.0000E-01, 1.3333E+00,
15:25:03.66388108, 2.0000E-01, 8.6667E-01, 1.3333E+00,
15:25:03.66388113, 1.3333E-01, 7.3333E-01, 1.4667E+00,
15:25:03.66388118, 2.0000E-01, 6.6667E-01, 1.6000E+00,
15:25:03.66388123, 1.3333E-01, 7.3333E-01, 1.6000E+00,
15:25:03.66388128, 2.0000E-01, 8.0000E-01, 1.6000E+00,
15:25:03.66388133, 1.3333E-01, 8.0000E-01, 1.3333E+00,
15:25:03.66388138, 1.6667E-01, 7.3333E-01, 1.3333E+00,
15:25:03.66388143, 1.6667E-01, 7.3333E-01, 1.4667E+00,
15:25:03.66388148, 1.0000E-01, 8.0000E-01, 1.3333E+00,
15:25:03.66388153, 1.0000E-01, 8.0000E-01, 1.3333E+00,
15:25:03.66388158, 1.6667E-01, 8.0000E-01, 1.2000E+00,
15:25:03.66388163, 2.0000E-01, 8.0000E-01, 1.3333E+00,
15:25:03.66388168, 2.0000E-01, 8.6667E-01, 1.6000E+00,
15:25:03.66388173, 1.0000E-01, 1.0000E+00, 1.4667E+00,
15:25:03.66388178, 1.0000E-01, 8.0000E-01, 1.6000E+00,
15:25:03.66388183, 1.6667E-01, 8.0000E-01, 1.6000E+00,
15:25:03.66388188, 1.6667E-01, 8.0000E-01, 1.4667E+00,
15:25:03.66388193, 1.3333E-01, 8.0000E-01, 1.2000E+00,
15:25:03.66388198, 1.6667E-01, 7.3333E-01, 1.6000E+00,
15:25:03.66388203, 1.6667E-01, 8.6667E-01, 1.3333E+00,
15:25:03.66388208, 1.6667E-01, 8.6667E-01, 1.2000E+00,
15:25:03.66388213, 1.0000E-01, 7.3333E-01, 1.2000E+00,
15:25:03.66388218, 1.0000E-01, 7.3333E-01, 1.3333E+00,
15:25:03.66388223, 1.0000E-01, 8.0000E-01, 1.6000E+00,
15:25:03.66388228, 1.6667E-01, 7.3333E-01, 1.4667E+00,
15:25:03.66388233, 1.6667E-01, 8.6667E-01, 1.3333E+00,
15:25:03.66388238, 1.3333E-01, 8.6667E-01, 1.2000E+00,
15:25:03.66388243, 1.3333E-01, 7.3333E-01, 1.6000E+00,
15:25:03.66388248, 1.6667E-01, 8.0000E-01, 1.3333E+00,
15:25:03.66388253, 1.6667E-01, 7.3333E-01, 1.3333E+00,
15:25:03.66388258, 1.0000E-01, 8.0000E-01, 1.4667E+00,
15:25:03.66388263, 1.3333E-01, 7.3333E-01, 1.3333E+00,
15:25:03.66388268, 1.3333E-01, 8.0000E-01, 1.3333E+00,
15:25:03.66388273, 1.3333E-01, 6.6667E-01, 1.3333E+00,
15:25:03.66388278, 1.6667E-01, 7.3333E-01, 1.3333E+00,
15:25:03.66388283, 1.0000E-01, 8.0000E-01, 1.2000E+00,
15:25:03.66388288, 1.6667E-01, 9.3333E-01, 1.4667E+00,
15:25:03.66388293, 1.6667E-01, 6.6667E-01, 1.2000E+00,
15:25:03.66388298, 1.0000E-01, 8.6667E-01, 1.8667E+00,
15:25:03.66388303, 1.6667E-01, 7.3333E-01, 1.6000E+00,
15:25:03.66388308, 2.3333E-01, 6.6667E-01, 1.7333E+00,
15:25:03.66388313, 1.3333E-01, 8.0000E-01, 1.2000E+00,
15:25:03.66388318, 2.0000E-01, 8.0000E-01, 1.6000E+00,
15:25:03.66388323, 1.0000E-01, 8.0000E-01, 1.3333E+00,
15:25:03.66388328, 1.3333E-01, 6.6667E-01, 1.8667E+00,
15:25:03.66388333, 1.3333E-01, 7.3333E-01, 1.2000E+00,
15:25:03.66388338, 2.0000E-01, 7.3333E-01, 1.2000E+00,
15:25:03.66388343, 1.6667E-01, 8.0000E-01, 1.4667E+00,
15:25:03.66388348, 2.0000E-01, 8.0000E-01, 1.6000E+00,
15:25:03.66388353, 1.6667E-01, 7.3333E-01, 1.3333E+00,
15:25:03.66388358, 2.0000E-01, 7.3333E-01, 1.6000E+00,
15:25:03.66388363, 1.3333E-01, 8.0000E-01, 1.4667E+00,
15:25:03.66388368, 1.3333E-01, 6.6667E-01, 1.4667E+00,
15:25:03.66388373, 2.0000E-01, 8.0000E-01, 1.3333E+00,
15:25:03.66388378, 1.6667E-01, 7.3333E-01, 1.4667E+00,
15:25:03.66388383, 1.3333E-01, 7.3333E-01, 1.3333E+00,
15:25:03.66388388, 1.6667E-01, 6.6667E-01, 1.2000E+00,
15:25:03.66388393, 2.0000E-01, 8.0000E-01, 1.2000E+00,
15:25:03.66388398, 1.6667E-01, 7.3333E-01, 1.3333E+00,
15:25:03.66388403, 1.3333E-01, 8.6667E-01, 1.4667E+00,
15:25:03.66388408, 2.0000E-01, 7.3333E-01, 1.2000E+00,
15:25:03.66388413, 1.0000E-01, 6.6667E-01, 1.7333E+00,
15:25:03.66388418, 1.0000E-01, 7.3333E-01, 1.2000E+00,
15:25:03.66388423, 1.3333E-01, 8.6667E-01, 1.2000E+00,
15:25:03.66388428, 1.3333E-01, 8.0000E-01, 1.4667E+00,
15:25:03.66388433, 1.6667E-01, 7.3333E-01, 1.7333E+00,
15:25:03.66388438, 2.0000E-01, 7.3333E-01, 1.4667E+00,
15:25:03.66388443, 1.3333E-01, 8.0000E-01, 1.4667E+00,
15:25:03.66388448, 6.6667E-02, 6.6667E-01, 1.3333E+00,
15:25:03.66388453, 1.3333E-01, 7.3333E-01, 1.6000E+00,
15:25:03.66388458, 1.3333E-01, 8.0000E-01, 1.6000E+00,
15:25:03.66388463, 2.0000E-01, 7.3333E-01, 1.2000E+00,
15:25:03.66388468, 1.3333E-01, 8.6667E-01, 1.3333E+00,
15:25:03.66388473, 6.6667E-02, 8.0000E-01, 1.3333E+00,
15:25:03.66388478, 2.0000E-01, 7.3333E-01, 1.2000E+00,
15:25:03.66388483, 1.3333E-01, 8.0000E-01, 1.2000E+00,
15:25:03.66388488, 1.6667E-01, 7.3333E-01, 1.3333E+00,
15:25:03.66388493, 1.6667E-01, 8.6667E-01, 1.3333E+00,
15:25:03.66388498, 1.0000E-01, 7.3333E-01, 1.3333E+00,
15:25:03.66388503, 1.0000E-01, 8.0000E-01, 1.4667E+00,
15:25:03.66388508, 2.0000E-01, 8.0000E-01, 1.3333E+00,
15:25:03.66388513, 1.3333E-01, 8.6667E-01, 1.3333E+00,
15:25:03.66388518, 2.0000E-01, 8.0000E-01, 1.4667E+00,
15:25:03.66388523, 1.6667E-01, 8.0000E-01, 1.3333E+00,
15:25:03.66388528, 1.6667E-01, 6.0000E-01, 1.2000E+00,
15:25:03.66388533, 1.6667E-01, 8.0000E-01, 1.2000E+00,
15:25:03.66388538, 2.0000E-01, 8.0000E-01, 1.3333E+00,
15:25:03.66388543, 1.6667E-01, 9.3333E-01, 1.4667E+00,
15:25:03.66388548, 1.3333E-01, 8.0000E-01, 1.6000E+00,
15:25:03.66388553, 2.0000E-01, 8.0000E-01, 1.2000E+00,
15:25:03.66388558, 1.6667E-01, 8.0000E-01, 1.4667E+00,
15:25:03.66388563, 1.3333E-01, 8.6667E-01, 1.4667E+00,
15:25:03.66388568, 1.3333E-01, 8.0000E-01, 1.4667E+00,
15:25:03.66388573, 1.3333E-01, 8.0000E-01, 1.8667E+00,
15:25:03.66388578, 1.6667E-01, 7.3333E-01, 1.6000E+00,
15:25:03.66388583, 6.6667E-02, 7.3333E-01, 1.4667E+00,
15:25:03.66388588, 1.6667E-01, 7.3333E-01, 1.7333E+00,
15:25:03.66388593, 1.6667E-01, 8.6667E-01, 1.2000E+00,
15:25:03.66388598, 6.6667E-02, 8.0000E-01, 1.3333E+00,
15:25:03.66388603, 1.3333E-01, 8.6667E-01, 1.4667E+00,
15:25:03.66388608, 1.0000E-01, 8.0000E-01, 1.2000E+00,
15:25:03.66388613, 2.0000E-01, 9.3333E-01, 1.4667E+00,
15:25:03.66388618, 2.0000E-01, 7.3333E-01, 1.2000E+00,
15:25:03.66388623, 1.6667E-01, 7.3333E-01, 1.4667E+00,
15:25:03.66388628, 1.6667E-01, 8.6667E-01, 1.4667E+00,
15:25:03.66388633, 1.6667E-01, 8.0000E-01, 1.3333E+00,
15:25:03.66388638, 2.3333E-01, 8.0000E-01, 1.0667E+00,
15:25:03.66388643, 1.0000E-01, 6.0000E-01, 1.2000E+00,
15:25:03.66388648, 1.6667E-01, 8.0000E-01, 1.2000E+00,
15:25:03.66388653, 1.0000E-01, 9.3333E-01, 1.4667E+00,
15:25:03.66388658, 1.3333E-01, 8.0000E-01, 1.3333E+00,
15:25:03.66388663, 1.6667E-01, 8.0000E-01, 1.4667E+00,
15:25:03.66388668, 1.3333E-01, 6.6667E-01, 1.7333E+00,
15:25:03.66388673, 2.0000E-01, 7.3333E-01, 1.3333E+00,
15:25:03.66388678, 1.6667E-01, 7.3333E-01, 2.0000E+00,
15:25:03.66388683, 1.6667E-01, 7.3333E-01, 1.3333E+00,
15:25:03.66388688, 1.3333E-01, 8.0000E-01, 1.3333E+00,
15:25:03.66388693, 2.0000E-01, 6.0000E-01, 9.3333E-01,
15:25:03.66388698, 1.6667E-01, 6.6667E-01, 1.3333E+00,
15:25:03.66388703, 1.3333E-01, 7.3333E-01, 1.7333E+00,
15:25:03.66388708, 1.3333E-01, 6.0000E-01, 1.6000E+00,
15:25:03.66388713, 1.3333E-01, 8.0000E-01, 1.3333E+00,
15:25:03.66388718, 1.3333E-01, 8.6667E-01, 1.3333E+00,
15:25:03.66388723, 1.0000E-01, 7.3333E-01, 1.6000E+00,
15:25:03.66388728, 2.0000E-01, 6.6667E-01, 1.0667E+00,
15:25:03.66388733, 1.6667E-01, 8.0000E-01, 1.6000E+00,
15:25:03.66388738, 2.0000E-01, 6.6667E-01, 1.4667E+00,
15:25:03.66388743, 1.6667E-01, 1.0000E+00, 1.2000E+00,
15:25:03.66388748, 1.6667E-01, 6.6667E-01, 1.6000E+00,
15:25:03.66388753, 1.6667E-01, 8.0000E-01, 1.6000E+00,
15:25:03.66388758, 2.0000E-01, 6.6667E-01, 1.8667E+00,
15:25:03.66388763, 1.0000E-01, 8.0000E-01, 1.7333E+00,
15:25:03.66388768, 1.6667E-01, 8.0000E-01, 1.6000E+00,
15:25:03.66388773, 1.3333E-01, 7.3333E-01, 1.3333E+00,
15:25:03.66388778, 1.3333E-01, 6.6667E-01, 1.0667E+00,
15:25:03.66388783, 1.3333E-01, 7.3333E-01, 1.2000E+00,
15:25:03.66388788, 1.3333E-01, 8.0000E-01, 1.6000E+00,
15:25:03.66388793, 1.3333E-01, 8.0000E-01, 1.4667E+00,
15:25:03.66388798, 1.3333E-01, 9.3333E-01, 1.4667E+00,
15:25:03.66388803, 6.6667E-02, 8.6667E-01, 1.6000E+00,
15:25:03.66388808, 1.3333E-01, 8.0000E-01, 1.6000E+00,
15:25:03.66388813, 2.0000E-01, 8.0000E-01, 1.3333E+00,
15:25:03.66388818, 1.3333E-01, 8.6667E-01, 1.3333E+00,
15:25:03.66388823, 6.6667E-02, 8.0000E-01, 1.7333E+00,
15:25:03.66388828, 1.6667E-01, 8.6667E-01, 1.6000E+00,
15:25:03.66388833, 1.3333E-01, 8.0000E-01, 1.4667E+00,
15:25:03.66388838, 1.3333E-01, 8.6667E-01, 1.2000E+00,
15:25:03.66388843, 1.3333E-01, 8.0000E-01, 1.3333E+00,
15:25:03.66388848, 1.0000E-01, 7.3333E-01, 1.3333E+00,
15:25:03.66388853, 2.0000E-01, 9.3333E-01, 1.4667E+00,
15:25:03.66388858, 1.3333E-01, 8.6667E-01, 1.6000E+00,
15:25:03.66388863, 1.3333E-01, 6.6667E-01, 1.3333E+00,
15:25:03.66388868, 1.6667E-01, 7.3333E-01, 1.4667E+00,
15:25:03.66388873, 1.0000E-01, 8.0000E-01, 1.7333E+00,
15:25:03.66388878, 1.6667E-01, 8.0000E-01, 1.4667E+00,
15:25:03.66388883, 1.3333E-01, 8.6667E-01, 1.4667E+00,
15:25:03.66388888, 2.0000E-01, 8.0000E-01, 1.0667E+00,
15:25:03.66388893, 1.0000E-01, 7.3333E-01, 1.6000E+00,
15:25:03.66388898, 6.6667E-02, 6.6667E-01, 1.7333E+00,
15:25:03.66388903, 1.3333E-01, 8.6667E-01, 1.2000E+00,
15:25:03.66388908, 1.6667E-01, 7.3333E-01, 1.6000E+00,
15:25:03.66388913, 1.0000E-01, 7.3333E-01, 1.6000E+00,
15:25:03.66388918, 2.0000E-01, 7.3333E-01, 1.3333E+00,
15:25:03.66388923, 1.6667E-01, 8.0000E-01, 1.3333E+00,
15:25:03.66388928, 1.3333E-01, 7.3333E-01, 1.3333E+00,
15:25:03.66388933, 1.3333E-01, 7.3333E-01, 1.3333E+00,
15:25:03.66388938, 1.6667E-01, 6.0000E-01, 1.3333E+00,
15:25:03.66388943, 1.3333E-01, 7.3333E-01, 1.0667E+00,
15:25:03.66388948, 6.6667E-02, 6.6667E-01, 1.4667E+00,
15:25:03.66388953, 1.0000E-01, 7.3333E-01, 1.7333E+00,
15:25:03.66388958, 1.0000E-01, 7.3333E-01, 1.6000E+00,
15:25:03.66388963, 1.0000E-01, 8.6667E-01, 1.7333E+00,
15:25:03.66388968, 2.0000E-01, 8.6667E-01, 1.3333E+00,
15:25:03.66388973, 1.6667E-01, 8.6667E-01, 1.3333E+00,
15:25:03.66388978, 1.3333E-01, 6.6667E-01, 1.2000E+00,
15:25:03.66388983, 6.6667E-02, 8.0000E-01, 1.6000E+00,
15:25:03.66388988, 2.0000E-01, 7.3333E-01, 1.3333E+00,
15:25:03.66388993, 1.3333E-01, 7.3333E-01, 1.3333E+00,
15:25:03.66388998, 1.0000E-01, 8.6667E-01, 1.2000E+00,
15:25:03.66389003, 1.0000E-01, 7.3333E-01, 1.6000E+00,
15:25:03.66389008, 2.0000E-01, 8.0000E-01, 1.4667E+00,
15:25:03.66389013, 1.3333E-01, 8.0000E-01, 1.7333E+00,
15:25:03.66389018, 1.6667E-01, 8.0000E-01, 1.4667E+00,
15:25:03.66389023, 1.3333E-01, 7.3333E-01, 1.3333E+00,
15:25:03.66389028, 1.6667E-01, 8.0000E-01, 1.3333E+00,
15:25:03.66389033, 1.0000E-01, 7.3333E-01, 1.6000E+00,
15:25:03.66389038, 1.3333E-01, 6.6667E-01, 1.3333E+00,
15:25:03.66389043, 1.0000E-01, 8.6667E-01, 1.3333E+00,
15:25:03.66389048, 6.6667E-02, 6.6667E-01, 1.4667E+00,
15:25:03.66389053, 1.6667E-01, 8.0000E-01, 1.6000E+00,
15:25:03.66389058, 1.0000E-01, 7.3333E-01, 1.7333E+00,
15:25:03.66389063, 1.3333E-01, 8.0000E-01, 1.7333E+00,
15:25:03.66389068, 1.0000E-01, 8.0000E-01, 1.3333E+00,
15:25:03.66389073, 1.6667E-01, 8.0000E-01, 1.4667E+00,
15:25:03.66389078, 1.0000E-01, 7.3333E-01, 1.2000E+00,
15:25:03.66389083, 1.0000E-01, 8.6667E-01, 1.6000E+00,
15:25:03.66389088, 6.6667E-02, 7.3333E-01, 1.7333E+00,
15:25:03.66389093, 1.0000E-01, 8.0000E-01, 1.4667E+00,
15:25:03.66389098, 1.6667E-01, 8.0000E-01, 1.6000E+00,
15:25:03.66389103, 1.3333E-01, 8.6667E-01, 1.4667E+00,
15:25:03.66389108, 1.0000E-01, 7.3333E-01, 1.0667E+00,
15:25:03.66389113, 1.3333E-01, 8.6667E-01, 1.2000E+00,
15:25:03.66389118, 6.6667E-02, 7.3333E-01, 1.4667E+00,
15:25:03.66389123, 1.0000E-01, 8.6667E-01, 1.6000E+00,
15:25:03.66389128, 1.0000E-01, 7.3333E-01, 1.4667E+00,
15:25:03.66389133, 6.6667E-02, 6.6667E-01, 1.4667E+00,
15:25:03.66389138, 1.3333E-01, 8.0000E-01, 1.3333E+00,
15:25:03.66389143, 1.0000E-01, 8.0000E-01, 1.4667E+00,
15:25:03.66389148, 1.3333E-01, 8.6667E-01, 1.4667E+00,
15:25:03.66389153, 1.6667E-01, 6.6667E-01, 1.3333E+00,
15:25:03.66389158, 1.3333E-01, 8.0000E-01, 1.2000E+00,
15:25:03.66389163, 1.0000E-01, 8.0000E-01, 1.4667E+00,
15:25:03.66389168, 2.0000E-01, 8.0000E-01, 1.2000E+00,
15:25:03.66389173, 1.0000E-01, 7.3333E-01, 1.2000E+00,
15:25:03.66389178, 1.3333E-01, 7.3333E-01, 1.2000E+00,
15:25:03.66389183, 2.0000E-01, 7.3333E-01, 1.2000E+00,
15:25:03.66389188, 1.0000E-01, 6.6667E-01, 1.3333E+00,
15:25:03.66389193, 1.6667E-01, 8.6667E-01, 1.3333E+00,
15:25:03.66389198, 1.6667E-01, 8.6667E-01, 1.7333E+00,
15:25:03.66389203, 1.6667E-01, 7.3333E-01, 1.2000E+00,
15:25:03.66389208, 1.0000E-01, 9.3333E-01, 1.4667E+00,
15:25:03.66389213, 6.6667E-02, 8.6667E-01, 1.4667E+00,
15:25:03.66389218, 6.6667E-02, 8.6667E-01, 1.3333E+00,
15:25:03.66389223, 1.3333E-01, 8.6667E-01, 1.4667E+00,
15:25:03.66389228, 1.0000E-01, 6.6667E-01, 1.6000E+00,
15:25:03.66389233, 1.0000E-01, 8.6667E-01, 1.8667E+00,
15:25:03.66389238, 6.6667E-02, 7.3333E-01, 1.4667E+00,
15:25:03.66389243, 1.3333E-01, 8.6667E-01, 1.3333E+00,
15:25:03.66389248, 1.6667E-01, 6.6667E-01, 1.3333E+00,
15:25:03.66389253, 2.0000E-01, 6.6667E-01, 1.3333E+00,
15:25:03.66389258, 1.3333E-01, 8.0000E-01, 1.6000E+00,
15:25:03.66389263, 1.3333E-01, 6.6667E-01, 1.2000E+00,
15:25:03.66389268, 1.0000E-01, 6.6667E-01, 9.3333E-01,
15:25:03.66389273, 1.3333E-01, 8.0000E-01, 1.0667E+00,
15:25:03.66389278, 6.6667E-02, 7.3333E-01, 1.2000E+00,
15:25:03.66389283, 1.3333E-01, 8.0000E-01, 1.3333E+00,
15:25:03.66389288, 1.3333E-01, 7.3333E-01, 1.0667E+00,
15:25:03.66389293, 1.6667E-01, 7.3333E-01, 1.4667E+00,
15:25:03.66389298, 1.3333E-01, 7.3333E-01, 1.4667E+00,
15:25:03.66389303, 1.0000E-01, 8.0000E-01, 1.6000E+00,
15:25:03.66389308, 1.6667E-01, 6.6667E-01, 1.4667E+00,
15:25:03.66389313, 1.0000E-01, 8.0000E-01, 1.6000E+00,
15:25:03.66389318, 1.6667E-01, 8.0000E-01, 1.7333E+00,
15:25:03.66389323, 1.0000E-01, 8.6667E-01, 1.2000E+00,
15:25:03.66389328, 1.3333E-01, 8.6667E-01, 1.4667E+00,
15:25:03.66389333, 6.6667E-02, 7.3333E-01, 1.3333E+00,
15:25:03.66389338, 1.0000E-01, 7.3333E-01, 1.6000E+00,
15:25:03.66389343, 1.3333E-01, 8.0000E-01, 1.6000E+00,
15:25:03.66389348, 1.0000E-01, 7.3333E-01, 1.3333E+00,
15:25:03.66389353, 1.6667E-01, 7.3333E-01, 1.4667E+00,
15:25:03.66389358, 1.3333E-01, 8.0000E-01, 1.4667E+00,
15:25:03.66389363, 1.6667E-01, 8.6667E-01, 1.4667E+00,
15:25:03.66389368, 1.0000E-01, 8.6667E-01, 1.4667E+00,
15:25:03.66389373, 6.6667E-02, 7.3333E-01, 1.4667E+00,
15:25:03.66389378, 1.3333E-01, 6.0000E-01, 1.4667E+00,
15:25:03.66389383, 6.6667E-02, 7.3333E-01, 1.4667E+00,
15:25:03.66389388, 6.6667E-02, 8.0000E-01, 1.4667E+00,
15:25:03.66389393, 6.6667E-02, 8.0000E-01, 1.6000E+00,
15:25:03.66389398, 6.6667E-02, 8.0000E-01, 1.3333E+00,
15:25:03.66389403, 1.6667E-01, 6.0000E-01, 1.6000E+00,
15:25:03.66389408, 1.0000E-01, 8.6667E-01, 1.0667E+00,
15:25:03.66389413, 1.0000E-01, 8.6667E-01, 1.6000E+00,
15:25:03.66389418, 1.6667E-01, 8.6667E-01, 1.2000E+00,
15:25:03.66389423, 1.0000E-01, 8.0000E-01, 1.2000E+00,
15:25:03.66389428, 6.6667E-02, 8.0000E-01, 1.3333E+00,
15:25:03.66389433, 1.3333E-01, 7.3333E-01, 1.6000E+00,
15:25:03.66389438, 1.0000E-01, 7.3333E-01, 1.6000E+00,
15:25:03.66389443, 6.6667E-02, 7.3333E-01, 1.2000E+00,
15:25:03.66389448, 1.3333E-01, 8.0000E-01, 1.6000E+00,
15:25:03.66389453, 6.6667E-02, 8.0000E-01, 1.3333E+00,
15:25:03.66389458, 1.0000E-01, 8.0000E-01, 1.6000E+00,
15:25:03.66389463, 1.0000E-01, 8.6667E-01, 1.4667E+00,
15:25:03.66389468, 6.6667E-02, 8.0000E-01, 1.2000E+00,
15:25:03.66389473, 1.3333E-01, 7.3333E-01, 1.3333E+00,
15:25:03.66389478, 1.6667E-01, 8.0000E-01, 1.8667E+00,
15:25:03.66389483, 1.3333E-01, 6.0000E-01, 1.2000E+00,
15:25:03.66389488, 1.6667E-01, 6.6667E-01, 1.2000E+00,
15:25:03.66389493, 1.3333E-01, 1.0000E+00, 1.6000E+00,
15:25:03.66389498, 1.0000E-01, 8.6667E-01, 1.4667E+00,
15:25:03.66389503, 2.0000E-01, 8.6667E-01, 1.7333E+00,
15:25:03.66389508, 1.3333E-01, 9.3333E-01, 1.3333E+00,
15:25:03.66389513, 1.0000E-01, 6.6667E-01, 1.6000E+00,
15:25:03.66389518, 1.6667E-01, 7.3333E-01, 1.3333E+00,
15:25:03.66389523, 6.6667E-02, 7.3333E-01, 1.6000E+00,
15:25:03.66389528, 6.6667E-02, 7.3333E-01, 1.7333E+00,
15:25:03.66389533, 1.0000E-01, 9.3333E-01, 1.6000E+00,
15:25:03.66389538, 1.6667E-01, 8.0000E-01, 1.3333E+00,
15:25:03.66389543, 6.6667E-02, 8.0000E-01, 1.3333E+00,
15:25:03.66389548, 1.0000E-01, 6.6667E-01, 1.2000E+00,
15:25:03.66389553, 1.6667E-01, 8.0000E-01, 1.2000E+00,
15:25:03.66389558, 1.6667E-01, 6.6667E-01, 1.6000E+00,
15:25:03.66389563, 1.0000E-01, 6.6667E-01, 1.4667E+00,
15:25:03.66389568, 1.3333E-01, 8.6667E-01, 1.3333E+00,
15:25:03.66389573, 1.3333E-01, 6.6667E-01, 1.3333E+00,
15:25:03.66389578, 6.6667E-02, 8.0000E-01, 1.4667E+00,
15:25:03.66389583, 1.0000E-01, 7.3333E-01, 1.4667E+00,
15:25:03.66389588, 6.6667E-02, 8.6667E-01, 1.7333E+00,
15:25:03.66389593, 1.3333E-01, 8.6667E-01, 1.3333E+00,
15:25:03.66389598, 1.6667E-01, 9.3333E-01, 1.0667E+00,
15:25:03.66389603, 1.0000E-01, 8.0000E-01, 1.4667E+00,
15:25:03.66389608, 1.3333E-01, 8.6667E-01, 1.6000E+00,
15:25:03.66389613, 6.6667E-02, 6.6667E-01, 1.4667E+00,
15:25:03.66389618, 6.6667E-02, 9.3333E-01, 1.3333E+00,
15:25:03.66389623, 1.3333E-01, 8.6667E-01, 1.2000E+00,
15:25:03.66389628, 1.0000E-01, 8.0000E-01, 1.4667E+00,
15:25:03.66389633, 1.0000E-01, 7.3333E-01, 1.4667E+00,
15:25:03.66389638, 6.6667E-02, 8.6667E-01, 1.7333E+00,
15:25:03.66389643, 2.0000E-01, 8.6667E-01, 1.6000E+00,
15:25:03.66389648, 1.3333E-01, 8.6667E-01, 1.3333E+00,
15:25:03.66389653, 6.6667E-02, 8.0000E-01, 1.3333E+00,
15:25:03.66389658, 6.6667E-02, 7.3333E-01, 1.2000E+00,
15:25:03.66389663, 1.0000E-01, 7.3333E-01, 1.4667E+00,
15:25:03.66389668, 1.0000E-01, 7.3333E-01, 1.6000E+00,
15:25:03.66389673, 1.3333E-01, 8.0000E-01, 1.4667E+00,
15:25:03.66389678, 1.0000E-01, 8.6667E-01, 1.4667E+00,
15:25:03.66389683, 1.0000E-01, 9.3333E-01, 1.2000E+00,
15:25:03.66389688, 1.0000E-01, 8.6667E-01, 1.6000E+00,
15:25:03.66389693, 3.3333E-02, 8.0000E-01, 1.6000E+00,
15:25:03.66389698, 1.6667E-01, 8.0000E-01, 1.4667E+00,
15:25:03.66389703, 1.6667E-01, 8.0000E-01, 1.4667E+00,
15:25:03.66389708,-6.6667E-02, 7.3333E-01, 1.6000E+00,
15:25:03.66389713, 1.3333E-01, 8.0000E-01, 1.4667E+00,
15:25:03.66389718, 1.0000E-01, 6.6667E-01, 1.7333E+00,
15:25:03.66389723, 6.6667E-02, 6.6667E-01, 1.3333E+00,
15:25:03.66389728, 1.0000E-01, 7.3333E-01, 1.6000E+00,
15:25:03.66389733, 1.3333E-01, 6.0000E-01, 1.6000E+00,
15:25:03.66389738, 6.6667E-02, 8.6667E-01, 1.6000E+00,
15:25:03.66389743, 2.0000E-01, 8.0000E-01, 1.4667E+00,
15:25:03.66389748, 1.0000E-01, 8.0000E-01, 1.2000E+00,
15:25:03.66389753, 1.6667E-01, 7.3333E-01, 1.4667E+00,
15:25:03.66389758, 3.3333E-02, 8.0000E-01, 1.3333E+00,
15:25:03.66389763, 1.3333E-01, 6.6667E-01, 1.4667E+00,
15:25:03.66389768, 6.6667E-02, 8.0000E-01, 1.4667E+00,
15:25:03.66389773, 1.0000E-01, 6.6667E-01, 1.6000E+00,
15:25:03.66389778, 6.6667E-02, 6.6667E-01, 1.6000E+00,
15:25:03.66389783, 6.6667E-02, 8.0000E-01, 1.7333E+00,
15:25:03.66389788, 6.6667E-02, 6.0000E-01, 1.4667E+00,
15:25:03.66389793, 1.6667E-01, 9.3333E-01, 1.6000E+00,
15:25:03.66389798, 1.3333E-01, 9.3333E-01, 1.3333E+00,
15:25:03.66389803, 3.3333E-02, 7.3333E-01, 1.3333E+00,
15:25:03.66389808, 6.6667E-02, 7.3333E-01, 1.6000E+00,
15:25:03.66389813, 3.3333E-02, 8.0000E-01, 1.3333E+00,
15:25:03.66389818, 1.0000E-01, 6.0000E-01, 1.6000E+00,
15:25:03.66389823, 3.3333E-02, 8.6667E-01, 1.3333E+00,
15:25:03.66389828, 1.0000E-01, 7.3333E-01, 1.6000E+00,
15:25:03.66389833, 1.6667E-01, 8.0000E-01, 1.4667E+00,
15:25:03.66389838, 1.3333E-01, 7.3333E-01, 1.4667E+00,
