"Header Size"           ,15              
"Model Name"            ,"DL850EV       "
"Comment"               ,"                         "
"BlockNumber"           ,1               
"TraceName"             ,"Vgate         ","Vds           ","Id            "
"BlockSize"             ,4004            ,4004            ,4004            
"VUnit"                 ,"V             ","V             ","A             "
"SampleRate"            ,20000000.000000 ,20000000.000000 ,20000000.000000 
"HResolution"           ,5.000000e-08    ,5.000000e-08    ,5.000000e-08    
"HOffset"               ,-2.000000e-05   ,-2.000000e-05   ,-2.000000e-05   
"HUnit"                 ,"s             ","s             ","s             "
"DisplayPointNo."       ,1               ,1               ,1               
"PhaseShift"            ,1               ,1               ,1               
"Date"                  ,"2026/04/15    ","2026/04/15    ","2026/04/15    "
"Time"                  ,"17:15:24.56407985","17:15:24.56407985","17:15:24.56407985"

17:15:24.56405985, 3.3333E-02, 1.4400E+00, 2.6667E-01,
17:15:24.56405990, 0.0000E+00, 1.4533E+00, 1.3333E-01,
17:15:24.56405995, 3.3333E-02, 1.4267E+00, 1.3333E-01,
17:15:24.56406000, 3.3333E-02, 1.4400E+00, 2.0000E-01,
17:15:24.56406005, 0.0000E+00, 1.4400E+00, 2.0000E-01,
17:15:24.56406010, 0.0000E+00, 1.4133E+00, 6.6667E-02,
17:15:24.56406015, 6.6667E-02, 1.4267E+00, 6.6667E-02,
17:15:24.56406020, 0.0000E+00, 1.4267E+00, 1.3333E-01,
17:15:24.56406025, 0.0000E+00, 1.4267E+00, 2.0000E-01,
17:15:24.56406030, 3.3333E-02, 1.4400E+00, 2.0000E-01,
17:15:24.56406035, 0.0000E+00, 1.4267E+00, 1.3333E-01,
17:15:24.56406040, 0.0000E+00, 1.4400E+00, 0.0000E+00,
17:15:24.56406045, 1.3333E-01, 1.4267E+00, 6.6667E-02,
17:15:24.56406050, 1.0000E-01, 1.4400E+00, 6.6667E-02,
17:15:24.56406055, 6.6667E-02, 1.4267E+00, 6.6667E-02,
17:15:24.56406060, 0.0000E+00, 1.4267E+00,-6.6667E-02,
17:15:24.56406065,-3.3333E-02, 1.4267E+00, 6.6667E-02,
17:15:24.56406070, 0.0000E+00, 1.4267E+00, 6.6667E-02,
17:15:24.56406075, 3.3333E-02, 1.4267E+00, 0.0000E+00,
17:15:24.56406080,-3.3333E-02, 1.4400E+00, 6.6667E-02,
17:15:24.56406085, 0.0000E+00, 1.4400E+00, 1.3333E-01,
17:15:24.56406090, 6.6667E-02, 1.4267E+00, 1.3333E-01,
17:15:24.56406095,-3.3333E-02, 1.4533E+00, 6.6667E-02,
17:15:24.56406100, 6.6667E-02, 1.4533E+00, 0.0000E+00,
17:15:24.56406105, 0.0000E+00, 1.4400E+00, 0.0000E+00,
17:15:24.56406110,-3.3333E-02, 1.4400E+00, 6.6667E-02,
17:15:24.56406115,-6.6667E-02, 1.4267E+00, 6.6667E-02,
17:15:24.56406120, 3.3333E-02, 1.4133E+00, 0.0000E+00,
17:15:24.56406125, 1.0000E-01, 1.4267E+00, 2.6667E-01,
17:15:24.56406130, 3.3333E-02, 1.4400E+00, 2.0000E-01,
17:15:24.56406135, 0.0000E+00, 1.4400E+00, 2.6667E-01,
17:15:24.56406140, 3.3333E-02, 1.4533E+00,-6.6667E-02,
17:15:24.56406145, 0.0000E+00, 1.4267E+00, 0.0000E+00,
17:15:24.56406150, 3.3333E-02, 1.4667E+00, 2.0000E-01,
17:15:24.56406155, 3.3333E-02, 1.4533E+00, 1.3333E-01,
17:15:24.56406160, 3.3333E-02, 1.4267E+00, 1.3333E-01,
17:15:24.56406165, 3.3333E-02, 1.4533E+00, 1.3333E-01,
17:15:24.56406170,-6.6667E-02, 1.4400E+00, 6.6667E-02,
17:15:24.56406175,-3.3333E-02, 1.4400E+00, 2.0000E-01,
17:15:24.56406180,-3.3333E-02, 1.4533E+00, 1.3333E-01,
17:15:24.56406185, 0.0000E+00, 1.4267E+00, 0.0000E+00,
17:15:24.56406190, 1.0000E-01, 1.4667E+00, 1.3333E-01,
17:15:24.56406195, 3.3333E-02, 1.4400E+00, 6.6667E-02,
17:15:24.56406200, 0.0000E+00, 1.4000E+00, 1.3333E-01,
17:15:24.56406205, 6.6667E-02, 1.4267E+00, 2.0000E-01,
17:15:24.56406210,-3.3333E-02, 1.4533E+00, 0.0000E+00,
17:15:24.56406215, 0.0000E+00, 1.4267E+00, 2.6667E-01,
17:15:24.56406220, 6.6667E-02, 1.4533E+00, 1.3333E-01,
17:15:24.56406225, 3.3333E-02, 1.4400E+00, 2.0000E-01,
17:15:24.56406230, 6.6667E-02, 1.4267E+00, 2.6667E-01,
17:15:24.56406235, 3.3333E-02, 1.4400E+00, 3.3333E-01,
17:15:24.56406240, 6.6667E-02, 1.4267E+00, 2.0000E-01,
17:15:24.56406245, 0.0000E+00, 1.4267E+00, 2.0000E-01,
17:15:24.56406250, 3.3333E-02, 1.4533E+00, 2.0000E-01,
17:15:24.56406255, 3.3333E-02, 1.4133E+00, 1.3333E-01,
17:15:24.56406260, 0.0000E+00, 1.4267E+00, 6.6667E-02,
17:15:24.56406265, 3.3333E-02, 1.4267E+00, 1.3333E-01,
17:15:24.56406270, 0.0000E+00, 1.4400E+00, 2.0000E-01,
17:15:24.56406275, 6.6667E-02, 1.4267E+00, 1.3333E-01,
17:15:24.56406280, 3.3333E-02, 1.4400E+00, 2.6667E-01,
17:15:24.56406285, 3.3333E-02, 1.4400E+00, 1.3333E-01,
17:15:24.56406290, 3.3333E-02, 1.4400E+00, 6.6667E-02,
17:15:24.56406295,-3.3333E-02, 1.4400E+00, 2.0000E-01,
17:15:24.56406300, 6.6667E-02, 1.4267E+00, 6.6667E-02,
17:15:24.56406305, 3.3333E-02, 1.4400E+00, 6.6667E-02,
17:15:24.56406310, 0.0000E+00, 1.4267E+00, 0.0000E+00,
17:15:24.56406315, 6.6667E-02, 1.4533E+00, 1.3333E-01,
17:15:24.56406320, 6.6667E-02, 1.4267E+00, 6.6667E-02,
17:15:24.56406325,-3.3333E-02, 1.4400E+00, 2.6667E-01,
17:15:24.56406330,-3.3333E-02, 1.4667E+00,-6.6667E-02,
17:15:24.56406335, 3.3333E-02, 1.4267E+00, 1.3333E-01,
17:15:24.56406340, 1.0000E-01, 1.4400E+00,-6.6667E-02,
17:15:24.56406345, 0.0000E+00, 1.4400E+00, 0.0000E+00,
17:15:24.56406350, 6.6667E-02, 1.4533E+00, 6.6667E-02,
17:15:24.56406355, 3.3333E-02, 1.4400E+00, 6.6667E-02,
17:15:24.56406360, 0.0000E+00, 1.4667E+00, 6.6667E-02,
17:15:24.56406365, 6.6667E-02, 1.4267E+00,-6.6667E-02,
17:15:24.56406370, 3.3333E-02, 1.4133E+00, 2.0000E-01,
17:15:24.56406375, 0.0000E+00, 1.4400E+00, 1.3333E-01,
17:15:24.56406380, 0.0000E+00, 1.4267E+00,-6.6667E-02,
17:15:24.56406385, 3.3333E-02, 1.4400E+00, 6.6667E-02,
17:15:24.56406390, 3.3333E-02, 1.4267E+00,-6.6667E-02,
17:15:24.56406395, 0.0000E+00, 1.4533E+00,-2.0000E-01,
17:15:24.56406400, 3.3333E-02, 1.4400E+00, 1.3333E-01,
17:15:24.56406405, 3.3333E-02, 1.4533E+00, 0.0000E+00,
17:15:24.56406410, 3.3333E-02, 1.4267E+00, 1.3333E-01,
17:15:24.56406415, 3.3333E-02, 1.4667E+00, 1.3333E-01,
17:15:24.56406420, 3.3333E-02, 1.4267E+00, 3.3333E-01,
17:15:24.56406425, 6.6667E-02, 1.4400E+00, 2.0000E-01,
17:15:24.56406430, 0.0000E+00, 1.4267E+00, 6.6667E-02,
17:15:24.56406435,-3.3333E-02, 1.4267E+00, 2.6667E-01,
17:15:24.56406440, 3.3333E-02, 1.4133E+00, 1.3333E-01,
17:15:24.56406445, 3.3333E-02, 1.4667E+00,-6.6667E-02,
17:15:24.56406450, 0.0000E+00, 1.4400E+00,-6.6667E-02,
17:15:24.56406455, 1.0000E-01, 1.4400E+00, 0.0000E+00,
17:15:24.56406460, 1.0000E-01, 1.4800E+00, 2.0000E-01,
17:15:24.56406465, 0.0000E+00, 1.4667E+00, 1.3333E-01,
17:15:24.56406470, 6.6667E-02, 1.4267E+00, 2.0000E-01,
17:15:24.56406475, 3.3333E-02, 1.4267E+00, 6.6667E-02,
17:15:24.56406480, 0.0000E+00, 1.4400E+00, 2.0000E-01,
17:15:24.56406485,-3.3333E-02, 1.4533E+00, 0.0000E+00,
17:15:24.56406490,-3.3333E-02, 1.4267E+00, 2.0000E-01,
17:15:24.56406495, 0.0000E+00, 1.4267E+00, 1.3333E-01,
17:15:24.56406500, 0.0000E+00, 1.4400E+00, 6.6667E-02,
17:15:24.56406505,-3.3333E-02, 1.4400E+00, 6.6667E-02,
17:15:24.56406510, 6.6667E-02, 1.4267E+00, 0.0000E+00,
17:15:24.56406515, 3.3333E-02, 1.4400E+00, 2.0000E-01,
17:15:24.56406520, 3.3333E-02, 1.4400E+00, 1.3333E-01,
17:15:24.56406525, 0.0000E+00, 1.4267E+00, 2.0000E-01,
17:15:24.56406530,-3.3333E-02, 1.4400E+00, 3.3333E-01,
17:15:24.56406535, 6.6667E-02, 1.4267E+00, 6.6667E-02,
17:15:24.56406540, 3.3333E-02, 1.4400E+00, 6.6667E-02,
17:15:24.56406545, 0.0000E+00, 1.4133E+00, 6.6667E-02,
17:15:24.56406550, 3.3333E-02, 1.4267E+00, 6.6667E-02,
17:15:24.56406555, 3.3333E-02, 1.4267E+00, 2.0000E-01,
17:15:24.56406560, 0.0000E+00, 1.4267E+00, 2.6667E-01,
17:15:24.56406565,-6.6667E-02, 1.4533E+00, 2.0000E-01,
17:15:24.56406570, 3.3333E-02, 1.4267E+00, 2.0000E-01,
17:15:24.56406575, 6.6667E-02, 1.4533E+00, 2.6667E-01,
17:15:24.56406580, 3.3333E-02, 1.4533E+00, 1.3333E-01,
17:15:24.56406585, 0.0000E+00, 1.4533E+00, 6.6667E-02,
17:15:24.56406590,-3.3333E-02, 1.4267E+00, 6.6667E-02,
17:15:24.56406595, 3.3333E-02, 1.4267E+00, 6.6667E-02,
17:15:24.56406600, 0.0000E+00, 1.4267E+00, 6.6667E-02,
17:15:24.56406605, 3.3333E-02, 1.4400E+00, 1.3333E-01,
17:15:24.56406610, 0.0000E+00, 1.4267E+00, 0.0000E+00,
17:15:24.56406615, 3.3333E-02, 1.4400E+00, 2.0000E-01,
17:15:24.56406620, 1.0000E-01, 1.4667E+00, 2.0000E-01,
17:15:24.56406625, 3.3333E-02, 1.4400E+00, 6.6667E-02,
17:15:24.56406630, 0.0000E+00, 1.4267E+00, 0.0000E+00,
17:15:24.56406635,-3.3333E-02, 1.4533E+00, 1.3333E-01,
17:15:24.56406640, 0.0000E+00, 1.4267E+00, 2.6667E-01,
17:15:24.56406645,-3.3333E-02, 1.4133E+00, 0.0000E+00,
17:15:24.56406650, 3.3333E-02, 1.4400E+00, 2.6667E-01,
17:15:24.56406655, 0.0000E+00, 1.4400E+00, 1.3333E-01,
17:15:24.56406660, 6.6667E-02, 1.4400E+00, 1.3333E-01,
17:15:24.56406665, 0.0000E+00, 1.4400E+00, 2.6667E-01,
17:15:24.56406670, 3.3333E-02, 1.4267E+00, 0.0000E+00,
17:15:24.56406675, 3.3333E-02, 1.4267E+00, 1.3333E-01,
17:15:24.56406680, 6.6667E-02, 1.4533E+00, 2.0000E-01,
17:15:24.56406685, 0.0000E+00, 1.4267E+00,-6.6667E-02,
17:15:24.56406690, 0.0000E+00, 1.4267E+00, 0.0000E+00,
17:15:24.56406695, 0.0000E+00, 1.4400E+00, 2.0000E-01,
17:15:24.56406700, 1.0000E-01, 1.4267E+00, 6.6667E-02,
17:15:24.56406705,-3.3333E-02, 1.4533E+00, 2.0000E-01,
17:15:24.56406710, 0.0000E+00, 1.4267E+00, 6.6667E-02,
17:15:24.56406715,-3.3333E-02, 1.4533E+00, 3.3333E-01,
17:15:24.56406720, 0.0000E+00, 1.4267E+00, 2.0000E-01,
17:15:24.56406725,-6.6667E-02, 1.4267E+00, 2.0000E-01,
17:15:24.56406730, 3.3333E-02, 1.4533E+00, 2.0000E-01,
17:15:24.56406735, 0.0000E+00, 1.4267E+00, 6.6667E-02,
17:15:24.56406740, 3.3333E-02, 1.4267E+00,-6.6667E-02,
17:15:24.56406745, 0.0000E+00, 1.4267E+00, 2.0000E-01,
17:15:24.56406750, 3.3333E-02, 1.4400E+00, 0.0000E+00,
17:15:24.56406755, 6.6667E-02, 1.4533E+00, 1.3333E-01,
17:15:24.56406760, 3.3333E-02, 1.4533E+00, 0.0000E+00,
17:15:24.56406765, 1.0000E-01, 1.4533E+00, 6.6667E-02,
17:15:24.56406770, 3.3333E-02, 1.4533E+00, 0.0000E+00,
17:15:24.56406775, 3.3333E-02, 1.4533E+00,-6.6667E-02,
17:15:24.56406780,-3.3333E-02, 1.4267E+00, 0.0000E+00,
17:15:24.56406785,-6.6667E-02, 1.4400E+00, 1.3333E-01,
17:15:24.56406790, 0.0000E+00, 1.4533E+00, 2.0000E-01,
17:15:24.56406795,-3.3333E-02, 1.4267E+00, 0.0000E+00,
17:15:24.56406800, 3.3333E-02, 1.4533E+00, 6.6667E-02,
17:15:24.56406805, 3.3333E-02, 1.4267E+00, 1.3333E-01,
17:15:24.56406810, 3.3333E-02, 1.4400E+00,-6.6667E-02,
17:15:24.56406815, 3.3333E-02, 1.4267E+00, 2.6667E-01,
17:15:24.56406820, 0.0000E+00, 1.4667E+00, 1.3333E-01,
17:15:24.56406825, 0.0000E+00, 1.4267E+00, 6.6667E-02,
17:15:24.56406830, 0.0000E+00, 1.4667E+00, 0.0000E+00,
17:15:24.56406835, 0.0000E+00, 1.4400E+00, 6.6667E-02,
17:15:24.56406840, 3.3333E-02, 1.4267E+00, 1.3333E-01,
17:15:24.56406845, 3.3333E-02, 1.4267E+00,-6.6667E-02,
17:15:24.56406850, 0.0000E+00, 1.4267E+00, 6.6667E-02,
17:15:24.56406855, 6.6667E-02, 1.4267E+00, 6.6667E-02,
17:15:24.56406860, 3.3333E-02, 1.4400E+00, 2.6667E-01,
17:15:24.56406865, 3.3333E-02, 1.4400E+00, 2.0000E-01,
17:15:24.56406870, 3.3333E-02, 1.4267E+00, 0.0000E+00,
17:15:24.56406875,-6.6667E-02, 1.4267E+00, 1.3333E-01,
17:15:24.56406880,-3.3333E-02, 1.4267E+00, 0.0000E+00,
17:15:24.56406885, 6.6667E-02, 1.4533E+00, 6.6667E-02,
17:15:24.56406890, 3.3333E-02, 1.4400E+00, 6.6667E-02,
17:15:24.56406895, 0.0000E+00, 1.4267E+00, 1.3333E-01,
17:15:24.56406900,-3.3333E-02, 1.4400E+00, 1.3333E-01,
17:15:24.56406905, 3.3333E-02, 1.4400E+00, 2.0000E-01,
17:15:24.56406910, 0.0000E+00, 1.4400E+00, 6.6667E-02,
17:15:24.56406915, 1.0000E-01, 1.4267E+00, 2.0000E-01,
17:15:24.56406920, 0.0000E+00, 1.4533E+00, 2.0000E-01,
17:15:24.56406925, 0.0000E+00, 1.4400E+00, 2.6667E-01,
17:15:24.56406930, 0.0000E+00, 1.4267E+00,-1.3333E-01,
17:15:24.56406935,-3.3333E-02, 1.4267E+00,-2.0000E-01,
17:15:24.56406940, 3.3333E-02, 1.4400E+00, 6.6667E-02,
17:15:24.56406945, 0.0000E+00, 1.4800E+00, 0.0000E+00,
17:15:24.56406950, 0.0000E+00, 1.4267E+00, 2.0000E-01,
17:15:24.56406955, 6.6667E-02, 1.4267E+00, 2.0000E-01,
17:15:24.56406960, 0.0000E+00, 1.4400E+00, 2.6667E-01,
17:15:24.56406965, 6.6667E-02, 1.4267E+00, 3.3333E-01,
17:15:24.56406970,-6.6667E-02, 1.4400E+00, 1.3333E-01,
17:15:24.56406975, 0.0000E+00, 1.4667E+00, 6.6667E-02,
17:15:24.56406980, 0.0000E+00, 1.4267E+00, 6.6667E-02,
17:15:24.56406985, 6.6667E-02, 1.4533E+00, 1.3333E-01,
17:15:24.56406990,-3.3333E-02, 1.4667E+00, 0.0000E+00,
17:15:24.56406995, 0.0000E+00, 1.4267E+00, 2.0000E-01,
17:15:24.56407000,-6.6667E-02, 1.4267E+00, 1.3333E-01,
17:15:24.56407005,-3.3333E-02, 1.4533E+00, 1.3333E-01,
17:15:24.56407010, 6.6667E-02, 1.4400E+00, 2.6667E-01,
17:15:24.56407015, 0.0000E+00, 1.4267E+00, 2.0000E-01,
17:15:24.56407020, 6.6667E-02, 1.4533E+00, 2.0000E-01,
17:15:24.56407025, 0.0000E+00, 1.4533E+00, 6.6667E-02,
17:15:24.56407030,-3.3333E-02, 1.4267E+00, 0.0000E+00,
17:15:24.56407035, 1.0000E-01, 1.4667E+00, 1.3333E-01,
17:15:24.56407040, 6.6667E-02, 1.4400E+00, 6.6667E-02,
17:15:24.56407045, 6.6667E-02, 1.4267E+00, 1.3333E-01,
17:15:24.56407050, 3.3333E-02, 1.4267E+00, 2.0000E-01,
17:15:24.56407055, 1.0000E-01, 1.4667E+00, 0.0000E+00,
17:15:24.56407060, 3.3333E-02, 1.4533E+00, 1.3333E-01,
17:15:24.56407065, 3.3333E-02, 1.4267E+00, 1.3333E-01,
17:15:24.56407070, 0.0000E+00, 1.4533E+00, 6.6667E-02,
17:15:24.56407075, 0.0000E+00, 1.4267E+00,-1.3333E-01,
17:15:24.56407080,-3.3333E-02, 1.4533E+00, 6.6667E-02,
17:15:24.56407085,-3.3333E-02, 1.4267E+00,-6.6667E-02,
17:15:24.56407090, 0.0000E+00, 1.4400E+00,-6.6667E-02,
17:15:24.56407095, 0.0000E+00, 1.4267E+00,-6.6667E-02,
17:15:24.56407100, 3.3333E-02, 1.4267E+00, 6.6667E-02,
17:15:24.56407105, 6.6667E-02, 1.4533E+00, 1.3333E-01,
17:15:24.56407110, 3.3333E-02, 1.4267E+00, 2.0000E-01,
17:15:24.56407115, 3.3333E-02, 1.4267E+00, 1.3333E-01,
17:15:24.56407120, 3.3333E-02, 1.4267E+00, 6.6667E-02,
17:15:24.56407125,-3.3333E-02, 1.4667E+00, 2.0000E-01,
17:15:24.56407130, 6.6667E-02, 1.4667E+00, 0.0000E+00,
17:15:24.56407135, 1.0000E-01, 1.4267E+00, 1.3333E-01,
17:15:24.56407140,-3.3333E-02, 1.4400E+00, 1.3333E-01,
17:15:24.56407145, 3.3333E-02, 1.4267E+00, 6.6667E-02,
17:15:24.56407150,-3.3333E-02, 1.4400E+00,-6.6667E-02,
17:15:24.56407155,-3.3333E-02, 1.4267E+00, 2.6667E-01,
17:15:24.56407160,-3.3333E-02, 1.4533E+00, 2.6667E-01,
17:15:24.56407165,-1.0000E-01, 1.4267E+00,-6.6667E-02,
17:15:24.56407170, 3.3333E-02, 1.4267E+00, 1.3333E-01,
17:15:24.56407175,-3.3333E-02, 1.4667E+00, 6.6667E-02,
17:15:24.56407180, 6.6667E-02, 1.4267E+00, 1.3333E-01,
17:15:24.56407185, 6.6667E-02, 1.4533E+00, 0.0000E+00,
17:15:24.56407190,-3.3333E-02, 1.4400E+00, 2.0000E-01,
17:15:24.56407195, 0.0000E+00, 1.4267E+00, 2.6667E-01,
17:15:24.56407200,-3.3333E-02, 1.4400E+00, 2.6667E-01,
17:15:24.56407205, 6.6667E-02, 1.4667E+00, 1.3333E-01,
17:15:24.56407210, 0.0000E+00, 1.4267E+00, 3.3333E-01,
17:15:24.56407215,-6.6667E-02, 1.4267E+00, 6.6667E-02,
17:15:24.56407220, 0.0000E+00, 1.4400E+00, 2.0000E-01,
17:15:24.56407225, 0.0000E+00, 1.4533E+00, 0.0000E+00,
17:15:24.56407230, 0.0000E+00, 1.4267E+00, 1.3333E-01,
17:15:24.56407235, 0.0000E+00, 1.4267E+00, 1.3333E-01,
17:15:24.56407240, 6.6667E-02, 1.4267E+00, 0.0000E+00,
17:15:24.56407245, 0.0000E+00, 1.4267E+00, 2.0000E-01,
17:15:24.56407250, 0.0000E+00, 1.4400E+00, 2.6667E-01,
17:15:24.56407255, 0.0000E+00, 1.4400E+00, 2.0000E-01,
17:15:24.56407260, 3.3333E-02, 1.4667E+00, 0.0000E+00,
17:15:24.56407265,-3.3333E-02, 1.4267E+00, 6.6667E-02,
17:15:24.56407270, 0.0000E+00, 1.4267E+00, 6.6667E-02,
17:15:24.56407275, 3.3333E-02, 1.4667E+00,-6.6667E-02,
17:15:24.56407280, 1.0000E-01, 1.4267E+00, 6.6667E-02,
17:15:24.56407285, 0.0000E+00, 1.4267E+00, 1.3333E-01,
17:15:24.56407290, 3.3333E-02, 1.4267E+00, 1.3333E-01,
17:15:24.56407295, 3.3333E-02, 1.4267E+00, 6.6667E-02,
17:15:24.56407300, 1.0000E-01, 1.4400E+00, 2.0000E-01,
17:15:24.56407305,-3.3333E-02, 1.4267E+00, 1.3333E-01,
17:15:24.56407310,-3.3333E-02, 1.4667E+00, 6.6667E-02,
17:15:24.56407315,-3.3333E-02, 1.4400E+00, 6.6667E-02,
17:15:24.56407320, 3.3333E-02, 1.4400E+00,-6.6667E-02,
17:15:24.56407325, 1.0000E-01, 1.4267E+00, 6.6667E-02,
17:15:24.56407330,-6.6667E-02, 1.4533E+00, 6.6667E-02,
17:15:24.56407335, 3.3333E-02, 1.4533E+00, 1.3333E-01,
17:15:24.56407340, 0.0000E+00, 1.4267E+00, 0.0000E+00,
17:15:24.56407345, 6.6667E-02, 1.4400E+00, 1.3333E-01,
17:15:24.56407350, 3.3333E-02, 1.4400E+00, 3.3333E-01,
17:15:24.56407355, 3.3333E-02, 1.4267E+00, 2.0000E-01,
17:15:24.56407360, 6.6667E-02, 1.4267E+00, 2.6667E-01,
17:15:24.56407365, 0.0000E+00, 1.4267E+00, 6.6667E-02,
17:15:24.56407370, 0.0000E+00, 1.4667E+00, 6.6667E-02,
17:15:24.56407375, 6.6667E-02, 1.4267E+00, 6.6667E-02,
17:15:24.56407380, 0.0000E+00, 1.4533E+00, 0.0000E+00,
17:15:24.56407385, 6.6667E-02, 1.4667E+00, 2.0000E-01,
17:15:24.56407390,-6.6667E-02, 1.4533E+00, 2.0000E-01,
17:15:24.56407395, 6.6667E-02, 1.4533E+00, 3.3333E-01,
17:15:24.56407400, 6.6667E-02, 1.4667E+00, 1.3333E-01,
17:15:24.56407405,-3.3333E-02, 1.4267E+00, 6.6667E-02,
17:15:24.56407410,-3.3333E-02, 1.4400E+00, 1.3333E-01,
17:15:24.56407415,-3.3333E-02, 1.4267E+00,-6.6667E-02,
17:15:24.56407420, 0.0000E+00, 1.4267E+00, 2.0000E-01,
17:15:24.56407425,-3.3333E-02, 1.4400E+00, 6.6667E-02,
17:15:24.56407430, 6.6667E-02, 1.4533E+00, 6.6667E-02,
17:15:24.56407435, 3.3333E-02, 1.4533E+00, 2.0000E-01,
17:15:24.56407440, 0.0000E+00, 1.4267E+00, 1.3333E-01,
17:15:24.56407445, 3.3333E-02, 1.4533E+00, 1.3333E-01,
17:15:24.56407450,-3.3333E-02, 1.4267E+00, 2.6667E-01,
17:15:24.56407455, 6.6667E-02, 1.4267E+00, 2.0000E-01,
17:15:24.56407460, 0.0000E+00, 1.4800E+00, 6.6667E-02,
17:15:24.56407465, 0.0000E+00, 1.4267E+00, 1.3333E-01,
17:15:24.56407470,-3.3333E-02, 1.4133E+00, 1.3333E-01,
17:15:24.56407475,-3.3333E-02, 1.4400E+00, 2.0000E-01,
17:15:24.56407480, 3.3333E-02, 1.4533E+00, 1.3333E-01,
17:15:24.56407485, 1.0000E-01, 1.4267E+00, 2.0000E-01,
17:15:24.56407490, 3.3333E-02, 1.4267E+00, 3.3333E-01,
17:15:24.56407495, 0.0000E+00, 1.4267E+00, 1.3333E-01,
17:15:24.56407500, 0.0000E+00, 1.4267E+00, 1.3333E-01,
17:15:24.56407505, 3.3333E-02, 1.4267E+00, 2.6667E-01,
17:15:24.56407510,-6.6667E-02, 1.4667E+00, 0.0000E+00,
17:15:24.56407515, 3.3333E-02, 1.4133E+00, 2.0000E-01,
17:15:24.56407520, 1.3333E-01, 1.4400E+00, 6.6667E-02,
17:15:24.56407525, 3.3333E-02, 1.4267E+00, 6.6667E-02,
17:15:24.56407530, 0.0000E+00, 1.4400E+00, 6.6667E-02,
17:15:24.56407535,-3.3333E-02, 1.4400E+00, 2.6667E-01,
17:15:24.56407540,-3.3333E-02, 1.4533E+00, 2.0000E-01,
17:15:24.56407545, 0.0000E+00, 1.4267E+00, 2.6667E-01,
17:15:24.56407550, 0.0000E+00, 1.4400E+00, 6.6667E-02,
17:15:24.56407555,-6.6667E-02, 1.4533E+00, 1.3333E-01,
17:15:24.56407560, 3.3333E-02, 1.4533E+00, 1.3333E-01,
17:15:24.56407565, 3.3333E-02, 1.4533E+00, 6.6667E-02,
17:15:24.56407570,-3.3333E-02, 1.4267E+00, 2.0000E-01,
17:15:24.56407575, 6.6667E-02, 1.4267E+00, 1.3333E-01,
17:15:24.56407580, 6.6667E-02, 1.4267E+00, 1.3333E-01,
17:15:24.56407585, 0.0000E+00, 1.4400E+00, 1.3333E-01,
17:15:24.56407590, 3.3333E-02, 1.4533E+00, 6.6667E-02,
17:15:24.56407595, 0.0000E+00, 1.4400E+00,-6.6667E-02,
17:15:24.56407600, 0.0000E+00, 1.4400E+00, 6.6667E-02,
17:15:24.56407605, 0.0000E+00, 1.4400E+00, 2.0000E-01,
17:15:24.56407610, 3.3333E-02, 1.4267E+00, 2.6667E-01,
17:15:24.56407615, 0.0000E+00, 1.4533E+00, 0.0000E+00,
17:15:24.56407620, 0.0000E+00, 1.4533E+00, 2.6667E-01,
17:15:24.56407625, 3.3333E-02, 1.4267E+00, 6.6667E-02,
17:15:24.56407630, 3.3333E-02, 1.4267E+00, 1.3333E-01,
17:15:24.56407635, 3.3333E-02, 1.4267E+00, 2.6667E-01,
17:15:24.56407640, 0.0000E+00, 1.4267E+00, 0.0000E+00,
17:15:24.56407645, 6.6667E-02, 1.4267E+00, 6.6667E-02,
17:15:24.56407650,-3.3333E-02, 1.4533E+00, 1.3333E-01,
17:15:24.56407655, 0.0000E+00, 1.4267E+00,-6.6667E-02,
17:15:24.56407660, 3.3333E-02, 1.4533E+00, 2.0000E-01,
17:15:24.56407665,-6.6667E-02, 1.4400E+00, 1.3333E-01,
17:15:24.56407670, 0.0000E+00, 1.4400E+00, 1.3333E-01,
17:15:24.56407675,-3.3333E-02, 1.4400E+00, 2.0000E-01,
17:15:24.56407680, 6.6667E-02, 1.4267E+00, 1.3333E-01,
17:15:24.56407685, 3.3333E-02, 1.4133E+00, 1.3333E-01,
17:15:24.56407690, 3.3333E-02, 1.4267E+00, 3.3333E-01,
17:15:24.56407695, 6.6667E-02, 1.4400E+00, 3.3333E-01,
17:15:24.56407700, 3.3333E-02, 1.4267E+00, 3.3333E-01,
17:15:24.56407705, 3.3333E-02, 1.4267E+00, 2.6667E-01,
17:15:24.56407710, 6.6667E-02, 1.4267E+00, 1.3333E-01,
17:15:24.56407715, 6.6667E-02, 1.4267E+00,-2.0000E-01,
17:15:24.56407720,-3.3333E-02, 1.4267E+00, 6.6667E-02,
17:15:24.56407725, 3.3333E-02, 1.4267E+00, 2.6667E-01,
17:15:24.56407730, 1.0000E-01, 1.4400E+00, 2.0000E-01,
17:15:24.56407735, 6.6667E-02, 1.4533E+00, 1.3333E-01,
17:15:24.56407740, 0.0000E+00, 1.4400E+00, 0.0000E+00,
17:15:24.56407745, 3.3333E-02, 1.4267E+00, 2.6667E-01,
17:15:24.56407750, 6.6667E-02, 1.4133E+00,-6.6667E-02,
17:15:24.56407755, 0.0000E+00, 1.4267E+00, 2.0000E-01,
17:15:24.56407760, 3.3333E-02, 1.4267E+00, 1.3333E-01,
17:15:24.56407765,-3.3333E-02, 1.4400E+00, 0.0000E+00,
17:15:24.56407770, 0.0000E+00, 1.4533E+00, 6.6667E-02,
17:15:24.56407775,-3.3333E-02, 1.4267E+00, 2.6667E-01,
17:15:24.56407780, 3.3333E-02, 1.4400E+00, 3.3333E-01,
17:15:24.56407785, 3.3333E-02, 1.4267E+00, 1.3333E-01,
17:15:24.56407790, 3.3333E-02, 1.4533E+00, 2.6667E-01,
17:15:24.56407795, 0.0000E+00, 1.4533E+00, 1.3333E-01,
17:15:24.56407800,-6.6667E-02, 1.4667E+00, 0.0000E+00,
17:15:24.56407805, 3.3333E-02, 1.4267E+00, 2.0000E-01,
17:15:24.56407810, 3.3333E-02, 1.4667E+00,-6.6667E-02,
17:15:24.56407815, 6.6667E-02, 1.4400E+00,-6.6667E-02,
17:15:24.56407820, 6.6667E-02, 1.4400E+00, 1.3333E-01,
17:15:24.56407825, 3.3333E-02, 1.4400E+00, 1.3333E-01,
17:15:24.56407830, 3.3333E-02, 1.4133E+00, 1.3333E-01,
17:15:24.56407835, 3.3333E-02, 1.4267E+00, 2.6667E-01,
17:15:24.56407840, 3.3333E-02, 1.4533E+00, 0.0000E+00,
17:15:24.56407845, 3.3333E-02, 1.4533E+00, 6.6667E-02,
17:15:24.56407850, 3.3333E-02, 1.4533E+00,-6.6667E-02,
17:15:24.56407855, 3.3333E-02, 1.4267E+00, 2.0000E-01,
17:15:24.56407860, 6.6667E-02, 1.4400E+00, 0.0000E+00,
17:15:24.56407865, 0.0000E+00, 1.4267E+00, 1.3333E-01,
17:15:24.56407870, 6.6667E-02, 1.4400E+00,-1.3333E-01,
17:15:24.56407875,-3.3333E-02, 1.4267E+00, 0.0000E+00,
17:15:24.56407880, 0.0000E+00, 1.4267E+00,-6.6667E-02,
17:15:24.56407885, 0.0000E+00, 1.4533E+00, 1.3333E-01,
17:15:24.56407890,-3.3333E-02, 1.4267E+00, 1.3333E-01,
17:15:24.56407895, 6.6667E-02, 1.4667E+00, 1.3333E-01,
17:15:24.56407900, 1.0000E-01, 1.4267E+00, 0.0000E+00,
17:15:24.56407905,-3.3333E-02, 1.4267E+00, 6.6667E-02,
17:15:24.56407910, 0.0000E+00, 1.4400E+00, 6.6667E-02,
17:15:24.56407915, 0.0000E+00, 1.4267E+00, 2.6667E-01,
17:15:24.56407920, 1.0000E-01, 1.4400E+00, 3.3333E-01,
17:15:24.56407925, 6.6667E-02, 1.4400E+00, 6.6667E-02,
17:15:24.56407930, 0.0000E+00, 1.4267E+00, 2.6667E-01,
17:15:24.56407935,-3.3333E-02, 1.4667E+00, 3.3333E-01,
17:15:24.56407940, 6.6667E-02, 1.4400E+00, 6.6667E-02,
17:15:24.56407945, 6.6667E-02, 1.4267E+00, 6.6667E-02,
17:15:24.56407950,-3.3333E-02, 1.4400E+00, 1.3333E-01,
17:15:24.56407955,-3.3333E-02, 1.4533E+00, 1.3333E-01,
17:15:24.56407960, 0.0000E+00, 1.4267E+00, 0.0000E+00,
17:15:24.56407965, 0.0000E+00, 1.4133E+00, 6.6667E-02,
17:15:24.56407970, 3.3333E-02, 1.4533E+00, 1.3333E-01,
17:15:24.56407975, 0.0000E+00, 1.4533E+00, 2.0000E-01,
17:15:24.56407980, 2.0000E-01, 1.4267E+00, 1.3333E-01,
17:15:24.56407985, 2.2333E+00, 1.4267E+00, 2.0000E-01,
17:15:24.56407990, 4.8667E+00, 1.4400E+00, 1.3333E-01,
17:15:24.56407995, 5.6000E+00, 1.4267E+00, 1.3333E-01,
17:15:24.56408000, 5.7000E+00, 1.4267E+00, 0.0000E+00,
17:15:24.56408005, 5.6667E+00, 1.4533E+00, 2.0000E-01,
17:15:24.56408010, 5.7000E+00, 1.4267E+00, 1.3333E-01,
17:15:24.56408015, 5.8333E+00, 1.4400E+00, 6.6667E-02,
17:15:24.56408020, 6.1000E+00, 1.4533E+00, 6.6667E-02,
17:15:24.56408025, 6.5000E+00, 1.4400E+00, 2.0000E-01,
17:15:24.56408030, 6.8333E+00, 1.4000E+00, 3.3333E-01,
17:15:24.56408035, 7.1000E+00, 1.3867E+00, 3.3333E-01,
17:15:24.56408040, 7.1667E+00, 1.3733E+00, 2.0000E-01,
17:15:24.56408045, 7.2333E+00, 1.3467E+00, 0.0000E+00,
17:15:24.56408050, 7.2667E+00, 1.3200E+00,-6.6667E-02,
17:15:24.56408055, 7.3333E+00, 1.2933E+00, 2.0000E-01,
17:15:24.56408060, 7.3333E+00, 1.3067E+00, 6.6667E-02,
17:15:24.56408065, 7.3667E+00, 1.2933E+00, 2.0000E-01,
17:15:24.56408070, 7.3333E+00, 1.3067E+00, 3.3333E-01,
17:15:24.56408075, 7.2667E+00, 1.3333E+00, 6.6667E-02,
17:15:24.56408080, 7.4333E+00, 1.2933E+00, 0.0000E+00,
17:15:24.56408085, 7.3667E+00, 1.3200E+00, 3.3333E-01,
17:15:24.56408090, 7.4000E+00, 1.3467E+00, 3.3333E-01,
17:15:24.56408095, 7.3667E+00, 1.3067E+00, 2.0000E-01,
17:15:24.56408100, 7.3333E+00, 1.3067E+00, 3.3333E-01,
17:15:24.56408105, 7.3000E+00, 1.3067E+00, 2.0000E-01,
17:15:24.56408110, 7.3000E+00, 1.3067E+00, 1.3333E-01,
17:15:24.56408115, 7.3667E+00, 1.3467E+00, 2.6667E-01,
17:15:24.56408120, 7.4667E+00, 1.3200E+00, 2.6667E-01,
17:15:24.56408125, 7.4000E+00, 1.3333E+00, 3.3333E-01,
17:15:24.56408130, 7.3333E+00, 1.3200E+00, 3.3333E-01,
17:15:24.56408135, 7.3667E+00, 1.3333E+00, 4.6667E-01,
17:15:24.56408140, 7.3667E+00, 1.3333E+00, 2.6667E-01,
17:15:24.56408145, 7.3000E+00, 1.3067E+00, 3.3333E-01,
17:15:24.56408150, 7.3667E+00, 1.3067E+00, 4.0000E-01,
17:15:24.56408155, 7.3333E+00, 1.3200E+00, 4.6667E-01,
17:15:24.56408160, 7.3333E+00, 1.3333E+00, 5.3333E-01,
17:15:24.56408165, 7.4000E+00, 1.3200E+00, 5.3333E-01,
17:15:24.56408170, 7.3000E+00, 1.3067E+00, 6.0000E-01,
17:15:24.56408175, 7.3667E+00, 1.3067E+00, 5.3333E-01,
17:15:24.56408180, 7.2667E+00, 1.2933E+00, 6.6667E-01,
17:15:24.56408185, 7.2333E+00, 1.3200E+00, 6.0000E-01,
17:15:24.56408190, 7.3000E+00, 1.3200E+00, 4.6667E-01,
17:15:24.56408195, 7.2667E+00, 1.3200E+00, 3.3333E-01,
17:15:24.56408200, 7.3333E+00, 1.3067E+00, 8.0000E-01,
17:15:24.56408205, 7.3000E+00, 1.2933E+00, 4.6667E-01,
17:15:24.56408210, 7.3000E+00, 1.3200E+00, 6.0000E-01,
17:15:24.56408215, 7.3333E+00, 1.3333E+00, 6.6667E-01,
17:15:24.56408220, 7.2667E+00, 1.3067E+00, 6.6667E-01,
17:15:24.56408225, 7.3333E+00, 1.2800E+00, 6.6667E-01,
17:15:24.56408230, 7.2667E+00, 1.2933E+00, 8.6667E-01,
17:15:24.56408235, 7.2333E+00, 1.3067E+00, 9.3333E-01,
17:15:24.56408240, 7.1333E+00, 1.2933E+00, 8.6667E-01,
17:15:24.56408245, 7.3000E+00, 1.2933E+00, 5.3333E-01,
17:15:24.56408250, 7.2333E+00, 1.2933E+00, 7.3333E-01,
17:15:24.56408255, 7.2000E+00, 1.3067E+00, 1.0000E+00,
17:15:24.56408260, 7.2333E+00, 1.2933E+00, 1.0000E+00,
17:15:24.56408265, 7.2333E+00, 1.2800E+00, 1.0667E+00,
17:15:24.56408270, 7.2667E+00, 1.3067E+00, 1.0000E+00,
17:15:24.56408275, 7.2000E+00, 1.2800E+00, 1.0000E+00,
17:15:24.56408280, 7.2000E+00, 1.2800E+00, 1.0000E+00,
17:15:24.56408285, 7.1333E+00, 1.2933E+00, 9.3333E-01,
17:15:24.56408290, 7.1667E+00, 1.3067E+00, 1.1333E+00,
17:15:24.56408295, 7.2000E+00, 1.2667E+00, 1.0000E+00,
17:15:24.56408300, 7.2333E+00, 1.2800E+00, 1.0000E+00,
17:15:24.56408305, 7.2000E+00, 1.2533E+00, 1.0667E+00,
17:15:24.56408310, 7.2000E+00, 1.2933E+00, 1.1333E+00,
17:15:24.56408315, 7.1333E+00, 1.2667E+00, 1.4000E+00,
17:15:24.56408320, 7.1333E+00, 1.2667E+00, 1.2667E+00,
17:15:24.56408325, 7.1000E+00, 1.2667E+00, 1.2000E+00,
17:15:24.56408330, 7.1333E+00, 1.2667E+00, 1.3333E+00,
17:15:24.56408335, 7.1667E+00, 1.2667E+00, 1.4000E+00,
17:15:24.56408340, 7.1667E+00, 1.2533E+00, 1.2667E+00,
17:15:24.56408345, 7.1000E+00, 1.2667E+00, 1.2000E+00,
17:15:24.56408350, 7.1333E+00, 1.2400E+00, 1.3333E+00,
17:15:24.56408355, 7.1667E+00, 1.2533E+00, 1.5333E+00,
17:15:24.56408360, 7.1333E+00, 1.2000E+00, 1.4667E+00,
17:15:24.56408365, 7.1000E+00, 1.2667E+00, 1.6000E+00,
17:15:24.56408370, 7.1000E+00, 1.2667E+00, 1.4000E+00,
17:15:24.56408375, 7.1000E+00, 1.2133E+00, 1.5333E+00,
17:15:24.56408380, 7.1667E+00, 1.2400E+00, 1.6000E+00,
17:15:24.56408385, 7.1000E+00, 1.2533E+00, 1.6667E+00,
17:15:24.56408390, 7.1000E+00, 1.2667E+00, 1.6000E+00,
17:15:24.56408395, 7.0333E+00, 1.2133E+00, 1.6667E+00,
17:15:24.56408400, 7.0333E+00, 1.2533E+00, 1.7333E+00,
17:15:24.56408405, 7.0000E+00, 1.2400E+00, 1.8000E+00,
17:15:24.56408410, 7.0667E+00, 1.2267E+00, 1.8667E+00,
17:15:24.56408415, 7.0333E+00, 1.2400E+00, 1.9333E+00,
17:15:24.56408420, 7.0333E+00, 1.2400E+00, 1.8000E+00,
17:15:24.56408425, 7.0667E+00, 1.2133E+00, 1.8000E+00,
17:15:24.56408430, 7.0333E+00, 1.2667E+00, 1.9333E+00,
17:15:24.56408435, 7.0667E+00, 1.2400E+00, 2.0000E+00,
17:15:24.56408440, 7.0000E+00, 1.2267E+00, 2.0667E+00,
17:15:24.56408445, 7.0000E+00, 1.2533E+00, 2.1333E+00,
17:15:24.56408450, 7.1000E+00, 1.2533E+00, 1.9333E+00,
17:15:24.56408455, 7.0000E+00, 1.2267E+00, 2.2667E+00,
17:15:24.56408460, 6.9667E+00, 1.2533E+00, 2.1333E+00,
17:15:24.56408465, 7.0000E+00, 1.2267E+00, 2.3333E+00,
17:15:24.56408470, 7.0000E+00, 1.2533E+00, 2.4000E+00,
17:15:24.56408475, 6.9667E+00, 1.2133E+00, 2.2000E+00,
17:15:24.56408480, 7.0000E+00, 1.2133E+00, 2.4000E+00,
17:15:24.56408485, 7.0667E+00, 1.2267E+00, 2.3333E+00,
17:15:24.56408490, 7.0333E+00, 1.2400E+00, 2.2000E+00,
17:15:24.56408495, 7.0000E+00, 1.2267E+00, 2.1333E+00,
17:15:24.56408500, 7.0000E+00, 1.2267E+00, 2.5333E+00,
17:15:24.56408505, 7.0000E+00, 1.2267E+00, 2.6667E+00,
17:15:24.56408510, 7.0667E+00, 1.2267E+00, 2.6000E+00,
17:15:24.56408515, 7.0333E+00, 1.2133E+00, 2.6667E+00,
17:15:24.56408520, 7.0667E+00, 1.2133E+00, 2.4667E+00,
17:15:24.56408525, 6.9333E+00, 1.2133E+00, 2.7333E+00,
17:15:24.56408530, 7.1000E+00, 1.2267E+00, 2.8000E+00,
17:15:24.56408535, 7.0333E+00, 1.2533E+00, 2.7333E+00,
17:15:24.56408540, 6.9667E+00, 1.2267E+00, 2.8000E+00,
17:15:24.56408545, 7.0000E+00, 1.2133E+00, 2.9333E+00,
17:15:24.56408550, 7.0000E+00, 1.2400E+00, 2.6667E+00,
17:15:24.56408555, 7.0000E+00, 1.2267E+00, 2.9333E+00,
17:15:24.56408560, 7.0000E+00, 1.2400E+00, 3.0667E+00,
17:15:24.56408565, 6.9667E+00, 1.2267E+00, 3.0000E+00,
17:15:24.56408570, 7.1000E+00, 1.2133E+00, 3.0667E+00,
17:15:24.56408575, 7.0333E+00, 1.2400E+00, 3.0000E+00,
17:15:24.56408580, 7.0333E+00, 1.2267E+00, 3.1333E+00,
17:15:24.56408585, 7.0333E+00, 1.2267E+00, 3.3333E+00,
17:15:24.56408590, 7.0333E+00, 1.2000E+00, 3.1333E+00,
17:15:24.56408595, 7.0333E+00, 1.2133E+00, 3.2667E+00,
17:15:24.56408600, 7.0000E+00, 1.2400E+00, 3.2667E+00,
17:15:24.56408605, 7.0000E+00, 1.2000E+00, 3.3333E+00,
17:15:24.56408610, 7.0333E+00, 1.2133E+00, 3.2667E+00,
17:15:24.56408615, 7.0667E+00, 1.2133E+00, 3.4667E+00,
17:15:24.56408620, 7.1000E+00, 1.2267E+00, 3.5333E+00,
17:15:24.56408625, 6.9667E+00, 1.2133E+00, 3.6000E+00,
17:15:24.56408630, 7.0667E+00, 1.2267E+00, 3.3333E+00,
17:15:24.56408635, 7.1000E+00, 1.2267E+00, 3.4000E+00,
17:15:24.56408640, 7.0667E+00, 1.2533E+00, 3.6000E+00,
17:15:24.56408645, 7.0667E+00, 1.2400E+00, 3.4667E+00,
17:15:24.56408650, 7.0667E+00, 1.2000E+00, 3.6667E+00,
17:15:24.56408655, 7.0667E+00, 1.2533E+00, 3.7333E+00,
17:15:24.56408660, 7.1000E+00, 1.2000E+00, 3.8667E+00,
17:15:24.56408665, 7.0667E+00, 1.2267E+00, 3.8667E+00,
17:15:24.56408670, 7.0667E+00, 1.2267E+00, 3.8000E+00,
17:15:24.56408675, 7.0667E+00, 1.2267E+00, 3.8667E+00,
17:15:24.56408680, 7.0333E+00, 1.2133E+00, 3.8667E+00,
17:15:24.56408685, 7.0000E+00, 1.2000E+00, 3.9333E+00,
17:15:24.56408690, 7.1000E+00, 1.2400E+00, 4.0000E+00,
17:15:24.56408695, 7.0333E+00, 1.2267E+00, 4.0667E+00,
17:15:24.56408700, 7.0333E+00, 1.2267E+00, 3.8667E+00,
17:15:24.56408705, 7.0333E+00, 1.2400E+00, 4.0667E+00,
17:15:24.56408710, 7.0333E+00, 1.2267E+00, 4.2000E+00,
17:15:24.56408715, 7.0000E+00, 1.2400E+00, 4.0000E+00,
17:15:24.56408720, 7.0333E+00, 1.2000E+00, 4.2000E+00,
17:15:24.56408725, 7.0333E+00, 1.2133E+00, 4.2000E+00,
17:15:24.56408730, 7.0000E+00, 1.2133E+00, 4.1333E+00,
17:15:24.56408735, 7.1333E+00, 1.2667E+00, 4.1333E+00,
17:15:24.56408740, 7.0667E+00, 1.2267E+00, 4.1333E+00,
17:15:24.56408745, 7.0000E+00, 1.2133E+00, 4.3333E+00,
17:15:24.56408750, 7.1000E+00, 1.2267E+00, 4.3333E+00,
17:15:24.56408755, 7.0667E+00, 1.2133E+00, 4.4667E+00,
17:15:24.56408760, 7.0667E+00, 1.2667E+00, 4.4000E+00,
17:15:24.56408765, 7.0667E+00, 1.2133E+00, 4.4667E+00,
17:15:24.56408770, 7.1000E+00, 1.2400E+00, 4.4667E+00,
17:15:24.56408775, 7.0667E+00, 1.2400E+00, 4.4667E+00,
17:15:24.56408780, 7.0333E+00, 1.2267E+00, 4.5333E+00,
17:15:24.56408785, 7.0667E+00, 1.2267E+00, 4.5333E+00,
17:15:24.56408790, 7.0667E+00, 1.2000E+00, 4.5333E+00,
17:15:24.56408795, 7.0000E+00, 1.2267E+00, 4.6000E+00,
17:15:24.56408800, 7.0667E+00, 1.2000E+00, 4.6000E+00,
17:15:24.56408805, 7.0333E+00, 1.2400E+00, 4.8667E+00,
17:15:24.56408810, 7.0333E+00, 1.2133E+00, 4.8000E+00,
17:15:24.56408815, 7.0667E+00, 1.2533E+00, 4.8667E+00,
17:15:24.56408820, 7.1333E+00, 1.2533E+00, 5.0000E+00,
17:15:24.56408825, 7.0667E+00, 1.2267E+00, 4.7333E+00,
17:15:24.56408830, 7.0667E+00, 1.2533E+00, 4.8667E+00,
17:15:24.56408835, 7.0000E+00, 1.2400E+00, 4.8667E+00,
17:15:24.56408840, 7.1000E+00, 1.2400E+00, 4.8000E+00,
17:15:24.56408845, 7.0000E+00, 1.2533E+00, 4.8000E+00,
17:15:24.56408850, 7.0667E+00, 1.2133E+00, 5.0667E+00,
17:15:24.56408855, 7.0667E+00, 1.2267E+00, 5.0000E+00,
17:15:24.56408860, 7.1000E+00, 1.2533E+00, 5.1333E+00,
17:15:24.56408865, 7.0667E+00, 1.2533E+00, 5.2000E+00,
17:15:24.56408870, 7.1000E+00, 1.2533E+00, 5.1333E+00,
17:15:24.56408875, 7.0333E+00, 1.2533E+00, 5.2000E+00,
17:15:24.56408880, 7.0000E+00, 1.2400E+00, 5.2000E+00,
17:15:24.56408885, 7.0333E+00, 1.2400E+00, 5.0667E+00,
17:15:24.56408890, 7.0000E+00, 1.2533E+00, 5.3333E+00,
17:15:24.56408895, 7.0000E+00, 1.2400E+00, 5.2667E+00,
17:15:24.56408900, 7.0333E+00, 1.2267E+00, 5.3333E+00,
17:15:24.56408905, 7.1333E+00, 1.2267E+00, 5.3333E+00,
17:15:24.56408910, 7.0333E+00, 1.2400E+00, 5.6000E+00,
17:15:24.56408915, 6.9667E+00, 1.2533E+00, 5.6000E+00,
17:15:24.56408920, 7.0667E+00, 1.2667E+00, 5.4667E+00,
17:15:24.56408925, 7.0667E+00, 1.2667E+00, 5.4667E+00,
17:15:24.56408930, 7.0667E+00, 1.2800E+00, 5.6667E+00,
17:15:24.56408935, 7.0667E+00, 1.2667E+00, 5.4667E+00,
17:15:24.56408940, 7.0667E+00, 1.2667E+00, 5.5333E+00,
17:15:24.56408945, 7.0000E+00, 1.2533E+00, 5.8667E+00,
17:15:24.56408950, 7.1000E+00, 1.2533E+00, 5.6667E+00,
17:15:24.56408955, 7.0667E+00, 1.2533E+00, 5.6667E+00,
17:15:24.56408960, 7.0667E+00, 1.2800E+00, 5.8000E+00,
17:15:24.56408965, 7.0667E+00, 1.2667E+00, 5.7333E+00,
17:15:24.56408970, 7.0333E+00, 1.2533E+00, 5.8000E+00,
17:15:24.56408975, 7.1000E+00, 1.2800E+00, 5.8667E+00,
17:15:24.56408980, 7.0333E+00, 1.2533E+00, 5.7333E+00,
17:15:24.56408985, 7.0000E+00, 1.2667E+00, 5.7333E+00,
17:15:24.56408990, 7.0333E+00, 1.2800E+00, 5.8667E+00,
17:15:24.56408995, 7.0333E+00, 1.2933E+00, 5.8667E+00,
17:15:24.56409000, 7.0667E+00, 1.2933E+00, 5.9333E+00,
17:15:24.56409005, 7.0333E+00, 1.2667E+00, 5.9333E+00,
17:15:24.56409010, 7.0667E+00, 1.2933E+00, 5.8667E+00,
17:15:24.56409015, 7.0000E+00, 1.2933E+00, 6.0000E+00,
17:15:24.56409020, 7.0667E+00, 1.2667E+00, 5.9333E+00,
17:15:24.56409025, 7.1000E+00, 1.2933E+00, 6.0000E+00,
17:15:24.56409030, 7.1000E+00, 1.2933E+00, 6.0000E+00,
17:15:24.56409035, 6.9333E+00, 1.2933E+00, 6.1333E+00,
17:15:24.56409040, 7.0333E+00, 1.3067E+00, 6.2000E+00,
17:15:24.56409045, 7.0333E+00, 1.2533E+00, 5.9333E+00,
17:15:24.56409050, 6.9333E+00, 1.2667E+00, 6.2667E+00,
17:15:24.56409055, 7.0667E+00, 1.2800E+00, 6.2667E+00,
17:15:24.56409060, 7.0667E+00, 1.3067E+00, 6.1333E+00,
17:15:24.56409065, 7.1333E+00, 1.3200E+00, 6.2667E+00,
17:15:24.56409070, 7.0667E+00, 1.3067E+00, 6.3333E+00,
17:15:24.56409075, 7.1000E+00, 1.2933E+00, 6.2000E+00,
17:15:24.56409080, 7.1000E+00, 1.3067E+00, 6.2667E+00,
17:15:24.56409085, 7.1000E+00, 1.3067E+00, 6.2000E+00,
17:15:24.56409090, 7.0667E+00, 1.2933E+00, 6.4667E+00,
17:15:24.56409095, 7.0667E+00, 1.2800E+00, 6.5333E+00,
17:15:24.56409100, 7.0333E+00, 1.2667E+00, 6.4000E+00,
17:15:24.56409105, 7.1667E+00, 1.3067E+00, 6.4667E+00,
17:15:24.56409110, 7.0667E+00, 1.2933E+00, 6.5333E+00,
17:15:24.56409115, 7.1000E+00, 1.2933E+00, 6.4000E+00,
17:15:24.56409120, 7.0000E+00, 1.2933E+00, 6.4667E+00,
17:15:24.56409125, 7.0333E+00, 1.2933E+00, 6.6000E+00,
17:15:24.56409130, 7.0667E+00, 1.3200E+00, 6.5333E+00,
17:15:24.56409135, 7.0667E+00, 1.2933E+00, 6.4667E+00,
17:15:24.56409140, 7.0333E+00, 1.3333E+00, 6.4667E+00,
17:15:24.56409145, 7.0667E+00, 1.3333E+00, 6.6667E+00,
17:15:24.56409150, 7.0333E+00, 1.3200E+00, 6.5333E+00,
17:15:24.56409155, 7.1000E+00, 1.2933E+00, 6.6667E+00,
17:15:24.56409160, 7.0333E+00, 1.3467E+00, 6.6000E+00,
17:15:24.56409165, 7.0000E+00, 1.3200E+00, 6.8667E+00,
17:15:24.56409170, 7.1333E+00, 1.2933E+00, 6.6667E+00,
17:15:24.56409175, 7.0333E+00, 1.3067E+00, 6.8000E+00,
17:15:24.56409180, 7.0333E+00, 1.3200E+00, 6.5333E+00,
17:15:24.56409185, 7.0667E+00, 1.3333E+00, 6.8000E+00,
17:15:24.56409190, 7.0333E+00, 1.3200E+00, 6.6000E+00,
17:15:24.56409195, 7.0667E+00, 1.3333E+00, 7.0000E+00,
17:15:24.56409200, 7.1000E+00, 1.3467E+00, 6.8000E+00,
17:15:24.56409205, 7.0333E+00, 1.2933E+00, 6.6000E+00,
17:15:24.56409210, 7.0333E+00, 1.3467E+00, 7.0000E+00,
17:15:24.56409215, 7.1000E+00, 1.3200E+00, 6.9333E+00,
17:15:24.56409220, 6.9667E+00, 1.3067E+00, 6.8667E+00,
17:15:24.56409225, 6.9667E+00, 1.3333E+00, 6.8667E+00,
17:15:24.56409230, 7.1000E+00, 1.3467E+00, 6.6667E+00,
17:15:24.56409235, 7.0000E+00, 1.3200E+00, 6.8000E+00,
17:15:24.56409240, 7.0333E+00, 1.3067E+00, 6.6667E+00,
17:15:24.56409245, 7.0000E+00, 1.3600E+00, 6.8000E+00,
17:15:24.56409250, 7.1333E+00, 1.3200E+00, 6.8000E+00,
17:15:24.56409255, 7.0667E+00, 1.3467E+00, 7.1333E+00,
17:15:24.56409260, 7.1000E+00, 1.3333E+00, 7.0000E+00,
17:15:24.56409265, 7.1333E+00, 1.3467E+00, 6.8667E+00,
17:15:24.56409270, 7.0333E+00, 1.3333E+00, 6.9333E+00,
17:15:24.56409275, 7.0333E+00, 1.3733E+00, 7.0667E+00,
17:15:24.56409280, 7.0667E+00, 1.3333E+00, 7.0667E+00,
17:15:24.56409285, 7.0667E+00, 1.3733E+00, 6.8667E+00,
17:15:24.56409290, 7.0333E+00, 1.3333E+00, 7.1333E+00,
17:15:24.56409295, 7.0667E+00, 1.3867E+00, 6.8667E+00,
17:15:24.56409300, 7.0333E+00, 1.3467E+00, 7.2667E+00,
17:15:24.56409305, 7.0667E+00, 1.3467E+00, 7.0667E+00,
17:15:24.56409310, 7.0000E+00, 1.3600E+00, 7.0000E+00,
17:15:24.56409315, 7.1333E+00, 1.3467E+00, 7.0000E+00,
17:15:24.56409320, 6.9667E+00, 1.3600E+00, 7.0667E+00,
17:15:24.56409325, 7.0333E+00, 1.3733E+00, 7.0667E+00,
17:15:24.56409330, 7.0667E+00, 1.3733E+00, 7.1333E+00,
17:15:24.56409335, 7.0333E+00, 1.3733E+00, 7.1333E+00,
17:15:24.56409340, 7.1000E+00, 1.3733E+00, 7.2000E+00,
17:15:24.56409345, 7.1667E+00, 1.3867E+00, 7.1333E+00,
17:15:24.56409350, 7.0667E+00, 1.3733E+00, 7.2000E+00,
17:15:24.56409355, 7.0000E+00, 1.3467E+00, 7.0667E+00,
17:15:24.56409360, 7.1000E+00, 1.3467E+00, 7.2000E+00,
17:15:24.56409365, 7.0333E+00, 1.3867E+00, 7.2000E+00,
17:15:24.56409370, 7.0333E+00, 1.4000E+00, 7.2667E+00,
17:15:24.56409375, 7.0333E+00, 1.3733E+00, 7.3333E+00,
17:15:24.56409380, 7.0333E+00, 1.3733E+00, 7.2000E+00,
17:15:24.56409385, 7.0333E+00, 1.3867E+00, 7.2000E+00,
17:15:24.56409390, 7.0333E+00, 1.4000E+00, 7.2000E+00,
17:15:24.56409395, 7.0333E+00, 1.4000E+00, 7.3333E+00,
17:15:24.56409400, 7.1000E+00, 1.4000E+00, 7.3333E+00,
17:15:24.56409405, 7.0667E+00, 1.3867E+00, 7.1333E+00,
17:15:24.56409410, 7.0667E+00, 1.4000E+00, 7.1333E+00,
17:15:24.56409415, 7.1000E+00, 1.3867E+00, 7.1333E+00,
17:15:24.56409420, 7.0333E+00, 1.3733E+00, 7.2000E+00,
17:15:24.56409425, 7.0667E+00, 1.4133E+00, 7.0667E+00,
17:15:24.56409430, 6.9667E+00, 1.4000E+00, 7.3333E+00,
17:15:24.56409435, 7.0333E+00, 1.4133E+00, 7.2000E+00,
17:15:24.56409440, 7.0000E+00, 1.4267E+00, 7.2000E+00,
17:15:24.56409445, 7.0333E+00, 1.4133E+00, 7.2000E+00,
17:15:24.56409450, 7.1000E+00, 1.4000E+00, 7.2667E+00,
17:15:24.56409455, 7.0667E+00, 1.4133E+00, 7.0667E+00,
17:15:24.56409460, 7.1000E+00, 1.4133E+00, 7.2667E+00,
17:15:24.56409465, 7.0667E+00, 1.4267E+00, 7.2000E+00,
17:15:24.56409470, 7.0667E+00, 1.4000E+00, 7.3333E+00,
17:15:24.56409475, 7.0000E+00, 1.3867E+00, 7.2667E+00,
17:15:24.56409480, 7.0667E+00, 1.4267E+00, 7.2000E+00,
17:15:24.56409485, 7.0333E+00, 1.4133E+00, 7.2667E+00,
17:15:24.56409490, 7.1000E+00, 1.4267E+00, 7.4000E+00,
17:15:24.56409495, 7.1000E+00, 1.4133E+00, 7.2000E+00,
17:15:24.56409500, 7.0667E+00, 1.4533E+00, 7.1333E+00,
17:15:24.56409505, 7.0333E+00, 1.4000E+00, 7.2000E+00,
17:15:24.56409510, 7.0667E+00, 1.4267E+00, 7.2000E+00,
17:15:24.56409515, 7.0333E+00, 1.4267E+00, 7.3333E+00,
17:15:24.56409520, 7.1000E+00, 1.4400E+00, 7.2667E+00,
17:15:24.56409525, 7.0333E+00, 1.4000E+00, 7.0000E+00,
17:15:24.56409530, 7.1333E+00, 1.4267E+00, 7.3333E+00,
17:15:24.56409535, 7.0667E+00, 1.4133E+00, 7.3333E+00,
17:15:24.56409540, 7.1000E+00, 1.4267E+00, 7.2667E+00,
17:15:24.56409545, 7.1000E+00, 1.4267E+00, 7.2000E+00,
17:15:24.56409550, 7.1000E+00, 1.4267E+00, 7.2667E+00,
17:15:24.56409555, 7.0667E+00, 1.4267E+00, 7.1333E+00,
17:15:24.56409560, 7.1000E+00, 1.4000E+00, 7.2667E+00,
17:15:24.56409565, 7.0333E+00, 1.4400E+00, 7.2667E+00,
17:15:24.56409570, 7.0000E+00, 1.4000E+00, 7.2000E+00,
17:15:24.56409575, 7.0333E+00, 1.4267E+00, 7.4000E+00,
17:15:24.56409580, 7.0000E+00, 1.4133E+00, 7.2000E+00,
17:15:24.56409585, 7.0333E+00, 1.4267E+00, 7.2000E+00,
17:15:24.56409590, 7.1000E+00, 1.4267E+00, 7.3333E+00,
17:15:24.56409595, 7.0667E+00, 1.4133E+00, 7.2667E+00,
17:15:24.56409600, 7.0333E+00, 1.4400E+00, 7.4667E+00,
17:15:24.56409605, 7.0000E+00, 1.4267E+00, 7.3333E+00,
17:15:24.56409610, 7.1000E+00, 1.4533E+00, 7.2000E+00,
17:15:24.56409615, 7.0667E+00, 1.4267E+00, 7.2667E+00,
17:15:24.56409620, 7.0333E+00, 1.4533E+00, 7.2000E+00,
17:15:24.56409625, 7.0667E+00, 1.4400E+00, 7.1333E+00,
17:15:24.56409630, 7.1000E+00, 1.4800E+00, 7.2000E+00,
17:15:24.56409635, 7.0667E+00, 1.4800E+00, 7.2667E+00,
17:15:24.56409640, 7.0667E+00, 1.4533E+00, 7.1333E+00,
17:15:24.56409645, 7.1000E+00, 1.4400E+00, 7.2667E+00,
17:15:24.56409650, 7.1000E+00, 1.4400E+00, 7.0667E+00,
17:15:24.56409655, 6.9000E+00, 1.4533E+00, 7.1333E+00,
17:15:24.56409660, 7.0333E+00, 1.4533E+00, 7.1333E+00,
17:15:24.56409665, 7.0000E+00, 1.4533E+00, 7.1333E+00,
17:15:24.56409670, 7.0000E+00, 1.4800E+00, 7.0667E+00,
17:15:24.56409675, 7.0667E+00, 1.4800E+00, 7.0667E+00,
17:15:24.56409680, 7.0667E+00, 1.4933E+00, 7.2000E+00,
17:15:24.56409685, 7.1000E+00, 1.4400E+00, 7.2000E+00,
17:15:24.56409690, 7.0667E+00, 1.4267E+00, 7.2000E+00,
17:15:24.56409695, 7.0667E+00, 1.4933E+00, 7.1333E+00,
17:15:24.56409700, 7.0667E+00, 1.4667E+00, 7.0667E+00,
17:15:24.56409705, 7.0333E+00, 1.4667E+00, 7.0667E+00,
17:15:24.56409710, 7.1000E+00, 1.4667E+00, 7.1333E+00,
17:15:24.56409715, 6.9667E+00, 1.4667E+00, 7.0000E+00,
17:15:24.56409720, 7.1000E+00, 1.4533E+00, 6.9333E+00,
17:15:24.56409725, 7.0667E+00, 1.4933E+00, 7.0000E+00,
17:15:24.56409730, 7.0333E+00, 1.4667E+00, 7.0000E+00,
17:15:24.56409735, 7.0667E+00, 1.4667E+00, 6.9333E+00,
17:15:24.56409740, 7.0667E+00, 1.4533E+00, 7.0000E+00,
17:15:24.56409745, 7.1000E+00, 1.4667E+00, 7.0000E+00,
17:15:24.56409750, 7.1333E+00, 1.4533E+00, 7.0000E+00,
17:15:24.56409755, 7.0000E+00, 1.4533E+00, 6.9333E+00,
17:15:24.56409760, 7.0333E+00, 1.4933E+00, 7.0667E+00,
17:15:24.56409765, 7.0667E+00, 1.4533E+00, 7.0667E+00,
17:15:24.56409770, 7.0667E+00, 1.4667E+00, 7.0667E+00,
17:15:24.56409775, 7.0667E+00, 1.4800E+00, 7.0667E+00,
17:15:24.56409780, 7.0667E+00, 1.4533E+00, 7.0000E+00,
17:15:24.56409785, 7.0000E+00, 1.4933E+00, 7.0000E+00,
17:15:24.56409790, 7.0333E+00, 1.4933E+00, 7.0000E+00,
17:15:24.56409795, 7.0000E+00, 1.4667E+00, 7.0000E+00,
17:15:24.56409800, 7.0667E+00, 1.5067E+00, 6.8000E+00,
17:15:24.56409805, 7.0667E+00, 1.4667E+00, 7.0000E+00,
17:15:24.56409810, 7.1000E+00, 1.5200E+00, 6.7333E+00,
17:15:24.56409815, 7.0667E+00, 1.5067E+00, 6.8667E+00,
17:15:24.56409820, 7.1000E+00, 1.5200E+00, 6.8667E+00,
17:15:24.56409825, 7.0667E+00, 1.4800E+00, 7.0000E+00,
17:15:24.56409830, 7.0333E+00, 1.4933E+00, 6.8667E+00,
17:15:24.56409835, 7.0667E+00, 1.4933E+00, 6.8000E+00,
17:15:24.56409840, 7.0667E+00, 1.4800E+00, 6.9333E+00,
17:15:24.56409845, 7.0667E+00, 1.4533E+00, 6.8000E+00,
17:15:24.56409850, 7.1333E+00, 1.4933E+00, 6.8000E+00,
17:15:24.56409855, 6.9667E+00, 1.5333E+00, 6.7333E+00,
17:15:24.56409860, 7.1667E+00, 1.4933E+00, 6.6000E+00,
17:15:24.56409865, 7.0000E+00, 1.4800E+00, 6.5333E+00,
17:15:24.56409870, 7.0667E+00, 1.4800E+00, 6.5333E+00,
17:15:24.56409875, 7.1000E+00, 1.4800E+00, 6.7333E+00,
17:15:24.56409880, 7.0333E+00, 1.5200E+00, 6.9333E+00,
17:15:24.56409885, 7.1667E+00, 1.5200E+00, 6.8667E+00,
17:15:24.56409890, 7.1667E+00, 1.5467E+00, 6.6667E+00,
17:15:24.56409895, 7.0333E+00, 1.4933E+00, 6.5333E+00,
17:15:24.56409900, 7.0667E+00, 1.4800E+00, 6.4000E+00,
17:15:24.56409905, 7.0333E+00, 1.4933E+00, 6.6000E+00,
17:15:24.56409910, 7.1333E+00, 1.5067E+00, 6.5333E+00,
17:15:24.56409915, 7.0333E+00, 1.5067E+00, 6.5333E+00,
17:15:24.56409920, 7.1000E+00, 1.5200E+00, 6.5333E+00,
17:15:24.56409925, 7.0333E+00, 1.5200E+00, 6.5333E+00,
17:15:24.56409930, 7.0667E+00, 1.5200E+00, 6.6000E+00,
17:15:24.56409935, 7.0333E+00, 1.5067E+00, 6.5333E+00,
17:15:24.56409940, 7.0667E+00, 1.5333E+00, 6.5333E+00,
17:15:24.56409945, 7.0667E+00, 1.4800E+00, 6.5333E+00,
17:15:24.56409950, 7.1000E+00, 1.5333E+00, 6.7333E+00,
17:15:24.56409955, 7.0000E+00, 1.4800E+00, 6.4667E+00,
17:15:24.56409960, 7.1333E+00, 1.5067E+00, 6.2667E+00,
17:15:24.56409965, 7.0000E+00, 1.4933E+00, 6.4667E+00,
17:15:24.56409970, 7.1000E+00, 1.5200E+00, 6.3333E+00,
17:15:24.56409975, 7.1333E+00, 1.5067E+00, 6.2667E+00,
17:15:24.56409980, 7.0667E+00, 1.5067E+00, 6.4000E+00,
17:15:24.56409985, 7.0333E+00, 1.5200E+00, 6.3333E+00,
17:15:24.56409990, 7.0333E+00, 1.5467E+00, 6.2000E+00,
17:15:24.56409995, 7.0333E+00, 1.4933E+00, 6.2667E+00,
17:15:24.56410000, 7.0667E+00, 1.5200E+00, 6.1333E+00,
17:15:24.56410005, 7.0333E+00, 1.5333E+00, 6.3333E+00,
17:15:24.56410010, 7.0333E+00, 1.4933E+00, 6.2667E+00,
17:15:24.56410015, 7.0000E+00, 1.5200E+00, 6.2667E+00,
17:15:24.56410020, 7.0667E+00, 1.5467E+00, 6.2000E+00,
17:15:24.56410025, 7.0667E+00, 1.5467E+00, 6.2667E+00,
17:15:24.56410030, 7.0667E+00, 1.5333E+00, 6.4000E+00,
17:15:24.56410035, 7.0667E+00, 1.4933E+00, 6.4000E+00,
17:15:24.56410040, 7.0333E+00, 1.5333E+00, 6.0000E+00,
17:15:24.56410045, 7.0000E+00, 1.5067E+00, 6.2667E+00,
17:15:24.56410050, 7.0667E+00, 1.5067E+00, 6.0667E+00,
17:15:24.56410055, 7.0667E+00, 1.5333E+00, 6.1333E+00,
17:15:24.56410060, 7.1000E+00, 1.5467E+00, 5.9333E+00,
17:15:24.56410065, 7.1000E+00, 1.5067E+00, 6.1333E+00,
17:15:24.56410070, 7.1000E+00, 1.5200E+00, 6.0667E+00,
17:15:24.56410075, 7.0667E+00, 1.5467E+00, 6.0000E+00,
17:15:24.56410080, 7.0667E+00, 1.5067E+00, 6.1333E+00,
17:15:24.56410085, 7.0667E+00, 1.5333E+00, 6.1333E+00,
17:15:24.56410090, 7.0000E+00, 1.5467E+00, 5.9333E+00,
17:15:24.56410095, 7.0667E+00, 1.5200E+00, 6.0000E+00,
17:15:24.56410100, 7.0667E+00, 1.5467E+00, 5.8667E+00,
17:15:24.56410105, 6.9667E+00, 1.5200E+00, 5.8667E+00,
17:15:24.56410110, 7.0333E+00, 1.5600E+00, 6.0000E+00,
17:15:24.56410115, 7.0000E+00, 1.5200E+00, 5.9333E+00,
17:15:24.56410120, 7.1000E+00, 1.4933E+00, 5.9333E+00,
17:15:24.56410125, 7.0333E+00, 1.5467E+00, 6.0667E+00,
17:15:24.56410130, 7.0333E+00, 1.5067E+00, 6.0000E+00,
17:15:24.56410135, 7.0333E+00, 1.5067E+00, 5.9333E+00,
17:15:24.56410140, 7.0333E+00, 1.5200E+00, 5.8000E+00,
17:15:24.56410145, 7.0667E+00, 1.5333E+00, 5.8000E+00,
17:15:24.56410150, 7.0333E+00, 1.5467E+00, 5.8667E+00,
17:15:24.56410155, 7.1000E+00, 1.4800E+00, 5.9333E+00,
17:15:24.56410160, 7.0667E+00, 1.5200E+00, 5.8000E+00,
17:15:24.56410165, 7.0333E+00, 1.5067E+00, 5.8667E+00,
17:15:24.56410170, 6.9667E+00, 1.5200E+00, 5.8000E+00,
17:15:24.56410175, 7.0667E+00, 1.5200E+00, 5.7333E+00,
17:15:24.56410180, 7.0667E+00, 1.5333E+00, 5.8000E+00,
17:15:24.56410185, 7.0000E+00, 1.5067E+00, 5.6667E+00,
17:15:24.56410190, 6.9667E+00, 1.5067E+00, 5.6667E+00,
17:15:24.56410195, 7.0667E+00, 1.5467E+00, 5.6000E+00,
17:15:24.56410200, 7.0333E+00, 1.5200E+00, 5.6667E+00,
17:15:24.56410205, 7.0000E+00, 1.5067E+00, 5.4000E+00,
17:15:24.56410210, 7.1667E+00, 1.5333E+00, 5.5333E+00,
17:15:24.56410215, 7.0333E+00, 1.5333E+00, 5.3333E+00,
17:15:24.56410220, 7.0333E+00, 1.5067E+00, 5.5333E+00,
17:15:24.56410225, 7.0000E+00, 1.5067E+00, 5.6667E+00,
17:15:24.56410230, 7.0667E+00, 1.5067E+00, 5.4000E+00,
17:15:24.56410235, 7.0333E+00, 1.5333E+00, 5.6000E+00,
17:15:24.56410240, 7.0667E+00, 1.5067E+00, 5.5333E+00,
17:15:24.56410245, 7.0667E+00, 1.4933E+00, 5.5333E+00,
17:15:24.56410250, 7.0000E+00, 1.4933E+00, 5.6000E+00,
17:15:24.56410255, 7.0333E+00, 1.5200E+00, 5.4000E+00,
17:15:24.56410260, 7.0667E+00, 1.5200E+00, 5.4667E+00,
17:15:24.56410265, 7.1333E+00, 1.5467E+00, 5.4667E+00,
17:15:24.56410270, 7.0667E+00, 1.4933E+00, 5.4000E+00,
17:15:24.56410275, 7.0333E+00, 1.5333E+00, 5.3333E+00,
17:15:24.56410280, 7.0333E+00, 1.5200E+00, 5.2667E+00,
17:15:24.56410285, 7.0333E+00, 1.5467E+00, 5.0667E+00,
17:15:24.56410290, 7.0333E+00, 1.5200E+00, 5.2000E+00,
17:15:24.56410295, 7.0667E+00, 1.5467E+00, 5.2000E+00,
17:15:24.56410300, 7.0667E+00, 1.4933E+00, 5.2000E+00,
17:15:24.56410305, 7.1000E+00, 1.5333E+00, 5.2667E+00,
17:15:24.56410310, 7.1000E+00, 1.5200E+00, 5.1333E+00,
17:15:24.56410315, 7.1000E+00, 1.5600E+00, 5.4000E+00,
17:15:24.56410320, 7.0667E+00, 1.5067E+00, 5.3333E+00,
17:15:24.56410325, 7.0333E+00, 1.5067E+00, 5.4667E+00,
17:15:24.56410330, 7.0000E+00, 1.5067E+00, 5.1333E+00,
17:15:24.56410335, 7.0667E+00, 1.4933E+00, 5.1333E+00,
17:15:24.56410340, 7.0667E+00, 1.5200E+00, 5.0000E+00,
17:15:24.56410345, 7.0667E+00, 1.5333E+00, 5.1333E+00,
17:15:24.56410350, 7.0667E+00, 1.5200E+00, 5.2000E+00,
17:15:24.56410355, 6.9667E+00, 1.4933E+00, 5.1333E+00,
17:15:24.56410360, 7.1000E+00, 1.5467E+00, 5.3333E+00,
17:15:24.56410365, 7.0000E+00, 1.4933E+00, 5.1333E+00,
17:15:24.56410370, 7.0333E+00, 1.5200E+00, 4.9333E+00,
17:15:24.56410375, 7.0000E+00, 1.5200E+00, 5.1333E+00,
17:15:24.56410380, 7.0000E+00, 1.5200E+00, 4.9333E+00,
17:15:24.56410385, 7.0000E+00, 1.5067E+00, 5.1333E+00,
17:15:24.56410390, 7.0667E+00, 1.5200E+00, 5.0000E+00,
17:15:24.56410395, 7.0333E+00, 1.5067E+00, 4.9333E+00,
17:15:24.56410400, 7.0667E+00, 1.5200E+00, 4.8667E+00,
17:15:24.56410405, 7.1000E+00, 1.5333E+00, 5.1333E+00,
17:15:24.56410410, 7.0000E+00, 1.5200E+00, 4.9333E+00,
17:15:24.56410415, 7.0667E+00, 1.4800E+00, 5.0667E+00,
17:15:24.56410420, 7.0000E+00, 1.4933E+00, 5.0667E+00,
17:15:24.56410425, 7.0333E+00, 1.5067E+00, 4.9333E+00,
17:15:24.56410430, 6.9667E+00, 1.5200E+00, 5.0000E+00,
17:15:24.56410435, 7.0667E+00, 1.5067E+00, 4.8000E+00,
17:15:24.56410440, 7.1000E+00, 1.5067E+00, 4.6000E+00,
17:15:24.56410445, 7.1000E+00, 1.5067E+00, 4.8667E+00,
17:15:24.56410450, 7.0333E+00, 1.5067E+00, 4.7333E+00,
17:15:24.56410455, 7.0000E+00, 1.5200E+00, 4.7333E+00,
17:15:24.56410460, 7.0333E+00, 1.4800E+00, 4.8000E+00,
17:15:24.56410465, 7.0667E+00, 1.5333E+00, 4.6667E+00,
17:15:24.56410470, 6.9667E+00, 1.5333E+00, 4.5333E+00,
17:15:24.56410475, 7.0000E+00, 1.5067E+00, 4.6000E+00,
17:15:24.56410480, 7.0333E+00, 1.4667E+00, 4.7333E+00,
17:15:24.56410485, 7.0667E+00, 1.4933E+00, 4.6000E+00,
17:15:24.56410490, 7.0000E+00, 1.4800E+00, 4.6667E+00,
17:15:24.56410495, 7.0333E+00, 1.5200E+00, 4.7333E+00,
17:15:24.56410500, 7.0333E+00, 1.5067E+00, 4.6000E+00,
17:15:24.56410505, 7.0333E+00, 1.4933E+00, 4.4667E+00,
17:15:24.56410510, 7.0333E+00, 1.4933E+00, 4.6000E+00,
17:15:24.56410515, 7.0667E+00, 1.5067E+00, 4.5333E+00,
17:15:24.56410520, 7.0333E+00, 1.5200E+00, 4.6000E+00,
17:15:24.56410525, 7.0333E+00, 1.5200E+00, 4.4000E+00,
17:15:24.56410530, 6.9000E+00, 1.5333E+00, 4.4667E+00,
17:15:24.56410535, 7.0667E+00, 1.4933E+00, 4.5333E+00,
17:15:24.56410540, 7.1333E+00, 1.4800E+00, 4.5333E+00,
17:15:24.56410545, 7.0667E+00, 1.4800E+00, 4.7333E+00,
17:15:24.56410550, 7.1000E+00, 1.4933E+00, 4.6000E+00,
17:15:24.56410555, 7.0333E+00, 1.5067E+00, 4.4667E+00,
17:15:24.56410560, 7.0333E+00, 1.4933E+00, 4.5333E+00,
17:15:24.56410565, 7.0667E+00, 1.5333E+00, 4.4667E+00,
17:15:24.56410570, 7.0667E+00, 1.5067E+00, 4.6667E+00,
17:15:24.56410575, 7.0333E+00, 1.4933E+00, 4.2667E+00,
17:15:24.56410580, 7.0667E+00, 1.4933E+00, 4.4667E+00,
17:15:24.56410585, 7.1000E+00, 1.4400E+00, 4.2667E+00,
17:15:24.56410590, 6.9667E+00, 1.5067E+00, 4.4000E+00,
17:15:24.56410595, 7.0333E+00, 1.4800E+00, 4.5333E+00,
17:15:24.56410600, 7.1000E+00, 1.5200E+00, 4.5333E+00,
17:15:24.56410605, 7.1000E+00, 1.5067E+00, 4.4000E+00,
17:15:24.56410610, 6.9667E+00, 1.4667E+00, 4.5333E+00,
17:15:24.56410615, 7.0333E+00, 1.5200E+00, 4.4000E+00,
17:15:24.56410620, 7.0333E+00, 1.4933E+00, 4.4667E+00,
17:15:24.56410625, 7.0667E+00, 1.4933E+00, 4.4000E+00,
17:15:24.56410630, 7.0667E+00, 1.4800E+00, 4.4000E+00,
17:15:24.56410635, 7.0667E+00, 1.4800E+00, 4.3333E+00,
17:15:24.56410640, 7.0667E+00, 1.4667E+00, 4.2000E+00,
17:15:24.56410645, 7.1000E+00, 1.4667E+00, 4.0667E+00,
17:15:24.56410650, 7.0667E+00, 1.4800E+00, 4.4667E+00,
17:15:24.56410655, 7.0000E+00, 1.4667E+00, 4.5333E+00,
17:15:24.56410660, 7.0667E+00, 1.4933E+00, 4.1333E+00,
17:15:24.56410665, 7.0000E+00, 1.4667E+00, 4.4667E+00,
17:15:24.56410670, 7.0000E+00, 1.4667E+00, 4.0667E+00,
17:15:24.56410675, 7.0667E+00, 1.4933E+00, 4.2000E+00,
17:15:24.56410680, 7.0667E+00, 1.4800E+00, 4.0667E+00,
17:15:24.56410685, 7.1000E+00, 1.4667E+00, 4.2000E+00,
17:15:24.56410690, 7.0667E+00, 1.4667E+00, 4.2000E+00,
17:15:24.56410695, 7.0667E+00, 1.4933E+00, 4.3333E+00,
17:15:24.56410700, 7.0667E+00, 1.4667E+00, 4.2000E+00,
17:15:24.56410705, 7.0333E+00, 1.4933E+00, 4.3333E+00,
17:15:24.56410710, 6.9667E+00, 1.4933E+00, 4.1333E+00,
17:15:24.56410715, 7.0000E+00, 1.4933E+00, 4.2000E+00,
17:15:24.56410720, 7.0667E+00, 1.4533E+00, 4.2667E+00,
17:15:24.56410725, 7.1000E+00, 1.4667E+00, 4.4000E+00,
17:15:24.56410730, 7.0000E+00, 1.4933E+00, 4.2000E+00,
17:15:24.56410735, 7.0333E+00, 1.4800E+00, 4.1333E+00,
17:15:24.56410740, 7.0333E+00, 1.4800E+00, 4.1333E+00,
17:15:24.56410745, 7.1333E+00, 1.4800E+00, 4.1333E+00,
17:15:24.56410750, 7.0000E+00, 1.4533E+00, 4.3333E+00,
17:15:24.56410755, 7.0667E+00, 1.4933E+00, 4.2667E+00,
17:15:24.56410760, 7.0667E+00, 1.4667E+00, 4.2000E+00,
17:15:24.56410765, 6.9667E+00, 1.4667E+00, 4.0667E+00,
17:15:24.56410770, 7.0000E+00, 1.4533E+00, 4.2667E+00,
17:15:24.56410775, 7.0667E+00, 1.4667E+00, 3.9333E+00,
17:15:24.56410780, 7.0667E+00, 1.4533E+00, 4.0667E+00,
17:15:24.56410785, 7.0333E+00, 1.4533E+00, 4.0667E+00,
17:15:24.56410790, 7.0667E+00, 1.4533E+00, 4.1333E+00,
17:15:24.56410795, 7.1000E+00, 1.4800E+00, 4.2667E+00,
17:15:24.56410800, 7.0333E+00, 1.4533E+00, 4.0667E+00,
17:15:24.56410805, 7.0667E+00, 1.4667E+00, 4.0667E+00,
17:15:24.56410810, 7.0667E+00, 1.4533E+00, 4.3333E+00,
17:15:24.56410815, 7.0000E+00, 1.4400E+00, 4.1333E+00,
17:15:24.56410820, 7.1000E+00, 1.4533E+00, 4.2000E+00,
17:15:24.56410825, 7.0333E+00, 1.4133E+00, 4.0000E+00,
17:15:24.56410830, 7.1000E+00, 1.4667E+00, 4.0667E+00,
17:15:24.56410835, 7.0333E+00, 1.4267E+00, 4.1333E+00,
17:15:24.56410840, 7.0667E+00, 1.4400E+00, 4.0000E+00,
17:15:24.56410845, 7.0333E+00, 1.4267E+00, 3.8667E+00,
17:15:24.56410850, 6.9667E+00, 1.4533E+00, 4.0667E+00,
17:15:24.56410855, 7.0333E+00, 1.4267E+00, 4.1333E+00,
17:15:24.56410860, 7.0667E+00, 1.4400E+00, 4.1333E+00,
17:15:24.56410865, 7.0667E+00, 1.4533E+00, 4.2000E+00,
17:15:24.56410870, 7.0333E+00, 1.4400E+00, 4.0000E+00,
17:15:24.56410875, 7.0333E+00, 1.4533E+00, 3.7333E+00,
17:15:24.56410880, 7.1667E+00, 1.4533E+00, 4.0667E+00,
17:15:24.56410885, 7.0667E+00, 1.4400E+00, 4.0667E+00,
17:15:24.56410890, 7.0667E+00, 1.4533E+00, 4.0667E+00,
17:15:24.56410895, 7.0667E+00, 1.4267E+00, 3.8667E+00,
17:15:24.56410900, 7.0000E+00, 1.4667E+00, 4.0000E+00,
17:15:24.56410905, 6.9667E+00, 1.4400E+00, 4.0000E+00,
17:15:24.56410910, 7.0000E+00, 1.4267E+00, 3.8667E+00,
17:15:24.56410915, 7.0667E+00, 1.4267E+00, 3.8000E+00,
17:15:24.56410920, 7.0333E+00, 1.4533E+00, 3.8667E+00,
17:15:24.56410925, 7.0667E+00, 1.4667E+00, 3.8000E+00,
17:15:24.56410930, 7.0333E+00, 1.4533E+00, 3.8667E+00,
17:15:24.56410935, 7.0333E+00, 1.4400E+00, 3.8000E+00,
17:15:24.56410940, 7.0667E+00, 1.4400E+00, 3.6667E+00,
17:15:24.56410945, 7.0000E+00, 1.4400E+00, 3.8667E+00,
17:15:24.56410950, 7.0333E+00, 1.4400E+00, 4.0667E+00,
17:15:24.56410955, 7.0333E+00, 1.4533E+00, 4.1333E+00,
17:15:24.56410960, 7.0667E+00, 1.4400E+00, 4.0000E+00,
17:15:24.56410965, 7.1000E+00, 1.4267E+00, 3.9333E+00,
17:15:24.56410970, 7.0333E+00, 1.4000E+00, 4.0000E+00,
17:15:24.56410975, 6.9667E+00, 1.4533E+00, 4.0000E+00,
17:15:24.56410980, 7.1000E+00, 1.4267E+00, 3.9333E+00,
17:15:24.56410985, 7.1000E+00, 1.4533E+00, 3.8667E+00,
17:15:24.56410990, 7.0333E+00, 1.4133E+00, 4.0000E+00,
17:15:24.56410995, 6.9667E+00, 1.4400E+00, 3.8000E+00,
17:15:24.56411000, 7.0000E+00, 1.4400E+00, 3.8667E+00,
17:15:24.56411005, 7.0333E+00, 1.4267E+00, 4.0000E+00,
17:15:24.56411010, 7.0333E+00, 1.4267E+00, 4.0000E+00,
17:15:24.56411015, 7.0000E+00, 1.4400E+00, 3.9333E+00,
17:15:24.56411020, 7.0000E+00, 1.4400E+00, 3.8000E+00,
17:15:24.56411025, 7.0667E+00, 1.4267E+00, 4.0000E+00,
17:15:24.56411030, 7.0667E+00, 1.4133E+00, 3.9333E+00,
17:15:24.56411035, 7.1333E+00, 1.4000E+00, 3.8000E+00,
17:15:24.56411040, 7.0000E+00, 1.4000E+00, 4.0000E+00,
17:15:24.56411045, 6.9667E+00, 1.4267E+00, 3.9333E+00,
17:15:24.56411050, 7.0000E+00, 1.3867E+00, 4.1333E+00,
17:15:24.56411055, 7.0333E+00, 1.4133E+00, 4.0000E+00,
17:15:24.56411060, 7.0000E+00, 1.4267E+00, 4.0000E+00,
17:15:24.56411065, 7.0333E+00, 1.4267E+00, 3.8667E+00,
17:15:24.56411070, 6.9667E+00, 1.4267E+00, 3.8000E+00,
17:15:24.56411075, 7.0333E+00, 1.4133E+00, 3.8000E+00,
17:15:24.56411080, 7.0000E+00, 1.4133E+00, 3.8000E+00,
17:15:24.56411085, 7.0333E+00, 1.4267E+00, 3.8000E+00,
17:15:24.56411090, 7.0333E+00, 1.4400E+00, 3.8667E+00,
17:15:24.56411095, 7.0000E+00, 1.4267E+00, 4.0667E+00,
17:15:24.56411100, 7.0333E+00, 1.4267E+00, 4.0667E+00,
17:15:24.56411105, 7.0333E+00, 1.4000E+00, 3.9333E+00,
17:15:24.56411110, 7.0000E+00, 1.4000E+00, 3.8667E+00,
17:15:24.56411115, 7.0667E+00, 1.4267E+00, 3.9333E+00,
17:15:24.56411120, 7.0667E+00, 1.4267E+00, 3.8667E+00,
17:15:24.56411125, 7.0667E+00, 1.4133E+00, 4.0667E+00,
17:15:24.56411130, 7.1000E+00, 1.4000E+00, 4.0000E+00,
17:15:24.56411135, 7.0333E+00, 1.4267E+00, 4.0667E+00,
17:15:24.56411140, 7.0667E+00, 1.4267E+00, 4.0667E+00,
17:15:24.56411145, 7.0333E+00, 1.4267E+00, 4.2667E+00,
17:15:24.56411150, 6.9667E+00, 1.4133E+00, 4.1333E+00,
17:15:24.56411155, 7.0000E+00, 1.4000E+00, 4.1333E+00,
17:15:24.56411160, 7.1333E+00, 1.3733E+00, 4.0000E+00,
17:15:24.56411165, 7.0000E+00, 1.4000E+00, 4.0667E+00,
17:15:24.56411170, 7.0333E+00, 1.3867E+00, 4.0000E+00,
17:15:24.56411175, 7.0000E+00, 1.4000E+00, 3.8667E+00,
17:15:24.56411180, 7.0333E+00, 1.4000E+00, 3.8667E+00,
17:15:24.56411185, 7.0000E+00, 1.4267E+00, 4.0667E+00,
17:15:24.56411190, 6.9333E+00, 1.3733E+00, 4.2000E+00,
17:15:24.56411195, 7.1000E+00, 1.4000E+00, 4.1333E+00,
17:15:24.56411200, 7.0333E+00, 1.4000E+00, 4.0667E+00,
17:15:24.56411205, 7.0667E+00, 1.4133E+00, 4.0667E+00,
17:15:24.56411210, 7.0333E+00, 1.3867E+00, 4.2000E+00,
17:15:24.56411215, 7.0000E+00, 1.3867E+00, 3.9333E+00,
17:15:24.56411220, 7.0667E+00, 1.4000E+00, 3.9333E+00,
17:15:24.56411225, 7.0333E+00, 1.4133E+00, 4.2000E+00,
17:15:24.56411230, 7.0667E+00, 1.4133E+00, 4.1333E+00,
17:15:24.56411235, 7.0000E+00, 1.4133E+00, 4.2667E+00,
17:15:24.56411240, 7.0333E+00, 1.4000E+00, 4.1333E+00,
17:15:24.56411245, 7.0667E+00, 1.4133E+00, 4.3333E+00,
17:15:24.56411250, 7.0000E+00, 1.3733E+00, 4.2000E+00,
17:15:24.56411255, 7.1000E+00, 1.3733E+00, 4.0667E+00,
17:15:24.56411260, 7.0000E+00, 1.3867E+00, 4.0667E+00,
17:15:24.56411265, 7.0333E+00, 1.3867E+00, 4.2000E+00,
17:15:24.56411270, 7.1000E+00, 1.3733E+00, 4.1333E+00,
17:15:24.56411275, 7.0333E+00, 1.3867E+00, 4.2667E+00,
17:15:24.56411280, 7.0667E+00, 1.4133E+00, 4.0000E+00,
17:15:24.56411285, 6.9667E+00, 1.3867E+00, 4.3333E+00,
17:15:24.56411290, 7.0667E+00, 1.4133E+00, 4.2667E+00,
17:15:24.56411295, 7.0667E+00, 1.3867E+00, 4.4000E+00,
17:15:24.56411300, 7.1000E+00, 1.4000E+00, 4.2667E+00,
17:15:24.56411305, 7.0667E+00, 1.4000E+00, 4.2000E+00,
17:15:24.56411310, 7.0333E+00, 1.4133E+00, 4.1333E+00,
17:15:24.56411315, 7.1000E+00, 1.4133E+00, 4.2667E+00,
17:15:24.56411320, 7.1000E+00, 1.4000E+00, 4.2000E+00,
17:15:24.56411325, 7.0667E+00, 1.4267E+00, 4.2000E+00,
17:15:24.56411330, 7.0000E+00, 1.4000E+00, 4.3333E+00,
17:15:24.56411335, 7.0333E+00, 1.3867E+00, 4.1333E+00,
17:15:24.56411340, 7.0333E+00, 1.3867E+00, 4.2667E+00,
17:15:24.56411345, 7.0000E+00, 1.4133E+00, 4.1333E+00,
17:15:24.56411350, 7.1000E+00, 1.3867E+00, 4.2000E+00,
17:15:24.56411355, 7.0000E+00, 1.3867E+00, 4.1333E+00,
17:15:24.56411360, 7.0667E+00, 1.3867E+00, 4.2667E+00,
17:15:24.56411365, 7.0667E+00, 1.3867E+00, 4.3333E+00,
17:15:24.56411370, 7.0333E+00, 1.3867E+00, 4.3333E+00,
17:15:24.56411375, 7.0667E+00, 1.4267E+00, 4.1333E+00,
17:15:24.56411380, 6.9667E+00, 1.3867E+00, 4.3333E+00,
17:15:24.56411385, 7.0333E+00, 1.3867E+00, 4.3333E+00,
17:15:24.56411390, 7.0333E+00, 1.4133E+00, 4.4667E+00,
17:15:24.56411395, 6.9667E+00, 1.3867E+00, 4.3333E+00,
17:15:24.56411400, 7.0667E+00, 1.3867E+00, 4.2667E+00,
17:15:24.56411405, 7.0667E+00, 1.3867E+00, 4.4667E+00,
17:15:24.56411410, 7.0333E+00, 1.3867E+00, 4.1333E+00,
17:15:24.56411415, 7.0000E+00, 1.4133E+00, 4.3333E+00,
17:15:24.56411420, 7.0333E+00, 1.3467E+00, 4.4000E+00,
17:15:24.56411425, 7.0333E+00, 1.4000E+00, 4.2667E+00,
17:15:24.56411430, 7.0667E+00, 1.3733E+00, 4.4667E+00,
17:15:24.56411435, 7.0000E+00, 1.3867E+00, 4.4667E+00,
17:15:24.56411440, 7.0000E+00, 1.3733E+00, 4.4667E+00,
17:15:24.56411445, 7.0333E+00, 1.3733E+00, 4.3333E+00,
17:15:24.56411450, 6.9667E+00, 1.4000E+00, 4.4667E+00,
17:15:24.56411455, 7.0667E+00, 1.3733E+00, 4.4667E+00,
17:15:24.56411460, 6.9667E+00, 1.3733E+00, 4.4667E+00,
17:15:24.56411465, 7.0667E+00, 1.3867E+00, 4.3333E+00,
17:15:24.56411470, 7.0333E+00, 1.4000E+00, 4.4000E+00,
17:15:24.56411475, 7.0333E+00, 1.3867E+00, 4.4667E+00,
17:15:24.56411480, 7.0333E+00, 1.3733E+00, 4.4667E+00,
17:15:24.56411485, 7.0000E+00, 1.3733E+00, 4.4667E+00,
17:15:24.56411490, 7.0333E+00, 1.4133E+00, 4.6667E+00,
17:15:24.56411495, 7.0333E+00, 1.3600E+00, 4.5333E+00,
17:15:24.56411500, 7.0333E+00, 1.3600E+00, 4.4667E+00,
17:15:24.56411505, 7.1000E+00, 1.4000E+00, 4.4667E+00,
17:15:24.56411510, 7.0000E+00, 1.3867E+00, 4.6000E+00,
17:15:24.56411515, 7.0667E+00, 1.4000E+00, 4.5333E+00,
17:15:24.56411520, 7.0667E+00, 1.3733E+00, 4.6000E+00,
17:15:24.56411525, 7.0667E+00, 1.4000E+00, 4.5333E+00,
17:15:24.56411530, 6.9667E+00, 1.3733E+00, 4.5333E+00,
17:15:24.56411535, 7.0333E+00, 1.3867E+00, 4.6000E+00,
17:15:24.56411540, 7.0333E+00, 1.4000E+00, 4.6000E+00,
17:15:24.56411545, 7.0333E+00, 1.3867E+00, 4.6000E+00,
17:15:24.56411550, 7.0333E+00, 1.3733E+00, 4.4667E+00,
17:15:24.56411555, 7.0667E+00, 1.4000E+00, 4.4667E+00,
17:15:24.56411560, 7.0667E+00, 1.3600E+00, 4.5333E+00,
17:15:24.56411565, 7.0667E+00, 1.4000E+00, 4.6000E+00,
17:15:24.56411570, 7.0667E+00, 1.3600E+00, 4.6667E+00,
17:15:24.56411575, 7.1000E+00, 1.3600E+00, 4.4667E+00,
17:15:24.56411580, 7.0667E+00, 1.3333E+00, 4.8667E+00,
17:15:24.56411585, 7.0333E+00, 1.3867E+00, 4.7333E+00,
17:15:24.56411590, 7.1000E+00, 1.3600E+00, 4.8667E+00,
17:15:24.56411595, 7.0667E+00, 1.3600E+00, 4.6000E+00,
17:15:24.56411600, 7.0667E+00, 1.3600E+00, 4.7333E+00,
17:15:24.56411605, 7.0333E+00, 1.3733E+00, 4.4667E+00,
17:15:24.56411610, 7.0667E+00, 1.3600E+00, 4.6667E+00,
17:15:24.56411615, 7.0333E+00, 1.3867E+00, 4.7333E+00,
17:15:24.56411620, 7.0667E+00, 1.3600E+00, 4.7333E+00,
17:15:24.56411625, 7.0667E+00, 1.3733E+00, 4.6667E+00,
17:15:24.56411630, 7.0000E+00, 1.3600E+00, 4.7333E+00,
17:15:24.56411635, 6.9667E+00, 1.3867E+00, 4.8667E+00,
17:15:24.56411640, 7.0667E+00, 1.3600E+00, 4.7333E+00,
17:15:24.56411645, 7.1000E+00, 1.3600E+00, 4.5333E+00,
17:15:24.56411650, 7.0333E+00, 1.3600E+00, 4.5333E+00,
17:15:24.56411655, 7.0000E+00, 1.3600E+00, 4.7333E+00,
17:15:24.56411660, 7.0333E+00, 1.3733E+00, 4.5333E+00,
17:15:24.56411665, 7.0667E+00, 1.3733E+00, 4.7333E+00,
17:15:24.56411670, 7.1000E+00, 1.4000E+00, 4.9333E+00,
17:15:24.56411675, 7.0000E+00, 1.3467E+00, 4.8000E+00,
17:15:24.56411680, 7.1000E+00, 1.3867E+00, 4.8667E+00,
17:15:24.56411685, 7.0000E+00, 1.3733E+00, 4.8000E+00,
17:15:24.56411690, 6.9667E+00, 1.3600E+00, 4.9333E+00,
17:15:24.56411695, 6.9667E+00, 1.3600E+00, 5.0000E+00,
17:15:24.56411700, 7.0333E+00, 1.3733E+00, 4.8000E+00,
17:15:24.56411705, 7.0667E+00, 1.3867E+00, 4.8000E+00,
17:15:24.56411710, 7.0333E+00, 1.3733E+00, 4.8667E+00,
17:15:24.56411715, 7.0000E+00, 1.3600E+00, 4.8000E+00,
17:15:24.56411720, 7.1000E+00, 1.4000E+00, 4.8667E+00,
17:15:24.56411725, 6.9667E+00, 1.3600E+00, 5.0667E+00,
17:15:24.56411730, 7.0000E+00, 1.4000E+00, 4.9333E+00,
17:15:24.56411735, 7.1000E+00, 1.3867E+00, 4.9333E+00,
17:15:24.56411740, 7.0333E+00, 1.3867E+00, 5.0667E+00,
17:15:24.56411745, 7.1000E+00, 1.4000E+00, 4.9333E+00,
17:15:24.56411750, 6.9667E+00, 1.3600E+00, 5.1333E+00,
17:15:24.56411755, 7.0667E+00, 1.4000E+00, 4.8667E+00,
17:15:24.56411760, 7.0333E+00, 1.3867E+00, 5.0000E+00,
17:15:24.56411765, 7.0333E+00, 1.3867E+00, 5.0667E+00,
17:15:24.56411770, 7.0000E+00, 1.3733E+00, 5.0667E+00,
17:15:24.56411775, 7.0333E+00, 1.3733E+00, 5.0667E+00,
17:15:24.56411780, 7.0000E+00, 1.3467E+00, 5.0667E+00,
17:15:24.56411785, 7.0000E+00, 1.4000E+00, 5.0000E+00,
17:15:24.56411790, 7.0000E+00, 1.4133E+00, 5.1333E+00,
17:15:24.56411795, 7.0333E+00, 1.3733E+00, 5.0000E+00,
17:15:24.56411800, 7.0667E+00, 1.3733E+00, 4.9333E+00,
17:15:24.56411805, 7.0000E+00, 1.3467E+00, 5.0667E+00,
17:15:24.56411810, 7.1000E+00, 1.3733E+00, 5.0000E+00,
17:15:24.56411815, 7.0667E+00, 1.3467E+00, 5.2000E+00,
17:15:24.56411820, 7.0000E+00, 1.4000E+00, 5.1333E+00,
17:15:24.56411825, 7.0000E+00, 1.3467E+00, 5.1333E+00,
17:15:24.56411830, 7.0667E+00, 1.3733E+00, 5.1333E+00,
17:15:24.56411835, 7.0667E+00, 1.3600E+00, 5.1333E+00,
17:15:24.56411840, 7.0667E+00, 1.3600E+00, 5.1333E+00,
17:15:24.56411845, 7.0667E+00, 1.4000E+00, 5.0667E+00,
17:15:24.56411850, 7.1000E+00, 1.3600E+00, 5.2000E+00,
17:15:24.56411855, 7.0667E+00, 1.3733E+00, 5.0667E+00,
17:15:24.56411860, 7.0333E+00, 1.3733E+00, 5.1333E+00,
17:15:24.56411865, 7.0667E+00, 1.3867E+00, 5.1333E+00,
17:15:24.56411870, 6.9667E+00, 1.3733E+00, 5.1333E+00,
17:15:24.56411875, 7.0000E+00, 1.3600E+00, 5.1333E+00,
17:15:24.56411880, 7.0333E+00, 1.3867E+00, 5.2667E+00,
17:15:24.56411885, 7.0333E+00, 1.4133E+00, 5.1333E+00,
17:15:24.56411890, 7.0667E+00, 1.3867E+00, 5.1333E+00,
17:15:24.56411895, 7.0333E+00, 1.3600E+00, 5.0000E+00,
17:15:24.56411900, 7.1000E+00, 1.3600E+00, 5.2667E+00,
17:15:24.56411905, 7.0333E+00, 1.3600E+00, 5.2000E+00,
17:15:24.56411910, 7.0000E+00, 1.3867E+00, 5.3333E+00,
17:15:24.56411915, 7.0000E+00, 1.4000E+00, 5.2667E+00,
17:15:24.56411920, 7.1000E+00, 1.4133E+00, 5.4000E+00,
17:15:24.56411925, 7.0667E+00, 1.3733E+00, 5.4000E+00,
17:15:24.56411930, 7.0333E+00, 1.4000E+00, 5.2000E+00,
17:15:24.56411935, 7.0333E+00, 1.3867E+00, 5.3333E+00,
17:15:24.56411940, 7.0667E+00, 1.3867E+00, 5.2000E+00,
17:15:24.56411945, 7.0667E+00, 1.3467E+00, 5.1333E+00,
17:15:24.56411950, 6.9000E+00, 1.3867E+00, 5.3333E+00,
17:15:24.56411955, 7.0667E+00, 1.3867E+00, 5.1333E+00,
17:15:24.56411960, 7.0333E+00, 1.3867E+00, 5.2000E+00,
17:15:24.56411965, 6.9667E+00, 1.3867E+00, 5.3333E+00,
17:15:24.56411970, 7.0667E+00, 1.3867E+00, 5.4000E+00,
17:15:24.56411975, 7.0667E+00, 1.3867E+00, 5.3333E+00,
17:15:24.56411980, 7.0000E+00, 1.3867E+00, 5.3333E+00,
17:15:24.56411985, 7.1000E+00, 1.3733E+00, 5.2667E+00,
17:15:24.56411990, 7.0000E+00, 1.3867E+00, 5.2667E+00,
17:15:24.56411995, 7.0333E+00, 1.3867E+00, 5.5333E+00,
17:15:24.56412000, 7.0000E+00, 1.3733E+00, 5.3333E+00,
17:15:24.56412005, 7.0667E+00, 1.3867E+00, 5.4000E+00,
17:15:24.56412010, 7.0000E+00, 1.4133E+00, 5.4667E+00,
17:15:24.56412015, 7.1333E+00, 1.3867E+00, 5.4000E+00,
17:15:24.56412020, 7.1000E+00, 1.4267E+00, 5.6000E+00,
17:15:24.56412025, 7.0667E+00, 1.3733E+00, 5.6000E+00,
17:15:24.56412030, 7.0667E+00, 1.4133E+00, 5.5333E+00,
17:15:24.56412035, 7.0667E+00, 1.4000E+00, 5.3333E+00,
17:15:24.56412040, 7.0333E+00, 1.4000E+00, 5.2667E+00,
17:15:24.56412045, 7.1000E+00, 1.4133E+00, 5.3333E+00,
17:15:24.56412050, 7.0667E+00, 1.4000E+00, 5.2000E+00,
17:15:24.56412055, 7.0333E+00, 1.4267E+00, 5.4667E+00,
17:15:24.56412060, 7.0000E+00, 1.3867E+00, 5.4000E+00,
17:15:24.56412065, 7.0667E+00, 1.3733E+00, 5.3333E+00,
17:15:24.56412070, 7.0333E+00, 1.4000E+00, 5.4667E+00,
17:15:24.56412075, 7.0667E+00, 1.4267E+00, 5.6000E+00,
17:15:24.56412080, 7.0667E+00, 1.3867E+00, 5.4667E+00,
17:15:24.56412085, 7.0000E+00, 1.3867E+00, 5.4667E+00,
17:15:24.56412090, 7.0000E+00, 1.3867E+00, 5.4000E+00,
17:15:24.56412095, 7.0667E+00, 1.4000E+00, 5.4667E+00,
17:15:24.56412100, 7.0667E+00, 1.4000E+00, 5.4667E+00,
17:15:24.56412105, 6.9667E+00, 1.3733E+00, 5.6667E+00,
17:15:24.56412110, 7.0667E+00, 1.4133E+00, 5.5333E+00,
17:15:24.56412115, 7.0667E+00, 1.3733E+00, 5.6000E+00,
17:15:24.56412120, 7.0667E+00, 1.3733E+00, 5.5333E+00,
17:15:24.56412125, 7.0667E+00, 1.4133E+00, 5.4667E+00,
17:15:24.56412130, 7.1000E+00, 1.3600E+00, 5.5333E+00,
17:15:24.56412135, 7.1000E+00, 1.3867E+00, 5.5333E+00,
17:15:24.56412140, 7.0667E+00, 1.4133E+00, 5.4000E+00,
17:15:24.56412145, 7.0333E+00, 1.3733E+00, 5.5333E+00,
17:15:24.56412150, 7.0333E+00, 1.4133E+00, 5.4667E+00,
17:15:24.56412155, 7.0667E+00, 1.4133E+00, 5.4000E+00,
17:15:24.56412160, 7.0000E+00, 1.3867E+00, 5.8667E+00,
17:15:24.56412165, 7.1000E+00, 1.4133E+00, 5.4667E+00,
17:15:24.56412170, 7.0333E+00, 1.4267E+00, 5.6667E+00,
17:15:24.56412175, 7.1000E+00, 1.4000E+00, 5.7333E+00,
17:15:24.56412180, 7.1333E+00, 1.4267E+00, 5.6000E+00,
17:15:24.56412185, 7.1333E+00, 1.4000E+00, 5.5333E+00,
17:15:24.56412190, 7.0667E+00, 1.4133E+00, 5.4667E+00,
17:15:24.56412195, 7.0333E+00, 1.4267E+00, 5.6000E+00,
17:15:24.56412200, 7.0333E+00, 1.3867E+00, 5.6000E+00,
17:15:24.56412205, 7.0667E+00, 1.4133E+00, 5.4667E+00,
17:15:24.56412210, 7.0667E+00, 1.3867E+00, 5.8000E+00,
17:15:24.56412215, 7.0667E+00, 1.4133E+00, 5.6000E+00,
17:15:24.56412220, 7.1000E+00, 1.4267E+00, 5.5333E+00,
17:15:24.56412225, 7.1000E+00, 1.4133E+00, 5.4667E+00,
17:15:24.56412230, 7.0667E+00, 1.4267E+00, 5.7333E+00,
17:15:24.56412235, 7.0667E+00, 1.4000E+00, 5.6000E+00,
17:15:24.56412240, 7.0333E+00, 1.3733E+00, 5.6667E+00,
17:15:24.56412245, 7.0667E+00, 1.3733E+00, 5.7333E+00,
17:15:24.56412250, 7.0667E+00, 1.4000E+00, 5.8000E+00,
17:15:24.56412255, 7.0000E+00, 1.4133E+00, 5.6000E+00,
17:15:24.56412260, 7.0667E+00, 1.4000E+00, 5.6667E+00,
17:15:24.56412265, 7.1000E+00, 1.4000E+00, 5.7333E+00,
17:15:24.56412270, 7.0667E+00, 1.4267E+00, 5.7333E+00,
17:15:24.56412275, 7.1333E+00, 1.4000E+00, 5.4667E+00,
17:15:24.56412280, 6.9667E+00, 1.4000E+00, 5.8667E+00,
17:15:24.56412285, 7.0667E+00, 1.4267E+00, 5.4000E+00,
17:15:24.56412290, 7.0000E+00, 1.4133E+00, 5.5333E+00,
17:15:24.56412295, 6.9667E+00, 1.4133E+00, 5.4000E+00,
17:15:24.56412300, 7.0667E+00, 1.4267E+00, 5.6000E+00,
17:15:24.56412305, 7.1000E+00, 1.3867E+00, 5.7333E+00,
17:15:24.56412310, 7.1000E+00, 1.4000E+00, 5.8000E+00,
17:15:24.56412315, 7.0667E+00, 1.4133E+00, 5.6667E+00,
17:15:24.56412320, 7.0667E+00, 1.3867E+00, 5.6000E+00,
17:15:24.56412325, 7.0333E+00, 1.4133E+00, 5.6667E+00,
17:15:24.56412330, 7.1000E+00, 1.4133E+00, 5.8000E+00,
17:15:24.56412335, 7.0333E+00, 1.4133E+00, 5.6000E+00,
17:15:24.56412340, 7.0000E+00, 1.4267E+00, 5.6000E+00,
17:15:24.56412345, 7.1000E+00, 1.4000E+00, 5.7333E+00,
17:15:24.56412350, 7.0000E+00, 1.4267E+00, 5.6667E+00,
17:15:24.56412355, 7.0667E+00, 1.4133E+00, 5.7333E+00,
17:15:24.56412360, 7.1000E+00, 1.4400E+00, 5.5333E+00,
17:15:24.56412365, 7.0000E+00, 1.4267E+00, 5.6000E+00,
17:15:24.56412370, 7.0667E+00, 1.4133E+00, 5.7333E+00,
17:15:24.56412375, 7.0000E+00, 1.4267E+00, 5.8000E+00,
17:15:24.56412380, 7.0333E+00, 1.4133E+00, 5.6667E+00,
17:15:24.56412385, 7.0333E+00, 1.4133E+00, 5.4667E+00,
17:15:24.56412390, 7.0667E+00, 1.4267E+00, 5.4667E+00,
17:15:24.56412395, 7.0667E+00, 1.4400E+00, 5.7333E+00,
17:15:24.56412400, 7.0000E+00, 1.4267E+00, 5.8000E+00,
17:15:24.56412405, 7.0667E+00, 1.4267E+00, 5.7333E+00,
17:15:24.56412410, 7.0667E+00, 1.4267E+00, 5.8000E+00,
17:15:24.56412415, 7.0000E+00, 1.4267E+00, 5.8667E+00,
17:15:24.56412420, 7.0667E+00, 1.4267E+00, 5.8000E+00,
17:15:24.56412425, 7.0000E+00, 1.4267E+00, 5.6667E+00,
17:15:24.56412430, 7.0333E+00, 1.4267E+00, 5.6667E+00,
17:15:24.56412435, 6.9667E+00, 1.4133E+00, 5.8000E+00,
17:15:24.56412440, 7.0667E+00, 1.4267E+00, 5.6667E+00,
17:15:24.56412445, 7.0667E+00, 1.4133E+00, 5.7333E+00,
17:15:24.56412450, 7.1333E+00, 1.4267E+00, 5.8000E+00,
17:15:24.56412455, 7.0333E+00, 1.4533E+00, 5.8667E+00,
17:15:24.56412460, 7.0333E+00, 1.4133E+00, 5.8667E+00,
17:15:24.56412465, 7.0333E+00, 1.4133E+00, 5.8667E+00,
17:15:24.56412470, 7.0667E+00, 1.4000E+00, 5.8667E+00,
17:15:24.56412475, 7.0333E+00, 1.4133E+00, 5.7333E+00,
17:15:24.56412480, 7.0667E+00, 1.4267E+00, 5.8000E+00,
17:15:24.56412485, 7.0333E+00, 1.4133E+00, 5.6667E+00,
17:15:24.56412490, 6.9667E+00, 1.4267E+00, 5.7333E+00,
17:15:24.56412495, 7.0333E+00, 1.3867E+00, 5.8667E+00,
17:15:24.56412500, 7.1333E+00, 1.4000E+00, 5.8000E+00,
17:15:24.56412505, 7.0333E+00, 1.4267E+00, 5.8000E+00,
17:15:24.56412510, 7.0333E+00, 1.4267E+00, 5.6667E+00,
17:15:24.56412515, 7.0000E+00, 1.4533E+00, 5.8000E+00,
17:15:24.56412520, 7.0333E+00, 1.4133E+00, 5.8000E+00,
17:15:24.56412525, 7.0333E+00, 1.4267E+00, 5.6667E+00,
17:15:24.56412530, 7.0333E+00, 1.4267E+00, 5.7333E+00,
17:15:24.56412535, 6.9667E+00, 1.4400E+00, 5.6667E+00,
17:15:24.56412540, 7.1000E+00, 1.4267E+00, 5.7333E+00,
17:15:24.56412545, 6.9667E+00, 1.4400E+00, 5.7333E+00,
17:15:24.56412550, 6.9667E+00, 1.4267E+00, 5.7333E+00,
17:15:24.56412555, 7.0000E+00, 1.4267E+00, 5.8000E+00,
17:15:24.56412560, 7.0667E+00, 1.4133E+00, 5.7333E+00,
17:15:24.56412565, 7.0000E+00, 1.4267E+00, 5.8667E+00,
17:15:24.56412570, 7.0333E+00, 1.4267E+00, 5.8667E+00,
17:15:24.56412575, 7.0667E+00, 1.4400E+00, 5.8667E+00,
17:15:24.56412580, 7.0667E+00, 1.4267E+00, 5.8667E+00,
17:15:24.56412585, 7.0000E+00, 1.4267E+00, 5.6000E+00,
17:15:24.56412590, 7.1000E+00, 1.4267E+00, 5.6000E+00,
17:15:24.56412595, 7.0667E+00, 1.4267E+00, 5.7333E+00,
17:15:24.56412600, 7.1000E+00, 1.4400E+00, 5.8000E+00,
17:15:24.56412605, 7.0333E+00, 1.4267E+00, 5.7333E+00,
17:15:24.56412610, 7.0333E+00, 1.4400E+00, 5.6000E+00,
17:15:24.56412615, 7.0667E+00, 1.4267E+00, 5.7333E+00,
17:15:24.56412620, 7.0667E+00, 1.4533E+00, 5.5333E+00,
17:15:24.56412625, 7.1000E+00, 1.4400E+00, 5.7333E+00,
17:15:24.56412630, 7.0333E+00, 1.4267E+00, 5.4667E+00,
17:15:24.56412635, 7.0333E+00, 1.4400E+00, 5.5333E+00,
17:15:24.56412640, 7.0667E+00, 1.4267E+00, 5.8000E+00,
17:15:24.56412645, 7.0333E+00, 1.4533E+00, 5.6000E+00,
17:15:24.56412650, 7.0333E+00, 1.4400E+00, 5.8667E+00,
17:15:24.56412655, 7.0667E+00, 1.4267E+00, 5.8667E+00,
17:15:24.56412660, 7.1000E+00, 1.4267E+00, 5.6667E+00,
17:15:24.56412665, 7.0667E+00, 1.4267E+00, 5.8667E+00,
17:15:24.56412670, 7.0000E+00, 1.4400E+00, 5.8000E+00,
17:15:24.56412675, 7.0333E+00, 1.4267E+00, 5.5333E+00,
17:15:24.56412680, 7.0333E+00, 1.4533E+00, 5.7333E+00,
17:15:24.56412685, 7.0000E+00, 1.4133E+00, 5.4667E+00,
17:15:24.56412690, 7.0667E+00, 1.4267E+00, 5.6000E+00,
17:15:24.56412695, 6.9333E+00, 1.4267E+00, 5.8000E+00,
17:15:24.56412700, 7.1333E+00, 1.4267E+00, 5.8000E+00,
17:15:24.56412705, 7.1333E+00, 1.4267E+00, 5.8667E+00,
17:15:24.56412710, 7.1000E+00, 1.4267E+00, 5.6667E+00,
17:15:24.56412715, 7.0000E+00, 1.4267E+00, 5.6000E+00,
17:15:24.56412720, 7.1000E+00, 1.4400E+00, 5.7333E+00,
17:15:24.56412725, 7.1000E+00, 1.4267E+00, 5.5333E+00,
17:15:24.56412730, 7.0333E+00, 1.4400E+00, 5.7333E+00,
17:15:24.56412735, 6.9667E+00, 1.4667E+00, 5.6000E+00,
17:15:24.56412740, 7.0000E+00, 1.4533E+00, 5.6667E+00,
17:15:24.56412745, 7.1000E+00, 1.4400E+00, 5.7333E+00,
17:15:24.56412750, 7.1000E+00, 1.4400E+00, 5.8000E+00,
17:15:24.56412755, 7.0333E+00, 1.4267E+00, 5.6667E+00,
17:15:24.56412760, 7.0667E+00, 1.4533E+00, 5.6000E+00,
17:15:24.56412765, 7.0667E+00, 1.4533E+00, 5.8667E+00,
17:15:24.56412770, 7.0333E+00, 1.4400E+00, 5.4000E+00,
17:15:24.56412775, 7.0333E+00, 1.4267E+00, 5.6000E+00,
17:15:24.56412780, 7.0333E+00, 1.4400E+00, 5.5333E+00,
17:15:24.56412785, 7.0000E+00, 1.4400E+00, 5.8000E+00,
17:15:24.56412790, 7.0333E+00, 1.4267E+00, 5.6667E+00,
17:15:24.56412795, 7.1000E+00, 1.4800E+00, 5.6667E+00,
17:15:24.56412800, 7.1333E+00, 1.4800E+00, 5.8000E+00,
17:15:24.56412805, 7.0333E+00, 1.4667E+00, 5.6667E+00,
17:15:24.56412810, 7.1333E+00, 1.4400E+00, 5.6667E+00,
17:15:24.56412815, 7.0667E+00, 1.4267E+00, 5.6000E+00,
17:15:24.56412820, 7.0667E+00, 1.4267E+00, 5.4667E+00,
17:15:24.56412825, 7.0667E+00, 1.4267E+00, 5.6667E+00,
17:15:24.56412830, 7.0000E+00, 1.4533E+00, 5.4000E+00,
17:15:24.56412835, 7.0333E+00, 1.4400E+00, 5.6667E+00,
17:15:24.56412840, 7.0000E+00, 1.4267E+00, 5.4667E+00,
17:15:24.56412845, 7.0333E+00, 1.4267E+00, 5.6000E+00,
17:15:24.56412850, 7.1000E+00, 1.4267E+00, 5.6667E+00,
17:15:24.56412855, 7.0667E+00, 1.4800E+00, 5.6667E+00,
17:15:24.56412860, 7.0000E+00, 1.4267E+00, 5.5333E+00,
17:15:24.56412865, 7.0333E+00, 1.4400E+00, 5.6667E+00,
17:15:24.56412870, 7.0333E+00, 1.4667E+00, 5.3333E+00,
17:15:24.56412875, 7.0000E+00, 1.4533E+00, 5.4000E+00,
17:15:24.56412880, 7.0333E+00, 1.4400E+00, 5.6000E+00,
17:15:24.56412885, 7.0333E+00, 1.4267E+00, 5.5333E+00,
17:15:24.56412890, 7.1000E+00, 1.4533E+00, 5.7333E+00,
17:15:24.56412895, 7.0333E+00, 1.4400E+00, 5.5333E+00,
17:15:24.56412900, 7.1000E+00, 1.4267E+00, 5.6667E+00,
17:15:24.56412905, 7.0667E+00, 1.4667E+00, 5.6667E+00,
17:15:24.56412910, 7.0333E+00, 1.4400E+00, 5.6667E+00,
17:15:24.56412915, 7.0000E+00, 1.4400E+00, 5.5333E+00,
17:15:24.56412920, 7.0667E+00, 1.4000E+00, 5.4667E+00,
17:15:24.56412925, 7.0333E+00, 1.4400E+00, 5.6000E+00,
17:15:24.56412930, 7.0000E+00, 1.4267E+00, 5.4000E+00,
17:15:24.56412935, 7.1000E+00, 1.4400E+00, 5.4000E+00,
17:15:24.56412940, 7.0333E+00, 1.4667E+00, 5.6000E+00,
17:15:24.56412945, 7.0000E+00, 1.4400E+00, 5.8000E+00,
17:15:24.56412950, 7.1000E+00, 1.4533E+00, 5.6000E+00,
17:15:24.56412955, 7.1000E+00, 1.4267E+00, 5.5333E+00,
17:15:24.56412960, 6.9667E+00, 1.4667E+00, 5.7333E+00,
17:15:24.56412965, 6.9000E+00, 1.4267E+00, 5.6667E+00,
17:15:24.56412970, 7.0333E+00, 1.4400E+00, 5.4667E+00,
17:15:24.56412975, 7.0333E+00, 1.4267E+00, 5.4000E+00,
17:15:24.56412980, 7.1000E+00, 1.4533E+00, 5.4667E+00,
17:15:24.56412985, 7.0333E+00, 1.4400E+00, 5.4000E+00,
17:15:24.56412990, 7.1000E+00, 1.4267E+00, 5.4667E+00,
17:15:24.56412995, 7.0000E+00, 1.4533E+00, 5.6000E+00,
17:15:24.56413000, 7.1333E+00, 1.4533E+00, 5.4667E+00,
17:15:24.56413005, 7.1333E+00, 1.4533E+00, 5.5333E+00,
17:15:24.56413010, 7.1000E+00, 1.4800E+00, 5.6000E+00,
17:15:24.56413015, 7.0667E+00, 1.4800E+00, 5.3333E+00,
17:15:24.56413020, 7.0000E+00, 1.4267E+00, 5.3333E+00,
17:15:24.56413025, 7.0333E+00, 1.4667E+00, 5.5333E+00,
17:15:24.56413030, 7.0000E+00, 1.4533E+00, 5.2667E+00,
17:15:24.56413035, 7.0000E+00, 1.4400E+00, 5.3333E+00,
17:15:24.56413040, 7.1000E+00, 1.4533E+00, 5.4667E+00,
17:15:24.56413045, 7.0000E+00, 1.4400E+00, 5.5333E+00,
17:15:24.56413050, 7.0333E+00, 1.4800E+00, 5.4000E+00,
17:15:24.56413055, 7.0333E+00, 1.4133E+00, 5.5333E+00,
17:15:24.56413060, 7.0667E+00, 1.4267E+00, 5.3333E+00,
17:15:24.56413065, 7.0000E+00, 1.4533E+00, 5.4667E+00,
17:15:24.56413070, 7.0000E+00, 1.4267E+00, 5.2000E+00,
17:15:24.56413075, 7.0667E+00, 1.4400E+00, 5.2000E+00,
17:15:24.56413080, 6.9667E+00, 1.4667E+00, 5.2667E+00,
17:15:24.56413085, 7.1000E+00, 1.4667E+00, 5.3333E+00,
17:15:24.56413090, 7.0333E+00, 1.4267E+00, 5.4000E+00,
17:15:24.56413095, 7.0000E+00, 1.4267E+00, 5.2667E+00,
17:15:24.56413100, 6.9667E+00, 1.4667E+00, 5.3333E+00,
17:15:24.56413105, 7.0667E+00, 1.4267E+00, 5.2667E+00,
17:15:24.56413110, 7.0000E+00, 1.4267E+00, 5.3333E+00,
17:15:24.56413115, 6.9667E+00, 1.4533E+00, 5.2000E+00,
17:15:24.56413120, 7.0000E+00, 1.4533E+00, 5.2667E+00,
17:15:24.56413125, 7.0667E+00, 1.4267E+00, 5.2667E+00,
17:15:24.56413130, 7.0333E+00, 1.4267E+00, 5.2667E+00,
17:15:24.56413135, 7.0667E+00, 1.4267E+00, 5.3333E+00,
17:15:24.56413140, 7.0667E+00, 1.4533E+00, 5.1333E+00,
17:15:24.56413145, 7.0333E+00, 1.4267E+00, 5.2667E+00,
17:15:24.56413150, 7.0667E+00, 1.4400E+00, 5.3333E+00,
17:15:24.56413155, 6.9667E+00, 1.4267E+00, 5.4000E+00,
17:15:24.56413160, 7.0000E+00, 1.4533E+00, 5.2667E+00,
17:15:24.56413165, 7.0667E+00, 1.4267E+00, 5.3333E+00,
17:15:24.56413170, 7.1000E+00, 1.4533E+00, 5.3333E+00,
17:15:24.56413175, 7.0667E+00, 1.4400E+00, 5.2000E+00,
17:15:24.56413180, 7.0333E+00, 1.4667E+00, 5.3333E+00,
17:15:24.56413185, 7.0000E+00, 1.4400E+00, 5.3333E+00,
17:15:24.56413190, 7.0333E+00, 1.4267E+00, 5.4000E+00,
17:15:24.56413195, 7.0667E+00, 1.4533E+00, 5.2667E+00,
17:15:24.56413200, 7.0000E+00, 1.4267E+00, 5.4667E+00,
17:15:24.56413205, 7.0333E+00, 1.4533E+00, 5.4000E+00,
17:15:24.56413210, 7.1000E+00, 1.4400E+00, 5.1333E+00,
17:15:24.56413215, 7.0333E+00, 1.4533E+00, 5.2000E+00,
17:15:24.56413220, 7.0667E+00, 1.4667E+00, 5.2000E+00,
17:15:24.56413225, 7.0000E+00, 1.4267E+00, 5.2667E+00,
17:15:24.56413230, 7.0333E+00, 1.4667E+00, 5.0667E+00,
17:15:24.56413235, 7.0333E+00, 1.4667E+00, 5.1333E+00,
17:15:24.56413240, 6.9667E+00, 1.4533E+00, 5.2667E+00,
17:15:24.56413245, 7.0000E+00, 1.4667E+00, 5.1333E+00,
17:15:24.56413250, 7.0333E+00, 1.4800E+00, 5.2000E+00,
17:15:24.56413255, 7.0333E+00, 1.4400E+00, 5.1333E+00,
17:15:24.56413260, 6.9667E+00, 1.4800E+00, 5.1333E+00,
17:15:24.56413265, 7.0000E+00, 1.4267E+00, 4.9333E+00,
17:15:24.56413270, 7.0667E+00, 1.4667E+00, 5.0667E+00,
17:15:24.56413275, 7.0667E+00, 1.4267E+00, 5.1333E+00,
17:15:24.56413280, 7.1000E+00, 1.4267E+00, 5.2667E+00,
17:15:24.56413285, 7.0667E+00, 1.4533E+00, 5.2000E+00,
17:15:24.56413290, 7.0667E+00, 1.4533E+00, 5.2000E+00,
17:15:24.56413295, 7.0333E+00, 1.4267E+00, 5.2000E+00,
17:15:24.56413300, 7.0000E+00, 1.4267E+00, 5.2000E+00,
17:15:24.56413305, 7.0000E+00, 1.4400E+00, 5.2667E+00,
17:15:24.56413310, 7.0667E+00, 1.4400E+00, 5.1333E+00,
17:15:24.56413315, 7.0000E+00, 1.4267E+00, 5.1333E+00,
17:15:24.56413320, 7.1333E+00, 1.4800E+00, 4.9333E+00,
17:15:24.56413325, 7.0333E+00, 1.4533E+00, 5.0667E+00,
17:15:24.56413330, 7.0333E+00, 1.4667E+00, 5.1333E+00,
17:15:24.56413335, 7.0000E+00, 1.4400E+00, 5.2667E+00,
17:15:24.56413340, 7.0000E+00, 1.4400E+00, 5.1333E+00,
17:15:24.56413345, 7.0667E+00, 1.4667E+00, 5.0000E+00,
17:15:24.56413350, 6.9667E+00, 1.4400E+00, 5.1333E+00,
17:15:24.56413355, 7.0333E+00, 1.4133E+00, 5.1333E+00,
17:15:24.56413360, 7.0000E+00, 1.4533E+00, 5.2000E+00,
17:15:24.56413365, 7.0667E+00, 1.4400E+00, 5.0667E+00,
17:15:24.56413370, 7.0333E+00, 1.4400E+00, 4.8667E+00,
17:15:24.56413375, 7.1000E+00, 1.4400E+00, 5.1333E+00,
17:15:24.56413380, 7.0667E+00, 1.4667E+00, 4.9333E+00,
17:15:24.56413385, 7.0333E+00, 1.4133E+00, 5.0667E+00,
17:15:24.56413390, 7.0333E+00, 1.4267E+00, 5.2667E+00,
17:15:24.56413395, 7.0667E+00, 1.4667E+00, 5.0667E+00,
17:15:24.56413400, 7.0333E+00, 1.4667E+00, 5.1333E+00,
17:15:24.56413405, 7.0667E+00, 1.4267E+00, 5.0000E+00,
17:15:24.56413410, 7.0667E+00, 1.4400E+00, 5.0667E+00,
17:15:24.56413415, 7.0333E+00, 1.4533E+00, 4.8667E+00,
17:15:24.56413420, 6.9667E+00, 1.4533E+00, 5.2000E+00,
17:15:24.56413425, 7.0667E+00, 1.4667E+00, 4.9333E+00,
17:15:24.56413430, 7.1000E+00, 1.4667E+00, 5.1333E+00,
17:15:24.56413435, 7.0333E+00, 1.4267E+00, 5.0667E+00,
17:15:24.56413440, 6.9667E+00, 1.4400E+00, 5.1333E+00,
17:15:24.56413445, 7.0333E+00, 1.4400E+00, 5.2667E+00,
17:15:24.56413450, 7.0000E+00, 1.4667E+00, 5.1333E+00,
17:15:24.56413455, 7.0333E+00, 1.4400E+00, 5.0000E+00,
17:15:24.56413460, 7.0667E+00, 1.4533E+00, 4.9333E+00,
17:15:24.56413465, 7.0667E+00, 1.4400E+00, 5.0667E+00,
17:15:24.56413470, 7.1000E+00, 1.4267E+00, 5.0667E+00,
17:15:24.56413475, 7.1000E+00, 1.4533E+00, 5.1333E+00,
17:15:24.56413480, 7.0667E+00, 1.4533E+00, 5.1333E+00,
17:15:24.56413485, 6.9667E+00, 1.4533E+00, 4.8667E+00,
17:15:24.56413490, 7.0000E+00, 1.4533E+00, 5.1333E+00,
17:15:24.56413495, 7.0000E+00, 1.4133E+00, 5.0000E+00,
17:15:24.56413500, 7.0333E+00, 1.4267E+00, 4.9333E+00,
17:15:24.56413505, 7.0333E+00, 1.4267E+00, 5.1333E+00,
17:15:24.56413510, 7.0667E+00, 1.4400E+00, 4.8667E+00,
17:15:24.56413515, 7.0000E+00, 1.4400E+00, 5.0667E+00,
17:15:24.56413520, 7.0667E+00, 1.4400E+00, 5.0000E+00,
17:15:24.56413525, 7.1333E+00, 1.4267E+00, 5.0000E+00,
17:15:24.56413530, 7.0000E+00, 1.4533E+00, 5.0000E+00,
17:15:24.56413535, 7.0667E+00, 1.4400E+00, 4.8667E+00,
17:15:24.56413540, 7.0667E+00, 1.4400E+00, 5.0000E+00,
17:15:24.56413545, 7.0000E+00, 1.4400E+00, 5.2000E+00,
17:15:24.56413550, 7.0333E+00, 1.4267E+00, 4.8000E+00,
17:15:24.56413555, 7.0667E+00, 1.4267E+00, 4.8667E+00,
17:15:24.56413560, 7.0333E+00, 1.4400E+00, 5.0000E+00,
17:15:24.56413565, 6.9667E+00, 1.4267E+00, 4.7333E+00,
17:15:24.56413570, 7.0667E+00, 1.4667E+00, 5.0000E+00,
17:15:24.56413575, 7.0333E+00, 1.4267E+00, 4.9333E+00,
17:15:24.56413580, 7.0000E+00, 1.4800E+00, 4.8667E+00,
17:15:24.56413585, 7.0667E+00, 1.4267E+00, 4.8667E+00,
17:15:24.56413590, 7.0333E+00, 1.4267E+00, 4.7333E+00,
17:15:24.56413595, 7.0000E+00, 1.4267E+00, 5.0667E+00,
17:15:24.56413600, 7.0667E+00, 1.4267E+00, 4.9333E+00,
17:15:24.56413605, 7.0667E+00, 1.4667E+00, 4.8000E+00,
17:15:24.56413610, 7.1000E+00, 1.4400E+00, 4.8667E+00,
17:15:24.56413615, 7.0000E+00, 1.4400E+00, 4.9333E+00,
17:15:24.56413620, 7.1000E+00, 1.4267E+00, 5.0667E+00,
17:15:24.56413625, 7.1000E+00, 1.4533E+00, 5.0000E+00,
17:15:24.56413630, 7.0667E+00, 1.4533E+00, 5.0667E+00,
17:15:24.56413635, 7.0000E+00, 1.4533E+00, 5.0667E+00,
17:15:24.56413640, 7.0333E+00, 1.4533E+00, 4.9333E+00,
17:15:24.56413645, 6.9667E+00, 1.4400E+00, 4.8000E+00,
17:15:24.56413650, 7.0000E+00, 1.4267E+00, 4.8667E+00,
17:15:24.56413655, 7.0667E+00, 1.4667E+00, 4.7333E+00,
17:15:24.56413660, 7.0333E+00, 1.4400E+00, 5.0000E+00,
17:15:24.56413665, 7.0000E+00, 1.4267E+00, 4.9333E+00,
17:15:24.56413670, 7.0667E+00, 1.4267E+00, 5.1333E+00,
17:15:24.56413675, 6.9333E+00, 1.4667E+00, 5.1333E+00,
17:15:24.56413680, 7.0000E+00, 1.4533E+00, 4.9333E+00,
17:15:24.56413685, 7.0667E+00, 1.4400E+00, 5.0667E+00,
17:15:24.56413690, 7.0333E+00, 1.4400E+00, 5.0000E+00,
17:15:24.56413695, 6.9667E+00, 1.4400E+00, 4.8000E+00,
17:15:24.56413700, 7.0667E+00, 1.4533E+00, 4.8667E+00,
17:15:24.56413705, 7.1333E+00, 1.4133E+00, 4.8667E+00,
17:15:24.56413710, 7.0000E+00, 1.4267E+00, 4.8000E+00,
17:15:24.56413715, 6.9333E+00, 1.4533E+00, 4.8667E+00,
17:15:24.56413720, 6.9667E+00, 1.4267E+00, 5.0000E+00,
17:15:24.56413725, 7.0667E+00, 1.4267E+00, 4.9333E+00,
17:15:24.56413730, 6.9667E+00, 1.4400E+00, 4.8667E+00,
17:15:24.56413735, 7.0000E+00, 1.4133E+00, 4.7333E+00,
17:15:24.56413740, 7.0667E+00, 1.4400E+00, 4.8667E+00,
17:15:24.56413745, 7.0667E+00, 1.4400E+00, 5.0000E+00,
17:15:24.56413750, 7.0333E+00, 1.4267E+00, 4.8667E+00,
17:15:24.56413755, 7.0333E+00, 1.4267E+00, 4.6667E+00,
17:15:24.56413760, 7.0667E+00, 1.4267E+00, 4.8667E+00,
17:15:24.56413765, 7.0667E+00, 1.4267E+00, 5.0667E+00,
17:15:24.56413770, 7.0667E+00, 1.4267E+00, 4.9333E+00,
17:15:24.56413775, 7.0667E+00, 1.4667E+00, 5.0000E+00,
17:15:24.56413780, 6.9667E+00, 1.4267E+00, 4.8667E+00,
17:15:24.56413785, 7.1000E+00, 1.4133E+00, 5.0000E+00,
17:15:24.56413790, 7.0333E+00, 1.4400E+00, 4.8000E+00,
17:15:24.56413795, 7.0667E+00, 1.4267E+00, 4.7333E+00,
17:15:24.56413800, 7.0000E+00, 1.4400E+00, 4.8667E+00,
17:15:24.56413805, 6.9667E+00, 1.4267E+00, 4.8000E+00,
17:15:24.56413810, 7.0000E+00, 1.4267E+00, 4.7333E+00,
17:15:24.56413815, 7.0667E+00, 1.4267E+00, 4.7333E+00,
17:15:24.56413820, 7.1000E+00, 1.4267E+00, 4.9333E+00,
17:15:24.56413825, 7.0667E+00, 1.4533E+00, 4.8667E+00,
17:15:24.56413830, 7.0333E+00, 1.4267E+00, 5.0000E+00,
17:15:24.56413835, 7.0000E+00, 1.4267E+00, 4.8667E+00,
17:15:24.56413840, 6.9667E+00, 1.4267E+00, 4.6667E+00,
17:15:24.56413845, 7.1000E+00, 1.4267E+00, 4.8667E+00,
17:15:24.56413850, 7.1000E+00, 1.4267E+00, 4.9333E+00,
17:15:24.56413855, 7.0667E+00, 1.4400E+00, 4.7333E+00,
17:15:24.56413860, 7.0000E+00, 1.4267E+00, 4.8000E+00,
17:15:24.56413865, 7.0333E+00, 1.4533E+00, 4.8000E+00,
17:15:24.56413870, 7.0333E+00, 1.4533E+00, 4.7333E+00,
17:15:24.56413875, 7.0667E+00, 1.4133E+00, 5.0000E+00,
17:15:24.56413880, 7.0000E+00, 1.4267E+00, 4.8667E+00,
17:15:24.56413885, 7.0667E+00, 1.4000E+00, 4.8667E+00,
17:15:24.56413890, 7.0667E+00, 1.4267E+00, 4.8000E+00,
17:15:24.56413895, 7.0333E+00, 1.4267E+00, 4.9333E+00,
17:15:24.56413900, 7.1000E+00, 1.4000E+00, 4.8667E+00,
17:15:24.56413905, 7.0333E+00, 1.4133E+00, 4.6667E+00,
17:15:24.56413910, 7.0667E+00, 1.4267E+00, 4.8667E+00,
17:15:24.56413915, 7.0000E+00, 1.4267E+00, 4.8000E+00,
17:15:24.56413920, 7.0667E+00, 1.4133E+00, 4.8000E+00,
17:15:24.56413925, 7.0667E+00, 1.4133E+00, 4.9333E+00,
17:15:24.56413930, 7.0667E+00, 1.4400E+00, 4.8000E+00,
17:15:24.56413935, 7.1000E+00, 1.4267E+00, 4.8000E+00,
17:15:24.56413940, 7.0333E+00, 1.4400E+00, 4.8000E+00,
17:15:24.56413945, 7.0667E+00, 1.4267E+00, 4.8667E+00,
17:15:24.56413950, 7.0333E+00, 1.4000E+00, 4.8000E+00,
17:15:24.56413955, 7.0333E+00, 1.4267E+00, 4.7333E+00,
17:15:24.56413960, 7.0333E+00, 1.4267E+00, 4.8667E+00,
17:15:24.56413965, 7.0333E+00, 1.4267E+00, 5.0667E+00,
17:15:24.56413970, 7.0000E+00, 1.4267E+00, 4.8667E+00,
17:15:24.56413975, 7.1000E+00, 1.4267E+00, 4.8667E+00,
17:15:24.56413980, 7.0333E+00, 1.4400E+00, 5.0000E+00,
17:15:24.56413985, 7.0333E+00, 1.4267E+00, 4.8000E+00,
17:15:24.56413990, 7.0667E+00, 1.4267E+00, 4.9333E+00,
17:15:24.56413995, 7.0667E+00, 1.4400E+00, 4.7333E+00,
17:15:24.56414000, 7.0333E+00, 1.4400E+00, 4.6000E+00,
17:15:24.56414005, 7.0000E+00, 1.4267E+00, 4.9333E+00,
17:15:24.56414010, 7.0333E+00, 1.4267E+00, 4.7333E+00,
17:15:24.56414015, 7.0333E+00, 1.4000E+00, 4.9333E+00,
17:15:24.56414020, 7.0000E+00, 1.4133E+00, 4.7333E+00,
17:15:24.56414025, 7.0667E+00, 1.4267E+00, 4.9333E+00,
17:15:24.56414030, 7.0667E+00, 1.4267E+00, 4.8000E+00,
17:15:24.56414035, 6.9667E+00, 1.4267E+00, 4.8000E+00,
17:15:24.56414040, 7.1333E+00, 1.4267E+00, 4.9333E+00,
17:15:24.56414045, 7.0667E+00, 1.4000E+00, 4.8667E+00,
17:15:24.56414050, 7.0667E+00, 1.4400E+00, 4.7333E+00,
17:15:24.56414055, 7.1000E+00, 1.4267E+00, 4.6667E+00,
17:15:24.56414060, 7.0333E+00, 1.4267E+00, 4.9333E+00,
17:15:24.56414065, 7.0333E+00, 1.4267E+00, 4.8667E+00,
17:15:24.56414070, 7.0000E+00, 1.4267E+00, 4.8667E+00,
17:15:24.56414075, 7.0333E+00, 1.4267E+00, 4.8667E+00,
17:15:24.56414080, 7.0667E+00, 1.4267E+00, 5.0667E+00,
17:15:24.56414085, 7.0000E+00, 1.4267E+00, 4.9333E+00,
17:15:24.56414090, 7.0333E+00, 1.4267E+00, 4.6667E+00,
17:15:24.56414095, 7.1000E+00, 1.4267E+00, 4.8667E+00,
17:15:24.56414100, 7.1000E+00, 1.4267E+00, 4.8667E+00,
17:15:24.56414105, 7.1000E+00, 1.4267E+00, 4.8000E+00,
17:15:24.56414110, 6.9333E+00, 1.4267E+00, 5.0000E+00,
17:15:24.56414115, 7.0667E+00, 1.4267E+00, 4.9333E+00,
17:15:24.56414120, 7.0667E+00, 1.4267E+00, 4.9333E+00,
17:15:24.56414125, 7.0000E+00, 1.4133E+00, 4.8667E+00,
17:15:24.56414130, 7.0000E+00, 1.4267E+00, 5.0000E+00,
17:15:24.56414135, 7.1000E+00, 1.4267E+00, 4.7333E+00,
17:15:24.56414140, 7.0667E+00, 1.4267E+00, 4.7333E+00,
17:15:24.56414145, 7.0667E+00, 1.4267E+00, 4.8667E+00,
17:15:24.56414150, 7.0000E+00, 1.4267E+00, 4.8000E+00,
17:15:24.56414155, 7.1000E+00, 1.3733E+00, 5.0667E+00,
17:15:24.56414160, 7.1000E+00, 1.4133E+00, 5.1333E+00,
17:15:24.56414165, 7.0000E+00, 1.4000E+00, 4.9333E+00,
17:15:24.56414170, 7.0333E+00, 1.3867E+00, 5.1333E+00,
17:15:24.56414175, 7.0333E+00, 1.4133E+00, 4.9333E+00,
17:15:24.56414180, 7.0333E+00, 1.4267E+00, 4.8667E+00,
17:15:24.56414185, 7.0000E+00, 1.4267E+00, 4.7333E+00,
17:15:24.56414190, 7.0000E+00, 1.4133E+00, 5.0000E+00,
17:15:24.56414195, 7.0000E+00, 1.4267E+00, 4.9333E+00,
17:15:24.56414200, 6.9667E+00, 1.4267E+00, 4.9333E+00,
17:15:24.56414205, 7.0333E+00, 1.4267E+00, 4.9333E+00,
17:15:24.56414210, 6.9667E+00, 1.3867E+00, 4.9333E+00,
17:15:24.56414215, 7.0667E+00, 1.4133E+00, 4.8667E+00,
17:15:24.56414220, 7.0000E+00, 1.4400E+00, 4.9333E+00,
17:15:24.56414225, 7.0333E+00, 1.4133E+00, 4.9333E+00,
17:15:24.56414230, 7.1000E+00, 1.4267E+00, 4.8667E+00,
17:15:24.56414235, 7.0667E+00, 1.4267E+00, 4.8000E+00,
17:15:24.56414240, 7.0667E+00, 1.4533E+00, 4.8000E+00,
17:15:24.56414245, 7.1000E+00, 1.4267E+00, 4.8000E+00,
17:15:24.56414250, 7.0333E+00, 1.4267E+00, 4.6667E+00,
17:15:24.56414255, 7.0667E+00, 1.4000E+00, 4.8000E+00,
17:15:24.56414260, 7.0667E+00, 1.4267E+00, 4.8667E+00,
17:15:24.56414265, 7.0333E+00, 1.4133E+00, 4.8000E+00,
17:15:24.56414270, 7.1000E+00, 1.4267E+00, 4.9333E+00,
17:15:24.56414275, 7.0667E+00, 1.4267E+00, 4.9333E+00,
17:15:24.56414280, 7.0333E+00, 1.4267E+00, 4.7333E+00,
17:15:24.56414285, 7.1000E+00, 1.4400E+00, 4.7333E+00,
17:15:24.56414290, 7.0667E+00, 1.4133E+00, 4.7333E+00,
17:15:24.56414295, 7.0667E+00, 1.4133E+00, 4.8000E+00,
17:15:24.56414300, 7.0333E+00, 1.4400E+00, 4.8000E+00,
17:15:24.56414305, 7.1000E+00, 1.4267E+00, 5.0667E+00,
17:15:24.56414310, 7.0000E+00, 1.4267E+00, 5.0667E+00,
17:15:24.56414315, 7.1000E+00, 1.4133E+00, 5.0000E+00,
17:15:24.56414320, 7.0000E+00, 1.4267E+00, 5.0000E+00,
17:15:24.56414325, 7.0667E+00, 1.4267E+00, 5.1333E+00,
17:15:24.56414330, 7.0333E+00, 1.4400E+00, 5.0000E+00,
17:15:24.56414335, 7.0667E+00, 1.4267E+00, 5.0000E+00,
17:15:24.56414340, 7.0333E+00, 1.4267E+00, 5.0000E+00,
17:15:24.56414345, 7.0667E+00, 1.4000E+00, 5.0000E+00,
17:15:24.56414350, 7.0333E+00, 1.4000E+00, 4.9333E+00,
17:15:24.56414355, 7.0000E+00, 1.4400E+00, 4.8000E+00,
17:15:24.56414360, 7.1000E+00, 1.4133E+00, 4.8667E+00,
17:15:24.56414365, 7.1333E+00, 1.4000E+00, 4.9333E+00,
17:15:24.56414370, 7.0667E+00, 1.4000E+00, 5.0000E+00,
17:15:24.56414375, 6.9667E+00, 1.4133E+00, 5.1333E+00,
17:15:24.56414380, 7.1000E+00, 1.4267E+00, 4.9333E+00,
17:15:24.56414385, 7.0333E+00, 1.4133E+00, 5.0000E+00,
17:15:24.56414390, 7.0667E+00, 1.4267E+00, 5.0000E+00,
17:15:24.56414395, 7.0667E+00, 1.4267E+00, 5.1333E+00,
17:15:24.56414400, 7.0333E+00, 1.4267E+00, 5.1333E+00,
17:15:24.56414405, 7.0000E+00, 1.4133E+00, 5.0667E+00,
17:15:24.56414410, 7.0333E+00, 1.4267E+00, 4.9333E+00,
17:15:24.56414415, 7.0333E+00, 1.4133E+00, 5.0667E+00,
17:15:24.56414420, 7.0333E+00, 1.4400E+00, 5.1333E+00,
17:15:24.56414425, 7.0333E+00, 1.4267E+00, 4.8667E+00,
17:15:24.56414430, 7.0000E+00, 1.4400E+00, 4.9333E+00,
17:15:24.56414435, 6.9667E+00, 1.4267E+00, 4.8667E+00,
17:15:24.56414440, 7.0333E+00, 1.4000E+00, 5.0000E+00,
17:15:24.56414445, 7.0333E+00, 1.4000E+00, 4.8667E+00,
17:15:24.56414450, 6.9667E+00, 1.4000E+00, 4.8000E+00,
17:15:24.56414455, 7.0333E+00, 1.4133E+00, 5.1333E+00,
17:15:24.56414460, 6.9667E+00, 1.4400E+00, 4.9333E+00,
17:15:24.56414465, 7.1333E+00, 1.4000E+00, 5.1333E+00,
17:15:24.56414470, 7.0333E+00, 1.4000E+00, 5.0000E+00,
17:15:24.56414475, 7.0333E+00, 1.4133E+00, 5.0667E+00,
17:15:24.56414480, 7.0333E+00, 1.4133E+00, 5.1333E+00,
17:15:24.56414485, 7.0000E+00, 1.4267E+00, 5.0667E+00,
17:15:24.56414490, 7.0667E+00, 1.3867E+00, 4.9333E+00,
17:15:24.56414495, 6.9667E+00, 1.4267E+00, 5.1333E+00,
17:15:24.56414500, 6.9000E+00, 1.4000E+00, 5.1333E+00,
17:15:24.56414505, 7.0333E+00, 1.4267E+00, 5.0667E+00,
17:15:24.56414510, 7.0667E+00, 1.4267E+00, 5.0667E+00,
17:15:24.56414515, 7.0667E+00, 1.4267E+00, 5.0667E+00,
17:15:24.56414520, 7.0333E+00, 1.4267E+00, 5.0000E+00,
17:15:24.56414525, 7.1000E+00, 1.4267E+00, 4.8667E+00,
17:15:24.56414530, 7.0333E+00, 1.4133E+00, 5.0667E+00,
17:15:24.56414535, 7.0000E+00, 1.4000E+00, 4.9333E+00,
17:15:24.56414540, 7.0333E+00, 1.3867E+00, 5.1333E+00,
17:15:24.56414545, 7.0667E+00, 1.4267E+00, 5.1333E+00,
17:15:24.56414550, 7.0000E+00, 1.4267E+00, 5.1333E+00,
17:15:24.56414555, 7.0333E+00, 1.4267E+00, 5.1333E+00,
17:15:24.56414560, 7.1000E+00, 1.4133E+00, 5.1333E+00,
17:15:24.56414565, 7.0333E+00, 1.4267E+00, 5.1333E+00,
17:15:24.56414570, 7.0333E+00, 1.4000E+00, 5.0000E+00,
17:15:24.56414575, 7.0333E+00, 1.4133E+00, 5.0667E+00,
17:15:24.56414580, 7.0000E+00, 1.4267E+00, 5.1333E+00,
17:15:24.56414585, 7.0667E+00, 1.4000E+00, 4.9333E+00,
17:15:24.56414590, 7.0333E+00, 1.4000E+00, 5.1333E+00,
17:15:24.56414595, 7.0333E+00, 1.3733E+00, 5.0000E+00,
17:15:24.56414600, 7.0667E+00, 1.4267E+00, 5.0000E+00,
17:15:24.56414605, 6.9667E+00, 1.4133E+00, 5.0667E+00,
17:15:24.56414610, 7.0000E+00, 1.4133E+00, 5.0667E+00,
17:15:24.56414615, 7.1000E+00, 1.4267E+00, 5.0000E+00,
17:15:24.56414620, 7.0333E+00, 1.4133E+00, 5.1333E+00,
17:15:24.56414625, 7.0333E+00, 1.4133E+00, 5.0000E+00,
17:15:24.56414630, 7.0000E+00, 1.4267E+00, 4.9333E+00,
17:15:24.56414635, 7.0667E+00, 1.4133E+00, 5.1333E+00,
17:15:24.56414640, 7.0333E+00, 1.4267E+00, 5.0667E+00,
17:15:24.56414645, 7.0000E+00, 1.4267E+00, 5.1333E+00,
17:15:24.56414650, 7.0000E+00, 1.4267E+00, 5.2667E+00,
17:15:24.56414655, 7.0000E+00, 1.4133E+00, 5.1333E+00,
17:15:24.56414660, 7.0667E+00, 1.4000E+00, 5.1333E+00,
17:15:24.56414665, 7.0667E+00, 1.4267E+00, 5.2667E+00,
17:15:24.56414670, 7.0333E+00, 1.4267E+00, 5.1333E+00,
17:15:24.56414675, 7.0333E+00, 1.4000E+00, 5.0667E+00,
17:15:24.56414680, 7.0667E+00, 1.4400E+00, 5.1333E+00,
17:15:24.56414685, 7.0000E+00, 1.4267E+00, 5.1333E+00,
17:15:24.56414690, 7.0000E+00, 1.4267E+00, 5.2667E+00,
17:15:24.56414695, 7.0333E+00, 1.4267E+00, 5.1333E+00,
17:15:24.56414700, 7.0333E+00, 1.4133E+00, 5.2000E+00,
17:15:24.56414705, 7.0000E+00, 1.4267E+00, 5.1333E+00,
17:15:24.56414710, 7.0667E+00, 1.4267E+00, 5.1333E+00,
17:15:24.56414715, 7.0000E+00, 1.4133E+00, 5.3333E+00,
17:15:24.56414720, 7.0667E+00, 1.4267E+00, 5.0000E+00,
17:15:24.56414725, 7.0000E+00, 1.4133E+00, 5.0000E+00,
17:15:24.56414730, 7.0333E+00, 1.4000E+00, 5.1333E+00,
17:15:24.56414735, 7.0000E+00, 1.4133E+00, 5.0000E+00,
17:15:24.56414740, 7.0333E+00, 1.3733E+00, 5.0667E+00,
17:15:24.56414745, 7.1000E+00, 1.4000E+00, 5.1333E+00,
17:15:24.56414750, 6.9667E+00, 1.4000E+00, 5.1333E+00,
17:15:24.56414755, 7.0000E+00, 1.4267E+00, 5.1333E+00,
17:15:24.56414760, 7.0667E+00, 1.4267E+00, 5.2000E+00,
17:15:24.56414765, 7.0667E+00, 1.4000E+00, 5.2667E+00,
17:15:24.56414770, 7.0667E+00, 1.4267E+00, 5.0667E+00,
17:15:24.56414775, 7.0667E+00, 1.3867E+00, 5.0667E+00,
17:15:24.56414780, 7.0667E+00, 1.4133E+00, 5.1333E+00,
17:15:24.56414785, 7.0333E+00, 1.3867E+00, 5.0667E+00,
17:15:24.56414790, 7.0667E+00, 1.4000E+00, 5.0667E+00,
17:15:24.56414795, 7.0333E+00, 1.4133E+00, 5.1333E+00,
17:15:24.56414800, 7.0667E+00, 1.4133E+00, 5.1333E+00,
17:15:24.56414805, 7.0000E+00, 1.4267E+00, 5.1333E+00,
17:15:24.56414810, 7.0667E+00, 1.4267E+00, 5.3333E+00,
17:15:24.56414815, 7.0333E+00, 1.4000E+00, 5.2667E+00,
17:15:24.56414820, 7.0333E+00, 1.4000E+00, 5.2000E+00,
17:15:24.56414825, 7.0667E+00, 1.4133E+00, 5.0000E+00,
17:15:24.56414830, 7.0000E+00, 1.3867E+00, 5.1333E+00,
17:15:24.56414835, 7.0000E+00, 1.4267E+00, 5.0667E+00,
17:15:24.56414840, 7.0667E+00, 1.4400E+00, 5.1333E+00,
17:15:24.56414845, 7.0000E+00, 1.4267E+00, 5.1333E+00,
17:15:24.56414850, 7.0667E+00, 1.4267E+00, 5.1333E+00,
17:15:24.56414855, 7.0667E+00, 1.4267E+00, 5.2667E+00,
17:15:24.56414860, 7.0667E+00, 1.4133E+00, 5.3333E+00,
17:15:24.56414865, 7.0333E+00, 1.4000E+00, 5.2667E+00,
17:15:24.56414870, 7.0667E+00, 1.4133E+00, 5.2000E+00,
17:15:24.56414875, 7.0333E+00, 1.4267E+00, 5.1333E+00,
17:15:24.56414880, 6.9667E+00, 1.4267E+00, 5.2000E+00,
17:15:24.56414885, 6.9333E+00, 1.4133E+00, 5.2000E+00,
17:15:24.56414890, 7.0333E+00, 1.4267E+00, 5.2667E+00,
17:15:24.56414895, 7.0333E+00, 1.4267E+00, 5.3333E+00,
17:15:24.56414900, 7.1333E+00, 1.4267E+00, 5.2000E+00,
17:15:24.56414905, 7.0667E+00, 1.4267E+00, 5.0667E+00,
17:15:24.56414910, 7.1000E+00, 1.4000E+00, 5.2667E+00,
17:15:24.56414915, 7.0333E+00, 1.4267E+00, 5.2667E+00,
17:15:24.56414920, 7.0000E+00, 1.3733E+00, 5.1333E+00,
17:15:24.56414925, 7.0333E+00, 1.4267E+00, 5.1333E+00,
17:15:24.56414930, 7.0333E+00, 1.4133E+00, 5.1333E+00,
17:15:24.56414935, 7.0333E+00, 1.4133E+00, 5.2000E+00,
17:15:24.56414940, 7.0333E+00, 1.4000E+00, 5.2667E+00,
17:15:24.56414945, 7.0667E+00, 1.4133E+00, 5.3333E+00,
17:15:24.56414950, 7.0000E+00, 1.4267E+00, 5.2000E+00,
17:15:24.56414955, 7.1000E+00, 1.4267E+00, 5.1333E+00,
17:15:24.56414960, 6.9667E+00, 1.4000E+00, 5.1333E+00,
17:15:24.56414965, 7.0667E+00, 1.4267E+00, 5.1333E+00,
17:15:24.56414970, 7.0333E+00, 1.4267E+00, 5.2000E+00,
17:15:24.56414975, 6.9667E+00, 1.4133E+00, 5.1333E+00,
17:15:24.56414980, 6.9667E+00, 1.4267E+00, 5.0667E+00,
17:15:24.56414985, 7.0000E+00, 1.4133E+00, 5.4000E+00,
17:15:24.56414990, 7.0333E+00, 1.4133E+00, 5.2000E+00,
17:15:24.56414995, 6.9333E+00, 1.4267E+00, 5.1333E+00,
17:15:24.56415000, 7.0000E+00, 1.4267E+00, 5.4000E+00,
17:15:24.56415005, 7.1333E+00, 1.4133E+00, 5.1333E+00,
17:15:24.56415010, 6.9667E+00, 1.4133E+00, 5.2667E+00,
17:15:24.56415015, 7.0667E+00, 1.4000E+00, 5.1333E+00,
17:15:24.56415020, 7.0000E+00, 1.4400E+00, 5.1333E+00,
17:15:24.56415025, 7.0000E+00, 1.4000E+00, 5.2000E+00,
17:15:24.56415030, 7.0000E+00, 1.4133E+00, 5.1333E+00,
17:15:24.56415035, 7.0000E+00, 1.4267E+00, 5.1333E+00,
17:15:24.56415040, 7.1000E+00, 1.4133E+00, 5.4000E+00,
17:15:24.56415045, 7.0000E+00, 1.4267E+00, 5.3333E+00,
17:15:24.56415050, 7.0333E+00, 1.4133E+00, 5.3333E+00,
17:15:24.56415055, 7.0333E+00, 1.4000E+00, 5.0000E+00,
17:15:24.56415060, 7.0333E+00, 1.4133E+00, 5.2000E+00,
17:15:24.56415065, 7.0333E+00, 1.4267E+00, 5.1333E+00,
17:15:24.56415070, 7.0000E+00, 1.4267E+00, 5.1333E+00,
17:15:24.56415075, 7.0000E+00, 1.4267E+00, 5.2000E+00,
17:15:24.56415080, 7.0333E+00, 1.4267E+00, 5.1333E+00,
17:15:24.56415085, 7.1000E+00, 1.4267E+00, 5.3333E+00,
17:15:24.56415090, 7.0667E+00, 1.4267E+00, 5.3333E+00,
17:15:24.56415095, 7.0333E+00, 1.4267E+00, 5.1333E+00,
17:15:24.56415100, 7.1333E+00, 1.4400E+00, 5.2000E+00,
17:15:24.56415105, 7.0000E+00, 1.4267E+00, 5.4000E+00,
17:15:24.56415110, 7.0000E+00, 1.3867E+00, 5.4000E+00,
17:15:24.56415115, 7.0000E+00, 1.4133E+00, 5.3333E+00,
17:15:24.56415120, 7.0000E+00, 1.4133E+00, 5.2667E+00,
17:15:24.56415125, 6.9667E+00, 1.4267E+00, 5.3333E+00,
17:15:24.56415130, 7.0333E+00, 1.4133E+00, 5.2000E+00,
17:15:24.56415135, 7.0000E+00, 1.4267E+00, 5.4667E+00,
17:15:24.56415140, 7.0333E+00, 1.4267E+00, 5.4000E+00,
17:15:24.56415145, 7.0000E+00, 1.4267E+00, 5.3333E+00,
17:15:24.56415150, 7.0333E+00, 1.4000E+00, 5.2667E+00,
17:15:24.56415155, 7.1000E+00, 1.4133E+00, 5.1333E+00,
17:15:24.56415160, 6.9667E+00, 1.4133E+00, 5.2667E+00,
17:15:24.56415165, 6.9667E+00, 1.4000E+00, 5.2000E+00,
17:15:24.56415170, 7.0000E+00, 1.4267E+00, 5.1333E+00,
17:15:24.56415175, 7.0667E+00, 1.4267E+00, 5.1333E+00,
17:15:24.56415180, 7.0333E+00, 1.4267E+00, 5.2667E+00,
17:15:24.56415185, 7.0667E+00, 1.4000E+00, 5.2667E+00,
17:15:24.56415190, 7.0333E+00, 1.4267E+00, 5.5333E+00,
17:15:24.56415195, 7.1333E+00, 1.4267E+00, 5.3333E+00,
17:15:24.56415200, 7.0667E+00, 1.4133E+00, 5.4667E+00,
17:15:24.56415205, 7.0667E+00, 1.4133E+00, 5.3333E+00,
17:15:24.56415210, 7.0333E+00, 1.3867E+00, 5.0667E+00,
17:15:24.56415215, 7.0333E+00, 1.4133E+00, 5.2000E+00,
17:15:24.56415220, 7.0333E+00, 1.4267E+00, 5.2667E+00,
17:15:24.56415225, 6.9667E+00, 1.4133E+00, 5.4000E+00,
17:15:24.56415230, 7.0333E+00, 1.4267E+00, 5.2000E+00,
17:15:24.56415235, 7.0333E+00, 1.4267E+00, 5.2000E+00,
17:15:24.56415240, 7.0667E+00, 1.4267E+00, 5.1333E+00,
17:15:24.56415245, 7.0667E+00, 1.4267E+00, 5.3333E+00,
17:15:24.56415250, 7.1000E+00, 1.4400E+00, 5.2667E+00,
17:15:24.56415255, 7.0000E+00, 1.4133E+00, 5.2667E+00,
17:15:24.56415260, 6.9667E+00, 1.4267E+00, 5.2000E+00,
17:15:24.56415265, 7.0333E+00, 1.4267E+00, 5.0667E+00,
17:15:24.56415270, 7.0667E+00, 1.4267E+00, 5.2667E+00,
17:15:24.56415275, 7.0000E+00, 1.4533E+00, 5.2000E+00,
17:15:24.56415280, 7.0333E+00, 1.4267E+00, 5.3333E+00,
17:15:24.56415285, 7.0667E+00, 1.4133E+00, 5.3333E+00,
17:15:24.56415290, 7.0333E+00, 1.4267E+00, 5.4000E+00,
17:15:24.56415295, 7.0333E+00, 1.4133E+00, 5.5333E+00,
17:15:24.56415300, 7.0333E+00, 1.4267E+00, 5.3333E+00,
17:15:24.56415305, 7.0333E+00, 1.4400E+00, 5.2667E+00,
17:15:24.56415310, 7.1000E+00, 1.4133E+00, 5.4667E+00,
17:15:24.56415315, 6.9333E+00, 1.4133E+00, 5.2667E+00,
17:15:24.56415320, 7.0333E+00, 1.4267E+00, 5.3333E+00,
17:15:24.56415325, 7.0667E+00, 1.4267E+00, 5.4000E+00,
17:15:24.56415330, 7.0000E+00, 1.4267E+00, 5.5333E+00,
17:15:24.56415335, 7.0667E+00, 1.4000E+00, 5.4000E+00,
17:15:24.56415340, 6.9667E+00, 1.4267E+00, 5.1333E+00,
17:15:24.56415345, 7.0333E+00, 1.4267E+00, 5.2000E+00,
17:15:24.56415350, 6.9667E+00, 1.4133E+00, 5.4000E+00,
17:15:24.56415355, 6.9667E+00, 1.4133E+00, 5.4667E+00,
17:15:24.56415360, 7.0667E+00, 1.4267E+00, 5.0667E+00,
17:15:24.56415365, 7.0333E+00, 1.4000E+00, 5.4667E+00,
17:15:24.56415370, 7.0667E+00, 1.4667E+00, 5.3333E+00,
17:15:24.56415375, 7.0000E+00, 1.4133E+00, 5.5333E+00,
17:15:24.56415380, 7.0333E+00, 1.4267E+00, 5.2667E+00,
17:15:24.56415385, 7.0667E+00, 1.4267E+00, 5.4667E+00,
17:15:24.56415390, 7.0667E+00, 1.4267E+00, 5.6000E+00,
17:15:24.56415395, 7.0333E+00, 1.4267E+00, 5.3333E+00,
17:15:24.56415400, 7.0667E+00, 1.4267E+00, 5.2667E+00,
17:15:24.56415405, 7.0000E+00, 1.4267E+00, 5.2000E+00,
17:15:24.56415410, 7.0333E+00, 1.4267E+00, 5.2000E+00,
17:15:24.56415415, 6.9667E+00, 1.4267E+00, 5.1333E+00,
17:15:24.56415420, 7.0333E+00, 1.4133E+00, 5.3333E+00,
17:15:24.56415425, 7.0000E+00, 1.4400E+00, 5.4000E+00,
17:15:24.56415430, 7.0333E+00, 1.4000E+00, 5.4000E+00,
17:15:24.56415435, 7.1000E+00, 1.4133E+00, 5.3333E+00,
17:15:24.56415440, 7.0667E+00, 1.4133E+00, 5.2000E+00,
17:15:24.56415445, 7.0000E+00, 1.4267E+00, 5.3333E+00,
17:15:24.56415450, 7.0000E+00, 1.4267E+00, 5.2000E+00,
17:15:24.56415455, 7.0000E+00, 1.4133E+00, 5.2667E+00,
17:15:24.56415460, 7.0333E+00, 1.4133E+00, 5.3333E+00,
17:15:24.56415465, 7.0000E+00, 1.3867E+00, 5.3333E+00,
17:15:24.56415470, 7.0667E+00, 1.4000E+00, 5.2667E+00,
17:15:24.56415475, 7.0667E+00, 1.4267E+00, 5.2000E+00,
17:15:24.56415480, 7.1000E+00, 1.4267E+00, 5.4000E+00,
17:15:24.56415485, 7.0667E+00, 1.4133E+00, 5.2000E+00,
17:15:24.56415490, 7.0667E+00, 1.4400E+00, 5.3333E+00,
17:15:24.56415495, 7.0667E+00, 1.4267E+00, 5.3333E+00,
17:15:24.56415500, 7.0333E+00, 1.4267E+00, 5.2000E+00,
17:15:24.56415505, 7.1000E+00, 1.4267E+00, 5.2000E+00,
17:15:24.56415510, 6.9667E+00, 1.4267E+00, 5.3333E+00,
17:15:24.56415515, 7.0667E+00, 1.4267E+00, 5.3333E+00,
17:15:24.56415520, 7.0333E+00, 1.4400E+00, 5.2667E+00,
17:15:24.56415525, 6.9667E+00, 1.4267E+00, 5.5333E+00,
17:15:24.56415530, 7.1000E+00, 1.4267E+00, 5.3333E+00,
17:15:24.56415535, 7.0000E+00, 1.4267E+00, 5.4000E+00,
17:15:24.56415540, 7.1000E+00, 1.4133E+00, 5.3333E+00,
17:15:24.56415545, 7.0333E+00, 1.4533E+00, 5.1333E+00,
17:15:24.56415550, 6.9667E+00, 1.4267E+00, 5.4667E+00,
17:15:24.56415555, 7.0333E+00, 1.4267E+00, 5.3333E+00,
17:15:24.56415560, 7.0667E+00, 1.4267E+00, 5.1333E+00,
17:15:24.56415565, 7.0333E+00, 1.4533E+00, 5.2667E+00,
17:15:24.56415570, 7.0333E+00, 1.4267E+00, 5.2667E+00,
17:15:24.56415575, 7.0333E+00, 1.4267E+00, 5.2667E+00,
17:15:24.56415580, 7.0333E+00, 1.4267E+00, 5.3333E+00,
17:15:24.56415585, 7.0333E+00, 1.4400E+00, 5.2667E+00,
17:15:24.56415590, 7.1000E+00, 1.4133E+00, 5.3333E+00,
17:15:24.56415595, 7.0000E+00, 1.4267E+00, 5.4000E+00,
17:15:24.56415600, 7.0667E+00, 1.4267E+00, 5.3333E+00,
17:15:24.56415605, 6.9667E+00, 1.4667E+00, 5.3333E+00,
17:15:24.56415610, 7.0000E+00, 1.4267E+00, 5.4000E+00,
17:15:24.56415615, 7.1000E+00, 1.4267E+00, 5.2667E+00,
17:15:24.56415620, 7.0333E+00, 1.4133E+00, 5.4000E+00,
17:15:24.56415625, 7.0000E+00, 1.4267E+00, 5.2667E+00,
17:15:24.56415630, 7.1000E+00, 1.4400E+00, 5.2667E+00,
17:15:24.56415635, 7.0667E+00, 1.4267E+00, 5.2667E+00,
17:15:24.56415640, 7.0667E+00, 1.4267E+00, 5.3333E+00,
17:15:24.56415645, 7.0667E+00, 1.4267E+00, 5.2000E+00,
17:15:24.56415650, 7.0000E+00, 1.4267E+00, 5.2667E+00,
17:15:24.56415655, 6.9667E+00, 1.4133E+00, 5.2667E+00,
17:15:24.56415660, 7.0667E+00, 1.4133E+00, 5.2000E+00,
17:15:24.56415665, 7.0333E+00, 1.4267E+00, 5.2667E+00,
17:15:24.56415670, 7.0000E+00, 1.4133E+00, 5.2667E+00,
17:15:24.56415675, 7.0667E+00, 1.4000E+00, 5.3333E+00,
17:15:24.56415680, 7.0667E+00, 1.4267E+00, 5.4667E+00,
17:15:24.56415685, 7.0667E+00, 1.4133E+00, 5.4000E+00,
17:15:24.56415690, 7.0667E+00, 1.4267E+00, 5.3333E+00,
17:15:24.56415695, 7.0000E+00, 1.4667E+00, 5.3333E+00,
17:15:24.56415700, 7.1000E+00, 1.4267E+00, 5.3333E+00,
17:15:24.56415705, 7.1000E+00, 1.4267E+00, 5.2667E+00,
17:15:24.56415710, 7.0333E+00, 1.4533E+00, 5.2000E+00,
17:15:24.56415715, 7.0667E+00, 1.4267E+00, 5.2667E+00,
17:15:24.56415720, 7.0000E+00, 1.4533E+00, 5.3333E+00,
17:15:24.56415725, 7.1333E+00, 1.4267E+00, 5.3333E+00,
17:15:24.56415730, 7.1000E+00, 1.4267E+00, 5.3333E+00,
17:15:24.56415735, 7.0333E+00, 1.4267E+00, 5.3333E+00,
17:15:24.56415740, 7.0667E+00, 1.4267E+00, 5.3333E+00,
17:15:24.56415745, 7.0667E+00, 1.4533E+00, 5.1333E+00,
17:15:24.56415750, 7.0000E+00, 1.4400E+00, 5.4000E+00,
17:15:24.56415755, 7.0667E+00, 1.4533E+00, 5.2000E+00,
17:15:24.56415760, 7.0333E+00, 1.4267E+00, 5.2000E+00,
17:15:24.56415765, 7.0667E+00, 1.4267E+00, 5.2667E+00,
17:15:24.56415770, 7.0333E+00, 1.4400E+00, 5.3333E+00,
17:15:24.56415775, 7.0000E+00, 1.3867E+00, 5.2667E+00,
17:15:24.56415780, 7.0000E+00, 1.4400E+00, 5.4000E+00,
17:15:24.56415785, 7.0000E+00, 1.4267E+00, 5.4000E+00,
17:15:24.56415790, 6.9000E+00, 1.4400E+00, 5.2667E+00,
17:15:24.56415795, 7.0000E+00, 1.4400E+00, 5.1333E+00,
17:15:24.56415800, 7.0667E+00, 1.4533E+00, 5.1333E+00,
17:15:24.56415805, 7.0333E+00, 1.4133E+00, 5.2000E+00,
17:15:24.56415810, 7.0667E+00, 1.4400E+00, 5.2667E+00,
17:15:24.56415815, 7.0333E+00, 1.4267E+00, 5.3333E+00,
17:15:24.56415820, 7.0000E+00, 1.4267E+00, 5.2000E+00,
17:15:24.56415825, 7.1333E+00, 1.4267E+00, 5.2000E+00,
17:15:24.56415830, 7.0667E+00, 1.4267E+00, 5.2667E+00,
17:15:24.56415835, 7.0000E+00, 1.4267E+00, 5.1333E+00,
17:15:24.56415840, 7.0667E+00, 1.4267E+00, 5.2000E+00,
17:15:24.56415845, 7.0000E+00, 1.4533E+00, 5.2000E+00,
17:15:24.56415850, 7.0000E+00, 1.4400E+00, 5.1333E+00,
17:15:24.56415855, 7.0667E+00, 1.4267E+00, 5.1333E+00,
17:15:24.56415860, 7.1000E+00, 1.4267E+00, 5.4000E+00,
17:15:24.56415865, 7.0667E+00, 1.4667E+00, 5.4000E+00,
17:15:24.56415870, 7.0333E+00, 1.4267E+00, 5.2000E+00,
17:15:24.56415875, 7.0667E+00, 1.4400E+00, 5.2667E+00,
17:15:24.56415880, 7.0667E+00, 1.4267E+00, 5.4000E+00,
17:15:24.56415885, 7.0000E+00, 1.4133E+00, 5.1333E+00,
17:15:24.56415890, 7.0667E+00, 1.4533E+00, 5.2000E+00,
17:15:24.56415895, 6.9667E+00, 1.4267E+00, 5.2000E+00,
17:15:24.56415900, 7.0333E+00, 1.4267E+00, 5.3333E+00,
17:15:24.56415905, 7.0333E+00, 1.4667E+00, 5.2667E+00,
17:15:24.56415910, 7.0333E+00, 1.4267E+00, 5.4000E+00,
17:15:24.56415915, 7.0333E+00, 1.4533E+00, 5.2000E+00,
17:15:24.56415920, 7.1333E+00, 1.4133E+00, 5.4000E+00,
17:15:24.56415925, 7.1000E+00, 1.4800E+00, 5.2667E+00,
17:15:24.56415930, 7.0667E+00, 1.4267E+00, 5.3333E+00,
17:15:24.56415935, 7.0333E+00, 1.4267E+00, 5.1333E+00,
17:15:24.56415940, 7.0333E+00, 1.4267E+00, 5.2000E+00,
17:15:24.56415945, 7.0667E+00, 1.4267E+00, 5.2000E+00,
17:15:24.56415950, 7.0000E+00, 1.4400E+00, 5.0667E+00,
17:15:24.56415955, 7.0000E+00, 1.4267E+00, 5.0667E+00,
17:15:24.56415960, 7.1333E+00, 1.4267E+00, 5.2000E+00,
17:15:24.56415965, 7.0667E+00, 1.4267E+00, 5.1333E+00,
17:15:24.56415970, 7.0000E+00, 1.4267E+00, 5.1333E+00,
17:15:24.56415975, 7.0333E+00, 1.4267E+00, 5.1333E+00,
17:15:24.56415980, 7.0333E+00, 1.4400E+00, 5.1333E+00,
17:15:24.56415985, 6.9667E+00, 1.4267E+00, 5.3333E+00,
17:15:24.56415990, 7.0667E+00, 1.4267E+00, 5.1333E+00,
17:15:24.56415995, 7.0667E+00, 1.4400E+00, 5.1333E+00,
17:15:24.56416000, 7.0000E+00, 1.4267E+00, 5.2667E+00,
17:15:24.56416005, 7.0333E+00, 1.4133E+00, 5.2667E+00,
17:15:24.56416010, 7.0333E+00, 1.4400E+00, 5.2667E+00,
17:15:24.56416015, 7.1000E+00, 1.4267E+00, 5.4000E+00,
17:15:24.56416020, 7.0333E+00, 1.4267E+00, 5.1333E+00,
17:15:24.56416025, 7.0000E+00, 1.4400E+00, 5.2000E+00,
17:15:24.56416030, 7.0333E+00, 1.4400E+00, 5.2667E+00,
17:15:24.56416035, 7.0000E+00, 1.4267E+00, 5.1333E+00,
17:15:24.56416040, 7.0000E+00, 1.4267E+00, 5.1333E+00,
17:15:24.56416045, 7.0000E+00, 1.4267E+00, 5.1333E+00,
17:15:24.56416050, 7.0667E+00, 1.4133E+00, 5.1333E+00,
17:15:24.56416055, 7.1000E+00, 1.4533E+00, 5.2667E+00,
17:15:24.56416060, 7.0333E+00, 1.4267E+00, 5.2000E+00,
17:15:24.56416065, 7.0667E+00, 1.4267E+00, 5.2000E+00,
17:15:24.56416070, 6.9667E+00, 1.4267E+00, 5.3333E+00,
17:15:24.56416075, 7.0667E+00, 1.4400E+00, 5.2000E+00,
17:15:24.56416080, 7.0667E+00, 1.4400E+00, 5.0667E+00,
17:15:24.56416085, 7.1000E+00, 1.4267E+00, 5.0000E+00,
17:15:24.56416090, 7.0333E+00, 1.4400E+00, 5.2667E+00,
17:15:24.56416095, 7.0000E+00, 1.4267E+00, 5.3333E+00,
17:15:24.56416100, 7.0667E+00, 1.4267E+00, 5.1333E+00,
17:15:24.56416105, 7.0000E+00, 1.4267E+00, 5.2000E+00,
17:15:24.56416110, 7.0333E+00, 1.4267E+00, 5.1333E+00,
17:15:24.56416115, 7.0000E+00, 1.4267E+00, 5.1333E+00,
17:15:24.56416120, 7.0000E+00, 1.4267E+00, 5.2667E+00,
17:15:24.56416125, 7.0667E+00, 1.4400E+00, 5.1333E+00,
17:15:24.56416130, 7.0333E+00, 1.4267E+00, 5.2000E+00,
17:15:24.56416135, 7.0000E+00, 1.4267E+00, 5.1333E+00,
17:15:24.56416140, 7.0333E+00, 1.4400E+00, 5.1333E+00,
17:15:24.56416145, 7.1000E+00, 1.4400E+00, 5.0667E+00,
17:15:24.56416150, 7.0000E+00, 1.4400E+00, 5.0667E+00,
17:15:24.56416155, 7.1000E+00, 1.4267E+00, 5.2000E+00,
17:15:24.56416160, 7.0333E+00, 1.4267E+00, 5.1333E+00,
17:15:24.56416165, 7.0000E+00, 1.4267E+00, 5.2667E+00,
17:15:24.56416170, 7.0000E+00, 1.4400E+00, 5.2000E+00,
17:15:24.56416175, 7.0333E+00, 1.4267E+00, 5.1333E+00,
17:15:24.56416180, 7.0333E+00, 1.4800E+00, 5.3333E+00,
17:15:24.56416185, 7.0000E+00, 1.4400E+00, 5.1333E+00,
17:15:24.56416190, 7.0667E+00, 1.4267E+00, 5.1333E+00,
17:15:24.56416195, 7.0333E+00, 1.4400E+00, 5.2667E+00,
17:15:24.56416200, 7.0000E+00, 1.4267E+00, 5.1333E+00,
17:15:24.56416205, 7.0333E+00, 1.4533E+00, 5.2000E+00,
17:15:24.56416210, 7.1000E+00, 1.4400E+00, 5.1333E+00,
17:15:24.56416215, 6.9667E+00, 1.4133E+00, 5.2667E+00,
17:15:24.56416220, 7.0000E+00, 1.4267E+00, 5.2000E+00,
17:15:24.56416225, 7.0000E+00, 1.4267E+00, 5.1333E+00,
17:15:24.56416230, 7.0333E+00, 1.4267E+00, 5.1333E+00,
17:15:24.56416235, 6.9667E+00, 1.4400E+00, 4.8000E+00,
17:15:24.56416240, 7.0333E+00, 1.4267E+00, 5.0000E+00,
17:15:24.56416245, 7.0333E+00, 1.4400E+00, 5.1333E+00,
17:15:24.56416250, 7.0333E+00, 1.4133E+00, 5.2000E+00,
17:15:24.56416255, 7.0333E+00, 1.4267E+00, 5.2000E+00,
17:15:24.56416260, 7.0333E+00, 1.4400E+00, 5.2667E+00,
17:15:24.56416265, 7.0000E+00, 1.4133E+00, 5.2000E+00,
17:15:24.56416270, 7.1000E+00, 1.4000E+00, 5.1333E+00,
17:15:24.56416275, 7.0333E+00, 1.4267E+00, 5.2000E+00,
17:15:24.56416280, 7.0333E+00, 1.4400E+00, 5.0667E+00,
17:15:24.56416285, 7.1000E+00, 1.4267E+00, 5.1333E+00,
17:15:24.56416290, 7.0333E+00, 1.4267E+00, 5.0667E+00,
17:15:24.56416295, 7.0667E+00, 1.4133E+00, 5.1333E+00,
17:15:24.56416300, 7.0667E+00, 1.4667E+00, 5.4000E+00,
17:15:24.56416305, 7.0333E+00, 1.4267E+00, 5.1333E+00,
17:15:24.56416310, 7.0333E+00, 1.4400E+00, 5.2000E+00,
17:15:24.56416315, 7.0333E+00, 1.4267E+00, 5.2667E+00,
17:15:24.56416320, 7.1000E+00, 1.4267E+00, 5.2667E+00,
17:15:24.56416325, 7.0667E+00, 1.4400E+00, 5.2000E+00,
17:15:24.56416330, 7.0000E+00, 1.4267E+00, 5.1333E+00,
17:15:24.56416335, 7.0000E+00, 1.4533E+00, 5.0667E+00,
17:15:24.56416340, 7.0333E+00, 1.4400E+00, 5.1333E+00,
17:15:24.56416345, 7.0667E+00, 1.4267E+00, 5.0000E+00,
17:15:24.56416350, 7.0333E+00, 1.4400E+00, 5.0667E+00,
17:15:24.56416355, 7.0000E+00, 1.4400E+00, 5.0000E+00,
17:15:24.56416360, 7.1000E+00, 1.4000E+00, 5.2000E+00,
17:15:24.56416365, 7.0333E+00, 1.4267E+00, 5.4000E+00,
17:15:24.56416370, 7.0667E+00, 1.4267E+00, 5.1333E+00,
17:15:24.56416375, 7.0333E+00, 1.4267E+00, 5.0667E+00,
17:15:24.56416380, 7.0000E+00, 1.4267E+00, 5.0000E+00,
17:15:24.56416385, 7.0000E+00, 1.4400E+00, 5.2000E+00,
17:15:24.56416390, 7.0667E+00, 1.4267E+00, 5.2000E+00,
17:15:24.56416395, 7.0667E+00, 1.4267E+00, 5.3333E+00,
17:15:24.56416400, 7.0333E+00, 1.4000E+00, 5.1333E+00,
17:15:24.56416405, 7.0000E+00, 1.4267E+00, 5.1333E+00,
17:15:24.56416410, 7.0333E+00, 1.4267E+00, 5.2000E+00,
17:15:24.56416415, 7.0333E+00, 1.4133E+00, 5.2000E+00,
17:15:24.56416420, 7.0000E+00, 1.4133E+00, 5.1333E+00,
17:15:24.56416425, 7.0667E+00, 1.4667E+00, 5.2000E+00,
17:15:24.56416430, 7.0333E+00, 1.4133E+00, 5.0667E+00,
17:15:24.56416435, 7.1000E+00, 1.4267E+00, 5.0000E+00,
17:15:24.56416440, 7.0000E+00, 1.4267E+00, 5.1333E+00,
17:15:24.56416445, 7.0000E+00, 1.4267E+00, 5.1333E+00,
17:15:24.56416450, 7.0333E+00, 1.4267E+00, 5.1333E+00,
17:15:24.56416455, 7.1000E+00, 1.4267E+00, 5.0667E+00,
17:15:24.56416460, 7.0333E+00, 1.4267E+00, 5.2667E+00,
17:15:24.56416465, 7.0000E+00, 1.4133E+00, 5.2000E+00,
17:15:24.56416470, 7.0000E+00, 1.4400E+00, 5.2667E+00,
17:15:24.56416475, 7.0333E+00, 1.4267E+00, 5.1333E+00,
17:15:24.56416480, 7.0333E+00, 1.4267E+00, 5.1333E+00,
17:15:24.56416485, 7.0667E+00, 1.4400E+00, 5.0667E+00,
17:15:24.56416490, 7.0333E+00, 1.4267E+00, 5.1333E+00,
17:15:24.56416495, 7.0000E+00, 1.4267E+00, 5.0667E+00,
17:15:24.56416500, 7.0333E+00, 1.4000E+00, 5.4667E+00,
17:15:24.56416505, 7.1000E+00, 1.4133E+00, 5.0667E+00,
17:15:24.56416510, 6.9667E+00, 1.4667E+00, 5.2000E+00,
17:15:24.56416515, 7.0667E+00, 1.4267E+00, 5.1333E+00,
17:15:24.56416520, 7.0000E+00, 1.4400E+00, 5.0000E+00,
17:15:24.56416525, 7.0667E+00, 1.4267E+00, 5.0000E+00,
17:15:24.56416530, 7.1000E+00, 1.4400E+00, 5.1333E+00,
17:15:24.56416535, 7.1000E+00, 1.4400E+00, 5.1333E+00,
17:15:24.56416540, 7.0000E+00, 1.4267E+00, 5.0667E+00,
17:15:24.56416545, 7.1333E+00, 1.4267E+00, 5.0667E+00,
17:15:24.56416550, 7.0333E+00, 1.4267E+00, 5.1333E+00,
17:15:24.56416555, 7.0667E+00, 1.4400E+00, 5.2667E+00,
17:15:24.56416560, 7.0667E+00, 1.4267E+00, 5.1333E+00,
17:15:24.56416565, 7.1000E+00, 1.4400E+00, 5.1333E+00,
17:15:24.56416570, 6.9667E+00, 1.4267E+00, 5.1333E+00,
17:15:24.56416575, 7.0333E+00, 1.4267E+00, 5.2000E+00,
17:15:24.56416580, 7.0667E+00, 1.4267E+00, 5.1333E+00,
17:15:24.56416585, 7.0667E+00, 1.4400E+00, 5.0667E+00,
17:15:24.56416590, 7.1000E+00, 1.4400E+00, 5.1333E+00,
17:15:24.56416595, 7.0333E+00, 1.4267E+00, 5.2667E+00,
17:15:24.56416600, 7.0667E+00, 1.4267E+00, 5.0667E+00,
17:15:24.56416605, 7.0667E+00, 1.4267E+00, 5.0667E+00,
17:15:24.56416610, 7.0333E+00, 1.4267E+00, 5.2667E+00,
17:15:24.56416615, 7.0000E+00, 1.4267E+00, 5.1333E+00,
17:15:24.56416620, 7.0333E+00, 1.4000E+00, 5.1333E+00,
17:15:24.56416625, 7.0333E+00, 1.4267E+00, 5.1333E+00,
17:15:24.56416630, 7.0667E+00, 1.4267E+00, 5.0667E+00,
17:15:24.56416635, 7.0333E+00, 1.4267E+00, 5.1333E+00,
17:15:24.56416640, 7.0333E+00, 1.4267E+00, 5.1333E+00,
17:15:24.56416645, 7.0000E+00, 1.4267E+00, 5.1333E+00,
17:15:24.56416650, 7.0667E+00, 1.4133E+00, 5.2667E+00,
17:15:24.56416655, 7.0667E+00, 1.4267E+00, 5.1333E+00,
17:15:24.56416660, 7.0333E+00, 1.4400E+00, 5.2667E+00,
17:15:24.56416665, 7.0333E+00, 1.4267E+00, 5.1333E+00,
17:15:24.56416670, 7.0000E+00, 1.4267E+00, 5.0000E+00,
17:15:24.56416675, 7.0333E+00, 1.4533E+00, 4.9333E+00,
17:15:24.56416680, 7.0000E+00, 1.4267E+00, 5.1333E+00,
17:15:24.56416685, 7.0333E+00, 1.4133E+00, 5.1333E+00,
17:15:24.56416690, 7.0333E+00, 1.4133E+00, 4.9333E+00,
17:15:24.56416695, 7.0333E+00, 1.4267E+00, 5.1333E+00,
17:15:24.56416700, 7.0333E+00, 1.4133E+00, 5.1333E+00,
17:15:24.56416705, 7.0333E+00, 1.4000E+00, 5.1333E+00,
17:15:24.56416710, 7.0333E+00, 1.4267E+00, 5.0000E+00,
17:15:24.56416715, 7.0333E+00, 1.4267E+00, 5.2667E+00,
17:15:24.56416720, 7.0000E+00, 1.4133E+00, 5.0000E+00,
17:15:24.56416725, 7.0333E+00, 1.4133E+00, 5.1333E+00,
17:15:24.56416730, 7.1000E+00, 1.4267E+00, 4.8667E+00,
17:15:24.56416735, 7.0667E+00, 1.4267E+00, 4.8667E+00,
17:15:24.56416740, 7.1000E+00, 1.4400E+00, 5.1333E+00,
17:15:24.56416745, 7.0667E+00, 1.4133E+00, 5.1333E+00,
17:15:24.56416750, 7.0000E+00, 1.4000E+00, 5.2000E+00,
17:15:24.56416755, 7.0333E+00, 1.4133E+00, 5.0667E+00,
17:15:24.56416760, 7.0333E+00, 1.4533E+00, 5.0000E+00,
17:15:24.56416765, 7.0667E+00, 1.4400E+00, 5.1333E+00,
17:15:24.56416770, 7.0667E+00, 1.4400E+00, 5.0000E+00,
17:15:24.56416775, 7.0667E+00, 1.4267E+00, 4.9333E+00,
17:15:24.56416780, 6.9667E+00, 1.4400E+00, 5.1333E+00,
17:15:24.56416785, 7.0000E+00, 1.4400E+00, 5.1333E+00,
17:15:24.56416790, 7.0000E+00, 1.4400E+00, 5.1333E+00,
17:15:24.56416795, 7.0667E+00, 1.4267E+00, 5.2667E+00,
17:15:24.56416800, 7.0333E+00, 1.4400E+00, 5.1333E+00,
17:15:24.56416805, 7.0333E+00, 1.4267E+00, 5.1333E+00,
17:15:24.56416810, 7.0667E+00, 1.4267E+00, 5.2667E+00,
17:15:24.56416815, 7.1000E+00, 1.4400E+00, 5.2000E+00,
17:15:24.56416820, 7.0333E+00, 1.4267E+00, 5.0000E+00,
17:15:24.56416825, 7.0667E+00, 1.4267E+00, 5.2000E+00,
17:15:24.56416830, 7.0667E+00, 1.4267E+00, 5.1333E+00,
17:15:24.56416835, 7.0000E+00, 1.4400E+00, 4.9333E+00,
17:15:24.56416840, 7.1000E+00, 1.4267E+00, 5.2667E+00,
17:15:24.56416845, 7.0000E+00, 1.4400E+00, 5.1333E+00,
17:15:24.56416850, 7.0667E+00, 1.4267E+00, 5.4000E+00,
17:15:24.56416855, 6.9667E+00, 1.4267E+00, 5.1333E+00,
17:15:24.56416860, 7.0000E+00, 1.4267E+00, 5.0000E+00,
17:15:24.56416865, 7.0333E+00, 1.4267E+00, 5.0667E+00,
17:15:24.56416870, 7.1000E+00, 1.4267E+00, 5.0000E+00,
17:15:24.56416875, 7.0667E+00, 1.4267E+00, 4.9333E+00,
17:15:24.56416880, 7.0333E+00, 1.4133E+00, 5.0667E+00,
17:15:24.56416885, 7.1000E+00, 1.4267E+00, 5.1333E+00,
17:15:24.56416890, 7.0667E+00, 1.4000E+00, 5.2000E+00,
17:15:24.56416895, 7.0000E+00, 1.4267E+00, 5.1333E+00,
17:15:24.56416900, 7.0333E+00, 1.4133E+00, 5.0667E+00,
17:15:24.56416905, 7.0000E+00, 1.4267E+00, 5.1333E+00,
17:15:24.56416910, 7.0000E+00, 1.4267E+00, 5.1333E+00,
17:15:24.56416915, 7.0667E+00, 1.4267E+00, 5.1333E+00,
17:15:24.56416920, 7.0000E+00, 1.4267E+00, 5.1333E+00,
17:15:24.56416925, 7.0333E+00, 1.4133E+00, 5.1333E+00,
17:15:24.56416930, 7.0667E+00, 1.4267E+00, 5.0000E+00,
17:15:24.56416935, 6.9667E+00, 1.4267E+00, 5.0667E+00,
17:15:24.56416940, 7.1000E+00, 1.4267E+00, 5.2000E+00,
17:15:24.56416945, 7.0000E+00, 1.4267E+00, 5.2000E+00,
17:15:24.56416950, 6.9667E+00, 1.4267E+00, 5.3333E+00,
17:15:24.56416955, 7.0333E+00, 1.4267E+00, 5.2667E+00,
17:15:24.56416960, 7.0000E+00, 1.4133E+00, 5.0667E+00,
17:15:24.56416965, 7.0333E+00, 1.4267E+00, 5.1333E+00,
17:15:24.56416970, 7.0333E+00, 1.4400E+00, 5.0667E+00,
17:15:24.56416975, 7.0000E+00, 1.4267E+00, 5.1333E+00,
17:15:24.56416980, 7.0333E+00, 1.4267E+00, 4.9333E+00,
17:15:24.56416985, 6.9333E+00, 1.4267E+00, 5.0667E+00,
17:15:24.56416990, 7.0000E+00, 1.4267E+00, 5.1333E+00,
17:15:24.56416995, 7.0667E+00, 1.4000E+00, 5.1333E+00,
17:15:24.56417000, 7.1000E+00, 1.4267E+00, 5.2667E+00,
17:15:24.56417005, 7.0000E+00, 1.4267E+00, 5.0000E+00,
17:15:24.56417010, 7.0667E+00, 1.4133E+00, 4.8667E+00,
17:15:24.56417015, 7.0333E+00, 1.4267E+00, 5.0667E+00,
17:15:24.56417020, 7.0333E+00, 1.4133E+00, 5.1333E+00,
17:15:24.56417025, 7.0333E+00, 1.4267E+00, 5.2667E+00,
17:15:24.56417030, 7.0000E+00, 1.4267E+00, 5.2000E+00,
17:15:24.56417035, 6.9667E+00, 1.4267E+00, 5.1333E+00,
17:15:24.56417040, 7.0333E+00, 1.4267E+00, 5.1333E+00,
17:15:24.56417045, 7.0333E+00, 1.4267E+00, 5.0667E+00,
17:15:24.56417050, 7.0667E+00, 1.4267E+00, 4.9333E+00,
17:15:24.56417055, 6.9667E+00, 1.4267E+00, 5.0000E+00,
17:15:24.56417060, 7.1000E+00, 1.4267E+00, 5.1333E+00,
17:15:24.56417065, 7.0333E+00, 1.4267E+00, 5.1333E+00,
17:15:24.56417070, 7.0333E+00, 1.4267E+00, 4.9333E+00,
17:15:24.56417075, 7.0000E+00, 1.4133E+00, 5.0667E+00,
17:15:24.56417080, 7.0333E+00, 1.4133E+00, 5.1333E+00,
17:15:24.56417085, 7.1000E+00, 1.4400E+00, 4.9333E+00,
17:15:24.56417090, 7.0000E+00, 1.4267E+00, 5.2667E+00,
17:15:24.56417095, 7.0333E+00, 1.4267E+00, 5.0667E+00,
17:15:24.56417100, 7.0000E+00, 1.4267E+00, 5.1333E+00,
17:15:24.56417105, 7.0000E+00, 1.4400E+00, 5.2000E+00,
17:15:24.56417110, 7.0667E+00, 1.4533E+00, 5.0667E+00,
17:15:24.56417115, 7.0667E+00, 1.4400E+00, 5.2000E+00,
17:15:24.56417120, 7.0000E+00, 1.4267E+00, 5.1333E+00,
17:15:24.56417125, 7.0000E+00, 1.4267E+00, 5.1333E+00,
17:15:24.56417130, 6.9667E+00, 1.4133E+00, 5.3333E+00,
17:15:24.56417135, 7.0333E+00, 1.4267E+00, 5.2000E+00,
17:15:24.56417140, 7.0000E+00, 1.4267E+00, 5.0667E+00,
17:15:24.56417145, 7.0000E+00, 1.4267E+00, 5.2000E+00,
17:15:24.56417150, 6.9667E+00, 1.4533E+00, 5.0667E+00,
17:15:24.56417155, 7.1000E+00, 1.4400E+00, 5.1333E+00,
17:15:24.56417160, 7.0667E+00, 1.4267E+00, 5.1333E+00,
17:15:24.56417165, 7.0667E+00, 1.4533E+00, 5.1333E+00,
17:15:24.56417170, 7.0000E+00, 1.4533E+00, 5.1333E+00,
17:15:24.56417175, 7.0000E+00, 1.4267E+00, 5.0000E+00,
17:15:24.56417180, 7.0333E+00, 1.4267E+00, 5.1333E+00,
17:15:24.56417185, 7.0000E+00, 1.4267E+00, 5.0667E+00,
17:15:24.56417190, 6.9667E+00, 1.4133E+00, 5.2000E+00,
17:15:24.56417195, 7.0000E+00, 1.4267E+00, 5.2000E+00,
17:15:24.56417200, 7.0000E+00, 1.4133E+00, 5.1333E+00,
17:15:24.56417205, 7.0000E+00, 1.4133E+00, 5.2000E+00,
17:15:24.56417210, 7.0000E+00, 1.4267E+00, 5.1333E+00,
17:15:24.56417215, 7.0000E+00, 1.4267E+00, 5.0667E+00,
17:15:24.56417220, 7.0000E+00, 1.4267E+00, 5.0000E+00,
17:15:24.56417225, 7.0667E+00, 1.4400E+00, 5.1333E+00,
17:15:24.56417230, 7.0000E+00, 1.4133E+00, 5.1333E+00,
17:15:24.56417235, 7.0667E+00, 1.4267E+00, 5.0667E+00,
17:15:24.56417240, 7.0000E+00, 1.4533E+00, 5.1333E+00,
17:15:24.56417245, 7.0667E+00, 1.4267E+00, 5.1333E+00,
17:15:24.56417250, 7.1000E+00, 1.4267E+00, 5.1333E+00,
17:15:24.56417255, 7.0333E+00, 1.4267E+00, 5.1333E+00,
17:15:24.56417260, 7.0667E+00, 1.4267E+00, 5.0667E+00,
17:15:24.56417265, 7.0333E+00, 1.4133E+00, 5.1333E+00,
17:15:24.56417270, 7.0000E+00, 1.4000E+00, 5.0667E+00,
17:15:24.56417275, 7.0667E+00, 1.4267E+00, 5.2000E+00,
17:15:24.56417280, 7.0000E+00, 1.4133E+00, 5.1333E+00,
17:15:24.56417285, 7.0000E+00, 1.4267E+00, 5.2667E+00,
17:15:24.56417290, 7.0333E+00, 1.4267E+00, 5.3333E+00,
17:15:24.56417295, 7.0667E+00, 1.4400E+00, 4.9333E+00,
17:15:24.56417300, 7.0667E+00, 1.4267E+00, 5.0667E+00,
17:15:24.56417305, 7.0333E+00, 1.4400E+00, 5.0000E+00,
17:15:24.56417310, 7.0667E+00, 1.4267E+00, 5.1333E+00,
17:15:24.56417315, 7.0000E+00, 1.4133E+00, 5.0667E+00,
17:15:24.56417320, 7.0333E+00, 1.4267E+00, 5.1333E+00,
17:15:24.56417325, 7.0333E+00, 1.4267E+00, 5.2000E+00,
17:15:24.56417330, 7.0333E+00, 1.4133E+00, 5.1333E+00,
17:15:24.56417335, 7.0333E+00, 1.4267E+00, 5.1333E+00,
17:15:24.56417340, 7.0333E+00, 1.4267E+00, 4.9333E+00,
17:15:24.56417345, 7.0333E+00, 1.4133E+00, 5.2667E+00,
17:15:24.56417350, 7.0667E+00, 1.4400E+00, 4.8667E+00,
17:15:24.56417355, 7.0333E+00, 1.3867E+00, 5.1333E+00,
17:15:24.56417360, 7.0000E+00, 1.4400E+00, 5.1333E+00,
17:15:24.56417365, 6.9333E+00, 1.4000E+00, 5.1333E+00,
17:15:24.56417370, 7.0667E+00, 1.4533E+00, 5.2667E+00,
17:15:24.56417375, 7.0000E+00, 1.4267E+00, 5.0667E+00,
17:15:24.56417380, 7.0667E+00, 1.4267E+00, 5.1333E+00,
17:15:24.56417385, 7.0000E+00, 1.4400E+00, 5.1333E+00,
17:15:24.56417390, 7.1000E+00, 1.4267E+00, 5.2667E+00,
17:15:24.56417395, 7.0333E+00, 1.4667E+00, 5.1333E+00,
17:15:24.56417400, 7.0000E+00, 1.4133E+00, 5.0667E+00,
17:15:24.56417405, 7.1000E+00, 1.4133E+00, 5.1333E+00,
17:15:24.56417410, 7.0667E+00, 1.4267E+00, 5.0667E+00,
17:15:24.56417415, 7.0333E+00, 1.4133E+00, 5.0667E+00,
17:15:24.56417420, 7.0667E+00, 1.4267E+00, 5.0000E+00,
17:15:24.56417425, 7.0333E+00, 1.4267E+00, 5.1333E+00,
17:15:24.56417430, 7.0333E+00, 1.4267E+00, 5.2000E+00,
17:15:24.56417435, 6.9667E+00, 1.4267E+00, 5.1333E+00,
17:15:24.56417440, 7.0333E+00, 1.4400E+00, 5.1333E+00,
17:15:24.56417445, 7.0000E+00, 1.4267E+00, 4.9333E+00,
17:15:24.56417450, 7.0667E+00, 1.4267E+00, 5.1333E+00,
17:15:24.56417455, 7.0667E+00, 1.4000E+00, 5.2000E+00,
17:15:24.56417460, 7.0000E+00, 1.4267E+00, 5.1333E+00,
17:15:24.56417465, 7.0667E+00, 1.4267E+00, 5.0667E+00,
17:15:24.56417470, 6.9667E+00, 1.4267E+00, 5.1333E+00,
17:15:24.56417475, 7.0667E+00, 1.4267E+00, 5.1333E+00,
17:15:24.56417480, 7.0000E+00, 1.4267E+00, 5.0667E+00,
17:15:24.56417485, 7.0667E+00, 1.4267E+00, 5.2000E+00,
17:15:24.56417490, 7.1333E+00, 1.4267E+00, 5.1333E+00,
17:15:24.56417495, 7.0667E+00, 1.4267E+00, 5.0000E+00,
17:15:24.56417500, 7.0000E+00, 1.4267E+00, 5.0667E+00,
17:15:24.56417505, 7.0667E+00, 1.4267E+00, 5.0667E+00,
17:15:24.56417510, 7.0000E+00, 1.4000E+00, 5.1333E+00,
17:15:24.56417515, 7.0667E+00, 1.4133E+00, 5.2667E+00,
17:15:24.56417520, 7.0333E+00, 1.4267E+00, 5.2000E+00,
17:15:24.56417525, 7.0667E+00, 1.4000E+00, 5.2667E+00,
17:15:24.56417530, 7.0000E+00, 1.4267E+00, 5.2000E+00,
17:15:24.56417535, 7.0667E+00, 1.4400E+00, 5.2667E+00,
17:15:24.56417540, 7.0333E+00, 1.4267E+00, 5.0000E+00,
17:15:24.56417545, 7.0333E+00, 1.4267E+00, 5.2000E+00,
17:15:24.56417550, 7.0333E+00, 1.4267E+00, 5.1333E+00,
17:15:24.56417555, 7.0000E+00, 1.4000E+00, 4.9333E+00,
17:15:24.56417560, 6.9667E+00, 1.4133E+00, 5.1333E+00,
17:15:24.56417565, 7.0000E+00, 1.4267E+00, 5.0667E+00,
17:15:24.56417570, 7.1000E+00, 1.4267E+00, 5.2000E+00,
17:15:24.56417575, 7.0333E+00, 1.4267E+00, 5.3333E+00,
17:15:24.56417580, 7.0000E+00, 1.4133E+00, 5.1333E+00,
17:15:24.56417585, 6.9333E+00, 1.4267E+00, 5.2000E+00,
17:15:24.56417590, 7.0333E+00, 1.4000E+00, 5.1333E+00,
17:15:24.56417595, 6.9667E+00, 1.4400E+00, 5.1333E+00,
17:15:24.56417600, 7.0667E+00, 1.4133E+00, 5.0667E+00,
17:15:24.56417605, 7.1000E+00, 1.4133E+00, 5.1333E+00,
17:15:24.56417610, 7.0333E+00, 1.4133E+00, 5.0667E+00,
17:15:24.56417615, 7.0000E+00, 1.4267E+00, 5.1333E+00,
17:15:24.56417620, 7.0333E+00, 1.4400E+00, 5.2667E+00,
17:15:24.56417625, 7.0667E+00, 1.4267E+00, 5.1333E+00,
17:15:24.56417630, 7.0333E+00, 1.4267E+00, 5.1333E+00,
17:15:24.56417635, 7.0667E+00, 1.4533E+00, 5.1333E+00,
17:15:24.56417640, 7.1000E+00, 1.4133E+00, 5.1333E+00,
17:15:24.56417645, 7.0000E+00, 1.4267E+00, 5.0000E+00,
17:15:24.56417650, 7.0333E+00, 1.4133E+00, 5.1333E+00,
17:15:24.56417655, 7.0000E+00, 1.4000E+00, 5.1333E+00,
17:15:24.56417660, 6.9333E+00, 1.4267E+00, 5.2667E+00,
17:15:24.56417665, 7.1000E+00, 1.4267E+00, 5.0667E+00,
17:15:24.56417670, 7.0000E+00, 1.4267E+00, 5.2000E+00,
17:15:24.56417675, 7.0000E+00, 1.4267E+00, 5.2000E+00,
17:15:24.56417680, 7.0333E+00, 1.4400E+00, 5.2000E+00,
17:15:24.56417685, 7.0000E+00, 1.4133E+00, 5.1333E+00,
17:15:24.56417690, 7.0000E+00, 1.4000E+00, 5.0667E+00,
17:15:24.56417695, 7.1333E+00, 1.4267E+00, 5.1333E+00,
17:15:24.56417700, 6.9333E+00, 1.4533E+00, 5.1333E+00,
17:15:24.56417705, 7.0333E+00, 1.4400E+00, 5.2667E+00,
17:15:24.56417710, 6.9667E+00, 1.4400E+00, 5.1333E+00,
17:15:24.56417715, 7.0667E+00, 1.4267E+00, 5.2000E+00,
17:15:24.56417720, 7.0000E+00, 1.4267E+00, 5.1333E+00,
17:15:24.56417725, 7.0333E+00, 1.4400E+00, 5.2667E+00,
17:15:24.56417730, 7.1000E+00, 1.4267E+00, 5.2667E+00,
17:15:24.56417735, 7.0000E+00, 1.4267E+00, 5.1333E+00,
17:15:24.56417740, 7.0333E+00, 1.4267E+00, 5.0667E+00,
17:15:24.56417745, 7.0000E+00, 1.3867E+00, 5.1333E+00,
17:15:24.56417750, 7.0333E+00, 1.4000E+00, 5.1333E+00,
17:15:24.56417755, 7.0333E+00, 1.4267E+00, 5.1333E+00,
17:15:24.56417760, 7.0000E+00, 1.4267E+00, 5.2667E+00,
17:15:24.56417765, 7.0000E+00, 1.4267E+00, 5.2000E+00,
17:15:24.56417770, 7.0333E+00, 1.4267E+00, 5.2667E+00,
17:15:24.56417775, 7.0333E+00, 1.4267E+00, 5.2000E+00,
17:15:24.56417780, 7.0000E+00, 1.4267E+00, 5.2000E+00,
17:15:24.56417785, 7.0000E+00, 1.4133E+00, 5.2000E+00,
17:15:24.56417790, 7.0667E+00, 1.4267E+00, 5.1333E+00,
17:15:24.56417795, 7.0333E+00, 1.4267E+00, 5.0667E+00,
17:15:24.56417800, 7.0667E+00, 1.4267E+00, 5.2000E+00,
17:15:24.56417805, 7.0333E+00, 1.4267E+00, 5.1333E+00,
17:15:24.56417810, 7.0000E+00, 1.4267E+00, 5.2000E+00,
17:15:24.56417815, 7.1333E+00, 1.4267E+00, 5.2667E+00,
17:15:24.56417820, 7.0667E+00, 1.4267E+00, 5.1333E+00,
17:15:24.56417825, 7.0667E+00, 1.4400E+00, 5.0667E+00,
17:15:24.56417830, 7.0667E+00, 1.4267E+00, 5.1333E+00,
17:15:24.56417835, 7.0333E+00, 1.4133E+00, 5.1333E+00,
17:15:24.56417840, 7.0667E+00, 1.4267E+00, 5.0000E+00,
17:15:24.56417845, 7.0667E+00, 1.4267E+00, 5.1333E+00,
17:15:24.56417850, 7.0333E+00, 1.4267E+00, 5.0667E+00,
17:15:24.56417855, 7.0333E+00, 1.4267E+00, 5.1333E+00,
17:15:24.56417860, 7.0667E+00, 1.4267E+00, 4.8667E+00,
17:15:24.56417865, 7.0000E+00, 1.4267E+00, 5.1333E+00,
17:15:24.56417870, 7.0667E+00, 1.4267E+00, 5.0000E+00,
17:15:24.56417875, 7.0667E+00, 1.4133E+00, 5.1333E+00,
17:15:24.56417880, 7.0333E+00, 1.4267E+00, 5.1333E+00,
17:15:24.56417885, 7.1333E+00, 1.4267E+00, 5.1333E+00,
17:15:24.56417890, 7.0333E+00, 1.4267E+00, 5.1333E+00,
17:15:24.56417895, 6.9667E+00, 1.4267E+00, 5.1333E+00,
17:15:24.56417900, 7.0000E+00, 1.4267E+00, 5.0000E+00,
17:15:24.56417905, 6.9667E+00, 1.4267E+00, 5.1333E+00,
17:15:24.56417910, 7.0333E+00, 1.4267E+00, 5.1333E+00,
17:15:24.56417915, 7.0333E+00, 1.4267E+00, 5.2000E+00,
17:15:24.56417920, 7.0667E+00, 1.4133E+00, 5.1333E+00,
17:15:24.56417925, 7.0333E+00, 1.4533E+00, 5.2667E+00,
17:15:24.56417930, 7.0333E+00, 1.4133E+00, 5.1333E+00,
17:15:24.56417935, 7.0667E+00, 1.4267E+00, 5.1333E+00,
17:15:24.56417940, 7.0333E+00, 1.4267E+00, 5.2000E+00,
17:15:24.56417945, 6.9333E+00, 1.4267E+00, 5.1333E+00,
17:15:24.56417950, 7.0333E+00, 1.4400E+00, 5.0667E+00,
17:15:24.56417955, 7.0000E+00, 1.4400E+00, 5.1333E+00,
17:15:24.56417960, 6.9667E+00, 1.4267E+00, 5.2000E+00,
17:15:24.56417965, 7.0333E+00, 1.4400E+00, 5.0667E+00,
17:15:24.56417970, 7.0333E+00, 1.4133E+00, 5.5333E+00,
17:15:24.56417975, 7.0000E+00, 1.4133E+00, 5.4000E+00,
17:15:24.56417980, 7.0333E+00, 1.4267E+00, 5.1333E+00,
17:15:24.56417985, 6.9667E+00, 1.4267E+00, 5.1333E+00,
17:15:24.56417990, 7.0333E+00, 1.4133E+00, 5.4000E+00,
17:15:24.56417995, 7.0333E+00, 1.4133E+00, 5.2667E+00,
17:15:24.56418000, 7.0333E+00, 1.4000E+00, 5.1333E+00,
17:15:24.56418005, 7.0667E+00, 1.4267E+00, 5.1333E+00,
17:15:24.56418010, 7.1000E+00, 1.4400E+00, 5.3333E+00,
17:15:24.56418015, 7.0333E+00, 1.4267E+00, 5.2667E+00,
17:15:24.56418020, 7.0333E+00, 1.4267E+00, 5.2667E+00,
17:15:24.56418025, 7.0667E+00, 1.4267E+00, 5.1333E+00,
17:15:24.56418030, 7.0000E+00, 1.4400E+00, 5.0000E+00,
17:15:24.56418035, 7.0000E+00, 1.4267E+00, 5.1333E+00,
17:15:24.56418040, 7.0000E+00, 1.4267E+00, 5.1333E+00,
17:15:24.56418045, 7.0000E+00, 1.4400E+00, 5.1333E+00,
17:15:24.56418050, 6.9667E+00, 1.4133E+00, 5.0667E+00,
17:15:24.56418055, 7.0667E+00, 1.4400E+00, 5.2000E+00,
17:15:24.56418060, 7.0667E+00, 1.4267E+00, 5.0667E+00,
17:15:24.56418065, 7.0667E+00, 1.4000E+00, 5.2667E+00,
17:15:24.56418070, 7.0333E+00, 1.4267E+00, 5.2000E+00,
17:15:24.56418075, 7.0667E+00, 1.4267E+00, 5.2667E+00,
17:15:24.56418080, 6.9667E+00, 1.4133E+00, 5.3333E+00,
17:15:24.56418085, 7.0000E+00, 1.4133E+00, 5.2000E+00,
17:15:24.56418090, 6.9667E+00, 1.4267E+00, 5.1333E+00,
17:15:24.56418095, 7.0333E+00, 1.4267E+00, 5.0667E+00,
17:15:24.56418100, 7.0000E+00, 1.4000E+00, 5.2667E+00,
17:15:24.56418105, 7.0000E+00, 1.4000E+00, 5.2667E+00,
17:15:24.56418110, 7.0333E+00, 1.4267E+00, 5.2000E+00,
17:15:24.56418115, 7.0333E+00, 1.4133E+00, 5.1333E+00,
17:15:24.56418120, 6.9667E+00, 1.4533E+00, 5.1333E+00,
17:15:24.56418125, 7.0333E+00, 1.4400E+00, 5.2000E+00,
17:15:24.56418130, 7.0000E+00, 1.4133E+00, 5.2667E+00,
17:15:24.56418135, 7.0333E+00, 1.4133E+00, 5.0000E+00,
17:15:24.56418140, 7.0000E+00, 1.4267E+00, 5.0000E+00,
17:15:24.56418145, 7.0667E+00, 1.4267E+00, 5.1333E+00,
17:15:24.56418150, 7.0000E+00, 1.4267E+00, 5.2000E+00,
17:15:24.56418155, 7.0000E+00, 1.4133E+00, 5.1333E+00,
17:15:24.56418160, 7.0667E+00, 1.4000E+00, 5.2667E+00,
17:15:24.56418165, 7.0333E+00, 1.4267E+00, 5.2000E+00,
17:15:24.56418170, 6.9667E+00, 1.4400E+00, 5.1333E+00,
17:15:24.56418175, 7.0333E+00, 1.4400E+00, 5.2667E+00,
17:15:24.56418180, 7.0000E+00, 1.4267E+00, 5.1333E+00,
17:15:24.56418185, 7.0000E+00, 1.4267E+00, 5.0667E+00,
17:15:24.56418190, 7.0000E+00, 1.4400E+00, 5.2000E+00,
17:15:24.56418195, 7.0333E+00, 1.4267E+00, 5.1333E+00,
17:15:24.56418200, 7.0000E+00, 1.4267E+00, 5.1333E+00,
17:15:24.56418205, 7.0667E+00, 1.4267E+00, 5.2000E+00,
17:15:24.56418210, 6.9667E+00, 1.4267E+00, 5.2000E+00,
17:15:24.56418215, 7.0333E+00, 1.4533E+00, 5.1333E+00,
17:15:24.56418220, 7.0333E+00, 1.4400E+00, 5.2667E+00,
17:15:24.56418225, 7.0667E+00, 1.4267E+00, 5.1333E+00,
17:15:24.56418230, 7.0667E+00, 1.4400E+00, 5.2000E+00,
17:15:24.56418235, 7.0000E+00, 1.4133E+00, 5.1333E+00,
17:15:24.56418240, 7.0667E+00, 1.4267E+00, 5.4000E+00,
17:15:24.56418245, 7.0333E+00, 1.4267E+00, 5.0667E+00,
17:15:24.56418250, 7.0000E+00, 1.4400E+00, 5.3333E+00,
17:15:24.56418255, 7.1000E+00, 1.4267E+00, 5.1333E+00,
17:15:24.56418260, 7.0667E+00, 1.4267E+00, 5.3333E+00,
17:15:24.56418265, 7.0000E+00, 1.4267E+00, 5.1333E+00,
17:15:24.56418270, 7.0333E+00, 1.4133E+00, 5.2667E+00,
17:15:24.56418275, 7.0333E+00, 1.4267E+00, 5.1333E+00,
17:15:24.56418280, 7.0000E+00, 1.4400E+00, 5.0000E+00,
17:15:24.56418285, 7.0333E+00, 1.4133E+00, 5.1333E+00,
17:15:24.56418290, 7.0333E+00, 1.4400E+00, 5.2000E+00,
17:15:24.56418295, 7.0333E+00, 1.4533E+00, 5.3333E+00,
17:15:24.56418300, 7.0333E+00, 1.4133E+00, 5.3333E+00,
17:15:24.56418305, 7.0000E+00, 1.4000E+00, 5.2000E+00,
17:15:24.56418310, 7.0000E+00, 1.4267E+00, 5.1333E+00,
17:15:24.56418315, 7.0333E+00, 1.4400E+00, 5.2667E+00,
17:15:24.56418320, 7.1333E+00, 1.4267E+00, 5.2667E+00,
17:15:24.56418325, 6.9667E+00, 1.4400E+00, 5.2000E+00,
17:15:24.56418330, 7.0333E+00, 1.4267E+00, 5.0667E+00,
17:15:24.56418335, 7.1000E+00, 1.4400E+00, 5.1333E+00,
17:15:24.56418340, 6.9333E+00, 1.4133E+00, 5.1333E+00,
17:15:24.56418345, 7.0000E+00, 1.4267E+00, 5.1333E+00,
17:15:24.56418350, 7.1333E+00, 1.4267E+00, 5.2000E+00,
17:15:24.56418355, 7.1333E+00, 1.4133E+00, 5.3333E+00,
17:15:24.56418360, 6.9667E+00, 1.4267E+00, 5.1333E+00,
17:15:24.56418365, 7.0667E+00, 1.4000E+00, 5.1333E+00,
17:15:24.56418370, 7.0000E+00, 1.4267E+00, 5.1333E+00,
17:15:24.56418375, 7.0667E+00, 1.4133E+00, 5.1333E+00,
17:15:24.56418380, 6.9333E+00, 1.4267E+00, 5.1333E+00,
17:15:24.56418385, 7.0667E+00, 1.4267E+00, 5.0667E+00,
17:15:24.56418390, 7.0667E+00, 1.4267E+00, 5.0667E+00,
17:15:24.56418395, 7.0667E+00, 1.4267E+00, 5.2000E+00,
17:15:24.56418400, 7.0000E+00, 1.4267E+00, 5.1333E+00,
17:15:24.56418405, 7.0333E+00, 1.4133E+00, 5.2000E+00,
17:15:24.56418410, 7.0000E+00, 1.4267E+00, 5.3333E+00,
17:15:24.56418415, 7.0333E+00, 1.4267E+00, 5.1333E+00,
17:15:24.56418420, 6.9667E+00, 1.4000E+00, 5.2000E+00,
17:15:24.56418425, 7.0333E+00, 1.4267E+00, 5.2667E+00,
17:15:24.56418430, 7.0667E+00, 1.4267E+00, 5.1333E+00,
17:15:24.56418435, 7.0333E+00, 1.4267E+00, 5.1333E+00,
17:15:24.56418440, 7.0000E+00, 1.4267E+00, 5.0667E+00,
17:15:24.56418445, 7.0667E+00, 1.4400E+00, 5.4000E+00,
17:15:24.56418450, 7.0333E+00, 1.4267E+00, 5.1333E+00,
17:15:24.56418455, 7.0000E+00, 1.4133E+00, 5.2000E+00,
17:15:24.56418460, 7.0667E+00, 1.4267E+00, 5.3333E+00,
17:15:24.56418465, 7.0667E+00, 1.4267E+00, 5.2000E+00,
17:15:24.56418470, 7.1333E+00, 1.4267E+00, 5.4667E+00,
17:15:24.56418475, 7.0667E+00, 1.4267E+00, 5.1333E+00,
17:15:24.56418480, 7.0667E+00, 1.4267E+00, 5.2667E+00,
17:15:24.56418485, 7.1000E+00, 1.4000E+00, 5.1333E+00,
17:15:24.56418490, 7.0333E+00, 1.4267E+00, 5.1333E+00,
17:15:24.56418495, 7.0333E+00, 1.4133E+00, 5.2667E+00,
17:15:24.56418500, 7.0667E+00, 1.4267E+00, 5.2000E+00,
17:15:24.56418505, 7.0333E+00, 1.4267E+00, 5.3333E+00,
17:15:24.56418510, 7.0667E+00, 1.4267E+00, 5.2000E+00,
17:15:24.56418515, 6.9667E+00, 1.4133E+00, 5.2667E+00,
17:15:24.56418520, 7.0333E+00, 1.4267E+00, 5.2667E+00,
17:15:24.56418525, 7.0333E+00, 1.4267E+00, 5.1333E+00,
17:15:24.56418530, 7.0333E+00, 1.4000E+00, 5.2000E+00,
17:15:24.56418535, 7.0333E+00, 1.4000E+00, 5.1333E+00,
17:15:24.56418540, 7.0333E+00, 1.4133E+00, 5.3333E+00,
17:15:24.56418545, 6.9667E+00, 1.4267E+00, 5.1333E+00,
17:15:24.56418550, 7.1000E+00, 1.4267E+00, 5.2667E+00,
17:15:24.56418555, 7.0667E+00, 1.4267E+00, 5.1333E+00,
17:15:24.56418560, 7.1333E+00, 1.4267E+00, 5.1333E+00,
17:15:24.56418565, 7.0667E+00, 1.4000E+00, 5.0667E+00,
17:15:24.56418570, 7.0000E+00, 1.4533E+00, 5.2000E+00,
17:15:24.56418575, 7.0000E+00, 1.4400E+00, 5.2000E+00,
17:15:24.56418580, 7.1333E+00, 1.4267E+00, 5.2000E+00,
17:15:24.56418585, 7.0333E+00, 1.4133E+00, 5.2000E+00,
17:15:24.56418590, 7.0667E+00, 1.4267E+00, 5.1333E+00,
17:15:24.56418595, 7.0333E+00, 1.4267E+00, 5.0667E+00,
17:15:24.56418600, 7.0333E+00, 1.4267E+00, 5.1333E+00,
17:15:24.56418605, 6.9333E+00, 1.4400E+00, 5.1333E+00,
17:15:24.56418610, 7.0000E+00, 1.4267E+00, 5.0667E+00,
17:15:24.56418615, 7.0667E+00, 1.4267E+00, 5.1333E+00,
17:15:24.56418620, 7.0667E+00, 1.4267E+00, 5.0000E+00,
17:15:24.56418625, 6.9667E+00, 1.4267E+00, 5.2000E+00,
17:15:24.56418630, 7.0333E+00, 1.4267E+00, 5.1333E+00,
17:15:24.56418635, 7.1333E+00, 1.4267E+00, 5.3333E+00,
17:15:24.56418640, 7.0667E+00, 1.4533E+00, 5.2000E+00,
17:15:24.56418645, 7.0333E+00, 1.4267E+00, 5.1333E+00,
17:15:24.56418650, 7.1333E+00, 1.4267E+00, 5.4667E+00,
17:15:24.56418655, 7.0667E+00, 1.4400E+00, 5.2000E+00,
17:15:24.56418660, 7.1333E+00, 1.4400E+00, 5.1333E+00,
17:15:24.56418665, 7.0667E+00, 1.4267E+00, 5.1333E+00,
17:15:24.56418670, 7.1000E+00, 1.4267E+00, 5.2000E+00,
17:15:24.56418675, 7.0000E+00, 1.4267E+00, 5.1333E+00,
17:15:24.56418680, 7.1000E+00, 1.4000E+00, 5.1333E+00,
17:15:24.56418685, 7.0667E+00, 1.4133E+00, 5.2667E+00,
17:15:24.56418690, 7.0000E+00, 1.4267E+00, 5.2667E+00,
17:15:24.56418695, 7.0667E+00, 1.4267E+00, 5.3333E+00,
17:15:24.56418700, 7.0333E+00, 1.4267E+00, 5.1333E+00,
17:15:24.56418705, 7.0333E+00, 1.4400E+00, 5.2667E+00,
17:15:24.56418710, 7.0000E+00, 1.4267E+00, 5.1333E+00,
17:15:24.56418715, 7.0333E+00, 1.4267E+00, 5.1333E+00,
17:15:24.56418720, 7.0667E+00, 1.4133E+00, 5.1333E+00,
17:15:24.56418725, 7.0000E+00, 1.4267E+00, 5.1333E+00,
17:15:24.56418730, 7.0333E+00, 1.3867E+00, 5.2667E+00,
17:15:24.56418735, 7.0333E+00, 1.4267E+00, 5.1333E+00,
17:15:24.56418740, 6.9667E+00, 1.4267E+00, 5.1333E+00,
17:15:24.56418745, 7.0333E+00, 1.3867E+00, 5.2000E+00,
17:15:24.56418750, 7.0000E+00, 1.4267E+00, 5.2000E+00,
17:15:24.56418755, 7.0667E+00, 1.4133E+00, 5.2000E+00,
17:15:24.56418760, 7.0333E+00, 1.4267E+00, 5.1333E+00,
17:15:24.56418765, 6.9667E+00, 1.4267E+00, 5.1333E+00,
17:15:24.56418770, 6.9667E+00, 1.4400E+00, 5.1333E+00,
17:15:24.56418775, 7.0000E+00, 1.4267E+00, 5.2000E+00,
17:15:24.56418780, 7.0000E+00, 1.4267E+00, 5.1333E+00,
17:15:24.56418785, 7.1000E+00, 1.4267E+00, 5.0667E+00,
17:15:24.56418790, 7.1000E+00, 1.4267E+00, 5.1333E+00,
17:15:24.56418795, 7.1000E+00, 1.4133E+00, 5.1333E+00,
17:15:24.56418800, 7.0000E+00, 1.4267E+00, 5.2667E+00,
17:15:24.56418805, 7.0667E+00, 1.4400E+00, 5.1333E+00,
17:15:24.56418810, 7.0667E+00, 1.4133E+00, 5.1333E+00,
17:15:24.56418815, 7.0333E+00, 1.4267E+00, 5.2000E+00,
17:15:24.56418820, 7.0667E+00, 1.4267E+00, 5.1333E+00,
17:15:24.56418825, 7.0000E+00, 1.4267E+00, 5.1333E+00,
17:15:24.56418830, 7.0667E+00, 1.4267E+00, 5.0000E+00,
17:15:24.56418835, 7.0333E+00, 1.4133E+00, 5.1333E+00,
17:15:24.56418840, 7.0667E+00, 1.4267E+00, 5.1333E+00,
17:15:24.56418845, 7.1000E+00, 1.4400E+00, 5.1333E+00,
17:15:24.56418850, 7.0333E+00, 1.4267E+00, 5.1333E+00,
17:15:24.56418855, 7.1333E+00, 1.4267E+00, 5.3333E+00,
17:15:24.56418860, 6.9667E+00, 1.4400E+00, 5.1333E+00,
17:15:24.56418865, 7.0333E+00, 1.4533E+00, 5.2000E+00,
17:15:24.56418870, 7.0333E+00, 1.4267E+00, 5.0667E+00,
17:15:24.56418875, 7.0333E+00, 1.4267E+00, 5.1333E+00,
17:15:24.56418880, 7.0667E+00, 1.4267E+00, 5.3333E+00,
17:15:24.56418885, 7.0333E+00, 1.4267E+00, 5.1333E+00,
17:15:24.56418890, 7.0667E+00, 1.4133E+00, 5.2000E+00,
17:15:24.56418895, 7.0333E+00, 1.4400E+00, 5.2667E+00,
17:15:24.56418900, 6.9667E+00, 1.4267E+00, 5.3333E+00,
17:15:24.56418905, 6.9667E+00, 1.4267E+00, 5.1333E+00,
17:15:24.56418910, 7.0000E+00, 1.4267E+00, 5.0667E+00,
17:15:24.56418915, 7.0000E+00, 1.4000E+00, 5.1333E+00,
17:15:24.56418920, 6.9667E+00, 1.4267E+00, 5.1333E+00,
17:15:24.56418925, 7.0667E+00, 1.4267E+00, 5.2000E+00,
17:15:24.56418930, 7.0000E+00, 1.4267E+00, 5.2000E+00,
17:15:24.56418935, 7.0333E+00, 1.4133E+00, 5.3333E+00,
17:15:24.56418940, 7.0000E+00, 1.4267E+00, 5.0667E+00,
17:15:24.56418945, 7.0333E+00, 1.4267E+00, 5.2000E+00,
17:15:24.56418950, 7.0667E+00, 1.4400E+00, 5.1333E+00,
17:15:24.56418955, 7.0333E+00, 1.4267E+00, 5.2000E+00,
17:15:24.56418960, 7.0000E+00, 1.4133E+00, 5.2000E+00,
17:15:24.56418965, 7.0000E+00, 1.4267E+00, 5.2667E+00,
17:15:24.56418970, 7.0333E+00, 1.4400E+00, 5.2000E+00,
17:15:24.56418975, 6.9667E+00, 1.4400E+00, 5.1333E+00,
17:15:24.56418980, 7.1000E+00, 1.4267E+00, 5.0667E+00,
17:15:24.56418985, 7.0333E+00, 1.4267E+00, 5.2667E+00,
17:15:24.56418990, 7.0667E+00, 1.4133E+00, 5.2000E+00,
17:15:24.56418995, 7.0333E+00, 1.4400E+00, 5.0667E+00,
17:15:24.56419000, 7.0667E+00, 1.3867E+00, 5.1333E+00,
17:15:24.56419005, 7.0333E+00, 1.4267E+00, 5.0667E+00,
17:15:24.56419010, 7.0333E+00, 1.4000E+00, 5.0667E+00,
17:15:24.56419015, 7.0667E+00, 1.4267E+00, 5.1333E+00,
17:15:24.56419020, 7.0333E+00, 1.4133E+00, 5.2000E+00,
17:15:24.56419025, 7.1000E+00, 1.4267E+00, 5.2667E+00,
17:15:24.56419030, 7.0333E+00, 1.4267E+00, 5.3333E+00,
17:15:24.56419035, 7.0667E+00, 1.4267E+00, 5.3333E+00,
17:15:24.56419040, 7.0667E+00, 1.4267E+00, 5.2000E+00,
17:15:24.56419045, 7.0667E+00, 1.4267E+00, 5.0667E+00,
17:15:24.56419050, 7.0667E+00, 1.4400E+00, 5.1333E+00,
17:15:24.56419055, 7.0333E+00, 1.4267E+00, 5.2000E+00,
17:15:24.56419060, 7.1000E+00, 1.4400E+00, 5.1333E+00,
17:15:24.56419065, 7.0333E+00, 1.4267E+00, 4.9333E+00,
17:15:24.56419070, 7.0333E+00, 1.4400E+00, 5.0667E+00,
17:15:24.56419075, 7.0333E+00, 1.4267E+00, 5.2667E+00,
17:15:24.56419080, 7.0333E+00, 1.4267E+00, 5.2000E+00,
17:15:24.56419085, 7.0000E+00, 1.4267E+00, 5.2667E+00,
17:15:24.56419090, 7.0333E+00, 1.4267E+00, 5.0667E+00,
17:15:24.56419095, 7.0667E+00, 1.4267E+00, 5.1333E+00,
17:15:24.56419100, 7.0000E+00, 1.4533E+00, 5.1333E+00,
17:15:24.56419105, 7.0333E+00, 1.4267E+00, 5.1333E+00,
17:15:24.56419110, 7.0333E+00, 1.4267E+00, 5.0667E+00,
17:15:24.56419115, 7.0333E+00, 1.4267E+00, 5.1333E+00,
17:15:24.56419120, 7.0667E+00, 1.4267E+00, 5.2000E+00,
17:15:24.56419125, 7.0667E+00, 1.4267E+00, 5.1333E+00,
17:15:24.56419130, 7.0667E+00, 1.4133E+00, 5.1333E+00,
17:15:24.56419135, 7.0333E+00, 1.4267E+00, 4.9333E+00,
17:15:24.56419140, 7.1000E+00, 1.4133E+00, 5.2000E+00,
17:15:24.56419145, 7.0333E+00, 1.4400E+00, 5.1333E+00,
17:15:24.56419150, 7.0000E+00, 1.4267E+00, 5.1333E+00,
17:15:24.56419155, 7.0333E+00, 1.4267E+00, 5.1333E+00,
17:15:24.56419160, 7.0667E+00, 1.4133E+00, 5.1333E+00,
17:15:24.56419165, 7.0333E+00, 1.4133E+00, 5.1333E+00,
17:15:24.56419170, 7.1333E+00, 1.4400E+00, 5.1333E+00,
17:15:24.56419175, 7.0667E+00, 1.4267E+00, 5.1333E+00,
17:15:24.56419180, 6.9667E+00, 1.4000E+00, 5.3333E+00,
17:15:24.56419185, 7.0667E+00, 1.4267E+00, 5.1333E+00,
17:15:24.56419190, 7.0000E+00, 1.4400E+00, 5.3333E+00,
17:15:24.56419195, 6.9000E+00, 1.4267E+00, 5.1333E+00,
17:15:24.56419200, 7.0333E+00, 1.4267E+00, 5.2000E+00,
17:15:24.56419205, 7.0333E+00, 1.4267E+00, 5.1333E+00,
17:15:24.56419210, 7.0333E+00, 1.4267E+00, 5.1333E+00,
17:15:24.56419215, 7.0000E+00, 1.4267E+00, 5.1333E+00,
17:15:24.56419220, 7.0000E+00, 1.4267E+00, 5.0667E+00,
17:15:24.56419225, 7.0333E+00, 1.4267E+00, 5.1333E+00,
17:15:24.56419230, 7.0333E+00, 1.4267E+00, 4.9333E+00,
17:15:24.56419235, 7.0000E+00, 1.4400E+00, 5.2000E+00,
17:15:24.56419240, 7.0667E+00, 1.4267E+00, 5.1333E+00,
17:15:24.56419245, 7.0333E+00, 1.4267E+00, 5.2000E+00,
17:15:24.56419250, 6.9667E+00, 1.4133E+00, 5.0000E+00,
17:15:24.56419255, 7.0333E+00, 1.4267E+00, 4.9333E+00,
17:15:24.56419260, 6.9667E+00, 1.4400E+00, 5.2000E+00,
17:15:24.56419265, 6.9667E+00, 1.4400E+00, 5.0667E+00,
17:15:24.56419270, 7.1000E+00, 1.4267E+00, 5.2000E+00,
17:15:24.56419275, 7.0333E+00, 1.4267E+00, 5.2667E+00,
17:15:24.56419280, 6.9667E+00, 1.4400E+00, 5.0667E+00,
17:15:24.56419285, 7.0333E+00, 1.4400E+00, 5.1333E+00,
17:15:24.56419290, 7.0000E+00, 1.4267E+00, 5.2000E+00,
17:15:24.56419295, 7.0667E+00, 1.4267E+00, 5.1333E+00,
17:15:24.56419300, 7.0333E+00, 1.4267E+00, 5.1333E+00,
17:15:24.56419305, 7.0333E+00, 1.4133E+00, 5.3333E+00,
17:15:24.56419310, 7.0333E+00, 1.4267E+00, 4.9333E+00,
17:15:24.56419315, 7.1000E+00, 1.4267E+00, 5.1333E+00,
17:15:24.56419320, 7.0333E+00, 1.4267E+00, 5.1333E+00,
17:15:24.56419325, 7.0333E+00, 1.4400E+00, 5.1333E+00,
17:15:24.56419330, 7.0000E+00, 1.4133E+00, 5.3333E+00,
17:15:24.56419335, 7.0000E+00, 1.4267E+00, 5.3333E+00,
17:15:24.56419340, 7.0333E+00, 1.4133E+00, 5.0667E+00,
17:15:24.56419345, 7.0000E+00, 1.4267E+00, 5.2667E+00,
17:15:24.56419350, 7.0000E+00, 1.4400E+00, 5.0000E+00,
17:15:24.56419355, 7.0333E+00, 1.4267E+00, 5.0667E+00,
17:15:24.56419360, 7.0333E+00, 1.4267E+00, 5.1333E+00,
17:15:24.56419365, 7.0667E+00, 1.4267E+00, 5.1333E+00,
17:15:24.56419370, 7.0667E+00, 1.4400E+00, 5.1333E+00,
17:15:24.56419375, 7.0000E+00, 1.4267E+00, 5.1333E+00,
17:15:24.56419380, 7.0333E+00, 1.4267E+00, 5.2667E+00,
17:15:24.56419385, 6.9667E+00, 1.4267E+00, 5.3333E+00,
17:15:24.56419390, 7.0667E+00, 1.4133E+00, 5.1333E+00,
17:15:24.56419395, 7.0000E+00, 1.4400E+00, 5.1333E+00,
17:15:24.56419400, 7.0333E+00, 1.4667E+00, 5.0000E+00,
17:15:24.56419405, 7.1000E+00, 1.4133E+00, 5.0000E+00,
17:15:24.56419410, 7.0667E+00, 1.4267E+00, 5.0000E+00,
17:15:24.56419415, 7.0667E+00, 1.4267E+00, 5.1333E+00,
17:15:24.56419420, 7.0333E+00, 1.4267E+00, 5.1333E+00,
17:15:24.56419425, 6.9667E+00, 1.4533E+00, 5.1333E+00,
17:15:24.56419430, 7.0333E+00, 1.4267E+00, 5.1333E+00,
17:15:24.56419435, 6.9667E+00, 1.4267E+00, 5.2667E+00,
17:15:24.56419440, 7.0667E+00, 1.4267E+00, 5.1333E+00,
17:15:24.56419445, 7.0333E+00, 1.4267E+00, 5.2667E+00,
17:15:24.56419450, 7.0333E+00, 1.4267E+00, 5.1333E+00,
17:15:24.56419455, 7.0333E+00, 1.4533E+00, 5.1333E+00,
17:15:24.56419460, 7.0333E+00, 1.4400E+00, 5.1333E+00,
17:15:24.56419465, 7.0667E+00, 1.4533E+00, 5.2000E+00,
17:15:24.56419470, 7.0667E+00, 1.4267E+00, 5.1333E+00,
17:15:24.56419475, 7.0333E+00, 1.4400E+00, 5.3333E+00,
17:15:24.56419480, 7.0000E+00, 1.4133E+00, 5.1333E+00,
17:15:24.56419485, 7.0333E+00, 1.4533E+00, 5.2000E+00,
17:15:24.56419490, 7.0667E+00, 1.4133E+00, 5.1333E+00,
17:15:24.56419495, 7.0667E+00, 1.4000E+00, 5.0667E+00,
17:15:24.56419500, 7.0000E+00, 1.4267E+00, 5.1333E+00,
17:15:24.56419505, 7.0333E+00, 1.4267E+00, 5.1333E+00,
17:15:24.56419510, 7.0667E+00, 1.4267E+00, 5.0000E+00,
17:15:24.56419515, 7.0667E+00, 1.4267E+00, 5.2000E+00,
17:15:24.56419520, 7.0000E+00, 1.4267E+00, 5.2000E+00,
17:15:24.56419525, 7.0667E+00, 1.4267E+00, 5.2667E+00,
17:15:24.56419530, 7.0333E+00, 1.4267E+00, 5.2000E+00,
17:15:24.56419535, 7.0667E+00, 1.4267E+00, 5.3333E+00,
17:15:24.56419540, 7.0333E+00, 1.4400E+00, 5.1333E+00,
17:15:24.56419545, 7.0667E+00, 1.4400E+00, 5.0667E+00,
17:15:24.56419550, 7.0000E+00, 1.4267E+00, 5.1333E+00,
17:15:24.56419555, 7.0000E+00, 1.4133E+00, 5.0000E+00,
17:15:24.56419560, 7.0667E+00, 1.4267E+00, 5.0667E+00,
17:15:24.56419565, 7.0333E+00, 1.4267E+00, 5.0667E+00,
17:15:24.56419570, 6.9667E+00, 1.4133E+00, 5.1333E+00,
17:15:24.56419575, 7.0333E+00, 1.4267E+00, 4.9333E+00,
17:15:24.56419580, 7.1000E+00, 1.4267E+00, 5.2000E+00,
17:15:24.56419585, 7.1000E+00, 1.4133E+00, 5.1333E+00,
17:15:24.56419590, 7.0000E+00, 1.4533E+00, 5.1333E+00,
17:15:24.56419595, 7.0333E+00, 1.4267E+00, 5.0667E+00,
17:15:24.56419600, 7.1000E+00, 1.4133E+00, 5.0667E+00,
17:15:24.56419605, 6.9667E+00, 1.4267E+00, 5.1333E+00,
17:15:24.56419610, 7.0667E+00, 1.4267E+00, 5.1333E+00,
17:15:24.56419615, 7.0000E+00, 1.4133E+00, 5.1333E+00,
17:15:24.56419620, 7.0000E+00, 1.4267E+00, 5.1333E+00,
17:15:24.56419625, 7.0667E+00, 1.4267E+00, 5.1333E+00,
17:15:24.56419630, 7.0667E+00, 1.4267E+00, 5.2000E+00,
17:15:24.56419635, 7.0333E+00, 1.4267E+00, 5.1333E+00,
17:15:24.56419640, 7.0000E+00, 1.4267E+00, 5.0667E+00,
17:15:24.56419645, 6.9333E+00, 1.4000E+00, 5.1333E+00,
17:15:24.56419650, 7.0000E+00, 1.4533E+00, 5.0000E+00,
17:15:24.56419655, 7.0667E+00, 1.4400E+00, 5.0667E+00,
17:15:24.56419660, 7.1000E+00, 1.4267E+00, 5.1333E+00,
17:15:24.56419665, 6.9667E+00, 1.4267E+00, 5.1333E+00,
17:15:24.56419670, 7.0667E+00, 1.4667E+00, 5.1333E+00,
17:15:24.56419675, 7.1000E+00, 1.4267E+00, 5.2667E+00,
17:15:24.56419680, 7.0667E+00, 1.4267E+00, 5.3333E+00,
17:15:24.56419685, 7.0333E+00, 1.4267E+00, 5.0667E+00,
17:15:24.56419690, 7.1000E+00, 1.4000E+00, 5.0000E+00,
17:15:24.56419695, 7.0333E+00, 1.4533E+00, 5.1333E+00,
17:15:24.56419700, 6.9667E+00, 1.4533E+00, 5.3333E+00,
17:15:24.56419705, 7.0667E+00, 1.4267E+00, 5.0000E+00,
17:15:24.56419710, 7.0333E+00, 1.4267E+00, 5.2000E+00,
17:15:24.56419715, 7.0000E+00, 1.4267E+00, 5.1333E+00,
17:15:24.56419720, 7.0000E+00, 1.4400E+00, 5.1333E+00,
17:15:24.56419725, 7.0667E+00, 1.4533E+00, 5.2000E+00,
17:15:24.56419730, 7.0000E+00, 1.4267E+00, 5.1333E+00,
17:15:24.56419735, 7.0667E+00, 1.4133E+00, 5.1333E+00,
17:15:24.56419740, 7.0000E+00, 1.4267E+00, 5.0667E+00,
17:15:24.56419745, 7.0667E+00, 1.4267E+00, 5.1333E+00,
17:15:24.56419750, 7.0667E+00, 1.4000E+00, 5.1333E+00,
17:15:24.56419755, 7.0333E+00, 1.4267E+00, 5.1333E+00,
17:15:24.56419760, 7.0000E+00, 1.4267E+00, 5.0667E+00,
17:15:24.56419765, 7.0333E+00, 1.4267E+00, 5.3333E+00,
17:15:24.56419770, 7.0667E+00, 1.3867E+00, 5.2000E+00,
17:15:24.56419775, 7.0667E+00, 1.4267E+00, 4.9333E+00,
17:15:24.56419780, 7.0667E+00, 1.4400E+00, 5.1333E+00,
17:15:24.56419785, 7.0000E+00, 1.4000E+00, 5.1333E+00,
17:15:24.56419790, 6.9667E+00, 1.4000E+00, 5.0000E+00,
17:15:24.56419795, 6.9667E+00, 1.4267E+00, 5.1333E+00,
17:15:24.56419800, 7.0333E+00, 1.4267E+00, 5.0667E+00,
17:15:24.56419805, 7.0000E+00, 1.4267E+00, 5.1333E+00,
17:15:24.56419810, 7.0667E+00, 1.4000E+00, 5.0000E+00,
17:15:24.56419815, 6.9333E+00, 1.4267E+00, 5.1333E+00,
17:15:24.56419820, 7.0333E+00, 1.4400E+00, 5.3333E+00,
17:15:24.56419825, 7.0667E+00, 1.4267E+00, 5.1333E+00,
17:15:24.56419830, 7.1000E+00, 1.4000E+00, 5.0667E+00,
17:15:24.56419835, 7.0667E+00, 1.4267E+00, 5.0667E+00,
17:15:24.56419840, 7.0000E+00, 1.4533E+00, 5.1333E+00,
17:15:24.56419845, 7.0333E+00, 1.4267E+00, 5.1333E+00,
17:15:24.56419850, 7.0000E+00, 1.4133E+00, 5.1333E+00,
17:15:24.56419855, 7.0000E+00, 1.4267E+00, 5.1333E+00,
17:15:24.56419860, 6.9667E+00, 1.4267E+00, 5.1333E+00,
17:15:24.56419865, 6.9667E+00, 1.4400E+00, 5.2000E+00,
17:15:24.56419870, 7.1000E+00, 1.4267E+00, 5.1333E+00,
17:15:24.56419875, 7.0333E+00, 1.4267E+00, 5.1333E+00,
17:15:24.56419880, 7.0000E+00, 1.4400E+00, 5.1333E+00,
17:15:24.56419885, 7.1000E+00, 1.4400E+00, 5.0000E+00,
17:15:24.56419890, 7.0667E+00, 1.4267E+00, 5.0000E+00,
17:15:24.56419895, 7.0000E+00, 1.4267E+00, 5.0000E+00,
17:15:24.56419900, 7.0000E+00, 1.4267E+00, 5.2000E+00,
17:15:24.56419905, 7.0333E+00, 1.4133E+00, 5.2667E+00,
17:15:24.56419910, 7.0000E+00, 1.4267E+00, 5.1333E+00,
17:15:24.56419915, 7.0333E+00, 1.4267E+00, 5.2667E+00,
17:15:24.56419920, 7.0333E+00, 1.4267E+00, 5.2000E+00,
17:15:24.56419925, 6.9333E+00, 1.4400E+00, 5.0000E+00,
17:15:24.56419930, 7.0000E+00, 1.4267E+00, 5.2000E+00,
17:15:24.56419935, 7.0667E+00, 1.4267E+00, 5.1333E+00,
17:15:24.56419940, 7.0333E+00, 1.4267E+00, 5.1333E+00,
17:15:24.56419945, 7.0667E+00, 1.4267E+00, 5.0667E+00,
17:15:24.56419950, 7.0333E+00, 1.4267E+00, 5.1333E+00,
17:15:24.56419955, 7.0667E+00, 1.4267E+00, 5.2667E+00,
17:15:24.56419960, 7.0333E+00, 1.4267E+00, 5.1333E+00,
17:15:24.56419965, 7.0333E+00, 1.4267E+00, 5.1333E+00,
17:15:24.56419970, 7.0333E+00, 1.4267E+00, 5.1333E+00,
17:15:24.56419975, 7.0333E+00, 1.4267E+00, 5.1333E+00,
17:15:24.56419980, 7.0333E+00, 1.4267E+00, 5.1333E+00,
17:15:24.56419985, 7.0333E+00, 1.4000E+00, 5.1333E+00,
17:15:24.56419990, 7.1000E+00, 1.4400E+00, 5.1333E+00,
17:15:24.56419995, 7.0000E+00, 1.4267E+00, 5.0000E+00,
17:15:24.56420000, 7.0333E+00, 1.4000E+00, 5.1333E+00,
17:15:24.56420005, 7.0333E+00, 1.4267E+00, 5.1333E+00,
17:15:24.56420010, 7.0333E+00, 1.4267E+00, 5.2667E+00,
17:15:24.56420015, 7.0000E+00, 1.4133E+00, 5.3333E+00,
17:15:24.56420020, 6.9333E+00, 1.4267E+00, 5.1333E+00,
17:15:24.56420025, 7.0667E+00, 1.4267E+00, 5.0667E+00,
17:15:24.56420030, 7.0333E+00, 1.4267E+00, 5.0000E+00,
17:15:24.56420035, 7.0667E+00, 1.4267E+00, 4.8667E+00,
17:15:24.56420040, 7.1000E+00, 1.3867E+00, 5.1333E+00,
17:15:24.56420045, 6.9333E+00, 1.4133E+00, 5.0000E+00,
17:15:24.56420050, 7.1000E+00, 1.4267E+00, 5.0000E+00,
17:15:24.56420055, 7.0333E+00, 1.3867E+00, 5.1333E+00,
17:15:24.56420060, 7.0000E+00, 1.4133E+00, 5.2000E+00,
17:15:24.56420065, 7.0000E+00, 1.4267E+00, 5.1333E+00,
17:15:24.56420070, 7.1000E+00, 1.4267E+00, 5.1333E+00,
17:15:24.56420075, 7.0667E+00, 1.4267E+00, 5.1333E+00,
17:15:24.56420080, 7.0667E+00, 1.4267E+00, 5.0667E+00,
17:15:24.56420085, 7.0333E+00, 1.4267E+00, 5.0000E+00,
17:15:24.56420090, 7.0333E+00, 1.4267E+00, 5.1333E+00,
17:15:24.56420095, 7.0000E+00, 1.4267E+00, 5.1333E+00,
17:15:24.56420100, 7.0333E+00, 1.4133E+00, 5.0000E+00,
17:15:24.56420105, 7.0000E+00, 1.4267E+00, 5.2000E+00,
17:15:24.56420110, 7.0333E+00, 1.4267E+00, 5.1333E+00,
17:15:24.56420115, 7.0667E+00, 1.4400E+00, 5.2000E+00,
17:15:24.56420120, 7.0333E+00, 1.4267E+00, 5.0667E+00,
17:15:24.56420125, 6.9667E+00, 1.4267E+00, 5.3333E+00,
17:15:24.56420130, 7.0000E+00, 1.4267E+00, 5.1333E+00,
17:15:24.56420135, 7.0333E+00, 1.4267E+00, 4.9333E+00,
17:15:24.56420140, 7.0333E+00, 1.4267E+00, 5.1333E+00,
17:15:24.56420145, 7.0333E+00, 1.4267E+00, 5.2667E+00,
17:15:24.56420150, 7.0000E+00, 1.4133E+00, 5.2000E+00,
17:15:24.56420155, 7.0000E+00, 1.4000E+00, 5.2667E+00,
17:15:24.56420160, 6.9667E+00, 1.4267E+00, 5.3333E+00,
17:15:24.56420165, 7.0000E+00, 1.4133E+00, 5.2667E+00,
17:15:24.56420170, 7.0667E+00, 1.4267E+00, 5.1333E+00,
17:15:24.56420175, 7.0333E+00, 1.4267E+00, 5.0667E+00,
17:15:24.56420180, 7.0333E+00, 1.4400E+00, 5.2000E+00,
17:15:24.56420185, 7.0333E+00, 1.4267E+00, 5.2000E+00,
17:15:24.56420190, 7.0000E+00, 1.4000E+00, 5.0667E+00,
17:15:24.56420195, 7.0667E+00, 1.4000E+00, 5.1333E+00,
17:15:24.56420200, 7.0333E+00, 1.4000E+00, 5.1333E+00,
17:15:24.56420205, 7.0333E+00, 1.4267E+00, 5.2000E+00,
17:15:24.56420210, 7.0333E+00, 1.4267E+00, 5.2667E+00,
17:15:24.56420215, 7.0667E+00, 1.4267E+00, 5.1333E+00,
17:15:24.56420220, 7.0333E+00, 1.4267E+00, 5.0667E+00,
17:15:24.56420225, 7.1000E+00, 1.4267E+00, 5.1333E+00,
17:15:24.56420230, 7.0000E+00, 1.4400E+00, 5.1333E+00,
17:15:24.56420235, 7.0000E+00, 1.4267E+00, 5.0667E+00,
17:15:24.56420240, 7.1000E+00, 1.4400E+00, 5.0667E+00,
17:15:24.56420245, 7.0000E+00, 1.4133E+00, 5.0000E+00,
17:15:24.56420250, 7.0333E+00, 1.4267E+00, 5.1333E+00,
17:15:24.56420255, 7.0333E+00, 1.4267E+00, 4.9333E+00,
17:15:24.56420260, 6.9667E+00, 1.4133E+00, 5.1333E+00,
17:15:24.56420265, 7.0667E+00, 1.4267E+00, 5.1333E+00,
17:15:24.56420270, 7.0333E+00, 1.4267E+00, 5.2667E+00,
17:15:24.56420275, 7.0333E+00, 1.4267E+00, 5.1333E+00,
17:15:24.56420280, 7.0667E+00, 1.3867E+00, 5.1333E+00,
17:15:24.56420285, 7.0667E+00, 1.3867E+00, 5.2667E+00,
17:15:24.56420290, 7.0667E+00, 1.4133E+00, 5.1333E+00,
17:15:24.56420295, 7.0333E+00, 1.4267E+00, 5.1333E+00,
17:15:24.56420300, 7.0000E+00, 1.4133E+00, 5.1333E+00,
17:15:24.56420305, 7.0667E+00, 1.4267E+00, 5.1333E+00,
17:15:24.56420310, 6.9667E+00, 1.4267E+00, 5.2000E+00,
17:15:24.56420315, 7.1000E+00, 1.4267E+00, 5.2000E+00,
17:15:24.56420320, 7.0000E+00, 1.4400E+00, 5.1333E+00,
17:15:24.56420325, 7.0667E+00, 1.4000E+00, 5.1333E+00,
17:15:24.56420330, 7.1000E+00, 1.4267E+00, 5.2000E+00,
17:15:24.56420335, 7.0333E+00, 1.3867E+00, 5.1333E+00,
17:15:24.56420340, 7.0000E+00, 1.4267E+00, 5.2667E+00,
17:15:24.56420345, 7.0000E+00, 1.4400E+00, 5.1333E+00,
17:15:24.56420350, 6.9333E+00, 1.4400E+00, 5.1333E+00,
17:15:24.56420355, 7.0333E+00, 1.4533E+00, 5.2667E+00,
17:15:24.56420360, 7.1000E+00, 1.4267E+00, 5.1333E+00,
17:15:24.56420365, 7.0667E+00, 1.4267E+00, 5.1333E+00,
17:15:24.56420370, 7.0667E+00, 1.4267E+00, 5.1333E+00,
17:15:24.56420375, 7.0000E+00, 1.4267E+00, 5.1333E+00,
17:15:24.56420380, 7.0333E+00, 1.4267E+00, 5.1333E+00,
17:15:24.56420385, 7.0333E+00, 1.4267E+00, 5.0667E+00,
17:15:24.56420390, 7.0333E+00, 1.4400E+00, 5.2000E+00,
17:15:24.56420395, 7.0333E+00, 1.3867E+00, 5.2000E+00,
17:15:24.56420400, 7.0000E+00, 1.4000E+00, 5.2000E+00,
17:15:24.56420405, 7.0667E+00, 1.4267E+00, 5.2000E+00,
17:15:24.56420410, 7.0667E+00, 1.4133E+00, 5.2000E+00,
17:15:24.56420415, 7.0667E+00, 1.4267E+00, 5.1333E+00,
17:15:24.56420420, 6.9667E+00, 1.4267E+00, 5.1333E+00,
17:15:24.56420425, 7.0667E+00, 1.4267E+00, 5.0000E+00,
17:15:24.56420430, 6.9667E+00, 1.4133E+00, 5.2000E+00,
17:15:24.56420435, 7.0000E+00, 1.4133E+00, 5.0667E+00,
17:15:24.56420440, 7.0667E+00, 1.4267E+00, 5.2000E+00,
17:15:24.56420445, 7.0333E+00, 1.4267E+00, 5.1333E+00,
17:15:24.56420450, 7.0000E+00, 1.4267E+00, 5.1333E+00,
17:15:24.56420455, 7.0333E+00, 1.4267E+00, 5.2000E+00,
17:15:24.56420460, 7.0333E+00, 1.4267E+00, 5.1333E+00,
17:15:24.56420465, 7.0667E+00, 1.4000E+00, 5.0000E+00,
17:15:24.56420470, 7.0000E+00, 1.4400E+00, 5.1333E+00,
17:15:24.56420475, 7.1000E+00, 1.4267E+00, 5.1333E+00,
17:15:24.56420480, 7.0000E+00, 1.4267E+00, 5.0667E+00,
17:15:24.56420485, 7.0333E+00, 1.4267E+00, 5.2000E+00,
17:15:24.56420490, 7.0333E+00, 1.4267E+00, 5.1333E+00,
17:15:24.56420495, 7.0667E+00, 1.4267E+00, 4.8667E+00,
17:15:24.56420500, 7.0000E+00, 1.4267E+00, 5.0667E+00,
17:15:24.56420505, 7.0333E+00, 1.4400E+00, 5.2667E+00,
17:15:24.56420510, 7.0667E+00, 1.4267E+00, 5.0667E+00,
17:15:24.56420515, 7.0667E+00, 1.4267E+00, 5.0667E+00,
17:15:24.56420520, 7.1000E+00, 1.4267E+00, 4.9333E+00,
17:15:24.56420525, 7.0000E+00, 1.4133E+00, 5.1333E+00,
17:15:24.56420530, 7.0333E+00, 1.4400E+00, 5.0000E+00,
17:15:24.56420535, 6.9667E+00, 1.4267E+00, 5.1333E+00,
17:15:24.56420540, 7.0000E+00, 1.4000E+00, 5.2000E+00,
17:15:24.56420545, 7.0000E+00, 1.4133E+00, 5.2000E+00,
17:15:24.56420550, 7.0333E+00, 1.4267E+00, 5.2000E+00,
17:15:24.56420555, 7.0667E+00, 1.4133E+00, 5.2000E+00,
17:15:24.56420560, 7.0667E+00, 1.4400E+00, 5.2667E+00,
17:15:24.56420565, 7.0333E+00, 1.4400E+00, 5.0667E+00,
17:15:24.56420570, 7.0667E+00, 1.4267E+00, 5.1333E+00,
17:15:24.56420575, 7.1333E+00, 1.4133E+00, 5.2000E+00,
17:15:24.56420580, 7.1000E+00, 1.4267E+00, 5.2000E+00,
17:15:24.56420585, 7.0000E+00, 1.4400E+00, 5.1333E+00,
17:15:24.56420590, 7.0000E+00, 1.4133E+00, 5.0667E+00,
17:15:24.56420595, 7.0667E+00, 1.4267E+00, 4.9333E+00,
17:15:24.56420600, 7.1000E+00, 1.4400E+00, 5.0667E+00,
17:15:24.56420605, 7.0000E+00, 1.4000E+00, 5.2000E+00,
17:15:24.56420610, 7.0333E+00, 1.4267E+00, 5.1333E+00,
17:15:24.56420615, 7.0000E+00, 1.4400E+00, 5.0667E+00,
17:15:24.56420620, 7.0000E+00, 1.4267E+00, 5.1333E+00,
17:15:24.56420625, 7.0000E+00, 1.4267E+00, 5.0000E+00,
17:15:24.56420630, 7.0000E+00, 1.4133E+00, 5.2667E+00,
17:15:24.56420635, 6.9667E+00, 1.4267E+00, 5.1333E+00,
17:15:24.56420640, 7.0333E+00, 1.4267E+00, 5.2000E+00,
17:15:24.56420645, 7.0333E+00, 1.4400E+00, 5.1333E+00,
17:15:24.56420650, 7.0667E+00, 1.4267E+00, 5.2000E+00,
17:15:24.56420655, 7.0333E+00, 1.4267E+00, 5.1333E+00,
17:15:24.56420660, 7.0667E+00, 1.3867E+00, 5.2000E+00,
17:15:24.56420665, 7.0000E+00, 1.3867E+00, 5.2000E+00,
17:15:24.56420670, 6.9667E+00, 1.4267E+00, 5.1333E+00,
17:15:24.56420675, 7.0000E+00, 1.4133E+00, 5.1333E+00,
17:15:24.56420680, 7.0000E+00, 1.4267E+00, 5.1333E+00,
17:15:24.56420685, 7.0000E+00, 1.4267E+00, 5.1333E+00,
17:15:24.56420690, 7.0000E+00, 1.4133E+00, 5.1333E+00,
17:15:24.56420695, 7.0333E+00, 1.4400E+00, 5.2667E+00,
17:15:24.56420700, 7.0667E+00, 1.4133E+00, 5.2000E+00,
17:15:24.56420705, 7.0000E+00, 1.4267E+00, 5.0667E+00,
17:15:24.56420710, 7.1000E+00, 1.4267E+00, 5.0667E+00,
17:15:24.56420715, 7.0000E+00, 1.4267E+00, 5.1333E+00,
17:15:24.56420720, 7.0000E+00, 1.4267E+00, 5.0667E+00,
17:15:24.56420725, 6.9667E+00, 1.4267E+00, 5.2000E+00,
17:15:24.56420730, 7.1667E+00, 1.4267E+00, 5.1333E+00,
17:15:24.56420735, 7.0333E+00, 1.4400E+00, 5.1333E+00,
17:15:24.56420740, 7.0333E+00, 1.4267E+00, 5.0000E+00,
17:15:24.56420745, 7.0667E+00, 1.4400E+00, 5.2667E+00,
17:15:24.56420750, 7.0333E+00, 1.4267E+00, 5.1333E+00,
17:15:24.56420755, 7.1333E+00, 1.4267E+00, 5.1333E+00,
17:15:24.56420760, 6.9667E+00, 1.4533E+00, 5.1333E+00,
17:15:24.56420765, 7.0667E+00, 1.4267E+00, 5.1333E+00,
17:15:24.56420770, 7.0000E+00, 1.4533E+00, 4.9333E+00,
17:15:24.56420775, 7.0000E+00, 1.4267E+00, 5.2000E+00,
17:15:24.56420780, 7.0000E+00, 1.4267E+00, 5.3333E+00,
17:15:24.56420785, 7.0000E+00, 1.4133E+00, 5.2667E+00,
17:15:24.56420790, 7.0667E+00, 1.4133E+00, 5.0667E+00,
17:15:24.56420795, 7.0333E+00, 1.4267E+00, 5.0667E+00,
17:15:24.56420800, 7.1000E+00, 1.4400E+00, 5.2000E+00,
17:15:24.56420805, 7.0333E+00, 1.4267E+00, 5.1333E+00,
17:15:24.56420810, 7.0667E+00, 1.4400E+00, 5.1333E+00,
17:15:24.56420815, 7.0333E+00, 1.4400E+00, 5.1333E+00,
17:15:24.56420820, 7.0000E+00, 1.4400E+00, 5.2667E+00,
17:15:24.56420825, 7.0333E+00, 1.4267E+00, 5.2000E+00,
17:15:24.56420830, 7.0000E+00, 1.4267E+00, 5.1333E+00,
17:15:24.56420835, 6.9333E+00, 1.4400E+00, 5.2000E+00,
17:15:24.56420840, 7.0333E+00, 1.4267E+00, 5.1333E+00,
17:15:24.56420845, 7.1333E+00, 1.4267E+00, 5.2667E+00,
17:15:24.56420850, 7.0000E+00, 1.4267E+00, 5.2667E+00,
17:15:24.56420855, 7.0667E+00, 1.4267E+00, 5.2667E+00,
17:15:24.56420860, 6.9667E+00, 1.4400E+00, 5.1333E+00,
17:15:24.56420865, 7.0667E+00, 1.4400E+00, 5.0667E+00,
17:15:24.56420870, 7.0000E+00, 1.4267E+00, 5.2667E+00,
17:15:24.56420875, 7.0667E+00, 1.4267E+00, 5.0667E+00,
17:15:24.56420880, 7.1000E+00, 1.4267E+00, 5.2000E+00,
17:15:24.56420885, 7.0000E+00, 1.4267E+00, 5.0000E+00,
17:15:24.56420890, 7.0667E+00, 1.4267E+00, 5.1333E+00,
17:15:24.56420895, 7.0667E+00, 1.4267E+00, 5.0667E+00,
17:15:24.56420900, 7.0333E+00, 1.4133E+00, 5.2000E+00,
17:15:24.56420905, 7.0667E+00, 1.4267E+00, 5.0667E+00,
17:15:24.56420910, 7.0333E+00, 1.4000E+00, 5.1333E+00,
17:15:24.56420915, 7.0333E+00, 1.4267E+00, 5.1333E+00,
17:15:24.56420920, 7.1000E+00, 1.4133E+00, 5.1333E+00,
17:15:24.56420925, 7.0667E+00, 1.4400E+00, 5.0667E+00,
17:15:24.56420930, 7.0667E+00, 1.4533E+00, 5.1333E+00,
17:15:24.56420935, 7.0667E+00, 1.4267E+00, 5.1333E+00,
17:15:24.56420940, 7.0667E+00, 1.4267E+00, 5.3333E+00,
17:15:24.56420945, 7.0667E+00, 1.4267E+00, 5.2667E+00,
17:15:24.56420950, 7.0000E+00, 1.4133E+00, 5.0000E+00,
17:15:24.56420955, 6.9667E+00, 1.4533E+00, 5.0667E+00,
17:15:24.56420960, 7.0000E+00, 1.4267E+00, 5.0667E+00,
17:15:24.56420965, 7.0333E+00, 1.4267E+00, 5.1333E+00,
17:15:24.56420970, 7.0000E+00, 1.4267E+00, 5.2667E+00,
17:15:24.56420975, 7.0000E+00, 1.4400E+00, 5.1333E+00,
17:15:24.56420980, 6.9667E+00, 1.4133E+00, 5.2000E+00,
17:15:24.56420985, 6.9667E+00, 1.4133E+00, 5.1333E+00,
17:15:24.56420990, 7.0667E+00, 1.4133E+00, 5.2667E+00,
17:15:24.56420995, 7.0000E+00, 1.4400E+00, 5.2000E+00,
17:15:24.56421000, 7.0333E+00, 1.4133E+00, 5.0667E+00,
17:15:24.56421005, 7.0667E+00, 1.4400E+00, 5.2667E+00,
17:15:24.56421010, 6.9667E+00, 1.4267E+00, 5.0667E+00,
17:15:24.56421015, 6.9667E+00, 1.4267E+00, 5.2667E+00,
17:15:24.56421020, 7.0333E+00, 1.4000E+00, 5.1333E+00,
17:15:24.56421025, 7.0667E+00, 1.4267E+00, 5.2000E+00,
17:15:24.56421030, 7.0667E+00, 1.4133E+00, 5.1333E+00,
17:15:24.56421035, 7.0667E+00, 1.4133E+00, 5.2000E+00,
17:15:24.56421040, 7.0000E+00, 1.4267E+00, 5.1333E+00,
17:15:24.56421045, 7.0333E+00, 1.3867E+00, 5.1333E+00,
17:15:24.56421050, 7.0667E+00, 1.4267E+00, 5.2000E+00,
17:15:24.56421055, 7.0000E+00, 1.4133E+00, 5.1333E+00,
17:15:24.56421060, 7.0333E+00, 1.4267E+00, 5.0667E+00,
17:15:24.56421065, 7.1000E+00, 1.4267E+00, 5.1333E+00,
17:15:24.56421070, 7.0667E+00, 1.4267E+00, 5.0000E+00,
17:15:24.56421075, 7.1000E+00, 1.4267E+00, 5.1333E+00,
17:15:24.56421080, 7.0667E+00, 1.4133E+00, 5.3333E+00,
17:15:24.56421085, 7.1000E+00, 1.4133E+00, 5.1333E+00,
17:15:24.56421090, 7.0000E+00, 1.4267E+00, 5.2667E+00,
17:15:24.56421095, 7.1000E+00, 1.4267E+00, 5.2000E+00,
17:15:24.56421100, 7.0333E+00, 1.4133E+00, 5.1333E+00,
17:15:24.56421105, 7.0000E+00, 1.4267E+00, 5.1333E+00,
17:15:24.56421110, 7.0333E+00, 1.4267E+00, 5.2667E+00,
17:15:24.56421115, 7.0000E+00, 1.4267E+00, 5.0667E+00,
17:15:24.56421120, 7.0000E+00, 1.4267E+00, 5.2667E+00,
17:15:24.56421125, 7.0333E+00, 1.4267E+00, 5.0667E+00,
17:15:24.56421130, 7.0333E+00, 1.4133E+00, 5.2000E+00,
17:15:24.56421135, 7.0000E+00, 1.4400E+00, 5.1333E+00,
17:15:24.56421140, 7.0000E+00, 1.4133E+00, 5.1333E+00,
17:15:24.56421145, 7.0000E+00, 1.4267E+00, 5.0667E+00,
17:15:24.56421150, 7.1000E+00, 1.4267E+00, 5.3333E+00,
17:15:24.56421155, 7.0000E+00, 1.4133E+00, 5.2000E+00,
17:15:24.56421160, 7.0667E+00, 1.4267E+00, 5.1333E+00,
17:15:24.56421165, 7.0333E+00, 1.4267E+00, 5.1333E+00,
17:15:24.56421170, 7.0667E+00, 1.4267E+00, 5.0667E+00,
17:15:24.56421175, 7.0333E+00, 1.4267E+00, 5.0000E+00,
17:15:24.56421180, 7.0667E+00, 1.4267E+00, 5.2000E+00,
17:15:24.56421185, 7.0333E+00, 1.4267E+00, 5.2000E+00,
17:15:24.56421190, 7.0667E+00, 1.4267E+00, 5.1333E+00,
17:15:24.56421195, 7.0333E+00, 1.4533E+00, 5.1333E+00,
17:15:24.56421200, 7.0333E+00, 1.4267E+00, 5.1333E+00,
17:15:24.56421205, 7.0667E+00, 1.4267E+00, 5.0667E+00,
17:15:24.56421210, 6.9667E+00, 1.4267E+00, 5.1333E+00,
17:15:24.56421215, 7.0667E+00, 1.4267E+00, 5.2000E+00,
17:15:24.56421220, 7.0000E+00, 1.4400E+00, 5.3333E+00,
17:15:24.56421225, 7.0667E+00, 1.4400E+00, 5.1333E+00,
17:15:24.56421230, 7.1000E+00, 1.4267E+00, 5.1333E+00,
17:15:24.56421235, 7.0667E+00, 1.4000E+00, 5.1333E+00,
17:15:24.56421240, 7.0667E+00, 1.4267E+00, 5.0667E+00,
17:15:24.56421245, 7.0333E+00, 1.4267E+00, 5.1333E+00,
17:15:24.56421250, 7.0333E+00, 1.4000E+00, 5.1333E+00,
17:15:24.56421255, 7.0667E+00, 1.4267E+00, 5.2000E+00,
17:15:24.56421260, 7.1000E+00, 1.4400E+00, 5.1333E+00,
17:15:24.56421265, 7.0333E+00, 1.4267E+00, 5.0667E+00,
17:15:24.56421270, 7.0333E+00, 1.4133E+00, 5.2000E+00,
17:15:24.56421275, 7.0667E+00, 1.4400E+00, 5.0000E+00,
17:15:24.56421280, 6.9667E+00, 1.4267E+00, 5.0667E+00,
17:15:24.56421285, 7.0333E+00, 1.4267E+00, 5.2667E+00,
17:15:24.56421290, 7.0667E+00, 1.4133E+00, 5.1333E+00,
17:15:24.56421295, 6.9667E+00, 1.4267E+00, 5.1333E+00,
17:15:24.56421300, 7.0333E+00, 1.4267E+00, 5.0000E+00,
17:15:24.56421305, 7.0000E+00, 1.4400E+00, 5.1333E+00,
17:15:24.56421310, 7.0000E+00, 1.4267E+00, 5.1333E+00,
17:15:24.56421315, 7.0000E+00, 1.4267E+00, 5.1333E+00,
17:15:24.56421320, 7.0333E+00, 1.4267E+00, 5.1333E+00,
17:15:24.56421325, 7.1000E+00, 1.4000E+00, 5.2000E+00,
17:15:24.56421330, 7.0667E+00, 1.4267E+00, 5.2000E+00,
17:15:24.56421335, 7.1333E+00, 1.4133E+00, 5.2000E+00,
17:15:24.56421340, 7.0333E+00, 1.4267E+00, 5.2000E+00,
17:15:24.56421345, 7.0333E+00, 1.4267E+00, 5.1333E+00,
17:15:24.56421350, 7.0000E+00, 1.4533E+00, 5.2000E+00,
17:15:24.56421355, 7.0333E+00, 1.4267E+00, 5.1333E+00,
17:15:24.56421360, 7.0667E+00, 1.4400E+00, 5.2000E+00,
17:15:24.56421365, 6.9667E+00, 1.4267E+00, 5.2000E+00,
17:15:24.56421370, 7.0333E+00, 1.4267E+00, 5.1333E+00,
17:15:24.56421375, 7.0000E+00, 1.4267E+00, 5.3333E+00,
17:15:24.56421380, 7.1000E+00, 1.4267E+00, 5.1333E+00,
17:15:24.56421385, 7.0000E+00, 1.4667E+00, 5.2667E+00,
17:15:24.56421390, 7.0333E+00, 1.4533E+00, 5.1333E+00,
17:15:24.56421395, 7.0000E+00, 1.4267E+00, 5.2000E+00,
17:15:24.56421400, 6.9667E+00, 1.4000E+00, 5.0667E+00,
17:15:24.56421405, 7.0667E+00, 1.4267E+00, 5.0667E+00,
17:15:24.56421410, 7.0000E+00, 1.4267E+00, 5.1333E+00,
17:15:24.56421415, 7.0000E+00, 1.4267E+00, 5.0667E+00,
17:15:24.56421420, 6.9667E+00, 1.4000E+00, 5.2667E+00,
17:15:24.56421425, 7.0000E+00, 1.4000E+00, 5.0667E+00,
17:15:24.56421430, 6.9667E+00, 1.4267E+00, 5.1333E+00,
17:15:24.56421435, 7.0333E+00, 1.4267E+00, 5.4000E+00,
17:15:24.56421440, 7.0000E+00, 1.4267E+00, 5.1333E+00,
17:15:24.56421445, 7.0667E+00, 1.4400E+00, 5.0000E+00,
17:15:24.56421450, 7.0667E+00, 1.4267E+00, 5.1333E+00,
17:15:24.56421455, 7.0000E+00, 1.4267E+00, 5.1333E+00,
17:15:24.56421460, 7.1000E+00, 1.4400E+00, 5.2667E+00,
17:15:24.56421465, 7.0667E+00, 1.4267E+00, 5.2000E+00,
17:15:24.56421470, 7.0333E+00, 1.4133E+00, 5.1333E+00,
17:15:24.56421475, 7.0000E+00, 1.4000E+00, 5.1333E+00,
17:15:24.56421480, 7.0000E+00, 1.4267E+00, 5.2000E+00,
17:15:24.56421485, 7.0333E+00, 1.4267E+00, 5.1333E+00,
17:15:24.56421490, 7.0000E+00, 1.4400E+00, 5.0667E+00,
17:15:24.56421495, 7.0667E+00, 1.4267E+00, 5.0667E+00,
17:15:24.56421500, 7.0333E+00, 1.4267E+00, 5.1333E+00,
17:15:24.56421505, 7.1667E+00, 1.4267E+00, 5.0667E+00,
17:15:24.56421510, 7.0333E+00, 1.4133E+00, 5.1333E+00,
17:15:24.56421515, 7.0333E+00, 1.4267E+00, 5.1333E+00,
17:15:24.56421520, 7.0667E+00, 1.4267E+00, 5.1333E+00,
17:15:24.56421525, 7.0667E+00, 1.4267E+00, 5.2000E+00,
17:15:24.56421530, 7.0000E+00, 1.4267E+00, 5.2000E+00,
17:15:24.56421535, 7.0000E+00, 1.4267E+00, 5.0667E+00,
17:15:24.56421540, 7.0333E+00, 1.4400E+00, 5.2000E+00,
17:15:24.56421545, 7.0000E+00, 1.4267E+00, 5.1333E+00,
17:15:24.56421550, 7.0333E+00, 1.4267E+00, 5.1333E+00,
17:15:24.56421555, 7.1000E+00, 1.4267E+00, 5.2000E+00,
17:15:24.56421560, 7.0667E+00, 1.4000E+00, 5.1333E+00,
17:15:24.56421565, 7.0333E+00, 1.4267E+00, 5.2667E+00,
17:15:24.56421570, 7.1000E+00, 1.4400E+00, 5.2000E+00,
17:15:24.56421575, 7.1000E+00, 1.4400E+00, 5.1333E+00,
17:15:24.56421580, 7.0000E+00, 1.4267E+00, 5.1333E+00,
17:15:24.56421585, 7.0000E+00, 1.4267E+00, 5.1333E+00,
17:15:24.56421590, 7.0000E+00, 1.4133E+00, 5.0667E+00,
17:15:24.56421595, 7.0667E+00, 1.4133E+00, 5.2000E+00,
17:15:24.56421600, 7.0000E+00, 1.4267E+00, 5.1333E+00,
17:15:24.56421605, 7.0000E+00, 1.4267E+00, 5.1333E+00,
17:15:24.56421610, 7.0667E+00, 1.4000E+00, 5.2000E+00,
17:15:24.56421615, 7.0667E+00, 1.4267E+00, 5.3333E+00,
17:15:24.56421620, 6.9667E+00, 1.4267E+00, 5.1333E+00,
17:15:24.56421625, 7.0667E+00, 1.4267E+00, 5.3333E+00,
17:15:24.56421630, 7.0000E+00, 1.4267E+00, 5.1333E+00,
17:15:24.56421635, 7.0667E+00, 1.4267E+00, 5.1333E+00,
17:15:24.56421640, 7.0667E+00, 1.4400E+00, 5.1333E+00,
17:15:24.56421645, 7.0333E+00, 1.4267E+00, 5.1333E+00,
17:15:24.56421650, 7.0000E+00, 1.4267E+00, 5.0667E+00,
17:15:24.56421655, 7.0333E+00, 1.4267E+00, 4.8000E+00,
17:15:24.56421660, 7.0667E+00, 1.4267E+00, 5.1333E+00,
17:15:24.56421665, 7.0000E+00, 1.4267E+00, 5.2000E+00,
17:15:24.56421670, 7.0333E+00, 1.4267E+00, 5.1333E+00,
17:15:24.56421675, 7.0000E+00, 1.4267E+00, 5.1333E+00,
17:15:24.56421680, 7.0000E+00, 1.4267E+00, 5.2000E+00,
17:15:24.56421685, 7.0000E+00, 1.4400E+00, 5.0667E+00,
17:15:24.56421690, 7.0667E+00, 1.4267E+00, 5.0000E+00,
17:15:24.56421695, 7.0333E+00, 1.4000E+00, 5.1333E+00,
17:15:24.56421700, 7.0333E+00, 1.4267E+00, 5.2000E+00,
17:15:24.56421705, 7.0333E+00, 1.4400E+00, 5.2000E+00,
17:15:24.56421710, 7.0333E+00, 1.4267E+00, 5.1333E+00,
17:15:24.56421715, 6.9667E+00, 1.4133E+00, 5.1333E+00,
17:15:24.56421720, 7.0333E+00, 1.4267E+00, 5.1333E+00,
17:15:24.56421725, 7.0667E+00, 1.4133E+00, 5.1333E+00,
17:15:24.56421730, 7.0000E+00, 1.4267E+00, 5.2667E+00,
17:15:24.56421735, 7.0667E+00, 1.4267E+00, 5.1333E+00,
17:15:24.56421740, 7.0000E+00, 1.4133E+00, 5.0000E+00,
17:15:24.56421745, 7.1000E+00, 1.4133E+00, 5.1333E+00,
17:15:24.56421750, 7.0333E+00, 1.4267E+00, 5.1333E+00,
17:15:24.56421755, 7.0000E+00, 1.4267E+00, 5.1333E+00,
17:15:24.56421760, 7.0667E+00, 1.4267E+00, 5.0667E+00,
17:15:24.56421765, 7.0333E+00, 1.4533E+00, 5.1333E+00,
17:15:24.56421770, 7.0333E+00, 1.4267E+00, 5.3333E+00,
17:15:24.56421775, 7.0333E+00, 1.4400E+00, 5.2000E+00,
17:15:24.56421780, 7.0000E+00, 1.4267E+00, 5.1333E+00,
17:15:24.56421785, 6.9667E+00, 1.4267E+00, 5.0000E+00,
17:15:24.56421790, 6.9667E+00, 1.4667E+00, 5.2000E+00,
17:15:24.56421795, 7.0333E+00, 1.4400E+00, 5.1333E+00,
17:15:24.56421800, 7.0333E+00, 1.4267E+00, 5.1333E+00,
17:15:24.56421805, 7.0000E+00, 1.4267E+00, 5.1333E+00,
17:15:24.56421810, 7.0667E+00, 1.4267E+00, 5.0667E+00,
17:15:24.56421815, 7.1000E+00, 1.4267E+00, 5.1333E+00,
17:15:24.56421820, 7.1667E+00, 1.4267E+00, 5.2000E+00,
17:15:24.56421825, 7.0000E+00, 1.4133E+00, 5.1333E+00,
17:15:24.56421830, 7.1000E+00, 1.4267E+00, 5.1333E+00,
17:15:24.56421835, 7.0000E+00, 1.4267E+00, 5.2000E+00,
17:15:24.56421840, 6.9667E+00, 1.4267E+00, 5.0667E+00,
17:15:24.56421845, 7.0333E+00, 1.4267E+00, 5.1333E+00,
17:15:24.56421850, 7.0667E+00, 1.4133E+00, 5.4000E+00,
17:15:24.56421855, 7.0667E+00, 1.4267E+00, 5.2667E+00,
17:15:24.56421860, 7.1000E+00, 1.4267E+00, 5.1333E+00,
17:15:24.56421865, 7.0667E+00, 1.4267E+00, 5.1333E+00,
17:15:24.56421870, 7.0000E+00, 1.4267E+00, 5.1333E+00,
17:15:24.56421875, 7.0000E+00, 1.4533E+00, 5.2667E+00,
17:15:24.56421880, 7.0000E+00, 1.4133E+00, 5.1333E+00,
17:15:24.56421885, 7.0000E+00, 1.4133E+00, 5.1333E+00,
17:15:24.56421890, 7.0667E+00, 1.4267E+00, 5.1333E+00,
17:15:24.56421895, 6.9667E+00, 1.4267E+00, 5.0000E+00,
17:15:24.56421900, 7.0667E+00, 1.4000E+00, 5.1333E+00,
17:15:24.56421905, 7.0333E+00, 1.4267E+00, 5.0667E+00,
17:15:24.56421910, 7.0000E+00, 1.4000E+00, 5.1333E+00,
17:15:24.56421915, 7.0667E+00, 1.4267E+00, 5.1333E+00,
17:15:24.56421920, 7.0000E+00, 1.4267E+00, 5.1333E+00,
17:15:24.56421925, 7.0333E+00, 1.4400E+00, 5.1333E+00,
17:15:24.56421930, 7.0333E+00, 1.4267E+00, 5.0667E+00,
17:15:24.56421935, 7.0667E+00, 1.4133E+00, 5.0000E+00,
17:15:24.56421940, 7.1000E+00, 1.4400E+00, 5.1333E+00,
17:15:24.56421945, 7.0333E+00, 1.4533E+00, 5.2000E+00,
17:15:24.56421950, 7.0000E+00, 1.4133E+00, 5.1333E+00,
17:15:24.56421955, 7.0667E+00, 1.4000E+00, 5.1333E+00,
17:15:24.56421960, 7.0000E+00, 1.4267E+00, 5.0667E+00,
17:15:24.56421965, 7.0333E+00, 1.4267E+00, 5.2000E+00,
17:15:24.56421970, 7.0000E+00, 1.3867E+00, 5.1333E+00,
17:15:24.56421975, 7.0667E+00, 1.4400E+00, 5.2000E+00,
17:15:24.56421980, 7.0333E+00, 1.4533E+00, 5.0667E+00,
17:15:24.56421985, 7.0667E+00, 1.4267E+00, 5.2000E+00,
17:15:24.56421990, 7.0333E+00, 1.4667E+00, 5.0000E+00,
17:15:24.56421995, 7.0667E+00, 1.4533E+00, 5.1333E+00,
17:15:24.56422000, 7.0333E+00, 1.4133E+00, 5.1333E+00,
17:15:24.56422005, 7.0667E+00, 1.4267E+00, 5.2000E+00,
17:15:24.56422010, 7.0667E+00, 1.4267E+00, 5.2000E+00,
17:15:24.56422015, 7.0333E+00, 1.4267E+00, 5.0000E+00,
17:15:24.56422020, 7.1000E+00, 1.4400E+00, 5.2667E+00,
17:15:24.56422025, 7.0333E+00, 1.4400E+00, 5.1333E+00,
17:15:24.56422030, 7.0000E+00, 1.4267E+00, 5.0667E+00,
17:15:24.56422035, 7.0667E+00, 1.4133E+00, 5.0000E+00,
17:15:24.56422040, 7.1000E+00, 1.4267E+00, 5.1333E+00,
17:15:24.56422045, 7.0333E+00, 1.4133E+00, 5.1333E+00,
17:15:24.56422050, 7.1333E+00, 1.4267E+00, 5.1333E+00,
17:15:24.56422055, 7.0000E+00, 1.4267E+00, 5.2000E+00,
17:15:24.56422060, 7.0000E+00, 1.4267E+00, 5.1333E+00,
17:15:24.56422065, 7.0333E+00, 1.4267E+00, 5.2000E+00,
17:15:24.56422070, 7.0000E+00, 1.4000E+00, 5.3333E+00,
17:15:24.56422075, 7.0667E+00, 1.4267E+00, 5.1333E+00,
17:15:24.56422080, 6.9667E+00, 1.4267E+00, 5.2667E+00,
17:15:24.56422085, 7.0667E+00, 1.4133E+00, 5.1333E+00,
17:15:24.56422090, 7.0333E+00, 1.4267E+00, 5.2000E+00,
17:15:24.56422095, 7.0667E+00, 1.4133E+00, 5.1333E+00,
17:15:24.56422100, 7.0000E+00, 1.4133E+00, 5.2000E+00,
17:15:24.56422105, 7.0667E+00, 1.4267E+00, 5.2000E+00,
17:15:24.56422110, 7.0667E+00, 1.4533E+00, 5.1333E+00,
17:15:24.56422115, 6.9667E+00, 1.4133E+00, 5.2000E+00,
17:15:24.56422120, 7.1000E+00, 1.4267E+00, 5.3333E+00,
17:15:24.56422125, 7.0333E+00, 1.4000E+00, 5.1333E+00,
17:15:24.56422130, 7.1000E+00, 1.4267E+00, 5.1333E+00,
17:15:24.56422135, 7.0333E+00, 1.4667E+00, 4.8667E+00,
17:15:24.56422140, 7.0333E+00, 1.4133E+00, 5.1333E+00,
17:15:24.56422145, 7.0667E+00, 1.4400E+00, 5.1333E+00,
17:15:24.56422150, 7.0000E+00, 1.4267E+00, 5.1333E+00,
17:15:24.56422155, 7.0667E+00, 1.4133E+00, 5.1333E+00,
17:15:24.56422160, 7.0000E+00, 1.4133E+00, 5.2000E+00,
17:15:24.56422165, 7.1000E+00, 1.4267E+00, 5.0000E+00,
17:15:24.56422170, 7.0333E+00, 1.4133E+00, 5.2667E+00,
17:15:24.56422175, 7.0000E+00, 1.4267E+00, 5.1333E+00,
17:15:24.56422180, 7.0333E+00, 1.4267E+00, 5.2000E+00,
17:15:24.56422185, 7.0333E+00, 1.4400E+00, 5.1333E+00,
17:15:24.56422190, 7.0667E+00, 1.4267E+00, 5.0000E+00,
17:15:24.56422195, 7.1000E+00, 1.4267E+00, 5.0667E+00,
17:15:24.56422200, 7.0667E+00, 1.4133E+00, 5.1333E+00,
17:15:24.56422205, 7.0000E+00, 1.4400E+00, 5.1333E+00,
17:15:24.56422210, 6.9667E+00, 1.4400E+00, 5.0667E+00,
17:15:24.56422215, 7.0333E+00, 1.4267E+00, 5.1333E+00,
17:15:24.56422220, 7.0333E+00, 1.4400E+00, 5.0000E+00,
17:15:24.56422225, 7.0667E+00, 1.4000E+00, 5.0667E+00,
17:15:24.56422230, 7.0000E+00, 1.4133E+00, 5.1333E+00,
17:15:24.56422235, 7.1000E+00, 1.4133E+00, 5.0000E+00,
17:15:24.56422240, 7.1333E+00, 1.4267E+00, 5.2000E+00,
17:15:24.56422245, 7.0000E+00, 1.4267E+00, 5.1333E+00,
17:15:24.56422250, 7.0000E+00, 1.4267E+00, 5.1333E+00,
17:15:24.56422255, 7.0333E+00, 1.4133E+00, 5.2000E+00,
17:15:24.56422260, 7.0000E+00, 1.4267E+00, 5.1333E+00,
17:15:24.56422265, 7.0333E+00, 1.4400E+00, 5.1333E+00,
17:15:24.56422270, 7.0000E+00, 1.4000E+00, 5.1333E+00,
17:15:24.56422275, 6.9667E+00, 1.4267E+00, 5.2000E+00,
17:15:24.56422280, 7.0000E+00, 1.4133E+00, 5.1333E+00,
17:15:24.56422285, 7.0333E+00, 1.4267E+00, 5.1333E+00,
17:15:24.56422290, 7.0000E+00, 1.4267E+00, 5.0667E+00,
17:15:24.56422295, 7.1000E+00, 1.4133E+00, 5.1333E+00,
17:15:24.56422300, 6.9667E+00, 1.4267E+00, 5.2667E+00,
17:15:24.56422305, 7.0000E+00, 1.4133E+00, 5.3333E+00,
17:15:24.56422310, 7.0000E+00, 1.4267E+00, 5.1333E+00,
17:15:24.56422315, 7.0333E+00, 1.3867E+00, 5.1333E+00,
17:15:24.56422320, 7.0667E+00, 1.4133E+00, 5.2000E+00,
17:15:24.56422325, 7.0000E+00, 1.4267E+00, 5.2667E+00,
17:15:24.56422330, 7.0333E+00, 1.4267E+00, 5.0000E+00,
17:15:24.56422335, 7.0667E+00, 1.4133E+00, 5.0667E+00,
17:15:24.56422340, 7.0333E+00, 1.4267E+00, 5.2667E+00,
17:15:24.56422345, 7.0333E+00, 1.4267E+00, 5.1333E+00,
17:15:24.56422350, 7.0333E+00, 1.3867E+00, 5.2667E+00,
17:15:24.56422355, 7.0333E+00, 1.4267E+00, 5.1333E+00,
17:15:24.56422360, 7.0667E+00, 1.4267E+00, 5.0667E+00,
17:15:24.56422365, 6.9333E+00, 1.4133E+00, 5.2000E+00,
17:15:24.56422370, 7.0333E+00, 1.4267E+00, 4.9333E+00,
17:15:24.56422375, 7.0667E+00, 1.4133E+00, 5.1333E+00,
17:15:24.56422380, 7.1000E+00, 1.4267E+00, 5.1333E+00,
17:15:24.56422385, 6.9667E+00, 1.4533E+00, 5.0000E+00,
17:15:24.56422390, 7.0333E+00, 1.4267E+00, 5.1333E+00,
17:15:24.56422395, 7.0667E+00, 1.4267E+00, 5.1333E+00,
17:15:24.56422400, 7.0667E+00, 1.4267E+00, 5.1333E+00,
17:15:24.56422405, 7.0333E+00, 1.4133E+00, 5.0667E+00,
17:15:24.56422410, 7.1000E+00, 1.4267E+00, 5.2667E+00,
17:15:24.56422415, 7.0333E+00, 1.4267E+00, 5.1333E+00,
17:15:24.56422420, 7.0333E+00, 1.4267E+00, 5.0000E+00,
17:15:24.56422425, 7.0000E+00, 1.4267E+00, 5.1333E+00,
17:15:24.56422430, 7.0667E+00, 1.4267E+00, 5.1333E+00,
17:15:24.56422435, 7.0667E+00, 1.4133E+00, 4.9333E+00,
17:15:24.56422440, 7.0000E+00, 1.4267E+00, 5.0667E+00,
17:15:24.56422445, 7.0000E+00, 1.4267E+00, 5.0667E+00,
17:15:24.56422450, 7.0333E+00, 1.4400E+00, 5.1333E+00,
17:15:24.56422455, 7.0667E+00, 1.4267E+00, 5.1333E+00,
17:15:24.56422460, 7.0333E+00, 1.4133E+00, 5.1333E+00,
17:15:24.56422465, 7.0333E+00, 1.4133E+00, 5.1333E+00,
17:15:24.56422470, 7.0000E+00, 1.4000E+00, 5.1333E+00,
17:15:24.56422475, 7.0000E+00, 1.4133E+00, 5.1333E+00,
17:15:24.56422480, 7.0333E+00, 1.4133E+00, 5.2667E+00,
17:15:24.56422485, 7.0333E+00, 1.4533E+00, 5.1333E+00,
17:15:24.56422490, 7.0667E+00, 1.4267E+00, 5.1333E+00,
17:15:24.56422495, 7.0000E+00, 1.4000E+00, 5.1333E+00,
17:15:24.56422500, 7.1333E+00, 1.4267E+00, 5.2000E+00,
17:15:24.56422505, 7.0333E+00, 1.4267E+00, 5.1333E+00,
17:15:24.56422510, 7.0667E+00, 1.4267E+00, 5.1333E+00,
17:15:24.56422515, 7.0333E+00, 1.4133E+00, 5.1333E+00,
17:15:24.56422520, 7.0000E+00, 1.4267E+00, 5.0667E+00,
17:15:24.56422525, 6.9667E+00, 1.4267E+00, 5.1333E+00,
17:15:24.56422530, 6.9667E+00, 1.4400E+00, 5.0000E+00,
17:15:24.56422535, 7.0000E+00, 1.4533E+00, 5.1333E+00,
17:15:24.56422540, 7.0667E+00, 1.4267E+00, 5.2667E+00,
17:15:24.56422545, 7.0667E+00, 1.4267E+00, 5.1333E+00,
17:15:24.56422550, 7.0333E+00, 1.4133E+00, 5.2000E+00,
17:15:24.56422555, 7.0667E+00, 1.4267E+00, 5.2000E+00,
17:15:24.56422560, 7.0667E+00, 1.4133E+00, 5.1333E+00,
17:15:24.56422565, 7.0667E+00, 1.4267E+00, 5.3333E+00,
17:15:24.56422570, 7.0333E+00, 1.4133E+00, 5.0667E+00,
17:15:24.56422575, 7.0333E+00, 1.4267E+00, 5.2667E+00,
17:15:24.56422580, 7.0000E+00, 1.4533E+00, 5.1333E+00,
17:15:24.56422585, 7.1333E+00, 1.4267E+00, 5.1333E+00,
17:15:24.56422590, 7.0000E+00, 1.4267E+00, 5.2000E+00,
17:15:24.56422595, 7.0000E+00, 1.4267E+00, 5.1333E+00,
17:15:24.56422600, 7.1000E+00, 1.4133E+00, 5.2000E+00,
17:15:24.56422605, 6.9667E+00, 1.4133E+00, 5.1333E+00,
17:15:24.56422610, 7.1000E+00, 1.4533E+00, 5.3333E+00,
17:15:24.56422615, 7.0333E+00, 1.4667E+00, 5.0000E+00,
17:15:24.56422620, 7.0000E+00, 1.4400E+00, 5.0667E+00,
17:15:24.56422625, 7.0000E+00, 1.4133E+00, 5.1333E+00,
17:15:24.56422630, 7.0333E+00, 1.4267E+00, 5.2000E+00,
17:15:24.56422635, 7.0000E+00, 1.4267E+00, 5.1333E+00,
17:15:24.56422640, 7.0667E+00, 1.3867E+00, 5.1333E+00,
17:15:24.56422645, 7.0000E+00, 1.4133E+00, 5.3333E+00,
17:15:24.56422650, 7.0667E+00, 1.4000E+00, 5.2000E+00,
17:15:24.56422655, 7.0333E+00, 1.4267E+00, 5.2000E+00,
17:15:24.56422660, 7.0000E+00, 1.4267E+00, 5.0667E+00,
17:15:24.56422665, 7.1667E+00, 1.4533E+00, 5.1333E+00,
17:15:24.56422670, 7.0333E+00, 1.4267E+00, 5.2000E+00,
17:15:24.56422675, 7.0333E+00, 1.4267E+00, 5.1333E+00,
17:15:24.56422680, 7.0000E+00, 1.4133E+00, 5.2667E+00,
17:15:24.56422685, 6.9333E+00, 1.4267E+00, 5.0000E+00,
17:15:24.56422690, 6.9667E+00, 1.4400E+00, 5.0000E+00,
17:15:24.56422695, 7.1000E+00, 1.4000E+00, 5.4000E+00,
17:15:24.56422700, 7.1000E+00, 1.4267E+00, 5.1333E+00,
17:15:24.56422705, 7.0333E+00, 1.4133E+00, 5.3333E+00,
17:15:24.56422710, 7.0000E+00, 1.4133E+00, 5.1333E+00,
17:15:24.56422715, 6.9333E+00, 1.4400E+00, 5.2000E+00,
17:15:24.56422720, 7.0333E+00, 1.4267E+00, 5.1333E+00,
17:15:24.56422725, 7.0333E+00, 1.4400E+00, 5.1333E+00,
17:15:24.56422730, 7.0333E+00, 1.4133E+00, 5.1333E+00,
17:15:24.56422735, 7.0333E+00, 1.4400E+00, 5.2000E+00,
17:15:24.56422740, 7.0333E+00, 1.4267E+00, 5.2667E+00,
17:15:24.56422745, 7.0667E+00, 1.4267E+00, 5.1333E+00,
17:15:24.56422750, 7.0000E+00, 1.4267E+00, 5.3333E+00,
17:15:24.56422755, 7.0333E+00, 1.4133E+00, 5.2000E+00,
17:15:24.56422760, 7.0000E+00, 1.4400E+00, 5.1333E+00,
17:15:24.56422765, 7.1000E+00, 1.4267E+00, 5.1333E+00,
17:15:24.56422770, 7.0333E+00, 1.4267E+00, 5.0667E+00,
17:15:24.56422775, 7.0333E+00, 1.4533E+00, 5.1333E+00,
17:15:24.56422780, 7.0000E+00, 1.4267E+00, 5.2000E+00,
17:15:24.56422785, 6.9667E+00, 1.4267E+00, 5.1333E+00,
17:15:24.56422790, 7.0000E+00, 1.4133E+00, 5.4667E+00,
17:15:24.56422795, 7.0333E+00, 1.4133E+00, 5.2000E+00,
17:15:24.56422800, 7.0667E+00, 1.4400E+00, 5.2667E+00,
17:15:24.56422805, 7.0333E+00, 1.4400E+00, 5.1333E+00,
17:15:24.56422810, 6.9667E+00, 1.4400E+00, 4.8667E+00,
17:15:24.56422815, 7.1000E+00, 1.4267E+00, 5.1333E+00,
17:15:24.56422820, 7.1000E+00, 1.4267E+00, 5.1333E+00,
17:15:24.56422825, 7.0667E+00, 1.4267E+00, 5.1333E+00,
17:15:24.56422830, 7.0333E+00, 1.4267E+00, 5.0667E+00,
17:15:24.56422835, 7.0000E+00, 1.4000E+00, 5.1333E+00,
17:15:24.56422840, 7.0000E+00, 1.4400E+00, 5.2667E+00,
17:15:24.56422845, 7.0000E+00, 1.4267E+00, 5.2667E+00,
17:15:24.56422850, 7.0667E+00, 1.4267E+00, 5.1333E+00,
17:15:24.56422855, 7.0333E+00, 1.4000E+00, 5.1333E+00,
17:15:24.56422860, 7.0333E+00, 1.4133E+00, 5.1333E+00,
17:15:24.56422865, 7.0333E+00, 1.4267E+00, 5.2000E+00,
17:15:24.56422870, 7.0333E+00, 1.4533E+00, 5.0667E+00,
17:15:24.56422875, 6.9000E+00, 1.4000E+00, 5.0667E+00,
17:15:24.56422880, 7.0333E+00, 1.4133E+00, 5.2000E+00,
17:15:24.56422885, 7.0000E+00, 1.4133E+00, 5.0667E+00,
17:15:24.56422890, 7.0333E+00, 1.4267E+00, 5.2000E+00,
17:15:24.56422895, 7.0333E+00, 1.4000E+00, 5.1333E+00,
17:15:24.56422900, 7.0000E+00, 1.4400E+00, 5.1333E+00,
17:15:24.56422905, 7.0333E+00, 1.4267E+00, 5.2000E+00,
17:15:24.56422910, 7.0667E+00, 1.4267E+00, 5.1333E+00,
17:15:24.56422915, 7.0667E+00, 1.4267E+00, 5.2000E+00,
17:15:24.56422920, 7.0000E+00, 1.4267E+00, 5.0000E+00,
17:15:24.56422925, 6.9333E+00, 1.4133E+00, 5.0667E+00,
17:15:24.56422930, 7.0333E+00, 1.4133E+00, 5.1333E+00,
17:15:24.56422935, 7.0333E+00, 1.4267E+00, 5.1333E+00,
17:15:24.56422940, 7.1000E+00, 1.4267E+00, 5.1333E+00,
17:15:24.56422945, 7.0000E+00, 1.4133E+00, 5.2000E+00,
17:15:24.56422950, 7.0667E+00, 1.4133E+00, 5.2000E+00,
17:15:24.56422955, 7.0000E+00, 1.4267E+00, 5.1333E+00,
17:15:24.56422960, 7.1000E+00, 1.4267E+00, 5.0667E+00,
17:15:24.56422965, 7.0000E+00, 1.4133E+00, 5.1333E+00,
17:15:24.56422970, 6.9667E+00, 1.4267E+00, 5.1333E+00,
17:15:24.56422975, 7.0333E+00, 1.4400E+00, 5.0667E+00,
17:15:24.56422980, 7.0000E+00, 1.4267E+00, 5.1333E+00,
17:15:24.56422985, 7.0333E+00, 1.4400E+00, 5.2667E+00,
17:15:24.56422990, 6.9667E+00, 1.4267E+00, 5.2000E+00,
17:15:24.56422995, 7.1000E+00, 1.4400E+00, 5.2000E+00,
17:15:24.56423000, 7.0333E+00, 1.4267E+00, 5.0667E+00,
17:15:24.56423005, 7.0333E+00, 1.4533E+00, 5.2000E+00,
17:15:24.56423010, 7.1000E+00, 1.4133E+00, 5.0000E+00,
17:15:24.56423015, 7.0667E+00, 1.4133E+00, 5.1333E+00,
17:15:24.56423020, 7.0333E+00, 1.4267E+00, 4.9333E+00,
17:15:24.56423025, 7.0667E+00, 1.4267E+00, 5.2000E+00,
17:15:24.56423030, 7.0667E+00, 1.4400E+00, 5.1333E+00,
17:15:24.56423035, 7.0000E+00, 1.4267E+00, 5.3333E+00,
17:15:24.56423040, 7.0000E+00, 1.4267E+00, 5.4000E+00,
17:15:24.56423045, 7.0333E+00, 1.4400E+00, 5.1333E+00,
17:15:24.56423050, 7.0667E+00, 1.4267E+00, 5.1333E+00,
17:15:24.56423055, 7.0333E+00, 1.3867E+00, 5.0667E+00,
17:15:24.56423060, 7.0000E+00, 1.4133E+00, 4.9333E+00,
17:15:24.56423065, 7.0000E+00, 1.4400E+00, 5.1333E+00,
17:15:24.56423070, 7.0667E+00, 1.4000E+00, 5.2000E+00,
17:15:24.56423075, 6.9333E+00, 1.4133E+00, 5.1333E+00,
17:15:24.56423080, 7.0667E+00, 1.4267E+00, 5.2000E+00,
17:15:24.56423085, 7.0000E+00, 1.4267E+00, 5.2667E+00,
17:15:24.56423090, 7.0000E+00, 1.4267E+00, 5.2000E+00,
17:15:24.56423095, 7.0000E+00, 1.4000E+00, 5.2000E+00,
17:15:24.56423100, 7.0333E+00, 1.4267E+00, 5.0667E+00,
17:15:24.56423105, 7.0333E+00, 1.4400E+00, 5.2000E+00,
17:15:24.56423110, 7.0000E+00, 1.4267E+00, 5.1333E+00,
17:15:24.56423115, 7.1000E+00, 1.4000E+00, 5.2000E+00,
17:15:24.56423120, 7.0667E+00, 1.4267E+00, 5.1333E+00,
17:15:24.56423125, 7.0333E+00, 1.4267E+00, 5.1333E+00,
17:15:24.56423130, 7.0333E+00, 1.4267E+00, 5.1333E+00,
17:15:24.56423135, 7.0667E+00, 1.4267E+00, 5.1333E+00,
17:15:24.56423140, 7.1000E+00, 1.4000E+00, 5.1333E+00,
17:15:24.56423145, 7.0333E+00, 1.4400E+00, 5.0667E+00,
17:15:24.56423150, 7.0000E+00, 1.4267E+00, 5.2000E+00,
17:15:24.56423155, 7.0333E+00, 1.4133E+00, 5.1333E+00,
17:15:24.56423160, 7.0667E+00, 1.4133E+00, 5.0667E+00,
17:15:24.56423165, 7.0000E+00, 1.4267E+00, 4.9333E+00,
17:15:24.56423170, 6.9667E+00, 1.4267E+00, 5.2667E+00,
17:15:24.56423175, 7.0667E+00, 1.4400E+00, 5.1333E+00,
17:15:24.56423180, 7.1333E+00, 1.4133E+00, 5.1333E+00,
17:15:24.56423185, 6.9667E+00, 1.4267E+00, 5.2000E+00,
17:15:24.56423190, 7.0333E+00, 1.4267E+00, 5.1333E+00,
17:15:24.56423195, 7.0333E+00, 1.4267E+00, 5.0667E+00,
17:15:24.56423200, 7.1000E+00, 1.4267E+00, 5.1333E+00,
17:15:24.56423205, 7.0000E+00, 1.4267E+00, 5.0000E+00,
17:15:24.56423210, 6.9667E+00, 1.4133E+00, 5.2667E+00,
17:15:24.56423215, 7.0000E+00, 1.4267E+00, 5.1333E+00,
17:15:24.56423220, 7.0000E+00, 1.4267E+00, 5.0667E+00,
17:15:24.56423225, 7.0333E+00, 1.4000E+00, 5.1333E+00,
17:15:24.56423230, 7.0000E+00, 1.4267E+00, 5.0667E+00,
17:15:24.56423235, 7.0333E+00, 1.4267E+00, 5.2667E+00,
17:15:24.56423240, 7.0000E+00, 1.4267E+00, 5.1333E+00,
17:15:24.56423245, 7.0667E+00, 1.4267E+00, 5.1333E+00,
17:15:24.56423250, 6.9667E+00, 1.4400E+00, 5.0000E+00,
17:15:24.56423255, 6.9333E+00, 1.4533E+00, 5.0000E+00,
17:15:24.56423260, 7.0667E+00, 1.4267E+00, 5.1333E+00,
17:15:24.56423265, 6.9667E+00, 1.4133E+00, 5.2000E+00,
17:15:24.56423270, 7.0000E+00, 1.4133E+00, 5.2000E+00,
17:15:24.56423275, 7.0000E+00, 1.4267E+00, 5.2667E+00,
17:15:24.56423280, 7.0667E+00, 1.4267E+00, 5.2667E+00,
17:15:24.56423285, 7.0000E+00, 1.4267E+00, 5.2000E+00,
17:15:24.56423290, 7.0333E+00, 1.4133E+00, 5.1333E+00,
17:15:24.56423295, 7.0333E+00, 1.4400E+00, 5.1333E+00,
17:15:24.56423300, 7.0000E+00, 1.4267E+00, 5.1333E+00,
17:15:24.56423305, 7.0000E+00, 1.4400E+00, 5.1333E+00,
17:15:24.56423310, 7.0333E+00, 1.4267E+00, 5.2000E+00,
17:15:24.56423315, 7.0000E+00, 1.4400E+00, 5.2667E+00,
17:15:24.56423320, 7.0667E+00, 1.4400E+00, 5.2667E+00,
17:15:24.56423325, 7.0333E+00, 1.4267E+00, 5.4000E+00,
17:15:24.56423330, 7.0333E+00, 1.4533E+00, 5.2000E+00,
17:15:24.56423335, 7.0667E+00, 1.4267E+00, 5.1333E+00,
17:15:24.56423340, 7.0333E+00, 1.4133E+00, 5.1333E+00,
17:15:24.56423345, 7.0000E+00, 1.4400E+00, 5.1333E+00,
17:15:24.56423350, 6.9667E+00, 1.4267E+00, 5.2000E+00,
17:15:24.56423355, 7.0000E+00, 1.4400E+00, 5.1333E+00,
17:15:24.56423360, 6.9333E+00, 1.4267E+00, 5.1333E+00,
17:15:24.56423365, 7.0333E+00, 1.4133E+00, 5.1333E+00,
17:15:24.56423370, 7.0000E+00, 1.4267E+00, 5.2000E+00,
17:15:24.56423375, 7.0333E+00, 1.4267E+00, 5.3333E+00,
17:15:24.56423380, 7.0333E+00, 1.4267E+00, 5.1333E+00,
17:15:24.56423385, 7.0667E+00, 1.4133E+00, 5.1333E+00,
17:15:24.56423390, 7.0000E+00, 1.4267E+00, 5.1333E+00,
17:15:24.56423395, 7.0333E+00, 1.4000E+00, 5.0667E+00,
17:15:24.56423400, 7.0333E+00, 1.4133E+00, 5.2000E+00,
17:15:24.56423405, 7.0000E+00, 1.4267E+00, 5.1333E+00,
17:15:24.56423410, 7.0333E+00, 1.4133E+00, 5.2000E+00,
17:15:24.56423415, 7.0000E+00, 1.4267E+00, 5.1333E+00,
17:15:24.56423420, 7.0333E+00, 1.4267E+00, 5.0667E+00,
17:15:24.56423425, 7.0000E+00, 1.4133E+00, 5.2000E+00,
17:15:24.56423430, 7.0667E+00, 1.4400E+00, 5.2000E+00,
17:15:24.56423435, 7.0000E+00, 1.4267E+00, 5.1333E+00,
17:15:24.56423440, 7.1000E+00, 1.4267E+00, 5.1333E+00,
17:15:24.56423445, 7.1333E+00, 1.4267E+00, 5.2000E+00,
17:15:24.56423450, 7.0333E+00, 1.4133E+00, 5.1333E+00,
17:15:24.56423455, 6.9667E+00, 1.4267E+00, 5.1333E+00,
17:15:24.56423460, 7.0667E+00, 1.4400E+00, 5.1333E+00,
17:15:24.56423465, 7.0000E+00, 1.4267E+00, 5.2000E+00,
17:15:24.56423470, 7.0333E+00, 1.4133E+00, 5.2000E+00,
17:15:24.56423475, 7.0000E+00, 1.4267E+00, 5.1333E+00,
17:15:24.56423480, 7.0667E+00, 1.4267E+00, 5.0000E+00,
17:15:24.56423485, 7.0667E+00, 1.4267E+00, 5.2667E+00,
17:15:24.56423490, 7.0667E+00, 1.4133E+00, 5.0667E+00,
17:15:24.56423495, 7.0333E+00, 1.4267E+00, 5.1333E+00,
17:15:24.56423500, 6.9667E+00, 1.4133E+00, 5.1333E+00,
17:15:24.56423505, 7.0000E+00, 1.4267E+00, 5.1333E+00,
17:15:24.56423510, 7.1000E+00, 1.4267E+00, 5.1333E+00,
17:15:24.56423515, 6.9667E+00, 1.4267E+00, 5.2667E+00,
17:15:24.56423520, 7.0667E+00, 1.4133E+00, 5.2667E+00,
17:15:24.56423525, 7.0667E+00, 1.4267E+00, 5.2000E+00,
17:15:24.56423530, 7.1000E+00, 1.4267E+00, 5.1333E+00,
17:15:24.56423535, 7.0000E+00, 1.4000E+00, 5.1333E+00,
17:15:24.56423540, 7.1000E+00, 1.4267E+00, 5.0667E+00,
17:15:24.56423545, 7.0333E+00, 1.4267E+00, 5.0667E+00,
17:15:24.56423550, 7.0000E+00, 1.4400E+00, 5.1333E+00,
17:15:24.56423555, 7.0000E+00, 1.4267E+00, 5.2000E+00,
17:15:24.56423560, 7.0333E+00, 1.4267E+00, 5.1333E+00,
17:15:24.56423565, 7.0000E+00, 1.3867E+00, 5.1333E+00,
17:15:24.56423570, 7.0333E+00, 1.4267E+00, 5.2000E+00,
17:15:24.56423575, 7.0333E+00, 1.4267E+00, 5.1333E+00,
17:15:24.56423580, 7.0333E+00, 1.4267E+00, 5.2000E+00,
17:15:24.56423585, 7.0667E+00, 1.4133E+00, 5.1333E+00,
17:15:24.56423590, 7.0667E+00, 1.4267E+00, 5.2000E+00,
17:15:24.56423595, 6.9667E+00, 1.4267E+00, 5.0000E+00,
17:15:24.56423600, 7.0000E+00, 1.4400E+00, 5.2667E+00,
17:15:24.56423605, 7.0667E+00, 1.4133E+00, 5.1333E+00,
17:15:24.56423610, 7.0333E+00, 1.4267E+00, 5.1333E+00,
17:15:24.56423615, 6.9667E+00, 1.4267E+00, 5.1333E+00,
17:15:24.56423620, 7.0667E+00, 1.4267E+00, 5.1333E+00,
17:15:24.56423625, 7.0333E+00, 1.4267E+00, 5.1333E+00,
17:15:24.56423630, 7.0667E+00, 1.4400E+00, 5.1333E+00,
17:15:24.56423635, 7.0000E+00, 1.4533E+00, 5.0667E+00,
17:15:24.56423640, 7.0333E+00, 1.4267E+00, 5.0000E+00,
17:15:24.56423645, 7.0333E+00, 1.4267E+00, 5.0000E+00,
17:15:24.56423650, 7.0000E+00, 1.4533E+00, 5.0667E+00,
17:15:24.56423655, 7.0000E+00, 1.4533E+00, 5.1333E+00,
17:15:24.56423660, 7.0667E+00, 1.4267E+00, 5.1333E+00,
17:15:24.56423665, 7.0000E+00, 1.4267E+00, 5.2667E+00,
17:15:24.56423670, 7.1000E+00, 1.4267E+00, 5.2000E+00,
17:15:24.56423675, 7.0333E+00, 1.4267E+00, 5.2000E+00,
17:15:24.56423680, 7.1000E+00, 1.4267E+00, 5.2000E+00,
17:15:24.56423685, 6.9333E+00, 1.4267E+00, 5.1333E+00,
17:15:24.56423690, 7.0667E+00, 1.4133E+00, 5.2667E+00,
17:15:24.56423695, 7.0000E+00, 1.4267E+00, 5.0667E+00,
17:15:24.56423700, 7.0000E+00, 1.4133E+00, 5.1333E+00,
17:15:24.56423705, 7.0667E+00, 1.4267E+00, 5.2000E+00,
17:15:24.56423710, 7.0333E+00, 1.4400E+00, 5.2000E+00,
17:15:24.56423715, 7.1000E+00, 1.4400E+00, 5.1333E+00,
17:15:24.56423720, 7.0667E+00, 1.4000E+00, 5.1333E+00,
17:15:24.56423725, 7.0333E+00, 1.4267E+00, 5.1333E+00,
17:15:24.56423730, 7.0333E+00, 1.4267E+00, 5.1333E+00,
17:15:24.56423735, 6.9667E+00, 1.4133E+00, 5.1333E+00,
17:15:24.56423740, 7.0000E+00, 1.4133E+00, 5.0000E+00,
17:15:24.56423745, 7.0333E+00, 1.4267E+00, 5.0000E+00,
17:15:24.56423750, 7.0333E+00, 1.4400E+00, 5.2000E+00,
17:15:24.56423755, 6.9667E+00, 1.4267E+00, 5.2000E+00,
17:15:24.56423760, 7.0000E+00, 1.4267E+00, 5.1333E+00,
17:15:24.56423765, 7.0667E+00, 1.4267E+00, 5.2000E+00,
17:15:24.56423770, 7.1000E+00, 1.4000E+00, 5.2000E+00,
17:15:24.56423775, 7.0667E+00, 1.4267E+00, 5.2000E+00,
17:15:24.56423780, 7.0333E+00, 1.4133E+00, 5.1333E+00,
17:15:24.56423785, 7.0333E+00, 1.4000E+00, 5.1333E+00,
17:15:24.56423790, 7.0000E+00, 1.4267E+00, 5.0667E+00,
17:15:24.56423795, 7.0667E+00, 1.3867E+00, 5.1333E+00,
17:15:24.56423800, 7.0000E+00, 1.4267E+00, 5.2000E+00,
17:15:24.56423805, 7.0000E+00, 1.4533E+00, 5.2000E+00,
17:15:24.56423810, 7.0333E+00, 1.4400E+00, 5.1333E+00,
17:15:24.56423815, 7.0667E+00, 1.4267E+00, 5.1333E+00,
17:15:24.56423820, 7.0333E+00, 1.4400E+00, 5.1333E+00,
17:15:24.56423825, 7.0333E+00, 1.4267E+00, 5.1333E+00,
17:15:24.56423830, 7.0333E+00, 1.4133E+00, 5.1333E+00,
17:15:24.56423835, 7.0667E+00, 1.4267E+00, 5.0667E+00,
17:15:24.56423840, 7.0667E+00, 1.4267E+00, 5.0667E+00,
17:15:24.56423845, 7.0333E+00, 1.4400E+00, 5.0000E+00,
17:15:24.56423850, 7.0000E+00, 1.4267E+00, 5.2000E+00,
17:15:24.56423855, 7.0000E+00, 1.4533E+00, 5.1333E+00,
17:15:24.56423860, 7.0000E+00, 1.4267E+00, 5.0000E+00,
17:15:24.56423865, 7.0000E+00, 1.4400E+00, 5.2667E+00,
17:15:24.56423870, 7.0667E+00, 1.4267E+00, 5.0667E+00,
17:15:24.56423875, 7.0667E+00, 1.4000E+00, 5.2000E+00,
17:15:24.56423880, 6.9667E+00, 1.4267E+00, 4.8667E+00,
17:15:24.56423885, 6.4333E+00, 1.8933E+00, 5.1333E+00,
17:15:24.56423890, 4.3333E+00, 1.4933E+00, 5.1333E+00,
17:15:24.56423895, 2.1333E+00, 1.5333E+00, 5.1333E+00,
17:15:24.56423900, 1.1333E+00, 1.4667E+00, 5.0000E+00,
17:15:24.56423905, 7.6667E-01, 1.4800E+00, 5.3333E+00,
17:15:24.56423910, 7.0000E-01, 1.5067E+00, 5.1333E+00,
17:15:24.56423915, 7.0000E-01, 1.5067E+00, 5.1333E+00,
17:15:24.56423920, 6.6667E-01, 1.5067E+00, 5.1333E+00,
17:15:24.56423925, 6.3333E-01, 1.4933E+00, 5.0000E+00,
17:15:24.56423930, 5.6667E-01, 1.5200E+00, 4.8000E+00,
17:15:24.56423935, 5.6667E-01, 1.5067E+00, 4.7333E+00,
17:15:24.56423940, 6.3333E-01, 1.4933E+00, 5.0000E+00,
17:15:24.56423945, 6.0000E-01, 1.5333E+00, 4.8667E+00,
17:15:24.56423950, 6.3333E-01, 1.4933E+00, 4.9333E+00,
17:15:24.56423955, 5.6667E-01, 1.4933E+00, 5.0000E+00,
17:15:24.56423960, 6.0000E-01, 1.5333E+00, 4.8000E+00,
17:15:24.56423965, 6.0000E-01, 1.4933E+00, 4.9333E+00,
17:15:24.56423970, 6.6667E-01, 1.5200E+00, 4.8000E+00,
17:15:24.56423975, 5.6667E-01, 1.5067E+00, 5.0000E+00,
17:15:24.56423980, 5.6667E-01, 1.5067E+00, 4.8667E+00,
17:15:24.56423985, 6.3333E-01, 1.5200E+00, 4.8000E+00,
17:15:24.56423990, 6.3333E-01, 1.5200E+00, 4.9333E+00,
17:15:24.56423995, 5.6667E-01, 1.5200E+00, 4.8000E+00,
17:15:24.56424000, 6.0000E-01, 1.5333E+00, 4.7333E+00,
17:15:24.56424005, 7.0000E-01, 1.5067E+00, 4.8667E+00,
17:15:24.56424010, 5.6667E-01, 1.5467E+00, 4.8667E+00,
17:15:24.56424015, 6.3333E-01, 1.5200E+00, 4.8667E+00,
17:15:24.56424020, 5.6667E-01, 1.5200E+00, 4.7333E+00,
17:15:24.56424025, 6.0000E-01, 1.5333E+00, 4.6000E+00,
17:15:24.56424030, 6.3333E-01, 1.5733E+00, 4.7333E+00,
17:15:24.56424035, 5.6667E-01, 1.5467E+00, 4.5333E+00,
17:15:24.56424040, 6.0000E-01, 1.5333E+00, 4.5333E+00,
17:15:24.56424045, 5.6667E-01, 1.5467E+00, 4.4667E+00,
17:15:24.56424050, 6.3333E-01, 1.5467E+00, 4.6000E+00,
17:15:24.56424055, 6.3333E-01, 1.5467E+00, 4.4667E+00,
17:15:24.56424060, 6.3333E-01, 1.5733E+00, 4.5333E+00,
17:15:24.56424065, 6.3333E-01, 1.5333E+00, 4.6000E+00,
17:15:24.56424070, 5.6667E-01, 1.5733E+00, 4.4667E+00,
17:15:24.56424075, 6.0000E-01, 1.5600E+00, 4.5333E+00,
17:15:24.56424080, 5.6667E-01, 1.5733E+00, 4.4667E+00,
17:15:24.56424085, 5.6667E-01, 1.5733E+00, 4.4667E+00,
17:15:24.56424090, 5.6667E-01, 1.6000E+00, 4.4667E+00,
17:15:24.56424095, 6.0000E-01, 1.5733E+00, 4.4000E+00,
17:15:24.56424100, 6.0000E-01, 1.5733E+00, 4.4667E+00,
17:15:24.56424105, 6.3333E-01, 1.5867E+00, 4.4667E+00,
17:15:24.56424110, 5.6667E-01, 1.5733E+00, 4.4667E+00,
17:15:24.56424115, 5.6667E-01, 1.5733E+00, 4.0667E+00,
17:15:24.56424120, 6.0000E-01, 1.5733E+00, 4.2667E+00,
17:15:24.56424125, 5.3333E-01, 1.5733E+00, 4.1333E+00,
17:15:24.56424130, 5.3333E-01, 1.5867E+00, 4.1333E+00,
17:15:24.56424135, 5.3333E-01, 1.6000E+00, 4.1333E+00,
17:15:24.56424140, 5.6667E-01, 1.5733E+00, 4.1333E+00,
17:15:24.56424145, 5.6667E-01, 1.6000E+00, 4.2667E+00,
17:15:24.56424150, 5.3333E-01, 1.5867E+00, 4.0667E+00,
17:15:24.56424155, 5.0000E-01, 1.5867E+00, 4.2000E+00,
17:15:24.56424160, 5.0000E-01, 1.6133E+00, 4.2000E+00,
17:15:24.56424165, 5.3333E-01, 1.6000E+00, 4.1333E+00,
17:15:24.56424170, 5.3333E-01, 1.5733E+00, 4.2000E+00,
17:15:24.56424175, 5.0000E-01, 1.5733E+00, 3.8667E+00,
17:15:24.56424180, 5.3333E-01, 1.6000E+00, 3.8000E+00,
17:15:24.56424185, 5.6667E-01, 1.6000E+00, 3.8667E+00,
17:15:24.56424190, 5.3333E-01, 1.5733E+00, 3.8000E+00,
17:15:24.56424195, 5.3333E-01, 1.6000E+00, 4.0000E+00,
17:15:24.56424200, 5.0000E-01, 1.6000E+00, 3.8000E+00,
17:15:24.56424205, 4.6667E-01, 1.6133E+00, 3.8000E+00,
17:15:24.56424210, 5.0000E-01, 1.5867E+00, 3.7333E+00,
17:15:24.56424215, 5.3333E-01, 1.6133E+00, 3.7333E+00,
17:15:24.56424220, 4.3333E-01, 1.6133E+00, 3.6667E+00,
17:15:24.56424225, 5.0000E-01, 1.6267E+00, 3.4667E+00,
17:15:24.56424230, 5.3333E-01, 1.6000E+00, 3.7333E+00,
17:15:24.56424235, 4.0000E-01, 1.6267E+00, 3.6000E+00,
17:15:24.56424240, 4.6667E-01, 1.6400E+00, 3.6000E+00,
17:15:24.56424245, 5.3333E-01, 1.6000E+00, 3.6667E+00,
17:15:24.56424250, 5.0000E-01, 1.6000E+00, 3.6667E+00,
17:15:24.56424255, 4.3333E-01, 1.6133E+00, 3.4667E+00,
17:15:24.56424260, 4.6667E-01, 1.6133E+00, 3.4000E+00,
17:15:24.56424265, 4.3333E-01, 1.6000E+00, 3.4000E+00,
17:15:24.56424270, 4.3333E-01, 1.6267E+00, 3.3333E+00,
17:15:24.56424275, 4.3333E-01, 1.6400E+00, 3.3333E+00,
17:15:24.56424280, 5.0000E-01, 1.6400E+00, 3.2000E+00,
17:15:24.56424285, 5.0000E-01, 1.6267E+00, 3.3333E+00,
17:15:24.56424290, 4.3333E-01, 1.6533E+00, 3.1333E+00,
17:15:24.56424295, 4.0000E-01, 1.6533E+00, 3.1333E+00,
17:15:24.56424300, 5.0000E-01, 1.6533E+00, 2.9333E+00,
17:15:24.56424305, 3.6667E-01, 1.6267E+00, 3.1333E+00,
17:15:24.56424310, 3.6667E-01, 1.6267E+00, 3.0667E+00,
17:15:24.56424315, 4.3333E-01, 1.6533E+00, 3.0000E+00,
17:15:24.56424320, 3.6667E-01, 1.6400E+00, 3.0000E+00,
17:15:24.56424325, 3.6667E-01, 1.6133E+00, 2.7333E+00,
17:15:24.56424330, 4.3333E-01, 1.6533E+00, 3.0000E+00,
17:15:24.56424335, 3.3333E-01, 1.6267E+00, 2.9333E+00,
17:15:24.56424340, 3.6667E-01, 1.6400E+00, 2.7333E+00,
17:15:24.56424345, 4.6667E-01, 1.6267E+00, 3.0667E+00,
17:15:24.56424350, 3.6667E-01, 1.6800E+00, 2.8667E+00,
17:15:24.56424355, 3.3333E-01, 1.6667E+00, 2.6667E+00,
17:15:24.56424360, 4.3333E-01, 1.6400E+00, 2.7333E+00,
17:15:24.56424365, 4.0000E-01, 1.6267E+00, 2.5333E+00,
17:15:24.56424370, 2.6667E-01, 1.6533E+00, 2.5333E+00,
17:15:24.56424375, 4.3333E-01, 1.6533E+00, 2.4667E+00,
17:15:24.56424380, 4.0000E-01, 1.6133E+00, 2.5333E+00,
17:15:24.56424385, 4.3333E-01, 1.6667E+00, 2.5333E+00,
17:15:24.56424390, 3.3333E-01, 1.6533E+00, 2.5333E+00,
17:15:24.56424395, 3.6667E-01, 1.6533E+00, 2.4000E+00,
17:15:24.56424400, 3.3333E-01, 1.6533E+00, 2.4667E+00,
17:15:24.56424405, 3.3333E-01, 1.6533E+00, 2.2667E+00,
17:15:24.56424410, 4.3333E-01, 1.6400E+00, 2.2667E+00,
17:15:24.56424415, 4.0000E-01, 1.6533E+00, 2.2000E+00,
17:15:24.56424420, 3.0000E-01, 1.6400E+00, 2.2000E+00,
17:15:24.56424425, 3.3333E-01, 1.6800E+00, 2.2667E+00,
17:15:24.56424430, 3.0000E-01, 1.6667E+00, 2.1333E+00,
17:15:24.56424435, 3.3333E-01, 1.6133E+00, 2.1333E+00,
17:15:24.56424440, 3.6667E-01, 1.6667E+00, 2.0000E+00,
17:15:24.56424445, 3.3333E-01, 1.6267E+00, 2.1333E+00,
17:15:24.56424450, 3.0000E-01, 1.6667E+00, 2.0000E+00,
17:15:24.56424455, 3.0000E-01, 1.6800E+00, 2.0667E+00,
17:15:24.56424460, 3.0000E-01, 1.6667E+00, 1.9333E+00,
17:15:24.56424465, 3.0000E-01, 1.6667E+00, 1.7333E+00,
17:15:24.56424470, 2.6667E-01, 1.6533E+00, 1.8000E+00,
17:15:24.56424475, 3.3333E-01, 1.6667E+00, 1.7333E+00,
17:15:24.56424480, 2.3333E-01, 1.6667E+00, 1.8000E+00,
17:15:24.56424485, 3.6667E-01, 1.6533E+00, 1.7333E+00,
17:15:24.56424490, 3.0000E-01, 1.6533E+00, 1.7333E+00,
17:15:24.56424495, 3.0000E-01, 1.6267E+00, 1.6000E+00,
17:15:24.56424500, 2.6667E-01, 1.6667E+00, 1.6667E+00,
17:15:24.56424505, 3.0000E-01, 1.6800E+00, 1.6000E+00,
17:15:24.56424510, 2.3333E-01, 1.6800E+00, 1.4667E+00,
17:15:24.56424515, 2.0000E-01, 1.6533E+00, 1.3333E+00,
17:15:24.56424520, 2.6667E-01, 1.6667E+00, 1.3333E+00,
17:15:24.56424525, 3.0000E-01, 1.6533E+00, 1.2667E+00,
17:15:24.56424530, 2.3333E-01, 1.6667E+00, 1.2667E+00,
17:15:24.56424535, 3.0000E-01, 1.6800E+00, 1.3333E+00,
17:15:24.56424540, 2.0000E-01, 1.6667E+00, 1.2000E+00,
17:15:24.56424545, 3.3333E-01, 1.6400E+00, 1.2667E+00,
17:15:24.56424550, 2.0000E-01, 1.6533E+00, 1.2667E+00,
17:15:24.56424555, 2.3333E-01, 1.6667E+00, 1.0000E+00,
17:15:24.56424560, 2.3333E-01, 1.6400E+00, 1.0667E+00,
17:15:24.56424565, 3.6667E-01, 1.6400E+00, 1.0000E+00,
17:15:24.56424570, 3.0000E-01, 1.6533E+00, 1.0667E+00,
17:15:24.56424575, 2.0000E-01, 1.6533E+00, 1.0000E+00,
17:15:24.56424580, 2.3333E-01, 1.6400E+00, 1.0000E+00,
17:15:24.56424585, 2.6667E-01, 1.6800E+00, 1.0000E+00,
17:15:24.56424590, 2.6667E-01, 1.6667E+00, 9.3333E-01,
17:15:24.56424595, 2.3333E-01, 1.6667E+00, 1.0667E+00,
17:15:24.56424600, 2.3333E-01, 1.6533E+00, 9.3333E-01,
17:15:24.56424605, 2.0000E-01, 1.6667E+00, 6.0000E-01,
17:15:24.56424610, 2.3333E-01, 1.6800E+00, 5.3333E-01,
17:15:24.56424615, 2.3333E-01, 1.6667E+00, 8.0000E-01,
17:15:24.56424620, 2.3333E-01, 1.6533E+00, 5.3333E-01,
17:15:24.56424625, 3.0000E-01, 1.6533E+00, 4.6667E-01,
17:15:24.56424630, 2.3333E-01, 1.6533E+00, 6.6667E-01,
17:15:24.56424635, 3.0000E-01, 1.6800E+00, 6.0000E-01,
17:15:24.56424640, 2.0000E-01, 1.6400E+00, 6.0000E-01,
17:15:24.56424645, 2.0000E-01, 1.6667E+00, 6.0000E-01,
17:15:24.56424650, 1.6667E-01, 1.6533E+00, 3.3333E-01,
17:15:24.56424655, 2.0000E-01, 1.6400E+00, 2.0000E-01,
17:15:24.56424660, 2.0000E-01, 1.6133E+00, 2.6667E-01,
17:15:24.56424665, 2.0000E-01, 1.6267E+00, 2.6667E-01,
17:15:24.56424670, 2.0000E-01, 1.6667E+00, 2.6667E-01,
17:15:24.56424675, 2.0000E-01, 1.6667E+00, 1.3333E-01,
17:15:24.56424680, 2.0000E-01, 1.6800E+00, 2.0000E-01,
17:15:24.56424685, 2.0000E-01, 1.6800E+00, 1.3333E-01,
17:15:24.56424690, 2.3333E-01, 1.6400E+00, 0.0000E+00,
17:15:24.56424695, 1.6667E-01, 1.6533E+00, 2.6667E-01,
17:15:24.56424700, 1.6667E-01, 1.6667E+00, 1.3333E-01,
17:15:24.56424705, 2.0000E-01, 1.6533E+00,-6.6667E-02,
17:15:24.56424710, 1.3333E-01, 1.6400E+00, 0.0000E+00,
17:15:24.56424715, 1.6667E-01, 1.6800E+00,-6.6667E-02,
17:15:24.56424720, 1.3333E-01, 1.6133E+00, 0.0000E+00,
17:15:24.56424725, 2.0000E-01, 1.6667E+00,-6.6667E-02,
17:15:24.56424730, 2.0000E-01, 1.6400E+00,-2.0000E-01,
17:15:24.56424735, 2.0000E-01, 1.6533E+00,-1.3333E-01,
17:15:24.56424740, 1.6667E-01, 1.6267E+00,-3.3333E-01,
17:15:24.56424745, 6.6667E-02, 1.6400E+00,-2.6667E-01,
17:15:24.56424750, 2.0000E-01, 1.6667E+00,-3.3333E-01,
17:15:24.56424755, 1.3333E-01, 1.6267E+00,-4.0000E-01,
17:15:24.56424760, 2.0000E-01, 1.6267E+00,-4.6667E-01,
17:15:24.56424765, 1.3333E-01, 1.6400E+00,-4.6667E-01,
17:15:24.56424770, 2.0000E-01, 1.6400E+00,-4.6667E-01,
17:15:24.56424775, 1.0000E-01, 1.6267E+00,-3.3333E-01,
17:15:24.56424780, 2.0000E-01, 1.6133E+00,-5.3333E-01,
17:15:24.56424785, 2.0000E-01, 1.6400E+00,-4.6667E-01,
17:15:24.56424790, 1.6667E-01, 1.6400E+00,-6.0000E-01,
17:15:24.56424795, 1.0000E-01, 1.6400E+00,-5.3333E-01,
17:15:24.56424800, 2.0000E-01, 1.6400E+00,-6.0000E-01,
17:15:24.56424805, 1.0000E-01, 1.6267E+00,-6.6667E-01,
17:15:24.56424810, 1.3333E-01, 1.6133E+00,-6.6667E-01,
17:15:24.56424815, 1.6667E-01, 1.6267E+00,-9.3333E-01,
17:15:24.56424820, 2.0000E-01, 1.6267E+00,-8.6667E-01,
17:15:24.56424825, 1.3333E-01, 1.6133E+00,-8.6667E-01,
17:15:24.56424830, 1.6667E-01, 1.6000E+00,-6.0000E-01,
17:15:24.56424835, 1.3333E-01, 1.6533E+00,-7.3333E-01,
17:15:24.56424840, 1.3333E-01, 1.6267E+00,-1.0000E+00,
17:15:24.56424845, 1.0000E-01, 1.6533E+00,-1.0000E+00,
17:15:24.56424850, 1.3333E-01, 1.6133E+00,-9.3333E-01,
17:15:24.56424855, 6.6667E-02, 1.6133E+00,-1.0000E+00,
17:15:24.56424860, 1.0000E-01, 1.6000E+00,-1.0000E+00,
17:15:24.56424865, 2.0000E-01, 1.6400E+00,-1.2000E+00,
17:15:24.56424870, 1.3333E-01, 1.6267E+00,-1.0667E+00,
17:15:24.56424875, 2.0000E-01, 1.6000E+00,-1.1333E+00,
17:15:24.56424880, 1.6667E-01, 1.6133E+00,-1.1333E+00,
17:15:24.56424885, 1.3333E-01, 1.6133E+00,-1.2000E+00,
17:15:24.56424890, 1.0000E-01, 1.6133E+00,-1.4000E+00,
17:15:24.56424895, 1.0000E-01, 1.5733E+00,-1.2667E+00,
17:15:24.56424900, 1.6667E-01, 1.6133E+00,-1.3333E+00,
17:15:24.56424905, 1.0000E-01, 1.6400E+00,-1.4667E+00,
17:15:24.56424910, 6.6667E-02, 1.6267E+00,-1.4667E+00,
17:15:24.56424915, 1.6667E-01, 1.5867E+00,-1.3333E+00,
17:15:24.56424920, 1.6667E-01, 1.6133E+00,-1.4000E+00,
17:15:24.56424925, 1.6667E-01, 1.6000E+00,-1.5333E+00,
17:15:24.56424930, 1.0000E-01, 1.6000E+00,-1.3333E+00,
17:15:24.56424935, 1.6667E-01, 1.5867E+00,-1.3333E+00,
17:15:24.56424940, 1.0000E-01, 1.5867E+00,-1.5333E+00,
17:15:24.56424945, 1.0000E-01, 1.5733E+00,-1.4667E+00,
17:15:24.56424950, 1.0000E-01, 1.5867E+00,-1.6000E+00,
17:15:24.56424955, 1.0000E-01, 1.5867E+00,-1.4667E+00,
17:15:24.56424960, 6.6667E-02, 1.5733E+00,-1.4667E+00,
17:15:24.56424965, 1.3333E-01, 1.5733E+00,-1.6667E+00,
17:15:24.56424970, 1.3333E-01, 1.5733E+00,-1.6000E+00,
17:15:24.56424975, 1.0000E-01, 1.5867E+00,-1.5333E+00,
17:15:24.56424980, 1.3333E-01, 1.6000E+00,-1.7333E+00,
17:15:24.56424985, 6.6667E-02, 1.5733E+00,-1.7333E+00,
17:15:24.56424990, 1.0000E-01, 1.5733E+00,-1.6667E+00,
17:15:24.56424995, 1.0000E-01, 1.5600E+00,-1.7333E+00,
17:15:24.56425000, 2.0000E-01, 1.5733E+00,-1.7333E+00,
17:15:24.56425005,-3.3333E-02, 1.5733E+00,-1.9333E+00,
17:15:24.56425010, 3.3333E-02, 1.5733E+00,-1.9333E+00,
17:15:24.56425015, 1.0000E-01, 1.6000E+00,-1.8667E+00,
17:15:24.56425020, 1.0000E-01, 1.5733E+00,-1.9333E+00,
17:15:24.56425025, 6.6667E-02, 1.5733E+00,-1.8667E+00,
17:15:24.56425030, 6.6667E-02, 1.5733E+00,-1.7333E+00,
17:15:24.56425035, 1.0000E-01, 1.5733E+00,-2.0667E+00,
17:15:24.56425040, 1.3333E-01, 1.5733E+00,-2.0667E+00,
17:15:24.56425045, 6.6667E-02, 1.5733E+00,-2.0667E+00,
17:15:24.56425050, 1.6667E-01, 1.5600E+00,-2.2000E+00,
17:15:24.56425055, 1.0000E-01, 1.5733E+00,-2.2667E+00,
17:15:24.56425060, 6.6667E-02, 1.5467E+00,-2.1333E+00,
17:15:24.56425065, 6.6667E-02, 1.5600E+00,-2.0667E+00,
17:15:24.56425070, 1.3333E-01, 1.5733E+00,-2.1333E+00,
17:15:24.56425075, 1.0000E-01, 1.5333E+00,-2.1333E+00,
17:15:24.56425080, 1.3333E-01, 1.5200E+00,-2.2667E+00,
17:15:24.56425085, 1.0000E-01, 1.5467E+00,-2.0667E+00,
17:15:24.56425090, 1.6667E-01, 1.5600E+00,-2.2667E+00,
17:15:24.56425095, 6.6667E-02, 1.5467E+00,-2.3333E+00,
17:15:24.56425100, 6.6667E-02, 1.5067E+00,-2.4000E+00,
17:15:24.56425105, 6.6667E-02, 1.5200E+00,-2.2667E+00,
17:15:24.56425110, 6.6667E-02, 1.5467E+00,-2.3333E+00,
17:15:24.56425115, 6.6667E-02, 1.5467E+00,-2.3333E+00,
17:15:24.56425120, 1.0000E-01, 1.5600E+00,-2.1333E+00,
17:15:24.56425125, 1.0000E-01, 1.5733E+00,-2.2667E+00,
17:15:24.56425130, 3.3333E-02, 1.5200E+00,-2.2000E+00,
17:15:24.56425135, 6.6667E-02, 1.4933E+00,-2.2000E+00,
17:15:24.56425140, 1.3333E-01, 1.5600E+00,-2.4000E+00,
17:15:24.56425145, 1.0000E-01, 1.5200E+00,-2.4000E+00,
17:15:24.56425150, 6.6667E-02, 1.5467E+00,-2.4000E+00,
17:15:24.56425155, 1.3333E-01, 1.5200E+00,-2.6667E+00,
17:15:24.56425160, 6.6667E-02, 1.5200E+00,-2.4667E+00,
17:15:24.56425165, 6.6667E-02, 1.5200E+00,-2.4667E+00,
17:15:24.56425170, 2.0000E-01, 1.5067E+00,-2.4000E+00,
17:15:24.56425175, 6.6667E-02, 1.5200E+00,-2.2000E+00,
17:15:24.56425180, 3.3333E-02, 1.4933E+00,-2.4667E+00,
17:15:24.56425185, 1.3333E-01, 1.5333E+00,-2.4667E+00,
17:15:24.56425190, 3.3333E-02, 1.5200E+00,-2.6000E+00,
17:15:24.56425195, 6.6667E-02, 1.4800E+00,-2.4667E+00,
17:15:24.56425200, 1.3333E-01, 1.5200E+00,-2.4667E+00,
17:15:24.56425205, 1.3333E-01, 1.5067E+00,-2.4667E+00,
17:15:24.56425210, 6.6667E-02, 1.5067E+00,-2.4000E+00,
17:15:24.56425215, 0.0000E+00, 1.5067E+00,-2.5333E+00,
17:15:24.56425220, 6.6667E-02, 1.4933E+00,-2.4667E+00,
17:15:24.56425225, 3.3333E-02, 1.4800E+00,-2.5333E+00,
17:15:24.56425230, 1.0000E-01, 1.4533E+00,-2.4667E+00,
17:15:24.56425235, 3.3333E-02, 1.4800E+00,-2.4667E+00,
17:15:24.56425240,-3.3333E-02, 1.4667E+00,-2.9333E+00,
17:15:24.56425245, 3.3333E-02, 1.4667E+00,-2.7333E+00,
17:15:24.56425250, 6.6667E-02, 1.4800E+00,-2.6667E+00,
17:15:24.56425255, 1.0000E-01, 1.4933E+00,-2.4667E+00,
17:15:24.56425260, 6.6667E-02, 1.4667E+00,-2.6000E+00,
17:15:24.56425265, 3.3333E-02, 1.4800E+00,-2.3333E+00,
17:15:24.56425270, 6.6667E-02, 1.4667E+00,-2.5333E+00,
17:15:24.56425275, 0.0000E+00, 1.4400E+00,-2.6667E+00,
17:15:24.56425280, 3.3333E-02, 1.4800E+00,-2.4667E+00,
17:15:24.56425285, 1.3333E-01, 1.4800E+00,-2.5333E+00,
17:15:24.56425290,-3.3333E-02, 1.4800E+00,-2.4667E+00,
17:15:24.56425295,-3.3333E-02, 1.4800E+00,-2.5333E+00,
17:15:24.56425300, 6.6667E-02, 1.4533E+00,-2.6000E+00,
17:15:24.56425305, 3.3333E-02, 1.4667E+00,-2.5333E+00,
17:15:24.56425310, 6.6667E-02, 1.4667E+00,-2.6000E+00,
17:15:24.56425315,-3.3333E-02, 1.4400E+00,-2.6000E+00,
17:15:24.56425320, 6.6667E-02, 1.4533E+00,-2.6667E+00,
17:15:24.56425325, 6.6667E-02, 1.4933E+00,-2.7333E+00,
17:15:24.56425330, 6.6667E-02, 1.4267E+00,-2.6000E+00,
17:15:24.56425335, 6.6667E-02, 1.4400E+00,-2.6000E+00,
17:15:24.56425340, 6.6667E-02, 1.4400E+00,-2.4667E+00,
17:15:24.56425345, 0.0000E+00, 1.4533E+00,-2.5333E+00,
17:15:24.56425350, 3.3333E-02, 1.4533E+00,-2.6000E+00,
17:15:24.56425355, 1.0000E-01, 1.4533E+00,-2.6667E+00,
17:15:24.56425360,-3.3333E-02, 1.4800E+00,-2.6000E+00,
17:15:24.56425365, 0.0000E+00, 1.4267E+00,-2.6000E+00,
17:15:24.56425370, 0.0000E+00, 1.4267E+00,-2.6667E+00,
17:15:24.56425375, 3.3333E-02, 1.4400E+00,-2.6667E+00,
17:15:24.56425380,-1.0000E-01, 1.4133E+00,-2.6000E+00,
17:15:24.56425385, 6.6667E-02, 1.4533E+00,-2.7333E+00,
17:15:24.56425390, 6.6667E-02, 1.4267E+00,-2.8000E+00,
17:15:24.56425395, 6.6667E-02, 1.4667E+00,-2.8000E+00,
17:15:24.56425400, 1.0000E-01, 1.4133E+00,-2.7333E+00,
17:15:24.56425405, 3.3333E-02, 1.4400E+00,-2.8667E+00,
17:15:24.56425410, 3.3333E-02, 1.4267E+00,-2.6000E+00,
17:15:24.56425415,-3.3333E-02, 1.4533E+00,-2.4667E+00,
17:15:24.56425420, 3.3333E-02, 1.4267E+00,-2.8000E+00,
17:15:24.56425425, 1.3333E-01, 1.4133E+00,-2.4000E+00,
17:15:24.56425430, 0.0000E+00, 1.4533E+00,-2.6667E+00,
17:15:24.56425435,-3.3333E-02, 1.4267E+00,-2.5333E+00,
17:15:24.56425440, 3.3333E-02, 1.4267E+00,-2.5333E+00,
17:15:24.56425445, 6.6667E-02, 1.4000E+00,-2.8000E+00,
17:15:24.56425450, 6.6667E-02, 1.4133E+00,-2.4667E+00,
17:15:24.56425455,-1.0000E-01, 1.4267E+00,-2.6667E+00,
17:15:24.56425460, 0.0000E+00, 1.3867E+00,-2.6000E+00,
17:15:24.56425465,-3.3333E-02, 1.4000E+00,-2.4667E+00,
17:15:24.56425470,-3.3333E-02, 1.4133E+00,-2.6000E+00,
17:15:24.56425475, 0.0000E+00, 1.4133E+00,-2.6667E+00,
17:15:24.56425480, 3.3333E-02, 1.4000E+00,-2.5333E+00,
17:15:24.56425485, 1.0000E-01, 1.3867E+00,-2.6000E+00,
17:15:24.56425490, 3.3333E-02, 1.4000E+00,-2.7333E+00,
17:15:24.56425495, 3.3333E-02, 1.4267E+00,-2.5333E+00,
17:15:24.56425500, 3.3333E-02, 1.3733E+00,-2.4667E+00,
17:15:24.56425505,-3.3333E-02, 1.4133E+00,-2.4667E+00,
17:15:24.56425510, 0.0000E+00, 1.4000E+00,-2.4000E+00,
17:15:24.56425515, 0.0000E+00, 1.3867E+00,-2.4000E+00,
17:15:24.56425520, 3.3333E-02, 1.4000E+00,-2.6000E+00,
17:15:24.56425525,-6.6667E-02, 1.4267E+00,-2.3333E+00,
17:15:24.56425530,-3.3333E-02, 1.4000E+00,-2.5333E+00,
17:15:24.56425535, 0.0000E+00, 1.4000E+00,-2.6000E+00,
17:15:24.56425540, 3.3333E-02, 1.4000E+00,-2.4667E+00,
17:15:24.56425545, 0.0000E+00, 1.4133E+00,-2.5333E+00,
17:15:24.56425550, 1.0000E-01, 1.3867E+00,-2.5333E+00,
17:15:24.56425555, 1.0000E-01, 1.4000E+00,-2.4000E+00,
17:15:24.56425560, 3.3333E-02, 1.3600E+00,-2.5333E+00,
17:15:24.56425565, 0.0000E+00, 1.3600E+00,-2.4000E+00,
17:15:24.56425570, 3.3333E-02, 1.4133E+00,-2.3333E+00,
17:15:24.56425575, 0.0000E+00, 1.3600E+00,-2.3333E+00,
17:15:24.56425580, 6.6667E-02, 1.3733E+00,-2.4000E+00,
17:15:24.56425585, 0.0000E+00, 1.3733E+00,-2.2667E+00,
17:15:24.56425590, 0.0000E+00, 1.3867E+00,-2.4000E+00,
17:15:24.56425595,-3.3333E-02, 1.3733E+00,-2.4000E+00,
17:15:24.56425600,-3.3333E-02, 1.3733E+00,-2.2667E+00,
17:15:24.56425605,-3.3333E-02, 1.3467E+00,-2.2000E+00,
17:15:24.56425610,-3.3333E-02, 1.3600E+00,-2.1333E+00,
17:15:24.56425615, 3.3333E-02, 1.3600E+00,-2.0667E+00,
17:15:24.56425620, 6.6667E-02, 1.3733E+00,-2.0667E+00,
17:15:24.56425625, 0.0000E+00, 1.3600E+00,-2.2000E+00,
17:15:24.56425630, 6.6667E-02, 1.3600E+00,-2.2667E+00,
17:15:24.56425635, 3.3333E-02, 1.3467E+00,-2.4000E+00,
17:15:24.56425640, 0.0000E+00, 1.3333E+00,-2.3333E+00,
17:15:24.56425645,-3.3333E-02, 1.3467E+00,-2.1333E+00,
17:15:24.56425650, 6.6667E-02, 1.3600E+00,-2.0667E+00,
17:15:24.56425655,-3.3333E-02, 1.3200E+00,-2.0667E+00,
17:15:24.56425660,-6.6667E-02, 1.3733E+00,-2.0000E+00,
17:15:24.56425665,-3.3333E-02, 1.3467E+00,-2.2000E+00,
17:15:24.56425670,-6.6667E-02, 1.3333E+00,-1.9333E+00,
17:15:24.56425675, 3.3333E-02, 1.3600E+00,-2.0667E+00,
17:15:24.56425680, 0.0000E+00, 1.3733E+00,-2.1333E+00,
17:15:24.56425685,-3.3333E-02, 1.3733E+00,-1.9333E+00,
17:15:24.56425690,-3.3333E-02, 1.3333E+00,-2.0000E+00,
17:15:24.56425695, 3.3333E-02, 1.3600E+00,-2.0000E+00,
17:15:24.56425700, 3.3333E-02, 1.3067E+00,-1.8667E+00,
17:15:24.56425705, 6.6667E-02, 1.3333E+00,-1.8667E+00,
17:15:24.56425710,-3.3333E-02, 1.3467E+00,-1.9333E+00,
17:15:24.56425715, 0.0000E+00, 1.3200E+00,-2.0000E+00,
17:15:24.56425720, 6.6667E-02, 1.3600E+00,-1.8000E+00,
17:15:24.56425725, 3.3333E-02, 1.3467E+00,-1.9333E+00,
17:15:24.56425730, 0.0000E+00, 1.3600E+00,-1.8000E+00,
17:15:24.56425735, 0.0000E+00, 1.3333E+00,-1.9333E+00,
17:15:24.56425740,-3.3333E-02, 1.3333E+00,-1.8667E+00,
17:15:24.56425745, 3.3333E-02, 1.3467E+00,-1.7333E+00,
17:15:24.56425750, 6.6667E-02, 1.3467E+00,-1.8000E+00,
17:15:24.56425755,-6.6667E-02, 1.3600E+00,-1.7333E+00,
17:15:24.56425760, 0.0000E+00, 1.3200E+00,-1.6667E+00,
17:15:24.56425765,-6.6667E-02, 1.3333E+00,-1.6000E+00,
17:15:24.56425770, 6.6667E-02, 1.3200E+00,-1.6667E+00,
17:15:24.56425775, 3.3333E-02, 1.3067E+00,-1.7333E+00,
17:15:24.56425780,-3.3333E-02, 1.3333E+00,-1.6667E+00,
17:15:24.56425785,-6.6667E-02, 1.2933E+00,-1.7333E+00,
17:15:24.56425790, 0.0000E+00, 1.3067E+00,-1.7333E+00,
17:15:24.56425795,-3.3333E-02, 1.2933E+00,-1.7333E+00,
17:15:24.56425800,-6.6667E-02, 1.3333E+00,-1.4000E+00,
17:15:24.56425805,-1.0000E-01, 1.2933E+00,-1.6000E+00,
17:15:24.56425810, 3.3333E-02, 1.3200E+00,-1.6000E+00,
17:15:24.56425815, 0.0000E+00, 1.3467E+00,-1.6667E+00,
17:15:24.56425820, 6.6667E-02, 1.3067E+00,-1.5333E+00,
17:15:24.56425825, 0.0000E+00, 1.3333E+00,-1.4667E+00,
17:15:24.56425830, 3.3333E-02, 1.3200E+00,-1.4000E+00,
17:15:24.56425835,-6.6667E-02, 1.3067E+00,-1.4000E+00,
17:15:24.56425840, 3.3333E-02, 1.2933E+00,-1.3333E+00,
17:15:24.56425845, 3.3333E-02, 1.3067E+00,-1.5333E+00,
17:15:24.56425850,-6.6667E-02, 1.3333E+00,-1.4000E+00,
17:15:24.56425855, 3.3333E-02, 1.3200E+00,-1.4000E+00,
17:15:24.56425860, 0.0000E+00, 1.3200E+00,-1.2000E+00,
17:15:24.56425865,-6.6667E-02, 1.2933E+00,-1.4000E+00,
17:15:24.56425870, 0.0000E+00, 1.2933E+00,-1.2000E+00,
17:15:24.56425875, 3.3333E-02, 1.3067E+00,-1.3333E+00,
17:15:24.56425880,-3.3333E-02, 1.3067E+00,-1.2000E+00,
17:15:24.56425885, 3.3333E-02, 1.2933E+00,-1.2000E+00,
17:15:24.56425890,-6.6667E-02, 1.2933E+00,-1.2000E+00,
17:15:24.56425895, 3.3333E-02, 1.3067E+00,-1.3333E+00,
17:15:24.56425900,-6.6667E-02, 1.2933E+00,-1.0000E+00,
17:15:24.56425905, 0.0000E+00, 1.3067E+00,-1.0000E+00,
17:15:24.56425910, 0.0000E+00, 1.3200E+00,-1.0000E+00,
17:15:24.56425915, 0.0000E+00, 1.2933E+00,-1.0000E+00,
17:15:24.56425920, 0.0000E+00, 1.2933E+00,-8.6667E-01,
17:15:24.56425925, 0.0000E+00, 1.3200E+00,-1.0000E+00,
17:15:24.56425930,-6.6667E-02, 1.2933E+00,-1.0000E+00,
17:15:24.56425935, 0.0000E+00, 1.3200E+00,-1.0000E+00,
17:15:24.56425940,-6.6667E-02, 1.3200E+00,-1.0000E+00,
17:15:24.56425945,-6.6667E-02, 1.3200E+00,-1.0000E+00,
17:15:24.56425950, 0.0000E+00, 1.2933E+00,-6.0000E-01,
17:15:24.56425955, 3.3333E-02, 1.3067E+00,-8.0000E-01,
17:15:24.56425960,-3.3333E-02, 1.2933E+00,-6.6667E-01,
17:15:24.56425965, 0.0000E+00, 1.2933E+00,-7.3333E-01,
17:15:24.56425970, 0.0000E+00, 1.2933E+00,-7.3333E-01,
17:15:24.56425975, 6.6667E-02, 1.2933E+00,-1.0000E+00,
17:15:24.56425980,-3.3333E-02, 1.2933E+00,-7.3333E-01,
17:15:24.56425985,-1.0000E-01, 1.2933E+00,-7.3333E-01,
17:15:24.56425990, 0.0000E+00, 1.3200E+00,-6.6667E-01,
17:15:24.56425995,-3.3333E-02, 1.3200E+00,-5.3333E-01,
17:15:24.56426000,-6.6667E-02, 1.2933E+00,-7.3333E-01,
